メーカー,レーン,判定理由,商号候補,法人格表記,該当商品数,主カテゴリ,第三者セラー数,屋号型セラー数,CNスコア,CNシグナル,想定仕入れ上限の中央値,Amazon価格の中央値,代表商品,代表ASIN,メーカー検索
BANDAI,A_メインレーン,日本語商号あり→gBizINFOで従業員数照合へ,バンダイ(BANDAI),,27,おもちゃ,7,3,0,,1254,4722,バンダイ(BANDAI) バトルスピリッツ コラボスターター 仮面ライダー AGENT OF DREAM【26RSD07】,B0GN4RH67Y,https://www.google.com/search?q=BANDAI%20%E4%BC%9A%E7%A4%BE%E6%A6%82%E8%A6%81%20%E5%95%8F%E3%81%84%E5%90%88%E3%82%8F%E3%81%9B%20%E5%8D%B8
パナソニック(Panasonic),A_メインレーン,日本語商号あり→gBizINFOで従業員数照合へ,パナソニック(Panasonic),あり,19,家電&カメラ,6,5,0,,2303,5109,【2セット：計4個入】 パナソニック Panasonic カメラ用リチウム電池 CR-123AW/2P （2個入） カメラ スマートロック 電池 交換,B0GFV9FFRS,https://www.google.com/search?q=%E3%83%91%E3%83%8A%E3%82%BD%E3%83%8B%E3%83%83%E3%82%AF%28Panasonic%29%20%E4%BC%9A%E7%A4%BE%E6%A6%82%E8%A6%81%20%E5%95%8F%E3%81%84%E5%90%88%E3%82%8F%E3%81%9B%20%E5%8D%B8
マタインク,A_メインレーン,日本語商号あり→gBizINFOで従業員数照合へ,マタインク キヤノン(Canon)対応 CRG-337 互換トナーカートリッジ,,17,パソコン・周辺機器,4,1,0,,674,1903,マタインク BCI-301 BCI-300 5本セット TS7530 インク キヤノン用 インク 純正と併用可能 301 300 大容量タイプ,B0DD79PNC4,https://www.google.com/search?q=%E3%83%9E%E3%82%BF%E3%82%A4%E3%83%B3%E3%82%AF%20%E4%BC%9A%E7%A4%BE%E6%A6%82%E8%A6%81%20%E5%95%8F%E3%81%84%E5%90%88%E3%82%8F%E3%81%9B%20%E5%8D%B8
ロイヤルカナン,A_メインレーン,日本語商号あり→gBizINFOで従業員数照合へ,ROYAL CANIN Japan,,17,ペット用品,7,3,0,,2347,5850,【2袋セット】ロイヤルカナン 食事療法食 犬用 消化器サポート ドライ 1kg,B0BZCDNL5G,https://www.google.com/search?q=%E3%83%AD%E3%82%A4%E3%83%A4%E3%83%AB%E3%82%AB%E3%83%8A%E3%83%B3%20%E4%BC%9A%E7%A4%BE%E6%A6%82%E8%A6%81%20%E5%95%8F%E3%81%84%E5%90%88%E3%82%8F%E3%81%9B%20%E5%8D%B8
ワコーズ(Wako's),A_メインレーン,日本語商号あり→gBizINFOで従業員数照合へ,ワコーズ(Wako's),,10,車&バイク,6,4,0,,1788,5034,ワコーズ MPS ミッションパワーシールド ミッションオイル等漏れ防止剤 G133,B00PATX26K,https://www.google.com/search?q=%E3%83%AF%E3%82%B3%E3%83%BC%E3%82%BA%28Wako%27s%29%20%E4%BC%9A%E7%A4%BE%E6%A6%82%E8%A6%81%20%E5%95%8F%E3%81%84%E5%90%88%E3%82%8F%E3%81%9B%20%E5%8D%B8
BANDAI SPIRITS(バンダイ スピリッツ),A_メインレーン,日本語商号あり→gBizINFOで従業員数照合へ,BANDAI SPIRITS(バンダイ スピリッツ),,9,ホビー,6,2,0,,2870,7289,RG 機動戦士ガンダム 逆襲のシャア サザビー 1/144スケール 色分け済みプラモデル,B07CMYHVJ4,https://www.google.com/search?q=BANDAI%20SPIRITS%28%E3%83%90%E3%83%B3%E3%83%80%E3%82%A4%20%E3%82%B9%E3%83%94%E3%83%AA%E3%83%83%E3%83%84%29%20%E4%BC%9A%E7%A4%BE%E6%A6%82%E8%A6%81%20%E5%95%8F%E3%81%84%E5%90%88%E3%82%8F%E3%81%9B%20%E5%8D%B8
Hamee(ハミィ),A_メインレーン,日本語商号あり→gBizINFOで従業員数照合へ,Hamee(ハミィ),,7,家電&カメラ,3,2,0,,703,1980,[ハミィ] iFace Hang and ストラップホルダー ダブルリング(シルバー),B0DDTGF4YH,https://www.google.com/search?q=Hamee%28%E3%83%8F%E3%83%9F%E3%82%A3%29%20%E4%BC%9A%E7%A4%BE%E6%A6%82%E8%A6%81%20%E5%95%8F%E3%81%84%E5%90%88%E3%82%8F%E3%81%9B%20%E5%8D%B8
BURTLE,A_メインレーン,日本語商号あり→gBizINFOで従業員数照合へ,バートル(Burtle),,7,産業・研究開発用品,6,2,0,,3142,8100,BURTLE バートル エアークラフト用ファンフィルター AC200,B07BL71VJW,https://www.google.com/search?q=BURTLE%20%E4%BC%9A%E7%A4%BE%E6%A6%82%E8%A6%81%20%E5%95%8F%E3%81%84%E5%90%88%E3%82%8F%E3%81%9B%20%E5%8D%B8
タカラトミー(TAKARA TOMY),A_メインレーン,日本語商号あり→gBizINFOで従業員数照合へ,タカラトミー(TAKARA TOMY),,7,おもちゃ,6,2,0,,1983,7900,タカラトミー(TAKARA TOMY) BEYBLADE X ベイブレードX BX-48 ランダムブースターVol.9,B0GG8QM8YS,https://www.google.com/search?q=%E3%82%BF%E3%82%AB%E3%83%A9%E3%83%88%E3%83%9F%E3%83%BC%28TAKARA%20TOMY%29%20%E4%BC%9A%E7%A4%BE%E6%A6%82%E8%A6%81%20%E5%95%8F%E3%81%84%E5%90%88%E3%82%8F%E3%81%9B%20%E5%8D%B8
すごろくや,A_メインレーン,日本語商号あり→gBizINFOで従業員数照合へ,すごろくや,,6,おもちゃ,5,1,0,,501,1970,すごろくや ナンジャモンジャ・シロ 2人 - 6人 4歳 15分 命名 記憶 反射神経 パーティー 子供向け ボードゲーム,B01B7QHIGO,https://www.google.com/search?q=%E3%81%99%E3%81%94%E3%82%8D%E3%81%8F%E3%82%84%20%E4%BC%9A%E7%A4%BE%E6%A6%82%E8%A6%81%20%E5%95%8F%E3%81%84%E5%90%88%E3%82%8F%E3%81%9B%20%E5%8D%B8
ブシロード(BUSHIROAD),A_メインレーン,日本語商号あり→gBizINFOで従業員数照合へ,ブシロード(BUSHIROAD),,6,おもちゃ,6,1,0,,2150,7290,ヴァイスシュヴァルツ ブースターパック 東方Project ～ Black and White Lotus Land. BOX,B0DN9YVB6W,https://www.google.com/search?q=%E3%83%96%E3%82%B7%E3%83%AD%E3%83%BC%E3%83%89%28BUSHIROAD%29%20%E4%BC%9A%E7%A4%BE%E6%A6%82%E8%A6%81%20%E5%95%8F%E3%81%84%E5%90%88%E3%82%8F%E3%81%9B%20%E5%8D%B8
愛知電線,A_メインレーン,日本語商号あり→gBizINFOで従業員数照合へ,愛知電線,,6,産業・研究開発用品,4,3,0,,1800,6500,愛知電線 VVF ケーブル2芯 2.0mm 20m 灰色 VVF2×2.0M20,B00N89PJHY,https://www.google.com/search?q=%E6%84%9B%E7%9F%A5%E9%9B%BB%E7%B7%9A%20%E4%BC%9A%E7%A4%BE%E6%A6%82%E8%A6%81%20%E5%95%8F%E3%81%84%E5%90%88%E3%82%8F%E3%81%9B%20%E5%8D%B8
SanDisk,A_メインレーン,日本語商号あり→gBizINFOで従業員数照合へ,SanDisk,,5,パソコン・周辺機器,6,4,0,,1537,5890,SanDisk microSDHC ULTRA 16GB 80MB/s SDSQUNS-016G Class10 サンディスク,B074B4P7KD,https://www.google.com/search?q=SanDisk%20%E4%BC%9A%E7%A4%BE%E6%A6%82%E8%A6%81%20%E5%95%8F%E3%81%84%E5%90%88%E3%82%8F%E3%81%9B%20%E5%8D%B8
CASIO(カシオ),A_メインレーン,日本語商号あり→gBizINFOで従業員数照合へ,CASIO(カシオ),,5,ファッション,5,2,0,,904,4900,AMZTOP CASIO[カシオ]G-SHOCK タフソーラー用 純正二次電池[充電池] CTL920F CTL920 キャパシタ,B0081OB5XI,https://www.google.com/search?q=CASIO%28%E3%82%AB%E3%82%B7%E3%82%AA%29%20%E4%BC%9A%E7%A4%BE%E6%A6%82%E8%A6%81%20%E5%95%8F%E3%81%84%E5%90%88%E3%82%8F%E3%81%9B%20%E5%8D%B8
PHILIPS,A_メインレーン,日本語商号あり→gBizINFOで従業員数照合へ,PHILIPS,,5,家電&カメラ,5,2,0,,1566,3980,Philips(フィリップス) ソーラーチャージャー モバイルバッテリー 20000mAh 大容量 4way蓄電 高輝度 LED付き DLP7726N,B0BV2PQ934,https://www.google.com/search?q=PHILIPS%20%E4%BC%9A%E7%A4%BE%E6%A6%82%E8%A6%81%20%E5%95%8F%E3%81%84%E5%90%88%E3%82%8F%E3%81%9B%20%E5%8D%B8
バッファロー,A_メインレーン,日本語商号あり→gBizINFOで従業員数照合へ,バッファロー,,5,パソコン・周辺機器,4,1,0,,2921,8480,BUFFALO WiFi 無線LAN中継機 WEX-1166DHPS 11ac/n/a/g/b 866+300Mbps ハイパワー コンパクトモデル 【iPho,B077VC9XPX,https://www.google.com/search?q=%E3%83%90%E3%83%83%E3%83%95%E3%82%A1%E3%83%AD%E3%83%BC%20%E4%BC%9A%E7%A4%BE%E6%A6%82%E8%A6%81%20%E5%95%8F%E3%81%84%E5%90%88%E3%82%8F%E3%81%9B%20%E5%8D%B8
‎バーベイタム(Verbatim),A_メインレーン,日本語商号あり→gBizINFOで従業員数照合へ,Victor(ビクター),,5,パソコン・周辺機器,6,2,0,,1135,4780,Victor(ビクター) くり返し録画用 ブルーレイディスク BD-RE DL 50GB ホワイトプリンタブル 片面2層 1-2倍速 スリムケース VBE260,B0F8GYPTDN,https://www.google.com/search?q=%E2%80%8E%E3%83%90%E3%83%BC%E3%83%99%E3%82%A4%E3%82%BF%E3%83%A0%28Verbatim%29%20%E4%BC%9A%E7%A4%BE%E6%A6%82%E8%A6%81%20%E5%95%8F%E3%81%84%E5%90%88%E3%82%8F%E3%81%9B%20%E5%8D%B8
アイオーデータ,A_メインレーン,日本語商号あり→gBizINFOで従業員数照合へ,IODATA,,5,パソコン・周辺機器,6,3,0,,8513,18330,IODATA HDCX-UTL2K パソコン/テレビ録画対応 外付ハードディスク 2TB,B0B3XCFZ8P,https://www.google.com/search?q=%E3%82%A2%E3%82%A4%E3%82%AA%E3%83%BC%E3%83%87%E3%83%BC%E3%82%BF%20%E4%BC%9A%E7%A4%BE%E6%A6%82%E8%A6%81%20%E5%95%8F%E3%81%84%E5%90%88%E3%82%8F%E3%81%9B%20%E5%8D%B8
アイリスオーヤマ(IRIS OHYAMA),A_メインレーン,日本語商号あり→gBizINFOで従業員数照合へ,アイリスオーヤマ(IRIS OHYAMA),,4,DIY・工具・ガーデン,5,0,0,,748,3405,アイリスオーヤマ 家具転倒防止伸縮棒SSS ホワイト KTB-12,B0064JLTQK,https://www.google.com/search?q=%E3%82%A2%E3%82%A4%E3%83%AA%E3%82%B9%E3%82%AA%E3%83%BC%E3%83%A4%E3%83%9E%28IRIS%20OHYAMA%29%20%E4%BC%9A%E7%A4%BE%E6%A6%82%E8%A6%81%20%E5%95%8F%E3%81%84%E5%90%88%E3%82%8F%E3%81%9B%20%E5%8D%B8
ejet,A_メインレーン,日本語商号あり→gBizINFOで従業員数照合へ,ejet SAT SAT-6CL サツマイモ インク,,4,パソコン・周辺機器,3,0,0,,586,2003,ejet SAT SAT-6CL エプソン 用 インク サツマイモ 純正と併用可能 epson 用 プリンター インク 6色セット(合計8本) epson 用 ,B08LVK775V,https://www.google.com/search?q=ejet%20%E4%BC%9A%E7%A4%BE%E6%A6%82%E8%A6%81%20%E5%95%8F%E3%81%84%E5%90%88%E3%82%8F%E3%81%9B%20%E5%8D%B8
詰め替えそのまま,A_メインレーン,日本語商号あり→gBizINFOで従業員数照合へ,株式会社三輝,あり,4,ホーム&キッチン,2,1,0,,884,2805,詰め替えそのまま MSPS-4W ミニ＆スタンダード スターターセット シャンプーボトル ホワイト,B0BNN4M6C2,https://www.google.com/search?q=%E8%A9%B0%E3%82%81%E6%9B%BF%E3%81%88%E3%81%9D%E3%81%AE%E3%81%BE%E3%81%BE%20%E4%BC%9A%E7%A4%BE%E6%A6%82%E8%A6%81%20%E5%95%8F%E3%81%84%E5%90%88%E3%82%8F%E3%81%9B%20%E5%8D%B8
ピュアクリスタル,A_メインレーン,日本語商号あり→gBizINFOで従業員数照合へ,ジェックス,あり,4,ペット用品,5,2,0,,482,4840,ジェックス ピュアクリスタル ミューティー 猫用 950mL ムーングレー フィルター式給水器 USB電源 静音 フィルター付き,B0BW7YQJZ1,https://www.google.com/search?q=%E3%83%94%E3%83%A5%E3%82%A2%E3%82%AF%E3%83%AA%E3%82%B9%E3%82%BF%E3%83%AB%20%E4%BC%9A%E7%A4%BE%E6%A6%82%E8%A6%81%20%E5%95%8F%E3%81%84%E5%90%88%E3%82%8F%E3%81%9B%20%E5%8D%B8
シー・エフ・デー販売,A_メインレーン,日本語商号あり→gBizINFOで従業員数照合へ,シー・エフ・デー販売,,4,パソコン・周辺機器,7,4,0,,8728,15980,リアルテック SSD 外付け 500GB スティック型 読込最大 450MB/秒 PS5/PS4対応(メーカー動作確認済) USB3.2Gen1 Type-A ,B0DQCC4CTB,https://www.google.com/search?q=%E3%82%B7%E3%83%BC%E3%83%BB%E3%82%A8%E3%83%95%E3%83%BB%E3%83%87%E3%83%BC%E8%B2%A9%E5%A3%B2%20%E4%BC%9A%E7%A4%BE%E6%A6%82%E8%A6%81%20%E5%95%8F%E3%81%84%E5%90%88%E3%82%8F%E3%81%9B%20%E5%8D%B8
medicom,A_メインレーン,日本語商号あり→gBizINFOで従業員数照合へ,メディコム・トイ(MEDICOM TOY),,4,ホビー,6,3,0,,5372,14310,メディコム・トイ MAFEX マフェックス No.245 SPIDER-MAN INTEGRATED SUIT スパイダーマン インテグレイテッド スーツ 全高,B0D78H8CKT,https://www.google.com/search?q=medicom%20%E4%BC%9A%E7%A4%BE%E6%A6%82%E8%A6%81%20%E5%95%8F%E3%81%84%E5%90%88%E3%82%8F%E3%81%9B%20%E5%8D%B8
BabySmile,A_メインレーン,日本語商号あり→gBizINFOで従業員数照合へ,シースター株式会社,あり,4,ベビー&マタニティ,3,0,0,,4140,8156,ベビースマイル ベビーアラーム E-202 ベビーテックアワード2024大賞受賞商品 ベビーセンサー 赤ちゃん 見守り 体動センサー 無呼吸 アラーム 新生児対,B0CQJMR3PY,https://www.google.com/search?q=BabySmile%20%E4%BC%9A%E7%A4%BE%E6%A6%82%E8%A6%81%20%E5%95%8F%E3%81%84%E5%90%88%E3%82%8F%E3%81%9B%20%E5%8D%B8
本間ゴルフ,A_メインレーン,日本語商号あり→gBizINFOで従業員数照合へ,本間ゴルフ,,4,スポーツ&アウトドア,6,1,0,,876,4330,【3ダースセット】ホンマ ゴルフ ボール TW-X TW-S 2021 1ダース 12球入り ホワイト イエロー 3ピース ツアー系 スピン 飛距離 まとめ買い,B0BCFBW2L5,https://www.google.com/search?q=%E6%9C%AC%E9%96%93%E3%82%B4%E3%83%AB%E3%83%95%20%E4%BC%9A%E7%A4%BE%E6%A6%82%E8%A6%81%20%E5%95%8F%E3%81%84%E5%90%88%E3%82%8F%E3%81%9B%20%E5%8D%B8
タカギ(Takagi),A_メインレーン,日本語商号あり→gBizINFOで従業員数照合へ,(株)タカギ,あり,3,ホーム&キッチン,4,1,0,,1113,3300,浄水器用カートリッジ 高除去性能タイプ JC0036UG,B071HRHPRD,https://www.google.com/search?q=%E3%82%BF%E3%82%AB%E3%82%AE%28Takagi%29%20%E4%BC%9A%E7%A4%BE%E6%A6%82%E8%A6%81%20%E5%95%8F%E3%81%84%E5%90%88%E3%82%8F%E3%81%9B%20%E5%8D%B8
NEW ERA(ニューエラ),A_メインレーン,日本語商号あり→gBizINFOで従業員数照合へ,,,3,ファッション,4,2,0,,1876,3800,New Era メッシュキャップ メンズ キャップ サイドロゴ 無地 帽子 9FORTY NewEra NE205 ベースボールキャップ ブラック 黒 Free,B0GJCX4BZS,https://www.google.com/search?q=NEW%20ERA%28%E3%83%8B%E3%83%A5%E3%83%BC%E3%82%A8%E3%83%A9%29%20%E4%BC%9A%E7%A4%BE%E6%A6%82%E8%A6%81%20%E5%95%8F%E3%81%84%E5%90%88%E3%82%8F%E3%81%9B%20%E5%8D%B8
DUNLOP,A_メインレーン,日本語商号あり→gBizINFOで従業員数照合へ,ダンロップ(DUNLOP),,3,スポーツ&アウトドア,5,2,0,,1074,4508,ダンロップゴルフボール SRIXON TRI-STAR4 2024年モデル 1ダース(12個入り) ホワイト,B0CNJYGPCW,https://www.google.com/search?q=DUNLOP%20%E4%BC%9A%E7%A4%BE%E6%A6%82%E8%A6%81%20%E5%95%8F%E3%81%84%E5%90%88%E3%82%8F%E3%81%9B%20%E5%8D%B8
Eufy (ユーフィ),A_メインレーン,日本語商号あり→gBizINFOで従業員数照合へ,Anker,,3,ホーム&キッチン,3,1,0,,1796,4390,Anker Eufy (ユーフィ) Smart Scale P2 Pro ブラック,B0BG5FJ33T,https://www.google.com/search?q=Eufy%20%28%E3%83%A6%E3%83%BC%E3%83%95%E3%82%A3%29%20%E4%BC%9A%E7%A4%BE%E6%A6%82%E8%A6%81%20%E5%95%8F%E3%81%84%E5%90%88%E3%82%8F%E3%81%9B%20%E5%8D%B8
サンワダイレクト,A_メインレーン,日本語商号あり→gBizINFOで従業員数照合へ,サンワダイレクト,,3,家電&カメラ,2,1,0,,3246,5900,サンワダイレクト ネックスピーカー Bluetooth 防水 軽量 175g 連続10時間再生 通話対応 microSD再生可能 400-SP085,B07Z5JZDPH,https://www.google.com/search?q=%E3%82%B5%E3%83%B3%E3%83%AF%E3%83%80%E3%82%A4%E3%83%AC%E3%82%AF%E3%83%88%20%E4%BC%9A%E7%A4%BE%E6%A6%82%E8%A6%81%20%E5%95%8F%E3%81%84%E5%90%88%E3%82%8F%E3%81%9B%20%E5%8D%B8
四日市ばんこ焼 【日本製】,A_メインレーン,日本語商号あり→gBizINFOで従業員数照合へ,★ごはん鍋のプロショップの【厳選!!お勧め商品】★,,3,ホーム&キッチン,6,2,0,,2665,5860,【 ふっくら ごはん鍋 】 2合炊き 二重蓋 四日市ばんこ焼 (日本製) 【 本格派 ２合炊 】,B007TGK5NU,https://www.google.com/search?q=%E5%9B%9B%E6%97%A5%E5%B8%82%E3%81%B0%E3%82%93%E3%81%93%E7%84%BC%20%E3%80%90%E6%97%A5%E6%9C%AC%E8%A3%BD%E3%80%91%20%E4%BC%9A%E7%A4%BE%E6%A6%82%E8%A6%81%20%E5%95%8F%E3%81%84%E5%90%88%E3%82%8F%E3%81%9B%20%E5%8D%B8
NIKE(ナイキ),A_メインレーン,日本語商号あり→gBizINFOで従業員数照合へ,,,3,ファッション,3,2,0,,1271,4780,NIKE SPORTSWEAR WOVEN SHORTS ナイキ ウーブン ショートパンツ ショーツ 短パン ブラック 黒 size M,B08FDJWKYD,https://www.google.com/search?q=NIKE%28%E3%83%8A%E3%82%A4%E3%82%AD%29%20%E4%BC%9A%E7%A4%BE%E6%A6%82%E8%A6%81%20%E5%95%8F%E3%81%84%E5%90%88%E3%82%8F%E3%81%9B%20%E5%8D%B8
ルイファン ジャパン(Ruifan Japan),A_メインレーン,日本語商号あり→gBizINFOで従業員数照合へ,,,3,おもちゃ,5,0,0,,2340,5089,ルイファン ジャパン(Ruifan Japan) キングブレード X10R シャイニング 2本セット,B08WYPTHL8,https://www.google.com/search?q=%E3%83%AB%E3%82%A4%E3%83%95%E3%82%A1%E3%83%B3%20%E3%82%B8%E3%83%A3%E3%83%91%E3%83%B3%28Ruifan%20Japan%29%20%E4%BC%9A%E7%A4%BE%E6%A6%82%E8%A6%81%20%E5%95%8F%E3%81%84%E5%90%88%E3%82%8F%E3%81%9B%20%E5%8D%B8
シーゲイト(SEAGATE),A_メインレーン,日本語商号あり→gBizINFOで従業員数照合へ,シーゲイト(SEAGATE),,3,パソコン・周辺機器,3,0,0,,6429,12999,"Seagate BarraCuda 3.5"" 1TB 内蔵ハードディスク HDD 2年保証 6Gb/s 64MB 7200rpm 正規代理店品 ST1000DM",B01M04WP2B,https://www.google.com/search?q=%E3%82%B7%E3%83%BC%E3%82%B2%E3%82%A4%E3%83%88%28SEAGATE%29%20%E4%BC%9A%E7%A4%BE%E6%A6%82%E8%A6%81%20%E5%95%8F%E3%81%84%E5%90%88%E3%82%8F%E3%81%9B%20%E5%8D%B8
東芝(TOSHIBA),A_メインレーン,日本語商号あり→gBizINFOで従業員数照合へ,東芝(TOSHIBA),,3,パソコン・周辺機器,6,2,0,,5032,10889,東芝 TOSHIBA 2.5インチHDD(SerialATA)/容量:1TB/回転数:5400rpm/キャッシュ:8MB MQ01ABD100,B008MUI6II,https://www.google.com/search?q=%E6%9D%B1%E8%8A%9D%28TOSHIBA%29%20%E4%BC%9A%E7%A4%BE%E6%A6%82%E8%A6%81%20%E5%95%8F%E3%81%84%E5%90%88%E3%82%8F%E3%81%9B%20%E5%8D%B8
コムテック(COMTEC),A_メインレーン,日本語商号あり→gBizINFOで従業員数照合へ,コムテック(COMTEC),,3,車&バイク,4,1,0,,7873,18500,コムテック 車用 ドライブレコーダー 1カメラタイプ HDR204G 200万画素 Full HD 広角168° microSDカードメンテナンスフリー対応 3,B097TLQGCL,https://www.google.com/search?q=%E3%82%B3%E3%83%A0%E3%83%86%E3%83%83%E3%82%AF%28COMTEC%29%20%E4%BC%9A%E7%A4%BE%E6%A6%82%E8%A6%81%20%E5%95%8F%E3%81%84%E5%90%88%E3%82%8F%E3%81%9B%20%E5%8D%B8
マテル(MATTEL),A_メインレーン,日本語商号あり→gBizINFOで従業員数照合へ,マテル(MATTEL),,3,おもちゃ,5,2,0,,1313,4680,マテル ジュラシックワールド(JURASSIC WORLD) スーパーアクション！インドラプトル 【全長：約41cm】【恐竜 おもちゃ】【4才~】【プレゼント】,B0B5M2WFV4,https://www.google.com/search?q=%E3%83%9E%E3%83%86%E3%83%AB%28MATTEL%29%20%E4%BC%9A%E7%A4%BE%E6%A6%82%E8%A6%81%20%E5%95%8F%E3%81%84%E5%90%88%E3%82%8F%E3%81%9B%20%E5%8D%B8
Logicool G(ロジクール G),A_メインレーン,日本語商号あり→gBizINFOで従業員数照合へ,Logicool(ロジクール),,3,家電&カメラ,6,3,0,,7665,19394,Logicool G ASTRO Gaming MixAmp Pro ミックスアンプ ゲーミングアンプ MAPTR-002 ゲーミングヘッドセット 用 オーディ,B07SR8LZ12,https://www.google.com/search?q=Logicool%20G%28%E3%83%AD%E3%82%B8%E3%82%AF%E3%83%BC%E3%83%AB%20G%29%20%E4%BC%9A%E7%A4%BE%E6%A6%82%E8%A6%81%20%E5%95%8F%E3%81%84%E5%90%88%E3%82%8F%E3%81%9B%20%E5%8D%B8
ホンダ(Honda),A_メインレーン,日本語商号あり→gBizINFOで従業員数照合へ,ホンダ(Honda),,3,車&バイク,5,1,0,,412,3594,Honda(ホンダ) 2輪用エンジンオイル ProHonda SCOOTER SL MB 5W30 1L 08211-99971 部分化学合成油,B0F4D8QLKS,https://www.google.com/search?q=%E3%83%9B%E3%83%B3%E3%83%80%28Honda%29%20%E4%BC%9A%E7%A4%BE%E6%A6%82%E8%A6%81%20%E5%95%8F%E3%81%84%E5%90%88%E3%82%8F%E3%81%9B%20%E5%8D%B8
ピープル,A_メインレーン,日本語商号あり→gBizINFOで従業員数照合へ,ピープル,,3,おもちゃ,5,2,0,,1930,4800,ピタゴラスBASIC 知育いっぱい! どうぶつえん [1歳半] から 25個 遊べる つくれる ひらめきが育つ,B0843ZP3SS,https://www.google.com/search?q=%E3%83%94%E3%83%BC%E3%83%97%E3%83%AB%20%E4%BC%9A%E7%A4%BE%E6%A6%82%E8%A6%81%20%E5%95%8F%E3%81%84%E5%90%88%E3%82%8F%E3%81%9B%20%E5%8D%B8
日立(HITACHI),A_メインレーン,日本語商号あり→gBizINFOで従業員数照合へ,日立(HITACHI),,3,大型家電,8,1,0,,3579,6800,日立 全自動専用設置台HITACHI （洗濯乾燥機・全自動洗濯機用） UP-D3,B001DBLWNE,https://www.google.com/search?q=%E6%97%A5%E7%AB%8B%28HITACHI%29%20%E4%BC%9A%E7%A4%BE%E6%A6%82%E8%A6%81%20%E5%95%8F%E3%81%84%E5%90%88%E3%82%8F%E3%81%9B%20%E5%8D%B8
充電の達人,A_メインレーン,日本語商号あり→gBizINFOで従業員数照合へ,充電の達人,,2,家電&カメラ,3,0,0,,662,1998,モバイルバッテリー 大容量 急速充電 【2026新設計・22800mAh大容量】 最大2.4A出力 4つのケーブル内蔵 軽量 小型 5台同時充電可 携帯充電器 ,B0FPF47K7H,https://www.google.com/search?q=%E5%85%85%E9%9B%BB%E3%81%AE%E9%81%94%E4%BA%BA%20%E4%BC%9A%E7%A4%BE%E6%A6%82%E8%A6%81%20%E5%95%8F%E3%81%84%E5%90%88%E3%82%8F%E3%81%9B%20%E5%8D%B8
CITIZEN,A_メインレーン,日本語商号あり→gBizINFOで従業員数照合へ,CITIZEN(シチズン),,2,スポーツ&アウトドア,3,2,0,,454,1920,シチズン歩数計 TW310-RD,B002TOKEJM,https://www.google.com/search?q=CITIZEN%20%E4%BC%9A%E7%A4%BE%E6%A6%82%E8%A6%81%20%E5%95%8F%E3%81%84%E5%90%88%E3%82%8F%E3%81%9B%20%E5%8D%B8
山形工房(Yamagata Koubou),A_メインレーン,日本語商号あり→gBizINFOで従業員数照合へ,山形工房,,2,おもちゃ,4,0,0,,532,1915,日本けん玉協会 認定競技用けん玉 大空 ピンク 山形工房,B00CTCXC7U,https://www.google.com/search?q=%E5%B1%B1%E5%BD%A2%E5%B7%A5%E6%88%BF%28Yamagata%20Koubou%29%20%E4%BC%9A%E7%A4%BE%E6%A6%82%E8%A6%81%20%E5%95%8F%E3%81%84%E5%90%88%E3%82%8F%E3%81%9B%20%E5%8D%B8
ZIPPO,A_メインレーン,日本語商号あり→gBizINFOで従業員数照合へ,ZIPPO(ジッポー),,2,ファッション,5,0,0,,438,1776,zippo（ジッポー） インサイドユニット レギュラーサイズ,B00DXIPA1A,https://www.google.com/search?q=ZIPPO%20%E4%BC%9A%E7%A4%BE%E6%A6%82%E8%A6%81%20%E5%95%8F%E3%81%84%E5%90%88%E3%82%8F%E3%81%9B%20%E5%8D%B8
イガラシ(Igarashi),A_メインレーン,日本語商号あり→gBizINFOで従業員数照合へ,イガラシ(Igarashi),,2,おもちゃ,4,1,0,,1195,3480,イガラシ パステルレインボーウキワ80cm ロープ付 RLB-880V,B0BXWW8Y7R,https://www.google.com/search?q=%E3%82%A4%E3%82%AC%E3%83%A9%E3%82%B7%28Igarashi%29%20%E4%BC%9A%E7%A4%BE%E6%A6%82%E8%A6%81%20%E5%95%8F%E3%81%84%E5%90%88%E3%82%8F%E3%81%9B%20%E5%8D%B8
Laundrin'(ランドリン),A_メインレーン,日本語商号あり→gBizINFOで従業員数照合へ,ネイチャーラボ,,2,車&バイク,6,3,0,,315,1900,Laundrin'(ランドリン) Laundrin 車用フレグランス クラシックフローラル 本体4個入り,B0CFF1MQQS,https://www.google.com/search?q=Laundrin%27%28%E3%83%A9%E3%83%B3%E3%83%89%E3%83%AA%E3%83%B3%29%20%E4%BC%9A%E7%A4%BE%E6%A6%82%E8%A6%81%20%E5%95%8F%E3%81%84%E5%90%88%E3%82%8F%E3%81%9B%20%E5%8D%B8
INTEX,A_メインレーン,日本語商号あり→gBizINFOで従業員数照合へ,INTEX(インテックス),,2,DIY・工具・ガーデン,4,1,0,,402,3050,[ インテックス ] Intex レクタングラー プールカバー 300 × 200 × 20cm 28038/E Rectangular Pool Cover ,B0BB22N7XY,https://www.google.com/search?q=INTEX%20%E4%BC%9A%E7%A4%BE%E6%A6%82%E8%A6%81%20%E5%95%8F%E3%81%84%E5%90%88%E3%82%8F%E3%81%9B%20%E5%8D%B8
キヤノン,A_メインレーン,日本語商号あり→gBizINFOで従業員数照合へ,キヤノン,,2,パソコン・周辺機器,4,1,0,,4810,8235,Canon 純正 インクカートリッジ BCI-371XL(BK/C/M/Y/GY)+370XL 6色マルチパック 大容量タイプ BCI-371XL+370XL/,B014GRU0IY,https://www.google.com/search?q=%E3%82%AD%E3%83%A4%E3%83%8E%E3%83%B3%20%E4%BC%9A%E7%A4%BE%E6%A6%82%E8%A6%81%20%E5%95%8F%E3%81%84%E5%90%88%E3%82%8F%E3%81%9B%20%E5%8D%B8
suptronics,A_メインレーン,日本語商号あり→gBizINFOで従業員数照合へ,Raspberry Pi財団,,2,パソコン・周辺機器,5,4,0,,4274,7290,Raspberry Pi 公式 カメラモジュール【Raspberry Pi Camera V3】 (Wide 可視光[SC0874]),B0CJN56F3Z,https://www.google.com/search?q=suptronics%20%E4%BC%9A%E7%A4%BE%E6%A6%82%E8%A6%81%20%E5%95%8F%E3%81%84%E5%90%88%E3%82%8F%E3%81%9B%20%E5%8D%B8
ハイポネックス,A_メインレーン,日本語商号あり→gBizINFOで従業員数照合へ,ハイポネックスジャパン,,2,DIY・工具・ガーデン,4,1,0,,7122,12500,ハイポネックス リキダス アンプル 30ml×10本 (30個入ケース販売),B0BWDM2P34,https://www.google.com/search?q=%E3%83%8F%E3%82%A4%E3%83%9D%E3%83%8D%E3%83%83%E3%82%AF%E3%82%B9%20%E4%BC%9A%E7%A4%BE%E6%A6%82%E8%A6%81%20%E5%95%8F%E3%81%84%E5%90%88%E3%82%8F%E3%81%9B%20%E5%8D%B8
Butterfly,A_メインレーン,日本語商号あり→gBizINFOで従業員数照合へ,バタフライ(Butterfly),,2,スポーツ&アウトドア,6,1,0,,4458,10025,バタフライ(Butterfly) 卓球用ラバー ディグニクス09C ブラック アツ 06070,B085DJRBXT,https://www.google.com/search?q=Butterfly%20%E4%BC%9A%E7%A4%BE%E6%A6%82%E8%A6%81%20%E5%95%8F%E3%81%84%E5%90%88%E3%82%8F%E3%81%9B%20%E5%8D%B8
Dr.'s care,A_メインレーン,日本語商号あり→gBizINFOで従業員数照合へ,ペットライン,,2,ペット用品,3,0,0,,3609,10525,ドクターズケア 猫用キドニーケア チキンテイスト1.5kg,B0DYZK2MN7,https://www.google.com/search?q=Dr.%27s%20care%20%E4%BC%9A%E7%A4%BE%E6%A6%82%E8%A6%81%20%E5%95%8F%E3%81%84%E5%90%88%E3%82%8F%E3%81%9B%20%E5%8D%B8
メディコム・トイ(MEDICOM TOY),A_メインレーン,日本語商号あり→gBizINFOで従業員数照合へ,メディコム・トイ(MEDICOM TOY),,2,ホビー,5,2,0,,5922,12491,MAFEX マフェックス No.227 LUKE SKYWALKER (TM) ルーク スカイウォーカー THE MANDALORIAN Ver. 全高約150,B0CNJHNSDW,https://www.google.com/search?q=%E3%83%A1%E3%83%87%E3%82%A3%E3%82%B3%E3%83%A0%E3%83%BB%E3%83%88%E3%82%A4%28MEDICOM%20TOY%29%20%E4%BC%9A%E7%A4%BE%E6%A6%82%E8%A6%81%20%E5%95%8F%E3%81%84%E5%90%88%E3%82%8F%E3%81%9B%20%E5%8D%B8
メロリン,A_メインレーン,日本語商号あり→gBizINFOで従業員数照合へ,スミス・アンド・ネフュー,,2,産業・研究開発用品,5,1,0,,4116,8711,スミス・アンド・ネフュー ウンド マネジメント メロリン 10×20cm 100枚入 66974939 …,B018G4U6PA,https://www.google.com/search?q=%E3%83%A1%E3%83%AD%E3%83%AA%E3%83%B3%20%E4%BC%9A%E7%A4%BE%E6%A6%82%E8%A6%81%20%E5%95%8F%E3%81%84%E5%90%88%E3%82%8F%E3%81%9B%20%E5%8D%B8
Audio Technica(オーディオテクニカ),A_メインレーン,日本語商号あり→gBizINFOで従業員数照合へ,Audio Technica(オーディオテクニカ),,2,パソコン・周辺機器,6,2,0,,4092,9052,オーディオテクニカ ATH-GDL3 ゲーミングヘッドセット/開放型/PC/PS4/PS5/Switch/Xbox One/取り外しマイク / 3.5mmステレ,B09G5PR2F2,https://www.google.com/search?q=Audio%20Technica%28%E3%82%AA%E3%83%BC%E3%83%87%E3%82%A3%E3%82%AA%E3%83%86%E3%82%AF%E3%83%8B%E3%82%AB%29%20%E4%BC%9A%E7%A4%BE%E6%A6%82%E8%A6%81%20%E5%95%8F%E3%81%84%E5%90%88%E3%82%8F%E3%81%9B%20%E5%8D%B8
SP Silicon Power,A_メインレーン,日本語商号あり→gBizINFOで従業員数照合へ,シリコンパワー,,2,パソコン・周辺機器,4,2,0,,4898,8612,シリコンパワー SSD M.2 2280 3D TLC NAND採用 512GB SATA III 6Gbps 3年保証 A55シリーズ SP512GBSS3A,B07M5CRHSC,https://www.google.com/search?q=SP%20Silicon%20Power%20%E4%BC%9A%E7%A4%BE%E6%A6%82%E8%A6%81%20%E5%95%8F%E3%81%84%E5%90%88%E3%82%8F%E3%81%9B%20%E5%8D%B8
エプソン,A_メインレーン,日本語商号あり→gBizINFOで従業員数照合へ,エプソン,,2,パソコン・周辺機器,4,1,0,,5654,11900,エプソン スキャナー GT-S650 (フラットベッド/A4/4800dpi),B00S9AOCHK,https://www.google.com/search?q=%E3%82%A8%E3%83%97%E3%82%BD%E3%83%B3%20%E4%BC%9A%E7%A4%BE%E6%A6%82%E8%A6%81%20%E5%95%8F%E3%81%84%E5%90%88%E3%82%8F%E3%81%9B%20%E5%8D%B8
NGK,A_メインレーン,日本語商号あり→gBizINFOで従業員数照合へ,日本特殊陶業(NGK),,2,車&バイク,5,2,0,,5489,9998,NGK イグニッションコイル U5386 3本セット ダイハツ LA400K コペン/LA600S LA610S タント等適合 純正部品番号：19500-B20,B0CPXPHH3N,https://www.google.com/search?q=NGK%20%E4%BC%9A%E7%A4%BE%E6%A6%82%E8%A6%81%20%E5%95%8F%E3%81%84%E5%90%88%E3%82%8F%E3%81%9B%20%E5%8D%B8
Jabra(ジャブラ),A_メインレーン,日本語商号あり→gBizINFOで従業員数照合へ,Jabra(ジャブラ),,2,パソコン・周辺機器,7,2,0,,11038,17314,Jabra Speak2 40[国内正規品] 会議用マイクスピーカー 最新ノイズキャンセリング機能 MS Teams/Zoom 最先端ビームフォーミングマイク ,B0BWKFSTL5,https://www.google.com/search?q=Jabra%28%E3%82%B8%E3%83%A3%E3%83%96%E3%83%A9%29%20%E4%BC%9A%E7%A4%BE%E6%A6%82%E8%A6%81%20%E5%95%8F%E3%81%84%E5%90%88%E3%82%8F%E3%81%9B%20%E5%8D%B8
安永,A_メインレーン,日本語商号あり→gBizINFOで従業員数照合へ,安永,,2,DIY・工具・ガーデン,6,3,0,,7036,14255,安永エアポンプ 浄化槽用ブロア エアーポンプ ブロワ AP-60G,B06XC2SZXK,https://www.google.com/search?q=%E5%AE%89%E6%B0%B8%20%E4%BC%9A%E7%A4%BE%E6%A6%82%E8%A6%81%20%E5%95%8F%E3%81%84%E5%90%88%E3%82%8F%E3%81%9B%20%E5%8D%B8
ドウシシャ(DOSHISHA),A_メインレーン,日本語商号あり→gBizINFOで従業員数照合へ,ドウシシャ,,2,ホーム&キッチン,7,2,0,,1080,10495,ドウシシャ 大人のふわふわかき氷器ハンディタイプ コードレス 刃の高さ調整機能付 バラ氷専用 レシピ付 パステルターコイズ,B085M9DK8R,https://www.google.com/search?q=%E3%83%89%E3%82%A6%E3%82%B7%E3%82%B7%E3%83%A3%28DOSHISHA%29%20%E4%BC%9A%E7%A4%BE%E6%A6%82%E8%A6%81%20%E5%95%8F%E3%81%84%E5%90%88%E3%82%8F%E3%81%9B%20%E5%8D%B8
MEDICOM TOY,A_メインレーン,日本語商号あり→gBizINFOで従業員数照合へ,メディコム・トイ(MEDICOM TOY),,2,ホビー,6,2,0,,6994,19800,MAFEX マフェックス No.241 FRIENDLY NEIGHBORHOOD SPIDER-MAN フレンドリー ネイバーフッド スパイダーマン 全高約1,B0D1TP835J,https://www.google.com/search?q=MEDICOM%20TOY%20%E4%BC%9A%E7%A4%BE%E6%A6%82%E8%A6%81%20%E5%95%8F%E3%81%84%E5%90%88%E3%82%8F%E3%81%9B%20%E5%8D%B8
Omron,A_メインレーン,日本語商号あり→gBizINFOで従業員数照合へ,オムロン(OMRON),,2,パソコン・周辺機器,6,5,0,,8738,16185,オムロン 無停電電源装置(常時商用給電/正弦波出力) 400VA/250W BW40T,B079J8RD4D,https://www.google.com/search?q=Omron%20%E4%BC%9A%E7%A4%BE%E6%A6%82%E8%A6%81%20%E5%95%8F%E3%81%84%E5%90%88%E3%82%8F%E3%81%9B%20%E5%8D%B8
ワンダーランド,A_メインレーン,日本語商号あり→gBizINFOで従業員数照合へ,ワンダーランド,,2,おもちゃ,3,1,0,,460,2106,トミカ おふろでペタペタ!デラックス,B004DTYCFS,https://www.google.com/search?q=%E3%83%AF%E3%83%B3%E3%83%80%E3%83%BC%E3%83%A9%E3%83%B3%E3%83%89%20%E4%BC%9A%E7%A4%BE%E6%A6%82%E8%A6%81%20%E5%95%8F%E3%81%84%E5%90%88%E3%82%8F%E3%81%9B%20%E5%8D%B8
Yonker,A_メインレーン,日本語商号あり→gBizINFOで従業員数照合へ,松吉医科器械,,2,ホーム&キッチン,3,0,0,,1070,2990,パルスオキシメーター 付属品セット ホワイト 国内検品 松吉医科器械 血中酸素濃度 心拍計 在宅看護 体調管理 介護 病院 パルスオキシメータ 酸素飽和度測定器,B0B643HNNP,https://www.google.com/search?q=Yonker%20%E4%BC%9A%E7%A4%BE%E6%A6%82%E8%A6%81%20%E5%95%8F%E3%81%84%E5%90%88%E3%82%8F%E3%81%9B%20%E5%8D%B8
あしあげ隊,A_メインレーン,日本語商号あり→gBizINFOで従業員数照合へ,株式会社タツフト,あり,2,DIY・工具・ガーデン,2,2,0,,1126,3299,あしあげ隊 TFi-7015T 冷蔵庫など キズ凹み防止ゴムマット タツフト (旧:hmd-7015T),B08L7YV73F,https://www.google.com/search?q=%E3%81%82%E3%81%97%E3%81%82%E3%81%92%E9%9A%8A%20%E4%BC%9A%E7%A4%BE%E6%A6%82%E8%A6%81%20%E5%95%8F%E3%81%84%E5%90%88%E3%82%8F%E3%81%9B%20%E5%8D%B8
mimimamo,A_メインレーン,日本語商号あり→gBizINFOで従業員数照合へ,フィフティスクエア株式会社,あり,2,家電&カメラ,3,2,0,,1260,2860,mimimamo (ミミマモ) ウルトラフィット・イヤーパッドカバー ドーナツ型 日本製 (ブラック) 各機種への対応はメーカーHPをご参照ください,B0DC29KJXM,https://www.google.com/search?q=mimimamo%20%E4%BC%9A%E7%A4%BE%E6%A6%82%E8%A6%81%20%E5%95%8F%E3%81%84%E5%90%88%E3%82%8F%E3%81%9B%20%E5%8D%B8
ヤマハ(YAMAHA),A_メインレーン,日本語商号あり→gBizINFOで従業員数照合へ,ヤマハ(YAMAHA),,2,家電&カメラ,6,3,0,,2316,5479,ヤマハ YAMAHA ヘッドホン ホワイト HPH-50WH,B013WW90EO,https://www.google.com/search?q=%E3%83%A4%E3%83%9E%E3%83%8F%28YAMAHA%29%20%E4%BC%9A%E7%A4%BE%E6%A6%82%E8%A6%81%20%E5%95%8F%E3%81%84%E5%90%88%E3%82%8F%E3%81%9B%20%E5%8D%B8
レゴ(LEGO),A_メインレーン,日本語商号あり→gBizINFOで従業員数照合へ,レゴ(LEGO),,2,おもちゃ,7,3,0,,3528,11267,レゴ(LEGO) クリエイター うちゅうロボット 31164 おもちゃ 男の子 女の子,B0DHSBVRR7,https://www.google.com/search?q=%E3%83%AC%E3%82%B4%28LEGO%29%20%E4%BC%9A%E7%A4%BE%E6%A6%82%E8%A6%81%20%E5%95%8F%E3%81%84%E5%90%88%E3%82%8F%E3%81%9B%20%E5%8D%B8
KAYOTOYS カヨトイズ,A_メインレーン,日本語商号あり→gBizINFOで従業員数照合へ,カヨ通商株式会社,あり,2,おもちゃ,3,0,0,,1212,3640,カヨトイズ パウ・パトロール キッズデジタルカメラ マーシャル（レッド）3歳以上 写真・動画撮影 ゲーム 音楽再生,B0DNF81JHK,https://www.google.com/search?q=KAYOTOYS%20%E3%82%AB%E3%83%A8%E3%83%88%E3%82%A4%E3%82%BA%20%E4%BC%9A%E7%A4%BE%E6%A6%82%E8%A6%81%20%E5%95%8F%E3%81%84%E5%90%88%E3%82%8F%E3%81%9B%20%E5%8D%B8
ユーブロック,A_メインレーン,日本語商号あり→gBizINFOで従業員数照合へ,サンソリット,,2,パソコン・周辺機器,6,2,0,,3512,5851,ユーブロック（U・Vlock） サンソリット,B083CZQ4H3,https://www.google.com/search?q=%E3%83%A6%E3%83%BC%E3%83%96%E3%83%AD%E3%83%83%E3%82%AF%20%E4%BC%9A%E7%A4%BE%E6%A6%82%E8%A6%81%20%E5%95%8F%E3%81%84%E5%90%88%E3%82%8F%E3%81%9B%20%E5%8D%B8
アセキ,A_メインレーン,日本語商号あり→gBizINFOで従業員数照合へ,アセキ,,2,ホーム&キッチン,3,2,0,,3355,6973,"アセキ ジューサー スロージューサー 搾りカス分離 低速回転 小型 ミキサー 高い搾汁率 酸化しにくい 取り付け簡単(ブラック, Mサイズ)",B09MD4LBF3,https://www.google.com/search?q=%E3%82%A2%E3%82%BB%E3%82%AD%20%E4%BC%9A%E7%A4%BE%E6%A6%82%E8%A6%81%20%E5%95%8F%E3%81%84%E5%90%88%E3%82%8F%E3%81%9B%20%E5%8D%B8
富士フイルム(FUJIFILM),A_メインレーン,日本語商号あり→gBizINFOで従業員数照合へ,富士フィルム,,2,家電&カメラ,4,2,0,,3722,6747,富士フイルム(FUJIFILM) (3個セット) 写ルンです シンプルエース 27枚撮り LF S-ACE SP FL 27SH 1（メール便不可）,B07D2535HP,https://www.google.com/search?q=%E5%AF%8C%E5%A3%AB%E3%83%95%E3%82%A4%E3%83%AB%E3%83%A0%28FUJIFILM%29%20%E4%BC%9A%E7%A4%BE%E6%A6%82%E8%A6%81%20%E5%95%8F%E3%81%84%E5%90%88%E3%82%8F%E3%81%9B%20%E5%8D%B8
NEC,A_メインレーン,日本語商号あり→gBizINFOで従業員数照合へ,SYNNEX JAPAN CORPORATION,,2,パソコン・周辺機器,6,4,0,,5969,13285,NECプラットフォームズ Aterm Wi-Fi モバイルルーター tri band MP02LN SW メタリックシルバー PA-MP02LN-SW,B07X1NX5NJ,https://www.google.com/search?q=NEC%20%E4%BC%9A%E7%A4%BE%E6%A6%82%E8%A6%81%20%E5%95%8F%E3%81%84%E5%90%88%E3%82%8F%E3%81%9B%20%E5%8D%B8
トイコー(Toyco),A_メインレーン,日本語商号あり→gBizINFOで従業員数照合へ,トイコー(Toyco),,2,おもちゃ,5,1,0,,2706,7240,トイコー(Toyco) 乗用 都営バス,B07TD8VF3N,https://www.google.com/search?q=%E3%83%88%E3%82%A4%E3%82%B3%E3%83%BC%28Toyco%29%20%E4%BC%9A%E7%A4%BE%E6%A6%82%E8%A6%81%20%E5%95%8F%E3%81%84%E5%90%88%E3%82%8F%E3%81%9B%20%E5%8D%B8
カワサキ(Kawasaki),A_メインレーン,日本語商号あり→gBizINFOで従業員数照合へ,カワサキ,,2,車&バイク,2,0,0,,1848,7035,カワサキ 純正(KAWASAKI) エンジンオイル R4 SJ10W-40 4L缶,B007R7FACC,https://www.google.com/search?q=%E3%82%AB%E3%83%AF%E3%82%B5%E3%82%AD%28Kawasaki%29%20%E4%BC%9A%E7%A4%BE%E6%A6%82%E8%A6%81%20%E5%95%8F%E3%81%84%E5%90%88%E3%82%8F%E3%81%9B%20%E5%8D%B8
OOFOS(ウーフォス),A_メインレーン,日本語商号あり→gBizINFOで従業員数照合へ,OOFOS(ウーフォス),,2,ファッション,4,2,0,,5203,12410,"[ウーフォス] ウーメガ リカバリーサンダル OOFOS Oomega レディース 厚底サンダル (ノマド(NOMAD), 日本の靴のサイズ寸法, 大人, 数値",B0DYNK9VPH,https://www.google.com/search?q=OOFOS%28%E3%82%A6%E3%83%BC%E3%83%95%E3%82%A9%E3%82%B9%29%20%E4%BC%9A%E7%A4%BE%E6%A6%82%E8%A6%81%20%E5%95%8F%E3%81%84%E5%90%88%E3%82%8F%E3%81%9B%20%E5%8D%B8
MIKIHOUSE(ミキハウス),A_メインレーン,日本語商号あり→gBizINFOで従業員数照合へ,三起商行株式会社,あり,2,ベビー&マタニティ,6,1,0,,7860,15400,MiKiHOUSE ミキハウス ファースト ベビー キャリア 抱っこひも おんぶ紐 新生児から使える 赤ちゃん ベビー用品 生後14日～12か月 ベージュ,B0F388M7PW,https://www.google.com/search?q=MIKIHOUSE%28%E3%83%9F%E3%82%AD%E3%83%8F%E3%82%A6%E3%82%B9%29%20%E4%BC%9A%E7%A4%BE%E6%A6%82%E8%A6%81%20%E5%95%8F%E3%81%84%E5%90%88%E3%82%8F%E3%81%9B%20%E5%8D%B8
城東テクノ,A_メインレーン,日本語商号あり→gBizINFOで従業員数照合へ,城東テクノ,,2,DIY・工具・ガーデン,5,0,0,,26,1658,JOTO 丸マス蓋（枠なし） 樹脂製 耐圧２トン 250型 JT2-250SFW（雨水・穴なし） 城東,B004Y21AC2,https://www.google.com/search?q=%E5%9F%8E%E6%9D%B1%E3%83%86%E3%82%AF%E3%83%8E%20%E4%BC%9A%E7%A4%BE%E6%A6%82%E8%A6%81%20%E5%95%8F%E3%81%84%E5%90%88%E3%82%8F%E3%81%9B%20%E5%8D%B8
ビクター(VICTOR),A_メインレーン,日本語商号あり→gBizINFOで従業員数照合へ,Victor(ビクター),,2,パソコン・周辺機器,6,1,0,,806,2490,Victor(ビクター) 1回録画用 ブルーレイディスク BD-R DL 50GB 10枚 ホワイトプリンタブル 片面2層 1-6倍速 スリムケース VBR26,B0872NC4YN,https://www.google.com/search?q=%E3%83%93%E3%82%AF%E3%82%BF%E3%83%BC%28VICTOR%29%20%E4%BC%9A%E7%A4%BE%E6%A6%82%E8%A6%81%20%E5%95%8F%E3%81%84%E5%90%88%E3%82%8F%E3%81%9B%20%E5%8D%B8
ブリヂストン(BRIDGESTONE),A_メインレーン,日本語商号あり→gBizINFOで従業員数照合へ,ブリヂストン(BRIDGESTONE),,2,スポーツ&アウトドア,5,1,0,,1234,3980,BRIDGESTONE(ブリヂストン)ゴルフボール SUPER STRAIGHT 2023年モデル 12球入 イエロー,B0BTKSGWFT,https://www.google.com/search?q=%E3%83%96%E3%83%AA%E3%83%82%E3%82%B9%E3%83%88%E3%83%B3%28BRIDGESTONE%29%20%E4%BC%9A%E7%A4%BE%E6%A6%82%E8%A6%81%20%E5%95%8F%E3%81%84%E5%90%88%E3%82%8F%E3%81%9B%20%E5%8D%B8
Earth Plus,A_メインレーン,日本語商号あり→gBizINFOで従業員数照合へ,キヤノン,,2,パソコン・周辺機器,6,1,0,,2654,5032,【純正品 2個セット】 キヤノン インクカートリッジ BC-345/BC-346 (ブラック/3色カラー) 2個セット,B0DP8BP7MX,https://www.google.com/search?q=Earth%20Plus%20%E4%BC%9A%E7%A4%BE%E6%A6%82%E8%A6%81%20%E5%95%8F%E3%81%84%E5%90%88%E3%82%8F%E3%81%9B%20%E5%8D%B8
モリドライブ(MORIDRIVE),A_メインレーン,日本語商号あり→gBizINFOで従業員数照合へ,モリドライブ(MORIDRIVE),,2,車&バイク,2,1,0,,682,5575,モリドライブ エンジンオイル サイレントプラス 5W-30 3L SP GF-6A 全合成油 四輪車 軽自動車 ルート産業 MORIDRIVE,B08QVJWS85,https://www.google.com/search?q=%E3%83%A2%E3%83%AA%E3%83%89%E3%83%A9%E3%82%A4%E3%83%96%28MORIDRIVE%29%20%E4%BC%9A%E7%A4%BE%E6%A6%82%E8%A6%81%20%E5%95%8F%E3%81%84%E5%90%88%E3%82%8F%E3%81%9B%20%E5%8D%B8
デビフ,A_メインレーン,日本語商号あり→gBizINFOで従業員数照合へ,デビフペット,あり,2,ペット用品,6,1,0,,1168,4680,（まとめ買い）デビフペット スナックボーイ レバーカット 45g 【×24】,B08HK633DG,https://www.google.com/search?q=%E3%83%87%E3%83%93%E3%83%95%20%E4%BC%9A%E7%A4%BE%E6%A6%82%E8%A6%81%20%E5%95%8F%E3%81%84%E5%90%88%E3%82%8F%E3%81%9B%20%E5%8D%B8
phiten(ファイテン),A_メインレーン,日本語商号あり→gBizINFOで従業員数照合へ,ファイテン,,2,スポーツ&アウトドア,5,1,0,,1906,8390,【柔道家 角田夏実氏 愛用商品】ファイテン(phiten) パワーテープX30 500マーク 肩 首 腰 膝 ふともも ふくらはぎ こめかみ 貼る ケア リラッ,B0072NR6K0,https://www.google.com/search?q=phiten%28%E3%83%95%E3%82%A1%E3%82%A4%E3%83%86%E3%83%B3%29%20%E4%BC%9A%E7%A4%BE%E6%A6%82%E8%A6%81%20%E5%95%8F%E3%81%84%E5%90%88%E3%82%8F%E3%81%9B%20%E5%8D%B8
円谷プロダクション(Tsuburaya),A_メインレーン,日本語商号あり→gBizINFOで従業員数照合へ,円谷プロダクション(Tsuburaya),,2,おもちゃ,6,2,0,,1180,3880,円谷プロダクション(Tsuburaya) ウルトラマン カードゲーム ウルトラデッキ01 ウルトラマンティガ&ウルトラマンブレーザー[UD01] 対象年齢 9 ,B0FK4J8NP6,https://www.google.com/search?q=%E5%86%86%E8%B0%B7%E3%83%97%E3%83%AD%E3%83%80%E3%82%AF%E3%82%B7%E3%83%A7%E3%83%B3%28Tsuburaya%29%20%E4%BC%9A%E7%A4%BE%E6%A6%82%E8%A6%81%20%E5%95%8F%E3%81%84%E5%90%88%E3%82%8F%E3%81%9B%20%E5%8D%B8
和平フレイズ(Wahei freiz),A_メインレーン,日本語商号あり→gBizINFOで従業員数照合へ,和平フレイズ,,2,スポーツ&アウトドア,5,0,0,,138,2548,和平フレイズ 水筒 マグボトル ウォーターボトル 1L ブルー 広口 目盛 ピッチャー 冷水筒 冷蔵庫 エニウェアボトル クリアタイム RH-1746,B0D9N7YFHH,https://www.google.com/search?q=%E5%92%8C%E5%B9%B3%E3%83%95%E3%83%AC%E3%82%A4%E3%82%BA%28Wahei%20freiz%29%20%E4%BC%9A%E7%A4%BE%E6%A6%82%E8%A6%81%20%E5%95%8F%E3%81%84%E5%90%88%E3%82%8F%E3%81%9B%20%E5%8D%B8
ネットステージ,A_メインレーン,日本語商号あり→gBizINFOで従業員数照合へ,ネットステージ,,2,車&バイク,6,1,0,,696,2360,エバポレーター洗浄用 カーエアコン洗浄 スーパージェットマックス ガソリン車用スーパーJET MAX 79615,B07SKTLK8N,https://www.google.com/search?q=%E3%83%8D%E3%83%83%E3%83%88%E3%82%B9%E3%83%86%E3%83%BC%E3%82%B8%20%E4%BC%9A%E7%A4%BE%E6%A6%82%E8%A6%81%20%E5%95%8F%E3%81%84%E5%90%88%E3%82%8F%E3%81%9B%20%E5%8D%B8
エアブラシワークス,A_メインレーン,日本語商号あり→gBizINFOで従業員数照合へ,エアブラシワークス,,2,ホビー,2,1,0,,1883,3570,エアブラシワークス AW-103 エアブラシ ハンドピース 0.3mm 0.2mm 0.5mm ダブルアクション プラモデル 塗装 ガンプラ 初心者,B0BNMCRHK9,https://www.google.com/search?q=%E3%82%A8%E3%82%A2%E3%83%96%E3%83%A9%E3%82%B7%E3%83%AF%E3%83%BC%E3%82%AF%E3%82%B9%20%E4%BC%9A%E7%A4%BE%E6%A6%82%E8%A6%81%20%E5%95%8F%E3%81%84%E5%90%88%E3%82%8F%E3%81%9B%20%E5%8D%B8
NAIGAI,A_メインレーン,日本語商号あり→gBizINFOで従業員数照合へ,内外ゴム,,2,スポーツ&アウトドア,2,1,0,,2530,5150,内外ゴム(NAIGAI) ナイガイベースボール Mプラクティス 1ダース(12球) 白,B07QQXBC5G,https://www.google.com/search?q=NAIGAI%20%E4%BC%9A%E7%A4%BE%E6%A6%82%E8%A6%81%20%E5%95%8F%E3%81%84%E5%90%88%E3%82%8F%E3%81%9B%20%E5%8D%B8
BUNDOK(バンドック),A_メインレーン,日本語商号あり→gBizINFOで従業員数照合へ,カワセ(KAWASE),,2,スポーツ&アウトドア,5,1,0,,7962,13300,BUNDOK(バンドック)ソロ ドーム 1 BDK-08O オリーブ 【1人用】テント 収納コンパクト フルクローズ,B0BCD74LZ1,https://www.google.com/search?q=BUNDOK%28%E3%83%90%E3%83%B3%E3%83%89%E3%83%83%E3%82%AF%29%20%E4%BC%9A%E7%A4%BE%E6%A6%82%E8%A6%81%20%E5%95%8F%E3%81%84%E5%90%88%E3%82%8F%E3%81%9B%20%E5%8D%B8
HOKA,A_メインレーン,日本語商号あり→gBizINFOで従業員数照合へ,ホカ,,2,ファッション,5,3,0,,9318,19401,HOKA ONE ONE(ホカ オネオネ) M CLIFTON 10 BLACK / GOLD 28.0CM,B0DN3SYLN4,https://www.google.com/search?q=HOKA%20%E4%BC%9A%E7%A4%BE%E6%A6%82%E8%A6%81%20%E5%95%8F%E3%81%84%E5%90%88%E3%82%8F%E3%81%9B%20%E5%8D%B8
ラウンドアップ,A_メインレーン,日本語商号あり→gBizINFOで従業員数照合へ,日産化学工業,,2,産業・研究開発用品,5,1,0,,3568,6595,日産化学工業 残留塩素試験紙 アクアチェックLC 100枚入,B008GPUBW8,https://www.google.com/search?q=%E3%83%A9%E3%82%A6%E3%83%B3%E3%83%89%E3%82%A2%E3%83%83%E3%83%97%20%E4%BC%9A%E7%A4%BE%E6%A6%82%E8%A6%81%20%E5%95%8F%E3%81%84%E5%90%88%E3%82%8F%E3%81%9B%20%E5%8D%B8
Nikitea,A_メインレーン,日本語商号あり→gBizINFOで従業員数照合へ,鳥用フード(有機・無添加),,2,ペット用品,4,1,0,,1312,3296,Nikitea 鳥用 有機ペレット Harrison ハリソンバードフード 超小粒SF スーパーファイン,B01G6JZINC,https://www.google.com/search?q=Nikitea%20%E4%BC%9A%E7%A4%BE%E6%A6%82%E8%A6%81%20%E5%95%8F%E3%81%84%E5%90%88%E3%82%8F%E3%81%9B%20%E5%8D%B8
チャオ (CIAO),A_メインレーン,日本語商号あり→gBizINFOで従業員数照合へ,いなばペットフード,,2,ペット用品,4,0,0,,3445,6960,チャオ (CIAO) すごい乳酸菌ちゅ~る まぐろ・かつお・チキンバラエティ 60本,B09F8TMSNB,https://www.google.com/search?q=%E3%83%81%E3%83%A3%E3%82%AA%20%28CIAO%29%20%E4%BC%9A%E7%A4%BE%E6%A6%82%E8%A6%81%20%E5%95%8F%E3%81%84%E5%90%88%E3%82%8F%E3%81%9B%20%E5%8D%B8
オウルテック,A_メインレーン,日本語商号あり→gBizINFOで従業員数照合へ,オウルテック,,1,パソコン・周辺機器,3,1,0,,677,1780,オウルテック ライトニングケーブル 巻取り式 両引きタイプ データ転送 480Mbps MFi認証取得 軽量 コンパクト 静音 iPhone/iPad対応 1.,B0B5FWS7J7,https://www.google.com/search?q=%E3%82%AA%E3%82%A6%E3%83%AB%E3%83%86%E3%83%83%E3%82%AF%20%E4%BC%9A%E7%A4%BE%E6%A6%82%E8%A6%81%20%E5%95%8F%E3%81%84%E5%90%88%E3%82%8F%E3%81%9B%20%E5%8D%B8
actiTube,A_メインレーン,日本語商号あり→gBizINFOで従業員数照合へ,アクティチューブ(actiTube),,1,ホーム&キッチン,3,0,0,,495,1740,actitube(アクティチューブ)活性炭フィルター 100本入 【Tuneフィルター】,B082Q18CL4,https://www.google.com/search?q=actiTube%20%E4%BC%9A%E7%A4%BE%E6%A6%82%E8%A6%81%20%E5%95%8F%E3%81%84%E5%90%88%E3%82%8F%E3%81%9B%20%E5%8D%B8
TIGORA(ティゴラ),A_メインレーン,日本語商号あり→gBizINFOで従業員数照合へ,ティゴラ(TIGORA),,1,スポーツ&アウトドア,4,1,0,,332,1920,TIGORA(ティゴラ) ソフトテニス 練習用ゴム付きボール ソフトテニストレーナー,B0B87S3TV6,https://www.google.com/search?q=TIGORA%28%E3%83%86%E3%82%A3%E3%82%B4%E3%83%A9%29%20%E4%BC%9A%E7%A4%BE%E6%A6%82%E8%A6%81%20%E5%95%8F%E3%81%84%E5%90%88%E3%82%8F%E3%81%9B%20%E5%8D%B8
クイックル,A_メインレーン,日本語商号あり→gBizINFOで従業員数照合へ,花王,,1,ホーム&キッチン,3,1,0,,311,1790,クイックルハンディ替え 大容量パック 12枚,B07GQPQTJG,https://www.google.com/search?q=%E3%82%AF%E3%82%A4%E3%83%83%E3%82%AF%E3%83%AB%20%E4%BC%9A%E7%A4%BE%E6%A6%82%E8%A6%81%20%E5%95%8F%E3%81%84%E5%90%88%E3%82%8F%E3%81%9B%20%E5%8D%B8
Collonil(コロニル),A_メインレーン,日本語商号あり→gBizINFOで従業員数照合へ,,,1,ファッション,5,3,0,,512,1700,[コロニル] 1909 シュプリーム クリーム デラックス カラーレス 100ml [並行輸入品],B076HKMQXK,https://www.google.com/search?q=Collonil%28%E3%82%B3%E3%83%AD%E3%83%8B%E3%83%AB%29%20%E4%BC%9A%E7%A4%BE%E6%A6%82%E8%A6%81%20%E5%95%8F%E3%81%84%E5%90%88%E3%82%8F%E3%81%9B%20%E5%8D%B8
ニチアス,A_メインレーン,日本語商号あり→gBizINFOで従業員数照合へ,ニチアス,,1,DIY・工具・ガーデン,2,0,0,,466,1750,ニチアス カグスベール 重量用 2個入 2個セット,B086LJTMXG,https://www.google.com/search?q=%E3%83%8B%E3%83%81%E3%82%A2%E3%82%B9%20%E4%BC%9A%E7%A4%BE%E6%A6%82%E8%A6%81%20%E5%95%8F%E3%81%84%E5%90%88%E3%82%8F%E3%81%9B%20%E5%8D%B8
ブレイン(BRAIN),A_メインレーン,日本語商号あり→gBizINFOで従業員数照合へ,ブレイン(BRAIN),,1,家電&カメラ,2,0,0,,547,1920,ブレイン 【SGS認証取得！ 国内JIS燃焼試験合格！】モバイルバッテリー耐火ケース （サイズ：約13.5×18cm）BR-964,B0GHXBGWXF,https://www.google.com/search?q=%E3%83%96%E3%83%AC%E3%82%A4%E3%83%B3%28BRAIN%29%20%E4%BC%9A%E7%A4%BE%E6%A6%82%E8%A6%81%20%E5%95%8F%E3%81%84%E5%90%88%E3%82%8F%E3%81%9B%20%E5%8D%B8
スリーエム(3M),A_メインレーン,日本語商号あり→gBizINFOで従業員数照合へ,3M AAD Consumer (Domestic),,1,車&バイク,5,2,0,,310,1658,3M ヘッドライト修復キット 素早く簡単 15分で黄ばみを取り除きます 39193 1キット,B08749H19D,https://www.google.com/search?q=%E3%82%B9%E3%83%AA%E3%83%BC%E3%82%A8%E3%83%A0%283M%29%20%E4%BC%9A%E7%A4%BE%E6%A6%82%E8%A6%81%20%E5%95%8F%E3%81%84%E5%90%88%E3%82%8F%E3%81%9B%20%E5%8D%B8
Finish Line,A_メインレーン,日本語商号あり→gBizINFOで従業員数照合へ,フィニッシュライン(FINISH LINE),,1,スポーツ&アウトドア,4,0,0,,365,1647,フィニッシュライン(FINISH LINE) ドライ テフロン ルーブ プラボトル 120ml,B002IDZXRM,https://www.google.com/search?q=Finish%20Line%20%E4%BC%9A%E7%A4%BE%E6%A6%82%E8%A6%81%20%E5%95%8F%E3%81%84%E5%90%88%E3%82%8F%E3%81%9B%20%E5%8D%B8
SAZAC,A_メインレーン,日本語商号あり→gBizINFOで従業員数照合へ,サザック(Sazac),,1,おもちゃ,2,0,0,,546,1870,スーパーマリオ マリオ 着ぐるみ帽子,B0BZKVR3K4,https://www.google.com/search?q=SAZAC%20%E4%BC%9A%E7%A4%BE%E6%A6%82%E8%A6%81%20%E5%95%8F%E3%81%84%E5%90%88%E3%82%8F%E3%81%9B%20%E5%8D%B8
ビーエムオンライン,A_メインレーン,日本語商号あり→gBizINFOで従業員数照合へ,鈴木油脂,,1,車&バイク,3,0,0,,411,1778,鈴木油脂 かびとりいっぱつ,B09MQ19QJC,https://www.google.com/search?q=%E3%83%93%E3%83%BC%E3%82%A8%E3%83%A0%E3%82%AA%E3%83%B3%E3%83%A9%E3%82%A4%E3%83%B3%20%E4%BC%9A%E7%A4%BE%E6%A6%82%E8%A6%81%20%E5%95%8F%E3%81%84%E5%90%88%E3%82%8F%E3%81%9B%20%E5%8D%B8
Airクリーンラボ,A_メインレーン,日本語商号あり→gBizINFOで従業員数照合へ,E-Surf,,1,ホーム&キッチン,2,0,0,,105,1980,【張る空気清浄機×5つの試験で99%】 ハウスダスト対策 エアコンフィルター 壁掛エアコン・空気清浄機用 掃除 ホコリ 換気扇 エアクリーンラボ 花粉対策 2枚,B0DQ81QZWP,https://www.google.com/search?q=Air%E3%82%AF%E3%83%AA%E3%83%BC%E3%83%B3%E3%83%A9%E3%83%9C%20%E4%BC%9A%E7%A4%BE%E6%A6%82%E8%A6%81%20%E5%95%8F%E3%81%84%E5%90%88%E3%82%8F%E3%81%9B%20%E5%8D%B8
筒井時正商店,A_メインレーン,日本語商号あり→gBizINFOで従業員数照合へ,筒井時正商店,,1,おもちゃ,4,0,0,,252,1680,"超特大ナイヤガラ 参考価格:1,100円/1箱 総薬量(約)72g",B001C9XWH6,https://www.google.com/search?q=%E7%AD%92%E4%BA%95%E6%99%82%E6%AD%A3%E5%95%86%E5%BA%97%20%E4%BC%9A%E7%A4%BE%E6%A6%82%E8%A6%81%20%E5%95%8F%E3%81%84%E5%90%88%E3%82%8F%E3%81%9B%20%E5%8D%B8
金鳥,A_メインレーン,日本語商号あり→gBizINFOで従業員数照合へ,大日本除虫菊,,1,DIY・工具・ガーデン,5,0,0,,92,1772,イヤな虫ムエンダー 60プッシュ アリ クモ カメムシ 害虫駆除 殺虫剤 スプレー ワンプッシュ,B08WB8C986,https://www.google.com/search?q=%E9%87%91%E9%B3%A5%20%E4%BC%9A%E7%A4%BE%E6%A6%82%E8%A6%81%20%E5%95%8F%E3%81%84%E5%90%88%E3%82%8F%E3%81%9B%20%E5%8D%B8
ブレイス(Braith),A_メインレーン,日本語商号あり→gBizINFOで従業員数照合へ,,,1,車&バイク,4,0,0,,103,1962,ブレイス/BRAiTH アーマオール プロテクタントオリジナル 473ml 車 ダッシュボード タイヤ 保護 ツヤ出し AK-16,B0D4LH1S4S,https://www.google.com/search?q=%E3%83%96%E3%83%AC%E3%82%A4%E3%82%B9%28Braith%29%20%E4%BC%9A%E7%A4%BE%E6%A6%82%E8%A6%81%20%E5%95%8F%E3%81%84%E5%90%88%E3%82%8F%E3%81%9B%20%E5%8D%B8
消臭ビーズ,A_メインレーン,日本語商号あり→gBizINFOで従業員数照合へ,ユニチャーム,,1,ペット用品,4,0,0,,204,1760,【まとめ買い】　消臭ビーズ 猫トイレまくだけ 香り広がる消臭ビーズ さわやかなナチュラルガーデンの香り 450ml×3個,B07GLJ2X4F,https://www.google.com/search?q=%E6%B6%88%E8%87%AD%E3%83%93%E3%83%BC%E3%82%BA%20%E4%BC%9A%E7%A4%BE%E6%A6%82%E8%A6%81%20%E5%95%8F%E3%81%84%E5%90%88%E3%82%8F%E3%81%9B%20%E5%8D%B8
曙産業,A_メインレーン,日本語商号あり→gBizINFOで従業員数照合へ,曙産業(Akebono-Sa),,1,ホーム&キッチン,3,0,0,,117,1990,曙産業 レンジでらくチン! ゆでたまご 1個用 日本製 電子レンジで簡単ゆで卵作り 余熱調理で加熱時間を短縮 フタは安全2点ロック式 RE-1505 ホワイト/,B08XWZ82W6,https://www.google.com/search?q=%E6%9B%99%E7%94%A3%E6%A5%AD%20%E4%BC%9A%E7%A4%BE%E6%A6%82%E8%A6%81%20%E5%95%8F%E3%81%84%E5%90%88%E3%82%8F%E3%81%9B%20%E5%8D%B8
富士フレーバー,A_メインレーン,日本語商号あり→gBizINFOで従業員数照合へ,,,1,DIY・工具・ガーデン,2,0,0,,504,1782,富士フレーバー タバコシバンムシ 誘引 捕獲 セット ニューセリコ 2枚入り フェロモントラップ,B07JR1SNN4,https://www.google.com/search?q=%E5%AF%8C%E5%A3%AB%E3%83%95%E3%83%AC%E3%83%BC%E3%83%90%E3%83%BC%20%E4%BC%9A%E7%A4%BE%E6%A6%82%E8%A6%81%20%E5%95%8F%E3%81%84%E5%90%88%E3%82%8F%E3%81%9B%20%E5%8D%B8
富士通,A_メインレーン,日本語商号あり→gBizINFOで従業員数照合へ,富士通,,1,パソコン・周辺機器,4,0,0,,203,1680,【バルク品】　富士通純正 【FMV-AC332A/ADP-65YH A】←FMV-AC332/ADP-65JH ABZ同等品 19V3.42A,B00EW7BUII,https://www.google.com/search?q=%E5%AF%8C%E5%A3%AB%E9%80%9A%20%E4%BC%9A%E7%A4%BE%E6%A6%82%E8%A6%81%20%E5%95%8F%E3%81%84%E5%90%88%E3%82%8F%E3%81%9B%20%E5%8D%B8
日進医療器,A_メインレーン,日本語商号あり→gBizINFOで従業員数照合へ,日進医療器,,1,スポーツ&アウトドア,2,0,0,,73,1790,日進医療器 LE携帯酸素スプレー5リットル,B001GXEGEQ,https://www.google.com/search?q=%E6%97%A5%E9%80%B2%E5%8C%BB%E7%99%82%E5%99%A8%20%E4%BC%9A%E7%A4%BE%E6%A6%82%E8%A6%81%20%E5%95%8F%E3%81%84%E5%90%88%E3%82%8F%E3%81%9B%20%E5%8D%B8
PACPAK,A_メインレーン,日本語商号あり→gBizINFOで従業員数照合へ,日本シール株式会社,あり,1,ペット用品,3,0,0,,438,1760,日本シール 直販 ぱくぱくローラー 正規品 抜け毛取り お掃除ローラー カーペット ラグ 絨毯 ペット 犬 猫 抜け毛 髪の毛 ホコリ 布団 掃除グッズ 掃除用,B0BT6VCS74,https://www.google.com/search?q=PACPAK%20%E4%BC%9A%E7%A4%BE%E6%A6%82%E8%A6%81%20%E5%95%8F%E3%81%84%E5%90%88%E3%82%8F%E3%81%9B%20%E5%8D%B8
大島屋(Ooshimaya),A_メインレーン,日本語商号あり→gBizINFOで従業員数照合へ,大島屋(Ooshimaya),,1,ホーム&キッチン,6,1,0,,62,1900,籐枕 約30×18×12cm,B01CN6JB80,https://www.google.com/search?q=%E5%A4%A7%E5%B3%B6%E5%B1%8B%28Ooshimaya%29%20%E4%BC%9A%E7%A4%BE%E6%A6%82%E8%A6%81%20%E5%95%8F%E3%81%84%E5%90%88%E3%82%8F%E3%81%9B%20%E5%8D%B8
Maxell,A_メインレーン,日本語商号あり→gBizINFOで従業員数照合へ,Maxell(マクセル),,1,家電&カメラ,4,0,0,,82,1556,maxell データ用 DＶD-R 4.7GB 16倍速対応 インクジェットプリンタ対応ホワイト(ワイド印刷) 10枚 5mmケース入 DR47WPD.S1P1,B000N4SL54,https://www.google.com/search?q=Maxell%20%E4%BC%9A%E7%A4%BE%E6%A6%82%E8%A6%81%20%E5%95%8F%E3%81%84%E5%90%88%E3%82%8F%E3%81%9B%20%E5%8D%B8
リッチェル(Richell),A_メインレーン,日本語商号あり→gBizINFOで従業員数照合へ,リッチェル,,1,ベビー&マタニティ,2,0,0,,39,1980,リッチェル(Richell) アクリア おでかけストローマグR 200 ネイビーブルー 1個 200ml 7カ月,B07RTW9WLB,https://www.google.com/search?q=%E3%83%AA%E3%83%83%E3%83%81%E3%82%A7%E3%83%AB%28Richell%29%20%E4%BC%9A%E7%A4%BE%E6%A6%82%E8%A6%81%20%E5%95%8F%E3%81%84%E5%90%88%E3%82%8F%E3%81%9B%20%E5%8D%B8
株式会社 山本人形,A_メインレーン,日本語商号あり→gBizINFOで従業員数照合へ,株式会社 トキワ商事,あり,1,おもちゃ,6,1,0,,245,1730,スーパーボール カラフルうんちNP24mm アソート100個入,B08K44HVLY,https://www.google.com/search?q=%E6%A0%AA%E5%BC%8F%E4%BC%9A%E7%A4%BE%20%E5%B1%B1%E6%9C%AC%E4%BA%BA%E5%BD%A2%20%E4%BC%9A%E7%A4%BE%E6%A6%82%E8%A6%81%20%E5%95%8F%E3%81%84%E5%90%88%E3%82%8F%E3%81%9B%20%E5%8D%B8
鈴木ラテックス(SUZUKILATEX),A_メインレーン,日本語商号あり→gBizINFOで従業員数照合へ,鈴木ラテックス(SUZUKILATEX),,1,おもちゃ,3,0,0,,114,1995,鈴木ラテックス ヨーヨーフーセンセット ポケットポンプ付き 100個入り,B0016JT474,https://www.google.com/search?q=%E9%88%B4%E6%9C%A8%E3%83%A9%E3%83%86%E3%83%83%E3%82%AF%E3%82%B9%28SUZUKILATEX%29%20%E4%BC%9A%E7%A4%BE%E6%A6%82%E8%A6%81%20%E5%95%8F%E3%81%84%E5%90%88%E3%82%8F%E3%81%9B%20%E5%8D%B8
アイサポモバイル,A_メインレーン,日本語商号あり→gBizINFOで従業員数照合へ,日本通信株式会社,あり,1,家電&カメラ,7,2,0,,1053,2420,【日本通信SIM】音声対応：合理的（シンプル290プラン、みんなのプラン、50GBプラン、他）またはデータ通信専用：（ネットだけプラン）から選んでお申込みいただ,B0DQC4LNLQ,https://www.google.com/search?q=%E3%82%A2%E3%82%A4%E3%82%B5%E3%83%9D%E3%83%A2%E3%83%90%E3%82%A4%E3%83%AB%20%E4%BC%9A%E7%A4%BE%E6%A6%82%E8%A6%81%20%E5%95%8F%E3%81%84%E5%90%88%E3%82%8F%E3%81%9B%20%E5%8D%B8
ハズブロ(HASBRO),A_メインレーン,日本語商号あり→gBizINFOで従業員数照合へ,ハズブロ(HASBRO),,1,おもちゃ,5,1,0,,972,3290,ハズブロ(HASBRO) ジェンガ ゲーム(2018) JENGA 天然木使用のオリジナル ブロックゲーム スタッキングタワーゲーム 6才以上 プレイヤー人数1,B07B9HK8S5,https://www.google.com/search?q=%E3%83%8F%E3%82%BA%E3%83%96%E3%83%AD%28HASBRO%29%20%E4%BC%9A%E7%A4%BE%E6%A6%82%E8%A6%81%20%E5%95%8F%E3%81%84%E5%90%88%E3%82%8F%E3%81%9B%20%E5%8D%B8
NANOXone(ナノックスワン),A_メインレーン,日本語商号あり→gBizINFOで従業員数照合へ,ライオンハイジーン,,1,産業・研究開発用品,5,1,0,,1104,3490,NANOX ｏｎｅ 【業務用 大容量】 洗浄プラス 4㎏ 洗濯洗剤 詰め替え,B0FMRL8V5Z,https://www.google.com/search?q=NANOXone%28%E3%83%8A%E3%83%8E%E3%83%83%E3%82%AF%E3%82%B9%E3%83%AF%E3%83%B3%29%20%E4%BC%9A%E7%A4%BE%E6%A6%82%E8%A6%81%20%E5%95%8F%E3%81%84%E5%90%88%E3%82%8F%E3%81%9B%20%E5%8D%B8
マーナ(Marna),A_メインレーン,日本語商号あり→gBizINFOで従業員数照合へ,Shupatto,,1,ファッション,2,0,0,,2064,4180,[マーナ] Shupatto 保冷バッグ (20L/ホワイトバーチ) シュパット 一気にたためる エコバッグ (折り畳み/大容量) 保冷バッグ,B0C4X9TW9C,https://www.google.com/search?q=%E3%83%9E%E3%83%BC%E3%83%8A%28Marna%29%20%E4%BC%9A%E7%A4%BE%E6%A6%82%E8%A6%81%20%E5%95%8F%E3%81%84%E5%90%88%E3%82%8F%E3%81%9B%20%E5%8D%B8
Seiko,A_メインレーン,日本語商号あり→gBizINFOで従業員数照合へ,セイコークロック(Seiko Clock),,1,ホーム&キッチン,2,0,0,,1129,4280,セイコークロック(Seiko Clock) 目覚まし時計 置き時計 電波 デジタル カレンダー 温度 湿度 白パール 85×120×48mm BC419S,B0CCT7WXC1,https://www.google.com/search?q=Seiko%20%E4%BC%9A%E7%A4%BE%E6%A6%82%E8%A6%81%20%E5%95%8F%E3%81%84%E5%90%88%E3%82%8F%E3%81%9B%20%E5%8D%B8
矢崎エナジーシステム(株),A_メインレーン,日本語商号あり→gBizINFOで従業員数照合へ,矢崎エナジーシステム(株),あり,1,DIY・工具・ガーデン,3,0,0,,2337,4980,ＹＡＺＡＫＩ 矢崎 電源コード式 都市ガス ガス警報器 日本製 YF-814 ガス漏れ 警報器 省エネ コンパクト,B07D97XSRP,https://www.google.com/search?q=%E7%9F%A2%E5%B4%8E%E3%82%A8%E3%83%8A%E3%82%B8%E3%83%BC%E3%82%B7%E3%82%B9%E3%83%86%E3%83%A0%E3%88%B1%20%E4%BC%9A%E7%A4%BE%E6%A6%82%E8%A6%81%20%E5%95%8F%E3%81%84%E5%90%88%E3%82%8F%E3%81%9B%20%E5%8D%B8
THANKO,A_メインレーン,日本語商号あり→gBizINFOで従業員数照合へ,サンコー,,1,ホーム&キッチン,6,1,0,,2237,5228,THANKO おひとりさま用超高速弁当箱炊飯器 RCKDSGSWH 白色 炊飯器 一人用 小型 1合 0.5合 弁当箱型 オフィス 炊きたて 早炊き,B0D499M873,https://www.google.com/search?q=THANKO%20%E4%BC%9A%E7%A4%BE%E6%A6%82%E8%A6%81%20%E5%95%8F%E3%81%84%E5%90%88%E3%82%8F%E3%81%9B%20%E5%8D%B8
山善(YAMAZEN),A_メインレーン,日本語商号あり→gBizINFOで従業員数照合へ,山善(YAMAZEN),,1,家電&カメラ,5,0,0,,2526,5950,[山善] ミニ DVDプレーヤー コンパクト CD/DVD 再生専用 CPRM対応 HDMI対応 USB給電 HDMIケーブル/AVケーブル/リモコン付き CD,B0FDQ3RBZN,https://www.google.com/search?q=%E5%B1%B1%E5%96%84%28YAMAZEN%29%20%E4%BC%9A%E7%A4%BE%E6%A6%82%E8%A6%81%20%E5%95%8F%E3%81%84%E5%90%88%E3%82%8F%E3%81%9B%20%E5%8D%B8
Mattel Games,A_メインレーン,日本語商号あり→gBizINFOで従業員数照合へ,マテル(MATTEL),,1,おもちゃ,4,0,0,,2530,5999,マテルゲーム(Mattel Game) ウノ(UNO) ウノ アタック エクストリーム カードゲーム パーティーゲーム 2~10人用 7歳から GXY78,B08J4F61DF,https://www.google.com/search?q=Mattel%20Games%20%E4%BC%9A%E7%A4%BE%E6%A6%82%E8%A6%81%20%E5%95%8F%E3%81%84%E5%90%88%E3%82%8F%E3%81%9B%20%E5%8D%B8
PLUS91(プラス91),A_メインレーン,日本語商号あり→gBizINFOで従業員数照合へ,,,1,車&バイク,5,2,0,,3165,6237,高性能オイルシーリング剤 PLUS 91,B002WSB7DW,https://www.google.com/search?q=PLUS91%28%E3%83%97%E3%83%A9%E3%82%B991%EF%BC%89%20%E4%BC%9A%E7%A4%BE%E6%A6%82%E8%A6%81%20%E5%95%8F%E3%81%84%E5%90%88%E3%82%8F%E3%81%9B%20%E5%8D%B8
ウッディプッディ(Woodypuddy),A_メインレーン,日本語商号あり→gBizINFOで従業員数照合へ,ウッディプッディ(Woodypuddy),,1,おもちゃ,2,2,0,,2049,6592,ウッディプッディ(Woodypuddy) サラダセット,B07NN9Z9C8,https://www.google.com/search?q=%E3%82%A6%E3%83%83%E3%83%87%E3%82%A3%E3%83%97%E3%83%83%E3%83%87%E3%82%A3%28Woodypuddy%29%20%E4%BC%9A%E7%A4%BE%E6%A6%82%E8%A6%81%20%E5%95%8F%E3%81%84%E5%90%88%E3%82%8F%E3%81%9B%20%E5%8D%B8
コンチネンタル(Continental),A_メインレーン,日本語商号あり→gBizINFOで従業員数照合へ,Continental(コンチネンタル),,1,スポーツ&アウトドア,4,0,0,,3548,7040,Continental(コンチネンタル) Ultra Sport 3(ウルトラスポーツ3) Black/Black 700x28C FB ロード用クリンチャータ,B08PNXT8VQ,https://www.google.com/search?q=%E3%82%B3%E3%83%B3%E3%83%81%E3%83%8D%E3%83%B3%E3%82%BF%E3%83%AB%28Continental%29%20%E4%BC%9A%E7%A4%BE%E6%A6%82%E8%A6%81%20%E5%95%8F%E3%81%84%E5%90%88%E3%82%8F%E3%81%9B%20%E5%8D%B8
空調服,A_メインレーン,日本語商号あり→gBizINFOで従業員数照合へ,,,1,家電&カメラ,4,1,0,,4135,7200,空調服 R バッテリー単体 BTSP1 作業着,B0B2JFDP2B,https://www.google.com/search?q=%E7%A9%BA%E8%AA%BF%E6%9C%8D%20%E4%BC%9A%E7%A4%BE%E6%A6%82%E8%A6%81%20%E5%95%8F%E3%81%84%E5%90%88%E3%82%8F%E3%81%9B%20%E5%8D%B8
アイアップ,A_メインレーン,日本語商号あり→gBizINFOで従業員数照合へ,アイアップ,,1,おもちゃ,3,1,0,,1575,7000,アイアップ OH!寿司ゲーム マルチカラー,B01FXIRHC2,https://www.google.com/search?q=%E3%82%A2%E3%82%A4%E3%82%A2%E3%83%83%E3%83%97%20%E4%BC%9A%E7%A4%BE%E6%A6%82%E8%A6%81%20%E5%95%8F%E3%81%84%E5%90%88%E3%82%8F%E3%81%9B%20%E5%8D%B8
マンフロット(Manfrotto),A_メインレーン,日本語商号あり→gBizINFOで従業員数照合へ,Manfrotto,,1,家電&カメラ,5,0,0,,3688,7057,Manfrotto (マンフロット) ユニバーサルスマートフォンクランプ Pro Version (MCPIXI) ミニカメラ三脚 テーブル三脚 コンパクト三脚,B07K6GHL24,https://www.google.com/search?q=%E3%83%9E%E3%83%B3%E3%83%95%E3%83%AD%E3%83%83%E3%83%88%28Manfrotto%29%20%E4%BC%9A%E7%A4%BE%E6%A6%82%E8%A6%81%20%E5%95%8F%E3%81%84%E5%90%88%E3%82%8F%E3%81%9B%20%E5%8D%B8
NIPLUX,A_メインレーン,日本語商号あり→gBizINFOで従業員数照合へ,株式会社日創プラス,あり,1,ホーム&キッチン,2,2,0,,3005,7920,NIPLUX 博士監修 EMS強化通電率150％UP 足裏フットマット 足ツボ足裏ケア ５種類モード19段階強 メモリー機能の電気 LEG FIT,B0CHXYLPCZ,https://www.google.com/search?q=NIPLUX%20%E4%BC%9A%E7%A4%BE%E6%A6%82%E8%A6%81%20%E5%95%8F%E3%81%84%E5%90%88%E3%82%8F%E3%81%9B%20%E5%8D%B8
Aterm,A_メインレーン,日本語商号あり→gBizINFOで従業員数照合へ,NECプラットフォームズ,,1,パソコン・周辺機器,3,0,0,,1257,7800,NEC Wi-Fi 5（11ac）4ストリーム対応 無線LANルーター Atermシリーズ WG2600HS2,B08L4BB4T3,https://www.google.com/search?q=Aterm%20%E4%BC%9A%E7%A4%BE%E6%A6%82%E8%A6%81%20%E5%95%8F%E3%81%84%E5%90%88%E3%82%8F%E3%81%9B%20%E5%8D%B8
ZWILLING,A_メインレーン,日本語商号あり→gBizINFOで従業員数照合へ,ツヴィリングJ.A.ヘンケルス(Zwilling J.A. Henckels),,1,ホーム&キッチン,3,0,0,,2488,7500,ZWILLING ツヴィリング 「 エンフィニジー ミルクフォーマー ブラック 」 電動 クリーマー ミルクフォーサー 泡立て器 静音 【日本正規販売品】 En,B0C42N7NF7,https://www.google.com/search?q=ZWILLING%20%E4%BC%9A%E7%A4%BE%E6%A6%82%E8%A6%81%20%E5%95%8F%E3%81%84%E5%90%88%E3%82%8F%E3%81%9B%20%E5%8D%B8
マスプロ電工,A_メインレーン,日本語商号あり→gBizINFOで従業員数照合へ,マスプロ電工,,1,家電&カメラ,6,1,0,,4506,8480,マスプロ電工(MASPRO) 3224MHz対応 UHF・BS・CS テレビレコーダーブースター 地上デジタル放送 4K8K衛星放送 2出力 電流通過 HSマー,B0C3PY6KN9,https://www.google.com/search?q=%E3%83%9E%E3%82%B9%E3%83%97%E3%83%AD%E9%9B%BB%E5%B7%A5%20%E4%BC%9A%E7%A4%BE%E6%A6%82%E8%A6%81%20%E5%95%8F%E3%81%84%E5%90%88%E3%82%8F%E3%81%9B%20%E5%8D%B8
コールマン(Coleman),A_メインレーン,日本語商号あり→gBizINFOで従業員数照合へ,コールマン(Coleman),,1,スポーツ&アウトドア,3,0,0,,3053,10296,コールマン(Coleman)クアッドマルチパネルランタンｐｌｕｓ（レッド） コ LED 防災 停電 充電式 アウトドア キャンプ 照明 作業灯 卓上 USB充電,B0DMVCJRCB,https://www.google.com/search?q=%E3%82%B3%E3%83%BC%E3%83%AB%E3%83%9E%E3%83%B3%28Coleman%29%20%E4%BC%9A%E7%A4%BE%E6%A6%82%E8%A6%81%20%E5%95%8F%E3%81%84%E5%90%88%E3%82%8F%E3%81%9B%20%E5%8D%B8
BIALETTI(ビアレッティ),A_メインレーン,日本語商号あり→gBizINFOで従業員数照合へ,クリンプ,,1,ホーム&キッチン,3,0,0,,3707,10499,Bialetti (ビアレッティ) モカエキスプレス 9カップ用 直火式 ( コーヒーメーカー エスプレッソメーカー マキネッタ ),B00004RFRV,https://www.google.com/search?q=BIALETTI%28%E3%83%93%E3%82%A2%E3%83%AC%E3%83%83%E3%83%86%E3%82%A3%29%20%E4%BC%9A%E7%A4%BE%E6%A6%82%E8%A6%81%20%E5%95%8F%E3%81%84%E5%90%88%E3%82%8F%E3%81%9B%20%E5%8D%B8
N-style,A_メインレーン,日本語商号あり→gBizINFOで従業員数照合へ,エヌスタイル・ジャパンカンパニー株式会社,あり,1,車&バイク,4,2,0,,6174,11300,N-Style エヌスタイル 極音ホーン ゴクオン 電子ホーン Ver2,B0F4MYBLGV,https://www.google.com/search?q=N-style%20%E4%BC%9A%E7%A4%BE%E6%A6%82%E8%A6%81%20%E5%95%8F%E3%81%84%E5%90%88%E3%82%8F%E3%81%9B%20%E5%8D%B8
Bosch,A_メインレーン,日本語商号あり→gBizINFOで従業員数照合へ,ボッシュ(BOSCH),,1,家電&カメラ,2,1,0,,4393,12500,ボッシュ(BOSCH) レーザー距離計 ZAMO3 【正規品】測定工具,B07P7NQ8LT,https://www.google.com/search?q=Bosch%20%E4%BC%9A%E7%A4%BE%E6%A6%82%E8%A6%81%20%E5%95%8F%E3%81%84%E5%90%88%E3%82%8F%E3%81%9B%20%E5%8D%B8
サムスン(SAMSUNG),A_メインレーン,日本語商号あり→gBizINFOで従業員数照合へ,SAMSUNG,,1,パソコン・周辺機器,5,0,0,,5249,13400,Samsung EVO Plus 256GB microSDXC メモリーカード + SDアダプター、最大160MB/秒。,B0CWPPSDH8,https://www.google.com/search?q=%E3%82%B5%E3%83%A0%E3%82%B9%E3%83%B3%28SAMSUNG%29%20%E4%BC%9A%E7%A4%BE%E6%A6%82%E8%A6%81%20%E5%95%8F%E3%81%84%E5%90%88%E3%82%8F%E3%81%9B%20%E5%8D%B8
Wacom(ワコム),A_メインレーン,日本語商号あり→gBizINFOで従業員数照合へ,WACOM,,1,パソコン・周辺機器,2,1,0,,4122,13990,ワコム ペンタブ One by Wacom Medium Chromebook 対応 ペン入力専用モデル Mサイズ 板タブ CTL-672/K0-C ワコム直営,B07583VVY5,https://www.google.com/search?q=Wacom%28%E3%83%AF%E3%82%B3%E3%83%A0%29%20%E4%BC%9A%E7%A4%BE%E6%A6%82%E8%A6%81%20%E5%95%8F%E3%81%84%E5%90%88%E3%82%8F%E3%81%9B%20%E5%8D%B8
Galaxy,A_メインレーン,日本語商号あり→gBizINFOで従業員数照合へ,サムスン(Samsung),,1,家電&カメラ,4,2,0,,9952,14980,Galaxy Buds3ｌホワイトｌGalaxy AI対応ｌワイヤレスイヤホン 本体 端末ｌSamsung純正 国内正規品ｌ2024年発売ｌノイズキャンセリング,B0D66LHDS8,https://www.google.com/search?q=Galaxy%20%E4%BC%9A%E7%A4%BE%E6%A6%82%E8%A6%81%20%E5%95%8F%E3%81%84%E5%90%88%E3%82%8F%E3%81%9B%20%E5%8D%B8
アイホン,A_メインレーン,日本語商号あり→gBizINFOで従業員数照合へ,アイホン,,1,DIY・工具・ガーデン,5,1,0,,6183,14400,アイホン インターホン ドアホン テレビドアホン カメラ付き玄関子機 モニター付き親機 わかりやすい画面表示 カメラレンズ調整可能 JS-12E,B07TH669Q7,https://www.google.com/search?q=%E3%82%A2%E3%82%A4%E3%83%9B%E3%83%B3%20%E4%BC%9A%E7%A4%BE%E6%A6%82%E8%A6%81%20%E5%95%8F%E3%81%84%E5%90%88%E3%82%8F%E3%81%9B%20%E5%8D%B8
ヘリノックス(Helinox),A_メインレーン,日本語商号あり→gBizINFOで従業員数照合へ,ヘリノックス(Helinox),,1,スポーツ&アウトドア,6,0,0,,7423,15950,ヘリノックス(Helinox) アウトドア イス グラウンドチェア クラウドバースト(CLBT) 1822229,B079LTVK36,https://www.google.com/search?q=%E3%83%98%E3%83%AA%E3%83%8E%E3%83%83%E3%82%AF%E3%82%B9%28Helinox%29%20%E4%BC%9A%E7%A4%BE%E6%A6%82%E8%A6%81%20%E5%95%8F%E3%81%84%E5%90%88%E3%82%8F%E3%81%9B%20%E5%8D%B8
フジクリーン,A_メインレーン,日本語商号あり→gBizINFOで従業員数照合へ,フジクリーン工業,,1,DIY・工具・ガーデン,4,2,0,,8773,15480,フジクリーン(旧マルカ) 浄化槽ブロワ 60L/min EcoMAC60 (MAC60N　MAC60R後継機種),B00VUCJ8QY,https://www.google.com/search?q=%E3%83%95%E3%82%B8%E3%82%AF%E3%83%AA%E3%83%BC%E3%83%B3%20%E4%BC%9A%E7%A4%BE%E6%A6%82%E8%A6%81%20%E5%95%8F%E3%81%84%E5%90%88%E3%82%8F%E3%81%9B%20%E5%8D%B8
シュナイダーエレクトリック(APC),A_メインレーン,日本語商号あり→gBizINFOで従業員数照合へ,シュナイダーエレクトリック,,1,パソコン・周辺機器,5,3,0,,10192,16480,APC 無停電電源装置 UPS 400VA/240W BR400S-JP E ラインインタラクティブ給電 長寿命バッテリー 正弦波,B06XJ24QWJ,https://www.google.com/search?q=%E3%82%B7%E3%83%A5%E3%83%8A%E3%82%A4%E3%83%80%E3%83%BC%E3%82%A8%E3%83%AC%E3%82%AF%E3%83%88%E3%83%AA%E3%83%83%E3%82%AF%28APC%29%20%E4%BC%9A%E7%A4%BE%E6%A6%82%E8%A6%81%20%E5%95%8F%E3%81%84%E5%90%88%E3%82%8F%E3%81%9B%20%E5%8D%B8
プロクソン(PROXXON),A_メインレーン,日本語商号あり→gBizINFOで従業員数照合へ,プロクソン(PROXXON),,1,DIY・工具・ガーデン,7,3,0,,7058,16100,プロクソン(PROXXON) ミニルーターセット MM100 No.28525-S,B0020B5TU8,https://www.google.com/search?q=%E3%83%97%E3%83%AD%E3%82%AF%E3%82%BD%E3%83%B3%28PROXXON%29%20%E4%BC%9A%E7%A4%BE%E6%A6%82%E8%A6%81%20%E5%95%8F%E3%81%84%E5%90%88%E3%82%8F%E3%81%9B%20%E5%8D%B8
プリンストン,A_メインレーン,日本語商号あり→gBizINFOで従業員数照合へ,プリンストン,,1,パソコン・周辺機器,4,2,0,,12077,17820,プリンストン microSD Expressカード (512GB) Nintendo Switch 2 動作確認済み 読込(PCIe) : 最大 880 MB/,B0FSCLPZ8F,https://www.google.com/search?q=%E3%83%97%E3%83%AA%E3%83%B3%E3%82%B9%E3%83%88%E3%83%B3%20%E4%BC%9A%E7%A4%BE%E6%A6%82%E8%A6%81%20%E5%95%8F%E3%81%84%E5%90%88%E3%82%8F%E3%81%9B%20%E5%8D%B8
うちのこエレクトリック,A_メインレーン,日本語商号あり→gBizINFOで従業員数照合へ,株式会社アクセスライン,あり,1,ペット用品,2,0,0,,10136,17800,【獣医師監修】 うちのこエレクトリック カリカリマシーンV2C Plus スマホ連動 自動給餌器 猫 犬用 遠隔操作 見守りカメラ 暗視 5GHz/2.4GHz,B0C2BYWYVB,https://www.google.com/search?q=%E3%81%86%E3%81%A1%E3%81%AE%E3%81%93%E3%82%A8%E3%83%AC%E3%82%AF%E3%83%88%E3%83%AA%E3%83%83%E3%82%AF%20%E4%BC%9A%E7%A4%BE%E6%A6%82%E8%A6%81%20%E5%95%8F%E3%81%84%E5%90%88%E3%82%8F%E3%81%9B%20%E5%8D%B8
メデラ,A_メインレーン,日本語商号あり→gBizINFOで従業員数照合へ,メデラ,,1,ベビー&マタニティ,3,0,0,,9993,18612,メデラ 搾乳機 電動 ソロ 搾乳機 (電動・シングルポンプ) 母乳育児をサポート,B095Z253G3,https://www.google.com/search?q=%E3%83%A1%E3%83%87%E3%83%A9%20%E4%BC%9A%E7%A4%BE%E6%A6%82%E8%A6%81%20%E5%95%8F%E3%81%84%E5%90%88%E3%82%8F%E3%81%9B%20%E5%8D%B8
OM SYSTEM/オリンパス,A_メインレーン,日本語商号あり→gBizINFOで従業員数照合へ,OM SYSTEM/オリンパス,,1,楽器・音響機器,5,0,0,,4689,18000,OM SYSTEM WS-883 BLK 語学学習/講義録音/会議録音/議事録/リニアPCM録音/外部メモリ対応,B0C5LSBWNK,https://www.google.com/search?q=OM%20SYSTEM/%E3%82%AA%E3%83%AA%E3%83%B3%E3%83%91%E3%82%B9%20%E4%BC%9A%E7%A4%BE%E6%A6%82%E8%A6%81%20%E5%95%8F%E3%81%84%E5%90%88%E3%82%8F%E3%81%9B%20%E5%8D%B8
ワンナイト人狼,A_メインレーン,日本語商号あり→gBizINFOで従業員数照合へ,ワンナイト人狼,,1,おもちゃ,3,0,0,,439,1650,ワンナイト人狼,B00DS4125C,https://www.google.com/search?q=%E3%83%AF%E3%83%B3%E3%83%8A%E3%82%A4%E3%83%88%E4%BA%BA%E7%8B%BC%20%E4%BC%9A%E7%A4%BE%E6%A6%82%E8%A6%81%20%E5%95%8F%E3%81%84%E5%90%88%E3%82%8F%E3%81%9B%20%E5%8D%B8
USAYAMA,A_メインレーン,日本語商号あり→gBizINFOで従業員数照合へ,株式会社チャーム,あり,1,ペット用品,2,0,0,,223,1979,サイリウムパウダー １００ｇ ボトルタイプ 犬猫用,B0C4KL11L7,https://www.google.com/search?q=USAYAMA%20%E4%BC%9A%E7%A4%BE%E6%A6%82%E8%A6%81%20%E5%95%8F%E3%81%84%E5%90%88%E3%82%8F%E3%81%9B%20%E5%8D%B8
マクサー電機,A_メインレーン,日本語商号あり→gBizINFOで従業員数照合へ,,,1,家電&カメラ,4,2,0,,638,1750,CD/DVD/BD硬質コーティング剤 MTO-158,B001C3P054,https://www.google.com/search?q=%E3%83%9E%E3%82%AF%E3%82%B5%E3%83%BC%E9%9B%BB%E6%A9%9F%20%E4%BC%9A%E7%A4%BE%E6%A6%82%E8%A6%81%20%E5%95%8F%E3%81%84%E5%90%88%E3%82%8F%E3%81%9B%20%E5%8D%B8
RABLISS,A_メインレーン,日本語商号あり→gBizINFOで従業員数照合へ,KAEI株式会社,あり,1,ホーム&キッチン,2,0,0,,868,2278,【累計出荷数60万台突破】【医療機器認証】【豪華付属品4点セット】RABLISS パルスオキシメーター 医療用 家庭用 正常値 血中酸素濃度計 心拍計 脈拍 S,B097733QR1,https://www.google.com/search?q=RABLISS%20%E4%BC%9A%E7%A4%BE%E6%A6%82%E8%A6%81%20%E5%95%8F%E3%81%84%E5%90%88%E3%82%8F%E3%81%9B%20%E5%8D%B8
Winning,A_メインレーン,日本語商号あり→gBizINFOで従業員数照合へ,Winning ウイニング,,1,スポーツ&アウトドア,5,3,0,,686,2200,【Winning/ウイニング】　練習用バンデージ　伸縮タイプ,B00DGN4T0U,https://www.google.com/search?q=Winning%20%E4%BC%9A%E7%A4%BE%E6%A6%82%E8%A6%81%20%E5%95%8F%E3%81%84%E5%90%88%E3%82%8F%E3%81%9B%20%E5%8D%B8
SAPHIR(サフィール),A_メインレーン,日本語商号あり→gBizINFOで従業員数照合へ,,,1,ファッション,2,0,0,,634,2120,[サフィール] 革製品 革靴 手入れ セット レザークリーム 革 クリーム クリーナー 革ジャン 革財布 バック 靴磨き レザーケアセット,B08XJP7VK1,https://www.google.com/search?q=SAPHIR%28%E3%82%B5%E3%83%95%E3%82%A3%E3%83%BC%E3%83%AB%29%20%E4%BC%9A%E7%A4%BE%E6%A6%82%E8%A6%81%20%E5%95%8F%E3%81%84%E5%90%88%E3%82%8F%E3%81%9B%20%E5%8D%B8
ロジテック,A_メインレーン,日本語商号あり→gBizINFOで従業員数照合へ,ロジテックダイレクト,,1,パソコン・周辺機器,2,1,0,,1125,2780,ロジテックダイレクト BD-RE AACS対応 ブルーレイディスク Blu-ray Disc 2倍速 くり返し録画用 記録用 25GB 記録メディア スピンドル,B0BY7YHDZH,https://www.google.com/search?q=%E3%83%AD%E3%82%B8%E3%83%86%E3%83%83%E3%82%AF%20%E4%BC%9A%E7%A4%BE%E6%A6%82%E8%A6%81%20%E5%95%8F%E3%81%84%E5%90%88%E3%82%8F%E3%81%9B%20%E5%8D%B8
Oregon,A_メインレーン,日本語商号あり→gBizINFOで従業員数照合へ,ノーブランド,,1,DIY・工具・ガーデン,3,0,0,,430,2680,オレゴン(OREGON) シュレッダーブレード 2枚刃 300mm 3.0mm 295504-0,B09WDGFMCH,https://www.google.com/search?q=Oregon%20%E4%BC%9A%E7%A4%BE%E6%A6%82%E8%A6%81%20%E5%95%8F%E3%81%84%E5%90%88%E3%82%8F%E3%81%9B%20%E5%8D%B8
MENGLI盟励,A_メインレーン,日本語商号あり→gBizINFOで従業員数照合へ,MENGLI,,1,ホーム&キッチン,2,2,0,,968,2799,メンズ電気シェーバー ボディシェーバー バリカン 鼻毛カッター ヒゲトリマー 髭剃り 1台3役 多機能セット 腋毛/体毛/眉毛/すね毛/髪/フェイス用 Type,B0C7V1XXKF,https://www.google.com/search?q=%EF%BC%AD%EF%BC%A5%EF%BC%AE%EF%BC%A7%EF%BC%AC%EF%BC%A9%E7%9B%9F%E5%8A%B1%20%E4%BC%9A%E7%A4%BE%E6%A6%82%E8%A6%81%20%E5%95%8F%E3%81%84%E5%90%88%E3%82%8F%E3%81%9B%20%E5%8D%B8
アーテック(artec),A_メインレーン,日本語商号あり→gBizINFOで従業員数照合へ,アーテック(artec),,1,おもちゃ,7,1,0,,1222,3288,アーテック キッズミニピアノ 75535,B0DPZRSTG5,https://www.google.com/search?q=%E3%82%A2%E3%83%BC%E3%83%86%E3%83%83%E3%82%AF%28artec%29%20%E4%BC%9A%E7%A4%BE%E6%A6%82%E8%A6%81%20%E5%95%8F%E3%81%84%E5%90%88%E3%82%8F%E3%81%9B%20%E5%8D%B8
Clipa,A_メインレーン,日本語商号あり→gBizINFOで従業員数照合へ,SUNDAY MOUNTAIN (サンデーマウンテン),,1,ファッション,4,0,0,,1391,3630,Clipa クリッパ クリッパ つやなしブラックシルバー 黒,B01H6MJ4II,https://www.google.com/search?q=Clipa%20%E4%BC%9A%E7%A4%BE%E6%A6%82%E8%A6%81%20%E5%95%8F%E3%81%84%E5%90%88%E3%82%8F%E3%81%9B%20%E5%8D%B8
Kung Long,A_メインレーン,日本語商号あり→gBizINFOで従業員数照合へ,ロング(Long),,1,車&バイク,5,2,0,,1075,3960,LONG 12V9Ah 高性能 シールドバッテリー WP1236W WP1236W,B01KQ5BQHE,https://www.google.com/search?q=Kung%20Long%20%E4%BC%9A%E7%A4%BE%E6%A6%82%E8%A6%81%20%E5%95%8F%E3%81%84%E5%90%88%E3%82%8F%E3%81%9B%20%E5%8D%B8
サーモス(THERMOS),A_メインレーン,日本語商号あり→gBizINFOで従業員数照合へ,サーモス(THERMOS),,1,スポーツ&アウトドア,3,1,0,,211,3980,サーモス ソフトクーラー 5L ミッフィー ネイビー REZ-005B NVY,B08X16VQRH,https://www.google.com/search?q=%E3%82%B5%E3%83%BC%E3%83%A2%E3%82%B9%28THERMOS%29%20%E4%BC%9A%E7%A4%BE%E6%A6%82%E8%A6%81%20%E5%95%8F%E3%81%84%E5%90%88%E3%82%8F%E3%81%9B%20%E5%8D%B8
太平洋工業,A_メインレーン,日本語商号あり→gBizINFOで従業員数照合へ,太平洋工業,,1,車&バイク,4,1,0,,1682,4150,太平洋工業 チューブレスタイヤゴムバルブ 100個セット TR413CL パッキン付き 太平洋パシフィック TR-413 チューブレスタイヤ用スナップインバルブ,B074RXSYH2,https://www.google.com/search?q=%E5%A4%AA%E5%B9%B3%E6%B4%8B%E5%B7%A5%E6%A5%AD%20%E4%BC%9A%E7%A4%BE%E6%A6%82%E8%A6%81%20%E5%95%8F%E3%81%84%E5%90%88%E3%82%8F%E3%81%9B%20%E5%8D%B8
コロコロ堂,A_メインレーン,日本語商号あり→gBizINFOで従業員数照合へ,コロコロ堂,,1,おもちゃ,4,0,0,,1852,4400,コロコロ堂 ナショナルエコノミー ボードゲーム｜1-4人用 30～45分 12才以上向け｜国産経済ゲームの金字塔。三部作をすべて収録した復刻版,B0FW5D5SF8,https://www.google.com/search?q=%E3%82%B3%E3%83%AD%E3%82%B3%E3%83%AD%E5%A0%82%20%E4%BC%9A%E7%A4%BE%E6%A6%82%E8%A6%81%20%E5%95%8F%E3%81%84%E5%90%88%E3%82%8F%E3%81%9B%20%E5%8D%B8
コンフィデンス,A_メインレーン,日本語商号あり→gBizINFOで従業員数照合へ,日本配合飼料,,1,ペット用品,5,2,0,,1109,4230,コンフィデンス 3kg袋 ラビットフード,B00C149CE8,https://www.google.com/search?q=%E3%82%B3%E3%83%B3%E3%83%95%E3%82%A3%E3%83%87%E3%83%B3%E3%82%B9%20%E4%BC%9A%E7%A4%BE%E6%A6%82%E8%A6%81%20%E5%95%8F%E3%81%84%E5%90%88%E3%82%8F%E3%81%9B%20%E5%8D%B8
AZ(エーゼット),A_メインレーン,日本語商号あり→gBizINFOで従業員数照合へ,AZ(エーゼット),,1,DIY・工具・ガーデン,4,1,0,,473,4150,AZ(エーゼット) 25:1 混合燃料 青 4L 刈払機などの燃料(FG015),B007QQ0CIG,https://www.google.com/search?q=AZ%28%E3%82%A8%E3%83%BC%E3%82%BC%E3%83%83%E3%83%88%29%20%E4%BC%9A%E7%A4%BE%E6%A6%82%E8%A6%81%20%E5%95%8F%E3%81%84%E5%90%88%E3%82%8F%E3%81%9B%20%E5%8D%B8
三菱電機(MITSUBISHI ELECTRIC),A_メインレーン,日本語商号あり→gBizINFOで従業員数照合へ,三菱,,1,大型家電,4,2,0,,1676,4280,【部品】三菱 冷蔵庫 給水タンク 対応機種：対応機種：MR-A37J-T MR-A37J-W MR-A37M-NW MR-A37M-W MR-A37NF-T M,B0186PSHN2,https://www.google.com/search?q=%E4%B8%89%E8%8F%B1%E9%9B%BB%E6%A9%9F%28MITSUBISHI%20ELECTRIC%29%20%E4%BC%9A%E7%A4%BE%E6%A6%82%E8%A6%81%20%E5%95%8F%E3%81%84%E5%90%88%E3%82%8F%E3%81%9B%20%E5%8D%B8
三陽金属(Sanyo Metal),A_メインレーン,日本語商号あり→gBizINFOで従業員数照合へ,三陽金属,,1,DIY・工具・ガーデン,4,2,0,,1169,4850,三陽金属 日本製 水田株間 畑 除草カッター 中干しの達人 チップソー 130mm 8P 稲を守りながら稲の株間除草 草刈り,B07P6H1V6R,https://www.google.com/search?q=%E4%B8%89%E9%99%BD%E9%87%91%E5%B1%9E%28Sanyo%20Metal%29%20%E4%BC%9A%E7%A4%BE%E6%A6%82%E8%A6%81%20%E5%95%8F%E3%81%84%E5%90%88%E3%82%8F%E3%81%9B%20%E5%8D%B8
東レ(TORAY),A_メインレーン,日本語商号あり→gBizINFOで従業員数照合へ,東レ,,1,ホーム&キッチン,6,3,0,,1848,4780,トレビーノ ポット型浄水器 PTシリーズ交換用カートリッジ 東レ PTC.SV2J-Z ホワイト,B00YJWG7F2,https://www.google.com/search?q=%E6%9D%B1%E3%83%AC%28TORAY%29%20%E4%BC%9A%E7%A4%BE%E6%A6%82%E8%A6%81%20%E5%95%8F%E3%81%84%E5%90%88%E3%82%8F%E3%81%9B%20%E5%8D%B8
タカラ産業,A_メインレーン,日本語商号あり→gBizINFOで従業員数照合へ,タカラ産業,,1,DIY・工具・ガーデン,2,0,0,,2000,4851,タカラ産業 ウェーブルーバー（WAVE LOUVER） 室外機カバー SLK85 マグネット式 幅調整可能,B0GMLMR6YN,https://www.google.com/search?q=%E3%82%BF%E3%82%AB%E3%83%A9%E7%94%A3%E6%A5%AD%20%E4%BC%9A%E7%A4%BE%E6%A6%82%E8%A6%81%20%E5%95%8F%E3%81%84%E5%90%88%E3%82%8F%E3%81%9B%20%E5%8D%B8
PKBジャパン,A_メインレーン,日本語商号あり→gBizINFOで従業員数照合へ,PKBジャパン,,1,ペット用品,3,1,0,,2717,5200,PKBジャパン オーラティーン デンタルジェル 犬猫用 28g×2セット,B077M6XNZ5,https://www.google.com/search?q=PKB%E3%82%B8%E3%83%A3%E3%83%91%E3%83%B3%20%E4%BC%9A%E7%A4%BE%E6%A6%82%E8%A6%81%20%E5%95%8F%E3%81%84%E5%90%88%E3%82%8F%E3%81%9B%20%E5%8D%B8
コーナン,A_メインレーン,日本語商号あり→gBizINFOで従業員数照合へ,コーナンオリジナル,,1,DIY・工具・ガーデン,2,0,0,,2327,5180,コーナンオリジナル LIFELEX 自動水やり機 散水タイマー 水やりタイマー 電池式 蛇口接続モデル ガーデニング用 自動散水 留守対策 LFX09-7573,B076X1N3GV,https://www.google.com/search?q=%E3%82%B3%E3%83%BC%E3%83%8A%E3%83%B3%20%E4%BC%9A%E7%A4%BE%E6%A6%82%E8%A6%81%20%E5%95%8F%E3%81%84%E5%90%88%E3%82%8F%E3%81%9B%20%E5%8D%B8
丸隆,A_メインレーン,日本語商号あり→gBizINFOで従業員数照合へ,(株)丸隆,あり,1,大型家電,3,0,0,,1181,5230,丸隆 6N368トルネーダウォッシュMA864,B0B6F392X5,https://www.google.com/search?q=%E4%B8%B8%E9%9A%86%20%E4%BC%9A%E7%A4%BE%E6%A6%82%E8%A6%81%20%E5%95%8F%E3%81%84%E5%90%88%E3%82%8F%E3%81%9B%20%E5%8D%B8
スプラトゥーン3,A_メインレーン,日本語商号あり→gBizINFOで従業員数照合へ,サンアート,,1,おもちゃ,4,3,0,,1742,5175,スプラトゥーン3 サメライド フロート 浮き輪 プール 水遊び ボート,B0D2Q1N7CH,https://www.google.com/search?q=%E3%82%B9%E3%83%97%E3%83%A9%E3%83%88%E3%82%A5%E3%83%BC%E3%83%B33%20%E4%BC%9A%E7%A4%BE%E6%A6%82%E8%A6%81%20%E5%95%8F%E3%81%84%E5%90%88%E3%82%8F%E3%81%9B%20%E5%8D%B8
ピュリナ ワン,A_メインレーン,日本語商号あり→gBizINFOで従業員数照合へ,ネスレピュリナペットケア,,1,ペット用品,5,0,0,,2816,6742,ピュリナワン キャット 1歳から全ての年齢に グレインフリー 白身魚 1.6kg×3個【まとめ買い】,B07H7JSC7P,https://www.google.com/search?q=%E3%83%94%E3%83%A5%E3%83%AA%E3%83%8A%20%E3%83%AF%E3%83%B3%20%E4%BC%9A%E7%A4%BE%E6%A6%82%E8%A6%81%20%E5%95%8F%E3%81%84%E5%90%88%E3%82%8F%E3%81%9B%20%E5%8D%B8
からからつみき(KARAKARATSUMIKI),A_メインレーン,日本語商号あり→gBizINFOで従業員数照合へ,からからつみき(Karakaratsumiki),,1,おもちゃ,2,1,0,,2967,6980,からからつみき 木製 積み木 ギフト 知育玩具 モンテッソーリ | 240ピース 日本製 宮崎県産杉100%使用 無塗装 木のおもちゃ 0歳 1歳 2歳 3歳 ,B07PQRBV8V,https://www.google.com/search?q=%E3%81%8B%E3%82%89%E3%81%8B%E3%82%89%E3%81%A4%E3%81%BF%E3%81%8D%28KARAKARATSUMIKI%29%20%E4%BC%9A%E7%A4%BE%E6%A6%82%E8%A6%81%20%E5%95%8F%E3%81%84%E5%90%88%E3%82%8F%E3%81%9B%20%E5%8D%B8
BEAMS BOY(ビームスボーイ),A_メインレーン,日本語商号あり→gBizINFOで従業員数照合へ,,,1,ファッション,2,0,0,,3775,6820,[ビームスボーイ] キャンパス・バッグ ARC’TERYX MANTIS1 WESTPACK レディース 24K Black FREE,B0F9JCYXMP,https://www.google.com/search?q=BEAMS%20BOY%28%E3%83%93%E3%83%BC%E3%83%A0%E3%82%B9%E3%83%9C%E3%83%BC%E3%82%A4%29%20%E4%BC%9A%E7%A4%BE%E6%A6%82%E8%A6%81%20%E5%95%8F%E3%81%84%E5%90%88%E3%82%8F%E3%81%9B%20%E5%8D%B8
カモ井加工紙,A_メインレーン,日本語商号あり→gBizINFOで従業員数照合へ,カモ井加工紙,,1,DIY・工具・ガーデン,4,1,0,,3461,7405,虫取り上手 強力粘着捕虫シート 黄色 20枚入×6個,B08V4SFL59,https://www.google.com/search?q=%E3%82%AB%E3%83%A2%E4%BA%95%E5%8A%A0%E5%B7%A5%E7%B4%99%20%E4%BC%9A%E7%A4%BE%E6%A6%82%E8%A6%81%20%E5%95%8F%E3%81%84%E5%90%88%E3%82%8F%E3%81%9B%20%E5%8D%B8
パイロットコーポレーション(PILOT CORPORATION),A_メインレーン,日本語商号あり→gBizINFOで従業員数照合へ,パイロットコーポレーション(PILOT CORPORATION),,1,おもちゃ,3,2,0,,3605,7500,パイロットコーポレーション(PILOT CORPORATION) きらりんシール スタンダードセット,B01N7YV05R,https://www.google.com/search?q=%E3%83%91%E3%82%A4%E3%83%AD%E3%83%83%E3%83%88%E3%82%B3%E3%83%BC%E3%83%9D%E3%83%AC%E3%83%BC%E3%82%B7%E3%83%A7%E3%83%B3%28PILOT%20CORPORATION%29%20%E4%BC%9A%E7%A4%BE%E6%A6%82%E8%A6%81%20%E5%95%8F%E3%81%84%E5%90%88%E3%82%8F%E3%81%9B%20%E5%8D%B8
YAZAKI,A_メインレーン,日本語商号あり→gBizINFOで従業員数照合へ,矢崎エナジーシステム(株),あり,1,DIY・工具・ガーデン,3,0,0,,4167,7879,矢崎 都市ガス ガス警報器 YP-756F 日本製 ＣＯ警報器 ガス漏れ 不完全燃焼 複合型 石膏ボード用アタッチメント付き,B07VL814FP,https://www.google.com/search?q=%EF%BC%B9%EF%BC%A1%EF%BC%BA%EF%BC%A1%EF%BC%AB%EF%BC%A9%20%E4%BC%9A%E7%A4%BE%E6%A6%82%E8%A6%81%20%E5%95%8F%E3%81%84%E5%90%88%E3%82%8F%E3%81%9B%20%E5%8D%B8
メグロ化学工業,A_メインレーン,日本語商号あり→gBizINFOで従業員数照合へ,メグロ化学工業,,1,産業・研究開発用品,4,0,0,,2499,7770,メグロ化学工業 MEGUMIX メグミックスブラック 速乾 50ml 6０秒作業時間 完全乾燥時間60分 万能成形接着剤 3本セット 120281-3,B00LP4QCBG,https://www.google.com/search?q=%E3%83%A1%E3%82%B0%E3%83%AD%E5%8C%96%E5%AD%A6%E5%B7%A5%E6%A5%AD%20%E4%BC%9A%E7%A4%BE%E6%A6%82%E8%A6%81%20%E5%95%8F%E3%81%84%E5%90%88%E3%82%8F%E3%81%9B%20%E5%8D%B8
Vitantonio (ビタントニオ),A_メインレーン,日本語商号あり→gBizINFOで従業員数照合へ,三栄コーポレーション,,1,ホーム&キッチン,4,0,0,,3551,8130,[ ビタントニオ 公式 ] ワッフル＆ホットサンドベーカー VWH-600-K（ ホットサンドメーカー 電気 ワッフル メーカー ブラック),B0CG42YR5D,https://www.google.com/search?q=Vitantonio%20%28%E3%83%93%E3%82%BF%E3%83%B3%E3%83%88%E3%83%8B%E3%82%AA%29%20%E4%BC%9A%E7%A4%BE%E6%A6%82%E8%A6%81%20%E5%95%8F%E3%81%84%E5%90%88%E3%82%8F%E3%81%9B%20%E5%8D%B8
ウエスタンデジタル(Western Digital),A_メインレーン,日本語商号あり→gBizINFOで従業員数照合へ,Western Digital,,1,パソコン・周辺機器,4,0,0,,5137,8624,WESTERN DIGITAL 3.5インチ内蔵HDD 1TB SATA6.0Gb/s 7200rpm 64MB WD10EZEX,B008MGX6U0,https://www.google.com/search?q=%E3%82%A6%E3%82%A8%E3%82%B9%E3%82%BF%E3%83%B3%E3%83%87%E3%82%B8%E3%82%BF%E3%83%AB%28Western%20Digital%29%20%E4%BC%9A%E7%A4%BE%E6%A6%82%E8%A6%81%20%E5%95%8F%E3%81%84%E5%90%88%E3%82%8F%E3%81%9B%20%E5%8D%B8
récolte,A_メインレーン,日本語商号あり→gBizINFOで従業員数照合へ,ウィナーズ株式会社,あり,1,ホーム&キッチン,5,1,0,,4690,9900,［日本正規品］recolte コードレスカプセルカッターボンヌ フードプロセッサー コードレス 電動 1台8役 氷も砕ける みじん切り モカブラウン RCP-7,B0FRD5RQ53,https://www.google.com/search?q=r%C3%A9colte%20%E4%BC%9A%E7%A4%BE%E6%A6%82%E8%A6%81%20%E5%95%8F%E3%81%84%E5%90%88%E3%82%8F%E3%81%9B%20%E5%8D%B8
コクヨ(KOKUYO),A_メインレーン,日本語商号あり→gBizINFOで従業員数照合へ,コクヨ(KOKUYO),,1,家電&カメラ,2,0,0,,6381,9900,コクヨ(KOKUYO) 大人のやる気ペン【 文房具総選挙2025大賞受賞】 (旧モデル ホワイト 大人のやる気ペン),B0F672K2MN,https://www.google.com/search?q=%E3%82%B3%E3%82%AF%E3%83%A8%28KOKUYO%29%20%E4%BC%9A%E7%A4%BE%E6%A6%82%E8%A6%81%20%E5%95%8F%E3%81%84%E5%90%88%E3%82%8F%E3%81%9B%20%E5%8D%B8
DXアンテナ,A_メインレーン,日本語商号あり→gBizINFOで従業員数照合へ,DXアンテナ株式会社,あり,1,家電&カメラ,6,1,0,,6303,9700,DXアンテナ ブースター用電源装置(DC15V) PSH30S (PSH25S 後継品),B0GBTXNGSZ,https://www.google.com/search?q=DX%E3%82%A2%E3%83%B3%E3%83%86%E3%83%8A%20%E4%BC%9A%E7%A4%BE%E6%A6%82%E8%A6%81%20%E5%95%8F%E3%81%84%E5%90%88%E3%82%8F%E3%81%9B%20%E5%8D%B8
フシマン,A_メインレーン,日本語商号あり→gBizINFOで従業員数照合へ,,,1,車&バイク,5,2,0,,4720,9600,プロフェッショナルA/Cリークストップ エアコンガス漏れ止め剤 サービス缶タイプ R-134a専用,B00WFUY1W6,https://www.google.com/search?q=%E3%83%95%E3%82%B7%E3%83%9E%E3%83%B3%20%E4%BC%9A%E7%A4%BE%E6%A6%82%E8%A6%81%20%E5%95%8F%E3%81%84%E5%90%88%E3%82%8F%E3%81%9B%20%E5%8D%B8
第一ビニール,A_メインレーン,日本語商号あり→gBizINFOで従業員数照合へ,第一ビニール,,1,DIY・工具・ガーデン,4,0,0,,6485,11500,DAIM 土と芝の根 どめどめシート 15cm 3m巻 12セット 花壇 土留め 根止め ガーデンエッジ,B076M5T7CQ,https://www.google.com/search?q=%E7%AC%AC%E4%B8%80%E3%83%93%E3%83%8B%E3%83%BC%E3%83%AB%20%E4%BC%9A%E7%A4%BE%E6%A6%82%E8%A6%81%20%E5%95%8F%E3%81%84%E5%90%88%E3%82%8F%E3%81%9B%20%E5%8D%B8
日本電興株式会社,A_メインレーン,日本語商号あり→gBizINFOで従業員数照合へ,日本電興,あり,1,DIY・工具・ガーデン,2,1,0,,4093,13585,日本電興(NIHON DENKO) 日本製 ナノバブル発生装置 キッチン水栓用 (泡沫/丸型) ND-NBKS 工具不要 簡単取付 ナノバブル 節水,B0CCCMPTQR,https://www.google.com/search?q=%E6%97%A5%E6%9C%AC%E9%9B%BB%E8%88%88%E6%A0%AA%E5%BC%8F%E4%BC%9A%E7%A4%BE%20%E4%BC%9A%E7%A4%BE%E6%A6%82%E8%A6%81%20%E5%95%8F%E3%81%84%E5%90%88%E3%82%8F%E3%81%9B%20%E5%8D%B8
海洋堂(KAIYODO),A_メインレーン,日本語商号あり→gBizINFOで従業員数照合へ,海洋堂(KAIYODO),,1,おもちゃ,7,3,0,,6218,11980,海洋堂 (KAIYODO) リボルテック アメイジング・ヤマグチ X-MEN ケーブル Ver.1.5 全高約170mm ノンスケール PVC・ABS・POM製,B0F9KQTKYH,https://www.google.com/search?q=%E6%B5%B7%E6%B4%8B%E5%A0%82%28KAIYODO%29%20%E4%BC%9A%E7%A4%BE%E6%A6%82%E8%A6%81%20%E5%95%8F%E3%81%84%E5%90%88%E3%82%8F%E3%81%9B%20%E5%8D%B8
エーペックス(Apex),A_メインレーン,日本語商号あり→gBizINFOで従業員数照合へ,エーペックス(Apex),,1,ホビー,5,2,0,,8646,15400,ブルーアーカイブ イロハ 1/7スケール PVC&ABS製 塗装済み完成品フィギュア,B0DJ8FQDP6,https://www.google.com/search?q=%E3%82%A8%E3%83%BC%E3%83%9A%E3%83%83%E3%82%AF%E3%82%B9%28Apex%29%20%E4%BC%9A%E7%A4%BE%E6%A6%82%E8%A6%81%20%E5%95%8F%E3%81%84%E5%90%88%E3%82%8F%E3%81%9B%20%E5%8D%B8
テスコム,A_メインレーン,日本語商号あり→gBizINFOで従業員数照合へ,テスコム(TESCOM),,1,ペット用品,3,1,0,,5639,17800,テスコム ペット用バリカン グルーミング掃除機 6in1 多機能ペット掃除機 犬 猫 掃除機 換毛期対策 ホワイト PET-TK01WH,B0DNJGZ64V,https://www.google.com/search?q=%E3%83%86%E3%82%B9%E3%82%B3%E3%83%A0%20%E4%BC%9A%E7%A4%BE%E6%A6%82%E8%A6%81%20%E5%95%8F%E3%81%84%E5%90%88%E3%82%8F%E3%81%9B%20%E5%8D%B8
Xvive,A_メインレーン,日本語商号あり→gBizINFOで従業員数照合へ,Xvive エックスバイブ,,1,楽器・音響機器,4,2,0,,10942,18975,XVIVE エックスバイブ U4R インイヤーモニター ワイヤレスシステム(レシーバーのみ) XV-U4R,B0822485S7,https://www.google.com/search?q=Xvive%20%E4%BC%9A%E7%A4%BE%E6%A6%82%E8%A6%81%20%E5%95%8F%E3%81%84%E5%90%88%E3%82%8F%E3%81%9B%20%E5%8D%B8
ベンキュージャパン,A_メインレーン,日本語商号あり→gBizINFOで従業員数照合へ,ベンキュージャパン,,1,パソコン・周辺機器,2,0,0,,13216,19800,BenQ ZOWIE S2-DW ワイヤレスゲーミングマウス 中プロファイル/左右対称/65g/3950センサー/4000Hz/右利き用,B0DWMQSR6C,https://www.google.com/search?q=%E3%83%99%E3%83%B3%E3%82%AD%E3%83%A5%E3%83%BC%E3%82%B8%E3%83%A3%E3%83%91%E3%83%B3%20%E4%BC%9A%E7%A4%BE%E6%A6%82%E8%A6%81%20%E5%95%8F%E3%81%84%E5%90%88%E3%82%8F%E3%81%9B%20%E5%8D%B8
リンナイ(Rinnai),A_メインレーン,日本語商号あり→gBizINFOで従業員数照合へ,リンナイ(Rinnai),,1,DIY・工具・ガーデン,5,1,0,,386,1990,リンナイ 小型湯沸器専用部品 【標準】カバー付出湯管(長さ：350mm) 【型番：RU-0210】,B009XN0SAM,https://www.google.com/search?q=%E3%83%AA%E3%83%B3%E3%83%8A%E3%82%A4%28Rinnai%29%20%E4%BC%9A%E7%A4%BE%E6%A6%82%E8%A6%81%20%E5%95%8F%E3%81%84%E5%90%88%E3%82%8F%E3%81%9B%20%E5%8D%B8
快適設計IBR,A_メインレーン,日本語商号あり→gBizINFOで従業員数照合へ,株式会社アイ・ビー・アール,あり,1,産業・研究開発用品,3,1,0,,529,1980,[快適設計IBR] KN95 マスク 不織布 5層 CNAS機関認証済み 旧製品「レギュラー」の新バージョン 立体構造 ノーズスポンジ付き 曇りにくい 耳が痛く,B0DX1R9SK6,https://www.google.com/search?q=%E5%BF%AB%E9%81%A9%E8%A8%AD%E8%A8%88IBR%20%E4%BC%9A%E7%A4%BE%E6%A6%82%E8%A6%81%20%E5%95%8F%E3%81%84%E5%90%88%E3%82%8F%E3%81%9B%20%E5%8D%B8
Hikari(ヒカリ),A_メインレーン,日本語商号あり→gBizINFOで従業員数照合へ,キョーリン,,1,ペット用品,3,0,0,,338,1900,「ヒカリ (Hikari) ひかりクレスト タートルスタンドパック 250g」 2個セット,B07WFSJ9QS,https://www.google.com/search?q=Hikari%28%E3%83%92%E3%82%AB%E3%83%AA%29%20%E4%BC%9A%E7%A4%BE%E6%A6%82%E8%A6%81%20%E5%95%8F%E3%81%84%E5%90%88%E3%82%8F%E3%81%9B%20%E5%8D%B8
四国化成工業,A_メインレーン,日本語商号あり→gBizINFOで従業員数照合へ,四国化成,,1,産業・研究開発用品,3,1,0,,521,2320,四国化成工業 バイオシーダー 450g入 （25g×18包）×2個 浄化槽用脱臭剤 浄化槽バクテリア シーディング剤,B0DPW9KVPT,https://www.google.com/search?q=%E5%9B%9B%E5%9B%BD%E5%8C%96%E6%88%90%E5%B7%A5%E6%A5%AD%20%E4%BC%9A%E7%A4%BE%E6%A6%82%E8%A6%81%20%E5%95%8F%E3%81%84%E5%90%88%E3%82%8F%E3%81%9B%20%E5%8D%B8
ナイキ(NIKE),A_メインレーン,日本語商号あり→gBizINFOで従業員数照合へ,ナイキ(NIKE),,1,スポーツ&アウトドア,2,1,0,,396,2398,NIKE ナイキ ソリッドコアタオル ミディアム ブラック/ホワイト TW2001-010,B0DWFJT7LV,https://www.google.com/search?q=%E3%83%8A%E3%82%A4%E3%82%AD%28NIKE%29%20%E4%BC%9A%E7%A4%BE%E6%A6%82%E8%A6%81%20%E5%95%8F%E3%81%84%E5%90%88%E3%82%8F%E3%81%9B%20%E5%8D%B8
ソフトーク,A_メインレーン,日本語商号あり→gBizINFOで従業員数照合へ,ユニチャーム,,1,産業・研究開発用品,6,1,0,,568,2580,ユニ・チャーム ソフトーク 超立体マスク ふつう 100枚 2箱セット,B084WNCM42,https://www.google.com/search?q=%E3%82%BD%E3%83%95%E3%83%88%E3%83%BC%E3%82%AF%20%E4%BC%9A%E7%A4%BE%E6%A6%82%E8%A6%81%20%E5%95%8F%E3%81%84%E5%90%88%E3%82%8F%E3%81%9B%20%E5%8D%B8
ルートアール,A_メインレーン,日本語商号あり→gBizINFOで従業員数照合へ,ルートアール,,1,パソコン・周辺機器,4,1,0,,1520,2980,ルートアール 双方向・メタル筐体・多機能表示 USB Type-C電圧・電流チェッカー （ケーブル付きモデル） RT-TC5VABK,B095RJYT39,https://www.google.com/search?q=%E3%83%AB%E3%83%BC%E3%83%88%E3%82%A2%E3%83%BC%E3%83%AB%20%E4%BC%9A%E7%A4%BE%E6%A6%82%E8%A6%81%20%E5%95%8F%E3%81%84%E5%90%88%E3%82%8F%E3%81%9B%20%E5%8D%B8
RAILROAD SOCK(レイルロードソック),A_メインレーン,日本語商号あり→gBizINFOで従業員数照合へ,RAILROAD SOCK(レイルロードソック),,1,ファッション,5,2,0,,556,2768,(レイルロードソック)RAILROAD SOCK クルーソックス 6足セット (ホワイト),B00HYVR8IA,https://www.google.com/search?q=RAILROAD%20SOCK%28%E3%83%AC%E3%82%A4%E3%83%AB%E3%83%AD%E3%83%BC%E3%83%89%E3%82%BD%E3%83%83%E3%82%AF%29%20%E4%BC%9A%E7%A4%BE%E6%A6%82%E8%A6%81%20%E5%95%8F%E3%81%84%E5%90%88%E3%82%8F%E3%81%9B%20%E5%8D%B8
Yamazaki(山崎実業),A_メインレーン,日本語商号あり→gBizINFOで従業員数照合へ,山崎実業(Yamazaki),,1,ホーム&キッチン,2,0,0,,528,3080,山崎実業(Yamazaki) 【穴が目立ちにくい石こうボードピンセット・木ネジ 付属】 ウォール 角度調節 ドライヤーホルダー 石こうボード壁対応 ホワイト W,B0F9KYPL1H,https://www.google.com/search?q=Yamazaki%28%E5%B1%B1%E5%B4%8E%E5%AE%9F%E6%A5%AD%29%20%E4%BC%9A%E7%A4%BE%E6%A6%82%E8%A6%81%20%E5%95%8F%E3%81%84%E5%90%88%E3%82%8F%E3%81%9B%20%E5%8D%B8
Smith & Nephew,A_メインレーン,日本語商号あり→gBizINFOで従業員数照合へ,スミス・アンド・ネフュー,,1,産業・研究開発用品,6,4,0,,928,3200,スミス・アンド・ネフュー ウンド マネジメント メロリン 10×10cm 10枚入 66974933 3個セット,B0BYN28GBH,https://www.google.com/search?q=Smith%20%26%20Nephew%20%E4%BC%9A%E7%A4%BE%E6%A6%82%E8%A6%81%20%E5%95%8F%E3%81%84%E5%90%88%E3%82%8F%E3%81%9B%20%E5%8D%B8
日本のオラクルカード・タロットカード全集,A_メインレーン,日本語商号あり→gBizINFOで従業員数照合へ,enoko,,1,おもちゃ,3,0,0,,1495,3300,しろふわくんのしあわせ運ぶオラクルカード ｜ enoko ｜ カード36枚 日本語解説紙付き【正規品】,B0FCXW7YTT,https://www.google.com/search?q=%E6%97%A5%E6%9C%AC%E3%81%AE%E3%82%AA%E3%83%A9%E3%82%AF%E3%83%AB%E3%82%AB%E3%83%BC%E3%83%89%E3%83%BB%E3%82%BF%E3%83%AD%E3%83%83%E3%83%88%E3%82%AB%E3%83%BC%E3%83%89%E5%85%A8%E9%9B%86%20%E4%BC%9A%E7%A4%BE%E6%A6%82%E8%A6%81%20%E5%95%8F%E3%81%84%E5%90%88%E3%82%8F%E3%81%9B%20%E5%8D%B8
イーサプライ,A_メインレーン,日本語商号あり→gBizINFOで従業員数照合へ,イーサプライ,,1,パソコン・周辺機器,2,2,0,,1518,3580,イーサプライ モニタースタンド モニターアーム 置き型 27インチ程度 耐荷重6kg 高さ変更 VESA ブラック EEX-LA020BK,B0816QS5VF,https://www.google.com/search?q=%E3%82%A4%E3%83%BC%E3%82%B5%E3%83%97%E3%83%A9%E3%82%A4%20%E4%BC%9A%E7%A4%BE%E6%A6%82%E8%A6%81%20%E5%95%8F%E3%81%84%E5%90%88%E3%82%8F%E3%81%9B%20%E5%8D%B8
野田琺瑯(Nodahoro),A_メインレーン,日本語商号あり→gBizINFOで従業員数照合へ,野田琺瑯(Nodahoro),,1,ホーム&キッチン,5,0,0,,500,3520,野田琺瑯(Nodahoro) 保存容器 ホーロー 耐熱 持ち手付きストッカー 角型 レクタングル Lサイズ 密閉蓋付 ホワイトシリーズ 日本製 MSM-12K,B003VIVZTS,https://www.google.com/search?q=%E9%87%8E%E7%94%B0%E7%90%BA%E7%91%AF%28Nodahoro%29%20%E4%BC%9A%E7%A4%BE%E6%A6%82%E8%A6%81%20%E5%95%8F%E3%81%84%E5%90%88%E3%82%8F%E3%81%9B%20%E5%8D%B8
ホビージャパン(HobbyJAPAN),A_メインレーン,日本語商号あり→gBizINFOで従業員数照合へ,ホビージャパン(HobbyJAPAN),,1,おもちゃ,2,0,0,,1229,4050,ホビージャパン(HobbyJAPAN) コードネーム 日本語版,B019SZ30BI,https://www.google.com/search?q=%E3%83%9B%E3%83%93%E3%83%BC%E3%82%B8%E3%83%A3%E3%83%91%E3%83%B3%28HobbyJAPAN%29%20%E4%BC%9A%E7%A4%BE%E6%A6%82%E8%A6%81%20%E5%95%8F%E3%81%84%E5%90%88%E3%82%8F%E3%81%9B%20%E5%8D%B8
naef,A_メインレーン,日本語商号あり→gBizINFOで従業員数照合へ,ネフ社,,1,ベビー&マタニティ,5,2,0,,1837,4280,ネフ社　リングリィリング（naef Ringli-ring）,B0028JR72A,https://www.google.com/search?q=naef%20%E4%BC%9A%E7%A4%BE%E6%A6%82%E8%A6%81%20%E5%95%8F%E3%81%84%E5%90%88%E3%82%8F%E3%81%9B%20%E5%8D%B8
アース渦巻香,A_メインレーン,日本語商号あり→gBizINFOで従業員数照合へ,アース製薬,,1,スポーツ&アウトドア,4,2,0,,1856,4580,アース 渦巻香 アロマセレクション 蚊取り線香 蚊 駆除 約12時間効果が持続 ジャンボ 60巻 函入,B08WQ84CJN,https://www.google.com/search?q=%E3%82%A2%E3%83%BC%E3%82%B9%E6%B8%A6%E5%B7%BB%E9%A6%99%20%E4%BC%9A%E7%A4%BE%E6%A6%82%E8%A6%81%20%E5%95%8F%E3%81%84%E5%90%88%E3%82%8F%E3%81%9B%20%E5%8D%B8
KÄRCHER,A_メインレーン,日本語商号あり→gBizINFOで従業員数照合へ,ケルヒャージャパン株式会社,あり,1,DIY・工具・ガーデン,6,1,0,,1100,4177,【純正品】ケルヒャー(Karcher)スプラッシュガード 2.642-706.0,B01MT53F7N,https://www.google.com/search?q=K%C3%84RCHER%20%E4%BC%9A%E7%A4%BE%E6%A6%82%E8%A6%81%20%E5%95%8F%E3%81%84%E5%90%88%E3%82%8F%E3%81%9B%20%E5%8D%B8
シモジマ(SHIMOJIMA),A_メインレーン,日本語商号あり→gBizINFOで従業員数照合へ,シモジマ(SHIMOJIMA),,1,ホーム&キッチン,4,0,0,,1231,4900,【10個セット】 シモジマ ヘイコー 食品袋 PP 食パン袋 1斤用 L Eタイプ 100枚入り ×10束 006721412 透明 厚0.025×幅125 /,B0CFRJGVT1,https://www.google.com/search?q=%E3%82%B7%E3%83%A2%E3%82%B8%E3%83%9E%28SHIMOJIMA%29%20%E4%BC%9A%E7%A4%BE%E6%A6%82%E8%A6%81%20%E5%95%8F%E3%81%84%E5%90%88%E3%82%8F%E3%81%9B%20%E5%8D%B8
辻希美プロデュース,A_メインレーン,日本語商号あり→gBizINFOで従業員数照合へ,,,1,ベビー&マタニティ,5,1,0,,2262,5051,辻希美 プロデュース 骨盤ベルト 正規販売店 腰用 骨盤ケア 骨盤補正固定バンド カーブベルトプロテクト (L-LL),B0CC8KLLZT,https://www.google.com/search?q=%E8%BE%BB%E5%B8%8C%E7%BE%8E%E3%83%97%E3%83%AD%E3%83%87%E3%83%A5%E3%83%BC%E3%82%B9%20%E4%BC%9A%E7%A4%BE%E6%A6%82%E8%A6%81%20%E5%95%8F%E3%81%84%E5%90%88%E3%82%8F%E3%81%9B%20%E5%8D%B8
イースター,A_メインレーン,日本語商号あり→gBizINFOで従業員数照合へ,イースター,,1,ペット用品,6,1,0,,1882,5379,イースター フェレットセレクション シニア 3.5Kg,B0030IK0IQ,https://www.google.com/search?q=%E3%82%A4%E3%83%BC%E3%82%B9%E3%82%BF%E3%83%BC%20%E4%BC%9A%E7%A4%BE%E6%A6%82%E8%A6%81%20%E5%95%8F%E3%81%84%E5%90%88%E3%82%8F%E3%81%9B%20%E5%8D%B8
レヂトン(Resiton),A_メインレーン,日本語商号あり→gBizINFOで従業員数照合へ,レヂトン(Resiton),,1,DIY・工具・ガーデン,2,0,0,,2625,5899,レヂトン 切断砥石 金の卵 105×1.0×15【30枚セット】 (ステンレス/金属用),B091YCZWTZ,https://www.google.com/search?q=%E3%83%AC%E3%83%82%E3%83%88%E3%83%B3%28Resiton%29%20%E4%BC%9A%E7%A4%BE%E6%A6%82%E8%A6%81%20%E5%95%8F%E3%81%84%E5%90%88%E3%82%8F%E3%81%9B%20%E5%8D%B8
フィード,A_メインレーン,日本語商号あり→gBizINFOで従業員数照合へ,ノーブランド,,1,ホーム&キッチン,2,0,0,,2883,5890,業務用 紙コップ 無地 3000個 5オンス(150cc) ケース販売 ペーパーカップ 冷水専用 ホワイト 業務用 うがい用,B0CMZPNN16,https://www.google.com/search?q=%E3%83%95%E3%82%A3%E3%83%BC%E3%83%89%20%E4%BC%9A%E7%A4%BE%E6%A6%82%E8%A6%81%20%E5%95%8F%E3%81%84%E5%90%88%E3%82%8F%E3%81%9B%20%E5%8D%B8
モリグリーン(Moly Green),A_メインレーン,日本語商号あり→gBizINFOで従業員数照合へ,モリグリーン(Moly Green),,1,車&バイク,2,0,0,,721,5780,モリグリーン(Moly Green) エンジンオイル セレクション 0W20 SP/GF-6A 4L 全合成油 0470076,B01MAWKDKP,https://www.google.com/search?q=%E3%83%A2%E3%83%AA%E3%82%B0%E3%83%AA%E3%83%BC%E3%83%B3%28Moly%20Green%29%20%E4%BC%9A%E7%A4%BE%E6%A6%82%E8%A6%81%20%E5%95%8F%E3%81%84%E5%90%88%E3%82%8F%E3%81%9B%20%E5%8D%B8
スズキ機工(Suzuki Kikoh),A_メインレーン,日本語商号あり→gBizINFOで従業員数照合へ,スズキ機工,,1,車&バイク,4,0,0,,2487,6509,スズキ機工 ベルハンマーセブン 330ml 2本セット[エンジンオイル添加剤/自動車],B08K8Q8CJ6,https://www.google.com/search?q=%E3%82%B9%E3%82%BA%E3%82%AD%E6%A9%9F%E5%B7%A5%28Suzuki%20Kikoh%29%20%E4%BC%9A%E7%A4%BE%E6%A6%82%E8%A6%81%20%E5%95%8F%E3%81%84%E5%90%88%E3%82%8F%E3%81%9B%20%E5%8D%B8
コミネ(KOMINE),A_メインレーン,日本語商号あり→gBizINFOで従業員数照合へ,KK-923,あり,1,産業・研究開発用品,4,1,0,,2740,7420,コミネ(KOMINE) ペルチェ素子ウェアラブル ブレインクーラー Black Free 00-923 KK-923 熱中症対策 冷却グッズ 暑さ対策 ネックク,B0FDKB6GJH,https://www.google.com/search?q=%E3%82%B3%E3%83%9F%E3%83%8D%28KOMINE%29%20%E4%BC%9A%E7%A4%BE%E6%A6%82%E8%A6%81%20%E5%95%8F%E3%81%84%E5%90%88%E3%82%8F%E3%81%9B%20%E5%8D%B8
美和ロック(Miwalock),A_メインレーン,日本語商号あり→gBizINFOで従業員数照合へ,美和ロック(Miwalock),,1,DIY・工具・ガーデン,4,1,0,,4101,7790,ミワロック MIWA (美和) 取替引戸錠 PSSL09-1LS ディンプルキー5本付 引き違い ブロンズ色(CB),B086GZCJTF,https://www.google.com/search?q=%E7%BE%8E%E5%92%8C%E3%83%AD%E3%83%83%E3%82%AF%28Miwalock%29%20%E4%BC%9A%E7%A4%BE%E6%A6%82%E8%A6%81%20%E5%95%8F%E3%81%84%E5%90%88%E3%82%8F%E3%81%9B%20%E5%8D%B8
Kurilon,A_メインレーン,日本語商号あり→gBizINFOで従業員数照合へ,クリロン化成株式会社,あり,1,ベビー&マタニティ,3,0,0,,2272,7780,BOS おむつが臭わない袋 大人用 Lサイズ 90枚入 5箱セット,B07N37S6BV,https://www.google.com/search?q=Kurilon%20%E4%BC%9A%E7%A4%BE%E6%A6%82%E8%A6%81%20%E5%95%8F%E3%81%84%E5%90%88%E3%82%8F%E3%81%9B%20%E5%8D%B8
グッドスマイルカンパニー(GOOD SMILE COMPANY),A_メインレーン,日本語商号あり→gBizINFOで従業員数照合へ,グッドスマイルカンパニー,,1,おもちゃ,3,0,0,,3704,8800,グッドスマイルカンパニー[GOOD SMILE COMPANY] MODEROID 機動警察パトレイバー 98式特型指揮車&99式特型レイバーキャリア 1/60,B0GLP9K44Q,https://www.google.com/search?q=%E3%82%B0%E3%83%83%E3%83%89%E3%82%B9%E3%83%9E%E3%82%A4%E3%83%AB%E3%82%AB%E3%83%B3%E3%83%91%E3%83%8B%E3%83%BC%28GOOD%20SMILE%20COMPANY%29%20%E4%BC%9A%E7%A4%BE%E6%A6%82%E8%A6%81%20%E5%95%8F%E3%81%84%E5%90%88%E3%82%8F%E3%81%9B%20%E5%8D%B8
パワーブリーズ(POWER BREATHE),A_メインレーン,日本語商号あり→gBizINFOで従業員数照合へ,POWER BREATHE,,1,スポーツ&アウトドア,2,0,0,,4761,8999,パワーブリーズ POWERbreathe PLUS 呼吸筋トレーニング器具 パワーブリーズプラス Medium Resistance 重負荷 ブルー BLUE ,B0BY84LRVB,https://www.google.com/search?q=%E3%83%91%E3%83%AF%E3%83%BC%E3%83%96%E3%83%AA%E3%83%BC%E3%82%BA%28POWER%20BREATHE%29%20%E4%BC%9A%E7%A4%BE%E6%A6%82%E8%A6%81%20%E5%95%8F%E3%81%84%E5%90%88%E3%82%8F%E3%81%9B%20%E5%8D%B8
ストレッチングボード,A_メインレーン,日本語商号あり→gBizINFOで従業員数照合へ,アサヒ,,1,スポーツ&アウトドア,3,1,0,,4556,9900,【純国産】ストレッチボード アサヒ ストレッチングボード足首ストレッチ ふくらはぎストレッチ アキレス腱伸ばし 足首を柔らかくする器具 アーチ インソール 階角,B000BK6CHE,https://www.google.com/search?q=%E3%82%B9%E3%83%88%E3%83%AC%E3%83%83%E3%83%81%E3%83%B3%E3%82%B0%E3%83%9C%E3%83%BC%E3%83%89%20%E4%BC%9A%E7%A4%BE%E6%A6%82%E8%A6%81%20%E5%95%8F%E3%81%84%E5%90%88%E3%82%8F%E3%81%9B%20%E5%8D%B8
StarTech.com(スターテック),A_メインレーン,日本語商号あり→gBizINFOで従業員数照合へ,StarTech.com,,1,パソコン・周辺機器,4,0,0,,3428,9291,StarTech USB-A／USB-C HDMI 変換アダプター 4K+1080p M1〜M5 Mac・Win 107B-USB-HDMI-2,B0FPNVQ4Z3,https://www.google.com/search?q=StarTech.com%28%E3%82%B9%E3%82%BF%E3%83%BC%E3%83%86%E3%83%83%E3%82%AF%29%20%E4%BC%9A%E7%A4%BE%E6%A6%82%E8%A6%81%20%E5%95%8F%E3%81%84%E5%90%88%E3%82%8F%E3%81%9B%20%E5%8D%B8
Leatherwood Bespoke Rosin 社,A_メインレーン,日本語商号あり→gBizINFOで従業員数照合へ,Leatherwood Bespoke Rosin 社,,1,楽器・音響機器,4,2,0,,5627,11108,Leatherwood Bespoke Rosin レザーウッド ベスポーク松脂　violin Crisp（ヴァイオリン　クリスプ ）,B07PYS9V3C,https://www.google.com/search?q=Leatherwood%20Bespoke%20Rosin%20%E7%A4%BE%20%E4%BC%9A%E7%A4%BE%E6%A6%82%E8%A6%81%20%E5%95%8F%E3%81%84%E5%90%88%E3%82%8F%E3%81%9B%20%E5%8D%B8
MITSUBA(ミツバサンコーワ),A_メインレーン,日本語商号あり→gBizINFOで従業員数照合へ,ミツバサンコーワ,,1,車&バイク,5,1,0,,1686,12600,MITSUBA(ミツバサンコーワ) アルファー II コンパクト ホーン クラクション 車 バイク 中音域 小型軽量 保安基準適合品 日本製 HOS-04G,B003BMBM7O,https://www.google.com/search?q=MITSUBA%28%E3%83%9F%E3%83%84%E3%83%90%E3%82%B5%E3%83%B3%E3%82%B3%E3%83%BC%E3%83%AF%29%20%E4%BC%9A%E7%A4%BE%E6%A6%82%E8%A6%81%20%E5%95%8F%E3%81%84%E5%90%88%E3%82%8F%E3%81%9B%20%E5%8D%B8
IK Multimedia,A_メインレーン,日本語商号あり→gBizINFOで従業員数照合へ,IK Multimedia(アイケーマルチメディア),,1,楽器・音響機器,5,2,0,,7532,13800,IK Multimedia iRig BlueTurn iRigシリーズ 12.6*9.3*2.5cm 国内正規品,B01CQBU87U,https://www.google.com/search?q=IK%20Multimedia%20%E4%BC%9A%E7%A4%BE%E6%A6%82%E8%A6%81%20%E5%95%8F%E3%81%84%E5%90%88%E3%82%8F%E3%81%9B%20%E5%8D%B8
矢崎化工(Yazaki Kako),A_メインレーン,日本語商号あり→gBizINFOで従業員数照合へ,矢崎エナジーシステム,,1,DIY・工具・ガーデン,2,0,0,,7658,13000,YAZAKI YP-778A 都市ガス用電池式ガス・CO警報器　矢崎エナジーシステム製　12A、13A ホワイト,B0B3SKGMJR,https://www.google.com/search?q=%E7%9F%A2%E5%B4%8E%E5%8C%96%E5%B7%A5%28Yazaki%20Kako%29%20%E4%BC%9A%E7%A4%BE%E6%A6%82%E8%A6%81%20%E5%95%8F%E3%81%84%E5%90%88%E3%82%8F%E3%81%9B%20%E5%8D%B8
KORG(コルグ),A_メインレーン,日本語商号あり→gBizINFOで従業員数照合へ,KORG(コルグ),,1,楽器・音響機器,3,2,0,,5492,14680,KORG(コルグ) Nu:Tekt NTS-1 digital kit はんだ付けなしで組み立て可能 DIY シンセキット USBバスパワー ソフトウェアライセ,B07XH591BH,https://www.google.com/search?q=KORG%28%E3%82%B3%E3%83%AB%E3%82%B0%29%20%E4%BC%9A%E7%A4%BE%E6%A6%82%E8%A6%81%20%E5%95%8F%E3%81%84%E5%90%88%E3%82%8F%E3%81%9B%20%E5%8D%B8
EDISONmama(エジソンママ),A_メインレーン,日本語商号あり→gBizINFOで従業員数照合へ,株式会社ケイジェイシー,あり,1,ベビー&マタニティ,3,0,0,,6637,14041,EDISONmama(エジソンママ) ディズニー Disney プレイマット ミッキーマウス もちもち 低反発 ベビーマット ベビー 赤ちゃん 子ども 防音マッ,B0DDPVYTL6,https://www.google.com/search?q=EDISONmama%28%E3%82%A8%E3%82%B8%E3%82%BD%E3%83%B3%E3%83%9E%E3%83%9E%29%20%E4%BC%9A%E7%A4%BE%E6%A6%82%E8%A6%81%20%E5%95%8F%E3%81%84%E5%90%88%E3%82%8F%E3%81%9B%20%E5%8D%B8
Ergobaby(エルゴベビー),A_メインレーン,日本語商号あり→gBizINFOで従業員数照合へ,Ergobaby,,1,ベビー&マタニティ,4,2,0,,5441,15800,Ergobaby エルゴベビー EBC AWAY グラファイトグレー CREGBCAWYGRAPH,B0BDZFNV8T,https://www.google.com/search?q=Ergobaby%28%E3%82%A8%E3%83%AB%E3%82%B4%E3%83%99%E3%83%93%E3%83%BC%29%20%E4%BC%9A%E7%A4%BE%E6%A6%82%E8%A6%81%20%E5%95%8F%E3%81%84%E5%90%88%E3%82%8F%E3%81%9B%20%E5%8D%B8
new balance(ニューバランス),A_メインレーン,日本語商号あり→gBizINFOで従業員数照合へ,NEW BALANCE,,1,ファッション,5,0,0,,6743,15900,[ニューバランス] MR530SG width D WHITE レディース スニーカー ホワイト ネイビー シルバー ブラック ワイズ D 27.5cm [並行,B09F36LB7C,https://www.google.com/search?q=new%20balance%28%E3%83%8B%E3%83%A5%E3%83%BC%E3%83%90%E3%83%A9%E3%83%B3%E3%82%B9%29%20%E4%BC%9A%E7%A4%BE%E6%A6%82%E8%A6%81%20%E5%95%8F%E3%81%84%E5%90%88%E3%82%8F%E3%81%9B%20%E5%8D%B8
ハイメス,A_メインレーン,日本語商号あり→gBizINFOで従業員数照合へ,ハイメス,,1,おもちゃ,5,0,0,,331,1780,HEIMESS スピニングトップ ウィズ パール G736220 0歳から回せるコマ,B002LZU2SW,https://www.google.com/search?q=%E3%83%8F%E3%82%A4%E3%83%A1%E3%82%B9%20%E4%BC%9A%E7%A4%BE%E6%A6%82%E8%A6%81%20%E5%95%8F%E3%81%84%E5%90%88%E3%82%8F%E3%81%9B%20%E5%8D%B8
ブリーダーズ・ファーム,A_メインレーン,日本語商号あり→gBizINFOで従業員数照合へ,ブリーダーズ・ファーム,,1,ペット用品,2,0,0,,33,1800,【2袋セット】ブリーダーズ・ファーム 濃厚タンパクゼリー エッグ 16g×100個（1600g） 昆虫、フクロモモンガ、ハリネズミ 繁殖期 産卵 体力回復 タン,B09L1JWGWC,https://www.google.com/search?q=%E3%83%96%E3%83%AA%E3%83%BC%E3%83%80%E3%83%BC%E3%82%BA%E3%83%BB%E3%83%95%E3%82%A1%E3%83%BC%E3%83%A0%20%E4%BC%9A%E7%A4%BE%E6%A6%82%E8%A6%81%20%E5%95%8F%E3%81%84%E5%90%88%E3%82%8F%E3%81%9B%20%E5%8D%B8
エジソン(EDISON),A_メインレーン,日本語商号あり→gBizINFOで従業員数照合へ,ベルニコ,,1,ベビー&マタニティ,4,0,0,,311,1628,WOW CUP baby 【逆さにしても倒してもこぼれにくい】 360°どこからでも飲める トレーニングマグ ベビーマグ コップ飲み練習 ファーストカップ パー,B0DPX41RG4,https://www.google.com/search?q=%E3%82%A8%E3%82%B8%E3%82%BD%E3%83%B3%28EDISON%29%20%E4%BC%9A%E7%A4%BE%E6%A6%82%E8%A6%81%20%E5%95%8F%E3%81%84%E5%90%88%E3%82%8F%E3%81%9B%20%E5%8D%B8
マツヨシ,A_メインレーン,日本語商号あり→gBizINFOで従業員数照合へ,,,1,産業・研究開発用品,5,1,0,,237,1624,視力表 ランドルト 3m + 遮眼子 セット,B076WSCNLF,https://www.google.com/search?q=%E3%83%9E%E3%83%84%E3%83%A8%E3%82%B7%20%E4%BC%9A%E7%A4%BE%E6%A6%82%E8%A6%81%20%E5%95%8F%E3%81%84%E5%90%88%E3%82%8F%E3%81%9B%20%E5%8D%B8
コジマ(PB),A_メインレーン,日本語商号あり→gBizINFOで従業員数照合へ,コジマ(PB),,1,ペット用品,6,1,0,,633,2215,コジマ（PB） 大地の恵み La Terra ハムスター リス プレミアム ミックスフード フルーツ 180g×3個 (まとめ買い),B07ZTKV67K,https://www.google.com/search?q=%E3%82%B3%E3%82%B8%E3%83%9E%EF%BC%88PB%EF%BC%89%20%E4%BC%9A%E7%A4%BE%E6%A6%82%E8%A6%81%20%E5%95%8F%E3%81%84%E5%90%88%E3%82%8F%E3%81%9B%20%E5%8D%B8
岸ゴム,A_メインレーン,日本語商号あり→gBizINFOで従業員数照合へ,岸ゴム,,1,おもちゃ,6,0,0,,1229,3450,ピカピカ水族館 48個入 OISNS11341,B00K1BUIYQ,https://www.google.com/search?q=%E5%B2%B8%E3%82%B4%E3%83%A0%20%E4%BC%9A%E7%A4%BE%E6%A6%82%E8%A6%81%20%E5%95%8F%E3%81%84%E5%90%88%E3%82%8F%E3%81%9B%20%E5%8D%B8
BAMBO Nature(バンボネイチャー),A_メインレーン,日本語商号あり→gBizINFOで従業員数照合へ,バンボネイチャー,,1,ベビー&マタニティ,5,1,0,,1226,3190,BAMBO Nature バンボネイチャー ドリーム パンツタイプ L （11kg～17kg） 20枚入り（bn16930）,B08YRVZRGS,https://www.google.com/search?q=BAMBO%20Nature%28%E3%83%90%E3%83%B3%E3%83%9C%E3%83%8D%E3%82%A4%E3%83%81%E3%83%A3%E3%83%BC%29%20%E4%BC%9A%E7%A4%BE%E6%A6%82%E8%A6%81%20%E5%95%8F%E3%81%84%E5%90%88%E3%82%8F%E3%81%9B%20%E5%8D%B8
Pure(ピュア),A_メインレーン,日本語商号あり→gBizINFOで従業員数照合へ,秋山産業,,1,ファッション,3,0,0,,1184,3000,PURE スリム エクストリーム ロング フィルター 6mm x 30mm バリューパック600 ×４個セット 手巻き用,B09T71QDMR,https://www.google.com/search?q=Pure%28%E3%83%94%E3%83%A5%E3%82%A2%29%20%E4%BC%9A%E7%A4%BE%E6%A6%82%E8%A6%81%20%E5%95%8F%E3%81%84%E5%90%88%E3%82%8F%E3%81%9B%20%E5%8D%B8
METIYA,A_メインレーン,日本語商号あり→gBizINFOで従業員数照合へ,メティヤ,,1,パソコン・周辺機器,2,0,0,,1423,3399,METIYA ノートパソコン スタンド モニターアーム 17インチまで 耐荷重8KGまで 多関節調節便利 両用式 黒い,B0924DT7W3,https://www.google.com/search?q=METIYA%20%E4%BC%9A%E7%A4%BE%E6%A6%82%E8%A6%81%20%E5%95%8F%E3%81%84%E5%90%88%E3%82%8F%E3%81%9B%20%E5%8D%B8
キャットアイ(CAT EYE),A_メインレーン,日本語商号あり→gBizINFOで従業員数照合へ,キャットアイ(CAT EYE),,1,スポーツ&アウトドア,5,0,0,,989,3752,キャットアイ(CAT EYE) 自転車用LEDライト AMPP200（200ルーメン） USB充電式 最大13時間点灯 工具不要取付 HL-EL042RC,B0DTN7TH48,https://www.google.com/search?q=%E3%82%AD%E3%83%A3%E3%83%83%E3%83%88%E3%82%A2%E3%82%A4%28CAT%20EYE%29%20%E4%BC%9A%E7%A4%BE%E6%A6%82%E8%A6%81%20%E5%95%8F%E3%81%84%E5%90%88%E3%82%8F%E3%81%9B%20%E5%8D%B8
ピットワーク(Pitwork),A_メインレーン,日本語商号あり→gBizINFOで従業員数照合へ,ピットワーク(Pitwork),,1,車&バイク,5,4,0,,1176,3980,PITWORK(ピットワーク) エアコン エバポレーター洗浄・抗菌剤 効果12カ月 180ml KA401-18090,B00MXVAZVI,https://www.google.com/search?q=%E3%83%94%E3%83%83%E3%83%88%E3%83%AF%E3%83%BC%E3%82%AF%28Pitwork%29%20%E4%BC%9A%E7%A4%BE%E6%A6%82%E8%A6%81%20%E5%95%8F%E3%81%84%E5%90%88%E3%82%8F%E3%81%9B%20%E5%8D%B8
マイヤー(Meyer),A_メインレーン,日本語商号あり→gBizINFOで従業員数照合へ,マイヤー(Meyer),,1,ホーム&キッチン,2,1,0,,1939,4400,マイヤー(Meyer) フライパンプレス RED 18cm,B0DQCKVLPT,https://www.google.com/search?q=%E3%83%9E%E3%82%A4%E3%83%A4%E3%83%BC%28Meyer%29%20%E4%BC%9A%E7%A4%BE%E6%A6%82%E8%A6%81%20%E5%95%8F%E3%81%84%E5%90%88%E3%82%8F%E3%81%9B%20%E5%8D%B8
ペットラインプロバラ,A_メインレーン,日本語商号あり→gBizINFOで従業員数照合へ,ペットラインプロバラ,,1,ペット用品,3,1,0,,1239,4015,ペットラインプロバラ プロフェッショナルバランス 超小粒 1歳から 成犬用 2.4kg,B01LX4WJYU,https://www.google.com/search?q=%E3%83%9A%E3%83%83%E3%83%88%E3%83%A9%E3%82%A4%E3%83%B3%E3%83%97%E3%83%AD%E3%83%90%E3%83%A9%20%E4%BC%9A%E7%A4%BE%E6%A6%82%E8%A6%81%20%E5%95%8F%E3%81%84%E5%90%88%E3%82%8F%E3%81%9B%20%E5%8D%B8
Thomson,A_メインレーン,日本語商号あり→gBizINFOで従業員数照合へ,トムソン,,1,DIY・工具・ガーデン,3,0,0,,1189,4020,トムソン グリホトップ41 5L,B0989F94DS,https://www.google.com/search?q=Thomson%20%E4%BC%9A%E7%A4%BE%E6%A6%82%E8%A6%81%20%E5%95%8F%E3%81%84%E5%90%88%E3%82%8F%E3%81%9B%20%E5%8D%B8
ライラクス(LayLax),A_メインレーン,日本語商号あり→gBizINFOで従業員数照合へ,ライラクス(LayLax),,1,ホビー,5,0,0,,1428,4678,ライラクス(LayLax) タクティカルグラス バックルタイプ TAN サバゲーゴーグル メガネ対応 両面アンチフォグ ヘルメット対応 タン,B00Z8RSADO,https://www.google.com/search?q=%E3%83%A9%E3%82%A4%E3%83%A9%E3%82%AF%E3%82%B9%28LayLax%29%20%E4%BC%9A%E7%A4%BE%E6%A6%82%E8%A6%81%20%E5%95%8F%E3%81%84%E5%90%88%E3%82%8F%E3%81%9B%20%E5%8D%B8
LisoLife(理想ライフ),A_メインレーン,日本語商号あり→gBizINFOで従業員数照合へ,LisoLife(理想ライフ),,1,ホーム&キッチン,2,1,0,,2288,5111,【1台多役】 電気鍋 一人用 1L 600W 一人鍋 煮る/焼く/炒める/温める 着脱式 丸洗い可 一人暮らし 車中泊 キャンプ ブラック,B0D7PWBYWD,https://www.google.com/search?q=LisoLife%28%E7%90%86%E6%83%B3%E3%83%A9%E3%82%A4%E3%83%95%29%20%E4%BC%9A%E7%A4%BE%E6%A6%82%E8%A6%81%20%E5%95%8F%E3%81%84%E5%90%88%E3%82%8F%E3%81%9B%20%E5%8D%B8
クリアストーン(Clearstone),A_メインレーン,日本語商号あり→gBizINFOで従業員数照合へ,クリアストーン(Clearstone),,1,ホビー,2,1,0,,3076,5490,クリアストーン(Clearstone) コスプレ ハロウィン 金色将軍 ユニセックス ゴールド,B0CLP97GMD,https://www.google.com/search?q=%E3%82%AF%E3%83%AA%E3%82%A2%E3%82%B9%E3%83%88%E3%83%BC%E3%83%B3%28Clearstone%29%20%E4%BC%9A%E7%A4%BE%E6%A6%82%E8%A6%81%20%E5%95%8F%E3%81%84%E5%90%88%E3%82%8F%E3%81%9B%20%E5%8D%B8
アニマル・ワン,A_メインレーン,日本語商号あり→gBizINFOで従業員数照合へ,ベストアメニティ,,1,ペット用品,6,0,0,,2262,5470,アニマル・ワン 犬の雑穀ごはん ライト シニア用 チキン 2020年リニューアル版 1.6kg x 2袋,B084H7YXYT,https://www.google.com/search?q=%E3%82%A2%E3%83%8B%E3%83%9E%E3%83%AB%E3%83%BB%E3%83%AF%E3%83%B3%20%E4%BC%9A%E7%A4%BE%E6%A6%82%E8%A6%81%20%E5%95%8F%E3%81%84%E5%90%88%E3%82%8F%E3%81%9B%20%E5%8D%B8
Nature's Protection,A_メインレーン,日本語商号あり→gBizINFOで従業員数照合へ,ネイチャーズプロテクション,,1,ペット用品,2,1,0,,1971,5280,ネイチャーズプロテクション Nature’s Protection ホワイトドッグ グレインフリー ホワイトフィッシュ ジュニア 1.5kg NPS45829,B0CDNZPM6Y,https://www.google.com/search?q=Nature%27s%20Protection%20%E4%BC%9A%E7%A4%BE%E6%A6%82%E8%A6%81%20%E5%95%8F%E3%81%84%E5%90%88%E3%82%8F%E3%81%9B%20%E5%8D%B8
TOYOTA(トヨタ),A_メインレーン,日本語商号あり→gBizINFOで従業員数照合へ,TOYOTA(トヨタ),,1,車&バイク,2,1,0,,1741,5980,TOYOTA(トヨタ) 純正モーターオイル GLV-1 0W-8 4L 08880-14505,B0CHRGRVS4,https://www.google.com/search?q=TOYOTA%28%E3%83%88%E3%83%A8%E3%82%BF%29%20%E4%BC%9A%E7%A4%BE%E6%A6%82%E8%A6%81%20%E5%95%8F%E3%81%84%E5%90%88%E3%82%8F%E3%81%9B%20%E5%8D%B8
セメダイン(Cemedine),A_メインレーン,日本語商号あり→gBizINFOで従業員数照合へ,セメダイン(Cemedine),,1,産業・研究開発用品,5,2,0,,731,5550,セメダイン ゴム系ラテックス形 接着剤 クッションフロアー用 Cl7N 3kg lX-122,B00476JGX0,https://www.google.com/search?q=%E3%82%BB%E3%83%A1%E3%83%80%E3%82%A4%E3%83%B3%28Cemedine%29%20%E4%BC%9A%E7%A4%BE%E6%A6%82%E8%A6%81%20%E5%95%8F%E3%81%84%E5%90%88%E3%82%8F%E3%81%9B%20%E5%8D%B8
常陸化工,A_メインレーン,日本語商号あり→gBizINFOで従業員数照合へ,常陸化工,,1,ペット用品,3,0,0,,2311,5590,常陸化工 猫砂 トイレに流せる木製猫砂 大容量タイプ 12L 4袋,B072M2D7QH,https://www.google.com/search?q=%E5%B8%B8%E9%99%B8%E5%8C%96%E5%B7%A5%20%E4%BC%9A%E7%A4%BE%E6%A6%82%E8%A6%81%20%E5%95%8F%E3%81%84%E5%90%88%E3%82%8F%E3%81%9B%20%E5%8D%B8
東京マルイ(TOKYO MARUI),A_メインレーン,日本語商号あり→gBizINFOで従業員数照合へ,東京マルイ(TOKYO MARUI),,1,ホビー,3,0,0,,2554,6100,東京マルイ(TOKYO MARUI) パーツ No.51 ガスブローバックマシンガン専用 89式用 35連スペアマガジン,B07DW8Z7GJ,https://www.google.com/search?q=%E6%9D%B1%E4%BA%AC%E3%83%9E%E3%83%AB%E3%82%A4%28TOKYO%20MARUI%29%20%E4%BC%9A%E7%A4%BE%E6%A6%82%E8%A6%81%20%E5%95%8F%E3%81%84%E5%90%88%E3%82%8F%E3%81%9B%20%E5%8D%B8
うんちが臭わない袋BOS,A_メインレーン,日本語商号あり→gBizINFOで従業員数照合へ,,,1,ペット用品,4,0,0,,3022,6580,うんちが臭わない袋BOS ペット用箱型 SS 200枚 × 5個,B072JLT9D7,https://www.google.com/search?q=%E3%81%86%E3%82%93%E3%81%A1%E3%81%8C%E8%87%AD%E3%82%8F%E3%81%AA%E3%81%84%E8%A2%8BBOS%20%E4%BC%9A%E7%A4%BE%E6%A6%82%E8%A6%81%20%E5%95%8F%E3%81%84%E5%90%88%E3%82%8F%E3%81%9B%20%E5%8D%B8
シンジェンタジャパン,A_メインレーン,日本語商号あり→gBizINFOで従業員数照合へ,シンジェンタジャパン,,1,ペット用品,4,2,0,,3691,6859,アドビオン アントジェル 30g×4本[アルゼンチンアリ・イエヒメアリ・ヒアリ駆除用],B00QUS64II,https://www.google.com/search?q=%E3%82%B7%E3%83%B3%E3%82%B8%E3%82%A7%E3%83%B3%E3%82%BF%E3%82%B8%E3%83%A3%E3%83%91%E3%83%B3%20%E4%BC%9A%E7%A4%BE%E6%A6%82%E8%A6%81%20%E5%95%8F%E3%81%84%E5%90%88%E3%82%8F%E3%81%9B%20%E5%8D%B8
柳宗理(Yanagi Sori),A_メインレーン,日本語商号あり→gBizINFOで従業員数照合へ,柳宗理(Yanagi Sori),,1,ホーム&キッチン,6,0,0,,3132,7260,柳宗理(Yanagi Sori) ステンレス片手鍋22cm ガス火専用 つや消し ふた付き 浅型 2.5L 注ぎやすさと水切れの良さを考えたフォルム 燕三条 特,B0000DIJ6Z,https://www.google.com/search?q=%E6%9F%B3%E5%AE%97%E7%90%86%28Yanagi%20Sori%29%20%E4%BC%9A%E7%A4%BE%E6%A6%82%E8%A6%81%20%E5%95%8F%E3%81%84%E5%90%88%E3%82%8F%E3%81%9B%20%E5%8D%B8
大石天狗堂(Ooishi Tengudo),A_メインレーン,日本語商号あり→gBizINFOで従業員数照合へ,大石天狗堂,,1,おもちゃ,3,0,0,,1525,7300,大石天狗堂(Ooishi Tengudo) 小倉百人一首 歌かるた 標準取札,B001CIQ49A,https://www.google.com/search?q=%E5%A4%A7%E7%9F%B3%E5%A4%A9%E7%8B%97%E5%A0%82%28Ooishi%20Tengudo%29%20%E4%BC%9A%E7%A4%BE%E6%A6%82%E8%A6%81%20%E5%95%8F%E3%81%84%E5%90%88%E3%82%8F%E3%81%9B%20%E5%8D%B8
イージースタンド,A_メインレーン,日本語商号あり→gBizINFOで従業員数照合へ,テクノテック,,1,大型家電,4,1,0,,4172,8000,洗濯機台 かさ上げ用 イージースタンド (一般用/高さ105mm) Ｄ105,B004XY6V02,https://www.google.com/search?q=%E3%82%A4%E3%83%BC%E3%82%B8%E3%83%BC%E3%82%B9%E3%82%BF%E3%83%B3%E3%83%89%20%E4%BC%9A%E7%A4%BE%E6%A6%82%E8%A6%81%20%E5%95%8F%E3%81%84%E5%90%88%E3%82%8F%E3%81%9B%20%E5%8D%B8
マックスファクトリー(Max Factory),A_メインレーン,日本語商号あり→gBizINFOで従業員数照合へ,マックスファクトリー,,1,ホビー,6,0,0,,5676,10900,マックスファクトリー[Max Factory] PLAMAX バニースーツ プランニング BP-03 ソフィア・F・シャーリング ヴァンパイアVer. ノンスケ,B0GL8G9QVX,https://www.google.com/search?q=%E3%83%9E%E3%83%83%E3%82%AF%E3%82%B9%E3%83%95%E3%82%A1%E3%82%AF%E3%83%88%E3%83%AA%E3%83%BC%28Max%20Factory%29%20%E4%BC%9A%E7%A4%BE%E6%A6%82%E8%A6%81%20%E5%95%8F%E3%81%84%E5%90%88%E3%82%8F%E3%81%9B%20%E5%8D%B8
セルスター(CELLSTAR),A_メインレーン,日本語商号あり→gBizINFOで従業員数照合へ,セルスター(CELLSTAR),,1,車&バイク,4,1,0,,6037,12980,セルスター レーザー光対応&GPSレーダー探知機 AR-37LC 一体型 18バンド ゾーン30対応 OBDII対応 3.2インチ GPSデータ更新無料 日本製,B0B74X8PKF,https://www.google.com/search?q=%E3%82%BB%E3%83%AB%E3%82%B9%E3%82%BF%E3%83%BC%28CELLSTAR%29%20%E4%BC%9A%E7%A4%BE%E6%A6%82%E8%A6%81%20%E5%95%8F%E3%81%84%E5%90%88%E3%82%8F%E3%81%9B%20%E5%8D%B8
GSI クレオス(GSI Creos),A_メインレーン,日本語商号あり→gBizINFOで従業員数照合へ,GSI クレオス(GSI Creos),,1,ホビー,6,0,0,,6848,12885,GSI クレオス プロコンBOY FWA ダブルアクション プラチナ02 ホビー用塗装用具 PS270,B0FYCQM523,https://www.google.com/search?q=GSI%20%E3%82%AF%E3%83%AC%E3%82%AA%E3%82%B9%28GSI%20Creos%29%20%E4%BC%9A%E7%A4%BE%E6%A6%82%E8%A6%81%20%E5%95%8F%E3%81%84%E5%90%88%E3%82%8F%E3%81%9B%20%E5%8D%B8
ユピテル(Yupiteru),A_メインレーン,日本語商号あり→gBizINFOで従業員数照合へ,ユピテル(YUPITERU),,1,車&バイク,2,1,0,,6381,13200,【新レーダー波移動オービスMSSS対応】YUPITERU ユピテル レーザー＆レーダー探知機 LS340L ワンボディタイプ 説明書ダウンロードタイプ 液晶,B0C7QLKG1N,https://www.google.com/search?q=%E3%83%A6%E3%83%94%E3%83%86%E3%83%AB%28Yupiteru%29%20%E4%BC%9A%E7%A4%BE%E6%A6%82%E8%A6%81%20%E5%95%8F%E3%81%84%E5%90%88%E3%82%8F%E3%81%9B%20%E5%8D%B8
ケンウッド(KENWOOD),A_メインレーン,日本語商号あり→gBizINFOで従業員数照合へ,ケンウッド(KENWOOD),,1,車&バイク,4,0,0,,6967,14470,ケンウッド 1DINレシーバー U342BT MP3 WMA AAC WAV FLAC対応 CD USB iPod Bluetooth ケンウッド,B0B1T7KR4S,https://www.google.com/search?q=%E3%82%B1%E3%83%B3%E3%82%A6%E3%83%83%E3%83%89%28KENWOOD%29%20%E4%BC%9A%E7%A4%BE%E6%A6%82%E8%A6%81%20%E5%95%8F%E3%81%84%E5%90%88%E3%82%8F%E3%81%9B%20%E5%8D%B8
ハスクバーナ・ゼノア,A_メインレーン,日本語商号あり→gBizINFOで従業員数照合へ,ハスクバーナ・ゼノア株式会社,あり,1,産業・研究開発用品,3,0,0,,4548,14500,ハスクバーナ チェンオイル 18L HC63221M 【チェンソーオイル チェーンソー オイル ガイドバー Husqvarna】,B005QG4FJU,https://www.google.com/search?q=%E3%83%8F%E3%82%B9%E3%82%AF%E3%83%90%E3%83%BC%E3%83%8A%E3%83%BB%E3%82%BC%E3%83%8E%E3%82%A2%20%E4%BC%9A%E7%A4%BE%E6%A6%82%E8%A6%81%20%E5%95%8F%E3%81%84%E5%90%88%E3%82%8F%E3%81%9B%20%E5%8D%B8
au(エーユー),A_メインレーン,日本語商号あり→gBizINFOで従業員数照合へ,AU,,1,パソコン・周辺機器,7,2,0,,8618,15820,Speed Wi-Fi HOME 5G L13 ZTR02 [ホワイト],B0CWKZLVFJ,https://www.google.com/search?q=au%28%E3%82%A8%E3%83%BC%E3%83%A6%E3%83%BC%29%20%E4%BC%9A%E7%A4%BE%E6%A6%82%E8%A6%81%20%E5%95%8F%E3%81%84%E5%90%88%E3%82%8F%E3%81%9B%20%E5%8D%B8
サンリオ(SANRIO),A_メインレーン,日本語商号あり→gBizINFOで従業員数照合へ,サンリオ,,1,おもちゃ,2,1,0,,4270,15000,サンリオ(SANRIO) なかよくおしゃべりぬいぐるみ マイメロディ 対象年齢3才以上 219223,B0FXMBMBVZ,https://www.google.com/search?q=%E3%82%B5%E3%83%B3%E3%83%AA%E3%82%AA%28SANRIO%29%20%E4%BC%9A%E7%A4%BE%E6%A6%82%E8%A6%81%20%E5%95%8F%E3%81%84%E5%90%88%E3%82%8F%E3%81%9B%20%E5%8D%B8
寺田ポンプ製作所,A_メインレーン,日本語商号あり→gBizINFOで従業員数照合へ,寺田ポンプ製作所,,1,産業・研究開発用品,6,1,0,,9706,17300,寺田ポンプ製作所 寺田 底水用水中ポンプ SP-150BNL 50Hz,B0C7QHPDGD,https://www.google.com/search?q=%E5%AF%BA%E7%94%B0%E3%83%9D%E3%83%B3%E3%83%97%E8%A3%BD%E4%BD%9C%E6%89%80%20%E4%BC%9A%E7%A4%BE%E6%A6%82%E8%A6%81%20%E5%95%8F%E3%81%84%E5%90%88%E3%82%8F%E3%81%9B%20%E5%8D%B8
共立電気計器,A_メインレーン,日本語商号あり→gBizINFOで従業員数照合へ,共立電気計器,,1,産業・研究開発用品,6,2,0,,8507,18200,共立電気計器 (KYORITSU) 120A RMS AC/DCクランプ付デジタルマルチメータ KEWMATE 2012RA,B079PKDXH6,https://www.google.com/search?q=%E5%85%B1%E7%AB%8B%E9%9B%BB%E6%B0%97%E8%A8%88%E5%99%A8%20%E4%BC%9A%E7%A4%BE%E6%A6%82%E8%A6%81%20%E5%95%8F%E3%81%84%E5%90%88%E3%82%8F%E3%81%9B%20%E5%8D%B8
Shot Navi,A_メインレーン,日本語商号あり→gBizINFOで従業員数照合へ,Shot Navi(ショットナビ),,1,スポーツ&アウトドア,6,0,0,,9697,18000,Shot Navi(ショットナビ) Evolve SE ゴルフ GPSナビ 腕時計型 マルチ測位対応 PGA推薦 競技利用OK 日本製 ブラック,B0D7PLFSTC,https://www.google.com/search?q=Shot%20Navi%20%E4%BC%9A%E7%A4%BE%E6%A6%82%E8%A6%81%20%E5%95%8F%E3%81%84%E5%90%88%E3%82%8F%E3%81%9B%20%E5%8D%B8
コニーエレクトロニクスサービス,A_メインレーン,日本語商号あり→gBizINFOで従業員数照合へ,コニーエレクトロニクスサービス,,1,楽器・音響機器,6,4,0,,11297,18800,スタンダード コンクリートマイク MW-25,B0758TZ8D9,https://www.google.com/search?q=%E3%82%B3%E3%83%8B%E3%83%BC%E3%82%A8%E3%83%AC%E3%82%AF%E3%83%88%E3%83%AD%E3%83%8B%E3%82%AF%E3%82%B9%E3%82%B5%E3%83%BC%E3%83%93%E3%82%B9%20%E4%BC%9A%E7%A4%BE%E6%A6%82%E8%A6%81%20%E5%95%8F%E3%81%84%E5%90%88%E3%82%8F%E3%81%9B%20%E5%8D%B8
たのつく,A_メインレーン,日本語商号あり→gBizINFOで従業員数照合へ,株式会社サンワ,あり,1,おもちゃ,4,3,0,,447,1790,自由工作に最適！楽しく作って・楽しく貯金（ちょっ金ハウス）,B0035P3IL0,https://www.google.com/search?q=%E3%81%9F%E3%81%AE%E3%81%A4%E3%81%8F%20%E4%BC%9A%E7%A4%BE%E6%A6%82%E8%A6%81%20%E5%95%8F%E3%81%84%E5%90%88%E3%82%8F%E3%81%9B%20%E5%8D%B8
株式会社アザレア,A_メインレーン,日本語商号あり→gBizINFOで従業員数照合へ,株式会社アザレア,あり,1,ホビー,4,1,0,,252,1580,HITCALL 天然由来成分PLA配合 NM BB弾 0.2g 4000発 高精度 高真球 ウォーター研磨仕上げ採用,B0989GCNFS,https://www.google.com/search?q=%E6%A0%AA%E5%BC%8F%E4%BC%9A%E7%A4%BE%E3%82%A2%E3%82%B6%E3%83%AC%E3%82%A2%20%E4%BC%9A%E7%A4%BE%E6%A6%82%E8%A6%81%20%E5%95%8F%E3%81%84%E5%90%88%E3%82%8F%E3%81%9B%20%E5%8D%B8
MILITARY BASE,A_メインレーン,日本語商号あり→gBizINFOで従業員数照合へ,ホビーエクスプレス,,1,ホビー,2,0,0,,469,1500,MILITARY-BASE(ミリタリーベース)ガンファイター バーティカルグリップ ショート M-LOK,B0788LWCL8,https://www.google.com/search?q=MILITARY%20BASE%20%E4%BC%9A%E7%A4%BE%E6%A6%82%E8%A6%81%20%E5%95%8F%E3%81%84%E5%90%88%E3%82%8F%E3%81%9B%20%E5%8D%B8
どうぶつの森,A_メインレーン,日本語商号あり→gBizINFOで従業員数照合へ,,,1,おもちゃ,3,1,0,,350,1788,どうぶつの森amiiboカード 433 ミッチェル,B09KX5SP8T,https://www.google.com/search?q=%E3%81%A9%E3%81%86%E3%81%B6%E3%81%A4%E3%81%AE%E6%A3%AE%20%E4%BC%9A%E7%A4%BE%E6%A6%82%E8%A6%81%20%E5%95%8F%E3%81%84%E5%90%88%E3%82%8F%E3%81%9B%20%E5%8D%B8
タイガーゴム,A_メインレーン,日本語商号あり→gBizINFOで従業員数照合へ,タイガーゴム,,1,おもちゃ,2,0,0,,249,1780,【縁日 景品 水ヨーヨーセット】水ヨーヨー クリップ付き 100個 セット ヨーヨーすくい ヨーヨー釣り 夏祭り【Festival Plaza】,B0D9WH6KDY,https://www.google.com/search?q=%E3%82%BF%E3%82%A4%E3%82%AC%E3%83%BC%E3%82%B4%E3%83%A0%20%E4%BC%9A%E7%A4%BE%E6%A6%82%E8%A6%81%20%E5%95%8F%E3%81%84%E5%90%88%E3%82%8F%E3%81%9B%20%E5%8D%B8
コモライフ,A_メインレーン,日本語商号あり→gBizINFOで従業員数照合へ,コモライフ,,1,DIY・工具・ガーデン,2,0,0,,544,1993,コモライフ サッと使える緊急携帯トイレ 18回分 600cc 非常用トイレ 簡易 携帯 トイレ 防災 男女兼用 凝固剤,B09QSJ4MQ1,https://www.google.com/search?q=%E3%82%B3%E3%83%A2%E3%83%A9%E3%82%A4%E3%83%95%20%E4%BC%9A%E7%A4%BE%E6%A6%82%E8%A6%81%20%E5%95%8F%E3%81%84%E5%90%88%E3%82%8F%E3%81%9B%20%E5%8D%B8
ストレート(STRAIGHT),A_メインレーン,日本語商号あり→gBizINFOで従業員数照合へ,(TOOL COMPANY STRAIGHT) ツールカンパニーストレート,,1,車&バイク,5,2,0,,744,2400,(STRAIGHT/ストレート) ブルーマジック メタルポリッシュクリーム 550g BM500 36-0500,B008KGS4HC,https://www.google.com/search?q=%E3%82%B9%E3%83%88%E3%83%AC%E3%83%BC%E3%83%88%28STRAIGHT%29%20%E4%BC%9A%E7%A4%BE%E6%A6%82%E8%A6%81%20%E5%95%8F%E3%81%84%E5%90%88%E3%82%8F%E3%81%9B%20%E5%8D%B8
三祐,A_メインレーン,日本語商号あり→gBizINFOで従業員数照合へ,株式会社 三祐,あり,1,ペット用品,4,1,0,,553,2273,アラスカンワイルド（天然）フリーズドライ タラ フィレ (36g),B08VDNLY7D,https://www.google.com/search?q=%E4%B8%89%E7%A5%90%20%E4%BC%9A%E7%A4%BE%E6%A6%82%E8%A6%81%20%E5%95%8F%E3%81%84%E5%90%88%E3%82%8F%E3%81%9B%20%E5%8D%B8
フィッティ,A_メインレーン,日本語商号あり→gBizINFOで従業員数照合へ,タマガワエーザイ,,1,産業・研究開発用品,3,1,0,,617,2123,[フィッティ] Fitty うるおいマスク シルキータッチ やや大きめ (不織布/プリーツ) 15セット×2箱 加湿マスク 保湿 乾燥,B0FK4Q3RMV,https://www.google.com/search?q=%E3%83%95%E3%82%A3%E3%83%83%E3%83%86%E3%82%A3%20%E4%BC%9A%E7%A4%BE%E6%A6%82%E8%A6%81%20%E5%95%8F%E3%81%84%E5%90%88%E3%82%8F%E3%81%9B%20%E5%8D%B8
シマノ(SHIMANO),A_メインレーン,日本語商号あり→gBizINFOで従業員数照合へ,シマノ(SHIMANO),,1,スポーツ&アウトドア,5,0,0,,513,2615,シマノ(SHIMANO) リペアパーツ ブレーキケーブルセット ステンレス MTB ブラック Y80098021,B005034H1K,https://www.google.com/search?q=%E3%82%B7%E3%83%9E%E3%83%8E%28SHIMANO%29%20%E4%BC%9A%E7%A4%BE%E6%A6%82%E8%A6%81%20%E5%95%8F%E3%81%84%E5%90%88%E3%82%8F%E3%81%9B%20%E5%8D%B8
三ツ星ベルト(MITSUBOSHI),A_メインレーン,日本語商号あり→gBizINFOで従業員数照合へ,,,1,DIY・工具・ガーデン,3,0,0,,786,2677,"スパイダーモア 専用 「刈刃(ナイフ) 駆動 Vベルト LA-23 SUPER AG-X」SP(AZ)50,550,650,850,851用",B074FRZ6F2,https://www.google.com/search?q=%E4%B8%89%E3%83%84%E6%98%9F%E3%83%99%E3%83%AB%E3%83%88%28MITSUBOSHI%29%20%E4%BC%9A%E7%A4%BE%E6%A6%82%E8%A6%81%20%E5%95%8F%E3%81%84%E5%90%88%E3%82%8F%E3%81%9B%20%E5%8D%B8
クロノス,A_メインレーン,日本語商号あり→gBizINFOで従業員数照合へ,クロノス,,1,おもちゃ,6,1,0,,1124,3040,ドメモ(DOMEMO)木製タイル版/クロノス/アレックス・ランドルフ,B07BFR1NB8,https://www.google.com/search?q=%E3%82%AF%E3%83%AD%E3%83%8E%E3%82%B9%20%E4%BC%9A%E7%A4%BE%E6%A6%82%E8%A6%81%20%E5%95%8F%E3%81%84%E5%90%88%E3%82%8F%E3%81%9B%20%E5%8D%B8
近与(KONYO),A_メインレーン,日本語商号あり→gBizINFOで従業員数照合へ,近与,,1,DIY・工具・ガーデン,6,1,0,,932,3163,SUN UP 両口メガネレンチ 6丁組,B00FB91SSI,https://www.google.com/search?q=%E8%BF%91%E4%B8%8E%28KONYO%29%20%E4%BC%9A%E7%A4%BE%E6%A6%82%E8%A6%81%20%E5%95%8F%E3%81%84%E5%90%88%E3%82%8F%E3%81%9B%20%E5%8D%B8
COSMOS,A_メインレーン,日本語商号あり→gBizINFOで従業員数照合へ,新コスモス電機株式会社,あり,1,DIY・工具・ガーデン,3,0,0,,1128,3050,COSMOS ガス漏れ警報器 プロパンガス用 CF-626 電源コード2.5m,B07585PM5H,https://www.google.com/search?q=COSMOS%20%E4%BC%9A%E7%A4%BE%E6%A6%82%E8%A6%81%20%E5%95%8F%E3%81%84%E5%90%88%E3%82%8F%E3%81%9B%20%E5%8D%B8
ワイドハイター,A_メインレーン,日本語商号あり→gBizINFOで従業員数照合へ,花王,,1,産業・研究開発用品,5,0,0,,312,3150,【2個セット】ハイター 詰め替え用 ワイドハイターex パワー 2500ml×2個 5.6倍 まとめ買い 衣類用漂白剤 酸素系漂白剤 漂白剤 衣類 つけおき洗い,B0D6NLCK3C,https://www.google.com/search?q=%E3%83%AF%E3%82%A4%E3%83%89%E3%83%8F%E3%82%A4%E3%82%BF%E3%83%BC%20%E4%BC%9A%E7%A4%BE%E6%A6%82%E8%A6%81%20%E5%95%8F%E3%81%84%E5%90%88%E3%82%8F%E3%81%9B%20%E5%8D%B8
シーラケース,A_メインレーン,日本語商号あり→gBizINFOで従業員数照合へ,シーラケース,,1,ペット用品,3,2,0,,760,3300,シーラケース シーラ箱 （標準）昆虫標本用品標本箱,B01AQHA5ZQ,https://www.google.com/search?q=%E3%82%B7%E3%83%BC%E3%83%A9%E3%82%B1%E3%83%BC%E3%82%B9%20%E4%BC%9A%E7%A4%BE%E6%A6%82%E8%A6%81%20%E5%95%8F%E3%81%84%E5%90%88%E3%82%8F%E3%81%9B%20%E5%8D%B8
Sunday Pets,A_メインレーン,日本語商号あり→gBizINFOで従業員数照合へ,サンデーペッツ,,1,ペット用品,3,0,0,,1205,3520,サンデーペッツジェントルベイク キングサーモン with トライプ　1.3kg Sunday Pets グレインフリー,B09Y7ZS348,https://www.google.com/search?q=Sunday%20Pets%20%E4%BC%9A%E7%A4%BE%E6%A6%82%E8%A6%81%20%E5%95%8F%E3%81%84%E5%90%88%E3%82%8F%E3%81%9B%20%E5%8D%B8
SUN-S(サンエス),A_メインレーン,日本語商号あり→gBizINFOで従業員数照合へ,サンエス,,1,産業・研究開発用品,2,0,0,,702,3580,サンエス【RD9010H】空調風神服用 斜めハイパワーファン2個セット／オリジナルステッカー付,B082NKNDXS,https://www.google.com/search?q=SUN-S%28%E3%82%B5%E3%83%B3%E3%82%A8%E3%82%B9%29%20%E4%BC%9A%E7%A4%BE%E6%A6%82%E8%A6%81%20%E5%95%8F%E3%81%84%E5%90%88%E3%82%8F%E3%81%9B%20%E5%8D%B8
懐石,A_メインレーン,日本語商号あり→gBizINFOで従業員数照合へ,ペットライン,,1,ペット用品,3,1,0,,259,3800,ジェーピースタイル 和の究み ドッグフード 小粒 1歳から【国産/アルミ小分け】 1.8kg(300g×6),B0BY97TPLC,https://www.google.com/search?q=%E6%87%90%E7%9F%B3%20%E4%BC%9A%E7%A4%BE%E6%A6%82%E8%A6%81%20%E5%95%8F%E3%81%84%E5%90%88%E3%82%8F%E3%81%9B%20%E5%8D%B8
岩手県木炭協会,A_メインレーン,日本語商号あり→gBizINFOで従業員数照合へ,株式会社桜産業,あり,1,スポーツ&アウトドア,5,2,0,,629,3800,岩手県木炭協会 岩手切炭、6ｋｇ、黒炭、信頼のブランド、室内使用、,B005II6RXI,https://www.google.com/search?q=%E5%B2%A9%E6%89%8B%E7%9C%8C%E6%9C%A8%E7%82%AD%E5%8D%94%E4%BC%9A%20%E4%BC%9A%E7%A4%BE%E6%A6%82%E8%A6%81%20%E5%95%8F%E3%81%84%E5%90%88%E3%82%8F%E3%81%9B%20%E5%8D%B8
NICHIBAN ニチバン,A_メインレーン,日本語商号あり→gBizINFOで従業員数照合へ,ニチバン,,1,産業・研究開発用品,4,1,0,,1239,3534,ニチバン　アトファイン　Ｌ　2個セット　【帝王切開の傷あとケアなどに】,B01N44BYOF,https://www.google.com/search?q=NICHIBAN%20%E3%83%8B%E3%83%81%E3%83%90%E3%83%B3%20%E4%BC%9A%E7%A4%BE%E6%A6%82%E8%A6%81%20%E5%95%8F%E3%81%84%E5%90%88%E3%82%8F%E3%81%9B%20%E5%8D%B8
アストロプロダクツ,A_メインレーン,日本語商号あり→gBizINFOで従業員数照合へ,アストロプロダクツ,,1,DIY・工具・ガーデン,5,1,0,,824,3839,アストロプロダクツ AC100V ミニグラインダー | リューター ルーター カービング 削る 磨く 切削 研磨,B07D29WS91,https://www.google.com/search?q=%E3%82%A2%E3%82%B9%E3%83%88%E3%83%AD%E3%83%97%E3%83%AD%E3%83%80%E3%82%AF%E3%83%84%20%E4%BC%9A%E7%A4%BE%E6%A6%82%E8%A6%81%20%E5%95%8F%E3%81%84%E5%90%88%E3%82%8F%E3%81%9B%20%E5%8D%B8
ワンラック (ONE LAC),A_メインレーン,日本語商号あり→gBizINFOで従業員数照合へ,森乳サンワールド,,1,ペット用品,6,1,0,,1900,4260,ワンラック (ONE LAC) プレミアムキャットミルク 150g×2個,B08F9MJMX7,https://www.google.com/search?q=%E3%83%AF%E3%83%B3%E3%83%A9%E3%83%83%E3%82%AF%20%28ONE%20LAC%29%20%E4%BC%9A%E7%A4%BE%E6%A6%82%E8%A6%81%20%E5%95%8F%E3%81%84%E5%90%88%E3%82%8F%E3%81%9B%20%E5%8D%B8
TRIGGERPOINT(トリガーポイント),A_メインレーン,日本語商号あり→gBizINFOで従業員数照合へ,Implus Japan,,1,スポーツ&アウトドア,4,0,0,,1273,4070,【近藤千尋さん愛用ブランド】【日本正規品】 TRIGGERPOINT(トリガーポイント) グリッドボール 直径13cm ソフトタイプ オレンジ 03332,B079WTW9K3,https://www.google.com/search?q=TRIGGERPOINT%28%E3%83%88%E3%83%AA%E3%82%AC%E3%83%BC%E3%83%9D%E3%82%A4%E3%83%B3%E3%83%88%29%20%E4%BC%9A%E7%A4%BE%E6%A6%82%E8%A6%81%20%E5%95%8F%E3%81%84%E5%90%88%E3%82%8F%E3%81%9B%20%E5%8D%B8
Farecla(ファレクラ),A_メインレーン,日本語商号あり→gBizINFOで従業員数照合へ,Farecla(ファレクラ),,1,車&バイク,4,0,0,,1492,4250,ファレクラ コンパウンド New G3 1L,B01MRZ9FWU,https://www.google.com/search?q=Farecla%28%E3%83%95%E3%82%A1%E3%83%AC%E3%82%AF%E3%83%A9%29%20%E4%BC%9A%E7%A4%BE%E6%A6%82%E8%A6%81%20%E5%95%8F%E3%81%84%E5%90%88%E3%82%8F%E3%81%9B%20%E5%8D%B8
TEKNOS,A_メインレーン,日本語商号あり→gBizINFOで従業員数照合へ,千住,,1,ホーム&キッチン,2,0,0,,1868,4680,TEKNOS 壁掛け扇風機 壁掛け フルリモコン扇風機 30cm 5枚羽根 ホワイト IR-WF32R,B0CZ6M13PS,https://www.google.com/search?q=TEKNOS%20%E4%BC%9A%E7%A4%BE%E6%A6%82%E8%A6%81%20%E5%95%8F%E3%81%84%E5%90%88%E3%82%8F%E3%81%9B%20%E5%8D%B8
Zebra Technologies,A_メインレーン,日本語商号あり→gBizINFOで従業員数照合へ,ゼブラ(ZEBRA),,1,ホビー,5,1,0,,1952,5500,ゼブラ 漫画用ペン先 チタンGペンプロ 10本 PG-7B-C-K,B00LUD4DAY,https://www.google.com/search?q=Zebra%20Technologies%20%E4%BC%9A%E7%A4%BE%E6%A6%82%E8%A6%81%20%E5%95%8F%E3%81%84%E5%90%88%E3%82%8F%E3%81%9B%20%E5%8D%B8
浅香工業(Asaka Kougyou),A_メインレーン,日本語商号あり→gBizINFOで従業員数照合へ,浅香工業(Asaka Kougyou),,1,DIY・工具・ガーデン,3,0,0,,2500,6027,浅香工業 ウェブホース 内径15mmx外径20mm 長さ20m 280428,B07T72NMDG,https://www.google.com/search?q=%E6%B5%85%E9%A6%99%E5%B7%A5%E6%A5%AD%28Asaka%20Kougyou%29%20%E4%BC%9A%E7%A4%BE%E6%A6%82%E8%A6%81%20%E5%95%8F%E3%81%84%E5%90%88%E3%82%8F%E3%81%9B%20%E5%8D%B8
アガツマ(AGATSUMA),A_メインレーン,日本語商号あり→gBizINFOで従業員数照合へ,アガツマ(AGATSUMA),,1,ホビー,6,1,0,,1748,6980,アガツマ(AGATSUMA) ラブあみ プレミアムセット【2025】（対象年齢：6歳以上）,B0FPQJXSFR,https://www.google.com/search?q=%E3%82%A2%E3%82%AC%E3%83%84%E3%83%9E%28AGATSUMA%29%20%E4%BC%9A%E7%A4%BE%E6%A6%82%E8%A6%81%20%E5%95%8F%E3%81%84%E5%90%88%E3%82%8F%E3%81%9B%20%E5%8D%B8
ヴィータ,A_メインレーン,日本語商号あり→gBizINFOで従業員数照合へ,ベルニコ,,1,ベビー&マタニティ,3,0,0,,3155,6980,VITAテーブルチェア（ピスタチオクリーム） 【 子供用椅子/テーブル装着型/ベビーチェア/収納バック付き/折りたたみ/持ち運び/携帯可/お食事椅子/テーブル/,B0D9LT397N,https://www.google.com/search?q=%E3%83%B4%E3%82%A3%E3%83%BC%E3%82%BF%20%E4%BC%9A%E7%A4%BE%E6%A6%82%E8%A6%81%20%E5%95%8F%E3%81%84%E5%90%88%E3%82%8F%E3%81%9B%20%E5%8D%B8
THE NORTH FACE,A_メインレーン,日本語商号あり→gBizINFOで従業員数照合へ,THE NORTH FACE(ザノースフェイス),,1,ファッション,4,1,0,,3264,7300,[ザ・ノース・フェイス] ショルダーバッグ Leap Shoulder NM72601 ブラック ONE SIZE,B0FBRRLDTY,https://www.google.com/search?q=THE%20NORTH%20FACE%20%E4%BC%9A%E7%A4%BE%E6%A6%82%E8%A6%81%20%E5%95%8F%E3%81%84%E5%90%88%E3%82%8F%E3%81%9B%20%E5%8D%B8
Rockit(ロキット),A_メインレーン,日本語商号あり→gBizINFOで従業員数照合へ,Rockit(ロキット),,1,ベビー&マタニティ,3,0,0,,4379,8910,［ロキット］ ゆりかご 寝かしつけ バウンサー 電動 揺らす ベビーカー 英国発 赤ちゃん 寝る/USBポータブル ベビーカー ロッカー,B0BNP1G2ZD,https://www.google.com/search?q=Rockit%28%E3%83%AD%E3%82%AD%E3%83%83%E3%83%88%29%20%E4%BC%9A%E7%A4%BE%E6%A6%82%E8%A6%81%20%E5%95%8F%E3%81%84%E5%90%88%E3%82%8F%E3%81%9B%20%E5%8D%B8
吉田製油所,A_メインレーン,日本語商号あり→gBizINFOで従業員数照合へ,,,1,DIY・工具・ガーデン,2,1,0,,4373,8300,白アリミケブロック業務用400ml 白蟻駆除用木部処理用乳剤,B00X5YK4S6,https://www.google.com/search?q=%E5%90%89%E7%94%B0%E8%A3%BD%E6%B2%B9%E6%89%80%20%E4%BC%9A%E7%A4%BE%E6%A6%82%E8%A6%81%20%E5%95%8F%E3%81%84%E5%90%88%E3%82%8F%E3%81%9B%20%E5%8D%B8
ドリームメーカー(DreamMaker),A_メインレーン,日本語商号あり→gBizINFOで従業員数照合へ,ドリームメーカー(DreamMaker),,1,車&バイク,2,1,0,,4956,8800,ドリームメーカー ミニ CD DVDプレーヤー 車載用 再生専用 HDMI USB給電 1080P CPRM対応 リモコン付き DV005,B0FL1TX4XB,https://www.google.com/search?q=%E3%83%89%E3%83%AA%E3%83%BC%E3%83%A0%E3%83%A1%E3%83%BC%E3%82%AB%E3%83%BC%28DreamMaker%29%20%E4%BC%9A%E7%A4%BE%E6%A6%82%E8%A6%81%20%E5%95%8F%E3%81%84%E5%90%88%E3%82%8F%E3%81%9B%20%E5%8D%B8
PrimeSellerJapan,A_メインレーン,日本語商号あり→gBizINFOで従業員数照合へ,ユニ・チャーム,,1,ペット用品,2,0,0,,562,1980,銀のスプーン 三ツ星グルメ 厳選10種セレクト お魚レシピ 鶏ささみレシピ 600g（20g×30本） PSJBOX 大容量 詰め合わせ ユニチャーム アソート,B0CHQRQTVZ,https://www.google.com/search?q=PrimeSellerJapan%20%E4%BC%9A%E7%A4%BE%E6%A6%82%E8%A6%81%20%E5%95%8F%E3%81%84%E5%90%88%E3%82%8F%E3%81%9B%20%E5%8D%B8
ルミカ(Lumica),A_メインレーン,日本語商号あり→gBizINFOで従業員数照合へ,ルミカ(日本化学発光),,1,スポーツ&アウトドア,5,0,0,,122,1780,ルミカ(日本化学発光) FIRE FISH 集魚ライト 水中ライトS型スイッチ グリーン,B0G1GGMV3W,https://www.google.com/search?q=%E3%83%AB%E3%83%9F%E3%82%AB%28Lumica%29%20%E4%BC%9A%E7%A4%BE%E6%A6%82%E8%A6%81%20%E5%95%8F%E3%81%84%E5%90%88%E3%82%8F%E3%81%9B%20%E5%8D%B8
医食同源ドットコム,A_メインレーン,日本語商号あり→gBizINFOで従業員数照合へ,,,1,産業・研究開発用品,6,0,0,,544,2328,[医食同源ドットコム] iSDG【90枚 30枚入x3箱】 立体型スパンレース不織布カラーマスク SPUN MASK (スパンマスク) ブラック 30枚入x3箱,B09T2PM8ZJ,https://www.google.com/search?q=%E5%8C%BB%E9%A3%9F%E5%90%8C%E6%BA%90%E3%83%89%E3%83%83%E3%83%88%E3%82%B3%E3%83%A0%20%E4%BC%9A%E7%A4%BE%E6%A6%82%E8%A6%81%20%E5%95%8F%E3%81%84%E5%90%88%E3%82%8F%E3%81%9B%20%E5%8D%B8
パール金属株式会社,A_メインレーン,日本語商号あり→gBizINFOで従業員数照合へ,パール金属(PEARL METAL),あり,1,ホーム&キッチン,4,1,0,,394,2100,パール金属 アイスペール 1.5L ダブル ステンレス IENOMI K-6023,B003EIJEYS,https://www.google.com/search?q=%E3%83%91%E3%83%BC%E3%83%AB%E9%87%91%E5%B1%9E%E6%A0%AA%E5%BC%8F%E4%BC%9A%E7%A4%BE%20%E4%BC%9A%E7%A4%BE%E6%A6%82%E8%A6%81%20%E5%95%8F%E3%81%84%E5%90%88%E3%82%8F%E3%81%9B%20%E5%8D%B8
エリエール,A_メインレーン,日本語商号あり→gBizINFOで従業員数照合へ,,,1,産業・研究開発用品,5,1,0,,572,2412,エリエール ハイパーブロックマスク ムレ爽快 小さめサイズ 30枚x4個,B096XD57TG,https://www.google.com/search?q=%E3%82%A8%E3%83%AA%E3%82%A8%E3%83%BC%E3%83%AB%20%E4%BC%9A%E7%A4%BE%E6%A6%82%E8%A6%81%20%E5%95%8F%E3%81%84%E5%90%88%E3%82%8F%E3%81%9B%20%E5%8D%B8
消臭ストロング,A_メインレーン,日本語商号あり→gBizINFOで従業員数照合へ,花王,,1,産業・研究開発用品,4,1,0,,403,2470,KAO 【業務用 衣料用洗剤】アタック 消臭ストロング ジェル 4Kg(花王プロフェッショナルシリーズ),B00Y7EV5FY,https://www.google.com/search?q=%E6%B6%88%E8%87%AD%E3%82%B9%E3%83%88%E3%83%AD%E3%83%B3%E3%82%B0%20%E4%BC%9A%E7%A4%BE%E6%A6%82%E8%A6%81%20%E5%95%8F%E3%81%84%E5%90%88%E3%82%8F%E3%81%9B%20%E5%8D%B8
Fisher-Price,A_メインレーン,日本語商号あり→gBizINFOで従業員数照合へ,マテル(MATTEL),,1,おもちゃ,3,1,0,,310,2400,フィッシャープライス(fisher price) バイリンガル・ゲームコントローラー 【6~36カ月】【赤ちゃん おもちゃ】【知育・英語・外国語】FXX43,B07GN31MD9,https://www.google.com/search?q=Fisher-Price%20%E4%BC%9A%E7%A4%BE%E6%A6%82%E8%A6%81%20%E5%95%8F%E3%81%84%E5%90%88%E3%82%8F%E3%81%9B%20%E5%8D%B8
トキワ商事,A_メインレーン,日本語商号あり→gBizINFOで従業員数照合へ,トキワ商事,,1,おもちゃ,2,0,0,,585,2840,【タイガーキャット】トキワ商事 スーパーボール ミックス 18mm (まとめ買い・500入),B0993CSLG9,https://www.google.com/search?q=%E3%83%88%E3%82%AD%E3%83%AF%E5%95%86%E4%BA%8B%20%E4%BC%9A%E7%A4%BE%E6%A6%82%E8%A6%81%20%E5%95%8F%E3%81%84%E5%90%88%E3%82%8F%E3%81%9B%20%E5%8D%B8
自然暮らし,A_メインレーン,日本語商号あり→gBizINFOで従業員数照合へ,日東エフシー株式会社,あり,1,DIY・工具・ガーデン,3,2,0,,722,2533,【プロ品質の万能肥料】観葉植物 水耕栽培 粉末 肥料 栄養剤 液体肥料 自然暮らし 水に溶かして速く効く粉末液肥 100g 添加液肥20ml,B0FMXLFN4V,https://www.google.com/search?q=%E8%87%AA%E7%84%B6%E6%9A%AE%E3%82%89%E3%81%97%20%E4%BC%9A%E7%A4%BE%E6%A6%82%E8%A6%81%20%E5%95%8F%E3%81%84%E5%90%88%E3%82%8F%E3%81%9B%20%E5%8D%B8
タミヤ(TAMIYA),A_メインレーン,日本語商号あり→gBizINFOで従業員数照合へ,タミヤ(TAMIYA),,1,ホビー,4,0,0,,424,2764,タミヤ 1/24 スポーツカーシリーズ No.163 カストロール トヨタ トムス スープラ GT プラモデル 24163,B000LFSG0U,https://www.google.com/search?q=%E3%82%BF%E3%83%9F%E3%83%A4%28TAMIYA%29%20%E4%BC%9A%E7%A4%BE%E6%A6%82%E8%A6%81%20%E5%95%8F%E3%81%84%E5%90%88%E3%82%8F%E3%81%9B%20%E5%8D%B8
フィットフィンガートレーニング,A_メインレーン,日本語商号あり→gBizINFOで従業員数照合へ,グローバルアーク株式会社,あり,1,スポーツ&アウトドア,3,0,0,,1398,2880,フロッグハンド ハードタイプ [正規品] 簡単足指トレーニング,B018O015OW,https://www.google.com/search?q=%E3%83%95%E3%82%A3%E3%83%83%E3%83%88%E3%83%95%E3%82%A3%E3%83%B3%E3%82%AC%E3%83%BC%E3%83%88%E3%83%AC%E3%83%BC%E3%83%8B%E3%83%B3%E3%82%B0%20%E4%BC%9A%E7%A4%BE%E6%A6%82%E8%A6%81%20%E5%95%8F%E3%81%84%E5%90%88%E3%82%8F%E3%81%9B%20%E5%8D%B8
キャロムショット,A_メインレーン,日本語商号あり→gBizINFOで従業員数照合へ,キャロムショット,,1,DIY・工具・ガーデン,6,0,0,,796,3004,キャロムショット モデルガン用スプレー塗料 ブラックスチール(黒鉄色) 容量:300ml,B002G29YHU,https://www.google.com/search?q=%E3%82%AD%E3%83%A3%E3%83%AD%E3%83%A0%E3%82%B7%E3%83%A7%E3%83%83%E3%83%88%20%E4%BC%9A%E7%A4%BE%E6%A6%82%E8%A6%81%20%E5%95%8F%E3%81%84%E5%90%88%E3%82%8F%E3%81%9B%20%E5%8D%B8
ドギーマン,A_メインレーン,日本語商号あり→gBizINFOで従業員数照合へ,ドギーマン,,1,ペット用品,5,2,0,,1675,3740,ドギーマン 犬用おやつ 無添加良品 アキレススティック 20g 【×10袋】,B0CG66VC96,https://www.google.com/search?q=%E3%83%89%E3%82%AE%E3%83%BC%E3%83%9E%E3%83%B3%20%E4%BC%9A%E7%A4%BE%E6%A6%82%E8%A6%81%20%E5%95%8F%E3%81%84%E5%90%88%E3%82%8F%E3%81%9B%20%E5%8D%B8
アルインコ(Alinco),A_メインレーン,日本語商号あり→gBizINFOで従業員数照合へ,アルインコ(Alinco),,1,スポーツ&アウトドア,2,0,0,,616,4000,アルインコ(ALINCO) エクササイズクッション WBN126,B07V8RGCFM,https://www.google.com/search?q=%E3%82%A2%E3%83%AB%E3%82%A4%E3%83%B3%E3%82%B3%28Alinco%29%20%E4%BC%9A%E7%A4%BE%E6%A6%82%E8%A6%81%20%E5%95%8F%E3%81%84%E5%90%88%E3%82%8F%E3%81%9B%20%E5%8D%B8
Pエンタメストア,A_メインレーン,日本語商号あり→gBizINFOで従業員数照合へ,ガイドワークス,,1,ホビー,2,1,0,,2493,4408,勝ち勝ちくん クリア PLUS 戦国乙女 山本カンスケバージョン カチカチくん 小役カウンター カチカチ君 プラス,B0FWPQYC96,https://www.google.com/search?q=P%E3%82%A8%E3%83%B3%E3%82%BF%E3%83%A1%E3%82%B9%E3%83%88%E3%82%A2%20%E4%BC%9A%E7%A4%BE%E6%A6%82%E8%A6%81%20%E5%95%8F%E3%81%84%E5%90%88%E3%82%8F%E3%81%9B%20%E5%8D%B8
旭化成ワッカーシリコン,A_メインレーン,日本語商号あり→gBizINFOで従業員数照合へ,旭化成ワッカーシリコン,,1,ホビー,2,0,0,,1836,4070,旭化成ワッカーシリコン M4470 1kg 硬化剤セット 型取りシリコン,B00BH1GI02,https://www.google.com/search?q=%E6%97%AD%E5%8C%96%E6%88%90%E3%83%AF%E3%83%83%E3%82%AB%E3%83%BC%E3%82%B7%E3%83%AA%E3%82%B3%E3%83%B3%20%E4%BC%9A%E7%A4%BE%E6%A6%82%E8%A6%81%20%E5%95%8F%E3%81%84%E5%90%88%E3%82%8F%E3%81%9B%20%E5%8D%B8
ショウエイ(Shoei),A_メインレーン,日本語商号あり→gBizINFOで従業員数照合へ,,,1,車&バイク,5,1,0,,1687,4350,ショウエイ(SHOEI) 4512048574390 定形外郵便 SHOEI DRYLENS 301 クリア ピンロックシート 曇り止め 適合シールド：CWR-,B0BJPC47YZ,https://www.google.com/search?q=%E3%82%B7%E3%83%A7%E3%82%A6%E3%82%A8%E3%82%A4%28Shoei%29%20%E4%BC%9A%E7%A4%BE%E6%A6%82%E8%A6%81%20%E5%95%8F%E3%81%84%E5%90%88%E3%82%8F%E3%81%9B%20%E5%8D%B8
ジクラ (Zicra),A_メインレーン,日本語商号あり→gBizINFOで従業員数照合へ,zicra(ジクラ),,1,ペット用品,5,2,0,,2094,4825,ジクラ フクロモモンガ専用フード オッティモ１５ １０００ｇ,B07FFJWNK1,https://www.google.com/search?q=%E3%82%B8%E3%82%AF%E3%83%A9%20%28Zicra%29%20%E4%BC%9A%E7%A4%BE%E6%A6%82%E8%A6%81%20%E5%95%8F%E3%81%84%E5%90%88%E3%82%8F%E3%81%9B%20%E5%8D%B8
三井化学アグロ株式会社,A_メインレーン,日本語商号あり→gBizINFOで従業員数照合へ,三井化学クロップ&ライフソリューション株式会社,あり,1,DIY・工具・ガーデン,4,3,0,,1768,4580,三井化学アグロ株式会社 不快害虫用殺虫剤 シャットアウトSE 3kg×2袋,B01H1EH9A6,https://www.google.com/search?q=%E4%B8%89%E4%BA%95%E5%8C%96%E5%AD%A6%E3%82%A2%E3%82%B0%E3%83%AD%E6%A0%AA%E5%BC%8F%E4%BC%9A%E7%A4%BE%20%E4%BC%9A%E7%A4%BE%E6%A6%82%E8%A6%81%20%E5%95%8F%E3%81%84%E5%90%88%E3%82%8F%E3%81%9B%20%E5%8D%B8
レック(LEC),A_メインレーン,日本語商号あり→gBizINFOで従業員数照合へ,レック(LEC),,1,ホーム&キッチン,3,0,0,,1207,4880,レック r+style トイレステーション ホワイト (トイレブラシ),B005N5QHEK,https://www.google.com/search?q=%E3%83%AC%E3%83%83%E3%82%AF%28LEC%29%20%E4%BC%9A%E7%A4%BE%E6%A6%82%E8%A6%81%20%E5%95%8F%E3%81%84%E5%90%88%E3%82%8F%E3%81%9B%20%E5%8D%B8
ウエスト(West),A_メインレーン,日本語商号あり→gBizINFOで従業員数照合へ,豊栄,,1,産業・研究開発用品,5,0,0,,2165,4850,ウエスト 【ユニ結露防止テープ】 空調設備等で威力を発揮する吸水力業務用結露対策テープ。ホワイト HE005-ARC,B007TIPRKO,https://www.google.com/search?q=%E3%82%A6%E3%82%A8%E3%82%B9%E3%83%88%28West%29%20%E4%BC%9A%E7%A4%BE%E6%A6%82%E8%A6%81%20%E5%95%8F%E3%81%84%E5%90%88%E3%82%8F%E3%81%9B%20%E5%8D%B8
ぼん家具,A_メインレーン,日本語商号あり→gBizINFOで従業員数照合へ,,,1,ベビー&マタニティ,4,0,0,,2040,5300,アップリカ 専用カートリッジ 〔専用カセット6個セット〕 ニオイポイ におわなくてポイ おむつ処理,B07BSWGT7C,https://www.google.com/search?q=%E3%81%BC%E3%82%93%E5%AE%B6%E5%85%B7%20%E4%BC%9A%E7%A4%BE%E6%A6%82%E8%A6%81%20%E5%95%8F%E3%81%84%E5%90%88%E3%82%8F%E3%81%9B%20%E5%8D%B8
KBファーム,A_メインレーン,日本語商号あり→gBizINFOで従業員数照合へ,KBファーム,,1,ペット用品,2,0,0,,2510,5600,KBファーム プロゼリー(16g 500個入り) 高たんぱく カブトムシ・クワガタ用,B0CG16W2PC,https://www.google.com/search?q=KB%E3%83%95%E3%82%A1%E3%83%BC%E3%83%A0%20%E4%BC%9A%E7%A4%BE%E6%A6%82%E8%A6%81%20%E5%95%8F%E3%81%84%E5%90%88%E3%82%8F%E3%81%9B%20%E5%8D%B8
New Bee,A_メインレーン,日本語商号あり→gBizINFOで従業員数照合へ,ギタープロセッサー,,1,楽器・音響機器,2,0,0,,3423,6399,New Bee ギターエフェクター ギタープロセッサー モデリング マルチエフェクター アンプシミュレーター MIDIコントロール オーディオインターフェースを,B0G8K4V6JB,https://www.google.com/search?q=New%20Bee%20%E4%BC%9A%E7%A4%BE%E6%A6%82%E8%A6%81%20%E5%95%8F%E3%81%84%E5%90%88%E3%82%8F%E3%81%9B%20%E5%8D%B8
Mont-bell(モンベル),A_メインレーン,日本語商号あり→gBizINFOで従業員数照合へ,,,1,ファッション,4,1,0,,3395,6990,[モンベル] バッグ メンズ レディース ショルダーバッグ A4対応 ナイロン ポケッタブル ライトショルダー M 1123970 (ブラック(BK)),B0DP4KFW9G,https://www.google.com/search?q=Mont-bell%28%E3%83%A2%E3%83%B3%E3%83%99%E3%83%AB%29%20%E4%BC%9A%E7%A4%BE%E6%A6%82%E8%A6%81%20%E5%95%8F%E3%81%84%E5%90%88%E3%82%8F%E3%81%9B%20%E5%8D%B8
ニチネン(Nitinen),A_メインレーン,日本語商号あり→gBizINFOで従業員数照合へ,ニチネン,,1,産業・研究開発用品,5,0,0,,3591,7280,業務用食器洗浄機用リンス剤 マイアルファドライ 5㎏,B004X02T6G,https://www.google.com/search?q=%E3%83%8B%E3%83%81%E3%83%8D%E3%83%B3%28Nitinen%29%20%E4%BC%9A%E7%A4%BE%E6%A6%82%E8%A6%81%20%E5%95%8F%E3%81%84%E5%90%88%E3%82%8F%E3%81%9B%20%E5%8D%B8
マグパチ,A_メインレーン,日本語商号あり→gBizINFOで従業員数照合へ,トライテック(Trytec),,1,ホビー,2,1,0,,4573,7980,日本製 トライテックのトレース台 トレビュアー LED A4 薄型 8mm 7段階調光可 A4-500,B01MFEVCVJ,https://www.google.com/search?q=%E3%83%9E%E3%82%B0%E3%83%91%E3%83%81%20%E4%BC%9A%E7%A4%BE%E6%A6%82%E8%A6%81%20%E5%95%8F%E3%81%84%E5%90%88%E3%82%8F%E3%81%9B%20%E5%8D%B8
壽屋(KOTOBUKIYA),A_メインレーン,日本語商号あり→gBizINFOで従業員数照合へ,壽屋(KOTOBUKIYA),,1,ホビー,4,0,0,,3286,10450,壽屋(KOTOBUKIYA) 銀河英雄伝説 自由惑星同盟軍 第13艦隊旗艦 ヒューベリオン 全長約310mm 1/3000スケール プラモデル,B0GFT5LDTD,https://www.google.com/search?q=%E5%A3%BD%E5%B1%8B%28KOTOBUKIYA%29%20%E4%BC%9A%E7%A4%BE%E6%A6%82%E8%A6%81%20%E5%95%8F%E3%81%84%E5%90%88%E3%82%8F%E3%81%9B%20%E5%8D%B8
ハナミスイ,A_メインレーン,日本語商号あり→gBizINFOで従業員数照合へ,株式会社ウェットトラストジャパン,あり,1,パソコン・周辺機器,5,0,0,,6727,10500,ハナミスイ 《5個セット》使い切りタイプ膣洗浄器 インクリア (inclear) (10本入り x5個),B00RYCP4MG,https://www.google.com/search?q=%E3%83%8F%E3%83%8A%E3%83%9F%E3%82%B9%E3%82%A4%20%E4%BC%9A%E7%A4%BE%E6%A6%82%E8%A6%81%20%E5%95%8F%E3%81%84%E5%90%88%E3%82%8F%E3%81%9B%20%E5%8D%B8
