rank_no,asin,category,jan,name,amazon_price,buybox,sales_rank,offer_count,size,buy_source,verdict,gem,durable,amazon_url,supplier_hint,※Keepa固有の加工値(月間ドロップ数/過去最安値/365日最安/月間販売数/実セラー数)と卸値の列は規約上の理由でリポジトリから除外。完全版は ~/Documents/AI Company 素材/Amazon物販事業/keepa-netsea-full-20260906/
1,B0GVNMY8FG,home_kitchen,,枕 まくら 高級ホテル仕様 43x63cm 立体構造 ふわふわ 柔らかめ 首・肩にやさしい 快眠 安眠 丸洗いOK 高さ,1980.0,,3000,2,standard_1,,,False,False,https://www.amazon.co.jp/dp/B0GVNMY8FG,,
2,B0GQ2MJKMN,home_kitchen,,AooDen 枕 まくら 【高級ホテル仕様・丸洗い可能】 63x43cm 立体構造 ふわふわ 柔らかめ 首・肩にやさしい,1980.0,,3000,3,standard_1,,,False,False,https://www.amazon.co.jp/dp/B0GQ2MJKMN,,
3,B0H45LGYK1,home_kitchen,,AooDen 枕 まくら ホテル仕様 2個セット ふわふわ 快眠 安眠 高さ調整 洗える枕 通気性 立体構造 63x43,3580.0,,3000,2,standard_2,,,False,False,https://www.amazon.co.jp/dp/B0H45LGYK1,,
4,B012CCEIC4,home_kitchen,4549526101670,CASIO(カシオ) 目覚まし時計 電波時計 ホワイト 白 デジタル 小型 スヌーズ ライト DQD-805J-7JF,2955.0,,3001,4,small,楽天,あやしい,False,False,https://www.amazon.co.jp/dp/B012CCEIC4,楽天最安 JAN=4549526101670,
5,B012CCEIDS,home_kitchen,4549526101663,CASIO(カシオ) 目覚まし時計 電波時計 ピンク デジタル 小型 スヌーズ ライト DQD-805J-4JF,2863.0,,3001,7,small,楽天,あやしい,False,False,https://www.amazon.co.jp/dp/B012CCEIDS,楽天最安 JAN=4549526101663,
6,B0CXSVLD44,home_kitchen,2000072637843,アイリスプラザ 寝具カバー3点セット セミダブル 洋式ベッド・和式布団兼用 布団カバーセット ホテル仕様 肌ざわりがよい,2261.0,,2566,5,standard_1,Yahoo,はずれ,False,False,https://www.amazon.co.jp/dp/B0CXSVLD44,Yahoo最安 JAN=2000072637843,
7,B017ND5592,home_kitchen,4905001365072,遠藤商事 TKG アイスクリームすくいデッシャー #24 直径×全長φ39×198mm 容量(cc) 18 錆に強いステ,2880.0,,3101,7,small,Yahoo,あやしい,False,False,https://www.amazon.co.jp/dp/B017ND5592,Yahoo最安 JAN=4905001365072,
8,B06XY1FGNV,home_kitchen,4977642410954,HARIO(ハリオ) ジャンピングリーフポットS 実用容量600ml 耐熱ガラス ティーポット JPS-60-HSV,2191.0,,3003,9,standard_1,Yahoo,はずれ,False,False,https://www.amazon.co.jp/dp/B06XY1FGNV,Yahoo最安 JAN=4977642410954,
9,B017ND2QXK,home_kitchen,4905001365096,遠藤商事 TKG アイスクリームすくいデッシャー #28 直径×全長φ30×187mm 容量(cc) 10 錆に強いステ,2674.0,,3101,7,standard_1,Yahoo,はずれ,False,False,https://www.amazon.co.jp/dp/B017ND2QXK,Yahoo最安 JAN=4905001365096,
10,B00DAXL422,home_kitchen,4902704568939,パナソニック LEDクリップライト ライムイエロー BF-AF20P-Y,1820.0,,3004,6,small,楽天,はずれ,False,False,https://www.amazon.co.jp/dp/B00DAXL422,楽天最安 JAN=4902704568939,
11,B00DAXL3DC,home_kitchen,4902704568915,パナソニック LEDクリップライト ターコイズブルー BF-AF20P-G,1480.0,,3004,3,small,Yahoo,はずれ,False,False,https://www.amazon.co.jp/dp/B00DAXL3DC,Yahoo最安 JAN=4902704568915,
12,B00DAXL4WC,home_kitchen,4902704568922,パナソニック LEDクリップライト ビビッドピンク BF-AF20P-R,1480.0,,3004,5,small,Yahoo,はずれ,False,False,https://www.amazon.co.jp/dp/B00DAXL4WC,Yahoo最安 JAN=4902704568922,
13,B092H9T66B,home_kitchen,4976790366687,パール金属 そうめん流し器 スライダー ミントブルー 流麺 D-6668,4580.0,,3007,7,large_1,Yahoo,はずれ,False,False,https://www.amazon.co.jp/dp/B092H9T66B,Yahoo最安 JAN=4976790366687,
14,B017ND2IQ0,home_kitchen,4905001364990,遠藤商事 TKG アイスクリームすくいデッシャー #8 直径×全長φ71×235mm 容量(cc) 110 錆に強いステ,1737.0,,3101,8,small,Yahoo,はずれ,False,False,https://www.amazon.co.jp/dp/B017ND2IQ0,Yahoo最安 JAN=4905001364990,
15,B017ND2DQU,home_kitchen,4905001365010,遠藤商事 TKG アイスクリームすくいデッシャー #12 直径×全長φ66×227mm 容量(cc) 85 錆に強いステ,2880.0,,3011,6,small,Yahoo,あやしい,False,False,https://www.amazon.co.jp/dp/B017ND2DQU,Yahoo最安 JAN=4905001365010,
16,B017ND329M,home_kitchen,4905001365027,遠藤商事(Endo Shoji) TKG アイスクリームすくいデッシャー #14 直径×全長φ60×220 容量(cc),2736.0,,3011,10,small,楽天,あやしい,False,False,https://www.amazon.co.jp/dp/B017ND329M,楽天最安 JAN=4905001365027,
17,B017ND329C,home_kitchen,4905001365034,遠藤商事 TKG アイスクリームすくいデッシャー #16 直径×全長φ56×218 容量(cc) 50 錆に強いステンレ,1864.0,,3101,5,small,Yahoo,はずれ,False,False,https://www.amazon.co.jp/dp/B017ND329C,Yahoo最安 JAN=4905001365034,
18,B017ND2IEC,home_kitchen,4905001365003,遠藤商事 TKG アイスクリームすくいデッシャー #10 直径×全長φ69×233mm 容量(cc) 100 錆に強いス,1626.0,,3011,6,small,楽天,はずれ,False,False,https://www.amazon.co.jp/dp/B017ND2IEC,楽天最安 JAN=4905001365003,
19,B017ND2Y14,home_kitchen,4905001365065,遠藤商事 TKG アイスクリームすくいデッシャー #22 直径×全長φ41×200mm 容量(cc) 20 錆に強いステ,2009.0,,3011,7,small,楽天,はずれ,False,False,https://www.amazon.co.jp/dp/B017ND2Y14,楽天最安 JAN=4905001365065,
20,B017ND2XYW,home_kitchen,4905001365041,遠藤商事(Endo Shoji) TKG アイスクリームすくいデッシャー #18 直径×全長φ50×208 容量(cc),2009.0,,3011,7,small,楽天,はずれ,False,False,https://www.amazon.co.jp/dp/B017ND2XYW,楽天最安 JAN=4905001365041,
21,B017ND2MTI,home_kitchen,4905001364983,遠藤商事 TKG アイスクリームすくいデッシャー #6 直径×全長φ78×240mm 容量(cc) 130 錆に強いステ,1737.0,,3011,7,standard_1,Yahoo,はずれ,False,False,https://www.amazon.co.jp/dp/B017ND2MTI,Yahoo最安 JAN=4905001364983,
22,B017ND2QLM,home_kitchen,4905001365058,遠藤商事(Endo Shoji) TKG アイスクリームすくいデッシャー #20 直径×全長φ43×204mm 容量(c,1818.0,,3011,6,small,Yahoo,はずれ,False,False,https://www.amazon.co.jp/dp/B017ND2QLM,Yahoo最安 JAN=4905001365058,
23,B017ND2Y78,home_kitchen,4905001365089,遠藤商事 TKG アイスクリームすくいデッシャー #26 直径×全長φ35×195mm 容量(cc) 15 錆に強いステ,2701.0,,3101,6,small,Yahoo,あやしい,False,False,https://www.amazon.co.jp/dp/B017ND2Y78,Yahoo最安 JAN=4905001365089,
24,B0H2F5WJW6,home_kitchen,,【光は通す 紫外線は通さない】 窓用フィルム 窓断熱シート 窓断熱フィルム 飛散防止 UVカット 遮熱遮光 防災 90c,7494.0,,3014,2,standard_2,,,False,False,https://www.amazon.co.jp/dp/B0H2F5WJW6,,
25,B0H2FBMX98,home_kitchen,,【光は通す 紫外線は通さない】 窓用フィルム 窓断熱シート 窓断熱フィルム 飛散防止 UVカット 遮熱遮光 44.5cm,9294.0,,3014,2,standard_1,,,False,False,https://www.amazon.co.jp/dp/B0H2FBMX98,,
26,B0H2F9Z2NG,home_kitchen,,【光は通す 紫外線は通さない】 窓用フィルム 窓断熱シート 窓断熱フィルム 飛散防止 UVカット 遮熱遮光 防災 90c,4894.0,,2718,2,standard_1,,,False,False,https://www.amazon.co.jp/dp/B0H2F9Z2NG,,
27,B0H2F7SBPH,home_kitchen,,【光は通す 紫外線は通さない】 窓用フィルム 窓断熱シート 窓断熱フィルム 飛散防止 UVカット 遮熱遮光 44.5cm,5394.0,,3014,2,standard_1,,,False,False,https://www.amazon.co.jp/dp/B0H2F7SBPH,,
28,B0H2FB4N6B,home_kitchen,,【光は通す 紫外線は通さない】 窓用フィルム 窓断熱シート 窓断熱フィルム 飛散防止 UVカット 遮熱遮光 44.5cm,9294.0,,3014,2,standard_1,,,False,False,https://www.amazon.co.jp/dp/B0H2FB4N6B,,
29,B0H2F5QWSX,home_kitchen,,【光は通す 紫外線は通さない】 窓用フィルム 窓断熱シート 窓断熱フィルム 飛散防止 UVカット 遮熱遮光 44.5cm,5394.0,,3014,2,standard_1,,,False,False,https://www.amazon.co.jp/dp/B0H2F5QWSX,,
30,B0H2F82BTJ,home_kitchen,,【光は通す 紫外線は通さない】 窓用フィルム 窓断熱シート 窓断熱フィルム 飛散防止 UVカット 遮熱遮光 44.5cm,7394.0,,3014,2,standard_1,,,False,False,https://www.amazon.co.jp/dp/B0H2F82BTJ,,
31,B0H2FDKS9N,home_kitchen,,【光は通す 紫外線は通さない】 窓用フィルム 窓断熱シート 窓断熱フィルム 飛散防止 UVカット 遮熱遮光 防災 90c,8494.0,,3014,2,standard_1,,,False,False,https://www.amazon.co.jp/dp/B0H2FDKS9N,,
32,B0H2FBP9F8,home_kitchen,,【光は通す 紫外線は通さない】 窓用フィルム 窓断熱シート 窓断熱フィルム 飛散防止 UVカット 遮熱遮光 44.5cm,7394.0,,3014,2,standard_1,,,False,False,https://www.amazon.co.jp/dp/B0H2FBP9F8,,
33,B0H2F2W9HD,home_kitchen,,【光は通す 紫外線は通さない】 窓用フィルム 窓断熱シート 窓断熱フィルム 飛散防止 UVカット 遮熱遮光 防災 90c,4894.0,,3014,2,standard_1,,,False,False,https://www.amazon.co.jp/dp/B0H2F2W9HD,,
34,B0H2FCCZVJ,home_kitchen,,【光は通す 紫外線は通さない】 窓用フィルム 窓断熱シート 窓断熱フィルム 飛散防止 UVカット 遮熱遮光 防災 90c,7494.0,,3014,2,standard_2,,,False,False,https://www.amazon.co.jp/dp/B0H2FCCZVJ,,
35,B0H2F3R94J,home_kitchen,,【光は通す 紫外線は通さない】 窓用フィルム 窓断熱シート 窓断熱フィルム 飛散防止 UVカット 遮熱遮光 防災 90c,4894.0,,3014,2,standard_1,,,False,False,https://www.amazon.co.jp/dp/B0H2F3R94J,,
36,B0H2F6P54P,home_kitchen,,【光は通す 紫外線は通さない】 窓用フィルム 窓断熱シート 窓断熱フィルム 飛散防止 UVカット 遮熱遮光 防災 90c,8494.0,,3014,2,standard_1,,,False,False,https://www.amazon.co.jp/dp/B0H2F6P54P,,
37,B0H2FB2BTN,home_kitchen,,【光は通す 紫外線は通さない】 窓用フィルム 窓断熱シート 窓断熱フィルム 飛散防止 UVカット 遮熱遮光 防災 90c,7494.0,,3014,2,standard_2,,,False,False,https://www.amazon.co.jp/dp/B0H2FB2BTN,,
38,B0H2F62L6V,home_kitchen,,【光は通す 紫外線は通さない】 窓用フィルム 窓断熱シート 窓断熱フィルム 飛散防止 UVカット 遮熱遮光 防災 90c,8495.0,,3014,2,standard_1,,,False,False,https://www.amazon.co.jp/dp/B0H2F62L6V,,
39,B098DXYXJJ,home_kitchen,,風鈴 ウィンドチャイム 南部鋳鉄 VIPITH あお 富士山 風水,1259.0,,3239,2,small,,,False,False,https://www.amazon.co.jp/dp/B098DXYXJJ,,
40,B0H2FDW7SR,home_kitchen,,【光は通す 紫外線は通さない】 窓用フィルム 窓断熱シート 窓断熱フィルム 飛散防止 UVカット 遮熱遮光 44.5cm,2894.0,,2718,2,standard_1,,,False,False,https://www.amazon.co.jp/dp/B0H2FDW7SR,,
41,B0H2F3FB72,home_kitchen,,【光は通す 紫外線は通さない】 窓用フィルム 窓断熱シート 窓断熱フィルム 飛散防止 UVカット 遮熱遮光 44.5cm,2894.0,,2718,2,standard_1,,,False,False,https://www.amazon.co.jp/dp/B0H2F3FB72,,
42,B0GH6J8V6J,home_kitchen,,【正規品】JF-K11-A 浄水器カートリッジ 12物質除去タイプ 3本セット 浄水蛇口交換用カートリッジです JF-K,4749.0,,3016,2,small,,,False,False,https://www.amazon.co.jp/dp/B0GH6J8V6J,,
43,B0GSQZNXQM,home_kitchen,,チェアマット AOHDM ゲーミングチェアマット 120×90cm 厚さ4mm 畳・フローリング対応 デスク下床保護マッ,2060.0,,3861,2,standard_1,,,False,False,https://www.amazon.co.jp/dp/B0GSQZNXQM,,
44,B0DJW3TL16,home_kitchen,,チェアマット AOHDM 床保護 ゲーミングチェアマット 140×100cm 厚さ4mm 畳・フローリング対応 デスク下,2620.0,,3861,3,standard_1,,,False,False,https://www.amazon.co.jp/dp/B0DJW3TL16,,
45,B0DJW2QM36,home_kitchen,,チェアマット AOHDM 床保護 ゲーミングチェアマット 140×100cm 厚さ4mm 畳・フローリング対応 デスク下,2504.0,,3861,2,standard_1,,,False,False,https://www.amazon.co.jp/dp/B0DJW2QM36,,
46,B0FGPFDLYQ,home_kitchen,,キッチンタオル 48枚 綿100％ 格子ふきん 薄手 吸水速乾 絞りやすい 業務用 おしぼり 手拭き 台拭き 4色,3130.0,,3020,2,standard_1,,,False,False,https://www.amazon.co.jp/dp/B0FGPFDLYQ,,
47,B08CB1G667,home_kitchen,4967576456562,アイリスオーヤマ 電気ケトル 800ml お手入れカンタン ニオイ移りしない 空焚き防止機能付き IKEB800W,2473.0,,3022,9,standard_2,Yahoo,はずれ,False,False,https://www.amazon.co.jp/dp/B08CB1G667,Yahoo最安 JAN=4967576456562,
48,B071HRHPRD,home_kitchen,,浄水器用カートリッジ 高除去性能タイプ JC0036UG,3800.0,,3025,5,small,,,False,False,https://www.amazon.co.jp/dp/B071HRHPRD,,
49,B001TNA0P2,home_kitchen,4904761204201,谷口金属 雪平鍋 ガス火専用 14cm 0.8L 日本製 軽量 煮物 味噌汁 和の職人,1550.0,,3300,8,standard_1,Yahoo,はずれ,False,False,https://www.amazon.co.jp/dp/B001TNA0P2,Yahoo最安 JAN=4904761204201,
50,B00C2LVKYU,home_kitchen,4904761228306,谷口金属工業 和の職人 日本製IHゆきひら鍋 浅型20cm YY-101,3125.0,,3300,5,standard_1,楽天,はずれ,False,False,https://www.amazon.co.jp/dp/B00C2LVKYU,楽天最安 JAN=4904761228306,
51,B0011F211O,home_kitchen,4904761204294,谷口金属 自宅でおいしいどんぶりが作れる 親子鍋 17cm ガス火専用 日本製 親子丼 かつ丼 和の職人,1400.0,,3026,8,standard_1,楽天,はずれ,False,False,https://www.amazon.co.jp/dp/B0011F211O,楽天最安 JAN=4904761204294,
52,B00EURO2GM,home_kitchen,0699234157798,谷口金属 自宅でおいしいどんぶりが作れる 親子鍋 17cm IH ガス火専用 フッ素加工 こびりつきにくい PFOS P,1229.0,,3026,9,standard_1,Yahoo,はずれ,False,False,https://www.amazon.co.jp/dp/B00EURO2GM,Yahoo最安 JAN=0699234157798,
53,B0011EZ76G,home_kitchen,0699234182479,谷口金属 雪平鍋 ガス火専用 24cm 3.8L 日本製 軽量 煮物 味噌汁 和の職人,3107.0,,3026,7,standard_1,Yahoo,はずれ,False,False,https://www.amazon.co.jp/dp/B0011EZ76G,Yahoo最安 JAN=0699234182479,
54,B0011EZ75C,home_kitchen,0699234166684,谷口金属 雪平鍋 ガス火専用 18cm 1.8L 日本製 軽量 煮物 味噌汁 和の職人,2320.0,,3300,8,standard_1,Yahoo,はずれ,False,False,https://www.amazon.co.jp/dp/B0011EZ75C,Yahoo最安 JAN=0699234166684,
55,B0CYBWBJKW,home_kitchen,6978290255223,fuwawa 敷きパッド ダブル ベッドパッド 敷パット 洗える シーツ 抗菌防臭 防ダニ加工 オールシーズン ゴムバン,2780.0,,2288,2,standard_1,Yahoo,はずれ,False,False,https://www.amazon.co.jp/dp/B0CYBWBJKW,Yahoo最安 JAN=6978290255223,
56,B0011EU608,home_kitchen,4904761204249,谷口金属 雪平鍋 ガス火専用 22cm 3.1L 日本製 軽量 煮物 味噌汁 和の職人,1998.0,,3300,9,standard_1,Yahoo,はずれ,False,False,https://www.amazon.co.jp/dp/B0011EU608,Yahoo最安 JAN=4904761204249,
57,B0DP6BGXCB,home_kitchen,4901126249228,ラストロウェア 弁当箱 イージーケア ランチボックススリム 男性 1段 800ml ダークグレー パッキン一体型 洗いや,1668.0,,3029,6,small,Yahoo,はずれ,False,False,https://www.amazon.co.jp/dp/B0DP6BGXCB,Yahoo最安 JAN=4901126249228,
58,B0DP69ZY2T,home_kitchen,4901126249235,岩崎工業 ラストロウェア 弁当箱 イージーケア ランチボックススリム 男性 1段 800ml ライトグレー パッキン一体,1480.0,,3029,5,small,楽天,はずれ,False,False,https://www.amazon.co.jp/dp/B0DP69ZY2T,楽天最安 JAN=4901126249235,
59,B0DP68PCSD,home_kitchen,4901126249129,ラストロウェア 弁当箱 イージーケア ランチボックススリム 男性 1段 600ml ダークグレー パッキン一体型 洗いや,1442.0,,3029,6,small,Yahoo,はずれ,False,False,https://www.amazon.co.jp/dp/B0DP68PCSD,Yahoo最安 JAN=4901126249129,
60,B0DP68PCSH,home_kitchen,4901126249136,岩崎工業 ラストロウェア 弁当箱 イージーケア ランチボックススリム 男性 1段 600ml ライトグレー パッキン一体,1282.0,,3029,6,small,Yahoo,はずれ,False,False,https://www.amazon.co.jp/dp/B0DP68PCSH,Yahoo最安 JAN=4901126249136,
61,B08L3CKD64,home_kitchen,4993896303149,盛り塩 セット 必要なものがそろった 簡単 八角 盛り塩 清めの塩500g 固め器 へら 八角皿2枚入り 浄化 開運 お,1595.0,,3031,3,standard_1,Yahoo,はずれ,False,False,https://www.amazon.co.jp/dp/B08L3CKD64,Yahoo最安 JAN=4993896303149,
62,B07ZYM8NDR,home_kitchen,4953980997029,不二貿易 カラーボックス 収納ボックス 3段 幅42×奥行29×高さ120㎝ ミディアムブラウン 工具不要 A4サイズ対,3651.0,,2954,4,large_2,Yahoo,はずれ,False,False,https://www.amazon.co.jp/dp/B07ZYM8NDR,Yahoo最安 JAN=4953980997029,
63,B0FHKGD67V,home_kitchen,4953980438638,不二貿易 カラーボックス 本棚 収納ボックス 3段 A4対応 幅41.8×奥行29×高さ102cm アッシュグレー 43,2283.0,,2954,3,large_2,Yahoo,はずれ,False,False,https://www.amazon.co.jp/dp/B0FHKGD67V,Yahoo最安 JAN=4953980438638,
64,B0FHJ354YH,home_kitchen,4953980438607,不二貿易 カラーボックス 本棚 収納ボックス 3段 A4対応 幅41.8×奥行29×高さ102cm ナチュラル 4386,3128.0,,3033,2,large_2,Yahoo,はずれ,False,False,https://www.amazon.co.jp/dp/B0FHJ354YH,Yahoo最安 JAN=4953980438607,
65,B00UFJTT12,home_kitchen,4953980966001,不二貿易 カラーボックス 3段 幅41.8cm 奥行29cm 高さ89cm ナチュラル 可動棚 96600,1892.0,,3033,7,large_2,Yahoo,はずれ,False,False,https://www.amazon.co.jp/dp/B00UFJTT12,Yahoo最安 JAN=4953980966001,
66,B00UFJTLSI,home_kitchen,4953980966018,不二貿易 カラーボックス 3段 幅41.8×奥行29×高さ89cm ホワイト 収納ボックス 可動棚 組立商品 96601,1891.0,,3033,7,large_2,Yahoo,はずれ,False,False,https://www.amazon.co.jp/dp/B00UFJTLSI,Yahoo最安 JAN=4953980966018,
67,B0BY2ND52N,home_kitchen,2000072557677,アイリスプラザ こだわり10層構造ポケットコイルマットレス セミダブル 部屋が広く見える薄型タイプ 厚さ14cm 高密度,10000.0,,3033,4,large_2,,,False,False,https://www.amazon.co.jp/dp/B0BY2ND52N,,
68,B0FHKGM9FL,home_kitchen,4953980438621,不二貿易 カラーボックス 本棚 収納ボックス 3段 A4対応 幅41.8×奥行29×高さ102cm ブラウン 43862,2709.0,,2954,2,large_2,Yahoo,はずれ,False,False,https://www.amazon.co.jp/dp/B0FHKGM9FL,Yahoo最安 JAN=4953980438621,
69,B0FHJ1LJWC,home_kitchen,4953980438584,不二貿易 カラーボックス 本棚 収納ボックス 3段 幅41.8×奥行29×高さ89cm アッシュグレー 43858,1782.0,,3033,4,large_2,Yahoo,はずれ,False,False,https://www.amazon.co.jp/dp/B0FHJ1LJWC,Yahoo最安 JAN=4953980438584,
70,B0FCRVZLFF,home_kitchen,4953980438577,不二貿易 カラーボックス 収納ボックス 幅41.8×奥行29×高さ89cm 耐荷重 ブラウン 43857,1782.0,,3033,3,large_2,Yahoo,はずれ,False,False,https://www.amazon.co.jp/dp/B0FCRVZLFF,Yahoo最安 JAN=4953980438577,
71,B0D6287Y25,home_kitchen,4903208017503,山崎実業(Yamazaki) 倒して置ける 冷水筒 ティーバッグ入れ付き ブラック W8.5×D10×H27.2cm タ,2530.0,,3043,10,standard_1,Yahoo,はずれ,False,False,https://www.amazon.co.jp/dp/B0D6287Y25,Yahoo最安 JAN=4903208017503,
72,B0GV43J821,home_kitchen,,BOTSIONE サーキュレーター DCモーター 静音 20畳【2026最新進化 整う冷感】 3D首振り 2段階高さ調節,4999.0,,3044,6,standard_2,,,False,False,https://www.amazon.co.jp/dp/B0GV43J821,,
73,B0F2M78MV4,home_kitchen,,POOPEE LEDセンサーライト 小型 マイクロ波人感センサー付 LEDシーリングライト 4畳 照明器具 玄関灯 廊下,1691.0,,3047,2,small,,,False,False,https://www.amazon.co.jp/dp/B0F2M78MV4,,
74,B0H1QPJVRB,home_kitchen,,Foompk 首掛け扇風機 ネッククーラー 冷却プレート 瞬間冷感 ネックファン【3段階送風・3段階冷却・3段階加熱】8,9490.0,,3046,2,standard_1,,,False,False,https://www.amazon.co.jp/dp/B0H1QPJVRB,,
75,B0F2M1DMHK,home_kitchen,,POOPEE LEDセンサーライト 小型 マイクロ波人感センサー付 LEDシーリングライト 4畳 照明器具 玄関灯 廊下,1691.0,,3047,2,small,,,False,False,https://www.amazon.co.jp/dp/B0F2M1DMHK,,
76,B0B7RLQBHZ,home_kitchen,,POOPEE LEDセンサーライト 小型 人感センサー付 LEDシーリングライト 4畳 照明器具 玄関灯 廊下灯 10W,2975.0,,3047,2,standard_1,,,False,False,https://www.amazon.co.jp/dp/B0B7RLQBHZ,,
77,B0F2MHDPLJ,home_kitchen,,POOPEE LEDセンサーライト 小型 マイクロ波人感センサー付 LEDシーリングライト 4畳 照明器具 玄関灯 廊下,3500.0,,3047,2,standard_1,,,False,False,https://www.amazon.co.jp/dp/B0F2MHDPLJ,,
78,B0F2MH24LT,home_kitchen,,POOPEE LEDセンサーライト 小型 マイクロ波人感センサー付 LEDシーリングライト 4畳 照明器具 玄関灯 廊下,2975.0,,3047,2,standard_1,,,False,False,https://www.amazon.co.jp/dp/B0F2MH24LT,,
79,B0GCLN8L8S,home_kitchen,,POOPEE【人感センサー/常時点灯切替え】LEDマイクロ波センサーライト 小型 LEDシーリングライト 4畳 照明器具,3230.0,,3047,2,standard_1,,,False,False,https://www.amazon.co.jp/dp/B0GCLN8L8S,,
80,B0B7RMJRBK,home_kitchen,,POOPEE LEDセンサーライト 小型 人感センサー付 シーリングライト 4畳 照明器具 玄関 廊下灯 10W消費電力,1691.0,,3047,2,small,,,False,False,https://www.amazon.co.jp/dp/B0B7RMJRBK,,
81,B0B7RMGK93,home_kitchen,,POOPEE LEDセンサーライト 小型 人感センサー付 LEDシーリングライト 4畳 照明器具 玄関灯 廊下灯 10W,1691.0,,3047,2,small,,,False,False,https://www.amazon.co.jp/dp/B0B7RMGK93,,
82,B0GCMK4R3Y,home_kitchen,,POOPEE【人感センサー/常時点灯切替え】LEDマイクロ波センサーライト 小型 LEDシーリングライト 4畳 照明器具,1946.0,,3047,2,small,,,False,False,https://www.amazon.co.jp/dp/B0GCMK4R3Y,,
83,B0B7RLDPVX,home_kitchen,,POOPEE LEDセンサーライト 小型 人感センサー付 LEDシーリングライト 4畳 照明器具 玄関灯 廊下灯 10W,2975.0,,3047,2,standard_1,,,False,False,https://www.amazon.co.jp/dp/B0B7RLDPVX,,
84,B0DJW4L1RN,home_kitchen,,チェアマット AOHDM 床保護 ゲーミングチェアマット 140×100cm 厚さ4mm 畳・フローリング対応 デスク下,3280.0,,3053,2,standard_1,,,False,False,https://www.amazon.co.jp/dp/B0DJW4L1RN,,
85,B0GSR625JK,home_kitchen,,チェアマットAOHDM 床保護ゲーミングチェアマット 床傷防止パッド180×140cm 厚さ4mm 畳・フローリング対応,5980.0,,3053,2,standard_2,,,False,False,https://www.amazon.co.jp/dp/B0GSR625JK,,
86,B0GSR69RZV,home_kitchen,,チェアマットAOHDM 床保護ゲーミングチェアマット 床傷防止パッド180×140cm 厚さ4mm 畳・フローリング対応,4780.0,,3053,2,standard_2,,,False,False,https://www.amazon.co.jp/dp/B0GSR69RZV,,
87,B0GSR3VN6Q,home_kitchen,,チェアマットAOHDM 床保護ゲーミングチェアマット 床傷防止パッド180×140cm 厚さ4mm 畳・フローリング対応,4581.0,,3053,2,standard_2,,,False,False,https://www.amazon.co.jp/dp/B0GSR3VN6Q,,
88,B0DJW4YJ4S,home_kitchen,,チェアマット AOHDM 床保護 ゲーミングチェアマット 140×100cm 厚さ4mm 畳・フローリング対応 デスク下,2414.0,,3053,2,standard_1,,,False,False,https://www.amazon.co.jp/dp/B0DJW4YJ4S,,
89,B0DJW2XT2H,home_kitchen,,チェアマット AOHDM 床保護 ゲーミングチェアマット 140×100cm 厚さ4mm 畳・フローリング対応 デスク下,2590.0,,3053,2,standard_1,,,False,False,https://www.amazon.co.jp/dp/B0DJW2XT2H,,
90,B0DJW3VFPL,home_kitchen,,チェアマットAOHDM 床保護ゲーミングチェアマット 床傷防止パッド180×140cm 厚さ4mm 畳・フローリング対応,5980.0,,3053,2,standard_2,,,False,False,https://www.amazon.co.jp/dp/B0DJW3VFPL,,
91,B0DJW4H2MJ,home_kitchen,,チェアマット AOHDM 床保護 ゲーミングチェアマット 140×100cm 厚さ4mm 畳・フローリング対応 デスク下,2460.0,,3053,2,standard_1,,,False,False,https://www.amazon.co.jp/dp/B0DJW4H2MJ,,
92,B0GSR4SX3T,home_kitchen,,チェアマット AOHDM ゲーミングチェアマット 120×90cm 厚さ4mm 畳・フローリング対応 デスク下床保護マッ,1898.0,,3053,2,standard_1,,,False,False,https://www.amazon.co.jp/dp/B0GSR4SX3T,,
93,B0GSR1W97Z,home_kitchen,,チェアマットAOHDM 床保護ゲーミングチェアマット 床傷防止パッド180×140cm 厚さ4mm 畳・フローリング対応,4679.0,,3053,2,standard_2,,,False,False,https://www.amazon.co.jp/dp/B0GSR1W97Z,,
94,B0DJW4SGC7,home_kitchen,,チェアマット AOHDM 床保護 ゲーミングチェアマット 140×100cm 厚さ4mm 畳・フローリング対応 デスク下,3280.0,,3053,2,standard_1,,,False,False,https://www.amazon.co.jp/dp/B0DJW4SGC7,,
95,B0DJW54J4W,home_kitchen,,チェアマット AOHDM 床保護 ゲーミングチェアマット 160×140cm 厚さ4mm 畳・フローリング対応 デスク下,3980.0,,3053,2,standard_2,,,False,False,https://www.amazon.co.jp/dp/B0DJW54J4W,,
96,B0DJW2VR19,home_kitchen,,チェアマット AOHDM 床保護 ゲーミングチェアマット 160×140cm 厚さ4mm 畳・フローリング対応 デスク下,5080.0,,3053,2,standard_2,,,False,False,https://www.amazon.co.jp/dp/B0DJW2VR19,,
97,B0GCHHZ4CK,home_kitchen,,POOPEE【人感センサー/常時点灯切替え】LEDマイクロ波センサーライト 小型 LEDシーリングライト 4畳 照明器具,1946.0,,3047,2,small,,,False,False,https://www.amazon.co.jp/dp/B0GCHHZ4CK,,
98,B0CP78G5GB,home_kitchen,4953980401137,不二貿易 カッティングボード まな板 幅32×奥行30×高さ1.2cm ナチュラル バンブー 竹 天然抗菌 速乾性 40,1550.0,,2519,2,standard_1,楽天,はずれ,False,False,https://www.amazon.co.jp/dp/B0CP78G5GB,楽天最安 JAN=4953980401137,
99,B0011EVW9C,home_kitchen,4903320465756,レック ロング ふとんばさみ 2個組 (布団ばさみ),1200.0,,3060,5,standard_1,楽天,はずれ,False,False,https://www.amazon.co.jp/dp/B0011EVW9C,楽天最安 JAN=4903320465756,
100,B0CR7L67VR,home_kitchen,4595317721244,【るるぶ掲載】 布団圧縮袋 ふとん 圧縮袋 衣類 真空 押し入れ 敷布団 掛布団 寝具 収納 防塵 防カビ 防水 (掃除,1980.0,,2627,2,standard_1,,,False,False,https://www.amazon.co.jp/dp/B0CR7L67VR,,
101,B0FG77XKZ1,home_kitchen,,"圧縮袋 衣類 旅行 布団 衣類圧縮袋 洋服 真空 収納 手巻き トラベル 出張 ポンプ不要 便利グッズ (手巻きタイプ,",1980.0,,3064,2,standard_1,,,False,False,https://www.amazon.co.jp/dp/B0FG77XKZ1,,
102,B0F1ZVNVM5,home_kitchen,4955014044563,壁掛け扇風機 壁掛けフルリモコン扇風機(30cm・5枚羽根)(ホワイト),4980.0,,3068,9,large_1,Yahoo,はずれ,False,False,https://www.amazon.co.jp/dp/B0F1ZVNVM5,Yahoo最安 JAN=4955014044563,
103,B000QXLSJI,home_kitchen,0699234113305,パール金属 デリッシュ ササラ 小 C-1647,1240.0,,3333,3,small,Yahoo,はずれ,False,False,https://www.amazon.co.jp/dp/B000QXLSJI,Yahoo最安 JAN=0699234113305,
104,B09T2GQMBW,home_kitchen,4582520494720,7BEAUTY フェイスタオル #S103 (綿100％)(250匁)(80g) 34×86cm ウォームグレー (6枚,1990.0,,3823,2,standard_1,,,False,False,https://www.amazon.co.jp/dp/B09T2GQMBW,,
105,B0D319K6T3,home_kitchen,4582520498896,7BEAUTY フェイスタオル #S103 (綿100％)(250匁)(80g) 34×86cm ダークネイビー (6枚,1990.0,,3823,2,standard_1,,,False,False,https://www.amazon.co.jp/dp/B0D319K6T3,,
106,B0GRW9GCZ2,home_kitchen,,【Amazon.co.jp限定】 冷風扇 冷風機 強力 人気 クーラー スポットクーラー 扇風機 大容量 12.5L 上,7380.0,,3070,3,large_1,,,False,False,https://www.amazon.co.jp/dp/B0GRW9GCZ2,,
107,B0D95SFLYF,home_kitchen,,エアコンリモコン 東芝用 家庭用 設定不要 日立 エアコンリモコン 汎用リモコン 2000～2022年製対応 toshi,1480.0,,3073,1,small,,,False,False,https://www.amazon.co.jp/dp/B0D95SFLYF,,
108,B0GRC12TWB,home_kitchen,,【Amazon.co.jp限定】腰掛け扇風機 携帯扇風機 ベルトファン 腰掛けファン ウエストファン クリップ式扇風機 ,1880.0,,3074,3,standard_1,,,False,False,https://www.amazon.co.jp/dp/B0GRC12TWB,,
109,B0GRC1N6WF,home_kitchen,,【Amazon.co.jp限定】腰掛け扇風機 携帯扇風機 ベルトファン 腰掛けファン ウエストファン クリップ式扇風機 ,1880.0,,3074,3,standard_1,,,False,False,https://www.amazon.co.jp/dp/B0GRC1N6WF,,
110,B0GQB2FNTN,home_kitchen,,卓上扇風機 クリップ 扇風機 静音【2026年夏モデル&3D自動首振り&7枚羽根 ソフト気流】 10000mAh電池内蔵,2788.0,,3075,2,standard_1,,,False,False,https://www.amazon.co.jp/dp/B0GQB2FNTN,,
111,B0GQ9YD7JT,home_kitchen,,卓上扇風機 クリップ 扇風機 静音【2026年夏モデル&3D自動首振り&7枚羽根 ソフト気流】 10000mAh電池内蔵,2788.0,,3075,2,standard_1,,,False,False,https://www.amazon.co.jp/dp/B0GQ9YD7JT,,
112,B000BN915G,home_kitchen,4902508103589,PIGEON ピジョン チビオンフィット イエロー,3300.0,,3075,6,small,Yahoo,はずれ,False,False,https://www.amazon.co.jp/dp/B000BN915G,Yahoo最安 JAN=4902508103589,
113,B0BWGC9J47,home_kitchen,8006363040563,BIALETTI(ビアレッティ) ブリッカ NEW 4カップ 直火式 (コーヒーメーカー エスプレッソメーカー マキネッ,8576.0,,3078,3,standard_1,Yahoo,はずれ,False,False,https://www.amazon.co.jp/dp/B0BWGC9J47,Yahoo最安 JAN=8006363040563,
114,B09R7MVL9T,home_kitchen,8006363035996,BIALETTI(ビアレッティ) Bialettiブリッカインダクション 4カップ用 IH対応 & 直火式 (コーヒーメ,8941.0,,3078,6,standard_1,Yahoo,はずれ,False,False,https://www.amazon.co.jp/dp/B09R7MVL9T,Yahoo最安 JAN=8006363035996,
115,B0D62C1DBL,home_kitchen,4903208017497,山崎実業(Yamazaki) 倒して置ける 冷水筒 ティーバッグ入れ付き ホワイト W8.5×D10×H27.2cm タ,2530.0,,3080,10,standard_1,Yahoo,はずれ,False,False,https://www.amazon.co.jp/dp/B0D62C1DBL,Yahoo最安 JAN=4903208017497,
116,B091PQGDPQ,home_kitchen,4532902024793,サンメニー 供物台 6.0寸 山中漆器 日本製 仏壇 仏具 お盆 法事 に 定番 お供え物 くもつ台 ミニ 現代仏壇 お,1264.0,,3083,3,small,楽天,はずれ,False,False,https://www.amazon.co.jp/dp/B091PQGDPQ,楽天最安 JAN=4532902024793,
117,B07N6JV444,home_kitchen,4903208045988,山崎実業(Yamazaki) マグネット バスルームコーナー おもちゃラック 約33X18.5X10cm ミスト 459,2480.0,,3083,9,standard_1,Yahoo,はずれ,False,False,https://www.amazon.co.jp/dp/B07N6JV444,Yahoo最安 JAN=4903208045988,
118,B0BW8NJRSR,home_kitchen,4549980719985,パナソニック LED電球 プレミア E26口金 電球60形相当 昼光色相当(7.0W) 一般電球広配光タイプ 密閉器具対,1591.0,,3313,7,small,Yahoo,はずれ,False,False,https://www.amazon.co.jp/dp/B0BW8NJRSR,Yahoo最安 JAN=4549980719985,
119,B0846DZQF9,home_kitchen,4903208049832,山崎実業(Yamazaki) マグネットバスルームタブレットホルダー ミスト ホワイト 約W5.2XD2.5XH5cm ,1370.0,,3083,9,small,楽天,はずれ,False,False,https://www.amazon.co.jp/dp/B0846DZQF9,楽天最安 JAN=4903208049832,
120,B0BW8N8VXY,home_kitchen,4549980720134,パナソニック LED電球 プレミア E26口金 電球60形相当 昼白色相当(7.0W) 一般電球広配光タイプ 密閉器具対,1600.0,,3084,5,small,楽天,はずれ,False,False,https://www.amazon.co.jp/dp/B0BW8N8VXY,楽天最安 JAN=4549980720134,
121,B0BW8P788G,home_kitchen,4549980719992,パナソニック LED電球 プレミア E26口金 電球６0形相当 2個入 昼光色相当(7.0W) 一般電球広配光タイプ 密,2945.0,,3084,9,small,Yahoo,はずれ,False,False,https://www.amazon.co.jp/dp/B0BW8P788G,Yahoo最安 JAN=4549980719992,
122,B0BW8MG5FL,home_kitchen,4549980719671,パナソニック LED電球 プレミア E26口金 電球100形相当 昼白色相当(12.5W) 一般電球全方向タイプ 密閉器,3200.0,,3313,8,small,楽天,はずれ,False,False,https://www.amazon.co.jp/dp/B0BW8MG5FL,楽天最安 JAN=4549980719671,
123,B0BW8NDKTH,home_kitchen,4549980719817,パナソニック LED電球 プレミア E26口金 電球40形相当 2個入 電球色相当(4.4W) 一般電球広配光タイプ 密,1891.0,,3084,8,small,楽天,はずれ,False,False,https://www.amazon.co.jp/dp/B0BW8NDKTH,楽天最安 JAN=4549980719817,
124,B0BW8NK2TF,home_kitchen,4549980719657,パナソニック LED電球 プレミア E26口金 電球100形相当 昼光色相当(12.5W) 一般電球全方向タイプ 密閉器,3200.0,,3084,10,small,Yahoo,はずれ,False,False,https://www.amazon.co.jp/dp/B0BW8NK2TF,Yahoo最安 JAN=4549980719657,
125,B0BW8MD2P7,home_kitchen,4549980720073,パナソニック LED電球 プレミア E26口金 電球６0形相当 2個入 電球色相当(7.0W) 一般電球広配光タイプ 密,2936.0,,3084,7,small,Yahoo,はずれ,False,False,https://www.amazon.co.jp/dp/B0BW8MD2P7,Yahoo最安 JAN=4549980720073,
126,B0FCFQJ7QP,home_kitchen,4953980606853,不二貿易 折りたたみバケツ シリコン 幅30.5×奥行31.5×高さ24.7cm 10L 洗車やアウトドアに グレー 6,1183.0,,3087,2,standard_1,Yahoo,はずれ,False,False,https://www.amazon.co.jp/dp/B0FCFQJ7QP,Yahoo最安 JAN=4953980606853,
127,B0GZ2JFRW5,home_kitchen,,掃除機 コードレス 【7月驚愕のデビュー！9400KPaの次世代超強力吸引！自走式！65分連続稼働・自立式・低騒音・AI,9999.0,,3089,2,large_1,,,False,False,https://www.amazon.co.jp/dp/B0GZ2JFRW5,,
128,B0GGH2KF7Y,home_kitchen,4973307720864,スケーター(Skater) 水筒 子供用 2WAY 直飲み 470ml コップ飲み 430ml サンリオ クロミ Fan,3341.0,,3093,4,standard_1,Yahoo,はずれ,False,False,https://www.amazon.co.jp/dp/B0GGH2KF7Y,Yahoo最安 JAN=4973307720864,
129,B0CJTGNBDF,home_kitchen,4973307647055,スケーター(Skater) 水筒 大容量 直飲み 990ml ステンレス 保冷 スポーツボトル カバー付 ロック付 ワン,4698.0,,3093,7,standard_1,Yahoo,はずれ,False,False,https://www.amazon.co.jp/dp/B0CJTGNBDF,Yahoo最安 JAN=4973307647055,
130,B08L37SJW6,home_kitchen,4976790363457,アンテノア ふっ素加工パウンドケーキ焼型17cm,1523.0,,3094,3,small,Yahoo,はずれ,False,False,https://www.amazon.co.jp/dp/B08L37SJW6,Yahoo最安 JAN=4976790363457,
131,B08L384KD2,home_kitchen,4976790363440,アンテノア ふっ素加工デコレーションケーキ焼型20cm 底取れ式,1320.0,,3094,3,standard_1,Yahoo,はずれ,False,False,https://www.amazon.co.jp/dp/B08L384KD2,Yahoo最安 JAN=4976790363440,
132,B08L38RR83,home_kitchen,4976790363464,アンテノア ふっ素加工パウンドケーキ焼型21cm,1320.0,,3094,3,standard_1,Yahoo,はずれ,False,False,https://www.amazon.co.jp/dp/B08L38RR83,Yahoo最安 JAN=4976790363464,
133,B0H6C14W4J,home_kitchen,0607613872521,ひげそり 電動シェーバー 小型【2026新登場 0.06mm極薄外刃】往復式3枚刃 シェーバー メンズ 乾湿両用 深ぞり,3880.0,,3096,2,small,楽天,はずれ,False,False,https://www.amazon.co.jp/dp/B0H6C14W4J,楽天最安 JAN=0607613872521,
134,B09CY8Y889,home_kitchen,3168430325678,ティファール 取っ手のとれる 玉子焼き 15×20cm IHガス火対応 「インジニオ･ネオIHマロンブラウン エッグロー,4980.0,,3098,4,standard_1,Yahoo,はずれ,False,False,https://www.amazon.co.jp/dp/B09CY8Y889,Yahoo最安 JAN=3168430325678,
135,B09CY4ZZNL,home_kitchen,3168430320857,ティファール 取っ手のとれる フライパン 26cm IHガス火対応 「インジニオ･ネオ IHマロンブラウン･アンリミテッ,5886.0,,3098,6,standard_1,Yahoo,はずれ,False,False,https://www.amazon.co.jp/dp/B09CY4ZZNL,Yahoo最安 JAN=3168430320857,
136,B09CYSDV1H,home_kitchen,3168430320864,ティファール 取っ手のとれる 鍋 フライパンセット 3点 IHガス火対応 「インジニオ･ネオ IHマロンブラウン･アンリ,9199.0,,3098,7,large_1,楽天,はずれ,False,False,https://www.amazon.co.jp/dp/B09CYSDV1H,楽天最安 JAN=3168430320864,
137,B09CY6S1BQ,home_kitchen,3168430320840,ティファール 取っ手のとれる フライパン 22cm IHガス火対応 「インジニオ･ネオ IHマロンブラウン･アンリミテッ,4670.0,,3098,8,standard_1,Yahoo,はずれ,False,False,https://www.amazon.co.jp/dp/B09CY6S1BQ,Yahoo最安 JAN=3168430320840,
138,B0FNWJ5W5M,home_kitchen,,"ヨコズナクリエーション トイレマット シリーズ (拭けるPVC） (モフサンド カップケーキブルー, 3.5mm厚の薄型",2260.0,,3101,1,standard_1,,,False,False,https://www.amazon.co.jp/dp/B0FNWJ5W5M,,
139,B0FNWG4VH4,home_kitchen,,"ヨコズナクリエーション トイレマット シリーズ (拭けるPVC） (モフサンド ソーダグリーン,3.5mm厚の薄型 M)",2260.0,,3101,1,standard_1,,,False,False,https://www.amazon.co.jp/dp/B0FNWG4VH4,,
140,B00EQ2BGCO,home_kitchen,,仏膳用 素材セット 【ご先祖さま】 【仏膳】 【お膳】 【霊供膳】 【霊具膳】 【精進料理】 【お供え】 【お盆】 【お,1180.0,,2788,5,small,,,False,False,https://www.amazon.co.jp/dp/B00EQ2BGCO,,
141,B0GLXXQN5D,home_kitchen,4582562148834,[ aso ] タオルハンカチ 今治 個包装 吸水 速乾 日本製 綿100% 22cm角 Byme 10枚セット アソー,4120.0,,3106,2,standard_1,,,False,False,https://www.amazon.co.jp/dp/B0GLXXQN5D,,
142,B0DLGGKTP1,home_kitchen,4903180205752,山崎産業(Yamazaki Sangyo)【特許取得済み】バスマット 吸水 マイクロファイバー SUSU (スウスウ) ,3533.0,,3185,6,standard_1,Yahoo,はずれ,False,False,https://www.amazon.co.jp/dp/B0DLGGKTP1,Yahoo最安 JAN=4903180205752,
143,B0DLGJRTD6,home_kitchen,4903180205769,山崎産業(Yamazaki Sangyo)【特許取得済み】バスマット 吸水 マイクロファイバー SUSU (スウスウ) ,3649.0,,3109,8,standard_1,Yahoo,はずれ,False,False,https://www.amazon.co.jp/dp/B0DLGJRTD6,Yahoo最安 JAN=4903180205769,
144,B0DLGHQT5Q,home_kitchen,4903180205707,山崎産業(Yamazaki Sangyo)【特許取得済み】バスマット 吸水 マイクロファイバー SUSU (スウスウ) ,2830.0,,3185,7,standard_1,Yahoo,はずれ,False,False,https://www.amazon.co.jp/dp/B0DLGHQT5Q,Yahoo最安 JAN=4903180205707,
145,B0DLGGV5WJ,home_kitchen,4903180205776,山崎産業(Yamazaki Sangyo)【特許取得済み】バスマット 吸水 マイクロファイバー SUSU (スウスウ) ,3533.0,,3109,9,standard_1,Yahoo,はずれ,False,False,https://www.amazon.co.jp/dp/B0DLGGV5WJ,Yahoo最安 JAN=4903180205776,
146,B0DLGKHGSH,home_kitchen,4903180205714,山崎産業(Yamazaki Sangyo)【特許取得済み】バスマット 吸水 マイクロファイバー SUSU (スウスウ) ,2780.0,,3109,11,standard_1,Yahoo,はずれ,False,False,https://www.amazon.co.jp/dp/B0DLGKHGSH,Yahoo最安 JAN=4903180205714,
147,B0DLGGQF97,home_kitchen,4903180205622,山崎産業(Yamazaki Sangyo)【特許取得済み】バスマット 吸水 マイクロファイバー SUSU (スウスウ) ,2115.0,,3185,10,standard_1,Yahoo,はずれ,False,False,https://www.amazon.co.jp/dp/B0DLGGQF97,Yahoo最安 JAN=4903180205622,
148,B0DLGHM6Y6,home_kitchen,4903180205547,山崎産業(Yamazaki Sangyo)【特許取得済み】バスマット 吸水 マイクロファイバー SUSU (スウスウ) ,1683.0,,3185,8,standard_1,Yahoo,はずれ,False,False,https://www.amazon.co.jp/dp/B0DLGHM6Y6,Yahoo最安 JAN=4903180205547,
149,B0DLGHVZWF,home_kitchen,4903180205530,山崎産業(Yamazaki Sangyo)【特許取得済み】バスマット 吸水 マイクロファイバー SUSU (スウスウ) ,1473.0,,3109,9,standard_1,楽天,はずれ,False,False,https://www.amazon.co.jp/dp/B0DLGHVZWF,楽天最安 JAN=4903180205530,
150,B0C26Z2CZJ,home_kitchen,4903208037396,山崎実業(Yamazaki) シンク中 ワイドジャグ & マグボトルスタンド ブラック 約W52.5×D9.5×H11c,1540.0,,3039,7,standard_1,Yahoo,はずれ,False,False,https://www.amazon.co.jp/dp/B0C26Z2CZJ,Yahoo最安 JAN=4903208037396,
151,B0C7T1P24K,home_kitchen,4903208037150,山崎実業(Yamazaki) トレー付き ジャグボトル & グラススタンド 2段 ブラック 約W36×D12×H19.3,3960.0,,3113,6,standard_2,Yahoo,はずれ,False,False,https://www.amazon.co.jp/dp/B0C7T1P24K,Yahoo最安 JAN=4903208037150,
152,B003U8XHY0,home_kitchen,4979487794978,ヨシカワ ステンレス雪平鍋 兼用蓋 16・18cm YH9497,1900.0,,3114,10,small,Yahoo,はずれ,False,False,https://www.amazon.co.jp/dp/B003U8XHY0,Yahoo最安 JAN=4979487794978,
153,B001BASSTI,home_kitchen,0735343466496,ヨシカワ ステンレス 雪平鍋 22cm 3.0L 3000ml シンプル IH・直火対応 日本製 燕三条 YH6754,3218.0,,3114,9,standard_1,楽天,はずれ,False,False,https://www.amazon.co.jp/dp/B001BASSTI,楽天最安 JAN=0735343466496,
154,B0BF4SZ61D,home_kitchen,4979487933704,ヨシカワ 雪平鍋用 蓋 日本製 22cm・24cm 片手鍋 燕三条 両側注ぎ口 ミルクパン YJ3370,2640.0,,3114,5,standard_1,楽天,はずれ,False,False,https://www.amazon.co.jp/dp/B0BF4SZ61D,楽天最安 JAN=4979487933704,
155,B003U8XI1C,home_kitchen,4979487794992,ヨシカワ ステンレス雪平鍋 兼用蓋 20・22cm YH9499,1927.0,,3114,8,standard_1,Yahoo,はずれ,False,False,https://www.amazon.co.jp/dp/B003U8XI1C,Yahoo最安 JAN=4979487794992,
156,B001BAQSOA,home_kitchen,0699234375857,ヨシカワ 雪平鍋 片手鍋 20cm 2.3L 日本製 IH ガス火対応 ステンレス 両側注ぎ口 YH6753 燕三条,2245.0,,3114,9,standard_1,楽天,はずれ,False,False,https://www.amazon.co.jp/dp/B001BAQSOA,楽天最安 JAN=0699234375857,
157,B0BF4VX95S,home_kitchen,4979487933681,ヨシカワ ステンレス雪平鍋 片手鍋 24cm 3.6L IH・ガス火対応 両側注ぎ口付き 燕三条 日本製 YJ3368,5117.0,,3114,3,standard_1,楽天,はずれ,False,False,https://www.amazon.co.jp/dp/B0BF4VX95S,楽天最安 JAN=4979487933681,
158,B003U8XHYU,home_kitchen,4979487794985,ヨシカワ ステンレス雪平鍋 兼用蓋 18・20cm YH9498,1918.0,,3114,10,small,楽天,はずれ,False,False,https://www.amazon.co.jp/dp/B003U8XHYU,楽天最安 JAN=4979487794985,
159,B008EOWYIU,home_kitchen,4903208071369,tower カッティングボードスタンド タワー ブラック,1212.0,,3114,8,standard_1,Yahoo,はずれ,False,False,https://www.amazon.co.jp/dp/B008EOWYIU,Yahoo最安 JAN=4903208071369,
160,B0CZL787NK,home_kitchen,4979487926874,ヨシカワ 取っ手の取れる 雪平鍋 片手鍋 2個セット 16cm・18cm 着脱ハンドル IH・ガス火対応 ステンレス 煮,4404.0,,3114,2,standard_2,楽天,はずれ,False,False,https://www.amazon.co.jp/dp/B0CZL787NK,楽天最安 JAN=4979487926874,
161,B0C26YDJKQ,home_kitchen,4903208037389,山崎実業(Yamazaki) シンク中 ワイドジャグ & マグボトルスタンド ホワイト 約W52.5×D9.5×H11c,1540.0,,3039,7,standard_1,Yahoo,はずれ,False,False,https://www.amazon.co.jp/dp/B0C26YDJKQ,Yahoo最安 JAN=4903208037389,
162,B0DTHG25B4,home_kitchen,4900309030165,アール(R) 窓断熱・遮光スクリーンL まど活 90×210×0.1(cm) 冷暖房効果 省エネ 節約 節電 エアコン ,2700.0,,3117,3,standard_1,Yahoo,はずれ,False,False,https://www.amazon.co.jp/dp/B0DTHG25B4,Yahoo最安 JAN=4900309030165,
163,B08BX9KC5C,home_kitchen,4981747070838,コイズミ(Koizumi) フェイスシェーバー USB 充電式 回転刃式 ホワイト KLC-0730/W,2173.0,,3119,7,small,楽天,はずれ,False,False,https://www.amazon.co.jp/dp/B08BX9KC5C,楽天最安 JAN=4981747070838,
164,B0797RWH82,home_kitchen,4981747063977,コイズミ フェイス&ボディシェーバー ピンク KLC-0720/P,1427.0,,3119,8,small,Yahoo,はずれ,False,False,https://www.amazon.co.jp/dp/B0797RWH82,Yahoo最安 JAN=4981747063977,
165,B0B6HWQBKL,home_kitchen,4549308564952,パール金属 収納 ケース ボックス トレー 冷蔵室 冷蔵庫 棚下 引き出し Sサイズ 日本製 スキット HB-6495,1288.0,,3119,5,small,楽天,はずれ,False,False,https://www.amazon.co.jp/dp/B0B6HWQBKL,楽天最安 JAN=4549308564952,
166,B0FYDPCFZB,home_kitchen,4981747085559,コイズミ アイブロウシェーバー 眉シェーバー アタッチメント2種 乾電池式 ホワイト KLC-0741/W,2818.0,,3112,4,small,Yahoo,はずれ,False,False,https://www.amazon.co.jp/dp/B0FYDPCFZB,Yahoo最安 JAN=4981747085559,
167,B0797S9DYQ,home_kitchen,4981747063984,コイズミ(Koizumi) フェイス&ボディシェーバー ホワイト KLC-0720/W,1427.0,,3119,7,small,Yahoo,はずれ,False,False,https://www.amazon.co.jp/dp/B0797S9DYQ,Yahoo最安 JAN=4981747063984,
168,B0GKMGF32F,home_kitchen,4973307732737,スケーター(Skater) 子供用 ステンレス 水筒 直飲み 480ml サンリオ マイメロディ マシュグミ 女の子 3,2980.0,,3122,10,standard_1,楽天,はずれ,False,False,https://www.amazon.co.jp/dp/B0GKMGF32F,楽天最安 JAN=4973307732737,
169,B08P6SNCG6,home_kitchen,4973007236207,カーメイト Dr.DEO ドクターデオプレミアム 【 空気清浄機 脱臭機 】【 詰替え専用カートリッジ 】 車用 除菌 ,1101.0,,3122,5,small,Yahoo,はずれ,False,False,https://www.amazon.co.jp/dp/B08P6SNCG6,Yahoo最安 JAN=4973007236207,
170,B0GKLWFVR5,home_kitchen,4973307732713,スケーター(Skater) 子供用 ステンレス 水筒 直飲み 480ml サンリオ クロミ マシュグミ 女の子 3D立体,2462.0,,3122,9,standard_1,楽天,はずれ,False,False,https://www.amazon.co.jp/dp/B0GKLWFVR5,楽天最安 JAN=4973307732713,
171,B0FJQL2B4W,home_kitchen,4974908531736,【25年度グッドデザイン賞】アスベル 風呂いす 30㎝ 風呂椅子 オシャレ 洗いやすい 4本脚 通気性 乾きやすい カウ,4475.0,,3125,5,standard_2,楽天,はずれ,False,False,https://www.amazon.co.jp/dp/B0FJQL2B4W,楽天最安 JAN=4974908531736,
172,B0FJQGLY6N,home_kitchen,4974908531996,【25年度グッドデザイン賞】アスベル 風呂いす 40㎝ 風呂椅子 オシャレ 4本脚 通気性 乾きやすい 高め 介護 抗菌,4868.0,,3125,5,standard_2,Yahoo,はずれ,False,False,https://www.amazon.co.jp/dp/B0FJQGLY6N,Yahoo最安 JAN=4974908531996,
173,B0FJPT5LB5,home_kitchen,4974908531873,【25年度グッドデザイン賞】アスベル 風呂いす 35㎝ 風呂椅子 オシャレ 洗いやすい 4本脚 通気性 乾きやすい カウ,4685.0,,3125,7,standard_2,Yahoo,はずれ,False,False,https://www.amazon.co.jp/dp/B0FJPT5LB5,Yahoo最安 JAN=4974908531873,
174,B0FJQMH1JD,home_kitchen,4974908531972,【25年度グッドデザイン賞】アスベル 風呂いす 40㎝ 風呂椅子 オシャレ 4本脚 通気性 乾きやすい 高め 介護 抗菌,4980.0,,3125,8,standard_2,Yahoo,はずれ,False,False,https://www.amazon.co.jp/dp/B0FJQMH1JD,Yahoo最安 JAN=4974908531972,
175,B0FJR3VFG6,home_kitchen,4974908531798,【25年度グッドデザイン賞】アスベル 風呂いす 30㎝ 風呂椅子 オシャレ 洗いやすい 4本脚 通気性 乾きやすい カウ,4480.0,,3125,4,standard_2,Yahoo,はずれ,False,False,https://www.amazon.co.jp/dp/B0FJR3VFG6,Yahoo最安 JAN=4974908531798,
176,B0FJQLQ2TV,home_kitchen,4974908531934,【25年度グッドデザイン賞】アスベル 風呂いす 40㎝ 風呂椅子 オシャレ 4本脚 通気性 乾きやすい 高め 介護 抗菌,4442.0,,3125,6,standard_2,Yahoo,はずれ,False,False,https://www.amazon.co.jp/dp/B0FJQLQ2TV,Yahoo最安 JAN=4974908531934,
177,B0FJQH6RNF,home_kitchen,4974908531958,【25年度グッドデザイン賞】アスベル 風呂いす 40㎝ 風呂椅子 オシャレ 洗いやすい 4本脚 通気性 乾きやすい 高め,4868.0,,3125,7,standard_2,Yahoo,はずれ,False,False,https://www.amazon.co.jp/dp/B0FJQH6RNF,Yahoo最安 JAN=4974908531958,
178,B0FJQLF94G,home_kitchen,4974908531835,【25年度グッドデザイン賞】アスベル 風呂いす 35㎝ 風呂椅子 オシャレ 洗いやすい 4本脚 通気性 乾きやすい カウ,4710.0,,3125,6,standard_2,Yahoo,はずれ,False,False,https://www.amazon.co.jp/dp/B0FJQLF94G,Yahoo最安 JAN=4974908531835,
179,B0FJQLN8LY,home_kitchen,4974908531774,【25年度グッドデザイン賞】アスベル 風呂いす 30㎝ 風呂椅子 オシャレ 洗いやすい 4本脚 通気性 乾きやすい カウ,4480.0,,3151,6,standard_2,Yahoo,はずれ,False,False,https://www.amazon.co.jp/dp/B0FJQLN8LY,Yahoo最安 JAN=4974908531774,
180,B0FJQM6DM6,home_kitchen,4974908531750,【25年度グッドデザイン賞】アスベル 風呂いす 30㎝ 風呂椅子 オシャレ 4本脚 通気性 乾きやすい カウンター付き浴,4480.0,,3125,7,standard_2,Yahoo,はずれ,False,False,https://www.amazon.co.jp/dp/B0FJQM6DM6,Yahoo最安 JAN=4974908531750,
181,B01NAZ17S4,home_kitchen,4903449125029,リバーライト 極JAPAN 鉄 フライパン 20cm 窒化鉄 窒化加工 IH対応 サビにくい 日本製 J1220,5500.0,,3126,4,standard_1,Yahoo,はずれ,False,False,https://www.amazon.co.jp/dp/B01NAZ17S4,Yahoo最安 JAN=4903449125029,
182,B01N9XNEEF,home_kitchen,4903449125036,リバーライト 極JAPAN 鉄 フライパン 22cm 窒化鉄 窒化加工 IH対応 サビにくい 日本製 J1222,6000.0,,3126,3,standard_1,Yahoo,はずれ,False,False,https://www.amazon.co.jp/dp/B01N9XNEEF,Yahoo最安 JAN=4903449125036,
183,B07ZGS8133,home_kitchen,4903449125838,リバーライト 極JAPAN 鉄 フライパン 蓋付きセット 24cm 窒化鉄 窒化加工 IH対応 サビにくい 日本製 JS,9900.0,,3126,2,standard_2,Yahoo,はずれ,False,False,https://www.amazon.co.jp/dp/B07ZGS8133,Yahoo最安 JAN=4903449125838,
184,B01N39Z0CV,home_kitchen,4903449125401,リバーライト 極JAPAN 鉄 フライパン 蓋付きセット 26cm 窒化鉄 窒化加工 IH対応 サビにくい 日本製 JS,9500.0,,3126,4,standard_2,Yahoo,はずれ,False,False,https://www.amazon.co.jp/dp/B01N39Z0CV,Yahoo最安 JAN=4903449125401,
185,B01MRC3A3E,home_kitchen,4903449125418,リバーライト 鉄 フライパン 極 ジャパン 蓋付セット 28cm IH対応 日本製 中華鍋,10000.0,,3126,4,large_1,Yahoo,はずれ,False,False,https://www.amazon.co.jp/dp/B01MRC3A3E,Yahoo最安 JAN=4903449125418,
186,B01N1711H8,home_kitchen,4903449125012,リバーライト 極JAPAN 鉄 フライパン 18cm 窒化鉄 窒化加工 IH対応 サビにくい 日本製 J1218,5300.0,,3126,3,standard_1,Yahoo,はずれ,False,False,https://www.amazon.co.jp/dp/B01N1711H8,Yahoo最安 JAN=4903449125012,
187,B01N39YQJH,home_kitchen,4903449125067,リバーライト 鉄 フライパン 極 ジャパン 28cm IH対応 日本製 中華鍋,7379.0,,3126,9,standard_2,Yahoo,はずれ,False,False,https://www.amazon.co.jp/dp/B01N39YQJH,Yahoo最安 JAN=4903449125067,
188,B01MSDGMT3,home_kitchen,4903449125005,リバーライト 極JAPAN 鉄 フライパン 16cm 窒化鉄 窒化加工 IH対応 サビにくい 日本製 J1216,5000.0,,3126,2,standard_1,Yahoo,はずれ,False,False,https://www.amazon.co.jp/dp/B01MSDGMT3,Yahoo最安 JAN=4903449125005,
189,B01N1711EH,home_kitchen,4903449125050,リバーライト 鉄 フライパン 極 ジャパン 26cm IH対応 日本製 中華鍋,6527.0,,3126,7,standard_2,楽天,はずれ,False,False,https://www.amazon.co.jp/dp/B01N1711EH,楽天最安 JAN=4903449125050,
190,B09FXC4838,home_kitchen,4906678209454,東洋佐々木ガラス グラス USURAI タンブラー 355ml 6個入 グッドデザイン賞 HSハードストロング HSプラ,4852.0,,2859,3,standard_1,Yahoo,はずれ,False,False,https://www.amazon.co.jp/dp/B09FXC4838,Yahoo最安 JAN=4906678209454,
191,B0C2TCBGDL,home_kitchen,4538477491367,リヴェール ガーゼケット ハーフサイズ ハーフケット 3重ガーゼ スヌーピー 綿混 タオルケット やわらか 吸湿通気 軽,2480.0,,3128,2,standard_1,,,False,False,https://www.amazon.co.jp/dp/B0C2TCBGDL,,
192,B0F1TJ33LD,home_kitchen,4906678224785,東洋佐々木ガラス グラス USURAI タンブラーセット 355ml HSハードストロング HSプラチナ 全面イオン強化,2040.0,,2859,5,standard_1,Yahoo,はずれ,False,False,https://www.amazon.co.jp/dp/B0F1TJ33LD,Yahoo最安 JAN=4906678224785,
193,B0F1TJQ6Z3,home_kitchen,4906678224716,東洋佐々木ガラス グラス フィーノ タンブラーセット 315ml HSハードストロング HSプラチナ 全面イオン強化グラ,2130.0,,3129,4,standard_1,Yahoo,はずれ,False,False,https://www.amazon.co.jp/dp/B0F1TJQ6Z3,Yahoo最安 JAN=4906678224716,
194,B09FX13K92,home_kitchen,4906678209430,東洋佐々木ガラス USURAI オンザロック グラス 355ml 6個入 ソーダライムガラス グッドデザイン賞 食洗機対,4765.0,,3129,2,standard_1,Yahoo,はずれ,False,False,https://www.amazon.co.jp/dp/B09FX13K92,Yahoo最安 JAN=4906678209430,
195,B0F1TJDFPL,home_kitchen,4906678224778,東洋佐々木ガラス グラス USURAI タンブラーセット 355ml HSハードストロング HSプラチナ 全面イオン強化,1899.0,,3129,4,standard_1,Yahoo,はずれ,False,False,https://www.amazon.co.jp/dp/B0F1TJDFPL,Yahoo最安 JAN=4906678224778,
196,B0GH79GVHX,home_kitchen,4906678227601,東洋佐々木ガラス USURAI フリーグラス 260ml 6個入 グッドデザイン賞 日本製 食洗器対応 全面イオン強化 ,4459.0,,3129,2,standard_1,Yahoo,はずれ,False,False,https://www.amazon.co.jp/dp/B0GH79GVHX,Yahoo最安 JAN=4906678227601,
197,B0F1TL8WD1,home_kitchen,4906678224754,東洋佐々木ガラス グラス フィーノ タンブラーセット 390ml HSハードストロング HSプラチナ 全面イオン強化グラ,2130.0,,3129,4,small,Yahoo,はずれ,False,False,https://www.amazon.co.jp/dp/B0F1TL8WD1,Yahoo最安 JAN=4906678224754,
198,B09FX5QPZR,home_kitchen,4906678208181,東洋佐々木ガラス グラス USURAI タンブラー 560ml 6個入 グッドデザイン賞 HSハードストロング HSプラ,5260.0,,3129,3,standard_2,Yahoo,はずれ,False,False,https://www.amazon.co.jp/dp/B09FX5QPZR,Yahoo最安 JAN=4906678208181,
199,B0F1TJQ6Z8,home_kitchen,4906678224792,東洋佐々木ガラス グラス USURAI タンブラーセット 560ml HSハードストロング HSプラチナ 全面イオン強化,2056.0,,3129,5,standard_1,Yahoo,はずれ,False,False,https://www.amazon.co.jp/dp/B0F1TJQ6Z8,Yahoo最安 JAN=4906678224792,
200,B0DZB5PH7G,home_kitchen,4538477503961,リヴェール ガーゼケット ハーフサイズ ハーフケット 3重ガーゼ スヌーピー 綿混 タオルケット やわらか 吸湿通気 軽,2480.0,,3194,2,standard_1,Yahoo,はずれ,False,False,https://www.amazon.co.jp/dp/B0DZB5PH7G,Yahoo最安 JAN=4538477503961,
201,B0CKHR7P84,home_kitchen,4967576680783,【幅55cm】5段 カラーメタルラック アイリスオーヤマ ハイタイプ CMM-55165 ライトグレー スチールラック ,7019.0,,3392,9,large_2,Yahoo,はずれ,False,False,https://www.amazon.co.jp/dp/B0CKHR7P84,Yahoo最安 JAN=4967576680783,
202,B01J7LEHU6,home_kitchen,4904761233164,谷口金属 急速に冷やせる 蓋付 アルミ 保存容器 深型 24.2×18.2cm 大 日本製 スタッキング可能 下ごしらえ,1775.0,,3131,6,standard_1,Yahoo,はずれ,False,False,https://www.amazon.co.jp/dp/B01J7LEHU6,Yahoo最安 JAN=4904761233164,
203,B0CKHSH4DP,home_kitchen,4967576680714,【幅55cm】3段 カラーメタルラック アイリス CMM-55083 ダークグレー スチールラック カラフルメタル カラ,3515.0,,3392,10,large_2,楽天,はずれ,False,False,https://www.amazon.co.jp/dp/B0CKHSH4DP,楽天最安 JAN=4967576680714,
204,B01J7LEHTC,home_kitchen,4904761233133,谷口金属 急速に冷やせる 蓋付 アルミ 保存容器 浅型 24.2×18.2cm 大 日本製 スタッキング可能 下ごしらえ,1278.0,,3415,10,standard_1,Yahoo,はずれ,False,False,https://www.amazon.co.jp/dp/B01J7LEHTC,Yahoo最安 JAN=4904761233133,
205,B01J7LEHQA,home_kitchen,4904761233157,谷口金属 急速に冷やせる 蓋付 アルミ 保存容器 深型 25.7×17.7cm 中 日本製 スタッキング可能 下ごしらえ,1098.0,,3131,9,standard_1,Yahoo,はずれ,False,False,https://www.amazon.co.jp/dp/B01J7LEHQA,Yahoo最安 JAN=4904761233157,
206,B07X9RHV1Q,home_kitchen,4967576441360,アイリスオーヤマ カラーラック メタルラック 5段 ブラック 防サビ加工 幅約75×奥行約35×高さ約180㎝ 耐荷重1,8180.0,,3132,7,large_2,Yahoo,はずれ,False,False,https://www.amazon.co.jp/dp/B07X9RHV1Q,Yahoo最安 JAN=4967576441360,
207,B07X8MRNZT,home_kitchen,4967576441315,アイリスオーヤマ カラーメタルラック本体 55cm幅 5段 ホワイト 白 ポール径19mm 耐荷重100㎏ 幅55×奥行,6980.0,,3132,5,large_2,Yahoo,はずれ,False,False,https://www.amazon.co.jp/dp/B07X8MRNZT,Yahoo最安 JAN=4967576441315,
208,B0GFGSSY4W,home_kitchen,4537988353768,【2026】Wpc. 日傘 遮光切り継ぎタイニー ライトグレー ≪遮熱/遮光率100%/UVカット率100%/UPF50,2950.0,,3132,6,small,楽天,はずれ,False,False,https://www.amazon.co.jp/dp/B0GFGSSY4W,楽天最安 JAN=4537988353768,
209,B00H8JXXAK,home_kitchen,4905009365838,アイリスオーヤマ カラー メタルラック ブラック CMM-55124,4970.0,,3132,3,large_2,Yahoo,はずれ,False,False,https://www.amazon.co.jp/dp/B00H8JXXAK,Yahoo最安 JAN=4905009365838,
210,B0CKHQKCZP,home_kitchen,4967576680776,【幅75cm】4段 カラーメタルラック アイリスオーヤマ ハイタイプ CMM-75144 ダークグレー スチールラック ,6660.0,,3392,9,large_2,Yahoo,はずれ,False,False,https://www.amazon.co.jp/dp/B0CKHQKCZP,Yahoo最安 JAN=4967576680776,
211,B0GFGHHZJG,home_kitchen,4537988353799,Wpc. 日傘 遮光切り継ぎタイニー 折りたたみ レディース コンパクト 晴雨兼用 遮光率100％ 遮熱 801-131,2897.0,,3427,6,small,楽天,はずれ,False,False,https://www.amazon.co.jp/dp/B0GFGHHZJG,楽天最安 JAN=4537988353799,
212,B0GFGX4JF3,home_kitchen,4537988353805,【2026】Wpc. 日傘 遮光切り継ぎタイニー ベージュ ≪遮熱/遮光率100%/UVカット率100%/UPF50＋/,3292.0,,3132,7,small,Yahoo,はずれ,False,False,https://www.amazon.co.jp/dp/B0GFGX4JF3,Yahoo最安 JAN=4537988353805,
213,B0CKHQY268,home_kitchen,4967576680707,【幅55cm】3段 カラーメタルラック アイリス CMM-55083 ライトグレー スチールラック カラフルメタル カラ,3479.0,,3132,10,large_2,Yahoo,はずれ,False,False,https://www.amazon.co.jp/dp/B0CKHQY268,Yahoo最安 JAN=4967576680707,
214,B00H8JXSE6,home_kitchen,4905009365876,アイリスオーヤマ カラー メタルラック ブラック CMM-75124,5376.0,,3132,7,large_2,Yahoo,はずれ,False,False,https://www.amazon.co.jp/dp/B00H8JXSE6,Yahoo最安 JAN=4905009365876,
215,B0GFGKVTQW,home_kitchen,4537988353737,【2026】Wpc. 日傘 遮光切り継ぎタイニー オフ×ブラック ≪遮熱/遮光率100%/UVカット率100%/UPF5,3067.0,,3132,5,small,Yahoo,はずれ,False,False,https://www.amazon.co.jp/dp/B0GFGKVTQW,Yahoo最安 JAN=4537988353737,
216,B07XBR54XX,home_kitchen,4967576441322,アイリスオーヤマ カラーメタルラック本体 55cm幅 5段 ブラック 黒 ポール径19mm 耐荷重100㎏ 幅55×奥行,6658.0,,3132,8,large_2,Yahoo,はずれ,False,False,https://www.amazon.co.jp/dp/B07XBR54XX,Yahoo最安 JAN=4967576441322,
217,B0CKHS8K5S,home_kitchen,4967576680752,【幅75cm】4段 カラーメタルラック アイリスオーヤマ CMM-75124 ダークグレー スチールラック カラフルメタ,5410.0,,3132,8,large_2,Yahoo,はずれ,False,False,https://www.amazon.co.jp/dp/B0CKHS8K5S,Yahoo最安 JAN=4967576680752,
218,B0GFGPXKH6,home_kitchen,4537988353829,Wpc. 日傘 遮光切り継ぎタイニー 折りたたみ レディース コンパクト 晴雨兼用 遮光率100％ 遮熱 801-131,2900.0,,3132,5,small,楽天,はずれ,False,False,https://www.amazon.co.jp/dp/B0GFGPXKH6,楽天最安 JAN=4537988353829,
219,B0GFGF9JBS,home_kitchen,4537988353751,【2026】Wpc. 日傘 遮光切り継ぎタイニー ダスティーピンク ≪遮熱/遮光率100%/UVカット率100%/UPF,3127.0,,3132,3,small,楽天,はずれ,False,False,https://www.amazon.co.jp/dp/B0GFGF9JBS,楽天最安 JAN=4537988353751,
220,B0CKHQVHSH,home_kitchen,4967576680790,【幅55cm】5段 カラーメタルラック アイリスオーヤマ ハイタイプ CMM-55165 ダークグレー スチールラック ,6149.0,,3392,9,large_2,楽天,はずれ,False,False,https://www.amazon.co.jp/dp/B0CKHQVHSH,楽天最安 JAN=4967576680790,
221,B0CKHQTM5P,home_kitchen,4967576680721,【幅55cm】4段 カラーメタルラック アイリス CMM-55124 ライトグレー スチールラック カラフルメタル カラ,4928.0,,3132,3,large_2,Yahoo,はずれ,False,False,https://www.amazon.co.jp/dp/B0CKHQTM5P,Yahoo最安 JAN=4967576680721,
222,B0CKHRLX6H,home_kitchen,4967576680738,【幅55cm】4段 カラーメタルラック アイリスオーヤマ CMM-55124 ダークグレー スチールラック カラフルメタ,4504.0,,3132,6,large_2,Yahoo,はずれ,False,False,https://www.amazon.co.jp/dp/B0CKHRLX6H,Yahoo最安 JAN=4967576680738,
223,B0CKHTBJY3,home_kitchen,4967576680806,【幅75cm】5段 カラーメタルラック アイリスオーヤマ ハイタイプ CMM-75185 ライトグレー スチールラック ,6981.0,,3132,10,large_2,Yahoo,はずれ,False,False,https://www.amazon.co.jp/dp/B0CKHTBJY3,Yahoo最安 JAN=4967576680806,
224,B0CKHQ7DW5,home_kitchen,4967576680745,【幅75cm】4段 カラーメタルラック アイリスオーヤマ CMM-75124 ライトグレー スチールラック カラフルメタ,5750.0,,3132,6,large_2,Yahoo,はずれ,False,False,https://www.amazon.co.jp/dp/B0CKHQ7DW5,Yahoo最安 JAN=4967576680745,
225,B00H8JXRDI,home_kitchen,4905009365869,アイリスオーヤマ カラー メタルラック ホワイト CMM-75124,4981.0,,3132,4,large_2,Yahoo,はずれ,False,False,https://www.amazon.co.jp/dp/B00H8JXRDI,Yahoo最安 JAN=4905009365869,
226,B00H8JXWGK,home_kitchen,4905009365906,アイリスオーヤマ カラー メタルラック ホワイト CMM-75144,7490.0,,3132,8,large_2,Yahoo,はずれ,False,False,https://www.amazon.co.jp/dp/B00H8JXWGK,Yahoo最安 JAN=4905009365906,
227,B0GFGKYYDF,home_kitchen,4537988353836,【2026】Wpc. 日傘 遮光切り継ぎタイニー サックス ≪遮熱/遮光率100%/UVカット率100%/UPF50＋/,2818.0,,3132,7,small,楽天,はずれ,False,False,https://www.amazon.co.jp/dp/B0GFGKYYDF,楽天最安 JAN=4537988353836,
228,B0GFGHR3ZY,home_kitchen,4537988353744,Wpc. 日傘 遮光切り継ぎタイニー 折りたたみ レディース コンパクト 晴雨兼用 遮光率100％ 遮熱 801-131,3814.0,,3132,3,small,Yahoo,はずれ,False,False,https://www.amazon.co.jp/dp/B0GFGHR3ZY,Yahoo最安 JAN=4537988353744,
229,B0GFGWTL15,home_kitchen,4537988353782,【2026】Wpc. 日傘 遮光切り継ぎタイニー ピンク ≪遮熱/遮光率100%/UVカット率100%/UPF50＋/晴,2813.0,,3132,8,small,楽天,はずれ,False,False,https://www.amazon.co.jp/dp/B0GFGWTL15,楽天最安 JAN=4537988353782,
230,B00H8JXWNI,home_kitchen,4905009365821,アイリスオーヤマ カラー メタルラック ホワイト CMM-55124,5020.0,,3132,7,large_2,Yahoo,はずれ,False,False,https://www.amazon.co.jp/dp/B00H8JXWNI,Yahoo最安 JAN=4905009365821,
231,B00H8JXXL4,home_kitchen,4905009365913,アイリスオーヤマ カラー メタルラック ブラック CMM-75144,6660.0,,3132,4,large_2,楽天,はずれ,False,False,https://www.amazon.co.jp/dp/B00H8JXXL4,楽天最安 JAN=4905009365913,
232,B00H8JXRD8,home_kitchen,4905009365784,アイリスオーヤマ カラー メタルラック ホワイト CMM-55083,4320.0,,3132,7,large_2,Yahoo,はずれ,False,False,https://www.amazon.co.jp/dp/B00H8JXRD8,Yahoo最安 JAN=4905009365784,
233,B0CKHPTPY2,home_kitchen,4967576680769,【幅75cm】4段 カラーメタルラック アイリスオーヤマ CMM-75144 ライトグレー スチールラック カラフルメタ,6660.0,,3132,10,large_2,Yahoo,はずれ,False,False,https://www.amazon.co.jp/dp/B0CKHPTPY2,Yahoo最安 JAN=4967576680769,
234,B07X8MS74F,home_kitchen,4967576441353,アイリスオーヤマ カラーラック メタルラック 5段 ホワイト 防サビ加工 幅約75×奥行約35×高さ約180㎝ 耐荷重1,8008.0,,3132,8,large_2,Yahoo,はずれ,False,False,https://www.amazon.co.jp/dp/B07X8MS74F,Yahoo最安 JAN=4967576441353,
235,B0GFGNBNX7,home_kitchen,4537988353843,Wpc. 日傘 遮光切り継ぎタイニー 折りたたみ レディース コンパクト 晴雨兼用 遮光率100％ 遮熱 801-131,3465.0,,3427,6,small,楽天,はずれ,False,False,https://www.amazon.co.jp/dp/B0GFGNBNX7,楽天最安 JAN=4537988353843,
236,B004DSS7FU,home_kitchen,0786173232126,柳宗理 Sori Yanagi 使いやすさを追求したシンプルフォルムのカトラリー 燕三条 ステンレス製 デザートフォーク,1187.0,,3133,5,small,,,False,False,https://www.amazon.co.jp/dp/B004DSS7FU,,
237,B0GFGT6F2G,home_kitchen,4537988353812,Wpc. 日傘 遮光切り継ぎタイニー 折りたたみ レディース コンパクト 晴雨兼用 遮光率100％ 遮熱 801-131,2936.0,,3427,5,small,楽天,はずれ,False,False,https://www.amazon.co.jp/dp/B0GFGT6F2G,楽天最安 JAN=4537988353812,
238,B0DFLWXGK7,home_kitchen,0194343209050,SONGMICS オットマン 収納 スツール 収納 ベンチ 収納ボックス 折りたたみ式 耐荷重300kg 収納 足置き ,3744.0,,3135,2,large_2,,,False,False,https://www.amazon.co.jp/dp/B0DFLWXGK7,,
239,B0DFLJ3N88,home_kitchen,0194343209074,SONGMICS オットマン 収納 スツール 収納 ベンチ 収納ボックス 折りたたみ式 耐荷重300kg 収納 足置き ,3824.0,,3135,2,large_2,楽天,はずれ,False,False,https://www.amazon.co.jp/dp/B0DFLJ3N88,楽天最安 JAN=0194343209074,
240,B0DFLPTNB3,home_kitchen,0194343209067,SONGMICS オットマン 収納 スツール 収納 ベンチ 収納ボックス 折りたたみ式 耐荷重300kg 収納 足置き ,4780.0,,3135,2,large_2,,,False,False,https://www.amazon.co.jp/dp/B0DFLPTNB3,,
241,B0D128KPLG,home_kitchen,0194343207575,SONGMICS オットマン 収納 スツール 収納 ベンチ 収納ボックス 折りたたみ式 耐荷重300kg 収納 足置き ,3824.0,,3135,2,large_2,,,False,False,https://www.amazon.co.jp/dp/B0D128KPLG,,
242,B0D1296XH7,home_kitchen,0194343207582,SONGMICS オットマン 収納 スツール 収納 ベンチ 収納ボックス 折りたたみ式 耐荷重300kg 収納 足置き ,3824.0,,3135,2,large_2,,,False,False,https://www.amazon.co.jp/dp/B0D1296XH7,,
243,B0CW2ZZZSW,home_kitchen,0194343206905,SONGMICS 収納スツール 収納ボックス オットマン 収納 ベンチ 折りたたみ式 耐荷重130kg 収納 足置き 椅,2164.0,,3135,2,large_1,楽天,はずれ,False,False,https://www.amazon.co.jp/dp/B0CW2ZZZSW,楽天最安 JAN=0194343206905,
244,B0CJJBKS9Y,home_kitchen,0194343204406,SONGMICS オットマン 収納 スツール 収納 ベンチ 収納ボックス 折りたたみ式 耐荷重130kg 収納 足置き ,2143.0,,3135,2,large_1,,,False,False,https://www.amazon.co.jp/dp/B0CJJBKS9Y,,
245,B09C1F9L2P,home_kitchen,4950486458474,万丈 ハンカチ額 50角 ナチュラル 106388,1659.0,,3136,7,standard_2,楽天,はずれ,False,False,https://www.amazon.co.jp/dp/B09C1F9L2P,楽天最安 JAN=4950486458474,
246,B0F3NTQCYP,home_kitchen,5060694464699,Derila Ergo 頚椎ネックピロー 睡眠用枕 輪郭形状記憶フォーム枕 背中用 横向き寝枕 54 x 36 x 12,8480.0,,3137,6,standard_1,楽天,はずれ,False,False,https://www.amazon.co.jp/dp/B0F3NTQCYP,楽天最安 JAN=5060694464699,
247,B0FHH6LXQB,home_kitchen,0714839987301,【料理研究家監修】CORKAS せいろ蒸し器 深型 せいろ 手作り 竹セイロ セイロ専用用紙50枚付 蒸篭 業務用 21,4580.0,,3140,2,large_1,楽天,はずれ,False,False,https://www.amazon.co.jp/dp/B0FHH6LXQB,楽天最安 JAN=0714839987301,
248,B0DJP1ZX76,home_kitchen,0714839986953,【料理研究家監修】CORKAS せいろ蒸し器 深型 せいろ 手作り 竹セイロ セイロ専用用紙50枚付 蒸篭 業務用 18,2180.0,,3140,2,standard_1,楽天,はずれ,False,False,https://www.amazon.co.jp/dp/B0DJP1ZX76,楽天最安 JAN=0714839986953,
249,B09MNLVNQ4,home_kitchen,,いつ送っても失礼にならない 初盆 新盆 お線香 ギフト 贈答用 御供のし包装 線香 桐箱 弔文 手提げ袋 内熨斗 白檀 ,3290.0,,3141,2,standard_1,,,False,False,https://www.amazon.co.jp/dp/B09MNLVNQ4,,
250,B0BMGXSKBY,home_kitchen,,いつ送っても失礼にならない 初盆 新盆 お線香 ギフト 贈答用 御供のし包装 線香 桐箱 手提げ袋 外熨斗 白檀 少煙 ,3300.0,,3141,2,standard_1,,,False,False,https://www.amazon.co.jp/dp/B0BMGXSKBY,,
251,B0CMD4JD5N,home_kitchen,,いつ送っても失礼にならない 初盆 お供え お線香 ギフト 贈答用 御供のし包装 線香 桐箱 手提げ袋 内熨斗 白檀 少煙,3300.0,,3141,2,standard_1,,,False,False,https://www.amazon.co.jp/dp/B0CMD4JD5N,,
252,B0GQQ2393Z,home_kitchen,,掃除機 コードレス 110Kpa超強力吸引&418g超軽量&業界初の自立式 グリーンLEDライト 2段吸引力 42分連続,5740.0,,3483,5,standard_2,,,False,False,https://www.amazon.co.jp/dp/B0GQQ2393Z,,
253,B0H3673F1B,home_kitchen,,掃除機 コードレス 110Kpa超強力吸引&418g超軽量&業界初の自立式 グリーンLEDライト 2段吸引力 42分連続,5697.0,,3143,3,standard_2,,,False,False,https://www.amazon.co.jp/dp/B0H3673F1B,,
254,B07J1BW98Z,home_kitchen,4548718590667,無印良品 アクリル浄水ポットカートリッジ 約直径5.5×高さ12cm 18590667,1492.0,,4029,2,small,楽天,はずれ,False,False,https://www.amazon.co.jp/dp/B07J1BW98Z,楽天最安 JAN=4548718590667,
255,B09P9KKY9L,home_kitchen,4903779605048,和平フレイズ ふきんハンガー ポリ袋ハンガー フック式 ルームラボ RG-0504,1269.0,,3146,9,standard_1,楽天,はずれ,False,False,https://www.amazon.co.jp/dp/B09P9KKY9L,楽天最安 JAN=4903779605048,
256,B0CTMP9BTZ,home_kitchen,4562344396691,サーモス マイボトルポーチ ストラップ付き 750ml用 水筒カバー ブルーパープル APG-752 BL-PL,1756.0,,3146,8,standard_1,楽天,はずれ,False,False,https://www.amazon.co.jp/dp/B0CTMP9BTZ,楽天最安 JAN=4562344396691,
257,B09P9V395H,home_kitchen,4903779605079,和平フレイズ 引っ掛け式 マルチ ポケット Cタイプ ラップホルダー ルームラボ RG-0507 12.5×7.3×15,1990.0,,3146,3,standard_1,Yahoo,はずれ,False,False,https://www.amazon.co.jp/dp/B09P9V395H,Yahoo最安 JAN=4903779605079,
258,B09P9MD8G3,home_kitchen,4903779604997,和平フレイズ シンク上 水切りラック 足高タイプ 水受けトレー付 ルームラボ RG-0499,4442.0,,3146,10,large_1,Yahoo,はずれ,False,False,https://www.amazon.co.jp/dp/B09P9MD8G3,Yahoo最安 JAN=4903779604997,
259,B09P9M9LBG,home_kitchen,4903779123238,和平フレイズ 両面使える 扉掛け マルチハンガー 裏面メッシュパネル タオルハンガー シンク下収納 ルームラボ RG-0,1780.0,,3146,6,standard_1,Yahoo,はずれ,False,False,https://www.amazon.co.jp/dp/B09P9M9LBG,Yahoo最安 JAN=4903779123238,
260,B09PB4Z9PR,home_kitchen,4903779605086,和平フレイズ 引っ掛け式 フック 3個組 ルームラボ RG-0508,1258.0,,3146,6,small,楽天,あやしい,False,False,https://www.amazon.co.jp/dp/B09PB4Z9PR,楽天最安 JAN=4903779605086,
261,B09Z62KXF9,home_kitchen,0759784685599,ShanSonコーヒーキャニスター 密封容器 ステンレス コーヒー豆酸化防止 遮光 日付表示 スプーン 単方向排気バルブ,7513.0,,3370,2,standard_1,,,False,False,https://www.amazon.co.jp/dp/B09Z62KXF9,,
262,B09Z69M1L1,home_kitchen,0759784685605,ShanSonコーヒーキャニスター 密封容器 ステンレス コーヒー豆酸化防止 遮光 日付表示 スプーン 単方向排気バルブ,6315.0,,3370,2,standard_1,,,False,False,https://www.amazon.co.jp/dp/B09Z69M1L1,,
263,B09Z65NDRC,home_kitchen,0759784685612,ShanSonコーヒーキャニスター 密封容器 ステンレス コーヒー豆酸化防止 遮光 日付表示 スプーン 単方向排気バルブ,7970.0,,3147,2,standard_1,,,False,False,https://www.amazon.co.jp/dp/B09Z65NDRC,,
264,B0CW67JRPZ,home_kitchen,4900309029336,アール(R) 窓断熱スクリーン抗菌145ｃｍ まど活 レース調バード 100×145(cm) 抗菌UVカット フック取付,1064.0,,3165,4,standard_1,Yahoo,はずれ,False,False,https://www.amazon.co.jp/dp/B0CW67JRPZ,Yahoo最安 JAN=4900309029336,
265,B0CW5LJCDX,home_kitchen,4900309029343,アール(R) 窓断熱スクリーン抗菌225ｃｍ まど活 レース調バード 100×225(cm) 抗菌UVカット フック取付,1345.0,,3165,3,standard_1,Yahoo,はずれ,False,False,https://www.amazon.co.jp/dp/B0CW5LJCDX,Yahoo最安 JAN=4900309029343,
266,B0CW616JN6,home_kitchen,4900309029305,アール(R) 窓断熱スクリーン採光透明UＶ145ｃｍ まど活 100×145(cm) 採光 UVカット フック取付 2枚,1620.0,,3165,2,standard_1,Yahoo,はずれ,False,False,https://www.amazon.co.jp/dp/B0CW616JN6,Yahoo最安 JAN=4900309029305,
267,B0CW5Y4T4P,home_kitchen,4900309029312,アール(R) 窓断熱スクリーン採光透明L225ｃｍ まど活 100×225(cm) 採光 フック取付 2枚 HN-502,1656.0,,3149,2,standard_1,Yahoo,はずれ,False,False,https://www.amazon.co.jp/dp/B0CW5Y4T4P,Yahoo最安 JAN=4900309029312,
268,B0CW5ZP9SS,home_kitchen,4900309029350,アール(R) 窓断熱スクリーン 遮光 カーテンライナー 100×145cm グレーベージュ 抗菌 UVカット フック取付,1656.0,,3149,2,standard_1,Yahoo,はずれ,False,False,https://www.amazon.co.jp/dp/B0CW5ZP9SS,Yahoo最安 JAN=4900309029350,
269,B0CW5LGRKG,home_kitchen,4900309029367,アール(R) 窓断熱スクリーン 遮光 L (オールシーズン用/取付簡単) 冷暖房効率アップ (遮光率約97% / UVカ,1828.0,,3149,3,standard_1,Yahoo,はずれ,False,False,https://www.amazon.co.jp/dp/B0CW5LGRKG,Yahoo最安 JAN=4900309029367,
270,B0CC476M6F,home_kitchen,4168430013376,ティファール 保存容器 長方形 2.2L 密閉 パッキン一体構造 「マスターシール フレッシュ MW レクタングル」 3,1073.0,,3153,7,standard_1,Yahoo,はずれ,False,False,https://www.amazon.co.jp/dp/B0CC476M6F,Yahoo最安 JAN=4168430013376,
271,B08M1BHQBN,home_kitchen,4903779472626,和平フレイズ 電子レンジ調理 シリコーンスチーマー 鍋型 アイボリー 蒸し料理 煮込み料理 麺類 ケーキ作り オーブンに,1870.0,,3154,8,standard_1,楽天,はずれ,False,False,https://www.amazon.co.jp/dp/B08M1BHQBN,楽天最安 JAN=4903779472626,
272,B000FHJ2WU,home_kitchen,4536863450066,ドウシシャ ルミナス スチールラック足回りパーツ ネジ式ゴムキャスター 2個セット CT-GL50 固定ストッパー付き ,1220.0,,3155,4,standard_1,Yahoo,はずれ,False,False,https://www.amazon.co.jp/dp/B000FHJ2WU,Yahoo最安 JAN=4536863450066,
273,B003Z6OLKQ,home_kitchen,4904881612177,蝶プラ工業 ベランダサンダルカバー 612177,1736.0,,3155,9,standard_1,Yahoo,はずれ,False,False,https://www.amazon.co.jp/dp/B003Z6OLKQ,Yahoo最安 JAN=4904881612177,
274,B01N6X0YF9,home_kitchen,4903449125098,リバーライト 極JAPAN 鉄 フライパン 深型 炒め鍋 24cm 窒化鉄 窒化加工 IH対応 サビにくい 中華鍋 日本,6800.0,,3156,3,standard_2,Yahoo,はずれ,False,False,https://www.amazon.co.jp/dp/B01N6X0YF9,Yahoo最安 JAN=4903449125098,
275,B01N6X0WS8,home_kitchen,4903449125104,リバーライト 極JAPAN 鉄 フライパン 深型 炒め鍋 26cm 窒化鉄 窒化加工 IH対応 サビにくい 中華鍋 日本,7300.0,,3156,5,standard_2,Yahoo,はずれ,False,False,https://www.amazon.co.jp/dp/B01N6X0WS8,Yahoo最安 JAN=4903449125104,
276,B00XOMFAH4,home_kitchen,4979487918893,ヨシカワ カトラリーポケット カトラリーケース ステンレス 箸 大容量 幅10cm×高さ10.5cm コンパクト シンク,1600.0,,3160,3,small,Yahoo,はずれ,False,False,https://www.amazon.co.jp/dp/B00XOMFAH4,Yahoo最安 JAN=4979487918893,
277,B006O5RY22,home_kitchen,4979487784672,ヨシカワ スライド式 折りたたみ水切り 収納時/37×25.5×19.7cm 水切りかご コンパクトサイズ 燕三条 日本,5217.0,,3160,7,standard_2,Yahoo,はずれ,False,False,https://www.amazon.co.jp/dp/B006O5RY22,Yahoo最安 JAN=4979487784672,
278,B08B1B5C39,home_kitchen,4979487928878,ヨシカワ カトラリーポケット 水切りラック用 ステンレス 箸 大容量 幅12.7cm×高さ10cm コンパクト シンク上,1600.0,,3160,4,small,Yahoo,はずれ,False,False,https://www.amazon.co.jp/dp/B08B1B5C39,Yahoo最安 JAN=4979487928878,
279,B0BPWQYNGX,home_kitchen,4962752009310,クリンスイ 浄水器 蛇口直結型 CBシリーズ 交換カートリッジ 2個入り CBC03WーNW,3444.0,,3162,10,standard_1,Yahoo,はずれ,False,False,https://www.amazon.co.jp/dp/B0BPWQYNGX,Yahoo最安 JAN=4962752009310,
280,B0F13H4FGC,home_kitchen,4962752009662,クリンスイ 浄水器 蛇口直結型 CBシリーズ 交換カートリッジ 1個入り CBC03,2442.0,,3162,3,small,Yahoo,はずれ,False,False,https://www.amazon.co.jp/dp/B0F13H4FGC,Yahoo最安 JAN=4962752009662,
281,B0G1WLN9MS,home_kitchen,4562344407960,サーモス 弁当箱 1段 フレッシュランチボックス 570ml クモ パッキン無しシンプル設計 曲げわっぱ風 油汚れが落ち,1873.0,,3163,8,small,Yahoo,はずれ,False,False,https://www.amazon.co.jp/dp/B0G1WLN9MS,Yahoo最安 JAN=4562344407960,
282,B0G1WR216B,home_kitchen,4562344407977,サーモス 弁当箱 1段 フレッシュランチボックス 570ml ソラ パッキン無しシンプル設計 曲げわっぱ風 油汚れが落ち,1873.0,,3163,8,small,Yahoo,はずれ,False,False,https://www.amazon.co.jp/dp/B0G1WR216B,Yahoo最安 JAN=4562344407977,
283,B0G1WPS2WF,home_kitchen,4562344407953,サーモス 弁当箱 1段 フレッシュランチボックス 570ml サクラ パッキン無しシンプル設計 曲げわっぱ風 油汚れが落,1764.0,,3163,8,small,Yahoo,はずれ,False,False,https://www.amazon.co.jp/dp/B0G1WPS2WF,Yahoo最安 JAN=4562344407953,
284,B09WQ43839,home_kitchen,4571448245491,NEIGHBOR CLOWN レンジ de パスタ 【電子レンジでパスタが茹でられる】 電子レンジ調理器具 時短料理 調,1362.0,,3163,2,standard_1,Yahoo,はずれ,False,False,https://www.amazon.co.jp/dp/B09WQ43839,Yahoo最安 JAN=4571448245491,
285,B085C6RJKL,home_kitchen,4894495032808,【E17】Lepro LED電球 E17 全方向 40W形相当 電球色 シャンデリア電球 6個パック 非調光型 口金直径,1699.0,,3165,2,small,楽天,はずれ,False,False,https://www.amazon.co.jp/dp/B085C6RJKL,楽天最安 JAN=4894495032808,
286,B0C2NZCR7Q,home_kitchen,4936960121331,トップランド 卓上扇風機 デスクファン どこでもFAN 自動首振り角度調節 3電源対応 (AC/USB/別売乾電池) 省,2436.0,,3170,2,standard_1,楽天,はずれ,False,False,https://www.amazon.co.jp/dp/B0C2NZCR7Q,楽天最安 JAN=4936960121331,
287,B004D2EJF8,home_kitchen,0699234212084,リス(RISU) ゴミ箱 ペダルペール 横型 ワイド ポリ袋フック付き グレー 45L H&H ダストボックス おしゃれ,2882.0,,3171,9,large_1,楽天,はずれ,False,False,https://www.amazon.co.jp/dp/B004D2EJF8,楽天最安 JAN=0699234212084,
288,B004D24YH6,home_kitchen,4971881137764,リス(RISU) ゴミ箱 ペダルペール 横型 ワイド ポリ袋フック付き グレー 25L H&H ダストボックス おしゃれ,2505.0,,3171,10,standard_2,楽天,はずれ,False,False,https://www.amazon.co.jp/dp/B004D24YH6,楽天最安 JAN=4971881137764,
289,B0FTSHGS5D,home_kitchen,0840113505524,GRANDTIES グランタイズ 全19色 プレミアム真空断熱マグカップ 460ml 簡単開閉スライド蓋付きのマグカップ,4063.0,,3173,3,standard_1,,,False,False,https://www.amazon.co.jp/dp/B0FTSHGS5D,,
290,B093ZP5TX3,home_kitchen,0840113500956,GRANDTIES グランタイズ 全19色 プレミアム真空断熱マグカップ 460ml 簡単開閉スライド蓋付きのマグカップ,3383.0,,3173,6,standard_1,楽天,はずれ,False,False,https://www.amazon.co.jp/dp/B093ZP5TX3,楽天最安 JAN=0840113500956,
291,B0FTS5YZR2,home_kitchen,0840113505494,GRANDTIES グランタイズ 全19色 プレミアム真空断熱マグカップ 460ml 簡単開閉スライド蓋付きのマグカップ,4063.0,,3173,3,standard_1,,,False,False,https://www.amazon.co.jp/dp/B0FTS5YZR2,,
292,B0B2ZNS1G6,home_kitchen,0840113501854,GRANDTIES グランタイズ 全19色 プレミアム真空断熱マグカップ 460ml 簡単開閉スライド蓋付きのマグカップ,3383.0,,3173,2,standard_1,,,False,False,https://www.amazon.co.jp/dp/B0B2ZNS1G6,,
293,B0FTR8BSF3,home_kitchen,0840113505500,GRANDTIES グランタイズ 全19色 プレミアム真空断熱マグカップ 460ml 簡単開閉スライド蓋付きのマグカップ,4063.0,,3173,4,standard_1,,,False,False,https://www.amazon.co.jp/dp/B0FTR8BSF3,,
294,B093ZPC66R,home_kitchen,0840113500932,GRANDTIES グランタイズ 全19色 プレミアム真空断熱マグカップ 460ml 簡単開閉スライド蓋付きのマグカップ,3383.0,,3173,4,standard_1,楽天,はずれ,False,False,https://www.amazon.co.jp/dp/B093ZPC66R,楽天最安 JAN=0840113500932,
295,B08FCYYNYB,home_kitchen,0840113500291,GRANDTIES グランタイズ 全19色 プレミアム真空断熱マグカップ 460ml 簡単開閉スライド蓋付きのマグカップ,3383.0,,3173,3,standard_1,楽天,はずれ,False,False,https://www.amazon.co.jp/dp/B08FCYYNYB,楽天最安 JAN=0840113500291,
296,B08FD2CMTY,home_kitchen,0840113500321,GRANDTIES グランタイズ 全19色 プレミアム真空断熱マグカップ 460ml 簡単開閉スライド蓋付きのマグカップ,3383.0,,3173,5,standard_1,楽天,はずれ,False,False,https://www.amazon.co.jp/dp/B08FD2CMTY,楽天最安 JAN=0840113500321,
297,B093ZNRC5W,home_kitchen,0840113500901,GRANDTIES グランタイズ 全19色 プレミアム真空断熱マグカップ 460ml 簡単開閉スライド蓋付きのマグカップ,3383.0,,3173,3,standard_1,,,False,False,https://www.amazon.co.jp/dp/B093ZNRC5W,,
298,B0FTRTSK52,home_kitchen,0840113505517,GRANDTIES グランタイズ 全19色 プレミアム真空断熱マグカップ 460ml 簡単開閉スライド蓋付きのマグカップ,4063.0,,3173,6,standard_1,楽天,はずれ,False,False,https://www.amazon.co.jp/dp/B0FTRTSK52,楽天最安 JAN=0840113505517,
299,B0BTHX2BYM,home_kitchen,0840113502974,GRANDTIES グランタイズ 全19色 プレミアム真空断熱マグカップ 460ml 簡単開閉スライド蓋付きのマグカップ,3383.0,,3173,2,standard_1,,,False,False,https://www.amazon.co.jp/dp/B0BTHX2BYM,,
300,B093ZPJ7WY,home_kitchen,0840113500918,GRANDTIES グランタイズ 全19色 プレミアム真空断熱マグカップ 460ml 簡単開閉スライド蓋付きのマグカップ,3383.0,,3173,4,standard_1,楽天,はずれ,False,False,https://www.amazon.co.jp/dp/B093ZPJ7WY,楽天最安 JAN=0840113500918,
301,B0BTHRVDPP,home_kitchen,0840113502967,GRANDTIES グランタイズ 全19色 プレミアム真空断熱マグカップ 460ml 簡単開閉スライド蓋付きのマグカップ,3383.0,,3173,2,standard_1,,,False,False,https://www.amazon.co.jp/dp/B0BTHRVDPP,,
302,B0GVSTDKSJ,home_kitchen,,【2026新登場・1台多役】ハンディファン 携帯扇風機 卓上扇風機 手持ち扇風機 大きいサイズ 6インチ 大風量 静音 ,2498.0,,3174,2,standard_1,,,False,False,https://www.amazon.co.jp/dp/B0GVSTDKSJ,,
303,B0GSZN26CH,home_kitchen,,【2026新登場・1台多役】ハンディファン 携帯扇風機 卓上扇風機 手持ち扇風機 大きいサイズ 6インチ 大風量 静音 ,2498.0,,3174,2,standard_1,,,False,False,https://www.amazon.co.jp/dp/B0GSZN26CH,,
304,B0H32QZRPF,home_kitchen,4973007411567,カーメイト(Carmate) 爆風 ハンディファン【圧倒的爆風/暴風級 最大風速15m/s】ドローン用モーター使用 リン,5980.0,,3178,2,standard_1,Yahoo,はずれ,False,False,https://www.amazon.co.jp/dp/B0H32QZRPF,Yahoo最安 JAN=4973007411567,
305,B0H7RKFSBR,home_kitchen,4973007411505,カーメイト(Carmate) ハンディファン 冷却プレート付【スマホ冷却 スマホスタンド】マグネット式 ペルチェ リン酸,5478.0,,3178,2,standard_1,Yahoo,はずれ,False,False,https://www.amazon.co.jp/dp/B0H7RKFSBR,Yahoo最安 JAN=4973007411505,
306,B0H28NTM2X,home_kitchen,0753252128595,ハンディファン 冷却プレート付き 【2026新登場・1秒瞬間冷却】 携帯扇風機 -25℃冷感プレート 6800mAh大容,2641.0,,3183,2,small,,,False,False,https://www.amazon.co.jp/dp/B0H28NTM2X,,
307,B0H28WWC3H,home_kitchen,0753252128601,ハンディファン 冷却プレート付き 【2026新登場・1秒瞬間冷却】 携帯扇風機 -25℃冷感プレート 6800mAh大容,2641.0,,3183,2,standard_1,,,False,False,https://www.amazon.co.jp/dp/B0H28WWC3H,,
308,B0CNJJHGNZ,home_kitchen,4562344395700,サーモス 真空断熱タンブラー 340ml オーシャンブルー 食洗機対応 魔法びん構造 保温保冷 JDY-340C OBL,1691.0,,3187,8,small,楽天,はずれ,False,False,https://www.amazon.co.jp/dp/B0CNJJHGNZ,楽天最安 JAN=4562344395700,
309,B0CNJN16Z4,home_kitchen,4562344395748,サーモス 真空断熱タンブラー 420ml ミント 食洗機対応 魔法びん構造 保温保冷 JDY-420C MNT,1927.0,,3187,7,small,楽天,はずれ,False,False,https://www.amazon.co.jp/dp/B0CNJN16Z4,楽天最安 JAN=4562344395748,
310,B0CNK1Y443,home_kitchen,4562344395717,サーモス 真空断熱タンブラー 340ml カカオ 食洗機対応 魔法びん構造 保温保冷 JDY-340C CAC,1691.0,,3187,4,small,楽天,はずれ,False,False,https://www.amazon.co.jp/dp/B0CNK1Y443,楽天最安 JAN=4562344395717,
311,B0CNJQ5TCX,home_kitchen,4562344395694,サーモス 真空断熱タンブラー 340ml ミント 食洗機対応 魔法びん構造 保温保冷 JDY-340C MNT,1600.0,,3187,7,small,楽天,はずれ,False,False,https://www.amazon.co.jp/dp/B0CNJQ5TCX,楽天最安 JAN=4562344395694,
312,B0CNJNS4MS,home_kitchen,4562344395786,サーモス 真空断熱タンブラー 600ml ブラック 食洗機対応 魔法びん構造 保温保冷 JDY-600C BK,3510.0,,3187,7,standard_1,楽天,はずれ,False,False,https://www.amazon.co.jp/dp/B0CNJNS4MS,楽天最安 JAN=4562344395786,
313,B0CNJS8NMW,home_kitchen,4562344395816,サーモス 真空断熱タンブラー 600ml カカオ 食洗機対応 魔法びん構造 保温保冷 JDY-600C CAC,2059.0,,3187,5,standard_1,楽天,はずれ,False,False,https://www.amazon.co.jp/dp/B0CNJS8NMW,楽天最安 JAN=4562344395816,
314,B0CM8DRKWZ,home_kitchen,4536117045031,ドリテック(dretec) ポータブル温湿度計 防滴 IPX4 時計機能 ブラック,2180.0,,3190,2,small,Yahoo,はずれ,False,False,https://www.amazon.co.jp/dp/B0CM8DRKWZ,Yahoo最安 JAN=4536117045031,
315,B09P9P7SGQ,home_kitchen,4903779605055,和平フレイズ 引っ掛け式 マルチ ポケット Aタイプ カトラリー 箸立て ルームラボ RG-0505,1603.0,,3621,3,small,Yahoo,あやしい,False,False,https://www.amazon.co.jp/dp/B09P9P7SGQ,Yahoo最安 JAN=4903779605055,
316,B0GY4SQ9Y6,home_kitchen,,【Amazon.co.jp 2026夏限定・ナノミスト W 冷却・高速暴風】PudCola ハンディファン ミスト付き ,3280.0,,3191,4,standard_1,,,False,False,https://www.amazon.co.jp/dp/B0GY4SQ9Y6,,
317,B0GY4QF87Y,home_kitchen,,【Amazon.co.jp 2026夏限定・ナノミスト W 冷却・高速暴風】PudCola ハンディファン ミスト付き ,3280.0,,3191,2,standard_1,,,False,False,https://www.amazon.co.jp/dp/B0GY4QF87Y,,
318,B0B5TJ7WXH,home_kitchen,8421002014437,"ARCOS アルコス テーブルナイフ ギザ刃 スペイン製 食洗機対応 ニトラムステンレス鋼 (刃渡り10cm, ストロベ",1980.0,,3393,3,standard_1,楽天,はずれ,False,False,https://www.amazon.co.jp/dp/B0B5TJ7WXH,楽天最安 JAN=8421002014437,
319,B0GL185D46,home_kitchen,4967098284223,ボンフォーム(BONFORM) クッション ファイテンメッシュ サイズ：450×450mm カラー：レッド ヒップ型 姿,2280.0,,3199,3,standard_1,Yahoo,はずれ,False,False,https://www.amazon.co.jp/dp/B0GL185D46,Yahoo最安 JAN=4967098284223,
320,B09RZHFH21,home_kitchen,4973307566103,スケーター(Skater) 子供用 トレーニング箸 14cm 練習箸 対象年齢2～7才 右手用 ディノサウルス 恐竜 A,1000.0,,3306,10,small,楽天,はずれ,False,False,https://www.amazon.co.jp/dp/B09RZHFH21,楽天最安 JAN=4973307566103,
321,B0B34HTSMT,home_kitchen,4973307590764,スケーター(Skater) 子供用 トレーニング箸 14cm 練習箸 対象年齢2～7才 右手用 すみっコぐらし うさぎの,1398.0,,3203,5,small,楽天,はずれ,False,False,https://www.amazon.co.jp/dp/B0B34HTSMT,楽天最安 JAN=4973307590764,
322,B0DG21K3S6,home_kitchen,4973307684494,スケーター(Skater) 子供用 トレーニング箸 14cm 練習箸 対象年齢2～7才 右手用 トミカとトム ADXT1,1221.0,,3203,6,small,楽天,はずれ,False,False,https://www.amazon.co.jp/dp/B0DG21K3S6,楽天最安 JAN=4973307684494,
323,B0FCKWYN9J,home_kitchen,4973307691461,スケーター(Skater) 子供用 トレーニング箸 14cm 練習箸 対象年齢2～7才 右手用 パンどろぼう ADXT1,1343.0,,3203,8,small,Yahoo,はずれ,False,False,https://www.amazon.co.jp/dp/B0FCKWYN9J,Yahoo最安 JAN=4973307691461,
324,B0BM3BNW22,home_kitchen,4562344389181,サーモス 保冷ランチバッグ 4L ミッフィー グレー RFF-004B GY,1870.0,,3203,8,standard_1,楽天,はずれ,False,False,https://www.amazon.co.jp/dp/B0BM3BNW22,楽天最安 JAN=4562344389181,
325,B0BM3HR3JW,home_kitchen,4562344389174,サーモス 保冷ランチバッグ 4L くまのプーさん ネイビー RFF-004DS NVY,2490.0,,3203,6,standard_1,Yahoo,はずれ,False,False,https://www.amazon.co.jp/dp/B0BM3HR3JW,Yahoo最安 JAN=4562344389174,
326,B0F2D3F1V3,home_kitchen,4903208012973,山崎実業(Yamazaki) 【石こうボードピンセット・木ネジ 付属】 ウォール トイレットペーパーホルダー 石こうボー,2860.0,,3204,8,standard_1,Yahoo,はずれ,False,False,https://www.amazon.co.jp/dp/B0F2D3F1V3,Yahoo最安 JAN=4903208012973,
327,B07CR4S79D,home_kitchen,4977187496673,ハクバ HAKUBA 木製額縁 FW-04 ワイド4切 ブラウン FW-4-BRW4,2712.0,,3402,4,standard_2,Yahoo,はずれ,False,False,https://www.amazon.co.jp/dp/B07CR4S79D,Yahoo最安 JAN=4977187496673,
328,B07CQ2Q9X2,home_kitchen,4977187496659,ハクバ HAKUBA 木製額縁 FW-04 ワイド6切 ブラウン FW-4-BRW6,1618.0,,3402,5,standard_1,楽天,はずれ,False,False,https://www.amazon.co.jp/dp/B07CQ2Q9X2,楽天最安 JAN=4977187496659,
329,B07CQ3C8Q2,home_kitchen,4977187496727,ハクバ HAKUBA 木製額縁 FW-04 6切 ブラック FW-4-BK6,1145.0,,3206,2,standard_1,Yahoo,はずれ,False,False,https://www.amazon.co.jp/dp/B07CQ3C8Q2,Yahoo最安 JAN=4977187496727,
330,B07CR4F5NX,home_kitchen,4977187496741,ハクバ HAKUBA 木製額縁 FW-04 4切 ブラック FW-4-BK4,1655.0,,3206,5,standard_2,Yahoo,はずれ,False,False,https://www.amazon.co.jp/dp/B07CR4F5NX,Yahoo最安 JAN=4977187496741,
331,B07CR4S1TX,home_kitchen,4977187496772,ハクバ HAKUBA 木製額縁 FW-04 A3 ブラック FW-4-BKA3,3436.0,,3206,5,standard_2,楽天,はずれ,False,False,https://www.amazon.co.jp/dp/B07CR4S1TX,楽天最安 JAN=4977187496772,
332,B07CQ5ZBRG,home_kitchen,4977187496680,ハクバ HAKUBA 木製額縁 FW-04 A4 ブラウン FW-4-BRA4,1800.0,,3206,4,standard_1,楽天,はずれ,False,False,https://www.amazon.co.jp/dp/B07CQ5ZBRG,楽天最安 JAN=4977187496680,
333,B07CR4QSMS,home_kitchen,4977187496581,ハクバ HAKUBA 木製額縁 FW-04 4切 ナチュラル FW-4-NT4,1655.0,,3206,5,standard_2,Yahoo,はずれ,False,False,https://www.amazon.co.jp/dp/B07CR4QSMS,Yahoo最安 JAN=4977187496581,
334,B07CQ3F5SG,home_kitchen,4977187496604,ハクバ HAKUBA 木製額縁 FW-04 A4 ナチュラル FW-4-NTA4,1800.0,,3206,5,standard_1,楽天,はずれ,False,False,https://www.amazon.co.jp/dp/B07CQ3F5SG,楽天最安 JAN=4977187496604,
335,B07CR4QW1M,home_kitchen,4977187496598,ハクバ HAKUBA 木製額縁 FW-04 ワイド4切 ナチュラル FW-4-NTW4,2240.0,,3206,3,standard_2,Yahoo,はずれ,False,False,https://www.amazon.co.jp/dp/B07CR4QW1M,Yahoo最安 JAN=4977187496598,
336,B07CQ1397X,home_kitchen,4977187496611,ハクバ HAKUBA 木製額縁 FW-04 A3 ナチュラル FW-4-NTA3,3953.0,,3402,5,standard_2,Yahoo,はずれ,False,False,https://www.amazon.co.jp/dp/B07CQ1397X,Yahoo最安 JAN=4977187496611,
337,B07CQ51BXQ,home_kitchen,4977187496697,ハクバ HAKUBA 木製額縁 FW-04 A3 ブラウン FW-4-BRA3,3436.0,,3402,5,standard_2,楽天,はずれ,False,False,https://www.amazon.co.jp/dp/B07CQ51BXQ,楽天最安 JAN=4977187496697,
338,B07CQ51BXR,home_kitchen,4977187496666,ハクバ HAKUBA 木製額縁 FW-04 4切 ブラウン FW-4-BR4,1655.0,,3206,6,standard_2,楽天,はずれ,False,False,https://www.amazon.co.jp/dp/B07CQ51BXR,楽天最安 JAN=4977187496666,
339,B07CR4RWCD,home_kitchen,4977187496710,ハクバ HAKUBA 木製額縁 FW-04 2L スタンド付き ブラック FW-4-BK2L,2160.0,,3206,2,standard_1,Yahoo,あやしい,False,False,https://www.amazon.co.jp/dp/B07CR4RWCD,Yahoo最安 JAN=4977187496710,
340,B07CR4K2YK,home_kitchen,4977187496703,ハクバ HAKUBA 木製額縁 FW-04 A3ノビ ブラウン FW-4-BRA3N,4020.0,,3206,4,large_1,Yahoo,はずれ,False,False,https://www.amazon.co.jp/dp/B07CR4K2YK,Yahoo最安 JAN=4977187496703,
341,B07CQ56TXH,home_kitchen,4977187496574,ハクバ HAKUBA 木製額縁 FW-04 ワイド6切 ナチュラル FW-4-NTW6,1618.0,,3402,4,standard_1,Yahoo,はずれ,False,False,https://www.amazon.co.jp/dp/B07CQ56TXH,Yahoo最安 JAN=4977187496574,
342,B07CQ3C4SR,home_kitchen,4977187496789,ハクバ HAKUBA 木製額縁 FW-04 A3ノビ ブラック FW-4-BKA3N,4602.0,,3206,3,standard_2,Yahoo,はずれ,False,False,https://www.amazon.co.jp/dp/B07CQ3C4SR,Yahoo最安 JAN=4977187496789,
343,B07CR4QSLR,home_kitchen,4977187496734,ハクバ HAKUBA 木製額縁 FW-04 ワイド6切 ブラック FW-4-BKW6,1618.0,,3206,4,standard_1,楽天,はずれ,False,False,https://www.amazon.co.jp/dp/B07CR4QSLR,楽天最安 JAN=4977187496734,
344,B07CQ5M6XX,home_kitchen,4977187496765,ハクバ HAKUBA 木製額縁 FW-04 A4 ブラック FW-4-BKA4,1800.0,,3206,4,standard_1,楽天,はずれ,False,False,https://www.amazon.co.jp/dp/B07CQ5M6XX,楽天最安 JAN=4977187496765,
345,B07CQ5XZVB,home_kitchen,4977187496642,ハクバ HAKUBA 木製額縁 FW-04 6切 ブラウン FW-4-BR6,1145.0,,3402,4,standard_1,Yahoo,はずれ,False,False,https://www.amazon.co.jp/dp/B07CQ5XZVB,Yahoo最安 JAN=4977187496642,
346,B07CQ5XZTZ,home_kitchen,4977187496628,ハクバ HAKUBA 木製額縁 FW-04 A3ノビ ナチュラル FW-4-NTA3N,1444.0,,3206,4,standard_2,Yahoo,はずれ,False,False,https://www.amazon.co.jp/dp/B07CQ5XZTZ,Yahoo最安 JAN=4977187496628,
347,B0DJX6S4N4,home_kitchen,,Antree LEDシーリングライト 6畳 3600lm 調光調色 RGB 雰囲気ライト 常夜灯 リモコン スマホAPP,2599.0,,3207,2,standard_1,,,False,False,https://www.amazon.co.jp/dp/B0DJX6S4N4,,
348,B0D78FHVXY,home_kitchen,,Antree Ledシーリングライト RGB 6畳 3600lm 調光調色 カラー 極薄型 間接光常夜灯 led 照明 ,2599.0,,3207,2,standard_1,,,False,False,https://www.amazon.co.jp/dp/B0D78FHVXY,,
349,B07CR4RTHS,home_kitchen,4977187496758,ハクバ HAKUBA 木製額縁 FW-04 ワイド4切 ブラック FW-4-BKW4,1536.0,,3402,4,standard_2,Yahoo,はずれ,False,False,https://www.amazon.co.jp/dp/B07CR4RTHS,Yahoo最安 JAN=4977187496758,
350,B07CQ57ZNZ,home_kitchen,4977187496567,ハクバ HAKUBA 木製額縁 FW-04 6切 ナチュラル FW-4-NT6,1145.0,,3402,3,standard_1,Yahoo,はずれ,False,False,https://www.amazon.co.jp/dp/B07CQ57ZNZ,Yahoo最安 JAN=4977187496567,
351,B097GQ1MB1,home_kitchen,4967576497657,アイリスオーヤマ フライパン 26㎝ IH・ガス火対応 取っ手のとれる 深型 軽量 シルバー ダイヤモンドグレイス DG,2220.0,,3019,9,standard_2,Yahoo,はずれ,False,False,https://www.amazon.co.jp/dp/B097GQ1MB1,Yahoo最安 JAN=4967576497657,
352,B0CVQBQTKK,home_kitchen,4967576690072,アイリスオーヤマ 玉子 卵 焼き IH&ガス火対応 ダイヤモンドコートパン 耐摩耗性試験50万回クリア エッグパン フラ,2980.0,,3211,2,standard_1,楽天,はずれ,False,False,https://www.amazon.co.jp/dp/B0CVQBQTKK,楽天最安 JAN=4967576690072,
353,B0CVQNFC34,home_kitchen,4967576690058,アイリスオーヤマ フライパン 28cm IH&ガス火対応 ダイヤモンドコートパン 耐摩耗性試験50万回クリア 取っ手の取,3331.0,,3211,2,standard_1,Yahoo,はずれ,False,False,https://www.amazon.co.jp/dp/B0CVQNFC34,Yahoo最安 JAN=4967576690058,
354,B097GFT2JC,home_kitchen,4967576497633,アイリスオーヤマ フライパン 20㎝ IH・ガス火対応 取っ手のとれる 深型 軽量 シルバー ダイヤモンドグレイス DG,1621.0,,3211,6,standard_1,Yahoo,はずれ,False,False,https://www.amazon.co.jp/dp/B097GFT2JC,Yahoo最安 JAN=4967576497633,
355,B0CVQ86QVX,home_kitchen,4967576690041,アイリスオーヤマ フライパン 26cm IH&ガス火対応 ダイヤモンドコートパン 耐摩耗性試験50万回クリア 取っ手の取,2950.0,,3211,5,standard_1,楽天,はずれ,False,False,https://www.amazon.co.jp/dp/B0CVQ86QVX,楽天最安 JAN=4967576690041,
356,B097G8M2W2,home_kitchen,4967576497756,アイリスオーヤマ 卵焼き フライパン 玉子焼き器 エッグパン 15㎝ IH・ガス火対応 取っ手のとれる 深型 ダイヤモン,1982.0,,3211,7,standard_1,Yahoo,はずれ,False,False,https://www.amazon.co.jp/dp/B097G8M2W2,Yahoo最安 JAN=4967576497756,
357,B0FT78MVBP,home_kitchen,4971275656987,オーム(OHM) LED電球小形 E17 60形相当 人感明暗センサー付 電球色｜オーム電機 LDA7L-G/E17 P,1027.0,,3211,9,small,Yahoo,はずれ,False,False,https://www.amazon.co.jp/dp/B0FT78MVBP,Yahoo最安 JAN=4971275656987,
358,B097G32L71,home_kitchen,4967576497671,アイリスオーヤマ フライパン 28㎝ IH・ガス火対応 取っ手のとれる 深型 軽量 シルバー ダイヤモンドグレイス DG,2618.0,,3211,7,standard_2,楽天,はずれ,False,False,https://www.amazon.co.jp/dp/B097G32L71,楽天最安 JAN=4967576497671,
359,B0FG7Y7RKQ,home_kitchen,4967576790291,アイリスオーヤマ 組立簡単 連結スチールラック用棚板 幅:36cm KRSRT-360 ヴィンテージブラウン,1970.0,,2562,5,standard_2,Yahoo,はずれ,False,False,https://www.amazon.co.jp/dp/B0FG7Y7RKQ,Yahoo最安 JAN=4967576790291,
360,B0FG7Y6NJ6,home_kitchen,4967576790321,アイリスオーヤマ 組立簡単 連結スチールラック用サイドパネル KRSR-SP ブラック,2202.0,,2562,6,standard_2,Yahoo,はずれ,False,False,https://www.amazon.co.jp/dp/B0FG7Y6NJ6,Yahoo最安 JAN=4967576790321,
361,B0FG7VZKPF,home_kitchen,4967576790253,アイリスオーヤマ 組立簡単 連結スチールラック用棚板 幅:56cm KRSRT-560 ナチュラルオーク,2500.0,,2562,5,standard_2,Yahoo,はずれ,False,False,https://www.amazon.co.jp/dp/B0FG7VZKPF,Yahoo最安 JAN=4967576790253,
362,B0DF796TN2,home_kitchen,4967576734783,【広げるだけで組立簡単】アイリスオーヤマ スチールラック 棚板の連結で使い方は自由自在 連結 可動棚 オープンシェルフ ,7588.0,,3213,9,large_2,Yahoo,はずれ,False,False,https://www.amazon.co.jp/dp/B0DF796TN2,Yahoo最安 JAN=4967576734783,
363,B0DF796D5Y,home_kitchen,4967576734776,【広げるだけで組立簡単】アイリスオーヤマ スチールラック 棚板の連結で使い方は自由自在 連結 可動棚 オープンシェルフ ,8033.0,,3213,5,large_2,楽天,はずれ,False,False,https://www.amazon.co.jp/dp/B0DF796D5Y,楽天最安 JAN=4967576734776,
364,B0FG7Y9RY4,home_kitchen,4967576790352,アイリスオーヤマ 組立簡単 連結スチールラック用ハンガーパイプ ワードローブバー 幅75cm KRSR-HP ホワイト,1970.0,,3213,6,standard_1,Yahoo,はずれ,False,False,https://www.amazon.co.jp/dp/B0FG7Y9RY4,Yahoo最安 JAN=4967576790352,
365,B0DF79GGFL,home_kitchen,4967576735667,アイリスオーヤマ 連結 オープンシェルフ用棚 ナチュラルオーク KRSR-3 KRSR-5,2996.0,,3213,5,large_1,Yahoo,はずれ,False,False,https://www.amazon.co.jp/dp/B0DF79GGFL,Yahoo最安 JAN=4967576735667,
366,B0DF79Z3D1,home_kitchen,4967576735674,アイリスオーヤマ 連結 オープンシェルフ用棚 ヴィンテージブラウン KRSR-3 KRSR-5,2847.0,,3213,9,large_1,Yahoo,はずれ,False,False,https://www.amazon.co.jp/dp/B0DF79Z3D1,Yahoo最安 JAN=4967576735674,
367,B0FG82935D,home_kitchen,4967576790246,アイリスオーヤマ 組立簡単 連結スチールラック用棚板 幅:76cm KRSR-T ホワイト,2760.0,,3213,5,large_1,Yahoo,はずれ,False,False,https://www.amazon.co.jp/dp/B0FG82935D,Yahoo最安 JAN=4967576790246,
368,B0FG7ZNVYF,home_kitchen,4967576790338,アイリスオーヤマ 組立簡単 連結スチールラック用サイドパネル KRSR-SP ホワイト,2091.0,,3213,6,standard_2,Yahoo,はずれ,False,False,https://www.amazon.co.jp/dp/B0FG7ZNVYF,Yahoo最安 JAN=4967576790338,
369,B0FFT82HQH,home_kitchen,4967576790185,【広げるだけで組立簡単】アイリスオーヤマ スチールラック 棚板の連結で使い方は自由自在 連結 可動棚 オープンシェルフ ,7019.0,,3213,6,large_2,Yahoo,はずれ,False,False,https://www.amazon.co.jp/dp/B0FFT82HQH,Yahoo最安 JAN=4967576790185,
370,B0FG7W9FXZ,home_kitchen,4967576790307,アイリスオーヤマ 組立簡単 連結スチールラック用棚板 幅:36cm KRSRT-360 ホワイト,1970.0,,2562,6,standard_2,Yahoo,はずれ,False,False,https://www.amazon.co.jp/dp/B0FG7W9FXZ,Yahoo最安 JAN=4967576790307,
371,B0FFT5XLVT,home_kitchen,4967576790147,【広げるだけで組立簡単】アイリスオーヤマ スチールラック 棚板の連結で使い方は自由自在 連結 可動棚 オープンシェルフ ,7163.0,,3213,8,large_2,Yahoo,はずれ,False,False,https://www.amazon.co.jp/dp/B0FFT5XLVT,Yahoo最安 JAN=4967576790147,
372,B0FG81CN1X,home_kitchen,4967576790345,アイリスオーヤマ 組立簡単 連結スチールラック用ハンガーパイプ ワードローブバー 幅75cm KRSR-HP ブラック,1690.0,,3213,6,standard_1,Yahoo,はずれ,False,False,https://www.amazon.co.jp/dp/B0FG81CN1X,Yahoo最安 JAN=4967576790345,
373,B0FFT4R21Z,home_kitchen,4967576790123,【広げるだけで組立簡単】アイリスオーヤマ チールラック 棚板の連結で使い方は自由自在 連結 可動棚 オープンシェルフ ラ,7163.0,,3213,8,large_2,楽天,はずれ,False,False,https://www.amazon.co.jp/dp/B0FFT4R21Z,楽天最安 JAN=4967576790123,
374,B0FFT6YZG8,home_kitchen,4967576790208,【広げるだけで組立簡単】アイリスオーヤマ スチールラック 棚板の連結で使い方は自由自在 連結 可動棚 オープンシェルフ ,7294.0,,3213,8,large_2,Yahoo,はずれ,False,False,https://www.amazon.co.jp/dp/B0FFT6YZG8,Yahoo最安 JAN=4967576790208,
375,B0FFT5CBDZ,home_kitchen,4967576790192,【広げるだけで組立簡単】アイリスオーヤマ チールラック 棚板の連結で使い方は自由自在 連結 可動棚 オープンシェルフ ラ,6698.0,,3213,7,large_2,Yahoo,はずれ,False,False,https://www.amazon.co.jp/dp/B0FFT5CBDZ,Yahoo最安 JAN=4967576790192,
376,B0FG81N91F,home_kitchen,4967576790314,アイリスオーヤマ 組立簡単 連結スチールラック用キャスター KRSR-C,1195.0,,3213,8,standard_1,Yahoo,はずれ,False,False,https://www.amazon.co.jp/dp/B0FG81N91F,Yahoo最安 JAN=4967576790314,
377,B0FFT5LDW3,home_kitchen,4967576790130,【広げるだけで組立簡単】アイリスオーヤマ チールラック 棚板の連結で使い方は自由自在 連結 可動棚 オープンシェルフ ラ,7178.0,,3213,7,large_2,Yahoo,はずれ,False,False,https://www.amazon.co.jp/dp/B0FFT5LDW3,Yahoo最安 JAN=4967576790130,
378,B093WM9ZL3,home_kitchen,4973221022006,新輝合成 トンボ タライ 60リットル 角型 水抜き栓付き ホース穴付 モスグリーン 幅66×奥行47×高さ33cm 日,2928.0,,3939,5,standard_2,楽天,あやしい,False,False,https://www.amazon.co.jp/dp/B093WM9ZL3,楽天最安 JAN=4973221022006,
379,B08N5NS4KX,home_kitchen,4562344376396,サーモス 弁当箱 ステンレス フレッシュランチボックス 700ml ラインブラック DSD-704 L-BK,1591.0,,3214,7,standard_1,Yahoo,はずれ,False,False,https://www.amazon.co.jp/dp/B08N5NS4KX,Yahoo最安 JAN=4562344376396,
380,B093WMDZ91,home_kitchen,4973221022013,新輝合成 トンボ タライ 持ち手 ひも付き 36リットル モスグリーン 幅52×奥行36×高さ28.5cm タブ バケツ,1837.0,,3939,8,standard_1,Yahoo,はずれ,False,False,https://www.amazon.co.jp/dp/B093WMDZ91,Yahoo最安 JAN=4973221022013,
381,B001UJNQRE,home_kitchen,4973221008338,新輝合成 トンボ 角型 タライ ジャンボ 水抜き栓付き ホース穴付き 120型 120リットル ブルー 幅86.0cm×,4268.0,,3215,10,large_1,楽天,はずれ,False,False,https://www.amazon.co.jp/dp/B001UJNQRE,楽天最安 JAN=4973221008338,
382,B0BV9B1NJR,home_kitchen,6952868303844,CIRCLE JOY 電動ペッパーグラインダーセット 電池式ペッパーミル 70ml容器 洗える収納ベース 白色LEDライ,2680.0,,3216,2,standard_1,楽天,はずれ,False,False,https://www.amazon.co.jp/dp/B0BV9B1NJR,楽天最安 JAN=6952868303844,
383,B0GK7RT83H,home_kitchen,,BeeTool 業界初 ハンディクリーナー 40000Pa 強力吸引力 2種吸引モード＆ディスプレイ搭載＆2種照明ライト,2943.0,,3217,3,standard_1,,,False,False,https://www.amazon.co.jp/dp/B0GK7RT83H,,
384,B0GK6VTMDL,home_kitchen,,BeeTool 業界初 ハンディクリーナー 40000Pa 強力吸引力 2種吸引モード＆ディスプレイ搭載＆2種照明ライト,2999.0,,3217,3,standard_1,,,False,False,https://www.amazon.co.jp/dp/B0GK6VTMDL,,
385,B00D1G3FJS,home_kitchen,4901601373660,貝印 KAI まいど本舗 おかんの ステンレス起こし返し 105mm 日本製 DS1011,1057.0,,3218,2,standard_1,楽天,はずれ,False,False,https://www.amazon.co.jp/dp/B00D1G3FJS,楽天最安 JAN=4901601373660,
386,B00CWNX5V4,home_kitchen,4901601377422,貝印 KAI ボール セット まいど本舗 粉つぎ 日本製 DS1021,1673.0,,3218,4,standard_1,楽天,はずれ,False,False,https://www.amazon.co.jp/dp/B00CWNX5V4,楽天最安 JAN=4901601377422,
387,B0H3JQ6VZM,home_kitchen,0730654102828,ひげそり 電動シェーバー 小型 【2026新登場 5枚刃】 シェーバー メンズ 深剃り IPX7防水 乾湿両用 電気シェ,3869.0,,3220,2,standard_1,,,False,False,https://www.amazon.co.jp/dp/B0H3JQ6VZM,,
388,B09L4FC3FY,home_kitchen,4975479418983,オムロン 体重計 ブラック HN-300T2-JTBK スマホ連動 データ自動転送 自動認識 乗るだけで測定開始 シンプ,3150.0,,3224,6,standard_2,Yahoo,はずれ,False,False,https://www.amazon.co.jp/dp/B09L4FC3FY,Yahoo最安 JAN=4975479418983,
389,B0F4XRC77D,home_kitchen,0762949691861,扇風機 サーキュレーター 兼用 USB充電式 5200mAh バッテリー内蔵 DCモーター 静音 パワフル せんぷうき ,2580.0,,3230,2,standard_2,楽天,はずれ,False,False,https://www.amazon.co.jp/dp/B0F4XRC77D,楽天最安 JAN=0762949691861,
390,B0CSSDZGW3,home_kitchen,4901601180244,貝印 KAI コルク がキレイに抜ける ワイン オープナー 収納 便利 キャップ 付 KAI KITCHEN 日本製 D,1027.0,,3231,8,small,Yahoo,はずれ,False,False,https://www.amazon.co.jp/dp/B0CSSDZGW3,Yahoo最安 JAN=4901601180244,
391,B00PX8HHCI,home_kitchen,4901601292572,貝印 KAI ワインオープナー Kai House Select ウィング 日本製 DH7257,2225.0,,2793,3,small,Yahoo,あやしい,False,False,https://www.amazon.co.jp/dp/B00PX8HHCI,Yahoo最安 JAN=4901601292572,
392,B0CSSP7FML,home_kitchen,4901601180183,貝印 KAI ワイン オープナー コルク スクリュー ソムリエ KAI KITCHEN DH8221,1127.0,,3231,9,small,楽天,はずれ,False,False,https://www.amazon.co.jp/dp/B0CSSP7FML,楽天最安 JAN=4901601180183,
393,B00PX8HB2Y,home_kitchen,4901601291834,貝印 KAI ワインオープナー まわすと抜ける コルク抜き Kai House Select,2970.0,,2793,3,small,Yahoo,原石,True,True,https://www.amazon.co.jp/dp/B00PX8HB2Y,Yahoo最安 JAN=4901601291834,
394,B00PX8HMQE,home_kitchen,4901601291827,貝印 KAI ソムリエナイフ Kai House Select DH7182,1470.0,,3231,6,small,Yahoo,はずれ,False,False,https://www.amazon.co.jp/dp/B00PX8HMQE,Yahoo最安 JAN=4901601291827,
395,B00PX8HLC4,home_kitchen,4901601291858,貝印 KAI ワインコルク抜き Kai House Select ウィング DH7185,1743.0,,3231,7,small,Yahoo,はずれ,False,False,https://www.amazon.co.jp/dp/B00PX8HLC4,Yahoo最安 JAN=4901601291858,
396,B00PX8HHBE,home_kitchen,4901601292589,貝印 Kai House SELECT ワインコルクスクリュー(ソムリエ),1239.0,,2793,5,small,Yahoo,はずれ,False,False,https://www.amazon.co.jp/dp/B00PX8HHBE,Yahoo最安 JAN=4901601292589,
397,B0C31VXZSY,home_kitchen,4901601180145,貝印 KAI まわすと 抜ける コルク抜き KAI KITCHEN DH8217,1155.0,,2793,7,standard_1,Yahoo,はずれ,False,False,https://www.amazon.co.jp/dp/B0C31VXZSY,Yahoo最安 JAN=4901601180145,
398,B0H5J156YK,home_kitchen,0753252152194,ハンディファン 冷却プレート付き 【-25℃瞬間冷却・100段階風量調節】 携帯扇風機 最大15m/s強風 6800mA,3280.0,,3236,2,standard_1,,,False,False,https://www.amazon.co.jp/dp/B0H5J156YK,,
399,B0H5J3VDF5,home_kitchen,0753252152217,ハンディファン 冷却プレート付き 【-25℃瞬間冷却・100段階風量調節】 携帯扇風機 最大15m/s強風 6800mA,3280.0,,3236,2,standard_1,,,False,False,https://www.amazon.co.jp/dp/B0H5J3VDF5,,
400,B0FG7ZN1C3,home_kitchen,4967576790260,アイリスオーヤマ 組立簡単 連結スチールラック用棚板 幅:56cm KRSRT-560 ヴィンテージブラウン,2500.0,,2562,5,standard_2,Yahoo,はずれ,False,False,https://www.amazon.co.jp/dp/B0FG7ZN1C3,Yahoo最安 JAN=4967576790260,
401,B0FG83Z8C4,home_kitchen,4967576790284,アイリスオーヤマ 組立簡単 連結スチールラック用棚板 幅:36cm KRSRT-360 ナチュラルオーク,1970.0,,2562,5,standard_2,Yahoo,はずれ,False,False,https://www.amazon.co.jp/dp/B0FG83Z8C4,Yahoo最安 JAN=4967576790284,
402,B0FG7ZN1C4,home_kitchen,4967576790277,アイリスオーヤマ 組立簡単 連結スチールラック用棚板 幅:56cm KRSRT-560 ホワイト,2500.0,,2562,5,standard_2,Yahoo,はずれ,False,False,https://www.amazon.co.jp/dp/B0FG7ZN1C4,Yahoo最安 JAN=4967576790277,
403,B00PLFX3A8,home_kitchen,4903779459900,和平フレイズ サラダスピナー 野菜水切り器 キッチンアシスト 24cm 下ごしらえ 野菜 麺 マカロニ KR-7339,1881.0,,3242,5,standard_2,楽天,あやしい,True,True,https://www.amazon.co.jp/dp/B00PLFX3A8,楽天最安 JAN=4903779459900,
404,B00HZ8S08O,home_kitchen,4580297859063,王様の足枕 (超極小ビーズ素材 ムニュふわ～の新感覚！) (レッド),2860.0,,3245,3,standard_1,Yahoo,はずれ,False,False,https://www.amazon.co.jp/dp/B00HZ8S08O,Yahoo最安 JAN=4580297859063,
405,B00HZ8S0D4,home_kitchen,4580297859094,王様の足枕 (超極小ビーズ素材 ムニュふわ～の新感覚！) (ネイビー),2860.0,,2708,5,standard_1,Yahoo,はずれ,False,False,https://www.amazon.co.jp/dp/B00HZ8S0D4,Yahoo最安 JAN=4580297859094,
406,B0091GCSTU,home_kitchen,4580297859087,王様の足枕 (超極小ビーズ素材 ムニュふわ～の新感覚！) (グリーン),2860.0,,3245,4,standard_1,楽天,はずれ,False,False,https://www.amazon.co.jp/dp/B0091GCSTU,楽天最安 JAN=4580297859087,
407,B0091GCSOK,home_kitchen,4580297859070,王様の足枕 (超極小ビーズ素材 ムニュふわ～の新感覚！) (ブラウン),2860.0,,3245,4,standard_1,Yahoo,はずれ,False,False,https://www.amazon.co.jp/dp/B0091GCSOK,Yahoo最安 JAN=4580297859070,
408,B0F4W7JW4C,home_kitchen,4977449014294,北陸アルミ いため鍋 32cm 軽量 ガス火 日本製 シリーズ最軽量化 全面均一加熱 時短フライパン 丈夫 frying,4980.0,,3246,7,large_2,Yahoo,はずれ,False,False,https://www.amazon.co.jp/dp/B0F4W7JW4C,Yahoo最安 JAN=4977449014294,
409,B07DNPFHW3,home_kitchen,4580355375078,スタイルド LED電球 口金直径17mm 電球40W形相当 昼光色 4.4W 6個セット 小形電球・広配光タイプ 密閉器,2299.0,,3355,2,standard_1,Yahoo,はずれ,False,False,https://www.amazon.co.jp/dp/B07DNPFHW3,Yahoo最安 JAN=4580355375078,
410,B0F4W93HW7,home_kitchen,4977449014300,北陸アルミ 卵焼き 20×21cm 軽量 ガス火 日本製 シリーズ最軽量化 全面均一加熱 時短フライパン 丈夫 fryi,4880.0,,3246,2,large_2,Yahoo,はずれ,False,False,https://www.amazon.co.jp/dp/B0F4W93HW7,Yahoo最安 JAN=4977449014300,
411,B0FBR6RZGS,home_kitchen,4901029137769,アサヒ興洋 どんぶり 羽反全木目 飴色 3個セット 食洗機対応 電子レンジ対応 日本製 AZ23-15,1780.0,,3688,2,standard_1,,,False,False,https://www.amazon.co.jp/dp/B0FBR6RZGS,,
412,B0FGD7GWSY,home_kitchen,4904710443989,【パッキン一体型・食洗機対応】 タイガー魔法瓶(TIGER) スープジャー 500ml 保温 保冷 軽量 広口 洗いやす,3240.0,,4001,6,standard_1,Yahoo,はずれ,False,False,https://www.amazon.co.jp/dp/B0FGD7GWSY,Yahoo最安 JAN=4904710443989,
413,B0FGD5C8HQ,home_kitchen,4904710444009,【パッキン一体型・食洗機対応】 タイガー魔法瓶(TIGER) スープジャー 750ml 保温 保冷 軽量 広口 洗いやす,3318.0,,3249,5,standard_1,楽天,はずれ,False,False,https://www.amazon.co.jp/dp/B0FGD5C8HQ,楽天最安 JAN=4904710444009,
414,B0GF6863HP,home_kitchen,4904710450383,【持ち運び便利】タイガー魔法瓶(TIGER) 真空断熱スープジャー MKL型純正ポーチ 750ml対応 保温効力アップ ,2009.0,,3249,4,small,Yahoo,はずれ,False,False,https://www.amazon.co.jp/dp/B0GF6863HP,Yahoo最安 JAN=4904710450383,
415,B0FGD6GDTT,home_kitchen,4904710443965,【パッキン一体型・食洗機対応】 タイガー魔法瓶(TIGER) スープジャー 400ml 保温 保冷 軽量 広口 洗いやす,3173.0,,4001,5,standard_1,Yahoo,はずれ,False,False,https://www.amazon.co.jp/dp/B0FGD6GDTT,Yahoo最安 JAN=4904710443965,
416,B0FGD639QB,home_kitchen,4904710443996,【パッキン一体型・食洗機対応】 タイガー魔法瓶(TIGER) スープジャー 500ml 保温 保冷 軽量 広口 洗いやす,3300.0,,3249,8,standard_1,楽天,はずれ,False,False,https://www.amazon.co.jp/dp/B0FGD639QB,楽天最安 JAN=4904710443996,
417,B0GF63RC36,home_kitchen,4904710450338,【持ち運び便利】タイガー魔法瓶(TIGER) 真空断熱スープジャー MKL型純正ポーチ 400ml/500ml対応 保温,1927.0,,3249,3,small,Yahoo,はずれ,False,False,https://www.amazon.co.jp/dp/B0GF63RC36,Yahoo最安 JAN=4904710450338,
418,B0FGD5Y74N,home_kitchen,4904710443958,【パッキン一体型・食洗機対応】 タイガー魔法瓶(TIGER) スープジャー 400ml 保温 保冷 軽量 広口 洗いやす,3140.0,,3249,6,standard_1,Yahoo,はずれ,False,False,https://www.amazon.co.jp/dp/B0FGD5Y74N,Yahoo最安 JAN=4904710443958,
419,B0FGD6ZNXH,home_kitchen,4904710443941,【パッキン一体型・食洗機対応】 タイガー魔法瓶(TIGER) スープジャー 400ml 保温 保冷 軽量 広口 洗いやす,3140.0,,3249,6,standard_1,Yahoo,はずれ,False,False,https://www.amazon.co.jp/dp/B0FGD6ZNXH,Yahoo最安 JAN=4904710443941,
420,B0GF6GQFG8,home_kitchen,4904710450376,【持ち運び便利】タイガー魔法瓶(TIGER) 真空断熱スープジャー MKL型純正ポーチ 750ml対応 保温効力アップ ,2009.0,,3249,4,small,楽天,はずれ,False,False,https://www.amazon.co.jp/dp/B0GF6GQFG8,楽天最安 JAN=4904710450376,
421,B0GF5ZZTBT,home_kitchen,4904710450352,【持ち運び便利】タイガー魔法瓶(TIGER) 真空断熱スープジャー MKL型純正ポーチ 400ml/500ml対応 保温,1927.0,,3249,3,small,Yahoo,はずれ,False,False,https://www.amazon.co.jp/dp/B0GF5ZZTBT,Yahoo最安 JAN=4904710450352,
422,B0FGD5ZLBK,home_kitchen,4904710444016,【パッキン一体型・食洗機対応】 タイガー魔法瓶(TIGER) スープジャー 750ml 保温 保冷 軽量 広口 洗いやす,3318.0,,3249,7,standard_1,楽天,はずれ,False,False,https://www.amazon.co.jp/dp/B0FGD5ZLBK,楽天最安 JAN=4904710444016,
423,B0FGD635KK,home_kitchen,4904710444023,【パッキン一体型・食洗機対応】 タイガー魔法瓶(TIGER) スープジャー 750ml 保温 保冷 軽量 広口 洗いやす,3318.0,,3249,7,standard_1,楽天,はずれ,False,False,https://www.amazon.co.jp/dp/B0FGD635KK,楽天最安 JAN=4904710444023,
424,B0FGD7THDX,home_kitchen,4904710443972,【パッキン一体型・食洗機対応】 タイガー魔法瓶(TIGER) スープジャー 500ml 保温 保冷 軽量 広口 洗いやす,3300.0,,3249,8,standard_1,楽天,はずれ,False,False,https://www.amazon.co.jp/dp/B0FGD7THDX,楽天最安 JAN=4904710443972,
425,B0GF6XFXD6,home_kitchen,4904710450345,【持ち運び便利】タイガー魔法瓶(TIGER) 真空断熱スープジャー MKL型純正ポーチ 400ml/500ml対応 保温,1927.0,,3249,3,small,Yahoo,はずれ,False,False,https://www.amazon.co.jp/dp/B0GF6XFXD6,Yahoo最安 JAN=4904710450345,
426,B0GF67V46G,home_kitchen,4904710450369,【持ち運び便利】タイガー魔法瓶(TIGER) 真空断熱スープジャー MKL型純正ポーチ 750ml対応 保温効力アップ ,2009.0,,3249,4,small,Yahoo,はずれ,False,False,https://www.amazon.co.jp/dp/B0GF67V46G,Yahoo最安 JAN=4904710450369,
427,B01B145AUI,home_kitchen,4957423069052,下村企販 調理台保護シート 半透明 46×36cm シリコンマット キズ防止 大理石やステンレス製のキッチンに まな板の,1873.0,,3728,5,small,Yahoo,はずれ,False,False,https://www.amazon.co.jp/dp/B01B145AUI,Yahoo最安 JAN=4957423069052,
428,B08VXG84JN,home_kitchen,4977369612051,デイリーアロマ リードディフューザー 瀬戸内レモンの香り 120ｍL,1829.0,,3624,4,standard_1,Yahoo,はずれ,False,False,https://www.amazon.co.jp/dp/B08VXG84JN,Yahoo最安 JAN=4977369612051,
429,B0D9VW12W3,home_kitchen,4977369632363,デイリーアロマ 富士山ぶどう リードディフューザー マスカットの香り 120ｍL,1778.0,,3250,5,standard_1,Yahoo,はずれ,False,False,https://www.amazon.co.jp/dp/B0D9VW12W3,Yahoo最安 JAN=4977369632363,
430,B0D2HGDLFW,home_kitchen,4977369632356,デイリーアロマ 日本製 リードディフューザー 桃の香り 120ｍL | デイリーアロマジャパン,1782.0,,3250,4,small,楽天,はずれ,False,False,https://www.amazon.co.jp/dp/B0D2HGDLFW,楽天最安 JAN=4977369632356,
431,B08H2K7K12,home_kitchen,4977369610156,デイリーアロマ 高知県YUZU 消臭リードディフューザー 120mL 柚子の香り,1689.0,,3250,4,standard_1,楽天,はずれ,False,False,https://www.amazon.co.jp/dp/B08H2K7K12,楽天最安 JAN=4977369610156,
432,B0BQPXXR2R,home_kitchen,4957423094702,下村企販 泡立て器 25cm 【日本製】 食洗器対応 泡立ちがはやい 線材24本 きめ細かな泡立ち 持ちやすい 製菓用 ,1980.0,,3251,2,small,Yahoo,はずれ,False,False,https://www.amazon.co.jp/dp/B0BQPXXR2R,Yahoo最安 JAN=4957423094702,
433,B0BQQ5M8QH,home_kitchen,4957423094719,下村企販 泡立て器 30cm 【日本製】 食洗器対応 泡立ちがはやい 線材24本 きめ細かな泡立ち 持ちやすい 製菓用 ,2690.0,,3251,2,standard_1,Yahoo,はずれ,False,False,https://www.amazon.co.jp/dp/B0BQQ5M8QH,Yahoo最安 JAN=4957423094719,
434,B0BQQ53HGJ,home_kitchen,4957423094726,下村企販 泡立て器 35cm 【日本製】 食洗器対応 泡立ちがはやい 線材24本 きめ細かな泡立ち 持ちやすい 製菓用 ,2420.0,,3728,2,standard_1,Yahoo,はずれ,False,False,https://www.amazon.co.jp/dp/B0BQQ53HGJ,Yahoo最安 JAN=4957423094726,
435,B08T1LPV7Y,home_kitchen,4573306866152,フードマン 弁当箱 立てて運べる 薄型弁当箱 800ml [ 抗菌 ] アッシュブラウン 汁漏れしにくい Wシーリング ,1345.0,,3254,2,standard_1,Yahoo,はずれ,False,False,https://www.amazon.co.jp/dp/B08T1LPV7Y,Yahoo最安 JAN=4573306866152,
436,B0B3X8BGGQ,home_kitchen,4580355378307,スタイルド LED電球 2個セット E17 昼光色 60W形相当 調光器対応 ミニクリプトン形 広配光タイプ 密閉器具対,1196.0,,3355,2,small,Yahoo,はずれ,False,False,https://www.amazon.co.jp/dp/B0B3X8BGGQ,Yahoo最安 JAN=4580355378307,
437,B07DNGRLTL,home_kitchen,4580355375061,スタイルド(STYLED) LED電球 口金直径17mm 電球40W形相当 電球色 4.8W 6個セット 小形電球・広配,2299.0,,3355,2,standard_1,Yahoo,はずれ,False,False,https://www.amazon.co.jp/dp/B07DNGRLTL,Yahoo最安 JAN=4580355375061,
438,B0B3X8ZKH1,home_kitchen,4580355378291,スタイルド LED電球 2個セット E17 電球色 40W形相当 調光器対応 ミニクリプトン形 広配光タイプ 密閉器具対,1198.0,,3355,2,small,Yahoo,はずれ,False,False,https://www.amazon.co.jp/dp/B0B3X8ZKH1,Yahoo最安 JAN=4580355378291,
439,B0B3X71KLR,home_kitchen,4580355378284,スタイルド LED電球 2個セット E17 昼光色 40W形相当 調光器対応 ミニクリプトン形 広配光タイプ 密閉器具対,1198.0,,3256,2,small,Yahoo,はずれ,False,False,https://www.amazon.co.jp/dp/B0B3X71KLR,Yahoo最安 JAN=4580355378284,
440,B0B3X9S9TL,home_kitchen,4580355378116,スタイルド LED電球 6個セット E17 昼光色 60W形相当 ミニクリプトン形 広配光タイプ 密閉器具対応 HA6T,2754.0,,3256,2,standard_1,Yahoo,はずれ,False,False,https://www.amazon.co.jp/dp/B0B3X9S9TL,Yahoo最安 JAN=4580355378116,
441,B0B3X9DKBJ,home_kitchen,4580355378147,スタイルド LED電球 6個セット E17 電球色 60W形相当 ミニクリプトン形 広配光タイプ 密閉器具対応 HA6T,2754.0,,3256,2,standard_1,Yahoo,はずれ,False,False,https://www.amazon.co.jp/dp/B0B3X9DKBJ,Yahoo最安 JAN=4580355378147,
442,B0B3XBGQG5,home_kitchen,4580355378079,スタイルド LED電球 6個セット E17 電球色 60W形相当 調光器対応 ミニクリプトン形 広配光タイプ 密閉器具対,3498.0,,3256,2,standard_1,Yahoo,はずれ,False,False,https://www.amazon.co.jp/dp/B0B3XBGQG5,Yahoo最安 JAN=4580355378079,
443,B0B3XB3BYK,home_kitchen,4580355378055,スタイルド LED電球 6個セット E17 昼光色 60W形相当 調光器対応 ミニクリプトン形 広配光タイプ 密閉器具対,3498.0,,3256,2,standard_1,Yahoo,はずれ,False,False,https://www.amazon.co.jp/dp/B0B3XB3BYK,Yahoo最安 JAN=4580355378055,
444,B0B3X8VJLS,home_kitchen,4580355378314,スタイルド LED電球 2個セット E17 電球色 60W形相当 調光器対応 ミニクリプトン形 広配光タイプ 密閉器具対,1298.0,,3256,2,small,Yahoo,はずれ,False,False,https://www.amazon.co.jp/dp/B0B3X8VJLS,Yahoo最安 JAN=4580355378314,
445,B0B3X7H9BK,home_kitchen,4580355378338,スタイルド LED電球 2個セット E17 電球色 60W形相当 ミニクリプトン形 広配光タイプ 密閉器具対応 HA6T,1198.0,,3256,2,small,Yahoo,はずれ,False,False,https://www.amazon.co.jp/dp/B0B3X7H9BK,Yahoo最安 JAN=4580355378338,
446,B0B3X9C1FL,home_kitchen,4580355378031,スタイルド LED電球 6個セット E17 電球色 40W形相当 調光器対応 ミニクリプトン形 広配光タイプ 密閉器具対,2994.0,,3256,2,standard_1,Yahoo,はずれ,False,False,https://www.amazon.co.jp/dp/B0B3X9C1FL,Yahoo最安 JAN=4580355378031,
447,B0B3XBL5TL,home_kitchen,4580355378017,スタイルド LED電球 E17 昼光色 40W形相当 調光器対応 6個セット ミニクリプトン形 広配光タイプ 密閉器具対,2994.0,,3256,2,standard_1,Yahoo,はずれ,False,False,https://www.amazon.co.jp/dp/B0B3XBL5TL,Yahoo最安 JAN=4580355378017,
448,B0B3XC6FWD,home_kitchen,4580355378321,スタイルド LED電球 2個セット E17 昼光色 60W形相当 ミニクリプトン形 広配光タイプ 密閉器具対応 HA6T,1128.0,,3256,2,small,楽天,はずれ,False,False,https://www.amazon.co.jp/dp/B0B3XC6FWD,楽天最安 JAN=4580355378321,
449,B0FBR7ZHVW,home_kitchen,4901029137745,アサヒ興洋 どんぶり 羽反全木目 朱色 3個セット 食洗機対応 電子レンジ対応 日本製 AZ23-13,1780.0,,3257,2,standard_1,,,False,False,https://www.amazon.co.jp/dp/B0FBR7ZHVW,,
450,B0FBR5T2QS,home_kitchen,4901029137721,アサヒ興洋 お椀 羽反全木目 飴色 3個セット 食洗機対応 電子レンジ対応 日本製 AZ23-11,1700.0,,3257,2,standard_1,Yahoo,はずれ,False,False,https://www.amazon.co.jp/dp/B0FBR5T2QS,Yahoo最安 JAN=4901029137721,
451,B0FSS3FXYL,drugstore,,【ミレディ公式店】カラコン melady ミレディ ワンデー 1day 大谷映美里 みりにゃ 10枚入り ライアーピンク,1351.0,,2489,2,small,,,False,False,https://www.amazon.co.jp/dp/B0FSS3FXYL,,
452,B0FSSNN9NV,drugstore,,【ミレディ公式店】カラコン melady ミレディ ワンデー 1day 大谷映美里 みりにゃ 10枚入り ライアーピンク,1351.0,,2489,2,small,,,False,False,https://www.amazon.co.jp/dp/B0FSSNN9NV,,
453,B0FSSM39MT,drugstore,,【ミレディ公式店】カラコン melady ミレディ ワンデー 1day 大谷映美里 みりにゃ 10枚入り ライアーピンク,1351.0,,2489,2,small,,,False,False,https://www.amazon.co.jp/dp/B0FSSM39MT,,
454,B0FSSJG1BG,drugstore,,【ミレディ公式店】カラコン melady ミレディ ワンデー 1day 大谷映美里 みりにゃ 10枚入り レディブラック,1351.0,,2489,2,small,,,False,False,https://www.amazon.co.jp/dp/B0FSSJG1BG,,
455,B0FSSF1QS7,drugstore,,【ミレディ公式店】カラコン melady ミレディ ワンデー 1day 大谷映美里 みりにゃ 10枚入り ライアーピンク,1351.0,,2489,2,small,,,False,False,https://www.amazon.co.jp/dp/B0FSSF1QS7,,
456,B0FSSNWNDW,drugstore,,【ミレディ公式店】カラコン melady ミレディ ワンデー 1day 大谷映美里 みりにゃ 10枚入り レディブラック,1351.0,,2489,2,small,,,False,False,https://www.amazon.co.jp/dp/B0FSSNWNDW,,
457,B0FSSLQR7D,drugstore,,【ミレディ公式店】カラコン melady ミレディ ワンデー 1day 大谷映美里 みりにゃ 10枚入り アイドルリング,1351.0,,2489,2,small,,,False,False,https://www.amazon.co.jp/dp/B0FSSLQR7D,,
458,B0G5PHSVVY,drugstore,,【ミレディ公式店】カラコン melady ミレディ ワンデー 1day 大谷映美里 みりにゃ 10枚入り マーメイドリン,1351.0,,2489,2,small,,,False,False,https://www.amazon.co.jp/dp/B0G5PHSVVY,,
459,B0FSSMBNFH,drugstore,,【ミレディ公式店】カラコン melady ミレディ ワンデー 1day 大谷映美里 みりにゃ 10枚入り プリンセスショ,1351.0,,2489,2,small,,,False,False,https://www.amazon.co.jp/dp/B0FSSMBNFH,,
460,B0G5PKDFXC,drugstore,,【ミレディ公式店】カラコン melady ミレディ ワンデー 1day 大谷映美里 みりにゃ 10枚入り マーメイドリン,1351.0,,2489,2,small,,,False,False,https://www.amazon.co.jp/dp/B0G5PKDFXC,,
461,B0FSSJKTMH,drugstore,,【ミレディ公式店】カラコン melady ミレディ ワンデー 1day 大谷映美里 みりにゃ 10枚入り プリンセスショ,1351.0,,2489,2,small,,,False,False,https://www.amazon.co.jp/dp/B0FSSJKTMH,,
462,B0FSSL6274,drugstore,,【ミレディ公式店】カラコン melady ミレディ ワンデー 1day 大谷映美里 みりにゃ 10枚入り ミレディブラウ,1351.0,,2489,2,small,,,False,False,https://www.amazon.co.jp/dp/B0FSSL6274,,
463,B0FSS3B4DR,drugstore,,【ミレディ公式店】カラコン melady ミレディ ワンデー 1day 大谷映美里 みりにゃ 10枚入り ミレディブラウ,1351.0,,2489,2,small,,,False,False,https://www.amazon.co.jp/dp/B0FSS3B4DR,,
464,B0FSSFJPZ1,drugstore,,【ミレディ公式店】カラコン melady ミレディ ワンデー 1day 大谷映美里 みりにゃ 10枚入り ライアーピンク,1351.0,,2489,2,small,,,False,False,https://www.amazon.co.jp/dp/B0FSSFJPZ1,,
465,B0G5PMYFM9,drugstore,,【ミレディ公式店】カラコン melady ミレディ ワンデー 1day 大谷映美里 みりにゃ 10枚入り マリアリング ,1351.0,,2489,2,small,,,False,False,https://www.amazon.co.jp/dp/B0G5PMYFM9,,
466,B0G5PDTSY7,drugstore,,【ミレディ公式店】カラコン melady ミレディ ワンデー 1day 大谷映美里 みりにゃ 10枚入り マリアリング ,1351.0,,2489,2,small,,,False,False,https://www.amazon.co.jp/dp/B0G5PDTSY7,,
467,B0FSSHX15T,drugstore,,【ミレディ公式店】カラコン melady ミレディ ワンデー 1day 大谷映美里 みりにゃ 10枚入り レディブラック,1351.0,,2489,2,small,,,False,False,https://www.amazon.co.jp/dp/B0FSSHX15T,,
468,B0FSSKNDD3,drugstore,,【ミレディ公式店】カラコン melady ミレディ ワンデー 1day 大谷映美里 みりにゃ 10枚入り アイドルリング,1351.0,,2489,2,small,,,False,False,https://www.amazon.co.jp/dp/B0FSSKNDD3,,
469,B0G5PTNWYB,drugstore,,【ミレディ公式店】カラコン melady ミレディ ワンデー 1day 大谷映美里 みりにゃ 10枚入り マリアリング ,1351.0,,2489,2,small,,,False,False,https://www.amazon.co.jp/dp/B0G5PTNWYB,,
470,B0FSSJBRN8,drugstore,,【ミレディ公式店】カラコン melady ミレディ ワンデー 1day 大谷映美里 みりにゃ 10枚入り ミレディブラウ,1351.0,,2489,2,small,,,False,False,https://www.amazon.co.jp/dp/B0FSSJBRN8,,
471,B0G5PKYYNF,drugstore,,【ミレディ公式店】カラコン melady ミレディ ワンデー 1day 大谷映美里 みりにゃ 10枚入り マーメイドリン,1451.0,,2489,2,small,,,False,False,https://www.amazon.co.jp/dp/B0G5PKYYNF,,
472,B0FSSLFS1P,drugstore,,【ミレディ公式店】カラコン melady ミレディ ワンデー 1day 大谷映美里 みりにゃ 10枚入り アイドルリング,1351.0,,2489,2,small,,,False,False,https://www.amazon.co.jp/dp/B0FSSLFS1P,,
473,B0G5PPV9N5,drugstore,,【ミレディ公式店】カラコン melady ミレディ ワンデー 1day 大谷映美里 みりにゃ 10枚入り マーメイドリン,1351.0,,2489,2,small,,,False,False,https://www.amazon.co.jp/dp/B0G5PPV9N5,,
474,B0G5PZ2L7Z,drugstore,,【ミレディ公式店】カラコン melady ミレディ ワンデー 1day 大谷映美里 みりにゃ 10枚入り マリアリング ,1351.0,,2489,2,small,,,False,False,https://www.amazon.co.jp/dp/B0G5PZ2L7Z,,
475,B0FSS3713V,drugstore,,【ミレディ公式店】カラコン melady ミレディ ワンデー 1day 大谷映美里 みりにゃ 10枚入り ライアーピンク,1351.0,,2489,2,small,,,False,False,https://www.amazon.co.jp/dp/B0FSS3713V,,
476,B0FSS392VP,drugstore,,【ミレディ公式店】カラコン melady ミレディ ワンデー 1day 大谷映美里 みりにゃ 10枚入り プリンセスショ,1351.0,,2489,2,small,,,False,False,https://www.amazon.co.jp/dp/B0FSS392VP,,
477,B0FSSKLKHY,drugstore,,【ミレディ公式店】カラコン melady ミレディ ワンデー 1day 大谷映美里 みりにゃ 10枚入り アイドルリング,1351.0,,2489,2,small,,,False,False,https://www.amazon.co.jp/dp/B0FSSKLKHY,,
478,B0G5PDSZWV,drugstore,,【ミレディ公式店】カラコン melady ミレディ ワンデー 1day 大谷映美里 みりにゃ 10枚入り マーメイドリン,1351.0,,2489,2,small,,,False,False,https://www.amazon.co.jp/dp/B0G5PDSZWV,,
479,B0G5PN5GW6,drugstore,,【ミレディ公式店】カラコン melady ミレディ ワンデー 1day 大谷映美里 みりにゃ 10枚入り マーメイドリン,1351.0,,2489,2,small,,,False,False,https://www.amazon.co.jp/dp/B0G5PN5GW6,,
480,B0FSSGFWJZ,drugstore,,【ミレディ公式店】カラコン melady ミレディ ワンデー 1day 大谷映美里 みりにゃ 10枚入り ライアーピンク,1351.0,,2489,2,small,,,False,False,https://www.amazon.co.jp/dp/B0FSSGFWJZ,,
481,B0G5Q33CCF,drugstore,,【ミレディ公式店】カラコン melady ミレディ ワンデー 1day 大谷映美里 みりにゃ 10枚入り マーメイドリン,1351.0,,2489,2,small,,,False,False,https://www.amazon.co.jp/dp/B0G5Q33CCF,,
482,B0FSSJXK69,drugstore,,【ミレディ公式店】カラコン melady ミレディ ワンデー 1day 大谷映美里 みりにゃ 10枚入り アイドルリング,1351.0,,2489,2,small,,,False,False,https://www.amazon.co.jp/dp/B0FSSJXK69,,
483,B0G5PN4JZ5,drugstore,,【ミレディ公式店】カラコン melady ミレディ ワンデー 1day 大谷映美里 みりにゃ 10枚入り マリアリング ,1351.0,,2489,2,small,,,False,False,https://www.amazon.co.jp/dp/B0G5PN4JZ5,,
484,B0FSSH5LFD,drugstore,,【ミレディ公式店】カラコン melady ミレディ ワンデー 1day 大谷映美里 みりにゃ 10枚入り ライアーピンク,1351.0,,2489,2,small,,,False,False,https://www.amazon.co.jp/dp/B0FSSH5LFD,,
485,B0FSSLWZ4S,drugstore,,【ミレディ公式店】カラコン melady ミレディ ワンデー 1day 大谷映美里 みりにゃ 10枚入り プリンセスショ,1351.0,,2489,2,small,,,False,False,https://www.amazon.co.jp/dp/B0FSSLWZ4S,,
486,B0G5PTV9T7,drugstore,,【ミレディ公式店】カラコン melady ミレディ ワンデー 1day 大谷映美里 みりにゃ 10枚入り マリアリング ,1351.0,,2489,2,small,,,False,False,https://www.amazon.co.jp/dp/B0G5PTV9T7,,
487,B0G5PN4JZ3,drugstore,,【ミレディ公式店】カラコン melady ミレディ ワンデー 1day 大谷映美里 みりにゃ 10枚入り マリアリング ,1351.0,,2489,2,small,,,False,False,https://www.amazon.co.jp/dp/B0G5PN4JZ3,,
488,B0FSSML95J,drugstore,,【ミレディ公式店】カラコン melady ミレディ ワンデー 1day 大谷映美里 みりにゃ 10枚入り アイドルリング,1351.0,,2489,2,small,,,False,False,https://www.amazon.co.jp/dp/B0FSSML95J,,
489,B0FSSLL5N7,drugstore,,【ミレディ公式店】カラコン melady ミレディ ワンデー 1day 大谷映美里 みりにゃ 10枚入り ミレディブラウ,1351.0,,2489,2,small,,,False,False,https://www.amazon.co.jp/dp/B0FSSLL5N7,,
490,B0FSS3B4DS,drugstore,,【ミレディ公式店】カラコン melady ミレディ ワンデー 1day 大谷映美里 みりにゃ 10枚入り ミレディブラウ,1351.0,,2489,2,small,,,False,False,https://www.amazon.co.jp/dp/B0FSS3B4DS,,
491,B0G5PWWBJB,drugstore,,【ミレディ公式店】カラコン melady ミレディ ワンデー 1day 大谷映美里 みりにゃ 10枚入り マーメイドリン,1351.0,,2489,2,small,,,False,False,https://www.amazon.co.jp/dp/B0G5PWWBJB,,
492,B0FSS36NGS,drugstore,,【ミレディ公式店】カラコン melady ミレディ ワンデー 1day 大谷映美里 みりにゃ 10枚入り プリンセスショ,1351.0,,2489,2,small,,,False,False,https://www.amazon.co.jp/dp/B0FSS36NGS,,
493,B0G5PGPQ9N,drugstore,,【ミレディ公式店】カラコン melady ミレディ ワンデー 1day 大谷映美里 みりにゃ 10枚入り マリアリング ,1351.0,,2489,2,small,,,False,False,https://www.amazon.co.jp/dp/B0G5PGPQ9N,,
494,B0FSSKG3H4,drugstore,,【ミレディ公式店】カラコン melady ミレディ ワンデー 1day 大谷映美里 みりにゃ 10枚入り プリンセスショ,1351.0,,2489,2,small,,,False,False,https://www.amazon.co.jp/dp/B0FSSKG3H4,,
495,B0FSSH5LFP,drugstore,,【ミレディ公式店】カラコン melady ミレディ ワンデー 1day 大谷映美里 みりにゃ 10枚入り レディブラック,1351.0,,2489,2,small,,,False,False,https://www.amazon.co.jp/dp/B0FSSH5LFP,,
496,B0G5Q3167L,drugstore,,【ミレディ公式店】カラコン melady ミレディ ワンデー 1day 大谷映美里 みりにゃ 10枚入り マリアリング ,1351.0,,2489,2,small,,,False,False,https://www.amazon.co.jp/dp/B0G5Q3167L,,
497,B0FSSJ38RV,drugstore,,【ミレディ公式店】カラコン melady ミレディ ワンデー 1day 大谷映美里 みりにゃ 10枚入り レディブラック,1351.0,,2489,2,small,,,False,False,https://www.amazon.co.jp/dp/B0FSSJ38RV,,
498,B0FSS385ML,drugstore,,【ミレディ公式店】カラコン melady ミレディ ワンデー 1day 大谷映美里 みりにゃ 10枚入り プリンセスショ,1351.0,,2489,2,small,,,False,False,https://www.amazon.co.jp/dp/B0FSS385ML,,
499,B0FSSJ16J5,drugstore,,【ミレディ公式店】カラコン melady ミレディ ワンデー 1day 大谷映美里 みりにゃ 10枚入り ミレディブラウ,1351.0,,2489,2,small,,,False,False,https://www.amazon.co.jp/dp/B0FSSJ16J5,,
500,B0FSS3CL1G,drugstore,,【ミレディ公式店】カラコン melady ミレディ ワンデー 1day 大谷映美里 みりにゃ 10枚入り プリンセスショ,1351.0,,2489,2,small,,,False,False,https://www.amazon.co.jp/dp/B0FSS3CL1G,,
501,B0FSSH6XWZ,drugstore,,【ミレディ公式店】カラコン melady ミレディ ワンデー 1day 大谷映美里 みりにゃ 10枚入り レディブラック,1351.0,,2489,2,small,,,False,False,https://www.amazon.co.jp/dp/B0FSSH6XWZ,,
502,B0FSSKZL6D,drugstore,,【ミレディ公式店】カラコン melady ミレディ ワンデー 1day 大谷映美里 みりにゃ 10枚入り アイドルリング,1351.0,,2489,2,small,,,False,False,https://www.amazon.co.jp/dp/B0FSSKZL6D,,
503,B0FSSD63D9,drugstore,,【ミレディ公式店】カラコン melady ミレディ ワンデー 1day 大谷映美里 みりにゃ 10枚入り レディブラック,1351.0,,2489,2,small,,,False,False,https://www.amazon.co.jp/dp/B0FSSD63D9,,
504,B0FSSM5GCZ,drugstore,,【ミレディ公式店】カラコン melady ミレディ ワンデー 1day 大谷映美里 みりにゃ 10枚入り ミレディブラウ,1351.0,,2489,2,small,,,False,False,https://www.amazon.co.jp/dp/B0FSSM5GCZ,,
505,B0FSSJ6F39,drugstore,,【ミレディ公式店】カラコン melady ミレディ ワンデー 1day 大谷映美里 みりにゃ 10枚入り レディブラック,1351.0,,2489,2,small,,,False,False,https://www.amazon.co.jp/dp/B0FSSJ6F39,,
506,B0FSSHC4HL,drugstore,,【ミレディ公式店】カラコン melady ミレディ ワンデー 1day 大谷映美里 みりにゃ 10枚入り アイドルリング,1351.0,,2489,2,small,,,False,False,https://www.amazon.co.jp/dp/B0FSSHC4HL,,
507,B0FSSJ7XBM,drugstore,,【ミレディ公式店】カラコン melady ミレディ ワンデー 1day 大谷映美里 みりにゃ 10枚入り ライアーピンク,1351.0,,2489,2,small,,,False,False,https://www.amazon.co.jp/dp/B0FSSJ7XBM,,
508,B0G5PHQQYQ,drugstore,,【ミレディ公式店】カラコン melady ミレディ ワンデー 1day 大谷映美里 みりにゃ 10枚入り マーメイドリン,1351.0,,2489,2,small,,,False,False,https://www.amazon.co.jp/dp/B0G5PHQQYQ,,
509,B0FSSL1JNX,drugstore,,【ミレディ公式店】カラコン melady ミレディ ワンデー 1day 大谷映美里 みりにゃ 10枚入り ライアーピンク,1351.0,,2489,2,small,,,False,False,https://www.amazon.co.jp/dp/B0FSSL1JNX,,
510,B0FSSKW841,drugstore,,【ミレディ公式店】カラコン melady ミレディ ワンデー 1day 大谷映美里 みりにゃ 10枚入り ミレディブラウ,1451.0,,2489,2,small,,,False,False,https://www.amazon.co.jp/dp/B0FSSKW841,,
511,B0FSS3C23V,drugstore,,【ミレディ公式店】カラコン melady ミレディ ワンデー 1day 大谷映美里 みりにゃ 10枚入り プリンセスショ,1351.0,,2489,2,small,,,False,False,https://www.amazon.co.jp/dp/B0FSS3C23V,,
512,B0FSS39L48,drugstore,,【ミレディ公式店】カラコン melady ミレディ ワンデー 1day 大谷映美里 みりにゃ 10枚入り ミレディブラウ,1351.0,,2489,2,small,,,False,False,https://www.amazon.co.jp/dp/B0FSS39L48,,
513,B0FSSLN74H,drugstore,,【ミレディ公式店】カラコン melady ミレディ ワンデー 1day 大谷映美里 みりにゃ 10枚入り レディブラック,1351.0,,2489,2,small,,,False,False,https://www.amazon.co.jp/dp/B0FSSLN74H,,
514,B0FSSHVZF8,drugstore,,【ミレディ公式店】カラコン melady ミレディ ワンデー 1day 大谷映美里 みりにゃ 10枚入り レディブラック,1351.0,,2489,2,small,,,False,False,https://www.amazon.co.jp/dp/B0FSSHVZF8,,
515,B0FSSRGNL6,drugstore,,【ミレディ公式店】カラコン melady ミレディ ワンデー 1day 大谷映美里 みりにゃ 10枚入り プリンセスショ,1351.0,,2489,2,small,,,False,False,https://www.amazon.co.jp/dp/B0FSSRGNL6,,
516,B0G5PRBCL4,drugstore,,【ミレディ公式店】カラコン melady ミレディ ワンデー 1day 大谷映美里 みりにゃ 10枚入り マリアリング ,1351.0,,2489,2,small,,,False,False,https://www.amazon.co.jp/dp/B0G5PRBCL4,,
517,B0G5PP4TK4,drugstore,,【ミレディ公式店】カラコン melady ミレディ ワンデー 1day 大谷映美里 みりにゃ 10枚入り マーメイドリン,1351.0,,2489,2,small,,,False,False,https://www.amazon.co.jp/dp/B0G5PP4TK4,,
518,B0FSS3C7PF,drugstore,,【ミレディ公式店】カラコン melady ミレディ ワンデー 1day 大谷映美里 みりにゃ 10枚入り ライアーピンク,1351.0,,2489,2,small,,,False,False,https://www.amazon.co.jp/dp/B0FSS3C7PF,,
519,B0G5PWKG2W,drugstore,,【ミレディ公式店】カラコン melady ミレディ ワンデー 1day 大谷映美里 みりにゃ 10枚入り マリアリング ,1351.0,,2489,2,small,,,False,False,https://www.amazon.co.jp/dp/B0G5PWKG2W,,
520,B0FSSJNBQC,drugstore,,【ミレディ公式店】カラコン melady ミレディ ワンデー 1day 大谷映美里 みりにゃ 10枚入り プリンセスショ,1351.0,,2489,2,small,,,False,False,https://www.amazon.co.jp/dp/B0FSSJNBQC,,
521,B0FSS39RTP,drugstore,,【ミレディ公式店】カラコン melady ミレディ ワンデー 1day 大谷映美里 みりにゃ 10枚入り ライアーピンク,1351.0,,2489,2,small,,,False,False,https://www.amazon.co.jp/dp/B0FSS39RTP,,
522,B0FSSK6N5X,drugstore,,【ミレディ公式店】カラコン melady ミレディ ワンデー 1day 大谷映美里 みりにゃ 10枚入り ライアーピンク,1351.0,,2489,2,small,,,False,False,https://www.amazon.co.jp/dp/B0FSSK6N5X,,
523,B0DWDX64LX,drugstore,,アイリスオーヤマ ウェットティッシュ ノンアルコール ミニ 240枚 (8枚×30個) PWT-6PN,1345.0,,2658,4,large_2,,,False,False,https://www.amazon.co.jp/dp/B0DWDX64LX,,
524,B0CM35V82B,drugstore,4987072089781,無香空間 ドでか ほのかなせっけんつめ替 1600g 消臭ビーズ 部屋用 玄関 リビング キッチン トイレ用 消臭剤 芳,1785.0,,3005,6,standard_2,楽天,はずれ,False,False,https://www.amazon.co.jp/dp/B0CM35V82B,楽天最安 JAN=4987072089781,
525,B07Y4WLLP3,drugstore,4987072055137,無香空間TM 微香タイプ 置き型 消臭剤 芳香剤 [ ほのかなせっけんの香り 詰替え 648g] 小林製薬,1900.0,,2932,2,standard_1,Yahoo,あやしい,True,True,https://www.amazon.co.jp/dp/B07Y4WLLP3,Yahoo最安 JAN=4987072055137,
526,B0CTJYMY6P,drugstore,4582638837945,カラコン LARME SILICONE HYDROGEL WMOIST UV ラルムシリコンハイドロゲル Wモイスト(1,1739.0,,2759,2,standard_1,,,False,False,https://www.amazon.co.jp/dp/B0CTJYMY6P,,
527,B0CTJYRVDJ,drugstore,4582638837822,カラコン LARME SILICONE HYDROGEL WMOIST UV ラルムシリコンハイドロゲル Wモイスト(1,1739.0,,2759,2,standard_1,,,False,False,https://www.amazon.co.jp/dp/B0CTJYRVDJ,,
528,B0CTJX15HC,drugstore,4573504471141,カラコン LARME SILICONE HYDROGEL WMOIST UV ラルムシリコンハイドロゲル Wモイスト(1,1739.0,,2759,2,standard_1,,,False,False,https://www.amazon.co.jp/dp/B0CTJX15HC,,
529,B0CTJZVSZ5,drugstore,4582638838188,カラコン LARME SILICONE HYDROGEL WMOIST UV ラルムシリコンハイドロゲル Wモイスト(1,1739.0,,2759,2,standard_1,,,False,False,https://www.amazon.co.jp/dp/B0CTJZVSZ5,,
530,B0CTJXHXN9,drugstore,4573504470878,カラコン LARME SILICONE HYDROGEL WMOIST UV ラルムシリコンハイドロゲル Wモイスト(1,1739.0,,2759,2,standard_1,,,False,False,https://www.amazon.co.jp/dp/B0CTJXHXN9,,
531,B0CTK1LH69,drugstore,4582638838300,カラコン LARME SILICONE HYDROGEL WMOIST UV ラルムシリコンハイドロゲル Wモイスト(1,1739.0,,2759,2,standard_1,,,False,False,https://www.amazon.co.jp/dp/B0CTK1LH69,,
532,B0CTJZHC8H,drugstore,4573504470106,カラコン LARME SILICONE HYDROGEL WMOIST UV ラルムシリコンハイドロゲル Wモイスト(1,1739.0,,2759,2,standard_1,,,False,False,https://www.amazon.co.jp/dp/B0CTJZHC8H,,
533,B0CTJYBMGN,drugstore,4573504470717,カラコン LARME SILICONE HYDROGEL WMOIST UV ラルムシリコンハイドロゲル Wモイスト(1,1739.0,,2759,2,standard_1,,,False,False,https://www.amazon.co.jp/dp/B0CTJYBMGN,,
534,B0CTJZPDMS,drugstore,4582638838126,カラコン LARME SILICONE HYDROGEL WMOIST UV ラルムシリコンハイドロゲル Wモイスト(1,1739.0,,2759,2,standard_1,,,False,False,https://www.amazon.co.jp/dp/B0CTJZPDMS,,
535,B0CTJZPYJT,drugstore,4573504470366,カラコン LARME SILICONE HYDROGEL WMOIST UV ラルムシリコンハイドロゲル Wモイスト(1,1739.0,,2759,2,standard_1,,,False,False,https://www.amazon.co.jp/dp/B0CTJZPYJT,,
536,B0CTJYM62G,drugstore,4573504470052,カラコン LARME SILICONE HYDROGEL WMOIST UV ラルムシリコンハイドロゲル Wモイスト(1,1739.0,,3017,2,standard_1,,,False,False,https://www.amazon.co.jp/dp/B0CTJYM62G,,
537,B0CTJYX16Q,drugstore,4582638837877,カラコン LARME SILICONE HYDROGEL WMOIST UV ラルムシリコンハイドロゲル Wモイスト(1,1739.0,,2759,2,standard_1,,,False,False,https://www.amazon.co.jp/dp/B0CTJYX16Q,,
538,B0CTJZWSC1,drugstore,4573504470939,カラコン LARME SILICONE HYDROGEL WMOIST UV ラルムシリコンハイドロゲル Wモイスト(1,1739.0,,3017,2,standard_1,,,False,False,https://www.amazon.co.jp/dp/B0CTJZWSC1,,
539,B0CTJY7WDK,drugstore,4573504471233,カラコン LARME SILICONE HYDROGEL WMOIST UV ラルムシリコンハイドロゲル Wモイスト(1,1739.0,,3017,2,standard_1,,,False,False,https://www.amazon.co.jp/dp/B0CTJY7WDK,,
540,B0CTJYRVCF,drugstore,4573504470090,カラコン LARME SILICONE HYDROGEL WMOIST UV ラルムシリコンハイドロゲル Wモイスト(1,1739.0,,3017,2,standard_1,,,False,False,https://www.amazon.co.jp/dp/B0CTJYRVCF,,
541,B0CTJZBW7K,drugstore,4573504470182,カラコン LARME SILICONE HYDROGEL WMOIST UV ラルムシリコンハイドロゲル Wモイスト(1,1739.0,,3017,2,standard_1,,,False,False,https://www.amazon.co.jp/dp/B0CTJZBW7K,,
542,B0CTJZPV5B,drugstore,4573504470410,カラコン LARME SILICONE HYDROGEL WMOIST UV ラルムシリコンハイドロゲル Wモイスト(1,1739.0,,2759,2,standard_1,,,False,False,https://www.amazon.co.jp/dp/B0CTJZPV5B,,
543,B0CTJZ3Z24,drugstore,4582638838607,カラコン LARME SILICONE HYDROGEL WMOIST UV ラルムシリコンハイドロゲル Wモイスト(1,1739.0,,3017,2,standard_1,,,False,False,https://www.amazon.co.jp/dp/B0CTJZ3Z24,,
544,B0CTJZ8BJJ,drugstore,4582638837860,カラコン LARME SILICONE HYDROGEL WMOIST UV ラルムシリコンハイドロゲル Wモイスト(1,1739.0,,2759,2,standard_1,,,False,False,https://www.amazon.co.jp/dp/B0CTJZ8BJJ,,
545,B0CTJZPMNK,drugstore,4573504470557,カラコン LARME SILICONE HYDROGEL WMOIST UV ラルムシリコンハイドロゲル Wモイスト(1,1739.0,,2759,2,standard_1,,,False,False,https://www.amazon.co.jp/dp/B0CTJZPMNK,,
546,B0CTJZFZ5G,drugstore,4573504470953,カラコン LARME SILICONE HYDROGEL WMOIST UV ラルムシリコンハイドロゲル Wモイスト(1,1739.0,,2759,2,standard_1,,,False,False,https://www.amazon.co.jp/dp/B0CTJZFZ5G,,
547,B0CTJYGHZ9,drugstore,4573504470946,カラコン LARME SILICONE HYDROGEL WMOIST UV ラルムシリコンハイドロゲル Wモイスト(1,1739.0,,2759,2,standard_1,,,False,False,https://www.amazon.co.jp/dp/B0CTJYGHZ9,,
548,B0CTJZLZXX,drugstore,4573504470403,カラコン LARME SILICONE HYDROGEL WMOIST UV ラルムシリコンハイドロゲル Wモイスト(1,1739.0,,2759,2,standard_1,,,False,False,https://www.amazon.co.jp/dp/B0CTJZLZXX,,
549,B0CTJXHQ8N,drugstore,4573504470595,カラコン LARME SILICONE HYDROGEL WMOIST UV ラルムシリコンハイドロゲル Wモイスト(1,1739.0,,2759,2,standard_1,,,False,False,https://www.amazon.co.jp/dp/B0CTJXHQ8N,,
550,B0CTJWRDSM,drugstore,4573504470748,カラコン LARME SILICONE HYDROGEL WMOIST UV ラルムシリコンハイドロゲル Wモイスト(1,1739.0,,2759,2,standard_1,,,False,False,https://www.amazon.co.jp/dp/B0CTJWRDSM,,
551,B0CTJYDKNK,drugstore,4573504470472,カラコン LARME SILICONE HYDROGEL WMOIST UV ラルムシリコンハイドロゲル Wモイスト(1,1739.0,,2759,2,standard_1,,,False,False,https://www.amazon.co.jp/dp/B0CTJYDKNK,,
552,B0CTJZQ7S3,drugstore,4582638837952,カラコン LARME SILICONE HYDROGEL WMOIST UV ラルムシリコンハイドロゲル Wモイスト(1,1739.0,,2759,2,standard_1,,,False,False,https://www.amazon.co.jp/dp/B0CTJZQ7S3,,
553,B0CTJZ51S1,drugstore,4573504470274,カラコン LARME SILICONE HYDROGEL WMOIST UV ラルムシリコンハイドロゲル Wモイスト(1,1739.0,,2759,2,standard_1,,,False,False,https://www.amazon.co.jp/dp/B0CTJZ51S1,,
554,B0CTJYWVCL,drugstore,4573504470519,カラコン LARME SILICONE HYDROGEL WMOIST UV ラルムシリコンハイドロゲル Wモイスト(1,1739.0,,2759,2,standard_1,,,False,False,https://www.amazon.co.jp/dp/B0CTJYWVCL,,
555,B0CTJXJQFW,drugstore,4573504470687,カラコン LARME SILICONE HYDROGEL WMOIST UV ラルムシリコンハイドロゲル Wモイスト(1,1739.0,,2759,2,standard_1,,,False,False,https://www.amazon.co.jp/dp/B0CTJXJQFW,,
556,B0CTJZMT4N,drugstore,4582638838621,カラコン LARME SILICONE HYDROGEL WMOIST UV ラルムシリコンハイドロゲル Wモイスト(1,1739.0,,2759,2,standard_1,,,False,False,https://www.amazon.co.jp/dp/B0CTJZMT4N,,
557,B0CTJYSQDT,drugstore,4573504470014,カラコン LARME SILICONE HYDROGEL WMOIST UV ラルムシリコンハイドロゲル Wモイスト(1,1739.0,,2759,2,standard_1,Yahoo,はずれ,False,False,https://www.amazon.co.jp/dp/B0CTJYSQDT,Yahoo最安 JAN=4573504470014,
558,B0CTJY36GX,drugstore,4573504471080,カラコン LARME SILICONE HYDROGEL WMOIST UV ラルムシリコンハイドロゲル Wモイスト(1,1739.0,,2759,2,standard_1,,,False,False,https://www.amazon.co.jp/dp/B0CTJY36GX,,
559,B0CTJZFVK9,drugstore,4582638837761,カラコン LARME SILICONE HYDROGEL WMOIST UV ラルムシリコンハイドロゲル Wモイスト(1,1739.0,,2759,2,standard_1,,,False,False,https://www.amazon.co.jp/dp/B0CTJZFVK9,,
560,B0CTJZJ5H6,drugstore,4573504471004,カラコン LARME SILICONE HYDROGEL WMOIST UV ラルムシリコンハイドロゲル Wモイスト(1,1739.0,,2759,2,standard_1,,,False,False,https://www.amazon.co.jp/dp/B0CTJZJ5H6,,
561,B0CTJZDXRQ,drugstore,4573504470144,カラコン LARME SILICONE HYDROGEL WMOIST UV ラルムシリコンハイドロゲル Wモイスト(1,1739.0,,2759,2,standard_1,,,False,False,https://www.amazon.co.jp/dp/B0CTJZDXRQ,,
562,B0CTJYZZW2,drugstore,4573504470960,カラコン LARME SILICONE HYDROGEL WMOIST UV ラルムシリコンハイドロゲル Wモイスト(1,1739.0,,3017,2,standard_1,,,False,False,https://www.amazon.co.jp/dp/B0CTJYZZW2,,
563,B0CTJYDMLN,drugstore,4582638837723,カラコン LARME SILICONE HYDROGEL WMOIST UV ラルムシリコンハイドロゲル Wモイスト(1,1739.0,,3017,2,standard_1,,,False,False,https://www.amazon.co.jp/dp/B0CTJYDMLN,,
564,B0CTJYFYKH,drugstore,4582638838393,カラコン LARME SILICONE HYDROGEL WMOIST UV ラルムシリコンハイドロゲル Wモイスト(1,1739.0,,3017,2,standard_1,,,False,False,https://www.amazon.co.jp/dp/B0CTJYFYKH,,
565,B0CTJYGZMQ,drugstore,4573504471226,カラコン LARME SILICONE HYDROGEL WMOIST UV ラルムシリコンハイドロゲル Wモイスト(1,1739.0,,2759,2,standard_1,,,False,False,https://www.amazon.co.jp/dp/B0CTJYGZMQ,,
566,B0CTJZ5QM8,drugstore,4582638838409,カラコン LARME SILICONE HYDROGEL WMOIST UV ラルムシリコンハイドロゲル Wモイスト(1,1739.0,,2759,2,standard_1,,,False,False,https://www.amazon.co.jp/dp/B0CTJZ5QM8,,
567,B0CTJYX5P8,drugstore,4582638837976,カラコン LARME SILICONE HYDROGEL WMOIST UV ラルムシリコンハイドロゲル Wモイスト(1,1739.0,,3017,2,standard_1,,,False,False,https://www.amazon.co.jp/dp/B0CTJYX5P8,,
568,B0CTJZPV7V,drugstore,4582638838386,カラコン LARME SILICONE HYDROGEL WMOIST UV ラルムシリコンハイドロゲル Wモイスト(1,1739.0,,2759,2,standard_1,,,False,False,https://www.amazon.co.jp/dp/B0CTJZPV7V,,
569,B0CTJYXF5B,drugstore,4573504470076,カラコン LARME SILICONE HYDROGEL WMOIST UV ラルムシリコンハイドロゲル Wモイスト(1,1739.0,,2759,2,standard_1,,,False,False,https://www.amazon.co.jp/dp/B0CTJYXF5B,,
570,B0CTK1M72D,drugstore,4582638838089,カラコン LARME SILICONE HYDROGEL WMOIST UV ラルムシリコンハイドロゲル Wモイスト(1,1739.0,,2759,2,standard_1,,,False,False,https://www.amazon.co.jp/dp/B0CTK1M72D,,
571,B0CTJYXZ8P,drugstore,4582638838119,カラコン LARME SILICONE HYDROGEL WMOIST UV ラルムシリコンハイドロゲル Wモイスト(1,1739.0,,3017,2,standard_1,,,False,False,https://www.amazon.co.jp/dp/B0CTJYXZ8P,,
572,B0CTJZ5Y4K,drugstore,4573504471172,カラコン LARME SILICONE HYDROGEL WMOIST UV ラルムシリコンハイドロゲル Wモイスト(1,1739.0,,3017,2,standard_1,,,False,False,https://www.amazon.co.jp/dp/B0CTJZ5Y4K,,
573,B0CTJZ5N75,drugstore,4582638838317,カラコン LARME SILICONE HYDROGEL WMOIST UV ラルムシリコンハイドロゲル Wモイスト(1,1739.0,,2759,2,standard_1,,,False,False,https://www.amazon.co.jp/dp/B0CTJZ5N75,,
574,B0CTJY4XGV,drugstore,4582638838270,カラコン LARME SILICONE HYDROGEL WMOIST UV ラルムシリコンハイドロゲル Wモイスト(1,1739.0,,2759,2,standard_1,,,False,False,https://www.amazon.co.jp/dp/B0CTJY4XGV,,
575,B0CTJYRTZK,drugstore,4573504470069,カラコン LARME SILICONE HYDROGEL WMOIST UV ラルムシリコンハイドロゲル Wモイスト(1,1739.0,,2759,2,standard_1,,,False,False,https://www.amazon.co.jp/dp/B0CTJYRTZK,,
576,B0CTJXDBZ2,drugstore,4573504471110,カラコン LARME SILICONE HYDROGEL WMOIST UV ラルムシリコンハイドロゲル Wモイスト(1,1739.0,,2759,2,standard_1,,,False,False,https://www.amazon.co.jp/dp/B0CTJXDBZ2,,
577,B0CTJY2MXW,drugstore,4573504470083,カラコン LARME SILICONE HYDROGEL WMOIST UV ラルムシリコンハイドロゲル Wモイスト(1,1739.0,,2759,2,standard_1,,,False,False,https://www.amazon.co.jp/dp/B0CTJY2MXW,,
578,B0CTJZCHTW,drugstore,4573504470328,カラコン LARME SILICONE HYDROGEL WMOIST UV ラルムシリコンハイドロゲル Wモイスト(1,1739.0,,2759,2,standard_1,,,False,False,https://www.amazon.co.jp/dp/B0CTJZCHTW,,
579,B0CTJYBMFH,drugstore,4582638838232,カラコン LARME SILICONE HYDROGEL WMOIST UV ラルムシリコンハイドロゲル Wモイスト(1,1739.0,,2759,2,standard_1,,,False,False,https://www.amazon.co.jp/dp/B0CTJYBMFH,,
580,B0CTJZ85V5,drugstore,4573504470502,カラコン LARME SILICONE HYDROGEL WMOIST UV ラルムシリコンハイドロゲル Wモイスト(1,1739.0,,2759,2,standard_1,,,False,False,https://www.amazon.co.jp/dp/B0CTJZ85V5,,
581,B0CTJXMQY9,drugstore,4582638838041,カラコン LARME SILICONE HYDROGEL WMOIST UV ラルムシリコンハイドロゲル Wモイスト(1,1739.0,,2759,2,standard_1,,,False,False,https://www.amazon.co.jp/dp/B0CTJXMQY9,,
582,B0CTJY8P34,drugstore,4582638838263,カラコン LARME SILICONE HYDROGEL WMOIST UV ラルムシリコンハイドロゲル Wモイスト(1,1739.0,,3017,2,standard_1,,,False,False,https://www.amazon.co.jp/dp/B0CTJY8P34,,
583,B0CTJYHK6N,drugstore,4573504471165,カラコン LARME SILICONE HYDROGEL WMOIST UV ラルムシリコンハイドロゲル Wモイスト(1,1739.0,,2759,2,standard_1,,,False,False,https://www.amazon.co.jp/dp/B0CTJYHK6N,,
584,B0CTJXZHFL,drugstore,4582638838416,カラコン LARME SILICONE HYDROGEL WMOIST UV ラルムシリコンハイドロゲル Wモイスト(1,1739.0,,2759,2,standard_1,,,False,False,https://www.amazon.co.jp/dp/B0CTJXZHFL,,
585,B0CTJYDMLF,drugstore,4582638838102,カラコン LARME SILICONE HYDROGEL WMOIST UV ラルムシリコンハイドロゲル Wモイスト(1,1739.0,,2759,2,standard_1,,,False,False,https://www.amazon.co.jp/dp/B0CTJYDMLF,,
586,B0CTJZF5SV,drugstore,4573504470823,カラコン LARME SILICONE HYDROGEL WMOIST UV ラルムシリコンハイドロゲル Wモイスト(1,1739.0,,2759,2,standard_1,,,False,False,https://www.amazon.co.jp/dp/B0CTJZF5SV,,
587,B0CTJZM4H1,drugstore,4582638838485,カラコン LARME SILICONE HYDROGEL WMOIST UV ラルムシリコンハイドロゲル Wモイスト(1,1739.0,,2759,2,standard_1,,,False,False,https://www.amazon.co.jp/dp/B0CTJZM4H1,,
588,B0CTJZQ7QV,drugstore,4582638837778,カラコン LARME SILICONE HYDROGEL WMOIST UV ラルムシリコンハイドロゲル Wモイスト(1,1739.0,,2759,2,standard_1,,,False,False,https://www.amazon.co.jp/dp/B0CTJZQ7QV,,
589,B0CTJX15LH,drugstore,4582638838591,カラコン LARME SILICONE HYDROGEL WMOIST UV ラルムシリコンハイドロゲル Wモイスト(1,1739.0,,2759,2,standard_1,,,False,False,https://www.amazon.co.jp/dp/B0CTJX15LH,,
590,B07NF41G5Y,drugstore,4901797033218,シャボン玉こどもせっけんハミガキ 50g,1048.0,,3027,6,small,楽天,はずれ,False,False,https://www.amazon.co.jp/dp/B07NF41G5Y,楽天最安 JAN=4901797033218,
591,B079FZ93LR,drugstore,4582413568279,コンタクトレンズ ワンデー 1day Refrear Moisture 38 1箱30枚入 (-2.00),1200.0,,3213,2,standard_1,,,False,False,https://www.amazon.co.jp/dp/B079FZ93LR,,
592,B079FYBG1C,drugstore,4582413568293,コンタクトレンズ ワンデー 1day Refrear Moisture 38 1箱30枚入 (-2.50),1200.0,,3213,2,standard_1,Yahoo,はずれ,False,False,https://www.amazon.co.jp/dp/B079FYBG1C,Yahoo最安 JAN=4582413568293,
593,B09LTBR1GZ,drugstore,4530107321877,L'air De SAVON(レールデュサボン) 大容量 柔軟剤 【シャワーを浴びた後の心地よさを感じる香り】 フィーリ,2269.0,,3114,3,standard_2,Yahoo,はずれ,False,False,https://www.amazon.co.jp/dp/B09LTBR1GZ,Yahoo最安 JAN=4530107321877,
594,B079FZ4XG2,drugstore,4582413568385,コンタクトレンズ ワンデー 1day Refrear Moisture 38 1箱30枚入 (-4.75),1200.0,,3213,2,standard_1,,,False,False,https://www.amazon.co.jp/dp/B079FZ4XG2,,
595,B076MMMK5K,drugstore,4516825005299,アビリティークリーン強力お風呂用 本体 500ml,1191.0,,3032,5,standard_1,楽天,はずれ,False,False,https://www.amazon.co.jp/dp/B076MMMK5K,楽天最安 JAN=4516825005299,
596,B00BES64D4,drugstore,4516825004292,友和 アビリティークリーン 2倍濃縮タイプ 4L(専用スプレーボトルセット),3200.0,,3032,10,large_1,楽天,はずれ,False,False,https://www.amazon.co.jp/dp/B00BES64D4,楽天最安 JAN=4516825004292,
597,B000ARP02Q,drugstore,4987072014400,オドイーター 医学 足の外反対策 インソール 女性用22cm~25cm 1足,1980.0,,3033,4,standard_1,Yahoo,はずれ,False,False,https://www.amazon.co.jp/dp/B000ARP02Q,Yahoo最安 JAN=4987072014400,
598,B0B8798FFZ,drugstore,8100000030600,[医薬部外品]Ora2(オーラツー) ミー マウススプレー [クールミント] <携帯用 口中清涼剤 口臭予防> 6ml×,2100.0,,2761,2,small,,,False,False,https://www.amazon.co.jp/dp/B0B8798FFZ,,
599,B09F8ZZH98,drugstore,8100000025033,チャーミー マジカ(CHARMY Magica) 【まとめ買い】 チャーミーマジカ 食器用洗剤 一発洗浄スプレー オレン,1198.0,,3036,10,standard_1,Yahoo,はずれ,False,False,https://www.amazon.co.jp/dp/B09F8ZZH98,Yahoo最安 JAN=8100000025033,
600,B09F93B75G,drugstore,8100000025026,チャーミー マジカ(CHARMY Magica) 【まとめ買い】 チャーミーマジカ 食器用洗剤 一発洗浄スプレー オレン,1414.0,,3036,6,standard_1,楽天,はずれ,False,False,https://www.amazon.co.jp/dp/B09F93B75G,楽天最安 JAN=8100000025026,
601,B07L8STPSZ,drugstore,4969133171123,コジット パワーバイオ 押入れのカビきれい 防カビ・消臭 (交換目安:4ヶ月) 2個組,1440.0,,3038,5,small,Yahoo,はずれ,False,False,https://www.amazon.co.jp/dp/B07L8STPSZ,Yahoo最安 JAN=4969133171123,
602,B0DCRNG56Q,drugstore,4580061701352,モリンガ サプリ 有機モリンガ 135000mg配合(1袋) 540粒 大容量 3か月分 有機JAS認証 有機原材料使用,7866.0,,3040,2,standard_1,,,False,False,https://www.amazon.co.jp/dp/B0DCRNG56Q,,
603,B0DCRFB7H2,drugstore,4580061701345,モリンガ サプリ 有機モリンガ 135000mg配合(1袋) 540粒 大容量 3か月分 有機JAS認証 有機原材料使用,5274.0,,3040,2,standard_1,,,False,False,https://www.amazon.co.jp/dp/B0DCRFB7H2,,
604,B0FSSJFGYT,drugstore,,【ミレディ公式店】カラコン melady ミレディ ワンデー 1day 大谷映美里 みりにゃ 10枚入り ライアーピンク,1351.0,,2489,2,small,,,False,False,https://www.amazon.co.jp/dp/B0FSSJFGYT,,
605,B0FSSJ5XGZ,drugstore,,【ミレディ公式店】カラコン melady ミレディ ワンデー 1day 大谷映美里 みりにゃ 10枚入り ミレディブラウ,1351.0,,2489,2,small,,,False,False,https://www.amazon.co.jp/dp/B0FSSJ5XGZ,,
606,B0FSSKGCTC,drugstore,,【ミレディ公式店】カラコン melady ミレディ ワンデー 1day 大谷映美里 みりにゃ 10枚入り ミレディブラウ,1434.0,,2489,2,small,,,False,False,https://www.amazon.co.jp/dp/B0FSSKGCTC,,
607,B0FSSN51S5,drugstore,,【ミレディ公式店】カラコン melady ミレディ ワンデー 1day 大谷映美里 みりにゃ 10枚入り プリンセスショ,1351.0,,2489,2,small,,,False,False,https://www.amazon.co.jp/dp/B0FSSN51S5,,
608,B0FSSLF3NG,drugstore,,【ミレディ公式店】カラコン melady ミレディ ワンデー 1day 大谷映美里 みりにゃ 10枚入り レディブラック,1351.0,,2489,2,small,,,False,False,https://www.amazon.co.jp/dp/B0FSSLF3NG,,
609,B0G5PLSTLX,drugstore,,【ミレディ公式店】カラコン melady ミレディ ワンデー 1day 大谷映美里 みりにゃ 10枚入り マーメイドリン,1351.0,,2489,2,small,,,False,False,https://www.amazon.co.jp/dp/B0G5PLSTLX,,
610,B0FSSN8ZD3,drugstore,,【ミレディ公式店】カラコン melady ミレディ ワンデー 1day 大谷映美里 みりにゃ 10枚入り レディブラック,1351.0,,2489,2,small,,,False,False,https://www.amazon.co.jp/dp/B0FSSN8ZD3,,
611,B0G5PNRMJQ,drugstore,,【ミレディ公式店】カラコン melady ミレディ ワンデー 1day 大谷映美里 みりにゃ 10枚入り マーメイドリン,1351.0,,2489,2,small,,,False,False,https://www.amazon.co.jp/dp/B0G5PNRMJQ,,
612,B0FSS3GDMF,drugstore,,【ミレディ公式店】カラコン melady ミレディ ワンデー 1day 大谷映美里 みりにゃ 10枚入り レディブラック,1351.0,,2489,2,small,,,False,False,https://www.amazon.co.jp/dp/B0FSS3GDMF,,
613,B0G5PLNZTM,drugstore,,【ミレディ公式店】カラコン melady ミレディ ワンデー 1day 大谷映美里 みりにゃ 10枚入り マリアリング ,1351.0,,2489,2,small,,,False,False,https://www.amazon.co.jp/dp/B0G5PLNZTM,,
614,B0FSSLDT5V,drugstore,,【ミレディ公式店】カラコン melady ミレディ ワンデー 1day 大谷映美里 みりにゃ 10枚入り ミレディブラウ,1351.0,,2489,2,small,,,False,False,https://www.amazon.co.jp/dp/B0FSSLDT5V,,
615,B0G5PQG1QS,drugstore,,【ミレディ公式店】カラコン melady ミレディ ワンデー 1day 大谷映美里 みりにゃ 10枚入り マリアリング ,1351.0,,2489,2,small,,,False,False,https://www.amazon.co.jp/dp/B0G5PQG1QS,,
616,B0G5PN1MQ7,drugstore,,【ミレディ公式店】カラコン melady ミレディ ワンデー 1day 大谷映美里 みりにゃ 10枚入り マリアリング ,1351.0,,2489,2,small,,,False,False,https://www.amazon.co.jp/dp/B0G5PN1MQ7,,
617,B0FSSGN64J,drugstore,,【ミレディ公式店】カラコン melady ミレディ ワンデー 1day 大谷映美里 みりにゃ 10枚入り ミレディブラウ,1351.0,,2489,2,small,,,False,False,https://www.amazon.co.jp/dp/B0FSSGN64J,,
618,B0G5PGN6DL,drugstore,,【ミレディ公式店】カラコン melady ミレディ ワンデー 1day 大谷映美里 みりにゃ 10枚入り マーメイドリン,1351.0,,2489,2,small,,,False,False,https://www.amazon.co.jp/dp/B0G5PGN6DL,,
619,B0978HFG81,drugstore,4589647020054,【公式】錫村商店 10秒クレンザー 強力水垢洗剤 焦げ落とし キッチン シンク お風呂 鏡 弱酸性 200ml,1422.0,,3046,2,standard_1,Yahoo,はずれ,False,False,https://www.amazon.co.jp/dp/B0978HFG81,Yahoo最安 JAN=4589647020054,
620,B06XSJXS78,drugstore,,DHC(ディー・エイチ・シー) ラクトフェリン 30日分 ２個セット,3560.0,,3049,6,small,,,False,False,https://www.amazon.co.jp/dp/B06XSJXS78,,
621,B004BRU0DU,drugstore,4511413606551,DHC ラクトフェリン 30日分 (90粒),1825.0,,3049,6,small,Yahoo,はずれ,False,False,https://www.amazon.co.jp/dp/B004BRU0DU,Yahoo最安 JAN=4511413606551,
622,B004CN1QIG,drugstore,0733905854736,ワンデー アキュビュー トゥルーアイ 【BC】9.0【PWR】-9.00 30枚入,2159.0,,3170,2,small,,,False,False,https://www.amazon.co.jp/dp/B004CN1QIG,,
623,B004CN1QZY,drugstore,0733905854811,ワンデー アキュビュー トゥルーアイ 【BC】9.0【PWR】-10.50 30枚入,2159.0,,3170,2,small,,,False,False,https://www.amazon.co.jp/dp/B004CN1QZY,,
624,B004CN02IQ,drugstore,0733905854743,ワンデー アキュビュー トゥルーアイ 【BC】9.0【PWR】-8.50 30枚入,2159.0,,3052,2,small,,,False,False,https://www.amazon.co.jp/dp/B004CN02IQ,,
625,B0034SRCKQ,drugstore,0733905854712,ワンデー アキュビュー トゥルーアイ 【BC】9.0【PWR】-5.75 30枚入,2159.0,,3170,3,small,,,False,False,https://www.amazon.co.jp/dp/B0034SRCKQ,,
626,B0034SPDAM,drugstore,0733905854699,ワンデー アキュビュー トゥルーアイ 【BC】9.0【PWR】-5.25 30枚入,2159.0,,3170,2,small,,,False,False,https://www.amazon.co.jp/dp/B0034SPDAM,,
627,B004CN38MS,drugstore,0733905854897,ワンデー アキュビュー トゥルーアイ 【BC】9.0【PWR】+1.50 30枚入,2039.0,,3170,2,small,,,False,False,https://www.amazon.co.jp/dp/B004CN38MS,,
628,B004CMXYA0,drugstore,0733905854804,ワンデー アキュビュー トゥルーアイ 【BC】9.0【PWR】-10.00 30枚入,2159.0,,3170,3,small,,,False,False,https://www.amazon.co.jp/dp/B004CMXYA0,,
629,B004CN5B5U,drugstore,0733905854835,ワンデー アキュビュー トゥルーアイ 【BC】9.0【PWR】-11.50 30枚入,2159.0,,3170,2,small,楽天,はずれ,False,False,https://www.amazon.co.jp/dp/B004CN5B5U,楽天最安 JAN=0733905854835,
630,B07XQ63MZR,drugstore,,(まとめ買い) ソフィ はだおもい 250 特に多い日の昼長時間用 羽つき 26cm 16コ入 ×2,1079.0,,4460,6,standard_1,,,False,False,https://www.amazon.co.jp/dp/B07XQ63MZR,,
631,B08MVNMVYJ,drugstore,4537689825960,ソフィ はだおもい 特に多い昼用 260 羽つき 26枚×3個,2185.0,,3059,3,standard_1,楽天,はずれ,False,False,https://www.amazon.co.jp/dp/B08MVNMVYJ,楽天最安 JAN=4537689825960,
632,B005LADH0Y,drugstore,4901730110167,ジョンソン ベビー うるおい全身シャンプー 泡タイプ 400mL,1780.0,,3062,3,standard_1,楽天,はずれ,False,False,https://www.amazon.co.jp/dp/B005LADH0Y,楽天最安 JAN=4901730110167,
633,B07GB29BPJ,drugstore,,【まとめ買い】トイレマジックリン トイレ用洗剤 流すだけで勝手にキレイ シトラスミント香り 本体+付替用,1360.0,,2993,7,standard_1,,,False,False,https://www.amazon.co.jp/dp/B07GB29BPJ,,
634,B079FW9451,drugstore,4582413568309,コンタクトレンズ ワンデー 1day Refrear Moisture 38 1箱30枚入 (-2.75),1200.0,,3213,2,standard_1,,,False,False,https://www.amazon.co.jp/dp/B079FW9451,,
635,B079FYBV81,drugstore,4582413568361,コンタクトレンズ ワンデー 1day Refrear Moisture 38 1箱30枚入 (-4.25),1200.0,,3213,2,standard_1,,,False,False,https://www.amazon.co.jp/dp/B079FYBV81,,
636,B00XJ3L7PW,drugstore,4582153691039,【５個セット】琉球酒豪伝説 6包入り×５個セット しゅごう,2940.0,,2977,9,small,楽天,原石,True,True,https://www.amazon.co.jp/dp/B00XJ3L7PW,楽天最安 JAN=4582153691039,
637,B0BDZB8K1R,drugstore,4902011100648,エリエール 除菌できるアルコールタオル 抗菌成分プラス ウェットティッシュ ボックス つめかえ 400枚(40枚×10パ,1105.0,,3326,5,standard_2,楽天,はずれ,False,False,https://www.amazon.co.jp/dp/B0BDZB8K1R,楽天最安 JAN=4902011100648,
638,B0B69FRRX7,drugstore,4535304711865,ジョンズブレンド 芳香剤 アップルペアー フレグランスジェル 約4週間分 玄関 トイレ 寝室 置き型 プチギフト 誕生日,1098.0,,3093,5,standard_1,Yahoo,はずれ,False,False,https://www.amazon.co.jp/dp/B0B69FRRX7,Yahoo最安 JAN=4535304711865,
639,B0B642BHWG,drugstore,4589795161906,まめラボ フェリチン鉄 サプリ 鉄分 フェリチン鉄サプリ ヘム鉄 サプリメント 大豆イソフラボン 貯蔵鉄,1980.0,,3153,2,small,Yahoo,はずれ,False,False,https://www.amazon.co.jp/dp/B0B642BHWG,Yahoo最安 JAN=4589795161906,
640,B0BYS423M2,drugstore,4589795174005,まめラボ フェリチン鉄 サプリ 鉄分 フェリチン鉄サプリ 親子で飲めるフェリチン鉄 葉酸 8mg サプリメント 貯蔵鉄,1980.0,,3153,2,small,Yahoo,はずれ,False,False,https://www.amazon.co.jp/dp/B0BYS423M2,Yahoo最安 JAN=4589795174005,
641,B0CBNR8XP5,drugstore,4901301432087,マジックリン 【まとめ買い】トイレ消臭・洗浄スプレー 香り消臭 エレガントローズの香り つめかえ用 800ｍｌ×3個,1080.0,,3098,2,large_1,Yahoo,はずれ,False,False,https://www.amazon.co.jp/dp/B0CBNR8XP5,Yahoo最安 JAN=4901301432087,
642,B0CH2CSXXP,drugstore,4901301431448,リセッシュ 【大容量】除菌EX プロテクトガード 衣類にスプレーするだけでウイルス除去と24時間抗ウイルス 香りが残らな,1080.0,,3101,6,standard_2,Yahoo,はずれ,False,False,https://www.amazon.co.jp/dp/B0CH2CSXXP,Yahoo最安 JAN=4901301431448,
643,B07JQGHBVR,drugstore,4961243240430,【2箱入り】2ウィークピュア うるおいプラス 【BC】8.6【DIA】13.8【PWR】+3.25 6枚入,2599.0,,2623,6,standard_1,Yahoo,はずれ,False,False,https://www.amazon.co.jp/dp/B07JQGHBVR,Yahoo最安 JAN=4961243240430,
644,B07JQ859PS,drugstore,4961243240478,【2箱入り】2ウィークピュア うるおいプラス 【BC】8.6【DIA】13.8【PWR】+4.25 6枚入,2599.0,,2623,6,standard_1,Yahoo,はずれ,False,False,https://www.amazon.co.jp/dp/B07JQ859PS,Yahoo最安 JAN=4961243240478,
645,B07JR8SVGM,drugstore,4961243240140,【2箱入り】2ウィークピュア うるおいプラス 【BC】8.6【DIA】13.8【PWR】-9.00 6枚入,2590.0,,2623,10,standard_1,Yahoo,はずれ,False,False,https://www.amazon.co.jp/dp/B07JR8SVGM,Yahoo最安 JAN=4961243240140,
646,B07JQX9LD1,drugstore,4961243239069,【2箱入り】2ウィークピュア うるおいプラス 【BC】8.6【DIA】14.2【PWR】+4.50 6枚入,2599.0,,2623,6,standard_1,Yahoo,はずれ,False,False,https://www.amazon.co.jp/dp/B07JQX9LD1,Yahoo最安 JAN=4961243239069,
647,B07JR1B8V8,drugstore,4961243240447,【2箱入り】2ウィークピュア うるおいプラス 【BC】8.6【DIA】13.8【PWR】+3.50 6枚入,2599.0,,2623,6,standard_1,Yahoo,はずれ,False,False,https://www.amazon.co.jp/dp/B07JR1B8V8,Yahoo最安 JAN=4961243240447,
648,B07JPJVBPK,drugstore,4961243240393,【2箱入り】2ウィークピュア うるおいプラス 【BC】8.6【DIA】13.8【PWR】+2.50 6枚入,2599.0,,2623,6,standard_1,Yahoo,はずれ,False,False,https://www.amazon.co.jp/dp/B07JPJVBPK,Yahoo最安 JAN=4961243240393,
649,B07JPJPMWJ,drugstore,4961243239038,【2箱入り】2ウィークピュア うるおいプラス 【BC】8.6【DIA】14.2【PWR】+3.75 6枚入,2599.0,,2623,6,standard_1,Yahoo,はずれ,False,False,https://www.amazon.co.jp/dp/B07JPJPMWJ,Yahoo最安 JAN=4961243239038,
650,B07JQJR9K6,drugstore,4961243240188,【2箱入り】2ウィークピュア うるおいプラス 【BC】8.6【DIA】13.8【PWR】-11.00 6枚入,2590.0,,2623,10,standard_1,Yahoo,はずれ,False,False,https://www.amazon.co.jp/dp/B07JQJR9K6,Yahoo最安 JAN=4961243240188,
651,B07JQTTKK3,drugstore,4961243240225,【2箱入り】2ウィークピュア うるおいプラス 【BC】8.6【DIA】13.8【PWR】-12.50 6枚入,2590.0,,2623,10,standard_1,Yahoo,はずれ,False,False,https://www.amazon.co.jp/dp/B07JQTTKK3,Yahoo最安 JAN=4961243240225,
652,B07JR4FPSV,drugstore,4961243240454,【2箱入り】2ウィークピュア うるおいプラス 【BC】8.6【DIA】13.8【PWR】+3.75 6枚入,2599.0,,2623,6,standard_1,Yahoo,はずれ,False,False,https://www.amazon.co.jp/dp/B07JR4FPSV,Yahoo最安 JAN=4961243240454,
653,B07JQNTHTG,drugstore,4961243239045,【2箱入り】2ウィークピュア うるおいプラス 【BC】8.6【DIA】14.2【PWR】+4.00 6枚入,2599.0,,2623,6,standard_1,Yahoo,はずれ,False,False,https://www.amazon.co.jp/dp/B07JQNTHTG,Yahoo最安 JAN=4961243239045,
654,B07JQ38HRP,drugstore,4961243240416,【2箱入り】2ウィークピュア うるおいプラス 【BC】8.6【DIA】13.8【PWR】+2.75 6枚入,2599.0,,2623,6,standard_1,Yahoo,はずれ,False,False,https://www.amazon.co.jp/dp/B07JQ38HRP,Yahoo最安 JAN=4961243240416,
655,B07JR1YVKW,drugstore,4961243238932,【2箱入り】2ウィークピュア うるおいプラス 【BC】8.6【DIA】14.2【PWR】+1.50 6枚入,2599.0,,2623,7,standard_1,Yahoo,はずれ,False,False,https://www.amazon.co.jp/dp/B07JR1YVKW,Yahoo最安 JAN=4961243238932,
656,B07JR1YD51,drugstore,4961243238963,【2箱入り】2ウィークピュア うるおいプラス 【BC】8.6【DIA】14.2【PWR】+2.25 6枚入,2599.0,,2623,7,standard_1,Yahoo,はずれ,False,False,https://www.amazon.co.jp/dp/B07JR1YD51,Yahoo最安 JAN=4961243238963,
657,B07JQTNKH6,drugstore,4961243239076,【2箱入り】2ウィークピュア うるおいプラス 【BC】8.6【DIA】14.2【PWR】+4.75 6枚入,2599.0,,2623,6,standard_1,Yahoo,はずれ,False,False,https://www.amazon.co.jp/dp/B07JQTNKH6,Yahoo最安 JAN=4961243239076,
658,B07JPZCZ63,drugstore,4961243240379,【2箱入り】2ウィークピュア うるおいプラス 【BC】8.6【DIA】13.8【PWR】+2.00 6枚入,2599.0,,2623,6,standard_1,Yahoo,はずれ,False,False,https://www.amazon.co.jp/dp/B07JPZCZ63,Yahoo最安 JAN=4961243240379,
659,B07JQ554BW,drugstore,4961243239014,【2箱入り】2ウィークピュア うるおいプラス 【BC】8.6【DIA】14.2【PWR】+3.25 6枚入,2599.0,,2623,6,standard_1,Yahoo,はずれ,False,False,https://www.amazon.co.jp/dp/B07JQ554BW,Yahoo最安 JAN=4961243239014,
660,B07JPM5385,drugstore,4961243240317,【2箱入り】2ウィークピュア うるおいプラス 【BC】8.6【DIA】13.8【PWR】+0.50 6枚入,2599.0,,2623,6,standard_1,Yahoo,はずれ,False,False,https://www.amazon.co.jp/dp/B07JPM5385,Yahoo最安 JAN=4961243240317,
661,B07JQ7FWL1,drugstore,4961243240324,【2箱入り】2ウィークピュア うるおいプラス 【BC】8.6【DIA】13.8【PWR】+0.75 6枚入,2599.0,,2623,6,standard_1,Yahoo,はずれ,False,False,https://www.amazon.co.jp/dp/B07JQ7FWL1,Yahoo最安 JAN=4961243240324,
662,B07JPZ6HVZ,drugstore,4961243240362,【2箱入り】2ウィークピュア うるおいプラス 【BC】8.6【DIA】13.8【PWR】+1.75 6枚入,2599.0,,2623,6,standard_1,Yahoo,はずれ,False,False,https://www.amazon.co.jp/dp/B07JPZ6HVZ,Yahoo最安 JAN=4961243240362,
663,B07JQ7FZY6,drugstore,4961243240171,【2箱入り】2ウィークピュア うるおいプラス 【BC】8.6【DIA】13.8【PWR】-10.50 6枚入,2590.0,,3104,10,standard_1,Yahoo,はずれ,False,False,https://www.amazon.co.jp/dp/B07JQ7FZY6,Yahoo最安 JAN=4961243240171,
664,B07JQ27W3S,drugstore,4961243239847,【2箱入り】2ウィークピュア うるおいプラス 【BC】8.6【DIA】13.8【PWR】-0.75 6枚入,2590.0,,2623,10,standard_1,Yahoo,はずれ,False,False,https://www.amazon.co.jp/dp/B07JQ27W3S,Yahoo最安 JAN=4961243239847,
665,B07JPLDDKD,drugstore,4961243240157,【2箱入り】2ウィークピュア うるおいプラス 【BC】8.6【DIA】13.8【PWR】-9.50 6枚入,2590.0,,2623,10,standard_1,Yahoo,はずれ,False,False,https://www.amazon.co.jp/dp/B07JPLDDKD,Yahoo最安 JAN=4961243240157,
666,B07JR23GZ2,drugstore,4961243238987,【2箱入り】2ウィークピュア うるおいプラス 【BC】8.6【DIA】14.2【PWR】+2.75 6枚入,2599.0,,2623,6,standard_1,楽天,はずれ,False,False,https://www.amazon.co.jp/dp/B07JR23GZ2,楽天最安 JAN=4961243238987,
667,B07JQCH8X5,drugstore,4961243240218,【2箱入り】2ウィークピュア うるおいプラス 【BC】8.6【DIA】13.8【PWR】-12.00 6枚入,2590.0,,2623,10,standard_1,Yahoo,はずれ,False,False,https://www.amazon.co.jp/dp/B07JQCH8X5,Yahoo最安 JAN=4961243240218,
668,B07JPKFLYS,drugstore,4961243240195,【2箱入り】2ウィークピュア うるおいプラス 【BC】8.6【DIA】13.8【PWR】-11.50 6枚入,2590.0,,2623,10,standard_1,Yahoo,はずれ,False,False,https://www.amazon.co.jp/dp/B07JPKFLYS,Yahoo最安 JAN=4961243240195,
669,B07JQ7GR7S,drugstore,4961243238956,【2箱入り】2ウィークピュア うるおいプラス 【BC】8.6【DIA】14.2【PWR】+2.00 6枚入,2599.0,,2623,7,standard_1,Yahoo,はずれ,False,False,https://www.amazon.co.jp/dp/B07JQ7GR7S,Yahoo最安 JAN=4961243238956,
670,B07JR4F1WV,drugstore,4961243238895,【2箱入り】2ウィークピュア うるおいプラス 【BC】8.6【DIA】14.2【PWR】+0.75 6枚入,2599.0,,2623,6,standard_1,Yahoo,はずれ,False,False,https://www.amazon.co.jp/dp/B07JR4F1WV,Yahoo最安 JAN=4961243238895,
671,B07JPGHH5N,drugstore,4961243238918,【2箱入り】2ウィークピュア うるおいプラス 【BC】8.6【DIA】14.2【PWR】+1.00 6枚入,2599.0,,2623,6,standard_1,Yahoo,はずれ,False,False,https://www.amazon.co.jp/dp/B07JPGHH5N,Yahoo最安 JAN=4961243238918,
672,B07JPL7M18,drugstore,4961243240355,【2箱入り】2ウィークピュア うるおいプラス 【BC】8.6【DIA】13.8【PWR】+1.50 6枚入,2599.0,,2623,6,standard_1,Yahoo,はずれ,False,False,https://www.amazon.co.jp/dp/B07JPL7M18,Yahoo最安 JAN=4961243240355,
673,B07JR4J642,drugstore,4961243238888,【2箱入り】2ウィークピュア うるおいプラス 【BC】8.6【DIA】14.2【PWR】+0.50 6枚入,2599.0,,2623,7,standard_1,Yahoo,はずれ,False,False,https://www.amazon.co.jp/dp/B07JR4J642,Yahoo最安 JAN=4961243238888,
674,B07JPK1BST,drugstore,4961243239052,【2箱入り】2ウィークピュア うるおいプラス 【BC】8.6【DIA】14.2【PWR】+4.25 6枚入,2599.0,,2623,6,standard_1,Yahoo,はずれ,False,False,https://www.amazon.co.jp/dp/B07JPK1BST,Yahoo最安 JAN=4961243239052,
675,B07JQ89MQD,drugstore,4961243240485,【2箱入り】2ウィークピュア うるおいプラス 【BC】8.6【DIA】13.8【PWR】+4.50 6枚入,2599.0,,2623,6,standard_1,Yahoo,はずれ,False,False,https://www.amazon.co.jp/dp/B07JQ89MQD,Yahoo最安 JAN=4961243240485,
676,B07JPX937D,drugstore,4961243240492,【2箱入り】2ウィークピュア うるおいプラス 【BC】8.6【DIA】13.8【PWR】+4.75 6枚入,2599.0,,2623,6,standard_1,Yahoo,はずれ,False,False,https://www.amazon.co.jp/dp/B07JPX937D,Yahoo最安 JAN=4961243240492,
677,B07JQPGFZL,drugstore,4961243240256,【2箱入り】2ウィークピュア うるおいプラス 【BC】8.6【DIA】13.8【PWR】-14.00 6枚入,2590.0,,2623,10,standard_1,Yahoo,はずれ,False,False,https://www.amazon.co.jp/dp/B07JQPGFZL,Yahoo最安 JAN=4961243240256,
678,B07JR1ZNCT,drugstore,4961243238949,【2箱入り】2ウィークピュア うるおいプラス 【BC】8.6【DIA】14.2【PWR】+1.75 6枚入,2599.0,,2623,6,standard_1,Yahoo,はずれ,False,False,https://www.amazon.co.jp/dp/B07JR1ZNCT,Yahoo最安 JAN=4961243238949,
679,B07JR76H6V,drugstore,4961243240331,【2箱入り】2ウィークピュア うるおいプラス 【BC】8.6【DIA】13.8【PWR】+1.00 6枚入,2599.0,,2623,6,standard_1,Yahoo,はずれ,False,False,https://www.amazon.co.jp/dp/B07JR76H6V,Yahoo最安 JAN=4961243240331,
680,B07JQ8BDQZ,drugstore,4961243240423,【2箱入り】2ウィークピュア うるおいプラス 【BC】8.6【DIA】13.8【PWR】+3.00 6枚入,2599.0,,2623,6,standard_1,Yahoo,はずれ,False,False,https://www.amazon.co.jp/dp/B07JQ8BDQZ,Yahoo最安 JAN=4961243240423,
681,B07JY7ZBGD,drugstore,4961243238925,【2箱入り】2ウィークピュア うるおいプラス 【BC】8.6【DIA】14.2【PWR】+1.25 6枚入,2599.0,,2623,6,standard_1,Yahoo,はずれ,False,False,https://www.amazon.co.jp/dp/B07JY7ZBGD,Yahoo最安 JAN=4961243238925,
682,B07JQ1KF8M,drugstore,4961243240348,【2箱入り】2ウィークピュア うるおいプラス 【BC】8.6【DIA】13.8【PWR】+1.25 6枚入,2599.0,,2623,6,standard_1,Yahoo,はずれ,False,False,https://www.amazon.co.jp/dp/B07JQ1KF8M,Yahoo最安 JAN=4961243240348,
683,B07JR7N7JX,drugstore,4961243240270,【2箱入り】2ウィークピュア うるおいプラス 【BC】8.6【DIA】13.8【PWR】-15.00 6枚入,2590.0,,2623,10,standard_1,Yahoo,はずれ,False,False,https://www.amazon.co.jp/dp/B07JR7N7JX,Yahoo最安 JAN=4961243240270,
684,B07JQ2LN7V,drugstore,4961243240386,【2箱入り】2ウィークピュア うるおいプラス 【BC】8.6【DIA】13.8【PWR】+2.25 6枚入,2599.0,,2623,6,standard_1,Yahoo,はずれ,False,False,https://www.amazon.co.jp/dp/B07JQ2LN7V,Yahoo最安 JAN=4961243240386,
685,B0CB3BS8TR,drugstore,4580213581122,【まとめ買い】 SHIKIEN (シキエン) 舌ブラシ W-1 (ダブルワン) PREMIUM for Kids 子供用,1570.0,,3450,2,small,Yahoo,はずれ,False,False,https://www.amazon.co.jp/dp/B0CB3BS8TR,Yahoo最安 JAN=4580213581122,
686,B0CB36N7NN,drugstore,4580213581115,【まとめ買い】 SHIKIEN (シキエン) 舌ブラシ W-1 (ダブルワン) PREMIUM 舌クリーナー 舌磨き 口,1698.0,,3109,3,small,Yahoo,はずれ,False,False,https://www.amazon.co.jp/dp/B0CB36N7NN,Yahoo最安 JAN=4580213581115,
687,B0CB31XKB4,drugstore,4580213581139,SHIKIEN (シキエン) 【まとめ買い】舌ブラシ W-1 (ダブルワン) PREMIUM & for Kids 大人,1780.0,,3450,2,small,Yahoo,はずれ,False,False,https://www.amazon.co.jp/dp/B0CB31XKB4,Yahoo最安 JAN=4580213581139,
688,B08GKTQZ1B,drugstore,4987306064782,【第1類医薬品】リアップリジェンヌ 60mL,4734.0,,3110,5,small,楽天,はずれ,False,False,https://www.amazon.co.jp/dp/B08GKTQZ1B,楽天最安 JAN=4987306064782,
689,B071JLVPZ5,drugstore,4511413624777,DHCプロティンダイエット15袋入,4746.0,,3113,3,standard_1,Yahoo,はずれ,False,False,https://www.amazon.co.jp/dp/B071JLVPZ5,Yahoo最安 JAN=4511413624777,
690,B0C5DB7YFW,drugstore,4901548664890,熱中対策 【まとめ買い】 タオルに氷をつくるスプレー -30℃の氷で冷やす 冷却スプレー 230ml×3個 小林製薬,1887.0,,3116,4,standard_1,Yahoo,はずれ,False,False,https://www.amazon.co.jp/dp/B0C5DB7YFW,Yahoo最安 JAN=4901548664890,
691,B0DF2CSQY1,drugstore,4580061701482,SIMPLE+ GABA 350mg サプリメント 1袋 21000mg ギャバ サプリ 60日分 (3袋セット),2955.0,,3120,2,small,,,False,False,https://www.amazon.co.jp/dp/B0DF2CSQY1,,
692,B00QLJ1XKU,drugstore,,【指定第2類医薬品】液体ムヒS2a 50mL ×3,1498.0,,2825,9,standard_1,,,False,False,https://www.amazon.co.jp/dp/B00QLJ1XKU,,
693,B0DF2KD5HS,drugstore,4580061701475,SIMPLE+ GABA 350mg サプリメント 1袋 21000mg ギャバ サプリ 60日分 (2袋セット),1995.0,,3011,2,small,,,False,False,https://www.amazon.co.jp/dp/B0DF2KD5HS,,
694,B0GK133P2D,drugstore,4901080327215,マモルーム 虫よけ吊るだけプレート 吊り下げ 虫除け 置き型 ベランダ用+玄関用 9ヵ月 ペアパック 害虫対策 虫よけ ,1147.0,,3130,3,small,Yahoo,はずれ,False,False,https://www.amazon.co.jp/dp/B0GK133P2D,Yahoo最安 JAN=4901080327215,
695,B0DHFLHNHF,drugstore,4904740672311,【医薬部外品】シュミテクト トゥルーホワイト歯磨き粉 知覚過敏ケア 高濃度フッ素配合<1450ppm> 歯磨き粉2本+歯,1930.0,,3133,4,small,楽天,はずれ,False,False,https://www.amazon.co.jp/dp/B0DHFLHNHF,楽天最安 JAN=4904740672311,
696,B07SNJ7PJ8,drugstore,4987603190399,白十字 滅菌ガーゼ ステラーゼ タイプIII 10×10cm 12折 50枚入 個包装 一般医療機器,1925.0,,3511,4,standard_1,Yahoo,はずれ,False,False,https://www.amazon.co.jp/dp/B07SNJ7PJ8,Yahoo最安 JAN=4987603190399,
697,B07SNJNWLB,drugstore,4987603190375,白十字 滅菌ガーゼ ステラーゼ タイプIII 7.5×7.5cm 12折 1枚×50袋 個包装 一般医療機器,1132.0,,3511,2,small,楽天,はずれ,False,False,https://www.amazon.co.jp/dp/B07SNJNWLB,楽天最安 JAN=4987603190375,
698,B07SNK5H2Q,drugstore,4987603190382,白十字 滅菌ガーゼ ステラーゼ タイプIII 7.5×10cm 12折 1枚×50袋 個包装 一般医療機器,1330.0,,3511,2,standard_1,楽天,はずれ,False,False,https://www.amazon.co.jp/dp/B07SNK5H2Q,楽天最安 JAN=4987603190382,
699,B001B8Z48I,drugstore,4947990611181,満天社 ヘッドスパ ハンドプロ(プッシュタイプ),1581.0,,3138,7,small,Yahoo,はずれ,False,False,https://www.amazon.co.jp/dp/B001B8Z48I,Yahoo最安 JAN=4947990611181,
700,B0CTJZJ5JT,drugstore,4582638838584,カラコン LARME SILICONE HYDROGEL WMOIST UV ラルムシリコンハイドロゲル Wモイスト(1,1760.0,,2759,1,standard_1,,,False,False,https://www.amazon.co.jp/dp/B0CTJZJ5JT,,
701,B00SWA7YRC,drugstore,,【第3類医薬品】龍角散ダイレクトスティックミント 16包 ×8,4462.0,,2870,5,standard_1,,,False,False,https://www.amazon.co.jp/dp/B00SWA7YRC,,
702,B00SWA84YE,drugstore,,【第3類医薬品】龍角散ダイレクトスティックミント 16包 ×7,3899.0,,2870,7,standard_1,,,False,False,https://www.amazon.co.jp/dp/B00SWA84YE,,
703,B00SWA81WE,drugstore,,【第3類医薬品】龍角散ダイレクトスティックミント 16包 ×6,3168.0,,2870,8,standard_1,,,False,False,https://www.amazon.co.jp/dp/B00SWA81WE,,
704,B00SWA7VUW,drugstore,,【第3類医薬品】龍角散ダイレクトスティックミント 16包 ×9,4688.0,,2870,6,standard_1,,,False,False,https://www.amazon.co.jp/dp/B00SWA7VUW,,
705,B0FSSLDPBV,drugstore,,【ミレディ公式店】カラコン melady ミレディ ワンデー 1day 大谷映美里 みりにゃ 10枚入り ミレディブラウ,1351.0,,2489,2,small,,,False,False,https://www.amazon.co.jp/dp/B0FSSLDPBV,,
706,B0G5PHP73W,drugstore,,【ミレディ公式店】カラコン melady ミレディ ワンデー 1day 大谷映美里 みりにゃ 10枚入り マリアリング ,1351.0,,2489,2,small,,,False,False,https://www.amazon.co.jp/dp/B0G5PHP73W,,
707,B0FSSNHJDK,drugstore,,【ミレディ公式店】カラコン melady ミレディ ワンデー 1day 大谷映美里 みりにゃ 10枚入り ライアーピンク,1351.0,,2489,2,small,,,False,False,https://www.amazon.co.jp/dp/B0FSSNHJDK,,
708,B0CTJZHX66,drugstore,4573504470625,カラコン LARME SILICONE HYDROGEL WMOIST UV ラルムシリコンハイドロゲル Wモイスト(1,1739.0,,2759,2,standard_1,,,False,False,https://www.amazon.co.jp/dp/B0CTJZHX66,,
709,B0CTJYBRJG,drugstore,4573504470670,カラコン LARME SILICONE HYDROGEL WMOIST UV ラルムシリコンハイドロゲル Wモイスト(1,1760.0,,2759,1,standard_1,,,False,False,https://www.amazon.co.jp/dp/B0CTJYBRJG,,
710,B0CTJZPSJZ,drugstore,4582638837921,カラコン LARME SILICONE HYDROGEL WMOIST UV ラルムシリコンハイドロゲル Wモイスト(1,1760.0,,2759,1,standard_1,,,False,False,https://www.amazon.co.jp/dp/B0CTJZPSJZ,,
711,B0CTJZJLG6,drugstore,4573504470793,カラコン LARME SILICONE HYDROGEL WMOIST UV ラルムシリコンハイドロゲル Wモイスト(1,1760.0,,2759,1,standard_1,,,False,False,https://www.amazon.co.jp/dp/B0CTJZJLG6,,
712,B0CTJY31ZL,drugstore,4573504470199,カラコン LARME SILICONE HYDROGEL WMOIST UV ラルムシリコンハイドロゲル Wモイスト(1,1760.0,,2759,1,standard_1,,,False,False,https://www.amazon.co.jp/dp/B0CTJY31ZL,,
713,B0CTJY3DNJ,drugstore,4573504470281,カラコン LARME SILICONE HYDROGEL WMOIST UV ラルムシリコンハイドロゲル Wモイスト(1,1739.0,,2759,2,standard_1,,,False,False,https://www.amazon.co.jp/dp/B0CTJY3DNJ,,
714,B0CTJYMTV4,drugstore,4582638837839,カラコン LARME SILICONE HYDROGEL WMOIST UV ラルムシリコンハイドロゲル Wモイスト(1,1760.0,,2759,1,standard_1,,,False,False,https://www.amazon.co.jp/dp/B0CTJYMTV4,,
715,B0CTJYGZNN,drugstore,4582638837969,カラコン LARME SILICONE HYDROGEL WMOIST UV ラルムシリコンハイドロゲル Wモイスト(1,1739.0,,2759,2,standard_1,,,False,False,https://www.amazon.co.jp/dp/B0CTJYGZNN,,
716,B0CTJX4K5J,drugstore,4582638838447,カラコン LARME SILICONE HYDROGEL WMOIST UV ラルムシリコンハイドロゲル Wモイスト(1,1760.0,,2759,1,standard_1,,,False,False,https://www.amazon.co.jp/dp/B0CTJX4K5J,,
717,B0CTJWRR2J,drugstore,4582638838287,カラコン LARME SILICONE HYDROGEL WMOIST UV ラルムシリコンハイドロゲル Wモイスト(1,1760.0,,2759,1,standard_1,,,False,False,https://www.amazon.co.jp/dp/B0CTJWRR2J,,
718,B0CTJYBG5G,drugstore,4573504470724,カラコン LARME SILICONE HYDROGEL WMOIST UV ラルムシリコンハイドロゲル Wモイスト(1,1739.0,,2759,2,standard_1,,,False,False,https://www.amazon.co.jp/dp/B0CTJYBG5G,,
719,B0CTJZFJ7K,drugstore,4573504471189,カラコン LARME SILICONE HYDROGEL WMOIST UV ラルムシリコンハイドロゲル Wモイスト(1,1739.0,,2759,2,standard_1,,,False,False,https://www.amazon.co.jp/dp/B0CTJZFJ7K,,
720,B0CTJZP5R4,drugstore,4582638838515,カラコン LARME SILICONE HYDROGEL WMOIST UV ラルムシリコンハイドロゲル Wモイスト(1,1760.0,,2759,1,standard_1,,,False,False,https://www.amazon.co.jp/dp/B0CTJZP5R4,,
721,B0CTJXHQ8G,drugstore,4582638838034,カラコン LARME SILICONE HYDROGEL WMOIST UV ラルムシリコンハイドロゲル Wモイスト(1,1760.0,,2759,1,standard_1,,,False,False,https://www.amazon.co.jp/dp/B0CTJXHQ8G,,
722,B0CTJZ5SW1,drugstore,4573504471035,カラコン LARME SILICONE HYDROGEL WMOIST UV ラルムシリコンハイドロゲル Wモイスト(1,1760.0,,2759,1,standard_1,,,False,False,https://www.amazon.co.jp/dp/B0CTJZ5SW1,,
723,B0CTJYKSKR,drugstore,4573504471264,カラコン LARME SILICONE HYDROGEL WMOIST UV ラルムシリコンハイドロゲル Wモイスト(1,1760.0,,2759,1,standard_1,,,False,False,https://www.amazon.co.jp/dp/B0CTJYKSKR,,
724,B0CTJZTBQN,drugstore,4582638838362,カラコン LARME SILICONE HYDROGEL WMOIST UV ラルムシリコンハイドロゲル Wモイスト(1,1760.0,,2759,1,standard_1,,,False,False,https://www.amazon.co.jp/dp/B0CTJZTBQN,,
725,B0CTK11Z56,drugstore,4573504470250,カラコン LARME SILICONE HYDROGEL WMOIST UV ラルムシリコンハイドロゲル Wモイスト(1,1760.0,,2759,1,standard_1,,,False,False,https://www.amazon.co.jp/dp/B0CTK11Z56,,
726,B0CTJZPV8F,drugstore,4573504470588,カラコン LARME SILICONE HYDROGEL WMOIST UV ラルムシリコンハイドロゲル Wモイスト(1,1760.0,,2759,1,standard_1,,,False,False,https://www.amazon.co.jp/dp/B0CTJZPV8F,,
727,B0CTJZPSJP,drugstore,4582638838294,カラコン LARME SILICONE HYDROGEL WMOIST UV ラルムシリコンハイドロゲル Wモイスト(1,1760.0,,2759,1,standard_1,,,False,False,https://www.amazon.co.jp/dp/B0CTJZPSJP,,
728,B0CTJY8K8H,drugstore,4573504470977,カラコン LARME SILICONE HYDROGEL WMOIST UV ラルムシリコンハイドロゲル Wモイスト(1,1760.0,,2759,1,standard_1,Yahoo,はずれ,False,False,https://www.amazon.co.jp/dp/B0CTJY8K8H,Yahoo最安 JAN=4573504470977,
729,B0CTJY6ML7,drugstore,4582638837815,カラコン LARME SILICONE HYDROGEL WMOIST UV ラルムシリコンハイドロゲル Wモイスト(1,1760.0,,2759,1,standard_1,,,False,False,https://www.amazon.co.jp/dp/B0CTJY6ML7,,
730,B0CTJY2N19,drugstore,4582638837747,カラコン LARME SILICONE HYDROGEL WMOIST UV ラルムシリコンハイドロゲル Wモイスト(1,1760.0,,2759,1,standard_1,,,False,False,https://www.amazon.co.jp/dp/B0CTJY2N19,,
731,B0CTJZHQLM,drugstore,4573504470984,カラコン LARME SILICONE HYDROGEL WMOIST UV ラルムシリコンハイドロゲル Wモイスト(1,1760.0,,2759,1,standard_1,楽天,はずれ,False,False,https://www.amazon.co.jp/dp/B0CTJZHQLM,楽天最安 JAN=4573504470984,
732,B0CTJZLJTR,drugstore,4573504470663,カラコン LARME SILICONE HYDROGEL WMOIST UV ラルムシリコンハイドロゲル Wモイスト(1,1760.0,,2759,1,standard_1,,,False,False,https://www.amazon.co.jp/dp/B0CTJZLJTR,,
733,B0CTJYRX8W,drugstore,4573504470656,カラコン LARME SILICONE HYDROGEL WMOIST UV ラルムシリコンハイドロゲル Wモイスト(1,1760.0,,2759,1,standard_1,Yahoo,はずれ,False,False,https://www.amazon.co.jp/dp/B0CTJYRX8W,Yahoo最安 JAN=4573504470656,
734,B0CTJZ7LFS,drugstore,4582638837693,カラコン LARME SILICONE HYDROGEL WMOIST UV ラルムシリコンハイドロゲル Wモイスト(1,1760.0,,2759,1,standard_1,Yahoo,はずれ,False,False,https://www.amazon.co.jp/dp/B0CTJZ7LFS,Yahoo最安 JAN=4582638837693,
735,B0CTJZGNHN,drugstore,4573504470212,カラコン LARME SILICONE HYDROGEL WMOIST UV ラルムシリコンハイドロゲル Wモイスト(1,1760.0,,2759,1,standard_1,,,False,False,https://www.amazon.co.jp/dp/B0CTJZGNHN,,
736,B0CTJZ8BH8,drugstore,4573504470915,カラコン LARME SILICONE HYDROGEL WMOIST UV ラルムシリコンハイドロゲル Wモイスト(1,1760.0,,2759,1,standard_1,,,False,False,https://www.amazon.co.jp/dp/B0CTJZ8BH8,,
737,B0CTJYW548,drugstore,4573504470397,カラコン LARME SILICONE HYDROGEL WMOIST UV ラルムシリコンハイドロゲル Wモイスト(1,1760.0,,2759,1,standard_1,,,False,False,https://www.amazon.co.jp/dp/B0CTJYW548,,
738,B0CTJZ7CH3,drugstore,4573504470489,カラコン LARME SILICONE HYDROGEL WMOIST UV ラルムシリコンハイドロゲル Wモイスト(1,1760.0,,2759,1,standard_1,,,False,False,https://www.amazon.co.jp/dp/B0CTJZ7CH3,,
739,B0CTJZ8P17,drugstore,4573504471011,カラコン LARME SILICONE HYDROGEL WMOIST UV ラルムシリコンハイドロゲル Wモイスト(1,1760.0,,2759,1,standard_1,,,False,False,https://www.amazon.co.jp/dp/B0CTJZ8P17,,
740,B0CTJX38WS,drugstore,4582638837709,カラコン LARME SILICONE HYDROGEL WMOIST UV ラルムシリコンハイドロゲル Wモイスト(1,1760.0,,2759,1,standard_1,楽天,はずれ,False,False,https://www.amazon.co.jp/dp/B0CTJX38WS,楽天最安 JAN=4582638837709,
741,B0CTJZFCQX,drugstore,4582638838065,カラコン LARME SILICONE HYDROGEL WMOIST UV ラルムシリコンハイドロゲル Wモイスト(1,1760.0,,2759,1,standard_1,,,False,False,https://www.amazon.co.jp/dp/B0CTJZFCQX,,
742,B0CTJY3D6M,drugstore,4573504470267,カラコン LARME SILICONE HYDROGEL WMOIST UV ラルムシリコンハイドロゲル Wモイスト(1,1760.0,,2759,1,standard_1,,,False,False,https://www.amazon.co.jp/dp/B0CTJY3D6M,,
743,B0CTJWS3NK,drugstore,4582638838461,カラコン LARME SILICONE HYDROGEL WMOIST UV ラルムシリコンハイドロゲル Wモイスト(1,1760.0,,2759,1,standard_1,,,False,False,https://www.amazon.co.jp/dp/B0CTJWS3NK,,
744,B0CTJYGTKN,drugstore,4573504470151,カラコン LARME SILICONE HYDROGEL WMOIST UV ラルムシリコンハイドロゲル Wモイスト(1,1760.0,,2759,1,standard_1,,,False,False,https://www.amazon.co.jp/dp/B0CTJYGTKN,,
745,B0CTJZ7S9J,drugstore,4573504471271,カラコン LARME SILICONE HYDROGEL WMOIST UV ラルムシリコンハイドロゲル Wモイスト(1,1760.0,,2759,1,standard_1,,,False,False,https://www.amazon.co.jp/dp/B0CTJZ7S9J,,
746,B0CTJZLHRT,drugstore,4582638838164,カラコン LARME SILICONE HYDROGEL WMOIST UV ラルムシリコンハイドロゲル Wモイスト(1,1760.0,,2759,1,standard_1,,,False,False,https://www.amazon.co.jp/dp/B0CTJZLHRT,,
747,B0CTJZBQ6P,drugstore,4582638838225,カラコン LARME SILICONE HYDROGEL WMOIST UV ラルムシリコンハイドロゲル Wモイスト(1,1760.0,,2759,1,standard_1,,,False,False,https://www.amazon.co.jp/dp/B0CTJZBQ6P,,
748,B0CTJWMYM3,drugstore,4582638837785,カラコン LARME SILICONE HYDROGEL WMOIST UV ラルムシリコンハイドロゲル Wモイスト(1,1760.0,,2759,1,standard_1,,,False,False,https://www.amazon.co.jp/dp/B0CTJWMYM3,,
749,B0CTJZ2WTG,drugstore,4582638838379,カラコン LARME SILICONE HYDROGEL WMOIST UV ラルムシリコンハイドロゲル Wモイスト(1,1760.0,,2759,1,standard_1,,,False,False,https://www.amazon.co.jp/dp/B0CTJZ2WTG,,
750,B0CTJY8KPK,drugstore,4582638838249,カラコン LARME SILICONE HYDROGEL WMOIST UV ラルムシリコンハイドロゲル Wモイスト(1,1760.0,,2759,1,standard_1,,,False,False,https://www.amazon.co.jp/dp/B0CTJY8KPK,,
751,B0CTJWRDTS,drugstore,4573504470649,カラコン LARME SILICONE HYDROGEL WMOIST UV ラルムシリコンハイドロゲル Wモイスト(1,1760.0,,2759,1,standard_1,,,False,False,https://www.amazon.co.jp/dp/B0CTJWRDTS,,
752,B0CTJY6WMF,drugstore,4582638837990,カラコン LARME SILICONE HYDROGEL WMOIST UV ラルムシリコンハイドロゲル Wモイスト(1,1760.0,,2759,1,standard_1,,,False,False,https://www.amazon.co.jp/dp/B0CTJY6WMF,,
753,B0CTJZHSTQ,drugstore,4573504470540,カラコン LARME SILICONE HYDROGEL WMOIST UV ラルムシリコンハイドロゲル Wモイスト(1,1760.0,,2759,1,standard_1,,,False,False,https://www.amazon.co.jp/dp/B0CTJZHSTQ,,
754,B0CTJZWFJC,drugstore,4573504471028,カラコン LARME SILICONE HYDROGEL WMOIST UV ラルムシリコンハイドロゲル Wモイスト(1,1760.0,,2759,1,standard_1,,,False,False,https://www.amazon.co.jp/dp/B0CTJZWFJC,,
755,B0CTJZB4KJ,drugstore,4573504471073,カラコン LARME SILICONE HYDROGEL WMOIST UV ラルムシリコンハイドロゲル Wモイスト(1,1760.0,,2759,1,standard_1,,,False,False,https://www.amazon.co.jp/dp/B0CTJZB4KJ,,
756,B0CTJWS3N5,drugstore,4573504471240,カラコン LARME SILICONE HYDROGEL WMOIST UV ラルムシリコンハイドロゲル Wモイスト(1,1739.0,,2759,2,standard_1,,,False,False,https://www.amazon.co.jp/dp/B0CTJWS3N5,,
757,B0CTJXHD99,drugstore,4573504470908,カラコン LARME SILICONE HYDROGEL WMOIST UV ラルムシリコンハイドロゲル Wモイスト(1,1760.0,,2759,1,standard_1,,,False,False,https://www.amazon.co.jp/dp/B0CTJXHD99,,
758,B0CTJZGLZ1,drugstore,4573504470694,カラコン LARME SILICONE HYDROGEL WMOIST UV ラルムシリコンハイドロゲル Wモイスト(1,1760.0,,2759,1,standard_1,,,False,False,https://www.amazon.co.jp/dp/B0CTJZGLZ1,,
759,B0BZVVJDNV,drugstore,4902011105056,アテント パッド ふだんの下着に使えるパッド 192枚(24枚×8パック)300ml 【ケース販売】,6161.0,,3144,5,large_2,Yahoo,はずれ,False,False,https://www.amazon.co.jp/dp/B0BZVVJDNV,Yahoo最安 JAN=4902011105056,
760,B01L8B94O2,drugstore,,富士錦 パワー森林香(赤色) 30巻入り by 児玉兄弟商会,1780.0,,3147,5,standard_1,,,False,False,https://www.amazon.co.jp/dp/B01L8B94O2,,
761,B0H2D58FDX,drugstore,4530107547390,L'air De SAVON(レールデュサボン) 柔軟剤 [ ケース販売 960ml×8本 ]【シャワーを浴びた後の心地,7780.0,,3114,2,large_2,,,False,False,https://www.amazon.co.jp/dp/B0H2D58FDX,,
762,B001ET76AI,drugstore,0697029284377,【お得な2本セット【セラブレス フレッシュブレス オーラルリンス マイルドミント 473ml/16オンス 並行輸入品 T,3100.0,,3158,9,standard_2,楽天,はずれ,False,False,https://www.amazon.co.jp/dp/B001ET76AI,楽天最安 JAN=0697029284377,
763,B09M2RMY6T,drugstore,4530107321525,L'air De SAVON(レールデュサボン) 大容量 柔軟剤 【シャワーを浴びた後の心地よさを感じる香り】 フィーリ,1580.0,,3159,7,standard_1,楽天,はずれ,False,False,https://www.amazon.co.jp/dp/B09M2RMY6T,楽天最安 JAN=4530107321525,
764,B09LTB1P2Z,drugstore,4530107321884,L'air De SAVON(レールデュサボン) 大容量 柔軟剤 【バスタイムのリラックス感を感じる香り】 イノセントタ,2310.0,,3159,2,standard_2,Yahoo,はずれ,False,False,https://www.amazon.co.jp/dp/B09LTB1P2Z,Yahoo最安 JAN=4530107321884,
765,B09M2QMMJG,drugstore,4530107321518,L'air De SAVON(レールデュサボン) 大容量 柔軟剤 【洗いたてのタオルのような安心感】 センシュアルタッチ,1200.0,,3159,9,standard_1,楽天,はずれ,False,False,https://www.amazon.co.jp/dp/B09M2QMMJG,楽天最安 JAN=4530107321518,
766,B09M2LNJJ6,drugstore,4530107321587,L'air De SAVON(レールデュサボン) 大容量 柔軟剤 【シャワーを浴びた後の心地よさを感じる香り】 フィーリ,1800.0,,3159,2,standard_1,Yahoo,はずれ,False,False,https://www.amazon.co.jp/dp/B09M2LNJJ6,Yahoo最安 JAN=4530107321587,
767,B09M2XZHF3,drugstore,4530107321570,L'air De SAVON(レールデュサボン) 大容量 柔軟剤 【洗いたてのタオルのような安心感】 センシュアルタッチ,1680.0,,3159,3,standard_1,Yahoo,はずれ,False,False,https://www.amazon.co.jp/dp/B09M2XZHF3,Yahoo最安 JAN=4530107321570,
768,B0CJDNNNKM,drugstore,4530107540391,L'air De SAVON(レールデュサボン) 大容量 柔軟剤 セット 【シャワーを浴びた後の心地よさを感じる香り】 ,2000.0,,3159,2,standard_2,楽天,はずれ,False,False,https://www.amazon.co.jp/dp/B0CJDNNNKM,楽天最安 JAN=4530107540391,
769,B014F3PXFO,drugstore,,【第2類医薬品】ヘパソフトプラス 50g ×4,4717.0,,3301,4,standard_1,,,False,False,https://www.amazon.co.jp/dp/B014F3PXFO,,
770,B014F3PM4Q,drugstore,,【第2類医薬品】ヘパソフトプラス 50g ×2,2025.0,,3161,8,standard_1,,,False,False,https://www.amazon.co.jp/dp/B014F3PM4Q,,
771,B014F3PRWS,drugstore,,【第2類医薬品】ヘパソフトプラス 50g ×5,4881.0,,3301,5,standard_1,,,False,False,https://www.amazon.co.jp/dp/B014F3PRWS,,
772,B014F3Q402,drugstore,,【第2類医薬品】ヘパソフトプラス 50g ×3,3002.0,,3161,4,standard_1,,,False,False,https://www.amazon.co.jp/dp/B014F3Q402,,
773,B07WSSYGQN,drugstore,4901001926114,アミノバイタル BCAA EAAアミノ酸 2200mg アクティブファイン60本入箱 グレープフルーツ味 コンディショニ,4200.0,,3162,6,small,Yahoo,はずれ,False,False,https://www.amazon.co.jp/dp/B07WSSYGQN,Yahoo最安 JAN=4901001926114,
774,B00IAFOKSK,drugstore,4007547561700,sonett ソネット 洗濯用洗剤 ウォッシュリキッド センシティブ 液体洗剤 無香料 大容量 詰替 10L ポンプ別売,9801.0,,3167,7,large_2,楽天,はずれ,False,False,https://www.amazon.co.jp/dp/B00IAFOKSK,楽天最安 JAN=4007547561700,
775,B00UN14OL2,drugstore,4007547561908,sonett ソネット 洗濯用洗剤 ウォッシュリキッド 液体洗剤 ラベンダー 本体 750ml 肌にやさしい 敏感肌 オ,1591.0,,3167,9,standard_1,Yahoo,はずれ,False,False,https://www.amazon.co.jp/dp/B00UN14OL2,Yahoo最安 JAN=4007547561908,
776,B0038HH5JG,drugstore,4007547541405,sonett ソネット 洗濯用洗剤 ウォッシュリキッド 液体洗剤 ラベンダー 大容量 詰替 5L ポンプ別売 敏感肌 オ,5986.0,,3167,3,large_2,Yahoo,はずれ,False,False,https://www.amazon.co.jp/dp/B0038HH5JG,Yahoo最安 JAN=4007547541405,
777,B00IICMNHA,drugstore,4007547561502,sonett ソネット 洗濯用洗剤 ウォッシュリキッド センシティブ 液体洗剤 無香料 本体 2L 肌にやさしい 敏感肌,2200.0,,3167,6,large_1,Yahoo,はずれ,False,False,https://www.amazon.co.jp/dp/B00IICMNHA,Yahoo最安 JAN=4007547561502,
778,B071YP6TS4,drugstore,4573390720019,バイオペースト 60g 歯磨き粉 フッ素なし 無添加 オーガニック 口臭ケア 研磨剤不使用 飲み込める 全成分天然由来の,4989.0,,3170,3,standard_1,Yahoo,原石,True,True,https://www.amazon.co.jp/dp/B071YP6TS4,Yahoo最安 JAN=4573390720019,
779,B01GRASI2S,drugstore,4573390720019,バイオペースト 60g 歯磨き粉 フッ素なし 無添加 オーガニック 口臭ケア 研磨剤不使用 飲み込める 全成分天然由来の,1848.0,,3170,3,small,Yahoo,はずれ,False,False,https://www.amazon.co.jp/dp/B01GRASI2S,Yahoo最安 JAN=4573390720019,
780,B0FNQ1Z7PY,drugstore,4904740684550,【まとめ買い】 ファーファ ファインフレグランス 柔軟剤 オム 1400ml 大容量 詰替 クリスタルムスクの香り ×2,3273.0,,3172,2,large_1,Yahoo,はずれ,False,False,https://www.amazon.co.jp/dp/B0FNQ1Z7PY,Yahoo最安 JAN=4904740684550,
781,B0G6JPPVG5,drugstore,4006230000793,香りづけ洗濯洗剤 アフューム ウードローズ 液体洗剤 酵素系成分 OXIフレッシュネス 香り長続き (2L),1920.0,,3176,2,large_1,楽天,はずれ,False,False,https://www.amazon.co.jp/dp/B0G6JPPVG5,楽天最安 JAN=4006230000793,
782,B07RZ3J7BG,drugstore,4511413616789,DHC レシチン 30日分 3個セット,1345.0,,3181,6,small,楽天,あやしい,False,False,https://www.amazon.co.jp/dp/B07RZ3J7BG,楽天最安 JAN=4511413616789,
783,B085QS1PST,drugstore,,【第2類医薬品】スットノーズαプラス点鼻薬 30mL ×5,1781.0,,3181,3,standard_1,,,False,False,https://www.amazon.co.jp/dp/B085QS1PST,,
784,B09QPN4KV2,drugstore,4963507453914,[快歩主義] 介護シューズ 軽量　幅広5E 転倒予防 KHS-L011 5Eレディース,4407.0,,3184,9,standard_1,Yahoo,はずれ,False,False,https://www.amazon.co.jp/dp/B09QPN4KV2,Yahoo最安 JAN=4963507453914,
785,B0DWX3M7MP,drugstore,4901301449764,アタック 【大容量】消臭ストロングジェル 洗濯洗剤 液体 尿臭 体臭 便臭すっきり消臭 詰め替え 1150g,1260.0,,3189,10,standard_2,Yahoo,はずれ,False,False,https://www.amazon.co.jp/dp/B0DWX3M7MP,Yahoo最安 JAN=4901301449764,
786,B0DLNM3167,drugstore,4903320959811,レック 激落ちシート 窓用 マイクロファイバー 15枚 4個セット 洗剤不使用 (窓洗い ・ 窓掃除),1270.0,,2733,4,standard_1,Yahoo,はずれ,False,False,https://www.amazon.co.jp/dp/B0DLNM3167,Yahoo最安 JAN=4903320959811,
787,B08JZPTHCG,drugstore,4904740632483,【まとめ買い】トイレの消臭力 プレミアムアロマ トイレ用 クラシックセオリー 400ml×3個 トイレ 置き型 消臭剤 ,2150.0,,3190,4,standard_2,Yahoo,はずれ,False,False,https://www.amazon.co.jp/dp/B08JZPTHCG,Yahoo最安 JAN=4904740632483,
788,B0DLN41K47,drugstore,4903320959842,レック(LEC) 激落ちくん お掃除 ウエットシート (液晶テレビ用) 15枚入× 4個セット / マイクロファイバー配,1251.0,,3190,2,standard_1,Yahoo,はずれ,False,False,https://www.amazon.co.jp/dp/B0DLN41K47,Yahoo最安 JAN=4903320959842,
789,B0B9MJVHHF,drugstore,4571157259246,オリヒロ ルテインプラス 徳用 60日分 [機能性表示食品] ルテイン ゼアキサンチン,1680.0,,3192,10,small,Yahoo,はずれ,False,False,https://www.amazon.co.jp/dp/B0B9MJVHHF,Yahoo最安 JAN=4571157259246,
790,B085Y7DWMG,drugstore,4582575390015,ワンデーリフレアUVモイスチャー38 1日使い捨て コンタクトレンズ 1箱30枚(PWR -0.50),1200.0,,2927,8,small,Yahoo,はずれ,False,False,https://www.amazon.co.jp/dp/B085Y7DWMG,Yahoo最安 JAN=4582575390015,
791,B0FLDY6JHH,drugstore,4901301456090,アタック 【ケース販売】高浸透リセットパワー 800ｇ×8個,4113.0,,3196,4,large_2,楽天,はずれ,False,False,https://www.amazon.co.jp/dp/B0FLDY6JHH,楽天最安 JAN=4901301456090,
792,B0FLDVQZ71,drugstore,4901301456106,アタック 【ケース販売】高浸透リセットパワー つめかえ用 700ｇ×8個,3483.0,,3196,2,large_2,Yahoo,はずれ,False,False,https://www.amazon.co.jp/dp/B0FLDVQZ71,Yahoo最安 JAN=4901301456106,
793,B085Y7SZSL,drugstore,4582575390268,ワンデーリフレアUVモイスチャー38 1日使い捨て コンタクトレンズ 1箱30枚(PWR -7.50),1200.0,,2927,9,small,,,False,False,https://www.amazon.co.jp/dp/B085Y7SZSL,,
794,B085Y7D2N2,drugstore,4582575390053,ワンデーリフレアUVモイスチャー38 1日使い捨て コンタクトレンズ 1箱30枚(PWR -1.50),1200.0,,2927,9,small,,,False,False,https://www.amazon.co.jp/dp/B085Y7D2N2,,
795,B085Y79BTH,drugstore,4582575390220,ワンデーリフレアUVモイスチャー38 1日使い捨て コンタクトレンズ 1箱30枚(PWR -5.75),1200.0,,2927,9,small,,,False,False,https://www.amazon.co.jp/dp/B085Y79BTH,,
796,B085Y7KP7Z,drugstore,4582575390213,ワンデーリフレアUVモイスチャー38 1日使い捨て コンタクトレンズ 1箱30枚(PWR -5.50),1200.0,,3198,9,small,,,False,False,https://www.amazon.co.jp/dp/B085Y7KP7Z,,
797,B085Y7FK7T,drugstore,4582575390114,ワンデーリフレアUVモイスチャー38 1日使い捨て コンタクトレンズ 1箱30枚(PWR -3.00),1200.0,,3198,8,small,楽天,はずれ,False,False,https://www.amazon.co.jp/dp/B085Y7FK7T,楽天最安 JAN=4582575390114,
798,B085Y7DZBK,drugstore,4582575390046,ワンデーリフレアUVモイスチャー38 1日使い捨て コンタクトレンズ 1箱30枚(PWR -1.25),1200.0,,3198,9,small,,,False,False,https://www.amazon.co.jp/dp/B085Y7DZBK,,
799,B085Y7JNF8,drugstore,4582575390169,ワンデーリフレアUVモイスチャー38 1日使い捨て コンタクトレンズ 1箱30枚(PWR -4.25),1200.0,,3198,9,small,,,False,False,https://www.amazon.co.jp/dp/B085Y7JNF8,,
800,B085Y6SFKX,drugstore,4582575390183,ワンデーリフレアUVモイスチャー38 1日使い捨て コンタクトレンズ 1箱30枚(PWR -4.75),1200.0,,3198,9,small,,,False,False,https://www.amazon.co.jp/dp/B085Y6SFKX,,
801,B085Y81DBN,drugstore,4582575390282,ワンデーリフレアUVモイスチャー38 1日使い捨て コンタクトレンズ 1箱30枚(PWR -8.50),1200.0,,3198,9,small,,,False,False,https://www.amazon.co.jp/dp/B085Y81DBN,,
802,B085Y7XJ4P,drugstore,4582575390060,ワンデーリフレアUVモイスチャー38 1日使い捨て コンタクトレンズ 1箱30枚(PWR -1.75),1200.0,,3198,9,small,,,False,False,https://www.amazon.co.jp/dp/B085Y7XJ4P,,
803,B085Y7D2RL,drugstore,4582575390039,ワンデーリフレアUVモイスチャー38 1日使い捨て コンタクトレンズ 1箱30枚(PWR -1.00),1200.0,,3198,8,small,,,False,False,https://www.amazon.co.jp/dp/B085Y7D2RL,,
804,B085Y7DBKQ,drugstore,4582575390077,ワンデーリフレアUVモイスチャー38 1日使い捨て コンタクトレンズ 1箱30枚(PWR -2.00),1200.0,,3198,9,small,,,False,False,https://www.amazon.co.jp/dp/B085Y7DBKQ,,
805,B085Y78CG5,drugstore,4582575390190,ワンデーリフレアUVモイスチャー38 1日使い捨て コンタクトレンズ 1箱30枚(PWR -5.00),1200.0,,2927,9,small,楽天,はずれ,False,False,https://www.amazon.co.jp/dp/B085Y78CG5,楽天最安 JAN=4582575390190,
806,B085Y7CKGP,drugstore,4582575390121,ワンデーリフレアUVモイスチャー38 1日使い捨て コンタクトレンズ 1箱30枚(PWR -3.25),1200.0,,3198,9,small,,,False,False,https://www.amazon.co.jp/dp/B085Y7CKGP,,
807,B085Y79YVF,drugstore,4582575390145,ワンデーリフレアUVモイスチャー38 1日使い捨て コンタクトレンズ 1箱30枚(PWR -3.75),1200.0,,3198,9,small,,,False,False,https://www.amazon.co.jp/dp/B085Y79YVF,,
808,B085Y76NVD,drugstore,4582575390084,ワンデーリフレアUVモイスチャー38 1日使い捨て コンタクトレンズ 1箱30枚(PWR -2.25),1200.0,,2927,9,small,,,False,False,https://www.amazon.co.jp/dp/B085Y76NVD,,
809,B085Y7CZXG,drugstore,4582575390305,ワンデーリフレアUVモイスチャー38 1日使い捨て コンタクトレンズ 1箱30枚(PWR -9.50),1200.0,,2927,8,small,,,False,False,https://www.amazon.co.jp/dp/B085Y7CZXG,,
810,B085Y72MVN,drugstore,4582575390251,ワンデーリフレアUVモイスチャー38 1日使い捨て コンタクトレンズ 1箱30枚(PWR -7.00),1200.0,,2927,9,small,,,False,False,https://www.amazon.co.jp/dp/B085Y72MVN,,
811,B085Y7KD3R,drugstore,4582575390176,ワンデーリフレアUVモイスチャー38 1日使い捨て コンタクトレンズ 1箱30枚(PWR -4.50),1200.0,,3198,9,small,Yahoo,はずれ,False,False,https://www.amazon.co.jp/dp/B085Y7KD3R,Yahoo最安 JAN=4582575390176,
812,B085Y72JXL,drugstore,4582575390091,ワンデーリフレアUVモイスチャー38 1日使い捨て コンタクトレンズ 1箱30枚(PWR -2.50),1200.0,,3198,9,small,,,False,False,https://www.amazon.co.jp/dp/B085Y72JXL,,
813,B0CK4LBPZ5,drugstore,4537689831428,【まとめ買いパック】ソフィ 超熟睡 ショーツ SMサイズ 特に多い夜用 8コ入(生理用品 ショーツ型ナプキン)2個セット,1818.0,,3203,8,standard_1,楽天,はずれ,False,False,https://www.amazon.co.jp/dp/B0CK4LBPZ5,楽天最安 JAN=4537689831428,
814,B0CK46TSSQ,drugstore,4537689831435,【まとめ買いパック】ソフィ 超熟睡 ショーツ MLサイズ 特に多い夜用 8コ入(生理用品 ショーツ型ナプキン)2個セット,2156.0,,3203,4,standard_1,,,False,False,https://www.amazon.co.jp/dp/B0CK46TSSQ,,
815,B086Q3NZCP,drugstore,4901548603066,熱中対策 服の上から極寒スプレー シトラスミントの香り ジェット冷気で瞬間冷却 330ML 小林製薬,1200.0,,3207,5,standard_1,楽天,はずれ,False,False,https://www.amazon.co.jp/dp/B086Q3NZCP,楽天最安 JAN=4901548603066,
816,B086Q3SWST,drugstore,4901548602984,熱中対策 服の上から極寒スプレー 無香料 ジェット冷気で瞬間冷却 330ML 小林製薬,1180.0,,3207,8,standard_1,Yahoo,はずれ,False,False,https://www.amazon.co.jp/dp/B086Q3SWST,Yahoo最安 JAN=4901548602984,
817,B0C5DDT1XD,drugstore,4901548664876,熱中対策 【まとめ買い】 服の上から冷やす 極寒スプレー シトラスミント ジェット冷気で瞬間冷却 330ml×3個 小林,1660.0,,3207,7,standard_1,楽天,はずれ,False,False,https://www.amazon.co.jp/dp/B0C5DDT1XD,楽天最安 JAN=4901548664876,
818,B0C5DBJH9N,drugstore,4901548664951,熱中対策 【まとめ買い】 服の上から極寒スプレー 無香料 ジェット冷気で瞬間冷却 330ml ×3個 小林製薬,1980.0,,3207,8,standard_1,Yahoo,はずれ,False,False,https://www.amazon.co.jp/dp/B0C5DBJH9N,Yahoo最安 JAN=4901548664951,
819,B0D3J1W1W5,drugstore,4571643410038,安野製薬 【歯医者さんで取扱い中！】 矯正用 フロス 60本入りフロスとおるん【歯とワイヤーの間にスルッと通る！】,1980.0,,3208,2,small,Yahoo,はずれ,False,False,https://www.amazon.co.jp/dp/B0D3J1W1W5,Yahoo最安 JAN=4571643410038,
820,B00O9TOVXU,drugstore,4934989803580,"ブイ・クレス CP10 ミックスフルーツ味 コラーゲンドリンク [コラーゲンペプチド10,000mg / ビタミンC/亜",5520.0,,3210,5,large_1,Yahoo,原石,True,True,https://www.amazon.co.jp/dp/B00O9TOVXU,Yahoo最安 JAN=4934989803580,
821,B07HNRR3PJ,drugstore,4934989804235,"ブイ・クレス CP10 ルビーオレンジ味 コラーゲンドリンク [コラーゲンペプチド10,000mg / ビタミンC/亜鉛",5520.0,,3210,4,large_1,楽天,はずれ,False,False,https://www.amazon.co.jp/dp/B07HNRR3PJ,楽天最安 JAN=4934989804235,
822,B004BRTXHE,drugstore,4511413602423,DHC ピクノジェノール-PB 30日分 (60粒),2520.0,,3212,5,small,Yahoo,あやしい,True,True,https://www.amazon.co.jp/dp/B004BRTXHE,Yahoo最安 JAN=4511413602423,
823,B0F4Q6YF2R,drugstore,,ミツワ 中身が見えないチャック付きサニタリーボックス 強力防臭サニナチュラ 黒 M30枚 国産,1630.0,,3304,2,standard_1,,,False,False,https://www.amazon.co.jp/dp/B0F4Q6YF2R,,
824,B0CDF25BJC,drugstore,4901301429575,キュキュット 【ケース販売】 ウルトラクリーン デカラクサイズ 食器用洗剤 食洗機用 食器も庫内もまるごと強力洗浄 すっ,9000.0,,3216,5,large_2,Yahoo,はずれ,False,False,https://www.amazon.co.jp/dp/B0CDF25BJC,Yahoo最安 JAN=4901301429575,
825,B0CDFGMMYB,drugstore,4901301429605,キュキュット 【ケース販売】 ウルトラクリーン デカラクサイズ 食器用洗剤 食洗機用 食器も庫内もまるごと強力洗浄 無香,8000.0,,3216,4,large_2,楽天,はずれ,False,False,https://www.amazon.co.jp/dp/B0CDFGMMYB,楽天最安 JAN=4901301429605,
826,B0CF7QFH2Y,drugstore,0847280083930,"BlenderBottle Classic プロテインシェイカー ブレンダーボトル正規品 (コースタル, 28オンス)",2200.0,,3217,4,small,Yahoo,はずれ,False,False,https://www.amazon.co.jp/dp/B0CF7QFH2Y,Yahoo最安 JAN=0847280083930,
827,B0046EBVAO,drugstore,4902011700466,エリエール トイレットペーパー フラワープリント 25m×18ロール ダブル パルプ100% やさしいフローラルの香り,2165.0,,3221,3,standard_2,Yahoo,はずれ,False,False,https://www.amazon.co.jp/dp/B0046EBVAO,Yahoo最安 JAN=4902011700466,
828,B09K7LYXBN,drugstore,4902011825626,エリエール トイレットペーパー フラワープリント 1.5倍巻き 37.5m×32ロール(8ロール×4パック) ダブル パ,3190.0,,3221,3,large_1,Yahoo,はずれ,False,False,https://www.amazon.co.jp/dp/B09K7LYXBN,Yahoo最安 JAN=4902011825626,
829,B07HBY6QX1,drugstore,4902011729702,エリエール トイレットペーパー フラワープリント 25m×12ロール ダブル パルプ100% 優雅な花の香り,1200.0,,3221,8,standard_1,楽天,はずれ,False,False,https://www.amazon.co.jp/dp/B07HBY6QX1,楽天最安 JAN=4902011729702,
830,B005MW0XPS,drugstore,4902011722208,エリエール トイレットペーパー フラワープリント 1.5倍巻き 37.5m×8ロール ダブル パルプ100% 優雅な花の,1251.0,,3221,3,standard_2,Yahoo,はずれ,False,False,https://www.amazon.co.jp/dp/B005MW0XPS,Yahoo最安 JAN=4902011722208,
831,B083V1P4XV,drugstore,4902011729764,エリエール トイレットペーパー フラワープリント 25m×72ロール(12ロール×6パック) ダブル パルプ100% 優,3509.0,,3221,5,large_2,楽天,はずれ,False,False,https://www.amazon.co.jp/dp/B083V1P4XV,楽天最安 JAN=4902011729764,
832,B083V1QJST,drugstore,4902011725223,エリエール トイレットペーパー フラワープリント 1.5倍巻き 37.5m×64ロール(8ロール×8パック) ダブル パ,6685.0,,3221,2,large_2,,,False,False,https://www.amazon.co.jp/dp/B083V1QJST,,
833,B004N52WXG,drugstore,4954799113754,Weltec（ウエルテック） リペリオ 80g 4本セット,5099.0,,3223,6,standard_1,Yahoo,原石,True,True,https://www.amazon.co.jp/dp/B004N52WXG,Yahoo最安 JAN=4954799113754,
834,B00SW7ZK5I,drugstore,,【第3類医薬品】ソフトサンティア ひとみストレッチ 5mL×4 ×7,4118.0,,3224,8,standard_1,,,False,False,https://www.amazon.co.jp/dp/B00SW7ZK5I,,
835,B00SW7ZMOC,drugstore,,【第3類医薬品】ソフトサンティア ひとみストレッチ 5mL×4 ×8,4590.0,,3328,7,standard_1,,,False,False,https://www.amazon.co.jp/dp/B00SW7ZMOC,,
836,B00SW7ZQ0M,drugstore,,【第3類医薬品】ソフトサンティア ひとみストレッチ 5mL×4 ×9,4646.0,,3224,8,standard_1,,,False,False,https://www.amazon.co.jp/dp/B00SW7ZQ0M,,
837,B00OXMFOVG,drugstore,4976652008458,ファイン(FINE JAPAN) ひとみの恵 ルテイン40 【栄養機能食品(ビタミンA・C・E)】ソフトカプセル ルテイ,4252.0,,3226,4,standard_1,楽天,原石,True,True,https://www.amazon.co.jp/dp/B00OXMFOVG,楽天最安 JAN=4976652008458,
838,B073WW641B,drugstore,4976652008458,ファイン(FINE JAPAN) ひとみの恵 ルテイン40 【栄養機能食品(ビタミンA・C・E)】ソフトカプセル ルテイ,2993.0,,3226,5,standard_1,楽天,あやしい,False,False,https://www.amazon.co.jp/dp/B073WW641B,楽天最安 JAN=4976652008458,
839,B0FLXS9HCH,drugstore,4901080247810,モンダミン マイルドミント マウスウォッシュ ノンアルコール 洗口液 1000mL×2本 低刺激 口臭ケア デンタルリン,1338.0,,3228,8,large_1,楽天,はずれ,False,False,https://www.amazon.co.jp/dp/B0FLXS9HCH,楽天最安 JAN=4901080247810,
840,B00WS5X6O2,drugstore,4571277751477,昭和38年から販売 汚れから錆まで落とす「ハイホーム」 3個セット,3453.0,,3234,2,standard_2,楽天,はずれ,False,False,https://www.amazon.co.jp/dp/B00WS5X6O2,楽天最安 JAN=4571277751477,
841,B0DW8PJC3H,drugstore,4580543943065,バルサン カバー不要 ラクラク 霧タイプ 2個入 (6~10畳用) 予防効果1.5か月 / 火災警報器に反応しない/家中,1648.0,,3238,8,small,Yahoo,はずれ,False,False,https://www.amazon.co.jp/dp/B0DW8PJC3H,Yahoo最安 JAN=4580543943065,
842,B0GVK3R558,drugstore,,足首サポーター 捻挫防止 足首固定 高通気性 衝撃吸収 左右男女兼用 フリーサイズ 水洗い 1 枚入り ブラック,1519.0,,3242,3,small,,,False,False,https://www.amazon.co.jp/dp/B0GVK3R558,,
843,B0GTM87VVT,drugstore,4903111544035,ライフリー【紙パンツ用尿取りパッド】ズレずに安心パッド 8回吸収 1200cc 22枚 大人用オムツ,2490.0,,3244,3,standard_2,Yahoo,はずれ,False,False,https://www.amazon.co.jp/dp/B0GTM87VVT,Yahoo最安 JAN=4903111544035,
844,B0GTM48SW3,drugstore,4903111017430,ライフリー【 紙パンツ用尿取りパッド】ズレずに安心パッド 8回吸収 1200cc 14枚 大人用オムツ,1883.0,,3244,4,standard_2,Yahoo,はずれ,False,False,https://www.amazon.co.jp/dp/B0GTM48SW3,Yahoo最安 JAN=4903111017430,
845,B0GTM8GC9P,drugstore,4903111800292,ライフリー 紙パンツ用尿とりパッド ズレずに安心 8回吸収 42枚（14枚×3） 大人用おむつ［ケース品］,4844.0,,3244,2,large_1,,,False,False,https://www.amazon.co.jp/dp/B0GTM8GC9P,,
846,B0GTM7Y56X,drugstore,4903111251193,【まとめ買いパック】ライフリー 紙パンツ用尿とりパッド ズレずに安心 8回吸収 66枚（22枚×3） 大人用おむつ［ケー,6578.0,,3629,4,large_2,,,False,False,https://www.amazon.co.jp/dp/B0GTM7Y56X,,
847,B09TKGPW3V,drugstore,4580365240885,(ピーディーピー) PDP × ヤケーヌ コラボ 息苦しくない 繰り返し 洗える 日よけ UVカット 日焼け 防止 対策,1999.0,,3256,2,small,楽天,はずれ,False,False,https://www.amazon.co.jp/dp/B09TKGPW3V,楽天最安 JAN=4580365240885,
848,B0GHNJ5BDK,drugstore,4902508278164,ピジョン ママ元気るん 60粒,1845.0,,3257,3,small,Yahoo,はずれ,False,False,https://www.amazon.co.jp/dp/B0GHNJ5BDK,Yahoo最安 JAN=4902508278164,
849,B09DP7Q8P5,drugstore,4901301398017,ロリエ アクティブガード ラインレスタイプ L,1077.0,,3258,10,small,Yahoo,はずれ,False,False,https://www.amazon.co.jp/dp/B09DP7Q8P5,Yahoo最安 JAN=4901301398017,
850,B09DPFP5LV,drugstore,4901301398000,ロリエ アクティブガード ラインレスタイプ M,1725.0,,3258,9,small,Yahoo,はずれ,False,False,https://www.amazon.co.jp/dp/B09DPFP5LV,Yahoo最安 JAN=4901301398000,
851,B0BG22RV25,beauty,8809581532762,「公式」デイジークBlending Mood Cheek ブレンディングムードチーク/ブラッシャーパレット/4色ブラッシ,1950.0,,2739,3,small,Yahoo,はずれ,False,False,https://www.amazon.co.jp/dp/B0BG22RV25,Yahoo最安 JAN=8809581532762,
852,B0D7ZRPGVG,beauty,8809581537606,「公式」デイジークBlending Mood Cheek ブレンディングムードチーク/ブラッシャーパレット/4色ブラッシ,2400.0,,2739,2,small,,,False,False,https://www.amazon.co.jp/dp/B0D7ZRPGVG,,
853,B01IUO8FWM,beauty,4902430688642,Gillette ジレット マッハシンスリー ターボ 髭剃り カミソリ 男性 替刃4個入 なし 詰替え用 4個 (x 1,1170.0,,3006,4,small,Yahoo,はずれ,False,False,https://www.amazon.co.jp/dp/B01IUO8FWM,Yahoo最安 JAN=4902430688642,
854,B01IUO8IGU,beauty,4902430688635,Gillette ジレット マッハシンスリーターボ 髭剃り カミソリ 男性 替刃8個入 なし 単品 8個 (x 1),2336.0,,3006,5,small,Yahoo,はずれ,False,False,https://www.amazon.co.jp/dp/B01IUO8IGU,Yahoo最安 JAN=4902430688635,
855,B0H7JQZLK6,beauty,4901417789204,ディアボーテ スムース&リペア オイルイン シャンプー コンディショナー セット ポンプ お試し容量,1078.0,,3008,3,standard_2,楽天,はずれ,False,False,https://www.amazon.co.jp/dp/B0H7JQZLK6,楽天最安 JAN=4901417789204,
856,B0H6ML5TYC,beauty,4901417789181,ディアボーテ リッチ&リペア オイルイン シャンプー コンディショナー セット ポンプ お試し容量,1061.0,,3008,2,standard_2,楽天,はずれ,False,False,https://www.amazon.co.jp/dp/B0H6ML5TYC,楽天最安 JAN=4901417789181,
857,B0B8S415ZR,beauty,4901477041410,キングダム kingdom ふんわり眉毛がこれ1本で完成！ ウォータープルーフで汗をかいても落ちにくい【簡単&時短】キン,1480.0,,3012,7,small,楽天,はずれ,False,False,https://www.amazon.co.jp/dp/B0B8S415ZR,楽天最安 JAN=4901477041410,
858,B09BR1HJNX,beauty,6902395800552,MAYBELLINE(メイベリン) SPステイ マットインク リップ 口紅 335 ルビーリーフ,1616.0,,3443,2,small,楽天,はずれ,False,False,https://www.amazon.co.jp/dp/B09BR1HJNX,楽天最安 JAN=6902395800552,
859,B07DRXPPQ3,beauty,6902395682806,メイベリン MAYBELLINE SPステイ マットインク リップ 口紅 70 こなれブラウン 5.0ml,1950.0,,3443,6,small,Yahoo,はずれ,False,False,https://www.amazon.co.jp/dp/B07DRXPPQ3,Yahoo最安 JAN=6902395682806,
860,B09PTDP7KK,beauty,6902395826187,MAYBELLINE(メイベリン) SPステイ マットインク P210 ミルキーなブラウン,2350.0,,3443,4,small,,,False,False,https://www.amazon.co.jp/dp/B09PTDP7KK,,
861,B07FTGXRGY,beauty,6902395682943,メイベリン MAYBELLINE SPステイ マットインク リップ 口紅 25 フレッシュなコーラル 5.0ml,1999.0,,3014,3,small,Yahoo,はずれ,False,False,https://www.amazon.co.jp/dp/B07FTGXRGY,Yahoo最安 JAN=6902395682943,
862,B07DRLK38Z,beauty,6902395682875,MAYBELLINE(メイベリン) SPステイ マットインク 80 リキッド リップ レッド系,2450.0,,3443,7,small,Yahoo,はずれ,False,False,https://www.amazon.co.jp/dp/B07DRLK38Z,Yahoo最安 JAN=6902395682875,
863,B0845GYYF7,beauty,6902395771722,メイベリン MAYBELLINE SPステイ マットインク リップ 口紅 170 大人っぽいチェリーローズ 5ミリリット,1800.0,,3443,8,small,Yahoo,はずれ,False,False,https://www.amazon.co.jp/dp/B0845GYYF7,Yahoo最安 JAN=6902395771722,
864,B07KY8K3J9,beauty,6902395706113,MAYBELLINE(メイベリン) SPステイ マットインク リップ 口紅 120 女っぽいプラムカシス 5.0ml,2400.0,,3014,2,small,Yahoo,はずれ,False,False,https://www.amazon.co.jp/dp/B07KY8K3J9,Yahoo最安 JAN=6902395706113,
865,B07FTP49R4,beauty,6902395682950,MAYBELLINE(メイベリン) SPステイ マットインク リップ 口紅 15 ヌードなローズ 5.0ml,1828.0,,3443,7,small,楽天,はずれ,False,False,https://www.amazon.co.jp/dp/B07FTP49R4,楽天最安 JAN=6902395682950,
866,B07KXTCP5Q,beauty,6902395706564,メイベリン MAYBELLINE SPステイ マットインク リップ 口紅 130 くすみコーラル 5.0ml,1930.0,,3443,7,small,Yahoo,はずれ,False,False,https://www.amazon.co.jp/dp/B07KXTCP5Q,Yahoo最安 JAN=6902395706564,
867,B08GQ7PYXZ,beauty,6902395788751,MAYBELLINE(メイベリン) SPステイ マットインク リップ 口紅 定番色 285 おしゃれにきまるテラコッタ ,1580.0,,3443,3,small,楽天,はずれ,False,False,https://www.amazon.co.jp/dp/B08GQ7PYXZ,楽天最安 JAN=6902395788751,
868,B0845GZX9M,beauty,6902395771739,メイベリン MAYBELLINE SPステイ マットインク リップ 口紅 175 ヌードなコーラルピンク 5ミリリットル,1971.0,,3443,6,small,Yahoo,はずれ,False,False,https://www.amazon.co.jp/dp/B0845GZX9M,Yahoo最安 JAN=6902395771739,
869,B07KY8NQP7,beauty,6902395706663,メイベリン MAYBELLINE SPステイ マットインク 205 ASSERTIVE オレンジ系,1740.0,,3443,11,small,Yahoo,はずれ,False,False,https://www.amazon.co.jp/dp/B07KY8NQP7,Yahoo最安 JAN=6902395706663,
870,B09PTFZWB7,beauty,6902395826170,MAYBELLINE(メイベリン) SPステイ マットインク P170,3300.0,,3443,4,small,,,False,False,https://www.amazon.co.jp/dp/B09PTFZWB7,,
871,B07KXXP1WL,beauty,6902395707066,MAYBELLINE(メイベリン) SPステイ マットインク リップ 口紅 210 ミルキーなブラウン 5.0ml,1728.0,,3443,9,small,楽天,はずれ,False,False,https://www.amazon.co.jp/dp/B07KXXP1WL,楽天最安 JAN=6902395707066,
872,B07KY8NQPB,beauty,6902395706410,メイベリン MAYBELLINE SPステイ マットインク リップ 口紅 117 ビターなレッド 5.0ml,1600.0,,3443,9,small,Yahoo,はずれ,False,False,https://www.amazon.co.jp/dp/B07KY8NQPB,Yahoo最安 JAN=6902395706410,
873,B0CPHQX2Y3,beauty,6902395848158,MAYBELLINE(メイベリン) SPステイ マットインク 260 恍惚のムースショコラ,2650.0,,3014,5,small,,,False,False,https://www.amazon.co.jp/dp/B0CPHQX2Y3,,
874,B0CPHSP7H2,beauty,6902395848165,MAYBELLINE(メイベリン) SPステイ マットインク 485 冒険的なヘーゼルナッツプラリネ,2420.0,,3015,8,small,Yahoo,はずれ,False,False,https://www.amazon.co.jp/dp/B0CPHSP7H2,Yahoo最安 JAN=6902395848165,
875,B09PTNDWXK,beauty,6902395823889,メイベリン SPステイ マットインク 425 ローズピンク,2580.0,,3015,3,small,,,False,False,https://www.amazon.co.jp/dp/B09PTNDWXK,,
876,B09BQZRVRZ,beauty,6902395800569,MAYBELLINE(メイベリン) SPステイ マットインク リップ 口紅 350 メープルサンセット,2100.0,,3015,9,small,楽天,はずれ,False,False,https://www.amazon.co.jp/dp/B09BQZRVRZ,楽天最安 JAN=6902395800569,
877,B074VD4X86,beauty,0041554543643,MAYBELLINE SuperStay Matte Ink - Ruler (並行輸入品),5646.0,,3015,4,small,Yahoo,原石,True,True,https://www.amazon.co.jp/dp/B074VD4X86,Yahoo最安 JAN=0041554543643,
878,B09PTDS7MY,beauty,6902395826163,MAYBELLINE(メイベリン) SPステイ マットインク P135 モードなブラウン,1861.0,,3015,2,small,,,False,False,https://www.amazon.co.jp/dp/B09PTDS7MY,,
879,B0CPHRWS43,beauty,6902395848141,MAYBELLINE(メイベリン) SPステイ マットインク 130 情熱のストロベリーディップ,2980.0,,3015,3,small,楽天,原石,True,True,https://www.amazon.co.jp/dp/B0CPHRWS43,楽天最安 JAN=6902395848141,
880,B09PTFWW8R,beauty,6902395823827,メイベリン SPステイ マットインク 390 ビビットピンク,2980.0,,3015,6,small,,,False,False,https://www.amazon.co.jp/dp/B09PTFWW8R,,
881,B0F12VMVKV,beauty,4909978223540,アネッサ(ANESSA) パーフェクトUV スキンケアジェル NA トライアルセット b 90g+6mL,3540.0,,3016,4,small,Yahoo,あやしい,False,False,https://www.amazon.co.jp/dp/B0F12VMVKV,Yahoo最安 JAN=4909978223540,
882,B0CP7991YT,beauty,4582356611773,【正規品】rom&nd(ロムアンド) リキッドグリッター06 リトルメテオ,1100.0,,3018,2,small,Yahoo,はずれ,False,False,https://www.amazon.co.jp/dp/B0CP7991YT,Yahoo最安 JAN=4582356611773,
883,B0C537YZWL,beauty,,ANUA (アヌア) 桃70ナイアシンセラム30ml 美容液 水光肌 ツヤ肌 角質毛穴ケア 水分保湿 乾燥肌 混合肌 p,2800.0,,3019,2,small,,,False,False,https://www.amazon.co.jp/dp/B0C537YZWL,,
884,B08VJLXZC8,beauty,4902806114270,【Amazon.co.jp限定】 GATSBY(ギャツビー) フェイシャルペーパー アイスタイプ 爽快 洗顔シート メン,2180.0,,3127,3,standard_1,,,False,False,https://www.amazon.co.jp/dp/B08VJLXZC8,,
885,B0D7ZRMB3C,beauty,8809581537613,「公式」デイジークBlending Mood Cheek ブレンディングムードチーク/ブラッシャーパレット/4色ブラッシ,2690.0,,3028,3,small,,,False,False,https://www.amazon.co.jp/dp/B0D7ZRMB3C,,
886,B0DGSV6RQC,beauty,8809581538283,「公式」デイジークBlending Mood Cheek ブレンディングムードチーク/ブラッシャーパレット/4色ブラッシ,1950.0,,3028,4,small,楽天,はずれ,False,False,https://www.amazon.co.jp/dp/B0DGSV6RQC,楽天最安 JAN=8809581538283,
887,B0D2G6JX71,beauty,8809581537569,「公式」デイジークBlending Mood Cheek ブレンディングムードチーク/ブラッシャーパレット/4色ブラッシ,2080.0,,3028,6,small,Yahoo,はずれ,False,False,https://www.amazon.co.jp/dp/B0D2G6JX71,Yahoo最安 JAN=8809581537569,
888,B0B9RW1FLX,beauty,8809581532137,「公式」デイジークBlending Mood Cheek ブレンディングムードチーク/ブラッシャーパレット/4色ブラッシ,2000.0,,3028,4,small,楽天,はずれ,False,False,https://www.amazon.co.jp/dp/B0B9RW1FLX,楽天最安 JAN=8809581532137,
889,B0BZPCH7J7,beauty,0691266739041,Dasique ブレンディングムードチーク #06 ベリースムージー | 4色ブレンドシェード ライトウェイトスムースパ,1920.0,,3028,5,small,,,False,False,https://www.amazon.co.jp/dp/B0BZPCH7J7,,
890,B0DJLSD5KP,beauty,8809581538535,「公式」デイジークBlending Mood Cheek ブレンディングムードチーク/ブラッシャーパレット/4色ブラッシ,1940.0,,2739,4,small,楽天,はずれ,False,False,https://www.amazon.co.jp/dp/B0DJLSD5KP,楽天最安 JAN=8809581538535,
891,B0BG1Z1LQ1,beauty,8809581532786,「公式」デイジークBlending Mood Cheek ブレンディングムードチーク/ブラッシャーパレット/4色ブラッシ,1850.0,,2739,4,small,Yahoo,はずれ,False,False,https://www.amazon.co.jp/dp/B0BG1Z1LQ1,Yahoo最安 JAN=8809581532786,
892,B0D2GV38DL,beauty,8809581537170,「公式」デイジークBlending Mood Cheek ブレンディングムードチーク/ブラッシャーパレット/4色ブラッシ,2301.0,,2739,5,small,,,False,False,https://www.amazon.co.jp/dp/B0D2GV38DL,,
893,B0DJLT4G87,beauty,8809581538542,「公式」デイジークBlending Mood Cheek ブレンディングムードチーク/ブラッシャーパレット/4色ブラッシ,1780.0,,2739,3,small,,,False,False,https://www.amazon.co.jp/dp/B0DJLT4G87,,
894,B0C49HLHJH,beauty,8809581533714,「公式」デイジークBlending Mood Cheek ブレンディングムードチーク/ブラッシャーパレット/4色ブラッシ,1920.0,,3029,4,small,,,False,False,https://www.amazon.co.jp/dp/B0C49HLHJH,,
895,B0B6F862BL,beauty,8809581532144,「公式」デイジークBlending Mood Cheek ブレンディングムードチーク/ブラッシャーパレット/4色ブラッシ,2500.0,,3029,4,small,楽天,はずれ,False,False,https://www.amazon.co.jp/dp/B0B6F862BL,楽天最安 JAN=8809581532144,
896,B0C49M3YLP,beauty,8809581533707,「公式」dasique デイジークBlending Mood Cheek ブレンディングムードチーク/ブラッシャーパレッ,1950.0,,3029,4,small,,,False,False,https://www.amazon.co.jp/dp/B0C49M3YLP,,
897,B0C49JWLBL,beauty,8809581533721,「公式」デイジークBlending Mood Cheek ブレンディングムードチーク/ブラッシャーパレット/4色ブラッシ,1920.0,,3029,3,small,楽天,はずれ,False,False,https://www.amazon.co.jp/dp/B0C49JWLBL,楽天最安 JAN=8809581533721,
898,B0B9RRCQ34,beauty,8809581532564,「公式」デイジークBlending Mood Cheek ブレンディングムードチーク/ブラッシャーパレット/4色ブラッシ,1920.0,,3029,3,small,楽天,はずれ,False,False,https://www.amazon.co.jp/dp/B0B9RRCQ34,楽天最安 JAN=8809581532564,
899,B0H3PJXK63,beauty,0701151709162,巻き爪 テープ 巻き爪 プレート 巻き爪保護 巻き爪リフトアップ 1袋 10入り 巻き爪シール ネイルサポートテープ 透,2533.0,,3030,2,small,,,False,False,https://www.amazon.co.jp/dp/B0H3PJXK63,,
900,B07HCVHDRD,beauty,8809402289264,【too cool for school/トゥークールフォ―スクール】アートクラス バイロダン シェーディング マスター,1940.0,,3034,3,small,Yahoo,はずれ,False,False,https://www.amazon.co.jp/dp/B07HCVHDRD,Yahoo最安 JAN=8809402289264,
901,B0983DSC5C,beauty,8809658625496,【too cool for school/トゥークールフォ―スクール】アートクラス バイロダン シェーディング マスター,1940.0,,3035,4,standard_2,Yahoo,はずれ,False,False,https://www.amazon.co.jp/dp/B0983DSC5C,Yahoo最安 JAN=8809658625496,
902,B0C3QCY1MK,beauty,8809815642199,【too cool for school/トゥークールフォ―スクール】アートクラス バイロダン シェーディング マスター,1940.0,,3035,3,small,Yahoo,はずれ,False,False,https://www.amazon.co.jp/dp/B0C3QCY1MK,Yahoo最安 JAN=8809815642199,
903,B0BN4Y8QS8,beauty,4971710521948,カルテHD 【医薬部外品】 モイスチュア ウォッシングフォーム 150mL,1320.0,,2750,2,small,楽天,はずれ,False,False,https://www.amazon.co.jp/dp/B0BN4Y8QS8,楽天最安 JAN=4971710521948,
904,B0H8PFSWJ9,beauty,4901301449771,NIVEA ニベア ディープモイスチャーリップ 美容液スティック スイートゼラニウム＆ローズの香り 高保湿 美容液 SP,1010.0,,2331,3,small,Yahoo,はずれ,False,False,https://www.amazon.co.jp/dp/B0H8PFSWJ9,Yahoo最安 JAN=4901301449771,
905,B0D25JSGG6,beauty,4971710524079,カルテHD 【医薬部外品】 モイスチュア ウォッシングフォーム つめかえ用 130mL 泡洗顔料,1045.0,,3039,2,small,Yahoo,はずれ,False,False,https://www.amazon.co.jp/dp/B0D25JSGG6,Yahoo最安 JAN=4971710524079,
906,B0DX1X8DY5,beauty,4945388289219,ディープレイヤーExG シャンプー トリートメント 詰め替えセット 750mL+750g ペアーの香り サロン専売品 ダ,5300.0,,3044,6,standard_2,,,False,False,https://www.amazon.co.jp/dp/B0DX1X8DY5,,
907,B07JYYS55P,beauty,4903335111501,dejavu デジャヴュ ラスティンファイン 密着アイライナー クリームペンシルE 4モーヴブラウン ペンシルアイライナ,1320.0,,3047,9,small,Yahoo,はずれ,False,False,https://www.amazon.co.jp/dp/B07JYYS55P,Yahoo最安 JAN=4903335111501,
908,B0914QV727,beauty,8809652580227,ナンバーズイン(numbuzin) 4番 たまご肌トナーパッド 70枚 パッド トナーパッド 韓国コスメ 韓国スキンケア,2310.0,,3050,2,standard_1,Yahoo,はずれ,False,False,https://www.amazon.co.jp/dp/B0914QV727,Yahoo最安 JAN=8809652580227,
909,B0F13L4PSF,beauty,0737055792931,Maksure アイブロウペンシル 0.1mm極細 24時間落ちない 防水防汗 毛流し再現 自然眉 ブラシ付き 初心者向,1280.0,,3363,2,small,,,False,False,https://www.amazon.co.jp/dp/B0F13L4PSF,,
910,B0CTH6Z9W9,beauty,4987176160270,Gillette Venus ヴィーナス エンブレイス つるすべ肌 替刃 3個 カミソリ 剃刀 女性用 レディース,1136.0,,3052,2,small,Yahoo,はずれ,False,False,https://www.amazon.co.jp/dp/B0CTH6Z9W9,Yahoo最安 JAN=4987176160270,
911,B0DCJBNJ32,beauty,4904740672908,LUX(ラックス) 【セット買い】 バスグロウ ストレートアンドシャイン シャンプー+コンディショナー(トリートメント),1270.0,,3053,9,standard_1,楽天,はずれ,False,False,https://www.amazon.co.jp/dp/B0DCJBNJ32,楽天最安 JAN=4904740672908,
912,B0FM3PGJWN,beauty,0737055970360,Maksure アイブロウペンシル 極細0.1mm 24時間 落ちない 自然な仕上がり 長持ち防水・防汗 人気 落ちない,1280.0,,3363,2,small,楽天,はずれ,False,False,https://www.amazon.co.jp/dp/B0FM3PGJWN,楽天最安 JAN=0737055970360,
913,B0F13JJKXJ,beauty,0737055792948,Maksure アイブロウペンシル 0.1mm極細 24時間落ちない 防水防汗 毛流し再現 自然眉 ブラシ付き 初心者向,1280.0,,3363,2,small,,,False,False,https://www.amazon.co.jp/dp/B0F13JJKXJ,,
914,B0GKLLMH81,beauty,,エリクシール UV乳液 デーケアレボリューション トーンアップ BE + ca ピュアベージュ 35g SPF50+・P,3500.0,,3057,2,small,,,False,False,https://www.amazon.co.jp/dp/B0GKLLMH81,,
915,B016ZC0RM2,beauty,4901872036929,Integrate インテグレート マツイクガールズラッシュ (お色気ロング) BK999 7g,1223.0,,3058,10,small,Yahoo,はずれ,False,False,https://www.amazon.co.jp/dp/B016ZC0RM2,Yahoo最安 JAN=4901872036929,
916,B0763P22T1,beauty,4901872067206,Integrate インテグレート インテグレート マツイクガールズラッシュ (フェミニンボリューム) BK999 7g,1310.0,,3059,9,small,Yahoo,はずれ,False,False,https://www.amazon.co.jp/dp/B0763P22T1,Yahoo最安 JAN=4901872067206,
917,B0763P7ZJW,beauty,4901872067213,インテグレート(INTEGRATE) マツイクガールズラッシュ (しなやかカール) BK999 (ウォータープルーフ) ,1310.0,,3059,10,small,楽天,はずれ,False,False,https://www.amazon.co.jp/dp/B0763P7ZJW,楽天最安 JAN=4901872067213,
918,B08RZ2BCHD,beauty,4589795140536,（旧品）N organic モイスチュア&バランシング セラム 60ml 乳液 美容液 柑橘系の香り 保湿 スキンケア,6480.0,,3059,6,small,Yahoo,原石,True,True,https://www.amazon.co.jp/dp/B08RZ2BCHD,Yahoo最安 JAN=4589795140536,
919,B0D8718STQ,beauty,8809759904131,[バニラコ]BANILACO カバーリシャスアルティメットホワイトクッション リフィル 詰め替え SPF38++ 14g,1980.0,,3066,2,small,Yahoo,はずれ,False,False,https://www.amazon.co.jp/dp/B0D8718STQ,Yahoo最安 JAN=8809759904131,
920,B0D86FW3G5,beauty,8809759905619,[バニラコ]BANILACO カバーリシャスアルティメットホワイトクッション リフィル 詰め替え SPF38++ 14g,1980.0,,3066,2,small,楽天,はずれ,False,False,https://www.amazon.co.jp/dp/B0D86FW3G5,楽天最安 JAN=8809759905619,
921,B0GXJR6KFZ,beauty,8800248701231,[バニラコ]BANILACO カバーリシャスアルティメットホワイトクッション リフィル 詰め替え SPF38++ 14g,1980.0,,3066,2,small,,,False,False,https://www.amazon.co.jp/dp/B0GXJR6KFZ,,
922,B0D86R4758,beauty,8809759904100,[バニラコ]BANILACO カバーリシャスアルティメットホワイトクッション リフィル 詰め替え SPF38++ 14g,1980.0,,2956,2,small,Yahoo,はずれ,False,False,https://www.amazon.co.jp/dp/B0D86R4758,Yahoo最安 JAN=8809759904100,
923,B0H2VLN1PD,beauty,8800248701255,[バニラコ]BANILACO カバーリシャスアルティメットホワイトクッション リフィル 詰め替え SPF38++ 14g,1980.0,,3066,2,small,,,False,False,https://www.amazon.co.jp/dp/B0H2VLN1PD,,
924,B0D862YXMN,beauty,8809759904117,[バニラコ]BANILACO カバーリシャスアルティメットホワイトクッション リフィル 詰め替え SPF38++ 14g,1980.0,,3066,2,small,Yahoo,はずれ,False,False,https://www.amazon.co.jp/dp/B0D862YXMN,Yahoo最安 JAN=8809759904117,
925,B09ZYB8S31,beauty,8809598454637,【高濃度15%】COSRX ナイアシンアミド美容液 ナイアシンアミド15セラム20ml ナイアシンアミド15% ローショ,2250.0,,3067,3,small,Yahoo,はずれ,False,False,https://www.amazon.co.jp/dp/B09ZYB8S31,Yahoo最安 JAN=8809598454637,
926,B0GXJNH7ZS,beauty,8800248701248,[バニラコ]BANILACO カバーリシャスアルティメットホワイトクッション リフィル 詰め替え SPF38++ 14g,1980.0,,3067,2,small,,,False,False,https://www.amazon.co.jp/dp/B0GXJNH7ZS,,
927,B0D86GD2KC,beauty,8809759905626,[バニラコ]BANILACO カバーリシャスアルティメットホワイトクッション リフィル 詰め替え SPF38++ 14g,1980.0,,3067,2,small,,,False,False,https://www.amazon.co.jp/dp/B0D86GD2KC,,
928,B0D86QWSSL,beauty,8809759904124,[バニラコ]BANILACO カバーリシャスアルティメットホワイトクッション リフィル 詰め替え SPF38++ 14g,1980.0,,3067,2,small,Yahoo,はずれ,False,False,https://www.amazon.co.jp/dp/B0D86QWSSL,Yahoo最安 JAN=8809759904124,
929,B0GQSST4G8,beauty,4546672304528,【リニューアル品】EVERY(エブリ) アンナドンナ エブリカラートリートメント単品 ダークカラー 160g (チャコー,1616.0,,3072,2,small,Yahoo,はずれ,False,False,https://www.amazon.co.jp/dp/B0GQSST4G8,Yahoo最安 JAN=4546672304528,
930,B0F3NHKH6V,beauty,4580612757982,NILE 超濃密泡ジェルシャンプー リンスインシャンプー （ラフランスの香り),3430.0,,3078,3,standard_1,,,False,False,https://www.amazon.co.jp/dp/B0F3NHKH6V,,
931,B0FS21YC26,beauty,4901525012478,カウブランド無添加 全身保湿ミルククリーム ポンプ付 250g,1058.0,,3026,2,standard_1,Yahoo,はずれ,False,False,https://www.amazon.co.jp/dp/B0FS21YC26,Yahoo最安 JAN=4901525012478,
932,B0H33GFT45,beauty,,unlabel アンレーベル CO ディープモイストボディウォッシュ 詰め替え 3個セット 超高圧浸透型 コラーゲン 高,2228.0,,3321,2,standard_1,,,False,False,https://www.amazon.co.jp/dp/B0H33GFT45,,
933,B0H33G23MB,beauty,,unlabel アンレーベル Vクリーミーモイスト ボディウォッシュ 詰め替え 3個セット ボディソープ ビタミンC誘導,2228.0,,3086,5,standard_1,,,False,False,https://www.amazon.co.jp/dp/B0H33G23MB,,
934,B0CDGG61GY,beauty,4570042586207,【公式】muice (ミュアイス) スポットメンテパウダー 01 ソコアゲベージュ/フェイスパウダー ハイライター 毛穴,1200.0,,3093,2,small,Yahoo,はずれ,False,False,https://www.amazon.co.jp/dp/B0CDGG61GY,Yahoo最安 JAN=4570042586207,
935,B0D9B5VP16,beauty,4570042586719,【公式】muice (ミュアイス) スポットメンテパウダー 02 ビハダピンク 3.8g / パウダー ハイライト マッ,1420.0,,3596,3,small,Yahoo,はずれ,False,False,https://www.amazon.co.jp/dp/B0D9B5VP16,Yahoo最安 JAN=4570042586719,
936,B0DQ7NDLJD,beauty,4570042586955,【公式】muice (ミュアイス) スポットメンテパウダー 03 ムラ消シイエロー 3.8g / パウダー ハイライト ,1200.0,,3094,2,small,Yahoo,はずれ,False,False,https://www.amazon.co.jp/dp/B0DQ7NDLJD,Yahoo最安 JAN=4570042586955,
937,B0FP1KV31Q,beauty,4904740685373,ウーノ uno ハイブリッドハード < ヘアワックス > 80g×2個セット+サンプル スタイリング ワックス ハード ,1720.0,,3096,2,small,楽天,はずれ,False,False,https://www.amazon.co.jp/dp/B0FP1KV31Q,楽天最安 JAN=4904740685373,
938,B08JLN3JC1,beauty,0691266761714,ANUA(アヌア)ドクダミ77 ヒアルロンスージングローション 200ml 乳液 スキンケア【公式・正規品】,2772.0,,3323,2,standard_1,,,False,False,https://www.amazon.co.jp/dp/B08JLN3JC1,,
939,B086BJCNP1,beauty,4987306058736,【6個セット】リアップスカルプシャンプー 詰め替え用 350mL,7490.0,,3097,5,standard_1,Yahoo,原石,True,True,https://www.amazon.co.jp/dp/B086BJCNP1,Yahoo最安 JAN=4987306058736,
940,B0899K9D7N,beauty,4987306058736,【医薬部外品】大正製薬 リアップ スカルプシャンプー 詰め替え ３５０ｍＬ 【２個セット】,2630.0,,3097,5,standard_1,Yahoo,あやしい,False,False,https://www.amazon.co.jp/dp/B0899K9D7N,Yahoo最安 JAN=4987306058736,
941,B0F3NLTCJ8,beauty,4580612757975,NILE ピーリングジェル 角質取り 顔 メンズレディース (CALIFORNIA（グレープフルーツ）の香り),2180.0,,3099,3,small,楽天,はずれ,False,False,https://www.amazon.co.jp/dp/B0F3NLTCJ8,楽天最安 JAN=4580612757975,
942,B0CXTC8X4V,beauty,8809652583525,fwee(フィー) リップアンドチークブラーリープリンポット 1個 ヌード02 ライク,1980.0,,3027,2,small,Yahoo,はずれ,False,False,https://www.amazon.co.jp/dp/B0CXTC8X4V,Yahoo最安 JAN=8809652583525,
943,B0CXTCLL6Z,beauty,8809652583655,fwee(フィー) リップアンドチークブラーリープリンポット 1個 ピンク 05 サムシング,1980.0,,3027,2,small,Yahoo,はずれ,False,False,https://www.amazon.co.jp/dp/B0CXTCLL6Z,Yahoo最安 JAN=8809652583655,
944,B0CHR96JD4,beauty,,【 ワキガ に速攻！】SARAFINE サラフィネ [ ワキガクリーム 制汗剤 デオドラント 発汗抑制 殺菌 医薬部外品,3852.0,,3107,2,small,,,False,False,https://www.amazon.co.jp/dp/B0CHR96JD4,,
945,B0GCBJ39NL,beauty,0730881531835,【公式】眉美容師 アイブロウペンシル 落ちない 極細0.1mm ナギナタ形 アイブロウ 眉毛 ナチュラル 高発色 ウォー,1750.0,,3371,2,small,,,False,False,https://www.amazon.co.jp/dp/B0GCBJ39NL,,
946,B0D6GHQ1H4,beauty,8809652583518,fwee(フィー) リップアンドチークブラーリープリンポット 1個 ヌード01 オ!,1980.0,,3107,3,small,Yahoo,あやしい,True,True,https://www.amazon.co.jp/dp/B0D6GHQ1H4,Yahoo最安 JAN=8809652583518,
947,B0CXTDL3WC,beauty,8809652583549,fwee(フィー) リップアンドチークブラーリープリンポット 1個 ヌード04 マイ,1980.0,,3107,2,small,Yahoo,はずれ,False,False,https://www.amazon.co.jp/dp/B0CXTDL3WC,Yahoo最安 JAN=8809652583549,
948,B0GVDJN68B,beauty,0730881941276,【公式】眉美容師 アイブロウペンシル ナギナタ芯 0.1mm極細 落ちない アイブロウ 眉 ペンシル ウォータープルーフ,1245.0,,3108,4,small,,,False,False,https://www.amazon.co.jp/dp/B0GVDJN68B,,
949,B0F243KVTC,beauty,0737055891368,【公式】眉美容師 アイブロウペンシル ナギナタ芯 0.1mm極細 落ちない アイブロウ 眉 ペンシル ウォータープルーフ,1245.0,,3109,3,small,,,False,False,https://www.amazon.co.jp/dp/B0F243KVTC,,
950,B0F2426DFC,beauty,0737055891375,【公式】眉美容師 アイブロウペンシル ナギナタ芯 0.1mm極細 落ちない アイブロウ 眉 ペンシル ウォータープルーフ,1085.0,,3109,5,small,,,False,False,https://www.amazon.co.jp/dp/B0F2426DFC,,
951,B0G1QYRQKW,beauty,4570162341458,FERNANDA ボディスプラッシュ（ブラックティー）/Body Splash(Black tea),1742.0,,3110,3,small,楽天,はずれ,False,False,https://www.amazon.co.jp/dp/B0G1QYRQKW,楽天最安 JAN=4570162341458,
952,B0BHLF5N38,beauty,4571395825807,FERNANDA ボディスプラッシュ（バイオレットグロリアス）/Body Splash(Violet Glorias),1670.0,,3110,4,small,楽天,はずれ,False,False,https://www.amazon.co.jp/dp/B0BHLF5N38,楽天最安 JAN=4571395825807,
953,B0BHMNM9YH,beauty,4571395825753,FERNANDA ボディスプラッシュ（リリークラウン）/Body Splash(Lilly Crown),1550.0,,3110,7,small,楽天,はずれ,False,False,https://www.amazon.co.jp/dp/B0BHMNM9YH,楽天最安 JAN=4571395825753,
954,B0GKGTV6TY,beauty,4891228320591,Schick(シック) ハイドロ極 敏感肌 替刃（４コ）男性用 髭剃り カミソリ,2376.0,,3110,9,small,Yahoo,はずれ,False,False,https://www.amazon.co.jp/dp/B0GKGTV6TY,Yahoo最安 JAN=4891228320591,
955,B0BHLG7T9M,beauty,4571395825746,FERNANDA ボディスプラッシュ（ピンクエウフォリア） /Body Splash(Pink Euphoria),1720.0,,2637,6,small,Yahoo,はずれ,False,False,https://www.amazon.co.jp/dp/B0BHLG7T9M,Yahoo最安 JAN=4571395825746,
956,B0BHLGH5L8,beauty,4571395825777,FERNANDA ボディスプラッシュ（ケリーダテレーザ）/Body Splash(Querida Tereza),1690.0,,3111,7,small,楽天,はずれ,False,False,https://www.amazon.co.jp/dp/B0BHLGH5L8,楽天最安 JAN=4571395825777,
957,B0BHLJJKKK,beauty,4571395825760,FERNANDA ボディスプラッシュ（キスメットキス）/Body Splash(Kismet Kiss),1720.0,,3111,4,small,楽天,はずれ,False,False,https://www.amazon.co.jp/dp/B0BHLJJKKK,楽天最安 JAN=4571395825760,
958,B0BHLFHWLF,beauty,4571395825791,FERNANDA ボディスプラッシュ（フランセーザチュリパス）/Body Splash(Francesa Tulipas,1742.0,,3111,3,small,楽天,はずれ,False,False,https://www.amazon.co.jp/dp/B0BHLFHWLF,楽天最安 JAN=4571395825791,
959,B0BHLFHS3J,beauty,4571395825784,FERNANDA ボディスプラッシュ（フローレットダリアンセ）/Body Splash(Floret Dalliance,1760.0,,3111,3,small,Yahoo,はずれ,False,False,https://www.amazon.co.jp/dp/B0BHLFHS3J,Yahoo最安 JAN=4571395825784,
960,B0BHLC2WZ4,beauty,4571395825739,FERNANDA ボディスプラッシュ（マリアリゲル） /Body Splash (Maria Regale),1600.0,,3111,3,small,楽天,はずれ,False,False,https://www.amazon.co.jp/dp/B0BHLC2WZ4,楽天最安 JAN=4571395825739,
961,B0CXTCLL1C,beauty,8809652583556,fwee(フィー) リップアンドチークブラーリープリンポット 1個 ヌード05 ビー,1980.0,,3027,2,small,楽天,はずれ,False,False,https://www.amazon.co.jp/dp/B0CXTCLL1C,楽天最安 JAN=8809652583556,
962,B0DBLHQDNB,beauty,4548387468748,ちいかわ ヘアドライキャップ 大人用 頭囲46～75cm 吸水キャップ タオルキャップ 粧美堂 (モモンガ),2420.0,,3117,2,standard_1,Yahoo,はずれ,False,False,https://www.amazon.co.jp/dp/B0DBLHQDNB,Yahoo最安 JAN=4548387468748,
963,B0GRDBDSBR,beauty,4548387348781,ちいかわ ヘアドライキャップ 大人用 頭囲46～75cm 吸水キャップ タオルキャップ 粧美堂 (くりまんじゅう),2420.0,,3117,3,small,Yahoo,はずれ,False,False,https://www.amazon.co.jp/dp/B0GRDBDSBR,Yahoo最安 JAN=4548387348781,
964,B0CXSZXWXK,beauty,4573164187420,【医薬部外品】メイクカバー汗ブロックウォーターCOOL 50mL (冷感タイプ) 制汗ミスト 顔汗ブロック 冷感 さらさ,1650.0,,2945,3,small,Yahoo,はずれ,False,False,https://www.amazon.co.jp/dp/B0CXSZXWXK,Yahoo最安 JAN=4573164187420,
965,B074N3L1ML,beauty,4560119224224,Diane(ダイアン) ダイアン シャンプー [ツヤ髪] フローラル&ベリーの香り パーフェクトビューティ エクストラシ,1213.0,,3120,3,standard_1,楽天,はずれ,False,False,https://www.amazon.co.jp/dp/B074N3L1ML,楽天最安 JAN=4560119224224,
966,B07X74ZXGF,beauty,8809452671538,【One-day's you】ワンデイズユー P.Z. SSOC SSOCノーモアブラックヘッド除去ポアクリーンデュオ1,1700.0,,3123,3,small,Yahoo,はずれ,False,False,https://www.amazon.co.jp/dp/B07X74ZXGF,Yahoo最安 JAN=8809452671538,
967,B0F62YCR4Q,beauty,0600607867688,ヘアアイロン 2way イオンカール/ストレート 25mmプレート 120℃～220℃ プロ仕様 6段階温度調節可能 様,2975.0,,3127,3,standard_1,楽天,はずれ,False,False,https://www.amazon.co.jp/dp/B0F62YCR4Q,楽天最安 JAN=0600607867688,
968,B0DHKSF81K,beauty,8809971484503,CELIMAX(セリマックス) ポアブライトニングシミケアクリーム 35ml,2425.0,,3131,2,small,Yahoo,はずれ,False,False,https://www.amazon.co.jp/dp/B0DHKSF81K,Yahoo最安 JAN=8809971484503,
969,B0B2DBTS53,beauty,4589410210262,BROSH×WACKO MARIA POMADE【限定生産】115g 艶あり,2630.0,,3135,3,small,楽天,はずれ,False,False,https://www.amazon.co.jp/dp/B0B2DBTS53,楽天最安 JAN=4589410210262,
970,B0092JXEJY,beauty,8993417200441,【正規品】ellips（エリップス）ヘアオイル (ブラック／ピーチ＆シトラスの香り),1910.0,,3136,5,small,Yahoo,はずれ,False,False,https://www.amazon.co.jp/dp/B0092JXEJY,Yahoo最安 JAN=8993417200441,
971,B08H5JDHRL,beauty,8993417200434,【正規品】ellips（エリップス）ヘアオイル (パープル／ミックスベリー＆フローラルの香り),1950.0,,3221,7,small,楽天,はずれ,False,False,https://www.amazon.co.jp/dp/B08H5JDHRL,楽天最安 JAN=8993417200434,
972,B0085GEC2I,beauty,8993417200427,【正規品】ellips（エリップス）ヘアオイル (ピンク／ローズ＆グリーンの香り),1980.0,,3136,4,small,楽天,はずれ,False,False,https://www.amazon.co.jp/dp/B0085GEC2I,楽天最安 JAN=8993417200427,
973,B00LX1XMZ0,beauty,0676307888995,【正規品】ellips（エリップス）ヘアオイル (オレンジ／ハニー＆キャロット),1936.0,,3221,7,small,,,False,False,https://www.amazon.co.jp/dp/B00LX1XMZ0,,
974,B08JGS3WTD,beauty,8993417200427,【正規品】ellips（エリップス）ヘアオイル (【3個セット】 ピンク／ローズ＆グリーンの香り),6450.0,,3136,2,standard_1,楽天,原石,True,True,https://www.amazon.co.jp/dp/B08JGS3WTD,楽天最安 JAN=8993417200427,
975,B08JGZ7RY9,beauty,8993417200410,【正規品】ellips（エリップス）ヘアオイル (【3個セット】イエロー/トロピカルフルーツの香り),6900.0,,3136,2,standard_1,楽天,原石,True,True,https://www.amazon.co.jp/dp/B08JGZ7RY9,楽天最安 JAN=8993417200410,
976,B09XB5XF2L,beauty,4589546893650,&honey (アンドハニー) クレンジングバーム クリア 90g (W洗顔不要) 90g | クレンジングクリーム,1980.0,,3137,2,small,Yahoo,はずれ,False,False,https://www.amazon.co.jp/dp/B09XB5XF2L,Yahoo最安 JAN=4589546893650,
977,B0DP3ZY72W,beauty,4589546897887,【限定デザイン サクラ 2025 Limited】 &honey (アンドハニー) クレンジングバーム クリア 90g ,2800.0,,3137,5,small,,,False,False,https://www.amazon.co.jp/dp/B0DP3ZY72W,,
978,B0F18428LV,beauty,4589546898013,【限定 増量】&honey (アンドハニー) クレンジングバーム クリア (W洗顔不要) 120g | クレンジングクリ,2980.0,,3137,5,small,,,False,False,https://www.amazon.co.jp/dp/B0F18428LV,,
979,B0092JXE4Y,beauty,8993417200410,【正規品】ellips（エリップス）ヘアオイル (イエロー/トロピカルフルーツの香り),1960.0,,3137,7,small,楽天,はずれ,False,False,https://www.amazon.co.jp/dp/B0092JXE4Y,楽天最安 JAN=8993417200410,
980,B0F18JD8M6,beauty,4589546898051,【限定 増量】&honey (アンドハニー) クレンジングバーム ブラック (W洗顔不要) 120g | クレンジングク,1980.0,,3138,7,small,,,False,False,https://www.amazon.co.jp/dp/B0F18JD8M6,,
981,B0FL6GK1W8,beauty,4987107678331,【Amazon.co.jp限定】 ミノン アミノモイスト モイストミルキィ クレンジング 100g サンプル付き 【敏感,1650.0,,3094,2,small,楽天,はずれ,False,False,https://www.amazon.co.jp/dp/B0FL6GK1W8,楽天最安 JAN=4987107678331,
982,B01D9HWQNO,beauty,4908064088971,オルビス(ORBIS) サンスクリーン(R) フリーエンス 全身用 日焼け止め SPF30 / PA+++ 50mL 1,1300.0,,2858,2,small,楽天,はずれ,False,False,https://www.amazon.co.jp/dp/B01D9HWQNO,楽天最安 JAN=4908064088971,
983,B08K9G411K,beauty,4904740634517,Dove(ダヴ) 3in1 メイクも落とせる 泡洗顔料 詰替え用 120mL×3個 リーフレット付き,1354.0,,3165,2,standard_1,楽天,はずれ,False,False,https://www.amazon.co.jp/dp/B08K9G411K,楽天最安 JAN=4904740634517,
984,B0DQ831MB6,beauty,0600607836943,持ち運びヘアアイロン USB充電式 ミニ 前髪 アイロン 2WAY カール/ストレート 充電式ヘアアイロン コードレス ,3499.0,,3417,2,small,楽天,はずれ,False,False,https://www.amazon.co.jp/dp/B0DQ831MB6,楽天最安 JAN=0600607836943,
985,B0DQ7Z8FNT,beauty,0600607836936,持ち運びヘアアイロン USB充電式 ミニ 前髪 アイロン 2WAY カール/ストレート 充電式ヘアアイロン コードレス ,3499.0,,3168,3,small,楽天,はずれ,False,False,https://www.amazon.co.jp/dp/B0DQ7Z8FNT,楽天最安 JAN=0600607836936,
986,B0DQ5K6ZFZ,beauty,0600607836929,持ち運びヘアアイロン USB充電式 ミニ 前髪 アイロン 2WAY カール/ストレート 充電式ヘアアイロン コードレス ,3499.0,,3168,3,small,楽天,はずれ,False,False,https://www.amazon.co.jp/dp/B0DQ5K6ZFZ,楽天最安 JAN=0600607836929,
987,B0GC73K6FF,beauty,,ドライヤー 大風量 約20s 速乾 1200W 高速 温度風量切替 マイナスイオン ヘアドライヤー 軽量 マグネットノズ,3305.0,,3170,2,standard_1,,,False,False,https://www.amazon.co.jp/dp/B0GC73K6FF,,
988,B0F1MB6RF9,beauty,4550584464959,無印良品 日焼け止めミルク ・SPF50＋ PA＋＋＋＋ 150g 84464959,1292.0,,3173,3,small,Yahoo,はずれ,False,False,https://www.amazon.co.jp/dp/B0F1MB6RF9,Yahoo最安 JAN=4550584464959,
989,B0F4VH32KH,beauty,4550584464935,日焼け止めジェル(詰替用) ・SPF50+ PA++++ 120mL 84464935,1300.0,,3174,7,small,,,False,False,https://www.amazon.co.jp/dp/B0F4VH32KH,,
990,B0G8V4XMX7,beauty,4971710617115,ファシオ BB ティント クッション 耐久カバー 02 ライトベージュ 12g SPF50+/PA++++ カバー ウォ,2390.0,,3106,10,small,楽天,はずれ,False,False,https://www.amazon.co.jp/dp/B0G8V4XMX7,楽天最安 JAN=4971710617115,
991,B079C1QB65,beauty,4571263111278,リッツ モイスト パーフェクトリッチマスク 大容量 32枚 無香料 フェイスパック シートマスク,1900.0,,3189,4,standard_1,楽天,はずれ,False,False,https://www.amazon.co.jp/dp/B079C1QB65,楽天最安 JAN=4571263111278,
992,B084L2MT1Y,beauty,4571263111858,リッツ ホワイト ステムパーフェクトマスク 無香料 無着色 大容量 30枚 フェイスパック ビタミンC 誘導体,1188.0,,3189,4,standard_1,楽天,はずれ,False,False,https://www.amazon.co.jp/dp/B084L2MT1Y,楽天最安 JAN=4571263111858,
993,B005KP6PTU,beauty,4901872138579,マジョリカ マジョルカ アイブロウ ブローカスタマイズ (スーパースリム) BR660 チョコレートブラウン 0.08g,1380.0,,3110,5,small,Yahoo,あやしい,False,False,https://www.amazon.co.jp/dp/B005KP6PTU,Yahoo最安 JAN=4901872138579,
994,B07PPML3G1,beauty,0018787331057,ドクターブロナー マジックソープバー AL(アーモンド) オーガニック固形石鹸 ココナッツオイル 石けん 140g,1320.0,,3412,2,small,Yahoo,はずれ,False,False,https://www.amazon.co.jp/dp/B07PPML3G1,Yahoo最安 JAN=0018787331057,
995,B0DWFLY18Y,beauty,,ANUA(アヌア)PDRNヒアルロン酸100モイスチャライジングクリーム 60ml 水分 肌キメ うるおい ツヤ 保湿 ,3030.0,,3195,4,small,,,False,False,https://www.amazon.co.jp/dp/B0DWFLY18Y,,
996,B07YW5896N,beauty,4974972217611,ちふれ 口紅(詰替用) 250ローズ系パール,1100.0,,3196,2,small,Yahoo,はずれ,False,False,https://www.amazon.co.jp/dp/B07YW5896N,Yahoo最安 JAN=4974972217611,
997,B0122VGB2U,beauty,4974972218410,ちふれ 口紅(詰替用) 578レッド系 1個 (x 1),1480.0,,3196,3,small,,,False,False,https://www.amazon.co.jp/dp/B0122VGB2U,,
998,B086XDX9Y1,beauty,4974972281513,ちふれ（CHIFURE）口紅 473 オレンジ系 詰替用 リップスティック 保湿 ヒアルロン酸配合,1100.0,,3196,2,small,Yahoo,はずれ,False,False,https://www.amazon.co.jp/dp/B086XDX9Y1,Yahoo最安 JAN=4974972281513,
999,B0DRP5HMYX,beauty,4909978223885,MAJOLICA MAJORCA(マジョリカ マジョルカ) ラッシュエキスパンダー 孔雀ロング VI555 リッチモーヴ,1650.0,,3197,7,small,Yahoo,はずれ,False,False,https://www.amazon.co.jp/dp/B0DRP5HMYX,Yahoo最安 JAN=4909978223885,
1000,B0BTGL4P9C,beauty,8809747941513,MISSHA(ミシャ) ミシャ M プロカバー BBクリーム (35g) (No.21),1400.0,,3375,2,small,Yahoo,はずれ,False,False,https://www.amazon.co.jp/dp/B0BTGL4P9C,Yahoo最安 JAN=8809747941513,
1001,B0FW4LK3DS,beauty,4909978247065,マジョリカ マジョルカ マスカラ ラッシュエキスパンダー 孔雀ロング BK900 王女 ロゼブラック 6g マスカラ コ,1580.0,,3197,10,small,Yahoo,はずれ,False,False,https://www.amazon.co.jp/dp/B0FW4LK3DS,Yahoo最安 JAN=4909978247065,
1002,B00GNRTDV6,beauty,,【医薬部外品】柿のさち 薬用 体臭 加齢臭 ボディーソープ KnS 柿渋 詰替え用 800mL（約2回分）大容量 デオド,3630.0,,3200,2,standard_1,,,False,False,https://www.amazon.co.jp/dp/B00GNRTDV6,,
1003,B097C37LV7,beauty,4571549080014,KATAN クレンジングバーム 100g カタン cica メイク落とし W洗顔不要 まつエクOK 洗顔 毛穴 敏感肌 ,2900.0,,3201,2,small,楽天,はずれ,False,False,https://www.amazon.co.jp/dp/B097C37LV7,楽天最安 JAN=4571549080014,
1004,B0CZYL4GP2,beauty,8809925134119,ラネージュ リップグロウィバーム ブルーベリー 10g リップクリーム リップマスク リップバーム 唇 パック 保湿 韓,1870.0,,3202,2,small,Yahoo,はずれ,False,False,https://www.amazon.co.jp/dp/B0CZYL4GP2,Yahoo最安 JAN=8809925134119,
1005,B0F7L6MBM3,beauty,8809925192409,ラネージュ リップグロウィバーム 抹茶タピオカミルクティー 10g リップクリーム リップマスク リップバーム 唇 パッ,1216.0,,3088,5,small,楽天,はずれ,False,False,https://www.amazon.co.jp/dp/B0F7L6MBM3,楽天最安 JAN=8809925192409,
1006,B0CZYJYX4Q,beauty,8809925134126,ラネージュ リップグロウィバーム マンゴー 10g リップクリーム リップマスク リップバーム 唇 パック 保湿 韓国,1870.0,,3202,2,small,Yahoo,はずれ,False,False,https://www.amazon.co.jp/dp/B0CZYJYX4Q,Yahoo最安 JAN=8809925134126,
1007,B0F7L8F6YL,beauty,8809925192393,ラネージュ リップグロウィバーム タロイモタピオカミルクティー 10g リップクリーム リップマスク リップバーム 唇 ,1680.0,,3203,4,small,楽天,はずれ,False,False,https://www.amazon.co.jp/dp/B0F7L8F6YL,楽天最安 JAN=8809925192393,
1008,B016WRQWSI,beauty,,アルソア クイーンシルバー 135g,3800.0,,3203,5,small,,,False,False,https://www.amazon.co.jp/dp/B016WRQWSI,,
1009,B01D4CSSCC,beauty,4961503572400,ロレッタ ツヤツヤムゥ 180g スタイリング ヘアフォーム ムース ウェーブ パーマ 巻き髪 カール くせ毛 ツヤ出し,1735.0,,3206,4,small,Yahoo,はずれ,False,False,https://www.amazon.co.jp/dp/B01D4CSSCC,Yahoo最安 JAN=4961503572400,
1010,B01D4CPW4O,beauty,4961503572394,ロレッタ パウダームゥ 180g スタイリング ヘアフォーム ムース ウェーブ パーマ 巻き髪 カール ニュアンス セッ,1780.0,,3206,7,small,Yahoo,はずれ,False,False,https://www.amazon.co.jp/dp/B01D4CPW4O,Yahoo最安 JAN=4961503572394,
1011,B0F2H3PX5N,beauty,4987176250537,ブラウン シリーズ７ ボディ＆フェイスグルーマー BG7550 トリマー コーム4種 ポーチ 掃除用ブラシ,9600.0,,3418,10,standard_1,Yahoo,はずれ,False,False,https://www.amazon.co.jp/dp/B0F2H3PX5N,Yahoo最安 JAN=4987176250537,
1012,B0CW39KWK4,beauty,4945388289202,ロレッタ(Loretta)ハードゼリー 300g ×2個セット ヘアワックス ヘアジェル メンズ レディース ツヤ キー,3272.0,,3212,3,standard_1,Yahoo,はずれ,False,False,https://www.amazon.co.jp/dp/B0CW39KWK4,Yahoo最安 JAN=4945388289202,
1013,B0GH4FQ81K,beauty,4971710630503,STEPHEN KNOLL(スティーブン ノル)【26年発売】スムース ストレート シャンプー 475mL,1760.0,,3220,9,standard_1,楽天,はずれ,False,False,https://www.amazon.co.jp/dp/B0GH4FQ81K,楽天最安 JAN=4971710630503,
1014,B0GH4QF7MM,beauty,4971710630527,STEPHEN KNOLL(スティーブン ノル)【26年発売】スムース ストレート ヘアパック 200g,1375.0,,3121,9,small,Yahoo,はずれ,False,False,https://www.amazon.co.jp/dp/B0GH4QF7MM,Yahoo最安 JAN=4971710630527,
1015,B0GH4Y14FB,beauty,4971710634075,STEPHEN KNOLL(スティーブン ノル)【26年発売】スムース ストレート トリートメント (詰め替え用) 38,1375.0,,3220,10,standard_1,Yahoo,はずれ,False,False,https://www.amazon.co.jp/dp/B0GH4Y14FB,Yahoo最安 JAN=4971710634075,
1016,B0GH4QP5PJ,beauty,4971710630510,STEPHEN KNOLL(スティーブン ノル) 【26年発売】スムース ストレート トリートメント 475mL,1760.0,,3220,9,standard_1,Yahoo,はずれ,False,False,https://www.amazon.co.jp/dp/B0GH4QP5PJ,Yahoo最安 JAN=4971710630510,
1017,B0GH4HJH3V,beauty,4971710634068,STEPHEN KNOLL(スティーブン ノル) 【26年発売】スムース ストレート シャンプー (詰め替え用) 380,1375.0,,3221,9,standard_1,楽天,はずれ,False,False,https://www.amazon.co.jp/dp/B0GH4HJH3V,楽天最安 JAN=4971710634068,
1018,B0F139PKLX,beauty,4580632130819,MARO17(マーロ17) オールインワンシャンプー 190ml [ベルガモット&レモンの香り] 髪 からだ 全身シャン,1289.0,,3223,8,small,Yahoo,はずれ,False,False,https://www.amazon.co.jp/dp/B0F139PKLX,Yahoo最安 JAN=4580632130819,
1019,B0CZRMQVF3,beauty,0762715789808,BAYATA コテ ヘアアイロン 38mm カール アイロン ロングヘア 25段階温度調節 100℃～220℃調節可能 ,3127.0,,3234,3,standard_1,楽天,はずれ,False,False,https://www.amazon.co.jp/dp/B0CZRMQVF3,楽天最安 JAN=0762715789808,
1020,B0FW4NYMH8,beauty,8800253026565,Milk Touch アイコニックロングマスカラ(ブラック) ウォータープルーフ カールキープ 繊維入り,1628.0,,3227,2,small,Yahoo,はずれ,False,False,https://www.amazon.co.jp/dp/B0FW4NYMH8,Yahoo最安 JAN=8800253026565,
1021,B008ZNCBW4,beauty,4934651572028,ノブ A アクネフォーム 洗顔料・70g　お得な２本パック,2059.0,,3229,9,small,Yahoo,あやしい,True,True,https://www.amazon.co.jp/dp/B008ZNCBW4,Yahoo最安 JAN=4934651572028,
1022,B098JMHWHS,beauty,8809581531536,dasique 「公式」デイジーク 09 Sweet Cereal スイートシリアル アイシャドウパレット 1個 (x ,3500.0,,3354,2,small,Yahoo,はずれ,False,False,https://www.amazon.co.jp/dp/B098JMHWHS,Yahoo最安 JAN=8809581531536,
1023,B0F212ZS79,beauty,4990110007432,ホワイトコンク ホワイトCC UVⅡ 75ｇ SPF50＋ PA＋＋＋＋ 日焼け止め 美白 トーンアップ CCクリーム ,1320.0,,3373,3,small,Yahoo,はずれ,False,False,https://www.amazon.co.jp/dp/B0F212ZS79,Yahoo最安 JAN=4990110007432,
1024,B0030FXM5W,beauty,4920341231702,【 ひのき泥炭石 】固形 洗顔せっけん すっきりタイプ (75g ×3個),1320.0,,3245,2,standard_1,Yahoo,はずれ,False,False,https://www.amazon.co.jp/dp/B0030FXM5W,Yahoo最安 JAN=4920341231702,
1025,B0BT12MZVQ,beauty,4904740654324,エージーデオ24 プレミアム デオドラント ロールオン 無香性 40mL×2個セット+サンプル (医薬部外品) ニオイ ,2068.0,,3465,2,small,楽天,はずれ,False,False,https://www.amazon.co.jp/dp/B0BT12MZVQ,楽天最安 JAN=4904740654324,
1026,B09QKFJGCQ,beauty,4987205010569,ビューティーン 1DAYクレイジー! コスモグリーン 1個 (x 1),1299.0,,3250,6,small,楽天,はずれ,False,False,https://www.amazon.co.jp/dp/B09QKFJGCQ,楽天最安 JAN=4987205010569,
1027,B0G4656L6Q,beauty,0777192592919,マグネットつけまつ毛 接着剤不要 つけまつげ のり不要 ふんわり 柔らかい 再利用可能 ふわリッチ M02,1999.0,,3250,2,small,楽天,はずれ,False,False,https://www.amazon.co.jp/dp/B0G4656L6Q,楽天最安 JAN=0777192592919,
1028,B0CHJT9MYV,beauty,4582526128902,FIGATA ミニ香水 1.5ml （原材料：チュベローズ40 オードパルファム ） スプレータイプ レディース お試し,2420.0,,3113,2,small,,,False,False,https://www.amazon.co.jp/dp/B0CHJT9MYV,,
1029,B0BJKW31LD,beauty,4582526123228,[FIGATA]ミニ香水 原材料(lab サンタル33) オーデパルファン お試し 1.5ml アトマイザー,1410.0,,3113,2,small,,,False,False,https://www.amazon.co.jp/dp/B0BJKW31LD,,
1030,B0BJKZMXS2,beauty,4582526123235,[FIGATA]ミニ香水 原材料(lab ネロリ36) オーデパルファン お試し 1.5ml アトマイザー,1420.0,,3113,2,small,,,False,False,https://www.amazon.co.jp/dp/B0BJKZMXS2,,
1031,B0H2V28XW6,beauty,,鼻美顔器 鼻 ems 鼻用美顔器 【SNS話題沸騰】美顔器 鼻クリップ ノーズクリップ 鼻筋トレーナー 低周波パルス 充,5382.0,,3258,3,small,,,False,False,https://www.amazon.co.jp/dp/B0H2V28XW6,,
1032,B0BTP4CBCW,beauty,4901433077743,ヒロインメイク ソフトディファイン クリームペンシルN 02 ヘーゼルブラウン 0.1g 繰り出しアイライナー 楕円芯 ,1318.0,,3259,4,small,Yahoo,はずれ,False,False,https://www.amazon.co.jp/dp/B0BTP4CBCW,Yahoo最安 JAN=4901433077743,
1033,B0BTP2PRJ5,beauty,4901433077750,ヒロインメイク ソフトディファイン クリームペンシルN 03 チェリーブラウン 0.1g 繰り出しアイライナー 楕円芯 ,1320.0,,3259,3,small,Yahoo,はずれ,False,False,https://www.amazon.co.jp/dp/B0BTP2PRJ5,Yahoo最安 JAN=4901433077750,
1034,B0BTP4W36Y,beauty,4901433077736,ヒロインメイク ソフトディファイン クリームペンシルN 01 ナチュラルブラウン 0.1g 繰り出しアイライナー 楕円芯,1320.0,,3260,3,small,Yahoo,はずれ,False,False,https://www.amazon.co.jp/dp/B0BTP4W36Y,Yahoo最安 JAN=4901433077736,
1035,B007W9X2MU,beauty,0031399687060,ランバン エクラ ドゥ アルページュ オードパルファム EDP 50mL 香水 [並行輸入品],4065.0,,3292,6,standard_1,楽天,はずれ,False,False,https://www.amazon.co.jp/dp/B007W9X2MU,楽天最安 JAN=0031399687060,
1036,B000RO7EA8,beauty,0031400687065,LANVIN(ランバン) 【ランバン】エクラドゥアルページュ EDP [並行輸入品] 単品 100ミリリットル (x 1,5180.0,,3263,5,standard_1,楽天,はずれ,False,False,https://www.amazon.co.jp/dp/B000RO7EA8,楽天最安 JAN=0031400687065,
1037,B081MZML6V,beauty,4976561754521,La CASTA ラ・カスタ トリートメント アロマエステ ヘアマスク 11 詰め替え オーガニ ック 600g うねり,5390.0,,3547,5,standard_1,Yahoo,はずれ,False,False,https://www.amazon.co.jp/dp/B081MZML6V,Yahoo最安 JAN=4976561754521,
1038,B07Y9G77NN,beauty,4976561754507,La CASTA ラ・カスタ トリートメント アロマエステ ヘアマスク11 オーガニック 230g うねり・くせ毛を素直,2750.0,,3264,5,small,Yahoo,はずれ,False,False,https://www.amazon.co.jp/dp/B07Y9G77NN,Yahoo最安 JAN=4976561754507,
1039,B07YDVG5W5,beauty,4976561754491,La CASTA ラ・カスタ シャンプー アロマエステ ヘアソープ 11 オーガニック 300ml うねり・くせ毛もまと,2525.0,,3547,6,standard_1,Yahoo,はずれ,False,False,https://www.amazon.co.jp/dp/B07YDVG5W5,Yahoo最安 JAN=4976561754491,
1040,B0GVKRRW7R,beauty,0730881941290,【公式】お得2本セットアイブロウペンシル 落ちない 極細0.1mm アイブロウ 眉毛 ナチュラル 高発色 ウォータープル,2499.0,,3371,2,small,,,False,False,https://www.amazon.co.jp/dp/B0GVKRRW7R,,
1041,B081MVRD6W,beauty,4976561754514,La CASTA ラ・カスタ シャンプー アロマエステ ヘアソープ 11 詰め替え オーガニック 600ml うねり・く,4290.0,,3265,5,standard_1,Yahoo,はずれ,False,False,https://www.amazon.co.jp/dp/B081MVRD6W,Yahoo最安 JAN=4976561754514,
1042,B0BFPPT71X,beauty,8809581532779,Dasique 「公式」デイジーク#15 Beige Knit ベージュニットアイシャドウパレット/9色アイシャドウパレ,2780.0,,3354,5,small,楽天,はずれ,False,False,https://www.amazon.co.jp/dp/B0BFPPT71X,楽天最安 JAN=8809581532779,
1043,B0DGSSH3M2,beauty,8809581538313,Dasique 「公式」デイジーク #27 Rose Milk Tea ローズミルクティー 9色アイシャドウパレット/ア,3400.0,,3354,4,small,Yahoo,はずれ,False,False,https://www.amazon.co.jp/dp/B0DGSSH3M2,Yahoo最安 JAN=8809581538313,
1044,B0D2GY6RMX,beauty,8809581537057,Dasique 「公式」デイジーク #26 Golden Flower ゴールデンフラワー 9色アイシャドウパレット/ア,3891.0,,3268,4,small,Yahoo,はずれ,False,False,https://www.amazon.co.jp/dp/B0D2GY6RMX,Yahoo最安 JAN=8809581537057,
1045,B0GFD58SVL,beauty,8800299141451,Dasique 「公式」デイジーク #36 Dark Angel 9色アイシャドウパレット/アイシャドウ/涙袋メーカー/,3400.0,,3268,2,small,Yahoo,はずれ,False,False,https://www.amazon.co.jp/dp/B0GFD58SVL,Yahoo最安 JAN=8800299141451,
1046,B0BG2M16ZG,beauty,8809581532755,Dasique 「公式」デイジーク#16 Violet Knit バイオレットニットアイシャドウパレット/9色アイシャド,2750.0,,3268,4,small,Yahoo,はずれ,False,False,https://www.amazon.co.jp/dp/B0BG2M16ZG,Yahoo最安 JAN=8809581532755,
1047,B0DJLS6KXM,beauty,8809581538528,Dasique 「公式」デイジーク #28 Brown Bear ブラウンベア 9色アイシャドウパレット/アイシャドウ/,3000.0,,3354,5,small,Yahoo,はずれ,False,False,https://www.amazon.co.jp/dp/B0DJLS6KXM,Yahoo最安 JAN=8809581538528,
1048,B0C49KT59C,beauty,8809581533592,Dasique 「公式」デイジーク #21 Almond Vanilla 9色アイシャドウパレット/アイシャドウ/涙袋メ,1580.0,,3354,2,small,Yahoo,はずれ,False,False,https://www.amazon.co.jp/dp/B0C49KT59C,Yahoo最安 JAN=8809581533592,
1049,B0DJLV13QH,beauty,8809581538429,Dasique 「公式」デイジーク #29 Mauve Bear モーブベア 9色アイシャドウパレット/アイシャドウ/涙,3100.0,,3354,5,small,Yahoo,はずれ,False,False,https://www.amazon.co.jp/dp/B0DJLV13QH,Yahoo最安 JAN=8809581538429,
1050,B00U8M4VT6,beauty,4904740603582,【医薬部外品】ニキビ 洗顔 クレアラシル 薬用洗顔フォーム しっかりタイプ120g×2,1560.0,,3423,6,standard_1,,,False,False,https://www.amazon.co.jp/dp/B00U8M4VT6,,
1051,B08RDF5FT1,beauty,8806403073793,「公式」dasique デイジーク07 Milk Latte ミルクラテアイシャドウパレット,2690.0,,3354,5,small,,,False,False,https://www.amazon.co.jp/dp/B08RDF5FT1,,
1052,B08RDDPQCZ,beauty,8809581531000,Dasique 「公式」デイジーク #04 Pastel Dream パステルドリームアイシャドウパレット/9色アイシャ,2880.0,,3268,2,small,Yahoo,はずれ,False,False,https://www.amazon.co.jp/dp/B08RDDPQCZ,Yahoo最安 JAN=8809581531000,
1053,B08RDDP77X,beauty,8809581530966,「公式」dasique デイジーク 03 Nude Potion ヌードポーションアイシャドウパレット,2950.0,,3268,4,small,楽天,はずれ,False,False,https://www.amazon.co.jp/dp/B08RDDP77X,楽天最安 JAN=8809581530966,
1054,B0CD1FLBKJ,beauty,8809581534803,Dasique 「公式」デイジーク #23 Summer Coral サマーコーラル 9色アイシャドウパレット/アイシャ,3100.0,,3354,6,small,楽天,原石,True,True,https://www.amazon.co.jp/dp/B0CD1FLBKJ,楽天最安 JAN=8809581534803,
1055,B08RDBYTGW,beauty,0808224845502,「公式」デイジーク01 Sugar brownie シュガーブラウニー アイシャドウパレット 1個 (x 1),2590.0,,3354,3,small,,,False,False,https://www.amazon.co.jp/dp/B08RDBYTGW,,
1056,B0GFD4GYD1,beauty,8800299141444,Dasique 「公式」デイジーク #35 Love Angel 9色アイシャドウパレット/アイシャドウ/涙袋メーカー/,3600.0,,3268,2,small,Yahoo,はずれ,False,False,https://www.amazon.co.jp/dp/B0GFD4GYD1,Yahoo最安 JAN=8800299141444,
1057,B0C1FHYM3F,beauty,8809581533622,Dasique 「公式」デイジーク #18 Berry Smoothie 18 ベリースムージー 9色アイシャドウパレッ,2450.0,,3269,5,small,Yahoo,はずれ,False,False,https://www.amazon.co.jp/dp/B0C1FHYM3F,Yahoo最安 JAN=8809581533622,
1058,B0BG3X788S,beauty,8809581531697,「公式」dasique デイジーク12 Warm Blending 12ウォームブレンディングアイシャドウパレット 6グ,2890.0,,3269,3,small,Yahoo,はずれ,False,False,https://www.amazon.co.jp/dp/B0BG3X788S,Yahoo最安 JAN=8809581531697,
1059,B0CJQS2D3S,beauty,8809581535206,Dasique 「公式」デイジーク #24 Muted Nuts ミューテッドナッツ 9色アイシャドウパレット/アイシャ,2800.0,,3269,5,small,Yahoo,はずれ,False,False,https://www.amazon.co.jp/dp/B0CJQS2D3S,Yahoo最安 JAN=8809581535206,
1060,B0BG3X5H7Z,beauty,8809581532120,Dasique 「公式」デイジーク#13 Cool Blending クールブレンディングアイシャドウパレット/9色アイ,3030.0,,3269,2,small,Yahoo,はずれ,False,False,https://www.amazon.co.jp/dp/B0BG3X5H7Z,Yahoo最安 JAN=8809581532120,
1061,B08SWC9L1F,beauty,0808224845342,dasique 「公式」デイジーク02 Rose Petal ローズペタルアイシャドウパレット… 7グラム (x 1),3019.0,,3269,3,small,,,False,False,https://www.amazon.co.jp/dp/B08SWC9L1F,,
1062,B0F3NWG2BN,beauty,4582300065751,CLAYGE クレージュ シャンプー PS パールシャイン 艶めいてまとまる髪へ ホワイトアプリコット&ムスクの香り 詰,1111.0,,3426,5,standard_1,Yahoo,はずれ,False,False,https://www.amazon.co.jp/dp/B0F3NWG2BN,Yahoo最安 JAN=4582300065751,
1063,B0F3NMZZHW,beauty,4582300065744,CLAYGE クレージュ トリートメント PS パールシャイン 艶めいてまとまる髪へ ホワイトアプリコット&ムスクの香り,1540.0,,3271,6,standard_1,Yahoo,はずれ,False,False,https://www.amazon.co.jp/dp/B0F3NMZZHW,Yahoo最安 JAN=4582300065744,
1064,B0F3N7B1MG,beauty,4582300066963,CLAYGE クレージュ シャンプー トリートメント セット 500ml 2本組 PS パールシャイン 艶髪 まとまり ,2998.0,,3271,2,standard_2,Yahoo,はずれ,False,False,https://www.amazon.co.jp/dp/B0F3N7B1MG,Yahoo最安 JAN=4582300066963,
1065,B0F3NNJMV3,beauty,4582300065768,CLAYGE クレージュ トリートメント PS パールシャイン 艶めいてまとまる髪へ ホワイトアプリコット&ムスクの香り,1198.0,,3271,4,standard_1,Yahoo,はずれ,False,False,https://www.amazon.co.jp/dp/B0F3NNJMV3,Yahoo最安 JAN=4582300065768,
1066,B0F3NFFGZS,beauty,4582300065737,CLAYGE クレージュ シャンプー PS パールシャイン 艶めいてまとまる髪へ ホワイトアプリコット&ムスクの香り 5,1540.0,,3271,6,standard_1,楽天,はずれ,False,False,https://www.amazon.co.jp/dp/B0F3NFFGZS,楽天最安 JAN=4582300065737,
1067,B0CXXBD3K3,beauty,4589546896514,&honey (アンドハニー) サボン クリア ジェルボディウォッシュ 詰め替え 440mL | ボディソープ,1500.0,,3585,2,standard_1,楽天,はずれ,False,False,https://www.amazon.co.jp/dp/B0CXXBD3K3,楽天最安 JAN=4589546896514,
1068,B0BMGGYGJN,beauty,3430750368483,ジャンヌアルテス ( JEANNE ARTHES ) ミスカッサンドラ オードパルファム 100ml 香水 メンズ レデ,1853.0,,3623,4,standard_1,楽天,はずれ,False,False,https://www.amazon.co.jp/dp/B0BMGGYGJN,楽天最安 JAN=3430750368483,
1069,B0F99ZZ4WH,beauty,3430750181174,ジャンヌアルテス (JEANNE ARTHES) カッサンドラ ローズバニラ オードパルファム 100ml 香水 メンズ,2200.0,,3623,4,standard_1,Yahoo,はずれ,False,False,https://www.amazon.co.jp/dp/B0F99ZZ4WH,Yahoo最安 JAN=3430750181174,
1070,B01N29GN92,beauty,3430750042949,ジャンヌアルテス ( JEANNE ARTHES ) カッサンドラ ホワイトローズ オードパルファム 100ml 香水 ,1244.0,,3284,4,standard_1,Yahoo,はずれ,False,False,https://www.amazon.co.jp/dp/B01N29GN92,Yahoo最安 JAN=3430750042949,
1071,B07PDC38HY,beauty,3430750078597,ジャンヌアルテス ( JEANNE ARTHES ) カッサンドラ ジャスミンローズ オードパルファム 100ml 香水,1321.0,,3284,5,standard_1,Yahoo,はずれ,False,False,https://www.amazon.co.jp/dp/B07PDC38HY,Yahoo最安 JAN=3430750078597,
1072,B009DWYSW2,beauty,3430750036269,ジャンヌアルテス ( JEANNE ARTHES ) スルタン フェアリーローズ オードパルファム 100ml 香水 メ,1687.0,,3284,6,standard_1,Yahoo,はずれ,False,False,https://www.amazon.co.jp/dp/B009DWYSW2,Yahoo最安 JAN=3430750036269,
1073,B0CKFB4N8Z,beauty,4987176212207,パンテーン ミラクルズ カラーシャイン&リペア [色落ちケア] シャンプー 詰替超特大 1050g [3個分] Amaz,2780.0,,3284,3,standard_2,Yahoo,はずれ,False,False,https://www.amazon.co.jp/dp/B0CKFB4N8Z,Yahoo最安 JAN=4987176212207,
1074,B005PUK4TC,beauty,3430750034388,ジャンヌアルテス ( JEANNE ARTHES ) スルタン ブラックベルベット オードパルファム 100ml 香水 ,1982.0,,3284,3,standard_1,楽天,はずれ,False,False,https://www.amazon.co.jp/dp/B005PUK4TC,楽天最安 JAN=3430750034388,
1075,B002TLT63K,beauty,3430750032094,ジャンヌアルテス ( JEANNE ARTHES ) スルタン ナイト オードパルファム 100ml 香水 メンズ レデ,1509.0,,3623,3,small,楽天,はずれ,False,False,https://www.amazon.co.jp/dp/B002TLT63K,楽天最安 JAN=3430750032094,
1076,B08L59ZYTD,beauty,4580442690442,Le ment (ルメント) ブースターミスト バニラムスク,1386.0,,3514,2,small,,,False,False,https://www.amazon.co.jp/dp/B08L59ZYTD,,
1077,B00NW4JR00,beauty,3430750038409,ジャンヌアルテス ( JEANNE ARTHES ) カッサンドラ ローズ インテンス オードパルファム 100ml 香,1636.0,,3284,6,standard_1,Yahoo,はずれ,False,False,https://www.amazon.co.jp/dp/B00NW4JR00,Yahoo最安 JAN=3430750038409,
1078,B000FQ5W2K,beauty,3430750003223,ジャンヌアルテス ( JEANNE ARTHES ) ギュペシルク オードパルファム 100ml 香水 メンズ レディー,1418.0,,3284,5,standard_1,Yahoo,はずれ,False,False,https://www.amazon.co.jp/dp/B000FQ5W2K,Yahoo最安 JAN=3430750003223,
1079,B016BBAQDC,beauty,3430750040259,ジャンヌアルテス ( JEANNE ARTHES ) ラブリースウィートシックスティーン オードパルファム 50ml 香,2147.0,,3284,3,small,Yahoo,はずれ,False,False,https://www.amazon.co.jp/dp/B016BBAQDC,Yahoo最安 JAN=3430750040259,
1080,B0D9BNT98W,beauty,4909978215446,SHISEIDO(資生堂) ミニアイラッシュカーラー アイラッシュカーラー 本体 1個,1320.0,,3288,6,small,Yahoo,はずれ,False,False,https://www.amazon.co.jp/dp/B0D9BNT98W,Yahoo最安 JAN=4909978215446,
1081,B0GJ5P6HV4,beauty,4570042584715,【公式】CipiCipi (シピシピ) グリッターイルミネーションライナー S 07 Shell Pink 3g / ア,1690.0,,3289,4,small,Yahoo,はずれ,False,False,https://www.amazon.co.jp/dp/B0GJ5P6HV4,Yahoo最安 JAN=4570042584715,
1082,B0F9WBLTXG,beauty,4570042584142,【公式】CipiCipi (シピシピ) グリッターイルミネーションライナー S 06 デイリーベージュ/アイライナー ア,1690.0,,3808,3,small,Yahoo,はずれ,False,False,https://www.amazon.co.jp/dp/B0F9WBLTXG,Yahoo最安 JAN=4570042584142,
1083,B0F9W8YCR9,beauty,4570042584111,【公式】CipiCipi (シピシピ) グリッターイルミネーションライナー S 03 ピンクスパークル/アイライナー ア,1690.0,,3290,2,small,Yahoo,はずれ,False,False,https://www.amazon.co.jp/dp/B0F9W8YCR9,Yahoo最安 JAN=4570042584111,
1084,B0GZ6P7F38,beauty,4570042584777,【公式】CipiCipi (シピシピ) グリッターイルミネーションライナー S 103 フローズンピンク【限定】 / ア,1880.0,,3290,6,small,Yahoo,はずれ,False,False,https://www.amazon.co.jp/dp/B0GZ6P7F38,Yahoo最安 JAN=4570042584777,
1085,B0F9WBQ275,beauty,4570042584104,【公式】CipiCipi (シピシピ) グリッターイルミネーションライナー S 02 トゥインクルスター/アイライナー ,1589.0,,3290,2,small,Yahoo,はずれ,False,False,https://www.amazon.co.jp/dp/B0F9WBQ275,Yahoo最安 JAN=4570042584104,
1086,B0B8NVSCPF,beauty,,Ururila ネイルシール ジェルネイルシール 硬化タイプ 貼るだけ セルフネイル ネイルステッカー うるりら (00,1385.0,,2932,2,small,,,False,False,https://www.amazon.co.jp/dp/B0B8NVSCPF,,
1087,B0C6K1YG38,beauty,,うるりら ネイルシール ジェルネイルシール 硬化タイプ 貼るだけ 長持ち セルフネイル ネイルステッカー Ururila,1385.0,,2932,2,small,,,False,False,https://www.amazon.co.jp/dp/B0C6K1YG38,,
1088,B0DCJHTV1V,beauty,4904740672892,LUX(ラックス) 【セット買い】 バスグロウ リペアアンドシャイン シャンプー+コンディショナー(トリートメント) 詰,1069.0,,3053,2,standard_1,楽天,はずれ,False,False,https://www.amazon.co.jp/dp/B0DCJHTV1V,楽天最安 JAN=4904740672892,
1089,B003U3R250,beauty,0793379304922,エルメス ナイルの庭 30ml(211008024),6278.0,,3300,4,small,,,False,False,https://www.amazon.co.jp/dp/B003U3R250,,
1090,B0BSLCTT5K,beauty,4582356618857,【正規品】 BANILA CO (バニラコ) クレンジングバームP 125ml,1970.0,,3309,2,small,楽天,はずれ,False,False,https://www.amazon.co.jp/dp/B0BSLCTT5K,楽天最安 JAN=4582356618857,
1091,B0BSLBQSMD,beauty,4582356618840,【正規品】 BANILA CO (バニラコ) クレンジングバームO 125ml,1970.0,,3309,2,small,Yahoo,はずれ,False,False,https://www.amazon.co.jp/dp/B0BSLBQSMD,Yahoo最安 JAN=4582356618840,
1092,B0BSLC1TVS,beauty,4582356619847,【正規品】 BANILA CO (バニラコ) クレンジングバームN 125ml,1750.0,,3309,2,small,楽天,はずれ,False,False,https://www.amazon.co.jp/dp/B0BSLC1TVS,楽天最安 JAN=4582356619847,
1093,B0BXD1Y12W,beauty,4904740655857,Dove 【まとめ買い】 (ダヴ) ビューティモイスチャー クリーミー泡洗顔料 詰め替え用 125ml×3個 リーフレッ,1080.0,,3312,4,standard_1,Yahoo,はずれ,False,False,https://www.amazon.co.jp/dp/B0BXD1Y12W,Yahoo最安 JAN=4904740655857,
1094,B0BXD348ZN,beauty,4904740655888,Dove 【まとめ買い】 (ダヴ) ニキビケア クリーミー泡洗顔料 詰め替え用 125ml×3個 リーフレット付き,1671.0,,3313,2,standard_1,楽天,はずれ,False,False,https://www.amazon.co.jp/dp/B0BXD348ZN,楽天最安 JAN=4904740655888,
1095,B0FZTXZW81,beauty,4589474249659,Fujiko(フジコ) デコシャドウby.F 01エブリバディブラウン 4g シェーディング 小顔 おでこ 生え際 薄毛,1645.0,,3315,8,small,楽天,はずれ,False,False,https://www.amazon.co.jp/dp/B0FZTXZW81,楽天最安 JAN=4589474249659,
1096,B0B7JNSQ1J,beauty,,ZEESEA ズーシー「ゼロ」粉感皮脂コントロール (01) ホワイト,1780.0,,3318,5,small,,,False,False,https://www.amazon.co.jp/dp/B0B7JNSQ1J,,
1097,B07BVQSPJ6,beauty,4560418389747,PRE GEL ピールオフジェル BUC-12-PEEL 12g クリア,2098.0,,3326,3,small,Yahoo,はずれ,False,False,https://www.amazon.co.jp/dp/B07BVQSPJ6,Yahoo最安 JAN=4560418389747,
1098,B0D9V3J2HL,beauty,8809784601937,トリデン Torriden セルメイジング ビタC ブライトニングアンプル セラム30ml 【公式・正規品】ビタミンC誘,2396.0,,3326,4,small,楽天,はずれ,False,False,https://www.amazon.co.jp/dp/B0D9V3J2HL,楽天最安 JAN=8809784601937,
1099,B07SMF3Q35,beauty,4562309385883,ココイスト KOKOIST ウルトラグロッシーノンワイプトップコートジェル 15mL UV/LED対応 ジェルネイル,2250.0,,3327,10,small,Yahoo,はずれ,False,False,https://www.amazon.co.jp/dp/B07SMF3Q35,Yahoo最安 JAN=4562309385883,
1100,B0GRTYY5V5,beauty,4901301464163,プリマヴィスタ ピンポイントセバムオフ スティック Tゾーンや小鼻などの部分テカリを防ぐ サラすべ肌 長時間持続 部分超,2750.0,,3329,10,small,Yahoo,はずれ,False,False,https://www.amazon.co.jp/dp/B0GRTYY5V5,Yahoo最安 JAN=4901301464163,
1101,B0CDPD2L55,beauty,4902895042973,泡風呂 無添加生活 無添加泡入浴剤 ハッピーバブルバス 詰め替え用 800mL(約32回分) 大容量 ラスカルシリーズ ,1579.0,,3610,2,standard_1,楽天,はずれ,False,False,https://www.amazon.co.jp/dp/B0CDPD2L55,楽天最安 JAN=4902895042973,
1102,B0B5QL2VCP,beauty,4589410210286,BROSH HARD POMADE 115g 艶あり スーパーハードホールド,2530.0,,3333,2,small,楽天,はずれ,False,False,https://www.amazon.co.jp/dp/B0B5QL2VCP,楽天最安 JAN=4589410210286,
1103,B0FRRPSN8K,beauty,4560401461924,クオリティファースト ザ・ダーマベスト 5レチノール+コラーゲン (エイジング/レチノール) 日本製 / 20枚入り,2420.0,,3492,4,standard_1,Yahoo,はずれ,False,False,https://www.amazon.co.jp/dp/B0FRRPSN8K,Yahoo最安 JAN=4560401461924,
1104,B09FP3X6WY,beauty,4904740643373,テンスター ヘナ カラートリートメント <チャコールブラウン> 250g × 2本入り カラーリングキャップ+ポイントブ,2949.0,,3341,2,standard_1,,,False,False,https://www.amazon.co.jp/dp/B09FP3X6WY,,
1105,B00J4I6PM6,beauty,4901646141118,テンスター カラートリートメントIII ライトブラウン 250g,1155.0,,3341,10,standard_1,Yahoo,はずれ,False,False,https://www.amazon.co.jp/dp/B00J4I6PM6,Yahoo最安 JAN=4901646141118,
1106,B09WD3C512,beauty,4901646145765,テンスターヘナ カラートリートメント ダークグレージュ 250g,1480.0,,3342,9,standard_1,楽天,はずれ,False,False,https://www.amazon.co.jp/dp/B09WD3C512,楽天最安 JAN=4901646145765,
1107,B0H69R7T44,beauty,0758500959891,【Amazon.co.jp 限定】電動爪切り 電動つめきり 2 段階スピード調整 Type‑C 充電式 LED ライト付,1999.0,,4318,2,small,,,False,False,https://www.amazon.co.jp/dp/B0H69R7T44,,
1108,B07NHXXZF2,beauty,4971710393026,モイスチュアマイルド ホワイト KOSE パーフェクトジェル UV 1個 (x 1),1340.0,,3348,9,small,Yahoo,はずれ,False,False,https://www.amazon.co.jp/dp/B07NHXXZF2,Yahoo最安 JAN=4971710393026,
1109,B09RF9RT25,beauty,4904651124244,サロンドプロ 白髪染め 泡のヘアカラー EX メンズスピーディ 7 ナチュラルブラック [医薬部外品],2670.0,,3281,9,small,Yahoo,原石,True,True,https://www.amazon.co.jp/dp/B09RF9RT25,Yahoo最安 JAN=4904651124244,
1110,B09BFLGGDF,beauty,4582116754528,アゲツヤ ヒートブラシ ブラシアイロン ポータブルミニブラシ ストレートヘアアイロン ホワイト 海外対応 ポーチ付 軽量,4840.0,,4689,2,standard_1,Yahoo,はずれ,False,False,https://www.amazon.co.jp/dp/B09BFLGGDF,Yahoo最安 JAN=4582116754528,
1111,B09RF6PTRS,beauty,4904651124237,サロンドプロ 白髪染め 泡のヘアカラー EX メンズスピーディ 6A 深みのあるアッシュブラウン [医薬部外品],2500.0,,3350,7,small,Yahoo,原石,True,True,https://www.amazon.co.jp/dp/B09RF6PTRS,Yahoo最安 JAN=4904651124237,
1112,B07N6ZXN27,beauty,4582116754276,アゲツヤ ヒートブラシ ブラシアイロン ポータブルミニブラシ ストレートヘアアイロン ブラック 海外対応 ポーチ付 軽量,3980.0,,4689,5,standard_1,Yahoo,はずれ,False,False,https://www.amazon.co.jp/dp/B07N6ZXN27,Yahoo最安 JAN=4582116754276,
1113,B0GNMLGL9X,beauty,4573633992326,【@cosmeベスコス殿堂入りシリーズ】iroha イロハ デリケートゾーン専用ソープ 泡タイプ ダマスクローズとゼラニ,1317.0,,3184,2,small,Yahoo,はずれ,False,False,https://www.amazon.co.jp/dp/B0GNMLGL9X,Yahoo最安 JAN=4573633992326,
1114,B0C6Y9PFC3,beauty,4582526128353,[FIGATA]ミニ香水 原材料(lab ガイアック10) オーデパルファン お試し 1.5ml アトマイザー,1835.0,,3113,2,small,,,False,False,https://www.amazon.co.jp/dp/B0C6Y9PFC3,,
1115,B0DKJDSCXY,beauty,4570116550226,FIGATA ミニ香水 1.5ml （原材料：アナザー オードパルファム ） スプレータイプ ユニセックス お試し la,1350.0,,3113,2,small,,,False,False,https://www.amazon.co.jp/dp/B0DKJDSCXY,,
1116,B0F79JW7MZ,beauty,4582655746992,【@cosmeベスコス殿堂入りシリーズ】iroha イロハ デリケートゾーンソープ 泡タイプ よもぎブレンドの香り 弱酸,1485.0,,3355,3,small,Yahoo,はずれ,False,False,https://www.amazon.co.jp/dp/B0F79JW7MZ,Yahoo最安 JAN=4582655746992,
1117,B0CLM11WMG,beauty,4570116490508,FIGATA ミニ香水 3ml （原材料：アナザー オードパルファム） ロールオンタイプ ユニセックス お試し lab,2340.0,,3113,3,small,,,False,False,https://www.amazon.co.jp/dp/B0CLM11WMG,,
1118,B0CLLW75LN,beauty,4570116490034,FIGATA ミニ香水 5ml （原材料：アナザー オードパルファム）ロールオンタイプ ユニセックス お試し lab,3650.0,,3113,3,small,,,False,False,https://www.amazon.co.jp/dp/B0CLLW75LN,,
1119,B0CHJV87DT,beauty,4582526128780,[FIGATA]ミニ香水 原材料(lab ベンジョイン19) オーデパルファン お試し 1.5ml アトマイザー,2420.0,,3357,2,small,,,False,False,https://www.amazon.co.jp/dp/B0CHJV87DT,,
1120,B0CHJRZTKY,beauty,4582526128827,[FIGATA]ミニ香水 原材料(lab セドラ37) オーデパルファン お試し 1.5ml アトマイザー,2420.0,,3357,2,small,,,False,False,https://www.amazon.co.jp/dp/B0CHJRZTKY,,
1121,B0CHJRW9M3,beauty,4582526128841,[FIGATA]ミニ香水 原材料(lab ムースドシェーヌ30) オーデパルファン お試し 1.5ml アトマイザー,2420.0,,3357,2,small,,,False,False,https://www.amazon.co.jp/dp/B0CHJRW9M3,,
1122,B0CHJSRP1M,beauty,4582526128810,[FIGATA]ミニ香水 原材料(lab ビガラード18) オーデパルファン お試し 1.5ml アトマイザー,2420.0,,3357,2,small,,,False,False,https://www.amazon.co.jp/dp/B0CHJSRP1M,,
1123,B0CHJVPL3T,beauty,4582526128773,[FIGATA]ミニ香水 原材料(lab ベローズ26) オーデパルファン お試し 1.5ml アトマイザー,2420.0,,3357,2,small,,,False,False,https://www.amazon.co.jp/dp/B0CHJVPL3T,,
1124,B097DJXX34,beauty,4946324038946,オリシキ アイリッドスキンフィルム 増量 (4.8mL),2580.0,,3699,2,small,,,False,False,https://www.amazon.co.jp/dp/B097DJXX34,,
1125,B07BB5QRTS,beauty,4946324035198,D-UP(ディーアップ) D-UP オリシキ アイリッドスキンフィルム 単品 4mL,1629.0,,3359,8,small,楽天,はずれ,False,False,https://www.amazon.co.jp/dp/B07BB5QRTS,楽天最安 JAN=4946324035198,
1126,B0D9JMDDY9,beauty,4580596721535,O SKIN & HAIR ヘアバーム 45ml｜ヘアスタイリング スキンケアバーム 自然なツヤと束感,3410.0,,3118,2,small,楽天,はずれ,False,False,https://www.amazon.co.jp/dp/B0D9JMDDY9,楽天最安 JAN=4580596721535,
1127,B0FG7GLJ6J,beauty,0737055970131,Maksure アイブロウペンシル 極細0.1mm 24時間 落ちない 自然な仕上がり 長持ち防水・防汗 人気 落ちない,1280.0,,3363,2,small,,,False,False,https://www.amazon.co.jp/dp/B0FG7GLJ6J,,
1128,B004X4809W,beauty,4941547585475,AQUA SAVON(アクアシャボン) アクアシャボン エメラルドソープの香り EDT 80mL,2780.0,,3364,9,standard_1,Yahoo,はずれ,False,False,https://www.amazon.co.jp/dp/B004X4809W,Yahoo最安 JAN=4941547585475,
1129,B0BTRY67VW,beauty,4901416180903,club(クラブ) すっぴんパウダーC ホワイトフローラルブーケの香り 26g 化粧下地 (皮脂/テカリ/毛穴/乾燥) ,1980.0,,3364,4,small,楽天,はずれ,False,False,https://www.amazon.co.jp/dp/B0BTRY67VW,楽天最安 JAN=4901416180903,
1130,B08N5YJJCB,beauty,4550012405691,AQUA SAVON(アクアシャボン) アクアシャボン 香水 オードトワレ 80ml (EDT・SP) (ゆず),2436.0,,3365,6,small,Yahoo,はずれ,False,False,https://www.amazon.co.jp/dp/B08N5YJJCB,Yahoo最安 JAN=4550012405691,
1131,B0F3X2NPMF,beauty,4550012900370,AQUA SAVON(アクアシャボン) アクアシャボン 香水 オードトワレ 80ml (EDT・SP) (シトラスフォレ,2690.0,,3365,7,standard_1,,,False,False,https://www.amazon.co.jp/dp/B0F3X2NPMF,,
1132,B003LR0W1G,beauty,4941547585338,AQUA SAVON(アクアシャボン) アクアシャボン 香水 オードトワレ 80ml (EDT・SP) (ウォータリーシ,2910.0,,3305,9,standard_1,楽天,はずれ,False,False,https://www.amazon.co.jp/dp/B003LR0W1G,楽天最安 JAN=4941547585338,
1133,B002D3285W,beauty,4941547580890,AQUA SAVON(アクアシャボン) アクアシャボンホワイトコットンの香り EDT 80ml,3025.0,,3365,3,standard_1,Yahoo,はずれ,False,False,https://www.amazon.co.jp/dp/B002D3285W,Yahoo最安 JAN=4941547580890,
1134,B00OTOF33M,beauty,4549196002383,AQUA SAVON(アクアシャボン) アクアシャボン 香水 オードトワレ 80ml (EDT・SP) (大好きなせっけ,3300.0,,3365,2,small,Yahoo,はずれ,False,False,https://www.amazon.co.jp/dp/B00OTOF33M,Yahoo最安 JAN=4549196002383,
1135,B07LCYLV3J,beauty,4550012149250,AQUA SAVON(アクアシャボン) アクアシャボン 香水 オードトワレ 80ml (EDT・SP) (サクラフローラ,3400.0,,3365,11,standard_1,Yahoo,はずれ,False,False,https://www.amazon.co.jp/dp/B07LCYLV3J,Yahoo最安 JAN=4550012149250,
1136,B0CHJRKQZ6,beauty,4582526128766,[FIGATA]ミニ香水 原材料(lab アルデヒド44) オーデパルファン お試し 1.5ml アトマイザー,2420.0,,3113,2,small,,,False,False,https://www.amazon.co.jp/dp/B0CHJRKQZ6,,
1137,B08XRR4FF9,beauty,4992440037066,透明白肌 ホワイトUVスプレー 紫外線 トーンアップ ウォータープルーフ SPF50 PA++++ 100g,1650.0,,3138,2,small,Yahoo,はずれ,False,False,https://www.amazon.co.jp/dp/B08XRR4FF9,Yahoo最安 JAN=4992440037066,
1138,B0FY685FTB,beauty,4550012943995,AQUA SAVON(アクアシャボン) アクアシャボン 香水 オードトワレ 80ml (EDT・SP) (アップルブロッ,2680.0,,3365,6,standard_1,楽天,はずれ,False,False,https://www.amazon.co.jp/dp/B0FY685FTB,楽天最安 JAN=4550012943995,
1139,B0GSV45DQK,beauty,4550012992641,AQUA SAVON(アクアシャボン) アクアシャボン 香水 オードトワレ 80ml (EDT・SP) (パウダリームス,3300.0,,3365,2,standard_1,Yahoo,はずれ,False,False,https://www.amazon.co.jp/dp/B0GSV45DQK,Yahoo最安 JAN=4550012992641,
1140,B0H2Q7MQJM,beauty,,【雑誌掲載×SNSで話題】SENUNシリコンパフ 大きめ 2個セット 個別ケース付き 日焼け止め塗りに！透明 洗える 繰,1080.0,,3368,2,standard_1,,,False,False,https://www.amazon.co.jp/dp/B0H2Q7MQJM,,
1141,B0H4R1G1TF,beauty,,【雑誌掲載×SNSで話題】SENUNシリコンパフ 5個セット 個別ケース付き 日焼け止め塗りに！透明 洗える 繰り返し使,1080.0,,3368,2,standard_1,,,False,False,https://www.amazon.co.jp/dp/B0H4R1G1TF,,
1142,B0FK4JS866,beauty,,【雑誌掲載×SNSで話題】SENUNシリコンパフ 5個セット 個別ケース付き 日焼け止め塗りに！透明 洗える 繰り返し使,1080.0,,3369,2,standard_1,,,False,False,https://www.amazon.co.jp/dp/B0FK4JS866,,
1143,B0C61YHF7B,beauty,4528620362514,プラウドメン グルーミングシート グルーミング・シトラスの香り 16枚入り×3個セット,2640.0,,3739,2,standard_1,,,False,False,https://www.amazon.co.jp/dp/B0C61YHF7B,,
1144,B0C61W5938,beauty,4528620362538,プラウドメン ボディシート メンズ グルーミングシートクール グルーミング・シトラスの香り 16枚入り×3個セット【リニ,2970.0,,3372,2,standard_1,,,False,False,https://www.amazon.co.jp/dp/B0C61W5938,,
1145,B0DBLJQCR4,beauty,4548387468717,ちいかわ ヘアドライキャップ 大人用 頭囲46～75cm 吸水キャップ タオルキャップ 粧美堂 (ちいかわ),2154.0,,3373,4,small,Yahoo,はずれ,False,False,https://www.amazon.co.jp/dp/B0DBLJQCR4,Yahoo最安 JAN=4548387468717,
1146,B0GRCTY5N8,beauty,4548387348804,ちいかわ ヘアドライキャップ 大人用 頭囲46～75cm 吸水キャップ タオルキャップ 粧美堂 (シーサー),2420.0,,3117,3,standard_1,Yahoo,はずれ,False,False,https://www.amazon.co.jp/dp/B0GRCTY5N8,Yahoo最安 JAN=4548387348804,
1147,B0DBLFQ22Y,beauty,4548387468731,ちいかわ ヘアドライキャップ 大人用 頭囲46～75cm 吸水キャップ タオルキャップ 粧美堂 (うさぎ),2420.0,,3373,2,standard_1,Yahoo,はずれ,False,False,https://www.amazon.co.jp/dp/B0DBLFQ22Y,Yahoo最安 JAN=4548387468731,
1148,B0GRDL4H45,beauty,4548387348811,ちいかわ ヘアドライキャップ 大人用 頭囲46～75cm 吸水キャップ タオルキャップ 粧美堂 (古本屋),2420.0,,3374,3,small,Yahoo,はずれ,False,False,https://www.amazon.co.jp/dp/B0GRDL4H45,Yahoo最安 JAN=4548387348811,
1149,B0GRCX13WR,beauty,4548387348798,ちいかわ ヘアドライキャップ 大人用 頭囲46～75cm 吸水キャップ タオルキャップ 粧美堂 (ラッコ),2420.0,,3374,3,small,Yahoo,はずれ,False,False,https://www.amazon.co.jp/dp/B0GRCX13WR,Yahoo最安 JAN=4548387348798,
1150,B0DBLH86KQ,beauty,4548387468724,ちいかわ ヘアドライキャップ 大人用 頭囲46～75cm 吸水キャップ タオルキャップ 粧美堂 (ハチワレ),2420.0,,3374,4,standard_1,楽天,はずれ,False,False,https://www.amazon.co.jp/dp/B0DBLH86KQ,楽天最安 JAN=4548387468724,
1151,B0BTGMNBD9,beauty,8809747941520,MISSHA(ミシャ) ミシャ M プロカバー BBクリーム (35g) (No.23),1500.0,,3375,5,small,Yahoo,はずれ,False,False,https://www.amazon.co.jp/dp/B0BTGMNBD9,Yahoo最安 JAN=8809747941520,
1152,B0D2GD4KTV,beauty,,バブ ミルキーアロマ 12錠×2個+入浴剤付き［医薬部外品］,1138.0,,3377,2,standard_2,,,False,False,https://www.amazon.co.jp/dp/B0D2GD4KTV,,
1153,B0FF46QW3C,beauty,4570042583367,【公式】Wonjungyo(ウォンジョンヨ) ストレートトリートメント 細い髪用 200g / ヘアケア コシ うるおい,2150.0,,3897,2,small,Yahoo,はずれ,False,False,https://www.amazon.co.jp/dp/B0FF46QW3C,Yahoo最安 JAN=4570042583367,
1154,B0DFL81P6N,beauty,4570042582599,【公式】Wonjungyo (ウォンジョンヨ) リペアトリートメント スムース 200g/ ヘアケア ダメージ補修 保湿,2149.0,,3380,4,small,楽天,はずれ,False,False,https://www.amazon.co.jp/dp/B0DFL81P6N,楽天最安 JAN=4570042582599,
1155,B0D6Y3FR4D,beauty,4570042582636,【公式】Wonjungyo (ウォンジョンヨ) リペアトリートメント モイスト 200g / ヘアケア パサつき 広がり,2149.0,,3897,4,small,Yahoo,はずれ,False,False,https://www.amazon.co.jp/dp/B0D6Y3FR4D,Yahoo最安 JAN=4570042582636,
1156,B095BXPT54,beauty,4530107020077,RISINGWAVE(ライジングウェーブ) 【 爽やかさあふれる ロイヤル フローラル の香り 】 フリー ライトブルー,4250.0,,3384,8,small,Yahoo,はずれ,False,False,https://www.amazon.co.jp/dp/B095BXPT54,Yahoo最安 JAN=4530107020077,
1157,B095BZBHYS,beauty,4530107020091,RISINGWAVE(ライジングウェーブ) 【 透明感のある ホワイト シャボン の香り 】 フリー コーラルホワイト ,4200.0,,3385,5,small,Yahoo,あやしい,False,False,https://www.amazon.co.jp/dp/B095BZBHYS,Yahoo最安 JAN=4530107020091,
1158,B0CT2774L6,beauty,4550583451172,無印良品 エイジングケアオールインワンクリーム 30g 83451172,1200.0,,3386,5,small,Yahoo,はずれ,False,False,https://www.amazon.co.jp/dp/B0CT2774L6,Yahoo最安 JAN=4550583451172,
1159,B0GNYVLQCB,beauty,4902111784397,Dove(ダヴ) ボディソープ ビューティセラムボディウォッシュ エンリッチソフト (ボディウォッシュ) ポンプ 500,1740.0,,3391,2,standard_1,Yahoo,はずれ,False,False,https://www.amazon.co.jp/dp/B0GNYVLQCB,Yahoo最安 JAN=4902111784397,
1160,B0BYNMMG8Q,beauty,4515061013082,乾燥さん 保湿力プロテクトパウダー 10g フェイスパウダー 崩れ防止 乾燥防止 しっとり UVカット 花粉 ほこり P,1455.0,,3791,10,small,楽天,はずれ,False,False,https://www.amazon.co.jp/dp/B0BYNMMG8Q,楽天最安 JAN=4515061013082,
1161,B0GNZ96JLX,beauty,4902111784380,Dove(ダヴ) ボディソープ ビューティセラムボディウォッシュ モイスチャーチャージ (ボディウォッシュ) ポンプ 5,1596.0,,3391,3,standard_1,Yahoo,はずれ,False,False,https://www.amazon.co.jp/dp/B0GNZ96JLX,Yahoo最安 JAN=4902111784380,
1162,B09C86QN4G,beauty,4977673133594,ハウスオブローゼ Oh!Baby スクラブリップバーム 無色 バニラミントの香り シュガースクラブ 角質オフ 保湿パック,1100.0,,3393,2,small,Yahoo,はずれ,False,False,https://www.amazon.co.jp/dp/B09C86QN4G,Yahoo最安 JAN=4977673133594,
1163,B0CT38KQ67,beauty,4550583451189,無印良品 エイジングケアオールインワンクリーム 150g 83451189,3300.0,,3386,2,small,Yahoo,はずれ,False,False,https://www.amazon.co.jp/dp/B0CT38KQ67,Yahoo最安 JAN=4550583451189,
1164,B0FYLYJ5N4,beauty,4548076029113,無印良品 エイジングケアオールインワンクリーム 150g 76029113,2290.0,,3395,10,small,Yahoo,はずれ,False,False,https://www.amazon.co.jp/dp/B0FYLYJ5N4,Yahoo最安 JAN=4548076029113,
1165,B09S5PTTWJ,beauty,4904740647746,....,1980.0,,3396,3,small,,,False,False,https://www.amazon.co.jp/dp/B09S5PTTWJ,,
1166,B0CW1H467M,beauty,4909978204396,ドゥーエ 資生堂薬品 2e シャンプーN 350mL,1450.0,,3397,7,standard_1,Yahoo,はずれ,False,False,https://www.amazon.co.jp/dp/B0CW1H467M,Yahoo最安 JAN=4909978204396,
1167,B0012X3NCG,beauty,0701376368267,メンズアクネバリア 薬用 ローション 男子ニキビ菌を殺菌/テカリ・乾燥を抑える化粧水【殺菌/抗炎症/低刺激処方】洗顔後・,1650.0,,3332,3,standard_1,,,False,False,https://www.amazon.co.jp/dp/B0012X3NCG,,
1168,B07PRWSZTD,beauty,0018787343005,ドクターブロナー マジックソープ LA(ラベンダー) 237ml ゆったりくつろぐラベンダーの香り 植物オイル マルチオ,1540.0,,3786,3,standard_1,Yahoo,はずれ,False,False,https://www.amazon.co.jp/dp/B07PRWSZTD,Yahoo最安 JAN=0018787343005,
1169,B08X476NL5,beauty,8809625243142,ROMAND ロムアンドハンオールマスカラ韓国コスメrom&nd HAN ALL FIX MASCARA V01 Vol,1290.0,,3457,5,small,Yahoo,はずれ,False,False,https://www.amazon.co.jp/dp/B08X476NL5,Yahoo最安 JAN=8809625243142,
1170,B09CCGV7NF,beauty,8809625244095,rom&nd HAN ALL FIX MASCARA (L03 LONG HAZEL) [並行輸入品],1290.0,,3402,4,small,Yahoo,はずれ,False,False,https://www.amazon.co.jp/dp/B09CCGV7NF,Yahoo最安 JAN=8809625244095,
1171,B0FW4MXR4P,beauty,4580847620303,うるりら ネイルシール ジェルネイルシール 硬化タイプ 貼るだけ 長持ち セルフネイル ネイルステッカー Ururila,1385.0,,2932,2,small,,,False,False,https://www.amazon.co.jp/dp/B0FW4MXR4P,,
1172,B08DRJXR5Q,beauty,,ソルプロ プリュスホワイト 30粒 サプリ+,4900.0,,3410,3,small,,,False,False,https://www.amazon.co.jp/dp/B08DRJXR5Q,,
1173,B0DF2PW2M6,beauty,4987176278302,パンテーン ミラクルズ カラーシャイン&リペア [色落ちケア] シャンプー&トリートメント ポンプセット 440g+44,2280.0,,3411,9,standard_2,楽天,はずれ,False,False,https://www.amazon.co.jp/dp/B0DF2PW2M6,楽天最安 JAN=4987176278302,
1174,B07PSZ4KGV,beauty,0018787331507,ドクターブロナー マジックソープバー SA(サンダルウッドジャスミン) オーガニック固形石鹸 ココナッツオイル 石けん ,1320.0,,3412,2,small,Yahoo,はずれ,False,False,https://www.amazon.co.jp/dp/B07PSZ4KGV,Yahoo最安 JAN=0018787331507,
1175,B08P7GNSVN,beauty,4909978108625,エリクシール つや玉ミスト 限定セット aL 美容液 80mL18mL,3500.0,,3302,2,small,Yahoo,原石,True,True,https://www.amazon.co.jp/dp/B08P7GNSVN,Yahoo最安 JAN=4909978108625,
1176,B0CTYX8HB6,beauty,4902468360084,KEANA BEAUTE(ケアナボーテ) VC10濃美容液 33mL 【10%増量】 ビタミンC (毛穴/角質ケア) 日,1822.0,,3712,2,small,,,False,False,https://www.amazon.co.jp/dp/B0CTYX8HB6,,
1177,B0CTYXVZTJ,beauty,4902468360091,KEANA BEAUTE(ケアナボーテ) VC15特濃美容液 33mL 【10%増量】 ビタミンC (毛穴/角質ケア) ,2080.0,,3712,2,small,,,False,False,https://www.amazon.co.jp/dp/B0CTYXVZTJ,,
1178,B07CDQMZZX,beauty,4940756390917,phiten(ファイテン) メタックス ローション 480ｍｌ【マッサージ/リラックス/ボディケア/パフォーマンスサポー,3960.0,,3314,2,standard_1,Yahoo,はずれ,False,False,https://www.amazon.co.jp/dp/B07CDQMZZX,Yahoo最安 JAN=4940756390917,
1179,B0FK4HLMHN,beauty,9318637044504,セタフィル ジェントルSAローション 473ml ピーリング ローション 乳液 角質ケア 敏感肌 サリチル酸 BHA マ,2316.0,,3480,2,standard_1,楽天,はずれ,False,False,https://www.amazon.co.jp/dp/B0FK4HLMHN,楽天最安 JAN=9318637044504,
1180,B0D4Q8SR9Z,beauty,8809936740200,MEDIHEAL OFFICIAL(メディヒール) レチノールコラーゲンアイアンプルパッチ 60枚 103g Retin,2530.0,,3422,5,small,Yahoo,はずれ,False,False,https://www.amazon.co.jp/dp/B0D4Q8SR9Z,Yahoo最安 JAN=8809936740200,
1181,B0D2N2M2T1,beauty,8809953773281,【クンダル】アンバーバニラの香り | ハニー＆マカダミア 詰め替え用 トリートメント (400ml) 香水トリートメント,1690.0,,3757,2,standard_1,,,False,False,https://www.amazon.co.jp/dp/B0D2N2M2T1,,
1182,B0B7M6W91S,beauty,8809809424145,【クンダル】イランイランの香り | ハニー＆マカダミア 詰め替え用 トリートメント (400ml) 香水トリートメント ,1690.0,,3757,2,standard_1,Yahoo,はずれ,False,False,https://www.amazon.co.jp/dp/B0B7M6W91S,Yahoo最安 JAN=8809809424145,
1183,B0D2MZJV6T,beauty,8809953773595,【クンダル】ジャスミンウッディの香り | ハニー＆マカダミア 詰め替え用 トリートメント (400ml) 香水トリートメ,1690.0,,3757,2,standard_1,楽天,はずれ,False,False,https://www.amazon.co.jp/dp/B0D2MZJV6T,楽天最安 JAN=8809953773595,
1184,B0B7M64H2D,beauty,8809809424169,【クンダル】チェリーブロッサムの香り | ハニー＆マカダミア 詰め替え用 トリートメント (400ml) 香水トリートメ,1183.0,,3427,2,standard_1,楽天,はずれ,False,False,https://www.amazon.co.jp/dp/B0B7M64H2D,楽天最安 JAN=8809809424169,
1185,B0CDGHW59W,beauty,8809809426347,【クンダル】ホワイトムスクの香り | ハニー＆マカダミア 詰め替え用 トリートメント (400ml) 香水トリートメント,1690.0,,3428,1,standard_1,楽天,はずれ,False,False,https://www.amazon.co.jp/dp/B0CDGHW59W,楽天最安 JAN=8809809426347,
1186,B0GN94YDPB,beauty,4548863052690,Chacott(チャコット) フィニッシングUVパウダー クール カラー：791ブライトニングナチュラル 15ｇパフ付 ,1915.0,,3429,7,small,楽天,はずれ,False,False,https://www.amazon.co.jp/dp/B0GN94YDPB,楽天最安 JAN=4548863052690,
1187,B07PNGR4TH,beauty,0018787343050,ドクターブロナー マジックソープ LA(ラベンダー) 473ml ゆったりくつろぐラベンダーの香り 植物オイル マルチオ,2420.0,,3786,2,standard_1,Yahoo,はずれ,False,False,https://www.amazon.co.jp/dp/B07PNGR4TH,Yahoo最安 JAN=0018787343050,
1188,B07PMJ9ZDJ,beauty,0018787343159,ドクターブロナー マジックソープ LA(ラベンダー) 946ml ゆったりくつろぐラベンダーの香り 植物オイル マルチオ,3280.0,,3433,10,standard_2,楽天,はずれ,False,False,https://www.amazon.co.jp/dp/B07PMJ9ZDJ,楽天最安 JAN=0018787343159,
1189,B0CVR6D76G,beauty,8809032675512,SKINFOOD(スキンフード) どんぐりポアペプチドデイリーマスク フェイズパック 韓国パック 大容量パック シートマ,2750.0,,3734,2,standard_1,楽天,はずれ,False,False,https://www.amazon.co.jp/dp/B0CVR6D76G,楽天最安 JAN=8809032675512,
1190,B0CVR83FFC,beauty,8809032675505,SKINFOOD(スキンフード) ゆずCビタデイリーマスク マスクパック フェイズパック 韓国パック 大容量パック シー,2750.0,,3734,2,standard_1,Yahoo,はずれ,False,False,https://www.amazon.co.jp/dp/B0CVR83FFC,Yahoo最安 JAN=8809032675505,
1191,B0G466QQP6,beauty,0777192592896,マグネットつけまつ毛 接着剤不要 つけまつげ のり不要 ふんわり 柔らかい 再利用可能 うるつや U04,1999.0,,3436,2,small,楽天,はずれ,False,False,https://www.amazon.co.jp/dp/B0G466QQP6,楽天最安 JAN=0777192592896,
1192,B0G467RG75,beauty,0777192592889,マグネットつけまつ毛 接着剤不要 つけまつげ のり不要 ふんわり 柔らかい 再利用可能 ナチュラル U05,1999.0,,3436,2,small,楽天,はずれ,False,False,https://www.amazon.co.jp/dp/B0G467RG75,楽天最安 JAN=0777192592889,
1193,B012FSZEQO,beauty,4904740604923,ペリカン石鹸 ファミリー 柿渋石けん (80g×2個) ×3個パック,1106.0,,3771,3,standard_1,Yahoo,はずれ,False,False,https://www.amazon.co.jp/dp/B012FSZEQO,Yahoo最安 JAN=4904740604923,
1194,B0CSSRQZT7,beauty,4909978198992,アクアレーベル(AQUALABEL) トリートメントローション (オイルイン) とてもしっとり 170mL 本体 パルミ,1650.0,,3442,10,small,楽天,はずれ,False,False,https://www.amazon.co.jp/dp/B0CSSRQZT7,楽天最安 JAN=4909978198992,
1195,B08VJ5JYDK,beauty,4901301316134,【2個セット】ニベア リフレッシュプラス アクアモイスチャーボディジェル 200ml,1740.0,,3443,2,standard_1,楽天,あやしい,False,False,https://www.amazon.co.jp/dp/B08VJ5JYDK,楽天最安 JAN=4901301316134,
1196,B09HMRW7YN,beauty,8100000025811,GATSBY(ギャツビー) ムービングロックスプレー エクストラハード メンズ ヘアスプレー 170g×3本,1948.0,,3542,6,standard_1,Yahoo,はずれ,False,False,https://www.amazon.co.jp/dp/B09HMRW7YN,Yahoo最安 JAN=8100000025811,
1197,B007CZE4R6,beauty,0037000808312,Secret シークレットアウトラスト無香女性用クリアジェル制汗＆デオドラント48時間保護70g 並行輸入品,2168.0,,3447,10,small,楽天,はずれ,False,False,https://www.amazon.co.jp/dp/B007CZE4R6,楽天最安 JAN=0037000808312,
1198,B09RSKCZ9B,beauty,4571242818730,ザ パブリック オーガニック スーパーシャイニー シャンプー 詰替え 400mL アミノ酸 精油 アロマ ７つの無添加処,1300.0,,3917,5,standard_1,Yahoo,はずれ,False,False,https://www.amazon.co.jp/dp/B09RSKCZ9B,Yahoo最安 JAN=4571242818730,
1199,B08H7D113P,beauty,4571242818150,ザ パブリック オーガニック スーパーバウンシー シャンプー 詰替え 400mL アミノ酸 精油 ７つの無添加処方 ノン,1327.0,,3449,2,standard_1,楽天,はずれ,False,False,https://www.amazon.co.jp/dp/B08H7D113P,楽天最安 JAN=4571242818150,
1200,B08G4YF4M4,food,4902831718337,三井農林 日東紅茶 水出しアイスティーアールグレイ TB 100袋入り ティーバッグ,2899.0,,3211,5,standard_1,Yahoo,はずれ,False,False,https://www.amazon.co.jp/dp/B08G4YF4M4,Yahoo最安 JAN=4902831718337,
1201,B0748HNS5Z,food,8033712790589,マンチーニ スパゲッティーニ 1.8mm 1kg イタリア産 パスタ デュラム小麦 ブロンズダイス,1950.0,,3003,6,standard_2,Yahoo,はずれ,False,False,https://www.amazon.co.jp/dp/B0748HNS5Z,Yahoo最安 JAN=8033712790589,
1202,B0748J5FZR,food,8033712790534,マンチーニ スパゲッティ 2.2mm 1kg イタリア産 パスタ デュラム小麦 ブロンズダイス 太麺,1744.0,,3003,6,standard_2,Yahoo,はずれ,False,False,https://www.amazon.co.jp/dp/B0748J5FZR,Yahoo最安 JAN=8033712790534,
1203,B0748HNS61,food,8033712790596,マンチーニ スパゲットーニ 2.4mm 1kg イタリア産 パスタ 太麺 デュラム小麦 ブロンズダイス,1744.0,,3003,3,standard_2,Yahoo,はずれ,False,False,https://www.amazon.co.jp/dp/B0748HNS61,Yahoo最安 JAN=8033712790596,
1204,B07PSL8RBN,food,,うまい棒　人気詰め合わせ　10種×各10本　100本セット　シュガーラスク味・たこ焼き味・やさいサラダ味・チーズ味・めん,2180.0,,3004,7,standard_1,,,False,False,https://www.amazon.co.jp/dp/B07PSL8RBN,,
1205,B0BSN8J1QQ,food,4901625535051,キユーピー サラダクラブ レンズ豆&ひよこ豆 50g ×10個 常温保存 使い切り,1450.0,,2826,2,standard_1,Yahoo,はずれ,False,False,https://www.amazon.co.jp/dp/B0BSN8J1QQ,Yahoo最安 JAN=4901625535051,
1206,B00DBPJBYC,food,4901577337376,キユーピー サラダクラブ レッドキドニー(赤いんげん) 50g×10個 常温保存 そのまま使える 食物繊維,1502.0,,2826,2,standard_1,Yahoo,はずれ,False,False,https://www.amazon.co.jp/dp/B00DBPJBYC,Yahoo最安 JAN=4901577337376,
1207,B001HZ53FO,food,4902571160878,はくばく 十六穀ごはんお徳用 個包装 450g×1袋,1109.0,,2899,10,standard_1,Yahoo,はずれ,False,False,https://www.amazon.co.jp/dp/B001HZ53FO,Yahoo最安 JAN=4902571160878,
1208,B0BMPRV2HG,food,4901625533644,森永乳業 森永製菓 カカオの力 CaCao70 200g ×3個,1348.0,,2965,3,standard_1,Yahoo,はずれ,False,False,https://www.amazon.co.jp/dp/B0BMPRV2HG,Yahoo最安 JAN=4901625533644,
1209,B0BC8SKCVJ,food,4974062029377,【公式】ベビースター ドデカイ焼そば ソースマヨ味 67g×12袋 | 駄菓子 スナック菓子 ラーメンスナック おつまみ,1212.0,,3007,2,standard_2,楽天,はずれ,False,False,https://www.amazon.co.jp/dp/B0BC8SKCVJ,楽天最安 JAN=4974062029377,
1210,B08314TWD6,food,,自然の館 4種のミックスナッツ ラッキーミックスナッツ 素焼き アーモンド 生くるみ カシューナッツ マカダミアナッツ ,1799.0,,3008,3,standard_1,,,False,False,https://www.amazon.co.jp/dp/B08314TWD6,,
1211,B00B6BJD14,food,,伊豆河童 こんにゃく米 ゼンライス 乾燥 ダイエット 糖質制限 低糖質 低カロリー 無添加 国産原料 簡単調理(5袋入り,1210.0,,3119,2,standard_1,,,False,False,https://www.amazon.co.jp/dp/B00B6BJD14,,
1212,B01IJEJW4S,food,4971639150014,伊豆河童 こんにゃく米 ゼンライス 乾燥 ダイエット 糖質制限 低糖質 低カロリー 無添加 国産原料 簡単調理(30袋入,6844.0,,3119,2,standard_2,Yahoo,原石,True,True,https://www.amazon.co.jp/dp/B01IJEJW4S,Yahoo最安 JAN=4971639150014,
1213,B0CTMF6LDB,food,,伊豆河童 こんにゃく米 ゼンライス 乾燥 ダイエット 糖質制限 低糖質 低カロリー 無添加 国産原料 簡単 1kg （1,3465.0,,3119,2,standard_2,,,False,False,https://www.amazon.co.jp/dp/B0CTMF6LDB,,
1214,B07C7Q8KJY,food,4971639150014,伊豆河童 こんにゃく米 ゼンライス 乾燥 ダイエット 糖質制限 低糖質 低カロリー 無添加 国産原料 簡単調理(8袋入り,2018.0,,3119,2,standard_1,Yahoo,原石,True,True,https://www.amazon.co.jp/dp/B07C7Q8KJY,Yahoo最安 JAN=4971639150014,
1215,B01IJF6CAY,food,4971639150014,伊豆河童 こんにゃく米 ゼンライス 乾燥 ダイエット 糖質制限 低糖質 低カロリー 無添加 国産原料 簡単調理(14袋入,3421.0,,3119,2,standard_1,Yahoo,原石,True,True,https://www.amazon.co.jp/dp/B01IJF6CAY,Yahoo最安 JAN=4971639150014,
1216,B0BFYSHTB9,food,4901330579647,[じゃがりこ] カルビー じゃがりこじゃがバター 55g×12個,1867.0,,2946,6,standard_1,Yahoo,はずれ,False,False,https://www.amazon.co.jp/dp/B0BFYSHTB9,Yahoo最安 JAN=4901330579647,
1217,B08Z385Q9W,food,4580246556746,TEARTH (ティーアース) はちみつ紅茶 ティーバッグ 個包装 25袋入り 3個セット,2240.0,,2456,3,small,楽天,はずれ,False,False,https://www.amazon.co.jp/dp/B08Z385Q9W,楽天最安 JAN=4580246556746,
1218,B08Z3KVJ6M,food,4580246556739,TEARTH (ティーアース) はちみつ紅茶 ティーバッグ 個包装 25袋入り 2個セット,1520.0,,2456,3,small,楽天,はずれ,False,False,https://www.amazon.co.jp/dp/B08Z3KVJ6M,楽天最安 JAN=4580246556739,
1219,B092ZSXF45,food,4960772415050,お中元 クッキー 【オンライン限定】資生堂パーラー ラング ド シャ 10枚入 ギフト プレゼント お配り 個包装 焼菓,1188.0,,2996,3,small,Yahoo,はずれ,False,False,https://www.amazon.co.jp/dp/B092ZSXF45,Yahoo最安 JAN=4960772415050,
1220,B0D7TM8W25,food,0695845786457,【カロリー100kcal アイス】Pocotein 高タンパク アイスクリーム プロテイン アイス ジェラート 低脂質 ,3315.0,,3026,2,standard_1,,,False,False,https://www.amazon.co.jp/dp/B0D7TM8W25,,
1221,B01MYCKCRL,food,4901001193226,味の素 パルスイート 袋 粉末 1kg 【砂糖約4㎏分の甘さ】 カロリー60%オフ,3178.0,,3032,8,standard_2,Yahoo,はずれ,False,False,https://www.amazon.co.jp/dp/B01MYCKCRL,Yahoo最安 JAN=4901001193226,
1222,B01LZN8CHK,food,4941221990311,【ハラル認証】日本ビール 忍者ラガー ノンアルコールビール [ ノンアルコール 350ml×24本 ],2654.0,,3504,4,large_2,Yahoo,はずれ,False,False,https://www.amazon.co.jp/dp/B01LZN8CHK,Yahoo最安 JAN=4941221990311,
1223,B0GMM8QT31,food,4901777441842,サントリー 天然水 きりっと果実スカッシュ! オレンジ＆マンゴー 果汁炭酸 500ml x24本,2793.0,,3034,6,large_2,Yahoo,はずれ,False,False,https://www.amazon.co.jp/dp/B0GMM8QT31,Yahoo最安 JAN=4901777441842,
1224,B08K35F543,food,,日本自然発酵 【転売品】おいしい酢 955ml 3本セット,3530.0,,3035,8,large_1,,,False,False,https://www.amazon.co.jp/dp/B08K35F543,,
1225,B0FHMY7F54,food,4901826712060,EBLIM ピスタチオ 殻なし 無塩 500g 国内一流ホテル御用達 無添加 カリフォルニア産 遠赤外線焙煎 加工油不使,3890.0,,3037,2,standard_1,Yahoo,はずれ,False,False,https://www.amazon.co.jp/dp/B0FHMY7F54,Yahoo最安 JAN=4901826712060,
1226,B0C1ZSRG6T,food,4901826790488,EBLIM ピスタチオ 殻付き 塩味 1kg 国内一流ホテル御用達 無添加 カリフォルニア産 遠赤外線焙煎 加工油不使用,3998.0,,3037,2,standard_2,Yahoo,はずれ,False,False,https://www.amazon.co.jp/dp/B0C1ZSRG6T,Yahoo最安 JAN=4901826790488,
1227,B0DSL93WZ2,food,4901826711957,EBLIM ピスタチオ 殻付き 塩味 500g 国内一流ホテル御用達 無添加 カリフォルニア産 遠赤外線焙煎 加工油不使,2320.0,,3037,2,standard_1,,,False,False,https://www.amazon.co.jp/dp/B0DSL93WZ2,,
1228,B0FHMCYLQR,food,4901826712077,EBLIM ピスタチオ 殻なし 塩味 500g 国内一流ホテル御用達 無添加 カリフォルニア産 遠赤外線焙煎 加工油不使,3980.0,,3128,2,standard_1,Yahoo,はずれ,False,False,https://www.amazon.co.jp/dp/B0FHMCYLQR,Yahoo最安 JAN=4901826712077,
1229,B0BSGH5H6X,food,4901826790471,EBLIM ピスタチオ 殻付き 無塩 1kg 国内一流ホテル御用達 無添加 カリフォルニア産 遠赤外線焙煎 加工油不使用,3980.0,,3128,2,standard_2,楽天,はずれ,False,False,https://www.amazon.co.jp/dp/B0BSGH5H6X,楽天最安 JAN=4901826790471,
1230,B0DSL9VMXD,food,4901826711940,EBLIM ピスタチオ 殻付き 無塩 500g 国内一流ホテル御用達 無添加 カリフォルニア産 遠赤外線焙煎 加工油不使,2420.0,,3128,2,standard_1,楽天,はずれ,False,False,https://www.amazon.co.jp/dp/B0DSL9VMXD,楽天最安 JAN=4901826711940,
1231,B0CNSL37YY,food,4990022590534,光食品 有機めんつゆ 300ml×3,2610.0,,3114,2,standard_2,楽天,はずれ,False,False,https://www.amazon.co.jp/dp/B0CNSL37YY,楽天最安 JAN=4990022590534,
1232,B07V2FBV5P,food,4903333252725,ロッテ プチチョコパイ 8個×5袋,1302.0,,3044,4,standard_1,Yahoo,はずれ,False,False,https://www.amazon.co.jp/dp/B07V2FBV5P,Yahoo最安 JAN=4903333252725,
1233,B0B9XWGXR9,food,4903333264230,ロッテ チョコパイパーティーパック 1袋(9個),1080.0,,3197,5,standard_1,Yahoo,はずれ,False,False,https://www.amazon.co.jp/dp/B0B9XWGXR9,Yahoo最安 JAN=4903333264230,
1234,B0BH4GBWRV,food,4974062032094,ロッテ チョコパイ 6個×5個,2180.0,,3044,3,standard_2,Yahoo,はずれ,False,False,https://www.amazon.co.jp/dp/B0BH4GBWRV,Yahoo最安 JAN=4974062032094,
1235,B079XYZBGD,food,4973355040426,業務用 きねうち麺 十割そば 150g×3個 JAN：4973355040426,1000.0,,3470,9,standard_1,楽天,はずれ,False,False,https://www.amazon.co.jp/dp/B079XYZBGD,楽天最安 JAN=4973355040426,
1236,B0DJGFKHQY,food,4902179123831,サンガリア 伊賀の天然水 強炭酸水 (ラベルレス) 1Lペットボトル×12本入,1893.0,,3048,8,large_2,Yahoo,はずれ,False,False,https://www.amazon.co.jp/dp/B0DJGFKHQY,Yahoo最安 JAN=4902179123831,
1237,B0DJGFP79V,food,4902179123831,サンガリア 伊賀の天然水 強炭酸水 (ラベルレス) 1Lペットボトル×12本入×(2ケース),2598.0,,3070,8,standard_1,Yahoo,あやしい,True,True,https://www.amazon.co.jp/dp/B0DJGFP79V,Yahoo最安 JAN=4902179123831,
1238,B0CZ6YJ6S9,food,4573142072052,NIHON YAKKEN びびたき茶 緑茶 ブレンド 20袋×2個 機能性表示食品 ティーバッグ ウエスト気になる BM,2375.0,,3049,2,small,,,False,False,https://www.amazon.co.jp/dp/B0CZ6YJ6S9,,
1239,B0CZ6TS9C1,food,4573142072045,NIHON YAKKEN ふらばん茶 緑茶 ブレンド 18袋×2個 機能性表示食品 ティーバッグ 悪玉コレステロール を,2469.0,,3049,2,small,,,False,False,https://www.amazon.co.jp/dp/B0CZ6TS9C1,,
1240,B0C3KHCV8G,food,4901734049982,サッポロ一番 カップスター 醤油 71g ×12,2334.0,,3050,2,standard_2,楽天,はずれ,False,False,https://www.amazon.co.jp/dp/B0C3KHCV8G,楽天最安 JAN=4901734049982,
1241,B0C3L2J9DN,food,4901734050094,サンヨー食品 サッポロ一番 カップスター 旨塩 75g ×12個,2073.0,,3050,2,standard_2,Yahoo,はずれ,False,False,https://www.amazon.co.jp/dp/B0C3L2J9DN,Yahoo最安 JAN=4901734050094,
1242,B0C5815SYW,food,4901734050117,サンヨー食品 サッポロ一番 カップスター 豚骨 75g ×12個,2642.0,,3050,2,standard_2,Yahoo,はずれ,False,False,https://www.amazon.co.jp/dp/B0C5815SYW,Yahoo最安 JAN=4901734050117,
1243,B08KYHF1FR,food,4904760010643,徳島製粉 金ちゃんラーメンカップ 鶏しお 73g ×12個,2258.0,,3052,2,standard_2,Yahoo,はずれ,False,False,https://www.amazon.co.jp/dp/B08KYHF1FR,Yahoo最安 JAN=4904760010643,
1244,B0932WV8ZY,food,,久原本家 茅乃舎 野菜だし お料理読本付き 8g×24袋入【3個パック】コンソメ風味 だしパック 出汁 博多 洋風だし ,7180.0,,3053,3,standard_1,,,False,False,https://www.amazon.co.jp/dp/B0932WV8ZY,,
1245,B0056J3J1W,food,4954933300347,久米島の久米仙 パック [ 焼酎 30度 1800ml ],1782.0,,3109,10,standard_2,Yahoo,はずれ,False,False,https://www.amazon.co.jp/dp/B0056J3J1W,Yahoo最安 JAN=4954933300347,
1246,B07C51MM2H,food,4528480507506,久原本家 茅乃舎 野菜だし 8g×24袋入【2個パック】コンソメ風味 だしパック 出汁 博多 洋風だし 国産原料使用,4878.0,,3053,8,standard_1,Yahoo,原石,True,True,https://www.amazon.co.jp/dp/B07C51MM2H,Yahoo最安 JAN=4528480507506,
1247,B08KYCPC6N,food,4904760010636,徳島製粉 金ちゃんラーメンカップ しょうゆ味 71g ×12個,2100.0,,3054,3,standard_2,楽天,原石,True,True,https://www.amazon.co.jp/dp/B08KYCPC6N,楽天最安 JAN=4904760010636,
1248,B0GNRFTKGB,food,4901085663295,伊藤園 1日分の野菜 190g×20本 缶 【長期保存】,2290.0,,3090,4,large_1,Yahoo,はずれ,False,False,https://www.amazon.co.jp/dp/B0GNRFTKGB,Yahoo最安 JAN=4901085663295,
1249,B0BY91F4MQ,food,4901880207885,【お中元 ギフト】サッポロ エビス ヱビス 3種8本 飲み比べアソート [ビール 350ml×8本],2480.0,,3531,2,large_1,楽天,はずれ,False,False,https://www.amazon.co.jp/dp/B0BY91F4MQ,楽天最安 JAN=4901880207885,
1250,B0FB8V45WB,food,,みずたま農園製茶場 カフェインレス ほうじ茶 5g×50p ティーバッグ 【 ローカフェイン ・ デカフェ 】(やさしい,1458.0,,3058,2,standard_1,,,False,False,https://www.amazon.co.jp/dp/B0FB8V45WB,,
1251,B002ZWM1W6,food,4954933300408,久米島の久米仙 パック 30度900ml,1830.0,,3109,3,standard_1,Yahoo,はずれ,False,False,https://www.amazon.co.jp/dp/B002ZWM1W6,Yahoo最安 JAN=4954933300408,
1252,B01FM52R6M,food,4904670464543,タカラ 焼酎ハイボール レモン 350mlx2ケース (48本),5722.0,,3069,11,large_2,楽天,原石,True,False,https://www.amazon.co.jp/dp/B01FM52R6M,楽天最安 JAN=4904670464543,
1253,B0B49JL7B1,food,4902581024900,フンドーキン あまくておいしい醤油 1.8L,1127.0,,3080,2,large_1,楽天,はずれ,False,False,https://www.amazon.co.jp/dp/B0B49JL7B1,楽天最安 JAN=4902581024900,
1254,B0GNMGCM3S,food,4904230076230,【本物のレモンスライス入り】未来のレモンサワー アサヒ チューハイ345ml24本 濃いめ缶 酢ハイ お酒 本物果実入り,5213.0,,3081,8,large_2,Yahoo,はずれ,False,False,https://www.amazon.co.jp/dp/B0GNMGCM3S,Yahoo最安 JAN=4904230076230,
1255,B00IN9DP5M,food,4902581020551,フンドーキン あまくておいしい醤油 720ml,1141.0,,3000,3,standard_1,Yahoo,はずれ,False,False,https://www.amazon.co.jp/dp/B00IN9DP5M,Yahoo最安 JAN=4902581020551,
1256,B09H2MFX8L,food,4901201146329,Cold Brew BLACK ラベルレスボトル 500ml×24本[ネット限定][アイスコーヒー],3782.0,,3083,2,large_2,Yahoo,はずれ,False,False,https://www.amazon.co.jp/dp/B09H2MFX8L,Yahoo最安 JAN=4901201146329,
1257,B00LNW0HSY,food,0037600112390,Skippy スキッピー ピーナッツバタークリーミー 高タンパク 340g,1630.0,,3120,6,standard_1,楽天,はずれ,False,False,https://www.amazon.co.jp/dp/B00LNW0HSY,楽天最安 JAN=0037600112390,
1258,B012SMAJO4,food,4902720119504,森永 ニューMA-1 大缶 800g ミルクアレルギー用 粉ミルク,4882.0,,3087,8,standard_2,Yahoo,はずれ,False,False,https://www.amazon.co.jp/dp/B012SMAJO4,Yahoo最安 JAN=4902720119504,
1259,B01FFSA2IQ,food,,ヘルシーカンパニー 高知県産 黄金生姜 パウダー 80g しょうが 乾燥 粉末 ウルトラ生姜 殺菌蒸し工程 原料変更しま,1500.0,,3091,2,small,,,False,False,https://www.amazon.co.jp/dp/B01FFSA2IQ,,
1260,B0857B1DFQ,food,4000799100260,24 Organic Days インスタント コーヒー オーガニック フェアトレード カフェインレス 100g,2052.0,,3092,3,standard_1,楽天,はずれ,False,False,https://www.amazon.co.jp/dp/B0857B1DFQ,楽天最安 JAN=4000799100260,
1261,B0B45QPWFX,food,4901306001790,カゴメ 野菜生活100 Smoothie（スムージー）バナナスムージー 330ml紙パック×12本（砂糖不使用 食物繊維,2250.0,,3481,3,large_1,Yahoo,はずれ,False,False,https://www.amazon.co.jp/dp/B0B45QPWFX,Yahoo最安 JAN=4901306001790,
1262,B0DSJK5YSM,food,4902471103357,【強炭酸水・600ml】サッポロクリアタンサン 600ml×24本（旧おいしい炭酸水）ポッカサッポロ 無糖 純水使用 ペ,1998.0,,2983,8,large_2,楽天,はずれ,False,False,https://www.amazon.co.jp/dp/B0DSJK5YSM,楽天最安 JAN=4902471103357,
1263,B0G1YD8XSY,food,4990022005434,丸和油脂 純製ラード 900g×2個 炒め物 揚げ物 チャーハン ラーメン,2480.0,,3698,2,standard_2,楽天,はずれ,False,False,https://www.amazon.co.jp/dp/B0G1YD8XSY,楽天最安 JAN=4990022005434,
1264,B07469V5QV,food,4978931800333,丸和油脂 純製ラード 900g 炒め物 揚げ物 チャーハン ラーメン,1298.0,,3095,9,standard_1,Yahoo,はずれ,False,False,https://www.amazon.co.jp/dp/B07469V5QV,Yahoo最安 JAN=4978931800333,
1265,B009OXXD3K,food,4514434000438,白神山美水館 白神美水館 白神山地の水 バックインボックス 20L,1802.0,,3098,10,large_2,Yahoo,はずれ,False,False,https://www.amazon.co.jp/dp/B009OXXD3K,Yahoo最安 JAN=4514434000438,
1266,B08XMXFG2Y,food,4589850826269,サッポロ おいしい炭酸水 600ml ×24本,3149.0,,2983,4,large_2,Yahoo,はずれ,False,False,https://www.amazon.co.jp/dp/B08XMXFG2Y,Yahoo最安 JAN=4589850826269,
1267,B010K9H6PM,food,0054881015080,アーマッドティー 水出し 紅茶 ピーチ&パッションフルーツ ティーバッグ 20袋×2個セット 簡単5分 個包装 コールド,1275.0,,3193,2,small,楽天,はずれ,False,False,https://www.amazon.co.jp/dp/B010K9H6PM,楽天最安 JAN=0054881015080,
1268,B0F1NB1Y96,food,4901777433205,【熱中症対策】サントリー グリーンダカラ 限定シークワーサー味 600ml ×24本 (冷凍兼用),2919.0,,3102,9,large_2,Yahoo,はずれ,False,False,https://www.amazon.co.jp/dp/B0F1NB1Y96,Yahoo最安 JAN=4901777433205,
1269,B018HMKRDM,food,,芽かぶ入りあさ漬け塩 280g×2個 （特産横丁×全国の珍味・加工品シリーズ） 三重県 伊勢 志摩 お土産 OUSM,1069.0,,3103,7,standard_1,,,False,False,https://www.amazon.co.jp/dp/B018HMKRDM,,
1270,B0GY178Y22,food,4514603477900,三ツ矢 特濃パインスカッシュ 500ml×24本 [サイダー][アサヒ飲料],2800.0,,3110,3,large_2,楽天,はずれ,False,False,https://www.amazon.co.jp/dp/B0GY178Y22,楽天最安 JAN=4514603477900,
1271,B07SGZGCLQ,food,4901004046369,"【誕生日ギフト】アサヒ スーパードライ ビールギフトセット(AS-BG) [ ビール 350ml×10本,500ml×2",2798.0,,3139,4,large_2,Yahoo,はずれ,False,False,https://www.amazon.co.jp/dp/B07SGZGCLQ,Yahoo最安 JAN=4901004046369,
1272,B0GRH9FB8Z,food,4901777452480,サントリープレミアムハイボール白州<森の豊潤な香りと余韻>350ml 3本 ザ・プレミアム・モルツ マスターズドリーム ,3457.0,,3111,2,large_1,,,False,False,https://www.amazon.co.jp/dp/B0GRH9FB8Z,,
1273,B0FN45W3NG,food,4974062105682,"リプトン グリーンティー ハニー ティーバッグ 10P×6袋,緑茶,はちみつ入り",1400.0,,3057,7,small,楽天,はずれ,False,False,https://www.amazon.co.jp/dp/B0FN45W3NG,楽天最安 JAN=4974062105682,
1274,B07FGSTQHP,food,8004690129166,ラ・モリサーナ オレッキエッテ・プリエージ・リガーテ・ブロンズ (No.30) 500g,1085.0,,3322,4,standard_1,Yahoo,はずれ,False,False,https://www.amazon.co.jp/dp/B07FGSTQHP,Yahoo最安 JAN=8004690129166,
1275,B0DPFJGLYF,food,4582667364054,天然生活 ベルギーワッフル (チョコ 500g) 訳あり 個包装 焼菓子 洋菓子 おやつ キャンプ ホットサンド,2180.0,,3116,2,standard_1,楽天,はずれ,False,False,https://www.amazon.co.jp/dp/B0DPFJGLYF,楽天最安 JAN=4582667364054,
1276,B08XX1WFLC,food,4573186216887,天然生活 ベルギーワッフル (メープル 500g) 訳あり 個包装 焼菓子 洋菓子 おやつ キャンプ ホットサンド,1400.0,,3116,3,standard_1,Yahoo,はずれ,False,False,https://www.amazon.co.jp/dp/B08XX1WFLC,Yahoo最安 JAN=4573186216887,
1277,B07MTHLZ5K,food,,天然生活 ベルギーワッフル (チョコ 1kg) 訳あり 個包装 焼菓子 洋菓子 おやつ キャンプ ホットサンド,3210.0,,3367,8,standard_2,,,False,False,https://www.amazon.co.jp/dp/B07MTHLZ5K,,
1278,B00DIREC0Q,food,8004690052846,la Molisana(ラ・モリサーナ) フジッリ・ブロンズ (No.28) 500g,1146.0,,3118,5,standard_1,Yahoo,はずれ,False,False,https://www.amazon.co.jp/dp/B00DIREC0Q,Yahoo最安 JAN=8004690052846,
1279,B088T4TNHR,food,,たらみ 0kcal おいしい杏仁マンゴー 150g 30個セット ゼロカロリー 飲むゼリー 通販限定,3680.0,,3122,2,large_2,,,False,False,https://www.amazon.co.jp/dp/B088T4TNHR,,
1280,B07JJ7HMBT,food,4996090564088,パイオニア企画 白神こだま酵母ドライG 40ｇ (5g×8袋) × 6個,4880.0,,2905,3,standard_1,楽天,原石,True,True,https://www.amazon.co.jp/dp/B07JJ7HMBT,楽天最安 JAN=4996090564088,
1281,B008U3YDAW,food,4996090564279,パイオニア企画 白神こだま酵母ドライG 200g,2735.0,,2905,8,small,Yahoo,はずれ,False,False,https://www.amazon.co.jp/dp/B008U3YDAW,Yahoo最安 JAN=4996090564279,
1282,B01BW8V264,food,4996090564088,パイオニア企画 白神こだま酵母ドライG 5g×8(2個セット),1818.0,,2905,7,small,楽天,あやしい,False,False,https://www.amazon.co.jp/dp/B01BW8V264,楽天最安 JAN=4996090564088,
1283,B0FNCX3TPC,food,,美酢 (ミチョ) 希釈タイプ 飲み比べ 6本セット 800ml×6 (ざくろ2本/マスカット/グレープフルーツ/アセロラ,3550.0,,3128,3,standard_1,,,False,False,https://www.amazon.co.jp/dp/B0FNCX3TPC,,
1284,B0H2LJTXY7,food,,アサイーブレンド登場！美酢 (ミチョ) 希釈タイプ 飲み比べ 6本セット 800ml×6 (ざくろ/マスカット/グレープ,3550.0,,3128,3,standard_1,,,False,False,https://www.amazon.co.jp/dp/B0H2LJTXY7,,
1285,B0DYJPVJ4W,food,,美酢 希釈式飲み比べ6本セット (アセロラ2 ・ざくろ2 ・太陽のシトラス2) 飲むお酢,3550.0,,3128,3,standard_1,,,False,False,https://www.amazon.co.jp/dp/B0DYJPVJ4W,,
1286,B0DCHTHY7P,food,,美酢 (ミチョ) 希釈タイプ 飲み比べ 6本セット 800ml×6 (ざくろ/マスカット/グレープフルーツ),3550.0,,3128,3,standard_1,,,False,False,https://www.amazon.co.jp/dp/B0DCHTHY7P,,
1287,B08444KQFY,food,4902888243936,森永製菓 塩キャラメル 大容量 557g,1414.0,,3129,3,standard_1,Yahoo,はずれ,False,False,https://www.amazon.co.jp/dp/B08444KQFY,Yahoo最安 JAN=4902888243936,
1288,B018XATM7K,food,4901984088267,東豊製菓 ポテトフライ フライドチキン 11g×20袋,1380.0,,3783,8,standard_1,Yahoo,はずれ,False,False,https://www.amazon.co.jp/dp/B018XATM7K,Yahoo最安 JAN=4901984088267,
1289,B0H2LPKD61,food,,美酢 (ミチョ) 希釈タイプ 飲み比べ 6本セット (ざくろ/マスカット/もも/太陽のシトラス/キウイ/アサイーブレンド,3550.0,,3130,3,standard_1,,,False,False,https://www.amazon.co.jp/dp/B0H2LPKD61,,
1290,B07FF4BDJ5,food,4589769770271,東豊製菓 ポテトフライ 【3種セット】フライドチキン＆じゃが塩バター＆カルビ焼き 各11g×20袋 計60袋,3040.0,,3783,10,standard_2,楽天,はずれ,False,False,https://www.amazon.co.jp/dp/B07FF4BDJ5,楽天最安 JAN=4589769770271,
1291,B0FND3QM7Z,food,,キウイ登場！美酢 (ミチョ) 希釈タイプ 飲み比べ 6本セット (ざくろ/マスカット/グレープフルーツ/太陽のシトラス/,3550.0,,2339,3,standard_1,,,False,False,https://www.amazon.co.jp/dp/B0FND3QM7Z,,
1292,B0051SQZ96,food,4901984087932,東豊製菓 ポテトフライ じゃが塩バター 11g×20袋,1130.0,,3132,7,standard_1,Yahoo,はずれ,False,False,https://www.amazon.co.jp/dp/B0051SQZ96,Yahoo最安 JAN=4901984087932,
1293,B003VYC9Y2,food,4901984086003,東豊製菓 ポテトフライ(カルビ味) 11g×20袋,1391.0,,3783,2,standard_1,Yahoo,はずれ,False,False,https://www.amazon.co.jp/dp/B003VYC9Y2,Yahoo最安 JAN=4901984086003,
1294,B07T612CT7,food,4901984088281,東豊製菓　ﾎﾟﾃﾄﾌﾗｲ＜じゃが塩ﾊﾞﾀｰ味＞　11gｘ20袋ｘ2箱,2650.0,,3132,3,small,Yahoo,原石,True,True,https://www.amazon.co.jp/dp/B07T612CT7,Yahoo最安 JAN=4901984088281,
1295,B07P9L2LDQ,food,4901515003820,キッコーマン食品 ステーキしょうゆ トリュフ風味 570g ×3本,1594.0,,3136,2,standard_2,Yahoo,はずれ,False,False,https://www.amazon.co.jp/dp/B07P9L2LDQ,Yahoo最安 JAN=4901515003820,
1296,B07YLZNB38,food,4987306055131,大正製薬 ヴイックスのど飴プラス ハーバルミントパウダー 62ｇ ×6袋,1732.0,,3195,8,standard_1,楽天,あやしい,True,True,https://www.amazon.co.jp/dp/B07YLZNB38,楽天最安 JAN=4987306055131,
1297,B0DFPJH9Z3,food,4901777420120,サントリー スターバックス MY COFFEE TIME カフェラテ 缶コーヒー 185g×30本,3736.0,,3142,7,large_2,Yahoo,はずれ,False,False,https://www.amazon.co.jp/dp/B0DFPJH9Z3,Yahoo最安 JAN=4901777420120,
1298,B0H4ZGV8XW,food,4904230076360,【本物のレモンスライス入り】未来のレモンサワー アサヒ チューハイ345ml24本 檸檬コーラサワー缶 酢ハイ お酒 本,5303.0,,3143,5,large_2,Yahoo,はずれ,False,False,https://www.amazon.co.jp/dp/B0H4ZGV8XW,Yahoo最安 JAN=4904230076360,
1299,B0CWL5WD2H,food,,アイリスプラザ プルーン 種抜き 300g×2 600g チリ産 ドライプルーン ドライフルーツ 保存食 チャック付き ,1499.0,,3146,4,standard_1,,,False,False,https://www.amazon.co.jp/dp/B0CWL5WD2H,,
1300,B0CWL8TG1L,food,,アイリスプラザ プルーン 種抜き 300g×3 チリ産 900gドライプルーン ドライフルーツ 種なし 国内製造 種抜き,2089.0,,3330,4,standard_1,,,False,False,https://www.amazon.co.jp/dp/B0CWL8TG1L,,
1301,B085W2RKF8,food,4589724810868,ヒューガルデンホワイト Hoegaarden 缶 [ ホワイトビール 330ml × 24本 ],5681.0,,3501,6,large_2,楽天,はずれ,False,False,https://www.amazon.co.jp/dp/B085W2RKF8,楽天最安 JAN=4589724810868,
1302,B08Y55MN5P,food,4560108630029,粟国の塩 250g×3袋,3380.0,,2927,5,standard_1,楽天,原石,True,True,https://www.amazon.co.jp/dp/B08Y55MN5P,楽天最安 JAN=4560108630029,
1303,B0CCTDJXF9,food,4589724811995,ヒューガルデンホワイト Hoegaarden 瓶 [ ホワイトビール 330ml × 24本 ],6173.0,,3501,5,large_2,Yahoo,はずれ,False,False,https://www.amazon.co.jp/dp/B0CCTDJXF9,Yahoo最安 JAN=4589724811995,
1304,B002ZB8JBE,food,4971985037113,GABAN(ギャバン) GABAN 純カレーパウダー 220グラム (x 1),1290.0,,3149,4,standard_1,楽天,はずれ,False,False,https://www.amazon.co.jp/dp/B002ZB8JBE,楽天最安 JAN=4971985037113,
1305,B0CYSJCF64,food,,澤井珈琲 コーヒー豆 ブレンド3種(やくも/スペシャル/ゴールデン) 飲み比べ 1.2kg (400g×3) 豆のまま,4633.0,,3150,2,standard_2,,,False,False,https://www.amazon.co.jp/dp/B0CYSJCF64,,
1306,B008AQXEB8,food,4905342030127,佐々長 老舗の味つゆ 1L,1992.0,,3151,4,standard_2,Yahoo,はずれ,False,False,https://www.amazon.co.jp/dp/B008AQXEB8,Yahoo最安 JAN=4905342030127,
1307,B0CYS7H35B,food,,澤井珈琲 コーヒー 粉 レギュラーコーヒー ブレンド3種(やくも/スペシャル/ゴールデン) 飲み比べ 1.2kg (40,4633.0,,3152,2,standard_2,,,False,False,https://www.amazon.co.jp/dp/B0CYS7H35B,,
1308,B0CYSW665G,food,,澤井珈琲 コーヒー豆 ブレンド3種(やくも/スペシャル/サンライト) 飲み比べ 1.2kg (400g×3) 豆のまま,4633.0,,3152,2,standard_2,,,False,False,https://www.amazon.co.jp/dp/B0CYSW665G,,
1309,B09J12HG94,food,4582590440436,"【国内製造】オリゼ 米麹 グラノーラ 200g 糖質オフ 白砂糖不使用 無添加 ORYZAE (200g, プレーン)",1500.0,,3152,2,standard_1,Yahoo,はずれ,False,False,https://www.amazon.co.jp/dp/B09J12HG94,Yahoo最安 JAN=4582590440436,
1310,B0CYSSFWJP,food,,澤井珈琲 コーヒー 粉 レギュラーコーヒー ブレンド3種(やくも/スペシャル/サンライト) 飲み比べ 1.2kg (40,4633.0,,3152,2,standard_2,,,False,False,https://www.amazon.co.jp/dp/B0CYSSFWJP,,
1311,B09J14KPXP,food,4582590440283,"【国内製造】オリゼ 米麹 グラノーラ チョコ 200g 糖質オフ 白砂糖不使用 無添加 ORYZAE (200g, チョ",1500.0,,3152,2,small,Yahoo,はずれ,False,False,https://www.amazon.co.jp/dp/B09J14KPXP,Yahoo最安 JAN=4582590440283,
1312,B00017028M,food,0847972000009,MALDON マルドン シーソルト 250g,1255.0,,2858,8,small,Yahoo,はずれ,False,False,https://www.amazon.co.jp/dp/B00017028M,Yahoo最安 JAN=0847972000009,
1313,B004SBQYMU,food,5011428000379,MALDON マルドン シーソルト バケツ入,5998.0,,3154,5,standard_2,Yahoo,はずれ,False,False,https://www.amazon.co.jp/dp/B004SBQYMU,Yahoo最安 JAN=5011428000379,
1314,B00CMX5BVQ,food,0773821877327,MALDON マルドン スモークシーソルト 125g,1180.0,,2858,7,small,,,False,False,https://www.amazon.co.jp/dp/B00CMX5BVQ,,
1315,B0FB3292BL,food,4901777437975,のんある酒場 赤ワインスパークリング ノンアルコール 350ml 24本 [サントリー ノンアル ノンアルコール ワイン,2882.0,,3494,6,large_2,楽天,はずれ,False,False,https://www.amazon.co.jp/dp/B0FB3292BL,楽天最安 JAN=4901777437975,
1316,B07QWQBH5R,food,4580417662221,シリカシリカスパークリング 炭酸水 500ml×24本 九州産 シリカ72mg/L以上 ミネラルウォーター 無添加 大分,3980.0,,2938,2,large_2,Yahoo,原石,True,True,https://www.amazon.co.jp/dp/B07QWQBH5R,Yahoo最安 JAN=4580417662221,
1317,B0DDCMB42B,food,4909411097738,キリン 生茶 リッチ 400ml 24本 お茶 緑茶 無糖茶 ペットボトル,2594.0,,3163,7,large_2,Yahoo,はずれ,False,False,https://www.amazon.co.jp/dp/B0DDCMB42B,Yahoo最安 JAN=4909411097738,
1318,B0CVRNG2HF,food,4903310162047,ニップン オーマイ プレミアムもちっとおいしい スパゲッティ 1.5mm 600g ×4個 パスタ 乾燥パスタ スパゲテ,1592.0,,3175,2,large_1,Yahoo,はずれ,False,False,https://www.amazon.co.jp/dp/B0CVRNG2HF,Yahoo最安 JAN=4903310162047,
1319,B0DQ559F9K,food,4901330748586,[フルグラ] カルビー フルグラ 700g×6袋,4452.0,,3176,6,large_1,楽天,はずれ,False,False,https://www.amazon.co.jp/dp/B0DQ559F9K,楽天最安 JAN=4901330748586,
1320,B09V5BBYS5,food,,アイリスプラザ ドライマンゴー 不揃い ドライフルーツ タイ産 甘すぎない スライスカット500グラム (x 3),2960.0,,3330,5,standard_2,,,False,False,https://www.amazon.co.jp/dp/B09V5BBYS5,,
1321,B09V58XQWQ,food,,アイリスプラザ ドライマンゴー 不揃い ドライフルーツ タイ産 甘すぎない スライスカット500グラム (x 5),4654.0,,3330,5,large_1,,,False,False,https://www.amazon.co.jp/dp/B09V58XQWQ,,
1322,B0BF3XTP1R,food,,"アウトドアスパイス ほりにし アソートセット (4本, 白 赤 金 黒)",4373.0,,3179,3,standard_2,,,False,False,https://www.amazon.co.jp/dp/B0BF3XTP1R,,
1323,B0953ZPFLT,food,,"アウトドアスパイス ほりにし アソートセット (2本, 白 赤)",1900.0,,3179,2,standard_1,,,False,False,https://www.amazon.co.jp/dp/B0953ZPFLT,,
1324,B09F8WP5VF,food,2000071743460,アイリスプラザ ドライマンゴー 不揃い ドライフルーツ タイ産 甘すぎない スライスカット500グラム (x 2),2199.0,,3330,4,standard_2,,,False,False,https://www.amazon.co.jp/dp/B09F8WP5VF,,
1325,B07JPD8S6C,food,,コプリナ 紀州産梅ハニップ 590g 6本セット 希釈ドリンク 梅ジュース 梅シロップ おうち飲み会 ノンアルコール ウ,7480.0,,3131,2,large_2,,,False,False,https://www.amazon.co.jp/dp/B07JPD8S6C,,
1326,B09MN4VMZQ,food,,"アウトドアスパイス ほりにし アソートセット (3本, 白 赤 金)",3058.0,,3181,4,standard_1,,,False,False,https://www.amazon.co.jp/dp/B09MN4VMZQ,,
1327,B0FDBHFGX7,food,,【精米】【インド産】バスマティライス 米 精米 インド米 (5kg),3980.0,,2885,2,large_1,,,False,False,https://www.amazon.co.jp/dp/B0FDBHFGX7,,
1328,B0152TPAVM,food,,紀州産梅ハニップ 590g 1本【希釈ドリンク/梅ジュース/梅シロップ/おうち飲み会/ノンアルコール/ウメ/4倍希釈10,1518.0,,3182,2,standard_1,,,False,False,https://www.amazon.co.jp/dp/B0152TPAVM,,
1329,B07JNNT86K,food,,コプリナ 紀州産梅ハニップ 590g 3本セット 希釈ドリンク 梅ジュース 梅シロップ おうち飲み会 ノンアルコール ウ,4180.0,,3182,3,large_1,,,False,False,https://www.amazon.co.jp/dp/B07JNNT86K,,
1330,B00ISKS9ZW,food,,霧島酒造 チューパック黒霧島 20度 1800ml×2本,3860.0,,3078,3,large_1,,,False,False,https://www.amazon.co.jp/dp/B00ISKS9ZW,,
1331,B00IJ3SV74,food,4972776915399,霧島酒造 黒霧島 20度 200ml×30本,7398.0,,3191,3,large_2,Yahoo,原石,True,True,https://www.amazon.co.jp/dp/B00IJ3SV74,Yahoo最安 JAN=4972776915399,
1332,B07G5MV177,food,4972776936950,霧島酒造 チューパック黒霧島 20度 1800ml×2本,3686.0,,3191,9,large_1,楽天,あやしい,True,True,https://www.amazon.co.jp/dp/B07G5MV177,楽天最安 JAN=4972776936950,
1333,B07T9C93FJ,food,0054881015073,アーマッドティー 水出し 紅茶 レモン&ライム ティーバッグ 20袋×2個セット 簡単5分 個包装 コールドブリュー A,1408.0,,3193,2,small,Yahoo,あやしい,False,False,https://www.amazon.co.jp/dp/B07T9C93FJ,Yahoo最安 JAN=0054881015073,
1334,B0D8SQ96GQ,food,4974062081498,日清シスコ ごろグラ さつまいもづくし 280g×6袋,2280.0,,3193,5,standard_2,Yahoo,はずれ,False,False,https://www.amazon.co.jp/dp/B0D8SQ96GQ,Yahoo最安 JAN=4974062081498,
1335,B0GH6YFFR2,food,4974062113496,日清シスコ ごろグラ さつまいもづくし 280g×8袋,3247.0,,3193,4,large_1,楽天,はずれ,False,False,https://www.amazon.co.jp/dp/B0GH6YFFR2,楽天最安 JAN=4974062113496,
1336,B01MU7GXAN,food,4973766004390,薩摩酒造 さつま白波スリムパック [ 焼酎 25度 鹿児島県 900ml ],1253.0,,3197,3,standard_1,Yahoo,はずれ,False,False,https://www.amazon.co.jp/dp/B01MU7GXAN,Yahoo最安 JAN=4973766004390,
1337,B0DZ5NY7C6,food,4901313249437,亀田製菓 堅ぶつ旨塩 160g×6袋,1802.0,,2901,4,standard_2,楽天,あやしい,False,False,https://www.amazon.co.jp/dp/B0DZ5NY7C6,楽天最安 JAN=4901313249437,
1338,B07DP5RNVD,food,4971980049227,合同酒精 ウィスキー 香薫 大容量ペットボトル [ ウイスキー 日本 4000ml ],4030.0,,3198,9,large_1,楽天,はずれ,False,False,https://www.amazon.co.jp/dp/B07DP5RNVD,楽天最安 JAN=4971980049227,
1339,B0987B6MHM,food,,【 別格 糖度16度の別世界 】超大玉 ５-６入 約２kg【特選 特秀品 最高のお中元ギフト】もも 山梨県産 桃 オリジ,6380.0,,3199,2,standard_1,,,False,False,https://www.amazon.co.jp/dp/B0987B6MHM,,
1340,B08HZQ15N1,food,4973766000323,薩摩酒造 さつま白波 25度 パック [ 焼酎 鹿児島県 1800ml×2本 ],3615.0,,3199,8,large_1,楽天,はずれ,False,False,https://www.amazon.co.jp/dp/B08HZQ15N1,楽天最安 JAN=4973766000323,
1341,B09NB7575X,food,4901625515152,エスビー食品 にんにく背脂 110g×3個,1101.0,,3200,2,standard_1,Yahoo,はずれ,False,False,https://www.amazon.co.jp/dp/B09NB7575X,Yahoo最安 JAN=4901625515152,
1342,B00GK9JDIU,food,5000277000982,アバフェルディ 12年 [ シングルモルトスコッチウイスキー スコットランド産 ハイランド 700ml 40% ] [ギ,4924.0,,2630,9,standard_2,Yahoo,はずれ,False,False,https://www.amazon.co.jp/dp/B00GK9JDIU,Yahoo最安 JAN=5000277000982,
1343,B0D44KTMWP,food,,飲む氷 塩レモン アイススラリー 100g×8個 熱中症対策 カード付き 夏季の災害対策 Salty Lemon,1690.0,,3211,2,standard_1,,,False,False,https://www.amazon.co.jp/dp/B0D44KTMWP,,
1344,B0F183D1KB,food,,飲む氷 アイススラリー 2種セット 国産梅果汁＆塩レモン 100g×各4個 計8個 熱中症対策 カード付き 夏季の災害対,1740.0,,4090,2,standard_1,,,False,False,https://www.amazon.co.jp/dp/B0F183D1KB,,
1345,B0D41GK31B,food,,飲む氷 国産 梅果汁 アイススラリー 100g×8個 熱中症対策 カード付き 夏季の災害対策 Ume,1740.0,,4090,2,standard_1,,,False,False,https://www.amazon.co.jp/dp/B0D41GK31B,,
1346,B00JA67C74,food,5060229011541,pukka (パッカ) オーガニックハーブティー レモンジンジャー&タッチオブマヌカハニー ティーバッグ 20袋 × 4,4320.0,,3213,2,standard_1,,,False,False,https://www.amazon.co.jp/dp/B00JA67C74,,
1347,B0BBW2FNPV,food,4901330581626,[ピザポテト] カルビー ピザポテト 60g×12袋,1867.0,,3218,3,standard_2,Yahoo,はずれ,False,False,https://www.amazon.co.jp/dp/B0BBW2FNPV,Yahoo最安 JAN=4901330581626,
1348,B09R6RQYW3,food,4901625516708,Ajinomoto 味の素 400g×2袋 調味料 うま味調味料,2099.0,,3218,3,standard_1,Yahoo,はずれ,False,False,https://www.amazon.co.jp/dp/B09R6RQYW3,Yahoo最安 JAN=4901625516708,
1349,B0GX11TZ6S,food,4902102161114,[熱中症対策] い・ろ・は・す 塩とれもん 540ml PET ×24本,3147.0,,3223,7,large_2,Yahoo,はずれ,False,False,https://www.amazon.co.jp/dp/B0GX11TZ6S,Yahoo最安 JAN=4902102161114,
1350,B07GWFH1SK,food,4902720134552,森永 はぐくみ エコらくパック はじめてセット 800g (400g×2袋)【入れかえタイプの粉ミルク】[新生児 赤ちゃ,2482.0,,3224,9,standard_2,楽天,はずれ,False,False,https://www.amazon.co.jp/dp/B07GWFH1SK,楽天最安 JAN=4902720134552,
1351,B0DCNP9LTC,food,4903310176280,永谷園 カップ入り お茶づけ海苔 国産米使用 インスタント カップタイプ 29.4g ×6個,1164.0,,3487,2,standard_1,Yahoo,はずれ,False,False,https://www.amazon.co.jp/dp/B0DCNP9LTC,Yahoo最安 JAN=4903310176280,
1352,B00W4W64ZC,food,4936446060154,獺祭(だっさい) 純米大吟醸 磨き二割三分 DX箱入り [ 日本酒 山口県 720ml ] [ギフトBox入り],7150.0,,3227,6,standard_2,Yahoo,はずれ,False,False,https://www.amazon.co.jp/dp/B00W4W64ZC,Yahoo最安 JAN=4936446060154,
1353,B00TX5YLE4,food,4569332932145,獺祭(だっさい) 純米大吟醸 磨き二割三分 木箱入り [ 日本酒 山口県 720ml ] [ギフトBox入り],7480.0,,2575,9,standard_2,,,False,False,https://www.amazon.co.jp/dp/B00TX5YLE4,,
1354,B07D8L7LS2,food,4582268611335,獺祭 (だっさい) 純米大吟醸 磨き二割三分 「感謝」木箱入り 720ml 【 ギフトBox 】,6600.0,,2575,7,standard_2,,,False,False,https://www.amazon.co.jp/dp/B07D8L7LS2,,
1355,B0BB69JTTT,food,4901085632673,伊藤園 おーいお茶 ほうじ茶 紙パック 125ml×18本,1709.0,,3809,2,large_1,Yahoo,はずれ,False,False,https://www.amazon.co.jp/dp/B0BB69JTTT,Yahoo最安 JAN=4901085632673,
1356,B09478WJY3,food,4901085624548,伊藤園 おーいお茶 ほうじ茶 280ml ×24本,2480.0,,3231,10,large_2,楽天,はずれ,False,False,https://www.amazon.co.jp/dp/B09478WJY3,楽天最安 JAN=4901085624548,
1357,B0F2H2X4WR,food,4974062096560,ビスコ 保存缶 bisco glico 乳酸菌クリームサンド ビスケット 長期保存 非常食 保存食 防災 備蓄 個包装 ,3310.0,,3234,3,standard_2,楽天,はずれ,False,False,https://www.amazon.co.jp/dp/B0F2H2X4WR,楽天最安 JAN=4974062096560,
1358,B0C7LCXN5X,food,,永谷園 大人のふりかけ 詰め合わせセット (大人のふりかけ 11種 40袋セット),1056.0,,3235,2,standard_1,,,False,False,https://www.amazon.co.jp/dp/B0C7LCXN5X,,
1359,B072MCCTY9,food,4901372303439,キーコーヒー カフェオレベース 500ml×6本,2520.0,,3309,6,large_1,楽天,原石,True,True,https://www.amazon.co.jp/dp/B072MCCTY9,楽天最安 JAN=4901372303439,
1360,B0CVNC16LL,food,4901372303996,キーコーヒー カフェオレベース 無糖 500ml×6個,2513.0,,3309,3,large_1,楽天,はずれ,False,False,https://www.amazon.co.jp/dp/B0CVNC16LL,楽天最安 JAN=4901372303996,
1361,B071ZHPV7W,food,8886456550212,【TWG Tea】Eternal Summer Tea エターナルサマーティー ティンフリー ルイボスティー ティーバッ,4720.0,,3627,2,standard_1,楽天,はずれ,False,False,https://www.amazon.co.jp/dp/B071ZHPV7W,楽天最安 JAN=8886456550212,
1362,B07GVG3MV9,food,4901372103770,キーコーヒー KEY DOORS+ 香り広がる ブルーマウンテンブレンド VP 180g,1950.0,,3400,2,small,楽天,はずれ,False,False,https://www.amazon.co.jp/dp/B07GVG3MV9,楽天最安 JAN=4901372103770,
1363,B07N1RNJMZ,food,4901306126110,カゴメ トマトジュース 低塩 1L紙パック×6本（機能性表示食品 食塩入り リコピン GABA 血圧 善玉コレステロール,2018.0,,3714,2,large_2,Yahoo,はずれ,False,False,https://www.amazon.co.jp/dp/B07N1RNJMZ,Yahoo最安 JAN=4901306126110,
1364,B096VKVNN5,food,,とらや 夏パッケージ 小形羊羹10本入,3456.0,,2679,6,standard_1,,,False,False,https://www.amazon.co.jp/dp/B096VKVNN5,,
1365,B07CLVG2CR,food,4539696101501,玄米まるごと玄煎粉 500g 米ぬか・胚芽まるごと焙煎 玄米パウダー 国産玄米100% グルテンフリー 食物繊維 (50,2500.0,,2822,2,standard_1,Yahoo,はずれ,False,False,https://www.amazon.co.jp/dp/B07CLVG2CR,Yahoo最安 JAN=4539696101501,
1366,B0D5GTWZP6,food,4943202204233,ヨックモック YOKUMOKU スイーツ お菓子 ギフト 洋菓子 詰め合わせ プレゼント シガール 個包装 カドー ドゥ,4320.0,,3253,2,standard_1,,,False,False,https://www.amazon.co.jp/dp/B0D5GTWZP6,,
1367,B0D5GP354K,food,4943202204226,ヨックモック YOKUMOKU スイーツ お菓子 ギフト 洋菓子 詰め合わせ プレゼント シガール 個包装 カドー ドゥ,2160.0,,3255,2,standard_1,楽天,はずれ,False,False,https://www.amazon.co.jp/dp/B0D5GP354K,楽天最安 JAN=4943202204226,
1368,B01CJ2WUKE,food,4514603326109,アサヒ飲料 ウィルキンソン タンサン 強炭酸水 ワンウェイびん 300ml×24本,2036.0,,3256,7,large_2,楽天,はずれ,False,False,https://www.amazon.co.jp/dp/B01CJ2WUKE,楽天最安 JAN=4514603326109,
1369,B0CW5X32PP,food,4903024602679,ユウキ やさしい味わいの貝柱だし 400g,1610.0,,3030,3,standard_1,Yahoo,はずれ,False,False,https://www.amazon.co.jp/dp/B0CW5X32PP,Yahoo最安 JAN=4903024602679,
1370,B00IR0IMLY,food,4903024609104,ユウキ 貝柱だし 400g,1400.0,,3257,5,standard_1,楽天,はずれ,False,False,https://www.amazon.co.jp/dp/B00IR0IMLY,楽天最安 JAN=4903024609104,
1371,B0CT2GG3GZ,food,4901306008751,野菜生活 カゴメ 野菜生活100 グリーンサラダ 200ml紙パック×24本(砂糖不使用 食物繊維 鉄分 カルシウム),2560.0,,3262,7,large_2,Yahoo,はずれ,False,False,https://www.amazon.co.jp/dp/B0CT2GG3GZ,Yahoo最安 JAN=4901306008751,
1372,B0D1BTRZ3B,food,4974062072274,理研ビタミン 素材力だし こんぶだし 60g×3個,1242.0,,2922,2,small,Yahoo,はずれ,False,False,https://www.amazon.co.jp/dp/B0D1BTRZ3B,Yahoo最安 JAN=4974062072274,
1373,B0CVK92WH6,food,4902881456807,明星 ロカボNOODLES 濃厚鶏白湯[188kcal、糖質30%オフ、低糖質なのにしっかりうまい、たっぷり食物繊維、カ,2250.0,,3263,6,standard_2,Yahoo,はずれ,False,False,https://www.amazon.co.jp/dp/B0CVK92WH6,Yahoo最安 JAN=4902881456807,
1374,B0FMWPNWQJ,food,4903310148522,明星 ロカボNOODLES 3種お試しアソート[12個入、インスタント麺、こってり醤油、濃厚白湯、濃厚コク旨豚骨、糖質3,2597.0,,3347,4,standard_2,楽天,はずれ,False,False,https://www.amazon.co.jp/dp/B0FMWPNWQJ,楽天最安 JAN=4903310148522,
1375,B09CN685NT,food,,プロも愛用 / とれたて！美味しいもの市（ねこぶだし450ml / 2本）,2230.0,,3265,7,standard_1,,,False,False,https://www.amazon.co.jp/dp/B09CN685NT,,
1376,B07GRV27N3,food,5391532440071,Cocalero Clásico (コカレロ・クラシコ) 375ml - 17種類からなる ボタニカル スピリッツ 南米,2230.0,,3328,4,standard_1,楽天,はずれ,False,False,https://www.amazon.co.jp/dp/B07GRV27N3,楽天最安 JAN=5391532440071,
1377,B0FVLLT3CV,food,5391532442716,コカレロ ピカンテ COCALERO PICANTE [ボタニカル ハーブ リキュール 700ml 29度],3963.0,,3328,3,standard_2,Yahoo,はずれ,False,False,https://www.amazon.co.jp/dp/B0FVLLT3CV,Yahoo最安 JAN=5391532442716,
1378,B0C5GSQ77D,food,5391532441016,コカレロ ヴィーダ Cocalero Vida ［リキュール ボタニカルハーブ 22度 700ml 瓶］,3963.0,,3328,6,standard_2,Yahoo,はずれ,False,False,https://www.amazon.co.jp/dp/B0C5GSQ77D,Yahoo最安 JAN=5391532441016,
1379,B07XCWNZTN,food,4901688111827,SSK 清水食品 うまい!さば醤油煮 150g×6個,1592.0,,3267,2,standard_2,Yahoo,あやしい,False,False,https://www.amazon.co.jp/dp/B07XCWNZTN,Yahoo最安 JAN=4901688111827,
1380,B07XCWLSXV,food,4901688111803,SSK 清水食品 うまい!さば水煮 150g×6個,1980.0,,3269,5,standard_2,Yahoo,原石,True,True,https://www.amazon.co.jp/dp/B07XCWLSXV,Yahoo最安 JAN=4901688111803,
1381,B006J0PXL6,food,4902560171014,はごろも 朝からフルーツ パイミン 190g (4084) ×24個,4461.0,,3332,9,large_2,楽天,原石,True,True,https://www.amazon.co.jp/dp/B006J0PXL6,楽天最安 JAN=4902560171014,
1382,B006J0OOOS,food,4902560170987,はごろも 朝からフルーツ みつ豆 190g (4081) ×24個,4121.0,,3332,8,large_2,Yahoo,原石,True,True,https://www.amazon.co.jp/dp/B006J0OOOS,Yahoo最安 JAN=4902560170987,
1383,B0GPVVN8L1,food,4901688530345,SSKセールス 冷たくしておいしいスープ 北海道産じゃがいも 160g×5個,1280.0,,2888,2,standard_1,Yahoo,はずれ,False,False,https://www.amazon.co.jp/dp/B0GPVVN8L1,Yahoo最安 JAN=4901688530345,
1384,B006J0PECO,food,4902560170994,はごろも 朝からフルーツ 杏仁 190g (4083) ×24個,4121.0,,3270,5,large_2,Yahoo,原石,True,True,https://www.amazon.co.jp/dp/B006J0PECO,Yahoo最安 JAN=4902560170994,
1385,B075WLSN5X,food,4902705004412,メイバランスミニ いちごヨーグルト味 125ml×12本 明治,3172.0,,3270,6,standard_2,Yahoo,はずれ,False,False,https://www.amazon.co.jp/dp/B075WLSN5X,Yahoo最安 JAN=4902705004412,
1386,B0GPVBK6XD,food,4901688530307,SSKセールス 冷たくしておいしいスープ 北海道産にんじん 160g×5個,1146.0,,2888,2,standard_1,楽天,はずれ,False,False,https://www.amazon.co.jp/dp/B0GPVBK6XD,楽天最安 JAN=4901688530307,
1387,B0BWRFSC7N,food,4974062040174,AGF ちょっと贅沢な珈琲店 レギュラーコーヒー 豆 モカブレンド 250g×4袋 【 コーヒー豆 1kg(豆のまま) ,4000.0,,3282,2,standard_1,Yahoo,はずれ,False,False,https://www.amazon.co.jp/dp/B0BWRFSC7N,Yahoo最安 JAN=4974062040174,
1388,B0BWRJBC4N,food,4901111782907,AGF ちょっと贅沢な珈琲店 レギュラーコーヒー 豆 スペシャルブレンド 【 コーヒー豆(豆のまま) 】250グラム (,1465.0,,3282,3,standard_1,Yahoo,はずれ,False,False,https://www.amazon.co.jp/dp/B0BWRJBC4N,Yahoo最安 JAN=4901111782907,
1389,B0BWRJBWPS,food,4974062040167,AGF ちょっと贅沢な珈琲店 レギュラーコーヒー 豆 スペシャルブレンド 250g×4袋 【1kg(豆のまま) 】,5180.0,,3273,4,standard_2,Yahoo,はずれ,False,False,https://www.amazon.co.jp/dp/B0BWRJBWPS,Yahoo最安 JAN=4974062040167,
1390,B0DVYZSKTH,food,4974062098717,ミツカン SOUP(スープ)で そうめん 2種セット [ 地鶏だし塩 、柚子だし ] めんつゆ 麺つゆ 素麺,1150.0,,3274,3,standard_1,Yahoo,はずれ,False,False,https://www.amazon.co.jp/dp/B0DVYZSKTH,Yahoo最安 JAN=4974062098717,
1391,B0CL3WKJS5,food,4560176249505,【3年熟成】有機 黒酢 500ml 有機JAS 天然醸造 国産 無添加 天然の湧水 良質な米麹 ドリンク 酢 飲むお酢 ,2250.0,,3275,2,standard_2,Yahoo,はずれ,False,False,https://www.amazon.co.jp/dp/B0CL3WKJS5,Yahoo最安 JAN=4560176249505,
1392,B006W1NPC6,food,4560176240601,【W特許製法】3年熟成 有機 醸造酢 720ml 有機JAS 天然醸造 国産 無添加 天然の湧水 良質な米麹 有機玄米 ,3750.0,,3275,2,standard_2,楽天,はずれ,False,False,https://www.amazon.co.jp/dp/B006W1NPC6,楽天最安 JAN=4560176240601,
1393,B0GWHRYR5F,food,4901777447066,サントリー ボス BOSS クラフトボス シャリシャリラテ氷 カフェラテ コーヒー飲料 440ml×24本,3327.0,,3283,9,large_2,楽天,はずれ,False,False,https://www.amazon.co.jp/dp/B0GWHRYR5F,楽天最安 JAN=4901777447066,
1394,B00K2QRKNC,food,4902102109109,コカ・コーラ い・ろ・は・す スパークリング れもん 515mlPET ×24本,2870.0,,3285,9,large_2,Yahoo,はずれ,False,False,https://www.amazon.co.jp/dp/B00K2QRKNC,Yahoo最安 JAN=4902102109109,
1395,B0BLXWV6H3,food,4902102148696,コカ・コーラ い・ろ・は・す みかん 540mlPET×24本,2630.0,,3285,6,large_2,Yahoo,はずれ,False,False,https://www.amazon.co.jp/dp/B0BLXWV6H3,Yahoo最安 JAN=4902102148696,
1396,B0BH4H2CC1,food,4974062032155,ロッテ ガーナローストミルクエクセレント 119g×6個,3194.0,,2818,2,standard_1,Yahoo,はずれ,False,False,https://www.amazon.co.jp/dp/B0BH4H2CC1,Yahoo最安 JAN=4974062032155,
1397,B0C8TJVLXS,food,,カバラン バー カクテル DRY シングルモルトハイボール 320ml×24本,5458.0,,3291,6,large_2,,,False,False,https://www.amazon.co.jp/dp/B0C8TJVLXS,,
1398,B00NKEIVJA,food,4571359326869,天然生活 【訳あり】固焼き☆豆乳おからクッキープレーン約100枚1kg,2113.0,,3457,4,standard_2,Yahoo,はずれ,False,False,https://www.amazon.co.jp/dp/B00NKEIVJA,Yahoo最安 JAN=4571359326869,
1399,B09HC9HWGD,food,,スターゼン 冷凍 ハンバーグ ミニ チーズ インハンバーグ 750g(計約30個) DELI BURG お弁当,2650.0,,3293,2,standard_1,,,False,False,https://www.amazon.co.jp/dp/B09HC9HWGD,,
1400,B0BH4FMQ2K,food,4974062032162,ロッテ ガーナブラックエクセレント 119g×6個,3194.0,,2818,2,standard_1,Yahoo,はずれ,False,False,https://www.amazon.co.jp/dp/B0BH4FMQ2K,Yahoo最安 JAN=4974062032162,
1401,B0F47G4QG5,food,4573186211530,"【訳あり】豆乳おからクッキープレーン1kg (250g×４袋, おからクッキー)固焼き",2113.0,,3293,3,standard_2,楽天,はずれ,False,False,https://www.amazon.co.jp/dp/B0F47G4QG5,楽天最安 JAN=4573186211530,
1402,B0B3MPH941,food,4974062015615,ロッテ ガーナホワイト 45g×10個,1727.0,,3294,2,standard_1,Yahoo,はずれ,False,False,https://www.amazon.co.jp/dp/B0B3MPH941,Yahoo最安 JAN=4974062015615,
1403,B0BH4HB66S,food,4974062032148,ロッテ ガーナミルクエクセレント 119g×6個,3000.0,,3294,2,standard_1,Yahoo,はずれ,False,False,https://www.amazon.co.jp/dp/B0BH4HB66S,Yahoo最安 JAN=4974062032148,
1404,B0B3MVVK7N,food,4974062015592,ロッテ ガーナミルク 50g×10個,2141.0,,3294,3,standard_1,Yahoo,はずれ,False,False,https://www.amazon.co.jp/dp/B0B3MVVK7N,Yahoo最安 JAN=4974062015592,
1405,B00IUEUW3I,food,4909411057176,トロピカーナ 100% グレープフルーツ 250ml×24本,2778.0,,3295,6,large_2,楽天,はずれ,False,False,https://www.amazon.co.jp/dp/B00IUEUW3I,楽天最安 JAN=4909411057176,
1406,B0CHDWMBGN,food,4974062056274,キーコーヒー KEY DOORS+ スペシャルブレンド 粉 (VP) 180g×3個,2612.0,,3296,2,standard_1,Yahoo,はずれ,False,False,https://www.amazon.co.jp/dp/B0CHDWMBGN,Yahoo最安 JAN=4974062056274,
1407,B092D934MS,food,4901372106115,キーコーヒー KEY DOORS+ カフェインレス深いコクのブレンド VP 180g ×2袋 デカフェ・ノンカフェイン ,2400.0,,3400,6,standard_1,Yahoo,はずれ,False,False,https://www.amazon.co.jp/dp/B092D934MS,Yahoo最安 JAN=4901372106115,
1408,B0CHDS6QZV,food,4901372100267,キーコーヒー KEY DOORS+ スペシャルブレンド 粉 (VP) 180g,1500.0,,3298,4,small,Yahoo,はずれ,False,False,https://www.amazon.co.jp/dp/B0CHDS6QZV,Yahoo最安 JAN=4901372100267,
1409,B09M31ZPLK,food,,ドリップコーヒーファクトリー ゴールド&クラシック ブレンド プレミアムシリーズ アソート コーヒー豆 2kgアソート ,6075.0,,3300,2,standard_2,,,False,False,https://www.amazon.co.jp/dp/B09M31ZPLK,,
1410,B0797CV4BZ,food,4902555211060,不二家 ネクター ピーチ 200ml×24本 紙パック,2151.0,,3301,10,large_2,楽天,はずれ,False,False,https://www.amazon.co.jp/dp/B0797CV4BZ,楽天最安 JAN=4902555211060,
1411,B012CQLYJA,food,4902560020732,はごろも シーチキンマイルド 140g (0480) ×3個,1271.0,,3243,2,standard_1,Yahoo,はずれ,False,False,https://www.amazon.co.jp/dp/B012CQLYJA,Yahoo最安 JAN=4902560020732,
1412,B0CHDT7GXR,food,4974062056281,キーコーヒー KEY DOORS+ モカブレンド 粉 (VP) 180g×3個,2380.0,,3400,3,standard_1,Yahoo,はずれ,False,False,https://www.amazon.co.jp/dp/B0CHDT7GXR,Yahoo最安 JAN=4974062056281,
1413,B008RWCGLE,food,,神戸のおまめさんみの屋 トロピカルフルーツミックス 1kg ドライフルーツ（ パイン パパイヤ マンゴー クランベリー ,2579.0,,3306,2,standard_2,,,False,False,https://www.amazon.co.jp/dp/B008RWCGLE,,
1414,B00GU6METS,food,4902560020831,はごろも シーチキンマイルド(0664) 70g 4缶,1599.0,,3307,4,standard_1,Yahoo,はずれ,False,False,https://www.amazon.co.jp/dp/B00GU6METS,Yahoo最安 JAN=4902560020831,
1415,B09KLNRY2Y,food,4902663012702,ひかり味噌 畑の具 190g 10袋セット 5種の乾燥野菜(チンゲン菜 キャベツ にんじん とうもろこし 大豆たんぱく),9370.0,,3395,5,standard_1,Yahoo,原石,True,True,https://www.amazon.co.jp/dp/B09KLNRY2Y,Yahoo最安 JAN=4902663012702,
1416,B07B3KSPXH,food,,トロピカルフルーツミックス 2kg (1kg x 2) ドライフルーツ（ パイン パパイヤ マンゴー クランベリー レー,4368.0,,3308,3,large_1,,,False,False,https://www.amazon.co.jp/dp/B07B3KSPXH,,
1417,B09QKZ2SLK,food,4902663012702,ひかり味噌 畑の具 190g 6袋セット 5種の乾燥野菜(チンゲン菜 キャベツ にんじん とうもろこし 大豆たんぱく),4727.0,,3313,5,standard_1,Yahoo,原石,True,True,https://www.amazon.co.jp/dp/B09QKZ2SLK,Yahoo最安 JAN=4902663012702,
1418,B0B4HZCR49,food,4560151360850,福島鰹株式会社 味わいつゆ 1.8L (うま味調味料 無添加 2倍 濃縮) 京都の老舗だし屋 鰹節 昆布 そうめん めん,2665.0,,3314,2,large_1,,,False,False,https://www.amazon.co.jp/dp/B0B4HZCR49,,
1419,B09V9ZB9BZ,food,4582360042044,【国産】【バナジウム＆シリカ】２ケースセット 富士清水 バナジウム＆シリカ天然水 （２４本＋２４本）５００ｍｌＰＥＴセッ,3280.0,,3315,7,standard_1,楽天,原石,True,True,https://www.amazon.co.jp/dp/B09V9ZB9BZ,楽天最安 JAN=4582360042044,
1420,B0B2572RNR,food,4580597116507,[冷凍] ニチレイ 本格炒め炒飯 450g×6袋,3980.0,,3316,3,standard_2,Yahoo,はずれ,False,False,https://www.amazon.co.jp/dp/B0B2572RNR,Yahoo最安 JAN=4580597116507,
1421,B09V57WXD6,food,4902888731822,inゼリー マルチビタミン カロリーゼロ 180g ×36個 パイナップル味 森永製菓 ビタミン 栄養機能食品(ビオチン,6436.0,,3394,4,large_2,楽天,はずれ,False,False,https://www.amazon.co.jp/dp/B09V57WXD6,楽天最安 JAN=4902888731822,
1422,B00L3UDLR0,food,4902888724633,inゼリー マルチビタミン 180g ×36個 グレープフルーツ味 森永製菓 1日分のビタミン 栄養機能食品(ビオチン),6343.0,,3317,7,large_2,楽天,はずれ,False,False,https://www.amazon.co.jp/dp/B00L3UDLR0,楽天最安 JAN=4902888724633,
1423,B0DVZ7D76F,food,4571680031524,[冷凍] ニチレイフーズ 本格炒め炒飯(新) 450g×6袋,2606.0,,3318,4,large_1,Yahoo,はずれ,False,False,https://www.amazon.co.jp/dp/B0DVZ7D76F,Yahoo最安 JAN=4571680031524,
1424,B0D89Y34Y5,food,4902888733666,inゼリー フルーツ食感 巨峰 (150g×36個) 森永製菓 栄養補助食品(ビオチン) 食物繊維 マルチビタミン デザ,7635.0,,3319,2,large_2,Yahoo,はずれ,False,False,https://www.amazon.co.jp/dp/B0D89Y34Y5,Yahoo最安 JAN=4902888733666,
1425,B0CFWW8CGL,food,4902888739996,inゼリー フルーツ食感 もも (150g×36個) 森永製菓 栄養補助食品(ビオチン) 食物繊維 マルチビタミン デザ,7345.0,,3319,5,large_2,楽天,はずれ,False,False,https://www.amazon.co.jp/dp/B0CFWW8CGL,楽天最安 JAN=4902888739996,
1426,B0BKZSJDTQ,food,4954044272137,手延素麺 揖保乃糸 特級品 色麺 彩り 華 -HANA- 黒帯 そうめん 化粧箱 ギフト/CST-10/ (50g×５束,1082.0,,2702,7,standard_1,Yahoo,はずれ,False,False,https://www.amazon.co.jp/dp/B0BKZSJDTQ,Yahoo最安 JAN=4954044272137,
1427,B0BKZR8V58,food,4954044272144,手延素麺 揖保乃糸 特級品 色麺 彩り 華 -HANA- 黒帯 そうめん 化粧箱 ギフト/CST-20/ (50ｇ×11,2000.0,,2702,8,standard_1,楽天,はずれ,False,False,https://www.amazon.co.jp/dp/B0BKZR8V58,楽天最安 JAN=4954044272144,
1428,B0BKZR87B7,food,4954044272168,手延素麺 揖保乃糸 特級品 色麺 彩り 華 -HANA- 黒帯 そうめん 化粧箱 ギフト/CST-50/ (50ｇ×30,4590.0,,2702,5,standard_2,楽天,はずれ,False,False,https://www.amazon.co.jp/dp/B0BKZR87B7,楽天最安 JAN=4954044272168,
1429,B0BWRLKHWK,food,4901111839045,AGF ちょっと贅沢な珈琲店 レギュラーコーヒー 豆 モカブレンド【 コーヒー豆(豆のまま) 】 250グラム (x 1,1489.0,,3282,3,small,楽天,はずれ,False,False,https://www.amazon.co.jp/dp/B0BWRLKHWK,楽天最安 JAN=4901111839045,
1430,B09DK8Y4XM,food,4901777354722,サントリー こだわり酒場のレモンサワーの素 1800ml 紙パック,1951.0,,3898,9,standard_2,楽天,はずれ,False,False,https://www.amazon.co.jp/dp/B09DK8Y4XM,楽天最安 JAN=4901777354722,
1431,B0FTRF1254,food,4976013021959,by Amazon ポルボローネ メープル味 40g x 10袋 一口サイズ ほろほろクッキー,1425.0,,3323,2,standard_1,楽天,はずれ,False,False,https://www.amazon.co.jp/dp/B0FTRF1254,楽天最安 JAN=4976013021959,
1432,B075L72LV4,food,4902203522081,リプトン紅茶 ピュア&シンプルティーバッグ 100袋×3個,1475.0,,3326,4,standard_1,楽天,はずれ,False,False,https://www.amazon.co.jp/dp/B075L72LV4,楽天最安 JAN=4902203522081,
1433,B08VTDBTFL,food,4901111628571,AGF プロフェッショナル プレミアム紅茶1杯用 50本 【 紅茶 スティック 】 【 無糖 】,1326.0,,3326,7,small,楽天,はずれ,False,False,https://www.amazon.co.jp/dp/B08VTDBTFL,楽天最安 JAN=4901111628571,
1434,B0D1BPF5JS,food,4974062072328,理研ビタミン 素材力だし こんぶだし 140g×2個,1840.0,,3328,2,standard_1,Yahoo,はずれ,False,False,https://www.amazon.co.jp/dp/B0D1BPF5JS,Yahoo最安 JAN=4974062072328,
1435,B0D6FM7KM4,food,4901998060129,東洋ナッツ さかなっつハイ！こんぶとカシュー 小分け 個包装 国内産小魚 180g(9g×20袋),1730.0,,3329,5,standard_1,Yahoo,はずれ,False,False,https://www.amazon.co.jp/dp/B0D6FM7KM4,Yahoo最安 JAN=4901998060129,
1436,B07SB3STLG,food,4901108014554,エバラ プチッとうどん 魚介とんこつ醤油味 (22g×4個) ×4袋,1083.0,,3294,3,standard_1,楽天,はずれ,False,False,https://www.amazon.co.jp/dp/B07SB3STLG,楽天最安 JAN=4901108014554,
1437,B0BT7HKHX5,food,4901625536034,エバラ プチッとうどん すだちおろしうどん 88g(22g×4個) 4個入,1080.0,,3331,2,standard_1,,,False,False,https://www.amazon.co.jp/dp/B0BT7HKHX5,,
1438,B0BQV5RPBT,food,4901625534290,エバラ プチッとうどん プラス だし入り とろろうどん 126g(42g×3) ×4個,1109.0,,3294,2,standard_1,,,False,False,https://www.amazon.co.jp/dp/B0BQV5RPBT,,
1439,B09SKV8RR6,food,4901625518535,エバラ プチッとうどんプラス 具入り汁なし担々麺 (40g×3)×4個,1075.0,,3333,2,standard_1,Yahoo,はずれ,False,False,https://www.amazon.co.jp/dp/B09SKV8RR6,Yahoo最安 JAN=4901625518535,
1440,B0D1436MF2,food,,SUNKROWN(サンクラウン) かき氷シロップ 500ml イチゴ メロン ブルーハワイ マンゴー レモン 【5種類セ,1698.0,,3194,5,large_1,,,False,False,https://www.amazon.co.jp/dp/B0D1436MF2,,
1441,B0FN46YCWB,food,4974062105743,キーコーヒー KEY DOORS+弾けるシトラス 豆 (LP) 150g×6個,3900.0,,3129,2,standard_2,,,False,False,https://www.amazon.co.jp/dp/B0FN46YCWB,,
1442,B00531C93W,food,4971495010132,雲海酒造 そば雲海 25度 ペット 4L,3659.0,,3337,7,large_1,楽天,はずれ,False,False,https://www.amazon.co.jp/dp/B00531C93W,楽天最安 JAN=4971495010132,
1443,B0DB6BHTL8,food,4902888116322,森永製菓 大粒ラムネ 41g×10個,1105.0,,3389,4,standard_1,Yahoo,はずれ,False,False,https://www.amazon.co.jp/dp/B0DB6BHTL8,Yahoo最安 JAN=4902888116322,
1444,B001TP1MRA,food,4971495000218,雲海酒造 そば雲海 パック [ 焼酎 25度 宮崎県 1800ml ],2158.0,,3931,6,standard_2,楽天,はずれ,False,False,https://www.amazon.co.jp/dp/B001TP1MRA,楽天最安 JAN=4971495000218,
1445,B0CVGYSBX5,food,4595985573077,ぐるっと生活 オートミール 粉末 パウダー 大容量 2000g oatmeal powder 無添加 全粒粉 オリジナル,2980.0,,3177,2,large_1,楽天,はずれ,False,False,https://www.amazon.co.jp/dp/B0CVGYSBX5,楽天最安 JAN=4595985573077,
1446,B0049E4WT8,food,4902203214306,【公式】サー・トーマス・リプトン ダージリン リーフバッグ ティーポット用 5g×50袋 | ティーバッグ 高級紅茶 茶,3863.0,,3339,2,standard_1,Yahoo,はずれ,False,False,https://www.amazon.co.jp/dp/B0049E4WT8,Yahoo最安 JAN=4902203214306,
1447,B0B6F7J4SN,food,4573186218959,天然生活 ガーリックラスク (500g) 訳あり 大容量 お菓子 にんにく おつまみ 簡易包装 無地袋 無選別,1750.0,,3340,5,standard_1,楽天,はずれ,False,False,https://www.amazon.co.jp/dp/B0B6F7J4SN,楽天最安 JAN=4573186218959,
1448,B0CHML3BM9,food,4974062056458,リケン 理研ビタミン 素材力だし 七素材の旨みだし 60g×3個,1114.0,,3647,2,small,Yahoo,はずれ,False,False,https://www.amazon.co.jp/dp/B0CHML3BM9,Yahoo最安 JAN=4974062056458,
1449,B0CM1RT7BD,food,4595985573039,ぐるっと生活 オートミール 粉末 パウダー 1000g oatmeal powder 無添加 全粒粉 オリジナルレシピ付,1630.0,,3343,2,standard_2,楽天,はずれ,False,False,https://www.amazon.co.jp/dp/B0CM1RT7BD,楽天最安 JAN=4595985573039,
1450,B003Q46ZE2,food,4901138883823,かんてんぱぱ 伊那食品 徳用かんてんクック 4g×20p,1287.0,,2969,4,small,Yahoo,はずれ,False,False,https://www.amazon.co.jp/dp/B003Q46ZE2,Yahoo最安 JAN=4901138883823,
1451,B09SKPQK37,food,4901625518528,[ エバラ ] プチッとうどん 具入りジャージャー麺 40g ×3個 4袋セット（ うどんつゆ ぶっかけうどんつゆ うど,1083.0,,3294,2,standard_1,Yahoo,はずれ,False,False,https://www.amazon.co.jp/dp/B09SKPQK37,Yahoo最安 JAN=4901625518528,
1452,B00OZGTCCW,food,4901138880426,かんてんぱぱ 伊那食品工業 かんてんクック 400g,4735.0,,2969,4,standard_1,Yahoo,はずれ,False,False,https://www.amazon.co.jp/dp/B00OZGTCCW,Yahoo最安 JAN=4901138880426,
1453,B0BQTKQQ64,food,4901625534283,エバラ プチッとうどん 明太子うどん 88g(22g×4) ×4個,1080.0,,3294,3,standard_1,Yahoo,はずれ,False,False,https://www.amazon.co.jp/dp/B0BQTKQQ64,Yahoo最安 JAN=4901625534283,
1454,B0B81WFVQ4,food,4901306002254,カゴメ 3種豆のベジタブルカレー 170g×5袋 植物素材,1348.0,,3347,2,standard_2,Yahoo,はずれ,False,False,https://www.amazon.co.jp/dp/B0B81WFVQ4,Yahoo最安 JAN=4901306002254,
1455,B0B81XCCLJ,food,4901306002278,カゴメ 大豆ミートのほうれん草カレー 160g×5袋 植物素材,1348.0,,3347,2,standard_2,Yahoo,はずれ,False,False,https://www.amazon.co.jp/dp/B0B81XCCLJ,Yahoo最安 JAN=4901306002278,
1456,B07WNFYPBR,food,4902705022843,メイバランスミニカップ フルーツ・オレ味 125ml×12本 明治,2703.0,,2778,10,standard_2,Yahoo,はずれ,False,False,https://www.amazon.co.jp/dp/B07WNFYPBR,Yahoo最安 JAN=4902705022843,
1457,B09SP1VP5L,food,4901306040768,カゴメ 大豆ミートのキーマカレー180g×5袋 植物素材,1532.0,,2740,4,standard_2,Yahoo,あやしい,False,False,https://www.amazon.co.jp/dp/B09SP1VP5L,Yahoo最安 JAN=4901306040768,
1458,B07FPSRNVB,food,4971980649793,合同酒精 香薫 ウイスキー 600ml [日本 ],1201.0,,3198,8,standard_1,楽天,はずれ,False,False,https://www.amazon.co.jp/dp/B07FPSRNVB,楽天最安 JAN=4971980649793,
1459,B0C7KG1Y8X,food,4971980737605,合同酒精 ウイスキー香薫 [ ウイスキー 37% 日本 900ml ],1452.0,,3198,2,standard_1,Yahoo,はずれ,False,False,https://www.amazon.co.jp/dp/B0C7KG1Y8X,Yahoo最安 JAN=4971980737605,
1460,B0C7K6SDQH,food,4971980737612,合同酒精 ウイスキー香薫 [ ウイスキー 37% 日本 900ml×6 ],6402.0,,3198,2,large_2,Yahoo,はずれ,False,False,https://www.amazon.co.jp/dp/B0C7K6SDQH,Yahoo最安 JAN=4971980737612,
1461,B0C6KCB7F2,food,,【como公式】 毎日 クロワッサン 16個入 コモパン ロングライフパン 常温保存 長期保存 個包装 非常食 保存食 ,2336.0,,3356,2,standard_1,,,False,False,https://www.amazon.co.jp/dp/B0C6KCB7F2,,
1462,B0D6V32M65,food,4902443572440,ジャパンフリトレー マイクポップコーン バターしょうゆ味 50g×12袋,1406.0,,3359,2,standard_2,楽天,はずれ,False,False,https://www.amazon.co.jp/dp/B0D6V32M65,楽天最安 JAN=4902443572440,
1463,B06VWCDJMJ,food,4960251500055,西田精麦 国産 胚芽押麦 800g×12個,3968.0,,3329,3,large_2,Yahoo,原石,True,True,https://www.amazon.co.jp/dp/B06VWCDJMJ,Yahoo最安 JAN=4960251500055,
1464,B09DJY9Z1B,food,4901777354739,サントリー こだわり酒場のレモンサワーの素 1800ml ×6本 紙パック,9690.0,,3898,7,large_2,Yahoo,はずれ,False,False,https://www.amazon.co.jp/dp/B09DJY9Z1B,Yahoo最安 JAN=4901777354739,
1465,B0G6YSSPG2,food,2512150000024,日食 プレミアム ピュア トラディショナル オートミール 800g×2個 （ ロールドオーツ 国内製造 無添加 糖質ひか,1750.0,,3370,2,standard_2,,,False,False,https://www.amazon.co.jp/dp/B0G6YSSPG2,,
1466,B09F6P1MKS,food,4904075007727,日食 プレミアム ピュア トラディショナル オートミール 340g×6個,2527.0,,3548,3,large_1,Yahoo,原石,True,True,https://www.amazon.co.jp/dp/B09F6P1MKS,Yahoo最安 JAN=4904075007727,
1467,B09CPKJB44,food,2108160000323,日食 プレミアム ピュア トラディショナルオートミール 340g ×4個（ ロールドタイプ 国内製造 無添加 糖質ひかえ,1516.0,,3548,4,standard_2,Yahoo,はずれ,False,False,https://www.amazon.co.jp/dp/B09CPKJB44,Yahoo最安 JAN=2108160000323,
1468,B00KYMD48O,food,4971495005510,雲海酒造 そば雲海 25度 瓶 1.8L×2本,3823.0,,3931,2,large_2,Yahoo,あやしい,False,False,https://www.amazon.co.jp/dp/B00KYMD48O,Yahoo最安 JAN=4971495005510,
1469,B09F6QB95C,food,4904075007727,日食 プレミアム ピュア トラディショナル オートミール 340g×3個,1607.0,,3372,3,standard_2,Yahoo,あやしい,False,False,https://www.amazon.co.jp/dp/B09F6QB95C,Yahoo最安 JAN=4904075007727,
1470,B09F6PD75Y,food,4904075007727,日食 プレミアム ピュア トラディショナル オートミール 340g×2個,1200.0,,3372,2,standard_1,Yahoo,はずれ,False,False,https://www.amazon.co.jp/dp/B09F6PD75Y,Yahoo最安 JAN=4904075007727,
1471,B08G1S3WF1,food,4901111456846,AGF ブレンディ スティック 抹茶オレ 6本 ×6箱 【 粉末 抹茶 】,1867.0,,3378,4,standard_1,Yahoo,原石,True,True,https://www.amazon.co.jp/dp/B08G1S3WF1,Yahoo最安 JAN=4901111456846,
1472,B0FNCTPPF1,food,,美酢（ミチョ） キウイ800mL 飲むお酢 ビネガードリンク 果実発酵酢 (3本セット),1710.0,,3379,4,large_1,,,False,False,https://www.amazon.co.jp/dp/B0FNCTPPF1,,
1473,B0CCNNH54T,food,4901001547562,具たっぷり味噌汁 味の素 なす 8食入箱 フリーズドライ 即席みそ汁 インスタント 具沢山 野菜 即席,1091.0,,3381,2,small,Yahoo,はずれ,False,False,https://www.amazon.co.jp/dp/B0CCNNH54T,Yahoo最安 JAN=4901001547562,
1474,B0CY1WVX2W,food,4902105981597,【完全メシ】日清食品 日清焼そばU.F.O. ぶっ濃い屋台風焼そば 6食セット,1880.0,,3384,3,standard_2,,,False,False,https://www.amazon.co.jp/dp/B0CY1WVX2W,,
1475,B0BRZY348Q,food,,【 脂質オフ 】 ZENB ゼンブ スパイスカレー 8食 レトルト カレー,3638.0,,3385,2,standard_2,,,False,False,https://www.amazon.co.jp/dp/B0BRZY348Q,,
1476,B007OOO7C2,food,4902110330434,青の洞窟 バーニャカウダ 80g×10個,2485.0,,2795,4,standard_1,Yahoo,原石,True,True,https://www.amazon.co.jp/dp/B007OOO7C2,Yahoo最安 JAN=4902110330434,
1477,B00AEJ6GJ6,food,4902110360011,青の洞窟 ラザニア・エミリアーナ 564g×5個,4455.0,,3388,4,large_1,楽天,原石,True,True,https://www.amazon.co.jp/dp/B00AEJ6GJ6,楽天最安 JAN=4902110360011,
1478,B09VBHRBRW,food,4582360042051,(ラベルレス　エコ　富士山のバナジウム&シリカ　天然水　500ml×48本)／24本×2箱　富士清水　バナジウム　シリカ,2580.0,,3394,6,large_2,Yahoo,はずれ,False,False,https://www.amazon.co.jp/dp/B09VBHRBRW,Yahoo最安 JAN=4582360042051,
1479,B00NM5GNRO,food,4972540406368,おつまみ ギフトセット お中元 誕生日に 珍味9種詰合せ 古伊万里浪漫 おつまみベストナイン,3222.0,,3396,2,standard_1,Yahoo,はずれ,False,False,https://www.amazon.co.jp/dp/B00NM5GNRO,Yahoo最安 JAN=4972540406368,
1480,B000JXB21Y,food,4901577314988,キユーピー サラダクラブ ライトツナ(フレーク) 80g×10個 常温保存 パスタ サラダに,1946.0,,3397,4,standard_1,Yahoo,あやしい,True,True,https://www.amazon.co.jp/dp/B000JXB21Y,Yahoo最安 JAN=4901577314988,
1481,B01DLHOMUM,food,4901880912635,サッポロ 甲乙混和芋焼酎 こくいも 25度 紙パック [ 焼酎 1800ml×6本 ],6630.0,,3397,10,large_2,Yahoo,はずれ,False,False,https://www.amazon.co.jp/dp/B01DLHOMUM,Yahoo最安 JAN=4901880912635,
1482,B07K4Z8X84,food,,おつまみ ギフトセット お中元 誕生日に 珍味7詰合せ 古伊万里浪漫 ベスト7,2980.0,,3410,2,standard_1,,,False,False,https://www.amazon.co.jp/dp/B07K4Z8X84,,
1483,B00MB7RIAK,food,4972540409130,おつまみ ギフトセット お中元 誕生日に 珍味7種詰合せ 古伊万里浪漫 日本酒党7選,2980.0,,3410,2,standard_1,Yahoo,はずれ,False,False,https://www.amazon.co.jp/dp/B00MB7RIAK,Yahoo最安 JAN=4972540409130,
1484,B00LXUIPIK,food,4972540409055,おつまみ ギフトセット お中元 誕生日に 珍味9種詰合せ 古伊万里浪漫 ビール党9選,3580.0,,3410,2,standard_1,Yahoo,はずれ,False,False,https://www.amazon.co.jp/dp/B00LXUIPIK,Yahoo最安 JAN=4972540409055,
1485,B00LXU04V6,food,4972540409024,おつまみ ギフトセット お中元 誕生日に 珍味18種詰合せ 古伊万里浪漫 オールスター18選,6980.0,,3410,2,standard_1,Yahoo,はずれ,False,False,https://www.amazon.co.jp/dp/B00LXU04V6,Yahoo最安 JAN=4972540409024,
1486,B06XCNM7DQ,food,4972540409048,おつまみ ギフトセット お中元 誕生日に 珍味9種詰合せ 古伊万里浪漫 柔らか党9選,3580.0,,3410,2,standard_1,Yahoo,はずれ,False,False,https://www.amazon.co.jp/dp/B06XCNM7DQ,Yahoo最安 JAN=4972540409048,
1487,B06XCPHM8R,food,4972540409116,おつまみ ギフトセット お中元 誕生日に 珍味7種詰合せ 古伊万里浪漫 柔らか党7選,2980.0,,3410,2,standard_1,Yahoo,はずれ,False,False,https://www.amazon.co.jp/dp/B06XCPHM8R,Yahoo最安 JAN=4972540409116,
1488,B082HMT7X5,food,,おつまみ ギフトセット お中元 誕生日に 珍味12種詰合せ 古伊万里浪漫 おつまみ12選,5000.0,,3410,2,standard_1,,,False,False,https://www.amazon.co.jp/dp/B082HMT7X5,,
1489,B0FT2CQ592,food,4972540438635,おつまみ ギフトセット お中元 誕生日に 珍味5種詰合せ 古伊万里浪漫 ベスト5選,2500.0,,3410,2,standard_1,Yahoo,はずれ,False,False,https://www.amazon.co.jp/dp/B0FT2CQ592,Yahoo最安 JAN=4972540438635,
1490,B09VS8SP7N,food,,おつまみ ギフトセット お中元 誕生日に 珍味26種詰合せ 古伊万里浪漫 デラックス26選,10000.0,,3410,2,standard_2,,,False,False,https://www.amazon.co.jp/dp/B09VS8SP7N,,
1491,B0GS4B7TT6,food,4909411116606,キリン メッツ ジ・エナジー 250ml 缶 30本 エナジードリンク 炭酸 炭酸飲料 アルギニン カフェイン入り,3780.0,,3342,8,large_2,楽天,はずれ,False,False,https://www.amazon.co.jp/dp/B0GS4B7TT6,楽天最安 JAN=4909411116606,
1492,B09MRF4B1D,food,,アウトドアスパイス 「ほりにし」プレミアム 3本セット,3838.0,,3401,5,standard_1,,,False,False,https://www.amazon.co.jp/dp/B09MRF4B1D,,
1493,B09MN6DKSN,food,4580504111045,アウトドアスパイス 「ほりにしプレミアム」,1355.0,,3401,4,small,Yahoo,はずれ,False,False,https://www.amazon.co.jp/dp/B09MN6DKSN,Yahoo最安 JAN=4580504111045,
1494,B09CYP3D8C,food,,山下屋荘介 乾燥野菜 れんこん 蓮根 レンコン ドライベジ (80g/国産/国内製造/干し蓮根/フリーズドライ),1290.0,,3402,2,small,,,False,False,https://www.amazon.co.jp/dp/B09CYP3D8C,,
1495,B09CYT6PV6,food,,山下屋荘介 乾燥野菜 根菜ミックス (100g/ごぼう/れんこん/にんじん) 国産 フリーズドライ 味噌汁の具,1180.0,,3402,2,small,,,False,False,https://www.amazon.co.jp/dp/B09CYT6PV6,,
1496,B0DCNNCGMC,food,4903310176334,Nagatanien 永谷園 箱入り 生みそタイプ 徳用 みそ汁 減塩 24食 ×2個,1174.0,,3403,2,standard_1,Yahoo,はずれ,False,False,https://www.amazon.co.jp/dp/B0DCNNCGMC,Yahoo最安 JAN=4903310176334,
1497,B095LJ8L22,food,4540860012462,山下屋荘介 国産 乾燥野菜 ミックス (100g / キャベツ 大根 にんじん 玉ねぎ 小松菜) フリーズドライ 味噌汁,1180.0,,3929,2,small,楽天,はずれ,False,False,https://www.amazon.co.jp/dp/B095LJ8L22,楽天最安 JAN=4540860012462,
1498,B0BB6QHDZ1,food,4540860012646,山下屋荘介 乾燥海藻ミックス (50g/わかめ/茎わかめ/白きくらげ/寒天) 海藻サラダ 保存食 乾燥わかめ 味噌汁,1180.0,,3929,2,small,楽天,はずれ,False,False,https://www.amazon.co.jp/dp/B0BB6QHDZ1,楽天最安 JAN=4540860012646,
1499,B09CYRQNL7,food,,山下屋荘介 乾燥野菜 キャベツ きゃべつ カット野菜 ドライキャベツ (100g/国産/フリーズドライ/国内製造),1120.0,,3404,2,small,,,False,False,https://www.amazon.co.jp/dp/B09CYRQNL7,,
1500,B01JGA4AJG,diy_tools,4969402122788,角利(KAKURI) ディープソケットセット 9本組 全長64mm 差込9.5mm角(3/8inch) 8/10/12/,1514.0,,3468,10,standard_1,楽天,はずれ,False,False,https://www.amazon.co.jp/dp/B01JGA4AJG,楽天最安 JAN=4969402122788,
1501,B07FVQGF12,diy_tools,4962123418833,ダイドーハント (DAIDOHANT) 軽天ビス 頭部白 (呼び径d) 3.5 x (長さL) 51mm (ラッパ頭) ,1912.0,,3696,8,standard_1,楽天,はずれ,False,False,https://www.amazon.co.jp/dp/B07FVQGF12,楽天最安 JAN=4962123418833,
1502,B09NMY6STF,diy_tools,4936602530095,アストロ 敷きわら風 シート シルバー 1×10m ワラの代わり 水やりOK 畑 わら不要 乾燥防止 霜対策 園芸 ガー,1980.0,,3006,2,standard_1,Yahoo,はずれ,False,False,https://www.amazon.co.jp/dp/B09NMY6STF,Yahoo最安 JAN=4936602530095,
1503,B07FVYHL1T,diy_tools,4962123418840,ダイドーハント (DAIDOHANT) 軽天ビス 頭部白 (呼び径d) 3.5 x (長さL) 41mm (ラッパ頭) ,1648.0,,3696,11,standard_1,楽天,はずれ,False,False,https://www.amazon.co.jp/dp/B07FVYHL1T,楽天最安 JAN=4962123418840,
1504,B00CW7LI6E,diy_tools,4943068419055,フジワラ化学 内装調湿性仕上塗材 かんたんあんしん珪藻土 ベージュ 1.5kg,1792.0,,2248,7,standard_2,Yahoo,はずれ,False,False,https://www.amazon.co.jp/dp/B00CW7LI6E,Yahoo最安 JAN=4943068419055,
1505,B00CW7LI5U,diy_tools,4943068419079,フジワラ化学 内装調湿性仕上塗材 かんたんあんしん珪藻土 アイボリー 1.5kg,1792.0,,2248,8,standard_2,Yahoo,はずれ,False,False,https://www.amazon.co.jp/dp/B00CW7LI5U,Yahoo最安 JAN=4943068419079,
1506,B00CW7LI50,diy_tools,4943068419147,フジワラ化学 内装調湿性仕上塗材 かんたんあんしん珪藻土 ワカバ 1.5kg,1792.0,,2248,8,standard_2,Yahoo,はずれ,False,False,https://www.amazon.co.jp/dp/B00CW7LI50,Yahoo最安 JAN=4943068419147,
1507,B00CW7LI8M,diy_tools,4943068419116,フジワラ化学 内装調湿性仕上塗材 かんたんあんしん珪藻土 アサキ 1.5kg,1792.0,,2248,8,standard_2,Yahoo,はずれ,False,False,https://www.amazon.co.jp/dp/B00CW7LI8M,Yahoo最安 JAN=4943068419116,
1508,B08P3F3ZTJ,diy_tools,4943068419383,フジワラ化学 かんたんあんしん珪藻土 10ｋｇ サンド,9600.0,,2248,3,large_2,楽天,はずれ,False,False,https://www.amazon.co.jp/dp/B08P3F3ZTJ,楽天最安 JAN=4943068419383,
1509,B08P3D32V7,diy_tools,4943068419208,フジワラ化学 かんたんあんしん珪藻土 1.5ｋｇ 苔,1753.0,,2248,5,standard_2,Yahoo,はずれ,False,False,https://www.amazon.co.jp/dp/B08P3D32V7,Yahoo最安 JAN=4943068419208,
1510,B0FZG3GH7S,diy_tools,0784154236323,HELVAK ソーラーライト 92高輝度LED 3つ点灯モード 1500mAh フレキシブル三脚付 & 360度調整ラン,1999.0,,3315,2,standard_1,楽天,はずれ,False,False,https://www.amazon.co.jp/dp/B0FZG3GH7S,楽天最安 JAN=0784154236323,
1511,B01GRH1GQQ,diy_tools,4943068419161,フジワラ化学 内装調湿性仕上塗材 かんたんあんしん珪藻土 ピンク 1.5kg,1912.0,,2248,6,standard_2,Yahoo,はずれ,False,False,https://www.amazon.co.jp/dp/B01GRH1GQQ,Yahoo最安 JAN=4943068419161,
1512,B00CY2X94Q,diy_tools,4943068419277,フジワラ化学 内装調湿性仕上塗材 かんたんあんしん珪藻土 アイボリー 10kg,9400.0,,2248,5,large_2,Yahoo,はずれ,False,False,https://www.amazon.co.jp/dp/B00CY2X94Q,Yahoo最安 JAN=4943068419277,
1513,B00CW7LG9I,diy_tools,4943068419031,フジワラ化学 内装調湿性仕上塗材 かんたんあんしん珪藻土 クリーム 1.5kg,1792.0,,2248,9,standard_2,Yahoo,はずれ,False,False,https://www.amazon.co.jp/dp/B00CW7LG9I,Yahoo最安 JAN=4943068419031,
1514,B00CY2X964,diy_tools,4943068419345,フジワラ化学 内装調湿性仕上塗材 かんたんあんしん珪藻土 ワカバ 10kg,9700.0,,2248,5,large_2,楽天,はずれ,False,False,https://www.amazon.co.jp/dp/B00CY2X964,楽天最安 JAN=4943068419345,
1515,B01GRH1GM0,diy_tools,4943068419154,フジワラ化学 内装調湿性仕上塗材 かんたんあんしん珪藻土 イエロー 1.5kg,1891.0,,2248,8,standard_2,Yahoo,はずれ,False,False,https://www.amazon.co.jp/dp/B01GRH1GM0,Yahoo最安 JAN=4943068419154,
1516,B01GRH1GDY,diy_tools,4943068419369,フジワラ化学 内装調湿性仕上塗材 かんたんあんしん珪藻土 ピンク 10kg,9879.0,,2248,5,large_2,Yahoo,はずれ,False,False,https://www.amazon.co.jp/dp/B01GRH1GDY,Yahoo最安 JAN=4943068419369,
1517,B00CY2X5FY,diy_tools,4943068419239,フジワラ化学 内装調湿性仕上塗材 かんたんあんしん珪藻土 クリーム 10kg,8900.0,,2248,5,large_2,Yahoo,はずれ,False,False,https://www.amazon.co.jp/dp/B00CY2X5FY,Yahoo最安 JAN=4943068419239,
1518,B01GRH1FS0,diy_tools,4943068419178,フジワラ化学 内装調湿性仕上塗材 かんたんあんしん珪藻土 ブルー 1.5kg,1912.0,,2248,6,standard_2,Yahoo,はずれ,False,False,https://www.amazon.co.jp/dp/B01GRH1FS0,Yahoo最安 JAN=4943068419178,
1519,B00CY2X5B8,diy_tools,4943068419215,フジワラ化学 内装調湿性仕上塗材 かんたんあんしん珪藻土 ホワイト 10kg,9200.0,,3009,5,large_2,Yahoo,はずれ,False,False,https://www.amazon.co.jp/dp/B00CY2X5B8,Yahoo最安 JAN=4943068419215,
1520,B08P3DK2KG,diy_tools,4943068419185,かんたんあんしん珪藻土 1.5ｋｇ サンド,2480.0,,2248,5,standard_2,Yahoo,はずれ,False,False,https://www.amazon.co.jp/dp/B08P3DK2KG,Yahoo最安 JAN=4943068419185,
1521,B08P3FG37D,diy_tools,4943068419192,フジワラ化学 かんたんあんしん珪藻土 1.5ｋｇ ヤマブキ,1764.0,,3009,5,standard_2,楽天,はずれ,False,False,https://www.amazon.co.jp/dp/B08P3FG37D,楽天最安 JAN=4943068419192,
1522,B01GRH1GLQ,diy_tools,4943068419352,フジワラ化学 内装調湿性仕上塗材 かんたんあんしん珪藻土 イエロー 10kg,9400.0,,3009,4,large_2,Yahoo,はずれ,False,False,https://www.amazon.co.jp/dp/B01GRH1GLQ,Yahoo最安 JAN=4943068419352,
1523,B08P3FQ6PJ,diy_tools,4943068419390,フジワラ化学かんたんあんしん珪藻土 10ｋｇ ヤマブキ,9800.0,,3009,2,large_2,Yahoo,はずれ,False,False,https://www.amazon.co.jp/dp/B08P3FQ6PJ,Yahoo最安 JAN=4943068419390,
1524,B08P3CQQCK,diy_tools,4943068419406,フジワラ化学 かんたんあんしん珪藻土 10ｋｇ 苔,9800.0,,3009,3,large_2,Yahoo,はずれ,False,False,https://www.amazon.co.jp/dp/B08P3CQQCK,Yahoo最安 JAN=4943068419406,
1525,B00CW7LG9S,diy_tools,4943068419017,フジワラ化学 内装調湿性仕上塗材 かんたんあんしん珪藻土 ホワイト 1.5kg,1782.0,,3009,7,standard_2,Yahoo,はずれ,False,False,https://www.amazon.co.jp/dp/B00CW7LG9S,Yahoo最安 JAN=4943068419017,
1526,B07DTQ5ZPT,diy_tools,4954458164967,DBLTACT(ダブルタクト) カラビナ工具差 <湾曲ゲート×爪付き> ダブル+ラチェット差付き シルバー DT-THB,2404.0,,3475,9,standard_1,Yahoo,はずれ,False,False,https://www.amazon.co.jp/dp/B07DTQ5ZPT,Yahoo最安 JAN=4954458164967,
1527,B07DTQ5YYQ,diy_tools,4954458164936,DBLTACT(ダブルタクト) カラビナ工具差 <湾曲ゲート×爪付き> ガンメタ DT-THB-811G,1293.0,,3020,10,small,楽天,はずれ,False,False,https://www.amazon.co.jp/dp/B07DTQ5YYQ,楽天最安 JAN=4954458164936,
1528,B07DTWCTNP,diy_tools,4954458164943,DBLTACT(ダブルタクト) カラビナ工具差 <湾曲ゲート×爪付き> ダブル ツールフック DT-THB-812,2000.0,,3020,10,standard_1,Yahoo,はずれ,False,False,https://www.amazon.co.jp/dp/B07DTWCTNP,Yahoo最安 JAN=4954458164943,
1529,B07DTHRFYX,diy_tools,4954458164929,DBLTACT(ダブルタクト) カラビナ工具差 <湾曲ゲート×爪付き> シルバー DT-THB-811,1293.0,,3020,10,small,Yahoo,はずれ,False,False,https://www.amazon.co.jp/dp/B07DTHRFYX,Yahoo最安 JAN=4954458164929,
1530,B07MN8B3S6,diy_tools,,[YKK] 10個セット LA50S プラスチック アジャスター 黒 50mm巾用 ベルトの長さ調節などに,1260.0,,2040,2,small,,,False,False,https://www.amazon.co.jp/dp/B07MN8B3S6,,
1531,B08ZCHYGN7,diy_tools,0786562943718,BOOSDEN ニッパー 工具 プラモデルニッパー 電工 強力 ペンチ CRV鋼製 精密 薄刃 小型 プラスチック 金属,1199.0,,3024,2,small,Yahoo,はずれ,False,False,https://www.amazon.co.jp/dp/B08ZCHYGN7,Yahoo最安 JAN=0786562943718,
1532,B09RMNDWLS,diy_tools,4977445204323,花ごころ 果樹柑橘の土 12L×2袋,3350.0,,3035,2,large_2,Yahoo,はずれ,False,False,https://www.amazon.co.jp/dp/B09RMNDWLS,Yahoo最安 JAN=4977445204323,
1533,B06X19LXFK,diy_tools,4977445204309,花ごころ 果樹柑橘の土 福井博一教授推奨 12L,1082.0,,3035,8,large_2,楽天,はずれ,False,False,https://www.amazon.co.jp/dp/B06X19LXFK,楽天最安 JAN=4977445204309,
1534,B00UYNRCOA,diy_tools,4954458302598,三共コーポレーション trad 首振り72角コンビネーションギアレンチショート 19mm TRG-19SF,1320.0,,3337,8,standard_1,楽天,はずれ,False,False,https://www.amazon.co.jp/dp/B00UYNRCOA,楽天最安 JAN=4954458302598,
1535,B00UYMBOGS,diy_tools,4954458302512,三共コーポレーション trad 72角コンビネーションギアレンチショート 19mm TRG-19S,1190.0,,3337,8,small,楽天,はずれ,False,False,https://www.amazon.co.jp/dp/B00UYMBOGS,楽天最安 JAN=4954458302512,
1536,B00UYNKVPW,diy_tools,4954458302574,三共コーポレーション trad 首振り72角コンビネーションギアレンチショート 14mm TRG-14SF,1040.0,,3042,8,small,楽天,はずれ,False,False,https://www.amazon.co.jp/dp/B00UYNKVPW,楽天最安 JAN=4954458302574,
1537,B00UYNP82S,diy_tools,4954458302581,三共コーポレーション trad 首振り72角コンビネーションギアレンチショート 17mm TRG-17SF,1009.0,,3337,7,small,楽天,はずれ,False,False,https://www.amazon.co.jp/dp/B00UYNP82S,楽天最安 JAN=4954458302581,
1538,B01LXVB2BV,diy_tools,4957945980224,イサム 2液アクリルウレタン樹脂塗料 エアーウレタン OD色 315ml,2810.0,,2222,6,standard_1,Yahoo,はずれ,False,False,https://www.amazon.co.jp/dp/B01LXVB2BV,Yahoo最安 JAN=4957945980224,
1539,B00DAKZ5YS,diy_tools,4957945979976,イサム塗料 イサム アクリルウレタン樹脂塗料 エアーウレタン メタリックシルバー 315ml,2810.0,,2222,8,standard_1,Yahoo,はずれ,False,False,https://www.amazon.co.jp/dp/B00DAKZ5YS,Yahoo最安 JAN=4957945979976,
1540,B0CNCWNW6S,diy_tools,,GOYOJO トルクレンチ プレセット型 差込角(3/8 インチ) 5-60N.m 両回転対応 トルク精度 ±3% 自動,2791.0,,3044,2,standard_1,,,False,False,https://www.amazon.co.jp/dp/B0CNCWNW6S,,
1541,B0091FXZKW,diy_tools,4957945980125,イサム塗料 アクリルウレタン樹脂塗料 エアーウレタン ロスホワイト 315ml,3465.0,,2222,2,standard_1,Yahoo,はずれ,False,False,https://www.amazon.co.jp/dp/B0091FXZKW,Yahoo最安 JAN=4957945980125,
1542,B0FQP6S2MW,diy_tools,6941061809406,【日本アウトドア専用設計】モノンズ(Monons) 一酸化炭素チェッカー 3in1一酸化炭素濃度/温度/湿度 高精度・瞬,3399.0,,3045,3,small,,,False,False,https://www.amazon.co.jp/dp/B0FQP6S2MW,,
1543,B01K4C5N46,diy_tools,4957945979945,イサム塗料 イサム アクリルウレタン樹脂塗料 エアーウレタン エロー 315ml,3019.0,,2222,5,standard_1,Yahoo,はずれ,False,False,https://www.amazon.co.jp/dp/B01K4C5N46,Yahoo最安 JAN=4957945979945,
1544,B00EWLO1PS,diy_tools,4957945979839,イサム塗料 イサム アクリルウレタン樹脂塗料 エアーウレタン つや消しブラック 315ml,3290.0,,3046,6,standard_1,Yahoo,はずれ,False,False,https://www.amazon.co.jp/dp/B00EWLO1PS,Yahoo最安 JAN=4957945979839,
1545,B01K4C5R0Q,diy_tools,4957945980187,イサム塗料 イサム アクリルウレタン樹脂塗料 エアーウレタン ミディアムグレーM 315ml,2982.0,,3046,7,standard_1,Yahoo,はずれ,False,False,https://www.amazon.co.jp/dp/B01K4C5R0Q,Yahoo最安 JAN=4957945980187,
1546,B01K4C5UKS,diy_tools,4957945980170,イサム塗料 イサム アクリルウレタン樹脂塗料 エアーウレタン デンバーグリーンM 315ml,2985.0,,3046,6,standard_1,Yahoo,はずれ,False,False,https://www.amazon.co.jp/dp/B01K4C5UKS,Yahoo最安 JAN=4957945980170,
1547,B00EWLO1LW,diy_tools,4957945979822,イサム塗料 イサム アクリルウレタン樹脂塗料 エアーウレタン ブラック 315ml,2810.0,,2222,3,standard_1,Yahoo,はずれ,False,False,https://www.amazon.co.jp/dp/B00EWLO1LW,Yahoo最安 JAN=4957945979822,
1548,B00EWLO1EY,diy_tools,4957945979815,イサム塗料 イサム アクリルウレタン樹脂塗料 エアーウレタン ホワイト 315ml,2810.0,,2222,6,standard_1,楽天,はずれ,False,False,https://www.amazon.co.jp/dp/B00EWLO1EY,楽天最安 JAN=4957945979815,
1549,B0091FFH6C,diy_tools,4957945980217,イサム塗料 イサム アクリルウレタン樹脂塗料 エアーウレタン プラサフグレー 315ml,2783.0,,3046,7,standard_1,Yahoo,はずれ,False,False,https://www.amazon.co.jp/dp/B0091FFH6C,Yahoo最安 JAN=4957945980217,
1550,B01LXKL912,diy_tools,4957945980231,イサム 2液アクリルウレタン樹脂塗料 エアーウレタン AFベース色 315ml,2810.0,,3046,7,standard_1,Yahoo,はずれ,False,False,https://www.amazon.co.jp/dp/B01LXKL912,Yahoo最安 JAN=4957945980231,
1551,B00EWLO2AW,diy_tools,4957945980200,イサム塗料 イサム アクリルウレタン樹脂塗料 エアーウレタン つや消しクリヤー 315ml,2783.0,,3046,8,standard_1,Yahoo,はずれ,False,False,https://www.amazon.co.jp/dp/B00EWLO2AW,Yahoo最安 JAN=4957945980200,
1552,B00EWLO270,diy_tools,4957945980149,イサム塗料 イサム アクリルウレタン樹脂塗料 エアーウレタン ディープパープリッシュブルーP 315ml,2982.0,,3046,6,standard_1,Yahoo,はずれ,False,False,https://www.amazon.co.jp/dp/B00EWLO270,Yahoo最安 JAN=4957945980149,
1553,B0091FXZ2U,diy_tools,4957945979846,イサム塗料 イサム アクリルウレタン樹脂塗料 エアーウレタン レッド 315ml,2997.0,,3046,5,standard_1,楽天,はずれ,False,False,https://www.amazon.co.jp/dp/B0091FXZ2U,楽天最安 JAN=4957945979846,
1554,B00CWNX1JA,diy_tools,4957945980194,イサム アクリルウレタン樹脂塗料 エアーウレタン アンダーシルバー 315ml,2810.0,,2222,6,standard_1,Yahoo,はずれ,False,False,https://www.amazon.co.jp/dp/B00CWNX1JA,Yahoo最安 JAN=4957945980194,
1555,B01K4C5N0U,diy_tools,4957945979969,イサム塗料 アクリルウレタン樹脂塗料 エアーウレタン グリーン 315ml,2810.0,,3046,6,standard_1,Yahoo,はずれ,False,False,https://www.amazon.co.jp/dp/B01K4C5N0U,Yahoo最安 JAN=4957945979969,
1556,B0GKNXQBFS,diy_tools,4971715127084,グリーンライフ(GREEN LIFE) ホースリール 自動巻き ジーオート G-Auto PRGA-20SE(SGY),9940.0,,3050,2,large_2,Yahoo,はずれ,False,False,https://www.amazon.co.jp/dp/B0GKNXQBFS,Yahoo最安 JAN=4971715127084,
1557,B0087NAYE4,diy_tools,4976124533068,ニッペ ペンキ 塗料 水性ウッディガード 3.2L シルバーグレー 水性 屋外 ステイン 日本製 49761245330,5300.0,,2609,8,large_1,Yahoo,はずれ,False,False,https://www.amazon.co.jp/dp/B0087NAYE4,Yahoo最安 JAN=4976124533068,
1558,B0087NAVI8,diy_tools,4976124532450,ニッペ(Nippe) ペンキ 塗料 水性ウッディガード 1.6L マホガニ 水性 屋外 ステイン 日本製 4976124,3470.0,,2609,6,standard_2,Yahoo,はずれ,False,False,https://www.amazon.co.jp/dp/B0087NAVI8,Yahoo最安 JAN=4976124532450,
1559,B0087NATVC,diy_tools,4976124532849,ニッペ(Nippe) ペンキ 塗料 水性ウッディガード 0.7L チーク 水性 屋外 ステイン 日本製 49761245,2154.0,,2609,10,standard_1,楽天,はずれ,False,False,https://www.amazon.co.jp/dp/B0087NATVC,楽天最安 JAN=4976124532849,
1560,B0087NAWIW,diy_tools,4976124533150,ニッペ ペンキ 塗料 水性ウッディガード 1.6L チャコールブラック 水性 屋外 ステイン 日本製 497612453,3223.0,,2609,10,standard_2,Yahoo,はずれ,False,False,https://www.amazon.co.jp/dp/B0087NAWIW,Yahoo最安 JAN=4976124533150,
1561,B0087NAVCE,diy_tools,4976124532351,ニッペ ペンキ 塗料 水性ウッディガード 1.6L けやき 水性 屋外 ステイン 日本製 4976124532351,3423.0,,2609,10,standard_2,Yahoo,はずれ,False,False,https://www.amazon.co.jp/dp/B0087NAVCE,Yahoo最安 JAN=4976124532351,
1562,B0087NAWDC,diy_tools,4976124533051,ニッペ(Nippe) ペンキ 塗料 水性ウッディガード 1.6L シルバーグレー 水性 屋外 ステイン 日本製 4976,3470.0,,2609,9,standard_2,Yahoo,はずれ,False,False,https://www.amazon.co.jp/dp/B0087NAWDC,Yahoo最安 JAN=4976124533051,
1563,B0087NAWN2,diy_tools,4976124533259,ニッペ(Nippe) ペンキ 塗料 水性ウッディガード 1.6L セージグリーン 水性 屋外 ステイン 日本製 4976,3423.0,,2609,9,standard_2,楽天,はずれ,False,False,https://www.amazon.co.jp/dp/B0087NAWN2,楽天最安 JAN=4976124533259,
1564,B0087NAVWY,diy_tools,4976124532757,ニッペ(Nippe) ペンキ 塗料 水性ウッディガード 1.6L ブラウンオーク 水性 屋外 ステイン 日本製 4976,3470.0,,2609,9,standard_2,Yahoo,はずれ,False,False,https://www.amazon.co.jp/dp/B0087NAVWY,Yahoo最安 JAN=4976124532757,
1565,B0087NAW2I,diy_tools,4976124532856,ニッペ(Nippe) ペンキ 塗料 水性ウッディガード 1.6L チーク 水性 屋外 ステイン 日本製 49761245,3470.0,,2609,9,standard_2,楽天,はずれ,False,False,https://www.amazon.co.jp/dp/B0087NAW2I,楽天最安 JAN=4976124532856,
1566,B0087NAVS8,diy_tools,4976124532658,ニッペ ペンキ 塗料 水性ウッディガード 1.6L オーク 水性 屋外 ステイン 日本製 4976124532658,3423.0,,2609,6,standard_2,Yahoo,はずれ,False,False,https://www.amazon.co.jp/dp/B0087NAVS8,Yahoo最安 JAN=4976124532658,
1567,B0087NAURK,diy_tools,4976124533242,ニッペ(Nippe) ペンキ 塗料 水性ウッディガード 0.7L セージグリーン 水性 屋外 ステイン 日本製 4976,2178.0,,2609,10,standard_1,Yahoo,はずれ,False,False,https://www.amazon.co.jp/dp/B0087NAURK,Yahoo最安 JAN=4976124533242,
1568,B0087NAXRM,diy_tools,4976124532665,ニッペ 水性ウッディガード3．2L オーク,5300.0,,3055,10,large_1,楽天,はずれ,False,False,https://www.amazon.co.jp/dp/B0087NAXRM,楽天最安 JAN=4976124532665,
1569,B0H8CJH4TD,diy_tools,,2026 新登場 猫よけ 対策 超音波 ねこよけ 野良猫 効果大 屋外 動物撃退器 5 撃退モードType-C充電 ＆ソ,2998.0,,3787,2,standard_1,,,False,False,https://www.amazon.co.jp/dp/B0H8CJH4TD,,
1570,B092LZ81LT,diy_tools,4973987800795,SANEI(サンエイ) 水栓シャワー器 洗いやすいシャワー吐水 節水効果約60% M22×1.25ネジ PM284 シル,1495.0,,3062,10,small,Yahoo,はずれ,False,False,https://www.amazon.co.jp/dp/B092LZ81LT,Yahoo最安 JAN=4973987800795,
1571,B0040IS5N2,diy_tools,4945296010882,アステージ シェルフ パワー 350G2 ブラック AST-882,1302.0,,3068,9,standard_1,楽天,はずれ,False,False,https://www.amazon.co.jp/dp/B0040IS5N2,楽天最安 JAN=4945296010882,
1572,B0058N0RCK,diy_tools,4945296010912,JEJアステージ オールインパワー 350 ブラック 防災 幅34.2×奥行20.3×高さ15.5cm 文具 ホビー 多,2038.0,,3068,7,standard_1,Yahoo,はずれ,False,False,https://www.amazon.co.jp/dp/B0058N0RCK,Yahoo最安 JAN=4945296010912,
1573,B0040ITX42,diy_tools,4945296010899,アステージ シェルフ パワー 400G2 ブラック AST-899,1791.0,,3068,3,standard_2,Yahoo,はずれ,False,False,https://www.amazon.co.jp/dp/B0040ITX42,Yahoo最安 JAN=4945296010899,
1574,B0GDGBJ6K8,diy_tools,,電動ドライバー 強力 電動 7.1N.m 手動 20N.m 22段階トルク調整機能付き 4000mAh 大容量バッテリー,3999.0,,4879,3,standard_1,,,False,False,https://www.amazon.co.jp/dp/B0GDGBJ6K8,,
1575,B0H4V4RCKJ,diy_tools,4977292605472,セフティー3(Safety-3) 着け心地にこだわった手袋 ブラウン ロング S BRL-S,1093.0,,3076,2,small,楽天,はずれ,False,False,https://www.amazon.co.jp/dp/B0H4V4RCKJ,楽天最安 JAN=4977292605472,
1576,B017XEN1IS,diy_tools,4560261140748,MYST(マイスト) ガレージミラー 角柱・コンクリート用取付金具 (5129),1408.0,,3082,5,small,Yahoo,はずれ,False,False,https://www.amazon.co.jp/dp/B017XEN1IS,Yahoo最安 JAN=4560261140748,
1577,B07G5GYWLP,diy_tools,4951167640058,キンボシ(Kinboshi) 芝生手入用具 金星 穴あけ ローンパンチX 4005,2655.0,,3083,7,standard_2,Yahoo,はずれ,False,False,https://www.amazon.co.jp/dp/B07G5GYWLP,Yahoo最安 JAN=4951167640058,
1578,B07ZTMCFZ9,diy_tools,4945680715782,リッチェル プラ鉢 フォーレスクエアポット 10号 ダークブラウン ダークブラウン,1760.0,,3219,7,standard_1,Yahoo,はずれ,False,False,https://www.amazon.co.jp/dp/B07ZTMCFZ9,Yahoo最安 JAN=4945680715782,
1579,B07ZTLV8R2,diy_tools,4945680715799,リッチェル プラ鉢 フォーレスクエアポット １０号 ホワイト ホワイト,1760.0,,3219,7,standard_1,Yahoo,はずれ,False,False,https://www.amazon.co.jp/dp/B07ZTLV8R2,Yahoo最安 JAN=4945680715799,
1580,B07ZTLPGN1,diy_tools,4945680715768,リッチェル プラ鉢 フォーレスクエアポット 8号 ダークブラウン ダークブラウン,1500.0,,3089,9,standard_1,Yahoo,はずれ,False,False,https://www.amazon.co.jp/dp/B07ZTLPGN1,Yahoo最安 JAN=4945680715768,
1581,B08DNV6N2H,diy_tools,4953488422184,トネ(TONE) ソケット(12角・めがねレンチ用) RGD-08 二面幅08mm,1026.0,,5003,2,small,Yahoo,はずれ,False,False,https://www.amazon.co.jp/dp/B08DNV6N2H,Yahoo最安 JAN=4953488422184,
1582,B0GTNNDXGV,diy_tools,4942040915790,非常食セット 最長7年 保存食 ごはん パン 最大２８食 ６日分 家族 自治会 自治体 組合 企業 大口注文 まとめ買い,9405.0,,2072,2,large_1,楽天,はずれ,False,False,https://www.amazon.co.jp/dp/B0GTNNDXGV,楽天最安 JAN=4942040915790,
1583,B08DNTKRK2,diy_tools,4953488422252,トネ(TONE) ソケット(12角・めがねレンチ用) RGD-16 二面幅16mm,1249.0,,3092,7,small,Yahoo,はずれ,False,False,https://www.amazon.co.jp/dp/B08DNTKRK2,Yahoo最安 JAN=4953488422252,
1584,B08DNTXNVR,diy_tools,4953488422313,トネ(TONE) ソケット(12角・めがねレンチ用) RGD-24 二面幅24mm,1073.0,,3092,8,small,Yahoo,はずれ,False,False,https://www.amazon.co.jp/dp/B08DNTXNVR,Yahoo最安 JAN=4953488422313,
1585,B09Z1Q7VFL,diy_tools,4983771206733,[山善] チップソー デカチップ 雑草 荒地 耐久性 作業効率UP 衝撃に強い 取付穴径25.4㎜ 刃数36 外径255,1680.0,,3668,2,standard_1,Yahoo,はずれ,False,False,https://www.amazon.co.jp/dp/B09Z1Q7VFL,Yahoo最安 JAN=4983771206733,
1586,B0CZDDHL7B,diy_tools,4550533100242,山善(YAMAZEN) チップソー 巻付き防止カッター 取付穴径25.4㎜ 刃数40 外径255㎜ 排気量25㏄以上 草,1580.0,,3668,2,standard_1,Yahoo,はずれ,False,False,https://www.amazon.co.jp/dp/B0CZDDHL7B,Yahoo最安 JAN=4550533100242,
1587,B0CZDJFG92,diy_tools,4550533100228,山善(YAMAZEN) チップソー 耐久タイプ L型埋込タイプ 取付穴径25.4㎜ 刃数40 外径255㎜ 排気量25㏄,1780.0,,3668,2,standard_1,Yahoo,はずれ,False,False,https://www.amazon.co.jp/dp/B0CZDJFG92,Yahoo最安 JAN=4550533100228,
1588,B09Z28NYGT,diy_tools,4983771206696,山善(YAMAZEN) チップソー 山林 竹 笹 取付穴径25.4㎜ 刃数60 外径255㎜ 排気量25㏄以上 チドリ刃,1680.0,,3095,3,standard_1,Yahoo,はずれ,False,False,https://www.amazon.co.jp/dp/B09Z28NYGT,Yahoo最安 JAN=4983771206696,
1589,B0CZD8634R,diy_tools,4550533096545,山善(YAMAZEN) チップソー 接地刈り 取付穴径25.4㎜ 刃数40 外径255㎜ 排気量25㏄以上 草刈り 芝刈,1980.0,,3095,2,standard_1,Yahoo,はずれ,False,False,https://www.amazon.co.jp/dp/B0CZD8634R,Yahoo最安 JAN=4550533096545,
1590,B09Z2DFBSF,diy_tools,4983771206795,山善(YAMAZEN) チップソー 軽量 雑木 雑草 荒地 取付穴径25.4㎜ 刃数40 外径255㎜ 排気量25㏄以上,1180.0,,3095,2,standard_1,楽天,はずれ,False,False,https://www.amazon.co.jp/dp/B09Z2DFBSF,楽天最安 JAN=4983771206795,
1591,B07434QKX8,diy_tools,4977292999403,イーバリュー(E-Value) ノンスリップ養生クッションマット 約90×90cm 運送時の荷物保護や作業時の滑り止め ,1416.0,,3178,9,standard_1,楽天,はずれ,False,False,https://www.amazon.co.jp/dp/B07434QKX8,楽天最安 JAN=4977292999403,
1592,B0GFD3ZFYD,diy_tools,0820909631347,WORKPRO 4.7インチロングノーズスリップジョイントプライヤー、高靭性合金スチール調節可能なプライヤー、2ポジショ,6270.0,,3096,2,small,,,False,False,https://www.amazon.co.jp/dp/B0GFD3ZFYD,,
1593,B09PBBMF4S,diy_tools,4905533000731,ハンディ・クラウン SPローラーバケットネット付 R-200 10個セット 黒,4635.0,,3097,3,large_1,Yahoo,はずれ,False,False,https://www.amazon.co.jp/dp/B09PBBMF4S,Yahoo最安 JAN=4905533000731,
1594,B07435P7K7,diy_tools,4977292999427,イーバリュー(E-Value) ノンスリップ養生クッションマット 約120×180cm キズ防止 SCMNS-1218B,4180.0,,3098,10,large_1,Yahoo,はずれ,False,False,https://www.amazon.co.jp/dp/B07435P7K7,Yahoo最安 JAN=4977292999427,
1595,B07GSLWWS2,diy_tools,4977292999397,イーバリュー(E-Value) ハンドルタイプ養生マット 荷物の移動の際に 約90×120cm SCM-912H,1637.0,,3178,10,standard_1,楽天,はずれ,False,False,https://www.amazon.co.jp/dp/B07GSLWWS2,楽天最安 JAN=4977292999397,
1596,B07GSKYJ9G,diy_tools,4977292999380,イーバリュー(E-Value) フリースタイプ養生マット 荷物の運搬・養生・催事ごとに 約90×180cm SCM-91,3575.0,,3178,8,standard_2,Yahoo,はずれ,False,False,https://www.amazon.co.jp/dp/B07GSKYJ9G,Yahoo最安 JAN=4977292999380,
1597,B0BQY3JQ2D,diy_tools,4903471102371,レインボー薬品 ネコソギクイックプロFL 500ML,1902.0,,3099,4,standard_1,Yahoo,はずれ,False,False,https://www.amazon.co.jp/dp/B0BQY3JQ2D,Yahoo最安 JAN=4903471102371,
1598,B01M2XBDIX,diy_tools,4903471100711,レインボー薬品 除草剤 ネコソギWクイック微粒剤 600g,1180.0,,3099,9,standard_1,楽天,はずれ,False,False,https://www.amazon.co.jp/dp/B01M2XBDIX,楽天最安 JAN=4903471100711,
1599,B0F6V3G3ML,diy_tools,,PATIKIL 10個入り 六角穴付きボルト ネジ M6 x 70 mm 12.9級炭素鋼 ボルトコンバイン 家庭用ハー,1084.0,,4368,2,small,,,False,False,https://www.amazon.co.jp/dp/B0F6V3G3ML,,
1600,B0F6TYDHPG,diy_tools,,PATIKIL 25個入り 六角穴付きボルト ネジ M8 x 40 mm 12.9級炭素鋼 ボルトコンバイン 家庭用ハー,1580.0,,4368,2,standard_1,,,False,False,https://www.amazon.co.jp/dp/B0F6TYDHPG,,
1601,B002A5M7EU,diy_tools,4989999078220,TRUSCO(トラスコ) トラス頭小ねじ三価 白 全ネジ M6×50 16本入 B704-0650,1225.0,,3110,7,small,Yahoo,はずれ,False,False,https://www.amazon.co.jp/dp/B002A5M7EU,Yahoo最安 JAN=4989999078220,
1602,B002A5RCGI,diy_tools,4989999078008,TRUSCO(トラスコ) トラス頭小ねじ三価 白 全ネジ M5×8 70本入 B704-0508,1225.0,,3110,5,small,楽天,はずれ,False,False,https://www.amazon.co.jp/dp/B002A5RCGI,楽天最安 JAN=4989999078008,
1603,B002A5M6UK,diy_tools,4989999078114,TRUSCO(トラスコ) トラス頭小ねじ三価 白 全ネジ M5×50 19本入 B704-0550,1225.0,,3110,5,small,楽天,はずれ,False,False,https://www.amazon.co.jp/dp/B002A5M6UK,楽天最安 JAN=4989999078114,
1604,B002A5TFH2,diy_tools,4989999078206,TRUSCO(トラスコ) トラス頭小ねじ三価 白 全ネジ M6×40 19本入 B704-0640,1000.0,,3110,6,small,楽天,はずれ,False,False,https://www.amazon.co.jp/dp/B002A5TFH2,楽天最安 JAN=4989999078206,
1605,B002A5TEN2,diy_tools,4989999078077,TRUSCO(トラスコ) トラス頭小ねじ三価 白 全ネジ M5×30 35本入 B704-0530,1225.0,,3110,4,small,楽天,はずれ,False,False,https://www.amazon.co.jp/dp/B002A5TEN2,楽天最安 JAN=4989999078077,
1606,B002A5TDSI,diy_tools,4989999077940,TRUSCO(トラスコ) トラス頭小ねじ三価 白 全ネジ M4×30 49本入 B704-0430,1225.0,,3110,7,small,楽天,はずれ,False,False,https://www.amazon.co.jp/dp/B002A5TDSI,楽天最安 JAN=4989999077940,
1607,B002A5TF90,diy_tools,4989999078152,トラスコ中山(TRUSCO) トラス頭小ねじ三価 白 全ネジ M6×16 36本入 B704-0616,1225.0,,3110,6,small,楽天,はずれ,False,False,https://www.amazon.co.jp/dp/B002A5TF90,楽天最安 JAN=4989999078152,
1608,B002A5TEIW,diy_tools,4989999078053,TRUSCO(トラスコ) トラス頭小ねじ三価 白 全ネジ M5×20 48本入 B704-0520,1225.0,,3110,6,small,楽天,はずれ,False,False,https://www.amazon.co.jp/dp/B002A5TEIW,楽天最安 JAN=4989999078053,
1609,B002A5KBC0,diy_tools,4989999078138,TRUSCO(トラスコ) トラス頭小ねじ三価 白 全ネジ M6×12 41本入 B704-0612,1000.0,,3110,5,small,楽天,はずれ,False,False,https://www.amazon.co.jp/dp/B002A5KBC0,楽天最安 JAN=4989999078138,
1610,B002A5M54C,diy_tools,4989999077797,TRUSCO(トラスコ) トラス頭小ねじ三価 白 全ネジ M3×12 146本入 B704-0312,1000.0,,3110,5,small,楽天,はずれ,False,False,https://www.amazon.co.jp/dp/B002A5M54C,楽天最安 JAN=4989999077797,
1611,B002A5TF4U,diy_tools,4989999078121,TRUSCO(トラスコ) トラス頭小ねじ三価 白 全ネジ M6×10 45本入 B704-0610,1000.0,,3110,7,small,楽天,はずれ,False,False,https://www.amazon.co.jp/dp/B002A5TF4U,楽天最安 JAN=4989999078121,
1612,B002A5NMJO,diy_tools,4989999078046,TRUSCO(トラスコ) トラス頭小ねじ三価 白 全ネジ M5×16 53本入 B704-0516,1225.0,,3110,6,small,楽天,はずれ,False,False,https://www.amazon.co.jp/dp/B002A5NMJO,楽天最安 JAN=4989999078046,
1613,B002A5PH4M,diy_tools,4989999078060,TRUSCO(トラスコ) トラス頭小ねじ三価 白 全ネジ M5×25 43本入 B704-0525,1225.0,,3110,5,small,楽天,はずれ,False,False,https://www.amazon.co.jp/dp/B002A5PH4M,楽天最安 JAN=4989999078060,
1614,B002A5M6E6,diy_tools,4989999078039,TRUSCO(トラスコ) トラス頭小ねじ三価 白 全ネジ M5×15 55本入 B704-0515,1000.0,,3110,6,small,楽天,はずれ,False,False,https://www.amazon.co.jp/dp/B002A5M6E6,楽天最安 JAN=4989999078039,
1615,B002A5RHNQ,diy_tools,4989999054675,TRUSCO(トラスコ) トラス頭小ネジ ユニクロ 全ネジ M5×8 125本入 B04-0508,1439.0,,3110,6,standard_1,楽天,はずれ,False,False,https://www.amazon.co.jp/dp/B002A5RHNQ,楽天最安 JAN=4989999054675,
1616,B002A5TEPK,diy_tools,4989999078084,TRUSCO(トラスコ) トラス頭小ねじ三価 白 全ネジ M5×35 22本入 B704-0535,1000.0,,3110,4,small,楽天,はずれ,False,False,https://www.amazon.co.jp/dp/B002A5TEPK,楽天最安 JAN=4989999078084,
1617,B002A5M7D6,diy_tools,4989999078213,TRUSCO(トラスコ) トラス頭小ねじ三価 白 全ネジ M6×45 17本入 B704-0645,1225.0,,3110,7,small,楽天,はずれ,False,False,https://www.amazon.co.jp/dp/B002A5M7D6,楽天最安 JAN=4989999078213,
1618,B002A5KBFM,diy_tools,4989999078169,TRUSCO(トラスコ) トラス頭小ねじ三価 白 全ネジ M6×20 32本入 B704-0620,1225.0,,3110,6,small,楽天,はずれ,False,False,https://www.amazon.co.jp/dp/B002A5KBFM,楽天最安 JAN=4989999078169,
1619,B002A5NLVS,diy_tools,4989999077933,TRUSCO(トラスコ) トラス頭小ねじ三価 白 全ネジ M4×25 58本入 B704-0425,1225.0,,3110,6,small,楽天,はずれ,False,False,https://www.amazon.co.jp/dp/B002A5NLVS,楽天最安 JAN=4989999077933,
1620,B007UYT0YG,diy_tools,4975292602576,KINCHO園芸 殺虫殺菌剤 GFモストップジンRスプレー 900ml 薔薇 観葉 病気 ハダニ,1153.0,,3113,4,standard_1,Yahoo,はずれ,False,False,https://www.amazon.co.jp/dp/B007UYT0YG,Yahoo最安 JAN=4975292602576,
1621,B0C9SSK58L,diy_tools,4907052115033,高儀 シャークソー 折込鋸 125mm 替刃式 コンパクト 断熱材・段ボール用 のこぎり ノコギリ 折込のこぎ 日本製 ,1422.0,,3227,6,small,Yahoo,はずれ,False,False,https://www.amazon.co.jp/dp/B0C9SSK58L,Yahoo最安 JAN=4907052115033,
1622,B0CBLL76XJ,diy_tools,4907052114951,高儀 シャークソー 折込鋸 125mm 替刃式 コンパクト 仮枠用 解体・剪定向き のこぎり ノコギリ 折込のこぎり 日,1104.0,,3227,8,small,Yahoo,はずれ,False,False,https://www.amazon.co.jp/dp/B0CBLL76XJ,Yahoo最安 JAN=4907052114951,
1623,B0CBLLTPTW,diy_tools,4907052114975,高儀 シャークソー 折込鋸 125mm 替刃式 コンパクト 造作用 木工向き のこぎり ノコギリ 折込のこぎり 日本製 ,1104.0,,3227,8,small,Yahoo,はずれ,False,False,https://www.amazon.co.jp/dp/B0CBLLTPTW,Yahoo最安 JAN=4907052114975,
1624,B00G64L8E6,diy_tools,4973987003028,SANEI(サンエイ) 水栓補修部品 自在パイプ 直径16ｍｍ 長さ300ｍｍ BA10J-61X3-16,1538.0,,2416,5,standard_1,Yahoo,はずれ,False,False,https://www.amazon.co.jp/dp/B00G64L8E6,Yahoo最安 JAN=4973987003028,
1625,B00G64L3QO,diy_tools,4973987003011,SANEI 自在パイプ パイプ長さ240mm パイプ直径16㎜ BA10J-61X2-16,1132.0,,2416,4,standard_1,楽天,はずれ,False,False,https://www.amazon.co.jp/dp/B00G64L3QO,楽天最安 JAN=4973987003011,
1626,B00G8PR66W,diy_tools,4907052121508,高儀 M&M 木工用 のみ 3本組 レギュラー,1901.0,,4607,10,standard_1,楽天,はずれ,False,False,https://www.amazon.co.jp/dp/B00G8PR66W,楽天最安 JAN=4907052121508,
1627,B0GTM4KZ6D,diy_tools,4942040915806,非常食セット 7年保存 ごはん 5年保存 パン 最大24食 家族 自治会 自治体 組合 企業 大口注文 まとめ買い 1週,7970.0,,3130,2,large_1,楽天,はずれ,False,False,https://www.amazon.co.jp/dp/B0GTM4KZ6D,楽天最安 JAN=4942040915806,
1628,B00G8PR5GI,diy_tools,4907052121515,高儀(Takagi) M&M 木工用 のみ ショート 3本組【木工工作、蝶番取り付け、敷居の溝修正などに】【ハンマーで叩,1332.0,,4607,9,standard_1,Yahoo,はずれ,False,False,https://www.amazon.co.jp/dp/B00G8PR5GI,Yahoo最安 JAN=4907052121515,
1629,B09Z1T5BV7,diy_tools,4983771206740,山善(YAMAZEN) チップソー 山林 荒地 石に強い JIS規格 取付穴径25.4㎜ 刃数36 外径230㎜ 排気量,1980.0,,2939,3,standard_1,楽天,はずれ,False,False,https://www.amazon.co.jp/dp/B09Z1T5BV7,楽天最安 JAN=4983771206740,
1630,B017TPAFLW,diy_tools,4549747991289,LIXIL(リクシル) INAX スライドフック ホワイト CKNB(5)-SF/W-K 径30ｍｍスライドバー用,5256.0,,3137,6,small,Yahoo,はずれ,False,False,https://www.amazon.co.jp/dp/B017TPAFLW,Yahoo最安 JAN=4549747991289,
1631,B00T92AOH4,diy_tools,4989236351611,LIXIL(リクシル) INAX フック部 A-3682 径24ｍｍスライドバー用,3614.0,,3137,6,small,楽天,はずれ,False,False,https://www.amazon.co.jp/dp/B00T92AOH4,楽天最安 JAN=4989236351611,
1632,B01J1JIXWM,diy_tools,4549747990282,LIXIL(リクシル) INAX スライドバー用シャワーフック部 メッキ A-3682/NC 径24ｍｍスライドバー用,5980.0,,2993,9,small,Yahoo,あやしい,False,False,https://www.amazon.co.jp/dp/B01J1JIXWM,Yahoo最安 JAN=4549747990282,
1633,B06Y52TQ94,diy_tools,4549747991296,LIXIL(リクシル) INAX スライドフック メッキ仕上げ CKNB(5)-SF/CH 径30ｍｍスライドバー用,6200.0,,3137,8,small,Yahoo,はずれ,False,False,https://www.amazon.co.jp/dp/B06Y52TQ94,Yahoo最安 JAN=4549747991296,
1634,B0CP4ZR5FF,diy_tools,4977292614221,セフティー3(Safety-3) 刈払作業用 草刈刃用ヤスリ 7mm,1080.0,,3018,5,standard_1,Yahoo,はずれ,False,False,https://www.amazon.co.jp/dp/B0CP4ZR5FF,Yahoo最安 JAN=4977292614221,
1635,B0F939MSQL,diy_tools,4975205510561,太洋電機産業(goot) 替ヒーターPX-28H 適用機種PX280/280E480/480E はんだこて用,1815.0,,3157,2,small,Yahoo,はずれ,False,False,https://www.amazon.co.jp/dp/B0F939MSQL,Yahoo最安 JAN=4975205510561,
1636,B0CP4ZHMLJ,diy_tools,4977292614238,セフティー3(Safety-3) 刈払作業用 草刈刃用ヤスリ 8mm,1190.0,,3145,5,standard_1,Yahoo,はずれ,False,False,https://www.amazon.co.jp/dp/B0CP4ZHMLJ,Yahoo最安 JAN=4977292614238,
1637,B00CBP8CMK,diy_tools,4907052761278,高儀(Takagi) 斬丸 草刈用 ナイロンコードカッター 差込式 フリー安定板付 S-E,1168.0,,3638,6,small,楽天,はずれ,False,False,https://www.amazon.co.jp/dp/B00CBP8CMK,楽天最安 JAN=4907052761278,
1638,B09T62JBTK,diy_tools,4907052763401,髙儀(Takagi) EARTH MAN 斬丸 差し込み式ナイロンカッター ホバリングカッター ゴールド S-G,1637.0,,3638,8,standard_1,Yahoo,はずれ,False,False,https://www.amazon.co.jp/dp/B09T62JBTK,Yahoo最安 JAN=4907052763401,
1639,B0CW1GN8WQ,diy_tools,4975205031776,太洋電機産業(goot) 高蓄熱デジタル温調はんだこて アースピンプラグ付き 【200℃~500℃まで1℃単位の温度設定,7900.0,,3146,9,standard_1,楽天,はずれ,False,False,https://www.amazon.co.jp/dp/B0CW1GN8WQ,楽天最安 JAN=4975205031776,
1640,B086YCK5SK,diy_tools,4907052763852,髙儀(Takagi) EARTH MAN 斬丸 ナイロンカッター スーパーコンビ S-F,1171.0,,3148,5,small,楽天,はずれ,False,False,https://www.amazon.co.jp/dp/B086YCK5SK,楽天最安 JAN=4907052763852,
1641,B006K0CJDA,diy_tools,4907052761780,高儀(Takagi) EARTH MAN 斬丸 草刈用 ナイロンコードカッター コード差し込み式 S-A(No.3M),1078.0,,3148,10,small,楽天,はずれ,False,False,https://www.amazon.co.jp/dp/B006K0CJDA,楽天最安 JAN=4907052761780,
1642,B0H5BM7RG1,diy_tools,4989833031046,エンジニア ネジパッチン 小ネジ切断工具 対応ネジサイズ：M2.6、M3、M4 NZ-21,2999.0,,3149,2,small,Yahoo,はずれ,False,False,https://www.amazon.co.jp/dp/B0H5BM7RG1,Yahoo最安 JAN=4989833031046,
1643,B0H2V65CNR,diy_tools,,KienKan 草取り道具 6本爪 ステンレス製 長柄50cm 根こそぎ除草器 園芸用品 組み立て式で軽量頑丈 家庭菜園,1890.0,,3152,2,standard_1,,,False,False,https://www.amazon.co.jp/dp/B0H2V65CNR,,
1644,B0DNLW9C5T,diy_tools,4907052766211,高儀 草刈用 ナイロンコード 丸型ストレート 直径2.4mm×100m EARTH MAN 青 草刈機 刈払機 ナイロン,1887.0,,3167,4,standard_1,Yahoo,はずれ,False,False,https://www.amazon.co.jp/dp/B0DNLW9C5T,Yahoo最安 JAN=4907052766211,
1645,B0DNLSWX4N,diy_tools,4907052766174,高儀 草刈用 ナイロンコード 四角型ストレート 対辺2.2mm×50m EARTH MAN 白 草刈機 刈払機 ナイロン,1009.0,,3167,5,standard_1,Yahoo,はずれ,False,False,https://www.amazon.co.jp/dp/B0DNLSWX4N,Yahoo最安 JAN=4907052766174,
1646,B0G6Z2H5DC,diy_tools,4903208102872,山崎実業(Yamazaki) 角度が調節できる マグネット シャワーホルダー ブラック W5.5×D5.7×H16cm ,1760.0,,3171,7,small,Yahoo,はずれ,False,False,https://www.amazon.co.jp/dp/B0G6Z2H5DC,Yahoo最安 JAN=4903208102872,
1647,B0BWMHNT9X,diy_tools,4530217109815,ヤマホ工業 バスタノズルLV35カバー 動力用,2731.0,,3371,7,standard_1,楽天,はずれ,False,False,https://www.amazon.co.jp/dp/B0BWMHNT9X,楽天最安 JAN=4530217109815,
1648,B0CQKTD452,diy_tools,4936997300082,soware 植物活力剤 鉄がないと! 500ml 鉄分で植物を元気に育てる 発芽や発根力の向上効果,1200.0,,3173,9,standard_1,楽天,はずれ,False,False,https://www.amazon.co.jp/dp/B0CQKTD452,楽天最安 JAN=4936997300082,
1649,B0BWMHJ47X,diy_tools,4530217109808,ヤマホ工業 バスタノズルLV35カバー 人力・バッテリー用,2353.0,,3371,7,standard_1,Yahoo,はずれ,False,False,https://www.amazon.co.jp/dp/B0BWMHJ47X,Yahoo最安 JAN=4530217109808,
1650,B08VND64K1,diy_tools,4560179437312,山善(YAMAZEN) ナイロンコード 刈払機用 差込み式 (太さ3.0mm/コード30m) 4Gブレード 4面ギザ刃 ,2237.0,,2546,3,standard_1,Yahoo,はずれ,False,False,https://www.amazon.co.jp/dp/B08VND64K1,Yahoo最安 JAN=4560179437312,
1651,B0BZYR7F3F,diy_tools,4983771271328,山善(YAMAZEN) ナイロンコード 刈払機用 差込み式 (太さ3.0mm/コード80m) 4Gブレード 4面ギザ刃 ,5554.0,,3177,2,standard_1,Yahoo,はずれ,False,False,https://www.amazon.co.jp/dp/B0BZYR7F3F,Yahoo最安 JAN=4983771271328,
1652,B07B8FSMBL,diy_tools,4977292999557,イーバリュー(E-Value) 養生クッションマット 約90×120cm マルチマット 運搬時の荷物保護に SCM-91,1121.0,,3178,9,standard_1,Yahoo,はずれ,False,False,https://www.amazon.co.jp/dp/B07B8FSMBL,Yahoo最安 JAN=4977292999557,
1653,B0016V8L1W,diy_tools,4936078905212,OREGON(オレゴン) ソーチェーン 90PX052EC 14インチ(35cm) 適用チェンソーブランド:マキタ、リョ,3030.0,,2667,10,small,Yahoo,はずれ,False,False,https://www.amazon.co.jp/dp/B0016V8L1W,Yahoo最安 JAN=4936078905212,
1654,B00LBME8TK,diy_tools,4936078915082,OREGON(オレゴン) ソーチェーン 91PX050EC 14インチ(35cm) 適用チェンソーブランド:スチール,3100.0,,3181,5,small,Yahoo,あやしい,False,False,https://www.amazon.co.jp/dp/B00LBME8TK,Yahoo最安 JAN=4936078915082,
1655,B07RZCYDTD,diy_tools,3167868054730,ペベオ (Pebeo) 布用水性アクリルスプレーペイント セタスプレー 100ml 蛍光ピンク473,1045.0,,3183,2,small,Yahoo,はずれ,False,False,https://www.amazon.co.jp/dp/B07RZCYDTD,Yahoo最安 JAN=3167868054730,
1656,B07CPPHBNC,diy_tools,4948292000918,関西洋鋸 ソーマスター 刈払機用丸鋸 スチール刃 3枚刃 山林用 305mm,1767.0,,3184,7,standard_1,楽天,はずれ,False,False,https://www.amazon.co.jp/dp/B07CPPHBNC,楽天最安 JAN=4948292000918,
1657,B087DVBHY2,diy_tools,,タカラスタンダード レール引手用タオルハンガー TKタオルリングKIC 41893717 シルバー 金属,2119.0,,3185,4,small,,,False,False,https://www.amazon.co.jp/dp/B087DVBHY2,,
1658,B0C8H22BDC,diy_tools,4962485371111,アネックス(ANEX) 絶縁ドライバー 電気メーター用 特殊ネジ用 AEM-1,2528.0,,3186,9,small,Yahoo,はずれ,False,False,https://www.amazon.co.jp/dp/B0C8H22BDC,Yahoo最安 JAN=4962485371111,
1659,B0DZCPWL8J,diy_tools,4975149590001,タカショー フェンス目隠し メッシュフェンス 目かくしシェード 4×0.7m モカ 屋外 プライバシー対策 ポリエチレン,2744.0,,3189,2,standard_1,楽天,はずれ,False,False,https://www.amazon.co.jp/dp/B0DZCPWL8J,楽天最安 JAN=4975149590001,
1660,B07S5L2DMZ,diy_tools,4969402419222,角利(KAKURI) 追入のみ 3本組 面取 白樫柄 全長215mm 刃先9/15/24mm 鑿 ノミ DIY 日曜大工,4164.0,,3191,8,standard_1,Yahoo,はずれ,False,False,https://www.amazon.co.jp/dp/B07S5L2DMZ,Yahoo最安 JAN=4969402419222,
1661,B0GTPWBLY8,diy_tools,4975149516575,タカショー 日よけ エコランドシェード ブラウン 45×120cm UVカット率約80% 遮光率約80% 小窓 勝手口 ,1100.0,,2707,2,standard_1,Yahoo,はずれ,False,False,https://www.amazon.co.jp/dp/B0GTPWBLY8,Yahoo最安 JAN=4975149516575,
1662,B0GTQ9QSSF,diy_tools,4975149516582,タカショー 日よけ エコランドシェード ブラウン 75×100cm UVカット率約80% 遮光率約80% 腰高窓 目隠し,1430.0,,2707,2,standard_1,楽天,はずれ,False,False,https://www.amazon.co.jp/dp/B0GTQ9QSSF,楽天最安 JAN=4975149516582,
1663,B09P4N38ZK,diy_tools,4580546403146,INULABO(イヌラボ) 洗える ペットシーツ 特大 おしっこマット 防水 床保護 ペットマット 丸ごと洗える 【わん,5832.0,,3122,2,large_1,,,False,False,https://www.amazon.co.jp/dp/B09P4N38ZK,,
1664,B09P4NM6RR,diy_tools,4580546403139,INULABO(イヌラボ) 洗える ペットシーツ 特大 おしっこマット 防水 床保護 ペットマット 丸ごと洗える 【わん,6380.0,,3122,2,standard_2,,,False,False,https://www.amazon.co.jp/dp/B09P4NM6RR,,
1665,B0DWFGX793,diy_tools,4560261151423,MYST(マイスト) フレキシブルアーム ガレージミラーアタッチメント 可動範囲～90度 (5142),1062.0,,3194,4,small,Yahoo,はずれ,False,False,https://www.amazon.co.jp/dp/B0DWFGX793,Yahoo最安 JAN=4560261151423,
1666,B0FLQ1BJFQ,diy_tools,,高耐久性 SK5鋼製 草刈り機替え刃 305mm 2枚刃 2個セット シュレッダーブレード 刈払機刃 替刃 替え刃 草刈,1699.0,,3197,2,standard_1,,,False,False,https://www.amazon.co.jp/dp/B0FLQ1BJFQ,,
1667,B0CKVGPXK6,diy_tools,0088381361484,マキタ DC18RF 急速充電器(USB端子付き) ナイロン収納袋＆メンテナンスブラシ付き,7463.0,,2985,10,standard_2,楽天,原石,True,True,https://www.amazon.co.jp/dp/B0CKVGPXK6,楽天最安 JAN=0088381361484,
1668,B0F7HT2WHW,diy_tools,4013288234292,"Wera(ヴェラ) 05051278001 | 1014 Kraftform Micro ビットホルダー, 4 x 80",1644.0,,3202,3,small,Yahoo,はずれ,False,False,https://www.amazon.co.jp/dp/B0F7HT2WHW,Yahoo最安 JAN=4013288234292,
1669,B07C4JQRYG,diy_tools,4573117420017,CO2モニター マーベル001 二酸化炭素濃度測定器・温湿度計付き 高精度 光学式NDIRデュアルビームセンサー換気対策,7007.0,,3204,6,standard_1,楽天,はずれ,False,False,https://www.amazon.co.jp/dp/B07C4JQRYG,楽天最安 JAN=4573117420017,
1670,B00D1OGARE,diy_tools,4972910393106,カンペハピオ ペンキ 塗料 油性 ニス 着色 高耐久 オイルステインA けやき 300ML 日本製 0034764348,1220.0,,3027,10,standard_1,楽天,はずれ,False,False,https://www.amazon.co.jp/dp/B00D1OGARE,楽天最安 JAN=4972910393106,
1671,B0H794NSN1,diy_tools,0712550356338,AoiPulse 高圧洗浄機 コードレス 充電式【2000mAh*2個バッテリー付き】 8MPa マキタ互換バッテリー ,6899.0,,3211,3,large_1,,,False,False,https://www.amazon.co.jp/dp/B0H794NSN1,,
1672,B002A5MFVA,diy_tools,4989999077377,TRUSCO(トラスコ) 皿頭小ネジ 三価 白 全ネジ M4×65 23本入 B702-0465,1225.0,,4957,7,small,楽天,はずれ,False,False,https://www.amazon.co.jp/dp/B002A5MFVA,楽天最安 JAN=4989999077377,
1673,B002A5PQ6G,diy_tools,4989999077360,TRUSCO(トラスコ) 皿頭小ネジ 三価 白 全ネジ M4×60 25本入 B702-0460,1225.0,,4957,7,small,楽天,はずれ,False,False,https://www.amazon.co.jp/dp/B002A5PQ6G,楽天最安 JAN=4989999077360,
1674,B002A5MHUE,diy_tools,4989999077698,TRUSCO(トラスコ) 皿頭小ネジ 三価 白 全ネジ M6×55 16本入 B702-0655,1225.0,,4957,6,small,Yahoo,はずれ,False,False,https://www.amazon.co.jp/dp/B002A5MHUE,Yahoo最安 JAN=4989999077698,
1675,B002A5TPKE,diy_tools,4989999077612,TRUSCO(トラスコ) 皿頭小ネジ 三価 白 全ネジ M6×16 46本入 B702-0616,1225.0,,4957,6,small,楽天,はずれ,False,False,https://www.amazon.co.jp/dp/B002A5TPKE,楽天最安 JAN=4989999077612,
1676,B002A5VGK6,diy_tools,4989999092516,TRUSCO(トラスコ) 皿頭小ネジ チタン 全ネジ M3×16 15本入 TB92-0316,1219.0,,4957,9,small,楽天,はずれ,False,False,https://www.amazon.co.jp/dp/B002A5VGK6,楽天最安 JAN=4989999092516,
1677,B002A5KJ68,diy_tools,4989999077155,TRUSCO(トラスコ) 皿頭小ネジ 三価 白 全ネジ M3×15 160本入 B702-0315,1000.0,,4957,6,small,楽天,はずれ,False,False,https://www.amazon.co.jp/dp/B002A5KJ68,楽天最安 JAN=4989999077155,
1678,B002A5PWCY,diy_tools,4989999092479,TRUSCO(トラスコ) 皿頭小ネジ チタン 全ネジ M3×10 19本入 TB92-0310,1267.0,,4957,7,small,Yahoo,はずれ,False,False,https://www.amazon.co.jp/dp/B002A5PWCY,Yahoo最安 JAN=4989999092479,
1679,B002A5O1HG,diy_tools,4989999092554,TRUSCO(トラスコ) 皿頭小ネジ チタン 全ネジ M4×10 14本入 TB92-0410,1650.0,,4957,6,small,楽天,あやしい,False,False,https://www.amazon.co.jp/dp/B002A5O1HG,楽天最安 JAN=4989999092554,
1680,B002A5TO9G,diy_tools,4989999077384,トラスコ中山(TRUSCO) 皿頭小ネジ 三価 白 全ネジ M4×70 21本入 B702-0470,1210.0,,4957,8,small,楽天,はずれ,False,False,https://www.amazon.co.jp/dp/B002A5TO9G,楽天最安 JAN=4989999077384,
1681,B002A5M1PA,diy_tools,4989999074697,TRUSCO(トラスコ) 皿頭小ネジ ユニクロ 全ネジ M5×20 120本入 B02-0520,1142.0,,4957,9,standard_1,楽天,はずれ,False,False,https://www.amazon.co.jp/dp/B002A5M1PA,楽天最安 JAN=4989999074697,
1682,B002A5TA7W,diy_tools,4989999074987,トラスコ中山(TRUSCO) 皿頭小ネジ ユニクロ 全ネジ M6×60 25本入 B02-0660,1436.0,,4957,5,standard_1,楽天,はずれ,False,False,https://www.amazon.co.jp/dp/B002A5TA7W,楽天最安 JAN=4989999074987,
1683,B002A5RMGS,diy_tools,4989999077629,TRUSCO(トラスコ) 皿頭小ネジ 三価 白 全ネジ M6×20 42本入 B702-0620,1225.0,,4957,6,small,楽天,はずれ,False,False,https://www.amazon.co.jp/dp/B002A5RMGS,楽天最安 JAN=4989999077629,
1684,B002A5PEHW,diy_tools,4989999074741,TRUSCO(トラスコ) 皿頭小ネジ ユニクロ 全ネジ M5×40 65本入 B02-0540,1353.0,,4957,7,standard_1,Yahoo,はずれ,False,False,https://www.amazon.co.jp/dp/B002A5PEHW,Yahoo最安 JAN=4989999074741,
1685,B002A5MFDS,diy_tools,4989999077285,TRUSCO(トラスコ) 皿頭小ネジ 三価 白 全ネジ M4×20 87本入 B702-0420,1225.0,,4957,4,small,楽天,はずれ,False,False,https://www.amazon.co.jp/dp/B002A5MFDS,楽天最安 JAN=4989999077285,
1686,B002A5POTK,diy_tools,4989999077162,TRUSCO(トラスコ) 皿頭小ネジ 三価 白 全ネジ M3×16 148本入 B702-0316,1225.0,,3218,3,small,楽天,はずれ,False,False,https://www.amazon.co.jp/dp/B002A5POTK,楽天最安 JAN=4989999077162,
1687,B002A5KKD0,diy_tools,4989999077346,TRUSCO(トラスコ) 皿頭小ネジ 三価 白 全ネジ M4×50 41本入 B702-0450,1000.0,,4957,6,small,楽天,はずれ,False,False,https://www.amazon.co.jp/dp/B002A5KKD0,楽天最安 JAN=4989999077346,
1688,B002A5TNRO,diy_tools,4989999077308,TRUSCO(トラスコ) 皿頭小ネジ 三価 白 全ネジ M4×30 63本入 B702-0430,1000.0,,3218,5,small,楽天,はずれ,False,False,https://www.amazon.co.jp/dp/B002A5TNRO,楽天最安 JAN=4989999077308,
1689,B002A5PRN8,diy_tools,4989999077599,TRUSCO(トラスコ) 皿頭小ネジ 三価 白 全ネジ M6×12 54本入 B702-0612,1000.0,,4957,6,small,楽天,はずれ,False,False,https://www.amazon.co.jp/dp/B002A5PRN8,楽天最安 JAN=4989999077599,
1690,B002A5M3R6,diy_tools,4989999074949,TRUSCO(トラスコ) 皿頭小ネジ ユニクロ 全ネジ M6×40 50本入 B02-0640,1437.0,,4957,5,standard_1,Yahoo,はずれ,False,False,https://www.amazon.co.jp/dp/B002A5M3R6,Yahoo最安 JAN=4989999074949,
1691,B002A5O298,diy_tools,4989999092813,TRUSCO(トラスコ) 皿頭小ネジ チタン 全ネジ M6×20 4本入 TB92-0620,1372.0,,4957,9,small,楽天,はずれ,False,False,https://www.amazon.co.jp/dp/B002A5O298,楽天最安 JAN=4989999092813,
1692,B002A5RKU6,diy_tools,4989999077339,TRUSCO(トラスコ) 皿頭小ネジ 三価 白 全ネジ M4×45 42本入 B702-0445,1225.0,,4957,4,small,楽天,はずれ,False,False,https://www.amazon.co.jp/dp/B002A5RKU6,楽天最安 JAN=4989999077339,
1693,B002A5VH14,diy_tools,4989999092844,TRUSCO(トラスコ) 皿頭小ネジ チタン 全ネジ M6×35 3本入 TB92-0635,1219.0,,4957,8,small,楽天,はずれ,False,False,https://www.amazon.co.jp/dp/B002A5VH14,楽天最安 JAN=4989999092844,
1694,B002A5NVVS,diy_tools,4989999077353,TRUSCO(トラスコ) 皿頭小ネジ 三価 白 全ネジ M4×55 28本入 B702-0455,1440.0,,4957,5,small,楽天,あやしい,False,False,https://www.amazon.co.jp/dp/B002A5NVVS,楽天最安 JAN=4989999077353,
1695,B002A5RK2Y,diy_tools,4989999077117,TRUSCO(トラスコ) 皿頭小ネジ 三価 白 全ネジ M3×6 255本入 B702-0306,1210.0,,4957,6,small,楽天,はずれ,False,False,https://www.amazon.co.jp/dp/B002A5RK2Y,楽天最安 JAN=4989999077117,
1696,B002A5KJEK,diy_tools,4989999077193,TRUSCO(トラスコ) 皿頭小ネジ 三価 白 全ネジ M3×30 90本入 B702-0330,1225.0,,4957,6,small,楽天,はずれ,False,False,https://www.amazon.co.jp/dp/B002A5KJEK,楽天最安 JAN=4989999077193,
1697,B002A5NVJ0,diy_tools,4989999077292,TRUSCO(トラスコ) 皿頭小ネジ 三価 白 全ネジ M4×25 75本入 B702-0425,1225.0,,4957,6,small,楽天,はずれ,False,False,https://www.amazon.co.jp/dp/B002A5NVJ0,楽天最安 JAN=4989999077292,
1698,B002A5NVP4,diy_tools,4989999077315,TRUSCO(トラスコ) 皿頭小ネジ 三価 白 全ネジ M4×35 54本入 B702-0435,1225.0,,4957,8,small,楽天,はずれ,False,False,https://www.amazon.co.jp/dp/B002A5NVP4,楽天最安 JAN=4989999077315,
1699,B002A5MFL0,diy_tools,4989999077322,TRUSCO(トラスコ) 皿頭小ネジ 三価 白 全ネジ M4×40 47本入 B702-0440,1225.0,,4957,7,small,楽天,はずれ,False,False,https://www.amazon.co.jp/dp/B002A5MFL0,楽天最安 JAN=4989999077322,
1700,B002A5PX32,diy_tools,4989999092783,TRUSCO(トラスコ) 皿頭小ネジ チタン 全ネジ サイズM6X14 5本入 TB920614,1188.0,,3218,9,small,楽天,はずれ,False,False,https://www.amazon.co.jp/dp/B002A5PX32,楽天最安 JAN=4989999092783,
1701,B002A5PWX8,diy_tools,4989999092646,TRUSCO(トラスコ) 皿頭小ネジ チタン 全ネジ サイズM4X40 5本入 TB920440,1188.0,,4957,6,small,楽天,はずれ,False,False,https://www.amazon.co.jp/dp/B002A5PWX8,楽天最安 JAN=4989999092646,
1702,B002A5TPPY,diy_tools,4989999077643,TRUSCO(トラスコ) 皿頭小ネジ 三価 白 全ネジ M6×30 32本入 B702-0630,1225.0,,4957,9,small,楽天,はずれ,False,False,https://www.amazon.co.jp/dp/B002A5TPPY,楽天最安 JAN=4989999077643,
1703,B002A5RMKO,diy_tools,4989999077650,TRUSCO(トラスコ) 皿頭小ネジ 三価 白 全ネジ M6×35 28本入 B702-0635,1225.0,,4957,5,small,楽天,はずれ,False,False,https://www.amazon.co.jp/dp/B002A5RMKO,楽天最安 JAN=4989999077650,
1704,B002A5M4HA,diy_tools,4989999075267,TRUSCO(トラスコ) 皿頭小ネジ ユニクロ 全ネジ M10×45 8本入 B02-1045,1350.0,,4957,9,small,楽天,はずれ,False,False,https://www.amazon.co.jp/dp/B002A5M4HA,楽天最安 JAN=4989999075267,
1705,B002A5PRHY,diy_tools,4989999077551,TRUSCO(トラスコ) 皿頭小ネジ 三価 白 全ネジ M5×70 15本入 B702-0570,1440.0,,3218,6,small,楽天,あやしい,False,False,https://www.amazon.co.jp/dp/B002A5PRHY,楽天最安 JAN=4989999077551,
1706,B002A5MN8U,diy_tools,4989999092790,TRUSCO(トラスコ) 皿頭小ネジ チタン 全ネジ M6×15 5本入 TB92-0615,1646.0,,4957,4,small,Yahoo,あやしい,False,False,https://www.amazon.co.jp/dp/B002A5MN8U,Yahoo最安 JAN=4989999092790,
1707,B002A5MH8Q,diy_tools,4989999077605,TRUSCO(トラスコ) 皿頭小ネジ 三価 白 全ネジ M6×15 49本入 B702-0615,1225.0,,4957,5,small,楽天,はずれ,False,False,https://www.amazon.co.jp/dp/B002A5MH8Q,楽天最安 JAN=4989999077605,
1708,B002A5NW5I,diy_tools,4989999077391,TRUSCO(トラスコ) 皿頭小ネジ 三価 白 全ネジ M4×75 19本入 B702-0475,1210.0,,4957,10,small,楽天,はずれ,False,False,https://www.amazon.co.jp/dp/B002A5NW5I,楽天最安 JAN=4989999077391,
1709,B002A5NX02,diy_tools,4989999077490,TRUSCO(トラスコ) 皿頭小ネジ 三価 白 全ネジ サイズM5X40 31本入 B7020540,1225.0,,3218,8,small,楽天,はずれ,False,False,https://www.amazon.co.jp/dp/B002A5NX02,楽天最安 JAN=4989999077490,
1710,B002A5NWA8,diy_tools,4989999077421,TRUSCO(トラスコ) 皿頭小ネジ 三価 白 全ネジ M5×12 83本入 B702-0512,1225.0,,4957,6,small,楽天,はずれ,False,False,https://www.amazon.co.jp/dp/B002A5NWA8,楽天最安 JAN=4989999077421,
1711,B07ZTMX8K2,diy_tools,4945680715720,リッチェル プラ鉢 フォーレスクエアポット 6号 ダークブラウン ダークブラウン,1008.0,,3219,9,small,楽天,はずれ,False,False,https://www.amazon.co.jp/dp/B07ZTMX8K2,楽天最安 JAN=4945680715720,
1712,B009WK5OWS,diy_tools,4977938044009,マルハチ産業 蓄圧式噴霧器 4L ハイパー 1段除草剤ノズル+延長パイプ H-4400,2442.0,,2703,6,standard_2,Yahoo,はずれ,False,False,https://www.amazon.co.jp/dp/B009WK5OWS,Yahoo最安 JAN=4977938044009,
1713,B072MP5HGJ,diy_tools,4977938102624,マルハチ産業(Maruhachisangyou) 蓄圧式噴霧器 3L ハイパー 1段1頭口 #3003,1692.0,,2703,6,standard_1,楽天,はずれ,False,False,https://www.amazon.co.jp/dp/B072MP5HGJ,楽天最安 JAN=4977938102624,
1714,B002OC5JOE,diy_tools,4977938060009,マルハチ産業(Maruhachisangyou) 蓄圧式噴霧器 6L ハイパー 1段1頭口+延長パイプ #6000 除草,2914.0,,2703,7,standard_2,楽天,はずれ,False,False,https://www.amazon.co.jp/dp/B002OC5JOE,楽天最安 JAN=4977938060009,
1715,B0050XOOKY,diy_tools,,ソーラーミニ噴水スペシャルセット お庭のプチ噴水つくりに最適。[a242] ブラック,1590.0,,3227,4,small,,,False,False,https://www.amazon.co.jp/dp/B0050XOOKY,,
1716,B009WK5M98,diy_tools,4977938048007,マルハチ産業 蓄圧式噴霧器 4L ハイパー 3段伸縮2頭口 T-4800,3218.0,,3229,9,standard_2,Yahoo,はずれ,False,False,https://www.amazon.co.jp/dp/B009WK5M98,Yahoo最安 JAN=4977938048007,
1717,B071JW2BVV,diy_tools,4977938102631,マルハチ産業 蓄圧式噴霧器 3L ハイパー 1段除草剤ノズル H-3005,2018.0,,3229,7,standard_1,Yahoo,はずれ,False,False,https://www.amazon.co.jp/dp/B071JW2BVV,Yahoo最安 JAN=4977938102631,
1718,B06XJ7JT4K,diy_tools,4977938102532,マルハチ産業(Maruhachisangyou) 蓄圧式噴霧器 3L ハイパー 1段1頭口+延長パイプ #3001,1800.0,,3229,9,standard_2,楽天,はずれ,False,False,https://www.amazon.co.jp/dp/B06XJ7JT4K,楽天最安 JAN=4977938102532,
1719,B00SZRJMEA,diy_tools,4580477400313,ユニックス ワンタッチ風量調整型換気孔 KRP 150BWFH クールホワイト,2346.0,,3231,8,standard_1,Yahoo,はずれ,False,False,https://www.amazon.co.jp/dp/B00SZRJMEA,Yahoo最安 JAN=4580477400313,
1720,B005LEAPUA,diy_tools,4953488111736,"トネ(TONE) ソケット(12角) HP4D-33 差込角12.7mm(1/2"") 二面幅33mm",1347.0,,4472,4,small,楽天,はずれ,False,False,https://www.amazon.co.jp/dp/B005LEAPUA,楽天最安 JAN=4953488111736,
1721,B00GJ0OTKW,diy_tools,0088381153010,マキタ(Makita) インパクト用ホールソー 外径16mm A-32007,1599.0,,3459,8,small,Yahoo,はずれ,False,False,https://www.amazon.co.jp/dp/B00GJ0OTKW,Yahoo最安 JAN=0088381153010,
1722,B00GJ0OZBU,diy_tools,0088381153096,マキタ(Makita) インパクト用ホールソー 外径24mm A-32188,1762.0,,3459,10,small,Yahoo,はずれ,False,False,https://www.amazon.co.jp/dp/B00GJ0OZBU,Yahoo最安 JAN=0088381153096,
1723,B00GJ0MVD4,diy_tools,0088381153195,マキタ(Makita) インパクト用ホールソー 外径34mm A-32281,2174.0,,3459,8,small,Yahoo,はずれ,False,False,https://www.amazon.co.jp/dp/B00GJ0MVD4,Yahoo最安 JAN=0088381153195,
1724,B0050H22AO,diy_tools,4953488111699,"トネ(TONE) ソケット(12角) HP4D-28 差込角12.7mm(1/2"") 二面幅28mm",1246.0,,3233,4,small,楽天,はずれ,False,False,https://www.amazon.co.jp/dp/B0050H22AO,楽天最安 JAN=4953488111699,
1725,B005LEAPU0,diy_tools,4953488111743,"トネ(TONE) ソケット(12角) HP4D-36 差込角12.7mm(1/2"") 二面幅36mm",1585.0,,3233,7,standard_1,楽天,はずれ,False,False,https://www.amazon.co.jp/dp/B005LEAPU0,楽天最安 JAN=4953488111743,
1726,B0FMDG8H6N,diy_tools,,"PATIKIL M10x1.25ピッチ304ステンレス鋼六角結合ナット2個35mm / 1.38""長さ全ねじロッド結合ナ",1431.0,,3663,3,small,,,False,False,https://www.amazon.co.jp/dp/B0FMDG8H6N,,
1727,B0DGXR744F,diy_tools,,"PATIKIL M12 x 1 高ナット 六角カップリング 6個 30mm/ 1.2"" 長さ 完全ねじ付きロッドカップリ",1310.0,,3663,2,small,,,False,False,https://www.amazon.co.jp/dp/B0DGXR744F,,
1728,B0DGXSQHTF,diy_tools,,"PATIKIL M10 x 1 高ナット 六角カップリング 6個 25mm/ 1"" 長さ 完全ねじ付きロッドカップリング",1411.0,,3663,2,small,,,False,False,https://www.amazon.co.jp/dp/B0DGXSQHTF,,
1729,B0DGXQL19Y,diy_tools,,"PATIKIL M10 x 1.5 高ナット 六角カップリング 6個 25mm/ 1""長さ 粗目 完全ねじ付き ロッドカ",1596.0,,3663,2,small,,,False,False,https://www.amazon.co.jp/dp/B0DGXQL19Y,,
1730,B0DGXPNXHG,diy_tools,,"PATIKIL M8 x 1.25 高ナット 六角カップリング 6個 30mm/ 1.2""長さ 粗目 完全ねじ付き ロッ",1287.0,,3663,2,small,,,False,False,https://www.amazon.co.jp/dp/B0DGXPNXHG,,
1731,B0DGXRD2XG,diy_tools,,"PATIKIL M8 x 1.25 高ナット 六角カップリング 6個 35mm/ 1.4""長さ 粗目 完全ねじ付き ロッ",1282.0,,3663,2,small,,,False,False,https://www.amazon.co.jp/dp/B0DGXRD2XG,,
1732,B0DGXRVZGW,diy_tools,,"PATIKIL M12 x 1 高ナット 六角カップリング 6個 20mm/ 0.8"" 長さ 完全ねじ付きロッドカップリ",1400.0,,3663,2,small,,,False,False,https://www.amazon.co.jp/dp/B0DGXRVZGW,,
1733,B08ZSTTQ85,diy_tools,4977292278478,イーバリュー(E-Value) クリンピングツールセット 電装品の配線作業に ECT-706SET,1720.0,,3235,8,standard_1,楽天,はずれ,False,False,https://www.amazon.co.jp/dp/B08ZSTTQ85,楽天最安 JAN=4977292278478,
1734,B00GJ0MT86,diy_tools,0088381153171,マキタ(Makita) インパクト用ホールソー 外径32mm A-32269,2202.0,,3459,8,small,Yahoo,はずれ,False,False,https://www.amazon.co.jp/dp/B00GJ0MT86,Yahoo最安 JAN=0088381153171,
1735,B00GJ0P2EE,diy_tools,0088381153133,マキタ(Makita) インパクト用ホールソー 外径28mm A-32225,2691.0,,3459,8,small,楽天,はずれ,False,False,https://www.amazon.co.jp/dp/B00GJ0P2EE,楽天最安 JAN=0088381153133,
1736,B00GJ0P0AK,diy_tools,0088381153102,マキタ(Makita) インパクト用ホールソー 外径25mm A-32194,2691.0,,3459,10,small,Yahoo,はずれ,False,False,https://www.amazon.co.jp/dp/B00GJ0P0AK,Yahoo最安 JAN=0088381153102,
1737,B0DGXQPCVQ,diy_tools,,"PATIKIL M8 x 1.25 高ナット 六角カップリング 6個 45mm/ 1.8"" 長さ 粗目 完全ねじ付き ロ",1487.0,,3663,2,small,,,False,False,https://www.amazon.co.jp/dp/B0DGXQPCVQ,,
1738,B0DGXSMB5N,diy_tools,,"PATIKIL M10 x 1.25 高ナット 六角カップリング 6個 30mm/ 1.2""長さ 完全ねじ付きロッドカッ",1189.0,,3663,2,small,,,False,False,https://www.amazon.co.jp/dp/B0DGXSMB5N,,
1739,B0DGXS8MRM,diy_tools,,"PATIKIL M12 x 1 高ナット 六角カップリング 6個 35mm/ 1.4"" 長さ 完全ねじ付きロッドカップリ",1120.0,,3663,2,small,,,False,False,https://www.amazon.co.jp/dp/B0DGXS8MRM,,
1740,B0DGXRSDRR,diy_tools,,"PATIKIL M8 x 1 高ナット 六角カップリング 6個 20mm/ 0.8"" 長さ 完全ねじ付きロッドカップリン",1215.0,,3663,2,small,,,False,False,https://www.amazon.co.jp/dp/B0DGXRSDRR,,
1741,B0DGXQ2DF2,diy_tools,,"PATIKIL M12 x 1.75 高ナット 六角カップリング 6個 25mm/ 1""長さ 粗目 完全ねじ付き ロッド",1658.0,,3663,2,small,,,False,False,https://www.amazon.co.jp/dp/B0DGXQ2DF2,,
1742,B0DGXQR4PS,diy_tools,,"PATIKIL M10 x 1.25 高ナット 六角カップリング 6個 25mm/ 1""長さ 完全ねじ付きロッドカップリ",1127.0,,3663,2,small,,,False,False,https://www.amazon.co.jp/dp/B0DGXQR4PS,,
1743,B00GJ0P1QI,diy_tools,0088381153126,マキタ(Makita) インパクト用ホールソー 外径27mm A-32219,2662.0,,3459,10,small,Yahoo,はずれ,False,False,https://www.amazon.co.jp/dp/B00GJ0P1QI,Yahoo最安 JAN=0088381153126,
1744,B00GJ0OO0W,diy_tools,0088381152976,マキタ(Makita) インパクト用ホールソー 外径12mm A-31968,2275.0,,3459,9,small,Yahoo,はずれ,False,False,https://www.amazon.co.jp/dp/B00GJ0OO0W,Yahoo最安 JAN=0088381152976,
1745,B00GJ0MZJO,diy_tools,0088381153232,マキタ(Makita) インパクト用ホールソー 外径38mm A-32328,3404.0,,3459,10,small,Yahoo,はずれ,False,False,https://www.amazon.co.jp/dp/B00GJ0MZJO,Yahoo最安 JAN=0088381153232,
1746,B00GJ0OVD2,diy_tools,0088381153041,マキタ(Makita) インパクト用ホールソー 外径19mm A-32138,2158.0,,3459,8,small,Yahoo,はずれ,False,False,https://www.amazon.co.jp/dp/B00GJ0OVD2,Yahoo最安 JAN=0088381153041,
1747,B00GJ0P10Y,diy_tools,0088381153119,マキタ(Makita) インパクト用ホールソー 外径26mm A-32203,2536.0,,3459,10,small,Yahoo,はずれ,False,False,https://www.amazon.co.jp/dp/B00GJ0P10Y,Yahoo最安 JAN=0088381153119,
1748,B00GJ0OU2Y,diy_tools,0088381153027,マキタ(Makita) インパクト用ホールソー 外径17mm A-32116,2276.0,,3459,8,small,Yahoo,はずれ,False,False,https://www.amazon.co.jp/dp/B00GJ0OU2Y,Yahoo最安 JAN=0088381153027,
1749,B0DGXPD53Z,diy_tools,,"PATIKIL M10 x 1.5 高ナット 六角カップリング 6個 15mm/ 0.6"" 長さ 粗目 完全ねじ付き ロ",1246.0,,3239,2,small,,,False,False,https://www.amazon.co.jp/dp/B0DGXPD53Z,,
1750,B0FMDCNHX5,diy_tools,,"PATIKIL 304ステンレス鋼六角カップリングナットM8x1ピッチ4個12mm / 0.47""長さ全ねじロッドカップ",1131.0,,3239,3,small,,,False,False,https://www.amazon.co.jp/dp/B0FMDCNHX5,,
1751,B000EVL7Y8,diy_tools,4975373004824,タカギ(takagi) 地下散水栓ニップルセット 普通ホース 散水栓につなぐ G075,1003.0,,2726,8,small,楽天,はずれ,False,False,https://www.amazon.co.jp/dp/B000EVL7Y8,楽天最安 JAN=4975373004824,
1752,B09RMTLG65,diy_tools,4977445108829,花ごころ さぼてん多肉植物の土 10L×2袋,3350.0,,3428,3,large_2,Yahoo,はずれ,False,False,https://www.amazon.co.jp/dp/B09RMTLG65,Yahoo最安 JAN=4977445108829,
1753,B0D2CQ9VYB,diy_tools,4977445207904,花ごころ さぼてん多肉植物の土 ゼオライトで根腐れ防止 10L,1355.0,,3243,8,large_1,楽天,はずれ,False,False,https://www.amazon.co.jp/dp/B0D2CQ9VYB,楽天最安 JAN=4977445207904,
1754,B001D4OTZE,diy_tools,4909449146583,デイトナ(Daytona) バイク用 工具 六角ソケット ショート 差込角3/8インチ 7ピースセット ソケットレール付,1442.0,,3565,3,standard_1,Yahoo,はずれ,False,False,https://www.amazon.co.jp/dp/B001D4OTZE,Yahoo最安 JAN=4909449146583,
1755,B0CBBSM1Q9,diy_tools,4983771261916,山善(YAMAZEN) YDG-160 専用替刃 電動芝生バリカン コードレス 充電式 キワ刈り 両面駆動 刈込幅約16,2680.0,,3462,2,standard_1,Yahoo,はずれ,False,False,https://www.amazon.co.jp/dp/B0CBBSM1Q9,Yahoo最安 JAN=4983771261916,
1756,B0C1GP8CF9,diy_tools,4983771261923,山善(YAMAZEN) 10.8V 電動ヘッジトリマー 充電式 2.5Ah 刈込幅約300mm 両刃タイプ ダブルロック,9442.0,,3462,2,standard_2,楽天,はずれ,False,False,https://www.amazon.co.jp/dp/B0C1GP8CF9,楽天最安 JAN=4983771261923,
1757,B00K2VI6T4,diy_tools,4983771989827,山善(YAMAZEN) ポールアップグラスカッター PUC-160専用替刃 刈幅160mm,2284.0,,3462,4,standard_1,Yahoo,はずれ,False,False,https://www.amazon.co.jp/dp/B00K2VI6T4,Yahoo最安 JAN=4983771989827,
1758,B0GWC61R24,diy_tools,4550533256796,山善(YAMAZEN) 10.8V 芝生バリカン USB Type-C充電式 1.5Ah 刈込高3段階調節 両刃タイプ ,8299.0,,3462,2,standard_2,Yahoo,はずれ,False,False,https://www.amazon.co.jp/dp/B0GWC61R24,Yahoo最安 JAN=4550533256796,
1759,B0CBBQDVRT,diy_tools,4983771261930,山善(YAMAZEN) YDH-300 専用替刃 両刃タイプ 電動ヘッジトリマー コードレス 充電式 キワ刈り 両面駆動,2980.0,,3462,2,standard_1,楽天,はずれ,False,False,https://www.amazon.co.jp/dp/B0CBBQDVRT,楽天最安 JAN=4983771261930,
1760,B0GWCMR2WM,diy_tools,4550533256789,山善(YAMAZEN) 10.8V ヘッジトリマー USB Type-C充電式 1.5Ah 刈込幅約300mm 両刃タイ,9300.0,,3462,2,standard_2,Yahoo,はずれ,False,False,https://www.amazon.co.jp/dp/B0GWCMR2WM,Yahoo最安 JAN=4550533256789,
1761,B0C8YYPNXQ,diy_tools,4975205333511,太洋電機産業(goot) 銀レス鉛フリーはんだφ0.6㎜ スズ残部/銅0.7%/ニッケル0.05%/ゲルマニウム0.01,8269.0,,3881,2,standard_1,Yahoo,はずれ,False,False,https://www.amazon.co.jp/dp/B0C8YYPNXQ,Yahoo最安 JAN=4975205333511,
1762,B001PR1L5K,diy_tools,4975205332927,太洋電機産業(goot) 家庭電気器具用 鉛フリーはんだ φ1.6㎜ スズ99%/銀0.3%/銅0.7% ヤニ入り SD,1600.0,,3881,3,small,Yahoo,あやしい,False,False,https://www.amazon.co.jp/dp/B001PR1L5K,Yahoo最安 JAN=4975205332927,
1763,B01DNVYNP0,diy_tools,4961010434840,日本曹達 除草剤 ナブ乳剤 500ml,3689.0,,3271,5,standard_1,Yahoo,はずれ,False,False,https://www.amazon.co.jp/dp/B01DNVYNP0,Yahoo最安 JAN=4961010434840,
1764,B0CQNTN8KG,diy_tools,4903266731212,大和プラスチック バケツ・エンジョイ 10型 クリア 容量10L 水やりに便利な注ぎ口付き 希釈に便利な目盛付き,1220.0,,3274,5,standard_1,Yahoo,はずれ,False,False,https://www.amazon.co.jp/dp/B0CQNTN8KG,Yahoo最安 JAN=4903266731212,
1765,B002A5KL34,diy_tools,4989999077544,TRUSCO(トラスコ) 皿頭小ネジ 三価 白 全ネジ M5×65 17本入 B702-0565,1225.0,,4957,2,small,楽天,はずれ,False,False,https://www.amazon.co.jp/dp/B002A5KL34,楽天最安 JAN=4989999077544,
1766,B002A5TU3G,diy_tools,4989999092769,TRUSCO(トラスコ) 皿頭小ネジ チタン 全ネジ M5×50 2本入 TB92-0550,1752.0,,4957,4,small,Yahoo,あやしい,False,False,https://www.amazon.co.jp/dp/B002A5TU3G,Yahoo最安 JAN=4989999092769,
1767,B002A5K8YQ,diy_tools,4989999074543,TRUSCO(トラスコ) 皿頭小ネジ ユニクロ 全ネジ M4×40 90本入 B02-0440,1126.0,,4957,7,standard_1,楽天,はずれ,False,False,https://www.amazon.co.jp/dp/B002A5K8YQ,楽天最安 JAN=4989999074543,
1768,B002A5PPKI,diy_tools,4989999077261,TRUSCO(トラスコ) 皿頭小ネジ 三価 白 全ネジ M4×15 110本入 B702-0415,1225.0,,4957,4,small,楽天,はずれ,False,False,https://www.amazon.co.jp/dp/B002A5PPKI,楽天最安 JAN=4989999077261,
1769,B002A5PPGW,diy_tools,4989999077254,TRUSCO(トラスコ) 皿頭小ネジ 三価 白 全ネジ M4×12 136本入 B702-0412,1000.0,,4957,6,small,楽天,はずれ,False,False,https://www.amazon.co.jp/dp/B002A5PPGW,楽天最安 JAN=4989999077254,
1770,B0F2DZBRGG,diy_tools,4962485370145,アネックス(ANEX) パーツケース タフケース ブルートレー付 190×135×63mm ATC-L1,1800.0,,4019,4,standard_1,Yahoo,はずれ,False,False,https://www.amazon.co.jp/dp/B0F2DZBRGG,Yahoo最安 JAN=4962485370145,
1771,B0F2DYY8JW,diy_tools,4962485370152,アネックス(ANEX) パーツケース タフケース グリーントレー付 190×135×63mm ATC-L2,1578.0,,4019,7,standard_1,Yahoo,はずれ,False,False,https://www.amazon.co.jp/dp/B0F2DYY8JW,Yahoo最安 JAN=4962485370152,
1772,B0F3HCSK1G,diy_tools,0014679549203,COOLHILL 椅子脚カバー 製品サイズ23.5mm 椅子の足カバー 椅子脚キャップ 椅子の脚 カバー サイズ選び不要,2098.0,,3524,2,small,Yahoo,はずれ,False,False,https://www.amazon.co.jp/dp/B0F3HCSK1G,Yahoo最安 JAN=0014679549203,
1773,B0DBPTGNR2,diy_tools,4903320165663,レック タオル掛け コンパクト (強力マグネット) 耐荷重1kg サビにくいステンレスパイプ,1021.0,,3280,10,standard_1,Yahoo,はずれ,False,False,https://www.amazon.co.jp/dp/B0DBPTGNR2,Yahoo最安 JAN=4903320165663,
1774,B0D6Y119KT,diy_tools,,SPAHER LEDテープライト 高輝度 チューブライト 防水 リニア発光 シリコンチューブ 曲がりやすい 切断可能 取,6590.0,,4736,2,standard_1,,,False,False,https://www.amazon.co.jp/dp/B0D6Y119KT,,
1775,B0DGQ2XZXQ,diy_tools,,SPAHER LEDテープライト 高輝度 チューブライト 防水 リニア発光 シリコンチューブ 曲がりやすい 切断可能 取,6590.0,,4736,2,standard_1,,,False,False,https://www.amazon.co.jp/dp/B0DGQ2XZXQ,,
1776,B0DGPWCSW1,diy_tools,,SPAHER LEDテープライト 高輝度 チューブライト 防水 リニア発光 シリコンチューブ 曲がりやすい 切断可能 取,5590.0,,4736,2,standard_1,,,False,False,https://www.amazon.co.jp/dp/B0DGPWCSW1,,
1777,B0DFM35BZ2,diy_tools,,SPAHER LEDテープライト 高輝度 チューブライト 防水 リニア発光 シリコンチューブ 曲がりやすい 切断可能 取,5590.0,,4736,2,standard_1,,,False,False,https://www.amazon.co.jp/dp/B0DFM35BZ2,,
1778,B0DBGZ7TT6,diy_tools,,SPAHER LEDテープライト 高輝度 チューブライト 防水 リニア発光 シリコンチューブ 曲がりやすい 切断可能 取,5590.0,,4736,2,standard_1,,,False,False,https://www.amazon.co.jp/dp/B0DBGZ7TT6,,
1779,B0F3HQGCM7,diy_tools,0014679549241,COOLHILL 椅子脚カバー 製品サイズ29.5mm 椅子の足カバー 椅子脚キャップ 椅子の脚 カバー 家具スライダー,1598.0,,3281,2,small,楽天,はずれ,False,False,https://www.amazon.co.jp/dp/B0F3HQGCM7,楽天最安 JAN=0014679549241,
1780,B0DGPFCP34,diy_tools,,SPAHER LEDテープライト 高輝度 チューブライト 防水 リニア発光 シリコンチューブ 曲がりやすい 切断可能 取,3590.0,,4736,2,standard_1,,,False,False,https://www.amazon.co.jp/dp/B0DGPFCP34,,
1781,B0DGQ37M7G,diy_tools,,SPAHER LEDテープライト 高輝度 チューブライト 防水 リニア発光 シリコンチューブ 曲がりやすい 切断可能 取,4590.0,,4736,2,standard_1,,,False,False,https://www.amazon.co.jp/dp/B0DGQ37M7G,,
1782,B0F3HTS2XJ,diy_tools,0014679549234,COOLHILL 椅子脚カバー 製品サイズ29.5mm 椅子の足カバー 椅子脚キャップ 椅子の脚 カバー 家具スライダー,1044.0,,3524,2,small,楽天,はずれ,False,False,https://www.amazon.co.jp/dp/B0F3HTS2XJ,楽天最安 JAN=0014679549234,
1783,B0DFM498T8,diy_tools,,SPAHER LEDテープライト 高輝度 チューブライト 防水 リニア発光 シリコンチューブ 曲がりやすい 切断可能 取,7590.0,,4736,2,standard_1,,,False,False,https://www.amazon.co.jp/dp/B0DFM498T8,,
1784,B0D6Y4ZSSK,diy_tools,,SPAHER LEDテープライト 高輝度 チューブライト 防水 リニア発光 シリコンチューブ 曲がりやすい 切断可能 取,6590.0,,4736,2,standard_1,,,False,False,https://www.amazon.co.jp/dp/B0D6Y4ZSSK,,
1785,B0F3JBX18N,diy_tools,0014679549258,COOLHILL 椅子脚カバー 製品サイズ29.5mm 椅子の足カバー 椅子脚キャップ 椅子の脚 カバー 家具スライダー,2905.0,,3524,2,small,楽天,はずれ,False,False,https://www.amazon.co.jp/dp/B0F3JBX18N,楽天最安 JAN=0014679549258,
1786,B0DFM13QVZ,diy_tools,,SPAHER LEDテープライト 高輝度 チューブライト 防水 リニア発光 シリコンチューブ 曲がりやすい 切断可能 取,8590.0,,4736,2,standard_1,,,False,False,https://www.amazon.co.jp/dp/B0DFM13QVZ,,
1787,B0D6Y3SPHM,diy_tools,,SPAHER LEDテープライト 高輝度 チューブライト 防水 リニア発光 シリコンチューブ 曲がりやすい 切断可能 取,3590.0,,4736,2,standard_1,,,False,False,https://www.amazon.co.jp/dp/B0D6Y3SPHM,,
1788,B0DKX27TVZ,diy_tools,4971715126810,グリーンライフ(GREEN LIFE) ホースリール 自動巻き ジーオート G-Auto PRGA-20(BK/AGY),8370.0,,3282,2,large_2,Yahoo,はずれ,False,False,https://www.amazon.co.jp/dp/B0DKX27TVZ,Yahoo最安 JAN=4971715126810,
1789,B0D6Y6W199,diy_tools,,SPAHER LEDテープライト 高輝度 チューブライト 防水 リニア発光 シリコンチューブ 曲がりやすい 切断可能 取,3590.0,,3283,2,standard_1,,,False,False,https://www.amazon.co.jp/dp/B0D6Y6W199,,
1790,B0D3V42N26,diy_tools,4549115301481,HiKOKI(ハイコーキ) 充電式 草刈機 CG18DGA 用 スプールセット 0038-1599,1794.0,,3284,7,small,Yahoo,はずれ,False,False,https://www.amazon.co.jp/dp/B0D3V42N26,Yahoo最安 JAN=4549115301481,
1791,B0D3V4JGSK,diy_tools,4549115301467,HiKOKI(ハイコーキ) 充電式 草刈機 CG18DGA 用 肩掛けバンド(離脱ベルト式) 381597,1444.0,,3284,5,standard_1,Yahoo,はずれ,False,False,https://www.amazon.co.jp/dp/B0D3V4JGSK,Yahoo最安 JAN=4549115301467,
1792,B007K2PK3I,diy_tools,4941735909564,BIGM（丸山製作所） ループハンドル,1692.0,,3286,8,standard_1,Yahoo,はずれ,False,False,https://www.amazon.co.jp/dp/B007K2PK3I,Yahoo最安 JAN=4941735909564,
1793,B0DJFCD21J,diy_tools,4971881185260,リス(RISU) 収納ボックス トランクカーゴ スタックカーゴ 6L ベージュ 日本製 S-6 ツールボックス 屋外収納,3330.0,,4589,9,standard_1,楽天,はずれ,False,False,https://www.amazon.co.jp/dp/B0DJFCD21J,楽天最安 JAN=4971881185260,
1794,B00IZEIK7S,diy_tools,4975292603030,KINCHO園芸 不快害虫剤 スズメバチ エアゾール 480ml ハチ 蜂 巣 駆除 予防,1109.0,,3294,4,standard_1,Yahoo,はずれ,False,False,https://www.amazon.co.jp/dp/B00IZEIK7S,Yahoo最安 JAN=4975292603030,
1795,B0DPQG46HH,diy_tools,4539780007474,TTS SMART COOKING BURNER スマートクッキングバーナー 料理家推奨 ガスバーナー バーナー ガス注,1410.0,,3297,2,small,Yahoo,はずれ,False,False,https://www.amazon.co.jp/dp/B0DPQG46HH,Yahoo最安 JAN=4539780007474,
1796,B09TVBS2S3,diy_tools,4980356100288,【5袋まとめ売り】 岩谷マテリアル(Iwatani Materials) プランターキャップ Mサイズ 2枚入 / 袋 ,2381.0,,4299,2,small,Yahoo,はずれ,False,False,https://www.amazon.co.jp/dp/B09TVBS2S3,Yahoo最安 JAN=4980356100288,
1797,B0H6HPQ99V,diy_tools,,UPF 第4代目昇級強化版 ブロワー 洗車 超強力 3種類のノズル付き ブロアー 【700g超強推力・航空級モーター・無,4731.0,,3314,2,large_1,,,False,False,https://www.amazon.co.jp/dp/B0H6HPQ99V,,
1798,B0H5BJ5J3M,diy_tools,4989833031053,エンジニア ネジパッチン 小ネジ切断工具 対応ネジサイズ：M2、M2.6、M3、M4 NZ-22,3730.0,,3316,2,small,楽天,はずれ,False,False,https://www.amazon.co.jp/dp/B0H5BJ5J3M,楽天最安 JAN=4989833031053,
1799,B0H5BGNQQR,diy_tools,4989833031039,エンジニア ネジパッチン 小ネジ切断工具 対応ネジサイズ：M2、M2.6、M3 NZ-20,2546.0,,3316,2,small,Yahoo,はずれ,False,False,https://www.amazon.co.jp/dp/B0H5BGNQQR,Yahoo最安 JAN=4989833031039,
1800,B072TZGBKM,diy_tools,4907052642928,高儀(Takagi) 儀助 薄刃スクレーパー 50mm SP-3,1040.0,,3077,4,small,Yahoo,あやしい,False,False,https://www.amazon.co.jp/dp/B072TZGBKM,Yahoo最安 JAN=4907052642928,
1801,B0GNRKDBQD,diy_tools,4975373199841,タカギ(takagi) ホースリール 20m 4水形 オーロラBASE R1220GY チャコールグレー 内径12mm,4378.0,,3318,8,large_1,楽天,はずれ,False,False,https://www.amazon.co.jp/dp/B0GNRKDBQD,楽天最安 JAN=4975373199841,
1802,B0FY4QRG9X,diy_tools,4975364362209,タジマ セフシステム セフポーチ ナイロン ビス用カップ 小 SFPCN-BCS,2263.0,,3319,3,small,Yahoo,はずれ,False,False,https://www.amazon.co.jp/dp/B0FY4QRG9X,Yahoo最安 JAN=4975364362209,
1803,B00BJGFS42,diy_tools,4975149512362,タカショー ウィンドウボックスホルダー650バイス式,3530.0,,3974,2,standard_2,Yahoo,はずれ,False,False,https://www.amazon.co.jp/dp/B00BJGFS42,Yahoo最安 JAN=4975149512362,
1804,B0H6X9CKFJ,diy_tools,,【ジルズプロダクツ】ミルウォーキー 18V バッテリー用 変換コンバーター DC 12V 20A 240W 高出力 シガ,3199.0,,3320,2,small,,,False,False,https://www.amazon.co.jp/dp/B0H6X9CKFJ,,
1805,B001TV3RA4,diy_tools,4975149268139,タカショー プラントホルダー シングル (大) NPM-PH5L 幅22cm×奥行30cm×高さ24.5cm,1130.0,,3974,6,standard_1,Yahoo,はずれ,False,False,https://www.amazon.co.jp/dp/B001TV3RA4,Yahoo最安 JAN=4975149268139,
1806,B001TV9WQM,diy_tools,4975149268115,タカショー プラントホルダーダブル 大,2000.0,,3322,3,standard_1,Yahoo,はずれ,False,False,https://www.amazon.co.jp/dp/B001TV9WQM,Yahoo最安 JAN=4975149268115,
1807,B00CBDIMVS,diy_tools,4975149512416,タカショー ハンギング プランター ウィンドウボックスホルダー サイズフリー バイス式 ブラック バスケット 吊り下げ ,1978.0,,3322,5,standard_2,楽天,はずれ,False,False,https://www.amazon.co.jp/dp/B00CBDIMVS,楽天最安 JAN=4975149512416,
1808,B001TV6QNY,diy_tools,4975149268092,タカショー プラントホルダーダブル 小,1281.0,,3322,4,standard_1,楽天,はずれ,False,False,https://www.amazon.co.jp/dp/B001TV6QNY,楽天最安 JAN=4975149268092,
1809,B001TPC0TE,diy_tools,4975149241835,タカショー ボックスホルダー650プランター用,2303.0,,3974,4,standard_1,Yahoo,はずれ,False,False,https://www.amazon.co.jp/dp/B001TPC0TE,Yahoo最安 JAN=4975149241835,
1810,B00KNIDWHC,diy_tools,4989236349823,LIXIL(リクシル) トイレットペーパーホルダー CF-AA64/BB7,2630.0,,3325,7,standard_1,Yahoo,はずれ,False,False,https://www.amazon.co.jp/dp/B00KNIDWHC,Yahoo最安 JAN=4989236349823,
1811,B00KNIDW86,diy_tools,4989236349809,LIXIL(リクシル) トイレットペーパーホルダー CF-AA64/BN8,2191.0,,3325,9,standard_1,Yahoo,はずれ,False,False,https://www.amazon.co.jp/dp/B00KNIDW86,Yahoo最安 JAN=4989236349809,
1812,B00KNIDZT2,diy_tools,4989236349816,LIXIL(リクシル) トイレットペーパーホルダー CF-AA64/LR8,2510.0,,3325,5,standard_1,Yahoo,はずれ,False,False,https://www.amazon.co.jp/dp/B00KNIDZT2,Yahoo最安 JAN=4989236349816,
1813,B00KNIDWJ0,diy_tools,4989236349793,LIXIL(リクシル) トイレットペーパーホルダー CF-AA64/BW1,2158.0,,3325,10,standard_1,Yahoo,はずれ,False,False,https://www.amazon.co.jp/dp/B00KNIDWJ0,Yahoo最安 JAN=4989236349793,
1814,B00QQ2G0AK,diy_tools,4907052631274,高儀 ハンディタッカー&ホッチキス TAKAGI 使い方 2WAY タッカーで打ち込む ホッチキスでとじる 専用ホッチキ,1467.0,,3327,6,standard_1,Yahoo,はずれ,False,False,https://www.amazon.co.jp/dp/B00QQ2G0AK,Yahoo最安 JAN=4907052631274,
1815,B002A5VEDA,diy_tools,4989999092028,TRUSCO(トラスコ) ナベ頭小ネジ チタン 全ネジ M3×10 19本入 TB91-0310,1620.0,,3609,7,small,楽天,あやしい,False,False,https://www.amazon.co.jp/dp/B002A5VEDA,楽天最安 JAN=4989999092028,
1816,B002A5NREY,diy_tools,4989999052275,TRUSCO(トラスコ) ナベ頭小ネジ ステンレス 全ネジ M8×25 15本入 B05-0825,1720.0,,3609,9,small,楽天,はずれ,False,False,https://www.amazon.co.jp/dp/B002A5NREY,楽天最安 JAN=4989999052275,
1817,B002A5ROLQ,diy_tools,4989999092103,TRUSCO(トラスコ) ナベ頭小ネジ チタン 全ネジ M4×8 15本入 TB91-0408,1188.0,,3609,7,small,楽天,はずれ,False,False,https://www.amazon.co.jp/dp/B002A5ROLQ,楽天最安 JAN=4989999092103,
1818,B002A5MM68,diy_tools,4989999076929,TRUSCO(トラスコ) ナべ頭小ネジ 三価 白 全ネジ M5×75 13本入 B701-0575,1225.0,,3609,9,small,楽天,はずれ,False,False,https://www.amazon.co.jp/dp/B002A5MM68,楽天最安 JAN=4989999076929,
1819,B002A5RQPK,diy_tools,4989999076905,TRUSCO(トラスコ) ナべ頭小ネジ 三価 白 全ネジ M5×65 17本入 B701-0565,1225.0,,3609,8,small,楽天,はずれ,False,False,https://www.amazon.co.jp/dp/B002A5RQPK,楽天最安 JAN=4989999076905,
1820,B002A5VF2K,diy_tools,4989999092400,TRUSCO(トラスコ) ナベ頭小ネジ チタン 全ネジ M6×25 4本入 TB91-0625,1650.0,,3609,5,small,Yahoo,あやしい,False,False,https://www.amazon.co.jp/dp/B002A5VF2K,Yahoo最安 JAN=4989999092400,
1821,B002A5VF20,diy_tools,4989999076684,TRUSCO(トラスコ) ナべ頭小ネジ 三価 白 全ネジ M4×45 42本入 B701-0445,1225.0,,3609,9,small,楽天,はずれ,False,False,https://www.amazon.co.jp/dp/B002A5VF20,楽天最安 JAN=4989999076684,
1822,B002A5PTIQ,diy_tools,4989999092141,TRUSCO(トラスコ) ナベ頭小ネジ チタン 全ネジ M4×15 11本入 TB91-0415,1625.0,,3609,9,small,楽天,はずれ,False,False,https://www.amazon.co.jp/dp/B002A5PTIQ,楽天最安 JAN=4989999092141,
1823,B002A5ROJS,diy_tools,4989999076523,TRUSCO(トラスコ) ナべ頭小ネジ 三価 白 全ネジ M3×25 115本入 B701-0325,1225.0,,3609,10,small,楽天,はずれ,False,False,https://www.amazon.co.jp/dp/B002A5ROJS,楽天最安 JAN=4989999076523,
1824,B002MZY5BG,diy_tools,4571167010202,増田樹脂化学工業 i-toolアイツール ユニバーサルシャワーフック ホワイト 3779,2268.0,,3343,4,small,Yahoo,はずれ,False,False,https://www.amazon.co.jp/dp/B002MZY5BG,Yahoo最安 JAN=4571167010202,
1825,B002A5PU6C,diy_tools,4989999092004,TRUSCO(トラスコ) ナベ頭小ネジ チタン 全ネジ M3×6 21本入 TB91-0306,1650.0,,3609,5,small,楽天,あやしい,False,False,https://www.amazon.co.jp/dp/B002A5PU6C,楽天最安 JAN=4989999092004,
1826,B002A5MMZ4,diy_tools,4989999077063,TRUSCO(トラスコ) ナべ頭小ネジ 三価 白 全ネジ M6×60 14本入 B701-0660,1225.0,,3609,11,small,楽天,はずれ,False,False,https://www.amazon.co.jp/dp/B002A5MMZ4,楽天最安 JAN=4989999077063,
1827,B003EIA7EO,diy_tools,4977292653602,セフティー3(Safety-3) 異径 カップリング 金属製 32×15mm,1630.0,,3097,7,small,Yahoo,はずれ,False,False,https://www.amazon.co.jp/dp/B003EIA7EO,Yahoo最安 JAN=4977292653602,
1828,B003EIHXFA,diy_tools,4977292653091,セフティー3(Safety-3) 異径 カップリング 金属製 40×25mm,2300.0,,3097,10,small,Yahoo,はずれ,False,False,https://www.amazon.co.jp/dp/B003EIHXFA,Yahoo最安 JAN=4977292653091,
1829,B003EIHXEQ,diy_tools,4977292653619,セフティー3(Safety-3) 異径カップリング 32×25mm,1630.0,,3348,5,small,Yahoo,はずれ,False,False,https://www.amazon.co.jp/dp/B003EIHXEQ,Yahoo最安 JAN=4977292653619,
1830,B003EIG522,diy_tools,4977292654203,セフティー3(Safety-3) 異径 ホース用コネクター 50×25mm,1100.0,,3348,8,small,Yahoo,はずれ,False,False,https://www.amazon.co.jp/dp/B003EIG522,Yahoo最安 JAN=4977292654203,
1831,B003EIA7DU,diy_tools,4977292653572,セフティー3(Safety-3) 異径 カップリング 金属製 19×15mm,1040.0,,3348,10,small,Yahoo,はずれ,False,False,https://www.amazon.co.jp/dp/B003EIA7DU,Yahoo最安 JAN=4977292653572,
1832,B003EIECVS,diy_tools,4977292654180,セフティー3(Safety-3) 異径 ホース用コネクター 50×38mm,1522.0,,3097,5,small,Yahoo,はずれ,False,False,https://www.amazon.co.jp/dp/B003EIECVS,Yahoo最安 JAN=4977292654180,
1833,B003EIG4S2,diy_tools,4977292653114,セフティー3(Safety-3) 異径 カップリング 金属製 50×40mm,3961.0,,3348,4,small,楽天,はずれ,False,False,https://www.amazon.co.jp/dp/B003EIG4S2,楽天最安 JAN=4977292653114,
1834,B003VUQT92,diy_tools,4977292654142,セフティー3(Safety-3) 異径 ホース用コネクター 38×32mm,1021.0,,3097,4,small,Yahoo,はずれ,False,False,https://www.amazon.co.jp/dp/B003VUQT92,Yahoo最安 JAN=4977292654142,
1835,B07RZS78F2,diy_tools,0088381874618,マキタ ミニ生垣バリカン 電源コード式 刈込幅230mm/切断径10mm MUH2301,9568.0,,2958,9,large_1,Yahoo,はずれ,False,False,https://www.amazon.co.jp/dp/B07RZS78F2,Yahoo最安 JAN=0088381874618,
1836,B0743688XC,diy_tools,4977292445863,SK11(エスケー11) エアホース セーフティソフト SAZ-820,5153.0,,3355,8,large_1,Yahoo,はずれ,False,False,https://www.amazon.co.jp/dp/B0743688XC,Yahoo最安 JAN=4977292445863,
1837,B07QKWY2Q6,diy_tools,4589479472755,アイウィス(IWISS) 裸圧着端子 裸圧着スリーブ 圧着工具 JIS準拠品 1.25-16.0sq対応 IWS-16,2680.0,,3358,2,standard_1,Yahoo,はずれ,False,False,https://www.amazon.co.jp/dp/B07QKWY2Q6,Yahoo最安 JAN=4589479472755,
1838,B00EYDUJHS,diy_tools,4513272016090,朝日アグリア 肥料 花 野菜 有機 有機化成肥料666 10kg 化成肥料に有機をプラスしたお花、野菜、あらゆる植物に使,2595.0,,3160,6,large_2,楽天,はずれ,False,False,https://www.amazon.co.jp/dp/B00EYDUJHS,楽天最安 JAN=4513272016090,
1839,B003HOUNBC,diy_tools,4513272088226,朝日アグリア 肥料 花 野菜 有機 有機化成肥料666 5kg 化成肥料に有機をプラスしたお花、野菜、あらゆる植物に使用,1373.0,,3160,2,large_2,Yahoo,はずれ,False,False,https://www.amazon.co.jp/dp/B003HOUNBC,Yahoo最安 JAN=4513272088226,
1840,B0FBQ2NYHT,diy_tools,4977292670050,セフティー3(Safety-3) 刈払作業用 低地刈チップソー 刈払機用 10インチ 外径255mm×刃数36P 特殊台,2500.0,,3135,4,standard_1,楽天,あやしい,False,False,https://www.amazon.co.jp/dp/B0FBQ2NYHT,楽天最安 JAN=4977292670050,
1841,B0F6JR1BC9,diy_tools,,静音キャスター ネジ式キャスター M8対応 交換用 4個 ストッパー付き 360度回転 総耐荷重80KG 耐久性 スパナ,1299.0,,3711,2,standard_1,,,False,False,https://www.amazon.co.jp/dp/B0F6JR1BC9,,
1842,B09K7LQZYC,diy_tools,4560454971548,斎藤撚糸　草刈機用飛散ガード　７２９９４１ [並行輸入品],1762.0,,3368,6,standard_1,Yahoo,はずれ,False,False,https://www.amazon.co.jp/dp/B09K7LQZYC,Yahoo最安 JAN=4560454971548,
1843,B0F6JLJ772,diy_tools,,静音キャスター ネジ式キャスター M6対応 交換用 4個 ストッパー付き 360度回転 総耐荷重80KG 耐久性 スパナ,1299.0,,3711,2,standard_1,,,False,False,https://www.amazon.co.jp/dp/B0F6JLJ772,,
1844,B0F5GFTB52,diy_tools,,ウレタンキャスター（5点セット）M11対応 シャフトサイズ11MMX22MM 椅子用交換キャスター 差し込み式OA椅子用,1499.0,,3370,2,standard_1,,,False,False,https://www.amazon.co.jp/dp/B0F5GFTB52,,
1845,B0F5GMLV99,diy_tools,,ウレタンキャスター（5点セット）M11対応 シャフトサイズ11MMX22MM 椅子用交換キャスター 差し込み式OA椅子用,1499.0,,3370,2,standard_1,,,False,False,https://www.amazon.co.jp/dp/B0F5GMLV99,,
1846,B0DWX9ZRYY,diy_tools,4977292309370,SK11(エスケー11) くろ（木工チップソー）3枚組 165×52P フッ素樹脂コーティング RoHS規格適合品,3688.0,,2558,3,standard_1,Yahoo,はずれ,False,False,https://www.amazon.co.jp/dp/B0DWX9ZRYY,Yahoo最安 JAN=4977292309370,
1847,B0DWWVPSPP,diy_tools,4977292309363,SK11(エスケー11) くろ（木工チップソー）3枚組 125×40P フッ素樹脂コーティング RoHS規格適合品,3441.0,,2558,3,small,Yahoo,はずれ,False,False,https://www.amazon.co.jp/dp/B0DWWVPSPP,Yahoo最安 JAN=4977292309363,
1848,B09RZHXZRJ,diy_tools,4977292643429,セフティー3(Safety-3) 刈払機用スパークプラグ No.29 NGK社製 BPMR-7Y,1310.0,,3050,7,small,楽天,はずれ,False,False,https://www.amazon.co.jp/dp/B09RZHXZRJ,楽天最安 JAN=4977292643429,
1849,B006K0D9ZC,diy_tools,4907052716254,高儀(Takagi) 村国 刈込鋏 小 150mm,1064.0,,2983,6,standard_1,楽天,はずれ,False,False,https://www.amazon.co.jp/dp/B006K0D9ZC,楽天最安 JAN=4907052716254,
1850,B00XW6UAO0,pet,,日本動物薬品 メチレンブルー水溶液 200mL(1.5トン用) 1本 (動物用医薬品）,1420.0,,3000,2,standard_1,,,False,False,https://www.amazon.co.jp/dp/B00XW6UAO0,,
1851,B07H2LQBQ7,pet,4990968113583,クリーンワン スタイリッチシート リラックスオリエンタルの香り 犬用 ワイド 44枚入,1480.0,,3004,10,large_1,Yahoo,はずれ,False,False,https://www.amazon.co.jp/dp/B07H2LQBQ7,Yahoo最安 JAN=4990968113583,
1852,B0CXYC6KHW,pet,,メディファス アドバンス 猫 キャットフード グレインフリー 1歳から チキン&フィッシュ味 【 下部尿路 国産 アルミ,2140.0,,3005,10,standard_2,,,False,False,https://www.amazon.co.jp/dp/B0CXYC6KHW,,
1853,B0FWCB28ZD,pet,4902560608664,はごろも キャットフード 無一物 舌福 バラエティ ペーストタイプ （14g×8本） 4袋入 （まとめ買い）,1240.0,,3011,3,standard_1,Yahoo,はずれ,False,False,https://www.amazon.co.jp/dp/B0FWCB28ZD,Yahoo最安 JAN=4902560608664,
1854,B01CCL72P0,pet,4560224462825,驚異の防臭袋 BOS (ボス) うんちが臭わない袋 猫用うんち処理袋【袋カラー：ブルー】 (Mサイズ 90枚入),1485.0,,3012,10,standard_1,Yahoo,はずれ,False,False,https://www.amazon.co.jp/dp/B01CCL72P0,Yahoo最安 JAN=4560224462825,
1855,B0FN38FYGF,pet,4969919300709,犬 クールネック ネッククーラー 首冷やす ネックールわんこ 中型犬用 暑さ対策 熱中症予防 国産 保冷剤 軽量 ペット,1980.0,,3014,3,small,楽天,はずれ,False,False,https://www.amazon.co.jp/dp/B0FN38FYGF,楽天最安 JAN=4969919300709,
1856,B095KW8NFK,pet,4562164190622,メニワン Duo One Eye R＆C 犬猫用 180粒（60粒×3袋）,4444.0,,3015,8,small,楽天,はずれ,False,False,https://www.amazon.co.jp/dp/B095KW8NFK,楽天最安 JAN=4562164190622,
1857,B000FAK3QQ,pet,0858155001218,【最短賞味期限：2026年12月10日】ネイチャーズロジック ドッグ ドライ チキン 2kg,2433.0,,3015,2,large_1,Yahoo,はずれ,False,False,https://www.amazon.co.jp/dp/B000FAK3QQ,Yahoo最安 JAN=0858155001218,
1858,B0DHX67SCJ,pet,4580298877042,【2袋セット】ベッツワンベテリナリー 猫用 pHケア ライト チキン 500g,3570.0,,3021,2,standard_1,Yahoo,あやしい,True,True,https://www.amazon.co.jp/dp/B0DHX67SCJ,Yahoo最安 JAN=4580298877042,
1859,B0027QK4QA,pet,4972547900012,ジェックス 天然流木 SS,1220.0,,3025,8,small,Yahoo,あやしい,False,False,https://www.amazon.co.jp/dp/B0027QK4QA,Yahoo最安 JAN=4972547900012,
1860,B0GNYYG851,pet,4903588147326,アドメイト (ADD. MATE) more softプレミアム チキン&ビーフ ハイシニア 450g（グレインフリー/,2848.0,,3025,2,standard_1,Yahoo,はずれ,False,False,https://www.amazon.co.jp/dp/B0GNYYG851,Yahoo最安 JAN=4903588147326,
1861,B0GNYR45RG,pet,4903588147302,アドメイト (ADD. MATE) more softプレミアム チキン&ビーフ アダルト 500g（グレインフリー/穀,3129.0,,3025,2,standard_1,Yahoo,はずれ,False,False,https://www.amazon.co.jp/dp/B0GNYR45RG,Yahoo最安 JAN=4903588147302,
1862,B0GNZ5W8LS,pet,4903588147296,アドメイト (ADD. MATE) more softプレミアム チキン ハイシニア 450g（グレインフリー/穀物不使,2841.0,,3025,4,standard_1,Yahoo,はずれ,False,False,https://www.amazon.co.jp/dp/B0GNZ5W8LS,Yahoo最安 JAN=4903588147296,
1863,B0GNZ315RF,pet,4903588147319,アドメイト (ADD. MATE) more softプレミアム チキン&ビーフ シニア 500g（グレインフリー/穀物,2876.0,,3325,3,standard_1,Yahoo,はずれ,False,False,https://www.amazon.co.jp/dp/B0GNZ315RF,Yahoo最安 JAN=4903588147319,
1864,B0GNYR4PPW,pet,4903588147272,アドメイト (ADD. MATE) more softプレミアム チキン アダルト 500g（グレインフリー/穀物不使用,2817.0,,3025,3,standard_1,Yahoo,はずれ,False,False,https://www.amazon.co.jp/dp/B0GNYR4PPW,Yahoo最安 JAN=4903588147272,
1865,B0BTVK2JWP,pet,4573298445786,fuu うまうまセレクション リスハムミックス＋ 3kg ハムスター リス モモンガ フード 小動物 穀物 野菜 バラン,3440.0,,3029,2,large_1,,,False,False,https://www.amazon.co.jp/dp/B0BTVK2JWP,,
1866,B0BTVLLY4J,pet,4573298445809,fuu うまうまセレクション リスハムミックス＋ 10kg 穀物と野菜のバランス食 ハムスター モモンガ ジャンガリアン,9720.0,,3374,3,large_2,,,False,False,https://www.amazon.co.jp/dp/B0BTVLLY4J,,
1867,B08H5HKV1L,pet,4573298440743,fuu うまうまセレクション リスハムミックス＋ 880g ハムスター リス モモンガ フード 小動物 穀物 野菜 バラ,1510.0,,3374,2,standard_1,,,False,False,https://www.amazon.co.jp/dp/B08H5HKV1L,,
1868,B0BTVKL9J7,pet,4573298445793,fuu うまうまセレクション リスハムミックス＋ 5kg ハムスター リス モモンガ フード 小動物 穀物 野菜 バラン,5500.0,,3374,3,large_2,,,False,False,https://www.amazon.co.jp/dp/B0BTVKL9J7,,
1869,B0014I3NHO,pet,0052742595702,ヒルズ プリスクリプションダイエット ドッグフード ドライ d/d ディーディー サーモン&ポテト 食物アレルギー&皮膚,8667.0,,3032,2,large_1,Yahoo,はずれ,False,False,https://www.amazon.co.jp/dp/B0014I3NHO,Yahoo最安 JAN=0052742595702,
1870,B00DLUU8BM,pet,0052742225401,ヒルズ プリスクリプションダイエット ドッグフード ドライ r/d アールディー 小粒 チキン 体重減量 犬用 療法食 ,8180.0,,3033,5,large_1,Yahoo,はずれ,False,False,https://www.amazon.co.jp/dp/B00DLUU8BM,Yahoo最安 JAN=0052742225401,
1871,B001F6XFIM,pet,0892461002040,Eye Envy 涙やけケアパウダー 犬・猫用 0.5オンス｜天然成分｜目元の清潔維持・サラサラ仕上げ｜やさしい低刺激処,2499.0,,2943,2,small,,,False,False,https://www.amazon.co.jp/dp/B001F6XFIM,,
1872,B09WMV4J7Z,pet,4580471868867,猫壱 バリバリパッド ワイドプラス 爪研ぎ 交換用2個セット,1262.0,,3035,8,standard_1,Yahoo,はずれ,False,False,https://www.amazon.co.jp/dp/B09WMV4J7Z,Yahoo最安 JAN=4580471868867,
1873,B093FL44MP,pet,,「ハイペット PROSELECTうさぎのきわみトリーツ毛玉ケア 100g」 ２個セット,1050.0,,3042,7,small,,,False,False,https://www.amazon.co.jp/dp/B093FL44MP,,
1874,B0DH877MRJ,pet,4580101261747,i CARE アイケア 便臭ケア まぐろペースト 35g 12個入り,1553.0,,3034,1,standard_1,楽天,はずれ,False,False,https://www.amazon.co.jp/dp/B0DH877MRJ,楽天最安 JAN=4580101261747,
1875,B07Y9FX4CP,pet,4974212057762,スドー アクアリウム用品 金魚の天然珠塩1kg × 2個,1760.0,,3044,6,large_1,Yahoo,はずれ,False,False,https://www.amazon.co.jp/dp/B07Y9FX4CP,Yahoo最安 JAN=4974212057762,
1876,B0D49CP98X,pet,5211990017007,ママクック フリーズドライのとうふ 犬用 25g×3個,1880.0,,3046,3,small,Yahoo,はずれ,False,False,https://www.amazon.co.jp/dp/B0D49CP98X,Yahoo最安 JAN=5211990017007,
1877,B07H5JT8N5,pet,4903588320033,ペティオ (Petio) ネコの元気草 3プラス2,1980.0,,3049,2,standard_1,Yahoo,はずれ,False,False,https://www.amazon.co.jp/dp/B07H5JT8N5,Yahoo最安 JAN=4903588320033,
1878,B09Z2BM8HQ,pet,4520699674345,【しっかり固まる】デオサンド 香りで消臭する紙砂 ナチュラルグリーンの香り 30L(5L×6個)[ 猫砂 紙タイプ ]【,3947.0,,3060,2,large_2,楽天,はずれ,False,False,https://www.amazon.co.jp/dp/B09Z2BM8HQ,楽天最安 JAN=4520699674345,
1879,B0CN69FT5J,pet,9000329662003,CIAO (チャオ) CIAOクランキー かつお・かつお節味 本格かつおだし 700g 2個セット,2006.0,,3062,2,standard_2,Yahoo,はずれ,False,False,https://www.amazon.co.jp/dp/B0CN69FT5J,Yahoo最安 JAN=9000329662003,
1880,B08W5S1PWG,pet,4902201213943,モンプチ プチリュクス パウチ ナチュラル スープ しらす入りまぐろとかつお 30gx12 キャットフード ウェット 猫,1416.0,,3067,3,standard_1,楽天,はずれ,False,False,https://www.amazon.co.jp/dp/B08W5S1PWG,楽天最安 JAN=4902201213943,
1881,B0BYNLLRP8,pet,8809739890218,JAYU PET デンタルジェル - 犬 歯みがき粉、 猫 歯みがき粉 歯垢と歯石の除去 歯のクリーニングと口臭ケア 子,2190.0,,3068,2,small,Yahoo,はずれ,False,False,https://www.amazon.co.jp/dp/B0BYNLLRP8,Yahoo最安 JAN=8809739890218,
1882,B0F99M84JW,pet,8809739890546,"JAYU PET デンタルケアブラシ (エッジ毛) 3個セット - 猫 犬 歯ブラシ, 小型犬, 猫の歯石・歯垢除去用ソ",2790.0,,3068,2,small,Yahoo,はずれ,False,False,https://www.amazon.co.jp/dp/B0F99M84JW,Yahoo最安 JAN=8809739890546,
1883,B0F99HYTJD,pet,8809739890553,"JAYU PET デンタルケアブラシ (硬毛) 3個セット - 猫 犬 歯ブラシ, 小型犬, 猫の歯石・歯垢除去用ソフト",2790.0,,3068,2,small,Yahoo,はずれ,False,False,https://www.amazon.co.jp/dp/B0F99HYTJD,Yahoo最安 JAN=8809739890553,
1884,B0BQCD1LVW,pet,8809739890171,"JAYU PET デンタルケアブラシ(ソフト毛) 3個セット - 猫 犬 歯ブラシ, 小型犬, 猫の歯石・歯垢除去用ソフ",2790.0,,3068,2,small,Yahoo,はずれ,False,False,https://www.amazon.co.jp/dp/B0BQCD1LVW,Yahoo最安 JAN=8809739890171,
1885,B07Z8C3ZFH,pet,4970501033264,デビフ ドッグフード プリモデビィ シニア犬用 ササミ&すりおろし野菜 グリーン 95グラム (x 6) (まとめ買い),1158.0,,3467,9,standard_1,Yahoo,あやしい,False,False,https://www.amazon.co.jp/dp/B07Z8C3ZFH,Yahoo最安 JAN=4970501033264,
1886,B0CTZNYQL5,pet,4972547043306,ジェックス GEX メダカ元気 彩姫 産卵・繁殖用 1kg 【大容量】 成魚用 顆粒 昆虫原料配合 高栄養設計&嗜好性,3100.0,,3077,3,standard_2,楽天,はずれ,False,False,https://www.amazon.co.jp/dp/B0CTZNYQL5,楽天最安 JAN=4972547043306,
1887,B08ZF1XZLV,pet,4902418903194,プッチーヌ ドッグフード ひとくちゼリー 国産若鶏ささみ入り チーズ味 48gx6個 (まとめ買い),1571.0,,3076,6,standard_1,楽天,あやしい,True,True,https://www.amazon.co.jp/dp/B08ZF1XZLV,楽天最安 JAN=4902418903194,
1888,B08ZF2D36X,pet,4902418903187,プッチーヌ ドッグフード ひとくちゼリー 国産若鶏ささみ入り ビーフ味 48gx6個 (まとめ買い),1437.0,,3076,6,standard_1,楽天,あやしい,False,False,https://www.amazon.co.jp/dp/B08ZF2D36X,楽天最安 JAN=4902418903187,
1889,B08ZDWZB8N,pet,4902418903231,プッチーヌ ドッグフード ひとくちゼリー 国産若鶏ささみ入り 3種のアソート 99gx4個 (まとめ買い),1354.0,,3076,3,standard_1,Yahoo,あやしい,False,False,https://www.amazon.co.jp/dp/B08ZDWZB8N,Yahoo最安 JAN=4902418903231,
1890,B072M2D7QH,pet,4952667153888,常陸化工 猫砂 トイレに流せる木製猫砂 大容量タイプ 12L 4袋,5590.0,,3078,3,standard_1,楽天,原石,True,True,https://www.amazon.co.jp/dp/B072M2D7QH,楽天最安 JAN=4952667153888,
1891,B0D4997ST8,pet,5211990016963,ママクック フリーズドライのひとくちムネ肉 犬用 28g×3個,2050.0,,2835,3,standard_1,Yahoo,はずれ,False,False,https://www.amazon.co.jp/dp/B0D4997ST8,Yahoo最安 JAN=5211990016963,
1892,B0CVL7KC4W,pet,4972547043917,EXO TERRA ヒーティングトップ L 爬虫類・両生類飼育 ケージ上部設置型ヒーター 置くだけ簡単設置 W40×D1,6610.0,,3083,8,standard_1,楽天,はずれ,False,False,https://www.amazon.co.jp/dp/B0CVL7KC4W,楽天最安 JAN=4972547043917,
1893,B084HTZ4HC,pet,9008113088008,ジェックス フルーツバー ペット用 13g×6個 (まとめ買い),1552.0,,3802,2,standard_1,Yahoo,はずれ,False,False,https://www.amazon.co.jp/dp/B084HTZ4HC,Yahoo最安 JAN=9008113088008,
1894,B07NX93SNG,pet,4976285159206,（株）三晃商会 Ｆ９２専門 ラビット・プライム プラス メンテナンス 1.1kg,1650.0,,3087,10,standard_2,Yahoo,はずれ,False,False,https://www.amazon.co.jp/dp/B07NX93SNG,Yahoo最安 JAN=4976285159206,
1895,B00N4M73G0,pet,4906456514282,ミニマルランド 鳥かご バードパレス コーラル,1700.0,,3090,7,standard_2,Yahoo,はずれ,False,False,https://www.amazon.co.jp/dp/B00N4M73G0,Yahoo最安 JAN=4906456514282,
1896,B0CVVZWRGV,pet,4573263890290,邑楽ファーム ヨーロッパイエコオロギ Mサイズ(約12~14mm)＊100匹 カップ入り,1060.0,,3134,3,standard_1,,,False,False,https://www.amazon.co.jp/dp/B0CVVZWRGV,,
1897,B07PBF1Q3F,pet,4902112006405,ビューティープロ ドッグフード ドッグ おなかの健康 1歳から 【獣医師監修】 【国産】 【大容量】 チキン 犬 4.7,3055.0,,2610,10,large_1,Yahoo,はずれ,False,False,https://www.amazon.co.jp/dp/B07PBF1Q3F,Yahoo最安 JAN=4902112006405,
1898,B0FYD4SJTG,pet,4970022015114,スマック Quoli(クオリ) シニア犬用 チキン 300g×13袋 3.9kg 国産 成犬用総合栄養食 ヒューマングレ,5436.0,,4773,2,large_1,Yahoo,はずれ,False,False,https://www.amazon.co.jp/dp/B0FYD4SJTG,Yahoo最安 JAN=4970022015114,
1899,B0FYCKS8KW,pet,4970022015107,スマック Quoli(クオリ) 体重管理 成犬用 チキン 300g×13袋 3.9kg 国産 成犬用総合栄養食 ヒューマ,5445.0,,4773,2,large_1,Yahoo,はずれ,False,False,https://www.amazon.co.jp/dp/B0FYCKS8KW,Yahoo最安 JAN=4970022015107,
1900,B0055B4TA6,pet,4978007000216,ワンラック (ONE LAC) ワンラック 森乳の愛犬食 Meal ミール 10kg 10キログラム (x 1),4255.0,,3290,8,large_2,Yahoo,はずれ,False,False,https://www.amazon.co.jp/dp/B0055B4TA6,Yahoo最安 JAN=4978007000216,
1901,B0CJ4GNGKK,pet,0035585752266,KONG(コング) ワブラー 知育玩具 しつけ 早食い防止,2980.0,,3531,6,standard_1,Yahoo,はずれ,False,False,https://www.amazon.co.jp/dp/B0CJ4GNGKK,Yahoo最安 JAN=0035585752266,
1902,B0C3QQ1W7G,pet,0035585751917,KONG(コング) ジャイロ ラージ 知育玩具 しつけ 早食い防止,2980.0,,3100,4,standard_1,Yahoo,はずれ,False,False,https://www.amazon.co.jp/dp/B0C3QQ1W7G,Yahoo最安 JAN=0035585751917,
1903,B08HDMLZMH,pet,2000019079552,アイリスオーヤマ ひのきでつくった猫砂 7L×4袋 抗菌 消臭 固まる トイレに流せる,2448.0,,3103,2,large_2,,,False,False,https://www.amazon.co.jp/dp/B08HDMLZMH,,
1904,B08HDQBGC4,pet,2000019079569,アイリスオーヤマ お茶の猫砂 7L×4袋 抗菌 消臭 固まる,2970.0,,3103,3,large_2,,,False,False,https://www.amazon.co.jp/dp/B08HDQBGC4,,
1905,B07XQZVQ8R,pet,2000013149718,アイリスオーヤマ 猫砂 ウッディフレッシュ 7L×4袋 WF-70 固まる 脱臭 抗菌 ベントナイト,2656.0,,3103,3,large_2,Yahoo,はずれ,False,False,https://www.amazon.co.jp/dp/B07XQZVQ8R,Yahoo最安 JAN=2000013149718,
1906,B0GL21P1WK,pet,4972547929112,ピュアクリスタル ハロー 950mL 猫用 ミントグリーン フィルター式給水器 はじめてにも USB電源 静音 フィルタ,2345.0,,3105,7,standard_1,Yahoo,はずれ,False,False,https://www.amazon.co.jp/dp/B0GL21P1WK,Yahoo最安 JAN=4972547929112,
1907,B0GL225P2X,pet,4972547929105,ピュアクリスタル ハロー 950mL 猫用 アーモンドミルク フィルター式給水器 はじめてにも USB電源 静音 フィル,2345.0,,3223,7,standard_1,楽天,はずれ,False,False,https://www.amazon.co.jp/dp/B0GL225P2X,楽天最安 JAN=4972547929105,
1908,B086F1WT6V,pet,4520699698648,銀のスプーン キャットフード パウチ 健康に育つ子猫用まぐろ・かつお 60グラム (x 12),1436.0,,2776,9,standard_1,Yahoo,はずれ,False,False,https://www.amazon.co.jp/dp/B086F1WT6V,Yahoo最安 JAN=4520699698648,
1909,B0756WPB6W,pet,4520699648384,銀のスプーン 贅沢うまみ仕立て 毛玉ケア まぐろ・かつお・煮干し・白身魚・しらす入り 900g,1380.0,,3108,10,standard_1,楽天,はずれ,False,False,https://www.amazon.co.jp/dp/B0756WPB6W,楽天最安 JAN=4520699648384,
1910,B077DFMCJ5,pet,9000048900004,銀のスプーン 贅沢うまみ仕立て 毛玉ケア お魚づくし 1.4kg×6個,6950.0,,3207,2,large_2,Yahoo,はずれ,False,False,https://www.amazon.co.jp/dp/B077DFMCJ5,Yahoo最安 JAN=9000048900004,
1911,B0BHYGKZLX,pet,9300605133013,プロプラン 避妊・去勢した猫の体重ケア サーモン＆ツナ 1.5kg,3580.0,,3073,6,standard_2,Yahoo,はずれ,False,False,https://www.amazon.co.jp/dp/B0BHYGKZLX,Yahoo最安 JAN=9300605133013,
1912,B0CZDQT58W,pet,,COZY KISS 犬用階段 小型犬用 高さ11.8インチ ペットステップ 漏れ防止カバー付き 高密度フォーム 猫用スロ,9462.0,,3111,2,standard_2,,,False,False,https://www.amazon.co.jp/dp/B0CZDQT58W,,
1913,B0G46RGGXV,pet,,COZY KISS 犬用階段 小型犬用 ペットステップ 漏れ防止カバー付き 高密度フォーム 猫用スロープ 椅子やソファ用,8333.0,,3111,2,standard_2,,,False,False,https://www.amazon.co.jp/dp/B0G46RGGXV,,
1914,B0G46QKX97,pet,,COZY KISS 犬用階段 小型犬用 高さ11.8インチ ペットステップ 漏れ防止カバー付き 高密度フォーム 猫用スロ,9318.0,,3111,2,standard_2,,,False,False,https://www.amazon.co.jp/dp/B0G46QKX97,,
1915,B084HV5TFD,pet,4976555391251,ドギーマン 犬用おやつ おなかにやさしいちっちゃなワンワンビスケット 濃厚ミルク 580g×3個 (まとめ買い),1376.0,,2702,2,standard_2,Yahoo,はずれ,False,False,https://www.amazon.co.jp/dp/B084HV5TFD,Yahoo最安 JAN=4976555391251,
1916,B0CW5W64XM,pet,4970022014308,スマック フローラケア 成犬用 グレインフリー 2.4kg (400g×6) 国産 総合栄養食 穀物不使用 ドッグフード,2322.0,,3117,4,large_1,Yahoo,はずれ,False,False,https://www.amazon.co.jp/dp/B0CW5W64XM,Yahoo最安 JAN=4970022014308,
1917,B0CW61CXP5,pet,4970022014322,スマック フローラケア シニア犬用 グレインフリー 2.4kg (400g×6) 国産 総合栄養食 穀物不使用 ドッグフ,2515.0,,3117,4,large_1,Yahoo,はずれ,False,False,https://www.amazon.co.jp/dp/B0CW61CXP5,Yahoo最安 JAN=4970022014322,
1918,B0CW631Y68,pet,4970022014315,スマック フローラケア 食物アレルギーに配慮 グレインフリー 2.4kg (400g×6) 国産 総合栄養食 穀物不使用,2322.0,,3117,5,large_1,Yahoo,はずれ,False,False,https://www.amazon.co.jp/dp/B0CW631Y68,Yahoo最安 JAN=4970022014315,
1919,B0CW5ZS4JB,pet,4970022014254,スマック フローラケア 体重管理 グレインフリー 2.4kg (400g×6) 国産 総合栄養食 穀物不使用 ドッグフー,2733.0,,3646,6,large_1,Yahoo,はずれ,False,False,https://www.amazon.co.jp/dp/B0CW5ZS4JB,Yahoo最安 JAN=4970022014254,
1920,B09X5DZRTZ,pet,4513441331160,ジャパンプレミアム 長崎産きびなご 100g×3個,1630.0,,2725,2,standard_1,Yahoo,はずれ,False,False,https://www.amazon.co.jp/dp/B09X5DZRTZ,Yahoo最安 JAN=4513441331160,
1921,B09X6HZ7FK,pet,4513441332921,ジャパンプレミアム 長崎産きびなご 100g×5個,2717.0,,2725,2,standard_1,Yahoo,はずれ,False,False,https://www.amazon.co.jp/dp/B09X6HZ7FK,Yahoo最安 JAN=4513441332921,
1922,B09X6JFHSP,pet,4513441332082,ジャパンプレミアム 長崎産きびなご 100g×4個,2174.0,,2725,3,standard_1,,,False,False,https://www.amazon.co.jp/dp/B09X6JFHSP,,
1923,B09X5DB6CY,pet,4513441330248,ジャパンプレミアム 長崎産きびなご 100g×2個,1078.0,,2725,3,standard_1,Yahoo,はずれ,False,False,https://www.amazon.co.jp/dp/B09X5DB6CY,Yahoo最安 JAN=4513441330248,
1924,B0CFY4CNHF,pet,4570067420173,ミシュワン ドッグフード 成犬用(国産鶏肉＆馬肉)お試しサイズ50g×5個【獣医師監修】 無添加 グルテンフリー 総合栄,1800.0,,3142,2,standard_1,楽天,はずれ,False,False,https://www.amazon.co.jp/dp/B0CFY4CNHF,楽天最安 JAN=4570067420173,
1925,B00WR7QEXG,pet,,SRT ロングリード 20m 水に浮く 軽量 丸ロープ 絡まりにくい 中型犬 大型犬 トレーニング しつけ ドッグラン ,2975.0,,3143,2,standard_1,,,False,False,https://www.amazon.co.jp/dp/B00WR7QEXG,,
1926,B00WR7QF08,pet,,SRT ロングリード 20m 水に浮く 軽量 丸ロープ 絡まりにくい 中型犬 大型犬 トレーニング しつけ ドッグラン ,2975.0,,3208,3,standard_1,,,False,False,https://www.amazon.co.jp/dp/B00WR7QF08,,
1927,B07YBXMXQH,pet,6955880398218,FEANDREA ペットフェンス 中型犬用 小型犬用 ペットサークル 折り畳み式 カタチ変更可 スチール製 犬ゲージ 複,8299.0,,3151,3,large_2,Yahoo,はずれ,False,False,https://www.amazon.co.jp/dp/B07YBXMXQH,Yahoo最安 JAN=6955880398218,
1928,B0D2RK43DM,pet,0194343207964,FEANDREA 犬サークル 高さ60cm 小型犬用 パネル8枚 複数連結可能 スチール製 組立簡単 折り畳み式 犬ゲー,8329.0,,3151,3,large_2,Yahoo,はずれ,False,False,https://www.amazon.co.jp/dp/B0D2RK43DM,Yahoo最安 JAN=0194343207964,
1929,B0B2RBQM61,pet,4967576632904,アイリスオーヤマ 犬 サークル 室内 コンビネーションサークル用屋根 P-CS-930YV ウォールナット,2160.0,,3152,7,standard_2,楽天,はずれ,False,False,https://www.amazon.co.jp/dp/B0B2RBQM61,楽天最安 JAN=4967576632904,
1930,B0B2RFCN69,pet,4967576632911,アイリスオーヤマ 犬 サークル 室内 コンビネーションサークル用屋根 P-CS-470YV ウォールナット,1780.0,,3152,6,standard_1,楽天,はずれ,False,False,https://www.amazon.co.jp/dp/B0B2RFCN69,楽天最安 JAN=4967576632911,
1931,B0BY7W3WZK,pet,4994527915700,アース・ペット ペット用アースノーマットセット コードレス,1106.0,,3109,6,small,楽天,はずれ,False,False,https://www.amazon.co.jp/dp/B0BY7W3WZK,楽天最安 JAN=4994527915700,
1932,B0956BGYS3,pet,9421905950398,Feline Natural プレミアムパウチ キャットフード ラム&キングサーモン 85g 【12袋セット】,5808.0,,3154,2,standard_2,Yahoo,はずれ,False,False,https://www.amazon.co.jp/dp/B0956BGYS3,Yahoo最安 JAN=9421905950398,
1933,B0GKFWDD9Z,pet,4972547047281,ジェックス カメ元気 フィルター 交換ろ材 4コ入 カメ元気フィルター・カメ元気ダストキャッチフィルター 純正品,1450.0,,3343,8,small,Yahoo,はずれ,False,False,https://www.amazon.co.jp/dp/B0GKFWDD9Z,Yahoo最安 JAN=4972547047281,
1934,B07BL277GH,pet,4522831780891,コーナンオリジナル LIFELEX ドッグタイムス 犬 ドライフード 10kg 全犬種 成犬用総合栄養食 ビーフ＆フィッ,2990.0,,3158,2,large_2,Yahoo,はずれ,False,False,https://www.amazon.co.jp/dp/B07BL277GH,Yahoo最安 JAN=4522831780891,
1935,B07BL1MVSG,pet,4522831780907,コーナンオリジナル LIFELEX ドッグタイムス ドッグフード 犬 ドライフード 10kg 全犬種 成犬用総合栄養食 ,2990.0,,4283,2,large_2,Yahoo,はずれ,False,False,https://www.amazon.co.jp/dp/B07BL1MVSG,Yahoo最安 JAN=4522831780907,
1936,B07BL1TH8S,pet,4522831780914,コーナンオリジナル LIFELEX ドッグタイムス ドッグフード 犬 ドライフード 10kg 全犬種 シニア用総合栄養食,2990.0,,4283,2,large_2,Yahoo,はずれ,False,False,https://www.amazon.co.jp/dp/B07BL1TH8S,Yahoo最安 JAN=4522831780914,
1937,B0BWJKC5X1,pet,4511413630099,DHC 犬用 サプリ かゆケアドッグ 60粒,1498.0,,3163,8,small,Yahoo,はずれ,False,False,https://www.amazon.co.jp/dp/B0BWJKC5X1,Yahoo最安 JAN=4511413630099,
1938,B0F5Q7VXWX,pet,0753947796085,猫 おもちゃ 猫ボール 自動起動機能付き 360° 全方向回転 LED ライト搭載 Type-C 充電式 長尾電動猫 ボ,2090.0,,3164,3,small,,,False,False,https://www.amazon.co.jp/dp/B0F5Q7VXWX,,
1939,B09JNW2F2R,pet,4528636807191,メイドオブオーガニクス フォードッグ オーガニック コットンシート 80枚入り 犬 猫 拭き取りシート 目 耳 口周り ,1210.0,,3168,2,small,Yahoo,はずれ,False,False,https://www.amazon.co.jp/dp/B09JNW2F2R,Yahoo最安 JAN=4528636807191,
1940,B09JNXS6ZB,pet,4528636807207,メイドオブオーガニクス フォードッグ オーガニック コットンシート 180枚入り 犬 猫 拭き取りシート 目 耳 口周り,2350.0,,3168,3,small,Yahoo,はずれ,False,False,https://www.amazon.co.jp/dp/B09JNXS6ZB,Yahoo最安 JAN=4528636807207,
1941,B0C1SRYYY8,pet,4570050900217,【ラビッツ】特撰無農薬栽培オーツヘイ７０g 10袋セット,9300.0,,3171,2,small,,,False,False,https://www.amazon.co.jp/dp/B0C1SRYYY8,,
1942,B0CBYJRQKY,pet,4570050900224,【牧草直送農家のラビッツ】特撰無農薬オーツヘイ70ｇ (１袋セット),1080.0,,3171,3,standard_1,,,False,False,https://www.amazon.co.jp/dp/B0CBYJRQKY,,
1943,B0C1SN9C1G,pet,4570050900200,【ラビッツ】特撰無農薬栽培オーツヘイ７０g 5袋セット,4850.0,,3171,2,standard_1,,,False,False,https://www.amazon.co.jp/dp/B0C1SN9C1G,,
1944,B0CZL77BM8,pet,4902112008607,コンボ ピュア ドッグ 超小粒 1.6kg【無添加素材使用】【国産】【小分包装】,2436.0,,2846,8,standard_2,楽天,はずれ,False,False,https://www.amazon.co.jp/dp/B0CZL77BM8,楽天最安 JAN=4902112008607,
1945,B0028NAO08,pet,4902162015891,キャラット 5つの味 飽きやすい成猫用 海の幸 400g,1040.0,,3760,5,standard_1,Yahoo,はずれ,False,False,https://www.amazon.co.jp/dp/B0028NAO08,Yahoo最安 JAN=4902162015891,
1946,B0CGWZ7LPS,pet,4902112046968,ラシーネ 日本猫 キャットフード にぼし削り入り 1.18ｋｇ【国産】 【獣医師監修】 【小分包装】,1464.0,,3806,10,standard_2,Yahoo,はずれ,False,False,https://www.amazon.co.jp/dp/B0CGWZ7LPS,Yahoo最安 JAN=4902112046968,
1947,B00WE21MJK,pet,,コバエシャッター 中 （２９８×１９５×２１０ｍｍ） プラケース 虫かご 飼育容器 昆虫 カブトムシ クワガタ,1900.0,,3182,3,standard_1,,,False,False,https://www.amazon.co.jp/dp/B00WE21MJK,,
1948,B0DDGT77N7,pet,,陶器 早食い防止 食器 犬 傾斜 犬 早食い防止 小型犬 中型犬 猫 早食い防止 食器 高台 犬 はや食い防止食器 小型,1499.0,,3190,2,standard_1,,,False,False,https://www.amazon.co.jp/dp/B0DDGT77N7,,
1949,B0DDGX9Z22,pet,,陶器 早食い防止 食器 犬 傾斜 犬 早食い防止 小型犬 中型犬 猫 早食い防止 食器 高台 犬 はや食い防止食器 小型,1499.0,,3190,2,standard_1,,,False,False,https://www.amazon.co.jp/dp/B0DDGX9Z22,,
1950,B0BNM9WC2S,pet,4580546403535,INULABO(イヌラボ) 洗える ペットシーツ 特大 おしっこマット 防水 床保護 ペットマット 丸ごと洗える 【わん,5832.0,,3122,2,standard_2,,,False,False,https://www.amazon.co.jp/dp/B0BNM9WC2S,,
1951,B09P4NKPJ3,pet,4580546403108,INULABO(イヌラボ) 洗える ペットシーツ 特大 おしっこマット 防水 床保護 ペットマット 丸ごと洗える 【わん,3880.0,,3122,2,standard_2,,,False,False,https://www.amazon.co.jp/dp/B09P4NKPJ3,,
1952,B0BNM8PC8B,pet,4580546403511,INULABO(イヌラボ) 洗える ペットシーツ 特大 おしっこマット 防水 床保護 ペットマット 丸ごと洗える 【わん,4482.0,,3122,2,standard_2,,,False,False,https://www.amazon.co.jp/dp/B0BNM8PC8B,,
1953,B0BNMMVPXW,pet,4580546403528,INULABO(イヌラボ) 洗える ペットシーツ 特大 おしっこマット 防水 床保護 ペットマット 丸ごと洗える 【わん,3492.0,,3122,2,standard_2,,,False,False,https://www.amazon.co.jp/dp/B0BNMMVPXW,,
1954,B09P4P7HKQ,pet,4580546403160,INULABO(イヌラボ) 洗える ペットシーツ 特大 おしっこマット 防水 床保護 ペットマット 丸ごと洗える 【わん,4482.0,,3122,2,standard_2,,,False,False,https://www.amazon.co.jp/dp/B09P4P7HKQ,,
1955,B09P4P5THZ,pet,4580546403115,INULABO(イヌラボ) 洗える ペットシーツ 特大 おしっこマット 防水 床保護 ペットマット 丸ごと洗える 【わん,3492.0,,3122,2,standard_2,,,False,False,https://www.amazon.co.jp/dp/B09P4P5THZ,,
1956,B0CBK2MQXQ,pet,4580546403696,INULABO(イヌラボ) 洗える ペットシーツ 特大 おしっこマット 防水 床保護 ペットマット 丸ごと洗える 【わん,2682.0,,3122,2,standard_1,,,False,False,https://www.amazon.co.jp/dp/B0CBK2MQXQ,,
1957,B0CBK1W279,pet,4580546403719,INULABO(イヌラボ) 洗える ペットシーツ 特大 おしっこマット 防水 床保護 ペットマット 丸ごと洗える 【わん,2682.0,,3122,2,standard_1,,,False,False,https://www.amazon.co.jp/dp/B0CBK1W279,,
1958,B0CBK2KPQP,pet,4580546403689,INULABO(イヌラボ) 洗える ペットシーツ 特大 おしっこマット 防水 床保護 ペットマット 丸ごと洗える 【わん,4482.0,,3122,2,standard_1,,,False,False,https://www.amazon.co.jp/dp/B0CBK2KPQP,,
1959,B0CSJ9HCPL,pet,4580546403948,"INULABO(イヌラボ) 大判 床保護マット (165×122cm(2枚セット), ブラウン)",5742.0,,3122,2,standard_2,,,False,False,https://www.amazon.co.jp/dp/B0CSJ9HCPL,,
1960,B0CBK35BGM,pet,4580546403672,INULABO(イヌラボ) 洗える ペットシーツ 特大 おしっこマット 防水 床保護 ペットマット 丸ごと洗える 【わん,2831.0,,3122,2,standard_1,,,False,False,https://www.amazon.co.jp/dp/B0CBK35BGM,,
1961,B0CBJZF54R,pet,4580546403726,INULABO(イヌラボ) 洗える ペットシーツ 特大 おしっこマット 防水 床保護 ペットマット 丸ごと洗える 【わん,4482.0,,3122,2,standard_1,,,False,False,https://www.amazon.co.jp/dp/B0CBJZF54R,,
1962,B0FFG8W9TH,pet,,Dono 犬用おむつ 女の子用 くま柄 幅広伸縮ウエスト 360°漏れ防止 通気性 使い捨て 生理・介護用 L 20枚 ,2250.0,,4564,2,standard_1,,,False,False,https://www.amazon.co.jp/dp/B0FFG8W9TH,,
1963,B0FFG9JKC9,pet,,Dono 犬用おむつ 女の子用 くま柄 幅広伸縮ウエスト 360°漏れ防止 通気性 使い捨て 生理・介護用 XL 20枚,2200.0,,3196,2,standard_1,,,False,False,https://www.amazon.co.jp/dp/B0FFG9JKC9,,
1964,B0FFG96XGT,pet,,Dono 犬用おむつ 女の子用 くま柄 幅広伸縮ウエスト 360°漏れ防止 通気性 使い捨て 生理・介護用 L 40枚 ,3600.0,,3196,2,standard_2,,,False,False,https://www.amazon.co.jp/dp/B0FFG96XGT,,
1965,B0FFGJBMQQ,pet,,Dono 犬用おむつ 女の子用 くま柄 幅広伸縮ウエスト 360°漏れ防止 通気性 使い捨て 生理・介護用 M 40枚 ,3100.0,,3196,2,standard_2,,,False,False,https://www.amazon.co.jp/dp/B0FFGJBMQQ,,
1966,B0FFGDT53Y,pet,,Dono 犬用おむつ 女の子用 くま柄 幅広伸縮ウエスト 360°漏れ防止 通気性 使い捨て 生理・介護用 XS 20枚,1790.0,,4564,2,standard_1,,,False,False,https://www.amazon.co.jp/dp/B0FFGDT53Y,,
1967,B0FFGKBQ74,pet,,Dono 犬用おむつ 女の子用 くま柄 幅広伸縮ウエスト 360°漏れ防止 通気性 使い捨て 生理・介護用 M 60枚 ,4150.0,,3196,2,standard_2,,,False,False,https://www.amazon.co.jp/dp/B0FFGKBQ74,,
1968,B0FFGJN82K,pet,,Dono 犬用おむつ 女の子用 くま柄 幅広伸縮ウエスト 360°漏れ防止 通気性 使い捨て 生理・介護用 S 20枚 ,1870.0,,3196,2,standard_1,,,False,False,https://www.amazon.co.jp/dp/B0FFGJN82K,,
1969,B0FFGHQHFG,pet,,Dono 犬用おむつ 女の子用 くま柄 幅広伸縮ウエスト 360°漏れ防止 通気性 使い捨て 生理・介護用 XS 60枚,3500.0,,3196,2,standard_2,,,False,False,https://www.amazon.co.jp/dp/B0FFGHQHFG,,
1970,B0FFG9JQD1,pet,,Dono 犬用おむつ 女の子用 くま柄 幅広伸縮ウエスト 360°漏れ防止 通気性 使い捨て 生理・介護用 M 20枚 ,2040.0,,3196,2,standard_1,,,False,False,https://www.amazon.co.jp/dp/B0FFG9JQD1,,
1971,B0FFGDV941,pet,,Dono 犬用おむつ 女の子用 くま柄 幅広伸縮ウエスト 360°漏れ防止 通気性 使い捨て 生理・介護用 S 40枚 ,2900.0,,4564,2,standard_1,,,False,False,https://www.amazon.co.jp/dp/B0FFGDV941,,
1972,B0FFGDYMWT,pet,,Dono 犬用おむつ 女の子用 くま柄 幅広伸縮ウエスト 360°漏れ防止 通気性 使い捨て 生理・介護用 XS 40枚,2700.0,,3196,2,standard_1,,,False,False,https://www.amazon.co.jp/dp/B0FFGDYMWT,,
1973,B00IHQINL2,pet,4903588247354,ペティオ (Petio) 両面使えるつめとぎ 猫用 3個入,1000.0,,3198,7,standard_1,楽天,はずれ,False,False,https://www.amazon.co.jp/dp/B00IHQINL2,楽天最安 JAN=4903588247354,
1974,B0FKMN443K,pet,4972547928924,Catit Pixi ファウンテン 交換フィルター 活性炭+イオニック 軟水化フィルター猫用 純正 下部尿路の健康維持 ,2580.0,,3554,1,small,Yahoo,はずれ,False,False,https://www.amazon.co.jp/dp/B0FKMN443K,Yahoo最安 JAN=4972547928924,
1975,B0BT4SWKVS,pet,4972547927422,Catit Pixi ファウンテン 交換フィルター 活性炭+イオニック 軟水化フィルター猫用 純正 下部尿路の健康維持 ,1420.0,,3211,5,small,Yahoo,はずれ,False,False,https://www.amazon.co.jp/dp/B0BT4SWKVS,Yahoo最安 JAN=4972547927422,
1976,B097CS5T84,pet,4972547040565,GEX EXOTERRA レプタイルヒートL24 爬虫類用シートヒーター 24W 耐久性 均一に暖まる PTCパネルヒー,4610.0,,3216,7,standard_1,Yahoo,はずれ,False,False,https://www.amazon.co.jp/dp/B097CS5T84,Yahoo最安 JAN=4972547040565,
1977,B0D22QPSPX,pet,4970768113730,イースター 柴専用成犬用チキン味 ６Ｋｇ,1991.0,,3220,4,large_2,Yahoo,はずれ,False,False,https://www.amazon.co.jp/dp/B0D22QPSPX,Yahoo最安 JAN=4970768113730,
1978,B08G82784W,pet,4973381136070,Sanko サンコー トイレ 汚れ防止 パット おしっこ吸うパット 30コ入 掃除 飛び散り 臭い対策 ホワイト リーフ,1020.0,,3437,3,small,Yahoo,はずれ,False,False,https://www.amazon.co.jp/dp/B08G82784W,Yahoo最安 JAN=4973381136070,
1979,B087R8JK9F,pet,4970768833171,イースター フェレットセレクションプロ 1kg パフォーマンス,3170.0,,3222,5,standard_2,Yahoo,はずれ,False,False,https://www.amazon.co.jp/dp/B087R8JK9F,Yahoo最安 JAN=4970768833171,
1980,B0FNN49BC4,pet,4902112047866,ビューティープロ キャット ダブルケア 低脂肪・高たんぱく １．２ｋｇ,1400.0,,3225,8,standard_2,Yahoo,はずれ,False,False,https://www.amazon.co.jp/dp/B0FNN49BC4,Yahoo最安 JAN=4902112047866,
1981,B0CWP2LGMX,pet,4902112047095,ビューティープロ キャットフード Wケア 低脂肪・筋力サポート 1.2kg 【国産】 【小分け】【ダブルケア】,2980.0,,3225,2,standard_2,Yahoo,あやしい,False,False,https://www.amazon.co.jp/dp/B0CWP2LGMX,Yahoo最安 JAN=4902112047095,
1982,B08CNFMZQ7,pet,,【エビ・貝】コケ対策セット ミナミヌマエビ(10匹) + ヒメタニシ(5匹) 【生体】,1050.0,,3226,2,standard_1,,,False,False,https://www.amazon.co.jp/dp/B08CNFMZQ7,,
1983,B0GWTGMJXS,pet,,さえだ ペットサークル 折りたたみ式 収納バッグ付き 91*58cm 犬 サークル 室内 猫サークル 収納バッグ付属 大,3401.0,,3236,2,standard_1,,,False,False,https://www.amazon.co.jp/dp/B0GWTGMJXS,,
1984,B0GWTR37F1,pet,,さえだ ペットサークル 折りたたみ式 収納バッグ付き 114cm*114*58cm 犬 サークル 室内 猫 サークル 大,4281.0,,3236,1,standard_2,,,False,False,https://www.amazon.co.jp/dp/B0GWTR37F1,,
1985,B0CW5Z72WS,pet,4970022024611,スマック フローラケア 避妊・去勢猫用 グレインフリー フィッシュ味 1.8kg (450g×4) 国産 総合栄養食 穀,1762.0,,3240,6,standard_2,Yahoo,はずれ,False,False,https://www.amazon.co.jp/dp/B0CW5Z72WS,Yahoo最安 JAN=4970022024611,
1986,B07YWHSKM2,pet,4589463890060,【2個セット】EneALA エネアラ ペット用サプリメント 犬猫用 30粒,5094.0,,3248,6,small,楽天,あやしい,True,True,https://www.amazon.co.jp/dp/B07YWHSKM2,楽天最安 JAN=4589463890060,
1987,B0DZ2GQ3BF,pet,4903588145599,ペティオ (Petio) ササミ巻き 牛すじ入りガム 40本入,1104.0,,3260,8,standard_1,楽天,はずれ,False,False,https://www.amazon.co.jp/dp/B0DZ2GQ3BF,楽天最安 JAN=4903588145599,
1988,B0C24B3HDW,pet,,カシャカシャぶんぶん 【 5本_トンボ 】 つり竿タイプの猫のおもちゃ トンボ ネズミ サカナ ハチ,1500.0,,3264,2,standard_1,,,False,False,https://www.amazon.co.jp/dp/B0C24B3HDW,,
1989,B0C2475ZQ4,pet,,カシャカシャぶんぶん 【 5本_ネズミ 】 つり竿タイプの猫のおもちゃ トンボ ネズミ サカナ ハチ,1500.0,,3264,2,standard_1,,,False,False,https://www.amazon.co.jp/dp/B0C2475ZQ4,,
1990,B0C24BKNJP,pet,,カシャカシャぶんぶん ハチ５個セット つり竿タイプの猫のおもちゃ トンボ ネズミ サカナ ハチ (4. カシャカシャぶん,1500.0,,3264,2,standard_1,,,False,False,https://www.amazon.co.jp/dp/B0C24BKNJP,,
1991,B0C24BN66J,pet,,カシャカシャぶんぶん 【 厳選4種×各2本 】 つり竿タイプの猫のおもちゃ トンボ ネズミ サカナ ハチ,2800.0,,3299,2,standard_1,,,False,False,https://www.amazon.co.jp/dp/B0C24BN66J,,
1992,B0C247DCF4,pet,,選べる種類と本数 厳選４種 各１本 カシャカシャぶんぶん つり竿タイプの猫のおもちゃ トンボ ネズミ サカナ ハチ 猫じ,1450.0,,3264,2,standard_1,,,False,False,https://www.amazon.co.jp/dp/B0C247DCF4,,
1993,B0C2465L4V,pet,,選べる種類と本数 厳選４種 カシャカシャぶんぶん 【 サカナ ５本セット 】 つり竿タイプの猫のおもちゃ トンボ ネズミ,1500.0,,3264,2,standard_1,,,False,False,https://www.amazon.co.jp/dp/B0C2465L4V,,
1994,B07PLVZMM9,pet,4904601763950,P.one マナーおむつのび~るテープ付き LL 12P,1646.0,,3115,10,standard_1,Yahoo,はずれ,False,False,https://www.amazon.co.jp/dp/B07PLVZMM9,Yahoo最安 JAN=4904601763950,
1995,B00YDXZIPW,pet,,プレシャスキャット 猫砂 ウルトラ 8.2kg×2個セット,3600.0,,3272,2,large_2,,,False,False,https://www.amazon.co.jp/dp/B00YDXZIPW,,
1996,B08J4MB1CC,pet,4941605018389,九州ペット 犬用おやつ 牛の煌厚切りビーフスライス 100グラム (x 4) (まとめ買い),1046.0,,3276,6,standard_1,Yahoo,はずれ,False,False,https://www.amazon.co.jp/dp/B08J4MB1CC,Yahoo最安 JAN=4941605018389,
1997,B0C7KHNC93,pet,4987743501321,オーラベット(Oravet) 犬用デンタルガム おやつ 歯磨き デンタルケア XSサイズ(1.5-5kg未満) 14個入,2080.0,,3280,5,small,楽天,はずれ,False,False,https://www.amazon.co.jp/dp/B0C7KHNC93,楽天最安 JAN=4987743501321,
1998,B09V2N6KHS,pet,4901133331657,チャオ (CIAO) クランキ―ちゅ~る和え まぐろ・かつおバラエティ 6g×35袋 猫用おやつ,1200.0,,3282,9,standard_1,Yahoo,はずれ,False,False,https://www.amazon.co.jp/dp/B09V2N6KHS,Yahoo最安 JAN=4901133331657,
1999,B0DK8SJ19B,pet,4973321000027,VetsWell(ベッツウェル) 犬用食事療法食 消化器ケア 低脂肪 3kg,6273.0,,3282,9,large_1,楽天,原石,True,True,https://www.amazon.co.jp/dp/B0DK8SJ19B,楽天最安 JAN=4973321000027,
2000,B0DK8RQFVS,pet,4973321000010,VetsWell(ベッツウェル) 犬用食事療法食 消化器ケア 低脂肪 1kg,2482.0,,3632,7,standard_2,Yahoo,はずれ,False,False,https://www.amazon.co.jp/dp/B0DK8RQFVS,Yahoo最安 JAN=4973321000010,
2001,B0GLNWRHPZ,pet,4520699150078,銀のスプーン キャットフード ドライ 贅沢3種の素材仕立て シニア 15歳頃から まぐろ･かつお･白身魚味 1.0kg ,1649.0,,3285,6,standard_2,Yahoo,はずれ,False,False,https://www.amazon.co.jp/dp/B0GLNWRHPZ,Yahoo最安 JAN=4520699150078,
2002,B0FW4WZM4W,pet,0756722942059,ペットサークル 折りたたみ式 収納バッグ付き 組み立て不要 猫 サークル 犬用 ケージ 持ち運び コンパクト アウトドア,2060.0,,2391,2,standard_1,Yahoo,はずれ,False,False,https://www.amazon.co.jp/dp/B0FW4WZM4W,Yahoo最安 JAN=0756722942059,
2003,B0FW4TV3LT,pet,0756722942097,ペットサークル 折りたたみ式 収納バッグ付き 組み立て不要 猫 サークル 犬用 ケージ 持ち運び コンパクト アウトドア,2580.0,,3286,2,standard_1,,,False,False,https://www.amazon.co.jp/dp/B0FW4TV3LT,,
2004,B0FW4SLKYV,pet,0756722942066,ペットサークル 折りたたみ式 収納バッグ付き 組み立て不要 猫 サークル 犬用 ケージ 持ち運び コンパクト アウトドア,2580.0,,3286,2,standard_1,Yahoo,はずれ,False,False,https://www.amazon.co.jp/dp/B0FW4SLKYV,Yahoo最安 JAN=0756722942066,
2005,B0FW4R8FX8,pet,0756722942080,ペットサークル 折りたたみ式 収納バッグ付き 組み立て不要 猫 サークル 犬用 ケージ 持ち運び コンパクト アウトドア,2060.0,,3286,2,standard_1,Yahoo,はずれ,False,False,https://www.amazon.co.jp/dp/B0FW4R8FX8,Yahoo最安 JAN=0756722942080,
2006,B0G34HZSSB,pet,0746270567897,ペットサークル 折りたたみ式 収納バッグ付き 組み立て不要 猫 サークル 犬用 ケージ 持ち運び コンパクト アウトドア,2999.0,,3286,2,standard_2,,,False,False,https://www.amazon.co.jp/dp/B0G34HZSSB,,
2007,B0FW4PZ3WR,pet,0756722942073,ペットサークル 折りたたみ式 収納バッグ付き 組み立て不要 猫 サークル 犬用 ケージ 持ち運び コンパクト アウトドア,2999.0,,3286,2,standard_2,楽天,はずれ,False,False,https://www.amazon.co.jp/dp/B0FW4PZ3WR,楽天最安 JAN=0756722942073,
2008,B007P7V028,pet,4902397822240,シーザー トレイ 成犬用 100g×24個 ふっくら白身魚 野菜入り 水分補給 ふわふわローフタイプ 総合栄養食 ウェッ,2825.0,,3287,3,large_1,Yahoo,はずれ,False,False,https://www.amazon.co.jp/dp/B007P7V028,Yahoo最安 JAN=4902397822240,
2009,B007P7UZWY,pet,4902397822257,シーザー トレイ 成犬用 100g×24個 彩りサーモン ポテト・にんじん入 水分補給 ふわふわローフタイプ 総合栄養食,2825.0,,3287,3,large_1,Yahoo,はずれ,False,False,https://www.amazon.co.jp/dp/B007P7UZWY,Yahoo最安 JAN=4902397822257,
2010,B00N4O3KJM,pet,4902397835776,シーザー トレイ 成犬用 100g×24個 おいしいまぐろ味 ささみ・野菜入 水分補給 ふわふわローフタイプ 総合栄養食,2825.0,,3287,4,large_1,楽天,はずれ,False,False,https://www.amazon.co.jp/dp/B00N4O3KJM,楽天最安 JAN=4902397835776,
2011,B0FCFBX4ZP,pet,0194343461236,FEANDREA ペットベッド 直径80cm 小型犬 猫用 洗える ソフトクッション 滑り止め加工 ダブグレー PGW3,2704.0,,3295,2,large_1,,,False,False,https://www.amazon.co.jp/dp/B0FCFBX4ZP,,
2012,B08NYJ5PNJ,pet,0194343200729,FEANDREA ペットクッション 猫 犬 ベッド 60×60cm ふわふわ 滑り止め 洗える ペットソファ 可愛いドー,2559.0,,3295,2,standard_2,Yahoo,はずれ,False,False,https://www.amazon.co.jp/dp/B08NYJ5PNJ,Yahoo最安 JAN=0194343200729,
2013,B08NYGZ9BS,pet,0194343200705,FEANDREA ペットベッド 猫 犬 ベッド 50×50cm ふわふわ 滑り止め 洗える ペットソファー 可愛いドーナ,2108.0,,3295,2,standard_2,Yahoo,はずれ,False,False,https://www.amazon.co.jp/dp/B08NYGZ9BS,Yahoo最安 JAN=0194343200705,
2014,B0BKZ5L4RK,pet,0194343202754,FEANDREAペットクッション 犬 猫 ベッド 70×70cm ふわふわ 滑り止め 洗える ペットソファ 可愛いドーナ,3580.0,,3295,2,large_1,Yahoo,はずれ,False,False,https://www.amazon.co.jp/dp/B0BKZ5L4RK,Yahoo最安 JAN=0194343202754,
2015,B00UAQR57A,pet,9003579000694,ロイヤルカナン療法食 腎臓サポートフィッシュテイストウエットパウチ ８５ｇＸ１２個,4400.0,,3520,9,standard_2,Yahoo,はずれ,False,False,https://www.amazon.co.jp/dp/B00UAQR57A,Yahoo最安 JAN=9003579000694,
2016,B08WQN1P6K,pet,9003579016299,【療法食】 ロイヤルカナン キャットフード 腎臓サポート パウチ チキンテイスト 85グラム (x 24),9700.0,,3302,3,large_1,Yahoo,あやしい,False,False,https://www.amazon.co.jp/dp/B08WQN1P6K,Yahoo最安 JAN=9003579016299,
2017,B08RZG212L,pet,9003579016312,【療法食】 ロイヤルカナン キャットフード 腎臓サポート パウチ フィッシュテイスト 85グラム (x 24),8600.0,,3302,3,large_1,Yahoo,はずれ,False,False,https://www.amazon.co.jp/dp/B08RZG212L,Yahoo最安 JAN=9003579016312,
2018,B09T6VXQRK,pet,4573263890276,邑楽ファーム　ヨーロッパイエコオロギ Sサイズ(約6~8mm)＊100匹 カップ入り,1010.0,,3303,2,standard_1,,,False,False,https://www.amazon.co.jp/dp/B09T6VXQRK,,
2019,B0G6ZMS1KW,pet,4571461293783,Famy 犬用おむつ 男の子用 Sサイズ 80枚入り(10枚入り×8袋) フィットウェア ペット用,3118.0,,3851,2,standard_2,,,False,False,https://www.amazon.co.jp/dp/B0G6ZMS1KW,,
2020,B0G6ZB3W2C,pet,4571461293790,Famy 犬用おむつ 男の子用 Mサイズ 72枚入り(12枚入り×6袋) フィットウェア ペット用,2838.0,,3312,2,standard_2,,,False,False,https://www.amazon.co.jp/dp/B0G6ZB3W2C,,
2021,B0G6ZMZPTL,pet,4571461293820,Famy 犬用おむつ 女の子用 Sサイズ 72枚入り(12枚入り×6袋) フィットウェア ペット用,3115.0,,3851,2,standard_2,楽天,はずれ,False,False,https://www.amazon.co.jp/dp/B0G6ZMZPTL,楽天最安 JAN=4571461293820,
2022,B0G6Z5VTGL,pet,4571461293776,Famy 犬用おむつ 男の子用 XSサイズ 96枚入り(12枚入り×8袋) フィットウェア ペット用,2875.0,,3851,2,standard_2,楽天,はずれ,False,False,https://www.amazon.co.jp/dp/B0G6Z5VTGL,楽天最安 JAN=4571461293776,
2023,B08P2KM6V9,pet,,グリニーズ　猫用　毛玉ケア　ツナ味　チキン味　90g　2袋セット　おやつ,1230.0,,3313,4,standard_1,,,False,False,https://www.amazon.co.jp/dp/B08P2KM6V9,,
2024,B0FKMMYL9J,pet,4972547046543,ジェックス ラビレット ヒノキア消臭砂 トイレに流せるヒノキのトイレ砂 消臭成分配合 うさぎ・小動物用【大容量14L】,1336.0,,2531,8,large_2,楽天,はずれ,False,False,https://www.amazon.co.jp/dp/B0FKMMYL9J,楽天最安 JAN=4972547046543,
2025,B0FJFRFVSM,pet,4589593981669,【獣医師監修】 プラスアクアライト 猫 犬 ペット 自動給水器 8.2dB うちのこエレクトリック 水飲み器 自動 循環,3480.0,,3316,2,standard_1,Yahoo,はずれ,False,False,https://www.amazon.co.jp/dp/B0FJFRFVSM,Yahoo最安 JAN=4589593981669,
2026,B0BZ7TPZ3W,pet,4573160558026,【毛並みのお悩みに】GO! SOLUTIONS 皮膚+被毛ケア ドッグフード 800g ダック 全粒穀物 玄米 フルーツ,1777.0,,3318,2,standard_1,Yahoo,はずれ,False,False,https://www.amazon.co.jp/dp/B0BZ7TPZ3W,Yahoo最安 JAN=4573160558026,
2027,B0BZ7T2XXF,pet,4573160558088,【毛並みのお悩みに】GO! SOLUTIONS 皮膚+被毛ケア ドッグフード 2.3kg ダック 全粒穀物 玄米 フルー,5170.0,,3318,2,large_1,Yahoo,はずれ,False,False,https://www.amazon.co.jp/dp/B0BZ7T2XXF,Yahoo最安 JAN=4573160558088,
2028,B0DHGDWJG4,pet,5211990022889,リモナイト オリエント商会 愛犬用 鶏肉ささみおやつ ふりかけタイプ 50g 5袋セット,2400.0,,3669,3,standard_1,Yahoo,はずれ,False,False,https://www.amazon.co.jp/dp/B0DHGDWJG4,Yahoo最安 JAN=5211990022889,
2029,B085GKK5MJ,pet,4902560606769,はごろも (国産) 無一物 パウチ 寒天ゼリータイプ キャットフード かつお 大容量サイズ 120g×12個 - まとめ,2430.0,,3089,9,standard_2,Yahoo,原石,True,True,https://www.amazon.co.jp/dp/B085GKK5MJ,Yahoo最安 JAN=4902560606769,
2030,B0GR2RH2N8,pet,,風織商社 ペットサークル 折畳み 犬 サークル 室内 114*58cm 猫サークル 大型 八角形ドッグハウス ペットサー,3979.0,,3327,3,standard_2,,,False,False,https://www.amazon.co.jp/dp/B0GR2RH2N8,,
2031,B0D83SWPYF,pet,,風織商社 ペットサークル 折畳み 犬 サークル 室内 114*58cm 猫 サークル 専用収納袋付属 大型 八角形 ドッ,3952.0,,3327,2,standard_2,,,False,False,https://www.amazon.co.jp/dp/B0D83SWPYF,,
2032,B07MBXV58G,pet,0666594204141,ペッツバリュー リターロッカーII カートリッジ 3個セット,2890.0,,3328,10,standard_1,楽天,はずれ,False,False,https://www.amazon.co.jp/dp/B07MBXV58G,楽天最安 JAN=0666594204141,
2033,B0F4X2C4B2,pet,4973381140480,サンコー ペットマット このコ想いのタイルマット 18枚入 フォレストグリーン 30×30cm ズレない 洗える 日本製,4499.0,,3001,2,standard_1,楽天,はずれ,False,False,https://www.amazon.co.jp/dp/B0F4X2C4B2,楽天最安 JAN=4973381140480,
2034,B08KNWHDY6,pet,0717556876491,J&C Paradise 定番 犬用リード 日本正規店 犬リード 持ちやすい 訓練 ロング 3M反射材料 ナイロン製 通,2399.0,,3332,2,standard_1,,,False,False,https://www.amazon.co.jp/dp/B08KNWHDY6,,
2035,B08QM9S7YL,pet,0751363542170,J&C Paradise 定番 犬用リード 日本正規店 犬リード 持ちやすい 訓練 ロング 3M反射材料 ナイロン製 通,1799.0,,3332,2,small,,,False,False,https://www.amazon.co.jp/dp/B08QM9S7YL,,
2036,B09TF3BKN6,pet,0751363920046,J&C Paradise 定番 犬用リード 日本正規店 犬リード 持ちやすい 訓練 ロング 3M反射材料 ナイロン製 通,2599.0,,3427,2,standard_1,楽天,はずれ,False,False,https://www.amazon.co.jp/dp/B09TF3BKN6,楽天最安 JAN=0751363920046,
2037,B09TF38FB5,pet,0751363919996,J&C Paradise 定番 犬用リード 日本正規店 犬リード 持ちやすい 訓練 ロング 3M反射材料 ナイロン製 通,1999.0,,3332,2,standard_1,,,False,False,https://www.amazon.co.jp/dp/B09TF38FB5,,
2038,B08FJ5BDVH,pet,8425511298418,J&C Paradise 定番 犬用リード 日本正規店 犬リード 持ちやすい 訓練 ロング 3M反射材料 ナイロン製 通,1799.0,,3332,2,standard_1,,,False,False,https://www.amazon.co.jp/dp/B08FJ5BDVH,,
2039,B08FJ5PWTW,pet,8425511298401,J&C Paradise 定番 犬用リード 日本正規店 犬リード 持ちやすい 訓練 ロング 3M反射材料 ナイロン製 通,1799.0,,3332,2,small,,,False,False,https://www.amazon.co.jp/dp/B08FJ5PWTW,,
2040,B08QMLV5YV,pet,0751363542231,J&C Paradise 定番 犬用リード 日本正規店 犬リード 持ちやすい 訓練 ロング 3M反射材料 ナイロン製 通,2599.0,,3332,2,standard_1,,,False,False,https://www.amazon.co.jp/dp/B08QMLV5YV,,
2041,B091ZFB9RJ,pet,0751363956205,J&C Paradise 定番 犬用リード 日本正規店 犬リード 持ちやすい 訓練 ロング 3M反射材料 ナイロン製 通,2599.0,,3332,2,standard_1,,,False,False,https://www.amazon.co.jp/dp/B091ZFB9RJ,,
2042,B09TF45KVZ,pet,0751363130926,J&C Paradise 定番 犬用リード 日本正規店 犬リード 持ちやすい 訓練 ロング 3M反射材料 ナイロン製 通,2499.0,,3427,2,standard_1,楽天,はずれ,False,False,https://www.amazon.co.jp/dp/B09TF45KVZ,楽天最安 JAN=0751363130926,
2043,B09TDZSPBB,pet,0751363130902,J&C Paradise 定番 犬用リード 日本正規店 犬リード 持ちやすい 訓練 ロング 3M反射材料 ナイロン製 通,2399.0,,3427,2,standard_1,,,False,False,https://www.amazon.co.jp/dp/B09TDZSPBB,,
2044,B08QMRK59F,pet,0751363542224,J&C Paradise 定番 犬用リード 日本正規店 犬リード 持ちやすい 訓練 ロング 3M反射材料 ナイロン製 通,2499.0,,3332,2,standard_1,,,False,False,https://www.amazon.co.jp/dp/B08QMRK59F,,
2045,B08FJ5SGQR,pet,8425511298494,J&C Paradise 定番 犬用リード 日本正規店 犬リード 持ちやすい 訓練 ロング 3M反射材料 ナイロン製 通,2399.0,,3332,2,standard_1,,,False,False,https://www.amazon.co.jp/dp/B08FJ5SGQR,,
2046,B08QMWB4PF,pet,0751363542194,J&C Paradise 定番 犬用リード 日本正規店 犬リード 持ちやすい 訓練 ロング 3M反射材料 ナイロン製 通,2199.0,,3332,2,standard_1,,,False,False,https://www.amazon.co.jp/dp/B08QMWB4PF,,
2047,B09TF3F1T8,pet,0751363920060,J&C Paradise 定番 犬用リード 日本正規店 犬リード 持ちやすい 訓練 ロング 3M反射材料 ナイロン製 通,1999.0,,3332,2,standard_1,,,False,False,https://www.amazon.co.jp/dp/B09TF3F1T8,,
2048,B08SL2YMJN,pet,0751363847763,J&C Paradise 定番 犬用リード 日本正規店 犬リード 持ちやすい 訓練 ロング 3M反射材料 ナイロン製 通,2199.0,,3427,2,standard_1,Yahoo,はずれ,False,False,https://www.amazon.co.jp/dp/B08SL2YMJN,Yahoo最安 JAN=0751363847763,
2049,B09TDX8BCM,pet,0751363130940,J&C Paradise 定番 犬用リード 日本正規店 犬リード 持ちやすい 訓練 ロング 3M反射材料 ナイロン製 通,2699.0,,3332,2,standard_1,,,False,False,https://www.amazon.co.jp/dp/B09TDX8BCM,,
2050,B08SKZHNQL,pet,0751363673683,J&C Paradise 定番 犬用リード 日本正規店 犬リード 持ちやすい 訓練 ロング 3M反射材料 ナイロン製 通,2699.0,,3332,2,standard_1,楽天,はずれ,False,False,https://www.amazon.co.jp/dp/B08SKZHNQL,楽天最安 JAN=0751363673683,
2051,B08KNWGT4C,pet,0780903379105,J&C Paradise 定番 犬用リード 日本正規店 犬リード 持ちやすい 訓練 ロング 3M反射材料 ナイロン製 通,1999.0,,3332,2,standard_1,,,False,False,https://www.amazon.co.jp/dp/B08KNWGT4C,,
2052,B08FJ53F8M,pet,8425511298593,J&C Paradise 定番 犬用リード 日本正規店 犬リード 持ちやすい 訓練 ロング 3M反射材料 ナイロン製 通,2599.0,,3332,2,standard_1,,,False,False,https://www.amazon.co.jp/dp/B08FJ53F8M,,
2053,B0966L2QF9,pet,0751363225240,J&C Paradise 定番 犬用リード 日本正規店 犬リード 持ちやすい 訓練 ロング 3M反射材料 ナイロン製 通,1999.0,,3332,2,standard_1,楽天,はずれ,False,False,https://www.amazon.co.jp/dp/B0966L2QF9,楽天最安 JAN=0751363225240,
2054,B08FJ5VW1H,pet,8425511298425,J&C Paradise 定番 犬用リード 日本正規店 犬リード 持ちやすい 訓練 ロング 3M反射材料 ナイロン製 通,1999.0,,3427,2,standard_1,Yahoo,はずれ,False,False,https://www.amazon.co.jp/dp/B08FJ5VW1H,Yahoo最安 JAN=8425511298425,
2055,B08QM7T8LZ,pet,0751363542187,J&C Paradise 定番 犬用リード 日本正規店 犬リード 持ちやすい 訓練 ロング 3M反射材料 ナイロン製 通,1999.0,,3427,2,standard_1,楽天,はずれ,False,False,https://www.amazon.co.jp/dp/B08QM7T8LZ,楽天最安 JAN=0751363542187,
2056,B08SL1RG5B,pet,0751363847794,J&C Paradise 定番 犬用リード 日本正規店 犬リード 持ちやすい 訓練 ロング 3M反射材料 ナイロン製 通,2499.0,,3332,2,standard_1,,,False,False,https://www.amazon.co.jp/dp/B08SL1RG5B,,
2057,B091ZJCS2V,pet,0751363956113,J&C Paradise 定番 犬用リード 日本正規店 犬リード 持ちやすい 訓練 ロング 3M反射材料 ナイロン製 通,2199.0,,3427,2,standard_1,,,False,False,https://www.amazon.co.jp/dp/B091ZJCS2V,,
2058,B08SKZND8S,pet,0751363847749,J&C Paradise 定番 犬用リード 日本正規店 犬リード 持ちやすい 訓練 ロング 3M反射材料 ナイロン製 通,1799.0,,3427,2,small,,,False,False,https://www.amazon.co.jp/dp/B08SKZND8S,,
2059,B08KNVNBTS,pet,0780903379099,J&C Paradise 定番 犬用リード 日本正規店 犬リード 持ちやすい 訓練 ロング 3M反射材料 ナイロン製 通,1799.0,,3332,2,standard_1,,,False,False,https://www.amazon.co.jp/dp/B08KNVNBTS,,
2060,B0966L42W5,pet,0751363225233,J&C Paradise 定番 犬用リード 日本正規店 犬リード 持ちやすい 訓練 ロング 3M反射材料 ナイロン製 通,1799.0,,3332,2,small,,,False,False,https://www.amazon.co.jp/dp/B0966L42W5,,
2061,B08KNVBVW7,pet,0780903379129,J&C Paradise 定番 犬用リード 日本正規店 犬リード 持ちやすい 訓練 ロング 3M反射材料 ナイロン製 通,2399.0,,3332,2,standard_1,,,False,False,https://www.amazon.co.jp/dp/B08KNVBVW7,,
2062,B08KNY4D97,pet,0780903379112,J&C Paradise 定番 犬用リード 日本正規店 犬リード 持ちやすい 訓練 ロング 3M反射材料 ナイロン製 通,2199.0,,3427,2,standard_1,,,False,False,https://www.amazon.co.jp/dp/B08KNY4D97,,
2063,B08QN4CWG4,pet,0751363542248,J&C Paradise 定番 犬用リード 日本正規店 犬リード 持ちやすい 訓練 ロング 3M反射材料 ナイロン製 通,2699.0,,3427,2,standard_1,,,False,False,https://www.amazon.co.jp/dp/B08QN4CWG4,,
2064,B08FJ5DQK5,pet,8425511298395,J&C Paradise 定番 犬用リード 日本正規店 犬リード 持ちやすい 訓練 ロング 3M反射材料 ナイロン製 通,1799.0,,3332,2,small,,,False,False,https://www.amazon.co.jp/dp/B08FJ5DQK5,,
2065,B08SL17J72,pet,0751363847770,J&C Paradise 定番 犬用リード 日本正規店 犬リード 持ちやすい 訓練 ロング 3M反射材料 ナイロン製 通,2399.0,,3332,2,standard_1,,,False,False,https://www.amazon.co.jp/dp/B08SL17J72,,
2066,B08FJ4XN3H,pet,8425511298555,J&C Paradise 定番 犬用リード 日本正規店 犬リード 持ちやすい 訓練 ロング 3M反射材料 ナイロン製 通,2499.0,,3332,2,standard_1,,,False,False,https://www.amazon.co.jp/dp/B08FJ4XN3H,,
2067,B09TF35H8D,pet,0751363920039,J&C Paradise 定番 犬用リード 日本正規店 犬リード 持ちやすい 訓練 ロング 3M反射材料 ナイロン製 通,2499.0,,3427,2,standard_1,楽天,はずれ,False,False,https://www.amazon.co.jp/dp/B09TF35H8D,楽天最安 JAN=0751363920039,
2068,B09TF4135W,pet,0751363130896,J&C Paradise 定番 犬用リード 日本正規店 犬リード 持ちやすい 訓練 ロング 3M反射材料 ナイロン製 通,2199.0,,3427,2,standard_1,,,False,False,https://www.amazon.co.jp/dp/B09TF4135W,,
2069,B09TF3H9QS,pet,0751363920008,J&C Paradise 定番 犬用リード 日本正規店 犬リード 持ちやすい 訓練 ロング 3M反射材料 ナイロン製 通,2199.0,,3332,2,standard_1,,,False,False,https://www.amazon.co.jp/dp/B09TF3H9QS,,
2070,B091ZFNFJD,pet,0751363956090,J&C Paradise 定番 犬用リード 日本正規店 犬リード 持ちやすい 訓練 ロング 3M反射材料 ナイロン製 通,1999.0,,3332,2,standard_1,,,False,False,https://www.amazon.co.jp/dp/B091ZFNFJD,,
2071,B091ZFQ8KV,pet,0751363956144,J&C Paradise 定番 犬用リード 日本正規店 犬リード 持ちやすい 訓練 ロング 3M反射材料 ナイロン製 通,2399.0,,3427,2,standard_1,楽天,はずれ,False,False,https://www.amazon.co.jp/dp/B091ZFQ8KV,楽天最安 JAN=0751363956144,
2072,B08FJ5H5WF,pet,8425511298500,J&C Paradise 定番 犬用リード 日本正規店 犬リード 持ちやすい 訓練 ロング 3M反射材料 ナイロン製 通,2399.0,,3427,2,standard_1,,,False,False,https://www.amazon.co.jp/dp/B08FJ5H5WF,,
2073,B09TF2TQH1,pet,0751363130933,J&C Paradise 定番 犬用リード 日本正規店 犬リード 持ちやすい 訓練 ロング 3M反射材料 ナイロン製 通,2599.0,,3332,2,standard_1,,,False,False,https://www.amazon.co.jp/dp/B09TF2TQH1,,
2074,B08FJ4Q8WG,pet,8425511298456,J&C Paradise 定番 犬用リード 日本正規店 犬リード 持ちやすい 訓練 ロング 3M反射材料 ナイロン製 通,2199.0,,3332,2,standard_1,,,False,False,https://www.amazon.co.jp/dp/B08FJ4Q8WG,,
2075,B091ZDBVPD,pet,0751363956175,J&C Paradise 定番 犬用リード 日本正規店 犬リード 持ちやすい 訓練 ロング 3M反射材料 ナイロン製 通,2499.0,,3332,2,standard_1,楽天,はずれ,False,False,https://www.amazon.co.jp/dp/B091ZDBVPD,楽天最安 JAN=0751363956175,
2076,B08QMB3Z1D,pet,0751363542217,J&C Paradise 定番 犬用リード 日本正規店 犬リード 持ちやすい 訓練 ロング 3M反射材料 ナイロン製 通,2399.0,,3332,2,standard_1,楽天,はずれ,False,False,https://www.amazon.co.jp/dp/B08QMB3Z1D,楽天最安 JAN=0751363542217,
2077,B08KNQVWPK,pet,0717556876521,J&C Paradise 定番 犬用リード 日本正規店 犬リード 持ちやすい 訓練 ロング 3M反射材料 ナイロン製 通,2699.0,,3427,2,standard_1,楽天,はずれ,False,False,https://www.amazon.co.jp/dp/B08KNQVWPK,楽天最安 JAN=0717556876521,
2078,B08FJ5RT7Q,pet,8425511298586,J&C Paradise 定番 犬用リード 日本正規店 犬リード 持ちやすい 訓練 ロング 3M反射材料 ナイロン製 通,2599.0,,3332,2,standard_1,,,False,False,https://www.amazon.co.jp/dp/B08FJ5RT7Q,,
2079,B091ZFSTKR,pet,0751363956212,J&C Paradise 定番 犬用リード 日本正規店 犬リード 持ちやすい 訓練 ロング 3M反射材料 ナイロン製 通,2699.0,,3332,2,standard_1,楽天,はずれ,False,False,https://www.amazon.co.jp/dp/B091ZFSTKR,楽天最安 JAN=0751363956212,
2080,B0966LKDH9,pet,0751363225295,J&C Paradise 定番 犬用リード 日本正規店 犬リード 持ちやすい 訓練 ロング 3M反射材料 ナイロン製 通,2599.0,,3427,2,standard_1,,,False,False,https://www.amazon.co.jp/dp/B0966LKDH9,,
2081,B0966LLKS1,pet,0751363225288,J&C Paradise 定番 犬用リード 日本正規店 犬リード 持ちやすい 訓練 ロング 3M反射材料 ナイロン製 通,2499.0,,3332,2,standard_1,,,False,False,https://www.amazon.co.jp/dp/B0966LLKS1,,
2082,B08FJ4M7NZ,pet,8425511298548,J&C Paradise 定番 犬用リード 日本正規店 犬リード 持ちやすい 訓練 ロング 3M反射材料 ナイロン製 通,2499.0,,3332,2,standard_1,楽天,はずれ,False,False,https://www.amazon.co.jp/dp/B08FJ4M7NZ,楽天最安 JAN=8425511298548,
2083,B08FJ53M55,pet,8425511298470,J&C Paradise 定番 犬用リード 日本正規店 犬リード 持ちやすい 訓練 ロング 3M反射材料 ナイロン製 通,2199.0,,3427,2,standard_1,,,False,False,https://www.amazon.co.jp/dp/B08FJ53M55,,
2084,B08KNRZYZY,pet,0717556876514,J&C Paradise 定番 犬用リード 日本正規店 犬リード 持ちやすい 訓練 ロング 3M反射材料 ナイロン製 通,2599.0,,3332,2,standard_1,,,False,False,https://www.amazon.co.jp/dp/B08KNRZYZY,,
2085,B091ZJ4CWZ,pet,0751363956229,J&C Paradise 定番 犬用リード 日本正規店 犬リード 持ちやすい 訓練 ロング 3M反射材料 ナイロン製 通,2699.0,,3332,2,standard_1,楽天,はずれ,False,False,https://www.amazon.co.jp/dp/B091ZJ4CWZ,楽天最安 JAN=0751363956229,
2086,B08FJ6DD6H,pet,8425511298432,J&C Paradise 定番 犬用リード 日本正規店 犬リード 持ちやすい 訓練 ロング 3M反射材料 ナイロン製 通,1999.0,,3427,2,standard_1,楽天,はずれ,False,False,https://www.amazon.co.jp/dp/B08FJ6DD6H,楽天最安 JAN=8425511298432,
2087,B0966MFWW1,pet,0751363225257,J&C Paradise 定番 犬用リード 日本正規店 犬リード 持ちやすい 訓練 ロング 3M反射材料 ナイロン製 通,2199.0,,3332,2,standard_1,,,False,False,https://www.amazon.co.jp/dp/B0966MFWW1,,
2088,B091ZG23JT,pet,0751363956106,J&C Paradise 定番 犬用リード 日本正規店 犬リード 持ちやすい 訓練 ロング 3M反射材料 ナイロン製 通,1999.0,,3332,2,standard_1,,,False,False,https://www.amazon.co.jp/dp/B091ZG23JT,,
2089,B091ZH26V3,pet,0751363956083,J&C Paradise 定番 犬用リード 日本正規店 犬リード 持ちやすい 訓練 ロング 3M反射材料 ナイロン製 通,1799.0,,3332,2,small,楽天,はずれ,False,False,https://www.amazon.co.jp/dp/B091ZH26V3,楽天最安 JAN=0751363956083,
2090,B091ZHW91V,pet,0751363956120,J&C Paradise 定番 犬用リード 日本正規店 犬リード 持ちやすい 訓練 ロング 3M反射材料 ナイロン製 通,2199.0,,3332,2,standard_1,楽天,はずれ,False,False,https://www.amazon.co.jp/dp/B091ZHW91V,楽天最安 JAN=0751363956120,
2091,B091ZGWLH3,pet,0751363956199,J&C Paradise 定番 犬用リード 日本正規店 犬リード 持ちやすい 訓練 ロング 3M反射材料 ナイロン製 通,2599.0,,3427,2,standard_1,楽天,はずれ,False,False,https://www.amazon.co.jp/dp/B091ZGWLH3,楽天最安 JAN=0751363956199,
2092,B08FJ58D1B,pet,8425511298449,J&C Paradise 定番 犬用リード 日本正規店 犬リード 持ちやすい 訓練 ロング 3M反射材料 ナイロン製 通,1999.0,,3332,2,standard_1,,,False,False,https://www.amazon.co.jp/dp/B08FJ58D1B,,
2093,B08SKZVG9H,pet,0751363847800,J&C Paradise 定番 犬用リード 日本正規店 犬リード 持ちやすい 訓練 ロング 3M反射材料 ナイロン製 通,2599.0,,3332,2,standard_1,,,False,False,https://www.amazon.co.jp/dp/B08SKZVG9H,,
2094,B091ZGLF94,pet,0751363956076,J&C Paradise 定番 犬用リード 日本正規店 犬リード 持ちやすい 訓練 ロング 3M反射材料 ナイロン製 通,1799.0,,3332,2,small,,,False,False,https://www.amazon.co.jp/dp/B091ZGLF94,,
2095,B09TF25BFT,pet,0751363130919,J&C Paradise 定番 犬用リード 日本正規店 犬リード 持ちやすい 訓練 ロング 3M反射材料 ナイロン製 通,2399.0,,3427,2,standard_1,楽天,はずれ,False,False,https://www.amazon.co.jp/dp/B09TF25BFT,楽天最安 JAN=0751363130919,
2096,B091ZG5XBS,pet,0751363956137,J&C Paradise 定番 犬用リード 日本正規店 犬リード 持ちやすい 訓練 ロング 3M反射材料 ナイロン製 通,2399.0,,3332,2,standard_1,,,False,False,https://www.amazon.co.jp/dp/B091ZG5XBS,,
2097,B09TF37T29,pet,0751363130957,J&C Paradise 定番 犬用リード 日本正規店 犬リード 持ちやすい 訓練 ロング 3M反射材料 ナイロン製 通,2699.0,,3427,2,standard_1,楽天,はずれ,False,False,https://www.amazon.co.jp/dp/B09TF37T29,楽天最安 JAN=0751363130957,
2098,B0966L8MLR,pet,0751363225301,J&C Paradise 定番 犬用リード 日本正規店 犬リード 持ちやすい 訓練 ロング 3M反射材料 ナイロン製 通,2699.0,,3332,2,standard_1,,,False,False,https://www.amazon.co.jp/dp/B0966L8MLR,,
2099,B08FJ5VZ6G,pet,8425511298531,J&C Paradise 定番 犬用リード 日本正規店 犬リード 持ちやすい 訓練 ロング 3M反射材料 ナイロン製 通,2399.0,,3332,2,standard_1,,,False,False,https://www.amazon.co.jp/dp/B08FJ5VZ6G,,
2100,B08FJ4PLH8,pet,8425511298463,J&C Paradise 定番 犬用リード 日本正規店 犬リード 持ちやすい 訓練 ロング 3M反射材料 ナイロン製 通,2199.0,,3332,2,standard_1,,,False,False,https://www.amazon.co.jp/dp/B08FJ4PLH8,,
2101,B09TDZPXVW,pet,0751363919989,J&C Paradise 定番 犬用リード 日本正規店 犬リード 持ちやすい 訓練 ロング 3M反射材料 ナイロン製 通,1799.0,,3332,2,small,,,False,False,https://www.amazon.co.jp/dp/B09TDZPXVW,,
2102,B08FJ56D96,pet,8425511298609,J&C Paradise 定番 犬用リード 日本正規店 犬リード 持ちやすい 訓練 ロング 3M反射材料 ナイロン製 通,2699.0,,3332,2,standard_1,,,False,False,https://www.amazon.co.jp/dp/B08FJ56D96,,
2103,B08SL138SL,pet,0751363847756,J&C Paradise 定番 犬用リード 日本正規店 犬リード 持ちやすい 訓練 ロング 3M反射材料 ナイロン製 通,1999.0,,3332,2,standard_1,,,False,False,https://www.amazon.co.jp/dp/B08SL138SL,,
2104,B09TF39KY5,pet,0751363920053,J&C Paradise 定番 犬用リード 日本正規店 犬リード 持ちやすい 訓練 ロング 3M反射材料 ナイロン製 通,1799.0,,3427,2,small,楽天,はずれ,False,False,https://www.amazon.co.jp/dp/B09TF39KY5,楽天最安 JAN=0751363920053,
2105,B08FJ5XXLG,pet,8425511298616,J&C Paradise 定番 犬用リード 日本正規店 犬リード 持ちやすい 訓練 ロング 3M反射材料 ナイロン製 通,2699.0,,3427,2,standard_1,楽天,はずれ,False,False,https://www.amazon.co.jp/dp/B08FJ5XXLG,楽天最安 JAN=8425511298616,
2106,B08FJ4XQ96,pet,8425511298562,J&C Paradise 定番 犬用リード 日本正規店 犬リード 持ちやすい 訓練 ロング 3M反射材料 ナイロン製 通,2499.0,,3332,2,standard_1,楽天,はずれ,False,False,https://www.amazon.co.jp/dp/B08FJ4XQ96,楽天最安 JAN=8425511298562,
2107,B0966LJZRG,pet,0751363225264,J&C Paradise 定番 犬用リード 日本正規店 犬リード 持ちやすい 訓練 ロング 3M反射材料 ナイロン製 通,2399.0,,3427,2,standard_1,楽天,はずれ,False,False,https://www.amazon.co.jp/dp/B0966LJZRG,楽天最安 JAN=0751363225264,
2108,B08FJ5PKKL,pet,8425511298623,J&C Paradise 定番 犬用リード 日本正規店 犬リード 持ちやすい 訓練 ロング 3M反射材料 ナイロン製 通,2699.0,,3427,2,standard_1,,,False,False,https://www.amazon.co.jp/dp/B08FJ5PKKL,,
2109,B08SKZ4T57,pet,0751363847787,J&C Paradise 定番 犬用リード 日本正規店 犬リード 持ちやすい 訓練 ロング 3M反射材料 ナイロン製 通,2399.0,,3427,2,standard_1,,,False,False,https://www.amazon.co.jp/dp/B08SKZ4T57,,
2110,B09TF3SM3B,pet,0751363920015,J&C Paradise 定番 犬用リード 日本正規店 犬リード 持ちやすい 訓練 ロング 3M反射材料 ナイロン製 通,2399.0,,3332,2,standard_1,楽天,はずれ,False,False,https://www.amazon.co.jp/dp/B09TF3SM3B,楽天最安 JAN=0751363920015,
2111,B091ZG9FLQ,pet,0751363956182,J&C Paradise 定番 犬用リード 日本正規店 犬リード 持ちやすい 訓練 ロング 3M反射材料 ナイロン製 通,2499.0,,3332,2,standard_1,,,False,False,https://www.amazon.co.jp/dp/B091ZG9FLQ,,
2112,B08QMQ1NJB,pet,0751363542200,J&C Paradise 定番 犬用リード 日本正規店 犬リード 持ちやすい 訓練 ロング 3M反射材料 ナイロン製 通,2399.0,,3332,2,standard_1,楽天,はずれ,False,False,https://www.amazon.co.jp/dp/B08QMQ1NJB,楽天最安 JAN=0751363542200,
2113,B0F4QNGZRS,pet,4973381140367,サンコー ペットマット このコ想いのタイルマット 9枚入 マスタード 30×30cm ズレない 洗える 日本製 おくだけ,3291.0,,3001,3,standard_1,Yahoo,はずれ,False,False,https://www.amazon.co.jp/dp/B0F4QNGZRS,Yahoo最安 JAN=4973381140367,
2114,B0F4WSHNHZ,pet,4973381140510,サンコー ペットマット このコ想いのタイルマット 18枚入 スモーキーベージュ 30×30cm ズレない 洗える 日本製,4494.0,,3001,4,standard_1,Yahoo,はずれ,False,False,https://www.amazon.co.jp/dp/B0F4WSHNHZ,Yahoo最安 JAN=4973381140510,
2115,B0F4WPSR4F,pet,4973381140435,サンコー ペットマット このコ想いのタイルマット 18枚入 ダークグレー 30×30cm ズレない 洗える 日本製 おく,5980.0,,3333,3,standard_1,Yahoo,はずれ,False,False,https://www.amazon.co.jp/dp/B0F4WPSR4F,Yahoo最安 JAN=4973381140435,
2116,B0F4X2Z56W,pet,4973381140442,サンコー ペットマット このコ想いのタイルマット 18枚入 ネイビーブルー 30×30cm ズレない 洗える 日本製 お,4499.0,,3333,2,standard_1,Yahoo,はずれ,False,False,https://www.amazon.co.jp/dp/B0F4X2Z56W,Yahoo最安 JAN=4973381140442,
2117,B0F4WK6XTN,pet,4973381140497,サンコー ペットマット このコ想いのタイルマット 18枚入 マスタード 30×30cm ズレない 洗える 日本製 おくだ,4494.0,,3001,3,standard_1,Yahoo,はずれ,False,False,https://www.amazon.co.jp/dp/B0F4WK6XTN,Yahoo最安 JAN=4973381140497,
2118,B0F4QT4PWR,pet,4973381140312,サンコー ペットマット このコ想いのタイルマット 9枚入 ネイビーブルー 30×30cm ズレない 洗える 日本製 おく,3291.0,,3001,3,standard_1,Yahoo,はずれ,False,False,https://www.amazon.co.jp/dp/B0F4QT4PWR,Yahoo最安 JAN=4973381140312,
2119,B0F4QPSZFT,pet,4973381140381,サンコー ペットマット このコ想いのタイルマット 9枚入 スモーキーベージュ 30×30cm ズレない 洗える 日本製 ,3291.0,,3001,3,standard_1,Yahoo,はずれ,False,False,https://www.amazon.co.jp/dp/B0F4QPSZFT,Yahoo最安 JAN=4973381140381,
2120,B0F4WYPN1D,pet,4973381140459,サンコー ペットマット このコ想いのタイルマット 18枚入 メランジブルー 30×30cm ズレない 洗える 日本製 お,5980.0,,3333,4,standard_1,楽天,はずれ,False,False,https://www.amazon.co.jp/dp/B0F4WYPN1D,楽天最安 JAN=4973381140459,
2121,B0DHQL4R2K,pet,,猫用フードボウル 猫 食器、高さ付き猫用ボウル、150ml セラミック製高さ付き斜め口デザインウォーターボウル、小型犬・,3499.0,,3333,2,standard_2,,,False,False,https://www.amazon.co.jp/dp/B0DHQL4R2K,,
2122,B0F4WQ5HZZ,pet,4973381140503,サンコー ペットマット このコ想いのタイルマット 18枚入 モクグレー 30×30cm ズレない 洗える 日本製 おくだ,4494.0,,3333,4,standard_1,Yahoo,はずれ,False,False,https://www.amazon.co.jp/dp/B0F4WQ5HZZ,Yahoo最安 JAN=4973381140503,
2123,B0F4WQZJB6,pet,4973381140473,サンコー ペットマット このコ想いのタイルマット 18枚入 ライトグレー 30×30cm ズレない 洗える 日本製 おく,4499.0,,3001,3,standard_1,Yahoo,はずれ,False,False,https://www.amazon.co.jp/dp/B0F4WQZJB6,Yahoo最安 JAN=4973381140473,
2124,B0F4WL3259,pet,4973381140466,サンコー ペットマット このコ想いのタイルマット 18枚入 メランジピンク 30×30cm ズレない 洗える 日本製 お,5980.0,,3001,3,standard_1,Yahoo,はずれ,False,False,https://www.amazon.co.jp/dp/B0F4WL3259,Yahoo最安 JAN=4973381140466,
2125,B0F4QPS7J4,pet,4973381140329,サンコー ペットマット このコ想いのタイルマット 9枚入 メランジブルー 30×30cm ズレない 洗える 日本製 おく,3380.0,,3001,3,standard_1,Yahoo,はずれ,False,False,https://www.amazon.co.jp/dp/B0F4QPS7J4,Yahoo最安 JAN=4973381140329,
2126,B0F4WMZ5C9,pet,4973381140411,サンコー ペットマット このコ想いのタイルマット 18枚入 アイボリー 30×30cm ズレない 洗える 日本製 おくだ,4499.0,,3001,4,standard_1,Yahoo,はずれ,False,False,https://www.amazon.co.jp/dp/B0F4WMZ5C9,Yahoo最安 JAN=4973381140411,
2127,B0F4WK9J5C,pet,4973381140404,サンコー ペットマット このコ想いのタイルマット 18枚入 ベージュ 30×30cm ズレない 洗える 日本製 おくだけ,5293.0,,3001,5,standard_1,楽天,はずれ,False,False,https://www.amazon.co.jp/dp/B0F4WK9J5C,楽天最安 JAN=4973381140404,
2128,B0F4QT6SHB,pet,4973381140268,サンコー ペットマット このコ想いのタイルマット 9枚入 グリーン 30×30cm ズレない 洗える 日本製 おくだけ吸,3380.0,,3001,3,standard_1,Yahoo,はずれ,False,False,https://www.amazon.co.jp/dp/B0F4QT6SHB,Yahoo最安 JAN=4973381140268,
2129,B0F4WY4QNT,pet,4973381140428,サンコー ペットマット このコ想いのタイルマット 18枚入 ブラウン 30×30cm ズレない 洗える 日本製 おくだけ,4499.0,,3333,3,standard_1,Yahoo,はずれ,False,False,https://www.amazon.co.jp/dp/B0F4WY4QNT,Yahoo最安 JAN=4973381140428,
2130,B0FGH8L6HB,pet,4973381140817,サンコー ペットマット このコ想いのタイルマット 肉球柄 2枚入 ベージュ 30×30cm ズレない 洗える 日本製 お,1059.0,,3001,2,standard_1,Yahoo,はずれ,False,False,https://www.amazon.co.jp/dp/B0FGH8L6HB,Yahoo最安 JAN=4973381140817,
2131,B0C4H2FJBK,pet,,動物用医薬品 グリーンFゴールド 顆粒 2gx3包 （日本動物薬品株式会社）,1622.0,,3338,3,standard_1,,,False,False,https://www.amazon.co.jp/dp/B0C4H2FJBK,,
2132,B085F3XMZ1,pet,4967576464123,アイリスオーヤマ おからの猫砂 トイレに流せる 抗菌 消臭 お茶の香り 7L×4袋,2483.0,,3694,5,large_2,Yahoo,はずれ,False,False,https://www.amazon.co.jp/dp/B085F3XMZ1,Yahoo最安 JAN=4967576464123,
2133,B08DNMZMGB,pet,4902397860723,シーザー ドライ 成犬用 3kg チキンと4種の農園野菜入り ドライフード ドッグフード,2237.0,,3769,3,large_1,楽天,はずれ,False,False,https://www.amazon.co.jp/dp/B08DNMZMGB,楽天最安 JAN=4902397860723,
2134,B00HVPX4MI,pet,9000381728006,CIAO (チャオ) とろみ ささみ・まぐろ カツオ節入り 80g 24個セット,2352.0,,3355,3,large_1,楽天,はずれ,False,False,https://www.amazon.co.jp/dp/B00HVPX4MI,楽天最安 JAN=9000381728006,
2135,B0GXZ1K69W,pet,4582283882758,【ヒマラヤ岩塩専門店】アニマル用(動物)ヒマラヤ岩塩約2-3kg 2個セット 馬 牛 羊 ヤギ 豚 動物 家畜全般に 熱,2980.0,,4534,3,standard_1,,,False,False,https://www.amazon.co.jp/dp/B0GXZ1K69W,,
2136,B001LK3E1U,pet,0762177912004,ズプリーム (ZuPreem) トゥルーハーベスト S パラキート 1.0kg,2550.0,,4128,8,standard_2,Yahoo,はずれ,False,False,https://www.amazon.co.jp/dp/B001LK3E1U,Yahoo最安 JAN=0762177912004,
2137,B07MJYNJDT,pet,4972547035790,GEX アクアラック ウッド 幅45×奥行き30cm以下水槽用 組立式水槽台ブラック450BK,6787.0,,3747,5,large_2,Yahoo,はずれ,False,False,https://www.amazon.co.jp/dp/B07MJYNJDT,Yahoo最安 JAN=4972547035790,
2138,B07Q4N4YFC,pet,4972547035875,GEX アクアラック ウッド 幅60×奥行き30cm以下水槽用 組立式水槽台 ブラウン600BR,9000.0,,3364,3,large_2,楽天,はずれ,False,False,https://www.amazon.co.jp/dp/B07Q4N4YFC,楽天最安 JAN=4972547035875,
2139,B07MCQNJGY,pet,4972547035851,ジェックス GEX アクアラック ウッド 幅60×奥行き30cm以下水槽用 組立式水槽台ブラック600BK,7518.0,,3364,5,large_2,Yahoo,はずれ,False,False,https://www.amazon.co.jp/dp/B07MCQNJGY,Yahoo最安 JAN=4972547035851,
2140,B07N5T4TDG,pet,4972547035813,ジェックス GEX アクアラック ウッド 幅45×奥行き30cm以下水槽用 組立式水槽台ブラウン450BR,8500.0,,3364,3,large_2,Yahoo,はずれ,False,False,https://www.amazon.co.jp/dp/B07N5T4TDG,Yahoo最安 JAN=4972547035813,
2141,B07MCQKVW4,pet,4972547035868,ジェックス GEX アクアラック ウッド 幅60×奥行き30cm以下水槽用 組立式水槽台ホワイト600WH,9500.0,,3364,5,large_2,Yahoo,はずれ,False,False,https://www.amazon.co.jp/dp/B07MCQKVW4,Yahoo最安 JAN=4972547035868,
2142,B07MJYNB4F,pet,4972547035806,GEX アクアラック ウッド 幅45×奥行き30cm以下水槽用 組立式水槽台ホワイト450WH,8500.0,,3364,3,large_2,Yahoo,はずれ,False,False,https://www.amazon.co.jp/dp/B07MJYNB4F,Yahoo最安 JAN=4972547035806,
2143,B0FRS56Y9C,pet,6934432690758,100V電源に対応す フェリウェイ ディフューザー 専用拡散器1個+リキッド48mL ストレスと不安を軽減 強化鎮静 猫,1399.0,,3371,3,small,,,False,False,https://www.amazon.co.jp/dp/B0FRS56Y9C,,
2144,B0FHBDYD17,pet,4571461293851,Famy ペット用 ウェットティッシュ (960枚(80枚×12個)),2142.0,,3377,2,large_1,楽天,はずれ,False,False,https://www.amazon.co.jp/dp/B0FHBDYD17,楽天最安 JAN=4571461293851,
2145,B0GKFR7LYJ,pet,4972547047267,ジェックス カメ元気 ダストキャッチフィルター カメ水槽用フィルター ダブルろ過システム 水中式 60L水槽対応,2564.0,,3187,7,standard_1,楽天,はずれ,False,False,https://www.amazon.co.jp/dp/B0GKFR7LYJ,楽天最安 JAN=4972547047267,
2146,B0F4XCP6SZ,pet,4967576780452,アイリスオーヤマ 3WAY リバーシブルハンモック RHM-58 アイボリー,1618.0,,3555,6,small,Yahoo,はずれ,False,False,https://www.amazon.co.jp/dp/B0F4XCP6SZ,Yahoo最安 JAN=4967576780452,
2147,B0BWJCG15R,pet,4981528362640,ペットプロ 国産おやつ 馬アキレスロング 70g 小型犬~大型犬向け 歯みがき 長持ち 丸飲みしにくい,1609.0,,3384,6,standard_1,楽天,はずれ,False,False,https://www.amazon.co.jp/dp/B0BWJCG15R,楽天最安 JAN=4981528362640,
2148,B0DFXSBQKK,pet,4984937696139,ペッツルート カシャカシャぶんぶん 4個セット ハチ,1280.0,,3385,7,standard_1,Yahoo,はずれ,False,False,https://www.amazon.co.jp/dp/B0DFXSBQKK,Yahoo最安 JAN=4984937696139,
2149,B09154XCBJ,toys,6943478030817,Hape(ハペ) ヘルシーフルーツセット E3171 3歳~,2827.0,,2788,5,standard_1,Yahoo,はずれ,False,False,https://www.amazon.co.jp/dp/B09154XCBJ,Yahoo最安 JAN=6943478030817,
2150,B09165NM5D,toys,6943478030848,Hape(ハペ) ヘルシーサラダセット E3174,2673.0,,3000,4,standard_1,Yahoo,はずれ,False,False,https://www.amazon.co.jp/dp/B09165NM5D,Yahoo最安 JAN=6943478030848,
2151,B08RBWT5XT,toys,4977389310326,エポック社 1053スーパースモールピース ジグソーパズル 海外風景 世界遺産 アマルフィ海岸[イタリア] (26×38,1847.0,,3001,5,standard_1,Yahoo,はずれ,False,False,https://www.amazon.co.jp/dp/B08RBWT5XT,Yahoo最安 JAN=4977389310326,
2152,B07MY3Z8FH,toys,6943478025370,Hape(ハペ) サクッとおやさいセット 3才以上 木製 おままごと おもちゃ E3161,2424.0,,3001,2,standard_1,,,False,False,https://www.amazon.co.jp/dp/B07MY3Z8FH,,
2153,B07MZR1TK3,toys,6943478024113,Hape(ハペ) 割って遊べる たまごセット E3156 3歳~,1127.0,,3001,4,small,楽天,はずれ,False,False,https://www.amazon.co.jp/dp/B07MZR1TK3,楽天最安 JAN=6943478024113,
2154,B0979P7K7D,toys,4589945623834,鬼滅の刃 chibi ぬいぐるみ 累 2383,1892.0,,3003,8,small,Yahoo,はずれ,False,False,https://www.amazon.co.jp/dp/B0979P7K7D,Yahoo最安 JAN=4589945623834,
2155,B09WYBZCQY,toys,,水鉄砲 2個セット 大容量1200CC ウォーターガン 加圧式水ピストル 超強力飛距離 11-12m 水鉄砲合戦 水遊び,2280.0,,3010,2,standard_2,,,False,False,https://www.amazon.co.jp/dp/B09WYBZCQY,,
2156,B0BXWVQ1X3,toys,4970134330303,イガラシ ヴィンテージレインボーウキワ70cm ロープ付 RLB-370V,1439.0,,3010,7,standard_1,Yahoo,はずれ,False,False,https://www.amazon.co.jp/dp/B0BXWVQ1X3,Yahoo最安 JAN=4970134330303,
2157,B0DS2MTMBX,toys,,FUNSHOWCASE スクイーズレジン 200ml シリコン液 1:1 手作り セット DIY ストレス解消 握る,2369.0,,3069,2,standard_1,,,False,False,https://www.amazon.co.jp/dp/B0DS2MTMBX,,
2158,B0GTNMSF3P,toys,4930972623302,ケイカンパニー(K Company) サンリオキャラクターズ （日焼けシリーズ）シール手帳 ハローキティ SAHI-SC,1610.0,,3013,10,small,楽天,はずれ,False,False,https://www.amazon.co.jp/dp/B0GTNMSF3P,楽天最安 JAN=4930972623302,
2159,B0CB6HDJMN,toys,0194735178377,バービー(Barbie) バービー65​ ちきゅうにやさしい 2かいだてのピンクのおうち (ドール別売) バービー人形 ,2979.0,,2544,3,standard_2,Yahoo,はずれ,False,False,https://www.amazon.co.jp/dp/B0CB6HDJMN,Yahoo最安 JAN=0194735178377,
2160,B0CPKZHKC5,toys,0194735227402,バービー(Barbie) バービー しゅうのうりょくばつぐん! おしゃれなピンクのドリームクローゼット ドール別売 バー,5173.0,,2544,2,large_1,楽天,はずれ,False,False,https://www.amazon.co.jp/dp/B0CPKZHKC5,楽天最安 JAN=0194735227402,
2161,B0CMGKYJ7V,toys,0194735227396,バービー(Barbie) しゅうのうりょくばつぐん! おしゃれなピンクのドリームクローゼット（ドールつき）きせかえ人形・,5155.0,,2544,2,standard_2,楽天,はずれ,False,False,https://www.amazon.co.jp/dp/B0CMGKYJ7V,楽天最安 JAN=0194735227396,
2162,B0F4BX7LNW,toys,4570137385432,浮き輪 子供用 大人用 浮輪 うきわ ストライプブルー 100 海 プール 夏休み おしゃれ かわいい,1099.0,,3017,2,standard_1,Yahoo,はずれ,False,False,https://www.amazon.co.jp/dp/B0F4BX7LNW,Yahoo最安 JAN=4570137385432,
2163,B084YG877X,toys,4979750803352,セガフェイブ(SEGA FAVE) ぷにジェル すみっコぐらし PG-26,2391.0,,3017,2,standard_1,Yahoo,はずれ,False,False,https://www.amazon.co.jp/dp/B084YG877X,Yahoo最安 JAN=4979750803352,
2164,B0F37ZZF7X,toys,4970134501116,イガラシ ポケモン90cmウキワイエロー(ロープ付き) 膨らんだ状態の浮輪の内周が約110~115cm AHD-90F,2265.0,,3018,10,standard_1,楽天,はずれ,False,False,https://www.amazon.co.jp/dp/B0F37ZZF7X,楽天最安 JAN=4970134501116,
2165,B0D5XS2X2P,toys,4571345801141,すごろくや スカイチーム 2人 12歳 20分 2人専用 協力 航空機 ダイス配置 SDJ大賞 ボードゲーム,4620.0,,3024,2,standard_1,楽天,はずれ,False,False,https://www.amazon.co.jp/dp/B0D5XS2X2P,楽天最安 JAN=4571345801141,
2166,B082L3F1WV,toys,4521329288192,ポケモンセンターオリジナル ふわふわ抱きぬいぐるみ メタモン 28×37×22(H×W×D:㎝),4950.0,,4227,6,standard_1,Yahoo,はずれ,False,False,https://www.amazon.co.jp/dp/B082L3F1WV,Yahoo最安 JAN=4521329288192,
2167,B0DKWSMYG4,toys,4521329390017,ポケモンセンターオリジナル ふわふわ抱きぬいぐるみ ヒスイゾロア,9600.0,,3028,5,standard_1,楽天,はずれ,False,False,https://www.amazon.co.jp/dp/B0DKWSMYG4,楽天最安 JAN=4521329390017,
2168,B0DT9171QG,toys,4521329413723,ポケモンセンターオリジナル ふわふわ抱きぬいぐるみ イーブイ,6680.0,,3028,9,standard_1,Yahoo,あやしい,False,False,https://www.amazon.co.jp/dp/B0DT9171QG,Yahoo最安 JAN=4521329413723,
2169,B0DT935SZD,toys,4521329408279,ポケモンセンターオリジナル ふわふわ抱きぬいぐるみ エーフィ,6250.0,,4227,5,standard_1,楽天,はずれ,False,False,https://www.amazon.co.jp/dp/B0DT935SZD,楽天最安 JAN=4521329408279,
2170,B0DT8RR1S7,toys,4521329408286,ポケモンセンターオリジナル ふわふわ抱きぬいぐるみ ブラッキー,6979.0,,4227,6,standard_1,Yahoo,はずれ,False,False,https://www.amazon.co.jp/dp/B0DT8RR1S7,Yahoo最安 JAN=4521329408286,
2171,B0DKWVJKQV,toys,4521329390024,ポケモンセンターオリジナル ふわふわ抱きぬいぐるみ ミミッキュ,4950.0,,4227,10,standard_1,楽天,はずれ,False,False,https://www.amazon.co.jp/dp/B0DKWVJKQV,楽天最安 JAN=4521329390024,
2172,B0DKWXHW7P,toys,4521329390048,ポケモンセンターオリジナル ふわふわ抱きぬいぐるみ コンパン,6800.0,,3029,2,standard_1,楽天,はずれ,False,False,https://www.amazon.co.jp/dp/B0DKWXHW7P,楽天最安 JAN=4521329390048,
2173,B0DKWVGMRH,toys,4521329390031,ポケモンセンターオリジナル ふわふわ抱きぬいぐるみ ネッコアラ,7380.0,,3029,2,standard_1,,,False,False,https://www.amazon.co.jp/dp/B0DKWVGMRH,,
2174,B0DHBT5JZ9,toys,4905330024336,三英貿易(Sanei Boeki) ソニック・ザ・ヘッジホッグ ALL STAR COLLECTION テイルス (S),2236.0,,2446,5,small,Yahoo,はずれ,False,False,https://www.amazon.co.jp/dp/B0DHBT5JZ9,Yahoo最安 JAN=4905330024336,
2175,B0DHC8CX9P,toys,4905330024367,三英貿易(Sanei Boeki) ソニック・ザ・ヘッジホッグ ALL STAR COLLECTION シャドウ (S),3850.0,,2446,7,standard_1,Yahoo,はずれ,False,False,https://www.amazon.co.jp/dp/B0DHC8CX9P,Yahoo最安 JAN=4905330024367,
2176,B0DHCGY9JZ,toys,4905330024329,三英貿易(Sanei Boeki) ソニック・ザ・ヘッジホッグ ALL STAR COLLECTION ソニック (S),3098.0,,3034,5,standard_1,Yahoo,はずれ,False,False,https://www.amazon.co.jp/dp/B0DHCGY9JZ,Yahoo最安 JAN=4905330024329,
2177,B01CQHNUJ2,toys,4571399699534,ビンゴカード200(200枚セット),1140.0,,3034,10,standard_1,Yahoo,はずれ,False,False,https://www.amazon.co.jp/dp/B01CQHNUJ2,Yahoo最安 JAN=4571399699534,
2178,B0HB34B8SQ,toys,4570232580206,グッドスマイルカンパニー 超かぐや姫！ ぬいぐるみ 月見ヤチヨ 素材 ポリエステル サイズ 全高約17cm,3961.0,,3536,5,standard_1,Yahoo,はずれ,False,False,https://www.amazon.co.jp/dp/B0HB34B8SQ,Yahoo最安 JAN=4570232580206,
2179,B0DXN8D94W,toys,4952907009050,Yoshiritsu LaQ ハマクロンコンストラクター シップス(420pcs+SP12pcs) L009050,3657.0,,3385,6,standard_1,Yahoo,はずれ,False,False,https://www.amazon.co.jp/dp/B0DXN8D94W,Yahoo最安 JAN=4952907009050,
2180,B01M5FYKL4,toys,4571394090206,オインクゲームズ ボードゲーム インサイダーゲーム 対象年齢9歳以上 4-8人用,2052.0,,3042,10,small,楽天,はずれ,False,False,https://www.amazon.co.jp/dp/B01M5FYKL4,楽天最安 JAN=4571394090206,
2181,B084H1S78Y,toys,4977554515075,メルちゃん お人形セット おかっぱヘアメルちゃん ふりそでセット,6300.0,,3044,4,standard_1,楽天,はずれ,False,False,https://www.amazon.co.jp/dp/B084H1S78Y,楽天最安 JAN=4977554515075,
2182,B0CPKTF6DR,toys,0194735228553,メガ(MEGA) ポケモン アドベンチャーワールド 水中を冒険! ~ ゼニガメ ・ コダック ・ ケイコウオ のセット~,3220.0,,3926,4,standard_1,Yahoo,はずれ,False,False,https://www.amazon.co.jp/dp/B0CPKTF6DR,Yahoo最安 JAN=0194735228553,
2183,B0F7Q3V2GZ,toys,4979817421161,やのまん(Yanoman) 【日本製】 300ピース ジグソーパズル プチプチライト ディズニー カラフル・ゴールド／ト,1118.0,,3047,2,small,Yahoo,はずれ,False,False,https://www.amazon.co.jp/dp/B0F7Q3V2GZ,Yahoo最安 JAN=4979817421161,
2184,B0BBSWMDJD,toys,0194735149681,マテル(MATTEL) メガ(MEGA) ポケモン アドベンチャーワールド ラッキーと森のポケモンセンター～ピカチュウ、,6534.0,,3926,2,standard_2,Yahoo,はずれ,False,False,https://www.amazon.co.jp/dp/B0BBSWMDJD,Yahoo最安 JAN=0194735149681,
2185,B0CPL4FJ6G,toys,0194735228560,メガ(MEGA) ポケモン アドベンチャーワールド ワクワク観覧車! ~ ニャース ・ ゴンべ ・ ニャオハ ・ ウパー,4009.0,,3926,2,standard_1,楽天,はずれ,False,False,https://www.amazon.co.jp/dp/B0CPL4FJ6G,楽天最安 JAN=0194735228560,
2186,B0CH1JDZZ9,toys,4952907008442,Yoshiritsu LaQ ハマクロンコンストラクター フレイム・レッド,1430.0,,3385,4,small,Yahoo,はずれ,False,False,https://www.amazon.co.jp/dp/B0CH1JDZZ9,Yahoo最安 JAN=4952907008442,
2187,B00BLGCA2S,toys,0648152694847,ラキュー (LaQ) ハマクロンコンストラクター(HamacronConstructor) ジェットファイター,4980.0,,3385,2,small,,,False,False,https://www.amazon.co.jp/dp/B00BLGCA2S,,
2188,B01MEFCBHP,toys,4952907004512,Yoshiritsu ラキュー (LaQ) ハマクロンコンストラクター(HamacronConstructer) ブラッ,3058.0,,3385,7,standard_1,Yahoo,はずれ,False,False,https://www.amazon.co.jp/dp/B01MEFCBHP,Yahoo最安 JAN=4952907004512,
2189,B0D6GLY7DW,toys,4952907008718,Yoshiritsu LaQ ハマクロンコンストラクター はたらく車(130pcs+SP10pcs) L008718,1540.0,,3385,4,small,Yahoo,はずれ,False,False,https://www.amazon.co.jp/dp/B0D6GLY7DW,Yahoo最安 JAN=4952907008718,
2190,B0CH1HQ741,toys,4952907008459,Yoshiritsu LaQ ハマクロンコンストラクター ライトニング・ブラック,1430.0,,3050,4,small,Yahoo,はずれ,False,False,https://www.amazon.co.jp/dp/B0CH1HQ741,Yahoo最安 JAN=4952907008459,
2191,B0CH1HG44V,toys,4952907008435,Yoshiritsu LaQ ハマクロンコンストラクター スター・ブルー,1430.0,,3050,3,small,Yahoo,はずれ,False,False,https://www.amazon.co.jp/dp/B0CH1HG44V,Yahoo最安 JAN=4952907008435,
2192,B08XLN39JN,toys,4952907007230,Yoshiritsu LaQ ハマクロンコンストラクター 飛行機,1870.0,,3050,2,small,Yahoo,はずれ,False,False,https://www.amazon.co.jp/dp/B08XLN39JN,Yahoo最安 JAN=4952907007230,
2193,B0D724YTLW,toys,4523256065273,【公式】アイデス ブルーナボンボン ラビット グレー｜乗用ぬいぐるみ 3歳〜 バランス遊びに 室内遊具 プレゼント 空気,7700.0,,4013,4,large_1,Yahoo,はずれ,False,False,https://www.amazon.co.jp/dp/B0D724YTLW,Yahoo最安 JAN=4523256065273,
2194,B0D72CYZJT,toys,4523256065266,【公式】アイデス ブルーナボンボン ラビット ブラウン｜乗用ぬいぐるみ 3歳〜 バランス遊びに 室内遊具 プレゼント 空,6980.0,,4013,4,large_1,楽天,はずれ,False,False,https://www.amazon.co.jp/dp/B0D72CYZJT,楽天最安 JAN=4523256065266,
2195,B0D7223TXS,toys,4523256065259,【公式】アイデス ブルーナボンボン ラビット ホワイト｜乗用ぬいぐるみ 3歳〜 バランス遊びに 室内遊具 プレゼント 空,6980.0,,3052,4,large_1,Yahoo,あやしい,True,True,https://www.amazon.co.jp/dp/B0D7223TXS,Yahoo最安 JAN=4523256065259,
2196,B0D4QWVK6L,toys,4523256065167,【公式】アイデス ブルーナボンボン スナッフィー｜乗用ぬいぐるみ 3歳〜 バランス遊びに 室内遊具 プレゼント 空気入れ,7700.0,,4013,2,large_1,Yahoo,はずれ,False,False,https://www.amazon.co.jp/dp/B0D4QWVK6L,Yahoo最安 JAN=4523256065167,
2197,B0CFJR6T8J,toys,4573104944076,Brook 2026年版 ポケモンGO 用 ポケットオートキャッチ LIGHT デュアルアカウント使用可能 2台同時接続,9980.0,,3297,2,small,Yahoo,原石,True,True,https://www.amazon.co.jp/dp/B0CFJR6T8J,Yahoo最安 JAN=4573104944076,
2198,B0DLNKZTVC,toys,4521329376042,ポケモンセンターオリジナル カラビナ付きマスコット ブースター,2500.0,,3059,5,small,Yahoo,はずれ,False,False,https://www.amazon.co.jp/dp/B0DLNKZTVC,Yahoo最安 JAN=4521329376042,
2199,B0DLN1D2S6,toys,4521329376059,ポケモンセンターオリジナル カラビナ付きマスコット エーフィ,1540.0,,2130,9,small,Yahoo,はずれ,False,False,https://www.amazon.co.jp/dp/B0DLN1D2S6,Yahoo最安 JAN=4521329376059,
2200,B0DLNPHKX1,toys,4521329376028,ポケモンセンターオリジナル カラビナ付きマスコット シャワーズ,2400.0,,3059,5,small,Yahoo,あやしい,True,True,https://www.amazon.co.jp/dp/B0DLNPHKX1,Yahoo最安 JAN=4521329376028,
2201,B0DLNJCXHT,toys,4521329390642,ポケモンセンターオリジナル カラビナ付きマスコット ニンフィア,2500.0,,3059,9,small,Yahoo,あやしい,False,False,https://www.amazon.co.jp/dp/B0DLNJCXHT,Yahoo最安 JAN=4521329390642,
2202,B0DLNWZ8PD,toys,4521329376073,ポケモンセンターオリジナル カラビナ付きマスコット リーフィア,1540.0,,3059,8,small,楽天,はずれ,False,False,https://www.amazon.co.jp/dp/B0DLNWZ8PD,楽天最安 JAN=4521329376073,
2203,B0DLN42LC9,toys,4521329376080,ポケモンセンターオリジナル カラビナ付きマスコット グレイシア,1540.0,,3060,7,small,Yahoo,はずれ,False,False,https://www.amazon.co.jp/dp/B0DLN42LC9,Yahoo最安 JAN=4521329376080,
2204,B0BLQP33XB,toys,8436591750697,タロットカード 初心者向け – カードに意味が書かれたタロットデッキ – Yes or No、占星術、惑星＆チャクラ付き,6692.0,,3690,2,standard_1,,,False,False,https://www.amazon.co.jp/dp/B0BLQP33XB,,
2205,B0DLNJY3W1,toys,4521329376035,ポケモンセンターオリジナル カラビナ付きマスコット サンダース,1540.0,,3060,10,small,Yahoo,はずれ,False,False,https://www.amazon.co.jp/dp/B0DLNJY3W1,Yahoo最安 JAN=4521329376035,
2206,B0BN663GTR,toys,8436591750673,タロットカード 初心者向け – カードに意味が書かれたタロットデッキ – Yes or No、占星術、惑星＆チャクラ付き,5757.0,,3690,5,standard_1,,,False,False,https://www.amazon.co.jp/dp/B0BN663GTR,,
2207,B0FCXPPD1H,toys,4977554516683,パイロット メルちゃん お人形セット フルーツだいすき　いちごのおふろセット　3歳以上,5355.0,,2168,9,standard_2,Yahoo,はずれ,False,False,https://www.amazon.co.jp/dp/B0FCXPPD1H,Yahoo最安 JAN=4977554516683,
2208,B0FB2DXDF3,toys,4904810956372,タカラトミー(TAKARA TOMY) ディズニー おいかけて♪かぞえて♪2WAYボールバス くまのプーさん,3900.0,,3064,10,standard_2,楽天,はずれ,False,False,https://www.amazon.co.jp/dp/B0FB2DXDF3,楽天最安 JAN=4904810956372,
2209,B0BB2KR372,toys,4573242548990,トレードワン(TRADE ONE) モルック セット一式 ウッドスティック 屋外 スポーツ 公園 老若男女 みんなで遊べ,2610.0,,3068,8,large_1,Yahoo,はずれ,False,False,https://www.amazon.co.jp/dp/B0BB2KR372,Yahoo最安 JAN=4573242548990,
2210,B0BWRPPMBD,toys,4550337343012,サンリオ(SANRIO) マイメロディ カチューシャ 343013,1980.0,,2445,3,small,Yahoo,はずれ,False,False,https://www.amazon.co.jp/dp/B0BWRPPMBD,Yahoo最安 JAN=4550337343012,
2211,B0D8CNBJ7T,toys,4550337816059,サンリオ(SANRIO) カチューシャ レッド ハローキティ 816051,1959.0,,2445,3,small,楽天,はずれ,False,False,https://www.amazon.co.jp/dp/B0D8CNBJ7T,楽天最安 JAN=4550337816059,
2212,B09343HXP4,toys,4971404318472,アガツマ(AGATSUMA) アンパンマン おふろでピタッと! あいうえお教室,2091.0,,3071,9,standard_1,楽天,はずれ,False,False,https://www.amazon.co.jp/dp/B09343HXP4,楽天最安 JAN=4971404318472,
2213,B0BWRLY9JL,toys,4550337344156,サンリオ(SANRIO) シナモロール カチューシャ 344150,1781.0,,2445,5,standard_1,Yahoo,はずれ,False,False,https://www.amazon.co.jp/dp/B0BWRLY9JL,Yahoo最安 JAN=4550337344156,
2214,B0BWRMHYVT,toys,4550337344095,サンリオ(SANRIO) ポムポムプリン カチューシャ 344095,1980.0,,2445,3,small,Yahoo,はずれ,False,False,https://www.amazon.co.jp/dp/B0BWRMHYVT,Yahoo最安 JAN=4550337344095,
2215,B0BWRNNF9Z,toys,4550337345214,サンリオ(SANRIO) ポチャッコ カチューシャ 345211,1799.0,,2445,7,small,Yahoo,はずれ,False,False,https://www.amazon.co.jp/dp/B0BWRNNF9Z,Yahoo最安 JAN=4550337345214,
2216,B07H3FDDNG,toys,4549660317777,バンダイ(BANDAI) BabyLabo ベビラボ アンパンマン 脳を育む つみたくなるなる!アンパンマン 対象年齢 ,2640.0,,3081,3,standard_1,楽天,はずれ,False,False,https://www.amazon.co.jp/dp/B07H3FDDNG,楽天最安 JAN=4549660317777,
2217,B086D8TVVB,toys,4977389723041,エポック社 108ピース ジグソーパズル ディズニー エルサ/ フローズン・メモリーズ (18.2×25.7cm) 72,2098.0,,2585,2,small,Yahoo,あやしい,False,False,https://www.amazon.co.jp/dp/B086D8TVVB,Yahoo最安 JAN=4977389723041,
2218,B0863RFX5Z,toys,4905096241473,エポック社(EPOCH) 【アポロのステップパノラマパズル】 たべっ子どうぶつ 10/15/20ピース 24-147 3,1800.0,,3231,2,standard_1,Yahoo,あやしい,False,False,https://www.amazon.co.jp/dp/B0863RFX5Z,Yahoo最安 JAN=4905096241473,
2219,B0F1Y8DCQM,toys,4977389282067,エポック社（EPOCH） 300ピース ジグソーパズル たべっ子どうぶつ たべっ子どうぶつ THE MOVIE （26×,1456.0,,3087,3,standard_1,Yahoo,はずれ,False,False,https://www.amazon.co.jp/dp/B0F1Y8DCQM,Yahoo最安 JAN=4977389282067,
2220,B014KHTG4O,toys,4904810470656,タカラトミー(TAKARA TOMY) プラレール S-48 近鉄観光特急しまかぜ,2602.0,,3090,5,standard_1,Yahoo,はずれ,False,False,https://www.amazon.co.jp/dp/B014KHTG4O,Yahoo最安 JAN=4904810470656,
2221,B0FPQYY7YZ,toys,4560229607900,BRIO 木製レール 知育玩具 恐竜踏切セット 607900 対象年齢 3歳~ 誕生日 クリスマス プレゼント 室内遊び,6980.0,,3099,6,large_1,Yahoo,はずれ,False,False,https://www.amazon.co.jp/dp/B0FPQYY7YZ,Yahoo最安 JAN=4560229607900,
2222,B0BFGQ8W99,toys,4978902004371,ムラオカ(Muraoka) ハローキティ ステキな2階建てハウス おもちゃ ごっこあそび 女の子向け 3才以上,1781.0,,3103,4,standard_1,Yahoo,はずれ,False,False,https://www.amazon.co.jp/dp/B0BFGQ8W99,Yahoo最安 JAN=4978902004371,
2223,B0BQ8QVYB5,toys,4978902004524,ムラオカ(Muraoka) ハローキティ プチドレッサー 4524,1324.0,,2703,9,standard_1,Yahoo,はずれ,False,False,https://www.amazon.co.jp/dp/B0BQ8QVYB5,Yahoo最安 JAN=4978902004524,
2224,B0BR15DHZT,toys,4978902004494,ムラオカ(Muraoka) ハローキティ プチハウス 4494,1000.0,,2703,5,small,Yahoo,はずれ,False,False,https://www.amazon.co.jp/dp/B0BR15DHZT,Yahoo最安 JAN=4978902004494,
2225,B0CHM2ZZZ8,toys,4978902004715,ムラオカ(Muraoka) ハローキティ コロコロベビー おもちゃ ごっこあそび 女の子向け 3才以上,1982.0,,3103,2,standard_1,楽天,はずれ,False,False,https://www.amazon.co.jp/dp/B0CHM2ZZZ8,楽天最安 JAN=4978902004715,
2226,B0BTL7QVRL,toys,4978902004234,ムラオカ(Muraoka) ハローキティ かわいいケーキ屋さん 4647,1273.0,,3104,2,standard_1,Yahoo,はずれ,False,False,https://www.amazon.co.jp/dp/B0BTL7QVRL,Yahoo最安 JAN=4978902004234,
2227,B0FDGG6SD7,toys,,Bahomu BJD可動人形 光魇双生シリーズ 22cm 1/6 MJDドール ブラインドボックス｜全6種+シークレット,5480.0,,3108,3,standard_1,,,False,False,https://www.amazon.co.jp/dp/B0FDGG6SD7,,
2228,B0GYQ73CLJ,toys,0886144600111,Perch'd スター・ウォーズ マンダロリアン™ ショルダープラッシュ、3.75インチ、対象年齢3歳以上。,7225.0,,3115,5,small,,,False,False,https://www.amazon.co.jp/dp/B0GYQ73CLJ,,
2229,B0D8FLFGP1,toys,4959295003226,アップルワン(APPLEONE) ジグソーパズル 500-322 爽快の瀬戸内 銭形砂絵 -香川県- 500ピース 53,1188.0,,2727,7,standard_1,Yahoo,はずれ,False,False,https://www.amazon.co.jp/dp/B0D8FLFGP1,Yahoo最安 JAN=4959295003226,
2230,B0H6Q9PSTB,toys,4550624006675,サンリオ(SANRIO) ぬいぐるみ（ピアノちゃんのおめかしピアノはっぴょう会） マイスウィートピアノ 対象年齢3才以上,5980.0,,3499,2,standard_1,,,False,False,https://www.amazon.co.jp/dp/B0H6Q9PSTB,,
2231,B0H6PYP1P4,toys,4550624349802,サンリオ(SANRIO) マスコットブローチ（ピアノちゃんのおめかしピアノはっぴょう会） マイスウィートピアノ 対象年齢,2880.0,,3499,3,small,Yahoo,あやしい,False,False,https://www.amazon.co.jp/dp/B0H6PYP1P4,Yahoo最安 JAN=4550624349802,
2232,B0H6QBX663,toys,4550624265546,サンリオ(SANRIO) ストラップ（ピアノちゃんのおめかしピアノはっぴょう会） マイスウィートピアノ 対象年齢3才以上,1397.0,,3120,8,small,,,False,False,https://www.amazon.co.jp/dp/B0H6QBX663,,
2233,B0H6Q7WKHW,toys,4550624264471,サンリオ(SANRIO) フェイス形ポーチ（ピアノちゃんのおめかしピアノはっぴょう会） マイスウィートピアノ 対象年齢3,3750.0,,3120,3,small,,,False,False,https://www.amazon.co.jp/dp/B0H6Q7WKHW,,
2234,B0H8DFTJ64,toys,4550624960533,サンリオ(SANRIO) ショップバッグ風ポーチD（Mini Sanrio） サンリオキャラクターズ 対象年齢3才以上 ,2560.0,,4837,3,small,,,False,False,https://www.amazon.co.jp/dp/B0H8DFTJ64,,
2235,B0DP9BMWDZ,toys,4573205126098,ラーニング リソーシズ カヌードル Kanoodle 日本語パッケージ 脳トレ パズルゲーム 7歳 EI2978-J 正,1693.0,,3058,5,small,Yahoo,はずれ,False,False,https://www.amazon.co.jp/dp/B0DP9BMWDZ,Yahoo最安 JAN=4573205126098,
2236,B07G8D3NZX,toys,4959295002526,アップルワン(APPLEONE) ジグソーパズル 500-252 花桃と富士快晴 -静岡県- 500ピース 53×38㎝,1000.0,,2727,9,standard_1,Yahoo,はずれ,False,False,https://www.amazon.co.jp/dp/B07G8D3NZX,Yahoo最安 JAN=4959295002526,
2237,B0G23DFLL1,toys,4959295003394,アップルワン(APPLEONE) ジグソーパズル 500-339 夕日に染まる宍道湖 (島根県) 500ピース 日本製 ,1540.0,,2727,7,standard_1,Yahoo,はずれ,False,False,https://www.amazon.co.jp/dp/B0G23DFLL1,Yahoo最安 JAN=4959295003394,
2238,B0B34GD87C,toys,4959295002977,アップルワン(APPLEONE) ジグソーパズル 500-297 浪漫香る旧グラバー邸 -長崎県- 500ピース 53×,1200.0,,3130,8,standard_1,Yahoo,はずれ,False,False,https://www.amazon.co.jp/dp/B0B34GD87C,Yahoo最安 JAN=4959295002977,
2239,B08MPH9166,toys,4959295002809,アップルワン(APPLEONE) ジグソーパズル 500-280 富士日和 500ピース 53×38㎝ 日本製 日本の風,1100.0,,3130,8,standard_1,Yahoo,はずれ,False,False,https://www.amazon.co.jp/dp/B08MPH9166,Yahoo最安 JAN=4959295002809,
2240,B0819ZZFLB,toys,4959295002687,アップルワン(APPLEONE) ジグソーパズル 500-268 錦帯橋 宵桜 -山口県- 500ピース 53×38㎝ ,2249.0,,3130,2,standard_1,Yahoo,はずれ,False,False,https://www.amazon.co.jp/dp/B0819ZZFLB,Yahoo最安 JAN=4959295002687,
2241,B0G23CLHMM,toys,4959295003400,アップルワン(APPLEONE) ジグソーパズル 500-340 爽快の関門海峡 -山口県- 500ピース 53×38㎝,1760.0,,3131,5,standard_1,Yahoo,はずれ,False,False,https://www.amazon.co.jp/dp/B0G23CLHMM,Yahoo最安 JAN=4959295003400,
2242,B07MJQNXP7,toys,4959295002632,アップルワン(APPLEONE) ジグソーパズル 500-263 美瑛白金の青い池 -北海道- 500ピース 53×38,1035.0,,3131,9,standard_1,Yahoo,はずれ,False,False,https://www.amazon.co.jp/dp/B07MJQNXP7,Yahoo最安 JAN=4959295002632,
2243,B0F3XBGXYP,toys,4970134530208,イガラシ 70cm浮き輪 ボーダーウキワ ロープ付き RLD-70C,1356.0,,3132,5,standard_1,Yahoo,はずれ,False,False,https://www.amazon.co.jp/dp/B0F3XBGXYP,Yahoo最安 JAN=4970134530208,
2244,B09NKQ5W4Z,toys,4905330904737,三英貿易 クレヨンしんちゃん 変身しんちゃん (S) 忍者Ver. W13×D11×H20cm ぬいぐるみ SN40,1542.0,,4944,2,small,楽天,はずれ,False,False,https://www.amazon.co.jp/dp/B09NKQ5W4Z,楽天最安 JAN=4905330904737,
2245,B019SWBE3M,toys,4905330904416,三英貿易(Sanei Boeki) クレヨンしんちゃん 変身しんちゃん(S)園服Ver. ぬいぐるみ 高さ22cm,1582.0,,3136,8,standard_1,楽天,はずれ,False,False,https://www.amazon.co.jp/dp/B019SWBE3M,楽天最安 JAN=4905330904416,
2246,B01115TAG2,toys,0787793667275,三英貿易(Sanei Boeki) クレヨンしんちゃん シロ (S) W10×D8×H14cm ぬいぐるみ SN02,1282.0,,3136,7,small,Yahoo,はずれ,False,False,https://www.amazon.co.jp/dp/B01115TAG2,Yahoo最安 JAN=0787793667275,
2247,B015XSMCT0,toys,4905330904362,三英貿易 クレヨンしんちゃん しんちゃん (L) W32×D22×H57cm ぬいぐるみ SN07,7690.0,,4944,7,standard_1,Yahoo,はずれ,False,False,https://www.amazon.co.jp/dp/B015XSMCT0,Yahoo最安 JAN=4905330904362,
2248,B0C5WWVRVS,toys,4905330904751,三英貿易 クレヨンしんちゃん 変身しんちゃん ワニ山さんVer. (S) W12×D16×H20cm ぬいぐるみ SN4,1427.0,,4944,6,small,Yahoo,はずれ,False,False,https://www.amazon.co.jp/dp/B0C5WWVRVS,Yahoo最安 JAN=4905330904751,
2249,B0F4Q9V1C1,toys,4905330904850,三英貿易(Sanei Boeki) クレヨンしんちゃん 映画クレヨンしんちゃん 超華麗！灼熱のカスカベダンサーズ 変身ボ,1938.0,,3137,6,standard_1,楽天,はずれ,False,False,https://www.amazon.co.jp/dp/B0F4Q9V1C1,楽天最安 JAN=4905330904850,
2250,B01N80AIJO,toys,4905330904461,三英貿易(Sanei Boeki) クレヨンしんちゃん ネネちゃんウサギ (M) W19×D10×H40cm ぬいぐるみ,3187.0,,3137,5,standard_1,Yahoo,はずれ,False,False,https://www.amazon.co.jp/dp/B01N80AIJO,Yahoo最安 JAN=4905330904461,
2251,B01N4W4U39,toys,4905330904454,三英貿易 クレヨンしんちゃん ネネちゃんウサギ (S) W10.5×D6×H25cm ぬいぐるみ SN16,1692.0,,3137,6,small,楽天,はずれ,False,False,https://www.amazon.co.jp/dp/B01N4W4U39,楽天最安 JAN=4905330904454,
2252,B07N2QPQYJ,toys,4905330904607,クレヨンしんちゃん　ぬいぐるみ　野原みさえ　Ｓ,2199.0,,3137,3,small,Yahoo,はずれ,False,False,https://www.amazon.co.jp/dp/B07N2QPQYJ,Yahoo最安 JAN=4905330904607,
2253,B01115TXO6,toys,4905330904355,三英貿易(Sanei Boeki) クレヨンしんちゃん しんちゃん (M) W18×D15×H30cm ぬいぐるみ SN,3102.0,,3137,6,standard_1,楽天,はずれ,False,False,https://www.amazon.co.jp/dp/B01115TXO6,楽天最安 JAN=4905330904355,
2254,B01115TYRW,toys,4905330904348,三英貿易(Sanei Boeki) クレヨンしんちゃん ワニ山さん (S) W9×D13×H16cm ぬいぐるみ SN0,1431.0,,3137,7,small,Yahoo,はずれ,False,False,https://www.amazon.co.jp/dp/B01115TYRW,Yahoo最安 JAN=4905330904348,
2255,B01115TIUK,toys,0787793702501,三英貿易(Sanei Boeki) クレヨンしんちゃん ひまわり (S) W10×D8×H14cm ぬいぐるみ SN04,1418.0,,3137,10,small,Yahoo,はずれ,False,False,https://www.amazon.co.jp/dp/B01115TIUK,Yahoo最安 JAN=0787793702501,
2256,B0BSXFVZZV,toys,4970381516956,エンスカイ(ENSKY) ジグソーパズル 天空の城ラピュタ 飛行石の秘密 108ピース (108-626),1173.0,,3248,2,small,Yahoo,はずれ,False,False,https://www.amazon.co.jp/dp/B0BSXFVZZV,Yahoo最安 JAN=4970381516956,
2257,B07S8TTMRM,toys,4968124213194,カーボーイ 　くまさんのおえかきハウス　ダンボールハウス　自由におえかき,1564.0,,3148,7,standard_2,楽天,はずれ,False,False,https://www.amazon.co.jp/dp/B07S8TTMRM,楽天最安 JAN=4968124213194,
2258,B0GSVTSJKK,toys,0797563510106,電動ウォーターガン【シャボン&電動水鉄砲 2in1】LED噴火効果 バッテリー2個付き 水鉄砲電動 光る 連射 強力 射,3299.0,,4615,2,standard_1,楽天,はずれ,False,False,https://www.amazon.co.jp/dp/B0GSVTSJKK,楽天最安 JAN=0797563510106,
2259,B0GSW1H2KC,toys,0797563510083,電動ウォーターガン【シャボン&電動水鉄砲 2in1】LED噴火効果 バッテリー2個付き 水鉄砲電動 光る 連射 強力 射,3299.0,,4615,2,standard_1,楽天,はずれ,False,False,https://www.amazon.co.jp/dp/B0GSW1H2KC,楽天最安 JAN=0797563510083,
2260,B0GSVZXKYD,toys,0797563510090,電動ウォーターガン【シャボン&電動水鉄砲 2in1】LED噴火効果 バッテリー2個付き 水鉄砲電動 光る 連射 強力 射,3299.0,,4615,2,standard_1,,,False,False,https://www.amazon.co.jp/dp/B0GSVZXKYD,,
2261,B0CYDKY1FG,toys,5702017589886,レゴ(LEGO) テクニック Lamborghini Huracán Tecnica<オレンジ> おもちゃ 玩具 誕生日,7777.0,,2501,10,standard_2,Yahoo,はずれ,False,False,https://www.amazon.co.jp/dp/B0CYDKY1FG,Yahoo最安 JAN=5702017589886,
2262,B0DWDQ8BN5,toys,5702017816364,レゴ(LEGO) テクニック Ford Bronco SUV 42213 おもちゃ 男の子 女の子,8747.0,,3151,9,standard_2,楽天,はずれ,False,False,https://www.amazon.co.jp/dp/B0DWDQ8BN5,楽天最安 JAN=5702017816364,
2263,B0FPXDZ368,toys,5702018065532,レゴ(LEGO) テクニック Jeep Wrangler Rubicon SUV 42227 おもちゃ 男の子 女の子,9300.0,,2501,6,standard_1,Yahoo,はずれ,False,False,https://www.amazon.co.jp/dp/B0FPXDZ368,Yahoo最安 JAN=5702018065532,
2264,B09C1QYW6L,toys,4562283113427,幻冬舎(Gentosha)メモリーカードゲーム 新装版,1264.0,,3153,2,standard_1,楽天,はずれ,False,False,https://www.amazon.co.jp/dp/B09C1QYW6L,楽天最安 JAN=4562283113427,
2265,B097QDH5LR,toys,4966510325919,イワヤ(IWAYA) 電動 動物 虎 ぬいぐるみ 本物のトラの鳴き声 わんぱく全開ガオガオタイガー STマーク認証 3才,1738.0,,3153,4,standard_1,楽天,はずれ,False,False,https://www.amazon.co.jp/dp/B097QDH5LR,楽天最安 JAN=4966510325919,
2266,B0CYH544QG,toys,4560111496704,永和 ベビーうきわ ブルー,1399.0,,3154,2,standard_1,楽天,はずれ,False,False,https://www.amazon.co.jp/dp/B0CYH544QG,楽天最安 JAN=4560111496704,
2267,B0CJC1QYP8,toys,4977513076548,ハナヤマ(HANAYAMA)【透明立体ジグソーパズル】 クリスタルギャラリー ディズニー ミッキーマウス カラー クリス,1790.0,,2723,8,small,Yahoo,はずれ,False,False,https://www.amazon.co.jp/dp/B0CJC1QYP8,Yahoo最安 JAN=4977513076548,
2268,B0B5CWY3HD,toys,4977513076517,ハナヤマ(HANAYAMA)【透明立体ジグソーパズル】 クリスタルギャラリー ディズニー ツムツム バズライトイヤー&エ,1718.0,,2723,9,small,楽天,はずれ,False,False,https://www.amazon.co.jp/dp/B0B5CWY3HD,楽天最安 JAN=4977513076517,
2269,B0B5CSLN88,toys,4977513076500,ハナヤマ(HANAYAMA)クリスタルギャラリー ツムツム スティッチ＆スクランプ,1862.0,,2723,9,small,楽天,はずれ,False,False,https://www.amazon.co.jp/dp/B0B5CSLN88,楽天最安 JAN=4977513076500,
2270,B0CJC2MQ5F,toys,4977513076555,ハナヤマ(HANAYAMA)【透明立体ジグソーパズル】 クリスタルギャラリー ディズニー ミニーマウス カラー クリスタ,1873.0,,2723,7,small,Yahoo,はずれ,False,False,https://www.amazon.co.jp/dp/B0CJC2MQ5F,Yahoo最安 JAN=4977513076555,
2271,B088PNN5TH,toys,4977513076425,ハナヤマ(HANAYAMA)【透明立体ジグソーパズル】 クリスタルギャラリー サンリオ ハローキティ テレフォン クリス,1518.0,,3155,10,small,楽天,はずれ,False,False,https://www.amazon.co.jp/dp/B088PNN5TH,楽天最安 JAN=4977513076425,
2272,B0C85PJPP3,toys,4977513076593,ハナヤマ(HANAYAMA) クリスタルギャラリー ポチャッコ,1791.0,,2723,8,small,Yahoo,はずれ,False,False,https://www.amazon.co.jp/dp/B0C85PJPP3,Yahoo最安 JAN=4977513076593,
2273,B07DY6B2G3,toys,4977513076029,ハナヤマ(HANAYAMA)【透明立体ジグソーパズル】 クリスタルギャラリー ディズニー ミニーマウス クリスタルのよう,1480.0,,3155,10,small,Yahoo,はずれ,False,False,https://www.amazon.co.jp/dp/B07DY6B2G3,Yahoo最安 JAN=4977513076029,
2274,B0CJBZZ5VF,toys,4977513076562,ハナヤマ(HANAYAMA)【透明立体ジグソーパズル】 クリスタルギャラリー ディズニー くまのプーさん&ピグレット カ,2475.0,,3156,7,small,Yahoo,はずれ,False,False,https://www.amazon.co.jp/dp/B0CJBZZ5VF,Yahoo最安 JAN=4977513076562,
2275,B07F1SLZ8F,toys,4977513076418,ハナヤマ(HANAYAMA)【透明立体ジグソーパズル】 クリスタルギャラリー サンリオ マイメロディ フラワー クリスタ,1573.0,,3156,10,small,Yahoo,はずれ,False,False,https://www.amazon.co.jp/dp/B07F1SLZ8F,Yahoo最安 JAN=4977513076418,
2276,B0B96J93CR,toys,4977513076531,ハナヤマ(HANAYAMA)【透明立体ジグソーパズル】 クリスタルギャラリー サンリオ けろけろけろっぴ クリスタルのよ,1791.0,,3156,5,small,楽天,はずれ,False,False,https://www.amazon.co.jp/dp/B0B96J93CR,楽天最安 JAN=4977513076531,
2277,B0BQD62YDY,toys,0848850118878,Numberblocks One and Two Bike Adventure ナンバーブロックス キャラクター フィギ,1742.0,,3817,3,small,Yahoo,はずれ,False,False,https://www.amazon.co.jp/dp/B0BQD62YDY,Yahoo最安 JAN=0848850118878,
2278,B0DT51Q258,toys,0848850121229,Numberblocks ナンバーブロックス フレンズ 13・14 キャラクター フィギュア 3ピース入り 3歳 969,2122.0,,3817,2,standard_1,Yahoo,はずれ,False,False,https://www.amazon.co.jp/dp/B0DT51Q258,Yahoo最安 JAN=0848850121229,
2279,B0BQD5PPX7,toys,0848850118892,Numberblocks Friends One to Five ナンバーブロックス キャラクター フィギュア 5個入り,3226.0,,3164,5,standard_1,Yahoo,はずれ,False,False,https://www.amazon.co.jp/dp/B0BQD5PPX7,Yahoo最安 JAN=0848850118892,
2280,B0BYTL335K,toys,0848850118908,Numberblocks Friends Six to Ten ナンバーブロックス キャラクター フィギュア 5個入り ,3908.0,,3164,5,standard_1,Yahoo,はずれ,False,False,https://www.amazon.co.jp/dp/B0BYTL335K,Yahoo最安 JAN=0848850118908,
2281,B0GVQG4WMW,toys,0848850123391,Numberblocks ナンバーブロックス フレンズ 19・20 キャラクター フィギュア 2ピース入り 3歳 978,2893.0,,3164,2,standard_1,Yahoo,はずれ,False,False,https://www.amazon.co.jp/dp/B0GVQG4WMW,Yahoo最安 JAN=0848850123391,
2282,B0C2JLMFJ8,toys,0848850115341,Numberblocks ナンバーブロックス ミニカー フィギュアセット 1-5 キャラクター 自動車 5個入り 954,3828.0,,3164,5,small,Yahoo,はずれ,False,False,https://www.amazon.co.jp/dp/B0C2JLMFJ8,Yahoo最安 JAN=0848850115341,
2283,B09L7S53G6,toys,4573205123929,Smart Games パイレーツクロスファイヤー 脳トレ パズル ボードゲーム SG094JP 正規品,1862.0,,3171,3,standard_1,Yahoo,はずれ,False,False,https://www.amazon.co.jp/dp/B09L7S53G6,Yahoo最安 JAN=4573205123929,
2284,B07CJ8QN52,toys,4573205121178,Smart Games ロードブロック 脳トレ パズル ボードゲーム SG250JP 正規品,2786.0,,3171,3,standard_1,Yahoo,はずれ,False,False,https://www.amazon.co.jp/dp/B07CJ8QN52,Yahoo最安 JAN=4573205121178,
2285,B088H2TGBB,toys,4573205122779,Smart Games チキンシャッフル Jr. 脳トレ パズル ボードゲーム SG441JP 正規品,1294.0,,3171,3,standard_1,楽天,はずれ,False,False,https://www.amazon.co.jp/dp/B088H2TGBB,楽天最安 JAN=4573205122779,
2286,B09L7RF85Z,toys,4573205123974,Smart Games アップルツイスト 脳トレ パズル ボードゲーム SG445JP 正規品,1198.0,,3171,3,standard_1,楽天,はずれ,False,False,https://www.amazon.co.jp/dp/B09L7RF85Z,楽天最安 JAN=4573205123974,
2287,B0F4D13P7T,toys,4548598428234,MORIPiLO 抱き枕 サンリオ あひるのペックル 【 滑らかな素材を使用 マシュマロ触感 】 ぬいぐるみ だきまくら,3460.0,,3173,2,standard_1,Yahoo,はずれ,False,False,https://www.amazon.co.jp/dp/B0F4D13P7T,Yahoo最安 JAN=4548598428234,
2288,B09QQD7BRF,toys,0829560532109,ポーランドボール ぬいぐるみ カントリーボール抱き枕 10/30/40cm Polandball アニメ クッション ペ,1900.0,,8166,2,standard_1,,,False,False,https://www.amazon.co.jp/dp/B09QQD7BRF,,
2289,B09QQBQ6ZL,toys,0829560532161,ポーランドボール ぬいぐるみ カントリーボール抱き枕 10/30/40cm Polandball アニメ クッション ペ,1900.0,,8166,2,standard_1,,,False,False,https://www.amazon.co.jp/dp/B09QQBQ6ZL,,
2290,B0BMF8R35S,toys,4971404320338,アガツマ(AGATSUMA)ねぇアンパンマン! お歌もきかせて! はじめてのおしゃべりDX【おもちゃ大賞2023キャラク,6700.0,,3185,10,standard_1,楽天,はずれ,False,False,https://www.amazon.co.jp/dp/B0BMF8R35S,楽天最安 JAN=4971404320338,
2291,B07SG4N2RX,toys,4936560125388,ラングスジャパン(RANGS) グッド・トイ2025受賞 ジターリング 6歳~ スキルトイ 集中力 想像力 知育玩具,2516.0,,3187,3,small,Yahoo,あやしい,False,False,https://www.amazon.co.jp/dp/B07SG4N2RX,Yahoo最安 JAN=4936560125388,
2292,B0846KR5GY,toys,4977389251940,エポック社 300ピース ジグソーパズル 日本風景 白亜の要塞 姫路城-兵庫 (26×38cm) 25-194s のり付,1606.0,,1646,5,standard_1,Yahoo,はずれ,False,False,https://www.amazon.co.jp/dp/B0846KR5GY,Yahoo最安 JAN=4977389251940,
2293,B07BRH6G1K,toys,4977389251612,エポック社 300ピース ジグソーパズル 日本風景 快晴 瀬戸大橋-岡山 (26×38cm) 25-161 のり付き ヘ,1929.0,,1646,4,standard_1,Yahoo,はずれ,False,False,https://www.amazon.co.jp/dp/B07BRH6G1K,Yahoo最安 JAN=4977389251612,
2294,B0846LQ538,toys,4977389251926,エポック社 300ピース ジグソーパズル 日本風景 厳島神社-広島 (26×38cm) 25-192s のり付き ヘラ付,1606.0,,1646,4,standard_1,Yahoo,はずれ,False,False,https://www.amazon.co.jp/dp/B0846LQ538,Yahoo最安 JAN=4977389251926,
2295,B0BQ9XYFCM,toys,4903447776704,トイローヤル 知育でステップ ぱずるボックス パステルカラー ( ブロック遊び / ボックス遊び / パズル遊び ) 赤,5000.0,,3187,10,standard_2,楽天,はずれ,False,False,https://www.amazon.co.jp/dp/B0BQ9XYFCM,楽天最安 JAN=4903447776704,
2296,B0BSWJ7Q5Z,toys,4903447607503,トイローヤル モンポケ さいころパズル ( ブロック遊び / パズル遊び / 指先遊び ) 楽しく学べる 知育おもちゃ ,3664.0,,3188,5,standard_1,楽天,はずれ,False,False,https://www.amazon.co.jp/dp/B0BSWJ7Q5Z,楽天最安 JAN=4903447607503,
2297,B00PC3G19E,toys,4571443131911,ライラクス(LayLax) GIGA TEC PSEリポ セーフティーバッグ (S) サバゲー用品,3233.0,,3429,7,small,Yahoo,はずれ,False,False,https://www.amazon.co.jp/dp/B00PC3G19E,Yahoo最安 JAN=4571443131911,
2298,B00OT4MZPG,toys,4571443131904,LayLax (ライラクス) GIGA TEC PSEリポ セーフティーバッグ (L) サバゲー用品,3510.0,,3429,6,standard_1,Yahoo,はずれ,False,False,https://www.amazon.co.jp/dp/B00OT4MZPG,Yahoo最安 JAN=4571443131904,
2299,B073PZQBYJ,toys,4954965201506,鈴木ラテックス ペンシルバルーン 単色100本 肌色,1325.0,,1692,4,standard_1,Yahoo,はずれ,False,False,https://www.amazon.co.jp/dp/B073PZQBYJ,Yahoo最安 JAN=4954965201506,
2300,B073PZLGRQ,toys,4954965201605,鈴木ラテックス ペンシルバルーン 単色100本 オレンジ,1325.0,,1692,4,standard_1,楽天,はずれ,False,False,https://www.amazon.co.jp/dp/B073PZLGRQ,楽天最安 JAN=4954965201605,
2301,B073PZQCFQ,toys,4954965201155,鈴木ラテックス ペンシルバルーン 単色100本 レッド,1325.0,,3193,2,standard_1,Yahoo,はずれ,False,False,https://www.amazon.co.jp/dp/B073PZQCFQ,Yahoo最安 JAN=4954965201155,
2302,B073PZQB61,toys,4954965201186,鈴木ラテックス ペンシルバルーン 単色100本 ダークグリーン,1325.0,,1692,2,standard_1,Yahoo,はずれ,False,False,https://www.amazon.co.jp/dp/B073PZQB61,Yahoo最安 JAN=4954965201186,
2303,B073Q1NH3P,toys,4954965201704,鈴木ラテックス ペンシルバルーン 単色100本 キャラメル,1325.0,,1692,5,standard_1,Yahoo,はずれ,False,False,https://www.amazon.co.jp/dp/B073Q1NH3P,Yahoo最安 JAN=4954965201704,
2304,B073PZQCFP,toys,4954965201308,鈴木ラテックス ペンシルバルーン 単色100本 ライラック,1325.0,,3194,2,standard_1,Yahoo,はずれ,False,False,https://www.amazon.co.jp/dp/B073PZQCFP,Yahoo最安 JAN=4954965201308,
2305,B073Q12ZTD,toys,4954965201902,鈴木ラテックス ペンシルバルーン 単色100本 グレー,1325.0,,3194,2,standard_1,Yahoo,はずれ,False,False,https://www.amazon.co.jp/dp/B073Q12ZTD,Yahoo最安 JAN=4954965201902,
2306,B073PZGYKR,toys,4954965201209,鈴木ラテックス ペンシルバルーン 単色100本 ブルー,1340.0,,3194,2,standard_1,Yahoo,はずれ,False,False,https://www.amazon.co.jp/dp/B073PZGYKR,Yahoo最安 JAN=4954965201209,
2307,B073Q1NH3J,toys,4954965201131,鈴木ラテックス ペンシルバルーン 単色100本 ホワイト,1608.0,,3194,2,standard_1,Yahoo,はずれ,False,False,https://www.amazon.co.jp/dp/B073Q1NH3J,Yahoo最安 JAN=4954965201131,
2308,B073PZQB65,toys,4954965201803,鈴木ラテックス ペンシルバルーン 単色100本 ブラック,1608.0,,3194,2,standard_1,Yahoo,はずれ,False,False,https://www.amazon.co.jp/dp/B073PZQB65,Yahoo最安 JAN=4954965201803,
2309,B073Q1NH3H,toys,4954965201148,鈴木ラテックス ペンシルバルーン 単色100本 ピンク,1305.0,,3194,2,standard_1,Yahoo,はずれ,False,False,https://www.amazon.co.jp/dp/B073Q1NH3H,Yahoo最安 JAN=4954965201148,
2310,B073PZNG76,toys,4954965201407,鈴木ラテックス ペンシルバルーン 単色100本 パープル,1320.0,,3194,2,standard_1,Yahoo,はずれ,False,False,https://www.amazon.co.jp/dp/B073PZNG76,Yahoo最安 JAN=4954965201407,
2311,B0FBG4V27G,toys,4970093017413,池田工業社 水鉄砲 ウォーターガン エアレイザースナイパー 対象年齢6歳以上 000017410,1599.0,,3196,4,standard_1,楽天,はずれ,False,False,https://www.amazon.co.jp/dp/B0FBG4V27G,楽天最安 JAN=4970093017413,
2312,B08FKQZVWV,toys,0860002983905,SHASHIBO 形状変形ボックス - 受賞経歴のある特許取得済みのフィジェットキューブ、36個のレアアース磁石を使用 ,2722.0,,3197,3,small,楽天,はずれ,False,False,https://www.amazon.co.jp/dp/B08FKQZVWV,楽天最安 JAN=0860002983905,
2313,B08FPCLH24,toys,0860001007664,SHASHIBO 形状変形ボックス - 受賞経歴のある特許取得済みのフィジェットキューブ、36個のレアアース磁石を使用 ,2722.0,,3197,2,small,楽天,はずれ,False,False,https://www.amazon.co.jp/dp/B08FPCLH24,楽天最安 JAN=0860001007664,
2314,B08FPGR7V7,toys,0860001007671,SHASHIBOシェイプシフトボックス - 受賞歴あり、特許取得のフィジェットキューブ、36個のレアアースマグネット搭載,2722.0,,3197,2,small,楽天,はずれ,False,False,https://www.amazon.co.jp/dp/B08FPGR7V7,楽天最安 JAN=0860001007671,
2315,B01GV9YMMK,toys,4970381192112,エンスカイ(ENSKY) ジグソーパズル となりのトトロ 森の合唱隊 300ピース(300-404),2300.0,,4532,2,standard_1,Yahoo,はずれ,False,False,https://www.amazon.co.jp/dp/B01GV9YMMK,Yahoo最安 JAN=4970381192112,
2316,B00SM4TFQG,toys,4970381179502,エンスカイ(ENSKY) ジグソーパズル 千と千尋の神隠し 迎えにきたハク 300ピース(300-297),1233.0,,4532,7,standard_1,楽天,はずれ,False,False,https://www.amazon.co.jp/dp/B00SM4TFQG,楽天最安 JAN=4970381179502,
2317,B072BV2931,toys,4970381195700,エンスカイ(ENSKY) ジグソーパズル 耳をすませば 図書館にて 300ピース (300-411),1080.0,,4532,4,standard_1,Yahoo,はずれ,False,False,https://www.amazon.co.jp/dp/B072BV2931,Yahoo最安 JAN=4970381195700,
2318,B000TKAH2M,toys,4970381153106,エンスカイ 300ピース ジグソーパズル 魔女の宅急便 コリコ上空 (26x38cm),1200.0,,3200,6,standard_1,楽天,はずれ,False,False,https://www.amazon.co.jp/dp/B000TKAH2M,楽天最安 JAN=4970381153106,
2319,B0FP9M2QWD,toys,4589751543890,【 Festival Plaza 】 ケミカルライト サイリウム フェスティバル ブレスレット 【 ブルー 】【 300,2855.0,,3093,2,standard_2,,,False,False,https://www.amazon.co.jp/dp/B0FP9M2QWD,,
2320,B01C82EK0S,toys,4902923141067,マルカ(Maruka) ドライブタウン Premium3 緊急車セット おもちゃ 車 3才以上 187144,1800.0,,3202,4,standard_1,Yahoo,はずれ,False,False,https://www.amazon.co.jp/dp/B01C82EK0S,Yahoo最安 JAN=4902923141067,
2321,B08M16MGQZ,toys,4542325315910,アークライト くるりんパニック・リターンズ! 完全日本語版 (2-6人用 5分 4才以上向け) ボードゲーム,3700.0,,3203,8,standard_2,Yahoo,はずれ,False,False,https://www.amazon.co.jp/dp/B08M16MGQZ,Yahoo最安 JAN=4542325315910,
2322,B0DPMH17H5,toys,4904790787782,ディズニーキャラクター Nuiパン チェーンストラップマスコット サンドウィッチ ピグレット ぬいぐるみ高さ約19cm,1036.0,,3206,4,small,Yahoo,はずれ,False,False,https://www.amazon.co.jp/dp/B0DPMH17H5,Yahoo最安 JAN=4904790787782,
2323,B0DPMJK4XS,toys,4904790787768,ピクサーキャラクター Nuiパン チェーンストラップマスコット マフィン エイリアン ぬいぐるみ高さ約15cm,1550.0,,3206,5,small,Yahoo,はずれ,False,False,https://www.amazon.co.jp/dp/B0DPMJK4XS,Yahoo最安 JAN=4904790787768,
2324,B09LM4QL7M,toys,4582559440064,Mob+ ナナカードゲーム 第3版(2-5人用 15-30分 6才以上向け) ボードゲーム,1960.0,,3255,4,small,Yahoo,はずれ,False,False,https://www.amazon.co.jp/dp/B09LM4QL7M,Yahoo最安 JAN=4582559440064,
2325,B0G4VRBB2Q,toys,4905179300783,monpoke モンポケ 布製ラトル イーブイ B896056,1387.0,,4203,2,small,Yahoo,はずれ,False,False,https://www.amazon.co.jp/dp/B0G4VRBB2Q,Yahoo最安 JAN=4905179300783,
2326,B0G4VQLKY2,toys,4905179263736,monpoke モンポケ 布製ラトル ピカチュウ B896013,1520.0,,4203,2,small,Yahoo,はずれ,False,False,https://www.amazon.co.jp/dp/B0G4VQLKY2,Yahoo最安 JAN=4905179263736,
2327,B0GTT6J3J7,toys,4904810953371,タカラトミー(TAKARA TOMY) パウ･パトロール ベーシックビークル スカイ フライングヘリ,1505.0,,3212,9,small,楽天,はずれ,False,False,https://www.amazon.co.jp/dp/B0GTT6J3J7,楽天最安 JAN=4904810953371,
2328,B013DEG33M,toys,4589958310035,ホッパーエンターテイメント ワールドレシピ カードゲーム HSRC-PAC001,1320.0,,3213,8,small,Yahoo,はずれ,False,False,https://www.amazon.co.jp/dp/B013DEG33M,Yahoo最安 JAN=4589958310035,
2329,B0CN39X1FC,toys,4977524003441,ビバリー 【壁かけひも、 専用スタンド付き】 透明スマートフレーム 26×38cm(パネル№3) クリアブルーラメ 【工,1355.0,,3213,5,standard_1,楽天,はずれ,False,False,https://www.amazon.co.jp/dp/B0CN39X1FC,楽天最安 JAN=4977524003441,
2330,B0CN39PXYM,toys,4977524003458,ビバリー 【壁かけひも、 専用スタンド付き】 透明スマートフレーム 26×38cm(パネル№3) クリアブラック 【工具,1650.0,,3213,6,standard_1,Yahoo,はずれ,False,False,https://www.amazon.co.jp/dp/B0CN39PXYM,Yahoo最安 JAN=4977524003458,
2331,B0CN3F23SK,toys,4977524003465,ビバリー 【壁かけひも、 専用スタンド付き】 透明スマートフレーム 26×38cm(パネル№3) クリアブラウン 【工具,1355.0,,3213,5,standard_1,Yahoo,はずれ,False,False,https://www.amazon.co.jp/dp/B0CN3F23SK,Yahoo最安 JAN=4977524003465,
2332,B0CN3DXDMB,toys,4977524003434,ビバリー 【壁かけひも、 専用スタンド付き】 透明スマートフレーム 26×38cm(パネル№3) クリアラメ 【工具不要,1355.0,,3213,5,standard_1,Yahoo,はずれ,False,False,https://www.amazon.co.jp/dp/B0CN3DXDMB,Yahoo最安 JAN=4977524003434,
2333,B0GVRS15BD,toys,4970134630595,イガラシ 70cm浮き輪 シトラスウキワ ロープ付き RLE-70H 【楽早くうき栓】新型バルブ採用,1675.0,,3218,6,standard_1,Yahoo,はずれ,False,False,https://www.amazon.co.jp/dp/B0GVRS15BD,Yahoo最安 JAN=4970134630595,
2334,B0C7ZNX681,toys,8713291669161,DADWAY(ダッドウェイ)miffy ミッフィー ぬいぐるみ 25㎝/フラッフィー/グリーン TYMIFNIJN916,1555.0,,2928,2,standard_1,Yahoo,はずれ,False,False,https://www.amazon.co.jp/dp/B0C7ZNX681,Yahoo最安 JAN=8713291669161,
2335,B0C7ZM79J9,toys,8713291669147,DADWAY(ダッドウェイ) Miffy ミッフィー ぬいぐるみ 25cm フラッフィー ピンク TYMIFNIJN91,1809.0,,2928,5,standard_1,楽天,はずれ,False,False,https://www.amazon.co.jp/dp/B0C7ZM79J9,楽天最安 JAN=8713291669147,
2336,B0FVXBJ5HR,toys,,Zaahir 電動シャボン玉ガン バブルガン 【かわいいイルカ·大量の泡を発射】 自動 電池式 6つ泡穴 バブルマシーン,1598.0,,3220,2,small,,,False,False,https://www.amazon.co.jp/dp/B0FVXBJ5HR,,
2337,B0H32QBJXC,toys,4580528194055,極とろスクイーズ 海鮮スクイーズ 新触感 ぷにぷに 食品グレードTPR 海鮮フィギュア おもちゃ ストレス解消 ボールチ,1850.0,,3471,2,small,楽天,はずれ,False,False,https://www.amazon.co.jp/dp/B0H32QBJXC,楽天最安 JAN=4580528194055,
2338,B0H331GCHV,toys,4580528194024,極とろスクイーズ 海鮮スクイーズ 新触感 ぷにぷに 食品グレードTPR 海鮮フィギュア おもちゃ ストレス解消 ボールチ,1850.0,,3471,2,small,,,False,False,https://www.amazon.co.jp/dp/B0H331GCHV,,
2339,B0C7ZPM8GD,toys,8713291669154,DADWAY(ダッドウェイ) Miffy ミッフィー ぬいぐるみ 25cm フラッフィー ブルー TYMIFNIJN91,1573.0,,2928,4,standard_1,Yahoo,はずれ,False,False,https://www.amazon.co.jp/dp/B0C7ZPM8GD,Yahoo最安 JAN=8713291669154,
2340,B0FVX5WLJ8,toys,,Zaahir 電動シャボン玉ガン バブルガン 【かわいいイルカ·2色セット】 電池式 自動 バブルマシーン 子供 外遊び,2549.0,,3221,3,standard_1,,,False,False,https://www.amazon.co.jp/dp/B0FVX5WLJ8,,
2341,B01LYDZWMN,toys,4905823859544,テンヨー(Tenyo) 【日本製】 266ピース ぎゅっとシリーズ ジグソーパズル ドナルドダック ステンドアート (1,1398.0,,2908,8,small,Yahoo,はずれ,False,False,https://www.amazon.co.jp/dp/B01LYDZWMN,Yahoo最安 JAN=4905823859544,
2342,B00L8HOKKK,toys,4905823855638,テンヨー(Tenyo) 【日本製】 266ピース ピュアホワイト ぎゅっとシリーズ ジグソーパズル ディズニー キャラク,2000.0,,2908,5,small,Yahoo,あやしい,False,False,https://www.amazon.co.jp/dp/B00L8HOKKK,Yahoo最安 JAN=4905823855638,
2343,B00EHACTPS,toys,4905823857496,テンヨー(Tenyo) 【日本製】 266ピース ぎゅっとシリーズ ジグソーパズル ディズニー チップ&デール ステンド,1970.0,,3223,4,small,Yahoo,あやしい,False,False,https://www.amazon.co.jp/dp/B00EHACTPS,Yahoo最安 JAN=4905823857496,
2344,B00LAZL8FK,toys,4905823857533,テンヨー(Tenyo) 【日本製】 266ピース ぎゅっとシリーズ ジグソーパズル ディズニー アナと雪の女王 アナ&エ,1045.0,,2908,8,small,Yahoo,はずれ,False,False,https://www.amazon.co.jp/dp/B00LAZL8FK,Yahoo最安 JAN=4905823857533,
2345,B00ITDL2FW,toys,4905823857519,テンヨー(Tenyo) 【日本製】 266ピース ぎゅっとシリーズ ジグソーパズル ディズニー アリエル ステンドグラス,1073.0,,2908,6,small,Yahoo,はずれ,False,False,https://www.amazon.co.jp/dp/B00ITDL2FW,Yahoo最安 JAN=4905823857519,
2346,B07M8GWTL1,toys,4905823855768,テンヨー(Tenyo) 【日本製】 266ピース ピュアホワイト ぎゅっとシリーズ ジグソーパズル ディズニー&ディズニ,1980.0,,3224,8,small,Yahoo,あやしい,False,False,https://www.amazon.co.jp/dp/B07M8GWTL1,Yahoo最安 JAN=4905823855768,
2347,B00X700U5A,toys,0742359953476,テンヨー(Tenyo) 【日本製】 266ピース ピュアホワイト ぎゅっとシリーズ ジグソーパズル ディズニー リロ&ス,1009.0,,3224,9,small,楽天,はずれ,False,False,https://www.amazon.co.jp/dp/B00X700U5A,楽天最安 JAN=0742359953476,
2348,B0H32XSFCT,toys,4580528194048,極とろスクイーズ 海鮮スクイーズ 新触感 ぷにぷに 食品グレードTPR 海鮮フィギュア おもちゃ ストレス解消 ボールチ,1850.0,,3471,2,standard_1,,,False,False,https://www.amazon.co.jp/dp/B0H32XSFCT,,
2349,B0H32Q7YLK,toys,4580528194017,極とろスクイーズ 海鮮スクイーズ 新触感 ぷにぷに 食品グレードTPR 海鮮フィギュア おもちゃ ストレス解消 ボールチ,1850.0,,3471,2,small,楽天,はずれ,False,False,https://www.amazon.co.jp/dp/B0H32Q7YLK,楽天最安 JAN=4580528194017,
2350,B079NQ53BT,toys,4055744021039,シュライヒ エルドラド ホワイトドラゴン フィギュア 70139,2100.0,,2589,6,standard_1,楽天,はずれ,False,False,https://www.amazon.co.jp/dp/B079NQ53BT,楽天最安 JAN=4055744021039,
2351,B079NWTV7Y,toys,4059433467764,シュライヒ エルドラド ヘルハウンド フィギュア 42451,1152.0,,3231,7,small,Yahoo,はずれ,False,False,https://www.amazon.co.jp/dp/B079NWTV7Y,Yahoo最安 JAN=4059433467764,
2352,B079NWGD9Z,toys,4055744021022,シュライヒ エルドラド ラヴァドラゴン フィギュア 70138,2200.0,,2589,7,standard_1,楽天,はずれ,False,False,https://www.amazon.co.jp/dp/B079NWGD9Z,楽天最安 JAN=4055744021022,
2353,B07LB5M238,toys,4055744029998,シュライヒ エルドラド アイスグリフィン フィギュア 70143,2345.0,,3232,7,standard_1,Yahoo,はずれ,False,False,https://www.amazon.co.jp/dp/B07LB5M238,Yahoo最安 JAN=4055744029998,
2354,B079NH9PW3,toys,4055744021053,シュライヒ エルドラド ストーンモンスター フィギュア 70141,2144.0,,3232,8,standard_1,楽天,はずれ,False,False,https://www.amazon.co.jp/dp/B079NH9PW3,楽天最安 JAN=4055744021053,
2355,B07Y2TQ2DG,toys,4059433011905,シュライヒ エルドラド ファイアーイーグル フィギュア 42511,1785.0,,3232,6,standard_1,Yahoo,はずれ,False,False,https://www.amazon.co.jp/dp/B07Y2TQ2DG,Yahoo最安 JAN=4059433011905,
2356,B08R766R67,toys,4904810160205,タカラトミー(TAKARA TOMY) パウ・パトロール パウっと変形! フライングビークル マーシャル,4750.0,,3235,4,standard_1,Yahoo,あやしい,False,False,https://www.amazon.co.jp/dp/B08R766R67,Yahoo最安 JAN=4904810160205,
2357,B08R77V398,toys,4904810160229,タカラトミー(TAKARA TOMY) パウ・パトロール パウっと変形! フライングビークル ラブル,4644.0,,3235,6,standard_1,Yahoo,はずれ,False,False,https://www.amazon.co.jp/dp/B08R77V398,Yahoo最安 JAN=4904810160229,
2358,B08R78ZF8M,toys,4904810160199,タカラトミー(TAKARA TOMY) パウ・パトロール パウっと変形! フライングビークル チェイス,2564.0,,3235,7,standard_1,Yahoo,はずれ,False,False,https://www.amazon.co.jp/dp/B08R78ZF8M,Yahoo最安 JAN=4904810160199,
2359,B08R768P35,toys,4904810160212,タカラトミー(TAKARA TOMY) パウ・パトロール パウっと変形! フライングビークル スカイ 男女子両用,2855.0,,3235,7,standard_1,楽天,はずれ,False,False,https://www.amazon.co.jp/dp/B08R768P35,楽天最安 JAN=4904810160212,
2360,B0D8K9VS7Y,toys,4971404320680,アガツマ(AGATSUMA) アンパンマン しゃかしゃかボール ピンク【2024】,1164.0,,3237,3,small,Yahoo,はずれ,False,False,https://www.amazon.co.jp/dp/B0D8K9VS7Y,Yahoo最安 JAN=4971404320680,
2361,B0G4VZ3KL3,toys,,(2枚入り)マジカルプレイタイム 夢中がいっぱい! Myドリームトイパッド ディズニーキャラクターズ 用 保護フィルム ,1199.0,,3143,2,small,,,False,False,https://www.amazon.co.jp/dp/B0G4VZ3KL3,,
2362,B0GCDL7MWV,toys,,(2枚入り)PRINT CAMERA プリカ 用 保護フィルム 【強化ガラスと同等の高硬度 9Hフィルム】 LAZIRO,1390.0,,3143,2,small,,,False,False,https://www.amazon.co.jp/dp/B0GCDL7MWV,,
2363,B0GZNC6NSP,toys,,(2枚入り)LAZIRO フィルム よみかきレッスン!マジカルボードずかん ディズニーキャラクターズ マジカルプレイタイ,1390.0,,3143,2,small,,,False,False,https://www.amazon.co.jp/dp/B0GZNC6NSP,,
2364,B0CGH28XVZ,toys,4972825225707,カワダ(Kawada) ダイヤブロック HIKARIIRO(ヒカリイロ) M 3才以上 ブロック おもちゃ ND-06,2955.0,,3789,6,standard_2,楽天,はずれ,False,False,https://www.amazon.co.jp/dp/B0CGH28XVZ,楽天最安 JAN=4972825225707,
2365,B0CGH9743C,toys,4972825227442,カワダ(Kawada) ダイヤブロック KIHONIRO(キホンイロ) M 3才以上 ブロック おもちゃ ND-09,2491.0,,3789,5,standard_2,楽天,はずれ,False,False,https://www.amazon.co.jp/dp/B0CGH9743C,楽天最安 JAN=4972825227442,
2366,B0BYRQY1M2,toys,4972825225660,カワダ(Kawada) ダイヤブロック OKOMEIRO(オコメイロ) L ND-01,5634.0,,3789,9,standard_2,Yahoo,はずれ,False,False,https://www.amazon.co.jp/dp/B0BYRQY1M2,Yahoo最安 JAN=4972825225660,
2367,B00YGII0B8,toys,4516793093014,カワダ(Kawada) ブロックプール 900mmx90mmx400mm CDPM-003,2150.0,,3244,3,standard_1,Yahoo,はずれ,False,False,https://www.amazon.co.jp/dp/B00YGII0B8,Yahoo最安 JAN=4516793093014,
2368,B0CGH9DHBM,toys,4972825227435,カワダ(Kawada) ダイヤブロック KIHONIRO(キホンイロ) L 3才以上 ブロック おもちゃ ND-08,4618.0,,3789,7,standard_2,Yahoo,はずれ,False,False,https://www.amazon.co.jp/dp/B0CGH9DHBM,Yahoo最安 JAN=4972825227435,
2369,B0CGH76CRB,toys,4972825225691,カワダ(Kawada) ダイヤブロック HIKARIIRO(ヒカリイロ) L 3才以上 ブロック おもちゃ ND-05,5273.0,,3789,5,standard_2,楽天,はずれ,False,False,https://www.amazon.co.jp/dp/B0CGH76CRB,楽天最安 JAN=4972825225691,
2370,B0DDSRL6CV,toys,4972825232958,カワダ(Kawada) ダイヤブロック OKOMEIRO(オコメイロ) いろんなたべもの ND-15,2800.0,,3245,9,standard_1,Yahoo,はずれ,False,False,https://www.amazon.co.jp/dp/B0DDSRL6CV,Yahoo最安 JAN=4972825232958,
2371,B09Q4BC1CJ,toys,0630996175057,"Bluey Heeler Family Plush Set 4 Plush 7-8"" Figures | Amazon ",6980.0,,3245,7,standard_1,Yahoo,はずれ,False,False,https://www.amazon.co.jp/dp/B09Q4BC1CJ,Yahoo最安 JAN=0630996175057,
2372,B0BYRPKN8H,toys,4972825225677,カワダ(Kawada) ダイヤブロック OKOMEIRO(オコメイロ) M ND-02,2489.0,,3245,4,standard_2,Yahoo,はずれ,False,False,https://www.amazon.co.jp/dp/B0BYRPKN8H,Yahoo最安 JAN=4972825225677,
2373,B0BSXCF4JJ,toys,4970381516871,エンスカイ(ENSKY) ジグソーパズル となりのトトロ ネコバスにのって 108ピース (108-618),1510.0,,3248,9,small,Yahoo,はずれ,False,False,https://www.amazon.co.jp/dp/B0BSXCF4JJ,Yahoo最安 JAN=4970381516871,
2374,B0BVR67148,toys,4970381516895,エンスカイ(ENSKY) ジグソーパズル となりのトトロ ネコバスとサツキ&メイ 108ピース (108-620),1540.0,,3248,3,small,Yahoo,はずれ,False,False,https://www.amazon.co.jp/dp/B0BVR67148,Yahoo最安 JAN=4970381516895,
2375,B0CLNVTDBZ,toys,4580439940567,JELLYJELLYGAMES チーズは誰が食べた？ 秘密と目撃で展開する“チーズ泥棒”発見ミステリー！ 4~8人用 正,3465.0,,3253,4,standard_1,Yahoo,はずれ,False,False,https://www.amazon.co.jp/dp/B0CLNVTDBZ,Yahoo最安 JAN=4580439940567,
2376,B0DHSFG8F3,toys,5702017816241,レゴ(LEGO) テクニック 深海調査潜水艦 42201 おもちゃ 男の子 女の子,6164.0,,2938,7,standard_1,Yahoo,原石,True,True,https://www.amazon.co.jp/dp/B0DHSFG8F3,Yahoo最安 JAN=5702017816241,
2377,B0CFW4BSLF,toys,5702017584126,レゴ(LEGO) テクニック スペースローダーLT78 おもちゃ 玩具 プレゼント 誕生日 ブロック クリスマス 男の子,9000.0,,2938,5,standard_1,Yahoo,原石,True,True,https://www.amazon.co.jp/dp/B0CFW4BSLF,Yahoo最安 JAN=5702017584126,
2378,B0CFVY143H,toys,5702017583525,レゴ(LEGO) テクニック Mack LR Electric ゴミ回収車 42167 おもちゃ 男の子 女の子,4980.0,,2938,10,standard_1,Yahoo,はずれ,False,False,https://www.amazon.co.jp/dp/B0CFVY143H,Yahoo最安 JAN=5702017583525,
2379,B07BF4TBQB,toys,4952682107125,エレキット(ELEKIT) フォロ (エレキット フォロ ロボット工作キット MR-9107…),4920.0,,3280,5,standard_1,Yahoo,はずれ,False,False,https://www.amazon.co.jp/dp/B07BF4TBQB,Yahoo最安 JAN=4952682107125,
2380,B0DHSC6V54,toys,5702017816265,レゴ(LEGO) テクニック ダンプカー 42203 おもちゃ 男の子 女の子,6896.0,,3255,10,standard_1,楽天,はずれ,False,False,https://www.amazon.co.jp/dp/B0DHSC6V54,楽天最安 JAN=5702017816265,
2381,B0CX8R5N7G,toys,4952682108702,エレキット(ELEKIT) フォロ (ELEKIT(エレキット) フォロ ダークエディション 6足歩行のダークメカロボッ,4400.0,,3280,2,standard_1,Yahoo,はずれ,False,False,https://www.amazon.co.jp/dp/B0CX8R5N7G,Yahoo最安 JAN=4952682108702,
2382,B0G27VR5GN,toys,0194735373932,マテル ジュラシックワールド(JURASSIC WORLD) かみつき！ディストータス・レックス 子供向けフィギュア 恐,3900.0,,3258,3,standard_1,楽天,はずれ,False,False,https://www.amazon.co.jp/dp/B0G27VR5GN,楽天最安 JAN=0194735373932,
2383,B071FQM34P,toys,4971404313972,ダイヤペット DK-4114 アンパンマン 貸切バス,2000.0,,3265,10,small,Yahoo,はずれ,False,False,https://www.amazon.co.jp/dp/B071FQM34P,Yahoo最安 JAN=4971404313972,
2384,B01M1086TA,toys,4971404313385,アガツマ(AGATSUMA) ダイヤペット DK-7129 8000系アンパンマン列車,3006.0,,3265,5,small,Yahoo,原石,True,True,https://www.amazon.co.jp/dp/B01M1086TA,Yahoo最安 JAN=4971404313385,
2385,B074469BPQ,toys,4977524818670,【日本製】 1000ピース ジグソーパズル 星月夜 マイクロピース(26×38cm),1318.0,,3268,5,standard_1,Yahoo,はずれ,False,False,https://www.amazon.co.jp/dp/B074469BPQ,Yahoo最安 JAN=4977524818670,
2386,B09H7T87TZ,toys,4972825222539,カワダ(Kawada)木製 将棋駒 91×110×45mm KBG-05,1064.0,,3271,6,small,楽天,はずれ,False,False,https://www.amazon.co.jp/dp/B09H7T87TZ,楽天最安 JAN=4972825222539,
2387,B0FF1KW4SP,toys,,160 PCS マグネットブロック 磁石ブロック 立体パズル 知育玩具 小学生・幼児向け 創造力・想像力を育む 誕生日プ,2999.0,,3274,2,standard_1,,,False,False,https://www.amazon.co.jp/dp/B0FF1KW4SP,,
2388,B0DHSFRG9D,toys,5702017815633,レゴ(LEGO) ニンジャゴー ロイドのプルバックレースカー 71828 おもちゃ 男の子 女の子,3381.0,,3278,9,standard_1,楽天,はずれ,False,False,https://www.amazon.co.jp/dp/B0DHSFRG9D,楽天最安 JAN=5702017815633,
2389,B0FPXBKRPC,toys,5702018033982,レゴ(LEGO) ニンジャゴー ニャー vs. エレメントモンスター・スピナー 71849 おもちゃ 男の子 女の子,1255.0,,3278,3,standard_1,Yahoo,はずれ,False,False,https://www.amazon.co.jp/dp/B0FPXBKRPC,Yahoo最安 JAN=5702018033982,
2390,B0FPXGK2NW,toys,5702018033999,レゴ(LEGO) ニンジャゴー ロイド vs. エレメントモンスター・スピナー 71850 おもちゃ 男の子 女の子,1353.0,,3279,3,small,楽天,はずれ,False,False,https://www.amazon.co.jp/dp/B0FPXGK2NW,楽天最安 JAN=5702018033999,
2391,B0FPXDPNP7,toys,5702018055236,レゴ(LEGO) ニンジャゴー ジェイのドラゴンメカスーツ バトルパック 71853 おもちゃ 男の子 女の子,2100.0,,3279,7,standard_1,Yahoo,はずれ,False,False,https://www.amazon.co.jp/dp/B0FPXDPNP7,Yahoo最安 JAN=5702018055236,
2392,B0C2362Z6H,toys,,Formemory 浮き輪 フロート 三管式 大人用 浮き輪ベッド 水上ハンモック フロート 130CMX122CM ウ,1298.0,,3280,2,standard_1,,,False,False,https://www.amazon.co.jp/dp/B0C2362Z6H,,
2393,B0C235V6CT,toys,,Formemory 浮き輪 フロート 三管式 大人用 浮き輪ベッド 水上ハンモック フロート 130CMX122CM ウ,1298.0,,3280,2,standard_1,,,False,False,https://www.amazon.co.jp/dp/B0C235V6CT,,
2394,B0C2342N54,toys,,Formemory 浮き輪 フロート 三管式 大人用 浮き輪ベッド 水上ハンモック フロート 130CMX122CM ウ,1298.0,,3280,2,standard_1,,,False,False,https://www.amazon.co.jp/dp/B0C2342N54,,
2395,B0C233XZ15,toys,,Formemory 浮き輪 フロート 三管式 大人用 浮き輪ベッド 水上ハンモック フロート 130CMX122CM ウ,1298.0,,3280,2,standard_1,,,False,False,https://www.amazon.co.jp/dp/B0C233XZ15,,
2396,B0C237SM6X,toys,,Formemory 浮き輪 フロート 三管式 大人用 浮き輪ベッド 水上ハンモック フロート 130CMX122CM ウ,1298.0,,3281,2,standard_1,,,False,False,https://www.amazon.co.jp/dp/B0C237SM6X,,
2397,B0H6LKYTMX,toys,4904810067580,タカラトミー(TAKARA TOMY) プラレール JR九州 スーパーマリオ トレイン 885系 電車 列車 おもちゃ ,3300.0,,5698,3,standard_1,Yahoo,はずれ,False,False,https://www.amazon.co.jp/dp/B0H6LKYTMX,Yahoo最安 JAN=4904810067580,
2398,B0BXWW1JR5,toys,4970134330198,イガラシ ハートラインウキワ80cm RLB-280V,1680.0,,3283,8,standard_1,Yahoo,はずれ,False,False,https://www.amazon.co.jp/dp/B0BXWW1JR5,Yahoo最安 JAN=4970134330198,
2399,B0F47VWF9J,toys,4548643214966,ナカジマコーポレーション プランクトン ビーンドール 214966-25,1540.0,,7557,3,small,Yahoo,はずれ,False,False,https://www.amazon.co.jp/dp/B0F47VWF9J,Yahoo最安 JAN=4548643214966,
2400,B0G2P7GBX7,toys,5010996368096,トランスフォーマー コラボレーティブ ホットウィールズ® x トランスフォーマー GT-Scorcher デラックスクラ,6871.0,,3285,9,small,,,False,False,https://www.amazon.co.jp/dp/B0G2P7GBX7,,
2401,B0DR3QJ9CL,toys,0194735263615,ホットウィール(Hot Wheels) プレミアムコレクターセットアソート - ワイドボディセット 乗り物おもちゃ ミニ,2311.0,,4340,2,standard_1,楽天,はずれ,False,False,https://www.amazon.co.jp/dp/B0DR3QJ9CL,楽天最安 JAN=0194735263615,
2402,B0CZWVL3Z5,toys,0194735185337,ホットウィール(Hot Wheels) プレミアムコレクターセット - ドリフティング 乗り物おもちゃ ミニカー 3歳か,3480.0,,4340,5,standard_1,Yahoo,はずれ,False,False,https://www.amazon.co.jp/dp/B0CZWVL3Z5,Yahoo最安 JAN=0194735185337,
2403,B0CYJ63HMH,toys,0194735185344,ホットウィール(Hot Wheels) プレミアムコレクターセット - BRE ダットサン 乗り物おもちゃ ミニカー 4,2772.0,,4340,10,standard_1,Yahoo,はずれ,False,False,https://www.amazon.co.jp/dp/B0CYJ63HMH,Yahoo最安 JAN=0194735185344,
2404,B0H8D7RXBZ,toys,4521121700854,リーメント どうぶつの森 Ｈａｐｐｙ Ｒｏｏｍ２ Ｈ８０ｍｍ×Ｗ１４０ｍｍ×Ｄ６５ｍｍ ＡＴＢＣ－ＰＶＣ,7380.0,,3287,4,standard_1,Yahoo,はずれ,False,False,https://www.amazon.co.jp/dp/B0H8D7RXBZ,Yahoo最安 JAN=4521121700854,
2405,B0DK8FGBH5,toys,4974413872485,サンエックス(San-X) リラックマ ｢すてきなお家｣ ぬいぐるみ キイロイトリ MO93501 サイズ：H120×W,2242.0,,5513,5,small,Yahoo,はずれ,False,False,https://www.amazon.co.jp/dp/B0DK8FGBH5,Yahoo最安 JAN=4974413872485,
2406,B0DK8H69DK,toys,4974413872447,サンエックス(San-X) リラックマ ｢すてきなお家｣ ぶらさげぬいぐるみ リラックマ MO93101 サイズ：H13,2360.0,,5513,4,small,Yahoo,はずれ,False,False,https://www.amazon.co.jp/dp/B0DK8H69DK,Yahoo最安 JAN=4974413872447,
2407,B0DK8G34WK,toys,4974413872478,サンエックス(San-X) リラックマ ｢すてきなお家｣ ぬいぐるみ コリラックマ MO93401 サイズ：H200×W,2680.0,,5513,9,small,楽天,はずれ,False,False,https://www.amazon.co.jp/dp/B0DK8G34WK,楽天最安 JAN=4974413872478,
2408,B0DK8DBHFY,toys,4974413872515,サンエックス(San-X) リラックマ ｢すてきなお家｣ ぬいぐるみ M コリラックマ MO93801 サイズ：H345,4230.0,,5513,6,standard_1,Yahoo,はずれ,False,False,https://www.amazon.co.jp/dp/B0DK8DBHFY,Yahoo最安 JAN=4974413872515,
2409,B0DK8GYPDP,toys,4974413872430,サンエックス(San-X) リラックマ ｢すてきなお家｣ てのりぬいぐるみ チャイロイコグマ MO93001 サイズ：H,1118.0,,5513,6,small,楽天,はずれ,False,False,https://www.amazon.co.jp/dp/B0DK8GYPDP,楽天最安 JAN=4974413872430,
2410,B0DK8BW23R,toys,4974413872454,サンエックス(San-X) リラックマ ｢すてきなお家｣ ぶらさげぬいぐるみ コリラックマ MO93201 サイズ：H1,1880.0,,3289,5,small,Yahoo,はずれ,False,False,https://www.amazon.co.jp/dp/B0DK8BW23R,Yahoo最安 JAN=4974413872454,
2411,B0DK8FQ58F,toys,4974413872416,サンエックス(San-X) リラックマ ｢すてきなお家｣ てのりぬいぐるみ コリラックマ MO92801 サイズ：H75,1410.0,,3289,6,small,Yahoo,はずれ,False,False,https://www.amazon.co.jp/dp/B0DK8FQ58F,Yahoo最安 JAN=4974413872416,
2412,B0DK8FQBG6,toys,4974413872409,サンエックス(San-X) リラックマ ｢すてきなお家｣ てのりぬいぐるみ リラックマ MO92701 サイズ：H75×,1410.0,,3289,6,small,Yahoo,はずれ,False,False,https://www.amazon.co.jp/dp/B0DK8FQBG6,Yahoo最安 JAN=4974413872409,
2413,B0DK8GZ533,toys,4974413872461,サンエックス(San-X) リラックマ ｢すてきなお家｣ ぬいぐるみ リラックマ MO93301 サイズ：H210×W1,2726.0,,3289,8,small,Yahoo,はずれ,False,False,https://www.amazon.co.jp/dp/B0DK8GZ533,Yahoo最安 JAN=4974413872461,
2414,B0DK8GF5LL,toys,4974413872508,サンエックス(San-X) リラックマ ｢すてきなお家｣ ぬいぐるみ M リラックマ MO93701 サイズ：H400×,4176.0,,3289,5,standard_1,Yahoo,はずれ,False,False,https://www.amazon.co.jp/dp/B0DK8GF5LL,Yahoo最安 JAN=4974413872508,
2415,B0DHSCKXP2,toys,5702017816272,レゴ(LEGO) テクニック Fast and Furious Toyota Supra MK4 42204 おもちゃ ,9300.0,,3296,4,standard_2,Yahoo,はずれ,False,False,https://www.amazon.co.jp/dp/B0DHSCKXP2,Yahoo最安 JAN=5702017816272,
2416,B0CYP1DX42,toys,4970134430522,イガラシ 80cm浮き輪 シーシェルウキワ ロープ付き RLC-381V,1750.0,,3302,7,standard_1,Yahoo,はずれ,False,False,https://www.amazon.co.jp/dp/B0CYP1DX42,Yahoo最安 JAN=4970134430522,
2417,B0FJKYS5HK,toys,4582769806537,[BANDAI] [バンダイ 仮面ライダーゼッツ DXカプセムシリンダー,3980.0,,3302,8,standard_1,Yahoo,あやしい,True,True,https://www.amazon.co.jp/dp/B0FJKYS5HK,Yahoo最安 JAN=4582769806537,
2418,B0GVRXPW4M,toys,4970134630694,イガラシ 80cm浮き輪 シーシェルウキワ ロープ付き RLE-80X 【楽早くうき栓】新型バルブ採用,1880.0,,2149,4,standard_1,Yahoo,はずれ,False,False,https://www.amazon.co.jp/dp/B0GVRXPW4M,Yahoo最安 JAN=4970134630694,
2419,B0FPXCPTBM,toys,5702018055748,レゴ(LEGO) ニンジャゴー ニンジャ キャラクターディスプレイ＜15周年記念モデル＞ 71866 おもちゃ 男の子 ,5986.0,,3303,9,standard_1,Yahoo,はずれ,False,False,https://www.amazon.co.jp/dp/B0FPXCPTBM,Yahoo最安 JAN=5702018055748,
2420,B0FPXG2DNH,toys,5702018031988,レゴ(LEGO) ニンジャゴー コールのミッションメカスーツ 71854 おもちゃ 男の子 女の子,5191.0,,3303,5,standard_1,楽天,はずれ,False,False,https://www.amazon.co.jp/dp/B0FPXG2DNH,楽天最安 JAN=5702018031988,
2421,B09XWPKYMG,toys,4970381513184,エンスカイ(ENSKY) ジグソーパズル すみっコぐらし アートデコレーションジグソー 星空さんぽ 108ピース (10,1845.0,,4317,6,standard_1,楽天,はずれ,False,False,https://www.amazon.co.jp/dp/B09XWPKYMG,楽天最安 JAN=4970381513184,
2422,B0FPXDNHSW,toys,5702018031971,レゴ(LEGO) ニンジャゴー カイのドラゴンメカスーツ バトルパック 71851 おもちゃ 男の子 女の子,1151.0,,3304,6,small,楽天,はずれ,False,False,https://www.amazon.co.jp/dp/B0FPXDNHSW,楽天最安 JAN=5702018031971,
2423,B0DMWLYDB8,toys,0194735288670,マテル ディズニープリンセス（Disney Princess） ラプンツェルと塔（かさねるおしろシリーズ！ミニドール） ,3534.0,,4328,9,standard_1,楽天,はずれ,False,False,https://www.amazon.co.jp/dp/B0DMWLYDB8,楽天最安 JAN=0194735288670,
2424,B0BNVJR83S,toys,4970381514457,エンスカイ(ENSKY) ジグソーパズル まめパズル すみっコぐらし 星空さんぽ(くも) 150ピース (MA-81),1399.0,,4317,5,small,Yahoo,はずれ,False,False,https://www.amazon.co.jp/dp/B0BNVJR83S,Yahoo最安 JAN=4970381514457,
2425,B0B3QTV24W,toys,4977389211128,エポック社 3000スモールピース ジグソーパズル 名探偵コナン アンティークルーム (73×102cm) 21-112,3582.0,,3307,5,standard_2,Yahoo,はずれ,False,False,https://www.amazon.co.jp/dp/B0B3QTV24W,Yahoo最安 JAN=4977389211128,
2426,B0B6HXSC5R,toys,4970381487201,エンスカイ(ENSKY) TP-03B すみっコぐらし タイルパズル,1500.0,,4317,2,small,Yahoo,はずれ,False,False,https://www.amazon.co.jp/dp/B0B6HXSC5R,Yahoo最安 JAN=4970381487201,
2427,B07HL15GK1,toys,4970381501259,エンスカイ(ENSKY) ジグソーパズル すみっコぐらし すみっコのかんけいず 150ピース (MA-19),1100.0,,4317,5,small,Yahoo,はずれ,False,False,https://www.amazon.co.jp/dp/B07HL15GK1,Yahoo最安 JAN=4970381501259,
2428,B0DKWWZ2WB,toys,4977389214020,エポック社 3000ピース ジグソーパズル 名探偵コナン キャラクターシーンズ （73×102cm） 21-402 のり,4300.0,,4562,4,standard_2,Yahoo,はずれ,False,False,https://www.amazon.co.jp/dp/B0DKWWZ2WB,Yahoo最安 JAN=4977389214020,
2429,B0FPCS2YGF,toys,4977389528141,エポック社（EPOCH） 500スーパースモールピース ジグソーパズル 名探偵コナン 黒との戦い （18.2×25.7c,1656.0,,3308,6,small,Yahoo,はずれ,False,False,https://www.amazon.co.jp/dp/B0FPCS2YGF,Yahoo最安 JAN=4977389528141,
2430,B01M7PPHPL,toys,4977389292011,エポック社 1000ベリースモールピース ジグソーパズル 名探偵コナン ティーブレイク (38×53cm) 29-201,4000.0,,3308,3,standard_1,Yahoo,あやしい,False,False,https://www.amazon.co.jp/dp/B01M7PPHPL,Yahoo最安 JAN=4977389292011,
2431,B0CK4MF4R5,toys,4977389226023,エポック社 2016ベリースモールピース ジグソーパズル 名探偵コナン 卓上の証拠写真(エヴィデンスフォト) 2016ピ,2609.0,,3308,5,standard_1,Yahoo,はずれ,False,False,https://www.amazon.co.jp/dp/B0CK4MF4R5,Yahoo最安 JAN=4977389226023,
2432,B0BJTSX4VC,toys,4977389315284,エポック社 1053スーパースモールピース ジグソーパズル 名探偵コナン 卓上の証拠写真(エヴィデンスフォト) (26×,1511.0,,3308,7,standard_1,楽天,はずれ,False,False,https://www.amazon.co.jp/dp/B0BJTSX4VC,楽天最安 JAN=4977389315284,
2433,B07J3B7RLM,toys,4977389211098,エポック社 3000スモールピース ジグソーパズル 名探偵コナン 名探偵コナン 3000ピースモザイクアート (73×1,3483.0,,3308,3,standard_2,Yahoo,はずれ,False,False,https://www.amazon.co.jp/dp/B07J3B7RLM,Yahoo最安 JAN=4977389211098,
2434,B0FPCR9CS4,toys,4977389528134,エポック社（EPOCH） 500スーパースモールピース ジグソーパズル 名探偵コナン キャップアンドハット （18.2×,1500.0,,3308,9,small,Yahoo,はずれ,False,False,https://www.amazon.co.jp/dp/B0FPCR9CS4,Yahoo最安 JAN=4977389528134,
2435,B0DDSSZPT6,toys,4977389547197,エポック社 2000スーパースモールピース ジグソーパズル 名探偵コナン コナンキーホールスターズ （38×53cm） ,2073.0,,3308,4,standard_1,Yahoo,はずれ,False,False,https://www.amazon.co.jp/dp/B0DDSSZPT6,Yahoo最安 JAN=4977389547197,
2436,B0DSBFX59H,toys,4977389528011,エポック社（EPOCH） 500スーパースモールピース ジグソーパズル 名探偵コナン アンティークルーム （18.2×2,1427.0,,3308,3,small,Yahoo,はずれ,False,False,https://www.amazon.co.jp/dp/B0DSBFX59H,Yahoo最安 JAN=4977389528011,
2437,B0BJSYMSKS,toys,4977389315277,エポック社 1053スーパースモールピース ジグソーパズル 名探偵コナン 金枠の肖像 (26×38cm) 31-527 ,1448.0,,3308,6,standard_1,Yahoo,はずれ,False,False,https://www.amazon.co.jp/dp/B0BJSYMSKS,Yahoo最安 JAN=4977389315277,
2438,B0DSBH822M,toys,4977389528028,エポック社（EPOCH） 500スーパースモールピース ジグソーパズル 名探偵コナン 黄昏時の対峙 （18.2×25.7,1235.0,,3308,3,small,Yahoo,はずれ,False,False,https://www.amazon.co.jp/dp/B0DSBH822M,Yahoo最安 JAN=4977389528028,
2439,B0GTNC2YC6,toys,4930972623333,ケイカンパニー(K Company) サンリオキャラクターズ （日焼けシリーズ）シール手帳 シナモロール SAHI-SC,1480.0,,3013,10,small,楽天,はずれ,False,False,https://www.amazon.co.jp/dp/B0GTNC2YC6,楽天最安 JAN=4930972623333,
2440,B0CYNRWDFH,toys,4970134420349,イガラシ 60cm浮き輪 ラブリードットウキワ（リボン付） ロープ付き RGC-60RV,1278.0,,2655,6,standard_1,Yahoo,はずれ,False,False,https://www.amazon.co.jp/dp/B0CYNRWDFH,Yahoo最安 JAN=4970134420349,
2441,B0BVTRRX1T,toys,4979092017172,増田屋コーポレーション(Masudaya Corporation) Rummikub CLASSIC ラミィキューブ ク,2864.0,,3311,10,standard_2,Yahoo,はずれ,False,False,https://www.amazon.co.jp/dp/B0BVTRRX1T,Yahoo最安 JAN=4979092017172,
2442,B0016JV5ZI,toys,4954965100328,鈴木ラテックス らくらくヨーヨーセット メタルクリスタル 100個入,2348.0,,3452,10,standard_1,Yahoo,はずれ,False,False,https://www.amazon.co.jp/dp/B0016JV5ZI,Yahoo最安 JAN=4954965100328,
2443,B0DHSD643W,toys,5702017812441,レゴ(LEGO) シティ キャンピングカー ホリデー 60454 おもちゃ 男の子 女の子,4145.0,,2612,5,standard_1,Yahoo,はずれ,False,False,https://www.amazon.co.jp/dp/B0DHSD643W,Yahoo最安 JAN=5702017812441,
2444,B0FBLSB91T,toys,4977489028466,ピープル こども専用ICカード P siyoca UB-072,1562.0,,3319,5,small,Yahoo,はずれ,False,False,https://www.amazon.co.jp/dp/B0FBLSB91T,Yahoo最安 JAN=4977489028466,
2445,B0DHCC3WRG,toys,,JUYEE 知育玩具 車 おもちゃ 3歳4歳5歳6歳 小学生 レール ミニカー 電動 ビルディングブロック 立体パズル ,3280.0,,2379,2,standard_1,,,False,False,https://www.amazon.co.jp/dp/B0DHCC3WRG,,
2446,B0GXVP2JVZ,toys,4573494250634,ClaGla グミチョコパパイヤレボリューション ボードゲーム 2-4人 15-20分 7歳以上,3410.0,,3250,2,standard_1,Yahoo,はずれ,False,False,https://www.amazon.co.jp/dp/B0GXVP2JVZ,Yahoo最安 JAN=4573494250634,
2447,B0GYR2XMVP,toys,0194735396139,マテル ジュラシックワールド(JURASSIC WORLD) かみつきアクション！ほえる ギガノトサウルス 子供向けフィ,6456.0,,3325,3,standard_2,楽天,はずれ,False,False,https://www.amazon.co.jp/dp/B0GYR2XMVP,楽天最安 JAN=0194735396139,
2448,B01C5LEA0C,toys,6971421890225,ギーカー(GiiKER) スーパースライド ポータブルスライドパズルゲーム 知育 脳トレ (日本語説明書付き) (グレー,5280.0,,3884,2,standard_1,,,False,False,https://www.amazon.co.jp/dp/B01C5LEA0C,,
2449,B0GXDTSLCC,hobby,,[Martosa] 着ぐるみパジャマ 連体服 フランネル きぐるみ 大人用 モコモコ もこもこ おもしろい コスプレ衣装,3480.0,,3005,2,standard_1,,,False,False,https://www.amazon.co.jp/dp/B0GXDTSLCC,,
2450,B0GXDRRP8N,hobby,,[Martosa] 着ぐるみパジャマ 連体服 フランネル きぐるみ 大人用 モコモコ もこもこ おもしろい コスプレ衣装,3480.0,,3005,2,standard_1,,,False,False,https://www.amazon.co.jp/dp/B0GXDRRP8N,,
2451,B0GXDPZ9K7,hobby,,[Martosa] 着ぐるみパジャマ 連体服 フランネル きぐるみ 大人用 モコモコ もこもこ おもしろい コスプレ衣装,3480.0,,3005,2,standard_1,,,False,False,https://www.amazon.co.jp/dp/B0GXDPZ9K7,,
2452,B0GXDXD72V,hobby,,[Martosa] 着ぐるみパジャマ 連体服 フランネル きぐるみ 大人用 モコモコ もこもこ おもしろい コスプレ衣装,3480.0,,2244,2,standard_1,,,False,False,https://www.amazon.co.jp/dp/B0GXDXD72V,,
2453,B0C8YYCQMV,hobby,,GRANDE 大容量 100％綿 ニッティングコット 柔らかい編み糸 バッグを編む コットン クロッシェ 毛糸 300g,2395.0,,1383,2,standard_1,,,False,False,https://www.amazon.co.jp/dp/B0C8YYCQMV,,
2454,B0GTSSRBBG,hobby,4967834659001,ハセガワ マクロスシリーズ マクロスフロンティア VF-25F トルネード メサイア (大気圏内仕様) 1/72スケール,4004.0,,3007,5,standard_1,Yahoo,はずれ,False,False,https://www.amazon.co.jp/dp/B0GTSSRBBG,Yahoo最安 JAN=4967834659001,
2455,B0C8Z21844,hobby,,GRANDE 大容量 100％綿 ニッティングコット 柔らかい編み糸 バッグを編む コットン クロッシェ 毛糸 300g,2395.0,,1383,2,standard_1,,,False,False,https://www.amazon.co.jp/dp/B0C8Z21844,,
2456,B0C8YZ49DM,hobby,,GRANDE 大容量 100％綿 ニッティングコット 柔らかい編み糸 バッグを編む コットン クロッシェ 毛糸 300g,2395.0,,1383,2,standard_1,,,False,False,https://www.amazon.co.jp/dp/B0C8YZ49DM,,
2457,B0C8Z19NT5,hobby,,GRANDE 大容量 100％綿 ニッティングコット 柔らかい編み糸 バッグを編む コットン クロッシェ 毛糸 300g,2395.0,,1383,2,standard_1,,,False,False,https://www.amazon.co.jp/dp/B0C8Z19NT5,,
2458,B0C8YZJJBD,hobby,,GRANDE 大容量 100％綿 ニッティングコット 柔らかい編み糸 バッグを編む コットン クロッシェ 毛糸 300g,2395.0,,1383,2,standard_1,,,False,False,https://www.amazon.co.jp/dp/B0C8YZJJBD,,
2459,B0CRQJGSCC,hobby,,GRANDE 大容量 100％綿 ニッティングコット 柔らかい編み糸 バッグを編む コットン クロッシェ 毛糸 300g,2395.0,,1383,2,standard_1,,,False,False,https://www.amazon.co.jp/dp/B0CRQJGSCC,,
2460,B0CRQKPLPB,hobby,,GRANDE 大容量 100％綿 ニッティングコット 柔らかい編み糸 バッグを編む コットン クロッシェ 毛糸 300g,2395.0,,1383,2,standard_1,,,False,False,https://www.amazon.co.jp/dp/B0CRQKPLPB,,
2461,B0C8Z16ZGW,hobby,,GRANDE 大容量 100％綿 ニッティングコット 柔らかい編み糸 バッグを編む コットン クロッシェ 毛糸 300g,2395.0,,1383,2,standard_1,,,False,False,https://www.amazon.co.jp/dp/B0C8Z16ZGW,,
2462,B0CRQLDTHP,hobby,,GRANDE 大容量 100％綿 ニッティングコット 柔らかい編み糸 バッグを編む コットン クロッシェ 毛糸 300g,2395.0,,1383,2,standard_1,,,False,False,https://www.amazon.co.jp/dp/B0CRQLDTHP,,
2463,B0C8YZ31V1,hobby,,GRANDE 大容量 100％綿 ニッティングコット 柔らかい編み糸 バッグを編む コットン クロッシェ 毛糸 300g,2395.0,,1383,2,standard_1,,,False,False,https://www.amazon.co.jp/dp/B0C8YZ31V1,,
2464,B0C8Z27PV4,hobby,,GRANDE 大容量 100％綿 ニッティングコット 柔らかい編み糸 バッグを編む コットン クロッシェ 毛糸 300g,2395.0,,1383,2,standard_1,,,False,False,https://www.amazon.co.jp/dp/B0C8Z27PV4,,
2465,B0C8YWXFZH,hobby,,GRANDE 大容量 100％綿 ニッティングコット 柔らかい編み糸 バッグを編む コットン クロッシェ 毛糸 300g,2395.0,,1383,2,standard_1,,,False,False,https://www.amazon.co.jp/dp/B0C8YWXFZH,,
2466,B0C8Z216J2,hobby,,GRANDE 大容量 100％綿 ニッティングコット 柔らかい編み糸 バッグを編む コットン クロッシェ 毛糸 300g,2395.0,,1383,2,standard_1,,,False,False,https://www.amazon.co.jp/dp/B0C8Z216J2,,
2467,B0C8Z1CR74,hobby,,GRANDE 大容量 100％綿 ニッティングコット 柔らかい編み糸 バッグを編む コットン クロッシェ 毛糸 300g,2395.0,,1383,2,standard_1,,,False,False,https://www.amazon.co.jp/dp/B0C8Z1CR74,,
2468,B0G4C4G5TD,hobby,4907953768109,【セット買い】BANDAI SPIRITS(バンダイ スピリッツ) 30MM 1/144 bEXM-40 ノヴァルヴ[グ,2080.0,,3008,2,standard_1,楽天,はずれ,False,False,https://www.amazon.co.jp/dp/B0G4C4G5TD,楽天最安 JAN=4907953768109,
2469,B07NBB83HW,hobby,4901425214996,桂屋ファイングッズ(Katsuraya fine goods) みや古染 技法用染料 REACT リアクト ライト/LI,1205.0,,3013,6,small,Yahoo,はずれ,False,False,https://www.amazon.co.jp/dp/B07NBB83HW,Yahoo最安 JAN=4901425214996,
2470,B07NB2K1KH,hobby,4901425214989,桂屋ファイングッズ(Katsuraya fine goods) みや古染 技法用染料 REACT リアクト マイルド/M,1320.0,,3013,5,small,Yahoo,はずれ,False,False,https://www.amazon.co.jp/dp/B07NB2K1KH,Yahoo最安 JAN=4901425214989,
2471,B0GTLR6R4Z,hobby,0194735336746,ホットウィール(Hot Wheels) プレミアム コレクターセットアソート トヨタ スポーツカーセット 乗り物おもちゃ,3460.0,,3014,5,standard_1,Yahoo,はずれ,False,False,https://www.amazon.co.jp/dp/B0GTLR6R4Z,Yahoo最安 JAN=0194735336746,
2472,B01BSLPKA4,hobby,4549583620503,ハマナカ ウォッシュコットン グラデーション 毛糸 並太 col.307 ピンク 系 40g 約102m 5玉セット 2,2730.0,,3694,2,standard_1,,,False,False,https://www.amazon.co.jp/dp/B01BSLPKA4,,
2473,B0H691FDHH,hobby,4905083201527,青島文化教材社(AOSHIMA) PLAfig. No.PF-03 デストロイア 完全体 nonスケール PS製 プラモ,6847.0,,3624,4,standard_1,Yahoo,はずれ,False,False,https://www.amazon.co.jp/dp/B0H691FDHH,Yahoo最安 JAN=4905083201527,
2474,B0GC25FRYB,hobby,4901361001391,コリス(Coris) 名探偵プリキュアキラキラクリアカードガム ソーダ味 ガム/食玩 [BOX販売/15個セット],1650.0,,3048,5,standard_1,楽天,はずれ,False,False,https://www.amazon.co.jp/dp/B0GC25FRYB,楽天最安 JAN=4901361001391,
2475,B0CSCWBK19,hobby,0663899896408,【Zofrud】サテンリボン幅38mm x 9m巻 - 手芸、ラッピング、 花束、ウェディングに最適 (アイボリー),1112.0,,3057,2,small,楽天,はずれ,False,False,https://www.amazon.co.jp/dp/B0CSCWBK19,楽天最安 JAN=0663899896408,
2476,B0CSCZ32M7,hobby,0663899896521,【Zofrud】サテンリボン幅50mm x 9m巻 - 手芸、ラッピング、 花束、ウェディングに最適 (イエローゴールド,1190.0,,3057,2,small,楽天,はずれ,False,False,https://www.amazon.co.jp/dp/B0CSCZ32M7,楽天最安 JAN=0663899896521,
2477,B0CGX9YGSK,hobby,0793087378314,【Zofrud】サテンリボン幅100mm x 9m巻 - 手芸、ラッピング、 花束、ウェディングに最適 (レッド),1565.0,,3057,2,small,,,False,False,https://www.amazon.co.jp/dp/B0CGX9YGSK,,
2478,B0CSD1DZKT,hobby,0663899896422,【Zofrud】サテンリボン幅50mm x 9m巻 - 手芸、ラッピング、 花束、ウェディングに最適 (ブラック),1190.0,,3057,2,small,,,False,False,https://www.amazon.co.jp/dp/B0CSD1DZKT,,
2479,B0CGX93ZRV,hobby,0663899896453,【Zofrud】サテンリボン幅50mm x 9m巻 - 手芸、ラッピング、 花束、ウェディングに最適 (レッド),1190.0,,3057,2,small,楽天,はずれ,False,False,https://www.amazon.co.jp/dp/B0CGX93ZRV,楽天最安 JAN=0663899896453,
2480,B0CGXC49GV,hobby,0663899896569,【Zofrud】サテンリボン幅63mm x 9m巻 - 手芸、ラッピング、 花束、ウェディングに最適 (ブラック),1298.0,,3057,2,small,楽天,はずれ,False,False,https://www.amazon.co.jp/dp/B0CGXC49GV,楽天最安 JAN=0663899896569,
2481,B0CGXB4TN9,hobby,0663899896385,【Zofrud】サテンリボン幅38mm x 9m巻 - 手芸、ラッピング、 花束、ウェディングに最適 (イエローゴールド,1112.0,,3057,2,small,,,False,False,https://www.amazon.co.jp/dp/B0CGXB4TN9,,
2482,B0CPPF37BQ,hobby,4979817471951,やのまん(Yanoman) カードプロテクターインナーガード 4個セット 519-080,1015.0,,3060,5,standard_1,楽天,はずれ,False,False,https://www.amazon.co.jp/dp/B0CPPF37BQ,楽天最安 JAN=4979817471951,
2483,B097NQ1NVR,hobby,0045557110413,ENTRY GRADE 機動戦士ガンダム RX-78-2 ガンダム(フルウェポンセット) 1/144スケール 色分け済み,3200.0,,3062,3,small,楽天,はずれ,False,False,https://www.amazon.co.jp/dp/B097NQ1NVR,楽天最安 JAN=0045557110413,
2484,B00OZF4MJ6,hobby,4961411509895,長門屋商店 美彩紙【びさいし】 はがきサイズ ナチュラル 〒枠なし 200枚 ナ-989,1211.0,,3341,2,standard_1,Yahoo,はずれ,False,False,https://www.amazon.co.jp/dp/B00OZF4MJ6,Yahoo最安 JAN=4961411509895,
2485,B002U0QOSA,hobby,4961411509642,長門屋商店 美彩紙【びさいし】 ISO白色度99.5% A3 50枚 ナ-964,1873.0,,3064,2,standard_2,Yahoo,はずれ,False,False,https://www.amazon.co.jp/dp/B002U0QOSA,Yahoo最安 JAN=4961411509642,
2486,B002U0QOTE,hobby,4961411519627,長門屋商店 美彩紙【びさいし】 ISO白色度99.5% A4 <209g> 250枚 ナ-962V,4435.0,,3341,3,large_1,楽天,はずれ,False,False,https://www.amazon.co.jp/dp/B002U0QOTE,楽天最安 JAN=4961411519627,
2487,B002U0FFGM,hobby,4961411509635,長門屋商店 美彩紙【びさいし】 ISO白色度99.5% B4 50枚 ナ-963,1255.0,,3341,3,standard_1,Yahoo,はずれ,False,False,https://www.amazon.co.jp/dp/B002U0FFGM,Yahoo最安 JAN=4961411509635,
2488,B0C61H4K3V,hobby,,マグネットローダー カードローダー 35pt UVカット 収納トレカ保護ケース 遊戯王カードケース ポケカ 磁石式 (ロ,1599.0,,1803,3,standard_1,,,False,False,https://www.amazon.co.jp/dp/B0C61H4K3V,,
2489,B06X3QQRNG,hobby,4901881217159,サクラクレパス 絵の具 固形水彩 プチカラー 12色 NCW-12,1643.0,,3036,10,small,Yahoo,はずれ,False,False,https://www.amazon.co.jp/dp/B06X3QQRNG,Yahoo最安 JAN=4901881217159,
2490,B06W2FXDZJ,hobby,4901881217197,サクラクレパス 絵の具 固形水彩 プチカラー 24色 水筆入り NCW-24H,3622.0,,3036,8,small,Yahoo,はずれ,False,False,https://www.amazon.co.jp/dp/B06W2FXDZJ,Yahoo最安 JAN=4901881217197,
2491,B06X3QRQ75,hobby,4901881217180,サクラクレパス 絵の具 固形水彩 プチカラー 18色 水筆入り NCW-18H,2757.0,,3036,9,standard_1,Yahoo,はずれ,False,False,https://www.amazon.co.jp/dp/B06X3QRQ75,Yahoo最安 JAN=4901881217180,
2492,B06W2FX8ZM,hobby,4901881217203,サクラクレパス 絵の具 固形水彩 プチカラー 30色 水筆入り NCW-30H,3918.0,,3072,8,standard_1,Yahoo,はずれ,False,False,https://www.amazon.co.jp/dp/B06W2FX8ZM,Yahoo最安 JAN=4901881217203,
2493,B06W9DTX4G,hobby,4901881217173,サクラクレパス 絵の具 固形水彩 プチカラー 18色 NCW-18,2100.0,,3036,4,small,楽天,はずれ,False,False,https://www.amazon.co.jp/dp/B06W9DTX4G,楽天最安 JAN=4901881217173,
2494,B06X3R55WW,hobby,4901881217166,サクラクレパス 絵の具 固形水彩 プチカラー 12色 水筆入り NCW-12H,1973.0,,3036,8,small,Yahoo,はずれ,False,False,https://www.amazon.co.jp/dp/B06X3R55WW,Yahoo最安 JAN=4901881217166,
2495,B01JGBOIU6,hobby,4901881215025,サクラクレパス 絵の具 固形水彩 プチカラー 36色 NCW-36H,2927.0,,3072,8,standard_1,Yahoo,はずれ,False,False,https://www.amazon.co.jp/dp/B01JGBOIU6,Yahoo最安 JAN=4901881215025,
2496,B06VYGHV9N,hobby,4907951822520,布用水性顔料塗料 布スプレーII メタリック メタリック・シルバー(M12),1320.0,,6196,7,small,Yahoo,はずれ,False,False,https://www.amazon.co.jp/dp/B06VYGHV9N,Yahoo最安 JAN=4907951822520,
2497,B0H32H59F1,hobby,4580886844692,BANDAI SPIRITS(バンダイ スピリッツ) 30MS 花海咲季 (20th Anniv. YOU AND アイ,3984.0,,3078,6,standard_1,Yahoo,はずれ,False,False,https://www.amazon.co.jp/dp/B0H32H59F1,Yahoo最安 JAN=4580886844692,
2498,B0922CCYHN,hobby,4573588405261,ターレンスジャパン(Talens Japan) ターレンス アクリル絵具 アムステルダムアクリリックカラー パールホワイ,1100.0,,3081,6,small,楽天,はずれ,False,False,https://www.amazon.co.jp/dp/B0922CCYHN,楽天最安 JAN=4573588405261,
2499,B097QMVNJS,hobby,,BENECREAT 2mX40cm フェルトシート 厚さ1mm グレー 自己接着 フェルト生地 粘着性あり ジュエリー引,1599.0,,3082,2,standard_1,,,False,False,https://www.amazon.co.jp/dp/B097QMVNJS,,
2500,B09W2NGD4V,hobby,4571180860839,ガイアノーツ(Gaianotes) T-09M メタリックマスター 500ml,1783.0,,3083,9,standard_1,Yahoo,はずれ,False,False,https://www.amazon.co.jp/dp/B09W2NGD4V,Yahoo最安 JAN=4571180860839,
2501,B0G8W8MX6N,hobby,0194735336814,ホットウィール(Hot Wheels) プレミアム2パック 2005 三菱ランサー エボリューション IX ワゴン / ,1483.0,,3084,5,small,Yahoo,はずれ,False,False,https://www.amazon.co.jp/dp/B0G8W8MX6N,Yahoo最安 JAN=0194735336814,
2502,B00N9R8WQK,hobby,4549583524979,ハマナカ(HAMANAKA) リッチモア パーセント 毛糸 並太 Col.95 グレー 系 40g 約120m 5玉セッ,2895.0,,3021,2,standard_1,楽天,はずれ,False,False,https://www.amazon.co.jp/dp/B00N9R8WQK,楽天最安 JAN=4549583524979,
2503,B00N9R87RO,hobby,4549583524481,リッチモア パーセント 毛糸 並太 Col.32 グリーン 系 40g 約120m 5玉セット 017,1688.0,,3021,2,standard_1,,,False,False,https://www.amazon.co.jp/dp/B00N9R87RO,,
2504,B00N9R7SD8,hobby,4549583524269,リッチモア パーセント 毛糸 並太 Col.5 イエロー 系 40g 約120m 5玉セット 017,2895.0,,3021,2,standard_1,楽天,はずれ,False,False,https://www.amazon.co.jp/dp/B00N9R7SD8,楽天最安 JAN=4549583524269,
2505,B01M0LXMNG,hobby,4549583673677,リッチモア パーセント 毛糸 並太 Col.22 水色 系 40g 約120m 10玉セット 017,5810.0,,3021,2,standard_1,楽天,はずれ,False,False,https://www.amazon.co.jp/dp/B01M0LXMNG,楽天最安 JAN=4549583673677,
2506,B077N6W82S,hobby,,シリコンゴム ブレスレット用 ゴム紐 0.4mm/0.6mm/0.8mm/1mmサイズ 通しワイヤー 解説書付き♪ (0,1400.0,,3091,3,standard_1,,,False,False,https://www.amazon.co.jp/dp/B077N6W82S,,
2507,B001TIKEVM,hobby,4933317362140,クサカベ(KUSAKABE) 画用液 ネオペンティングオイル 500ml,1709.0,,3092,5,standard_1,Yahoo,はずれ,False,False,https://www.amazon.co.jp/dp/B001TIKEVM,Yahoo最安 JAN=4933317362140,
2508,B002QI62P6,hobby,4522201000918,造形補修剤 プラリペア(R) パウダー(粉) 100g P-100 黒,4980.0,,3096,3,small,Yahoo,はずれ,False,False,https://www.amazon.co.jp/dp/B002QI62P6,Yahoo最安 JAN=4522201000918,
2509,B0DQ86DZL2,hobby,4985582290024,パペットスンスン ペンポーチ FUWAA! ナチュラル,1070.0,,4260,10,small,楽天,はずれ,False,False,https://www.amazon.co.jp/dp/B0DQ86DZL2,楽天最安 JAN=4985582290024,
2510,B0GP9BGLWY,hobby,4570117933325,リラックマカードウエハース 20個入りBOX (食玩),3760.0,,3101,4,standard_1,Yahoo,はずれ,False,False,https://www.amazon.co.jp/dp/B0GP9BGLWY,Yahoo最安 JAN=4570117933325,
2511,B0DRP897HX,hobby,,MUMAREN ハリポタ杖 セドリックの杖 魔法の杖 コスチューム用小物 小道具 忠実に再現 コスプレ 誕生日プレゼント,1799.0,,8625,2,standard_1,,,False,False,https://www.amazon.co.jp/dp/B0DRP897HX,,
2512,B0GW7GXNWM,hobby,4570117932014,バンダイ(BANDAI) NANA ツインウエハース ウエハース（焼菓子） 食玩 【BOX販売/20個セット】,5300.0,,3103,9,standard_1,Yahoo,原石,True,True,https://www.amazon.co.jp/dp/B0GW7GXNWM,Yahoo最安 JAN=4570117932014,
2513,B0GFJHTYLG,hobby,4570117928680,バンダイ(BANDAI) (仮)学園アイドルマスター カード＆フレーム スティックウエハース ウエハース（焼菓子） 食玩,5016.0,,3112,3,standard_1,Yahoo,はずれ,False,False,https://www.amazon.co.jp/dp/B0GFJHTYLG,Yahoo最安 JAN=4570117928680,
2514,B00IXB9W98,hobby,4972440122573,KAWAGUCHI 簡単糸通し 12-257,1364.0,,3119,4,small,Yahoo,はずれ,False,False,https://www.amazon.co.jp/dp/B00IXB9W98,Yahoo最安 JAN=4972440122573,
2515,B0C78J524M,hobby,,"パーラービーズ アイロン ビーズ ピンセット KAWADA カワダ ((3袋セット), ローズ)",1230.0,,4011,2,standard_1,,,False,False,https://www.amazon.co.jp/dp/B0C78J524M,,
2516,B0C78J3VQ5,hobby,,"パーラービーズ アイロン ビーズ ピンセット KAWADA カワダ ((3袋セット), ラズベリー)",1230.0,,4011,2,standard_1,,,False,False,https://www.amazon.co.jp/dp/B0C78J3VQ5,,
2517,B0C78HJC5C,hobby,,"パーラービーズ アイロン ビーズ ピンセット KAWADA カワダ ((3袋セット), マゼンタ)",1230.0,,4011,2,standard_1,,,False,False,https://www.amazon.co.jp/dp/B0C78HJC5C,,
2518,B0CLDGDTFB,hobby,,"パーラービーズ アイロン ビーズ ピンセット KAWADA カワダ ((3袋セット), クランベリー)",1230.0,,4011,2,standard_1,,,False,False,https://www.amazon.co.jp/dp/B0CLDGDTFB,,
2519,B0FPR469VH,hobby,,UVレジン液 500g 高い透明 レジン液 大容量 硬化速い UV/LED対応 レジン セット 低刺激性 3種類のグリッ,2399.0,,3128,2,standard_1,,,False,False,https://www.amazon.co.jp/dp/B0FPR469VH,,
2520,B0DHZ92YG3,hobby,4550668197544,ドウシシャ 壁掛けできる 背面フェルトの コレクションケース 扉が外せてディスプレイや撮影がしやすい フィギュアケース ,4725.0,,2470,2,large_1,Yahoo,はずれ,False,False,https://www.amazon.co.jp/dp/B0DHZ92YG3,Yahoo最安 JAN=4550668197544,
2521,B0D5YMBDWN,hobby,,DLLM 弾性 ゴム 耐久 ゴム紐 アウトドア用 ゴムロープ 弾性コード コード 紐 手芸 ドローコード 弾力紐 弾力線,1195.0,,2939,2,small,,,False,False,https://www.amazon.co.jp/dp/B0D5YMBDWN,,
2522,B0D5DB5WGB,hobby,,DLLM 弾性 コード 耐久 ゴム紐 ゴムロープ アウトドア用 ゴム 弾力紐 パラコード ストレッチコード 丸ゴム 弾性,1395.0,,2939,2,small,,,False,False,https://www.amazon.co.jp/dp/B0D5DB5WGB,,
2523,B0D5M6X7PY,hobby,,DLLM ゴム紐 耐久 ウインドブレーカー 弾性コード アウトドア ゴム ゴムロープ コード 弾性ゴム 弾力紐 弾力線 ,1295.0,,2939,2,small,,,False,False,https://www.amazon.co.jp/dp/B0D5M6X7PY,,
2524,B0DHZ9SB37,hobby,4550668197537,ドウシシャ 壁掛けできる 背面フェルトの コレクションケース 扉が外せてディスプレイや撮影がしやすい フィギュアケース ,4721.0,,3136,2,large_1,楽天,はずれ,False,False,https://www.amazon.co.jp/dp/B0DHZ9SB37,楽天最安 JAN=4550668197537,
2525,B0DHZ9F8MS,hobby,4550668197575,ドウシシャ スタッキングができる 背面ミラーの コレクションケース 扉が外せてディスプレイや撮影がしやすい フィギュアケ,8521.0,,2470,2,large_2,楽天,はずれ,False,False,https://www.amazon.co.jp/dp/B0DHZ9F8MS,楽天最安 JAN=4550668197575,
2526,B0DHZ9ZPXB,hobby,4550668197551,ドウシシャ スタッキングができる 背面ミラーの コレクションケース 扉が外せてディスプレイや撮影がしやすい フィギュアケ,6623.0,,3136,2,large_2,楽天,はずれ,False,False,https://www.amazon.co.jp/dp/B0DHZ9ZPXB,楽天最安 JAN=4550668197551,
2527,B0DHZB8W47,hobby,4550668197582,ドウシシャ スタッキングができる 背面ミラーの コレクションケース 扉が外せてディスプレイや撮影がしやすい フィギュアケ,8521.0,,3136,2,large_2,Yahoo,はずれ,False,False,https://www.amazon.co.jp/dp/B0DHZB8W47,Yahoo最安 JAN=4550668197582,
2528,B0DHZ9DMX9,hobby,4550668197605,ドウシシャ スタッキングができる 背面ミラーの コレクションケース 扉が外せてディスプレイや撮影がしやすい フィギュアケ,9470.0,,3136,2,large_2,Yahoo,はずれ,False,False,https://www.amazon.co.jp/dp/B0DHZ9DMX9,Yahoo最安 JAN=4550668197605,
2529,B0DHZ91DC1,hobby,4550668197599,ドウシシャ スタッキングができる 背面ミラーの コレクションケース 扉が外せてディスプレイや撮影がしやすい フィギュアケ,9470.0,,3136,2,large_2,楽天,はずれ,False,False,https://www.amazon.co.jp/dp/B0DHZ91DC1,楽天最安 JAN=4550668197599,
2530,B0DHZCQJQB,hobby,4550668197568,ドウシシャ スタッキングができる 背面ミラーの コレクションケース 扉が外せてディスプレイや撮影がしやすい フィギュアケ,6623.0,,2470,2,large_2,Yahoo,はずれ,False,False,https://www.amazon.co.jp/dp/B0DHZCQJQB,Yahoo最安 JAN=4550668197568,
2531,B01LXG6EW4,hobby,4548588612292,日本紐釦貿易(Nippon Chuko) 織物片面接着芯地 しっかりタイプ 90cm×1m 白 SMZ-3W 手芸用品 ,1159.0,,3144,4,standard_1,Yahoo,はずれ,False,False,https://www.amazon.co.jp/dp/B01LXG6EW4,Yahoo最安 JAN=4548588612292,
2532,B01LWSQ9G6,hobby,4548588612308,日本紐釦貿易(Nippon Chuko) 織物片面接着芯地 しっかりタイプ 90cm×1m 黒 SMZ-3B 手芸用品 ,1433.0,,3144,4,standard_1,Yahoo,はずれ,False,False,https://www.amazon.co.jp/dp/B01LWSQ9G6,Yahoo最安 JAN=4548588612308,
2533,B001O31YOI,hobby,4943718203805,ミューズ 水彩紙 ホワイトワトソンブロック F4 300ｇ ホワイト 15枚入り HW-304 F4,1845.0,,3147,6,standard_1,Yahoo,はずれ,False,False,https://www.amazon.co.jp/dp/B001O31YOI,Yahoo最安 JAN=4943718203805,
2534,B07DMWJX65,hobby,0656516749010,【IDECORRIBBONS】横長38mm ポリエステルグログランリボン 縦長22m # 810アイボリー,1022.0,,5226,2,small,Yahoo,はずれ,False,False,https://www.amazon.co.jp/dp/B07DMWJX65,Yahoo最安 JAN=0656516749010,
2535,B07DMTZRQG,hobby,0656516751211,【IDECORRIBBONS】横長38mm ポリエステルグログランリボン 縦長22m # 012アッシュグレー,1022.0,,5226,2,small,Yahoo,はずれ,False,False,https://www.amazon.co.jp/dp/B07DMTZRQG,Yahoo最安 JAN=0656516751211,
2536,B083FFSTW8,hobby,,BENECREAT 全長68m線径1.5mm黒色アルミワイヤー アルミ線 カラフル アクセサリー ジュエリー作り ビーズ,1899.0,,3158,2,standard_1,,,False,False,https://www.amazon.co.jp/dp/B083FFSTW8,,
2537,B0CH2Z5M4V,hobby,0781513674062,[メカニクスウェア] プレシジョン プロ コヨーテ XL HDG-72-011 タクティカル サバゲー 自転車 バイク ,3680.0,,3148,3,standard_1,Yahoo,はずれ,False,False,https://www.amazon.co.jp/dp/B0CH2Z5M4V,Yahoo最安 JAN=0781513674062,
2538,B0DYJCGM89,hobby,4939115201094,オルヌマン アウルスママ キルト芯 ドミット黒タイプ ダークな布用 接着無し 100×100cm MH-14-BKP ハ,1136.0,,3159,3,standard_1,Yahoo,はずれ,False,False,https://www.amazon.co.jp/dp/B0DYJCGM89,Yahoo最安 JAN=4939115201094,
2539,B0GHQM2XRJ,hobby,4570117926877,MINITEEN パッケージチャーム&グミ 12個 BOX 食玩,4000.0,,3162,9,standard_1,楽天,原石,True,True,https://www.amazon.co.jp/dp/B0GHQM2XRJ,楽天最安 JAN=4570117926877,
2540,B086XKFF5C,hobby,0790524632893,Beadsmith 銅製ジュエリーワイヤー。,2080.0,,6743,7,small,,,False,False,https://www.amazon.co.jp/dp/B086XKFF5C,,
2541,B08CL4PC4M,hobby,0790524656684,The Beadsmith ワイヤーエレメント 24ゲージ ラッカー塗装 変色耐性 銅線 ジュエリー製作用 30ヤード ,4276.0,,6743,9,small,,,False,False,https://www.amazon.co.jp/dp/B08CL4PC4M,,
2542,B08CMH7522,hobby,0680392663207,The Beadsmith ワイヤーエレメンツ 28ゲージ ラッカー加工 変色防止 銅線 ジュエリー作り用、40ヤード、,5628.0,,6743,4,small,,,False,False,https://www.amazon.co.jp/dp/B08CMH7522,,
2543,B086XJM5JK,hobby,0680392663221,Beadsmith 銅製ジュエリーワイヤー。,2080.0,,6743,7,small,Yahoo,はずれ,False,False,https://www.amazon.co.jp/dp/B086XJM5JK,Yahoo最安 JAN=0680392663221,
2544,B086XK9ZXG,hobby,0680392662958,クラフトワイヤー ( 22ゲージ 小巻 ) Beadsmith Wire Elements 22ゲージ ラッカー塗装 変,2080.0,,6743,5,small,,,False,False,https://www.amazon.co.jp/dp/B086XK9ZXG,,
2545,B07S3GCRG8,hobby,0790524535071,The Beadsmith ワイヤーエレメンツ 16ゲージ ラッカー加工 変色防止 銅線 ジュエリー作り用、8ヤード、7,5948.0,,6743,7,small,,,False,False,https://www.amazon.co.jp/dp/B07S3GCRG8,,
2546,B086XK4VFH,hobby,0790524634491,クラフトワイヤー ( 20ゲージ 小巻 ) Beadsmith Wire Elements 20ゲージ ラッカー塗装変色,2080.0,,6743,6,small,Yahoo,はずれ,False,False,https://www.amazon.co.jp/dp/B086XK4VFH,Yahoo最安 JAN=0790524634491,
2547,B086XL7YVH,hobby,0680392663061,Beadsmith 銅製ジュエリーワイヤー。,2080.0,,6743,8,small,,,False,False,https://www.amazon.co.jp/dp/B086XL7YVH,,
2548,B0D32GK7P7,hobby,4965492259359,清原(KIYOHARA) モフモフモール ミニチュア動物トイプードルが作れる トイプードルキット WGRY ウーリーグレ,1380.0,,8420,4,small,楽天,はずれ,False,False,https://www.amazon.co.jp/dp/B0D32GK7P7,楽天最安 JAN=4965492259359,
2549,B005KPLS3I,hobby,4943668311407,名村大成堂(Namurataiseidou) 刷毛 B印 絵刷毛 40号,3593.0,,3172,3,standard_1,楽天,はずれ,False,False,https://www.amazon.co.jp/dp/B005KPLS3I,楽天最安 JAN=4943668311407,
2550,B005KPLRYI,hobby,4943668311308,名村大成堂(Namurataiseidou) 刷毛 B印 絵刷毛 30号,2420.0,,3172,3,standard_1,楽天,はずれ,False,False,https://www.amazon.co.jp/dp/B005KPLRYI,楽天最安 JAN=4943668311308,
2551,B06XCDRDJ4,hobby,4977528230201,FUJIX フジックス キングスパン スパン ミシン糸 60番 5000m巻 col.20,1034.0,,2753,2,small,Yahoo,はずれ,False,False,https://www.amazon.co.jp/dp/B06XCDRDJ4,Yahoo最安 JAN=4977528230201,
2552,B005MO64CM,hobby,4977528250766,FUJIX フジックス キングスパン スパン ミシン糸 60番 3000m巻 col.76,1080.0,,2753,2,small,楽天,はずれ,False,False,https://www.amazon.co.jp/dp/B005MO64CM,楽天最安 JAN=4977528250766,
2553,B005MOF2WA,hobby,4977528257031,FUJIX フジックス キングスパン スパン ミシン糸 60番 3000m巻 col.703,1080.0,,2753,2,small,Yahoo,はずれ,False,False,https://www.amazon.co.jp/dp/B005MOF2WA,Yahoo最安 JAN=4977528257031,
2554,B06XCCTJVW,hobby,4977528237279,FUJIX フジックス キングスパン スパン ミシン糸 60番 5000m巻 col.727,1243.0,,2753,2,small,楽天,はずれ,False,False,https://www.amazon.co.jp/dp/B06XCCTJVW,楽天最安 JAN=4977528237279,
2555,B06XBW5SYW,hobby,4977528233578,FUJIX フジックス キングスパン スパン ミシン糸 60番 5000m巻 col.357,1243.0,,2753,2,small,,,False,False,https://www.amazon.co.jp/dp/B06XBW5SYW,,
2556,B005MODZWO,hobby,4977528253316,FUJIX フジックス キングスパン スパン ミシン糸 60番 3000m巻 col.331,1080.0,,2753,2,small,,,False,False,https://www.amazon.co.jp/dp/B005MODZWO,,
2557,B005MODSAS,hobby,4977528253224,FUJIX フジックス キングスパン スパン ミシン糸 60番 3000m巻 col.322,1080.0,,2753,2,small,,,False,False,https://www.amazon.co.jp/dp/B005MODSAS,,
2558,B06XC56DH6,hobby,4977528230041,FUJIX フジックス キングスパン スパン ミシン糸 60番 5000m巻 col.4,1243.0,,2753,2,small,,,False,False,https://www.amazon.co.jp/dp/B06XC56DH6,,
2559,B005MOC764,hobby,4977528252494,FUJIX フジックス キングスパン スパン ミシン糸 60番 3000m巻 col.249,1080.0,,2753,2,small,,,False,False,https://www.amazon.co.jp/dp/B005MOC764,,
2560,B005MOGNKU,hobby,4977528257550,FUJIX フジックス キングスパン スパン ミシン糸 60番 3000m巻 col.755,1080.0,,2753,3,small,Yahoo,はずれ,False,False,https://www.amazon.co.jp/dp/B005MOGNKU,Yahoo最安 JAN=4977528257550,
2561,B005MODK38,hobby,4977528253132,FUJIX フジックス キングスパン スパン ミシン糸 60番 3000m巻 col.313,1012.0,,2753,4,small,Yahoo,はずれ,False,False,https://www.amazon.co.jp/dp/B005MODK38,Yahoo最安 JAN=4977528253132,
2562,B005MOFVYY,hobby,4977528257314,FUJIX フジックス キングスパン スパン ミシン糸 60番 3000m巻 col.731,1080.0,,2753,2,small,,,False,False,https://www.amazon.co.jp/dp/B005MOFVYY,,
2563,B005MOA7FW,hobby,4977528251688,FUJIX フジックス キングスパン スパン ミシン糸 60番 3000m巻 col.168,1080.0,,2753,2,small,,,False,False,https://www.amazon.co.jp/dp/B005MOA7FW,,
2564,B06XCF5HXG,hobby,4977528232014,FUJIX フジックス キングスパン スパン ミシン糸 60番 5000m巻 col.201,1243.0,,2753,3,small,楽天,はずれ,False,False,https://www.amazon.co.jp/dp/B06XCF5HXG,楽天最安 JAN=4977528232014,
2565,B005MOERTO,hobby,4977528253569,FUJIX フジックス キングスパン スパン ミシン糸 60番 3000m巻 col.356,1080.0,,2753,3,small,Yahoo,はずれ,False,False,https://www.amazon.co.jp/dp/B005MOERTO,Yahoo最安 JAN=4977528253569,
2566,B06XC3TRH1,hobby,4977528232397,FUJIX フジックス キングスパン スパン ミシン糸 60番 5000m巻 col.239,1243.0,,2753,3,small,Yahoo,はずれ,False,False,https://www.amazon.co.jp/dp/B06XC3TRH1,Yahoo最安 JAN=4977528232397,
2567,B06XCBQ1RH,hobby,4977528233035,FUJIX フジックス キングスパン スパン ミシン糸 60番 5000m巻 col.303,1243.0,,2753,2,small,,,False,False,https://www.amazon.co.jp/dp/B06XCBQ1RH,,
2568,B06XCF2V2D,hobby,4977528237323,FUJIX フジックス キングスパン スパン ミシン糸 60番 5000m巻 col.732,1260.0,,2753,2,small,,,False,False,https://www.amazon.co.jp/dp/B06XCF2V2D,,
2569,B09MS55FVG,hobby,9328577050985,Mont Marteソフトパステル 48点 ソフトカラーチョーク Soft Pastel 48種類の異なる色、活力に満ち,3199.0,,3107,2,standard_1,Yahoo,はずれ,False,False,https://www.amazon.co.jp/dp/B09MS55FVG,Yahoo最安 JAN=9328577050985,
2570,B01N9W9IGQ,hobby,4909171373905,SAKAEテクニカルペーパー トレーシングペーパー A3 25枚 Sトレーシング STP-A3K-95,2035.0,,3186,3,standard_1,楽天,はずれ,False,False,https://www.amazon.co.jp/dp/B01N9W9IGQ,楽天最安 JAN=4909171373905,
2571,B01NBZ8U51,hobby,4909171373608,SAKAEテクニカルペーパー トレーシングペーパー A3 50枚 Sトレーシング STP-A3K-65,2398.0,,3186,4,standard_1,Yahoo,はずれ,False,False,https://www.amazon.co.jp/dp/B01NBZ8U51,Yahoo最安 JAN=4909171373608,
2572,B01GFRK4RA,hobby,4909171373806,SAKAEテクニカルペーパー トレーシングペーパー A3 50枚 Sトレーシングペーパー STP-A3K-85,2926.0,,3186,4,standard_1,楽天,はずれ,False,False,https://www.amazon.co.jp/dp/B01GFRK4RA,楽天最安 JAN=4909171373806,
2573,B01NBYS24S,hobby,4909171373707,SAKAEテクニカルペーパー トレーシングペーパー A3 50枚 Sトレーシング STP-A3K-75,2695.0,,3186,3,standard_1,楽天,はずれ,False,False,https://www.amazon.co.jp/dp/B01NBYS24S,楽天最安 JAN=4909171373707,
2574,B01GFRK542,hobby,4909171373400,SAKAEテクニカルペーパー トレーシングペーパー A3 50枚 Sトレーシングペーパー STP-A3K-45,1300.0,,3186,10,standard_1,楽天,はずれ,False,False,https://www.amazon.co.jp/dp/B01GFRK542,楽天最安 JAN=4909171373400,
2575,B09CL54JJ9,hobby,4909171313505,SAKAEテクニカルペーパー トレーシングペーパー 貼合せSトレーシング 55g/m2 A3 25枚 HT-A3K-55,2948.0,,3186,3,standard_1,Yahoo,はずれ,False,False,https://www.amazon.co.jp/dp/B09CL54JJ9,Yahoo最安 JAN=4909171313505,
2576,B01MYCU14Y,hobby,4909171373189,SAKAEテクニカルペーパー トレーシングペーパー A3 10枚 Sトレーシング STP-A3K-180,1683.0,,4276,3,standard_1,楽天,はずれ,False,False,https://www.amazon.co.jp/dp/B01MYCU14Y,楽天最安 JAN=4909171373189,
2577,B095X3L65V,hobby,4972825222454,カワダ(Kawada) プラスチック ハート パーラービーズ カラフルMAX! パーフェクトセット 400×300×60,3636.0,,3188,4,standard_2,Yahoo,はずれ,False,False,https://www.amazon.co.jp/dp/B095X3L65V,Yahoo最安 JAN=4972825222454,
2578,B083LGTGMV,hobby,4550080039156,LECIEN (ルシアン) hidamari 刺しゅうキット 刺し子のペアコースター 約10×10cm CSK98951,1416.0,,3191,5,small,Yahoo,はずれ,False,False,https://www.amazon.co.jp/dp/B083LGTGMV,Yahoo最安 JAN=4550080039156,
2579,B083LDZ5N7,hobby,4550080039163,LECIEN (ルシアン) hidamari 刺しゅうキット 刺し子のペアコースター 約10×10cm CSK98952,1382.0,,3191,6,small,Yahoo,はずれ,False,False,https://www.amazon.co.jp/dp/B083LDZ5N7,Yahoo最安 JAN=4550080039163,
2580,B083LNWY9N,hobby,4550080039170,LECIEN (ルシアン) hidamari 刺しゅうキット 刺し子のペアコースター 約10×10cm CSK98953,1416.0,,3191,6,small,Yahoo,はずれ,False,False,https://www.amazon.co.jp/dp/B083LNWY9N,Yahoo最安 JAN=4550080039170,
2581,B0FD2JLTY6,hobby,,uxcell ナイロンコード ナイロン紐 太さ1.5mm 約200m巻 レイクブルー,1297.0,,1448,2,small,,,False,False,https://www.amazon.co.jp/dp/B0FD2JLTY6,,
2582,B08M3CSGD2,hobby,4901881118074,サクラクレパス 絵の具セット メッシュ ブラック ラミチューブ絵の具入り EWZ-R12#49,2708.0,,2081,9,standard_1,Yahoo,はずれ,False,False,https://www.amazon.co.jp/dp/B08M3CSGD2,Yahoo最安 JAN=4901881118074,
2583,B08M3PXLCL,hobby,4901881118111,サクラクレパス 絵の具セット メッシュ パステルミント ラミチューブ絵の具入り EWZ-R12#929,2708.0,,3204,9,standard_1,Yahoo,はずれ,False,False,https://www.amazon.co.jp/dp/B08M3PXLCL,Yahoo最安 JAN=4901881118111,
2584,B0DJNN4FR5,hobby,,[Formemory] セーラー服 コスプレ JK 本格制服 半袖 長袖 シャツ スカート 蝶結び 3点セットコスプレ ,2480.0,,3234,2,standard_1,,,False,False,https://www.amazon.co.jp/dp/B0DJNN4FR5,,
2585,B0DJNLL6FJ,hobby,,[Formemory] セーラー服 コスプレ JK 本格制服 半袖 長袖 シャツ スカート 蝶結び 3点セットコスプレ ,2480.0,,3234,2,standard_1,,,False,False,https://www.amazon.co.jp/dp/B0DJNLL6FJ,,
2586,B0DJNMT15M,hobby,,[Formemory] セーラー服 コスプレ JK 本格制服 コスプレ 仮装 JK 女子高生 制服 ブラック 長袖 半袖,2480.0,,3234,2,standard_1,,,False,False,https://www.amazon.co.jp/dp/B0DJNMT15M,,
2587,B0DJNNZCSC,hobby,,[Formemory] セーラー服 コスプレ JK 本格制服 コスプレ 仮装 JK 女子高生 制服 ブラック 長袖 半袖,2480.0,,3234,2,standard_1,,,False,False,https://www.amazon.co.jp/dp/B0DJNNZCSC,,
2588,B0H5NL78G9,hobby,4950344086979,タミヤ 1/32 フルカウルミニ四駆シリーズ No.40 サイクロンマグナム プレミアム (ARシャーシ) 19440,1303.0,,3212,7,small,Yahoo,はずれ,False,False,https://www.amazon.co.jp/dp/B0H5NL78G9,Yahoo最安 JAN=4950344086979,
2589,B007BVEZSO,hobby,4900669140269,ホルベイン 不透明アクリル絵具 マットタイプ M026 110ml オリーブ 14026,1543.0,,14655,5,small,楽天,はずれ,False,False,https://www.amazon.co.jp/dp/B007BVEZSO,楽天最安 JAN=4900669140269,
2590,B0H93H6HZM,hobby,4570232589773,グッドスマイルカンパニー ナイツ＆マジック MODEROID ゴルドリーオ 組み立て式プラモデル ノンスケール 頭頂高約,7470.0,,3218,8,standard_1,Yahoo,はずれ,False,False,https://www.amazon.co.jp/dp/B0H93H6HZM,Yahoo最安 JAN=4570232589773,
2591,B0FB8866N7,hobby,4573620891991,三八商店 トレカケース 推し活 【 A5 リフィル20枚 160枚収納可能 キラッと光る ラメ入り 透明カバー 】 カー,1480.0,,3222,2,standard_1,楽天,はずれ,False,False,https://www.amazon.co.jp/dp/B0FB8866N7,楽天最安 JAN=4573620891991,
2592,B0F89X8NSP,hobby,4573620891908,三八商店 トレカケース 推し活 【 A5 リフィル10枚 80枚収納可能 キラッと光る ラメ入り 透明カバー 】 カード,1280.0,,3222,2,standard_1,,,False,False,https://www.amazon.co.jp/dp/B0F89X8NSP,,
2593,B0F23JV7H4,hobby,4573620891700,三八商店 トレカケース 推し活 【 A5 リフィル10枚 80枚収納可能 キラッと光る ラメ入り 透明カバー 】 カード,1280.0,,3222,2,standard_1,,,False,False,https://www.amazon.co.jp/dp/B0F23JV7H4,,
2594,B0FJD3T334,hobby,4573620892448,三八商店 トレカケース 推し活 【 A5 リフィル20枚 160枚収納可能 キラッと光る ラメ入り 透明カバー 】 カー,1480.0,,3222,2,standard_1,,,False,False,https://www.amazon.co.jp/dp/B0FJD3T334,,
2595,B0DZFVYQVH,hobby,4573620891540,三八商店 トレカケース 推し活 【 A5 リフィル10枚 80枚収納可能 キラッと光る ラメ入り 透明カバー 】 カード,1280.0,,3222,2,standard_1,,,False,False,https://www.amazon.co.jp/dp/B0DZFVYQVH,,
2596,B0DZGXJSKZ,hobby,4573620891519,三八商店 トレカケース 推し活 【 A5 リフィル10枚 80枚収納可能 キラッと光る ラメ入り 透明カバー 】 カード,1280.0,,3222,2,standard_1,,,False,False,https://www.amazon.co.jp/dp/B0DZGXJSKZ,,
2597,B0DZGT1G7M,hobby,4573620891502,三八商店 トレカケース 推し活 【 A5 リフィル10枚 80枚収納可能 キラッと光る ラメ入り 透明カバー 】 カード,1280.0,,3222,2,small,楽天,はずれ,False,False,https://www.amazon.co.jp/dp/B0DZGT1G7M,楽天最安 JAN=4573620891502,
2598,B0DZG7PSKQ,hobby,4573620891533,三八商店 トレカケース 推し活 【 A5 リフィル10枚 80枚収納可能 キラッと光る ラメ入り 透明カバー 】 カード,1280.0,,3222,2,standard_1,,,False,False,https://www.amazon.co.jp/dp/B0DZG7PSKQ,,
2599,B01J7L2DGQ,hobby,3167860938915,Pebeo 水性アクリルスプレーペイント デコスプレー 200ml グリッター色 NO.891マルチカラーグリッター,1540.0,,12064,8,small,楽天,はずれ,False,False,https://www.amazon.co.jp/dp/B01J7L2DGQ,楽天最安 JAN=3167860938915,
2600,B01J7KZQIY,hobby,3167860937239,Pebeo 水性アクリルスプレーペイント デコスプレー 100ml マット色 NO.723クリスマスグリーン,1079.0,,12064,9,small,楽天,はずれ,False,False,https://www.amazon.co.jp/dp/B01J7KZQIY,楽天最安 JAN=3167860937239,
2601,B0B9SQY77H,hobby,4560320900313,クリアストーン(Clearstone) MENコス コスプレ ハロウィン 黒子 ユニセックス 2L ブラック,4389.0,,3227,2,standard_1,Yahoo,はずれ,False,False,https://www.amazon.co.jp/dp/B0B9SQY77H,Yahoo最安 JAN=4560320900313,
2602,B01J7KZQES,hobby,3167860937260,Pebeo 水性アクリルスプレーペイント デコスプレー 100ml マット色 NO.726チョコレート,1079.0,,12064,9,small,楽天,はずれ,False,False,https://www.amazon.co.jp/dp/B01J7KZQES,楽天最安 JAN=3167860937260,
2603,B01J7L05QG,hobby,3167860938038,Pebeo 水性アクリルスプレーペイント デコスプレー 200ml マット色 NO.803ベージュ,1320.0,,12064,8,small,楽天,はずれ,False,False,https://www.amazon.co.jp/dp/B01J7L05QG,楽天最安 JAN=3167860938038,
2604,B07XPPNSMJ,hobby,4560320889687,クリアストーン(Clearstone) MENコス コスプレ ハロウィン 黒子 黒衣 ユニセックス M ブラック,4255.0,,3227,2,standard_1,Yahoo,はずれ,False,False,https://www.amazon.co.jp/dp/B07XPPNSMJ,Yahoo最安 JAN=4560320889687,
2605,B01J7L0AN4,hobby,3167860938113,Pebeo 水性アクリルスプレーペイント デコスプレー 200ml マット色 NO.811レッド,1509.0,,12064,8,small,楽天,はずれ,False,False,https://www.amazon.co.jp/dp/B01J7L0AN4,楽天最安 JAN=3167860938113,
2606,B01J7L0Y9Y,hobby,3167860938151,Pebeo 水性アクリルスプレーペイント デコスプレー 200ml マット色 NO.815パステルバイオレット,1320.0,,12064,8,small,楽天,はずれ,False,False,https://www.amazon.co.jp/dp/B01J7L0Y9Y,楽天最安 JAN=3167860938151,
2607,B0H32HG5XB,hobby,4573102742759,BANDAI SPIRITS(バンダイ スピリッツ) ポケモンプラモコレクション セレクトシリーズ 黒いメガレックウザ ,3500.0,,2598,6,standard_1,Yahoo,はずれ,False,False,https://www.amazon.co.jp/dp/B0H32HG5XB,Yahoo最安 JAN=4573102742759,
2608,B0BFGLNLMG,hobby,4550080047403,コスモ（COSMO） 刺しゅうキット 季節を彩るフラワーアレンジメント ミモザのリース No.522203,2312.0,,4874,7,small,Yahoo,はずれ,False,False,https://www.amazon.co.jp/dp/B0BFGLNLMG,Yahoo最安 JAN=4550080047403,
2609,B0BFGMRMSZ,hobby,4550080047496,コスモ（COSMO） 刺しゅうキット 季節を彩るフラワーアレンジメント ポインセチアのリース No.522212,2312.0,,3235,8,standard_1,Yahoo,はずれ,False,False,https://www.amazon.co.jp/dp/B0BFGMRMSZ,Yahoo最安 JAN=4550080047496,
2610,B0BFGJVBMM,hobby,4550080047472,コスモ（COSMO） 刺しゅうキット 季節を彩るフラワーアレンジメント 実りのリース No.522210,2094.0,,3235,6,small,Yahoo,はずれ,False,False,https://www.amazon.co.jp/dp/B0BFGJVBMM,Yahoo最安 JAN=4550080047472,
2611,B0BFGHSXZF,hobby,4550080047441,コスモ（COSMO） 刺しゅうキット 季節を彩るフラワーアレンジメント 向日葵と都忘れ No.522207,2312.0,,3235,5,small,Yahoo,はずれ,False,False,https://www.amazon.co.jp/dp/B0BFGHSXZF,Yahoo最安 JAN=4550080047441,
2612,B0BFGM82D4,hobby,4550080047397,コスモ（COSMO）刺しゅうキット 季節を彩るフラワーアレンジメント パンジーとデイジー No.522202,2312.0,,3235,7,small,Yahoo,はずれ,False,False,https://www.amazon.co.jp/dp/B0BFGM82D4,Yahoo最安 JAN=4550080047397,
2613,B0BFGKQ7KJ,hobby,4550080047465,コスモ（COSMO） 刺しゅうキット 季節を彩るフラワーアレンジメント バラのリース No.522209,2300.0,,3235,5,small,Yahoo,はずれ,False,False,https://www.amazon.co.jp/dp/B0BFGKQ7KJ,Yahoo最安 JAN=4550080047465,
2614,B0BFGLRRBD,hobby,4550080047489,コスモ(COSMO) 刺しゅうキット 季節を彩るフラワーアレンジメント マーガレットのブーケ No.522211,2265.0,,3235,7,small,Yahoo,はずれ,False,False,https://www.amazon.co.jp/dp/B0BFGLRRBD,Yahoo最安 JAN=4550080047489,
2615,B0BFGJQL91,hobby,4550080047458,コスモ（COSMO） 刺しゅうキット 季節を彩るフラワーアレンジメント 朝顔と青紅葉 No.522208,2173.0,,3235,7,standard_1,Yahoo,はずれ,False,False,https://www.amazon.co.jp/dp/B0BFGJQL91,Yahoo最安 JAN=4550080047458,
2616,B0BFGND15N,hobby,4550080047410,コスモ(COSMO) 刺しゅうキット 季節を彩るフラワーアレンジメント ラナンキュラスとスイセン No.522204,2289.0,,3235,5,small,Yahoo,はずれ,False,False,https://www.amazon.co.jp/dp/B0BFGND15N,Yahoo最安 JAN=4550080047410,
2617,B0BFGLS7FR,hobby,4550080047427,コスモ（COSMO） 刺しゅうキット 季節を彩るフラワーアレンジメント カーネーションとスズラン No.522205,2312.0,,3235,5,small,Yahoo,はずれ,False,False,https://www.amazon.co.jp/dp/B0BFGLS7FR,Yahoo最安 JAN=4550080047427,
2618,B0BFHWH4MF,hobby,4550080047434,コスモ（COSMO） 刺しゅうキット 季節を彩るフラワーアレンジメント シャクヤクのブーケ No.522206,2317.0,,3235,6,small,Yahoo,はずれ,False,False,https://www.amazon.co.jp/dp/B0BFHWH4MF,Yahoo最安 JAN=4550080047434,
2619,B0BFGLYJRN,hobby,4550080047380,コスモ（COSMO） 刺しゅうキット 季節を彩るフラワーアレンジメント 椿のお正月飾り No.522201,2312.0,,3235,7,small,Yahoo,はずれ,False,False,https://www.amazon.co.jp/dp/B0BFGLYJRN,Yahoo最安 JAN=4550080047380,
2620,B00005BMKX,hobby,0071662003142,クレヨラ (Crayola) ミニボトル絵の具 18色セット 筆付き 水で簡単に落とせる 540125 正規品,1103.0,,3238,5,standard_1,Yahoo,はずれ,False,False,https://www.amazon.co.jp/dp/B00005BMKX,Yahoo最安 JAN=0071662003142,
2621,B0BZHGV1DJ,hobby,4977564710309,プラス はさみ フィットカットカーブ 30度 大型タイプ チタン3D刃 ベタつかない 軽い切れ味 段ボールも切れる ブラ,1445.0,,4308,6,small,Yahoo,はずれ,False,False,https://www.amazon.co.jp/dp/B0BZHGV1DJ,Yahoo最安 JAN=4977564710309,
2622,B0BZHJCY59,hobby,4977564710293,プラス はさみ フィットカットカーブ 30度 大型 3D刃 ベタつかない 段ボールも切れる ブラック SC-210AN ,1309.0,,4308,5,small,Yahoo,はずれ,False,False,https://www.amazon.co.jp/dp/B0BZHJCY59,Yahoo最安 JAN=4977564710293,
2623,B082HHKCD6,hobby,4961411518514,長門屋商店 OA和紙 和み紙【なごみがみ】 B5 大礼和 しろ 250枚 厚漉き ナ-751W,2194.0,,4618,2,standard_1,楽天,はずれ,False,False,https://www.amazon.co.jp/dp/B082HHKCD6,楽天最安 JAN=4961411518514,
2624,B00AB9WLNY,hobby,4961411517715,長門屋商店 OA和紙 和み紙【なごみがみ】 B4 大礼 しろ 100枚 ナ-771V,3184.0,,3249,2,standard_1,楽天,はずれ,False,False,https://www.amazon.co.jp/dp/B00AB9WLNY,楽天最安 JAN=4961411517715,
2625,B008JTYOXS,hobby,4961411517814,長門屋商店 OA和紙 和み紙【なごみがみ】 ナ-781V A3 大礼 しろ 100枚,3400.0,,4618,3,standard_2,Yahoo,はずれ,False,False,https://www.amazon.co.jp/dp/B008JTYOXS,Yahoo最安 JAN=4961411517814,
2626,B08HH92Q1D,hobby,0889698939904,Funko Pop! Keychain ブランド・ニュー・デイ SPIDER-MAN: BRAND NEW DAY スパ,1000.0,,3254,2,small,,,False,False,https://www.amazon.co.jp/dp/B08HH92Q1D,,
2627,B0DB489FNQ,hobby,0194735263578,ホットウィール(Hot Wheels) ワイルド・スピード ランボルギーニ LM002 乗り物おもちゃ ミニカー 3歳か,1721.0,,4888,10,small,Yahoo,あやしい,False,False,https://www.amazon.co.jp/dp/B0DB489FNQ,Yahoo最安 JAN=0194735263578,
2628,B0107N9UL4,hobby,4548588154563,Y.K.K ワイケイケイ 金属ファスナー 20cm 5本 こげ茶 4LFAG20-570,1130.0,,3256,2,small,Yahoo,はずれ,False,False,https://www.amazon.co.jp/dp/B0107N9UL4,Yahoo最安 JAN=4548588154563,
2629,B0107N9MJY,hobby,4548588154716,Y.K.K ワイケイケイ 金属ファスナー 30cm 5本 こげ茶 4LFAG30-570,1208.0,,3256,2,standard_1,楽天,はずれ,False,False,https://www.amazon.co.jp/dp/B0107N9MJY,楽天最安 JAN=4548588154716,
2630,B0107NA11W,hobby,4548588154679,Y.K.K ワイケイケイ 金属ファスナー 30cm 5本 ベージュ 4LFG30-572,1100.0,,3256,2,standard_1,Yahoo,はずれ,False,False,https://www.amazon.co.jp/dp/B0107NA11W,Yahoo最安 JAN=4548588154679,
2631,B0107NAYGE,hobby,4548588154617,Y.K.K ワイケイケイ 金属ファスナー 30cm 5本 こげ茶 4LFN30-570,1350.0,,3256,2,standard_1,Yahoo,はずれ,False,False,https://www.amazon.co.jp/dp/B0107NAYGE,Yahoo最安 JAN=4548588154617,
2632,B0107N9UY6,hobby,4548588154709,Y.K.K ワイケイケイ 金属ファスナー 30cm 5本 紺 4LFAG30-560,1339.0,,3256,2,standard_1,,,False,False,https://www.amazon.co.jp/dp/B0107N9UY6,,
2633,B0107NAFH2,hobby,4548588154495,Y.K.K ワイケイケイ 金属ファスナー 20cm 5本 生成 4LFN20-801,1450.0,,3256,2,small,Yahoo,はずれ,False,False,https://www.amazon.co.jp/dp/B0107NAFH2,Yahoo最安 JAN=4548588154495,
2634,B0107NA0UY,hobby,4548588154747,Y.K.K ワイケイケイ 金属ファスナー 30cm 5本 生成 4LFAG30-801,1208.0,,3256,2,standard_1,,,False,False,https://www.amazon.co.jp/dp/B0107NA0UY,,
2635,B0107N9UIM,hobby,4548588154556,Y.K.K ワイケイケイ 金属ファスナー 20cm 5本 紺 4LFAG20-560,1070.0,,3256,2,small,Yahoo,はずれ,False,False,https://www.amazon.co.jp/dp/B0107N9UIM,Yahoo最安 JAN=4548588154556,
2636,B0107NAXTW,hobby,4548588154624,Y.K.K ワイケイケイ 金属ファスナー 30cm 5本 ベージュ 4LFN30-572,1350.0,,3256,2,standard_1,Yahoo,はずれ,False,False,https://www.amazon.co.jp/dp/B0107NAXTW,Yahoo最安 JAN=4548588154624,
2637,B0107NA45A,hobby,4548588154525,Y.K.K ワイケイケイ 金属ファスナー 20cm 5本 ベージュ 4LFG20-572,1130.0,,3256,2,small,Yahoo,はずれ,False,False,https://www.amazon.co.jp/dp/B0107NA45A,Yahoo最安 JAN=4548588154525,
2638,B0107NAEFK,hobby,4548588154464,Y.K.K ワイケイケイ 金属ファスナー 20cm 5本 こげ茶 4LFN20-570,1450.0,,3256,2,small,Yahoo,はずれ,False,False,https://www.amazon.co.jp/dp/B0107NAEFK,Yahoo最安 JAN=4548588154464,
2639,B0107NAYSC,hobby,4548588154600,Y.K.K ワイケイケイ 金属ファスナー 30cm 5本 紺 4LFN30-560,1208.0,,3256,2,standard_1,Yahoo,はずれ,False,False,https://www.amazon.co.jp/dp/B0107NAYSC,Yahoo最安 JAN=4548588154600,
2640,B0107NAE3M,hobby,4548588154693,Y.K.K ワイケイケイ 金属ファスナー 30cm 5本 生成 4LFG30-801,1100.0,,3256,2,standard_1,Yahoo,はずれ,False,False,https://www.amazon.co.jp/dp/B0107NAE3M,Yahoo最安 JAN=4548588154693,
2641,B0107NA7O8,hobby,4548588154655,Y.K.K ワイケイケイ 金属ファスナー 30cm 5本 紺 4LFG30-560,1100.0,,3256,2,standard_1,Yahoo,はずれ,False,False,https://www.amazon.co.jp/dp/B0107NA7O8,Yahoo最安 JAN=4548588154655,
2642,B0107NB2J2,hobby,4548588154488,Y.K.K ワイケイケイ 金属ファスナー 20cm 5本 黒 4LFN20-580,1450.0,,3256,2,small,Yahoo,はずれ,False,False,https://www.amazon.co.jp/dp/B0107NB2J2,Yahoo最安 JAN=4548588154488,
2643,B0107NB92C,hobby,4548588154648,Y.K.K ワイケイケイ 金属ファスナー 30cm 5本 生成 4LFN30-801,1105.0,,3256,3,standard_1,Yahoo,はずれ,False,False,https://www.amazon.co.jp/dp/B0107NB92C,Yahoo最安 JAN=4548588154648,
2644,B0BGNK3P24,hobby,4573102650955,BANDAI SPIRITS(バンダイ スピリッツ) ポケモンプラモコレクション クイック!! 13 フシギダネ 色分け,1704.0,,1525,3,standard_1,Yahoo,あやしい,False,False,https://www.amazon.co.jp/dp/B0BGNK3P24,Yahoo最安 JAN=4573102650955,
2645,B0D5XCN1VC,hobby,4573102674579,BANDAI SPIRITS(バンダイスピリッツ) ポケモンプラモコレクション クイック 18+19+20 ニャオハ&ク,2145.0,,1525,6,standard_1,Yahoo,はずれ,False,False,https://www.amazon.co.jp/dp/B0D5XCN1VC,Yahoo最安 JAN=4573102674579,
2646,B07QKTK2XT,hobby,4993453930689,ターナー色彩(Turner Color) ステッチカラー ぎん HS02024 20ml,1164.0,,3397,4,small,Yahoo,はずれ,False,False,https://www.amazon.co.jp/dp/B07QKTK2XT,Yahoo最安 JAN=4993453930689,
2647,B005MOCVAQ,hobby,4977528252883,FUJIX フジックス キングスパン スパン ミシン糸 60番 3000m巻 col.288,1012.0,,2753,3,small,Yahoo,はずれ,False,False,https://www.amazon.co.jp/dp/B005MOCVAQ,Yahoo最安 JAN=4977528252883,
2648,B06XCC8CGT,hobby,4977528231062,FUJIX フジックス キングスパン スパン ミシン糸 60番 5000m巻 col.106,1243.0,,2753,2,small,,,False,False,https://www.amazon.co.jp/dp/B06XCC8CGT,,
2649,B06XCH36M5,hobby,4977528230164,FUJIX フジックス キングスパン スパン ミシン糸 60番 5000m巻 col.16,1376.0,,2753,2,small,楽天,はずれ,False,False,https://www.amazon.co.jp/dp/B06XCH36M5,楽天最安 JAN=4977528230164,
2650,B005MO5BBC,hobby,4977528250551,FUJIX フジックス キングスパン スパン ミシン糸 60番 3000m巻 col.55,1080.0,,2753,4,small,楽天,はずれ,False,False,https://www.amazon.co.jp/dp/B005MO5BBC,楽天最安 JAN=4977528250551,
2651,B06XCB9GB2,hobby,4977528231031,FUJIX フジックス キングスパン スパン ミシン糸 60番 5000m巻 col.103,1190.0,,2753,3,small,Yahoo,はずれ,False,False,https://www.amazon.co.jp/dp/B06XCB9GB2,Yahoo最安 JAN=4977528231031,
2652,B005MOB6E8,hobby,4977528252067,FUJIX フジックス キングスパン スパン ミシン糸 60番 3000m巻 col.206,1080.0,,2753,4,small,Yahoo,はずれ,False,False,https://www.amazon.co.jp/dp/B005MOB6E8,Yahoo最安 JAN=4977528252067,
2653,B005MOAEY6,hobby,4977528251763,FUJIX フジックス キングスパン スパン ミシン糸 60番 3000m巻 col.176,1190.0,,2753,2,small,,,False,False,https://www.amazon.co.jp/dp/B005MOAEY6,,
2654,B005MOFVD0,hobby,4977528257307,FUJIX フジックス キングスパン スパン ミシン糸 60番 3000m巻 col.730,1080.0,,2753,2,small,,,False,False,https://www.amazon.co.jp/dp/B005MOFVD0,,
2655,B005MODTW0,hobby,4977528253248,FUJIX フジックス キングスパン スパン ミシン糸 60番 3000m巻 col.324,1012.0,,2753,3,small,Yahoo,はずれ,False,False,https://www.amazon.co.jp/dp/B005MODTW0,Yahoo最安 JAN=4977528253248,
2656,B06XCCF9PD,hobby,4977528231789,FUJIX フジックス キングスパン スパン ミシン糸 60番 5000m巻 col.178,1260.0,,2753,2,small,楽天,はずれ,False,False,https://www.amazon.co.jp/dp/B06XCCF9PD,楽天最安 JAN=4977528231789,
2657,B005MOEBK4,hobby,4977528253422,FUJIX フジックス キングスパン スパン ミシン糸 60番 3000m巻 col.342,1080.0,,2753,3,small,Yahoo,はずれ,False,False,https://www.amazon.co.jp/dp/B005MOEBK4,Yahoo最安 JAN=4977528253422,
2658,B06XC57RVN,hobby,4977528231765,FUJIX フジックス キングスパン スパン ミシン糸 60番 5000m巻 col.176,1243.0,,2753,2,small,楽天,はずれ,False,False,https://www.amazon.co.jp/dp/B06XC57RVN,楽天最安 JAN=4977528231765,
2659,B06XCD9T5R,hobby,4977528230010,FUJIX フジックス キングスパン スパン ミシン糸 60番 5000m巻 col.1,1190.0,,2753,2,small,Yahoo,はずれ,False,False,https://www.amazon.co.jp/dp/B06XCD9T5R,Yahoo最安 JAN=4977528230010,
2660,B005MOEF82,hobby,4977528253453,FUJIX フジックス キングスパン スパン ミシン糸 60番 3000m巻 col.345,1080.0,,2753,3,small,Yahoo,はずれ,False,False,https://www.amazon.co.jp/dp/B005MOEF82,Yahoo最安 JAN=4977528253453,
2661,B005MOGHOC,hobby,4977528257505,FUJIX フジックス キングスパン スパン ミシン糸 60番 3000m巻 col.750,1080.0,,2753,2,small,,,False,False,https://www.amazon.co.jp/dp/B005MOGHOC,,
2662,B005MOC430,hobby,4977528252456,FUJIX フジックス キングスパン スパン ミシン糸 60番 3000m巻 col.245,1080.0,,2753,2,small,,,False,False,https://www.amazon.co.jp/dp/B005MOC430,,
2663,B005MOBWAG,hobby,4977528252340,FUJIX フジックス キングスパン スパン ミシン糸 60番 3000m巻 col.234,1080.0,,2753,2,small,,,False,False,https://www.amazon.co.jp/dp/B005MOBWAG,,
2664,B005MOBBPW,hobby,4977528252111,FUJIX フジックス キングスパン スパン ミシン糸 60番 3000m巻 col.211,1080.0,,2753,2,small,楽天,はずれ,False,False,https://www.amazon.co.jp/dp/B005MOBBPW,楽天最安 JAN=4977528252111,
2665,B005MODYAW,hobby,4977528253293,FUJIX フジックス キングスパン スパン ミシン糸 60番 3000m巻 col.329,1080.0,,2753,2,small,,,False,False,https://www.amazon.co.jp/dp/B005MODYAW,,
2666,B06XCCHCWG,hobby,4977528239990,FUJIX フジックス キングスパン スパン ミシン糸 60番 5000m巻 col.403 生成,1220.0,,2753,4,small,Yahoo,はずれ,False,False,https://www.amazon.co.jp/dp/B06XCCHCWG,Yahoo最安 JAN=4977528239990,
2667,B005MOB756,hobby,4977528252074,FUJIX フジックス キングスパン スパン ミシン糸 60番 3000m巻 col.207,1080.0,,2753,2,small,Yahoo,はずれ,False,False,https://www.amazon.co.jp/dp/B005MOB756,Yahoo最安 JAN=4977528252074,
2668,B005MOBTIQ,hobby,4977528252319,FUJIX フジックス キングスパン スパン ミシン糸 60番 3000m巻 col.231,1029.0,,2753,3,small,Yahoo,はずれ,False,False,https://www.amazon.co.jp/dp/B005MOBTIQ,Yahoo最安 JAN=4977528252319,
2669,B06XCB9CRH,hobby,4977528230973,FUJIX フジックス キングスパン スパン ミシン糸 60番 5000m巻 col.97,1243.0,,2753,3,small,楽天,はずれ,False,False,https://www.amazon.co.jp/dp/B06XCB9CRH,楽天最安 JAN=4977528230973,
2670,B06XC68JVG,hobby,4977528230997,FUJIX フジックス キングスパン スパン ミシン糸 60番 5000m巻 col.99,1243.0,,2753,2,small,楽天,はずれ,False,False,https://www.amazon.co.jp/dp/B06XC68JVG,楽天最安 JAN=4977528230997,
2671,B005MOEMZ8,hobby,4977528253514,FUJIX フジックス キングスパン スパン ミシン糸 60番 3000m巻 col.351,1080.0,,2753,2,small,,,False,False,https://www.amazon.co.jp/dp/B005MOEMZ8,,
2672,B005MOD55Q,hobby,4977528252982,FUJIX フジックス キングスパン スパン ミシン糸 60番 3000m巻 col.298,1080.0,,2753,2,small,Yahoo,はずれ,False,False,https://www.amazon.co.jp/dp/B005MOD55Q,Yahoo最安 JAN=4977528252982,
2673,B005MO60LW,hobby,4977528250742,FUJIX フジックス キングスパン スパン ミシン糸 60番 3000m巻 col.74,1012.0,,2753,3,small,Yahoo,はずれ,False,False,https://www.amazon.co.jp/dp/B005MO60LW,Yahoo最安 JAN=4977528250742,
2674,B005MO9IXY,hobby,4977528251480,フジックス(Fujix) Fujix フジックス ミシン糸 『キングスパン ロックミシン糸 #60 3000m 148番,1080.0,,2753,3,small,Yahoo,はずれ,False,False,https://www.amazon.co.jp/dp/B005MO9IXY,Yahoo最安 JAN=4977528251480,
2675,B06XC3TQ5X,hobby,4977528230119,FUJIX フジックス キングスパン スパン ミシン糸 60番 5000m巻 col.11,1190.0,,2753,3,small,Yahoo,はずれ,False,False,https://www.amazon.co.jp/dp/B06XC3TQ5X,Yahoo最安 JAN=4977528230119,
2676,B005MOEOEM,hobby,4977528253521,FUJIX フジックス キングスパン スパン ミシン糸 60番 3000m巻 col.352,1012.0,,2753,4,small,Yahoo,はずれ,False,False,https://www.amazon.co.jp/dp/B005MOEOEM,Yahoo最安 JAN=4977528253521,
2677,B06XCD82F4,hobby,4977528230416,FUJIX フジックス キングスパン スパン ミシン糸 60番 5000m巻 col.41,1260.0,,2753,2,small,楽天,はずれ,False,False,https://www.amazon.co.jp/dp/B06XCD82F4,楽天最安 JAN=4977528230416,
2678,B005MOBMUG,hobby,4977528252234,FUJIX フジックス キングスパン スパン ミシン糸 60番 3000m巻 col.223,1080.0,,2753,3,small,Yahoo,はずれ,False,False,https://www.amazon.co.jp/dp/B005MOBMUG,Yahoo最安 JAN=4977528252234,
2679,B005MOEW26,hobby,4977528253590,FUJIX フジックス キングスパン スパン ミシン糸 60番 3000m巻 col.359,1080.0,,2753,3,small,Yahoo,はずれ,False,False,https://www.amazon.co.jp/dp/B005MOEW26,Yahoo最安 JAN=4977528253590,
2680,B06XCFKN7W,hobby,4977528237408,FUJIX フジックス キングスパン スパン ミシン糸 60番 5000m巻 col.740,1243.0,,2753,2,small,,,False,False,https://www.amazon.co.jp/dp/B06XCFKN7W,,
2681,B005MOAO0U,hobby,4977528251886,FUJIX フジックス キングスパン スパン ミシン糸 60番 3000m巻 col.188,1080.0,,2753,2,small,楽天,はずれ,False,False,https://www.amazon.co.jp/dp/B005MOAO0U,楽天最安 JAN=4977528251886,
2682,B005MOCTOO,hobby,4977528252838,FUJIX フジックス キングスパン スパン ミシン糸 60番 3000m巻 col.283,1080.0,,2753,3,small,楽天,はずれ,False,False,https://www.amazon.co.jp/dp/B005MOCTOO,楽天最安 JAN=4977528252838,
2683,B005MO7R8W,hobby,4977528251039,FUJIX フジックス キングスパン スパン ミシン糸 60番 3000m巻 col.103,1080.0,,2753,2,small,Yahoo,はずれ,False,False,https://www.amazon.co.jp/dp/B005MO7R8W,Yahoo最安 JAN=4977528251039,
2684,B06XC9CYQN,hobby,4977528232069,FUJIX フジックス キングスパン スパン ミシン糸 60番 5000m巻 col.206,1260.0,,2753,2,small,,,False,False,https://www.amazon.co.jp/dp/B06XC9CYQN,,
2685,B06XBXDCWG,hobby,4977528230805,FUJIX フジックス キングスパン スパン ミシン糸 60番 5000m巻 col.80,1243.0,,2753,3,small,Yahoo,はずれ,False,False,https://www.amazon.co.jp/dp/B06XBXDCWG,Yahoo最安 JAN=4977528230805,
2686,B06XBXDF1D,hobby,4977528231154,FUJIX フジックス キングスパン スパン ミシン糸 60番 5000m巻 col.115,1190.0,,2753,3,small,Yahoo,はずれ,False,False,https://www.amazon.co.jp/dp/B06XBXDF1D,Yahoo最安 JAN=4977528231154,
2687,B005MOB9EU,hobby,4977528252098,FUJIX フジックス キングスパン スパン ミシン糸 60番 3000m巻 col.209,1080.0,,2753,3,small,楽天,はずれ,False,False,https://www.amazon.co.jp/dp/B005MOB9EU,楽天最安 JAN=4977528252098,
2688,B005MOD1OQ,hobby,4977528252951,FUJIX フジックス キングスパン スパン ミシン糸 60番 3000m巻 col.295,1080.0,,2753,2,standard_1,,,False,False,https://www.amazon.co.jp/dp/B005MOD1OQ,,
2689,B06XCCRDX8,hobby,4977528237125,FUJIX フジックス キングスパン スパン ミシン糸 60番 5000m巻 col.712,1131.0,,2753,4,small,楽天,はずれ,False,False,https://www.amazon.co.jp/dp/B06XCCRDX8,楽天最安 JAN=4977528237125,
2690,B0CPL718ZX,hobby,4950344079223,タミヤ クラフトツールシリーズ No.117 ピンセットベンダー (エッチングパーツ用) プラモデル用工具 74117,1882.0,,3282,10,small,Yahoo,はずれ,False,False,https://www.amazon.co.jp/dp/B0CPL718ZX,Yahoo最安 JAN=4950344079223,
2691,B0FB8JXNF6,hobby,4573620892004,三八商店 トレカケース 推し活 【 A5 リフィル20枚 160枚収納可能 キラッと光る ラメ入り 透明カバー 】 カー,1480.0,,3222,2,standard_1,,,False,False,https://www.amazon.co.jp/dp/B0FB8JXNF6,,
2692,B0155UZJD2,hobby,4902506326188,ぺんてる 絵の具 ゆびえのぐ あか WHGT11,1791.0,,4344,9,standard_1,Yahoo,はずれ,False,False,https://www.amazon.co.jp/dp/B0155UZJD2,Yahoo最安 JAN=4902506326188,
2693,B0CFX2D251,hobby,,LEADINTOP ダイヤモンドアート 福袋 20枚 キット ダイヤモンドペインティング ビーズアート,2895.0,,4127,2,large_1,,,False,False,https://www.amazon.co.jp/dp/B0CFX2D251,,
2694,B0FJDD376N,hobby,4573620892455,三八商店 トレカケース 推し活 【 A5 リフィル20枚 160枚収納可能 キラッと光る ラメ入り 透明カバー 】 カー,1480.0,,3222,2,standard_1,,,False,False,https://www.amazon.co.jp/dp/B0FJDD376N,,
2695,B07NQM85NM,hobby,4589884734165,【サージカルステンレス 316】 ピアスフック シルバー タイプB 100個 ステンレス パーツ 金属アレルギー対策 ア,1299.0,,3292,2,small,,,False,False,https://www.amazon.co.jp/dp/B07NQM85NM,,
2696,B07J4P63JX,hobby,4900052046307,さかつう 真鍮パイプ 外径0.7mm 内径0.5mm 素材 ノンスケール 4630,1080.0,,1980,2,small,Yahoo,はずれ,False,False,https://www.amazon.co.jp/dp/B07J4P63JX,Yahoo最安 JAN=4900052046307,
2697,B07J5DZTCL,hobby,4900052046314,さかつう 真鍮パイプ 外径0.8mm 内径0.6mm 素材 ノンスケール 4631,1067.0,,1980,2,small,Yahoo,はずれ,False,False,https://www.amazon.co.jp/dp/B07J5DZTCL,Yahoo最安 JAN=4900052046314,
2698,B07J6BMZT4,hobby,4900052046321,さかつう 真鍮パイプ 外径0.9mm 内径0.7mm 素材 ノンスケール 4632,1080.0,,1980,3,small,Yahoo,はずれ,False,False,https://www.amazon.co.jp/dp/B07J6BMZT4,Yahoo最安 JAN=4900052046321,
2699,B07J5F7K6F,hobby,4900052046338,さかつう 真鍮パイプ 外径1.0mm 内径0.8mm 素材 ノンスケール 4633,1080.0,,1980,4,small,Yahoo,はずれ,False,False,https://www.amazon.co.jp/dp/B07J5F7K6F,Yahoo最安 JAN=4900052046338,
2700,B07J5XFTZM,hobby,4900052046345,さかつう 真鍮パイプ 外径1.2mm 内径1.0mm 素材 ノンスケール 4634,1080.0,,1980,2,small,Yahoo,はずれ,False,False,https://www.amazon.co.jp/dp/B07J5XFTZM,Yahoo最安 JAN=4900052046345,
2701,B07J5F1M9X,hobby,4900052046291,さかつう 真鍮パイプ 外径0.6mm 内径0.4mm 素材 ノンスケール 4629,1100.0,,1980,2,small,Yahoo,はずれ,False,False,https://www.amazon.co.jp/dp/B07J5F1M9X,Yahoo最安 JAN=4900052046291,
2702,B07J5N74R2,hobby,4900052046284,さかつう 真鍮パイプ 外径0.5mm 内径0.3mm 素材 ノンスケール 4628,1100.0,,1980,2,small,Yahoo,はずれ,False,False,https://www.amazon.co.jp/dp/B07J5N74R2,Yahoo最安 JAN=4900052046284,
2703,B07J5F7DKM,hobby,4900052046277,さかつう 真鍮パイプ 外径0.4mm 内径0.2mm 素材 ノンスケール 4627,1127.0,,1980,4,small,Yahoo,はずれ,False,False,https://www.amazon.co.jp/dp/B07J5F7DKM,Yahoo最安 JAN=4900052046277,
2704,B01FJUUPHS,hobby,,RMR タイプ コンパクトドットサイト グロック用マウント付き ブラック,3368.0,,3299,4,small,,,False,False,https://www.amazon.co.jp/dp/B01FJUUPHS,,
2705,B005MOGC24,hobby,4977528257451,FUJIX フジックス キングスパン スパン ミシン糸 60番 3000m巻 col.745,1080.0,,2753,2,small,,,False,False,https://www.amazon.co.jp/dp/B005MOGC24,,
2706,B07WT2MXM9,hobby,,BENECREAT 全長68m線径1.5mm銀色アルミワイヤー アルミ線 カラフル アクセサリー ビーズ手芸 アーティス,1946.0,,3158,2,standard_1,,,False,False,https://www.amazon.co.jp/dp/B07WT2MXM9,,
2707,B0789ZVKB6,hobby,,BENECREAT カラーアルミワイヤー アルミ線 アーティスティックワイヤー 直径2mm全長約30m クラフト ビーズ,1599.0,,3158,2,small,,,False,False,https://www.amazon.co.jp/dp/B0789ZVKB6,,
2708,B082F6Y9P9,hobby,,BENECREAT 全長24.5m線径2.5mmシルバーアルミワイヤー アルミ線 カラフル 手工芸 アーティスティック ,1839.0,,3158,2,standard_1,,,False,False,https://www.amazon.co.jp/dp/B082F6Y9P9,,
2709,B07W5ZT8DL,hobby,,BENECREAT 全長30m線径2mm黒色アルミワイヤー アルミ線 カラフル アクセサリー ビーズ手芸 アーティスティ,1699.0,,3158,2,standard_1,,,False,False,https://www.amazon.co.jp/dp/B07W5ZT8DL,,
2710,B083FFVHM5,hobby,,BENECREAT 全長68m線径1.5mmブラウンアルミワイヤー アルミ線 カラフル アクセサリー ジュエリー作り ビ,1899.0,,3158,2,standard_1,,,False,False,https://www.amazon.co.jp/dp/B083FFVHM5,,
2711,B08HHBYRQC,hobby,,BENECREAT 全長68m線径1.5mmダークグレーアルミワイヤー アルミ線 カラフル アクセサリー ジュエリー作り,1814.0,,3158,2,standard_1,,,False,False,https://www.amazon.co.jp/dp/B08HHBYRQC,,
2712,B082F73GGW,hobby,,BENECREAT 全長24.5m線径2.5mm黄色アルミワイヤー アルミ線 カラフル 園芸 置物作り 花屋装飾 手工芸,1859.0,,3158,2,standard_1,,,False,False,https://www.amazon.co.jp/dp/B082F73GGW,,
2713,B083FFKL38,hobby,,BENECREAT 全長235m線径0.8mmブラウンアルミワイヤー アルミ線 カラフル アクセサリー ジュエリー作り ,1881.0,,3158,2,standard_1,,,False,False,https://www.amazon.co.jp/dp/B083FFKL38,,
2714,B082F76R32,hobby,,BENECREAT 全長17m線径3mm黒色アルミワイヤー アルミ線 カラフル アクセサリー 装飾品 手工芸 園芸 置物,1977.0,,3158,2,standard_1,,,False,False,https://www.amazon.co.jp/dp/B082F76R32,,
2715,B078BFLT9T,hobby,,BENECREAT カラーアルミワイヤー アルミ線 アーティスティックワイヤー 直径1mm全長約150m クラフト ビー,1805.0,,3158,2,standard_1,,,False,False,https://www.amazon.co.jp/dp/B078BFLT9T,,
2716,B07W5ZSP5C,hobby,,BENECREAT 全長30m線径2mmブラウンアルミワイヤー アルミ線 カラフル アクセサリー ビーズ手芸 アーティス,1670.0,,3158,2,standard_1,,,False,False,https://www.amazon.co.jp/dp/B07W5ZSP5C,,
2717,B078B5M4G5,hobby,,BENECREAT 全長150m線径1mm アルミワイヤー シルバー アルミ線 アーティスティックワイヤー クラフト 手,1899.0,,3158,2,standard_1,,,False,False,https://www.amazon.co.jp/dp/B078B5M4G5,,
2718,B08HHBL4MP,hobby,,BENECREAT 全長17m線径3mmブラウンアルミワイヤー アルミ線 カラフル アクセサリー ジュエリー作り ビーズ,1899.0,,3158,2,standard_1,,,False,False,https://www.amazon.co.jp/dp/B08HHBL4MP,,
2719,B078BFLP2D,hobby,,BENECREAT カラーアルミワイヤー アルミ線 アーティスティックワイヤー 直径2mm全長約30m クラフト ビーズ,1769.0,,3158,2,standard_1,,,False,False,https://www.amazon.co.jp/dp/B078BFLP2D,,
2720,B082F78JM3,hobby,,BENECREAT 全長17m線径3mmシルバーアルミワイヤー アルミ線 カラフル アクセサリー 装飾品 手工芸 園芸 ,1799.0,,3158,2,standard_1,,,False,False,https://www.amazon.co.jp/dp/B082F78JM3,,
2721,B0B68VY4HW,hobby,,縫わない 洋服デザインキット トルソー5個 手芸キット 手作りキット裁縫セット 女の子 小学生 誕生日 プレゼント 夏休,3231.0,,3320,2,standard_1,,,False,False,https://www.amazon.co.jp/dp/B0B68VY4HW,,
2722,B0GZGLPDVM,hobby,,【 未開封パック 確定 】 ALPHAのオリパ ロット1 [5連オリパ],2980.0,,3009,2,small,,,False,False,https://www.amazon.co.jp/dp/B0GZGLPDVM,,
2723,B09C8LY9XS,hobby,4550123154730,フジックス シャッペスパンミシン糸 60番 700m 3個セット 生成 Col.403 F55-3S,1980.0,,3828,2,small,楽天,はずれ,False,False,https://www.amazon.co.jp/dp/B09C8LY9XS,楽天最安 JAN=4550123154730,
2724,B0DV98FGC8,hobby,4977528569844,FUJIX フジックス ミシン糸 シャッペスパン 60番 200m巻 パステル 6色セット 1122300-Z6 ハンド,1620.0,,3828,2,small,Yahoo,はずれ,False,False,https://www.amazon.co.jp/dp/B0DV98FGC8,Yahoo最安 JAN=4977528569844,
2725,B0DV99QBZG,hobby,4977528569837,FUJIX フジックス ミシン糸 シャッペスパン 60番 200m巻 基本色 6色セット 1122300-Z5 ハンドメ,1620.0,,3340,2,small,楽天,はずれ,False,False,https://www.amazon.co.jp/dp/B0DV99QBZG,楽天最安 JAN=4977528569837,
2726,B09C8KMQ9C,hobby,4550123154747,フジックス シャッペスパンミシン糸 60番 700m 3個セット Col.97 F55-3S,1624.0,,3828,3,small,Yahoo,はずれ,False,False,https://www.amazon.co.jp/dp/B09C8KMQ9C,Yahoo最安 JAN=4550123154747,
2727,B0FDWNHFVM,hobby,4977528569820,FUJIX フジックス ミシン糸 シャッペスパン 60番 200m巻 蛍光色 6色セット 1122300-Z28 ハンド,1700.0,,3340,2,small,楽天,はずれ,False,False,https://www.amazon.co.jp/dp/B0FDWNHFVM,楽天最安 JAN=4977528569820,
2728,B09C8KPGM8,hobby,4550123154723,フジックス シャッペスパンミシン糸 60番 700m 3個セット 黒 Col.402 F55-3S,2000.0,,3828,2,small,楽天,はずれ,False,False,https://www.amazon.co.jp/dp/B09C8KPGM8,楽天最安 JAN=4550123154723,
2729,B09C8MHR35,hobby,4550123154716,フジックス シャッペスパンミシン糸 60番 700m 3個セット 白 Col.401 F55-3S,2030.0,,3828,3,small,楽天,はずれ,False,False,https://www.amazon.co.jp/dp/B09C8MHR35,楽天最安 JAN=4550123154716,
2730,B09C8KMGWH,hobby,4550123154754,フジックス シャッペスパンミシン糸 60番 700m 3個セット Col.108 F55-3S,1891.0,,3828,3,small,Yahoo,はずれ,False,False,https://www.amazon.co.jp/dp/B09C8KMGWH,Yahoo最安 JAN=4550123154754,
2731,B0D5QY9MWB,hobby,4973028929492,GSIクレオス アクリジョン スターターセット 模型用塗料 NS30,1273.0,,3349,7,standard_1,Yahoo,はずれ,False,False,https://www.amazon.co.jp/dp/B0D5QY9MWB,Yahoo最安 JAN=4973028929492,
2732,B0D1RH7LB3,hobby,4589822560214,【25色×11サイズ】大容量ラインストーンセット ガラス製 CRYSTAL DIAMOND ネイル・レジン・衣装・クラフ,2480.0,,4413,2,small,,,False,False,https://www.amazon.co.jp/dp/B0D1RH7LB3,,
2733,B0D1RGNZ1K,hobby,4589822559454,【25色×11サイズ】大容量ラインストーンセット ガラス製 CRYSTAL DIAMOND ネイル・レジン・衣装・クラフ,1280.0,,4413,2,small,,,False,False,https://www.amazon.co.jp/dp/B0D1RGNZ1K,,
2734,B0D1RHSM1H,hobby,4589822560450,【25色×11サイズ】大容量ラインストーンセット ガラス製 CRYSTAL DIAMOND ネイル・レジン・衣装・クラフ,1890.0,,4413,2,small,,,False,False,https://www.amazon.co.jp/dp/B0D1RHSM1H,,
2735,B0D1RK6KKV,hobby,4589822559935,【25色×11サイズ】大容量ラインストーンセット ガラス製 CRYSTAL DIAMOND ネイル・レジン・衣装・クラフ,1680.0,,4413,3,small,,,False,False,https://www.amazon.co.jp/dp/B0D1RK6KKV,,
2736,B0D1RJGCTM,hobby,4589822560436,【25色×11サイズ】大容量ラインストーンセット ガラス製 CRYSTAL DIAMOND ネイル・レジン・衣装・クラフ,1890.0,,4413,2,small,,,False,False,https://www.amazon.co.jp/dp/B0D1RJGCTM,,
2737,B0D1RKTPYJ,hobby,4589822559461,【25色×11サイズ】大容量ラインストーンセット ガラス製 CRYSTAL DIAMOND ネイル・レジン・衣装・クラフ,1400.0,,4413,2,small,,,False,False,https://www.amazon.co.jp/dp/B0D1RKTPYJ,,
2738,B0D1RKZKJ6,hobby,4589822559447,【25色×11サイズ】大容量ラインストーンセット ガラス製 CRYSTAL DIAMOND ネイル・レジン・衣装・クラフ,1280.0,,4413,2,small,,,False,False,https://www.amazon.co.jp/dp/B0D1RKZKJ6,,
2739,B0D1RHSM1J,hobby,4589822560122,【25色×11サイズ】大容量ラインストーンセット ガラス製 CRYSTAL DIAMOND ネイル・レジン・衣装・クラフ,1280.0,,4413,2,small,,,False,False,https://www.amazon.co.jp/dp/B0D1RHSM1J,,
2740,B0D1RG9Y17,hobby,4589822560177,【25色×11サイズ】大容量ラインストーンセット ガラス製 CRYSTAL DIAMOND ネイル・レジン・衣装・クラフ,1540.0,,4413,2,standard_1,,,False,False,https://www.amazon.co.jp/dp/B0D1RG9Y17,,
2741,B002HVR5W6,hobby,4938331207316,ホルベイン 水彩画筆 ブラックリセーブル SQ 1号 204151,2345.0,,3353,8,small,Yahoo,はずれ,False,False,https://www.amazon.co.jp/dp/B002HVR5W6,Yahoo最安 JAN=4938331207316,
2742,B002HVX9BM,hobby,4938331207330,ホルベイン 水彩画筆 ブラックリセーブル SQ 3号 204153,3627.0,,3353,7,small,Yahoo,はずれ,False,False,https://www.amazon.co.jp/dp/B002HVX9BM,Yahoo最安 JAN=4938331207330,
2743,B07ZQ12W8T,hobby,5712449913463,OTAKU フィギュアケース アクリルケース ディスプレイケース UVカット コレクションケース 人形ケース 台座黒 3,2679.0,,3356,2,standard_1,,,False,False,https://www.amazon.co.jp/dp/B07ZQ12W8T,,
2744,B091BVMB4X,hobby,4580700800019,楽Meister 張りキャンバス 5枚セット 円 丸型 綿100％ アクリル 水彩 油絵 絵画ボード (直径20cm),1180.0,,4477,5,standard_1,Yahoo,はずれ,False,False,https://www.amazon.co.jp/dp/B091BVMB4X,Yahoo最安 JAN=4580700800019,
2745,B0C1G9NWNV,hobby,4964696335784,元廣 SKI YARN (スキー毛糸) リュージュ プリントコットン 合太 COL. 208 ブルーグレーミックス 系 ,1078.0,,3368,2,standard_1,楽天,はずれ,False,False,https://www.amazon.co.jp/dp/B0C1G9NWNV,楽天最安 JAN=4964696335784,
2746,B0FSJKYJRY,hobby,4570117923876,バンダイ(BANDAI) マインクラフト マスコット＆ビスケット ビスケット 食玩 【BOX販売/10個セット】,3820.0,,3370,4,standard_1,楽天,原石,True,True,https://www.amazon.co.jp/dp/B0FSJKYJRY,楽天最安 JAN=4570117923876,
2747,B0FGPG19NT,hobby,4977444267978,ハマナカ あみぐるみ キット ポムポムプリン (POMPOMPURIN) 高さ約8.5cm H306-186,1320.0,,3568,6,small,Yahoo,はずれ,False,False,https://www.amazon.co.jp/dp/B0FGPG19NT,Yahoo最安 JAN=4977444267978,
2748,B0FGPTPP7P,hobby,4977444267985,ハマナカ あみぐるみ キット ポチャッコ (POCHACCO) 高さ約10cm H306-187,1320.0,,3377,6,small,Yahoo,はずれ,False,False,https://www.amazon.co.jp/dp/B0FGPTPP7P,Yahoo最安 JAN=4977444267985,
2749,B0859RDTQF,sports,4589679456029,2本セット コンチネンタル(Continental) チューブ Race28 Wide 700×25-32c 仏式 42,2170.0,,2633,8,standard_1,Yahoo,はずれ,False,False,https://www.amazon.co.jp/dp/B0859RDTQF,Yahoo最安 JAN=4589679456029,
2750,B09NT3BDWT,sports,4571503340154,KETTLEBELLKON（ケトルベル魂）ネオプレーンケトルベル（レギュラータイプ） (4kg),2592.0,,2270,2,large_1,,,False,False,https://www.amazon.co.jp/dp/B09NT3BDWT,,
2751,B001U6YHDE,sports,4937794002551,SINTEX(シンテックス) (シンテックス) ウォーキングダンベル 1kg STW066,1015.0,,3006,9,standard_2,Yahoo,はずれ,False,False,https://www.amazon.co.jp/dp/B001U6YHDE,Yahoo最安 JAN=4937794002551,
2752,B0CS64J5XN,sports,4969363116949,シマノ(SHIMANO) スッテ セフィア スイスイスティック 80 フラッシュブースト QS-Q80X 002 アカシ,1153.0,,5119,7,small,Yahoo,はずれ,False,False,https://www.amazon.co.jp/dp/B0CS64J5XN,Yahoo最安 JAN=4969363116949,
2753,B0D47NQY58,sports,4580637604049,UAクリーンアップ バッティンググローブ 6001310(002) ブラック ホワイト ブラック S,2396.0,,3064,9,standard_1,Yahoo,はずれ,False,False,https://www.amazon.co.jp/dp/B0D47NQY58,Yahoo最安 JAN=4580637604049,
2754,B0D47RJP34,sports,4580637604025,UNDER ARMOUR(アンダーアーマー) UAクリーンアップ バッティンググローブ 6001310(002) ブラッ,2396.0,,3064,12,standard_1,楽天,はずれ,False,False,https://www.amazon.co.jp/dp/B0D47RJP34,楽天最安 JAN=4580637604025,
2755,B0D47P4VMB,sports,4580637604094,UNDER ARMOUR(アンダーアーマー) UAクリーンアップ バッティンググローブ 6001310(410) ミッド,3482.0,,3064,3,standard_1,Yahoo,はずれ,False,False,https://www.amazon.co.jp/dp/B0D47P4VMB,Yahoo最安 JAN=4580637604094,
2756,B0D47NXFS9,sports,4580637604070,UAクリーンアップ バッティンググローブ 6001310(410) ミッドナイトネイビー ホワイト レッド M,2922.0,,3064,13,standard_1,楽天,はずれ,False,False,https://www.amazon.co.jp/dp/B0D47NXFS9,楽天最安 JAN=4580637604070,
2757,B000PIRJ4M,sports,4955985164369,BUNDOK(バンドック)七輪 BD-385 【1~2人用】 炭火 バーベキュー,1973.0,,2888,5,large_2,Yahoo,はずれ,False,False,https://www.amazon.co.jp/dp/B000PIRJ4M,Yahoo最安 JAN=4955985164369,
2758,B0CS69BCR6,sports,4969363116963,シマノ(SHIMANO) スッテ セフィア スイスイスティック 80 フラッシュブースト QS-Q80X 004 ブルー,1153.0,,5119,4,small,Yahoo,はずれ,False,False,https://www.amazon.co.jp/dp/B0CS69BCR6,Yahoo最安 JAN=4969363116963,
2759,B0CS6M5SFD,sports,4969363116987,シマノ(SHIMANO) スッテ セフィア スイスイスティック 80 フラッシュブースト QS-Q80X 006 STピ,1397.0,,5119,6,small,Yahoo,はずれ,False,False,https://www.amazon.co.jp/dp/B0CS6M5SFD,Yahoo最安 JAN=4969363116987,
2760,B0CS66YBTQ,sports,4969363116932,シマノ(SHIMANO) スッテ セフィア スイスイスティック 80 フラッシュブースト QS-Q80X 001 アカミ,1147.0,,5119,8,small,Yahoo,はずれ,False,False,https://www.amazon.co.jp/dp/B0CS66YBTQ,Yahoo最安 JAN=4969363116932,
2761,B0CS68B87X,sports,4969363116956,シマノ(SHIMANO) スッテ セフィア スイスイスティック 80 フラッシュブースト QS-Q80X 003 アカキ,1313.0,,3011,8,small,Yahoo,はずれ,False,False,https://www.amazon.co.jp/dp/B0CS68B87X,Yahoo最安 JAN=4969363116956,
2762,B0CS6KLSCY,sports,4969363117007,シマノ(SHIMANO) スッテ セフィア スイスイスティック 80 フラッシュブースト QS-Q80X 008 モテモ,1151.0,,3012,6,small,Yahoo,はずれ,False,False,https://www.amazon.co.jp/dp/B0CS6KLSCY,Yahoo最安 JAN=4969363117007,
2763,B0FZ8YR1SC,sports,0768857185997,フラフープ ダイエット 人気 【最新15db静音・1.3kgウェイト】 ダイエット用フラフープ ソフト スプリング 紐 ,1784.0,,3013,2,standard_2,楽天,はずれ,False,False,https://www.amazon.co.jp/dp/B0FZ8YR1SC,楽天最安 JAN=0768857185997,
2764,B07NPJRV96,sports,4589695171401,【防災士監修】OHKEY ファーストエイド キット 救急セット ポイズンリムーバー 登山 アウトドア 防災 救急箱 中型,2280.0,,3014,2,standard_1,Yahoo,はずれ,False,False,https://www.amazon.co.jp/dp/B07NPJRV96,Yahoo最安 JAN=4589695171401,
2765,B01N6HLO52,sports,4986920474311,La-VIE(ラヴィ) セルライトローラー セルライ子 スティック型筋膜ローラー 3B-4743 【メーカー純正品】,1027.0,,3391,5,standard_1,Yahoo,はずれ,False,False,https://www.amazon.co.jp/dp/B01N6HLO52,Yahoo最安 JAN=4986920474311,
2766,B073W2KPRC,sports,,DABADA(ダバダ) 大型102cm トランポリン用 交換カバー (ピンク),1980.0,,3149,2,small,,,False,False,https://www.amazon.co.jp/dp/B073W2KPRC,,
2767,B0BY88D864,sports,4562360516516,DABADA(ダバダ) 大型102cm トランポリン用 交換カバー 6本脚専用 (スターシルバー),1980.0,,3149,2,standard_1,,,False,False,https://www.amazon.co.jp/dp/B0BY88D864,,
2768,B073W2RV6C,sports,,DABADA(ダバダ) 大型102cm トランポリン用 交換カバー (ブルー),1980.0,,3149,2,small,,,False,False,https://www.amazon.co.jp/dp/B073W2RV6C,,
2769,B074C6VY3Q,sports,4562360509495,DABADA(ダバダ) 大型102cm トランポリン用 交換カバー (スターピンク),1980.0,,3149,2,standard_1,,,False,False,https://www.amazon.co.jp/dp/B074C6VY3Q,,
2770,B074C3XJTZ,sports,4562360509587,DABADA(ダバダ) 大型102cm トランポリン用 交換カバー (デイジーイエロー),1980.0,,3149,2,standard_1,,,False,False,https://www.amazon.co.jp/dp/B074C3XJTZ,,
2771,B073W2CQN2,sports,,DABADA(ダバダ) 大型102cm トランポリン用 交換カバー (オレンジ),1980.0,,3149,2,standard_1,,,False,False,https://www.amazon.co.jp/dp/B073W2CQN2,,
2772,B0BY8BQDCM,sports,4562360516530,DABADA(ダバダ) 大型102cm トランポリン用 交換カバー (デイジーパープル),1980.0,,3149,2,standard_1,,,False,False,https://www.amazon.co.jp/dp/B0BY8BQDCM,,
2773,B073W2MQ5S,sports,,DABADA(ダバダ) 大型102cm トランポリン用 交換カバー (シルバー),1980.0,,3149,2,standard_1,,,False,False,https://www.amazon.co.jp/dp/B073W2MQ5S,,
2774,B0BY87V25T,sports,4562360516493,DABADA(ダバダ) 大型102cm トランポリン用 交換カバー (ホワイト),1980.0,,3149,2,standard_1,,,False,False,https://www.amazon.co.jp/dp/B0BY87V25T,,
2775,B073W487N2,sports,,DABADA(ダバダ) 大型102cm トランポリン用 交換カバー (ブラック),1980.0,,3149,2,standard_1,,,False,False,https://www.amazon.co.jp/dp/B073W487N2,,
2776,B092DDJFMH,sports,,ヘラクレス(HERCULES) PEライン 釣り糸 8本編み 釣りライン 15色 コシが強い 遠投 pe X8 釣り ラ,1269.0,,3027,2,small,,,False,False,https://www.amazon.co.jp/dp/B092DDJFMH,,
2777,B092ZCBZVX,sports,,ヘラクレス(HERCULES) PEライン 釣り糸 8本編み 釣りライン 15色 コシが強い 遠投 pe X8 釣り ラ,1691.0,,3027,2,small,,,False,False,https://www.amazon.co.jp/dp/B092ZCBZVX,,
2778,B092DF1W6H,sports,,ヘラクレス(HERCULES) PEライン 釣り糸 8本編み 釣りライン 15色 コシが強い 遠投 pe X8 釣り ラ,1672.0,,3027,2,small,,,False,False,https://www.amazon.co.jp/dp/B092DF1W6H,,
2779,B092DBYGMJ,sports,,ヘラクレス(HERCULES) PEライン 釣り糸 8本編み 釣りライン 15色 コシが強い 遠投 pe X8 釣り ラ,1579.0,,3027,2,small,,,False,False,https://www.amazon.co.jp/dp/B092DBYGMJ,,
2780,B092YNB639,sports,,ヘラクレス(HERCULES) PEライン 釣り糸 8本編み 釣りライン 15色 コシが強い 遠投 pe X8 釣り ラ,1489.0,,3027,2,small,,,False,False,https://www.amazon.co.jp/dp/B092YNB639,,
2781,B0G48X3XLN,sports,4549858734911,ゼット(ZETT) 野球 ユニフォームパンツ ネオステイタス ショートフィットパンツ 2026年モデル アイボリー(31,4877.0,,2783,7,standard_1,,,False,False,https://www.amazon.co.jp/dp/B0G48X3XLN,,
2782,B0G48VH561,sports,4549858734928,ゼット(ZETT) 野球 ユニフォームパンツ ネオステイタス ショートフィットパンツ 2026年モデル アイボリー(31,4877.0,,2783,8,standard_1,,,False,False,https://www.amazon.co.jp/dp/B0G48VH561,,
2783,B0G48QX7G7,sports,4549858734836,ゼット(ZETT) 野球 ユニフォームパンツ ネオステイタス ショートフィットパンツ 2026年モデル ホワイト(110,4689.0,,2783,8,standard_1,,,False,False,https://www.amazon.co.jp/dp/B0G48QX7G7,,
2784,B0C584M1TC,sports,4549858547450,ゼット(ZETT) Tシャツ ネオステイタス ホワイト M,6514.0,,3030,3,standard_1,Yahoo,原石,True,True,https://www.amazon.co.jp/dp/B0C584M1TC,Yahoo最安 JAN=4549858547450,
2785,B0G4BKVP9D,sports,4549858734904,ゼット(ZETT) 野球 ユニフォームパンツ ネオステイタス ショートフィットパンツ 2026年モデル アイボリー(31,4877.0,,2783,9,standard_1,,,False,False,https://www.amazon.co.jp/dp/B0G4BKVP9D,,
2786,B0C583VZXF,sports,4549858547467,ゼット(ZETT) 野球 ユニフォームパンツ ネオステイタス ショートフィットパンツ 2023年モデル ホワイト(110,4649.0,,2783,7,standard_1,Yahoo,はずれ,False,False,https://www.amazon.co.jp/dp/B0C583VZXF,Yahoo最安 JAN=4549858547467,
2787,B0C584XYM6,sports,4549858547481,ゼット(ZETT) 野球 ユニフォームパンツ ネオステイタス ショートフィットパンツ 2023年モデル ホワイト(110,5413.0,,3031,2,standard_1,Yahoo,あやしい,True,True,https://www.amazon.co.jp/dp/B0C584XYM6,Yahoo最安 JAN=4549858547481,
2788,B0G48SWH92,sports,4549858734898,ゼット(ZETT) 野球 ユニフォームパンツ ネオステイタス ショートフィットパンツ 2026年モデル アイボリー(31,4877.0,,3031,9,standard_1,楽天,はずれ,False,False,https://www.amazon.co.jp/dp/B0G48SWH92,楽天最安 JAN=4549858734898,
2789,B07L3DQDNM,sports,4510001602586,マリア ヤマシタ(YAMASHITA) ペンシルベイト ラピード F160 160mm 50g ケイムラスリットグロー ,2657.0,,3031,4,small,Yahoo,はずれ,False,False,https://www.amazon.co.jp/dp/B07L3DQDNM,Yahoo最安 JAN=4510001602586,
2790,B0D9BJ6M72,sports,4969363123800,シマノ(SHIMANO) メタルジグ オシア フォールショット ブレード 80g JU-W08X 004 Sアカキン,1189.0,,3033,6,small,楽天,はずれ,False,False,https://www.amazon.co.jp/dp/B0D9BJ6M72,楽天最安 JAN=4969363123800,
2791,B0D9BGXLLJ,sports,4969363123824,シマノ(SHIMANO) メタルジグ オシア フォールショット ブレード 80g JU-W08X 006 エッジパールゴ,1678.0,,3033,4,small,Yahoo,はずれ,False,False,https://www.amazon.co.jp/dp/B0D9BGXLLJ,Yahoo最安 JAN=4969363123824,
2792,B0DQKZQCH2,sports,4571548674108,[ミズノ] 水泳 フィットネス スイミングゴーグル （クッションタイプ） N3JEC620 ウォーターブルー,1896.0,,3402,5,small,Yahoo,はずれ,False,False,https://www.amazon.co.jp/dp/B0DQKZQCH2,Yahoo最安 JAN=4571548674108,
2793,B0DQL3NVS9,sports,4571548674092,[ミズノ] 水泳 フィットネス スイミングゴーグル （クッションタイプ） N3JEC620 ブルー,1625.0,,3402,7,small,Yahoo,はずれ,False,False,https://www.amazon.co.jp/dp/B0DQL3NVS9,Yahoo最安 JAN=4571548674092,
2794,B0DQL69HGS,sports,4571548674085,[ミズノ] 水泳 フィットネス スイミングゴーグル （クッションタイプ） N3JEC620 スモーク,1602.0,,3037,7,small,Yahoo,はずれ,False,False,https://www.amazon.co.jp/dp/B0DQL69HGS,Yahoo最安 JAN=4571548674085,
2795,B0CQN5795T,sports,,MOHEGIA 2本セット 自転車チューブ: 24×1.75/1.95/2.10/2.125インチ自転車チューブ ブチル,1680.0,,3039,2,standard_1,,,False,False,https://www.amazon.co.jp/dp/B0CQN5795T,,
2796,B00H5HFLE6,sports,,三洋 電子ライター スライド式 （50個セット）,1780.0,,3673,3,standard_1,,,False,False,https://www.amazon.co.jp/dp/B00H5HFLE6,,
2797,B092YWNQFT,sports,,ヘラクレス(HERCULES) PEライン 釣り糸 8本編み 釣りライン 15色 コシが強い 遠投 pe X8 釣り ラ,1269.0,,3027,2,small,,,False,False,https://www.amazon.co.jp/dp/B092YWNQFT,,
2798,B092YXHK66,sports,,ヘラクレス(HERCULES) PEライン 釣り糸 8本編み 釣りライン 15色 コシが強い 遠投 pe X8 釣り ラ,2789.0,,3027,2,small,,,False,False,https://www.amazon.co.jp/dp/B092YXHK66,,
2799,B0FCFDZT5X,sports,4955985081246,KAISER(カイザー)PVC サッカー ボール 4号 KW-161 BOX入 レジャー用 練習用 小学生,1780.0,,3465,3,standard_1,Yahoo,はずれ,False,False,https://www.amazon.co.jp/dp/B0FCFDZT5X,Yahoo最安 JAN=4955985081246,
2800,B0DVC52N1L,sports,4992826128272,Coleman(コールマン) キャンプ ハードクーラー(L)ホイールクーラー/28QT(ライトグレー) 2025年モデル,5999.0,,3059,2,small,Yahoo,はずれ,False,False,https://www.amazon.co.jp/dp/B0DVC52N1L,Yahoo最安 JAN=4992826128272,
2801,B0CZRMNQ96,sports,,[Guooolex] ラッシュガード レギンス ラッシュレギンス キッズ 水着 スイムパンツ スパッツ オーバーウェア ,2146.0,,3834,1,small,,,False,False,https://www.amazon.co.jp/dp/B0CZRMNQ96,,
2802,B0D47PPTKX,sports,4580637604087,UNDER ARMOUR(アンダーアーマー) UAクリーンアップ バッティンググローブ 6001310(410) ミッド,2954.0,,3064,11,standard_1,Yahoo,はずれ,False,False,https://www.amazon.co.jp/dp/B0D47PPTKX,Yahoo最安 JAN=4580637604087,
2803,B0BJDPQ9G3,sports,,RitFit ピラティスリング 14インチ マジックフィットネスサークル 太ももの内側トーニング用,8154.0,,3067,5,standard_1,,,False,False,https://www.amazon.co.jp/dp/B0BJDPQ9G3,,
2804,B07VXD35BM,sports,,RitFit ピラティスリング 14インチ マジックフィットネスサークル 太ももの内側トーニング用,8154.0,,3068,7,standard_1,,,False,False,https://www.amazon.co.jp/dp/B07VXD35BM,,
2805,B01DZR9OWO,sports,4571406259928,BODYMAKER レッグサポーターレギュラー (1組) KD012 格闘技 ふくらはぎ キッズ アキレス腱 パンチ プ,2222.0,,3073,4,standard_1,楽天,はずれ,False,False,https://www.amazon.co.jp/dp/B01DZR9OWO,楽天最安 JAN=4571406259928,
2806,B01DZR9J9M,sports,4571406259935,BODYMAKER レッグサポーターレギュラー (1組) KD012 格闘技 ふくらはぎ キッズ アキレス腱 パンチ プ,2222.0,,3775,4,standard_1,楽天,はずれ,False,False,https://www.amazon.co.jp/dp/B01DZR9J9M,楽天最安 JAN=4571406259935,
2807,B01DZR9LD6,sports,4571406259904,BODYMAKER レッグサポーターレギュラー (1組) KD012 格闘技 ふくらはぎ キッズ アキレス腱 パンチ プ,2222.0,,3775,4,standard_1,,,False,False,https://www.amazon.co.jp/dp/B01DZR9LD6,,
2808,B0BT1PHVK9,sports,4549106085932,アズーロ ブレードII 250g タテホロシルバー GH ジギング ジグ オフショア ルアー,1390.0,,3475,2,standard_1,楽天,はずれ,False,False,https://www.amazon.co.jp/dp/B0BT1PHVK9,楽天最安 JAN=4549106085932,
2809,B01DZR9KQO,sports,4571406259942,BODYMAKER レッグサポーターレギュラー (1組) KD012 格闘技 空手 ふくらはぎ キッズ アキレス腱 サポ,2222.0,,3074,4,standard_1,楽天,はずれ,False,False,https://www.amazon.co.jp/dp/B01DZR9KQO,楽天最安 JAN=4571406259942,
2810,B01DZR9NWA,sports,4571406259966,BODYMAKER レッグサポーターレギュラー (1組) KD012 格闘技 空手 ふくらはぎ キッズ アキレス腱 サポ,2222.0,,3074,4,standard_1,楽天,はずれ,False,False,https://www.amazon.co.jp/dp/B01DZR9NWA,楽天最安 JAN=4571406259966,
2811,B0BJ8BT3Q3,sports,4549106085598,アズーロ ブレードII 210g シルバーゼブラ ジギング ジグ オフショア ルアー,1180.0,,3475,2,small,楽天,はずれ,False,False,https://www.amazon.co.jp/dp/B0BJ8BT3Q3,楽天最安 JAN=4549106085598,
2812,B0BJ8D17HX,sports,4549106085581,アズーロ ブレードII 210g コットンキャンディー ジギング ジグ オフショア ルアー,1180.0,,3475,2,small,楽天,はずれ,False,False,https://www.amazon.co.jp/dp/B0BJ8D17HX,楽天最安 JAN=4549106085581,
2813,B0BT1NLPTP,sports,4549106085918,アズーロ ブレードII 250g タテホロシルバー ジギング ジグ オフショア ルアー,1390.0,,3079,2,standard_1,楽天,はずれ,False,False,https://www.amazon.co.jp/dp/B0BT1NLPTP,楽天最安 JAN=4549106085918,
2814,B0BJ8B7NHN,sports,4549106085444,アズーロ ブレードII 180g イワシ赤金 ジギング ジグ オフショア ルアー,1070.0,,3477,2,small,楽天,はずれ,False,False,https://www.amazon.co.jp/dp/B0BJ8B7NHN,楽天最安 JAN=4549106085444,
2815,B0BJ8CFXD8,sports,4549106085574,アズーロ ブレードII 210g イワシ ジギング ジグ オフショア ルアー,1180.0,,3080,2,small,楽天,はずれ,False,False,https://www.amazon.co.jp/dp/B0BJ8CFXD8,楽天最安 JAN=4549106085574,
2816,B0H8CDMSC8,sports,4547333716032,BRIDGESTONE(ブリヂストン) ゴルフグローブ SOFT GRIP GL24R4 右手 メンズ,1320.0,,3111,4,standard_1,楽天,はずれ,False,False,https://www.amazon.co.jp/dp/B0H8CDMSC8,楽天最安 JAN=4547333716032,
2817,B08QRP6F6P,sports,4549203000333,ゴーセン(GOSEN) GMR8LG2020 ルーツ PE*8 ライトグリーン 200m 2号,1745.0,,3089,7,small,楽天,はずれ,False,False,https://www.amazon.co.jp/dp/B08QRP6F6P,楽天最安 JAN=4549203000333,
2818,B00SLO8RWK,sports,4992826453237,Coleman(コールマン) クーラーボックス エクストリームアイスクーラー 35L 2000022215,5400.0,,2790,2,standard_2,Yahoo,はずれ,False,False,https://www.amazon.co.jp/dp/B00SLO8RWK,Yahoo最安 JAN=4992826453237,
2819,B00SLO8ODC,sports,4992826453213,Coleman(コールマン) クーラーボックス エクストリームアイスクーラー 25L 2000022238,5680.0,,3089,2,standard_2,Yahoo,あやしい,False,False,https://www.amazon.co.jp/dp/B00SLO8ODC,Yahoo最安 JAN=4992826453213,
2820,B0BFXDPS9K,sports,4560416804808,握力 トレーニング ブラック 筋トレ リスト 強化 パワー ボール 筋肉 器具 手首 握力 グッズ 筋力,1149.0,,2539,2,standard_1,楽天,はずれ,False,False,https://www.amazon.co.jp/dp/B0BFXDPS9K,楽天最安 JAN=4560416804808,
2821,B008OCMI5G,sports,4993722742029,ハヤブサ(Hayabusa) 活き餌一撃 喰わせサビキ 玄海・平戸沖スペシャル 10-18 白,1184.0,,3168,3,small,楽天,はずれ,False,False,https://www.amazon.co.jp/dp/B008OCMI5G,楽天最安 JAN=4993722742029,
2822,B0D2D6R7R8,sports,4993722169734,ハヤブサ(Hayabusa) スクイッドジャンキー ナマステ2 30号 #8 ブラックスポットグロー SR406,1175.0,,4220,9,small,Yahoo,はずれ,False,False,https://www.amazon.co.jp/dp/B0D2D6R7R8,Yahoo最安 JAN=4993722169734,
2823,B0D2D8QCGT,sports,4993722169673,ハヤブサ(Hayabusa) スクイッドジャンキー ナマステ2 30号 #2 レッドグリーン SR406,1135.0,,4221,10,small,Yahoo,はずれ,False,False,https://www.amazon.co.jp/dp/B0D2D8QCGT,Yahoo最安 JAN=4993722169673,
2824,B009EOI44W,sports,4993722607908,ハヤブサ(Hayabusa) 活き餌一撃 喰わせサビキ 玄海・平戸沖スペシャル 9-14,1045.0,,3166,6,small,楽天,はずれ,False,False,https://www.amazon.co.jp/dp/B009EOI44W,楽天最安 JAN=4993722607908,
2825,B003Z695ZW,sports,4993722668763,ハヤブサ(Hayabusa) 活き餌一撃 喰わせサビキ 玄海・平戸沖スペシャル 8-14,1045.0,,3168,5,small,楽天,はずれ,False,False,https://www.amazon.co.jp/dp/B003Z695ZW,楽天最安 JAN=4993722668763,
2826,B0846G6PRH,sports,4571412743244,TMOX アイロン圧着式 3レイヤー適合 シームテープ テント ザック タープ シート レインウェアー メンテナンス用 ,1152.0,,3095,3,small,Yahoo,はずれ,False,False,https://www.amazon.co.jp/dp/B0846G6PRH,Yahoo最安 JAN=4571412743244,
2827,B08QW8DB63,sports,4571412740021,TMOX アイロン圧着式 3レイヤー適合 シームテープ テント ザック タープ シート レインウェアー メンテナンス用 ,1343.0,,3095,3,small,楽天,はずれ,False,False,https://www.amazon.co.jp/dp/B08QW8DB63,楽天最安 JAN=4571412740021,
2828,B0GJD3CTKQ,sports,4993722331513,ハヤブサ(Hayabusa) スクイッドジャンキー ナマステ2 15号 10.リアル魚鱗スギグリーン SR406,1045.0,,4220,6,small,Yahoo,はずれ,False,False,https://www.amazon.co.jp/dp/B0GJD3CTKQ,Yahoo最安 JAN=4993722331513,
2829,B0GJCLP8GG,sports,4993722331667,ハヤブサ(Hayabusa) スクイッドジャンキー ナマステ2 40号 5.UVムラピン SR406,1289.0,,4221,7,small,Yahoo,はずれ,False,False,https://www.amazon.co.jp/dp/B0GJCLP8GG,Yahoo最安 JAN=4993722331667,
2830,B0BZNMHLYV,sports,4570102945227,【NIKE ナイキ 正規代理店 】ユニセックス大人 リストバンド (010 Black),1680.0,,4554,2,small,Yahoo,はずれ,False,False,https://www.amazon.co.jp/dp/B0BZNMHLYV,Yahoo最安 JAN=4570102945227,
2831,B0D2CVNCDD,sports,4993722169536,ハヤブサ(Hayabusa) スクイッドジャンキー ナマステ2 20号 #4 ブルオレグロー SR406,1100.0,,4221,8,small,Yahoo,はずれ,False,False,https://www.amazon.co.jp/dp/B0D2CVNCDD,Yahoo最安 JAN=4993722169536,
2832,B0B3KCG5KM,sports,4904740649740,【まとめ買い】蚊に効く 虫コナーズプレミアム 玄関用 蚊除け 虫除け ネット 250日用 無臭 防虫剤×2個,1527.0,,3102,2,standard_1,Yahoo,はずれ,False,False,https://www.amazon.co.jp/dp/B0B3KCG5KM,Yahoo最安 JAN=4904740649740,
2833,B000WEKLTE,sports,0077924033001,Weber(ウェーバー) バーベキュー コンロ BBQ グリル ドリップパン 小 【日本正規品】 6415,1290.0,,3103,4,small,,,False,False,https://www.amazon.co.jp/dp/B000WEKLTE,,
2834,B0D4TLC5YX,sports,4550133500183,ダイワ(DAIWA)バッグ・タックル収納用品/ロッドケース SLロッドケース 155S(C) ブラックイエロー,3764.0,,2222,8,standard_2,楽天,はずれ,False,False,https://www.amazon.co.jp/dp/B0D4TLC5YX,楽天最安 JAN=4550133500183,
2835,B089V194FC,sports,4984013183171,[スワンズ] 日本製 スイミングゴーグル 度付きレンズ SRCL-7M NASHD ネイビー×シャドーミラー S-4.0,1298.0,,4960,5,small,Yahoo,はずれ,False,False,https://www.amazon.co.jp/dp/B089V194FC,Yahoo最安 JAN=4984013183171,
2836,B089VB1JM2,sports,4984013183072,[スワンズ] 日本製 スイミングゴーグル 度付きレンズ SRCL-7N SMK スモーク S-4.00 レーシング ノン,1145.0,,4960,5,small,Yahoo,はずれ,False,False,https://www.amazon.co.jp/dp/B089VB1JM2,Yahoo最安 JAN=4984013183072,
2837,B0D49JNS7X,sports,,Quictent ワンタッチ タープテント 大型 シルバーコーティング UVカット 遮光 耐水加工 3段階高さ調整 通気,9800.0,,3108,2,large_2,,,False,False,https://www.amazon.co.jp/dp/B0D49JNS7X,,
2838,B0H8CFDSZJ,sports,4547333716087,BRIDGESTONE(ブリヂストン) ゴルフグローブ SOFT GRIP GL24R4 右手 メンズ,1320.0,,3111,4,standard_1,Yahoo,はずれ,False,False,https://www.amazon.co.jp/dp/B0H8CFDSZJ,Yahoo最安 JAN=4547333716087,
2839,B0H8C846Y3,sports,4547333716056,BRIDGESTONE(ブリヂストン) ゴルフグローブ SOFT GRIP GL24R4 右手 メンズ,1320.0,,3111,4,standard_1,Yahoo,はずれ,False,False,https://www.amazon.co.jp/dp/B0H8C846Y3,Yahoo最安 JAN=4547333716056,
2840,B0H8CC5ZY2,sports,4547333716063,BRIDGESTONE(ブリヂストン) ゴルフグローブ SOFT GRIP GL24R4 右手 メンズ,1320.0,,3111,4,standard_1,Yahoo,はずれ,False,False,https://www.amazon.co.jp/dp/B0H8CC5ZY2,Yahoo最安 JAN=4547333716063,
2841,B0D7VL4T77,sports,0742440537554,RBRL サイクルミラー アルミ合金 ハンドルバー取付け 反振動・耐破損 折りたたみ HD ガラス ロータブル 電動自転,4298.0,,3182,2,standard_1,,,False,False,https://www.amazon.co.jp/dp/B0D7VL4T77,,
2842,B0H98TKKNL,sports,,【特許取得】バランスドーム 直径約58cm バランスボール 半円 エクササイズボール 耐荷重300kg 半円ボール 子供,6980.0,,3841,2,large_1,,,False,False,https://www.amazon.co.jp/dp/B0H98TKKNL,,
2843,B0H9949LVG,sports,,【特許取得】バランスドーム 直径約58cm バランスボール 半円 エクササイズボール 耐荷重300kg 半円ボール 子供,6980.0,,3840,2,large_1,,,False,False,https://www.amazon.co.jp/dp/B0H9949LVG,,
2844,B0H995ZX6X,sports,,【特許取得】バランスドーム 直径約58cm バランスボール 半円 エクササイズボール 耐荷重300kg 半円ボール 子供,6980.0,,3840,2,large_1,,,False,False,https://www.amazon.co.jp/dp/B0H995ZX6X,,
2845,B0H994HRVC,sports,,【特許取得】バランスドーム 直径約58cm バランスボール 半円 エクササイズボール 耐荷重300kg 半円ボール 子供,6980.0,,3840,2,large_1,,,False,False,https://www.amazon.co.jp/dp/B0H994HRVC,,
2846,B06XJJ6LSP,sports,4513473552540,メガバス(Megabass) HADARA TRAP 70 GP スパークリングチャートヘッド,2000.0,,3494,8,small,Yahoo,はずれ,False,False,https://www.amazon.co.jp/dp/B06XJJ6LSP,Yahoo最安 JAN=4513473552540,
2847,B07VF19FRP,sports,4573435068120,パームス(Palms) ワーム エスケード 80MDF マットブレードクラッシュアユ 80mm 7.5g Floatin,1663.0,,3133,7,small,Yahoo,はずれ,False,False,https://www.amazon.co.jp/dp/B07VF19FRP,Yahoo最安 JAN=4573435068120,
2848,B0BVQV8XRK,sports,4573435086735,パームス(Palms) エスケード EC100MDF/AL282 ハイビジブルアユ,1872.0,,3133,5,small,Yahoo,はずれ,False,False,https://www.amazon.co.jp/dp/B0BVQV8XRK,Yahoo最安 JAN=4573435086735,
2849,B08B48CMDP,sports,4573435071397,パームス(Palms) エスケード 100MDF EC-100MDF # ブレードスケールアユ 100mm 13g Fl,1920.0,,4214,3,small,Yahoo,はずれ,False,False,https://www.amazon.co.jp/dp/B08B48CMDP,Yahoo最安 JAN=4573435071397,
2850,B08B46FC38,sports,4573435071366,パームス(Palms) エスケード 100MDF EC-100MDF # アユ 100mm 13g Floating H,1472.0,,4215,3,small,Yahoo,はずれ,False,False,https://www.amazon.co.jp/dp/B08B46FC38,Yahoo最安 JAN=4573435071366,
2851,B08CPM5MM4,sports,4573435071410,パームス(Palms) エスケード 100MDF EC-100MDF # マットアユ 100mm 13g Floatin,1843.0,,4215,9,small,Yahoo,はずれ,False,False,https://www.amazon.co.jp/dp/B08CPM5MM4,Yahoo最安 JAN=4573435071410,
2852,B08B46WYXX,sports,4573435071380,パームス(Palms) エスケード 100MDF EC-100MDF # ブレードクラッシュアユ 100mm 13g F,1993.0,,4215,3,small,Yahoo,はずれ,False,False,https://www.amazon.co.jp/dp/B08B46WYXX,Yahoo最安 JAN=4573435071380,
2853,B0BVQV242R,sports,4573435086704,パームス(Palms) エスケード EC80MDF/AL282 ハイビジブルアユ,2244.0,,3134,2,small,楽天,あやしい,False,False,https://www.amazon.co.jp/dp/B0BVQV242R,楽天最安 JAN=4573435086704,
2854,B0BVQQ9NQK,sports,4573435086698,パームス(Palms) エスケード EC80MDF/MAL281 サイトマットアユ,1762.0,,3134,6,small,Yahoo,はずれ,False,False,https://www.amazon.co.jp/dp/B0BVQQ9NQK,Yahoo最安 JAN=4573435086698,
2855,B0782XT5HF,sports,4908087122720,MIZUNO(ミズノ) スイムゴーグル ジュニア スイミングゴーグル 水中眼鏡 N3JF600062 ブラック×レッド,1461.0,,2647,2,small,Yahoo,はずれ,False,False,https://www.amazon.co.jp/dp/B0782XT5HF,Yahoo最安 JAN=4908087122720,
2856,B0781ZBHL5,sports,4908087122737,MIZUNO(ミズノ) スイムゴーグル ジュニア スイミングゴーグル 水中眼鏡 N3JF600063 ウォーターブルー×,1650.0,,2647,4,small,Yahoo,はずれ,False,False,https://www.amazon.co.jp/dp/B0781ZBHL5,Yahoo最安 JAN=4908087122737,
2857,B082K268CV,sports,4550232767739,MIZUNO(ミズノ) 水泳 競泳 スクール ジュニア スイミングゴーグル クッション付き N3JF6000 55：オレ,1650.0,,2647,3,small,Yahoo,はずれ,False,False,https://www.amazon.co.jp/dp/B082K268CV,Yahoo最安 JAN=4550232767739,
2858,B0CPDHXHDT,sports,,kisnbldバランスボール 極厚ヨガ ボール55cm 65cm 75cm ワークアウト 妊娠中の安定性 フィットネスボ,1680.0,,4431,2,standard_2,,,False,False,https://www.amazon.co.jp/dp/B0CPDHXHDT,,
2859,B0CPDGT2F5,sports,,kisnbldバランスボール 極厚ヨガ ボール55cm 65cm 75cm ワークアウト 妊娠中の安定性 フィットネスボ,1980.0,,4431,2,standard_2,,,False,False,https://www.amazon.co.jp/dp/B0CPDGT2F5,,
2860,B0CPDHRDPL,sports,,kisnbldバランスボール 極厚ヨガ ボール55cm 65cm 75cm ワークアウト 妊娠中の安定性 フィットネスボ,1980.0,,4431,2,standard_2,,,False,False,https://www.amazon.co.jp/dp/B0CPDHRDPL,,
2861,B019EX8XW0,sports,4933489990332,MIZUNO(ミズノ) スイムゴーグル ジュニア 3Dクッション N3JF600009 スモーク,1667.0,,2645,7,small,Yahoo,はずれ,False,False,https://www.amazon.co.jp/dp/B019EX8XW0,Yahoo最安 JAN=4933489990332,
2862,B019EXIR8K,sports,4933489990349,MIZUNO(ミズノ) スイムゴーグル ジュニア 3Dクッション N3JF600021 ウォーターブルー,1667.0,,2647,4,small,Yahoo,はずれ,False,False,https://www.amazon.co.jp/dp/B019EXIR8K,Yahoo最安 JAN=4933489990349,
2863,B0D3QD1W5Q,sports,,kisnbldバランスボール 極厚ヨガ ボール55cm 65cm 75cm ワークアウト 妊娠中の安定性 フィットネスボ,1980.0,,4431,2,standard_2,,,False,False,https://www.amazon.co.jp/dp/B0D3QD1W5Q,,
2864,B019EXKG7A,sports,4933489990356,MIZUNO(ミズノ) スイミングゴーグル[ジュニア] N3JF600027 27:ブルー,1653.0,,2647,7,small,Yahoo,はずれ,False,False,https://www.amazon.co.jp/dp/B019EXKG7A,Yahoo最安 JAN=4933489990356,
2865,B0CPDGFJJ6,sports,,kisnbldバランスボール 極厚ヨガ ボール55cm 65cm 75cm ワークアウト 妊娠中の安定性 フィットネスボ,1680.0,,4432,2,standard_2,,,False,False,https://www.amazon.co.jp/dp/B0CPDGFJJ6,,
2866,B018O015OW,sports,4573421360030,フロッグハンド ハードタイプ [正規品] 簡単足指トレーニング,3200.0,,2389,3,small,楽天,はずれ,False,False,https://www.amazon.co.jp/dp/B018O015OW,楽天最安 JAN=4573421360030,
2867,B0GY87VLLW,sports,4549550422741,エレコム 空気入れ 車 自転車 バイク ボール 電動空気入れ 最大圧力150PSI 2960mAh バッテリー 簡単操作,4800.0,,3149,2,standard_1,Yahoo,はずれ,False,False,https://www.amazon.co.jp/dp/B0GY87VLLW,Yahoo最安 JAN=4549550422741,
2868,B0DX779JB4,sports,4573607860811,放浪カモメ PEライン 釣り糸 1.2号 500M ビビット ピンク 8本編 20lb アルティメットパワー 青物 ショ,2790.0,,3357,2,small,,,False,False,https://www.amazon.co.jp/dp/B0DX779JB4,,
2869,B09VBSGPZV,sports,4582552714186,放浪カモメ PEライン 釣り糸 2.5号 500M ビビット ピンク 4本編 30lb アルティメットパワー 青物 ジギ,1870.0,,3355,2,small,,,False,False,https://www.amazon.co.jp/dp/B09VBSGPZV,,
2870,B09VBR6TXJ,sports,4582552713981,放浪カモメ PEライン 釣り糸 1.5号 500M 5色 マルチカラー 4本編 22lb アルティメットパワー 青物 シ,1870.0,,3355,2,small,Yahoo,はずれ,False,False,https://www.amazon.co.jp/dp/B09VBR6TXJ,Yahoo最安 JAN=4582552713981,
2871,B09VBS4QNQ,sports,4582552714292,放浪カモメ PEライン 釣り糸 0.4号 500M クリア ホワイト 4本編 11lb アルティメットパワー シーバス ,2075.0,,3355,2,small,,,False,False,https://www.amazon.co.jp/dp/B09VBS4QNQ,,
2872,B09VBR5JGW,sports,4582552711635,放浪カモメ PEライン 釣り糸 1.2号 1000M ハイビズ イエロー 4本編 20lb アルティメットパワー 青物 ,2620.0,,3357,2,small,,,False,False,https://www.amazon.co.jp/dp/B09VBR5JGW,,
2873,B09VBT9D5G,sports,4582552714315,放浪カモメ PEライン 釣り糸 0.8号 500M クリア ホワイト 4本編 15lb アルティメットパワー シーバス ,1870.0,,3355,2,small,,,False,False,https://www.amazon.co.jp/dp/B09VBT9D5G,,
2874,B09VBSB9MX,sports,4582552713509,放浪カモメ PEライン 釣り糸 4.5号 300M ビビット ピンク 4本編 55lb アルティメットパワー ブリ ヒラ,1580.0,,3355,2,small,,,False,False,https://www.amazon.co.jp/dp/B09VBSB9MX,,
2875,B09VBVPCZZ,sports,4582552714896,放浪カモメ PEライン 釣り糸 1.2号 150M 5色 マルチカラー 8本編 20lb アルティメットパワー 青物 シ,1530.0,,3355,2,small,,,False,False,https://www.amazon.co.jp/dp/B09VBVPCZZ,,
2876,B09VBRWKRW,sports,4582552713547,放浪カモメ PEライン 釣り糸 8号 300M ビビット ピンク 4本編 89lb アルティメットパワー ブリ ヒラマサ,1580.0,,3357,2,small,,,False,False,https://www.amazon.co.jp/dp/B09VBRWKRW,,
2877,B0B7RRMXHZ,sports,4582552716609,放浪カモメ PEライン 釣り糸 25号 300M 5色 マルチカラー 8本編 220lb アルティメットパワー 石鯛 イ,2180.0,,3355,2,small,,,False,False,https://www.amazon.co.jp/dp/B0B7RRMXHZ,,
2878,B09VBRSPX6,sports,4582552713738,放浪カモメ PEライン 釣り糸 10号 300M クリア ホワイト 4本編 110lb アルティメットパワー ブリ ヒラ,1580.0,,3357,2,small,,,False,False,https://www.amazon.co.jp/dp/B09VBRSPX6,,
2879,B09VBP3C75,sports,4582552713707,放浪カモメ PEライン 釣り糸 6号 300M クリア ホワイト 4本編 70lb アルティメットパワー ブリ ヒラマサ,1580.0,,3355,2,small,,,False,False,https://www.amazon.co.jp/dp/B09VBP3C75,,
2880,B09VBS8MYN,sports,4582552714438,放浪カモメ PEライン 釣り糸 7号 500M クリア ホワイト 4本編 80lb アルティメットパワー ブリ ヒラマサ,1870.0,,3357,2,small,,,False,False,https://www.amazon.co.jp/dp/B09VBS8MYN,,
2881,B09VBRRCRL,sports,4582552713462,放浪カモメ PEライン 釣り糸 2.5号 300M ビビット ピンク 4本編 30lb アルティメットパワー 青物 ジギ,1580.0,,3355,2,small,楽天,はずれ,False,False,https://www.amazon.co.jp/dp/B09VBRRCRL,楽天最安 JAN=4582552713462,
2882,B09VBS2JJT,sports,4582552714087,放浪カモメ PEライン 釣り糸 8号 500M 5色 マルチカラー 4本編 89lb アルティメットパワー ブリ ヒラマ,1870.0,,3355,2,small,,,False,False,https://www.amazon.co.jp/dp/B09VBS2JJT,,
2883,B09VBV1PY3,sports,4582552714391,放浪カモメ PEライン 釣り糸 4号 500M クリア ホワイト 4本編 50lb アルティメットパワー 青物 ジギング,1870.0,,3357,2,small,,,False,False,https://www.amazon.co.jp/dp/B09VBV1PY3,,
2884,B09VBTS721,sports,4582552711147,放浪カモメ PEライン 釣り糸 3.5号 1000M 5色 マルチカラー 4本編 46lb アルティメットパワー 青物 ,2840.0,,3357,2,small,,,False,False,https://www.amazon.co.jp/dp/B09VBTS721,,
2885,B09VBRZ3RP,sports,4582552713448,放浪カモメ PEライン 釣り糸 1.5号 300M ビビット ピンク 4本編 22lb アルティメットパワー 青物 ショ,1580.0,,3355,2,small,,,False,False,https://www.amazon.co.jp/dp/B09VBRZ3RP,,
2886,B09VBSXX9W,sports,4582552711208,放浪カモメ PEライン 釣り糸 8号 1000M 5色 マルチカラー 4本編 89lb アルティメットパワー ブリ ヒラ,2840.0,,3355,2,standard_1,,,False,False,https://www.amazon.co.jp/dp/B09VBSXX9W,,
2887,B0B7RNMZJP,sports,4582552716616,放浪カモメ PEライン 釣り糸 30号 300M 5色 マルチカラー 8本編 243lb アルティメットパワー 石鯛 イ,2180.0,,3355,2,small,,,False,False,https://www.amazon.co.jp/dp/B0B7RNMZJP,,
2888,B09VBS4JFT,sports,4582552711437,放浪カモメ PEライン 釣り糸 0.8号 1000M クリア ホワイト 4本編 15lb アルティメットパワー シーバス,2620.0,,3357,2,small,楽天,はずれ,False,False,https://www.amazon.co.jp/dp/B09VBS4JFT,楽天最安 JAN=4582552711437,
2889,B09VBRT384,sports,4582552714056,放浪カモメ PEライン 釣り糸 5号 500M 5色 マルチカラー 4本編 60lb アルティメットパワー ブリ ヒラマ,1870.0,,3355,2,small,,,False,False,https://www.amazon.co.jp/dp/B09VBRT384,,
2890,B09VBRGQSX,sports,4582552714346,放浪カモメ PEライン 釣り糸 1.5号 500M クリア ホワイト 4本編 22lb アルティメットパワー 青物 ショ,1870.0,,3355,2,small,,,False,False,https://www.amazon.co.jp/dp/B09VBRGQSX,,
2891,B09VBPWDHZ,sports,4582552714445,放浪カモメ PEライン 釣り糸 8号 500M クリア ホワイト 4本編 89lb アルティメットパワー ブリ ヒラマサ,1870.0,,3355,2,small,,,False,False,https://www.amazon.co.jp/dp/B09VBPWDHZ,,
2892,B09VBSB24J,sports,4582552715497,放浪カモメ PEライン 釣り糸 20号 500M 5色 マルチカラー 8本編 200lb アルティメットパワー 石鯛 イ,2860.0,,3355,2,standard_1,Yahoo,はずれ,False,False,https://www.amazon.co.jp/dp/B09VBSB24J,Yahoo最安 JAN=4582552715497,
2893,B0DX76T7WY,sports,4573607860712,放浪カモメ PEライン 釣り糸 2号 150M ビビット ピンク 8本編 28lb アルティメットパワー 青物 ジギング,1480.0,,3355,2,small,楽天,はずれ,False,False,https://www.amazon.co.jp/dp/B0DX76T7WY,楽天最安 JAN=4573607860712,
2894,B09VBRQ3WT,sports,4582552712120,放浪カモメ PEライン 釣り糸 0.3号 150M クリア ホワイト 4本編 9lb アルティメットパワー アジング メ,1390.0,,3355,2,small,,,False,False,https://www.amazon.co.jp/dp/B09VBRQ3WT,,
2895,B0B7RPG1CR,sports,4582552716562,放浪カモメ PEライン 釣り糸 12号 300M 5色 マルチカラー 8本編 120lb アルティメットパワー キハダ ,2180.0,,3355,2,small,,,False,False,https://www.amazon.co.jp/dp/B0B7RPG1CR,,
2896,B09VBRCCXC,sports,4582552711857,放浪カモメ PEライン 釣り糸 3号 150M 5色 マルチカラー 4本編 40lb アルティメットパワー 青物 ジギン,1320.0,,3355,2,small,,,False,False,https://www.amazon.co.jp/dp/B09VBRCCXC,,
2897,B09VBSPGQW,sports,4582552712045,放浪カモメ PEライン 釣り糸 3.5号 150M ビビット ピンク 4本編 46lb アルティメットパワー 青物 ジギ,1310.0,,3357,2,small,,,False,False,https://www.amazon.co.jp/dp/B09VBSPGQW,,
2898,B09VBT5LZB,sports,4582552715398,放浪カモメ PEライン 釣り糸 4号 500M 5色 マルチカラー 8本編 50lb アルティメットパワー 青物 ジギン,2790.0,,3355,2,small,,,False,False,https://www.amazon.co.jp/dp/B09VBT5LZB,,
2899,B0DX6J94GF,sports,4573607860828,放浪カモメ PEライン 釣り糸 1.5号 500M ビビット ピンク 8本編 22lb アルティメットパワー 青物 ショ,2790.0,,3357,2,small,,,False,False,https://www.amazon.co.jp/dp/B0DX6J94GF,,
2900,B0DX6S3F8C,sports,4573607861351,放浪カモメ PEライン 釣り糸 0.08号 150M レーザー ライム グリーン 4本編 1.6lb アルティメットパワ,1480.0,,3357,2,small,,,False,False,https://www.amazon.co.jp/dp/B0DX6S3F8C,,
2901,B09VBRD2DQ,sports,4582552714629,放浪カモメ PEライン 釣り糸 8号 500M ハイビズ イエロー 4本編 89lb アルティメットパワー ブリ ヒラマ,1870.0,,3357,2,small,,,False,False,https://www.amazon.co.jp/dp/B09VBRD2DQ,,
2902,B0DX6P5ZFH,sports,4573607861184,放浪カモメ PEライン 釣り糸 1.5号 150M クリア ホワイト 8本編 22lb アルティメットパワー 青物 ショ,1480.0,,3355,2,small,,,False,False,https://www.amazon.co.jp/dp/B0DX6P5ZFH,,
2903,B09VBSQ1SW,sports,4582552711291,放浪カモメ PEライン 釣り糸 2号 1000M ビビット ピンク 4本編 28lb アルティメットパワー 青物 ジギン,2620.0,,3355,2,small,,,False,False,https://www.amazon.co.jp/dp/B09VBSQ1SW,,
2904,B09VBRX79T,sports,4582552715053,放浪カモメ PEライン 釣り糸 20号 150M 5色 マルチカラー 8本編 200lb アルティメットパワー 石鯛 イ,1530.0,,3355,2,small,,,False,False,https://www.amazon.co.jp/dp/B09VBRX79T,,
2905,B09VBRZCJR,sports,4582552713615,放浪カモメ PEライン 釣り糸 1.2号 300M クリア ホワイト 4本編 20lb アルティメットパワー 青物 ショ,1580.0,,3355,2,small,,,False,False,https://www.amazon.co.jp/dp/B09VBRZCJR,,
2906,B09VBS2Y84,sports,4582552714568,放浪カモメ PEライン 釣り糸 3.5号 500M ハイビズ イエロー 4本編 46lb アルティメットパワー 青物 ジ,1870.0,,3355,2,small,,,False,False,https://www.amazon.co.jp/dp/B09VBS2Y84,,
2907,B09VBT7294,sports,4582552712267,放浪カモメ PEライン 釣り糸 6号 150M クリア ホワイト 4本編 70lb アルティメットパワー ブリ ヒラマサ,1310.0,,3355,2,small,,,False,False,https://www.amazon.co.jp/dp/B09VBT7294,,
2908,B0DX65D2S5,sports,4573607861009,放浪カモメ PEライン 釣り糸 1.5号 300M ハイビズ イエロー 8本編 22lb アルティメットパワー 青物 シ,2180.0,,3355,2,small,,,False,False,https://www.amazon.co.jp/dp/B0DX65D2S5,,
2909,B09VBS3TYQ,sports,4582552714063,放浪カモメ PEライン 釣り糸 6号 500M 5色 マルチカラー 4本編 70lb アルティメットパワー ブリ ヒラマ,1870.0,,3355,2,small,,,False,False,https://www.amazon.co.jp/dp/B09VBS3TYQ,,
2910,B0DX6J9ZPB,sports,4573607860941,放浪カモメ PEライン 釣り糸 1.5号 150M ハイビズ イエロー 8本編 22lb アルティメットパワー 青物 シ,1480.0,,3355,2,small,,,False,False,https://www.amazon.co.jp/dp/B0DX6J9ZPB,,
2911,B09VBS2CVV,sports,4582552712212,放浪カモメ PEライン 釣り糸 3号 150M クリア ホワイト 4本編 40lb アルティメットパワー 青物 ジギング,1310.0,,3357,2,small,,,False,False,https://www.amazon.co.jp/dp/B09VBS2CVV,,
2912,B09VBTN4DQ,sports,4582552714339,放浪カモメ PEライン 釣り糸 1.2号 500M クリア ホワイト 4本編 20lb アルティメットパワー 青物 ショ,1870.0,,3357,2,small,,,False,False,https://www.amazon.co.jp/dp/B09VBTN4DQ,,
2913,B0DX6W3F1G,sports,4573607860972,放浪カモメ PEライン 釣り糸 0.8号 300M ハイビズ イエロー 8本編 15lb アルティメットパワー シーバス,2420.0,,3355,2,small,,,False,False,https://www.amazon.co.jp/dp/B0DX6W3F1G,,
2914,B09VBV21TQ,sports,4582552712335,放浪カモメ PEライン 釣り糸 0.8号 150M ハイビズ イエロー 4本編 15lb アルティメットパワー シーバス,1310.0,,3355,2,small,,,False,False,https://www.amazon.co.jp/dp/B09VBV21TQ,,
2915,B0B7RS9KHX,sports,4582552716593,放浪カモメ PEライン 釣り糸 20号 300M 5色 マルチカラー 8本編 200lb アルティメットパワー 石鯛 イ,2180.0,,3355,2,small,,,False,False,https://www.amazon.co.jp/dp/B0B7RS9KHX,,
2916,B09VBTJS8P,sports,4582552711871,放浪カモメ PEライン 釣り糸 4号 150M 5色 マルチカラー 4本編 50lb アルティメットパワー 青物 ジギン,1320.0,,3355,2,small,,,False,False,https://www.amazon.co.jp/dp/B09VBTJS8P,,
2917,B09VBTTRXK,sports,4582552711758,放浪カモメ PEライン 釣り糸 10号 1000M ハイビズ イエロー 4本編 110lb アルティメットパワー ブリ ,2620.0,,3355,2,standard_1,,,False,False,https://www.amazon.co.jp/dp/B09VBTTRXK,,
2918,B09VBR4GRF,sports,4582552714995,放浪カモメ PEライン 釣り糸 7号 150M 5色 マルチカラー 8本編 80lb アルティメットパワー ブリ ヒラマ,1530.0,,3355,2,small,,,False,False,https://www.amazon.co.jp/dp/B09VBR4GRF,,
2919,B09VBNYGY6,sports,4582552712243,放浪カモメ PEライン 釣り糸 4.5号 150M クリア ホワイト 4本編 55lb アルティメットパワー ブリ ヒラ,1310.0,,3357,2,small,,,False,False,https://www.amazon.co.jp/dp/B09VBNYGY6,,
2920,B0DX72HHWK,sports,4573607861290,放浪カモメ PEライン 釣り糸 1.2号 500M クリア ホワイト 8本編 20lb アルティメットパワー 青物 ショ,2790.0,,3357,2,small,,,False,False,https://www.amazon.co.jp/dp/B0DX72HHWK,,
2921,B09VBQ312F,sports,4582552712137,放浪カモメ PEライン 釣り糸 0.4号 150M クリア ホワイト 4本編 11lb アルティメットパワー シーバス ,1390.0,,3357,2,small,,,False,False,https://www.amazon.co.jp/dp/B09VBQ312F,,
2922,B09VBSCJD2,sports,4582552711796,放浪カモメ PEライン 釣り糸 0.8号 150M 5色 マルチカラー 4本編 15lb アルティメットパワー シーバス,1320.0,,3355,2,small,,,False,False,https://www.amazon.co.jp/dp/B09VBSCJD2,,
2923,B09VBS6TKT,sports,4582552714469,放浪カモメ PEライン 釣り糸 0.3号 500M ハイビズ イエロー 4本編 9lb アルティメットパワー アジング ,2075.0,,3355,2,small,,,False,False,https://www.amazon.co.jp/dp/B09VBS6TKT,,
2924,B09VBST8MT,sports,4582552714575,放浪カモメ PEライン 釣り糸 4号 500M ハイビズ イエロー 4本編 50lb アルティメットパワー 青物 ジギン,1870.0,,3355,2,small,,,False,False,https://www.amazon.co.jp/dp/B09VBST8MT,,
2925,B09VBS1XPD,sports,4582552711253,放浪カモメ PEライン 釣り糸 0.8号 1000M ビビット ピンク 4本編 15lb アルティメットパワー シーバス,2620.0,,3355,2,small,,,False,False,https://www.amazon.co.jp/dp/B09VBS1XPD,,
2926,B09VBTJQK3,sports,4582552711246,放浪カモメ PEライン 釣り糸 0.6号 1000M ビビット ピンク 4本編 12lb アルティメットパワー シーバス,2620.0,,3357,2,small,,,False,False,https://www.amazon.co.jp/dp/B09VBTJQK3,,
2927,B09VBSYLVM,sports,4582552711710,放浪カモメ PEライン 釣り糸 5号 1000M ハイビズ イエロー 4本編 60lb アルティメットパワー ブリ ヒラ,2620.0,,3355,2,small,,,False,False,https://www.amazon.co.jp/dp/B09VBSYLVM,,
2928,B09VBPXKGP,sports,4582552715039,放浪カモメ PEライン 釣り糸 16号 150M 5色 マルチカラー 8本編 150lb アルティメットパワー 石鯛 イ,1530.0,,3355,2,small,,,False,False,https://www.amazon.co.jp/dp/B09VBPXKGP,,
2929,B09VBS4WDN,sports,4582552713943,放浪カモメ PEライン 釣り糸 0.6号 500M 5色 マルチカラー 4本編 12lb アルティメットパワー シーバス,1870.0,,3355,2,small,,,False,False,https://www.amazon.co.jp/dp/B09VBS4WDN,,
2930,B09VBRGLX6,sports,4582552711833,放浪カモメ PEライン 釣り糸 2号 150M 5色 マルチカラー 4本編 28lb アルティメットパワー 青物 ジギン,1320.0,,3355,2,small,,,False,False,https://www.amazon.co.jp/dp/B09VBRGLX6,,
2931,B09VBTTHVN,sports,4582552715008,放浪カモメ PEライン 釣り糸 8号 150M 5色 マルチカラー 8本編 89lb アルティメットパワー ブリ ヒラマ,1530.0,,3355,2,small,,,False,False,https://www.amazon.co.jp/dp/B09VBTTHVN,,
2932,B09VBRZV9W,sports,4582552713790,放浪カモメ PEライン 釣り糸 1.2号 300M ハイビズ イエロー 4本編 20lb アルティメットパワー 青物 シ,1580.0,,3355,2,small,,,False,False,https://www.amazon.co.jp/dp/B09VBRZV9W,,
2933,B0DX6GC7PB,sports,4573607860767,放浪カモメ PEライン 釣り糸 1.5号 300M ビビット ピンク 8本編 22lb アルティメットパワー 青物 ショ,2180.0,,3355,2,small,,,False,False,https://www.amazon.co.jp/dp/B0DX6GC7PB,,
2934,B09VBRN827,sports,4582552714209,放浪カモメ PEライン 釣り糸 3.5号 500M ビビット ピンク 4本編 46lb アルティメットパワー 青物 ジギ,1870.0,,3355,2,small,,,False,False,https://www.amazon.co.jp/dp/B09VBRN827,,
2935,B0DX6LFDV3,sports,4573607861023,放浪カモメ PEライン 釣り糸 0.6号 500M ハイビズ イエロー 8本編 12lb アルティメットパワー シーバス,2820.0,,3355,2,small,楽天,はずれ,False,False,https://www.amazon.co.jp/dp/B0DX6LFDV3,楽天最安 JAN=4573607861023,
2936,B09VBRTL62,sports,4582552711642,放浪カモメ PEライン 釣り糸 1.5号 1000M ハイビズ イエロー 4本編 22lb アルティメットパワー 青物 ,2620.0,,3355,2,small,,,False,False,https://www.amazon.co.jp/dp/B09VBRTL62,,
2937,B09VBRZVB5,sports,4582552714360,放浪カモメ PEライン 釣り糸 2.5号 500M クリア ホワイト 4本編 30lb アルティメットパワー 青物 ジギ,1870.0,,3357,2,small,,,False,False,https://www.amazon.co.jp/dp/B09VBRZVB5,,
2938,B09VBSGBLK,sports,4582552713264,放浪カモメ PEライン 釣り糸 1.5号 300M 5色 マルチカラー 4本編 22lb アルティメットパワー 青物 シ,1520.0,,3355,2,small,,,False,False,https://www.amazon.co.jp/dp/B09VBSGBLK,,
2939,B09VBRJVXM,sports,4582552714520,放浪カモメ PEライン 釣り糸 1.5号 500M ハイビズ イエロー 4本編 22lb アルティメットパワー 青物 シ,1870.0,,3357,2,small,,,False,False,https://www.amazon.co.jp/dp/B09VBRJVXM,,
2940,B09VBSFWBS,sports,4582552713530,放浪カモメ PEライン 釣り糸 7号 300M ビビット ピンク 4本編 80lb アルティメットパワー ブリ ヒラマサ,1580.0,,3355,2,small,,,False,False,https://www.amazon.co.jp/dp/B09VBSFWBS,,
2941,B09VBSBJM9,sports,4582552715374,放浪カモメ PEライン 釣り糸 3号 500M 5色 マルチカラー 8本編 40lb アルティメットパワー 青物 ジギン,2790.0,,3355,2,small,,,False,False,https://www.amazon.co.jp/dp/B09VBSBJM9,,
2942,B09VBRPPK6,sports,4582552713608,放浪カモメ PEライン 釣り糸 1号 300M クリア ホワイト 4本編 18lb アルティメットパワー シーバス タチ,1580.0,,3355,2,small,,,False,False,https://www.amazon.co.jp/dp/B09VBRPPK6,,
2943,B09VBRW193,sports,4582552715510,放浪カモメ PEライン 釣り糸 30号 500M 5色 マルチカラー 8本編 243lb アルティメットパワー 石鯛 イ,2860.0,,3355,2,standard_1,,,False,False,https://www.amazon.co.jp/dp/B09VBRW193,,
2944,B09VBPTDDF,sports,4582552711604,放浪カモメ PEライン 釣り糸 0.6号 1000M ハイビズ イエロー 4本編 12lb アルティメットパワー シーバ,2620.0,,3355,2,small,,,False,False,https://www.amazon.co.jp/dp/B09VBPTDDF,,
2945,B0DX74DR8V,sports,4573607861047,放浪カモメ PEライン 釣り糸 1号 500M ハイビズ イエロー 8本編 18lb アルティメットパワー シーバス タ,2790.0,,3355,2,small,,,False,False,https://www.amazon.co.jp/dp/B0DX74DR8V,,
2946,B0BM4JQH3S,sports,4560461592460,[NITEIZE] カラビナ G-SERIES ステンレスシルバー W30×H62×D10mm,1300.0,,3152,2,small,Yahoo,はずれ,False,False,https://www.amazon.co.jp/dp/B0BM4JQH3S,Yahoo最安 JAN=4560461592460,
2947,B0BM4K4BC1,sports,4560461592477,[NITEIZE] カラビナ G-SERIES ステンレスシルバー W35×H75×D10mm,1540.0,,3153,3,small,Yahoo,はずれ,False,False,https://www.amazon.co.jp/dp/B0BM4K4BC1,Yahoo最安 JAN=4560461592477,
2948,B0F9VZR9YD,sports,4582451312377,FREEAP エアリー クーラーボックス 小型 5L 7L グレー 軽量 コンパクト 高保冷力 ソロキャンプ 部活 釣り,1950.0,,4454,3,standard_1,楽天,はずれ,False,False,https://www.amazon.co.jp/dp/B0F9VZR9YD,楽天最安 JAN=4582451312377,
2949,B00I6AYKWU,sports,4977716062010,ブリヂストン(BRIDGESTONE) ロイヤルサイクルカバー タイプC シルバー CV-KMRB4,3591.0,,4848,3,standard_1,Yahoo,はずれ,False,False,https://www.amazon.co.jp/dp/B00I6AYKWU,Yahoo最安 JAN=4977716062010,
2950,B00IGNS8KC,sports,4977716062003,ブリヂストン(BRIDGESTONE) ロイヤルサイクルカバー タイプB シルバー CV-KMS4,3427.0,,4848,4,standard_1,Yahoo,はずれ,False,False,https://www.amazon.co.jp/dp/B00IGNS8KC,Yahoo最安 JAN=4977716062003,
2951,B00I6BB3J2,sports,4977716061990,ブリヂストン(BRIDGESTONE) ロイヤルサイクルカバー タイプA シルバー CV-MINI3,3591.0,,4848,3,standard_1,楽天,はずれ,False,False,https://www.amazon.co.jp/dp/B00I6BB3J2,楽天最安 JAN=4977716061990,
2952,B00I6AX5IU,sports,4977716062027,ブリヂストン(BRIDGESTONE) ロイヤルサイクルカバー タイプD シルバー CV-KRC4,3591.0,,4848,4,standard_1,Yahoo,はずれ,False,False,https://www.amazon.co.jp/dp/B00I6AX5IU,Yahoo最安 JAN=4977716062027,
2953,B09VBRN9F9,sports,4582552714421,放浪カモメ PEライン 釣り糸 6号 500M クリア ホワイト 4本編 70lb アルティメットパワー ブリ ヒラマサ,1870.0,,3357,2,small,,,False,False,https://www.amazon.co.jp/dp/B09VBRN9F9,,
2954,B09VBS6DVL,sports,4582552711895,放浪カモメ PEライン 釣り糸 5号 150M 5色 マルチカラー 4本編 60lb アルティメットパワー ブリ ヒラマ,1320.0,,3355,2,small,,,False,False,https://www.amazon.co.jp/dp/B09VBS6DVL,,
2955,B0DX72F7Q5,sports,4573607860897,放浪カモメ PEライン 釣り糸 2号 1000M ハイビズ イエロー 8本編 28lb アルティメットパワー 青物 ジギ,4380.0,,3355,2,small,,,False,False,https://www.amazon.co.jp/dp/B0DX72F7Q5,,
2956,B09VBVNDTD,sports,4582552714681,放浪カモメ PEライン 釣り糸 1.5号 1000M 5色 マルチカラー 8本編 22lb アルティメットパワー 青物 ,4380.0,,3355,2,small,Yahoo,はずれ,False,False,https://www.amazon.co.jp/dp/B09VBVNDTD,Yahoo最安 JAN=4582552714681,
2957,B09VBQSLC6,sports,4582552714223,放浪カモメ PEライン 釣り糸 4.5号 500M ビビット ピンク 4本編 55lb アルティメットパワー ブリ ヒラ,1870.0,,3357,2,small,,,False,False,https://www.amazon.co.jp/dp/B09VBQSLC6,,
2958,B09VBQKP57,sports,4582552711802,放浪カモメ PEライン 釣り糸 1号 150M 5色 マルチカラー 4本編 18lb アルティメットパワー シーバス タ,1320.0,,3355,2,small,,,False,False,https://www.amazon.co.jp/dp/B09VBQKP57,,
2959,B09VBQZQ6F,sports,4582552712199,放浪カモメ PEライン 釣り糸 2号 150M クリア ホワイト 4本編 28lb アルティメットパワー 青物 ジギング,1310.0,,3156,2,small,,,False,False,https://www.amazon.co.jp/dp/B09VBQZQ6F,,
2960,B0DX74H7ZR,sports,4573607861016,放浪カモメ PEライン 釣り糸 2号 300M ハイビズ イエロー 8本編 28lb アルティメットパワー 青物 ジギン,2180.0,,3357,2,small,,,False,False,https://www.amazon.co.jp/dp/B0DX74H7ZR,,
2961,B09VBSBK57,sports,4582552711048,放浪カモメ PEライン 釣り糸 0.3号 1000M 5色 マルチカラー 4本編 9lb アルティメットパワー アジング,3180.0,,3355,2,small,,,False,False,https://www.amazon.co.jp/dp/B09VBSBK57,,
2962,B0B7RP27BP,sports,4582552716401,放浪カモメ PEライン 釣り糸 0.6号 300M 5色 マルチカラー 8本編 12lb アルティメットパワー シーバス,2520.0,,3357,2,small,,,False,False,https://www.amazon.co.jp/dp/B0B7RP27BP,,
2963,B09VBRW941,sports,4582552714155,放浪カモメ PEライン 釣り糸 1.2号 500M ビビット ピンク 4本編 20lb アルティメットパワー 青物 ショ,1870.0,,3355,2,small,,,False,False,https://www.amazon.co.jp/dp/B09VBRW941,,
2964,B09VBSBCLW,sports,4582552715343,放浪カモメ PEライン 釣り糸 1.5号 500M 5色 マルチカラー 8本編 22lb アルティメットパワー 青物 シ,2790.0,,3355,2,small,,,False,False,https://www.amazon.co.jp/dp/B09VBSBCLW,,
2965,B09VBTTRXC,sports,4582552714926,放浪カモメ PEライン 釣り糸 2.5号 150M 5色 マルチカラー 8本編 30lb アルティメットパワー 青物 ジ,1630.0,,3357,1,small,,,False,False,https://www.amazon.co.jp/dp/B09VBTTRXC,,
2966,B09VBP3C76,sports,4582552711468,放浪カモメ PEライン 釣り糸 1.5号 1000M クリア ホワイト 4本編 22lb アルティメットパワー 青物 シ,2620.0,,3355,1,small,,,False,False,https://www.amazon.co.jp/dp/B09VBP3C76,,
2967,B0DX6J7L2V,sports,4573607860637,放浪カモメ PEライン 釣り糸 1.2号 1000M ビビット ピンク 8本編 20lb アルティメットパワー 青物 シ,4380.0,,3357,2,small,,,False,False,https://www.amazon.co.jp/dp/B0DX6J7L2V,,
2968,B09VBRH8RX,sports,4582552714124,放浪カモメ PEライン 釣り糸 0.6号 500M ビビット ピンク 4本編 12lb アルティメットパワー シーバス ,1870.0,,3156,2,small,,,False,False,https://www.amazon.co.jp/dp/B09VBRH8RX,,
2969,B09VBQYP7S,sports,4582552715473,放浪カモメ PEライン 釣り糸 16号 500M 5色 マルチカラー 8本編 150lb アルティメットパワー 石鯛 イ,2860.0,,3355,2,small,,,False,False,https://www.amazon.co.jp/dp/B09VBQYP7S,,
2970,B09VBSBQNJ,sports,4582552713998,放浪カモメ PEライン 釣り糸 2号 500M 5色 マルチカラー 4本編 28lb アルティメットパワー 青物 ジギン,1870.0,,3357,2,small,,,False,False,https://www.amazon.co.jp/dp/B09VBSBQNJ,,
2971,B0DX734X63,sports,4573607860989,放浪カモメ PEライン 釣り糸 1号 300M ハイビズ イエロー 8本編 18lb アルティメットパワー シーバス タ,2180.0,,3357,2,small,,,False,False,https://www.amazon.co.jp/dp/B0DX734X63,,
2972,B09VBS1MPJ,sports,4582552712304,放浪カモメ PEライン 釣り糸 0.3号 150M ハイビズ イエロー 4本編 9lb アルティメットパワー アジング ,1390.0,,3357,2,small,,,False,False,https://www.amazon.co.jp/dp/B09VBS1MPJ,,
2973,B09VBRZ154,sports,4582552715480,放浪カモメ PEライン 釣り糸 18号 500M 5色 マルチカラー 8本編 172lb アルティメットパワー 石鯛 イ,2860.0,,3355,2,small,,,False,False,https://www.amazon.co.jp/dp/B09VBRZ154,,
2974,B09VBS3FRH,sports,4582552711529,放浪カモメ PEライン 釣り糸 4.5号 1000M クリア ホワイト 4本編 55lb アルティメットパワー ブリ ヒ,2620.0,,3357,2,small,,,False,False,https://www.amazon.co.jp/dp/B09VBS3FRH,,
2975,B09VBS9WNZ,sports,4582552712427,放浪カモメ PEライン 釣り糸 4.5号 150M ハイビズ イエロー 4本編 55lb アルティメットパワー ブリ ヒ,1310.0,,3355,2,small,,,False,False,https://www.amazon.co.jp/dp/B09VBS9WNZ,,
2976,B09VBRWZ11,sports,4582552714667,放浪カモメ PEライン 釣り糸 1号 1000M 5色 マルチカラー 8本編 18lb アルティメットパワー シーバス ,4380.0,,3156,2,small,,,False,False,https://www.amazon.co.jp/dp/B09VBRWZ11,,
2977,B0DX6ZG68G,sports,4573607861030,放浪カモメ PEライン 釣り糸 0.8号 500M ハイビズ イエロー 8本編 15lb アルティメットパワー シーバス,2820.0,,3355,2,small,,,False,False,https://www.amazon.co.jp/dp/B0DX6ZG68G,,
2978,B09VBS5H5Y,sports,4582552711338,放浪カモメ PEライン 釣り糸 4号 1000M ビビット ピンク 4本編 50lb アルティメットパワー 青物 ジギン,2620.0,,3156,2,small,,,False,False,https://www.amazon.co.jp/dp/B09VBS5H5Y,,
2979,B09VBS2PWQ,sports,4582552714551,放浪カモメ PEライン 釣り糸 3号 500M ハイビズ イエロー 4本編 40lb アルティメットパワー 青物 ジギン,1870.0,,3156,2,small,,,False,False,https://www.amazon.co.jp/dp/B09VBS2PWQ,,
2980,B09VBSB8FW,sports,4582552713523,放浪カモメ PEライン 釣り糸 6号 300M ビビット ピンク 4本編 70lb アルティメットパワー ブリ ヒラマサ,1580.0,,3156,2,small,,,False,False,https://www.amazon.co.jp/dp/B09VBSB8FW,,
2981,B09VBS9D9M,sports,4582552715305,放浪カモメ PEライン 釣り糸 0.6号 500M 5色 マルチカラー 8本編 12lb アルティメットパワー シーバス,2990.0,,3355,2,small,,,False,False,https://www.amazon.co.jp/dp/B09VBS9D9M,,
2982,B09VBPGLM3,sports,4582552714278,放浪カモメ PEライン 釣り糸 10号 500M ビビット ピンク 4本編 110lb アルティメットパワー ブリ ヒラ,1870.0,,3355,2,small,,,False,False,https://www.amazon.co.jp/dp/B09VBPGLM3,,
2983,B09VBT24ZP,sports,4582552714490,放浪カモメ PEライン 釣り糸 0.8号 500M ハイビズ イエロー 4本編 15lb アルティメットパワー シーバス,1870.0,,3355,2,small,,,False,False,https://www.amazon.co.jp/dp/B09VBT24ZP,,
2984,B0DX6PVR27,sports,4573607860606,放浪カモメ PEライン 釣り糸 0.6号 1000M ビビット ピンク 8本編 12lb アルティメットパワー シーバス,4890.0,,3355,2,small,,,False,False,https://www.amazon.co.jp/dp/B0DX6PVR27,,
2985,B09VBV95LC,sports,4582552714025,放浪カモメ PEライン 釣り糸 3.5号 500M 5色 マルチカラー 4本編 46lb アルティメットパワー 青物 ジ,1870.0,,3357,2,small,Yahoo,はずれ,False,False,https://www.amazon.co.jp/dp/B09VBV95LC,Yahoo最安 JAN=4582552714025,
2986,B09VBRWPQ2,sports,4582552714834,放浪カモメ PEライン 釣り糸 20号 1000M 5色 マルチカラー 8本編 200lb アルティメットパワー 石鯛 ,4380.0,,3355,2,standard_1,,,False,False,https://www.amazon.co.jp/dp/B09VBRWPQ2,,
2987,B09VBRC13N,sports,4582552715428,放浪カモメ PEライン 釣り糸 6号 500M 5色 マルチカラー 8本編 70lb アルティメットパワー ブリ ヒラマ,2790.0,,3355,2,small,,,False,False,https://www.amazon.co.jp/dp/B09VBRC13N,,
2988,B09VBSXVKS,sports,4582552711376,放浪カモメ PEライン 釣り糸 7号 1000M ビビット ピンク 4本編 80lb アルティメットパワー ブリ ヒラマ,2620.0,,3355,2,small,,,False,False,https://www.amazon.co.jp/dp/B09VBSXVKS,,
2989,B09VBQRYKN,sports,4582552713295,放浪カモメ PEライン 釣り糸 3号 300M 5色 マルチカラー 4本編 40lb アルティメットパワー 青物 ジギン,1520.0,,3156,2,small,,,False,False,https://www.amazon.co.jp/dp/B09VBQRYKN,,
2990,B0B7RNMB1H,sports,4582552716517,放浪カモメ PEライン 釣り糸 5号 300M 5色 マルチカラー 8本編 60lb アルティメットパワー ブリ ヒラマ,2180.0,,3355,2,small,,,False,False,https://www.amazon.co.jp/dp/B0B7RNMB1H,,
2991,B09VBRYPQV,sports,4582552711963,放浪カモメ PEライン 釣り糸 0.6号 150M ビビット ピンク 4本編 12lb アルティメットパワー シーバス ,1310.0,,3357,2,small,,,False,False,https://www.amazon.co.jp/dp/B09VBRYPQV,,
2992,B09VBPCCG3,sports,4582552713721,放浪カモメ PEライン 釣り糸 8号 300M クリア ホワイト 4本編 89lb アルティメットパワー ブリ ヒラマサ,1580.0,,3355,2,small,,,False,False,https://www.amazon.co.jp/dp/B09VBPCCG3,,
2993,B0DX6RZLQJ,sports,4573607860934,放浪カモメ PEライン 釣り糸 1.2号 150M ハイビズ イエロー 8本編 20lb アルティメットパワー 青物 シ,1480.0,,3355,2,small,,,False,False,https://www.amazon.co.jp/dp/B0DX6RZLQJ,,
2994,B09VBT2R33,sports,4582552711703,放浪カモメ PEライン 釣り糸 4.5号 1000M ハイビズ イエロー 4本編 55lb アルティメットパワー ブリ ,2620.0,,3355,2,small,,,False,False,https://www.amazon.co.jp/dp/B09VBT2R33,,
2995,B0DX6VG71C,sports,4573607861214,放浪カモメ PEライン 釣り糸 0.8号 300M クリア ホワイト 8本編 15lb アルティメットパワー シーバス ,2420.0,,3355,2,small,,,False,False,https://www.amazon.co.jp/dp/B0DX6VG71C,,
2996,B09VBSB7NB,sports,4582552713202,放浪カモメ PEライン 釣り糸 0.3号 300M 5色 マルチカラー 4本編 9lb アルティメットパワー アジング ,1640.0,,3156,2,small,,,False,False,https://www.amazon.co.jp/dp/B09VBSB7NB,,
2997,B09VBRGC2Z,sports,4582552714247,放浪カモメ PEライン 釣り糸 6号 500M ビビット ピンク 4本編 70lb アルティメットパワー ブリ ヒラマサ,1870.0,,3156,2,small,,,False,False,https://www.amazon.co.jp/dp/B09VBRGC2Z,,
2998,B00A1ZSD5I,office,4901881293092,サクラクレパス 手がよごれないクーピーペンシル 12色パック入り FYS12-P,1577.0,,3000,2,small,Yahoo,あやしい,False,False,https://www.amazon.co.jp/dp/B00A1ZSD5I,Yahoo最安 JAN=4901881293092,
2999,B0GSXZXH55,office,4901681865345,ゼブラ ジェルボールペン サラサグランド 0.5mm カメックス 黒インク ダークブルー軸 限定 P-JJ57-PO-V,2000.0,,3297,4,small,楽天,はずれ,False,False,https://www.amazon.co.jp/dp/B0GSXZXH55,楽天最安 JAN=4901681865345,
3000,B0GSY3TJHX,office,4901681865352,ゼブラ ポケモン ジェルボールペン サラサグランド 0.5mm リザードン 黒インク レッドブラック軸 限定 P-JJ5,1903.0,,3010,7,small,楽天,はずれ,False,False,https://www.amazon.co.jp/dp/B0GSY3TJHX,楽天最安 JAN=4901681865352,
3001,B079FLYBQ8,office,4977766789844,ブラザー工業 TZeテープ ラミネートつや消し TZe-M51 透明地(つや消し)/黒文字 24mm,2380.0,,2922,6,small,楽天,あやしい,False,False,https://www.amazon.co.jp/dp/B079FLYBQ8,楽天最安 JAN=4977766789844,
3002,B00SA8RPE8,office,4977766747776,【ブラザー純正】ピータッチ ラミネートテープ TZe-M32 幅12mm (赤文字/透明/つや消し),1250.0,,3014,10,small,Yahoo,はずれ,False,False,https://www.amazon.co.jp/dp/B00SA8RPE8,Yahoo最安 JAN=4977766747776,
3003,B004OQ2B58,office,4974052615627,シャチハタ 印鑑 ハンコ ブラック8 XL-8 印面8ミリ 渡辺,1180.0,,3341,8,small,Yahoo,はずれ,False,False,https://www.amazon.co.jp/dp/B004OQ2B58,Yahoo最安 JAN=4974052615627,
3004,B0D1QLBFKR,office,4550533108750,[山善] ストレッチフィルム 500mm×300m巻 厚さ15μ 15ミクロン 1本入 梱包材 梱包用ラップ ハンディラ,1381.0,,2517,2,large_1,Yahoo,はずれ,False,False,https://www.amazon.co.jp/dp/B0D1QLBFKR,Yahoo最安 JAN=4550533108750,
3005,B0DQXY7NRB,office,4901770784762,サンスター文具(Sun-Star Stationery) ちいかわ シャープペン デザインコレクション ちいかわ S44,1150.0,,2537,2,small,Yahoo,はずれ,False,False,https://www.amazon.co.jp/dp/B0DQXY7NRB,Yahoo最安 JAN=4901770784762,
3006,B002EC6X8U,office,4974052346736,シャチハタ 印鑑 ハンコ ブラック11 XL-11 印面11ミリ 渡部,1633.0,,3341,9,small,Yahoo,はずれ,False,False,https://www.amazon.co.jp/dp/B002EC6X8U,Yahoo最安 JAN=4974052346736,
3007,B004OQ2B80,office,4974052615634,シャチハタ 印鑑 ハンコ ブラック8 XL-8 印面8ミリ 渡部,1003.0,,3341,8,small,Yahoo,はずれ,False,False,https://www.amazon.co.jp/dp/B004OQ2B80,Yahoo最安 JAN=4974052615634,
3008,B0DQXYZHG9,office,4901770784809,サンスター文具(Sun-Star Stationery) ちいかわ シャープペン デザインコレクション 古本屋 S448,1280.0,,3026,3,small,Yahoo,あやしい,False,False,https://www.amazon.co.jp/dp/B0DQXYZHG9,Yahoo最安 JAN=4901770784809,
3009,B0H3YZX86H,office,0719559691286,【2026進化2.0・A3/A4対応】 Vexify ラミネーター 冷温両用 150μm対応 50秒高速予熱 自動オフ＆,7999.0,,3033,2,large_1,Yahoo,はずれ,False,False,https://www.amazon.co.jp/dp/B0H3YZX86H,Yahoo最安 JAN=0719559691286,
3010,B09S5LD8KY,office,4902562492384,レイメイ藤井 ペンケース ケプト Kept クリアペンポーチ ライトグレー KPF9021LN,1590.0,,1912,4,standard_1,Yahoo,はずれ,False,False,https://www.amazon.co.jp/dp/B09S5LD8KY,Yahoo最安 JAN=4902562492384,
3011,B0848TCSG3,office,4902562479576,レイメイ藤井 ペンケース ケプト Kept クリアペンポーチ バイオレット KPF902V,1290.0,,1912,9,small,Yahoo,はずれ,False,False,https://www.amazon.co.jp/dp/B0848TCSG3,Yahoo最安 JAN=4902562479576,
3012,B0848LZ6YQ,office,4902562479620,レイメイ藤井 ペンケース ケプト Kept クリアペンポーチ ライトブルー KPF902H,1332.0,,3037,7,small,楽天,はずれ,False,False,https://www.amazon.co.jp/dp/B0848LZ6YQ,楽天最安 JAN=4902562479620,
3013,B09S5X4WWP,office,4902562492391,レイメイ藤井 ペンケース ケプト Kept クリアペンポーチ ブラウン KPF9021C,1570.0,,3037,5,small,楽天,はずれ,False,False,https://www.amazon.co.jp/dp/B09S5X4WWP,楽天最安 JAN=4902562492391,
3014,B09S5QRFMB,office,4902562492445,レイメイ藤井 ペンケース ケプト Kept クリアペンポーチ ベージュ KPF9021J,1600.0,,3037,11,small,Yahoo,はずれ,False,False,https://www.amazon.co.jp/dp/B09S5QRFMB,Yahoo最安 JAN=4902562492445,
3015,B0GKFPGC1R,office,,【家電批評ベストバイ受賞】エアダスター 電動ブロワー 洗車【史上爆風No.1】【2026年充電改良】300000RPM超,9479.0,,3046,3,standard_1,,,False,False,https://www.amazon.co.jp/dp/B0GKFPGC1R,,
3016,B0H11BSK54,office,,【家電批評ベストバイ受賞】エアダスター 電動ブロワー 洗車【史上爆風No.1】【2026年充電改良】300000RPM超,9399.0,,3046,5,standard_1,,,False,False,https://www.amazon.co.jp/dp/B0H11BSK54,,
3017,B0716DCC3W,office,4002432114511,LEITZ ライツ プラス レタートレー スリム A4 縦型 200枚用 レッド 5237-10-25,1162.0,,3064,3,standard_1,Yahoo,はずれ,False,False,https://www.amazon.co.jp/dp/B0716DCC3W,Yahoo最安 JAN=4002432114511,
3018,B0FLCR1RJR,office,4902562515588,レイメイ藤井 システム手帳 リフィル 2026 バイブルサイズ ダヴィンチ 週間4 ウィークリー 2025年 12月始ま,1204.0,,3991,4,small,Yahoo,はずれ,False,False,https://www.amazon.co.jp/dp/B0FLCR1RJR,Yahoo最安 JAN=4902562515588,
3019,B0FLCTYBJY,office,4902562515601,レイメイ藤井 システム手帳 リフィル 2026 バイブルサイズ ダヴィンチ 週間6 ウィークリー 2025年 12月始ま,1140.0,,3992,7,small,Yahoo,はずれ,False,False,https://www.amazon.co.jp/dp/B0FLCTYBJY,Yahoo最安 JAN=4902562515601,
3020,B0FLD5PMZJ,office,4902562515687,レイメイ藤井 手帳 システム手帳 リフィル 2026 バイブルサイズ ダヴィンチ 月間8 マンスリー DR2647 20,1252.0,,3991,2,small,楽天,はずれ,False,False,https://www.amazon.co.jp/dp/B0FLD5PMZJ,楽天最安 JAN=4902562515687,
3021,B0FLD6VQV5,office,4902562515762,レイメイ藤井 手帳 システム手帳 リフィル 2026 バイブルサイズ ダヴィンチ 2デイズ DR2646 2025年 1,3439.0,,3992,3,small,Yahoo,あやしい,True,True,https://www.amazon.co.jp/dp/B0FLD6VQV5,Yahoo最安 JAN=4902562515762,
3022,B0FLCQVXFL,office,4902562515953,レイメイ藤井 手帳 システム手帳 リフィル 2026 バイブルサイズ ダヴィンチ Date you dream. 週間 ,1007.0,,3071,8,small,楽天,はずれ,False,False,https://www.amazon.co.jp/dp/B0FLCQVXFL,楽天最安 JAN=4902562515953,
3023,B0FLCRJHJJ,office,4902562515571,レイメイ藤井 システム手帳 リフィル 2026 バイブルサイズ ダヴィンチ 週間3 ウィークリー 2025年 12月始ま,1870.0,,3071,2,small,Yahoo,あやしい,False,False,https://www.amazon.co.jp/dp/B0FLCRJHJJ,Yahoo最安 JAN=4902562515571,
3024,B0FLCRK6CN,office,4902562515649,レイメイ藤井 手帳 システム手帳 リフィル 2026 バイブルサイズ ダヴィンチ 月間3 マンスリー DR2620 20,2100.0,,3992,2,small,Yahoo,あやしい,True,True,https://www.amazon.co.jp/dp/B0FLCRK6CN,Yahoo最安 JAN=4902562515649,
3025,B0FLCY32GT,office,4902562515557,レイメイ藤井 システム手帳 リフィル 2026 バイブルサイズ ダヴィンチ 週間1 ウィークリー 2025年 12月始ま,1143.0,,3991,8,small,Yahoo,はずれ,False,False,https://www.amazon.co.jp/dp/B0FLCY32GT,Yahoo最安 JAN=4902562515557,
3026,B0FLD4HPMQ,office,4902562515755,レイメイ藤井 手帳 システム手帳 リフィル 2026 バイブルサイズ ダヴィンチ デイリー DR2629 2025年 1,4359.0,,3992,2,standard_1,Yahoo,はずれ,False,False,https://www.amazon.co.jp/dp/B0FLD4HPMQ,Yahoo最安 JAN=4902562515755,
3027,B004OPZPB6,office,4974052547461,シャチハタ 印鑑 ハンコ ブラック8 印面8ミリ 鈴木 XL-8,1048.0,,4229,8,small,Yahoo,はずれ,False,False,https://www.amazon.co.jp/dp/B004OPZPB6,Yahoo最安 JAN=4974052547461,
3028,B0006L019I,office,4901480014647,コクヨ PPCカラー用紙 共用紙 FSC認証 B4 500枚 ピンク KB-C34P,3048.0,,3078,10,large_1,Yahoo,はずれ,False,False,https://www.amazon.co.jp/dp/B0006L019I,Yahoo最安 JAN=4901480014647,
3029,B01ABLO9R2,office,4970115563775,オープン工業 クロークチケット 親子札 番号札 81-100番 セット 白 BF-154-WH,3194.0,,3014,8,standard_1,Yahoo,あやしい,False,False,https://www.amazon.co.jp/dp/B01ABLO9R2,Yahoo最安 JAN=4970115563775,
3030,B081N9YZ29,office,4901681074266,ゼブラ 蛍光ペン マイルドライナー マイルドレモンイエロー 10本 B-WKT7-MLY,1098.0,,3358,2,small,Yahoo,はずれ,False,False,https://www.amazon.co.jp/dp/B081N9YZ29,Yahoo最安 JAN=4901681074266,
3031,B081NB8RCB,office,4901681056828,ゼブラ 蛍光ペン マイルドライナー マイルドマリーゴールド 10本 B-WKT7-MMGO,1059.0,,3358,2,small,Yahoo,はずれ,False,False,https://www.amazon.co.jp/dp/B081NB8RCB,Yahoo最安 JAN=4901681056828,
3032,B00IR4QRTY,office,4901427160505,呉竹 筆ペン 筆ごこち 筆風サインペン 黒 10本セット LS1-10S/10P,1750.0,,3084,6,small,Yahoo,はずれ,False,False,https://www.amazon.co.jp/dp/B00IR4QRTY,Yahoo最安 JAN=4901427160505,
3033,B07LGG4NDM,office,4970115564772,オープン工業 クロークチケット 親子札 番号札 41-60番 セット 黒 BF-152-BK,2018.0,,3014,7,standard_1,Yahoo,はずれ,False,False,https://www.amazon.co.jp/dp/B07LGG4NDM,Yahoo最安 JAN=4970115564772,
3034,B07LGG4NDB,office,4970115564789,オープン工業 クロークチケット 親子札 番号札 61-80番 セット 黒 BF-153-BK,2665.0,,3014,6,standard_1,Yahoo,はずれ,False,False,https://www.amazon.co.jp/dp/B07LGG4NDB,Yahoo最安 JAN=4970115564789,
3035,B00JVHNXM0,office,4901681053629,ゼブラ 蛍光ペン マイルドライナー レッド 10本 B-WKT7-MR,1054.0,,3358,2,small,Yahoo,はずれ,False,False,https://www.amazon.co.jp/dp/B00JVHNXM0,Yahoo最安 JAN=4901681053629,
3036,B081NBS1HX,office,4901681056804,ゼブラ 蛍光ペン マイルドライナー マイルドサマーグリーン 10本 B-WKT7-MSG,1100.0,,3358,2,small,Yahoo,はずれ,False,False,https://www.amazon.co.jp/dp/B081NBS1HX,Yahoo最安 JAN=4901681056804,
3037,B01ABL8W9I,office,4970115563706,オープン工業 クロークチケット 親子札 番号札 61-80番 セット 黄 BF-153-YE,3194.0,,3014,8,standard_1,楽天,はずれ,False,False,https://www.amazon.co.jp/dp/B01ABL8W9I,楽天最安 JAN=4970115563706,
3038,B07LGBSRFY,office,4970115564796,オープン工業 クロークチケット 親子札 番号札 81-100番 セット 黒 BF-154-BK,3268.0,,3014,6,standard_1,Yahoo,あやしい,False,False,https://www.amazon.co.jp/dp/B07LGBSRFY,Yahoo最安 JAN=4970115564796,
3039,B081NBJMP7,office,4901681056835,ゼブラ 蛍光ペン マイルドライナー マイルドシトラスグリーン 10本 B-WKT7-MCG,1044.0,,3358,2,small,Yahoo,はずれ,False,False,https://www.amazon.co.jp/dp/B081NBJMP7,Yahoo最安 JAN=4901681056835,
3040,B01ABKY77K,office,4970115563652,オープン工業 クロークチケット 親子札 番号札 41-60番 セット 黄 BF-152-YE,2754.0,,3014,10,standard_1,楽天,はずれ,False,False,https://www.amazon.co.jp/dp/B01ABKY77K,楽天最安 JAN=4970115563652,
3041,B09Z5VVCJM,office,4901681193240,ゼブラ 蛍光ペン マイルドライナー マイルドライラック 10本 B-WKT7-MLL,1100.0,,3358,2,small,Yahoo,はずれ,False,False,https://www.amazon.co.jp/dp/B09Z5VVCJM,Yahoo最安 JAN=4901681193240,
3042,B01ABKY75M,office,4970115563676,オープン工業 クロークチケット 親子札 番号札 41-60番 セット 白 BF-152-WH,2665.0,,3089,7,standard_1,Yahoo,はずれ,False,False,https://www.amazon.co.jp/dp/B01ABKY75M,Yahoo最安 JAN=4970115563676,
3043,B01ABLO9OK,office,4970115563737,オープン工業 クロークチケット 親子札 番号札 81-100番 セット 青 BF-154-BU,2754.0,,3089,9,standard_1,Yahoo,はずれ,False,False,https://www.amazon.co.jp/dp/B01ABLO9OK,Yahoo最安 JAN=4970115563737,
3044,B01ABLO9O0,office,4970115563744,オープン工業 クロークチケット 親子札 番号札 81-100番 セット 赤 BF-154-RD,3267.0,,3089,9,standard_1,Yahoo,あやしい,False,False,https://www.amazon.co.jp/dp/B01ABLO9O0,Yahoo最安 JAN=4970115563744,
3045,B01ABL8W6G,office,4970115563720,オープン工業 クロークチケット 親子札 番号札 61-80番 セット 白 BF-153-WH,2291.0,,3014,6,standard_1,楽天,はずれ,False,False,https://www.amazon.co.jp/dp/B01ABL8W6G,楽天最安 JAN=4970115563720,
3046,B01ABL8W52,office,4970115563713,オープン工業 クロークチケット 親子札 番号札 61-80番 セット 緑 BF-153-GN,2754.0,,3089,9,standard_1,Yahoo,はずれ,False,False,https://www.amazon.co.jp/dp/B01ABL8W52,Yahoo最安 JAN=4970115563713,
3047,B00JVHNTTW,office,4901681053667,ゼブラ 蛍光ペン マイルドライナー バイオレット 10本 B-WKT7-MVI,1015.0,,3090,4,small,Yahoo,はずれ,False,False,https://www.amazon.co.jp/dp/B00JVHNTTW,Yahoo最安 JAN=4901681053667,
3048,B0BJYXBQT8,office,4901991707328,トンボ鉛筆 修正テープ 5mm MONO モノ ポケット (モノ消しデザインの修正テープ) 使い切りタイプ モノカラー ,1128.0,,4115,2,small,Yahoo,はずれ,False,False,https://www.amazon.co.jp/dp/B0BJYXBQT8,Yahoo最安 JAN=4901991707328,
3049,B0BJZQ23T7,office,4901991707366,トンボ鉛筆 修正テープ 5mm MONO モノ ポケット (モノ消しデザインの修正テープ) 使い切りタイプ パープル 5,1019.0,,4115,2,small,Yahoo,はずれ,False,False,https://www.amazon.co.jp/dp/B0BJZQ23T7,Yahoo最安 JAN=4901991707366,
3050,B0BJZDK1WQ,office,4901991707359,トンボ鉛筆 修正テープ 5mm MONO モノ ポケット (モノ消しデザインの修正テープ) 使い切りタイプ ピンク 5個,1142.0,,4116,2,small,Yahoo,はずれ,False,False,https://www.amazon.co.jp/dp/B0BJZDK1WQ,Yahoo最安 JAN=4901991707359,
3051,B0GWKLZWFC,office,4901770056661,サンスター文具(Sun-Star Stationery) バインダー シール帳 ぷっくりシール用 スナップ付き デカ盛り,1480.0,,4638,4,small,Yahoo,はずれ,False,False,https://www.amazon.co.jp/dp/B0GWKLZWFC,Yahoo最安 JAN=4901770056661,
3052,B0GWKMZZPT,office,4901770056678,サンスター文具(Sun-Star Stationery) バインダー シール帳 ぷっくりシール用 スナップ付き デカ盛り,1320.0,,4638,4,standard_1,Yahoo,はずれ,False,False,https://www.amazon.co.jp/dp/B0GWKMZZPT,Yahoo最安 JAN=4901770056678,
3053,B0BJZ9GG8K,office,4901991707335,トンボ鉛筆 修正テープ 5mm MONO モノ ポケット (モノ消しデザインの修正テープ) 使い切りタイプ ブラック 5,1161.0,,3093,2,small,楽天,あやしい,False,False,https://www.amazon.co.jp/dp/B0BJZ9GG8K,楽天最安 JAN=4901991707335,
3054,B0GWKR9QSC,office,4901770056630,サンスター文具(Sun-Star Stationery) バインダー シール帳 ぷっくりシール用 スナップ付き デカ盛り,1480.0,,4638,4,small,楽天,はずれ,False,False,https://www.amazon.co.jp/dp/B0GWKR9QSC,楽天最安 JAN=4901770056630,
3055,B0BJYRF2WC,office,4901991707342,トンボ鉛筆 修正テープ 5mm MONO モノ ポケット (モノ消しデザインの修正テープ) 使い切りタイプ ブルー 5個,1068.0,,3093,2,small,Yahoo,はずれ,False,False,https://www.amazon.co.jp/dp/B0BJYRF2WC,Yahoo最安 JAN=4901991707342,
3056,B0GWKSRKBK,office,4901770056623,サンスター文具(Sun-Star Stationery) バインダー シール帳 ぷっくりシール用 スナップ付き デカ盛り,1500.0,,3096,3,small,楽天,はずれ,False,False,https://www.amazon.co.jp/dp/B0GWKSRKBK,楽天最安 JAN=4901770056623,
3057,B0DKB6WJZQ,office,4570151076811,Ninestar G&G 超耐水 ラベルシール A4 光沢紙 24面 丸型 20枚 直径40mm 強粘着 インクジェット,1480.0,,5828,2,standard_1,Yahoo,はずれ,False,False,https://www.amazon.co.jp/dp/B0DKB6WJZQ,Yahoo最安 JAN=4570151076811,
3058,B0DNG8HY3W,office,4570151076873,Ninestar G&G 超耐水 ラベルシール A4 光沢紙 44面 20枚 幅48.3mm 高さ25.4mm 強粘着 ,1480.0,,5828,2,standard_1,Yahoo,はずれ,False,False,https://www.amazon.co.jp/dp/B0DNG8HY3W,Yahoo最安 JAN=4570151076873,
3059,B0DNGX3Y85,office,4570151077023,Ninestar G&G 超耐水 ラベルシール A4 マット紙 65面 20枚 幅38.1mm 高さ21.2mm 強粘着,1150.0,,5828,2,standard_1,Yahoo,はずれ,False,False,https://www.amazon.co.jp/dp/B0DNGX3Y85,Yahoo最安 JAN=4570151077023,
3060,B0DNGBLL77,office,4570151076897,Ninestar G&G 超耐水 ラベルシール A4 光沢紙 95面 20枚 幅35mm 高さ12mm 強粘着 インクジ,1480.0,,5828,2,standard_1,Yahoo,はずれ,False,False,https://www.amazon.co.jp/dp/B0DNGBLL77,Yahoo最安 JAN=4570151076897,
3061,B0FTFCQ7NX,office,4570151077795,Ninestar G&G 超耐水 ラベルシール A4 光沢紙 40面 正方形 20枚 幅30mm 高さ30mm 強粘着 ,1480.0,,5827,2,standard_1,Yahoo,はずれ,False,False,https://www.amazon.co.jp/dp/B0FTFCQ7NX,Yahoo最安 JAN=4570151077795,
3062,B0DKB74WVS,office,4570151076798,Ninestar G&G 超耐水 ラベルシール A4 光沢紙 8面 20枚 幅99.06mm 高さ67.73mm 強粘着,1480.0,,5827,2,standard_1,Yahoo,はずれ,False,False,https://www.amazon.co.jp/dp/B0DKB74WVS,Yahoo最安 JAN=4570151076798,
3063,B0DNG927XW,office,4570151076880,Ninestar G&G 超耐水 ラベルシール A4 光沢紙 48面 丸型 20枚 直径30mm 強粘着 インクジェット,1480.0,,5828,2,standard_1,Yahoo,はずれ,False,False,https://www.amazon.co.jp/dp/B0DNG927XW,Yahoo最安 JAN=4570151076880,
3064,B0GYDX4FBP,office,4582655284500,八番屋 キーボックス キーケース 鍵収納 鍵管理 オフィス 家庭 壁掛け 専用キー付き インテリア 小型 ロック 暗証番,2722.0,,3974,2,standard_1,,,False,False,https://www.amazon.co.jp/dp/B0GYDX4FBP,,
3065,B01G4MQMMW,office,4974214172029,セキセイ クリップボード 譜面隠し 3面 FB-8001,1077.0,,3116,10,standard_1,楽天,はずれ,False,False,https://www.amazon.co.jp/dp/B01G4MQMMW,楽天最安 JAN=4974214172029,
3066,B0F74NNDWG,office,,テーブルクロス 透明 PVC製 テーブルマット 60*120cm 透明 PVC テーブルカバー 厚さ1.5mm 矩形 テ,1619.0,,3118,2,standard_1,,,False,False,https://www.amazon.co.jp/dp/B0F74NNDWG,,
3067,B07JGGXJRP,office,0609301077270,八番屋 キーボックス キーケース 鍵収納 鍵管理 オフィス 家庭 壁掛け 専用キー付き インテリア 小型 暗証番号 ダイ,2722.0,,3119,2,standard_1,楽天,はずれ,False,False,https://www.amazon.co.jp/dp/B07JGGXJRP,楽天最安 JAN=0609301077270,
3068,B0FSCRT39P,office,4902805127141,ミドリ 日記帳 日記 1日1ページ 洋風 赤 12714006,1956.0,,3121,8,standard_1,Yahoo,はずれ,False,False,https://www.amazon.co.jp/dp/B0FSCRT39P,Yahoo最安 JAN=4902805127141,
3069,B00NV6JLPK,office,4902805128445,ミドリ 日記 1日1ページ 洋風 12844006,1309.0,,3121,7,standard_1,Yahoo,はずれ,False,False,https://www.amazon.co.jp/dp/B00NV6JLPK,Yahoo最安 JAN=4902805128445,
3070,B09WQGMZZ8,office,4974052146015,シャチハタ 強着 スタンプ台 TAT 多目的用 特大型 紫 ATGA-4-V,4606.0,,4114,4,standard_1,Yahoo,はずれ,False,False,https://www.amazon.co.jp/dp/B09WQGMZZ8,Yahoo最安 JAN=4974052146015,
3071,B00V46VSRI,office,4977564609702,プラス ラベル いつものラベル FSC認証紙 20面 余白無 500枚 ME-511S 48-913,8288.0,,3629,8,large_1,楽天,はずれ,False,False,https://www.amazon.co.jp/dp/B00V46VSRI,楽天最安 JAN=4977564609702,
3072,B00V46VBS4,office,4977564606404,プラス ラベル いつものラベル FSC認証紙 角丸 12面 100枚 ME-521T 48-679,2870.0,,3629,4,standard_1,Yahoo,はずれ,False,False,https://www.amazon.co.jp/dp/B00V46VBS4,Yahoo最安 JAN=4977564606404,
3073,B00V46UV1W,office,4977564606039,プラス ラベル いつものラベル FSC認証紙 18面 100枚 ME-503T 48-642,1882.0,,3629,9,standard_1,Yahoo,はずれ,False,False,https://www.amazon.co.jp/dp/B00V46UV1W,Yahoo最安 JAN=4977564606039,
3074,B00V46UKQI,office,4977564605872,プラス ラベル いつものラベル FSC認証紙 20面 余白無 20枚 ME-511 48-626,1300.0,,3629,10,standard_1,楽天,はずれ,False,False,https://www.amazon.co.jp/dp/B00V46UKQI,楽天最安 JAN=4977564605872,
3075,B07N7FYLV1,office,4943740777428,クルーズ(Crew's) カタログケース A5(3段) CR74603,1721.0,,2722,7,standard_1,Yahoo,はずれ,False,False,https://www.amazon.co.jp/dp/B07N7FYLV1,Yahoo最安 JAN=4943740777428,
3076,B00V46VOBI,office,4977564609658,プラス ラベル いつものラベル FSC認証紙 21面 余白無 500枚 ME-504S 48-876,8288.0,,3629,9,large_1,楽天,はずれ,False,False,https://www.amazon.co.jp/dp/B00V46VOBI,楽天最安 JAN=4977564609658,
3077,B00V46VJDG,office,4977564609627,プラス ラベル いつものラベル FSC認証紙 角丸 12面 500枚 ME-513S 48-873,8288.0,,3629,10,large_1,楽天,はずれ,False,False,https://www.amazon.co.jp/dp/B00V46VJDG,楽天最安 JAN=4977564609627,
3078,B0BLY3Y49D,office,4982502070216,エムプラン キュービックス ペンケース エレガント マルチ グレー 106201-14,1480.0,,2921,5,small,Yahoo,はずれ,False,False,https://www.amazon.co.jp/dp/B0BLY3Y49D,Yahoo最安 JAN=4982502070216,
3079,B0CT4R6SSM,office,4982502074290,エムプラン ペンケース キュービックス ミニ チェック ピンク/グレージュ 106203-74,1045.0,,3142,2,small,Yahoo,はずれ,False,False,https://www.amazon.co.jp/dp/B0CT4R6SSM,Yahoo最安 JAN=4982502074290,
3080,B0CT4RSDSZ,office,4982502074269,エムプラン ペンケース キュービックス ミニ チェック ブルー 106203-71,1045.0,,3142,2,small,Yahoo,はずれ,False,False,https://www.amazon.co.jp/dp/B0CT4RSDSZ,Yahoo最安 JAN=4982502074269,
3081,B00777STBG,office,4974052290060,シャチハタ 捺印マット 印マット4 IM-3 大型 300×210×4.3ミリ グリーン,1900.0,,3030,8,standard_1,楽天,はずれ,False,False,https://www.amazon.co.jp/dp/B00777STBG,楽天最安 JAN=4974052290060,
3082,B007E6ACSS,office,4974052290039,シャチハタ 捺印マット 印マット4 IM-3 大型 300×210×4.3ミリ ブルー,2118.0,,3030,5,standard_1,Yahoo,はずれ,False,False,https://www.amazon.co.jp/dp/B007E6ACSS,Yahoo最安 JAN=4974052290039,
3083,B07VL2J5SH,office,4562137418081,ラミネートフィルム A3サイズ 100ミクロン (100枚入り) 光沢タイプ 303×426mm ラミネーターフィルム,2497.0,,3150,4,large_1,Yahoo,はずれ,False,False,https://www.amazon.co.jp/dp/B07VL2J5SH,Yahoo最安 JAN=4562137418081,
3084,B08TLZDWXY,office,4993707091623,ビジコム純正 三菱製紙国産 感熱レジロール紙 58mm幅×外径40φ×内径8mm 20巻 芯なし ノーマル保存 MP-B,2420.0,,3333,7,standard_2,Yahoo,はずれ,False,False,https://www.amazon.co.jp/dp/B08TLZDWXY,Yahoo最安 JAN=4993707091623,
3085,B092ZSGG1J,office,4993707091647,ビジコム純正 三菱製紙国産 感熱レジロール紙 58mm幅×外径40φ×内径8mm 5巻 芯なし ノーマル保存 モバイルプ,1250.0,,3333,6,standard_1,Yahoo,はずれ,False,False,https://www.amazon.co.jp/dp/B092ZSGG1J,Yahoo最安 JAN=4993707091647,
3086,B0BQ2LDDQL,office,,光沢なしシルバー/銀色 5枚セット 約A3サイズ カッティング用シート 屋内屋外 カッティングシール カッティングステッ,1980.0,,3161,2,standard_1,,,False,False,https://www.amazon.co.jp/dp/B0BQ2LDDQL,,
3087,B000HCBL1S,office,4971660761241,キングジム(Kingjim)KING JIM ラベルライタ- トリマ- RT36W,1632.0,,3161,7,small,楽天,はずれ,False,False,https://www.amazon.co.jp/dp/B000HCBL1S,楽天最安 JAN=4971660761241,
3088,B00RJK8WMM,office,4901991801736,トンボ鉛筆 鉛筆 Yo-i もちかた 2B 六角軸 右手左手兼用 KE-KY02-2B 1ダース,1990.0,,3171,2,small,Yahoo,原石,True,True,https://www.amazon.co.jp/dp/B00RJK8WMM,Yahoo最安 JAN=4901991801736,
3089,B00AQTTK24,office,4901681072767,ゼブラ ジェルボールペン サラサクリップ 0.4 ペールブルー 10本 B-JJS15-PB,1100.0,,2754,2,small,Yahoo,はずれ,False,False,https://www.amazon.co.jp/dp/B00AQTTK24,Yahoo最安 JAN=4901681072767,
3090,B00AQTTK3S,office,4901681072743,ゼブラ ジェルボールペン サラサクリップ 0.4 緑 10本 B-JJS15-G,1100.0,,2754,3,small,Yahoo,はずれ,False,False,https://www.amazon.co.jp/dp/B00AQTTK3S,Yahoo最安 JAN=4901681072743,
3091,B00AQTTLK0,office,4901681072781,ゼブラ ジェルボールペン サラサクリップ 0.4 ライトブルー 10本 B-JJS15-LB,1100.0,,2754,2,small,Yahoo,はずれ,False,False,https://www.amazon.co.jp/dp/B00AQTTLK0,Yahoo最安 JAN=4901681072781,
3092,B0BQ2LX4NY,office,,光沢なしパステルグレー薄灰色 5枚セット 約A3サイズ カッティング用シート 屋内屋外 カッティングシール カッティング,1980.0,,3673,2,standard_1,,,False,False,https://www.amazon.co.jp/dp/B0BQ2LX4NY,,
3093,B0BQ2CCMG5,office,,光沢なしパープル紫色 5枚セット 約A3サイズ カッティング用シート 屋内屋外 カッティングシール カッティングステッカ,1881.0,,3673,2,standard_1,,,False,False,https://www.amazon.co.jp/dp/B0BQ2CCMG5,,
3094,B0BQ2FPMCD,office,,光沢なしターコイズ 5枚セット 約A3サイズ カッティング用シート 屋内屋外 カッティングシール カッティングステッカー,1980.0,,3673,2,standard_1,,,False,False,https://www.amazon.co.jp/dp/B0BQ2FPMCD,,
3095,B0BQ2MWBCW,office,,光沢なしライトベージュ 5枚セット 約A3サイズ カッティング用シート 屋内屋外 カッティングシール カッティングステッ,1980.0,,3673,2,standard_1,,,False,False,https://www.amazon.co.jp/dp/B0BQ2MWBCW,,
3096,B01HEUA80U,office,,光沢なし ブラック/黒色 5枚セット 約A3サイズ カッティング用シート 屋内屋外 カッティングシール カッティングステ,1881.0,,3673,2,standard_1,,,False,False,https://www.amazon.co.jp/dp/B01HEUA80U,,
3097,B0BQ2J8WX4,office,,光沢なしグリーン緑色 5枚セット 約A3サイズ カッティング用シート 屋内屋外 カッティングシール カッティングステッカ,1881.0,,3673,2,standard_1,,,False,False,https://www.amazon.co.jp/dp/B0BQ2J8WX4,,
3098,B0BQ2N9ZVP,office,,光沢なしパステルミントグリーン 5枚セット 約A3サイズ カッティング用シート 屋内屋外 カッティングシール カッティン,1980.0,,3673,2,standard_1,,,False,False,https://www.amazon.co.jp/dp/B0BQ2N9ZVP,,
3099,B0BQ2M1V68,office,,光沢なしマリーゴールドイエロー山吹色 5枚セット 約A3サイズ カッティング用シート 屋内屋外 カッティングシール カッ,1980.0,,3673,2,standard_1,,,False,False,https://www.amazon.co.jp/dp/B0BQ2M1V68,,
3100,B0BQ2J8714,office,,光沢なしパステルブルー 5枚セット 約A3サイズ カッティング用シート 屋内屋外 カッティングシール カッティングステッ,1881.0,,3673,2,standard_1,,,False,False,https://www.amazon.co.jp/dp/B0BQ2J8714,,
3101,B09T31ZY1L,office,,光沢なし イエロー/黄色 5枚セット 約A3サイズ カッティング用シート 屋内屋外 カッティングシール カッティングステ,1881.0,,3673,2,standard_1,,,False,False,https://www.amazon.co.jp/dp/B09T31ZY1L,,
3102,B0BQ2F6SY5,office,,光沢なしネイビー紺色 5枚セット 約A3サイズ カッティング用シート 屋内屋外 カッティングシール カッティングステッカ,1881.0,,3673,2,standard_1,,,False,False,https://www.amazon.co.jp/dp/B0BQ2F6SY5,,
3103,B0BQ2F4JJR,office,,光沢なしブルー青色 5枚セット 約A3サイズ カッティング用シート 屋内屋外 カッティングシール カッティングステッカー,1980.0,,3673,2,standard_1,,,False,False,https://www.amazon.co.jp/dp/B0BQ2F4JJR,,
3104,B01HEU9W9I,office,,光沢なし ホワイト/白色 5枚セット 約A3サイズ カッティング用シート 屋内屋外 カッティングシール カッティングステ,1881.0,,3673,2,standard_1,,,False,False,https://www.amazon.co.jp/dp/B01HEU9W9I,,
3105,B0BQ25TS4K,office,,光沢なし グレー/灰色 5枚セット 約A3サイズ カッティング用シート 屋内屋外 カッティングシール カッティングステッ,1980.0,,3673,2,standard_1,,,False,False,https://www.amazon.co.jp/dp/B0BQ25TS4K,,
3106,B0BQ2H8XNV,office,,光沢なしみかんオレンジ橙色 5枚セット 約A3サイズ カッティング用シート 屋内屋外 カッティングシール カッティングス,1980.0,,3673,2,standard_1,,,False,False,https://www.amazon.co.jp/dp/B0BQ2H8XNV,,
3107,B0BQ2M1M15,office,,光沢なしクリームピンク薄ベージュ桃 5枚セット 約A3サイズ カッティング用シート 屋内屋外 カッティングシール カッテ,1881.0,,3673,2,standard_1,,,False,False,https://www.amazon.co.jp/dp/B0BQ2M1M15,,
3108,B0BQ2KV5YB,office,,光沢なしゴールド/金色 5枚セット 約A3サイズ カッティング用シート 屋内屋外 カッティングシール カッティングステッ,1881.0,,3673,2,standard_1,,,False,False,https://www.amazon.co.jp/dp/B0BQ2KV5YB,,
3109,B0BQ2P8S65,office,,光沢なしライムグリーン薄緑 5枚セット 約A3サイズ カッティング用シート 屋内屋外 カッティングシール カッティングス,1980.0,,3673,2,standard_1,,,False,False,https://www.amazon.co.jp/dp/B0BQ2P8S65,,
3110,B0GSYXNQT4,office,4580749661022,ラコニック 手帳 リフィル 2027年 A5 マンスリー LMLS15-150 (2026年9月始まり),1660.0,,3738,3,small,Yahoo,はずれ,False,False,https://www.amazon.co.jp/dp/B0GSYXNQT4,Yahoo最安 JAN=4580749661022,
3111,B0GSZ43CR4,office,4580749661121,ラコニック 手帳 リフィル 2027年 B6 ウィークリー LYS14-160 (2026年9月始まり),1770.0,,3738,3,small,Yahoo,はずれ,False,False,https://www.amazon.co.jp/dp/B0GSZ43CR4,Yahoo最安 JAN=4580749661121,
3112,B0GSZ58RDC,office,4580749660827,ラコニック 手帳 リフィル 2027年 B6 ウィークリー LKS77-160 (2026年9月始まり),1770.0,,3191,4,small,Yahoo,はずれ,False,False,https://www.amazon.co.jp/dp/B0GSZ58RDC,Yahoo最安 JAN=4580749660827,
3113,B0GSZ42N54,office,4580749660575,ラコニック 手帳 リフィル 2027年 B6 ウィークリー LIS101-160 (2026年9月始まり),1770.0,,3191,4,small,Yahoo,はずれ,False,False,https://www.amazon.co.jp/dp/B0GSZ42N54,Yahoo最安 JAN=4580749660575,
3114,B0GSYZF973,office,4580749660391,ラコニック 手帳 リフィル 2027年 A5 ウィークリー LALS93-190 (2026年9月始まり),2102.0,,3191,4,standard_1,Yahoo,はずれ,False,False,https://www.amazon.co.jp/dp/B0GSYZF973,Yahoo最安 JAN=4580749660391,
3115,B0CBJT4J8D,office,4902778302323,三菱鉛筆 シャープ替芯 ユニ メタルケース 0.5mm HB 約40本 ULSM05HB 【まとめ買い3個セット】,3680.0,,3192,7,small,楽天,原石,True,True,https://www.amazon.co.jp/dp/B0CBJT4J8D,楽天最安 JAN=4902778302323,
3116,B00XBUT1TM,office,4900669145929,ホルベイン アクリリックメディウム AM592 220ml スプレー マットバーニッシュ 〈つや消し 画面保護用ワニス〉,1808.0,,3194,6,small,Yahoo,はずれ,False,False,https://www.amazon.co.jp/dp/B00XBUT1TM,Yahoo最安 JAN=4900669145929,
3117,B0G4LZX316,office,4573648361667,いろは出版 日記帳 3 YEARS INTERVIEW DIARY 3年日記 連用日記 deep orange GYD-,2970.0,,3302,3,standard_1,Yahoo,はずれ,False,False,https://www.amazon.co.jp/dp/B0G4LZX316,Yahoo最安 JAN=4573648361667,
3118,B07FYHSYY9,office,4971660957392,キングジム クリアーファイル マガジンファイル 60P 乳白 195RYWニユ,1164.0,,3066,4,standard_1,Yahoo,はずれ,False,False,https://www.amazon.co.jp/dp/B07FYHSYY9,Yahoo最安 JAN=4971660957392,
3119,B0DMSR1P2W,office,4901480398228,コクヨ 筆箱 ポーチ ペンケース パンケース グレー F-VBF300M,1375.0,,3208,10,small,Yahoo,はずれ,False,False,https://www.amazon.co.jp/dp/B0DMSR1P2W,Yahoo最安 JAN=4901480398228,
3120,B004BPHQWU,office,0076818364139,Eclectic Products E6000 237032 工芸用 接着剤 2液量オンス 透明,1300.0,,3433,6,small,楽天,はずれ,False,False,https://www.amazon.co.jp/dp/B004BPHQWU,楽天最安 JAN=0076818364139,
3121,B00BSB2R7O,office,0076818380115,E6000® 237039 多目的接着剤 ブラック 2オンス,1455.0,,3433,3,small,楽天,はずれ,False,False,https://www.amazon.co.jp/dp/B00BSB2R7O,楽天最安 JAN=0076818380115,
3122,B0G4PKTR1Z,office,4902505688775,PILOT ボールペン替芯 フリクションレフィル LFRF 0.4mm 黒 3本入 10個 10LFRF243B,2499.0,,3222,2,small,Yahoo,はずれ,False,False,https://www.amazon.co.jp/dp/B0G4PKTR1Z,Yahoo最安 JAN=4902505688775,
3123,B07BHJPB2C,office,4902205912682,ナカバヤシ ライフスタイルツール ファイルB5 イエロー 91268,1549.0,,3213,3,standard_1,Yahoo,はずれ,False,False,https://www.amazon.co.jp/dp/B07BHJPB2C,Yahoo最安 JAN=4902205912682,
3124,B071H6HQYF,office,4902205912194,ナカバヤシ ライフスタイルツール ドキュメントファイル B6 ネイビー 91219,1180.0,,3213,3,standard_1,Yahoo,はずれ,False,False,https://www.amazon.co.jp/dp/B071H6HQYF,Yahoo最安 JAN=4902205912194,
3125,B07BHJ1F26,office,4902205912675,ナカバヤシ ライフスタイルツール ファイルB5 ピンク 91267,2100.0,,3213,2,standard_1,Yahoo,はずれ,False,False,https://www.amazon.co.jp/dp/B07BHJ1F26,Yahoo最安 JAN=4902205912675,
3126,B01N5U8I0F,office,4902205912422,ナカバヤシ ライフスタイルツール 収納カバン クラフト 91242,3630.0,,3213,3,standard_2,Yahoo,はずれ,False,False,https://www.amazon.co.jp/dp/B01N5U8I0F,Yahoo最安 JAN=4902205912422,
3127,B01CJ3P2P8,office,4902205911920,ナカバヤシ ライフスタイルツール 小物入れ 収納ケース ボックスS ワインレッド LST-B01WR,1300.0,,3213,8,small,楽天,はずれ,False,False,https://www.amazon.co.jp/dp/B01CJ3P2P8,楽天最安 JAN=4902205911920,
3128,B071KSBNWH,office,4902205912330,ナカバヤシ ライフスタイルツール レターケース A5 ブラック 91233,2980.0,,3213,2,standard_1,Yahoo,はずれ,False,False,https://www.amazon.co.jp/dp/B071KSBNWH,Yahoo最安 JAN=4902205912330,
3129,B0718VPG9X,office,4902205912385,ナカバヤシ ライフスタイルツール レターケース A4 クラフト 91238,3980.0,,3213,2,standard_1,楽天,はずれ,False,False,https://www.amazon.co.jp/dp/B0718VPG9X,楽天最安 JAN=4902205912385,
3130,B01CJ3P00A,office,4902205912019,ナカバヤシ ライフスタイルツール 小物入れ 収納ボックス ファイルA4 ワインレッド LST-FA4WR,2600.0,,3213,8,standard_1,Yahoo,はずれ,False,False,https://www.amazon.co.jp/dp/B01CJ3P00A,Yahoo最安 JAN=4902205912019,
3131,B07BHH8D82,office,4902205912613,ナカバヤシ ライフスタイルツール ボックスS グレー 91261,1599.0,,3213,7,small,Yahoo,はずれ,False,False,https://www.amazon.co.jp/dp/B07BHH8D82,Yahoo最安 JAN=4902205912613,
3132,B01CJ3OZT2,office,4902205912026,ナカバヤシ ライフスタイルツール 小物入れ 収納ボックス ファイルA4 ブラック LST-FA4BK,2373.0,,3213,7,standard_1,Yahoo,はずれ,False,False,https://www.amazon.co.jp/dp/B01CJ3OZT2,Yahoo最安 JAN=4902205912026,
3133,B0713QWX22,office,4902205912170,ナカバヤシ ライフスタイルツール ウォールボックスM ブラック 91217,1580.0,,3213,2,standard_1,Yahoo,はずれ,False,False,https://www.amazon.co.jp/dp/B0713QWX22,Yahoo最安 JAN=4902205912170,
3134,B072B99FPR,office,4902205912156,ナカバヤシ ライフスタイルツール ウォールボックスM ネイビー 91215,1000.0,,3213,2,standard_1,Yahoo,はずれ,False,False,https://www.amazon.co.jp/dp/B072B99FPR,Yahoo最安 JAN=4902205912156,
3135,B01CJ3OZVK,office,4902205911982,ナカバヤシ ライフスタイルツール 小物入れ 収納ボックス ファイルB5 ワインレッド LST-FB5WR,1780.0,,3213,10,standard_1,Yahoo,はずれ,False,False,https://www.amazon.co.jp/dp/B01CJ3OZVK,Yahoo最安 JAN=4902205911982,
3136,B01CJ3P2TY,office,4902205912002,ナカバヤシ ライフスタイルツール 小物入れ 収納ボックス ファイルA4 ネイビー LST-FA4NV,3073.0,,3213,8,standard_1,Yahoo,はずれ,False,False,https://www.amazon.co.jp/dp/B01CJ3P2TY,Yahoo最安 JAN=4902205912002,
3137,B01NH5BS6Z,office,4902205912415,ナカバヤシ ライフスタイルツール 収納カバン ブルー 91241,3332.0,,3213,3,standard_2,Yahoo,はずれ,False,False,https://www.amazon.co.jp/dp/B01NH5BS6Z,Yahoo最安 JAN=4902205912415,
3138,B01CJ3P2WG,office,4902205911999,ナカバヤシ ライフスタイルツール 小物入れ 収納ボックス ファイルB5 ブラック LST-FB5BK,2027.0,,3213,8,standard_1,Yahoo,はずれ,False,False,https://www.amazon.co.jp/dp/B01CJ3P2WG,Yahoo最安 JAN=4902205911999,
3139,B07BHJ5P58,office,4902205912712,ナカバヤシ ライフスタイルツール ファイルA4 ピンク 91271,4500.0,,3213,2,standard_1,Yahoo,あやしい,False,False,https://www.amazon.co.jp/dp/B07BHJ5P58,Yahoo最安 JAN=4902205912712,
3140,B0D7LMWVKX,office,4901478194832,クツワ ペンケース 筆入 ピッタントン 2ドア ライトブルー CH212LB,1300.0,,3017,8,small,楽天,はずれ,False,False,https://www.amazon.co.jp/dp/B0D7LMWVKX,楽天最安 JAN=4901478194832,
3141,B071KTTNWT,office,4902205912125,ナカバヤシ ライフスタイルツール ウォールボックスS ワインレッド 91212,1450.0,,3230,3,small,Yahoo,はずれ,False,False,https://www.amazon.co.jp/dp/B071KTTNWT,Yahoo最安 JAN=4902205912125,
3142,B01CJ3P032,office,4902205911951,ナカバヤシ ライフスタイルツール 小物入れ 収納ケース ボックスM ワインレッド LST-B02WR,1818.0,,3230,10,standard_1,楽天,はずれ,False,False,https://www.amazon.co.jp/dp/B01CJ3P032,楽天最安 JAN=4902205911951,
3143,B01CJ3P02S,office,4902205911937,ナカバヤシ ライフスタイルツール 小物入れ 収納ケース ボックスS ブラック LST-B01BK,1400.0,,3230,7,small,楽天,はずれ,False,False,https://www.amazon.co.jp/dp/B01CJ3P02S,楽天最安 JAN=4902205911937,
3144,B0D7L9WJL3,office,4901478194825,クツワ ペンケース 筆入 ピッタントン 2ドア マリンブルー CH212MB,1173.0,,3017,9,small,Yahoo,はずれ,False,False,https://www.amazon.co.jp/dp/B0D7L9WJL3,Yahoo最安 JAN=4901478194825,
3145,B07BHHDHYN,office,4902205912644,ナカバヤシ ライフスタイルツール ボックスM イエロー 91264,1500.0,,3230,5,standard_1,Yahoo,はずれ,False,False,https://www.amazon.co.jp/dp/B07BHHDHYN,Yahoo最安 JAN=4902205912644,
3146,B07BHL5XTD,office,4902205912699,ナカバヤシ ライフスタイルツール ファイルB5 グレー 91269,1600.0,,3213,2,standard_1,Yahoo,はずれ,False,False,https://www.amazon.co.jp/dp/B07BHL5XTD,Yahoo最安 JAN=4902205912699,
3147,B0D7LZ8HKX,office,4901478194856,クツワ ペンケース 筆入 ピッタントン 2ドア ミント CH212MT,1300.0,,3017,7,small,楽天,はずれ,False,False,https://www.amazon.co.jp/dp/B0D7LZ8HKX,楽天最安 JAN=4901478194856,
3148,B0D7M5JXNR,office,4901478194818,クツワ ペンケース 筆入 ピッタントン 2ドア ネイビー CH212NB,1336.0,,3017,9,small,Yahoo,はずれ,False,False,https://www.amazon.co.jp/dp/B0D7M5JXNR,Yahoo最安 JAN=4901478194818,
3149,B0D7LSZ16Z,office,4901478194801,クツワ ペンケース 筆入 ピッタントン 2ドア ブラック CH212BK,1336.0,,3017,7,small,楽天,はずれ,False,False,https://www.amazon.co.jp/dp/B0D7LSZ16Z,楽天最安 JAN=4901478194801,
3150,B0FX43KH63,office,,GOLD DEER 4個セット ネオジム磁石 台座 ゴムコーティング 取付磁石,1339.0,,3231,2,small,,,False,False,https://www.amazon.co.jp/dp/B0FX43KH63,,
3151,B0C3XRN4VC,office,,種類と数量が選べる！ こども えんぴつ 鉛筆 削り【 赤 】 10個 セット 【 くもん 出版 】 鉛筆 2B 4B 6,3281.0,,2824,2,standard_1,,,False,False,https://www.amazon.co.jp/dp/B0C3XRN4VC,,
3152,B0C3XTSCG6,office,,種類と数量が選べる！ こども えんぴつ 鉛筆 削り 【 赤 】 3個 セット 【 くもん 出版 】 鉛筆 2B 4B 6,1183.0,,2824,4,standard_1,,,False,False,https://www.amazon.co.jp/dp/B0C3XTSCG6,,
3153,B0C3XRXGQ7,office,,種類と数量が選べる！ えんぴつ 鉛筆削り【青】 3個セット 【くもん 出版】 新学期 準備文具 日本製 【商標登録番号 ,1183.0,,2824,4,standard_1,,,False,False,https://www.amazon.co.jp/dp/B0C3XRXGQ7,,
3154,B01LW1AAUR,office,,埼玉福祉会 本の保護 ブックコートフィルムES 52cm×10m巻/52cm判 【日本製/UVカット】(2100-700,6666.0,,3272,2,standard_2,,,False,False,https://www.amazon.co.jp/dp/B01LW1AAUR,,
3155,B0G295FW6C,office,4900855277168,能率 NOLTY 手帳 2026年 4月始まり B6 ウィークリー スコラ ベーシック ネイビー 9216,2489.0,,3485,3,small,Yahoo,はずれ,False,False,https://www.amazon.co.jp/dp/B0G295FW6C,Yahoo最安 JAN=4900855277168,
3156,B0G295TQMJ,office,4900855277175,能率 NOLTY 手帳 2026年 4月始まり A5変型 ウィークリー スコラ ライト キャメル 9217,2084.0,,3485,3,standard_1,Yahoo,はずれ,False,False,https://www.amazon.co.jp/dp/B0G295TQMJ,Yahoo最安 JAN=4900855277175,
3157,B0C5CLKKKK,office,4573173154895,和紙 御中元 熨斗（のし） シール ラベル お名前・メッセージを書ける 100枚,2580.0,,4828,2,standard_1,Yahoo,はずれ,False,False,https://www.amazon.co.jp/dp/B0C5CLKKKK,Yahoo最安 JAN=4573173154895,
3158,B0G297PFS4,office,4900855277113,能率 NOLTY 手帳 2026年 4月始まり A5変型 ウィークリー スコラ ライト アイボリー 9211,2013.0,,3280,3,small,Yahoo,はずれ,False,False,https://www.amazon.co.jp/dp/B0G297PFS4,Yahoo最安 JAN=4900855277113,
3159,B0G2966S9H,office,4900855278813,能率 NOLTY 手帳 2026年 4月始まり A5変型 マンスリー スコラ ビスタ 月間ブロック R9212,1540.0,,3280,2,small,Yahoo,はずれ,False,False,https://www.amazon.co.jp/dp/B0G2966S9H,Yahoo最安 JAN=4900855278813,
3160,B0G2979RSN,office,4900855277106,能率 NOLTY 手帳 2026年 4月始まり B6 ウィークリー スコラ ベーシック アイボリー 9210,2013.0,,3485,3,small,Yahoo,はずれ,False,False,https://www.amazon.co.jp/dp/B0G2979RSN,Yahoo最安 JAN=4900855277106,
3161,B000O9YGKC,office,4902870691042,マックス 瞬乾 スタンプ台 中型 2号 藍 SA-203SEカミバコ,1092.0,,5150,9,small,Yahoo,はずれ,False,False,https://www.amazon.co.jp/dp/B000O9YGKC,Yahoo最安 JAN=4902870691042,
3162,B09N7127JX,office,4902870868963,マックス スタンプ台 瞬乾スタンプ 大型 藍 SA-303SEカミバコ,1501.0,,5150,2,small,Yahoo,はずれ,False,False,https://www.amazon.co.jp/dp/B09N7127JX,Yahoo最安 JAN=4902870868963,
3163,B09N6VZV4Y,office,4902870868932,マックス スタンプ台 瞬乾スタンプ 小型 藍 SA-103SEカミバコ,1056.0,,5151,9,small,楽天,はずれ,False,False,https://www.amazon.co.jp/dp/B09N6VZV4Y,楽天最安 JAN=4902870868932,
3164,B0CGX5B88X,office,4582529523841,エルコミューン ブックカバー 文庫 マスターピース ゴッホ MTP-002,1205.0,,2213,7,small,Yahoo,はずれ,False,False,https://www.amazon.co.jp/dp/B0CGX5B88X,Yahoo最安 JAN=4582529523841,
3165,B0CGX6S24K,office,4582529523872,エルコミューン ブックカバー 文庫 マスターピース 北斎 MTP-005,1210.0,,2213,5,small,Yahoo,はずれ,False,False,https://www.amazon.co.jp/dp/B0CGX6S24K,Yahoo最安 JAN=4582529523872,
3166,B09JG4QVM1,office,4895151559035,ロットリング６００ ３イン１シルバー,4680.0,,4069,9,small,Yahoo,はずれ,False,False,https://www.amazon.co.jp/dp/B09JG4QVM1,Yahoo最安 JAN=4895151559035,
3167,B09JG527RJ,office,4895151557864,rOtring ロットリング 多機能ペン 600 アイアンブルー 3in1 ボールペン 2色 (赤黒) & シャープペン,4680.0,,4069,10,small,Yahoo,はずれ,False,False,https://www.amazon.co.jp/dp/B09JG527RJ,Yahoo最安 JAN=4895151557864,
3168,B0DWDF6638,office,,rOtring ロットリング 多機能ペン 600 パーマネントホワイト 3in1 ボールペン 2色 (赤黒) & シャー,4965.0,,4068,5,small,,,False,False,https://www.amazon.co.jp/dp/B0DWDF6638,,
3169,B0GFPB14CD,office,3037920093093,ロディア 多機能ペン 限定色 『スクリプト マルチペン オーベルジーヌ』 ボールペン 油性 0.5mm 2色(黒・赤)&,3975.0,,3310,7,small,Yahoo,はずれ,False,False,https://www.amazon.co.jp/dp/B0GFPB14CD,Yahoo最安 JAN=3037920093093,
3170,B0CSJTJX2H,office,3329680093711,ロディア 多機能ペン 『スクリプト マルチペン チタニウム』 ボールペン 油性 0.5mm 2色(黒・赤)&シャープペン,3820.0,,3310,4,small,Yahoo,はずれ,False,False,https://www.amazon.co.jp/dp/B0CSJTJX2H,Yahoo最安 JAN=3329680093711,
3171,B09JG5LB69,office,4895151559028,rOtring ロットリング 600 3in1 マルチペン ブラック 2色(黒/赤)+シャーペン 0.5mm 化粧箱入 ,4680.0,,3311,9,small,楽天,はずれ,False,False,https://www.amazon.co.jp/dp/B09JG5LB69,楽天最安 JAN=4895151559028,
3172,B0175PHVR2,office,4902205853770,ナカバヤシ ウッドホワイトボード W900×H600mm WBM-E9060,6982.0,,4277,8,standard_2,Yahoo,あやしい,False,False,https://www.amazon.co.jp/dp/B0175PHVR2,Yahoo最安 JAN=4902205853770,
3173,B0016GJWXI,office,4901991000283,トンボ鉛筆 高級鉛筆 6H MONO (超微粒子芯のハイスタンダード鉛筆) MONO消しゴム付き 製図・デッサン 1ダー,1200.0,,3314,3,small,楽天,はずれ,False,False,https://www.amazon.co.jp/dp/B0016GJWXI,楽天最安 JAN=4901991000283,
3174,B0016GLVQO,office,4901991000276,トンボ鉛筆 高級鉛筆 5H MONO (超微粒子芯のハイスタンダード鉛筆) MONO消しゴム付き 製図・デッサン 1ダー,1960.0,,3314,2,small,Yahoo,あやしい,False,False,https://www.amazon.co.jp/dp/B0016GLVQO,Yahoo最安 JAN=4901991000276,
3175,B0175PHVN6,office,4902205853756,ナカバヤシ ウッドホワイトボード W320×H470mm WBM-E4732,1191.0,,4276,10,standard_1,楽天,はずれ,False,False,https://www.amazon.co.jp/dp/B0175PHVN6,楽天最安 JAN=4902205853756,
3176,B0175PHVZY,office,4902205853763,ナカバヤシ ウッドホワイトボード W620×H470mm WBM-E6247,2945.0,,4277,9,standard_1,Yahoo,はずれ,False,False,https://www.amazon.co.jp/dp/B0175PHVZY,Yahoo最安 JAN=4902205853763,
3177,B0BF9D6617,office,4549526702266,カシオ ラベルライター ネームランド 純正 クラフトテープ 24mm XR-24KRBE ベージュに黒文字,1145.0,,4012,10,small,楽天,はずれ,False,False,https://www.amazon.co.jp/dp/B0BF9D6617,楽天最安 JAN=4549526702266,
3178,B0BF9BJBD9,office,4549526702273,カシオ ラベルライター ネームランド 純正 クラフトテープ 24mm XR-24KRBK ブラックにベージュ文字,1200.0,,3327,9,small,楽天,はずれ,False,False,https://www.amazon.co.jp/dp/B0BF9BJBD9,楽天最安 JAN=4549526702273,
3179,B0BF9M2KSJ,office,4549526702280,カシオ ラベルライター ネームランド 純正 クラフトテープ 24mm XR-24KRGN グリーンにベージュ文字,1155.0,,3327,9,small,楽天,はずれ,False,False,https://www.amazon.co.jp/dp/B0BF9M2KSJ,楽天最安 JAN=4549526702280,
3180,B0DBT6RV6J,office,,正しい持ち方 ぐんぐんぐーん くもん こどもえんぴつ 三角軸 2B 6本入 こどもえんぴつけずり 握りやすい 幼児・小学,1353.0,,4141,2,small,,,False,False,https://www.amazon.co.jp/dp/B0DBT6RV6J,,
3181,B0BF9FL3XG,office,4549526702259,カシオ ラベルライター ネームランド 純正 クラフトテープ 24mm XR-24KRBR ブラウンにベージュ文字,1164.0,,3327,10,small,楽天,はずれ,False,False,https://www.amazon.co.jp/dp/B0BF9FL3XG,楽天最安 JAN=4549526702259,
3182,B0BF9MBVJD,office,4549526702297,カシオ ラベルライター ネームランド 純正 クラフトテープ 24mm XR-24KRRD レッドにベージュ文字,1125.0,,3327,10,small,楽天,はずれ,False,False,https://www.amazon.co.jp/dp/B0BF9MBVJD,楽天最安 JAN=4549526702297,
3183,B0DG8DFG3B,office,,正しい持ち方 ぐんぐんぐーん くもん こどもえんぴつ 三角軸 2B 6本入×2箱＝12本 握りやすい 幼児・小学生向け ,1819.0,,3333,2,small,,,False,False,https://www.amazon.co.jp/dp/B0DG8DFG3B,,
3184,B00QTA99IO,office,4979093301041,マルマン インデックス A4 幅広 30穴 (2穴対応) インデックスシート 10山 1組 10冊 LT3010,4524.0,,3987,2,standard_2,Yahoo,はずれ,False,False,https://www.amazon.co.jp/dp/B00QTA99IO,Yahoo最安 JAN=4979093301041,
3185,B0DK87GYJK,office,4548351176112,三菱鉛筆 ボールペン替芯 ジェットストリーム ライトタッチインク 多色多機能 0.5 赤 10本 SXRL8005.15,1210.0,,3289,3,small,Yahoo,はずれ,False,False,https://www.amazon.co.jp/dp/B0DK87GYJK,Yahoo最安 JAN=4548351176112,
3186,B0DK87XLGZ,office,4548351176150,三菱鉛筆 ボールペン替芯 ジェットストリーム ライトタッチインク 多色多機能 0.5 青 10本 SXRL8005.33,1021.0,,3289,3,small,楽天,はずれ,False,False,https://www.amazon.co.jp/dp/B0DK87XLGZ,楽天最安 JAN=4548351176150,
3187,B0DK86RC2B,office,4548351176136,三菱鉛筆 ボールペン替芯 ジェットストリーム ライトタッチインク 多色多機能 0.5 黒 10本 SXRL8005.24,1235.0,,3289,2,small,楽天,はずれ,False,False,https://www.amazon.co.jp/dp/B0DK86RC2B,楽天最安 JAN=4548351176136,
3188,B000TGFK0K,office,4901761102162,セメダイン 塩ビパイプ用A 接着剤 100g AR-066,1560.0,,3348,4,small,Yahoo,あやしい,True,True,https://www.amazon.co.jp/dp/B000TGFK0K,Yahoo最安 JAN=4901761102162,
3189,B0DK88JZL8,office,4548351176099,三菱鉛筆 ボールペン替芯 ジェットストリーム ライトタッチインク 多色多機能 0.5 緑 10本 SXRL8005.6 ,1210.0,,3349,2,small,楽天,はずれ,False,False,https://www.amazon.co.jp/dp/B0DK88JZL8,楽天最安 JAN=4548351176099,
3190,B0DC6GP5VB,office,4549550333252,エレコム 折りたたみノートPCスタンド 角度9段階 ~17.3インチ タブレット12.9インチまで シルバー PCAWL,1510.0,,2773,2,standard_1,Yahoo,はずれ,False,False,https://www.amazon.co.jp/dp/B0DC6GP5VB,Yahoo最安 JAN=4549550333252,
3191,B001BZUAJY,office,4988617017290,EPSON 写真用紙<絹目調> ハガキ 50枚 KH50MSHR,1045.0,,3359,10,small,Yahoo,はずれ,False,False,https://www.amazon.co.jp/dp/B001BZUAJY,Yahoo最安 JAN=4988617017290,
3192,B00GSFSFVC,office,4902205572909,ナカバヤシ カッターマット 折りたたみカッティングマット A3 グリーン CTMO-A3G,1364.0,,3499,9,standard_1,Yahoo,はずれ,False,False,https://www.amazon.co.jp/dp/B00GSFSFVC,Yahoo最安 JAN=4902205572909,
3193,B00GSFSM8I,office,4902205573043,ナカバヤシ カッターマット 折りたたみカッティングマット A4 オレンジ CTMO-A4OR,1000.0,,3499,9,small,Yahoo,はずれ,False,False,https://www.amazon.co.jp/dp/B00GSFSM8I,Yahoo最安 JAN=4902205573043,
3194,B00GSFSM92,office,4902205573029,ナカバヤシ カッターマット 折りたたみカッティングマット A4 グリーン CTMO-A4G,1000.0,,3499,7,standard_1,楽天,はずれ,False,False,https://www.amazon.co.jp/dp/B00GSFSM92,楽天最安 JAN=4902205573029,
3195,B00LSCWLE2,office,,シャチハタ ペアネーム別注 【本体：ブルー】,1700.0,,5945,5,standard_1,,,False,False,https://www.amazon.co.jp/dp/B00LSCWLE2,,
3196,B00LSCWKC0,office,,シャチハタ ペアネーム別注 【本体：パールピンク】,1680.0,,5944,4,standard_1,,,False,False,https://www.amazon.co.jp/dp/B00LSCWKC0,,
3197,B089SSMY4C,office,4977524487326,ビバリー(BEVERLY)パチェリエ かわいい開発部 【6個の小物が作れちゃう! 】,3891.0,,3367,7,standard_1,Yahoo,はずれ,False,False,https://www.amazon.co.jp/dp/B089SSMY4C,Yahoo最安 JAN=4977524487326,
3198,B00GSFSMBA,office,4902205572954,ナカバヤシ カッターマット 折りたたみカッティングマット A4 スカイブルー CTMO-A4SB,1000.0,,3370,9,small,楽天,はずれ,False,False,https://www.amazon.co.jp/dp/B00GSFSMBA,楽天最安 JAN=4902205572954,
3199,B0BJ8BJ4RV,office,,"【お急ぎ名入れ】三菱鉛筆 ジェットストリーム4＆1 5機能ペン MSXE5-1000 (0.38mm, シャンパンゴール",1590.0,,3459,2,standard_1,,,False,False,https://www.amazon.co.jp/dp/B0BJ8BJ4RV,,
3200,B0FRRPVV6K,office,,voocye テーブル下収納ラック 360度回転式 後付け引き出し デスク 収納 小物整理 テーブル下収納 デスク下引き,2580.0,,3374,2,standard_1,,,False,False,https://www.amazon.co.jp/dp/B0FRRPVV6K,,
3201,B0F6N9WDBK,office,,車 腰クッション ヘッドレスト 疲労対策 メモリーコットン 低反発 通気性 取り付け簡単 長時間運転（黒 ヘッドレスト・,3689.0,,3386,3,standard_2,,,False,False,https://www.amazon.co.jp/dp/B0F6N9WDBK,,
3202,B0DXZT1G7W,office,,【3個セット】アイリスオーヤマ ボックスコンテナ B-6.6R ブルー,2220.0,,4839,3,large_1,,,False,False,https://www.amazon.co.jp/dp/B0DXZT1G7W,,
3203,B0DY11KY28,office,,【本体+フタセット】 アイリスオーヤマ ボックスコンテナ B-21R ブルー,2290.0,,4838,3,large_2,,,False,False,https://www.amazon.co.jp/dp/B0DY11KY28,,
3204,B0DXZT28QJ,office,,【本体+フタセット】 アイリスオーヤマ ボックスコンテナ B-6.6R クリア,1390.0,,4838,3,large_1,,,False,False,https://www.amazon.co.jp/dp/B0DXZT28QJ,,
3205,B0DY12YJKZ,office,,【3個セット】アイリスオーヤマ ボックスコンテナ B-1.5R クリア,1380.0,,4838,3,large_1,,,False,False,https://www.amazon.co.jp/dp/B0DY12YJKZ,,
3206,B0DXZZQWTJ,office,,【3個セット】アイリスオーヤマ ボックスコンテナ B-6.6R クリア,2220.0,,4838,3,large_1,,,False,False,https://www.amazon.co.jp/dp/B0DXZZQWTJ,,
3207,B0DXZZ3YRL,office,,【2個セット】アイリスオーヤマ ボックスコンテナ B-15R クリア,2380.0,,4838,3,large_1,,,False,False,https://www.amazon.co.jp/dp/B0DXZZ3YRL,,
3208,B0DNG85QS4,office,4570151076866,Ninestar G&G 超耐水 ラベルシール A4 光沢紙 12面 丸型 20枚 直径60mm 強粘着 インクジェット,1480.0,,5828,2,standard_1,楽天,はずれ,False,False,https://www.amazon.co.jp/dp/B0DNG85QS4,楽天最安 JAN=4570151076866,
3209,B0DKB753G3,office,4570151076804,Ninestar G&G 超耐水 ラベルシール A4 光沢紙 12面 正方形 20枚 幅60mm 高さ60mm 強粘着 ,1480.0,,5828,2,standard_1,Yahoo,はずれ,False,False,https://www.amazon.co.jp/dp/B0DKB753G3,Yahoo最安 JAN=4570151076804,
3210,B0DNGPV2S5,office,4570151076989,Ninestar G&G 超耐水 ラベルシール A4 マット紙 27面 20枚 幅62mm 高さ31mm 強粘着 インク,1149.0,,5828,2,standard_1,Yahoo,はずれ,False,False,https://www.amazon.co.jp/dp/B0DNGPV2S5,Yahoo最安 JAN=4570151076989,
3211,B0DKB6JBC3,office,4570151076859,Ninestar G&G 超耐水 ラベルシール A4 光沢紙 65面 20枚 幅38.1mm 高さ21.2mm 強粘着 ,1480.0,,5828,2,standard_1,Yahoo,はずれ,False,False,https://www.amazon.co.jp/dp/B0DKB6JBC3,Yahoo最安 JAN=4570151076859,
3212,B0DNGWWXCG,office,4570151076927,Ninestar G&G 超耐水 ラベルシール A4 マット紙 12面 20枚 幅83.8mm 高さ42.3mm 強粘着,1149.0,,5827,2,standard_1,Yahoo,はずれ,False,False,https://www.amazon.co.jp/dp/B0DNGWWXCG,Yahoo最安 JAN=4570151076927,
3213,B0FTF6T8KZ,office,4570151077788,Ninestar G&G 超耐水 ラベルシール A4 光沢紙 24面 正方形 20枚 幅40mm 高さ40mm 強粘着 ,1480.0,,5828,2,standard_1,Yahoo,はずれ,False,False,https://www.amazon.co.jp/dp/B0FTF6T8KZ,Yahoo最安 JAN=4570151077788,
3214,B0G414BY9D,office,8056999279882,モレスキン 手帳 2026年 7月始まり 18ヵ月 ウィークリーダイアリー ポケットサイズ (横9cm×縦14cm) ソ,3511.0,,4644,2,small,Yahoo,はずれ,False,False,https://www.amazon.co.jp/dp/B0G414BY9D,Yahoo最安 JAN=8056999279882,
3215,B0G41HSQKK,office,8056999279813,モレスキン 手帳 2026年 7月始まり 18ヵ月 ウィークリーダイアリー ラージサイズ (横13cm×縦21cm) ソ,4424.0,,4643,2,standard_1,Yahoo,はずれ,False,False,https://www.amazon.co.jp/dp/B0G41HSQKK,Yahoo最安 JAN=8056999279813,
3216,B0G41PWQ1C,office,8056999279875,モレスキン 手帳 2026年 7月始まり 18ヵ月 ウィークリーダイアリー ポケットサイズ (横9cm×縦14cm) ソ,3500.0,,4643,2,small,Yahoo,はずれ,False,False,https://www.amazon.co.jp/dp/B0G41PWQ1C,Yahoo最安 JAN=8056999279875,
3217,B003FGGJNI,office,4971711116204,コレクト クリアポケット B3 10枚 CF-300,1923.0,,2611,4,standard_1,Yahoo,あやしい,False,False,https://www.amazon.co.jp/dp/B003FGGJNI,Yahoo最安 JAN=4971711116204,
3218,B003FGIJAY,office,4971711116303,コレクト クリアポケット A2 10枚 CF-220,1946.0,,2611,5,standard_1,Yahoo,あやしい,False,False,https://www.amazon.co.jp/dp/B003FGIJAY,Yahoo最安 JAN=4971711116303,
3219,B0G41L9SNM,office,8056999279837,モレスキン 手帳 2026年 7月始まり 18ヵ月 ウィークリーダイアリー ラージサイズ (横13cm×縦21cm) ソ,4400.0,,4643,2,standard_1,Yahoo,はずれ,False,False,https://www.amazon.co.jp/dp/B0G41L9SNM,Yahoo最安 JAN=8056999279837,
3220,B0DNGVTGJP,office,4570151076972,Ninestar G&G 超耐水 ラベルシール A4 マット紙 24面 20枚 幅70mm 高さ33.9mm 強粘着 イ,1149.0,,5828,2,standard_1,Yahoo,はずれ,False,False,https://www.amazon.co.jp/dp/B0DNGVTGJP,Yahoo最安 JAN=4570151076972,
3221,B0DJ9ZRNJ2,office,4570151076538,Ninestar G&G 超耐水 ラベルシール A4 光沢紙 12面 20枚 幅83.8mm 高さ42.3mm 強粘着 ,1480.0,,5827,2,standard_1,Yahoo,はずれ,False,False,https://www.amazon.co.jp/dp/B0DJ9ZRNJ2,Yahoo最安 JAN=4570151076538,
3222,B07VL31P8Y,office,4562137418098,フジテックス ラミネートフィルム１００ミクロン Ａ４ １００枚入り 1117033004,1551.0,,3399,4,standard_2,Yahoo,はずれ,False,False,https://www.amazon.co.jp/dp/B07VL31P8Y,Yahoo最安 JAN=4562137418098,
3223,B0DNGVPCY5,office,4570151077009,Ninestar G&G 超耐水 ラベルシール A4 マット紙 44面 20枚 幅48.3mm 高さ25.4mm 強粘着,1149.0,,5827,2,standard_1,Yahoo,はずれ,False,False,https://www.amazon.co.jp/dp/B0DNGVPCY5,Yahoo最安 JAN=4570151077009,
3224,B00OFIPX8M,office,4548588003663,日本紐釦貿易(Nippon Chuko) NBK バンドクリップ 金具部分シルバー 4個入 SNB9,1114.0,,5034,2,small,Yahoo,はずれ,False,False,https://www.amazon.co.jp/dp/B00OFIPX8M,Yahoo最安 JAN=4548588003663,
3225,B0CTT2VWVS,office,4970116055392,ソニック ペーパーカッター プリントカッター A4タテ対応 ホワイト SP-8467-W,1582.0,,3406,9,standard_1,楽天,はずれ,False,False,https://www.amazon.co.jp/dp/B0CTT2VWVS,楽天最安 JAN=4970116055392,
3226,B00HV5H0A0,office,4901755350579,ヘイコー 手提 紙袋 平手紐 H25CB S1 シロ 22x12x31cm 50枚,3190.0,,2999,9,standard_2,Yahoo,はずれ,False,False,https://www.amazon.co.jp/dp/B00HV5H0A0,Yahoo最安 JAN=4901755350579,
3227,B00UD0WXDO,office,4901755351798,シモジマ ヘイコー 手提 紙袋 平手紐 H25CB 2才 シロ 32x11.5x40cm 50枚,1998.0,,2999,10,large_1,Yahoo,はずれ,False,False,https://www.amazon.co.jp/dp/B00UD0WXDO,Yahoo最安 JAN=4901755351798,
3228,B0DVLNTGJ5,office,4550624534581,サンリオ(SANRIO) ダブルファスナーペンケース ハローキティ 534587,1793.0,,3414,2,small,Yahoo,はずれ,False,False,https://www.amazon.co.jp/dp/B0DVLNTGJ5,Yahoo最安 JAN=4550624534581,
3229,B0DVLPHTQL,office,4550624534628,サンリオ(SANRIO) ダブルファスナーペンケース クロミ 534625,1793.0,,3414,4,small,Yahoo,はずれ,False,False,https://www.amazon.co.jp/dp/B0DVLPHTQL,Yahoo最安 JAN=4550624534628,
3230,B0DVLQSVPM,office,4550624534703,サンリオ(SANRIO) ダブルファスナーペンケース ポチャッコ 534706,1760.0,,3414,4,small,Yahoo,はずれ,False,False,https://www.amazon.co.jp/dp/B0DVLQSVPM,Yahoo最安 JAN=4550624534703,
3231,B0DVLQPF9Y,office,4550624534604,サンリオ(SANRIO) ダブルファスナーペンケース シナモロール 534609,1793.0,,3414,4,small,楽天,はずれ,False,False,https://www.amazon.co.jp/dp/B0DVLQPF9Y,楽天最安 JAN=4550624534604,
3232,B00UDHKY2O,office,4901755352900,ヘイコー 手提 紙袋 平手紐 H25CB 18-3 シロ 18x6x25cm 50枚,2776.0,,2999,8,standard_1,Yahoo,あやしい,False,False,https://www.amazon.co.jp/dp/B00UDHKY2O,Yahoo最安 JAN=4901755352900,
3233,B00DVB6LPS,office,4901755350821,ヘイコー 手提 紙袋 平手紐 H25CB 20-1 シロ 20x9x24cm 50枚,2279.0,,2999,2,standard_2,楽天,はずれ,False,False,https://www.amazon.co.jp/dp/B00DVB6LPS,楽天最安 JAN=4901755350821,
3234,B00NF3SCL8,office,4901681064311,ゼブラ 油性ペン マッキーノック 細字 赤 10本 B-P-YYSS6-R,1101.0,,3420,3,small,Yahoo,はずれ,False,False,https://www.amazon.co.jp/dp/B00NF3SCL8,Yahoo最安 JAN=4901681064311,
3235,B00GXT0SWW,office,4901991651096,トンボ鉛筆 スティックのり 10g 消えいろPiT (塗り色が消える) Sサイズ 20本 PT-TC-20P,1722.0,,3422,7,standard_1,Yahoo,はずれ,False,False,https://www.amazon.co.jp/dp/B00GXT0SWW,Yahoo最安 JAN=4901991651096,
3236,B00DVB6NPQ,office,4901755347883,ヘイコー 手提 紙袋 平手紐 H25CB 26-1 シロ 26x10x24cm 50枚,2365.0,,2999,5,standard_2,Yahoo,はずれ,False,False,https://www.amazon.co.jp/dp/B00DVB6NPQ,Yahoo最安 JAN=4901755347883,
3237,B00LTMB84K,office,4901755351507,ヘイコー 手提 紙袋 平手紐 H25CB 26-2 シロ 26x11x22cm 50枚,2143.0,,2999,7,standard_2,Yahoo,原石,True,True,https://www.amazon.co.jp/dp/B00LTMB84K,Yahoo最安 JAN=4901755351507,
3238,B00HV5H168,office,4901755351057,ヘイコー 紙袋 手提 平手タイプ 白無地 50枚入 003263600,2680.0,,3423,8,standard_2,楽天,はずれ,False,False,https://www.amazon.co.jp/dp/B00HV5H168,楽天最安 JAN=4901755351057,
3239,B0GK64RXS3,office,4901480437750,コクヨ キャンパス 秒でパっと開けられる バインダー ポジティブ＆リラックス B5 スカイブルー ル-BP330-L1-,1770.0,,2721,2,standard_1,楽天,はずれ,False,False,https://www.amazon.co.jp/dp/B0GK64RXS3,楽天最安 JAN=4901480437750,
3240,B07G26YRQH,office,,透明ビニールブックカバー ソフト［小A4サイズ］1枚入り【日本製】(4546-2010）埼玉福祉会/サイフク/SAIFU,1001.0,,3446,2,standard_1,,,False,False,https://www.amazon.co.jp/dp/B07G26YRQH,,
3241,B003AL2CR0,office,4903419127862,リヒトラブ クリヤーケース マチ付 B5 緑 F73SMミト,1149.0,,4253,4,standard_1,Yahoo,はずれ,False,False,https://www.amazon.co.jp/dp/B003AL2CR0,Yahoo最安 JAN=4903419127862,
3242,B07G2KXQ9N,office,,透明ビニールブックカバー ソフト［大型雑誌サイズ］1枚入り【日本製】(4546-2015）埼玉福祉会/サイフク/SAIF,1342.0,,3446,2,standard_1,,,False,False,https://www.amazon.co.jp/dp/B07G2KXQ9N,,
3243,B07G2876W1,office,,透明ビニールブックカバー ソフト［B4サイズ］1枚入り【日本製】(4546-2016）埼玉福祉会/サイフク/SAIFUK,1419.0,,3446,2,standard_1,,,False,False,https://www.amazon.co.jp/dp/B07G2876W1,,
3244,B07G22YRT1,office,,透明ビニールブックカバー ソフト［厚正A4サイズ］1枚入り【日本製】(4546-2012）埼玉福祉会/サイフク/SAIF,1199.0,,3446,2,standard_1,,,False,False,https://www.amazon.co.jp/dp/B07G22YRT1,,
3245,B07V3559ZR,office,,透明ビニールブックカバー ソフト［ファッション誌サイズ］1枚入り【日本製】(4546-9013）埼玉福祉会/サイフク/S,1122.0,,3446,2,standard_1,,,False,False,https://www.amazon.co.jp/dp/B07V3559ZR,,
3246,B07G24QWZC,office,,透明ビニールブックカバー ソフト［正A4サイズ］1枚入り【日本製】(4546-2011）埼玉福祉会/サイフク/SAIFU,1012.0,,3446,2,standard_1,,,False,False,https://www.amazon.co.jp/dp/B07G24QWZC,,
3247,B0FQ48SQDW,office,,パイロット フリクション 多色用 スリム用 替芯 0.38mm レッド 9本セット 赤 カートリッジ LFBTRF30U,1449.0,,4172,2,small,,,False,False,https://www.amazon.co.jp/dp/B0FQ48SQDW,,
3248,B0012R6WHU,baby,0781264134204,【パンツ スーパービッグ】ムーニーマン男の子 (18~35kg)14枚,1650.0,,3728,8,standard_1,,,False,False,https://www.amazon.co.jp/dp/B0012R6WHU,,
3249,B07VJZQHR1,baby,4957581618710,farska(ファルスカ) 綿パイル敷きパッド(CB Free 用) アイボリー FLAGSHIP LINE 74618,3740.0,,3700,2,standard_1,Yahoo,はずれ,False,False,https://www.amazon.co.jp/dp/B07VJZQHR1,Yahoo最安 JAN=4957581618710,
3250,B000ORAZE0,baby,0699234383050,happiness キコリの小いす 組立式 ナチュラル MW-KK-NA,2804.0,,3017,4,standard_2,,,False,False,https://www.amazon.co.jp/dp/B000ORAZE0,,
3251,B07VDS5D7Q,baby,4957581618611,farska(ファルスカ) 綿パイル敷きパッド(CB Free 用) グレー FLAGSHIP LINE 746186,3740.0,,3018,2,standard_1,Yahoo,はずれ,False,False,https://www.amazon.co.jp/dp/B07VDS5D7Q,Yahoo最安 JAN=4957581618611,
3252,B09SL8Z22W,baby,4589681973927,[HIGH FIVE] 通帳ケース 大容量 スキミング防止 牛革 RFID じゃばら 多ポケット カード パスポート 母,2680.0,,2844,2,small,,,False,False,https://www.amazon.co.jp/dp/B09SL8Z22W,,
3253,B0H32D2M4M,baby,4945680207782,リッチェル(Richell) トライ コップ飲みマスターセットR さくらんぼ 4カ月から のみやすい こぼれない ポリプ,2403.0,,2016,4,small,楽天,はずれ,False,False,https://www.amazon.co.jp/dp/B0H32D2M4M,楽天最安 JAN=4945680207782,
3254,B0H32JX1QT,baby,4945680207775,リッチェル(Richell) トライ コップ飲みマスターセットR くま 4カ月から のみやすい こぼれない ポリプロピレ,2556.0,,2016,3,small,,,False,False,https://www.amazon.co.jp/dp/B0H32JX1QT,,
3255,B0DCYY44QS,baby,0734931732821,【2026常時録画・泣き声/寝返り/咳/温湿度検知】ieGeek ベビーモニター スマホ ベビーカメラ 見守りカメラ 赤,7596.0,,3041,2,standard_1,楽天,はずれ,False,False,https://www.amazon.co.jp/dp/B0DCYY44QS,楽天最安 JAN=0734931732821,
3256,B0C936LLLY,baby,4945680205023,リッチェル(Richell) 遊べる歯がため りんご,1169.0,,3044,3,small,Yahoo,はずれ,False,False,https://www.amazon.co.jp/dp/B0C936LLLY,Yahoo最安 JAN=4945680205023,
3257,B0DBGBXRD1,baby,,[GoUseGo] お食事エプロン ベビー 半袖 離乳食エプロン 2枚セット 防水 赤ちゃん 食事スタイ 女の子 男の子,2798.0,,2547,2,small,,,False,False,https://www.amazon.co.jp/dp/B0DBGBXRD1,,
3258,B0DBGBC7T7,baby,,[GoUseGo] お食事エプロン ベビー 半袖 離乳食エプロン 2枚セット 防水 赤ちゃん 食事スタイ 女の子 男の子,2798.0,,2547,2,small,,,False,False,https://www.amazon.co.jp/dp/B0DBGBC7T7,,
3259,B0DBGCJ965,baby,,[GoUseGo] お食事エプロン ベビー 半袖 離乳食エプロン 2枚セット 防水 赤ちゃん 食事スタイ 女の子 男の子,2798.0,,2547,2,small,,,False,False,https://www.amazon.co.jp/dp/B0DBGCJ965,,
3260,B0DBGCJ31Q,baby,,[GoUseGo] お食事エプロン ベビー 半袖 離乳食エプロン 2枚セット 防水 赤ちゃん 食事スタイ 女の子 男の子,2798.0,,2547,2,small,,,False,False,https://www.amazon.co.jp/dp/B0DBGCJ31Q,,
3261,B0956NW2L5,baby,4930969581004,カトージ テーブルチェア イージーフィット(グレー) 58100,6980.0,,3576,4,large_1,Yahoo,はずれ,False,False,https://www.amazon.co.jp/dp/B0956NW2L5,Yahoo最安 JAN=4930969581004,
3262,B0BV9FMBN1,baby,4902508160742,ピジョン 母乳パッド フィットアップ 抗菌プロテクト 102枚入,1290.0,,2708,3,standard_1,楽天,はずれ,False,False,https://www.amazon.co.jp/dp/B0BV9FMBN1,楽天最安 JAN=4902508160742,
3263,B09T96NH59,baby,4903111118724,【パンツ Mサイズ】ムーニー 水あそびパンツ ピンク(6~12kg)10枚,1470.0,,4233,7,small,Yahoo,あやしい,False,False,https://www.amazon.co.jp/dp/B09T96NH59,Yahoo最安 JAN=4903111118724,
3264,B09T9Q1174,baby,4903111119370,【パンツ Lサイズ】ムーニー 水あそびiパンツ ピンク(9~14kg)10枚,2200.0,,3055,8,small,Yahoo,あやしい,False,False,https://www.amazon.co.jp/dp/B09T9Q1174,Yahoo最安 JAN=4903111119370,
3265,B0GY8CPPD4,baby,,momotao 壁クッション 赤ちゃん ウォールクッション 壁 クッション 置くだけ 壁マット コーナークッション 16,3899.0,,2800,2,standard_2,,,False,False,https://www.amazon.co.jp/dp/B0GY8CPPD4,,
3266,B0GY8957MZ,baby,,momotao 壁クッション 赤ちゃん ウォールクッション 壁 クッション 置くだけ 壁マット コーナークッション 16,3899.0,,2800,2,standard_2,,,False,False,https://www.amazon.co.jp/dp/B0GY8957MZ,,
3267,B084K34K5C,baby,4571426717538,AQUA (アクア) おすわり クッション ベビー マタニティ 兼用 授乳クッション ベージュ 31×110cm 綿10,4280.0,,2187,2,standard_2,Yahoo,はずれ,False,False,https://www.amazon.co.jp/dp/B084K34K5C,Yahoo最安 JAN=4571426717538,
3268,B084K3D955,baby,4571426717545,AQUA (アクア) おすわり クッション ベビー マタニティ 兼用 授乳クッション アイボリー 31×110cm 綿1,4280.0,,2187,2,standard_1,Yahoo,はずれ,False,False,https://www.amazon.co.jp/dp/B084K3D955,Yahoo最安 JAN=4571426717545,
3269,B084K36X9S,baby,4571426717552,AQUA (アクア) おすわり クッション ベビー マタニティ 兼用 授乳クッション グレー 31×110cm 綿100,4280.0,,2187,2,standard_2,Yahoo,はずれ,False,False,https://www.amazon.co.jp/dp/B084K36X9S,Yahoo最安 JAN=4571426717552,
3270,B0011ECPA2,baby,0020451271231,Medela(メデラ) ハイドロジェルパッド 4枚入り 日本語説明書付き [並行輸入品],2450.0,,4632,8,small,,,False,False,https://www.amazon.co.jp/dp/B0011ECPA2,,
3271,B0GHPXMDM6,baby,,LittleForBig大人おむつ用ブースターパッド 不織布【無地】使い捨て紙おむつライナー 高吸収2300mL バック,3910.0,,3144,2,standard_1,,,False,False,https://www.amazon.co.jp/dp/B0GHPXMDM6,,
3272,B09BZ2TY48,baby,4571446148367,SANDESICA サンデシカ ベビー 敷ふとん 固綿マット ミニサイズ(60×90cm)1228-8888-54 白,2990.0,,3073,2,standard_1,Yahoo,はずれ,False,False,https://www.amazon.co.jp/dp/B09BZ2TY48,Yahoo最安 JAN=4571446148367,
3273,B08PBXR833,baby,4570009822447,AQUA (アクア) おすわり クッション ベビー マタニティ 兼用 授乳クッション オフホワイト 31×110cm 綿,4280.0,,2186,2,standard_1,Yahoo,はずれ,False,False,https://www.amazon.co.jp/dp/B08PBXR833,Yahoo最安 JAN=4570009822447,
3274,B00EHAW0JS,baby,4972990148436,COMBI コンビ ベビーレーベル 離乳食ナビゲート 調理セット 5か月頃~,2801.0,,3665,5,standard_1,楽天,はずれ,False,False,https://www.amazon.co.jp/dp/B00EHAW0JS,楽天最安 JAN=4972990148436,
3275,B0CYYL51T9,baby,0874143001589,noüka(ノーカ) どこからでも飲める 360カップ【日本正規品】200ml ハンドル着脱可 赤ちゃん ベビーマグ コ,1900.0,,2878,2,small,Yahoo,はずれ,False,False,https://www.amazon.co.jp/dp/B0CYYL51T9,Yahoo最安 JAN=0874143001589,
3276,B08PBY7VPX,baby,4570009822430,AQUA (アクア) おすわり クッション [本体付き／替えカバー] ベビー マタニティ 兼用 授乳クッション ライトブ,4280.0,,2186,2,standard_1,Yahoo,はずれ,False,False,https://www.amazon.co.jp/dp/B08PBY7VPX,Yahoo最安 JAN=4570009822430,
3277,B0CYYF24N5,baby,0874143001565,noüka(ノーカ) どこからでも飲める 360カップ【日本正規品】200ml ハンドル着脱可 赤ちゃん ベビーマグ コ,1869.0,,2878,2,small,Yahoo,はずれ,False,False,https://www.amazon.co.jp/dp/B0CYYF24N5,Yahoo最安 JAN=0874143001565,
3278,B0CYZ4DJFX,baby,0874143001541,noüka(ノーカ) どこからでも飲める 360カップ【日本正規品】200ml ハンドル着脱可 赤ちゃん ベビーマグ コ,1900.0,,2878,2,small,Yahoo,はずれ,False,False,https://www.amazon.co.jp/dp/B0CYZ4DJFX,Yahoo最安 JAN=0874143001541,
3279,B0FPMND19L,baby,,[GoUseGo] ベビー 防水スタイ 両面リバーシブル 4枚セット ガーゼ地 七層構造 赤ちゃん よだれかけ 360度,2780.0,,3614,2,small,,,False,False,https://www.amazon.co.jp/dp/B0FPMND19L,,
3280,B0CYYKQD84,baby,0874143001602,noüka(ノーカ) どこからでも飲める 360カップ【日本正規品】200ml ハンドル着脱可 赤ちゃん ベビーマグ コ,1818.0,,2879,2,small,Yahoo,はずれ,False,False,https://www.amazon.co.jp/dp/B0CYYKQD84,Yahoo最安 JAN=0874143001602,
3281,B0FPMLJHMD,baby,,[GoUseGo] ベビー 防水スタイ 両面リバーシブル 4枚セット ガーゼ地 七層構造 赤ちゃん よだれかけ 360度,2780.0,,3614,2,small,,,False,False,https://www.amazon.co.jp/dp/B0FPMLJHMD,,
3282,B0FPMMT5NV,baby,,[GoUseGo] ベビー 防水スタイ 両面リバーシブル 4枚セット ガーゼ地 七層構造 赤ちゃん よだれかけ 360度,2780.0,,3614,2,small,,,False,False,https://www.amazon.co.jp/dp/B0FPMMT5NV,,
3283,B0FPMPBHYJ,baby,,[GoUseGo] ベビー 防水スタイ 両面リバーシブル 4枚セット ガーゼ地 七層構造 赤ちゃん よだれかけ 360度,2780.0,,3082,2,small,,,False,False,https://www.amazon.co.jp/dp/B0FPMPBHYJ,,
3284,B0FPMKN34C,baby,,[GoUseGo] ベビー 防水スタイ 両面リバーシブル 4枚セット ガーゼ地 七層構造 赤ちゃん よだれかけ 360度,2780.0,,3082,2,small,,,False,False,https://www.amazon.co.jp/dp/B0FPMKN34C,,
3285,B0FPMM3JCH,baby,,[GoUseGo] ベビー 防水スタイ 両面リバーシブル 4枚セット ガーゼ地 七層構造 赤ちゃん よだれかけ 360度,2780.0,,3082,2,small,,,False,False,https://www.amazon.co.jp/dp/B0FPMM3JCH,,
3286,B0FPMMDYFV,baby,,[GoUseGo] ベビー 防水スタイ 両面リバーシブル 4枚セット ガーゼ地 七層構造 赤ちゃん よだれかけ 360度,2780.0,,3082,2,small,,,False,False,https://www.amazon.co.jp/dp/B0FPMMDYFV,,
3287,B0FPMNNG85,baby,,[GoUseGo] ベビー 防水スタイ 両面リバーシブル 4枚セット ガーゼ地 七層構造 赤ちゃん よだれかけ 360度,2780.0,,3082,2,small,,,False,False,https://www.amazon.co.jp/dp/B0FPMNNG85,,
3288,B0H1W7NXPD,baby,4971404325326,アガツマ(AGATSUMA) アンパンマン はじめてのベビー歯ブラシ（対象年齢：3ヶ月以上）,1542.0,,3086,2,small,Yahoo,はずれ,False,False,https://www.amazon.co.jp/dp/B0H1W7NXPD,Yahoo最安 JAN=4971404325326,
3289,B0GVHQKNYY,baby,4972990200820,コンビ ラクマグ プレミアムセット ピカチュウ＆イーブイ 日本製マグシリーズ,4959.0,,3089,2,standard_1,楽天,はずれ,False,False,https://www.amazon.co.jp/dp/B0GVHQKNYY,楽天最安 JAN=4972990200820,
3290,B016ONEI86,baby,9421024363970,Mum 2 Mum(マムトゥーマム) インファントワンダービブ ミント,1320.0,,8492,2,standard_1,Yahoo,はずれ,False,False,https://www.amazon.co.jp/dp/B016ONEI86,Yahoo最安 JAN=9421024363970,
3291,B0H73JX6YW,baby,4573585123908,防水ポーチ ミニサイズとの2点セット 水着入れ おむつケース 保育園 着替え入れ (チャコールフレークL),1380.0,,3581,2,small,,,False,False,https://www.amazon.co.jp/dp/B0H73JX6YW,,
3292,B0H73LBYSM,baby,4573585123922,防水ポーチ ミニサイズとの2点セット 水着入れ おむつケース 保育園 着替え入れ (ピンクフレーク L),1380.0,,3581,2,small,,,False,False,https://www.amazon.co.jp/dp/B0H73LBYSM,,
3293,B0H73YJJ9J,baby,4573585123939,防水ポーチ ミニサイズとの2点セット 水着入れ おむつケース 保育園 着替え入れ (ピンクフレーク M),1000.0,,3581,2,small,,,False,False,https://www.amazon.co.jp/dp/B0H73YJJ9J,,
3294,B0H73MV2ZS,baby,4573585123960,防水ポーチ ミニサイズとの2点セット 水着入れ おむつケース 保育園 着替え入れ (ブルーフレーク M),1000.0,,3581,2,small,,,False,False,https://www.amazon.co.jp/dp/B0H73MV2ZS,,
3295,B0FTZ4S4Y6,baby,4945680207348,リッチェル(Richell) 2WAYごきげんチェア KR ホワイト 7カ月～5才頃 ローチェア 椅子 子供 食事 テー,7480.0,,3093,5,standard_2,Yahoo,はずれ,False,False,https://www.amazon.co.jp/dp/B0FTZ4S4Y6,Yahoo最安 JAN=4945680207348,
3296,B00JY4IBXG,baby,,フィリップス Avent BPA フリー Soothie Soothie おしゃぶり 3ヶ月～(3m+)用 並行輸入品 ,2118.0,,2922,6,small,,,False,False,https://www.amazon.co.jp/dp/B00JY4IBXG,,
3297,B0H73K1TLM,baby,4573585123861,防水ポーチ ミニサイズとの2点セット 水着入れ おむつケース 保育園 着替え入れ (ミルキーフレーク L),1380.0,,3581,2,small,,,False,False,https://www.amazon.co.jp/dp/B0H73K1TLM,,
3298,B0H73JYYP7,baby,4573585123953,防水ポーチ ミニサイズとの2点セット 水着入れ おむつケース 保育園 着替え入れ (ブルーフレーク L),1380.0,,3581,2,small,,,False,False,https://www.amazon.co.jp/dp/B0H73JYYP7,,
3299,B0F665C91Z,baby,,【エアモン2プレミアム】送風ファン付きクーリングマット/クーリングマット/送風/ベビーカー/チャイルドシート/ファンシー,9016.0,,4668,2,standard_2,,,False,False,https://www.amazon.co.jp/dp/B0F665C91Z,,
3300,B0F669XW2P,baby,,【エアモン2プレミアム】送風ファン付きクーリングマット/クーリングマット/送風/ベビーカー/チャイルドシート/ファンシー,9016.0,,3099,2,standard_2,,,False,False,https://www.amazon.co.jp/dp/B0F669XW2P,,
3301,B0F666NGW7,baby,,【エアモン2プレミアム】送風ファン付きクーリングマット/クーリングマット/送風/ベビーカー/チャイルドシート/ファンシー,9016.0,,3099,2,standard_2,,,False,False,https://www.amazon.co.jp/dp/B0F666NGW7,,
3302,B0F664DWRH,baby,,【エアモン2プレミアム】送風ファン付きクーリングマット/クーリングマット/送風/ベビーカー/チャイルドシート/ファンシー,9016.0,,3099,2,standard_1,,,False,False,https://www.amazon.co.jp/dp/B0F664DWRH,,
3303,B0D6GQ715M,baby,,8個 ベビーサークル 固定パーツ 柵 アクセサリー 滑り止め ストッパー フェンス ホルダー ベビーサークル スタビライ,1477.0,,3101,2,small,,,False,False,https://www.amazon.co.jp/dp/B0D6GQ715M,,
3304,B0D4YFFYZ3,baby,7040355317128,Stokke(ストッケ)【公式】ベビーバス 【本体+ニューボーン セット】 フレキシバス 沐浴 折り畳み 折りたたみ 赤,9680.0,,3104,2,large_1,Yahoo,はずれ,False,False,https://www.amazon.co.jp/dp/B0D4YFFYZ3,Yahoo最安 JAN=7040355317128,
3305,B07YVCN59D,baby,7040355317012,Stokke ストッケ ベビーバス 【本体+ニューボーン セット】 フレキシバス 沐浴 折り畳み 折りたたみ 赤ちゃん ,9690.0,,3104,1,standard_2,Yahoo,はずれ,False,False,https://www.amazon.co.jp/dp/B07YVCN59D,Yahoo最安 JAN=7040355317012,
3306,B0BD3VKCP7,baby,4902508011464,PIGEON ピジョン 桶谷式直接授乳訓練用 母乳相談室 乳首 SSサイズ 0か月~ 1個入 適切な吸着(ラッチオン)に,1448.0,,3376,2,small,Yahoo,はずれ,False,False,https://www.amazon.co.jp/dp/B0BD3VKCP7,Yahoo最安 JAN=4902508011464,
3307,B07VF6RLHQ,baby,7040355428008,Stokke(ストッケ)【公式】ベビーバス 付属品 フレキシバス 沐浴 折り畳み 折りたたみ 赤ちゃん お風呂 新生児 ,3304.0,,3104,2,standard_1,Yahoo,はずれ,False,False,https://www.amazon.co.jp/dp/B07VF6RLHQ,Yahoo最安 JAN=7040355428008,
3308,B0CCDBCNHS,baby,4987176203311,パンパース 【テープ Sサイズ】 オムツ さらさらケア (4~8kg) 62枚,1680.0,,3352,5,standard_2,Yahoo,はずれ,False,False,https://www.amazon.co.jp/dp/B0CCDBCNHS,Yahoo最安 JAN=4987176203311,
3309,B0C5CLPCXY,baby,4582409866518,クーザ ジャバラ スリム マルチケース SJSM-2501 オールメンバー,1957.0,,3110,8,small,Yahoo,はずれ,False,False,https://www.amazon.co.jp/dp/B0C5CLPCXY,Yahoo最安 JAN=4582409866518,
3310,B07N2XJ38L,baby,4562344368292,サーモス(THERMOS) まほうびんの離乳食ケース 130ml+90ml JBW-240 ブルー,2350.0,,3113,4,standard_1,楽天,はずれ,False,False,https://www.amazon.co.jp/dp/B07N2XJ38L,楽天最安 JAN=4562344368292,
3311,B07N2XMYDP,baby,4562344368322,サーモス(THERMOS) 保冷ポーチ付き離乳食ケース 130ml+90ml NPE-240 ピンク,1280.0,,3113,3,small,Yahoo,はずれ,False,False,https://www.amazon.co.jp/dp/B07N2XMYDP,Yahoo最安 JAN=4562344368322,
3312,B0FPMMZ94P,baby,,[GoUseGo] ベビー 防水スタイ 両面リバーシブル 4枚セット ガーゼ地 七層構造 赤ちゃん よだれかけ 360度,2780.0,,3614,2,small,,,False,False,https://www.amazon.co.jp/dp/B0FPMMZ94P,,
3313,B0FPMND19K,baby,,[GoUseGo] ベビー 防水スタイ 両面リバーシブル 4枚セット ガーゼ地 七層構造 赤ちゃん よだれかけ 360度,2780.0,,3614,2,small,,,False,False,https://www.amazon.co.jp/dp/B0FPMND19K,,
3314,B0FPMNKLXY,baby,,[GoUseGo] ベビー 防水スタイ 両面リバーシブル 4枚セット ガーゼ地 七層構造 赤ちゃん よだれかけ 360度,2780.0,,3614,2,small,,,False,False,https://www.amazon.co.jp/dp/B0FPMNKLXY,,
3315,B0FPMMT8CZ,baby,,[GoUseGo] ベビー 防水スタイ 両面リバーシブル 4枚セット ガーゼ地 七層構造 赤ちゃん よだれかけ 360度,2780.0,,3614,2,small,,,False,False,https://www.amazon.co.jp/dp/B0FPMMT8CZ,,
3316,B0FPMN7BW3,baby,,[GoUseGo] ベビー 防水スタイ 両面リバーシブル 4枚セット ガーゼ地 七層構造 赤ちゃん よだれかけ 360度,2780.0,,3614,2,small,,,False,False,https://www.amazon.co.jp/dp/B0FPMN7BW3,,
3317,B0FPMLZD1N,baby,,[GoUseGo] ベビー 防水スタイ 両面リバーシブル 4枚セット ガーゼ地 七層構造 赤ちゃん よだれかけ 360度,2780.0,,3614,2,small,,,False,False,https://www.amazon.co.jp/dp/B0FPMLZD1N,,
3318,B0FPMQGJTL,baby,,[GoUseGo] ベビー 防水スタイ 両面リバーシブル 4枚セット ガーゼ地 七層構造 赤ちゃん よだれかけ 360度,2780.0,,3614,2,small,,,False,False,https://www.amazon.co.jp/dp/B0FPMQGJTL,,
3319,B0F9VNSVDY,baby,,階段上 ペットゲート ベビーゲート ロール式 ベビーフェンス 最大幅180cm 高さ80cm 巻き取り式 ベビーゲート ,2099.0,,8309,2,standard_1,,,False,False,https://www.amazon.co.jp/dp/B0F9VNSVDY,,
3320,B0DKNBXDKQ,baby,4905179340895,[犬印本舗] リバティプリント 母子手帳ケース ネイビー 1000907,3520.0,,4197,4,small,楽天,はずれ,False,False,https://www.amazon.co.jp/dp/B0DKNBXDKQ,楽天最安 JAN=4905179340895,
3321,B0BVG9LX5Y,baby,,[GoUseGo] お食事エプロン ベビー 離乳食エプロン 2枚セット 袖なし 半袖 防水 洗える 男の子 女の子用,2980.0,,2108,2,small,,,False,False,https://www.amazon.co.jp/dp/B0BVG9LX5Y,,
3322,B0DKMWWFYJ,baby,4905179340888,[犬印本舗] リバティプリント 母子手帳ケース ブルーグレー 1000907,3520.0,,4197,3,standard_1,楽天,はずれ,False,False,https://www.amazon.co.jp/dp/B0DKMWWFYJ,楽天最安 JAN=4905179340888,
3323,B0H61K4L6P,baby,4904810995111,タカラトミー(TAKARA TOMY) マイマリオ ごきげんサウンド♪ プレイマットジム,7558.0,,3141,5,standard_2,楽天,はずれ,False,False,https://www.amazon.co.jp/dp/B0H61K4L6P,楽天最安 JAN=4904810995111,
3324,B0CJFWHRWM,baby,4971404321670,アガツマ(AGATSUMA) リラックマべビー Rilakkuma Baby やわらかメリー クリップ付き（対象年齢：0,1864.0,,3142,6,small,Yahoo,はずれ,False,False,https://www.amazon.co.jp/dp/B0CJFWHRWM,Yahoo最安 JAN=4971404321670,
3325,B071VDWK2Y,baby,1909071321993,LittleForBig おしゃぶり 第2代 防塵カバー付 大人向け いびき軽減 単独包装 組み合わせ可 無地 緑,1460.0,,3146,2,small,,,False,False,https://www.amazon.co.jp/dp/B071VDWK2Y,,
3326,B0716KGMKC,baby,1909071322013,LittleForBig 大人用おしゃぶり 蓋付 3個セット 無地 大型サイズ 紫・ピンク・青,2460.0,,3146,2,small,,,False,False,https://www.amazon.co.jp/dp/B0716KGMKC,,
3327,B071DW3KYW,baby,1909071321979,LittleForBig おしゃぶり 第2代 防塵カバー付 大人向け いびき軽減 単独包装 組み合わせ可 無地 青,1460.0,,3146,2,small,,,False,False,https://www.amazon.co.jp/dp/B071DW3KYW,,
3328,B071L2CW1X,baby,1909071321986,LittleForBig おしゃぶり 第2代 防塵カバー付 大人向け いびき軽減 単独包装 組み合わせ可 無地 ピンク,1460.0,,3146,2,small,,,False,False,https://www.amazon.co.jp/dp/B071L2CW1X,,
3329,B093FNDPCG,baby,,LittleForBig おしゃぶり 第2代 防塵カバー付 大人向け いびき軽減 単独包装 組み合わせ可 無地 白,1460.0,,3146,2,small,,,False,False,https://www.amazon.co.jp/dp/B093FNDPCG,,
3330,B0D83RJD79,baby,,LittleForBig おしゃぶり 第2代 防塵カバー付 大人向け いびき軽減 単独包装 組み合わせ可 無地 ビュティ,1460.0,,3146,2,small,,,False,False,https://www.amazon.co.jp/dp/B0D83RJD79,,
3331,B07259W13D,baby,1909071322006,LittleForBig おしゃぶり 第2代 防塵カバー付 大人向け いびき軽減 単独包装 組み合わせ可 無地 紫,1460.0,,3146,2,small,,,False,False,https://www.amazon.co.jp/dp/B07259W13D,,
3332,B0D83RQWVJ,baby,,LittleForBig大人用おしゃぶり 新型２代 防塵カバー付 いびき軽減 単独包装 組み合わせ可 無地 3点セット ,2460.0,,3146,2,small,,,False,False,https://www.amazon.co.jp/dp/B0D83RQWVJ,,
3333,B093FNJLRP,baby,,LittleForBig おしゃぶり 第2代 防塵カバー付 大人向け いびき軽減 単独包装 組み合わせ可 無地 黒,1460.0,,3146,2,small,,,False,False,https://www.amazon.co.jp/dp/B093FNJLRP,,
3334,B0043RT6QU,baby,4534688052359,10mois(ディモワ) - Hoppetta ふくふくガーゼ(6重ガーゼ)ケット コットン100% champigno,6270.0,,2567,3,standard_1,Yahoo,はずれ,False,False,https://www.amazon.co.jp/dp/B0043RT6QU,Yahoo最安 JAN=4534688052359,
3335,B000W6JCJ2,baby,4534688081106,こどもと暮らし BOBO ボボ 6重ガーゼケット（ベビー用）,5740.0,,2567,2,standard_1,Yahoo,はずれ,False,False,https://www.amazon.co.jp/dp/B000W6JCJ2,Yahoo最安 JAN=4534688081106,
3336,B0181P6GOO,baby,4972990158886,Combi コンビ ベビーレーベル さんぱつバサミ&クシセット パウダーイエロー,1981.0,,3156,3,small,Yahoo,はずれ,False,False,https://www.amazon.co.jp/dp/B0181P6GOO,Yahoo最安 JAN=4972990158886,
3337,B06WP6V39D,baby,4534688084992,10mois(ディモワ) - BOBO ふくふくガーゼ(6重ガーゼ)ケット コットン100% トーテム Mサイズ 90×,7157.0,,2568,2,standard_1,Yahoo,はずれ,False,False,https://www.amazon.co.jp/dp/B06WP6V39D,Yahoo最安 JAN=4534688084992,
3338,B08QDNTL1W,baby,0810044795325,[コッパーパール] スタイ よだれかけ 男の子 女の子 防水 赤ちゃん 米国発/バンダナ ビブ 4枚セット レックス,3300.0,,2216,2,standard_1,Yahoo,はずれ,False,False,https://www.amazon.co.jp/dp/B08QDNTL1W,Yahoo最安 JAN=0810044795325,
3339,B0CYYSHRB9,baby,0874143001572,noüka(ノーカ) どこからでも飲める 360カップ【日本正規品】200ml ハンドル着脱可 赤ちゃん ベビーマグ コ,1478.0,,2878,2,small,Yahoo,はずれ,False,False,https://www.amazon.co.jp/dp/B0CYYSHRB9,Yahoo最安 JAN=0874143001572,
3340,B0DK3MVTCS,baby,4902011115512,グーン 【テープ Lサイズ】プラス 敏感肌にやわらかタッチ おむつ (9~14kg) 44枚 (ディズニーデザイン),2090.0,,3161,9,standard_2,Yahoo,はずれ,False,False,https://www.amazon.co.jp/dp/B0DK3MVTCS,Yahoo最安 JAN=4902011115512,
3341,B0DK3P8LJ7,baby,4902011115772,【テープ Lサイズ】グーンプラス 敏感肌にやわらかタッチ おむつ (9~14kg) 176枚(44枚×4) [ケース販売,7400.0,,3161,3,large_2,楽天,はずれ,False,False,https://www.amazon.co.jp/dp/B0DK3P8LJ7,楽天最安 JAN=4902011115772,
3342,B000RC27S4,baby,4973655476901,リッチェル(Richell) ミッフィー ワン・ツーバス 新生児~3カ月頃まで,4000.0,,2208,7,standard_2,楽天,はずれ,False,False,https://www.amazon.co.jp/dp/B000RC27S4,楽天最安 JAN=4973655476901,
3343,B08CK3CQS9,baby,0013984871450,ベビーカーフットレスト 足置き 拡張シート ベビーカー足支えマット ベビーカーの足場 足のポケット 35×30cm 足ら,1414.0,,3175,2,standard_1,,,False,False,https://www.amazon.co.jp/dp/B08CK3CQS9,,
3344,B0DYHBBL4Z,baby,,[ジェラート ピケ] 【販路限定】総柄母子手帳ケースL PWGG259125 レディース YEL L,5148.0,,3813,2,standard_1,,,False,False,https://www.amazon.co.jp/dp/B0DYHBBL4Z,,
3345,B01HEUOU1I,baby,0714439874599,Yimidear 迷子防止ひも リード付き 耳付き ハーネス 子供,2380.0,,3752,3,small,楽天,はずれ,False,False,https://www.amazon.co.jp/dp/B01HEUOU1I,楽天最安 JAN=0714439874599,
3346,B0BV8ZKVGB,baby,4937006521870,PIGEON ピジョン 産後パーフェクトセット M ブラック,4738.0,,3184,2,standard_1,楽天,はずれ,False,False,https://www.amazon.co.jp/dp/B0BV8ZKVGB,楽天最安 JAN=4937006521870,
3347,B0BV9C7Q3D,baby,4937006521917,PIGEON ピジョン 産後パーフェクトセット L ネイビー,4648.0,,3184,2,standard_1,Yahoo,はずれ,False,False,https://www.amazon.co.jp/dp/B0BV9C7Q3D,Yahoo最安 JAN=4937006521917,
3348,B0BV93DMJC,baby,4937006521887,PIGEON ピジョン 産後パーフェクトセット L ブラック,4636.0,,3184,2,standard_1,Yahoo,はずれ,False,False,https://www.amazon.co.jp/dp/B0BV93DMJC,Yahoo最安 JAN=4937006521887,
3349,B079NNSCGS,baby,4973655298923,リッチェル(Richell) 腰かけキッズ ホワイト,1055.0,,2233,7,standard_1,Yahoo,はずれ,False,False,https://www.amazon.co.jp/dp/B079NNSCGS,Yahoo最安 JAN=4973655298923,
3350,B0BDZFT9TJ,baby,0191653006171,Ergobaby エルゴベビー EBC EMBRACE Soft Air ブルー CREGBCEMASAMBLU,7999.0,,4703,3,standard_1,楽天,はずれ,False,False,https://www.amazon.co.jp/dp/B0BDZFT9TJ,楽天最安 JAN=0191653006171,
3351,B0DYHMD4LG,baby,,[ジェラート ピケ] 【販路限定】総柄母子手帳ケースL PWGG259125 レディース MNT L,5148.0,,3813,2,standard_1,,,False,False,https://www.amazon.co.jp/dp/B0DYHMD4LG,,
3352,B0DYH82SFS,baby,,[ジェラート ピケ] 【販路限定】総柄母子手帳ケースL PWGG259125 レディース CRM L,5148.0,,3813,2,standard_1,,,False,False,https://www.amazon.co.jp/dp/B0DYH82SFS,,
3353,B0DYHF7TRF,baby,,[ジェラート ピケ] 【販路限定】総柄母子手帳ケースL PWGG259125 レディース PNK L,5148.0,,3813,2,standard_1,,,False,False,https://www.amazon.co.jp/dp/B0DYHF7TRF,,
3354,B0DK72734Z,baby,4550344484234,無印良品 ポリエステル・母子手帳ケース・小 ネイビー A6サイズ対応 NGB81A1S,2400.0,,3196,2,small,Yahoo,はずれ,False,False,https://www.amazon.co.jp/dp/B0DK72734Z,Yahoo最安 JAN=4550344484234,
3355,B0F6CLBW3F,baby,4550344484258,無印良品 ポリエステル・母子手帳ケース・小 ・黒・約２２×１５ｃｍ 44484258,3580.0,,3171,2,small,Yahoo,はずれ,False,False,https://www.amazon.co.jp/dp/B0F6CLBW3F,Yahoo最安 JAN=4550344484258,
3356,B0CJJC61DC,baby,4573585137899,regalo 赤ちゃん用 スプーン フォーク セット 離乳食 ベビー 自分で食べる 握りやすい 練習 10ヵ月以上 SU,1380.0,,2679,2,small,,,False,False,https://www.amazon.co.jp/dp/B0CJJC61DC,,
3357,B0DT53WVSP,baby,4573585133266,regalo 赤ちゃん用 スプーン フォーク セット 離乳食 ベビー 自分で食べる 握りやすい 練習 10ヵ月以上 SU,1380.0,,2679,2,small,,,False,False,https://www.amazon.co.jp/dp/B0DT53WVSP,,
3358,B0FKBNP1GM,baby,0000093987967,KOPNE 授乳クッション 授乳枕 妊婦 妊娠 H型まくら サイドスリーパー 多機能 通気性 抱き枕 腰枕 いびき 横向,2299.0,,3204,2,standard_1,,,False,False,https://www.amazon.co.jp/dp/B0FKBNP1GM,,
3359,B09FF2HMLG,baby,9421024365912,Mum 2 Mum PLUS スタイ・よだれかけ バンダナタイプ・ラージ・大人用スタイ,1850.0,,8635,2,standard_1,Yahoo,はずれ,False,False,https://www.amazon.co.jp/dp/B09FF2HMLG,Yahoo最安 JAN=9421024365912,
3360,B0CCJ37W6Z,baby,4987176203182,【テープ Lサイズ】パンパース オムツ はじめての肌へのいちばん (9~14kg) 48枚,2980.0,,3710,3,standard_2,楽天,はずれ,False,False,https://www.amazon.co.jp/dp/B0CCJ37W6Z,楽天最安 JAN=4987176203182,
3361,B0CCJ21D4K,baby,4987176203212,パンパース 【テープ Lサイズ】 オムツ はじめての肌へのいちばん (9~14kg) 40枚,2620.0,,3208,7,standard_2,Yahoo,はずれ,False,False,https://www.amazon.co.jp/dp/B0CCJ21D4K,Yahoo最安 JAN=4987176203212,
3362,B072KMT824,baby,2000071969730,アイリスプラザ(IRIS PLAZA) キッズチェア 木製椅子 ハイチェア 3段階調節可能 幅35×奥行41×高さ78.,5980.0,,4562,4,large_2,,,False,False,https://www.amazon.co.jp/dp/B072KMT824,,
3363,B072N7KWV4,baby,4967576257497,キッズチェア 木製椅子 ハイチェア 3段階調節可能 幅35×奥行41×高さ78.5cm,5980.0,,4562,4,large_2,Yahoo,はずれ,False,False,https://www.amazon.co.jp/dp/B072N7KWV4,Yahoo最安 JAN=4967576257497,
3364,B071XC95LQ,baby,2000071969747,アイリスプラザ(IRIS PLAZA) キッズチェア 木製椅子 ハイチェア 3段階調節可能 幅35×奥行41×高さ78.,5980.0,,3219,2,large_2,,,False,False,https://www.amazon.co.jp/dp/B071XC95LQ,,
3365,B00JL2N1KY,baby,,IKEAべビーケアマット（IKEA)302.517.99SKOTSAM,1950.0,,3677,9,standard_1,,,False,False,https://www.amazon.co.jp/dp/B00JL2N1KY,,
3366,B08YKCVDP3,baby,0707618894730,Sonriia ベビー あたま ガード ヘッドガード ごっつん防止リュック クッション 転倒防止 怪我防止 肩紐調節可 ,2780.0,,3364,2,standard_1,,,False,False,https://www.amazon.co.jp/dp/B08YKCVDP3,,
3367,B0CH9CWFBS,baby,4904740663302,パンパース 【パンツ Mサイズ】 オムツ 夜用 おやすみパンツ (6~12kg) 68枚(34枚×2パック),3000.0,,3051,2,large_1,楽天,はずれ,False,False,https://www.amazon.co.jp/dp/B0CH9CWFBS,楽天最安 JAN=4904740663302,
3368,B0DK4M46RW,baby,4573307171569,［アンジェロラックス］ スリーパー 赤ちゃん ガーゼ 新生児 日本製 キッズ 綿 / 6重 ガーゼスリーパー ペールピン,5610.0,,3232,2,standard_1,Yahoo,はずれ,False,False,https://www.amazon.co.jp/dp/B0DK4M46RW,Yahoo最安 JAN=4573307171569,
3369,B0FD39MMWM,baby,4573307172023,［アンジェロラックス］ スリーパー 赤ちゃん ガーゼ 新生児 日本製 キッズ 綿 / 6重 ガーゼスリーパー ライラック,6554.0,,3232,2,standard_1,楽天,はずれ,False,False,https://www.amazon.co.jp/dp/B0FD39MMWM,楽天最安 JAN=4573307172023,
3370,B07NV6ZYNS,baby,4949827806401,AI PLANNING(アイプランニング) はらぺこあおむし マルチケース ドット W15×H22×D1cm 母子手帳ケ,2298.0,,3230,5,standard_1,楽天,はずれ,False,False,https://www.amazon.co.jp/dp/B07NV6ZYNS,楽天最安 JAN=4949827806401,
3371,B0D4Y5L7XG,baby,7040355320135,Stokke(ストッケ)【公式】ベビーバス クリアブルー本体 フレキシバス 沐浴 折り畳み 折りたたみ 赤ちゃん お風呂,6930.0,,3080,2,standard_2,Yahoo,はずれ,False,False,https://www.amazon.co.jp/dp/B0D4Y5L7XG,Yahoo最安 JAN=7040355320135,
3372,B085CXCT9F,baby,4573307170630,［アンジェロラックス］ スリーパー 赤ちゃん ガーゼ 新生児 日本製 キッズ 綿 / 6重 ガーゼスリーパー ペールピン,4400.0,,3232,4,standard_1,Yahoo,はずれ,False,False,https://www.amazon.co.jp/dp/B085CXCT9F,Yahoo最安 JAN=4573307170630,
3373,B08NWPRW73,baby,4573307170944,［アンジェロラックス］ スリーパー 赤ちゃん ガーゼ 新生児 日本製 キッズ 綿 / 6重 ガーゼスリーパー モスグレー,4950.0,,3232,3,small,Yahoo,はずれ,False,False,https://www.amazon.co.jp/dp/B08NWPRW73,Yahoo最安 JAN=4573307170944,
3374,B085CX2YXR,baby,4573307170654,［アンジェロラックス］ スリーパー 赤ちゃん ガーゼ 新生児 日本製 キッズ 綿 / 6重 ガーゼスリーパー ペールピン,5500.0,,3232,4,small,Yahoo,はずれ,False,False,https://www.amazon.co.jp/dp/B085CX2YXR,Yahoo最安 JAN=4573307170654,
3375,B09LYG71FR,baby,4955303707346,日本育児 グリップシート Grip SEAT カーシート(チャイルドシート)滑り止めマット,2510.0,,3233,4,standard_1,Yahoo,はずれ,False,False,https://www.amazon.co.jp/dp/B09LYG71FR,Yahoo最安 JAN=4955303707346,
3376,B0CC7P6DXJ,baby,4943169238081,munchkin マンチキン ストローカップ ピンク パステル 8.1×8.6×13.2cm ストロー可動式 コップ飲み,1210.0,,2239,2,small,Yahoo,はずれ,False,False,https://www.amazon.co.jp/dp/B0CC7P6DXJ,Yahoo最安 JAN=4943169238081,
3377,B0DC87T6T1,baby,,POPETPOP コンセントカバー 大きめ コンセントガード ソケット防水カバー チャイルド コンセントカバー ワイヤー,2551.0,,3236,2,small,,,False,False,https://www.amazon.co.jp/dp/B0DC87T6T1,,
3378,B0H69PDF2D,baby,4573307172887,［アンジェロラックス］ スリーパー 赤ちゃん ガーゼ 新生児 日本製 キッズ 綿 / 6重 ガーゼスリーパー モカブラウ,6600.0,,3231,2,standard_1,,,False,False,https://www.amazon.co.jp/dp/B0H69PDF2D,,
3379,B08NWRM1QB,baby,4573307170937,［アンジェロラックス］ スリーパー 赤ちゃん ガーゼ 新生児 日本製 キッズ 綿 / 6重ガーゼ スリーパー モスグレー,3204.0,,3231,2,small,Yahoo,はずれ,False,False,https://www.amazon.co.jp/dp/B08NWRM1QB,Yahoo最安 JAN=4573307170937,
3380,B0BFWGTYDW,baby,4573307171330,［アンジェロラックス］ スリーパー 赤ちゃん ガーゼ 新生児 日本製 キッズ 綿 / 6重 ガーゼスリーパー キナリ/モ,5500.0,,3231,2,small,Yahoo,はずれ,False,False,https://www.amazon.co.jp/dp/B0BFWGTYDW,Yahoo最安 JAN=4573307171330,
3381,B085CX3FHH,baby,4573307170623,［アンジェロラックス］ スリーパー 赤ちゃん ガーゼ 新生児 日本製 キッズ 綿 / 6重 ガーゼスリーパー ミントブル,5940.0,,3231,3,standard_1,Yahoo,はずれ,False,False,https://www.amazon.co.jp/dp/B085CX3FHH,Yahoo最安 JAN=4573307170623,
3382,B0CQZGZZD5,baby,4573307171484,［アンジェロラックス］ スリーパー 赤ちゃん ガーゼ 新生児 日本製 キッズ 綿 / 6重 ガーゼスリーパー キナリ/モ,5260.0,,3240,2,standard_1,Yahoo,はずれ,False,False,https://www.amazon.co.jp/dp/B0CQZGZZD5,Yahoo最安 JAN=4573307171484,
3383,B0C9KTD5W7,baby,,[MARBEINE] ベビー バスローブ フード付き キッズ 男の子 女の子 コットン バスタオル マント お風呂上がり,2680.0,,3837,2,standard_1,,,False,False,https://www.amazon.co.jp/dp/B0C9KTD5W7,,
3384,B0F4QQK4L4,baby,4573307171576,［アンジェロラックス］ スリーパー 赤ちゃん ガーゼ 新生児 日本製 キッズ 綿 / 6重 ガーゼスリーパー ライラック,5500.0,,3240,2,standard_1,楽天,はずれ,False,False,https://www.amazon.co.jp/dp/B0F4QQK4L4,楽天最安 JAN=4573307171576,
3385,B08NWM4WTJ,baby,4573307170951,［アンジェロラックス］ スリーパー 赤ちゃん ガーゼ 新生児 日本製 キッズ 綿 / 6重 ガーゼスリーパー モスグレー,5500.0,,3240,3,standard_1,Yahoo,はずれ,False,False,https://www.amazon.co.jp/dp/B08NWM4WTJ,Yahoo最安 JAN=4573307170951,
3386,B0CQZH1FV7,baby,4573307171477,［アンジェロラックス］ スリーパー 赤ちゃん ガーゼ 新生児 日本製 キッズ 綿 / 6重 ガーゼスリーパー モスグレー,6930.0,,3240,2,standard_1,Yahoo,はずれ,False,False,https://www.amazon.co.jp/dp/B0CQZH1FV7,Yahoo最安 JAN=4573307171477,
3387,B0DK4M4RJT,baby,4573307171552,［アンジェロラックス］ スリーパー 赤ちゃん ガーゼ 新生児 日本製 キッズ 綿 / 6重 ガーゼスリーパー ミントブル,6600.0,,3240,2,standard_1,楽天,はずれ,False,False,https://www.amazon.co.jp/dp/B0DK4M4RJT,楽天最安 JAN=4573307171552,
3388,B085CWTZSS,baby,4573307170647,［アンジェロラックス］ スリーパー 赤ちゃん ガーゼ 新生児 日本製 キッズ 綿 / 6重 ガーゼスリーパー ペールピン,4950.0,,3231,4,small,Yahoo,はずれ,False,False,https://www.amazon.co.jp/dp/B085CWTZSS,Yahoo最安 JAN=4573307170647,
3389,B0C9LFW64Q,baby,,[MARBEINE] ベビー バスローブ フード付き キッズ 男の子 女の子 コットン バスタオル マント お風呂上がり,2680.0,,3242,2,small,,,False,False,https://www.amazon.co.jp/dp/B0C9LFW64Q,,
3390,B0C9L5765K,baby,,[MARBEINE] ベビー バスローブ フード付き キッズ 男の子 女の子 コットン バスタオル マント お風呂上がり,2680.0,,3242,2,standard_1,,,False,False,https://www.amazon.co.jp/dp/B0C9L5765K,,
3391,B0C9L7Y24J,baby,,[MARBEINE] ベビー バスローブ フード付き キッズ 男の子 女の子 コットン バスタオル マント お風呂上がり,2680.0,,3242,2,standard_1,,,False,False,https://www.amazon.co.jp/dp/B0C9L7Y24J,,
3392,B0CC7NLY9X,baby,4943169238067,munchkin マンチキン ストローマグ ブルー パステル ストロー可動式 コップ飲み練習 ベビーマグ FDMU109,1210.0,,3243,2,small,Yahoo,はずれ,False,False,https://www.amazon.co.jp/dp/B0CC7NLY9X,Yahoo最安 JAN=4943169238067,
3393,B003DSC7WA,baby,4582289832344,MOGU(モグ) フィットチェア 専用カバー 日本製 約45x55cm ブラウン 洗濯可 ※この商品はカバーのみになりま,3300.0,,2518,4,small,Yahoo,はずれ,False,False,https://www.amazon.co.jp/dp/B003DSC7WA,Yahoo最安 JAN=4582289832344,
3394,B003DSC7VG,baby,4582289832337,MOGU(モグ) フィットチェア 専用カバー 日本製 約45x55cm ライトグリーン 洗濯可 ※この商品はカバーのみに,3300.0,,2518,3,small,楽天,はずれ,False,False,https://www.amazon.co.jp/dp/B003DSC7VG,楽天最安 JAN=4582289832337,
3395,B003DS80IK,baby,4582289832320,MOGU(モグ) フィットチェア 専用カバー 日本製 約45x55cm オレンジ 洗濯可 ※この商品はカバーのみになりま,3300.0,,2518,4,small,楽天,はずれ,False,False,https://www.amazon.co.jp/dp/B003DS80IK,楽天最安 JAN=4582289832320,
3396,B003DSC7L6,baby,4582289832351,MOGU(モグ) フィットチェア 専用カバー 日本製 約45x55cm ブラック 洗濯可 ※この商品はカバーのみになりま,3300.0,,3246,4,small,楽天,はずれ,False,False,https://www.amazon.co.jp/dp/B003DSC7L6,楽天最安 JAN=4582289832351,
3397,B08442JWGB,baby,4905179266386,犬印本舗 産後すぐ骨盤ベルト N3200RR ピンク LL,4081.0,,2523,4,standard_1,楽天,はずれ,False,False,https://www.amazon.co.jp/dp/B08442JWGB,楽天最安 JAN=4905179266386,
3398,B0F7VX2MLH,baby,,ピジョン 哺乳びん洗い かんたん泡スプレー 詰め替え 大容量 4回分 1000ml 哺乳瓶 洗浄 + Kunutonnオ,3780.0,,3867,2,standard_2,,,False,False,https://www.amazon.co.jp/dp/B0F7VX2MLH,,
3399,B0CDJW87P2,baby,4531453258923,[ｋｏｎｔｅｘ] 【コンテックス】シュエット ＜46272-001＞スタイ 今治タオルブランド認定商品 よだれかけ ビブ,1616.0,,3254,5,standard_1,楽天,はずれ,False,False,https://www.amazon.co.jp/dp/B0CDJW87P2,楽天最安 JAN=4531453258923,
3400,B09V19YNWX,baby,4985697249283,セルヴァン しっかり歩けるウォーキング骨盤ベルト ブラック M-L,1980.0,,3255,7,small,楽天,はずれ,False,False,https://www.amazon.co.jp/dp/B09V19YNWX,楽天最安 JAN=4985697249283,
3401,B0F4XC5QZB,baby,4905179335532,monpoke フード付きバスタオル ピカチュウ イエロー B896090,5211.0,,2517,2,standard_1,Yahoo,はずれ,False,False,https://www.amazon.co.jp/dp/B0F4XC5QZB,Yahoo最安 JAN=4905179335532,
3402,B0F4XF2XXQ,baby,4905179335556,monpoke フード付きバスタオル イーブイ ベージュ B896092,5396.0,,2517,2,standard_1,Yahoo,はずれ,False,False,https://www.amazon.co.jp/dp/B0F4XF2XXQ,Yahoo最安 JAN=4905179335556,
3403,B0CPM7HJKC,baby,,[GoUseGo] スタイ よだれかけ ベビー 女の子 男の子 6枚セット ガーゼ地 赤ちゃん お食事スタイ 新生児 1,2340.0,,2833,2,small,,,False,False,https://www.amazon.co.jp/dp/B0CPM7HJKC,,
3404,B0BSGDCFX6,baby,4973307596896,スケーター(skater) ベビー用 ストローマグ 折りたたみハンドル&ショルダー式 2WAYタイプ 370ml いない,1360.0,,2809,4,small,Yahoo,はずれ,False,False,https://www.amazon.co.jp/dp/B0BSGDCFX6,Yahoo最安 JAN=4973307596896,
3405,B0C2XDJVHP,baby,4973307628108,スケーター(skater) ベビー用 ストローマグ 折りたたみハンドル&ショルダー式 2WAYタイプ 370ml くまの,1680.0,,3264,8,small,楽天,はずれ,False,False,https://www.amazon.co.jp/dp/B0C2XDJVHP,楽天最安 JAN=4973307628108,
3406,B0C63N6MBM,baby,,哺乳瓶アクセサリー用ストロー4本 広口ボトル シッピー 重力ボール付き プロフェッショナル透明シリカゲル ベビー給餌プラ,1444.0,,3879,2,small,,,False,False,https://www.amazon.co.jp/dp/B0C63N6MBM,,
3407,B08Y89YSFC,baby,4973307541667,スケーター(skater) ベビー用 ストローマグ 折りたたみハンドル&ショルダー式 2WAYタイプ 370ml ドラえ,1725.0,,3264,10,small,楽天,はずれ,False,False,https://www.amazon.co.jp/dp/B08Y89YSFC,楽天最安 JAN=4973307541667,
3408,B0BVKR6S1F,baby,,[GoUseGo] お食事エプロン ベビー 離乳食エプロン 2枚セット 袖なし 半袖 防水 洗える 男の子 女の子用,2980.0,,2108,2,small,,,False,False,https://www.amazon.co.jp/dp/B0BVKR6S1F,,
3409,B07Q125BT7,baby,4534688110431,[10mois(ディモワ)] mamamanma(マママンマ) grandeセット ブルー 19251006,6607.0,,2272,2,standard_1,楽天,はずれ,False,False,https://www.amazon.co.jp/dp/B07Q125BT7,楽天最安 JAN=4534688110431,
3410,B079Z4PGRF,baby,4955303002151,ベビーゲート スマートゲイトII ミルキー 手すりよけ拡張フレーム (+8cm拡張) 階段 キッチン 玄関 浴室,2568.0,,2236,3,standard_1,Yahoo,はずれ,False,False,https://www.amazon.co.jp/dp/B079Z4PGRF,Yahoo最安 JAN=4955303002151,
3411,B0055WGNHW,baby,4955303001826,日本育児 ベビーゲート スマートゲイトII 手すりよけ拡張フレーム (+8cm拡張) 階段 キッチン 玄関 浴室,2036.0,,2237,3,standard_1,楽天,はずれ,False,False,https://www.amazon.co.jp/dp/B0055WGNHW,楽天最安 JAN=4955303001826,
3412,B0FKXZXLQH,baby,4539066032756,チェアクッション クッション 単品 すくすくチェア スリムJ 専用 新モデル ベビーチェア ベビー 洗える 子供の椅子 ,5500.0,,2507,2,standard_1,Yahoo,はずれ,False,False,https://www.amazon.co.jp/dp/B0FKXZXLQH,Yahoo最安 JAN=4539066032756,
3413,B0CDKG6VCB,baby,4531453258930,[ｋｏｎｔｅｘ] 【コンテックス】シュエット＜46272-002＞ スタイ 今治タオルブランド認定商品 よだれかけ ビブ,1724.0,,3243,5,standard_1,Yahoo,はずれ,False,False,https://www.amazon.co.jp/dp/B0CDKG6VCB,Yahoo最安 JAN=4531453258930,
3414,B0FKYPL3XH,baby,4539066032718,チェアクッション クッション 単品 すくすくチェア スリムJ 専用 新モデル ベビーチェア ベビー 洗える 子供の椅子 ,5500.0,,2507,2,standard_1,Yahoo,はずれ,False,False,https://www.amazon.co.jp/dp/B0FKYPL3XH,Yahoo最安 JAN=4539066032718,
3415,B09HMY9VXF,baby,4573307171187,[アンジェロラックス] スタイ よだれかけ 女の子 赤ちゃん ベビー ガーゼ (日本製) / 6重ガーゼ スタイ ペール,1100.0,,5030,2,small,Yahoo,はずれ,False,False,https://www.amazon.co.jp/dp/B09HMY9VXF,Yahoo最安 JAN=4573307171187,
3416,B0FKYD26KN,baby,4539066032725,チェアクッション クッション 単品 すくすくチェア スリムJ 専用 新モデル ベビーチェア ベビー 洗える 子供の椅子 ,5500.0,,2507,2,standard_1,Yahoo,はずれ,False,False,https://www.amazon.co.jp/dp/B0FKYD26KN,Yahoo最安 JAN=4539066032725,
3417,B07PXSH3YM,baby,4534688110448,[10mois(ディモワ)] mamamanma(マママンマ) grandeセット ピンク 19251007,6607.0,,2272,2,standard_1,楽天,はずれ,False,False,https://www.amazon.co.jp/dp/B07PXSH3YM,楽天最安 JAN=4534688110448,
3418,B0CDJVP4V8,baby,4531453258947,[ｋｏｎｔｅｘ] 【コンテックス】シュエット＜46272-012＞ スタイ 今治タオルブランド認定商品 よだれかけ ビブ,1560.0,,3243,8,standard_1,楽天,はずれ,False,False,https://www.amazon.co.jp/dp/B0CDJVP4V8,楽天最安 JAN=4531453258947,
3419,B0B6SZ595P,baby,0730869826984,ZARPMA ハイチェアクッションコットンパッドを詰めたコットンファブリックカバー に適用 Stokke TrippTr,2699.0,,3295,2,standard_1,,,False,False,https://www.amazon.co.jp/dp/B0B6SZ595P,,
3420,B0B6T11SKV,baby,0730869826977,ZARPMA ハイチェアクッションコットンパッドを詰めたコットンファブリックカバー に適用 Stokke TrippTr,2699.0,,3295,2,standard_1,,,False,False,https://www.amazon.co.jp/dp/B0B6T11SKV,,
3421,B0B6SZ6BLH,baby,0730869826960,ZARPMA ハイチェアクッションコットンパッドを詰めたコットンファブリックカバー に適用 Stokke TrippTr,2699.0,,3295,2,standard_1,,,False,False,https://www.amazon.co.jp/dp/B0B6SZ6BLH,,
3422,B00C2MA63K,baby,4993717341169,パパジーノ 湯温計 ルーム&バスサーモメーター(デジタル式) みつばち (RBTM002),1000.0,,3302,4,small,Yahoo,はずれ,False,False,https://www.amazon.co.jp/dp/B00C2MA63K,Yahoo最安 JAN=4993717341169,
3423,B0FGQMQX3X,baby,,[DEJEXEGO] 夏用 赤ちゃん スリーパー キッズ 寝袋 綿100% 柔らかい 寝冷え防止 かわいい 新生児 ベビ,1899.0,,3587,2,small,,,False,False,https://www.amazon.co.jp/dp/B0FGQMQX3X,,
3424,B000JOT2RO,baby,0735282490033,munchkin マンチキン たべたくなーるサクションボウル 3個セット FDMU49003,2100.0,,2419,3,standard_1,Yahoo,はずれ,False,False,https://www.amazon.co.jp/dp/B000JOT2RO,Yahoo最安 JAN=0735282490033,
3425,B0G35BG4X4,baby,,ピヨ(PIYO) 踏み台 子供 木製 耐荷重100kg ステップ台 洗面所 手洗い子ども 2段 ステップ台 幼児 こども,4180.0,,3313,2,large_1,,,False,False,https://www.amazon.co.jp/dp/B0G35BG4X4,,
3426,B08TQNX682,baby,4973307532887,スケーター (skater) キッチンはさみ 離乳食 フードカッター くまのプーさん ディズニー BFC1,1240.0,,3195,2,small,Yahoo,はずれ,False,False,https://www.amazon.co.jp/dp/B08TQNX682,Yahoo最安 JAN=4973307532887,
3427,B0F1C2NFVN,baby,9352240034033,[ergoPouch] エルゴポーチ 手が出せる おくるみ スワドル オーガニックコットン 春 秋 新生児 ベビー モロ,5940.0,,3164,2,small,,,False,False,https://www.amazon.co.jp/dp/B0F1C2NFVN,,
3428,B0F1C7Y7KB,baby,9352240031681,[ergoPouch] エルゴポーチ 手が出せる おくるみ スワドル オーガニックコットン 春 秋 新生児 ベビー モロ,5940.0,,3164,2,small,,,False,False,https://www.amazon.co.jp/dp/B0F1C7Y7KB,,
3429,B0F1BWZ4HX,baby,9352240034903,[ergoPouch] エルゴポーチ 手が出せる おくるみ スワドル オーガニックコットン 春 秋 新生児 ベビー モロ,5940.0,,3164,2,small,,,False,False,https://www.amazon.co.jp/dp/B0F1BWZ4HX,,
3430,B0F1BWMLWN,baby,9352240033616,[ergoPouch] エルゴポーチ 手が出せる おくるみ スワドル オーガニックコットン 春 秋 新生児 ベビー モロ,5940.0,,3164,2,small,,,False,False,https://www.amazon.co.jp/dp/B0F1BWMLWN,,
3431,B0F1C7WJK6,baby,9352240034927,[ergoPouch] エルゴポーチ 手が出せる おくるみ スワドル オーガニックコットン 春 秋 新生児 ベビー モロ,5940.0,,3164,2,small,,,False,False,https://www.amazon.co.jp/dp/B0F1C7WJK6,,
3432,B0H32XQSR7,baby,4945680207720,リッチェル(Richell) トライ もれない保冷ストローマグR 300 パンダ 7カ月から おでかけ 水筒 出産祝い ,4284.0,,3325,3,small,,,False,False,https://www.amazon.co.jp/dp/B0H32XQSR7,,
3433,B0H32Q5MPV,baby,4945680207744,リッチェル(Richell) トライ のみやすい保冷コップマグR 300 くま 8カ月から おでかけ 水筒 出産祝い コ,4510.0,,3325,2,standard_1,,,False,False,https://www.amazon.co.jp/dp/B0H32Q5MPV,,
3434,B0H32QF7DQ,baby,4945680207737,リッチェル(Richell) トライ もれない保冷ストローマグR 450 恐竜 7カ月から おでかけ 水筒 出産祝い ス,4807.0,,3325,3,standard_1,,,False,False,https://www.amazon.co.jp/dp/B0H32QF7DQ,,
3435,B0CSDY5H72,baby,,ピヨ(PIYO)おまるシート 30枚セット 袋 おまる おまる洗い不要 清潔 30枚入り 使い捨て 楽 携帯 トイレトレ,1980.0,,4770,2,standard_1,,,False,False,https://www.amazon.co.jp/dp/B0CSDY5H72,,
3436,B0F1BWNVMD,baby,9352240033609,[ergoPouch] エルゴポーチ 手が出せる おくるみ スワドル オーガニックコットン 春 秋 新生児 ベビー モロ,5940.0,,3164,2,small,,,False,False,https://www.amazon.co.jp/dp/B0F1BWNVMD,,
3437,B0F1CFQ39P,baby,9352240031698,[ergoPouch] エルゴポーチ 手が出せる おくるみ スワドル オーガニックコットン 春 秋 新生児 ベビー モロ,5940.0,,3164,2,small,,,False,False,https://www.amazon.co.jp/dp/B0F1CFQ39P,,
3438,B0F1C4S797,baby,9352240033593,[ergoPouch] エルゴポーチ 手が出せる おくるみ スワドル オーガニックコットン 春 秋 新生児 ベビー モロ,5940.0,,3164,2,small,,,False,False,https://www.amazon.co.jp/dp/B0F1C4S797,,
3439,B0F1CDBTQ9,baby,9352240034026,ergopouch(エルゴポーチ) 手が出せる おくるみ スワドル オーガニックコットン 夏 新生児 ベビー モロー反射,5170.0,,3164,2,small,,,False,False,https://www.amazon.co.jp/dp/B0F1CDBTQ9,,
3440,B0GW73GVHJ,baby,9352240036778,ergopouch(エルゴポーチ) 手が出せる おくるみ スワドル オーガニックコットン 春 秋 新生児 ベビー モロー,5940.0,,3164,2,standard_1,,,False,False,https://www.amazon.co.jp/dp/B0GW73GVHJ,,
3441,B0GW727LSX,baby,9352240036808,ergopouch(エルゴポーチ) 手が出せる おくるみ スワドル オーガニックコットン 夏 新生児 ベビー モロー反射,5170.0,,3164,2,small,,,False,False,https://www.amazon.co.jp/dp/B0GW727LSX,,
3442,B0F1CDBTQB,baby,9352240034019,ergopouch(エルゴポーチ) 手が出せる おくるみ スワドル オーガニックコットン 夏 新生児 ベビー モロー反射,5170.0,,3164,2,small,,,False,False,https://www.amazon.co.jp/dp/B0F1CDBTQB,,
3443,B0F7RV2MRG,baby,0706511192370,噴水マット プレイマット プールマット 子供用 ペット用 直径100CM プール かわいい 水遊び 夏の日 芝生遊び 家,1680.0,,3865,2,standard_1,楽天,はずれ,False,False,https://www.amazon.co.jp/dp/B0F7RV2MRG,楽天最安 JAN=0706511192370,
3444,B078DP9M24,baby,4580403102113,ハンナフラ(Hanna Hula) 消臭巾着 Lサイズ ロックスターブラック,1430.0,,3338,4,standard_1,Yahoo,はずれ,False,False,https://www.amazon.co.jp/dp/B078DP9M24,Yahoo最安 JAN=4580403102113,
3445,B0FBVWBF6H,baby,4571657908699,[THE NORTH FACE] [ザ・ノース・フェイス] ビブ Baby Compact Yummy Bib コーラル,2758.0,,3305,9,small,楽天,はずれ,False,False,https://www.amazon.co.jp/dp/B0FBVWBF6H,楽天最安 JAN=4571657908699,
3446,B074WZLRQS,baby,4997660170128,BETTA ベッタ 哺乳瓶 哺乳びん【ブレイン】SF4-120ml（フラワー） PPSU製 クロスカット BPA/BPS,2082.0,,5574,3,small,Yahoo,はずれ,False,False,https://www.amazon.co.jp/dp/B074WZLRQS,Yahoo最安 JAN=4997660170128,
3447,B074WS6DYH,baby,4997660170111,BETTA ベッタ 哺乳瓶 哺乳びん【ブレイン】SF4-240ml（フラワー）PPSU製 クロスカット BPA/BPSフ,2861.0,,5574,2,small,Yahoo,はずれ,False,False,https://www.amazon.co.jp/dp/B074WS6DYH,Yahoo最安 JAN=4997660170111,
3448,B08ZLN6DTN,baby,4973307519611,スケーター(Skater) ベビー ブランケット クリップ ホルダー 2WAY クリップ スナップボタン ズレ 落下 防,1380.0,,3474,5,small,Yahoo,はずれ,False,False,https://www.amazon.co.jp/dp/B08ZLN6DTN,Yahoo最安 JAN=4973307519611,
3449,B0FBWCZMPL,baby,4571657908712,[THE NORTH FACE] [ザ・ノース・フェイス] ビブ Baby Compact Yummy Bib ダスクブ,2758.0,,3304,5,standard_1,Yahoo,はずれ,False,False,https://www.amazon.co.jp/dp/B0FBWCZMPL,Yahoo最安 JAN=4571657908712,
3450,B0G4M4MLDD,baby,4582738620409,[THE NORTH FACE] [ザ・ノース・フェイス] ビブ Baby Compact Yummy Bib ペールブ,3080.0,,3304,4,small,Yahoo,はずれ,False,False,https://www.amazon.co.jp/dp/B0G4M4MLDD,Yahoo最安 JAN=4582738620409,
3451,B00BHA0N3G,baby,4560224462047,驚異の防臭袋 BOS（ボス）Sサイズ大容量200枚入り 赤ちゃん用 おむつ 処理袋 (袋カラー：ピンク),2300.0,,4844,4,standard_1,楽天,はずれ,False,False,https://www.amazon.co.jp/dp/B00BHA0N3G,楽天最安 JAN=4560224462047,
3452,B088XPNQT9,baby,0014292647461,bumkins(バンキンス) 油が落ちるスタイ【日本正規品】スーパービブ 柔らかくて軽量 洗濯機で洗えてすぐ乾く お食事,1193.0,,3352,2,standard_1,Yahoo,はずれ,False,False,https://www.amazon.co.jp/dp/B088XPNQT9,Yahoo最安 JAN=0014292647461,
3453,B0BDQTDFZ1,baby,4903320160880,レック ぴたQ 吸着 べんざシート ふわふわボア (小花 ピンク) 全型対応/貼るタイプ/洗濯OK,1680.0,,3356,3,standard_1,Yahoo,はずれ,False,False,https://www.amazon.co.jp/dp/B0BDQTDFZ1,Yahoo最安 JAN=4903320160880,
3454,B01LXKE06X,baby,0614019460658,Haakaaシリコーン搾乳器 (150ml),2772.0,,3357,2,small,,,False,False,https://www.amazon.co.jp/dp/B01LXKE06X,,
3455,B0BVGDTQM8,baby,,[GoUseGo] お食事エプロン ベビー 離乳食エプロン 2枚セット 袖なし 半袖 防水 洗える 男の子 女の子用,2980.0,,2108,2,standard_1,,,False,False,https://www.amazon.co.jp/dp/B0BVGDTQM8,,
3456,B0BVKQBWPP,baby,,[GoUseGo] お食事エプロン ベビー 離乳食エプロン 2枚セット 袖なし 半袖 防水 洗える 男の子 女の子用,2880.0,,2108,2,standard_1,,,False,False,https://www.amazon.co.jp/dp/B0BVKQBWPP,,
3457,B0BVGBKR59,baby,,[GoUseGo] お食事エプロン ベビー 離乳食エプロン 2枚セット 袖なし 半袖 防水 洗える 男の子 女の子用,2980.0,,2108,2,small,,,False,False,https://www.amazon.co.jp/dp/B0BVGBKR59,,
3458,B0BW977PTL,baby,,TIYEP コンセントキャップ 3穴 3P 2P コンセントカバー ベビーガード コンセントガード セーフティーカバー ,1799.0,,6860,2,small,,,False,False,https://www.amazon.co.jp/dp/B0BW977PTL,,
3459,B0FKYGHZD3,baby,4539066033227,テーブルカバー すくすくチェア スリムJ 専用 新モデル ベビーチェア シリコン キズ 傷防止 テーブル 子ども 清潔 ,6600.0,,2886,2,standard_1,Yahoo,はずれ,False,False,https://www.amazon.co.jp/dp/B0FKYGHZD3,Yahoo最安 JAN=4539066033227,
3460,B0D6TV6PZN,baby,4589837884589,ベッドインベッド 赤ちゃん ベットインベット 新生児 ベビーベッド ベビー布団 出産祝い グレー 寝返り防止 添い寝 L,7880.0,,3967,2,standard_2,楽天,はずれ,False,False,https://www.amazon.co.jp/dp/B0D6TV6PZN,楽天最安 JAN=4589837884589,
3461,B0BWYTKPT7,baby,,母乳フリーザーパック，母乳 バッグ，母乳保存バッグ、150ml母乳 バッグ、 BPAフリーの母乳バッグ、無菌で凍結しやす,3150.0,,3260,2,standard_1,,,False,False,https://www.amazon.co.jp/dp/B0BWYTKPT7,,
3462,B0DZ2M8G4J,baby,4905179346491,犬印本舗 産後 骨盤ガードル 綿リッチ 1枚履きOK お腹・骨盤サポート 下腹引き締め ハイウエスト・ウエストゴム不使用,2630.0,,6223,3,standard_1,楽天,はずれ,False,False,https://www.amazon.co.jp/dp/B0DZ2M8G4J,楽天最安 JAN=4905179346491,
3463,B0FKB3YDGH,baby,4589756094908,[MUQQU] チャイルドシート 防水シート 保護マット 滑り止め付き プロテクター ベビーカー おしっこシート 通気性,1780.0,,2859,2,small,,,False,False,https://www.amazon.co.jp/dp/B0FKB3YDGH,,
3464,B0FK9Z7WJJ,baby,4589756094892,[MUQQU] チャイルドシート 防水シート 保護マット 滑り止め付き プロテクター ベビーカー おしっこシート 通気性,1780.0,,2859,2,small,,,False,False,https://www.amazon.co.jp/dp/B0FK9Z7WJJ,,
3465,B0DZ2PGDJH,baby,4905179346484,犬印本舗 産後 骨盤ガードル 綿リッチ 1枚履きOK お腹・骨盤サポート 下腹引き締め ハイウエスト・ウエストゴム不使用,2630.0,,6223,3,standard_1,Yahoo,はずれ,False,False,https://www.amazon.co.jp/dp/B0DZ2PGDJH,Yahoo最安 JAN=4905179346484,
3466,B0FK9T5SNW,baby,4589756094878,[MUQQU] チャイルドシート 防水シート 保護マット 滑り止め付き プロテクター ベビーカー おしっこシート 通気性,1580.0,,3384,2,small,,,False,False,https://www.amazon.co.jp/dp/B0FK9T5SNW,,
3467,B0F53BRPZT,baby,4589756094229,[MUQQU] チャイルドシート 防水シート 保護マット 滑り止め付き プロテクター ベビーカー おしっこシート 通気性,1580.0,,3273,2,small,,,False,False,https://www.amazon.co.jp/dp/B0F53BRPZT,,
3468,B0FKB5DBNY,baby,4589756094915,[MUQQU] チャイルドシート 防水シート 保護マット 滑り止め付き プロテクター ベビーカー おしっこシート 通気性,1780.0,,3384,2,small,,,False,False,https://www.amazon.co.jp/dp/B0FKB5DBNY,,
3469,B0F2DZFFPC,baby,4589756093994,[MUQQU] チャイルドシート 防水シート 保護マット 滑り止め付き プロテクター ベビーカー おしっこシート 通気性,1380.0,,3273,2,small,,,False,False,https://www.amazon.co.jp/dp/B0F2DZFFPC,,
3470,B0FJ7YZ53T,baby,,防水シーツ 200x230cm フラットシーツ フリーサイズ おねしょシーツ 介護 ソファーカバー こたつ上掛けカバー ,2232.0,,2627,2,standard_1,,,False,False,https://www.amazon.co.jp/dp/B0FJ7YZ53T,,
3471,B0FJ7ZRHS9,baby,,防水シーツ 200x230cm フラットシーツ フリーサイズ おねしょシーツ 介護 ソファーカバー こたつ上掛けカバー ,2232.0,,2627,2,standard_1,,,False,False,https://www.amazon.co.jp/dp/B0FJ7ZRHS9,,
3472,B08FJ7DMZR,baby,0779584010094,N/P ベビーチェア 折りたたみ テーブルチェア チェア ベビー 赤ちゃん ベビーテーブルチェア 子供テーブルチェア 食,2999.0,,3346,3,standard_2,,,False,False,https://www.amazon.co.jp/dp/B08FJ7DMZR,,
3473,B0FJ7ZZCR4,baby,,防水シーツ 115x150cm 半身用 フリーサイズ おねしょシーツ ベビー 介護 ジュニア 犬 猫 ペット お年寄り ,1872.0,,2627,2,standard_1,,,False,False,https://www.amazon.co.jp/dp/B0FJ7ZZCR4,,
3474,B0FJ7ZGRDN,baby,,防水シーツ 230x280cm フラットシーツ フリーサイズ おねしょシーツ 介護 ソファーカバー こたつ上掛けカバー ,2682.0,,2627,2,standard_1,,,False,False,https://www.amazon.co.jp/dp/B0FJ7ZGRDN,,
3475,B0CJRMBPGT,baby,,[EFFORTS]子供用食事皿 ランチプレート 4点セット 子供用食器セット 赤ちゃん用 キッズプレート 天然竹繊維 可,1800.0,,3396,2,standard_1,,,False,False,https://www.amazon.co.jp/dp/B0CJRMBPGT,,
3476,B0CJRLYDBZ,baby,,[EFFORTS]子供用食事皿 ランチプレート 子供用食器セット 赤ちゃん用 キッズプレート 天然竹繊維 仕切り キャラ,1800.0,,3396,2,standard_1,,,False,False,https://www.amazon.co.jp/dp/B0CJRLYDBZ,,
3477,B0CJRM3PPN,baby,,[EFFORTS]子供用食事皿 ランチプレート 4点セット 子供用食器セット 赤ちゃん用 キッズプレート 天然竹繊維 可,1800.0,,2901,2,standard_1,,,False,False,https://www.amazon.co.jp/dp/B0CJRM3PPN,,
3478,B0FJ7X7TQH,baby,,防水シーツ 230x280cm フラットシーツ フリーサイズ おねしょシーツ 介護 ソファーカバー こたつ上掛けカバー ,2682.0,,2627,2,standard_1,,,False,False,https://www.amazon.co.jp/dp/B0FJ7X7TQH,,
3479,B0F3JPDVBP,baby,4580786191834,Colulu チャイルドキーパー チャイルドシート 抜け出し 防止 左右一体型 Wロック付 つけっぱなしでOK シートベ,1480.0,,3713,2,small,,,False,False,https://www.amazon.co.jp/dp/B0F3JPDVBP,,
3480,B0CTYNC33R,baby,,NUOLUX 防水ソケットカバー 86型 コンセントカバー スイッチカバー 透明ブラック コンセントガード 浴室 キッチ,1589.0,,4947,2,small,,,False,False,https://www.amazon.co.jp/dp/B0CTYNC33R,,
3481,B0F3JPTSDF,baby,4580786191810,Colulu チャイルドキーパー チャイルドシート 抜け出し 防止 左右一体型 Wロック付 つけっぱなしでOK シートベ,1480.0,,3713,2,small,Yahoo,はずれ,False,False,https://www.amazon.co.jp/dp/B0F3JPTSDF,Yahoo最安 JAN=4580786191810,
3482,B0D7V835RH,baby,4973307675454,スケーター(Skater) バスポンチョ フード付き キッズ 吸水速乾 108×92cm クレヨンしんちゃん しんちゃん,3361.0,,3404,5,standard_1,楽天,はずれ,False,False,https://www.amazon.co.jp/dp/B0D7V835RH,楽天最安 JAN=4973307675454,
3483,B0D7VBGB3Z,baby,4973307675461,スケーター(Skater) バスポンチョ フード付き キッズ 吸水速乾 108×92cm クレヨンしんちゃん アクション,2126.0,,3404,11,standard_1,Yahoo,はずれ,False,False,https://www.amazon.co.jp/dp/B0D7VBGB3Z,Yahoo最安 JAN=4973307675461,
3484,B07X7GBG6J,baby,0817606026750,【IHDI認証済み】アームアップスワドル　バンザイ寝おくるみ　スワドルサック　特許取得　看護師考案　ベビー用品　新生児～,2699.0,,5530,2,small,,,False,False,https://www.amazon.co.jp/dp/B07X7GBG6J,,
3485,B08ZHNWDXZ,baby,,LEDMOMO ペット哺乳瓶 120ml 子猫 ミルク 哺乳瓶 子犬 栄養補給 水分補給 ミルク哺乳 給餌 ツール付き ,1328.0,,4712,2,small,,,False,False,https://www.amazon.co.jp/dp/B08ZHNWDXZ,,
3486,B079W46W4H,baby,0817606024466,【IHDI認証済み】アームアップスワドル　バンザイ寝おくるみ　スワドルサック　特許取得　看護師考案　ベビー用品　新生児～,2699.0,,5530,2,small,,,False,False,https://www.amazon.co.jp/dp/B079W46W4H,,
3487,B0BS6VQ21B,baby,4549390566230,COLORFUL CANDY STYLE 移動ポケット 女の子 クリップ 付けポケット ポケットポーチ 小学生 ムーンラ,2480.0,,3860,2,small,,,False,False,https://www.amazon.co.jp/dp/B0BS6VQ21B,,
3488,B07838D723,baby,4549390363259,COLORFUL CANDY STYLE 移動ポケット 女の子 クリップ 付けポケット ポケットポーチ 小学生 ラージ ,2440.0,,3860,2,small,楽天,はずれ,False,False,https://www.amazon.co.jp/dp/B07838D723,楽天最安 JAN=4549390363259,
3489,B07X6GHCZ2,baby,0817606026774,【IHDI認証済み】アームアップスワドル　バンザイ寝おくるみ　スワドルサック　特許取得　看護師考案　ベビー用品　新生児～,2699.0,,5530,2,small,,,False,False,https://www.amazon.co.jp/dp/B07X6GHCZ2,,
3490,B0BWYR78CW,baby,,母乳フリーザーパック，母乳 バッグ，母乳保存バッグ、150ml母乳 バッグ、 BPAフリーの母乳バッグ、無菌で凍結しやす,1788.0,,3260,2,standard_1,,,False,False,https://www.amazon.co.jp/dp/B0BWYR78CW,,
3491,B09D7M35H1,baby,4571446144628,サンデシカ SANDESICA トリプルフィットシーツ | 防水・キルト・シーツの1枚3役 ベビー ミニ布団用(60×9,2190.0,,3429,2,standard_1,楽天,はずれ,False,False,https://www.amazon.co.jp/dp/B09D7M35H1,楽天最安 JAN=4571446144628,
3492,B0CJN3JK9D,baby,0817606029720,[Swaddle Designs] 【IHDI認証済み】アームアップスワドル バンザイ寝おくるみ スワドルサック 特許取,2699.0,,5530,3,small,,,False,False,https://www.amazon.co.jp/dp/B0CJN3JK9D,,
3493,B0C68XYV7W,baby,4904121303339,錦化成 くまのプーさん ベビーチェア ララ チェア マスタード 幅37.5×奥行34×高さ32cm 日本製,2177.0,,3432,4,standard_2,Yahoo,はずれ,False,False,https://www.amazon.co.jp/dp/B0C68XYV7W,Yahoo最安 JAN=4904121303339,
3494,B0BNPZ9T6F,baby,,移動ポケット 男の子 女の子 クリップ ポケットバッグ ポーチ 取り付けポケット 付けポケット 子供 児童 ポケットポー,1496.0,,3874,2,small,,,False,False,https://www.amazon.co.jp/dp/B0BNPZ9T6F,,
3495,B09QCDFMM4,baby,,移動ポケット 男の子 女の子 クリップ ポケットバッグ ポーチ 取り付けポケット 付けポケット 子供 児童 ポケットポー,1496.0,,3435,2,small,,,False,False,https://www.amazon.co.jp/dp/B09QCDFMM4,,
3496,B08N9HSK78,baby,,移動ポケット 男の子 女の子 クリップ ポケットバッグ ポーチ 取り付けポケット 付けポケット 子供 児童 ポケットポー,1496.0,,3435,2,small,,,False,False,https://www.amazon.co.jp/dp/B08N9HSK78,,
3497,B09QBF8CZ6,baby,,移動ポケット 男の子 女の子 クリップ ポケットバッグ ポーチ 取り付けポケット 付けポケット 子供 児童 ポケットポー,1496.0,,3435,2,small,,,False,False,https://www.amazon.co.jp/dp/B09QBF8CZ6,,
3498,B07NRTJ2HL,appliances,4960759149916,Nikon レンズキャップ LC-82B,1527.0,,2497,5,small,Yahoo,はずれ,False,False,https://www.amazon.co.jp/dp/B07NRTJ2HL,Yahoo最安 JAN=4960759149916,
3499,B083K426SP,appliances,4960759902238,Nikon レンズキャップ LC-77B LC77B,1155.0,,2499,9,small,Yahoo,はずれ,False,False,https://www.amazon.co.jp/dp/B083K426SP,Yahoo最安 JAN=4960759902238,
3500,B013DGIZTA,appliances,4960759145772,Nikon 95mmスプリング式レンズキャップ LC-95,1464.0,,2497,6,small,楽天,はずれ,False,False,https://www.amazon.co.jp/dp/B013DGIZTA,楽天最安 JAN=4960759145772,
3501,B07HZ2RH7S,appliances,4960759149909,Nikon レンズキャップ LC-72B,1000.0,,2499,10,small,楽天,はずれ,False,False,https://www.amazon.co.jp/dp/B07HZ2RH7S,楽天最安 JAN=4960759149909,
3502,B013DGIW3Y,appliances,4960759029256,Nikon 82mmスプリング式レンズキャップLC-82,1127.0,,2497,7,small,Yahoo,はずれ,False,False,https://www.amazon.co.jp/dp/B013DGIW3Y,Yahoo最安 JAN=4960759029256,
3503,B01CFDQEJ0,appliances,4955295359882,ビクセン(Vixen) 天体望遠鏡アクセサリー ガイダー 星座早見盤 宙の地図(アウトドア) 35988-2,1000.0,,3003,5,small,Yahoo,はずれ,False,False,https://www.amazon.co.jp/dp/B01CFDQEJ0,Yahoo最安 JAN=4955295359882,
3504,B0FPCYZ7FM,appliances,4573653183650,iFace iPhone 17 専用 カメラレンズ 保護カバー 強化ガラス (メタルブラック),1540.0,,2756,2,small,Yahoo,はずれ,False,False,https://www.amazon.co.jp/dp/B0FPCYZ7FM,Yahoo最安 JAN=4573653183650,
3505,B07VVBLKHJ,appliances,4960759902221,Nikon レンズキャップ LC-67B,1000.0,,3004,4,small,Yahoo,はずれ,False,False,https://www.amazon.co.jp/dp/B07VVBLKHJ,Yahoo最安 JAN=4960759902221,
3506,B0CPHKX243,appliances,,Cavor Galaxy S23 5G SC-51D SCG19 対応 ケース 手帳型 Galaxy S23 ショルダー,1350.0,,3246,2,small,,,False,False,https://www.amazon.co.jp/dp/B0CPHKX243,,
3507,B0CMT7NK7M,appliances,,Cavor Galaxy A14 5G スマホケース ショルダー Galaxy A14 5G 手帳型ケース クロスボディ,1350.0,,3246,2,small,,,False,False,https://www.amazon.co.jp/dp/B0CMT7NK7M,,
3508,B0H28GBZBY,appliances,,Cavor Galaxy S26 SC-51G/SCG36/SM-S942Z/docomo SIMフリー対応手帳型ケース,1499.0,,3246,2,small,,,False,False,https://www.amazon.co.jp/dp/B0H28GBZBY,,
3509,B0CMT76ZP7,appliances,,Cavor Galaxy S23 Ultra 5G SC-52D SCG20 ケース Galaxy S23 Ultra ,1350.0,,3246,2,small,,,False,False,https://www.amazon.co.jp/dp/B0CMT76ZP7,,
3510,B0CQ2L4G1R,appliances,,Cavor Galaxy S21 5G SC-51B SCG09対応ケース 手帳型 Galaxy S21 手帳型ケース ,1274.0,,3246,2,small,,,False,False,https://www.amazon.co.jp/dp/B0CQ2L4G1R,,
3511,B0CMT6ZQL2,appliances,,Cavor Galaxy S23 Ultra 5G SC-52D SCG20 ケース Galaxy S23 Ultra ,1350.0,,3246,2,small,,,False,False,https://www.amazon.co.jp/dp/B0CMT6ZQL2,,
3512,B0FXM643NJ,appliances,,Cavor Galaxy S25 SC-51F SCG31 対応 手帳型 ケース ショルダー ケース クロスボディ 肩掛,1499.0,,3246,2,small,,,False,False,https://www.amazon.co.jp/dp/B0FXM643NJ,,
3513,B0D8SS7361,appliances,,Cavor Galaxy A15 手帳型ケースGalaxy A15 スマホケースショルダー クロスボディ肩掛け 首かけ ,1350.0,,3246,2,small,,,False,False,https://www.amazon.co.jp/dp/B0D8SS7361,,
3514,B0CR3ZMY77,appliances,,Cavor Galaxy S21 FE 5G 対応ケース Galaxy S21 FE ショルダーケース クロスボディ肩掛,1350.0,,3246,2,small,,,False,False,https://www.amazon.co.jp/dp/B0CR3ZMY77,,
3515,B0D9836J3H,appliances,,Cavor Galaxy A50S 手帳型ケースGalaxy A50S スマホケースショルダークロスボディ肩掛け 首かけ,1350.0,,3246,2,small,,,False,False,https://www.amazon.co.jp/dp/B0D9836J3H,,
3516,B0CQY9SWSP,appliances,,Cavor Google Pixel 7 対応ケース手帳型 グーグルピクセ7 ショルダー ケースクロスボディ肩掛け 首か,1274.0,,3246,2,small,,,False,False,https://www.amazon.co.jp/dp/B0CQY9SWSP,,
3517,B0CQ2L7HXV,appliances,,Cavor Galaxy A03s SM-A037F対応 ケース 手帳型 Galaxy A03s 手帳型ケース Gala,1350.0,,3246,2,small,,,False,False,https://www.amazon.co.jp/dp/B0CQ2L7HXV,,
3518,B0CPHR267F,appliances,,Cavor Galaxy S23 Plus 対応 ケース 手帳型 クロスボディ 肩掛け 首かけ 斜めがけ ショルダー ケ,1350.0,,3246,2,small,,,False,False,https://www.amazon.co.jp/dp/B0CPHR267F,,
3519,B0CW2PX33B,appliances,,Cavor Galaxy A13 5G SM-A136U 手帳型ケースGalaxy A13 5Gスマホケースショルダー ,1350.0,,3246,2,small,,,False,False,https://www.amazon.co.jp/dp/B0CW2PX33B,,
3520,B0CQ2LRB9X,appliances,,Cavor Galaxy A03s SM-A037F対応 ケース 手帳型 Galaxy A03s 手帳型ケース Gala,1350.0,,3246,2,small,,,False,False,https://www.amazon.co.jp/dp/B0CQ2LRB9X,,
3521,B0D8Y4W1KN,appliances,,Cavor Galaxy S24 Ultra SC-52E SCG26 手帳型ケースGalaxy S24 Ultra 手,1274.0,,3246,2,small,,,False,False,https://www.amazon.co.jp/dp/B0D8Y4W1KN,,
3522,B0D8S7PPX8,appliances,,Cavor Galaxy A15 手帳型ケースGalaxy A15 スマホケースショルダー クロスボディ肩掛け 首かけ ,1350.0,,3246,2,small,,,False,False,https://www.amazon.co.jp/dp/B0D8S7PPX8,,
3523,B0DD3M5L81,appliances,,Cavor グーグルピクセル 8 手帳型ケースグーグルピクセル 8スマホケースショルダークロスボディ肩掛け 首かけ 斜め,1199.0,,3246,2,small,,,False,False,https://www.amazon.co.jp/dp/B0DD3M5L81,,
3524,B0GR96Y1QB,appliances,,Cavor グーグルピクセル9a ケース手帳型pixe9a ケース 手帳型ショルダーストラップクロスボディ肩掛け 首かけ,1499.0,,3246,2,small,,,False,False,https://www.amazon.co.jp/dp/B0GR96Y1QB,,
3525,B0CQ2KQWMM,appliances,,Cavor Galaxy S21 5G SC-51B SCG09対応ケース 手帳型 Galaxy S21 手帳型ケース ,1274.0,,3246,2,small,,,False,False,https://www.amazon.co.jp/dp/B0CQ2KQWMM,,
3526,B0FXM3492D,appliances,,Cavor Galaxy S25 SC-51F SCG31 対応 手帳型 ケース ショルダー ケース クロスボディ 肩掛,1499.0,,3246,2,small,,,False,False,https://www.amazon.co.jp/dp/B0FXM3492D,,
3527,B0DD3BBZ71,appliances,,Cavor グーグルピクセル 8 手帳型ケースグーグルピクセル 8スマホケースショルダークロスボディ肩掛け 首かけ 斜め,1274.0,,3246,2,small,,,False,False,https://www.amazon.co.jp/dp/B0DD3BBZ71,,
3528,B0GL7ZCNPS,appliances,,Cavor Pixel 10 Pro XL 用ケース 手帳型ショルダーストラップ クロスボディ 首かけ 斜めがけ 背面ポ,1499.0,,3246,2,small,,,False,False,https://www.amazon.co.jp/dp/B0GL7ZCNPS,,
3529,B0CQ8FR8L2,appliances,,Cavor Galaxy A13 5G/4G/A04S対応 ケース手帳型 Galaxy A13 4G 手帳型ケース クロ,1350.0,,3246,2,small,,,False,False,https://www.amazon.co.jp/dp/B0CQ8FR8L2,,
3530,B0CQQ86G63,appliances,,Cavor Google Pixel 7 Pro 対応ケース手帳型 グーグルピクセ7 Pro ショルダー ケースクロスボ,1274.0,,3246,2,small,,,False,False,https://www.amazon.co.jp/dp/B0CQQ86G63,,
3531,B0CQ851FM7,appliances,,Cavor Galaxy A13 5G/4G/A04S対応 ケース手帳型 Galaxy A13 4G 手帳型ケース クロ,1350.0,,3246,2,small,,,False,False,https://www.amazon.co.jp/dp/B0CQ851FM7,,
3532,B0D9816WPY,appliances,,Cavor Galaxy A50S 手帳型ケースGalaxy A50S スマホケースショルダークロスボディ肩掛け 首かけ,1350.0,,3246,2,small,,,False,False,https://www.amazon.co.jp/dp/B0D9816WPY,,
3533,B0GR9168H1,appliances,,Cavor グーグルピクセル9a ケース手帳型pixe9a ケース 手帳型ショルダーストラップクロスボディ肩掛け 首かけ,1499.0,,3246,2,small,,,False,False,https://www.amazon.co.jp/dp/B0GR9168H1,,
3534,B0CQ8HL87Z,appliances,,Cavor Galaxy A13 5G/4G/A04S対応 ケース手帳型 Galaxy A13 4G 手帳型ケース クロ,1350.0,,3246,2,small,,,False,False,https://www.amazon.co.jp/dp/B0CQ8HL87Z,,
3535,B0CQYBZWYY,appliances,,Cavor Google Pixel 7 対応ケース手帳型 グーグルピクセ7 ショルダー ケースクロスボディ肩掛け 首か,1350.0,,3246,2,small,,,False,False,https://www.amazon.co.jp/dp/B0CQYBZWYY,,
3536,B0FXM45FX4,appliances,,Cavor Galaxy S25 SC-51F SCG31 対応 手帳型 ケース ショルダー ケース クロスボディ 肩掛,1299.0,,3246,2,small,,,False,False,https://www.amazon.co.jp/dp/B0FXM45FX4,,
3537,B0CPHQ1CDP,appliances,,Cavor Galaxy S20 SC-51A SCG01 対応ケース 手帳型 Galaxy S20 手帳型ケース クロ,1350.0,,3246,2,small,,,False,False,https://www.amazon.co.jp/dp/B0CPHQ1CDP,,
3538,B0GR9715DF,appliances,,Cavor Galaxy S25 FEと互換性があるケース手帳型 Galaxy S25 FE 用のケースショルダーストラ,1499.0,,3246,2,small,,,False,False,https://www.amazon.co.jp/dp/B0GR9715DF,,
3539,B0D8Y6L4KW,appliances,,Cavor Galaxy S24 Ultra SC-52E SCG26 手帳型ケースGalaxy S24 Ultra 手,1350.0,,3246,2,small,,,False,False,https://www.amazon.co.jp/dp/B0D8Y6L4KW,,
3540,B0CQY8JCL6,appliances,,Cavor Google Pixel 7a 対応ケース手帳型 グーグルピクセ7a ショルダー ケースクロスボディ肩掛け ,1274.0,,3246,2,small,,,False,False,https://www.amazon.co.jp/dp/B0CQY8JCL6,,
3541,B0DD3716B3,appliances,,Cavor グーグルピクセル 8 手帳型ケースグーグルピクセル 8スマホケースショルダークロスボディ肩掛け 首かけ 斜め,1274.0,,3246,2,small,,,False,False,https://www.amazon.co.jp/dp/B0DD3716B3,,
3542,B0FXM2SWD6,appliances,,Cavor Galaxy S25 Plus 対応手帳型ケース Galaxy S25 Plus スマホ携帯用ケースショルダ,1499.0,,3246,2,small,,,False,False,https://www.amazon.co.jp/dp/B0FXM2SWD6,,
3543,B0FXM389G5,appliances,,Cavor Galaxy S25 SC-51F SCG31 対応 手帳型 ケース ショルダー ケース クロスボディ 肩掛,1499.0,,3246,2,small,,,False,False,https://www.amazon.co.jp/dp/B0FXM389G5,,
3544,B0GR9HHQHV,appliances,,Cavor Galaxy S25 FEと互換性があるケース手帳型 Galaxy S25 FE 用のケースショルダーストラ,1499.0,,3246,2,small,,,False,False,https://www.amazon.co.jp/dp/B0GR9HHQHV,,
3545,B0CVVDHKNT,appliances,,Cavor Pixel 8 Pro 手帳型ケースPixel 8 Proスマホケースショルダー クロスボディ肩掛け 首かけ,1350.0,,3246,2,small,,,False,False,https://www.amazon.co.jp/dp/B0CVVDHKNT,,
3546,B0DB7XBS9K,appliances,,Cavor Galaxy S23 Plus対応 ケース 手帳型 Galaxy S23 Plus 手帳型ケース クロスボデ,1350.0,,3246,2,small,,,False,False,https://www.amazon.co.jp/dp/B0DB7XBS9K,,
3547,B0H28PDS4N,appliances,,Cavor Galaxy S26 SC-51G/SCG36/SM-S942Z/docomo SIMフリー対応手帳型ケース,1499.0,,3246,2,small,,,False,False,https://www.amazon.co.jp/dp/B0H28PDS4N,,
3548,B0D982TXY6,appliances,,Cavor Galaxy A50S 手帳型ケースGalaxy A50S スマホケースショルダークロスボディ肩掛け 首かけ,1350.0,,3246,2,small,,,False,False,https://www.amazon.co.jp/dp/B0D982TXY6,,
3549,B0CQYBVQ9R,appliances,,Cavor Google Pixel 7 対応ケース手帳型 グーグルピクセ7 ショルダー ケースクロスボディ肩掛け 首か,1350.0,,3246,2,small,,,False,False,https://www.amazon.co.jp/dp/B0CQYBVQ9R,,
3550,B0GL7NRZW2,appliances,,Cavor Pixel 10 Pro XLと互換性があるケース手帳型Pixel 10 Pro XL 用のケースショルダー,1499.0,,3246,2,small,,,False,False,https://www.amazon.co.jp/dp/B0GL7NRZW2,,
3551,B0CQQ88339,appliances,,Cavor Google Pixel 7 Pro 対応ケース手帳型 グーグルピクセ7 Pro ショルダー ケースクロスボ,1350.0,,3246,2,standard_1,,,False,False,https://www.amazon.co.jp/dp/B0CQQ88339,,
3552,B0CVV6LYCR,appliances,,Cavor Pixel 8 Pro 手帳型ケースPixel 8 Proスマホケースショルダー クロスボディ肩掛け 首かけ,1350.0,,3246,2,small,,,False,False,https://www.amazon.co.jp/dp/B0CVV6LYCR,,
3553,B0CPHXJLJP,appliances,,Cavor Galaxy Note10 Pro/Galaxy Note10 Plus SC-01M/SCV45スマホケー,1499.0,,3246,2,small,,,False,False,https://www.amazon.co.jp/dp/B0CPHXJLJP,,
3554,B0D8Y6KZ38,appliances,,Cavor Galaxy S24 Plus 手帳型ケースGalaxy S24 Plus スマホケースショルダークロスボデ,1350.0,,3246,2,small,,,False,False,https://www.amazon.co.jp/dp/B0D8Y6KZ38,,
3555,B0CQ2NYP7Y,appliances,,Cavor Galaxy S21 Ultra 5G SC-52B対応ケース手帳型 Galaxy S21 Ultra 5G,1450.0,,3246,2,small,,,False,False,https://www.amazon.co.jp/dp/B0CQ2NYP7Y,,
3556,B0CPHMX1MB,appliances,,Cavor Galaxy S23 Plus対応 ケース 手帳型 Galaxy S23 Plus 手帳型ケース クロスボデ,1350.0,,3246,2,small,,,False,False,https://www.amazon.co.jp/dp/B0CPHMX1MB,,
3557,B07RMZVT1Q,appliances,4547410414561,富士フイルム(FUJIFILM) スクエアフォーマットフィルム instax SQUARE スターイルミネーション IN,2140.0,,3581,7,small,Yahoo,はずれ,False,False,https://www.amazon.co.jp/dp/B07RMZVT1Q,Yahoo最安 JAN=4547410414561,
3558,B084S4JF2G,appliances,4547410432022,富士フイルム(FUJIFILM) スクエアフォーマットフィルム instax SQUARE ホワイトマーブル INS S,2560.0,,3581,1,small,Yahoo,あやしい,False,False,https://www.amazon.co.jp/dp/B084S4JF2G,Yahoo最安 JAN=4547410432022,
3559,B08C7FLLQX,appliances,4547410440911,富士フイルム(FUJIFILM) スクエアフォーマットフィルム instax SQUARE モノクロームフレーム 10枚,1980.0,,3581,7,small,楽天,はずれ,False,False,https://www.amazon.co.jp/dp/B08C7FLLQX,楽天最安 JAN=4547410440911,
3560,B0GGHP9FNX,appliances,0784853971426,【1枚入り】motorola razr 50/60/50s/60s/50d M-51E/60d M-51F フィルム【J,1171.0,,2202,2,small,,,False,False,https://www.amazon.co.jp/dp/B0GGHP9FNX,,
3561,B0GGHLPJ4L,appliances,0784853971471,【1枚入り】Motorola EDGE 60 Fusion/60 Pro/60/60S Pro フィルム【JACRON】,1389.0,,2202,2,small,,,False,False,https://www.amazon.co.jp/dp/B0GGHLPJ4L,,
3562,B0CPHMTCNM,appliances,,Cavor Galaxy Note10 Pro/Galaxy Note10 Plus SC-01M/SCV45スマホケー,1350.0,,3246,2,small,,,False,False,https://www.amazon.co.jp/dp/B0CPHMTCNM,,
3563,B0D8Y77BCH,appliances,,Cavor Galaxy S24 Plus 手帳型ケースGalaxy S24 Plus スマホケースショルダークロスボデ,1350.0,,3246,2,small,,,False,False,https://www.amazon.co.jp/dp/B0D8Y77BCH,,
3564,B0D8S6MM8N,appliances,,Cavor Galaxy A15 手帳型ケースGalaxy A15 スマホケースショルダー クロスボディ肩掛け 首かけ ,1350.0,,3246,2,small,,,False,False,https://www.amazon.co.jp/dp/B0D8S6MM8N,,
3565,B0CQ2JNMVP,appliances,,Cavor Galaxy A03s SM-A037F対応 ケース 手帳型 Galaxy A03s 手帳型ケース Gala,1350.0,,3246,2,small,,,False,False,https://www.amazon.co.jp/dp/B0CQ2JNMVP,,
3566,B0D8SBBXCK,appliances,,Cavor Galaxy A15 手帳型ケースGalaxy A15 スマホケースショルダー クロスボディ肩掛け 首かけ ,1350.0,,3246,2,small,,,False,False,https://www.amazon.co.jp/dp/B0D8SBBXCK,,
3567,B0DCSHSSFF,appliances,0191073120730,NEEWER BASICS 5インチ リングライト クリップ＆卓上三脚付属 撮影用ライト 10W高輝度 3000K-60,1745.0,,3017,2,standard_1,,,False,False,https://www.amazon.co.jp/dp/B0DCSHSSFF,,
3568,B0FLHZL7H6,appliances,,グーグル ピクセル9a 手帳型スマホケース 鏡付き カード２枚入れ かわいいカメリアお花柄 女子 Befortwo go,1685.0,,3056,2,small,,,False,False,https://www.amazon.co.jp/dp/B0FLHZL7H6,,
3569,B0FF4S353G,appliances,,AQUOS R10 ソフトバンク 携帯ケース 無地 フラワー柄 大人可愛い アクオス R10 携帯カバー 手帳型 お洒落,1685.0,,3056,2,small,,,False,False,https://www.amazon.co.jp/dp/B0FF4S353G,,
3570,B0G8D96LQ8,appliances,,Befortwo アクオス ウィッシュ4 携帯カバー お花の型押し 可愛い薔薇デザイン AQUOS wish4 手帳型 ,1685.0,,3056,2,small,,,False,False,https://www.amazon.co.jp/dp/B0G8D96LQ8,,
3571,B0G8DNYFSV,appliances,,Befortwo アローズ ウィー 2 携帯カバー お花の型押し 可愛い薔薇デザイン アローズ ウィー 2 F-52E ,1685.0,,3056,2,small,,,False,False,https://www.amazon.co.jp/dp/B0G8DNYFSV,,
3572,B0FPQZR5JT,appliances,,iPhone17 スマホケース 手帳型 お花柄 無地 鏡付き タッセルセット 女性かわいい Befortwo iPhon,1695.0,,3056,2,small,,,False,False,https://www.amazon.co.jp/dp/B0FPQZR5JT,,
3573,B0DZNKHFRB,appliances,,arrows We2 FCG02 スマホケース 手帳型 お花柄 無地 グラス鏡付き タッセルセット 女性かわいい Bef,1632.0,,3056,2,small,,,False,False,https://www.amazon.co.jp/dp/B0DZNKHFRB,,
3574,B0D7L35BTJ,appliances,4894240229071,ESR AirPods 4 ケース(HaloLock) AirPods 第4世代 ケース (2024) (USB-C) ,6157.0,,2984,2,small,,,False,False,https://www.amazon.co.jp/dp/B0D7L35BTJ,,
3575,B0CKGNZPFL,appliances,4986773231444,Galaxy Smart Tag2 4Pack|ブラック2+ホワイト2|紛失防止タグ|Samsung純正 国内正規品|E,9800.0,,3027,2,small,楽天,はずれ,False,False,https://www.amazon.co.jp/dp/B0CKGNZPFL,楽天最安 JAN=4986773231444,
3576,B0GHXBGWXF,appliances,4589806164759,ブレイン 【SGS認証取得！ 国内JIS燃焼試験合格！】モバイルバッテリー耐火ケース （サイズ：約13.5×18cm）B,1920.0,,3032,3,small,楽天,はずれ,False,False,https://www.amazon.co.jp/dp/B0GHXBGWXF,楽天最安 JAN=4589806164759,
3577,B0FVLR4LJ6,appliances,,DIKESHGU For Anker Soundcore Liberty 5 ケース Soundcore Liberty,1099.0,,3112,2,small,,,False,False,https://www.amazon.co.jp/dp/B0FVLR4LJ6,,
3578,B0BTYMPB4T,appliances,4997604004083,ASDEC アスデック ベルトケース スマホ用 スマートホルダー 3Lサイズ 横型 スマホポーチ ベルト通し ビジネス ,2363.0,,3682,2,small,Yahoo,はずれ,False,False,https://www.amazon.co.jp/dp/B0BTYMPB4T,Yahoo最安 JAN=4997604004083,
3579,B0BTYMJMSK,appliances,4997604004021,ASDEC アスデック ベルトケース スマホ用 スマートホルダー Mサイズ 横型 スマホポーチ ベルト通し ビジネス 作,2023.0,,3037,2,small,Yahoo,はずれ,False,False,https://www.amazon.co.jp/dp/B0BTYMJMSK,Yahoo最安 JAN=4997604004021,
3580,B0BTYNMNRL,appliances,4997604004090,ASDEC アスデック ベルトケース スマホ用 スマートホルダー 3Lサイズ 縦型 スマホポーチ ベルト通し ビジネス ,2363.0,,3037,2,small,楽天,はずれ,False,False,https://www.amazon.co.jp/dp/B0BTYNMNRL,楽天最安 JAN=4997604004090,
3581,B0G585MKK4,appliances,4580805583619,【RAKUTEN回線 SIMカード】国内海外利用可能12ヶ月 3GB/月 電話番号付き SMS認証可能 通話不可 高速デ,5200.0,,3137,2,small,,,False,False,https://www.amazon.co.jp/dp/B0G585MKK4,,
3582,B0GS8GG7WZ,appliances,4573653190542,iFace Reflection Galaxy S26 対応 ケース クリア 強化ガラス (ペールブルー),3980.0,,3014,1,small,楽天,はずれ,False,False,https://www.amazon.co.jp/dp/B0GS8GG7WZ,楽天最安 JAN=4573653190542,
3583,B0G588N83G,appliances,4580805583626,【RAKUTEN回線 SIMカード】国内海外利用可能 12ヶ月 7GB/月 電話番号付き SMS認証可能 通話不可 高速,9300.0,,3040,1,small,,,False,False,https://www.amazon.co.jp/dp/B0G588N83G,,
3584,B0GJ2SQVN4,appliances,4580805583930,【RAKUTEN回線 SIMカード】国内海外利用可能 6ヶ月 30GB/月 電話番号付き SMS認証可能 通話不可 高速,9000.0,,3040,2,small,,,False,False,https://www.amazon.co.jp/dp/B0GJ2SQVN4,,
3585,B0GS8G9PWM,appliances,4573653190528,iFace Reflection Galaxy S26 対応 ケース クリア 強化ガラス (ブラック),3489.0,,3014,2,small,Yahoo,はずれ,False,False,https://www.amazon.co.jp/dp/B0GS8G9PWM,Yahoo最安 JAN=4573653190528,
3586,B0G58BSLGF,appliances,4580805583596,【RAKUTEN回線 SIMカード】国内海外利用可能 6ヶ月 3GB/月 電話番号付き SMS認証可能 通話不可 高速デ,3400.0,,3040,2,small,,,False,False,https://www.amazon.co.jp/dp/B0G58BSLGF,,
3587,B09JBC4ML8,appliances,4975769026133,JVCケンウッド JVC HA-FX6-A イヤホン 有線 カナル型 軽量 コンパクト ブルー,1055.0,,3267,3,small,楽天,はずれ,False,False,https://www.amazon.co.jp/dp/B09JBC4ML8,楽天最安 JAN=4975769026133,
3588,B0GS91M3DH,appliances,4573653190566,iFace Reflection Galaxy S26 Ultra 対応 ケース クリア 強化ガラス (ベージュ),3489.0,,3014,2,small,楽天,はずれ,False,False,https://www.amazon.co.jp/dp/B0GS91M3DH,楽天最安 JAN=4573653190566,
3589,B09JBBPTT6,appliances,4975769026539,JVCケンウッド JVC HA-FX6-W イヤホン 有線 カナル型 軽量 コンパクト ホワイト,1044.0,,3042,2,small,Yahoo,はずれ,False,False,https://www.amazon.co.jp/dp/B09JBBPTT6,Yahoo最安 JAN=4975769026539,
3590,B09JBBQSCV,appliances,4975769026515,JVCケンウッド JVC HA-FX6-R イヤホン 有線 カナル型 軽量 コンパクト レッド,1055.0,,3042,6,small,Yahoo,はずれ,False,False,https://www.amazon.co.jp/dp/B09JBBQSCV,Yahoo最安 JAN=4975769026515,
3591,B08DCRK528,appliances,4960759904430,Nikon EN-EL15c Li-ionリチャージャブルバッテリー,5755.0,,3637,10,small,Yahoo,はずれ,False,False,https://www.amazon.co.jp/dp/B08DCRK528,Yahoo最安 JAN=4960759904430,
3592,B0H71FLTVZ,appliances,,エアタグ airtag スマートタグ【Apple・Google公式認証&第3世代高性能チップ&全球GPS高精度測位&おし,1899.0,,3048,2,small,,,False,False,https://www.amazon.co.jp/dp/B0H71FLTVZ,,
3593,B0FZ9SWGNG,appliances,,iPhone 17 pro 用 ケース 手帳型 iPhone17pro アイホン17pro アイフォン17pro 耐衝撃,1399.0,,2338,2,small,,,False,False,https://www.amazon.co.jp/dp/B0FZ9SWGNG,,
3594,B0GS974KSG,appliances,4573653190573,iFace Reflection Galaxy S26 Ultra 対応 ケース クリア 強化ガラス (ペールブルー),3489.0,,3013,2,small,Yahoo,はずれ,False,False,https://www.amazon.co.jp/dp/B0GS974KSG,Yahoo最安 JAN=4573653190573,
3595,B0GS8979ZL,appliances,4573653190559,iFace Reflection Galaxy S26 Ultra 対応 ケース クリア 強化ガラス (ブラック),3489.0,,3013,2,small,Yahoo,はずれ,False,False,https://www.amazon.co.jp/dp/B0GS8979ZL,Yahoo最安 JAN=4573653190559,
3596,B09JB5K49K,appliances,4975769026508,JVCケンウッド JVC HA-FX6-H イヤホン 有線 カナル型 軽量 コンパクト グレー,1055.0,,3267,3,small,楽天,はずれ,False,False,https://www.amazon.co.jp/dp/B09JB5K49K,楽天最安 JAN=4975769026508,
3597,B0F63KZ31F,appliances,,ベイシオ アクティブ3 手帳型 ケース 型押しのお花柄 シンプル 無地 ライチレザー ミラー タッセルチャーム付き Be,1632.0,,3055,2,small,,,False,False,https://www.amazon.co.jp/dp/B0F63KZ31F,,
3598,B0H71XV72Y,appliances,,エアタグ airtag スマートタグ【Apple・Google公式認証&第3世代高性能チップ&全球GPS高精度測位&おし,1899.0,,3073,2,small,,,False,False,https://www.amazon.co.jp/dp/B0H71XV72Y,,
3599,B0D12LHZXW,appliances,,ワイヤレス充電器 Qi認証 最大15W出力 USB Type-Cポート 置くだけ充電 iPhone 17/16/15/1,1078.0,,3056,3,small,,,False,False,https://www.amazon.co.jp/dp/B0D12LHZXW,,
3600,B0FZ9ZYKFF,appliances,,iPhone 17 pro 用 ケース 手帳型 iPhone17pro アイホン17pro アイフォン17pro 耐衝撃,1399.0,,2338,2,small,,,False,False,https://www.amazon.co.jp/dp/B0FZ9ZYKFF,,
3601,B0DMV6H55N,appliances,0780374615702,対応 ASUS Zenfone 10 フィルム アンチグレア Zenfone 10 保護フィルム TPU素材フィルム 軟,1104.0,,4907,2,small,,,False,False,https://www.amazon.co.jp/dp/B0DMV6H55N,,
3602,B0DMV5DW7Y,appliances,0780374615313,対応 Xperia 1 VI フィルム 覗き見防止 SO-51E SOG13 XQ-EC44 保護フィルム 指紋防止/秒,1169.0,,4907,2,small,楽天,はずれ,False,False,https://www.amazon.co.jp/dp/B0DMV5DW7Y,楽天最安 JAN=0780374615313,
3603,B0F22DX37K,appliances,0784548019402,【2枚セット】FOR Apple Watch 46mm フィルム TPU素材 非強化ガラス製 Series 10 対応 ,1199.0,,4907,2,small,楽天,はずれ,False,False,https://www.amazon.co.jp/dp/B0F22DX37K,楽天最安 JAN=0784548019402,
3604,B0DMV6GFF1,appliances,0780374615825,対応 AQUOS Sense6s / Sense6 フィルム アンチグレア SHG07 SH-54B SHG05 保護フ,1104.0,,4907,2,small,,,False,False,https://www.amazon.co.jp/dp/B0DMV6GFF1,,
3605,B0GFLL9NKH,appliances,0749614649563,対応 Xiaomi POCO F7フィルム アンチグレア シャオミ POCOF7保護フィルム TPU素材 アンチグレア ,1299.0,,4907,2,small,,,False,False,https://www.amazon.co.jp/dp/B0GFLL9NKH,,
3606,B0DMV6T6QV,appliances,0780374615764,対応 Aquos wish 4 フィルム アンチグレア Aquos wish 4 SH-52E docomo 保護フィル,1104.0,,4907,2,small,,,False,False,https://www.amazon.co.jp/dp/B0DMV6T6QV,,
3607,B0F22DWXN4,appliances,0784548019198,【反射低減】FOR Amazfit Balance アンチグレア フィルム 2枚セット 対応 Amazfit Balan,1090.0,,4907,2,small,,,False,False,https://www.amazon.co.jp/dp/B0F22DWXN4,,
3608,B0DT46QGS5,appliances,0784548011567,対応 ASUS ROG Phone 3 ZS661KS フィルム 覗き見防止 ROG Phone 3 保護フィルム 指紋,1169.0,,4907,2,small,,,False,False,https://www.amazon.co.jp/dp/B0DT46QGS5,,
3609,B0GFLZFJCQ,appliances,0749614649556,対応 Nothing Phone 3 フィルム アンチグレア ナッシングフォン3 保護フィルム TPU素材 アンチグレア,1299.0,,4907,2,small,,,False,False,https://www.amazon.co.jp/dp/B0GFLZFJCQ,,
3610,B0DMV45G51,appliances,0780374615757,対応 HTC Desire 22 Pro フィルム アンチグレア HTC Desire 22 Pro 保護フィルム TP,1104.0,,4907,2,small,,,False,False,https://www.amazon.co.jp/dp/B0DMV45G51,,
3611,B0F24DZXZC,appliances,0784548019419,【2枚セット】FOR Apple Watch series 10 42mm 対応 フィルム TPU素材 非強化ガラス製 ,1199.0,,4907,2,small,,,False,False,https://www.amazon.co.jp/dp/B0F24DZXZC,,
3612,B0DMV5H7HK,appliances,0780374614699,対応 AQUOS Wish / Wish2 / Wish3 フィルム 覗き見防止 SHG06 A104SH SH-M20,1169.0,,4907,2,small,,,False,False,https://www.amazon.co.jp/dp/B0DMV5H7HK,,
3613,B0DMV6NF34,appliances,0780374614705,対応 AQUOS sense7 plus フィルム 覗き見防止 AQUOS sense7 plus 保護フィルム 指紋防,1169.0,,4907,2,small,,,False,False,https://www.amazon.co.jp/dp/B0DMV6NF34,,
3614,B0CDPXPT3L,appliances,,NIMASO 自動除塵 ガラスフィルム iPhone15用 気泡ゼロ 失敗なし 超簡単貼り付け 強化ガラス 全面保護 フ,1276.0,,3253,2,small,,,False,False,https://www.amazon.co.jp/dp/B0CDPXPT3L,,
3615,B0FZ9WMY5J,appliances,,iPhone Air 用 ケース 手帳型 アイフォンAir iPhoneAir 手帳 いPhoneAir アイホンAir,1399.0,,2338,2,small,,,False,False,https://www.amazon.co.jp/dp/B0FZ9WMY5J,,
3616,B0FZ9S6V8C,appliances,,iPhone 17 pro 用 ケース 手帳型 iPhone17pro アイホン17pro アイフォン17pro 耐衝撃,1399.0,,2338,2,small,,,False,False,https://www.amazon.co.jp/dp/B0FZ9S6V8C,,
3617,B0FZ9XLLPD,appliances,,Xperia 10 VII ケース 手帳型 用 Xperia10VII 手帳 カバー SOG16 au SO-52F d,1399.0,,2338,2,small,,,False,False,https://www.amazon.co.jp/dp/B0FZ9XLLPD,,
3618,B0FZB1WVZZ,appliances,,iPhone 17 pro 用 ケース 手帳型 iPhone17pro アイホン17pro アイフォン17pro 耐衝撃,1399.0,,2338,2,small,,,False,False,https://www.amazon.co.jp/dp/B0FZB1WVZZ,,
3619,B0FN7B5N36,appliances,,CASETiFY コンパクト iPhone 17 Pro ケース [MagSafe対応/薄型 軽量/耐衝撃] - クリア,6600.0,,3077,2,small,,,False,False,https://www.amazon.co.jp/dp/B0FN7B5N36,,
3620,B0FNW7QKDW,appliances,,CASETiFY コンパクト iPhone 15 ケース [MagSafe対応/薄型 軽量/耐衝撃] - ブラック,5797.0,,2644,2,small,,,False,False,https://www.amazon.co.jp/dp/B0FNW7QKDW,,
3621,B0FN78Q481,appliances,,CASETiFY コンパクト iPhone 17 ケース [MagSafe対応/薄型 軽量/耐衝撃] - クリア ブラッ,8250.0,,3078,2,small,,,False,False,https://www.amazon.co.jp/dp/B0FN78Q481,,
3622,B0FN7D1Y9B,appliances,,CASETiFY コンパクト iPhone 17 Pro Max ケース [MagSafe対応/薄型 軽量/耐衝撃] -,6600.0,,3078,2,small,,,False,False,https://www.amazon.co.jp/dp/B0FN7D1Y9B,,
3623,B0787G4BTT,appliances,4906752217122,SLIK 一脚兼簡易三脚 スタンドポッドGX-N 4段レバーロック式 3ウェイ雲台 クイックシュー式 217122 ブラ,7060.0,,3081,2,standard_2,楽天,はずれ,False,False,https://www.amazon.co.jp/dp/B0787G4BTT,楽天最安 JAN=4906752217122,
3624,B0G588JRQC,appliances,4580805583602,【RAKUTEN回線 SIMカード】国内海外利用可能 6ヶ月 7GB/月 電話番号付き SMS認証可能 通話不可 高速デ,5100.0,,3138,2,small,,,False,False,https://www.amazon.co.jp/dp/B0G588JRQC,,
3625,B0CB5WDHSM,appliances,6975141094819,INIU モバイルバッテリー 100W 急速充電 25000mAh 大容量 USB-C PSE認証済 ノートPC対応 i,3999.0,,3085,2,standard_1,,,False,False,https://www.amazon.co.jp/dp/B0CB5WDHSM,,
3626,B0FNW1N22X,appliances,,CASETiFY コンパクト iPhone 16 ケース [MagSafe対応/薄型 軽量/耐衝撃] - ブラック,6072.0,,2644,2,small,,,False,False,https://www.amazon.co.jp/dp/B0FNW1N22X,,
3627,B0GXZM49PD,appliances,0717011121890,【最新音楽特化機種】MP3プレーヤー Bluetooth5.1 有線 無線 音楽プレイヤー 32GB付属 128GBまで,3599.0,,2729,3,small,,,False,False,https://www.amazon.co.jp/dp/B0GXZM49PD,,
3628,B0GXZTPNFY,appliances,0717011121906,【最新音楽特化機種】MP3プレーヤー Bluetooth5.1 有線 無線 音楽プレイヤー 32GB付属 128GBまで,3599.0,,2729,3,small,,,False,False,https://www.amazon.co.jp/dp/B0GXZTPNFY,,
3629,B0BHT6JXZF,appliances,,CASETiFY ペブル iPhone 14 Pro Max ケース [1.5mからの落下試験をクリア/MagSafe対,4125.0,,3710,2,small,,,False,False,https://www.amazon.co.jp/dp/B0BHT6JXZF,,
3630,B0BHT5XLK8,appliances,,CASETiFY ペブル iPhone 14 Plus ケース [1.5mからの落下試験をクリア/MagSafe対応] ,4125.0,,3710,3,small,,,False,False,https://www.amazon.co.jp/dp/B0BHT5XLK8,,
3631,B0GRN83V7F,appliances,,Cavor Galaxy S26 SC-51G/SCG36/SM-S9 42Z/docomo SIMフリーョルダーケース,1499.0,,2843,2,small,,,False,False,https://www.amazon.co.jp/dp/B0GRN83V7F,,
3632,B0GRN1C13V,appliances,,Cavor Galaxy S26 UltraSC-53G/SCG37 ショルダーケース肩掛け首かけ 斜めがけ Galax,1499.0,,2843,2,small,,,False,False,https://www.amazon.co.jp/dp/B0GRN1C13V,,
3633,B0B2JFDP2B,appliances,,空調服 R バッテリー単体 BTSP1 作業着,7300.0,,3093,7,standard_1,,,False,False,https://www.amazon.co.jp/dp/B0B2JFDP2B,,
3634,B0GJCXNWT1,appliances,0768807181406,【Almond SIM 日本】プリペイドSIM 30GB 高速データ通信 プリペイドSIM｜直MNO回線 契約不要 SI,3589.0,,3094,2,small,,,False,False,https://www.amazon.co.jp/dp/B0GJCXNWT1,,
3635,B0GJCL285M,appliances,0768807181390,【Almond SIM 日本】プリペイドSIM 15GB 高速データ通信 プリペイドSIM｜直MNO回線 契約不要 SI,2545.0,,3094,2,small,,,False,False,https://www.amazon.co.jp/dp/B0GJCL285M,,
3636,B09BFVFRR9,appliances,0795749890769,【Docomo SIMカード】日本国内用 10GB 180日間有効 純正Docomoキャリア使用 4G-LTE高速回線接,2070.0,,3094,2,small,,,False,False,https://www.amazon.co.jp/dp/B09BFVFRR9,,
3637,B0GHMGQQYW,appliances,,イヤホン bluetooth【耳掛け式で落ちにくい・最大35時間使用可能】おしゃれなイヤーカフ型 ワイヤレスイヤホン L,1699.0,,3099,2,small,,,False,False,https://www.amazon.co.jp/dp/B0GHMGQQYW,,
3638,B0F23ZLNWW,appliances,0792138635895,【アンチグレア フィルム 2枚セット】HUAWEI WATCH GT4 46mm 専用 液晶保護フィルム 軟TPU素材で,1256.0,,3190,2,small,,,False,False,https://www.amazon.co.jp/dp/B0F23ZLNWW,,
3639,B0FS289Q97,appliances,,モバイルバッテリー MagSafe対応【2026新モデル・8mm超薄型】大容量8000mAh 両台同時充電 LED残量表,2999.0,,3104,2,small,,,False,False,https://www.amazon.co.jp/dp/B0FS289Q97,,
3640,B09V149NDZ,appliances,,LIRUWECH Apple Watch 用 防水ケース series SE2/6/SE/5/4 44mm アップルウォ,1039.0,,3694,2,small,,,False,False,https://www.amazon.co.jp/dp/B09V149NDZ,,
3641,B0BHDNCL2F,appliances,,LIRUWECH Apple Watch 用 防水ケース seriesSE3/2/1/6/5/4 40mm アップルウォ,1039.0,,3694,2,small,,,False,False,https://www.amazon.co.jp/dp/B0BHDNCL2F,,
3642,B0CFFDGL1G,appliances,,[CASETiFY] Snappy™ カードホルダースタンド [MagSafe対応/薄型 軽量] - Glitter D,6050.0,,3108,4,small,,,False,False,https://www.amazon.co.jp/dp/B0CFFDGL1G,,
3643,B0DT46J769,appliances,0784548011185,対応 arrows we2 plus フイルム 指紋防止 サラサラ タッチ感 ゲームフィルム 衝撃吸収 高透過率 超薄型,1099.0,,4471,2,small,,,False,False,https://www.amazon.co.jp/dp/B0DT46J769,,
3644,B0CT2LPG5J,appliances,,LIRUWECH Apple Watch 用 防水ケース seriesSE3/SE2/6/SE/5/4 40mm アップ,1039.0,,3109,2,small,,,False,False,https://www.amazon.co.jp/dp/B0CT2LPG5J,,
3645,B0DRG3R7LW,appliances,0740907141078,対応 AQUOS Sense6s / Sense6 フイルム 指紋防止 【覗き見防止】 衝撃吸収/スクラッチ防止/傷つき,1299.0,,4471,2,small,,,False,False,https://www.amazon.co.jp/dp/B0DRG3R7LW,,
3646,B0F23ZCD65,appliances,0792138636045,【3枚セット】For HUAWEI WATCH D2 液晶保護フィルム 軟TPU素材 自動修復機能/高透過率/高感度タッ,1556.0,,3190,2,small,楽天,はずれ,False,False,https://www.amazon.co.jp/dp/B0F23ZCD65,楽天最安 JAN=0792138636045,
3647,B0DH1X5G85,appliances,0702413373633,【覗き見防止 1枚セット】Xperia XZ3 用 覗き見防止フィルム エク スペリア XZ3 専用 画面保護フィルム ,1599.0,,3190,2,small,,,False,False,https://www.amazon.co.jp/dp/B0DH1X5G85,,
3648,B0DH1XDFZN,appliances,0702413374265,【アンチグレア 1枚セット】Galaxy Note10Plus用 フィルム ギャラクシーNote10プラス 専用 アンチ,1299.0,,3190,2,small,,,False,False,https://www.amazon.co.jp/dp/B0DH1XDFZN,,
3649,B0DT45HNWW,appliances,0792864863098,対応 ASUS ROG Phone 8/ ASUS ROG Phone 8 Pro フイルム 指紋防止 【覗き見防止】 ,1299.0,,4471,2,small,,,False,False,https://www.amazon.co.jp/dp/B0DT45HNWW,,
3650,B0DH2945WN,appliances,0702413373473,【覗き見防止 1枚セット】Xperia 10 VI 用 覗き見防止フィルム エクスペリア10 VI 専用 画面保護フィル,1599.0,,3190,2,small,,,False,False,https://www.amazon.co.jp/dp/B0DH2945WN,,
3651,B0DT446MPN,appliances,0792864863036,対応 AQUOS sense 9 フイルム 指紋防止 【覗き見防止】 衝撃吸収/スクラッチ防止/傷つきにくい/超薄型 S,1299.0,,4471,2,small,楽天,はずれ,False,False,https://www.amazon.co.jp/dp/B0DT446MPN,楽天最安 JAN=0792864863036,
3652,B0F241TGV4,appliances,0792138635918,【アンチグレア フィルム 2枚セット】HUAWEI Watch Fit3 専用 液晶保護フィルム 軟TPU素材で綺麗着脱,1356.0,,3190,2,small,楽天,はずれ,False,False,https://www.amazon.co.jp/dp/B0F241TGV4,楽天最安 JAN=0792138635918,
3653,B0DH1YXSYR,appliances,0702413374814,【アンチグレア 1枚セット】Xperia XZ1 SOV36 SO-01K用 フィルム 対応 Sony Xperia X,1299.0,,3190,2,small,,,False,False,https://www.amazon.co.jp/dp/B0DH1YXSYR,,
3654,B0GF7RT54R,appliances,0702413808296,対応 Google Pixel 10 Pro XL フイルム 指紋防止 【覗き見防止】 衝撃吸収/スクラッチ防止/傷つき,1299.0,,4471,2,small,楽天,はずれ,False,False,https://www.amazon.co.jp/dp/B0GF7RT54R,楽天最安 JAN=0702413808296,
3655,B0DT45718F,appliances,0784548011222,対応 KYOCERA DIGNO BX3/KYOCERA DIGNO SX4 フイルム 指紋防止 サラサラ タッチ感 ゲ,1099.0,,4471,2,small,楽天,はずれ,False,False,https://www.amazon.co.jp/dp/B0DT45718F,楽天最安 JAN=0784548011222,
3656,B0DH18BSHN,appliances,0702413374685,【アンチグレア 1枚セット】Xperia 5 IV用 フィルム SO-54C/SOG09 専用 アンチグレア フィルム ,1299.0,,3190,2,small,,,False,False,https://www.amazon.co.jp/dp/B0DH18BSHN,,
3657,B0F23ZPXJH,appliances,0792138636199,【覗き見防止フィルム 2枚セット】 For Apple Watch Series 7/8/9専用 液晶保護フィルム 覗き,1556.0,,3190,2,small,楽天,はずれ,False,False,https://www.amazon.co.jp/dp/B0F23ZPXJH,楽天最安 JAN=0792138636199,
3658,B0CT2C1CXP,appliances,,LIRUWECH Apple Watch 用 防水ケース seriesSE3/2/1/6/5/4 40mm アップルウォ,1039.0,,3109,2,small,,,False,False,https://www.amazon.co.jp/dp/B0CT2C1CXP,,
3659,B0F23Z8X2M,appliances,0792138636229,【覗き見防止フィルム 2枚セット】 For Apple Watch series SE / 6 / 5 / 4 / 3専,1556.0,,3190,2,small,楽天,はずれ,False,False,https://www.amazon.co.jp/dp/B0F23Z8X2M,楽天最安 JAN=0792138636229,
3660,B0DH1W5K95,appliances,0702413373558,【覗き見防止 1枚セット】Xperia 5 用 覗き見防止フィルム SO-01M SOV41 専用 画面保護フィルム 非,1599.0,,3190,2,small,,,False,False,https://www.amazon.co.jp/dp/B0DH1W5K95,,
3661,B0DH1TH1VJ,appliances,0702413374630,【アンチグレア 1枚セット】Xperia 10 VI用 フィルム エクスペリア10 VI 専用 アンチグレア フィルム ,1299.0,,3190,2,small,,,False,False,https://www.amazon.co.jp/dp/B0DH1TH1VJ,,
3662,B0DH295KZV,appliances,0702413373480,【覗き見防止 1枚セット】Xperia 10 V 用 覗き見防止フィルム Xperia10 V SO-52D SOG11,1599.0,,3190,2,small,,,False,False,https://www.amazon.co.jp/dp/B0DH295KZV,,
3663,B0GGQWXLSK,appliances,0784853972997,【アンチグレア 1枚セット】Arrows Alpha F-51F用 フィルム アローズアルファf-51f 専用 アンチグ,1279.0,,3190,2,small,楽天,はずれ,False,False,https://www.amazon.co.jp/dp/B0GGQWXLSK,楽天最安 JAN=0784853972997,
3664,B0DJ89RYQN,appliances,,LIRUWECH for Apple Watch 10/11ケース 42mm 防水アップルウォッチ10/11防水カバー ,1039.0,,3109,2,small,,,False,False,https://www.amazon.co.jp/dp/B0DJ89RYQN,,
3665,B0DH1WPQ46,appliances,0702413374753,【アンチグレア 1枚セット】Xperia 1 IV SO-51C SOG06用 フィルム Xperia1 IV 専用 ア,1299.0,,3190,2,small,,,False,False,https://www.amazon.co.jp/dp/B0DH1WPQ46,,
3666,B0DH21FLJW,appliances,0702413374791,【アンチグレア 1枚セット】Xperia XZ3用 フィルム エク スペリア XZ3 専用 アンチグレア フィルム 非ガ,1299.0,,3190,2,small,,,False,False,https://www.amazon.co.jp/dp/B0DH21FLJW,,
3667,B0DRG6MQWZ,appliances,0740907141405,対応 iPhone7 plus/8 plus フイルム 指紋防止 【覗き見防止】 衝撃吸収/スクラッチ防止/傷つきにくい,1299.0,,4471,2,small,楽天,はずれ,False,False,https://www.amazon.co.jp/dp/B0DRG6MQWZ,楽天最安 JAN=0740907141405,
3668,B0DH1MF3MR,appliances,0702413374784,【アンチグレア 1枚セット】Xperia XZ1 Compact SO-02K用 フィルム エクスペリアXZ1 Comp,1299.0,,3190,2,small,,,False,False,https://www.amazon.co.jp/dp/B0DH1MF3MR,,
3669,B0DJ89LPD2,appliances,,LIRUWECH for Apple Watch 10/11ケース 42mm 防水アップルウォッチ10/11防水カバー ,1039.0,,3109,2,small,,,False,False,https://www.amazon.co.jp/dp/B0DJ89LPD2,,
3670,B0DT45FQ6X,appliances,0784548011307,対応 いpほね16promax フイルム 指紋防止 サラサラ タッチ感 ゲームフィルム 衝撃吸収 高透過率 超薄型 iP,1099.0,,4469,2,small,楽天,はずれ,False,False,https://www.amazon.co.jp/dp/B0DT45FQ6X,楽天最安 JAN=0784548011307,
3671,B0F23Y59W5,appliances,0792138636151,【覗き見防止フィルム 2枚セット】 For HUAWEI band 6/band 7/band 8/band 9専用 液,1556.0,,3190,2,small,楽天,はずれ,False,False,https://www.amazon.co.jp/dp/B0F23Y59W5,楽天最安 JAN=0792138636151,
3672,B0GF7QXNSF,appliances,0702413808319,対応 Xiaomi POCO F7/Xiaomi 15T Pro/Xiaomi 15T フイルム 指紋防止 【覗き見防止,1299.0,,4471,2,small,楽天,はずれ,False,False,https://www.amazon.co.jp/dp/B0GF7QXNSF,楽天最安 JAN=0702413808319,
3673,B0DH23DJTG,appliances,0702413373503,【覗き見防止 1枚セット】Xperia10 III/Xperia 10 III Lite 用 覗き見防止フィルム SOG,1599.0,,3190,2,small,,,False,False,https://www.amazon.co.jp/dp/B0DH23DJTG,,
3674,B0F23ZSCVX,appliances,0792138635949,【アンチグレア フィルム 2枚セット】Galaxy Watch FE 40mm 専用 液晶保護フィルム 軟TPU素材で綺,1156.0,,3190,2,small,楽天,はずれ,False,False,https://www.amazon.co.jp/dp/B0F23ZSCVX,楽天最安 JAN=0792138635949,
3675,B0F23ZKYP8,appliances,0792138636137,【覗き見防止フィルム 2枚セット】 For HUAWEI WATCH GT 5 Pro 46mm専用 液晶保護フィルム ,1556.0,,3190,2,small,楽天,はずれ,False,False,https://www.amazon.co.jp/dp/B0F23ZKYP8,楽天最安 JAN=0792138636137,
3676,B0GGQPXKS1,appliances,0784853972898,【覗き見防止 1枚セット】Google Pixel 10 Pro XL 用 覗き見防止フィルム ピクセル10 ProXL,1479.0,,3190,2,small,,,False,False,https://www.amazon.co.jp/dp/B0GGQPXKS1,,
3677,B0F23VX1N9,appliances,0792138635888,【アンチグレア フィルム 2枚セット】OPPO Band 2 専用 液晶保護フィルム 軟TPU素材で綺麗着脱、気泡&指紋,1356.0,,3190,2,small,楽天,はずれ,False,False,https://www.amazon.co.jp/dp/B0F23VX1N9,楽天最安 JAN=0792138635888,
3678,B0F23WNQSP,appliances,0792138636168,【覗き見防止フィルム 2枚セット】 For Galaxy Watch7/6/5/4 44mm専用 液晶保護フィルム 覗き,1556.0,,3190,2,small,楽天,はずれ,False,False,https://www.amazon.co.jp/dp/B0F23WNQSP,楽天最安 JAN=0792138636168,
3679,B0F23XZ9SV,appliances,0792138636212,【覗き見防止フィルム 2枚セット】 For Apple Watch series 10 42mm 対応専用 液晶保護フィ,1556.0,,3190,2,small,楽天,はずれ,False,False,https://www.amazon.co.jp/dp/B0F23XZ9SV,楽天最安 JAN=0792138636212,
3680,B0F23XDFKC,appliances,0792138636113,【覗き見防止フィルム 2枚セット】 For GARMIN(ガーミン) Venu 3専用 液晶保護フィルム 覗き見防止・キ,1556.0,,3190,2,small,楽天,はずれ,False,False,https://www.amazon.co.jp/dp/B0F23XDFKC,楽天最安 JAN=0792138636113,
3681,B0F23Z8TQX,appliances,0792138635901,【アンチグレア フィルム 2枚セット】HUAWEI WATCH FIT Special Edition 専用 液晶保護フ,1356.0,,3190,2,small,楽天,はずれ,False,False,https://www.amazon.co.jp/dp/B0F23Z8TQX,楽天最安 JAN=0792138635901,
3682,B0F23XNC59,appliances,0792138636021,【3枚セット】for GARMIN(ガーミン) Venu Sq 2/Venu Sq 2 Music 液晶保護フィルム 軟,1556.0,,3190,2,small,楽天,はずれ,False,False,https://www.amazon.co.jp/dp/B0F23XNC59,楽天最安 JAN=0792138636021,
3683,B0D9W425X9,appliances,0768287695172,【アンチグレア 2枚セット】Galaxy S22 Ultra 用 フィルム さらさら ギャラクシーS22ウルトラ 専用 ,1296.0,,3190,2,small,楽天,はずれ,False,False,https://www.amazon.co.jp/dp/B0D9W425X9,楽天最安 JAN=0768287695172,
3684,B0F23WBYW8,appliances,0792138636106,【覗き見防止フィルム 2枚セット】 For Xiaomi Smart Band 9/Band 8/Band 7専用 液晶,1556.0,,3112,2,small,Yahoo,はずれ,False,False,https://www.amazon.co.jp/dp/B0F23WBYW8,Yahoo最安 JAN=0792138636106,
3685,B0F23XVRC2,appliances,0792138635857,【アンチグレア フィルム 2枚セット】GARMIN(ガーミン) Venu Sq 2/Venu Sq 2 Music 専用,1356.0,,3112,2,small,楽天,はずれ,False,False,https://www.amazon.co.jp/dp/B0F23XVRC2,楽天最安 JAN=0792138635857,
3686,B0F242KKNT,appliances,0792138636069,【3枚セット】Garmin ForeAthlete 55 液晶保護フィルム 軟TPU素材 自動修復機能/高透過率/高感度,1556.0,,3112,2,small,楽天,はずれ,False,False,https://www.amazon.co.jp/dp/B0F242KKNT,楽天最安 JAN=0792138636069,
3687,B0F23ZLGRF,appliances,0792138635864,【アンチグレア フィル ム 2枚セット】gARMIN(ガーミン) Venu 3 専用 液晶保護フィルム 軟TPU素材で綺,1356.0,,3190,2,small,楽天,はずれ,False,False,https://www.amazon.co.jp/dp/B0F23ZLGRF,楽天最安 JAN=0792138635864,
3688,B0D9W4GC9P,appliances,0768287695158,【覗き見防止 2枚セット】Galaxy S24 Ultra 用 覗き見防止フィルム ギャラクシーS24 Ultra SC,1296.0,,3190,2,small,楽天,はずれ,False,False,https://www.amazon.co.jp/dp/B0D9W4GC9P,楽天最安 JAN=0768287695158,
3689,B0F23TSR3N,appliances,0792138636120,【覗き見防止フィルム 2枚セット】 For Google Pixel Watch 3/2/1 41mm用専用 液晶保護フ,1556.0,,3190,2,small,楽天,はずれ,False,False,https://www.amazon.co.jp/dp/B0F23TSR3N,楽天最安 JAN=0792138636120,
3690,B0DSLLHB6V,appliances,0792138598503,【アンチグレア 1枚セット】motorola Razr 50D用 フィルム motorola Razr 50D 専用 ア,1789.0,,3112,2,small,楽天,はずれ,False,False,https://www.amazon.co.jp/dp/B0DSLLHB6V,楽天最安 JAN=0792138598503,
3691,B0DSLL4D4C,appliances,0792138598220,【覗き見防止 1枚セット】Galaxy Z Flip6 用 覗き見防止フィルム ギャラクシー Z Flip6 SC-54,1989.0,,3112,2,small,,,False,False,https://www.amazon.co.jp/dp/B0DSLL4D4C,,
3692,B0DH25X9D5,appliances,0702413372650,【覗き見防止 1枚セット】Galaxy A54 5G SC-53D SCG21 用 覗き見防止フィルム Galaxy S,1599.0,,3113,2,small,,,False,False,https://www.amazon.co.jp/dp/B0DH25X9D5,,
3693,B0DH1VGSD1,appliances,0702413373213,【覗き見防止 1枚セット】Galaxy S23 (SC-51D / SCG19) 用 覗き見防止フィルム ギャラクシーS,1599.0,,3113,2,small,,,False,False,https://www.amazon.co.jp/dp/B0DH1VGSD1,,
3694,B0DH1P11SX,appliances,0702413373138,【覗き見防止 1枚セット】Galaxy S9 Plus 用 覗き見防止フィルム Galaxy S9 Plus / S9+,1599.0,,3113,2,small,,,False,False,https://www.amazon.co.jp/dp/B0DH1P11SX,,
3695,B0D9W355M7,appliances,0768287695165,【覗き見防止 2枚セット】Galaxy S23 Ultra 用 覗き見防止フィルム ギャラクシーS23 Ultra SC,1596.0,,3113,2,small,楽天,はずれ,False,False,https://www.amazon.co.jp/dp/B0D9W355M7,楽天最安 JAN=0768287695165,
3696,B0DH19TZJY,appliances,0702413373183,【覗き見防止 1枚セット】Galaxy S20 Ultra 5G 用 覗き見防止フィルム ギャラクシー s20 ultr,1599.0,,3113,2,small,,,False,False,https://www.amazon.co.jp/dp/B0DH19TZJY,,
3697,B0DSLNQKHF,appliances,0792138598206,【覗き見防止 1枚セット】Galaxy S24 FE/A55 用 覗き見防止フィルム Galaxy S24 FE SCG,1599.0,,3113,2,small,,,False,False,https://www.amazon.co.jp/dp/B0DSLNQKHF,,
3698,B0DH1YWYBD,appliances,0702413374258,【アンチグレア 1枚セット】Galaxy Note9用 フィルム ギャラクシーNote9 専用 アンチグレア フィルム ,1299.0,,3113,2,small,,,False,False,https://www.amazon.co.jp/dp/B0DH1YWYBD,,
3699,B0DH25VWWX,appliances,0702413374326,【アンチグレア 1枚セット】Galaxy S20用 フィルム ギャラクシーS20 専用 アンチグレア フィルム 非ガラス,1299.0,,3113,2,small,,,False,False,https://www.amazon.co.jp/dp/B0DH25VWWX,,
3700,B0DH1TBR25,appliances,0702413373121,【覗き見防止 1枚セット】Galaxy S9 用 覗き見防止フィルム ギャラクシーS9 専用 画面保護フィルム 非ガラス,1599.0,,3113,2,small,,,False,False,https://www.amazon.co.jp/dp/B0DH1TBR25,,
3701,B0DSLHDN15,appliances,0792138598572,【アンチグレア 1枚セット】Galaxy S24 FE/A55用 フィルム Galaxy S24 FE SCG30 専用,1299.0,,3113,2,small,,,False,False,https://www.amazon.co.jp/dp/B0DSLHDN15,,
3702,B0DH1X9NYJ,appliances,0702413373800,【アンチグレア 1枚セット】Galaxy A55 5G用 フィルム Galaxy A55 5G SC-53E SCG27,1299.0,,3113,2,small,,,False,False,https://www.amazon.co.jp/dp/B0DH1X9NYJ,,
3703,B0F23YXTDV,appliances,0792138636236,【覗き見防止フィルム 2枚セット】 For Amazfit T-Rex 3専用 液晶保護フィルム 覗き見防止・キズ防止効,1556.0,,3113,2,small,楽天,はずれ,False,False,https://www.amazon.co.jp/dp/B0F23YXTDV,楽天最安 JAN=0792138636236,
3704,B0F1XS5W91,appliances,0792138632504,【覗き見防止 1枚セット】Galaxy A25 5G 用 覗き見防止フィルム Galaxy A25 SC-53F SCG,1479.0,,3113,2,small,,,False,False,https://www.amazon.co.jp/dp/B0F1XS5W91,,
3705,B0DH22MX4J,appliances,0702413373220,【覗き見防止 1枚セット】Galaxy Z Flip3/Flip4 用 覗き見防止フィルム ギャラクシーZ フリップ3 ,1599.0,,3113,2,small,,,False,False,https://www.amazon.co.jp/dp/B0DH22MX4J,,
3706,B0DH1TRBH2,appliances,0702413373206,【覗き見防止 1枚セット】Galaxy S22 (SC-51C / SCG13) 用 覗き見防止フィルム ギャラクシーS,1599.0,,3113,2,small,,,False,False,https://www.amazon.co.jp/dp/B0DH1TRBH2,,
3707,B0DH22ZY2J,appliances,0702413374388,【アンチグレア 1枚セット】Galaxy Z Flip3/Flip4用 フィルム ギャラクシーZ フリップ3 SCG12,1299.0,,3113,2,small,,,False,False,https://www.amazon.co.jp/dp/B0DH22ZY2J,,
3708,B0DH1CX7MQ,appliances,0702413372643,【覗き見防止 1枚セット】Galaxy A55 5G 用 覗き見防止フィルム Galaxy A55 5G SC-53E ,1299.0,,3113,2,small,,,False,False,https://www.amazon.co.jp/dp/B0DH1CX7MQ,,
3709,B0F2418L2K,appliances,0792138636144,【覗き見防止フィルム 2枚セット】 For HUAWEI WATCH D2専用 液晶保護フィルム 覗き見防止・キズ防止効,1556.0,,3113,2,small,楽天,はずれ,False,False,https://www.amazon.co.jp/dp/B0F2418L2K,楽天最安 JAN=0792138636144,
3710,B0DSLKR4DX,appliances,0792138598596,【アンチグレア 1枚セット】Galaxy Z Flip6用 フィルム ギャラクシー Z Flip6 SC-54E 専用 ,1598.0,,3113,2,small,,,False,False,https://www.amazon.co.jp/dp/B0DSLKR4DX,,
3711,B0DH27P31D,appliances,0702413373824,【アンチグレア 1枚セット】Galaxy A53 5G用 フィルム Galaxy A53 5G SCG15 / SC-5,1299.0,,3113,2,small,,,False,False,https://www.amazon.co.jp/dp/B0DH27P31D,,
3712,B0DH1Z37FY,appliances,0702413373817,【アンチグレア 1枚セット】Galaxy A54 5G SC-53D SCG21用 フィルム Galaxy SC-53D,1299.0,,3113,2,small,,,False,False,https://www.amazon.co.jp/dp/B0DH1Z37FY,,
3713,B0DH25P665,appliances,0702413374302,【アンチグレア 1枚セット】Galaxy S10用 フィルム ギャラクシーS10 専用 アンチグレア フィルム 非ガラス,1299.0,,3113,2,small,,,False,False,https://www.amazon.co.jp/dp/B0DH25P665,,
3714,B0DH23PLBP,appliances,0702413374883,【アンチグレア 1枚セット】Galaxy S21 Ultra 5G用 フィルム ギャラクシーS21 Ultra 専用 ア,1299.0,,3113,2,small,,,False,False,https://www.amazon.co.jp/dp/B0DH23PLBP,,
3715,B0F23WSZSV,appliances,0792138636083,【3枚セット】JACRON フィルム 用のCharge5 / Fitbit Charge6 液晶保護フィルム 軟TPU素,1556.0,,3113,2,small,楽天,はずれ,False,False,https://www.amazon.co.jp/dp/B0F23WSZSV,楽天最安 JAN=0792138636083,
3716,B0DH1STSZ5,appliances,0702413374876,【アンチグレア 1枚セット】Galaxy S24 Ultra用 フィルム SC-52E/SCG26 専用 アンチグレア ,1299.0,,3113,2,small,,,False,False,https://www.amazon.co.jp/dp/B0DH1STSZ5,,
3717,B0F1XV51NM,appliances,0792138632559,【アンチグレア 1枚セット】Galaxy A25 5G用 フィルム SC-53F SCG33 専用 アンチグレア フィル,1279.0,,3113,2,small,,,False,False,https://www.amazon.co.jp/dp/B0F1XV51NM,,
3718,B0DH1SJ614,appliances,0702413372629,【覗き見防止 1枚セット】Galaxy A23 5G 用 覗き見防止フィルム galaxy a23 5g SCG18 専,1599.0,,3113,2,small,,,False,False,https://www.amazon.co.jp/dp/B0DH1SJ614,,
3719,B0DH1V2VTJ,appliances,0702413374241,【アンチグレア 1枚セット】Galaxy note 8用 フィルム ギャラクシーNote8 専用 アンチグレア フィルム,1299.0,,3113,2,small,,,False,False,https://www.amazon.co.jp/dp/B0DH1V2VTJ,,
3720,B0DH1M674X,appliances,0702413374418,【アンチグレア 1枚セット】Galaxy Z Fold6用 フィルム Galaxy Z Fold6 SC-55E 専用 ,1499.0,,3113,2,small,,,False,False,https://www.amazon.co.jp/dp/B0DH1M674X,,
3721,B0DSLM8PQM,appliances,0792138598558,【アンチグレア 1枚セット】Galaxy S23 FE/Galaxy A54/A53/A52/A51用 フィルム Gal,1299.0,,3113,2,small,,,False,False,https://www.amazon.co.jp/dp/B0DSLM8PQM,,
3722,B0DSLMTT4W,appliances,0792138598213,【覗き見防止 1枚セット】Galaxy S25 Ultra 用 覗き見防止フィルム ギャラクシー S25 Ultra 専,1599.0,,3113,2,small,,,False,False,https://www.amazon.co.jp/dp/B0DSLMTT4W,,
3723,B0DH1YP1TW,appliances,0702413373145,【覗き見防止 1枚セット】Galaxy S10 用 覗き見防止フィルム ギャラクシーS10 専用 画面保護フィルム 非ガ,1599.0,,3113,2,small,,,False,False,https://www.amazon.co.jp/dp/B0DH1YP1TW,,
3724,B0F23WQPZB,appliances,0792138636205,【覗き見防止フィルム 2枚セット】For Apple Watch 46mm専用 液晶保護フィルム 覗き見防止・キズ防止効,1556.0,,3113,2,small,楽天,はずれ,False,False,https://www.amazon.co.jp/dp/B0F23WQPZB,楽天最安 JAN=0792138636205,
3725,B0DH1S2ZPB,appliances,0702413373084,【覗き見防止 1枚セット】Galaxy note 8 用 覗き見防止フィルム ギャラクシーNote8 専用 画面保護フィ,1599.0,,3113,2,small,,,False,False,https://www.amazon.co.jp/dp/B0DH1S2ZPB,,
3726,B0CT2NF51W,appliances,,LIRUWECH Apple Watch 用 防水ケース seriesSE3/2/1/6/5/4 44mm アップルウォ,1299.0,,3694,2,small,,,False,False,https://www.amazon.co.jp/dp/B0CT2NF51W,,
3727,B0F23ZLWTN,appliances,0792138636014,【3枚セットfor GARMIN(ガーミン)vivoactive 5 液晶保護フィルム 軟TPU素材 自動修復機能/高透,1556.0,,3190,2,small,楽天,はずれ,False,False,https://www.amazon.co.jp/dp/B0F23ZLWTN,楽天最安 JAN=0792138636014,
3728,B0DH217KZW,appliances,0702413374005,【アンチグレア 1枚セット】ASUS Zenfone 10用 フィルム Zenfone 10 専用 アンチグレア フィル,1299.0,,3190,2,small,,,False,False,https://www.amazon.co.jp/dp/B0DH217KZW,,
3729,B0DH1TXS7R,appliances,0702413373978,【アンチグレア 1枚セット】XiaoMi 14 ultra/Xiaomi 14 Pro/Xiaomi 15 Ultra/,1299.0,,3190,2,small,,,False,False,https://www.amazon.co.jp/dp/B0DH1TXS7R,,
3730,B0H756ZZPY,appliances,0768857680768,switch 2 コントローラー【2026年先端モデル】スイッチコントローラー ダブルホール機能 無線 Bluetoot,3199.0,,3191,2,standard_1,楽天,はずれ,False,False,https://www.amazon.co.jp/dp/B0H756ZZPY,楽天最安 JAN=0768857680768,
3731,B0FJDZ1SK1,appliances,0793876979111,Philoent MagSafe対応 超薄型 モバイルバッテリー 8000mAh 軽量 小型 マグネット式ワイヤレス充電,2270.0,,3121,7,small,楽天,はずれ,False,False,https://www.amazon.co.jp/dp/B0FJDZ1SK1,楽天最安 JAN=0793876979111,
3732,B01N3SOKJO,appliances,4961607477144,Kenko PLフィルター サーキュラーPL(W) 77mm コントラスト・反射調整用 薄枠 477144,6491.0,,3126,9,small,Yahoo,はずれ,False,False,https://www.amazon.co.jp/dp/B01N3SOKJO,Yahoo最安 JAN=4961607477144,
3733,B0FB2F95HY,appliances,4549550372145,エレコム ワイヤレス充電器 Qi認証 最大 10W スタンド型 EPP規格対応 3枚コイル 【 iPhone Galax,1990.0,,3128,2,standard_1,Yahoo,はずれ,False,False,https://www.amazon.co.jp/dp/B0FB2F95HY,Yahoo最安 JAN=4549550372145,
3734,B0FB2X3G9J,appliances,4549550372152,エレコム ワイヤレス充電器 Qi認証 最大 10W スタンド型 EPP規格対応 3枚コイル 【 iPhone Galax,1690.0,,3128,2,standard_1,楽天,はずれ,False,False,https://www.amazon.co.jp/dp/B0FB2X3G9J,楽天最安 JAN=4549550372152,
3735,B0FZ9VZZWT,appliances,,Xperia 10 VII ケース 手帳型 用 Xperia10VII 手帳 カバー SOG16 au SO-52F d,1399.0,,2338,2,small,,,False,False,https://www.amazon.co.jp/dp/B0FZ9VZZWT,,
3736,B0FZ9WH5W5,appliances,,iPhone Air 用 ケース 手帳型 アイフォンAir iPhoneAir 手帳 いPhoneAir アイホンAir,1399.0,,2338,2,small,,,False,False,https://www.amazon.co.jp/dp/B0FZ9WH5W5,,
3737,B0FZB12G7Z,appliances,,Xperia 10 VII ケース 手帳型 用 Xperia10VII 手帳 カバー SOG16 au SO-52F d,1399.0,,2338,2,small,,,False,False,https://www.amazon.co.jp/dp/B0FZB12G7Z,,
3738,B0FDK3K482,appliances,0194644243944,Anker Eufy (ユーフィ) eufyCam C35 ブラック,9990.0,,3133,2,standard_1,,,False,False,https://www.amazon.co.jp/dp/B0FDK3K482,,
3739,B0FZ9X5935,appliances,,iPhone 17 pro 用 ケース 手帳型 iPhone17pro アイホン17pro アイフォン17pro 耐衝撃,1399.0,,2338,2,small,,,False,False,https://www.amazon.co.jp/dp/B0FZ9X5935,,
3740,B0FWRNRSVV,appliances,4961310165031,オーディオテクニカ ステレオケーブル (φ6.3mmモノラル標準プラグ×２ - φ6.3mmモノラル標準プラグ×２) 1,2200.0,,2660,4,small,Yahoo,はずれ,False,False,https://www.amazon.co.jp/dp/B0FWRNRSVV,Yahoo最安 JAN=4961310165031,
3741,B0FWRQHF46,appliances,4961310165079,オーディオテクニカ ステレオケーブル (RCAピン×2 - φ6.3mmモノラル標準×２) 3.0m 変換プラグ オーデ,2500.0,,2660,3,small,Yahoo,はずれ,False,False,https://www.amazon.co.jp/dp/B0FWRQHF46,Yahoo最安 JAN=4961310165079,
3742,B0FWRR7BZX,appliances,4961310165062,オーディオテクニカ ステレオケーブル (RCAピン×2 - φ6.3mmモノラル標準×２) 1.5m 変換プラグ オーデ,2200.0,,2658,3,small,Yahoo,はずれ,False,False,https://www.amazon.co.jp/dp/B0FWRR7BZX,Yahoo最安 JAN=4961310165062,
3743,B0FWRK7Y2G,appliances,4961310165000,オーディオテクニカ RCAオーディオケーブル 1.5m (RCAオス×2 - RCAオス×2）スピーカー レコードプレー,2200.0,,3139,3,small,Yahoo,はずれ,False,False,https://www.amazon.co.jp/dp/B0FWRK7Y2G,Yahoo最安 JAN=4961310165000,
3744,B0FWRLRQ9W,appliances,4961310165048,オーディオテクニカ ステレオケーブル (φ6.3mmモノラル標準プラグ×２ - φ6.3mmモノラル標準プラグ×２) 3,2500.0,,3139,3,small,Yahoo,はずれ,False,False,https://www.amazon.co.jp/dp/B0FWRLRQ9W,Yahoo最安 JAN=4961310165048,
3745,B0FWRK8ZS5,appliances,4961310165017,オーディオテクニカ RCAオーディオケーブル 3.0m (RCAオス×2 - RCAオス×2）スピーカー レコードプレー,2500.0,,3139,3,small,Yahoo,はずれ,False,False,https://www.amazon.co.jp/dp/B0FWRK8ZS5,Yahoo最安 JAN=4961310165017,
3746,B0G2G3P3D6,appliances,6977187431399,FitStill 防水ハウジング DJI Osmo Action 6専用 60m/196フィート防水ケースデュアルコール,2599.0,,3633,2,small,,,False,False,https://www.amazon.co.jp/dp/B0G2G3P3D6,,
3747,B009KDX6Z4,pc,4950190331094,バッファロー BUFFALO ユニバーサルコネクター USB3.0 A to microB スリムケーブル ブラック 1,1292.0,,3380,5,small,楽天,はずれ,False,False,https://www.amazon.co.jp/dp/B009KDX6Z4,楽天最安 JAN=4950190331094,
3748,B009KDX6WM,pc,4950190326533,バッファロー USB AtoB 3m ブラック ユニバーサルコネクター BSUABU330BK,1770.0,,3002,4,small,Yahoo,はずれ,False,False,https://www.amazon.co.jp/dp/B009KDX6WM,Yahoo最安 JAN=4950190326533,
3749,B009KDX712,pc,4950190331087,バッファロー BUFFALO ユニバーサルコネクター USB3.0 A to B スリムケーブル ブラック 1m BSU,1280.0,,3380,7,small,楽天,はずれ,False,False,https://www.amazon.co.jp/dp/B009KDX712,楽天最安 JAN=4950190331087,
3750,B009KDX852,pc,4950190331551,バッファロー BUFFALO ユニバーサルコネクター USB3.0 A to microB スリムケーブル ブラック 2,1627.0,,3380,10,small,楽天,はずれ,False,False,https://www.amazon.co.jp/dp/B009KDX852,楽天最安 JAN=4950190331551,
3751,B0FZR8J9BX,pc,,For BMSE A10Pro/POPUX TABG5タブレット専用ケース10インチ衝撃吸収全面保護カバーマグネット開閉,1499.0,,2840,2,small,,,False,False,https://www.amazon.co.jp/dp/B0FZR8J9BX,,
3752,B0BNTCG5PN,pc,0712302284742,GPC Image Flex LC3117 LC3117-4PK インク ブラザー 対応 (計4本) Brother 用,1597.0,,3005,4,small,Yahoo,はずれ,False,False,https://www.amazon.co.jp/dp/B0BNTCG5PN,Yahoo最安 JAN=0712302284742,
3753,B0734ZDHJ8,pc,4953103321977,エレコム マウス ワイヤレス (レシーバー付属) Mサイズ 3ボタン 静音 クリック音95%軽減 チルトホイール Mic,1430.0,,3007,9,small,楽天,はずれ,False,False,https://www.amazon.co.jp/dp/B0734ZDHJ8,楽天最安 JAN=4953103321977,
3754,B07351ZGWT,pc,4953103321922,エレコム マウス ワイヤレス (レシーバー付属) Sサイズ 小型 3ボタン チルトホイール Micro Grast Sw,1270.0,,3007,10,small,Yahoo,はずれ,False,False,https://www.amazon.co.jp/dp/B07351ZGWT,Yahoo最安 JAN=4953103321922,
3755,B0BW2TLQ8S,pc,6941876215980,UGREEN 1061 Revodok USB-Cハブ 4K@30Hz HDMI出力 100W急速充電 5Gbpsデータ,3749.0,,3016,2,small,Yahoo,はずれ,False,False,https://www.amazon.co.jp/dp/B0BW2TLQ8S,Yahoo最安 JAN=6941876215980,
3756,B0923GS67Y,pc,4573285861049,HP 965XL 純正 インクカートリッジ マゼンタ 増量 3JA82AA【国内正規品】,3956.0,,3017,8,small,楽天,はずれ,False,False,https://www.amazon.co.jp/dp/B0923GS67Y,楽天最安 JAN=4573285861049,
3757,B07WT6MBF9,pc,4573285861063,HP 965XL 純正 インクカートリッジ ブラック 黒 増量 3JA84AA【国内正規品】,5060.0,,3017,8,small,Yahoo,はずれ,False,False,https://www.amazon.co.jp/dp/B07WT6MBF9,Yahoo最安 JAN=4573285861063,
3758,B07K9SW4YQ,pc,,インクのチップス エプソン用 KAM 互換インク 6色+黒2本 KAM-6CL-L 増量版 残量表示 EP-886A E,3500.0,,3018,2,small,,,False,False,https://www.amazon.co.jp/dp/B07K9SW4YQ,,
3759,B0F89QH52Q,pc,0612715415934,For Hasskya M30/Rebecco M30タブレット専用ケース10インチ衝撃吸収緩衝全面保護カバーマグネット,1599.0,,2840,2,standard_1,楽天,はずれ,False,False,https://www.amazon.co.jp/dp/B0F89QH52Q,楽天最安 JAN=0612715415934,
3760,B0923HB91D,pc,4573285861032,HP 965XL 純正 インクカートリッジ シアン 増量 3JA81AA【国内正規品】,3956.0,,3967,7,small,楽天,はずれ,False,False,https://www.amazon.co.jp/dp/B0923HB91D,楽天最安 JAN=4573285861032,
3761,B0B49LDYW5,pc,4983771200489,山善(YAMAZEN) モニター台 (机上台) 木製 傷・汚れ・水分・熱に強い コンパクト パソコン台 幅80×奥行25,3442.0,,4412,2,large_1,Yahoo,はずれ,False,False,https://www.amazon.co.jp/dp/B0B49LDYW5,Yahoo最安 JAN=4983771200489,
3762,B08TGZGP35,pc,4983771071720,山善(YAMAZEN) モニター台 (机上台) 木製 傷・汚れ・水分・熱に強い コンパクト パソコン台 幅60×奥行25,2190.0,,4413,3,large_1,Yahoo,はずれ,False,False,https://www.amazon.co.jp/dp/B08TGZGP35,Yahoo最安 JAN=4983771071720,
3763,B08TGZKWGV,pc,4983771071652,山善(YAMAZEN) モニター台 (机上台) 木製 傷・汚れ・水分・熱に強い コンパクト パソコン台 幅45×奥行25,2566.0,,4413,2,large_1,楽天,はずれ,False,False,https://www.amazon.co.jp/dp/B08TGZKWGV,楽天最安 JAN=4983771071652,
3764,B0GHNDS3PM,pc,,(2026発売)For BMAX I10 Plus ケース カバー【HNWEIWEI 】 360°全面保護 10.1 イ,1690.0,,1734,2,small,,,False,False,https://www.amazon.co.jp/dp/B0GHNDS3PM,,
3765,B0GCL6HXTT,pc,,For SVITOO P10 タブレット専用ケース薄型軽量防水防汚10.1インチ衝撃吸収緩衝全面保護カバーマグネット開閉,1499.0,,2840,2,standard_1,,,False,False,https://www.amazon.co.jp/dp/B0GCL6HXTT,,
3766,B0G2W1HBHR,pc,,For TE10D2M64-V1B/BNCF Bpad 10 SEタブレットケース10インチ衝撃吸収緩衝全面保護カバーマ,1499.0,,2840,2,standard_1,,,False,False,https://www.amazon.co.jp/dp/B0G2W1HBHR,,
3767,B0FG16MM6L,pc,,For LZF ZPad3/Alphawolf PPad2タブレット専用ケース薄11インチ衝撃吸収緩衝全面保護カバーマグ,1499.0,,2840,2,standard_1,,,False,False,https://www.amazon.co.jp/dp/B0FG16MM6L,,
3768,B0FX3J9S55,pc,,For UBDXBD/Hasskya M70 タブレット専用ケース薄型防汚11インチ衝撃吸収緩衝全面保護カバーマグネット,1499.0,,2840,2,standard_1,,,False,False,https://www.amazon.co.jp/dp/B0FX3J9S55,,
3769,B0G87SB3R8,pc,,For PHILIPS T8015 タブレット専用ケース薄型11インチ衝撃吸収緩衝レザーカバー全面保護カバーマグネット開,1499.0,,2840,2,standard_1,,,False,False,https://www.amazon.co.jp/dp/B0G87SB3R8,,
3770,B0FDJQXXFN,pc,,For AGM Tablet/DOOGEE G6タブレット専用ケース防汚11インチ衝撃吸収緩衝全面保護カバーマグネット開,1599.0,,2840,2,standard_1,,,False,False,https://www.amazon.co.jp/dp/B0FDJQXXFN,,
3771,B0GH7TRWG1,pc,,For PHILIPS T8015 タブレット専用ケース薄型11インチ衝撃吸収緩衝レザーカバー全面保護カバーマグネット開,1499.0,,2840,2,standard_1,,,False,False,https://www.amazon.co.jp/dp/B0GH7TRWG1,,
3772,B0G7X1RHXB,pc,,For LZF ZPad3/Alphawolf PPad2タブレット専用ケース薄11インチ衝撃吸収緩衝全面保護カバーマグ,1499.0,,2840,2,standard_1,,,False,False,https://www.amazon.co.jp/dp/B0G7X1RHXB,,
3773,B0G2J33JBZ,pc,,For アビドパッド A90S AI/Tabtop A90Sタブレット専用ケース薄型防水防汚11インチ衝撃吸収緩衝全面保,1599.0,,2840,2,standard_1,,,False,False,https://www.amazon.co.jp/dp/B0G2J33JBZ,,
3774,B0GGB95ZN6,pc,,For EDUAITABLET TAB K08 タブレット専用ケース薄型8.7インチ衝撃吸収緩衝全面保護カバーマグネット,1499.0,,2840,2,small,,,False,False,https://www.amazon.co.jp/dp/B0GGB95ZN6,,
3775,B0G8VRW39N,pc,,For Hzvopmr x12 タブレット専用ケース薄型防汚10インチ衝撃吸収緩衝レザーカバー全面保護カバーマグネット開,1599.0,,2840,2,standard_1,,,False,False,https://www.amazon.co.jp/dp/B0G8VRW39N,,
3776,B0G64CKP6F,pc,,For Tuotatop x13タブレット保護ケース10.1インチ衝撃吸収緩衝全面保護カバー薄手レザーカバー防水防汚An,1500.0,,2840,2,standard_1,,,False,False,https://www.amazon.co.jp/dp/B0G64CKP6F,,
3777,B0GHNJ6TR6,pc,,For Blackview Tab90WiFiタブレット専用ケース薄防汚11インチ衝撃吸収緩衝全面保護カバーマグネット開,1599.0,,2840,2,standard_1,,,False,False,https://www.amazon.co.jp/dp/B0GHNJ6TR6,,
3778,B0G2J3LDWG,pc,,For アビドパッド A90S AI/Tabtop A90Sタブレット専用ケース薄型防水防汚11インチ衝撃吸収緩衝全面保,1599.0,,2840,2,standard_1,,,False,False,https://www.amazon.co.jp/dp/B0G2J3LDWG,,
3779,B0FX8M45Y1,pc,,For Speiow T1タブレット専用ケース薄型軽量防水防汚10.1インチ衝撃吸収緩衝全面保護カバーマグネット開閉 角,1499.0,,2840,2,small,,,False,False,https://www.amazon.co.jp/dp/B0FX8M45Y1,,
3780,B0FG16VL9G,pc,,For LZF ZPad3/Alphawolf PPad2タブレット専用ケース薄11インチ衝撃吸収緩衝全面保護カバーマグ,1499.0,,2840,2,standard_1,,,False,False,https://www.amazon.co.jp/dp/B0FG16VL9G,,
3781,B0FX2S97NX,pc,,For UBDXBD/Hasskya M70 タブレット専用ケース薄型防汚11インチ衝撃吸収緩衝全面保護カバーマグネット,1499.0,,2840,2,standard_1,,,False,False,https://www.amazon.co.jp/dp/B0FX2S97NX,,
3782,B0G88DJ2WN,pc,,For PHILIPS T8015 タブレット専用ケース薄型11インチ衝撃吸収緩衝レザーカバー全面保護カバーマグネット開,1499.0,,2840,2,standard_1,,,False,False,https://www.amazon.co.jp/dp/B0G88DJ2WN,,
3783,B0GRTLHT3Z,pc,,For SVITOO P10 タブレット専用ケース薄型軽量防水防汚10.1インチ衝撃吸収緩衝全面保護カバーマグネット開閉,1499.0,,2840,2,standard_1,,,False,False,https://www.amazon.co.jp/dp/B0GRTLHT3Z,,
3784,B0FDJY92ML,pc,,For AGM Tablet/DOOGEE G6タブレット専用ケース防汚11インチ衝撃吸収緩衝全面保護カバーマグネット開,1599.0,,2840,2,standard_1,,,False,False,https://www.amazon.co.jp/dp/B0FDJY92ML,,
3785,B0GCH29W8F,pc,,For TA10E1W63-V1A/V1H/V1Sタブレット専用ケース薄型10インチ衝撃吸収緩衝全面保護カバーマグネッ開,1499.0,,2840,2,standard_1,,,False,False,https://www.amazon.co.jp/dp/B0GCH29W8F,,
3786,B0FZ8R5W7X,pc,,For HYD-A60 タブレット専用ケース薄型軽量防水防汚10.1インチ衝撃吸収緩衝全面保護カバーマグネット開閉 角度,1599.0,,2840,2,standard_1,,,False,False,https://www.amazon.co.jp/dp/B0FZ8R5W7X,,
3787,B0FM7MWZCP,pc,,For SVITOO P10 タブレット専用ケース薄型軽量防水防汚10.1インチ衝撃吸収緩衝全面保護カバーマグネット開閉,1499.0,,2840,2,standard_1,,,False,False,https://www.amazon.co.jp/dp/B0FM7MWZCP,,
3788,B0F4MF1F7X,pc,0679070428375,For PlimPad P2 タブレット専用ケース薄型防水防汚10インチ衝撃吸収緩衝全面保護カバーマグネット開閉角度調整,1499.0,,2840,2,standard_1,,,False,False,https://www.amazon.co.jp/dp/B0F4MF1F7X,,
3789,B08TH4ZLS9,pc,4983771071645,山善(YAMAZEN) モニター台 (机上台) 木製 傷・汚れ・水分・熱に強い コンパクト パソコン台 幅45×奥行25,1780.0,,4412,2,large_1,Yahoo,はずれ,False,False,https://www.amazon.co.jp/dp/B08TH4ZLS9,Yahoo最安 JAN=4983771071645,
3790,B0GW8M14FX,pc,,For PHILIPS T7250 ケース スタンド 機能 【HASADEDE】角度調整 上質PUレザー キズ防止 タッ,1355.0,,2634,2,small,,,False,False,https://www.amazon.co.jp/dp/B0GW8M14FX,,
3791,B0GVBT1R8T,pc,,For ALLDOCUBE iPlay70 Pad Pro 用 ケース カバー タブレット 12インチ 任意の角度調整 ,1550.0,,2634,2,standard_1,,,False,False,https://www.amazon.co.jp/dp/B0GVBT1R8T,,
3792,B0GTLT2DCR,pc,,For SVITOO V13 ケース 13.2インチ スタンド 【HASADEDE】機能 角度調整 上質PUレザー キズ,1650.0,,2634,2,small,,,False,False,https://www.amazon.co.jp/dp/B0GTLT2DCR,,
3793,B0FZLLXN3H,pc,,For Tabtop A90PRO ケース 12インチ スタンド 【HASADEDE】機能 角度調整 上質PUレザー キ,1450.0,,2634,2,small,,,False,False,https://www.amazon.co.jp/dp/B0FZLLXN3H,,
3794,B0GC4119RN,pc,,For OTVOC V10/V10 Pro/V10 Max/V10 Plus ケース 10.5インチ スタンド 【HAS,1650.0,,2634,2,standard_1,,,False,False,https://www.amazon.co.jp/dp/B0GC4119RN,,
3795,B0GYMSJB5P,pc,,For FancyDay G13/HiGrace G13/G13A/MB1001/BottHealth Sankola ,1588.0,,2634,2,small,,,False,False,https://www.amazon.co.jp/dp/B0GYMSJB5P,,
3796,B0FQ88JJTG,pc,,For TCL NXTPAPER 11 Gen 2 ケース 11インチ スタンド 機能 角度調整 上質PUレザー キズ防,1509.0,,2634,2,small,,,False,False,https://www.amazon.co.jp/dp/B0FQ88JJTG,,
3797,B0FNWX9D6F,pc,,For SVITOO P1300 ケース 13インチ スタンド 機能 角度調整 上質PUレザー キズ防止 タッチペン収納,1550.0,,2634,2,standard_1,,,False,False,https://www.amazon.co.jp/dp/B0FNWX9D6F,,
3798,B0GXL42MD7,pc,,For Azeyou F68 ケース スタンド 機能 角度調整 上質PUレザー キズ防止 タッチペン収納機能 磁気吸着機,1450.0,,2634,2,small,,,False,False,https://www.amazon.co.jp/dp/B0GXL42MD7,,
3799,B0G1ZFDCR2,pc,,For CHUWI Hi10 X2 ケース 10.1インチ スタンド 【HASADEDE】機能 角度調整 上質PUレザー,1499.0,,2634,2,standard_1,,,False,False,https://www.amazon.co.jp/dp/B0G1ZFDCR2,,
3800,B0GVMZW916,pc,,For POPUX A9/P10/DOOGEE A9 ケース 10インチ スタンド 機能 角度調整 上質PUレザー キズ,1550.0,,2634,2,small,,,False,False,https://www.amazon.co.jp/dp/B0GVMZW916,,
3801,B0GYNDSGWL,pc,,For TCL(ティーシーエル) TAB 10 Gen4 ケース スタンド 機能 角度調整 上質PUレザー キズ防止 タ,1599.0,,2634,2,small,,,False,False,https://www.amazon.co.jp/dp/B0GYNDSGWL,,
3802,B0G1TXKXV9,pc,,For 2025 NEW BMAX I10S ケース 10インチ スタンド 【HASADEDE】機能 角度調整 上質PU,1399.0,,2633,2,standard_1,,,False,False,https://www.amazon.co.jp/dp/B0G1TXKXV9,,
3803,B0GYBTNP94,pc,,For FancyDay G13 ケース スタンド 機能 【HASADEDE】角度調整 上質PUレザー キズ防止 タッチ,1399.0,,2634,2,standard_1,,,False,False,https://www.amazon.co.jp/dp/B0GYBTNP94,,
3804,B0GDY1W2GV,pc,,For Bigme B751C S ケース 7インチ スタンド 【HASADEDE】機能 角度調整 上質PUレザー キズ,1650.0,,2634,2,small,,,False,False,https://www.amazon.co.jp/dp/B0GDY1W2GV,,
3805,B0GWDBVLDG,pc,,For ECOPAD C5 Pro ケース 11インチ スタンド 機能 角度調整 上質PUレザー キズ防止 タッチペン収,1599.0,,2634,2,standard_1,,,False,False,https://www.amazon.co.jp/dp/B0GWDBVLDG,,
3806,B0FQ9FHH72,pc,,For TECLAST T60 Pro ケース 12インチ スタンド 機能 角度調整 上質PUレザー キズ防止 タッチペ,1440.0,,2634,2,standard_1,,,False,False,https://www.amazon.co.jp/dp/B0FQ9FHH72,,
3807,B0GDS2QTZT,pc,,For Wpawa ‎HT10/HT10-A/TechZen HT10/HT20 ケース 10インチ スタンド 【HAS,1350.0,,2634,2,small,,,False,False,https://www.amazon.co.jp/dp/B0GDS2QTZT,,
3808,B0FX6375TQ,pc,,For ALLDOCUBE iPlay 70 ケース 10インチ スタンド 【HASADEDE】機能 角度調整 上質PU,1550.0,,2634,2,small,,,False,False,https://www.amazon.co.jp/dp/B0FX6375TQ,,
3809,B0GHTW2M2Y,pc,,For UBDXBD M70 ケース 11インチ スタンド 【HASADEDE】機能 角度調整 上質PUレザー キズ防止,1699.0,,2633,2,small,,,False,False,https://www.amazon.co.jp/dp/B0GHTW2M2Y,,
3810,B0H4LHVBDZ,pc,,For TECLAST M50T ケース スタンド 機能 【HASADEDE】 角度調整 上質PUレザー キズ防止 タッ,1599.0,,2634,2,small,,,False,False,https://www.amazon.co.jp/dp/B0H4LHVBDZ,,
3811,B0B2QTP4L7,pc,4562451409697,エコリカ ブラザー LC211-4PK対応リサイクルインク 通常容量 4色パック DCP-J762N/J767N/J96,2847.0,,3154,2,standard_1,楽天,はずれ,False,False,https://www.amazon.co.jp/dp/B0B2QTP4L7,楽天最安 JAN=4562451409697,
3812,B071VTB8QM,pc,4562451401288,エコリカ エプソン とうもろこし ICY80L対応リサイクルインク 大容量 イエロー/染料 EP-707 708 777,1100.0,,3044,3,small,Yahoo,はずれ,False,False,https://www.amazon.co.jp/dp/B071VTB8QM,Yahoo最安 JAN=4562451401288,
3813,B0F43XDCQ3,pc,4957180183565,IODATA USBメモリー 128GB Type-C ホワイト 5Gbps スライド方式 (Win/mac/iPhon,3620.0,,3640,2,small,楽天,はずれ,False,False,https://www.amazon.co.jp/dp/B0F43XDCQ3,楽天最安 JAN=4957180183565,
3814,B0F43GB2HZ,pc,4957180182193,IODATA USBメモリー 256GB Type-A&Type-C搭載 USB 3.2 Gen 1対応 スマホ 容量不,7100.0,,3046,10,small,Yahoo,はずれ,False,False,https://www.amazon.co.jp/dp/B0F43GB2HZ,Yahoo最安 JAN=4957180182193,
3815,B0CLNXF38C,pc,4957180172460,IODATA USBメモリー 64GB Type-A＆Type-C搭載 USB 3.2 Gen 1対応 スマホ 容量不足,3810.0,,3046,4,small,Yahoo,はずれ,False,False,https://www.amazon.co.jp/dp/B0CLNXF38C,Yahoo最安 JAN=4957180172460,
3816,B0CLP1Q9TG,pc,4957180172453,IODATA USBメモリー 128GB Type-A＆Type-C搭載 USB 3.2 Gen 1対応 スマホ 容量不,5980.0,,3640,5,small,Yahoo,はずれ,False,False,https://www.amazon.co.jp/dp/B0CLP1Q9TG,Yahoo最安 JAN=4957180172453,
3817,B0F43RX5F8,pc,4957180183626,IODATA USBメモリー 64GB Type-C ホワイト 5Gbps スライド方式 (Win/mac/iPhone,2480.0,,3046,3,small,楽天,はずれ,False,False,https://www.amazon.co.jp/dp/B0F43RX5F8,楽天最安 JAN=4957180183626,
3818,B0F43VNG3S,pc,4957180183572,IODATA USBメモリー 256GB Type-C ブラック 5Gbps スライド方式 (Win/mac/iPhon,4982.0,,3046,2,small,楽天,はずれ,False,False,https://www.amazon.co.jp/dp/B0F43VNG3S,楽天最安 JAN=4957180183572,
3819,B0BLVB63JH,pc,4943765058724,Logicool G(ロジクール G) ゲーミングマウスパッド G840 マウスパッド 超大型 XLサイズ 400x90,5200.0,,3047,7,standard_1,楽天,はずれ,False,False,https://www.amazon.co.jp/dp/B0BLVB63JH,楽天最安 JAN=4943765058724,
3820,B082MLVXRR,pc,0840478806380,ErGear モニターアーム デュアル 2画面 13-32インチ デュアル 耐荷重8kg ポール式 2画面 PC ディス,2599.0,,3048,2,large_1,楽天,はずれ,False,False,https://www.amazon.co.jp/dp/B082MLVXRR,楽天最安 JAN=0840478806380,
3821,B00LS30RWO,pc,4712702636307,シリコンパワー USBメモリ 16GB USB3.2 (USB3.1/USB3.0/USB2.0互換) 小型 防水 防塵,3826.0,,2798,2,small,Yahoo,あやしい,True,True,https://www.amazon.co.jp/dp/B00LS30RWO,Yahoo最安 JAN=4712702636307,
3822,B00LS30RVU,pc,4712702636321,SP Silicon Power シリコンパワー USBメモリ 64GB USB3.2 (USB3.1/USB3.0/U,2502.0,,2797,9,small,Yahoo,はずれ,False,False,https://www.amazon.co.jp/dp/B00LS30RVU,Yahoo最安 JAN=4712702636321,
3823,B07CJCY12K,pc,4949268791847,ワコム プロペン2専用 標準替え芯(10本セット) ブラック ACK22211,1309.0,,3051,10,small,Yahoo,はずれ,False,False,https://www.amazon.co.jp/dp/B07CJCY12K,Yahoo最安 JAN=4949268791847,
3824,B075DDPZ97,pc,4953103331488,エレコム キーボード 有線 プレミアムメンブレン フルキーボード 1000万回高耐久 メカニカルライク USB2ポート付,5094.0,,3295,9,standard_1,Yahoo,はずれ,False,False,https://www.amazon.co.jp/dp/B075DDPZ97,Yahoo最安 JAN=4953103331488,
3825,B01MR397OH,pc,,BONTEC デュアルモニターアーム 13～27インチ対応 各アーム耐荷重10kg VESA75×75・100×100m,2659.0,,2973,2,large_1,,,False,False,https://www.amazon.co.jp/dp/B01MR397OH,,
3826,B0FW4TQJX3,pc,,For Lenovo TAB8 ケース レノボ TAB8 11型 カバー 【Kibnco】軽量 薄型 耐衝撃 傷防止 P,1111.0,,2656,2,standard_1,,,False,False,https://www.amazon.co.jp/dp/B0FW4TQJX3,,
3827,B0FW4YYPVH,pc,,For Lenovo TAB8 ケース レノボ TAB8 11型 カバー 【Kibnco】軽量 薄型 耐衝撃 傷防止 P,1110.0,,2656,2,standard_1,,,False,False,https://www.amazon.co.jp/dp/B0FW4YYPVH,,
3828,B0FW4VFDCQ,pc,,For Lenovo TAB8 ケース レノボ TAB8 11型 カバー 【Kibnco】軽量 薄型 耐衝撃 傷防止 P,1110.0,,2656,2,small,,,False,False,https://www.amazon.co.jp/dp/B0FW4VFDCQ,,
3829,B0FW4VHJRR,pc,,For Lenovo TAB8 ケース レノボ TAB8 11型 カバー 【Kibnco】軽量 薄型 耐衝撃 傷防止 P,1111.0,,2656,2,small,,,False,False,https://www.amazon.co.jp/dp/B0FW4VHJRR,,
3830,B00G3BYCSG,pc,4950190725886,バッファロー BUFFALO ツメの折れないLANケーブル カテゴリー6 ストレート フラット 15m ブラック BSL,2466.0,,3044,2,small,Yahoo,はずれ,False,False,https://www.amazon.co.jp/dp/B00G3BYCSG,Yahoo最安 JAN=4950190725886,
3831,B0B6FTV7ZS,pc,4894240171103,ESR iPad Pro 12.9 ケース (2022/2021/2020、第6/5/4世代) iPad Air 13イ,4380.0,,3088,2,standard_1,楽天,はずれ,False,False,https://www.amazon.co.jp/dp/B0B6FTV7ZS,楽天最安 JAN=4894240171103,
3832,B00G3BYGEQ,pc,4950190725893,バッファロー BUFFALO ツメの折れないLANケーブル カテゴリー6 ストレート フラット 15m ブルー BSLS,1971.0,,3044,2,small,Yahoo,はずれ,False,False,https://www.amazon.co.jp/dp/B00G3BYGEQ,Yahoo最安 JAN=4950190725893,
3833,B00O3ZCPWY,pc,4969887842522,サンワダイレクト Cat6 LANケーブル 10m 極細3.8mm ツメ折れ防止 より線 ブルー 500-LAN6SL1,1360.0,,4287,2,standard_1,Yahoo,はずれ,False,False,https://www.amazon.co.jp/dp/B00O3ZCPWY,Yahoo最安 JAN=4969887842522,
3834,B00G3BYGDC,pc,4950190726159,バッファロー BUFFALO ツメの折れないLANケーブル カテゴリー6 ストレート フラット 7m ブルー BSLS6,1529.0,,3044,7,small,Yahoo,はずれ,False,False,https://www.amazon.co.jp/dp/B00G3BYGDC,Yahoo最安 JAN=4950190726159,
3835,B00G3BYCMW,pc,4950190726142,バッファロー BUFFALO ツメの折れないLANケーブル カテゴリー6 ストレート フラット 7m ブラック BSLS,1580.0,,3044,4,small,楽天,はずれ,False,False,https://www.amazon.co.jp/dp/B00G3BYCMW,楽天最安 JAN=4950190726142,
3836,B00G3BYI5S,pc,4950190726104,バッファロー BUFFALO ツメの折れないLANケーブル カテゴリー6 ストレート フラット 5m グリーン BSLS,1381.0,,3044,2,small,Yahoo,はずれ,False,False,https://www.amazon.co.jp/dp/B00G3BYI5S,Yahoo最安 JAN=4950190726104,
3837,B00G3BYB0A,pc,4950190726029,バッファロー BUFFALO ツメの折れないLANケーブル カテゴリー6 ストレート フラット 3m ブラック BSLS,1149.0,,3078,9,small,楽天,はずれ,False,False,https://www.amazon.co.jp/dp/B00G3BYB0A,楽天最安 JAN=4950190726029,
3838,B00G3BYCPY,pc,4950190726081,バッファロー BUFFALO ツメの折れないLANケーブル カテゴリー6 ストレート フラット 5m ブラック BSLS,1292.0,,3078,8,small,楽天,はずれ,False,False,https://www.amazon.co.jp/dp/B00G3BYCPY,楽天最安 JAN=4950190726081,
3839,B00G3BYK6A,pc,4950190726128,バッファロー BUFFALO ツメの折れないLANケーブル カテゴリー6 ストレート フラット 5m ピンク BSLS6,1222.0,,3044,3,small,Yahoo,はずれ,False,False,https://www.amazon.co.jp/dp/B00G3BYK6A,Yahoo最安 JAN=4950190726128,
3840,B0H4YH3TQ7,pc,,For TECLAST M50Tタブレット専用ケース薄型防水防汚10インチ衝撃吸収緩衝全面保護カバーマグネット開閉角度調,1499.0,,5136,2,small,,,False,False,https://www.amazon.co.jp/dp/B0H4YH3TQ7,,
3841,B00G3BYCQ8,pc,4950190725800,バッファロー BUFFALO ツメの折れないLANケーブル カテゴリー6 ストレート フラット 10m ブラック BSL,1970.0,,3044,6,small,Yahoo,はずれ,False,False,https://www.amazon.co.jp/dp/B00G3BYCQ8,Yahoo最安 JAN=4950190725800,
3842,B00A128S24,pc,0840460604031,TP-Link 5ポート スイッチングハブ 10/100/1000Mbps ギガビット 金属筺体 設定不要 メーカー保証,2080.0,,3085,10,standard_1,Yahoo,はずれ,False,False,https://www.amazon.co.jp/dp/B00A128S24,Yahoo最安 JAN=0840460604031,
3843,B0C5H1H7Q7,pc,4549550272988,エレコム マウス ワイヤレスマウス SHELLPHA 無線2.4GHz 静音 抗菌 3ボタン ブラック M-SH10DB,2660.0,,3095,7,small,Yahoo,はずれ,False,False,https://www.amazon.co.jp/dp/B0C5H1H7Q7,Yahoo最安 JAN=4549550272988,
3844,B0B5ZFP1ZN,pc,4943765056409,Logicool G ゲーミングキーボード G413TKLSE 有線 テンキーレス タクタイル 確かな打鍵感 日本語配列,10000.0,,4386,4,standard_1,Yahoo,原石,True,True,https://www.amazon.co.jp/dp/B0B5ZFP1ZN,Yahoo最安 JAN=4943765056409,
3845,B0B5ZF1X9G,pc,4943765056393,Logicool G ゲーミングキーボード G413SE 有線 タクタイル 確かな打鍵感 日本語配列 高耐久性 PTB ,9327.0,,4386,3,standard_2,Yahoo,あやしい,True,True,https://www.amazon.co.jp/dp/B0B5ZF1X9G,Yahoo最安 JAN=4943765056393,
3846,B0CGDKDFP6,pc,,iPad Air 3 ケース iPad Pro 10.5 ケース ペンホルダー付き【Trocent】iPad Air 第,1460.0,,3788,2,small,,,False,False,https://www.amazon.co.jp/dp/B0CGDKDFP6,,
3847,B07FC83JNH,pc,,インクのチップス ブラザー用 TN-29J 2本 互換トナー 残量表示 MFC-L2750DW DCP-L2550DW ,2180.0,,3101,2,standard_2,,,False,False,https://www.amazon.co.jp/dp/B07FC83JNH,,
3848,B0FW4QCBPZ,pc,,For Lenovo TAB8 ケース レノボ TAB8 11型 カバー 【Kibnco】軽量 薄型 耐衝撃 傷防止 P,1052.0,,2656,2,small,,,False,False,https://www.amazon.co.jp/dp/B0FW4QCBPZ,,
3849,B0DMDT83LH,pc,,For iPad Pro 11インチ ケース M5/M4 2025/2024 (第6/5世代) iPad Pro 11イ,1600.0,,3788,2,small,,,False,False,https://www.amazon.co.jp/dp/B0DMDT83LH,,
3850,B0858Y734K,pc,0785648283625,LxTek MUG-4CL マグカップ 5本セット エプソン用 マグカップ インク epson用 ew-052a ew-,1273.0,,2251,3,small,Yahoo,はずれ,False,False,https://www.amazon.co.jp/dp/B0858Y734K,Yahoo最安 JAN=0785648283625,
3851,B0FW4V9WGJ,pc,,For Lenovo TAB8 ケース レノボ TAB8 11型 カバー 【Kibnco】軽量 薄型 耐衝撃 傷防止 P,1110.0,,2656,2,standard_1,,,False,False,https://www.amazon.co.jp/dp/B0FW4V9WGJ,,
3852,B085KXNFTJ,pc,0785648283663,LxTek KUI-6CL-L 互換インクカートリッジ エプソン(Epson)用 KUI クマノミ インク 6色セット+,1874.0,,3560,2,small,Yahoo,はずれ,False,False,https://www.amazon.co.jp/dp/B085KXNFTJ,Yahoo最安 JAN=0785648283663,
3853,B0CWTTF6M9,pc,,タイプc ケーブル 6M/2本セットPD対応 60W急速充電(USB A&USB C) iPhone17/16/15 充,3500.0,,3106,3,standard_1,,,False,False,https://www.amazon.co.jp/dp/B0CWTTF6M9,,
3854,B0CWTTHF7T,pc,,タイプc ケーブル 3M/2本セットPD対応 60W急速充電(USB A&USB C) iPhone17/16/15 充,1699.0,,3106,2,small,,,False,False,https://www.amazon.co.jp/dp/B0CWTTHF7T,,
3855,B0CWTTSZHG,pc,,タイプc ケーブル 3M/2本セットPD対応 60W急速充電(USB A&USB C) iPhone17/16/15 充,1699.0,,3106,2,small,,,False,False,https://www.amazon.co.jp/dp/B0CWTTSZHG,,
3856,B0DBQ4DCYB,pc,,タイプc ケーブル 3M/2本セットPD対応 60W急速充電(USB A&USB C) iPhone17/16/15 充,1699.0,,3106,2,small,,,False,False,https://www.amazon.co.jp/dp/B0DBQ4DCYB,,
3857,B0DM8XBHZP,pc,,ForiPad 11世代 ケース A16 (11インチ/2025) iPad 第10世代 ケース 10.9インチ 202,1287.0,,3788,2,standard_1,,,False,False,https://www.amazon.co.jp/dp/B0DM8XBHZP,,
3858,B0DMDQR8KB,pc,,For iPad Air 13インチ ケース M4/M3/M2、2026/2025/2024 iPad Air 13イン,1760.0,,3788,2,standard_1,,,False,False,https://www.amazon.co.jp/dp/B0DMDQR8KB,,
3859,B0DMDGMFVY,pc,,For iPad Air 13インチ ケース M4/M3/M2、2026/2025/2024 iPad Air 13イン,1584.0,,3788,2,small,,,False,False,https://www.amazon.co.jp/dp/B0DMDGMFVY,,
3860,B0CGDMMYR1,pc,,Galaxy Tab S10 Ultra ケース Galaxy Tab S9 Ultra/Tab S8 Ultra ケー,2000.0,,3107,2,small,,,False,False,https://www.amazon.co.jp/dp/B0CGDMMYR1,,
3861,B0DMDPWQD5,pc,,iPad Pro 12.9 ケース 2022/2021/2020/2018 iPad Pro 12.9 第6/5/4/3,1672.0,,3107,2,small,,,False,False,https://www.amazon.co.jp/dp/B0DMDPWQD5,,
3862,B0DMDQYT34,pc,,For iPad Air 13インチ ケース M4/M3/M2、2026/2025/2024 iPad Air 13イン,1584.0,,3787,2,standard_1,,,False,False,https://www.amazon.co.jp/dp/B0DMDQYT34,,
3863,B0D3XJLNPX,pc,,For iPad Air 13インチ ケース M4/M3/M2、2026/2025/2024 iPad Air 13イン,1600.0,,3788,2,small,,,False,False,https://www.amazon.co.jp/dp/B0D3XJLNPX,,
3864,B0D3XGJP5V,pc,,For iPad Air 13インチ ケース M4/M3/M2、2026/2025/2024 iPad Air 13イン,1600.0,,3788,2,small,,,False,False,https://www.amazon.co.jp/dp/B0D3XGJP5V,,
3865,B0CGDKG5X7,pc,,iPad Air 3 ケース iPad Pro 10.5 ケース ペンホルダー付き【Trocent】iPad Air 第,1287.0,,3788,2,small,,,False,False,https://www.amazon.co.jp/dp/B0CGDKG5X7,,
3866,B0DM8XGTV8,pc,,ForiPad 11世代 ケース A16 (11インチ/2025) iPad 第10世代 ケース 10.9インチ 202,1330.0,,3107,2,standard_1,,,False,False,https://www.amazon.co.jp/dp/B0DM8XGTV8,,
3867,B0DM8XSVQS,pc,,iPad Air 3 ケース iPad Pro 10.5 ケース ペンホルダー付き【Trocent】iPad Air 第,1314.0,,3107,2,standard_1,,,False,False,https://www.amazon.co.jp/dp/B0DM8XSVQS,,
3868,B0DMDD5QNC,pc,,For iPad Air 11インチ ケース M4/M3/M2、2026/2025/2024 第8/7/6世代 iPad,1422.0,,3788,2,small,,,False,False,https://www.amazon.co.jp/dp/B0DMDD5QNC,,
3869,B0DMF1QK53,pc,,For iPad Air 11インチ ケース M4/M3/M2、2026/2025/2024 第8/7/6世代 iPad,1580.0,,3788,2,small,,,False,False,https://www.amazon.co.jp/dp/B0DMF1QK53,,
3870,B0DMD76H6N,pc,,For iPad Air 11インチ ケース M4/M3/M2、2026/2025/2024 第8/7/6世代 iPad,1422.0,,3788,2,small,,,False,False,https://www.amazon.co.jp/dp/B0DMD76H6N,,
3871,B0D3X7VTQG,pc,,For iPad Air 11インチ ケース M4/M3/M2、2026/2025/2024 第8/7/6世代 iPad,1560.0,,3788,2,small,,,False,False,https://www.amazon.co.jp/dp/B0D3X7VTQG,,
3872,B0CGDPP4L8,pc,,Galaxy Tab S10 Ultra ケース Galaxy Tab S9 Ultra/Tab S8 Ultra ケー,1800.0,,3788,2,standard_1,,,False,False,https://www.amazon.co.jp/dp/B0CGDPP4L8,,
3873,B0DMDVBVLS,pc,,For iPad Air 13インチ ケース M4/M3/M2、2026/2025/2024 iPad Air 13イン,1760.0,,3788,2,small,,,False,False,https://www.amazon.co.jp/dp/B0DMDVBVLS,,
3874,B0BJ6DSCH8,pc,4580499822292,イーサプライ モニターアーム ポール取付 スプリング内蔵 3関節 耐荷重2-7kg 27インチまで 高さ調整 VESA ,4580.0,,3109,1,large_1,Yahoo,はずれ,False,False,https://www.amazon.co.jp/dp/B0BJ6DSCH8,Yahoo最安 JAN=4580499822292,
3875,B0DM917MJ8,pc,,iPad 9.7インチ ケース 2018/2017 iPad 9.7 2018/2017 カバー 透明バック【Troce,1323.0,,3788,2,small,,,False,False,https://www.amazon.co.jp/dp/B0DM917MJ8,,
3876,B0CGDJC879,pc,,iPad 9.7インチ ケース 2018/2017 iPad 9.7 2018/2017 カバー 透明バック【Troce,1470.0,,3788,2,small,,,False,False,https://www.amazon.co.jp/dp/B0CGDJC879,,
3877,B0DM8YZZKW,pc,,iPad Air 3 ケース iPad Pro 10.5 ケース ペンホルダー付き【Trocent】iPad Air 第,1314.0,,3788,2,small,,,False,False,https://www.amazon.co.jp/dp/B0DM8YZZKW,,
3878,B0CDC1RX9Y,pc,,ForiPad 11世代 ケース A16 (11インチ/2025) iPad 第10世代 ケース 10.9インチ 202,1460.0,,3788,2,small,,,False,False,https://www.amazon.co.jp/dp/B0CDC1RX9Y,,
3879,B09M8C29CN,pc,,Lifeinnotech はめ込み型 レッツノート FV5 (CF-FV5 /CF-FV4/FV3) 覗き見防止 保護フ,3136.0,,3113,2,standard_1,,,False,False,https://www.amazon.co.jp/dp/B09M8C29CN,,
3880,B09FP6N2W9,pc,,タブレット 三脚 スタンド フロアスタンド 固定 ホルダー 角度調整 高さ調整 縦置きスタンド ソファ タブレット置き ,1820.0,,3115,2,standard_1,,,False,False,https://www.amazon.co.jp/dp/B09FP6N2W9,,
3881,B0C1Z6VLTP,pc,6950376705174,Redragon M990 MMOゲーミングマウス、32000 DPI高精度有線RGBゲーマーマウス、23プログラマブル,7199.0,,3614,7,standard_1,Yahoo,はずれ,False,False,https://www.amazon.co.jp/dp/B0C1Z6VLTP,Yahoo最安 JAN=6950376705174,
3882,B088B3ZM76,pc,4897093823281,Redragon M913インパクトエリートワイヤレスゲーミングマウス、16000 DPI有線/無線RGBゲーマーマウス,7999.0,,3119,2,standard_1,Yahoo,はずれ,False,False,https://www.amazon.co.jp/dp/B088B3ZM76,Yahoo最安 JAN=4897093823281,
3883,B07HC4NBQ8,pc,0816617020870,Redragon 衝撃RGB 12 400DPI、高精度、19個 プログラマブルマウスボタンとサイドボタンレーザー有線ゲ,6085.0,,3119,3,standard_1,Yahoo,はずれ,False,False,https://www.amazon.co.jp/dp/B07HC4NBQ8,Yahoo最安 JAN=0816617020870,
3884,B0B5Z7ST3Z,pc,0755205290915,MINLU 5in1 リール式充電ケーブル 巻き取り式 マルチ充電 [MFi認証] PD100W/5.0A急速充電 スマ,2345.0,,2991,2,small,,,False,False,https://www.amazon.co.jp/dp/B0B5Z7ST3Z,,
3885,B0C58ZTR4K,pc,6950376718679,Redragon (レッドラゴン) M913 Impact Elite ワイヤレスゲーミングマウス 16000DPI 有,7599.0,,3614,3,standard_1,楽天,はずれ,False,False,https://www.amazon.co.jp/dp/B0C58ZTR4K,楽天最安 JAN=6950376718679,
3886,B09241T966,pc,4950190381594,バッファロー ウェブカメラ WEB 1080P フルHD fps 200 万画素 視野角 約81° Teams メーカー,2707.0,,3120,3,small,Yahoo,あやしい,False,False,https://www.amazon.co.jp/dp/B09241T966,Yahoo最安 JAN=4950190381594,
3887,B0FSK2L1WD,pc,,For Samsung Galaxy Tab S11 用 ケース カバー【KONXISA】タブレット 11インチ ケース,1690.0,,4412,2,standard_1,,,False,False,https://www.amazon.co.jp/dp/B0FSK2L1WD,,
3888,B0DXFDBDVV,pc,,Type C to ライトニング 変換 アダプタ 【2026新登場】USB C 変換 イヤホン 変換ケーブル 3in1 ,1399.0,,3126,2,small,,,False,False,https://www.amazon.co.jp/dp/B0DXFDBDVV,,
3889,B0GYNZR8N2,pc,,【2枚セッ専用ガラス保護】FOR NTTドコモ dtab d-51F 用のガラスフィルム 硬度9H 日本製素材旭硝子製 ,1280.0,,3128,2,small,,,False,False,https://www.amazon.co.jp/dp/B0GYNZR8N2,,
3890,B0D65TH8PY,pc,,iClever ゲーミングキーボード 赤軸 メカニカル キーボード 日本語配列 有線 フルサイズ 112キー 全キーロー,5176.0,,3619,2,standard_1,,,False,False,https://www.amazon.co.jp/dp/B0D65TH8PY,,
3891,B07T29JNP4,pc,0785648282703,LxTek ITH-6CL 7本セット エプソン用 インク イチョウ Epson用 いちょう ep-710a ep-70,1650.0,,2863,5,standard_1,Yahoo,はずれ,False,False,https://www.amazon.co.jp/dp/B07T29JNP4,Yahoo最安 JAN=0785648282703,
3892,B0017LF510,pc,4905524486438,SONY メモリースティック Pro Duo Mark2 2GB MS-MT2G,4800.0,,4081,9,small,Yahoo,原石,True,True,https://www.amazon.co.jp/dp/B0017LF510,Yahoo最安 JAN=4905524486438,
3893,B0017UJIDC,pc,4905524486421,SONY メモリースティック Pro Duo Mark2 1GB MS-MT1G,5980.0,,4080,4,small,Yahoo,原石,True,True,https://www.amazon.co.jp/dp/B0017UJIDC,Yahoo最安 JAN=4905524486421,
3894,B0017UJIEG,pc,4905524486452,"ソニー 著作権保護機能搭載IC記録メディア“メモリースティック PRO デュオ"" 8GB MS-MT8G 2T",8980.0,,4081,3,small,Yahoo,原石,True,True,https://www.amazon.co.jp/dp/B0017UJIEG,Yahoo最安 JAN=4905524486452,
3895,B0BLN8S2BV,pc,4719303552937,・RiDATA 1回録画用 片面2層 1-4倍速 ブルーレイディスク 50GB スピンドルケース 20枚入 ホワイトプリ,2980.0,,3137,2,standard_1,楽天,はずれ,False,False,https://www.amazon.co.jp/dp/B0BLN8S2BV,楽天最安 JAN=4719303552937,
3896,B0D6DWX8QH,pc,6926316311149,モバイルモニター 15.6インチ モバイルディスプレイ 自立型 Newsoul ポータブルモニター680g軽量 薄型 持,8999.0,,3137,2,standard_2,楽天,はずれ,False,False,https://www.amazon.co.jp/dp/B0D6DWX8QH,楽天最安 JAN=6926316311149,
3897,B0D24VN71B,pc,4582563858725,KIOXIA(キオクシア)【日本製】USBメモリ 256GB USB3.2 Gen1 ノックスライド式 国内サポート正規,6200.0,,3141,9,small,,,False,False,https://www.amazon.co.jp/dp/B0D24VN71B,,
3898,B0D2598W1M,pc,4582563858763,KIOXIA(キオクシア)【日本製】USBメモリ 64GB USB3.2 Gen1 ノックスライド式 国内サポート正規品,2980.0,,3139,5,small,楽天,はずれ,False,False,https://www.amazon.co.jp/dp/B0D2598W1M,楽天最安 JAN=4582563858763,
3899,B0D25H1612,pc,4582563858701,KIOXIA(キオクシア)【日本製】USBメモリ 64GB USB3.2 Gen1 ノックスライド式 国内サポート正規品,3450.0,,3142,4,small,楽天,はずれ,False,False,https://www.amazon.co.jp/dp/B0D25H1612,楽天最安 JAN=4582563858701,
3900,B09GNQX2DQ,pc,4969887314302,サンワサプライ ブルーレイディスク対応ファイルケース 128枚収納 ブラック FCD-FLBD128BK,1064.0,,2815,9,standard_1,楽天,はずれ,False,False,https://www.amazon.co.jp/dp/B09GNQX2DQ,楽天最安 JAN=4969887314302,
3901,B0D49NN28D,pc,0840006684152,CORSAIR RS140 ARGB PWM 140mm PCケースファン デイジーチェーン対応 デュアルパック ブラッ,3749.0,,3142,4,standard_1,Yahoo,はずれ,False,False,https://www.amazon.co.jp/dp/B0D49NN28D,Yahoo最安 JAN=0840006684152,
3902,B0BFGBCMLP,pc,4549550257954,エレコム ヘッドセット 有線 オーバーヘッド マイク付き 4極 3.5mm接続 [ ミュート機能 ボリューム調整 フレキ,1645.0,,3161,7,small,Yahoo,はずれ,False,False,https://www.amazon.co.jp/dp/B0BFGBCMLP,Yahoo最安 JAN=4549550257954,
3903,B0BB23562R,pc,4988755062800,シー・エフ・デー販売 CFD販売 CFD Standard ノートPC用 メモリ DDR4 2666 (PC4-2130,10000.0,,3149,5,small,楽天,はずれ,False,False,https://www.amazon.co.jp/dp/B0BB23562R,楽天最安 JAN=4988755062800,
3904,B0BB224MTP,pc,4988755062749,CFD販売 ノートPC用メモリ DDR4-2133 (PC4-17000) 4GB×1枚 (4GB) 相性保証 260p,5600.0,,3149,3,small,Yahoo,原石,True,True,https://www.amazon.co.jp/dp/B0BB224MTP,Yahoo最安 JAN=4988755062749,
3905,B0CCRS5651,pc,,LxTek Purify BCI-331XL BCI-330XL キヤノン用 インク 331 330 純正と併用可能 6,1779.0,,3153,5,small,,,False,False,https://www.amazon.co.jp/dp/B0CCRS5651,,
3906,B086QTS5YM,pc,8809636790048,FIDOセキュリティキー TrustKey T110 FIDO2 U2F 二要素認証 USBキー PIN+タッチ（非生体,3500.0,,3157,2,small,Yahoo,はずれ,False,False,https://www.amazon.co.jp/dp/B086QTS5YM,Yahoo最安 JAN=8809636790048,
3907,B0DNSNGDSB,pc,6971785944008,BENFEI 双方向 USB-C - DisplayPort 1.4 ケーブル（8K@60Hz / 4K@240Hz対応,1274.0,,3163,2,small,Yahoo,はずれ,False,False,https://www.amazon.co.jp/dp/B0DNSNGDSB,Yahoo最安 JAN=6971785944008,
3908,B0FW4Z2WX5,pc,,For Lenovo TAB8 ケース レノボ TAB8 11型 カバー 【Kibnco】軽量 薄型 耐衝撃 傷防止 P,1300.0,,2656,2,small,,,False,False,https://www.amazon.co.jp/dp/B0FW4Z2WX5,,
3909,B0BRZYP26M,pc,0712302285831,GPC Image Flex BCI-381XL BCI-380XL キャノン（canon）用 インク 380 381 ,1935.0,,2727,4,small,Yahoo,はずれ,False,False,https://www.amazon.co.jp/dp/B0BRZYP26M,Yahoo最安 JAN=0712302285831,
3910,B0C6KP9M6V,pc,6950376718600,Redragon M612 有線RGB光学ゲーミングマウス 8000 DPI リマッピングキー,3599.0,,3249,4,small,楽天,はずれ,False,False,https://www.amazon.co.jp/dp/B0C6KP9M6V,楽天最安 JAN=6950376718600,
3911,B0BCL75RZQ,pc,8093397909485,キヤノンインクカートリッジ371 370 XL Canon BCI-371XL+370XL/6MP 6色マルチパック+3,1488.0,,3181,2,small,楽天,はずれ,False,False,https://www.amazon.co.jp/dp/B0BCL75RZQ,楽天最安 JAN=8093397909485,
3912,B0D2WSN8JJ,pc,6950376723284,Redragon (レッドラゴン) M612 PRO RGB ゲーミングマウス 8000 DPI 有線/ワイヤレス光学マ,8661.0,,3181,7,small,,,False,False,https://www.amazon.co.jp/dp/B0D2WSN8JJ,,
3913,B0D2W7NV97,pc,6950376723307,Redragon(レッドドラゴン) M612 RGBゲーミングマウス、8000 DPI 有線光学マウス プログラム可能な,3599.0,,3181,3,small,楽天,はずれ,False,False,https://www.amazon.co.jp/dp/B0D2W7NV97,楽天最安 JAN=6950376723307,
3914,B08SJ5Z8JL,pc,0656942117230,Redragon M612 Predator RGB ゲーミングマウス 8000 DPI 有線光学ゲーマーマウス 11個,3299.0,,3181,5,small,楽天,はずれ,False,False,https://www.amazon.co.jp/dp/B08SJ5Z8JL,楽天最安 JAN=0656942117230,
3915,B0DVBN2M3M,pc,4549550355490,エレコム ビジネスバッグ ブリーフケース 自立式 スタンダード 撥水加工 ～13.3インチ ブラック BM-XCBSD0,3150.0,,3182,2,standard_1,Yahoo,はずれ,False,False,https://www.amazon.co.jp/dp/B0DVBN2M3M,Yahoo最安 JAN=4549550355490,
3916,B08HJ254DB,pc,0760557844006,トランセンド SDカード 64GB UHS-I U1 V10 Class10 (最大転送速度100MB/s)【データ復旧,4980.0,,3264,4,small,楽天,はずれ,False,False,https://www.amazon.co.jp/dp/B08HJ254DB,楽天最安 JAN=0760557844006,
3917,B0D4TJ2SY5,pc,6950376723277,Redragon (レッドラゴン) M612 PRO RGB ゲーミングマウス 8000DPI 有線/ワイヤレス光学マウ,7580.0,,3249,8,small,,,False,False,https://www.amazon.co.jp/dp/B0D4TJ2SY5,,
3918,B07JHFV3Q2,pc,0760557842767,トランセンドジャパン トランセンド SDカード 4GB Class10【データ復旧ソフト無償提供】TS4GSDC300S,4628.0,,3264,10,small,Yahoo,はずれ,False,False,https://www.amazon.co.jp/dp/B07JHFV3Q2,Yahoo最安 JAN=0760557842767,
3919,B09LV5WFBP,pc,0760557855200,トランセンドジャパン SDカード 128GB UHS-I U1 V10 Class10 (最大転送速度100MB/s)【,6980.0,,3264,8,small,Yahoo,はずれ,False,False,https://www.amazon.co.jp/dp/B09LV5WFBP,Yahoo最安 JAN=0760557855200,
3920,B07DVJGYF4,pc,0760557842033,トランセンド SDカード 32GB UHS-I U1 Class10 (最大転送速度100MB/s)【データ復旧ソフト無,4980.0,,3264,2,small,楽天,あやしい,False,False,https://www.amazon.co.jp/dp/B07DVJGYF4,楽天最安 JAN=0760557842033,
3921,B0CMXKZ1QJ,pc,4895252507850,TP-Link WiFi ルーター 無線ルーター AC1900 EasyMesh ギガビット対応 コンパクト WiFi5,4680.0,,3314,2,standard_1,Yahoo,はずれ,False,False,https://www.amazon.co.jp/dp/B0CMXKZ1QJ,Yahoo最安 JAN=4895252507850,
3922,B0GTPS55Z4,pc,4549550432429,エレコム マウスパッド リストレスト ロング 三層構造 ラバー滑り止め仕様 ブラック MOH-AS03LBK,1940.0,,2741,2,standard_1,Yahoo,はずれ,False,False,https://www.amazon.co.jp/dp/B0GTPS55Z4,Yahoo最安 JAN=4549550432429,
3923,B0GTPPWM8P,pc,4549550432436,エレコム マウスパッド リストレスト 三層構造 ラバー滑り止め仕様 ブラック MOH-AS03MBK,1390.0,,3191,2,standard_1,Yahoo,はずれ,False,False,https://www.amazon.co.jp/dp/B0GTPPWM8P,Yahoo最安 JAN=4549550432436,
3924,B00G3BYEKM,pc,4950190725978,バッファロー LANケーブル カテゴリ6 2m フラット ブルー BSLS6FU20BL2,1115.0,,3044,5,small,楽天,はずれ,False,False,https://www.amazon.co.jp/dp/B00G3BYEKM,楽天最安 JAN=4950190725978,
3925,B0F1FYTWQ6,pc,4711658151490,【エイデータ】 USBメモリ C008 レッド 64GB USB 2.0 AC008-64G-RKD-I,2456.0,,3489,4,small,Yahoo,あやしい,False,False,https://www.amazon.co.jp/dp/B0F1FYTWQ6,Yahoo最安 JAN=4711658151490,
3926,B00G3BYGBO,pc,4950190725817,バッファロー BUFFALO ツメの折れないLANケーブル カテゴリー6 ストレート フラット 10m ブルー BSLS,1728.0,,3044,8,small,Yahoo,はずれ,False,False,https://www.amazon.co.jp/dp/B00G3BYGBO,Yahoo最安 JAN=4950190725817,
3927,B0H2HG46N1,pc,0753252116417,モバイルモニター 15.6インチ 薄型 マグネット保護カバー スタンドカバー,3999.0,,4643,2,standard_1,,,False,False,https://www.amazon.co.jp/dp/B0H2HG46N1,,
3928,B0F4JZ4T1H,pc,4711658151537,【エイデータ】 USBメモリ C906 ブラック 32GB USB 2.0 AC906-32G-RBK-I,1491.0,,3199,10,small,Yahoo,はずれ,False,False,https://www.amazon.co.jp/dp/B0F4JZ4T1H,Yahoo最安 JAN=4711658151537,
3929,B0F1FXZJBK,pc,4711658151513,【エイデータ】 USBメモリ C906 ホワイト 32GB USB 2.0 AC906-32G-RWH-I,1566.0,,3199,5,small,Yahoo,はずれ,False,False,https://www.amazon.co.jp/dp/B0F1FXZJBK,Yahoo最安 JAN=4711658151513,
3930,B0F2SSFHGB,pc,4711658151476,【エイデータ】 USBメモリ C008 ブルー 32GB USB 2.0 AC008-32G-RWE-I,1640.0,,3489,6,small,Yahoo,はずれ,False,False,https://www.amazon.co.jp/dp/B0F2SSFHGB,Yahoo最安 JAN=4711658151476,
3931,B0F4K2CWDQ,pc,4711658151483,【エイデータ】 USBメモリ C008 レッド 32GB USB 2.0 AC008-32G-RKD-I,1831.0,,3489,3,small,Yahoo,はずれ,False,False,https://www.amazon.co.jp/dp/B0F4K2CWDQ,Yahoo最安 JAN=4711658151483,
3932,B0F4JZBDWN,pc,4711658151506,【エイデータ】 USBメモリ C008 ブルー 64GB USB 2.0 AC008-64G-RWE-I,2460.0,,3489,3,small,Yahoo,あやしい,False,False,https://www.amazon.co.jp/dp/B0F4JZBDWN,Yahoo最安 JAN=4711658151506,
3933,B0F4JWDLSN,pc,4711658151544,【エイデータ】 USBメモリ C906 ブラック 64GB USB 2.0 AC906-64G-RBK-I,1795.0,,3489,4,small,Yahoo,はずれ,False,False,https://www.amazon.co.jp/dp/B0F4JWDLSN,Yahoo最安 JAN=4711658151544,
3934,B0F1FX187C,pc,4711658151452,【エイデータ】 USBメモリ C008 ブルー 16GB USB 2.0 AC008-16G-RWE-I,1601.0,,3199,2,small,楽天,はずれ,False,False,https://www.amazon.co.jp/dp/B0F1FX187C,楽天最安 JAN=4711658151452,
3935,B07PNPH2TH,pc,5712443200439,13.3インチ 16:9 対応 ブルーライトカットフィルム 反射防止 保護フィルム アンチグレア 映り込み防止 指紋防止,1606.0,,3479,2,standard_1,楽天,はずれ,False,False,https://www.amazon.co.jp/dp/B07PNPH2TH,楽天最安 JAN=5712443200439,
3936,B07PPTQ2K3,pc,5712443200606,PCフィルター専門工房 23.8インチ 16:9 ブルーライトカット フィルム アンチグレア モニター 保護フィルム 反,3043.0,,3479,2,standard_1,楽天,はずれ,False,False,https://www.amazon.co.jp/dp/B07PPTQ2K3,楽天最安 JAN=5712443200606,
3937,B07PPT9S9X,pc,5712443200613,PCフィルター専門工房 24インチ 16:9 ブルーライトカット フィルム アンチグレア モニター 保護フィルム 反射防,2541.0,,3201,2,standard_1,楽天,はずれ,False,False,https://www.amazon.co.jp/dp/B07PPT9S9X,楽天最安 JAN=5712443200613,
3938,B07PMSLVQW,pc,5712443200415,12.1インチ 16:10 対応 ブルーライトカットフィルム 反射防止 保護フィルム アンチグレア 映り込み防止 指紋防,1605.0,,3479,2,standard_1,楽天,はずれ,False,False,https://www.amazon.co.jp/dp/B07PMSLVQW,楽天最安 JAN=5712443200415,
3939,B07PMSMDRG,pc,5712443200644,PCフィルター専門工房 27インチ 16:9 ブルーライトカット フィルム アンチグレア モニター 保護フィルム 反射防,3383.0,,3201,2,standard_1,楽天,はずれ,False,False,https://www.amazon.co.jp/dp/B07PMSMDRG,楽天最安 JAN=5712443200644,
3940,B07PPSTJSY,pc,5712443200460,15.6インチ 16:9 対応 ブルーライトカットフィルム 反射防止 保護フィルム アンチグレア 映り込み防止 指紋防止,1691.0,,3201,2,standard_1,Yahoo,はずれ,False,False,https://www.amazon.co.jp/dp/B07PPSTJSY,Yahoo最安 JAN=5712443200460,
3941,B0C7C6S5SY,pc,4711658151469,【エイデータ】 USBメモリ C008 レッド 16GB USB 2.0 AC008-16G-RKD-I,1601.0,,3489,3,small,Yahoo,はずれ,False,False,https://www.amazon.co.jp/dp/B0C7C6S5SY,Yahoo最安 JAN=4711658151469,
3942,B0F1FXQN1F,pc,4711658151520,【エイデータ】 USBメモリ C906 ホワイト 64GB USB 2.0 AC906-64G-RWH-I,1840.0,,3489,5,small,Yahoo,はずれ,False,False,https://www.amazon.co.jp/dp/B0F1FXQN1F,Yahoo最安 JAN=4711658151520,
3943,B07X8ZR28R,pc,4549550150057,エレコム ワコム 液タブ 液晶ペンタブレット Wacom Intuos Pro medium フィルム 紙のような描き心,2280.0,,4066,3,standard_1,Yahoo,はずれ,False,False,https://www.amazon.co.jp/dp/B07X8ZR28R,Yahoo最安 JAN=4549550150057,
3944,B07PMSM6HQ,pc,5712443200569,PCフィルター専門工房 21.5インチ 16:9 ブルーライトカット フィルム アンチグレア モニター 保護フィルム 反,2898.0,,3479,2,standard_1,Yahoo,はずれ,False,False,https://www.amazon.co.jp/dp/B07PMSM6HQ,Yahoo最安 JAN=5712443200569,
3945,B07PPTX61S,pc,5712443200453,14インチ 16:9 対応 ブルーライトカットフィルム 反射防止 保護フィルム アンチグレア 映り込み防止 指紋防止 抗,1606.0,,3479,2,standard_1,楽天,はずれ,False,False,https://www.amazon.co.jp/dp/B07PPTX61S,楽天最安 JAN=5712443200453,
3946,B07PNQZS16,pc,5712443200637,PCフィルター専門工房 24.5インチ 16:9 ブルーライトカット フィルム アンチグレア モニター 保護フィルム 反,2541.0,,3479,2,standard_1,Yahoo,はずれ,False,False,https://www.amazon.co.jp/dp/B07PNQZS16,Yahoo最安 JAN=5712443200637,
3947,B0FFH59CNV,car,0766045390826,Auto Spec 車 収納ボックス 3WAY ボックスクッション シートボックス 腰 クッション 簡単着脱 38L大容,2193.0,,3002,2,standard_1,楽天,はずれ,False,False,https://www.amazon.co.jp/dp/B0FFH59CNV,楽天最安 JAN=0766045390826,
3948,B01EFPCTFO,car,4514162227619,スペシャルパーツ武川 エアフローシートカバー ブラック 汎用 Lサイズ 520mmX930mm 09-11-0092,3154.0,,3291,8,standard_1,Yahoo,はずれ,False,False,https://www.amazon.co.jp/dp/B01EFPCTFO,Yahoo最安 JAN=4514162227619,
3949,B01EFOPVDW,car,4514162227466,スペシャルパーツ武川 エアフローシートカバー ブラック 汎用 XLサイズ 560mmX960mm 09-11-0091,3267.0,,3003,8,standard_1,Yahoo,はずれ,False,False,https://www.amazon.co.jp/dp/B01EFOPVDW,Yahoo最安 JAN=4514162227466,
3950,B0GQ2LL5CQ,car,4909449674451,デイトナ(Daytona) バイク グローブ 夏 メッシュ ハードプロテクター スマホ対応 メッシュハードナックルグロー,4216.0,,3787,7,small,Yahoo,はずれ,False,False,https://www.amazon.co.jp/dp/B0GQ2LL5CQ,Yahoo最安 JAN=4909449674451,
3951,B0GNR55RPQ,car,4909449675038,デイトナ(Daytona) バイク グローブ 夏 メッシュ ハードプロテクター スマホ対応 メッシュハードナックルグロー,4216.0,,3787,8,standard_1,Yahoo,はずれ,False,False,https://www.amazon.co.jp/dp/B0GNR55RPQ,Yahoo最安 JAN=4909449675038,
3952,B0F2F936JP,car,4909449655733,デイトナ(Daytona) バイク グローブ 夏 メッシュ ハードプロテクター スマホ対応 メッシュ エアプロテクティブ,4625.0,,3004,8,standard_1,Yahoo,はずれ,False,False,https://www.amazon.co.jp/dp/B0F2F936JP,Yahoo最安 JAN=4909449655733,
3953,B0GQ34PMCS,car,4909449674413,デイトナ(Daytona) バイク グローブ 夏 メッシュ ハードプロテクター スマホ対応 メッシュハードナックルグロー,4216.0,,3004,7,small,Yahoo,はずれ,False,False,https://www.amazon.co.jp/dp/B0GQ34PMCS,Yahoo最安 JAN=4909449674413,
3954,B0BZV38D9X,car,,SHAOHAO 新型 トヨタ クラウン クロスオーバー 16代目 35系 専用 サンシェード フロントガラス用 サンシェ,2500.0,,2310,2,standard_1,,,False,False,https://www.amazon.co.jp/dp/B0BZV38D9X,,
3955,B0GQ283GLG,car,4909449674550,デイトナ(Daytona) バイク グローブ 夏 メッシュ ハードプロテクター スマホ対応 メッシュハードナックルグロー,4216.0,,3787,7,small,Yahoo,はずれ,False,False,https://www.amazon.co.jp/dp/B0GQ283GLG,Yahoo最安 JAN=4909449674550,
3956,B0GQ27W65V,car,4909449675250,デイトナ(Daytona) バイク グローブ 夏 メッシュ ハードプロテクター スマホ対応 メッシュハードナックルグロー,4216.0,,3004,7,small,Yahoo,はずれ,False,False,https://www.amazon.co.jp/dp/B0GQ27W65V,Yahoo最安 JAN=4909449675250,
3957,B0H11J3T88,car,,SHAOHAO ランドクルーザー 70系 GDJ76W型 サンシェード カーシェード 日よけ用品 フロントガラス用 遮光,2500.0,,2310,2,standard_1,,,False,False,https://www.amazon.co.jp/dp/B0H11J3T88,,
3958,B0GNQ7BN12,car,4909449674956,デイトナ(Daytona) バイク グローブ 夏 メッシュ ハードプロテクター スマホ対応 メッシュハードナックルグロー,4070.0,,3004,7,small,Yahoo,はずれ,False,False,https://www.amazon.co.jp/dp/B0GNQ7BN12,Yahoo最安 JAN=4909449674956,
3959,B0GNQZ318Y,car,4909449674239,デイトナ(Daytona) バイク グローブ 夏 メッシュ ハードプロテクター スマホ対応 メッシュハードナックルグロー,4216.0,,3004,8,standard_1,Yahoo,はずれ,False,False,https://www.amazon.co.jp/dp/B0GNQZ318Y,Yahoo最安 JAN=4909449674239,
3960,B0GQ27TMPZ,car,4909449674475,デイトナ(Daytona) バイク グローブ 夏 メッシュ ハードプロテクター スマホ対応 メッシュハードナックルグロー,4216.0,,3004,6,small,Yahoo,はずれ,False,False,https://www.amazon.co.jp/dp/B0GQ27TMPZ,Yahoo最安 JAN=4909449674475,
3961,B08THNSTXY,car,4909449565834,デイトナ(Daytona) バイク グローブ 夏 メッシュ ハードプロテクター スマホ対応 カウレザー パンチング プロ,3998.0,,3004,2,standard_1,Yahoo,はずれ,False,False,https://www.amazon.co.jp/dp/B08THNSTXY,Yahoo最安 JAN=4909449565834,
3962,B0GNR9KNWT,car,4909449674895,デイトナ(Daytona) バイク グローブ 夏 メッシュ ハードプロテクター スマホ対応 メッシュハードナックルグロー,4009.0,,3785,8,small,Yahoo,はずれ,False,False,https://www.amazon.co.jp/dp/B0GNR9KNWT,Yahoo最安 JAN=4909449674895,
3963,B0GQ2SLFCC,car,4909449675298,デイトナ(Daytona) バイク グローブ 夏 メッシュ ハードプロテクター スマホ対応 メッシュハードナックルグロー,4216.0,,3004,7,small,Yahoo,はずれ,False,False,https://www.amazon.co.jp/dp/B0GQ2SLFCC,Yahoo最安 JAN=4909449675298,
3964,B08THL5ZZY,car,4909449565841,デイトナ(Daytona) バイク グローブ 夏 メッシュ ハードプロテクター スマホ対応 カウレザー パンチング プロ,3800.0,,3004,7,standard_1,Yahoo,はずれ,False,False,https://www.amazon.co.jp/dp/B08THL5ZZY,Yahoo最安 JAN=4909449565841,
3965,B0GNQLZPRY,car,4909449674253,デイトナ(Daytona) バイク グローブ 夏 メッシュ ハードプロテクター スマホ対応 メッシュハードナックルグロー,4216.0,,3785,8,small,Yahoo,はずれ,False,False,https://www.amazon.co.jp/dp/B0GNQLZPRY,Yahoo最安 JAN=4909449674253,
3966,B0GDZVH9CD,car,,SHAOHAO 改良加厚型 スズキ クロスビー MN71S サンシェード フロントガラス用 クロスビー MN71S カー,2480.0,,2313,2,standard_1,,,False,False,https://www.amazon.co.jp/dp/B0GDZVH9CD,,
3967,B0GQ2VXW7G,car,4909449674598,デイトナ(Daytona) バイク グローブ 夏 メッシュ ハードプロテクター スマホ対応 メッシュハードナックルグロー,4216.0,,3004,7,standard_1,Yahoo,はずれ,False,False,https://www.amazon.co.jp/dp/B0GQ2VXW7G,Yahoo最安 JAN=4909449674598,
3968,B0GQ2L9C9Y,car,4909449675212,デイトナ(Daytona) バイク グローブ 夏 メッシュ ハードプロテクター スマホ対応 メッシュハードナックルグロー,4216.0,,3785,6,standard_1,Yahoo,はずれ,False,False,https://www.amazon.co.jp/dp/B0GQ2L9C9Y,Yahoo最安 JAN=4909449675212,
3969,B0GNQGXB33,car,4909449674376,デイトナ(Daytona) バイク グローブ 夏 メッシュ ハードプロテクター スマホ対応 メッシュハードナックルグロー,4216.0,,3004,7,small,Yahoo,はずれ,False,False,https://www.amazon.co.jp/dp/B0GNQGXB33,Yahoo最安 JAN=4909449674376,
3970,B08THLVHM3,car,4909449565872,デイトナ(Daytona) バイク グローブ 夏 メッシュ ハードプロテクター スマホ対応 カウレザー パンチング プロ,4475.0,,3004,6,standard_1,楽天,はずれ,False,False,https://www.amazon.co.jp/dp/B08THLVHM3,楽天最安 JAN=4909449565872,
3971,B0F2FDGM18,car,4909449655757,デイトナ(Daytona) バイク グローブ 夏 メッシュ ハードプロテクター スマホ対応 メッシュ エアプロテクティブ,4923.0,,3787,8,standard_1,Yahoo,はずれ,False,False,https://www.amazon.co.jp/dp/B0F2FDGM18,Yahoo最安 JAN=4909449655757,
3972,B0GQ2PKMJD,car,4909449675113,デイトナ(Daytona) バイク グローブ 夏 メッシュ ハードプロテクター スマホ対応 メッシュハードナックルグロー,4216.0,,3787,7,standard_1,Yahoo,はずれ,False,False,https://www.amazon.co.jp/dp/B0GQ2PKMJD,Yahoo最安 JAN=4909449675113,
3973,B0GNRN7ZKP,car,4909449674857,デイトナ(Daytona) バイク グローブ 夏 メッシュ ハードプロテクター スマホ対応 メッシュハードナックルグロー,4216.0,,3785,7,standard_1,Yahoo,はずれ,False,False,https://www.amazon.co.jp/dp/B0GNRN7ZKP,Yahoo最安 JAN=4909449674857,
3974,B0F2FCRNHF,car,4909449655726,デイトナ(Daytona) バイク グローブ 夏 メッシュ ハードプロテクター スマホ対応 メッシュ エアプロテクティブ,4923.0,,3004,7,standard_1,Yahoo,はずれ,False,False,https://www.amazon.co.jp/dp/B0F2FCRNHF,Yahoo最安 JAN=4909449655726,
3975,B0GQ2SM5MW,car,4909449675137,デイトナ(Daytona) バイク グローブ 夏 メッシュ ハードプロテクター スマホ対応 メッシュハードナックルグロー,4216.0,,3004,6,standard_1,Yahoo,はずれ,False,False,https://www.amazon.co.jp/dp/B0GQ2SM5MW,Yahoo最安 JAN=4909449675137,
3976,B0GNQ8337L,car,4909449675076,デイトナ(Daytona) バイク グローブ 夏 メッシュ ハードプロテクター スマホ対応 メッシュハードナックルグロー,4216.0,,3787,8,standard_1,Yahoo,はずれ,False,False,https://www.amazon.co.jp/dp/B0GNQ8337L,Yahoo最安 JAN=4909449675076,
3977,B0GQ95SL23,car,4909449667545,デイトナ(Daytona) バイク グローブ 夏 メッシュ ハードプロテクター スマホ対応 フルメッシュ プロテクターグ,3980.0,,3004,8,standard_1,Yahoo,はずれ,False,False,https://www.amazon.co.jp/dp/B0GQ95SL23,Yahoo最安 JAN=4909449667545,
3978,B0GQ2LMJKX,car,4909449674635,デイトナ(Daytona) バイク グローブ 夏 メッシュ ハードプロテクター スマホ対応 メッシュハードナックルグロー,4216.0,,3004,7,standard_1,Yahoo,はずれ,False,False,https://www.amazon.co.jp/dp/B0GQ2LMJKX,Yahoo最安 JAN=4909449674635,
3979,B0GQ91WYD7,car,4909449667606,デイトナ(Daytona) バイク グローブ 夏 メッシュ ハードプロテクター スマホ対応 フルメッシュ プロテクターグ,3980.0,,3785,8,standard_1,Yahoo,はずれ,False,False,https://www.amazon.co.jp/dp/B0GQ91WYD7,Yahoo最安 JAN=4909449667606,
3980,B0GNQZDKV8,car,4909449674338,デイトナ(Daytona) バイク グローブ 夏 メッシュ ハードプロテクター スマホ対応 メッシュハードナックルグロー,4216.0,,3004,7,standard_1,Yahoo,はずれ,False,False,https://www.amazon.co.jp/dp/B0GNQZDKV8,Yahoo最安 JAN=4909449674338,
3981,B0GQ9H66LP,car,4909449667583,デイトナ(Daytona) バイク グローブ 夏 メッシュ ハードプロテクター スマホ対応 フルメッシュ プロテクターグ,3980.0,,3785,8,small,Yahoo,はずれ,False,False,https://www.amazon.co.jp/dp/B0GQ9H66LP,Yahoo最安 JAN=4909449667583,
3982,B0H149WKZL,car,,SHAOHAO レクサス IS 3代目 サンシェード ASE30 GSE3 AVE3 USE30型 カーシェード フロン,2500.0,,2310,2,standard_1,,,False,False,https://www.amazon.co.jp/dp/B0H149WKZL,,
3983,B0GNQ1WR3R,car,4909449674932,デイトナ(Daytona) バイク グローブ 夏 メッシュ ハードプロテクター スマホ対応 メッシュハードナックルグロー,4216.0,,3004,8,small,Yahoo,はずれ,False,False,https://www.amazon.co.jp/dp/B0GNQ1WR3R,Yahoo最安 JAN=4909449674932,
3984,B0GZNW9CWH,car,,【BIXUAN】マツダ CX-60 スマホホルダー CX60 KH系 / CX80 専用スマホホルダー 延長アーム付き,2100.0,,3007,2,small,,,False,False,https://www.amazon.co.jp/dp/B0GZNW9CWH,,
3985,B0C5MJ1PY6,car,4573512470044,GEONE レギュラー用 ガソリン添加剤 エンジンメンテナンス 燃費･パワー向上 性能回復 コンディション維持 カーボン,1680.0,,3009,3,small,Yahoo,はずれ,False,False,https://www.amazon.co.jp/dp/B0C5MJ1PY6,Yahoo最安 JAN=4573512470044,
3986,B0GDY2BNR7,car,,SHAOHAO 2025.12販売 トヨタ rva4 60系 サンシェード カーシェード 日よけ用品 フロントガラス用 ,1880.0,,3011,2,standard_1,,,False,False,https://www.amazon.co.jp/dp/B0GDY2BNR7,,
3987,B0H14F7X85,car,,SHAOHAO レクサスNX 10系 初代 AZ10型 サンシェード カーシェード 日よけ用品 フロントガラス用 遮光 ,2480.0,,2310,2,standard_1,,,False,False,https://www.amazon.co.jp/dp/B0H14F7X85,,
3988,B0GKFTLLB1,car,,SHAOHAO 日産 デイズ 2代目フロントガラス サンシェード デイズ B43W/B44W/B45W/B46W/B47,2250.0,,2310,2,standard_1,,,False,False,https://www.amazon.co.jp/dp/B0GKFTLLB1,,
3989,B0GKG83TCG,car,,SHAOHAO ホンダ N-ONE 2代目 JG3/JG4型 サンシェード フロントガラス 専用 車用UVカット 折り畳,1980.0,,3011,2,standard_1,,,False,False,https://www.amazon.co.jp/dp/B0GKG83TCG,,
3990,B0GF2DLXS7,car,,SHAOHAO (2025-現行) 新型 三菱 デリカミニ BA系 2代目 サンシェード BA1A/BA2A/BA5A/,2300.0,,2310,2,standard_1,,,False,False,https://www.amazon.co.jp/dp/B0GF2DLXS7,,
3991,B0GF152BBP,car,,SHAOHAO トヨタ プロボックス 160系 専用 サンシェード フロントガラス用 UVカット 日よけ 折り畳み式 N,2180.0,,3011,2,standard_1,,,False,False,https://www.amazon.co.jp/dp/B0GF152BBP,,
3992,B0GKFKF4CM,car,,SHAOHAO 新型 ホンダ ステップワゴン サンシェード RP1-RP5型 車種専用 吸盤付き 三角窓カバー UVカッ,2500.0,,2310,2,standard_1,,,False,False,https://www.amazon.co.jp/dp/B0GKFKF4CM,,
3993,B076CSQJP9,car,4967098723807,ボンフォーム(BONFORM) カーマット カットシェイプ 普通車 フロント 1枚 防水 丸洗いOK ズレ防止加工 フリ,1071.0,,4586,9,standard_1,楽天,はずれ,False,False,https://www.amazon.co.jp/dp/B076CSQJP9,楽天最安 JAN=4967098723807,
3994,B008E32W4W,car,4580318950717,バイクパーツセンター(Bike Parts Center) ヘルメット ハーフ 白ツバ パープルラメ フリーサイズ (頭,3189.0,,4552,2,standard_1,Yahoo,はずれ,False,False,https://www.amazon.co.jp/dp/B008E32W4W,Yahoo最安 JAN=4580318950717,
3995,B076CTWLWM,car,4967098723906,ボンフォーム(BONFORM) カーマット カットシェイプ 軽/普通車 フロント/リヤ兼用 1枚 防水 丸洗いOK ズレ,1428.0,,4586,7,standard_1,Yahoo,はずれ,False,False,https://www.amazon.co.jp/dp/B076CTWLWM,Yahoo最安 JAN=4967098723906,
3996,B00ITMQZ8M,car,4580318970456,バイクパーツセンター(Bike Parts Center) ヘルメット ハーフ 白ツバ マッドブラック フリーサイズ (,2892.0,,4552,3,standard_1,Yahoo,はずれ,False,False,https://www.amazon.co.jp/dp/B00ITMQZ8M,Yahoo最安 JAN=4580318970456,
3997,B007TM65TM,car,0818887011954,EX120　ギアボックス UPgreadバージョン（シリンジ8ml）,3500.0,,3017,2,small,,,False,False,https://www.amazon.co.jp/dp/B007TM65TM,,
3998,B002TUMKDE,car,4934154120160,キジマ(Kijima) グリップラバー 生ゴム 114X22.2mm 貫通タイプ 201-201,1579.0,,3018,10,small,楽天,はずれ,False,False,https://www.amazon.co.jp/dp/B002TUMKDE,楽天最安 JAN=4934154120160,
3999,B009NMSFXA,car,4934154125141,キジマ(Kijima) バイクパーツ グリップ ラバー製 125mm φ22.2mm 非貫通タイプ 汎用 ブラック 20,1217.0,,2332,8,small,楽天,はずれ,False,False,https://www.amazon.co.jp/dp/B009NMSFXA,楽天最安 JAN=4934154125141,
4000,B002TUIYGG,car,4934154120184,キジマ(Kijima) バイクパーツ グリップ ラバー製 128mm φ22.2mm 貫通タイプ 汎用 生ゴム 201-,1563.0,,2332,8,small,楽天,はずれ,False,False,https://www.amazon.co.jp/dp/B002TUIYGG,楽天最安 JAN=4934154120184,
4001,B00APB5U2W,car,4934154125158,キジマ(Kijima) バイクパーツ グリップラバー 125mmx22.2φ 非貫通 汎用 生ゴム 201-034,1332.0,,3018,10,small,楽天,はずれ,False,False,https://www.amazon.co.jp/dp/B00APB5U2W,楽天最安 JAN=4934154125158,
4002,B0FNR1BN13,car,,GRQ 超スリム 車用アームレスト TANTO用 タント対応 TANTO対応 LA650S LA660S コンソールボッ,2999.0,,3614,2,standard_1,,,False,False,https://www.amazon.co.jp/dp/B0FNR1BN13,,
4003,B0C9ZVC8V6,car,,WANDA バイクカバー 420D厚手 オートバイカバー 耐熱 溶けない 全天候型 【耐水圧5000pa・完全防水】 撥,3630.0,,3360,3,standard_1,,,False,False,https://www.amazon.co.jp/dp/B0C9ZVC8V6,,
4004,B0FYPX1NSF,car,,Nimin 水なし アロマディフューザー 車用 ディフューザー 芳香剤 コードレス 充電式 車載 卓上 兼用,5888.0,,4100,2,standard_1,,,False,False,https://www.amazon.co.jp/dp/B0FYPX1NSF,,
4005,B0FYPXGPBM,car,,Nimin 水を使わないアロマディフューザー 水なし 車載・家庭兼用 車連動 ディフューザー グリーン,5888.0,,3024,2,standard_1,,,False,False,https://www.amazon.co.jp/dp/B0FYPXGPBM,,
4006,B07DFSRMG1,car,4589849405680,雅(ミヤビ) 雅 極太ハンドルカバー NEWブレイクキルト ダブルステッチダイヤ S マットブラック×ブルー HC-BQ,4845.0,,2178,2,standard_1,楽天,はずれ,False,False,https://www.amazon.co.jp/dp/B07DFSRMG1,楽天最安 JAN=4589849405680,
4007,B07WP4WMQK,car,4909449524596,デイトナ(Daytona) バイク エアフィルター NS-1(91-99)など用 パワーアップ 荒目&細目コンビ ターボ,1548.0,,3033,9,standard_1,楽天,はずれ,False,False,https://www.amazon.co.jp/dp/B07WP4WMQK,楽天最安 JAN=4909449524596,
4008,B0GHWY9P1F,car,,【RUIYA】運転席用 トヨタ RAV4 50系 専用 ゴミ箱 ドアゴミ箱 ABS素材 ラブフォー ダストボックス 車用,2300.0,,1890,2,small,,,False,False,https://www.amazon.co.jp/dp/B0GHWY9P1F,,
4009,B0DSKDF76S,car,,CAPSOL AD VY12 強化イグニッションコイル 燃費改善 ハイパワー 馬力アップ 22448-ED000 224,3630.0,,4232,2,standard_1,,,False,False,https://www.amazon.co.jp/dp/B0DSKDF76S,,
4010,B0DSK2X6HJ,car,,CAPSOL ワゴンR MC22S 強化イグニッションコイル 燃費改善 ハイパワー 馬力アップ 33400-76G00 ,3850.0,,4232,2,standard_1,,,False,False,https://www.amazon.co.jp/dp/B0DSK2X6HJ,,
4011,B0DSMP4W6K,car,,CAPSOL M3 F80 強化イグニッションコイル 燃費改善 ハイパワー 馬力アップ 12138616153 1213,3190.0,,4232,2,standard_1,,,False,False,https://www.amazon.co.jp/dp/B0DSMP4W6K,,
4012,B0DSZL4W4S,car,,CAPSOL A5 8T 8F 強化イグニッションコイル 燃費改善 ハイパワー 馬力アップ 06F905115A 06F,3740.0,,4232,2,standard_1,,,False,False,https://www.amazon.co.jp/dp/B0DSZL4W4S,,
4013,B0DSP4X5PD,car,,CAPSOL ガイア ACM15G 強化イグニッションコイル 燃費改善 ハイパワー 馬力アップ 90919-02247 ,3520.0,,4232,2,standard_1,,,False,False,https://www.amazon.co.jp/dp/B0DSP4X5PD,,
4014,B0DSMP4S9M,car,,CAPSOL Z4 ツェットフィーア E85 2.2i 2.5i 3.0si 強化イグニッションコイル 燃費改善 ハイパ,3190.0,,4232,2,standard_1,,,False,False,https://www.amazon.co.jp/dp/B0DSMP4S9M,,
4015,B0DSKBL3CB,car,,CAPSOL CT ZWA10 強化イグニッションコイル 燃費改善 ハイパワー 馬力アップ 90919-02258 90,3300.0,,4232,2,standard_1,,,False,False,https://www.amazon.co.jp/dp/B0DSKBL3CB,,
4016,B0DSKFR655,car,,CAPSOL コンドル NSQ2F24 強化イグニッションコイル 燃費改善 ハイパワー 馬力アップ 22448-ED00,3630.0,,4232,2,standard_1,,,False,False,https://www.amazon.co.jp/dp/B0DSKFR655,,
4017,B0DSKCV2WD,car,,CAPSOL カローラルミオン ZRE154N 強化イグニッションコイル 燃費改善 ハイパワー 馬力アップ 90919-,3300.0,,4232,2,standard_1,,,False,False,https://www.amazon.co.jp/dp/B0DSKCV2WD,,
4018,B0DSMRJL7M,car,,CAPSOL R60 クロスオーバー クーパーALL4 強化イグニッションコイル 燃費改善 ハイパワー 馬力アップ 12,3190.0,,4232,2,standard_1,,,False,False,https://www.amazon.co.jp/dp/B0DSMRJL7M,,
4019,B0DSKQZK1V,car,,CAPSOL マーク2 MCV20W 強化イグニッションコイル 燃費改善 ハイパワー 馬力アップ 90080-19016,4180.0,,4232,2,standard_1,,,False,False,https://www.amazon.co.jp/dp/B0DSKQZK1V,,
4020,B0DSKG6MLL,car,,CAPSOL デュアリス KNJ10 強化イグニッションコイル 燃費改善 ハイパワー 馬力アップ 22448-ED000,3630.0,,4232,3,standard_1,,,False,False,https://www.amazon.co.jp/dp/B0DSKG6MLL,,
4021,B0DSP4K2RF,car,,CAPSOL アルファード ATH10W 強化イグニッションコイル 燃費改善 ハイパワー 馬力アップ 90919-022,3520.0,,4232,2,standard_1,,,False,False,https://www.amazon.co.jp/dp/B0DSP4K2RF,,
4022,B0DSPNGGSV,car,,CAPSOL ビスタアルデオ AZV50G 強化イグニッションコイル 燃費改善 ハイパワー 馬力アップ 90919-02,3520.0,,4232,2,standard_1,,,False,False,https://www.amazon.co.jp/dp/B0DSPNGGSV,,
4023,B0DSKPY7R7,car,,CAPSOL ハリアー MCU31W 強化イグニッションコイル 燃費改善 ハイパワー 馬力アップ 90080-19016,4180.0,,4232,2,standard_1,,,False,False,https://www.amazon.co.jp/dp/B0DSKPY7R7,,
4024,B0DT5NGYK3,car,,CAPSOL ゴルフ5 1K 強化イグニッションコイル 燃費改善 ハイパワー 馬力アップ 036905715G 0369,3740.0,,4232,3,standard_1,,,False,False,https://www.amazon.co.jp/dp/B0DT5NGYK3,,
4025,B0DSMRJBKQ,car,,CAPSOL X3 F25 20iX 28iX 35iX 強化イグニッションコイル 燃費改善 ハイパワー 馬力アップ 1,3190.0,,4232,2,standard_1,,,False,False,https://www.amazon.co.jp/dp/B0DSMRJBKQ,,
4026,B0DSMQCS7R,car,,CAPSOL 3シリーズ F34 320i 328i 335i 強化イグニッションコイル 燃費改善 ハイパワー 馬力アッ,3190.0,,4232,2,standard_1,,,False,False,https://www.amazon.co.jp/dp/B0DSMQCS7R,,
4027,B0DSKDJWH3,car,,CAPSOL キューブ NZ12 強化イグニッションコイル 燃費改善 ハイパワー 馬力アップ 22448-ED000 2,3630.0,,4232,2,standard_1,,,False,False,https://www.amazon.co.jp/dp/B0DSKDJWH3,,
4028,B0DSMMB63X,car,,CAPSOL R56 3ドア ジョンクーパーワークス JCW 強化イグニッションコイル 燃費改善 ハイパワー 馬力アップ,3190.0,,4232,2,standard_1,,,False,False,https://www.amazon.co.jp/dp/B0DSMMB63X,,
4029,B0DSPNFGRR,car,,CAPSOL サクシード NCP160V 強化イグニッションコイル 燃費改善 ハイパワー 馬力アップ 90919-022,3520.0,,4232,2,standard_1,,,False,False,https://www.amazon.co.jp/dp/B0DSPNFGRR,,
4030,B0DSMNJX6S,car,,CAPSOL 6シリーズ F12 640i 650i 強化イグニッションコイル 燃費改善 ハイパワー 馬力アップ 121,3190.0,,4232,2,standard_1,,,False,False,https://www.amazon.co.jp/dp/B0DSMNJX6S,,
4031,B0DSNZKJX8,car,,CAPSOL RAV4 ACA36W 強化イグニッションコイル 燃費改善 ハイパワー 馬力アップ 90919-02247,3520.0,,4232,2,standard_1,,,False,False,https://www.amazon.co.jp/dp/B0DSNZKJX8,,
4032,B0DSP2J1GT,car,,CAPSOL カローラ フィールダー NZE121G 強化イグニッションコイル 燃費改善 ハイパワー 馬力アップ 909,3520.0,,4232,2,standard_1,,,False,False,https://www.amazon.co.jp/dp/B0DSP2J1GT,,
4033,B0DSZGQ55X,car,,CAPSOL シャラン 7N 強化イグニッションコイル 燃費改善 ハイパワー 馬力アップ 06F905115A 06F9,3740.0,,4232,2,standard_1,,,False,False,https://www.amazon.co.jp/dp/B0DSZGQ55X,,
4034,B0DSKD3TP1,car,,CAPSOL ノート E11 強化イグニッションコイル 燃費改善 ハイパワー 馬力アップ 22448-ED000 224,3630.0,,4232,2,standard_1,,,False,False,https://www.amazon.co.jp/dp/B0DSKD3TP1,,
4035,B0DSMQ94VV,car,,CAPSOL 1シリーズ F20 116i 118i 120i M135i 強化イグニッションコイル 燃費改善 ハイパワ,3190.0,,4232,2,standard_1,,,False,False,https://www.amazon.co.jp/dp/B0DSMQ94VV,,
4036,B0DSP2S118,car,,CAPSOL ウィッシュ ANE10G 強化イグニッションコイル 燃費改善 ハイパワー 馬力アップ 90919-0224,3520.0,,4232,2,standard_1,,,False,False,https://www.amazon.co.jp/dp/B0DSP2S118,,
4037,B0DSP7JTXK,car,,CAPSOL ナディア ACN10H 強化イグニッションコイル 燃費改善 ハイパワー 馬力アップ 90919-02247,3520.0,,4232,2,standard_1,,,False,False,https://www.amazon.co.jp/dp/B0DSP7JTXK,,
4038,B0DSPRLZCZ,car,,CAPSOL ポルテ NCP145 強化イグニッションコイル 燃費改善 ハイパワー 馬力アップ 90919-02247 ,3520.0,,4232,2,standard_1,,,False,False,https://www.amazon.co.jp/dp/B0DSPRLZCZ,,
4039,B0DSPGZPNH,car,,CAPSOL ヴァンガード ACA38W 強化イグニッションコイル 燃費改善 ハイパワー 馬力アップ 90919-022,3520.0,,4232,2,standard_1,,,False,False,https://www.amazon.co.jp/dp/B0DSPGZPNH,,
4040,B0DSNKTQZP,car,,CAPSOL Z4 ツェットフィーア E86 3.0si M3.2 強化イグニッションコイル 燃費改善 ハイパワー 馬力,3190.0,,4232,2,standard_1,,,False,False,https://www.amazon.co.jp/dp/B0DSNKTQZP,,
4041,B0DSNXTT5N,car,,CAPSOL サクシード NCP58G 強化イグニッションコイル 燃費改善 ハイパワー 馬力アップ 90919-0224,3740.0,,4232,2,standard_1,,,False,False,https://www.amazon.co.jp/dp/B0DSNXTT5N,,
4042,B0DSP4KMWT,car,,CAPSOL IS GSE20 強化イグニッションコイル 燃費改善 ハイパワー 馬力アップ 90919-02250 90,3300.0,,4232,2,standard_1,,,False,False,https://www.amazon.co.jp/dp/B0DSP4KMWT,,
4043,B0DSP9P1CG,car,,CAPSOL ランドクルーザープラド GRJ120W 強化イグニッションコイル 燃費改善 ハイパワー 馬力アップ 909,3520.0,,4232,2,standard_1,,,False,False,https://www.amazon.co.jp/dp/B0DSP9P1CG,,
4044,B0DSK2Q26N,car,,CAPSOL Kei HN11S 強化イグニッションコイル 燃費改善 ハイパワー 馬力アップ 33400-76G00 3,3850.0,,4232,2,standard_1,,,False,False,https://www.amazon.co.jp/dp/B0DSK2Q26N,,
4045,B0DSNY34FZ,car,,CAPSOL RC GSC10 強化イグニッションコイル 燃費改善 ハイパワー 馬力アップ 90919-02250 90,3300.0,,4232,2,standard_1,,,False,False,https://www.amazon.co.jp/dp/B0DSNY34FZ,,
4046,B0DSKFVG65,car,,CAPSOL ブルーバードシルフィ NG11 強化イグニッションコイル 燃費改善 ハイパワー 馬力アップ 22448-E,3630.0,,4232,2,standard_1,,,False,False,https://www.amazon.co.jp/dp/B0DSKFVG65,,
4047,B0DSPQBH94,car,,CAPSOL レジアスエース TRH122K 強化イグニッションコイル 燃費改善 ハイパワー 馬力アップ 90919-0,3520.0,,4232,2,standard_1,,,False,False,https://www.amazon.co.jp/dp/B0DSPQBH94,,
4048,B0DSKDFMNS,car,,CAPSOL キャラバン CSGE25 強化イグニッションコイル 燃費改善 ハイパワー 馬力アップ 22448-ED00,3630.0,,4232,2,standard_1,,,False,False,https://www.amazon.co.jp/dp/B0DSKDFMNS,,
4049,B0DT5LHV2H,car,,CAPSOL ニュービートル 9C 1C 1Y 強化イグニッションコイル 燃費改善 ハイパワー 馬力アップ 036905,3740.0,,4232,2,standard_1,,,False,False,https://www.amazon.co.jp/dp/B0DT5LHV2H,,
4050,B0DSPFV1JB,car,,CAPSOL IS GSE35 強化イグニッションコイル 燃費改善 ハイパワー 馬力アップ 90919-02250 90,3300.0,,4232,2,standard_1,,,False,False,https://www.amazon.co.jp/dp/B0DSPFV1JB,,
4051,B0DSK2NM5X,car,,CAPSOL フレアワゴン MM21S 強化イグニッションコイル 燃費改善 ハイパワー 馬力アップ 1A03-18-10,3850.0,,4232,2,standard_1,,,False,False,https://www.amazon.co.jp/dp/B0DSK2NM5X,,
4052,B0DSMX4CXQ,car,,CAPSOL WILL サイファ NCP70 強化イグニッションコイル 燃費改善 ハイパワー 馬力アップ 90919-0,3740.0,,4232,2,standard_1,,,False,False,https://www.amazon.co.jp/dp/B0DSMX4CXQ,,
4053,B0DSPFN2Q8,car,,CAPSOL アベンシス AZT251 強化イグニッションコイル 燃費改善 ハイパワー 馬力アップ 90919-0224,3520.0,,4232,2,standard_1,,,False,False,https://www.amazon.co.jp/dp/B0DSPFN2Q8,,
4054,B0DSKBX7XM,car,,CAPSOL アリオン ZRT260 強化イグニッションコイル 燃費改善 ハイパワー 馬力アップ 90919-02258,3300.0,,4232,2,standard_1,,,False,False,https://www.amazon.co.jp/dp/B0DSKBX7XM,,
4055,B0DSK2MW9J,car,,CAPSOL エブリィ DA52V 強化イグニッションコイル 燃費改善 ハイパワー 馬力アップ 33400-76G00 ,3850.0,,4232,2,standard_1,,,False,False,https://www.amazon.co.jp/dp/B0DSK2MW9J,,
4056,B0DSK3F6BY,car,,CAPSOL ワゴンR MH22S 強化イグニッションコイル 燃費改善 ハイパワー 馬力アップ 33400-76G00 ,3850.0,,4232,2,standard_1,,,False,False,https://www.amazon.co.jp/dp/B0DSK3F6BY,,
4057,B0DSKDQ4CF,car,,CAPSOL NV350 キャラバン DS4E26 強化イグニッションコイル 燃費改善 ハイパワー 馬力アップ 2244,3630.0,,4232,2,standard_1,,,False,False,https://www.amazon.co.jp/dp/B0DSKDQ4CF,,
4058,B0DSK2WLLY,car,,CAPSOL Kei HN12S 強化イグニッションコイル 燃費改善 ハイパワー 馬力アップ 33400-76G00 3,3850.0,,4232,2,standard_1,,,False,False,https://www.amazon.co.jp/dp/B0DSK2WLLY,,
4059,B0DSZLHRZK,car,,CAPSOL Q5 8R 強化イグニッションコイル 燃費改善 ハイパワー 馬力アップ 06F905115A 06F905,3740.0,,4232,2,standard_1,,,False,False,https://www.amazon.co.jp/dp/B0DSZLHRZK,,
4060,B0DSK335HJ,car,,CAPSOL ルークス ML21S 強化イグニッションコイル 燃費改善 ハイパワー 馬力アップ 22448-4A01A ,3850.0,,4232,2,standard_1,,,False,False,https://www.amazon.co.jp/dp/B0DSK335HJ,,
4061,B0D3PV9FT6,car,4580052328285,プリウス30系 サンシェード フロントガラス 車種専用 ZVW30 ZVW35 (2009～2015) 車用サンシェード,1998.0,,3492,2,standard_1,楽天,はずれ,False,False,https://www.amazon.co.jp/dp/B0D3PV9FT6,楽天最安 JAN=4580052328285,
4062,B0F3JSJNQG,car,,ハスラー サンシェード フロント MR52S MR92S（2020年1月～現行）専用 フロントガラス用 日よけシェード ,2177.0,,3492,2,standard_1,,,False,False,https://www.amazon.co.jp/dp/B0F3JSJNQG,,
4063,B0148ID3GM,car,4960169016532,BAL(大橋産業) ガソリン携行缶 20L No.1653,5220.0,,5280,4,large_1,Yahoo,はずれ,False,False,https://www.amazon.co.jp/dp/B0148ID3GM,Yahoo最安 JAN=4960169016532,
4064,B0H147GLZ8,car,,SHAOHA トヨタ アクア（2代目）MXPK1型 サンシェード カーシェード 日よけ用品 フロントガラス用 遮光 遮熱,2400.0,,2310,2,standard_1,,,False,False,https://www.amazon.co.jp/dp/B0H147GLZ8,,
4065,B0148ICXB8,car,4960169016518,BAL(大橋産業) ガソリン携行缶 5L No.1651,3850.0,,3044,6,large_1,Yahoo,はずれ,False,False,https://www.amazon.co.jp/dp/B0148ICXB8,Yahoo最安 JAN=4960169016518,
4066,B0H11L6Z33,car,,SHAOHAO スズキ ハスラー MR52S MR92S 2代目 サンシェード カーシェード 日よけ用品 フロントガラス,2180.0,,2310,2,standard_1,,,False,False,https://www.amazon.co.jp/dp/B0H11L6Z33,,
4067,B0148ICYC6,car,4960169016525,BAL(大橋産業) ガソリン携行缶 10L No.1652,4193.0,,3044,7,large_1,Yahoo,はずれ,False,False,https://www.amazon.co.jp/dp/B0148ICYC6,Yahoo最安 JAN=4960169016525,
4068,B00ITMR018,car,4580318968842,バイクパーツセンター ヘルメット ハーフ ロングダックテール ガンメタリック フリーサイズ (頭囲 57cm~60cm未,3742.0,,3045,3,standard_1,Yahoo,はずれ,False,False,https://www.amazon.co.jp/dp/B00ITMR018,Yahoo最安 JAN=4580318968842,
4069,B0GHRHVVCS,car,,ZUNDUO 日産 エルグランド ELGRAND E52 3代目 2010年8月- 現行 専用 ダッシュボードマット,2699.0,,3045,2,standard_1,,,False,False,https://www.amazon.co.jp/dp/B0GHRHVVCS,,
4070,B00ITMR1QM,car,4580318970500,バイクパーツセンター ヘルメット ハーフ ロングダックテール マットブラック フリーサイズ (頭囲 57cm~60cm未,3203.0,,3045,3,standard_1,Yahoo,はずれ,False,False,https://www.amazon.co.jp/dp/B00ITMR1QM,Yahoo最安 JAN=4580318970500,
4071,B0GJSDTX42,car,,ZUNDUO ホンダ N-ONE JG3 / JG4 2020年 - 現行 専用 ダッシュボードマット,2719.0,,3045,2,standard_1,,,False,False,https://www.amazon.co.jp/dp/B0GJSDTX42,,
4072,B00ITMQT2O,car,4580318968811,バイクパーツセンター ヘルメット ハーフ ロングダックテール ホワイト フリーサイズ (頭囲 57cm~60cm未満) ,2818.0,,3045,4,standard_1,楽天,はずれ,False,False,https://www.amazon.co.jp/dp/B00ITMQT2O,楽天最安 JAN=4580318968811,
4073,B0GJ5VY171,car,,ZUNDUO トヨタ 新型 RAV4 50系 2019~現行 専用 ダッシュボードマット,2609.0,,3045,2,standard_1,,,False,False,https://www.amazon.co.jp/dp/B0GJ5VY171,,
4074,B0GJSB2HYJ,car,,ZUNDUO トヨタ 新型 プリウス 60系 ZVW60 MXWH60 2023年1月~現行 専用 ダッシュボードマット,2582.0,,3045,2,standard_1,,,False,False,https://www.amazon.co.jp/dp/B0GJSB2HYJ,,
4075,B0GJ3B44XX,car,,ZUNDUO スズキ スペーシア 2代目 MK53S 2017-現行専用 ダッシュボードマット HUD付けに対応,2825.0,,3045,2,standard_1,,,False,False,https://www.amazon.co.jp/dp/B0GJ3B44XX,,
4076,B0GHXFJVJB,car,,ZUNDUO トヨタ アルファード/ヴェルファイア 30系 2015年-現行 専用 ダッシュボードマット,3398.0,,3045,2,standard_1,,,False,False,https://www.amazon.co.jp/dp/B0GHXFJVJB,,
4077,B0GHQBYM6B,car,,ZUNDUO 三菱 D5-R デリカ 2019年2月以前 専用 ダッシュボードマット,2879.0,,3045,2,standard_1,,,False,False,https://www.amazon.co.jp/dp/B0GHQBYM6B,,
4078,B0GJ6B8HSF,car,,ZUNDUO トヨタ ヤリスクロス 10系 15系 2020年8月-現行 専用 ダッシュボードマット (HUD付き),2323.0,,3045,2,standard_1,,,False,False,https://www.amazon.co.jp/dp/B0GJ6B8HSF,,
4079,B0GHQZQRF2,car,,ZUNDUO 日産 ノート NOTE e-POWER E13 専用 ダッシュボードマット,2609.0,,3045,2,standard_1,,,False,False,https://www.amazon.co.jp/dp/B0GHQZQRF2,,
4080,B0GHR9D3QY,car,,ZUNDUO アルファード ヴェルファイア 20系 2008年5月～2015年1月 専用 ダッシュボードマット,2745.0,,3045,2,standard_1,,,False,False,https://www.amazon.co.jp/dp/B0GHR9D3QY,,
4081,B0H5VY1CBT,car,,ZUNDUO 新型 マツダ MX-5 ロードスター 2015-2023 専用 ダッシュボードカバー ND RF MIAT,2124.0,,3045,2,standard_1,,,False,False,https://www.amazon.co.jp/dp/B0H5VY1CBT,,
4082,B00ITMQVDQ,car,4580318968828,バイクパーツセンター ヘルメット ハーフ ロングダックテール アイボリー フリーサイズ (頭囲 57cm~60cm未満),4160.0,,3045,3,standard_1,楽天,はずれ,False,False,https://www.amazon.co.jp/dp/B00ITMQVDQ,楽天最安 JAN=4580318968828,
4083,B00ITMQY5Q,car,4580318968835,バイクパーツセンター ヘルメット ハーフ ロングダックテール シルバー フリーサイズ (頭囲 57cm~60cm未満) ,3742.0,,3045,3,standard_1,Yahoo,はずれ,False,False,https://www.amazon.co.jp/dp/B00ITMQY5Q,Yahoo最安 JAN=4580318968835,
4084,B0GHR2DK4L,car,,ZUNDUO 日産 エクストレイル X-TRAIL 4代目 2022年7月~現行 専用 ダッシュボードマット (HUD付,2699.0,,3045,2,standard_1,,,False,False,https://www.amazon.co.jp/dp/B0GHR2DK4L,,
4085,B0GLFPH5C1,car,,ZUNDUO トヨタ ヤリスクロス 10系 15系 2020年8月-現行 専用 ダッシュボードマット (HUD無し),2699.0,,3045,2,standard_1,,,False,False,https://www.amazon.co.jp/dp/B0GLFPH5C1,,
4086,B0GHX76BJT,car,,ZUNDUO ホンダ フィット シャトル ハイブリッド 専用 ダッシュボードマット,2429.0,,3045,2,standard_1,,,False,False,https://www.amazon.co.jp/dp/B0GHX76BJT,,
4087,B00ITMQQEK,car,4580318968804,バイクパーツセンター ヘルメット ハーフ ロングダックテール ブラック フリーサイズ (頭囲 57cm~60cm未満) ,3077.0,,3489,2,standard_1,楽天,はずれ,False,False,https://www.amazon.co.jp/dp/B00ITMQQEK,楽天最安 JAN=4580318968804,
4088,B0GHR5S45L,car,,ZUNDUO マツダ CX-5 KF系 2016年～現行 専用 ダッシュボードマット,2339.0,,3045,2,standard_1,,,False,False,https://www.amazon.co.jp/dp/B0GHR5S45L,,
4089,B0GHNBBWLS,car,,ZUNDUO 三菱 デリカ D5 後期 2019-現行 専用 ダッシュボードマット,2936.0,,3045,2,standard_1,,,False,False,https://www.amazon.co.jp/dp/B0GHNBBWLS,,
4090,B0GJ4V9TJG,car,,ZUNDUO スズキ スペーシア 2代目 MK53S 2017-現行 専用 ダッシュボードマット,2879.0,,3045,2,standard_1,,,False,False,https://www.amazon.co.jp/dp/B0GJ4V9TJG,,
4091,B0GHQV3Z85,car,,ZUNDUO スズキ ハスラー２代目 2020 2021 専用 ダッシュボードマット,2609.0,,3045,2,standard_1,,,False,False,https://www.amazon.co.jp/dp/B0GHQV3Z85,,
4092,B00LEBUBNK,car,4562386939528,ワコーズ(WAKOS) MTL多目的防性・潤滑スプレー A334 [HTRC2.1],2098.0,,2433,10,standard_1,Yahoo,はずれ,False,False,https://www.amazon.co.jp/dp/B00LEBUBNK,Yahoo最安 JAN=4562386939528,
4093,B0DSP6KY4N,car,,CAPSOL ブレイド AZE156H 強化イグニッションコイル 燃費改善 ハイパワー 馬力アップ 90919-0224,3520.0,,4232,2,standard_1,,,False,False,https://www.amazon.co.jp/dp/B0DSP6KY4N,,
4094,B0DSKQDCP1,car,,CAPSOL エスティマ MCR40W 強化イグニッションコイル 燃費改善 ハイパワー 馬力アップ 90080-1901,4180.0,,4232,2,standard_1,,,False,False,https://www.amazon.co.jp/dp/B0DSKQDCP1,,
4095,B0DSMRKYY1,car,,CAPSOL R57 カブリオレ ワン 強化イグニッションコイル 燃費改善 ハイパワー 馬力アップ 1213861615,3190.0,,4232,2,standard_1,,,False,False,https://www.amazon.co.jp/dp/B0DSMRKYY1,,
4096,B0DT11VK1D,car,,CAPSOL 5シリーズ E60 525i 530i 545i 550i 強化イグニッションコイル 燃費改善 ハイパワー,3300.0,,4232,2,standard_1,,,False,False,https://www.amazon.co.jp/dp/B0DT11VK1D,,
4097,B0DSK2K85J,car,,CAPSOL アルト HA25S 強化イグニッションコイル 燃費改善 ハイパワー 馬力アップ 33400-76G00 3,3850.0,,4232,2,standard_1,,,False,False,https://www.amazon.co.jp/dp/B0DSK2K85J,,
4098,B0DSP64JPG,car,,CAPSOL ヴィッツ NCP95 強化イグニッションコイル 燃費改善 ハイパワー 馬力アップ 90919-02240 ,3740.0,,4232,2,standard_1,,,False,False,https://www.amazon.co.jp/dp/B0DSP64JPG,,
4099,B0DSKRP1NW,car,,CAPSOL アルファード MNH10W 強化イグニッションコイル 燃費改善 ハイパワー 馬力アップ 90080-190,4180.0,,4232,2,standard_1,,,False,False,https://www.amazon.co.jp/dp/B0DSKRP1NW,,
4100,B0DSP1Y74P,car,,CAPSOL iQ NGJ10 強化イグニッションコイル 燃費改善 ハイパワー 馬力アップ 90919-02250 90,3300.0,,4232,2,standard_1,,,False,False,https://www.amazon.co.jp/dp/B0DSP1Y74P,,
4101,B0DSPDK683,car,,CAPSOL RC USC10 強化イグニッションコイル 燃費改善 ハイパワー 馬力アップ 90919-02247 90,3520.0,,4232,4,standard_1,,,False,False,https://www.amazon.co.jp/dp/B0DSPDK683,,
4102,B0DSPDT9T7,car,,CAPSOL ノア AZR65G 強化イグニッションコイル 燃費改善 ハイパワー 馬力アップ 90919-02247 9,3520.0,,4232,2,standard_1,,,False,False,https://www.amazon.co.jp/dp/B0DSPDT9T7,,
4103,B0DSKG7YYM,car,,CAPSOL キューブ キュービック YGNZ11 強化イグニッションコイル 燃費改善 ハイパワー 馬力アップ 2244,3630.0,,4232,2,standard_1,,,False,False,https://www.amazon.co.jp/dp/B0DSKG7YYM,,
4104,B0DSP63X22,car,,CAPSOL ヴィッツ NCP10 強化イグニッションコイル 燃費改善 ハイパワー 馬力アップ 90919-02240 ,3740.0,,4232,2,standard_1,,,False,False,https://www.amazon.co.jp/dp/B0DSP63X22,,
4105,B0DSMM7898,car,,CAPSOL 6シリーズ F13 640i 650i 強化イグニッションコイル 燃費改善 ハイパワー 馬力アップ 121,3190.0,,4232,2,standard_1,,,False,False,https://www.amazon.co.jp/dp/B0DSMM7898,,
4106,B0DSP4PB2T,car,,CAPSOL トレジア NSP120X 強化イグニッションコイル 燃費改善 ハイパワー 馬力アップ 90919-0225,3300.0,,4232,2,standard_1,,,False,False,https://www.amazon.co.jp/dp/B0DSP4PB2T,,
4107,B0DSP22C6M,car,,CAPSOL レジアスエース TRH228B 強化イグニッションコイル 燃費改善 ハイパワー 馬力アップ 90919-0,3520.0,,4232,3,standard_1,,,False,False,https://www.amazon.co.jp/dp/B0DSP22C6M,,
4108,B0DSKBSXZ5,car,,CAPSOL ノア ZWR80G 強化イグニッションコイル 燃費改善 ハイパワー 馬力アップ 90919-02258 9,3300.0,,4232,2,standard_1,,,False,False,https://www.amazon.co.jp/dp/B0DSKBSXZ5,,
4109,B0031XVTIA,car,4521407094295,ヤマハ発動機(Yamaha) ヤマルーブ スーパーチェーンオイル ドライ(ホワイトタイプ) 500ml 90793-40,1800.0,,3052,6,standard_1,楽天,はずれ,False,False,https://www.amazon.co.jp/dp/B0031XVTIA,楽天最安 JAN=4521407094295,
4110,B0833BBP4F,car,4977292156738,SK11(エスケー11) 液体研磨剤 コンパウンド 鏡・ガラス用 50cc #10000 SEK-6,1082.0,,3054,10,small,Yahoo,はずれ,False,False,https://www.amazon.co.jp/dp/B0833BBP4F,Yahoo最安 JAN=4977292156738,
4111,B0GY33WMMK,car,,自転車 空気入れ 電動空気入れ 【2026年登場&最大150PSI高速充填】 自転車用携帯エアポンプ 電動エアポンプ 7,3021.0,,3055,3,standard_1,,,False,False,https://www.amazon.co.jp/dp/B0GY33WMMK,,
4112,B01KZ1R97K,car,,HONDA ホンダ純正 スーパー長寿命冷却液・E-ロングライフクーラント 1L(青色) 補充用・希釈済 08CLA-G0,2140.0,,2918,3,standard_2,,,False,False,https://www.amazon.co.jp/dp/B01KZ1R97K,,
4113,B0C272H6VR,car,4961023073951,ペルシード(Pellucid) ヘッドライトクリーナー & コーティング セット 黄ばみ 曇り取り くすみ除去 コーティ,1273.0,,3068,3,small,楽天,はずれ,False,False,https://www.amazon.co.jp/dp/B0C272H6VR,楽天最安 JAN=4961023073951,
4114,B00144EOLC,car,0711810318437,ソルトアウェイ® 濃縮クォート - 32液量オンス (946 ML),4790.0,,3069,6,standard_2,Yahoo,はずれ,False,False,https://www.amazon.co.jp/dp/B00144EOLC,Yahoo最安 JAN=0711810318437,
4115,B0GDY89HF4,car,,SHAOHAO 改良加厚型 スズキ ソリオ MA27S サンシェード フロントガラス用 吸盤付き カーシェード 紫外線カ,2520.0,,2310,2,small,,,False,False,https://www.amazon.co.jp/dp/B0GDY89HF4,,
4116,B0GKG3DP4G,car,,SHAOHAO 改良加厚型 メルセデス ベンツ Gクラス W463 G550 G63 車用サンシェード カーシェード 日,3385.0,,2310,1,standard_1,,,False,False,https://www.amazon.co.jp/dp/B0GKG3DP4G,,
4117,B0GDZT6LG1,car,,SHAOHAO 改良加厚型 マカン 車用サンシェード カーシェード 日よけ用品 フロントガラス用 紫外線カット 折り畳み,2449.0,,2310,2,standard_1,,,False,False,https://www.amazon.co.jp/dp/B0GDZT6LG1,,
4118,B0GKFT7FYN,car,,SHAOHAO 新型 スバル クロストレック GU系 車用サンシェード UVカット 日焼け防止 断熱 クロストレック G,2180.0,,2310,2,standard_1,,,False,False,https://www.amazon.co.jp/dp/B0GKFT7FYN,,
4119,B0BJ6P44TG,car,4580284230363,サムライ アクアマリン カーフレグランス 置き型 60mL,1660.0,,4113,4,standard_1,Yahoo,はずれ,False,False,https://www.amazon.co.jp/dp/B0BJ6P44TG,Yahoo最安 JAN=4580284230363,
4120,B073CJCSCR,car,4968814904487,ヨコハマ(YOKOHAMA) 145/80R12 80/78N SUPER VAN Y356 1本,4450.0,,3086,6,large_1,Yahoo,はずれ,False,False,https://www.amazon.co.jp/dp/B073CJCSCR,Yahoo最安 JAN=4968814904487,
4121,B0CZ7RWLS3,car,4580779150886,BLASK ブラスク No.4 BASE SHAMPOO ベースシャンプー 1000ml,3629.0,,2210,2,standard_2,楽天,はずれ,False,False,https://www.amazon.co.jp/dp/B0CZ7RWLS3,楽天最安 JAN=4580779150886,
4122,B008KGS4HC,car,,(STRAIGHT/ストレート) ブルーマジック メタルポリッシュクリーム 550g BM500 36-0500,2400.0,,3091,6,standard_1,,,False,False,https://www.amazon.co.jp/dp/B008KGS4HC,,
4123,B0CQT9SHBZ,car,9331816705072,WillingHeart 15°カーブカーウォッシュブラシ ロングハンドル付き43インチ延長ポール RVトラックマイクロ,7011.0,,3092,3,standard_1,,,False,False,https://www.amazon.co.jp/dp/B0CQT9SHBZ,,
4124,B007A6ZD5O,car,4957902022172,デンソー(DENSO) カーエアコン用フィルター クリーンエアフィルター DCC5005 (014535-2210) 高,2740.0,,3093,8,small,Yahoo,はずれ,False,False,https://www.amazon.co.jp/dp/B007A6ZD5O,Yahoo最安 JAN=4957902022172,
4125,B0CFF1MQQS,car,4582469509011,Laundrin'(ランドリン) Laundrin 車用フレグランス クラシックフローラル 本体4個入り,1730.0,,3096,5,small,Yahoo,はずれ,False,False,https://www.amazon.co.jp/dp/B0CFF1MQQS,Yahoo最安 JAN=4582469509011,
4126,B007R7FACC,car,,カワサキ 純正(KAWASAKI) エンジンオイル R4 SJ10W-40 4L缶,9780.0,,3106,3,large_1,,,False,False,https://www.amazon.co.jp/dp/B007R7FACC,,
4127,B0058MP2K8,car,4989115999811,スズキ(SUZUKI) CCISスーパーキャップ 1L (2サイクル用) [HTRC3],1600.0,,3107,4,standard_1,楽天,はずれ,False,False,https://www.amazon.co.jp/dp/B0058MP2K8,楽天最安 JAN=4989115999811,
4128,B0CHRKSJ7R,car,4986096101325,TOYOTA(トヨタ) 純正モーターオイル SP 0W-16 4L 08880-14405,5126.0,,3112,3,large_1,Yahoo,はずれ,False,False,https://www.amazon.co.jp/dp/B0CHRKSJ7R,Yahoo最安 JAN=4986096101325,
4129,B0FWBSY7WY,car,4901435646756,MILLEFIORI カーディフューザー アイコン 約1か月持続 カーフレグランス 車用芳香剤 オキシジェン（オキシゲン,2640.0,,3113,1,small,,,False,False,https://www.amazon.co.jp/dp/B0FWBSY7WY,,
4130,B0FWBQ8HZW,car,4901435646770,MILLEFIORI カーディフューザー アイコン 約1か月持続 カーフレグランス 車用芳香剤 レーニ＆スベッツィ,2640.0,,3113,2,small,,,False,False,https://www.amazon.co.jp/dp/B0FWBQ8HZW,,
4131,B0FW9TB7B9,car,4901435646787,MILLEFIORI カーディフューザー アイコン 約1か月持続 カーフレグランス 車用芳香剤 ホワイトムスク,2640.0,,3113,2,small,,,False,False,https://www.amazon.co.jp/dp/B0FW9TB7B9,,
4132,B0DXV8LH8R,car,,【車種専用傘】LANTU トヨタ プロボックス 160系用 サンシェード 傘型 折りたたみ式 曲がる傘柄 断熱 UVカッ,2464.0,,3117,2,standard_1,,,False,False,https://www.amazon.co.jp/dp/B0DXV8LH8R,,
4133,B0DKFC2J4T,car,4909449647523,デイトナ(Daytona) バイク ドラレコ MP20/MP30GPS用 補修品 充電ケーブル 49330,1260.0,,3126,9,small,楽天,はずれ,False,False,https://www.amazon.co.jp/dp/B0DKFC2J4T,楽天最安 JAN=4909449647523,
4134,B07DQQ6KJH,car,4562391079202,南海部品 NANKAI(ナンカイ) 2WAYアルミバッフル 42mm シルバー インナーサイレンサー 音量、音質の変更が,1965.0,,2612,2,small,Yahoo,はずれ,False,False,https://www.amazon.co.jp/dp/B07DQQ6KJH,Yahoo最安 JAN=4562391079202,
4135,B00DW5BWMU,car,4562391089782,南海部品 NANKAI(ナンカイ) 2WAYアルミバッフル 43mm ブラック インナーサイレンサー 音量、音質の変更が,2170.0,,2612,3,small,Yahoo,はずれ,False,False,https://www.amazon.co.jp/dp/B00DW5BWMU,Yahoo最安 JAN=4562391089782,
4136,B07DRK7S9F,car,4562391089768,南海部品 NANKAI(ナンカイ) 2WAYアルミバッフル 41mm ブラック インナーサイレンサー 音量、音質の変更が,2515.0,,2615,3,small,Yahoo,はずれ,False,False,https://www.amazon.co.jp/dp/B07DRK7S9F,Yahoo最安 JAN=4562391089768,
4137,B00DW62VXI,car,4562391089867,南海部品 NANKAI(ナンカイ) 2WAYアルミバッフル 51mm ブラック インナーサイレンサー 音量、音質の変更が,2515.0,,2612,3,small,Yahoo,はずれ,False,False,https://www.amazon.co.jp/dp/B00DW62VXI,Yahoo最安 JAN=4562391089867,
4138,B07DQPZHGQ,car,4562391079189,ナンカイ(NANKAI) 2WAYアルミバッフル(汎用) 音量調整可能 φ40 シルバー NPC-BF40,2200.0,,2612,2,small,Yahoo,はずれ,False,False,https://www.amazon.co.jp/dp/B07DQPZHGQ,Yahoo最安 JAN=4562391079189,
4139,B00DW6C37W,car,4562391089966,南海部品 NANKAI(ナンカイ) 2WAYアルミバッフル 61mm ブラック インナーサイレンサー 音量、音質の変更が,2515.0,,2612,3,small,Yahoo,はずれ,False,False,https://www.amazon.co.jp/dp/B00DW6C37W,Yahoo最安 JAN=4562391089966,
4140,B005GC2ZMI,car,4562391079288,ナンカイ(NANKAI) 2WAYアルミバッフル(汎用) 音量調整可能 φ50 シルバー NPC-BF50,2168.0,,2612,4,small,Yahoo,はずれ,False,False,https://www.amazon.co.jp/dp/B005GC2ZMI,Yahoo最安 JAN=4562391079288,
4141,B00L4R6DMC,car,4976363119818,CARALL(カーオール) 晴香堂 車用 芳香剤 エルデュラン ファントム プラチナシャワー 110ml オイル ボトル,1008.0,,3130,10,standard_1,楽天,はずれ,False,False,https://www.amazon.co.jp/dp/B00L4R6DMC,楽天最安 JAN=4976363119818,
4142,B06XBMCMDT,car,4976363123464,CARALL(カーオール) 晴香堂 車用 芳香剤 エルデュラン ファントム ロイヤルムスク 110ml オイル ボトル ,1398.0,,3130,9,standard_1,Yahoo,はずれ,False,False,https://www.amazon.co.jp/dp/B06XBMCMDT,Yahoo最安 JAN=4976363123464,
4143,B00CSJH77K,car,4976363118460,CARALL(カーオール) 晴香堂 車用 芳香剤 エルデュラン ファントム ブラック ラグジストムスク 110ml 18,1056.0,,3130,3,standard_1,Yahoo,はずれ,False,False,https://www.amazon.co.jp/dp/B00CSJH77K,Yahoo最安 JAN=4976363118460,
4144,B06XBMQQLQ,car,4976363123501,CARALL(カーオール) 晴香堂 車用 芳香剤 エルデュラン ナイト ホワイトムスク 128ml オイル ボトル 31,1293.0,,2933,9,standard_1,楽天,はずれ,False,False,https://www.amazon.co.jp/dp/B06XBMQQLQ,楽天最安 JAN=4976363123501,
4145,B07PY6VMSN,car,4976363125529,CARALL(カーオール) 晴香堂 車用 芳香剤 エルデュラン ファントム ナイト ホワイトムスク 110ml オイル ,1077.0,,2933,8,standard_1,楽天,はずれ,False,False,https://www.amazon.co.jp/dp/B07PY6VMSN,楽天最安 JAN=4976363125529,
4146,B07Q1GHRS9,car,4976363125536,CARALL(カーオール) 晴香堂 車用 芳香剤 エルデュラン ファントム ナイト リッチブルーム 110ml オイル ,1077.0,,2933,8,standard_1,楽天,はずれ,False,False,https://www.amazon.co.jp/dp/B07Q1GHRS9,楽天最安 JAN=4976363125536,
4147,B015IZNRSS,instruments,0700115951661,Musiclily L3+R3 ギター糸巻き ペグ カバードタイプ エレキギター/ アコースティックギター用 、 ブラッ,1750.0,,5323,2,small,楽天,はずれ,False,False,https://www.amazon.co.jp/dp/B015IZNRSS,楽天最安 JAN=0700115951661,
4148,B015IYVVT6,instruments,0700115951623,Musiclily Basic R15A 3対3 ギター糸巻き ペグ 半閉鎖型ギア比15:1 エレキギター/アコースティ,1658.0,,5323,2,small,Yahoo,はずれ,False,False,https://www.amazon.co.jp/dp/B015IYVVT6,Yahoo最安 JAN=0700115951623,
4149,B015J0OY66,instruments,0700115951708,Musiclily L3+R3 ギター糸巻き ペグ カバードタイプ エレキギター/ アコースティックギター用 、 ゴール,1843.0,,5323,2,small,Yahoo,はずれ,False,False,https://www.amazon.co.jp/dp/B015J0OY66,Yahoo最安 JAN=0700115951708,
4150,B002UJW73M,instruments,9003918106940,Thomastik バイオリン弦 インフェルド・レッド A線,3035.0,,3005,8,small,楽天,はずれ,False,False,https://www.amazon.co.jp/dp/B002UJW73M,楽天最安 JAN=9003918106940,
4151,B00336G1Y2,instruments,0133587387056,THOMASTIK インフェルド・レッド バラ弦 (D線) IR03,4230.0,,3247,8,small,Yahoo,はずれ,False,False,https://www.amazon.co.jp/dp/B00336G1Y2,Yahoo最安 JAN=0133587387056,
4152,B000Y03XR8,instruments,0133587387063,THOMASTIK インフェルド・レッド バラ弦 (G線) IR04,4696.0,,3247,7,small,,,False,False,https://www.amazon.co.jp/dp/B000Y03XR8,,
4153,B00FR10S5E,instruments,0606559274246,TAMA タマ ブーム・マイクスタンド ブラック MS205BK,9790.0,,3127,8,large_1,Yahoo,はずれ,False,False,https://www.amazon.co.jp/dp/B00FR10S5E,Yahoo最安 JAN=0606559274246,
4154,B000Y7UMUM,instruments,0606559324521,TAMA タマ ブーム マイク・スタンド ショート ブラック MS205STBK,9280.0,,3009,9,large_1,楽天,はずれ,False,False,https://www.amazon.co.jp/dp/B000Y7UMUM,楽天最安 JAN=0606559324521,
4155,B000Y7UMXE,instruments,4515276222576,TAMA マイクロホンスタンド MS200DBK ストレート,6000.0,,3127,7,standard_2,Yahoo,はずれ,False,False,https://www.amazon.co.jp/dp/B000Y7UMXE,Yahoo最安 JAN=4515276222576,
4156,B000Y7O1NQ,instruments,4515276013167,TAMA タマ ストレート マイクスタンド ブラック MS200BK,7150.0,,3127,7,standard_2,Yahoo,はずれ,False,False,https://www.amazon.co.jp/dp/B000Y7O1NQ,Yahoo最安 JAN=4515276013167,
4157,B07XCNBVLN,instruments,6941320880078,ドラムスティック 7a ドラムスティック 2本入り ヒッコリー ティアドロップ 打楽器 持ち運び 文房具 練習用 初心者,1865.0,,3287,2,standard_1,,,False,False,https://www.amazon.co.jp/dp/B07XCNBVLN,,
4158,B0CSSV2Z6L,instruments,,キーボードバッグ (PSS-E30/ PSS-F30/PSS-A50/MK-37専用37鍵バッグ) (リュック型),2988.0,,3211,2,standard_1,,,False,False,https://www.amazon.co.jp/dp/B0CSSV2Z6L,,
4159,B01N440J73,instruments,4939334369568,SUZUKI スズキ ベルハーモニーデスクタイプ単音 MBD-a#2(ラ#),1800.0,,12891,2,small,楽天,はずれ,False,False,https://www.amazon.co.jp/dp/B01N440J73,楽天最安 JAN=4939334369568,
4160,B07NSX9W6V,instruments,4549763168047,"TAMA タマ ""個性と遊び心""がコンセプトのスネア・バッグ 14""X6.5""まで収納可能 (ベージュ) TSDB146",7380.0,,3223,4,standard_2,楽天,はずれ,False,False,https://www.amazon.co.jp/dp/B07NSX9W6V,楽天最安 JAN=4549763168047,
4161,B07LH2L5TT,instruments,4549763168054,"タマ(Tama) ""個性と遊び心""がコンセプトのスネア・バッグ 14""X6.5""まで収納可能 (ブラック) TSDB14",6444.0,,3223,7,standard_2,Yahoo,はずれ,False,False,https://www.amazon.co.jp/dp/B07LH2L5TT,Yahoo最安 JAN=4549763168054,
4162,B08PZGD32C,instruments,4549763255532,"タマ TAMA ""個性と遊び心""がコンセプトのスネア・バッグ 14""X6.5""まで収納可能 (モスグリーン) TSDB1",7380.0,,3224,3,standard_2,楽天,はずれ,False,False,https://www.amazon.co.jp/dp/B08PZGD32C,楽天最安 JAN=4549763255532,
4163,B07LFW3XQG,instruments,4549763168061,"TAMA タマ ""個性と遊び心""がコンセプトのスネア・バッグ 14""X6.5""まで収納可能 (ネイビーブルー) TSDB",7380.0,,3224,4,standard_2,楽天,はずれ,False,False,https://www.amazon.co.jp/dp/B07LFW3XQG,楽天最安 JAN=4549763168061,
4164,B0182394G2,instruments,4939334368301,SUZUKI スズキ トーンチャイム単音 T2-D5#(レ#),4950.0,,1094,2,standard_1,Yahoo,はずれ,False,False,https://www.amazon.co.jp/dp/B0182394G2,Yahoo最安 JAN=4939334368301,
4165,B09M9VL9T7,instruments,4046662280103,ラーセン社 チェロ弦 オーロラ A線 Larsen Cello Aurora A 4/4 Medium,4620.0,,3357,3,small,楽天,はずれ,False,False,https://www.amazon.co.jp/dp/B09M9VL9T7,楽天最安 JAN=4046662280103,
4166,B075MDYHBB,instruments,,T-80 トレーニングボード ピアノ 練習補助 木製,3198.0,,1753,2,small,,,False,False,https://www.amazon.co.jp/dp/B075MDYHBB,,
4167,B074PTN8K6,instruments,4515515002938,KIKUTANI スティックバッグ ドラムスティック収納用 コンパクトタイプ ストラップ付 ADWC-BAG-4WS,1625.0,,3220,5,standard_1,Yahoo,はずれ,False,False,https://www.amazon.co.jp/dp/B074PTN8K6,Yahoo最安 JAN=4515515002938,
4168,B08CSYRNKK,instruments,0885978569427,"Fender ストラップ Wild Tiger Print Strap, 2""",2950.0,,5445,6,small,Yahoo,はずれ,False,False,https://www.amazon.co.jp/dp/B08CSYRNKK,Yahoo最安 JAN=0885978569427,
4169,B08CSYN4LV,instruments,0885978569410,"[フェンダー] ストラップ Wild Zebra Print Strap, 2""",3300.0,,5445,3,small,Yahoo,はずれ,False,False,https://www.amazon.co.jp/dp/B08CSYN4LV,Yahoo最安 JAN=0885978569410,
4170,B08CSXZDVP,instruments,0885978569434,"Fender ストラップ Wild Leopard Print Strap, 2"" 990601053",3850.0,,5445,5,small,楽天,はずれ,False,False,https://www.amazon.co.jp/dp/B08CSXZDVP,楽天最安 JAN=0885978569434,
4171,B0GN6DFWS1,instruments,6937224146112,DJI Mic Mini 2 マルチカラー ウィンドスクリーン,3300.0,,3033,3,small,Yahoo,はずれ,False,False,https://www.amazon.co.jp/dp/B0GN6DFWS1,Yahoo最安 JAN=6937224146112,
4172,B000Y7UKEK,instruments,4513744016771,ヤマハ YAMAHA 譜面台ラック MS-RK2,1200.0,,3203,4,small,Yahoo,はずれ,False,False,https://www.amazon.co.jp/dp/B000Y7UKEK,Yahoo最安 JAN=4513744016771,
4173,B019IAH2O4,instruments,0700115952224,Musiclily Pro 4穴ストラトピックガード材 穴無し Stratエレキギター用3P黒,1392.0,,5315,2,standard_1,Yahoo,はずれ,False,False,https://www.amazon.co.jp/dp/B019IAH2O4,Yahoo最安 JAN=0700115952224,
4174,B01LEZ8F8I,instruments,0700115954761,Musiclily Pro 4穴ストラトピックガード材 穴無し Stratエレキギター用4P赤べっ甲,1577.0,,5315,2,standard_1,Yahoo,はずれ,False,False,https://www.amazon.co.jp/dp/B01LEZ8F8I,Yahoo最安 JAN=0700115954761,
4175,B01M4GCTDB,instruments,0700115955454,Musiclily Pro 4穴ストラトピックガード材 穴無し Stratエレキギター用 3Pクリーム,1438.0,,5315,2,standard_1,Yahoo,はずれ,False,False,https://www.amazon.co.jp/dp/B01M4GCTDB,Yahoo最安 JAN=0700115955454,
4176,B01LL9Q6AQ,instruments,0700115954792,Musiclily Pro 4穴ストラトピックガード材 穴無し Stratエレキギター用 4Pブラックパール,1623.0,,5315,2,standard_1,Yahoo,はずれ,False,False,https://www.amazon.co.jp/dp/B01LL9Q6AQ,Yahoo最安 JAN=0700115954792,
4177,B0714724MP,instruments,0700115957250,Musiclily Pro 4穴ストラトピックガード材 穴無し Stratエレキギター用4Pエイジドホワイトパール,1623.0,,5315,2,standard_1,楽天,はずれ,False,False,https://www.amazon.co.jp/dp/B0714724MP,楽天最安 JAN=0700115957250,
4178,B0716SY3YD,instruments,0700115957236,Musiclily Pro 4穴ストラトピックガード材 穴無し Stratエレキギター用 1Pシルバーミラーアクリル,2063.0,,5315,2,standard_1,,,False,False,https://www.amazon.co.jp/dp/B0716SY3YD,,
4179,B0716STGMZ,instruments,0700115957212,Musiclily Pro 4穴ストラトピックガード材 穴無し Stratエレキギター用 1Pマットブラック,1392.0,,5315,2,standard_1,楽天,はずれ,False,False,https://www.amazon.co.jp/dp/B0716STGMZ,楽天最安 JAN=0700115957212,
4180,B07146WPBV,instruments,0700115957267,Musiclily Pro 4穴ストラトピックガード材 穴無し Stratエレキギター用 4Pグレーパール,1623.0,,5315,2,standard_1,Yahoo,はずれ,False,False,https://www.amazon.co.jp/dp/B07146WPBV,Yahoo最安 JAN=0700115957267,
4181,B01M98S60B,instruments,0700115955478,Musiclily Pro 4穴ストラトピックガード材 穴無し Stratエレキギター用 3P ヴィンテージミントグリー,1438.0,,5315,2,standard_1,Yahoo,はずれ,False,False,https://www.amazon.co.jp/dp/B01M98S60B,Yahoo最安 JAN=0700115955478,
4182,B0719D4CRQ,instruments,0700115957274,Musiclily Pro 4穴ストラトピックガード材 穴無し Stratエレキギター用 4Pレッドパール,1623.0,,5315,2,standard_1,Yahoo,はずれ,False,False,https://www.amazon.co.jp/dp/B0719D4CRQ,Yahoo最安 JAN=0700115957274,
4183,B074SJGXQN,instruments,0700115957731,Musiclily Pro 4穴ストラトピックガード材 穴無し Stratエレキギター用 3Pントアイボリーカラー,1438.0,,5315,2,standard_1,Yahoo,はずれ,False,False,https://www.amazon.co.jp/dp/B074SJGXQN,Yahoo最安 JAN=0700115957731,
4184,B01MAUCOET,instruments,0700115955461,Musiclily Pro 4穴ストラトピックガード材 穴無し Stratエレキギター用 4P茶べっ甲,1669.0,,5315,2,standard_1,Yahoo,はずれ,False,False,https://www.amazon.co.jp/dp/B01MAUCOET,Yahoo最安 JAN=0700115955461,
4185,B071HQ9MTL,instruments,0700115957199,Musiclily Pro 4穴ストラトピックガード材 穴無し Stratエレキギター用 1Pホワイト,1392.0,,5315,2,standard_1,Yahoo,はずれ,False,False,https://www.amazon.co.jp/dp/B071HQ9MTL,Yahoo最安 JAN=0700115957199,
4186,B07146ZL57,instruments,0700115957229,Musiclily Pro 4穴ストラトピックガード材 穴無し Stratエレキギター用 1Pクリーム,1392.0,,3039,2,standard_1,Yahoo,はずれ,False,False,https://www.amazon.co.jp/dp/B07146ZL57,Yahoo最安 JAN=0700115957229,
4187,B01LEZIQE6,instruments,0700115954778,Musiclily 4穴ストラトピックガード穴無しSTエレキギター用、鼈甲柄4P,1669.0,,5315,2,small,,,False,False,https://www.amazon.co.jp/dp/B01LEZIQE6,,
4188,B013FO2T24,instruments,0700115949996,Musiclily Pro 10穴 JBジャズベースピックガード 4Pパーチメントパール,1521.0,,1741,2,small,Yahoo,はずれ,False,False,https://www.amazon.co.jp/dp/B013FO2T24,Yahoo最安 JAN=0700115949996,
4189,B074V618YB,instruments,0700115957762,Musiclily Pro 10穴 JBジャズベースピックガード 3Pミントグリーン,1406.0,,1741,2,standard_1,Yahoo,はずれ,False,False,https://www.amazon.co.jp/dp/B074V618YB,Yahoo最安 JAN=0700115957762,
4190,B013FO8GKS,instruments,0700115950008,Musiclily Pro 10穴 JBジャズベースピックガード 4P赤べっ甲,1521.0,,1741,2,small,,,False,False,https://www.amazon.co.jp/dp/B013FO8GKS,,
4191,B013FMY5L4,instruments,0700115949958,Musiclily Pro 10穴 JBジャズベースピックガード 1Pホワイト,1336.0,,1741,2,standard_1,Yahoo,はずれ,False,False,https://www.amazon.co.jp/dp/B013FMY5L4,Yahoo最安 JAN=0700115949958,
4192,B01M8G3BDQ,instruments,0700115955539,Musiclily Pro 10穴 JBジャズベースピックガード 4Pブラックパール,1521.0,,1741,2,small,楽天,はずれ,False,False,https://www.amazon.co.jp/dp/B01M8G3BDQ,楽天最安 JAN=0700115955539,
4193,B013FLP2MQ,instruments,0700115949903,Musiclily Pro 10穴 JBジャズベースピックガード 3Pブラック,1336.0,,1741,2,small,楽天,はずれ,False,False,https://www.amazon.co.jp/dp/B013FLP2MQ,楽天最安 JAN=0700115949903,
4194,B074V4S79D,instruments,0700115957779,Musiclily Pro 10穴 JBジャズベースピックガード 3Pミントアイボリーカラー,1382.0,,1741,2,standard_1,Yahoo,はずれ,False,False,https://www.amazon.co.jp/dp/B074V4S79D,Yahoo最安 JAN=0700115957779,
4195,B013GCWGK0,instruments,0700115949941,Musiclily Pro 10穴 JBジャズベースピックガード 1Pブラックマット,1336.0,,1741,2,small,Yahoo,はずれ,False,False,https://www.amazon.co.jp/dp/B013GCWGK0,Yahoo最安 JAN=0700115949941,
4196,B013FMJE2E,instruments,0700115949927,Musiclily Pro 10穴 JBジャズベースピックガード 3Pクリーム,1382.0,,1741,2,small,Yahoo,はずれ,False,False,https://www.amazon.co.jp/dp/B013FMJE2E,Yahoo最安 JAN=0700115949927,
4197,B013FNE6AS,instruments,0700115949972,Musiclily Pro 10穴 JBジャズベースピックガード 3P ヴィンテージミントグリーン,1382.0,,1741,2,small,Yahoo,はずれ,False,False,https://www.amazon.co.jp/dp/B013FNE6AS,Yahoo最安 JAN=0700115949972,
4198,B07L2Y6BQ7,instruments,0700115964500,Musiclily Pro 8穴 57年式ストラトキャスターピックガード日本製Fender Japan 57 Strat,1628.0,,3314,2,standard_1,Yahoo,はずれ,False,False,https://www.amazon.co.jp/dp/B07L2Y6BQ7,Yahoo最安 JAN=0700115964500,
4199,B0BR6S2W9X,instruments,4957812688314,ヤマハ(YAMAHA) クリーニングスワブ BS CLSBS3,4320.0,,5195,5,standard_1,Yahoo,あやしい,False,False,https://www.amazon.co.jp/dp/B0BR6S2W9X,Yahoo最安 JAN=4957812688314,
4200,B000CZ0RLU,instruments,0411378072979,BEHRINGER ベリンガー C-2,8800.0,,3056,4,standard_1,楽天,はずれ,False,False,https://www.amazon.co.jp/dp/B000CZ0RLU,楽天最安 JAN=0411378072979,
4201,B001PKPK2W,instruments,0840553059038,"MEINL Percussion マイネル タンボリン Floatune Tamborim 6"" ABS Red TBR",7111.0,,5533,2,standard_1,楽天,はずれ,False,False,https://www.amazon.co.jp/dp/B001PKPK2W,楽天最安 JAN=0840553059038,
4202,B001XWA20M,instruments,0125499648004,"MEINL Percussion マイネル タンボリン Floatune Tamborim 6"" ABS Black T",6083.0,,5535,2,standard_1,,,False,False,https://www.amazon.co.jp/dp/B001XWA20M,,
4203,B00275G8BQ,instruments,0840553059052,"MEINL Percussion マイネル タンボリン Floatune Tamborim 6"" ABS Green T",7111.0,,5535,1,standard_1,Yahoo,はずれ,False,False,https://www.amazon.co.jp/dp/B00275G8BQ,Yahoo最安 JAN=0840553059052,
4204,B07F8MPHZ7,instruments,,KORG (コルグ) 三味線 専用チューナー 調べ WT-30S + コンタクトマイク CM-300-BK セット,3750.0,,3393,4,small,,,False,False,https://www.amazon.co.jp/dp/B07F8MPHZ7,,
4205,B071LNDKBJ,instruments,0698813004799,【国内正規品】RODE VXLR+ XLR-TRS 変換アダプター VXLR+,5000.0,,3260,3,standard_1,Yahoo,はずれ,False,False,https://www.amazon.co.jp/dp/B071LNDKBJ,Yahoo最安 JAN=0698813004799,
4206,B00XEC2Q9O,instruments,4580479411003,三線 カラクイ 六角ライン 有り3本セット,1899.0,,3077,2,small,楽天,はずれ,False,False,https://www.amazon.co.jp/dp/B00XEC2Q9O,楽天最安 JAN=4580479411003,
4207,B000OR9V8Q,instruments,0019954927981,D'Addario ダダリオ ベース用バラ弦 ニッケル Long Scale .135 XLB135T テーパーワウンド,1781.0,,3280,2,small,Yahoo,はずれ,False,False,https://www.amazon.co.jp/dp/B000OR9V8Q,Yahoo最安 JAN=0019954927981,
4208,B01N4L016E,instruments,,【国内正規品】 CLASSIC PRO クラシックプロ ダイナミックマイク CM5S ダイナミックマイク,2998.0,,3089,1,standard_1,,,False,False,https://www.amazon.co.jp/dp/B01N4L016E,,
4209,B0BJVH8DGJ,instruments,4534853040044,"ワントーン(Onetone) タングドラム Cメジャースケール 8音 6"" Gold OTTG-06/GD [専用巾着ケ",4687.0,,5448,5,standard_1,楽天,はずれ,False,False,https://www.amazon.co.jp/dp/B0BJVH8DGJ,楽天最安 JAN=4534853040044,
4210,B0FFH3TJ5G,instruments,,"Geekria ウルトラスリム キーボード キャリングケース MelGeek O2, Flow Lite 84, ロジク",2125.0,,3092,2,standard_1,,,False,False,https://www.amazon.co.jp/dp/B0FFH3TJ5G,,
4211,B08P1JYRGG,instruments,0194296007307,Musiclily Pro 73.66mm無漂白牛骨サドル 弦長補正タイプ 6弦Martinアコースティックギター用 2,1116.0,,3093,2,small,楽天,はずれ,False,False,https://www.amazon.co.jp/dp/B08P1JYRGG,楽天最安 JAN=0194296007307,
4212,B08P1J4K44,instruments,0194296007291,Musiclily Pro 牛骨サドル 弦長補正タイプ 73.66x2.62x10.16mm アイボリー 2個,1116.0,,3093,2,small,Yahoo,はずれ,False,False,https://www.amazon.co.jp/dp/B08P1J4K44,Yahoo最安 JAN=0194296007291,
4213,B000TV2WYW,instruments,4534853902908,KC ギター足台 軽量アルミ製 GF-1800 (ソフトケース付),2202.0,,3299,6,standard_1,Yahoo,はずれ,False,False,https://www.amazon.co.jp/dp/B000TV2WYW,Yahoo最安 JAN=4534853902908,
4214,B000VG2P2E,instruments,4534853902809,KC ギター足台 軽量アルミ製 GF-2500 (ソフトケース付),3003.0,,3299,3,standard_1,Yahoo,はずれ,False,False,https://www.amazon.co.jp/dp/B000VG2P2E,Yahoo最安 JAN=4534853902809,
4215,B01CA1FGXC,instruments,0600781006460,DR Strings (デーアール) アコギ弦 VERITAS フォスファーブロンズ .010-.048 VTA-10 ,1647.0,,5453,4,small,楽天,はずれ,False,False,https://www.amazon.co.jp/dp/B01CA1FGXC,楽天最安 JAN=0600781006460,
4216,B01BHEJWTM,instruments,0600781006446,DR Strings (デーアール) アコギ弦 VERITAS フォスファーブロンズ .011-.050 VTA-11 ,1608.0,,5453,4,small,楽天,はずれ,False,False,https://www.amazon.co.jp/dp/B01BHEJWTM,楽天最安 JAN=0600781006446,
4217,B09VCSKHHH,instruments,0600781008174,DR Strings (デーアール) アコギ弦 VERITAS フォスファーブロンズ .012-.054 VTA-12 ,4280.0,,5453,3,small,楽天,はずれ,False,False,https://www.amazon.co.jp/dp/B09VCSKHHH,楽天最安 JAN=0600781008174,
4218,B01BH9DT7S,instruments,0600781006453,DR Strings (デーアール) アコギ弦 VERITAS フォスファーブロンズ .012-.054 VTA-12 ,1608.0,,5453,5,small,Yahoo,はずれ,False,False,https://www.amazon.co.jp/dp/B01BH9DT7S,Yahoo最安 JAN=0600781006453,
4219,B0CRH1HZDG,instruments,0194296029194,Musiclily Ultra 11穴 SSSストラトキャスターピックガード アノダイズドアルミニウム製 Fender ,2563.0,,5462,2,standard_1,楽天,はずれ,False,False,https://www.amazon.co.jp/dp/B0CRH1HZDG,楽天最安 JAN=0194296029194,
4220,B000TV16GC,instruments,4534853505604,KC 足台 ギター足台 スチール製足台 GF-1500 (収納袋付き),1732.0,,3299,8,standard_1,Yahoo,はずれ,False,False,https://www.amazon.co.jp/dp/B000TV16GC,Yahoo最安 JAN=4534853505604,
4221,B09QW5B453,instruments,0194296017238,Musiclily Pro 11穴アルミ製SSSストラトキャスターピックガード Fender American/Mexi,2899.0,,5462,2,standard_1,,,False,False,https://www.amazon.co.jp/dp/B09QW5B453,,
4222,B0CRH3XWG2,instruments,0194296029200,Musiclily Ultra 11穴 アノダイズドアルミニウム製 SSS ストラトピックガード Fender Amer,2563.0,,5462,2,standard_1,楽天,はずれ,False,False,https://www.amazon.co.jp/dp/B0CRH3XWG2,楽天最安 JAN=0194296029200,
4223,B0DTNZ3NWN,instruments,4534853088046,KC ケーシー キョーリツ ラックケース EIA規格 1U ハーフサイズ HRC-1U [マウントネジ付属],8800.0,,3106,4,large_1,Yahoo,はずれ,False,False,https://www.amazon.co.jp/dp/B0DTNZ3NWN,Yahoo最安 JAN=4534853088046,
4224,B08PZ4WCDW,instruments,0741874159813,AKOZLIN ブームシンバルスタンド 高さ調整84-115cm シンバルスタンド クロームメッキ銀色 クロムめっき ラ,4606.0,,5353,2,large_1,楽天,はずれ,False,False,https://www.amazon.co.jp/dp/B08PZ4WCDW,楽天最安 JAN=0741874159813,
4225,B0GHRLB9H8,instruments,,Acogedor 2チャンネルステレオオーディオミキサー3.5mm、2イン1アウトミニサウンドミキシンー、デュアルボリュ,2119.0,,3117,2,small,,,False,False,https://www.amazon.co.jp/dp/B0GHRLB9H8,,
4226,B0GV2SVFMK,instruments,0194296046429,Musiclily Pro R15J-26 左利き6連 ビンテージ ギター ペグ ギア比15:1 ニッケル オフホワイト,2555.0,,3289,2,small,,,False,False,https://www.amazon.co.jp/dp/B0GV2SVFMK,,
4227,B0GV2H1LD8,instruments,0194296046412,Musiclily Pro R15J 左利き 6連ヴィンテージ ギターペグ ギア比15:1 チューナー オーバルボタン ,2959.0,,3118,2,small,,,False,False,https://www.amazon.co.jp/dp/B0GV2H1LD8,,
4228,B07KHWXP48,instruments,0700115964234,Musiclily Pro R15J-13 6連 ビンテージ ギター ペグ ギア比15:1 ニッケル,2519.0,,3118,2,small,楽天,はずれ,False,False,https://www.amazon.co.jp/dp/B07KHWXP48,楽天最安 JAN=0700115964234,
4229,B0GV2HBR3J,instruments,0194296046436,Musiclily Pro R15J-26 左利き6連 ビンテージ ギター ペグ ギア比15:1 ニッケル,2555.0,,3118,2,small,,,False,False,https://www.amazon.co.jp/dp/B0GV2HBR3J,,
4230,B082KBKQTQ,instruments,0194296002852,Musiclily Pro R15J-13 6連 ビンテージ ギター ペグ ギア比15:1 ゴールド,2983.0,,3118,2,small,Yahoo,はずれ,False,False,https://www.amazon.co.jp/dp/B082KBKQTQ,Yahoo最安 JAN=0194296002852,
4231,B0F7TSQ4TP,instruments,,Ciieeo 10個入りショックマウントマイクホルダーゴムバンド弾性ロープコンデンサーマイクスタンド防振ノイズ低減コード,1196.0,,3124,2,small,,,False,False,https://www.amazon.co.jp/dp/B0F7TSQ4TP,,
4232,B0CF1RXRHB,instruments,4515515670076,ケー・イー・エス(K.E.S) K.E.S x NEO by OYAIDE スペシャルコラボ コンパクトエフェクター用 ,1408.0,,1412,7,small,Yahoo,はずれ,False,False,https://www.amazon.co.jp/dp/B0CF1RXRHB,Yahoo最安 JAN=4515515670076,
4233,B09NVT16V6,instruments,0194296017092,Musiclily Pro 11穴ストラトピックガード1ハムバッカ―仕様ポットスロット Fender American/,1248.0,,3128,2,standard_1,楽天,はずれ,False,False,https://www.amazon.co.jp/dp/B09NVT16V6,楽天最安 JAN=0194296017092,
4234,B0F97XDXGF,instruments,4515515670168,K.E.S x NEO by OYAIDE スペシャルコラボ コンパクトエフェクター用 ハイクオリティー DCパワーケー,1852.0,,1412,7,small,Yahoo,はずれ,False,False,https://www.amazon.co.jp/dp/B0F97XDXGF,Yahoo最安 JAN=4515515670168,
4235,B09NVSFPDT,instruments,0194296017030,Musiclily Pro 11穴ストラトピックガード1ハムバッカ―仕様ポットスロット ブラック3P,1199.0,,3128,2,standard_1,,,False,False,https://www.amazon.co.jp/dp/B09NVSFPDT,,
4236,B0CF1SMWFD,instruments,4515515670069,ケー・イー・エス(K.E.S) K.E.S x NEO by OYAIDE スペシャルコラボ コンパクトエフェクター用 ,1320.0,,1412,8,small,Yahoo,はずれ,False,False,https://www.amazon.co.jp/dp/B0CF1SMWFD,Yahoo最安 JAN=4515515670069,
4237,B09NVSS7VB,instruments,0194296017054,Musiclily Pro 11穴ストラトピックガード1ハムバッカ―仕様ポットスロット Fender American/,1491.0,,3128,2,standard_1,,,False,False,https://www.amazon.co.jp/dp/B09NVSS7VB,,
4238,B0CF1SLTG2,instruments,4515515670083,ケー・イー・エス(K.E.S) K.E.S x NEO by OYAIDE スペシャルコラボ コンパクトエフェクター用 ,1501.0,,1412,8,small,Yahoo,はずれ,False,False,https://www.amazon.co.jp/dp/B0CF1SLTG2,Yahoo最安 JAN=4515515670083,
4239,B0CLP51H1H,instruments,4539587551590,Providence プロビデンス パッチケーブル LE501 75cm S/Lプラグ（ストレート/L型）ブラック,2319.0,,3131,4,small,Yahoo,はずれ,False,False,https://www.amazon.co.jp/dp/B0CLP51H1H,Yahoo最安 JAN=4539587551590,
4240,B003AJVKDO,instruments,0019954961237,D'Addario ダダリオ ピック Beatles Guitar Picks Sgt. Peppers 1CAB4-1,1281.0,,5712,3,small,楽天,はずれ,False,False,https://www.amazon.co.jp/dp/B003AJVKDO,楽天最安 JAN=0019954961237,
4241,B0002GW3Y8,instruments,0086141220224,TONE Finger Ease,1250.0,,3137,9,small,楽天,はずれ,False,False,https://www.amazon.co.jp/dp/B0002GW3Y8,楽天最安 JAN=0086141220224,
4242,B0002NIRIC,instruments,0710137017153,Jim Dunlop (ジム ダンロップ) 6582 ストリング クリーナー Formula 65 String Cle,1740.0,,3138,7,small,Yahoo,はずれ,False,False,https://www.amazon.co.jp/dp/B0002NIRIC,Yahoo最安 JAN=0710137017153,
4243,B00YXZU5SA,instruments,4960693089897,ヤマハ YAMAHA NS114 D-4th 0.78mm クラシックギター用バラ弦 4弦×6本,1380.0,,1735,3,small,楽天,あやしい,True,True,https://www.amazon.co.jp/dp/B00YXZU5SA,楽天最安 JAN=4960693089897,
4244,B01N3LLW5H,instruments,4944465421269,Aria ARIA アリア エレキ用ソフトバック BKACK クロ PB-EG,1171.0,,2352,5,standard_1,楽天,はずれ,False,False,https://www.amazon.co.jp/dp/B01N3LLW5H,楽天最安 JAN=4944465421269,
4245,B0732PN6ZN,instruments,0600685810088,FLEOR アルニコ 5 ストラト ピックアップ シングルコイル ピックアップ ギター ネック ピックアップ フラット ,1429.0,,3140,2,small,Yahoo,はずれ,False,False,https://www.amazon.co.jp/dp/B0732PN6ZN,Yahoo最安 JAN=0600685810088,
4246,B01N48N90A,instruments,0700115956192,Musiclily Basic 4連 オープンギアタイプ ベースペグ ギア比24:1 エレキベース用 ブラック,2106.0,,3141,2,standard_1,Yahoo,はずれ,False,False,https://www.amazon.co.jp/dp/B01N48N90A,Yahoo最安 JAN=0700115956192,
4247,B0B51JYPNT,instruments,4995090309224,FOSTEX 8フルレンジ FE83NV2（1本）,4950.0,,5372,2,standard_1,Yahoo,はずれ,False,False,https://www.amazon.co.jp/dp/B0B51JYPNT,Yahoo最安 JAN=4995090309224,
4248,B003Y29RBO,instruments,4580229077268,THOMASTIK トマスティーク ER100 二胡弦セット,4200.0,,5591,3,small,楽天,はずれ,False,False,https://www.amazon.co.jp/dp/B003Y29RBO,楽天最安 JAN=4580229077268,
4249,B000T76EN6,instruments,4534853623308,KC セミアコ用 ギグバッグ CSA-100,5999.0,,3155,4,standard_2,Yahoo,はずれ,False,False,https://www.amazon.co.jp/dp/B000T76EN6,Yahoo最安 JAN=4534853623308,
4250,B08PBSCH85,instruments,,【マイク専用スプレー】スーパーマイクシャワー SUPER MIC SHOWER(5本),3170.0,,3155,5,standard_1,,,False,False,https://www.amazon.co.jp/dp/B08PBSCH85,,
4251,B012WMTH3Y,instruments,,三味線用 白象印 プラスティック撥（長唄用） (大サイズ),4080.0,,2272,2,small,,,False,False,https://www.amazon.co.jp/dp/B012WMTH3Y,,
4252,B08G16R5L1,instruments,0784107908185,ピエゾピックアップ Tickas 受動ピエゾピックアップ機器トランスデューサーは、Morin khuur Ukulele,2449.0,,3160,2,small,,,False,False,https://www.amazon.co.jp/dp/B08G16R5L1,,
4253,B000Y7Q14I,instruments,4959112033597,VOX ヴォックス ケーブル ギターシールド 長さ3m S/Lジャックタイプ VGS-30,1400.0,,5979,10,standard_1,Yahoo,はずれ,False,False,https://www.amazon.co.jp/dp/B000Y7Q14I,Yahoo最安 JAN=4959112033597,
4254,B005FKF3N4,instruments,0019954148850,D'Addario ダダリオ 弦潤滑剤&クリーナー ギター/ベース兼用 String Lubricant and Cle,1982.0,,1378,5,small,Yahoo,はずれ,False,False,https://www.amazon.co.jp/dp/B005FKF3N4,Yahoo最安 JAN=0019954148850,
4255,B00KD22YOA,instruments,4515069004822,PLAY WOOD プレイウッド グロッケンシュピール・シロフォン用マレット SCK-3,1551.0,,5476,7,standard_1,Yahoo,はずれ,False,False,https://www.amazon.co.jp/dp/B00KD22YOA,Yahoo最安 JAN=4515069004822,
4256,B00KD22YQS,instruments,4515069004839,PLAY WOOD プレイウッド グロッケンシュピール・シロフォン用マレット SCK-4,1980.0,,5476,6,standard_1,Yahoo,はずれ,False,False,https://www.amazon.co.jp/dp/B00KD22YQS,Yahoo最安 JAN=4515069004839,
4257,B06XCV51WX,instruments,,ERNIE BALL エレキギター弦 バラ弦 1011 .011 6本セット アーニーボール【国内正規品】,1058.0,,3176,8,small,,,False,False,https://www.amazon.co.jp/dp/B06XCV51WX,,
4258,B0BYS7XTP9,instruments,,AULOS ソプラノリコーダー ジャーマン式 302B 抗菌キャップセット アウロス,1980.0,,3179,2,standard_1,,,False,False,https://www.amazon.co.jp/dp/B0BYS7XTP9,,
4259,B000Y7O0L4,instruments,4513744029450,ヤマハ YAMAHA 白鍵専用 ピアノキークリーナー 150ml PKC2,1198.0,,5422,10,small,Yahoo,はずれ,False,False,https://www.amazon.co.jp/dp/B000Y7O0L4,Yahoo最安 JAN=4513744029450,
4260,B005QINS32,instruments,0710137006416,JIM DUNLOP HERCO HE211 Flex 75 Heavy×12枚 ピック,1700.0,,3186,5,small,Yahoo,原石,True,True,https://www.amazon.co.jp/dp/B005QINS32,Yahoo最安 JAN=0710137006416,
4261,B0GGHX9ZCQ,instruments,0194296043794,Musiclily Pro R15J 6連 ギターペグ ギア比15:1 チューナー スクエアボタン ストラト/テレキャス,2312.0,,3457,2,small,楽天,はずれ,False,False,https://www.amazon.co.jp/dp/B0GGHX9ZCQ,楽天最安 JAN=0194296043794,
4262,B0716RSYKT,instruments,0700115956901,Musiclily Pro R15J-03 6連ギターペグ ギア比15:1 クローム,2211.0,,3457,2,small,楽天,はずれ,False,False,https://www.amazon.co.jp/dp/B0716RSYKT,楽天最安 JAN=0700115956901,
4263,B072BQJPL7,instruments,0700115956925,Musiclily Pro R15J-03 6連ギターペグ ギア比15:1 ゴールド,2777.0,,3188,2,small,楽天,はずれ,False,False,https://www.amazon.co.jp/dp/B072BQJPL7,楽天最安 JAN=0700115956925,
4264,B00LWX4OAQ,instruments,4513744020112,ヤマハ YAMAHA シルバーポリッシュSP2 銀、銀メッキ仕上げの楽器表面の変色や汚れを取る際に活用 美しい光沢を得ら,1270.0,,3190,9,small,Yahoo,はずれ,False,False,https://www.amazon.co.jp/dp/B00LWX4OAQ,Yahoo最安 JAN=4513744020112,
4265,B00GQNRXGO,instruments,2000074082405,トヤマ楽器 AULOS（アウロス）篠笛 秀山（七本調子 B調）AS-7,1980.0,,3283,2,standard_1,Yahoo,はずれ,False,False,https://www.amazon.co.jp/dp/B00GQNRXGO,Yahoo最安 JAN=2000074082405,
4266,B09P3QM668,instruments,4562459901346,Effects Bakery エフェクツベーカリー Croissant Distortion [EB-CDn] / ディ,5170.0,,3413,7,small,Yahoo,はずれ,False,False,https://www.amazon.co.jp/dp/B09P3QM668,Yahoo最安 JAN=4562459901346,
4267,B0002FO8BK,instruments,0600781000093,DR Strings (デーアール) ベース弦 LO-RIDER ステンレス .045-.105 MH-45 【国内正規,3597.0,,3478,5,small,Yahoo,はずれ,False,False,https://www.amazon.co.jp/dp/B0002FO8BK,Yahoo最安 JAN=0600781000093,
4268,B000BJ4HBS,instruments,0600781000017,DR ベース弦 LO-RIDER ステンレス .050-.110 EH-50,4242.0,,3477,10,small,楽天,はずれ,False,False,https://www.amazon.co.jp/dp/B000BJ4HBS,楽天最安 JAN=0600781000017,
4269,B088DXKKSD,instruments,4580558472154,Limetone Audio JCB-2S｜スルーボックス／ジャンクションボックス｜音質重視のペダルボード用配線ユニット,9900.0,,3434,4,small,Yahoo,はずれ,False,False,https://www.amazon.co.jp/dp/B088DXKKSD,Yahoo最安 JAN=4580558472154,
4270,B088DXYLZ5,instruments,4580558472147,Limetone Audio JCB-2S｜スルーボックス／ジャンクションボックス｜音質重視のペダルボード用配線ユニット,9900.0,,3435,4,small,Yahoo,はずれ,False,False,https://www.amazon.co.jp/dp/B088DXYLZ5,Yahoo最安 JAN=4580558472147,
4271,B0G593GHY7,instruments,0019954432584,D'Addario ダダリオ ベース弦 XS Nickel コーティング弦 .045-.100 4弦 Long Scal,7030.0,,2373,8,small,楽天,はずれ,False,False,https://www.amazon.co.jp/dp/B0G593GHY7,楽天最安 JAN=0019954432584,
4272,B0H3KGYFHD,instruments,0194296047174,Musiclily Ultra 10.5mm オフセットブリッジ フルソリッド真鍮オープンエンドプレート オクターブ補正,5100.0,,5788,2,standard_1,,,False,False,https://www.amazon.co.jp/dp/B0H3KGYFHD,,
4273,B0G593QL3H,instruments,0019954443948,D'Addario ダダリオ ベース弦 XS Nickel コーティング弦 .045-.130 5弦 Multi Sca,8800.0,,2374,5,small,楽天,はずれ,False,False,https://www.amazon.co.jp/dp/B0G593QL3H,楽天最安 JAN=0019954443948,
4274,B0G5996327,instruments,0019954432614,D'Addario ダダリオ ベース弦 XS Nickel コーティング弦 .045-.130 5弦 Super Lon,8800.0,,2374,5,small,楽天,はずれ,False,False,https://www.amazon.co.jp/dp/B0G5996327,楽天最安 JAN=0019954432614,
4275,B0G59153JW,instruments,0019954432591,D'Addario ダダリオ ベース弦 XS Nickel コーティング弦 .045-.105 4弦 Long Scal,6949.0,,2374,10,small,楽天,はずれ,False,False,https://www.amazon.co.jp/dp/B0G59153JW,楽天最安 JAN=0019954432591,
4276,B0G59568VD,instruments,0019954432621,D'Addario ダダリオ ベース弦 XS Nickel コーティング弦 .032-.130 6弦 Multi Sca,9350.0,,3204,5,small,楽天,はずれ,False,False,https://www.amazon.co.jp/dp/B0G59568VD,楽天最安 JAN=0019954432621,
4277,B0GRG6KBWW,instruments,0194296044890,Musiclily Pro 9穴 ギターピックガード ヤマハYamaha PAC112V HSSエレキギター用 4プライ,1228.0,,2387,2,small,,,False,False,https://www.amazon.co.jp/dp/B0GRG6KBWW,,
4278,B0G594GMJ9,instruments,0019954432607,D'Addario ダダリオ ベース弦 XS Nickel コーティング弦 .045-.130 5弦 Long Scal,8180.0,,3204,7,small,楽天,はずれ,False,False,https://www.amazon.co.jp/dp/B0G594GMJ9,楽天最安 JAN=0019954432607,
4279,B00AMVODGY,instruments,2361000001700,NYMAN(ニーマン) コントラバス用松脂,2222.0,,3205,4,small,,,False,False,https://www.amazon.co.jp/dp/B00AMVODGY,,
4280,B0GRG9MQTR,instruments,0194296044883,Musiclily Pro 9穴 ギターピックガード ヤマハYamaha PAC112V HSSエレキギター用 3プライ,1041.0,,3206,2,standard_1,,,False,False,https://www.amazon.co.jp/dp/B0GRG9MQTR,,
4281,B0GRG49F6C,instruments,0194296044937,Musiclily Pro 9穴 ギターピックガード ヤマハYamaha PAC112V HSSエレキギター用 3プライ,1109.0,,3206,2,standard_1,楽天,はずれ,False,False,https://www.amazon.co.jp/dp/B0GRG49F6C,楽天最安 JAN=0194296044937,
4282,B0GRG7V7VH,instruments,0194296044876,Musiclily Pro 9穴 ギターピックガード ヤマハYamaha PAC112V HSSエレキギター用 3プライ,1107.0,,3206,2,small,,,False,False,https://www.amazon.co.jp/dp/B0GRG7V7VH,,
4283,B0GRG6QZ43,instruments,0194296044920,Musiclily Pro 9穴 ギターピックガード ヤマハYamaha PAC112V HSSエレキギター用 4プライ,1254.0,,3206,2,standard_1,,,False,False,https://www.amazon.co.jp/dp/B0GRG6QZ43,,
4284,B0GRFSJW16,instruments,0194296044944,Musiclily Pro 9穴 ギターピックガード ヤマハYamaha PAC112V HSSエレキギター用 4プライ,1239.0,,3206,2,small,,,False,False,https://www.amazon.co.jp/dp/B0GRFSJW16,,
4285,B0GRGBN3GK,instruments,0194296044869,Musiclily Pro 9穴 ギターピックガード ヤマハYamaha PAC112V HSSエレキギター用 4プライ,1224.0,,3206,2,standard_1,,,False,False,https://www.amazon.co.jp/dp/B0GRGBN3GK,,
4286,B0GRG1ZQ2J,instruments,0194296044951,Musiclily Pro 9穴 ギターピックガード ヤマハYamaha PAC112V HSSエレキギター用 透明,1385.0,,2387,2,small,楽天,はずれ,False,False,https://www.amazon.co.jp/dp/B0GRG1ZQ2J,楽天最安 JAN=0194296044951,
4287,B0GRFPK3N2,instruments,0194296044968,Musiclily Pro 9穴 ギターピックガード ヤマハYamaha PAC112V HSSエレキギター用 3プライ,1112.0,,3206,2,small,,,False,False,https://www.amazon.co.jp/dp/B0GRFPK3N2,,
4288,B09HZ921W8,instruments,4534853092234,TOUGH-TX タフティクス ギグバッグ エレキギター用 YKK製TOUGH ZIPPER搭載 TX-EG1/NV,7700.0,,5350,2,standard_2,Yahoo,はずれ,False,False,https://www.amazon.co.jp/dp/B09HZ921W8,Yahoo最安 JAN=4534853092234,
4289,B09BPXYNFF,instruments,0770913924440,Btutyポータブル ミニ機械式メトロノームの普遍的なメトロノーム ピアノ ギター バイオリン ウクレレ中国楽器の高さ ,3459.0,,3415,2,small,楽天,はずれ,False,False,https://www.amazon.co.jp/dp/B09BPXYNFF,楽天最安 JAN=0770913924440,
4290,B0CXXLT4QR,instruments,,Sunydog ギターペダル ABY ボックスラインセレクター AB スイッチ ミニギターエフェクトペダル 双方向伝送 ,2599.0,,3208,2,small,,,False,False,https://www.amazon.co.jp/dp/B0CXXLT4QR,,
4291,B09HZ6G6NR,instruments,4534853092135,TOUGH-TX タフティクス ギグバッグ エレキギター用 YKK製TOUGH ZIPPER搭載 TX-EG1/GRY,7480.0,,3210,2,standard_2,Yahoo,はずれ,False,False,https://www.amazon.co.jp/dp/B09HZ6G6NR,Yahoo最安 JAN=4534853092135,
4292,B09HZ7DVWK,instruments,4534853092036,TOUGH-TX タフティクス ギグバッグ エレキギター用 YKK製TOUGH ZIPPER搭載 TX-EG1/BK B,7480.0,,5350,2,standard_2,楽天,はずれ,False,False,https://www.amazon.co.jp/dp/B09HZ7DVWK,楽天最安 JAN=4534853092036,
4293,B06VWMYLKK,instruments,4536140015018,TOMBO トンボ 教育用 ハーモニカ トンボ・シングル No.1215K,1760.0,,5562,8,small,楽天,はずれ,False,False,https://www.amazon.co.jp/dp/B06VWMYLKK,楽天最安 JAN=4536140015018,
4294,B000P5OUBU,instruments,0702725100415,graphtech(グラフテック) TUSQ PQ-9200-C0 1/8インチ TAYLOR(テイラー) STYLE ,1019.0,,5942,4,small,Yahoo,はずれ,False,False,https://www.amazon.co.jp/dp/B000P5OUBU,Yahoo最安 JAN=0702725100415,
4295,B001A5J2EY,instruments,4712389670328,ARTINO アルティノ チェロ用ミュート PM-02,2300.0,,3271,2,small,Yahoo,はずれ,False,False,https://www.amazon.co.jp/dp/B001A5J2EY,Yahoo最安 JAN=4712389670328,
4296,B085C1XT6R,instruments,4582353589990,アーキス(Archiss) Keyboard Sleeve Large パソコン用キーボード収納ケース フルキーボード用,2000.0,,3224,2,standard_1,Yahoo,はずれ,False,False,https://www.amazon.co.jp/dp/B085C1XT6R,Yahoo最安 JAN=4582353589990,
4297,B00W10FA34,industrial,4905533500088,ボンド 変成シリコンシーラント グレー 333ml #04691 10本入り,7758.0,,2788,2,large_2,Yahoo,はずれ,False,False,https://www.amazon.co.jp/dp/B00W10FA34,Yahoo最安 JAN=4905533500088,
4298,B0GMW8MWVK,industrial,,uxcell 10個入 圧縮ばね 外径3.5mm 線径0.2mm 自由長20mm 押しバネ 圧縮バネ コイルスプリング ,1206.0,,3777,2,small,,,False,False,https://www.amazon.co.jp/dp/B0GMW8MWVK,,
4299,B0GN2ZPH6W,industrial,,uxcell 10個入 圧縮ばね 外径10mm 線径0.9mm 自由長50mm 押しバネ 圧縮バネ コイルスプリング ば,1185.0,,3777,2,small,,,False,False,https://www.amazon.co.jp/dp/B0GN2ZPH6W,,
4300,B0GN2HK9XW,industrial,,uxcell 10個入 圧縮ばね 外径9mm 線径0.8mm 自由長20mm 押しバネ 圧縮バネ コイルスプリング ばね,1067.0,,3777,2,small,,,False,False,https://www.amazon.co.jp/dp/B0GN2HK9XW,,
4301,B0GN1SY26B,industrial,,uxcell 10個入 圧縮ばね 外径10mm 線径0.9mm 自由長20mm 押しバネ 圧縮バネ コイルスプリング ば,1206.0,,3777,2,small,,,False,False,https://www.amazon.co.jp/dp/B0GN1SY26B,,
4302,B0GN1XGTNS,industrial,,uxcell 10個入 圧縮ばね 外径3.5mm 線径0.2mm 自由長50mm 押しバネ 圧縮バネ コイルスプリング ,1206.0,,3777,2,small,,,False,False,https://www.amazon.co.jp/dp/B0GN1XGTNS,,
4303,B0GN39R3LN,industrial,,uxcell 10個入 圧縮ばね 外径9mm 線径0.4mm 自由長50mm 押しバネ 圧縮バネ コイルスプリング ばね,1185.0,,3777,1,small,,,False,False,https://www.amazon.co.jp/dp/B0GN39R3LN,,
4304,B0GN23X5FW,industrial,,uxcell 10個入 圧縮ばね 外径6mm 線径0.8mm 自由長35mm 押しバネ 圧縮バネ コイルスプリング ばね,1006.0,,3777,2,small,,,False,False,https://www.amazon.co.jp/dp/B0GN23X5FW,,
4305,B0GMWGD3DL,industrial,,uxcell 10個入 圧縮ばね 外径9mm 線径0.5mm 自由長35mm 押しバネ 圧縮バネ コイルスプリング ばね,1067.0,,3777,2,small,,,False,False,https://www.amazon.co.jp/dp/B0GMWGD3DL,,
4306,B0GN38P15H,industrial,,uxcell 10個入 圧縮ばね 外径9mm 線径0.6mm 自由長40mm 押しバネ 圧縮バネ コイルスプリング ばね,740.0,,3777,2,small,,,False,False,https://www.amazon.co.jp/dp/B0GN38P15H,,
4307,B0GN299RGB,industrial,,uxcell 10個入 圧縮ばね 外径4mm 線径0.2mm 自由長10mm 押しバネ 圧縮バネ コイルスプリング ばね,1206.0,,3777,2,small,,,False,False,https://www.amazon.co.jp/dp/B0GN299RGB,,
4308,B0GN32VFL8,industrial,,uxcell 10個入 圧縮ばね 外径15mm 線径0.9mm 自由長45mm 押しバネ 圧縮バネ コイルスプリング ば,1206.0,,3777,2,small,,,False,False,https://www.amazon.co.jp/dp/B0GN32VFL8,,
4309,B0GN36K7LQ,industrial,,uxcell 10個入 圧縮ばね 外径9mm 線径0.9mm 自由長15mm 押しバネ 圧縮バネ コイルスプリング ばね,750.0,,3777,2,small,,,False,False,https://www.amazon.co.jp/dp/B0GN36K7LQ,,
4310,B0GN3BMXSJ,industrial,,uxcell 10個入 圧縮ばね 外径10mm 線径0.4mm 自由長40mm 押しバネ 圧縮バネ コイルスプリング ば,1006.0,,3777,2,small,,,False,False,https://www.amazon.co.jp/dp/B0GN3BMXSJ,,
4311,B0GMWNLCFR,industrial,,uxcell 10個入 圧縮ばね 外径9mm 線径0.8mm 自由長30mm 押しバネ 圧縮バネ コイルスプリング ばね,1067.0,,3777,2,small,,,False,False,https://www.amazon.co.jp/dp/B0GMWNLCFR,,
4312,B0GN3BM6P7,industrial,,uxcell 10個入 圧縮ばね 外径4mm 線径0.2mm 自由長50mm 押しバネ 圧縮バネ コイルスプリング ばね,1206.0,,3777,2,small,,,False,False,https://www.amazon.co.jp/dp/B0GN3BM6P7,,
4313,B0GN113FYR,industrial,,uxcell 10個入 圧縮ばね 外径3.5mm 線径0.2mm 自由長15mm 押しバネ 圧縮バネ コイルスプリング ,1146.0,,3777,2,small,,,False,False,https://www.amazon.co.jp/dp/B0GN113FYR,,
4314,B0058MIFHU,industrial,4901490046911,コニシ(KONISHI)ボンド 変成シリコンシーラント グレー 333ml #0469,1136.0,,2788,3,standard_1,楽天,はずれ,False,False,https://www.amazon.co.jp/dp/B0058MIFHU,楽天最安 JAN=4901490046911,
4315,B0058MIFXE,industrial,4901490046959,ボンド 変成シリコンシーラント ブラック 333ml #04695,1260.0,,2788,5,standard_1,楽天,はずれ,False,False,https://www.amazon.co.jp/dp/B0058MIFXE,楽天最安 JAN=4901490046959,
4316,B00M2EPCU0,industrial,4903757288867,和気産業 ゴムシート 黒 厚さ5mmX幅1000mmX長さ1M すべり止め クッション材 GS-114 1巻,4891.0,,3855,9,large_2,Yahoo,はずれ,False,False,https://www.amazon.co.jp/dp/B00M2EPCU0,Yahoo最安 JAN=4903757288867,
4317,B0H8DKKYJ2,industrial,,スマホ 冷却ファン ペルチェ素子 【2026年強化版・磁気吸着バッテリー式】 スマホクーラー 携帯クーラー 瞬間冷却 ク,3599.0,,3014,2,small,,,False,False,https://www.amazon.co.jp/dp/B0H8DKKYJ2,,
4318,B0GF1K13YD,industrial,1204277912120,ペット創傷スプレー 通気性防水 クリア創傷治癒スプレー【大容量100ml 】 創傷スプレー 液体消毒剤 止血スプレー 犬,1668.0,,3020,2,small,楽天,はずれ,False,False,https://www.amazon.co.jp/dp/B0GF1K13YD,楽天最安 JAN=1204277912120,
4319,B007RJB1VO,industrial,,テルモディスポシリンジ中口針なし10mlss-10sz100本入,2921.0,,3022,5,standard_1,,,False,False,https://www.amazon.co.jp/dp/B007RJB1VO,,
4320,B0D6V2Z1BK,industrial,,[アイリスオーヤマ] 【4個セット】 マスク 不織布 なめらかタッチマスク 小さめサイズ 個包装 200枚入(50枚入×,2980.0,,3023,3,small,,,False,False,https://www.amazon.co.jp/dp/B0D6V2Z1BK,,
4321,B0D6V62DV5,industrial,,[アイリスオーヤマ] 【2個セット】 マスク 不織布 なめらかタッチマスク ふつうサイズ 個包装 100枚入(50枚入×,1680.0,,3023,3,standard_1,,,False,False,https://www.amazon.co.jp/dp/B0D6V62DV5,,
4322,B0D6V8DBWD,industrial,,[アイリスオーヤマ] 【4個セット】 マスク 不織布 なめらかタッチマスク ふつうサイズ 個包装 200枚入(50枚入×,2980.0,,3332,3,standard_1,,,False,False,https://www.amazon.co.jp/dp/B0D6V8DBWD,,
4323,B0D6V5856R,industrial,,[アイリスオーヤマ] 【2個セット】 マスク 不織布 なめらかタッチマスク 小さめサイズ 個包装 100枚入(50枚入×,1680.0,,3023,3,small,,,False,False,https://www.amazon.co.jp/dp/B0D6V5856R,,
4324,B0D6N738YL,industrial,4967576706155,[アイリスオーヤマ] マスク 不織布 なめらかタッチマスク ふつうサイズ 個包装 50枚入 息しやすい DAILY FI,1100.0,,3332,9,standard_1,Yahoo,はずれ,False,False,https://www.amazon.co.jp/dp/B0D6N738YL,Yahoo最安 JAN=4967576706155,
4325,B0C4KQW2CT,industrial,4535847030478,[マツヨシ] ドクターコート 白衣 【Sサイズ】 メンズ 男性用 診察衣 研修衣 実習衣 長袖 ポケット付き 医療,2180.0,,3025,7,standard_1,楽天,はずれ,False,False,https://www.amazon.co.jp/dp/B0C4KQW2CT,楽天最安 JAN=4535847030478,
4326,B0C4KSD93L,industrial,4535847030485,[マツヨシ] ドクターコート 白衣 【Mサイズ】 メンズ 男性用 診察衣 研修衣 実習衣 長袖 ポケット付き 医療,2180.0,,2899,6,standard_1,楽天,はずれ,False,False,https://www.amazon.co.jp/dp/B0C4KSD93L,楽天最安 JAN=4535847030485,
4327,B0C4KVF54X,industrial,4535847030492,[マツヨシ] ドクターコート 白衣 【Lサイズ】 メンズ 男性用 診察衣 研修衣 実習衣 長袖 ポケット付き 医療,2180.0,,3025,6,standard_1,楽天,はずれ,False,False,https://www.amazon.co.jp/dp/B0C4KVF54X,楽天最安 JAN=4535847030492,
4328,B0C4KRTJCB,industrial,4535847030515,[マツヨシ] ドクターコート 白衣 【３Lサイズ】 メンズ 男性用 診察衣 研修衣 実習衣 長袖 ポケット付き 医療,2180.0,,2899,7,standard_1,楽天,はずれ,False,False,https://www.amazon.co.jp/dp/B0C4KRTJCB,楽天最安 JAN=4535847030515,
4329,B0C4KTLYJ8,industrial,4535847030508,[マツヨシ] ドクターコート 白衣 【LLサイズ】 メンズ 男性用 診察衣 研修衣 実習衣 長袖 ポケット付き 医療,2180.0,,2899,6,standard_1,楽天,はずれ,False,False,https://www.amazon.co.jp/dp/B0C4KTLYJ8,楽天最安 JAN=4535847030508,
4330,B078TD95Y4,industrial,4983771860010,山善(YAMAZEN) スマート連結平台車 40×60cm エラストマーキャスター 耐荷重100kg 【日本製】 軽量 ,3182.0,,3031,2,large_1,Yahoo,はずれ,False,False,https://www.amazon.co.jp/dp/B078TD95Y4,Yahoo最安 JAN=4983771860010,
4331,B01N5BS6G0,industrial,4983771022944,山善(YAMAZEN) スマート連結 平台車(大)40×60cm ナイロンキャスター 【日本製】軽量 連結可能 積み重ね,4480.0,,3031,5,large_1,楽天,はずれ,False,False,https://www.amazon.co.jp/dp/B01N5BS6G0,楽天最安 JAN=4983771022944,
4332,B08F55ND3N,industrial,4983771068263,山善(YAMAZEN) スマート連結平台車 60×40cm ナイロンキャスター 【日本製 】運搬 樹脂 台車 コンパクト,4480.0,,2683,2,large_1,楽天,はずれ,False,False,https://www.amazon.co.jp/dp/B08F55ND3N,楽天最安 JAN=4983771068263,
4333,B0FVDRGC9C,industrial,4550533234305,山善(YAMAZEN) 台車 スマート連結 平台車 40×60cm 耐荷重80kg 日本製 ホワイト YTRM-65E,3480.0,,2683,2,large_1,楽天,はずれ,False,False,https://www.amazon.co.jp/dp/B0FVDRGC9C,楽天最安 JAN=4550533234305,
4334,B0DZ213TL3,industrial,,uxcell 補修クレヨン 補修ペン 穴埋めパテ 木工用パテ フローリング ドア 木製家具 塗装剥がれ 傷隠し 6色入り,1233.0,,2506,2,small,,,False,False,https://www.amazon.co.jp/dp/B0DZ213TL3,,
4335,B0DZ1VKVZJ,industrial,,uxcell 補修クレヨン 補修ペン 穴埋めパテ 木工用パテ フローリング ドア 木製家具 塗装剥がれ 傷隠し 6色入り,1452.0,,2506,2,small,,,False,False,https://www.amazon.co.jp/dp/B0DZ1VKVZJ,,
4336,B005FIBQPA,industrial,4945296006816,JEJアステージ(JEJ Astage) ラリーコンテナ #8 ブラック 防災 W約23×D約30.4×H約16.3cm,1368.0,,4395,9,standard_1,Yahoo,はずれ,False,False,https://www.amazon.co.jp/dp/B005FIBQPA,Yahoo最安 JAN=4945296006816,
4337,B0D99ZLFDT,industrial,,バンドー 化学 BANDO 農機用 Vベルト RED-SⅡ SA59,1773.0,,2399,2,standard_1,,,False,False,https://www.amazon.co.jp/dp/B0D99ZLFDT,,
4338,B0FSCKJSJ1,industrial,4938965121521,コーン用マグネットサインボード A3サイズ 折りたたみ式 CMS-V01W （コーン別売り・用紙付属無し）ウイングエース,2481.0,,4594,3,standard_1,Yahoo,はずれ,False,False,https://www.amazon.co.jp/dp/B0FSCKJSJ1,Yahoo最安 JAN=4938965121521,
4339,B008P7F7FS,industrial,4987580190566,3M 防じんマスク(排気弁付) 8812J-DS1 10枚入り 8812J-HI-10,3415.0,,1708,5,small,Yahoo,はずれ,False,False,https://www.amazon.co.jp/dp/B008P7F7FS,Yahoo最安 JAN=4987580190566,
4340,B008P7F41U,industrial,4548623736792,3M 防じんマスク(排気弁付) 8812J-DS1 3枚入り 8812J-HI-3,1195.0,,1708,5,small,Yahoo,はずれ,False,False,https://www.amazon.co.jp/dp/B008P7F41U,Yahoo最安 JAN=4548623736792,
4341,B008P7F442,industrial,4548623736785,3M 防じんマスク 8710-DS1 3枚入り 8710-HI-3,1000.0,,1708,8,small,Yahoo,はずれ,False,False,https://www.amazon.co.jp/dp/B008P7F442,Yahoo最安 JAN=4548623736785,
4342,B008P7FA50,industrial,4548623736884,3M 防じんマスク (脱臭機能付) 9913-DS1 10枚入り 9913-HI-10,3953.0,,1708,7,small,Yahoo,はずれ,False,False,https://www.amazon.co.jp/dp/B008P7FA50,Yahoo最安 JAN=4548623736884,
4343,B008P7F4EM,industrial,4548623736808,3M 防じんマスク (脱臭機能付) 9913-DS1 3枚入り 9913-HI-3,1596.0,,1708,6,small,Yahoo,はずれ,False,False,https://www.amazon.co.jp/dp/B008P7F4EM,Yahoo最安 JAN=4548623736808,
4344,B008P7F7K8,industrial,4987580190559,3M 防じんマスク 8710-DS1 10枚入り 8710-HI-10,3086.0,,1708,8,small,Yahoo,はずれ,False,False,https://www.amazon.co.jp/dp/B008P7F7K8,Yahoo最安 JAN=4987580190559,
4345,B07F18Z2CT,industrial,4964101091373,[エース] 豚革手袋 豚クレスト背抜きマジック 3双組（3色アソート） AG506 Lサイズ,2033.0,,3322,3,standard_1,Yahoo,はずれ,False,False,https://www.amazon.co.jp/dp/B07F18Z2CT,Yahoo最安 JAN=4964101091373,
4346,B07F1CLGB2,industrial,4964101091366,[エース] 豚革手袋 豚クレスト背抜きマジック 3双組（3色アソート） AG506 Mサイズ,2220.0,,3322,2,standard_1,Yahoo,はずれ,False,False,https://www.amazon.co.jp/dp/B07F1CLGB2,Yahoo最安 JAN=4964101091366,
4347,B008MTGHD0,industrial,4972353078462,カクダイ(KAKUDAI) 水道用フレキパイプ 0784-13×450,1680.0,,3306,8,standard_1,Yahoo,はずれ,False,False,https://www.amazon.co.jp/dp/B008MTGHD0,Yahoo最安 JAN=4972353078462,
4348,B00X5MH8GE,industrial,4970687109920,おたふく手袋 合皮手袋 PU-WAVE 3双組 K-19 ブラック L,1412.0,,4546,5,small,Yahoo,はずれ,False,False,https://www.amazon.co.jp/dp/B00X5MH8GE,Yahoo最安 JAN=4970687109920,
4349,B07434BNCL,industrial,4977292999069,SK11 高発泡ポリエチレン ミナフォームマルマル 直径20mm×巻長3m SKMF-MM20,1041.0,,2823,6,standard_1,楽天,はずれ,False,False,https://www.amazon.co.jp/dp/B07434BNCL,楽天最安 JAN=4977292999069,
4350,B00X5MHM3S,industrial,4970687109753,おたふく手袋 合皮手袋 PU-WAVE 3双組 K-19 ブルー L,2550.0,,3056,2,small,Yahoo,あやしい,False,False,https://www.amazon.co.jp/dp/B00X5MHM3S,Yahoo最安 JAN=4970687109753,
4351,B00X5MH3SW,industrial,4970687109937,おたふく手袋 合皮手袋 PU-WAVE 3双組 K-19 ブラック M,1956.0,,4546,5,small,Yahoo,はずれ,False,False,https://www.amazon.co.jp/dp/B00X5MH3SW,Yahoo最安 JAN=4970687109937,
4352,B00X5MHBK2,industrial,4970687109784,おたふく手袋 合皮手袋 PU-WAVE 3双組 K-19 レッド L,1950.0,,3056,6,small,Yahoo,はずれ,False,False,https://www.amazon.co.jp/dp/B00X5MHBK2,Yahoo最安 JAN=4970687109784,
4353,B0863DQCVT,industrial,0791348252083,leeyovk SMA⇔BNCキット RF同軸アダプタ 変換コネクタ BNC オス メス⇔SMAオス メス 4種類の取り,1499.0,,2887,2,small,楽天,はずれ,False,False,https://www.amazon.co.jp/dp/B0863DQCVT,楽天最安 JAN=0791348252083,
4354,B096LHTCTF,industrial,4589765741169,つばさ(Tsubasa) 日本製 サージカルマスク 持続冷感 冷感 メントール成分配合 PFE/BFE/VFE 99% ,1078.0,,3879,2,small,Yahoo,はずれ,False,False,https://www.amazon.co.jp/dp/B096LHTCTF,Yahoo最安 JAN=4589765741169,
4355,B0BZCGZQF4,industrial,,バンドー 化学 BANDO 農機用 Vベルト レッドS2 (RED-SⅡ SB114),4921.0,,2417,2,standard_1,,,False,False,https://www.amazon.co.jp/dp/B0BZCGZQF4,,
4356,B0BZCG48NR,industrial,,バンドー 化学 BANDO 農機用 Vベルト レッドS2 (RED-SⅡ SB150),6856.0,,2417,2,standard_1,,,False,False,https://www.amazon.co.jp/dp/B0BZCG48NR,,
4357,B0BZCH4J31,industrial,,バンドー 化学 BANDO 農機用 Vベルト レッドS2 (RED-SⅡ SB34),2028.0,,2417,3,standard_1,,,False,False,https://www.amazon.co.jp/dp/B0BZCH4J31,,
4358,B0BZCGJ21L,industrial,,バンドー 化学 BANDO 農機用 Vベルト レッドS2 (RED-SⅡ SB29),1908.0,,2417,3,small,,,False,False,https://www.amazon.co.jp/dp/B0BZCGJ21L,,
4359,B0BZCJP9W1,industrial,,バンドー 化学 BANDO 農機用 Vベルト レッドS2 (RED-SⅡ SB129),5679.0,,2417,2,standard_1,,,False,False,https://www.amazon.co.jp/dp/B0BZCJP9W1,,
4360,B0BZCGYDJ9,industrial,,バンドー 化学 BANDO 農機用 Vベルト レッドS2 (RED-SⅡ SB98),3681.0,,2417,2,standard_1,,,False,False,https://www.amazon.co.jp/dp/B0BZCGYDJ9,,
4361,B0BZCDHZJM,industrial,,バンドー 化学 BANDO 農機用 Vベルト レッドS2 (RED-SⅡ SB110),4656.0,,2417,2,standard_1,,,False,False,https://www.amazon.co.jp/dp/B0BZCDHZJM,,
4362,B0BZCGGGYM,industrial,,バンドー 化学 BANDO 農機用 Vベルト レッドS2 (RED-SⅡ SB95),3519.0,,2417,2,standard_1,,,False,False,https://www.amazon.co.jp/dp/B0BZCGGGYM,,
4363,B0BZCMQQT4,industrial,,バンドー 化学 BANDO 農機用 Vベルト レッドS2 (RED-SⅡ SB24),2230.0,,2417,2,standard_1,,,False,False,https://www.amazon.co.jp/dp/B0BZCMQQT4,,
4364,B0BZCK8CNW,industrial,,バンドー 化学 BANDO 農機用 Vベルト レッドS2 (RED-SⅡ SB104),4377.0,,2417,2,standard_1,,,False,False,https://www.amazon.co.jp/dp/B0BZCK8CNW,,
4365,B0BZCJ4WWW,industrial,,バンドー 化学 BANDO 農機用 Vベルト レッドS2 (RED-SⅡ SB127),5679.0,,2417,2,standard_1,,,False,False,https://www.amazon.co.jp/dp/B0BZCJ4WWW,,
4366,B0BZCHFGYC,industrial,,バンドー 化学 BANDO 農機用 Vベルト レッドS2 (RED-SⅡ SB99),3681.0,,2417,2,standard_1,,,False,False,https://www.amazon.co.jp/dp/B0BZCHFGYC,,
4367,B0BZCHV1LV,industrial,,バンドー 化学 BANDO 農機用 Vベルト レッドS2 (RED-SⅡ SB134),5994.0,,2417,2,standard_1,,,False,False,https://www.amazon.co.jp/dp/B0BZCHV1LV,,
4368,B0BZCGSFWN,industrial,,バンドー 化学 BANDO 農機用 Vベルト レッドS2 (RED-SⅡ SB132),5994.0,,2417,2,standard_1,,,False,False,https://www.amazon.co.jp/dp/B0BZCGSFWN,,
4369,B0BZCH3SS3,industrial,,バンドー 化学 BANDO 農機用 Vベルト レッドS2 (RED-SⅡ SB125),4773.0,,2417,2,standard_1,,,False,False,https://www.amazon.co.jp/dp/B0BZCH3SS3,,
4370,B0BZCJR9KM,industrial,,バンドー 化学 BANDO 農機用 Vベルト レッドS2 (RED-SⅡ SB141),6546.0,,2417,2,standard_1,,,False,False,https://www.amazon.co.jp/dp/B0BZCJR9KM,,
4371,B0BZCHWJVS,industrial,,バンドー 化学 BANDO 農機用 Vベルト レッドS2 (RED-SⅡ SB100),3681.0,,2417,2,standard_1,,,False,False,https://www.amazon.co.jp/dp/B0BZCHWJVS,,
4372,B0BZCJFG96,industrial,,バンドー 化学 BANDO 農機用 Vベルト レッドS2 (RED-SⅡ SB92),3519.0,,2417,2,standard_1,,,False,False,https://www.amazon.co.jp/dp/B0BZCJFG96,,
4373,B0BZCFZ6D2,industrial,,バンドー 化学 BANDO 農機用 Vベルト レッドS2 (RED-SⅡ SB136),6228.0,,2417,2,standard_1,,,False,False,https://www.amazon.co.jp/dp/B0BZCFZ6D2,,
4374,B0BZCL6TMH,industrial,,バンドー 化学 BANDO 農機用 Vベルト レッドS2 (RED-SⅡ SB33),2028.0,,2417,3,small,,,False,False,https://www.amazon.co.jp/dp/B0BZCL6TMH,,
4375,B0BZCHQVSH,industrial,,バンドー 化学 BANDO 農機用 Vベルト レッドS2 (RED-SⅡ SB25),1908.0,,2417,3,small,,,False,False,https://www.amazon.co.jp/dp/B0BZCHQVSH,,
4376,B0BZCJJ98R,industrial,,バンドー 化学 BANDO 農機用 Vベルト レッドS2 (RED-SⅡ SB105),3868.0,,2417,2,standard_1,,,False,False,https://www.amazon.co.jp/dp/B0BZCJJ98R,,
4377,B0BZCJTXRZ,industrial,,バンドー 化学 BANDO 農機用 Vベルト レッドS2 (RED-SⅡ SB148),6856.0,,2417,2,standard_1,,,False,False,https://www.amazon.co.jp/dp/B0BZCJTXRZ,,
4378,B0BZCJYWKS,industrial,,バンドー 化学 BANDO 農機用 Vベルト レッドS2 (RED-SⅡ SB139),6228.0,,2417,2,standard_1,,,False,False,https://www.amazon.co.jp/dp/B0BZCJYWKS,,
4379,B0BZCJP84N,industrial,,バンドー 化学 BANDO 農機用 Vベルト レッドS2 (RED-SⅡ SB108),4098.0,,2417,2,standard_1,,,False,False,https://www.amazon.co.jp/dp/B0BZCJP84N,,
4380,B0BZCKPM2X,industrial,,バンドー 化学 BANDO 農機用 Vベルト レッドS2 (RED-SⅡ SB133),5994.0,,2417,2,standard_1,,,False,False,https://www.amazon.co.jp/dp/B0BZCKPM2X,,
4381,B0BZCHBXWY,industrial,,バンドー 化学 BANDO 農機用 Vベルト レッドS2 (RED-SⅡ SB145),6546.0,,2417,2,standard_1,,,False,False,https://www.amazon.co.jp/dp/B0BZCHBXWY,,
4382,B0BZCJ4QBY,industrial,,バンドー 化学 BANDO 農機用 Vベルト レッドS2 (RED-SⅡ SB137),6228.0,,2417,2,standard_1,,,False,False,https://www.amazon.co.jp/dp/B0BZCJ4QBY,,
4383,B0BZCP9SYK,industrial,,バンドー 化学 BANDO 農機用 Vベルト レッドS2 (RED-SⅡ SB111),4921.0,,2417,2,standard_1,,,False,False,https://www.amazon.co.jp/dp/B0BZCP9SYK,,
4384,B0BZCGYW1V,industrial,,バンドー 化学 BANDO 農機用 Vベルト レッドS2 (RED-SⅡ SB103),4377.0,,2417,2,standard_1,,,False,False,https://www.amazon.co.jp/dp/B0BZCGYW1V,,
4385,B0BZCJJD9F,industrial,,バンドー 化学 BANDO 農機用 Vベルト レッドS2 (RED-SⅡ SB122),4773.0,,2417,2,standard_1,,,False,False,https://www.amazon.co.jp/dp/B0BZCJJD9F,,
4386,B0BZCH29YF,industrial,,バンドー 化学 BANDO 農機用 Vベルト レッドS2 (RED-SⅡ SB115),4921.0,,2417,2,standard_1,,,False,False,https://www.amazon.co.jp/dp/B0BZCH29YF,,
4387,B0BZCH91SH,industrial,,バンドー 化学 BANDO 農機用 Vベルト レッドS2 (RED-SⅡ SB116),5209.0,,2417,2,standard_1,,,False,False,https://www.amazon.co.jp/dp/B0BZCH91SH,,
4388,B0BZCJR2KL,industrial,,バンドー 化学 BANDO 農機用 Vベルト レッドS2 (RED-SⅡ SB142),6546.0,,2417,2,standard_1,,,False,False,https://www.amazon.co.jp/dp/B0BZCJR2KL,,
4389,B0BZCHCXM5,industrial,,バンドー 化学 BANDO 農機用 Vベルト レッドS2 (RED-SⅡ SB130),5679.0,,2417,2,standard_1,,,False,False,https://www.amazon.co.jp/dp/B0BZCHCXM5,,
4390,B0BZCGB3TR,industrial,,バンドー 化学 BANDO 農機用 Vベルト レッドS2 (RED-SⅡ SB118),5209.0,,2417,2,standard_1,,,False,False,https://www.amazon.co.jp/dp/B0BZCGB3TR,,
4391,B0BZCJF6XQ,industrial,,バンドー 化学 BANDO 農機用 Vベルト レッドS2 (RED-SⅡ SB138),6228.0,,2417,2,standard_1,,,False,False,https://www.amazon.co.jp/dp/B0BZCJF6XQ,,
4392,B0BZCJR88N,industrial,,バンドー 化学 BANDO 農機用 Vベルト レッドS2 (RED-SⅡ SB22),2230.0,,2417,2,standard_1,,,False,False,https://www.amazon.co.jp/dp/B0BZCJR88N,,
4393,B0BZCDLJR6,industrial,,バンドー 化学 BANDO 農機用 Vベルト レッドS2 (RED-SⅡ SB146),6856.0,,2417,2,standard_1,,,False,False,https://www.amazon.co.jp/dp/B0BZCDLJR6,,
4394,B0BZCHDY8V,industrial,,バンドー 化学 BANDO 農機用 Vベルト レッドS2 (RED-SⅡ SB94),3519.0,,2417,2,standard_1,,,False,False,https://www.amazon.co.jp/dp/B0BZCHDY8V,,
4395,B0BZCGWMTV,industrial,,バンドー 化学 BANDO 農機用 Vベルト レッドS2 (RED-SⅡ SB126),5679.0,,2417,2,standard_1,,,False,False,https://www.amazon.co.jp/dp/B0BZCGWMTV,,
4396,B0BZCHFNQ5,industrial,,バンドー 化学 BANDO 農機用 Vベルト レッドS2 (RED-SⅡ SB147),6856.0,,2417,2,standard_1,,,False,False,https://www.amazon.co.jp/dp/B0BZCHFNQ5,,
4397,B0BZCJ1TYM,industrial,,バンドー 化学 BANDO 農機用 Vベルト レッドS2 (RED-SⅡ SB123),5436.0,,2417,2,standard_1,,,False,False,https://www.amazon.co.jp/dp/B0BZCJ1TYM,,
4398,B0BZCKD9Y5,industrial,,バンドー 化学 BANDO 農機用 Vベルト レッドS2 (RED-SⅡ SB131),5994.0,,2417,2,standard_1,,,False,False,https://www.amazon.co.jp/dp/B0BZCKD9Y5,,
4399,B0BZCJ8XP6,industrial,,バンドー 化学 BANDO 農機用 Vベルト レッドS2 (RED-SⅡ SB42),2260.0,,2417,3,small,,,False,False,https://www.amazon.co.jp/dp/B0BZCJ8XP6,,
4400,B0BZCM396K,industrial,,バンドー 化学 BANDO 農機用 Vベルト レッドS2 (RED-SⅡ SB41),2260.0,,2417,3,small,,,False,False,https://www.amazon.co.jp/dp/B0BZCM396K,,
4401,B0BZCDS7Q8,industrial,,バンドー 化学 BANDO 農機用 Vベルト レッドS2 (RED-SⅡ SB117),5209.0,,2417,2,standard_1,,,False,False,https://www.amazon.co.jp/dp/B0BZCDS7Q8,,
4402,B0BZCJXK2T,industrial,,バンドー 化学 BANDO 農機用 Vベルト レッドS2 (RED-SⅡ SB97),3681.0,,2417,2,standard_1,,,False,False,https://www.amazon.co.jp/dp/B0BZCJXK2T,,
4403,B0BZCKMY6S,industrial,,バンドー 化学 BANDO 農機用 Vベルト レッドS2 (RED-SⅡ SB101),4377.0,,2417,2,standard_1,,,False,False,https://www.amazon.co.jp/dp/B0BZCKMY6S,,
4404,B0BZCG4ZJP,industrial,,バンドー 化学 BANDO 農機用 Vベルト レッドS2 (RED-SⅡ SB27),1908.0,,2417,3,small,,,False,False,https://www.amazon.co.jp/dp/B0BZCG4ZJP,,
4405,B0BZCK8RPC,industrial,,バンドー 化学 BANDO 農機用 Vベルト レッドS2 (RED-SⅡ SB44),2260.0,,2417,3,standard_1,,,False,False,https://www.amazon.co.jp/dp/B0BZCK8RPC,,
4406,B0BZCGZ5YS,industrial,,バンドー 化学 BANDO 農機用 Vベルト レッドS2 (RED-SⅡ SB37),2156.0,,2417,3,small,,,False,False,https://www.amazon.co.jp/dp/B0BZCGZ5YS,,
4407,B0BZCJGBB6,industrial,,バンドー 化学 BANDO 農機用 Vベルト レッドS2 (RED-SⅡ SB120),4573.0,,2417,2,standard_1,,,False,False,https://www.amazon.co.jp/dp/B0BZCJGBB6,,
4408,B0BZCGQDS2,industrial,,バンドー 化学 BANDO 農機用 Vベルト レッドS2 (RED-SⅡ SB144),6546.0,,2417,2,standard_1,,,False,False,https://www.amazon.co.jp/dp/B0BZCGQDS2,,
4409,B0BZCGBNQC,industrial,,バンドー 化学 BANDO 農機用 Vベルト レッドS2 (RED-SⅡ SB149),6856.0,,2417,2,standard_1,,,False,False,https://www.amazon.co.jp/dp/B0BZCGBNQC,,
4410,B0BZCJGBB9,industrial,,バンドー 化学 BANDO 農機用 Vベルト レッドS2 (RED-SⅡ SB26),1908.0,,2417,3,small,,,False,False,https://www.amazon.co.jp/dp/B0BZCJGBB9,,
4411,B0BZCFLV42,industrial,,バンドー 化学 BANDO 農機用 Vベルト レッドS2 (RED-SⅡ SB113),4921.0,,2417,2,standard_1,,,False,False,https://www.amazon.co.jp/dp/B0BZCFLV42,,
4412,B0BZCJK8RT,industrial,,バンドー 化学 BANDO 農機用 Vベルト レッドS2 (RED-SⅡ SB102),3868.0,,2417,2,standard_1,,,False,False,https://www.amazon.co.jp/dp/B0BZCJK8RT,,
4413,B0BZCK613F,industrial,,バンドー 化学 BANDO 農機用 Vベルト レッドS2 (RED-SⅡ SB93),3519.0,,2417,2,standard_1,,,False,False,https://www.amazon.co.jp/dp/B0BZCK613F,,
4414,B0BZCG5745,industrial,,バンドー 化学 BANDO 農機用 Vベルト レッドS2 (RED-SⅡ SB121),5436.0,,2417,2,standard_1,,,False,False,https://www.amazon.co.jp/dp/B0BZCG5745,,
4415,B0BZCKQ6YG,industrial,,バンドー 化学 BANDO 農機用 Vベルト レッドS2 (RED-SⅡ SB119),5209.0,,2417,2,standard_1,,,False,False,https://www.amazon.co.jp/dp/B0BZCKQ6YG,,
4416,B0BZCHDZD4,industrial,,バンドー 化学 BANDO 農機用 Vベルト レッドS2 (RED-SⅡ SB45),2260.0,,2417,3,small,,,False,False,https://www.amazon.co.jp/dp/B0BZCHDZD4,,
4417,B0BZCGWMTQ,industrial,,バンドー 化学 BANDO 農機用 Vベルト レッドS2 (RED-SⅡ SB128),5679.0,,2417,2,standard_1,,,False,False,https://www.amazon.co.jp/dp/B0BZCGWMTQ,,
4418,B0BZCKRQY8,industrial,,バンドー 化学 BANDO 農機用 Vベルト レッドS2 (RED-SⅡ SB124),5436.0,,2417,2,standard_1,,,False,False,https://www.amazon.co.jp/dp/B0BZCKRQY8,,
4419,B0BZCH1NRZ,industrial,,バンドー 化学 BANDO 農機用 Vベルト レッドS2 (RED-SⅡ SB106),4656.0,,2417,2,standard_1,,,False,False,https://www.amazon.co.jp/dp/B0BZCH1NRZ,,
4420,B0BZCGX16M,industrial,,バンドー 化学 BANDO 農機用 Vベルト レッドS2 (RED-SⅡ SB91),3519.0,,2417,2,standard_1,,,False,False,https://www.amazon.co.jp/dp/B0BZCGX16M,,
4421,B0BZCH8MMV,industrial,,バンドー 化学 BANDO 農機用 Vベルト レッドS2 (RED-SⅡ SB135),5994.0,,2417,2,standard_1,,,False,False,https://www.amazon.co.jp/dp/B0BZCH8MMV,,
4422,B0BZCGRRW5,industrial,,バンドー 化学 BANDO 農機用 Vベルト レッドS2 (RED-SⅡ SB109),4656.0,,2417,2,standard_1,,,False,False,https://www.amazon.co.jp/dp/B0BZCGRRW5,,
4423,B0BZCL1D7J,industrial,,バンドー 化学 BANDO 農機用 Vベルト レッドS2 (RED-SⅡ SB112),4341.0,,2417,2,standard_1,,,False,False,https://www.amazon.co.jp/dp/B0BZCL1D7J,,
4424,B0BZCLWSN8,industrial,,バンドー 化学 BANDO 農機用 Vベルト レッドS2 (RED-SⅡ SB32),2028.0,,2417,3,small,,,False,False,https://www.amazon.co.jp/dp/B0BZCLWSN8,,
4425,B0BZCDWP6P,industrial,,バンドー 化学 BANDO 農機用 Vベルト レッドS2 (RED-SⅡ SB43),2260.0,,2417,3,standard_1,,,False,False,https://www.amazon.co.jp/dp/B0BZCDWP6P,,
4426,B0BZCJGKXG,industrial,,バンドー 化学 BANDO 農機用 Vベルト レッドS2 (RED-SⅡ SB140),6228.0,,2417,2,standard_1,,,False,False,https://www.amazon.co.jp/dp/B0BZCJGKXG,,
4427,B0BZCFPCPK,industrial,,バンドー 化学 BANDO 農機用 Vベルト レッドS2 (RED-SⅡ SB36),2156.0,,2417,3,small,,,False,False,https://www.amazon.co.jp/dp/B0BZCFPCPK,,
4428,B0FJY6G5PM,industrial,,マジックハンド つかみ棒 折りたたみ式 ハンドキャッチャー ロングサイズ 軽量 伸縮可能 360度回転 角度調整対応 磁,1347.0,,2891,2,standard_1,,,False,False,https://www.amazon.co.jp/dp/B0FJY6G5PM,,
4429,B0FJY313Z5,industrial,,マジックハンド つかみ棒 折りたたみ式 ハンドキャッチャー ロングサイズ 軽量 伸縮可能 360度回転 角度調整対応 磁,1347.0,,2891,2,standard_1,,,False,False,https://www.amazon.co.jp/dp/B0FJY313Z5,,
4430,B0F93FB6B4,industrial,,マジックハンド つかみ棒 折りたたみ式 ハンドキャッチャー ロングサイズ 軽量 伸縮可能 360度回転 角度調整対応 磁,1347.0,,2891,2,standard_1,,,False,False,https://www.amazon.co.jp/dp/B0F93FB6B4,,
4431,B01N0RMPDV,industrial,4958995758535,竹虎 タケトラ ニトリル手袋 ブルー Mサイズ 200枚入,2053.0,,2847,10,standard_1,Yahoo,はずれ,False,False,https://www.amazon.co.jp/dp/B01N0RMPDV,Yahoo最安 JAN=4958995758535,
4432,B01MXYPFFC,industrial,4958995758528,竹虎 タケトラ ニトリル手袋 ブルー Sサイズ 200枚入,2069.0,,3074,10,standard_1,Yahoo,はずれ,False,False,https://www.amazon.co.jp/dp/B01MXYPFFC,Yahoo最安 JAN=4958995758528,
4433,B01MU1G2MH,industrial,4958995758511,竹虎 タケトラ ニトリル手袋 ブルー SSサイズ 200枚入,2069.0,,3074,6,standard_1,Yahoo,はずれ,False,False,https://www.amazon.co.jp/dp/B01MU1G2MH,Yahoo最安 JAN=4958995758511,
4434,B00RX3IA5E,industrial,4958995758115,竹虎 タケトラ ニトリル手袋 ホワイト SSサイズ 200枚入,2500.0,,2847,5,standard_1,Yahoo,はずれ,False,False,https://www.amazon.co.jp/dp/B00RX3IA5E,Yahoo最安 JAN=4958995758115,
4435,B01N6HH7JK,industrial,4958995758542,竹虎 タケトラ ニトリル手袋 ブルー Lサイズ 200枚入,2069.0,,2847,9,standard_1,Yahoo,はずれ,False,False,https://www.amazon.co.jp/dp/B01N6HH7JK,Yahoo最安 JAN=4958995758542,
4436,B0CSFT7Z5B,industrial,8708365715349,段差解消スロープ ゴム製 プレート 高さ 4cm〜18cm 階段用 滑り止め バリアフリー 介護 自転車 屋外 駐車場 ,5199.0,,3733,2,large_1,,,False,False,https://www.amazon.co.jp/dp/B0CSFT7Z5B,,
4437,B0CSFTFH6F,industrial,8708365715325,段差スロープ ゴム 段差解消スロープ 段差プレート 高さ 4cm 5cm 6cm 7cm 8cm 9cm 10cm 11,5700.0,,3733,3,large_1,,,False,False,https://www.amazon.co.jp/dp/B0CSFTFH6F,,
4438,B08HYSL26B,industrial,4977292318198,SK11(エスケー11) 六角軸Coステンドリル 極短 5本組 5.0mm,2623.0,,2731,8,small,楽天,はずれ,False,False,https://www.amazon.co.jp/dp/B08HYSL26B,楽天最安 JAN=4977292318198,
4439,B08HYSGHZD,industrial,4977292318327,SK11(エスケー11) 六角軸Coステンドリル 微短 5本組 3.0mm,1217.0,,3085,7,small,Yahoo,はずれ,False,False,https://www.amazon.co.jp/dp/B08HYSGHZD,Yahoo最安 JAN=4977292318327,
4440,B08HYT2RQV,industrial,4977292318372,SK11(エスケー11) 六角軸Coステンドリル 微短 5本組 5.0mm,2274.0,,2731,10,small,楽天,はずれ,False,False,https://www.amazon.co.jp/dp/B08HYT2RQV,楽天最安 JAN=4977292318372,
4441,B08HYRZX88,industrial,4977292318303,SK11(エスケー11) 六角軸Coステンドリル 微短 5本組 2.0mm,1161.0,,2731,9,small,Yahoo,はずれ,False,False,https://www.amazon.co.jp/dp/B08HYRZX88,Yahoo最安 JAN=4977292318303,
4442,B08HYS898C,industrial,4977292318488,SK11(エスケー11) 六角軸Coステンドリル 普通 5本組 2.0mm,1582.0,,3085,9,small,楽天,はずれ,False,False,https://www.amazon.co.jp/dp/B08HYS898C,楽天最安 JAN=4977292318488,
4443,B08HYT2ZCW,industrial,4977292318495,SK11(エスケー11) 六角軸Coステンドリル 普通 5本組 2.5mm,1451.0,,3085,8,small,楽天,はずれ,False,False,https://www.amazon.co.jp/dp/B08HYT2ZCW,楽天最安 JAN=4977292318495,
4444,B08HYSXQQV,industrial,4977292318556,SK11(エスケー11) 六角軸Coステンドリル 普通 5本組 5.0mm,2560.0,,2731,9,small,Yahoo,はずれ,False,False,https://www.amazon.co.jp/dp/B08HYSXQQV,Yahoo最安 JAN=4977292318556,
4445,B08HYS4GNQ,industrial,4977292318365,SK11(エスケー11) 六角軸Coステンドリル 微短 5本組 4.5mm,1687.0,,2731,8,small,Yahoo,はずれ,False,False,https://www.amazon.co.jp/dp/B08HYS4GNQ,Yahoo最安 JAN=4977292318365,
4446,B0CW67D167,industrial,4516748034352,広電(KODEN) 工業扇 工場扇 壁掛け型 45cm アルミ羽根 首振り 3段階風量 風量調節 スイッチボックス 羽根,8680.0,,3086,5,large_2,Yahoo,はずれ,False,False,https://www.amazon.co.jp/dp/B0CW67D167,Yahoo最安 JAN=4516748034352,
