maker,brands,n_products,n_criteria_ok,sum_monthly,categories,top_asin,price_min,price_max,scale_flag,maker_tel,maker_email,maker_url,note
PATIKIL,PATIKIL,111,109,5263,appliances / car / diy_tools / hobby / industrial / instruments / office / toys,B0F475XLBY,1467,7830,大手/著名,,,,要連絡先確認(Phase B)
uxcell,uxcell,101,97,5491,car / diy_tools / hobby / home_kitchen / industrial / office / pc / sports / toys,B0FVDB2Z63,1040,3772,大手/著名,,,,要連絡先確認(Phase B)
BlueSea,HANATORA,71,70,4027,appliances,B0DJGDZ23H,4980,7380,中小候補,,,,要連絡先確認(Phase B)
ExcelValley,ExcelValley,66,65,3250,instruments,B07Y5KNYMN,5273,15690,中小候補,,,,要連絡先確認(Phase B)
エレコム(ELECOM),エレコム(ELECOM) / ロジテック,64,64,3293,appliances / office / pc / pet,B01LXQMYPM,1540,22920,大手/著名,,,,要連絡先確認(Phase B)
Sakunaca,Sakunaca,46,46,2300,baby,B0B4WM7DSQ,4300,7382,中小候補,,,,要連絡先確認(Phase B)
トラスコ中山(TRUSCO),トラスコ中山(TRUSCO),45,45,2299,diy_tools / industrial / office,B00762I0A2,1507,27819,大手/著名,,,,要連絡先確認(Phase B)
Biloban,Biloban,45,45,2250,baby,B0CLV37J99,4617,7230,中小候補,,,,要連絡先確認(Phase B)
LXQAXWK,,44,44,1232,home_kitchen,B0CX8MWFBT,2006,4400,中小候補,,,,要連絡先確認(Phase B)
サンデーペイント,サンデーペイント,40,40,2040,diy_tools,B005NGYVD8,1690,28720,中小候補,0120-951-603,https://www.sundaypaint.co.jp/contact-us,https://www.sundaypaint.co.jp/,[中小] 塗料メーカー。お客様相談室0120-951-603(代表06-6266-3150)。メール無くフォームのみ
XTADTXCFX,XTADTXCFX,38,38,1938,industrial,B0FK5QSM6T,1699,3400,中小候補,,,,要連絡先確認(Phase B)
シーフィールド,シーフィールド,36,36,1836,home_kitchen,B0F9KVKHLT,3880,4750,中小候補,,,,[中小] 同名企業が複数あり、当該ASINの製造元となる公式サイトを特定できず。公式確認できないため空欄
Howorr,Howorr,33,33,4785,baby,B0D44V8Y3C,8949,8949,中小候補,,,,要連絡先確認(Phase B)
キヤノン,キヤノン / ノーブランド品,33,33,1663,appliances / office / pc,B01HI2LEEI,2576,26970,大手/著名,,,,要連絡先確認(Phase B)
Govpy,Govpy,32,32,1632,toys,B0D311PN5K,1612,4374,中小候補,,,,要連絡先確認(Phase B)
アルマックス,アルマックス (ALMAX),32,32,1632,baby / diy_tools,B08KDPVY4C,6790,29390,中小候補,,,,[中小] 「株式会社アルマックス」が複数存在し(表面処理業/他)、当該ブランドの製造元を確定できず。公式確認できないため空欄
M METERXITY,M METERXITY,32,32,1539,diy_tools,B0FG358T2C,1520,3520,中小候補,,,,要連絡先確認(Phase B)
SENLANSHANGMAO,SENLAN,31,31,2165,appliances / pc,B0D9JHDDHZ,1899,5499,中小候補,,,,要連絡先確認(Phase B)
KW-Commerce,kwmobile,31,31,1625,appliances / car / pc,B0CM6HGM1Y,4704,14111,中小候補,,,,要連絡先確認(Phase B)
テレホンリース,ラスタバナナ,30,30,1385,appliances,B0FJX9GC4C,1605,3600,大手/著名,,,,要連絡先確認(Phase B)
ノーブランド品,Ligare / ノーブランド品,28,28,1356,appliances / baby / car / diy_tools / hobby / home_kitchen / industrial / instruments / office / pc / toys,B0F59G56SZ,1590,22800,中小候補,,,,[中小] ノーブランド品でメーカー実体を特定できず。公式サイト確認不可のため空欄
パナソニック(Panasonic),パナソニック(Panasonic),24,24,1208,appliances / diy_tools / home_kitchen / pc,B001QS826O,1640,29086,大手/著名,,,,要連絡先確認(Phase B)
バンダイ(BANDAI),BANDAI / バンダイ(BANDAI),24,24,1207,hobby / toys,B078KJP2GY,1540,15800,大手/著名,,,,要連絡先確認(Phase B)
京都機械工具(KTC),京都機械工具(KTC),25,24,1113,diy_tools,B001EQDWGS,1615,26033,大手/著名,,,,要連絡先確認(Phase B)
サンワサプライ(Sanwa Supply),サンワサプライ(Sanwa Supply),24,23,1219,industrial / office / pc,B09GJVRBJW,1500,16800,大手/著名,,,,要連絡先確認(Phase B)
AMZBAI,AMZBAI,22,22,1496,home_kitchen,B09HC8P5QL,1522,2911,中小候補,,,,要連絡先確認(Phase B)
タカラトミー(TAKARA TOMY),TOMY / タカラトミー(TAKARA TOMY),21,21,1054,appliances / hobby / toys,B0D2K7R62W,1590,16800,大手/著名,,,,要連絡先確認(Phase B)
バンプレスト,ICHIBANSHO FIGURE / バンプレスト / 一番くじ,21,21,1052,hobby / toys,B0CM9M81PD,1680,14200,大手/著名,,,,要連絡先確認(Phase B)
マルカン,マルカン / ミニマルランド,21,21,999,pet,B00BY27BZU,1591,12000,大手/著名,,,,要連絡先確認(Phase B)
スリーエム(3M),スリーエム(3M),20,20,973,car / diy_tools / hobby / home_kitchen / industrial / office,B00215K9LM,1650,28491,大手/著名,,,,要連絡先確認(Phase B)
iCoverCase,iCoverCase,20,20,956,appliances,B0FMRYL8TM,1505,1955,大手/海外疑い,,,,要連絡先確認(Phase B)
K&F Concept,K&F CONCEPT,20,20,908,appliances,B01N1RE481,2640,6684,中小候補,,,,要連絡先確認(Phase B)
ｉｎｏｔｅｎｋａ,ｉｎｏｔｅｎｋａ,19,19,969,sports,B0BSKQXYK6,4280,4280,中小候補,,,,要連絡先確認(Phase B)
アイリスオーヤマ(IRIS OHYAMA),アイリスオーヤマ(IRIS OHYAMA) / アイリスプラザ,19,19,961,diy_tools / home_kitchen / office / pc / pet,B0CVTQ3SXL,1500,14800,大手/著名,,,,要連絡先確認(Phase B)
コクヨ(KOKUYO),コクヨ(KOKUYO),19,19,948,office,B00BBLIXCO,1726,7245,大手/著名,,,,要連絡先確認(Phase B)
コクヨ,コクヨ(KOKUYO),19,19,879,office,B09BJ2S6MN,1770,19536,大手/著名,,,,要連絡先確認(Phase B)
Eonvic,Eonvic,18,18,917,appliances / instruments,B0CBS24V33,3128,25969,中小候補,,,,要連絡先確認(Phase B)
BANDAI SPIRITS(バンダイ スピリッツ),BANDAI SPIRITS(バンダイ スピリッツ) / TAMASHII NATIONS,18,18,906,hobby / toys,B00CM4V7DG,1550,23480,大手/著名,,,,要連絡先確認(Phase B)
サンライン(SUNLINE),サンライン(SUNLINE),18,18,837,sports,B01GB0BWT0,1758,8190,大手/著名,,,,要連絡先確認(Phase B)
HYUJRES,,18,18,792,home_kitchen,B0CMLWRTZD,1502,1988,中小候補,,,,要連絡先確認(Phase B)
Showbest,Showbest,18,18,558,hobby,B09W2MKM1V,1600,1948,中小候補,,,,要連絡先確認(Phase B)
東リ,トウリ(Toli),17,17,979,diy_tools / home_kitchen,B0GMHGYMFJ,3009,7557,大手/著名,,,,要連絡先確認(Phase B)
HAODEMI,HAODEMI,17,17,867,home_kitchen,B0D1R69RS5,2015,9349,中小候補,,,,要連絡先確認(Phase B)
VEROMAN,VEROMAN,17,17,867,sports / toys,B0CBRT26Z1,3980,6980,中小候補,,,,要連絡先確認(Phase B)
ミズノ,MIZUNO(ミズノ),17,17,865,industrial / sports,B0CCGC7BTZ,2099,7659,大手/著名,,,,要連絡先確認(Phase B)
サンリオ,サンリオ(SANRIO),16,16,820,home_kitchen / office / toys,B0DJJH5B79,1580,3580,大手/著名,,,,要連絡先確認(Phase B)
Riuuyyi,Riuuyyi,16,16,805,baby / pet,B0F887417D,2552,7000,中小候補,,,,要連絡先確認(Phase B)
シマノ(SHIMANO),シマノ(SHIMANO),15,15,786,sports,B0GGLG4ST5,1874,17900,大手/著名,,,,要連絡先確認(Phase B)
スケーター(Skater),スケーター(Skater),15,15,782,home_kitchen,B09F2FVXTQ,1976,4681,大手/著名,,,,要連絡先確認(Phase B)
ユニチャーム,unicharm / グランデリ / デオトイレ / 男の子用おしっこオムツ,15,15,760,pet,B00PTB87O6,1695,14800,中小候補,0120-573-001,https://www.unicharm.co.jp/ja/contact-us.html,https://www.unicharm.co.jp/,[大手] 大手メーカー。お客様相談センター(生活用品0120-573-001)。直取引困難・正規窓口/相談センター対応
ダイドーハント (DAIDOHANT),ダイドーハント,15,15,727,diy_tools,B085T5W5WL,2802,10863,中小候補,06-6821-3021,https://daidohant.com/contact/,https://daidohant.com/,[中小] ファブレスの住宅資材メーカー(大阪府吹田市)。代表(総務)06-6821-3021、法人窓口あり。メール無くフォームのみ
アサヒペン(Asahipen),アサヒペン(Asahipen),15,15,715,diy_tools / home_kitchen,B0033K3JTI,1500,10605,大手/著名,,,,要連絡先確認(Phase B)
リソーモリ,リソーモリ,15,15,710,home_kitchen,B0GWPY5TQC,2580,4580,中小候補,,,,[中小] 公式サイト・会社情報を確認できず。公式確認できないため空欄
エプソン,エプソン,14,14,747,office / pc,B0CBLRH1HC,1692,18685,中小候補,050-3155-8700,https://www.epson.jp/contact/,https://www.epson.jp/,[大手] 大手メーカー。インフォメーションセンター050-3155-8700。直取引困難・代理店/正規窓口経由
JAYWIS,JAYWIS,14,14,714,toys,B0GX1VT8GZ,2285,7030,中小候補,,,,要連絡先確認(Phase B)
Obirdie,Obirdie,14,14,714,sports,B0D3WVZSLL,4790,5622,中小候補,,,,要連絡先確認(Phase B)
STARTECH.COM,StarTech.com(スターテック),14,14,714,pc,B00519BF2W,2096,14665,中小候補,,https://www.startech.com/en-us/contact,https://www.startech.com/,[海外] カナダ発ブランド。国内取扱いは正規代理店TD SYNNEX経由。直取引困難・代理店/正規窓口。メール無く問い合わせフォームのみ
ファイブラセル,ファイブラセル,14,14,714,instruments,B007IG8I26,5300,15286,中小候補,,info@select-inter.com,https://www.select-inter.com/,[海外] Fibracellは米国ブランド(合成リード)。日本代理店はセレクトインターナショナル。直取引困難・代理店/正規窓口経由(info@select-inter.com、営業sales@select-inter.com)
Farigrut,Farigrut,14,14,711,baby / home_kitchen,B0DHZ5L1CV,2376,3400,中小候補,,,,要連絡先確認(Phase B)
レゴ(LEGO),LEGO(レゴ),14,14,700,toys,B09QFWT3G2,2168,24116,中小候補,0800-888-0197,https://www.lego.com/ja-jp/service/contact-us,https://www.lego.com/ja-jp,[海外] 海外ブランド。レゴ日本カスタマーサービス0800-888-0197。直取引困難・代理店/正規窓口(カスタマーサービス)。メール無くフォームのみ
シモジマ(Shimojima),シモジマ(SHIMOJIMA),14,14,693,home_kitchen / industrial / office,B004XFKLA2,1781,5764,中小候補,03-3864-0061,https://www.shimojima.co.jp/support/contact.html,https://www.shimojima.co.jp/,[中小] 包装用品の専門商社(東証プライム上場、東京都台東区)。本社03-3864-0061。メール無くフォームのみ
ユニ・チャーム,unicharm / デオトイレ / 愛犬元気 / 銀のスプーン,14,14,679,pet,B0CXHPWS59,2030,21560,中小候補,0120-573-001,https://www.unicharm.co.jp/ja/contact-us.html,https://www.unicharm.co.jp/,[大手] 大手メーカー(No.6と同一企業)。お客様相談センター0120-573-001。直取引困難・正規窓口/相談センター対応
MiaVibte,MiaVibte,14,14,649,pc,B0DHZWDDS8,1932,4995,中小候補,,,,要連絡先確認(Phase B)
empire,EMPIRE,13,13,754,appliances,B0DXF7K3RC,1580,1780,中小候補,,,,要連絡先確認(Phase B)
Lbxgap,Lbxgap,13,13,676,office,B0CJ3CVVLG,4099,6298,中小候補,,,,要連絡先確認(Phase B)
okcsc,okcsc,13,13,671,appliances,B0D2MQ52SN,2450,4450,中小候補,,,,要連絡先確認(Phase B)
Hasbro,Hasbro Gaming / Marvel / Star Wars / Transformers / ハズブロ(HASBRO),13,13,658,hobby / toys,B08SQTW817,2508,11379,中小候補,,customerservice.japan@ap.hasbro.com,https://consumercare.hasbro.com/ja-jp,[海外] 直取引困難・正規窓口。日本法人=ハズブロジャパン合同会社(東京都文京区)。電話終了しメールのみ(平日10-16時)
Outerstuff,OuterStuff,13,13,533,sports,B0DWG4FXRC,5572,7092,中小候補,,,,要連絡先確認(Phase B)
看板ショップ,看板ショップKARIN,12,12,768,office,B019FAESKS,4448,10235,中小候補,058-247-0212,info@kanbanshop.jp,https://www.kanbanshop.jp/,[中小] 公式EC看板ショップの運営は株式会社文化社(岐阜市、公式HP bunka-sha.jp)。フォームは https://www.kanbanshop.jp/f/contact 。Yahoo店では合同会社KARIN SHOP表記もあり同一性は要確認
ウェイモール(WEIMALL),ウェイモール (WEIMALL),13,12,663,car / diy_tools,B00MFGP7XW,8180,29520,中小候補,050-8882-5001,weimallyh@weiec.jp,https://weimall.jp/,[中小] 運営はWEIWEIホールディングス株式会社。電話050-8882-5001、メールweimallyh@weiec.jp
wwqasdfv,wwqasdfv,12,12,660,home_kitchen,B09F73SLWB,1483,2967,中小候補,,,,要連絡先確認(Phase B)
METALLIXITY,METALLIXITY,13,12,643,diy_tools,B0DX26RNFL,1504,5651,中小候補,,,,要連絡先確認(Phase B)
岩田製作所,岩田,12,12,612,industrial,B00TLGNDF8,1599,9184,中小候補,0575-23-6161,info@iwata-fa.jp,https://corporate.iwata-fa.jp/,[中小] 株式会社岩田製作所(岐阜県関市)。FAX 0575-23-6160。産業機械部品メーカー
ブルーブルー(Blue Blue),ブルーブルー(Blue Blue),12,12,600,sports,B08LVJ5VMC,2264,4538,中小候補,0470-28-4444,https://www.bluebluefishing.com/contact/,https://www.bluebluefishing.com/,[中小] フォームのみ(代表メール非公開)。ブルーブルー株式会社(東京本社 中央区、館山Tel 0470-28-4444)。ソルトルアー
ダヴィンチ(da Vinci),da Vinci,12,12,600,hobby,B00409HPF0,4170,9156,中小候補,,https://www.raymay.co.jp/contact/,https://www.raymay.co.jp/davinci/,[中小] フォームのみ。Davinciは株式会社レイメイ藤井のシステム手帳ブランド。電話番号は公式で確認できず
Acogedor,Acogedor,12,12,591,appliances / baby / car / industrial / pc / toys,B0FRWTQ2Y7,1864,16592,中小候補,,,,要連絡先確認(Phase B)
サンワサプライ,サンワサプライ(Sanwa Supply),12,12,579,appliances / industrial / office / pc,B09V4R1M6H,1750,17800,大手/著名,,,,要連絡先確認(Phase B)
エレコム,エレコム(ELECOM),12,12,560,appliances / pc,B07GX1Q6NN,1550,5980,大手/著名,,,,要連絡先確認(Phase B)
Jaorty,Jaorty,11,11,677,appliances,B0C9WT9LKG,1798,1896,中小候補,,,,要連絡先確認(Phase B)
Rearth,Ringke,11,11,595,appliances / pc,B0FCPGDJH3,1899,2799,中小候補,,,,要連絡先確認(Phase B)
JPETTO,JPETTO,11,11,566,pet,B0DSPC3RHB,1606,1999,中小候補,,,,要連絡先確認(Phase B)
HIGHAWK,HIGHAWK,11,11,561,diy_tools,B0C7QSP5HC,1749,6775,中小候補,,,,要連絡先確認(Phase B)
Kanga Care,Kanga Care,11,11,561,baby,B074FBQ66P,5364,11505,中小候補,,,,要連絡先確認(Phase B)
Creality,Lokkr,11,11,561,industrial,B0FQTS47L4,4974,25667,中小候補,,,,要連絡先確認(Phase B)
アイリスオーヤマ,アイリスオーヤマ(IRIS OHYAMA),11,11,559,home_kitchen / office / pet,B09J7Q364F,1597,25207,大手/著名,,,,要連絡先確認(Phase B)
SKASNFAI,SKASNFAI,11,11,556,home_kitchen,B0B6J57J73,2799,6598,中小候補,,,,要連絡先確認(Phase B)
BENECREAT,BENECREAT,11,11,551,diy_tools / hobby / office,B0CSMV53SF,1659,2499,大手/著名,,,,要連絡先確認(Phase B)
アルテ,アルテ / アートプリントジャパン,11,11,550,hobby / home_kitchen,B0012RAWM6,1504,2400,中小候補,03-3904-3561,https://www.apj-online.com/,http://www.apj-i.co.jp/,[中小] 株式会社アートプリントジャパン(A.P.J.)。額縁・写真フレーム。Tel 03-3904-3561。品川区artecorp.co.jpの『アルテ』は別会社(医薬品容器)で無関係
MCS Industries,MCS,11,11,541,toys,B098KRW7CY,6818,20532,中小候補,,,,要連絡先確認(Phase B)
ササガワ(Sasagawa),ササガワ(Sasagawa),11,11,539,office / toys,B010VDR6KW,2029,4148,中小候補,06-6261-2808,https://www.sasagawa-brand.co.jp/contact/index.html,https://www.sasagawa-brand.co.jp/,[中小] 株式会社ササガワ(タカ印、大阪市中央区)。問合せ06-6261-2808/製品06-6261-2831。賞状・のし・POP等
LUCKCOF-JP,LUCKCOF,11,11,538,appliances,B0FVX46VBH,1699,1899,中小候補,,,,要連絡先確認(Phase B)
GEEKRIA,GEEKRIA,11,11,526,appliances / pc,B0BZVNH1W9,1575,7725,中小候補,,,,要連絡先確認(Phase B)
シャチハタ,シャチハタ(Shachihata),11,11,447,office,B002ECB2AY,1525,5472,中小候補,052-686-0366,https://www.shachihata.co.jp/support/,https://www.shachihata.co.jp/,[大手] シヤチハタ株式会社（名古屋市西区）。問い合わせは内容別フォーム。052-686-0366は本社代表
SHOW UP,SHOWUP,11,10,1089,hobby,B0DJVQHR6X,1975,2598,中小候補,,,,要連絡先確認(Phase B)
アイオーデータ,アイオーデータ,10,10,593,pc,B07SB93BXH,1800,16100,中小候補,,https://www.iodata.jp/support/after/tel/,https://www.iodata.jp/company/,[大手] 直取引困難・正規窓口。株式会社アイ・オー・データ機器(石川県金沢市)。サポートは製品別窓口
Allamp,Allamp,10,10,520,appliances,B07QHW8RW9,2800,29000,中小候補,,,,要連絡先確認(Phase B)
YIJOFU,YIJOFU,10,10,517,baby / toys,B0DXM68KJF,2000,2999,中小候補,,,,要連絡先確認(Phase B)
ダイワ(DAIWA),Daiwa,11,10,513,sports,B001LRZIV2,1659,22595,中小候補,0120-506-204,https://support.globeride.co.jp/form/pub/grform_2020/form1,https://www.daiwa.com/jp/,[大手] 直取引困難・お客様窓口。製造販売=グローブライド株式会社(東京都東久留米市)。0120-506-204(平日9-17時)
スターテック(StarTech.com),StarTech.com(スターテック),10,10,511,pc,B09WQGR91D,3872,26773,中小候補,,https://www.startech.com/en-us/support/form,https://www.startech.com/,[海外] 直取引困難・代理店経由(TD SYNNEX等)。フォームのみ。カナダ本社
ケンコー(Kenko),ケンコー(Kenko),10,10,510,appliances,B00UT34UQI,1744,7940,中小候補,0120-775-818,https://www.kenko-tokina.co.jp/contact/form.html,https://www.kenko-tokina.co.jp/,[中小] 株式会社ケンコー・トキナー(埼玉県日高市)。お客様相談室0120-775-818(または03-6840-3389)。カメラ用品・光学
MRZJ,MRZJ,10,10,510,instruments,B099QFJ8V6,4491,6750,中小候補,,,,要連絡先確認(Phase B)
いなばペットフード,いなば,10,10,505,pet,B07M76W4NZ,1676,3850,中小候補,0120-178-390,https://www.inaba-petfood.co.jp/contact/,https://www.inaba-petfood.co.jp/,[中小] いなばペットフード株式会社(静岡市清水区、代表054-375-3111)。お客様相談室0120-178-390。CIAO等
Super7,Super7,10,10,505,hobby / toys,B09VWGV6TQ,5727,21894,中小候補,,,,要連絡先確認(Phase B)
Butler Creek,Butler Creek,10,10,500,hobby,B000JUXS96,2680,6136,中小候補,,,,要連絡先確認(Phase B)
タカラトミーアーツ(TAKARATOMY A.R.T.S),タカラトミーアーツ(TAKARATOMY A.R.T.S),10,10,499,toys,B07QTBH91C,1680,15980,大手/著名,,,,要連絡先確認(Phase B)
X AUTOHAUX,X AUTOHAUX,10,10,489,car,B0DCBLJHR7,1518,3432,中小候補,,,,要連絡先確認(Phase B)
Boundless Voyage,Boundless Voyage,10,10,487,sports,B0CBP425JV,1580,14800,中小候補,,,,要連絡先確認(Phase B)
Hamee(ハミィ),Hamee(ハミィ),10,10,462,appliances,B0CGZY98MQ,2931,4680,中小候補,0465-22-8064,https://hamee.co.jp/contact,https://hamee.co.jp/company,[中小] 神奈川県小田原市。代表電話。問い合わせはフォーム。卸窓口 oroshi@hamee.co.jp
M MAXIMUMCATCH,M MAXIMUMCATCH,10,10,451,sports,B01MTURB01,3050,9399,中小候補,,,,要連絡先確認(Phase B)
LUCKCOF Japan,LUCKCOF,10,10,441,appliances,B0FWHHBXR1,1799,1799,中小候補,,,,要連絡先確認(Phase B)
Zhouyongdinq,CUAWBAPF,10,10,255,office,B0F24SFJST,2656,2656,中小候補,,,,要連絡先確認(Phase B)
XLNB,XLNB,9,9,711,pet,B09JW4TYWW,1851,3155,中小候補,,,,要連絡先確認(Phase B)
アストロプロダクツ,アストロプロダクツ,9,9,529,car / diy_tools,B07KZW9D8X,1539,3619,中小候補,048-501-7704,infobox@astro-p.co.jp,https://www.astro-p.co.jp/,[中小] 運営=株式会社ワールドツール(埼玉県深谷市)。工具・DIY。FAX 048-501-7708、平日9-18時
マキタ(makita),Makita(マキタ),9,9,507,diy_tools,B00A71W3KW,2480,28900,大手/著名,,,,要連絡先確認(Phase B)
新東亜交易,EzyDog,9,9,500,pet,B00N9OG0LM,2310,5001,中小候補,,https://www.shintoa.co.jp/contact/,https://ezydog.jp/,[中小] フォームのみ。EzyDog(豪州)の日本正規代理店=新東亜交易株式会社(東京都千代田区丸の内)
G&G,G&G,9,9,481,appliances / car / home_kitchen / industrial / pc / sports,B01DW211GO,1730,27370,中小候補,,,,要連絡先確認(Phase B)
"Jinjiacheng Photography Equipment Co.,Ltd.",JJC,9,9,480,appliances,B0GJSGQ4L9,1590,4840,中小候補,+86-755-8235-9938,sales@jjc.cc,https://www.jjc.cc,[海外] 中国・深圳の写真用品メーカー。国内窓口不明の可能性。service@jjc.cc も窓口
バッファロー,バッファロー,9,9,477,pc,B000GIWULI,1940,19260,大手/著名,,,,要連絡先確認(Phase B)
SanDisk,SanDisk,9,9,475,pc,B07SSZ8W38,1964,10709,中小候補,,,,要連絡先確認(Phase B)
PDA工房,PDA工房,9,9,469,office / pc / toys,B0F3JG1QT9,1514,3044,中小候補,0570-044-733,pda-shop@pdakobo.com,https://www.pdakobo.com/,[中小] 運営=ユニバーサルシステムズ株式会社（岡山県倉敷市）。ナビダイヤル。法人窓口 info@u-systems.co.jp
Dressy Daisy,Dressy Daisy,9,9,459,toys,B0CD76PCLW,3499,7621,中小候補,,,,要連絡先確認(Phase B)
Buffalo Games LLC.,Buffalo Games,9,9,459,toys,B0DRW8HQTY,4588,7034,大手/著名,,,,要連絡先確認(Phase B)
"iPearl Inc, USA",mCover,9,9,459,pc,B0G42LLGJM,5795,7678,中小候補,,,,要連絡先確認(Phase B)
LIDA,SENLAN,9,9,423,pc,B0CLY6RSCB,3900,3999,中小候補,,,,要連絡先確認(Phase B)
XunLiu,XunLiu,9,9,409,diy_tools,B07CHKKL26,1514,1857,中小候補,,,,要連絡先確認(Phase B)
レイメイ藤井,レイメイ藤井,9,9,330,office,B084RTVMSB,1566,2780,中小候補,092-262-2222,https://www.raymay.co.jp/guide/,https://www.raymay.co.jp/,[中小] 文具・紙製品(福岡)。電話は福岡本社(東京本社03-3632-1081)。問い合わせ案内ページ経由フォーム有
RK ROYAL KLUDGE,RK ROYAL KLUDGE,8,8,521,pc,B0FPQPXYNM,6999,9999,中小候補,,,,要連絡先確認(Phase B)
Fender(フェンダー),Fender(フェンダー),8,8,499,instruments,B00IJY9YGA,2365,24090,中小候補,0120-1946-60,Askfender.jp@fender.com,https://www.fender.com/ja-JP/,[海外] 直取引困難・正規窓口。日本拠点=Fender Music株式会社(東京都渋谷区)。0120-1946-60(平日10-17時)
ACROPIX,ACROPIX,8,8,494,car / industrial,B0CW61TVP4,1670,3110,中小候補,,,,要連絡先確認(Phase B)
YIQQWS,YIQQWS,8,8,464,diy_tools,B09TR5NY9W,1620,11691,中小候補,,,,要連絡先確認(Phase B)
N/C,Toileum,8,8,454,appliances / pet,B0CZL48TMY,1999,4399,中小候補,,,,要連絡先確認(Phase B)
因幡電工(INABA DENKO),因幡電工(INABA DENKO),9,8,428,diy_tools / home_kitchen,B00569BLMG,1558,27700,中小候補,,https://www.inaba-denko.com/ja/inquiry,https://www.inaba-denko.com/ja,[大手] 因幡電機産業株式会社のブランド。フォームのみ（統一電話なし・営業拠点別）。親会社本社 06-4391-1781
RafiCaro,RafiCaro,8,8,426,pet,B091SWB4CF,2280,3680,中小候補,,,,要連絡先確認(Phase B)
サンライズ,ゴン太 / サンライズ / スタイルズ,8,8,417,pet,B08KXP27ST,2071,8470,中小候補,0120-647-181,https://www.mkgr.jp/contact_cs,https://www.mkgr.jp/,[中小] 株式会社マルカン サンライズ事業部。0120-647-181はお客様相談室。フォームも可
ブシロード(BUSHIROAD),ブシロード(BUSHIROAD),8,8,409,hobby / toys,B0CR9QJSCX,1800,5580,中小候補,03-5348-0852,https://bushiroad.com/support,https://bushiroad.com/,[大手] 株式会社ブシロード（東京都中野区）。電話はトレカ専用窓口。他はフォーム
Bach,Vincent Bach,8,8,409,instruments,B0002F773G,3102,28024,中小候補,,,,要連絡先確認(Phase B)
リス(RISU),リス,8,8,408,diy_tools / home_kitchen,B001BCY8GI,12700,21440,中小候補,058-265-2230,,https://www.risu.co.jp/,[中小] リス株式会社（岐阜市）。プラスチック生活雑貨メーカー。FAX 058-265-1220
CASETiFY,CASETiFY,8,8,408,appliances,B0D66N5559,5665,9064,中小候補,,,,要連絡先確認(Phase B)
ベルメゾン,BELLE MAISON(ベルメゾン),8,8,408,home_kitchen,B099WGWCZQ,2690,3990,中小候補,0120-03-1000,https://www.senshukai.co.jp/main/top/contact/index.html,https://www.senshukai.co.jp/,[大手] 株式会社千趣会（大阪市北区）。0120-03-1000はベルメゾン個人向け。法人窓口 0120-65-1000
Gold heart,AVA.Home,8,8,408,home_kitchen,B0834XRF8H,6080,8580,中小候補,,,,要連絡先確認(Phase B)
Beanspet,Beanspet,8,8,408,pet,B0G5QM9HL7,2741,3401,中小候補,,,,要連絡先確認(Phase B)
PING,Ping,8,8,408,sports,B0GH6QCKP2,24700,24700,中小候補,,,,要連絡先確認(Phase B)
三陽金属,三陽金属(Sanyo Metal),8,8,408,diy_tools,B002653JV4,2947,4208,中小候補,0794-82-0188,https://www.sanyo-mt.co.jp/contact/,https://www.sanyo-mt.co.jp/,[中小] 三陽金属株式会社（兵庫県三木市）。フリーダイヤル 0120-420-188 も。フォームあり
SG,SG,8,8,408,appliances,B0F32HDV8X,7040,7040,中小候補,,,,要連絡先確認(Phase B)
TWOCHI,TWOCHI,8,8,408,car,B0BQJQ8CSY,4592,9977,中小候補,,,,要連絡先確認(Phase B)
Musiclily,Musiclily,8,8,408,instruments,B0B3QRZQDQ,3355,7322,中小候補,,,,要連絡先確認(Phase B)
Eavnbaek,Eavnbaek,8,8,408,instruments,B0C3J5BBTT,7462,28949,中小候補,,,,要連絡先確認(Phase B)
LINGYAN(納期7～12日),IMIDIA,8,8,399,pet,B0CCKKVT6P,2587,11500,中小候補,,,,[海外] 中国系Amazonブランド。公式サイト・会社概要を特定できず。国内窓口不明
横トナ,横トナ,8,8,398,pc / toys,B0G2B26BG5,2920,5042,中小候補,0120-770-288,,https://yokotona.jp/,[中小] 運営=株式会社キュリエ（東京都新宿区）。互換トナー・インク専門。営業10:00-17:00
Bandai Spirits,BANDAI / ICHIBANSHO FIGURE / バンプレスト,8,8,397,toys,B0CM9LXGWW,1930,17919,大手/著名,,,,要連絡先確認(Phase B)
Asmodee,Asmodee / GTS Distribution / Hans im Glück / Pandasaurus Games,8,8,396,hobby / toys,B0FHMM1DJJ,4239,13651,中小候補,,,,要連絡先確認(Phase B)
TECART,TECART,8,8,390,car,B0CGMWYDC2,2790,2850,中小候補,,,,要連絡先確認(Phase B)
カクダイ(KAKUDAI),カクダイ(KAKUDAI),8,8,378,diy_tools,B07QYYT9X1,1768,15460,中小候補,,https://kakudai.jp/contact,https://kakudai.jp/,[中小] 株式会社カクダイ（大阪市西区）。水栓金具メーカー。フォームのみ（代表電話をサイト上で確認できず）
Peyyargo,Peyyargo,8,8,378,appliances / pc,B0F9NQSWK2,1749,2099,大手/海外疑い,,,,要連絡先確認(Phase B)
Benboo,Benboo,8,8,376,industrial / pet / toys,B0H51K8CVX,1560,2660,中小候補,,,,要連絡先確認(Phase B)
Nakamichi,Nakamichi,8,8,376,appliances,B0B9N2NG1J,5500,20520,中小候補,,,,要連絡先確認(Phase B)
ダーツショップDARTS HiVe（ダーツハイブ）,Bat Darts Shibuya / EDGE SPORTS / One80,8,7,523,hobby / sports,B0GPD8ZRN8,2649,5390,中小候補,022-716-8853,https://www.dartshive.jp/html/page134.html,https://www.dartshive.jp/,[中小] 運営=株式会社ハイブクリエーション(仙台市青葉区)。FAX 022-716-8854
YAMI,GOOVEN,7,7,454,pc,B0CTDV13YS,2950,3099,中小候補,,,,要連絡先確認(Phase B)
ドギーマン,ドギーマン,7,7,391,pet,B06XGTQGB5,2100,6465,中小候補,0120-086-192,https://www.doggyman.com/inquiry/,https://www.doggyman.com/,[大手] ドギーマンハヤシ株式会社（大阪市東成区）。0120-086-192はお客様相談窓口。本社代表 06-6977-6711
YunSCM,YunSCM,7,7,390,sports,B09X1G3PL1,1859,6499,中小候補,,,,要連絡先確認(Phase B)
MotHeart,MotHeart,7,7,386,car,B0FFDKWVPR,1899,2499,中小候補,,,,要連絡先確認(Phase B)
GORIX(ゴリックス),GORIX(ゴリックス),7,7,373,sports,B0FSCNJ3WV,1599,5999,中小候補,06-4862-4840,,https://www.gottsuprice.jp/,[中小] GORIX株式会社（旧ごっつ株式会社／大阪市東淀川区）。自転車パーツ自社ブランド。特商法表記より
Makilight,Makilight,7,7,372,home_kitchen,B0BG7Q6VTL,2890,4190,中小候補,,,,要連絡先確認(Phase B)
イングレム,イングレム,7,7,367,appliances,B0FSL47GP7,1872,2970,中小候補,03-6413-1051,info@ingrem.co.jp,https://ingrem.co.jp/,[中小] スマホアクセ等。電話(平日10-17時)・メール・フォーム有
Ashconfish,Ashconfish,7,7,365,sports,B08PV98GQG,1499,2799,中小候補,,,,要連絡先確認(Phase B)
サーモス(THERMOS),サーモス(THERMOS),7,7,360,home_kitchen,B0FVFCQH3Q,1800,5792,大手/著名,,,,要連絡先確認(Phase B)
PEUGEOT(プジョー),Peugeot,7,7,357,home_kitchen,B000J18YYO,5945,11000,中小候補,03-5730-1609,peugeot.ec@cornes.jp,https://peugeot-mill.com/,[海外] 対象は仏製ソルトミル。日本正規代理店=コーンズ・アンド・カンパニー(株)。直取引困難・正規窓口
AQUA(アクア),AQUA(アクア),7,7,357,home_kitchen,B0F28TPF6L,2852,3690,中小候補,03-6896-1737,privacy@aqua-company.jp,https://aqua-has.com/,[大手] 旧三洋の白物家電ブランド(ハイアール系)。直取引困難。掲載窓口は家庭用商品・個人情報窓口
ITC,インターナショナルトレーディング,7,7,357,industrial / office,B0DZ5LQN33,18480,29890,中小候補,0836-62-5481,itcweb@black.megaegg.ne.jp,https://www.itcnet.shop/,[中小] AmazonのASINがHTTP500で取得不可のため最有力候補(家具・生活雑貨のインターナショナル・トレーディング(株))を選定。要確認。別候補inttrd.com Tel03-6809-5645
デビフペット,デビフ,7,7,357,pet,B0848WKRDV,1500,5099,中小候補,025-377-1300,https://www.dbfpet.co.jp/contact/form/,https://www.dbfpet.co.jp/,[中小] 新潟のペットフード製造。メール非公開でフォームのみ。お客様相談室Tel(平日)
Funko,Funko,7,7,357,hobby / toys,B0BS1SFPSQ,3483,8353,中小候補,,,,要連絡先確認(Phase B)
ダンロップ(DUNLOP),DUNLOP,7,7,357,car / sports,B099ZCPR6X,1600,25400,中小候補,0120-65-3045,https://sports.dunlop.co.jp/golf/inquiry/,https://sports.dunlop.co.jp/,[大手] 対象はゴルフボール。製造=住友ゴム工業。窓口=ダンロップスポーツマーケティング。直取引困難・正規窓口
Gexmil,Gexmil,7,7,357,pc,B0CCP1N1JM,10158,15415,大手/海外疑い,,,,要連絡先確認(Phase B)
Arfobug,Arfobug,7,7,357,baby,B0F21MGTS4,2799,2799,中小候補,,,,要連絡先確認(Phase B)
ryohinit,ryohinit,7,7,357,pc,B0972QJD5B,1800,1899,大手/海外疑い,,,,要連絡先確認(Phase B)
Spin Master,DREAMWORKS GABBY'S DOLLHOUSE / Dreamworks Dragons / JAM MONSTER / Spin Master Games / Tech Deck,7,7,354,toys,B0CSPFZD1F,4226,7330,中小候補,,,,要連絡先確認(Phase B)
リコー,ノーブランド品 / リコー,7,7,353,pc,B013HB7RQ8,3180,28550,中小候補,0120-892-1111,https://www.ricoh.co.jp/contact,https://jp.ricoh.com/,[大手] 対象はSPトナー(消耗品)。直取引困難・正規窓口(リコーテクニカルコールセンター)
グッドスマイルカンパニー(GOOD SMILE COMPANY),グッドスマイルカンパニー(GOOD SMILE COMPANY),7,7,353,hobby / toys,B0DJVFNDDF,3700,9800,中小候補,,https://corporate.goodsmile.com/ja/contact/,https://www.goodsmile.info/,[中小] フィギュア・ホビー。電話不可、フォームのみ
pisipe,pisipe,7,7,352,baby,B0DK1SQYSC,2300,3465,中小候補,,,,要連絡先確認(Phase B)
Thalia,Thalia,7,7,351,instruments,B0H33N2FJZ,13945,19360,中小候補,,,,要連絡先確認(Phase B)
Amiiba,Amiiba,7,7,350,hobby,B0D9Y5M6MH,1599,1599,中小候補,,,,要連絡先確認(Phase B)
スクウェア・エニックス(SQUARE ENIX),スクウェア・エニックス(SQUARE ENIX),7,7,345,hobby / toys,B0FB93PB8S,2650,6248,中小候補,,https://www.hd.square-enix.com/jpn/contact.html,https://www.jp.square-enix.com/,[大手] ゲーム・キャラ商品。直取引困難・正規窓口。フォームのみ
life_mart,life_mart,7,7,345,diy_tools / home_kitchen / pet / sports,B00EUUJH6Y,1780,3980,中小候補,,,,要連絡先確認(Phase B)
サンカ(Sanka),サンカ(Sanka),7,7,343,home_kitchen,B07TW3DYTY,1520,2448,中小候補,0256-36-1113,,https://www.sanka.ne.jp/,[中小] 株式会社SANKA(新潟県三条市)。収納用品ブランド(squ+/natura等)。メール/フォーム未確認
サンスター文具(Sun-Star Stationery),サンスター文具(Sun-Star Stationery),7,7,342,office,B0D7LY9FT2,1750,2950,中小候補,03-3872-7141,https://www.sun-star-st.jp/contact/,https://www.sun-star-st.jp/,[中小] 文具メーカー(バンダイナムコ系)。電話(平日)+フォーム有
TOPINCN,TOPINCN,7,7,326,car / diy_tools / industrial / instruments / pet,B0BLSH6GNB,1775,8237,中小候補,,,,要連絡先確認(Phase B)
REENEW,REENEW,7,7,320,office / pet,B0DNZ8JMS9,3110,4998,中小候補,,,,要連絡先確認(Phase B)
カミオジャパン(Kamiojapan),カミオジャパン(Kamiojapan),7,7,290,office / pc,B0F6YBV45D,1800,2500,中小候補,,,,要連絡先確認(Phase B)
liuzz,liuzz,7,7,238,car,B094H4L4QZ,1919,1960,中小候補,,,,要連絡先確認(Phase B)
CHBSHENG,CHBSHENG,7,7,217,appliances,B0DH4R6SVD,2923,2999,中小候補,,,,要連絡先確認(Phase B)
MUGUOY,MUGUOY,6,6,378,pet,B0D5Y7D6YB,1780,3170,中小候補,,,,要連絡先確認(Phase B)
VENTION,VENTION,6,6,374,pc,B09R9BC96D,1500,3500,中小候補,,,,要連絡先確認(Phase B)
ナカバヤシ(Nakabayashi),ナカバヤシ(Nakabayashi),6,6,356,office / pc,B01M1NHCU3,1535,17026,中小候補,06-6943-5555,https://www.nakabayashi.co.jp/support/user-inquiry/,https://www.nakabayashi.co.jp/,[中小] アルバム・製本・情報整理。問い合わせはフォーム主体、電話は大阪本社代表
Rouge.,STAR JET,6,6,353,pc,B07P2YPNMY,1513,2618,中小候補,,,,要連絡先確認(Phase B)
Copper Pearl,Copper Pearl,7,6,351,baby,B0D82R8G59,7414,7954,中小候補,,,,要連絡先確認(Phase B)
アイシア,Aixia / ノーブランド品,6,6,318,pet,B07B127XW3,1950,10070,中小候補,0120-712-122,https://www.aixia.jp/support/contact/form/,https://www.aixia.jp/,[中小] キャットフード製造(Umiosグループ)。お客様センターTel(平日)+フォーム有
AIMECO,AIMECO,6,6,312,home_kitchen,B0FPCYCZ4P,6699,8599,中小候補,,,,要連絡先確認(Phase B)
横浜ハーバリウム弐番店,横浜ハーバリウム弐番店,6,6,312,diy_tools,B07WYGQHGB,3129,3129,中小候補,,,,要連絡先確認(Phase B)
サブヒロモリ,Ｓａｂｕ,6,6,306,home_kitchen,B083DWQJWM,2399,3241,中小候補,,,,要連絡先確認(Phase B)
ブルーティーゴルフ,BLUE TEE GOLF,6,6,306,sports,B0749CTX2S,18526,22000,中小候補,,,,要連絡先確認(Phase B)
Karsaer,Karsaer,6,6,306,sports,B0DRWP9GBZ,2880,9056,中小候補,,,,要連絡先確認(Phase B)
アーク(Arc),アーク(Arc),6,6,306,appliances,B0FPWH8PX1,12980,22990,中小候補,,,,要連絡先確認(Phase B)
HM-CXDB,Luddy,6,6,306,baby,B08DCJSH6R,7299,7299,中小候補,,,,要連絡先確認(Phase B)
AmazonUs/CUDAL,Disney(ディズニー),6,6,306,baby,B08Z5HRRRR,5331,6733,中小候補,,,,要連絡先確認(Phase B)
smart-i(スマート・アイ),スマート・アイ(smart-i),6,6,306,home_kitchen,B0GZ2K9ZBP,4731,4980,中小候補,,,,要連絡先確認(Phase B)
ねむりの部屋,ねむりの部屋,6,6,306,home_kitchen,B092QL959X,5299,5299,中小候補,,,,要連絡先確認(Phase B)
Dpofirs,Dpofirs,6,6,306,appliances / pc / toys,B0BK295GTR,2928,10789,中小候補,,,,要連絡先確認(Phase B)
STANLEY(スタンレー),STANLEY(スタンレー),6,6,306,diy_tools,B0001IWCWU,1837,5815,中小候補,,,,要連絡先確認(Phase B)
sangetsu（サンゲツ）,サンゲツ(Sangetsu),6,6,306,diy_tools,B0DRG1ZB1V,3600,3600,中小候補,,,,要連絡先確認(Phase B)
トップ工業,TOP,6,6,306,diy_tools,B001D2ZMD4,1652,3500,中小候補,,,,要連絡先確認(Phase B)
MITER CASE,MITER,6,6,306,appliances,B08H7P39BD,6999,15044,中小候補,,,,要連絡先確認(Phase B)
"Qingdao Haimaicheng Trading Co., Ltd.",AUTMATCH,6,6,306,car,B086W6F5JK,2818,4700,中小候補,,,,要連絡先確認(Phase B)
ニチドウ,ニチドウ,6,6,304,pet,B0010W81OE,1980,8610,中小候補,,,,要連絡先確認(Phase B)
KUNGKIC Auto,KUNGKIC,6,6,302,car,B0CNPYR8ST,2959,6699,中小候補,,,,要連絡先確認(Phase B)
ジェックス,GEXWORLDWIDE,6,6,301,pet,B0BW8NR9VK,1650,4480,中小候補,,,,要連絡先確認(Phase B)
Wassekky,Wassekky,6,6,300,toys,B0FWXN667F,7888,9450,中小候補,,,,要連絡先確認(Phase B)
FIIO,FiiO,6,6,300,appliances,B0DCG67XXF,2570,28449,中小候補,,,,要連絡先確認(Phase B)
GIVI(ジビ),GIVI(ジビ),6,6,300,car,B00IWFQ3QA,5880,7250,中小候補,,,,要連絡先確認(Phase B)
原ウール,原ウール,6,6,300,hobby,B0FNCQN2NC,1670,2050,中小候補,,,,要連絡先確認(Phase B)
HUABAN,HUABAN,6,6,300,industrial,B07M7MHXX5,1700,1999,中小候補,,,,要連絡先確認(Phase B)
タカラトミー,TOMY / タカラトミー(TAKARA TOMY) / デュエマ / デュエルマスターズ,6,6,299,toys,B0CN5JZPJ3,1820,16223,大手/著名,,,,要連絡先確認(Phase B)
イオニックブリーズ(Ionic Breeze),イオニックブリーズ(Ionic Breeze),6,6,298,home_kitchen,B015GLXO1E,20900,28000,中小候補,,,,要連絡先確認(Phase B)
Spigen,Spigen,6,6,298,appliances / car / pc,B0DHJKTM6H,3902,15431,中小候補,,,,要連絡先確認(Phase B)
STARTIST,STARTIST,6,6,298,baby / instruments / sports,B0DBTW1MT7,1870,3460,中小候補,,,,要連絡先確認(Phase B)
キングジム(Kingjim),キングジム(Kingjim),6,6,297,office,B07W4G41QL,1550,15190,中小候補,,,,要連絡先確認(Phase B)
メディアカバーマーケット,メディアカバーマーケット,6,6,297,pc,B0C8CTNBNC,2963,3330,中小候補,,,,要連絡先確認(Phase B)
Rocketbook,Rocketbook,6,6,296,office,B0DP3JPMDC,5736,7263,中小候補,,,,要連絡先確認(Phase B)
JGGLD,JGGLD,6,6,295,car / diy_tools / industrial,B0B4T6RD9L,1528,5874,中小候補,,,,要連絡先確認(Phase B)
デイトナ(Daytona),GIVI(ジビ) / デイトナ(Daytona),6,6,295,car,B08LFWHT8Z,3271,24000,中小候補,,,,要連絡先確認(Phase B)
Native Union,Native Union,6,6,294,appliances / pc,B083SH3TFB,3080,18941,中小候補,,,,要連絡先確認(Phase B)
ZZUU,ZZUU,6,6,294,baby,B07Z5ZW3QH,2148,2645,中小候補,,,,要連絡先確認(Phase B)
ファリグルット,Farigrut,6,6,294,baby,B0FGD8WS31,3838,5866,中小候補,,,,要連絡先確認(Phase B)
DGSHANGMAI,DGSHANGMAI,6,6,288,appliances,B0DPFPCNSD,1898,2898,中小候補,,,,要連絡先確認(Phase B)
パイロット,PILOT / Pilot,6,6,285,office,B09GVKZBJR,1500,19536,大手/著名,,,,要連絡先確認(Phase B)
JHJUH,JHJUH,6,6,285,pet,B09BZJC2PT,1500,2718,中小候補,,,,要連絡先確認(Phase B)
エスコ(Esco),エスコ(Esco),6,6,278,industrial / office,B004B7TKHW,1520,10378,中小候補,,,,要連絡先確認(Phase B)
CHINGLAY,CHINGLAY,6,6,276,car,B0GM6FT64K,2900,7999,中小候補,,,,要連絡先確認(Phase B)
MERIGLARE,MERIGLARE,6,6,274,baby / diy_tools / home_kitchen,B0GHN9K3S3,1783,3660,中小候補,,,,要連絡先確認(Phase B)
ジャッカル(JACKALL),JACKALL,6,6,273,sports,B0FPQHGTKM,1568,1969,中小候補,,,,要連絡先確認(Phase B)
セガ,セガ,6,6,271,hobby / toys,B0CM28485Y,1500,3980,中小候補,,,,要連絡先確認(Phase B)
GOLD DEER,GOLD DEER,6,6,248,diy_tools,B0DPWYC216,1569,3999,中小候補,,,,要連絡先確認(Phase B)
Akozon,Akozon,6,6,245,car / diy_tools / instruments / office,B08F35LR7D,2205,5492,中小候補,,,,要連絡先確認(Phase B)
Gosento,Gosento,5,5,505,pc,B0BMYMX31N,2100,2100,中小候補,,,,要連絡先確認(Phase B)
ラパラ(Rapala),ラパラ(Rapala),5,5,336,sports,B0B72K2C3T,1745,3279,中小候補,072-426-0767,,https://rapala.co.jp/,[海外] フィンランド発ルアー。日本法人ラパラ・ジャパン(株)(大阪府岸和田市)が輸入卸元。メール/フォーム非掲載、Tel/Faxのみ
QYXZA,,5,5,331,industrial,B09STY6HGK,2510,4080,中小候補,,,,要連絡先確認(Phase B)
MIZUNO(ミズノ),MIZUNO(ミズノ),6,5,306,sports / toys,B0GCH429Z9,4752,20132,大手/著名,,,,要連絡先確認(Phase B)
KOOLRIVER,koolriver,5,5,289,appliances / pc,B0CGQRFNWK,1607,1866,中小候補,,,,要連絡先確認(Phase B)
イーグル模型(Eagle Model),EAGLE RACING / イーグル模型(Eagle Model),5,5,274,diy_tools / toys,B0GXV5M978,2020,10050,中小候補,,,,要連絡先確認(Phase B)
ソニー(SONY),Sony,5,5,271,appliances / pc,B00FXKLM40,3980,29700,大手/著名,,,,要連絡先確認(Phase B)
KASK(カスク),Kask カスク,5,5,267,pc / sports,B08FM3WTD4,2533,19403,中小候補,,,,要連絡先確認(Phase B)
EopTatoo,EopTatoo,5,5,267,car,B0DX76WK7B,3299,5980,中小候補,,,,要連絡先確認(Phase B)
ペティオ(Petio),ペティオ (Petio),5,5,260,pet,B08XB3PHRB,1500,4734,中小候補,,,,要連絡先確認(Phase B)
WEIMALL,ウェイモール (WEIMALL),5,5,260,diy_tools / pet / sports / toys,B07DQ8SDG9,2120,5900,中小候補,,,,要連絡先確認(Phase B)
アピア(APIA),アピア(Apia),5,5,260,sports,B0D368QWP9,3391,3494,中小候補,,,,要連絡先確認(Phase B)
Bykiyevm,Bykiyevm,5,5,258,instruments / pet,B0D8HRFMFF,1898,2298,中小候補,,,,要連絡先確認(Phase B)
マスプロ電工,マスプロ電工,5,5,257,appliances,B079DL26YB,4400,10500,中小候補,,,,要連絡先確認(Phase B)
ROYAL CANIN Japan,ロイヤルカナン,5,5,256,pet,B001JKZ4E2,5450,28500,中小候補,,,,要連絡先確認(Phase B)
東芝(TOSHIBA),オーレックス(AUREX) / 東芝(TOSHIBA),5,5,255,appliances / diy_tools / home_kitchen / sports,B0G5YTYBL5,3570,15600,大手/著名,,,,要連絡先確認(Phase B)
HFUGUD,HFUGUD,5,5,255,home_kitchen,B0C1CP61HJ,9599,11099,中小候補,,,,要連絡先確認(Phase B)
iimono117,iimono117,5,5,255,home_kitchen / office / pet,B09VX9B1H2,3480,6990,中小候補,,,,要連絡先確認(Phase B)
FHSBlinds,fhsblinds,5,5,255,home_kitchen,B0CQVD2NLY,7326,24941,中小候補,,,,要連絡先確認(Phase B)
cloth shop 布や,カーテン専門店 cloth shop布や,5,5,255,home_kitchen,B0FJ1NBCQ1,1598,2198,中小候補,,,,要連絡先確認(Phase B)
プラマイゼロ株式会社,PLUS MINUS ZERO,5,5,255,home_kitchen,B07VRX1XDS,6700,9900,大手/著名,,,,要連絡先確認(Phase B)
IZUGA,IZUGA,5,5,255,office,B0CHBHZNCY,1515,2150,中小候補,,,,要連絡先確認(Phase B)
YONBEN,YONBEN,5,5,255,office,B0DZ5VZP14,2099,2099,中小候補,,,,要連絡先確認(Phase B)
シャープ(SHARP),シャープ(SHARP),5,5,255,home_kitchen / office / pc,B0001CQEQQ,3997,20800,大手/著名,,,,要連絡先確認(Phase B)
ペティオ,ペティオ (Petio),5,5,255,pet,B0B48QK8CP,3150,5850,中小候補,,,,要連絡先確認(Phase B)
Buffalo Games,Buffalo Games,5,5,255,toys,B0DM9MWGDL,4340,7688,大手/著名,,,,要連絡先確認(Phase B)
Apostrophe Games,Apostrophe Games,5,5,255,toys,B0F24Y4189,6464,10761,中小候補,,,,要連絡先確認(Phase B)
JACKALL(ジャッカル),JACKALL,5,5,255,sports,B09X6NRWW7,1595,12078,中小候補,,,,要連絡先確認(Phase B)
adidas(アディダス),adidas(アディダス),5,5,255,sports,B0DPKPH4HN,2200,3080,大手/著名,,,,要連絡先確認(Phase B)
Kepuch,Kepuch,5,5,255,pc,B0F2N2Y8Z9,1599,2198,中小候補,,,,要連絡先確認(Phase B)
lasoftan,lasoftan,5,5,255,baby,B0D5CBWQ3H,8181,8760,中小候補,,,,要連絡先確認(Phase B)
sezu,sezu,5,5,255,home_kitchen,B0CKSQWV4M,2890,2890,中小候補,,,,要連絡先確認(Phase B)
エバーグリーン(EVERGREEN),エバーグリーン(EVERGREEN),5,5,255,sports,B01GN05M9O,1893,3238,中小候補,,,,要連絡先確認(Phase B)
Audio Technica(オーディオテクニカ),Audio Technica(オーディオテクニカ),5,5,255,appliances / instruments,B00287B8T0,1912,10233,中小候補,,,,要連絡先確認(Phase B)
NATURALdesign,NATURAL design,5,5,255,appliances,B0BSNFXC22,1579,1580,中小候補,,,,要連絡先確認(Phase B)
EONVIC,Eonvic,5,5,255,appliances / instruments,B09XR1XBDT,2874,14713,中小候補,,,,要連絡先確認(Phase B)
RSタイチ(RS TAICHI),TAICHI,5,5,255,car,B0GJ4NVR7Z,8870,8870,中小候補,,,,要連絡先確認(Phase B)
谷口楽器,谷口楽器,5,5,255,instruments,B00A2M7VYO,6860,6860,中小候補,,,,要連絡先確認(Phase B)
yinfente,yinfente,5,5,255,instruments,B077VQ3HNY,18460,22270,中小候補,,,,要連絡先確認(Phase B)
Mattel,Matchbox / Star Wars / マテル(MATTEL),5,5,254,hobby / toys,B0CY2SJ5SR,2280,26808,中小候補,,,,要連絡先確認(Phase B)
ドクターエア,ドクターエア,5,5,254,home_kitchen,B09WDJYR5P,11500,12375,中小候補,,,,要連絡先確認(Phase B)
ヤマハ(YAMAHA),ヤマハ(YAMAHA),5,5,254,car / instruments,B00O4X0IKG,1585,9500,大手/著名,,,,要連絡先確認(Phase B)
帝塚山ハウンドカム,PetKind / Terra Canis / 帝塚山ハウンドカム,5,5,253,pet,B07HNQ353D,3775,20900,中小候補,,,,要連絡先確認(Phase B)
京商(Kyosho),京商(Kyosho),5,5,253,toys,B0C5D9ZP26,2420,25660,中小候補,,,,要連絡先確認(Phase B)
三菱鉛筆,三菱鉛筆,5,5,252,office,B07ZD81RN4,1670,2869,大手/著名,,,,要連絡先確認(Phase B)
Kisigim,Kisigim,5,5,252,baby,B0CRKVNX5K,2730,3784,中小候補,,,,要連絡先確認(Phase B)
koulaya,koulaya,5,5,251,home_kitchen / instruments,B0DJ9527KY,2298,3399,中小候補,,,,要連絡先確認(Phase B)
キョーリン,Hikari(ヒカリ) / アクアランド / キョーリン,5,5,251,pet,B005MMCRZM,2755,8998,中小候補,,,,要連絡先確認(Phase B)
グッドスマイルカンパニー,グッドスマイルカンパニー(GOOD SMILE COMPANY),5,5,251,hobby / toys,B0FB3MQJ4F,2250,7280,中小候補,,,,要連絡先確認(Phase B)
Melissa & Doug,Melissa & Doug,5,5,251,toys,B0DKVGQDDY,3237,21054,中小候補,,,,要連絡先確認(Phase B)
京セラ(Kyocera),京セラ(Kyocera),5,5,251,industrial / pc,B071P5DYJQ,4439,21258,中小候補,,,,要連絡先確認(Phase B)
ハズブロ(HASBRO),Marvel / Star Wars,5,5,250,toys,B08P23L3C5,2998,9007,中小候補,,,,要連絡先確認(Phase B)
VGEBY,VGEBY,5,5,250,diy_tools / industrial / pc,B0CW1THNCP,1646,2722,中小候補,,,,要連絡先確認(Phase B)
Winmany,Winmany,5,5,250,baby,B0CLCYGNVQ,2200,2858,中小候補,,,,要連絡先確認(Phase B)
Diexgiy,Diexgiy,5,5,250,baby,B0DQC317KY,5999,5999,中小候補,,,,要連絡先確認(Phase B)
Poocen,Poocen,5,5,250,baby,B0D9N3NY56,2312,5163,中小候補,,,,要連絡先確認(Phase B)
カランダッシュ(Caran d'Ache),カランダッシュ(Caran d'Ache),5,5,247,office,B0D95WT4YG,8800,29040,大手/海外疑い,,,,要連絡先確認(Phase B)
CHANCS MOTOR,CHANCS,5,5,245,diy_tools / industrial,B0B5WZVT1H,1999,2699,中小候補,,,,要連絡先確認(Phase B)
ぺんてる,ぺんてる,5,5,241,office,B00CJ299EA,1684,3212,大手/著名,,,,要連絡先確認(Phase B)
lisBaby,lisBaby,5,5,240,pet,B0FPR16DRT,2500,3858,中小候補,,,,要連絡先確認(Phase B)
ゼット(ZETT),ゼット(ZETT),5,5,237,sports,B0FJ261RLT,3460,16000,中小候補,,,,要連絡先確認(Phase B)
大直,SIWA 紙和,5,5,235,office,B0D7L9FVG6,3080,3740,中小候補,,,,要連絡先確認(Phase B)
SPALDING(スポルディング),SPALDING(スポルディング),5,5,228,sports,B0B3R15J79,2100,3760,中小候補,,,,要連絡先確認(Phase B)
AHL,AHL,5,5,227,car,B0721JKKYZ,1600,2650,中小候補,,,,要連絡先確認(Phase B)
FORPEND,FORPEND,5,5,225,toys,B07H5GBT6D,3480,3480,中小候補,,,,要連絡先確認(Phase B)
コスパ(COSPA),コスパ COSPA,5,5,220,hobby,B0GTNL7SCW,1930,4642,中小候補,,,,要連絡先確認(Phase B)
RealStone(リアルストーン),RealStone（リアルストーン）,5,5,219,sports,B06X922ZVL,2330,2970,中小候補,,,,要連絡先確認(Phase B)
さくら禅,Outdoor Survival,5,5,210,sports,B0D2P152ZJ,3580,3980,中小候補,,,,要連絡先確認(Phase B)
フィンタ,フィンタ,5,5,210,sports,B0D7M28M74,2480,2480,中小候補,,,,要連絡先確認(Phase B)
DodoxDIY,DodoxDIY,5,5,208,car,B0H45QDZS8,2399,3999,中小候補,,,,要連絡先確認(Phase B)
HELIOS,HELIOS,5,5,207,car,B0F53ZZ2T9,1950,6365,中小候補,,,,要連絡先確認(Phase B)
KUNIO,KUNIO,5,5,206,car,B0DLFJHB3C,1650,2300,中小候補,,,,要連絡先確認(Phase B)
Artispro,Artispro,5,5,205,sports,B0DQNJ28S5,14080,17680,中小候補,,,,要連絡先確認(Phase B)
GEECRACK(ジークラック),GEECRACK / ジークラック(GEECRACK),5,5,153,sports,B0CJ478N1G,1506,1804,中小候補,,,,要連絡先確認(Phase B)
ニッタク(Nittaku),ニッタク(Nittaku),6,4,306,sports,B08M3Q4TKF,2179,5299,中小候補,,,,要連絡先確認(Phase B)
広電(KODEN),広電(KODEN),5,4,255,home_kitchen,B0BDLRCDLS,2780,4580,中小候補,,,,要連絡先確認(Phase B)
パール(Pearl),パール(Pearl),4,4,254,instruments,B003O1XT4Q,2090,7780,中小候補,,,,要連絡先確認(Phase B)
キャプテンスタッグ(CAPTAIN STAG),キャプテンスタッグ(CAPTAIN STAG),5,4,250,sports,B0DYN44X5R,1618,18000,中小候補,,,,要連絡先確認(Phase B)
JIYI INTERNATIONAL INDUSTRY LIMITED,XIAGLE,4,4,228,sports,B0H1JGR8N8,4199,4199,中小候補,,,,要連絡先確認(Phase B)
Abaodam,Abaodam,4,4,227,instruments / pet / toys,B0F4F5ZRS4,1616,7757,中小候補,,,,要連絡先確認(Phase B)
ユーラック(Ulac),ユーラック(Ulac),4,4,224,sports,B09LV484YF,2981,3190,中小候補,,,,要連絡先確認(Phase B)
BMZ,BMZ,4,4,224,sports,B0FBWPF42Z,8580,8580,中小候補,,,,要連絡先確認(Phase B)
NEC,NEC,4,4,223,pc,B07T7VV2T9,3980,17540,大手/著名,,,,要連絡先確認(Phase B)
エール,エール,4,4,222,sports / toys,B09N92JL2T,1580,2380,中小候補,,,,要連絡先確認(Phase B)
AMBROSIA Japan,AMBROSIA(アンブロシア),4,4,220,pet,B0CKSC2XB5,4288,14833,中小候補,,,,要連絡先確認(Phase B)
RUIKER,RUIKER,4,4,218,appliances,B0FSSM2MQD,1899,1899,中小候補,,,,要連絡先確認(Phase B)
adidas Golf(アディダスゴルフ),adidas(アディダス),4,4,216,sports,B0D7CH9VD3,2200,19800,大手/著名,,,,要連絡先確認(Phase B)
Keenso,Keenso,4,4,214,car / industrial,B07N1LLFDM,1684,3172,中小候補,,,,要連絡先確認(Phase B)
HUAHAO,HUAHAO / YEEPIN,4,4,214,car,B088696BPG,1665,2533,中小候補,,,,要連絡先確認(Phase B)
ティムコ(TIEMCO),ティムコ(TIEMCO),4,4,210,sports,B007Q64I90,1835,6194,中小候補,,,,要連絡先確認(Phase B)
ドギーマンハヤシ,ドギーマン,4,4,208,pet,B0CF5FFWD7,1880,3888,中小候補,,,,要連絡先確認(Phase B)
Wake In Cloud,Wake In Cloud,4,4,208,baby,B09RZ3SND8,10562,14020,中小候補,,,,要連絡先確認(Phase B)
SwaddleDesigns,Swaddle Designs,4,4,208,baby,B0BGFKJL6Q,3283,5549,中小候補,,,,要連絡先確認(Phase B)
LEZAX,Lezax,4,4,208,sports,B00HZF2TZC,1500,2088,中小候補,,,,要連絡先確認(Phase B)
クレイジーオーシャン,オーパデザイン,4,4,208,sports,B08SQR7J99,4530,4667,中小候補,,,,要連絡先確認(Phase B)
丸眞,丸眞,4,4,206,home_kitchen / sports,B0DK2RB4DT,1712,3036,中小候補,,,,要連絡先確認(Phase B)
Bandai,BANDAI / ICHIBANSHO FIGURE / バンプレスト,4,4,206,hobby / toys,B08MCPCD3M,2250,29325,大手/著名,,,,要連絡先確認(Phase B)
アーモンド　ＳＩｍ　ｃａｒｄ,アーモンド　ＳＩｍ　ｃａｒｄ,4,4,205,appliances,B0GJ6SJ25G,1580,7380,中小候補,,,,要連絡先確認(Phase B)
"Western Digital Technologies, Inc.",SanDisk,4,4,205,pc,B07SYB38Q8,4162,26519,中小候補,,,,要連絡先確認(Phase B)
HomeMay,HomeMay,4,4,204,home_kitchen,B0GYDQ6S6R,17990,29980,中小候補,,,,要連絡先確認(Phase B)
MEMETARO,MEMETARO,4,4,204,home_kitchen,B0H3T6ZFN6,4880,7480,中小候補,,,,要連絡先確認(Phase B)
トウリ(Toli),トウリ(Toli),4,4,204,home_kitchen,B0DKM6NCKD,7557,7557,大手/著名,,,,要連絡先確認(Phase B)
Koonafy,Koonafy,4,4,204,home_kitchen,B09TKR661R,1756,2295,中小候補,,,,要連絡先確認(Phase B)
ブラザー,ブラザー工業,4,4,204,office / pc,B072DXJHV4,2080,9106,中小候補,,,,要連絡先確認(Phase B)
Jolly Pets,Jolly Pets,4,4,204,pet,B003TEQ2U6,2482,3675,中小候補,,,,要連絡先確認(Phase B)
エーハイム,エーハイム,4,4,204,pet,B09KPLQL1G,1600,23950,中小候補,,,,要連絡先確認(Phase B)
ペットライン,Petline,4,4,204,pet,B0CB5NTZMQ,3322,10000,中小候補,,,,要連絡先確認(Phase B)
ポケモン,ポケモン(Pokemon) / ポケモンカードゲーム,4,4,204,toys,B09MWJ6Y22,1914,3499,中小候補,,,,要連絡先確認(Phase B)
Grip-n-Rip,Grip-N-Rip,4,4,204,sports,B01IC8U2BS,2702,7036,中小候補,,,,要連絡先確認(Phase B)
Helikon-Tex,HELIKON-TEX,4,4,204,sports,B07HC8SJ35,10780,12170,中小候補,,,,要連絡先確認(Phase B)
SPEEDWOX,SPEEDWOX,4,4,204,diy_tools,B0BWTHK947,2259,5289,中小候補,,,,要連絡先確認(Phase B)
Carveit,Carveit,4,4,204,appliances,B0DFM38219,4600,4600,中小候補,,,,要連絡先確認(Phase B)
TUCOMO,TUCOMO,4,4,204,appliances,B0D9K2YCRG,1770,2780,中小候補,,,,要連絡先確認(Phase B)
Maymom,Maymom,4,4,204,baby,B0CWGCDS7Q,2803,6200,中小候補,,,,要連絡先確認(Phase B)
Rumparooz,Kanga Care,4,4,204,baby,B00GJVM09S,6191,9842,中小候補,,,,要連絡先確認(Phase B)
HarnyLoom,HarnyLoom,4,4,204,car,B0H4KY1N7S,2320,2760,中小候補,,,,要連絡先確認(Phase B)
アイアールシー(iRC Tire),アイアールシー(iRC Tire),4,4,204,car,B00415B69Y,5511,13950,中小候補,,,,要連絡先確認(Phase B)
グリーンインダストリー株式会社,FlowerKitchen,4,4,204,home_kitchen,B07TCL7VQK,6998,6998,中小候補,,,,要連絡先確認(Phase B)
Alibo,ALIBO,4,4,204,office,B07DB3SM4Y,4199,4399,中小候補,,,,要連絡先確認(Phase B)
SIB株式会社,オルルド釣具,4,4,204,sports,B094V733NV,2665,8918,中小候補,,,,要連絡先確認(Phase B)
ブリヂストン(BRIDGESTONE),ブリヂストン(BRIDGESTONE),4,4,204,car / sports,B0CCVCM1JL,7258,27500,中小候補,,,,要連絡先確認(Phase B)
ACTEON,Acteon,4,4,204,sports,B01JQSEAWU,4080,4080,中小候補,,,,要連絡先確認(Phase B)
MARBEINE,MARBEINE,4,4,204,sports,B0D1V2SM4K,1590,1790,中小候補,,,,要連絡先確認(Phase B)
ペイフォワード(Pay Forward),ペイフォワード(Pay Forward),4,4,204,sports,B0861M6F8Q,1752,1986,中小候補,,,,要連絡先確認(Phase B)
クルー(Clue),クルー(Clue),4,4,204,sports,B01N8RP67E,1623,1623,中小候補,,,,要連絡先確認(Phase B)
ミカサ,ミカサ,4,4,204,sports,B08BCJ9WNB,2040,7366,中小候補,,,,要連絡先確認(Phase B)
BKK,BKK,4,4,204,sports,B0DGY519HP,5311,5500,中小候補,,,,要連絡先確認(Phase B)
JUELREOU,JUELREOU,4,4,204,diy_tools,B0GR8Z64LD,1588,3088,中小候補,,,,要連絡先確認(Phase B)
Garosa,Garosa,4,4,204,car / diy_tools,B07JVLVP8M,1590,2258,中小候補,,,,要連絡先確認(Phase B)
HEXIN,Eisuiyi,4,4,204,pc,B088SYX8BK,3980,3980,中小候補,,,,要連絡先確認(Phase B)
MoKo,MoKo,4,4,204,pc,B0F2MJC874,8201,9135,中小候補,,,,要連絡先確認(Phase B)
Qiilu,Qiilu,4,4,204,car / industrial,B09BR81YYW,2169,3906,中小候補,,,,要連絡先確認(Phase B)
サンスター(SUNSTAR),サンスター(SUNSTAR),4,4,204,car,B007H3IV6S,5041,5170,中小候補,,,,要連絡先確認(Phase B)
Sintoms,Musiclily,4,4,204,instruments,B09MHHRL89,4246,5787,中小候補,,,,要連絡先確認(Phase B)
MXR,MXR,4,4,204,instruments,B09BYJQYHR,15400,24800,中小候補,,,,要連絡先確認(Phase B)
Zero Glide,Zero Glide,4,4,204,instruments,B00JYCK3R0,10689,11387,中小候補,,,,要連絡先確認(Phase B)
YWJJMY,YWJJMY,4,4,204,instruments,B08NSYXZQ6,10380,10380,中小候補,,,,要連絡先確認(Phase B)
Easyworkz,Easyworkz,4,4,203,home_kitchen,B0G1M7S85J,2699,5999,中小候補,,,,要連絡先確認(Phase B)
りぶはあと(Livheart),LIV HEART,4,4,203,baby / home_kitchen,B07VFGKJYX,1746,3500,中小候補,,,,要連絡先確認(Phase B)
イーグル模型,EAGLE RACING,4,4,203,toys,B09WHLXWGY,1632,4111,中小候補,,,,要連絡先確認(Phase B)
GEBYUI,GEBYUI,4,4,203,baby,B0FJDW5CDY,2850,3099,中小候補,,,,要連絡先確認(Phase B)
NETUM,NETUM,4,4,203,office,B0B773QN46,7999,25999,中小候補,,,,要連絡先確認(Phase B)
マースジャパン,カルカン / シーザー / マースジャパン,4,4,203,pet,B079ZMYMN8,1644,3920,中小候補,,,,要連絡先確認(Phase B)
ケイカンパニー(K Company),K&Company / ケイカンパニー(K Company),4,4,202,car / home_kitchen / toys,B0DT5R9MGD,1686,2380,中小候補,,,,要連絡先確認(Phase B)
ラドンナ,LADONNA / TOFFY,4,4,202,baby / home_kitchen,B0CT5RWXT2,1680,9280,中小候補,,,,要連絡先確認(Phase B)
Yanmis,Yanmis,4,4,202,appliances / instruments / office / pet,B0DHGHYW8Y,1607,5123,中小候補,,,,要連絡先確認(Phase B)
Ginsey Industries,Nickelodeon / Sesame Street,4,4,202,baby,B0BNT7V1X7,5113,6071,中小候補,,,,要連絡先確認(Phase B)
Generic,Generic,4,4,201,pet / toys,B0G7C5RC14,1797,2907,中小候補,,,,要連絡先確認(Phase B)
ユタカメイク(Yutaka Make),トラスコ中山(TRUSCO) / ユタカメイク(Yutaka Make),4,4,201,industrial,B004OCMNFU,1607,4354,大手/著名,,,,要連絡先確認(Phase B)
Fiegcit,Fiegcit,4,4,200,baby,B0FL7DJF8R,12500,15199,中小候補,,,,要連絡先確認(Phase B)
Ptomoto,Ptomoto,4,4,200,baby / car,B0F7R8QC45,2180,2680,中小候補,,,,要連絡先確認(Phase B)
MAHLE GmbH,MAHLE,4,4,200,car,B07VVB5JPN,1859,4162,中小候補,,,,要連絡先確認(Phase B)
LEUCHTTURM1917(ロイヒトトゥルム1917),LEUCHTTURM1917(ロイヒトトゥルム1917),4,4,200,office,B09MC7CTJ2,6050,6050,中小候補,,,,要連絡先確認(Phase B)
ORACAL,ORACAL,4,4,200,office,B0GHSR4D7S,4717,4958,中小候補,,,,要連絡先確認(Phase B)
YUKOUQIAN,YUKOUQIAN,4,4,200,toys,B0FLV8DCGC,2442,2458,中小候補,,,,要連絡先確認(Phase B)
LuexTok,LuexTok,4,4,200,hobby,B0FPXF4F4P,5921,6520,中小候補,,,,要連絡先確認(Phase B)
Starving Students Music Supplies,Starving Students Music Supplies,4,4,200,instruments,B0BY9HKK4P,4682,5455,中小候補,,,,要連絡先確認(Phase B)
TEKUNA,TEKUNA,4,4,200,industrial,B0G3T3L53C,7215,16464,中小候補,,,,要連絡先確認(Phase B)
SK本舗,SK本舗,4,4,200,industrial,B09FXP63MH,3800,3800,中小候補,,,,要連絡先確認(Phase B)
Dilwe,Dilwe,4,4,199,car / office / sports,B07P3339FJ,1576,2396,中小候補,,,,要連絡先確認(Phase B)
サンアロー(Sun Arrow),サンアロー(Sun Arrow),4,4,199,toys,B0BG1H82MH,1853,5200,中小候補,,,,要連絡先確認(Phase B)
MOOSE TOYS LLC,Heroes of Goo Jit Zu / MRBEAST LAB,4,4,198,toys,B0DQ6HV9TC,6374,15396,中小候補,,,,要連絡先確認(Phase B)
Alvin's Cables,Alvin's Cables,4,4,197,instruments / pc,B09FXMQ3P6,3199,5899,中小候補,,,,要連絡先確認(Phase B)
ティーズファクトリー(T'S Factory),ティーズファクトリー(T'S Factory),4,4,196,office / toys,B0DTXQ8G5P,1742,2244,中小候補,,,,要連絡先確認(Phase B)
wisers,wisers,4,4,196,pc,B0G1WVBDPX,2180,2280,中小候補,,,,要連絡先確認(Phase B)
Frcolor,FRCOLOR,4,4,195,diy_tools / hobby / office,B0CP2G9P63,1712,7496,中小候補,,,,要連絡先確認(Phase B)
呉竹,プリンセスアリス / 呉竹(Kuretake),4,4,195,office,B0855S59WN,1688,3883,中小候補,,,,要連絡先確認(Phase B)
ポケモン(Pokemon),ポケモン(Pokemon),4,4,195,toys,B07SL5NJRD,2000,2900,中小候補,,,,要連絡先確認(Phase B)
エンスカイ(ENSKY),エンスカイ(ENSKY),4,4,195,hobby / toys,B0CN6RXD1F,1800,2299,中小候補,,,,要連絡先確認(Phase B)
タックルハウス(Tacklehouse),タックルハウス(Tacklehouse),4,4,195,sports,B008BC1F0I,2403,3082,中小候補,,,,要連絡先確認(Phase B)
ティバー,TIBHAR,4,4,195,sports,B0D6TZLSYS,7100,7100,中小候補,,,,要連絡先確認(Phase B)
TOTO,TOTO,4,4,194,diy_tools / home_kitchen,B0DQ7L6PCJ,2719,23600,中小候補,,,,要連絡先確認(Phase B)
イケヒコ・コーポレーション(Ikehiko Corporation),イケヒコ・コーポレーション,4,4,194,home_kitchen,B000L31O3I,5011,21063,中小候補,,,,要連絡先確認(Phase B)
ダイドーハント,ダイドーハント,4,4,194,diy_tools,B07FVXTNZB,1640,4551,中小候補,,,,要連絡先確認(Phase B)
コズムワン,KOZUMUWAN,4,4,194,diy_tools,B09TVZLLLQ,1782,1782,中小候補,,,,要連絡先確認(Phase B)
メガハウス(MegaHouse),メガハウス(MegaHouse),4,4,193,hobby / toys,B07DKFT92C,6480,11900,中小候補,,,,要連絡先確認(Phase B)
キャロウェイ(Callaway),Callaway(キャロウェイ),4,4,193,sports,B0BQTSTRY1,4680,27800,中小候補,,,,要連絡先確認(Phase B)
岡野製作所,ONS,4,4,192,pet,B01NBZ0DVG,1847,2950,中小候補,,,,要連絡先確認(Phase B)
トリニティ,TRINITY / simplism,4,4,191,appliances / pc,B08HVP1HQR,1612,3120,中小候補,,,,要連絡先確認(Phase B)
マークス,MARK'S(マークス),4,4,190,office,B0DJ2GRJSW,1650,2640,中小候補,,,,要連絡先確認(Phase B)
呉竹(Kuretake),呉竹(Kuretake),4,4,188,office,B007PMLJ1K,1597,5300,中小候補,,,,要連絡先確認(Phase B)
Wordsworth & Bläck,Wordsworth & Black,4,4,188,office,B0DY775LD4,7930,10653,中小候補,,,,要連絡先確認(Phase B)
PILOT,PILOT / Pilot,4,4,186,office,B0CXSG7N4S,1551,4800,大手/著名,,,,要連絡先確認(Phase B)
Disney(ディズニー),Disney(ディズニー),4,4,186,toys,B0FPQ5T9ZT,6876,8057,中小候補,,,,要連絡先確認(Phase B)
AQEENURA,AQEENURA,4,4,186,sports,B0C7VSF3QY,1999,2504,中小候補,,,,要連絡先確認(Phase B)
エーワン,A-one / エーワン(A-one),4,4,185,office / pet,B084VDMTMH,1617,5404,中小候補,,,,要連絡先確認(Phase B)
伝匠,伝匠,4,4,184,diy_tools,B00N3TYKZ6,1820,1965,中小候補,,,,要連絡先確認(Phase B)
リッチェル,リッチェル(Richell),4,4,180,diy_tools / pet,B08XNGMHLY,1500,2914,中小候補,,,,要連絡先確認(Phase B)
LASLKFJ,LASLKFJ,4,4,180,appliances,B0FY3PMM6H,1966,1966,中小候補,,,,要連絡先確認(Phase B)
墨運堂,墨運堂,4,4,179,office,B001BWBC3A,2300,3690,中小候補,,,,要連絡先確認(Phase B)
KASABULAC,KASABULAC,4,4,177,office,B0F9P64BC7,6390,23990,中小候補,,,,要連絡先確認(Phase B)
Deff,Deff,4,4,176,appliances / office,B0CHY4MD7Y,1655,10000,中小候補,,,,要連絡先確認(Phase B)
Sea to Summit,Sea to Summit,4,4,174,sports,B09133867N,2670,15840,中小候補,,,,要連絡先確認(Phase B)
Jectse,Jectse,4,4,172,appliances / diy_tools / industrial,B0DKT9VNXW,1401,11535,中小候補,,,,要連絡先確認(Phase B)
"Guangzhou Ruixin Lighting Technology Co., Ltd.",Ruiandsion,4,4,171,car,B0F21L9BVQ,1799,1799,中小候補,,,,要連絡先確認(Phase B)
スピードピット(Speed Pit),スピードピット(Speed Pit),4,4,170,car,B012YQBPF6,2092,2225,中小候補,,,,要連絡先確認(Phase B)
Rikopin(リコピン),§Ｒ∞Ｒｉｋｏｐｉｎ,4,4,168,sports,B095HHVMBF,3280,4980,中小候補,,,,要連絡先確認(Phase B)
Prince(プリンス),Prince(プリンス),4,4,168,sports,B0GRCQNHDF,15400,25080,中小候補,,,,要連絡先確認(Phase B)
WDMARTUS,WDMARTUS,4,4,168,appliances,B0H5QQ7L36,14999,15999,中小候補,,,,要連絡先確認(Phase B)
KN企画,KN-KIKAKU,4,4,168,car,B00JQ235RS,2393,13189,中小候補,,,,要連絡先確認(Phase B)
ベッセル(VESSEL),ベッセル(VESSEL),4,4,164,diy_tools,B073ZTQLBF,1990,2556,中小候補,,,,要連絡先確認(Phase B)
美和ロック(Miwalock),美和ロック(Miwalock),4,4,164,diy_tools,B086GK8K1V,12600,13900,中小候補,,,,要連絡先確認(Phase B)
mita,mita,4,4,157,office / sports,B084VF7781,1800,12650,中小候補,,,,要連絡先確認(Phase B)
えいむ,えいむ(AIM),4,4,157,office,B002CVLT5A,3551,5786,中小候補,,,,要連絡先確認(Phase B)
poiu,poiu,4,4,156,office,B09ZY85SPR,1469,3939,中小候補,,,,要連絡先確認(Phase B)
YWSY,YWSY,4,4,152,sports,B0FBFZZDVQ,2710,2710,中小候補,,,,要連絡先確認(Phase B)
オキナ,オキナ,4,4,151,office,B06WP7SHJF,1625,5272,中小候補,,,,要連絡先確認(Phase B)
Wordsworth & Black,Wordsworth & Black,4,4,150,office,B08FRPXLKR,8900,13273,中小候補,,,,要連絡先確認(Phase B)
ASRock,ASRock,4,4,149,pc,B0CB7BK4K1,14980,24800,中小候補,,,,要連絡先確認(Phase B)
TOYOUTHS-JP直営店,TOYOUTHS,4,4,148,appliances,B0FCLPPX93,1599,2000,大手/海外疑い,,,,要連絡先確認(Phase B)
Gheper,Gheper,4,4,132,appliances,B0BHW79THR,1749,2649,中小候補,,,,要連絡先確認(Phase B)
Tyrafry,Tyrafry,4,4,124,home_kitchen,B0H5K3V14T,1780,1780,中小候補,,,,要連絡先確認(Phase B)
Ringke,Ringke,4,3,287,appliances / pc,B0FPHV7SNM,2099,2899,中小候補,,,,要連絡先確認(Phase B)
ウロコ,ウロコ,3,3,247,sports,B0GWMPWCZ9,1634,1683,中小候補,,,,要連絡先確認(Phase B)
infoplay,infoplay,3,3,222,toys,B0DLK377DX,1870,1870,中小候補,,,,要連絡先確認(Phase B)
braaa,braaa,3,3,213,pet,B0C8YMHRRB,8415,8415,中小候補,,,,要連絡先確認(Phase B)
VEIDIA,VEIDIA,4,3,200,baby,B0D7SCDNLW,1886,4185,中小候補,,,,要連絡先確認(Phase B)
三菱電機(MITSUBISHI ELECTRIC),三菱電機(MITSUBISHI ELECTRIC),3,3,200,diy_tools / industrial,B0F4CVDHPL,5424,10780,大手/著名,,,,要連絡先確認(Phase B)
ALPHA,カードショップALPHA,4,3,199,toys,B0GBS3WH9P,1980,19800,中小候補,,,,要連絡先確認(Phase B)
Doo,Doo,3,3,192,pc,B09749DL8N,2580,3290,中小候補,,,,要連絡先確認(Phase B)
KASOTT,KASOTT,3,3,191,pc,B0H338X1RR,3999,4980,大手/海外疑い,,,,要連絡先確認(Phase B)
ユーロポート,EC-WH,3,3,189,office,B07B4W2XCS,1645,1796,中小候補,,,,要連絡先確認(Phase B)
ヨコモ(YOKOMO),ヨコモ(YOKOMO),3,3,187,toys,B0H1VSZ8BG,2281,9765,中小候補,,,,要連絡先確認(Phase B)
Lanxivi,Lanxivi,3,3,186,office,B0BQQGTPGT,3199,3750,中小候補,,,,要連絡先確認(Phase B)
おり釣具,おり釣具,3,3,175,sports,B0C173XX7F,6572,10800,中小候補,,,,要連絡先確認(Phase B)
SIUTATDSH,SIUTATDSH,3,3,174,appliances,B0FPCZRZ51,3580,3580,中小候補,,,,要連絡先確認(Phase B)
xxjjj,DGDHDG,3,3,173,industrial / office,B0FSKF693B,1699,1699,中小候補,,,,要連絡先確認(Phase B)
RevoMax,RevoMax,3,3,171,home_kitchen,B0FCSP565C,3299,3299,中小候補,,,,要連絡先確認(Phase B)
テーラーメイド(TAYLOR MADE),TaylorMade,3,3,171,sports,B0D5R33CBT,1790,2100,中小候補,,,,要連絡先確認(Phase B)
ニッソー,ニッソー,3,3,169,pet,B0D2Z1WJD9,2880,4188,中小候補,,,,要連絡先確認(Phase B)
Konseen,Konseen,3,3,168,appliances,B07S66L2WZ,2100,4700,中小候補,,,,要連絡先確認(Phase B)
Nikon,Nikon,3,3,167,appliances,B07263NMH9,6000,14980,大手/著名,,,,要連絡先確認(Phase B)
StarTech.com,StarTech.com(スターテック),3,3,167,pc,B0833MNR8J,2036,11977,中小候補,,,,要連絡先確認(Phase B)
パイロット(Pilot),PILOT,4,3,166,office,B08XQKLY7Y,1683,6161,大手/著名,,,,要連絡先確認(Phase B)
ペットグッズ・りりあ,ペットグッズ・りりあ,3,3,163,pet,B09X61Q4TX,1860,2380,中小候補,,,,要連絡先確認(Phase B)
SHIMANO(シマノ),シマノ(SHIMANO),3,3,162,sports,B082DYKKNJ,1712,6110,大手/著名,,,,要連絡先確認(Phase B)
四季光源,四季光源,3,3,158,home_kitchen,B0FXRK6HXH,2469,5699,中小候補,,,,要連絡先確認(Phase B)
山崎産業,山崎産業(Yamazaki Sangyo),3,3,158,home_kitchen,B07Z4R199N,2480,3480,中小候補,,,,要連絡先確認(Phase B)
三英貿易(Sanei Boeki),三英,3,3,158,home_kitchen / toys,B0B55V65CR,2390,6980,中小候補,,,,要連絡先確認(Phase B)
Apaeofl,Apaeofl,3,3,156,toys,B0DSPF8VQG,2599,2999,中小候補,,,,要連絡先確認(Phase B)
Dream Sticker,Dream Sticker,3,3,156,home_kitchen,B0CL9JD18C,8455,8455,中小候補,,,,要連絡先確認(Phase B)
xinxin-home,xinxin-home,3,3,156,home_kitchen,B08MPLZ13F,5315,8649,中小候補,,,,要連絡先確認(Phase B)
ジェットボイル(JETBOIL),Jetboil,3,3,156,sports,B0F1CXVCXR,23500,23501,中小候補,,,,要連絡先確認(Phase B)
カトー(KATO),Kato,3,3,155,hobby / toys,B07R578RHQ,9939,26999,中小候補,,,,要連絡先確認(Phase B)
ローリングス(Rawlings),ローリングス(Rawlings),3,3,155,sports,B0FBFML9HH,4581,14699,中小候補,,,,要連絡先確認(Phase B)
HangTon Connect,HangTon,3,3,155,appliances / pc,B0FLJTDV5W,2834,4094,大手/著名,,,,要連絡先確認(Phase B)
トランセンドジャパン,トランセンドジャパン,3,3,155,pc,B07C9PZJL9,4880,5300,中小候補,,,,要連絡先確認(Phase B)
Eisuiyi,Eisuiyi,3,3,155,pc,B0BL3CDWH1,3980,3980,中小候補,,,,要連絡先確認(Phase B)
zensui,ゼンスイ,3,3,154,pet,B08D74X2LH,2130,7630,中小候補,,,,要連絡先確認(Phase B)
マテル(MATTEL),Barbie / Hot Wheels / マテル(MATTEL),3,3,154,toys,B0BYYKHGTY,1650,10642,中小候補,,,,要連絡先確認(Phase B)
アピア,アピア(Apia),3,3,154,sports,B0D3HG19H3,3564,3800,中小候補,,,,要連絡先確認(Phase B)
ワールドクリエイト(WORLD CREATE),ワールドクリエイト,3,3,153,home_kitchen,B001UJKIN4,2383,8000,大手/海外疑い,,,,要連絡先確認(Phase B)
NOHOO,NOHOO,3,3,153,home_kitchen,B0GT588QMM,4580,7980,中小候補,,,,要連絡先確認(Phase B)
TOPAIM ZONTEN,TOPAIM ZONTEN,3,3,153,home_kitchen,B0BQW84FNV,3080,3120,中小候補,,,,要連絡先確認(Phase B)
Notiavy,Notiavy,3,3,153,home_kitchen,B0FMRL7J7V,5699,6599,中小候補,,,,要連絡先確認(Phase B)
Woodten,Woodten,3,3,153,home_kitchen,B0B12L3SDG,3799,3899,中小候補,,,,要連絡先確認(Phase B)
Yitian Bamboo Art,Yitian Bamboo Art,3,3,153,home_kitchen,B0BLGNTBVQ,6199,7299,中小候補,,,,要連絡先確認(Phase B)
ケニス,ケニス,3,3,153,industrial / office / toys,B097MBLPXP,1934,6448,中小候補,,,,要連絡先確認(Phase B)
(スタイル ベルト belt店 SKY DARTS),(スタイル ベルト belt店 SKY DARTS),3,3,153,office,B09FQD4DPF,4400,4400,中小候補,,,,要連絡先確認(Phase B)
オーム(OHM),オーム（OHM）,3,3,153,office / pc,B07TLJRJB8,2800,7300,中小候補,,,,要連絡先確認(Phase B)
アピカ,アピカ,3,3,153,office,B0847YB27L,1870,1980,中小候補,,,,要連絡先確認(Phase B)
寿工芸,Kotobuki / 寿工芸,3,3,153,pet,B002NEX63E,1588,3470,中小候補,,,,要連絡先確認(Phase B)
KIMISS,KIMISS,3,3,153,car / toys,B0DQ5J1KDF,2270,6192,中小候補,,,,要連絡先確認(Phase B)
ライブエンタープライズ,絵本のつみき,3,3,153,toys,B0836MSC3K,2200,7700,中小候補,,,,要連絡先確認(Phase B)
Playmates Toys,TEENAGE MUTANT NINJA,3,3,153,toys,B0BMW7GK4N,4480,16392,中小候補,,,,要連絡先確認(Phase B)
McFarlane Toys,マクファーレントイズ(McFARLANE TOYS),3,3,153,toys,B0BJ5SD98W,4999,18107,中小候補,,,,要連絡先確認(Phase B)
PAHBDGTA,PAHBDGTA,3,3,153,toys,B0GV4JL5B4,3742,4760,中小候補,,,,要連絡先確認(Phase B)
REFARICO,REFARICO,3,3,153,toys,B0DWMVRHB7,4898,6453,中小候補,,,,要連絡先確認(Phase B)
LIVIA,LIVIA,3,3,153,toys,B0F6N84LT2,3360,3660,中小候補,,,,要連絡先確認(Phase B)
OULOVECO,OULOVECO,3,3,153,sports,B0F8NJQR1L,4986,4986,中小候補,,,,要連絡先確認(Phase B)
ヤマヨ測定機,ヤマヨ測定機(Yamayo Sokuteiki),3,3,153,diy_tools,B00A0GRDPE,5502,9653,中小候補,,,,要連絡先確認(Phase B)
Ulyris,ULYRIS,3,3,153,diy_tools,B08ZKSRD5G,1990,1990,中小候補,,,,要連絡先確認(Phase B)
HiKOKI(ハイコーキ),HiKOKI(ハイコーキ),3,3,153,diy_tools,B0BVW3RQ1G,13329,17449,中小候補,,,,要連絡先確認(Phase B)
岸田産業,岸田産業,3,3,153,diy_tools,B07TXD5NPQ,4980,8436,中小候補,,,,要連絡先確認(Phase B)
Miimall,Miimall,3,3,153,appliances,B0H1CCMJJ2,2999,3280,中小候補,,,,要連絡先確認(Phase B)
Mionix,Mionix,3,3,153,pc,B09GB8GN2Y,2526,5430,中小候補,,,,要連絡先確認(Phase B)
JapanNext,JAPANNEXT,3,3,153,pc,B0F18LR9N7,15800,16980,中小候補,,,,要連絡先確認(Phase B)
Ava + Oliver,AVA + OLIVER,3,3,153,baby,B08YJKXZD2,6939,7228,中小候補,,,,要連絡先確認(Phase B)
hd-en3040-3766,Hondakenta,3,3,153,home_kitchen,B09FXLBH87,3400,3400,中小候補,,,,要連絡先確認(Phase B)
YETI,YETI,3,3,153,home_kitchen,B0DH9SWTGX,5068,6802,中小候補,,,,要連絡先確認(Phase B)
セルタン(Cellutane),セルタン(Cellutane),3,3,153,home_kitchen,B01L8DCERY,27800,27800,中小候補,,,,要連絡先確認(Phase B)
ROOP,ROOP,3,3,153,pet,B0C73N2B1S,2399,7274,中小候補,,,,要連絡先確認(Phase B)
ビバリー(BEVERLY),ビバリー(BEVERLY),3,3,153,toys,B01MRLSJDP,2150,4980,中小候補,,,,要連絡先確認(Phase B)
バンダイ,BANDAI,3,3,153,toys,B007CDGUOS,8800,19199,大手/著名,,,,要連絡先確認(Phase B)
Bandai Namco Toys & Collectibles America,DRAGON STARS SERIES,3,3,153,toys,B0FK9J3DN4,6591,11355,大手/著名,,,,要連絡先確認(Phase B)
Franklin Sports,Franklin Sports,3,3,153,sports,B0FDL8ZQ7J,9290,15120,中小候補,,,,要連絡先確認(Phase B)
OPINEL(オピネル),OPINEL,3,3,153,sports,B00EU7NCQ8,1881,3660,中小候補,,,,要連絡先確認(Phase B)
ユニフレーム,UniFlame,3,3,153,sports,B0DJKK3WTX,1980,8800,中小候補,,,,要連絡先確認(Phase B)
エゴザル,EGOZARU,3,3,153,sports,B0GYH94CJJ,1950,2200,中小候補,,,,要連絡先確認(Phase B)
シロクマ,シロクマ(SHIROKUMA),3,3,153,diy_tools,B009VDGUXI,3551,3551,中小候補,,,,要連絡先確認(Phase B)
Niwuno,Avenir-Glow,3,3,153,diy_tools,B0GX9DFFL9,3350,3725,中小候補,,,,要連絡先確認(Phase B)
PGYTECH,PGYTECH,3,3,153,appliances,B0CTMR945Q,4950,5280,中小候補,,,,要連絡先確認(Phase B)
Rolanpro,RolanPro,3,3,153,appliances,B0DWJYGFSY,7434,9534,大手/海外疑い,,,,要連絡先確認(Phase B)
ハクバ,ハクバ,3,3,153,appliances,B0CKXD97DC,3127,3828,中小候補,,,,要連絡先確認(Phase B)
CY,CHENYANG,3,3,153,pc,B0899GLRC9,1599,2599,中小候補,,,,要連絡先確認(Phase B)
G.Skill,G.SKILL,3,3,153,pc,B08176RT4G,20360,27904,中小候補,,,,要連絡先確認(Phase B)
XIANGSHANG,XIANGSHANG,3,3,153,car,B0CNBZNG3V,3200,7500,中小候補,,,,要連絡先確認(Phase B)
ヨシムラ(YOSHIMURA),ヨシムラ(YOSHIMURA),3,3,153,car,B001ZRN8AQ,1873,1874,中小候補,,,,要連絡先確認(Phase B)
TYUHUUQ1146,TYUHUUQ,3,3,153,car,B0FWRQHHDR,4698,5600,中小候補,,,,要連絡先確認(Phase B)
Shoei,ショウエイ(Shoei),3,3,153,car,B08WJQJH3G,8750,9220,中小候補,,,,要連絡先確認(Phase B)
SPT-JTB3,TADOKAPATU,3,3,153,car,B0D4QHTZ6J,2898,2998,中小候補,,,,要連絡先確認(Phase B)
WEARTEC（ウェアテック）,WEARTEC,3,3,153,car,B0FM23GH44,5720,13750,中小候補,,,,要連絡先確認(Phase B)
FREE THE TONE,FREE THE TONE,3,3,153,instruments,B00BF90UR8,4950,10450,中小候補,,,,要連絡先確認(Phase B)
Kose,Kose,3,3,153,instruments,B08GLHZGRZ,2140,16500,中小候補,,,,要連絡先確認(Phase B)
LP,Latin Percussion,3,3,153,instruments,B0002F4TUA,8790,12500,中小候補,,,,要連絡先確認(Phase B)
OVSAL,OVSAL,3,3,153,instruments,B0DMVJ6V2M,3273,4145,中小候補,,,,要連絡先確認(Phase B)
GATOR,GATOR,3,3,153,instruments,B0727PNMTF,5080,10533,中小候補,,,,要連絡先確認(Phase B)
FISHMAN,Fishman,3,3,153,instruments,B0012E1LUQ,20200,22500,中小候補,,,,要連絡先確認(Phase B)
SciAza,SciAza,3,3,153,instruments,B0C85BP7T9,20970,29720,中小候補,,,,要連絡先確認(Phase B)
MotivatEM,MotivatEM,3,3,153,industrial,B0FMHFXZ7N,9510,10524,中小候補,,,,要連絡先確認(Phase B)
ジェイケイプラン(JK-PLAN),JKプラン,3,3,152,office,B01JOULJ2Y,16450,26520,中小候補,,,,要連絡先確認(Phase B)
iplusmile,iplusmile,3,3,152,industrial / office / toys,B0DTTQV433,1598,1815,大手/著名,,,,要連絡先確認(Phase B)
Ziwipeak,Ziwipeak,3,3,152,pet,B09L1KH72F,10428,15180,中小候補,,,,要連絡先確認(Phase B)
オーディオファン,オーディオファン,3,3,152,diy_tools / office / pet,B0DRFF6CCG,1619,2600,中小候補,,,,要連絡先確認(Phase B)
XXXXXbrand,XXXXXbrand,3,3,152,pet,B0C3QMZBCV,2380,4167,中小候補,,,,要連絡先確認(Phase B)
TAMASHII NATIONS,TAMASHII NATIONS,3,3,152,hobby / toys,B0G3Y89187,11500,26980,中小候補,,,,要連絡先確認(Phase B)
ブラザー工業(Brother Industries),ブラザー工業,3,3,152,office / pc,B075GBGPJJ,1500,21800,中小候補,,,,要連絡先確認(Phase B)
IKEA (イケア),IKEA (イケア) / Ikea,3,3,152,home_kitchen,B005GYDI8Q,1780,3690,中小候補,,,,要連絡先確認(Phase B)
日本ヒルズ・コルゲート,Hills / プリスクリプション・ダイエット,3,3,152,pet,B0BZQZWGTN,4565,17968,中小候補,,,,要連絡先確認(Phase B)
Disguise,Disguise / Minecraft,3,3,152,hobby / toys,B07KXS7BGT,8200,12328,大手/著名,,,,要連絡先確認(Phase B)
株式会社エンラージ商事,EnlargeCorp,3,3,152,car,B0DSL4YCQZ,5780,6980,中小候補,,,,要連絡先確認(Phase B)
ジェットイノウエ(Jet Inoue),ジェットイノウエ(Jet Inoue),3,3,152,car,B085NBPVTB,2499,3540,中小候補,,,,要連絡先確認(Phase B)
SeymourDuncan,SeymourDuncan,3,3,152,instruments,B0002D0B8Q,18700,24625,中小候補,,,,要連絡先確認(Phase B)
REMO,REMO,3,3,152,instruments,B00F59A24A,3410,3798,中小候補,,,,要連絡先確認(Phase B)
スドー,SUDO(スドー),3,3,151,pet,B004HC63IA,1613,3980,中小候補,,,,要連絡先確認(Phase B)
MOSHOU,MOSHOU,3,3,151,pc,B0CHM6ZKN9,2499,2999,中小候補,,,,要連絡先確認(Phase B)
PawView,PawView,3,3,151,pet,B0DZCYM279,1899,2099,中小候補,,,,要連絡先確認(Phase B)
城下工業,ROAD WARRIOR / SOUNDWARRIOR,3,3,151,pc,B0BPNSW18X,4485,11980,中小候補,,,,要連絡先確認(Phase B)
エヌティービー(NTB),エヌティービー(NTB),3,3,151,car,B00G28NQ46,1555,2000,中小候補,,,,要連絡先確認(Phase B)
壽屋(KOTOBUKIYA),壽屋(KOTOBUKIYA),3,3,151,hobby,B003UTUEV8,14190,20790,中小候補,,,,要連絡先確認(Phase B)
LEONTOOL,LEONTOOL,3,3,150,diy_tools / office,B097P3T2HL,1669,4499,中小候補,,,,要連絡先確認(Phase B)
株式会社チャーム,Charm(チャーム) / charm(チャーム),3,3,150,pet,B09JNG67W7,1500,1860,中小候補,,,,要連絡先確認(Phase B)
TotBasic,TOTBASIC,3,3,150,baby,B0DPJVWNG8,12076,12501,中小候補,,,,要連絡先確認(Phase B)
OUSHICHUANG,OUSHICHUANG,3,3,150,baby,B0868GKKSC,4088,4388,中小候補,,,,要連絡先確認(Phase B)
Ohget,Ohget,3,3,150,baby,B0BSCT183Y,2599,2599,中小候補,,,,要連絡先確認(Phase B)
Carhartt,carhartt(カーハート),3,3,150,pet,B07NSBQ3S5,7516,9027,中小候補,,,,要連絡先確認(Phase B)
EasyFi,EasyFi,3,3,150,baby,B0DWHWS739,7653,13183,中小候補,,,,要連絡先確認(Phase B)
OYUEGE,OYUEGE,3,3,149,home_kitchen / office,B0DXQ83PQW,1611,2099,中小候補,,,,要連絡先確認(Phase B)
ラスミック,ラスミック / 犬想い,3,3,149,pet,B09NNC4J4X,5352,13156,中小候補,,,,要連絡先確認(Phase B)
プロフェッショナルバランス,犬想い,3,3,149,pet,B0BFVLPDJZ,4015,7370,中小候補,,,,要連絡先確認(Phase B)
シーアンドアール (C&R),C&R,3,3,149,pet,B071K24JWL,2000,7128,中小候補,,,,要連絡先確認(Phase B)
Rebower,Rebower,3,3,149,industrial / toys,B0G76CB6BN,1716,3755,中小候補,,,,要連絡先確認(Phase B)
LIANLI,Lian Li,3,3,149,pc,B0DRL7RH47,20593,21677,中小候補,,,,要連絡先確認(Phase B)
otoye,otoye,3,3,148,baby / office / pet,B0FNN17FQZ,2067,9787,中小候補,,,,要連絡先確認(Phase B)
Dell,Dell,3,3,148,pc,B0B23CSJBH,6384,15290,中小候補,,,,要連絡先確認(Phase B)
colorski,colorski,3,3,147,pet,B0DPMCPPLS,2500,3900,中小候補,,,,要連絡先確認(Phase B)
XBERSTAR,XBERSTAR,3,3,147,appliances / toys,B0CHB2P8SF,1658,5988,中小候補,,,,要連絡先確認(Phase B)
サンエックス(San-X),サンエックス(San-X),3,3,147,home_kitchen / toys,B0FRQ7LY34,1500,2900,中小候補,,,,要連絡先確認(Phase B)
Ravensburger,Ravensburger,3,3,147,toys,B0CPFJWD3R,3900,12906,中小候補,,,,要連絡先確認(Phase B)
PEWETE,PEWETE,3,3,147,industrial / instruments,B0DSCM4KL1,1658,3858,中小候補,,,,要連絡先確認(Phase B)
スモール・プラネット(Small Planet),スモール・プラネット(Small Planet),3,3,146,hobby,B0FFDNF7TK,1650,1683,中小候補,,,,要連絡先確認(Phase B)
BQQB,BQQB,3,3,145,home_kitchen / office,B0FJ5W6MKH,3421,5710,中小候補,,,,要連絡先確認(Phase B)
RIYADAone,RIYADAone,3,3,145,office,B0F7KCW5MT,1999,2399,中小候補,,,,要連絡先確認(Phase B)
宮武製作所,宮武製作所(MIYATAKE),3,3,145,office,B0GC5BK4GP,15194,15194,中小候補,,,,要連絡先確認(Phase B)
株式会社CHOCO,マンダリンブラザーズ,3,3,145,pet,B0GLXT9F4V,1720,3630,中小候補,,,,要連絡先確認(Phase B)
Lebakort,Lebakort,3,3,145,appliances / instruments / pc,B0FLVFPMKK,1999,3599,中小候補,,,,要連絡先確認(Phase B)
LiuTian,LiuTian,3,3,145,pc,B07VH6KS5P,1700,2400,中小候補,,,,要連絡先確認(Phase B)
"Shanghai Xinxie Industrial Co., Ltd.",Hagibis,3,3,145,pc,B0DRCR6LDK,3299,6999,中小候補,,,,要連絡先確認(Phase B)
iSuperb,iSuperb,3,3,144,office,B09SYN4MNX,1705,1995,中小候補,,,,要連絡先確認(Phase B)
株式会社ヴィジョナリー・カンパニー,日本のオラクルカード・タロットカード全集 / 株式会社ヴィジョナリー・カンパニー,3,3,144,office / toys,B09TPD2HYJ,3080,6050,中小候補,,,,要連絡先確認(Phase B)
Wera Tools,Wera,3,3,144,diy_tools,B003GDIQIQ,5196,5947,中小候補,,,,要連絡先確認(Phase B)
HUALINSHANGMAOYOUXIANGONGSI,kaidisen,3,3,144,pc,B0FXRDS7CT,3999,8999,大手/著名,,,,要連絡先確認(Phase B)
Jazwares,Jazwares / ポケモン(Pokemon),3,3,143,toys,B0BV93HLBD,5617,8659,中小候補,,,,要連絡先確認(Phase B)
J-ouuo,J-ouuo,3,3,143,appliances / pc,B0CVVYK5JS,2059,3939,中小候補,,,,要連絡先確認(Phase B)
株式会社C&C,SHINOBI,3,3,143,car,B0DR1Q821H,1800,11000,中小候補,,,,要連絡先確認(Phase B)
ブロッコリー(BROCCOLI),ブロッコリー(BROCCOLI),3,3,142,toys,B0D4DBSDN5,1980,5850,中小候補,,,,要連絡先確認(Phase B)
(TOOL COMPANY STRAIGHT) ツールカンパニーストレート,ストレート(STRAIGHT),3,3,142,car,B07ZRD6HVX,2120,2530,中小候補,,,,要連絡先確認(Phase B)
ボッシュ(BOSCH),Bosch,3,3,141,car / diy_tools / industrial,B0CWN8K5QJ,2255,4203,大手/著名,,,,要連絡先確認(Phase B)
リヒトラブ(Lihit lab.),リヒトラブ(Lihit lab.),3,3,138,office,B003DXQDRA,1528,5445,中小候補,,,,要連絡先確認(Phase B)
コレクト,コレクト,3,3,137,office,B0CP5Z9R71,2570,17000,中小候補,,,,要連絡先確認(Phase B)
Crossfield,Crossfield,3,3,136,sports,B0CQ723NH5,3480,3480,中小候補,,,,要連絡先確認(Phase B)
Lhyxuuk,Lhyxuuk,3,3,136,appliances,B0FQPDG3ZL,1899,2199,中小候補,,,,要連絡先確認(Phase B)
Coyktonty,Coyktonty,3,3,136,appliances,B0H7R48NK9,3498,3898,中小候補,,,,要連絡先確認(Phase B)
オウルテック,オウルテック,3,3,136,appliances,B0GC43DVDW,2508,3980,中小候補,,,,要連絡先確認(Phase B)
Ultra PRO International,ULTRA PRO,3,3,135,hobby,B0F5SJ5GP7,4006,7359,中小候補,,,,要連絡先確認(Phase B)
3M,Post-it,3,3,134,office,B003ISSBPC,1750,2613,大手/著名,,,,要連絡先確認(Phase B)
EnergyPrice(エナジープライス),EnergyPrice(エナジープライス),3,3,134,car,B00X934RNQ,1980,22980,中小候補,,,,要連絡先確認(Phase B)
ontto,ontto,3,3,134,car,B07DJB5GRR,1500,3200,中小候補,,,,要連絡先確認(Phase B)
COYXiCE,COYXiCE,3,3,133,diy_tools,B0F3X5R12Q,2500,2500,中小候補,,,,要連絡先確認(Phase B)
JEYODA,JEYODA,3,3,133,car,B0DHGSGT38,2373,2498,中小候補,,,,要連絡先確認(Phase B)
Boozall,Boozall,3,3,132,home_kitchen,B0D1VCQX7T,1880,2880,中小候補,,,,要連絡先確認(Phase B)
ピカキュウ,ピカキュウ,3,3,131,car,B08QTSK9ZS,1610,2860,中小候補,,,,要連絡先確認(Phase B)
Onami,Onami,3,3,131,car,B096SKLYR4,2356,2980,中小候補,,,,要連絡先確認(Phase B)
Caividom,Caividom,3,3,130,baby / home_kitchen,B0D254RQBL,2088,2523,中小候補,,,,要連絡先確認(Phase B)
サンビー,サンビー,3,3,130,office,B08W531HVG,1525,12109,中小候補,,,,要連絡先確認(Phase B)
JR.DM,JR.DM,3,3,129,appliances,B0D9BBBF6T,5719,7441,大手/海外疑い,,,,要連絡先確認(Phase B)
Rhinotuning,Rhinotuning,3,3,129,car,B07V2YVQNJ,2188,2188,中小候補,,,,要連絡先確認(Phase B)
ライオン事務器,ライオン事務器,3,3,127,office,B003V1R3PU,2258,16806,大手/著名,,,,要連絡先確認(Phase B)
SEPWIK,SEPWIK,3,3,126,home_kitchen,B0DBQ73HYY,1850,2211,中小候補,,,,要連絡先確認(Phase B)
Gasyh,Gasyh,3,3,126,office,B0CZDP27RT,2980,4480,中小候補,,,,要連絡先確認(Phase B)
brimo industries,BRIMO(ブリモ),3,3,126,sports,B07963PNJV,2190,2190,中小候補,,,,要連絡先確認(Phase B)
FINE JAPAN (ファインジャパン),ファインジャパン,3,3,126,sports,B06Y26D8TR,2979,3150,中小候補,,,,要連絡先確認(Phase B)
zouzt,Zouzt,3,3,126,appliances,B0B8HJTBMV,1518,1698,中小候補,,,,要連絡先確認(Phase B)
Yatchen,Yatchen,3,3,126,appliances,B09VFPVTDZ,1899,2028,中小候補,,,,要連絡先確認(Phase B)
iJDMTOY Auto Accessories,iJDMTOY,3,3,120,car,B08Y58XHCQ,4435,5501,大手/海外疑い,,,,要連絡先確認(Phase B)
株式会社トランペッツ,CHARM / ZIWI(ジウィ),3,3,119,pet,B002AY5BHG,2970,18260,中小候補,,,,要連絡先確認(Phase B)
Anker,Anker,3,3,113,appliances,B0B714MTNZ,4880,12250,大手/著名,,,,要連絡先確認(Phase B)
ATTAIN,ATTAIN,3,3,101,office,B0GKCJDQVM,7980,26000,中小候補,,,,要連絡先確認(Phase B)
ShinOya,QoKcoahn,3,3,96,appliances,B0G42HY56X,1818,1872,中小候補,,,,要連絡先確認(Phase B)
Ukes,Ukes,3,3,93,sports,B08LSTY2VB,1989,1989,中小候補,,,,要連絡先確認(Phase B)
myFirst,myFirst,3,3,93,appliances,B0FF9TYKMZ,1780,1780,中小候補,,,,要連絡先確認(Phase B)
アイデック,アイデック,3,3,92,diy_tools,B06W9HSXX4,2200,21210,中小候補,,,,要連絡先確認(Phase B)
Faygtni JP,Faygtni,3,3,87,appliances,B0H4VTHBZD,1948,1948,中小候補,,,,要連絡先確認(Phase B)
バルカン(Vulcan),バルカン(Vulcan),2,2,212,sports,B077SRJYT5,1920,1980,中小候補,,,,要連絡先確認(Phase B)
インクのチップス,インクのチップス,3,2,182,pc,B00JL84P80,1504,3580,大手/海外疑い,,,,要連絡先確認(Phase B)
ミシロ,ミシロ,3,2,157,pet,B01LYYBEBV,2000,2680,中小候補,,,,要連絡先確認(Phase B)
メディコム・トイ(MEDICOM TOY),Medicom,3,2,152,hobby / toys,B082XFTKR8,3000,11960,中小候補,,,,要連絡先確認(Phase B)
Dr. Brown's,Dr. Brown's,3,2,152,baby,B07YZZZF3J,3555,6042,中小候補,,,,要連絡先確認(Phase B)
seathestars,Ｓｅａ　ｔｈｅ　Ｓｔａｒｓ,2,2,151,baby / home_kitchen,B0DWMPV656,2680,4680,中小候補,,,,要連絡先確認(Phase B)
美濃商会,HAKUTAKA,2,2,146,office,B01NC0PT08,1650,3190,中小候補,,,,要連絡先確認(Phase B)
若井産業(Wakaisangyo),若井産業(Wakaisangyo),3,2,144,diy_tools,B08PP45DYQ,2299,10900,大手/著名,,,,要連絡先確認(Phase B)
Servelove,Servelove,2,2,144,hobby,B0B6BN2V5Q,2599,2899,中小候補,,,,要連絡先確認(Phase B)
C·T·S,C·T·S,2,2,142,car / diy_tools,B07LDCZYW2,2299,2599,中小候補,,,,要連絡先確認(Phase B)
ブルーミング中西,MARY QUANT(マリークワント),2,2,140,home_kitchen,B0GQ2QMQC1,1650,1650,中小候補,,,,要連絡先確認(Phase B)
アイリスプラザ(IRIS PLAZA),アイリスプラザ,3,2,139,home_kitchen,B09B9FXJ22,2580,2630,大手/著名,,,,要連絡先確認(Phase B)
Pride Golf Tee,PrideSports,2,2,136,sports,B0055NRJLA,2280,2400,中小候補,,,,要連絡先確認(Phase B)
apple.ink.store,A.I.S,2,2,136,pc,B06XWG66TQ,1938,2023,大手/著名,,,,要連絡先確認(Phase B)
Moerstar,Moerstar,2,2,136,hobby,B0DXNC6JY6,1980,1980,中小候補,,,,要連絡先確認(Phase B)
OMEM,OMEM,2,2,132,pet,B0G5PXTCQT,2399,2399,中小候補,,,,要連絡先確認(Phase B)
魁盛堂,魁盛堂,2,2,131,office,B08D6FGDQ4,2200,9800,中小候補,,,,要連絡先確認(Phase B)
TIANSHU,TIANSHU,2,2,130,home_kitchen,B09T3BSRXB,2999,2999,中小候補,,,,要連絡先確認(Phase B)
ハタヤ(HATAYA),ハタヤ(HATAYA),2,2,129,diy_tools / industrial,B09LPXGJ4H,18980,24800,中小候補,,,,要連絡先確認(Phase B)
シェル ルブリカンツ ジャパン株式会社,シェル ルブリカンツ ジャパン株式会社,2,2,128,industrial,B0BVMRRPJ9,2980,9980,中小候補,,,,要連絡先確認(Phase B)
Jinhao,Lanxivi,2,2,124,office,B08DG1W28S,3199,3750,中小候補,,,,要連絡先確認(Phase B)
DKSHジャパン,Graf von Faber-Castell,2,2,122,office,B00GAYFAFK,5102,5102,中小候補,,,,要連絡先確認(Phase B)
Kunyehdo,Kunyehdo,2,2,122,appliances,B0BRCTH62R,1680,1699,中小候補,,,,要連絡先確認(Phase B)
Ricoh,ノーブランド品 / リコー,2,2,121,pc,B0B3GTLF7F,6700,10150,中小候補,,,,要連絡先確認(Phase B)
Noctua,Noctua,2,2,121,pc,B072M2HKSN,2213,4384,中小候補,,,,要連絡先確認(Phase B)
bigconnect,bigconnect,2,2,120,appliances,B0BTN6CQNC,1880,2687,大手/著名,,,,要連絡先確認(Phase B)
ＵＮＬＩＭＩＴＥＤ　ＰＷＣ,ＵＮＬＩＭＩＴＥＤ　ＰＷＣ,2,2,120,car,B0FBW4LD9Z,4400,4400,中小候補,,,,要連絡先確認(Phase B)
ハイペット,ノーブランド品,2,2,119,pet,B0CHJ9ZVS6,2100,2480,中小候補,,,,要連絡先確認(Phase B)
プレイアーデン,Kidstinct / プレイアーデン,2,2,119,pet,B06XKBXRDL,2910,7896,中小候補,,,,要連絡先確認(Phase B)
LIFELIKE,LIFELIKE,2,2,117,pet,B0FR8QB595,2330,3600,中小候補,,,,要連絡先確認(Phase B)
camping moon,キャンピングムーン(camping moon),2,2,116,sports,B0CKGZKFJF,5100,5500,中小候補,,,,要連絡先確認(Phase B)
Lalapala,Lalapala,2,2,116,sports,B0FHHZ2ZWF,2680,2680,中小候補,,,,要連絡先確認(Phase B)
Evolutive Labs,RHINOSHIELD,2,2,116,appliances,B0FJX7519W,1980,1980,中小候補,,,,要連絡先確認(Phase B)
富士フイルムビジネスイノベーション,富士フイルムビジネスイノベーション,2,2,115,pc,B0CZXV66Y1,22900,26546,中小候補,,,,要連絡先確認(Phase B)
メジャークラフト,Major Craft(メジャークラフト),2,2,114,sports,B0F9NWH2ZM,12885,12915,中小候補,,,,要連絡先確認(Phase B)
エーモン(amon),エーモン(amon),2,2,114,car / industrial,B0832C89ZP,1774,1840,中小候補,,,,要連絡先確認(Phase B)
槌屋ヤック(Tsuchiya Yac),槌屋ヤック(Tsuchiya Yac),2,2,114,car,B015BZWP88,1580,3819,中小候補,,,,要連絡先確認(Phase B)
9321427008,IMWALD,2,2,113,home_kitchen,B0F9KNZHHB,2480,3480,中小候補,,,,要連絡先確認(Phase B)
BBDAN,OMWRTE,2,2,112,office,B0CSWFVYK4,1666,1666,中小候補,,,,要連絡先確認(Phase B)
CUTICATE,CUTICATE,2,2,112,sports,B07RXPPYSC,1890,2055,中小候補,,,,要連絡先確認(Phase B)
Sadior,Sadior,2,2,112,diy_tools,B0D2NHVZB4,2499,2999,中小候補,,,,要連絡先確認(Phase B)
Hyorabyn trade,Hyorabyn,2,2,112,car,B0FH57PZ18,3800,3800,中小候補,,,,要連絡先確認(Phase B)
YAMAHA(ヤマハ),ヤマハ(YAMAHA),2,2,112,car / industrial,B00KBKI8I0,2368,3980,大手/著名,,,,要連絡先確認(Phase B)
XYST,PONATTENO,2,2,111,appliances,B0GSQMYN5D,2080,3280,中小候補,,,,要連絡先確認(Phase B)
ゼットシーレオパルド(ZC LEOPARD),ゼットシーレオパルド(ZC LEOPARD),2,2,111,hobby,B07WS8BVF1,2180,2680,中小候補,,,,要連絡先確認(Phase B)
ニッコー,ニッコー,2,2,110,baby / home_kitchen,B08KGDPF6Z,2633,19500,中小候補,,,,要連絡先確認(Phase B)
LUTW,LUTW,2,2,110,home_kitchen,B0GYMS1GBX,2549,2549,中小候補,,,,要連絡先確認(Phase B)
ISAMI イサミ,イサミ(ISAMI),2,2,109,sports,B0824PKPGV,2740,2740,中小候補,,,,要連絡先確認(Phase B)
vidaXL,vidaXL,2,2,109,diy_tools / pet,B07XTBJ43B,10000,15860,中小候補,,,,要連絡先確認(Phase B)
KVK,KVK,2,2,109,diy_tools,B01ARE2ECU,1685,6680,中小候補,,,,要連絡先確認(Phase B)
TOA,TOA(ティーオーエー),2,2,109,appliances,B00L8FL4GA,3465,17952,中小候補,,,,要連絡先確認(Phase B)
YYKSYDPT,YYKSYDPT,2,2,108,pet,B0FRMPKZKD,2749,2749,中小候補,,,,要連絡先確認(Phase B)
富士工業(FUJI KOGYO),FUJI,2,2,108,sports,B0D62WDK1Y,1980,1980,中小候補,,,,要連絡先確認(Phase B)
MotoMoto,MotoMoto,2,2,105,appliances / pc,B0FN7BXMYT,2159,4390,中小候補,,,,要連絡先確認(Phase B)
株式会社安吉,KIPROSTAR,2,2,104,home_kitchen,B076KMLFW2,10980,11980,中小候補,,,,要連絡先確認(Phase B)
カメヤマ,カメヤマ,2,2,104,home_kitchen,B0F83N5DKF,1800,2200,中小候補,,,,要連絡先確認(Phase B)
PicassoTiles,PicassoTiles,2,2,104,toys,B0876FDMY2,12762,14515,中小候補,,,,要連絡先確認(Phase B)
EazyRack,EazyRack,2,2,104,home_kitchen,B0H5PCQ4FR,2250,2250,中小候補,,,,要連絡先確認(Phase B)
Nature Boys,ネイチャーボーイズ(NatureBoys),2,2,104,sports,B084ZYLX69,3607,3750,中小候補,,,,要連絡先確認(Phase B)
BAIRNOX,BAIRNOX,2,2,104,diy_tools,B0FKGK7VRK,2500,2600,中小候補,,,,要連絡先確認(Phase B)
ダルトン(Dulton),ダルトン(Dulton),2,2,104,diy_tools,B09S5HNMYZ,3850,3850,中小候補,,,,要連絡先確認(Phase B)
UFURMATE,UFURMATE,2,2,104,diy_tools,B0GYPB2SSG,2155,2531,中小候補,,,,要連絡先確認(Phase B)
堀越陶房,堀越陶房,2,2,104,baby,B00DMAV9FU,5500,5500,中小候補,,,,要連絡先確認(Phase B)
Demanca,Demanca,2,2,104,baby,B0CCDN946L,2360,2360,中小候補,,,,要連絡先確認(Phase B)
VITAL AUDIO,VITAL AUDIO,2,2,104,instruments,B07423WTF7,2970,3025,中小候補,,,,要連絡先確認(Phase B)
トリッコインターナショナル,Forza10,2,2,103,pet,B0F9L6KSFZ,5170,8342,中小候補,,,,要連絡先確認(Phase B)
水作,水作 / 水作株式会社,2,2,103,pet,B07F3PFX16,2140,3940,中小候補,,,,要連絡先確認(Phase B)
ハートランド,ゾイック (ZOIC) / ゾイックコロン,2,2,103,pet,B07GKKF85C,2190,2484,中小候補,,,,要連絡先確認(Phase B)
Luqeeg,Luqeeg,2,2,103,pet / sports,B0DMWM565T,2279,4463,中小候補,,,,要連絡先確認(Phase B)
Xinxiang Optics JP,XGOPTS,2,2,103,office / toys,B09FF1W2M7,2100,2200,中小候補,,,,要連絡先確認(Phase B)
ヴェラ(WERA),Wera / ヴェラ(WERA),2,2,103,diy_tools,B001555F72,1926,6475,中小候補,,,,要連絡先確認(Phase B)
Milwaukee,Milwaukee,2,2,103,diy_tools,B079N6J3VN,2722,16000,中小候補,,,,要連絡先確認(Phase B)
キョウハヤ(Kyohaya),KYOHAYA,2,2,103,appliances,B0753B3545,5280,5280,中小候補,,,,要連絡先確認(Phase B)
ウエスタンデジタル(Western Digital),ウエスタンデジタル(Western Digital),2,2,103,pc,B0D78TL9XV,11800,19980,中小候補,,,,要連絡先確認(Phase B)
ホリ,ホリ,2,2,103,pc,B0CP9F83FS,8811,19980,中小候補,,,,要連絡先確認(Phase B)
JAPANNEXT,JAPANNEXT,2,2,103,pc,B0FBQY22VB,13980,15800,中小候補,,,,要連絡先確認(Phase B)
Kiinde LLC,Kiinde,2,2,103,baby,B00CXSPL24,10501,14800,中小候補,,,,要連絡先確認(Phase B)
テラモト,オッポ (OPPO),2,2,103,pet,B00C0JC9X0,2640,2970,中小候補,,,,要連絡先確認(Phase B)
スーパードラゴンボールヒーローズ,スーパードラゴンボールヒーローズ,2,2,103,toys,B09LLRXRM3,1918,2318,中小候補,,,,要連絡先確認(Phase B)
Trinity,simplism,2,2,103,appliances,B0FPXG18WC,1620,1980,中小候補,,,,要連絡先確認(Phase B)
PDP,PDP,2,2,103,pc,B09BWHMTW7,4635,7980,大手/海外疑い,,,,要連絡先確認(Phase B)
WeCar,WeCar,2,2,103,car,B0F24C3V4V,1580,2380,中小候補,,,,要連絡先確認(Phase B)
Asixxsix,Asixxsix,2,2,103,car / instruments,B0GTWJ3KTP,2978,10571,中小候補,,,,要連絡先確認(Phase B)
グリーンマックス(Greenmax),グリーンマックス(Greenmax),2,2,103,hobby,B0GGNLJHMS,12930,15010,中小候補,,,,要連絡先確認(Phase B)
MOOER,MOOER,2,2,103,instruments,B073B3NNWF,2518,14960,中小候補,,,,要連絡先確認(Phase B)
VASAGLE,VASAGLE,2,2,102,home_kitchen,B0CV7ZXF6H,4781,5184,中小候補,,,,要連絡先確認(Phase B)
アイトー(Aito),アイトー(Aito),2,2,102,home_kitchen,B07JKC4685,3188,3300,中小候補,,,,要連絡先確認(Phase B)
WhiteForest,WhiteForest,2,2,102,home_kitchen,B0G29NT46N,3411,3511,中小候補,,,,要連絡先確認(Phase B)
HOKEEPER,Hokeeper,2,2,102,home_kitchen,B0GQCBCF2F,7480,9180,中小候補,,,,要連絡先確認(Phase B)
メイスイ,メイスイ,2,2,102,home_kitchen,B00SWE7V30,6000,12100,中小候補,,,,要連絡先確認(Phase B)
monoごころ,monoごころ,2,2,102,home_kitchen,B0CH696WQJ,4790,4790,中小候補,,,,要連絡先確認(Phase B)
Lemnos (レムノス),Lemnos (レムノス),2,2,102,home_kitchen,B004UIT8ME,13200,13200,中小候補,,,,要連絡先確認(Phase B)
コンテックス(Kontex),ｋｏｎｔｅｘ,2,2,102,home_kitchen,B08CGWG466,2020,2200,中小候補,,,,要連絡先確認(Phase B)
IKIFLY,IKIFLY,2,2,102,home_kitchen,B0DFM5J39Y,22980,27980,中小候補,,,,要連絡先確認(Phase B)
Ansimple,Ansimple,2,2,102,home_kitchen / pet,B08MTLGPL9,1708,2298,中小候補,,,,要連絡先確認(Phase B)
株式会社エプロンストーリー,エプロンストーリー,2,2,102,home_kitchen,B00A7I9G46,4390,4390,中小候補,,,,要連絡先確認(Phase B)
ニチバン,NICHIBAN ニチバン,2,2,102,office,B01I7SJ8B8,2247,4680,中小候補,,,,要連絡先確認(Phase B)
BACKOLU,BACKOLU,2,2,102,instruments / office,B0GCLTCFVW,7943,9968,中小候補,,,,要連絡先確認(Phase B)
UNZ1W,uni-ball,2,2,102,office,B0728KJBPF,9916,11040,中小候補,,,,要連絡先確認(Phase B)
ディズニー,Disney(ディズニー),2,2,102,office / toys,B07PGN3BGT,2580,4980,大手/海外疑い,,,,要連絡先確認(Phase B)
Engineered Now,Engineered Now,2,2,102,office,B077GJ18QJ,17999,21999,中小候補,,,,要連絡先確認(Phase B)
CAPASTEC,CAPASTEC,2,2,102,office,B0F5B4G6MR,1672,1688,中小候補,,,,要連絡先確認(Phase B)
ITODA,ITODA,2,2,102,office,B07VK721CB,2410,2410,中小候補,,,,要連絡先確認(Phase B)
TY商事株式会社,N&S,2,2,102,pet,B0BWY568VB,13970,13970,中小候補,,,,要連絡先確認(Phase B)
TSPRO,TSPRO,2,2,102,pet,B0DYD7FH1Q,2499,2799,中小候補,,,,要連絡先確認(Phase B)
えつく,えつく,2,2,102,pet,B0FBWJ7QSF,5799,6999,中小候補,,,,要連絡先確認(Phase B)
バンガードインターナショナルフーズ,ナチュラルハーベスト,2,2,102,pet,B08WPHSS1M,1980,16060,中小候補,,,,要連絡先確認(Phase B)
ダイロク,カリカリーナ (Caricarina),2,2,102,pet,B00Y09JOSG,10800,11200,中小候補,,,,要連絡先確認(Phase B)
THE 2HR AQUARIST,THE 2HR AQUARIST,2,2,102,pet,B0CQ27F3W5,4180,5680,中小候補,,,,要連絡先確認(Phase B)
イトスイ,コメット,2,2,102,pet,B088ZCBN1M,1660,1920,中小候補,,,,要連絡先確認(Phase B)
ナチュラルハーベスト,ナチュラルハーベスト,2,2,102,pet,B0DCFM279R,6490,17050,中小候補,,,,要連絡先確認(Phase B)
Ypdnsme,Ypdnsme,2,2,102,pet,B0F5MGWTH8,3999,4999,中小候補,,,,要連絡先確認(Phase B)
Jiza,Jiza,2,2,102,pet,B0B975PW4J,3600,12800,中小候補,,,,要連絡先確認(Phase B)
KUMORIJP,KUMORIJP,2,2,102,pet,B0DP98V33B,2299,2699,中小候補,,,,要連絡先確認(Phase B)
タカラトミーアーツ,タカラトミーアーツ(TAKARATOMY A.R.T.S),2,2,102,toys,B0FWJJ4DZL,1978,3174,大手/著名,,,,要連絡先確認(Phase B)
BIGFOX,BigFox,2,2,102,toys,B0CJFN76GH,1698,1698,中小候補,,,,要連絡先確認(Phase B)
PUMA,PUMA(プーマ),2,2,102,toys,B0GHSXZSXX,7485,7935,大手/著名,,,,要連絡先確認(Phase B)
フリュー,Furyu / フリュー,2,2,102,toys,B0D5ZKS23Z,1800,4180,中小候補,,,,要連絡先確認(Phase B)
ドウシシャ(DOSHISHA),ドウシシャ(DOSHISHA),2,2,102,home_kitchen / toys,B07C2QFKD2,1610,2980,大手/著名,,,,要連絡先確認(Phase B)
Fremego,Fremego,2,2,102,toys,B0CTZR99JB,9999,9999,中小候補,,,,要連絡先確認(Phase B)
LEGO(レゴ),LEGO(レゴ),2,2,102,toys,B07GZ51QRC,9480,14500,中小候補,,,,要連絡先確認(Phase B)
サンリッチ(Sunrich),MINI GT,2,2,102,hobby / toys,B0FP4CP2NZ,2640,2761,中小候補,,,,要連絡先確認(Phase B)
EIMONEY,EIMONEY,2,2,102,toys,B0D3XZVMTW,1716,10656,中小候補,,,,要連絡先確認(Phase B)
テンヨー(Tenyo),テンヨー(Tenyo),2,2,102,toys,B0DW3K42VJ,1618,2438,中小候補,,,,要連絡先確認(Phase B)
Luoxirieng,,2,2,102,toys,B0BPM3L8V2,2388,3015,中小候補,,,,要連絡先確認(Phase B)
COLLECTA,COLLECTA,2,2,102,toys,B07G1BQSZZ,1870,2200,中小候補,,,,要連絡先確認(Phase B)
ナルゲン,Nalgene,2,2,102,sports,B0CVNCHMFM,2760,3640,中小候補,,,,要連絡先確認(Phase B)
SWANS,SWANS(スワンズ),2,2,102,sports,B0GR8ND861,1990,2420,中小候補,,,,要連絡先確認(Phase B)
TAYLORMADE GOLF(テーラーメイドゴルフ),TaylorMade,2,2,102,sports,B0CPP8NS9K,1780,1968,中小候補,,,,要連絡先確認(Phase B)
Arena,ARENA,2,2,102,sports,B00C3LR2K0,2610,3957,中小候補,,,,要連絡先確認(Phase B)
MECH CAMP LTD,MECH CAMP,2,2,102,sports,B0CP1XCXC3,7199,12000,中小候補,,,,要連絡先確認(Phase B)
Little Thing.JP (リトルシング),Little Thing.JP (リトルシング),2,2,102,sports,B0CL57JPLR,1580,1580,中小候補,,,,要連絡先確認(Phase B)
Ms. RAJA(ミズ ラジャ),Ms. RAJA(ミズ ラジャ),2,2,102,sports,B0CLZLNZFC,2480,3980,中小候補,,,,要連絡先確認(Phase B)
ひしも(Hishimo),ひしも(Hishimo),2,2,102,sports,B0DJ2FB4BH,5664,5785,中小候補,,,,要連絡先確認(Phase B)
工進(KOSHIN),工進(KOSHIN),2,2,102,diy_tools / industrial,B00M7YYPSA,11399,12152,中小候補,,,,要連絡先確認(Phase B)
TJMデザイン(TJM Design),タジマ,2,2,102,diy_tools,B003VUU7RM,2471,11170,中小候補,,,,要連絡先確認(Phase B)
マキタ(Makita),Makita(マキタ),2,2,102,diy_tools,B016A5ZLHA,3580,9920,大手/著名,,,,要連絡先確認(Phase B)
DEWALT,DEWALT(デウォルト),2,2,102,diy_tools,B0BXBK4NC6,6860,8400,中小候補,,,,要連絡先確認(Phase B)
Kikerike,Kikerike,2,2,102,diy_tools,B0BVLLBVY5,4129,6999,中小候補,,,,要連絡先確認(Phase B)
ナイフメーカー,emcpter,2,2,102,diy_tools,B0GKXTDJJ2,3869,3869,中小候補,,,,要連絡先確認(Phase B)
ZJchao,ZJchao,2,2,102,appliances / pc,B0DQVCTQ7Z,1579,4631,中小候補,,,,要連絡先確認(Phase B)
MayRecords,MayRecords,2,2,102,appliances,B09XMJK4D2,5490,6250,中小候補,,,,要連絡先確認(Phase B)
Hanman,Hanman,2,2,102,appliances,B0GW1ZRCMR,2375,2600,中小候補,,,,要連絡先確認(Phase B)
ティーオーエー(TOA),TOA(ティーオーエー),2,2,102,appliances / instruments,B0009VY092,10000,12590,中小候補,,,,要連絡先確認(Phase B)
CLYZSTU,CLYZSTU,2,2,102,appliances,B0FJDL6Y4G,4798,11847,中小候補,,,,要連絡先確認(Phase B)
Fintie,FINTIE,2,2,102,appliances,B0F17GH893,4695,4715,中小候補,,,,要連絡先確認(Phase B)
CORSAIR,CORSAIR,2,2,102,pc,B0CW9KV1LT,18850,24780,中小候補,,,,要連絡先確認(Phase B)
ゴッパ(GOPPA),ゴッパ(GOPPA),2,2,102,pc,B08VW5FBCS,3047,4500,中小候補,,,,要連絡先確認(Phase B)
ARTISAN,ARTISAN,2,2,102,pc,B0DT9FR4NJ,6498,9333,中小候補,,,,要連絡先確認(Phase B)
COKOVI,COKOVI,2,2,102,pc,B0DNQB12Z4,1500,1700,大手/海外疑い,,,,要連絡先確認(Phase B)
Joxoilso,Joxoilso,2,2,102,baby,B0DJVXTVG1,2589,2589,中小候補,,,,要連絡先確認(Phase B)
BACKYARD FAMILY,BACKYARD FAMILY,2,2,102,baby,B0F4WQ4NTP,2495,2700,中小候補,,,,要連絡先確認(Phase B)
シーズイシハラ,クリーンワン / シーズイシハラ,2,2,102,baby / pet,B07M9RKL6Q,2519,4641,中小候補,,,,要連絡先確認(Phase B)
aden + anais,aden + anais,2,2,102,baby,B08X9F94T7,7168,9288,中小候補,,,,要連絡先確認(Phase B)
TRUMPETIC,TRUMPETIC,2,2,102,baby,B0GN1DZNBH,5506,8473,中小候補,,,,要連絡先確認(Phase B)
Vricale,Vricale,2,2,102,baby,B0C2MP17K9,5179,10999,中小候補,,,,要連絡先確認(Phase B)
NGK,NGK,2,2,102,car,B07WP2T6YX,6130,6130,中小候補,,,,要連絡先確認(Phase B)
uuakarin,uuakarin,2,2,102,car,B0FW4XB1N7,2599,2599,中小候補,,,,要連絡先確認(Phase B)
TIGHT JAPAN(タイトジャパン),TIGHT JAPAN(タイトジャパン),2,2,102,car,B086M3YLWY,3410,3740,中小候補,,,,要連絡先確認(Phase B)
Senbo,Senbo,2,2,102,home_kitchen,B0FHJ3G598,3780,3780,中小候補,,,,要連絡先確認(Phase B)
広電,広電(KODEN),2,2,102,home_kitchen,B0CBQYZPK1,2980,3900,中小候補,,,,要連絡先確認(Phase B)
ゼロジャパン,ZERO JAPAN(ゼロジャパン),2,2,102,home_kitchen,B004VIT4HC,3080,3080,中小候補,,,,要連絡先確認(Phase B)
パール金属(PEARL METAL),パール金属株式会社,2,2,102,home_kitchen,B08SBQYTYB,1869,2705,中小候補,,,,要連絡先確認(Phase B)
リズム(RHYTHM),リズム(RHYTHM),2,2,102,home_kitchen,B01120SEOU,4549,6500,中小候補,,,,要連絡先確認(Phase B)
ダンロップホームプロダクツ,DUNLOP,2,2,102,home_kitchen,B000FP3VDI,3360,3499,中小候補,,,,要連絡先確認(Phase B)
CANDY DESIGN&WORKS,CANDY DESIGN&WORKS,2,2,102,home_kitchen,B01JDVHIW4,2510,2530,中小候補,,,,要連絡先確認(Phase B)
SPobeap,SPobeap,2,2,102,home_kitchen,B0DXKLY1BB,4190,4190,中小候補,,,,要連絡先確認(Phase B)
和平フレイズ(Wahei freiz),和平フレイズ(Wahei freiz),2,2,102,home_kitchen,B0B3R3CTLW,2585,2915,中小候補,,,,要連絡先確認(Phase B)
グローバル,グローバル(Global) / プラティーヌ,2,2,102,home_kitchen / instruments,B09TT4FH1K,3360,23760,中小候補,,,,要連絡先確認(Phase B)
PARKER,PARKER,2,2,102,office,B08LDP7HXL,22800,23015,中小候補,,,,要連絡先確認(Phase B)
トンボ(Tombow),トンボ(Tombow),2,2,102,office,B005HBAKIY,2580,3300,大手/著名,,,,要連絡先確認(Phase B)
Mokuto,MOKUTO,2,2,102,office,B0GJ5TFCL5,9998,9998,中小候補,,,,要連絡先確認(Phase B)
Toyvian,Toyvian,2,2,102,office / sports,B0BB82T6Z5,2049,2119,中小候補,,,,要連絡先確認(Phase B)
セーラー万年筆,セーラー,2,2,102,office,B0CHLD5C8G,5930,5930,中小候補,,,,要連絡先確認(Phase B)
YFS,YFS,2,2,102,office,B0D2N1F7GL,3780,3866,中小候補,,,,要連絡先確認(Phase B)
FURLOU,FURLOU,2,2,102,pet,B0CNLCC27W,1579,1650,中小候補,,,,要連絡先確認(Phase B)
株式会社ＳＴＩフードホールディングス,たまの伝説,2,2,102,pet,B0CGLTBFDL,2195,3700,中小候補,,,,要連絡先確認(Phase B)
xuuyuu,xuuyuu,2,2,102,diy_tools / pet,B095JYDCHN,1970,4099,中小候補,,,,要連絡先確認(Phase B)
JASON,Jason,2,2,102,pet,B088QZB7V9,4600,9883,中小候補,,,,要連絡先確認(Phase B)
ペットライフクリエイト,ペットライフクリエイト,2,2,102,pet,B0DV58QXB9,5980,5980,中小候補,,,,要連絡先確認(Phase B)
loco animo,loco animo,2,2,102,pet,B0FHKBJ6VH,1980,1980,中小候補,,,,要連絡先確認(Phase B)
fromseed,fromseed,2,2,102,toys,B0G5N44W5C,3280,15980,中小候補,,,,要連絡先確認(Phase B)
株式会社スナミヤ,ジョイフルクラッカー,2,2,102,toys,B0042V0RN8,11500,17000,中小候補,,,,要連絡先確認(Phase B)
ラーニング リソーシズ(Learning Resources),ラーニング リソーシズ(Learning Resources),2,2,102,toys,B000F8XF86,5586,7121,中小候補,,,,要連絡先確認(Phase B)
仮面ライダー,仮面ライダー,2,2,102,toys,B09NJ7PCBY,6980,10280,中小候補,,,,要連絡先確認(Phase B)
Totority,Totority,2,2,102,diy_tools / toys,B0F2MY4623,1539,2089,中小候補,,,,要連絡先確認(Phase B)
Rubber Road Ltd,TUBBZ,2,2,102,toys,B0CG6MLR3P,3157,5376,中小候補,,,,要連絡先確認(Phase B)
エックスブレイド(X-Braid),エックスブレイド(X-Braid),2,2,102,sports,B084ZYBJZ8,2353,14340,中小候補,,,,要連絡先確認(Phase B)
Wuyuzi,Wuyuzi,2,2,102,sports,B0BFD6PMG4,3719,3759,中小候補,,,,要連絡先確認(Phase B)
フィールドフォース,フィールドフォース,2,2,102,sports,B0DRFPWWJN,8641,10790,中小候補,,,,要連絡先確認(Phase B)
HEAD(ヘッド),ヘッド(HEAD),2,2,102,sports,B0GJJZWS6L,24933,29920,中小候補,,,,要連絡先確認(Phase B)
JCTLIYXG,JCTLIYXG,2,2,102,diy_tools,B0FMN61MDR,2010,3279,中小候補,,,,要連絡先確認(Phase B)
シンワ測定(Shinwa Sokutei),シンワ測定(Shinwa Sokutei),2,2,102,diy_tools,B007V90NGE,4009,8727,中小候補,,,,要連絡先確認(Phase B)
JUNART,JUNART,2,2,102,diy_tools,B0DGXN37H4,2598,2798,中小候補,,,,要連絡先確認(Phase B)
HARUMAKI,HARUMAKI,2,2,102,diy_tools,B0F1THSKQR,2300,2680,中小候補,,,,要連絡先確認(Phase B)
ibstetes shop,iBSTETES,2,2,102,diy_tools,B0C9R2JMHF,3100,3430,中小候補,,,,要連絡先確認(Phase B)
Rosebe,ROSEBE,2,2,102,diy_tools,B09GRPRSFG,1980,1980,中小候補,,,,要連絡先確認(Phase B)
丸山製作所(Maruyamaseisakusyo),丸山製作所(Maruyamaseisakusyo),2,2,102,diy_tools,B007K2T8D6,3222,4145,中小候補,,,,要連絡先確認(Phase B)
サンエスライン,サンエスライン,2,2,102,diy_tools,B0G5XL9Y85,2356,2451,中小候補,,,,要連絡先確認(Phase B)
XIMAND,XIMAND,2,2,102,appliances,B0DLP4VXMG,3499,3499,中小候補,,,,要連絡先確認(Phase B)
アイコム,アイコム(ICOM) / ノーブランド品,2,2,102,appliances,B008KSG2YM,3825,14982,中小候補,,,,要連絡先確認(Phase B)
ROLANPRO,RolanPro,2,2,102,appliances,B073FG33V2,6804,7119,中小候補,,,,要連絡先確認(Phase B)
TARION,TARION,2,2,102,appliances,B0GX1FZMFM,12799,16999,中小候補,,,,要連絡先確認(Phase B)
Yosemite Strap,Yosemite Strap,2,2,102,appliances,B0GPQ91JFQ,3570,5830,中小候補,,,,要連絡先確認(Phase B)
Amaran,Aputure,2,2,102,appliances,B0DP4LKH8N,15620,18920,中小候補,,,,要連絡先確認(Phase B)
ibasso Audio,iBasso,2,2,102,appliances,B0GBWNFCKH,21930,21930,中小候補,,,,要連絡先確認(Phase B)
EPBOWPT,HOMELYLIFE,2,2,102,appliances,B089LRQM9Z,5663,6290,中小候補,,,,要連絡先確認(Phase B)
Canon(キヤノン),キヤノン,2,2,102,pc,B01MTLMW3V,7545,8290,大手/著名,,,,要連絡先確認(Phase B)
XHSJP Direct,,2,2,102,pc,B088BB14SR,1542,2088,中小候補,,,,要連絡先確認(Phase B)
Canon,キヤノン,2,2,102,pc,B005B8Z1JQ,8150,26400,大手/著名,,,,要連絡先確認(Phase B)
Sony,Sony,2,2,102,industrial / pc,B08P2CR92B,1500,3179,大手/著名,,,,要連絡先確認(Phase B)
Mydours,Mydours,2,2,102,pc,B0FPQQ4KKK,2126,8347,中小候補,,,,要連絡先確認(Phase B)
VXE,リンクスインターナショナル,2,2,102,pc,B0D6X7RMNB,11916,14106,中小候補,,,,要連絡先確認(Phase B)
RUUNNER,RUUNNER,2,2,102,pc,B07V8RYQ17,1778,1879,中小候補,,,,要連絡先確認(Phase B)
Yinker,Yinker,2,2,102,pc,B0982TJLZ5,13999,21666,中小候補,,,,要連絡先確認(Phase B)
asoboze,asoboze(アソボーゼ),2,2,102,pc,B0B9WPT6RQ,7300,7300,大手/海外疑い,,,,要連絡先確認(Phase B)
Raspberry Pi,Raspberry Pi,2,2,102,pc,B0DM24QFCF,1949,14300,中小候補,,,,要連絡先確認(Phase B)
DDMALL,DDMALL,2,2,102,pc,B08G4CYLMQ,7931,8394,中小候補,,,,要連絡先確認(Phase B)
seeed studio,seeed studio,2,2,102,pc,B0B15B869W,1980,4040,中小候補,,,,要連絡先確認(Phase B)
OYAIDE,Neo Products / オヤイデ,2,2,102,instruments / pc,B00R2R77JG,5610,7810,中小候補,,,,要連絡先確認(Phase B)
JUNGLE DEER,JUNGLE DEER,2,2,102,pc,B0BPY956NW,4789,4954,中小候補,,,,要連絡先確認(Phase B)
SENLAN,SENLAN,2,2,102,pc,B0DF2JSRB6,2999,2999,中小候補,,,,要連絡先確認(Phase B)
ZUNEIGUNG,ZUNEIGUNG,2,2,102,car,B0CPFRRR3V,5278,5278,中小候補,,,,要連絡先確認(Phase B)
PowerArQ,PowerArQ,2,2,102,car,B0FHWLFVLN,16500,27500,中小候補,,,,要連絡先確認(Phase B)
HyoLebi,HyoLebi,2,2,102,car,B0BZ1BRT1W,9400,9500,中小候補,,,,要連絡先確認(Phase B)
デグナー(DEGNER),デグナー(DEGNER),2,2,102,car,B0FMJR8BQL,11000,11000,中小候補,,,,要連絡先確認(Phase B)
MOSENETJ139,MOSENET,2,2,102,car,B0FXMGW849,4200,4200,中小候補,,,,要連絡先確認(Phase B)
MEKOMEKO,MEKOMEKO,2,2,102,car,B0BZYYJYK2,1613,2698,中小候補,,,,要連絡先確認(Phase B)
ビートソニック,Beat-Sonic (ビートソニック),2,2,102,car,B0FDB1HYHQ,8800,15950,中小候補,,,,要連絡先確認(Phase B)
VOMIREL,VOMIREL,2,2,102,car,B0FT8DXLL1,2499,2699,中小候補,,,,要連絡先確認(Phase B)
Tokyo Blade,Tokyo Blade,2,2,102,car,B0DJQQM9Z1,1899,2897,中小候補,,,,要連絡先確認(Phase B)
Culon,Culon,2,2,102,car,B0G5NDCCKC,15200,15200,中小候補,,,,要連絡先確認(Phase B)
アクティブ(ACTIVE),アクティブ(ACTIVE),2,2,102,car,B07DKLZHSC,4427,6548,中小候補,,,,要連絡先確認(Phase B)
HDBUBALUS,HDBUBALUS,2,2,102,car,B0BPCX8ZTL,3775,6990,中小候補,,,,要連絡先確認(Phase B)
TTJZ,TTJZ,2,2,102,car,B08423QQ8Q,2548,3450,中小候補,,,,要連絡先確認(Phase B)
SWD-DG,SWD-DG,2,2,102,car,B09WH2TDB4,2555,2555,中小候補,,,,要連絡先確認(Phase B)
メルテック(meltec),メルテック(meltec),2,2,102,car,B0052WJVM4,2861,3280,中小候補,,,,要連絡先確認(Phase B)
gbt,GBT GLOBAL BRIDGE TRADING,2,2,102,car,B00FXJDPFA,6480,6580,中小候補,,,,要連絡先確認(Phase B)
Hovano,Hovano,2,2,102,car,B0CXPRPPC5,2900,12738,中小候補,,,,要連絡先確認(Phase B)
The Pokémon Company International,ポケモン(Pokemon),2,2,102,hobby,B0FPLLR939,15315,15658,中小候補,,,,要連絡先確認(Phase B)
MORABTO,MORABTO,2,2,102,hobby,B0DN54HDYH,6434,10502,中小候補,,,,要連絡先確認(Phase B)
LET'S RESIN,LET'S RESIN,2,2,102,hobby,B0BY2NYX3F,7709,19010,中小候補,,,,要連絡先確認(Phase B)
Gonzalez,Gonzalez,2,2,102,instruments,B009WLIQJA,4510,4510,中小候補,,,,要連絡先確認(Phase B)
ITHWIU,ITHWIU,2,2,102,instruments,B0C9H6NXTP,10107,12118,中小候補,,,,要連絡先確認(Phase B)
lefreQue,lefreQue,2,2,102,instruments,B07LF4M9VJ,1950,2650,中小候補,,,,要連絡先確認(Phase B)
Cionyce,Cionyce,2,2,102,instruments,B0C5HX11C7,2200,2200,中小候補,,,,要連絡先確認(Phase B)
神保電器,神保電器,2,2,102,instruments,B07W4PG7NK,2376,6710,中小候補,,,,要連絡先確認(Phase B)
MUSICNOMAD,MUSIC NOMAD ( ミュージックノマド ),2,2,102,instruments,B0CGF8S8TB,8910,22159,中小候補,,,,要連絡先確認(Phase B)
Gator,GATOR,2,2,102,instruments,B071RLRW83,6688,8376,中小候補,,,,要連絡先確認(Phase B)
Shiwaki,Shiwaki,2,2,102,instruments,B07XG184YK,2970,3260,中小候補,,,,要連絡先確認(Phase B)
One Control,One Control,2,2,102,instruments,B0976Y7D8X,17050,18150,中小候補,,,,要連絡先確認(Phase B)
Mutec,MUTEC,2,2,102,instruments,B00HQKJ4WC,10295,10297,中小候補,,,,要連絡先確認(Phase B)
Zildjian(ジルジャン),Zildjian(ジルジャン),2,2,102,instruments,B01LYCZMGR,23193,25300,中小候補,,,,要連絡先確認(Phase B)
Saramonic,Saramonic,2,2,102,instruments,B096BGT9YB,12800,25694,中小候補,,,,要連絡先確認(Phase B)
GROVER,grover,2,2,102,instruments,B002Y7QCUE,4031,7182,中小候補,,,,要連絡先確認(Phase B)
Roland(ローランド),Roland(ローランド),2,2,102,instruments,B002W39RD4,5032,6253,中小候補,,,,要連絡先確認(Phase B)
長谷川工業(Hasegawa),長谷川工業(Hasegawa),2,2,102,industrial,B0H5T43R9H,11000,11000,中小候補,,,,要連絡先確認(Phase B)
Fielect,Fielect,2,2,102,industrial,B08BZB1674,1674,1871,中小候補,,,,要連絡先確認(Phase B)
Pyramex Safety,Pyramex Safety / Ridgeline,2,2,102,industrial,B07L6DZJB1,1780,5031,中小候補,,,,要連絡先確認(Phase B)
BQVJKATRN,BQVJKATRN,2,2,102,industrial,B0H1BHHJ6W,3928,5220,中小候補,,,,要連絡先確認(Phase B)
清水アキラ(Shimizu Akira),アズワン(AS ONE),2,2,102,industrial,B016Q2QAWW,2390,3048,中小候補,,,,要連絡先確認(Phase B)
タチバナ製作所,タチバナ製作所,2,2,102,industrial,B06XKMSVHY,11790,11800,中小候補,,,,要連絡先確認(Phase B)
TOYMYTOY,TOYMYTOY,2,2,102,industrial,B0DBJ52DP6,2919,2991,中小候補,,,,要連絡先確認(Phase B)
BIALETTI INDUSTRIE S.P.A.,BIALETTI(ビアレッティ),2,2,102,industrial,B09T9J127T,2920,2953,中小候補,,,,要連絡先確認(Phase B)
RAMBEX,RAMBEX,2,2,102,industrial,B0CYTH5RJG,2540,3698,中小候補,,,,要連絡先確認(Phase B)
東芝,東芝(TOSHIBA),2,2,102,industrial,B0F3NFC95N,7260,20000,大手/著名,,,,要連絡先確認(Phase B)
ZOENHOU,ZOENHOU,2,2,102,industrial,B08Y6XJ67X,2825,4618,中小候補,,,,要連絡先確認(Phase B)
WOZESEIK,WOZESEIK,2,2,102,industrial,B0DJLRF1SP,10114,10278,中小候補,,,,要連絡先確認(Phase B)
bPr BEAMS(bPrビームス（雑貨）),bPr BEAMS(bPrビームス（雑貨）),2,2,101,home_kitchen,B07L1D5XFP,2970,3100,中小候補,,,,要連絡先確認(Phase B)
NEOUZA,NEOUZA,2,2,101,home_kitchen,B0CF1MJB6V,3990,4990,中小候補,,,,要連絡先確認(Phase B)
青木刃物製作所,青木刃物製作所,2,2,101,home_kitchen,B001RSE5H8,1528,1751,中小候補,,,,要連絡先確認(Phase B)
Kaweco,Kaweco,2,2,101,office,B0DT78V26M,5720,14077,中小候補,,,,要連絡先確認(Phase B)
テラモト(TERAMOTO),テラモト(TERAMOTO),2,2,101,industrial / office,B07PQBJV5K,7770,13008,中小候補,,,,要連絡先確認(Phase B)
FRCOLOR,FRCOLOR,2,2,101,hobby / office,B0G72M1573,1508,2029,中小候補,,,,要連絡先確認(Phase B)
アクティブコーポレーション,アクティブコーポレーション,2,2,101,office / toys,B0GZT3963J,1949,2200,中小候補,,,,要連絡先確認(Phase B)
ヒサゴ,ヒサゴ,2,2,101,office,B0F2MFZZYQ,2400,2893,中小候補,,,,要連絡先確認(Phase B)
エムエムシー企画,Red Sea / エイチアンドエス (H&S),2,2,101,pet,B0071HBE6E,3780,5800,中小候補,,,,要連絡先確認(Phase B)
ジャンプ,ドゥ ロイヤル / ピュアロイヤル,2,2,101,pet,B00B4JIA9E,3190,6360,中小候補,,,,要連絡先確認(Phase B)
ペットアイ,pet&i,2,2,101,pet,B0948SRRTX,2928,2928,中小候補,,,,要連絡先確認(Phase B)
アース・ペット,CHOICE+(チョイスプラス) / アース・ペット,2,2,101,pet,B0865WXFR9,1600,2780,大手/著名,,,,要連絡先確認(Phase B)
QIX,QIX Quest for Integrated Experience,2,2,101,pet,B0B41YTXX6,3040,3755,中小候補,,,,要連絡先確認(Phase B)
The Noble Collection,The Noble Collection,2,2,101,toys,B01I5IH5VA,7926,17597,中小候補,,,,要連絡先確認(Phase B)
エスケイジャパン,エスケイジャパン,2,2,101,toys,B0BN1H9628,1780,2180,中小候補,,,,要連絡先確認(Phase B)
Taoricup,Taoricup,2,2,101,appliances,B0H71CNFLR,2199,2399,中小候補,,,,要連絡先確認(Phase B)
コズムワン株式会社,KIMOC(キモチ),2,2,101,pc,B0CMJJBMB5,1550,1780,中小候補,,,,要連絡先確認(Phase B)
新潟モール,新潟モール,2,2,101,baby,B0CDGDXPSB,2200,2200,中小候補,,,,要連絡先確認(Phase B)
Dreamus,Dreamus,2,2,101,baby,B0DJNN64L4,2409,2419,中小候補,,,,要連絡先確認(Phase B)
ARK Therapeutic,Ark Therapeutic,2,2,101,baby,B01M7XZ2LQ,8088,9129,中小候補,,,,要連絡先確認(Phase B)
KeaBabies,KeaBabies,2,2,101,baby,B0CYYZSZFF,5275,6748,中小候補,,,,要連絡先確認(Phase B)
Gerber,Gerber,2,2,101,baby / car,B001PTGOKK,5170,5280,中小候補,,,,要連絡先確認(Phase B)
AIRSPEEDAutoPart,AIRSPEED,2,2,101,car,B0D179RDQY,2999,9299,中小候補,,,,要連絡先確認(Phase B)
PHILIPS,PHILIPS,2,2,101,baby / car,B09SLFM6ZG,2200,3295,大手/著名,,,,要連絡先確認(Phase B)
BELLE MAISON(ベルメゾン),BELLE MAISON(ベルメゾン),2,2,101,home_kitchen,B0CP22MCVS,6990,6990,中小候補,,,,要連絡先確認(Phase B)
エーワン(A-one),A-one,2,2,101,office,B01I7SJWXM,2929,11835,中小候補,,,,要連絡先確認(Phase B)
ブリスミックス,ブリスミックス / 犬想い,2,2,101,pet,B09HC1QPTF,6380,20680,中小候補,,,,要連絡先確認(Phase B)
パナソニック,パナソニック(Panasonic),2,2,101,appliances / pet,B075K74YQJ,1949,2150,大手/著名,,,,要連絡先確認(Phase B)
MGA Entertainment,Bratz / MGA's Miniverse,2,2,101,toys,B0GSBW68FC,5981,8433,中小候補,,,,要連絡先確認(Phase B)
Gkikirty,Gkikirty,2,2,101,industrial / toys,B0CCMGRZZ1,3094,3539,中小候補,,,,要連絡先確認(Phase B)
Zerodis,Zerodis,2,2,101,diy_tools / industrial,B07MBB6KG3,1851,2374,中小候補,,,,要連絡先確認(Phase B)
"Shenzhenshi Xinhuashang Leather Products Co., Ltd",SHEAWA,2,2,101,appliances,B0GX1VB3HV,1850,2420,中小候補,,,,要連絡先確認(Phase B)
HUANQIU,Moogukadan,2,2,101,pc,B0DPHPKXRQ,2550,2999,大手/海外疑い,,,,要連絡先確認(Phase B)
Jiawu,Jiawu,2,2,101,car,B0D49PB17R,2445,4728,中小候補,,,,要連絡先確認(Phase B)
Pioneer,Pioneer,2,2,101,car / instruments,B07CWK43WG,2300,12000,中小候補,,,,要連絡先確認(Phase B)
Elixir,ELIXIR(エリクサー) / Ｅｌｉｘｉｒ,2,2,101,instruments,B00CTTG5TK,6283,11973,中小候補,,,,要連絡先確認(Phase B)
etfshop,Yibuy,2,2,101,instruments,B01CZDR1JC,2279,2499,中小候補,,,,要連絡先確認(Phase B)
ERNIE BALL,Ernie Ball,2,2,101,instruments,B00PJVFKQY,2750,5380,中小候補,,,,要連絡先確認(Phase B)
日立(HITACHI),日立(HITACHI),2,2,100,home_kitchen,B0DK4J3WLR,24799,25000,大手/著名,,,,要連絡先確認(Phase B)
KAWECO,Kaweco,2,2,100,office,B00JPTM5CI,13750,13750,中小候補,,,,要連絡先確認(Phase B)
Sivro,Sivro,2,2,100,office,B0FKG3N78G,7565,11410,中小候補,,,,要連絡先確認(Phase B)
Zebra Pen,ゼブラ(ZEBRA),2,2,100,office,B08XSP2Z9H,2657,3220,大手/著名,,,,要連絡先確認(Phase B)
伊藤金属製作所,シルバー,2,2,100,office,B00VJ6KNWE,3540,3690,中小候補,,,,要連絡先確認(Phase B)
POTATO,POTATO,2,2,100,pet,B08K8G91M7,1850,3300,中小候補,,,,要連絡先確認(Phase B)
ブルーダー(Bruder),ブルーダー(Bruder),2,2,100,toys,B00R435HOA,5297,11490,中小候補,,,,要連絡先確認(Phase B)
Elick,Elick,2,2,100,appliances,B0CNYY4PLN,2080,2080,中小候補,,,,要連絡先確認(Phase B)
AKLOSIPY,AKLOSIPY,2,2,100,baby / instruments,B0FX169VS1,1949,2679,中小候補,,,,要連絡先確認(Phase B)
TOTBASIC,TOTBASIC,2,2,100,baby,B0CYQ2JHGL,12124,12404,中小候補,,,,要連絡先確認(Phase B)
seahome,SeaHome,2,2,100,baby,B0D6YNNM3M,4980,4980,中小候補,,,,要連絡先確認(Phase B)
Zutano,Zutano,2,2,100,baby,B0BLRJTW8Q,5598,6060,中小候補,,,,要連絡先確認(Phase B)
Reale（レアーレ）,Reale（レアーレ）,2,2,100,baby,B0CQJR5J9G,11000,11000,中小候補,,,,要連絡先確認(Phase B)
Cogocmor,Cogocmor,2,2,100,baby,B0DF2MDVHC,2678,2678,中小候補,,,,要連絡先確認(Phase B)
Angel Dear,Angel Dear,2,2,100,baby,B08YH3K1D5,3190,3350,中小候補,,,,要連絡先確認(Phase B)
N+A,N+A,2,2,100,baby,B08PSNGM2C,5898,5898,中小候補,,,,要連絡先確認(Phase B)
CREAMHAUS,CREAMHAUS,2,2,100,baby,B0D7MBXTNS,13800,13800,中小候補,,,,要連絡先確認(Phase B)
ヒサゴ(Hisago),ヒサゴ,2,2,100,office,B000FHPNR8,3035,14188,中小候補,,,,要連絡先確認(Phase B)
ユニット株式会社,Sign Web,2,2,100,office,B09SLM878H,15950,15950,中小候補,,,,要連絡先確認(Phase B)
エグザコンタ,Exacompta,2,2,100,office,B06X9RJ5YC,11240,12860,中小候補,,,,要連絡先確認(Phase B)
セイコーインスツル,セイコーインスツル,2,2,100,office,B07VNCYNV3,10800,10800,大手/著名,,,,要連絡先確認(Phase B)
Signature Products Group (SPG),carhartt(カーハート),2,2,100,pet,B07NSB92RY,6480,9956,中小候補,,,,要連絡先確認(Phase B)
トーラス,トーラス,2,2,100,pet,B08NWP4XRY,1602,1709,中小候補,,,,要連絡先確認(Phase B)
starrycoo,starrycoo,2,2,100,pet,B0GWHQK6CR,1615,1615,中小候補,,,,要連絡先確認(Phase B)
PEACH CAT,PEACH CAT,2,2,100,toys,B0D78Z9KXS,5938,6393,中小候補,,,,要連絡先確認(Phase B)
株式会社ワールドコンセプトパートナーズ,三方良し(Sanpouyoshi),2,2,100,car / industrial,B0B2X1CWYF,3998,13500,中小候補,,,,要連絡先確認(Phase B)
HENGLANGZ125,HENGLANG,2,2,100,car,B0F2SSFJG3,3100,3100,中小候補,,,,要連絡先確認(Phase B)
XINMOZR,XINMOZR,2,2,100,car,B0GRTNSP91,13900,13900,中小候補,,,,要連絡先確認(Phase B)
プライズ景品,アミューズメント専用景品,2,2,100,hobby,B0H4TPP428,1598,2425,中小候補,,,,要連絡先確認(Phase B)
Vista Outdoor Sales LLC,Butler Creek,2,2,100,hobby,B0002IKZ7S,2680,2970,中小候補,,,,要連絡先確認(Phase B)
FUNSHOWCASE,FUNSHOWCASE,2,2,100,hobby,B07GLKF5F1,1933,3399,中小候補,,,,要連絡先確認(Phase B)
東京マルイ(TOKYO MARUI),東京マルイ(TOKYO MARUI),2,2,100,hobby,B000BV4M9S,3150,6600,中小候補,,,,要連絡先確認(Phase B)
グッドスマイルアーツ上海,グッドスマイルカンパニー(GOOD SMILE COMPANY),2,2,100,hobby,B0FR9KGF49,8200,9000,中小候補,,,,要連絡先確認(Phase B)
Bushnell Outdoor Products,Butler Creek,2,2,100,hobby,B000GWIU1S,2504,2680,中小候補,,,,要連絡先確認(Phase B)
FUNKO,Funko,2,2,100,hobby,B0828JCKS9,2193,3699,中小候補,,,,要連絡先確認(Phase B)
POPETPOP,POPETPOP,2,2,99,industrial / pet,B0DJ7N7G1V,1763,1783,中小候補,,,,要連絡先確認(Phase B)
VORCOOL,VORCOOL,2,2,99,pc / pet,B0CCW7H8BC,1743,1759,中小候補,,,,要連絡先確認(Phase B)
マンダリンブラザーズ,マンダリンブラザーズ,2,2,99,pet,B0DZC4N6DJ,14850,14850,中小候補,,,,要連絡先確認(Phase B)
Zerodis.,Zerodis,2,2,99,pet,B08BZB1QLN,2023,2159,中小候補,,,,要連絡先確認(Phase B)
OUNONA,OUNONA,2,2,99,pet / toys,B0GXZNCS4M,1512,1759,中小候補,,,,要連絡先確認(Phase B)
TROUW NUTRITION CANADA,WHOLESOME BLEND,2,2,99,pet,B092878L9M,20086,20680,中小候補,,,,要連絡先確認(Phase B)
マーベル(Marvel),Ｍ・ＭＡＲＶＥＬ,2,2,99,diy_tools,B00BUCK0KM,2336,4510,中小候補,,,,要連絡先確認(Phase B)
Yoijimu,OKI / キヤノン,2,2,99,pc,B01HXORD1O,21475,24222,大手/著名,,,,要連絡先確認(Phase B)
e-kit,Caddrue,2,2,98,home_kitchen,B0FK9K74XB,2180,2180,中小候補,,,,要連絡先確認(Phase B)
オープン,オープン(Open),2,2,98,office,B01JHSI1SI,1627,2928,中小候補,,,,要連絡先確認(Phase B)
アーテミス,Artemis / 犬想い,2,2,98,pet,B09JNY7WCL,5720,20900,中小候補,,,,要連絡先確認(Phase B)
トランペッツ,Orijen(オリジン),2,2,98,pet,B06XFXQ3W3,14652,24750,中小候補,,,,要連絡先確認(Phase B)
セラ (sera),セラ (sera),2,2,98,pet,B0013ZGII4,3036,3990,中小候補,,,,要連絡先確認(Phase B)
イワキ,レイシー,2,2,98,pet,B009WP2EWG,3580,26000,中小候補,,,,要連絡先確認(Phase B)
タミヤ(TAMIYA),タミヤ(TAMIYA),2,2,98,toys,B0043RQ86Q,2350,2700,中小候補,,,,要連絡先確認(Phase B)
コナミデジタルエンタテインメント(Konami Digital Entertainment),コナミデジタルエンタテインメント(Konami Digital Entertainment),2,2,98,toys,B0GT8M2MPP,5980,9800,中小候補,,,,要連絡先確認(Phase B)
belmont(ベルモント),belmont（ベルモント）,2,2,98,sports,B0B1PJDQKF,2410,2431,中小候補,,,,要連絡先確認(Phase B)
Vbestlife,Vbestlife,2,2,98,appliances / pc,B0C8DX9P33,1999,2399,中小候補,,,,要連絡先確認(Phase B)
Ai Cat Inc,AiCat,2,2,98,pc,B0BLSLCVHY,26181,27743,中小候補,,,,要連絡先確認(Phase B)
CableCreation,CableCreation,2,2,98,appliances / pc,B0BXXLXR75,5892,6383,中小候補,,,,要連絡先確認(Phase B)
LAZIRO,LAZIRO,2,2,98,pc,B0D3PL2YY5,1599,1999,中小候補,,,,要連絡先確認(Phase B)
YILLIONS,YILLIONS,2,2,98,pc,B0DJ2C1FZ3,1550,1709,大手/著名,,,,要連絡先確認(Phase B)
沖データ,Oki Data,2,2,98,pc,B07NR8BS34,3971,13195,中小候補,,,,要連絡先確認(Phase B)
Perixx,Perixx,2,2,98,pc,B0D6Z8BMSL,2999,3499,中小候補,,,,要連絡先確認(Phase B)
Ｃｏｉｃｕｅｃｉ,Ｃｏｉｃｕｅｃｉ,2,2,98,baby,B0BGKZNC1S,1649,1698,中小候補,,,,要連絡先確認(Phase B)
ペットカインド ジャパン,PetKind,2,2,98,pet,B073S12G4N,7040,13750,中小候補,,,,要連絡先確認(Phase B)
ニキ(NICI),ニキ(NICI),2,2,97,toys,B0GCB1YHT5,1864,2786,中小候補,,,,要連絡先確認(Phase B)
BARDATS,BARDATS,2,2,97,appliances / pc,B0CR1F92GH,1598,1599,中小候補,,,,要連絡先確認(Phase B)
Logitech,Logitech / Logitech for Creators,2,2,97,pc,B0CX2VP556,8099,12376,大手/著名,,,,要連絡先確認(Phase B)
RiveRock,RiveRock,2,2,97,industrial,B0GPMR36FG,6998,6998,中小候補,,,,要連絡先確認(Phase B)
キングジム,キングジム(Kingjim),2,2,96,office,B004ORX2FU,3204,8912,中小候補,,,,要連絡先確認(Phase B)
Scriveiner,Scriveiner,2,2,96,office,B09WDMBJ3C,3820,3928,中小候補,,,,要連絡先確認(Phase B)
ミドリ(MIDORI),DESIGNPHIL,2,2,96,office,B0FD2ML6SH,1698,2200,中小候補,,,,要連絡先確認(Phase B)
NECA,NECA,2,2,96,hobby / toys,B014LROQC0,7434,11016,大手/著名,,,,要連絡先確認(Phase B)
BANDAI SPIRITS,BANDAI / BANDAI SPIRITS(バンダイ スピリッツ),2,2,96,toys,B0D9NVX87Z,2970,14800,大手/著名,,,,要連絡先確認(Phase B)
LuluCircle,LuluCircle,2,2,96,toys,B0BWSK95Y7,4150,4752,中小候補,,,,要連絡先確認(Phase B)
Mary Meyer,メリーマイヤー,2,2,96,baby / toys,B09P4LVN85,3580,5165,中小候補,,,,要連絡先確認(Phase B)
ポケモンカードゲーム,ポケモンカードゲーム,2,2,96,toys,B0DPPQ1C4R,1602,10290,中小候補,,,,要連絡先確認(Phase B)
Pomya,Pomya,2,2,96,industrial / toys,B0GX2MCX7G,1979,5409,中小候補,,,,要連絡先確認(Phase B)
Great Eastern Entertainment,Great Eastern Entertainment,2,2,96,toys,B08ZLJGYHT,5320,6012,中小候補,,,,要連絡先確認(Phase B)
Creality 3D,Creality,2,2,96,industrial,B0C89ZHH8N,8965,22629,中小候補,,,,要連絡先確認(Phase B)
カミハタ,カミハタ,2,2,95,pet,B00IP3602G,2890,4598,中小候補,,,,要連絡先確認(Phase B)
ATSU.Trading,エルモ ( ELMO ) / ノーブランド品,2,2,95,pet,B08GCFD29Z,2156,5808,中小候補,,,,要連絡先確認(Phase B)
HOMSFOU,HOMSFOU,2,2,95,pet / sports,B0GNJ19QZM,2519,3191,中小候補,,,,要連絡先確認(Phase B)
ナカジマコーポレーション(Nakajima Corporation),nakajimacorporation,2,2,95,toys,B0F47BMP1W,1970,3190,中小候補,,,,要連絡先確認(Phase B)
IKEA(イケア),IKEA(イケア),2,2,94,office,B0CCVJ97FJ,10480,19386,中小候補,,,,要連絡先確認(Phase B)
ニチバン(Nichiban),NICHIBAN ニチバン,2,2,94,office,B00TEP6UYW,1780,1800,中小候補,,,,要連絡先確認(Phase B)
弘梅堂,弘梅堂,2,2,94,office,B00EC7EZQW,2420,9700,中小候補,,,,要連絡先確認(Phase B)
まごころ e-ショップ,Cesa,2,2,94,pet,B0D6B15372,4980,14345,中小候補,,,,要連絡先確認(Phase B)
テラカニス,Terra Canis,2,2,94,pet,B07HNYP6XZ,7500,16896,中小候補,,,,要連絡先確認(Phase B)
OZAWA,amife petit,2,2,94,sports,B0CHW4D8RK,1680,1680,中小候補,,,,要連絡先確認(Phase B)
TYHJ-US,TYHJ,2,2,94,appliances,B0CX9GQN4V,4000,5200,中小候補,,,,要連絡先確認(Phase B)
NAGAOKA,NAGAOKA,2,2,94,appliances,B08F9YQHPF,1900,3300,中小候補,,,,要連絡先確認(Phase B)
Zekono,Zekono,2,2,94,pet,B0G1WZL6MZ,5899,5899,中小候補,,,,要連絡先確認(Phase B)
West Paw,West Paw,2,2,94,pet,B0CBNJTDF5,3135,3232,中小候補,,,,要連絡先確認(Phase B)
IPENNYE,IPENNYE,2,2,94,toys,B0CHDWFS1G,1938,1998,中小候補,,,,要連絡先確認(Phase B)
雅笑堂,雅笑堂,2,2,93,office,B0GGR5MLTK,3300,3500,中小候補,,,,要連絡先確認(Phase B)
Moterm,Moterm,2,2,93,office,B09V586CD3,20000,20000,中小候補,,,,要連絡先確認(Phase B)
ユタカメイク,ユタカメイク(Yutaka Make),2,2,93,industrial / office,B0141TATX8,2186,4444,中小候補,,,,要連絡先確認(Phase B)
マグエックス,マグエックス,2,2,93,office,B0BW2NWMPT,3039,3494,中小候補,,,,要連絡先確認(Phase B)
RICOH,ブラザー工業 / リコー,2,2,93,office / pc,B01LZRWC16,8380,28235,中小候補,,,,要連絡先確認(Phase B)
ソニック(Sonic),ソニック(Sonic),2,2,93,office,B0778Y5Q4J,1632,8544,中小候補,,,,要連絡先確認(Phase B)
イチネンTASCO,イチネンTASCO,2,2,93,diy_tools / industrial,B00BIB5R8A,10788,21463,中小候補,,,,要連絡先確認(Phase B)
Twaxl,Twaxl,2,2,93,appliances,B0F9LKHYMG,1986,2496,中小候補,,,,要連絡先確認(Phase B)
Ongwan,Ongwan,2,2,92,instruments / office,B09WGTCZ1J,1972,3036,中小候補,,,,要連絡先確認(Phase B)
水楽園,水楽園,2,2,92,pet,B0CJJJY44G,1980,3480,中小候補,,,,要連絡先確認(Phase B)
PhatMojo,Poppy Playtime / Rainbow Friends,2,2,92,toys,B0DR91PKPN,5016,8713,中小候補,,,,要連絡先確認(Phase B)
やのまん,やのまん(Yanoman),2,2,92,toys,B0C1GN4RCR,1760,2283,中小候補,,,,要連絡先確認(Phase B)
La-VIE(ラヴィ),La-VIE(ラヴィ),2,2,92,sports,B0C9ZMRQSC,1950,3000,中小候補,,,,要連絡先確認(Phase B)
お買得品,お買得品,2,2,92,sports,B07VVFGD5G,2860,3400,中小候補,,,,要連絡先確認(Phase B)
ブリーフィング,BRIEFING(ブリーフィング),2,2,92,sports,B0D9JDFLTS,8800,9899,中小候補,,,,要連絡先確認(Phase B)
Yosoo,Yosoo,2,2,92,appliances / car,B0CY9QY5KY,1566,2343,中小候補,,,,要連絡先確認(Phase B)
Formemory,Formemory,2,2,92,hobby / industrial,B0DYJ8FN65,1980,2980,中小候補,,,,要連絡先確認(Phase B)
ビーエルエス(BLS),BLS / ビーエルエス(BLS),2,2,92,hobby,B07SG7XPJ1,2500,2800,中小候補,,,,要連絡先確認(Phase B)
HONGTONGAID,HONGTONGAID,2,2,92,industrial,B0FZC2W7BD,5847,9800,中小候補,,,,要連絡先確認(Phase B)
MAGNEECH,MAGNEECH,2,2,92,industrial,B0DJQK97JD,1995,2395,中小候補,,,,要連絡先確認(Phase B)
TOGEVAL,TOGEVAL,2,2,91,office / sports,B0FCD64QY7,1578,1957,中小候補,,,,要連絡先確認(Phase B)
DUO(デュオ),DUO(デュオ) / デュオ(Duo),2,2,91,sports,B0F8TPQ1KG,1869,2213,中小候補,,,,要連絡先確認(Phase B)
その他,オリジナル / 不明,2,2,91,diy_tools / office,B005J1020S,1850,7000,中小候補,,,,要連絡先確認(Phase B)
ノーブランド,ノーブランド品,2,2,91,diy_tools / hobby,B0H45LD2X6,1998,14400,中小候補,,,,要連絡先確認(Phase B)
松吉医科器械,松吉医科器械,2,2,91,appliances / industrial,B06WVBLKWP,2665,22330,中小候補,,,,要連絡先確認(Phase B)
MFUZOP,MFUZOP,2,2,91,car / industrial,B09NM46DK7,6300,12190,中小候補,,,,要連絡先確認(Phase B)
スズキ(Suzuki),Suzuki / スズキ(Suzuki),2,2,91,car,B07P17RRX6,1741,2166,中小候補,,,,要連絡先確認(Phase B)
ピットワーク(Pitwork),ピットワーク(Pitwork),2,2,91,car,B013K5JJF8,8500,19890,中小候補,,,,要連絡先確認(Phase B)
ブリッツ(Blitz),ブリッツ(Blitz),2,2,91,car,B0BY6GTCB1,3300,4849,中小候補,,,,要連絡先確認(Phase B)
Project D Auto,KUTOOK,2,2,91,car,B0CLNNZ2C6,4880,4980,中小候補,,,,要連絡先確認(Phase B)
LEITZ,LEITZ,2,2,90,office,B003EI4LAK,2806,5072,中小候補,,,,要連絡先確認(Phase B)
ラウバオショッピング,ラウバオショッピング,2,2,90,hobby / toys,B0D6B1MBD2,2690,2690,中小候補,,,,要連絡先確認(Phase B)
DUNLOP,DUNLOP,2,2,90,car,B0BQBTF5D1,11080,12980,中小候補,,,,要連絡先確認(Phase B)
プラッツ,PLATZ PET SUPPLIES & FUN,2,2,89,pet,B07SJDG9QB,1729,2422,中小候補,,,,要連絡先確認(Phase B)
Lamshaw,Lamshaw,2,2,89,appliances,B08L6GSLMN,1580,1780,中小候補,,,,要連絡先確認(Phase B)
クツワ(Kutsuwa),クツワ(Kutsuwa),2,2,88,office,B001TDLN12,1569,1800,中小候補,,,,要連絡先確認(Phase B)
lamshaw,Lamshaw,2,2,88,appliances,B0FDB9ST92,1680,2080,中小候補,,,,要連絡先確認(Phase B)
pobopobo,pobopobo,2,2,88,pet,B0G1XXSKVB,2961,2961,中小候補,,,,要連絡先確認(Phase B)
DXアンテナ,DXアンテナ,2,2,87,appliances,B099RHYR7M,2400,2880,中小候補,,,,要連絡先確認(Phase B)
DELFONICS(デルフォニックス),Delfonics,2,2,86,office,B0FNW8Y6PF,1815,2930,中小候補,,,,要連絡先確認(Phase B)
TOMGDRACO,TOMGDRACO,2,2,86,appliances,B0CKYH93TF,2999,3899,中小候補,,,,要連絡先確認(Phase B)
petsola,PETSOLA,2,2,84,office,B08T5SP2CH,1650,1660,中小候補,,,,要連絡先確認(Phase B)
讃岐化成,讃岐化成,2,2,84,diy_tools,B078MF7ZNT,2371,2602,中小候補,,,,要連絡先確認(Phase B)
Karasaki,ノーブランド,2,2,84,pc,B0DJ5S8ZSY,1850,1850,大手/海外疑い,,,,要連絡先確認(Phase B)
Greenery,FakeFace,2,2,84,sports,B07CL2JVMQ,1725,1725,中小候補,,,,要連絡先確認(Phase B)
ゾーウィー,ゾーウィー,2,2,84,hobby,B0G8YSXPY2,2090,2090,中小候補,,,,要連絡先確認(Phase B)
オリムパス製絲(Olympus Thread),Olympus,2,2,84,hobby,B06ZZPC617,1895,3741,中小候補,,,,要連絡先確認(Phase B)
DOMOJT,DOMOJT,2,2,84,hobby,B0H38CMJ16,5280,5280,中小候補,,,,要連絡先確認(Phase B)
MIPPER,MIPPER,2,2,84,hobby,B07RLYVL6Y,3842,3842,中小候補,,,,要連絡先確認(Phase B)
久保田スラッガー,久保田スラッガー,2,2,83,sports,B087JH9X7X,1854,2734,中小候補,,,,要連絡先確認(Phase B)
Utaki,Utaki,2,2,82,home_kitchen,B0C4F7Z7ZV,1990,2700,中小候補,,,,要連絡先確認(Phase B)
BANE INSOLE(バネ インソール),BANE INSOLE(バネ インソール),2,2,82,sports,B00H2D1ERG,6380,6380,中小候補,,,,要連絡先確認(Phase B)
ジークラック,GEECRACK / ジークラック(GEECRACK),2,2,82,sports,B0CKH9P8TG,1518,1716,中小候補,,,,要連絡先確認(Phase B)
RVCA(ルーカ),RVCA(ルーカ),2,2,82,sports,B0G5LNC3S2,8464,8464,中小候補,,,,要連絡先確認(Phase B)
ビービーケイ(BBK),BBK,2,2,82,diy_tools,B07KJMR86V,6138,6710,中小候補,,,,要連絡先確認(Phase B)
NACETURE,NACETURE,2,2,82,diy_tools,B0DHCF29G4,5999,11500,中小候補,,,,要連絡先確認(Phase B)
LFOTPP,LFOTPP,2,2,82,car,B09F3LG8FQ,1664,2080,中小候補,,,,要連絡先確認(Phase B)
Siuprajsy,Siuprajsy,2,2,82,car,B0CC7YHNDL,11999,11999,中小候補,,,,要連絡先確認(Phase B)
シーエルリンク,シーエルリンク,2,2,82,car,B0BWJKQVGJ,6380,6380,中小候補,,,,要連絡先確認(Phase B)
ムービック(Movic),ムービック(Movic),2,2,82,hobby / toys,B09ZPDFWHJ,1680,1980,中小候補,,,,要連絡先確認(Phase B)
KAMIOLSHOP(カミールショップ）,KAMIOLSHOP(カミールショップ）,2,2,80,office,B07L88TVG7,4620,4620,中小候補,,,,要連絡先確認(Phase B)
LOL-FUN,LOL-FUN,2,2,80,baby / diy_tools,B0FPRJTSDH,1755,2870,中小候補,,,,要連絡先確認(Phase B)
Kemy's-JMM,Kemy's-JMM,2,2,80,car,B0FRY4SPPB,3582,3980,中小候補,,,,要連絡先確認(Phase B)
‎JAME4,ZOIBV,2,2,80,car,B0C61TT182,5792,5985,中小候補,,,,要連絡先確認(Phase B)
JAME4,ZOIBV,2,2,80,car,B0CTHLXZ69,6071,6237,中小候補,,,,要連絡先確認(Phase B)
YEESAM ART,YEESAM ART,2,2,80,hobby,B0CXS6QWSV,1799,1799,中小候補,,,,要連絡先確認(Phase B)
アヤベ武道具,アヤベ武道具,2,2,78,sports,B0CG46ZKBR,1500,1500,中小候補,,,,要連絡先確認(Phase B)
PapaViva Optics,PapaViva,2,2,76,sports,B0FS73KRLP,2199,2199,中小候補,,,,要連絡先確認(Phase B)
バクマ,バクマ(Bakuma),2,2,76,diy_tools,B003CJ9U70,1740,2021,中小候補,,,,要連絡先確認(Phase B)
サプライズプレゼント,Generic,2,2,76,appliances,B0GXWW3M9B,2680,2680,中小候補,,,,要連絡先確認(Phase B)
Pelanty,Pelanty,2,2,75,appliances,B0D56W2YCL,1599,1899,中小候補,,,,要連絡先確認(Phase B)
Willtra,Willtra,2,2,74,appliances,B0H6JQ7VQC,1900,1900,中小候補,,,,要連絡先確認(Phase B)
Ｅｏｉｔｕｓｈｙ,Ｅｏｉｔｕｓｈｙ,2,2,71,office / toys,B0C9LVM395,1513,1748,中小候補,,,,要連絡先確認(Phase B)
KN-KIKAKU,KN-KIKAKU,2,2,70,car,B0CHJNRZZD,2271,3857,中小候補,,,,要連絡先確認(Phase B)
JINGLING,JINGLING,2,2,68,car,B0F4KB4QJ2,2680,2980,中小候補,,,,要連絡先確認(Phase B)
Masendelk,Masendelk,2,2,64,diy_tools,B0CN5GXBNG,2517,2517,中小候補,,,,要連絡先確認(Phase B)
Hazet,HAZET(ハゼット),2,2,64,diy_tools,B001CA4AFS,2380,2519,中小候補,,,,要連絡先確認(Phase B)
DIXCEL(ディクセル),DIXCEL(ディクセル),2,2,64,car,B0CJL2LF37,2992,2992,中小候補,,,,要連絡先確認(Phase B)
lalarimi,lalarimi,2,2,63,car / office,B0FFSWG35X,1978,5280,中小候補,,,,要連絡先確認(Phase B)
キャラクターコンテンツプロダクション(Ccp),CCPJAPAN / キャラクターコンテンツプロダクション(Ccp),2,2,62,hobby,B0GKZNMRQF,4290,4290,中小候補,,,,要連絡先確認(Phase B)
SANRILY,SANRILY,2,2,52,car,B09ZTLKNRD,2300,2790,中小候補,,,,要連絡先確認(Phase B)
Moonlove,Moonlove,2,2,51,pet,B0GTYZM2SR,1890,1890,中小候補,,,,要連絡先確認(Phase B)
光(Hikari),光(Hikari),2,2,51,diy_tools / office,B00AO188VS,1854,4980,中小候補,,,,要連絡先確認(Phase B)
伸和(SHINWA),伸和(SHINWA),2,2,51,office,B00EOETGYE,1860,3702,中小候補,,,,要連絡先確認(Phase B)
マルマン,Maruman,2,2,51,office,B07FQG6G5Q,1575,1953,中小候補,,,,要連絡先確認(Phase B)
セキセイ,セキセイ(Sekisei),2,2,51,office,B0C7MG7F3D,1821,1821,中小候補,,,,要連絡先確認(Phase B)
BIOGANCE,BIOGANCE,2,2,51,pet,B07F3SMR1K,2300,13200,中小候補,,,,要連絡先確認(Phase B)
手作り,RoBeKaU,2,2,51,pet,B0F1CNMWHX,5859,5958,中小候補,,,,要連絡先確認(Phase B)
光明理化学工業 (Komyo Rikagaku Kogyo),光明理化学工業 (Komyo Rikagaku Kogyo),2,2,51,diy_tools,B00N3TY12I,3885,3965,中小候補,,,,要連絡先確認(Phase B)
duomianshou,duomianshou,2,2,51,appliances,B0BMK9PRKN,1899,4499,中小候補,,,,要連絡先確認(Phase B)
BETCKEY,BETCKEY,2,2,50,office,B01H1L9IJO,5746,8667,中小候補,,,,要連絡先確認(Phase B)
Tongyaoyao,Tongyaoyao,2,2,50,car,B0D7MFXDRP,1999,2899,中小候補,,,,要連絡先確認(Phase B)
EXCEART,EXCEART,2,2,43,office,B0C7HD54PJ,1567,3300,中小候補,,,,要連絡先確認(Phase B)
"ZHONGSHAN TURBOS TECHNOLOGY CO.,LTD",HASEN,1,1,200,home_kitchen,B0GSQTHXW2,4980,4980,中小候補,,,,要連絡先確認(Phase B)
カインズ,カインズ,2,1,149,home_kitchen / office,B0CK9XD161,2480,3350,大手/著名,,,,要連絡先確認(Phase B)
Kavaborg,Kavaborg,1,1,142,instruments,B078M9K1LS,13750,13750,中小候補,,,,要連絡先確認(Phase B)
Fesco,Fesco,1,1,122,car,B07GXM95R5,1610,1610,中小候補,,,,要連絡先確認(Phase B)
こどものふとん,こどものふとん,1,1,116,baby,B0GYDDN687,2880,2880,中小候補,,,,要連絡先確認(Phase B)
Beadthoven,BB Beadthoven,1,1,113,hobby,B0BDZ5PP4S,1709,1709,中小候補,,,,要連絡先確認(Phase B)
アルタ(Artha),アルタ(Artha),2,1,106,home_kitchen,B073JD86Y9,1430,3670,中小候補,,,,要連絡先確認(Phase B)
Atomic Mass Games,Asmodee,1,1,106,toys,B0GH83LCM3,7979,7979,中小候補,,,,要連絡先確認(Phase B)
MILLEFIORI MILANO,Millefiori ミッレフィオーリ,2,1,104,home_kitchen,B0FW9YFZQG,4400,4400,中小候補,,,,要連絡先確認(Phase B)
kuaimajiabei,Hoshel,1,1,103,toys,B0H5WKDG7K,1899,1899,中小候補,,,,要連絡先確認(Phase B)
Little Giraffe(リトルジラフ),Little Giraffe,2,1,102,baby,B004CR6FP6,20564,20564,中小候補,,,,要連絡先確認(Phase B)
アスベル(Asvel),アスベル,2,1,102,home_kitchen,B07X7JGTC1,1202,6300,中小候補,,,,要連絡先確認(Phase B)
青島文化教材社(AOSHIMA),青島文化教材社(AOSHIMA),2,1,101,hobby,B0096IJM2E,5465,11504,中小候補,,,,要連絡先確認(Phase B)
AOHDM,AOHDM,1,1,100,home_kitchen,B0DFM2BQF1,3580,3580,中小候補,,,,要連絡先確認(Phase B)
Joy zone,Joy zone,1,1,100,home_kitchen,B0GTPM63DT,4990,4990,中小候補,,,,要連絡先確認(Phase B)
ナカバヤシ,ナカバヤシ(Nakabayashi),2,1,100,office,B000UJ54CU,9184,9763,中小候補,,,,要連絡先確認(Phase B)
ユアサプライムス,YUASA PRIMUS,1,1,100,industrial,B0GY3RYGV9,9420,9420,中小候補,,,,要連絡先確認(Phase B)
京セラミタ,京セラ(Kyocera),1,1,98,pc,B07514LG6K,10470,10470,中小候補,,,,要連絡先確認(Phase B)
キタコ(KITACO),キタコ(KITACO),2,1,92,car,B002TUR00C,3424,5420,中小候補,,,,要連絡先確認(Phase B)
Shenzhenshuyuanshangmaoyouxiangongsi,Adwnaeny,1,1,90,pc,B0DXPPVR9K,1900,1900,中小候補,,,,要連絡先確認(Phase B)
SHULISHANGMAO,Disonbeir,1,1,88,appliances,B0CJ9YYQMK,2000,2000,中小候補,,,,要連絡先確認(Phase B)
LACOMETA,LACOMETA,1,1,86,sports,B093WBHM9P,2369,2369,中小候補,,,,要連絡先確認(Phase B)
FUJITSU,富士通,1,1,85,pc,B0822G659L,15000,15000,大手/著名,,,,要連絡先確認(Phase B)
‎バーベイタム(Verbatim),‎バーベイタム(Verbatim),1,1,85,pc,B01IHMBJMU,1600,1600,中小候補,,,,要連絡先確認(Phase B)
エネックス,Exusia,1,1,85,pc,B0CHBCGH5W,11200,11200,中小候補,,,,要連絡先確認(Phase B)
アスカ(Aska),アスミックス(Asmix),1,1,82,office,B07KZ3F12J,1537,1537,中小候補,,,,要連絡先確認(Phase B)
xuuyuu.,xuuyuu.,1,1,81,pet,B08FMLLBWH,1942,1942,中小候補,,,,要連絡先確認(Phase B)
ペットライン株式会社,Dr.'s care,1,1,81,pet,B0GXRP4HRH,10564,10564,中小候補,,,,要連絡先確認(Phase B)
エコウッド,エコウッド,1,1,81,diy_tools,B0F5PP1X55,5316,5316,中小候補,,,,要連絡先確認(Phase B)
QD-BYM,QD-BYM,1,1,81,diy_tools,B0CBH4CCQW,12980,12980,中小候補,,,,要連絡先確認(Phase B)
モトユキ(Motoyuki),モトユキ(Motoyuki),1,1,81,diy_tools,B001Y501KO,3900,3900,中小候補,,,,要連絡先確認(Phase B)
Deloky,Deloky,1,1,80,pet,B07SNS78MY,1717,1717,中小候補,,,,要連絡先確認(Phase B)
Insta360,Insta360,1,1,79,appliances,B0BC14JDDD,3500,3500,中小候補,,,,要連絡先確認(Phase B)
Restars,Restars,1,1,79,appliances,B093XSP1PV,3280,3280,中小候補,,,,要連絡先確認(Phase B)
未来路,未来路,1,1,79,industrial,B0FDWG7RXN,2322,2322,中小候補,,,,要連絡先確認(Phase B)
PETZL(ペツル),PETZL,1,1,78,sports,B0GCJK5D3T,8316,8316,中小候補,,,,要連絡先確認(Phase B)
tent-Mark,tent-Mark DESIGNS,1,1,78,sports,B0B6CB44KY,7920,7920,中小候補,,,,要連絡先確認(Phase B)
セルスター(CELLSTAR),セルスター(CELLSTAR),1,1,78,car,B094CDB358,7680,7680,中小候補,,,,要連絡先確認(Phase B)
クリスタルプロセス(Crystalprocess),クリスタルプロセス(Crystalprocess),1,1,78,car,B07HWS58HR,3150,3150,中小候補,,,,要連絡先確認(Phase B)
OT02,Clakllie,1,1,77,sports,B0BD8V2V48,2199,2199,中小候補,,,,要連絡先確認(Phase B)
有限会社フィアックアマル,G.O.K,1,1,77,car,B0GTY7RW5V,3833,3833,中小候補,,,,要連絡先確認(Phase B)
PFP,PFP,1,1,77,car,B089YH8N5B,3280,3280,中小候補,,,,要連絡先確認(Phase B)
YEVEDUO,YEVEDUO,1,1,77,car,B095BVVL13,1804,1804,中小候補,,,,要連絡先確認(Phase B)
日本アイエスケイ,NIHON,1,1,76,office,B00VHBKRAO,24999,24999,中小候補,,,,要連絡先確認(Phase B)
ハナヤマ(HANAYAMA),ハナヤマ(HANAYAMA),1,1,76,toys,B0833L2K6C,7500,7500,中小候補,,,,要連絡先確認(Phase B)
山形工房(Yamagata Koubou),山形工房(Yamagata Koubou),1,1,75,toys,B077GP6XB3,4330,4330,中小候補,,,,要連絡先確認(Phase B)
ボーズレス(Bozles),ボーズレス(Bozles),1,1,75,sports,B0B48KNQDK,2640,2640,中小候補,,,,要連絡先確認(Phase B)
ノースクラフト(NORTH CRAFT),ノースクラフト(NORTH CRAFT),1,1,74,sports,B007URTLWE,1659,1659,中小候補,,,,要連絡先確認(Phase B)
Foxfire(フォックスファイヤー),Foxfire(フォックスファイヤー),1,1,73,car,B0GN1NHB1C,2610,2610,中小候補,,,,要連絡先確認(Phase B)
メビウスゲームズ,メビウスゲームズ,1,1,72,toys,B0FX9PKR53,2970,2970,中小候補,,,,要連絡先確認(Phase B)
Kreg,Kreg,1,1,72,diy_tools,B07VP77GQD,4480,4480,中小候補,,,,要連絡先確認(Phase B)
Rubie's,Rubies,1,1,71,toys,B0846PMT2W,3763,3763,中小候補,,,,要連絡先確認(Phase B)
Domigard,Domigard,1,1,71,diy_tools,B0F7PYDQXF,3283,3283,中小候補,,,,要連絡先確認(Phase B)
AMD,AMD,1,1,71,pc,B08166SLDF,29800,29800,中小候補,,,,要連絡先確認(Phase B)
Tufuha for キヤノン用 インク BC-345XL BC-346XL,Tufuha,1,1,71,pc,B0CH9WMY5K,4084,4084,大手/著名,,,,要連絡先確認(Phase B)
Nextorage,Nextorage,1,1,71,pc,B0DP8PL3BQ,4590,4590,中小候補,,,,要連絡先確認(Phase B)
ワコム(Wacom),Wacom(ワコム),1,1,71,pc,B07B9YCKDB,12672,12672,中小候補,,,,要連絡先確認(Phase B)
Uexlsz for キヤノン CRG-326 / 328,Uexlsz,1,1,71,pc,B0CGTPH95M,3173,3173,大手/著名,,,,要連絡先確認(Phase B)
SP Connect,エスピーコネクト(SP Connect),1,1,70,appliances,B099KN2FH7,4960,4960,大手/著名,,,,要連絡先確認(Phase B)
pitova（ピトヴァ）,pitova（ピトヴァ）,1,1,70,pc,B0DDPZ5JN7,2019,2019,中小候補,,,,要連絡先確認(Phase B)
Arducam,Arducam,1,1,70,pc,B06XDNBM63,3439,3439,中小候補,,,,要連絡先確認(Phase B)
Bewinner,Bewinner,1,1,70,pc,B07MZNL8ZY,1819,1819,中小候補,,,,要連絡先確認(Phase B)
富士フイルム,富士フイルム(FUJIFILM),1,1,70,pc,B00ABV3Y7O,8166,8166,中小候補,,,,要連絡先確認(Phase B)
Greatgear,Eonvic,1,1,70,pc,B01HGNN30M,1599,1599,中小候補,,,,要連絡先確認(Phase B)
Micron,Micron,1,1,70,pc,B08ZYTNWJZ,9400,9400,中小候補,,,,要連絡先確認(Phase B)
エコリカ,ecorica,1,1,70,pc,B0C8YF5FHL,4280,4280,中小候補,,,,要連絡先確認(Phase B)
"SHENZHEN ORICO TECHNOLOGIES CO.,LTD",ORICO,1,1,70,pc,B0CZL8KPLG,15196,15196,中小候補,,,,要連絡先確認(Phase B)
豊栄金属工業,ホーエイ,1,1,69,pet,B00E0GLGH6,9670,9670,中小候補,,,,要連絡先確認(Phase B)
iFixit,iFixit,1,1,69,appliances,B0762BVXDY,1788,1788,中小候補,,,,要連絡先確認(Phase B)
マタインク エプソン(Epson)対応 IP01B 互換インクパック,マタインク,1,1,69,pc,B08T5YZ1NN,13180,13180,中小候補,,,,要連絡先確認(Phase B)
パナソニック電工,パナソニック(Panasonic),1,1,69,pc,B008HAZY7Y,2730,2730,大手/著名,,,,要連絡先確認(Phase B)
ｌｕｃｋｉｎｓｅｌｌ,ｌｕｃｋｉｎｓｅｌｌ,1,1,68,pet,B0FN3SK113,2121,2121,中小候補,,,,要連絡先確認(Phase B)
レインボー (Rainbow),レインボー,1,1,68,pet,B00DWSQWH2,2420,2420,中小候補,,,,要連絡先確認(Phase B)
わんわん,犬日和,1,1,68,pet,B014QZS7T0,2049,2049,中小候補,,,,要連絡先確認(Phase B)
Greys Distribution,Katadyn,1,1,68,sports,B01M0MZ7NI,7989,7989,中小候補,,,,要連絡先確認(Phase B)
Igloo,Igloo,1,1,68,sports,B095XMS9S5,12800,12800,中小候補,,,,要連絡先確認(Phase B)
Rodiocraft(ロデオクラフト),Rodiocraft(ロデオクラフト),1,1,68,sports,B07LCDD7DN,1791,1791,中小候補,,,,要連絡先確認(Phase B)
Powerflex(パワーフレックス),Powerflex(パワーフレックス),1,1,68,sports,B07MNCPWBY,1694,1694,大手/著名,,,,要連絡先確認(Phase B)
max stitch design,max stitch design,1,1,68,hobby,B0DBR5NHVC,3000,3000,中小候補,,,,要連絡先確認(Phase B)
Mobbunny,Mobbunny,1,1,68,hobby,B0GRFMC7Z8,9999,9999,中小候補,,,,要連絡先確認(Phase B)
BURTLE(バートル),BURTLE,1,1,68,hobby,B0F8J1Y8QJ,3800,3800,中小候補,,,,要連絡先確認(Phase B)
MimoriHive,MimoriHive,1,1,67,pet,B0FJDW8VTY,1990,1990,中小候補,,,,要連絡先確認(Phase B)
PAGG262588,gelato pique(ジェラート ピケ),1,1,67,pet,B0H1S9VLSS,5270,5270,中小候補,,,,要連絡先確認(Phase B)
TRUELOVE,J&C Paradise,1,1,67,pet,B0CD7D65NM,1699,1699,中小候補,,,,要連絡先確認(Phase B)
大阪インク,大阪インク,1,1,67,pc,B0B8D4D76M,2859,2859,中小候補,,,,要連絡先確認(Phase B)
フィッシュ4ドッグ,フィッシュ4ドッグ,1,1,66,pet,B00ADKQGQ4,2035,2035,中小候補,,,,要連絡先確認(Phase B)
ダッドウェイ (DADWAY),LANCO,1,1,66,pet,B004FXXG2C,1500,1500,中小候補,,,,要連絡先確認(Phase B)
富士通,富士通,1,1,66,pc,B007SSU3ZE,3280,3280,大手/著名,,,,要連絡先確認(Phase B)
スクエア,Square,1,1,65,home_kitchen,B0GFK8DZM4,1540,1540,中小候補,,,,要連絡先確認(Phase B)
Secchuu 出品,Secchuu,1,1,63,office,B0F6L8KFDN,8355,8355,中小候補,,,,要連絡先確認(Phase B)
アート・エム,アート・エム,1,1,62,office,B014GHXZ9U,2265,2265,中小候補,,,,要連絡先確認(Phase B)
GML ﾌｫｰﾙﾃﾞｨﾝｸﾞﾊﾞｹﾂ CO,ゴードンミラー(GORDON MILLER),1,1,62,car,B0DJSKQBGZ,3300,3300,中小候補,,,,要連絡先確認(Phase B)
GML ﾌｫｰﾙﾃﾞｨﾝｸﾞﾊﾞｹﾂ OD,ゴードンミラー(GORDON MILLER),1,1,62,car,B0DJSJC4KZ,3200,3200,中小候補,,,,要連絡先確認(Phase B)
ザイロン,Xyron,1,1,61,office,B000WWGANC,6154,6154,中小候補,,,,要連絡先確認(Phase B)
COSOKEY,COSOKEY,1,1,61,office,B0DPR845BN,1980,1980,中小候補,,,,要連絡先確認(Phase B)
不二越,Nachi,1,1,61,diy_tools,B000TGF3SO,1624,1624,中小候補,,,,要連絡先確認(Phase B)
株式会社アンドエスエイチ,アンドエスエイチ,1,1,61,diy_tools,B09Y5Z96JN,1900,1900,中小候補,,,,要連絡先確認(Phase B)
スピージー/Speasy,スピージー/Speasy,1,1,61,car,B09LYTGGQL,4980,4980,中小候補,,,,要連絡先確認(Phase B)
シャッド(Shad),シャッド(Shad),1,1,61,car,B0C9ZRZJSB,4048,4048,中小候補,,,,要連絡先確認(Phase B)
NAVIC,CLEZEED,1,1,61,car,B017YQ35WM,3980,3980,中小候補,,,,要連絡先確認(Phase B)
Shkalacar,Shkalacar,1,1,61,car,B0D1C6PZR2,2190,2190,中小候補,,,,要連絡先確認(Phase B)
馬印,コクヨ(KOKUYO),1,1,60,office,B001GR0C1I,1880,1880,大手/著名,,,,要連絡先確認(Phase B)
YouCheng,YCVIORING,1,1,60,office,B0BNBXYX41,1688,1688,中小候補,,,,要連絡先確認(Phase B)
VAPKER,VAPKER,1,1,60,office,B08YDF37SL,1580,1580,中小候補,,,,要連絡先確認(Phase B)
tyonit,tyonit,1,1,60,office,B0FLK75BPJ,8338,8338,中小候補,,,,要連絡先確認(Phase B)
GIIPET,GIIPET,1,1,60,pet,B0D25HWR97,2280,2280,中小候補,,,,要連絡先確認(Phase B)
ShellChic,ShellChic,1,1,60,pc,B0FCM8VBGR,1599,1599,中小候補,,,,要連絡先確認(Phase B)
circulads,VLBPCR,1,1,59,office,B0G2C347JT,3510,3510,中小候補,,,,要連絡先確認(Phase B)
LUZeSOMBRA(ルースイソンブラ),LUZeSOMBRA(ルースイソンブラ),1,1,59,sports,B0CBJY6Z69,2279,2279,中小候補,,,,要連絡先確認(Phase B)
KAWAJUN,KAWAJUN,1,1,59,diy_tools,B0030R7CXI,3549,3549,中小候補,,,,要連絡先確認(Phase B)
Comply(コンプライ),Comply,1,1,59,appliances,B0CX569LW7,4950,4950,中小候補,,,,要連絡先確認(Phase B)
L&L,L&L,1,1,58,office,B0CW638HX1,4800,4800,中小候補,,,,要連絡先確認(Phase B)
ISL,ISL,1,1,58,office,B0GDQZ1BP2,2280,2280,中小候補,,,,要連絡先確認(Phase B)
デルフィス,デルフィス,1,1,58,pet,B0071HB7P2,2805,2805,中小候補,,,,要連絡先確認(Phase B)
Xtahdge,Xtahdge,1,1,58,sports,B0CWVDRZH8,4180,4180,中小候補,,,,要連絡先確認(Phase B)
協同,協同,1,1,58,diy_tools,B0725XJNCC,5980,5980,中小候補,,,,要連絡先確認(Phase B)
PB SWISS TOOLS,PB SWISS TOOLS,1,1,58,diy_tools,B0H3ZH3LB1,4785,4785,中小候補,,,,要連絡先確認(Phase B)
Lykus,Lykus,1,1,58,appliances,B0GWPXC5V9,12990,12990,中小候補,,,,要連絡先確認(Phase B)
TORA,TORA,1,1,58,appliances,B0F3JX9Z51,2470,2470,中小候補,,,,要連絡先確認(Phase B)
ochun,ochun,1,1,57,pet,B07VR9FTMZ,1678,1678,中小候補,,,,要連絡先確認(Phase B)
レッドハート株式会社,BACK TO BASICS,1,1,57,pet,B0FHDDDFQW,1760,1760,中小候補,,,,要連絡先確認(Phase B)
Stepwaver,Stepwaver,1,1,57,sports,B0FPB5KF9T,16886,16886,中小候補,,,,要連絡先確認(Phase B)
SSK,SSK,1,1,57,sports,B07NQJBZFZ,6600,6600,中小候補,,,,要連絡先確認(Phase B)
ドレス(Dress),ドレス(Dress),1,1,57,sports,B0G4Z951ZB,2280,2280,中小候補,,,,要連絡先確認(Phase B)
ニチネン(Nitinen),ニチネン(Nitinen),1,1,57,sports,B079QLT3G4,1930,1930,中小候補,,,,要連絡先確認(Phase B)
POCKET MONSTERS(ポケットモンスター),POCKET MONSTERS(ポケットモンスター),1,1,57,sports,B0G47Y4FYJ,1980,1980,中小候補,,,,要連絡先確認(Phase B)
Ocean&Ground(オーシャン&グラウンド),Ocean&Ground(オーシャン&グラウンド),1,1,57,sports,B0B2156JRJ,1710,1710,中小候補,,,,要連絡先確認(Phase B)
PIRELLI(ピレリ),PIRELLI(ピレリ),1,1,57,sports,B0CN2W43SP,16137,16137,中小候補,,,,要連絡先確認(Phase B)
False,Yogogo,1,1,57,sports,B0753C85F6,1880,1880,中小候補,,,,要連絡先確認(Phase B)
STEADY,STEADY,1,1,57,sports,B0FL1XP4DB,14990,14990,中小候補,,,,要連絡先確認(Phase B)
日商エアロ(Nissho Aero),日商エアロ(Nissho Aero),1,1,57,diy_tools,B07CHMSMYF,2426,2426,中小候補,,,,要連絡先確認(Phase B)
ステアロック,ノーブランド品,1,1,57,diy_tools,B0C4SXJS2M,2200,2200,中小候補,,,,要連絡先確認(Phase B)
Green Shower,Shower,1,1,57,pc,B0D3M4NW64,2108,2108,中小候補,,,,要連絡先確認(Phase B)
ベースボールマガジン社,ベースボール・マガジン社,1,1,56,sports,4583218699,9400,9400,中小候補,,,,要連絡先確認(Phase B)
PaaGo WORKS（パーゴワークス）,PaaGo WORKS（パーゴワークス）,1,1,56,sports,B0FKG31NVD,7920,7920,中小候補,,,,要連絡先確認(Phase B)
moonateen,moonateen,1,1,56,car,B0DG8NDRDD,1998,1998,中小候補,,,,要連絡先確認(Phase B)
RUIXH,RUIXH,1,1,56,pc,B0FFT1VDKN,1780,1780,中小候補,,,,要連絡先確認(Phase B)
エーゼット,AZ(エーゼット),1,1,55,home_kitchen,B00J2RAKDY,2280,2280,中小候補,,,,要連絡先確認(Phase B)
TOKYO LM,TOKYO LM,1,1,55,home_kitchen,B0CKMW37RR,1980,1980,中小候補,,,,要連絡先確認(Phase B)
タツミ株式会社,JOYDREAMDESIGN,1,1,55,home_kitchen,B07R16DFSC,2599,2599,中小候補,,,,要連絡先確認(Phase B)
YZHONGA,YZHONGA,1,1,55,home_kitchen,B0H28M7BMW,1698,1698,中小候補,,,,要連絡先確認(Phase B)
LOBINSON,ShopXJ,1,1,55,diy_tools,B08T5SC84B,2480,2480,中小候補,,,,要連絡先確認(Phase B)
AKIRARI,AKIRARI,1,1,55,diy_tools,B0BKJNS69H,1980,1980,中小候補,,,,要連絡先確認(Phase B)
インテリアコンポ,インテリアコンポ,1,1,54,home_kitchen,B004166FSA,2598,2598,中小候補,,,,要連絡先確認(Phase B)
レイドジャパン(Raid Japan),RAID JAPAN,1,1,53,sports,B08KCNSWCT,2298,2298,中小候補,,,,要連絡先確認(Phase B)
Blue Blue(ブルーブルー),ブルーブルー(Blue Blue),1,1,53,sports,B00K4F2JQE,1633,1633,中小候補,,,,要連絡先確認(Phase B)
Holiwil,Holiwil,1,1,52,home_kitchen,B0DK55RH4L,19998,19998,中小候補,,,,要連絡先確認(Phase B)
フォルクス&コックス(Faulks&Cox),TUBTRUGS,1,1,52,home_kitchen,B00B1XGM2U,3550,3550,中小候補,,,,要連絡先確認(Phase B)
サラヤ,サラヤ,1,1,52,home_kitchen,B0DJN9PPBX,24024,24024,中小候補,,,,要連絡先確認(Phase B)
慧光,慧光 (EKOU),1,1,52,home_kitchen,B00KNTFQYI,6680,6680,中小候補,,,,要連絡先確認(Phase B)
タニタ(Tanita),TANITA,1,1,52,home_kitchen,B08NV289F9,2079,2079,大手/著名,,,,要連絡先確認(Phase B)
Phylllaile(フィレール),Phylllaile,1,1,52,home_kitchen,B009THPE4M,2970,2970,中小候補,,,,要連絡先確認(Phase B)
MEAKEA,MEAKEA,1,1,52,home_kitchen,B08N68PK2Q,6800,6800,中小候補,,,,要連絡先確認(Phase B)
"Suzhou Jiandan Youwei Technology Co.,Ltd",uwant,1,1,52,home_kitchen,B0H5P3R6KQ,10800,10800,中小候補,,,,要連絡先確認(Phase B)
KLS,KLS,1,1,52,home_kitchen,B00W4M2V0O,4680,4680,中小候補,,,,要連絡先確認(Phase B)
scyca,scyca,1,1,52,pet,B0D57W98Y1,2199,2199,中小候補,,,,要連絡先確認(Phase B)
安永,安永,1,1,52,pet,B00GEBI4VG,13990,13990,中小候補,,,,要連絡先確認(Phase B)
ペットラインプロバラ,ペットラインプロバラ,1,1,52,pet,B0B8CHB6QX,1742,1742,中小候補,,,,要連絡先確認(Phase B)
ネスレピュリナペットケア,ピュリナ ワン,1,1,52,pet,B09S2WNY7Z,5100,5100,中小候補,,,,要連絡先確認(Phase B)
Grandpa Beck's Games,Grandpa Beck's Games,1,1,52,toys,B0077Q0NP2,4647,4647,中小候補,,,,要連絡先確認(Phase B)
"Wood Expressions, Inc.",WEGames,1,1,52,toys,B00FJTMD2A,7782,7782,中小候補,,,,要連絡先確認(Phase B)
ワンナイト人狼,ワンナイト人狼,1,1,52,toys,B00Q2GME6Y,2167,2167,中小候補,,,,要連絡先確認(Phase B)
GWE,TAROTIKA,1,1,52,toys,B0FXSWSGML,6780,6780,中小候補,,,,要連絡先確認(Phase B)
Creative Balloons Mfg. Inc.,Creative Balloons,1,1,52,toys,B0077SWQCS,3990,3990,中小候補,,,,要連絡先確認(Phase B)
SlugFest Games,SlugFest Games,1,1,52,toys,1945323787,11265,11265,中小候補,,,,要連絡先確認(Phase B)
RYGDXSE,RYGDXSE,1,1,52,toys,B0FJ28P8ZZ,1690,1690,中小候補,,,,要連絡先確認(Phase B)
AFISHTOUR,AFISHTOUR,1,1,52,sports,B0DH45NG2B,7999,7999,中小候補,,,,要連絡先確認(Phase B)
Prime Golf,Prime Golf,1,1,52,sports,B0D496TCD3,5180,5180,中小候補,,,,要連絡先確認(Phase B)
ペツル,PETZL,1,1,52,sports,B0FHJRVP3T,11979,11979,中小候補,,,,要連絡先確認(Phase B)
ユーザー株式会社,ユーザー(User),1,1,52,sports,B0F64TFBW3,2980,2980,中小候補,,,,要連絡先確認(Phase B)
Speedo(スピード),Speedo(スピード),1,1,52,sports,B0G1RFPLK7,4210,4210,中小候補,,,,要連絡先確認(Phase B)
Findway,Findway,1,1,52,sports,B07K6LQ7MC,6608,6608,中小候補,,,,要連絡先確認(Phase B)
asics(アシックス),asics(アシックス),1,1,52,sports,B0C68JWNK4,2310,2310,中小候補,,,,要連絡先確認(Phase B)
phiten(ファイテン),phiten(ファイテン),1,1,52,sports,B003VTQXA8,4190,4190,中小候補,,,,要連絡先確認(Phase B)
Byfjkkl,,1,1,52,sports,B0C9TTCDFW,4000,4000,中小候補,,,,要連絡先確認(Phase B)
エリートグリップ,エリートグリップ(elitegrips),1,1,52,sports,B08Y8WHKP4,11088,11088,中小候補,,,,要連絡先確認(Phase B)
シャープ産業,阪神タイガース,1,1,52,sports,B0GWRMFTTZ,1880,1880,大手/著名,,,,要連絡先確認(Phase B)
髙儀(Takagi),TAKAGI,1,1,52,diy_tools,B0BDQRG9DJ,2225,2225,中小候補,,,,要連絡先確認(Phase B)
リンナイ,リンナイ(Rinnai),1,1,52,diy_tools,B0B7HS5724,2210,2210,中小候補,,,,要連絡先確認(Phase B)
日大工業(Nihon University Industry),日大工業(Nihon University Industry),1,1,52,diy_tools,B00AK7PHDS,4679,4679,中小候補,,,,要連絡先確認(Phase B)
旭ファイバーグラス,旭ファイバーグラス,1,1,52,diy_tools,B00BN4GY5W,13480,13480,中小候補,,,,要連絡先確認(Phase B)
住化エンバイロメンタルサイエンス株式会社,住化エンバイロメンタルサイエンス,1,1,52,diy_tools,B00CJ9MM2Y,7800,7800,中小候補,,,,要連絡先確認(Phase B)
ハイロー(Haylou),HAYLOU,1,1,52,appliances,B0DRHLHG3W,4698,4698,中小候補,,,,要連絡先確認(Phase B)
Logicool(ロジクール),Logitech,1,1,52,pc,B00KXO0R7E,6780,6780,大手/著名,,,,要連絡先確認(Phase B)
sacinora,sacinora,1,1,52,baby,B0CJZ6GLM7,2200,2200,中小候補,,,,要連絡先確認(Phase B)
HORIGEN,HORIGEN,1,1,52,baby,B0D924ZF1W,9578,9578,中小候補,,,,要連絡先確認(Phase B)
Protec-tif,Protec-tif,1,1,52,baby,B0CNS19XFW,7964,7964,中小候補,,,,要連絡先確認(Phase B)
mocoly,mocoly,1,1,52,baby,B0DGSH92S7,2812,2812,中小候補,,,,要連絡先確認(Phase B)
ブラックアンドデッカー(BLACK+DECKER),BLACK+DECKER,1,1,52,car,B017VYOWJ2,7322,7322,中小候補,,,,要連絡先確認(Phase B)
ATJNFEUED,ATJNFEUED,1,1,52,car,B0H4QQB2WQ,2549,2549,中小候補,,,,要連絡先確認(Phase B)
DELTA FORCE,DELTA FORCE,1,1,52,car,B0CCD3ZQZ3,6600,6600,中小候補,,,,要連絡先確認(Phase B)
Eaglerich,Eaglerich,1,1,52,car,B07MCP1JQ6,1619,1619,中小候補,,,,要連絡先確認(Phase B)
InnoWave,InnoWave,1,1,52,car,B0F3D1NKLK,3144,3144,中小候補,,,,要連絡先確認(Phase B)
（株）テクノ・ソテック,TECHNOS(テクノス),1,1,52,home_kitchen,B0CJJQFJ3F,6980,6980,中小候補,,,,要連絡先確認(Phase B)
島製作所,島製作所,1,1,52,home_kitchen,B00AYQBA4U,13180,13180,中小候補,,,,要連絡先確認(Phase B)
オカトー(Okato),オカトー(Okato),1,1,52,home_kitchen,B0CFQ2HHJ2,1610,1610,中小候補,,,,要連絡先確認(Phase B)
株式会社はつが,スポーツパフォーマンス,1,1,52,home_kitchen,B081RKM2V3,6900,6900,中小候補,,,,要連絡先確認(Phase B)
ダイキン,ダイキン,1,1,52,home_kitchen,B07PKWSXQK,10400,10400,中小候補,,,,要連絡先確認(Phase B)
ティファニー,TIFFANY(ティファニー),1,1,52,home_kitchen,B00E12DWH6,20880,20880,中小候補,,,,要連絡先確認(Phase B)
Skura,§ｋｌ∞ＬＥＥ＼Ｋｏｒｅｙｏｓｈｉ＼Ｌｉｗｅｉｋｅ,1,1,52,home_kitchen,B0FXG8Y4JT,5099,5099,中小候補,,,,要連絡先確認(Phase B)
オリジナル,オリジナル,1,1,52,office,B005J0YRDW,3280,3280,中小候補,,,,要連絡先確認(Phase B)
amadana株式会社,ａｍａｄａｎａ,1,1,52,office,B09B1RRNQX,6600,6600,中小候補,,,,要連絡先確認(Phase B)
テージー,テージー,1,1,52,office,B003DXQF1Y,1671,1671,中小候補,,,,要連絡先確認(Phase B)
進誠堂,弘梅堂,1,1,52,office,B00GX7Y4G0,5610,5610,中小候補,,,,要連絡先確認(Phase B)
Xスタンパー,Xスタンパー,1,1,52,office,B011U1P9AI,2089,2089,中小候補,,,,要連絡先確認(Phase B)
Lickimat,LickiMat,1,1,52,pet,B089DQBBMP,1555,1555,中小候補,,,,要連絡先確認(Phase B)
エーワン (A-one),A-one,1,1,52,pet,B007N71WQ4,1714,1714,中小候補,,,,要連絡先確認(Phase B)
大塚グループ,大塚グループ,1,1,52,pet,B016Q65KCY,4480,4480,中小候補,,,,要連絡先確認(Phase B)
川井,カワイ,1,1,52,pet,B00X7LFN9M,2768,2768,中小候補,,,,要連絡先確認(Phase B)
DAEETYL(ゆう),DAEETYL(ゆう),1,1,52,toys,B0D41B533D,2300,2300,中小候補,,,,要連絡先確認(Phase B)
Spider-Man,Spider-Man,1,1,52,toys,B073YNNW1Y,7600,7600,中小候補,,,,要連絡先確認(Phase B)
ＨＰＩ,ノーブランド品,1,1,52,toys,B00NHC73D0,2720,2720,中小候補,,,,要連絡先確認(Phase B)
ナリカ,ナリカ,1,1,52,toys,B073WPXXN1,4961,4961,中小候補,,,,要連絡先確認(Phase B)
Dondor,Dondor,1,1,52,toys,B09L1NN8TN,4876,4876,中小候補,,,,要連絡先確認(Phase B)
ISHR,ISHR,1,1,52,toys,B0G52BX2ZK,3280,3280,中小候補,,,,要連絡先確認(Phase B)
シャウト!,シャウト!,1,1,52,sports,B000AQZD7E,1502,1502,中小候補,,,,要連絡先確認(Phase B)
Degree,Degree,1,1,52,sports,B0014CTCQ6,1680,1680,中小候補,,,,要連絡先確認(Phase B)
ウイニング,Winning,1,1,52,sports,B00YE2IDKY,4199,4199,中小候補,,,,要連絡先確認(Phase B)
リーニア(Linha),リーニア(Linha),1,1,52,sports,B0D2KS5DJW,4510,4510,中小候補,,,,要連絡先確認(Phase B)
スタンレー,STANLEY(スタンレー),1,1,52,sports,B09SWNSCYX,11900,11900,中小候補,,,,要連絡先確認(Phase B)
株式会社ランケット,DUCKNOT,1,1,52,sports,B0CZCSKLPB,6140,6140,中小候補,,,,要連絡先確認(Phase B)
arena(アリーナ),ARENA,1,1,52,sports,B0GXK1MZQR,2420,2420,中小候補,,,,要連絡先確認(Phase B)
スノーピーク(snow peak),Snow Peak(スノーピーク),1,1,52,sports,B07NPMGTJX,5341,5341,中小候補,,,,要連絡先確認(Phase B)
ILLIDAN,ILLIDAN,1,1,52,sports,B0CJH97HMQ,2280,2280,中小候補,,,,要連絡先確認(Phase B)
SHEEPWING,グローバルスポーツ,1,1,52,sports,B00KE1QWRA,1650,1650,中小候補,,,,要連絡先確認(Phase B)
マウントスミ(Mt.SUMI),Mt.SUMI,1,1,52,sports,B08YQXZ7W5,3780,3780,中小候補,,,,要連絡先確認(Phase B)
Kaitty Office,Kaitty Office Tools,1,1,52,diy_tools,B07VBLLVD5,3999,3999,大手/著名,,,,要連絡先確認(Phase B)
フジマック,マッハ,1,1,52,diy_tools,B005RUV9AS,9610,9610,中小候補,,,,要連絡先確認(Phase B)
土牛産業(株),土牛産業,1,1,52,diy_tools,B00OUBEUN8,4089,4089,中小候補,,,,要連絡先確認(Phase B)
KTC(ケーティーシー),京都機械工具(KTC),1,1,52,diy_tools,B08RDNXRWD,7161,7161,大手/著名,,,,要連絡先確認(Phase B)
プロクソン(PROXXON),プロクソン(PROXXON),1,1,52,diy_tools,B00COX5FFQ,15811,15811,中小候補,,,,要連絡先確認(Phase B)
GARDENA(ガルデナ),GARDENA(ガルデナ),1,1,52,diy_tools,B01FE8M226,11543,11543,中小候補,,,,要連絡先確認(Phase B)
GHDVOP,GHDVOP,1,1,52,appliances,B0BMF33BJM,3699,3699,中小候補,,,,要連絡先確認(Phase B)
Cs Battery,Cameron Sino,1,1,52,appliances,B0967QBFQG,3724,3724,中小候補,,,,要連絡先確認(Phase B)
TOMASHI,TOMASHI,1,1,52,appliances,B09XQCLTYF,5822,5822,中小候補,,,,要連絡先確認(Phase B)
株式会社磁気研究所,CO-COS,1,1,52,appliances,B0CNP2W65S,2899,2899,中小候補,,,,要連絡先確認(Phase B)
ANKER,Soundcore,1,1,52,appliances,B08JKCLYGK,18416,18416,大手/著名,,,,要連絡先確認(Phase B)
Koneo,Koneo,1,1,52,appliances,B0GWRDD255,2226,2226,中小候補,,,,要連絡先確認(Phase B)
ＹＵＮＨＥＮ,ＹＵＮＨＥＮ,1,1,52,appliances,B0F1CZW3YJ,1680,1680,中小候補,,,,要連絡先確認(Phase B)
エス・アール・プロジェクト(SRPJ),HYPERKIN,1,1,52,appliances,B07NSTDKHD,5680,5680,中小候補,,,,要連絡先確認(Phase B)
日本アンテナ,日本アンテナ,1,1,52,appliances,B0771NJ1HJ,18000,18000,中小候補,,,,要連絡先確認(Phase B)
富士パーツ商会,富士パーツ商会,1,1,52,appliances,B0719Q4JC7,2399,2399,中小候補,,,,要連絡先確認(Phase B)
ROBANDOO,ROBANDOO,1,1,52,appliances,B0DXPFDF87,1750,1750,中小候補,,,,要連絡先確認(Phase B)
AULCMEET Factory,AULCMEET,1,1,52,appliances,B0FJCNGZ53,1866,1866,大手/海外疑い,,,,要連絡先確認(Phase B)
Yubico,Yubico,1,1,52,pc,B09MMDGMLC,19137,19137,中小候補,,,,要連絡先確認(Phase B)
MUBUY-GOL,MUBUY-GOL,1,1,52,pc,B0FCYH87PK,1999,1999,中小候補,,,,要連絡先確認(Phase B)
DESOFICON,DESOFICON,1,1,52,pc,B0BLNKXQYB,2000,2000,大手/海外疑い,,,,要連絡先確認(Phase B)
ハーモニック,おむつケーキ研究所,1,1,52,baby,B00DGHH5J8,6171,6171,中小候補,,,,要連絡先確認(Phase B)
ifam,ifam,1,1,52,baby,B078K3Z32K,6690,6690,中小候補,,,,要連絡先確認(Phase B)
ファイヤーサイド,ファイヤーサイド,1,1,52,baby,B06W2KB4Y5,22780,22780,中小候補,,,,要連絡先確認(Phase B)
株式会社hatoha,ノーブランド品,1,1,52,baby,B0C3CBX617,13200,13200,中小候補,,,,要連絡先確認(Phase B)
Kupo,Kupo,1,1,52,baby,B07YNWWD3C,12560,12560,中小候補,,,,要連絡先確認(Phase B)
MiKiHOUSE,MIKIHOUSE(ミキハウス),1,1,52,baby,B0CM352MDT,9900,9900,中小候補,,,,要連絡先確認(Phase B)
CMINGJ,CMINGJ,1,1,52,baby,B0CBTSK2QF,1800,1800,中小候補,,,,要連絡先確認(Phase B)
SXJC,SXJC,1,1,52,baby,B08XZ3JTV2,2410,2410,中小候補,,,,要連絡先確認(Phase B)
BOBSTER(ボブスター),Bobster,1,1,52,car,B001C5O9P4,9498,9498,中小候補,,,,要連絡先確認(Phase B)
GYEON Quartz Japan,GYEON,1,1,52,car,B06X9HCNC5,2730,2730,中小候補,,,,要連絡先確認(Phase B)
トラスコ中山（株）,トラスコ中山(TRUSCO),1,1,52,car,B0BSL78WZ1,3003,3003,大手/著名,,,,要連絡先確認(Phase B)
J'z court,J'z court,1,1,52,car,B071XMLJMQ,2870,2870,中小候補,,,,要連絡先確認(Phase B)
MOONEYES,MOONEYES,1,1,52,car,B01N9R15C6,2288,2288,中小候補,,,,要連絡先確認(Phase B)
Bosch,Bosch,1,1,52,car,B003AWN2FU,1657,1657,大手/著名,,,,要連絡先確認(Phase B)
MIRAX,MIRAX,1,1,52,car,B08H1GVSX2,3380,3380,中小候補,,,,要連絡先確認(Phase B)
QWNFGHGY1023,QWNFGHG,1,1,52,car,B0FMDZHM5L,4580,4580,中小候補,,,,要連絡先確認(Phase B)
スーリー(Thule),スーリー(Thule),1,1,52,car,B0791T6TSN,9350,9350,中小候補,,,,要連絡先確認(Phase B)
qiilu,Qiilu,1,1,52,car,B07SCXYXW6,1795,1795,中小候補,,,,要連絡先確認(Phase B)
HYF-BP,OKAYOHINN,1,1,52,car,B0DT8FRWMD,1998,1998,中小候補,,,,要連絡先確認(Phase B)
Good Smile,オランジュ・ルージュ(Orange Rouge),1,1,52,hobby,B08KYPK5Z3,2158,2158,中小候補,,,,要連絡先確認(Phase B)
fangzi,FANGZIDM,1,1,52,instruments,B0CJLH3L5T,2339,2339,中小候補,,,,要連絡先確認(Phase B)
Qsvbeeqj,Qsvbeeqj,1,1,52,instruments,B0F1FX82BL,1969,1969,中小候補,,,,要連絡先確認(Phase B)
ピーコック,吉澤(Yoshizawa),1,1,52,instruments,B00240KT78,2430,2430,中小候補,,,,要連絡先確認(Phase B)
D'Addario(ダダリオ),D'Addario(ダダリオ),1,1,52,instruments,B095KRKQ5H,5141,5141,中小候補,,,,要連絡先確認(Phase B)
Takamine,Takamine,1,1,52,instruments,B003QNX17M,2800,2800,中小候補,,,,要連絡先確認(Phase B)
VALETON,VALETON,1,1,52,instruments,B07SSYM8CF,19910,19910,中小候補,,,,要連絡先確認(Phase B)
ロブナー,ロブナー,1,1,52,instruments,B00945U4K8,5940,5940,中小候補,,,,要連絡先確認(Phase B)
COMETX,COMETX,1,1,52,instruments,B0D4YFGKND,3489,3489,中小候補,,,,要連絡先確認(Phase B)
Facmogu,Facmogu,1,1,52,instruments,B09JWH7MV9,6284,6284,中小候補,,,,要連絡先確認(Phase B)
CRW620JMTW,クロスロック(CROSSROCK),1,1,52,instruments,B08KS61M7R,18899,18899,中小候補,,,,要連絡先確認(Phase B)
CRW620BTW,クロスロック(CROSSROCK),1,1,52,instruments,B08KS47D5Q,18899,18899,中小候補,,,,要連絡先確認(Phase B)
CRW620SGTW,クロスロック(CROSSROCK),1,1,52,instruments,B08KS6VRRS,17999,17999,中小候補,,,,要連絡先確認(Phase B)
CRW620ETW,クロスロック(CROSSROCK),1,1,52,instruments,B08KS6W76B,17999,17999,中小候補,,,,要連絡先確認(Phase B)
CRW620CTW,クロスロック(CROSSROCK),1,1,52,instruments,B08KS43WLJ,17999,17999,中小候補,,,,要連絡先確認(Phase B)
CRW620DTW,クロスロック(CROSSROCK),1,1,52,instruments,B08KS5YJSX,18899,18899,中小候補,,,,要連絡先確認(Phase B)
CRW620LTW,クロスロック(CROSSROCK),1,1,52,instruments,B08KS7JG77,17999,17999,中小候補,,,,要連絡先確認(Phase B)
TUZIGUAIGUAI,TUZIGUAIGUAI,1,1,52,industrial,B0DZXNZ5D8,7820,7820,中小候補,,,,要連絡先確認(Phase B)
FZL,FZL,1,1,52,industrial,B09W5WSLJC,2222,2222,中小候補,,,,要連絡先確認(Phase B)
HOUDERCO,HOUDERCO,1,1,52,industrial,B0GDQ14BX8,2599,2599,中小候補,,,,要連絡先確認(Phase B)
BAOFURONG,KEPTFIT,1,1,52,industrial,B086PX69S6,6399,6399,中小候補,,,,要連絡先確認(Phase B)
ZYBLNMDW,ZYBLNMDW,1,1,52,industrial,B0CMQLLFK4,10610,10610,中小候補,,,,要連絡先確認(Phase B)
ZHENGTU,ZHENGTU,1,1,52,industrial,B0FGXYC8PV,1620,1620,中小候補,,,,要連絡先確認(Phase B)
D&S,ケヴンハウン(Kevnhaun),1,1,51,home_kitchen,B091GMSCCH,1980,1980,中小候補,,,,要連絡先確認(Phase B)
homesailing,HUISEN&HosHo,1,1,51,home_kitchen,B0CXD5LS5N,11990,11990,中小候補,,,,要連絡先確認(Phase B)
リコメン堂,リコメン堂,1,1,51,home_kitchen,B0BYJG53SD,8699,8699,中小候補,,,,要連絡先確認(Phase B)
三鈴陶器,WENSEN,1,1,51,home_kitchen,B005GYH5WQ,3746,3746,中小候補,,,,要連絡先確認(Phase B)
ドリテック(dretec),ドリテック(dretec),1,1,51,home_kitchen,B01N4K90H8,1780,1780,中小候補,,,,要連絡先確認(Phase B)
CASIO(カシオ),CASIO(カシオ),1,1,51,home_kitchen,B00BD97BO0,3500,3500,大手/著名,,,,要連絡先確認(Phase B)
nishikawa 【 西川 】,西川(Nishikawa),1,1,51,home_kitchen,B0F998DD19,25300,25300,中小候補,,,,要連絡先確認(Phase B)
Risuho,Risuho,1,1,51,home_kitchen,B0DY1541YR,2393,2393,中小候補,,,,要連絡先確認(Phase B)
NoBrand,MJ,1,1,51,home_kitchen,B0071R1DTC,5580,5580,中小候補,,,,要連絡先確認(Phase B)
株式会社ダイトク,ホーム　＆　セキュア,1,1,51,home_kitchen,B0GQ8T7TT7,3424,3424,中小候補,,,,要連絡先確認(Phase B)
ダイキン工業,ダイキン,1,1,51,home_kitchen,B08DR3VJXX,5976,5976,中小候補,,,,要連絡先確認(Phase B)
ジェネテック合同会社,フードシールド/FoodShield,1,1,51,home_kitchen,B085LB63ZR,21980,21980,中小候補,,,,要連絡先確認(Phase B)
watchget,watchget,1,1,51,home_kitchen,B0DCHWT3B2,1999,1999,中小候補,,,,要連絡先確認(Phase B)
GEEGVV,watchget,1,1,51,home_kitchen,B0BZ42N112,2999,2999,中小候補,,,,要連絡先確認(Phase B)
TENTEN LED,MEEKU,1,1,51,home_kitchen,B0FHK3R992,5650,5650,中小候補,,,,要連絡先確認(Phase B)
株式会社リレイション,ねことおひるね,1,1,51,home_kitchen,B0FG6WKLB5,3780,3780,中小候補,,,,要連絡先確認(Phase B)
BALDASSARE AGNELLI S.P.A.,Baldassare Agnelli,1,1,51,home_kitchen,B00APXCQC2,18002,18002,中小候補,,,,要連絡先確認(Phase B)
GRANDUER,GRANDUER,1,1,51,home_kitchen,B00WHGR2V0,3950,3950,中小候補,,,,要連絡先確認(Phase B)
前川金属工業所,前川金属工業所(Maekawa Metal),1,1,51,home_kitchen,B00BQWUC36,3059,3059,中小候補,,,,要連絡先確認(Phase B)
尚美堂,尚美堂,1,1,51,home_kitchen,B08GP6BG5Q,1800,1800,中小候補,,,,要連絡先確認(Phase B)
山加商店(Yamakasyoten),山加商店,1,1,51,home_kitchen,B08BTNJNS6,3443,3443,中小候補,,,,要連絡先確認(Phase B)
ＥＬＭＡ,ＥＬＭＡ,1,1,51,home_kitchen,B0D9NL4RXJ,3579,3579,中小候補,,,,要連絡先確認(Phase B)
不二貿易(Fujiboeki),不二貿易(Fujiboeki),1,1,51,home_kitchen,B00GGBE3IM,10980,10980,中小候補,,,,要連絡先確認(Phase B)
ヒロコーポレーション,Hiro Corporation,1,1,51,home_kitchen,B0DHVJR9LQ,2257,2257,中小候補,,,,要連絡先確認(Phase B)
ぶつえいどう,ぶつえいどう,1,1,51,home_kitchen,B0188EY9KQ,1930,1930,中小候補,,,,要連絡先確認(Phase B)
プラマイゼロ,PLUS MINUS ZERO,1,1,51,home_kitchen,B08Z37DCSV,9480,9480,大手/著名,,,,要連絡先確認(Phase B)
ニッポー,ニッポー,1,1,51,office,B07213PJ7W,20500,20500,中小候補,,,,要連絡先確認(Phase B)
ケーズソフト,ペーパークラフトP.Model,1,1,51,office,B07JZ95SP1,1680,1680,中小候補,,,,要連絡先確認(Phase B)
HONITANO,HONITANO,1,1,51,office,B0FX88HSDN,1671,1671,中小候補,,,,要連絡先確認(Phase B)
TOVINANNA,TOVINANNA,1,1,51,office,B0CT8S23YG,1849,1849,中小候補,,,,要連絡先確認(Phase B)
YiShuHua,YiShuHua,1,1,51,office,B09B3SQNQV,2050,2050,中小候補,,,,要連絡先確認(Phase B)
デビカ,デビカ,1,1,51,office,B0D1CB8RSM,2869,2869,中小候補,,,,要連絡先確認(Phase B)
ライトインザレイン(Rite in the Rain),Rite in the Rain,1,1,51,office,B014AYYHAU,14290,14290,中小候補,,,,要連絡先確認(Phase B)
HADEFA,hadefa,1,1,51,office,B0H25HFG2T,2299,2299,中小候補,,,,要連絡先確認(Phase B)
JEWEDECO,JEWEDECO,1,1,51,office,B0GT46BWCD,2097,2097,中小候補,,,,要連絡先確認(Phase B)
キョクトウ・アソシエイツ,キョクトウ・アソシエイツ,1,1,51,office,B06XCNGX6Y,2889,2889,中小候補,,,,要連絡先確認(Phase B)
ゼットアンドケイ,ゼットアンドケイ,1,1,51,office,B07PKLY6WT,1666,1666,中小候補,,,,要連絡先確認(Phase B)
HIGHTIDE,４色ＢＰ,1,1,51,office,B002KWJ34A,1700,1700,中小候補,,,,要連絡先確認(Phase B)
Hidden Disabilities Sunflower Scheme Limited,Hidden Disabilities,1,1,51,office,B0DNZTQN5Q,5347,5347,中小候補,,,,要連絡先確認(Phase B)
鈴木特殊化工,鈴木特殊化工,1,1,51,office,B07T6GZM33,1595,1595,中小候補,,,,要連絡先確認(Phase B)
YAFA,Monteverde,1,1,51,office,B002IKK5SW,2909,2909,中小候補,,,,要連絡先確認(Phase B)
Monteverde,Monteverde,1,1,51,office,B002IKK5SC,3760,3760,中小候補,,,,要連絡先確認(Phase B)
一休園(Ikkyuen),一休園(Ikkyuen),1,1,51,office,B07HLYK3QQ,5273,5273,中小候補,,,,要連絡先確認(Phase B)
サンコー,THANKO,1,1,51,office,B08T5NR7L7,4600,4600,中小候補,,,,要連絡先確認(Phase B)
Faber-Castell,ファーバーカステル(Faber-Castell),1,1,51,office,B07958GJR2,7506,7506,大手/海外疑い,,,,要連絡先確認(Phase B)
LONTG,LONTG,1,1,51,office,B07DNXQZ85,2900,2900,中小候補,,,,要連絡先確認(Phase B)
C-VISION,C-VISION,1,1,51,pet,B073Q7MB78,5990,5990,中小候補,,,,要連絡先確認(Phase B)
Nylabone,Nylabone,1,1,51,pet,B000GQ80TQ,2500,2500,中小候補,,,,要連絡先確認(Phase B)
P2,ノーブランド品,1,1,51,pet,B0CSWLKD5Y,2398,2398,中小候補,,,,要連絡先確認(Phase B)
株式会社エーワン,A-one,1,1,51,pet,B0914Z73NM,2050,2050,中小候補,,,,要連絡先確認(Phase B)
あすか製薬,あすか製薬,1,1,51,pet,B017NH9HNS,1967,1967,中小候補,,,,要連絡先確認(Phase B)
モモセ,ノーブランド品,1,1,51,pet,B096JVKZJV,4524,4524,中小候補,,,,要連絡先確認(Phase B)
ニーナ・オットソン,Outward Hound,1,1,51,pet,B087DR8744,5600,5600,中小候補,,,,要連絡先確認(Phase B)
（株）ペッツルート,ペッツルート (Petz Route),1,1,51,pet,B00HXBHTWQ,2135,2135,中小候補,,,,要連絡先確認(Phase B)
fxw,FXW,1,1,51,pet,B0GHQMWYBC,8680,8680,中小候補,,,,要連絡先確認(Phase B)
Farmina(ファルミナ),N&D,1,1,51,pet,B01BSKDRN2,7413,7413,中小候補,,,,要連絡先確認(Phase B)
CHURCH & DWIGHT COMPANY,Arm & Hammer,1,1,51,pet,B000V5NVQ4,2720,2720,中小候補,,,,要連絡先確認(Phase B)
プーキープロケア,プーキープロケア,1,1,51,pet,B06XSGDGMT,9000,9000,中小候補,,,,要連絡先確認(Phase B)
株式会社エスジーラボ,Vet Solution(ベッツソリューション),1,1,51,pet,B0C8MRXF4G,7040,7040,中小候補,,,,要連絡先確認(Phase B)
キア オラ,犬想い,1,1,51,pet,B0BHBPZZPB,8360,8360,中小候補,,,,要連絡先確認(Phase B)
ネクトン,Nekton,1,1,51,pet,B0051SJUL6,5648,5648,中小候補,,,,要連絡先確認(Phase B)
マメデザイン,マメデザイン,1,1,51,pet,B0082MHMKE,12650,12650,中小候補,,,,要連絡先確認(Phase B)
日本動物薬品株式会社,ニチドウ,1,1,51,pet,B07HLDCZK7,6250,6250,中小候補,,,,要連絡先確認(Phase B)
ニチニチ製薬,Protesun (プロテサン),1,1,51,pet,B09RPSXRDF,4801,4801,中小候補,,,,要連絡先確認(Phase B)
DIGITEN,DIGITEN,1,1,51,pet,B0DPFPDZDT,6018,6018,中小候補,,,,要連絡先確認(Phase B)
みどり商会,みどり商会,1,1,51,pet,B004IH1VRC,4080,4080,中小候補,,,,要連絡先確認(Phase B)
Botocoo,Botocoo,1,1,51,pet,B0FK56GGLY,1500,1500,中小候補,,,,要連絡先確認(Phase B)
Aronheur,Aronheur,1,1,51,pet,B0GQ9BTH14,2480,2480,中小候補,,,,要連絡先確認(Phase B)
ナチュラルバランス,Natural Balance,1,1,51,pet,B0FH9ZTPVW,5299,5299,中小候補,,,,要連絡先確認(Phase B)
つくば保健食品,つくば保健食品,1,1,51,pet,B011UCXACG,11980,11980,中小候補,,,,要連絡先確認(Phase B)
BIRDMORE,BIRDMORE,1,1,51,pet,B07KW4QB59,2999,2999,中小候補,,,,要連絡先確認(Phase B)
ビッキー,クリスプ,1,1,51,pet,B08MTCGFPR,3000,3000,中小候補,,,,要連絡先確認(Phase B)
ちどり産業,千鳥産業(Chidori-sangyo),1,1,51,pet,B01DOV9SIG,3908,3908,中小候補,,,,要連絡先確認(Phase B)
Amakunft,Amakunft,1,1,51,pet,B0BVVLZQ9T,1980,1980,中小候補,,,,要連絡先確認(Phase B)
ペットプロジャパン,PetPro,1,1,51,pet,B016U2TFIE,1941,1941,中小候補,,,,要連絡先確認(Phase B)
イースター,イースター,1,1,51,pet,B0DWFF4T84,2184,2184,中小候補,,,,要連絡先確認(Phase B)
ペティエンス,ペティエンス,1,1,51,pet,B085FTYFSP,3740,3740,中小候補,,,,要連絡先確認(Phase B)
Comotech,Comotech,1,1,51,pet,B09WYVX474,2400,2400,中小候補,,,,要連絡先確認(Phase B)
FCS,FCS,1,1,51,pet,B09DV52CXV,8008,8008,中小候補,,,,要連絡先確認(Phase B)
SUNNYCLUE,SUNNYCLUE,1,1,51,pet,B0CF29LWL7,1919,1919,中小候補,,,,要連絡先確認(Phase B)
グリニーズ,ノーブランド品,1,1,51,pet,B08Y5BZ73T,9600,9600,中小候補,,,,要連絡先確認(Phase B)
ペット,犬想い,1,1,51,pet,B09T6K9SHQ,23650,23650,中小候補,,,,要連絡先確認(Phase B)
bigbang6,Daskuchi,1,1,51,pet,B08PTXNF4K,1574,1574,中小候補,,,,要連絡先確認(Phase B)
第一衛材,Pone,1,1,51,pet,B01CDZGH7O,10490,10490,中小候補,,,,要連絡先確認(Phase B)
Aeon hum,Aeon hum,1,1,51,pet,B0BRCR4DYZ,14200,14200,中小候補,,,,要連絡先確認(Phase B)
ALoveTree,ALoveTree,1,1,51,pet,B08CDC1NP8,1650,1650,中小候補,,,,要連絡先確認(Phase B)
Pro-Motion Distributing - Direct,Jolly Pets,1,1,51,pet,B00HKK6HOQ,5319,5319,中小候補,,,,要連絡先確認(Phase B)
株式会社鈴木製作所,池田工業社,1,1,51,pet,B001YHNXIY,1800,1800,中小候補,,,,要連絡先確認(Phase B)
クリタック,クリタック,1,1,51,pet,B07BPRJMNL,4780,4780,中小候補,,,,要連絡先確認(Phase B)
手作り工房　夕立窯,手作り工房 夕立窯,1,1,51,pet,B0DN1FJYJR,2901,2901,中小候補,,,,要連絡先確認(Phase B)
ROYAL CANIN,ロイヤルカナン,1,1,51,pet,B01B1QCMHK,2460,2460,中小候補,,,,要連絡先確認(Phase B)
うんちが臭わない袋BOS,うんちが臭わない袋BOS,1,1,51,pet,B07CGKGR1D,6658,6658,中小候補,,,,要連絡先確認(Phase B)
Qiilu.,Qiilu.,1,1,51,pet,B082NHNF4N,1947,1947,中小候補,,,,要連絡先確認(Phase B)
LINNA商会,クプレラ,1,1,51,pet,B007GRXNJ0,22464,22464,中小候補,,,,要連絡先確認(Phase B)
日本ペットフード,日本ペットフード,1,1,51,pet,B07FJLJ4CX,4880,4880,中小候補,,,,要連絡先確認(Phase B)
SAMNISOO,SAMNISOO,1,1,51,pet,B0D1QVR7QY,3628,3628,中小候補,,,,要連絡先確認(Phase B)
Namoobao,Namoobao,1,1,51,pet,B0FNY62X12,2799,2799,中小候補,,,,要連絡先確認(Phase B)
Lekereise,Lekereise,1,1,51,pet,B0F53RLYP6,12247,12247,中小候補,,,,要連絡先確認(Phase B)
Firstmate Pet Foods,FirstMate,1,1,51,pet,B016M3I2YE,6380,6380,中小候補,,,,要連絡先確認(Phase B)
AWASEYY,AWASEYY,1,1,51,pet,B0DKC5HJNS,4260,4260,中小候補,,,,要連絡先確認(Phase B)
グッドスマイル インターナショナル,FISH 4 DOGS,1,1,51,pet,B09DK47KSR,17480,17480,中小候補,,,,要連絡先確認(Phase B)
YOUMI,YOUMI,1,1,51,pet,B0915XKXRD,1717,1717,中小候補,,,,要連絡先確認(Phase B)
SUPERPET,Superpet,1,1,51,pet,B08PJFC6G1,4495,4495,中小候補,,,,要連絡先確認(Phase B)
Umora,Umora,1,1,51,pet,B01LZY36UO,1889,1889,中小候補,,,,要連絡先確認(Phase B)
Cogno central,Cogno central,1,1,51,toys,B0FV2ZYPLK,3580,3580,中小候補,,,,要連絡先確認(Phase B)
GEEKON,GEEKON,1,1,51,toys,B07KWJDG14,8075,8075,中小候補,,,,要連絡先確認(Phase B)
Toys R Us,Toys R Us,1,1,51,toys,B0CVLB383L,5350,5350,中小候補,,,,要連絡先確認(Phase B)
Tepplooty,Tepplooty,1,1,51,toys,B0H5RQG9RC,6529,6529,中小候補,,,,要連絡先確認(Phase B)
Spilay,Spilay,1,1,51,toys,B0C4KG1B9R,2590,2590,中小候補,,,,要連絡先確認(Phase B)
株式会社AQUA,Aqua,1,1,51,toys,B0746DNZ5Z,1780,1780,中小候補,,,,要連絡先確認(Phase B)
Pixie Curio,Pixie Curio,1,1,51,toys,B0G6CQF5PN,4893,4893,中小候補,,,,要連絡先確認(Phase B)
セキグチ(Sekiguchi),セキグチ(Sekiguchi),1,1,51,toys,B0CQ2M7W7H,3020,3020,中小候補,,,,要連絡先確認(Phase B)
DREAMWORKS GABBY'S DOLLHOUSE,DREAMWORKS GABBY'S DOLLHOUSE,1,1,51,toys,B0B4YLW63H,2500,2500,中小候補,,,,要連絡先確認(Phase B)
エポック(EPOCH),EPOCH,1,1,51,toys,B0002YN9I4,3240,3240,中小候補,,,,要連絡先確認(Phase B)
eexuujkl,eexuujkl,1,1,51,toys,B0CTFR16M8,2120,2120,中小候補,,,,要連絡先確認(Phase B)
Zendellis,Zendellis,1,1,51,toys,B0CWM69Z4T,2288,2288,中小候補,,,,要連絡先確認(Phase B)
china,BLLRC,1,1,51,toys,B0B8MHKPB1,3499,3499,中小候補,,,,要連絡先確認(Phase B)
XUHCLKA,XUHCLKA,1,1,51,toys,B0FS1SDHYL,5700,5700,中小候補,,,,要連絡先確認(Phase B)
CASDON,CASDON,1,1,51,toys,B07TTHZC4P,9249,9249,中小候補,,,,要連絡先確認(Phase B)
Perfeclan,Perfeclan,1,1,51,toys,B07QN9SSW1,3654,3654,中小候補,,,,要連絡先確認(Phase B)
アミューズメント専用景品,アミューズメント専用景品,1,1,51,toys,B0G1NCVJQQ,2128,2128,中小候補,,,,要連絡先確認(Phase B)
クレヨラ,CRAYOLA,1,1,51,toys,B08D6W6RNT,2967,2967,中小候補,,,,要連絡先確認(Phase B)
R.D.Nウイッグ直営店,Oshare Kids,1,1,51,toys,B0D7SQ35GW,2777,2777,中小候補,,,,要連絡先確認(Phase B)
ジョイパレット(JOYPALETTE),ジョイパレット(JOYPALETTE),1,1,51,toys,B09PY2D77V,2099,2099,中小候補,,,,要連絡先確認(Phase B)
京商,京商(Kyosho),1,1,51,toys,B01M5GKDV7,2901,2901,中小候補,,,,要連絡先確認(Phase B)
Little Kids,Little Kids,1,1,51,toys,B0BSJQGJS4,4055,4055,中小候補,,,,要連絡先確認(Phase B)
BOTI,Rainbow Friends,1,1,51,toys,B0CLLY93G7,3398,3398,中小候補,,,,要連絡先確認(Phase B)
TOMY Intl.,TOMY,1,1,51,toys,B0DB2MS99P,5344,5344,中小候補,,,,要連絡先確認(Phase B)
プラントイジャパン(PLANTOYS JAPAN),プラントイジャパン(PLANTOYS JAPAN),1,1,51,toys,B000RE6S1E,2140,2140,中小候補,,,,要連絡先確認(Phase B)
ハシートップイン(Hashy TOPIN),ハシートップイン(Hashy TOPIN),1,1,51,toys,B0DKNJQQLY,1850,1850,中小候補,,,,要連絡先確認(Phase B)
Blhlltd,Mxfans RCホイールリム 1:10,1,1,51,toys,B01EH343KI,2499,2499,中小候補,,,,要連絡先確認(Phase B)
学研ステイフル(Gakken Sta:Ful),学研ステイフル(Gakken Sta:Ful),1,1,51,toys,B07PPVB8H7,2000,2000,中小候補,,,,要連絡先確認(Phase B)
Games Workshop,Games Workshop,1,1,51,toys,B083P7M8TF,6580,6580,中小候補,,,,要連絡先確認(Phase B)
カプコン(CAPCOM),カプコン(CAPCOM),1,1,51,toys,B0FBLX9LWX,5280,5280,中小候補,,,,要連絡先確認(Phase B)
メディコス(Medicos Entertainment),メディコス(Medicos Entertainment),1,1,51,toys,B085TCC3Q7,12980,12980,中小候補,,,,要連絡先確認(Phase B)
CMON,CMON,1,1,51,toys,B0C18X7MX9,10792,10792,中小候補,,,,要連絡先確認(Phase B)
2丁目ひみつ基地,2丁目ひみつ基地,1,1,51,toys,B07TFTN9BD,1792,1792,中小候補,,,,要連絡先確認(Phase B)
mini brands,Mini Brands,1,1,51,toys,B0F927W7T1,2250,2250,中小候補,,,,要連絡先確認(Phase B)
sea jump,sea jump,1,1,51,toys,B0CC4G84MR,2499,2499,中小候補,,,,要連絡先確認(Phase B)
Grimm's,Grimm's,1,1,51,toys,B07NVXSQ33,5050,5050,中小候補,,,,要連絡先確認(Phase B)
カワダ(Kawada),KAWADA,1,1,51,toys,B09WDKPF3P,3980,3980,中小候補,,,,要連絡先確認(Phase B)
ビバリー,ビバリー(BEVERLY),1,1,51,toys,B0GGLGRFMV,2240,2240,中小候補,,,,要連絡先確認(Phase B)
RMZ City,RMZCity,1,1,51,toys,B0D4DP155N,4222,4222,中小候補,,,,要連絡先確認(Phase B)
トイズキャビン,トイズキャビン,1,1,51,toys,B0F2829KXV,1750,1750,中小候補,,,,要連絡先確認(Phase B)
内藤デザイン研究所,BANDAI,1,1,51,toys,B013QSV290,1508,1508,大手/著名,,,,要連絡先確認(Phase B)
MINSHI,MINSHI,1,1,51,toys,B0F8BLJV57,2640,2640,中小候補,,,,要連絡先確認(Phase B)
ヴィットハート,ヴィットハート,1,1,51,toys,B09XTDVS49,3300,3300,中小候補,,,,要連絡先確認(Phase B)
パレード,Spiral Cute,1,1,51,toys,B0DJT3ZN6K,4020,4020,中小候補,,,,要連絡先確認(Phase B)
ブラザー・ジョルダン社,HABA（ハバ）,1,1,51,toys,B0169SG7H6,4179,4179,中小候補,,,,要連絡先確認(Phase B)
Artibetter,ARTIBETTER,1,1,51,toys,B0DJKDRX6C,1789,1789,中小候補,,,,要連絡先確認(Phase B)
株式会社フクヤ,Mofusand,1,1,51,toys,B0BPF6TGMR,3800,3800,中小候補,,,,要連絡先確認(Phase B)
キャラクター,キャラクター,1,1,51,toys,B0BN32DWYS,3480,3480,中小候補,,,,要連絡先確認(Phase B)
LCRACING RADIO CONTROLLED BUGGIES,LC Racing,1,1,51,toys,B0BDYSWPTR,28874,28874,中小候補,,,,要連絡先確認(Phase B)
カオス,カオス,1,1,51,toys,B0D9QLBPZT,14500,14500,中小候補,,,,要連絡先確認(Phase B)
サン・アロー,サンアロー(Sun Arrow),1,1,51,toys,B0BLRB47KN,2439,2439,中小候補,,,,要連絡先確認(Phase B)
52TOYS,52TOYS,1,1,51,toys,B07MZ5ZTG3,2980,2980,中小候補,,,,要連絡先確認(Phase B)
バンダイナムコヌイ(Bandai Namco Nui),バンダイナムコヌイ(Bandai Namco Nui),1,1,51,toys,B0D6MPNXC9,2980,2980,大手/著名,,,,要連絡先確認(Phase B)
塩絵屋のお店,Hypothesis,1,1,51,toys,B0BHLZGFNB,2597,2597,中小候補,,,,要連絡先確認(Phase B)
ftmxy,バンプレスト,1,1,51,toys,B07WMNKQXL,2495,2495,大手/著名,,,,要連絡先確認(Phase B)
明和電機,ノーブランド品,1,1,51,toys,B095SVYT7Q,12800,12800,中小候補,,,,要連絡先確認(Phase B)
稲垣屋,稲垣屋,1,1,51,toys,B00HITKZ38,4480,4480,中小候補,,,,要連絡先確認(Phase B)
ジャダ(Jada),Jada,1,1,51,toys,B01M3XOKA5,7676,7676,中小候補,,,,要連絡先確認(Phase B)
加賀谷木材,ノーブランド品,1,1,51,toys,B0B8Z7Q3F7,2480,2480,中小候補,,,,要連絡先確認(Phase B)
Indiana Jones,Indiana Jones,1,1,51,toys,B0B7XR2BC4,4839,4839,中小候補,,,,要連絡先確認(Phase B)
いち屋,いち屋,1,1,51,toys,B007R1AOFQ,2559,2559,中小候補,,,,要連絡先確認(Phase B)
Disney,Disney Store,1,1,51,toys,B0978FMG7S,3899,3899,中小候補,,,,要連絡先確認(Phase B)
Nifeliz,Nifeliz,1,1,51,toys,B0DM25BZMD,16960,16960,中小候補,,,,要連絡先確認(Phase B)
ポケモン・POKH9・ABHFT,ポケモン(Pokemon),1,1,51,toys,B0895CQ41J,3600,3600,中小候補,,,,要連絡先確認(Phase B)
Neca,NECA,1,1,51,toys,B0C4G4Y2QC,9820,9820,大手/著名,,,,要連絡先確認(Phase B)
サンスター文具,サンスター文具(Sun-Star Stationery),1,1,51,toys,B0CGWTSJGS,2764,2764,中小候補,,,,要連絡先確認(Phase B)
Allendo,Allendo,1,1,51,toys,B0GWPZBRC3,3399,3399,中小候補,,,,要連絡先確認(Phase B)
Faber Castell,ファーバーカステル(Faber-Castell),1,1,51,toys,B09TSY5N5Q,3067,3067,中小候補,,,,要連絡先確認(Phase B)
ドラゴンボールＺ,バンプレスト,1,1,51,toys,B07PGRHBRY,8780,8780,大手/著名,,,,要連絡先確認(Phase B)
gaia80,gaia80,1,1,51,toys,B09VP3YCXG,4970,4970,中小候補,,,,要連絡先確認(Phase B)
OHSサプライ(OHS Supply),OHSサプライ(OHS Supply),1,1,51,toys,B0CTQD16F7,2853,2853,中小候補,,,,要連絡先確認(Phase B)
ラングスジャパン,ＳＡＧバルーン,1,1,51,toys,B005H8K6I6,18900,18900,中小候補,,,,要連絡先確認(Phase B)
SHILIFE,SHILIFE,1,1,51,toys,B0DJQPYS4N,1600,1600,中小候補,,,,要連絡先確認(Phase B)
Steamforged Games,Steamforged Games,1,1,51,toys,B07F3LJDCF,13951,13951,中小候補,,,,要連絡先確認(Phase B)
エスケイジャパン(SK Japan),エスケイジャパン(SK Japan),1,1,51,toys,B0DG8B557S,2561,2561,中小候補,,,,要連絡先確認(Phase B)
Bburago,Bburago,1,1,51,toys,B0DWV6F122,6198,6198,中小候補,,,,要連絡先確認(Phase B)
Mighty Jaxx,Mighty Jaxx,1,1,51,toys,B0CX97SLHP,2729,2729,中小候補,,,,要連絡先確認(Phase B)
ZURU,Mini Brands,1,1,51,toys,B0CKH9J5WM,4654,4654,中小候補,,,,要連絡先確認(Phase B)
ROSENDAHL,Rosendahl,1,1,51,toys,B0CYKBBJSD,12800,12800,中小候補,,,,要連絡先確認(Phase B)
飛馬日本,飛馬日本,1,1,51,toys,B0CDLJ232R,2580,2580,中小候補,,,,要連絡先確認(Phase B)
coolsechs(クールゼクス),COOLSECHS,1,1,51,sports,B00KCWPVH8,15400,15400,中小候補,,,,要連絡先確認(Phase B)
Santa Cruz,SANTA CRUZ,1,1,51,sports,B08DL4JCHY,28397,28397,中小候補,,,,要連絡先確認(Phase B)
ニューエラ,NEW ERA(ニューエラ),1,1,51,sports,B0G1B7QF9P,4400,4400,中小候補,,,,要連絡先確認(Phase B)
Water Land(ウォーターランド),Water Land(ウォーターランド),1,1,51,sports,B07Y1WVBSZ,1682,1682,中小候補,,,,要連絡先確認(Phase B)
海幸,海幸,1,1,51,sports,B002OAVBUM,2193,2193,中小候補,,,,要連絡先確認(Phase B)
MTG(エムティージー),SIXPAD,1,1,51,sports,B096X7H9JB,11000,11000,中小候補,,,,要連絡先確認(Phase B)
マニューバライン,マニューバライン,1,1,51,sports,B095JFG192,1800,1800,中小候補,,,,要連絡先確認(Phase B)
Gran Walker,Gran Walker,1,1,51,sports,B0FD9MBJZL,4560,4560,中小候補,,,,要連絡先確認(Phase B)
TOAKS,TOAKS,1,1,51,sports,B00J1BV01C,1672,1672,中小候補,,,,要連絡先確認(Phase B)
A&F COUNTRY(エイアンドエフカントリー),A&F COUNTRY(エイアンドエフカントリー),1,1,51,sports,B000QW4YG8,1760,1760,中小候補,,,,要連絡先確認(Phase B)
パルミー（PALMY）,PALMY(パルミー),1,1,51,sports,B00I4O4XTS,2017,2017,中小候補,,,,要連絡先確認(Phase B)
reins(レイン),レイン(Reins),1,1,51,sports,B006IPZH5Y,1639,1639,中小候補,,,,要連絡先確認(Phase B)
モルテン(molten),モルテン(molten),1,1,51,sports,B01N76F3R6,7900,7900,中小候補,,,,要連絡先確認(Phase B)
プリムス(PRIMUS),プリムス(PRIMUS),1,1,51,sports,B09HC5W49D,15000,15000,中小候補,,,,要連絡先確認(Phase B)
タカ産業,タカ産業,1,1,51,sports,B07YQBNK8M,2152,2152,中小候補,,,,要連絡先確認(Phase B)
ダイヤゴルフ,ダイヤゴルフ(DAIYA GOLF),1,1,51,sports,B09V4QLR3K,4752,4752,中小候補,,,,要連絡先確認(Phase B)
ニッコー(NIKKO),ニッコー,1,1,51,sports,B01BIJABX2,3722,3722,中小候補,,,,要連絡先確認(Phase B)
Gamma,Gamma,1,1,51,sports,B0007R8MAQ,4980,4980,中小候補,,,,要連絡先確認(Phase B)
ウイルソン,Wilson(ウイルソン),1,1,51,sports,B0BZNYT7FV,3501,3501,中小候補,,,,要連絡先確認(Phase B)
ZAMST(ザムスト),ZAMST(ザムスト),1,1,51,sports,B007PWYBR4,2650,2650,中小候補,,,,要連絡先確認(Phase B)
PERTUAL,PERTUAL,1,1,51,sports,B0CYLRF4JB,6010,6010,中小候補,,,,要連絡先確認(Phase B)
ユニフレーム(UNIFLAME),ユニフレーム(UNIFLAME),1,1,51,sports,B001ANE228,2750,2750,中小候補,,,,要連絡先確認(Phase B)
剣道防具コム,剣道防具コム,1,1,51,sports,B0BP16QPLY,2000,2000,中小候補,,,,要連絡先確認(Phase B)
ユニワールド,ユニワールド,1,1,51,sports,B0BY8PSVLW,1951,1951,中小候補,,,,要連絡先確認(Phase B)
ウォーターランド(Water Land),ウォーターランド(Water Land),1,1,51,sports,B0BYN1WDYG,1990,1990,中小候補,,,,要連絡先確認(Phase B)
シーガー(Seaguar),Seaguar,1,1,51,sports,B0056DRDQ0,2073,2073,中小候補,,,,要連絡先確認(Phase B)
サンエイ,SANEI(サンエイ),1,1,51,diy_tools,B09JNTBLR8,7948,7948,中小候補,,,,要連絡先確認(Phase B)
コクブ(Kokubu),コクブ(Kokubu),1,1,51,diy_tools,B0BSL7KYSR,2450,2450,中小候補,,,,要連絡先確認(Phase B)
未来工業,ノーブランド品,1,1,51,diy_tools,B09V9XP3KK,13983,13983,中小候補,,,,要連絡先確認(Phase B)
株式会社マキタ(makita corporation),Makita(マキタ),1,1,51,diy_tools,B0CMBXVCCV,2043,2043,大手/著名,,,,要連絡先確認(Phase B)
グローエ,グローエ(Grohe),1,1,51,diy_tools,B07KNB4MF2,2380,2380,中小候補,,,,要連絡先確認(Phase B)
サンゲツ(Sangetsu),サンゲツ(Sangetsu),1,1,51,diy_tools,B0BFDHV5BD,4490,4490,中小候補,,,,要連絡先確認(Phase B)
ニッペホーム,ニッペホームプロダクツ,1,1,51,diy_tools,B0BFC8Z8DX,2940,2940,中小候補,,,,要連絡先確認(Phase B)
ケンユー,ケンユー,1,1,51,diy_tools,B0DZNHRMPV,5852,5852,中小候補,,,,要連絡先確認(Phase B)
能美防災,能美防災,1,1,51,diy_tools,B082S5V5KJ,8980,8980,中小候補,,,,要連絡先確認(Phase B)
共立,共立,1,1,51,diy_tools,B089K2HD75,30000,30000,中小候補,,,,要連絡先確認(Phase B)
LANGING,LANGING,1,1,51,diy_tools,B0F5B3L6X5,1599,1599,中小候補,,,,要連絡先確認(Phase B)
AINEED,AINEED,1,1,51,diy_tools,B0BRN3Q56F,3113,3113,中小候補,,,,要連絡先確認(Phase B)
ジェフコム(Jefcom),ジェフコム(Jefcom),1,1,51,diy_tools,B0FH3NVKPV,2920,2920,中小候補,,,,要連絡先確認(Phase B)
Ailunate,Ailunate,1,1,51,diy_tools,B0GN6PY275,1879,1879,中小候補,,,,要連絡先確認(Phase B)
IWISS(アイウィス),IWISS,1,1,51,diy_tools,B078WPT5M1,3380,3380,中小候補,,,,要連絡先確認(Phase B)
フジ矢(Fujiya),フジ矢(Fujiya),1,1,51,diy_tools,B07N1W45TQ,2175,2175,中小候補,,,,要連絡先確認(Phase B)
SainSmart,SainSmart,1,1,51,diy_tools,B0BHZCM216,4199,4199,中小候補,,,,要連絡先確認(Phase B)
TONHOKJ,TONHOKJ,1,1,51,diy_tools,B0FD47RHGX,1799,1799,中小候補,,,,要連絡先確認(Phase B)
KUS,KUS,1,1,51,diy_tools,B08D9BD7W5,9000,9000,中小候補,,,,要連絡先確認(Phase B)
CEAoki,CEAoki,1,1,51,diy_tools,B0CKNYNJKX,1811,1811,中小候補,,,,要連絡先確認(Phase B)
ライト精機,ライト精機,1,1,51,diy_tools,B00HL9ALIE,4870,4870,中小候補,,,,要連絡先確認(Phase B)
JITTEN,JITTEN,1,1,51,appliances,B0DQPRND24,9080,9080,中小候補,,,,要連絡先確認(Phase B)
BELEX,MiraiZakka,1,1,51,appliances,B0GFDR6S77,1650,1650,中小候補,,,,要連絡先確認(Phase B)
Trocent,Trocent,1,1,51,appliances,B0CHF9R3BJ,1570,1570,中小候補,,,,要連絡先確認(Phase B)
パナソニック株式会社,パナソニック(Panasonic),1,1,51,appliances,B07LDWX7HT,10791,10791,大手/著名,,,,要連絡先確認(Phase B)
AU,au(エーユー),1,1,51,appliances,B0CX13FSVQ,18800,18800,中小候補,,,,要連絡先確認(Phase B)
KYOCERA,京セラ(Kyocera),1,1,51,appliances,B01MYT4CR0,19980,19980,中小候補,,,,要連絡先確認(Phase B)
DIESEL FOR SUCCESSFUL LIVING,DIESEL FOR SUCCESSFUL LIVING,1,1,51,appliances,B0G6LZRR8X,8998,8998,中小候補,,,,要連絡先確認(Phase B)
Lazos(ラゾス),LAZOS,1,1,51,appliances,B01NAO0Z19,2840,2840,中小候補,,,,要連絡先確認(Phase B)
Dinghosen,Dinghosen,1,1,51,appliances,B0B3T9KZVN,4856,4856,中小候補,,,,要連絡先確認(Phase B)
LXMIMI,LXMIMI,1,1,51,appliances,B0FXFZGXTS,14288,14288,中小候補,,,,要連絡先確認(Phase B)
GODOX,GODOX,1,1,51,appliances,B0H7RR1V5W,8210,8210,中小候補,,,,要連絡先確認(Phase B)
第一電波工業株式会社,Diamond Antenna,1,1,51,appliances,B0163KP3OS,3718,3718,中小候補,,,,要連絡先確認(Phase B)
KMZ,Helios,1,1,51,appliances,B00Y2S1NE8,15900,15900,中小候補,,,,要連絡先確認(Phase B)
SLIK(スリック),SLIK,1,1,51,appliances,B008RXMK3M,4400,4400,中小候補,,,,要連絡先確認(Phase B)
CYBERGARAGE,CYBERGARAGE,1,1,51,appliances,B0BZJ3MM6J,1921,1921,中小候補,,,,要連絡先確認(Phase B)
Yimidear,Yimidear,1,1,51,appliances,B00KKIW6LI,2199,2199,中小候補,,,,要連絡先確認(Phase B)
EPSON,エプソン,1,1,51,pc,B08H1T3DFQ,2644,2644,中小候補,,,,要連絡先確認(Phase B)
BOSE(ボーズ),BOSE(ボーズ),1,1,51,pc,B0CQY2XX6D,23500,23500,中小候補,,,,要連絡先確認(Phase B)
OKIOLABS,OKIOLABS,1,1,51,pc,B0827LLG8P,13500,13500,中小候補,,,,要連絡先確認(Phase B)
COMPUTERSYSTEMS REPAIR SERVICES DATA RECOVERY,COMPUTERSYSTEMS REPAIR SERVICES DATA RECOVERY,1,1,51,pc,B0DC9C8CMX,1788,1788,中小候補,,,,要連絡先確認(Phase B)
Perixx(ペリックス),Perixx,1,1,51,pc,B007LQN8UU,4499,4499,中小候補,,,,要連絡先確認(Phase B)
TN-32JXXL ブラザー トナーカートリッジ BK,KEENKLE,1,1,51,pc,B0FG2YMSVX,3139,3139,中小候補,,,,要連絡先確認(Phase B)
ejet epson 用 インク ITH-6CL ITH イチョウ いちょう,ejet,1,1,51,pc,B08TBS8QMG,2285,2285,中小候補,,,,要連絡先確認(Phase B)
CaSZLUTION,CaSZLUTION,1,1,51,pc,B0CHXWVMFJ,1500,1500,中小候補,,,,要連絡先確認(Phase B)
SATECHI,Satechi,1,1,51,pc,B09P1FSV9Z,4400,4400,中小候補,,,,要連絡先確認(Phase B)
INTEL,インテル,1,1,51,pc,B01D3ZE0FY,23970,23970,中小候補,,,,要連絡先確認(Phase B)
MAG-LAB,HIDISC,1,1,51,pc,B01N0SHFW9,1500,1500,中小候補,,,,要連絡先確認(Phase B)
NIFBANG,NIFBANG,1,1,51,pc,B0D3LLL538,11189,11189,中小候補,,,,要連絡先確認(Phase B)
Bslemon,Bslemon,1,1,51,pc,B0GHD4RTR1,7600,7600,中小候補,,,,要連絡先確認(Phase B)
docomo,エヌテイテイドコモ,1,1,51,pc,B083W4K5RY,1550,1550,中小候補,,,,要連絡先確認(Phase B)
INVARA,INVARA,1,1,51,pc,B0G1H8YKGB,2199,2199,中小候補,,,,要連絡先確認(Phase B)
NicNik,NicNik,1,1,51,pc,B09KZ7M481,1715,1715,中小候補,,,,要連絡先確認(Phase B)
サンワダイレクト,サンワダイレクト,1,1,51,pc,B0F8MKG8WG,3880,3880,中小候補,,,,要連絡先確認(Phase B)
"‎‎‎Moment Semiconductor, Inc",LinkMore,1,1,51,pc,B0GDFPSBMD,25999,25999,中小候補,,,,要連絡先確認(Phase B)
QUUGE,QUUGE,1,1,51,pc,B0FLPKDKDV,3199,3199,中小候補,,,,要連絡先確認(Phase B)
Wacom Technology Corporation,Wacom(ワコム),1,1,51,pc,B09SVM5NTR,5417,5417,中小候補,,,,要連絡先確認(Phase B)
Baseus,Baseus,1,1,51,pc,B0CZD5MNKT,6173,6173,中小候補,,,,要連絡先確認(Phase B)
dongguanshianunaqidianzishangwuyouxiangongsi,JESWO,1,1,51,pc,B09S5M226N,7200,7200,中小候補,,,,要連絡先確認(Phase B)
Belkin,Belkin,1,1,51,pc,B07Q3HP6KQ,7000,7000,中小候補,,,,要連絡先確認(Phase B)
HumanCentric,HumanCentric,1,1,51,pc,B0717152XT,3000,3000,中小候補,,,,要連絡先確認(Phase B)
Topping,Fanmusic,1,1,51,pc,B0BTZTDVMK,13800,13800,中小候補,,,,要連絡先確認(Phase B)
丸光産業,Noble,1,1,51,baby,B09LR71WJT,1500,1500,中小候補,,,,要連絡先確認(Phase B)
Aenak,Aenak,1,1,51,baby,B0CZMJNVTN,2772,2772,中小候補,,,,要連絡先確認(Phase B)
Quintriae,Quintriae,1,1,51,baby,B0GRSSC9F6,8516,8516,中小候補,,,,要連絡先確認(Phase B)
WXZEAR,WXZEAR,1,1,51,baby,B0FD74CNND,3386,3386,中小候補,,,,要連絡先確認(Phase B)
TRENIE,TRENIE,1,1,51,baby,B0F9W16Z1H,4380,4380,中小候補,,,,要連絡先確認(Phase B)
Mayborn Group,Tommee Tippee,1,1,51,baby,B0CQMTBK9J,11159,11159,中小候補,,,,要連絡先確認(Phase B)
Vodolo,Vodolo,1,1,51,baby,B0CM2XWS52,7829,7829,中小候補,,,,要連絡先確認(Phase B)
ejapan,ejapan,1,1,51,baby,B01M7TI1EF,13180,13180,中小候補,,,,要連絡先確認(Phase B)
Dreambaby,Dreambaby(ドリームベビー),1,1,51,baby,B00AIRTNVW,4194,4194,中小候補,,,,要連絡先確認(Phase B)
フレンステッド　モビールズ,Flensted Mobiles(フレンステッドモビール),1,1,51,baby,B000OPOAAW,5390,5390,中小候補,,,,要連絡先確認(Phase B)
TOPENS,TOPENS,1,1,51,baby,B07NKQH8H3,22121,22121,中小候補,,,,要連絡先確認(Phase B)
マリンゴールド,マリンゴールド,1,1,51,baby,B084MBGJ56,3324,3324,中小候補,,,,要連絡先確認(Phase B)
HYAKUPA,YUMOA,1,1,51,baby,B08FMMT23B,2249,2249,中小候補,,,,要連絡先確認(Phase B)
P＆G,Procter & Gamble,1,1,51,baby,B0CNKF6C5P,7218,7218,中小候補,,,,要連絡先確認(Phase B)
Munchkin,Munchkin,1,1,51,baby,B0013NB70A,2413,2413,中小候補,,,,要連絡先確認(Phase B)
Kay Bojesen (カイボイスン),Kay Bojesen (カイボイスン),1,1,51,baby,B005X3E54Q,2288,2288,中小候補,,,,要連絡先確認(Phase B)
Ubbi,ubbi,1,1,51,baby,B008BJ79XS,4247,4247,中小候補,,,,要連絡先確認(Phase B)
ホップル(HOPPL),HOPPL(ホップル),1,1,51,baby,B01D12RZRY,30000,30000,中小候補,,,,要連絡先確認(Phase B)
Deinyi,Deinyi,1,1,51,baby,B0BMGMY9JW,1800,1800,中小候補,,,,要連絡先確認(Phase B)
Babyland,Squatty Potty,1,1,51,baby,B007BISCT0,6636,6636,中小候補,,,,要連絡先確認(Phase B)
Pro Goleem,Pro Goleem,1,1,51,baby,B0BLNF8G7C,7921,7921,中小候補,,,,要連絡先確認(Phase B)
コンビ,Combi,1,1,51,baby,B00UA3JFPS,2950,2950,中小候補,,,,要連絡先確認(Phase B)
BEKORE,BEKORE,1,1,51,baby,B0C3TSQV49,1869,1869,中小候補,,,,要連絡先確認(Phase B)
TALPGOD,TALPGOD,1,1,51,baby,B0DFW8Y6DF,5001,5001,中小候補,,,,要連絡先確認(Phase B)
"MasterPieces Puzzle Company, Inc",MasterPieces,1,1,51,baby,B01FNVHKJY,5377,5377,中小候補,,,,要連絡先確認(Phase B)
SphonxAi,SphonxAi,1,1,51,baby,B0DBPS8KLV,4485,4485,中小候補,,,,要連絡先確認(Phase B)
Conutoo,Conutoo,1,1,51,baby,B0FFT61CK6,4160,4160,中小候補,,,,要連絡先確認(Phase B)
キッズツージャパン(Kids II Japan),Bright Starts,1,1,51,baby,B08R5TR23X,6081,6081,中小候補,,,,要連絡先確認(Phase B)
JiAmy,JiAmy,1,1,51,baby,B07PDLCQJS,1599,1599,中小候補,,,,要連絡先確認(Phase B)
LUCKIPLUS,LUCKIPLUS,1,1,51,baby,B0C4GZLC12,8064,8064,大手/著名,,,,要連絡先確認(Phase B)
ベビーふとんの工場直送専門店 baby.e-sleep,baby.e-sleep,1,1,51,baby,B07QMK4CYJ,3520,3520,中小候補,,,,要連絡先確認(Phase B)
Handi-Craft Company,Dr. Brown's,1,1,51,baby,B08G428V6H,5103,5103,中小候補,,,,要連絡先確認(Phase B)
MEDELA,メデラ,1,1,51,baby,B012G6UERE,3722,3722,中小候補,,,,要連絡先確認(Phase B)
HOLIDYOYO,HOLIDYOYO,1,1,51,baby,B0CWRZCY3Q,1809,1809,中小候補,,,,要連絡先確認(Phase B)
MAX STITCH DESIGN,max stitch design,1,1,51,baby,B0C4JS4D63,2315,2315,中小候補,,,,要連絡先確認(Phase B)
ARG.LOS,Solgra,1,1,51,baby,B0F8DF6JWM,1616,1616,中小候補,,,,要連絡先確認(Phase B)
出産祝専用カタログギフト えらんで,出産祝専用カタログギフト えらんで,1,1,51,baby,B07D49DQG9,17160,17160,中小候補,,,,要連絡先確認(Phase B)
Generic Brands,Generic Brands,1,1,51,baby,B08DHGCB2F,6993,6993,中小候補,,,,要連絡先確認(Phase B)
ISUSSER,ISUSSER,1,1,51,baby,B0CM97NX9H,2858,2858,中小候補,,,,要連絡先確認(Phase B)
TIMDU,TIMDU,1,1,51,baby,B0FKL6BMLL,21558,21558,中小候補,,,,要連絡先確認(Phase B)
ジェクス,ChuChu,1,1,51,baby,B001TM6PT8,1680,1680,中小候補,,,,要連絡先確認(Phase B)
Bliss by Mom,Mommy's Bliss,1,1,51,baby,B0742DP4MF,5990,5990,中小候補,,,,要連絡先確認(Phase B)
EdirFtra,EdirFtra,1,1,51,baby,B0BM8GSVSM,2280,2280,中小候補,,,,要連絡先確認(Phase B)
マテル,Fisher-Price,1,1,51,baby,B01MTQPJFI,2210,2210,大手/海外疑い,,,,要連絡先確認(Phase B)
メデラ,メデラ,1,1,51,baby,B002Y2NFBI,17185,17185,中小候補,,,,要連絡先確認(Phase B)
ピップフジモト,ピップフジモト,1,1,51,baby,B005LLQSGS,3289,3289,中小候補,,,,要連絡先確認(Phase B)
Safety 1st,Safety 1st,1,1,51,baby,B00VXMXN30,5418,5418,中小候補,,,,要連絡先確認(Phase B)
シモオカ,シモオカ,1,1,51,baby,B075HRZJDL,16445,16445,中小候補,,,,要連絡先確認(Phase B)
pearhead(ペアヘッド),Pearhead,1,1,51,baby,B07F17HYJJ,5859,5859,中小候補,,,,要連絡先確認(Phase B)
Delta Enterprise Corp - PLA,Delta Children,1,1,51,baby,B07796RBL9,25307,25307,中小候補,,,,要連絡先確認(Phase B)
D&D TECHNOLOGIES,D&D Technologies,1,1,51,baby,B00J5TDVEE,21967,21967,中小候補,,,,要連絡先確認(Phase B)
デンソー(DENSO),デンソー(DENSO),1,1,51,car,B07F2Q6BMV,3440,3440,中小候補,,,,要連絡先確認(Phase B)
日本特殊陶業(NGK),日本特殊陶業(NGK),1,1,51,car,B07WT1PBZB,6130,6130,中小候補,,,,要連絡先確認(Phase B)
アルパイン(Alpine),Alpine,1,1,51,car,B07SWM39FF,29780,29780,中小候補,,,,要連絡先確認(Phase B)
ラフ&ロード(ROUGH&ROAD),ラフ&ロード(ROUGH&ROAD),1,1,51,car,B08W528CZ6,12710,12710,中小候補,,,,要連絡先確認(Phase B)
ＫＮ企画,KN-KIKAKU,1,1,51,car,B010JMZUAS,10769,10769,中小候補,,,,要連絡先確認(Phase B)
Holts(ホルツ),Holts(ホルツ),1,1,51,car,B07B29BWYV,6144,6144,中小候補,,,,要連絡先確認(Phase B)
ブレンボ(brembo),ブレンボ(brembo),1,1,51,car,B007FZY2OS,4569,4569,中小候補,,,,要連絡先確認(Phase B)
IID,IID,1,1,51,car,B08QHM21JP,14949,14949,中小候補,,,,要連絡先確認(Phase B)
キャッチハンター(Catch Hunter),キャッチハンター(Catch Hunter),1,1,51,car,B00B3OUF5W,1620,1620,中小候補,,,,要連絡先確認(Phase B)
Road Passion,Road Passion,1,1,51,car,B07C9YXGBW,1910,1910,中小候補,,,,要連絡先確認(Phase B)
精興工業(Seigoukougyou),精興工業(Seigoukougyou),1,1,51,car,B01A6P01MA,1740,1740,中小候補,,,,要連絡先確認(Phase B)
YOFAMO,YOFAMO,1,1,51,car,B0CR1DRBXH,3580,3580,中小候補,,,,要連絡先確認(Phase B)
ブレイス,ブレイス(Braith),1,1,51,car,B077JNJZ3F,1880,1880,中小候補,,,,要連絡先確認(Phase B)
MKカシヤマ（エムケーカシヤマ）,MKカシヤマ（エムケーカシヤマ）,1,1,51,car,B00Q8ID3BQ,4049,4049,中小候補,,,,要連絡先確認(Phase B)
Weiman Products Llc,Weiman,1,1,51,car,B007C5W4UK,3220,3220,中小候補,,,,要連絡先確認(Phase B)
DURO(デューロ),DURO(デューロ),1,1,51,car,B00EYT7QS2,8370,8370,中小候補,,,,要連絡先確認(Phase B)
トヨタ(Toyota),TOYOTA(トヨタ),1,1,51,car,B00FZQ0SHO,8300,8300,中小候補,,,,要連絡先確認(Phase B)
HOLACAR,HOLACAR,1,1,51,car,B0CJ6BSVTF,10607,10607,中小候補,,,,要連絡先確認(Phase B)
ARULAX,ARULAX,1,1,51,car,B0C1GD5W31,2457,2457,中小候補,,,,要連絡先確認(Phase B)
Zymol,ZYMÖL,1,1,51,car,B0058XIBEQ,16141,16141,中小候補,,,,要連絡先確認(Phase B)
Excras,Excras,1,1,51,car,B0B3QNCRSH,1909,1909,中小候補,,,,要連絡先確認(Phase B)
ロトパックス,ロトパックス(Rotopax),1,1,51,car,B08D34JB47,10630,10630,中小候補,,,,要連絡先確認(Phase B)
POG,POG,1,1,51,car,B08H23L526,2440,2440,中小候補,,,,要連絡先確認(Phase B)
CARPRO,CARPRO,1,1,51,car,B08S9SH6V4,3380,3380,中小候補,,,,要連絡先確認(Phase B)
株式会社広電,広電(KODEN),1,1,51,home_kitchen,B0BDLR68VJ,5660,5660,中小候補,,,,要連絡先確認(Phase B)
一葉一会,一葉一会,1,1,51,home_kitchen,B0FS6TQR47,2380,2380,中小候補,,,,要連絡先確認(Phase B)
ナチュメイプル,natumaple(ナチュメイプル),1,1,51,home_kitchen,B0D8ZV3FZQ,1580,1580,中小候補,,,,要連絡先確認(Phase B)
ICE,Cuisinart (クイジナート),1,1,51,home_kitchen,B0006ONQOC,26500,26500,中小候補,,,,要連絡先確認(Phase B)
りくり,りくり,1,1,51,home_kitchen,B0DHQCCWPD,4950,4950,中小候補,,,,要連絡先確認(Phase B)
チャムス(CHUMS),Chums,1,1,51,home_kitchen,B00WSHHWC2,4030,4030,中小候補,,,,要連絡先確認(Phase B)
ドウシシャ,ドウシシャ(DOSHISHA),1,1,51,home_kitchen,B08MW4LBTH,7980,7980,大手/著名,,,,要連絡先確認(Phase B)
Braun (ブラウン),Braun,1,1,51,home_kitchen,B0FXFLVDMR,15642,15642,大手/著名,,,,要連絡先確認(Phase B)
FEILER(フェイラー),FEILER,1,1,51,home_kitchen,B0D5GTD26X,1970,1970,中小候補,,,,要連絡先確認(Phase B)
村上美術株式会社,村上美術株式会社,1,1,51,home_kitchen,B09KPTVYTX,1740,1740,中小候補,,,,要連絡先確認(Phase B)
Ipetboom,Ipetboom,1,1,51,home_kitchen,B0G62JJGNT,3639,3639,中小候補,,,,要連絡先確認(Phase B)
POKALOTEA,POKALOTEA,1,1,51,home_kitchen,B0CJRMHPNR,3580,3580,中小候補,,,,要連絡先確認(Phase B)
ヴイクトリー,ヴイクトリー,1,1,51,home_kitchen,B00283QGEG,2680,2680,中小候補,,,,要連絡先確認(Phase B)
Youtei(ヨーテイ),ＹＯＵＴＥＩ（ヨーテイ）,1,1,51,home_kitchen,B07WPD78B6,1780,1780,中小候補,,,,要連絡先確認(Phase B)
シネマコレクション,アートプリントジャパン,1,1,51,home_kitchen,B000ULEJ7Y,2475,2475,中小候補,,,,要連絡先確認(Phase B)
アオト印刷,アオト印刷,1,1,51,home_kitchen,B01EJ3EYH8,1830,1830,中小候補,,,,要連絡先確認(Phase B)
MVGJ061407GL01,LAUDLIFE,1,1,51,home_kitchen,B0C9TCNSKW,18687,18687,中小候補,,,,要連絡先確認(Phase B)
Ｗarayumi,Ｗarayumi,1,1,51,home_kitchen,B0D7Z2QVJR,6970,6970,中小候補,,,,要連絡先確認(Phase B)
(ドットール・ヴラニエス)/Dr.Vranjes,DR. VRANJES,1,1,51,home_kitchen,B00P24CADO,15960,15960,中小候補,,,,要連絡先確認(Phase B)
PiccoCasa,PiccoCasa,1,1,51,home_kitchen,B0BKG3HP9D,1550,1550,大手/著名,,,,要連絡先確認(Phase B)
西川 (nishikawa),西川(Nishikawa),1,1,51,home_kitchen,B0CJXG9645,4280,4280,中小候補,,,,要連絡先確認(Phase B)
FUZHENTU,FUZHENTU,1,1,51,home_kitchen,B0FDB4MPBT,1998,1998,中小候補,,,,要連絡先確認(Phase B)
淡路梅薫堂,淡路梅薫堂,1,1,51,home_kitchen,B00QERT06I,8800,8800,中小候補,,,,要連絡先確認(Phase B)
千陶千賀,千陶千賀（SENTO SENGA）,1,1,51,home_kitchen,B07NZ4L83Z,3148,3148,中小候補,,,,要連絡先確認(Phase B)
SONGMICS,SONGMICS,1,1,51,home_kitchen,B088FJ9DBJ,3893,3893,中小候補,,,,要連絡先確認(Phase B)
小森樹脂(Komorijushi),小森樹脂(Komorijushi),1,1,51,home_kitchen,B0DV94S166,2050,2050,中小候補,,,,要連絡先確認(Phase B)
銀峯陶器（GINPO Touki）,銀峯陶器(Ginpo Touki),1,1,51,home_kitchen,B009VUZDOI,4080,4080,中小候補,,,,要連絡先確認(Phase B)
銀峯陶器(Ginpo Touki),銀峯陶器(Ginpo Touki),1,1,51,home_kitchen,B009VUZE9C,5440,5440,中小候補,,,,要連絡先確認(Phase B)
ハリオ商事,ＺＥＢＲＡＮＧ,1,1,51,home_kitchen,B0CB5TP3WJ,6600,6600,中小候補,,,,要連絡先確認(Phase B)
Starbucks(スターバックス),STARBUCKS,1,1,51,home_kitchen,B0FHGSVQC3,4900,4900,中小候補,,,,要連絡先確認(Phase B)
京仏壇はやし,京仏壇はやし,1,1,51,home_kitchen,B084WXCBKP,1595,1595,中小候補,,,,要連絡先確認(Phase B)
犬飼タオル,犬飼タオル,1,1,51,home_kitchen,B0DWM9862M,1938,1938,中小候補,,,,要連絡先確認(Phase B)
マーナ(Marna),マーナ(Marna),1,1,51,home_kitchen,B079VNB6V7,2980,2980,中小候補,,,,要連絡先確認(Phase B)
TOBOX,CUSIBOX,1,1,51,home_kitchen,B0CP5VQXV7,2700,2700,中小候補,,,,要連絡先確認(Phase B)
ののじ(nonoji),ののじ(nonoji),1,1,51,home_kitchen,B00200T6YO,1545,1545,中小候補,,,,要連絡先確認(Phase B)
mooas,Mooas,1,1,51,home_kitchen,B083W8BLMS,2680,2680,中小候補,,,,要連絡先確認(Phase B)
アシュレイ＆バーウッド,ノーブランド品,1,1,51,home_kitchen,B0GKX1PN1Y,1650,1650,中小候補,,,,要連絡先確認(Phase B)
株式会社べストチョイス,Best Choice,1,1,51,home_kitchen,B08D96GJGQ,7010,7010,中小候補,,,,要連絡先確認(Phase B)
シナジートレーディング,シナジートレーディング,1,1,51,home_kitchen,B01A8DFQ3O,8010,8010,中小候補,,,,要連絡先確認(Phase B)
YWMXDZ,Tangoowal,1,1,51,home_kitchen,B07N39SG47,1700,1700,中小候補,,,,要連絡先確認(Phase B)
高澤商店,高澤商店,1,1,51,home_kitchen,B007RKMYA0,1946,1946,中小候補,,,,要連絡先確認(Phase B)
メリタ(Melitta),メリタ(Melitta),1,1,51,home_kitchen,B086DD42CX,5980,5980,中小候補,,,,要連絡先確認(Phase B)
SIGNORMOTO,SIGNORMOTO,1,1,51,home_kitchen,B0BBZZDKTM,4825,4825,中小候補,,,,要連絡先確認(Phase B)
RUIXUAN001,RUIXUAN001,1,1,51,home_kitchen,B0H82NLB3D,1790,1790,中小候補,,,,要連絡先確認(Phase B)
misaki,misaki,1,1,51,home_kitchen,B086QBDB8K,4099,4099,中小候補,,,,要連絡先確認(Phase B)
アピックス(APIX INTL),アピックス(APIX INTL),1,1,51,home_kitchen,B0GT4SJVBQ,2420,2420,中小候補,,,,要連絡先確認(Phase B)
Alip,Alip,1,1,51,home_kitchen,B0CZ34M25F,2150,2150,中小候補,,,,要連絡先確認(Phase B)
Mersybehe,Mersybehe,1,1,51,home_kitchen,B0FQ2HW5VT,14887,14887,中小候補,,,,要連絡先確認(Phase B)
Rcuihak,Rcuihak,1,1,51,home_kitchen,B0DZP1D3Y5,7800,7800,中小候補,,,,要連絡先確認(Phase B)
HARIO(ハリオ),HARIO,1,1,51,home_kitchen,B000IGKTWK,1750,1750,中小候補,,,,要連絡先確認(Phase B)
FLENSTED MOBILES,Flensted Mobiles(フレンステッドモビール),1,1,51,home_kitchen,B0019MKBAC,21589,21589,中小候補,,,,要連絡先確認(Phase B)
Neonetics,Neonetics,1,1,51,home_kitchen,B00AYTIP7C,14000,14000,中小候補,,,,要連絡先確認(Phase B)
Kziazoi,Kziazoi,1,1,51,home_kitchen,B0CLVDTV53,2799,2799,中小候補,,,,要連絡先確認(Phase B)
スリー バイ スリー,Three by Three Seattle,1,1,51,office,B007793BXU,5000,5000,中小候補,,,,要連絡先確認(Phase B)
Xezo,Xezo,1,1,51,office,B08BNLN5YQ,14060,14060,中小候補,,,,要連絡先確認(Phase B)
DGDHDG,DGDHDG,1,1,51,office,B0CP9BN2SD,1699,1699,中小候補,,,,要連絡先確認(Phase B)
サカモト商事,サカモト商事,1,1,51,office,B09VT12V4B,18580,18580,中小候補,,,,要連絡先確認(Phase B)
菅公工業,菅公工業,1,1,51,office,B01N7VUP5S,3757,3757,中小候補,,,,要連絡先確認(Phase B)
deli,deli,1,1,51,office,B0DWM9D9M1,6921,6921,中小候補,,,,要連絡先確認(Phase B)
Sanford,Prismacolor,1,1,51,office,B003YDYO8E,4821,4821,中小候補,,,,要連絡先確認(Phase B)
日本理化学,日本理化学,1,1,51,office,B09WH6ST87,3500,3500,中小候補,,,,要連絡先確認(Phase B)
two-face,アッパレ！！,1,1,51,office,B0D6BTPHG6,1940,1940,中小候補,,,,要連絡先確認(Phase B)
日本法令,日本法令,1,1,51,office,B018WVP0YO,1825,1825,中小候補,,,,要連絡先確認(Phase B)
Permanent Marker,Sharpie,1,1,51,office,B08MBFPFCQ,1892,1892,大手/著名,,,,要連絡先確認(Phase B)
DEEFOG,DEEFOG,1,1,51,office,B0CGR4NMKW,1500,1500,中小候補,,,,要連絡先確認(Phase B)
Skelang,Skelang,1,1,51,office,B08CMJQS3J,2761,2761,中小候補,,,,要連絡先確認(Phase B)
朝日アグリア,ASAHI,1,1,51,office,B00DJ272J8,8780,8780,中小候補,,,,要連絡先確認(Phase B)
酒井化学工業,酒井化学工業,1,1,51,office,B01LWV6CMU,1534,1534,中小候補,,,,要連絡先確認(Phase B)
SATO,Sato,1,1,51,office,B007FMFW40,2550,2550,中小候補,,,,要連絡先確認(Phase B)
IKEA,Ikea,1,1,51,office,B0FH9Z4PC6,12800,12800,中小候補,,,,要連絡先確認(Phase B)
PaaGoWORKS(パーゴワークス),PaaGo WORKS（パーゴワークス）,1,1,51,office,B0B174TJS7,3110,3110,中小候補,,,,要連絡先確認(Phase B)
Furinno,Furinno,1,1,51,office,B0GVNNFJL4,24067,24067,中小候補,,,,要連絡先確認(Phase B)
アンジェ web shop,STOCKMAR,1,1,51,office,B000M02MNG,4690,4690,中小候補,,,,要連絡先確認(Phase B)
ミューズ(Muse),ミューズ(Muse),1,1,51,office,B07SVKW21N,14000,14000,中小候補,,,,要連絡先確認(Phase B)
オービックビジネスコンサルタント,オービックビジネスコンサルタント,1,1,51,office,B00367NFTM,16560,16560,中小候補,,,,要連絡先確認(Phase B)
aluminum sings,YSHMEYVB,1,1,51,office,B0G644XGCM,1699,1699,中小候補,,,,要連絡先確認(Phase B)
パイロットコーポレーション,PILOT,1,1,51,office,B008P8YX5C,1808,1808,大手/著名,,,,要連絡先確認(Phase B)
コニシ(KONISHI),コニシ(Konishi),1,1,51,office,B0BL63XW94,1918,1918,中小候補,,,,要連絡先確認(Phase B)
アーテック,ノーブランド品,1,1,51,office,B0FH8YMC6G,2080,2080,中小候補,,,,要連絡先確認(Phase B)
Uni-ball,uni-ball,1,1,51,office,B071ZHP59Y,10409,10409,中小候補,,,,要連絡先確認(Phase B)
SOTESIN,SOTESIN,1,1,51,office,B0CFF7VSHB,3270,3270,中小候補,,,,要連絡先確認(Phase B)
LAMY,LAMY,1,1,51,office,B0H1YSW19J,5209,5209,中小候補,,,,要連絡先確認(Phase B)
和気産業株式会社,和気産業(Waki Sangyo),1,1,51,office,B00G6GXUTA,1580,1580,中小候補,,,,要連絡先確認(Phase B)
マルアイ,Maruai,1,1,51,office,B01JHUABD4,2409,2409,中小候補,,,,要連絡先確認(Phase B)
IBLUELOVER,jbluelover,1,1,51,office,B0B216GT9Y,2480,2480,中小候補,,,,要連絡先確認(Phase B)
Frifreego,Frifreego,1,1,51,office,B0BZ8J4FNB,2350,2350,中小候補,,,,要連絡先確認(Phase B)
三菱鉛筆(Mitsubishi Pencil),三菱鉛筆(Mitsubishi Pencil),1,1,51,office,B0F12RLYD4,1890,1890,大手/著名,,,,要連絡先確認(Phase B)
イッケンドルフ(ICHENDORE),イッケンドルフ(ICHENDORE),1,1,51,office,B086SS59CQ,3630,3630,中小候補,,,,要連絡先確認(Phase B)
parley(パーリィー),parley(パーリィー),1,1,51,office,B0BGHVPF93,7700,7700,中小候補,,,,要連絡先確認(Phase B)
株式会社いいはんこやどっとこむ,株式会社いいはんこやどっとこむ,1,1,51,office,B001B51976,3140,3140,中小候補,,,,要連絡先確認(Phase B)
HOODANCOS,HOODANCOS,1,1,51,office,B0CPJK2WSC,1939,1939,中小候補,,,,要連絡先確認(Phase B)
Ray and Bluestone LLP,SHEAFFER,1,1,51,office,B0D97SG2GN,8355,8355,中小候補,,,,要連絡先確認(Phase B)
BOTANYA,BOTANYA,1,1,51,office,B083Q47BRK,10450,10450,中小候補,,,,要連絡先確認(Phase B)
EIZO,EIZO,1,1,51,office,B0000A410N,2280,2280,中小候補,,,,要連絡先確認(Phase B)
MAXHID,MAXHID,1,1,51,office,B0C747CBVP,3100,3100,中小候補,,,,要連絡先確認(Phase B)
We R Memory Keepers,We R Memory Keepers,1,1,51,office,B0083WUMX2,7559,7559,中小候補,,,,要連絡先確認(Phase B)
Royal Talens,SAKURA,1,1,51,office,B07J3BR84T,2765,2765,中小候補,,,,要連絡先確認(Phase B)
VYRANA,VYRANA,1,1,51,office,B0F23GNGR5,2421,2421,中小候補,,,,要連絡先確認(Phase B)
PLUS(プラス),PLUS(プラス),1,1,51,office,B075ZP5LT9,3231,3231,大手/著名,,,,要連絡先確認(Phase B)
シモジマ,シモジマ(SHIMOJIMA),1,1,51,office,B098NQRP5W,2886,2886,中小候補,,,,要連絡先確認(Phase B)
Ciieeo,Ciieeo,1,1,51,office,B0CRDGRYWQ,3302,3302,中小候補,,,,要連絡先確認(Phase B)
ビッテ,biite,1,1,51,office,B0DYNPZQRD,1650,1650,中小候補,,,,要連絡先確認(Phase B)
ベネリック,スタジオジブリ,1,1,51,office,B08HVQXF1D,3950,3950,中小候補,,,,要連絡先確認(Phase B)
ライトベスト(Write Best),WRITEBEST,1,1,51,office,B0795CMG2C,11991,11991,中小候補,,,,要連絡先確認(Phase B)
ナナクリエイト,ナナクリエイト,1,1,51,office,B01NAIO2E7,11555,11555,中小候補,,,,要連絡先確認(Phase B)
Ikea,Ikea,1,1,51,office,B0D7VYD37S,5587,5587,中小候補,,,,要連絡先確認(Phase B)
マース（ニュートロ）,ニュートロ,1,1,51,pet,B009MJ3AFW,10180,10180,中小候補,,,,要連絡先確認(Phase B)
昭和化学,ドッグラック,1,1,51,pet,B0DJLXTJTT,3898,3898,中小候補,,,,要連絡先確認(Phase B)
Y.K.エンタープライズ,アディクション(Addiction),1,1,51,pet,B09XQX9QVP,6831,6831,中小候補,,,,要連絡先確認(Phase B)
コンボ,コンボ,1,1,51,pet,B07V5RQMX5,2779,2779,中小候補,,,,要連絡先確認(Phase B)
いなば,いなば,1,1,51,pet,B07D4LVKVZ,1930,1930,中小候補,,,,要連絡先確認(Phase B)
ライトハウス,ライトハウス,1,1,51,pet,B005L2R276,3390,3390,中小候補,,,,要連絡先確認(Phase B)
LIP,LIP,1,1,51,pet,B08JYY929X,4510,4510,中小候補,,,,要連絡先確認(Phase B)
ロイヤルカナン,Eukanuba,1,1,51,pet,B07ZJ36G81,10430,10430,中小候補,,,,要連絡先確認(Phase B)
KBファーム,KBファーム,1,1,51,pet,B0BBTZ1RLK,3900,3900,中小候補,,,,要連絡先確認(Phase B)
BISSELL,Bissell,1,1,51,pet,B09MQXHJR5,4790,4790,中小候補,,,,要連絡先確認(Phase B)
森乳サンワールド,森乳サンワールド,1,1,51,pet,B071SJ5Q27,13900,13900,中小候補,,,,要連絡先確認(Phase B)
TYwm,TYwm,1,1,51,pet,B0B3JTY946,5238,5238,中小候補,,,,要連絡先確認(Phase B)
Nylabone （ナイラボーン）,Nylabone,1,1,51,pet,B01KO4A26S,1980,1980,中小候補,,,,要連絡先確認(Phase B)
Wild Bird Society of Japan(日本野鳥の会),Wild Bird Society of Japan(日本野鳥の会),1,1,51,pet,B0DJCT9WK7,6930,6930,中小候補,,,,要連絡先確認(Phase B)
LLRRYD,MTFZD,1,1,51,pet,B09VYRW7YD,2100,2100,中小候補,,,,要連絡先確認(Phase B)
"Seachem Laboratories, Inc",seachem,1,1,51,pet,B0002568S6,2868,2868,中小候補,,,,要連絡先確認(Phase B)
ゼンスイ,ゼンスイ,1,1,51,pet,B0D3PMNLNL,9820,9820,中小候補,,,,要連絡先確認(Phase B)
Zoo Med,Zoo Med,1,1,51,pet,B00A8RI8TK,3320,3320,中小候補,,,,要連絡先確認(Phase B)
ixiq,ixiq,1,1,51,pet,B09PDS9Z58,1594,1594,中小候補,,,,要連絡先確認(Phase B)
PROSPER CHOICE,プロスパーインターナショナル,1,1,51,pet,B07QSWLJMC,1899,1899,中小候補,,,,要連絡先確認(Phase B)
フォーキャンス,forcansフォーキャンス,1,1,51,pet,B01M2X5UQN,1753,1753,中小候補,,,,要連絡先確認(Phase B)
井直商事株式会社,nanowell　ナノウエル,1,1,51,pet,B0B5Q6WM1P,2293,2293,中小候補,,,,要連絡先確認(Phase B)
ＧＥＸ,ＧＥＸ,1,1,51,pet,B076C9DSN8,1950,1950,中小候補,,,,要連絡先確認(Phase B)
Charm(チャーム),charm(チャーム),1,1,51,pet,B09QB8RJDT,2280,2280,中小候補,,,,要連絡先確認(Phase B)
ルークラン,猫砂楽園,1,1,51,pet,B088Q61Y6D,4480,4480,中小候補,,,,要連絡先確認(Phase B)
ベタファーム,Vetafarm,1,1,51,pet,B01N3UJN3Y,3246,3246,中小候補,,,,要連絡先確認(Phase B)
Radio System Corporation_ラジオシステムズコーポレーション,PetSafe,1,1,51,pet,B08W3LYCT1,6676,6676,中小候補,,,,要連絡先確認(Phase B)
スピー,スピー,1,1,51,pet,B0D3QBCD85,5399,5399,中小候補,,,,要連絡先確認(Phase B)
ママクック,ママクック,1,1,51,pet,B08LQ1Z7JF,1898,1898,中小候補,,,,要連絡先確認(Phase B)
デオトイレ,デオトイレ,1,1,51,pet,B0FXRHCHGF,1580,1580,中小候補,,,,要連絡先確認(Phase B)
銀のスプーン,銀のスプーン,1,1,51,pet,B09992R4SF,2700,2700,中小候補,,,,要連絡先確認(Phase B)
ブラックウッド,ブラックウッド,1,1,51,pet,B00E9PJWLK,2530,2530,中小候補,,,,要連絡先確認(Phase B)
charm(チャーム),charm(チャーム),1,1,51,pet,B09N3GML4T,2473,2473,中小候補,,,,要連絡先確認(Phase B)
Petz Route,７ＲａｂｂｉｔＲｉｏｇｒａｎｄｅ,1,1,51,pet,B0DKS22TPZ,1948,1948,中小候補,,,,要連絡先確認(Phase B)
Bonarca,Bonarca,1,1,51,pet,B0DCHB35FF,3980,3980,中小候補,,,,要連絡先確認(Phase B)
株式会社プルフル,Benebone(ベネボーン),1,1,51,pet,B00O69O6X8,3070,3070,中小候補,,,,要連絡先確認(Phase B)
Pet Mate Limited,Cat Mate,1,1,51,pet,B001UKX484,4280,4280,中小候補,,,,要連絡先確認(Phase B)
日清ペットフード,懐石,1,1,51,pet,B07FS6Z8BX,5031,5031,中小候補,,,,要連絡先確認(Phase B)
株式会社ユニコム,ユニコム,1,1,51,pet,B07H2WKKQD,8900,8900,中小候補,,,,要連絡先確認(Phase B)
JXINLODGEG,JXINLODGEG,1,1,51,pet,B0CC2BPT49,2200,2200,中小候補,,,,要連絡先確認(Phase B)
SAQIANRE,SAQIANRE,1,1,51,pet,B0F4CQP52R,6710,6710,中小候補,,,,要連絡先確認(Phase B)
ゲームズワークショップ,Games Workshop,1,1,51,toys,B08QW34YBG,9890,9890,中小候補,,,,要連絡先確認(Phase B)
ポリエム(PolyM),ポリエム(PolyM),1,1,51,toys,B08DLMJ8PL,3480,3480,中小候補,,,,要連絡先確認(Phase B)
DFZUS,DFZUS,1,1,51,toys,B0C5RPX4GQ,4252,4252,中小候補,,,,要連絡先確認(Phase B)
Playmobil,Playmobil,1,1,51,toys,B0BX4BS51J,6359,6359,中小候補,,,,要連絡先確認(Phase B)
ニチガン,MIFFY,1,1,51,toys,B0GN7ZVSQ1,5500,5500,中小候補,,,,要連絡先確認(Phase B)
jupesa,jupesa,1,1,51,toys,B0FSF46M7C,3943,3943,中小候補,,,,要連絡先確認(Phase B)
Hasbro Gaming,Hasbro Gaming,1,1,51,toys,B09XRDWGMK,6943,6943,中小候補,,,,要連絡先確認(Phase B)
童心,童心(Doshin),1,1,51,toys,B002USFBM2,2700,2700,中小候補,,,,要連絡先確認(Phase B)
Wick Ko,バンプレスト,1,1,51,toys,B071L3QZYN,8980,8980,大手/著名,,,,要連絡先確認(Phase B)
ウィザーズ・オブ・ザ・コースト(Wizards Of The Coast),Wizards of the Coast,1,1,51,toys,B0CMW6S82Q,8400,8400,中小候補,,,,要連絡先確認(Phase B)
O.S.エンジン,OS Engines,1,1,51,toys,B0015GGQOM,1969,1969,中小候補,,,,要連絡先確認(Phase B)
Disguise Inc,Disguise,1,1,51,toys,B079MQQB7T,11389,11389,中小候補,,,,要連絡先確認(Phase B)
Madam Aria,Madam Aria,1,1,51,toys,B0C553JD6Q,3016,3016,中小候補,,,,要連絡先確認(Phase B)
Toysmith,Toysmith,1,1,51,toys,B001BX6GWG,3434,3434,中小候補,,,,要連絡先確認(Phase B)
ケンエレファント(Kenelephant),ケンエレファント(Kenelephant),1,1,51,toys,B0BQDWB9LL,2070,2070,中小候補,,,,要連絡先確認(Phase B)
P&P Imports LLC,GoSports,1,1,51,toys,B07YYZW6GL,19988,19988,中小候補,,,,要連絡先確認(Phase B)
Blokees,BLOKEES,1,1,51,toys,B0DH8MTVMR,9812,9812,中小候補,,,,要連絡先確認(Phase B)
Pokemon,ポケモン(Pokemon),1,1,51,toys,B0B6TP3C8W,1580,1580,中小候補,,,,要連絡先確認(Phase B)
中外鉱業(Chugaikogyo),中外鉱業(CHUGAIKOGYO),1,1,51,toys,B09FDWMVHQ,3500,3500,中小候補,,,,要連絡先確認(Phase B)
すとぷり,すとぷり,1,1,51,toys,B08WRJNYSV,5980,5980,中小候補,,,,要連絡先確認(Phase B)
Mkevi,Mkevi,1,1,51,toys,B0FY8PBMVK,10950,10950,中小候補,,,,要連絡先確認(Phase B)
辰巳屋,辰巳屋,1,1,51,toys,B01G7YZPKC,1599,1599,中小候補,,,,要連絡先確認(Phase B)
SUNNY BIRD,SUNNY BIRD,1,1,51,toys,B0FJS95YL5,2420,2420,中小候補,,,,要連絡先確認(Phase B)
YOLOPARK,YOLOPARK,1,1,51,toys,B0C5HX7WG3,8233,8233,中小候補,,,,要連絡先確認(Phase B)
Newtotlove,Newtotlove,1,1,51,toys,B0DJ5CHHLF,10033,10033,中小候補,,,,要連絡先確認(Phase B)
Wizards of the Coast,Magic: The Gathering,1,1,51,toys,B0FP491JBF,7767,7767,中小候補,,,,要連絡先確認(Phase B)
日本棋院,日本棋院,1,1,51,toys,B00IERT2JQ,8080,8080,中小候補,,,,要連絡先確認(Phase B)
Yttcraft,Yttcraft,1,1,51,toys,B0FGSTWGNB,2613,2613,中小候補,,,,要連絡先確認(Phase B)
Funien,Funien,1,1,51,toys,B0FZC53Z68,2909,2909,中小候補,,,,要連絡先確認(Phase B)
Jakks Pacific Inc.,Super Mario,1,1,51,toys,B0CPYF1V5W,9445,9445,中小候補,,,,要連絡先確認(Phase B)
"IQ Hong Kong, Ltd.",IQ,1,1,51,toys,B0CRSLBY3L,2550,2550,中小候補,,,,要連絡先確認(Phase B)
DRAGONBALL LEGENDS,バンプレスト,1,1,51,toys,B07SZ3GCPM,2871,2871,大手/著名,,,,要連絡先確認(Phase B)
disney,disney,1,1,51,toys,B081CKP5TM,3510,3510,中小候補,,,,要連絡先確認(Phase B)
Jada,Jada,1,1,51,toys,B0CRDDCH2T,7021,7021,中小候補,,,,要連絡先確認(Phase B)
Big Potato,Big Potato,1,1,51,toys,B07MV4NN5Z,6636,6636,中小候補,,,,要連絡先確認(Phase B)
Burnt Island Games,BURNT ISLAND,1,1,51,toys,B0DB6C3QPV,15304,15304,中小候補,,,,要連絡先確認(Phase B)
YOTO,YOTO,1,1,51,toys,B0G2MDYVT5,4948,4948,中小候補,,,,要連絡先確認(Phase B)
佐野花火店,ノーブランド品,1,1,51,toys,B0B46V5JZ3,1679,1679,中小候補,,,,要連絡先確認(Phase B)
Jumbo Group,Hitster,1,1,51,toys,B0FBGPNDPM,6324,6324,中小候補,,,,要連絡先確認(Phase B)
Unsolved Case Files,Unsolved Case Files,1,1,51,toys,B07MPCMXGR,4795,4795,中小候補,,,,要連絡先確認(Phase B)
Bandai America,Bandai Namco,1,1,51,toys,B09Y9JNG9D,3117,3117,大手/著名,,,,要連絡先確認(Phase B)
Banpresto,バンプレスト,1,1,51,toys,B0BGWVGFPK,2088,2088,大手/著名,,,,要連絡先確認(Phase B)
パポ(papo),パポ(papo),1,1,51,toys,B000NUN5YU,8580,8580,中小候補,,,,要連絡先確認(Phase B)
Ravensburger Spieleverlag,GraviTrax,1,1,51,toys,B0BSXDGRV8,3837,3837,中小候補,,,,要連絡先確認(Phase B)
ユニエンタープライズ(UNI ENTERPRISE),ユニエンタープライズ(UNI ENTERPRISE),1,1,51,toys,B08J67QY7F,3109,3109,中小候補,,,,要連絡先確認(Phase B)
Cavallini & Co.,CAVALLINI & CO.,1,1,51,toys,1639473785,7487,7487,中小候補,,,,要連絡先確認(Phase B)
Brainwright,Gamewright,1,1,51,toys,B00UB7OV7K,4100,4100,中小候補,,,,要連絡先確認(Phase B)
BANDAI,BANDAI,1,1,51,toys,B008WCQ2XW,5845,5845,大手/著名,,,,要連絡先確認(Phase B)
Piececool,Piececool,1,1,51,toys,B0DK3JF8ND,7386,7386,中小候補,,,,要連絡先確認(Phase B)
マックスファクトリー(Max Factory),マックスファクトリー(Max Factory),1,1,51,toys,B0H2FD2NSQ,7999,7999,中小候補,,,,要連絡先確認(Phase B)
QETGFV Plush,HUOZHI,1,1,51,toys,B0D4TXJM67,1831,1831,大手/著名,,,,要連絡先確認(Phase B)
Dress Up America,Dress Up America,1,1,51,toys,B08X1JKSQ8,7483,7483,中小候補,,,,要連絡先確認(Phase B)
トミーテック(TOMYTEC),トミーテック(TOMYTEC),1,1,51,toys,B0FGN2VZMQ,3087,3087,中小候補,,,,要連絡先確認(Phase B)
Just Play,Just Play,1,1,51,toys,B0CQKLRWQF,6927,6927,中小候補,,,,要連絡先確認(Phase B)
エービーシーホビー(ABC HOBBY),エービーシーホビー(ABC HOBBY),1,1,51,toys,B09M68G9FW,3860,3860,中小候補,,,,要連絡先確認(Phase B)
Born Toys,Born Toys,1,1,51,toys,B07XXCJCYC,5980,5980,中小候補,,,,要連絡先確認(Phase B)
CU-MATE,CU-MATE,1,1,51,toys,B0B7MR3CFP,14993,14993,中小候補,,,,要連絡先確認(Phase B)
MATTEL,マテル(MATTEL),1,1,51,toys,B0G28GZ2WC,9397,9397,中小候補,,,,要連絡先確認(Phase B)
Huntar Company Inc.,Popular Playthings,1,1,51,toys,B00JC5X7UE,5069,5069,中小候補,,,,要連絡先確認(Phase B)
Laurence King Pub,Laurence King Publishing,1,1,51,toys,1399600915,4388,4388,中小候補,,,,要連絡先確認(Phase B)
Dr.Kbder,Dr.Kbder,1,1,51,toys,B0C7C1YK1Q,5141,5141,中小候補,,,,要連絡先確認(Phase B)
COHEALI,COHEALI,1,1,51,toys,B0DV4156MW,1991,1991,中小候補,,,,要連絡先確認(Phase B)
VTech,VTech,1,1,51,toys,B085SC7CWT,6198,6198,中小候補,,,,要連絡先確認(Phase B)
やま屋,やま屋,1,1,51,toys,B01D48FL6M,3890,3890,中小候補,,,,要連絡先確認(Phase B)
リープフロッグ,LeapFrog,1,1,51,toys,B06Y15JC6K,8181,8181,中小候補,,,,要連絡先確認(Phase B)
Mire & Mire,Mire & Mire,1,1,51,toys,B0DNW5F5D4,8805,8805,中小候補,,,,要連絡先確認(Phase B)
PC The Purple Cow Advents,THE PURPLE COW ADVENT CALENDAR,1,1,51,toys,B0CBKTYWBR,10080,10080,中小候補,,,,要連絡先確認(Phase B)
UVS Games,UVS Games,1,1,51,toys,B0G49ZGKMW,10204,10204,中小候補,,,,要連絡先確認(Phase B)
apple house,apple house,1,1,51,toys,B0CTBYBSQ1,2900,2900,大手/著名,,,,要連絡先確認(Phase B)
Bushiroad creative,Bushiroad Creative,1,1,51,toys,B0DLH8SS7K,4078,4078,中小候補,,,,要連絡先確認(Phase B)
ジーフォース(G-Force),ジーフォース(G-Force),1,1,51,toys,B0FHZJ3XM6,2350,2350,中小候補,,,,要連絡先確認(Phase B)
Brick Loot,Brick Loot,1,1,51,toys,B07TQ37NW1,7812,7812,中小候補,,,,要連絡先確認(Phase B)
ALLWIN,Barbie,1,1,51,toys,B0B5VRM2GV,10543,10543,中小候補,,,,要連絡先確認(Phase B)
Aquarius,Aquarius,1,1,51,toys,B07QCFSLT2,4197,4197,中小候補,,,,要連絡先確認(Phase B)
MICHELIN（ミシュラン）,ミシュラン(Michelin),1,1,51,toys,B0DQW3GF1Z,21189,21189,中小候補,,,,要連絡先確認(Phase B)
Celestial Buddies,Celestial Buddies,1,1,51,toys,B005ESA9NG,7528,7528,中小候補,,,,要連絡先確認(Phase B)
ABS(アメリカンボウリングサービス),ABS(アメリカンボウリングサービス),1,1,51,sports,B0060HYKLW,2200,2200,中小候補,,,,要連絡先確認(Phase B)
qiukala,qiukala,1,1,51,sports,B0DXP8JY5F,2368,2368,中小候補,,,,要連絡先確認(Phase B)
MINTAGE ミンテージ,MINTAGE(ミンテージ),1,1,51,sports,B07DG4GQ5M,3080,3080,中小候補,,,,要連絡先確認(Phase B)
EAGLEKING,EAGLEKING,1,1,51,sports,B0G51WLXLN,17999,17999,中小候補,,,,要連絡先確認(Phase B)
K9King,K9King,1,1,51,sports,B0CX238YDH,3877,3877,中小候補,,,,要連絡先確認(Phase B)
スリーライク,仙台銘板,1,1,51,sports,B0C2GZKXVK,6800,6800,中小候補,,,,要連絡先確認(Phase B)
Versa,Versa Gripps,1,1,51,sports,B082B9C813,11250,11250,中小候補,,,,要連絡先確認(Phase B)
EvoShield,EvoShield,1,1,51,sports,B0B7XWZS9D,11915,11915,中小候補,,,,要連絡先確認(Phase B)
LECAGE,LECAGE,1,1,51,sports,B0F21DYZ12,2999,2999,中小候補,,,,要連絡先確認(Phase B)
シルバーフォックス(Silver Fox),SilverFox,1,1,51,sports,B004ZIPA9O,3500,3500,中小候補,,,,要連絡先確認(Phase B)
株式会社イトウ,イトウ,1,1,51,sports,B0D93GG33M,5880,5880,中小候補,,,,要連絡先確認(Phase B)
Titleist,タイトリスト(TITLEIST),1,1,51,sports,B09QT2BNVV,27500,27500,中小候補,,,,要連絡先確認(Phase B)
Peaty's,Peaty's,1,1,51,sports,B08KYVLJ5H,7562,7562,中小候補,,,,要連絡先確認(Phase B)
富士屋,富士屋,1,1,51,sports,B0035K41UC,2175,2175,中小候補,,,,要連絡先確認(Phase B)
YONEX(ヨネックス),YONEX(ヨネックス),1,1,51,sports,B074MQYQNT,2420,2420,中小候補,,,,要連絡先確認(Phase B)
イーストン(Easton),Easton,1,1,51,sports,B0CNR4Y3B3,18470,18470,中小候補,,,,要連絡先確認(Phase B)
オーナーばり,Owner,1,1,51,sports,B0DHMGBZ8D,4120,4120,中小候補,,,,要連絡先確認(Phase B)
Mt.SUMI,Mt.SUMI,1,1,51,sports,B0GSDX7RFS,9900,9900,中小候補,,,,要連絡先確認(Phase B)
JUNWEI,JUNWEI,1,1,51,sports,B0C7QDGVPP,1839,1839,中小候補,,,,要連絡先確認(Phase B)
ＳＬＰＷＯＲＫＳ,SLP WORKS,1,1,51,sports,B0F484QXGB,8790,8790,中小候補,,,,要連絡先確認(Phase B)
EVERNEW(エバニュー),エバニュー(EVERNEW),1,1,51,sports,B0GWHZJ1KJ,3520,3520,中小候補,,,,要連絡先確認(Phase B)
トーエイライト(TOEI LIGHT),トーエイライト(TOEI LIGHT),1,1,51,sports,B000HQVPZG,4648,4648,中小候補,,,,要連絡先確認(Phase B)
ダンロップ(DUNLOP)-Tennis,DUNLOP,1,1,51,sports,B015YUTHQ8,1761,1761,中小候補,,,,要連絡先確認(Phase B)
株式会社ニッコー,UNIMAT MARINE,1,1,51,sports,B07Z5YD727,8580,8580,中小候補,,,,要連絡先確認(Phase B)
テーラーメイド,TaylorMade,1,1,51,sports,B0D4QTMKBF,1925,1925,中小候補,,,,要連絡先確認(Phase B)
BATOT,BATOT,1,1,51,sports,B0FNRCJJQR,2899,2899,中小候補,,,,要連絡先確認(Phase B)
釣研,釣研,1,1,51,sports,B07ZR2BD3F,1908,1908,中小候補,,,,要連絡先確認(Phase B)
LEATHERMAN(レザーマン),LEATHERMAN(レザーマン),1,1,51,sports,B0142N04VK,12000,12000,中小候補,,,,要連絡先確認(Phase B)
Lixada,Lixada,1,1,51,sports,B07V6Q48GN,3400,3400,中小候補,,,,要連絡先確認(Phase B)
エクスペド,Exped,1,1,51,sports,B0GV7CTBMG,5990,5990,中小候補,,,,要連絡先確認(Phase B)
Grip-N-Rip,Grip-N-Rip,1,1,51,sports,B09B2V4G7L,6228,6228,中小候補,,,,要連絡先確認(Phase B)
エバニュー(EVERNEW),エバニュー(EVERNEW),1,1,51,sports,B0C53SQLZ9,3080,3080,中小候補,,,,要連絡先確認(Phase B)
ハタチ,HATACHI,1,1,51,sports,B09TH4FQSS,3190,3190,中小候補,,,,要連絡先確認(Phase B)
スギノエンジニアリング,スギノ(Sugino),1,1,51,sports,B00BGDVC7K,1755,1755,中小候補,,,,要連絡先確認(Phase B)
VARGO(バーゴ),Vargo,1,1,51,sports,B01MU9E5QT,5346,5346,中小候補,,,,要連絡先確認(Phase B)
キャットアイ(CAT EYE),キャットアイ(CAT EYE),1,1,51,sports,B0098TRTK8,1642,1642,中小候補,,,,要連絡先確認(Phase B)
HOKORI,GD XIUPLS,1,1,51,sports,B0H35YYC46,2728,2728,中小候補,,,,要連絡先確認(Phase B)
サギサカ(SAGISAKA),サギサカ(SAGISAKA),1,1,51,sports,B004BA5K2S,1760,1760,中小候補,,,,要連絡先確認(Phase B)
Yonex,YONEX(ヨネックス),1,1,51,sports,B00KPS8PZE,3980,3980,中小候補,,,,要連絡先確認(Phase B)
FINISH LINE,Finish Line,1,1,51,sports,B00WL0K818,3300,3300,中小候補,,,,要連絡先確認(Phase B)
Yデパートセンター55,Yデパートセンター55,1,1,51,sports,B07XX77MHH,1580,1580,中小候補,,,,要連絡先確認(Phase B)
Nalgene,Nalgene,1,1,51,sports,B0BMQWKF5X,2580,2580,中小候補,,,,要連絡先確認(Phase B)
グレンフィールド(GLEN FIELD),【Zeque】ゼクー,1,1,51,sports,B0GL6S25BR,22770,22770,中小候補,,,,要連絡先確認(Phase B)
トピーク,トピーク(TOPEAK),1,1,51,sports,B08198513H,4752,4752,中小候補,,,,要連絡先確認(Phase B)
ガル,ガル,1,1,51,sports,B089DBZRZF,6899,6899,中小候補,,,,要連絡先確認(Phase B)
JB,JB,1,1,51,sports,B0C5HCRJZT,2970,2970,中小候補,,,,要連絡先確認(Phase B)
WAHOO(ワフー),Wahoo,1,1,51,sports,B078GRMFSN,10875,10875,中小候補,,,,要連絡先確認(Phase B)
Hilander(ハイランダー),Hilander(ハイランダー),1,1,51,sports,B0FB6TKBC9,5280,5280,中小候補,,,,要連絡先確認(Phase B)
Topeak,トピーク(TOPEAK),1,1,51,sports,B0BTDH4829,2200,2200,中小候補,,,,要連絡先確認(Phase B)
ブリーフィング(BRIEFING),BRIEFING(ブリーフィング),1,1,51,sports,B0D9JNKG2X,9900,9900,中小候補,,,,要連絡先確認(Phase B)
セレクトプラザ,セレクトプラザ,1,1,51,sports,B0DJ28R7P9,1568,1568,中小候補,,,,要連絡先確認(Phase B)
ノグチ(NOGUCHI),ノグチ(NOGUCHI),1,1,51,sports,B00VWMRIGY,1596,1596,中小候補,,,,要連絡先確認(Phase B)
Ｋｅｂｎｏｒ,Ｋｅｂｎｏｒ,1,1,51,sports,B0GLMKRZQ2,2579,2579,中小候補,,,,要連絡先確認(Phase B)
ROCKBROS,ROCKBROS,1,1,51,sports,B0GVM82GJ8,1712,1712,中小候補,,,,要連絡先確認(Phase B)
ROWCES,ROWCES,1,1,51,sports,B0CDV7LFPB,3750,3750,中小候補,,,,要連絡先確認(Phase B)
ORTLIEB,Ortlieb,1,1,51,sports,B09WR887VS,17219,17219,中小候補,,,,要連絡先確認(Phase B)
オルトリーブ(ORTLIEB),Ortlieb,1,1,51,sports,B000KAYU9C,24000,24000,中小候補,,,,要連絡先確認(Phase B)
Mont-bell(モンベル),Mont-bell(モンベル),1,1,51,sports,B01EQTMASK,4650,4650,中小候補,,,,要連絡先確認(Phase B)
北斗スポーツ株式会社,UniFlame,1,1,51,sports,B0DYY4JRLD,1700,1700,中小候補,,,,要連絡先確認(Phase B)
パームス(Palms),パームス(Palms),1,1,51,sports,B0GLXCVRYF,2550,2550,中小候補,,,,要連絡先確認(Phase B)
ケルヒャー(Karcher),KÄRCHER,1,1,51,diy_tools,B001IEEYTU,1643,1643,中小候補,,,,要連絡先確認(Phase B)
Made by Milwaukee,Milwaukee,1,1,51,diy_tools,B0BSTM7FZV,15192,15192,中小候補,,,,要連絡先確認(Phase B)
GOAL,GOAL,1,1,51,diy_tools,B086G59WXH,4500,4500,中小候補,,,,要連絡先確認(Phase B)
NOTAG,NOTAG,1,1,51,diy_tools,B0C4L6Y3SQ,4499,4499,中小候補,,,,要連絡先確認(Phase B)
川口技研（Kawaguchigiken）,川口技研(Kawaguchigiken),1,1,51,diy_tools,B0B34GRY1P,1800,1800,中小候補,,,,要連絡先確認(Phase B)
鈴研,SZK,1,1,51,diy_tools,B07FD6LNWV,2372,2372,中小候補,,,,要連絡先確認(Phase B)
GROVE,GROVE,1,1,51,diy_tools,B0B2R1YFWT,2038,2038,中小候補,,,,要連絡先確認(Phase B)
VICTORINOX(ビクトリノックス),VICTORINOX(ビクトリノックス),1,1,51,diy_tools,B001U5BC7E,27224,27224,中小候補,,,,要連絡先確認(Phase B)
ピービー(Pb),PB SWISS TOOLS,1,1,51,diy_tools,B00314HEJW,7357,7357,中小候補,,,,要連絡先確認(Phase B)
SCOCCA,SCOCCA,1,1,51,diy_tools,B0CP8YVD51,7398,7398,中小候補,,,,要連絡先確認(Phase B)
アネックスツール(Anex),アネックスツール(Anex),1,1,51,diy_tools,B002BH32YQ,1523,1523,中小候補,,,,要連絡先確認(Phase B)
メテックス,エバーブライト(Everbright),1,1,51,diy_tools,B084636PTT,18900,18900,中小候補,,,,要連絡先確認(Phase B)
オリンピア照明,灯菜 Akarina,1,1,51,diy_tools,B01E3FZN9U,2400,2400,中小候補,,,,要連絡先確認(Phase B)
ラウンドアップ,ラウンドアップ,1,1,51,diy_tools,B09KBRSDST,11190,11190,中小候補,,,,要連絡先確認(Phase B)
神東工業,神東工業,1,1,51,diy_tools,B001WHJZOM,2190,2190,中小候補,,,,要連絡先確認(Phase B)
TUIYIDUO,TUIYIDUO,1,1,51,diy_tools,B0FJG72B8L,10500,10500,中小候補,,,,要連絡先確認(Phase B)
リングスター(Ring Star),リングスター(Ring Star),1,1,51,diy_tools,B07417LP8C,4000,4000,中小候補,,,,要連絡先確認(Phase B)
Seekpow,seekpow,1,1,51,diy_tools,B09G69HDNB,3280,3280,中小候補,,,,要連絡先確認(Phase B)
AIDUCHO,AIDUCHO,1,1,51,diy_tools,B0F6T48XXT,3080,3080,中小候補,,,,要連絡先確認(Phase B)
ナスタ(Nasta),ナスタ(NASTA),1,1,51,diy_tools,B06ZXQX654,1870,1870,中小候補,,,,要連絡先確認(Phase B)
オリエント商事,オリエント商事,1,1,51,diy_tools,B01CY482GI,13180,13180,中小候補,,,,要連絡先確認(Phase B)
ORIENT,オリエント商事,1,1,51,diy_tools,B01CY4897U,16980,16980,中小候補,,,,要連絡先確認(Phase B)
Jeffergarden,Jeffergarden,1,1,51,diy_tools,B09SLXVG3B,2509,2509,中小候補,,,,要連絡先確認(Phase B)
神沢鉄工,KANZAWA,1,1,51,diy_tools,B087Q44GQ4,11670,11670,中小候補,,,,要連絡先確認(Phase B)
オレゴン,Oregon,1,1,51,diy_tools,B00G1FSRMQ,8790,8790,中小候補,,,,要連絡先確認(Phase B)
イカリ消毒,イカリ消毒,1,1,51,diy_tools,B01COEEXKM,21900,21900,中小候補,,,,要連絡先確認(Phase B)
サンデーペイント（株）,サンデーペイント,1,1,51,diy_tools,B00ME62U9C,2000,2000,中小候補,,,,要連絡先確認(Phase B)
大仙,大仙,1,1,51,diy_tools,B00BEBZS9M,1778,1778,中小候補,,,,要連絡先確認(Phase B)
SPEED WOX,SPEEDWOX,1,1,51,diy_tools,B0CPYFP4M9,2229,2229,中小候補,,,,要連絡先確認(Phase B)
日本化成,日本化成,1,1,51,diy_tools,B0BT3XZXN1,7075,7075,中小候補,,,,要連絡先確認(Phase B)
(株)吉田製油所,吉田製油所,1,1,51,diy_tools,B0093DLQ2G,4526,4526,中小候補,,,,要連絡先確認(Phase B)
ツノダ(Tsunoda),ツノダ(Tsunoda),1,1,51,diy_tools,B0765RL3N3,2299,2299,中小候補,,,,要連絡先確認(Phase B)
土牛産業,土牛産業,1,1,51,diy_tools,B0C1JRVJQQ,2785,2785,中小候補,,,,要連絡先確認(Phase B)
エビス(Ebisu),エビス,1,1,51,diy_tools,B006Z4SCYQ,3104,3104,中小候補,,,,要連絡先確認(Phase B)
DERASL,DERASL,1,1,51,diy_tools,B0GCZJLJRN,4799,4799,中小候補,,,,要連絡先確認(Phase B)
Stanley Black & Decker,DEWALT(デウォルト),1,1,51,diy_tools,B0BXBMRFNN,15250,15250,中小候補,,,,要連絡先確認(Phase B)
Cyfie,CYFIE,1,1,51,diy_tools,B079JR3NRQ,4299,4299,中小候補,,,,要連絡先確認(Phase B)
ハウステック,ハウステック,1,1,51,diy_tools,B0G2LP4FB3,3590,3590,中小候補,,,,要連絡先確認(Phase B)
株式会社三洋化成,三洋化成(Sannyoukasei),1,1,51,diy_tools,B07VY9NCRB,5380,5380,中小候補,,,,要連絡先確認(Phase B)
麻場,麻場,1,1,51,diy_tools,B00N8LIGJA,9380,9380,中小候補,,,,要連絡先確認(Phase B)
ABFDE(アビエフ),ABFDE(アビエフ),1,1,51,diy_tools,B0FJB5MZCP,2250,2250,中小候補,,,,要連絡先確認(Phase B)
セフティー3(Safety-3),セフティー3(Safety-3),1,1,51,diy_tools,B0BTCQ6PMR,1658,1658,中小候補,,,,要連絡先確認(Phase B)
ビクター(VICTOR),ビクター(VICTOR),1,1,51,diy_tools,B09C8K92QN,4783,4783,中小候補,,,,要連絡先確認(Phase B)
ガオナ(Gaona),カクダイ(KAKUDAI),1,1,51,diy_tools,B0BQ17H18Z,1918,1918,中小候補,,,,要連絡先確認(Phase B)
アサヒ衛陶,アサヒ衛陶,1,1,51,diy_tools,B09N7TSH11,2980,2980,大手/著名,,,,要連絡先確認(Phase B)
大和プラ販,大和プラ販,1,1,51,diy_tools,B014P5GPMC,1550,1550,中小候補,,,,要連絡先確認(Phase B)
イチグチ,イチグチ(Ichiguchi),1,1,51,diy_tools,B006MPYYMW,1739,1739,中小候補,,,,要連絡先確認(Phase B)
ミズタニ,ミズタニ(Mizutani),1,1,51,diy_tools,B003LWXR0O,1500,1500,中小候補,,,,要連絡先確認(Phase B)
LIXIL,LIXIL,1,1,51,diy_tools,B07JQ1R4JM,3100,3100,中小候補,,,,要連絡先確認(Phase B)
坂爪製作所,坂爪製作所(Sakazume Tools),1,1,51,diy_tools,B00TTKNM5C,2730,2730,中小候補,,,,要連絡先確認(Phase B)
和信ペイント(Washi Paint),和信ペイント(Washi Paint),1,1,51,diy_tools,B07JP4W351,1858,1858,中小候補,,,,要連絡先確認(Phase B)
アズワン(AS ONE),アズワン(AS ONE),1,1,51,diy_tools,B01MRZ22OC,18418,18418,中小候補,,,,要連絡先確認(Phase B)
コンテック(Contec),コンテック(kontec),1,1,51,appliances,B00L9T10U0,3280,3280,中小候補,,,,要連絡先確認(Phase B)
Moondrop,Moondrop,1,1,51,appliances,B0G12W56BR,13700,13700,中小候補,,,,要連絡先確認(Phase B)
BaLin,BaLin,1,1,51,appliances,B07JQ7L2TS,1974,1974,中小候補,,,,要連絡先確認(Phase B)
Nexmora,Nexmora,1,1,51,appliances,B0D4YYZDD4,2590,2590,中小候補,,,,要連絡先確認(Phase B)
STARPLATINUM（液晶テレビ壁掛け専門店）,STARPLATINUM（液晶テレビ壁掛け専門店）,1,1,51,appliances,B07CGN7F97,4546,4546,中小候補,,,,要連絡先確認(Phase B)
SONY(ソニー),Sony,1,1,51,appliances,B0DFMW7D27,24800,24800,大手/著名,,,,要連絡先確認(Phase B)
URBAN ARMOR GEAR,URBAN ARMOR GEAR,1,1,51,appliances,B0CJ26JLXM,6480,6480,中小候補,,,,要連絡先確認(Phase B)
フルテック,フルテック(FURUTECH),1,1,51,appliances,B001O115RQ,10480,10480,中小候補,,,,要連絡先確認(Phase B)
ALTROSE(アルトローズ),ALTROSE(アルトローズ),1,1,51,appliances,B0GJRTSWQL,1897,1897,中小候補,,,,要連絡先確認(Phase B)
TTArtisan,TTARTISAN,1,1,51,appliances,B0BJZZHPXR,26820,26820,中小候補,,,,要連絡先確認(Phase B)
COTEetCI,COTEetCI,1,1,51,appliances,B079CFSDL1,2200,2200,中小候補,,,,要連絡先確認(Phase B)
SWFOTO,SWFOTO,1,1,51,appliances,B09JNX5D39,2180,2180,中小候補,,,,要連絡先確認(Phase B)
Maxell(マクセル),Maxell,1,1,51,appliances,B002BUW3HK,3070,3070,中小候補,,,,要連絡先確認(Phase B)
ベンキュージャパン,ベンキュージャパン,1,1,51,appliances,B00H9UHRCI,19800,19800,中小候補,,,,要連絡先確認(Phase B)
COMON,COMON(カモン),1,1,51,appliances,B0041JG8WK,2080,2080,中小候補,,,,要連絡先確認(Phase B)
LEXON (レクソン),レクソン(Lexon),1,1,51,appliances,B08CYBGP39,4620,4620,中小候補,,,,要連絡先確認(Phase B)
GRACETOP,GRACETOP,1,1,51,appliances,B07MFPFT6B,2280,2280,大手/海外疑い,,,,要連絡先確認(Phase B)
フルテック(FURUTECH),フルテック(FURUTECH),1,1,51,appliances,B00IPXPTO6,11048,11048,中小候補,,,,要連絡先確認(Phase B)
Sunature,Sunature,1,1,51,appliances,B0DF2KT7T6,1880,1880,中小候補,,,,要連絡先確認(Phase B)
VISOUL,VISOUL,1,1,51,appliances,B0BB641MDB,2587,2587,中小候補,,,,要連絡先確認(Phase B)
ホーリック(HORIC),ホーリック(HORIC),1,1,51,appliances,B0B7L58KFY,2376,2376,中小候補,,,,要連絡先確認(Phase B)
A-MIND,A-MIND,1,1,51,appliances,B0GTPJSNPS,11200,11200,中小候補,,,,要連絡先確認(Phase B)
TCL,TCL(ティーシーエル),1,1,51,appliances,B07H7XRVBL,3000,3000,中小候補,,,,要連絡先確認(Phase B)
PONAOO,PONAOO,1,1,51,appliances,B0DD3K5QS3,9245,9245,中小候補,,,,要連絡先確認(Phase B)
アイコム(ICOM),アイコム(ICOM),1,1,51,appliances,B0GSVMWMHH,9200,9200,中小候補,,,,要連絡先確認(Phase B)
"Shenzhen Sulang Technology Co., ltd",SKYEAR,1,1,51,appliances,B0CBLN13YY,4960,4960,中小候補,,,,要連絡先確認(Phase B)
Leofoto,LEOFOTO,1,1,51,appliances,B0BW71CJ7K,29900,29900,中小候補,,,,要連絡先確認(Phase B)
QCY,QCY,1,1,51,appliances,B08HCVYS49,1830,1830,中小候補,,,,要連絡先確認(Phase B)
HappyWell,HumminGuru,1,1,51,appliances,B0FZTK7DJT,24500,24500,中小候補,,,,要連絡先確認(Phase B)
Meiyoumei,Meiyoumei,1,1,51,appliances,B0GRYS68QS,1930,1930,中小候補,,,,要連絡先確認(Phase B)
ギルドデザイン(Gild Design),ギルドデザイン(Gild Design),1,1,51,appliances,B0GGPVNKHR,2380,2380,中小候補,,,,要連絡先確認(Phase B)
Rich Lighting,Rich Lighting,1,1,51,appliances,B0CRDLZ821,15980,15980,中小候補,,,,要連絡先確認(Phase B)
SOCOCO,SOCOCO,1,1,51,appliances,B0FXJY4DTV,5303,5303,中小候補,,,,要連絡先確認(Phase B)
Plcbatt,Plcbatt,1,1,51,appliances,B09Q38TX3W,1900,1900,中小候補,,,,要連絡先確認(Phase B)
Panasonic,パナソニック(Panasonic),1,1,51,appliances,B00897KN9E,1725,1725,大手/著名,,,,要連絡先確認(Phase B)
YJNJGHLD,bacion,1,1,51,appliances,B0CKVYFFF4,1599,1599,中小候補,,,,要連絡先確認(Phase B)
HOWGARI,HOWGARI,1,1,51,appliances,B0DGXM3FV1,5100,5100,中小候補,,,,要連絡先確認(Phase B)
ゼンハイザー(Sennheiser),ゼンハイザー(Sennheiser),1,1,51,appliances,B07N1YLC23,11203,11203,中小候補,,,,要連絡先確認(Phase B)
Pyle,Pyle,1,1,51,appliances,B000NJFPSK,4274,4274,中小候補,,,,要連絡先確認(Phase B)
Vrttlkkfe,Vrttlkkfe,1,1,51,appliances,B09Y358QC5,2299,2299,中小候補,,,,要連絡先確認(Phase B)
Evoest,Evoest,1,1,51,appliances,B0B5VQ47SF,3729,3729,中小候補,,,,要連絡先確認(Phase B)
ラトックシステム,ラトックシステム,1,1,51,appliances,B0H4TT1J6P,19620,19620,中小候補,,,,要連絡先確認(Phase B)
Quad Lock,QUAD LOCK,1,1,51,appliances,B0FPCJ9BMD,11728,11728,中小候補,,,,要連絡先確認(Phase B)
アルインコ,アルインコ(Alinco),1,1,51,appliances,B092252WFJ,4270,4270,中小候補,,,,要連絡先確認(Phase B)
Fintier,Fintier,1,1,51,appliances,B0FR5CLGLK,1580,1580,中小候補,,,,要連絡先確認(Phase B)
QUXIAGUM,QUXIAGUM,1,1,51,appliances,B0H8J9XPNR,2899,2899,中小候補,,,,要連絡先確認(Phase B)
NTT出版,テレホンカード,1,1,51,appliances,B09KBXMWVL,12720,12720,中小候補,,,,要連絡先確認(Phase B)
N\A,YOCOEI,1,1,51,appliances,B09DV8818F,2299,2299,中小候補,,,,要連絡先確認(Phase B)
SPENFiLY,SPENFiLY,1,1,51,appliances,B0FV7YMZ6W,1505,1505,中小候補,,,,要連絡先確認(Phase B)
Abbolinxus,Abbolinxus,1,1,51,appliances,B0CZ3GVNJV,3685,3685,中小候補,,,,要連絡先確認(Phase B)
Shenzhen Daygreen Technology Co Ltd,HOMELYLIFE,1,1,51,appliances,B09FHRSPSG,6188,6188,中小候補,,,,要連絡先確認(Phase B)
LxTek Purify for ブラザー TN-62J トナー,LxTek,1,1,51,pc,B0CV48L73G,3200,3200,中小候補,,,,要連絡先確認(Phase B)
kingspec,KingSpec,1,1,51,pc,B0G1SPMSN3,27980,27980,中小候補,,,,要連絡先確認(Phase B)
YUANTONG,YUANTONG,1,1,51,pc,B09652VH8J,3599,3599,中小候補,,,,要連絡先確認(Phase B)
Samsung,サムスン(SAMSUNG),1,1,51,pc,B09ZKV66J4,24586,24586,中小候補,,,,要連絡先確認(Phase B)
KIOXIA,KIOXIA,1,1,51,pc,B088PF7YM3,2982,2982,中小候補,,,,要連絡先確認(Phase B)
ANTEC (アンテック),ANTEC,1,1,51,pc,B0D9LLWBCB,14313,14313,中小候補,,,,要連絡先確認(Phase B)
三菱ケミカルメディア(Mitsubishi Chemical Media),三菱電機(MITSUBISHI ELECTRIC),1,1,51,pc,B0041WIWFI,1780,1780,大手/著名,,,,要連絡先確認(Phase B)
SEAGATE,シーゲイト(SEAGATE),1,1,51,pc,B01LNJBA2I,9999,9999,中小候補,,,,要連絡先確認(Phase B)
Plantronics,Plantronics,1,1,51,pc,B07CVHBKR7,12232,12232,中小候補,,,,要連絡先確認(Phase B)
Seagate,シーゲイト(SEAGATE),1,1,51,pc,B0C6TP9TCY,16784,16784,中小候補,,,,要連絡先確認(Phase B)
FUYI,Fuyi,1,1,51,pc,B0FRZYP364,1699,1699,中小候補,,,,要連絡先確認(Phase B)
Nike,NIKE(ナイキ),1,1,51,pc,B0BX6VN2QR,4380,4380,大手/著名,,,,要連絡先確認(Phase B)
JIT,JIT,1,1,51,pc,B085SW2KYB,3800,3800,大手/海外疑い,,,,要連絡先確認(Phase B)
【NSFN】,NSFN,1,1,51,pc,B0DFPPF47V,1980,1980,中小候補,,,,要連絡先確認(Phase B)
Nestink,Nestink,1,1,51,pc,B0DPFZKPHK,3999,3999,中小候補,,,,要連絡先確認(Phase B)
Gvyugke,Gvyugke,1,1,51,pc,B0FH4CGK7B,4999,4999,中小候補,,,,要連絡先確認(Phase B)
mmxo moiccimo,mmxo moiccimo,1,1,51,pc,B0CSBRFC4N,2438,2438,中小候補,,,,要連絡先確認(Phase B)
FILMEXT,FILMEXT,1,1,51,pc,B0F525BZG6,1790,1790,中小候補,,,,要連絡先確認(Phase B)
Ravensburger Verlag GmbH,Ravensburger,1,1,51,pc,B0FG2KSD7Q,3979,3979,中小候補,,,,要連絡先確認(Phase B)
プリンストン(PRINCETON),プリンストン,1,1,51,pc,B0DMZY9KM4,17341,17341,中小候補,,,,要連絡先確認(Phase B)
OKI,,1,1,51,pc,B00TJRNFFC,13700,13700,中小候補,,,,要連絡先確認(Phase B)
Uexlsz for canon 用 インク 345 ts3330 インク,Uexlsz,1,1,51,pc,B0GQ9PMD2D,3850,3850,大手/著名,,,,要連絡先確認(Phase B)
Forelsket,Forelsket,1,1,51,pc,B0FZG4M2TJ,3686,3686,中小候補,,,,要連絡先確認(Phase B)
otouch,OTOUCH,1,1,51,pc,B0FS296WMD,7683,7683,大手/海外疑い,,,,要連絡先確認(Phase B)
シルエットジャパン株式会社,Silhouette,1,1,51,pc,B0G52CFYWF,7300,7300,中小候補,,,,要連絡先確認(Phase B)
エスピーコネクト(SP Connect),エスピーコネクト(SP Connect),1,1,51,pc,B0B71ZXSJL,3500,3500,大手/著名,,,,要連絡先確認(Phase B)
Razer(レイザー),Razer(レイザー),1,1,51,pc,B0CWGTBPSB,20480,20480,中小候補,,,,要連絡先確認(Phase B)
日本HP,HP,1,1,51,pc,B017EH5UOW,7000,7000,中小候補,,,,要連絡先確認(Phase B)
KINGDATA,KINGDATA,1,1,51,pc,B094VKWGGK,9190,9190,中小候補,,,,要連絡先確認(Phase B)
CNEVISON,CNEVISON,1,1,51,pc,B0G8JPWSVD,1780,1780,中小候補,,,,要連絡先確認(Phase B)
PFU,ScanSnap,1,1,51,pc,B07QLRXD6D,4233,4233,中小候補,,,,要連絡先確認(Phase B)
WJZX(忠興部品です),WJZX(忠興部品です),1,1,51,pc,B0DMW6YV13,5900,5900,中小候補,,,,要連絡先確認(Phase B)
アーキス(Archiss),アーキス(Archiss),1,1,51,pc,B0C5LS477R,2204,2204,中小候補,,,,要連絡先確認(Phase B)
Smart Ink for Canon 280 281,Smart Ink,1,1,51,pc,B07GLQ18JR,4680,4680,大手/著名,,,,要連絡先確認(Phase B)
昭電,昭電,1,1,51,pc,B00458G674,4350,4350,中小候補,,,,要連絡先確認(Phase B)
TP-Link,TP-Link,1,1,51,pc,B07GVRJTXP,29696,29696,中小候補,,,,要連絡先確認(Phase B)
ＨＰ,HP,1,1,51,pc,B01IEG9AJS,6980,6980,中小候補,,,,要連絡先確認(Phase B)
アライドテレシス,Allied Telesis,1,1,51,pc,B07FPSZ29V,28990,28990,中小候補,,,,要連絡先確認(Phase B)
オーディオテクニカ,Audio Technica(オーディオテクニカ),1,1,51,pc,B08KDT7Y9Y,7562,7562,中小候補,,,,要連絡先確認(Phase B)
オプトエレクトロニクス,オプトエレクトロニクス,1,1,51,pc,B06XSXBFGZ,23600,23600,中小候補,,,,要連絡先確認(Phase B)
Plugable,Plugable,1,1,51,pc,B09R47RD5M,9480,9480,中小候補,,,,要連絡先確認(Phase B)
TFY,TFY,1,1,51,pc,B00MNONI4Q,6565,6565,中小候補,,,,要連絡先確認(Phase B)
"SHENZHEN GREEN GIANT ENERGY TECHNOLOGY DEVELOPMENT CO.,LTD",llano(エルラノ),1,1,51,pc,B0F1DC9FYP,12248,12248,中小候補,,,,要連絡先確認(Phase B)
バッファロー BUFFALO,バッファロー,1,1,51,pc,B08JTQW2KL,1870,1870,大手/著名,,,,要連絡先確認(Phase B)
Uexlsz of EPSON用　IB07CL4B インクカートリッジ,Uexlsz,1,1,51,pc,B0F6N894QT,1680,1680,中小候補,,,,要連絡先確認(Phase B)
ES-Tune,ES-Tune,1,1,51,pc,B06XTD2SDZ,10999,10999,中小候補,,,,要連絡先確認(Phase B)
オムロンソーシアルソリューションズ(Omron Social Solutions),Omron,1,1,51,pc,B07VYYF8NK,24090,24090,大手/著名,,,,要連絡先確認(Phase B)
LxTek Purify for ブラザー TN-29J,LxTek,1,1,51,pc,B0CZ6HM11N,4080,4080,中小候補,,,,要連絡先確認(Phase B)
Richer-R,Richer-R,1,1,51,pc,B07DB5SF74,1843,1843,中小候補,,,,要連絡先確認(Phase B)
Intel,インテル,1,1,51,pc,B0DT7CW7VR,25000,25000,中小候補,,,,要連絡先確認(Phase B)
Apevia Corp,Apevia,1,1,51,pc,B0CWN59YCZ,10809,10809,中小候補,,,,要連絡先確認(Phase B)
Lexar,Lexar,1,1,51,pc,B0C4ZWYD6Q,17120,17120,中小候補,,,,要連絡先確認(Phase B)
MAIWO,キヤノン,1,1,51,pc,B0759X6BNL,3796,3796,大手/著名,,,,要連絡先確認(Phase B)
Bumba,Bumba,1,1,51,pc,B06Y3K7T5C,1990,1990,大手/海外疑い,,,,要連絡先確認(Phase B)
ELEVIEW,ELEVIEW,1,1,51,pc,B07M5X52FJ,4495,4495,中小候補,,,,要連絡先確認(Phase B)
TURTLE BEACH(タートル ビーチ),TURTLE BEACH(タートル ビーチ),1,1,51,pc,B09VCJ2T1G,12346,12346,中小候補,,,,要連絡先確認(Phase B)
DELA,DELA,1,1,51,pc,B0F9NYLJQT,10450,10450,中小候補,,,,要連絡先確認(Phase B)
BTXETUEL,BTXETUEL,1,1,51,pc,B0C9N23GPR,3888,3888,中小候補,,,,要連絡先確認(Phase B)
Jabra,Jabra(ジャブラ),1,1,51,pc,B0BS1PT8M7,19964,19964,中小候補,,,,要連絡先確認(Phase B)
Altavida,Altavida,1,1,51,pc,B08D75PLFF,3999,3999,中小候補,,,,要連絡先確認(Phase B)
京セラ,ノーブランド品,1,1,51,pc,B08SGKWXN7,20905,20905,中小候補,,,,要連絡先確認(Phase B)
スターテック(STARTECH.COM),StarTech.com(スターテック),1,1,51,pc,B001S2PYVY,3244,3244,中小候補,,,,要連絡先確認(Phase B)
AV ACCESS,v AV Access,1,1,51,pc,B0CW2JGRN4,29999,29999,中小候補,,,,要連絡先確認(Phase B)
JJC,JJC,1,1,51,pc,B09NDJHSMQ,1699,1699,大手/海外疑い,,,,要連絡先確認(Phase B)
ATEN,ATEN,1,1,51,pc,B0D9Q9VH24,4400,4400,中小候補,,,,要連絡先確認(Phase B)
ecorica,ecorica,1,1,51,pc,B00ORJWI78,3120,3120,中小候補,,,,要連絡先確認(Phase B)
ミヤビックス,ミヤビックス,1,1,51,pc,B0B6HJH7XF,3110,3110,中小候補,,,,要連絡先確認(Phase B)
B/ue,B/ue,1,1,51,pc,B089SK1CTM,2907,2907,中小候補,,,,要連絡先確認(Phase B)
YOOWAY,JUNGLE DEER,1,1,51,pc,B07VR6W8XP,4521,4521,中小候補,,,,要連絡先確認(Phase B)
GlobalSmartJP,G GLOBALSMART,1,1,51,pc,B081Q16VX6,4490,4490,大手/海外疑い,,,,要連絡先確認(Phase B)
GEAR AID,GEAR AID,1,1,51,baby,B0CRM66TLR,8842,8842,中小候補,,,,要連絡先確認(Phase B)
WJcJ,WJcJ,1,1,51,baby,B0CN1J95ND,2600,2600,中小候補,,,,要連絡先確認(Phase B)
The Honest Company,The Honest Company,1,1,51,baby,B0D3PBGN15,13000,13000,中小候補,,,,要連絡先確認(Phase B)
イチネンケミカルズ(Ichinen Chemicals),イチネンケミカルズ(Ichinen Chemicals),1,1,51,car,B002VUVOUM,6833,6833,中小候補,,,,要連絡先確認(Phase B)
スペシャルパーツ武川,スペシャルパーツ武川 (TAKEGAWA),1,1,51,car,B0B74HM8TH,12440,12440,中小候補,,,,要連絡先確認(Phase B)
ホンダ,Honda,1,1,51,car,B07B9TB384,1538,1538,中小候補,,,,要連絡先確認(Phase B)
MAOZAO,MAOZAO,1,1,51,car,B09DV3TFDM,3414,3414,中小候補,,,,要連絡先確認(Phase B)
ONTTO,ontto,1,1,51,car,B09PV6P9V6,2650,2650,中小候補,,,,要連絡先確認(Phase B)
HYOGO PAINT,HYOGO PAINT,1,1,51,car,B0B56HS4KL,10450,10450,中小候補,,,,要連絡先確認(Phase B)
Jekylls Factory,Jekylls Factory,1,1,51,car,B0DCJG7XGP,1881,1881,中小候補,,,,要連絡先確認(Phase B)
Bruce & Shark(ブルース・サメ),Bruce & Shark(ブルース・サメ),1,1,51,car,B0B6C12TWN,1950,1950,中小候補,,,,要連絡先確認(Phase B)
UBSERV_JP,UBSERV_JP（ホンダ/ギャザズ/Gathers対応）,1,1,51,car,B00OYMDQA6,1680,1680,中小候補,,,,要連絡先確認(Phase B)
AIM,ノーブランド品,1,1,51,car,B0CL47X27G,3200,3200,中小候補,,,,要連絡先確認(Phase B)
Yolrky,Yolrky,1,1,51,car,B0C7BS24M6,2658,2658,中小候補,,,,要連絡先確認(Phase B)
ワントップ(One Top),ONETOP,1,1,51,car,B00PIAU6ZQ,3380,3380,中小候補,,,,要連絡先確認(Phase B)
A'PEXI,A'PEXI,1,1,51,car,B000RQEL7U,9700,9700,中小候補,,,,要連絡先確認(Phase B)
旭風防(AF ASAHI),旭風防（AF ASAHI）,1,1,51,car,B001UU8JJI,10879,10879,中小候補,,,,要連絡先確認(Phase B)
YUANYE,YUANYE,1,1,51,car,B08PXRR3J3,2999,2999,中小候補,,,,要連絡先確認(Phase B)
キジマ(Kijima),キジマ(Kijima),1,1,51,car,B004H8XE0O,8389,8389,中小候補,,,,要連絡先確認(Phase B)
RUIYA,RUIYA,1,1,51,car,B0BB2FPLW2,1996,1996,中小候補,,,,要連絡先確認(Phase B)
XQL,XQL,1,1,51,car,B08P8D7VWX,1980,1980,中小候補,,,,要連絡先確認(Phase B)
bszziFb,bszziFb,1,1,51,car,B0GN313SDB,4580,4580,中小候補,,,,要連絡先確認(Phase B)
カワサキ(Kawasaki),カワサキ(Kawasaki),1,1,51,car,B0711GJVGL,2280,2280,中小候補,,,,要連絡先確認(Phase B)
banapoy,banapoy,1,1,51,car,B0CXJCQKLC,2499,2499,中小候補,,,,要連絡先確認(Phase B)
Savadicar,Savadicar,1,1,51,car,B08DD1RTX2,2790,2790,中小候補,,,,要連絡先確認(Phase B)
iimono117 Bandiera,iimono117 Bandiera,1,1,51,car,B07YSDRGF9,2780,2780,中小候補,,,,要連絡先確認(Phase B)
NWB(エヌダブルビー),エヌダブルビー(Nwb),1,1,51,car,B08B5WCZLX,3301,3301,中小候補,,,,要連絡先確認(Phase B)
マンフィルター(MANN FILTER),Mann Filter,1,1,51,car,B0GDDXF5Y3,2340,2340,中小候補,,,,要連絡先確認(Phase B)
OSPARTS,OSPARTS,1,1,51,car,B00H7EN1IA,1760,1760,中小候補,,,,要連絡先確認(Phase B)
K-PARTS,K-PARTS,1,1,51,car,B0FGCP8YNZ,1650,1650,中小候補,,,,要連絡先確認(Phase B)
ABYSSE CORP SAS,ABYSTYLE,1,1,51,car,B07K9S2LPY,3217,3217,中小候補,,,,要連絡先確認(Phase B)
ブルパーツ,ブルパーツ,1,1,51,car,B0BLT2Z8PH,3480,3480,中小候補,,,,要連絡先確認(Phase B)
QIUMOXRY851,QIUMOXR,1,1,51,car,B0GQLK8RCN,7880,7880,中小候補,,,,要連絡先確認(Phase B)
MANN-FILTER,Mann Filter,1,1,51,car,B007TW88LA,2205,2205,中小候補,,,,要連絡先確認(Phase B)
DOGAIN,DOGAIN,1,1,51,car,B07DKX3NWN,2599,2599,中小候補,,,,要連絡先確認(Phase B)
G&T,GT85,1,1,51,car,B01LYF73XF,3300,3300,中小候補,,,,要連絡先確認(Phase B)
DreamMaker,ドリームメーカー(DreamMaker),1,1,51,car,B09K36S1VZ,29800,29800,中小候補,,,,要連絡先確認(Phase B)
alpinestars(アルパインスターズ),alpinestars(アルパインスターズ),1,1,51,car,B00I4O5V3U,2560,2560,中小候補,,,,要連絡先確認(Phase B)
Rebacker,HDBUBALUS,1,1,51,car,B074T9PWK7,2774,2774,中小候補,,,,要連絡先確認(Phase B)
LUCKEASY,LUCKEASY,1,1,51,car,B0FL735B5J,3665,3665,中小候補,,,,要連絡先確認(Phase B)
K&N(ケーアンドエヌ),K&N(ケーアンドエヌ),1,1,51,car,B00029WYVW,4000,4000,中小候補,,,,要連絡先確認(Phase B)
hadefa,hadefa,1,1,51,car,B0C8CFDSYS,2999,2999,中小候補,,,,要連絡先確認(Phase B)
OX VISOR (オックスバイザー),OX VISOR (オックスバイザー),1,1,51,car,B07KQCZZGF,16830,16830,中小候補,,,,要連絡先確認(Phase B)
WOWTK,WOWTK,1,1,51,car,B0CW6DBBT1,3499,3499,中小候補,,,,要連絡先確認(Phase B)
newparts-2160-bk,HELIOS,1,1,51,car,B09P3656HP,17280,17280,中小候補,,,,要連絡先確認(Phase B)
Hcilloend,Hcilloend,1,1,51,car,B0CYSGV9DM,5890,5890,中小候補,,,,要連絡先確認(Phase B)
レッドライン,Red Line,1,1,51,car,B000CPI5Z0,3783,3783,中小候補,,,,要連絡先確認(Phase B)
KOSO,KN-KIKAKU,1,1,51,car,B00IMSVXDK,4275,4275,中小候補,,,,要連絡先確認(Phase B)
ストンプグリップ,ストンプグリップ(Stompgrip),1,1,51,car,B08P6D8GZ7,12757,12757,中小候補,,,,要連絡先確認(Phase B)
N'sアーリアネット,アーリアネット(Aria-net),1,1,51,car,B00J4EPUJY,3980,3980,中小候補,,,,要連絡先確認(Phase B)
Feestars,Feestars,1,1,51,car,B0DR583KNS,3599,3599,中小候補,,,,要連絡先確認(Phase B)
TASWK,TASWK,1,1,51,car,B071XTPB77,1860,1860,中小候補,,,,要連絡先確認(Phase B)
ZSADZS,ZSADZS,1,1,51,car,B083SC9YWM,1950,1950,中小候補,,,,要連絡先確認(Phase B)
シートボックス,clasimple,1,1,51,car,B0GTNZKD3S,3400,3400,中小候補,,,,要連絡先確認(Phase B)
XIRADUP,XIRADUP,1,1,51,car,B0G5GZR411,7900,7900,中小候補,,,,要連絡先確認(Phase B)
株式会社アーリアネット,アーリアネット(Aria-net),1,1,51,car,B01MU4MVBW,2200,2200,中小候補,,,,要連絡先確認(Phase B)
"K&N Engineering, Inc.",K&N(ケーアンドエヌ),1,1,51,car,B0BVWPNSQP,10084,10084,中小候補,,,,要連絡先確認(Phase B)
AKUSESARI,AKUSESARI,1,1,51,car,B0FBGF2TL7,7780,7780,中小候補,,,,要連絡先確認(Phase B)
Kirloskar,Kirloskar,1,1,51,car,B08C9F4L5Q,1550,1550,中小候補,,,,要連絡先確認(Phase B)
BURTLE,BURTLE,1,1,51,car,B0BW8KQBKJ,2970,2970,中小候補,,,,要連絡先確認(Phase B)
LOORGVEL,LOORGVEL,1,1,51,car,B0F3VJTKZM,2899,2899,中小候補,,,,要連絡先確認(Phase B)
CARMARO,ＰＧＭＡＲＯ,1,1,51,car,B01G5NTJ34,2200,2200,中小候補,,,,要連絡先確認(Phase B)
Devilmotor,Devilmotor,1,1,51,car,B07D2C962B,2799,2799,中小候補,,,,要連絡先確認(Phase B)
M1A2,M1A2,1,1,51,car,B08TWQMVH3,1700,1700,中小候補,,,,要連絡先確認(Phase B)
ユニカス,UNIMAT MARINE,1,1,51,car,B0842NCF4P,15450,15450,中小候補,,,,要連絡先確認(Phase B)
HWYZXWJ,ノーブランド品,1,1,51,car,B0DBHMPZ47,6867,6867,中小候補,,,,要連絡先確認(Phase B)
マルト(MARUTO),MARUTO(マルト),1,1,51,car,B00841OG4S,1880,1880,中小候補,,,,要連絡先確認(Phase B)
KAGEFUNE1459,KAGEFUNE,1,1,51,car,B0FJ1GF6WG,3899,3899,中小候補,,,,要連絡先確認(Phase B)
BB＼moto boite,BB＼moto boite,1,1,51,car,B08PXQ38CL,3030,3030,中小候補,,,,要連絡先確認(Phase B)
和興オートパーツ販売,G-PARTS,1,1,51,car,B007NJ6TNS,2752,2752,中小候補,,,,要連絡先確認(Phase B)
Kurtz,Kurtz,1,1,51,car,B0H6HP9VK9,3280,3280,中小候補,,,,要連絡先確認(Phase B)
FUCHS,FUCHS,1,1,51,car,B004LLDIWG,3080,3080,中小候補,,,,要連絡先確認(Phase B)
株式会社JCコーポ,CAR SIX,1,1,51,car,B08M9MPPJX,2000,2000,中小候補,,,,要連絡先確認(Phase B)
クリーガ(Kriega),クリーガ(Kriega),1,1,51,car,B01L276WQA,28737,28737,中小候補,,,,要連絡先確認(Phase B)
Nicott(ニコット),Nicott(ニコット),1,1,51,car,B0DWML736D,1940,1940,中小候補,,,,要連絡先確認(Phase B)
ユピテル(Yupiteru),ユピテル(Yupiteru),1,1,51,car,B09X4W8NLX,12200,12200,中小候補,,,,要連絡先確認(Phase B)
YHJKOPO,YHJKOPO,1,1,51,car,B0DY66N9L4,1555,1555,中小候補,,,,要連絡先確認(Phase B)
pa-man,pa-man,1,1,51,car,B0847HLM64,2582,2582,中小候補,,,,要連絡先確認(Phase B)
ビーナス,ビーナス,1,1,51,car,B00ZI5NP54,6380,6380,中小候補,,,,要連絡先確認(Phase B)
AZ岡田商事(AZ Okada),AZ岡田商事(AZ Okada),1,1,51,car,B00KOGWLZW,2936,2936,中小候補,,,,要連絡先確認(Phase B)
LDU,LDU,1,1,51,car,B098S5Y5YX,2849,2849,中小候補,,,,要連絡先確認(Phase B)
DAINESE(ダイネーゼ),ダイネーゼ(Dainese),1,1,51,car,B0B6PWSXP1,9350,9350,中小候補,,,,要連絡先確認(Phase B)
Provo Craft & Novelty,Cricut,1,1,51,hobby,B00LJV1KYO,2058,2058,中小候補,,,,要連絡先確認(Phase B)
ruixia1,RUIXIA1,1,1,51,hobby,B0FHH16Y9D,2870,2870,中小候補,,,,要連絡先確認(Phase B)
Ultra Pro,ULTRA PRO,1,1,51,hobby,B002MAX29C,6016,6016,中小候補,,,,要連絡先確認(Phase B)
"The Pokémon Company International, Inc.",ポケモン(Pokemon),1,1,51,hobby,B0FSGHL4BP,1770,1770,中小候補,,,,要連絡先確認(Phase B)
フライホーク,フライホーク,1,1,51,hobby,B00D0VM6QM,2381,2381,中小候補,,,,要連絡先確認(Phase B)
フジミ模型(FUJIMI),フジミ模型(FUJIMI),1,1,51,hobby,B0DK124VD7,3705,3705,中小候補,,,,要連絡先確認(Phase B)
Micotaku,Micotaku,1,1,51,hobby,B0D9VYCJT2,18587,18587,中小候補,,,,要連絡先確認(Phase B)
ボーダーモデル(Border Model),ボーダーモデル(Border Model),1,1,51,hobby,B0F6T26CZD,11550,11550,中小候補,,,,要連絡先確認(Phase B)
Lurrose,Lurrose,1,1,51,hobby,B0DJ9MXT6H,2399,2399,中小候補,,,,要連絡先確認(Phase B)
トランペッター(TRUMPETER),トランペッター(TRUMPETER),1,1,51,hobby,B001PJNO9Y,3440,3440,中小候補,,,,要連絡先確認(Phase B)
フェバリット(Favorite),Favorite,1,1,51,hobby,B001BRR33I,2850,2850,中小候補,,,,要連絡先確認(Phase B)
アニゲーム(AniGame),アニゲーム(AniGame),1,1,51,hobby,B0F9XXNL97,19809,19809,中小候補,,,,要連絡先確認(Phase B)
ミホヨ(miHoYo),miHoYo,1,1,51,hobby,B0BLS7PPKZ,25675,25675,中小候補,,,,要連絡先確認(Phase B)
amt,amt,1,1,51,hobby,B0CW22S2DZ,8402,8402,中小候補,,,,要連絡先確認(Phase B)
プラ・エディションズ(Pla Editions),プラ・エディションズ(Pla Editions),1,1,51,hobby,8412903021,4350,4350,中小候補,,,,要連絡先確認(Phase B)
ハセガワ(Hasegawa),ハセガワ(Hasegawa),1,1,51,hobby,B09MS45RPV,5030,5030,中小候補,,,,要連絡先確認(Phase B)
プライム1スタジオ(Prime 1 Studio),Prime 1 Studio,1,1,51,hobby,B0BQQWJ74S,3960,3960,中小候補,,,,要連絡先確認(Phase B)
"Round2, LLC",MPC,1,1,51,hobby,B091Z9R8YQ,7662,7662,中小候補,,,,要連絡先確認(Phase B)
ホビーサクラ(Hobby Sakura),ホビーサクラ(Hobby Sakura),1,1,51,hobby,B0DTXKV3CT,19360,19360,中小候補,,,,要連絡先確認(Phase B)
LA PATCHERIA,LA PATCHERIA,1,1,51,hobby,B0937GKM85,2500,2500,中小候補,,,,要連絡先確認(Phase B)
Cyrank,Cyrank,1,1,51,hobby,B0BGG8LFM2,2120,2120,中小候補,,,,要連絡先確認(Phase B)
TRU-SPEC,Tru-Spec,1,1,51,hobby,B00H9206RO,18174,18174,中小候補,,,,要連絡先確認(Phase B)
Hlimior,Hlimior,1,1,51,hobby,B0G3GNSFHY,6378,6378,中小候補,,,,要連絡先確認(Phase B)
Atlanco,Tru-Spec,1,1,51,hobby,B00GWXN4FW,23093,23093,中小候補,,,,要連絡先確認(Phase B)
Gift,ギフト(Gift),1,1,51,hobby,B0FXHCQ34J,10800,10800,中小候補,,,,要連絡先確認(Phase B)
DYNWAVE,DYNWAVE,1,1,51,hobby,B00RLEL9N0,2660,2660,中小候補,,,,要連絡先確認(Phase B)
メガハウス,メガハウス(MegaHouse),1,1,51,hobby,B00AUB3L2S,9800,9800,中小候補,,,,要連絡先確認(Phase B)
JOYTOY,JOYTOY,1,1,51,hobby,B0FP4L1ZWP,7700,7700,中小候補,,,,要連絡先確認(Phase B)
Canson,Canson,1,1,51,hobby,B002NQ2K16,4091,4091,中小候補,,,,要連絡先確認(Phase B)
ジョイトイ(Joytoy),ジョイトイ(Joytoy),1,1,51,hobby,B0BHLP2D52,16000,16000,中小候補,,,,要連絡先確認(Phase B)
シーエスフロント(CS.FRONT),シーエスフロント(CS.FRONT),1,1,51,hobby,B0FHNZL6FF,2050,2050,中小候補,,,,要連絡先確認(Phase B)
CHEIRSS,CHEIRSS,1,1,51,hobby,B09XKDMDPC,13888,13888,中小候補,,,,要連絡先確認(Phase B)
Hercules Tactical Gear,Hercules Tactical Gear,1,1,51,hobby,B0CGJ6JYJM,9362,9362,中小候補,,,,要連絡先確認(Phase B)
イースト・エー(EAST.A),イースト・エー(EAST.A),1,1,51,hobby,B0DFPQYBKX,14891,14891,中小候補,,,,要連絡先確認(Phase B)
インターアライド(INTERALLIED),インターアライド(INTERALLIED),1,1,51,hobby,B0GK5S6BQ9,8761,8761,中小候補,,,,要連絡先確認(Phase B)
TsLlnc,TsLlnc,1,1,51,hobby,B089VNY8VR,1691,1691,中小候補,,,,要連絡先確認(Phase B)
ライフィールドモデル,ライフィールドモデル,1,1,51,hobby,B0G37L4DLM,13049,13049,中小候補,,,,要連絡先確認(Phase B)
ホビージャパン(HobbyJAPAN),ホビージャパン(HobbyJAPAN),1,1,51,hobby,B0G4C18S1D,4265,4265,中小候補,,,,要連絡先確認(Phase B)
Cunno,Cunno,1,1,51,hobby,B0CH8C5G7V,1562,1562,中小候補,,,,要連絡先確認(Phase B)
ラーバルマスク,ラーバルマスク,1,1,51,hobby,B09CTTZHYF,1591,1591,中小候補,,,,要連絡先確認(Phase B)
Young Modeler,YOUNGMODELER,1,1,51,hobby,B00MGBKZJW,4980,4980,中小候補,,,,要連絡先確認(Phase B)
HK Army,HK Army,1,1,51,hobby,B00JWVENPQ,9808,9808,中小候補,,,,要連絡先確認(Phase B)
MPC,MPC,1,1,51,hobby,B07SCKSRGF,8853,8853,中小候補,,,,要連絡先確認(Phase B)
MotiMind,MotiMind,1,1,51,hobby,B0DZH3NRWL,3383,3383,中小候補,,,,要連絡先確認(Phase B)
OPO 10,OPO 10,1,1,51,hobby,B0FM8F6RK9,7736,7736,中小候補,,,,要連絡先確認(Phase B)
YUPON,YUPON,1,1,51,instruments,B081ST7Y2H,22465,22465,中小候補,,,,要連絡先確認(Phase B)
DW,Drum Workshop,1,1,51,instruments,B0CJVN2VM3,24200,24200,中小候補,,,,要連絡先確認(Phase B)
鈴木楽器製作所(suzuki gakki seisakusyo),スズキ(Suzuki),1,1,51,instruments,B0014N26D6,4000,4000,中小候補,,,,要連絡先確認(Phase B)
Levy's Leathers Ltd.,Levy'sLeathers,1,1,51,instruments,B000XPRT4M,17703,17703,中小候補,,,,要連絡先確認(Phase B)
Levy's Leathers,Levy'sLeathers,1,1,51,instruments,B00L5JFX7K,16527,16527,中小候補,,,,要連絡先確認(Phase B)
CANARE,CANARE,1,1,51,instruments,B00341ZPRU,3498,3498,中小候補,,,,要連絡先確認(Phase B)
WHIPIN,WHIPIN,1,1,51,instruments,B0FHF26JP8,7532,7532,中小候補,,,,要連絡先確認(Phase B)
SNAREWEIGHT,SNAREWEIGHT,1,1,51,instruments,B07GN7MTQR,10076,10076,中小候補,,,,要連絡先確認(Phase B)
JOYO,JOYO,1,1,51,instruments,B0092BQMXM,6480,6480,中小候補,,,,要連絡先確認(Phase B)
ViCFIRTH,VIC FIRTH,1,1,51,instruments,B01MTFOO10,2750,2750,中小候補,,,,要連絡先確認(Phase B)
iremono,iremono,1,1,51,instruments,B08KXWSPT1,9900,9900,中小候補,,,,要連絡先確認(Phase B)
Stravilio,Stravilio,1,1,51,instruments,B004IJE6PO,7013,7013,中小候補,,,,要連絡先確認(Phase B)
キョーリツコーポレーション(Kyoritsu Corporation),KC(ケーシー),1,1,51,instruments,B09FG8RC4K,3520,3520,中小候補,,,,要連絡先確認(Phase B)
B Blesiya,B Blesiya,1,1,51,instruments,B07HFJGKGR,2557,2557,中小候補,,,,要連絡先確認(Phase B)
LiveLine（ライブライン）,LIVE LINE,1,1,51,instruments,B0BPXB72VL,4180,4180,中小候補,,,,要連絡先確認(Phase B)
AUGHOA,AUGHOA,1,1,51,instruments,B0DPHRS3TH,1938,1938,中小候補,,,,要連絡先確認(Phase B)
W.E.Hill&Sons (WEHIM),W. E. Hill & Sons,1,1,51,instruments,B003P15H22,1720,1720,中小候補,,,,要連絡先確認(Phase B)
ヤマハ(Yamaha),ヤマハ(YAMAHA),1,1,51,instruments,B00IJ49E4W,6550,6550,大手/著名,,,,要連絡先確認(Phase B)
CLASSIC PRO,CLASSIC PRO,1,1,51,instruments,B017D5EEVK,12798,12798,中小候補,,,,要連絡先確認(Phase B)
Alrhso,Alrhso,1,1,51,instruments,B0G25NJH88,2400,2400,中小候補,,,,要連絡先確認(Phase B)
WDKTE,,1,1,51,instruments,B0C7K1DXCL,1600,1600,中小候補,,,,要連絡先確認(Phase B)
KMC Music Inc,Gibraltar,1,1,51,instruments,B000EEL736,6047,6047,中小候補,,,,要連絡先確認(Phase B)
Bermoni,Bermoni,1,1,51,instruments,B013GD9PLM,9312,9312,中小候補,,,,要連絡先確認(Phase B)
John Pearse,ジョンピアス(John Pearse),1,1,51,instruments,B016PHMBSU,10162,10162,中小候補,,,,要連絡先確認(Phase B)
HDYNUZ,HDYNUZ,1,1,51,instruments,B0B9YGFHGB,18000,18000,中小候補,,,,要連絡先確認(Phase B)
SONONIA,SONONIA,1,1,51,instruments,B078C7SVPX,1860,1860,中小候補,,,,要連絡先確認(Phase B)
KNA,KNA,1,1,51,instruments,B01NCHMZLS,11248,11248,中小候補,,,,要連絡先確認(Phase B)
Serato,Serato,1,1,51,instruments,B07HHLBPTR,10442,10442,中小候補,,,,要連絡先確認(Phase B)
Hkfgdjdl,Hkfgdjdl,1,1,51,instruments,B0GMN3GML9,3742,3742,中小候補,,,,要連絡先確認(Phase B)
Waymall,Waymall,1,1,51,instruments,B078818Z6J,17300,17300,中小候補,,,,要連絡先確認(Phase B)
Walfront,Walfront,1,1,51,instruments,B08JPLZPKF,1709,1709,中小候補,,,,要連絡先確認(Phase B)
ゼンオン,ゼンオン(ZENON),1,1,51,instruments,B004BS2Z1O,13800,13800,中小候補,,,,要連絡先確認(Phase B)
OnStageStands,OnStage,1,1,51,instruments,B07NC5CYY4,2400,2400,中小候補,,,,要連絡先確認(Phase B)
セルマー・パリ,SELMER,1,1,51,instruments,B00D82XK2C,7722,7722,中小候補,,,,要連絡先確認(Phase B)
Wilkinson,Musiclily,1,1,51,instruments,B083ZVFHPN,3896,3896,中小候補,,,,要連絡先確認(Phase B)
Protec,ProTec,1,1,51,instruments,B0CXGPC9WB,7040,7040,中小候補,,,,要連絡先確認(Phase B)
ABOOFAN,ABOOFAN,1,1,51,instruments,B0C83J5L2T,1817,1817,中小候補,,,,要連絡先確認(Phase B)
ROCKBOARD by Warwick,ROCKBOARD by Warwick,1,1,51,instruments,B079H2LLV3,16500,16500,中小候補,,,,要連絡先確認(Phase B)
VATER,VATER,1,1,51,instruments,B000K67UR0,2423,2423,中小候補,,,,要連絡先確認(Phase B)
HUMES & BELG,Humes & Berg,1,1,51,instruments,B0002DV8BU,10574,10574,中小候補,,,,要連絡先確認(Phase B)
ジルジャン,Zildjian(ジルジャン),1,1,51,instruments,B09HJKYGCL,4356,4356,中小候補,,,,要連絡先確認(Phase B)
URSA Straps,URSA Straps,1,1,51,instruments,B0CZS6RZFN,6470,6470,中小候補,,,,要連絡先確認(Phase B)
ESP,ESP,1,1,51,instruments,B0026REKGK,9996,9996,中小候補,,,,要連絡先確認(Phase B)
バンドーレン　Vandoren,バンドーレン(VANDOREN),1,1,51,instruments,B01ID9I6U0,23898,23898,中小候補,,,,要連絡先確認(Phase B)
Atyhao,Atyhao,1,1,51,instruments,B0BJ6FJS8D,2782,2782,中小候補,,,,要連絡先確認(Phase B)
PAISTE,PAISTE,1,1,51,instruments,B00J4XZZV8,20076,20076,中小候補,,,,要連絡先確認(Phase B)
XIYOU,Amerbtech,1,1,51,instruments,B0CWGNNQ31,1819,1819,大手/海外疑い,,,,要連絡先確認(Phase B)
A.SELMER,Montreux,1,1,51,instruments,B0002F7CS6,6201,6201,中小候補,,,,要連絡先確認(Phase B)
オーガスティン,オーガスティン,1,1,51,instruments,B009FTVZWE,3820,3820,中小候補,,,,要連絡先確認(Phase B)
LOXX,Loxx,1,1,51,instruments,B09QKPTWMF,2805,2805,中小候補,,,,要連絡先確認(Phase B)
NEEWER,NEEWER,1,1,51,instruments,B0GL7X8NNR,4759,4759,中小候補,,,,要連絡先確認(Phase B)
Nektar,Nektar Technology,1,1,51,instruments,B09CLKBXS4,15509,15509,中小候補,,,,要連絡先確認(Phase B)
キクタニミュージック,キクタニ,1,1,51,instruments,B0BPN5ZT38,15000,15000,中小候補,,,,要連絡先確認(Phase B)
クワトロ弦楽器,クワトロ弦楽器,1,1,51,instruments,B08CT969L3,5340,5340,中小候補,,,,要連絡先確認(Phase B)
Providence,Providence,1,1,51,instruments,B000WLY7EC,5500,5500,中小候補,,,,要連絡先確認(Phase B)
PLAY WOOD,PLAYWOOD,1,1,51,instruments,B00KD2P7V2,17700,17700,中小候補,,,,要連絡先確認(Phase B)
(株)ソニー・ミュージックダイレクト,SONY MUSIC,1,1,51,instruments,B00GTCDNI4,10382,10382,大手/著名,,,,要連絡先確認(Phase B)
Musiin,Musiin,1,1,51,instruments,B0F5HCQ9Q6,5199,5199,中小候補,,,,要連絡先確認(Phase B)
Pafexikuto,MKF,1,1,51,instruments,B08XX7ND36,7098,7098,中小候補,,,,要連絡先確認(Phase B)
PICKBOY,PICKBOY,1,1,51,instruments,B007XAHVE8,1729,1729,中小候補,,,,要連絡先確認(Phase B)
ウィットナー,Editions Henry Lemoine,1,1,51,instruments,B000ZGDWA4,5202,5202,中小候補,,,,要連絡先確認(Phase B)
Ernie Ball,Ernie Ball,1,1,51,instruments,B00LF5PMOI,6600,6600,中小候補,,,,要連絡先確認(Phase B)
Neotech,Neotech,1,1,51,instruments,B007CXCMA4,8900,8900,中小候補,,,,要連絡先確認(Phase B)
electro-harmonix,Electro-Harmonix,1,1,51,instruments,B073SLXHHD,27700,27700,中小候補,,,,要連絡先確認(Phase B)
JVC ビクター,JVCケンウッド,1,1,51,instruments,B00BICNO34,10000,10000,中小候補,,,,要連絡先確認(Phase B)
ピラストロ(Pirastro),Pirastro,1,1,51,instruments,B01MFC2AYL,18300,18300,中小候補,,,,要連絡先確認(Phase B)
センター商事,CICONIA,1,1,51,instruments,B0C1Z5L197,11800,11800,中小候補,,,,要連絡先確認(Phase B)
Hilitand,Hilitand,1,1,51,instruments,B0BDS2C3LV,3300,3300,中小候補,,,,要連絡先確認(Phase B)
L LTGEM,L LTGEM,1,1,51,instruments,B0DQTHF7SK,7782,7782,中小候補,,,,要連絡先確認(Phase B)
Btuty,Btuty,1,1,51,instruments,B0DLWMP465,3729,3729,中小候補,,,,要連絡先確認(Phase B)
shingon.shop,shingon.shop,1,1,51,instruments,B0C2HYDVHX,23400,23400,中小候補,,,,要連絡先確認(Phase B)
CoolGift Mart,CoolGift Mart,1,1,51,instruments,B0CYBL3GRX,13713,13713,中小候補,,,,要連絡先確認(Phase B)
マレテック(Malletech),マレテック(Malletech),1,1,51,instruments,B07CGB4S77,12027,12027,中小候補,,,,要連絡先確認(Phase B)
荒井貿易,Aria,1,1,51,instruments,B006RD6T0E,29800,29800,中小候補,,,,要連絡先確認(Phase B)
NUX,NUX,1,1,51,instruments,B0F9WLZZSJ,11480,11480,中小候補,,,,要連絡先確認(Phase B)
AHEAD,Ahead,1,1,51,instruments,B078YCTBDG,9795,9795,中小候補,,,,要連絡先確認(Phase B)
RODE,RODE,1,1,51,instruments,B0CZM9CLP1,10755,10755,中小候補,,,,要連絡先確認(Phase B)
ブレステイキング,breathtaking,1,1,51,instruments,B0F927L243,22440,22440,中小候補,,,,要連絡先確認(Phase B)
DiMarzio,DiMarzio,1,1,51,instruments,B0064S4OYA,17498,17498,中小候補,,,,要連絡先確認(Phase B)
ibasenice,ibasenice,1,1,51,instruments,B0F6PG45GX,2739,2739,中小候補,,,,要連絡先確認(Phase B)
キクタニ(Kikutani),DR Strings,1,1,51,instruments,B0043UVY30,2400,2400,中小候補,,,,要連絡先確認(Phase B)
TOPROAD SENDAI,TOPROAD SENDAI,1,1,51,instruments,B0CZXWCPP3,1680,1680,中小候補,,,,要連絡先確認(Phase B)
"Vingo Musical Instruments Co., Ltd.",VINGOBOW,1,1,51,instruments,B00JM93JSU,9495,9495,中小候補,,,,要連絡先確認(Phase B)
Thomastik-Infeld,Thomastik-Infeld,1,1,51,instruments,B000R11BIW,2950,2950,中小候補,,,,要連絡先確認(Phase B)
Innovative Percussion,Innovative Percussion,1,1,51,instruments,B082P4BZ27,9152,9152,中小候補,,,,要連絡先確認(Phase B)
YCSTE,YCSTE,1,1,51,instruments,B09H4PPV1S,8200,8200,中小候補,,,,要連絡先確認(Phase B)
MASTER8,MASTER8,1,1,51,instruments,B01HHQXAOM,1650,1650,中小候補,,,,要連絡先確認(Phase B)
SONICAKE,SONICAKE,1,1,51,instruments,B07WJLCHG4,15400,15400,中小候補,,,,要連絡先確認(Phase B)
a-lucklife,a-lucklife,1,1,51,instruments,B0C6K94N9B,2290,2290,中小候補,,,,要連絡先確認(Phase B)
ART,ART,1,1,51,instruments,B00VWT6K0C,11968,11968,中小候補,,,,要連絡先確認(Phase B)
アウリス (AURIS),アウリス (AURIS),1,1,51,instruments,B008YCOFD4,22000,22000,中小候補,,,,要連絡先確認(Phase B)
Walrus Audio,Walrus Audio,1,1,51,instruments,B0F8JJSLNX,18700,18700,中小候補,,,,要連絡先確認(Phase B)
MMCJIES,WXZX,1,1,51,instruments,B0BKQ4B3J2,10500,10500,中小候補,,,,要連絡先確認(Phase B)
MUSIC Tribe,Behringer（ベリンガー）,1,1,51,instruments,B06XHQ12HL,13800,13800,中小候補,,,,要連絡先確認(Phase B)
PreSonus,PreSonus,1,1,51,instruments,B00B5L2B46,13956,13956,中小候補,,,,要連絡先確認(Phase B)
DR Strings,DR Strings,1,1,51,instruments,B001AWWN9I,8731,8731,中小候補,,,,要連絡先確認(Phase B)
DOREMiDi,DOREMiDi,1,1,51,instruments,B0BZC9VHFH,16800,16800,中小候補,,,,要連絡先確認(Phase B)
Karma Direct,SUNMON,1,1,51,instruments,B07YD48X3Z,3280,3280,中小候補,,,,要連絡先確認(Phase B)
VBESTLIFE,Vbestlife,1,1,51,instruments,B0D18NYMNJ,1801,1801,中小候補,,,,要連絡先確認(Phase B)
CME,シーエムイー(CME),1,1,51,instruments,B09MK33RV9,7790,7790,中小候補,,,,要連絡先確認(Phase B)
富士倉,富士倉,1,1,51,industrial,B0F8H9KPT7,12900,12900,中小候補,,,,要連絡先確認(Phase B)
アーステック,アーステック,1,1,51,industrial,B00LIX1P66,7100,7100,中小候補,,,,要連絡先確認(Phase B)
FILWY,FILWY,1,1,51,industrial,B0G28X9SK3,4383,4383,中小候補,,,,要連絡先確認(Phase B)
HMデジタル,HM Digital,1,1,51,industrial,B007KDYOMU,3300,3300,中小候補,,,,要連絡先確認(Phase B)
CoCud,CoCud,1,1,51,industrial,B0CG69YMRQ,1511,1511,中小候補,,,,要連絡先確認(Phase B)
グリーンクロス(Greencross),グリーンクロス(Greencross),1,1,51,industrial,B003QMI1KU,4260,4260,中小候補,,,,要連絡先確認(Phase B)
ジェントス(GENTOS),GENTOS(ジェントス),1,1,51,industrial,B0FKLYL2JK,7600,7600,中小候補,,,,要連絡先確認(Phase B)
リンレイ(Rinrei),リンレイ,1,1,51,industrial,B00QLY2CO6,12040,12040,中小候補,,,,要連絡先確認(Phase B)
ASHATA,ASHATA,1,1,51,industrial,B07X9M86C7,14129,14129,中小候補,,,,要連絡先確認(Phase B)
セメダイン(Cemedine),セメダイン(Cemedine),1,1,51,industrial,B00476LBDI,3280,3280,中小候補,,,,要連絡先確認(Phase B)
Sharainn,Sharainn,1,1,51,industrial,B09X4Q14QJ,2400,2400,中小候補,,,,要連絡先確認(Phase B)
ユーホーニイタカ,ユーホーニイタカ,1,1,51,industrial,B0764VK8CD,1809,1809,中小候補,,,,要連絡先確認(Phase B)
馬印(Umajirushi),馬印,1,1,51,industrial,B003CFC49U,6240,6240,中小候補,,,,要連絡先確認(Phase B)
ウェルチ・アレン,Welch Allyn,1,1,51,industrial,B01J9EXC84,10135,10135,中小候補,,,,要連絡先確認(Phase B)
アルインコ(ALINCO),アルインコ(Alinco),1,1,51,industrial,B09HRW158G,28470,28470,中小候補,,,,要連絡先確認(Phase B)
Vibrant Yard Company,Mess Stopper,1,1,51,industrial,B08R97W7W6,4133,4133,中小候補,,,,要連絡先確認(Phase B)
エー・アンド・デイ(A&D),エー・アンド・デイ(A&D),1,1,51,industrial,B00I7GQVMK,23100,23100,中小候補,,,,要連絡先確認(Phase B)
Taitus,Taitus,1,1,51,industrial,B0CRGN6F19,6727,6727,中小候補,,,,要連絡先確認(Phase B)
CALLARON,CALLARON,1,1,51,industrial,B0GCB17Q74,1880,1880,中小候補,,,,要連絡先確認(Phase B)
Ailsa Hexi,Ailsa Hexi,1,1,51,industrial,B0DRYFHNRH,3233,3233,中小候補,,,,要連絡先確認(Phase B)
アサダ,アサダ,1,1,51,industrial,B07B5V9YLB,16990,16990,中小候補,,,,要連絡先確認(Phase B)
シーピー化成(CP Chemical),シーピー化成(CP Chemical),1,1,51,industrial,B07DJ5XTNJ,1529,1529,中小候補,,,,要連絡先確認(Phase B)
瑞穂化成工業,瑞穂化成工業(MIZUHOKASEI),1,1,51,industrial,B002P8UCAI,7474,7474,中小候補,,,,要連絡先確認(Phase B)
Adorainbow,Adorainbow,1,1,51,industrial,B0GXZJ6P25,1823,1823,中小候補,,,,要連絡先確認(Phase B)
(株)ミツギロン,ミツギロン(Mitsugiron),1,1,51,industrial,B0BR78HJSY,10493,10493,中小候補,,,,要連絡先確認(Phase B)
Kaity Office,logyues,1,1,51,industrial,B07YWS6LVY,2599,2599,大手/著名,,,,要連絡先確認(Phase B)
TANIDA,TANIDA,1,1,51,industrial,B0CPC3D98V,2300,2300,中小候補,,,,要連絡先確認(Phase B)
CITIZEN(シチズン),CITIZEN,1,1,51,industrial,B000FQLG48,9980,9980,大手/著名,,,,要連絡先確認(Phase B)
Cytron Technologies,Cytron Technologies,1,1,51,industrial,B01BD9KULA,11800,11800,中小候補,,,,要連絡先確認(Phase B)
ミツトヨ(Mitutoyo),ミツトヨ(Mitutoyo),1,1,51,industrial,B0CSZ5LPZH,29700,29700,中小候補,,,,要連絡先確認(Phase B)
Gain Express Holdings Ltd.,GAIN EXPRESS,1,1,51,industrial,B0H3K1PBQC,12999,12999,中小候補,,,,要連絡先確認(Phase B)
Hovered,Hovered,1,1,51,industrial,B0CRTRLQ3G,2950,2950,中小候補,,,,要連絡先確認(Phase B)
T＆D,TD,1,1,51,industrial,B002N4Q5R8,4004,4004,中小候補,,,,要連絡先確認(Phase B)
DMiotech,DMiotech,1,1,51,industrial,B0BRSTBT9B,2819,2819,中小候補,,,,要連絡先確認(Phase B)
三ツ星,三ツ星,1,1,51,industrial,B01GE7NTWI,11843,11843,中小候補,,,,要連絡先確認(Phase B)
三友産業,三友産業(Sanyu Sangyo),1,1,51,industrial,B008QUH2G6,2350,2350,中小候補,,,,要連絡先確認(Phase B)
伊藤超短波,伊藤超短波,1,1,51,industrial,B08LKVRJYM,3338,3338,中小候補,,,,要連絡先確認(Phase B)
クラウン(Crown),クラウン,1,1,51,industrial,B01MUEAH6X,1770,1770,中小候補,,,,要連絡先確認(Phase B)
大平産業,大平産業,1,1,51,industrial,B0773DLV6W,19800,19800,中小候補,,,,要連絡先確認(Phase B)
積水化学工業（株）,エスロン,1,1,51,industrial,B00LEKR968,5361,5361,中小候補,,,,要連絡先確認(Phase B)
アルインコ株式会社(ALINCO INC.),アルインコ(Alinco),1,1,51,industrial,B08TG8YTWZ,2640,2640,中小候補,,,,要連絡先確認(Phase B)
オカモト,OKAMOTO,1,1,51,industrial,B004ORT9QQ,19800,19800,中小候補,,,,要連絡先確認(Phase B)
メカニックスウェア(Mechanix Wear),メカニクスウェア(Mechanix Wear),1,1,51,industrial,B006JR4E96,5365,5365,中小候補,,,,要連絡先確認(Phase B)
Mechanix Wear,メカニクスウェア(Mechanix Wear),1,1,51,industrial,B006JR4F4U,7136,7136,中小候補,,,,要連絡先確認(Phase B)
ULTECHNOVO,ULTECHNOVO,1,1,51,industrial,B0DTSHBXR6,2119,2119,中小候補,,,,要連絡先確認(Phase B)
"Zhejiang Flashforge 3D Technology Co., Ltd.",FLASHFORGE,1,1,51,industrial,B0CPSRQ9WY,7398,7398,中小候補,,,,要連絡先確認(Phase B)
AMOLEN,AMOLEN,1,1,51,industrial,B0D87DQWCQ,7953,7953,中小候補,,,,要連絡先確認(Phase B)
協和ハーモネット株式会社,協和ハーモネット株式会社,1,1,51,industrial,B0989NQSP2,5150,5150,中小候補,,,,要連絡先確認(Phase B)
東洋バルヴ,東洋バルヴ,1,1,51,industrial,B096WP4W2Y,3980,3980,中小候補,,,,要連絡先確認(Phase B)
紺商,紺商,1,1,51,industrial,B072JLM7HD,9653,9653,中小候補,,,,要連絡先確認(Phase B)
ナカオ,ナカオ,1,1,51,industrial,B078JCYHFF,11081,11081,中小候補,,,,要連絡先確認(Phase B)
VILLFUL,VILLFUL,1,1,51,industrial,B0C8FWFFY4,1742,1742,中小候補,,,,要連絡先確認(Phase B)
Sure Electronics,WONDOM,1,1,51,industrial,B0CBP9YHYZ,6629,6629,中小候補,,,,要連絡先確認(Phase B)
ユニテック,ユニテック,1,1,51,industrial,B079N8P3QZ,4410,4410,中小候補,,,,要連絡先確認(Phase B)
オーラルケア,オーラルケア,1,1,51,industrial,B00KR0768W,1994,1994,中小候補,,,,要連絡先確認(Phase B)
Klein Tools,KLEIN TOOLS,1,1,51,industrial,B07L5LMYV8,12316,12316,中小候補,,,,要連絡先確認(Phase B)
Kichvoe,Kichvoe,1,1,51,industrial,B0GQSW6N31,2339,2339,中小候補,,,,要連絡先確認(Phase B)
OdontoMed2011®,OdontoMed2011,1,1,51,industrial,B01HTKQWTG,4992,4992,中小候補,,,,要連絡先確認(Phase B)
Diligently,Lnder,1,1,51,industrial,B0C48ZQ3FT,1900,1900,中小候補,,,,要連絡先確認(Phase B)
RIVERWELDstore,RIVERWELD,1,1,51,industrial,B01LN7VGHY,2060,2060,中小候補,,,,要連絡先確認(Phase B)
JIAWANSHUN,JIAWANSHUN,1,1,51,industrial,B091SRQDZ2,15840,15840,中小候補,,,,要連絡先確認(Phase B)
HoCenWay,HOCENWAY,1,1,51,industrial,B0B99WTBSY,4534,4534,中小候補,,,,要連絡先確認(Phase B)
TKG,TKG,1,1,51,industrial,B08222J2PG,3010,3010,中小候補,,,,要連絡先確認(Phase B)
JECOMPRIS,JECOMPRIS,1,1,51,industrial,B0D9TVW196,1569,1569,中小候補,,,,要連絡先確認(Phase B)
AccEncyc,AccEncyc,1,1,51,industrial,B0CR2R9L5V,2917,2917,中小候補,,,,要連絡先確認(Phase B)
ミドリ安全(Midori Anzen),ミドリ安全(Midori Anzen),1,1,51,industrial,B081DCYWGR,3189,3189,中小候補,,,,要連絡先確認(Phase B)
オムロン(Omron),Omron,1,1,51,industrial,B07821G887,4431,4431,大手/著名,,,,要連絡先確認(Phase B)
"Kamoer Fluid Tech (Shanghai) Co., Ltd.",Kamoer,1,1,51,industrial,B0F5Q2R8V4,6068,6068,中小候補,,,,要連絡先確認(Phase B)
FMOGGE,,1,1,51,industrial,B0BL9Z6HV5,15556,15556,中小候補,,,,要連絡先確認(Phase B)
リス,リス,1,1,51,industrial,B01MDNUE5L,6611,6611,中小候補,,,,要連絡先確認(Phase B)
平和技研,平和技研,1,1,51,industrial,B00U8F782U,21000,21000,中小候補,,,,要連絡先確認(Phase B)
福助工業(Fukusuke Kogyo),福助工業株式会社,1,1,51,industrial,B001UJS87M,2500,2500,中小候補,,,,要連絡先確認(Phase B)
エヌ・エス・ピー(NSP),エヌ・エス・ピー(NSP),1,1,51,industrial,B0C19ZTD42,16100,16100,大手/海外疑い,,,,要連絡先確認(Phase B)
Great Northern Popcorn,Great Northern Popcorn Company,1,1,51,industrial,B00608D66G,9453,9453,中小候補,,,,要連絡先確認(Phase B)
Forensics Source,Lightning Powder,1,1,51,industrial,B00236V0US,3521,3521,中小候補,,,,要連絡先確認(Phase B)
ResMed,ResMed,1,1,51,industrial,B09V6JM954,16218,16218,中小候補,,,,要連絡先確認(Phase B)
YUSIDO,YUSIDO,1,1,50,home_kitchen,B0FPCS94Q6,3280,3280,中小候補,,,,要連絡先確認(Phase B)
コイズミ(Koizumi),コイズミ(Koizumi),1,1,50,home_kitchen,B0D473G5PL,1580,1580,大手/著名,,,,要連絡先確認(Phase B)
松栄堂,香源,1,1,50,home_kitchen,B01MS4501V,2720,2720,中小候補,,,,要連絡先確認(Phase B)
NEIGHBOR CLOWN,NEIGHBOR CLOWN,1,1,50,home_kitchen,B0CPYM9KQR,1580,1580,中小候補,,,,要連絡先確認(Phase B)
SPOSING,SPOSING,1,1,50,home_kitchen,B0GPWT1LLY,4999,4999,中小候補,,,,要連絡先確認(Phase B)
ＢＢＴ＼ＢＡＭＢＯＯＳＴ,ＢＢＴ＼ＢＡＭＢＯＯＳＴ,1,1,50,home_kitchen,B0C9TMSW9D,2159,2159,中小候補,,,,要連絡先確認(Phase B)
山善(YAMAZEN),山善(YAMAZEN),1,1,50,home_kitchen,B0BZTQTTP5,29601,29601,大手/著名,,,,要連絡先確認(Phase B)
東罐興業株式会社,アサヒビール,1,1,50,home_kitchen,B007WNWOZM,1660,1660,大手/著名,,,,要連絡先確認(Phase B)
池永鉄工,池永鉄工(Ikenaga Iron Works),1,1,50,home_kitchen,B01GDRX7XK,3200,3200,中小候補,,,,要連絡先確認(Phase B)
BBT,BBT,1,1,50,home_kitchen,B07G9BD4NR,2435,2435,中小候補,,,,要連絡先確認(Phase B)
Qatuo,Qatuo,1,1,50,home_kitchen,B0FVSKJZXF,18678,18678,中小候補,,,,要連絡先確認(Phase B)
新倉計量器,新倉計量器,1,1,50,home_kitchen,B000AQSC2W,16918,16918,中小候補,,,,要連絡先確認(Phase B)
日本香堂,shingon.shop,1,1,50,home_kitchen,B0BYJCKLZD,2800,2800,中小候補,,,,要連絡先確認(Phase B)
中央化学,中央化学(Chuo Kagaku),1,1,50,home_kitchen,B09Y12Z5GT,4400,4400,中小候補,,,,要連絡先確認(Phase B)
Whirlwindpress.ca,Whirlwindpress.ca,1,1,50,office,B01L4UVL70,3000,3000,中小候補,,,,要連絡先確認(Phase B)
Filofax,Filofax,1,1,50,office,B01LNP5JB0,15840,15840,中小候補,,,,要連絡先確認(Phase B)
Nao’ｓBrass,北斗徽章,1,1,50,office,B0H1C19BY8,4630,4630,中小候補,,,,要連絡先確認(Phase B)
日本ノート(Nippon Note),日本ノート,1,1,50,office,B0FB95GV96,2435,2435,中小候補,,,,要連絡先確認(Phase B)
Sakura,SAKURA,1,1,50,office,B01M63U4XW,3855,3855,中小候補,,,,要連絡先確認(Phase B)
クーリア(Q-LiA),クーリア(Q-LiA),1,1,50,office,B0DVR8NGKC,2429,2429,中小候補,,,,要連絡先確認(Phase B)
キングジム(KINGJIM),キングジム(Kingjim),1,1,50,office,B077847D43,15800,15800,中小候補,,,,要連絡先確認(Phase B)
ニッペ(Nippe),ニッペ(Nippe),1,1,50,office,B0091FFK0A,1950,1950,中小候補,,,,要連絡先確認(Phase B)
forinluv,forinluv,1,1,50,office,B0GQKC7DBF,2999,2999,中小候補,,,,要連絡先確認(Phase B)
ビューティーワールド,ビューティーワールド,1,1,50,office,B078M9GXCF,2213,2213,中小候補,,,,要連絡先確認(Phase B)
Party Funny,Party Funny,1,1,50,office,B076YY5GM5,11245,11245,中小候補,,,,要連絡先確認(Phase B)
NICEMAX,NICEMAX,1,1,50,office,B0DPKZJ98V,8800,8800,中小候補,,,,要連絡先確認(Phase B)
Uni-Ball,uni-ball,1,1,50,office,B00O56ENYY,2717,2717,中小候補,,,,要連絡先確認(Phase B)
PLUS,PLUS,1,1,50,office,B00ID6QRA0,4960,4960,大手/著名,,,,要連絡先確認(Phase B)
Kodak,KODAK,1,1,50,office,B075WWY75T,3890,3890,中小候補,,,,要連絡先確認(Phase B)
ZITENG,ZITENG,1,1,50,pet,B09TBJDQMW,2100,2100,中小候補,,,,要連絡先確認(Phase B)
アーテミス (Artemis),Artemis,1,1,50,pet,B00K1FCQRO,5190,5190,中小候補,,,,要連絡先確認(Phase B)
Tolacos,Tolacos,1,1,50,pet,B0B5CX2RJ4,1670,1670,中小候補,,,,要連絡先確認(Phase B)
mixsim,MIXSIM,1,1,50,pet,B0CCXCJJWC,2198,2198,中小候補,,,,要連絡先確認(Phase B)
太平洋セメント,パワーハウス,1,1,50,pet,B004PFC73O,6820,6820,中小候補,,,,要連絡先確認(Phase B)
アイリスオーヤマ (AARPH),アイリスオーヤマ(IRIS OHYAMA),1,1,50,pet,B0F47RXRC5,7980,7980,大手/著名,,,,要連絡先確認(Phase B)
OWNEPTS,Ownpets,1,1,50,pet,B07N6956V9,1753,1753,中小候補,,,,要連絡先確認(Phase B)
Zicra,ジクラ (Zicra),1,1,50,pet,B0CNJRN9ZC,1850,1850,中小候補,,,,要連絡先確認(Phase B)
Ozkaksj,Ozkaksj,1,1,50,toys,B0BK7YQWCD,2099,2099,中小候補,,,,要連絡先確認(Phase B)
SAFIGLE,SAFIGLE,1,1,50,toys,B0CTY1VD59,3819,3819,中小候補,,,,要連絡先確認(Phase B)
EXQST,EXQST,1,1,50,sports,B0CLVHTWTG,2500,2500,中小候補,,,,要連絡先確認(Phase B)
株式会社さくらぎさくら,YUKAPYON,1,1,50,sports,B0B58VZKKS,9400,9400,中小候補,,,,要連絡先確認(Phase B)
Mairubo,mumisuto,1,1,50,diy_tools,B0FP2B3KPB,2346,2346,中小候補,,,,要連絡先確認(Phase B)
GrowthSky,GrowthSky,1,1,50,appliances,B0GJBXZWJM,15299,15299,中小候補,,,,要連絡先確認(Phase B)
Philips(フィリップス),PHILIPS,1,1,50,pc,B098PT37RN,5500,5500,大手/著名,,,,要連絡先確認(Phase B)
YEZHU.JP,YEZHU,1,1,50,pc,B0G1M8P98V,1519,1519,中小候補,,,,要連絡先確認(Phase B)
PCATEC,PCATEC,1,1,50,pc,B0DLJDR4GK,1958,1958,中小候補,,,,要連絡先確認(Phase B)
ASUS,ASUS,1,1,50,pc,B0BJZWRCYP,29800,29800,中小候補,,,,要連絡先確認(Phase B)
LEXAR MEDIA INC,Lexar,1,1,50,pc,B08VL519QT,19990,19990,中小候補,,,,要連絡先確認(Phase B)
HCOSBIN,HCOSBIN,1,1,50,baby,B0FVX9C5PG,2500,2500,中小候補,,,,要連絡先確認(Phase B)
3M(TM),スリーエム(3M),1,1,50,baby,B000NG3Z0S,6071,6071,大手/著名,,,,要連絡先確認(Phase B)
プレイアンドゴー(Play&Go),Play&Go,1,1,50,baby,B07JHYYK1J,1900,1900,中小候補,,,,要連絡先確認(Phase B)
Bygusso（バイグソ）,Bygusso（バイグソ）,1,1,50,baby,B0GQ3YK7CP,1800,1800,中小候補,,,,要連絡先確認(Phase B)
BABELIO,Babelio,1,1,50,baby,B08PB9ZRSL,27680,27680,中小候補,,,,要連絡先確認(Phase B)
KYEZOL,KYEZOL,1,1,50,baby,B0FJKDRYP1,3990,3990,中小候補,,,,要連絡先確認(Phase B)
TZONOT,TZONOT,1,1,50,baby,B0BFWXM15S,4370,4370,中小候補,,,,要連絡先確認(Phase B)
Urban Kiddy,Urban Kiddy,1,1,50,baby,B07ZQZRY12,5780,5780,中小候補,,,,要連絡先確認(Phase B)
Heogacinlia,Heogacinlia,1,1,50,baby,B0DQWFBS3T,2300,2300,中小候補,,,,要連絡先確認(Phase B)
HQSGDMN,HQSGDMN,1,1,50,baby,B0B4PLQQFM,2081,2081,中小候補,,,,要連絡先確認(Phase B)
大王製紙,おむつ,1,1,50,baby,B08L4VZ968,5350,5350,中小候補,,,,要連絡先確認(Phase B)
geointer,Dr Thumb,1,1,50,baby,B00H2AWPRC,5640,5640,中小候補,,,,要連絡先確認(Phase B)
Thule,スーリー(Thule),1,1,50,baby,B0CSF266X6,10658,10658,中小候補,,,,要連絡先確認(Phase B)
ALinmo,ALinmo,1,1,50,baby,B08JY9YNRV,3169,3169,中小候補,,,,要連絡先確認(Phase B)
WZ,WZ,1,1,50,baby,B01M69VQQG,3980,3980,中小候補,,,,要連絡先確認(Phase B)
オールウェイズ,オールウェイズ,1,1,50,baby,B09SP5ZHFG,3399,3399,中小候補,,,,要連絡先確認(Phase B)
SMOORITA,SMOORITA,1,1,50,baby,B0D78JS8NF,1338,1338,中小候補,,,,要連絡先確認(Phase B)
OIIZREO,OIIZREO,1,1,50,baby,B0B5185PYJ,2349,2349,中小候補,,,,要連絡先確認(Phase B)
Tommee Tippee,Tommee Tippee,1,1,50,baby,B08177ZPKM,4697,4697,中小候補,,,,要連絡先確認(Phase B)
錦化成,錦化成,1,1,50,baby,B08YYWQNVK,2110,2110,中小候補,,,,要連絡先確認(Phase B)
Predictable Solutions,Predictable Solutions,1,1,50,baby,B074MQPPRM,14004,14004,中小候補,,,,要連絡先確認(Phase B)
不明,不明,1,1,50,baby,B08XLMNSWN,10820,10820,中小候補,,,,要連絡先確認(Phase B)
Red Castle,RED CASTLE,1,1,50,baby,B01N7TD5OO,22902,22902,中小候補,,,,要連絡先確認(Phase B)
Omie,Omie,1,1,50,baby,B07VPHLYMW,6010,6010,中小候補,,,,要連絡先確認(Phase B)
Casting Keepsakes,Casting Keepsakes,1,1,50,baby,B007PULSRM,4981,4981,中小候補,,,,要連絡先確認(Phase B)
Sundeer,NUK,1,1,50,baby,B099RX81SX,4448,4448,中小候補,,,,要連絡先確認(Phase B)
スパイス(Spice),スパイス(Spice),1,1,50,baby,B08DFRRXWF,2130,2130,中小候補,,,,要連絡先確認(Phase B)
MILKBARN(ミルクバーン),Milkbarn,1,1,50,baby,B01GRP63SE,1700,1700,中小候補,,,,要連絡先確認(Phase B)
スモールプラネット,スモール・プラネット(Small Planet),1,1,50,baby,B0FFMJ7SGT,1839,1839,中小候補,,,,要連絡先確認(Phase B)
KALUCIA,KALUCIA,1,1,50,baby,B08NZXCTTF,1539,1539,中小候補,,,,要連絡先確認(Phase B)
Cozysilk,Cozysilk,1,1,50,baby,B0C9MWXGX6,5313,5313,中小候補,,,,要連絡先確認(Phase B)
OXO Tot,OXO Tot,1,1,50,baby,B0771FFWPX,5051,5051,中小候補,,,,要連絡先確認(Phase B)
D07,YUHAFO,1,1,50,home_kitchen,B0GB58C9QH,6599,6599,中小候補,,,,要連絡先確認(Phase B)
三菱レイヨン・クリンスイ,三菱電機(MITSUBISHI ELECTRIC),1,1,50,home_kitchen,B01GPI1N0G,3070,3070,大手/著名,,,,要連絡先確認(Phase B)
アイリスオーヤマ(IRIS),アイリスオーヤマ(IRIS OHYAMA),1,1,50,home_kitchen,B0DZ2FLMC4,10869,10869,大手/著名,,,,要連絡先確認(Phase B)
Cuisinart (クイジナート),Cuisinart (クイジナート),1,1,50,home_kitchen,B07NQ6FLPK,24980,24980,中小候補,,,,要連絡先確認(Phase B)
スイッチボット(SwitchBot),スイッチボット(SwitchBot),1,1,50,home_kitchen,B0DB5XXFPR,2480,2480,中小候補,,,,要連絡先確認(Phase B)
LIXIL(INAX),LIXIL,1,1,50,home_kitchen,B07QFT1R8N,2235,2235,中小候補,,,,要連絡先確認(Phase B)
テスコム(Tescom),テスコム,1,1,50,home_kitchen,B0CJ4GQ3H8,4395,4395,中小候補,,,,要連絡先確認(Phase B)
Starbucks,STARBUCKS,1,1,50,home_kitchen,B07D9WDN1X,5620,5620,中小候補,,,,要連絡先確認(Phase B)
Uni,uni,1,1,50,office,B071KX5PPF,5699,5699,大手/海外疑い,,,,要連絡先確認(Phase B)
DR,マックス,1,1,50,office,B01BMA92QY,3900,3900,中小候補,,,,要連絡先確認(Phase B)
SINMARK,コクヨ(KOKUYO),1,1,50,office,B075BFK2NR,5550,5550,大手/著名,,,,要連絡先確認(Phase B)
Senders,Senders,1,1,50,office,B0191DLEBU,2958,2958,中小候補,,,,要連絡先確認(Phase B)
"Jian Chen Commerce Co., Ltd",Robrasim,1,1,50,office,B07CGCLFG9,6415,6415,中小候補,,,,要連絡先確認(Phase B)
Kisangel,Kisangel,1,1,50,office,B0CTKQM485,2399,2399,中小候補,,,,要連絡先確認(Phase B)
ワヨー,ワヨー,1,1,50,office,B0035FH0DW,1523,1523,中小候補,,,,要連絡先確認(Phase B)
セントレディス(St.Lady's),セントレディス(St.Lady's),1,1,50,office,B0CGCR9N62,1587,1587,中小候補,,,,要連絡先確認(Phase B)
Texas Instruments,Texas Instruments,1,1,50,office,B0141O823M,2690,2690,中小候補,,,,要連絡先確認(Phase B)
Fashiones,,1,1,50,office,B0B7BX1SQD,2300,2300,中小候補,,,,要連絡先確認(Phase B)
タカ印,ササガワ(Sasagawa),1,1,50,office,B075QH51PK,3930,3930,中小候補,,,,要連絡先確認(Phase B)
高波クリエイト(KoohaCreate),高波クリエイト(KoohaCreate),1,1,50,office,B0BNBGS3Y6,1680,1680,中小候補,,,,要連絡先確認(Phase B)
TGSM,TGSM,1,1,50,office,B0949P8T2F,2450,2450,中小候補,,,,要連絡先確認(Phase B)
マックス(MAX),マックス,1,1,50,office,B000FHPVQQ,8526,8526,中小候補,,,,要連絡先確認(Phase B)
サンゲツ,サンゲツ(Sangetsu),1,1,50,office,B0BBPPMN81,4821,4821,中小候補,,,,要連絡先確認(Phase B)
LEUCHTTURM1917,LEUCHTTURM1917(ロイヒトトゥルム1917),1,1,50,office,B092ZYPDK6,9588,9588,中小候補,,,,要連絡先確認(Phase B)
Ranger,Ranger,1,1,50,office,B0013JLDVC,2250,2250,中小候補,,,,要連絡先確認(Phase B)
スマートバリュー,スマートバリュー(Smartvalue),1,1,50,office,B00I9ZNG9U,2420,2420,中小候補,,,,要連絡先確認(Phase B)
弥生,弥生,1,1,50,office,B000FHTHLQ,20345,20345,中小候補,,,,要連絡先確認(Phase B)
ユニックス,ユニックス,1,1,50,office,B00MEG0YV8,1744,1744,中小候補,,,,要連絡先確認(Phase B)
クラウン,マジックパウダー(MAGIC POWDER),1,1,50,office,B003T91WGU,3343,3343,中小候補,,,,要連絡先確認(Phase B)
トラベラーズカンパニー,DESIGNPHIL,1,1,50,office,B06XNPFF5Q,10436,10436,中小候補,,,,要連絡先確認(Phase B)
SiSe9,SiSe9,1,1,50,office,B092CMBHVS,1738,1738,中小候補,,,,要連絡先確認(Phase B)
ideaco ( イデアコ ),ideaco(イデアコ),1,1,50,office,B0BCFSDNDM,3270,3270,中小候補,,,,要連絡先確認(Phase B)
ダーウェント,Derwent,1,1,50,office,B084PZ2XNT,6678,6678,中小候補,,,,要連絡先確認(Phase B)
Homie Pettie,Homie Pettie,1,1,50,pet,B0F3F9B256,1699,1699,中小候補,,,,要連絡先確認(Phase B)
セラスト株式会社,Bee Mee Nee (ビーミーニー),1,1,50,pet,B09JJT9NLT,3600,3600,中小候補,,,,要連絡先確認(Phase B)
はごろもフーズ,はごろも,1,1,50,pet,B09JFNX6WD,1869,1869,中小候補,,,,要連絡先確認(Phase B)
RealPower,Real Nature,1,1,50,pet,B08HNFH88M,5690,5690,中小候補,,,,要連絡先確認(Phase B)
粧美堂株式会社,SHOBIDO(ショービドー),1,1,50,pet,B0D5Q9FDHC,2980,2980,中小候補,,,,要連絡先確認(Phase B)
Asixx,Asixx,1,1,50,pet,B07TC2J5XG,7880,7880,中小候補,,,,要連絡先確認(Phase B)
インクスネットワーク,インクスネットワーク,1,1,50,pet,B008DS2N9W,2500,2500,中小候補,,,,要連絡先確認(Phase B)
貝沼産業,貝沼産業,1,1,50,pet,B09BQK622P,7800,7800,中小候補,,,,要連絡先確認(Phase B)
ミタニ,ミタニ,1,1,50,pet,B009ULFSC0,7130,7130,中小候補,,,,要連絡先確認(Phase B)
"Seachem Laboratories, Inc.",seachem,1,1,50,pet,B0002A5VIY,6219,6219,中小候補,,,,要連絡先確認(Phase B)
BITE ME,BITE ME,1,1,50,pet,B0DT9QMT7X,4399,4399,中小候補,,,,要連絡先確認(Phase B)
SHOWTECH,Show Tech,1,1,50,pet,B01MTA2BEX,3960,3960,中小候補,,,,要連絡先確認(Phase B)
グラン・デリ,グラン・デリ,1,1,50,pet,B09CCNJ19N,1865,1865,中小候補,,,,要連絡先確認(Phase B)
チャンピオンペットフーズ (Champion Petfoods),Orijen(オリジン),1,1,50,pet,B01I3IBQG2,15840,15840,中小候補,,,,要連絡先確認(Phase B)
MARIANI(マリアーニ ),MARIANI(マリアーニ ),1,1,50,pet,B073QTGF5G,4500,4500,中小候補,,,,要連絡先確認(Phase B)
Aquarium Pharmaceuticals,API,1,1,50,pet,B00025YVRQ,1810,1810,中小候補,,,,要連絡先確認(Phase B)
ノラ・コーポレーション,ノラ・コーポレーション,1,1,50,pet,B000FQKFKY,4300,4300,中小候補,,,,要連絡先確認(Phase B)
村田屋産業(Murataya Sangyo),村田屋産業(Murataya Sangyo),1,1,50,pet,B08915YXBY,2870,2870,中小候補,,,,要連絡先確認(Phase B)
モチュール(Motul),モチュール(Motul),1,1,50,pet,B00780XV5G,2134,2134,中小候補,,,,要連絡先確認(Phase B)
ユニチャ-ム,マナ-ウェア,1,1,50,pet,B07RNNGZ9D,7500,7500,中小候補,,,,要連絡先確認(Phase B)
Pssopp,Pssopp,1,1,50,pet,B07PRRW4CH,6610,6610,中小候補,,,,要連絡先確認(Phase B)
Safari Pet Products,Coastal,1,1,50,pet,B0002RJM8C,2955,2955,中小候補,,,,要連絡先確認(Phase B)
GJYC PET,GJYC PET,1,1,50,pet,B0DX117Q64,1899,1899,中小候補,,,,要連絡先確認(Phase B)
msnuc,ジェックス,1,1,50,pet,B011BKDJX2,3300,3300,中小候補,,,,要連絡先確認(Phase B)
リバージュ (Riverge),リバージュ (Riverge),1,1,50,pet,B07N2KZ2TV,5080,5080,中小候補,,,,要連絡先確認(Phase B)
イミューンナチュラル,イミューンナチュラル,1,1,50,pet,B00342Y0FW,2530,2530,中小候補,,,,要連絡先確認(Phase B)
Quaker Pet Group,Sherpa,1,1,50,pet,B000633ZOY,14058,14058,中小候補,,,,要連絡先確認(Phase B)
黒瀬ペットフード,黒瀬ペットフード,1,1,50,pet,B08WRNC37H,2823,2823,中小候補,,,,要連絡先確認(Phase B)
フジコン,フジコン,1,1,50,pet,B001GFQ368,1705,1705,中小候補,,,,要連絡先確認(Phase B)
California Shore(カリフォルニアショア),California Shore(カリフォルニアショア),1,1,50,toys,B0D7BFGWY1,2171,2171,中小候補,,,,要連絡先確認(Phase B)
YABINA TOYS,YABINA TOYS,1,1,50,toys,B07PHJRY6H,6160,6160,中小候補,,,,要連絡先確認(Phase B)
トイローヤル(Toyroyal),トイローヤル(Toyroyal),1,1,50,toys,B01JKWHUSI,1589,1589,中小候補,,,,要連絡先確認(Phase B)
トークン,トークン,1,1,50,toys,B0CYXZJ12T,16700,16700,中小候補,,,,要連絡先確認(Phase B)
メリッサ&ダグ(Melissa&Doug),Melissa & Doug,1,1,50,toys,B01GJSL0IW,7517,7517,中小候補,,,,要連絡先確認(Phase B)
Marvel Legends Series Wolverine (Weapon X),Marvel,1,1,50,toys,B0FPG2KC66,8152,8152,中小候補,,,,要連絡先確認(Phase B)
奇譚クラブ,奇譚クラブ(Kitan club),1,1,50,toys,B07CRYHB91,2520,2520,中小候補,,,,要連絡先確認(Phase B)
DETOA(デトア),DETOA(デトア),1,1,50,toys,B009GKAJ6A,3218,3218,中小候補,,,,要連絡先確認(Phase B)
Stonemaier Games,Stonemaier Games,1,1,50,toys,B09NJP9N48,10666,10666,中小候補,,,,要連絡先確認(Phase B)
Diumy,Diumy,1,1,50,toys,B09S9PP844,5500,5500,中小候補,,,,要連絡先確認(Phase B)
ジェネシス(GENESIS),ジェネシス(GENESIS),1,1,50,toys,B08VHW4LVW,3520,3520,中小候補,,,,要連絡先確認(Phase B)
サイバーダイン(Cyberdyne),サイバーダイン(Cyberdyne),1,1,50,toys,B0813MX4RC,6524,6524,中小候補,,,,要連絡先確認(Phase B)
HXSCOO,HXSCOO,1,1,50,toys,B0C6MWRLYG,1500,1500,中小候補,,,,要連絡先確認(Phase B)
ニイタカ(Niitaka),ニイタカ,1,1,50,sports,B006HZYVD4,7232,7232,中小候補,,,,要連絡先確認(Phase B)
プーマ,PUMA(プーマ),1,1,50,sports,B0GTNZ6GHG,3039,3039,大手/著名,,,,要連絡先確認(Phase B)
スーパーバリュー,スーパーバリュー,1,1,50,sports,B01MQXY8SU,1699,1699,中小候補,,,,要連絡先確認(Phase B)
DADJ,DADJ,1,1,50,diy_tools,B0DJ891PGP,1687,1687,中小候補,,,,要連絡先確認(Phase B)
株式会社スター商事,STAR(スター),1,1,50,diy_tools,B01LWPUCTJ,2598,2598,中小候補,,,,要連絡先確認(Phase B)
MDAL,ZHLIFONA,1,1,50,appliances,B0GVS3RV6N,1999,1999,中小候補,,,,要連絡先確認(Phase B)
TABWEE,TABWEE,1,1,50,pc,B0GYRYXBBK,27499,27499,中小候補,,,,要連絡先確認(Phase B)
VAIO,VAIO,1,1,50,pc,B0H14VHYKR,29800,29800,中小候補,,,,要連絡先確認(Phase B)
Helen of Troy,OXO Tot,1,1,50,baby,B0FN8H5PJT,7642,7642,中小候補,,,,要連絡先確認(Phase B)
Derebir,Derebir,1,1,50,baby,B0CJ5G9QM1,7699,7699,中小候補,,,,要連絡先確認(Phase B)
Angelcare,Diaper Genie,1,1,50,baby,B0B9H62YYZ,7231,7231,中小候補,,,,要連絡先確認(Phase B)
B BENRON,B BENRON,1,1,50,baby,B0D8VVYKJF,25414,25414,中小候補,,,,要連絡先確認(Phase B)
ISOPEN,ISOPEN,1,1,50,baby,B0DF7S4S3B,7865,7865,中小候補,,,,要連絡先確認(Phase B)
YXZPQ,YXZPQ,1,1,50,baby,B08H4G9JK6,10953,10953,中小候補,,,,要連絡先確認(Phase B)
Yizibuur,Yizibuur,1,1,50,baby,B0G7ZXNHW8,2386,2386,中小候補,,,,要連絡先確認(Phase B)
Tubby Todd,TUBBY TODD,1,1,50,baby,B0CSZ84VRJ,17049,17049,中小候補,,,,要連絡先確認(Phase B)
Sailozai,Sailozai,1,1,50,baby,B0G28C8FMP,2861,2861,中小候補,,,,要連絡先確認(Phase B)
ピジョン,ピジョン,1,1,50,baby,B0DNMMZ36T,7990,7990,中小候補,,,,要連絡先確認(Phase B)
デンゲン,デンゲン,1,1,50,car,B07W6Y8GZ8,11000,11000,中小候補,,,,要連絡先確認(Phase B)
マンフィルター (MANN FILTER),Mann Filter,1,1,50,car,B07S51PGPK,3600,3600,中小候補,,,,要連絡先確認(Phase B)
Runa Shop,Runa Shop,1,1,50,car,B0BZYP341Z,1786,1786,中小候補,,,,要連絡先確認(Phase B)
WGCD,WMYCONGCONG,1,1,50,car,B071X5TQ78,1959,1959,中小候補,,,,要連絡先確認(Phase B)
マツダ(MAZDA),MAZDA,1,1,50,car,B01G4TATCY,1518,1518,中小候補,,,,要連絡先確認(Phase B)
Singkin,Singkin,1,1,50,car,B0DX1GWDV6,1636,1636,中小候補,,,,要連絡先確認(Phase B)
TYUHUUQ1549,TYUHUUQ,1,1,50,car,B0G58JTBZL,2290,2290,中小候補,,,,要連絡先確認(Phase B)
CGP,CGP,1,1,50,car,B0F1MXLFK4,3800,3800,中小候補,,,,要連絡先確認(Phase B)
Glealcco,Glealcco,1,1,50,car,B0FFN486B3,2180,2180,中小候補,,,,要連絡先確認(Phase B)
フジヤマ,フジヤマ,1,1,50,car,B097PN5685,2499,2499,中小候補,,,,要連絡先確認(Phase B)
Honda,Honda,1,1,50,car,B07D9DKK4G,1510,1510,中小候補,,,,要連絡先確認(Phase B)
ISHINO SHOKAI(石野商会),Ishino Shokai,1,1,50,car,B0C3ZKMSM5,2480,2480,大手/著名,,,,要連絡先確認(Phase B)
QIUMOXRY1100,QIUMOXR,1,1,50,car,B0GDJTTC7G,3500,3500,中小候補,,,,要連絡先確認(Phase B)
QIUMOXRY1142,QIUMOXR,1,1,50,car,B0GGB67162,2600,2600,中小候補,,,,要連絡先確認(Phase B)
Meguiar's,Meguiar's,1,1,50,car,B009OBVS2K,3220,3220,中小候補,,,,要連絡先確認(Phase B)
HY05-BK,HYEPIVOT,1,1,50,car,B09SNPMP5H,2299,2299,中小候補,,,,要連絡先確認(Phase B)
METYOUCAR,METYOUCAR,1,1,50,car,B0G4TQWW18,19998,19998,中小候補,,,,要連絡先確認(Phase B)
LIQUI MOLY,LIQUIMOLY,1,1,50,car,B01N5QA6JU,4590,4590,中小候補,,,,要連絡先確認(Phase B)
黒曼巴（Heimanba）,黒曼巴（Heimanba）,1,1,50,hobby,B0H2Y43QKV,2998,2998,中小候補,,,,要連絡先確認(Phase B)
YXHH.JP,YXHH,1,1,50,hobby,B0DZCV5DGX,1590,1590,中小候補,,,,要連絡先確認(Phase B)
Pawpaw,Pawpaw,1,1,50,hobby,B0C33JJQCJ,5024,5024,中小候補,,,,要連絡先確認(Phase B)
Lopuck,Lopuck,1,1,50,hobby,B0FCM3Y8H4,2600,2600,中小候補,,,,要連絡先確認(Phase B)
鬼滅の刃,セガ,1,1,50,hobby,B084RBL76M,2800,2800,中小候補,,,,要連絡先確認(Phase B)
カルチュア・エンタテインメント(Culture Entertainment),カルチュア・エンタテインメント(Culture Entertainment),1,1,50,hobby,B0CLG7SKZD,1700,1700,中小候補,,,,要連絡先確認(Phase B)
Under Armour,Under Armour,1,1,50,hobby,B00RWF2Q8A,4480,4480,中小候補,,,,要連絡先確認(Phase B)
United Sporting Company,Butler Creek,1,1,50,hobby,B000GU8PXS,3182,3182,中小候補,,,,要連絡先確認(Phase B)
Beadalon,Artistic Wire,1,1,50,hobby,B000SOU2LU,2173,2173,中小候補,,,,要連絡先確認(Phase B)
ターナー色彩(Turner Colour),ターナー色彩(Turner Color),1,1,50,hobby,B08Q7Y3XCR,2783,2783,中小候補,,,,要連絡先確認(Phase B)
ゴッドハンド(GodHand),ゴッドハンド(GodHand),1,1,50,hobby,B0GSVT53XH,4200,4200,中小候補,,,,要連絡先確認(Phase B)
GunsModify,GunsModify,1,1,50,hobby,B011QFZCQY,1750,1750,中小候補,,,,要連絡先確認(Phase B)
C-Tec,C-Tec(シーテック),1,1,50,hobby,B07HL2YLRS,4436,4436,中小候補,,,,要連絡先確認(Phase B)
キャロムショット,キャロムショット,1,1,50,hobby,B0065T5BFO,1600,1600,中小候補,,,,要連絡先確認(Phase B)
手作り工房 MY mama,ＭＹｍａｍａ,1,1,50,hobby,B0C4SSFM9D,1879,1879,中小候補,,,,要連絡先確認(Phase B)
***No Brand***,e-discount,1,1,50,hobby,B0055QGBJ8,2870,2870,中小候補,,,,要連絡先確認(Phase B)
GFHUREB,GFHUREB,1,1,50,hobby,B0CD45FG5N,2180,2180,中小候補,,,,要連絡先確認(Phase B)
アルシュ,Arches,1,1,50,hobby,B08JCFFXTQ,7019,7019,中小候補,,,,要連絡先確認(Phase B)
グルーヴガレージ(Groove Garage),グルーヴガレージ(Groove Garage),1,1,50,hobby,B0F8QHCG2B,4986,4986,中小候補,,,,要連絡先確認(Phase B)
Pirastro,Pirastro,1,1,50,instruments,B007B99JW8,1640,1640,中小候補,,,,要連絡先確認(Phase B)
Montreux,Montreux,1,1,50,instruments,B01I4V0ACE,1540,1540,中小候補,,,,要連絡先確認(Phase B)
Offworld Percussion,Offworld Percussion,1,1,50,instruments,B00WU0UIQY,17328,17328,中小候補,,,,要連絡先確認(Phase B)
グラフテック(Graph Tech),Graph Tech,1,1,50,instruments,B0018BN9DK,1705,1705,中小候補,,,,要連絡先確認(Phase B)
ChickenPicks,ChickenPicks,1,1,50,instruments,B00VLYE7SA,1540,1540,中小候補,,,,要連絡先確認(Phase B)
D'Addario,D'Addario(ダダリオ),1,1,50,instruments,B006SSKSIC,4325,4325,中小候補,,,,要連絡先確認(Phase B)
PEACOCK,吉澤(Yoshizawa),1,1,50,instruments,B003OVC2T4,2100,2100,中小候補,,,,要連絡先確認(Phase B)
HARRISON,HARRISON,1,1,50,instruments,B07K4ZXQXR,22000,22000,中小候補,,,,要連絡先確認(Phase B)
ギブソン(GIBSON),ギブソン(GIBSON),1,1,50,instruments,B0D62NLX13,4070,4070,中小候補,,,,要連絡先確認(Phase B)
Roland,Roland(ローランド),1,1,50,instruments,B0F93QG67X,20900,20900,中小候補,,,,要連絡先確認(Phase B)
ＲＥＭＯ,REMO,1,1,50,instruments,B01IWLPV9I,6483,6483,中小候補,,,,要連絡先確認(Phase B)
Protection Racket,PROTECTIONracket,1,1,50,instruments,B077ZTYBF6,8500,8500,中小候補,,,,要連絡先確認(Phase B)
日本クリンテック(Nihon Clean tech),日本クリンテック(Nihon Clean tech),1,1,50,industrial,B085RWKXYL,1529,1529,中小候補,,,,要連絡先確認(Phase B)
株式会社谷沢製作所,谷沢製作所,1,1,50,industrial,B0BQ1Y15DS,6568,6568,中小候補,,,,要連絡先確認(Phase B)
シンビ(Shimbi),SHIMBI,1,1,50,industrial,B0084XZMTO,2840,2840,中小候補,,,,要連絡先確認(Phase B)
イーブンリバー(Evenriver),Evenriver,1,1,50,industrial,B00J7GJDS8,1900,1900,中小候補,,,,要連絡先確認(Phase B)
日本精工(NSK),NSK,1,1,50,industrial,B07DHQW6FS,1716,1716,中小候補,,,,要連絡先確認(Phase B)
hBARSCI,hBARSCI,1,1,50,industrial,B07DQN5289,7009,7009,中小候補,,,,要連絡先確認(Phase B)
興和,興和,1,1,50,industrial,B0GLV957RV,3273,3273,中小候補,,,,要連絡先確認(Phase B)
CONDOR OUTDOOR,CONDOR OUTDOOR,1,1,50,industrial,B06WGMB95G,1790,1790,中小候補,,,,要連絡先確認(Phase B)
Annadue,Annadue,1,1,50,industrial,B0FR3TC6ZV,4192,4192,中小候補,,,,要連絡先確認(Phase B)
Bnojin Supply,NORJIN,1,1,50,industrial,B09Q686B64,15541,15541,中小候補,,,,要連絡先確認(Phase B)
NOYAFA,NOYAFA,1,1,50,industrial,B0CDPNYXZV,24018,24018,中小候補,,,,要連絡先確認(Phase B)
HIOKI,HIOKI,1,1,50,industrial,B01GNNABPG,3069,3069,中小候補,,,,要連絡先確認(Phase B)
Alomejor,Alomejor,1,1,50,industrial,B0DQ276NY5,1808,1808,中小候補,,,,要連絡先確認(Phase B)
ミドリ安全,ミドリ安全(Midori Anzen),1,1,50,industrial,B071764R6B,4777,4777,中小候補,,,,要連絡先確認(Phase B)
Jeneric,HOXWELL,1,1,50,industrial,B08GRZKJXF,8426,8426,中小候補,,,,要連絡先確認(Phase B)
AplysiaTech,AplysiaTech,1,1,50,industrial,B0F4MYLY85,4398,4398,中小候補,,,,要連絡先確認(Phase B)
DAVBIR,DAVBIR,1,1,50,industrial,B0C9JL7K2S,14509,14509,中小候補,,,,要連絡先確認(Phase B)
Kutzall,Kutzall,1,1,50,industrial,B0BG1LFMS3,16195,16195,中小候補,,,,要連絡先確認(Phase B)
Eegoowa,Eegoowa,1,1,50,industrial,B0FNR68G6B,13828,13828,中小候補,,,,要連絡先確認(Phase B)
オンダ製作所,ONDA,1,1,50,industrial,B08513SV6G,1525,1525,中小候補,,,,要連絡先確認(Phase B)
日本製紙クレシア(NIPPON PAPER CRECIA),日本製紙,1,1,50,industrial,B00AZFFZ9G,2750,2750,中小候補,,,,要連絡先確認(Phase B)
ミヤキ,ミヤキ,1,1,50,industrial,B0CHY11C3S,18260,18260,中小候補,,,,要連絡先確認(Phase B)
Aexit,Aexit,1,1,50,industrial,B07MLF385R,1696,1696,中小候補,,,,要連絡先確認(Phase B)
LAOSEP,道刃物,1,1,50,industrial,B09MJVDS8X,5500,5500,中小候補,,,,要連絡先確認(Phase B)
キャンブロ,Cambro,1,1,50,industrial,B0001MRV86,2750,2750,中小候補,,,,要連絡先確認(Phase B)
Surebonder,Surebonder,1,1,50,industrial,B01N16GE4C,4821,4821,中小候補,,,,要連絡先確認(Phase B)
lulixilul,lulixilul,1,1,50,industrial,B0CRDXWNJ1,26802,26802,中小候補,,,,要連絡先確認(Phase B)
Sunlite,SunLite,1,1,50,industrial,B07JP55SXL,8646,8646,中小候補,,,,要連絡先確認(Phase B)
シュナイダーエレクトリック(Schneider Electric),シュナイダーエレクトリック(Schneider Electric),1,1,50,industrial,B000ONOLCG,4743,4743,中小候補,,,,要連絡先確認(Phase B)
AIPHONE COMMUNICATIONS,アイホン,1,1,50,industrial,B00HHTI900,8216,8216,中小候補,,,,要連絡先確認(Phase B)
Longdex,Longdex,1,1,50,industrial,B07JLP2511,1747,1747,中小候補,,,,要連絡先確認(Phase B)
Lesurey,Lesurey,1,1,50,industrial,B0DCVD4H6G,2746,2746,中小候補,,,,要連絡先確認(Phase B)
Procter & Gamble,Downy,1,1,50,industrial,B0G6MNK9ZF,3700,3700,中小候補,,,,要連絡先確認(Phase B)
Faqeaia,Faqeaia,1,1,50,industrial,B0GHM1V3D2,7399,7399,中小候補,,,,要連絡先確認(Phase B)
フローバル,フローバル,1,1,50,industrial,B07MXKFQT3,26800,26800,中小候補,,,,要連絡先確認(Phase B)
BetterJonny,BetterJonny,1,1,50,industrial,B0C2HB1MF5,1999,1999,中小候補,,,,要連絡先確認(Phase B)
本宏製作所,ホンコ,1,1,50,industrial,B00U1VTI9W,4180,4180,中小候補,,,,要連絡先確認(Phase B)
日本製線,日本製線,1,1,50,industrial,B0CN6KW74K,30000,30000,中小候補,,,,要連絡先確認(Phase B)
FKK,FKK,1,1,50,industrial,B0GGX9LK2K,2993,2993,中小候補,,,,要連絡先確認(Phase B)
スリオンテック,スリオンテック,1,1,50,industrial,B01AT4O75U,2320,2320,中小候補,,,,要連絡先確認(Phase B)
ドクターメーター(Dr.meter),ドクターメーター(Dr.meter),1,1,50,industrial,B00LIUNL7U,1950,1950,中小候補,,,,要連絡先確認(Phase B)
三甲,Sanko,1,1,50,industrial,B002P78TQS,2213,2213,中小候補,,,,要連絡先確認(Phase B)
信越化学工業(Shin-Etsu Chemical),信越化学工業,1,1,50,industrial,B00HCF0B00,3625,3625,中小候補,,,,要連絡先確認(Phase B)
山本光学(Yamamoto Kogaku),山本光学(Yamamoto Kogaku),1,1,50,industrial,B0792R7798,1853,1853,中小候補,,,,要連絡先確認(Phase B)
興研,興研,1,1,50,industrial,B095JLXGRZ,3125,3125,中小候補,,,,要連絡先確認(Phase B)
カイスイマレン,カイスイマレン,1,1,50,industrial,B004MXMCFM,5606,5606,中小候補,,,,要連絡先確認(Phase B)
シーピー化成,シーピー化成(CP Chemical),1,1,50,industrial,B07DJ6FRXJ,18150,18150,中小候補,,,,要連絡先確認(Phase B)
アッシュコンセプト(H concept),ソイル(Soil),1,1,49,home_kitchen,B004013CG4,11000,11000,中小候補,,,,要連絡先確認(Phase B)
Post General,POST GENERAL,1,1,49,home_kitchen,B08LN75RYB,1902,1902,中小候補,,,,要連絡先確認(Phase B)
ロードリンクス,roadlinks,1,1,49,pet,B0DDWK5BP6,1800,1800,中小候補,,,,要連絡先確認(Phase B)
‎Turadh エプソン対応 IB07 互換インクカードリッジ,Turadh,1,1,49,pc,B0FG8186PD,2168,2168,中小候補,,,,要連絡先確認(Phase B)
Gigastone,Gigastone,1,1,49,pc,B0F6V7QJCP,19990,19990,中小候補,,,,要連絡先確認(Phase B)
CAMSHOP.JP,CAMSHOP.JP,1,1,49,pc,B0D9Y5PG2T,7700,7700,中小候補,,,,要連絡先確認(Phase B)
Wallhack,Wallhack,1,1,49,pc,B0CTT77BW2,3598,3598,中小候補,,,,要連絡先確認(Phase B)
HOYOLS,HOYOLS,1,1,49,baby,B07GRBSZMN,2178,2178,中小候補,,,,要連絡先確認(Phase B)
森商事,森商事,1,1,49,baby,B010FD05KG,5490,5490,中小候補,,,,要連絡先確認(Phase B)
Qialexicon,Qialexicon,1,1,49,baby,B0GXXM8LSQ,2280,2280,中小候補,,,,要連絡先確認(Phase B)
YANG JIN,yoshiki,1,1,49,hobby,B013W1T4YQ,2680,2680,中小候補,,,,要連絡先確認(Phase B)
Sound MOMO,Sound MOMO,1,1,49,instruments,B00XWLNISA,2040,2040,中小候補,,,,要連絡先確認(Phase B)
GRUVGEAR,Gruv Gear,1,1,49,instruments,B07Z6SFDCS,1980,1980,中小候補,,,,要連絡先確認(Phase B)
Jim Dunlop,Jim Dunlop,1,1,49,instruments,B07F5JD2TB,2412,2412,中小候補,,,,要連絡先確認(Phase B)
SK11(エスケー11),SK11,1,1,49,industrial,B07HYSF6TM,2370,2370,中小候補,,,,要連絡先確認(Phase B)
正和電工,正和電工,1,1,49,industrial,B002P8E402,3210,3210,中小候補,,,,要連絡先確認(Phase B)
タイルメント,タイルメント,1,1,49,industrial,B004OCMOKO,5500,5500,中小候補,,,,要連絡先確認(Phase B)
エンペックス気象計,EMPEX,1,1,49,industrial,B01M1H5RYH,1700,1700,中小候補,,,,要連絡先確認(Phase B)
ドギーマンハヤシ（株）用品営業部,,1,1,48,pet,B01G81WMM8,1966,1966,中小候補,,,,要連絡先確認(Phase B)
メイダイ,meidai(メイダイ),1,1,48,pet,B0D22DS3BY,2178,2178,中小候補,,,,要連絡先確認(Phase B)
ＨＯＥＩ,ＨＯＥＩ,1,1,48,pet,B07KY5Z3BS,8500,8500,中小候補,,,,要連絡先確認(Phase B)
ペッツルート,ジャノア,1,1,48,pet,B087BNT558,1900,1900,中小候補,,,,要連絡先確認(Phase B)
TEAFOR,TEAFOR,1,1,48,pet,B08CZXVWC2,1645,1645,中小候補,,,,要連絡先確認(Phase B)
Planters,プランター,1,1,48,pet,B0014CW4U2,1880,1880,中小候補,,,,要連絡先確認(Phase B)
HOEI(ホーエイ),HOEI(ホーエイ),1,1,48,pet,B00IZ934RE,2028,2028,中小候補,,,,要連絡先確認(Phase B)
アロン化成株式会社,OneAid,1,1,48,pet,B0BSNZ5S1W,8580,8580,中小候補,,,,要連絡先確認(Phase B)
Petmate,JW,1,1,48,pet,B005BV0EYK,1966,1966,中小候補,,,,要連絡先確認(Phase B)
Dosckocil Manufacturing,JW,1,1,48,pet,B07SK3Z16B,3280,3280,中小候補,,,,要連絡先確認(Phase B)
JW Pet Company,JW,1,1,48,pet,B0002DJX9Y,4530,4530,中小候補,,,,要連絡先確認(Phase B)
WOOF,The New Zealand Natural Pet Food Co.,1,1,48,pet,B08DHSGWMC,1830,1830,中小候補,,,,要連絡先確認(Phase B)
株式会社バイコム,バイコム,1,1,48,pet,B0G53TTJPR,1515,1515,中小候補,,,,要連絡先確認(Phase B)
ユーカヌバ,ユーカヌバ,1,1,48,pet,B07GV7VPD8,4750,4750,中小候補,,,,要連絡先確認(Phase B)
スリーイレブン,ITI PET,1,1,48,pet,B07G6X8GMP,2949,2949,中小候補,,,,要連絡先確認(Phase B)
fuu,fuu,1,1,48,pet,B0BNPY2SJ5,1740,1740,中小候補,,,,要連絡先確認(Phase B)
株式会社環境ダイゼン,きえ～る,1,1,48,pet,B00K3WGTDW,2530,2530,中小候補,,,,要連絡先確認(Phase B)
EVERES エヴァリス,エヴァリス,1,1,48,pet,B00G3U5JQ6,2772,2772,中小候補,,,,要連絡先確認(Phase B)
アイリスプラザ,アイリスプラザ,1,1,48,pet,B0CCXY7T6T,17030,17030,大手/著名,,,,要連絡先確認(Phase B)
フジタ製薬,フジタ製薬,1,1,48,pet,B00EC2E6DO,17290,17290,中小候補,,,,要連絡先確認(Phase B)
SUDO(スドー),SUDO(スドー),1,1,48,pet,B0CXDKZ85F,1980,1980,中小候補,,,,要連絡先確認(Phase B)
エンパイア,EMPIRE NATURL SUPER PETFOOD,1,1,48,pet,B0FJLMDJLQ,8800,8800,中小候補,,,,要連絡先確認(Phase B)
株式会社 ベッツ・チョイス・ジャパン,セレクトバランス,1,1,48,pet,B0FRFCBBBZ,4356,4356,中小候補,,,,要連絡先確認(Phase B)
PETHROOM,PETHROOM,1,1,48,pet,B07PPRRWBJ,3199,3199,中小候補,,,,要連絡先確認(Phase B)
Pixuye,PIXUYE,1,1,48,pet,B0GY7L7RGQ,1575,1575,中小候補,,,,要連絡先確認(Phase B)
Activeridge,Acitive 心,1,1,48,pet,B0F25DH2HJ,2299,2299,中小候補,,,,要連絡先確認(Phase B)
HYTARSEIDO,HYTARSEIDO,1,1,48,pet,B0H3NSL8SP,2880,2880,中小候補,,,,要連絡先確認(Phase B)
レインボー,レインボー,1,1,48,pet,B08LGKPRYC,2626,2626,中小候補,,,,要連絡先確認(Phase B)
Aquarium Systems,インスタント　オーシャン,1,1,48,pet,B07NQ5PQYT,4980,4980,中小候補,,,,要連絡先確認(Phase B)
コモライフ,コモライフ,1,1,48,pet,B001C4NYPQ,2335,2335,中小候補,,,,要連絡先確認(Phase B)
LEDMOMO,LEDMOMO,1,1,48,pet,B091BYVQHP,1511,1511,中小候補,,,,要連絡先確認(Phase B)
1stアクアリウムショップ,ノーブランド品,1,1,48,pet,B0DRG7W7YD,1580,1580,中小候補,,,,要連絡先確認(Phase B)
テクノ高槻,テクノ高槻,1,1,48,pet,B00HLODZMS,29970,29970,中小候補,,,,要連絡先確認(Phase B)
mini2x,mini2x,1,1,48,toys,B09DJK87FJ,1580,1580,中小候補,,,,要連絡先確認(Phase B)
BAGSMART,BAGSMART,1,1,48,pc,B0BL7J5V24,2599,2599,中小候補,,,,要連絡先確認(Phase B)
盛田 特製たまり醤油 1.8L ペット,盛田 特製たまり醤油 1.8L ペット,1,1,48,pet,B008OAOA7C,1936,1936,中小候補,,,,要連絡先確認(Phase B)
ZUNEA,Zunea,1,1,48,pet,B07FXHRRXJ,2234,2234,中小候補,,,,要連絡先確認(Phase B)
ROZILO,ROZILO,1,1,48,instruments,B0DKCW8TW1,1800,1800,中小候補,,,,要連絡先確認(Phase B)
重松製作所(Shigematsu Seisakusyo),シゲマツ,1,1,48,industrial,B09K71X9LP,15300,15300,中小候補,,,,要連絡先確認(Phase B)
シモジマ(SHIMOJIMA),シモジマ(SHIMOJIMA),1,1,47,office,B0CN2S27QT,2042,2042,中小候補,,,,要連絡先確認(Phase B)
ヤマト,ヤマト,1,1,47,office,B07XT5TW59,2099,2099,中小候補,,,,要連絡先確認(Phase B)
現代製薬,現代製薬,1,1,47,pet,B0DXPMPP7P,2580,2580,中小候補,,,,要連絡先確認(Phase B)
株式会社エヌ・シー,株式会社エヌ・シー,1,1,47,pet,B0FRWZ6D2R,8580,8580,中小候補,,,,要連絡先確認(Phase B)
さかな畑,AQUAPONICS (アクアポニックス),1,1,47,pet,B07Y32TX25,12000,12000,中小候補,,,,要連絡先確認(Phase B)
ペット カインド,犬想い,1,1,47,pet,B09T5K1XRR,23650,23650,中小候補,,,,要連絡先確認(Phase B)
Lunabear,Lunabear,1,1,47,pet,B0FDMMJ74H,5970,5970,中小候補,,,,要連絡先確認(Phase B)
イティ,ノーブランド品,1,1,47,pet,B0DP2PKFV2,3960,3960,中小候補,,,,要連絡先確認(Phase B)
Wal front,Walfront,1,1,47,pet,B07M89TXQ7,3246,3246,中小候補,,,,要連絡先確認(Phase B)
ポゴナ・クラブ,ポゴナ・クラブ,1,1,47,pet,B0DGPY9KQW,2200,2200,中小候補,,,,要連絡先確認(Phase B)
ＵＰ　ＳＴＯＲＥ,ＵＰ　ＳＴＯＲＥ,1,1,47,toys,B09YRM4Q46,2980,2980,中小候補,,,,要連絡先確認(Phase B)
アガツマ(AGATSUMA),アガツマ(AGATSUMA),1,1,47,toys,B0B284HS72,7700,7700,中小候補,,,,要連絡先確認(Phase B)
keepLiNK,keepLiNK,1,1,47,pc,B0C1BPHGMH,10053,10053,中小候補,,,,要連絡先確認(Phase B)
SHENZHEN LIANFAXUN ELECTRONIC TECHNOLOGY CO LTD,QGeeM,1,1,47,pc,B0C68FQ9Y7,2980,2980,中小候補,,,,要連絡先確認(Phase B)
InFashionJP,In Fashion,1,1,47,pc,B0B9Y1QM86,6240,6240,大手/海外疑い,,,,要連絡先確認(Phase B)
NTTコミュニケーションズ,NTT,1,1,47,pc,B00117VJ7O,5980,5980,中小候補,,,,要連絡先確認(Phase B)
nasia+,nasia+,1,1,47,pc,B09JW9CLG9,4148,4148,中小候補,,,,要連絡先確認(Phase B)
co2CREA,co2CREA,1,1,47,pc,B00IHUWW06,1899,1899,中小候補,,,,要連絡先確認(Phase B)
日本電気,ノーブランド品,1,1,47,pc,B0BHV462G2,6600,6600,中小候補,,,,要連絡先確認(Phase B)
GPC Image Flex,GPC Image Flex,1,1,47,pc,B0F8NSG6FM,5080,5080,大手/海外疑い,,,,要連絡先確認(Phase B)
MCHOSE,OUSEITECH,1,1,47,pc,B0FKFW6C8K,13019,13019,中小候補,,,,要連絡先確認(Phase B)
AOWLONG,INEBIZ,1,1,47,pc,B07VVK11BD,27980,27980,中小候補,,,,要連絡先確認(Phase B)
Jinmdz,Kibnco,1,1,47,pc,B0GW896FLR,1500,1500,中小候補,,,,要連絡先確認(Phase B)
Maifeng,larfbulroc,1,1,47,pc,B0CCL3MTH6,1840,1840,中小候補,,,,要連絡先確認(Phase B)
UWH,UWH,1,1,47,pc,B0GD782WYJ,21999,21999,中小候補,,,,要連絡先確認(Phase B)
ブラザー工業,ブラザー工業,1,1,47,pc,B0CLWRQ1H6,19400,19400,中小候補,,,,要連絡先確認(Phase B)
T-Global,ワイドワーク,1,1,47,pc,B09MVW6NFX,2519,2519,中小候補,,,,要連絡先確認(Phase B)
WINTEN,WINTEN,1,1,47,pc,B0D49JR999,14220,14220,中小候補,,,,要連絡先確認(Phase B)
VIVO,VIVO,1,1,47,pc,B07QW3YN87,4699,4699,中小候補,,,,要連絡先確認(Phase B)
Ikiretmua,Ikiretmua,1,1,47,pc,B08ZKCNCFM,1680,1680,中小候補,,,,要連絡先確認(Phase B)
HydraPak(ハイドラパック),HydraPak,1,1,47,pc,B09TD9ZS2W,1990,1990,中小候補,,,,要連絡先確認(Phase B)
【E-COAST】,E-COAST,1,1,47,pc,B08J6CDLHM,1643,1643,中小候補,,,,要連絡先確認(Phase B)
PCフィルター専門工房,PCフィルター専門工房,1,1,47,pc,B09M2WW9M6,3306,3306,中小候補,,,,要連絡先確認(Phase B)
UeeKKoo,UeeKKoo,1,1,47,pc,B0D4LP7XWR,3300,3300,中小候補,,,,要連絡先確認(Phase B)
IT-CEO,IT-CEO,1,1,47,pc,B01N8R31GW,8992,8992,中小候補,,,,要連絡先確認(Phase B)
OHaGiN,OHaGiN,1,1,47,pet,B0D896JH52,5960,5960,中小候補,,,,要連絡先確認(Phase B)
RANPHY,Ranphy,1,1,47,pet,B07QGV12XX,1514,1514,中小候補,,,,要連絡先確認(Phase B)
DOGPET,DOGPET,1,1,47,pet,B0FXWZFDMB,2980,2980,中小候補,,,,要連絡先確認(Phase B)
生体（熱帯魚・シュリンプ・水草等）,,1,1,47,pet,B0181TRS56,1668,1668,中小候補,,,,要連絡先確認(Phase B)
ハヤブサ,グレンコ,1,1,47,pet,B0FWQQVBNF,5383,5383,中小候補,,,,要連絡先確認(Phase B)
ウォーターエンジニアリング,ウォーターエンジニアリング,1,1,47,pet,B085LB5RCD,2060,2060,中小候補,,,,要連絡先確認(Phase B)
三晃商会,Sanko,1,1,47,pet,B06XVC55PX,1956,1956,中小候補,,,,要連絡先確認(Phase B)
soobu,soobu,1,1,47,pet,B0CDVQGFJ9,1600,1600,中小候補,,,,要連絡先確認(Phase B)
LRHDE,,1,1,47,pc,B0CFLDQY9H,1880,1880,中小候補,,,,要連絡先確認(Phase B)
Acouto,Acouto,1,1,47,pc,B07FMTYC1Q,1800,1800,中小候補,,,,要連絡先確認(Phase B)
DSFE,,1,1,47,industrial,B0BJDZC9Y5,6847,6847,中小候補,,,,要連絡先確認(Phase B)
インテリムジャパン,インテリムジャパン,1,1,47,industrial,B0C6WRJF1Q,4580,4580,中小候補,,,,要連絡先確認(Phase B)
andmore,Speed mao,1,1,46,home_kitchen,B0997XQ6DK,1680,1680,中小候補,,,,要連絡先確認(Phase B)
義春刃物,加納商会,1,1,46,office,B0CQ3V5H1H,1880,1880,中小候補,,,,要連絡先確認(Phase B)
kamakura dog,KAMAKURA DOG,1,1,46,pet,B07GQQ3RTV,2380,2380,中小候補,,,,要連絡先確認(Phase B)
Banbo,Sockers,1,1,46,toys,B0GNST1S46,5501,5501,中小候補,,,,要連絡先確認(Phase B)
bandai,BANDAI,1,1,46,toys,B08XZPJFB5,15390,15390,大手/著名,,,,要連絡先確認(Phase B)
サンファーム,サンファーム,1,1,46,toys,B01CM0B3JW,1650,1650,中小候補,,,,要連絡先確認(Phase B)
Aniplex,アニプレックス,1,1,46,toys,B0DZZHSTD9,15790,15790,大手/著名,,,,要連絡先確認(Phase B)
フィロス,Philos,1,1,46,toys,B00IAM3IN6,2898,2898,中小候補,,,,要連絡先確認(Phase B)
GUND,GUND,1,1,46,toys,B08QTKV1SQ,2380,2380,中小候補,,,,要連絡先確認(Phase B)
ハック(Hac),Montagna,1,1,46,toys,B09MZ73K59,3000,3000,中小候補,,,,要連絡先確認(Phase B)
BRUDER（ブルーダー）,ブルーダー(Bruder),1,1,46,toys,B01NAQ5J95,9249,9249,中小候補,,,,要連絡先確認(Phase B)
METAL,METAL,1,1,46,toys,B0F8TPZ4H2,1981,1981,中小候補,,,,要連絡先確認(Phase B)
ロブテックス(Lobtex),ロブテックス(Lobtex),1,1,46,diy_tools,B0027WTV8G,7880,7880,中小候補,,,,要連絡先確認(Phase B)
BR-office,BR-office,1,1,46,pc,B0D51KCKYM,1580,1580,中小候補,,,,要連絡先確認(Phase B)
RICOH (リコー),リコー,1,1,46,pc,B078BKXYFZ,22000,22000,中小候補,,,,要連絡先確認(Phase B)
Tofficu,Tofficu,1,1,46,pc,B0DYKZCX6T,1668,1668,中小候補,,,,要連絡先確認(Phase B)
BROTHER,ブラザー工業,1,1,46,pc,B01GLF4MBK,9820,9820,中小候補,,,,要連絡先確認(Phase B)
Demant Sound Epos Audio A/S,EPOS,1,1,46,pc,B0CLVQK68F,7300,7300,中小候補,,,,要連絡先確認(Phase B)
MELOTOUGH,MELOTOUGH,1,1,46,industrial,B0DC9DYF5R,4220,4220,中小候補,,,,要連絡先確認(Phase B)
Cloudforce,UbiBot,1,1,46,industrial,B07FX1H1BR,3100,3100,中小候補,,,,要連絡先確認(Phase B)
Atlantic Safety Products,Atlantic Safety Products,1,1,46,industrial,B005IUKKR0,5736,5736,中小候補,,,,要連絡先確認(Phase B)
LIXIL（INAX）,LIXIL,1,1,46,industrial,B0DSDG342S,3287,3287,中小候補,,,,要連絡先確認(Phase B)
エスエムシー(SMC),SMC,1,1,46,industrial,B00O8ERG60,6800,6800,中小候補,,,,要連絡先確認(Phase B)
株式会社ワールドジェイビー,セブンエステ,1,1,45,home_kitchen,B07SCWFMZK,1500,1500,中小候補,,,,要連絡先確認(Phase B)
アクア工房,アクア工房,1,1,45,pet,B00HE8UVDM,2780,2780,中小候補,,,,要連絡先確認(Phase B)
安住商事,A-ITEM,1,1,45,pet,B0DR2P7SDZ,2477,2477,中小候補,,,,要連絡先確認(Phase B)
コズグロジャパン,テルメディック,1,1,45,pet,B000FX37B6,2440,2440,中小候補,,,,要連絡先確認(Phase B)
ハイペ、ナチュラルペットフーズ,ノーブランド品,1,1,45,pet,B0CN4HDQ47,1880,1880,中小候補,,,,要連絡先確認(Phase B)
HyzaPhix,HyzaPhix,1,1,45,pet,B0CXT4C6ZF,2066,2066,中小候補,,,,要連絡先確認(Phase B)
GUNDAM CARD GAME,GUNDAM CARD GAME,1,1,45,toys,B0FK12RM5R,1948,1948,中小候補,,,,要連絡先確認(Phase B)
MiniNiner,Mioyrenix,1,1,45,toys,B0FRLTXP64,2200,2200,中小候補,,,,要連絡先確認(Phase B)
ティーエスティーアドバンス(TST ADVANCE),TSTADVANCE,1,1,45,toys,B00NWKEAGU,1600,1600,中小候補,,,,要連絡先確認(Phase B)
Blackjack Strat.com,Blackjack Strat.com,1,1,45,toys,B0CXX8LHGB,5570,5570,中小候補,,,,要連絡先確認(Phase B)
MIP,MIP,1,1,45,toys,B0DN7S12YC,4495,4495,中小候補,,,,要連絡先確認(Phase B)
Popular Playthings,Popular Playthings,1,1,45,toys,B007H8ISMA,6258,6258,中小候補,,,,要連絡先確認(Phase B)
Jada Toys,Jada,1,1,45,toys,B0DXXS56M9,7348,7348,中小候補,,,,要連絡先確認(Phase B)
NOLITOY,NOLITOY,1,1,45,toys,B0CDZVBGZH,1559,1559,中小候補,,,,要連絡先確認(Phase B)
Erbacan,Erbacan,1,1,45,toys,B0B2KKGWMY,2800,2800,中小候補,,,,要連絡先確認(Phase B)
Dasmikro,STASRC,1,1,45,toys,B0DQTRV6F7,6090,6090,中小候補,,,,要連絡先確認(Phase B)
Baby Alive,Baby Alive,1,1,45,toys,B09C9T29QW,6814,6814,中小候補,,,,要連絡先確認(Phase B)
POKEMON,ポケモン(Pokemon),1,1,45,toys,B0DP5HHY1V,10717,10717,中小候補,,,,要連絡先確認(Phase B)
エポック社,EPOCH,1,1,45,toys,B0BVLK49GZ,2990,2990,中小候補,,,,要連絡先確認(Phase B)
いち屋 ICHI-YA,いち屋,1,1,45,toys,B008O0YM8O,5445,5445,中小候補,,,,要連絡先確認(Phase B)
UGEARS,UGEARS,1,1,45,toys,B0CCVP87G9,9380,9380,中小候補,,,,要連絡先確認(Phase B)
JunyueLiang,JunyueLiang,1,1,45,toys,B0CBHFCQ36,1698,1698,中小候補,,,,要連絡先確認(Phase B)
ツボサン(Tsubosan),ツボサン(Tsubosan),1,1,45,diy_tools,B003WN4S0U,2460,2460,中小候補,,,,要連絡先確認(Phase B)
BINGSTARONE,ノーブランド品,1,1,45,pc,B0DJJNVVQZ,1600,1600,中小候補,,,,要連絡先確認(Phase B)
Hallmark,Hallmark,1,1,45,toys,B0CST922B6,4921,4921,中小候補,,,,要連絡先確認(Phase B)
YUNFANG,YUNFANG,1,1,45,toys,B0CJY1P9KY,4649,4649,中小候補,,,,要連絡先確認(Phase B)
アーテック(Artec),アーテック(artec),1,1,45,toys,B0CKHV35MJ,1645,1645,中小候補,,,,要連絡先確認(Phase B)
NLC,WELLSKY,1,1,45,appliances,B0FBS8BRHC,2699,2699,大手/海外疑い,,,,要連絡先確認(Phase B)
PONATTENO,PONATTENO,1,1,45,appliances,B0BV2F5HWW,1880,1880,中小候補,,,,要連絡先確認(Phase B)
リョービ(Ryobi),KYOCERA,1,1,45,industrial,B00VJ3MVVI,6729,6729,中小候補,,,,要連絡先確認(Phase B)
Major Brands,Major Brands,1,1,45,industrial,B00B88FXQO,4819,4819,中小候補,,,,要連絡先確認(Phase B)
サトーパーツ,サトーパーツ,1,1,45,industrial,B01CJEWAHU,2050,2050,中小候補,,,,要連絡先確認(Phase B)
ショーワグローブ,ショーワグローブ(Showaglove),1,1,45,industrial,B07F6VY463,3700,3700,中小候補,,,,要連絡先確認(Phase B)
三商,三商,1,1,45,industrial,B07DBX8XZZ,19437,19437,中小候補,,,,要連絡先確認(Phase B)
FBHDZVV,FBHDZVV,1,1,45,industrial,B08K7Q3QRD,1971,1971,中小候補,,,,要連絡先確認(Phase B)
LZ,LOZOME,1,1,45,industrial,B091NPTJ4G,4728,4728,中小候補,,,,要連絡先確認(Phase B)
GOVO,GOVO,1,1,44,office,B07DX7R61N,3237,3237,中小候補,,,,要連絡先確認(Phase B)
アスク,ジャパンプレミアム,1,1,44,pet,B09X5F2KH1,2099,2099,中小候補,,,,要連絡先確認(Phase B)
Marly & Dan,Marly & Dan,1,1,44,pet,B0D8Q7MPLM,1663,1663,中小候補,,,,要連絡先確認(Phase B)
DHC,DHC,1,1,44,pet,B08132ZLZ8,2200,2200,中小候補,,,,要連絡先確認(Phase B)
Noverlife,Noverlife,1,1,44,pet,B08FJ6GB1W,1862,1862,中小候補,,,,要連絡先確認(Phase B)
ブライトンネット,ブライトンネット,1,1,44,appliances,B0CCR96FRF,1780,1780,大手/海外疑い,,,,要連絡先確認(Phase B)
CJLPOMZXNB,,1,1,44,home_kitchen,B0CMLW2MRR,1788,1788,中小候補,,,,要連絡先確認(Phase B)
ライオン,ベッツドクタースペック,1,1,44,pet,B07FSB1PVZ,2950,2950,大手/著名,,,,要連絡先確認(Phase B)
Zenpets,Zenpets,1,1,44,pet,B0B2V8G3H3,2100,2100,中小候補,,,,要連絡先確認(Phase B)
animonda,アニモンダ,1,1,44,pet,B006WZ9B48,1573,1573,中小候補,,,,要連絡先確認(Phase B)
CHANCS,CHANCS,1,1,44,industrial,B092M6LR4S,1614,1614,中小候補,,,,要連絡先確認(Phase B)
Curtain　Fab FUN,日本織物中央卸商業組合連合会,1,1,43,home_kitchen,B09J4QT1TY,2580,2580,中小候補,,,,要連絡先確認(Phase B)
TEKLA,Tekla,1,1,43,home_kitchen,B0BT6VCJF2,2180,2180,中小候補,,,,要連絡先確認(Phase B)
川上産業,川上産業(Kawakami Sangyo),1,1,43,office,B00UKHUYX6,15600,15600,中小候補,,,,要連絡先確認(Phase B)
アートプリントジャパン,アートプリントジャパン,1,1,43,office,B0F7WDR3W9,1680,1680,中小候補,,,,要連絡先確認(Phase B)
大高製紙(Ootakaseisi),大高製紙(Ootakaseisi),1,1,43,office,B007TFO6QI,4170,4170,中小候補,,,,要連絡先確認(Phase B)
フエキ,フエキ,1,1,43,office,B01JHW7Q1W,3783,3783,中小候補,,,,要連絡先確認(Phase B)
Lamy,LAMY,1,1,43,office,B0002T3YCA,10500,10500,大手/海外疑い,,,,要連絡先確認(Phase B)
コニシ,コニシ(Konishi),1,1,43,office,B0F18P5XGV,12180,12180,中小候補,,,,要連絡先確認(Phase B)
0,ノーブランド品,1,1,43,office,B01L82K738,1699,1699,中小候補,,,,要連絡先確認(Phase B)
Poafamx,Poafamx,1,1,43,office,B09XF1B53Y,19000,19000,中小候補,,,,要連絡先確認(Phase B)
KESYOO,KESYOO,1,1,43,office,B0FXMV546B,2169,2169,中小候補,,,,要連絡先確認(Phase B)
㈱ハピラ,コレサポ,1,1,43,office,B0CJXP3QRD,1584,1584,中小候補,,,,要連絡先確認(Phase B)
Andrews McMeel Publishing,Andrews McMeel Publishing,1,1,43,office,B0GF9BTRZX,3166,3166,中小候補,,,,要連絡先確認(Phase B)
LUCKY CRAFT,ラッキークラフト(LUCKY CRAFT),1,1,43,office,B003CTJZDY,1999,1999,中小候補,,,,要連絡先確認(Phase B)
TXPOSEA,TXPOSEA,1,1,43,office,B09DY4N4J3,3580,3580,中小候補,,,,要連絡先確認(Phase B)
横濱ゼームス商会,横濱ゼームス商会,1,1,43,office,B0815SSTV6,5000,5000,中小候補,,,,要連絡先確認(Phase B)
GSIクレオス,Generic,1,1,43,office,B0CQZFS3VP,1550,1550,中小候補,,,,要連絡先確認(Phase B)
NUOBESTY,NUOBESTY,1,1,43,office,B0CPP871GV,3258,3258,中小候補,,,,要連絡先確認(Phase B)
埼玉福祉会,埼玉福祉会,1,1,43,office,B01MU9YW8N,5093,5093,中小候補,,,,要連絡先確認(Phase B)
tin sings,RETWTQ,1,1,43,office,B0FWJVWR78,1699,1699,中小候補,,,,要連絡先確認(Phase B)
"Horizon Group USA,Inc","Horizon Group, USA",1,1,43,office,B0G61PKKLZ,4410,4410,中小候補,,,,要連絡先確認(Phase B)
GHANZS,GHANZS,1,1,43,office,B0C6DJFK7N,3950,3950,中小候補,,,,要連絡先確認(Phase B)
ABOKSUN,ABOKSUN,1,1,43,office,B0FNY4DBJP,1687,1687,中小候補,,,,要連絡先確認(Phase B)
PANDAFLY,PANDAFLY,1,1,43,office,B09SNPYZVX,3580,3580,中小候補,,,,要連絡先確認(Phase B)
Hamans,Hamans,1,1,43,office,B0CKTTQXVS,2299,2299,中小候補,,,,要連絡先確認(Phase B)
BTSKY,BTSKY,1,1,43,office,B07RDW2GKK,2990,2990,中小候補,,,,要連絡先確認(Phase B)
林製作所(Hayashiseisakusho),林製作所(Hayashiseisakusho),1,1,43,office,B00BT92DME,20019,20019,中小候補,,,,要連絡先確認(Phase B)
Travelization,Travelization,1,1,43,office,B07ZTBRHYF,7180,7180,中小候補,,,,要連絡先確認(Phase B)
Lanxiemens,Lanxiemens,1,1,43,office,B0FL74SLY3,1880,1880,中小候補,,,,要連絡先確認(Phase B)
水空間,mizu kuukan,1,1,43,diy_tools,B008V2GG5C,2202,2202,中小候補,,,,要連絡先確認(Phase B)
アトムリビンテック株式会社,アトムリビンテック,1,1,43,diy_tools,B01DNQFACK,2091,2091,中小候補,,,,要連絡先確認(Phase B)
iMODE,TORU,1,1,43,appliances,B0DFS2CCVK,7612,7612,中小候補,,,,要連絡先確認(Phase B)
China,eTone,1,1,43,appliances,B07K794MJ3,3100,3100,中小候補,,,,要連絡先確認(Phase B)
Fotodiox,Fotodiox,1,1,43,appliances,B00DBB7QC0,2450,2450,中小候補,,,,要連絡先確認(Phase B)
fransun,fransun,1,1,43,appliances,B0GVJNLSK9,1980,1980,中小候補,,,,要連絡先確認(Phase B)
ELPA,エルパ(ELPA),1,1,43,appliances,B01GZU935G,2880,2880,中小候補,,,,要連絡先確認(Phase B)
ナガオカトレーディング,movio,1,1,43,appliances,B0BQ356554,3543,3543,中小候補,,,,要連絡先確認(Phase B)
Sodorous US,Sodorous,1,1,43,appliances,B0CLVCQPDG,2000,2000,中小候補,,,,要連絡先確認(Phase B)
ZBLZGP,ZBLZGP,1,1,43,appliances,B0DK6LK2R5,2169,2169,中小候補,,,,要連絡先確認(Phase B)
Aikutaysa,Aikutaysa,1,1,43,appliances,B0D5VNYT9Q,2990,2990,中小候補,,,,要連絡先確認(Phase B)
Apple Computer,Apple(アップル),1,1,43,appliances,B089YX81NQ,21952,21952,大手/著名,,,,要連絡先確認(Phase B)
レイ・アウト,レイ・アウト,1,1,43,appliances,B0BHMDF5LS,1590,1590,中小候補,,,,要連絡先確認(Phase B)
Pelican,Pelican,1,1,43,appliances,B0FKBYP22R,7690,7690,中小候補,,,,要連絡先確認(Phase B)
morishop,Morishop,1,1,43,pc,B0BTDXTL2T,1598,1598,中小候補,,,,要連絡先確認(Phase B)
TOYOUTHS,TOYOUTHS,1,1,43,appliances,B0DKFLVZG3,2000,2000,大手/海外疑い,,,,要連絡先確認(Phase B)
freneci,Freneci,1,1,43,car,B089GGSB15,1850,1850,大手/著名,,,,要連絡先確認(Phase B)
二次元コスパ(Nijigen Cospa),コスパ COSPA,1,1,43,hobby,B0CYZPGXMV,3982,3982,中小候補,,,,要連絡先確認(Phase B)
nijigen,コスパ COSPA,1,1,43,hobby,B0H4DZGDB2,2069,2069,中小候補,,,,要連絡先確認(Phase B)
Sunnystacticalgear,Sunnystacticalgear,1,1,43,hobby,B07T5JMC8W,4387,4387,中小候補,,,,要連絡先確認(Phase B)
昆明传桥伟商贸有限公司,asakusa,1,1,43,hobby,B0C5C78DF8,11950,11950,中小候補,,,,要連絡先確認(Phase B)
素晴らしいもの,YangShu,1,1,42,home_kitchen,B08CDG23T3,1778,1778,中小候補,,,,要連絡先確認(Phase B)
Champion(チャンピオン),丸眞,1,1,42,home_kitchen,B09MYY7NXX,2135,2135,中小候補,,,,要連絡先確認(Phase B)
HOMKEE,,1,1,42,home_kitchen,B0CJTTLPZ6,2095,2095,中小候補,,,,要連絡先確認(Phase B)
hinryo,HINRYO,1,1,42,home_kitchen,B019C9B3LY,2980,2980,中小候補,,,,要連絡先確認(Phase B)
BOSSCASA,BOSSCASA,1,1,42,office,B0D6B1W5GL,2894,2894,中小候補,,,,要連絡先確認(Phase B)
ニッケン刃物,V.ROAD,1,1,42,office,B0777KVWK2,2227,2227,中小候補,,,,要連絡先確認(Phase B)
UNITED BEES/ユナイテッドビーズ,UNITEDBEES ユナイテッドビーズ,1,1,42,office,B00U0QADEM,1830,1830,中小候補,,,,要連絡先確認(Phase B)
Sheaffer,SHEAFFER,1,1,42,office,B0D97QVFGQ,7700,7700,中小候補,,,,要連絡先確認(Phase B)
korei,KOREI,1,1,42,office,B0H7RY1HMQ,4179,4179,中小候補,,,,要連絡先確認(Phase B)
Pilot,PILOT,1,1,42,office,B006CQUX1M,1750,1750,大手/著名,,,,要連絡先確認(Phase B)
菅公工業(KANKO KOGYO),菅公工業,1,1,42,office,B001GR2E8M,2619,2619,中小候補,,,,要連絡先確認(Phase B)
ビーエスエス,ビーエスエス,1,1,42,office,B0D8SN142T,1698,1698,中小候補,,,,要連絡先確認(Phase B)
Jaken,Tools for School,1,1,42,office,B07DPTPBSF,6955,6955,中小候補,,,,要連絡先確認(Phase B)
学研プラス,Gakken,1,1,42,office,4052056035,2860,2860,大手/著名,,,,要連絡先確認(Phase B)
司化成工業,司化成工業,1,1,42,office,B002P9603K,3220,3220,中小候補,,,,要連絡先確認(Phase B)
elago,elago,1,1,42,office,B09X6QLN8C,7660,7660,中小候補,,,,要連絡先確認(Phase B)
Post-Itayfee,Post-it,1,1,42,office,B004I7HHSO,1677,1677,中小候補,,,,要連絡先確認(Phase B)
マグネット(Magnet),Mmagnet,1,1,42,office,B00L9ZW22Y,1575,1575,中小候補,,,,要連絡先確認(Phase B)
株式会社ベリー,VERY TOKYO,1,1,42,pet,B0FWBGP2KZ,1780,1780,中小候補,,,,要連絡先確認(Phase B)
Winning,Winning,1,1,42,sports,B00DGN4662,4752,4752,中小候補,,,,要連絡先確認(Phase B)
NEW ERA(ニューエラ),NEW ERA(ニューエラ),1,1,42,sports,B0G1B89WKS,4150,4150,中小候補,,,,要連絡先確認(Phase B)
Axis Former(アクシスフォーマー),Axis Former,1,1,42,sports,B006OFLGM6,7980,7980,中小候補,,,,要連絡先確認(Phase B)
カンタベリー,CANTERBURY(カンタベリー),1,1,42,sports,B0BNVF3MJC,6530,6530,中小候補,,,,要連絡先確認(Phase B)
Vvinca,Vvinca,1,1,42,sports,B09TL1XNMK,4228,4228,中小候補,,,,要連絡先確認(Phase B)
ファインジャパン（FINE JAPAN）,ファインジャパン,1,1,42,sports,B085G2WNCY,3149,3149,中小候補,,,,要連絡先確認(Phase B)
株式会社シマノ*,シマノ(SHIMANO),1,1,42,sports,B0BLXS1XFG,2077,2077,大手/著名,,,,要連絡先確認(Phase B)
エスビット(Esbit),エスビット(Esbit),1,1,42,sports,B000AQQTYA,2005,2005,中小候補,,,,要連絡先確認(Phase B)
Nemo Equipment,NEMO Equipment,1,1,42,sports,B0DK7PMPQX,6580,6580,中小候補,,,,要連絡先確認(Phase B)
JFA,JFA,1,1,42,sports,B0H38TJCXH,2400,2400,中小候補,,,,要連絡先確認(Phase B)
NEMO Equipment,NEMO Equipment,1,1,42,sports,B0DK7QDNW1,6930,6930,中小候補,,,,要連絡先確認(Phase B)
INOAC(カブシキガイシャイノアックコーポレーション),INOAC(カブシキガイシャイノアックコーポレーション),1,1,42,sports,B004VIW0D2,1656,1656,中小候補,,,,要連絡先確認(Phase B)
エリッゼ（ELLISSE）,エリッゼステーク,1,1,42,sports,B00KV7A6RY,3608,3608,中小候補,,,,要連絡先確認(Phase B)
オーストリッチ(OSTRICH),オーストリッチ(OSTRICH),1,1,42,sports,B09STH96DQ,7980,7980,中小候補,,,,要連絡先確認(Phase B)
PERFORM BETTER,PERFORM BETTER,1,1,42,sports,B07NL5NP3T,5600,5600,中小候補,,,,要連絡先確認(Phase B)
ヨネックス,YONEX(ヨネックス),1,1,42,sports,B09MJ6NZFJ,2540,2540,中小候補,,,,要連絡先確認(Phase B)
エレメンツ,ELEMENTS(エレメンツ),1,1,42,sports,B0DJC6HWCD,3275,3275,中小候補,,,,要連絡先確認(Phase B)
pendoo,pendoo,1,1,42,diy_tools,B0CP7MSGVS,3599,3599,中小候補,,,,要連絡先確認(Phase B)
KUMANUKE,KUMANUKE,1,1,42,diy_tools,B0H5L7CLK4,3960,3960,中小候補,,,,要連絡先確認(Phase B)
TAHUAON,TAHUAON,1,1,42,diy_tools,B09CV4NSDF,2499,2499,中小候補,,,,要連絡先確認(Phase B)
ニチアス,ニチアス,1,1,42,diy_tools,B004TL9OSA,13888,13888,中小候補,,,,要連絡先確認(Phase B)
CycEzreal,CycEzreal,1,1,42,appliances,B0GY323Z3H,5457,5457,中小候補,,,,要連絡先確認(Phase B)
Ignalu,Ignalu,1,1,42,appliances,B0FJ641M7P,8534,8534,大手/海外疑い,,,,要連絡先確認(Phase B)
サイフィンプ,Scifimp,1,1,42,appliances,B0GGPCCXZR,3499,3499,中小候補,,,,要連絡先確認(Phase B)
gthytjuytrrhj,YUAXIA (ユアクシア),1,1,42,appliances,B0D7CQYDX1,2204,2204,中小候補,,,,要連絡先確認(Phase B)
コナミデジタルエンタテイメント,コナミデジタルエンタテインメント(Konami Digital Entertainment),1,1,42,hobby,B006HXXCBS,3250,3250,中小候補,,,,要連絡先確認(Phase B)
Shubugo,S SENSY,1,1,42,hobby,B09L764838,4935,4935,中小候補,,,,要連絡先確認(Phase B)
ロイストレード,SHENKEL,1,1,42,hobby,B07V4BJ4HT,2300,2300,中小候補,,,,要連絡先確認(Phase B)
Propper,Propper,1,1,42,hobby,B097NQDVLQ,5618,5618,中小候補,,,,要連絡先確認(Phase B)
syvent,syvent,1,1,42,hobby,B0FH9VSZL4,3200,3200,中小候補,,,,要連絡先確認(Phase B)
mvivm,mvivm,1,1,42,hobby,B0D317YBTW,9760,9760,中小候補,,,,要連絡先確認(Phase B)
Hellery,Hellery,1,1,42,hobby,B083H5XBQH,1750,1750,中小候補,,,,要連絡先確認(Phase B)
Fireboomoon,FIREBOOMOON,1,1,42,hobby,B08B3KW27Y,3015,3015,中小候補,,,,要連絡先確認(Phase B)
アイシーエム,アイシーエム,1,1,42,hobby,B00J2K5O3M,2946,2946,中小候補,,,,要連絡先確認(Phase B)
Youngfull,Youngfull,1,1,42,hobby,B0FNK93PB7,4580,4580,中小候補,,,,要連絡先確認(Phase B)
SGZY-AMZ,Ychostamp,1,1,42,hobby,B0F13NQXST,3680,3680,中小候補,,,,要連絡先確認(Phase B)
フリーダムモデルキット,フリーダムモデルキット,1,1,42,hobby,B01H1GTT84,9440,9440,中小候補,,,,要連絡先確認(Phase B)
ププバンバン屋,ププバンバン屋,1,1,42,hobby,B0GBVC3GMW,6500,6500,中小候補,,,,要連絡先確認(Phase B)
名村大成堂,名村大成堂(Namurataiseidou),1,1,42,hobby,B00Q8BVXMO,1760,1760,中小候補,,,,要連絡先確認(Phase B)
Motormax,Motormax,1,1,42,hobby,B0BQRWVZDB,7585,7585,中小候補,,,,要連絡先確認(Phase B)
ABUNDANTDOODS,ＡＢＵＮＤＡＮＴＤＯＯＤＳ,1,1,42,hobby,B086YP6ZQ5,2500,2500,中小候補,,,,要連絡先確認(Phase B)
DETONATOR,DETONATOR,1,1,42,hobby,B0DNJM9M6S,10433,10433,中小候補,,,,要連絡先確認(Phase B)
CIBOS,CIBOS,1,1,42,hobby,B0CLXZW1DF,5237,5237,中小候補,,,,要連絡先確認(Phase B)
トミー,タカラトミー(TAKARA TOMY),1,1,42,hobby,B0013GN4MQ,3680,3680,大手/著名,,,,要連絡先確認(Phase B)
5050WORKSHOP,5050WORKSHOP,1,1,41,home_kitchen,B08VS43RB6,1870,1870,中小候補,,,,要連絡先確認(Phase B)
オレゴニアンキャンパー(Oregonian Camper),オレゴニアンキャンパー(Oregonian Camper),1,1,41,home_kitchen,B08MWRKJYK,4070,4070,中小候補,,,,要連絡先確認(Phase B)
プラスティックス,MOHEIM,1,1,41,office,B09LD4YN41,2530,2530,大手/著名,,,,要連絡先確認(Phase B)
nakoneko,nakoneko,1,1,41,pet,B093TSSF7R,1717,1717,中小候補,,,,要連絡先確認(Phase B)
WOLEDOE,WOLEDOE,1,1,41,pet,B0BN9TK4F1,1600,1600,中小候補,,,,要連絡先確認(Phase B)
enne.,enne.,1,1,41,toys,B0BTS89G42,1899,1899,中小候補,,,,要連絡先確認(Phase B)
Xuhal,Xuhal,1,1,41,toys,B0CWFRQ7HQ,5298,5298,中小候補,,,,要連絡先確認(Phase B)
Entry Japan(エントリージャパン),Ear Band-it,1,1,41,sports,B0081TOF12,2970,2970,中小候補,,,,要連絡先確認(Phase B)
アサヒサイクル,アサヒサイクル(ASAHICYCLE),1,1,41,sports,B00HH2DVP0,4331,4331,大手/著名,,,,要連絡先確認(Phase B)
DUEL(デュエル),DUEL(デュエル),1,1,41,sports,B01LYGYQ5T,2215,2215,中小候補,,,,要連絡先確認(Phase B)
Blitzball,BLITZBALL,1,1,41,sports,B01I0L3WWS,4680,4680,中小候補,,,,要連絡先確認(Phase B)
サクライ貿易(SAKURAI),サクライ貿易(SAKURAI),1,1,41,sports,B00IIYCBK2,3514,3514,中小候補,,,,要連絡先確認(Phase B)
molten(モルテン),モルテン(molten),1,1,41,sports,B0BYHF2Q1S,3132,3132,中小候補,,,,要連絡先確認(Phase B)
Fozzils,Fozzils,1,1,41,sports,B07VJQ1BQ3,2130,2130,中小候補,,,,要連絡先確認(Phase B)
スーパーストローク(Super Stroke),SuperStroke,1,1,41,sports,B0C5XLL3RQ,5910,5910,中小候補,,,,要連絡先確認(Phase B)
蘭華,脚ツラン,1,1,41,sports,B0BL2C66HS,4950,4950,中小候補,,,,要連絡先確認(Phase B)
ウルフトゥース(Wolf Tooth),ウルフトゥース(Wolf Tooth),1,1,41,sports,B093CNCKB4,8809,8809,中小候補,,,,要連絡先確認(Phase B)
Poilee,Poilee,1,1,41,sports,B01M7VWYU5,1870,1870,中小候補,,,,要連絡先確認(Phase B)
DCE,DCE,1,1,41,sports,B0FK9YSQB7,3569,3569,中小候補,,,,要連絡先確認(Phase B)
バボラ(Babolat),バボラ(Babolat),1,1,41,sports,B0GYBJPGB7,2420,2420,中小候補,,,,要連絡先確認(Phase B)
三共コーポレーション(Sankyo Corporation),GREEN ACE(グリーンエース),1,1,41,diy_tools,B01560ULRK,3257,3257,中小候補,,,,要連絡先確認(Phase B)
マツモト産業,マツモト産業,1,1,41,diy_tools,B01M5E6T7R,11000,11000,中小候補,,,,要連絡先確認(Phase B)
Kalolary,Kalolary,1,1,41,diy_tools,B0DR2RJHZD,1599,1599,中小候補,,,,要連絡先確認(Phase B)
IWISS,IWISS,1,1,41,diy_tools,B07QG5Y55T,3580,3580,中小候補,,,,要連絡先確認(Phase B)
ピービ―スイスツールズ(PB SWISS TOOLS),PB SWISS TOOLS,1,1,41,diy_tools,B003KW6C0M,1667,1667,中小候補,,,,要連絡先確認(Phase B)
日立,日立(HITACHI),1,1,41,diy_tools,B00IH7NXHA,4059,4059,大手/著名,,,,要連絡先確認(Phase B)
株式会社KVK,KVK,1,1,41,diy_tools,B07TTS74ZG,3300,3300,中小候補,,,,要連絡先確認(Phase B)
誠和,セイワ(SEIWA),1,1,41,diy_tools,B011XMHMKE,14800,14800,中小候補,,,,要連絡先確認(Phase B)
MCC,MCC,1,1,41,diy_tools,B003N7TJT0,10710,10710,中小候補,,,,要連絡先確認(Phase B)
WP WORKPAD,WP WORKPAD,1,1,41,diy_tools,B0875NQPSB,12964,12964,中小候補,,,,要連絡先確認(Phase B)
タカショー(Takasho),タカショー(Takasho),1,1,41,diy_tools,B002GMJG82,1568,1568,中小候補,,,,要連絡先確認(Phase B)
ゴール,ゴール,1,1,41,diy_tools,B01MYE8HHB,4300,4300,中小候補,,,,要連絡先確認(Phase B)
LION,LION,1,1,41,diy_tools,B07DHHCYHV,12910,12910,大手/著名,,,,要連絡先確認(Phase B)
池内商店,池内商店,1,1,41,diy_tools,B019GUDQHI,2360,2360,中小候補,,,,要連絡先確認(Phase B)
増田滑石工業所,増田滑石工業所,1,1,41,diy_tools,B010FMISYW,1603,1603,中小候補,,,,要連絡先確認(Phase B)
清水製作所,清水製作所,1,1,41,diy_tools,B001Y55M80,1844,1844,中小候補,,,,要連絡先確認(Phase B)
スーパーツール(Super Tool),スーパーツール(Supertool),1,1,41,diy_tools,B004OQZWK4,2721,2721,中小候補,,,,要連絡先確認(Phase B)
株式会社lovers,ハートドロップス,1,1,41,diy_tools,B07SFXVRL1,2880,2880,中小候補,,,,要連絡先確認(Phase B)
TOMETURE,TOMETURE,1,1,41,diy_tools,B0GXJW6CKY,1857,1857,中小候補,,,,要連絡先確認(Phase B)
プラスワイズ,プラスワイズ,1,1,41,diy_tools,B01KJIFDAO,2629,2629,大手/著名,,,,要連絡先確認(Phase B)
大和プラスチック(Yamato Plastic),大和プラスチック(Yamato Plastic),1,1,41,diy_tools,B00TUWGQKW,1654,1654,大手/著名,,,,要連絡先確認(Phase B)
マイゾックス,ダイドーハント,1,1,41,diy_tools,B005X35BDA,6870,6870,中小候補,,,,要連絡先確認(Phase B)
アルタン,アルタン,1,1,41,diy_tools,B00SINXM3S,5150,5150,中小候補,,,,要連絡先確認(Phase B)
Aoikoy,Aoikoy,1,1,41,diy_tools,B0CDBXNXMD,4280,4280,中小候補,,,,要連絡先確認(Phase B)
浅香工業(Asaka Kougyou),浅香工業(Asaka Kougyou),1,1,41,diy_tools,B003V9F7W8,5980,5980,中小候補,,,,要連絡先確認(Phase B)
HAZFAS,HAZFAS,1,1,41,diy_tools,B0G4LFNF4G,5999,5999,中小候補,,,,要連絡先確認(Phase B)
shibuya,シブヤ,1,1,41,diy_tools,B07CCZVZH7,8250,8250,中小候補,,,,要連絡先確認(Phase B)
ムサシ(MUSASHI),ムサシ(MUSASHI),1,1,41,diy_tools,B09GJZVPQS,4360,4360,中小候補,,,,要連絡先確認(Phase B)
GUZIKO,GUZIKO,1,1,41,car,B09F6D93JY,1660,1660,中小候補,,,,要連絡先確認(Phase B)
ダイハツ,ノーブランド品,1,1,41,car,B07ZPTMKPM,5434,5434,中小候補,,,,要連絡先確認(Phase B)
ledmomo,LEDMOMO,1,1,41,car,B09Q14HYR1,3039,3039,中小候補,,,,要連絡先確認(Phase B)
PRO-KODASKIN,KRTOS,1,1,41,car,B0DWLFK8WB,14190,14190,中小候補,,,,要連絡先確認(Phase B)
FKマッシモ,FKマッシモ,1,1,41,car,B00G0P78UY,19091,19091,中小候補,,,,要連絡先確認(Phase B)
XIBUSANA,XIBUSANA,1,1,41,car,B0G42YZ2R5,2999,2999,中小候補,,,,要連絡先確認(Phase B)
helios,HELIOS,1,1,41,car,B0BT7GBH1Z,27795,27795,中小候補,,,,要連絡先確認(Phase B)
Tanabe(タナベ),SEIKOH,1,1,41,car,B07KQDYZNQ,12400,12400,大手/著名,,,,要連絡先確認(Phase B)
SHAD(シャッド),シャッド(Shad),1,1,41,car,B008J3C3HI,1770,1770,中小候補,,,,要連絡先確認(Phase B)
MOROBOR,Morobor,1,1,41,home_kitchen,B0G3HCSK2P,2636,2636,中小候補,,,,要連絡先確認(Phase B)
taiyuanshiwanbolinqushengjikejiyouxiangongsi,LINGHAIDIA,1,1,41,home_kitchen,B0H1RVVZR3,2656,2656,中小候補,,,,要連絡先確認(Phase B)
福福堂,逆鱗,1,1,41,toys,B07D66PHV8,1500,1500,中小候補,,,,要連絡先確認(Phase B)
Ryo楽々生活館,Ryo楽々生活館,1,1,41,pc,B0GWW5C9WX,2290,2290,中小候補,,,,要連絡先確認(Phase B)
WKTKZ,,1,1,40,home_kitchen,B08XX7D5XC,1580,1580,中小候補,,,,要連絡先確認(Phase B)
gazechimp,Gazechimp,1,1,40,pet,B09328PB5C,1790,1790,中小候補,,,,要連絡先確認(Phase B)
アイアイ(Aiai),AIAI,1,1,40,diy_tools,B003LX6566,2308,2308,中小候補,,,,要連絡先確認(Phase B)
DOACT,DOACT,1,1,40,diy_tools,B0C4VRWZN9,1565,1565,中小候補,,,,要連絡先確認(Phase B)
リンナイ(Rinnai),リンナイ(Rinnai),1,1,40,diy_tools,B0179R8OW2,16317,16317,中小候補,,,,要連絡先確認(Phase B)
Brake Free,Brake Free,1,1,40,car,B0F94KSVZS,29980,29980,中小候補,,,,要連絡先確認(Phase B)
Tbest,Tbest,1,1,40,car,B0GN4S7KDN,10519,10519,中小候補,,,,要連絡先確認(Phase B)
BSAMZO,BSAMZO,1,1,40,car,B0CS2X2KXZ,2199,2199,中小候補,,,,要連絡先確認(Phase B)
ジェーアンブル,アーバニズム(Urbanism),1,1,40,car,B0GP6S8CJJ,22774,22774,中小候補,,,,要連絡先確認(Phase B)
Helios,HELIOS,1,1,40,car,B08WPQDLCV,6410,6410,中小候補,,,,要連絡先確認(Phase B)
タナックス(Tanax),タナックス(Tanax),1,1,40,car,B0C7BSSMRG,2131,2131,中小候補,,,,要連絡先確認(Phase B)
SSFRI,SSFRI,1,1,40,car,B0C4P9KWHY,2399,2399,中小候補,,,,要連絡先確認(Phase B)
ゴードンミラー(GORDON MILLER),ゴードンミラー(GORDON MILLER),1,1,40,car,B0FWCHFQ59,4000,4000,中小候補,,,,要連絡先確認(Phase B)
K KNODEL,K KNODEL,1,1,40,car,B087L49KNB,2830,2830,中小候補,,,,要連絡先確認(Phase B)
NOCO,NOCO,1,1,40,car,B07C2VZGJY,5918,5918,中小候補,,,,要連絡先確認(Phase B)
Ｔｒｏｉｓ,Ｔｒｏｉｓ,1,1,40,car,B0CW2V6P8D,2736,2736,中小候補,,,,要連絡先確認(Phase B)
デンソー（DENSO）,デンソー(DENSO),1,1,40,car,B00NTRJANE,3770,3770,中小候補,,,,要連絡先確認(Phase B)
SHUNSHUIWLKJ,FUBUSEE,1,1,40,car,B0GGR16F9V,1698,1698,中小候補,,,,要連絡先確認(Phase B)
ジェーティーシー(JTC),JTC,1,1,40,car,B00PIHZ4WE,17712,17712,中小候補,,,,要連絡先確認(Phase B)
SEAFRONT,SEAFRONT,1,1,40,car,B089R1224N,1852,1852,中小候補,,,,要連絡先確認(Phase B)
ボードライダーズジャパン合同会社,QUIKSILVER(クイックシルバー),1,1,40,car,B0H2V1HXD5,6490,6490,中小候補,,,,要連絡先確認(Phase B)
Permatex,Permatex,1,1,40,car,B0018PSASU,4302,4302,中小候補,,,,要連絡先確認(Phase B)
ZOIBV,ZOIBV,1,1,40,car,B0DGTF92T2,13831,13831,中小候補,,,,要連絡先確認(Phase B)
Boyanmd,Quaneguzy,1,1,40,car,B0DG4HPL56,2500,2500,中小候補,,,,要連絡先確認(Phase B)
Childhood Motors,Childhood Motors,1,1,40,car,B0BJ1DVS2B,7980,7980,中小候補,,,,要連絡先確認(Phase B)
PIAA(ピア),PIAA(ピア),1,1,40,car,B00A9POZMK,2960,2960,中小候補,,,,要連絡先確認(Phase B)
Nacalikeey,Nacalikeey,1,1,40,car,B0B53G84QS,1699,1699,中小候補,,,,要連絡先確認(Phase B)
TTOILS,TTOILS,1,1,40,car,B0C6LNMVQ8,2881,2881,中小候補,,,,要連絡先確認(Phase B)
TOYOTA(トヨタ),TOYOTA(トヨタ),1,1,40,car,B01M1FNTF4,1882,1882,中小候補,,,,要連絡先確認(Phase B)
TADOKAPATU,TADOKAPATU,1,1,40,car,B0C22V7BZY,2598,2598,中小候補,,,,要連絡先確認(Phase B)
共栄プラスチック,共栄プラスチック,1,1,39,office,B003AQ8V8O,1510,1510,大手/著名,,,,要連絡先確認(Phase B)
スガタ,sugata(スガタ),1,1,39,office,B00BIDUTHW,3140,3140,中小候補,,,,要連絡先確認(Phase B)
ZEBRA,ゼブラ(ZEBRA),1,1,39,office,B0GWLPPPH3,1520,1520,大手/著名,,,,要連絡先確認(Phase B)
UPCOT,UPCOT,1,1,39,pet,B0CG34FHFH,1569,1569,中小候補,,,,要連絡先確認(Phase B)
セントレディス,セントレディス(St.Lady's),1,1,38,office,B0FN3P6GP7,2399,2399,中小候補,,,,要連絡先確認(Phase B)
トンボ,トンボ(Tombow),1,1,38,office,B01769WCRG,1556,1556,大手/著名,,,,要連絡先確認(Phase B)
Qivine,Qivine,1,1,38,office,B0FPFT5G7W,1699,1699,中小候補,,,,要連絡先確認(Phase B)
アールエフヤマカワ,RFヤマカワ,1,1,38,office,B091MLZJX3,27115,27115,中小候補,,,,要連絡先確認(Phase B)
エビフライ,ノーブランド品,1,1,38,office,B0F8NPHYMX,1840,1840,中小候補,,,,要連絡先確認(Phase B)
Juhe,SAYGI,1,1,38,office,B0C5VZ3RWP,1580,1580,中小候補,,,,要連絡先確認(Phase B)
ショウワノート(Showa Note),ショウワノート(Showa Note),1,1,38,office,B079NQ5S7C,2568,2568,中小候補,,,,要連絡先確認(Phase B)
プレイアベニュー,プレイアベニュー,1,1,38,office,B00KA1292Q,1580,1580,中小候補,,,,要連絡先確認(Phase B)
BEIBEINOYA,BEIBEINOYA,1,1,38,office,B07W4JYCVV,6900,6900,中小候補,,,,要連絡先確認(Phase B)
ルアル,CLuaR,1,1,38,office,B06XPD1QH4,4900,4900,中小候補,,,,要連絡先確認(Phase B)
HEGZA,HEGZA,1,1,38,pet,B0CF54T19N,1598,1598,中小候補,,,,要連絡先確認(Phase B)
24HOURS,24HOURS,1,1,38,pet,B08ZL66XMK,1980,1980,中小候補,,,,要連絡先確認(Phase B)
ジーク(Zeake),Zeake,1,1,38,sports,B09FLQF7C2,1530,1530,中小候補,,,,要連絡先確認(Phase B)
JP-TGDZ,通用,1,1,38,appliances,B09HPQYLSN,2053,2053,中小候補,,,,要連絡先確認(Phase B)
GANGXUN,GANGXUN,1,1,38,appliances,B0DRS8DTQM,1780,1780,中小候補,,,,要連絡先確認(Phase B)
株式会社グッド,首輪処,1,1,37,pet,B00DFXZ34C,1980,1980,中小候補,,,,要連絡先確認(Phase B)
LSLANSOON,LSLANSOON,1,1,37,diy_tools,B0C7GXJL43,1800,1800,中小候補,,,,要連絡先確認(Phase B)
スリーアールシステム,スリーアールシステム,1,1,37,appliances,B01BXR2RFY,2255,2255,中小候補,,,,要連絡先確認(Phase B)
OAproda,OAproda,1,1,37,appliances,B0H1VC7V8Q,1999,1999,中小候補,,,,要連絡先確認(Phase B)
DasMarine,DasMarine,1,1,37,pet,B08BFCLPKZ,1900,1900,中小候補,,,,要連絡先確認(Phase B)
yooland,leeyovk,1,1,37,appliances,B0CNC4FKFD,2660,2660,中小候補,,,,要連絡先確認(Phase B)
Qidkeo,Qidkeo,1,1,37,hobby,B0D3KZL3YH,1898,1898,中小候補,,,,要連絡先確認(Phase B)
株式会社白雪,白雪,1,1,36,home_kitchen,B07BC9V326,1850,1850,中小候補,,,,要連絡先確認(Phase B)
suizan雅,翠山弓具店,1,1,36,sports,B0DWXF2CWT,2530,2530,中小候補,,,,要連絡先確認(Phase B)
コアマン,コアマン,1,1,36,sports,B0H3V44B55,1790,1790,中小候補,,,,要連絡先確認(Phase B)
クオバディス・ジャパン,Herbin,1,1,35,office,B003QO4YIQ,3080,3080,中小候補,,,,要連絡先確認(Phase B)
ikeem,ikeem,1,1,35,office,B0DX5FTTB3,6303,6303,中小候補,,,,要連絡先確認(Phase B)
アイコ株式会社,AICO,1,1,35,office,B0BDLTV4XF,23562,23562,中小候補,,,,要連絡先確認(Phase B)
京セラインダストリアルツールズ株式会社,京セラインダストリアルツールズ株式会社,1,1,35,diy_tools,B0DSBZMQL4,1780,1780,中小候補,,,,要連絡先確認(Phase B)
スズキ,スズキ(Suzuki),1,1,35,car,B01M9G4RRO,1626,1626,中小候補,,,,要連絡先確認(Phase B)
Godox,GODOX,1,1,34,appliances,B09MQPMZ1L,2910,2910,中小候補,,,,要連絡先確認(Phase B)
MOT-LS,TADOKAPATU,1,1,34,car,B0FMRJTSBG,1500,1500,中小候補,,,,要連絡先確認(Phase B)
WUYUUQh476,WUYUUQ,1,1,34,car,B0F98NBXZR,2399,2399,中小候補,,,,要連絡先確認(Phase B)
JOMA E-Shop,JOMA-E Shop,1,1,33,appliances,B0DB27CCZJ,1899,1899,中小候補,,,,要連絡先確認(Phase B)
Fityle,F Fityle,1,1,32,home_kitchen,B07D3KZ771,1752,1752,中小候補,,,,要連絡先確認(Phase B)
福井金属工芸(Fukuikinzokukogei),福井金属工芸(Fukuikinzokukogei),1,1,32,diy_tools,B00X3EG5IQ,1595,1595,中小候補,,,,要連絡先確認(Phase B)
コクゴ,コクゴ,1,1,32,diy_tools,B07P1G3L7S,2013,2013,中小候補,,,,要連絡先確認(Phase B)
beGLOSS,beGLOSS,1,1,32,appliances,B072WG5S8J,3135,3135,中小候補,,,,要連絡先確認(Phase B)
FIT FLIGHT,Fit Flight,1,1,32,hobby,B004B96FYG,1568,1568,中小候補,,,,要連絡先確認(Phase B)
jiekeoop,jiekeoop,1,1,31,home_kitchen,B0DRFY1SXD,2513,2513,中小候補,,,,要連絡先確認(Phase B)
ELEVEN,ILLIDAN,1,1,31,diy_tools,B0D8WN2KDJ,2286,2286,中小候補,,,,要連絡先確認(Phase B)
シレックス (silex),シレックス (silex),1,1,30,car,B0C339B96K,2200,2200,大手/著名,,,,要連絡先確認(Phase B)
YADISI5283,,1,1,30,car,B0CGRKLYZQ,2097,2097,中小候補,,,,要連絡先確認(Phase B)
MODAA,MODAA,1,1,30,car,B09N2G2QGH,2497,2497,中小候補,,,,要連絡先確認(Phase B)
三菱自動車,三菱電機(MITSUBISHI ELECTRIC),1,1,30,car,B004P2ESDO,1500,1500,大手/著名,,,,要連絡先確認(Phase B)
Svanove,Svanove,1,1,30,appliances,B0FF8PHBC3,1644,1644,中小候補,,,,要連絡先確認(Phase B)
hd-60a-fl,Hondakenta,1,1,29,home_kitchen,B091FGLYHL,1850,1850,中小候補,,,,要連絡先確認(Phase B)
TongFaBaiHuoDian,ZCXRYFL,1,1,29,office,B0CBFYZKT3,1890,1890,中小候補,,,,要連絡先確認(Phase B)
carleef,carleef,1,1,29,car,B0DP1WZYRF,2200,2200,中小候補,,,,要連絡先確認(Phase B)
遠藤商事(Endo Shoji),TKG遠藤商事,1,1,28,home_kitchen,B017ND2MNO,1713,1713,中小候補,,,,要連絡先確認(Phase B)
パーツハウス,パーツハウス,1,1,28,diy_tools,B003B37QYG,2039,2039,中小候補,,,,要連絡先確認(Phase B)
HJ,HJ,1,1,28,appliances,B085DHLBVC,1600,1600,中小候補,,,,要連絡先確認(Phase B)
MAIFANGQI,MAIFANGQI,1,1,28,car,B0F9XV4DW3,2299,2299,中小候補,,,,要連絡先確認(Phase B)
C.F.POSH(シーエフポッシュ),C.F.POSH,1,1,28,car,B076FHCKMW,1523,1523,中小候補,,,,要連絡先確認(Phase B)
COCCI,COCCI,1,1,26,car,B07SBJPNMD,1950,1950,中小候補,,,,要連絡先確認(Phase B)
シェーファー,SHEAFFER,1,1,20,office,B08C1J1LBV,5880,5880,中小候補,,,,要連絡先確認(Phase B)
Tactical Force Armory,Tactical Force Armory,1,1,16,hobby,B0F281VTR6,7474,7474,中小候補,,,,要連絡先確認(Phase B)
ムサシトレイディングオフィス,MTOprotool,1,1,0,office,B0D1FT713R,3971,3971,中小候補,,,,要連絡先確認(Phase B)
TDR,TDR,1,1,0,office,B074P2DZT5,3000,3000,大手/海外疑い,,,,要連絡先確認(Phase B)
プロッター(Plotter),プロッター(Plotter),1,1,0,office,B077F52MZC,1610,1610,中小候補,,,,要連絡先確認(Phase B)
NGIFERA,NGIFERA,1,1,0,office,B0DCG5QTKV,8241,8241,中小候補,,,,要連絡先確認(Phase B)
【刻印無料】オーダーメイドの真鍮プレート　0.8ミリ厚　Sサイズ,北斗徽章,1,1,0,office,B0FTKTKMBZ,3760,3760,中小候補,,,,要連絡先確認(Phase B)
Operitacx,Operitacx,1,1,0,office,B0C4SBK7V6,3123,3123,中小候補,,,,要連絡先確認(Phase B)
プラス,PLUS(プラス),1,1,0,office,B08GZ4DX8C,3089,3089,大手/著名,,,,要連絡先確認(Phase B)
ノートライフ（notelife),ノートライフ（notelife),1,1,0,office,B09RPYFMXL,1580,1580,中小候補,,,,要連絡先確認(Phase B)
からだ想い,Bailey+Co【メーカー:からだ想い,1,1,0,pet,B0G3WSFYLQ,2832,2832,中小候補,,,,要連絡先確認(Phase B)
カネタツ株式会社,AsoboLabo(アソボラボ),1,1,0,pet,B0FT72CQR5,3567,3567,中小候補,,,,要連絡先確認(Phase B)
'SELLE SMP(セラ SMP),Selle Italia,1,1,0,sports,B07MXF2TR1,11497,11497,中小候補,,,,要連絡先確認(Phase B)
メドー産業,日東工器株式会社,1,1,0,diy_tools,B06X9NX3TZ,12200,12200,中小候補,,,,要連絡先確認(Phase B)
太洋電機産業(goot),太洋電機産業(goot),1,1,0,diy_tools,B002BSHFGQ,3467,3467,中小候補,,,,要連絡先確認(Phase B)
エーモン工業,エーモン(amon),1,1,0,car,B00MXLL9S6,1850,1850,中小候補,,,,要連絡先確認(Phase B)
クッション,こだわり安眠館,5,0,255,home_kitchen,B0BQQMPX4H,7280,7280,中小候補,,,,要連絡先確認(Phase B)
FIEMOL,FIEMOL,1,0,145,baby,B0F9SRV9JM,5770,5770,中小候補,,,,要連絡先確認(Phase B)
Panegy,Panegy,2,0,114,toys,B0BJKKBHRV,1889,1889,中小候補,,,,要連絡先確認(Phase B)
コーチョー,ネオ･ルーライフ,2,0,102,pet,B01CN5HIZE,1589,1628,中小候補,,,,要連絡先確認(Phase B)
エヌテイテイドコモ,エヌテイテイドコモ,1,0,86,pc,B01MQJQN6N,4480,4480,中小候補,,,,要連絡先確認(Phase B)
Mldjomid,Mldjomid,1,0,68,appliances,B0GXVB62Y2,1780,1780,中小候補,,,,要連絡先確認(Phase B)
イオミック(Iomic),Iomic,1,0,56,sports,B001VNI4OO,2590,2590,中小候補,,,,要連絡先確認(Phase B)
ブリヂストン,ブリヂストン(BRIDGESTONE),1,0,52,car,B01L1EQVEW,1745,1745,中小候補,,,,要連絡先確認(Phase B)
田窪工業所,田窪工業所(Takubo Industrial),1,0,51,home_kitchen,B01CCJ6XM0,4486,4486,中小候補,,,,要連絡先確認(Phase B)
ジェコ(Djeco),DJECO,1,0,51,toys,B07QZKVDT2,6600,6600,中小候補,,,,要連絡先確認(Phase B)
ハスクバーナ・ゼノア,ハスクバーナ・ゼノア,1,0,51,diy_tools,B094VG8458,9610,9610,中小候補,,,,要連絡先確認(Phase B)
古河薬品工業(KYK),KYK,1,0,51,car,B006B07RZY,1780,1780,中小候補,,,,要連絡先確認(Phase B)
MIYU-JP,MIYU-JP,1,0,51,pet,B0FY6127Y4,1692,1692,中小候補,,,,要連絡先確認(Phase B)
KARAFURA,KARAFURA,1,0,51,sports,B09LVM688L,,,中小候補,,,,要連絡先確認(Phase B)
KAMUI,KAMUI,1,0,51,pc,B00XZR2AJO,3449,3449,中小候補,,,,要連絡先確認(Phase B)
HKS,HKS,1,0,51,car,B00GJ5L8CE,8095,8095,中小候補,,,,要連絡先確認(Phase B)
レーシングギア(RG),RG(レーシングギア),1,0,51,car,B00C4OYMPE,1554,1554,中小候補,,,,要連絡先確認(Phase B)
ウェーブ(Wave),ウェーブ(Wave),1,0,51,hobby,B009FU1AXM,4380,4380,中小候補,,,,要連絡先確認(Phase B)
スイッチサイエンス,Switch Science,1,0,51,industrial,B08KW2KZZS,2038,2038,中小候補,,,,要連絡先確認(Phase B)
リュウグウ,リュウグウ,1,0,50,baby,B00777SK60,2287,2287,中小候補,,,,要連絡先確認(Phase B)
ファブリズム(Fabrizm),ファブリズム(Fabrizm),1,0,49,home_kitchen,B087BXT1Z2,1650,1650,中小候補,,,,要連絡先確認(Phase B)
ヘルシーアニマルズ,ノーブランド品,1,0,48,pet,B09CDB6RN4,1680,1680,中小候補,,,,要連絡先確認(Phase B)
FYBOK,FYBOK,1,0,47,pc,B0FDPDLJS3,4200,4200,大手/海外疑い,,,,要連絡先確認(Phase B)
フレキシ (flexi),FLEXI,1,0,47,pet,B08DMJ57HR,2092,2092,中小候補,,,,要連絡先確認(Phase B)
JUN (ジュン),ジュン (JUN),1,0,45,pet,B07YKGWFMR,1729,1729,中小候補,,,,要連絡先確認(Phase B)
Innovative Designs,Innovative Designs,1,0,42,office,B087H4HZQ7,7353,7353,中小候補,,,,要連絡先確認(Phase B)
TOYEAST LIMITED,微影ＴＩＮＹ,1,0,42,hobby,B092HRH4F1,18200,18200,中小候補,,,,要連絡先確認(Phase B)
Pavancus,Pavancus,1,0,39,appliances,B0D1BNP5DS,1798,1798,大手/海外疑い,,,,要連絡先確認(Phase B)
CROWN,Crown,1,0,35,sports,B07THXFS4D,2200,2200,中小候補,,,,要連絡先確認(Phase B)
東和トレーディング,ROKUA,1,0,26,home_kitchen,B0GVGWVML8,1595,1595,中小候補,,,,要連絡先確認(Phase B)
