asin,main_rank,※Keepa固有の加工値(月間ドロップ数/過去最安値/365日最安/月間販売数/実セラー数)と卸値の列は規約上の理由でリポジトリから除外。完全版は ~/Documents/AI Company 素材/Amazon物販事業/keepa-netsea-full-20260906/
B0DK55RH4L,116928,
B0FVFCQH3Q,39028,
B0FPCYCZ4P,29330,
B0FP2BMJL9,29330,
B0G514DJ7R,29330,
B0FPCVTJCX,29330,
B0FPCS94Q6,71978,
B0FVFF4QC6,160097,
B0FVFF3TT4,164500,
B0FPCXHM5R,29330,
B0G58X13DZ,29330,
B09JZBNW42,25501,
B08KGDPF6Z,65830,
B08Y8RYN16,36428,
B08CDG23T3,54304,
B00B1XGM2U,43638,
B0FJ7ZMJ5C,51996,
B0DJN9PPBX,80902,
B00KNTFQYI,125592,
B0DK2RB4DT,50840,
B0GWPY5TQC,138389,
B0GWQ2JY9W,138389,
B0H36HSXHS,138389,
B0GWQ2F3V5,138396,
B0GWQ91FX6,138389,
B0GWPX8FRS,138405,
B0GWPWZRT4,138405,
B08NV289F9,42754,
B0GWQF5V3L,138405,
B0GWQ8CY8D,138396,
B0GWQDLXQ8,138243,
B0GWPWRXV1,138396,
B0GWQ68MZH,138389,
B0GWQ1T7ZH,138396,
B0GWPYY8FV,138405,
B0H36CZYX1,138389,
B0DXQ83PQW,44338,
B0CM65VC4C,44338,
B001QS826O,28623,
B004K6KRIU,28635,
B0D4LDV48W,31722,
B0D4LDSMW7,31722,
B076KMLFW2,31954,
B076KC7C91,31954,
B009THPE4M,55419,
B0F83N5DKF,34387,
B0GFK8DZM4,32078,
B07Z4R199N,34532,
B08N68PK2Q,154522,
B09Z24SK93,162722,
B07Z4RCP8Q,34532,
B07Z4R7T47,34498,
B0F9KNZHHB,34316,
B0FPCQJGZD,37136,
B0FM2DT63B,37136,
B0F9KLKBWR,34316,
B0FVY7XFHR,37136,
B0DBQ73HYY,42532,
B0DBQDD7JT,42532,
B0DBZ9V3Q2,42532,
B0CNGDSW43,77439,
B0H5P3R6KQ,13562,
B0FVY48VQ5,37136,
B00W4M2V0O,58126,
B091GMSCCH,73961,
B0BDLRCDLS,65784,
B0CV7ZXF6H,54330,
B07L1D5XFP,87974,
B0H5K3V14T,163641,
B0H5K3BGYZ,163641,
B0H5JZX7NF,163641,
B0H5K4YS28,163641,
B0CXD5LS5N,48456,
B00J2RAKDY,31026,
B0GYDQ6S6R,30578,
B0GYDY165K,30578,
B0GYDKPCGH,30578,
B0GYDX9SSC,30578,
B0BYJG53SD,66393,
B0D473G5PL,45936,
B07JKC4685,191370,
B001UJKIN4,185546,
B07N4C8QN4,191370,
B0FJ5W6MKH,89382,
B0FJ5T4R86,89382,
B0012RAWM6,45279,
B0G29NT46N,138827,
B01MS4501V,36189,
B0G29M29LL,138827,
B004013CG4,69160,
B005GYH5WQ,151702,
B08LGKHJ68,45705,
B0G1M7S85J,45705,
B07GYQGZLL,125884,
B09YQX2PN6,80553,
B0FXRK6HXH,51019,
B0CPYM9KQR,95768,
B095C4D5N5,80553,
B0FXRHZ93D,51019,
B0CF1MJB6V,53579,
B07C98LKH3,22980,
B0GPWT1LLY,75906,
B09MYY7NXX,69292,
B0BZ89V288,45987,
B01N4K90H8,33647,
B0C9TMSW9D,64801,
B000J18YYO,49348,
B000J14VNW,49348,
B000S08G3U,49348,
B0DHZ5L1CV,50470,
B01CR5XXWM,49339,
B0DHZ62BJN,50469,
B00005O68K,49348,
B0DPZ71M5J,16644,
B0DPZ4SLV4,16623,
B000MV2UUA,49348,
B000N3WSNG,49348,
B0CKMW37RR,60083,
B0F28TPF6L,163234,
B0F28VJSN4,163234,
B0F28WQZ8J,163234,
B0F28VTSG3,163234,
B0F28TPF6P,163234,
B0F28W57L7,163234,
B00BD97BO0,78836,
B0FW4ZXY93,72161,
B001RSE5H8,46206,
B001RSLBK2,46206,
B0DK4J3WLR,48180,
B07Z83N5LB,35747,
B07Z83VSG7,35747,
B07Z83ZFCQ,35747,
B07Z7YP264,35747,
B0GT588QMM,159544,
B0H2VLV139,159544,
B0BZTQTTP5,50771,
B0H2VF6HWC,159544,
B07TW3DYTY,58901,
B015GLXO1E,41355,
B084YW9LY7,41354,
B00BJECCAC,41354,
B08XX7D5XC,80390,
B09F73SLWB,47647,
B07QC6S9JG,41354,
B06XVQP2XQ,41354,
B00BJECCAW,41354,
B09J7Q364F,69564,
B0DQ7L6PCJ,58866,
B07VFGKJYX,165138,
B07VB72QS9,165138,
B08JGCPSF7,165138,
B0F998DD19,119565,
B0DJ94YYH3,72161,
B0DHZ3MVBF,50469,
B0DHZ63WXZ,50469,
B0DHZ543WC,50470,
B0CT5RWXT2,51780,
B0DJ9527KY,72159,
B0997XQ6DK,105853,
B0CT5F1DYV,51780,
B007WNWOZM,40560,
B0GQCBCF2F,151422,
B0H416DKG6,108599,
B07V1T9Y25,58899,
B07TX4QS8T,58899,
B07V1BTJX6,58899,
B0DY1541YR,39371,
B09F75RD4P,47649,
B09F72THRR,47648,
B09F72L1TB,47647,
B09F74VX5Y,47647,
B07V2XXR3W,58899,
B07TZDZHGR,58899,
B07V1TLGC2,58899,
B09F75155V,47647,
B0G5YTYBL5,50791,
B09F72QBZ9,47647,
B09F72YVF7,47647,
B09F746F95,47649,
B09F74D3JJ,47647,
B09F759PRK,47647,
B09F74H4VF,47647,
B0071R1DTC,42571,
B07JC3LVGW,37708,
B07JD75B3Y,37708,
B011DPST6M,121060,
B000L31O3I,121046,
B011DPSE1W,121060,
B011DPS30E,121046,
B07BC9V326,120797,
B01GDRX7XK,31050,
B0C1CP61HJ,159137,
B0BFGTHXNY,159137,
B0C1CMSL4Z,159137,
B08D6T5BMW,68380,
B09T3BSRXB,33527,
B0FCSLVKJ8,36700,
B083DWQJWM,40431,
B0FCSP565C,36716,
B07G9BD4NR,39143,
B0FCSHZ9TX,36716,
B0D1R69RS5,29038,
B00SWE7V30,49722,
B0CH696WQJ,73740,
B0CH6WV4KJ,73740,
B0FVSKJZXF,50719,
B0DFM2BQF1,56360,
B00H93SNVE,205880,
B00BB76KVY,205902,
B00BB76L90,205902,
B09VX9B1H2,76859,
B0GQ8T7TT7,84754,
B07T2YZH82,61195,
B08DR3VJXX,121856,
B085LB63ZR,70076,
B004UIT8ME,72061,
B0D1R7KGRZ,29038,
B0D1R6JWJC,29038,
B0D1R5R6WP,29038,
B000TI2YOS,49298,
B0GD6M87X6,29038,
B0GD7163NS,29038,
B0GD715PPS,29038,
B0GD6F11FG,29038,
B0GD71677G,29038,
B09TSQG2XL,29038,
B000WMOJSA,49300,
B000WMKP1A,49297,
B0DBLW9PDT,29038,
B0GD6QSHSC,29038,
B0D1R8SXGW,29038,
B0D1R7CMLN,29054,
B0H3T6ZFN6,48688,
B0H6J7M1FX,48688,
B08CGWG466,29397,
B0GD6TB9P8,29038,
B09TSPD6L2,29038,
B0GD6C9R25,29038,
B0H5TV663N,48688,
B0FGPFGX5B,48688,
B09J4QT1TY,81257,
B0B5Q4N4KZ,186661,
B000AQSC2W,73974,
B0BQW84FNV,78868,
B0BQVYG8YW,78868,
B0BZJ4912Z,78868,
B0CJTTLPZ6,49513,
B08LN75RYB,54183,
B0DCHWT3B2,47043,
B0BZ42N112,47042,
B077T3D6VP,48510,
B0BYJCKLZD,40273,
B01C407VTQ,38492,
B0BNVZX8HH,52480,
B005699LIC,39083,
B09Y12Z5GT,34856,
B0C4F7Z7ZV,130900,
B0C49ML3MC,130900,
B0D9LFJGKP,51436,
B073JD86Y9,114725,
B0CQVD2NLY,47100,
B0CQVGN673,47100,
B0CQVFHCMW,47100,
B0CQVDZNQF,47100,
B0GYMS1GBX,64486,
B0FMRL7J7V,50845,
B0FMRMMYSW,50844,
B0FMRP7SV6,50845,
B0F1CXYYVP,64486,
B002FTV0D0,41396,
B002FTR70U,41396,
B0FHK3R992,43703,
B0CQVFS8R7,47100,
B087BXT1Z2,69407,
B0FG6WKLB5,39636,
B005699QT6,39083,
B0FJ1NBCQ1,30780,
B0B55V65CR,45307,
B0DK7FMTG2,30780,
B005699LT6,39083,
B005699X30,39083,
B005699Z38,39083,
B0CTMJLPRK,59544,
B005699WBS,39083,
B00APXCQC2,84165,
B00WHGR2V0,41697,
B0DKM6NCKD,102224,
B0GTPM63DT,68916,
B07T41KTQZ,123823,
B0DFM5J39Y,41266,
B0FZ8WS6ZD,41266,
B019C9B3LY,51854,
B0FJ1G61ZT,30780,
B00BQWUC36,164458,
B0GVGWVML8,62649,
B07R16DFSC,55313,
B0BT6VCJF2,33975,
B00XHK15AO,39088,
B0FH17142C,99406,
B0FK9K74XB,68052,
B0DRFY1SXD,146257,
B07D3KZ771,178333,
B08GP6BG5Q,65847,
B01CCJ6XM0,95937,
B0B12L3SDG,26274,
B09VDLQS8Z,26274,
B0B18J89CG,26274,
B08VS43RB6,90495,
B0H28M7BMW,298174,
B09TKR661R,25037,
B0DY4GXZGS,25037,
B08BTNJNS6,85428,
B0D9NL4RXJ,79300,
B00GGBE3IM,41757,
B08MTLGPL9,135836,
B0BQQMPX4H,41555,
B01EOAJEIK,41555,
B01EOAJNTK,41555,
B0DDPZS9JS,23960,
B0CM97C2TD,23958,
B0DHVJR9LQ,44700,
B08MWRKJYK,48717,
B01EOAJNZY,41555,
B01EOAJJWQ,41555,
B091FGLYHL,49075,
B00A7I9G46,73746,
B017ND2MNO,189300,
B00A7I9GFA,73746,
B0FK9K5KH5,68052,
B0CZ91DRLG,119608,
B0CZ8X43H8,119623,
B0CZ8WF1VV,119623,
B0BG7Q6VTL,45239,
B0CX8MWFBT,41494,
B0CX8XN9HY,41494,
B0CX8Q8XDH,41494,
B0CX8P5NXB,41494,
B0CX91CCNK,41494,
B0CX8QCHKX,41494,
B0CX8Y2RRD,41494,
B0CX8TV8V9,41494,
B0CX93DKPY,41494,
B0CX91BMNY,41494,
B0CX8HGXTF,41494,
B0CX8TJSZB,41494,
B0CX8NTWC3,41494,
B0CX8Q9LWJ,41494,
B0CX8ZFT83,41494,
B0CX8T2JZR,41494,
B0CX933V6C,41494,
B0CX8CJYQ7,41494,
B0CX8Y3GK8,41494,
B0CX8QBFYC,41494,
B0CX8ZBYKS,41494,
B0CX8Y64VF,41494,
B0CX8W233Q,41494,
B0CX8MW41C,41494,
B0CX8ZNHW4,41494,
B0CX8X7KX3,41494,
B0CX8Y6HWV,41494,
B0CX8D1W1N,41494,
B0CX8S35B7,41494,
B0CX8KFGRH,41494,
B0CX89ZKD5,41494,
B0CX939DFM,41494,
B0CX8S359S,41494,
B0CX8X431K,41494,
B0CX8ZYMWL,41494,
B0CX8Y91SZ,41494,
B0CX8ZXYF1,41494,
B0CX92S16B,41494,
B0CX89Z72X,41494,
B0CX8TKVQS,41494,
B0CX8W59WD,41494,
B0CX8QZ9DS,41494,
B0CX8ZC9FC,41494,
B0CX8SC9TK,41494,
B0188EY9KQ,57923,
B09T39LQF6,33527,
B0GQ2QMQC1,38918,
B0GQ2LTR8Z,38918,
B09F2FVXTQ,29437,
B07VRX1XDS,67330,
B07VMQ11K6,67328,
B08Z37DCSV,67283,
B0BLGNTBVQ,76820,
B0BLGLRQ8S,76818,
B0BLHBK62V,76820,
B07SCWFMZK,41729,
B0CMLWRTZD,52559,
B0CN4NKY9P,52559,
B0CN4LKH76,52559,
B0CMLQTD2R,52559,
B0CMLVGZB2,52559,
B0CMLY7TBY,52559,
B0DNQCBC84,28390,
B07DX7R61N,46749,
B01I7SJ8B8,141617,
B0CQ3V5H1H,75222,
B0GXV9GZSM,133008,
B00UKHUYX6,129426,
B000J6A2VM,137368,
B0987J7V5L,76411,
B0BJ1ZB2W7,76411,
B007F8I34U,129507,
B0GXV49PC4,133008,
B0GXV2ZCB9,133008,
B07RVXC2HW,39038,
B0F7WDR3W9,103997,
B01JOULJ2Y,141975,
B01JOULM44,141975,
B000WWGANC,110105,
B007TFO6QI,77803,
B000UTKM22,130528,
B07L88TVG7,88562,
B07L8B3K5J,88562,
B003QO4YIQ,144889,
B01JHW7Q1W,135518,
B0CHBHZNCY,132548,
B07WKCPQ8H,149417,
B0D95WT4YG,91347,
B0D95TZGL5,91347,
B0042T9P0G,130528,
B00GHLBGAE,130528,
B07213PJ7W,131697,
B002ECD7HU,59159,
B019FAESKS,33426,
B07R157K9F,33426,
B097MBLPXP,133902,
B07JZ95SP1,167193,
B0DTXQ8G5P,191685,
B0C7HD54PJ,131941,
B003AQ8V8O,141065,
B002EC6SUI,61366,
B01D7Z63TG,57061,
B0GCLTCFVW,136258,
B0DX5FTTB3,79840,
B0002T3YCA,130095,
B0F18P5XGV,132937,
B0G5P9RMN8,92634,
B0CRGWDG6T,64786,
B0FX88HSDN,122314,
B07QZ1ZXV2,33426,
B0CSWFVYK4,110366,
B0DJ2GRJSW,109640,
B00CJ299EA,110114,
B00CJ2985U,110114,
B0CT8S23YG,139935,
B01L82K738,137100,
B001BW5ECA,132865,
B09LD4YN41,77493,
B09BJ2S6MN,137058,
B019FAEMB8,33426,
B07QXY6RGP,33426,
B019FAEOHK,33426,
B07VV28QQR,33426,
B07QXXZQ6P,33426,
B00BIDUTHW,62245,
B0DT78V26M,120472,
B09B3SQNQV,132801,
B0BTSNZ1HV,92107,
B09XF1B53Y,63316,
B0B19RJKZP,116237,
B0DZ5VZP14,74259,
B0DZ6165X3,74259,
B004XYQSK0,36692,
B001BW7FB8,132865,
B0FXMV546B,137603,
B0FCRHF8DD,36419,
B0CJXP3QRD,57186,
B09ZQF6DZQ,116232,
B0F7JZPDND,46464,
B001NW9LL8,76541,
B0GF9BTRZX,140132,
B004XYQTE0,36628,
B0B3S6ZN7L,133849,
B0F7KCW5MT,46429,
B0F7K2QNL8,46429,
B0CP2G9P63,138864,
B007PMLPXW,137996,
B07W4G41QL,20110,
B0D1CB8RSM,138040,
B0BDLTV4XF,157635,
B00HM5YAIO,21886,
B004XYQSOG,36692,
B00BBLIY6E,81335,
B014AYYHAU,134988,
B09ZY85SPR,143615,
B09ZY91XHC,143615,
B09ZY774ND,143632,
B00VHBKRAO,56543,
B078YT8JT1,140879,
B001BWBC3A,132915,
B09FQD4DPF,123079,
B0060RXFT0,103371,
B0088TY6TG,134422,
B0012QS0KS,72923,
B0DP3JRZ3T,130961,
B09Y1HPC14,132347,
B09ZY7JWNX,143632,
B0H25HFG2T,27506,
B0GWLPPPH3,143329,
B077SH4FZJ,78701,
B0DY7978CV,132080,
B003CTJZDY,137251,
B0728KJBPF,90262,
B0DHKTVTKW,92648,
B0GT46BWCD,142248,
B0CT583MHB,133351,
B00GAYFAFK,87515,
B017D7KW2I,87485,
B0B62JFJQG,133710,
B0DY7D76L6,132080,
B0B62H81BT,133710,
B0091CHY70,124539,
B07PGN3BGT,133984,
B006G4EKM8,96999,
B0CP5Z9R71,46089,
B09KTNCK6Z,137118,
B09DY4N4J3,138243,
B0F9P64BC7,95755,
B0CZQJXXQZ,174302,
B071VLQRKT,141357,
B0815SSTV6,137445,
B077GJ18QJ,62141,
B0CK9XD161,15492,
B0DY775LD4,132092,
B0DY78XWRQ,132099,
B09WDR1YK7,41711,
B06XCNGX6Y,30516,
B0FY3HL2ZY,79109,
B0FY3DWF49,79109,
B002CVLT5A,138807,
B0CQZFS3VP,137310,
B000YDWMZY,93269,
B00JXDVPOA,93269,
B0D7L9FVG6,121285,
B0D7LDVBPZ,121285,
B07PKLY6WT,54047,
B002KWJ34A,121785,
B0CPP871GV,46525,
B07262XJKG,136254,
B0D7KRXR62,121305,
B0D7L8F4B6,121285,
B0DNZTQN5Q,140653,
B0DPR845BN,75339,
B0BTSQQSSJ,121936,
B0GGR8YQ2J,140872,
B0F5B4G6MR,122447,
B0F5B53MSH,122447,
B0FN3P6GP7,145907,
B01769WCRG,108069,
B09WDMBJ3C,41666,
B0CW638HX1,100652,
B0CFF3Y65C,138989,
B0F4RH6X6V,122545,
B07T6GZM33,135320,
B0D7L4WKX5,121285,
B0157U4QR0,37708,
B00777RQ3I,54856,
B09GVKZBJR,138041,
B09GVLJ15J,138041,
B00TEP6V7S,139641,
B0FXWR2VYS,79173,
B07TLJRJB8,19394,
B08XQKLY7Y,39541,
B07NVGFPS1,143335,
B07Q7NQTFZ,143335,
B09YTHPGPF,143335,
B0147USMX0,140194,
B0FPFT5G7W,145845,
B07169HH1W,54480,
B01MU9YW8N,105523,
B0DMT5Z6LC,148564,
B0DZ5LQN33,54035,
B0DSMRH9CP,54035,
B0DZ5QWM3P,54035,
B0DSMPMFT4,54035,
B0CN2S27QT,56807,
B0B4VH9VCY,111929,
B002IKK5SW,140561,
B0GN1Y38W2,218342,
B00TEP6UYW,139641,
B0FWJVWR78,141676,
B0B391ZMSB,142997,
B001GR0C1I,113303,
B0D224781W,143336,
B08D6FGDQ4,36463,
B0G61PKKLZ,141617,
B0C6DJFK7N,141126,
B002IKK5SC,140608,
B0080FEADU,71794,
B0FNW8Y6PF,139948,
B0FNWC8KXJ,139948,
B0D2LCPDVJ,115297,
B0FNY4DBJP,141984,
B07P3339FJ,88210,
B0CSX6J137,22741,
B01B2ORLL8,146595,
B07NJ5G4CX,80198,
B0C9LVM395,151367,
B0C6S7R2FL,122818,
B07VPCJH4Y,122597,
B07VL4BT6M,122597,
B0FD2ML6SH,43985,
B09SNPYZVX,142217,
B07VK721CB,142710,
B00EKDAV2A,46576,
B0DYHQRKSH,125885,
B0CKTTQXVS,56887,
B0G46TBPY2,141850,
B007PMLJ1K,116969,
B0GC3J9QMW,141177,
B07HLYK3QQ,139163,
B07VJG7BYV,142727,
B084RTVMSB,116961,
B0847YB27L,124225,
B0847XZVBS,124225,
B0CQDDX2D6,71431,
B0BNBXYX41,115135,
B07RDW2GKK,41351,
B01LZRFIY5,143542,
B0DYHX64H9,125885,
B08T5NR7L7,139132,
B00EOI3YP2,94104,
B0GC5BK4GP,141177,
B0GC4NP1LQ,141164,
B07958GJR2,143377,
B07ZD81RN4,126219,
B01GQ2LJKK,124586,
B08YDF37SL,115219,
B004ORS9GM,144369,
B01NC0PT08,17497,
B09DG5PP5Z,17480,
B07DNXQZ85,124637,
B0FSKF693B,71965,
B000UJ54CU,174899,
B0BSMPH441,93122,
B07BJNKQ83,143820,
B00BT92DME,142882,
B09X14ZMQL,148555,
B091MLZJX3,64297,
B01L4UVL70,142908,
B0CBFYZKT3,96360,
B0F1TMR1P1,124985,
B0F1TMDPMV,124978,
B00EOHW8NC,142449,
B0CNWB3J1C,143223,
B0FG28ML64,140991,
B09SHM9VSN,142570,
B0047CME6U,141163,
B01LNP5JB0,113906,
B014GHXZ9U,38565,
B015E1AGYE,143019,
B001GR4D5E,77604,
B07ZTBRHYF,144183,
B0FL74SLY3,141506,
B0H1C19BY8,76256,
B09V586CD3,142570,
B0G2C347JT,57219,
B01H1L9IJO,143471,
B0GWVB3MP5,144953,
B09SYN4MNX,60116,
B006LWOY4Y,142454,
B0FB95GV96,144866,
B0BQQGTPGT,20382,
B017VPYYW6,148827,
B07PPN7TC3,91276,
B07ZD9PVTG,145178,
B08W531HVG,142365,
B07XT5TW59,124350,
B0BQQM6TZX,20382,
B0BQQLFXX4,20382,
B08DG1W28S,20382,
B08LZ21PVF,20382,
B0D6B1W5GL,146070,
B08T5SP2CH,79459,
B0777KVWK2,142329,
B003ZYUAC6,144100,
B08T5YYYPN,79459,
B01I7SI4ZE,145254,
B00U0QADEM,87235,
B0FFT5F21L,145348,
B09SYNFB3Y,60116,
B086YW1T2C,60116,
B0FJRN4MN9,144625,
B08FRPXLKR,45499,
B0F8NPHYMX,148918,
B0D97QVFGQ,144345,
B01M63U4XW,145695,
B09S5RWR92,155108,
B0F6L8KFDN,17797,
B0DVR8NGKC,127277,
B0D788VK44,143300,
B077847D43,126648,
B0091FFK0A,19734,
B0CZDP27RT,143974,
B0CZDJSMXN,143971,
B0CZDQYZC3,143971,
B0GQKC7DBF,45915,
B0FD2QCKGZ,77999,
B0C5VZ3RWP,153994,
B07ZP6JXHN,146026,
B0FLK75BPJ,115670,
B079NQ5S7C,149249,
B0H7RY1HMQ,107038,
B09VL469GC,145773,
B087H4HZQ7,116253,
B078M9GXCF,145055,
B004XFKLA2,16154,
B006CQUX1M,241829,
B013JGR1D0,128770,
B013JGR9RI,128770,
B013JGR48W,128770,
B013JGR6YE,128770,
B076YY5GM5,145121,
B0FNW6HMXC,128697,
B01JHTQ00S,146906,
B0012R8L60,127359,
B0DPKZJ98V,52528,
B0722KGNMB,47486,
B08F1Y2143,143879,
B0035FCMSA,144974,
B00IX5YN2A,93596,
B001GR2E8M,146680,
B00O56ENYY,144980,
B0CH9RVGLW,145832,
B0FYQVFCTD,147428,
B0FYQRQXL2,147428,
B0D8SN142T,146625,
B0FYQV1YP9,147428,
B00BBLIXCO,78241,
B09VL4C2VN,145773,
B00JPTM5CI,45608,
B0C2YT3K11,145238,
B077Y1WM6L,147041,
B0DRYFV3VJ,147439,
B0FKG3N78G,53164,
B0FKGPZVWT,53164,
B005TJMC0S,145579,
B0GDQZ1BP2,32997,
B003V1R3PU,128331,
B07ZFRBCQY,145661,
B0FJS1HRXT,146327,
B0CM3TTKHD,64489,
B07B4W2XCS,12730,
B0H6P6JFNB,148246,
B0D7RGM5GV,147032,
B00CL1RAEK,155447,
B0FYQVRW29,147428,
B0FYQQ5B57,147426,
B0FYQTLS2P,147428,
B08XSP2Z9H,146955,
B08XS47Q9H,146955,
B07DPTPBSF,148385,
4052056035,146084,
B0DR2X3CNK,147915,
B08C1J1LBV,268617,
B07B4VWV4J,12730,
B07KZ3F12J,41558,
B0CNJVZMY6,146288,
B0DH2F39LK,147384,
B0FFSWG35X,47370,
B07B4TS4YR,12730,
B079Q59KPG,94665,
B01LZMUGGI,94665,
B0012MECAY,147266,
B0G3KY6ZDX,148935,
B00ID6QRA0,91391,
B0B7SFZDHH,80533,
B0GJGDC511,91738,
B0G3PDKNM9,121249,
B009EK9VQG,275011,
B002P9603K,146918,
B00VJ6KNWE,128841,
B005J0XRWY,147107,
B00KA1292Q,155095,
B09X6QLN8C,146871,
B075WWY75T,146483,
B00QL27XMY,147826,
B006PR5KSY,147824,
B005J0XZP8,175184,
B01L5KVU8O,148065,
B0FCD64QY7,147532,
B0DCJHXT2X,147728,
B004I7HHSO,147765,
B01MXF0NDW,129045,
B00L9ZW22Y,148767,
B003ISSBPC,147809,
B00TXGBJTI,106947,
B07W4JYCVV,159520,
B004OQ0WCM,129329,
B07GR3S5CR,148971,
B07ZVGVQFG,99199,
B06XPD1QH4,156757,
B0848WKRDV,46415,
B0D57W98Y1,53215,
B09TBJDQMW,60513,
B073Q7MB78,29774,
B00GEBI4VG,71211,
B00ADKQGQ4,64549,
B0FWBGP2KZ,93506,
B08D74X2LH,39124,
B0010W81OE,36675,
B07HNQ353D,65797,
B0C7ZB7Z1D,53861,
B0CB564PNL,24709,
B0B8CHB6QX,21361,
B00HE8UVDM,48361,
B0F9L6KSFZ,,
B08K8G91M7,62912,
B00K1FCQRO,29034,
B0GLXT9F4V,31600,
B0GLXHKPRZ,31600,
B000GQ80TQ,46212,
B01LXZ9IEB,55931,
B09NNC4J4X,29125,
B0BX2RF23W,60775,
B0DR2P7SDZ,76983,
B01G81WMM8,25283,
B0CSWLKD5Y,46847,
B0BWY568VB,19872,
B0BWY5TJHD,19872,
B002AY5BHG,38951,
B0DDWK5BP6,62320,
B0GTYZM2SR,72300,
B0914Z73NM,71360,
B000FX37B6,21524,
B0FPR16DRT,59807,
B0FPQZS12J,59807,
B017NH9HNS,48965,
B00CFCD148,41298,
B0BW8NR9VK,39411,
B08SHS775W,76561,
B07XRLFCFR,48592,
B096JVKZJV,39149,
B0D22DS3BY,64424,
B07HNH8TK3,46731,
B07HNR9RDY,46731,
B0CBLKPXF4,41079,
B087DR8744,45448,
B00HXBHTWQ,36501,
B093V4DNLG,60689,
B07CZ4TCZM,75897,
B0GHQMWYBC,47240,
B01BSKDRN2,45741,
B07F3Q44XS,61798,
B0CXHPWS59,54174,
B0BN87MQT9,36105,
B0D5Y7D6YB,18020,
B07KY5Z3BS,25109,
B0D5Y9D3VC,18031,
B0D5Y76X3H,18031,
B0D5Y7L9QL,18031,
B0D5Y6WXCD,18031,
B0D5Y59DQD,18031,
B000V5NVQ4,53704,
B0BFVLPDJZ,48625,
B0071HBE6E,52231,
B086XC4LM2,36888,
B0G5PXTCQT,19341,
B0G5PTGG9L,19341,
B0FN3SK113,38121,
B06XSGDGMT,47393,
B09Y84JDZK,46197,
B0C8MRXF4G,29815,
B000FQV6CK,53092,
B0DYD7FH1Q,38429,
B0DYDJ577L,38429,
B0BHBPZZPB,74099,
B087BNT558,31473,
B000FQSPOC,65262,
B005MMCRZM,68225,
B0051SJUL6,24742,
B09JNG67W7,21706,
B0CCKJM3NZ,75901,
B0CCKHMRSZ,75901,
B01LYYBEBV,62706,
B0CCKKVT6P,75901,
B0CCKHB8QP,75901,
B0CCKJZCKS,75888,
B0CCKJ3PPB,75901,
B0CCKKLGTG,75901,
B0B48QK8CP,76011,
B00DWSQWH2,54384,
B0082MHMKE,68660,
B003A2OQ1E,48643,
B003A2KZGY,48643,
B07YKGWFMR,76470,
B09JNY7WCL,46416,
B07HLDCZK7,68698,
B0B5CX2RJ4,55493,
B0CS5987N4,48799,
B08XB3PHRB,57554,
B09RPSXRDF,23364,
B0GNNY7DY1,99410,
B014QZS7T0,29116,
B00PTB87O6,38616,
B000FQSPII,36704,
B0DPFPDZDT,31656,
B0FBWJ7QSF,22144,
B07M76W4NZ,38542,
B09S2WNY7Z,47037,
B004IH1VRC,47625,
B08CZXVWC2,25328,
B00B4JIA9E,31859,
B0FK56GGLY,36394,
B0DPMB81RV,30381,
B06XFVFNR9,40790,
B0DPMCRQXC,30381,
B0014CW4U2,30268,
B08WPHSS1M,68354,
B0GQ9BTH14,17557,
B0FH9ZTPVW,25099,
B0DSPC3RHB,27329,
B0FCXSNSKW,65942,
B0BX2PZTCW,60791,
B093TSSF7R,99058,
B0CHJ9ZVS6,53641,
B0DMJHDFPW,27329,
B0DMJCD32N,27329,
B0G2R7BKR3,27329,
B0DMJ6FFXR,27329,
B0DMJCHSHX,27329,
B0G2RD1XYG,27329,
B0DMJ9BSHL,27329,
B001JKZ4E2,40092,
B0C97J9B2S,48105,
B00IZ934RE,66078,
B09N9SDKDV,65009,
B011UCXACG,21852,
B0B2ZL8PJ3,32897,
B08CY1R79T,38857,
B06XFXQ3W3,47928,
B01NBZ0DVG,71177,
B0BSNZ5S1W,37833,
B0BQ71ZKY6,32008,
B00AQV1QBU,32919,
B0CN4HDQ47,80707,
B07KW4QB59,53458,
B0CKSC2XB5,46560,
B0B73JRR9J,55870,
B08MTCGFPR,67556,
B08FMLLBWH,26659,
B01DOV9SIG,80147,
B005BV0EYK,72468,
B0DFCMVF3K,48581,
B07SK3Z16B,72481,
B004FXXG2C,66534,
B0BVVLZQ9T,24316,
B0002DJX9Y,72481,
B016U2TFIE,48357,
B0FPL42DLM,100996,
B0CXT4C6ZF,49032,
B0CP1TZLTB,26889,
B0DWFF4T84,22977,
B085FTYFSP,68862,
B0D83R8ZW3,75957,
B09WYVX474,31131,
B00178JA5A,29820,
B0CF54T19N,94967,
B09328PB5C,102988,
B0FKFT981L,82071,
B07FS8W6TT,81370,
B07WP8CNMZ,146744,
B0948SRRTX,45825,
B002NEX63E,30432,
B08DHSGWMC,32042,
B0C8YMHRRB,41174,
B0C8YQ58NM,41174,
B0C8YPXLXR,41174,
B09DV52CXV,45598,
B075D48NLJ,29372,
B00E0GLGH6,17988,
B00Y09JOSG,68104,
B00Y09JA6M,68118,
B0CCKJ2PC1,75901,
B08XNGMHLY,67622,
B0B46DGZLF,32007,
B0G53TTJPR,32672,
B07QBYKBYC,47676,
B0CQ27F3W5,24177,
B0CG4BPSV3,24177,
B07GV7VPD8,68216,
B0CF29LWL7,54650,
B0CG34FHFH,106739,
B08Y5BZ73T,71643,
B09T6K9SHQ,71676,
B09NNQMR11,70776,
B07G6X8GMP,63634,
B09JW4TYWW,26697,
B07ZGD7VGB,65125,
B0BNPY2SJ5,53768,
B09JW3VKVW,26697,
B00K3WGTDW,39708,
B0FKFZN1P5,103248,
B0G1T79MVJ,22144,
B0CCXCJJWC,19321,
B0FXXJVQK6,49348,
B08PTXNF4K,70379,
B0CH9HBC61,46268,
B0CDWBTKBN,46268,
B09QGQK671,46281,
B0CDW7D4JD,46281,
B09QGPFMHB,46268,
B0DC6JPJ6T,46281,
B00G3U5JQ6,66341,
B01CDZGH7O,69251,
B09JW4S1KF,26697,
B09JW6174J,26697,
B088ZCBN1M,27739,
B091SWB4CF,33788,
B09JW4X275,26697,
B09JW4QS46,26698,
B09JW4RGPJ,26698,
B09JW4NNH3,26698,
B0DPMCPPLS,30381,
B0BRCR4DYZ,29412,
B08CDC1NP8,18125,
B09L1KH72F,40943,
B003TEQ2U6,37549,
B07116WS9Y,37538,
B003TTYNO8,37549,
B00HKK6HOQ,37538,
B0DZC83TDM,21598,
B0DZC4N6DJ,21598,
B01LYBR6E5,65487,
B0CCXY7T6T,31978,
B09KT1M34Z,77347,
B001YHNXIY,75101,
B0DMHVKLZN,27329,
B0DMHNTDYM,27329,
B0DCFM279R,22029,
B085XTHL3F,47668,
B0FCY94MY3,64159,
B07VR9FTMZ,69326,
B00EC2E6DO,46264,
B0BN9TK4F1,104428,
B09KPLQL1G,58548,
B07BPRJMNL,71012,
B0F5MGWTH8,23523,
B0F5M8Z8CX,23506,
B0DN1FJYJR,56498,
B07FDB42B2,37984,
B0F8PDXR4T,77674,
B0FHDDDFQW,70959,
B07VDZG4MQ,54596,
B004WI1HRQ,71032,
B09L1LNNGC,54363,
B00ZKZLAK4,70774,
B07FDH91K6,40685,
B07GQQ3RTV,59943,
B0BG2G5RKP,39604,
B00BVXDTTO,28978,
B01G896POG,38241,
B0CXDKZ85F,48388,
B0FJLMDJLQ,57287,
B09X5F2KH1,87259,
B01B1QCMHK,17887,
B08N5TWN53,45086,
B08DTH796H,23818,
B071K24JWL,32363,
B0FRFCBBBZ,26085,
B07PPRRWBJ,54282,
B0GY7L7RGQ,70681,
B0865WXFR9,55141,
B0F25DH2HJ,68878,
B07CGKGR1D,38333,
B082NHNF4N,46340,
B0BXCVN7SV,22415,
B07SNS78MY,29595,
B007GRXNJ0,76394,
B0882R7VPS,73197,
B0GXRP4HRH,19917,
B01CN5HIZE,48535,
B0CB5NTZMQ,48607,
B07FJLJ4CX,80421,
B07B127XW3,63267,
B0DRFF6CCG,73612,
B06XSYZW6C,22058,
B0D1QVR7QY,19706,
B0FNY62X12,54354,
B0B975PW4J,73359,
B0B48SJ62D,68868,
B06XXTK3KJ,62435,
B06XXTDLB9,62435,
B06XY4Q2XG,62435,
B06XXZYSG8,62435,
B0F53RLYP6,95993,
B0F7LQPH5Q,30590,
B06XKBXRDL,36474,
B0F9L9JRMZ,49572,
B09QGPDP9Q,46281,
B0H3NSL8SP,71648,
B0DRKYDBKH,77133,
B09JW5BL76,26698,
B07F3M29Q2,40887,
B085XS3X8H,53373,
B0DP98V33B,70768,
B0DP98GC1W,70768,
B00UF49V9W,74021,
B00DFXZ34C,105515,
B0DXPMPP7P,30708,
B00BWJJG4O,87035,
B009WP2EWG,73400,
B08LGKPRYC,72937,
B0FRWZ6D2R,76865,
B076MLX62T,76675,
B00CPPOBZS,75826,
B0CF5FFWD7,49821,
B06XG8RGNT,56089,
B06XGTQGB5,59703,
B0D6B15372,55105,
B0D69Y56GF,55105,
B07NQ5PQYT,73398,
B0G7C5RC14,68789,
B016M3I2YE,47859,
B00XVP17K8,76817,
B0FJDW8VTY,62731,
B0H1S9VLSS,56622,
B0DXN868C1,90651,
B001C4NYPQ,36035,
B004HC63IA,49454,
B005KNPA98,72749,
B08VT3XJH3,48583,
B0DKC5HJNS,36928,
B0D8Q7MPLM,41574,
B09DK47KSR,32565,
B09BZL7BKR,20334,
B09BZJJL39,20334,
B091BYVQHP,46122,
B07V27W5TY,52692,
B0761NLRKZ,61386,
B004WI1JQA,69932,
B09287QZGX,72859,
B092878L9M,72846,
B0915XKXRD,53515,
B0BTW93PNZ,62561,
B08ZL66XMK,89672,
B07Y32TX25,48432,
B07Y4WN56K,22393,
B09T5K1XRR,77905,
B0B41YTXX6,70553,
B0C3QMZBCV,74259,
B08PJFC6G1,75668,
B01LZY36UO,49364,
B08HHK7FGW,55275,
B0FRMPKZKD,51285,
B0GM8XS7C4,92383,
B09BZHDYP5,20334,
B09BZJC2PT,20334,
B09BZKDSNC,20334,
B07NS63L42,78687,
B0DRG7W7YD,54278,
B08VT2FVTF,68060,
B0FDMMJ74H,27679,
B07HNYP6XZ,41309,
B07HNN6R4L,41321,
B0DP2PKFV2,41702,
B018SFKAVM,72226,
B09CDB6RN4,49175,
B08132ZLZ8,92466,
B08KXP27ST,28239,
B0FR8QB595,39639,
B004PFC73O,20211,
B0F47RXRC5,55595,
B07M89TXQ7,28080,
B084ML93R4,27259,
B0CKSBYCW6,48123,
B07N6956V9,39629,
B01JHLD0FE,60426,
B0D2Z1WJD9,40371,
B09FLXYF5T,74569,
B0D25HWR97,55248,
B0CNJRN9ZC,74566,
B01MRXWNQY,32419,
B0CKH8GHKJ,60915,
B0071HB7P2,20500,
B00HLODZMS,40260,
B08FJ6GB1W,75434,
B0DGPY9KQW,37531,
B0FRML4XJH,51285,
B00N9OG0LM,39020,
B00N9OFZSG,39020,
B06XXNF37B,39032,
B0013ZGII4,64053,
B0834CTBCC,104631,
B0077Q0NP2,110167,
B08SQTW817,76579,
B07R578RHQ,95321,
B07R56ZB8L,95321,
B0043RQ86Q,94488,
B0FRWTQ2Y7,107054,
B0FRWZ9F8B,107054,
B0DSPF8VQG,104235,
B0DSP8YBBM,104235,
B0DSPBTDS7,104235,
B00FJTMD2A,107828,
B0CLFYDHT2,44499,
B0GNST1S46,109276,
B00Q2GME6Y,75807,
B08R78ZRMP,44946,
B0FXSWSGML,11745,
B0D2K7R62W,30130,
B0DJJH5B79,27939,
B0077SWQCS,81153,
B0876FDMY2,81383,
B0844WB7S5,81383,
B0BV93HLBD,153713,
1945323787,109882,
B0FWJJ4DZL,81860,
B0FPVKK1LF,102055,
B09QFWT3G2,38335,
B0FV2ZYPLK,102996,
B07KWJDG14,96736,
B0BKKCG3XV,25633,
B08P23L3C5,105707,
B08P1ZYDYZ,105633,
B08P21ZQ3D,105707,
B08M9PMPV3,32155,
B082XFTKR8,96091,
B0CJFN76GH,41946,
B0C3R1FW8F,41946,
B0CSH6N7S8,32016,
B0CVLB383L,25873,
B0H5RQG9RC,110052,
B07R9BNBDD,57132,
B0FH7QBQQV,32532,
B07QTQLD6M,107391,
B0C4KG1B9R,95625,
B0746DNZ5Z,44669,
B08XZPJFB5,109291,
B099MN92TY,118583,
B01CM0B3JW,106601,
B0CM9LXGWW,106678,
B0CM9QW19G,106736,
B0G6CQF5PN,30157,
B0FRB2GQXR,45232,
B07QTBH91C,107587,
B0CQ2M7W7H,103724,
B0GHSXZSXX,106963,
B0GHSNBNQZ,106963,
B0DQ5J1KDF,56310,
B09NLV4MNR,56543,
B07QZKVDT2,106447,
B0DR91PKPN,110207,
B0F47SSH6B,107792,
B0H2RFS2RR,40968,
B0BM3TF6Z7,70142,
B0836MSC3K,107683,
B0DZZHSTD9,45477,
B0B4YLW63H,106416,
B0002YN9I4,45963,
B0833L2K6C,38662,
B0CTFR16M8,106457,
B09DJK87FJ,52012,
B0CWM69Z4T,31762,
B0846PMT2W,86906,
B0B8MHKPB1,97362,
B00IAM3IN6,105626,
B0FS1SDHYL,109652,
B0834CRRRG,105927,
B0DBFBQQZF,107297,
B0D6B1MBD2,99174,
B0FFT33SC9,107205,
B0D5ZKS23Z,116974,
B07PJ26161,53066,
B0F9KDCB5B,21176,
B07TTHZC4P,76781,
B0DYBQ558T,149547,
B0G573XM4K,67889,
B08QTKV1SQ,32393,
B09MZ73K59,78512,
B0G76CB6BN,107009,
B07DD1B7XT,106592,
B0B4RQ2MMP,107000,
B07QN9SSW1,110011,
B0C5D9ZP26,101370,
B0836K64M9,107796,
B07C2QFKD2,8942,
B01NAQ5J95,107585,
B0G1NCVJQQ,67267,
B0F7YXZ8HN,21168,
B07SL5NJRD,32252,
B0BTS89G42,54544,
B0CD76PCLW,53212,
B0B586HH5H,53212,
B0B5883VNM,53212,
B0B586D3J5,53212,
B0G2B26BG5,77494,
B0G29XL161,77494,
B0G29ZL62G,77494,
B0G29VWN5G,77494,
B0FX9PKR53,69132,
B0CTZR99JB,97933,
B0CTZR8S5G,97933,
B0CNVHYDC3,67738,
B0FMFX5K16,112660,
B0FMFWRNQD,112653,
B0BG1H82MH,108636,
B08F321BGC,29930,
B07GZ51QRC,108079,
B0DHRTM4SS,101094,
B08D6W6RNT,23513,
B08Y9VX9CM,106316,
B0GZT3963J,105124,
B0CWH2386T,64014,
B0C4XWCPQW,107231,
B0F8TPZ4H2,111061,
B0D7SQ35GW,101797,
B0BKZGH8CG,112007,
B0C96M5JYZ,27149,
B0DT5R9MGD,107843,
B0BMW7GK4N,43725,
B0CGYSB75S,43739,
B0CF3JYT4S,43739,
B09PY2D77V,101616,
B098KRW7CY,161472,
B01M74UGPV,161472,
B098KRSL2T,161472,
B01MFFT0DQ,161472,
B098KQZF7M,161472,
B01MFFGEJP,161472,
B0D311PN5K,110042,
B0CLY6SG6R,110035,
B00CM4V7DG,109980,
B0CN6RXD1F,111042,
B0CM5LP82Q,42082,
B095S4HNT6,32210,
B0H1VSZ8BG,75925,
B07SHG17PR,109925,
B0FK12RM5R,111921,
B07VMFKZ59,108558,
B01M5GKDV7,37226,
B0BSJQGJS4,51427,
B0DHXQFKL3,45333,
B0FQ34Z38Q,31965,
B0D7N4KZ2D,31799,
B004N3B00Y,103397,
B0B3N8MKR9,111900,
B09QFS8BNN,102976,
B0CQDHTC31,110253,
B0CLTXMS1L,108481,
B0CLLY93G7,109847,
B0DM9MWGDL,67851,
B0CRBJPW6V,67851,
B0FN34B2PL,105742,
B0DB2MS99P,19596,
B0BJ5SD98W,108843,
B000RE6S1E,104583,
B0FTLZKSR7,27982,
B0DKNJQQLY,82021,
B0DLK377DX,11282,
B0DLK372DG,11282,
B01EH343KI,104246,
B0BH1MD3PD,112467,
B07PPVB8H7,56443,
B0FRLTXP64,107549,
B083P7M8TF,112302,
B0FBLX9LWX,109972,
B099ZCTZRH,109080,
B071RYJNBC,53183,
B085TCC3Q7,104859,
B005JRAJ0A,68325,
B0C18X7MX9,32364,
B094D5KPYD,46368,
B07TFTN9BD,88902,
B0F927W7T1,43819,
B0CC4G84MR,106557,
B07NVXSQ33,68109,
B0C885DHZJ,108177,
B09WDKPF3P,109648,
B0GGLGRFMV,105323,
B0D4DP155N,68441,
B0F2829KXV,102895,
B013QSV290,115898,
B0F8BLJV57,106994,
B0BTCYTS6L,110369,
B09XTDVS49,102322,
B09QFQR46L,109110,
B09NLSZW31,57109,
B0DJT3ZN6K,101456,
B0169SG7H6,110697,
B0FP4CP2NZ,107214,
B0DJKDRX6C,89579,
B0BPF6TGMR,103777,
B0CY2SJ5SR,64599,
B0CY2QD4WD,64586,
B0BN32DWYS,31902,
B0BTCYCKWN,110865,
B0F24Y4189,110574,
B08HFFJHNT,110581,
B09MWJ6Y22,105529,
B0BDYSWPTR,110549,
B0G3Y89187,67753,
B0D4C1S1Q3,115935,
B01I5IH5VA,109606,
B00NWKEAGU,111581,
B0DFWL7PY1,107617,
B0DFWMBBKV,107617,
B0FN7P8HW9,107617,
B0FN7M6YXQ,107617,
B0FN7KY95Z,107617,
B0B6QBVZPR,64124,
B0DJCSWNP5,106319,
B0D9QLBPZT,32163,
B0D6DZW85Z,110418,
B08GXFKDHY,109974,
B082V3MT4D,112436,
B0BJKKBHRV,18156,
B0BLRB47KN,108605,
B0765CRFSD,133849,
B0F475XLBY,11470,
B0GX1VT8GZ,108307,
B0GX1MW515,108307,
B0GX1SDDCF,108232,
B0GX1SK2CS,108307,
B0GX1WV5T6,108307,
B0GX1VBV72,108307,
B0GX26LYYJ,108307,
B0GX1XMXXS,108307,
B0GX1S4TN7,108296,
B0GX1QFSBG,108307,
B0GX1WKFRJ,108300,
B0GX1SXXM4,108307,
B0GX1SJSYK,108307,
B0GX1QN92Z,108307,
B07MZ5ZTG3,57463,
B0CZKTQ39C,102369,
B0GYC9ZSKP,38051,
B07SSJDNZP,77928,
B095RB78WV,38101,
B0GBS3WH9P,79976,
B07SC8TSTK,112606,
B0D6MPNXC9,56824,
B075XNNVJS,165161,
B0BHLZGFNB,111346,
B07WMNKQXL,110607,
B01N372MTM,108644,
B095SVYT7Q,106011,
B00HITKZ38,113984,
B084TKGPGH,115894,
B0CXX8LHGB,113277,
B01M3XOKA5,112312,
B09V55MG6Q,110150,
B0FHMM1DJJ,57145,
B0B8Z7Q3F7,109027,
B0B7XR2BC4,117097,
B0DN7S12YC,116997,
B0GV4JL5B4,51481,
B0GV19NF4X,51481,
B0GV1B14TJ,51481,
B0GCB1YHT5,32299,
B007R1AOFQ,108228,
B0CJT98JPS,16292,
B0978FMG7S,103791,
B0CGVZ4843,117500,
B0DM25BZMD,110013,
B0D3XZVMTW,53637,
B0D3VG9VXR,53637,
B0895CQ41J,105628,
B0BVY9YH7C,88676,
B0C4G4Y2QC,117627,
B0CGWTSJGS,15646,
B0CBP2SHC4,111153,
B08TJM5SJK,26286,
B08TJN4PT6,26288,
B0GWPZBRC3,67536,
B08P216XFB,105707,
B007H8ISMA,115883,
B0GH83LCM3,70604,
B09TSY5N5Q,112048,
B0GF24ZL3F,110704,
B0DXXS56M9,68662,
B0CP89K5MP,111592,
B07PGRHBRY,115625,
B0CN5JZPJ3,106314,
B0F8ZXWX8P,21942,
B0F8ZR982K,21942,
B0F8ZKT3J9,21942,
B0F8ZLNSNK,21942,
B0F8ZS98BD,21942,
B0BS1SFPSQ,147678,
B0DPPQ1C4R,32024,
B0CDZVBGZH,117262,
B09VP3YCXG,84294,
B09586RCB5,104068,
B09YTX5KWF,103584,
B0077FSK0I,115861,
B0G6KFS724,118174,
B0CXTCZKGY,118174,
B0FPQ5T9ZT,118174,
B0G6JZPDVX,118174,
B0BN1H9628,153007,
B07DKFT92C,173502,
B0CTQD16F7,9168,
B0DDPS635W,117102,
B005H8K6I6,108311,
B0772FK7Z2,115491,
B0DW3K42VJ,140205,
B0F5LZ8CTK,112192,
B09Y6CB9YM,123808,
B0H1J66HFX,42479,
B0DJQPYS4N,32732,
B0CWFRQ7HQ,128970,
B0FJ28P8ZZ,22637,
B09YRM4Q46,82017,
B0CLHR9LTV,105841,
B0B2KKGWMY,115121,
B0BHFD7BPM,117464,
B0DQTRV6F7,116413,
B09C9T29QW,57627,
B0BTGRC5KF,116839,
B0DY7GYLGV,32837,
B0CBRT26Z1,109669,
B0DNM515NQ,83480,
B01MS95E5U,117455,
B07F3LJDCF,118682,
B0FPLPQ37W,67954,
B0FPLP6N2V,67889,
B09VWGV6TQ,149537,
B0DYBPJ91L,149537,
B0H5WKDG7K,9541,
B0BPM3L8V2,113555,
B0BPM3SKDT,113555,
B0FB93PB8S,113572,
B0B284HS72,65826,
B0DNFQ7VFR,118495,
B0DP5HHY1V,118427,
B002NHVP52,113462,
B0DG8B557S,107302,
B07R2L3GVC,57398,
B001E3CSKM,65094,
B0BQSJFS3H,113732,
B0DWV6F122,108771,
B07G1BQSZZ,110454,
B08LWJRBPN,105462,
B0BRFQD2S9,117357,
B0DWMVRHB7,173925,
B0GTY8DZX1,173925,
B0DWMVR3YW,173925,
B09TPD2HYJ,116676,
B07F67Y7ZF,106938,
B0DTTQV433,116581,
B0CX97SLHP,46103,
B09DL7M4DN,115548,
B0BVLK49GZ,115684,
B0B1J616CY,108442,
B0D34PGJKF,108808,
B008O0YM8O,79206,
B077GP6XB3,16484,
B0F6N84LT2,109637,
B0F6NBHFCQ,109637,
B0F6NC396D,109637,
B0CKH9J5WM,112038,
B0CYKBBJSD,78084,
B0CCVP87G9,116816,
B0CDLJ232R,112187,
B09QFYP88B,115935,
B08CRDJ94Z,108703,
B0FWXN667F,108722,
B0FWX6C7QD,108722,
B0FWWX297T,108722,
B0FWWV759J,108722,
B0FWWWHF35,108722,
B0FWXY3LY2,108722,
B0CBHFCQ36,42500,
B0CTTVHKLS,88449,
B09QFP84GV,115993,
B0BKZG943R,112007,
B0BKZG3MVK,112007,
B0BK7YQWCD,109435,
B0G2Y1LSL2,29030,
B0F47BMP1W,63597,
B00R435HOA,67939,
B00260GL8C,109013,
B0CTY1VD59,18277,
B0CLM4KL2Q,119226,
B0CLPCSQY4,161472,
B01MD1M1A5,161472,
B01MREDT4C,161472,
B01MREB7FS,161472,
B098KPXR41,161472,
B09YH2MCJ8,45052,
B08R77N46W,83614,
B08LVJ5VMC,68645,
B0DH45NG2B,21681,
B00DGN4662,39390,
B082DYKKNJ,99704,
B0FPB5KF9T,16868,
B08LVKW3TF,68645,
B08LVLWM82,68645,
B08LVKDQC5,68643,
B0D2P152ZJ,87914,
B0C4SMVVLW,87910,
B0D2Q5MP3V,87914,
B0C4SPN9W1,87914,
B0DMWM565T,119367,
B0C4SMYFRD,87914,
B07963PNJV,50687,
B09BJ4VVW9,50687,
B0D368QWP9,301886,
B0D367CGVL,75109,
B0D367CR7L,70692,
B0D367BFXV,70692,
B0D3674W69,82412,
B0D3HG19H3,254939,
B0CBJY6Z69,28416,
B0D496TCD3,110537,
B08HXHGYMQ,50687,
B095HHVMBF,82387,
B092ZLQSY6,82387,
B0FPQHGTKM,70460,
B0FHJRVP3T,26831,
B07NQJBZFZ,94069,
B0GWMPWCZ9,15649,
B08GL3HCTY,82380,
B08LSTY2VB,72739,
B08LT418SS,72739,
B0FPQHBWGT,70460,
B094W2BB5B,82387,
B0BD8V2V48,38954,
B0GWMQ1VKM,15649,
B00H2D1ERG,128557,
B0F64TFBW3,25308,
B0CWVDRZH8,51711,
B00H2D1DOK,128557,
B078W31Y54,72739,
B0G1RFPLK7,119145,
B0CFT3425T,43761,
B01H1WNKWY,143595,
B07K6LQ7MC,45265,
B0G4Z951ZB,35184,
B0C68JWNK4,41305,
B0CKGZKFJF,46804,
B0DWG4FXRC,34342,
B076LVZ84L,46801,
B0CHW2F2T5,23370,
B01GHCH6K6,93085,
B0G1B89WKS,125345,
B007Q64I90,74799,
B0DX41V56F,34342,
B0FXH83Z8V,34342,
B0FXH981X1,34342,
B0DWP13ZV6,34343,
B0DWPHL4XJ,34343,
B0FXH9RB21,34342,
B0DX45HBWK,34342,
B0DWG4H6WS,34342,
B0DWG3Q1TW,34342,
B0DWP3XQD6,34342,
B0DX44XW9B,34342,
B0FXH974YC,34342,
B0B1PJDQKF,37324,
B003VTQXA8,23803,
B0FBFML9HH,126741,
B0FBFP8SF4,126709,
B0081TOF12,69016,
B0CQ71KQXY,20030,
4583218699,51954,
B0CZ6XHQ9J,92718,
B0CZ6SBXPZ,92724,
B006OFLGM6,78851,
B082DY5H4G,99698,
B0CQ723NH5,20030,
B097MLLKPF,128514,
B0F13PD42T,20030,
B08XX7ZGNG,128514,
B00KCWPVH8,127005,
B0F9NWH2ZM,48688,
B0CG46ZKBR,71025,
B01M0MZ7NI,58309,
B0CG46898Q,71025,
B0FS73KRLP,49046,
B0FS789PNR,49046,
B0CVNCHMFM,86608,
B0GR8ND861,35984,
B0FKXZ996Z,107668,
B0055NRJLA,65853,
B08DL4JCHY,115111,
B0055NRIAM,65848,
B084VF7781,110289,
B0G1B7QF9P,125345,
B0F9P1GK9J,48688,
B0BNVF3MJC,52272,
B0CPP8NS9K,41507,
B0CPP9TBBC,41507,
B0CHW4D8RK,23370,
B01D8CPDCQ,49748,
B0FSCNJ3WV,42470,
B09TL1XNMK,46910,
B0D7CH9VD3,27033,
B0D7CFWQ9L,27034,
B0DWXF2CWT,53679,
B0CLVHTWTG,65243,
B07P6WYWWC,41796,
B07PBB9BMV,41796,
B013BHZZX0,23955,
B079QLT3G4,27430,
B0CBP425JV,41796,
B0824QH1YB,38025,
B0824PKPGV,38020,
B0GFYHFJWL,54430,
B095XMS9S5,107701,
B0GFXZ2SKX,54430,
B0GFXZ9NF2,54434,
B0BLSF8LLS,118945,
B06Y26D8TR,20863,
B09WMY5SS4,20878,
B085G2WNCY,20878,
B0FMJFRNJG,20878,
B0D6V1MVW9,48964,
B07Y1WVBSZ,124928,
B078JZFTPZ,65104,
B0BSKQXYK6,67120,
B08FM3WTD4,48094,
B08FLZFHZR,48095,
B0D66C5ZRN,39420,
B0GRCQNHDF,67905,
B0GRCRWZ36,67905,
B0GRCSC3WJ,67905,
B0B1PR1FD1,128488,
B0CN69LG8V,39422,
B002OAVBUM,37442,
B00HH2DVP0,125469,
B096X7H9JB,66696,
B0H1JGR8N8,20238,
B0H1J993LH,20238,
B0D66FYDJG,39420,
B0FCYBSF5H,118941,
B0CLTP5XRH,33941,
B0CLTSZSZ2,33941,
B08ZYRYBZS,20238,
B07RJNP38W,20239,
B0BLSG3Z98,118935,
B00C3LR2K0,112670,
B0BLXS1XFG,68715,
B0DPQZGV6X,72783,
B08GL6QN61,23967,
B08YJ8MMN3,73672,
B08YJYZJGN,73672,
B0D1VC8ZG8,73672,
B08YJN3MSX,73672,
B08YKDKQCS,73672,
B08YJ641NV,73672,
B08YJF7LMN,73672,
B08YJRCGGN,73672,
B08YJYWPZ6,73672,
B08YJP2DWC,73672,
B08YJTQQLF,73672,
B0DC2NMCYL,54820,
B07LCDD7DN,54711,
B09X6NRWW7,128458,
B0D6TZLSYS,48967,
B0D6V5CVNN,48964,
B0D6V5YHNM,48967,
B09LV484YF,72290,
B095JFG192,35294,
B08FKV5PW9,48094,
B0FBWPF42Z,32578,
B0C173XX7F,40453,
B0FBWSKQZC,32579,
B0FBWRGCMC,32578,
B0FBWLHBYM,32579,
B0FD9MBJZL,25886,
B000AQQTYA,23055,
B0D66CD25P,39420,
B0DK7PMPQX,47396,
B0H38TJCXH,89679,
B0B3R15J79,118945,
B0C9TTCDFW,110826,
B0DK7QDNW1,47396,
B098WCPW67,118945,
B09FLQF7C2,66230,
B007D7UCF6,112691,
B08GL62N9G,23967,
B010D5RF7M,72290,
B00J1BV01C,70039,
B0CP1XCXC3,18539,
B010D5RN7E,72295,
B004VIW0D2,89254,
B09N92JL2T,89375,
B000QW4YG8,129302,
B09N8K5Y2L,89372,
B09N8S5X99,89372,
B01LYGYQ5T,89448,
B010D5RVB2,72295,
B0C4883W6T,57323,
B07RXPPYSC,72635,
B01LZFIJHW,72635,
B0DV59RHXC,86980,
B0DV58XV5M,86980,
B0CQK55D1V,125055,
B0G47Y4FYJ,45763,
B01N3YU4HK,26841,
B01N3QOMA7,26841,
B01N8UFEN0,26840,
B0BT1MX93R,89234,
B0CQL2SWMV,125055,
B0CQL3WBQJ,125055,
B0CQKY41RV,125047,
B00I4O4XTS,32232,
B0CQK5FW2P,125055,
B01IC8U2BS,90026,
B006IPZH5Y,45941,
B0CCGC7BTZ,47915,
B0CCG3GWLK,47915,
B01N76F3R6,113590,
B0C171929R,40453,
B09HC5W49D,69393,
B00KV7A6RY,42332,
B07YQBNK8M,80200,
B07THXFS4D,146825,
B0B58VZKKS,13209,
B01GB0BWT0,51186,
B0D7M28M74,91878,
B0D7M3ZXVG,91878,
B0D7LYFF7W,91878,
B0D7LX1WTK,91878,
B0D7LVYFM7,91878,
B0D5R33CBT,46936,
B0GCH429Z9,117064,
B01I0L3WWS,74113,
B08Y8WHKP4,124278,
B0GGLG4ST5,66035,
B0B48KNQDK,45984,
B0749CTX2S,43993,
B0G19RZTXZ,138287,
B0BBGBDDD4,89406,
B0DYN44X5R,39242,
B008D6IR2G,111919,
B075K8SVWZ,44241,
B0D5R1VQPT,46939,
B0D5R3YTCP,46936,
B09V4QLR3K,117656,
B00NYN6LVC,77033,
B0B2156JRJ,85901,
B0CL57JPLR,128567,
B099ZCPR6X,18828,
B099ZKHDJX,18828,
B0CL58WJJL,128563,
B0CLZLNZFC,50083,
B01BIJABX2,125309,
B0CJ478N1G,105568,
B0G5LNC3S2,130695,
B0007R8MAQ,127513,
B0FBFZZDVQ,110852,
B0G5LRXBJM,130682,
B0GGL6VVLZ,66035,
B0GGLGT7PW,66035,
B0FBG2W9YV,110849,
B0FBFYLW2M,110849,
B0FBG1DPL4,110852,
B01N59IED6,73473,
B01MTURB01,73570,
B01MXSE1CX,73569,
B0BLYFGL1V,44302,
B09DF94WBQ,116785,
B09STH96DQ,68374,
B09DFQ8MR1,116776,
B0BZNYT7FV,87421,
B0752FRY2K,73573,
B01NADBIKK,73573,
B01N1MGLAB,73570,
B01N2O1D1Z,73573,
B09133867N,42566,
B008BC1F0I,34146,
B0C7VY9YPV,65284,
B07YDVNB3D,125972,
B0C7VKHMDR,65284,
B0894NRGMW,22188,
B07NL5NP3T,113835,
B07YDVZBK1,125972,
B091651ZRZ,125972,
B07YDWLT7X,125972,
B007PWYBR4,124675,
B007URTLWE,70592,
B0DV99GH2J,165365,
B098X8TKM3,67868,
B00IIYCBK2,118467,
B0C9ZMRQSC,108013,
B0GWRMFTTZ,111715,
B0CYLRF4JB,134058,
B0BYHF2Q1S,131175,
B06VVJ69JD,32200,
B06W55JMSV,32200,
B00CCE0YA8,32200,
B0FKG31NVD,47331,
B0D3WVZSLL,73934,
B0CT87QRDT,73938,
B0D3WN5QJN,73938,
B00JTTX75I,32201,
B0CN2W43SP,39530,
B0DQWQXQ1Q,53533,
B0DQWHG6SL,53528,
B096LCNP3P,24159,
B0DQNJ28S5,136321,
B0F8TPQ1KG,43891,
B07VVFGD5G,90465,
B01N4834HE,73569,
B0752784Z5,73570,
B0DPKPH4HN,113552,
B0DPKQWDT8,113552,
B0C7VSF3QY,65284,
B0C9HSBTGV,65284,
B0B72K2C3T,39511,
B08KCNSWCT,71688,
B001ANE228,88608,
B0FHHZ2ZWF,44901,
B0DRWP9GBZ,47087,
B0C9TKQGB7,54853,
B08PV4GVD5,22189,
B09MJ6NZFJ,38833,
B0C56TQNL4,73725,
B0C56SL3W3,73725,
B0C56SZ4C9,73725,
B07MNCPWBY,29006,
B0194O2CV2,40727,
B0H3V44B55,39954,
B07VJQ1BQ3,43782,
B07VVFG3MF,53002,
B08PV98GQG,52105,
B087T288T1,52105,
B0FHHY88LM,44901,
B0DT3VCWB2,136321,
B0DT3WWSL8,136314,
B0FF3ZSPF7,136314,
B0DQNB9H75,136310,
B07HC8SJ35,128345,
B07HC3B9KV,128345,
B086WMSS59,128355,
B09X1G3PL1,91265,
B001VNI4OO,39880,
B06X922ZVL,32200,
B0C5XLL3RQ,91131,
B07JQ3CZXN,111452,
B0GHRFGTMD,53749,
B0BQTSTRY1,38718,
B0GHRYK12J,53749,
B0GHRML3GJ,53749,
B0BP16QPLY,39579,
B0CD421ZP7,27576,
B0CD414DXM,27576,
B077SRJYT5,38991,
B07TLJJHJ5,52105,
B08PV3DK5V,52105,
B0BL2C66HS,108487,
B093CNCKB4,130118,
B0BY8PSVLW,33007,
B08PV98PQ6,52105,
B0GCJK5D3T,47367,
B0BYN1WDYG,12255,
B01BM1WLE8,125268,
B01M7VWYU5,99529,
B0FK9YSQB7,140486,
B0DJ2FB4BH,129964,
B0056DRDQ0,23346,
B001LRZIV2,45564,
B0D62WDK1Y,68193,
B0753C85F6,42446,
B0D62TWHCY,68193,
B093WBHM9P,33620,
B00K4F2JQE,58998,
B00C2FJ49Y,109913,
B01N7CTJGL,89795,
B0DSKZD649,126482,
B00C2FJ3CW,109913,
B0DSKZFGFH,126482,
B0DSL1TZS9,126482,
B0F2MC5ZQM,54988,
B00C2FJ0SE,109913,
B0F8NJQR1L,48967,
B0GYBJPGB7,33385,
B00C2FJVZG,109906,
B0CKX5SG6M,95883,
B0B6CB44KY,72678,
B0FL1XP4DB,38410,
B0DJC6HWCD,67917,
B077SRJNNC,38991,
B0G4B4CSV9,163166,
B0GT8BSFRD,72087,
B0GT84QFFW,72078,
B01560ULRK,118903,
B0BDQRG9DJ,125185,
B07TWVSB61,93382,
B0DYH2SXG9,72527,
B0CK4L47GW,132527,
B01M5E6T7R,69837,
B0F5QG98DT,110909,
B0CSVP35FB,65846,
B0DR2RJHZD,47126,
B0G73KMBLT,43692,
B0G72YNW4B,43692,
B0FP2B3KPB,16014,
B0B7HS5724,38889,
B0B4T6RD9L,68935,
B07WYGQHGB,44460,
B07WVH1B61,44460,
B07WPHFRZT,44460,
B07WYG2KPK,44460,
B07WWLQBGP,44460,
B07WXNCPRM,44460,
B0G2HYTZLX,162520,
B0G2HZJ526,162520,
B00M7YYPSA,134783,
B0DYHMD4RM,72518,
B0DN63ZYP2,163166,
B0F5PP1X55,69220,
B00AK7PHDS,133493,
B0GMHGYMFJ,88705,
B0GMH5GHH7,88705,
B0GMHGWD3W,88705,
B0GMH7ZBJV,88705,
B0GMHFSKQ6,88705,
B0GMHFG41H,88705,
B0GMH17TZX,88705,
B0GMGP8KTK,88705,
B0GMGYD4DG,88705,
B0GMH8DX3B,88705,
B0GMH6JP7Q,88705,
B0GMH7P8C8,88705,
B0GMH7P5F6,88705,
B0GMHFGJHC,88705,
B0GMHB7W6S,88705,
B0GMGTVWR5,88705,
B00BN4GY5W,88345,
B0033K3JTI,42887,
B002A5U29M,99845,
B002A5Q8SQ,99853,
B001555F72,49282,
B003GDIQIQ,49281,
B079N6J3VN,63752,
B00CJ9MM2Y,46413,
B00EUUJH6Y,90287,
B073ZTQLBF,63443,
B073ZTYLLH,63443,
B073ZZKZP3,63443,
B074131MPD,63443,
B08XLVNMLZ,22108,
B0DX26RNFL,72522,
B0DYHDVT4H,72518,
B0CN5GXBNG,113887,
B09JNTBLR8,116409,
B003VUU7RM,117021,
B008V2GG5C,101165,
B07QG5Y55T,50282,
B078MF7ZNT,88071,
B001BCY8GI,25447,
B003KW6C0M,50311,
B00IH7NXHA,64996,
B01MUEM0KJ,105905,
B081Y1JDDV,113102,
B081Y21K3X,113102,
B081Y1T2BH,113102,
B081Y1ZT7X,113102,
B01AOVA2SO,88071,
B07FVXTNZB,29425,
B07FVSZ19Q,29425,
B01M28CVKP,76867,
B0BCX74Z1Y,12433,
B0BSL7KYSR,112106,
B00N3TYMDG,43925,
B000TGF3SO,92892,
B01MAY1OQR,16654,
B07KJMR86V,31724,
B07KJKDRVQ,31724,
B0CN5GK7DB,113887,
B00GSJLR1S,43925,
B0CP7MSGVS,106323,
B09V9XP3KK,34332,
B0CMBXVCCV,22185,
B09TW2Z9J1,139078,
B07TTS74ZG,38847,
B011XMHMKE,53230,
B0DC651LQL,98868,
B0F7PYDQXF,45239,
B0F5BNPZYN,75910,
B07KNB4MF2,48336,
B00A0GRDPE,134561,
B00A0GRHAK,134556,
B0BLSH6GNB,66967,
B003N7TJT0,52028,
B0CD1GTNYP,114228,
B001EQDX3A,135475,
B001EQ8FRY,135475,
B0F5BLGP72,75910,
B00X3EG5IQ,45790,
B00N3TYKZ6,43924,
B00GSJLS3U,43904,
B002A5U2KQ,135623,
B001EQAGBC,135475,
B0875NQPSB,95780,
B086C5XJDM,50551,
B002GMJG82,28884,
B01NB1R9FP,37284,
B001CA4AFS,90972,
B001CA4AD0,90972,
B00GUPH6ZQ,133416,
B0BFDHV5BD,40496,
B09TVZLLLQ,139078,
B09TVYBT12,139078,
B09TVYP4XT,139077,
B002CI7V6O,46291,
B001EQDWGS,93893,
B01MYE8HHB,94237,
B0D8WN2KDJ,137264,
B0BFC8Z8DX,155589,
B0DTHZKG1J,74418,
B0DTJ1Q4MS,74418,
B002TF1X0A,66547,
B01GUX33Y0,71567,
B09JN9QNZR,65531,
B0B5X2JZD7,134646,
B0G1CBY12T,10546,
B0B5WZVT1H,134646,
B0F3X5R12Q,75910,
B0FG358T2C,17271,
B07DHHCYHV,28865,
B085T5W5WL,36756,
B085T5S48G,36756,
B085T8T2L9,36756,
B085SW4ZB6,36756,
B085TF9ZWS,36756,
B085T8JKPK,36756,
B085TB6R76,36756,
B085T8HM7J,36756,
B085TCCRYD,36756,
B085SWCR1J,36756,
B085T4BTW5,36756,
B085TDZX7T,36756,
B085T5BRKX,36756,
B0DZNHRMPV,54282,
B0028W0R06,93894,
B019GUDQHI,102486,
B08T5SC84B,23072,
B082S5V5KJ,14459,
B097P3T2HL,55706,
B0CLL8FZ5Y,179479,
B0725XJNCC,23922,
B0DYP539K5,51810,
B005NGYVD8,65982,
B005NGZ1JG,65977,
B005NGZ2JK,65977,
B005NGY6SS,65977,
B005NGYYF8,65977,
B005NGYZ7U,65977,
B005NGYT2Q,65982,
B005NGZ4WK,65974,
B005NGZ3ZI,65977,
B005NGYBOM,65977,
B005NGZ2E0,65982,
B005NGYT8A,65977,
B005NGYVRO,65977,
B005NGY7SM,65977,
B005NGYCCI,65977,
B005NGYDWM,65982,
B005NGY8D6,65982,
B005NGYE1W,65982,
B005NGY8XG,65977,
B005NGY732,65977,
B0B5WZXVVD,134646,
B0B5X13RZT,134646,
B0027WTV8G,193111,
B00MFGP7XW,112656,
B010FMISYW,115569,
B001Y55M80,63310,
B0C7GXJL43,37050,
B0BKJNS69H,112533,
B001EQ8HLI,93527,
B09NDFT586,93527,
B09NDG1B2C,93521,
B09NDDJV37,93527,
B089K2HD75,147442,
B0G2Q93MBR,36859,
B08ZKSRD5G,138449,
B07XTBJ43B,91459,
B0GXV5M978,30887,
B004OQZWK4,112305,
B0GXV5HFS3,30887,
B0GXV89HG5,30887,
B00AO188VS,22701,
B09Y5Z96JN,26757,
B088NQ1YPK,134347,
B003WN4S0U,97508,
B0G2Q92RGL,36859,
B0G2QBGWSN,36859,
B003CJ9U70,48086,
B0G2Q7DM86,36859,
B0030R7CXI,36920,
B015PR4XNM,108049,
B07SFXVRL1,70421,
B0BVW3RQ1G,116436,
B0G2K35KNZ,110676,
B0GXJW6CKY,116471,
B0DSBZMQL4,120252,
B0F5B3L6X5,39544,
B0BRN3Q56F,46786,
B0GXVDCBS8,30886,
B0FH3NVKPV,64548,
B087526JRT,30047,
B087538V94,30046,
B00OSR6DNO,66939,
B08752WS13,30047,
B08751PPMC,30046,
B0CGTQ2LSD,97183,
B0FGCV2PVM,16838,
B0BWTHK947,89579,
B0DHCF29G4,104284,
B00JLWM8EY,132013,
B0DHCJQ7YS,104284,
B0DPWYC216,20366,
B01KJIFDAO,70799,
B07Q6YW6DM,20402,
B07TXD5NPQ,16983,
B083TBSR8G,16983,
B094VG8458,139142,
B0CBH4CCQW,112935,
B00TUWGQKW,115832,
B0GN6PY275,64381,
B005X35BDA,118952,
B0FPCB7VJQ,48807,
B07NL465VM,111924,
B0FGD3XW4G,16838,
B0FPCBLM2Q,48807,
B0D2NHVZB4,135204,
B08752B541,30046,
B0D2NJHZ9K,135204,
B00OSR6DPC,66934,
B01ARE2ECU,72937,
B00BUCK0KM,99037,
B00569BLMG,98708,
B07TJSGJ6Y,97830,
B00SINXM3S,91455,
B0G4GH14KR,65449,
B07CHGLYJ8,28635,
B001KYJ2Z4,63305,
B07CHHSWP5,28635,
B005NGLWNU,52122,
B07CHHC4KF,28635,
B07CHFTJKN,28634,
B07CHKLQM3,28635,
B086GK8K1V,73321,
B086GFP5J3,73321,
B086GP8LFH,73321,
B086GHQMY5,73321,
B08BCFRTT2,52565,
B078WPT5M1,94203,
B0GWDRHSWM,53467,
B00569BL94,98708,
B0CDBXNXMD,70294,
B07P1G3L7S,69828,
B0CCRQ3HYR,30806,
B0D472K42H,46496,
B08KDPVY4C,28500,
B08L5QCLFH,28501,
B08HRMLPQ1,28501,
B08L4XCGT8,28501,
B08L4WNR62,28501,
B08HRMR7D2,28501,
B08HRM6F81,28500,
B08HRM5B7N,28500,
B08KDBHJ4W,28500,
B08KCNSV1N,28500,
B08KD58DLT,28501,
B07VP77GQD,25016,
B003ES5LVI,43020,
B003ES5MHG,43020,
B0BCJX5FBJ,76789,
B07N1W45TQ,123438,
B0FRMYW636,46493,
B0F3CHY6WP,181184,
B015GWDTIG,71770,
B0F3CHP1VY,181184,
B01DNQFACK,101497,
B003B37QYG,219239,
B0798MHSHP,73654,
B0D3C6HJZL,72244,
B003V9F7W8,45465,
B0H5L7CLK4,84551,
B07QYYT9X1,42621,
B0BXBK4NC6,134481,
B0F3CM9THH,181184,
B0BVLLBVY5,49643,
B0BHHFMH26,49643,
B07CHMSMYF,71784,
B0798DHG5Y,73654,
B0GMGDHDXY,110832,
B0GMGGCTW8,110832,
B0GMG1L9P5,110832,
B07CHKKL26,28635,
B07CHJBK6F,28634,
B07CHSX9WB,28634,
B07CHKPYN7,28635,
B008GZWNBK,65902,
B0FPQGNCRS,114659,
B07ZTGK7XS,53428,
B0FJSCQQB1,94977,
B0GMGCLHFN,110832,
B003LX6566,105947,
B0C7QSP5HC,46481,
B09B255VGM,46481,
B09B2775RT,46480,
B008MTPIUI,125994,
B00HM5K49S,104414,
B00HM5KNT4,104414,
B00HM5K3WQ,104414,
B08BCG1M96,52565,
B0DZBB82SB,89099,
B07LDCZYW2,54681,
B09TR5NY9W,67234,
B000U3VSDK,23978,
B0DZBKPSHN,89099,
B0GGNNFQR4,46496,
B0GGJ9Q9J8,46496,
B0G4LFNF4G,74907,
B0BHZCM216,50860,
B07CCZVZH7,95059,
B09TR6RFJ1,67242,
B09TR6XF25,67242,
B09TR7J8SC,67237,
B09TR7TQ73,67242,
B09TR7F9SD,67237,
B09TR6XFF7,67242,
B09TR7M2MC,67242,
B0C4VRWZN9,153491,
B0FD47RHGX,99726,
B0FBS46VJX,52015,
B001EQCPWU,93523,
B0798J9XS7,73654,
B0FR9FVT6Y,154620,
B0CVTQ3SXL,66080,
B0CVTWRMYK,66072,
B0CVTHJ53V,66080,
B000TGF3PM,122623,
B0FR9FYQP9,154611,
B001EQCDB8,122616,
B0FR9SBDQ1,154611,
B0FR9FYL55,154611,
B00HM5KNP8,104414,
B0FR9KRGCX,154611,
B0FR9FVK36,154611,
B0FR9HNH28,154611,
B00HM5KAF6,104414,
B00HM5KA56,104414,
B00HM5KABU,104414,
B001EQH76E,23975,
B08XQ5GMN1,101246,
B08XQ6BHR4,101246,
B09CV4NSDF,27619,
B002A5XT5G,104993,
B09GJZVPQS,139407,
B00BPI1TWO,107076,
B002A5Q6I8,83807,
B001Y501KO,75173,
B0GKXTDJJ2,14788,
B0H3ZH3LB1,116832,
B08D9BD7W5,93998,
B0GKY6RBNR,14788,
B002A5MF42,104985,
B002A5R7IG,104993,
B002A5Q9J4,104993,
B00AR74VJ2,64294,
B0CKNYNJKX,138280,
B08ZKTJGRD,138449,
B08ZKTZJ4P,138449,
B0FR8FCDRV,154620,
B0FR9DTWPK,154611,
B0FR9F6TVN,154620,
B0FR9RFPXM,154620,
B0FR8FC38Y,154620,
B0FR8FCFT3,154620,
B0FR966HSN,37922,
B0FPMGM7NY,37924,
B004TL9OSA,51648,
B002A5QG7Y,142834,
B0CBP72WQH,124360,
B0C4SXJS2M,106044,
B00HL9ALIE,98598,
B0179R8OW2,153667,
B0FJXPRKLV,83627,
B0FMXPQ55T,83728,
B0F59G56SZ,18062,
B0FM3BPCX3,83728,
B0CM6HGM1Y,43583,
B0BNKVJRNB,43507,
B0CM6DD2LM,43519,
B0BNKSZR4F,43583,
B0C8TL8P2L,43507,
B0DCFMW3D4,43507,
B0DCFGRKL7,43507,
B0BNKV8JP2,43507,
B0DFS2CCVK,90264,
B0FSL9YFFG,133762,
B0DRHLHG3W,51399,
B0D9BBBF6T,98287,
B0CGLVWKP6,98423,
B0C8CL5X9C,42501,
B0BC14JDDD,71806,
B0GJBXZWJM,89190,
B0GXVB62Y2,24228,
B0DYTXZ23T,98287,
B08F7LNHFM,43507,
B0FS725TP2,43507,
B0FS72F619,43507,
B0FVX46VBH,101794,
B0DCG67XXF,105514,
B0FSL8XVC3,133762,
B0FSL8Y36V,133762,
B0DXF7K3RC,37279,
B0DXF5MHT3,37279,
B0DYDLTJNH,117650,
B0DYDJV35L,117650,
B082XRKRCT,42506,
B0DYDJC9XT,117650,
B0753B3545,65779,
B0DXF77CS5,37279,
B0DXF9NHFN,37279,
B07Q7G76YQ,70530,
B0FQDYT8YR,33200,
B0FZBT69YJ,115186,
B0FZBRJLCF,115186,
B01N0RD43F,36367,
B01MSZQ095,36367,
B000EWC53Y,49432,
B01N1RE481,84201,
B07DGVMTRG,84201,
B0DG2RPMX7,152097,
B0FSSM2MQD,46139,
B01MSY6I89,84201,
B07BRPCF66,84336,
B01N6FXIIA,84201,
B01N0PVZGB,84201,
B01MTZQGF9,84201,
B01N4D13RE,84201,
B01MTZQGJQ,84201,
B07424JSX3,84201,
B01N9GOLOU,84336,
B07DGXWBWH,84201,
B01N2T08DK,84201,
B0DCMKBX4F,50185,
B0BZVNH1W9,38292,
B0DXF8BW5K,37279,
B0BSBKCY6R,40085,
B0DXF7W64H,37279,
B0GXWW3M9B,135004,
B0GXX36ZZV,135004,
B00005OH62,23540,
B0DFM38219,69580,
B0DFM15M77,69580,
B0DFLZS6NS,69463,
B0DFM2X8K7,69580,
B074C88PWJ,84201,
B01MYYUB5O,84201,
B071J86R6N,81602,
B01N6FXED9,84201,
B01MQV40WQ,84201,
B07263NMH9,81602,
B01MQV4034,84201,
B0DCN2HFKC,50185,
B0CGQRFNWK,31844,
B0DQVCTQ7Z,44756,
B0DG2PCR9R,152097,
B0DG2P9ZRN,152097,
B09KPWM82Y,124199,
B0CW1LH2NQ,86061,
B07J648LTG,94790,
B07B8P2LB9,81500,
B0FPWH8PX1,68725,
B0FPTZKP1X,68725,
B0FPTY4131,68725,
B0FPW9RQSF,68725,
B0FPWQ6NTX,68725,
B0BSBJYKH2,40085,
B0BSBLTVSM,40085,
B0FMRYL8TM,104458,
B099RHYR7M,41062,
B01NAI31KF,84201,
B0FF9TYKMZ,111789,
B0FF9XYP7K,111789,
B0FF9YFNG4,111789,
B01MSY6E1U,84201,
B07K794MJ3,122813,
B0DB27CCZJ,122301,
B0FSSS8SHY,46139,
B0B786JSB5,40082,
B0DCK2TC3X,50185,
B0H6JQ7VQC,70318,
B0H6JP5L9V,70434,
B0DQPRND24,26500,
B0GFDR6S77,67590,
B07CVXQHNW,48299,
B0FSLWDN77,70016,
B0BTN6CQNC,49259,
B0DXF8BV4P,37279,
B00DBB7QC0,38345,
B0FSSXX8S7,46139,
B0FSSWY7SK,46139,
B09MQPMZ1L,108383,
B0BXSP9L6F,47488,
B00UT34UQI,78033,
B0F9W73SW7,107763,
B0GSQMYN5D,81199,
B0CYZ4B5MZ,76280,
B0BXSPBDCL,47506,
B09WMT8WR2,119315,
B0CX9GQN4V,70016,
B0G42HY56X,143477,
B0FQJB8KWD,143477,
B0C14B2GSG,143477,
B0GVJNLSK9,86261,
B0CHF9R3BJ,37422,
B0C8SJKVXY,57562,
B0D5H6JMSM,42437,
B0FPHV7SNM,22354,
B07LDWX7HT,44052,
B0DH4R6SVD,159415,
B09XMJK4D2,40179,
B01GZU935G,40502,
B0FC6SC73X,159415,
B0FPCZRZ51,40741,
B0FPCX3QTV,40741,
B0FPCZCDCG,40741,
B0DKT9VNXW,49316,
B0BRCTH62R,61232,
B08L3L6ZR3,31725,
B0DH4P6KHK,159415,
B0CX13FSVQ,36030,
B0F6BZSRMK,107763,
B0F9FBT6T9,107763,
B0F9P44RQM,107763,
B0F6BZML85,107763,
B0F9W5YY51,107763,
B0FQV2MZ5Q,70729,
B0F6BZY8R6,107763,
B01BXR2RFY,47900,
B0FMS1J5C2,159415,
B0FMRZF2YK,159415,
B0DH4Q9M7J,159608,
B01MYT4CR0,63172,
B085DHLBVC,172815,
B0B714MTNZ,26784,
B099KN2FH7,31092,
B0FN7BXMYT,39988,
B0CNYY4PLN,49989,
B0CNYZ77PL,49989,
B09HPQYLSN,84389,
B093XSP1PV,62496,
B0DJGFRM3Y,58893,
B0F9P4YZQV,107763,
B0DNKGFP14,61232,
B0GYR7NW8S,69618,
B0DJGDZ23H,58893,
B0DJGF5S3L,58893,
B0FMXHBFNQ,58893,
B0DCZ9DHH7,53008,
B0DCZBZMQD,53008,
B0B9N2DSSB,122320,
B0B9N2NG1J,122320,
B0BQ356554,126333,
B0G6LZRR8X,87290,
B0H1VC7V8Q,133566,
B0B9N1G3MC,122320,
B0GW1ZRCMR,37816,
B0GW1QK964,37816,
B0DRS8DTQM,67622,
B0DZ21NJF7,58893,
B0FMXFCJ9W,58893,
B0DJGFVRW4,58893,
B0DJGDVVCD,58893,
B0DJGF3NZ6,58893,
B0FMXZZ3NR,58893,
B0DJGFPPG1,58893,
B0DJGDS63B,58893,
B0DJGDHHYT,58893,
B0FMXN9KW8,58893,
B0FMXHX3DP,58893,
B0FMXMKG78,58893,
B0DJGGLDS2,58893,
B0DJGDJPNR,58893,
B0DJGFTGQC,58893,
B0FMXTVTHD,58893,
B0DJGFPMJF,58893,
B0DJGDPJLF,58893,
B0DJGFZCFC,58893,
B0DZ242RJ1,58893,
B0FMXCKB63,58893,
B0FMXKBWWP,58893,
B0DJGFSCCP,58893,
B0FMXRFYC4,58893,
B0FMXNF4W3,58893,
B0DJGFPDGP,58893,
B0DJGDNMMZ,58893,
B0FMXCHDCT,58893,
B0DJGFZCFD,58893,
B0DJGDPN3F,58893,
B0DJGF5L9N,58893,
B0FMX9MDM2,58893,
B0DJGG9YJT,58893,
B0DZ233C5B,58893,
B0FMY1J49B,58893,
B0DJGDLGJ3,58893,
B0FMXWFMZ8,58893,
B0DJGF7ZZC,58893,
B0DJGFWH5Y,58893,
B0DJGFRCNH,58893,
B0DJGFBQ17,58893,
B0DJGDL61Z,58893,
B0DJGDVFW2,58893,
B0FMXH54SZ,58893,
B0FMXQG8Q9,58893,
B0DJGFQ9TD,58893,
B0B9MWBBFM,122320,
B0DJGFZ9HJ,58893,
B0DJGDWX1M,58893,
B0DJGFGXZB,58893,
B0DJGD5192,58893,
B0DJGFSXDF,58893,
B0DJGG6XWY,58893,
B0DJGD78W1,58893,
B0FMXVBJ6F,58893,
B0DJGF9SLD,58893,
B01NAO0Z19,116442,
B0BBG23NMR,43352,
B0H2YHHCNY,110553,
B0B9N2MGK6,122494,
B0B3T9KZVN,100085,
B0DXF7PF1D,37279,
B0FQPDG3ZL,51714,
B0BPM1BVLR,37706,
B0FLV8VWLW,43143,
B0GJSGQ4L9,20957,
B07GX1Q6NN,75640,
B0H71CNFLR,43299,
B0F9LKHYMG,47749,
B0CLVCQPDG,31297,
B0D3TNVGL5,116393,
B0D3TF3518,116393,
B0D3TG5D86,116393,
B0D3TBR11F,116393,
B0DJGG6Q92,58893,
B0DJGFH4RN,58993,
B0DXF7FDF2,37279,
B0GHRSS38L,136066,
B0GHQWS26P,136066,
B0FXFZGXTS,72047,
B0D3T523Q3,116393,
B0D3TFTPF5,116393,
B0DHGHYW8Y,119874,
B0FMRSHY51,104458,
B0762BVXDY,27381,
B0FY3T75RH,67549,
B0FY3KZG1T,67549,
B0H7RR1V5W,84142,
B0GYS2N1D3,64065,
B0163KP3OS,36509,
B0CGQRSMWK,31844,
B0DXF8P7FV,37279,
B0FCLPPX93,132873,
B0D9K2YCRG,109188,
B0FDB9ST92,53655,
B0FWHHBXR1,113399,
B0DS2BJV24,113399,
B0D3V6WBN2,49969,
B0FWJ7XY9B,113399,
B0DS28MJ9Y,113399,
B0DS2BHV35,113399,
B00Y2S1NE8,43103,
B00L8FL4GA,39689,
B0FCLRMZ2T,132873,
B0DS27P4F9,113399,
B0DS287TPT,113399,
B0B8HJTBMV,68873,
B0DS298C2H,113399,
B0CKYH93TF,64447,
B0FY3P6HMC,67549,
B0H5QQ7L36,136814,
B0H5QW8DQ1,136814,
B0H5QQ7H48,136814,
B0H5QTDV83,136814,
B0GWPXC5V9,98828,
B0FJX9GC4C,24314,
B0FRS9BC2V,64447,
B0FCMBLVC5,132873,
B0DXF7XDWV,37279,
B0DXF8PHSY,37279,
B00FXKLM40,28639,
B0CZL48TMY,112553,
B0CZL4L4WQ,112553,
B0CZKZ7XH1,112553,
B0CZKXBFGX,112553,
B0CZHV2K2P,112553,
B0CZL35B2F,112553,
B0CCR96FRF,68975,
B0DS28X1NY,113399,
B0FBRN62PX,42081,
B0GY323Z3H,71140,
B0CY9QY5KY,107528,
B0FY3PMM6H,67549,
B0CZNGR5X5,112553,
B01LXRU5YE,138527,
B00DSYNEAI,28578,
B06WVBLKWP,108998,
B0FM39CHQ1,24314,
B001HL0HT0,121701,
B0009VY092,47077,
B0CKVXM62L,135969,
B0FJXZLQKM,24314,
B0FM3C3XGC,24314,
B0H1JL55R4,38224,
B0DK6LK2R5,35728,
B08MQ4C94Q,99086,
B0C8DX9P33,66185,
B0D5VNYT9Q,115166,
B0FJ641M7P,29579,
B0GQGZ51YR,123698,
B0DDXJ3BMR,89876,
B0CN311GJR,150736,
B0CN32YKKF,150736,
B008RXMK3M,70893,
B0FYDKLDKH,132873,
B085NNDWKN,23142,
B0CSSZZZ3P,28258,
B0FL6BBSL9,48286,
B0D2MQ52SN,82172,
B0D2MP771K,82172,
B0FCPGDJH3,71624,
B0D2MNL5QW,82172,
B0FJDL6Y4G,102768,
B07S66L2WZ,62367,
B0GGPCCXZR,102386,
B0H842BSCM,63318,
B072WG5S8J,142520,
B07S87GCMX,62467,
B0H4VTHBZD,177245,
B0H4VVB55Q,177245,
B0H4VT9WNL,177245,
B0F3JX9Z51,67509,
B0BZJ3MM6J,123337,
B0D2MRBJKM,82172,
B089YX81NQ,99297,
B0D66N5559,70851,
B0D66F82VM,70851,
B0D6B6N9T3,70851,
B0D6B84BQ8,70851,
B0D6B7VLSN,70799,
B085NNGHRT,23142,
B085NNQZR6,23142,
B0BLND2NMD,23142,
B0H1CCMJJ2,99865,
B0FQ3Z87GY,52987,
B0CKVWRDBZ,136193,
B00KKIW6LI,52324,
B0F17GH893,59596,
B0F5GTM37F,59596,
B0GC5Q1V6H,90434,
B09Z2HCQNW,92271,
B09Z2HZ8BD,92148,
B0FBQXHCDX,37288,
B0CX569LW7,42837,
B0GJ6SJ25G,50851,
B0D1BNP5DS,47542,
B0FDQPFCHH,98577,
B0DD9ZJT5N,101926,
B0BHMDF5LS,56328,
B0FKBYP22R,39450,
B0F1BSLDK3,27828,
B0GC43DVDW,90434,
B0BS6P4D61,30542,
B0BS6QVQ4T,30542,
B0FL8F31GX,106390,
B08DXYLCXS,36876,
B09VFPVTDZ,70410,
B0D78TL9XV,23671,
B0B3GTLF7F,29059,
B0C1BPHGMH,25796,
B0C68FQ9Y7,83918,
B07KNQ2GF2,62625,
B0FLJTDV5W,51618,
B0FLJVH769,51618,
B07C9PZJL9,36834,
B07BSCRYBZ,36839,
B0041N51CO,23958,
B0B9Y1QM86,40336,
B08TGXK885,82976,
B0CW2G7QSM,47801,
B0CW2DJSBR,47801,
B0001CQEQQ,33327,
B0CP9F83FS,54427,
B0DDPZ5JN7,70661,
B0FBQY22VB,70639,
B07SYB38Q8,51597,
B0DXPPVR9K,23664,
B0CPT89BT4,73120,
B09V4R1M6H,50924,
B00KXO0R7E,88688,
B00TJPZ4XU,47289,
B0FGQ9JJCM,38691,
B0BL3CDWH1,25153,
B07W6CN9GJ,43018,
B07QFTVHV9,72789,
B07QDQPJ2H,72789,
B0CZXV66Y1,36039,
B096WG5S5P,36826,
B096WBPCC1,36826,
B00117VJ7O,23655,
B084Q8CCTB,57609,
B08DF3JQ7Y,37565,
B08DFSBNML,37565,
B0CBLRH1HC,36437,
B0DM4FZ6B2,27084,
B08H1T3DFQ,70173,
B097KCBDVM,37646,
B0CQY2XX6D,73464,
B0D51KCKYM,57328,
B07RJ29CBS,73493,
B0DXFLN6Z9,33185,
B0CTKSN139,58299,
B06XDNBM63,68816,
B01FS3MJMU,81669,
B00IIJKNV6,50145,
B08VNHN1DL,41620,
B09R9BC96D,51173,
B0827LLG8P,54727,
B00IIJKQ04,50145,
B00IIJKNUM,50145,
B00IIJKNW0,50158,
B09R8X2J2Y,51173,
B01MQJQN6N,51159,
B09R9VTV1N,51173,
B09R964PTX,51173,
B0D9JHDDHZ,35588,
B0D9JKBDZB,35588,
B0D9JJKWN1,35588,
B0D9JHCL2T,35588,
B0D9J4KV82,35588,
B0D9JHR2RW,35588,
B0D9JGRXHZ,35588,
B0D9J4KVQN,35588,
B0D9JJKCV2,35588,
B0D9JGGBPL,35588,
B0D9JJ362F,35588,
B0D9JJPN3G,35588,
B08166SLDF,26949,
B07K9DZ6TK,37845,
B07K9HWD7K,37845,
B0BLSJ85VN,83305,
B0DBQ16DYK,38806,
B07K6FDVBQ,40333,
B0824Q8FL9,71225,
B00MTHLXB2,81837,
B098PT37RN,21953,
B0822G659L,65503,
B0DC9C8CMX,12697,
B007LQN8UU,74319,
B09KRP926L,59420,
B09JW9CLG9,51975,
B01LXQMYPM,57876,
B0CH9WMY5K,27262,
B07T7VV2T9,47248,
B07VBTNLST,36293,
B089SXBJV1,36293,
B07VH6KS5P,36293,
B0FG2YMSVX,49140,
B086JQLSJS,41913,
B0CNVM1P1D,50147,
B0CW9KV1LT,36009,
B0FPQPXYNM,47535,
B0FPQPJTVL,47528,
B00IHUWW06,84965,
B0FPQNQKZG,47535,
B08TBS8QMG,23410,
B0CHXWVMFJ,39929,
B09TDS18RQ,75478,
B0BHV462G2,69708,
B09GJVRBJW,36141,
B0F2N2Y8Z9,59098,
B0F2MYCKJ3,59088,
B00FQ1PX7I,57952,
B07MZNL8ZY,69504,
B084GLLBYL,49533,
B0D62K58WD,20998,
B0D62LM57F,20996,
B0D629SH91,21001,
B01LWRKK55,73423,
B07CD9QYNM,73261,
B0D83KCGJR,9823,
B0F8NSG6FM,57544,
B0D3PL2YY5,56788,
B0FG2LZR8R,71334,
B0FKFW6C8K,50740,
B0DYJMJTY4,51747,
B0G1M8P98V,55165,
B00ABV3Y7O,27251,
B01M1NHCU3,74240,
B007SSU3ZE,60311,
B07514LG6K,24732,
B09P1FSV9Z,18084,
B09V4WB1RJ,50936,
B072M2HKSN,39257,
B0CB7BK4K1,69006,
B0H3Z9NCC9,59791,
B072DXJHV4,26574,
B0CCY7R3CM,42162,
B0DLJDR4GK,47645,
B001TZPOBU,61368,
B00008BAH3,61761,
B008JBR1K4,61759,
B07NGR6M7G,41963,
B0FDMLSM4Y,44693,
B0D3M4NW64,58203,
B0DP8PL3BQ,37343,
B0F3JG1QT9,28744,
B07VVK11BD,60508,
B0FPQGJ6TH,13730,
B01D3ZE0FY,33233,
B01NBPL8OP,35532,
B01LX9GU6H,35532,
B0FG8186PD,27266,
B0CVVYK5JS,35411,
B0CVVXWPYP,35373,
B0H338X1RR,59193,
B0H2YDBZN9,59193,
B01LWQEJKF,74240,
B01LZNO1KZ,74240,
B074BNFY33,88541,
B0B1VFGHM2,42715,
B01IHMBJMU,39046,
B08VW5FBCS,52672,
B08TGSS8MW,82957,
B08TGQ8ZV3,82976,
B01N40Z083,50384,
B01N0SHFW9,35420,
B0CJT1QJXF,83382,
B0G1WVBDPX,64646,
B0G1WV5BT3,64646,
B00TJQ0ALA,17176,
B00TJQ0G4G,17176,
B0GW896FLR,39922,
B000DLFFQK,67505,
B07SSZ8W38,54864,
B0DJ5S8ZSY,21079,
B0DJ5Q28N7,36115,
B0CVX8GZP7,82025,
B0DJ2C1FZ3,40088,
B0DJJNVVQZ,19206,
B0DVYDK2SF,57263,
B0BZX5F6CZ,36826,
B0D3LLL538,69080,
B01HGNN30M,37448,
B0D5XWW1L2,35857,
B0D5XPZBQD,35857,
B0D5XJ8FPK,35857,
B0D5XWRJ7F,35857,
B0D5Y8KTJJ,35857,
B0D5XV564W,35857,
B0D5Y2STV7,35857,
B0D47S9MWB,35857,
B0D5XDBVX9,35857,
B0D5Y4K9FW,35857,
B0D5XYMR9X,35857,
B0D47SX8QV,35857,
B0D5XD95D8,35857,
B0D5XS77N3,35857,
B0D47T1MDP,35857,
B0D47SH2KD,26052,
B0G2BDZQ9T,40088,
B01HXEICRI,24677,
B0CCP1N1JM,57278,
B01LZRWC16,69753,
B0BJZWRCYP,58660,
B0BK8BJWMN,57985,
B0CTDTLTRQ,78065,
B09S3KLCZ8,10982,
B09TD7MBX2,10982,
B0D62FK6N8,25631,
B0DRJLBXDG,36858,
B0DRJGXBZ3,36860,
B0F93Z5MJF,68871,
B0C9JJNGFW,88363,
B0CRYSS58X,88381,
B01MY0T3UT,88381,
B00XCJI1QQ,88381,
B09WQGMCN5,88381,
B0GHD4RTR1,71119,
B0CRYSM7VS,88381,
B06XWG66TQ,47421,
B07RK64L63,24614,
B092475KXT,59750,
B08ZYTNWJZ,29228,
B0CCL3MTH6,71085,
B00IIJKNVG,50148,
B09R9PW85F,51173,
B0CHBCGH5W,63248,
B0991XL6LH,39747,
B0991FJWR4,39747,
B0GD782WYJ,81270,
B083W4K5RY,29642,
B0BLSLCVHY,83305,
B0G1H8YKGB,68125,
B0BTDXTL2T,35442,
B0CZ9B284R,27959,
B0C8CTNBNC,64973,
B0CLWRQ1H6,50213,
B0DRL7RH47,17221,
B07J4KJNW6,63659,
B0C8YF5FHL,68313,
B000N8UTT6,47269,
B09KZ7M481,49828,
B08Y6G26L2,31596,
B07Y3GBFSF,36685,
B07YFF3JCN,50712,
B0F6V7QJCP,41063,
B0DHH44K62,29208,
B0FMF4424X,29208,
B075GBGPJJ,32680,
B015DDHVL4,39534,
B00QUZP7HK,39534,
B0CTDV13YS,48960,
B0CTDV4196,48960,
B0CTDVQ5L2,48960,
B0CHM6SZ7J,60159,
B0CHM6ZKN9,60155,
B0BGRBFXFK,73067,
B0CTDSV9HV,48960,
B07P2YPNMY,39705,
B0BL7J5V24,28968,
B09MVW6NFX,48638,
B078BKXYFZ,89872,
B000GIWULI,35985,
B0BP9PN8LX,36016,
B0DT9FR4NJ,80597,
B0D5V96Q7R,31042,
B0DYKZCX6T,68845,
B00OTU6X5I,17077,
B0F8MKG8WG,30253,
B01GLF4MBK,88852,
B0D49JR999,74164,
B0GDFPSBMD,40094,
B09GB8GN2Y,30924,
B09GB9FKDN,30924,
B0FLPKDKDV,42603,
B0BMTJF38P,78296,
B076YQDCRK,51367,
B076YR3WTD,51367,
B0BGLDBC8X,58552,
B003UIRI8Q,76356,
B0CWPKWRS4,42517,
B0B2ZLWP18,42330,
B0GRGYMJ6X,31080,
B07QW3YN87,53870,
B0F9NQSWK2,24616,
B0F9NJ121J,24616,
B09SVM5NTR,80263,
B08ZKCNCFM,51255,
B003S2GOIE,49720,
B0B2W2GDKL,50237,
B000WMHKKO,51084,
B015GFSMLC,75751,
B0CZD5MNKT,50391,
B0FLVFPMKK,91033,
B01EFK84VM,38014,
B00M9VHZL0,83522,
B08VL519QT,52636,
B0F18LR9N7,59994,
B0F18R25R3,59994,
B09S5M226N,51448,
B0FDPDLJS3,78204,
B0833MNR8J,40737,
B0197AP8VY,27779,
B0C2GZYJGP,58573,
B0CZ9Q8YQH,58538,
B0H3395HX4,59193,
B09TD9ZS2W,21246,
B0CZL8KPLG,64047,
B0C8K3MMGX,35335,
B083SH3TFB,37064,
B07B9YCKDB,37810,
B0BQM2WGPL,49576,
B0F839Q482,23632,
B089K2WG28,30146,
B08J6CDLHM,41097,
B07RNW368R,24970,
B00FQ1PX4Q,42750,
B07Q3HP6KQ,51431,
B00NSKQJVS,28503,
B09M2WW9M6,48219,
B0BMYMX31N,25201,
B0BMYLXF8F,25201,
B0BMYLZ72R,25201,
B0BMYLF1ZQ,25201,
B0BMYMM8FJ,25201,
B08QTQ5FB8,41353,
B0FPQLY3Y6,86113,
B00TI5K1RA,62750,
B07SB93BXH,27416,
B09S3GJDLP,10982,
B07GLPGBY5,41178,
B0GTYVXRT2,67519,
B0GTZ4QC7K,67519,
B0GTZ35W86,67519,
B08T5YZ1NN,68330,
B0GTZ349BG,67519,
B0GTZCC3LN,67519,
B09D791WBQ,29710,
B0D4LP7XWR,50949,
B0CLVQK68F,42496,
B00SUQE86S,40970,
B0CGTPH95M,35980,
B0CLY6RSCB,74668,
B09PFV8GQK,74647,
B09PFVB1FT,74647,
B0CLY6PLCM,74668,
B0G43FLB6F,74647,
B09PFV4X8S,74647,
B09PFWJVQM,74668,
B09PFWPHXJ,74668,
B0CLY6JN39,74647,
B0CVNBNDGT,77757,
B0FXRDS7CT,37772,
B0DW9121BV,37772,
B0BCNC71XP,37033,
B074CS8P95,50950,
B01N8R31GW,29607,
B0717152XT,59684,
B0G91JW952,41906,
B0D5B951BX,97211,
B00JL84P80,49327,
B0DHZNZZL1,97211,
B0D5B8GRLZ,97211,
B0DHZJYY58,97211,
B0FQNXGCXH,49321,
B0CZXF2Y7Y,51775,
B0D5B95M1B,97211,
B0B23CSJBH,58219,
B08XQ6H4B7,95859,
B08VHB4VGK,58206,
B0DHZPPS9M,97211,
B0F2DCN62F,97211,
B006FRDSPQ,23509,
B0D5B6W1N4,97211,
B0BTZTDVMK,52246,
B0CHM75XKQ,60170,
B00IM45150,41286,
B0DHZWDDS8,97211,
B0D5B81WJC,97211,
B0DHZ7TXTP,97211,
B0CLLPLW9F,41940,
B0D5B93DP5,97211,
B0D5B829G7,97211,
B0D5B5PNM4,97211,
B008HAZY7Y,30273,
B013HB7RQ8,62752,
B0DNQB12Z4,40796,
B09RWDJTSM,47518,
B0D9Y5PG2T,21805,
B0CTT77BW2,58519,
B09LR71WJT,50144,
B0CJZ6GLM7,53861,
B0CZMJNVTN,50307,
B0F21MGTS4,7453,
B0F21MW3X3,7453,
B0F21L2C7J,7453,
B0F21G4DS7,7453,
B0F21JQNLR,7453,
B0F21M9HK8,7453,
B0F21K5ZR1,7453,
B0GRSSC9F6,53906,
B0D924ZF1W,50272,
B0FD74CNND,50355,
B09RZ3SND8,53216,
B0BGFKJL6Q,53232,
B0CNS19XFW,50799,
B0DGSH92S7,50136,
B0DXDSK1Q9,50397,
B0DXDSB24K,50397,
B0DXDT69V5,50397,
B0DXDV5RVR,50397,
B0DXDVM8KP,50397,
B0DXDTDMDW,50397,
B0DXDVGNPD,50402,
B0F9W16Z1H,50423,
B08YJKXZD2,53874,
B0CQMTBK9J,24781,
B0CM2XWS52,50383,
B09SHSYCHW,50369,
B0DXDV5HNH,50397,
B01M7TI1EF,50596,
B0DBPP539Y,50624,
B0DBPRMX59,50624,
B0DBPX6ZWS,50624,
B0DBPRCKR4,50624,
B0DBPPFJRN,50623,
B0DBQ1XN6M,50624,
B00AIRTNVW,51481,
B0DJVXTVG1,50464,
B0DJVXRHCX,50464,
B000OPOAAW,50511,
B07NKQH8H3,51219,
B0CDGDXPSB,51332,
B084MBGJ56,50829,
B09P4LVN85,50698,
B0CRKVNX5K,50858,
B0D82F1QD3,55421,
B07N8KTX3T,55421,
B07XZM4QX1,55421,
B0B4V3G17L,55421,
B08FMMT23B,50717,
B0CQKK1K29,54916,
B0CNKF6C5P,50561,
B0013NB70A,53375,
B0DJNN64L4,50798,
B005X3E54Q,50838,
B008BJ79XS,50807,
B0F4WQ4NTP,50945,
B08DCJSH6R,50943,
B08DCWC9WK,50943,
B08DCS7W29,50942,
B08DCDFG9R,50943,
B08DCWH53W,50943,
B08DCW14ZB,50943,
B01D12RZRY,53445,
B004CR6FP6,50974,
B007JD6FO6,50969,
B0BMGMY9JW,51159,
B0FDMXFFP7,53879,
B007BISCT0,51047,
B0BLNF8G7C,50916,
B0GHN9K3S3,54440,
B00UA3JFPS,51065,
B0F4WSLBX2,50945,
B0C3TSQV49,51034,
B08PBNCGPG,51130,
B0DFW8Y6DF,51444,
B0BNT7V1X7,51348,
B0BNT3VMN1,51348,
B0FJDW5CDY,51233,
B0FJDSYRM2,51233,
B0FJDQJ33T,51233,
B01FNVHKJY,51082,
B0BLH25B7D,51529,
B0DBPS8KLV,51015,
B0FFT61CK6,51286,
B08R5TR23X,51131,
B07PDLCQJS,51342,
B0C4GZLC12,51547,
B07QMK4CYJ,51357,
B0F2GVR82X,51389,
B0FY1HV768,51539,
B0FY1D74S4,51533,
B0FY1DQM3X,51539,
B08G428V6H,51329,
B012G6UERE,51960,
B07GRBSZMN,56331,
B0FVX9C5PG,55904,
B0CWRZCY3Q,51376,
B0GYDDN687,14492,
B0FPRJTSDH,51538,
B0C4JS4D63,51595,
B08Z5HRRRR,51764,
B07SNHJPX1,51688,
B005G3QSF2,51500,
B01M7XZ2LQ,51702,
B0F8DF6JWM,51735,
B07M9RKL6Q,51507,
B07D49DQG9,51744,
B08DHGCB2F,54232,
B0CM97NX9H,51603,
B0CYYZSZFF,54935,
B0FKL6BMLL,52788,
B0D7M875X1,51770,
B08X9F94T7,51729,
B001TM6PT8,51591,
B0742DP4MF,51473,
B0BM8GSVSM,51766,
B0B8916CCF,51704,
B01MTQPJFI,51763,
B002Y2NFBI,51741,
B005LLQSGS,51681,
B08Z5HSQXR,51764,
B08Z5KR4DM,51764,
B0D5CBWQ3H,51809,
B0FH6P1C23,51809,
B00VXMXN30,51762,
B0GN1DZNBH,52007,
B074FBQ66P,51866,
B00GJVM09S,51871,
B00PL018U0,51871,
B00CQ9UUK8,51871,
B00Y017GXY,51866,
B00PL018IM,51871,
B074FBVDCC,51871,
B08Z5K35GB,51764,
B08Z5HDCW7,51764,
B08Z5KJT3W,51764,
B00U3OUSOG,51871,
B000NG3Z0S,52792,
B01M71ZV4Y,51871,
B06XGZ599K,51865,
B00COADLFA,51871,
B00QJT9OSA,51871,
B075HRZJDL,51966,
B07F17HYJJ,49831,
B07796RBL9,51847,
B07JHYYK1J,52022,
B0D44V8Y3C,16298,
B0D44SQ7JG,16298,
B0D44YFNMS,16298,
B0D44H796F,16298,
B0D44VQPYK,16298,
B0D4596C9L,16298,
B0D44YWWTS,16298,
B0C2MP17K9,51781,
B0D456VYR9,16298,
B0D453RVPS,16298,
B0D451VQYC,16298,
B0D44NGZVZ,16298,
B0D44JPDCV,16298,
B0D44S8MY7,16298,
B0D44WH8Y8,16298,
B0D44R5HBC,16298,
B0D44JMBYT,16298,
B0D4543PV1,16298,
B0D44XXQ6B,16298,
B0D45341TM,16298,
B0D44TZT1P,16298,
B0D456RRVX,16298,
B0D44XDLQD,16298,
B0D456X392,16298,
B0D44Q86WW,16298,
B0D4598TQP,16298,
B0D459BNNC,16298,
B0D44Y85CT,16298,
B0D457YBJ6,16298,
B0D455TMNB,16298,
B0C2MMR4NK,51781,
B0D44PZ3RQ,16298,
B0D44HRZ6M,16298,
B0D44LRWPV,16298,
B0D44XC2RR,16298,
B00J5TDVEE,51771,
B0GQ3YK7CP,52130,
B0FL7DJF8R,52192,
B0FL7FMCZ2,52192,
B0FL7DBRH3,52192,
B0FL7DT11K,52192,
B0F21XKLCQ,52002,
B010FD05KG,56327,
B0DFGX2YYT,51809,
B0DFGVP8VP,51809,
B0DFGX49S7,51809,
B074FBX6QT,51871,
B00U0UJUV0,51871,
B01MFCXRVO,51865,
B08PB9ZRSL,52029,
B0D7SCDNLW,52473,
B07Z5ZW3QH,57125,
B0DPJVWNG8,11012,
B07Z63DWGV,57125,
B0D7HBH4BK,11012,
B07Z62W4K2,57125,
B07Z63M63P,57125,
B0868GKKSC,52182,
B0868FY3WC,52182,
B0868GMJST,52182,
B07RJV78MF,55421,
B0D82R8G59,55421,
B0D82BSDTY,55421,
B0FJKDRYP1,52239,
B0DPJWTS18,11012,
B0BFWXM15S,55875,
B0GQ18K7XH,57167,
B07ZQZRY12,52843,
B0FRJ3GM6C,52522,
B0DQWFBS3T,55427,
B01M9FQEX0,52231,
B0CYQ2JHGL,11012,
B0B4PLQQFM,52381,
B0D6YNNM3M,52358,
B0D6YN6JSJ,52358,
B0BLRJTW8Q,52345,
B08L4VZ968,52211,
B0BLSZQZ5P,52345,
B00H2AWPRC,52133,
B08N6KWS7T,52172,
B0CQJR5J9G,55107,
B0CSF266X6,12704,
B0FNN17FQZ,52293,
B0D7SFT1FP,52473,
B0DJNN7M62,52306,
B08JY9YNRV,52335,
B0CYQ2NCKX,11012,
B0D41MFLYP,52489,
B0D41MXP7Q,52489,
B0D41LRG44,52489,
B0D41M5CW2,52489,
B0D41MJBCS,52489,
B0CLCYGNVQ,52612,
B08BYX3B52,52515,
B0DQC317KY,52348,
B0DQC13GWM,52348,
B0DQBZRR16,52348,
B0DQC76Q7T,52348,
B0DQCB6VK7,52348,
B0D7SG1VRS,52473,
B0D41MBPTW,52489,
B0D7M9GGM5,52614,
B0CLCYL2SN,52612,
B0CLCZ1QQM,52612,
B01M69VQQG,52654,
B09256DSVP,52656,
B00777SK60,52638,
B0BSCT183Y,52716,
B0BSCTK144,52716,
B0BSCVB8MJ,52716,
B0CRKVC626,52749,
B0CLCYVFFD,52612,
B0D9N3NY56,52736,
B0D9N5VCX7,52736,
B0D9N5YRPL,52736,
B0D9N61ZYM,52730,
B09SP5ZHFG,52487,
B009SK0FA8,52793,
B0D7SCRJ2R,52467,
B0D78JS8NF,52781,
B0BK76LF6R,56736,
B07Z6132Y2,57125,
B0F913H5HR,56754,
B0F8ZYMBHD,56754,
B0F911F1WF,56754,
B0FGD8WS31,56757,
B0FGDBNTBB,56757,
B0FGD894M6,56757,
B0FGD96CMR,56757,
B0FGDBVQ1N,56757,
B0FGD9BZ5B,56757,
B0F9SRV9JM,16318,
B0BGKZNC1S,55695,
B0D9N69TP6,52736,
B0B5185PYJ,52871,
B0197MWPR2,52828,
B0GXXM8LSQ,56371,
B08177ZPKM,55870,
B08YYWQNVK,52961,
B0DF2MDVHC,52887,
B0DF2J4JC4,52887,
B074MQPPRM,52829,
B0DWBYPF1P,52918,
B0BGKWJ4FJ,55695,
B08YH3K1D5,52945,
B0D7MB11V8,52947,
B08XLMNSWN,52960,
B01N7TD5OO,52731,
B0FX1Q8MYW,53110,
B07VPHLYMW,52990,
B007PULSRM,52974,
B099RX81SX,55868,
B0CCT5KP2B,53042,
B08DFRRXWF,53002,
B0CDG847FQ,53361,
B0D86PRC2L,54212,
B0D86P7P2W,54212,
B0F7R8QC45,53107,
B0F7RFVD79,53107,
B0F7RBZFDF,53107,
B01GRP63SE,53022,
B08PSNGM2C,55836,
B08PSJ4SD9,55836,
B0CLV37J99,53227,
B0CDLJYSPW,53227,
B0CB7BF75M,53227,
B0CDLJ2XZ6,53227,
B0CDLGVQY2,53222,
B0CDLHYH51,53227,
B0CDLGKZ5H,53221,
B0CDLFV33Z,53222,
B0CDLFDMJ9,53227,
B0CDLFCQF9,53227,
B0CDLJZM4D,53227,
B0CB7BD1R1,53227,
B0CLV196LH,53227,
B0CDLJTQ56,53227,
B0CB7BT1J5,53227,
B0CDLG6GBZ,53227,
B0CDLK28XD,53227,
B0DBVDRTS6,53227,
B0CDLJ79Q7,53227,
B0BY2CFKML,53227,
B0CDLFJQ4T,53222,
B0CDLGWZ3R,53227,
B0B4WM7DSQ,53226,
B0B4WMC4PW,53226,
B0B4WHTGKK,53226,
B0B4WHSPQF,53226,
B0B4WL52WZ,53226,
B0B4WJYM2Y,53226,
B0B4WJSRRY,53226,
B0B51T5J9X,53226,
B0B4WHSQ6T,53226,
B0B4WQ22XD,53226,
B0B4WLTN1B,53226,
B0B4WKG2SF,53226,
B0B4WKJHHB,53226,
B0B4WJ8791,53226,
B0B4WK1MN9,53226,
B0B4WL4HGK,53226,
B0B4WN858S,53226,
B0B51RW5ZG,53226,
B0B4WLSPS4,53226,
B0B4WJN3F8,53226,
B0B4WKX2H8,53226,
B0B4WKD6LQ,53226,
B0B4WLZ1V3,53226,
B0B4WLKMQ9,53226,
B0B4WLZ8HG,53226,
B0B4WKHSPQ,53226,
B0B4WMLZN8,53226,
B0B51WL63T,53226,
B0B4WLZ1LC,53226,
B0B4WKN4X6,53226,
B0B4WKJTWN,53226,
B0B4WK5564,53226,
B0B51QVM3C,53226,
B0B4WKSDCV,53226,
B0B4WKDNYL,53226,
B0B4WLH54D,53226,
B0B51QN8RK,53226,
B0B4WLSRY9,53226,
B0B4WKJWFB,53226,
B0B4WLXF5X,53226,
B0B4WHS8VG,53226,
B0B51SLLCB,53226,
B0B4WK5PY1,53226,
B0B4WLMHPQ,53226,
B0B4WKKL8B,53226,
B0B4WJMSG5,53226,
B0CLV1QQ5Y,53227,
B0CB79PK9X,53227,
B0BGS9XXZX,53221,
B0FFMJ7SGT,53495,
B0CB7B149R,53227,
B000WFEMIO,53081,
B08NZXCTTF,53335,
B0CB7CLG24,53227,
B0CB7BW51M,53227,
B0D7MBXTNS,56056,
B0D7M4DWVM,56056,
B01M03Y17O,53298,
B09JYJTJBQ,53499,
B0C9MWXGX6,53241,
B0CQJX72RG,56518,
B0BY2HSWGG,53221,
B0CLV4494Z,53227,
B0CDLFH1GL,53227,
B0CDLKQHHF,53227,
B0771FFWPX,53163,
B0C339B96K,189173,
B0F94KSVZS,168731,
B017VYOWJ2,66635,
B09F6D93JY,106501,
B0H4QQB2WQ,169333,
B07ZPTMKPM,128673,
B0CCD3ZQZ3,38058,
B0DTG9TNFB,95166,
B0DP1WZYRF,48195,
B01L1EQVEW,20623,
B0D7MDD7RN,93473,
B07MCP1JQ6,155312,
B0D7MF5VXH,93469,
B0DCBLJHR7,21430,
B0F3D1NKLK,143044,
B0FRY4SPPB,93800,
B0FRY5Z9GL,93804,
B0F9XV4DW3,118748,
B09Q14HYR1,118707,
B09LYTGGQL,157174,
B0GN4S7KDN,50699,
B07W6PQZ35,157679,
B07W7RWDVC,157679,
B0CS2X2KXZ,97775,
B07F2Q6BMV,166638,
B07N1LLFDM,43906,
B07WT1PBZB,46277,
B07SWM39FF,44565,
B0832C89ZP,14824,
B0GTY7RW5V,91131,
B07WP2T6YX,43959,
B0DWLFK8WB,94923,
B08F35LR7D,54675,
B0FP55RD7H,170479,
B08Y58XHCQ,103709,
B0DTG8LSBT,95183,
B08Y13Y63H,103709,
B08Y151KH2,103696,
B08W528CZ6,126134,
B0CGRKLYZQ,76073,
B0DDPP5BJY,154209,
B015BZWP88,39896,
B0GP6S8CJJ,169035,
B010JMZUAS,140450,
B08JTT3W1P,118448,
B0F21KCDS3,137619,
B08WPQDLCV,169540,
B0F21R68N9,137634,
B0F21LMTLB,137608,
B07B29BWYV,120243,
B012YQBPF6,46787,
B07ZRCPV68,147792,
B09FL3PL3L,22239,
B0D7CJKHH4,157284,
B012YQB6NW,46798,
B012YQB6XC,46798,
B0F4KB4QJ2,76604,
B0C7BSSMRG,148319,
B0C4P9KWHY,155376,
B0H4KY1N7S,97827,
B094CDB358,72923,
B0H4L6SZZK,97827,
B0H4KMGWW2,97849,
B0H4L4F8XH,97827,
B07KZW9D8X,89582,
B09F3LG8FQ,21029,
B071LTTTWQ,73101,
B0FH57PZ18,31124,
B0CC7YHNDL,141830,
B0CC7XNF93,141804,
B0FWCHFQ59,162646,
B00SBCOGR2,187894,
B0DDGYDVXQ,190219,
B00G0P78UY,129610,
B007FZY2OS,138362,
B08QHM21JP,38204,
B0F21L9BVQ,137634,
B0D2KSS6ZX,46802,
B0BQBTJ55Q,149467,
B00B3OUF5W,149051,
B09F3GWKGR,21029,
B0CF9Y6B45,71904,
B07QNKY3FY,168569,
B0F53ZZ2T9,71424,
B089YH8N5B,94752,
B0CGJDXMV5,72601,
B0FP568RHZ,170515,
B09N2G2QGH,190022,
B0FQ4PP95Y,114155,
B0FW4XB1N7,43136,
B0FW4T1CZP,43130,
B07P17RRX6,104269,
B087L49KNB,118904,
B07C9YXGBW,119236,
B0F4KF7HC3,76584,
B0CW61TVP4,11382,
B0C9ZRZJSB,66975,
B0CW5LWKPW,11384,
B0CW5VCMLQ,11386,
B0CHJNRZZD,173029,
B0D8VDJYSR,162374,
B01A6P01MA,27782,
B07C2VZGJY,174371,
B0FCYL77V8,72030,
B0CR1DRBXH,169492,
B0FCYLTNH1,72025,
B0FCYJK22L,72030,
B0CW2V6P8D,94561,
B0CW67KRHW,11382,
B07V2YVQNJ,144704,
B00NTRJANE,119097,
B077JNJZ3F,46441,
B088696BPG,34330,
B0G42YZ2R5,73315,
B0BNKPLW2J,102805,
B0BT7GBH1Z,46924,
B00Q8ID3BQ,18568,
B07KQDYZNQ,72074,
B007C5W4UK,98163,
B00DOLJJMC,119358,
B0BWJKQVGJ,68084,
B0BWJH9F44,68095,
B07VVB5JPN,47459,
B00EYT7QS2,93648,
B0DJSKQBGZ,64111,
B0DJSJC4KZ,64110,
B0GGR16F9V,176285,
B0DHGSJSQN,64111,
B0DHGRNJ9J,64111,
B017YQ35WM,31101,
B00PIHZ4WE,174779,
B0CJL9YPCG,181781,
B07WS64CB8,173271,
B00FZQ0SHO,172828,
B00415B69Y,89003,
B015IRKB0I,119894,
B0FFDKWVPR,45248,
B0FFD8911P,45248,
B0DTYVFLPT,45236,
B0DTYXHTKJ,45247,
B0D31T76H1,91322,
B089R1224N,143684,
B0CJ6BSVTF,65165,
B0DLTH7CK2,180305,
B0H2V1HXD5,51192,
B004P2ESDO,190460,
B0C1GD5W31,141497,
B008J3C3HI,93448,
B0058XIBEQ,76106,
B006B07RZY,100194,
B0018PSASU,164835,
B0FJLCSF2V,51220,
B086M3YLWY,182897,
B0DHGSGT38,64111,
B086MM7CB1,182897,
B07HWS58HR,70474,
B0D1C6PZR2,72668,
B0CFHDLSY1,176634,
B0C61TT182,165839,
B0CTHLXZ69,165827,
B0C61VVMP7,165863,
B0CTHL75K8,165827,
B0B3QNCRSH,48568,
B0DFCF4QXK,100710,
B0DGTF92T2,165827,
B0CJL2LF37,89953,
B08D34JB47,153228,
B0DG8NDRDD,90621,
B08H23L526,44231,
B0H4JCTXPX,36212,
B0GM6FT64K,73726,
B0FFDBK7DT,45248,
B0FMRJTSBG,177631,
B0D179RDQY,127609,
B01N989KGO,38747,
B00KBKI8I0,30470,
B09SLFM6ZG,42639,
B00X9345LU,120020,
B0DG4HPL56,177507,
B0BJ1DVS2B,95606,
B08S9SH6V4,30722,
B091JPHP6X,65641,
B0CJJQFJ3F,87934,
B0CL9JD18C,46358,
B0FNCYSRTG,46358,
B00AYQBA4U,73192,
B0BP24HV39,158139,
B0BSGNM85W,158139,
B0FND23GB7,46358,
B0CFQ2HHJ2,53187,
B0CRJY6DBT,158160,
B0H5PCQ4FR,101666,
B0H5NYSZ6D,101668,
B0FW9YFZQG,52848,
B07N16BZXG,115437,
B081RKM2V3,88467,
B0FWBSLFTQ,52848,
B08MPLZ13F,49549,
B08MNVGQJN,49549,
B08MPVC4VR,49548,
B07PKWSXQK,72404,
B00E12DWH6,53544,
B0BS36XW97,36534,
B0FXG8Y4JT,41063,
B0BDLR68VJ,65782,
B0FS6TQR47,40300,
B0FHJ3G598,36718,
B0GB58C9QH,24743,
B0D8ZV3FZQ,14994,
B0BDLM38ML,65782,
B0BDLNY7MD,65782,
B0CBQYZPK1,65784,
B0BDLMRB19,65782,
B0CBQY3SLC,65782,
B0BDLQH6FQ,65784,
B01GPI1N0G,119682,
B0FHKHTZP5,36715,
B0B6J57J73,57453,
B0B6J492JV,57453,
B0B6J3K5X8,57453,
B0B6J6FV78,57453,
B0B6J37H6F,57453,
B0B6J4G248,57453,
B008FIO8G6,32891,
B0GZ2K9ZBP,64012,
B0GZ2YQSPK,64012,
B0GZ2G4ZZF,64014,
B0GZ2WRL43,64012,
B0GZ2N8QG3,64014,
B0006ONQOC,86530,
B001UJJCXQ,185546,
B0BJ1B3FWF,57453,
B0C6LKWSKM,57453,
B0BJ1FFWYD,57453,
B0C6LM2Q35,57453,
B0GZ2XQVVV,64014,
B09FXLBH87,54445,
B097BMHDWN,54446,
B00XOGJ38C,185564,
B0924R9B4X,57676,
B097BPR94R,54443,
B099WGWCZQ,138098,
B0DHQCCWPD,47323,
B0B49ND5ND,138098,
B08VDVT4P9,138098,
B07TCL7VQK,126945,
B004VIT4HC,55178,
B07T8DVPBC,126945,
B077T1HVWF,126945,
B07T8GKLCW,126945,
B004VIT5C6,55178,
B08VDD3T7Z,138098,
B00WSHHWC2,154640,
B07CCVD7GJ,22980,
B0DWMPV656,28216,
B0CP22MCVS,33172,
B08SBQYTYB,88753,
B0CP1ZTHWM,33170,
B005GYDI8Q,50384,
B0DZ2FLMC4,52734,
B0CKBFFBZG,47633,
B0F28XB6K4,163234,
B0CSFJ6XHQ,52661,
B08MW4LBTH,52664,
B0FXFLVDMR,34462,
B0D5GTD26X,54977,
B0CK1BZV1H,47633,
B09KPTVYTX,50069,
B0G62JJGNT,202992,
B0CJRMHPNR,157779,
B00283QGEG,74935,
B09SG3CJSJ,80113,
B07WPD78B6,127350,
B000ULEJ7Y,60540,
B01EJ3EYH8,20833,
B0C9TCNSKW,43508,
B09SG2V4V3,80116,
B0D7Z2QVJR,27151,
B005WOG19I,74064,
B0CKSQWV4M,36714,
B0CKSQW879,36714,
B0H587NFF3,36714,
B00P24CADO,57467,
B0CKSR47RQ,36714,
B0CKSRP6JV,36714,
B0F8NK5BQF,51593,
B092QL959X,27470,
B0936QW46H,27470,
B0B11WQFXT,27471,
B0BKG3HP9D,53982,
B0CJXG9645,81530,
B07JMLYXFX,38201,
B0FDB4MPBT,132782,
B00QERT06I,24604,
B0DMNFC7H8,51593,
B0936FPD2L,27470,
B0CK12QSK1,27470,
B09367TY9G,27471,
B0GS57R876,65726,
B0GS57JCK8,65726,
B0GS4ZSZKB,65724,
B0GS4XHBVZ,65726,
B0B8SM6224,65726,
B07BDJHGTM,122757,
B07NQ6FLPK,32812,
B0BFH6DTCG,159137,
B0BFH3XSNC,159137,
B01120SEOU,158370,
B01120SH3S,158383,
B0CMH9C46K,65726,
B083DWN94R,40456,
B083DWVRP1,40456,
B07NZ4L83Z,174576,
B0FRQ7LY34,57068,
B0C61937X5,34351,
B0BSN7Q7QH,37731,
B0GSQTHXW2,30694,
B088FJ9DBJ,49979,
B004UIT8MY,72065,
B0DV94S166,50778,
B009VUZDOI,119039,
B08CGW6LGB,29398,
B009VUZE9C,119024,
B0CB5TP3WJ,88125,
B019XESNAC,54102,
B019XESPHI,54104,
B019XESF96,54104,
B019XESN3O,54104,
B019XESAL4,54102,
B019XESKD2,54104,
B019XESRMQ,54104,
B0DQ7R4RW9,72741,
B0FHGSVQC3,36314,
B084WXCBKP,25527,
B0DWM9862M,54293,
B079VNB6V7,190005,
B085CPNJC1,72007,
B000FP3VDI,74098,
B085CNWDP3,72007,
B0CP5VQXV7,121160,
B00200T6YO,123553,
B0F7QK354Z,69421,
B000G15X50,74101,
B0DK7FY1PT,30781,
B0DQBXGW47,82141,
B01JDVHIW4,70030,
B0DW3W9JZN,45103,
B0CL47Y5DB,45103,
B0CL49LY5B,45103,
B0DW3TWHQG,45103,
B01JDVHKHC,70026,
B0FJ1Z72R5,30780,
B0DKM99VMH,102228,
B0DKMFLXSW,102228,
B0DKM9QS8B,102224,
B0DKM6VYNJ,102222,
B0DQCKMXTP,82146,
B083W8BLMS,64391,
B07X7JGTC1,100663,
B0GKX1PN1Y,33860,
B0DH9SWTGX,163351,
B0GDW3LR3L,133072,
B0GDW5RWZ9,133072,
B0DH9SW5S8,163371,
B0DH9L6KXH,163351,
B08D96GJGQ,57113,
B01A8DFQ3O,52638,
B0DXKLY1BB,47750,
B0DB5XXFPR,63941,
B0DXKCKPLG,47748,
B0B3R3CTLW,52269,
B0834XRF8H,116811,
B0834XZ65L,116796,
B0834Y7J4D,116811,
B0834XZBJG,116813,
B0GDW7XQPB,133056,
B0FK4DN811,25037,
B07QFT1R8N,22390,
B07N39SG47,154412,
B09STZCKPJ,25036,
B0834WTY7B,116813,
B0834Y2DBM,116813,
B0834XSGL3,116813,
B0854HW1T9,116811,
B01L8DCERY,98525,
B007RKMYA0,35109,
B086DD42CX,83405,
B09KG9SP39,42789,
B01L8DCKPA,98525,
B09WDJYR5P,18633,
B09WDL1L56,18633,
B09WDJT3MY,18633,
B01L8DCKQE,98525,
B0CCRTJ4PM,78915,
B0C9THVS6R,43918,
B00215K9LM,119626,
B0BBZZDKTM,191162,
B0D73V214Y,59858,
B0D73V167R,59856,
B0D73SHWRQ,59856,
B0D73VX4KH,59857,
B0D73VWZ8Y,59856,
B0D73WN567,59856,
B0H82NLB3D,84443,
B07VLKF3L6,67328,
B086QBDB8K,175743,
B0C3BYD747,67331,
B0GT4SJVBQ,142288,
B0D73VCGHZ,59857,
B0CN4L1D3D,52561,
B0CMLWPQFT,52559,
B0CMLYNBQH,52559,
B0CMLT2YG8,52559,
B0FPKYSHNG,67328,
B004166FSA,49278,
B0CZ34M25F,35408,
B0CMLW2MRR,52561,
B0CMLPQNPC,52561,
B0CMLTSKPD,52559,
B0CN4MJBGL,52559,
B0CMLW47S7,52561,
B0CMLSTH1F,52561,
B0CN4LFZ51,52561,
B0CMLR1D4R,52559,
B0CN4LXHL1,52561,
B0CJ4GQ3H8,51794,
B09WDHJ9PK,18633,
B008HA7S3W,71449,
B0G3HCSK2P,69841,
B08ZY5B1J6,71447,
B08ZXDPXXS,71447,
B0FQ2HW5VT,88190,
B0F841J586,150943,
B07D9WDN1X,43137,
B0F843M2NV,150943,
B0F83ZLGZ8,150943,
B09MLMVGMX,76347,
B09TT4FH1K,49608,
B0DZP1D3Y5,51235,
B000IGKTWK,55050,
B09LH69HZ7,129569,
B09HC8P5QL,114993,
B09HC9C3X4,114975,
B09HC92HQT,114993,
B0019MKBAC,51251,
B0D1VCQX7T,103498,
B005S7BHV6,73091,
B09HC745LV,114993,
B09HC8QWQW,114993,
B09HC93MQ6,114993,
B09HC8W9NN,114991,
B09HC8T7JZ,114993,
B09HC7WM86,114979,
B00AYTIP7C,151728,
B01B74SD0G,45962,
B0D1VFXT3K,103498,
B0H1RVVZR3,52191,
B0D1VCVV3L,103495,
B0CLVDTV53,62274,
B09B9FXJ22,36172,
B0BGL9SQ3P,46272,
B0F9KVKHLT,74998,
B0F9KNP9HW,74998,
B0F9KRDFV8,74998,
B0F9KRS3VJ,74998,
B0F9KLGD17,74994,
B0F9KTZJGS,74994,
B0F9KPZ8XC,74998,
B0F9KPTSP1,74998,
B0F9KPP2VC,74996,
B0F9KP599T,74998,
B0F9KPGQ7S,74998,
B0F9KPH7L5,74998,
B0F9KVMNW6,74994,
B0F9KP1M1Q,74998,
B0F9KPM76X,74998,
B0F9KNW8ZM,74998,
B0F9KRNTZF,74994,
B0F9KP6CLD,74998,
B0F9KP3VVH,74998,
B0F9KQZYJH,74998,
B0F9KNYB5M,74998,
B0F9KNFLRS,74998,
B0F9KLFWMN,74998,
B0F9KRQCG5,74998,
B0F9KRCWQ5,74994,
B0F9KTLZJ9,74998,
B0F9KPKJP1,74998,
B0F9KNN39M,74998,
B0F9KP4VBJ,74998,
B0F9KQK487,74998,
B0F9KPYSRJ,74998,
B0F9KLC8WN,74998,
B0F9KNVS1T,74998,
B09HC9YFFG,114993,
B0F9KNYB53,74998,
B09HC85KY6,114993,
B09HC961CX,114993,
B09HC8M4CV,114993,
B09HC935GL,114991,
B09HC8RKMK,114993,
B09HC91YY7,114993,
B09HC93NH4,114979,
B09HC6R8RK,114993,
B09HC91NK4,114979,
B09HC759NP,114993,
B09HC8PWSX,114991,
B09HC7PMCV,114993,
B0F9KL8KDX,74998,
B0F9KLLWC7,74996,
B0F6YBV45D,94809,
B005J0YRDW,96855,
B0GWRRY5NR,56579,
B0CJ3CVVLG,44899,
B0CJ3BRD3S,44899,
B0CJ3BKPK6,44936,
B0CJ395MLR,44899,
B0CJ3B6SL6,44936,
B0CJ3CVP7H,44899,
B0CJ399LLD,44899,
B0CJ37ND7G,44899,
B0CJ39TSFW,44899,
B0CJ39TRDK,44936,
B0CJ3BGK3R,44936,
B01HI2LEEI,91745,
B0CJ3BSVZ6,44899,
B09B1RRNQX,32390,
B0CJ39ZH13,44899,
B003DXQF1Y,117646,
B00GX7Y4G0,120727,
B09FF1W2M7,90565,
B07PJNF752,120666,
B0151E1GMA,120321,
B011U1P9AI,120691,
B002ECB2AY,116778,
B004ORX2FU,123820,
B076VY8Z6L,118498,
B007793BXU,120791,
B0DYF2KDT1,116055,
B0DYDYBRSC,116055,
B0DYDXVSGD,116055,
B0DYDVJ2QX,116055,
B0DYDYJS4V,116055,
B0DYF3368C,116055,
B0DYF5J3D6,116039,
B0DYF37716,116055,
B08BNLN5YQ,124064,
B017OFKPB2,117532,
B0DYDZV4B3,116055,
B0DYF3ZKB6,116055,
B0DYDZ22B2,116055,
B0DYDYC388,116055,
B0DYF2GJ92,116055,
B072L18H1H,124535,
B0CP9BN2SD,44690,
B003ZZ0U52,120532,
B09VT12V4B,118736,
B01N7VUP5S,124235,
B0DWM9D9M1,15054,
B003YDYO8E,124345,
B09WH6ST87,121967,
B0D6BTPHG6,75741,
B0D7LY9FT2,75996,
B0CHBJT2G2,132544,
B0CHBG8X9K,132544,
B0CHBJK4W5,645691,
B0CHBLN9PP,132544,
B08LDP7HXL,123890,
B08LDJPJDB,123905,
B0G2RJBFFX,96908,
B0DVSP4TRT,80614,
B0CP5ZCKCZ,120475,
B06WP7SHJF,97494,
B00EOETGYE,117760,
B018WVP0YO,122636,
B0F4Q841ZD,115819,
B0FTM154V5,122531,
B0074IG38Y,125741,
B0855S59WN,62171,
B08MBFPFCQ,26572,
B0CGR4NMKW,44964,
B072L17Z8W,124064,
B005HBAKIY,52731,
B08CMJQS3J,125320,
B00DJ272J8,120902,
B01JHV80YU,121886,
B010VDR6KW,121297,
B010PDOJ9Y,121297,
B010PDXDK0,121297,
B01LWV6CMU,122660,
B010PDUU3I,121297,
B0DZ5H28V7,74259,
B0DZ5MYZ5L,74233,
B0DZ68PBSM,74259,
B007FMFW40,120985,
B0GJ5TFCL5,122450,
B0FH9Z4PC6,122258,
B0B174TJS7,102288,
B01EA5HCWO,120497,
B0DP3JPMDC,126376,
B0DP3J1SFM,126376,
B0GVNNFJL4,89711,
B0GKCJDQVM,61861,
B0B773QN46,32979,
B0CN6RZNXS,33031,
B08ZXSM7WP,32982,
B0DP3G2J61,126376,
B0DP3HKFBV,126376,
B0DW9HH53V,126387,
B000M02MNG,126729,
B07FMYKVYH,123079,
B07SVKW21N,123687,
B0GMH5QSFF,122450,
B00367NFTM,61850,
B0G644XGCM,122643,
B07DB3SM4Y,122989,
B000BFFCQQ,168138,
B07FQG6G5Q,87211,
B00EOIXF4C,121527,
B07DB5YBHK,122989,
B07DB5868Z,122989,
B07DB4QG3F,122989,
B07FMWT667,123079,
B008P8YX5C,122359,
B0BL63XW94,124420,
B0DBVNMWHJ,121189,
B0FH8YMC6G,21459,
B01LY9JL3R,127459,
B01I7SL7IA,124021,
B003AWCGGG,33731,
B0F2MFZZYQ,53965,
B003EI4LAK,122871,
B071ZHP59Y,90270,
B07ZQ1468V,45245,
B072C5CF7V,90262,
B0CFF7VSHB,128011,
B0091CHY8O,124539,
B0091CHYS4,124553,
B0B87SVPL3,38923,
B0H1YSW19J,128220,
B0BB82T6Z5,76794,
B00G6GXUTA,123792,
B0778Y5Q4J,76903,
B01JHUABD4,125905,
B0B216GT9Y,123382,
B0BZ8J4FNB,17676,
B0BVY45G13,38038,
B0F12RLYD4,122048,
B0D1FT713R,122209,
B074P2DZT5,58577,
B0CCVJ97FJ,40543,
B0012PH4D8,121793,
B0B86RVH7T,62139,
B086SS59CQ,98309,
B0012ORE0W,26441,
B00EOESIDE,124107,
B0BGHVPF93,124821,
B00EC7EZQW,124336,
B001B51976,76953,
B0FDVRVZ14,123466,
B0CPJK2WSC,94083,
B0D97SG2GN,123208,
B0FDVYQL3N,123466,
B08HS1KLG3,65289,
B08HS1FZ6P,65289,
B083Q47BRK,62189,
B0CPRZZ1TT,58351,
B0CXSG7N4S,123402,
B01JHSI1SI,122755,
B0084Y4NOI,121667,
B0DZ5YKLKJ,54035,
B0BW2NWMPT,126528,
B072HFDBCL,126999,
B003DXQDRA,122193,
B0000A410N,98151,
B0C747CBVP,124997,
B0083WUMX2,124410,
B0CHLD5C8G,124402,
B0CHLP1TPD,124402,
B0DZ66J5Z6,54035,
B0D2N1F7GL,77409,
B001ISS1G8,40297,
B0C7MG7F3D,125714,
B0C7MFXG8R,125714,
B07J3BR84T,91025,
B0F24V8W98,62591,
B0F24SFJST,62591,
B0F24X5RCN,62591,
B0F24XKMP7,62591,
B0F24VCRHG,62591,
B0F24W5RPD,62591,
B0F24VRMD1,62591,
B0F24X1KJ6,62591,
B0F24VFR3N,62591,
B0F24X68MD,62591,
B0F23GNGR5,125717,
B0D2M7Q3YJ,77409,
B075ZP5LT9,127871,
B098NQRP5W,186826,
B07VKKXXHP,122594,
B0C6S4JQDN,122821,
B0CRDGRYWQ,123301,
B004XON4IO,125180,
B002EC55OI,126122,
B07VHJ38VG,122594,
B0DYNPZQRD,62124,
B0CVRYC8YG,90483,
B01I7SJWXM,128425,
B0DCJF1MBQ,124746,
B08HVQXF1D,45502,
B0795CMG2C,128525,
B075K1BTQZ,54245,
B01NAIO2E7,126692,
B00UTDOC7K,62175,
B0977WNRGJ,60946,
B071KX5PPF,126668,
B00007FGYJ,125892,
B0D7VYD37S,124525,
B09BJ9YBPV,126340,
B000THUGMQ,174908,
B01BMA92QY,123281,
B0G78SYJWT,126247,
B002ECI5F4,125878,
B01I7SL55A,126207,
B075BFK2NR,125356,
B077F52MZC,36709,
B0DCG5QTKV,44538,
B006W6KGBY,62207,
B09XV2SX18,77810,
B000FHPNR8,91168,
B00SA8ROLM,127717,
B01C3XNQNO,124470,
B000IGSQ8Y,77604,
B0191DLEBU,77217,
B0FTKTKMBZ,76287,
B005J3A1UC,125793,
B01JHTB3NC,97689,
B077RQ7DW4,127091,
B07CGCLFG9,92028,
B0CTKQM485,103444,
B003CF4XGM,77604,
B0842LHS2Q,91142,
B0035FH0DW,126875,
B0CGCR9N62,126893,
B0D2KRMRJS,125016,
B0141O823M,125283,
B0DYHTQV89,126787,
B08H52C8P3,77271,
B0842LBGNL,91134,
B005J1020S,127082,
B0842L149D,91161,
B0C4SBK7V6,125493,
B008P8WWLO,91144,
B0000BYTG1,125864,
B008Y9UBBC,127927,
B0B7BX1SQD,62374,
B07J66X7L3,127271,
B0DFTZ2LZG,103203,
B0CTBRJQ5T,125970,
B09SLM878H,125432,
B09SLML97G,125432,
B08M9NL8RZ,75960,
B01I7LH5D8,127254,
B08GZ4DX8C,127887,
B008V2O03C,125757,
B075QH51PK,125240,
B0D3RRGZF5,45495,
B0FKGV3ZBW,28105,
B001TDLN12,125293,
B0BNBGS3Y6,125195,
B00338399U,45730,
B08FRPG3YJ,45495,
B0D3RR55RC,45458,
B0DK2TB2TL,112577,
B0949P8T2F,126001,
B01I7N70NQ,126616,
B06X9RJ5YC,126806,
B06X9RVZBH,126806,
B000FHPVQQ,126965,
B09NS59K3X,23567,
B07BGXQ9BM,126408,
B09MC7CTJ2,127517,
B00D7FMV7A,77738,
B0GHSR4D7S,128427,
B0BBPPMN81,127762,
B07PJYQDKF,27042,
B0GK2GXTS7,128427,
B0FZD6N31R,128427,
B0BN2C6JNY,127517,
B0CKJ5174C,127517,
B092ZYPDK6,127517,
B0CKJ615GH,127517,
B0GK2R6GKJ,128427,
B0H2LJHJPY,129943,
B08R39WM21,103480,
B0013JLDVC,91262,
B00I9ZNG9U,129834,
B0012R4U74,127359,
B000FHTHLQ,128591,
B09RPYFMXL,53190,
B00MEG0YV8,95005,
B0GGR5MLTK,128630,
B003T91WGU,129162,
B06XNPFF5Q,38988,
B0F2HH3RJY,103723,
B01JHWW89W,128737,
B092CMBHVS,127068,
B00JPTM64K,45567,
B08CV6R6JK,127477,
B0BCFSDNDM,19593,
B07VNCYNV3,37771,
B07VL7LGT6,37771,
B0FVM3BXGD,130116,
B084PZ2XNT,129216,
B0F6MYJ4PC,91336,
B071YLHMC9,128880,
B07PMJXS44,129465,
B0DCJH3LCP,129565,
B019HQM3CA,129004,
B0FQPQ7P85,91763,
B00W58176G,128190,
B07FJPFRHH,127832,
B00VJ6KKF4,128823,
B09GTX3DKP,128809,
B07GKKF85C,46645,
B089DQBBMP,54766,
B007N71WQ4,68816,
B07F3PFX16,46809,
B00C0JC9X0,71346,
B016Q65KCY,66346,
B0G3WSFYLQ,32943,
B00X7LFN9M,31632,
B0FT72CQR5,78399,
B07F3PBFVP,53531,
B0DZCYM279,55477,
B00ZWPX7J4,42266,
B07F3SMR1K,53531,
B07Y4S5WYG,29542,
B0CNLCC27W,53012,
B009MJ3AFW,40956,
B0D8SLP5D8,40670,
B083ZJ6NV9,55809,
B0CNLCNDTZ,53012,
B0DJLXTJTT,31898,
B073S12G4N,52804,
B09XQX9QVP,19163,
B0GVDZ3M2F,72287,
B0GYV16RXH,48011,
B07WLJGR1G,66214,
B0043B2DEI,40225,
B0CGLTBFDL,52736,
B07Q9ZG6J8,26968,
B0CGLWMFYH,52736,
B0CLVKK553,44754,
B0010W81O4,68302,
B07V5RQMX5,28375,
B07D4LVKVZ,17906,
B005L2R276,68159,
B095JYDCHN,45578,
B088QZB7V9,68870,
B0C1FRZQPG,68870,
B08JYY929X,31045,
B00X555XYA,73421,
B00IP3602G,68867,
B009CIYAYS,78657,
B009CIYE9O,78668,
B09HC1QPTF,61843,
B084VDMTMH,47195,
B0F1CMN8L1,65996,
B0F1CNMWHX,65996,
B01K9H3884,68783,
B08VSNQL3P,23327,
B07ZJ36G81,47717,
B0BBTZ1RLK,30548,
B09MQXHJR5,73144,
B00X557JX8,59846,
B07TRNNGS4,41194,
B0FQTQLWRR,53788,
B071SJ5Q27,53971,
B0G2L34V5D,74009,
B0B3JTY946,68534,
B01KO4A26S,31909,
B0BNMF2F2L,37743,
B08HR2MH92,55218,
B07R7BV4J7,54851,
B07RRRMQCS,30534,
B07MLQGLSJ,32820,
B00VLMZ65U,71286,
B0BZQZWGTN,69974,
B07FS8G2TG,32239,
B0DJCT9WK7,69764,
B006PZBXZ0,70948,
B0GSZBVCXP,40369,
B07PLXWBVL,31431,
B0BQ8X7L8R,59675,
B0B48WKPNQ,21964,
B09VYRW7YD,72593,
B0748CRSYY,70167,
B0002568S6,28489,
B00M5ALZMA,69243,
B079ZMYMN8,77365,
B07TBD8ZPQ,40908,
B0FY6127Y4,71463,
B0G5QM9HL7,70510,
B07FS597Y1,53419,
B002WJ2QSG,53946,
B0G5QRJLZY,70512,
B0G5QP6WG8,70512,
B0G5QJJQ54,70525,
B0G5QR9ZXT,70525,
B09MK5HN79,78116,
B0163O9EX0,61299,
B0D3PMNLNL,60260,
B0G5QVGJ4V,70525,
B0G5R8N4H6,70525,
B0G5R6H66M,70525,
B00A8RI8TK,41074,
B0FVV2NKRR,48447,
B08XV7BC93,21320,
B01M0TKVQO,56337,
B09PDS9Z58,60733,
B0F9W8FH4J,16342,
B08HHK6FN1,46960,
B0B496WW9T,48172,
B07FDKBXWT,54620,
B07QSWLJMC,71672,
B08BZB1QLN,59855,
B01M2X5UQN,29532,
B0B5Q6WM1P,31061,
B08GCFD29Z,62904,
B076C9DSN8,85580,
B07W4MWL3K,25673,
B084NZWW9V,46266,
B09QB8RJDT,70582,
B0B46CYHKG,75096,
B07M76WDQ6,40612,
B06XFWK3BM,76959,
B0FX45ZF2H,70005,
B088Q61Y6D,70828,
B07M76W592,70111,
B01N3UJN3Y,71525,
B08W3LYCT1,74999,
B0DV58QXB9,70632,
B0DV5CDX6C,70632,
B0D3QBCD85,27211,
B0GW4VBKTG,75988,
B08LQ1Z7JF,72735,
B0FWJQ7VPX,73990,
B0FXRHCHGF,32508,
B09992R4SF,54448,
B09FLWYFCJ,32471,
B0DC961JLC,32456,
B00E9PJWLK,71812,
B09N3GML4T,76792,
B00C0JCAIO,76629,
B0BT4MCZ51,70913,
B0CLGM7RXD,30871,
B0179H3MDI,55234,
B075FL3CLH,48534,
B0CJJJY44G,49522,
B0CKS9PKCW,48171,
B0BZR252QB,32098,
B0G1YYDX9Z,20197,
B00680NRWE,41077,
B0DKS22TPZ,26088,
B01G81RYZI,71230,
B0DCHB35FF,61794,
B00KQ27E1A,77605,
B00O69O6X8,59969,
B0C73N2B1S,75338,
B0C73NJF1G,75338,
B07SJDG9QB,72846,
B075GFTMK9,71336,
B0FHKBJ6VH,72803,
B07GP2XF9P,61008,
B09TW3B3QV,30680,
B001UKX484,33453,
B077R1923C,71621,
B07FS6Z8BX,72856,
B07H2WKKQD,73639,
B0FHKFW5YX,72815,
B0CB5PK9DL,73685,
B0FD37LX4Y,46384,
B0CKSC6L3J,75262,
B0FCXL1QFJ,76168,
B0CC2BPT49,76172,
B0DJNGC8J5,76872,
B0B5GPRNJL,79210,
B0BT4MV19G,76358,
B00Q9R52OW,48471,
B0F4CQP52R,61662,
B00O4UPFA2,79445,
B0F3F9B256,14213,
B09JJT9NLT,46312,
B09JFNX6WD,73438,
B08HNFH88M,75557,
B0D5Q9FDHC,46390,
B07TC2J5XG,76780,
B008DS2N9W,75801,
B09BQK622P,73060,
B009ULFSC0,48509,
B0002A5VIY,76621,
B0FBGMS8R5,76112,
B0DT9QMT7X,55007,
B01MTA2BEX,41447,
B01LX01I57,92314,
B00TTOV2T6,74526,
B0D896JH52,77130,
B0CB5Z75KG,78328,
B08BFCLPKZ,106332,
B07YLT9DZJ,41453,
B0G1WZL6MZ,78925,
B0G1WXSPG4,78925,
B09CCNJ19N,75715,
B01I3IBQG2,45867,
B008OAOA7C,48139,
B073QTGF5G,48633,
B09X61Q4TX,60226,
B0819417PL,75680,
B0D4DT2388,77196,
B0CBNJTDF5,76375,
B0CKBHRC4K,93011,
B00N9OG0WQ,76020,
B0FP99PPKR,32150,
B07FC6PN82,32150,
B0FP98YN5Q,32150,
B08DMJ57HR,78379,
B07QGV12XX,74172,
B07BHDBLQG,74227,
B07CZ8ZHJQ,75672,
B004HC44P4,76747,
B0FXWZFDMB,48623,
B07NSBQ3S5,75044,
B00BY27BZU,55626,
B07NSB37MQ,75057,
B07NSB92RY,75057,
B07NSCKWZJ,75057,
B0F8RJK4Q8,75058,
B0F4F5ZRS4,60970,
B0CD7D65NM,18449,
B0DBX47MFM,77802,
B0181TRS56,62499,
B0FWQQVBNF,41713,
B0CBWBPFQK,68110,
B0BZXY3X99,46287,
B07BBDWNFL,19216,
B085LB5RCD,76287,
B0BZR1ZC9P,48778,
B0DFCLY39Z,45283,
B079X5ZTS4,76676,
B07FSB1PVZ,94248,
B08PQBQY9L,49326,
B00025YVRQ,77277,
B000FQKFKY,76962,
B007GCFMEY,77457,
B0DFL75C83,77603,
B08915YXBY,49006,
B0B48BYP6B,77645,
B00780XV5G,76820,
B0D7HQJNVF,38877,
B0D7HCWS38,38877,
B079X1647X,78041,
B09L1KLVL2,76117,
B0B45X86MQ,78815,
B0B2V8G3H3,57907,
B09BZJ3C53,20334,
B08NWP4XRY,32838,
B0G1XXSKVB,97346,
B0G1Y3R1GL,97346,
B000TI2Z9M,77766,
B07FXHRRXJ,46549,
B01N9C52WO,41470,
B07RNNGZ9D,38497,
B0CBLQ7DDB,52257,
B0CF85PLWX,49922,
B07PRRW4CH,76616,
B0G4NNTQR1,80036,
B08NV3B31X,55136,
B0002RJM8C,32800,
B07DQ8SDG9,68688,
B0DX117Q64,41659,
B011BKDJX2,68247,
B0DNZ8JMS9,83596,
B0DNZ61NB8,83596,
B0DNZ5TFXY,83596,
B0DNZ4QRXT,83596,
B0DNZ7MR41,83596,
B0DNZ73D6W,83596,
B07PCCS6RD,48689,
B07N2KZ2TV,31226,
B0FGDHJHSW,82120,
B00342Y0FW,71289,
B000633ZOY,76687,
B0FGDHPFNG,82120,
B00ZL3GL90,55370,
B006WZ9B48,97367,
B07RV15NNM,76284,
B07P5Y7ZKD,50816,
B08WRNC37H,77605,
B0FWJPFVW7,32841,
B0GWHQK6CR,40308,
B0GWJ1MWRR,40308,
B0CBNK9N4W,76375,
B06XVC55PX,79444,
B0CDVQGFJ9,78857,
B001GFQ368,32906,
B0CYPBRJ4H,79846,
B0BYYKHGTY,105010,
B0D41B533D,105781,
B073YNNW1Y,104976,
B0CM9M81PD,106101,
B078KJP2GY,105206,
B0CR9QJSCX,56541,
B00NHC73D0,106267,
B09LLRXRM3,106813,
B073WPXXN1,105464,
B0GXZNCS4M,38913,
B09WHLXWGY,106327,
B09L1NN8TN,107508,
B0G52BX2ZK,106980,
B0G5N44W5C,37202,
B0D226C4JK,77879,
B08QW34YBG,45100,
B01MRLSJDP,56801,
B08DLMJ8PL,106139,
B0C5RPX4GQ,45007,
B0CSPFZD1F,105582,
B0BX4BS51J,107651,
B0DN19951S,107672,
B0GN7ZVSQ1,32151,
B0042V0RN8,107140,
B0FSF46M7C,107802,
B01NCLAH07,106786,
B0F93VC1BX,106705,
B09XRDWGMK,107436,
B002USFBM2,107301,
B0G3TL4KY2,37217,
B0CS7G51Y1,107599,
B0D34G8Z8K,34817,
B071L3QZYN,107390,
B0DNB1KFDP,43270,
B0CMW6S82Q,106655,
B095Z14MZ6,108049,
B0015GGQOM,106335,
B08ZLJGYHT,107543,
B079MQQB7T,107892,
B0BTQSPLNL,107135,
B0CWVPNPFL,107250,
B0CWVNP73R,107239,
B0BP6H9H53,47774,
B07ZQ3BLBK,107755,
B0C553JD6Q,46493,
B0DGLRM74G,108073,
B0FB3MQJ4F,28256,
B001BX6GWG,107710,
B0DBFF11BL,106846,
B095R68664,103693,
B0BQDWB9LL,107858,
B07YYZW6GL,108492,
B0DH8MTVMR,108551,
B085FXG3MV,108693,
B08W9Z39TN,107047,
B0BK295GTR,57047,
B0B6TP3C8W,107662,
B0B3FSX96V,32281,
B0CR1P7QK7,107644,
B0013LPYQA,107968,
B0172YE386,107420,
B09FDWMVHQ,107659,
B0G86NWZN6,108955,
B0CX4Y6F31,17889,
B0B56LWY9C,107831,
B08WRJNYSV,107670,
B0D3FNNCZD,108286,
B091728STJ,107558,
B000F8XF86,107894,
B0DN6VYL5G,109136,
B09NJ7PCBY,108115,
B0CPFJWD3R,109407,
B0D4DBSDN5,108285,
B0D16W78DN,51900,
B0D16KC244,51899,
B0FY8PBMVK,19238,
B01G7YZPKC,109160,
B0CPDFRMWW,110043,
B0CPDH6P1G,110042,
B0CPDGDFLZ,110042,
B0CPDGXJ6X,110042,
B0CCRPHYTQ,110043,
B0CLY56MRQ,110043,
B0D2ZXRLVC,110043,
B0DP8MNLT5,78186,
B0BV7HND4Q,64029,
B0GT8M2MPP,109104,
B007CDGUOS,108345,
B0FJS95YL5,107852,
B0C5HX7WG3,109436,
B0FX6P4FSC,45248,
B0FK9J3DN4,109363,
B0F717JKYX,109363,
B08YQTK7TJ,109637,
B0DJ5CHHLF,109731,
B0FP491JBF,109007,
B00IERT2JQ,108417,
B0H1NP3945,109363,
B09PYBYWBN,108580,
B0CLY53HHM,110043,
B0CLY54YJB,110042,
B0D311L81S,110043,
B0D2ZXC68R,110043,
B0CPDH254Z,110043,
B0D2XZJ6N9,110043,
B0DNJNB8JY,110043,
B0CPDH7WWH,110042,
B0DNJQ6XX5,110043,
B0CPDHXQDY,110043,
B0CPDGXRYB,110043,
B0D2ZZVDJP,110043,
B0FGSTWGNB,109751,
B0CPDGPCMD,110043,
B0D2ZZYGHF,110043,
B0CPDFNN6Z,110043,
B0CLY5FCNG,110043,
B0CLY5TZLJ,110043,
B0CPDD2BJS,110043,
B0CPDGQ98X,110042,
B0CPDGMHFK,110043,
B0D2XZT18C,110043,
B0CLY4QMGD,110042,
B0D2ZY1RMQ,110031,
B0FZC53Z68,109974,
B0CPYF1V5W,109082,
B0DRW8HQTY,67851,
B0CRSLBY3L,68287,
B09TGY6SJM,108251,
B0CVDGX1K3,57084,
B0CRBJJTGT,67851,
B0747W34G9,32368,
B0CPQ6ZTD7,67851,
B0FL8RLL4L,67851,
B0BSXB3VJX,109695,
B00YHSWM7K,108590,
B0FL91XCB3,67851,
B0FBC27TNF,67851,
B07SM8TN4F,110152,
B0CQ744TYQ,109087,
B07SZ3GCPM,108655,
B0CL7QSL5T,67851,
B0DBJ86KCH,67851,
B0DQLTGZJW,67851,
B0DRW71PR1,67851,
B0DBJ5LYSR,67851,
B0DBJ9K9V5,67851,
B0BJ5VV2Q7,108832,
B0042V9VTE,108838,
B081CKP5TM,59556,
B075GMFW2M,109936,
B0DHD7BYJF,109980,
B07SYHT5WJ,108945,
B0F2MY4623,109169,
B0CRDDCH2T,109867,
B084MN169B,45252,
B07MV4NN5Z,109056,
B0DB6C3QPV,263258,
B0D9NVX87Z,109074,
B0DQ6HV9TC,32440,
B0DQ6G8TH4,32440,
B0G2MDYVT5,110482,
B0G4SP41TL,78533,
B0B46V5JZ3,110081,
B0DQ6G81T1,32440,
B0GSBW68FC,110499,
B0FBGPNDPM,109646,
B00H57BSWA,110112,
B0DCHM8F1F,110582,
B0CKRYZK5M,110582,
B0FGYCPB4Z,109508,
B086WTWLQW,109510,
B086H2VY9Q,32386,
B07MPCMXGR,26203,
B0FMQCCVJZ,110042,
B0BFBZN6L8,109549,
B0B99CWSM6,109550,
B0B99BNMXP,109549,
B0CHK53D43,110582,
B09Y9JNG9D,110933,
B0H82D3685,110940,
B0BXB9P97J,68087,
B0BGWVGFPK,68087,
B000NUN5YU,109934,
B0BSXDGRV8,110583,
B0F38NFYRR,111114,
B08J67QY7F,110763,
B0C1GN4RCR,110359,
1639473785,111205,
B0BWSK95Y7,101986,
B00UB7OV7K,110425,
B0CG6MLR3P,110487,
B008WCQ2XW,110254,
B085VRB9JP,111056,
B0FVD8VM2R,111092,
B0DK3JF8ND,111526,
B008GM4MN0,110215,
B09YR5TR41,110677,
B0CSH1C86G,111408,
B0H2FD2NSQ,111154,
B0D4TXJM67,110817,
B09BNYRF9P,110495,
B0DD7DRW83,110498,
B094Y11GF3,110490,
B075GQ855K,110727,
B0CM28485Y,110769,
B08X1JKSQ8,111652,
B0FGN2VZMQ,110779,
B0CQKLRWQF,110843,
B09RKB7KYK,111062,
B09M68G9FW,110786,
B07XXCJCYC,110777,
B0B7MR3CFP,110910,
B002WHXS80,110926,
B0G28GZ2WC,111794,
B08VN4BMGM,19264,
B00JC5X7UE,110963,
1399600915,111183,
B0C7C1YK1Q,111674,
B08YQKF6CC,111273,
B0BVBC2L38,111067,
B0DJVFNDDF,111209,
B0DV4156MW,111183,
B085SC7CWT,111744,
B0FNQJQMHC,111509,
B01D48FL6M,18923,
B06Y15JC6K,111502,
B0DNW5F5D4,112062,
B0743F4SWG,111382,
B0CBKTYWBR,111429,
B0G49ZGKMW,111751,
B094D4JXM6,111595,
B0CTBYBSQ1,111520,
B0DLH8SS7K,111867,
B0FHZJ3XM6,111529,
B00P20XJCE,111805,
B07TQ37NW1,111642,
B0B5VRM2GV,112033,
B07QCFSLT2,111694,
B0DKVGQDDY,111864,
B0DQW3GF1Z,111584,
B005ESA9NG,111786,
B072JGK7Q3,111497,
B075K8J2K1,111814,
B0DS67KRG4,111819,
B0D7BFGWY1,112244,
B0DD52KJJT,111903,
B07PHJRY6H,111921,
B0CSYJMFHV,111958,
B0BRT5Y276,111666,
B0CBX88HYK,112017,
B08R74VTRY,117563,
B0D9KW8XH9,112103,
B0D9KWMJJY,112096,
B01JKWHUSI,112068,
B0CST922B6,80291,
B0CYXZJ12T,338341,
B0CJY1P9KY,47166,
B07H5GBT6D,19017,
B07H5GHQ3P,19017,
B07H5DR2KN,19017,
B07H5JJTVG,19017,
B07H5FQ33Q,19017,
B0D9KVMDN2,112103,
B01GJSL0IW,112302,
B0FPG2KC66,112606,
B0D82L7VG6,119534,
B07CRYHB91,112240,
B0D78Z9KXS,112200,
B0BMTMRX9V,112166,
B0DSF2BMBK,112200,
B009GKAJ6A,112292,
B0CHDWFS1G,82244,
B0CHDXF44K,82244,
B09NJP9N48,112333,
B009LSOMUQ,136896,
B0DLYW57MG,112474,
B000UFU1AE,112359,
B0GHBF1SR2,112089,
B09CPGRC21,112448,
B0H33F4JPV,112813,
B0H33MC64R,112813,
B0DLK24K6N,11282,
B083TM173Z,112475,
B09S9PP844,112481,
B0CPKS9434,112784,
B0FLV8DCGC,113051,
B0FLVDY4P5,113051,
B0G1LPK9H2,113050,
B0CKHV35MJ,39635,
B0BJKN7JYH,18154,
B08VHW4LVW,112566,
B0C9JCRS2Y,130385,
B0813MX4RC,112517,
B07D66PHV8,80381,
B0C6MWRLYG,112635,
B0FLVBGKDY,113051,
B0F1CXVCXR,82273,
B0F1CYMRQ6,82271,
B000AQZD7E,99251,
B084ZYLX69,121817,
B0F1CZBZMC,82271,
B0014CTCQ6,154859,
B00YE2IDKY,88043,
B0DQFZWMVT,110349,
B0DQG19KWT,110349,
B084ZY3ZBT,121817,
B0FJ261RLT,96849,
B00HZF2TZC,49180,
B0D2KS5DJW,93092,
B08SQR7J99,105543,
B08SQ6R5D5,105547,
B08SQ6LP34,105543,
B08SQ3JFDS,105543,
B0DQFZTP7W,110349,
B0DQG27NVQ,110349,
B0DPH7CMP9,96844,
B00HZF2TZM,49178,
B087JH9X7X,52538,
B09SWNSCYX,33826,
B00HZF2U1A,49177,
B00HZF2TYI,49181,
B0786B88QC,46019,
B0CJ4SMP8G,46018,
B0CZCSKLPB,53644,
B09ZXNWWPQ,120365,
B0GXK1MZQR,44321,
B07NPMGTJX,96922,
B0CJH97HMQ,28843,
B00KE1QWRA,33113,
B0BPSHDLBZ,118925,
B0BPSHJK6R,118925,
B0C1S31QQB,131554,
B0060HYKLW,66527,
B0DXP8JY5F,70589,
B07DG4GQ5M,72644,
B0GCJB3JTB,100638,
B094V733NV,96594,
B08YQXZ7W5,85685,
B0GR8C2TMC,35984,
B0G51WLXLN,128676,
B0CZ6YBGRT,92723,
B0BZHH3VMR,30313,
B0CX238YDH,109177,
B0C2GZKXVK,124595,
B082B9C813,109077,
B0B7XWZS9D,90060,
B092Q5254P,51067,
B0CCVCM1JL,124606,
B0CCV9CHKM,124604,
B0CCVC9NLR,124604,
B0F21DYZ12,78962,
B004ZIPA9O,96805,
B08J7MJWGT,128925,
B09YR9MJTD,67118,
B09YR9BM1Y,67118,
B09YR9P37C,67118,
B0CRHDJL4V,67118,
B0C8SFKXGY,67118,
B09YR872MR,67118,
B0CRHFLNC5,67118,
B0CRHH5Y67,67118,
B08J7PDDMB,128925,
B0D93GG33M,65192,
B01JQSEAWU,50291,
B0B5KQMHLK,99183,
B0DGG8QKL4,67118,
B0CRHDY414,67118,
B01JQPIHYA,50294,
B09YR8SY4D,67118,
B09YR8TVBP,67118,
B09YR95SR3,67118,
B09Z24BNVR,67118,
B01JQQTB7G,50291,
B01JQSD9J0,50291,
B09YR9C148,67118,
B0B4R2T17L,67118,
B01BSRIID4,29771,
B0CRH6146L,67118,
B09QT2BNVV,50233,
B0CRHDYFZG,67118,
B0CBPRRLZV,70156,
B0FDL8ZQ7J,42279,
B08KYVLJ5H,125701,
B08YJMQTMD,73671,
B0FDLD5R6D,42278,
B0FDL97YGL,42278,
B0035K41UC,35009,
B074MQYQNT,57647,
B0CNR4Y3B3,50509,
B0DHMGBZ8D,108993,
B0GSDX7RFS,49962,
B0C7QDGVPP,102009,
B0D1VB2MLL,73671,
B0D1VBJJGN,73671,
B0D1VBVJJV,73671,
B006HZYVD4,13189,
B0D1V2SM4K,24971,
B0F484QXGB,126371,
B08YK446GN,73671,
B0GWHZJ1KJ,112093,
B000HQVPZG,66697,
B015YUTHQ8,74583,
B07Z5YD727,78820,
B00EU7NCQ8,33730,
B0861M6F8Q,122745,
B07R5YFD76,122745,
B00EV7LJ2Q,33729,
B000UGYWTO,12926,
B07Z3T1195,121196,
B084RNVZZV,21703,
B07R5YKHRJ,122745,
B0DJKK3WTX,38932,
B0861LJ977,122745,
B01N8RP67E,126690,
B0D4QTMKBF,71129,
B0FNRCJJQR,33995,
B0D1V33HDG,24971,
B084ZYBJZ8,30767,
B0D1V2375X,24971,
B0D1VB5MMB,65452,
B0D1V2JG3K,24973,
B08HVQJ7D8,34400,
B01GN05M9O,129526,
B0BFD6PMG4,24548,
B0BFD6MTFW,24548,
B07ZR2BD3F,135718,
B0142N04VK,33863,
B019RSQXZ6,126690,
B019RSQVRG,126690,
B019RSQVLM,126690,
B07V6Q48GN,32067,
B01GN05Q86,129521,
B0BT1JD2KW,89232,
B0BT1HLNGP,89232,
B0CHR1KVQZ,52064,
B0GTNZ6GHG,86590,
B0GNJ19QZM,90217,
B09LVM688L,87794,
B0GV7CTBMG,126688,
B09HKBDWFB,90567,
B0DSL42WV4,126482,
B09HK8NXD3,90569,
B0GF6JCMR8,77009,
B07HN896V5,94174,
B0GF617M3J,77009,
B01IC8U24K,90023,
B0FCG86ZLM,90026,
B01IC8U1YQ,90023,
B09B2V4G7L,90023,
B0GCGX6BHN,117074,
B0C53SQLZ9,111798,
B0GYH94CJJ,111137,
B0GYHPV7FG,111137,
B0GYHCYN4S,111137,
B09TH4FQSS,81641,
B07HNDZS68,94174,
B07Q7SFHQB,94174,
B07Q3GT3PF,94174,
B07Q5JJRM3,94174,
B0CCG2B1TB,47914,
B00BGDVC7K,35161,
B0DRFPWWJN,110536,
B083TG7JY6,43992,
B0749DX74X,43992,
B0GCGJGY6X,117074,
B08M3Q4TKF,51342,
B08M3C224K,51342,
B01MU9E5QT,125630,
B0098TRTK8,65214,
B08M3CQPXQ,51345,
B01BSRIFKU,29771,
B0G4M4XQPY,45060,
B083TDFWVM,43993,
B000ARQK4S,146467,
B000ARN8PW,146467,
B0H35YYC46,35060,
B0749BWPJ1,43992,
B0741XK24G,43992,
B01BSRIFNC,29770,
B004BA5K2S,65296,
B00KPS8PZE,36498,
B0CMQM886V,35795,
B0DQTDRXD9,103104,
B0CKH9P8TG,105572,
B01N7WL2QQ,98911,
B0CJ4FZ65P,105572,
B0CJ4FS13S,105572,
B00WL0K818,101328,
B07XX77MHH,40179,
B08BCJ9WNB,93418,
B000ARN8OI,146467,
B0CMQLD3RH,35798,
B0CLZGWK9R,50082,
B0CJ4GJKJ6,105572,
B0CJ4CT98J,105572,
B001DUBID4,126694,
B0CMQLYMZM,35795,
B09LMPPH5J,41280,
B01MQXY8SU,20216,
B0GJJZWS6L,85673,
B078TX3DXS,73280,
B078TVZTJH,73280,
B0BMQWKF5X,22784,
B08BCMBFH1,93418,
B0GJJQMKNL,85668,
B0H36B8DTG,130192,
B0DGY519HP,90992,
B0FR4YCC33,90992,
B0FR4WCT7R,90994,
B0DGY3X2B5,90992,
B0GL6S25BR,18602,
B008BC1FXU,34146,
B008BC1F8U,34147,
B08198513H,127688,
B089DBZRZF,110625,
B000B5WLVU,67156,
B0D3WQ3563,73938,
B0CT8HKHP2,73937,
B0CT8GVG2P,73937,
B0CT8BJW8F,73937,
B0FPMK2QR9,73937,
B0CT9BMC7D,73937,
B0CT7VNQF4,73937,
B0FPMN5WMG,73937,
B0GH6QCKP2,127848,
B0GH6HC8K8,127848,
B0GH6JJK4T,127848,
B0GH6V6K46,127848,
B0GH6NTDN4,127848,
B0GH6MDTJT,127848,
B0GH65MSTW,127848,
B0GH6BKXX1,127848,
B0DDKSTD58,37440,
B0C5HCRJZT,73112,
B0DX5KLWWG,105612,
B07QZRX5KS,125818,
B0BZVXJS3V,44212,
B0BZVV5WPK,44211,
B0BZVR81NC,44211,
B0BZVR5K4R,44211,
B0CT83FLGW,73937,
B07WD4YK9J,47090,
B0BHLG9RGL,47087,
B07WG8X4H7,47090,
B09HZ44XFR,47087,
B07WCPW9TD,47087,
B0CT89NND3,73938,
B0CT8LKY88,73938,
B084ZY1G7Z,109525,
B078GRMFSN,38093,
B091CL9W61,89860,
B091CNN8C1,89863,
B091CLH2JL,89860,
B07MXF2TR1,127959,
B0FB6TKBC9,48484,
B0197MKMN6,49156,
B0C56SK5Y4,73724,
B0BTDH4829,73543,
B00C1MJZDI,31804,
B086WLKWX1,128351,
B0D9JNKG2X,128443,
B0D9JDFLTS,128443,
B01DNGUEQ2,86393,
B0DJ28R7P9,79487,
B0CD3ZTDXT,27576,
B0CD3ZH24Y,27576,
B0CD3Z2LH9,27576,
B0CD411C5J,27576,
B0CD41LB8R,27576,
B0CD3ZL19V,27576,
B0CD3Y6ZFV,27576,
B0CD3YT64Q,27576,
B0CD3ZSH72,27575,
B0CD41C62N,27576,
B0BQYK6RMS,73190,
B0DDXLQGSN,38068,
B00VWMRIGY,49767,
B0GLMKRZQ2,89527,
B0DDXLQLB7,38068,
B0GVM82GJ8,89753,
B0DSL415SQ,126480,
B0CDV7LFPB,106757,
B0CT8BDLBM,45577,
B0C6BX3DT6,129964,
B09WR887VS,37775,
B000KAYU9C,152786,
B01EQTMASK,79028,
B0DYY4JRLD,72415,
B07CL2JVMQ,63006,
B07GBL7GXR,73387,
B0GLXCVRYF,51978,
B01LWBFYTC,63006,
B0F8NHJJLV,48966,
B0F8NG6GX2,48966,
B0GRC9MKPC,138646,
B0CB7LPFNT,67659,
B0BGRMYTBJ,45577,
B0D9XVSJQK,121457,
B0D9X3MH2X,121457,
B0D9XH62Q9,121457,
B00JNVO9NG,89937,
B0FKGK7VRK,28234,
B0FKGMKZWW,28234,
B09S5HNMYZ,16945,
B09RK69KCW,16944,
B07VBLLVD5,67538,
B005RUV9AS,69609,
B00OUBEUN8,98656,
B016A5ZLHA,15200,
B00A71W3KW,15201,
B0GYPB2SSG,92035,
B0GTLCHX9C,92039,
B08PP45DYQ,75442,
B08RDNXRWD,120880,
B0FMDKSF9Y,26545,
B0FMDH8KWD,26545,
B00COX5FFQ,92701,
B01FE8M226,65173,
B0FMN61MDR,131932,
B0FMNC4T3T,131938,
B07MBB6KG3,73107,
B001IEEYTU,37240,
B0BSTM7FZV,110466,
B007V90NGE,34632,
B0FLRP1GD8,17995,
B0FLRPBDBL,17995,
B086G59WXH,47378,
B0DGXN37H4,9161,
B0DGXLDJNY,9161,
B0C4L6Y3SQ,132870,
B0GJ5TW7XS,39064,
B0B34GRY1P,39743,
B0F1THSKQR,28318,
B07FD6LNWV,43979,
B00A0GRHG4,134568,
B0D9SRF1B8,135172,
B0B2R1YFWT,132371,
B0F1TJW7BW,28318,
B002KCDSCI,118837,
B001U5BC7E,43456,
B00314HEJW,132094,
B0CP8YVD51,31347,
B0DTJ11ZS1,74432,
B0DTHZNYFK,74432,
B0DTJ1Z26F,74432,
B0DTJ1FH73,74432,
B0DTJ1LF7N,74432,
B0DTJ1VK8L,74432,
B0F3H88HSX,74432,
B0G1C2K7ZV,10545,
B0G1C71WPT,10545,
B0G2L16236,10545,
B0G1CCM4PS,10545,
B0G1SV8HFG,10545,
B0G1CGX9DP,10545,
B0G1CJKLYX,10545,
B002BH32YQ,65515,
B084636PTT,100572,
B0G1CHLLNH,10545,
B0G1C9TH5D,10545,
B0G1SMP9KS,10545,
B0G1SRVG53,10545,
B0G2L2RJLV,10545,
B01E3FZN9U,49464,
B09KBRSDST,92789,
B0C9R2JMHF,112515,
B0FRVVB6ZT,112515,
B001WHJZOM,121727,
B005NGYVLA,65977,
B0FJG72B8L,36978,
B09S34DY2K,43389,
B0013L0Y7E,94060,
B001D7DHCM,39346,
B005NGYDE0,65923,
B0095DV9IA,65984,
B0095DZO22,65977,
B07417LP8C,63504,
B06W9HSXX4,50870,
B005NGYVZQ,65977,
B005NGYPNO,65977,
B005NGYGGK,65977,
B005NGY80E,65923,
B005NGZ27C,65977,
B005NGY8TK,65977,
B005NGYTDK,65984,
B0095DE2T8,65977,
B005NGY94Y,65977,
B005NGYAKW,65977,
B005NGZ0UG,42100,
B005NGZ042,65977,
B09G69HDNB,63457,
B0095E4EMC,65977,
B0095DXKQO,65977,
B0095DXUIM,65977,
B0095DPMTW,42100,
B0F6T48XXT,44105,
B06ZXQX654,122522,
B001D7J6C2,39346,
B01CY482GI,13831,
B01CY4897U,13831,
B001D7DHAY,39346,
B001D7DHFE,39346,
B09SLXVG3B,90515,
B087Q44GQ4,69427,
B00G1FSRMQ,133640,
B01COEEXKM,112566,
B0D6QL2H45,37473,
B06X9NX3TZ,67306,
B00LLSNT4O,22736,
B00LLSNOFI,22736,
B00LLSPC94,98090,
B0001IWCWU,121168,
B003ES5KU0,19784,
B0001IWCUM,121166,
B0001IWCWK,121172,
B0001IWCWA,121172,
B0001IWCW0,121172,
B0001IWCXE,121172,
B00KNT5GZC,30713,
B00ME62U9C,223733,
B0G2K5PX6D,110681,
B01EWXSCZU,34976,
B00H2HP9IM,34976,
B07BDJPFD2,71415,
B0G2BKYF77,117184,
B07RJQ1YL8,89592,
B07TYBV6RF,89592,
B0BWTG919F,89579,
B00BEBZS9M,119168,
B0CPYFP4M9,89592,
B0CN6GN69B,42429,
B0CN6F2KM9,42429,
B0CN6FCXSJ,42429,
B0CN6FK3PT,42429,
B0CN6D9P4D,42429,
B0CN6DN1H8,42429,
B09SPNBT98,41114,
B0CQXJHDJ8,132800,
B0CNCC5R2T,42429,
B0CN6G2GQH,42429,
B0CN6G63ZM,42429,
B0CN6FFK43,42429,
B0CN6F5PGB,42429,
B0CN6F22CZ,42429,
B0CNCNYY1V,42429,
B0CN6FK7D7,42429,
B0CN6FD8SW,42429,
B0CN6GPVMZ,42429,
B0CN6FFCNJ,42429,
B0CN6DZM7X,42429,
B0CN6FGF36,42429,
B0CNC553GW,73435,
B0776MCYM8,95412,
B009VDGUXI,111629,
B0BT3XZXN1,71334,
B0093DLQ2G,31796,
B009VDGXOO,111629,
B009VDGW9A,111629,
B00IG0N58K,38711,
B0765RL3N3,108779,
B08L5TS6MN,28500,
B07H31YJ98,112067,
B0CCRSWFHZ,30807,
B0B4JSCYRV,65032,
B01M12NLPY,66499,
B00LKUERQ2,54295,
B09GRPRSFG,67858,
B0C1JRVJQQ,125070,
B09GRCV3WZ,67858,
B006Z4SCYQ,134893,
B0GCZJLJRN,75122,
B008FVFU2E,115101,
B001HQR17Q,112610,
B00762HN32,34609,
B0BXBMRFNN,134493,
B00762HNUA,34609,
B00762HNHS,34609,
B00CLMN46C,115101,
B00762HO8G,34609,
B00762HO54,34609,
B00762HLE8,34609,
B00762HL5C,34609,
B0DJ891PGP,19972,
B0CW1THNCP,116423,
B0G3QDK3Z3,51728,
B09B27CQX5,46480,
B09B266G3H,46480,
B09B26Z43F,46480,
B09B289KQV,46480,
B09B26K77M,46480,
B09B26W1HG,46480,
B09B2726HS,46480,
B0C7QRGK7Y,46480,
B079JR3NRQ,110597,
B0GR8Z64LD,48583,
B0G2LP4FB3,73531,
B07VY9NCRB,29556,
B007K2T8D6,59047,
B007K2T8KO,59050,
B002BSHFGQ,136600,
B0GR8K4RN9,48582,
B00N8LIGJA,51517,
B0GR8R3QYF,48583,
B0CS6PPDMX,117449,
B0GR8K4RNC,48583,
B0G5XL9Y85,16276,
B0G5WTP4G2,16275,
B0FJB5MZCP,34673,
B0DRG1ZB1V,98916,
B0BTCQ6PMR,121209,
B09C8K92QN,122569,
B07JVLVP8M,73213,
B08XQ6P8S2,101258,
B08XQ6B53K,101258,
B09Y1ZT1HQ,51622,
B0BQ17H18Z,34505,
B0DRFZX683,98916,
B0DRG3GFXC,98916,
B0DRG2V4LD,98916,
B0DRFZD166,98916,
B0DRG2F3T1,98916,
B09N7TSH11,46414,
B014P5GPMC,112347,
B0DBVBMYKZ,36827,
B01LWPUCTJ,67056,
B004OQXX64,119977,
B00J00F5RE,92845,
B006MPYYMW,76531,
B08KXJZWDL,91266,
B07WRLHJLL,27532,
B00BB5Y9RS,93600,
B0DSKG4R8D,28391,
B079MS5SQC,111173,
B003LWXR0O,27521,
B01LQ16UAA,23228,
B07JQ1R4JM,58795,
B00LKUEX3E,23229,
B00N3TXUSO,99025,
B00TTKNM5C,136892,
B07JP4W351,48109,
B00N3TY12I,99025,
B001D2ZMD4,102952,
B002653JV4,25432,
B08XQ6RGTX,53385,
B002674Z8I,25431,
B004L39IM8,65066,
B007A8CG6G,25431,
B002678YL2,25432,
B00FOP0TRK,101752,
B00A61ZNSC,25432,
B0020FRQPK,25432,
B002678XTK,25432,
B002678WLY,25430,
B0FBS3WJF2,52017,
B0FBS3TSLZ,52017,
B00FOP0MPY,101752,
B0FBS2ZBXY,52017,
B0GX9DFFL9,67562,
B0GX98P9X2,67562,
B0GX9NM1SG,67558,
B001EQAH16,78547,
B001OH2844,66650,
B001EQFKC2,66642,
B001OH286M,66642,
B001EQCL2O,66647,
B001OH2876,66650,
B001EQAM20,66642,
B001OH0CWO,66650,
B001EQE2KS,66650,
B001D35IAK,102952,
B001D3EYF0,102952,
B001D31ILS,102952,
B0FH28CZQN,88020,
B0033W3JY6,137879,
B001VB2YTC,102952,
B001D38PIW,102952,
B0033W1QX2,137879,
B0FBS4ZMHS,52017,
B0FBS48G89,52017,
B01MRZ22OC,99009,
B0B9YNNQ29,103782,
B079DL26YB,92277,
B0BMF33BJM,30490,
B0967QBFQG,117537,
B09XQCLTYF,122201,
B0CNP2W65S,98556,
B0FPXG18WC,116532,
B07QHW8RW9,110522,
B07QK8WXMQ,110522,
B07T9JMMR8,110522,
B07PQ7PN3R,110522,
B07TDG1DRF,110522,
B07V9DH8H3,110405,
B07QH16WVM,110522,
B07TTRR3NQ,110522,
B07RDKLPMK,110522,
B0FNM41GWN,66351,
B08JKCLYGK,104017,
B0BFJH2M3G,103892,
B076J6K8F6,92277,
B076J7S4PV,92317,
B0GWRDD255,116151,
B0055N2O9W,123669,
B0F1CZW3YJ,83879,
B07NSTDKHD,39222,
B0771NJ1HJ,36717,
B00L9T10U0,81244,
B0719Q4JC7,66273,
B0DXPFDF87,82916,
B0G12W56BR,41725,
B07JQ7L2TS,67508,
B0DHV94DRD,51057,
B0DHVBVN2X,51057,
B0DHV8GZFD,50970,
B0DHV7TRM7,51057,
B0DHV7MVC2,51057,
B0DHV9M2FR,51057,
B0DHVBXGG7,51057,
B0DM61JDM8,51057,
B0D4YYZDD4,84669,
B0753M2G8C,65873,
B0DLP4VXMG,122747,
B0DLP5KPV7,122747,
B008KSG2YM,38114,
B07CGN7F97,64577,
B0FBXDPTFW,107460,
B07PFBQ6Q6,110570,
B0G64P9ZGQ,72187,
B0G5Y5QZN5,72187,
B0GFM5TFDZ,72187,
B0GXYF8NWJ,72187,
B0G5XDSCCZ,72187,
B0G5Y54YZ2,72187,
B0GXY7V9SM,72187,
B0G64PGJ1K,72187,
B08HVP1HQR,12275,
B0DFMW7D27,82471,
B09F35RD3K,83366,
B0FBX9H7NT,107460,
B0FBX9MDS7,107460,
B0FBX85KPD,107617,
B0FPV1K854,68823,
B0CJ26JLXM,104496,
B07GWPH99F,85881,
B001O115RQ,51818,
B0CTMR945Q,103333,
B0F32HDV8X,29278,
B0F32J3SRT,29347,
B0F32JCLLX,29347,
B0F32HW8YS,29278,
B0F32H1FNT,29347,
B0F32JKJJ2,29347,
B0F32JY7NG,29347,
B0F32HMRLZ,29347,
B08HGY2R9D,38524,
B08HGS7XSX,38524,
B00287B8T0,83185,
B0DZFGBV6L,48551,
B0DZFCFXVZ,48640,
B0BSNFXC22,106466,
B0GJRTSWQL,105918,
B073FG33V2,115506,
B0DWJYGFSY,115506,
B0DGT3TKFB,115506,
B0FGCVYYPM,115506,
B0DK31SWKW,115571,
B0FJCNGZ53,31666,
B0DHJKTM6H,61568,
B0DHJ4T1DM,61604,
B07VGQBNW5,100197,
B08HGNV3FV,38524,
B0BJZZHPXR,69246,
B0BSNFPMJT,106466,
B0F3XBWHFY,28793,
B079CFSDL1,68367,
B09JNX5D39,96298,
B08F6ZZ3W7,65340,
B08ML2YLFG,40179,
B002BUW3HK,40102,
B00H9UHRCI,69475,
B001QS5C0I,48322,
B075XQ7ZKZ,116463,
B0BMK9PRKN,117227,
B0041JG8WK,83708,
B08CYBGP39,98319,
B0GX1VB3HV,28033,
B0F138DT68,119122,
B07MFPFT6B,62612,
B00IPXPTO6,51822,
B0GT4YFPNP,127181,
B0DYCLJRJD,131085,
B0DYC9P3LN,131085,
B0DYD6XWMC,131085,
B0DF2KT7T6,48901,
B0DYCKXG3Y,131085,
B0FQP9DXKH,51801,
B0DCC6H448,31005,
B0DCC6GLCZ,31075,
B0DCC5CYK5,31005,
B0FCYQGX6D,109348,
B0CKXD97DC,105127,
B0CKXDWPL6,105017,
B0CKXCYGWT,105017,
B000WMADMG,69287,
B0GVS3RV6N,108344,
B0FTM5CDJQ,127221,
B0FSL5WB7S,127221,
B0BB641MDB,117971,
B0B7L58KFY,29089,
B0GTPJSNPS,52447,
B0BSNG7VCQ,106466,
B0BSNFP34Z,106466,
B0BSNFWVTL,106466,
B0D6BFDH5C,109348,
B0CHB2P8SF,33061,
B0D8FQLVWV,109348,
B001EKOBWI,129383,
B0BXNLPYX3,48072,
B07H7XRVBL,117761,
B0BGK7VMRW,35136,
B0BGKCMZ4P,35136,
B0BGK83F3K,35136,
B0BGK74QY7,35136,
B0BGK83Q3C,35136,
B0BGKBR3LH,35136,
B0BGK757RX,35136,
B0BGK6RD1G,35136,
B0BGK7Y4JF,35136,
B0BGK76G9R,35136,
B0DD3K5QS3,68465,
B0BXXLXR75,49645,
B0DP8KV6Y7,67631,
B0GSVMWMHH,94505,
B0CGZY98MQ,40926,
B0CGZXG285,40916,
B0CGZYP9WM,40997,
B0CBLN13YY,118782,
B0H7R48NK9,16486,
B075Q1MPWF,64583,
B08H7P39BD,108801,
B00R5GQQ1E,64497,
B0GX1FZMFM,16383,
B0B3X1VGSY,108687,
B095PX12Y7,108846,
B08H7HBRK8,108846,
B095PSR3Y6,108846,
B0B3X1TGTZ,108846,
B0BW71CJ7K,71058,
B0BHVFC7NB,21465,
B0FLPVLR2W,21426,
B08HCVYS49,98632,
B0F9W8224Y,129825,
B0GZSLS9W4,98746,
B079K8L72H,16383,
B0FZTK7DJT,100594,
B0D66DMD8H,70851,
B0D664562X,70851,
B0D66R5KXW,70851,
B0FX51SYCH,70508,
B0B2LNHFWC,33265,
B0CGZYHGD4,40997,
B07J6H9FB9,43180,
B0FDQQP8L4,98686,
B0H1CK8T1J,99974,
B0FDQMJSKT,98686,
B0DCHRYPDX,115638,
B0DCHVLVXX,115638,
B0GRYS68QS,61315,
B0GGPVNKHR,120897,
B0FMKN27QS,159556,
B0BF8M351T,138761,
B09VFQWF4K,70508,
B0F1DXQDRX,82413,
B07HJX2BD8,43254,
B07HJZ5F37,43180,
B001QXD13I,39515,
B0CRDLZ821,132705,
B0FH36X91W,38795,
B0FJX7519W,37807,
B0FJXFY63T,37807,
B0D4XX4F84,42821,
B0DDBG4553,101897,
B07MDMPQZT,71384,
B0FXJY4DTV,177038,
B0FK554M64,62900,
B0DG5LCCF2,33780,
B0CNC4FKFD,122040,
B0BHW79THR,63053,
B09Q38TX3W,66253,
B085NNP4D6,23203,
B0CLRXXJRR,23203,
B0CFQW9T2R,22386,
B00897KN9E,118575,
B0B8QNSMLK,132816,
B0CD3GRYFN,49075,
B0CJ9YYQMK,28853,
B0CF9J94JX,49075,
B0DPFPCNSD,118810,
B0DPFM2T8W,118810,
B0DPFNRJJV,118810,
B0F4KL63Z1,64709,
B0FHJPWCN6,62900,
B0CKVYFFF4,92178,
B0CDPB9VPV,49075,
B0DGXM3FV1,73265,
B0CDP9MDRB,49075,
B07N1YLC23,68236,
B0BHW5TJF7,63053,
B085NNGZ86,23203,
B075K74YQJ,86613,
B0C8BHQWB3,24773,
B0H1CGT8JV,99974,
B000NJFPSK,100779,
B0CFQWFNHR,22386,
B09Y358QC5,66882,
B0DPZXCJX9,39103,
B0DQ11T5TZ,39103,
B0CF9M2T73,49075,
B08F9YQHPF,131099,
B0CHY4MD7Y,118320,
B0D9JJSDJV,85321,
B09DKZV5FK,115779,
B0FF8PHBC3,67185,
B0DPZZPMLJ,39103,
B0DPZXR6KY,39103,
B0GJS7WW6B,120209,
B0B5VQ47SF,117418,
B0C8BJGH1D,24759,
B0CFQVQCL6,22386,
B0CCHWC873,174442,
B0CBRLFFL8,52012,
B0FBS8BRHC,27628,
B0GPQ91JFQ,103724,
B0GMYYMT3P,103614,
B0DCNJQT7P,118434,
B0D7CQYDX1,87013,
B0FVX3SCD3,118434,
B01BR600PU,47258,
B09GVVGNF2,42331,
B0BV2F5HWW,29887,
B08Q7GYWRB,50673,
B0FL8SD7RC,36358,
B0D56W2YCL,121950,
B09XR1XBDT,76016,
B0CBS24V33,76042,
B09XQWTY1L,76016,
B09XQZP1BZ,76042,
B08DR45LPZ,76042,
B08DR7H3WR,76016,
B07XL95TDJ,76042,
B07XL8R9JQ,76042,
B09P3DS683,76042,
B08DQQ52S8,75915,
B0DCNPVY4Z,118434,
B0DCNJ718N,118434,
B0936P6FJX,135651,
B0DP4LKH8N,98364,
B00J60HBPW,135851,
B0DQ124G71,39103,
B0FVX72SLS,39103,
B0H4TT1J6P,70650,
B002B5ZZ9S,120093,
B0DKFLVZG3,62674,
B0G34W8FRM,68148,
B0GBWNFCKH,119849,
B0GBVZM39L,119849,
B0FPCJ9BMD,136092,
B0BQ329DRH,49756,
B09PV4R89T,75915,
B07XL7J4Y4,76016,
B07XK36J3C,76016,
B07XRB13GW,76016,
B0D2P2N5KG,76016,
B07XL7V833,75915,
B07XL7JN43,76042,
B07XL7XMR7,76016,
B07XR1H66G,76042,
B0D2P1XMW3,76016,
B09XQZXM96,76042,
B092252WFJ,67559,
B0FSL47GP7,17316,
B0C9WT9LKG,98302,
B0C9WS5X59,98302,
B0FR5CLGLK,9908,
B0DPG55Z61,98473,
B0FTM135Y6,85750,
B0F9JX88S2,85750,
B0F9K86MXZ,85750,
B0C9WSNVJR,98302,
B0H8J9XPNR,34976,
B0C9WT7WJV,98302,
B09KBXMWVL,36805,
B076ZP6JHT,85816,
B0FPXDN58V,137005,
B0CR1F92GH,39969,
B09DV8818F,34512,
B0CRH3K7R6,70757,
B009GVR9W6,85816,
B08L6GSLMN,121103,
B0H1GBBC4W,36509,
B0H9QGCD4M,21430,
B0FV7YMZ6W,119319,
B0DPWMS6V7,46648,
B0CZ3GVNJV,160886,
B0BZJ9MC6Q,47540,
B089LRQM9Z,137134,
B089M5R3NJ,137263,
B09FHRSPSG,137263,
B0D3LSKC9Y,47450,
B07711DR8P,85816,
B000PJ59K2,85816,
B076ZJVDN7,85816,
B076ZP1PCD,85846,
B000PIZV5Q,85846,
B09WQGR91D,41387,
B09MMDGMLC,21603,
B01HXORD1O,50791,
B0FCYH87PK,88930,
B07KNQJ8GS,62632,
B0BLNKXQYB,19654,
B083ZS6ZR7,51608,
B0BPNSW18X,57457,
B0BPNWNJ33,57457,
B0CV48L73G,26669,
B0FJ262SDJ,51192,
B07KNHTXL6,62632,
B01MTLMW3V,47707,
B079KCVSY7,26872,
B09BWHMTW7,50219,
B09BWHK4SB,50226,
B08L5HMJVW,16587,
B088SYX8BK,25153,
B0BL3FQ826,25153,
B006IZX9ZY,51276,
B0GXHDMPXH,79068,
B088BB14SR,21197,
B088BLLJY3,21197,
B0BY2XZW6L,51615,
B076LSB5DZ,89834,
B0FJ2764X1,51211,
B0G1SPMSN3,89136,
B09652VH8J,21328,
B09ZKV66J4,48867,
B088TCBBMP,25153,
B08NG2BY3M,25153,
B0BL3D22QC,25153,
B088T9MWGW,25158,
B088PF7YM3,68658,
B0899GLRC9,40763,
B0D9LLWBCB,40148,
B07W5GJDK7,36048,
B09GFDCGQG,91298,
B0041WIWFI,50356,
B01LNJBA2I,77865,
B00CM6HGRK,38268,
B07CVHBKR7,90821,
B09QKC23L4,52855,
B0D2XCSJ2Y,52151,
B0BCPCSGG4,31266,
B0C6TP9TCY,62487,
B07K9TLN1S,37851,
B081V45JPP,62997,
B0FRZYP364,12956,
B0BCNQGCKM,31256,
B0BX6VN2QR,28554,
B0DJ336HC8,28041,
B0GS9C32L3,57599,
B085SW2KYB,22666,
B0DFPPF47V,59012,
B006YYOQQU,40298,
B0CCLCCF89,22104,
B0DPFZKPHK,35672,
B0FH4CGK7B,47576,
B07QN8PWG8,60899,
B084GKTCHT,49540,
B084GL8ZD3,49533,
B0D5QNL9W8,30242,
B01M127X8F,36514,
B0FG2JKK3P,30252,
B0D5QKWMMX,30252,
B0D5QMRZQC,30252,
B0FG2MBKKJ,30252,
B0CQ4CGB83,21472,
B0C5GWRLBF,38804,
B0C5GWKYRT,38804,
B0CSBRFC4N,25250,
B005B8Z1JQ,77717,
B07NR8BS34,22517,
B0DTHJCWPQ,30252,
B0D5QP6192,30252,
B0DTHK7VLM,30252,
B0DY7HLYKR,30252,
B0D5QNRZXJ,30252,
B08P2CR92B,52946,
B0F525BZG6,23800,
B0FPQGCGSZ,13730,
B0FPQHY1FW,13731,
B0FPQF69G1,13733,
B09HMLXQLR,49922,
B07S86RJP6,28875,
B002UM1Q4U,81198,
B0GFSN15CS,64653,
B0FPQQ4KKK,79525,
B09HMQWS1H,49922,
B0FPQF5SRH,13731,
B0D385TQ6J,81852,
B0CX2VP556,79492,
B0DM1QKL1F,17767,
B01C44WNDQ,36092,
B0B3X8LMY8,27501,
B01HSYJH36,40037,
B0D6X7RMNB,55475,
B0DP6FNJDZ,79525,
B0881VWDSJ,57292,
B0D6XBSSRC,55493,
B07V8RYQ17,40493,
B07NDGN97N,28223,
B0842GR6SJ,20059,
B0FG2KSD7Q,24815,
B0D9XW7HDX,78401,
B0GP34L2DC,25146,
B0C3CP56R5,57292,
B0C3CP9T1Q,57292,
B0F9NW69DY,52208,
B0DMZY9KM4,54744,
B07QYYXFHC,40493,
B00TJRNFFC,59136,
B0F9NL9XF9,52226,
B07F5TMZZC,67921,
B0GQ9PMD2D,65474,
B092FRXXV5,19429,
B0991NV2MD,39758,
B0991NGKZK,39758,
B0CP7H7F3N,68608,
B004LVO05U,62613,
B001TS1PE2,38438,
B0FZG4M2TJ,40322,
B0184GVIG6,39300,
B0FS296WMD,50841,
B0F2MJC874,36064,
B015CH1GTO,25574,
B0G52CFYWF,74383,
B0018P3OFO,68514,
B0GHQLN8LF,36070,
B0GHQ2457T,36070,
B0B71ZXSJL,58257,
B0CWGTBPSB,37010,
B09GB8LTZF,30930,
B07W6D6WSH,43015,
B07W3S32M3,43031,
B0GYRYXBBK,62058,
B0982TJLZ5,38059,
B097YC591P,38059,
B0GHQ5YNXJ,36070,
B09GM76G8B,30769,
B0F9NQB6L4,24616,
B017EH5UOW,68346,
B07DNRRLCG,43015,
B07DNC59TH,43031,
B0F18DQ2VW,59994,
B094VKWGGK,40603,
B0G8JPWSVD,35912,
B0B9WPT6RQ,57568,
B08B5TJ16K,30328,
B07QLRXD6D,72505,
B0DMW6YV13,69269,
B0C5LS477R,71371,
B07GLQ18JR,28212,
B00458G674,36555,
B07GVRJTXP,21898,
B01IEG9AJS,57633,
B0B9X3ZP1K,57568,
B09MKH55RF,40241,
B0BH4KPQP8,39304,
B07XPCSYMQ,30228,
B0BGJL7CX8,30228,
B076F6V286,63426,
B005YXCUUG,80168,
B07FPSZ29V,29160,
B076DR6HBH,63426,
B086STFJFT,37066,
B08KDT7Y9Y,51448,
B08176RT4G,9191,
B01MTDEYHU,9191,
B079VF8ZF9,29996,
B06XSXBFGZ,49192,
B07DMNZY56,9189,
B0CCNZ8F8X,30234,
B0D2CRJ9GY,39304,
B083SH6FQ2,37066,
B09R47RD5M,40411,
B076F3Y88K,63426,
B0DD6F4B9V,37061,
B089K8YXDH,30156,
B00MNONI4Q,50898,
B0DM24QFCF,38044,
B08L5WLKJS,39857,
B0F1DC9FYP,69845,
B08JTQW2KL,27354,
B000ZHTZEK,82866,
B0F6N894QT,34959,
B09D78B2S3,29706,
B06XTD2SDZ,22297,
B00SUQE26E,40977,
B0FL867HW5,80637,
B07VYYF8NK,65222,
B0DBQ4J1W1,38690,
B09ZQF97PV,61099,
B0CZ6HM11N,22545,
B07DB5SF74,44924,
B09B9RZBH4,63606,
B0G42LLGJM,30730,
B08G4CYLMQ,17339,
B0BNGXG6VF,40461,
B00NAR9IEE,26858,
B0G42MQB5Y,30740,
B0G42PC6K2,30730,
B0G42JF7KG,30740,
B0736VTTMS,78746,
B0G42MB1ZT,30740,
B0DT7CW7VR,50138,
B0C58X9Q77,33570,
B0CWN59YCZ,59712,
B0H14VHYKR,18656,
B0D4Q83V81,51462,
B08G4J3H8V,17337,
B0C8YJX4LZ,22612,
B08M94BJKB,76009,
B0C4ZWYD6Q,77508,
B0CZ93N9KG,27555,
B0B15B869W,22668,
B0G42M9LFB,30740,
B0G42PSHH8,30740,
B0G42Q4644,30740,
B0G42JJHFZ,30740,
B00XZR2AJO,62306,
B0BSTMQ2H3,84401,
B01GJ9B572,71883,
B0BM3QZK55,71878,
B0759X6BNL,28054,
B06Y3K7T5C,62621,
B09749DL8N,38527,
B07M5X52FJ,34995,
B09VCJ2T1G,70268,
B0CMJJBMB5,71099,
B08745JBRP,22671,
B00R2R77JG,73962,
B0F9NYLJQT,49035,
B0C9N23GPR,63052,
B07NJP5TWH,18632,
B0BS1PT8M7,22921,
B0CFLDQY9H,81082,
B01GJ9B8F6,71883,
B01GJ9AT6K,71888,
B01GJ9AWIK,71888,
B01GJ9AYGA,71883,
B01GJ9BCEI,71883,
B01GJ9B0OU,71888,
B01GJ9AR3U,71883,
B01GJ9AV22,71888,
B01GJ9B26Q,71883,
B01GJ9B7DO,71883,
B01GJ9BAAO,71883,
B07N1RTRNS,81482,
B0D62JN87Y,35478,
B0DPHPKXRQ,37519,
B08D75PLFF,57770,
B08SGKWXN7,50149,
B001S2PYVY,70249,
B0D6Z8BMSL,36234,
B0CW2JGRN4,50232,
B07FMTYC1Q,52877,
B0H4VKHHHZ,37011,
B09HKXRQCD,76484,
B09CPYCGHT,18237,
B09NDJHSMQ,40832,
B0972QJD5B,24422,
B0972N4QLJ,24427,
B0972PMYB8,24427,
B0972NF2WJ,24427,
B0972P49SQ,24427,
B0D9Q9VH24,88729,
B00ORJWI78,25065,
B0B8D4D76M,69506,
B0972P9LST,24427,
B0972PDWK6,24427,
B0F9454CPD,17445,
B00ICVKTI2,19956,
B00ICVKTIC,19960,
B00ICVKTN2,19960,
B0DRLFCWD4,17224,
B002ZJ43V6,12195,
B00519BF2W,50740,
B071F3NJXF,50740,
B07MBSMMK8,40421,
B0DD3CVJLT,49280,
B0DQP4Z3R3,102845,
B0B6HJH7XF,30490,
B0DRCR6LDK,73518,
B0836S3B4J,36951,
B0144NSHA8,50740,
B016A4MJSA,50740,
B0BYRYL2FH,64125,
B004WKRUD4,50740,
B016A4MTEE,50740,
B016A4N66E,50740,
B0144NRUKG,50733,
B0168EJJYY,50740,
B0FVD21C39,100293,
B089SK1CTM,87172,
B07895F6BK,25428,
B072L3SZV4,50740,
B004WKRTVM,50740,
B0BPY956NW,51000,
B0BZNDBJLR,50993,
B07VR6W8XP,51000,
B00008B00W,86612,
B0FB3RPS3S,51242,
B01FJESVX4,78923,
B0DF2JSRB6,50119,
B07BW96STF,64585,
B07BWBW1T3,64568,
B00ICVKTKK,19956,
B0GWW5C9WX,95817,
B00519BJBO,50721,
B0FFT1VDKN,28559,
B081Q16VX6,74889,
B016A4M2EG,50740,
B0168EKFMY,50721,
B0168ELIKM,50740,
B003OCRW16,50733,
B016A4LG9S,50740,
B0168EKF2E,50740,
B09M66N5CC,41000,
B09M632YR6,41000,
B0FCM8VBGR,50933,
B0168ELOOC,50740,
B0168EK6XC,50740,
B0718YPRZG,50733,
B0FV24MDWZ,21597,
B0DF2JQ7WM,50119,
B0CCW7H8BC,73785,
B00DGHH5J8,50053,
B078K3Z32K,50063,
B0CWGCDS7Q,50911,
B0CWG8T5M1,50905,
B00DMAV9FU,50072,
B00DMAV8VK,50072,
B06W2KB4Y5,50073,
B0C3CBX617,50091,
B07YNWWD3C,50119,
B09RZ26K5Q,53221,
B082VWJVKL,53221,
B082VV2YL1,53221,
B0CTWH8VHQ,53232,
B0CQRYN39L,53232,
B0CQRZM79K,53232,
B0F887417D,53251,
B0DXM68KJF,50201,
B0DXLJZNSP,50195,
B0DXM2BLJ6,50195,
B0DXLM2523,50201,
B0DXLTP52Y,50195,
B0DXLKFZ61,50195,
B0DXM6WMN7,50195,
B00CXSPL24,51056,
B0CM352MDT,50222,
B0CCDN946L,52434,
B0CCDLCCHQ,52434,
B0CBTSK2QF,50952,
B07YZZZF3J,51402,
B08XZ3JTV2,50275,
B0CRM66TLR,51415,
B0CN1J95ND,50847,
B0D3PBGN15,52779,
B0FDMV3YGB,53879,
B0DVCG4S5D,54420,
B0DK1SQYSC,49285,
B0FN8H5PJT,53164,
B0CJ5G9QM1,53173,
B0CDLFZ6MB,53227,
B0D173BKFY,53227,
B0CB7BXLH5,53227,
B0CDLL29PV,53227,
B0CB7CVY1B,53222,
B0CLV3813M,53227,
B0CB7CLG23,53227,
B0CDLJXS5T,53227,
B0BY2D99MS,53227,
B0CDLKQNPW,53227,
B0B9H62YYZ,53285,
B0BWFPZ7D7,53377,
B0D8VVYKJF,53319,
B0D254RQBL,53403,
B0DF7S4S3B,53421,
B0DWHWS739,53368,
B0DWJQK4LB,53368,
B0DDNXC67Q,53368,
B09JYGJRXN,53347,
B0BY2GB7QF,53227,
B0D25LXHW6,53403,
B0CB7BF8H1,53227,
B07Z63QXRK,57125,
B0C68XYSLC,53227,
B08H4G9JK6,53415,
B0D86HYYH6,54212,
B0G7ZXNHW8,53497,
B0CSZ84VRJ,53415,
B0G28C8FMP,53584,
B0DNMMZ36T,53361,
B001C5O9P4,36107,
B06X9HCNC5,152161,
B0BSL78WZ1,93233,
B0DX75694N,69917,
B071XMLJMQ,120847,
B0F24C3V4V,65573,
B01N9R15C6,139683,
B0DLFJHB3C,97079,
B003AWN2FU,68287,
B0C7JW1NGV,97101,
B08H1GVSX2,65667,
B0FMDZHM5L,89622,
B0791T6TSN,150640,
B07SCXYXW6,32872,
B0DT8FRWMD,68913,
B002VUVOUM,73476,
B0DTQPB936,143985,
B005IENW8K,66778,
B0CPFRRR3V,121772,
B0CPFT1TSM,121772,
B0B74HM8TH,38538,
B07B9TB384,94816,
B09DV3TFDM,90454,
B09PV6P9V6,118684,
B0FHWLFVLN,89449,
B0FGJQSKCW,89449,
B0CNBZNG3V,147720,
B0FGDP6254,46971,
B0B56HS4KL,89800,
B0DCJG7XGP,37435,
B0H45QDZS8,151315,
B0DR1Q821H,23549,
B0B6C12TWN,119080,
B0BZ1BRT1W,114204,
B0BZ1Z3Q9H,114179,
B0FMJR8BQL,97914,
B00OYMDQA6,142002,
B0FMJRWRT5,97914,
B0DR1MXTGC,23549,
B08QTSK9ZS,13476,
B0CL47X27G,73074,
B09BR81YYW,32145,
B0C7BS24M6,48398,
B00PIAU6ZQ,45730,
B009FHTCJO,42368,
B0FXMGW849,72816,
B0FXMLQ8BS,72799,
B07RR2GTSZ,29569,
B001ZRN8AQ,14767,
B0BZYYJYK2,93372,
B0CKLXCCP2,93228,
B000RQEL7U,89359,
B0BTGG4G3D,68787,
B001UU8JJI,97755,
B002TUR00C,70480,
B08PXRR3J3,93488,
B00EXHQ21M,14767,
B001ZRSTXW,14767,
B004H8XE0O,118296,
B0BB2FPLW2,114917,
B0F473Q6T7,114128,
B08P8D7VWX,138316,
B0GN313SDB,11845,
B0CNPYR8ST,71933,
B0CVHVSFJB,66999,
B0711GJVGL,39850,
B0CXJCQKLC,29740,
B0FDB1HYHQ,37926,
B00JQ235RS,144139,
B013K5JJF8,152804,
B08DD1RTX2,116669,
B0CW7DYS9W,38243,
B0DSL4YCQZ,22167,
B07YSDRGF9,105837,
B08B5WCZLX,89471,
B0FT8DXLL1,114008,
B0GDDXF5Y3,38790,
B00H7EN1IA,90743,
B08LFWHT8Z,38277,
B07HQN1CNG,65506,
B0DJQQM9Z1,33489,
B0FGCP8YNZ,72387,
B07K9S2LPY,154063,
B0DJQPBP55,33497,
B0BLT2Z8PH,77758,
B07QRGWZ1X,114857,
B0GQLK8RCN,110372,
B0G5NDCCKC,68642,
B007TW88LA,62903,
B07DKLZHSC,141418,
B07DKCFLM4,141418,
B0DM7XS86F,48733,
B07DKX3NWN,31486,
B0D2K7SJ5Q,153386,
B0BPCX8ZTL,156310,
B01LYF73XF,68194,
B092M7XD5B,146513,
B0FQJF2G1Z,68661,
B0721JKKYZ,39072,
B09K36S1VZ,120290,
B08Q7DLN42,47369,
B00I4O5V3U,144307,
B08XYMZLF3,72614,
B074T9PWK7,72593,
B08423QQ8Q,146601,
B08423BHY3,146601,
B0FL735B5J,35391,
B0C1FY7KQ7,143064,
B0DS21956B,143090,
B01N6B030U,22505,
B00029WYVW,138895,
B0C8CFDSYS,31276,
B0BK3CMZW4,49274,
B07DJB5GRR,151851,
B0F2DJQ2DX,40088,
B085NBPVTB,152128,
B011O9L7A2,42527,
B0876TPZF4,115946,
B07KQCZZGF,146466,
B0CW6DBBT1,69684,
B00GJ5L8CE,140801,
B09P3656HP,77727,
B0F3N6KCXZ,114882,
B0F3N7BNFC,114862,
B0CYSGV9DM,91332,
B00ZTGY92K,129443,
B0DR9FMBRX,119234,
B0DR9GGLS1,119234,
B000CPI5Z0,115950,
B00IMSVXDK,93644,
B0B2X1CWYF,72716,
B00MXLL9S6,49193,
B0H45JT3Z9,143241,
B098BG6B81,64179,
B0FWRQHHDR,143280,
B08P6D8GZ7,93696,
B0FWRS6C6V,143280,
B0FWRNBHJJ,143280,
B00J4EPUJY,63999,
B0DR583KNS,143526,
B071XTPB77,44180,
B08J6FZHF7,141981,
B086W6F5JK,146501,
B07J5VD71D,146475,
B07J54G9D9,146475,
B07FRFBPFN,146475,
B07FRF7916,146475,
B07FRHMLYZ,146475,
B083SC9YWM,140201,
B0GTNZKD3S,72847,
B0G5GZR411,94754,
B0CLNNZ2C6,65133,
B0CJXM899X,151229,
B096SKLYR4,73075,
B01MU4MVBW,102465,
B0BVWPNSQP,126607,
B0FBGF2TL7,42864,
B08C9F4L5Q,41296,
B01DW1ZX14,74612,
B0FDGVT3G4,161433,
B00G28NQ46,140265,
B001PTGOKK,157121,
B0BW8KQBKJ,34558,
B074H3RMYX,101267,
B0F3VJTKZM,121531,
B0CGMWYDC2,38903,
B0DG58B97K,161727,
B01G5NTJ34,71801,
B07D2C962B,71970,
B07ZRD6HVX,41491,
B0D5B7JT7D,148485,
B01A7VM4Z0,65379,
B01A7VMAN6,65379,
B09WH2TDB4,22738,
B09WGY9LS3,22738,
B0D7HJFQHR,161868,
B089GGSB15,43224,
B07QB8D324,20211,
B0C2TVBWHZ,20212,
B09Y1YZC3L,114184,
B00EUWBX5K,150683,
B0FKN7M2HS,46968,
B0FKN261VX,46968,
B0FKN6QFBD,46968,
B0CKBMJ9PC,189117,
B0CGMW9TH8,38903,
B0CGMXFNMT,38912,
B0CGMWQFZM,38911,
B0CGMY5R9G,38903,
B0D3DCMJBJ,38903,
B0GN1NHB1C,124881,
B09S2XKL4M,115737,
B09Y8PVDJM,68353,
B00A9POZMK,73717,
B007H3IV6S,47921,
B007H3IVAE,47932,
B007H3IV4A,47921,
B007H3IUYG,47921,
B0D7M9TGHT,93451,
B08WJQJH3G,140776,
B08WJNKXXJ,140776,
B08WJN96NF,140776,
B0BDWGKL4C,143698,
B07WY53F8M,93879,
B0CCZYD22R,219651,
B08TWQMVH3,154262,
B0C4BBLTX5,39256,
B07W6Y8GZ8,68091,
B0052WJVM4,162631,
B0842NCF4P,126962,
B0DBHMPZ47,161566,
B008FDFO78,69075,
B07W8GDLV4,162299,
B00841OG4S,148084,
B07RW2MLW2,114715,
B07RQQC214,114715,
B07RSVJRRB,114715,
B07RNQ869V,114715,
B07RNQ3PJY,114715,
B07RRRXY1N,114715,
B00UY9O6RA,114715,
B07RTZTD1W,114715,
B07RPS1QZR,114715,
B07RQNYMHC,114715,
B07RV1GRJH,114715,
B00UY9O8UK,114715,
B0C1BWKJ3M,165204,
B00FXJDPFA,18068,
B0B53G84QS,153850,
B0FJ1GF6WG,162565,
B08PXQ38CL,148628,
B0FKBJSNBJ,90264,
B00FXJDOXS,18069,
B007NJ6TNS,72991,
B0H6HP9VK9,65890,
B097G12MM1,47172,
B004LLDIWG,39237,
B0CXPRPPC5,148768,
B00C4OYMPE,2994,
B07Z9W9YPZ,69260,
B0CXPSZ9VZ,148795,
B094H4L4QZ,99175,
B094H5VKCJ,99175,
B08M9MPPJX,98536,
B01L276WQA,72921,
B0C1BTMFT8,165204,
B0C1BX3DRF,165204,
B0DWML736D,163558,
B0D4QHTZ6J,127082,
B0D4QG4J51,127058,
B09X4W8NLX,97167,
B0DY66N9L4,38735,
B0847HLM64,142077,
B0GQ5GL58L,164049,
B0CK1CWJ96,62904,
B09MFG8MBS,67507,
B0FM23GH44,90717,
B0FL681HP9,90717,
B0D4Q2FVDR,127082,
B09XDV636N,94240,
B0FM2RFPYJ,90717,
B094H5JBJM,99175,
B094H4SGM3,99197,
B094H54M6G,99175,
B094H3Y1GM,99175,
B094H5L51L,99175,
B0BQJQ8CSY,48441,
B0BQJQJ95R,48441,
B0BQJQPF2C,48441,
B0BQJPRRPM,48453,
B0BQJPYJLX,48441,
B0BQJQLMLR,48441,
B0BQJPDQCD,48441,
B0BQJTBVW3,48441,
B07SBJPNMD,221160,
B00ZI5NP54,68023,
B00KOGWLZW,113982,
B01LWSC17A,143836,
B00X934RNQ,72375,
B0D49PB17R,39498,
B09KC7BTF6,115011,
B0DCTS5WQL,77608,
B0GJ4NVR7Z,78740,
B0GJ4BD5TK,78740,
B0GJ53S8W5,78740,
B00G291Y76,89707,
B0GJ4NNQDR,78740,
B098S5Y5YX,161237,
B0GJ4BC5JF,78757,
B0F6MN6QSX,143757,
B07LD6575M,53489,
B0B6PWSXP1,48144,
B0DX76WK7B,25650,
B0D28Z9YVG,150599,
B0D292GB39,150599,
B0C6LNMVQ8,123932,
B01M1FNTF4,68339,
B0FBW4LD9Z,38235,
B0FBWJZ1NP,38235,
B0F98NBXZR,46956,
B0F8ZRR7DM,135022,
B01LRSP71A,74210,
B0D83GNN31,165832,
B09KC7ZFBP,114991,
B09KC7ZWB7,114991,
B0BNQCQ8N8,102298,
B0D7MFXDRP,142941,
B0BY6GTCB1,44391,
B00G291Y5I,89707,
B00IWFQ3QA,27357,
B0085UOQIE,27357,
B09R9L5K24,27357,
B0C22V7BZY,149118,
B01BY2GCJ0,27357,
B002817YY4,27357,
B00WM9HCXA,27357,
B0DNMYZ9HK,141572,
B07S51PGPK,76721,
B076FHCKMW,198286,
B0876VDV97,40102,
B0C36XPG5V,101179,
B0BZYP341Z,80485,
B071X5TQ78,141648,
B0BX2YKYL7,74295,
B0BX34NYV4,74312,
B0F2SSFJG3,121581,
B01G4TATCY,34552,
B0F2SSNG58,121581,
B08QV7CTMC,46347,
B0DX1GWDV6,48394,
B0G58JTBZL,16480,
B0G8H4RLL2,31023,
B0C779S52Q,23811,
B0F1MXLFK4,144619,
B0BYJ5LS6W,141745,
B01M9G4RRO,171726,
B0DNMZKJ2Z,141719,
B0BY8P7N8T,141752,
B0FFN486B3,94921,
B0F2FFCBS3,32603,
B097PN5685,165666,
B0C7VR2773,54406,
B0BXLHX67B,116414,
B0CWN8K5QJ,150401,
B07D9DKK4G,67564,
B07DW2SMBW,27560,
B07DVY9H28,27560,
B07GXM95R5,48980,
B0GZ39GMJ1,164784,
B0C3ZKMSM5,118190,
B095BVVL13,65304,
B0GDJTTC7G,46410,
B0BQBTF5D1,52557,
B09ZTLKNRD,200136,
B0GGB67162,46410,
B009OBVS2K,165832,
B09SNPMP5H,39054,
B0758B5111,118215,
B07T1P1BHY,201283,
B0D7BJD331,72091,
B09Q5XHJ5F,46828,
B09GFXY6YV,159201,
B0GRTNSP91,38298,
B0GRTKZ8ZS,38298,
B0CW362D7B,41819,
B0G4TQWW18,148462,
B0CYZJJXCD,143217,
B0CSCS4CQG,148045,
B01M24LVK7,121217,
B01N5QA6JU,115252,
B0GZ37H5J2,164784,
B0CYZPGXMV,160020,
B0FFDNF7TK,144927,
B0FFGM64PS,144927,
B0GGNLJHMS,145619,
B0H4DZGDB2,160462,
B08MCPCD3M,145029,
B0FPLLR939,145306,
B07VPVV945,157998,
B084219LCB,27302,
B0GTNL7SCW,145594,
B08T6K2XG4,145027,
B07T5JMC8W,157859,
B08KYPK5Z3,79029,
B0C5C78DF8,85142,
B0DQ4YRN3T,160880,
B0DYJX6ZVP,145418,
B00LJV1KYO,145141,
B00133M3Y4,145337,
B0F5SJ5GP7,145206,
B0FHH16Y9D,145217,
B0G48XV9NR,97324,
B0DXNC6JY6,25158,
B0DXN6K81V,25158,
B0FPQ92CVX,6807,
B0FPQ82XCD,6807,
B0FPQ412NQ,6807,
B0FPQ3NV9Q,6807,
B0FR5DMX9W,6807,
B0FH5F4BNP,6807,
B0FH5GCVY8,6807,
B0FPQC9Q7C,6807,
B0FH5D6MDJ,6807,
B0FPQ5DH5W,6807,
B0FH5C8BJW,6807,
B0FH5DMYZX,6807,
B0FH5DHRP5,6807,
B0FH5BJW7X,6807,
B002MAX29C,145343,
B0FSGHL4BP,145740,
B0G4XPFH6V,145689,
B0DZXRZH62,58392,
B0DZXQW6WX,58392,
B0FH5F58PK,6807,
B01FNXOIWY,79055,
B0FSYD5616,145413,
B006HXXCBS,161191,
B003VY2JHO,145473,
B0D3CFGNCV,51690,
B07WS8BVF1,123219,
B005PVUKU4,145599,
B00D0VM6QM,145538,
B09L764838,41548,
B0FYFXNGM9,161872,
B0DK124VD7,145610,
B0D9VYCJT2,145898,
B0DJVQHR6X,49403,
B0F8Q3P3ZM,49403,
B0DJVQGVZ1,49403,
B0F8Q3NX36,49403,
B0F8PZ7CJT,49403,
B0F8Q2G4LC,49403,
B0DJVRY59X,49403,
B0DJVQD7L1,49403,
B0F8Q26FXF,49403,
B0F8Q1WP4Y,49403,
B0F8Q2TDLY,49403,
B0BL1BZF9V,56733,
B0CFHT3PJX,159276,
B0F6T26CZD,146040,
B07V4BJ4HT,160268,
B010N3JQ3K,145742,
B0DJ9MXT6H,145910,
B001PJNO9Y,145752,
B0DG4DHXDH,145807,
B0C71866HX,159349,
B014LROQC0,145787,
B0DJWVFTGX,145807,
B0C1TB96NX,145807,
B001BRR33I,145785,
B097NQDVLQ,161927,
B07BJ6HQ6Y,113085,
B003UTUEV8,145803,
B0F9XXNL97,145812,
B0F8CMP344,159956,
B0F8D4LR11,159956,
B0F8C7RM4S,159956,
B0F8C6VYK2,159956,
B0BLS7PPKZ,145826,
B0CW22S2DZ,145831,
B0G2VDFTF7,145925,
B09ZPDFWHJ,159719,
B0DP79DVDP,146232,
B013W1T4YQ,92618,
B000S6GU3W,145990,
8412903021,145993,
B0CXS6QWSV,117749,
B0CYSQQ4VP,117749,
B0D3KZL3YH,177689,
B09MS45RPV,146062,
B0F54FXPR5,8872,
B0F54GDK61,8872,
B0F54J2NTL,8872,
B0F54MP9G4,8872,
B0F54H3N3N,8872,
B0F54G9C3R,8872,
B0F54K55GG,8872,
B0F54L2PCK,8872,
B0F54GKZJ5,8872,
B0F54GN1BX,8872,
B0F54JH4JX,8872,
B0BQQWJ74S,146104,
B0F54J1P7Z,8872,
B0F54HJ5ZP,8872,
B0F54JMVRZ,8872,
B0F8CWMJBW,159956,
B0F8C74H3R,159956,
B0F8C3XH1J,159953,
B0C717JTMJ,160456,
B091Z9R8YQ,146345,
B0G72M1573,146230,
B0BYSLW5FZ,161139,
B0DSWFQ4DG,680807,
B0G8YSXPY2,162569,
B0G8YTHNSN,162576,
B0DTXKV3CT,146276,
B0937GKM85,146305,
B0BGG8LFM2,146632,
B08Z2ZYL6F,79917,
B00H9206RO,146390,
B0G3GNSFHY,146534,
B0DJ2D29P7,94522,
B0DGBDSGMZ,146409,
B00GWXN4FW,146390,
B06ZZPC617,160784,
B0F559943X,8872,
B0F54JNGMG,8872,
B0F54LZ8FX,8872,
B0DBR5NHVC,123125,
B0FH9VSZL4,161667,
B07KXS7BGT,40471,
B08VYW7W3B,40471,
B0B3WBXZQM,111231,
B0FXHCQ34J,146503,
B00RLEL9N0,146516,
B0D317YBTW,161497,
B0096IJM2E,146597,
B0DN54HDYH,146700,
B00AUB3L2S,706873,
B0DR8LVRTQ,146700,
B083H5XBQH,162684,
B0FP4L1ZWP,146748,
B0GMMH672W,146806,
B002NQ2K16,146772,
B0DYK2XCGW,146809,
B08B3KW27Y,161012,
B0FBH18HHW,161609,
B0BHLP2D52,146812,
B0GL14NZXJ,747122,
B0GKZNMRQF,148408,
B0GQ9LZGWR,62123,
B0FV9WHZ57,146824,
B0DP5RMN2X,146827,
B0DDCX1PCF,146825,
B00J2K5O3M,161075,
B0GPD8ZRN8,77889,
B0C6SQ2K8H,77889,
B0C6SLKGCH,77889,
B0CD14LWGH,61735,
B0BDZ5PP4S,10433,
B0FHNZL6FF,146868,
B07BJ6KSB9,161742,
B0BY2NYX3F,146987,
B0C1FL6QR3,146987,
B009FU1AXM,146901,
B0F55CJQ69,76998,
B0F558BFZF,76998,
B0F55GZBQQ,77003,
B09XKDMDPC,146963,
B0CGJ6JYJM,146979,
B0FNK93PB7,162760,
B0DFPQYBKX,147051,
B09CD8G6NY,111281,
B004B96FYG,27619,
B0G735M5N8,121359,
B0F13NQXST,162303,
B0DQKQ1B5P,162531,
B0FQC29KMB,163227,
B001QTWMQ4,356934,
B0C9Q97K73,369921,
B0C9Q8X58W,369921,
B0C9Q9DJDT,369921,
B0C9QBPSVF,369921,
B0C9Q8XSV2,369921,
B0C9Q7BRLM,369921,
B0C9Q9CC18,369921,
B0GK5S6BQ9,147197,
B089VNY8VR,147273,
B0G3YT3T4Z,31077,
B0G37L4DLM,147247,
B0FHQ2HF8V,147350,
B09HLBRPV2,147348,
B01H1GTT84,144444,
B0G4C18S1D,147390,
B0CSMV53SF,12693,
B0CSMXQ4DF,12693,
B0CH8C5G7V,147492,
B0H38CMJ16,164903,
B0H38Y8P42,164899,
B0CQRQ77HK,147483,
B09CTTZHYF,109903,
B00MGBKZJW,139852,
B0FH5HC3ZK,164230,
B00JWVENPQ,147505,
B0GLFKPGCT,23947,
B07SCKSRGF,147556,
B0GJ5T2L4Y,164346,
B097J1VQ6C,128009,
B0CGW16ZCF,147561,
B078GGDTTS,147572,
B0GBVC3GMW,61877,
B0GRFMC7Z8,124724,
B0FCF96HDH,163659,
B00Q8BVXMO,72221,
B0DZH3NRWL,394799,
B0F281VTR6,67637,
B0FM8F6RK9,148196,
B0BQRWVZDB,165360,
B086YP6ZQ5,79699,
B092HRH4F1,164861,
B0H2Y43QKV,20401,
B09MHVXZXS,145916,
B0H6W49TM4,97106,
B0DNJM9M6S,163735,
B0B6BN2V5Q,8991,
B0B9989TY3,28601,
B000JUXS96,49693,
B0F8J1Y8QJ,15061,
B0DPZRJ13H,164391,
B0DZCV5DGX,25284,
B0H4TPP428,18121,
B098Q5YSPN,12158,
B0D9B9FVHR,34751,
B08B67RWBG,94381,
B0CWSMTB7R,94381,
B0CRK49HC1,53828,
B0CXPFXVQ7,31890,
B0C33JJQCJ,33890,
B000PW9FD6,49698,
B000GU8PYW,49698,
B000LC25U0,49698,
B0002IKZ7S,49703,
B000PW5DE6,30345,
B0FCM3Y8H4,30273,
B07GLKF5F1,55244,
B0FBR4JZK5,78703,
B0H3MYNS9J,76896,
B000BV4M9S,50098,
B0B3J7B67Q,110091,
B0FR9KGF49,52979,
B000H38B9M,49698,
B000H39LK0,49703,
B0D4YT26JP,74227,
B08CH9P14H,439201,
B0CJX3K9QX,74222,
B0CPB9P2NM,74221,
B00187MVK6,145526,
B084RBL76M,81667,
B08JCMPXYZ,111244,
B0D9Y5M6MH,35686,
B0D9Y74Q9F,35686,
B0D9Y66FFY,35686,
B0D9Y55C63,35686,
B0D9Y5KQTN,52275,
B0D9Y6K8VT,39278,
B0D9Y72SCJ,35686,
B0CLG7SKZD,8286,
B00RWF2Q8A,74695,
B0B3J7R15M,110100,
B0B3J81GZ2,110088,
B0B3J6KF69,110100,
B000PW3TMY,49698,
B000GU8PXS,49693,
B000GWIU1S,49693,
B09W2MKM1V,122399,
B09W2MWCSH,122399,
B09W2JN6T8,122399,
B09W2N7NQZ,122399,
B09W2M9RW1,135373,
B09W2N8H82,135373,
B09W2NBDBK,135373,
B09W2MZ6LQ,135373,
B09W2NQPK5,135373,
B09W2MF63H,135373,
B09W2MR3T6,135373,
B09W2MDSLD,135369,
B09W2M5YJR,135369,
B09W2NTXHF,135369,
B09W2N2B9N,135373,
B09W2N3LMN,135373,
B09W2N2NQP,135373,
B0BQGGCX2V,57831,
B00F5I9EQS,21332,
B0013R9V7M,49693,
B0GYZYHCMX,18676,
B000H34NGC,49698,
B000GU9Q5O,49693,
B000PW5T86,49698,
B0H326B783,51985,
B000SOU2LU,116605,
B0CXHV9GYT,82928,
B0CLXZW1DF,164301,
B0FNCQN2NC,56507,
B0FNCRGTKP,56496,
B0FNCSS98M,56507,
B0FNCR9HFY,56507,
B0DCK286CL,49487,
B08Q7Y3XCR,11781,
B07ZBQ55L7,164471,
B00E4FKJ8K,49508,
B0GSVT53XH,71893,
B0H45LD2X6,110411,
B0FVDB2Z63,52120,
B0FVD21PK2,52120,
B0FGC4Q3XJ,63650,
B0H8N437V1,220,
B08516QPY2,30760,
B0CP4YMJBH,50975,
B0FKM21XF5,50975,
B011QFZCQY,57368,
B0F2MZND95,25490,
B0013GN4MQ,106221,
B002MRQILY,37924,
B0GR6N18F6,80135,
B0DFTQ9YL1,80643,
B0GP9JYXNK,53608,
B0H6C6LGJ1,96299,
B07HL2YLRS,51633,
B0CCR6CQQC,95644,
B002MRQIIW,37923,
B002MRQIHS,37923,
B002MRQIKU,37923,
B002MRQII2,37923,
B002MRQIQO,37923,
B002MRQIOQ,37923,
B002MRQIPA,37923,
B002MRQIH8,37923,
B002MRQIMS,37923,
B0H38FFNG9,24987,
B0GS6NKJG2,12526,
B0BSKJL666,75659,
B0065T5BFO,20249,
B0CTKQNK7M,94926,
B0CPB8FM2K,94926,
B0CH8SGQ9M,94928,
B0FNCRS9HR,56501,
B0FNCRCQZX,56501,
B0C4SSFM9D,76917,
B0BYYKW3KH,26868,
B0CJX8KZWX,94926,
B0CKY6VL36,94926,
B0828JCKS9,25813,
B00409HPF0,72174,
B00409MEWE,72179,
B00O2UWYUS,72179,
B007S84J0Y,72179,
B007S84J0E,72179,
B005SBF1TQ,72174,
B00409L7W2,72179,
B00409MEVU,72179,
B005SBF10A,72179,
B00409MJRO,72179,
B00409OK8U,72179,
B00409JJTA,72179,
B0055QGBJ8,30849,
B0BX2L7RQC,115782,
B0CHFGRXJ4,13730,
B0BTSMLRW7,34556,
B0CD45FG5N,102315,
B08JCFFXTQ,29055,
B092RKSW9K,22840,
B0FPNDYKPZ,4905,
B07RLYVL6Y,164844,
B07RLW7BT8,164844,
B0F4D62XN9,49351,
B0F8QHCG2B,11336,
B0FPXF4F4P,29290,
B0FPXHSW8H,29289,
B0FPXFKVY2,29289,
B07SG7XPJ1,82312,
B09W2MLDDD,135373,
B0CRR7TCWH,165329,
B0CRR7D134,165329,
B0DS26CJ43,55649,
B0FPXGGT31,29290,
B000A7T1TE,165357,
B0CHF9B7F8,13730,
B0CHFBWQ4B,13730,
B0DK7NZFCC,72445,
B0DQX8ZWPN,77355,
B0FVDPQGYT,130501,
B00BF90UR8,55045,
B081ST7Y2H,55282,
B08GLHZGRZ,50299,
B0CJLH3L5T,50908,
B0DBTW1MT7,49593,
B000HA4VYE,51362,
B07423WTF7,49919,
B0B3QRZQDQ,50430,
B0CJVN2VM3,53041,
B073B3NNWF,50708,
B0F1FX82BL,48709,
B00240KT78,53562,
B0GTWJ3KTP,54965,
B095KRKQ5H,54982,
B003QNX17M,50005,
B07SSYM8CF,10788,
B0014N26D6,54079,
B00945U4K8,50185,
B0D4YFGKND,53502,
B0002F773G,54697,
B009WLIQJA,50693,
B009WLG7NM,50694,
B000XPRT4M,53016,
B00L5JFX7K,53014,
B09JWH7MV9,106628,
B00341ZPRU,53477,
B0C3J5BBTT,56279,
B0DF54LMXV,56279,
B0DCNJ2N5D,56279,
B0C3J8Z4NQ,56279,
B0C3J6JZX4,56279,
B0DF567JN4,56279,
B0009VY03I,52918,
B0FHF26JP8,54239,
B07GN7MTQR,52123,
B007IG8I26,53446,
B0064RT4SW,53446,
B00A8A91NE,53446,
B0079HI2AW,53446,
B0064RT2OS,53444,
B0064RHD8U,53446,
B007IG7ZMU,53446,
B0064RT9FK,53446,
B009SZO9HS,53446,
B0064RTBCG,53446,
B0064RT6DU,53446,
B0064RH8TO,53446,
B0092BQMXM,50404,
B01MTFOO10,51701,
B07P6L3QKG,50230,
B08KXWSPT1,56506,
B07426Q4G3,49919,
B004IJE6PO,57208,
B0DXKCJQFN,52394,
B0DXKLJQBS,52392,
B09FG8RC4K,53644,
B0D8HRFMFF,49479,
B0D8HTMYVC,49479,
B0D8HWJGSN,49479,
B0D8HVGP58,49479,
B07HFJGKGR,55456,
B00IJYA60S,50403,
B0C9H6NXTP,57238,
B07LF4M9VJ,50249,
B0C9GXLGXG,57240,
B078M9K1LS,21905,
B0BPXB72VL,55836,
B09MHHRL89,13723,
B09MH42QMV,13723,
B09MHS6NSX,13723,
B0DPHRS3TH,57264,
B0CTXLX53X,56059,
B003P15H22,19099,
B0DXN2BXC6,57274,
B00IJ49E4W,51941,
B017D5EEVK,53711,
B0FX169VS1,54946,
B08KS61M7R,49707,
B08KS47D5Q,49707,
B08KS6VRRS,49707,
B08KS6W76B,49707,
B08KS43WLJ,49707,
B08KS5YJSX,49707,
B08KS7JG77,49707,
B0G25NJH88,57308,
B0002F4TUA,57781,
B0C7K1DXCL,57976,
B0DMVJ6V2M,56702,
B0DN13JNXN,56702,
B000EEL736,58872,
B00CTTG5TK,58881,
B00O4X0IKG,58883,
B00YA9RZ0A,58888,
B013GD9PLM,58889,
B0CHFJLDW8,49988,
B016PHMBSU,58891,
B0B9YGFHGB,58917,
B078C7SVPX,58899,
B0DSCM4KL1,58942,
B01NCHMZLS,51391,
B07HHLBPTR,55360,
B0CNS8538H,50757,
B00XWLNISA,59691,
B0GMN3GML9,59005,
B078818Z6J,49367,
B08JPLZPKF,50683,
B004BS2Z1O,56510,
B07NC5CYY4,54510,
B0H33N2FJZ,59054,
B0C5HX11C7,50226,
B0C5HTVHZX,50229,
B00D82XK2C,50156,
B0H5X9RFLK,59067,
B0002D0B8Q,54558,
B083ZVFHPN,16401,
B0002E2G6A,53013,
B0CXGPC9WB,50954,
B0C83J5L2T,54693,
B0GQ27NZZ9,10612,
B09FXMQ3P6,53291,
B07W4PG7NK,57897,
B079H2LLV3,50181,
B00A2M7VYO,56530,
B00A2M7QUS,56530,
B00A2M7SFQ,56530,
B00A2M7UP4,56530,
B00A2M7RF2,56530,
B077VQ3HNY,50968,
B07W6VFDPC,50965,
B07H8GPK5Q,50968,
B000K67UR0,53072,
B0002DV8BU,19201,
B09HJKYGCL,30940,
B07XHKWD1V,49219,
B0CZS6RZFN,56766,
B0026REKGK,58231,
B07BK42BS4,50967,
B077VMDJC4,50968,
B007B99JW8,55457,
B01ID9I6U0,56744,
B0CGF8S8TB,54773,
B0DWMNFWS8,52075,
B0DWMN2Z2C,52075,
B0DWMN9W2C,52075,
B09BYJQYHR,51643,
B0FVXDHPLR,53856,
B0BJ6FJS8D,16385,
B07CWK43WG,50645,
B08GLGLGZW,52048,
B0C5399VCN,56262,
B00J4XZZV8,52169,
B0CWGNNQ31,51881,
B0080NNAJC,51454,
B0002F7CS6,57066,
B003O1XT4Q,27024,
B009FTVZWE,53133,
B0727PNMTF,54043,
B071RLRW83,54046,
B09QKPTWMF,51819,
B0GL7X8NNR,10817,
B0CZTZY8RP,56882,
B09CLKBXS4,50499,
B07XG184YK,,
B0BPN5ZT38,52737,
B01I4V0ACE,53277,
B00R17CXOQ,50455,
B08CT969L3,7626,
B000WLY7EC,10766,
B08GLDKCV7,50818,
B07Z6SFDCS,59411,
B0976Y7D8X,53022,
B00KD2P7V2,51831,
B0079HHN8O,53446,
B000Y02FJ0,53446,
B079KCK8V9,50576,
B07TGMGPZ2,55146,
B09MHMWKL4,13723,
B00JYCK3R0,51122,
B00HQKJ4WC,50521,
B00GTCDNI4,50777,
B0012E1LUQ,50735,
B0002GW5WS,50736,
B01LYCZMGR,51961,
B0C6Z1N8KN,53731,
B0BY9HKK4P,57705,
B09WJ97HXT,57704,
B09WJ8ZTBW,57704,
B09WJ8HZZP,57704,
B0F5HCQ9Q6,54460,
B003J6UM5U,54985,
B08XX7ND36,51447,
B007XAHVE8,57500,
B000K2DDPM,50736,
B0DWMRSVV2,52075,
B0DWMNQK3P,52073,
B07XBZMT5Y,,
B0DWMR7Y1X,52073,
B00D3557D4,51123,
B00D353N5I,51122,
B00JYCK37K,51122,
B000YOV4IY,54495,
B01M0MT2JJ,54304,
B09BSZKQT5,55169,
B0DJQS1K93,57712,
B000ZGDWA4,54341,
B096BGT9YB,50612,
B00I3XGD0W,50742,
B00LF5PMOI,7628,
B00HQKJ6F2,50521,
B007CXCMA4,10771,
B073SLXHHD,52214,
B0FMD8SP1Y,58368,
B00WU0UIQY,57797,
B00BICNO34,50964,
B0002E2ARU,50666,
B0002E2APC,50666,
B0002E2AQQ,50664,
B0002E2ASO,50665,
B0002E2AS4,50664,
B01MFC2AYL,53683,
B0C1Z5L197,52312,
B01CZDR1JC,50413,
B09BBFX7FP,50612,
B0002E2APM,50665,
B0002E2AQG,50666,
B0BDS2C3LV,50738,
B01MRSPOWU,7709,
B0018BN9DK,53917,
B00VLYE7SA,54977,
B0DQTHF7SK,55532,
B08NSYXZQ6,50666,
B08NSF7S78,50667,
B08NT1VMJS,50667,
B08NSHMR7C,50667,
B0DLWMP465,50674,
B006SSKSIC,55622,
B01FMFKZW0,58013,
B0C2HYDVHX,52867,
B0DWCKG3PQ,57012,
B0DWCHH8G1,57012,
B0DWCH5BV4,57011,
B0DWBYNMTF,57012,
B0DWCDZ6CS,57011,
B0DWC63SFB,57012,
B0DKCW8TW1,60184,
B00PJVFKQY,55020,
B0CWNTBZ73,50949,
B083QYGTM5,51643,
B0CYBL3GRX,50784,
B002Y7QCUE,19112,
B0CNVQ23Z7,56279,
B0C3J5LMZ1,56279,
B001CC3CV4,51455,
B07CGB4S77,53208,
B099QFJ8V6,51090,
B003OVC2T4,50630,
B017GYY3TQ,10782,
B0DT1LH7YB,50857,
B099QGY3C8,51090,
B099QGCTZF,51090,
B099QFH9C7,51090,
B099QHHVNB,51090,
B099QFTGZR,51088,
B099QG3GQD,51090,
B099QG9LLK,51090,
B099QFRSWW,51090,
B099QGBMBW,51090,
B006RD6T0E,50966,
B07K4ZXQXR,58214,
B07Y5KNYMN,58211,
B07Y5MXRKS,58211,
B07Y5L3RC9,58210,
B07Y5KXSXB,58211,
B07Y5K7GZ2,58211,
B07Y5KNB3J,58211,
B07Y5LFD5Q,58211,
B07Y5M94NF,58211,
B07Y5L87QJ,58211,
B09RWKRM4Q,58211,
B07Y5L7X2R,58211,
B07Y5LWMBF,58211,
B07Y5LHFNY,58211,
B07Y5LF29X,58211,
B0869GZLQG,58211,
B07Y5M38GN,58211,
B07Y5M92LN,58211,
B07Y5KYXJS,58211,
B0869HKQWS,58211,
B07Y5LW94T,58211,
B07Y5MMMZG,58211,
B07Y5KT5LT,58211,
B09RWKFR34,58211,
B09RWKD84J,58210,
B07Y5L7WVW,58211,
B07Y5GD6JS,58211,
B07Y5M1RKC,58211,
B0869H6M6Z,58211,
B0869H538V,58211,
B07Y5JSNV7,58211,
B0869H18P8,58211,
B0869GHSQL,58211,
B07Y5LR3BB,58210,
B07Y5L8QLJ,58211,
B07Y5LDH12,58211,
B0BYMJ6411,53336,
B07Y5MF82R,58211,
B07Y5M3MSD,58211,
B07Y5MDMP7,58211,
B07Y5M57TH,58211,
B07Y5L4PZG,58211,
B07Y5LYLYK,58211,
B0869GMQXS,58211,
B07Y5MH4WD,58211,
B0869H5Y7K,58211,
B0869H4QQD,58211,
B07Y5KWRXQ,58211,
B0869G4XXB,58211,
B0869F8BR2,58211,
B07Y5LZRNZ,58211,
B0869GZ2TN,58211,
B07Y5KNYMP,58210,
B07Y5MRSR9,58211,
B07Y5LGLRG,58211,
B09RWL1B1R,58211,
B07Y52MDYT,58211,
B07Y5LVV4P,58211,
B07Y5L37WR,58211,
B07Y5LS8M1,58211,
B07Y5L4WTW,58211,
B07Y5KZPRB,58211,
B0869H3CVP,58211,
B07Y5K52MS,58211,
B0869GC7SX,58211,
B0869HKFZX,58211,
B07Y5L4MMF,58211,
B0869H7YFR,58211,
B002XZOZGU,19112,
B0F9WLZZSJ,57085,
B0C85BP7T9,99777,
B0C859WVKG,135615,
B0C858PSVR,99777,
B078YCTBDG,56421,
B00ANIPVX0,58257,
B07VWHBDZ2,52820,
B0CZM9CLP1,53511,
B0718XFY1Q,54043,
B071KSXY1H,54043,
B0F927L243,5446,
B072B9H3FC,54045,
B0064S4OYA,53329,
B0F6PG45GX,53464,
B0043UVY30,52163,
B00F59A24A,51003,
B002W39RD4,51931,
B002W37PJ2,51931,
B07F5JD2TB,55218,
B0CZXWCPP3,50665,
B0G4GRDBV9,51602,
B00JM93JSU,51099,
B0FG81358F,58475,
B0D62NLX13,53524,
B074XNMGLK,51927,
B00BF8W10I,54076,
B0018ND8SY,51690,
B0019779BQ,51689,
B000R11BIW,51842,
B082P4BZ27,57625,
B0DMVH8MKT,56702,
B00IJY9YGA,21861,
B09H4PPV1S,51471,
B004GNVNYY,59774,
B01HHQXAOM,51986,
B0F3D8CF4W,54906,
B0CXHPRN7M,51368,
B0BTQ65DNX,53170,
B07WJLCHG4,51706,
B0F93QG67X,57772,
B01MS5M7HU,51114,
B0C6K94N9B,51142,
B00VWT6K0C,51609,
B00L443K94,52470,
B008YCOFD4,53186,
B01IWLPV9I,59852,
B0BPXR5M2M,50615,
B0F8JJSLNX,55139,
B0002F6IGS,19145,
B0002F6IFO,52468,
B0BKQ4B3J2,51021,
B06XHQ12HL,51259,
B00B5L2B46,55804,
B00BP3MHIY,51562,
B001AWWN9I,52777,
B01EN8EBJA,51562,
B0BZC9VHFH,53105,
B077ZTYBF6,58049,
B09WGTCZ1J,10792,
B07YD48X3Z,52336,
B0D18NYMNJ,51327,
B09MK33RV9,52061,
B0DZXNZ5D8,57494,
B09W5WSLJC,24190,
B0GDQ14BX8,77785,
B086PX69S6,24629,
B018SHV2VW,92012,
B018SHV2TE,92009,
B0CMQLLFK4,92973,
B018SHV2SU,92011,
B018SHUZM4,92011,
B08GLLMW4Y,94412,
B00BIB5R8A,127205,
B0DYJ8FN65,42847,
B018SHUZJW,92009,
B002A5OCK2,95534,
B0FGXYC8PV,43652,
B0F8H9KPT7,96385,
B00LIX1P66,47545,
B002A5Q61A,76075,
B0G28X9SK3,96022,
B007KDYOMU,75011,
B0D72S6KCV,93524,
B0CDKXSSVL,14946,
B08KW2KZZS,95474,
B0CG69YMRQ,23198,
B003QMI1KU,92685,
B00TJT3J4W,36221,
B0FKLYL2JK,16224,
B00QLY2CO6,71305,
B0BJDZC9Y5,70382,
B07X9M86C7,47580,
B00476LBDI,37101,
B09WVGZZX6,58076,
B09X4Q14QJ,13589,
B0DC9DYF5R,105572,
B0764VK8CD,94267,
B004B7TKHW,95445,
B0F3CY5ZNN,97072,
B003CFC49U,96563,
B01J9EXC84,22219,
B074JHDQDZ,142509,
B09HRW158G,96192,
B0DSJHFLPM,94394,
B08R97W7W6,96398,
B0DSJFJCVQ,94391,
B00I7GQVMK,47661,
B07KQ3L2NY,93858,
B0GX2MCX7G,18046,
B002YMJJHC,53482,
B0CRGN6F19,94144,
B0H5T43R9H,47837,
B0G6SPM3M9,66977,
B0GCB17Q74,36845,
B0FZC2W7BD,106281,
B0FZC1364C,106283,
B0F4JH7X7M,96464,
B07HKCB813,102108,
B0DRYFHNRH,98111,
B0H5BRJ179,47835,
B00TLGNDF8,96524,
B00TLGJIDY,96524,
B00TLGJ2CG,96524,
B00TLGHFMK,96524,
B00TLGKP8Q,96524,
B00TLGJB36,96524,
B00TLGLMA6,96524,
B00TLGNLXC,96524,
B00TLGJ65E,96524,
B0C66DJGYD,44454,
B085RWKXYL,54117,
B0BWR3BX29,98253,
B00TLGKAYU,96524,
B00TLGJUQY,96527,
B0GTMJJH4N,98424,
B00TLGKPAE,96524,
B07B5V9YLB,98019,
B07DJ5XTNJ,57016,
B07F84VXDH,47743,
B002P8UCAI,96504,
B0DRP8YX72,46699,
B0FMHFXZ7N,25802,
B0FLNJPVTH,25804,
B0FMHRTX95,25802,
B0GXZJ6P25,,
B08BZB1674,98121,
B08BZ5JY3Y,98121,
B0C11WP3N7,57837,
B0GXCMWCCH,47843,
B0BR78HJSY,98190,
B0DS43ND4F,36874,
B07YWS6LVY,96796,
B0CPC3D98V,98361,
B000FQLG48,97054,
B0H8CG81T5,107299,
B01BD9KULA,97994,
B0CSZ5LPZH,98890,
B08HLKDXYP,98658,
B0H3K1PBQC,98988,
B0DJQK97JD,107229,
B0G2SHBZ92,18279,
B0D871VDCN,107229,
B0CRTRLQ3G,97419,
B002N4Q5R8,98310,
B0FK5QSM6T,98549,
B0FK5VPTD8,98549,
B0BRSTBT9B,25789,
B0FK5SSFBC,98547,
B0FK5R646G,98549,
B0FK5TJZ2Q,98547,
B07FX1H1BR,105783,
B01GE7NTWI,99418,
B09PHN66P4,97343,
B07L6DZJB1,98968,
B008QUH2G6,97960,
B0FK5V1J35,98547,
B0FK5TV7KC,98547,
B0FK5SKVX1,98547,
B0FK5S3M56,98547,
B0FK5VGP7W,98547,
B0FK5VBQ5X,98547,
B0FK5SZXP8,98547,
B0FK5RFP9J,98547,
B0FK5RNYVJ,98547,
B0FK5S5JYG,98547,
B0FK5ST7X2,98547,
B0FK5SPBM5,98547,
B0FK5V926S,98547,
B0FK5V6Z1Z,98547,
B0FK5VX1Z8,98547,
B0FK5TXZQT,98547,
B0FK5S131Y,98547,
B0FK5WWL6V,98547,
B0FK5TV997,98547,
B0FK5SQTDB,98547,
B004OCMNFU,32966,
B0FK5RNCCC,98547,
B0FK5S9DZM,98543,
B0FK5TWR8H,98547,
B0FK5RKSYG,98547,
B0FK5VQ41Y,98549,
B0FK5RYY2Z,98549,
B08LKVRJYM,98363,
B0DTKRCRSW,97962,
B0DFW1SNQ8,58476,
B0FK5T2241,98547,
B0FK5SD36H,98549,
B0FK5SV6V1,98543,
B0FK5TFCSX,98549,
B0FK5SDBDM,98547,
B0FK5Q2VHM,98547,
B0FK5TXBF4,98543,
B01MUEAH6X,98147,
B0773DLV6W,25977,
B00LEKR968,21072,
B0FKT5PTSC,99757,
B0CYT6QZ61,97859,
B0H1BHHJ6W,99397,
B0BQJ4MGD8,53561,
B08TG8YTWZ,97910,
B0H1B6NBVV,99400,
B004ORT9QQ,164580,
B006JR4E96,98343,
B006JR4F4U,98345,
B0DTSHBXR6,99650,
B016Q2QAWW,98775,
B0CPSRQ9WY,99998,
B0C89ZHH8N,25859,
B0D87DQWCQ,99463,
B016Q2QB0I,98775,
B0B66T1WW3,176284,
B0GXCHVYLL,100226,
B0F3MTQ9QG,99033,
B06XKMSVHY,66990,
B00UYM06TO,66987,
B0989NQSP2,99429,
B0DBJ52DP6,99298,
B0DJY57W6V,99709,
B096WP4W2Y,99381,
B006WPSGFI,99926,
B0G2PQL4CF,100383,
B09T9J127T,34351,
B0B9B2JDHH,36930,
B072JLM7HD,99283,
B078JCYHFF,100109,
B09T9BZWQ5,34353,
B0C6M3CYHK,45165,
B0F3CDWK2K,99735,
B0F3CMST9Z,99735,
B00B4TO6XS,96065,
B078HGCWM7,36963,
B0C8FWFFY4,100158,
B0DJ7N7G1V,99706,
B0DQNT3P7Q,20238,
B0CBP9YHYZ,100651,
B0FQTS47L4,78792,
B0FNX88FX1,78794,
B0FQTP2Q3Z,78792,
B0FNX64YHP,78792,
B0FNX5VK5V,78792,
B0FNXCP5M5,78792,
B0FPXQJ5FN,78795,
B0FQTPD137,78792,
B0CCMGRZZ1,100777,
B079N8P3QZ,100175,
B01DW211GO,17540,
B0FPXQY11N,78792,
B07T28WYZT,100107,
B00KR0768W,100124,
B0F2HS2LWD,101083,
B0FPXS6HVW,78792,
B0FMFXB533,78792,
B005DBERLY,100077,
B07L5LMYV8,100603,
B0GQSW6N31,100926,
B0CYTH5RJG,28047,
B0CYT6ZG48,28047,
B0B14TBVMT,48010,
B071P5DYJQ,101774,
B0F3NFC95N,100551,
B07PQBJV5K,100768,
B005IUKKR0,109616,
B01HTKQWTG,101153,
B0D4H59BHT,34788,
B09SNSRWXH,100913,
B071VX98D8,101774,
B071P5DYFX,101774,
B0C48ZQ3FT,101277,
B002D13J7A,101368,
B019VYGTK0,101371,
B0D6BWVFMQ,205975,
B01LN7VGHY,100616,
B091SRQDZ2,70530,
B002D11KP8,101370,
B071SBTWVQ,101777,
B0B99WTBSY,101062,
B0DSDG342S,109411,
B019VYGWHA,101368,
B002D1AG3K,101368,
B019VYGZ9U,101368,
B08222J2PG,48057,
B0BSH7KPZ2,100800,
B0D9TVW196,56686,
B0CR2R9L5V,100963,
B081DCYWGR,100910,
B07S1HQMW4,101008,
B0CCJ8DXLB,101224,
B07821G887,229160,
B0F5Q2R8V4,81588,
B0G8GZM39J,58272,
B0BL9Z6HV5,101243,
B08Y6XJ67X,101769,
B01MDNUE5L,101716,
B08Y6T8ZRM,101769,
B07BNCYZJL,101208,
B0DJLRF1SP,101621,
B00U8F782U,25979,
B0FS7MB9YN,37531,
B0G8GXK3XD,58272,
B001UJS87M,70196,
B07FF1RN1N,101562,
B0D12NM6NT,109987,
B00KS1LWOO,101567,
B0DJLQ9KR4,101621,
B0C19ZTD42,102094,
B0DGFTSPDS,101619,
B00608D66G,101777,
B00236V0US,101863,
B09V6JM954,102014,
B0DSLBZFLB,111067,
B0BQ1Y15DS,102506,
B0084XZMTO,102292,
B00J7GJDS8,102311,
B07DHQW6FS,102199,
B00O8ERG60,110900,
B07DQN5289,102486,
B0DL5YMVD2,102445,
B07R22FVZQ,102621,
B0GLV957RV,102856,
B0GQSRBXPJ,102783,
B06WGMB95G,42798,
B0GCYZH3D4,102901,
B009F8U7I8,102908,
B0FR3TC6ZV,102866,
B09Q686B64,103218,
B0CDPNYXZV,103118,
B01GNNABPG,102979,
B0DQ276NY5,103059,
B071764R6B,64289,
B0FR9BSYRN,103275,
B07M97L4BP,103325,
B00D8WFYIK,65094,
B08GRZKJXF,103567,
B0F4MYLY85,103564,
B0GC3ZBKFV,103809,
B0C9JL7K2S,103879,
B0BG1LFMS3,103770,
B0FNR68G6B,103879,
B08513SV6G,104016,
B00VJ3MVVI,103926,
B01N7Y2Q9B,104043,
B0DHSV4FTH,104053,
B0FYCYW9PK,104063,
B00AZFFZ9G,77580,
B0CHY11C3S,54872,
B07MLF385R,104201,
B09MJVDS8X,104157,
B0001MRV86,104435,
B092QX7LFL,104231,
B01N16GE4C,104251,
B0CRDXWNJ1,104272,
B00B88FXQO,113050,
B01CJEWAHU,104343,
B07JP55SXL,104482,
B000ONOLCG,104436,
B00HHTI900,104445,
B010AOG6OY,113081,
B07F6VY463,104477,
B07JLP2511,104481,
B07DBX8XZZ,113116,
B07PDMG819,104487,
B08K7Q3QRD,113155,
B091NPTJ4G,113175,
B0DCVD4H6G,104589,
B0DPHLGVDZ,104605,
B0DCST26Y3,113261,
B0G3T3L53C,104709,
B0G3TC3RYJ,104709,
B0G3SZFVNK,104709,
B0G3SQ8BT5,104709,
B0G6MNK9ZF,104723,
B0G63Z9KZM,58945,
B0GHM1V3D2,104747,
B0H51K8CVX,104922,
B0H518RVHC,104922,
B0H51G65XJ,104922,
B0H513GF5K,104922,
B0H51DK4RJ,104922,
B0H518RN3F,104922,
B092M6LR4S,35297,
B07MXKFQT3,68676,
B09K71X9LP,57870,
B0C2HB1MF5,42267,
B00U1VTI9W,19451,
B0F4CVDHPL,42259,
B00762I0A2,43673,
B0GY3RYGV9,54263,
B08131CH5B,60470,
B0BPM9NZS7,45199,
B0G2SB3PQD,41970,
B08HQDNGJ2,79091,
B0DPBSKLNK,17618,
B07M7MHXX5,10232,
B07WXFP8VQ,10232,
B07WS4M2KQ,10234,
B07WT7KGTT,10233,
B0CN6KW74K,78737,
B0GGX9LK2K,33639,
B07WYDLRBZ,10235,
B07WYDCXQ1,10235,
B0C1BQ19YY,20857,
B01AT4O75U,64909,
B0FQJW8SVL,17140,
B00LIUNL7U,23556,
B0FQJWNF2R,17140,
B0FQJR1YFN,17140,
B09NM46DK7,23137,
B004VD9RU6,78474,
B002P78TQS,21389,
B003BDWAQA,78474,
B00HCF0B00,44473,
B0GPMVSD7J,55916,
B0792R7798,68799,
B095JLXGRZ,45190,
B09FXP63MH,56233,
B09FXR9YT1,56235,
B0BPXSCCK3,56235,
B0BPXNC35Q,56233,
B09STY6HGK,57176,
B0BVMRRPJ9,42674,
B0GPMR36FG,55914,
B0141TAQ6I,53698,
B0141TATX8,53698,
B0141TAIHA,53698,
B0FDWG7RXN,29788,
B004MXMCFM,57159,
B09SV1B5XM,57174,
B0F9WDMR52,67684,
B09STZGMJN,57174,
B09STZZ9PV,57174,
B07DJ6FRXJ,46120,
B08W8GCKQR,21709,
B07HYSF6TM,48092,
B002P8E402,65114,
B0C6WRJF1Q,24598,
B004OCMOKO,50883,
B0F6Y9LYZN,56011,
B01M1H5RYH,54170,
B09LPXGJ4H,59230,
B0883D73FF,17363,
