asin,category,jan,amazon_price,buybox,sales_rank,offer_count,monthly_sales,size,buy,buy_source,net,margin_pct,verdict,gem,durable,liquid,name
B0CFFFPNNG,home_kitchen,,3980.0,,50029,2,52,standard_2,,,,,,False,False,False,QuiExact ストロー付きコップ 500ml 4個セット ハイボール
B0D62MCX5W,home_kitchen,4904710441107,36000.0,,50038,9,52,large_2,34800,Yahoo,-5537,-15.4,はずれ,False,False,False,JRI-A100WM
B091SZWXRY,home_kitchen,4955872809113,6990.0,,50048,15,52,large_1,6990,Yahoo,-2182,-31.2,はずれ,False,False,False,4つ折り畳マットレス 約100×200cm シングル 『鞍馬』 い草 折
B099WFVC9W,home_kitchen,4955872809144,9550.0,,50048,3,52,standard_1,8999,Yahoo,-1716,-18.0,はずれ,False,False,False,4つ折り畳マットレス 約120×200cm セミダブル 『鞍馬』 い草 
B099W6P1ZS,home_kitchen,4955872809168,17421.0,,50051,4,52,standard_1,14564,Yahoo,-590,-3.4,はずれ,False,False,False,4つ折り畳マットレス 約180×200cm キング 『鞍馬』 い草 折り
B07TNSBVX7,home_kitchen,4549980278154,39888.0,,50065,2,52,large_1,13860,Yahoo,18912,47.4,原石,True,True,False,パナソニック コンパクトオーブン トースト焼き加減自動調整 8段階温度調
B07TNS9RM5,home_kitchen,4549980278147,33500.0,,50065,2,52,large_1,12900,Yahoo,14442,43.1,原石,True,True,False,パナソニック コンパクトオーブン トースト焼き加減自動調整 8段階温度調
B001UCKMRS,home_kitchen,4582182975896,6889.0,,50092,2,52,standard_1,6363,Yahoo,-1341,-19.5,はずれ,False,False,False,プリシラ(Prisila) プリシラ ハーフキャップ ギャル盛りロングカ
B0FKFL4V6G,home_kitchen,,8130.0,,50156,2,51,small,,,,,,False,False,False,三菱 ルームエアコン 霧ヶ峰用 リモコン ACH211(M21 EFT 
B099WH7MCH,home_kitchen,4955872809151,14451.0,,50103,4,52,standard_1,12859,Yahoo,-1410,-9.8,はずれ,False,False,False,4つ折り 畳マットレス 約160×200cm クイーン 『鞍馬』 い草 
B09283YD94,home_kitchen,4955872809120,11890.0,,50103,14,52,large_1,11280,Yahoo,-2306,-19.4,はずれ,False,False,False,4つ折り 畳マットレス 約140×200cm ダブル 『鞍馬』 折りたた
B0FD2XSSK6,home_kitchen,6002950707989,7449.0,,50111,2,52,standard_1,,,,,,False,False,False,Xiraivke 新しい中国禅仏陀風装飾 人工屋内植物｜LED ライト付
B0FD2QYFH2,home_kitchen,6002950708009,5599.0,,50111,2,52,standard_1,,,,,,False,False,False,Xiraivke 新しい中国禅仏陀風装飾 人工屋内植物｜LED ライト付
B0FD36DTYW,home_kitchen,6002950707941,7149.0,,50111,2,52,standard_1,,,,,,False,False,False,Xiraivke 新しい中国禅仏陀風装飾 人工屋内植物｜LED ライト付
B0FD36R13N,home_kitchen,6002950707996,6199.0,,50111,2,52,standard_1,,,,,,False,False,False,Xiraivke 新しい中国禅仏陀風装飾 人工屋内植物｜LED ライト付
B0FD1TDJRN,home_kitchen,6002950708016,5099.0,,50111,2,52,standard_1,,,,,,False,False,False,Xiraivke 新しい中国禅仏陀風装飾 人工屋内植物｜LED ライト付
B0FD36DTSY,home_kitchen,6002950707958,7049.0,,50111,2,52,standard_1,,,,,,False,False,False,Xiraivke 新しい中国禅仏陀風装飾 人工屋内植物｜LED ライト付
B0FD2T5F9Q,home_kitchen,6002950707972,7149.0,,50111,2,52,standard_1,,,,,,False,False,False,Xiraivke 新しい中国禅仏陀風装飾 人工屋内植物｜LED ライト付
B0FD2WLHLB,home_kitchen,6002950707965,6299.0,,50111,2,52,standard_1,,,,,,False,False,False,Xiraivke 新しい中国禅仏陀風装飾 人工屋内植物｜LED ライト付
B0FD2MD471,home_kitchen,6002950708023,5699.0,,50111,3,52,standard_1,,,,,,False,False,False,Xiraivke 新しい中国禅仏陀風装飾 人工屋内植物｜LED ライト付
B079VG7F9B,home_kitchen,4903456213610,13000.0,,50117,5,52,standard_2,11000,Yahoo,-914,-7.0,はずれ,False,False,False,リズム(RHYTHM) シチズン 掛け時計 電波時計 アナログ 連続秒針
B0BS92G3PN,home_kitchen,4983771254895,5980.0,,50126,8,51,standard_2,6380,Yahoo,-2261,-37.8,はずれ,False,False,False,[山善] IHコンロ IHクッキングヒーター 卓上 小型 一人暮らし 二
B0H29FHGVQ,home_kitchen,,3599.0,,50137,2,50,standard_1,,,,,,False,False,False,ZPPLHZ 冷風機 冷風扇 卓上クーラー 【2026年新登場 ・1台4
B0DVLF4ZR5,home_kitchen,4571577776392,3580.0,,50138,2,51,standard_1,3312,楽天,-1103,-30.8,はずれ,False,False,False,[ さくら禅 ] 棚型 モダン 神棚 祥雲 鳥居付き 白松 壁掛け お札
B0DVLJCVGQ,home_kitchen,4571577776408,3780.0,,50138,2,51,standard_1,3492,楽天,-1113,-29.4,はずれ,False,False,False,[ さくら禅 ] 棚型 モダン 神棚 祥雲 鳥居付き 白松 壁掛け お札
B08L53J7RY,home_kitchen,4944370029185,4280.0,,50145,3,51,standard_1,1853,Yahoo,951,22.2,原石,True,True,False,阪和 mercyu メルシーユー 詰替用フレグランスオイル MRUS-5
B002QEFLZW,home_kitchen,4984824828735,9980.0,,50227,11,51,small,11000,Yahoo,-3107,-31.1,はずれ,False,False,False,パナソニック パルックボールプレミア D15形 電球60形タイプ 口金直
B0BJ1B3FWF,home_kitchen,9331498128930,6598.0,,50170,2,51,standard_1,,,,,,False,False,False,壁掛け 北欧 植物 木 ベージュ 抽象 絵画 2枚 額付き モノクロ ア
B0B6J6FV78,home_kitchen,9331498128305,3288.0,,50170,2,51,standard_1,,,,,,False,False,False,アート ポスター ピカソ 鳥を捕まえる猫 ネコとひよこ 絵画 ピカソ 猫
B0B6J57J73,home_kitchen,9331498128275,6498.0,,50170,2,51,standard_1,,,,,,False,False,False,ピカソ 友情の花 アートパネル 絵画 壁飾り 開運 額付きポスター 木枠
B0B6J492JV,home_kitchen,9331498128312,5498.0,,50170,2,51,standard_1,,,,,,False,False,False,2枚 ピカソ アートパネル 抽象 絵画 壁飾り 開運 額付きポスター 木
B0B6J4G248,home_kitchen,9331498128343,3288.0,,50170,2,51,standard_1,,,,,,False,False,False,クロード・モネ ポピー畑 セーヌ川 風景画 モネ アートパネル ポスター
B0B6J37H6F,home_kitchen,9331498128251,3288.0,,50170,2,51,standard_1,,,,,,False,False,False,2枚 ピカソ 友情の花 アートパネル 抽象 女の子 絵画 雑貨 おしゃれ
B0C6LKWSKM,home_kitchen,9331498129982,3288.0,,50170,2,51,standard_1,4418,楽天,-2457,-74.7,はずれ,False,False,False,2枚 ピカソ 猫 アートパネル 絵画 壁飾り 開運 額付きポスター 木枠
B0C6LM2Q35,home_kitchen,9331498129968,5998.0,,50170,2,51,standard_1,,,,,,False,False,False,2枚 ピカソ アートパネル 猫 絵画 壁飾り 開運 額付きポスター 木枠
B0B6J3K5X8,home_kitchen,9331498128367,5998.0,,50170,2,51,standard_1,,,,,,False,False,False,クロード・モネ ポピー畑 セーヌ川 風景画 モネ アートパネル ポスター
B0DT1Q3QTF,home_kitchen,0850037077526,26980.0,,50173,3,51,standard_1,27720,Yahoo,-5621,-20.8,はずれ,False,False,False,スキンヘッド用シェーバー Skull Shaver Pitbull Si
B0F2H51WD5,home_kitchen,,7000.0,,50187,2,51,small,,,,,,False,False,False,[ＪＵＴＡＯＰＩＮ＼ジュタオピン] ペアパジャマ ペア部屋着 パジャマ 
B0GXY6TMQM,home_kitchen,,3630.0,,50202,2,51,standard_1,,,,,,False,False,False,omoi タンブラー 500ml 真空断熱 保温 保冷 蓋付き ステンレ
B0GXY2L1PH,home_kitchen,,3630.0,,50204,2,51,standard_1,,,,,,False,False,False,omoi タンブラー 真空断熱 500ml 蓋付き 保温 保冷 ステンレ
B0GXXQB4KC,home_kitchen,,3630.0,,50204,2,51,standard_1,,,,,,False,False,False,omoi タンブラー 真空断熱 500ml 蓋付き 保温 保冷 ステンレ
B0GXXYTPXN,home_kitchen,,3630.0,,50204,2,51,standard_1,,,,,,False,False,False,omoi タンブラー ギフト プレゼント 女性 実用的 蓋付き 記念 お
B0FXFJ467W,home_kitchen,4580053999101,3630.0,,50204,2,51,standard_1,,,,,,False,False,False,omoi 還暦祝い 女性 男性 ギフト プレゼント タンブラー 60才の
B0BGD9L2BZ,home_kitchen,,4580.0,,50209,2,51,standard_2,,,,,,False,False,False,【Amazon 限定ブランド】AOHDM 階段マット70X22cm 【1
B0BJ1FFWYD,home_kitchen,9331498128916,3288.0,,50222,2,51,standard_1,4418,楽天,-2457,-74.7,はずれ,False,False,False,壁掛け 北欧 植物 木 ベージュ 抽象 絵画 2枚 額付き モノクロ ア
B08ZCZ1VCS,home_kitchen,4570079222888,3880.0,,50225,2,51,standard_2,3580,Yahoo,-1246,-32.1,はずれ,False,False,False,シーフィールド 日本製 綿100% 掛ふとんカバー 掛け布団カバー ダブ
B08ZC45FL6,home_kitchen,4570079223120,3880.0,,50225,2,51,standard_2,3580,Yahoo,-1246,-32.1,はずれ,False,False,False,シーフィールド 日本製 綿100% 掛ふとんカバー 掛け布団カバー ダブ
B08ZCBL7CB,home_kitchen,4570079222161,3880.0,,50225,2,51,standard_2,3580,Yahoo,-1246,-32.1,はずれ,False,False,False,シーフィールド 日本製 綿100% 掛ふとんカバー 掛け布団カバー ダブ
B0D9J7XWMR,home_kitchen,4992272898873,6180.0,,50262,2,51,standard_2,5980,Yahoo,-1691,-27.4,はずれ,False,False,False,丸眞 お昼寝7点セット ディズニー カーズ スピードロード キャラクター
B0DPHQGV6V,home_kitchen,4992272898859,6180.0,,50262,2,51,standard_2,5979,Yahoo,-1690,-27.3,はずれ,False,False,False,丸眞 お昼寝7点セット ディズニー プリンセス パステルガーデン キャラ
B009VUZE9C,home_kitchen,4933357960917,5488.0,,50269,4,51,large_1,5280,楽天,-1748,-31.9,はずれ,False,False,False,銀峯陶器 菊花 土鍋 萬古焼 (9号 / 瑠璃 / 4人用) 『テーブル
B08ZCMYBYQ,home_kitchen,4570079222529,3880.0,,50275,2,51,standard_2,3580,Yahoo,-1246,-32.1,はずれ,False,False,False,シーフィールド 日本製 綿100% 掛ふとんカバー 掛け布団カバー ダブ
B08ZD5YP8P,home_kitchen,4570079222345,3880.0,,50275,2,51,standard_2,3580,Yahoo,-1246,-32.1,はずれ,False,False,False,日本製 綿100% 掛ふとんカバー 掛け布団カバー ダブル ベイビーブル
B08ZCK6CZ9,home_kitchen,4570079223601,3880.0,,50275,2,51,standard_2,3580,Yahoo,-1246,-32.1,はずれ,False,False,False,シーフィールド 日本製 綿100% 掛ふとんカバー 掛け布団カバー ダブ
B08ZCYV11Z,home_kitchen,4570079223366,3880.0,,50275,2,51,standard_2,3580,Yahoo,-1246,-32.1,はずれ,False,False,False,シーフィールド 日本製 綿100% 掛ふとんカバー 掛け布団カバー ダブ
B08ZCNW9KL,home_kitchen,4570079222703,3880.0,,50275,2,51,standard_2,3580,Yahoo,-1246,-32.1,はずれ,False,False,False,シーフィールド 日本製 綿100% 掛ふとんカバー 掛け布団カバー ダブ
B0CHYPT8F5,home_kitchen,4580060596751,3800.0,,50280,10,51,small,4340,楽天,-1700,-44.7,はずれ,False,False,False,THANKO 就寝前のじんわりリラックス 耳ぽっか MMSN23HWH 
B08XQNQB7F,home_kitchen,4573279240782,19990.0,,79980,2,40,standard_1,,,,,,False,False,False,い草 マットレス セミダブル 日本製 フレアマットレス 5連 グリーン 
B0824HFTW5,home_kitchen,4573279152801,13975.0,,79980,4,40,standard_1,,,,,,False,False,False,い草 マットレス シングル 日本製 フレアマットレス 3連 ブラック 約
B004QN52K0,home_kitchen,4906128255185,3053.0,,50289,6,51,small,2570,楽天,-565,-18.5,はずれ,False,False,False,CORONA コロナ 除湿機 抗ウイルス・除菌・脱臭10年交換不要フィル
B009VUZDOI,home_kitchen,4933357960818,4080.0,,50312,9,51,large_1,3984,楽天,-1649,-40.4,はずれ,False,False,False,萬古焼 菊花 土鍋 8号 瑠璃釉
B0BJTFQBDD,home_kitchen,4955872477145,9170.0,,50316,8,51,large_2,8710,Yahoo,-2252,-24.6,はずれ,False,False,False,萩原 い草カーペット 上敷き 谷川 江戸間4.5畳 約261×261cm
B005SZ1PRY,home_kitchen,,21897.0,,50321,5,51,standard_2,,,,,,False,False,False,パナソニック 10個セット コンパクト形蛍光灯 32W 3波長形電球色 
B07V9LWT5J,home_kitchen,8996000977362,3232.0,,42682,2,56,standard_1,,,,,,False,False,False,TIYANA 葉柄 レースカーテン 薄い 緑色の つた葉 2枚組 幅15
B07HRH4XHD,home_kitchen,4906601003784,16800.0,,50369,15,51,standard_2,17800,Yahoo,-4484,-26.7,はずれ,False,False,False,ゼンケン アクアホームカートリッジ C-KMD-50Z
B0BXBMQQHD,home_kitchen,4550557284027,4680.0,,50375,2,51,standard_1,1980,Yahoo,1164,24.9,原石,True,True,False,【お手入れ簡単】ドウシシャ 卓上扇風機 スリムコンパクトファン Lite
B0BXBNYWFG,home_kitchen,4550557284126,7920.0,,50377,3,51,standard_1,,,,,,False,False,False,【自動首振り】 ドウシシャ 卓上扇風機 スリムコンパクトファン Swin
B0BXBNSYP3,home_kitchen,4550557284119,6500.0,,50377,2,51,standard_1,3380,Yahoo,1311,20.2,原石,True,True,False,【自動首振り】 ドウシシャ 卓上扇風機 スリムコンパクトファン Swin
B0DGS82YWS,home_kitchen,,39715.0,,50384,3,51,large_1,,,,,,False,False,False,cado（カドー） SAP 003 クールグレー
B0756SZDVN,home_kitchen,,3625.0,,50393,2,51,standard_2,,,,,,False,False,False,ラーメン丼 特大 25cm 8.0丼 玉高台丼 黒 新中華 美濃焼
B00BQWTTDK,home_kitchen,4571335105303,18344.0,,50403,9,51,large_1,16774,Yahoo,-2315,-12.6,はずれ,False,False,False,キング 鉄 フライパン 45cm
B0FGHW5646,home_kitchen,,9580.0,,50417,2,51,large_1,,,,,,False,False,False,イワタニ カセットガススモークレス焼肉グリル やきまるスリム ホームメイ
B0F8NF3GHK,home_kitchen,0753873200922,4399.0,,50419,2,51,large_1,,,,,,False,False,False,Jiaqihong5 LEDシーリングライト 8畳 和風 40CM 木目
B0F8NS8GXW,home_kitchen,0753873200946,3299.0,,50419,2,51,standard_1,,,,,,False,False,False,jiaqihong5 LEDシーリングライト6畳 28W 木目調 360
B0FFZ5HV4Q,home_kitchen,0753873201318,3499.0,,50419,2,51,standard_2,,,,,,False,False,False,jiaqihong5 LEDシーリングライト 6畳8畳 28W 3600
B09GJJS5RS,home_kitchen,4992272732757,3036.0,,50429,6,51,standard_1,2100,Yahoo,-353,-11.6,はずれ,False,False,False,丸眞 ティッシュBOXカバー H52×W28.6cm ふしぎの国のアリス
B09LH69HZ7,home_kitchen,4992272732849,3036.0,,50429,2,51,standard_1,2749,Yahoo,-1002,-33.0,はずれ,False,False,False,丸眞 ティッシュBOXカバー H52×W25cm モンスターズ・インク 
B0DGSNMY2B,home_kitchen,,39810.0,,50431,3,51,large_1,,,,,,False,False,False,cado（カドー） SAP 003 ホワイト
B0051I41FQ,home_kitchen,4977449121619,3540.0,,50433,5,51,standard_1,3600,Yahoo,-1425,-40.3,はずれ,False,False,False,北陸アルミニウム 兼用鍋 22cm [ガス火専用] 軽量 ゆうげ紀行 ア
B009V4XX28,home_kitchen,4977449121626,3870.0,,50433,7,51,standard_1,3524,Yahoo,-1068,-27.6,はずれ,False,False,False,北陸アルミニウム 兼用鍋 24cm [ガス火専用] 軽量 ゆうげ紀行 ア
B0CS92FXF5,home_kitchen,4961341344719,32480.0,,50498,14,51,standard_1,32280,Yahoo,-5506,-17.0,はずれ,False,False,False,パロマ ガスコンロ 2口 PA-380WHA エブリシェフ【右強火力バー
B0C1ZG7SK3,home_kitchen,,3736.0,,50449,2,51,standard_1,,,,,,False,False,False,レースカーテン 可愛い 透けない 間仕切りカーテン・レース 白 刺繍レー
B0C1ZCZXTQ,home_kitchen,,3282.0,,50449,2,51,standard_1,,,,,,False,False,False,レースカーテン 透けない フリル付き 白 刺繍レース 姫系 可愛い おし
B00KS0ZN5E,home_kitchen,4905637759351,6457.0,,50453,2,51,standard_2,,,,,,False,False,False,川口技研 物干金物 ホスクリーン 2本組 HD-35-ST
B00KS11I5M,home_kitchen,4905637759382,6510.0,,50453,2,51,standard_2,,,,,,False,False,False,川口技研 物干金物 ホスクリーン 2本組 HD-35-S
B00KS11LAO,home_kitchen,4905637759276,7700.0,,50453,9,51,standard_2,,,,,,False,False,False,川口技研 物干金物 ホスクリーン 2本組 HD-55-ST
B00KS0ZN4A,home_kitchen,4905637759337,7700.0,,50453,3,51,standard_2,,,,,,False,False,False,川口技研 物干金物 ホスクリーン 2本組 HD-45-W
B00E41MKTK,home_kitchen,4971771040792,3914.0,,50453,7,51,standard_1,3699,Yahoo,-1206,-30.8,はずれ,False,False,False,川口技研(Kawaguchigiken) 腰壁用物干し ホスクリーン H
B00KS0ZWVY,home_kitchen,4905637759375,6457.0,,50453,3,51,standard_2,,,,,,False,False,False,川口技研 物干金物 ホスクリーン 2本組 HD-35-W
B003VMF824,home_kitchen,4971771040761,3874.0,,50453,7,51,standard_1,2955,Yahoo,-496,-12.8,はずれ,False,False,False,川口技研(Kawaguchigiken) 腰壁用物干し ホスクリーン H
B0FFZBZGF7,home_kitchen,0753873201349,4609.0,,50464,2,51,standard_2,,,,,,False,False,False,Jiaiqhong5 LEDシーリングライト 日式和風 8~10畳 36
B0716WMM3R,home_kitchen,4905249298569,3580.0,,50494,2,51,standard_1,3378,Yahoo,-1169,-32.7,はずれ,False,False,False,エムケー精工 ヨーグルト 甘酒 メーカー ホワイト YA-100W-W
B00E41N1NE,home_kitchen,4971771042055,3932.0,,50507,5,51,standard_1,2639,Yahoo,-131,-3.3,はずれ,False,False,False,川口技研 腰壁用物干し ホスクリーン HD-35-ST ステンカラー 1
B00KS10G3M,home_kitchen,4905637759313,7062.0,,50507,3,51,standard_2,,,,,,False,False,False,川口技研 物干金物 ホスクリーン 2本組 HD-45-ST
B0C3ZDSXCW,home_kitchen,4904776509919,3190.0,,50514,15,51,standard_1,2552,Yahoo,-674,-21.1,はずれ,False,False,False,タケヤ公式 ステンレスボトル 470ml シェイカー プロテイン スムー
B0C3ZC6BM1,home_kitchen,4904776509902,3190.0,,50514,11,51,standard_1,2552,Yahoo,-674,-21.1,はずれ,False,False,False,タケヤ公式 ステンレスボトル 470ml シェイカー プロテイン スムー
B0071R1DTC,home_kitchen,,5580.0,,50517,4,51,standard_2,,,,,,False,False,False,MJ HR-8952 ほんわかふぇ 電気卓上串揚げ鍋
B0BXBPR6LF,home_kitchen,4550557284034,3780.0,,50522,2,51,standard_1,2480,Yahoo,-101,-2.7,はずれ,False,False,False,【お手入れ簡単】ドウシシャ 卓上扇風機 スリムコンパクトファン Lite
B0BXBR1B3W,home_kitchen,4550557284072,4780.0,,50522,3,51,standard_1,,,,,,False,False,False,【マグネット付き】 ドウシシャ 卓上扇風機 スリムコンパクトファン Mu
B0BXBNP75Z,home_kitchen,4550557284065,4070.0,,50522,4,51,standard_1,2622,Yahoo,4,0.1,あやしい,False,False,False,【マグネット付き】ドウシシャ 卓上扇風機 スリムコンパクトファン Mul
B00N9T4CR6,home_kitchen,,5900.0,,50558,2,51,standard_1,,,,,,False,False,False,フルネス カーテンレール つっぱり式 伸縮 フィットワン 1.9m用 1
B00N9T4FHI,home_kitchen,,4973.0,,50558,3,51,standard_1,,,,,,False,False,False,フルネス カーテンレール つっぱり式 伸縮 フィットワン 1.9m用 1
B00N9T4C9E,home_kitchen,,4400.0,,50558,2,51,standard_1,,,,,,False,False,False,フルネス カーテンレール つっぱり式 伸縮 フィットワン 1.5m用 1
B0DLBF5ZPP,home_kitchen,4934122097524,19800.0,,50561,4,51,large_2,14800,楽天,693,3.5,あやしい,False,False,False,【Toffy/トフィー】 ホットスキレット K-SK1 おうちでキャンプ
B004VIT4HC,home_kitchen,4940316702006,3080.0,,50575,2,51,standard_1,2178,楽天,-394,-12.8,はずれ,False,False,False,ZERO JAPAN ハニーポット BRM-40 AR・アーティチョーク
B004VIT5C6,home_kitchen,4940316702037,3080.0,,50575,2,51,standard_1,500,楽天,1284,41.7,原石,True,True,False,ZERO JAPAN ハニーポット BRM-40 CA・キャロット w1
B09M6TQ9Y9,home_kitchen,4562377557540,3126.0,,50601,2,51,standard_1,,,,,,False,False,False,かもしか道具店 なっとうバチ ＆ なっとうのまぜ棒 セット 日本製 国産
B0D7ZK77PQ,home_kitchen,4985155236961,5590.0,,50604,2,51,large_2,5590,Yahoo,-2176,-38.9,はずれ,False,False,False,パレットライフ ナイトテーブル サイドテーブル コンセント付き コンセン
B0D7ZG11MP,home_kitchen,4985155236930,4290.0,,50604,2,51,large_2,,,,,,False,False,False,パレットライフ ナイトテーブル サイドテーブル コンセント付き コンセン
B0D7ZHY11T,home_kitchen,4985155236947,4290.0,,50604,2,51,large_2,4290,Yahoo,-1980,-46.2,はずれ,False,False,False,パレットライフ ナイトテーブル サイドテーブル コンセント付き コンセン
B0G3Q4BVXR,home_kitchen,0768479904617,5699.0,,50605,2,51,standard_2,7278,楽天,-3398,-59.6,はずれ,False,False,False,HDMbigmi キングスガード ウォッチディスプレイスタンド 眼鏡ジュ
B00N9T4EKG,home_kitchen,,4400.0,,50608,2,51,standard_1,,,,,,False,False,False,フルネス カーテンレール つっぱり式 伸縮 フィットワン 1.5m用 1
B0FVCQ3L8M,home_kitchen,0888106239742,4950.0,,50614,3,51,standard_1,,,,,,False,False,False,Chef Works ユニ ユーティリティビブエプロン、オリーブナチュラ
B0FMRGX3CK,home_kitchen,0889441094829,4680.0,,50615,2,51,standard_2,,,,,,False,False,False,Riuuyyi 引き出し収納バスケット引き出し式クローゼット収納バスケッ
B0FMRLW8HR,home_kitchen,0889441094843,3080.0,,50615,2,51,standard_2,,,,,,False,False,False,Riuuyyi 引き出し収納バスケット引き出し式クローゼット収納バスケッ
B0FMRLWMJD,home_kitchen,0889441094874,3000.0,,50615,2,51,standard_2,,,,,,False,False,False,Riuuyyi 引き出し収納バスケット引き出し式クローゼット収納バスケッ
B0FMRCPB3N,home_kitchen,0889441094881,3080.0,,50615,2,51,standard_2,,,,,,False,False,False,Riuuyyi 引き出し収納バスケット引き出し式クローゼット収納バスケッ
B0FMRGN5SL,home_kitchen,0889441094836,3000.0,,50615,2,51,standard_2,,,,,,False,False,False,Riuuyyi 引き出し収納バスケット引き出し式クローゼット収納バスケッ
B0FMRLYKY8,home_kitchen,0889441094850,4280.0,,50615,2,51,standard_2,,,,,,False,False,False,Riuuyyi 引き出し収納バスケット引き出し式クローゼット収納バスケッ
B0FMRHG834,home_kitchen,0889441094812,4280.0,,50615,2,51,standard_2,,,,,,False,False,False,Riuuyyi 引き出し収納バスケット引き出し式クローゼット収納バスケッ
B0FMRFJ1VY,home_kitchen,0889441094867,4680.0,,50615,2,51,standard_2,,,,,,False,False,False,Riuuyyi 引き出し収納バスケット引き出し式クローゼット収納バスケッ
B0D7ZL5X9J,home_kitchen,4985155236954,5590.0,,50656,2,51,large_2,5590,楽天,-2176,-38.9,はずれ,False,False,False,パレットライフ ナイトテーブル サイドテーブル コンセント付き コンセン
B0BT1YHLF3,home_kitchen,,5590.0,,50656,2,51,large_2,,,,,,False,False,False,パレットライフ ナイトテーブル サイドテーブル コンセント付き コンセン
B08HYRYRXV,home_kitchen,,3680.0,,50661,2,51,standard_2,,,,,,False,False,False,POOPEE LEDシーリングライト 6~8畳 リモコン付 30W 無段
B09KRV9XCS,home_kitchen,,3680.0,,50661,2,51,standard_1,,,,,,False,False,False,POOPEE LEDシーリングライト 6~8畳 リモコン付 木目調 30
B0CY533R1W,home_kitchen,4959191725611,3850.0,,50662,3,51,small,3850,Yahoo,-1168,-30.3,はずれ,False,False,False,[ケロリン] サウナハット メンズ 大きい 人気 レディース サウナグッ
B0BS5GQQNF,home_kitchen,4521121251097,4850.0,,50669,7,51,standard_1,1300,Yahoo,1988,41.0,原石,True,True,False,スヌーピー ＳＮＯＯＰＹ’ｓＬＩＦＥｉｎａＢＯＴＴＬＥ
B0FTTMQ6K9,home_kitchen,0888106239728,4950.0,,50670,4,51,standard_1,,,,,,False,False,False,Chef Works ユニ ユーティリティビブエプロン、ブラックナチュラ
B0F8HDWZFL,home_kitchen,,3180.0,,50685,2,51,standard_1,,,,,,False,False,False,【 三 菱 】 純正品 エアコン用フィルター MAC-334 FT 帯電
B0F8H4NR4C,home_kitchen,,5480.0,,50685,2,51,standard_1,,,,,,False,False,False,【 三 菱 】 純正品 エアコン用フィルター MAC-334 FT 帯電
B0DRVFJNKV,home_kitchen,,5999.0,,50686,2,51,standard_1,,,,,,False,False,False,blonbar 間接照明、ベッドサイド目覚まし時計テーブルランプ、無段階
B0C16MJGQH,home_kitchen,0703663602955,11999.0,,50691,2,51,standard_1,,,,,,False,False,False,[TANAKA・YA] 完全天然石 アメジスト 上品 厳選 紫水晶 アメ
B0GY3Z2QBR,home_kitchen,,10700.0,,50700,2,51,standard_1,,,,,,False,False,False,セキスイ遮熱 レースカーテン 波模様 2枚組 洗剤ＪＯＥ３０ｇ×２個付き
B0GY42S1HD,home_kitchen,,12200.0,,50700,2,51,standard_1,,,,,,False,False,False,セキスイ遮熱 レースカーテン 波模様 2枚組 洗剤ＪＯＥ３０ｇ×２個付き
B09VT5KXZJ,home_kitchen,,6090.0,,50713,2,51,standard_1,,,,,,False,False,False,スウェット レディース t シャツ メンズ セット ズボン レディース 
B0881QVPF7,home_kitchen,,3129.0,,50713,2,51,standard_1,,,,,,False,False,False,[ＪＵＴＡＯＰＩＮ＼ジュタオピン] ペアパジャマ パジャマ ペア パジャ
B09VT3MKMK,home_kitchen,,6090.0,,50713,2,51,standard_1,,,,,,False,False,False,スウェット レディース t シャツ メンズ セット ズボン レディース 
B077N6VDBL,home_kitchen,4968714914708,3311.0,,50715,4,51,small,3004,楽天,-780,-23.5,はずれ,False,False,False,[Arnold Palmer] カラフルシリーズ パスケース リールキー
B0CGX54HNK,home_kitchen,,3979.0,,50720,2,51,standard_1,,,,,,False,False,False,NUOLUX 揚げ物 バット オーブン トレー 網付き ステンレス製 水
B0CGX2HD2L,home_kitchen,,3180.0,,50720,2,51,standard_1,,,,,,False,False,False,NUOLUX 揚げ物 バット 料理 浅型 ステンレス オーブン 油きり 
B07C23KCFL,home_kitchen,4962619600018,3870.0,,34241,2,64,standard_2,2310,Yahoo,16,0.4,あやしい,False,False,False,ミエ産業 折りたたみ式 コンパクト 風呂ふた 製品サイズ(約)70×81
B01M32LMZA,home_kitchen,,3200.0,,50735,2,51,standard_1,,,,,,False,False,False,[ マリメッコ ] Marimekko マグカップ 063431-001
B0DJS8WWCV,home_kitchen,4582180207241,21700.0,,54833,6,49,large_2,22000,楽天,-4892,-22.5,はずれ,False,False,False,recolte レコルト コードレス サーキュレーション扇風機 サーキュ
B09B9TQWPM,home_kitchen,,3610.0,,50744,2,51,standard_1,,,,,,False,False,False,PiccoCasa ベッドスカート ポリエステル 無地 洋式 北欧 レト
B09BB183CR,home_kitchen,,3610.0,,50744,2,51,standard_1,,,,,,False,False,False,PiccoCasa ベッドスカート ポリエステル 無地 洋式 北欧 レト
B0876MZ6RY,home_kitchen,4974019147178,51600.0,,50752,2,51,large_2,19980,Yahoo,22543,43.7,原石,True,True,False,シャープ 除湿機 兼 加湿空気清浄機 除湿 5L / プラズマクラスター
B00409HP4G,home_kitchen,8801235222456,3720.0,,50766,8,51,standard_2,3280,楽天,-1082,-29.1,はずれ,False,False,False,HANARO　セラミック MULTI サムギョプサル用焼肉 プレート (
B0GYWB71MP,home_kitchen,0607613872408,3880.0,,50773,2,100,small,,,,,,False,False,False,ひげそり 電動シェーバー 小型【2026新登場 0.06mm極薄外刃】往
B07Q425D21,home_kitchen,0041869858180,28747.0,,50777,2,51,large_2,,,,,,False,False,False,ハンブルクルー(Humble Crew) 子ども用おもちゃオーガナイザー
B091G63GSC,home_kitchen,4973307533150,3450.0,,50778,2,51,small,1320,Yahoo,1022,29.6,原石,True,True,False,スケーター(Skater) ステンレス タンブラー 300ml スヌーピ
B01BK1U6MO,home_kitchen,,5480.0,,50784,3,51,standard_1,,,,,,False,False,False,"IKEA(イケア) KNODD ふた付き容器, グレー (5031531"
B0D2TRFLNX,home_kitchen,0768479901869,5414.0,,50788,2,51,standard_2,7639,楽天,-4001,-73.9,はずれ,False,False,False,HDMbigmi キングスガード ウォッチディスプレイスタンド 眼鏡ジュ
B0D2TRKG89,home_kitchen,0768479901951,5699.0,,50788,2,51,standard_2,7278,楽天,-3398,-59.6,はずれ,False,False,False,HDMbigmi キングスガード ウォッチディスプレイスタンド 眼鏡ジュ
B0FWB1HVKT,home_kitchen,1200185017827,5500.0,,50792,2,51,standard_1,5500,Yahoo,-1659,-30.2,はずれ,False,False,False,スタンレー（STANLEY） 水筒 ボトル マグ フリップトップマグ 0
B0D9BBNMRW,home_kitchen,4955872961422,5480.0,,50793,5,51,standard_1,4844,楽天,-1020,-18.6,はずれ,False,False,False,萩原 ズレない ラグ ピターら メレンゲタッチ グレー 約185×240
B09B9ZGPG6,home_kitchen,,3425.0,,50793,2,51,standard_1,,,,,,False,False,False,PiccoCasa ベッドスカート ポリエステル 無地 洋式 北欧 レト
B0D9B5SPJZ,home_kitchen,4955872963396,11990.0,,50793,5,51,standard_1,12344,楽天,-2986,-24.9,はずれ,False,False,False,萩原 圧倒的にズレないラグセット アンダーラグ ラグ 約3畳 ピターら 
B0D9B8CZHZ,home_kitchen,4955872963341,9990.0,,50793,4,51,standard_1,10578,楽天,-2920,-29.2,はずれ,False,False,False,萩原 圧倒的にズレないラグセット アンダーラグ ラグ 約2畳 ピターら 
B09BB3B6BY,home_kitchen,,3280.0,,50793,2,51,standard_1,,,,,,False,False,False,PiccoCasa ベッドスカート ポリエステル 無地 洋式 北欧 レト
B0D9B79XCM,home_kitchen,4955872963389,9990.0,,50793,5,51,standard_1,9697,楽天,-2040,-20.4,はずれ,False,False,False,萩原 圧倒的にズレないラグセット アンダーラグ ラグ 約2畳 ピターら 
B0D9B9VLWS,home_kitchen,4955872962238,4490.0,,50795,5,51,standard_1,4403,楽天,-1420,-31.6,はずれ,False,False,False,萩原 ズレない ラグ ピターら コットンパイル ベージュ 約185×18
B0D9BBM81M,home_kitchen,4955872961415,5480.0,,50795,5,51,standard_1,4844,楽天,-1020,-18.6,はずれ,False,False,False,萩原 ズレない ラグ ピターら メレンゲタッチ ベージュ 約185×24
B0D9B3JNKX,home_kitchen,4955872963266,9950.0,,50795,5,51,standard_1,8815,楽天,-1192,-12.0,はずれ,False,False,False,萩原 圧倒的にズレないラグセット アンダーラグ ラグ 約2畳 ピターら 
B0D9JM19DX,home_kitchen,4955872961354,6950.0,,50795,3,51,standard_1,5690,楽天,-616,-8.9,はずれ,False,False,False,萩原 アンダーラグ ピターら 約175×175cm ラグの下敷き 高反発
B0D9B5VZPN,home_kitchen,4955872963358,11990.0,,50795,4,51,standard_1,13226,楽天,-3868,-32.3,はずれ,False,False,False,萩原 圧倒的にズレないラグセット アンダーラグ ラグ 約3畳 ピターら 
B0D9B6Y5P5,home_kitchen,4955872963402,9990.0,,50795,5,51,standard_1,9697,楽天,-2040,-20.4,はずれ,False,False,False,萩原 圧倒的にズレないラグセット アンダーラグ ラグ 約2畳 ピターら 
B0D9BFFT7T,home_kitchen,4955872962245,5490.0,,50795,5,51,standard_1,6167,楽天,-2334,-42.5,はずれ,False,False,False,萩原 ズレない ラグ ピターら コットンパイル ベージュ 約185×24
B0D9B7LTXM,home_kitchen,4955872963334,11950.0,,50795,5,51,standard_1,10578,楽天,-1254,-10.5,はずれ,False,False,False,萩原 圧倒的にズレないラグセット アンダーラグ ラグ 約3畳 ピターら 
B0D9B9V4QL,home_kitchen,4955872961385,4480.0,,50795,5,51,standard_1,3962,楽天,-988,-22.1,はずれ,False,False,False,萩原 ズレない ラグ ピターら メレンゲタッチ グレー 約185×185
B0D9B7JQZ2,home_kitchen,4955872963303,9950.0,,50795,5,51,standard_1,8815,楽天,-1192,-12.0,はずれ,False,False,False,萩原 圧倒的にズレないラグセット アンダーラグ ラグ 約2畳 ピターら 
B0D9B7JM3H,home_kitchen,4955872963365,9990.0,,50795,3,51,standard_1,10578,楽天,-2920,-29.2,はずれ,False,False,False,萩原 圧倒的にズレないラグセット アンダーラグ ラグ 約2畳 ピターら 
B0D9B7TTNH,home_kitchen,4955872961439,5480.0,,50795,5,51,standard_1,4844,楽天,-1020,-18.6,はずれ,False,False,False,萩原 ズレない ラグ ピターら メレンゲタッチ アイボリー 約185×2
B0D9BC1LT4,home_kitchen,4955872961392,4480.0,,50795,5,51,standard_1,3962,楽天,-988,-22.1,はずれ,False,False,False,萩原 ズレない ラグ ピターら メレンゲタッチ アイボリー 約185×1
B0D9B73J2F,home_kitchen,4955872963280,9950.0,,50795,5,51,standard_1,8815,楽天,-1192,-12.0,はずれ,False,False,False,萩原 圧倒的にズレないラグセット アンダーラグ ラグ 約2畳 ピターら 
B0D9B3PQ8W,home_kitchen,4955872963372,11990.0,,50795,3,51,standard_1,13226,楽天,-3868,-32.3,はずれ,False,False,False,萩原 圧倒的にズレないラグセット アンダーラグ ラグ 約3畳 ピターら 
B0D9B9MFLR,home_kitchen,4955872961477,4490.0,,50795,3,51,standard_1,5285,楽天,-2302,-51.3,はずれ,False,False,False,萩原 ズレない ラグ ピターら 接触冷感 グレー 約185×185cm 
B0D9B6P923,home_kitchen,4955872963419,11990.0,,50795,5,51,standard_1,12344,楽天,-2986,-24.9,はずれ,False,False,False,萩原 圧倒的にズレないラグセット アンダーラグ ラグ 約3畳 ピターら 
B0D9B78NXC,home_kitchen,4955872963297,11950.0,,50795,5,51,standard_1,10578,楽天,-1254,-10.5,はずれ,False,False,False,萩原 圧倒的にズレないラグセット アンダーラグ ラグ 約3畳 ピターら 
B0D9B6V6H9,home_kitchen,4955872963273,11950.0,,50795,5,51,standard_1,10578,楽天,-1254,-10.5,はずれ,False,False,False,萩原 圧倒的にズレないラグセット アンダーラグ ラグ 約3畳 ピターら 
B005KO40SO,home_kitchen,2556600004835,8646.0,,50807,4,51,standard_1,,,,,,False,False,False,ヤマハ（トクラス） JC-101 (浄水器カートリッジ)
B07FQ44V37,home_kitchen,4549308537697,3580.0,,50813,8,51,standard_2,2401,Yahoo,-322,-9.0,はずれ,False,False,False,パール金属 保温ランチジャー グレー 1800 ステンレス オクタス H
B07FND8SR8,home_kitchen,4549308537710,4480.0,,50813,2,51,standard_2,2497,Yahoo,347,7.7,あやしい,False,False,False,パール金属 保温ランチジャー グレー 2200 ステンレス オクタス H
B0CCRJ55XQ,home_kitchen,4562344392259,3841.0,,50829,11,51,small,2580,Yahoo,95,2.5,あやしい,False,False,False,サーモス 水筒 真空断熱ケータイマグ 400ml ディズニー ミッキー 
B0797XCW8X,home_kitchen,4549980067475,3980.0,,50839,4,51,standard_1,1100,Yahoo,1449,36.4,原石,True,True,False,パナソニック(Panasonic) 屋内用ダウンライト LGB73520
B07T3C47MK,home_kitchen,,5140.0,,50839,6,51,standard_1,,,,,,False,False,False,リンナイ RC-T5801ACP用 交換用 空気清浄フィルター (017
B0797XBQNN,home_kitchen,4549980067741,3432.0,,50839,4,51,standard_1,,,,,,False,False,False,パナソニック(Panasonic) 屋内用ダウンライト LGB76312
B0D9B9DX2G,home_kitchen,4955872961453,4490.0,,50846,4,51,standard_1,5285,楽天,-2302,-51.3,はずれ,False,False,False,萩原 ズレない ラグ ピターら 接触冷感 ブルー 約185×185cm 
B0D9BBK54B,home_kitchen,4955872961378,4480.0,,50846,5,51,standard_1,4490,Yahoo,-1516,-33.8,はずれ,False,False,False,萩原 ズレない ラグ ピターら メレンゲタッチ ベージュ 約185×18
B0D9B741W8,home_kitchen,4955872963310,11950.0,,50846,5,51,standard_1,10578,楽天,-1254,-10.5,はずれ,False,False,False,萩原 圧倒的にズレないラグセット アンダーラグ ラグ 約3畳 ピターら 
B0D9B98CWL,home_kitchen,4955872962252,4490.0,,50846,5,51,standard_1,4403,楽天,-1420,-31.6,はずれ,False,False,False,萩原 ズレない ラグ ピターら コットンパイル グレー 約185×185
B0D9BBKXCM,home_kitchen,4955872961408,4490.0,,50846,2,51,standard_1,4980,楽天,-1998,-44.5,はずれ,False,False,False,萩原 ズレない ラグ ピターら メレンゲタッチ ピンク 約185×185
B0D9BB341Q,home_kitchen,4955872961446,5480.0,,50846,5,51,standard_1,4844,楽天,-1020,-18.6,はずれ,False,False,False,萩原 ズレない ラグ ピターら メレンゲタッチ ピンク 約185×240
B0D9BBB3KJ,home_kitchen,4955872961460,5490.0,,50846,4,51,standard_1,7049,楽天,-3216,-58.6,はずれ,False,False,False,萩原 ズレない ラグ ピターら 接触冷感 ブルー 約185×240cm 
B0D9JMK23H,home_kitchen,4955872961361,8950.0,,50846,3,51,standard_1,7320,Yahoo,-546,-6.1,はずれ,False,False,False,萩原 アンダーラグ ピターら 約175×230cm ラグの下敷き 高反発
B0D9B8T2S9,home_kitchen,4955872961484,5490.0,,50846,3,51,standard_1,7049,楽天,-3216,-58.6,はずれ,False,False,False,萩原 ズレない ラグ ピターら 接触冷感 グレー 約185×240cm 
B07K558H2G,home_kitchen,5693855779747,13100.0,,50860,2,51,standard_2,15000,楽天,-4829,-36.9,はずれ,False,False,False,Huanyu ホットスライドカッター ホットナイフ 100W 5秒加熱 
B07H55Q7SV,home_kitchen,,5778.0,,50862,7,51,standard_1,,,,,,False,False,False,二重断熱紙コップ【8オンス 240ml】500個 クラフト
B0DXBTNVFP,home_kitchen,4571678920786,3960.0,,50872,2,51,standard_1,,,,,,False,False,False,箸 【食洗 銀桜花（金）】 米寿デザイン桐箱・ラッピング付き 食洗 食洗
B00DW3DE7I,home_kitchen,,7100.0,,50878,12,51,large_1,,,,,,False,False,False,パナソニック　平面プレート　【AZU25-C99】　消耗品　卓上IH調理
B0CCRHR1PN,home_kitchen,4562344392242,4200.0,,50884,6,51,small,3020,Yahoo,-40,-1.0,はずれ,False,False,False,サーモス 水筒 真空断熱ケータイマグ 400ml ミッフィー ミルクティ
B096BJ3D93,home_kitchen,,49392.0,,50894,3,51,large_2,,,,,,False,False,False,12Lフライバスケット付き電気フライヤー，3400W電気フライヤー、0.
B07K53R614,home_kitchen,5693855779785,11090.0,,50903,2,51,standard_2,12879,Yahoo,-4416,-39.8,はずれ,False,False,False,Huanyu ホットスライドカッター ホットナイフ 100W 5秒加熱 
B0FK515Q9V,home_kitchen,0888246806620,13619.0,,50906,2,51,standard_1,,,,,,False,False,False,発泡スチロール デリバリーボックス 箱 Momgla 大型 クーラーボッ
B0FQ4XZWVK,home_kitchen,,11285.0,,50910,6,51,standard_1,,,,,,False,False,False,[モンベル] ボトル メンズ レディース チタン アルパイン サーモボト
B0DXBM7GDB,home_kitchen,4571678920779,3960.0,,50919,2,51,standard_1,,,,,,False,False,False,箸 【食洗 銀桜花（金）】 米寿デザイン桐箱・ラッピング付き 食洗 食洗
B0DXBTP83M,home_kitchen,4571678920762,3960.0,,50919,2,51,standard_1,,,,,,False,False,False,● 箸 【食洗 銀桜花 金】 米寿デザイン桐箱・ラッピング付き 食洗 食
B09QGM9X7G,home_kitchen,,6843.0,,50926,6,51,standard_1,,,,,,False,False,False,WiseSorb - 900g (2ポンド) 3A モレキュラーシーブ 
B08B45KYVY,home_kitchen,4543225003723,8220.0,,50930,7,51,standard_1,7590,楽天,-1437,-17.5,はずれ,False,False,False,富士カトラリー 出刃 左利き用 180mm 日本製 モリブデンバナジウム
B08B48SB5Z,home_kitchen,4543225003631,4047.0,,50976,9,51,standard_1,3210,Yahoo,-604,-14.9,はずれ,False,False,False,富士カトラリー 柳刃 240mm 日本製 モリブデンバナジウム鋼 片刃 
B08B43M8P8,home_kitchen,4543225003617,4047.0,,50932,10,51,standard_1,3210,Yahoo,-604,-14.9,はずれ,False,False,False,富士カトラリー 出刃 165mm 日本製 モリブデンバナジウム鋼 片刃 
B0FLPT64BT,home_kitchen,0786443524654,7480.0,,50934,2,51,standard_1,,,,,,False,False,False,LED フロアライト ラック付き 北欧風 無段階調光調色 間接照明 電球
B076GPJ78Q,home_kitchen,,3630.0,,50935,2,51,standard_1,,,,,,False,False,False,10個組 2人用 ミルクピッチャー 陶器 クリーマー 業務用 純白 ピッ
B0GWLLDJTW,home_kitchen,,7999.0,,50937,2,51,standard_2,,,,,,False,False,False,ALLUCK モダン LEDウォールライト ブラケットライト 門柱灯 お
B09ZL7L8J6,home_kitchen,0880694413894,7999.0,,50937,2,51,standard_2,10138,Yahoo,-4303,-53.8,はずれ,False,False,False,ALLUCK LED ブラケットライト ウォールライト 壁掛け 玄関ライ
B09ZL8DXKX,home_kitchen,0880694413887,7999.0,,50937,2,51,standard_1,10138,Yahoo,-4173,-52.2,はずれ,False,False,False,ALLUCK LED ブラケットライト ウォールライト 壁掛け 玄関ライ
B086X4G89Z,home_kitchen,4976008646693,8780.0,,50948,2,51,standard_2,3999,Yahoo,2500,28.5,原石,True,True,False,西川 敷きパッド 冷感 ファミリーサイズ 洗える ひんやり＆タオル地 リ
B086YSMTX6,home_kitchen,,7780.0,,50948,2,51,standard_1,,,,,,False,False,False,西川 敷きパッド 冷感 キングサイズ 洗える ひんやり＆タオル地 リバー
B086X4QWP4,home_kitchen,4976008646686,8780.0,,50948,2,51,standard_2,,,,,,False,False,False,西川 敷きパッド 冷感 ファミリーサイズ 洗える ひんやり＆タオル地 リ
B0CJ2SHP7T,home_kitchen,4946973002336,27800.0,,50955,4,51,large_2,23980,Yahoo,-1687,-6.1,はずれ,False,False,False,フットコントローラー付き JUKI 電動ミシン 簡単操作 初心者向け コ
B00LGM51IC,home_kitchen,3045386368792,7180.0,,50957,5,51,standard_2,4500,Yahoo,639,8.9,あやしい,True,True,False,ティファール ケトル 1.2L ジャスティンプラス カカオブラック KO
B0DKHKMPVG,home_kitchen,4523931057852,51700.0,,50962,4,51,large_1,33529,楽天,9283,18.0,原石,True,True,False,Bamix（バーミックス）フードプロセッサー 万能 調理用 (スマートプ
B0DKH7P7ZN,home_kitchen,4523931057845,51700.0,,51014,3,51,large_1,43890,Yahoo,-1078,-2.1,はずれ,False,False,False,Bamix（バーミックス）スマートプラス スノー スライシー付き フード
B0DKH9DBMM,home_kitchen,4523931057784,36300.0,,50964,4,51,large_1,36300,Yahoo,-6578,-18.1,はずれ,False,False,False,Bamix（バーミックス）スマート 02 スノー ハンディフードプロセッ
B0BRZY7X4G,home_kitchen,4954849990441,3280.0,,50970,7,51,small,2805,Yahoo,-607,-18.5,はずれ,False,False,False,ムサシ(MUSASHI) 充電式 ぴかり MINI LIGHT ミントグ
B09ZL8SCSZ,home_kitchen,0880694413825,6999.0,,50982,2,51,standard_2,8871,Yahoo,-3886,-55.5,はずれ,False,False,False,ALLUCK LED ブラケットライト ウォールライト 壁掛け 玄関ライ
B0BJDLXYNS,home_kitchen,4535306206529,3980.0,,51008,11,51,large_1,3788,楽天,-1538,-38.6,はずれ,False,False,False,ホームテイスト スリムで便利なコンソールテーブル【Clout-クラウトｰ
B0BJDL64YL,home_kitchen,4535306206536,3980.0,,51008,13,51,large_1,2990,Yahoo,-740,-18.6,はずれ,False,False,False,ホームテイスト スリムで便利なコンソールテーブル【Clout-クラウトｰ
B0FRY9DKTQ,home_kitchen,,3599.0,,51015,2,51,standard_2,,,,,,False,False,False,2個セッ ベッド下収納ケース 取っ手付き 長さ85cm 幅40cm 高さ
B09HC9MYK4,home_kitchen,1077155432511,4974.0,,78455,4,40,standard_1,,,,,,False,False,False,ラグ 廊下マット 110x500cm 足腰負担軽減 洗える タイルマット
B09HC82187,home_kitchen,1077155431422,4848.0,,78455,3,40,standard_1,,,,,,False,False,False,廊下カーペット 120x480cm 床保護 キズ防止 防音マット 洗える
B09HC9P98R,home_kitchen,1077155428873,4011.0,,78455,3,40,standard_1,,,,,,False,False,False,キッチンマット 玄関マット 120x400cm 防音 厚手 洗える ラグ
B09HC8MPX5,home_kitchen,1077155430104,4755.0,,78455,4,40,standard_1,,,,,,False,False,False,廊下カーペット 120x330cm お手入れが簡単で滑りにくい 防音マッ
B09HC89B4S,home_kitchen,1077155428378,3998.0,,78455,3,40,standard_1,,,,,,False,False,False,キッチンマット 玄関マット 90x500cm 足腰負担軽減 洗える 防音
B09HC7PDN3,home_kitchen,1077155434775,4433.0,,78455,4,40,standard_1,,,,,,False,False,False,廊下 ロングカーペット 100x300cm 床保護 キズ防止 吸着マット
B09HC95L99,home_kitchen,1077155429252,4080.0,,78455,4,40,standard_1,,,,,,False,False,False,廊下 ロングカーペット 70x450cm 床保護 キズ防止 ベッドルーム
B09HC6YQJ7,home_kitchen,1077155436274,3631.0,,78455,3,40,standard_1,,,,,,False,False,False,廊下 ロングカーペット 110x450cm 床保護 キズ防止 滑り止めマ
B09HC8F251,home_kitchen,1077155432412,3462.0,,78455,4,40,standard_1,,,,,,False,False,False,廊下カーペット 110x250cm 防音 厚手 洗える ラグマット 大き
B09HC81ZZ5,home_kitchen,1077155436366,3281.0,,78455,4,40,standard_1,,,,,,False,False,False,廊下カーペット 120x230cm 足腰負担軽減 洗える ラグ ラグマッ
B09HC8CB7Z,home_kitchen,1077155434430,3425.0,,78455,4,40,standard_1,,,,,,False,False,False,廊下敷き カーペット 80x350cm お手入れが簡単で滑りにくい ラグ
B09HC929LY,home_kitchen,1077155431903,3181.0,,78455,4,40,standard_1,,,,,,False,False,False,廊下 ロングカーペット 80x330cm お手入れが簡単で滑りにくい タ
B09HC8QVWR,home_kitchen,1077155433525,4004.0,,78455,4,40,standard_1,,,,,,False,False,False,キッチンマット 玄関マット 100x330cm 床保護 キズ防止 吸着マ
B09HC7549P,home_kitchen,1077155430838,3281.0,,78455,4,40,standard_1,,,,,,False,False,False,廊下カーペット 90x350cm 防音 厚手 洗える カーペット 大きい
B09HC92J2X,home_kitchen,1077155430814,3104.0,,78455,4,40,standard_1,,,,,,False,False,False,廊下 ロングカーペット 90x300cm 床保護 キズ防止 ラグ カーペ
B09HC8RMCY,home_kitchen,1077155434638,3579.0,,78455,4,40,standard_1,,,,,,False,False,False,廊下カーペット 90x400cm 足腰負担軽減 洗える 防音マット 大き
B09HC8PKNP,home_kitchen,1077155430708,3108.0,,78455,4,40,standard_1,,,,,,False,False,False,廊下カーペット 80x480cm 足腰負担軽減 洗える ベッドルームラグ
B09HC97QK8,home_kitchen,1077155428699,3381.0,,78455,3,40,standard_1,,,,,,False,False,False,キッチンマット 玄関マット 110x400cm 足腰負担軽減 洗える 滑
B09HC9SJQH,home_kitchen,1077155436298,3890.0,,78455,3,40,standard_1,,,,,,False,False,False,ラグ 廊下マット 110x500cm 床保護 キズ防止 ラグ カーペット
B09HC8RGG5,home_kitchen,1077155435734,4301.0,,78455,4,40,standard_1,,,,,,False,False,False,廊下カーペット 80x450cm 足腰負担軽減 洗える ラグ カーペット
B09HC8R558,home_kitchen,1077155430647,3183.0,,78455,4,40,standard_1,,,,,,False,False,False,廊下 ロングカーペット 80x330cm 防音 厚手 洗える カーペット
B09HC89SVZ,home_kitchen,1077155428620,3871.0,,78455,4,40,standard_1,,,,,,False,False,False,ラグ 廊下マット 110x230cm 足腰負担軽減 洗える ラグ カーペ
B09HC94W2V,home_kitchen,1077155431767,4236.0,,78455,4,40,standard_1,,,,,,False,False,False,キッチンマット 玄関マット 70x430cm 床保護 キズ防止 ペット用
B09HC8Z5R4,home_kitchen,1077155429412,3493.0,,78455,4,40,standard_1,,,,,,False,False,False,廊下敷き カーペット 80x400cm お手入れが簡単で滑りにくい 防音
B09HC97XLG,home_kitchen,1077155432696,4975.0,,78455,3,40,standard_1,,,,,,False,False,False,キッチンマット 玄関マット 120x500cm お手入れが簡単で滑りにく
B09HC8VN12,home_kitchen,1077155435673,3405.0,,78455,4,40,standard_1,,,,,,False,False,False,ラグ 廊下マット 80x300cm お手入れが簡単で滑りにくい マルチロ
B09HC8CM65,home_kitchen,1077155430487,3434.0,,78455,4,40,standard_1,,,,,,False,False,False,廊下 ロングカーペット 70x380cm 足腰負担軽減 洗える 滑り止め
B09HC83KQM,home_kitchen,1077155436205,4073.0,,78455,4,40,standard_1,,,,,,False,False,False,廊下カーペット 110x280cm 足腰負担軽減 洗える ベッドルームラ
B09HC86VP5,home_kitchen,1077155427784,3446.0,,78455,4,40,standard_1,,,,,,False,False,False,廊下カーペット 60x380cm お手入れが簡単で滑りにくい 滑り止めマ
B09HC8FH8K,home_kitchen,1077155431750,3936.0,,78455,4,40,standard_1,,,,,,False,False,False,廊下敷き カーペット 70x400cm 床保護 キズ防止 カーペット 大
B09HC91K9V,home_kitchen,1077155435901,3979.0,,78455,4,40,standard_1,,,,,,False,False,False,廊下敷き カーペット 90x430cm 床保護 キズ防止 ペット用マット
B09HC9V7ZY,home_kitchen,1077155434416,3217.0,,78455,4,40,standard_1,,,,,,False,False,False,ラグ 廊下マット 80x300cm お手入れが簡単で滑りにくい ベッドル
B09HC96PK2,home_kitchen,1077155436281,4775.0,,78455,4,40,standard_1,,,,,,False,False,False,キッチンマット 玄関マット 110x480cm 足腰負担軽減 洗える ラ
B09HC92VK9,home_kitchen,1077155431354,3677.0,,78455,4,40,standard_1,,,,,,False,False,False,廊下敷き カーペット 120x300cm お手入れが簡単で滑りにくい ラ
B09HC9L9DW,home_kitchen,1077155433181,4158.0,,78455,4,40,standard_1,,,,,,False,False,False,キッチンマット 玄関マット 80x380cm お手入れが簡単で滑りにくい
B09HC8PX45,home_kitchen,1077155428736,3361.0,,78455,3,40,standard_1,,,,,,False,False,False,キッチンマット 玄関マット 110x500cm 床保護 キズ防止 ベッド
B09H1ZKCZ4,home_kitchen,4589828440725,3400.0,,51023,7,50,standard_1,4608,楽天,-2552,-75.1,はずれ,False,False,False,玉初堂 お線香 香樹林 清澄 高級実用線香 大バラ 2箱セット
B0B8S1XQWM,home_kitchen,4903779124457,4057.0,,51039,2,51,large_1,3196,Yahoo,-881,-21.7,はずれ,False,False,False,和平フレイズ お手入れ簡単 【調理器具セットC】 両手鍋 18cm & 
B0B8S3KFMK,home_kitchen,4903779123818,5500.0,,51039,2,51,large_1,1741,楽天,1801,32.7,原石,True,True,False,和平フレイズ お手入れ簡単 【調理器具セットF】 片手鍋 16cm & 
B00MFB5LGU,home_kitchen,,6500.0,,51049,4,51,standard_2,,,,,,False,False,False,日立　浄水器用　カートリッジ交換用ろ材　E-25FX (ろ材0.6kg×
B07FVHZZTD,home_kitchen,0300846113767,3100.0,,51055,2,50,large_1,,,,,,False,False,False,"IKEA (イケア) ADDE チェア, ホワイト 902.191.79"
B000IOM9J8,home_kitchen,0300717737306,5131.0,,51061,8,51,standard_1,5939,Yahoo,-2412,-47.0,はずれ,False,False,False,リーデル (RIEDEL) リーデル・オー ウィスキー 430ml 2客
B003Y6J3QO,home_kitchen,4907225252923,4231.0,,51077,11,51,standard_1,4278,Yahoo,-1516,-35.8,はずれ,False,False,False,ミカサ(MIKASA) ボールカゴ(箱形)大・中用(対応商品:BC-SP
B08XM9HD6S,home_kitchen,4940577937698,44100.0,,51078,7,51,large_2,44880,Yahoo,-8732,-19.8,はずれ,False,False,False,TOTO ウォシュレット KSシリーズ 瞬間式 温水洗浄便座 ホワイト 
B09NVQ5PGZ,home_kitchen,4589730398206,3800.0,,51090,2,51,standard_2,,,,,,False,False,False,LED蛍光灯直管 超高輝度6000LM 省エネ36W 40W形*2相当 
B0FRNCQCJ3,home_kitchen,0090132005936,13960.0,,51093,7,51,standard_1,,,,,,False,False,False,キットキャットクロックレトロブラック。 (BC-1RK)
B0FRNKFJDV,home_kitchen,0090132006001,11000.0,,51093,5,51,standard_1,,,,,,False,False,False,キットキャットクロックレトロブラック。 (BC-59-RK)
B07ZG1JSC7,home_kitchen,0090132004120,15049.0,,51093,15,51,standard_1,,,,,,False,False,False,Kit-Cat Clock® 限定版レッド&グリーンクリスマス - 動く
B0C5Z5JY83,home_kitchen,0090132005233,18766.0,,51093,13,51,standard_1,,,,,,False,False,False,Kit-Cat Clock 限定版レッド、ホワイト、ギャラクシーブルー 
B0DCF613KN,home_kitchen,0090132003185,,,51093,,51,standard_1,,,,,,False,False,False,キットキャットクロックベンガルタイガー - エキゾチックペットコレクショ
B0C5YLS2SZ,home_kitchen,0090132005196,17499.0,,51093,14,51,standard_1,,,,,,False,False,False,Kit-Cat Klock® 限定版クラシックグリーンキット - 象徴的
B07NR427QF,home_kitchen,4547441327137,5287.0,,51141,6,51,standard_2,2052,Yahoo,1478,28.0,原石,True,True,False,パナソニック(Panasonic) エアコン配管材スッキリダクト 本体 
B0F1DQYG59,home_kitchen,0090132005783,11000.0,,51093,13,51,standard_1,12980,Yahoo,-4464,-40.6,はずれ,False,False,False,kit-Cat-Klock 限定版、クラシックブラック、クロームボウタイ
B0GVZBDFSD,home_kitchen,0888830636848,17604.0,,36078,3,62,standard_1,,,,,,False,False,False,YETI (イエティ) ランブラー 26オンスボトル 漏れ防止 真空断熱
B0CTH55DLZ,home_kitchen,0194343206752,5980.0,,51116,2,51,large_2,,,,,,False,False,False,SONGMICSオープンラック 幅60 メタルラック 5段 スチールラッ
B0BR5L9KSZ,home_kitchen,0194343123523,5980.0,,51116,2,51,large_2,8860,楽天,-5114,-85.5,はずれ,False,False,False,SONGMICSオープンラック 幅60 メタルラック 5段 スチールラッ
B0CTH4WGS9,home_kitchen,0194343206769,5380.0,,51116,2,51,large_2,6330,Yahoo,-3094,-57.5,はずれ,False,False,False,SONGMICS オープンラック 幅40 スリムメタルラック 5段 スチ
B0FGJD74JF,home_kitchen,0609917090175,33000.0,,78570,3,40,large_2,,,,,,False,False,False,JOGIO 圧縮 ソファ 1/2/3人掛け 怠惰な チェア 椅子 リビン
B0FGJGS5JK,home_kitchen,0609917090205,35000.0,,78570,2,40,large_2,,,,,,False,False,False,JOGIO 圧縮 ソファ 1/2/3人掛け 怠惰な チェア 椅子 リビン
B09NVP5PPR,home_kitchen,4589730398220,13280.0,,51135,2,51,large_1,15323,Yahoo,-5168,-38.9,はずれ,False,False,False,LED蛍光灯直管 超高輝度6000LM 省エネ36W 40W形*2相当 
B09NVQXY4R,home_kitchen,4589730398237,25840.0,,51135,2,51,large_2,30486,楽天,-9859,-38.2,はずれ,False,False,False,LED蛍光灯直管 超高輝度6000LM 省エネ36W 40W形*2相当 
B07FKPS7Q9,home_kitchen,4902430835794,7695.0,,51136,8,50,standard_1,8026,楽天,-2319,-30.1,はずれ,False,False,False,【P&G】ブラウン メンズ電気シェーバー シリーズ3 3枚刃 3020S
B0F1CM2ZH7,home_kitchen,4571621100098,3800.0,,51138,2,51,small,,,,,,False,False,False,オプタウム ペーパーインセンス VER.CAT 猫ちゃん ギフトセット 
B001RNX59W,home_kitchen,4560334854183,9000.0,,70375,6,43,large_1,11690,楽天,-5173,-57.5,はずれ,False,False,False,TWINBIRD(ツインバード) 空気清浄機 ホワイト AC-4238W
B07BG2R8B7,home_kitchen,4549308537420,4480.0,,51144,2,51,large_1,4070,楽天,-1395,-31.1,はずれ,False,False,False,パール金属 突っ張り キッチンネット&パイプラック ステージア HB-3
B07BG2NRJX,home_kitchen,4549308537413,4080.0,,51144,2,51,large_1,3629,楽天,-1294,-31.7,はずれ,False,False,False,パール金属 突っ張り キッチンパイプラック 2段 ステージア HB-37
B0F8Q8XZLD,home_kitchen,,5500.0,,51146,2,51,standard_1,,,,,,False,False,False,東屋 花掛け
B0BYJ989WP,home_kitchen,4981747076380,4380.0,,51154,7,51,standard_2,6358,Yahoo,-3599,-82.2,はずれ,False,False,False,コイズミ ミキサー ミルミキサー 400ml コンパクト お茶すり器 グ
B0DGXF4PQX,home_kitchen,5025155110683,36000.0,,51222,5,51,large_2,41580,楽天,-12317,-34.2,はずれ,False,False,False,Dyson Digital Slim Submarine
B0FMJC4NST,home_kitchen,0757911407632,5998.0,,51224,2,51,standard_2,7945,楽天,-3811,-63.5,はずれ,False,False,False,YUHAFO 空気清浄機 小型 8畳～16畳 360°強力浄化 3重ろ過
B00UISRD0E,home_kitchen,4535601020318,25000.0,,51170,2,50,large_2,25000,楽天,-5087,-20.3,はずれ,False,False,False,アルミス 家庭用超高速脱水機 Powerful SpinDry APD-
B072HSMTTD,drugstore,4901121267616,3260.0,,50014,6,52,large_1,2646,楽天,-845,-25.9,はずれ,False,False,False,【まとめ買い】ネピア ネピネピ トイレットロール 12ロール ダブル (
B0719898YM,drugstore,4901121267616,4250.0,,50014,6,52,large_2,654,Yahoo,1834,43.2,原石,True,True,False,【まとめ買い】ネピア ネピネピ トイレットロール 12ロール ダブル (
B0B2LFH4TW,drugstore,4987286416458,3650.0,,50024,6,52,standard_1,599,Yahoo,1852,50.7,原石,True,True,False,【指定医薬部外品】のどスッキリうがい薬CPピーチ味300ml 5個セット
B00HNA2YW2,drugstore,8437015906010,4070.0,,50026,2,52,small,3520,Yahoo,-447,-11.0,はずれ,False,False,False,クライムスキン(CLIMB SKIN) ハンドクリーム30ｇ
B00SW7LGBK,drugstore,,5909.0,,50030,6,52,standard_1,,,,,,False,False,False,【第3類医薬品】トクホン 80枚 ×7
B00QLDXLRO,drugstore,,3944.0,,50030,7,52,standard_1,,,,,,False,False,False,【第3類医薬品】トクホン 140枚 ×3
B00QLDXOGM,drugstore,,4834.0,,50030,7,52,standard_1,,,,,,False,False,False,【第3類医薬品】トクホン 140枚 ×4
B00SW7L7YG,drugstore,,4278.0,,50030,3,52,standard_1,,,,,,False,False,False,【第3類医薬品】トクホン 40枚 ×9
B00SW7L2IM,drugstore,,4746.0,,50030,2,52,standard_1,,,,,,False,False,False,【第3類医薬品】トクホン 40枚 ×10
B00SW7L09S,drugstore,,3880.0,,50030,2,52,standard_1,,,,,,False,False,False,【第3類医薬品】トクホン 40枚 ×7
B00SW7LP48,drugstore,,8351.0,,50030,6,52,standard_1,,,,,,False,False,False,【第3類医薬品】トクホン 80枚 ×10
B00SW7NCI0,drugstore,,8078.0,,50030,6,52,standard_1,,,,,,False,False,False,【第3類医薬品】トクホン 140枚 ×7
B00QLDXEBC,drugstore,,4302.0,,50030,6,52,standard_1,,,,,,False,False,False,【第3類医薬品】トクホン 80枚 ×5
B00SW7N96U,drugstore,,10249.0,,50030,6,52,standard_1,,,,,,False,False,False,【第3類医薬品】トクホン 140枚 ×8
B00SW7LRVE,drugstore,,10332.0,,50030,6,52,standard_1,,,,,,False,False,False,【第3類医薬品】トクホン 140枚 ×9
B00SW7LJ5I,drugstore,,6742.0,,50030,6,52,standard_1,,,,,,False,False,False,【第3類医薬品】トクホン 80枚 ×8
B00SW7LU8E,drugstore,,11480.0,,50030,6,52,standard_1,,,,,,False,False,False,【第3類医薬品】トクホン 140枚 ×10
B00SW7LARA,drugstore,,4309.0,,50030,2,52,standard_1,,,,,,False,False,False,【第3類医薬品】トクホン 40枚 ×8
B00SW7LM14,drugstore,,7575.0,,50030,6,52,standard_1,,,,,,False,False,False,【第3類医薬品】トクホン 80枚 ×9
B00QLDX81I,drugstore,,3714.0,,50030,6,52,standard_1,,,,,,False,False,False,【第3類医薬品】トクホン 80枚 ×4
B00SW7LDHC,drugstore,,5163.0,,50030,6,52,standard_1,,,,,,False,False,False,【第3類医薬品】トクホン 80枚 ×6
B00SW7L58Y,drugstore,,3372.0,,50030,2,52,standard_1,,,,,,False,False,False,【第3類医薬品】トクホン 40枚 ×6
B00QLDXGE2,drugstore,,6653.0,,50030,7,52,standard_1,,,,,,False,False,False,【第3類医薬品】トクホン 140枚 ×5
B00D9KDUC8,drugstore,4987038980800,4240.0,,50036,12,52,standard_2,3912,楽天,-1060,-25.0,はずれ,False,False,False,オーヤラックス アルファ(殺菌剤) 4L
B08D8X82NY,drugstore,4580087713438,9280.0,,50060,2,52,standard_1,,,,,,False,False,False,AED+CPR トレーニングキット アクトキッズ バイリンガル Y283
B008FL8KSA,drugstore,0025077514649,3244.0,,50075,3,52,small,3300,Yahoo,-970,-29.9,はずれ,False,False,False,"ピューリタンズプライドビオチン10,000mcg100ソフトジェル 髪の"
B0GTYKZ8VT,drugstore,,4997.0,,50133,2,51,standard_1,,,,,,False,False,False,ユニ・チャーム ライフリー 大人用紙おむつ 尿とりパッド パンツ用 かん
B079YH9959,drugstore,4902888727726,4379.0,,50090,15,52,standard_2,3640,Yahoo,-663,-15.1,はずれ,False,False,False,ジュニアプロテイン ココア味 980g
B0GQ9WTRBS,drugstore,,4980.0,,65909,3,44,large_1,,,,,,False,False,False,サラヤ ヤシノミ洗たく洗剤 濃縮タイプ 詰め替え 大容量 950ml 3
B0GQ9SVZKQ,drugstore,,3280.0,,65909,2,44,standard_2,,,,,,False,False,False,サラヤ ヤシノミ洗たく洗剤 濃縮タイプ 本体 520ml + 詰め替え 
B08GHNNXKZ,drugstore,4987033000435,5100.0,,50102,3,52,small,,,,,,False,False,False,太田胃散 おいしい桑の葉青汁プレミアム (60袋)
B0CW8X9CMC,drugstore,9417952032989,3280.0,,50120,2,52,small,5400,楽天,-3038,-92.6,はずれ,False,False,False,[KLESIA] スマートフォン、PC、IPADの有害光線に専用対応眼鏡
B0CW8NQ5Z5,drugstore,9417952033023,3280.0,,50120,2,52,small,5400,楽天,-3038,-92.6,はずれ,False,False,False,[KLESIA] スマートフォン・PCの光対策 メガネ ブルーライトカッ
B0CW9377PH,drugstore,9417952032996,3280.0,,50120,2,52,small,,,,,,False,False,False,[KLESIA] スマートフォン、PC、IPADの有害光線に専用対応眼鏡
B00QLF0H3I,drugstore,,3587.0,,50130,3,51,standard_1,,,,,,False,False,False,【第2類医薬品】ツムラ漢方柴胡桂枝湯エキス顆粒A 8包 ×4
B00QLF095Y,drugstore,,5384.0,,50130,3,51,standard_1,,,,,,False,False,False,【第2類医薬品】ツムラ漢方柴胡桂枝湯エキス顆粒A 8包 ×5
B00QK3NFUS,drugstore,,4089.0,,50139,5,51,standard_1,,,,,,False,False,False,【第3類医薬品】オスバンS 600mL ×5
B0BYMK1DDL,drugstore,,3284.0,,50143,2,51,standard_2,,,,,,False,False,False,【公式】とみおかクリーニング フラワー・粉末洗濯洗剤【ミルク缶入り】ステ
B00G461LFW,drugstore,,3378.0,,50192,5,51,small,,,,,,False,False,False,薬用 シェルピカ80ｇ2本セット 歯磨き粉 歯みがき粉 はみがきこ ハイ
B093Q55ZWY,drugstore,9639784557465,11302.0,,69367,3,43,standard_1,,,,,,False,False,False,[TC-GFR] 人工乳房 女装 コスプレ 上半身 シリコンバスト 人工
B09TKSFFH7,drugstore,,9146.0,,50147,7,51,standard_1,,,,,,False,False,False,【第3類医薬品】アリナミンメディカルゴールド 105錠 ×2
B00QLHVIKW,drugstore,,4889.0,,50156,3,51,standard_1,,,,,,False,False,False,【第3類医薬品】ユンケルEC 30包 ×2
B00QLHW2JS,drugstore,,6067.0,,50156,3,51,standard_1,,,,,,False,False,False,【第3類医薬品】ユンケルEC 60包 ×2
B00QLHX2CE,drugstore,,10739.0,,50156,7,51,standard_1,,,,,,False,False,False,【第3類医薬品】ユンケルEC 100包 ×3
B0BRMCNH51,drugstore,4582594311909,3960.0,,50163,2,51,small,3960,楽天,-986,-24.9,はずれ,False,False,False,Nopra（ノプラ）月経ディスク ステイタブ タイプ 生理カップ 月経カ
B0BRMK7SW2,drugstore,4582594311916,3960.0,,50170,2,51,small,3960,楽天,-986,-24.9,はずれ,False,False,False,Nopra（ノプラ）月経ディスク ステイタブ タイプ 生理カップ 月経カ
B0BRMB1L6N,drugstore,4582594311954,3960.0,,50170,2,51,small,,,,,,False,False,False,Nopra（ノプラ）月経ディスク プルストリング タイプ 生理カップ 月
B0BRMCD7C2,drugstore,4582594311947,3960.0,,50170,2,51,small,,,,,,False,False,False,Nopra（ノプラ）月経ディスク プルストリング タイプ 生理カップ 月
B0BRMFK77X,drugstore,4582594314931,3960.0,,50170,2,51,small,,,,,,False,False,False,Nopra（ノプラ）月経ディスク グリップノッチ タイプ 生理カップ 月
B0BRMHH226,drugstore,4582594314948,3960.0,,50170,2,51,small,,,,,,False,False,False,Nopra（ノプラ）月経ディスク グリップノッチ タイプ 生理カップ 月
B001O7PNNM,drugstore,0070382172169,3967.0,,50170,6,51,standard_1,,,,,,False,False,False,Meguiars Ultimate Compound Liquid Mi
B0B8MXXYHX,drugstore,,4980.0,,50174,2,51,standard_2,,,,,,False,False,False,【5個セット】フィッティ 7DAYSマスク 小さめ 60枚入 マスクケー
B0CVTWRDJ5,drugstore,4902105980477,6480.0,,50223,2,51,small,6879,Yahoo,-1637,-25.3,はずれ,False,False,False,日清食品 腸まで届ける ナイスリムエッセンス ラクトフェリン [ 機能性
B0CK4W92P6,drugstore,7630850302295,9900.0,,50191,3,51,standard_1,9900,Yahoo,-1824,-18.4,はずれ,False,False,False,【公式】Stadler Form アロマディフューザー Nora 充電式
B0C8X697QH,drugstore,0030772094389,3251.0,,50195,2,51,standard_1,4620,Yahoo,-2528,-77.8,はずれ,False,False,False,ダウニーシート インフュージョンズ スパークリングアンバー&ローズ メガ
B00QK1NRCG,drugstore,,4573.0,,50197,7,51,standard_1,,,,,,False,False,False,【第2類医薬品】ベルエムピL錠 192錠 ×2
B00QK1MG32,drugstore,,5433.0,,50200,13,51,standard_1,,,,,,False,False,False,【第2類医薬品】生葉漢方錠 84錠 ×5
B00QK1MA9M,drugstore,,4412.0,,50200,11,51,standard_1,,,,,,False,False,False,【第2類医薬品】生葉漢方錠 84錠 ×4
B00QK1M5KQ,drugstore,,3679.0,,50200,9,51,standard_1,,,,,,False,False,False,【第2類医薬品】生葉漢方錠 84錠 ×3
B00EC90G3G,drugstore,,10270.0,,50201,3,51,standard_1,,,,,,False,False,False,アサヒ緑健　緑効青汁　90袋入
B08KD2B8GV,drugstore,4589980007590,3680.0,,50211,2,51,large_1,3320,Yahoo,-1141,-31.0,はずれ,False,False,False,日本製 プロピレングリコール (PG) 2000g (2kg) 食品添加
B07JCXWG7Q,drugstore,,5998.0,,50213,3,51,standard_1,,,,,,False,False,False,2個セット ビタミンB-100 タイムリリース 100粒 [海外直送品]
B00NFDK838,drugstore,,3879.0,,50241,5,51,standard_1,,,,,,False,False,False,ワンデーピュアうるおいプラス乱視用 【BC】8.8【PWR】-1.25【
B00QK4CFRQ,drugstore,,4340.0,,50246,6,51,standard_1,,,,,,False,False,False,【第3類医薬品】トラフル クイックショット 20mL ×5
B00QK4C5JE,drugstore,,3548.0,,50253,5,51,standard_1,,,,,,False,False,False,【第3類医薬品】トラフル クイックショット 20mL ×4
B00SW8GYAM,drugstore,,8681.0,,50253,3,51,standard_1,,,,,,False,False,False,【第3類医薬品】トラフル クイックショット 20mL ×10
B00SW8GK4C,drugstore,,5465.0,,50253,3,51,standard_1,,,,,,False,False,False,【第3類医薬品】トラフル クイックショット 20mL ×6
B00SW8GU4W,drugstore,,7962.0,,50253,3,51,standard_1,,,,,,False,False,False,【第3類医薬品】トラフル クイックショット 20mL ×9
B00SW8GNZS,drugstore,,6792.0,,50253,3,51,standard_1,,,,,,False,False,False,【第3類医薬品】トラフル クイックショット 20mL ×7
B00SW8GR8Q,drugstore,,7604.0,,50253,3,51,standard_1,,,,,,False,False,False,【第3類医薬品】トラフル クイックショット 20mL ×8
B00SW4MW3O,drugstore,,7554.0,,50310,4,51,standard_1,,,,,,False,False,False,【第3類医薬品】タイガーバーム 30g ×8
B00QJUISSQ,drugstore,,5299.0,,50263,3,51,standard_1,,,,,,False,False,False,【第3類医薬品】タイガーバーム 30g ×4
B00QJUI7RS,drugstore,,4450.0,,50270,3,51,standard_1,,,,,,False,False,False,【第3類医薬品】タイガーバーム 19.4g ×5
B00QJUIOW6,drugstore,,5969.0,,50270,3,51,standard_1,,,,,,False,False,False,【第3類医薬品】タイガーバーム 30g ×5
B00SW4MHJ8,drugstore,,7099.0,,50270,3,51,standard_1,,,,,,False,False,False,【第3類医薬品】タイガーバーム 30g ×6
B0CT5LNHW9,drugstore,4580039801015,9636.0,,64366,4,45,large_2,4488,Yahoo,2847,29.5,原石,True,True,False,バンブークリア Bamboo Clear (3L 詰替用)【 2個セット
B0FG2ZXZJT,drugstore,0037936474599,4586.0,,50300,2,51,small,,,,,,False,False,False,【MTL& RDL向け】電子タバコ Geekvape Soul 2 Po
B008OEUCLG,drugstore,4964433150014,3465.0,,50301,6,51,large_1,1430,楽天,556,16.0,原石,True,True,False,オーサワ　マザータッチ No.1500R（洗濯用） 1L　x2個セット
B00QJUJ1KA,drugstore,,3137.0,,50310,5,50,standard_1,,,,,,False,False,False,【第3類医薬品】タイガーバーム 30g ×3
B0GPPZ328H,drugstore,,5643.0,,50313,3,51,small,,,,,,False,False,False,【第3類医薬品】トラフルBBチャージc 120錠 ×3
B07K82Z4FL,drugstore,4955574771541,3465.0,,50314,2,51,standard_1,3465,Yahoo,-1180,-34.1,はずれ,False,False,False,ユニコ らくらく灸 ソフト 128壮入 セルフお灸 大きなもぐさで温灸効
B07YHJYJM9,drugstore,4571266450121,3498.0,,50317,5,51,standard_1,21560,楽天,-19246,-550.2,はずれ,False,False,False,【綿100％】mimoto hitohira GRACE グレース 布お
B07HBR4PRK,drugstore,4946842635900,4367.0,,50323,5,51,standard_1,1938,Yahoo,1158,26.5,原石,True,True,False,【2個セット】ディアナチュラ 29アミノ マルチビタミン&ミネラル 30
B0G4JNL5KJ,drugstore,,3280.0,,68876,2,43,standard_2,,,,,,False,False,False,Laundrin ランドリン 柔軟剤 カモミールティーの香り 本体 60
B0FRDW86NC,drugstore,,4800.0,,50326,2,51,standard_1,,,,,,False,False,False,コプリナ 高純度さらさらコラーゲン 120g 3個セット 純度100％ 
B0FRCWP4W2,drugstore,,3380.0,,50326,2,51,standard_1,,,,,,False,False,False,コプリナ 高純度さらさらコラーゲン 120g 2個セット 純度100％ 
B0CHM11TZS,drugstore,4903111247844,4500.0,,50327,5,51,large_2,3931,Yahoo,-1218,-27.1,はずれ,False,False,False,ムーニー 【まとめ買いパック】【手口ふき】 手口ふき 純水99% 詰替 
B0FDWJJB6Z,drugstore,,8057.0,,50343,8,51,small,,,,,,False,False,False,【第2類医薬品】太田胃散〈分包〉S 50包 ×5
B0D16W94TH,drugstore,0884465113310,5860.0,,50356,2,51,standard_1,,,,,,False,False,False,【3個セット】2WEEKメニコン プレミオ トーリック 【BC】8.60
B0D1711BDY,drugstore,0884465123654,5860.0,,50356,2,51,standard_1,,,,,,False,False,False,【3個セット】2WEEKメニコン プレミオ トーリック 【BC】8.60
B0D16T1V9M,drugstore,0884465103366,5860.0,,50356,2,51,standard_1,,,,,,False,False,False,【3個セット】2WEEKメニコン プレミオ トーリック 【BC】8.60
B0D16RJR8T,drugstore,0884465123494,5860.0,,50356,2,51,standard_1,,,,,,False,False,False,【3個セット】2WEEKメニコン プレミオ トーリック 【BC】8.60
B0D16RFZD9,drugstore,0884465113419,5860.0,,50356,2,51,standard_1,,,,,,False,False,False,【3個セット】2WEEKメニコン プレミオ トーリック 【BC】8.60
B0D176HR6R,drugstore,0884465101447,5860.0,,50356,2,51,standard_1,,,,,,False,False,False,【3個セット】2WEEKメニコン プレミオ トーリック 【BC】8.60
B0D17942X5,drugstore,0884465111422,5860.0,,50356,2,51,standard_1,,,,,,False,False,False,【3個セット】2WEEKメニコン プレミオ トーリック 【BC】8.60
B0D177X7PS,drugstore,0884465123333,5860.0,,50356,2,51,standard_1,,,,,,False,False,False,【3個セット】2WEEKメニコン プレミオ トーリック 【BC】8.60
B0D1731H69,drugstore,0884465103335,5860.0,,50356,2,51,standard_1,,,,,,False,False,False,【3個セット】2WEEKメニコン プレミオ トーリック 【BC】8.60
B0D173WBYS,drugstore,0884465113327,5860.0,,50356,2,51,standard_1,,,,,,False,False,False,【3個セット】2WEEKメニコン プレミオ トーリック 【BC】8.60
B0D17JYC1Z,drugstore,0884465111361,5860.0,,50356,2,51,standard_1,,,,,,False,False,False,【3個セット】2WEEKメニコン プレミオ トーリック 【BC】8.60
B0D171LV5S,drugstore,0884465101362,5860.0,,50356,2,51,standard_1,,,,,,False,False,False,【3個セット】2WEEKメニコン プレミオ トーリック 【BC】8.60
B0D17CLS6J,drugstore,0884465111439,5860.0,,50356,2,51,standard_1,,,,,,False,False,False,【3個セット】2WEEKメニコン プレミオ トーリック 【BC】8.60
B0D176SGDM,drugstore,0884465101591,5860.0,,50356,2,51,standard_1,,,,,,False,False,False,【3個セット】2WEEKメニコン プレミオ トーリック 【BC】8.60
B0D16ZJC35,drugstore,0884465113488,5860.0,,50356,2,51,standard_1,,,,,,False,False,False,【3個セット】2WEEKメニコン プレミオ トーリック 【BC】8.60
B0D17H47G9,drugstore,0884465113570,5860.0,,50356,2,51,standard_1,,,,,,False,False,False,【3個セット】2WEEKメニコン プレミオ トーリック 【BC】8.60
B0D1781MZK,drugstore,0884465123296,5860.0,,50356,2,51,standard_1,,,,,,False,False,False,【3個セット】2WEEKメニコン プレミオ トーリック 【BC】8.60
B0D16XYC7K,drugstore,0884465113280,5860.0,,50356,2,51,standard_1,,,,,,False,False,False,【3個セット】2WEEKメニコン プレミオ トーリック 【BC】8.60
B0D16THF8R,drugstore,0884465101393,5860.0,,50356,2,51,standard_1,,,,,,False,False,False,【3個セット】2WEEKメニコン プレミオ トーリック 【BC】8.60
B0D178NW8Z,drugstore,0884465103298,5860.0,,50356,2,51,standard_1,1980,Yahoo,2460,42.0,原石,True,True,False,【3個セット】2WEEKメニコン プレミオ トーリック 【BC】8.60
B0D16WZG2L,drugstore,0884465101379,5860.0,,50356,2,51,standard_1,,,,,,False,False,False,【3個セット】2WEEKメニコン プレミオ トーリック 【BC】8.60
B0D174JYWP,drugstore,0884465101331,5860.0,,50356,2,51,standard_1,,,,,,False,False,False,【3個セット】2WEEKメニコン プレミオ トーリック 【BC】8.60
B0D16T39QP,drugstore,0884465103434,5860.0,,50356,2,51,standard_1,,,,,,False,False,False,【3個セット】2WEEKメニコン プレミオ トーリック 【BC】8.60
B0D1718FCF,drugstore,0884465123326,5860.0,,50356,2,51,standard_1,,,,,,False,False,False,【3個セット】2WEEKメニコン プレミオ トーリック 【BC】8.60
B0D1735VVK,drugstore,0884465111262,5860.0,,50356,2,51,standard_1,,,,,,False,False,False,【3個セット】2WEEKメニコン プレミオ トーリック 【BC】8.60
B0D1726GP1,drugstore,0884465113631,5860.0,,50356,2,51,standard_1,,,,,,False,False,False,【3個セット】2WEEKメニコン プレミオ トーリック 【BC】8.60
B0D16SRF57,drugstore,0884465111590,5860.0,,50356,2,51,standard_1,,,,,,False,False,False,【3個セット】2WEEKメニコン プレミオ トーリック 【BC】8.60
B0D176KG77,drugstore,0884465111514,5860.0,,50356,2,51,standard_1,,,,,,False,False,False,【3個セット】2WEEKメニコン プレミオ トーリック 【BC】8.60
B0D17JYN25,drugstore,0884465111354,5860.0,,50356,2,51,standard_1,,,,,,False,False,False,【3個セット】2WEEKメニコン プレミオ トーリック 【BC】8.60
B0D178WXNV,drugstore,0884465103557,5860.0,,50356,2,51,standard_1,,,,,,False,False,False,【3個セット】2WEEKメニコン プレミオ トーリック 【BC】8.60
B0D16Y95XT,drugstore,0884465123265,5860.0,,50356,2,51,standard_1,,,,,,False,False,False,【3個セット】2WEEKメニコン プレミオ トーリック 【BC】8.60
B0D16XCLYN,drugstore,0884465111347,5860.0,,50356,2,51,standard_1,,,,,,False,False,False,【3個セット】2WEEKメニコン プレミオ トーリック 【BC】8.60
B0D175X46H,drugstore,0884465101461,5860.0,,50356,2,51,standard_1,,,,,,False,False,False,【3個セット】2WEEKメニコン プレミオ トーリック 【BC】8.60
B0D173VMK7,drugstore,0884465103632,5860.0,,50356,2,51,standard_1,,,,,,False,False,False,【3個セット】2WEEKメニコン プレミオ トーリック 【BC】8.60
B0D1775RWP,drugstore,0884465123487,5860.0,,50356,2,51,standard_1,,,,,,False,False,False,【3個セット】2WEEKメニコン プレミオ トーリック 【BC】8.60
B0D175LRRG,drugstore,0884465103656,5860.0,,50356,2,51,standard_1,,,,,,False,False,False,【3個セット】2WEEKメニコン プレミオ トーリック 【BC】8.60
B0D17H5GHX,drugstore,0884465113396,5860.0,,50356,2,51,standard_1,,,,,,False,False,False,【3個セット】2WEEKメニコン プレミオ トーリック 【BC】8.60
B0D1778ZN9,drugstore,0884465113518,5860.0,,50356,2,51,standard_1,,,,,,False,False,False,【3個セット】2WEEKメニコン プレミオ トーリック 【BC】8.60
B0D16WD1YD,drugstore,0884465111293,5860.0,,50356,2,51,standard_1,,,,,,False,False,False,【3個セット】2WEEKメニコン プレミオ トーリック 【BC】8.60
B0D171L3Q9,drugstore,0884465111385,5860.0,,50356,2,51,standard_1,,,,,,False,False,False,【3個セット】2WEEKメニコン プレミオ トーリック 【BC】8.60
B0D1724Y2H,drugstore,0884465101409,5860.0,,50356,2,51,standard_1,,,,,,False,False,False,【3個セット】2WEEKメニコン プレミオ トーリック 【BC】8.60
B0D1726SKQ,drugstore,0884465103533,5860.0,,50356,2,51,standard_1,,,,,,False,False,False,【3個セット】2WEEKメニコン プレミオ トーリック 【BC】8.60
B0D16VH95D,drugstore,0884465113532,5860.0,,50356,2,51,standard_1,,,,,,False,False,False,【3個セット】2WEEKメニコン プレミオ トーリック 【BC】8.60
B0D16TP5MV,drugstore,0884465113303,5860.0,,50356,2,51,standard_1,,,,,,False,False,False,【3個セット】2WEEKメニコン プレミオ トーリック 【BC】8.60
B0D173TKS6,drugstore,0884465113464,5860.0,,50356,2,51,standard_1,,,,,,False,False,False,【3個セット】2WEEKメニコン プレミオ トーリック 【BC】8.60
B0D16TZYY3,drugstore,0884465101386,5860.0,,50356,2,51,standard_1,,,,,,False,False,False,【3個セット】2WEEKメニコン プレミオ トーリック 【BC】8.60
B0D1724L5B,drugstore,0884465123579,5860.0,,50356,2,51,standard_1,,,,,,False,False,False,【3個セット】2WEEKメニコン プレミオ トーリック 【BC】8.60
B0D16RSD1K,drugstore,0884465101263,5860.0,,50356,2,51,standard_1,,,,,,False,False,False,【3個セット】2WEEKメニコン プレミオ トーリック 【BC】8.60
B0D17JXRRW,drugstore,0884465103465,5860.0,,50356,2,51,standard_1,,,,,,False,False,False,【3個セット】2WEEKメニコン プレミオ トーリック 【BC】8.60
B0D16RKDKR,drugstore,0884465111538,5860.0,,50356,2,51,standard_1,,,,,,False,False,False,【3個セット】2WEEKメニコン プレミオ トーリック 【BC】8.60
B0D17H6SXB,drugstore,0884465111576,5860.0,,50356,2,51,standard_1,,,,,,False,False,False,【3個セット】2WEEKメニコン プレミオ トーリック 【BC】8.60
B0D16XGW2N,drugstore,0884465101614,5860.0,,50356,2,51,standard_1,,,,,,False,False,False,【3個セット】2WEEKメニコン プレミオ トーリック 【BC】8.60
B0D178FJ95,drugstore,0884465113334,5860.0,,50356,2,51,standard_1,,,,,,False,False,False,【3個セット】2WEEKメニコン プレミオ トーリック 【BC】8.60
B0D17FC1GG,drugstore,0884465113266,5860.0,,50356,2,51,standard_1,,,,,,False,False,False,【3個セット】2WEEKメニコン プレミオ トーリック 【BC】8.60
B0D16XYNFV,drugstore,0884465103571,5860.0,,50356,2,51,standard_1,,,,,,False,False,False,【3個セット】2WEEKメニコン プレミオ トーリック 【BC】8.60
B0D17DX99M,drugstore,0884465111286,5860.0,,50356,2,51,standard_1,,,,,,False,False,False,【3個セット】2WEEKメニコン プレミオ トーリック 【BC】8.60
B0D16RLBFY,drugstore,0884465111477,5860.0,,50356,2,51,standard_1,,,,,,False,False,False,【3個セット】2WEEKメニコン プレミオ トーリック 【BC】8.60
B0D1733FJH,drugstore,0884465101492,5860.0,,50356,2,51,standard_1,,,,,,False,False,False,【3個セット】2WEEKメニコン プレミオ トーリック 【BC】8.60
B0D171YWMC,drugstore,0884465111491,5860.0,,50356,2,51,standard_1,,,,,,False,False,False,【3個セット】2WEEKメニコン プレミオ トーリック 【BC】8.60
B0D1787MYF,drugstore,0884465123531,5860.0,,50356,2,51,standard_1,,,,,,False,False,False,【3個セット】2WEEKメニコン プレミオ トーリック 【BC】8.60
B0D17CLS5X,drugstore,0884465101539,5860.0,,50356,2,51,standard_1,,,,,,False,False,False,【3個セット】2WEEKメニコン プレミオ トーリック 【BC】8.60
B0D1739JZD,drugstore,0884465113433,5860.0,,50356,2,51,standard_1,,,,,,False,False,False,【3個セット】2WEEKメニコン プレミオ トーリック 【BC】8.60
B0D174ZM6V,drugstore,0884465123432,5860.0,,50356,2,51,standard_1,,,,,,False,False,False,【3個セット】2WEEKメニコン プレミオ トーリック 【BC】8.60
B0D171N6L4,drugstore,0884465111316,5860.0,,50356,2,51,standard_1,,,,,,False,False,False,【3個セット】2WEEKメニコン プレミオ トーリック 【BC】8.60
B0D173RX89,drugstore,0884465113358,5860.0,,50356,2,51,standard_1,,,,,,False,False,False,【3個セット】2WEEKメニコン プレミオ トーリック 【BC】8.60
B0D16T46K4,drugstore,0884465101430,5860.0,,50356,2,51,standard_1,,,,,,False,False,False,【3個セット】2WEEKメニコン プレミオ トーリック 【BC】8.60
B0D178SK8J,drugstore,0884465103595,5860.0,,50356,2,51,standard_1,,,,,,False,False,False,【3個セット】2WEEKメニコン プレミオ トーリック 【BC】8.60
B0D174GHKQ,drugstore,0884465103328,5860.0,,50356,2,51,standard_1,,,,,,False,False,False,【3個セット】2WEEKメニコン プレミオ トーリック 【BC】8.60
B0D16V3MCD,drugstore,0884465123319,5860.0,,50356,2,51,standard_1,,,,,,False,False,False,【3個セット】2WEEKメニコン プレミオ トーリック 【BC】8.60
B0D17H89KV,drugstore,0884465103311,5860.0,,50356,2,51,standard_1,,,,,,False,False,False,【3個セット】2WEEKメニコン プレミオ トーリック 【BC】8.60
B0D175WCMR,drugstore,0884465123357,5860.0,,50356,2,51,standard_1,,,,,,False,False,False,【3個セット】2WEEKメニコン プレミオ トーリック 【BC】8.60
B0D17H7GFB,drugstore,0884465123630,5860.0,,50356,2,51,standard_1,,,,,,False,False,False,【3個セット】2WEEKメニコン プレミオ トーリック 【BC】8.60
B0D17CKMW3,drugstore,0884465111309,5860.0,,50356,2,51,standard_1,,,,,,False,False,False,【3個セット】2WEEKメニコン プレミオ トーリック 【BC】8.60
B0D179D398,drugstore,0884465123340,5860.0,,50356,2,51,standard_1,,,,,,False,False,False,【3個セット】2WEEKメニコン プレミオ トーリック 【BC】8.60
B0D16TT1K8,drugstore,0884465103618,5860.0,,50356,2,51,standard_1,,,,,,False,False,False,【3個セット】2WEEKメニコン プレミオ トーリック 【BC】8.60
B0D16VB8Z2,drugstore,0884465111651,5860.0,,50356,2,51,standard_1,,,,,,False,False,False,【3個セット】2WEEKメニコン プレミオ トーリック 【BC】8.60
B0D17FCY5L,drugstore,0884465113426,5860.0,,50356,2,51,standard_1,,,,,,False,False,False,【3個セット】2WEEKメニコン プレミオ トーリック 【BC】8.60
B0D171655F,drugstore,0884465103250,5860.0,,50356,2,51,standard_1,2970,Yahoo,1470,25.1,原石,True,True,False,【3個セット】2WEEKメニコン プレミオ トーリック 【BC】8.60
B0D16ST3WJ,drugstore,0884465113471,5860.0,,50356,2,51,standard_1,,,,,,False,False,False,【3個セット】2WEEKメニコン プレミオ トーリック 【BC】8.60
B0D171M57C,drugstore,0884465111637,5860.0,,50356,2,51,standard_1,,,,,,False,False,False,【3個セット】2WEEKメニコン プレミオ トーリック 【BC】8.60
B0D176J3F4,drugstore,0884465101423,5860.0,,50356,2,51,standard_1,,,,,,False,False,False,【3個セット】2WEEKメニコン プレミオ トーリック 【BC】8.60
B0D177CN1J,drugstore,0884465123388,5860.0,,50356,2,51,standard_1,,,,,,False,False,False,【3個セット】2WEEKメニコン プレミオ トーリック 【BC】8.60
B0D16TGYPZ,drugstore,0884465101300,5860.0,,50356,2,51,standard_1,,,,,,False,False,False,【3個セット】2WEEKメニコン プレミオ トーリック 【BC】8.60
B0D171QTSJ,drugstore,0884465123470,5860.0,,50356,2,51,standard_1,,,,,,False,False,False,【3個セット】2WEEKメニコン プレミオ トーリック 【BC】8.60
B0D17CK98W,drugstore,0884465123616,5860.0,,50356,2,51,standard_1,,,,,,False,False,False,【3個セット】2WEEKメニコン プレミオ トーリック 【BC】8.60
B0D16XBYGX,drugstore,0884465123272,5860.0,,50356,2,51,standard_1,,,,,,False,False,False,【3個セット】2WEEKメニコン プレミオ トーリック 【BC】8.60
B0D16YM3XH,drugstore,0884465111279,5860.0,,50356,2,51,standard_1,,,,,,False,False,False,【3個セット】2WEEKメニコン プレミオ トーリック 【BC】8.60
B0D16VH95H,drugstore,0884465103403,5860.0,,50356,2,51,standard_1,,,,,,False,False,False,【3個セット】2WEEKメニコン プレミオ トーリック 【BC】8.60
B0D16WV3FF,drugstore,0884465123456,5860.0,,50356,2,51,standard_1,,,,,,False,False,False,【3個セット】2WEEKメニコン プレミオ トーリック 【BC】8.60
B0D16RKPSH,drugstore,0884465113297,5860.0,,50356,2,51,standard_1,,,,,,False,False,False,【3個セット】2WEEKメニコン プレミオ トーリック 【BC】8.60
B0D1734X1Z,drugstore,0884465123289,5860.0,,50356,2,51,standard_1,,,,,,False,False,False,【3個セット】2WEEKメニコン プレミオ トーリック 【BC】8.60
B0D16KC6MR,drugstore,0884465111484,5860.0,,50356,2,51,standard_1,,,,,,False,False,False,【3個セット】2WEEKメニコン プレミオ トーリック 【BC】8.60
B0D16ZN8RP,drugstore,0884465103380,5860.0,,50356,2,51,standard_1,,,,,,False,False,False,【3個セット】2WEEKメニコン プレミオ トーリック 【BC】8.60
B0D16SQKJZ,drugstore,0884465103441,5860.0,,50356,2,51,standard_1,,,,,,False,False,False,【3個セット】2WEEKメニコン プレミオ トーリック 【BC】8.60
B0D16STXDR,drugstore,0884465101577,5860.0,,50356,2,51,standard_1,,,,,,False,False,False,【3個セット】2WEEKメニコン プレミオ トーリック 【BC】8.60
B0D16W67QJ,drugstore,0884465111453,5860.0,,50356,2,51,standard_1,,,,,,False,False,False,【3個セット】2WEEKメニコン プレミオ トーリック 【BC】8.60
B0D174KPTK,drugstore,0884465111255,5860.0,,50356,2,51,standard_1,,,,,,False,False,False,【3個セット】2WEEKメニコン プレミオ トーリック 【BC】8.60
B0D16YLG2V,drugstore,0884465101270,5860.0,,50356,2,51,standard_1,,,,,,False,False,False,【3個セット】2WEEKメニコン プレミオ トーリック 【BC】8.60
B0D1748C4S,drugstore,0884465113389,5860.0,,50356,2,51,standard_1,,,,,,False,False,False,【3個セット】2WEEKメニコン プレミオ トーリック 【BC】8.60
B0D16WF384,drugstore,0884465103267,5860.0,,50356,2,51,standard_1,,,,,,False,False,False,【3個セット】2WEEKメニコン プレミオ トーリック 【BC】8.60
B0D179591Y,drugstore,0884465111378,5860.0,,50356,2,51,standard_1,,,,,,False,False,False,【3個セット】2WEEKメニコン プレミオ トーリック 【BC】8.60
B0D175SLZK,drugstore,0884465101348,5860.0,,50356,2,51,standard_1,,,,,,False,False,False,【3個セット】2WEEKメニコン プレミオ トーリック 【BC】8.60
B0D1727SBX,drugstore,0884465101294,5860.0,,50356,2,51,standard_1,,,,,,False,False,False,【3個セット】2WEEKメニコン プレミオ トーリック 【BC】8.60
B0D16T46KB,drugstore,0884465123395,5860.0,,50356,2,51,standard_1,,,,,,False,False,False,【3個セット】2WEEKメニコン プレミオ トーリック 【BC】8.60
B0D175JFSJ,drugstore,0884465113495,5860.0,,50356,2,51,standard_1,,,,,,False,False,False,【3個セット】2WEEKメニコン プレミオ トーリック 【BC】8.60
B0D173718S,drugstore,0884465101256,5860.0,,50356,2,51,standard_1,1980,Yahoo,2460,42.0,原石,True,True,False,【3個セット】2WEEKメニコン プレミオ トーリック 【BC】8.60
B0D17CV16J,drugstore,0884465113457,5860.0,,50356,2,51,standard_1,,,,,,False,False,False,【3個セット】2WEEKメニコン プレミオ トーリック 【BC】8.60
B0D16ZH54B,drugstore,0884465111460,5860.0,,50356,2,51,standard_1,,,,,,False,False,False,【3個セット】2WEEKメニコン プレミオ トーリック 【BC】8.60
B0D175NRFK,drugstore,0884465113617,5860.0,,50356,2,51,standard_1,,,,,,False,False,False,【3個セット】2WEEKメニコン プレミオ トーリック 【BC】8.60
B0D179S93G,drugstore,0884465123364,5860.0,,50356,2,51,standard_1,,,,,,False,False,False,【3個セット】2WEEKメニコン プレミオ トーリック 【BC】8.60
B0D17H89KZ,drugstore,0884465101553,5860.0,,50356,2,51,standard_1,,,,,,False,False,False,【3個セット】2WEEKメニコン プレミオ トーリック 【BC】8.60
B0D17333JL,drugstore,0884465103427,5860.0,,50356,2,51,standard_1,,,,,,False,False,False,【3個セット】2WEEKメニコン プレミオ トーリック 【BC】8.60
B0D175VCY1,drugstore,0884465123401,5860.0,,50356,2,51,standard_1,,,,,,False,False,False,【3個セット】2WEEKメニコン プレミオ トーリック 【BC】8.60
B0D178HG89,drugstore,0884465113402,5860.0,,50356,2,51,standard_1,,,,,,False,False,False,【3個セット】2WEEKメニコン プレミオ トーリック 【BC】8.60
B0D1729CKV,drugstore,0884465111392,5860.0,,50356,2,51,standard_1,,,,,,False,False,False,【3個セット】2WEEKメニコン プレミオ トーリック 【BC】8.60
B0D174F285,drugstore,0884465113372,5860.0,,50356,2,51,standard_1,,,,,,False,False,False,【3個セット】2WEEKメニコン プレミオ トーリック 【BC】8.60
B0D16TD9KG,drugstore,0884465113594,5860.0,,50356,2,51,standard_1,,,,,,False,False,False,【3個セット】2WEEKメニコン プレミオ トーリック 【BC】8.60
B0D174DHWJ,drugstore,0884465103281,5860.0,,50356,2,51,standard_1,,,,,,False,False,False,【3個セット】2WEEKメニコン プレミオ トーリック 【BC】8.60
B0D176JF7C,drugstore,0884465101317,5860.0,,50356,2,51,standard_1,,,,,,False,False,False,【3個セット】2WEEKメニコン プレミオ トーリック 【BC】8.60
B0D178RRH2,drugstore,0884465123463,5860.0,,50356,2,51,standard_1,,,,,,False,False,False,【3個セット】2WEEKメニコン プレミオ トーリック 【BC】8.60
B0D179D39J,drugstore,0884465111330,5860.0,,50356,2,51,standard_1,,,,,,False,False,False,【3個セット】2WEEKメニコン プレミオ トーリック 【BC】8.60
B0D16ZDRRK,drugstore,0884465123302,5860.0,,50356,2,51,standard_1,,,,,,False,False,False,【3個セット】2WEEKメニコン プレミオ トーリック 【BC】8.60
B0D172MVBH,drugstore,0884465101515,5860.0,,50356,2,51,standard_1,,,,,,False,False,False,【3個セット】2WEEKメニコン プレミオ トーリック 【BC】8.60
B0D175HCR3,drugstore,0884465103458,5860.0,,50356,2,51,standard_1,2820,Yahoo,1620,27.6,原石,True,True,False,【3個セット】2WEEKメニコン プレミオ トーリック 【BC】8.60
B0D16TDLPG,drugstore,0884465103359,5860.0,,50356,2,51,standard_1,,,,,,False,False,False,【3個セット】2WEEKメニコン プレミオ トーリック 【BC】8.60
B0D16ZKMS2,drugstore,0884465113273,5860.0,,50356,2,51,standard_1,,,,,,False,False,False,【3個セット】2WEEKメニコン プレミオ トーリック 【BC】8.60
B0D16YZTJ1,drugstore,0884465113259,5860.0,,50356,2,51,standard_1,,,,,,False,False,False,【3個セット】2WEEKメニコン プレミオ トーリック 【BC】8.60
B0D174CG85,drugstore,0884465101638,5860.0,,50356,2,51,standard_1,,,,,,False,False,False,【3個セット】2WEEKメニコン プレミオ トーリック 【BC】8.60
B0D171M579,drugstore,0884465123517,5860.0,,50356,2,51,standard_1,,,,,,False,False,False,【3個セット】2WEEKメニコン プレミオ トーリック 【BC】8.60
B0D16YS2H8,drugstore,0884465101416,5860.0,,50356,2,51,standard_1,,,,,,False,False,False,【3個セット】2WEEKメニコン プレミオ トーリック 【BC】8.60
B0D16SVYQZ,drugstore,0884465123371,5860.0,,50356,2,51,standard_1,,,,,,False,False,False,【3個セット】2WEEKメニコン プレミオ トーリック 【BC】8.60
B0D171K4KF,drugstore,0884465101287,5860.0,,50356,2,51,standard_1,,,,,,False,False,False,【3個セット】2WEEKメニコン プレミオ トーリック 【BC】8.60
B0D16SR2VX,drugstore,0884465101478,5860.0,,50356,2,51,standard_1,,,,,,False,False,False,【3個セット】2WEEKメニコン プレミオ トーリック 【BC】8.60
B0D16YB9LW,drugstore,0884465101485,5860.0,,50356,2,51,standard_1,,,,,,False,False,False,【3個セット】2WEEKメニコン プレミオ トーリック 【BC】8.60
B0D173V7B2,drugstore,0884465103304,5860.0,,50356,2,51,standard_1,,,,,,False,False,False,【3個セット】2WEEKメニコン プレミオ トーリック 【BC】8.60
B0D16VB8Z5,drugstore,0884465103397,5860.0,,50356,2,51,standard_1,,,,,,False,False,False,【3個セット】2WEEKメニコン プレミオ トーリック 【BC】8.60
B0D176TB9X,drugstore,0884465123425,5860.0,,50356,2,51,standard_1,,,,,,False,False,False,【3個セット】2WEEKメニコン プレミオ トーリック 【BC】8.60
B0D16YQ453,drugstore,0884465123593,5860.0,,50356,2,51,standard_1,,,,,,False,False,False,【3個セット】2WEEKメニコン プレミオ トーリック 【BC】8.60
B0D1734KG7,drugstore,0884465113341,5860.0,,50356,2,51,standard_1,,,,,,False,False,False,【3個セット】2WEEKメニコン プレミオ トーリック 【BC】8.60
B0D172LHZ2,drugstore,0884465111613,5860.0,,50356,2,51,standard_1,,,,,,False,False,False,【3個セット】2WEEKメニコン プレミオ トーリック 【BC】8.60
B0D1737Q82,drugstore,0884465111415,5860.0,,50356,2,51,standard_1,,,,,,False,False,False,【3個セット】2WEEKメニコン プレミオ トーリック 【BC】8.60
B0D16YNSL9,drugstore,0884465103274,5860.0,,50356,2,51,standard_1,,,,,,False,False,False,【3個セット】2WEEKメニコン プレミオ トーリック 【BC】8.60
B0D16ZFZF9,drugstore,0884465101454,5860.0,,50356,2,51,standard_1,,,,,,False,False,False,【3個セット】2WEEKメニコン プレミオ トーリック 【BC】8.60
B0D16LQT7N,drugstore,0884465111552,5860.0,,50356,2,51,standard_1,,,,,,False,False,False,【3個セット】2WEEKメニコン プレミオ トーリック 【BC】8.60
B0D16RKDKM,drugstore,0884465101652,5860.0,,50356,2,51,standard_1,,,,,,False,False,False,【3個セット】2WEEKメニコン プレミオ トーリック 【BC】8.60
B0D1725K5L,drugstore,0884465103373,5860.0,,50356,2,51,standard_1,2670,楽天,1770,30.2,原石,True,True,False,【3個セット】2WEEKメニコン プレミオ トーリック 【BC】8.60
B0D171NVH4,drugstore,0884465123418,5860.0,,50356,2,51,standard_1,,,,,,False,False,False,【3個セット】2WEEKメニコン プレミオ トーリック 【BC】8.60
B0D17333JH,drugstore,0884465101324,5860.0,,50356,2,51,standard_1,,,,,,False,False,False,【3個セット】2WEEKメニコン プレミオ トーリック 【BC】8.60
B0D1714S54,drugstore,0884465113365,5860.0,,50356,2,51,standard_1,,,,,,False,False,False,【3個セット】2WEEKメニコン プレミオ トーリック 【BC】8.60
B0D16T2P8K,drugstore,0884465123555,5860.0,,50356,2,51,standard_1,,,,,,False,False,False,【3個セット】2WEEKメニコン プレミオ トーリック 【BC】8.60
B0D16VF2JB,drugstore,0884465103519,5860.0,,50356,2,51,standard_1,,,,,,False,False,False,【3個セット】2WEEKメニコン プレミオ トーリック 【BC】8.60
B0D16ZDRRY,drugstore,0884465111446,5860.0,,50356,2,51,standard_1,,,,,,False,False,False,【3個セット】2WEEKメニコン プレミオ トーリック 【BC】8.60
B0D172MVBL,drugstore,0884465103489,5860.0,,50356,2,51,standard_1,,,,,,False,False,False,【3個セット】2WEEKメニコン プレミオ トーリック 【BC】8.60
B0D16RJR8M,drugstore,0884465103496,5860.0,,50356,2,51,standard_1,,,,,,False,False,False,【3個セット】2WEEKメニコン プレミオ トーリック 【BC】8.60
B0D16LQT7P,drugstore,0884465111323,5860.0,,50356,2,51,standard_1,,,,,,False,False,False,【3個セット】2WEEKメニコン プレミオ トーリック 【BC】8.60
B0D1727SC2,drugstore,0884465113440,5860.0,,50356,2,51,standard_1,,,,,,False,False,False,【3個セット】2WEEKメニコン プレミオ トーリック 【BC】8.60
B0D16RJDTX,drugstore,0884465123449,5860.0,,50356,2,51,standard_1,,,,,,False,False,False,【3個セット】2WEEKメニコン プレミオ トーリック 【BC】8.60
B0D16W7DYW,drugstore,0884465103472,5860.0,,50356,2,51,standard_1,,,,,,False,False,False,【3個セット】2WEEKメニコン プレミオ トーリック 【BC】8.60
B0D16WT7YM,drugstore,0884465101355,5860.0,,50356,2,51,standard_1,,,,,,False,False,False,【3個セット】2WEEKメニコン プレミオ トーリック 【BC】8.60
B0D179CMDF,drugstore,0884465111408,5860.0,,50356,2,51,standard_1,,,,,,False,False,False,【3個セット】2WEEKメニコン プレミオ トーリック 【BC】8.60
B0D17HDSMC,drugstore,0884465103410,5860.0,,50363,2,51,standard_1,,,,,,False,False,False,【3個セット】2WEEKメニコン プレミオ トーリック 【BC】8.60
B0D16TS5CW,drugstore,0884465113655,5860.0,,50363,2,51,standard_1,,,,,,False,False,False,【3個セット】2WEEKメニコン プレミオ トーリック 【BC】8.60
B002MZY688,diy_tools,0088381029803,41479.0,,50012,7,52,large_2,35857,Yahoo,-1937,-4.7,はずれ,False,False,False,マキタ(Makita) 糸ノコ盤 MSJ401
B0DT6B9FK9,diy_tools,,7640.0,,75834,2,41,standard_1,,,,,,False,False,False,内装応援団 クッションフロア 幅182cm×長さ280cm ダスクオーク
B07FTTZN71,diy_tools,4903471101077,5000.0,,50046,4,52,large_1,4427,楽天,-1310,-26.2,はずれ,False,False,False,レインボー薬品 除草剤 ネコソギトップW粒剤 3kg
B0148D9672,diy_tools,4976124549175,7700.0,,50051,7,52,large_1,7530,Yahoo,-2118,-27.5,はずれ,False,False,False,ニッペ ペンキ 塗料 水性ウッディリコート 3.2L ホワイト 水性 屋
B0148D8RAE,diy_tools,4976124549038,5060.0,,50051,5,52,standard_2,4893,Yahoo,-1556,-30.8,はずれ,False,False,False,ニッペ ペンキ 塗料 水性ウッディリコート 1.6L ウォルナット 水性
B0148D963Q,diy_tools,4976124549014,4750.0,,50051,7,52,standard_2,4290,Yahoo,-1216,-25.6,はずれ,False,False,False,ニッペ ペンキ 塗料 水性ウッディリコート 1.6L ピニー 水性 屋外
B0148D8IBW,diy_tools,4976124548932,3214.0,,50051,12,52,standard_1,2514,Yahoo,-616,-19.2,はずれ,False,False,False,ニッペ ペンキ 塗料 水性ウッディリコート 0.7L ウォルナット 水性
B0148D8R5E,diy_tools,4976124549243,12740.0,,50059,7,52,large_2,12450,Yahoo,-2958,-23.2,はずれ,False,False,False,ニッペ ペンキ 塗料 水性ウッディリコート 7L パリサンダ 水性 屋外
B0CHS578RB,diy_tools,4968249581208,56300.0,,50073,3,52,standard_2,71989,Yahoo,-25098,-44.6,はずれ,False,False,False,アイホン 住戸用自火報対応モニター付セキュリティ親機 180×33.8×
B0148D960Y,diy_tools,4976124549212,17700.0,,50059,3,52,large_2,13071,Yahoo,637,3.6,あやしい,False,False,False,ニッペ ペンキ 塗料 水性ウッディリコート 7L ピニー 水性 屋外 半
B0D1274PN1,diy_tools,,4188.0,,75891,3,41,small,,,,,,False,False,False,IMSCREWS 木ネジ 76mm #14(約6.3mm) 大ワッシャー
B0CV3DYTGL,diy_tools,,21800.0,,50088,2,52,standard_1,,,,,,False,False,False,アルミプランター フェンス 幅120 高さ180 目隠し ラティス プラ
B07XD8QHS7,diy_tools,0792057337283,13000.0,,50100,4,52,standard_2,12827,Yahoo,-2741,-21.1,はずれ,False,False,False,APHRODITE マイクロモーターシステム N3-M33ES 回転数0
B0CNSPX9LG,diy_tools,,4280.0,,50104,2,52,standard_1,,,,,,False,False,False,MEIKEE 60W LED 人感センサーライト 高輝度 防犯ライト I
B07V8LWQNQ,diy_tools,0884540160383,5206.0,,50128,2,51,standard_2,6571,楽天,-3110,-59.7,はずれ,False,False,False,Hi-Spec 工具セット 35点｜3.6V 電動ドライバー・ドリルセッ
B07VK61JR7,diy_tools,,5480.0,,50128,4,51,standard_2,,,,,,False,False,False,Hi-Spec 電動ドライバー 3.6V｜35点工具セット付き USB充
B00IK8PT6O,diy_tools,4571430580074,3390.0,,73611,2,42,standard_1,2560,Yahoo,-512,-15.1,はずれ,False,False,False,okitsumo オキツモワンタッチスプレー ツヤ有 クリアー 300m
B0GDD86YD6,diy_tools,0756798772710,3419.0,,50140,3,100,standard_1,4200,楽天,-2128,-62.2,はずれ,False,False,False,電動ドライバー 正逆転切替 電動ドリル 強磁気 4.2V 最大トルク20
B0GMDYMGMC,diy_tools,,8310.0,,50157,2,51,large_1,,,,,,False,False,False,"uxcell 角鋼材 3本セット 7/8""×7/8""×12""(22mm×"
B0GMDXHK8C,diy_tools,,3490.0,,50157,2,51,standard_2,,,,,,False,False,False,"uxcell 角鋼棒 2本セット 19/32""×19/32""×12""(1"
B0GMF21N2R,diy_tools,,5760.0,,50157,2,51,large_1,,,,,,False,False,False,"uxcell 角鋼材 1-3/16""x1-3/16""x12""(30mmx"
B0GMFC32D6,diy_tools,,3230.0,,50157,2,51,standard_1,,,,,,False,False,False,"uxcell 角形鋼材 51/64""×51/64""×12""(20mm×2"
B0GMDX9LJL,diy_tools,,3860.0,,50157,2,51,standard_2,,,,,,False,False,False,"uxcell 角鋼棒 2本セット 41/64""×41/64""×12""(1"
B0GMF2QQV4,diy_tools,,3540.0,,50157,2,51,standard_2,,,,,,False,False,False,"uxcell 角形鋼材 7/8""x7/8""x12""(22mmx22mmx"
B0GMF8PHWG,diy_tools,,5767.0,,50157,2,51,large_1,,,,,,False,False,False,"uxcell 3本組 角形鋼材 23/32""×23/32""×12""(18"
B0GMDZ6Q23,diy_tools,,7200.0,,50165,2,51,large_1,,,,,,False,False,False,"uxcell 角鋼材 3本セット 51/64""×51/64""×12""(2"
B003VUWEB4,diy_tools,4977292684552,3265.0,,50173,11,51,standard_1,2728,Yahoo,-787,-24.1,はずれ,False,False,False,千吉 A柄ステンホーム草削り 三角 1050mm
B003EII106,diy_tools,4983042150246,12159.0,,50175,14,51,large_1,13200,Yahoo,-3998,-32.9,はずれ,False,False,False,トンボ 深穴ポストホールディガー
B07KG2D5NB,diy_tools,5693855779655,23600.0,,50238,2,51,large_1,,,,,,False,False,False,Huanyu 発泡スチロールカッター 200W フォームカッター 50-
B089Q6KKDJ,diy_tools,4571221741349,8790.0,,50260,2,51,standard_1,6730,Yahoo,-92,-1.1,はずれ,False,False,False,ニックス アルミ削り出しベルトループ（一部削り出し）ヴァイオレット AL
B08R87LCT5,diy_tools,4589413193234,16280.0,,50271,6,51,standard_2,17009,Yahoo,-4135,-25.4,はずれ,False,False,False,ティアンドデイ スマジョロ SJ1
B09JG3P6NC,diy_tools,7003163060051,13837.0,,39951,2,58,standard_2,15469,楽天,-4672,-33.8,はずれ,False,False,False,デジタルインバーター 単相110VAC入力 三相220VAC出力 モータ
B072F7G67S,diy_tools,,16980.0,,50291,4,51,large_1,,,,,,False,False,False,Fiskars（フィスカース）Iso Core 薪割り モール 8lb 
B07R7BBL4Q,diy_tools,6941057403960,3180.0,,50295,6,51,large_1,2830,楽天,-1260,-39.6,はずれ,False,False,False,[INTEX] イージーセットプールカバー 396×30cm 28143
B0116F8B26,diy_tools,2158161352808,11403.0,,50296,2,51,large_2,12395,Yahoo,-4039,-35.4,はずれ,False,False,False,未来工業 ミラフレキ MF PFD 30m巻 ベージュ MF-28
B0DJRHMZGJ,diy_tools,8735914003060,4302.0,,76289,3,41,small,,,,,,False,False,False,U 字型エッジバンディング、5m PVC 自己粘着ベニヤエッジングトリム
B0DJRMLVFY,diy_tools,8735914003916,3269.0,,76289,3,41,small,,,,,,False,False,False,U 字型エッジバンディング、5m PVC 自己粘着ベニヤエッジングトリム
B0DJRM5C6B,diy_tools,8735914003282,3889.0,,76289,3,41,small,,,,,,False,False,False,U 字型エッジバンディング、5m PVC 自己粘着ベニヤエッジングトリム
B0DJRKY8Q6,diy_tools,8735914004647,3579.0,,76289,3,41,small,,,,,,False,False,False,U 字型エッジバンディング、5m PVC 自己粘着ベニヤエッジングトリム
B0DJRLJX43,diy_tools,8735914004791,3992.0,,76289,3,41,small,,,,,,False,False,False,U 字型エッジバンディング、5m PVC 自己粘着ベニヤエッジングトリム
B0D5H464LP,diy_tools,4938457011576,3098.0,,50300,4,51,standard_1,2440,Yahoo,-641,-20.7,はずれ,False,False,False,津村鋼業株式会社（ツムラコウギョウカブシキカイシャ） ツル草三枚刃 30
B0DZY2L6P6,diy_tools,0774388212644,7699.0,,50311,2,51,large_2,11877,楽天,-6670,-86.6,はずれ,False,False,False,Youdepot コスメ収納 ゴールド メイクボックス 大容量 強化ガラ
B09MRQD78V,diy_tools,,3160.0,,50316,2,51,standard_1,,,,,,False,False,False,アロン化成 CU継手 ヤリトリスライド継手(片側スライド)[CU YKR
B00TIP600W,diy_tools,,13380.0,,50325,10,51,standard_2,,,,,,False,False,False,長沢製作所 キーレックス 500シリーズ ボタン式 暗証番号錠 本締錠型
B0DZY3MJ4R,diy_tools,0774388212613,7699.0,,50329,2,51,large_2,,,,,,False,False,False,Youdepot コスメ収納 ブルー メイクボックス 大容量 強化ガラス
B000XIRAMA,diy_tools,3165140219501,3263.0,,50335,5,51,small,2078,Yahoo,106,3.2,あやしい,False,False,False,BOSCH(ボッシュ) ランダムアクションサンダー用ラバーパッド125m
B0BPX3H217,diy_tools,4934446200310,4509.0,,39554,3,59,small,462,Yahoo,2781,61.7,原石,True,True,False,（株）コバックス トレカット ブロック ブラック／５０枚 7142 K-
B08TBN4JWK,diy_tools,,3200.0,,50350,4,51,standard_1,,,,,,False,False,False,【まとめ買い】ヘラマンタイトン 結束バンド インシュロック AB250-
B0GHY7927F,diy_tools,,4300.0,,50353,2,51,standard_1,,,,,,False,False,False,ソーラーライト センサーライト 屋外 人感センサー LED 防水 ダミー
B01HCTLWBW,diy_tools,4970856665905,4180.0,,50360,5,51,large_1,3278,Yahoo,-858,-20.5,はずれ,False,False,False,OATアグリオ 切り花ながもち液 美咲プロ 2.5L 花のはりやツヤを長
B0FZ7QT2S9,diy_tools,,5580.0,,50361,2,51,standard_2,,,,,,False,False,False,アイクリンプ(iCrimp) アルミスリーブ かしめ機 ワイヤーロープ 
B0DJRJ425F,diy_tools,8735914005019,3682.0,,76289,3,41,small,,,,,,False,False,False,U 字型エッジバンディング、5m PVC 自己粘着ベニヤエッジングトリム
B0DJRKYYN7,diy_tools,8735914003121,3579.0,,76289,3,41,small,,,,,,False,False,False,U 字型エッジバンディング、5m PVC 自己粘着ベニヤエッジングトリム
B0DSL1M4G9,diy_tools,,13103.0,,50378,2,51,large_2,,,,,,False,False,False,MISHIP ガーデンシンク 洗面台 陶器製 長さ55×幅36×高さ77
B0DN63D7WN,diy_tools,,11800.0,,50394,2,51,large_2,,,,,,False,False,False,MISHIP ガーデンシンク 洗面台 陶器製 長さ43×幅36×高さ77
B09F9M2VTK,diy_tools,4571590902235,6980.0,,50421,2,51,large_1,,,,,,False,False,False,Rikopin(リコピン) ステンレス 工具箱 大型 ツールボックス 工
B09NNJ1YZF,diy_tools,4571590902228,3680.0,,50421,3,51,large_1,,,,,,False,False,False,Rikopin(リコピン) ステンレス 工具箱 ツールボックス 大型 工
B0GV875CKZ,diy_tools,,6350.0,,50422,2,51,small,,,,,,False,False,False,ナノバブル発生キット ND-PRSH シャワーヘッド用 PRシリーズ 正
B0827F58QX,diy_tools,,6020.0,,50435,3,51,standard_1,,,,,,False,False,False,ソフトクローズ上部吊り車 【アトム】 FC-292-K-H-DG DG色
B0GV8JQJ9V,diy_tools,,6350.0,,50436,2,51,small,,,,,,False,False,False,ナノバブル発生キット ND-PRZS 全自動洗濯機用 PRシリーズ 正規
B003M2K3P0,diy_tools,4972353964314,5220.0,,50445,4,51,standard_1,3800,Yahoo,-197,-3.8,はずれ,False,False,False,カクダイ 万能ロータンクボールタップ 964-304
B003KTHAYW,diy_tools,4905009782567,4300.0,,50449,6,51,large_1,3390,楽天,-868,-20.2,はずれ,False,False,False,アイリスオーヤマ 自転車スタンド ブラック BYS-2
B0DD7KLPG2,diy_tools,,36000.0,,72767,2,42,large_2,,,,,,False,False,False,ポータブル電源 リン酸鉄リチウム515Wh 大容量 ポータブルバッテリー
B003X0H07K,diy_tools,4905009782574,7150.0,,50470,8,51,large_1,4310,楽天,634,8.9,あやしい,True,True,False,アイリスオーヤマ 自転車スタンド ブラック BYS-3
B001P7HNV6,diy_tools,4991579093035,3009.0,,50485,5,51,standard_1,2632,Yahoo,-908,-30.2,はずれ,False,False,False,小林製鋏 越路 ステンレス 収穫鋏 ガード付 J-3G
B074DRHTFK,diy_tools,2200000056801,3800.0,,50497,6,51,standard_2,,,,,,False,False,False,amabro アマブロ アートストーン [ ブラック/Lサイズ ] AM
B007K2SJ7W,diy_tools,4941735600379,3598.0,,50498,10,51,small,2772,Yahoo,-304,-8.4,はずれ,False,False,False,BIGM（丸山製作所） 丸5頭口 637750
B00TJS5WAW,diy_tools,0028907246826,5500.0,,50500,4,51,large_1,8576,Yahoo,-5034,-91.5,はずれ,False,False,False,Makita マキタ 純正 ツールバッグ 工具箱 大容量 【USAマキタ
B0DJSLVH7D,diy_tools,,16980.0,,50509,2,51,large_2,,,,,,False,False,False,Jumei フェンス 目隠し 屋外 ガーデンフェンス 幅120cm×高さ
B00BJ7B84A,diy_tools,,4400.0,,50538,2,51,standard_1,,,,,,False,False,False,ファルケン 作業機用タイヤチューブ 適応タイヤ： AL1 16×7.00
B0GNYRR3L4,diy_tools,4573613817755,3990.0,,50542,2,51,large_1,6190,楽天,-3932,-98.5,はずれ,False,False,False,運搬用 一輪車 キッズ 手押し車 選べるカラー ミニ 運搬カート 軽量 
B0GNZSGF4B,diy_tools,4573613817779,3990.0,,50546,2,51,large_1,6190,楽天,-3932,-98.5,はずれ,False,False,False,運搬用 一輪車 キッズ 手押し車 選べるカラー ミニ 運搬カート 軽量 
B0GNZPCT7N,diy_tools,4573613817762,3990.0,,50546,2,51,large_1,6190,楽天,-3932,-98.5,はずれ,False,False,False,運搬用 一輪車 キッズ 手押し車 選べるカラー ミニ 運搬カート 軽量 
B002P88L38,diy_tools,4989999584172,4085.0,,39841,15,58,standard_2,3481,楽天,-973,-23.8,はずれ,False,False,False,TRUSCO(トラスコ) BREEZE ステンレスホースバンド締付径48
B00LP4JEOS,diy_tools,4969968102743,54200.0,,50580,2,51,standard_2,39900,Yahoo,5206,9.6,あやしい,True,True,False,東北エスパル ニューロール TENR-0240
B00LP4JO16,diy_tools,4969968102682,47800.0,,50566,3,51,standard_1,46730,Yahoo,-6934,-14.5,はずれ,False,False,False,東北エスパル 強力ツカミ (ステンレス鋼採用) TEKT-1275
B00LP4JO9S,diy_tools,4969968102729,80200.0,,50574,3,51,large_1,75290,Yahoo,-8253,-10.3,はずれ,False,False,False,東北エスパル ウルトラツブシ TETV-0001
B00LP4JT7U,diy_tools,4969968102620,54800.0,,50580,5,51,standard_1,39820,楽天,5926,10.8,あやしい,True,True,False,東北エスパル 伊達 直 (替刃式) 裁断用 TECY-0360
B0083EBXVA,diy_tools,4582309494248,3346.0,,50595,3,51,large_1,2284,Yahoo,-573,-17.1,はずれ,False,False,False,ムカデ駆除 ヤスデ退治 ノックダウンダスター 3Kg 徘徊害虫防除用粉剤
B0D12NSQMM,diy_tools,7623030028139,3790.0,,50607,7,51,standard_2,,,,,,False,False,False,Saddgo 調節可能なトルクレンチスパナ ミニスプリットおよび冷凍シス
B0DG8VYXMF,diy_tools,,8980.0,,50619,2,51,standard_2,,,,,,False,False,False,Hefo 混合栓 キッチン用水栓 混合水栓 壁付き混合栓 蛇口 混合栓 
B001WHIK4I,diy_tools,4983517003022,3650.0,,50620,4,51,large_1,2714,Yahoo,-744,-20.4,はずれ,False,False,False,バクマ 平バラシバール 900
B09TX5RJF1,diy_tools,,7165.0,,50632,2,51,standard_2,,,,,,False,False,False,WEDO ジャンボバルブハンドルレンチ Fタイプ ワンタイムダイ鍛造 強
B09TW5Z9P1,diy_tools,,3933.0,,50642,2,51,standard_2,,,,,,False,False,False,WEDO ジャンボバルブハンドルレンチFタイプ、ワンタイムダイ鍛造、強力
B09TX5TRNT,diy_tools,,14398.0,,50642,2,51,large_1,,,,,,False,False,False,WEDO ジャンボバルブハンドルレンチ Fタイプ ワンタイムダイ鍛造 強
B07JQJYLCF,diy_tools,,7700.0,,50651,3,51,standard_1,,,,,,False,False,False,LIXIL 補助錠・錠前 DDZZ1004 シャイングレー
B089N3XY8N,diy_tools,6477472081617,3735.0,,50674,2,51,standard_1,,,,,,False,False,False,安全ネット 多目的な用途の階段 バルコニー防護 建築養生 園芸 転落防止
B09WJV4HHP,diy_tools,4971660778669,7980.0,,50689,15,51,large_1,7435,楽天,-1785,-22.4,はずれ,False,False,False,キングジム 災害対策セットII 3日分 非常用 BCS-300
B00GPX2Z5Y,diy_tools,4960256415125,3188.0,,50696,4,51,standard_1,1661,楽天,215,6.7,あやしい,False,False,False,ダイオ 遮光ネット ダイオラン 50 遮光率50% 黒 2x2m
B06XYGH2K4,diy_tools,0088381191272,10780.0,,50699,2,51,small,8029,Yahoo,544,5.0,あやしい,False,False,False,マキタ(Makita) 鉄筋カッタ用刃物セット品 SC00000160
B07QS2XDV8,diy_tools,4528422444722,4670.0,,50733,12,51,small,4129,Yahoo,-750,-16.0,はずれ,False,False,False,イチネンTASCO フリーノズル1頭口 TA352MS-8
B00IX8DX1Y,diy_tools,4547441225471,11100.0,,50751,7,51,standard_1,4980,Yahoo,3621,32.6,原石,True,True,False,パナソニック(Panasonic) 漏電ブレーカ BJW-50型 3P3
B0BBM7D9BY,diy_tools,,6280.0,,50752,2,51,standard_2,,,,,,False,False,False,ポーチライト 玄関ライト 明暗センサーライト 光感センサーライト屋外照明
B001EQCDB8,diy_tools,4989433809441,5478.0,,50766,2,51,standard_1,3660,Yahoo,162,3.0,あやしい,False,False,False,京都機械工具(KTC) ハイグレードL型 ロング六角棒レンチ セット 8
B00GEBZEOQ,diy_tools,4562243220165,18450.0,,50774,8,51,large_1,19800,楽天,-5250,-28.5,はずれ,False,False,False,テクノ高槻XP-80
B0030R8OGM,diy_tools,,21800.0,,50781,3,51,large_1,,,,,,False,False,False,KAWAJUN カワジュン ペーパーホルダー（紙巻器） ガラス棚付ダブル
B0CL982NBS,diy_tools,4934743008794,4298.0,,50802,2,51,small,4950,Yahoo,-1887,-43.9,はずれ,False,False,False,Ever Sun 365（エバーサン サンロクゴ―） ミニ ホワイト 1
B0CDWLJBFT,diy_tools,4934743008787,7300.0,,50810,5,51,standard_1,6464,Yahoo,-1093,-15.0,はずれ,False,False,False,ゼンスイ PLAREA 植物育成LED EVER SUN 365 24W
B07YNW84TK,diy_tools,4549980600320,31790.0,,50844,4,51,large_2,24980,楽天,704,2.2,あやしい,False,False,False,パナソニック 後付け用 宅配ボックス COMBO-LIGHTコンボライト
B07YNWJF7V,diy_tools,4549980600399,35200.0,,50844,2,51,large_2,31500,楽天,-2917,-8.3,はずれ,False,False,False,パナソニック 後付け用 宅配ボックス COMBO-LIGHTコンボライト
B0DKRMSJ7F,diy_tools,4515085037781,13800.0,,50847,5,51,large_2,12420,Yahoo,-2027,-14.7,はずれ,False,False,False,住まいスタイル 折り畳めるウッドフェンス 2枚 幅140 奥行20 高さ
B0DKS35NH4,diy_tools,4515085038047,3800.0,,50847,5,51,standard_2,3750,Yahoo,-1484,-39.1,はずれ,False,False,False,住まいスタイル 折り畳めるウッドフェンス用固定金具 （16個セット） ブ
B0DKS15HFG,diy_tools,4515085037965,32000.0,,50847,4,51,large_2,28800,Yahoo,-2937,-9.2,はずれ,False,False,False,住まいスタイル 折り畳めるウッドフェンス ゲート付サークル フェンス7 
B0DKSZMP7L,diy_tools,4515085037941,13800.0,,50855,6,51,large_2,12420,Yahoo,-2027,-14.7,はずれ,False,False,False,住まいスタイル 折り畳めるウッドフェンス (横 ボーダー) 2枚組 （幅
B0DKRV7R1X,diy_tools,4515085037361,7900.0,,50855,5,51,large_1,7110,Yahoo,-1528,-19.3,はずれ,False,False,False,住まいスタイル 折り畳めるウッドフェンス ストライプ 幅140 高さ70
B0DKSSZ5TR,diy_tools,4515085037927,13800.0,,50855,6,51,large_2,12420,Yahoo,-2027,-14.7,はずれ,False,False,False,住まいスタイル 折り畳めるウッドフェンス ボーダー 幅140 高さ70 
B0DKRTSWYM,diy_tools,4515085037750,13800.0,,50855,5,51,large_2,12420,Yahoo,-2027,-14.7,はずれ,False,False,False,住まいスタイル 折り畳めるウッドフェンス 2枚 幅140 奥行20 高さ
B0DKRSNDQW,diy_tools,4515085037774,13800.0,,50855,5,51,large_2,12420,Yahoo,-2027,-14.7,はずれ,False,False,False,住まいスタイル 折り畳めるウッドフェンス (縦 ストライプ) 2枚組 （
B0DKRQDWX6,diy_tools,4515085037521,7900.0,,50855,5,51,large_1,7110,Yahoo,-1528,-19.3,はずれ,False,False,False,住まいスタイル 折り畳めるウッドフェンス 1枚 幅140 奥行20 高さ
B0DKSVXFWQ,diy_tools,4515085037934,13800.0,,50855,6,51,large_2,12420,Yahoo,-2027,-14.7,はずれ,False,False,False,住まいスタイル 折り畳めるウッドフェンス (横 ボーダー) 2枚組 （幅
B0DKRSX5YY,diy_tools,4515085037590,8900.0,,50861,5,51,large_1,8010,Yahoo,-1578,-17.7,はずれ,False,False,False,住まいスタイル 折り畳めるウッドフェンス ゲートセット (横 ボーダー)
B0DKRJMMM5,diy_tools,4515085037514,7900.0,,50861,4,51,large_1,7110,Yahoo,-1528,-19.3,はずれ,False,False,False,住まいスタイル 折り畳めるウッドフェンス 1枚 幅140 奥行20 高さ
B0DKRQ75KD,diy_tools,4515085037538,7900.0,,50861,5,51,large_1,7110,Yahoo,-1528,-19.3,はずれ,False,False,False,住まいスタイル 折り畳めるウッドフェンス 1枚 幅140 奥行20 高さ
B0D49JMDBZ,diy_tools,,14880.0,,50864,2,51,large_1,,,,,,False,False,False,Moongiantgo ミストポンプ ミスト冷却システム 24V 噴霧加
B00N1QN5KW,diy_tools,4560171673015,8800.0,,50868,3,51,large_1,99,Yahoo,6248,71.0,原石,True,True,False,末松電子 電気柵 ゲッターシステム用 Sガイシ (100個) 301
B004L3KRKK,diy_tools,4006850100002,6900.0,,50893,4,51,standard_1,5720,Yahoo,-689,-10.0,はずれ,False,False,False,オスモ オスモカラー ウッドワックス#1101エキストラクリアー(ツヤ消
B0CNQ4NC3K,diy_tools,7902409173800,28000.0,,50908,4,51,large_1,,,,,,False,False,False,ポータブルPCPエアコンプレッサー、300bar 4500psi高圧ポン
B0F6T48XXT,diy_tools,,3080.0,,50907,2,51,standard_1,,,,,,False,False,False,雨樋延長ホース 雨樋部品雨どい 雨水排水管 蛇腹 伸縮47CM-150C
B07D9H2DP1,diy_tools,4975778128019,7390.0,,50916,5,51,standard_1,6250,Yahoo,-802,-10.9,はずれ,False,False,False,日本農薬 殺菌剤 パレード20フロアブル 水和剤 250ml
B0CLGYYLYG,diy_tools,,3580.0,,50917,2,51,standard_1,,,,,,False,False,False,TOURBON ツールロール バッグ 包丁ケース 布巻き 工具入れ DI
B0GVVYFMSG,diy_tools,4535306272029,11990.0,,50938,8,51,large_2,11990,楽天,-3136,-26.2,はずれ,False,False,False,ホームテイスト 遮熱ジョイントパネル 30×30cm 18枚入り ストー
B0GVVXWZR4,diy_tools,4535306272012,11990.0,,50938,7,51,large_2,13607,楽天,-4752,-39.6,はずれ,False,False,False,ホームテイスト 遮熱ジョイントパネル 30×30cm 18枚入り タイル
B00BCWFYI8,diy_tools,,9692.0,,75129,2,41,standard_1,,,,,,False,False,False,立形専用水栓 BP205TS-HH 日本製 据置型浄水器専用蛇口 分岐栓
B00JUL84Y4,diy_tools,4977292682596,3538.0,,26449,6,73,standard_1,3641,楽天,-1468,-41.5,はずれ,False,False,False,千吉(Senkichi) 万能杓 ポリ 20号 3.5L
B09QYCJ2BY,diy_tools,,12160.0,,50983,2,51,large_1,,,,,,False,False,False,浴室水栓 Hefo 浴室用水栓 セット シャワー水栓 バス水栓 やけど防
B0GTVR2Z3J,diy_tools,,12160.0,,50991,2,51,large_1,,,,,,False,False,False,浴室水栓 Hefo 浴室用水栓 セット シャワー水栓 バス水栓 やけど防
B0C1Z6TBM5,diy_tools,0088381779845,64600.0,,51007,15,51,large_2,61429,Yahoo,-7856,-12.2,はずれ,False,False,False,マキタ(Makita) 18mm充電式ハンマドリル 18V6Ah バッテ
B00IX8DQ4I,diy_tools,4547441225396,11600.0,,51020,11,51,standard_1,12848,Yahoo,-3822,-32.9,はずれ,False,False,False,パナソニック(Panasonic) 漏電ブレーカ BJW-30型 3P3
B09VT15QRD,diy_tools,0758358713485,4600.0,,51022,4,51,standard_2,,,,,,False,False,False,TopSeller 集じん機 集塵機 60W 強力 小型 2 in 1 
B08DS67QH8,diy_tools,4975584702816,24200.0,,39530,14,59,standard_2,26300,Yahoo,-6694,-27.7,はずれ,False,False,False,DXアンテナ デルカテック ワイヤレスカメラ (WSS10M1C/WSS
B078ZSRMLJ,diy_tools,,17920.0,,51029,2,51,large_2,,,,,,False,False,False,【ガーデナス】兵庫県産スギ・ヒノキウッドチップ Aタイプ 10袋セット 
B075KH8S2Y,diy_tools,4549077962256,4542.0,,74876,4,41,standard_1,4096,Yahoo,-1069,-23.5,はずれ,False,False,False,パナソニック(Panasonic)【FY-24L86】 天井埋込形換気扇
B0H21SY1F4,diy_tools,,6500.0,,51059,2,51,standard_1,,,,,,False,False,False,MUUSU よもぎ蒸し専用 椅子カバー 座布団型 選べる2色 ベージュ/
B09DY5YYH4,diy_tools,0088381577144,6731.0,,51060,6,51,standard_1,4818,Yahoo,69,1.0,あやしい,False,False,False,マキタ(Makita) バッテリアダプタＢＡＰ１８Ｅ A-72067
B01J54U2AO,diy_tools,4519001556363,7416.0,,51069,8,51,standard_1,7292,楽天,-1822,-24.6,はずれ,False,False,False,スリーエム 5612 セラミックベルト 12×330#60 50本入り
B09CD43RGD,diy_tools,,3820.0,,51071,2,51,standard_1,,,,,,False,False,False,桧 角材 105角 長さ300mm 4本セット 節あり
B00FRGSAD6,diy_tools,4940577295927,4100.0,,51085,6,51,standard_1,4227,Yahoo,-1576,-38.4,はずれ,False,False,False,TOTO 締付工具(洋風バス排水金具用) TZ35R
B081Y1VRX3,diy_tools,4970925156624,5145.0,,51129,2,51,standard_1,814,楽天,2725,53.0,原石,True,True,False,アサヒペン スタンダードタイプカベ紙用のり １６００Ｇ ７６５ ５個セッ
B0F1DJMXJT,diy_tools,,4160.0,,51139,2,51,standard_1,,,,,,False,False,False,自動 灌水器 水やり器 観葉植物 2600mAh 内蔵バッテリータイマー
B0FJQY22V3,diy_tools,,23339.0,,51158,5,51,large_2,,,,,,False,False,False,LAUNTOP ポータブル電源 512Wh 9ポート 定額出力700W/
B00PM8K3OS,diy_tools,0076174702644,4200.0,,51166,5,51,standard_1,8080,Yahoo,-5344,-127.2,はずれ,False,False,False,DeWalt DWHT70264 丈夫で人間工学的デザイン 折りたたみ式
B08F1TCK2X,diy_tools,4571117582056,3823.0,,51167,2,51,small,3473,楽天,-813,-21.3,はずれ,False,False,False,超音波カッター ZOシリーズ USW-334 替え刃 方形刃 ZH41 
B09X5FWNX4,diy_tools,4987125009056,4192.0,,51170,3,51,standard_2,1947,Yahoo,652,15.6,原石,True,True,False,株式会社立石春洋堂 大型ハエ取り紙 虫とりカレンダーシート 10枚入り×
B08BTMCP1Q,diy_tools,4984834126517,30833.0,,51178,10,51,large_1,18929,Yahoo,6146,19.9,原石,True,True,False,まつうら工業 青色ニューテトロン水平親綱 緊張器付 16mmΦ×15m 
B085Q1CWQ8,diy_tools,,9788.0,,51180,8,51,small,,,,,,False,False,False,パナソニック Panasonic【FFV1310625】リモコンスイッチ
B08GCLLPK6,diy_tools,3760172784111,3890.0,,51186,2,51,large_1,,,,,,False,False,False,Terra Aquatica (GHE) 液体肥料スターターキット 3-
B09BC7Q79X,diy_tools,4054278636351,14230.0,,51189,8,51,large_1,13730,楽天,-2768,-19.4,はずれ,False,False,False,ケルヒャー(Karcher) マルチクリーナー OC3 水道より高圧で洗
B01LZJ171R,diy_tools,4960983222317,8428.0,,51191,4,51,large_1,8190,楽天,-2159,-25.6,はずれ,False,False,False,リョービ ドアクローザ 20シリーズ スタンダード型 ストップ付 シルバ
B0868SP8L8,diy_tools,4549980620519,14850.0,,51196,8,51,standard_1,15500,Yahoo,-3712,-25.0,はずれ,False,False,False,パナソニック LED 玄関灯 ポーチライト 縦型 明るさセンサー 人感セ
B081R2FGHM,diy_tools,4938457075745,3392.0,,39751,6,59,standard_1,2708,Yahoo,-659,-19.4,はずれ,False,False,False,津村鋼業 ツムラ スイング式法面草刈機用替刃 TGC-K502
B002KO4YOW,diy_tools,4953766786397,4400.0,,51230,2,51,standard_2,3700,Yahoo,-924,-21.0,はずれ,False,False,False,ネズミ捕獲器 チュートルマン
B00LIP56B4,diy_tools,0088381365642,12713.0,,51234,8,51,standard_1,10352,Yahoo,-380,-3.0,はずれ,False,False,False,マキタ(Makita) チップソー プレミアムタフコーティング 外径26
B00LIP6T3S,diy_tools,0088381365635,7207.0,,51234,11,51,standard_1,5571,Yahoo,-279,-3.9,はずれ,False,False,False,マキタ(Makita) チップソー プレミアムタフコーティング 外径21
B00GJ0O1S2,diy_tools,0088381182621,11812.0,,51237,6,51,standard_1,9489,Yahoo,-283,-2.4,はずれ,False,False,False,マキタ(Makita) マルチサイディングコアビット(乾式) セット品(
B002P7NILE,diy_tools,4968957400044,3014.0,,51238,14,51,standard_1,2260,Yahoo,-532,-17.7,はずれ,False,False,False,ダイケン 2号ドアハンガー用 複車 #2-4WH クロメートメッキ
B0140V9C6M,diy_tools,4571337111425,3680.0,,51240,3,51,standard_1,3044,Yahoo,-750,-20.4,はずれ,False,False,False,KNICKS(ニックス) KC-401PLNA EVA 型押し底付ドライ
B00GJ0O2EA,diy_tools,0088381182638,12073.0,,51243,6,51,standard_2,9659,Yahoo,-361,-3.0,はずれ,False,False,False,マキタ(Makita) マルチサイディングコアビット(乾式) セット品(
B06WD4H3NF,diy_tools,4954452112711,9091.0,,51248,10,51,standard_1,9240,Yahoo,-2347,-25.8,はずれ,False,False,False,ツボ万 マクトルスリー シルバー 外径92×穴径M10ネジ 取寄品 MC
B01MQ0JOI7,diy_tools,4571443986948,5460.0,,51258,2,51,large_2,,,,,,False,False,False,防草シート 1m×100m 雑草防止シート 養生シート 畑 畔 庭 通路
B0DRBZ9GL4,diy_tools,4582712367429,3280.0,,51258,2,51,standard_1,3680,楽天,-1726,-52.6,はずれ,False,False,False,[アンジュスマイル] 防災頭巾 + 防災頭巾カバー 2点セット ピンク 
B09QC38RKM,diy_tools,4582621880194,9980.0,,51272,2,51,standard_1,10848,Yahoo,-3199,-32.1,はずれ,False,False,False,MIWA 美和ロック LIX+LSP 鍵 シリンダー 錠 U9 交換 玄
B0F9Y94MXR,diy_tools,0727219630896,10590.0,,51291,2,51,large_2,,,,,,False,False,False,WH-IWOS プランター付きフェンス ラティス プランター トレリス 
B0GPDV6B12,diy_tools,4901080326911,3287.0,,26923,6,73,small,1688,楽天,516,15.7,原石,True,True,False,マモルーム ダニ用 取替えボトル 2ヵ月用 2本入×2個
B00WO3XBW0,diy_tools,4945943203087,39330.0,,51319,4,51,standard_1,36588,Yahoo,-3992,-10.1,はずれ,False,False,False,ホンダ (HONDA) 刈払機 UMK425H-UTHT (U字ハンドル
B072Z527SW,diy_tools,4712818911183,3639.0,,51357,3,51,standard_2,2830,楽天,-701,-19.3,はずれ,False,False,False,SIGNET(シグネット) ボールピンハンマー 40オンス(ファイバーグ
B00LLSNT4O,diy_tools,0088381437776,19948.0,,51346,7,51,large_1,17160,Yahoo,-1337,-6.7,はずれ,False,False,False,マキタ(Makita) 高圧スリック 30m A-57249
B00LLSNOFI,diy_tools,0088381437752,12000.0,,51346,12,51,standard_2,7500,Yahoo,1736,14.5,あやしい,True,False,False,マキタ(Makita) 高圧スリック 15m A-57227
B00LLSPC94,diy_tools,0088381437745,10800.0,,51346,8,51,standard_1,9480,楽天,-1134,-10.5,はずれ,False,False,False,マキタ(Makita) 高圧スリック 10m A-57211
B0G26SWS6N,diy_tools,0726434503060,4999.0,,51364,2,51,large_1,,,,,,False,False,False,ソーラー延長ケーブル MC4コネクタ付き 太陽光発電用 PV1-F ケー
B0G26S2PQR,diy_tools,0726434503053,3999.0,,51364,2,51,large_1,,,,,,False,False,False,ソーラー延長ケーブル MC4コネクタ付き 太陽光発電用 PV1-F ケー
B0070X24PY,diy_tools,4560251250143,6400.0,,51376,15,51,standard_1,5445,Yahoo,-839,-13.1,はずれ,False,False,False,アイディールブレーン 家具・家電転倒防止用品 ガムロック NewBB I
B07Q7Z6SKQ,diy_tools,4562331970019,4270.0,,51388,3,51,standard_1,,,,,,False,False,False,魚地球印 精密ヤスリ 5本組 平 01-0501#6 5本入セット
B0DK53D7K9,diy_tools,,3419.0,,78115,2,40,standard_1,,,,,,False,False,False,uxcell ポリッシャー バフ 75mm 車磨き用 バフ ポリッシング
B08Y5KHYVJ,diy_tools,,6550.0,,51400,2,51,standard_1,,,,,,False,False,False,WEIMALL ジョイントマット 大理石調 6畳用 大判60cm 厚さ1
B09SVZ9K32,diy_tools,9008125050871,12350.0,,51401,4,51,standard_1,,,,,,False,False,False,LIUD ガーデンベンチ 白 2人乗り 200kg耐えられる鉄ベランダ 
B0C9QZZJMY,diy_tools,,5336.0,,51406,2,51,large_1,,,,,,False,False,False,サークリップ プライヤー、16インチ ユニバーサル スナップ リング プ
B0D7337R17,diy_tools,,35400.0,,51412,2,51,standard_1,,,,,,False,False,False,WEIMALL ジョイントマット 大理石調 12畳用 大判60cm 厚さ
B08Y1RNL2P,diy_tools,,,,51412,,51,standard_1,,,,,,False,False,False,WEIMALL ジョイントマット 大理石調 12畳用 大判60cm 厚さ
B0CZDQCC9S,diy_tools,4570112809021,5100.0,,51416,2,51,large_2,7120,楽天,-4122,-80.8,はずれ,False,False,False,ottostyle.jp 布団収納ラック キャスター付き 高さ調整 布団
B0GT7CMDLY,diy_tools,,3494.0,,51461,2,51,standard_1,,,,,,False,False,False,uxcell ドア用ウレタンシールテープ 2インチ×2インチ 粘着式防音
B0GT7DSXJJ,diy_tools,,3740.0,,51461,2,51,small,,,,,,False,False,False,uxcell ドア用防音・断熱シールテープ 4ロール入り 2インチ×5/
B0FL7L49YH,diy_tools,4966376420070,92500.0,,51467,2,51,large_2,45000,楽天,32288,34.9,原石,True,True,False,HiKOKI(ハイコーキ) 36V 充電式 丸のこ C3605DA(SK
B0F6Y8C4GF,diy_tools,,6299.0,,51480,2,51,standard_1,,,,,,False,False,False,NOTAG エンジニアバッグ 大容量 リュック 透明 バッグ 大きめ 道
B08W4VB5XB,diy_tools,0088381740616,18819.0,,51496,8,51,large_1,16498,Yahoo,-1635,-8.7,はずれ,False,False,False,マキタ(Makita) 充電式インパクトドライバ（黒）14.4V バッテ
B06ZYVB7C9,diy_tools,4054278246543,8000.0,,51505,4,51,standard_1,8405,Yahoo,-2439,-30.5,はずれ,False,False,False,【純正品】ケルヒャー(Karcher) 真鍮 パイプクリーニングホース 
B08T5TLPZJ,diy_tools,,6000.0,,38940,2,59,standard_1,,,,,,False,False,False,【陶器・ガラス・大理石に穴あけ】 ダイヤモンドホールソー ドリルビット 
B09QC8GQK6,diy_tools,4973692142609,3345.0,,51516,4,51,large_1,3052,Yahoo,-1342,-40.1,はずれ,False,False,False,三洋化成 リール交換用 耐圧ホース 20m 内径12mm ブラウン さら
B0CK1B9CZY,diy_tools,4951309348910,6000.0,,51547,6,51,standard_1,5650,楽天,-1384,-23.1,はずれ,False,False,False,リンナイ Rinai 給湯専用リモコン 浴室リモコン 【BC-145V(
B09XHDL3Y8,diy_tools,,3080.0,,51562,2,51,standard_1,,,,,,False,False,False,アイウィス(IWISS) 汎用圧着ペンチ 圧着工具 オープンバレル型コン
B0BNVQVHPX,diy_tools,,3171.0,,51578,2,51,standard_1,,,,,,False,False,False,卓上 万力 クランプ範囲50mm 小型 作業工具 ミニ 固定工具 バイス
B003EIHYMM,diy_tools,4977292653138,6578.0,,73257,10,42,standard_1,6446,Yahoo,-1689,-25.7,はずれ,False,False,False,セフティー3(Safety-3) 町野式 カップリング オスネジ×町野オ
B003EIEDR6,diy_tools,4977292653213,5059.0,,73257,11,42,standard_1,5060,Yahoo,-1594,-31.5,はずれ,False,False,False,セフティー3(Safety-3) 町野式 カップリング オス ワンタッチ
B003VUQT60,diy_tools,4977292653374,16973.0,,73253,10,42,standard_2,16500,Yahoo,-3037,-17.9,はずれ,False,False,False,セフティー3(Safety-3) 町野式 カップリング メス ワンタッチ
B0F12N4DJ6,diy_tools,0088381783439,44400.0,,51586,3,51,standard_1,39480,Yahoo,-2574,-5.8,はずれ,False,False,False,マキタ(Makita) ２５０ミリ充電式チェンソー 18V3Ah バッテ
B07RGHLM48,diy_tools,0754970485960,3199.0,,51609,2,51,standard_1,4539,楽天,-2654,-83.0,はずれ,False,False,False,SPEEDWOX リテイナー スナップリングプライヤー ロックリングプラ
B07TYBV6RF,diy_tools,0754970480163,4509.0,,51609,2,51,standard_1,6111,楽天,-3112,-69.0,はずれ,False,False,False,SPEEDWOX ロックリングプライヤー リテイナー スナップリングプラ
B0BWTG919F,diy_tools,,3329.0,,51609,2,51,standard_1,,,,,,False,False,False,SPEEDWOX ロックリングプライヤー 自動車整備用 精密作業 バネ付
B0BWTHK947,diy_tools,,5289.0,,51617,2,51,standard_2,,,,,,False,False,False,SPEEDWOX ロックリングプライヤー 先端くぼみ穴加工 リテイナー 
B084RFZBSS,diy_tools,4954849450013,21800.0,,51624,13,51,large_1,19970,楽天,-2573,-11.8,はずれ,False,False,False,ムサシ 【リチウムイオン18V 充電式シリーズ】 充電式ポールバリカン 
B006WJDC3K,diy_tools,4955620035436,6300.0,,73651,2,42,standard_1,4341,Yahoo,180,2.9,あやしい,False,False,False,大光電機 DAIKO アウトドアスポットライト (ランプ別売) LEDビ
B01N2AW4RH,diy_tools,,14000.0,,51642,4,51,standard_1,,,,,,False,False,False,ノーリツ RC-J101Eマルチセット オプションリモコン(エコスイッチ
B0020B4CN8,diy_tools,4992873111975,37900.0,,51659,15,51,large_2,35800,Yahoo,-4922,-13.0,はずれ,False,False,False,育良精機 ポータブルトランス PT50D 降圧専用 AC200V
B073S84R2J,diy_tools,,6300.0,,51674,6,51,small,,,,,,False,False,False,LIXIL ドア用金物 DASZ747 ピンク
B01DLF03NO,diy_tools,4969182180800,10188.0,,51672,12,51,large_2,7380,Yahoo,-57,-0.6,はずれ,False,False,False,アルインコ アルミ足場板 仮設工業会認定 全長2.0m ALT20CG
B018IABWPA,diy_tools,0088381805797,32480.0,,51696,2,51,large_2,26082,Yahoo,189,0.6,あやしい,False,False,False,マキタ レシプロソー充電式18V JR187DZK ケース付/バッテリ充
B0GVN4HFPH,diy_tools,4589779632170,11000.0,,51719,2,51,large_1,,,,,,False,False,False,MAXWIN 高圧洗浄機 コードレス 充電式 ポータブル バケツ一体型 
B005T73916,diy_tools,0074983413676,3390.0,,40021,9,58,standard_1,2303,Yahoo,-256,-7.5,はずれ,False,False,False,パンドウイット ステンレス爪ロック式ナイロン結束バンド 耐候性黒 幅3.
B09VDR4VK1,diy_tools,9067079080617,3093.0,,51727,3,51,standard_1,,,,,,False,False,False,タオル掛け おしゃれ タオルハンガー お洒落 丈夫 タオルかけ 洗面所 
B001Y4YGNI,diy_tools,4920350321357,5405.0,,51763,3,51,standard_1,4888,楽天,-1128,-20.9,はずれ,False,False,False,モトユキ グローバルソー 薄鉄板・板金用マルチ KH－180H 180×
B0DHGG692H,diy_tools,4903471102524,10680.0,,51782,3,51,large_2,10290,楽天,-2549,-23.9,はずれ,False,False,False,レインボー薬品(Rainbow Chemical) 除草剤 ネコソギ メ
B0FPPQ29Y8,diy_tools,4589683753084,3490.0,,38640,2,60,large_1,4575,Yahoo,-2742,-78.6,はずれ,False,False,False,折りたたみ式デリバリーボックス (宅配ボックス/GRAY) おしゃれ 簡
B09R3XXT24,diy_tools,4960673616129,52900.0,,51829,8,51,large_2,52957,楽天,-9329,-17.6,はずれ,False,False,False,京セラ(Kyocera) 旧リョービ プロ用 充電式小型レシプロソー D
B01JZ2JQ7Q,diy_tools,4984443200196,4280.0,,51836,2,51,standard_1,3600,Yahoo,-796,-18.6,はずれ,False,False,False,ハナオカ 防鳥ナイロンテグス・黒スリム 0.33mmx3000m(お徳用
B0BVY5YGDF,diy_tools,4960673616242,27100.0,,51837,9,51,large_1,24684,楽天,-2782,-10.3,はずれ,False,False,False,京セラ(Kyocera) 旧リョービ プロ用 充電式レシプロソー 本体の
B09R44D3YP,diy_tools,4960673616150,20000.0,,51837,9,51,standard_2,9800,Yahoo,6236,31.2,原石,True,True,False,京セラ(Kyocera) 旧リョービ プロ用 充電式小型レシプロソー 本
B09R485BYM,diy_tools,4960673616136,37620.0,,51848,3,51,standard_2,32900,Yahoo,-1887,-5.0,はずれ,False,False,False,京セラ(Kyocera) 旧リョービ プロ用 充電式小型レシプロソー 本
B08MT88SCB,diy_tools,4548622127126,3381.0,,51864,8,51,standard_1,3117,楽天,-1077,-31.9,はずれ,False,False,False,オカ(OKA) プロヴァンス シエル ロングトイレマット 約 75 cm
B0DQCV71PK,diy_tools,4960517213002,6037.0,,51867,4,51,standard_1,5097,Yahoo,-800,-13.2,はずれ,False,False,False,浅香工業 ASKスライド式ハツリハンマー ヤリ型 213002 1個
B0G4GFZ5WD,diy_tools,,34650.0,,51904,8,51,large_2,,,,,,False,False,False,TOTO ウォシュレットBV2 脱臭機能付き ホワイト 【品番：TCF2
B0BT8SN7Y4,diy_tools,2005000008764,25190.0,,51945,5,50,standard_1,24975,楽天,-4398,-17.5,はずれ,False,False,False,アストロプロダクツ DC18V 充電式 1/2DR(12.7mm) イン
B0FT2H5JYJ,diy_tools,4536178692359,59894.0,,51960,2,50,large_1,55660,楽天,-5883,-9.8,はずれ,False,False,False,デウォルト(DEWALT) インパクトドライバー ブラシレス サイレント
B079BNY8TL,diy_tools,,11761.0,,51965,3,50,large_1,,,,,,False,False,False,上水道関連製品＞ボックス製品＞量水器ボックス MB 20SCDシリーズ 
B00BB5YBOO,diy_tools,4984824097377,3688.0,,74396,6,41,standard_2,2743,楽天,-572,-15.5,はずれ,False,False,False,Panasonic (パナソニック) 事務所用・居室用換気扇 一般換気扇
B01JHQZ7SM,diy_tools,4972353803149,4820.0,,52045,9,50,standard_1,4466,Yahoo,-1203,-25.0,はずれ,False,False,False,ガオナ これカモ シャワーホース 取替用 3.0m (ほとんどのフックに
B01JHQZ8EU,diy_tools,4972353802999,3421.0,,52045,5,50,standard_1,2541,Yahoo,-467,-13.7,はずれ,False,False,False,ガオナ これカモ シャワーホース 取替用 1.1m (ほとんどのフックに
B01JHR72OI,diy_tools,4972353803378,3300.0,,52045,9,50,standard_1,2728,Yahoo,-757,-22.9,はずれ,False,False,False,ガオナ これカモ シャワーホース 取替用 1.6m (ほとんどのフックに
B01JHR9HGO,diy_tools,4972353803040,4246.0,,52045,5,50,standard_1,3366,Yahoo,-591,-13.9,はずれ,False,False,False,ガオナ これカモ シャワーホース 取替用 1.9m (ほとんどのフックに
B01JHQZ7ZK,diy_tools,4972353803019,3630.0,,52045,5,50,standard_1,2750,Yahoo,-498,-13.7,はずれ,False,False,False,ガオナ これカモ シャワーホース 取替用 1.3m (ほとんどのフックに
B0B4HW3XCZ,diy_tools,4902901944529,7500.0,,75601,8,41,standard_2,5980,Yahoo,-569,-7.6,はずれ,False,False,False,三菱電機(MITSUBISHI ELECTRIC) パイプ用ファン 給気
B0CJ6MXYHW,diy_tools,0753252184751,3497.0,,52067,2,50,small,,,,,,False,False,False,SG TZH M5 x 55mm 10個 フラットヘッド六角ソケットキャ
B0BWY1S7LY,diy_tools,0768872416267,5064.0,,52067,2,50,small,,,,,,False,False,False,M6 x 40mm 10個 フラットヘッド六角ソケットキャップスクリュー
B0BWY1XK4M,diy_tools,0753252181088,3853.0,,52067,2,50,small,,,,,,False,False,False,M8 x 10mm 20個 フラットヘッド六角ソケットキャップスクリュー
B0BWY32V1Z,diy_tools,0753252181194,3993.0,,52067,2,50,small,,,,,,False,False,False,M8 x 35mm 10個 フラットヘッド六角ソケットキャップスクリュー
B07L62KLCR,diy_tools,0651074474848,4262.0,,52073,2,50,standard_1,,,,,,False,False,False,Huapa 交換スペアコントラアングルヘッド
B08KGNSMM4,diy_tools,,3000.0,,52111,5,50,small,,,,,,False,False,False,TOTO 大便器用スパッド T82C38
B0BK8CK4PV,diy_tools,4711559145338,3653.0,,52114,3,50,standard_1,,,,,,False,False,False,Oikabio ペン作りキット ペンシャフトとペンホルダーのトリミングセ
B07STYJRXF,diy_tools,0705883505382,13050.0,,52118,2,50,large_2,14800,Yahoo,-5044,-38.7,はずれ,False,False,False,Aeon hum 組立式ガーデンボックス プランターボックス プラスチッ
B089N6YM12,diy_tools,0744678579184,6820.0,,52118,2,50,large_1,7880,Yahoo,-3216,-47.2,はずれ,False,False,False,Aeon hum 組立式ガーデンボックス プランターボックス プラスチッ
B0027WVE2W,diy_tools,4963202033343,8300.0,,75260,6,41,standard_1,8714,Yahoo,-2493,-30.0,はずれ,False,False,False,ロブテックス アルミコーナーレンチ ACW-350
B07SZTKY4H,diy_tools,0705883505368,9250.0,,52131,2,50,large_2,10800,Yahoo,-4274,-46.2,はずれ,False,False,False,Aeon hum 組立式ガーデンボックス プランターボックス プラスチッ
B0G5QMRBXN,diy_tools,4994152002646,38600.0,,52143,2,50,large_2,3620,Yahoo,27853,72.2,原石,True,True,False,【9本セット】 初田製作所 ハツタ HATSUTA 消火器 2026年製
B0G5QGC5V4,diy_tools,4994152002646,66300.0,,52143,2,50,large_2,3620,Yahoo,51398,77.5,原石,True,True,False,【16本セット】 初田製作所 ハツタ HATSUTA 消火器 2026年
B0G62Q6T9R,diy_tools,4994152002646,78750.0,,52143,2,50,large_2,3625,楽天,61976,78.7,原石,True,True,False,【19本セット】 初田製作所 ハツタ HATSUTA 消火器 2026年
B0G62SQHX7,diy_tools,4994152002646,34300.0,,52143,2,50,large_2,3620,Yahoo,24198,70.5,原石,True,True,False,【8本セット】 初田製作所 ハツタ HATSUTA 消火器 2026年製
B0G5PYZXCZ,diy_tools,4994152002646,30000.0,,52143,2,50,large_2,3620,Yahoo,20543,68.5,原石,True,True,False,【7本セット】 初田製作所 ハツタ HATSUTA 消火器 2026年製
B0G5PD7YC2,diy_tools,4994152002646,70450.0,,52143,2,50,large_2,3620,Yahoo,54926,78.0,原石,True,True,False,【17本セット】 初田製作所 ハツタ HATSUTA 消火器 2026年
B0G5QRYQJ5,diy_tools,4994152002646,62150.0,,52143,2,50,large_2,3620,Yahoo,47870,77.0,原石,True,True,False,【15本セット】 初田製作所 ハツタ HATSUTA 消火器 2026年
B0G5VGM914,diy_tools,4994152002646,42900.0,,52143,2,50,large_2,3620,Yahoo,31508,73.4,原石,True,True,False,【10本セット】 初田製作所 ハツタ HATSUTA 消火器 2026年
B0G31V6FKZ,diy_tools,4994152002646,9910.0,,52143,2,50,large_2,3620,Yahoo,3466,35.0,原石,True,True,False,【まとめ買い】初田製作所 消火器 PEP-10N 本体: 奥行20cm 
B0G5Q58XTF,diy_tools,4994152002646,47200.0,,52143,2,50,large_2,3620,Yahoo,35163,74.5,原石,True,True,False,【11本セット】 初田製作所 ハツタ HATSUTA 消火器 2026年
B003YF9XU6,pet,4987222839686,5160.0,,30471,3,68,small,2329,楽天,1467,28.4,原石,True,True,False,MeijiSeikaファルマ リンパクト デリタブ 50個 (x 1)
B098TP9ZQ3,pet,6410329340499,3800.0,,56620,2,48,standard_1,3850,楽天,-1454,-38.3,はずれ,False,False,False,"フルッタ (Hurtta) ベンチャーハーネス (80-100cm, コ"
B098TMRGDG,pet,6410329340598,3800.0,,56620,2,48,standard_1,,,,,,False,False,False,"フルッタ (Hurtta) ベンチャーハーネス (80-100cm, タ"
B09JG6Q4N1,pet,4589462726391,3928.0,,56569,3,48,standard_1,2530,Yahoo,-25,-0.6,はずれ,False,False,False,【レインボー】もぐれる水玉サークル：ベージュ/フェレット ハンモック 冬
B00X556ERA,pet,4974105001087,3580.0,,56586,2,48,standard_1,226,Yahoo,1983,55.4,原石,True,True,False,水作エイトM用 活性炭カートリッジ お買得10個入り
B098TMBLN4,pet,6410329340642,3800.0,,56620,2,48,standard_1,,,,,,False,False,False,"フルッタ (Hurtta) ベンチャーハーネス (80-100cm, オ"
B00H2B4D8K,pet,4516950110707,12495.0,,56210,8,48,standard_1,11320,楽天,-1533,-12.3,はずれ,False,False,False,ホリスティックレセピー（Holistic RECIPE） チキン＆ライス
B08YD1V6MY,pet,0750226664738,7900.0,,50039,3,52,standard_1,,,,,,False,False,False,Fenice Peak プロフェッショナル犬用グルーミングはさみ ペット
B0CH9HBC61,pet,4589681980086,3680.0,,50066,2,52,small,5564,楽天,-3026,-82.2,はずれ,False,False,False,[RafiCaro] リード 犬 小型犬 中型犬 牛革 おしゃれ 平型 
B09QGQK671,pet,4589681973262,3680.0,,50066,2,52,small,4226,Yahoo,-1688,-45.9,はずれ,False,False,False,[RafiCaro] リード 幅広 犬 牛革 ツートンカラー おしゃれ 
B0DPHQJQTW,pet,,14071.0,,55055,2,49,large_2,,,,,,False,False,False,【したてニオイも自動分解】猫トイレ 大型 プランター型 オゾン脱臭 セン
B0GT47ZXWR,pet,,14071.0,,55047,2,49,large_2,,,,,,False,False,False,【インテリアに馴染む】猫トイレ 大型 プランター型 自動消臭 センサー付
B09QGPDP9Q,pet,4589681973293,3680.0,,50113,2,52,small,4258,Yahoo,-1720,-46.7,はずれ,False,False,False,[RafiCaro] リード 幅広 犬 牛革 ツートンカラー おしゃれ 
B0CY8QPDWH,pet,0600607623741,4950.0,,56688,2,48,small,4950,Yahoo,-1332,-26.9,はずれ,False,False,False,ペッツパーク 犬用 ストレスサプリメント ストレス+アングザイエティ
B07C3MWDSH,pet,4520699631584,5012.0,,56386,9,48,standard_2,336,Yahoo,2960,59.1,原石,True,True,False,【ケース販売】銀のスプーン 三ツ星グルメ 4種アソート素材入り お魚鶏さ
B004UTDHP2,pet,0040102657306,3779.0,,50151,4,51,standard_1,,,,,,False,False,False,(アンディス) Andis 犬猫用 スチール コーム クシ ブラシ グル
B0D7HHL7NC,pet,,6300.0,,50205,3,51,standard_2,,,,,,False,False,False,ペッツルート もっとやさしいフード 馬肉＆ポテト 400g×3袋
B077P7N7TK,pet,4573178100019,3993.0,,53974,3,49,small,3980,楽天,-1176,-29.5,はずれ,False,False,False,セラスト ビーミーニー bee mee nee 25グラム (x 1)
B07FSF17J9,pet,4973321927423,3902.0,,50220,12,51,standard_2,492,楽天,1861,47.7,原石,True,False,False,（まとめ買い）サンライズ プチアンジュ 超小型犬 1～6歳の成犬用 25
B00B4JIA9E,pet,4980022007439,3515.0,,54644,6,49,standard_1,2628,Yahoo,-474,-13.5,はずれ,False,False,False,ピュアロイヤル ドッグフード ベジタブル プラス ホウレンソウ入 600
B004IGXYX2,pet,4521494023635,5080.0,,50236,4,51,standard_1,4875,楽天,-1391,-27.4,はずれ,False,False,False,みどり商会 ピタリ適温プラス 3号
B0BPKRF2H9,pet,4580641482794,4980.0,,50241,2,51,standard_1,5280,楽天,-1881,-37.8,はずれ,False,False,False,ヘルスウォーターボウルＭサイズ2個セットグリーンカラー aukatz（オ
B0BSSM5PRB,pet,,4420.0,,30420,3,68,standard_2,,,,,,False,False,False,ランチュウベビーゴールドＳ 小粒 ３００ｇ×５袋 お一人様６点限り
B0C9XXXMSD,pet,,4094.0,,56939,2,48,standard_1,,,,,,False,False,False,VORCOOL 水槽掃除スポンジブラシ 伸縮式ロングハンドル ガラスクリ
B0DP1D9BNW,pet,0700603718721,4959.0,,57226,2,48,standard_1,,,,,,False,False,False,Outward Hound ミディアムスローフィーダーボウル、ファストイ
B085WFDMB1,pet,4571305569739,3645.0,,52367,6,50,small,2812,Yahoo,-304,-8.3,はずれ,False,False,False,AZERIA(アゼリア) サロペットハーネス ハーネス カーキ XS サ
B0D95MSJC9,pet,,10880.0,,56347,2,48,large_1,,,,,,False,False,False,ロイヤルカナン BHN ダックスフンド 成犬用 3kg
B07F3KV3PK,pet,,6907.0,,56965,3,48,large_2,,,,,,False,False,False,キョーリン おおきなカメのエサ 特大粒 お徳用 １ｋｇ×６袋 餌 エサ 
B0FM6ZNNFZ,pet,4902201217323,5274.0,,50374,2,51,standard_1,2180,楽天,1469,27.9,原石,True,True,False,【セット販売】ピュリナワン キャット 健康マルチケア 腎臓/尿路・お腹・
B0C3TTPHRZ,pet,4972547041975,3600.0,,56354,1,48,standard_1,795,Yahoo,1431,39.8,原石,True,False,False,【セット販売】ラビレット 三角トイレシーツ 44枚入×2コ
B0BY7ZMWJX,pet,,5280.0,,57102,2,48,large_1,,,,,,False,False,False,ブラックウッド ドッグフード ロウファット チキン 2.7kg【プレゼン
B001LK04E0,pet,0765846420541,15125.0,,55393,2,49,large_2,14520,楽天,-3001,-19.8,はずれ,False,False,False,ラウディブッシュ バードフード デイリーメンテナンス 鳥類用 インコ オ
B0CYNZMF96,pet,4520699680759,4080.0,,50364,6,51,standard_1,1260,Yahoo,1374,33.7,原石,True,True,False,【3個セット】デオトイレ 1週間消臭・抗菌 飛び散らない緑茶成分入り・消
B0FB5WHYN2,pet,0888999514810,6252.0,,50389,8,51,standard_1,,,,,,False,False,False,Carhartt Gear P0000570 デュアルハンドル 犬用リー
B0CKSC38WB,pet,5214002707668,30690.0,,21821,3,82,large_2,495,楽天,24254,79.0,原石,True,True,False,アンブロシア HMNダック 12kg
B09P3DYY5W,pet,,5720.0,,57123,2,48,large_1,,,,,,False,False,False,アーテミス (Artemis) アガリクス イミューンサポート ヘルシー
B09MVRHP5S,pet,4520699649831,4206.0,,50401,2,51,standard_1,1050,Yahoo,1691,40.2,原石,True,True,False,【セット販売】銀のスプーン ドライ 贅沢素材バラエティ 肥満が気になる猫
B0FB5KY2RV,pet,0888999514797,6688.0,,50402,9,51,standard_1,,,,,,False,False,False,Carhartt Gear P0000570 デュアルハンドル 犬用リー
B0CW616JGT,pet,4994527916509,5183.0,,50417,7,51,standard_1,740,Yahoo,2832,54.6,原石,True,True,False,【6個セット】アース・ペット パックリン ノーマットタイプ60日用 取替
B00028ZLTU,pet,0755970404241,11600.0,,30384,6,68,standard_1,,,,,,False,False,False,【愛犬用】【海外直送品】Nutramax Cosequin DS Dou
B00HXBHLG0,pet,4972468020059,3709.0,,50428,6,51,small,408,楽天,2155,58.1,原石,True,True,False,GENDAI ブドウ糖α(粉末)・犬用 1．5g×16袋×6個
B07MBXSSVY,pet,4901133636257,3750.0,,50478,10,51,standard_1,95,楽天,2258,60.2,原石,True,True,False,（まとめ買い）いなばペットフード CIAO 焼本かつお 高齢猫用 ほたて
B0GWCXVS1D,pet,4580060604326,15100.0,,29981,5,68,large_2,14850,Yahoo,-3352,-22.2,はずれ,False,False,False,[THANKO] アニマルひえぼかハウス ホワイト AMCH26SWH 
B0DSGB712B,pet,4580606246232,9600.0,,57082,2,48,standard_1,,,,,,False,False,False,[citydog] ラウンジベッド 【丸洗いOK/滑り止め付き/弾力クッ
B0DK2ZT9GN,pet,4582450901268,6037.0,,50492,4,51,standard_2,5940,楽天,-1773,-29.4,はずれ,False,False,False,【eugreen】 ドッグフード 機能性プラス チキン 1600ｇ
B0B48BJVP4,pet,4903588134661,5012.0,,50498,7,51,standard_1,318,Yahoo,3108,62.0,原石,True,True,False,（まとめ買い）ペティオ かわいくなめちゃう! さつまいも 7本入 犬用お
B07PGYV2GP,pet,,5980.0,,56714,3,48,standard_1,,,,,,False,False,False,WOOF 犬用 ダック 280g
B0BH9KLNL7,pet,0810088930096,19319.0,,50529,14,51,standard_1,,,,,,False,False,False,アイアンネックネックトレーナー エクササイザー 強化器 調節可能なヘッド
B08TWNPG8D,pet,6928286351132,4570.0,,50539,2,51,standard_1,3580,楽天,-530,-11.6,はずれ,False,False,False,ＺＥＴＬＩＧＨＴ　ＭＩＮＩ－ＬＥＤ　ミニライト　３Ｗ　～３０ｃｍ水槽
B0DHKBDGM6,pet,4970501034292,4736.0,,56683,8,48,large_1,168,Yahoo,2725,57.5,原石,True,True,False,デビフ 鶏レバー＆チーズ 150g×24缶
B01M359C3A,pet,4972814014237,16000.0,,50553,5,51,large_2,11805,楽天,458,2.9,あやしい,False,False,False,寿工芸 プログレ600 5点 LED
B01N6JPU9K,pet,4011708225172,39900.0,,57295,3,48,large_2,32390,Yahoo,188,0.5,あやしい,False,False,False,エーハイム プロフェッショナル4 2275 (60Hz)
B0CB58P7QD,pet,4902112032800,4700.0,,57266,5,48,standard_1,302,Yahoo,2859,60.8,原石,True,True,False,（まとめ買い）日本ペットフード コンボ ピュア ドッグ モグモグッド！ 
B08T61YH42,pet,,23800.0,,50586,3,51,large_2,,,,,,False,False,False,ネイチャーズプロテクション ホワイトドッグ １０kg
B00D8R9QUC,pet,4560147399246,58000.0,,56804,2,48,large_2,35900,Yahoo,12063,20.8,原石,True,True,False,テトラ (Tetra) クールパワーボックス CPX-75 冷却 アクア
B007GRV6BM,pet,4580375200008,3000.0,,50603,10,51,standard_1,3380,楽天,-1664,-55.5,はずれ,False,False,False,クプレラ クラシック)セミベジタリアン・ドッグ900g(2ポンド)
B0F5HNNGY2,pet,,3280.0,,57244,2,48,standard_1,,,,,,False,False,False,[GIIPET]犬用ライフジャケット 安全 安心 サメ水泳救命胴衣 小型
B0F5HQXK99,pet,,3380.0,,57244,2,48,standard_1,,,,,,False,False,False,[GIIPET]犬用ライフジャケット 安全 安心 サメ水泳救命胴衣 小型
B00X557JX8,pet,4973321924262,8470.0,,50608,4,51,large_2,957,楽天,4906,57.9,原石,True,True,False,サンライズ スタイルズ トイプードル用 １．２ｋｇ（１２０ｇ×１０パック
B01FX98DL0,pet,,11976.0,,56810,2,48,large_2,,,,,,False,False,False,株式会社 森乳サンワールド ＳＧフィッシュ＆ポテトシニアライト７．５ｋｇ
B08DFT8JZ1,pet,0738633512811,3110.0,,50614,7,51,standard_2,,,,,,False,False,False,猫爪とぎ 段ボール つめとぎ Yuttemi 大猫のおもちゃ 研ぎクズが
B09FLWCV96,pet,,7370.0,,57260,2,48,large_2,,,,,,False,False,False,プロフェッショナル・バランス超小粒１歳まで子いぬ用 4.8kg【犬想いオ
B000WAC1F0,pet,0072318100673,11550.0,,57592,11,48,large_2,11550,Yahoo,-3070,-26.6,はずれ,False,False,False,ボンビアルコン FirstMate ファーストメイト FM ドッグ チキ
B0CKBCHMK8,pet,,3049.0,,50632,2,51,large_1,,,,,,False,False,False,ニチドウ チンチラグロース １ｋｇ×２袋 チンチラフード えさ エサ 餌
B00BAVVD6I,pet,0730773215256,12327.0,,57526,2,48,standard_1,,,,,,False,False,False,レッドシー (RedSea) MCP マリンケアテストキット
B0BG22DHDL,pet,4582189741760,4396.0,,57353,2,48,small,5975,楽天,-2828,-64.3,はずれ,False,False,False,ドッグハピネスはみがきプラス 3本セット 犬 歯磨き 歯磨き粉 歯磨きジ
B0F5GJTBJ1,pet,6977968880101,6765.0,,57960,2,48,standard_1,,,,,,False,False,False,LEAFOREST ホースフライブーツ 4点セット - ロバミニポニード
B0CWZY5S5T,pet,,3650.0,,50667,2,51,standard_1,,,,,,False,False,False,ＫＩＭＩＸ DCブレスレスポンプ 小型 池 自動化設備 水中ポンプ DC
B0DKHNBQFK,pet,4903588143649,4839.0,,50692,6,51,small,229,Yahoo,3294,68.1,原石,True,True,False,（まとめ買い）ペティオ 薄焼き 貝柱 3g 猫用おやつ 【×15】
B07G2V6JHY,pet,0818557021252,9313.0,,57494,5,48,standard_1,,,,,,False,False,False,2 Hound Design Freedom 引っ張らない犬用ハーネス 
B07BGH2Y2C,pet,0818557020071,8634.0,,57494,2,48,small,,,,,,False,False,False,2 Hounds Design Freedom ノープルノーリーシュハー
B07BGGRG42,pet,0818557020118,8566.0,,57494,2,48,small,,,,,,False,False,False,2 Hounds Design Freedom 引っ張らないハーネスのみ
B07G2S6GSR,pet,0818557020385,8653.0,,57494,4,48,standard_1,,,,,,False,False,False,2 Hounds Design Freedom 犬用ハーネス 引っ張りな
B07BGHZY17,pet,0818557021146,15556.0,,57494,2,48,standard_1,,,,,,False,False,False,2 Hounds Design Freedom ノープルノーリーシュハー
B07BGJSZ37,pet,0818557020132,8692.0,,57494,3,48,standard_1,,,,,,False,False,False,2 Hounds Design Freedom No Pull Dog 
B07BGJGL8T,pet,0818557020569,8586.0,,57494,2,48,small,,,,,,False,False,False,2 Hounds Design Freedom ノープルノーリーシュハー
B07BGH8Z3P,pet,0818557020644,7954.0,,57494,3,48,standard_1,,,,,,False,False,False,2 Hounds Design Freedom ノープルノーリーシュハー
B00A3XS966,pet,0818557020491,8677.0,,57494,4,48,small,,,,,,False,False,False,2 Hound Design Freedom 引っ張らない犬用ハーネス 
B07BGJSZ3L,pet,0727908600933,8731.0,,57494,2,48,standard_1,,,,,,False,False,False,2 Hounds Design Freedom ノープルノーリーシュハー
B07BGHY8ZQ,pet,0818557021139,9212.0,,57494,2,48,standard_1,,,,,,False,False,False,2 Hounds Design Freedom No Pull Dog 
B07G2S6L68,pet,0818557020880,8780.0,,57494,3,48,standard_1,,,,,,False,False,False,2 Hounds Design Freedom No Pull Dog 
B07BGJBHQJ,pet,0818557020606,8396.0,,57494,3,48,small,,,,,,False,False,False,2 Hounds Design Freedom ノープルノーリーシュハー
B0085Y9D92,pet,0818557020507,8202.0,,57494,6,48,small,,,,,,False,False,False,2 Hounds Design Freedom ノープルノーリーシュハー
B07BGJG54J,pet,0818557021115,8345.0,,57494,5,48,small,,,,,,False,False,False,2 Hounds Design Freedom ノープル リーシュハーネ
B07BGHHP1C,pet,0818557021054,8339.0,,57494,3,48,small,,,,,,False,False,False,2 Hounds Design Freedom No Pull Dog 
B08VGF7V13,pet,4571229255374,4651.0,,57477,2,48,standard_1,4500,楽天,-1381,-29.7,はずれ,False,False,False,[帝塚山ハウンドカム]犬用猫用 手作りごはんの栄養サポートに 栄養満点パ
B0CCNBMJS6,pet,,13910.0,,50710,2,51,standard_2,,,,,,False,False,False,Moongiantgo 爬虫類加湿器 ミストシステム ノズル4個付 自動
B0CB56LMVP,pet,4582129250727,4548.0,,30582,8,68,standard_1,208,Yahoo,2824,62.1,原石,True,True,False,（まとめ買い）友人 新鮮ささみ ふわふわ 猫用 30g 猫用おやつ 【×
B0CNTKMX7W,pet,4902524301631,3880.0,,57647,5,48,standard_1,840,Yahoo,1624,41.9,原石,True,True,False,（まとめ買い）藤沢商事 ペットにぼし 450ｇ 犬猫用おやつ 【×4】
B08CK9XJM7,pet,0096619570942,6399.0,,57484,4,48,large_2,4200,Yahoo,-98,-1.5,はずれ,False,False,False,カークランドシグネチャー 成猫 子猫用 8kg サーモン ポテト Kir
B0CTC21417,pet,,3580.0,,17274,2,93,standard_2,,,,,,False,False,False,【人気商品セット販売 ４種類】 でぐーのきわみ 300g グルフリ生活 
B09RPGCKR2,pet,,4730.0,,57640,2,48,standard_2,,,,,,False,False,False,フィッシュ・4 サーモン小粒 1.5kg【犬想いオリジナル今治ハンドタオ
B09QC6MGFL,pet,,3180.0,,30639,3,68,standard_1,,,,,,False,False,False,黒瀬ペットフード 国産小鳥の主食 ４種ブレンド×２袋 鳥 フード エサ
B077RSQZX9,pet,9317657206039,3280.0,,57560,2,48,standard_2,2480,Yahoo,-656,-20.0,はずれ,False,False,False,モルモット オリジンズ 1.5kg
B0C8YQMX8T,pet,4589511640142,7700.0,,50923,2,51,standard_2,,,,,,False,False,False,braaa ブラー ペットハンモック Mサイズ VBPT001 犬用ベッ
B00IRW4OMS,pet,4977007036393,3480.0,,57707,2,48,standard_1,2210,Yahoo,-86,-2.5,はずれ,False,False,False,ハイペット ひや~っと気分L型固定式NEO 小動物用
B0DKS2P2N2,pet,,6600.0,,17236,4,93,large_1,,,,,,False,False,False,ナチュラルハーベスト メンテナンススモール フィッシュ 1.1kg×2袋
B097151CGJ,pet,4951761573110,4153.0,,50976,10,51,large_1,509,楽天,1888,45.5,原石,True,True,False,日本ペットフード パルone ラビットフードフルーツ味 600g ウサギ
B01N5PINXC,pet,4934743010988,4380.0,,57282,6,48,standard_1,3850,Yahoo,-961,-21.9,はずれ,False,False,False,ゼンスイ マイクロインフラレッド マイクロンセット 40W｜爬虫類・両生
B074L9ZTS4,pet,,8500.0,,58798,2,47,standard_1,,,,,,False,False,False,キョーリン ひかりデイリー 大粒 浮 4kg×４袋
B00RWPTPBG,pet,,4900.0,,54501,2,49,small,,,,,,False,False,False,帝塚山ハウンドカム 犬 猫 デンタルケア サプリメント お口ラクラク マ
B00LFNO5BG,pet,0077349627892,4790.0,,51018,3,51,small,,,,,,False,False,False,NaturVet COPROPHAGIA Plus Breath Aid
B0F93B2411,pet,4571630187684,5580.0,,21332,2,83,standard_1,,,,,,False,False,False,ドッグコット 犬用ベッド 中型犬 大型犬【折りたたみ 洗える】ペットコッ
B0BFVYW3SR,pet,,4015.0,,21688,2,82,large_1,,,,,,False,False,False,プロフェッショナルバランス 超小粒 1歳まで 子いぬ用 2.4kg 【プ
B07BGK3ZVJ,pet,0818557020675,8290.0,,57494,6,48,small,,,,,,False,False,False,"2 Hounds Design (S, Raspberry) - Fre"
B0CB557VBB,pet,4903588140693,3930.0,,51101,7,51,standard_2,288,Yahoo,2088,53.1,原石,True,True,False,ペティオ （まとめ買い） 体にうれしい ボーロちゃん 野菜Mix 130
B0GVMWWRR7,pet,,5200.0,,54206,2,49,standard_2,,,,,,False,False,False,犬猫用 ひんやり冷感アルミプレート Lサイズ（50×30cm）ペット用ク
B078HSDS89,pet,9000046542008,4900.0,,51232,5,51,large_2,,,,,,False,False,False,デオシート しっかり超吸収無香消臭タイプワイド54枚×2個
B003ZSG3JQ,pet,2010071313297,35700.0,,57957,2,48,standard_1,29980,Yahoo,-469,-1.3,はずれ,False,False,False,マラセブ 犬用 4L【動物用医薬品】
B072S7Q7SL,pet,,4980.0,,51167,3,51,standard_2,,,,,,False,False,False,ロイヤルカナン ドライ&ウェットフードセット
B01ASTKL7Y,pet,4520699671153,8650.0,,51173,4,51,large_2,8448,Yahoo,-2432,-28.1,はずれ,False,False,False,デオシート しっかり超吸収 無香消臭タイプ ワイド 36枚入×6個 (ケ
B01ASTKKXE,pet,4520699674468,8690.0,,51173,4,51,large_2,7198,楽天,-1148,-13.2,はずれ,False,False,False,デオシート しっかり超吸収 無香消臭タイプ ワイド 54枚入×4個 (ケ
B0FRFYMHL6,pet,,4880.0,,56743,2,48,standard_1,,,,,,False,False,False,[GIIPET]猫ハウス 高密度ダンボール つめとぎBOXハウス たこ焼
B0GSTDYBXN,pet,0739608249886,7180.0,,58098,2,47,standard_2,,,,,,False,False,False,猫 みずのみ器 自動給水器 水飲み器 猫給水器コードレス 浄水(4.5L
B0DCLQHXD1,pet,4595056755135,5524.0,,57568,2,48,standard_2,5524,楽天,-1793,-32.5,はずれ,False,False,False,正規販売店 ワンモアごはん チキン 1.2Kg （400ｇ×３） 保存料
B01N4281YQ,pet,4963067402452,5530.0,,58059,2,47,standard_1,1674,楽天,2192,39.6,原石,True,True,False,HOEI 35用脚付きフン切り網（ステンレス）
B0748CRSYY,pet,4580375300494,7128.0,,58021,3,47,standard_1,6090,楽天,-865,-12.1,はずれ,False,False,False,シーアンドアール (C&R) ベジタブルエンザイム ペット用 LLサイズ
B07Y1Q9SYY,pet,2000019042570,4480.0,,51250,2,51,large_2,5580,Yahoo,-3109,-69.4,はずれ,False,False,False,アイリスオーヤマ 超厚型ペットシーツ レギュラー 100枚入×2個 (ケ
B07LF4Z8Y4,pet,,4280.0,,58204,2,47,small,,,,,,False,False,False,mindup (マインドアップ) 犬口ケア 犬用 歯石取り スケーラー 
B0B48ZFTMM,pet,4973321939709,6280.0,,51285,12,51,standard_2,451,Yahoo,3923,62.5,原石,True,False,False,（まとめ買い）サンライズ ゴン太の歯磨き専用ガム ブレスクリア リングタ
B00WJN2JJG,pet,4580389827086,7920.0,,30641,6,68,standard_1,,,,,,False,False,False,Lavitoile ラヴィートワレ ネコ砂 (４個)
B004ZKIYNQ,pet,4901133061615,4112.0,,57686,10,48,large_1,148,Yahoo,2214,53.8,原石,True,True,False,チャオ ホワイティ 11歳からのまぐろ白身（柔らかフレーク） 75g×2
B00D3YU29E,pet,0729849143074,7500.0,,58130,4,47,standard_2,8800,楽天,-3389,-45.2,はずれ,False,False,False,PetSafe（ペットセーフ） ドリンクウェル プラチナム 自動給水器 
B0DYPDF85F,pet,,3480.0,,58157,2,47,standard_1,,,,,,False,False,False,【まとめ買い】アイリスオーヤマ 犬 おやつ 骨型ガム ミルク味 Lサイズ
B00U5OYJ0S,pet,4560441580074,13650.0,,51304,2,51,standard_2,8239,Yahoo,2400,17.6,原石,True,True,False,ミルク本舗 オトナのヤギミルク ペット用 1kg
B01LYAUW05,pet,,7000.0,,58193,2,47,standard_1,,,,,,False,False,False,コバエシャッター 大 （３７０×２２１×２４０ｍｍ）３個 プラケース 虫
B0CB55YF2V,pet,4903588140723,5500.0,,58176,10,47,standard_2,189,Yahoo,3522,64.0,原石,True,True,False,ペティオ （まとめ買い） おいしくスリム 砂糖・脂肪分ダブルゼロ カリカ
B0768C5V1P,pet,,5662.0,,58316,2,47,large_1,,,,,,False,False,False,アニマル・ワン 犬の雑穀ごはん (チキン・ライト&シニア犬用) 1.6k
B0CB55FQ4V,pet,4977007072438,4810.0,,57837,6,48,standard_1,194,Yahoo,3060,63.6,原石,True,True,False,（まとめ買い）ハイペット プチクリスプ ミルクカルシウム入り 40g 犬
B015HF5JOY,pet,,10300.0,,51396,4,51,large_2,,,,,,False,False,False,黒瀬ペットフード プロショップ専用 mania（マニア） 中型インコ専用
B00XVP17K8,pet,4997730100543,3580.0,,51427,4,51,small,2460,Yahoo,-7,-0.2,はずれ,False,False,False,レイシー ユニオン継手セット16A
B00BG3QITC,pet,4973655591215,3280.0,,29158,1,70,standard_1,1320,Yahoo,634,19.3,原石,True,False,False,リッチェル ウォーターディッシュ イヌ M ブラウン
B0FGPT9N2X,pet,0727219661005,6990.0,,58377,2,47,large_1,,,,,,False,False,False,xinxin-home ペットカート 折りたたみ式 コンパクト収納 ペッ
B0FGQ4MNLY,pet,0727219660978,6999.0,,58377,2,47,large_1,,,,,,False,False,False,xinxin-home ペットカート 折りたたみ式 コンパクト収納 ペッ
B0FGPT9N2T,pet,0727219660954,13339.0,,58377,2,47,large_1,,,,,,False,False,False,xinxin-home ペットカート 折りたたみ式 コンパクト収納 ペッ
B0FGPN2L78,pet,0727219660992,6990.0,,58377,2,47,large_1,,,,,,False,False,False,xinxin-home ペットカート 折りたたみ式 コンパクト収納 ペッ
B0FGPS3N4B,pet,0727219660961,13339.0,,58377,2,47,large_1,,,,,,False,False,False,xinxin-home ペットカート 折りたたみ式 コンパクト収納 ペッ
B0GSJYJFRY,pet,,3520.0,,57896,2,48,standard_2,,,,,,False,False,False,ナチュラル・ハーベスト フラックス 結石ケア用 1.1kg【プレゼント付
B0CNTN4Q7D,pet,4903588142888,5870.0,,51444,2,51,standard_1,360,Yahoo,3796,64.7,原石,True,True,False,（まとめ買い）アドメイト ササミ＆ライス スティック 80g 犬用おやつ
B01K1K6HLE,pet,4549081445066,4655.0,,58383,4,47,standard_1,2897,Yahoo,226,4.8,あやしい,False,False,False,フジサワ フジサワ 国産 犬猫用 減塩花かつお 40g×10袋セット
B0CM97HPW4,pet,4964157511061,19900.0,,58323,3,47,large_2,1300,楽天,14278,71.7,原石,True,True,False,川井 コンフォート６０ ＳＴ－グレード （６２０×４７０×５１０ｍｍ）
B0G1HS8WYV,pet,,3448.0,,58516,2,47,standard_1,,,,,,False,False,False,KOMBIUDA 犬用トイレフェンス 高エッジ防溢垣 犬用トイレトレーニ
B00ZWPX7J4,pet,4589902171149,7896.0,,51451,10,51,large_1,8360,Yahoo,-2781,-35.2,はずれ,False,False,False,プレイアーデン ドッグフード グルメ 3キログラム (x 1)
B00PBIL8DY,pet,4580327226940,3350.0,,58314,2,47,standard_1,,,,,,False,False,False,ペット仏具 ペット骨壷 骨壷＋覆い袋 シルク 梅 覆い袋つき 戒名シール
B00PBICMY8,pet,4580327226902,3200.0,,58314,2,47,standard_1,,,,,,False,False,False,仏具 骨壷 3寸 梅 ブルー 覆い袋付き 手元供養 戒名シールつき 骨壷
B0D988GYKH,pet,,4214.0,,51463,2,51,standard_2,,,,,,False,False,False,犬用トンネル、敏捷性トレーニング器具 23.62x118.11インチ 小
B0FH9NML43,pet,4595987686379,13500.0,,58373,2,47,large_1,13500,Yahoo,-3158,-23.4,はずれ,False,False,False,NATURAL BALANCE ナチュラルバランス オリジナルウルトラ 
B0FDQ3J1TS,pet,,10700.0,,51528,9,51,large_1,,,,,,False,False,False,Imseigo イムセイゴ 折りたたみ式 犬用 ステップ 車 SUV ト
B0B1LYXB4X,pet,0717981278570,5850.0,,58337,2,47,large_1,9289,楽天,-5450,-93.2,はずれ,False,False,False,タイルカーペット タイルマット 30*30cm/枚 床保護 ずれないマッ
B0B1LVK575,pet,0717981278495,4998.0,,58337,2,47,standard_2,7850,楽天,-4566,-91.4,はずれ,False,False,False,タイルカーペット タイルマット 30*30cm/枚 床保護 ずれないマッ
B0CH9QMRQW,pet,8720845916749,37576.0,,58351,2,47,large_2,37576,Yahoo,-6973,-18.6,はずれ,False,False,False,vidaXL 犬小屋 屋根付き アンスラサイト 117x405x123 
B0D78L9HJZ,pet,,8980.0,,51515,2,51,small,,,,,,False,False,False,ペット提灯 丸提灯 丸形 まあるい提灯 お盆飾り ライト モダン ミニ 
B09MVH255Y,pet,4562244181519,14900.0,,58040,5,47,large_2,12140,Yahoo,-812,-5.4,はずれ,False,False,False,バイオフレッシュ ペット用 濃縮8倍希釈タイプ 5L
B007OL0JPE,pet,4963067005042,6380.0,,54852,11,49,large_1,5788,Yahoo,-1498,-23.5,はずれ,False,False,False,ホーエイ 21手のり ホワイト
B004WI1H4O,pet,4008239220042,6320.0,,51561,5,51,large_2,4620,楽天,-585,-9.3,はずれ,False,False,False,エーハイム フォーインワン(4in1) 5リットル
B08L94DTBW,pet,4580207273583,5253.0,,51562,5,51,small,578,Yahoo,3297,62.8,原石,True,True,False,【8個セット】 ママクック 猫用おやつ フリーズドライのホタテ 11g
B01LFCEIJK,pet,0628451123446,3580.0,,51564,3,51,small,3080,Yahoo,-627,-17.5,はずれ,False,False,False,オープンファーム ドッグトリーツ コッドスキン 63g
B0FXXJHG3V,pet,0889441181383,3280.0,,51566,2,51,standard_1,,,,,,False,False,False,Riuuyyi猫マット猫ベッドトンネル睡眠快適丈夫洗浄ストレス緩和運動不
B0FXXH5N8W,pet,0889441181413,3280.0,,51566,2,51,standard_1,,,,,,False,False,False,Riuuyyi猫マット猫ベッドトンネル睡眠快適丈夫洗浄ストレス緩和運動不
B0FXXJZKT6,pet,0889441181420,3600.0,,51566,2,51,standard_1,,,,,,False,False,False,Riuuyyi猫マット猫ベッドトンネル睡眠快適丈夫洗浄ストレス緩和運動不
B0FXXJXTRS,pet,0889441181390,3600.0,,51566,2,51,standard_1,,,,,,False,False,False,Riuuyyi猫マット猫ベッドトンネル睡眠快適丈夫洗浄ストレス緩和運動不
B08GWQ77F3,pet,0735632186838,3599.0,,51576,2,51,standard_1,4171,Yahoo,-1946,-54.1,はずれ,False,False,False,水槽照明 LEDライト 水槽ライト アクアリウムライト 熱帯魚ライト タ
B0FLJPFZ29,pet,4978645508914,3980.0,,51592,2,51,standard_1,798,Yahoo,1751,44.0,原石,True,True,False,がっちり固めてブルーに変わる紙砂 7L×6袋セット 猫砂 消臭 猫トイレ
B0BFPQ2MZD,pet,,4015.0,,58553,2,47,large_1,,,,,,False,False,False,プロフェッショナル バランス 1歳から 3kg【プレゼント付きs】
B0BY7NW4V7,pet,,13090.0,,58511,2,47,large_2,,,,,,False,False,False,ブラックウッド ドッグフード 5000 なまず 7.05kg【プレゼント
B0FQM5JDLN,pet,,7229.0,,51628,5,51,standard_2,,,,,,False,False,False,CO₂発生器セット 高品質CO₂システム、エアレーション デコレーション
B09DPZN92Y,pet,0734257373692,3291.0,,58588,10,47,standard_1,,,,,,False,False,False,ペット ティピー 犬 & 子犬 猫 テント ティピ ベッド ポータブルハ
B00JJLOIMC,pet,4582232682880,77530.0,,58604,1,47,standard_1,,,,,,False,False,False,アルミ製 パネル式ドッグサークル 屋根付き （全高1.35m×全幅1.3
B00JJLOH64,pet,4582232682873,69752.0,,58604,1,47,standard_1,,,,,,False,False,False,アルミ製 パネル式ドッグサークル 屋根付き （全高1.05m×全幅1.3
B000FQ6GP2,pet,4520699602966,3480.0,,55807,5,49,standard_1,2100,楽天,24,0.7,あやしい,False,False,False,ペット用紙オムツ Mサイズ 小~中型犬 28枚
B00K81LB68,pet,,3580.0,,58586,2,47,standard_1,,,,,,False,False,False,マリモの ごはん １０個セット
B0BX82GR87,pet,0073091040118,3828.0,,51678,2,51,small,,,,,,False,False,False,Sentry (セントリー) 猫用カーミングチュー 落ち着き補助 ストレ
B0C3CBM2PG,pet,8805616205069,3776.0,,58638,2,47,small,,,,,,False,False,False,Petarea 5フィート スリップリード 犬用リード 高耐久ロープライ
B0F3X1966F,pet,8885003136619,7198.0,,30842,5,67,standard_2,6298,Yahoo,-1144,-15.9,はずれ,False,False,False,ニュートライプ クランチ オーブンベークド ラムｗｉｔｈグリーントライプ
B09LLQFY4T,pet,4562312015418,3014.0,,30740,5,68,standard_1,2740,Yahoo,-1012,-33.6,はずれ,False,False,False,ライトハウス リガロ ハイプロテインレシピ シニア ターキー 7歳以上用
B0841V6HYH,pet,4520699647547,7580.0,,58718,4,47,large_2,363,楽天,4743,62.6,原石,True,True,False,ユニチャーム グランデリ 無添加仕立て 国産パウチ 成犬用 ビーフ入り×
B00AQBDT74,pet,4571429240040,7838.0,,51742,2,51,small,8168,Yahoo,-2096,-26.7,はずれ,False,False,False,犬用リードフック ボーンA＜LFP-DG106b＞
B0H2ZB4H4K,pet,,3585.0,,58740,2,47,standard_1,,,,,,False,False,False,BESTOYARD 猫 爪研ぎ 壁に貼る 爪とぎシート 壁掛け 大型 6
B00B95PNXE,pet,8435037100010,3388.0,,58683,3,47,standard_1,3388,Yahoo,-1342,-39.6,はずれ,False,False,False,シャンプーバイタリザンテ２５０ｍｌ
B07FJQ6Q6N,pet,4978007004382,6078.0,,51769,6,51,standard_2,352,Yahoo,3850,63.3,原石,True,True,False,（まとめ買い）森乳サンワールド お気に入り デンタルビスケット ミニ 8
B007OL0EA4,pet,,4283.0,,51774,2,51,standard_1,,,,,,False,False,False,HOEI 465用 水漏れ防止枠（シャッター付き）
B00459KR96,pet,8809980985879,4897.0,,58732,3,47,small,5830,Yahoo,-2258,-46.1,はずれ,False,False,False,アニマストラス　顆粒　100g
B00459HDXY,pet,7709980981868,13960.0,,58732,4,47,standard_2,17979,Yahoo,-7077,-50.7,はずれ,False,False,False,アニマストラス　1L
B00AFVNQP0,pet,4934743000941,95600.0,,58847,8,47,large_2,83780,Yahoo,-3857,-4.0,はずれ,False,False,False,ゼンスイ ZR-180E アクアリウムクーラー／チラー｜家庭用水槽向け｜
B07VCZFF61,pet,4011708008409,29500.0,,58278,6,47,standard_2,26700,楽天,-2589,-8.8,はずれ,False,False,False,エーハイム 観賞魚用紫外線殺菌灯 リーフレックスUV 800
B0CFL4J4BR,pet,,3988.0,,58729,2,47,standard_2,,,,,,False,False,False,猫 キャリー バッグ ペットキャリー バッグ 手提げ ショルダー 中/大
B0CXJ2DLQ7,pet,4903588560941,3534.0,,30868,5,67,standard_1,3050,Yahoo,-880,-24.9,はずれ,False,False,False,ペティオ (Petio) 犬用胴輪 EthicalDoor（エシカルドア
B01727R0MO,pet,0854111004101,4360.0,,51883,3,51,standard_1,5064,Yahoo,-2192,-50.3,はずれ,False,False,False,"ベネボーン [Benebone] 犬 噛むおもちゃ (チキン, ジャンボ"
B07FS8WQLF,pet,4971453051955,3000.0,,58888,6,47,standard_1,195,Yahoo,1521,50.7,原石,True,True,False,（まとめ買い）イトスイ 金魚用留守番フード コメット 3日間フード 金魚
B00HI61Y8Q,pet,,4395.0,,58818,2,47,standard_1,,,,,,False,False,False,日本のみのり　純国産プレミアム ドッグフード チキンベース（800g）
B0CC8L7J55,pet,,5280.0,,58816,5,47,standard_1,,,,,,False,False,False,（まとめ買い）ネスレ モンプチ クリスピーキッス 総合栄養食 とびきり贅
B0BY85Q7FG,pet,,5500.0,,58769,2,47,large_1,,,,,,False,False,False,ブラック・ウッド 3000 2.7kg【プレゼント付きtm】
B00UF4AEYI,pet,,3750.0,,51880,2,51,standard_1,,,,,,False,False,False,（海水魚）エビ キャメルシュリンプ（3匹） 北海道航空便要保温
B0B1LYFWHN,pet,0717981278532,4998.0,,58337,2,47,standard_2,7850,楽天,-4566,-91.4,はずれ,False,False,False,タイルカーペット タイルマット 30*30cm/枚 床保護 ずれないマッ
B0B1LT8K7K,pet,0717981278440,3280.0,,58337,2,47,standard_2,5282,楽天,-3458,-105.4,はずれ,False,False,False,タイルカーペット タイルマット 30*30cm/枚 床保護 ずれないマッ
B00EVE0OWK,pet,4541851005104,5060.0,,57235,8,48,large_1,5060,Yahoo,-1892,-37.4,はずれ,False,False,False,セレクトバランス アダルト チキン 小粒 3kg
B0B56M1TSM,pet,4902418069654,3000.0,,51921,6,51,large_1,1631,楽天,-214,-7.1,はずれ,False,False,False,【セット販売】メディファス アドバンス 腎臓の健康維持 7歳頃から チキ
B00IN5EN16,pet,,5060.0,,39798,4,59,large_1,,,,,,False,False,False,SELECT BALANCE セレクトバランス アダルトチキン 3kg 
B09RSWFF5R,pet,4540103090493,5380.0,,58960,4,47,standard_1,4125,Yahoo,-386,-7.2,はずれ,False,False,False,ＺＯＯＸ ブラックシリコンホース １２／１７ ５ｍ
B07PVWXTV7,pet,4589602263168,8480.0,,55754,11,49,large_2,10010,Yahoo,-4139,-48.8,はずれ,False,False,False,ソリッド ゴールド ホリスティックブレンド6kg
B0BYJZ8G6T,toys,0194735098903,6052.0,,62730,1,45,standard_1,,,,,,False,False,False,バービーマーメイドプレイセット マーメイド人形3個とドリームトピアアクセ
B0DNMNMSTS,toys,4573616039772,4650.0,,61754,2,46,standard_1,2772,Yahoo,346,7.5,あやしい,False,False,False,ブシロード ラバーマットコレクション V2 Vol.2012 カードファ
B09M4FLXF7,toys,0778988432426,9139.0,,337501,3,18,standard_1,,,,,,False,False,False,"Cool Maker, KumiKreator Bead & Braid"
B0GPF6MN2C,toys,0196214148918,19168.0,,50219,2,51,standard_1,,,,,,False,False,False,ポケモンTCG メガエボリューション アセンデッドヒーローズ デラックス
B0GHP5LMM5,toys,5011921253555,10650.0,,61808,8,46,small,8415,Yahoo,48,0.4,あやしい,False,False,False,"ゲームワークショップ ウォーハンマー40,000 キルチーム:ウルフスカ"
B0GFH12TFN,toys,4897054516269,13653.0,,50228,8,51,standard_1,,,,,,False,False,False,フレームトイ トランスフォーマー メガトロン ふらいモデルキット (G1
B0DR3SH697,toys,0193052079893,5315.0,,62837,3,45,standard_1,,,,,,False,False,False,スナックル、ハロウィン、シリーズ1、8インチのぬいぐるみ(吸血鬼)
B0FJPY9BT6,toys,9009657012498,61829.0,,62939,3,45,standard_1,45800,Yahoo,5921,9.6,あやしい,True,True,False,スワロフスキー マインクラフトクリーパー
B07MVKK74L,toys,0695969392152,6524.0,,62094,14,46,small,,,,,,False,False,False,Sonic The Hedgehog Great Eastern GE-
B0FP2H4XL9,toys,0634482070017,9289.0,,62111,10,46,small,,,,,,False,False,False,Van Helsing スケールアクションフィギュア 18cm ハンマー
B0GJXJ2CMN,toys,0810181531206,7166.0,,63113,3,45,standard_1,,,,,,False,False,False,Transformers 3 - Classic Class Bumbl
B0DTBKVR5R,toys,0634482963746,40438.0,,62136,9,46,standard_1,,,,,,False,False,False,WizKids D&D Icons of The Realms:モンスタ
B0H4SNCF98,toys,4950344085132,10023.0,,50579,3,51,standard_1,9091,Yahoo,-1405,-14.0,はずれ,False,False,False,タミヤ (TAMIYA) セミアッセンブルシリーズ No.6 1/10R
B0BVMX2SX2,toys,0195166205632,79258.0,,50770,2,51,standard_1,,,,,,False,False,False,マジック:ザ・ギャザリング ロード・オブ・ザ・リング:テイルズ オブ ミ
B0BL72N1QL,toys,4549660883333,25000.0,,50640,2,51,standard_2,9580,Yahoo,10706,42.8,原石,True,True,False,バンダイトイズ - 仮面ライダー - ロストドライバー ver.1.5 
B0GY54BDTK,toys,6213960157316,8825.0,,63256,2,45,standard_2,,,,,,False,False,False,MOC-149250 ヘリコプタービルディングブロックセットMOC、10
B0H2L5L9JF,toys,4570117928383,4650.0,,50681,2,51,standard_1,3160,Yahoo,-42,-0.9,はずれ,False,False,False,バンダイ(BANDAI) エンジェルポケット ミニチュアコレクション&チ
B0BVMV7272,toys,0195166205519,26491.0,,50699,13,51,standard_1,,,,,,False,False,False,マジック:ザ・ギャザリング ロード・オブ・ザ・リング:テイルズ オブ ミ
B0DV8FF25N,toys,0043377810421,6030.0,,62289,6,46,small,,,,,,False,False,False,Playmates Toys ティーンエイジ・ミュータント・ニンジャ・タ
B0GCZVXFM8,toys,,4949.0,,62326,2,46,large_1,,,,,,False,False,False,SOCOCO プロフェッショナルビリヤードボールセット、57.2mmアメ
B0BJTFFWV2,toys,4549660809562,4000.0,,50762,9,51,standard_2,4516,Yahoo,-2080,-52.0,はずれ,False,False,False,ウルトラソフビワールド ぐるんと回転!! DXプラズマスパークタワー
B0BVMW8WQ9,toys,0195166205496,14196.0,,50774,10,51,standard_1,22560,楽天,-11327,-79.8,はずれ,False,False,False,マジック:ザ・ギャザリング ロード・オブ・ザ・リング テイルズ・オブ・ミ
B0CN1B9BXS,toys,4573102652935,3799.0,,50775,7,51,standard_1,3300,楽天,-905,-23.8,はずれ,False,False,False,BANDAI HGUC ガンダム・インレ-くろうさぎのみた夢 1/144
B0BQTN62L8,toys,4904810903376,9990.0,,50791,3,51,standard_1,4450,Yahoo,3208,32.1,原石,True,True,False,タカラトミー プラレール 200系カラー新幹線 (E2系) ＆ E3系新
B010PZE29O,toys,0787799240847,9596.0,,50802,4,51,standard_1,10210,楽天,-2887,-30.1,はずれ,False,False,False,妖怪ウォッチ DX妖怪ウォッチU プロトタイプ
B00TYO5UKI,toys,0062243280571,3300.0,,50815,3,51,standard_1,3056,Yahoo,-1085,-32.9,はずれ,False,False,False,B. toys Terra by Battat 動物フィギュア ワイルド
B09XKD9MB7,toys,4573476860196,3297.0,,50816,4,51,standard_2,2650,Yahoo,-812,-24.6,はずれ,False,False,False,ドミノゲーム・メキシカントレイン
B0CSJTG3PY,toys,,7442.0,,62423,2,46,standard_1,,,,,,False,False,False,ATOZ 子供用ワンジー アニマルパジャマ ハロウィン コスプレ コスチ
B09ZYCZXVW,toys,,8903.0,,62423,2,46,standard_1,,,,,,False,False,False,ATOZ 子供用ワンジー アニマルパジャマ ハロウィン コスプレ コスチ
B0CSK3WWC3,toys,,9449.0,,62423,2,46,standard_1,,,,,,False,False,False,ATOZ 子供用ワンジー アニマルパジャマ ハロウィン コスプレ コスチ
B0BGG8Q429,toys,4549660829171,3600.0,,50858,7,51,small,1280,Yahoo,1190,33.1,原石,True,True,False,[BANDAI] 仮面ライダーギーツ DXモンスターレイズバックル
B0G43QS411,toys,0194735350438,3979.0,,50861,5,51,small,,,,,,False,False,False,Masters of the Universeアクションフィギュア。
B0BSRF4FSK,toys,0673419377010,13179.0,,50872,13,51,standard_1,,,,,,False,False,False,レゴ(LEGO) スター・ウォーズ スパイダータンク組み立ておもちゃ -
B08MKYRW4L,toys,6955158201974,6915.0,,50889,5,51,standard_1,,,,,,False,False,False,Murakush ラジコンカー RCオートバイ ラジコンオートバイ セル
B0C6DQ4YHY,toys,4904810906803,7370.0,,50901,2,51,standard_1,2280,Yahoo,3150,42.7,原石,True,True,False,タカラトミー(TAKARA TOMY) カブトボーグ KB-07 ヘラク
B08VKD8X2W,toys,0195166113760,7140.0,,50927,2,51,standard_2,3498,Yahoo,1607,22.5,原石,True,True,False,ハズブロ(HASBRO) ナーフ ウルトラ AMP 電動ブラスター F0
B0DPGR3NGN,toys,4537807220684,11385.0,,50929,7,51,standard_1,9900,Yahoo,-1057,-9.3,はずれ,False,False,False,リボルテック アメイジング・ヤマグチ バットマン・ザ・フューチャー バッ
B0FY22Q7W7,toys,,4980.0,,50933,2,51,standard_1,,,,,,False,False,False,お位牌入れ 携帯用位牌袋 さくら柄 (紫)
B07VSTK5K7,toys,4904810142164,3200.0,,50934,5,51,standard_1,330,Yahoo,1556,48.6,原石,True,True,False,【国内販売正規品】L.O.L. サプライズ! メイクオーバーシリーズ ヘ
B086278SZK,toys,4530956471266,11480.0,,50943,3,51,standard_1,7293,Yahoo,1631,14.2,あやしい,True,True,False,メディコム・トイ MAFEX マフェックス No.126 バットマン ハ
B000I8SMZE,toys,0785924754467,3840.0,,50956,11,51,standard_1,,,,,,False,False,False,プラントイPLANTOYS 5105 ダンシングアリゲーター
B0DBKTZS8G,toys,4589991611137,5178.0,,50957,2,51,standard_1,3960,Yahoo,-393,-7.6,はずれ,False,False,False,Fullcock Realfoam Water Gun 第18弾 TV版
B0DW45KV9Q,toys,4571646405802,3300.0,,50975,6,51,small,3300,Yahoo,-1085,-32.9,はずれ,False,False,False,銀河の花束ルノルマンカード ｜ miyo ｜ カード38枚 【正規品】
B0002VLN5S,toys,,3200.0,,51010,5,51,standard_1,,,,,,False,False,False,HABA（ハバ） Socken zocken: Fur 2-6 Spie
B07W73MMLF,toys,0639342166008,7855.0,,51013,3,51,small,,,,,,False,False,False,ヨコモ RCドリフトカー用ステアリングジャイロ DP-302V4 パープ
B0FYG5SJD1,toys,6937187405011,19000.0,,51032,9,51,standard_1,,,,,,False,False,False,カヨウ ナルト-スムリティ ヘブンスクロール コレクタブルトレーディング
B09TR3C3JB,toys,0194735008407,8780.0,,51035,3,51,standard_2,2110,Yahoo,4389,50.0,原石,True,True,False,マテル(MATTEL)フィッシャープライス(fisher price) 
B0CW5FRGDC,toys,5702017600246,7000.0,,51052,3,51,standard_1,8206,楽天,-3090,-44.1,はずれ,False,False,False,レゴ(LEGO) フレンズ 宇宙探査車 おもちゃ 玩具 プレゼント 誕生
B0C9PPSP7Q,toys,4970134350394,3126.0,,51059,12,51,standard_2,3140,Yahoo,-1447,-46.3,はずれ,False,False,False,イガラシ シャチフロート(ブラック) 180×115cm FRB-184
B0831134QT,toys,0699858569526,6331.0,,62652,8,45,small,,,,,,False,False,False,Great Eastern Entertainment 僕のヒーローアカ
B0851SKF19,toys,4710586071436,22220.0,,62654,5,45,standard_1,,,,,,False,False,False,Beast Kingdom - Toy Story DAH-022 Dy
B01G8285A0,toys,4977554616710,6870.0,,51080,12,51,standard_1,7190,Yahoo,-2184,-31.8,はずれ,False,False,False,かえちゃOh! まほうのラーメンやさん
B0DRNK62CH,toys,4573592719194,6600.0,,51085,9,51,small,3960,Yahoo,1060,16.1,原石,True,True,False,五等分の花嫁 カードゲーム ブースターパック vol.3 いつもどこでも
B08CXZZ9JB,toys,4543471002907,8700.0,,51096,6,51,standard_2,6999,Yahoo,-568,-6.5,はずれ,False,False,False,GP ウボンゴ 3D 完全日本語版 パズル
B00CY2U74Q,toys,4589959025297,3690.0,,51097,3,51,standard_1,,,,,,False,False,False,縁日すくい ピカピカアニマルズ （４８個入）　　/ お楽しみグッズ(紙風
B0989TLGJJ,toys,4582514332083,5980.0,,51103,5,51,standard_1,6519,Yahoo,-2270,-38.0,はずれ,False,False,False,にゃんこ大戦争 BIGぬいぐるみ (金ネコ)
B07WR3YJDX,toys,4979750802072,26666.0,,51106,2,51,standard_2,6780,Yahoo,14922,56.0,原石,True,True,False,アンパンマン いらっしゃいませ! アンパンマンコンビニDX
B0BWCYXPZS,toys,4549660872863,3950.0,,51249,6,51,small,2310,Yahoo,458,11.6,あやしい,True,True,False,[BANDAI] ムービーモンスターシリーズ バラゴン(1965)
B0BYCF92LG,toys,5702017421421,11000.0,,51136,11,51,standard_1,12000,Yahoo,-3484,-31.7,はずれ,False,False,False,レゴ(LEGO) スター・ウォーズ スパイダー・タンク おもちゃ 玩具 
B094NMGGDZ,toys,4560445383879,3960.0,,51140,13,51,small,3960,Yahoo,-1184,-29.9,はずれ,False,False,False,マトリョーシカ パートナーズ MIDORI KOMATSU Partne
B0BX9FKDCC,toys,,8276.0,,62729,2,45,small,,,,,,False,False,False,MagicTech 3Dプリント トゥールビヨン エスケープメント スト
B0CYT2X36D,toys,,8487.0,,62737,3,45,standard_1,,,,,,False,False,False,ANJARU ダンプトラックおもちゃ プッシュ&ゴーカー ライトとサウン
B0DN6X7VG4,toys,0195166291536,6017.0,,51171,3,51,small,,,,,,False,False,False,BEY BBX Jefferson
B0BRYTWB9L,toys,0850016557292,3350.0,,51172,3,51,small,,,,,,False,False,False,theory11 スターウォーズ ゴールド スペシャルエディション トラ
B095XK6QPD,toys,4975201182007,6450.0,,51181,10,51,standard_2,4100,Yahoo,418,6.5,あやしい,False,False,False,ジョイパレット(JOYPALETTE) アンパンマン すうじがピピピ! 
B0C5DN8RSV,toys,4549660965763,6667.0,,51190,10,51,standard_1,4600,Yahoo,233,3.5,あやしい,False,False,False,カラフルアクション★ミックスパレット
B0CWH2FRR5,toys,5702017588858,5000.0,,51192,6,51,standard_1,5889,楽天,-2473,-49.5,はずれ,False,False,False,レゴ(LEGO) フレンズ ハートレイクシティ幼稚園 おもちゃ 玩具 プ
B0CFW1XJMQ,toys,5702017589374,7850.0,,51192,5,51,standard_1,10220,楽天,-4382,-55.8,はずれ,False,False,False,レゴ(LEGO) フレンズ ファームサンクチュアリ おもちゃ 玩具 プレ
B0BV7CKD3S,toys,5702017463513,6980.0,,51192,3,51,standard_1,5980,Yahoo,-881,-12.6,はずれ,False,False,False,レゴ(LEGO) フレンズ 冬のイグルー遊び 41760 おもちゃ ブロ
B07BM9DB8S,toys,3056560101685,3080.0,,55654,2,49,small,2860,Yahoo,-832,-27.0,はずれ,False,False,False,キリンのソフィー 【マラカスラトル】 [日本正規品] Vulli 0ヵ月
B0CS2C8NL4,toys,0035051531067,3465.0,,51217,2,51,small,,,,,,False,False,False,MGA's Miniverse Make It Mini Cafeシリー
B0B9RJV7LN,toys,4549660829249,7500.0,,51221,3,51,standard_1,2004,Yahoo,3537,47.2,原石,True,True,False,仮面ライダーギーツ DXマグナムシューター40X
B002JLYR2U,toys,4975950110108,5246.0,,51249,3,51,standard_2,5400,Yahoo,-1905,-36.3,はずれ,False,False,False,ミッフィーブロックス DB210
B0DK5XJYPB,toys,0194735270170,8980.0,,51251,2,51,standard_1,10925,楽天,-4126,-45.9,はずれ,False,False,False,マテル ジュラシックワールド(JURASSIC WORLD) ダリウスの
B07N31W8K8,toys,4979750800719,10324.0,,51255,5,51,standard_2,4320,Yahoo,3491,33.8,原石,True,True,False,アンパンマン いらっしゃいませ! アンパンマンコンビニ ユニセックス(子
B0DQ66TRDW,toys,0886144449093,6978.0,,62835,3,45,small,,,,,,False,False,False,Disney Doorables ディズニー ピクサー トイストーリー 
B0BQVNWXT3,toys,4974475889230,3190.0,,51394,4,51,small,1230,楽天,892,27.9,原石,True,True,False,ちいかわ ぽてたまぬいぐるみ ちいかわ パジャマパーティー
B0C1Z7C8NL,toys,4975430517694,4100.0,,51261,3,51,standard_1,2560,Yahoo,91,2.2,あやしい,False,False,False,メガハウス(MegaHouse) マグネットオセロ 50th
B0CGWVD6XG,toys,4570117960277,5350.0,,51262,13,51,standard_1,6185,Yahoo,-2472,-46.2,はずれ,False,False,False,タッチで浄化! タッチでレッスン♪マジェスティクルニクルン
B09BF4JRQG,toys,0701197870017,5641.0,,51276,8,51,small,2750,Yahoo,1455,25.8,原石,True,True,False,ノナガ:Das bewegende Brett
B0GS9Q8L9M,toys,4571646407851,5500.0,,51286,5,51,small,5500,Yahoo,-1415,-25.7,はずれ,False,False,False,日本のお稲荷様TAROT ｜ 蓮華 ｜ カード78枚 【正規品】
B0FM6N2KZ5,toys,4974413895521,3000.0,,51300,2,51,small,1760,Yahoo,200,6.7,あやしい,False,False,False,サンエックス(San-X) すみっコぐらし ｢フルーツパーラー｣ てのり
B0FXPMLL3V,toys,,3435.0,,51303,6,51,small,,,,,,False,False,False,遊戯王カード 黒き竜のエクレシア(アルティメットレア) バースト・プロト
B0BSL95RMZ,toys,4988601254977,4150.0,,51303,4,51,small,1900,Yahoo,1038,25.0,原石,True,True,False,ドラゴンクエスト メタリックモンスターズギャラリー メタルスライム
B0DPFK7VV8,toys,4573592719293,5980.0,,51309,5,51,small,4380,Yahoo,113,1.9,あやしい,False,False,False,ヴァイスシュヴァルツ ブースターパック MyGO！！！！！ × Ave 
B07VYC37PP,toys,4513266170661,3299.0,,51318,3,51,standard_1,2970,Yahoo,-1000,-30.3,はずれ,False,False,False,ポケットモンスター ぬいぐるみリュック カビゴン
B08PVYZY8H,toys,4001505099175,7980.0,,57851,5,48,standard_1,9900,Yahoo,-3951,-49.5,はずれ,False,False,False,シュタイフ(steiff) カドリーフレンズ・ゴールデンドゥードルのベル
B0DPFH3QC1,toys,4904810946472,49500.0,,51329,2,51,standard_2,22800,Yahoo,18311,37.0,原石,True,True,False,T-SPARK TOYRISE トイライズ ジェネシックガオガイガー 可
0786968796,toys,9780786968794,5500.0,,51331,2,51,standard_1,4200,Yahoo,-359,-6.5,はずれ,False,False,False,ダンジョンズ＆ドラゴンズ ドラゴンランス：女王竜の暗き翼 D＆D RPG
B0CCT7VB57,toys,4549660992752,24012.0,,51335,5,51,standard_2,7450,Yahoo,11996,50.0,原石,True,True,False,DXキングコーカサスカブト ガーディアンウエポンヘラクレスアックスセット
B0FNQ3WDKZ,toys,4975201182908,3480.0,,51353,2,50,standard_1,1930,Yahoo,194,5.6,あやしい,False,False,False,ジョイパレット(JOYPALETTE) アンパンマン 遊んで知育 くるっ
B0FHW4HNB7,toys,4570138440390,33000.0,,51360,2,51,large_2,,,,,,False,False,False,【500円玉専用】トイカプセルマシーン ガチャガチャ ガシャポン (75
B0D5ZQ5B7Q,toys,6957534202667,14339.0,,51497,8,51,standard_1,15150,Yahoo,-3796,-26.5,はずれ,False,False,False,Hiya Toys ゴースト・イン・ザ・シェル:スタンドアローン・コンプ
B0FGCQ57RS,toys,4573230817220,14000.0,,51364,2,51,standard_2,8800,Yahoo,2136,15.3,原石,True,True,False,シークレット キャッチ! ティニピン ピーポーピンのティニピン病院
B077GPSBQQ,toys,4580294612074,5500.0,,51371,3,51,small,3830,楽天,255,4.6,あやしい,False,False,False,山形工房(Yamagata Koubou) 日本けん玉協会認定 New 
B09VNTNTGG,toys,4713843315557,3746.0,,58844,2,47,standard_1,,,,,,False,False,False,Stuurvnee 1:55メガリフター合金ダイキャストモデル 4つの前
B0FWRG3MFQ,toys,0762849841366,5616.0,,51385,2,51,standard_1,,,,,,False,False,False,EMPATHSOUL パステルドリームズ タロットデッキ 初心者向けタロ
B0D5VJW9CJ,toys,0751757733771,6061.0,,51385,5,51,small,,,,,,False,False,False,EMPATHSOUL ミスティック エンチャンテッドフォレスト オラクル
B0BF8YSTJ6,toys,4952682108320,11980.0,,51403,14,51,standard_1,12480,Yahoo,-3131,-26.1,はずれ,False,False,False,エレキット プログラミング・フォロ (エレキット プログラミング・フォロ
0786968761,toys,9780786968763,5500.0,,51410,3,51,standard_1,5468,楽天,-1627,-29.6,はずれ,False,False,False,ダンジョンズ&ドラゴンズ ウィッチライトの彼方へ D&D RPG ロール
B0CCX83ZH3,toys,4573102650412,25500.0,,51410,10,51,standard_1,11000,Yahoo,9841,38.6,原石,True,True,False,Dragon Ball S.H.フィギュアーツ 孫悟飯ビースト 約140
B0DKHCJX77,toys,5392684749746,6990.0,,51414,2,51,standard_2,,,,,,False,False,False,[VOKLLIYU] 子供 ドレス キッズ ピアノ発表会 子ども ドレス
B08XKYBHVT,toys,4934054020201,10309.0,,51415,12,51,standard_1,8260,楽天,-331,-3.2,はずれ,False,False,False,五等分の花嫁 中野二乃 1/8スケール PVC製 塗装済み完成品フィギュ
B0FHBTWNY2,toys,4573102633118,13500.0,,51426,9,51,small,9900,Yahoo,985,7.3,あやしい,False,False,False,S.H.Figuarts（真骨彫製法） 仮面ライダー旧1号
B07VV4C12C,toys,4905426000954,4732.0,,51447,2,51,standard_1,2960,Yahoo,228,4.8,あやしい,False,False,False,学研 Gakkenニューブロック ミルきらプリンセスバッグ
B0CPL4CS16,toys,0194735236190,11000.0,,51449,4,51,standard_1,5095,Yahoo,3421,31.1,原石,True,True,False,マテル ジュラシックワールド(JURASSIC WORLD) ハモンド・
B0C4JXH3HX,toys,,7990.0,,54406,2,49,large_2,,,,,,False,False,False,Pugrwei プール 大型 家庭プール 空気入れ不要 折りたたみプール
B0C4JXLGDM,toys,,10690.0,,54406,2,49,large_2,,,,,,False,False,False,Pugrwei プール 大型 家庭プール 空気入れ不要 折りたたみプール
B0C4JW6BPG,toys,,8990.0,,54406,2,49,large_2,,,,,,False,False,False,Pugrwei プール 大型 家庭プール 空気入れ不要 折りたたみプール
B0C4MXQTS5,toys,,8990.0,,54406,2,49,large_2,,,,,,False,False,False,Pugrwei プール 大型 家庭プール 空気入れ不要 折りたたみプール
B0C4JWNG6H,toys,,7990.0,,54406,2,49,large_2,,,,,,False,False,False,Pugrwei プール 大型 家庭プール 空気入れ不要 折りたたみプール
B0C4JVHP81,toys,,8990.0,,54406,2,49,large_2,,,,,,False,False,False,Pugrwei プール 大型 家庭プール 空気入れ不要 折りたたみプール
B0C4MZB7PG,toys,,7990.0,,54410,2,49,large_2,,,,,,False,False,False,Pugrwei プール 大型 家庭プール 空気入れ不要 折りたたみプール
B00N7AXD90,toys,0787799885888,9800.0,,51458,9,51,standard_2,10784,Yahoo,-3418,-34.9,はずれ,False,False,False,仮面ライダードライブ 変身ベルト DXドライブドライバー & シフトブレ
B07YYR1GWW,toys,4573488974454,8700.0,,51459,4,51,small,5380,Yahoo,1425,16.4,原石,True,True,False,超像可動 『ジョジョの奇妙な冒険 第四部』 東方仗助 約150mm PV
B08GM2KR9K,toys,4904810167914,9500.0,,24850,2,76,standard_1,3980,Yahoo,3261,34.3,原石,True,True,False,リカちゃん ドール # Licca #エモキャット
B0G43XGQ5B,toys,0194735383085,8352.0,,63036,2,45,standard_1,,,,,,False,False,False,Mattel人形。
B0BF9GLMVP,toys,4952682108313,8980.0,,51475,14,51,standard_1,8441,Yahoo,-1642,-18.3,はずれ,False,False,False,エレキット プログラミング・フォロ (エレキット プログラミング・フォロ
B0H1V71ZYD,toys,4582770066609,10749.0,,51485,10,51,standard_1,6160,Yahoo,2143,19.9,原石,True,True,False,バンダイ(BANDAI) UNION ARENA ブースターパック 魔法
B0FXJ2WJS5,toys,4573102697882,16600.0,,51490,8,51,small,18800,楽天,-5280,-31.8,はずれ,False,False,False,魂ネイションズ - 僕のヒーローアカデミア 爆豪勝己 - The Beg
B07PP2QZRT,toys,4977554212684,4280.0,,51491,5,51,standard_1,2210,Yahoo,594,13.9,あやしい,True,True,False,スイスイおえかき ドラえもん どこでもボード【ひらがな・とけい・ABC・
B08SRGYQ1R,toys,4549660570899,3600.0,,51496,12,51,standard_1,3000,楽天,-774,-21.5,はずれ,False,False,False,[BANDAI] 機界戦隊ゼンカイジャー ゼンカイジャーゼンカイなりきり
B0CCVQV9BW,toys,0366302737625,4045.0,,51500,8,51,standard_1,7780,楽天,-5176,-128.0,はずれ,False,False,False,CRAFTERIAN タロットカード、78枚のカードデッキ、ゴールドエッ
B0FLPB1KFJ,toys,,3299.0,,57070,2,48,small,,,,,,False,False,False,[YAYUPLUS] ハロウィン コスチューム キッズ 3点セット 子供
B0FLPJS4W1,toys,,3280.0,,57070,2,48,standard_1,,,,,,False,False,False,[YAYUPLUS] ハロウィン コスチューム キッズ 3点セット 子供
B0BBRXFCXR,toys,0673419376563,3480.0,,51524,8,51,small,4800,Yahoo,-2432,-69.9,はずれ,False,False,False,レゴ(LEGO) スーパー・ヒーローズ ハルク・メカスーツ おもちゃ 玩
B0C1J8QLD7,toys,4521121207391,6980.0,,51528,3,51,standard_1,1120,Yahoo,3979,57.0,原石,True,True,False,リーメント ポケットモンスター テラリウムコレクション13 BOX商品 
B0GRC5QJQX,toys,0196906079865,12975.0,,51532,4,51,standard_1,,,,,,False,False,False,ディズニーストア公式レイスカイウォーカーライトセーバートイ 子供用 - 
B0C1JQN9YC,toys,4513266171644,3440.0,,51538,2,51,standard_1,2540,楽天,-450,-13.1,はずれ,False,False,False,ポケットモンスター リュック ぬいぐるみリュック メタモン PS-003
B0BDHHCJ82,toys,5010996142108,12464.0,,51695,10,51,standard_1,3980,Yahoo,5780,46.4,原石,True,True,False,ハズブロ(HASBRO) スター・ウォーズ STAR WARS アソーカ
B0GJD7WQ84,toys,,13790.0,,59614,2,47,standard_2,,,,,,False,False,False,メタルカードボットW ソリッドホーン SOLIDHORN 3台合体 変形
B0FKTCGJTC,toys,4550624879637,3980.0,,51582,3,51,small,4602,Yahoo,-1809,-45.5,はずれ,False,False,False,サンリオ(SANRIO) マスコットホルダー（トコナツバケーション） ハ
B0DNRC6C1K,toys,4570117921957,5500.0,,51590,3,51,standard_1,830,Yahoo,3011,54.7,原石,True,True,False,バンダイ(BANDAI) 装動 仮面ライダーガヴ GV3 12個入BOX
B08ZF9QCMS,toys,4549660586968,5980.0,,51591,2,51,small,1606,Yahoo,2887,48.3,原石,True,True,False,ムービーモンスターシリーズ ジェットジャガー
B0CTBTSMCQ,toys,4570118083227,7480.0,,51592,4,51,standard_1,3952,Yahoo,1572,21.0,原石,True,True,False,[バンダイ(BANDAI)] DXブンブンハンドル
B0BR53Z3Y3,toys,4549660872900,5800.0,,51596,5,51,standard_1,5280,Yahoo,-1184,-20.4,はずれ,False,False,False,ウルトラヒーローシリーズ EX 栄光のニュージェネレーションヒーローズセ
B01778NU86,toys,4979750794810,7480.0,,51605,7,51,standard_2,6695,楽天,-1301,-17.4,はずれ,False,False,False,セガフェイブ(SEGA FAVE) アンパンマン 純国産 アンパンマン木
B0007XC2JC,toys,0078257569977,17590.0,,51611,4,51,large_2,,,,,,False,False,False,[インテックス] メタルフレームプール 305×76cm 28200
B0849S7C5W,toys,0673419337212,7030.0,,51614,7,51,standard_1,,,,,,False,False,False,LEGO BrickHeadz Star Wars The Mandal
B09BZ8HR4B,toys,4517001404981,7890.0,,51617,8,51,standard_2,6480,Yahoo,-738,-9.3,はずれ,False,False,False,アックスヤマザキ 毛糸ミシン ふわもこHug ラベンダー
B09PYDL6TM,toys,4975201182243,9800.0,,51620,5,51,standard_2,11500,楽天,-4134,-42.2,はずれ,False,False,False,ジョイパレット(JOYPALETTE) アンパンマン わくわくアウトドア
B0FRSY8FHW,toys,,4500.0,,51622,2,51,standard_1,,,,,,False,False,False,SIYEENOVE Microbit スマートロボットアームキット日本語
B0GYCGMFQK,toys,4548565516896,34081.0,,51623,2,51,large_2,30205,楽天,-2573,-7.6,はずれ,False,False,False,京商 (Kyosho) ミニッツカーペットトラック50 ベーシックセット
B0C14638HJ,toys,4573592712492,6850.0,,51625,3,51,standard_1,4118,Yahoo,870,12.7,あやしい,True,True,False,カードファイト！！ ヴァンガード スペシャルシリーズ第8弾 はじめようデ
B0DYJ6L46J,toys,,12113.0,,51638,2,51,standard_1,,,,,,False,False,False,SunFounder Raspberry Pi Pico 2 W 究極ス
B0GWFJ5LX2,toys,5011921260485,13618.0,,63213,11,45,standard_1,12130,Yahoo,-1389,-10.2,はずれ,False,False,False,ゲームワークショップ - ウォーハンマー - ホルス異端 - レジオ・カ
B0C7GD64MX,toys,4710006994550,4620.0,,51654,4,51,small,4412,Yahoo,-1075,-23.3,はずれ,False,False,False,SAVOX SV-0220MG PLUS ハイボルテージ・デジタルサーボ
B09K7JP4Y7,toys,4904790713514,3800.0,,51661,5,51,small,1990,Yahoo,650,17.1,原石,True,True,False,ポケットモンスター サウンドぬいぐるみ ポケモン モルペコ (まんぷくも
B07TJCGX62,toys,6942138967463,7653.0,,59053,2,47,standard_1,2680,楽天,2991,39.1,原石,True,True,False,Bestway 直径1.15m レインボーリボン 浮き輪 大人用 361
B0BQ8K62B5,toys,0765023055665,5380.0,,51818,4,50,standard_1,3410,Yahoo,329,6.1,あやしい,False,False,False,ラーニング リソーシズ みて、きいて、さわって トリプルボトル 感覚遊び
B0H52R8FFL,toys,,3899.0,,51713,7,51,small,,,,,,False,False,False,デュエルマスターズ 逆札篇 完璧団長 オーパーツ銃(スーパーレア) 燃え
B0C3YV8KHQ,toys,,12550.0,,26123,2,74,standard_1,,,,,,False,False,False,BANDAI SPIRITS METAL ROBOT魂 ＜SIDE MS
B0BN7CFQ7F,toys,4521329344058,3010.0,,51745,5,51,small,2070,Yahoo,-102,-3.4,はずれ,False,False,False,ポケモンセンターオリジナル 521 ぬいぐるみ Pokémon fit 
B0H1HRV8BV,toys,4580844785012,4920.0,,63309,2,45,small,,,,,,False,False,False,3種セット バターベア くるくるポージングマスコット 公式 グッズ 約1
B0CGXJ8244,toys,4050368983565,11257.0,,51750,12,50,standard_1,15970,楽天,-7236,-64.3,はずれ,False,False,False,Ravensburger ディズニー ロルカナ TCG:イルミエの探求 
B0B96J4NBQ,toys,4582546105723,15800.0,,16777,2,94,standard_1,,,,,,False,False,False,かじとり 三輪車 [Q Play NOVA EVA] 折りたたみ ペダル
B0B96KF6F4,toys,4582546105709,15800.0,,16777,2,94,standard_1,,,,,,False,False,False,かじとり 三輪車 [Q Play NOVA EVA] 折りたたみ ペダル
B0854VHXPC,toys,4904810152750,4880.0,,51760,7,51,standard_1,5980,Yahoo,-2666,-54.6,はずれ,False,False,False,タカラトミー 『 リカちゃん ドール ゆめいろリカちゃん カラフルチェン
B0CKRKR1X7,toys,4570118107619,4848.0,,51770,4,51,small,2290,Yahoo,1241,25.6,原石,True,True,False,仮面ライダーギーツ PREMIUM DX メモリアルビートレイズバックル
B0CMQDSV27,toys,4573592713833,4980.0,,51788,2,51,small,2838,Yahoo,805,16.2,原石,True,True,False,ヴァイスシュヴァルツブラウ ブースターパック ホロスターズ BOX
B0F1MYKR69,toys,4580590208131,4775.0,,51795,3,51,small,4030,Yahoo,-561,-11.8,はずれ,False,False,False,グッドスマイルカンパニー[GOOD SMILE COMPANY] Ban
B0H615VF1G,toys,4570117933370,3280.0,,51810,2,51,standard_1,2460,Yahoo,-506,-15.4,はずれ,False,False,False,にふぉるめーしょん アイカツ！ シールウエハース2 20個 BOX 食玩
B09PGVLVHL,toys,0194356146175,4800.0,,51815,12,51,standard_1,,,,,,False,False,False,Bluey アルティメットアクティビティバックパック 10個以上のアクテ
B0FDQ3FBXM,toys,4522654149141,3188.0,,51816,6,51,standard_1,3344,楽天,-1468,-46.1,はずれ,False,False,False,たまごっち ぬいぐるみポシェット みみっち
B0CSQC7L1S,toys,0848850120338,5980.0,,51823,3,51,standard_1,5995,Yahoo,-1746,-29.2,はずれ,False,False,False,ラーニング リソーシズ リラックス雨音ボトル 小雨・にわか雨・嵐 3本セ
B0CJR45QYB,toys,4573592713949,4680.0,,51827,4,51,small,3190,Yahoo,198,4.2,あやしい,False,False,False,Reバース for you ブースターパック アズールレーン vol.3
B07XLM7VZY,toys,4977513059305,7520.0,,51828,3,51,large_1,4700,Yahoo,559,7.4,あやしい,False,False,False,ハナヤマ(HANAYAMA) ゲームスタジアムDX
B083B13DWM,toys,0848850113699,6969.0,,51846,11,51,standard_1,5310,Yahoo,-220,-3.2,はずれ,False,False,False,ラーニングリソーシズ リラックスキラキラボトル 4本セット 感情コントロ
B09C135JMZ,toys,0887961990713,6980.0,,17437,2,92,small,2630,Yahoo,2713,38.9,原石,True,True,False,マテル(MATTEL) きかんしゃトーマス 木製レールシリーズ(Thom
B0CZCYRMYF,toys,4570118204721,5990.0,,55505,9,49,standard_1,2780,Yahoo,1478,24.7,原石,True,True,False,[BANDAI] [バンダイ] 仮面ライダーガッチャード DXレジェンド
B08BGGNSPR,toys,4975201181857,16470.0,,51876,7,51,large_1,10750,楽天,2116,12.9,あやしい,True,True,False,ジョイパレット(JOYPALETTE) アンパンマン おすしい~っぱい!
B0CBL78WM2,toys,4573102655431,8236.0,,51885,4,51,small,,,,,,False,False,False,TAMASHII NATION (魂ネイションズ)『機動武闘伝Gガンダム
B085WV8R86,toys,0673419340205,5500.0,,51887,6,51,standard_1,5980,Yahoo,-2139,-38.9,はずれ,False,False,False,レゴ(LEGO) マインクラフト ミツバチの養蜂場 21165 おもちゃ
B0H4SQR697,toys,4950344085156,14327.0,,63457,3,45,standard_1,13223,Yahoo,-1879,-13.1,はずれ,False,False,False,タミヤ (TAMIYA) 電動RCカーシリーズ No.242 1/10R
B07DCSL9XY,toys,4905610242443,4622.0,,51910,3,51,small,,,,,,False,False,False,Sekiguchi 242443 Bebich Hichi Cherry
B0FK1WJTQR,toys,0194735350674,13617.0,,51920,4,51,standard_1,,,,,,False,False,False,【Amazon.co.jp 限定】マスターズ オブ ユニバース(MAST
B0H1M99GJJ,toys,4580844771176,3510.0,,60853,2,46,standard_1,,,,,,False,False,False,ギャルネコ 超BIG ぬいぐるみ 公式 キャラクター 話題 グッズ 約3
B0GCB1YHT5,toys,4992831606765,3198.0,,51929,7,50,small,1960,Yahoo,168,5.3,あやしい,False,False,False,ニキ(NICI) ぬいぐるみ シュナウザー クラシック 25cm
B0D8CH9GQ6,toys,4573102667564,8259.0,,51945,5,50,small,,,,,,False,False,False,TAMASHII NATIONS 機動戦士Gガンダム GF13-001N
B093LV4C7K,toys,3558380085522,4779.0,,51955,7,50,standard_1,4200,Yahoo,-972,-20.3,はずれ,False,False,False,ホビージャパン(HobbyJAPAN)ボードゲーム プロジェクトL 多言
B0D8T1PQ4R,toys,4904790786686,3600.0,,51960,10,50,standard_1,2390,楽天,-164,-4.6,はずれ,False,False,False,ディズニーキャラクター 洗えるハグっとフレンズ エルサ ぬいぐるみ高さ約
B0F83TLWMH,toys,4550317598500,3740.0,,58113,2,47,standard_1,,,,,,False,False,False,ペンライト スタンド 推し活 オシスキ ライト 約12×12×27cm 
B0D5MRBW4G,toys,5056577739480,7756.0,,51967,3,50,standard_1,21400,楽天,-15641,-201.7,はずれ,False,False,False,Minecraft 公式チェストマネーバンク – ゲーマールームの装飾&
B09Y89HFV7,toys,4549660810148,9800.0,,51974,4,50,standard_1,2780,Yahoo,4716,48.1,原石,True,True,False,[バンダイ] レジェンド変身ベルトシリーズ カブトゼクター
B0DB7H9BKP,toys,4904810937555,14650.0,,51977,2,50,standard_1,3510,Yahoo,8108,55.3,原石,True,True,False,ポケットモンスター なでておしゃべり♪ きらめきテラパゴス
B0FTFKY5KH,toys,4582751957483,4080.0,,16654,2,95,standard_1,,,,,,False,False,False,[パンダ] 【インスタ映え】 ふわふわ アニマル ぬいぐるみ マスク 黒
B0GTQ81KT3,toys,4580844681581,4080.0,,16651,2,95,standard_1,,,,,,False,False,False,[パンダ] 【インスタ映え】 ふわふわ アニマル ぬいぐるみ マスク 黒
B0G6ZRYBSH,toys,4580844666342,4080.0,,16651,2,95,small,,,,,,False,False,False,[パンダ] 【インスタ映え】 ふわふわ アニマル ぬいぐるみ マスク 黒
B0FGHZXYMQ,toys,4582751955205,4080.0,,16654,2,95,standard_1,,,,,,False,False,False,[パンダ] 【インスタ映え】 ふわふわ アニマル ぬいぐるみ マスク 黒
B0CXN2X6XW,toys,4535123716461,21820.0,,51995,6,50,standard_1,16545,Yahoo,1168,5.4,あやしい,False,False,False,メガハウス - ワンピース - 世界のうた歌姫 レッドエディション 海賊
B0B7QYM4TR,toys,4573102639844,15900.0,,52003,6,50,standard_1,5800,Yahoo,6881,43.3,原石,True,True,False,TAMASHII NATIONS S.H.フィギュアーツ ヴェノム: レ
B0CWH2ZSRX,toys,5702017587288,15480.0,,52005,7,50,large_1,13480,Yahoo,-1455,-9.4,はずれ,False,False,False,レゴ(LEGO) シティ レゴシティの波止場と貨物船 おもちゃ 玩具 誕
B07VKG2TW2,toys,4580423512473,8700.0,,52012,4,50,standard_1,10780,Yahoo,-4219,-48.5,はずれ,False,False,False,木製立体パズル Wooden Art ki-gu-mi ワンピース オル
B0GPNJZHPZ,toys,4573102687593,24980.0,,52013,4,50,small,,,,,,False,False,False,S.H.Figuarts（真骨彫製法） ウルトラマンティガ マルチタイプ
B0GYDWY295,toys,4580844770353,3280.0,,63796,2,45,small,,,,,,False,False,False,黄泉のツガイ 左右様 ぬいぐるみ BIG 公式 グッズ 約20cm (左
B0GYDQBG92,toys,4580844770360,3280.0,,63796,2,45,small,,,,,,False,False,False,黄泉のツガイ 左右様 ぬいぐるみ BIG 公式 グッズ 約20cm (右
B09QQ7FKQB,toys,4549660743927,13400.0,,52033,2,50,standard_1,4504,Yahoo,6052,45.2,原石,True,True,False,バンダイ(BANDAI)ずっと ぎゅっと レミン&ソラン コルネ ドレス
B0C58V1MT9,toys,4549660985167,6250.0,,52033,6,50,standard_1,4780,Yahoo,-302,-4.8,はずれ,False,False,False,ソラン かみいろチェンジセット =アリエル=
B07ZJB1MBL,toys,9350897375431,3890.0,,25713,2,75,standard_1,,,,,,False,False,False,羊 ヒツジ ぬいぐるみ 抱き枕 25-45CM ふわふわ もちもち かわ
B01MYZKT65,toys,4974475688734,3500.0,,52064,5,50,standard_1,3080,Yahoo,-939,-26.8,はずれ,False,False,False,サンアロー(Sun Arrow) サン・アロー キツネリス M K688
B08HH59RMN,hobby,,4062.0,,50025,2,52,small,,,,,,False,False,False,Funko Pop!映画:エイリアン - トーマス・ケイン - レアチェ
B0FCXCC66T,hobby,4573448905443,47980.0,,50029,2,52,standard_2,46742,Yahoo,-6923,-14.4,はずれ,False,False,False,ティーケーカンパニー (TK.Company) ignition mod
B00030EUPI,hobby,0787799101124,4038.0,,50039,2,52,standard_1,7688,楽天,-5090,-126.0,はずれ,False,False,False,バンダイ 1/144 HGUC-038 RGM-79D 「ジム寒冷地仕様
B0CHY38HC8,hobby,4580198722329,6336.0,,50055,2,52,small,6600,Yahoo,-1804,-28.5,はずれ,False,False,False,RAI'S 1/43 日産 セドリック (YPY30改) 1985 警察
B00266SE2W,hobby,0049489561930,3281.0,,50067,14,52,small,,,,,,False,False,False,Janlynn　クロスステッチ　刺繍キット“青いリボン”ウェディングボー
B07G3BHQ2Z,hobby,0655779485901,5448.0,,50067,2,52,standard_1,,,,,,False,False,False,Sew Tech 刺繍フープ Brother PE900 PE800 S
B07S6R57WL,hobby,,3499.0,,50082,3,52,standard_1,,,,,,False,False,False,一番くじ 「艦これ」夏こそ艦娘！ ずるいぞ！艦娘 けしからん夏 C賞 「
B0866RRMM9,hobby,4549970163316,3190.0,,50085,3,52,standard_1,3190,Yahoo,-1312,-41.1,はずれ,False,False,False,コスパ EVANGELION 使徒 Tシャツ 発泡プリントVer. BL
B0CK7NMF58,hobby,4535123838439,4880.0,,50087,2,52,standard_1,,,,,,False,False,False,MEGA CAT PROJECT 機動戦士ガンダムSEED ニャンとも大
B0FT3RQHY6,hobby,,5980.0,,50094,3,52,standard_1,,,,,,False,False,False,一番くじ ウマ*娘 プリティー*ダービー 12弾 ラストワン賞 ナイスネ
B00OHH9MXI,hobby,0696732450024,10804.0,,72315,10,42,standard_1,,,,,,False,False,False,Ripple Junction Hooters Girl アイコニックな
B00U0HY7GQ,hobby,0696732450055,11170.0,,72315,7,42,standard_1,,,,,,False,False,False,リップルジャンクションフーターズ フーターズ 女の子 衣装 コスチューム
B00AQWCPY6,hobby,0097049831764,3100.0,,50210,2,51,standard_1,,,,,,False,False,False,モンモデル 1/72 G.91R 軽戦闘爆撃機 プラモデル
B01BHK3JAE,hobby,4934054108213,3773.0,,50133,5,51,standard_1,1892,Yahoo,481,12.7,あやしい,True,True,False,【修正パーツなし】フレームアームズ・ガール 迅雷 [Fresh Skin
B081BMZQZT,hobby,0887961821956,3978.0,,50148,10,51,small,2200,Yahoo,591,14.9,あやしい,True,True,False,カーズ 2019 マテル 1:55 ダイキャスト ミニカー 1パック ノ
B0DTTJDS6J,hobby,,6979.0,,50223,5,51,standard_1,,,,,,False,False,False,みんなのくじ 刀剣乱舞ONLINE ～ぬーどるストッパーの陣 其ノ伍～ 
B07TVSFYCQ,hobby,4573102570338,27777.0,,50223,3,51,standard_1,10977,Yahoo,11799,42.5,原石,True,True,False,バンダイ(BANDAI) ROBOT魂 ＜SIDE MS＞ YMS-09
B0CQDGVW1B,hobby,0889698849616,3668.0,,50241,7,51,small,,,,,,False,False,False,マーベル デッドプール フィギュア Funko Bitty Pop! 4
B0GDM922F7,hobby,0074427167332,8354.0,,50258,6,51,standard_1,,,,,,False,False,False,ポケモンアルバムプロバインダー 9tasche メガリザードン X/Y 
B00KA0YUGK,hobby,4543112914040,4450.0,,50260,3,51,standard_1,1870,Yahoo,1078,24.2,原石,True,True,False,HGAW 1/144 ガンダムエアマスター (機動新世紀ガンダムX)
B09G75CWSK,hobby,0089516572522,4821.0,,72575,2,42,small,,,,,,False,False,False,Prym 丸編み針ケース、9インチ x 7-1/4インチ、レインボースケ
B00MTAZID8,hobby,,4480.0,,72738,2,42,small,,,,,,False,False,False,DYNASTY × CAMEO カメオ コラボ GARAGE-S レッド
B0FMXTMW43,hobby,,10160.0,,50289,2,51,standard_1,,,,,,False,False,False,Jieoto プロ仕様の木製テーラーチョークシャープナー - 裁縫・工作
B0B2Z34S92,hobby,4543736984900,18000.0,,72798,4,42,standard_1,10400,Yahoo,4066,22.6,原石,True,True,False,TOMIX Nゲージ 国鉄 72・73形 鶴見線 セット 98490 鉄
B0FL1SJGX5,hobby,0674110795493,37038.0,,50318,9,51,standard_1,35200,Yahoo,-4552,-12.3,はずれ,False,False,False,オートアート (AUTOart) トヨタ 2000GT 1967 (ゴー
B09WTKBV9G,hobby,4580771383978,3680.0,,50351,2,51,standard_1,3680,Yahoo,-1386,-37.7,はずれ,False,False,False,SLONG AIRSOFT アルミCNC 10.5インチ ワンピースアウ
B013IDCU26,hobby,4981932508887,18687.0,,50454,4,51,standard_1,4780,Yahoo,10270,55.0,原石,True,True,False,ビキニ・ウォリアーズ パラディン 1/7スケール PVC製 彩色済みフィ
B00LFZJFNM,hobby,0031445041952,8108.0,,50396,2,51,standard_1,4554,Yahoo,1504,18.5,原石,True,True,False,アメリカレベル(America Revell)1/25 90 マスタング
B0DQ8RFVQ5,hobby,5056280462675,11956.0,,72859,4,42,small,,,,,,False,False,False,TUBBZ ボックス版:シャイニング - ジャック・トーランス コスプレ
B0CJQ42DZ3,hobby,0716709890483,4500.0,,50520,4,51,small,,,,,,False,False,False,12ゲージ/2.0mm 16.5フィート 5オンス 99.9%デッドソフ
B0G12X5G4Q,hobby,0704287415440,7193.0,,50441,5,51,standard_1,,,,,,False,False,False,8ゲージ/3.2mm 19.5フィート 1ポンド 99.9%デッドソフト
B07TK8KJ63,hobby,4904790213809,4000.0,,50442,3,51,standard_1,2780,Yahoo,-214,-5.3,はずれ,False,False,False,キラッと プリ☆チャン プリチャン キラッとスペシャル! ファイル & 
B0B5KNLPRZ,hobby,4973028508192,10800.0,,50442,2,51,standard_1,11440,Yahoo,-3094,-28.6,はずれ,False,False,False,GSI クレオス(GSI Creos) モンモデル 1/48 ボーイング
B0C787PLV7,hobby,0704287415426,6958.0,,50457,6,51,standard_1,,,,,,False,False,False,18ゲージ/1.0mm 213フィート 1ポンド 99.9%デッドソフト
B000221H08,hobby,0082043006508,7018.0,,50483,2,51,standard_1,4000,Yahoo,1131,16.1,原石,True,True,False,303 High Tech Fabric Guard ハイテックファブリ
B01MZ1LED0,hobby,0725357969410,9376.0,,50511,7,51,standard_1,,,,,,False,False,False,HK Army HSTL ラインエルボーパッド(S/M)
B01D6ODIFU,hobby,0764072097299,4884.0,,72717,5,42,small,,,,,,False,False,False,DARON B シングルプレーン ブリティッシュ エアウェイズ 787 
B0DGFZBN3F,hobby,0796288659145,7222.0,,50519,3,51,standard_1,,,,,,False,False,False,10ゲージ/2.6mm 31フィート 1ポンド 99.9%デッドソフト銅
B00I9BRY60,hobby,4901480781174,3900.0,,72807,9,42,standard_1,191,楽天,2290,58.7,原石,True,True,False,コクヨ 測量野帳スケッチ白上質 40枚 ｾ-Y3 【15冊セット】
B0GJTRJ9D1,hobby,4573102694416,3544.0,,50580,2,51,standard_1,1790,Yahoo,388,11.0,あやしい,True,True,False,ガチアクタ VIBRATION STARS -エンジン- 約19㎝
B0D6B2665S,hobby,0849398069073,10036.0,,50598,9,51,standard_1,,,,,,False,False,False,AMTスターウォーズモデルキット(ファントムメナスジェダイスターファイタ
B08P5VFJY7,hobby,0889698555616,5963.0,,50599,8,51,small,,,,,,False,False,False,Funko 55561 POP Star Wars: Across Th
B0DMCF8J9C,hobby,0093577584431,5122.0,,50642,6,51,small,,,,,,False,False,False,NewRay 1:12スケール トイ M1000RR オートバイ
B07J29VML4,hobby,4943209611379,19800.0,,50662,2,51,standard_1,,,,,,False,False,False,WAVE×amiami ガールズ＆パンツァー 五十鈴華 パンツァージャケ
B0CXCGVY4Q,hobby,4986470070902,3671.0,,50667,2,51,small,2392,Yahoo,138,3.8,あやしい,False,False,False,ピットロード 1/700 スカイウェーブシリーズ 現用アメリカ 軍用機セ
B0BTKVVD85,hobby,4983164881356,4109.0,,50703,6,51,small,,,,,,False,False,False,NARUTO ナルト 疾風伝 Q posket 我愛羅 A
B0DCK7ZK83,hobby,5060819032376,14483.0,,50735,13,51,large_1,,,,,,False,False,False,滑走路付き空港レイアウトマット - 1/400&1/500スケールの模型
B00UBFXUWO,hobby,0787799401972,9999.0,,50743,5,51,standard_1,15370,楽天,-7705,-77.1,はずれ,False,False,False,フィギュアーツZERO ドラゴンボール 孫悟空 -かめはめ波- 約100
B07DRC2G4K,hobby,4983164356410,3250.0,,50750,5,51,standard_1,,,,,,False,False,False,バンプレスト ワンピース GLITTER&GLAMOURS-BOA HA
B006PZEKOG,hobby,0689960100588,25800.0,,50764,2,51,standard_1,,,,,,False,False,False,S.H.MonsterArts ゴジラ対応エフェクト＆東宝特撮超兵器
B0BKLH8LTS,hobby,4534530880727,16758.0,,50805,9,51,standard_1,10230,楽天,3180,19.0,原石,True,True,False,アニプレックス Fate/Grand Order フォーリナー/葛飾北斎
B001PTHGPM,hobby,0791159434173,5174.0,,50807,3,51,small,5760,楽天,-1952,-37.7,はずれ,False,False,False,Figma 涼宮ハルヒの憂鬱 涼宮ハルヒ チアガールver.
B0F9VLN6ZC,hobby,,15004.0,,73297,2,42,standard_1,,,,,,False,False,False,PTS Griffin M4SD K Mock QDサプレッサー/145
B0019K3QD8,hobby,,11719.0,,50848,13,51,standard_2,,,,,,False,False,False,We R Memory Keepers ツール Crop-A-Dile 
B00MU9W29G,hobby,0889075600083,24608.0,,50854,3,51,standard_2,,,,,,False,False,False,IS[インフィニット・ストラトス] 凰鈴音 猫Ver. 1/4スケール 
B0GR6N18F6,hobby,0196214154117,20187.0,,50870,6,51,standard_1,,,,,,False,False,False,ポケモンTCG メガエボリューション カオスライジングエリートトレーナー
B0G2GQRCJW,hobby,,4299.0,,50878,2,51,small,,,,,,False,False,False,涅槃 ゴーリーオバケクロツヤムシ フィギュア 甲虫目 冷蔵庫貼り 磁気飾
B0C99ZBNWC,hobby,4580465984443,14000.0,,50879,2,51,standard_1,12500,楽天,-1434,-10.2,はずれ,False,False,False,KM企画 マルイ エアショットガン ベネリM3/スパス12対応 TNバレ
B0FHKK77TL,hobby,0194735333509,3669.0,,50891,9,51,standard_1,,,,,,False,False,False,Masters of The Universe Origins アクショ
B00420YPH8,hobby,4981932503066,12800.0,,50913,2,51,standard_1,7961,Yahoo,2085,16.3,原石,True,True,False,クイーンズブレイド リベリオン 月影の踊り手 ルナルナ
B0BX5BWP86,hobby,4967834206342,3713.0,,50996,8,51,standard_1,2772,Yahoo,-450,-12.1,はずれ,False,False,False,ハセガワ 1/24 BMW 2002 tii 後期型(1973) プラモ
B0GL8B1RNH,hobby,,3122.0,,51007,2,51,standard_2,,,,,,False,False,False,BENECREAT 180m 帽子ワイヤー 帽子のつばの形状保持に 針金
B01N6C2A5V,hobby,4549660116233,3700.0,,51064,13,51,standard_1,2780,Yahoo,-469,-12.7,はずれ,False,False,False,ガンダム HGUC 1/144 キュベレイMk-II(エルピー・プル専用
B0BSNV3F6J,hobby,0889698742191,4721.0,,73229,5,42,small,,,,,,False,False,False,Funko POP!ゲーム:ポケモン - リザードン - コレクション用
B0D2R5MKGX,hobby,4580416927260,14797.0,,51104,5,51,standard_1,13050,Yahoo,-1307,-8.8,はずれ,False,False,False,昇玖先生の舞踏教室 1/7スケール プラスチック製 塗装済み完成品フィギ
B004QTQC12,hobby,4535123812798,7750.0,,51109,2,51,standard_1,5500,Yahoo,254,3.3,あやしい,False,False,False,ヴァリアブルアクション 覇王大系リューナイト リューチーフ・シャインバラ
B00CK9I7NG,hobby,,15000.0,,51117,2,51,standard_1,,,,,,False,False,False,ワンピース ワールドコレクタブルフィギュア ワーコレZOO vol.2 
B09VX3CBVW,hobby,6973130372306,4950.0,,73562,2,42,small,4000,楽天,-382,-7.7,はずれ,False,False,False,戦星辰 サンレジャのならず者青年団 鉄腕のマッドジャック 1/18スケー
B002HVZU28,hobby,9580208022291,16740.0,,73601,3,42,standard_2,,,,,,False,False,False,トランペッター 1/32 アメリカ海兵隊 AV-8B ハリアーII 02
B07GXVMXM7,hobby,0689813664670,4676.0,,73638,4,42,small,,,,,,False,False,False,Craft County Rexlace プラスチッククラフトレース 3
B08FYFMX1Z,hobby,8705577337321,9910.0,,51169,2,51,standard_1,,,,,,False,False,False,[SISTER] 格安.即納 LoveLive ラブライブ 上原 歩夢 
B07GXZ7QN5,hobby,0689813664717,4676.0,,73638,5,42,small,,,,,,False,False,False,Craft County Rexlace プラスチッククラフトレース 3
B07GXYBZCB,hobby,0689813664854,4676.0,,73638,3,42,small,,,,,,False,False,False,Craft County Rexlaceプラスチッククラフトレース、3/
B089KQPB6Q,hobby,5908218740341,12770.0,,51212,2,51,standard_1,11999,Yahoo,-1978,-15.5,はずれ,False,False,False,HELIKON-TEX チェストリグ COMPETITION MULTI
B08PS1QYN3,hobby,4573343560204,57800.0,,51239,2,51,standard_2,,,,,,False,False,False,ネイティブ ロケットボーイ 朝凪オリジナルキャラクター 遊美 1/6スケ
B0BG3N1TR4,hobby,0889698708142,7273.0,,51301,6,51,small,17200,楽天,-11608,-159.6,はずれ,False,False,False,Funko アクションフィギュア:ファイブナイツアットフレディズ - 月
B07QDP1CQD,hobby,0889698434614,3765.0,,51385,5,51,small,,,,,,False,False,False,Funko Hello Kitty Hello Kitty Classi
B081Z3RG58,hobby,4582261372721,18920.0,,51405,4,51,standard_2,,,,,,False,False,False,けけもつオリジナルイラスト 海で出会ったブロンドガール 1/5スケール 
B07GY1FPX2,hobby,0689813664786,4752.0,,73638,4,42,small,,,,,,False,False,False,Craft County Rexlace プラスチッククラフトレース 3
B07GXZVVNG,hobby,0689813664823,4676.0,,73638,5,42,small,,,,,,False,False,False,Craft County Rexlace プラスチッククラフトレース 3
B0H1V8VYK4,hobby,4986470023304,4573.0,,51433,6,51,standard_1,3640,Yahoo,-587,-12.8,はずれ,False,False,False,ピットロード 1/700 スカイウェーブシリーズ 日本海軍 航空母艦 龍
B0F1862JNL,hobby,4946950290701,15345.0,,73666,6,42,standard_1,10439,Yahoo,1770,11.5,あやしい,True,True,False,グリーンマックス Nゲージ 東京モノレール1000形ディスプレイキット 
B0BYX91Y3N,hobby,9183625031190,13263.0,,73926,3,41,standard_1,,,,,,False,False,False,ナチュラルケーンウェビングラタンファブリックロール、ラタン杖 ウェビング
B0BYX8JHNW,hobby,9183625031145,16267.0,,73926,3,41,standard_1,,,,,,False,False,False,ナチュラルケーンウェビングラタンファブリックロール、ラタン杖 ウェビング
B06XRV26GS,hobby,4987072025895,3410.0,,51503,14,51,standard_1,589,楽天,1476,43.3,原石,True,False,False,糸ようじ 60本 ×5個セット
B0CT4GK71S,hobby,4582578328046,29800.0,,51643,4,51,standard_2,29800,Yahoo,-5434,-18.2,はずれ,False,False,False,ビデオゲーム・マスターピース リーグ・オブ・レジェンド アッシュ 1/6
B001A78EBO,hobby,0844802033626,14410.0,,74114,3,41,standard_1,,,,,,False,False,False,タクティカル半袖コットンシャツ。 S
B00194BBF4,hobby,0844802020558,20129.0,,74114,2,41,standard_1,,,,,,False,False,False,タクティカル半袖コットンシャツ。 S
B002AMTX9A,hobby,0844802131865,10968.0,,74114,5,41,standard_1,,,,,,False,False,False,タクティカル半袖コットンシャツ。 X-Small
B001A72TBU,hobby,0844802018609,17649.0,,74114,2,41,standard_1,,,,,,False,False,False,タクティカル半袖コットンシャツ。 X-Small
B0CGXMDB86,hobby,,19000.0,,74106,2,41,small,,,,,,False,False,False,VFC HK416D GBBパーツ/02-01 ロアレシーバーV3 [V
B0FJ27KPKG,hobby,0194735333400,6350.0,,51691,7,51,standard_1,,,,,,False,False,False,Masters of The Universe Origins アクショ
B0018N80RS,hobby,0054947000074,4589.0,,73916,3,41,small,,,,,,False,False,False,"(1, white) - Beacon Adhesives Gem Ta"
B07C1PJVSS,hobby,0499994685322,3594.0,,51695,5,51,standard_1,,,,,,False,False,False,STAMPERIA SBBL43 - ペーパーパッド、10枚、両面、ガー
B09RD64JK9,hobby,0840049807280,5872.0,,51713,14,51,small,,,,,,False,False,False,Super7 ティーンエイジ・ミュータント・ニンジャ・タートルズ ミュー
B0D78G8S93,hobby,0674110712841,32323.0,,51734,5,51,standard_1,30840,Yahoo,-4199,-13.0,はずれ,False,False,False,オートアート (AUTOart) 1/18 シボレー コルベット (C8
B0BHV9X5DQ,hobby,4981932515854,28411.0,,51744,5,51,standard_1,,,,,,False,False,False,AMAKUNI 新サクラ大戦 天宮さくら 1/7スケール 彩色済みPVC
B0CV7DGG63,hobby,,25000.0,,51829,1,51,standard_1,,,,,,False,False,False,Azur Lane アズールレーン インプラカブルVer. 1/6スケー
B081VSCB27,hobby,0887961725841,5861.0,,51778,6,51,small,,,,,,False,False,False,カーズ 2019 マテル 1:55 ダイキャスト ミニカー 1パック ブ
B0FQP2L4D2,hobby,,15021.0,,51801,14,51,standard_2,,,,,,False,False,False,Galumo ディスプレイケース ホットウィール & マッチボックスカー
B07PPD8Q8V,hobby,0765940933527,5008.0,,51802,2,51,standard_1,,,,,,False,False,False,Made By Me(メイド バイ ミー) Horizon Group 
B0FCL6RYRF,hobby,4946950320958,43000.0,,51844,2,51,standard_1,26292,Yahoo,9424,21.9,原石,True,True,False,グリーンマックス (Greenmax) Nゲージ 小田急1000形 地下
B001A76KQ0,hobby,0844802018593,18657.0,,74114,2,41,standard_1,,,,,,False,False,False,タクティカル半袖コットンシャツ。 X-Sall
B0C9V511K6,hobby,4251715413609,4515.0,,51909,6,51,small,,,,,,False,False,False,GameGenic Deck Box: Bastion XL White
B0FN3PM7SF,hobby,4920136014756,25000.0,,74385,4,41,standard_1,27406,Yahoo,-6990,-28.0,はずれ,False,False,False,マルシン工業 (Marushin K.K.) ワルサーPPK/S シルバ
B073W8K1P7,hobby,4571341786268,12960.0,,52021,12,50,small,12100,Yahoo,-1674,-12.9,はずれ,False,False,False,ヱヴァンゲリヲン新劇場版 ZIPPO アスカ / 改2号機γ ブラック 
B0DFW9531L,hobby,4545782119831,6180.0,,51979,2,50,standard_1,5590,Yahoo,-1171,-18.9,はずれ,False,False,False,プラッツ ドラゴン 1/48 WW2 ドイツ ホルテン Ho229B 夜
B0GFJ8LN6Q,hobby,4970381723910,3098.0,,74319,4,41,standard_1,1980,Yahoo,-181,-5.8,はずれ,False,False,False,エンスカイ ドラゴンボールＤＡＩＭＡ もふもふ★うでまくら ②プーアル（
B00TKIHZRY,hobby,9580208067056,6602.0,,52103,3,50,standard_1,3344,Yahoo,1434,21.7,原石,True,True,False,トランペッター 1/700 イギリス海軍戦艦 HMS ドレッドノート 1
B00H9CF2BO,hobby,4543112842848,18980.0,,52142,2,50,standard_1,2380,Yahoo,12919,68.1,原石,True,True,False,カードダスコンプリートボックスSP 新約SDガンダム外伝 救世騎士伝承 
B07P2JRNJ1,hobby,4979093312047,4375.0,,74438,5,41,standard_1,665,Yahoo,2220,50.7,原石,True,True,False,マルマン スケッチブック アートスパイラル F2 厚口画用紙 24枚 イ
B0GYJYKH1Q,hobby,4573102703934,3445.0,,52290,2,50,standard_1,1890,Yahoo,204,5.9,あやしい,False,False,False,呪術廻戦 フィギュア 日車寛見 ひぐるまひろみ MAXIMATIC サイ
B0FLCTR93K,hobby,4946950321306,29705.0,,52381,2,50,standard_1,25790,Yahoo,-1375,-4.6,はずれ,False,False,False,グリーンマックス (Greenmax) Nゲージ 山陽電鉄5030系 旧
B003H565KO,hobby,4902425761848,6800.0,,52351,2,50,standard_1,10458,楽天,-5512,-81.1,はずれ,False,False,False,S.I.C. VOL.8 仮面ライダー2号
B0D2QKV65N,hobby,,3408.0,,52455,2,50,small,,,,,,False,False,False,Utaomld 中世 モンク ローブ プリースト ローブ ハロウィン コ
B0D2QK6CGM,hobby,,3408.0,,52382,2,50,standard_1,,,,,,False,False,False,Utaomld 中世 モンク ローブ プリースト ローブ ハロウィン コ
B0D2QLG22L,hobby,,3408.0,,52398,2,50,small,,,,,,False,False,False,Utaomld 中世 モンク ローブ プリースト ローブ ハロウィン コ
B0013GN4MQ,hobby,4904810532668,3640.0,,52416,5,50,small,3380,Yahoo,-876,-24.1,はずれ,False,False,False,トミカ　「トヨタｂＢ＆ＷｉＬＬＶｉ」　セット
B07FYYH641,hobby,4960286500013,85980.0,,58341,1,47,large_2,2635,Yahoo,69111,80.4,原石,True,False,False,ガスガン用ガス ウッドランドBBGAS HFC-134Aガス 500g 
B00L4YNIVY,hobby,4580314900051,3000.0,,52459,2,50,small,1980,Yahoo,-20,-0.7,はずれ,False,False,False,フライホークモデル 1/700 U ボート TypeVIIB U-47 
B0FLWWG2MG,hobby,,7231.0,,52608,2,50,standard_1,,,,,,False,False,False,Minix 12cm コレクターフィギュア – 公式ライセンスシリーズA
B0DRN5WJSD,hobby,4573102684639,11358.0,,52565,10,50,standard_1,,,,,,False,False,False,一番将フィギュア - 機動戦士ガンダムGQuuuuuuX - アマテ柚里
B078J1Y6HX,hobby,0683422913013,12370.0,,52623,15,50,small,,,,,,False,False,False,VTAC アップグレード ハイブリッドパッド入り2ポイントスリング コヨ
B01L8XCX3E,hobby,4582413323526,13200.0,,62836,3,45,large_1,13200,Yahoo,-3113,-23.6,はずれ,False,False,False,【オンライン対戦搭載/静音化リニューアル版】GRAN BOARD das
B0D79VX375,hobby,4013150614146,9440.0,,74928,4,41,standard_1,,,,,,False,False,False,herpa スナップフィット ブラニフインターナショナル ボーイング 7
B0DHQD96P6,hobby,0194735213597,46812.0,,52711,5,50,small,,,,,,False,False,False,Hot Wheels日産スカイラインGT-R BNR34コレクターRLC
B0F59HBFN3,hobby,4976219134019,3270.0,,52831,2,50,standard_1,2140,Yahoo,-194,-5.9,はずれ,False,False,False,カプコン モンスターハンター モンでふぉ スマホショルダーバッグ アルシ
B093WV5BBM,hobby,9639784562582,16010.0,,52874,3,50,standard_1,,,,,,False,False,False,自然な一体感 粘着 貼付 式 シリコンバスト 左右 2個 人工 乳房 偽
B093WRBPX6,hobby,9639784562735,5153.0,,52874,3,50,standard_1,,,,,,False,False,False,自然な一体感 粘着 貼付 式 シリコンバスト 左右 2個 人工 乳房 偽
B0GNRPLQ43,hobby,4560320915768,10989.0,,18539,2,89,standard_1,,,,,,False,False,False,[クリアストーン] ゴスパンドール コスプレ ハロウィン メイド レディ
B0DB626ZHW,hobby,0194356284150,10556.0,,65270,3,44,standard_2,,,,,,False,False,False,Bluey Color Motion Animation Tablet、
B07CHFX3SH,hobby,6118778429337,11980.0,,64217,2,45,standard_1,,,,,,False,False,False,mrcos ヒロイン コスプレ 衣装 仮装 髪長の姫 大人 プリンセス 
B0GXZ7HWLG,hobby,4582762884143,22620.0,,53058,6,50,standard_1,,,,,,False,False,False,肉感少女 ふたなり爆乳メイド ニナ 1/6スケール塗装済み完成品フィギュ
B0H293X6MX,hobby,6937187415829,11144.0,,53075,11,50,standard_1,,,,,,False,False,False,KAYOU ナルト-スムリティ コレクタブルカード-地の巻-002A-N
B0DBYC7XDK,hobby,,4380.0,,53201,2,50,standard_1,,,,,,False,False,False,ぱちどーる ジャグラーシリーズ 全高12cm フィギュア ジャグラー
B0DBY25PX8,hobby,,4380.0,,53084,2,50,standard_1,,,,,,False,False,False,ぱちどーる ジャグラーシリーズ 全高12cm フィギュア ツノっち
B0FTKXCF79,hobby,,4380.0,,53201,2,50,standard_1,,,,,,False,False,False,ぱちどーる ジャグラーシリーズ 全高12cm フィギュア トラっぴ
B0DH83R3V2,hobby,4970381524210,3642.0,,53092,5,50,standard_1,2884,Yahoo,-622,-17.1,はずれ,False,False,False,エンスカイ 魔女の宅急便 ATB-64 海に浮かぶ町 約237×307×
B0C5X36WB6,hobby,4907953719347,44400.0,,53110,3,50,standard_2,,,,,,False,False,False,TAMASHII NATIONS 【2次受注分】 超合金 ZOIDS新世
B018I3Q4L4,hobby,5060381562585,7300.0,,53118,2,50,small,6800,Yahoo,-1185,-16.2,はずれ,False,False,False,実物 WARRIOR ASSAULT SYSTEMS Double Qu
B07YN4WRL5,hobby,4988602172416,7577.0,,53125,8,50,small,370,Yahoo,5480,72.3,原石,True,True,False,遊戯王OCG デュエルモンスターズ RARITY COLLECTION 
B0B72WQLJ8,hobby,4934054048809,5277.0,,53145,7,50,standard_1,4011,Yahoo,-360,-6.8,はずれ,False,False,False,フレームアームズ・ガール ドゥルガーI 全高約165mm ノンスケール 
B0GZT6C8DM,hobby,4904810074991,4000.0,,53162,4,50,small,3388,Yahoo,-578,-14.4,はずれ,False,False,False,タカラトミー(TAKARA TOMY) T-SPARK STUDIOSE
B0BMTY3P7G,hobby,4573102640734,34800.0,,53166,9,50,standard_2,29900,Yahoo,-1284,-3.7,はずれ,False,False,False,TAMASHII NATIONS 超合金 ZOIDS新世紀/ZERO R
B0CQ3ZTLSK,hobby,4570009126750,7632.0,,53180,2,50,standard_1,7990,Yahoo,-2337,-30.6,はずれ,False,False,False,東京マルイ グロック17 Gen5 MOS Ver2.0 ガスブローバッ
B0GTV7JBXK,hobby,4580828676671,8820.0,,53189,10,50,standard_1,8613,楽天,-1950,-22.1,はずれ,False,False,False,グッドスマイルカンパニー ペルソナ５ ザ・ロイヤル POP UP PAR
B0DDC499LP,hobby,,3199.0,,53189,2,50,standard_1,,,,,,False,False,False,haoguizheng M-LOK ハンドガード用 バイポッド 7.5-
B08TB3FV8F,hobby,4530956156132,4900.0,,53197,2,50,small,1381,Yahoo,2194,44.8,原石,True,True,False,UDF ウルトラディテールフィギュア No.613 GROGU (TM)
B0C4Z74GPH,hobby,,3000.0,,53202,2,50,small,,,,,,False,False,False,MINGGUXIUYI 100%桑蚕シルク刺繍糸 手工刺繍糸 絹糸 シル
B0FJFM9QDD,hobby,4571697189720,7125.0,,53206,9,50,small,6800,楽天,-1334,-18.7,はずれ,False,False,False,グッドスマイルカンパニー[GOOD SMILE COMPANY] ねんど
B0C4Z6FHXW,hobby,,3600.0,,53206,2,50,small,,,,,,False,False,False,MINGGUXIUYI 100%桑蚕シルク刺繍糸 手工刺繍糸 絹糸 シル
B0F5W4WSFW,hobby,,9449.0,,53222,2,50,standard_1,,,,,,False,False,False,[HOLOUN] パンティ&ストッキングwithガーターベルト ストッキ
B00CS6CDOU,hobby,4950344240920,29800.0,,94450,12,36,standard_1,7820,Yahoo,16676,56.0,原石,True,False,False,タミヤ 1/24 プジョー 405 T16GR 1989年パリダカール優
B0DRLKCJD9,hobby,4573102675170,24025.0,,53287,6,50,small,15520,楽天,4311,17.9,原石,True,True,False,S.H.Figuarts サム ABS＆PVC製 約165mm 塗装済み
B0DPLZL4GQ,hobby,,8398.0,,53505,2,50,small,,,,,,False,False,False,【POP MART 公式ストア】THE MONSTERS Let's C
B077W629Q3,hobby,6998738664998,7990.0,,53376,2,50,standard_1,,,,,,False,False,False,[cnstone] 貴族風タキシード メンズスーツ3点セット ジャケット
B0BK3M316T,hobby,6971243105279,7990.0,,53376,2,50,standard_2,,,,,,False,False,False,[cnstone] 貴族風タキシード メンズスーツ3点セット ジャケット
B077W67ZQD,hobby,,7990.0,,53376,2,50,standard_1,,,,,,False,False,False,[cnstone] 貴族風タキシード メンズスーツ3点セット ジャケット
B0CF98CWR2,hobby,,7990.0,,53376,2,50,standard_2,,,,,,False,False,False,[cnstone] 貴族風タキシード メンズスーツ3点セット ジャケット
B0CF93HJHX,hobby,,7990.0,,53376,2,50,standard_1,,,,,,False,False,False,[cnstone] 貴族風タキシード メンズスーツ3点セット ジャケット
B0BVL8R3GG,hobby,4580779516705,3550.0,,53504,12,50,standard_1,2290,Yahoo,-106,-3.0,はずれ,False,False,False,セガ その着せ替え人形は恋をする Luminasta 喜多川海夢
B0FT2D22NW,hobby,4570001514432,35200.0,,53403,7,50,large_1,32928,Yahoo,-4141,-11.8,はずれ,False,False,False,B-style アズールレーン 信濃 Anniversary Swims
B0C9PPKDN6,hobby,4573102639936,5280.0,,53446,6,50,small,3925,Yahoo,-27,-0.5,はずれ,False,False,False,TAMASHII NATIONS TAMASHII NATIONS RO
B0BMTJWMT2,hobby,4573102649812,3800.0,,53565,15,50,small,2990,Yahoo,-350,-9.2,はずれ,False,False,False,TAMASHII NATIONS TAMASHII NATIONS RO
B0C7NVLQMR,hobby,4573102653901,8081.0,,53455,7,50,standard_1,7170,Yahoo,-1135,-14.0,はずれ,False,False,False,BANDAI HG 1/144 ガンダムベース限定 ジム/ジムII/ジム
B006WWDYCG,hobby,4571178631397,7180.0,,53467,2,50,standard_1,7730,Yahoo,-2461,-34.3,はずれ,False,False,False,PMC3 シルバーミニポットセット
B0CHYBNMNK,hobby,,6999.0,,53474,2,50,standard_1,,,,,,False,False,False,[Miccostumes] レディース 大人 アニメ ゲーム 胸開き セ
B07TQH5LQK,hobby,0016071760705,3900.0,,53476,2,50,standard_1,,,,,,False,False,False,[Joel Ding's Store] メンズ マジシャン服 燕尾服 タ
B081GRGRFV,hobby,0782429769859,4378.0,,53476,3,50,standard_1,,,,,,False,False,False,Joel Ding's Store メンズ マジシャン服 燕尾服 タキシ
B0FL77QJC4,hobby,,6997.0,,53478,2,50,small,,,,,,False,False,False,OPP TLR-1 タイプ レプリカ ハンドガン タクティカル ライト 
B0FL6ZPWJC,hobby,,6997.0,,53478,2,50,small,,,,,,False,False,False,OPP TLR-1 タイプ レプリカ ハンドガン タクティカル ライト 
B07855TTLD,hobby,6998738664974,7990.0,,53486,2,50,standard_1,,,,,,False,False,False,[cnstone] 貴族風タキシード メンズスーツ3点セット ジャケット
B077W1DVQT,hobby,6998738665018,7990.0,,53486,2,50,standard_1,,,,,,False,False,False,[cnstone] 貴族風タキシード メンズスーツ3点セット ジャケット
B077W1DR7D,hobby,6998738664967,7990.0,,53486,2,50,standard_1,,,,,,False,False,False,[cnstone] 貴族風タキシード メンズスーツ3点セット ジャケット
B077W545K1,hobby,6998738665001,7990.0,,53486,2,50,standard_1,,,,,,False,False,False,[cnstone] 貴族風タキシード メンズスーツ3点セット ジャケット
B01HDNTFD4,hobby,0701256264863,3599.0,,53487,2,50,small,,,,,,False,False,False,TANG DYNASTY 1/400 16cm 全日空 ANA B747
B0FTYNFBX8,hobby,4570117924590,5100.0,,53498,2,50,standard_1,550,Yahoo,2951,57.9,原石,True,True,False,バンダイ(BANDAI) ゼルダの伝説 ウェポンコレクション チューイン
B0DJD67WZM,hobby,4582779492997,3800.0,,53504,2,50,small,1606,Yahoo,1034,27.2,原石,True,True,False,ARTIST SUPPORT ITEM COLLABORATION 1/
B097NMQY48,hobby,4573102620231,12800.0,,53509,3,50,standard_1,4077,Yahoo,5969,46.6,原石,True,True,False,フィギュアライズスタンダード アンプリファイド デジモンアドベンチャー 
B0CKY67RXK,hobby,4983164891065,8613.0,,53522,5,50,small,,,,,,False,False,False,劇場版 美少女戦士セーラームーンCosmos Q posket ETER
B0BLWZ3KKM,hobby,4983164198256,3550.0,,53522,2,50,small,,,,,,False,False,False,バンプレスト 美少女戦士セーラームーン コスモス ザ・ムービー 永遠のセ
B0BZZNVQCS,hobby,4983164883978,3880.0,,53522,5,50,small,,,,,,False,False,False,劇場版 美少女戦士セーラームーンCosmos Q posket SUPE
B0BXB99L9Z,hobby,4983164882896,3400.0,,53522,3,50,small,,,,,,False,False,False,バンプレスト 劇場版 美少女戦士セーラームーンCosmos Q posk
B08426PLPN,hobby,4530956471235,8480.0,,53525,14,50,small,6771,Yahoo,-153,-1.8,はずれ,False,False,False,メディコム・トイ MAFEX マフェックス No.123 MAFEX C
B0H417HHY9,hobby,,5989.0,,53540,2,50,standard_1,,,,,,False,False,False,コスチューム サッカー チームV練習服 11番凪誠士郎 コスプレ衣装 ア
B0H4174T1F,hobby,,5989.0,,53540,2,50,standard_1,,,,,,False,False,False,コスチューム サッカー チームV練習服 9番御影玲王 コスプレ衣装 アニ
B0DSKCQNL4,hobby,4904810939689,4490.0,,53545,15,50,standard_1,3960,Yahoo,-978,-21.8,はずれ,False,False,False,T-SPARK REALIZE MODEL リアライズモデル RMZ-0
B0C37JSQCL,hobby,0766097547353,6280.0,,53550,2,50,standard_1,,,,,,False,False,False,[Pawpaw] 有馬かな コスプレ衣装 【ウイッグ付き 】 9点セット
B0C33JJQCJ,hobby,0766097547223,6280.0,,53550,2,50,standard_2,,,,,,False,False,False,[Pawpaw] 星野ルビー コスプレ衣装 【ウイッグ付き 】 8点セッ
B0C37KTJR8,hobby,0766097547322,6280.0,,53550,2,50,standard_1,,,,,,False,False,False,[Pawpaw] 有馬かな コスプレ衣装 【ウイッグ付き 】 9点セット
B0C37K13CD,hobby,0766097547339,6582.0,,53550,1,50,standard_1,,,,,,False,False,False,[Pawpaw] 有馬かな コスプレ衣装 【ウイッグ付き 】 9点セット
B0C37J5CWY,hobby,0766097547346,6280.0,,53550,2,50,standard_1,,,,,,False,False,False,[Pawpaw] 有馬かな コスプレ衣装 【ウイッグ付き 】 9点セット
B0FZQNDJ17,hobby,4934054076277,9200.0,,53562,2,50,standard_1,7920,Yahoo,-934,-10.2,はずれ,False,False,False,壽屋(KOTOBUKIYA) 遊☆戯☆王デュエルモンスターズ OSHI 
B0CB82W485,hobby,4573102655981,3653.0,,53574,9,50,standard_1,2422,Yahoo,-151,-4.1,はずれ,False,False,False,バンダイスピリッツ ＨＧ 1/144 ガンダムルブリスジウ
B0DPZ69XGS,hobby,4920136200678,3330.0,,53575,5,50,standard_1,2970,楽天,-974,-29.2,はずれ,False,False,False,マルシン 8mm PrecisionBB 0.35g 1100発
B09Q6DMGTJ,hobby,4573102635396,7500.0,,53578,13,50,standard_1,6980,Yahoo,-1439,-19.2,はずれ,False,False,False,MG 機動戦士ガンダム MSM-03 ゴッグ 1/100スケール 色分け
B0CDQHWMBM,hobby,4983164887983,3380.0,,53579,2,50,small,,,,,,False,False,False,劇場版 美少女戦士セーラームーンCosmos Q posket ETER
B0BQ8FWXWS,hobby,4983164880731,6500.0,,53579,3,50,small,,,,,,False,False,False,Pretty Guardian Sailor Moon Cosmos T
B0CKY6GVDT,hobby,4983164891058,5880.0,,53579,3,50,small,,,,,,False,False,False,劇場版 美少女戦士セーラームーンCosmos Q posket ETER
B0829QXZZ6,hobby,0782429769873,3690.0,,53587,3,50,standard_1,5800,楽天,-3498,-94.8,はずれ,False,False,False,Joel Ding's Store メンズ マジシャン服 燕尾服 タキシ
B0FPB5KF9T,sports,,20160.0,,50010,4,52,large_1,,,,,,False,False,False,Stepwaver 特大ヨガマット203×146cm 厚さ8mm 高密度
B0BJ1KP4JM,sports,4969363260222,63652.0,,50031,2,52,standard_1,14714,楽天,38556,60.6,原石,True,True,False,シマノ(SHIMANO) 22 ベイシス 2-500
B0BJ1HCXGJ,sports,4969363260154,56323.0,,50031,14,52,standard_1,58531,楽天,-11490,-20.4,はずれ,False,False,False,シマノ(SHIMANO) 22 ベイシス 1-530
B00YFTOUKS,sports,0810052141633,15900.0,,74035,7,41,standard_1,,,,,,False,False,False,バランスボディマジックローラー - ピラティス後のワークアウトや理学療法
B0FDSJ7RMK,sports,0028632039823,6645.0,,28387,3,71,standard_1,,,,,,False,False,False,Berkley パワーベイト チョップブロック フィッシング ソフトベイ
B0FDTXTK3S,sports,0028632039700,5592.0,,28387,4,71,small,,,,,,False,False,False,Berkley パワーベイト チョップブロック フィッシング ソフトベイ
B0FDT7Q84W,sports,0028632039984,7033.0,,28387,3,71,standard_1,,,,,,False,False,False,Berkley パワーベイト チョップブロック フィッシング ソフトベイ
B0FDSHXGBC,sports,0028632039939,6129.0,,28387,3,71,standard_1,,,,,,False,False,False,Berkley パワーベイト チョップブロック フィッシング ソフトベイ
B0FDSB3V2K,sports,0028632039977,6926.0,,28387,3,71,standard_1,,,,,,False,False,False,Berkley パワーベイト チョップブロック フィッシング ソフトベイ
B07F1L2ZZ6,sports,4573383634958,4140.0,,72094,3,42,standard_1,4180,Yahoo,-1495,-36.1,はずれ,False,False,False,SHINKO（シンコー） 自転車 タイヤ 26インチ チューブ セット 
B0D3Q4BGJ4,sports,4582665962849,3476.0,,50058,4,52,small,3190,Yahoo,-825,-23.7,はずれ,False,False,False,スタート(Start) 2step TG Ultra JOY ヘッド 1
B0CRF9J9D2,sports,,3002.0,,71709,2,42,standard_1,,,,,,False,False,False,釣りリール フィッシングリール 防錆 7.2 1 ギア比 簡単操作 軽量
B0BJ1DY3XN,sports,4969363260147,58145.0,,50068,9,52,standard_1,13931,楽天,34658,59.6,原石,True,True,False,シマノ(SHIMANO) 22 ベイシス 1-500
B08R5D9C7Q,sports,4580617270080,3233.0,,74018,13,41,standard_1,2800,楽天,-886,-27.4,はずれ,False,False,False,ファイブフォーカス グリッチオイル EVO-2000 15ml
B0B4P3Q3PL,sports,4582656414883,3480.0,,50084,2,52,standard_1,4390,楽天,-2266,-65.1,はずれ,False,False,False,UPstore キャッチャーミット 軟式 少年野球 草野球 グローブ 練
B0F28KVPVF,sports,4710139338931,3131.0,,50091,2,52,small,3781,Yahoo,-1710,-54.6,はずれ,False,False,False,Granite グラナイト スーチャー Suture タイヤプラグキット
B0FBG2R2H5,sports,4571675373998,14496.0,,50145,8,51,standard_1,15299,Yahoo,-3811,-26.3,はずれ,False,False,False,ローリングス(Rawlings) 野球用 グラブ グローブ 軟式 HYP
B0BHYQY5QH,sports,4560416809773,3062.0,,72983,2,42,standard_2,,,,,,False,False,False,ハードル 陸上 練習用 ミニハードル 高さ調節可能 6個セット 練習 ト
B0B4P5PQWJ,sports,4582656414876,3480.0,,50123,2,52,standard_1,5777,楽天,-3653,-105.0,はずれ,False,False,False,UPstore キャッチャーミット 軟式 少年野球 草野球 グローブ 練
B0G6ZBQVQW,sports,4997223600758,3968.0,,50128,2,51,standard_1,2707,楽天,-168,-4.2,はずれ,False,False,False,PRO MARINE(プロマリン) CB ミストレイルサーフ 25-36
B01M69Q03A,sports,4512101987181,3828.0,,50167,2,51,small,3872,Yahoo,-1208,-31.6,はずれ,False,False,False,富士工業(FUJI KOGYO) T-KWTG16F T-KWTG16F
B0DJ92D1F4,sports,4546721013425,6155.0,,40269,2,58,standard_1,6254,楽天,-1856,-30.2,はずれ,False,False,False,TANIZAWA. 自転車ヘルメット V002 AIRBEL エアベル軽
B0H26MYWTS,sports,4573698111601,5500.0,,50136,2,51,standard_1,5500,Yahoo,-1659,-30.2,はずれ,False,False,False,ZinBay ジンベイ ESTERANZA エステランザ エステルライン
B09JMHZC6S,sports,4560116231560,4620.0,,40863,2,58,standard_1,3960,Yahoo,-867,-18.8,はずれ,False,False,False,オレゴニアンキャンパー(Oregonian Camper) チェアカバー
B0FBFS38KN,sports,4571675374018,16280.0,,50146,5,51,standard_1,16280,Yahoo,-3276,-20.1,はずれ,False,False,False,ローリングス(Rawlings) 野球用 グラブ グローブ 軟式 HYP
B0FBFMJMXY,sports,4571675374032,14570.0,,50146,7,51,standard_1,15675,楽天,-4124,-28.3,はずれ,False,False,False,ローリングス(Rawlings) 野球用 グラブ グローブ 軟式 HYP
B0D138Z35X,sports,4547719776797,5247.0,,40127,8,58,small,4948,楽天,-1078,-20.5,はずれ,False,False,False,ササキ(SASAKI) 新体操 手具 リボン 国際体操連盟認定品 日本体
B00DOTE93S,sports,4571244743580,3456.0,,50152,9,51,standard_2,2864,楽天,-890,-25.8,はずれ,False,False,False,アイアールシータイヤ(IRC tire) 自転車 タイヤ・チューブ 74
B07F2XW6JJ,sports,8809606550016,6880.0,,50213,2,51,standard_1,6280,Yahoo,-1266,-18.4,はずれ,False,False,False,dinofactory T-Rex ゴルフヘッドカバー 恐竜ドライバーヘ
B09CZ1N5KX,sports,8809606552737,6880.0,,50213,2,51,standard_1,6380,Yahoo,-1366,-19.9,はずれ,False,False,False,dinofactory T-Rex ゴルフヘッドカバー 恐竜ドライバーヘ
B00FE5Q7C6,sports,4959174578609,4400.0,,74191,5,41,standard_2,2750,Yahoo,26,0.6,あやしい,False,False,False,[キャスコ] スポーツ KSRWL-001 レディース ピンク 日本 L
B0FDH2XTKQ,sports,0810164918086,7695.0,,74072,5,41,small,,,,,,False,False,False,Gymreapers ウエイトリフティング用リストラップ (IPF承認済
B0FDH1JYYC,sports,0810164918093,7674.0,,74072,6,41,small,,,,,,False,False,False,Gymreapers ウエイトリフティング用リストラップ (IPF承認済
B0FDH1XD2S,sports,0810164911834,7301.0,,74072,7,41,small,,,,,,False,False,False,Gymreapers ウエイトリフティング用リストラップ (IPF承認済
B0FS8VFNJ1,sports,0840488904205,7695.0,,74072,5,41,small,,,,,,False,False,False,Gymreapers ウエイトリフティング用リストラップ (IPF承認済
B01M7VCHAM,sports,4512101983503,4320.0,,50168,4,51,small,4493,Yahoo,-1411,-32.7,はずれ,False,False,False,富士工業(FUJI KOGYO) T-KWTG25 T-KWTG25
B01M7VCI7S,sports,4512101987204,5808.0,,50168,3,51,small,5984,Yahoo,-1637,-28.2,はずれ,False,False,False,富士工業(FUJI KOGYO) T-KWTG25F T-KWTG25F
B00IFXHYXK,sports,4962772174548,4612.0,,50170,9,51,standard_1,3660,楽天,-574,-12.4,はずれ,False,False,False,PARKTOOL(パークツール) ボトムブラケットツール 16ノッチ 外
B08DXWMBMR,sports,8809606552157,6880.0,,50180,2,51,standard_1,6380,Yahoo,-1366,-19.9,はずれ,False,False,False,dinofactory T-Rex ゴルフヘッドカバー 恐竜ドライバーヘ
B01ABDWB98,sports,4992826663339,10800.0,,50182,2,51,large_1,7470,Yahoo,577,5.3,あやしい,False,False,False,Coleman(コールマン) チェア レイチェア 3段階リクライニング 
B0G8HN4VTH,sports,,3380.0,,44117,2,55,standard_2,,,,,,False,False,False,マウンテンバイク自転車タイヤ26×1.95インチ2本：26インチ 耐パン
B0DBHHTB1Z,sports,4543107709095,3465.0,,74086,6,41,standard_1,3460,楽天,-1349,-38.9,はずれ,False,False,False,グリーンフォーク メンズ レディース アンパスィ and per se 
B001U1F5FS,sports,4960778000632,3729.0,,50197,10,51,large_2,3365,Yahoo,-1532,-41.1,はずれ,False,False,False,保冷剤 結露防止不織布フィルム 40g(460入)FRA-40II
B0D9YG4BNP,sports,0850027370828,32800.0,,50218,15,51,small,,,,,,False,False,False,REDSHIFT ShockStop Suspension Stem f
B01N022O5E,sports,4580235554869,21800.0,,50227,3,51,large_2,11880,Yahoo,5313,24.4,原石,True,True,False,ドクターエア　3DスーパーブレードS（ブラック）
B0BY65WFLF,sports,0036282729858,3600.0,,50231,11,51,standard_1,3729,楽天,-1503,-41.8,はずれ,False,False,False,AbuGarcia (アブガルシア) ドライバッグ 40l 防水バッグ
B0H4VD9F4P,sports,4562374255449,5500.0,,50241,2,51,standard_1,,,,,,False,False,False,ハローキティ（日焼け） フェアウェイウッド ヘッドカバー（FW) サンリ
B09B3SNPFL,sports,0850027370217,33916.0,,50243,14,51,standard_1,40140,楽天,-12145,-35.8,はずれ,False,False,False,REDSHIFT ShockStop Suspension Stem f
B01N5H997S,sports,0736313569919,29800.0,,50243,14,51,standard_1,32062,Yahoo,-7566,-25.4,はずれ,False,False,False,REDSHIFT ShockStop Suspension Stem f
B0D31236K2,sports,4550541526331,5499.0,,50295,5,51,standard_1,4870,Yahoo,-1030,-18.7,はずれ,False,False,False,ウエストボトルポーチ (LAB55611) ランニング バッグ ペットボ
B0DGJY7RKG,sports,4907913408717,28600.0,,50248,2,51,standard_1,19800,Yahoo,3676,12.9,あやしい,True,True,False,ダンロップ(DUNLOP) スリクソン ZXi4 アイアン 単品 【カタ
B0DGJWTZPX,sports,4907913416262,19996.0,,50248,7,51,standard_1,19900,楽天,-3737,-18.7,はずれ,False,False,False,ダンロップ(DUNLOP) スリクソン ZXi4 アイアン 単品 【カタ
B0FLXVWRKD,sports,0663314009581,7432.0,,50250,6,51,large_1,,,,,,False,False,False,XZLHds 軽量 背負えるキャリーカート 背負子 釣り キャリーシャー
B0DWN1Q45H,sports,0198235003900,13000.0,,50255,3,51,standard_1,19043,楽天,-8827,-67.9,はずれ,False,False,False,BRUCE BOLT バッティンググローブ モノクロカラーシリーズ ショ
B0DWMZ2QFZ,sports,0198235003986,11500.0,,50255,3,51,standard_1,16973,楽天,-8032,-69.8,はずれ,False,False,False,BRUCE BOLT バッティンググローブ モノクロカラーシリーズ ショ
B0DWMZZF4B,sports,0198235003962,11500.0,,50255,3,51,standard_1,16973,楽天,-8032,-69.8,はずれ,False,False,False,BRUCE BOLT バッティンググローブ モノクロカラーシリーズ ショ
B0DWMY19QB,sports,0198235003948,26659.0,,50255,4,51,standard_1,,,,,,False,False,False,BRUCE BOLT バッティンググローブ モノクロカラーシリーズ ショ
B0DWN1JTPL,sports,0198235006598,11500.0,,50255,3,51,standard_1,16973,楽天,-8032,-69.8,はずれ,False,False,False,BRUCE BOLT バッティンググローブ モノクロカラーシリーズ ショ
B0DWMYB9M9,sports,0198235003856,11500.0,,50255,2,51,standard_1,16973,楽天,-8032,-69.8,はずれ,False,False,False,BRUCE BOLT バッティンググローブ モノクロカラーシリーズ ショ
B0DWMZ8KTP,sports,0198235003849,11500.0,,50255,2,51,standard_1,16500,楽天,-7559,-65.7,はずれ,False,False,False,BRUCE BOLT バッティンググローブ モノクロカラーシリーズ ショ
B0DWMZM3HF,sports,0198235003788,27125.0,,50255,2,51,standard_1,,,,,,False,False,False,BRUCE BOLT バッティンググローブ モノクロカラーシリーズ ショ
B0DWMZJT9P,sports,0198235003979,11500.0,,50255,3,51,standard_1,16973,楽天,-8032,-69.8,はずれ,False,False,False,BRUCE BOLT バッティンググローブ モノクロカラーシリーズ ショ
B0DWMYMQTH,sports,0198235003894,20933.0,,50255,4,51,standard_1,,,,,,False,False,False,BRUCE BOLT バッティンググローブ モノクロカラーシリーズ ショ
B0DWMYSPB8,sports,0198235003863,11500.0,,50255,3,51,standard_1,16973,楽天,-8032,-69.8,はずれ,False,False,False,BRUCE BOLT バッティンググローブ モノクロカラーシリーズ ショ
B0DWMYL1GX,sports,0198235003917,26659.0,,50255,4,51,standard_1,,,,,,False,False,False,クリエイターシリーズのショートカフバッティンググローブ。
B01ARHUSJS,sports,4983608470856,4097.0,,40606,5,58,standard_1,3300,Yahoo,-652,-15.9,はずれ,False,False,False,tusa sport(ツサスポーツ) メッシュバッグパック UA0302
B0GPMR7N38,sports,0881978439586,4950.0,,50284,4,51,standard_1,5500,Yahoo,-2126,-43.0,はずれ,False,False,False,ピン（PING） ゴルフ ダンシングピン パターカバー ブレード HC-
B0GPMRDXHX,sports,0881978439609,4400.0,,50284,4,51,standard_1,4400,楽天,-1494,-34.0,はずれ,False,False,False,PING ピン HC-U2604 ダンシングピンパターカバー ブレード用
B0FSZPPQ9Q,sports,4573603301813,6600.0,,50326,10,51,standard_1,5456,Yahoo,-680,-10.3,はずれ,False,False,False,【JFA検定球】 SFIDA(スフィーダ) TSUBASA サッカーボー
B08TW46ZQL,sports,4969363302472,73000.0,,50288,7,51,standard_1,52000,Yahoo,9216,12.6,あやしい,True,True,False,シマノ(SHIMANO) ロッド 並継 ソルト オシアプラッガーリミテッ
B0D7PSP2CX,sports,4562240533954,9980.0,,50294,2,51,standard_1,,,,,,False,False,False,グラウンドゴルフ 特選入門4点セット ニチヨー NICHIYO K-17
B0GPMWFW17,sports,0881978439579,4950.0,,50302,3,51,standard_1,4400,Yahoo,-1026,-20.7,はずれ,False,False,False,PING ピン HC-U2604 ダンシングピンパターカバー ブレード用
B08TW5SWPP,sports,4969363302458,64980.0,,50305,7,51,standard_1,61314,Yahoo,-6915,-10.6,はずれ,False,False,False,シマノ(SHIMANO) ロッド 並継 ソルト オシアプラッガーリミテッ
B0DQSTVHV8,sports,0197193446835,12000.0,,50343,2,51,standard_1,8470,Yahoo,896,7.5,あやしい,False,False,False,キャロウェイ(Callaway) クラブケース ADVANCE CLUB
B0DB1TKRLT,sports,4571548392187,7768.0,,74186,5,41,standard_1,8790,楽天,-3021,-38.9,はずれ,False,False,False,ミズノ（MIZUNO） バッティング用グローブ 野球 両手用 ミズノプロ
B0DB1TP3YC,sports,4571548392026,8800.0,,74186,2,41,standard_1,6160,Yahoo,486,5.5,あやしい,False,False,False,ミズノ（MIZUNO） バッティング用グローブ 野球 両手用 ミズノプロ
B083KKDW4Y,sports,4955985195271,3980.0,,40580,2,58,large_1,2980,楽天,-730,-18.3,はずれ,False,False,False,BUNDOK(バンドック)焚き火台 VERSA(ベルサ) BD-494 
B08SC8T5Z4,sports,4582497298314,5250.0,,72323,2,42,small,12600,楽天,-8728,-166.2,はずれ,False,False,False,SAWYER ソーヤー ミニ SP128 [並行輸入品]
B0FB6TKBC9,sports,4571570234417,4750.0,,50334,3,51,standard_2,5280,Yahoo,-2206,-46.5,はずれ,False,False,False,Hilander(ハイランダー) アルミクーラースタンド ブラック クー
B09JSC82KB,sports,4907913288012,40980.0,,72905,3,42,standard_1,17217,Yahoo,16782,41.0,原石,True,True,False,DUNLOP(ダンロップ) ユーティリティ XXIO ゼクシオ トゥエル
B09JS1WY2Z,sports,4907913287985,24800.0,,72905,2,42,standard_1,17833,Yahoo,2413,9.7,あやしい,True,True,False,DUNLOP(ダンロップ) ユーティリティ XXIO ゼクシオ トゥエル
B0DNVR523C,sports,4069159778020,6160.0,,40710,2,58,standard_1,6160,楽天,-1758,-28.5,はずれ,False,False,False,ゴルフ PU ツアーライク メタルキャット シューズバッグ_092488
B07WX91R2Q,sports,4513473476952,3789.0,,50355,2,51,small,3520,Yahoo,-889,-23.5,はずれ,False,False,False,メガバス(Megabass) ルアー KONOSIRUS SHAD(コノ
B084RYMCPJ,sports,9340935047413,4182.0,,50355,12,51,standard_1,4350,Yahoo,-1629,-39.0,はずれ,False,False,False,FCS エフシーエス ESSENTIAL LEASH 6feet ALL
B083RV5PSP,sports,4019238026641,7100.0,,72513,6,42,standard_1,3520,楽天,1681,23.7,原石,True,True,False,Continental(コンチネンタル) Ultra Sport 3 B
B0D3PJBVQT,sports,4571258779452,5500.0,,72838,2,42,standard_1,5500,Yahoo,-1659,-30.2,はずれ,False,False,False,フィールドフォース 野球 トレーニング用品 メンズ ノックラケット FK
B07WRYH2P3,sports,4513473477003,3660.0,,50376,2,51,small,3030,Yahoo,-509,-13.9,はずれ,False,False,False,メガバス(Megabass) ルアー KONOSIRUS SHAD(コノ
B06XJJ6KLR,sports,4513473514678,3718.0,,50376,4,51,small,2788,Yahoo,-218,-5.9,はずれ,False,False,False,Megabass KONOSIRUS SHAD(F) FA コノシロ
B08292YG88,sports,4960589015030,5120.0,,50379,13,51,standard_1,5120,Yahoo,-1602,-31.3,はずれ,False,False,False,スノーピーク(snow peak) ウォータープルーフユニットギアバッグ
B0FBFB2BLP,sports,4571675373721,15476.0,,73320,3,42,standard_1,15840,Yahoo,-3519,-22.7,はずれ,False,False,False,ローリングス(Rawlings) 野球用 グラブ グローブ 軟式 HYP
B083TG7JY6,sports,,24000.0,,50444,2,51,standard_1,,,,,,False,False,False,ブルーティーゴルフ BLUE TEE GOLF California 【
B0C6PS32F1,sports,8720245576444,3930.0,,50402,2,51,standard_1,,,,,,False,False,False,LS フルジップ ラッシュガード_93525506_150
B00KDCXP84,sports,4571244259500,3069.0,,50415,4,51,standard_1,2673,楽天,-898,-29.3,はずれ,False,False,False,NISHI(ニシ・スポーツ) 陸上競技 リレー バトン ブルー F101
B0F23Q94BF,sports,4515609165402,12690.0,,50416,4,51,standard_2,12100,Yahoo,-2278,-17.9,はずれ,False,False,False,RBB RBB タイドゲームベストII グレー 7761
B0741XK24G,sports,4909671301729,19800.0,,50421,7,51,large_1,18800,Yahoo,-3103,-15.7,はずれ,False,False,False,ブルーティーゴルフ BLUE TEE GOLF California 【
B09J7W8Y6Z,sports,4525807218886,4532.0,,50425,2,51,small,3960,楽天,-698,-15.4,はずれ,False,False,False,JACKALL(ジャッカル) TGビンビン玉 スライドヘッド ネオ 12
B09J85X72G,sports,4525807218930,4730.0,,50425,2,51,small,3510,Yahoo,-80,-1.7,はずれ,False,False,False,JACKALL(ジャッカル) TGビンビン玉 スライドヘッド ネオ 12
B09JFQQCHH,sports,4525807218947,4532.0,,50425,3,51,small,3510,Yahoo,-248,-5.5,はずれ,False,False,False,JACKALL(ジャッカル) TGビンビン玉スライドヘッドネオ 120g
B09J83N693,sports,4525807218893,4290.0,,50425,4,51,small,3331,Yahoo,-274,-6.4,はずれ,False,False,False,JACKALL(ジャッカル) TGビンビン玉 スライドヘッド ネオ 12
B09J83PHNZ,sports,4525807218916,4730.0,,50425,2,51,small,2654,Yahoo,776,16.4,原石,True,True,False,JACKALL(ジャッカル) TGビンビン玉 スライドヘッド ネオ 12
B09J8BV97J,sports,4525807218909,4532.0,,50425,3,51,small,3331,Yahoo,-69,-1.5,はずれ,False,False,False,JACKALL(ジャッカル) TGビンビン玉 スライドヘッド ネオ 12
B0C6PLWLNC,sports,8720245576420,4169.0,,50426,1,51,standard_1,3619,Yahoo,-909,-21.8,はずれ,False,False,False,LS フルジップ ラッシュガード_93525506_130
B0DKF3L7K1,sports,4571258784494,9900.0,,72814,3,42,large_1,9900,Yahoo,-2618,-26.4,はずれ,False,False,False,【フィールドフォース】フォースティー │ 野球 練習 ティースタンド 倒
B083TDFWVM,sports,,22926.0,,50445,3,51,standard_1,,,,,,False,False,False,ブルーティーゴルフ BLUE TEE GOLF California 【
B0749BWPJ1,sports,4909671301736,18526.0,,50445,7,51,large_1,18800,Yahoo,-4186,-22.6,はずれ,False,False,False,ブルーティーゴルフ BLUE TEE GOLF California 【
B0749CTX2S,sports,4909671301767,18526.0,,50445,6,51,large_1,17820,楽天,-3206,-17.3,はずれ,False,False,False,ブルーティーゴルフ BLUE TEE GOLF California 【
B0741XHY4R,sports,,24000.0,,50445,2,51,large_1,,,,,,False,False,False,ブルーティーゴルフ BLUE TEE GOLF California 【
B0749DX74X,sports,4909671301743,19800.0,,50445,4,51,large_1,17820,楽天,-2123,-10.7,はずれ,False,False,False,ブルーティーゴルフ BLUE TEE GOLF California 【
B0BR8H5XPV,sports,0757894332730,8152.0,,50455,5,51,standard_1,,,,,,False,False,False,Mountainsmith ドリフトランバー スモールウエストパック ラ
B00PRV1AI8,sports,4524667890966,3100.0,,74517,3,41,standard_1,,,,,,False,False,False,シマノ(SHIMANO) エキストラクッション インソールサイズ 39-
B009V3TYN6,sports,4930827512393,69800.0,,50475,5,51,large_2,74366,楽天,-16373,-23.5,はずれ,False,False,False,アキレス ボート ウッドフロアモデル ECU2-921
B0BR8GY157,sports,0757894332747,9010.0,,50479,6,51,standard_1,,,,,,False,False,False,Mountainsmith ドリフトランバー スモールウエストパック ラ
B07NYYCVCD,sports,4589720790041,3160.0,,50491,7,50,small,3030,Yahoo,-934,-29.6,はずれ,False,False,False,タフシロン 人工筋肉膝サポーター ホールド (ブラック)
B085VYTPQ5,sports,,4600.0,,50501,2,51,standard_1,,,,,,False,False,False,パネル付き目録 全国繁盛店ラーメン8食セット [ゴルフコンペ 二次会 景
B0DWXJ5JD2,sports,0196665890701,3454.0,,50502,3,51,standard_1,2685,Yahoo,-583,-16.9,はずれ,False,False,False,フットジョイ（FOOT JOY） 右手用 ゴルフグローブ ステイソフ F
B0DWXLDXGF,sports,0196665890749,3300.0,,50541,5,51,standard_1,2970,楽天,-999,-30.3,はずれ,False,False,False,フットジョイ（FOOT JOY） 右手用 ゴルフグローブ ステイソフ F
B0DWXG26H5,sports,0196665890756,3300.0,,50502,5,51,standard_1,3630,楽天,-1659,-50.3,はずれ,False,False,False,フットジョイ（FOOT JOY） 右手用 ゴルフグローブ ステイソフ F
B0DSZXD7LS,sports,,4950.0,,66561,3,44,standard_1,,,,,,False,False,False,[BEACHED DAYS] 8'5～10'0ft ロングボード デッキ
B0G19Z5XX2,sports,,4950.0,,66561,3,44,standard_1,,,,,,False,False,False,[BEACHED DAYS] 8'5～10'0ft ロングボード デッキ
B0GKFNW5PB,sports,,6999.0,,73717,2,42,standard_1,,,,,,False,False,False,カーボン プールキュー シャフト 29インチ 11.8mm / 12.5
B07QGGZC9K,sports,4515822102390,42800.0,,50534,2,51,standard_1,32000,Yahoo,3546,8.3,あやしい,True,True,False,Boga Grip ボガグリップ ランディングツール 130Specia
B00UV7EKIU,sports,4562368726689,8799.0,,74545,8,41,standard_1,11385,楽天,-4740,-53.9,はずれ,False,False,False,bern(バーン) NINO BE-VJBMBKV-12 BLACK S
B0FPRKLG3B,sports,4550013545105,7613.0,,40463,11,58,standard_1,7700,Yahoo,-2063,-27.1,はずれ,False,False,False,ブリーフィング（BRIEFING） ユーティリティ ヘッドカバー STD
B0DWXJZC45,sports,0196665890725,3404.0,,50542,4,51,standard_1,2970,Yahoo,-911,-26.8,はずれ,False,False,False,フットジョイ（FOOT JOY） 右手用 ゴルフグローブ ステイソフ F
B0DWXJY3W1,sports,0196665890732,3454.0,,50542,3,51,standard_1,2904,楽天,-802,-23.2,はずれ,False,False,False,フットジョイ（FOOT JOY） 右手用 ゴルフグローブ ステイソフ F
B0CSFQSJD6,sports,4969363115362,23197.0,,50543,5,51,large_2,24088,Yahoo,-5708,-24.6,はずれ,False,False,False,シマノ(SHIMANO) クーラーボックス フィクセル リミテッド 17
B0G62RSLSW,sports,4571644331196,32670.0,,40659,2,58,large_1,29040,Yahoo,-2404,-7.4,はずれ,False,False,False,TAYLORMADE GOLF(テーラーメイドゴルフ) サークルロゴ キ
B07RGZNJLM,sports,0881978213551,10560.0,,50546,9,51,standard_1,10560,Yahoo,-2418,-22.9,はずれ,False,False,False,ピン PING ヘッドカバー カラーコード アイアンカバー8個セット ホ
B07PF813G5,sports,0671227970300,3600.0,,74563,10,41,small,4433,楽天,-1963,-54.5,はずれ,False,False,False,Klymit Vシート
B083X75K6G,sports,4981325532727,5980.0,,50565,6,51,large_1,5980,Yahoo,-2030,-33.9,はずれ,False,False,False,ロゴス(LOGOS) キングあぐらチェア(LOGOS LAND) 731
B093XZG71D,sports,,8900.0,,50569,3,51,standard_2,,,,,,False,False,False,回転型 丸焼き機 ロティサリーキットユニバーサル交換クイックインストール
B07G7DRDRX,sports,4996478110333,3180.0,,50580,10,51,small,2970,楽天,-857,-26.9,はずれ,False,False,False,東レ(TORAY) ライン ジギングPEパワーゲーム X8 300m 3
B09J7TQPFY,sports,4525807218992,5412.0,,50581,2,51,small,4226,Yahoo,-216,-4.0,はずれ,False,False,False,JACKALL(ジャッカル) TGビンビン玉 スライドヘッド ネオ 15
B09J83CK83,sports,4525807219029,5079.0,,50581,4,51,small,4225,楽天,-498,-9.8,はずれ,False,False,False,JACKALL(ジャッカル) TGビンビン玉 スライドヘッド ネオ 15
B0846FZD8R,sports,4989723633114,4400.0,,50595,7,51,standard_1,3480,Yahoo,-574,-13.0,はずれ,False,False,False,2020年モデル GLOBERIDE(グローブライド) ONOFF(オノ
B0846GKCYM,sports,4989723633091,4400.0,,50595,7,51,standard_1,3480,Yahoo,-574,-13.0,はずれ,False,False,False,2020年モデル GLOBERIDE(グローブライド) ONOFF(オノ
B07G721FP4,sports,4996478110340,3180.0,,50599,11,51,small,3355,楽天,-1242,-39.1,はずれ,False,False,False,東レ(TORAY) ライン ジギングPEパワーゲーム X8 300m 4
B07G7D8K9J,sports,4996478110357,3180.0,,50599,8,51,small,3304,Yahoo,-1191,-37.5,はずれ,False,False,False,東レ(TORAY) ライン ジギングPEパワーゲーム X8 300m 5
B07G6YS483,sports,4996478110272,3796.0,,50599,10,51,small,3355,楽天,-718,-18.9,はずれ,False,False,False,東レ(TORAY) ライン ジギングPEパワーゲーム X8 300m 0
B0GKG6WWKH,sports,,6999.0,,73717,2,42,standard_1,,,,,,False,False,False,カーボン プールキュー シャフト 29インチ 11.8mm / 12.5
B0GKFQMKBJ,sports,,6999.0,,73717,2,42,standard_1,,,,,,False,False,False,カーボン プールキュー シャフト 29インチ 11.8mm / 12.5
B09J823XSS,sports,4525807219012,5412.0,,50604,2,51,small,4270,Yahoo,-260,-4.8,はずれ,False,False,False,JACKALL(ジャッカル) TGビンビン玉 スライドヘッド ネオ 15
B09J7RF2KV,sports,4525807218978,5412.0,,50604,2,51,small,4270,Yahoo,-260,-4.8,はずれ,False,False,False,JACKALL(ジャッカル) TGビンビン玉 スライドヘッド ネオ 15
B09J7W9BR3,sports,4525807219005,5170.0,,50604,4,51,small,4270,Yahoo,-466,-9.0,はずれ,False,False,False,JACKALL(ジャッカル) TGビンビン玉 スライドヘッド ネオ 15
B09J83QDLR,sports,4525807218985,5170.0,,50604,5,51,small,4270,Yahoo,-466,-9.0,はずれ,False,False,False,JACKALL(ジャッカル) TGビンビン玉 スライドヘッド ネオ 15
B077M11VK2,sports,4548022480210,6633.0,,40732,11,58,standard_1,6864,楽天,-2060,-31.1,はずれ,False,False,False,SSK(エスエスケイ) 野球 軟式用両耳付きヘルメット H2500 ホワ
B077M84DZ8,sports,4548022480364,6633.0,,40732,11,58,standard_1,8580,Yahoo,-3776,-56.9,はずれ,False,False,False,SSK(エスエスケイ) 野球 軟式用両耳付きヘルメット H2500 Dブ
B077LZVJPV,sports,4548022480074,5150.0,,40732,11,58,standard_1,5894,楽天,-2350,-45.6,はずれ,False,False,False,SSK(エスエスケイ) 野球 軟式用両耳付きヘルメット H2500 ネイ
B077M11VK1,sports,4548022480227,6633.0,,40732,9,58,standard_1,6864,Yahoo,-2060,-31.1,はずれ,False,False,False,SSK(エスエスケイ) 野球 軟式用両耳付きヘルメット H2500 レッ
B077M9K2ND,sports,4548022480272,6633.0,,40732,10,58,standard_1,6864,Yahoo,-2060,-31.1,はずれ,False,False,False,SSK(エスエスケイ) 野球 軟式用両耳付きヘルメット H2500 ブル
B0B4V6XLRN,office,4902041718738,3250.0,,50013,3,52,small,2464,Yahoo,-292,-9.0,はずれ,False,False,False,ダイゴー isshoni. ペンケース付ノートカバー合皮 B6対応 キャ
B07RT28Z6N,office,0810009090465,9584.0,,50029,3,52,standard_1,,,,,,False,False,False,HumanCentric 縦型ノートパソコンスタンド シルバーカラー デ
B0CGZT5Q5Z,office,4903419847968,3341.0,,66698,3,44,large_1,3088,Yahoo,-1381,-41.3,はずれ,False,False,False,リヒトラブ SFJ×LIHIT LAB. フォールディングコンテナ OB
B00ETKAV6U,office,4963346124143,3300.0,,67187,9,44,standard_2,2226,Yahoo,-385,-11.7,はずれ,False,False,False,ORIONS クリーンソフトケース A1 SC-11
B01CGCGJKO,office,4901755209624,6402.0,,50081,6,52,large_1,4676,Yahoo,-367,-5.7,はずれ,False,False,False,ヘイコー 包装紙 ハトロン判 半才 晒 呉服合せ 100枚入 00234
B07RV556B7,office,0810009090472,8751.0,,50084,4,52,standard_1,,,,,,False,False,False,HumanCentric (ヒューマンセントリック) 縦型ノートパソコン
B07RT2C23Y,office,0810009090458,8694.0,,50084,5,52,standard_1,14140,楽天,-7584,-87.2,はずれ,False,False,False,HumanCentric (ヒューマンセントリック) 縦型ノートパソコン
B00E3OL3MI,office,4903331227558,13280.0,,37056,4,61,large_1,11700,Yahoo,-1545,-11.6,はずれ,False,False,False,ライオン事務器 黒板消し 電動掃除機 クリーナー EC-1
B0CJCGRZGM,office,,10799.0,,50127,2,51,large_2,,,,,,False,False,False,DEWEL pcワゴン pcラック プリンター台 幅60&奥行35&高さ
B003FGLYO2,office,4987167013455,3980.0,,50151,2,51,standard_1,3141,Yahoo,-592,-14.9,はずれ,False,False,False,ニチバン メンディングテープ 大巻 12巻入 12mm×30m MDLP
B003FGJXBI,office,4987167013462,7280.0,,50151,2,51,standard_1,5000,Yahoo,354,4.9,あやしい,False,False,False,ニチバン メンディングテープ 大巻 12巻入 18mm×30m MDLP
B00I0R1PHC,office,,4675.0,,50159,3,51,small,,,,,,False,False,False,五ツ星 紅花墨 【古梅園 1丁型 漢字・仮名・写経 黒～茶系 菜種油煙】
B09NZLXWPX,office,4571258376323,10680.0,,50176,2,51,standard_1,9800,Yahoo,-1556,-14.6,はずれ,False,False,False,ヒラキ 充電式軽量剪定ハサミ KS-18 生枝18mmまで切断可能！
B0DN1D92BP,office,4571630178002,8180.0,,50196,2,51,standard_1,,,,,,False,False,False,ホワイトボード 折りたたみ 両面 (横55×縦85㎝) スタンド 脚付き
B0722GPXL5,office,4901480032979,4595.0,,67306,11,44,standard_1,672,楽天,2400,52.2,原石,True,False,False,（まとめ買い） コクヨ レポートメーカー 製本ファイル A4縦 緑 5冊
B0FPQYKM9S,office,4571646406960,3960.0,,50230,3,51,small,3960,楽天,-1184,-29.9,はずれ,False,False,False,シマエナガの宇宙オラクル ｜ ぴよ手帖 ｜ カード32枚 解説書12p 
B001GSQZDQ,office,4902668558977,15573.0,,66951,3,44,large_2,9302,Yahoo,2598,16.7,原石,True,True,False,ヒサゴ マルチプリンタ帳票 A4 白紙 3面
B0G4MQ45MK,office,,7598.0,,50261,10,51,standard_1,,,,,,False,False,False,Pitozer オールインワン タクティカルノートブック パッドフォリオ
B0D78FG7Z8,office,0768771843935,5950.0,,67082,2,44,small,,,,,,False,False,False,Linelglobal クリスマスアドベントカレンダー 2024、DIY
B0CTGTKDNK,office,4938540238804,3300.0,,81758,3,39,small,3300,楽天,-1085,-32.9,はずれ,False,False,False,オロビアンコ シャーペン シャープペンシル フレッチャ 0.5mm 19
B0CMX7ZXK9,office,4938540238781,3300.0,,81758,2,39,small,3300,Yahoo,-1085,-32.9,はずれ,False,False,False,オロビアンコ ペンシル シャープペン フレッチャ ハングセルタイプ ガン
B005J11S88,office,,3561.0,,67295,3,44,small,,,,,,False,False,False,ＴＡＮＯＳＥＥ　ＰＰＣ用紙　ＳＮＯＷ　ＷＨＩＴＥ　７５　Ａ４　５００枚×
B0DK6M6WF7,office,4901681484119,4525.0,,50307,6,51,standard_1,4017,Yahoo,-1005,-22.2,はずれ,False,False,False,ゼブラ クリッカート 48色セット ケース入り WYSS22-48C-N
B0CMX8RSRN,office,4938540238798,3300.0,,81758,2,39,small,3300,楽天,-1085,-32.9,はずれ,False,False,False,オロビアンコ ペンシル シャープペン フレッチャ ハングセルタイプ ライ
B0CTGKCQXQ,office,4938540238460,3300.0,,81758,2,39,small,3300,Yahoo,-1085,-32.9,はずれ,False,False,False,オロビアンコ シャーペン シャープペンシル フレッチャ 0.5mm 19
B0D14Y46YS,office,4014519766155,4000.0,,35791,3,62,small,3955,Yahoo,-1145,-28.6,はずれ,False,False,False,LAMY ラミー 万年筆 F 細字 アルスター ファイアリー L0D9-
B00QM85NAG,office,4992699248909,4459.0,,50323,3,51,standard_2,3772,Yahoo,-946,-21.2,はずれ,False,False,False,[新日本ケミカル] 使い捨て鉛筆『ピツエン』1000本/箱・HB黒/L型
B0FKBDCZBJ,office,,15987.0,,65680,2,44,large_2,,,,,,False,False,False,Jiza テーブル パソコンデスク 天然ラバーウッド 勉強机 引出し付き
B0D14Y4W8C,office,4014519766148,4000.0,,35791,4,62,small,2945,Yahoo,-135,-3.4,はずれ,False,False,False,LAMY ラミー 万年筆 M 中字 アルスター ファイアリー L0D9-
B0D14X1FVW,office,4014519766254,3000.0,,35791,4,62,small,2830,Yahoo,-870,-29.0,はずれ,False,False,False,LAMY ラミー ボールペン 油性 アルスター ファイアリー L2D9 
B0D14WLVXP,office,4014519766360,3775.0,,35791,4,62,small,4194,楽天,-1575,-41.7,はずれ,False,False,False,LAMY ラミー 万年筆 M 中字 アルスター アクアティック L0E1
B0D14WXY1H,office,4014519766179,3800.0,,35791,5,62,small,2940,Yahoo,-300,-7.9,はずれ,False,False,False,LAMY ラミー 万年筆 EF 極細字 アルスター ファイアリー L0D
B0DYHWRHHS,office,4902505674334,52257.0,,50347,4,51,small,43480,Yahoo,348,0.7,あやしい,False,False,False,PILOT 万年筆 マンネンヒツ カスタム823(Pシキ) TB S 透
B0DYHFSF1V,office,4902505674358,46490.0,,50347,2,51,small,43480,Yahoo,-4554,-9.8,はずれ,False,False,False,PILOT 万年筆 マンネンヒツ カスタム823(Pシキ) NC S 透
B001AX7T9Q,office,4902505224591,49500.0,,50373,5,51,small,43490,Yahoo,-2005,-4.1,はずれ,False,False,False,パイロット 万年筆 カスタム823 FKK3MRPTBM 中字 透明ブラ
B08BS36KXL,office,4902505356155,52800.0,,50373,2,51,small,43480,Yahoo,810,1.5,あやしい,False,False,False,PILOT 万年筆 マンネンヒツ カスタム823(Pシキ) NC M 透
B001AXB956,office,4902505224584,38885.0,,50373,9,51,small,43480,Yahoo,-11018,-28.3,はずれ,False,False,False,PILOT 万年筆 マンネンヒツ カスタム823(Pシキ) TB F 透
B08BS3P345,office,4902505356148,53500.0,,50373,2,51,small,44800,Yahoo,85,0.2,あやしい,False,False,False,PILOT 万年筆 マンネンヒツ カスタム823(Pシキ) NC F 透
B0GL6S7SNM,office,4977114117282,45000.0,,50421,4,51,small,36073,楽天,1587,3.5,あやしい,False,False,False,プラチナ万年筆 ＃3776 センチュリー Ver.2.0 デモンストレー
B01L03V66W,office,4024023164903,7480.0,,50426,2,51,small,,,,,,False,False,False,TROIKA トロイカ 5.6ミリ ドロップ式 芯ホルダー クラッチペン
B0191RSNJM,office,4024023164712,7480.0,,50426,2,51,small,,,,,,False,False,False,TROIKA 5.6ミリHBドロップ式 芯ホルダー クラッチペンシル Z
B0FSJR6Q9R,office,4901680607212,3822.0,,50461,5,51,small,4165,楽天,-1506,-39.4,はずれ,False,False,False,セーラー万年筆 万年筆 TUZU ADJUST ツヅ アジャスト 12-
B09LYKV98S,office,0402000095114,12020.0,,50470,4,51,small,17300,楽天,-7673,-63.8,はずれ,False,False,False,株 オプトエレクトロニクス OPTICON 1次元レーザーバーコードスキ
B00O4CZ2BM,office,0856469005007,20455.0,,50476,4,51,small,,,,,,False,False,False,Xezo Incognito 真鍮 ツイストアクション ミディアムボール
B0FX42KTMC,office,4580625038856,6600.0,,50479,3,51,small,5415,楽天,-395,-6.0,はずれ,False,False,False,トライラテラル ペンケース M MAYA【ティール】本革 筆箱 LDKM
B0CLWYYQ38,office,4955414921365,6900.0,,50506,5,51,small,7743,Yahoo,-2468,-35.8,はずれ,False,False,False,ステッドラー ボールペン 油性 ノック式 限定 ロイヤルブルー ボール径
B0DT9RZMXJ,office,4550624431064,3762.0,,64469,6,45,small,2493,Yahoo,115,3.0,あやしい,False,False,False,サンリオ(SANRIO) スタンド文具ケース クロミ 収納 立つ 431
B007XYX3EG,office,0084511362796,8275.0,,50558,2,51,small,,,,,,False,False,False,サクラペンタッチ 速乾 非毒性 防水 油性マーカー 細字 メタリックゴー
B001GR0APQ,office,4903419187781,18544.0,,50643,11,51,large_2,21426,楽天,-7001,-37.8,はずれ,False,False,False,リヒトラブ カルテフォルダー 200枚 A4 HK7712-ミ 乳白
B08V8R72VF,office,4511338063392,35640.0,,34347,6,64,standard_2,35640,楽天,-6310,-17.7,はずれ,False,False,False,Too コピック クラシック 72色セット C
B0F3T9YBTV,office,4573321192946,20780.0,,50609,3,51,standard_1,20680,Yahoo,-3851,-18.5,はずれ,False,False,False,麻雀 椅子 イス チェア 風営法基準 肘掛けあり クッション 長時間 疲
B0C3CKCW5L,office,,3199.0,,50703,2,51,standard_2,,,,,,False,False,False,透明 テーブルクロス 円形 テーブルマット 直径100cm 円形 PVC
B00NSLAO0Y,office,4901480421483,3550.0,,50659,5,51,standard_1,320,Yahoo,1864,52.5,原石,True,True,False,コクヨ マグネットバー 白 ２００ｍｍ １０本入り
B0DYTDXKYQ,office,,3689.0,,68027,2,43,standard_1,,,,,,False,False,False,uxcell 50枚 ラベルホルダー カードポケット 粘着式 ビニール 
B00EQSW9TM,office,7333152008284,4668.0,,50733,2,51,large_1,,,,,,False,False,False,"VITTSJO ラップトップサポート, ブラックブラウン, ガラス (8"
B0FGHHKY6L,office,0037936912701,3000.0,,50738,2,51,standard_1,4720,楽天,-3004,-100.1,はずれ,False,False,False,LEDメニュー表 A4A3サイズ 卓上ポップスタンド 高輝度ライト内蔵 
B0CZ6WRTH9,office,4938540238880,4400.0,,50783,3,51,small,4400,Yahoo,-1250,-28.4,はずれ,False,False,False,Orobianco オロビアンコ ギフトセット フレッチャ ボールペン＆
B07MJ5CKV4,office,4995364232180,9480.0,,50793,14,51,standard_1,8589,Yahoo,-1365,-14.4,はずれ,False,False,False,GBC 製本リングサプライ プラスチックリングバインド ワイドパック 円
B079199Q28,office,4905009427352,3030.0,,67444,7,44,standard_2,184,楽天,1428,47.1,原石,True,True,False,アイリスオーヤマ ラミネートフィルム 名刺 100枚 型番:LZ-NC1
B07MLQ8FJC,office,4995364232159,9680.0,,50803,4,51,standard_1,7200,Yahoo,194,2.0,あやしい,False,False,False,GBC 製本リングサプライ プラスチックリングバインド ワイドパック 円
B09MQJ7135,office,4548477751590,15950.0,,68592,4,43,small,,,,,,False,False,False,[IL BISONTE (イルビゾンテ)] ペンケース 筆箱 レザー 本
B09MQGJ6FW,office,4548477751569,15950.0,,68592,4,43,small,,,,,,False,False,False,[IL BISONTE (イルビゾンテ)] ペンケース 筆箱 レザー 本
B0CQCLSH51,office,,6799.0,,50805,2,51,large_2,,,,,,False,False,False,DEWEL プリンター台 3段 幅50×奥行40×高さ63cm プリンタ
B09MWHV7GG,office,4548477739987,15950.0,,68592,4,43,small,,,,,,False,False,False,[IL BISONTE (イルビゾンテ)] ペンケース 筆箱 レザー 本
B09MKRC998,office,4548477740020,15950.0,,68592,4,43,small,,,,,,False,False,False,[IL BISONTE (イルビゾンテ)] ペンケース 筆箱 レザー 本
B09MKQ9VVH,office,4548477740044,15950.0,,68592,4,43,small,,,,,,False,False,False,[IL BISONTE (イルビゾンテ)] ペンケース 筆箱 レザー 本
B09MQFYFHY,office,4548477751552,15950.0,,68592,4,43,small,15950,Yahoo,-2982,-18.7,はずれ,False,False,False,[IL BISONTE (イルビゾンテ)] ペンケース 筆箱 レザー 本
B0DWM7VRQJ,office,4562388028534,3000.0,,68158,2,43,small,,,,,,False,False,False,ふくふくにゃんこ ぬいぐるみペンケース 可愛い 猫 ギフト 猫好きプレゼ
B0DK8FV8K8,office,4571685751472,3852.0,,67938,2,43,standard_1,4680,楽天,-2240,-58.1,はずれ,False,False,False,シーエスクリエ ELSAシール(凍結保存書き込み用) Φ11 日本製 (
B0DK8CKG68,office,4571685751458,3852.0,,67938,2,43,standard_1,4680,楽天,-2240,-58.1,はずれ,False,False,False,シーエスクリエ ELSAシール(凍結保存書き込み用) Φ11 日本製 (
B0DK8F42T5,office,4571685751465,3852.0,,67938,2,43,standard_1,3971,Yahoo,-1531,-39.7,はずれ,False,False,False,シーエスクリエ ELSAシール(凍結保存書き込み用) Φ11 日本製 (
B0DK8BBXQP,office,4571685751441,3852.0,,67938,2,43,standard_1,3971,Yahoo,-1531,-39.7,はずれ,False,False,False,シーエスクリエ ELSAシール(凍結保存書き込み用) Φ11 日本製 (
B0DK8CP5MM,office,4571685751434,3852.0,,67938,2,43,standard_1,4680,楽天,-2240,-58.1,はずれ,False,False,False,シーエスクリエ ELSAシール(凍結保存書き込み用) Φ11 日本製 (
B09MQHDNZ8,office,4548477740006,15950.0,,68592,4,43,small,,,,,,False,False,False,[イル ビゾンテ] ペンケース 54_1_5412305395 F ネイ
B07MPX823P,office,4995364232043,6825.0,,50847,12,51,standard_1,6012,Yahoo,-1045,-15.3,はずれ,False,False,False,GBC 製本リングサプライ プラスチックリングバインド ワイドパック 円
B07M775DN6,office,4995364232104,7750.0,,50847,12,51,standard_1,6871,Yahoo,-1118,-14.4,はずれ,False,False,False,GBC 製本リングサプライ プラスチックリングバインド ワイドパック 円
B07M775V33,office,4995364232234,18260.0,,50847,8,51,standard_1,17664,Yahoo,-2977,-16.3,はずれ,False,False,False,GBC 製本リングサプライ プラスチックリングバインド ワイドパック 円
B07MJ5F1CG,office,4995364232036,5914.0,,50847,8,51,standard_1,5046,Yahoo,-853,-14.4,はずれ,False,False,False,GBC 製本リングサプライ プラスチックリングバインド ワイドパック 円
B0GY3YCVWK,office,,6799.0,,50849,3,51,large_2,,,,,,False,False,False,DEWEL プリンタ台 プリンタラック 幅50cm 奥行40cm 高さ6
B0FFM5VKSD,office,,5350.0,,50881,2,51,standard_1,,,,,,False,False,False,テープカッター 木製 ウッド おしゃれ ナチュラル シンプル デザイン 
B0CV9HXG8F,office,,17800.0,,68059,2,43,large_1,,,,,,False,False,False,ネームランド イーマ i-ma KL-SP100-CK ラベルライター 
B085T3HQY2,office,,3630.0,,50918,2,51,standard_1,,,,,,False,False,False,mita カッティング用シート 300mm×10m 赤 (レッド) 屋外
B00SMOMRK2,office,4930194980368,4089.0,,67675,5,44,large_1,2858,Yahoo,-515,-12.6,はずれ,False,False,False,TANOSEE インクジェット用普通紙 A3ロール 297mm×50m 
B0BDR2TR63,office,,8599.0,,50972,2,51,standard_1,,,,,,False,False,False,Hiram 万年筆 ケース ブラウン クレイジー ホース レザー マグネ
B0C1RHD5VB,office,0743332887405,4411.0,,50995,2,51,standard_1,,,,,,False,False,False,レザーリモコンホルダー テレビリモコンキャディ/ボックス ベッドサイドテ
B018LS1WFO,office,,11303.0,,51001,4,51,standard_2,,,,,,False,False,False,小泉製麻 バロンモッコ 2.0m×2.0m NO629
B0GPQTQDLP,office,4540809037181,6930.0,,51029,10,51,standard_1,8250,Yahoo,-3194,-46.1,はずれ,False,False,False,[WORLDPEGASUS] スクバ バック スクールバッグ ボストンバ
B073W5K91Y,office,4571443988256,3100.0,,68135,4,43,standard_1,,,,,,False,False,False,ホワイトボード アルミ枠 マグネット 90×60cm 壁掛け ホワイト 
B083YZXX6B,office,4974019140643,28324.0,,51158,2,51,standard_1,8700,楽天,14541,51.3,原石,True,True,False,シャープ 電子辞書 BRAIN 高校生モデル(6教科対応) PW-SH7
B0CQ2R4X9C,office,,4453.0,,51164,2,51,standard_2,,,,,,False,False,False,Ongwan スマホ収納ボックス 携帯電話 収納ポケット 省スペース 4
B09WN1B7FV,office,0768599669502,24800.0,,65185,2,45,large_2,,,,,,False,False,False,BilBil デスク パソコンラック 電動昇降式机 つくえ 幅140CM
B0BK8NW6TQ,office,4953980379092,11590.0,,51217,10,51,large_2,12850,楽天,-4336,-37.4,はずれ,False,False,False,不二貿易 オフィスチェア デスクチェア 幅62.5×奥行60×高さ87~
B01JHV4D0K,office,4971660029617,4878.0,,51325,14,51,standard_1,1296,楽天,2016,41.3,原石,True,False,False,キングジム キングファイルSD[特厚] 青 3515ｱｵ 0001552
B0C7CNDYG7,office,7427071003939,8744.0,,51289,6,51,small,,,,,,False,False,False,Ellington Pens (エリントンペンズ) 高級ボールペン – 
B0C7CQS844,office,7427071003908,9487.0,,51289,12,51,small,,,,,,False,False,False,Ellington Pens (エリントンペンズ) 高級ボールペン – 
B0C7CPX36H,office,7427071003885,8755.0,,51289,11,51,small,,,,,,False,False,False,Ellington Pens (エリントンペンズ) 高級ボールペン – 
B0C7CQ5VQH,office,7427071003878,8755.0,,51289,8,51,small,,,,,,False,False,False,Ellington Pens (エリントンペンズ) 高級ボールペン – 
B0DMF1BTHF,office,4945846180676,13750.0,,51309,2,51,small,13750,Yahoo,-2652,-19.3,はずれ,False,False,False,PLOTTER/プロッター ミニ5サイズ リスシオ レザーバインダー 1
B09BHP77RP,office,4906186642958,4168.0,,51330,3,51,standard_1,1001,楽天,1708,41.0,原石,True,True,False,エーワン ラベルシール インクジェット用 超耐水 光沢紙 A4判 95面
B0DQX72PKY,office,,37200.0,,51337,2,51,large_1,,,,,,False,False,False,マックス ER-110SUW タイムレコーダー ER90719 タイムカ
B09SWXFPM4,office,,4850.0,,51341,2,51,standard_1,,,,,,False,False,False,金鼎牌 選毫圓健 3本セット 蘇州湖筆廠 唐筆 小筆 選毫円健
B09SWXDPSS,office,,7250.0,,51386,2,51,standard_1,,,,,,False,False,False,金鼎牌 選毫圓健 5本セット 蘇州湖筆廠 唐筆 小筆 選毫円健
B00COYPTQU,office,4901680221579,4790.0,,51403,7,51,small,4126,Yahoo,-644,-13.5,はずれ,False,False,False,セーラー万年筆 油性ボールペン ファシーネ ホワイト 16-0525-2
B0C6LRV8HG,office,,42000.0,,51405,2,51,large_2,,,,,,False,False,False,キングジム ラベルライター 「テプラ」PRO SR-R980 ＆ システ
B076Q6N6FK,office,4974052503245,4383.0,,68242,2,43,small,,,,,,False,False,False,シャチハタ 印鑑 ハンコ キャップレス メールオーダー式 OSR-XCL
B000FHTEV4,office,4955888240832,4990.0,,51497,8,51,small,4980,Yahoo,-1328,-26.6,はずれ,False,False,False,桜井 スターパックトレス製図用トレペ75 A3Y 100枚 A370
B0FYDS79M2,office,8961305377674,3299.0,,68594,2,43,standard_2,,,,,,False,False,False,Pazeku ロック可能なボックス 大型収納ボックス ファイル収納 収納
B0FYDNSQ55,office,8961305377643,3299.0,,68594,4,43,standard_2,,,,,,False,False,False,Pazeku ロック可能なボックス 大型収納ボックス ファイル収納 収納
B0FYDL3PB9,office,8961305377704,3299.0,,68594,4,43,standard_2,,,,,,False,False,False,Pazeku ロック可能なボックス 大型収納ボックス ファイル収納 収納
B0FN3W9ZQN,office,4901770853345,3480.0,,51534,2,51,small,2480,楽天,-112,-3.2,はずれ,False,False,False,サンスター文具(Sun-Star Stationery) サンリオキャラ
B0B5DHSF44,office,4550139608722,21450.0,,51539,4,51,large_2,20190,Yahoo,-3294,-15.4,はずれ,False,False,False,Lapifeli（ラピフェリ） オフィスチェア ロッティ ビスケットベー
B0CW1F3NSP,office,,4510.0,,68639,2,43,standard_1,,,,,,False,False,False,opp袋 a5 テープ付き T16-22.5/a5サイズ 160×225
B0G882XCYD,office,4945846183967,3300.0,,68523,2,43,standard_1,3300,Yahoo,-1329,-40.3,はずれ,False,False,False,PLOTTER/プロッター A5 リフィルストレージ リング径20mm 
B09J8BHHVJ,office,4969887194607,3824.0,,51614,9,51,standard_2,3438,Yahoo,-1152,-30.1,はずれ,False,False,False,サンワサプライ(Sanwa Supply) エルゴノミクスフットレスト(
B0G4QLVKT2,office,4902505693342,6930.0,,51616,8,51,small,7315,Yahoo,-2014,-29.1,はずれ,False,False,False,PILOT ボールペン 油性 タイムライン ネイチャーコレクション 0.
B077DGNXX5,office,4945846164553,24200.0,,51631,2,51,standard_1,24200,Yahoo,-4464,-18.4,はずれ,False,False,False,ＰＬＴ　プエブロ　６穴リングレザー　Ａ５　ＢＫ
B09TL8WP9H,office,4251734920546,8250.0,,51652,3,51,small,7500,Yahoo,-1078,-13.1,はずれ,False,False,False,カヴェコ　万年筆　カヴェココレクション リリプット　グリーン
B077D64KRS,office,4902505549014,5900.0,,51655,8,51,small,5775,楽天,-1350,-22.9,はずれ,False,False,False,PILOT 万年筆 マンネンヒツ カヴァリエ GDW F ゴールド&ホワ
B017VPZ0OC,office,4901755351095,3397.0,,69083,6,43,standard_2,1985,Yahoo,-62,-1.8,はずれ,False,False,False,ヘイコー 手提 紙袋 平手紐 H25CB S2 梅小紋 アカ 22x13
B078BDPS9P,office,4014519689126,8450.0,,51685,3,51,small,7180,楽天,-588,-7.0,はずれ,False,False,False,LAMY ラミー 万年筆 F 細字 アイオン ブラック L77BK-F 
B078BXS3YV,office,4014519689157,7800.0,,51685,2,51,small,8800,楽天,-2760,-35.4,はずれ,False,False,False,LAMY ラミー 万年筆 EF 極細字 アイオン オリーブシルバー L7
B078BDT92V,office,4014519689119,8450.0,,51685,5,51,small,9200,Yahoo,-2608,-30.9,はずれ,False,False,False,LAMY ラミー 万年筆 EF 極細字 アイオン ブラック L77BK-
B09G6938GM,office,,4480.0,,51697,2,51,standard_1,,,,,,False,False,False,看板 立て看板 スタンド看板 A型看板 A型ブラックボード 黒板 両面 
B00CPHMSW4,office,4902505459023,3290.0,,51698,4,51,small,3577,Yahoo,-1370,-41.7,はずれ,False,False,False,Pilot パイロット フリクションボール ノックビズ シルバー LFB
B077D6JSYK,office,4902505549007,7040.0,,51699,7,51,small,6160,Yahoo,-766,-10.9,はずれ,False,False,False,PILOT 万年筆 マンネンヒツ カヴァリエ BR F ブラック&レッド
B0012ORJH0,office,4901480403823,3000.0,,68469,15,43,standard_1,3281,Yahoo,-1565,-52.2,はずれ,False,False,False,コクヨ 製本テープ ペーパークロス 35mm×50m 黒 T-K435N
B000GTOUG0,office,0074748320096,4480.0,,51752,9,51,small,5643,楽天,-2425,-54.1,はずれ,False,False,False,Kidde AccessPoint 001859 Stor-A-Keyロ
B0FQVC2HBK,office,,3451.0,,51871,3,51,small,,,,,,False,False,False,PATIKIL 20桁ローラースタンプ、パーソナライズ可能 3.5mm 
B0CNGYQ61P,office,4580046599103,3520.0,,68648,4,43,small,3890,楽天,-1488,-42.3,はずれ,False,False,False,hosi7ラブエンジェルオラクル ｜ hosi7 / ほしなな ｜ カー
B00HD8PSK4,office,4560328872346,3180.0,,51812,2,51,standard_1,3654,Yahoo,-1785,-56.1,はずれ,False,False,False,弘梅堂 漢字用半紙 白連半紙 （甲級）GW201 200枚
B0773KMTM8,office,0603307868832,5400.0,,51820,6,51,standard_1,,,,,,False,False,False,APHRODITE JT-21 デジタル ワックスペン 2筆ペン ワック
B0FQV9LDQH,office,,3041.0,,51820,3,51,small,,,,,,False,False,False,PATIKIL 17桁ローラースタンプ、パーソナライズド3.5mm 26
B0FQVBZG2R,office,,3255.0,,51820,3,51,small,,,,,,False,False,False,PATIKIL 13桁ローラースタンプ、パーソナライズ可能 5mm 26
B0F6W9LWBP,office,4580625037552,16500.0,,51847,8,51,small,16500,Yahoo,-3065,-18.6,はずれ,False,False,False,ベンディペンケース エッセンシャル MAYA/マヤ【ブラック】本革 筆箱
4907064721,office,9784907064723,3680.0,,51848,4,51,standard_1,1270,Yahoo,1024,27.8,原石,True,True,False,京都アニメーション ヴァイオレット・エヴァーガーデン KAエスマ文庫CM
B008N5JD8Y,office,4971660010790,3911.0,,51853,11,51,standard_2,311,Yahoo,2049,52.4,原石,True,False,False,キングジム 取扱説明書Ｆ用ポケット（３０穴） ２６３０Ｐ 【10セット】
B0815SSTV6,office,,5000.0,,51859,3,51,standard_1,,,,,,False,False,False,フラッグキーパー(兼用型)1本、旗のサイズ及び上段、下段を問わず設置でき
B0FH1BY58S,office,4582725313055,4600.0,,51874,2,51,standard_1,4500,楽天,-1424,-31.0,はずれ,False,False,False,忘れ物探偵と1万人の中に消えていった歌声
B09VGQJV1W,office,0768599670454,25999.0,,68552,2,43,large_2,25800,Yahoo,-5038,-19.4,はずれ,False,False,False,Radlove 昇降式デスク ゲーミングデスク 机 電動昇降式スタンディ
B0FMK9M55R,office,0758577455920,3950.0,,69062,2,43,standard_1,,,,,,False,False,False,デスクチェア メッシュ キャスター付き 椅子 オフィスチェア 勉強椅子 
B0FMKB1BT2,office,0758577455944,3950.0,,69062,2,43,standard_1,,,,,,False,False,False,デスクチェア メッシュ キャスター付き 椅子 オフィスチェア 勉強椅子 
B09MWJKBT2,office,4548477748095,19250.0,,51932,1,50,small,,,,,,False,False,False,[IL BISONTE (イルビゾンテ)] ペンケース 筆箱 レザー 本
B0DSK5WRFC,office,4988342259156,3286.0,,68733,3,43,standard_1,2750,楽天,-791,-24.1,はずれ,False,False,False,attache アタシェ 再生ガラス ペーパーウェイト (オリーブ(日本
B09RSFTDK1,office,4988342249898,3350.0,,68733,2,43,standard_1,2750,楽天,-736,-22.0,はずれ,False,False,False,attache アタシェ 再生ガラス ペーパーウェイト ブルー(ラムネ瓶
B000GL97MU,office,0070735928856,7869.0,,51990,7,50,standard_1,,,,,,False,False,False,SANFORD Prismacolor 36色鉛筆セット 金属製ブリキ箱
B0DD7CSLKY,office,,4436.0,,68906,2,43,standard_2,,,,,,False,False,False,YFS a4レターケース デスクトレー スライド書類トレイ ファイルトレ
B0DD7DG8NM,office,,3965.0,,68906,2,43,standard_2,,,,,,False,False,False,YFS a4レターケース デスクトレー スライド書類トレイ ファイルトレ
B08N4H8N99,office,,3099.0,,68906,2,43,standard_1,,,,,,False,False,False,YFS レターケース デスクトレー A4ケース ホワイト ヨコ置き 書類
B0CX1FN1SS,office,4589803017546,91809.0,,52038,3,50,standard_1,102853,Yahoo,-25649,-27.9,はずれ,False,False,False,ユニテック・ジャパン EA660 6インチサイズ堅牢なモバイルターミナル
B084RTTJ6D,office,4902562480886,3499.0,,52053,7,50,small,2500,Yahoo,-116,-3.3,はずれ,False,False,False,レイメイ藤井 双眼鏡 フリーフォーカス 6.5倍 6.5×18 ホワイト
B00VXMXN30,baby,0795569871856,5710.0,,50058,8,52,standard_1,,,,,,False,False,False,Safety 1st Deluxe Healthcare and Gro
B0C2MP17K9,baby,5358973544096,10999.0,,50072,2,52,large_1,,,,,,False,False,False,Vricale ハンディーキッズスクーター 両対面 大幅シートと背もたれ
B0C2MMR4NK,baby,5358973544089,5179.0,,50072,3,52,large_1,,,,,,False,False,False,Vricale ハンディーキッズスクーター 両対面 大幅シートと背もたれ
B08N6JZZF1,baby,4931827722867,10100.0,,52542,3,50,standard_1,,,,,,False,False,False,Babyshower 届いて洗わずすぐ使える 日本製 ベビー羽毛布団６点
B0FH6P1C23,baby,,8908.0,,50128,3,51,standard_1,,,,,,False,False,False,Lasoftan 幼児用お昼寝マット 枕とブランケット付き 特大ロールナ
B0FH6LX8GS,baby,,9169.0,,50128,2,51,standard_1,,,,,,False,False,False,Lasoftan 幼児用お昼寝マット 枕とブランケット付き 特大ロールナ
B0DFGX2YYT,baby,,8704.0,,50128,2,51,standard_1,,,,,,False,False,False,Lasoftan 幼児用昼寝マット、就学前旅行キャンプ、グレーエレファン
B0DFGVP8VP,baby,,9113.0,,50128,4,51,standard_1,,,,,,False,False,False,Lasoftan 幼児用昼寝マット、就学前旅行キャンプ、パープルユニコー
B0DFGX49S7,baby,,9104.0,,50128,7,51,standard_1,,,,,,False,False,False,Lasoftan 幼児用仮眠マット、就学前旅行キャンプ、ピンクストロベリ
B0D5CBWQ3H,baby,,8292.0,,50128,3,51,standard_1,,,,,,False,False,False,幼児用お昼寝マット 枕と毛布付き 特大ロールナップマット 男の子/女の子
B0FH6NDF1Z,baby,,8327.0,,50128,2,51,standard_1,,,,,,False,False,False,Lasoftan 幼児用お昼寝マット 枕とブランケット付き 特大ロールナ
B08JY9YNRV,baby,,3170.0,,50100,7,52,small,,,,,,False,False,False,"ALinmo Baby Hair Clips 2"" Baby Girls"
B07796RBL9,baby,0080213061302,24535.0,,50162,2,51,large_2,24980,楽天,-5462,-22.3,はずれ,False,False,False,Delta Children 3D-Footboard Toddler 
B00J5TDVEE,baby,0736494009198,21967.0,,50057,5,52,standard_1,,,,,,False,False,False,ICMCP 2474214 MagnaLatch Top Pull プー
B0CDLFZ6MB,baby,,5892.0,,50287,2,51,small,,,,,,False,False,False,ベビーバシネットシーツ 4枚パック UPPAbabyとChicco Lu
B0CDLJYSPW,baby,,6206.0,,50287,2,51,standard_1,,,,,,False,False,False,ベビーバシネットシーツ 4枚パック Halo Bassinest スイベ
B0CLV1QQ5Y,baby,,6238.0,,50287,2,51,standard_1,,,,,,False,False,False,ベビーバシネットシーツ 4枚パック ANGELBLISS、wayfong
B0CB7B149R,baby,,6180.0,,50287,2,51,standard_1,,,,,,False,False,False,ベビーバシネットシーツ4枚パック、BCOL、COWIEWIE、YADAQ
B0D173BKFY,baby,,6201.0,,50287,2,51,standard_1,,,,,,False,False,False,ベビーバシネットシーツ 4枚パック Graco Pack and Pla
B0CDLHYH51,baby,,6515.0,,50287,2,51,standard_1,,,,,,False,False,False,ベビーバシネットシーツ 4枚パック 4moms MamaRoo Slee
B0CDLJ2XZ6,baby,,5570.0,,50287,2,51,small,,,,,,False,False,False,ベビーバシネットシーツ 4枚パック SNOO Smart Sleeper
B0CDLGVQY2,baby,,6362.0,,50287,2,51,standard_1,,,,,,False,False,False,ベビーバシネットシーツ 4枚パック Maxi COSI Iora、Koo
B0CDLGKZ5H,baby,,6120.0,,50287,2,51,standard_1,,,,,,False,False,False,ベビーバシネットシーツ 4枚パック AMKEベビーバシネット(76.2 
B0CDLFJQ4T,baby,,6728.0,,50287,2,51,standard_1,,,,,,False,False,False,ベビーバシネットシーツ 4枚パック BCOL、COWIEWIE、YADA
B0CB7BXLH5,baby,,6753.0,,50287,2,51,standard_1,,,,,,False,False,False,ベビーバシネットシーツ 4枚パック BCOL、COWIEWIE、YADA
B0CDLFV33Z,baby,,5680.0,,50287,2,51,standard_1,,,,,,False,False,False,ベビーバシネットシーツ 4枚パック Fisher-Price ベビーベッ
B0CDLFDMJ9,baby,,6118.0,,50287,2,51,standard_1,,,,,,False,False,False,ベビーバシネットシーツ 4枚パック SNOO スマートスリーパーバシネッ
B0CDLJZM4D,baby,,6299.0,,50287,2,51,standard_1,,,,,,False,False,False,ベビーバシネットシーツ 4枚パック Airclub、BIERUM、AMK
B0CDLL29PV,baby,,5845.0,,50287,2,51,small,,,,,,False,False,False,ベビーバシネットシーツ 4枚パック UPPAbabyとChicco Lu
B0CB7BW51M,baby,,6297.0,,50287,2,51,standard_1,,,,,,False,False,False,ベビーバシネットシーツ 4枚パック Gap babyGap Whispe
B0CDLJTQ56,baby,,6632.0,,50287,2,51,standard_1,,,,,,False,False,False,ベビーバシネットシーツ 4枚パック Maxi COSI Iora、Koo
B0CLV196LH,baby,,5964.0,,50287,2,51,standard_1,,,,,,False,False,False,ベビーバシネットシーツ 4枚パック Larex、Dream On Me 
B0CLV3813M,baby,,6330.0,,50287,2,51,standard_1,,,,,,False,False,False,ベビーバシネットシーツ 4枚パック UPPAbabyとChicco Lu
B0CDLG6GBZ,baby,,6396.0,,50287,2,51,standard_1,,,,,,False,False,False,ベビーバシネットシーツ 4枚パック Airclub、BIERUM、AMK
B0CDLKQHHF,baby,,5964.0,,50287,2,51,standard_1,,,,,,False,False,False,ベビーバシネットシーツ 4枚パック 4moms MamaRoo Slee
B0CDLJXS5T,baby,,6302.0,,50287,2,51,standard_1,,,,,,False,False,False,ベビーバシネットシーツ 4枚パック Gap babyGap Whispe
B0CLV4494Z,baby,,6386.0,,50287,2,51,standard_1,,,,,,False,False,False,ベビーバシネットシーツ 4枚パック 83.88cm x 20 Dream
B0CDLK28XD,baby,,6397.0,,50287,2,51,small,,,,,,False,False,False,ベビーバシネットシーツ 4枚パック Halo Bassinest スイベ
B0CB7BF8H1,baby,,6753.0,,50287,2,51,standard_1,,,,,,False,False,False,ベビーバシネットシーツ 4枚パック Maxi COSI Iora、Koo
B0BY2CFKML,baby,,6470.0,,50287,2,51,standard_1,,,,,,False,False,False,ベビーバシネットシーツ 4枚パック 83.8 cm x 50.8 cm 
B0DBVDRTS6,baby,,6844.0,,50287,2,51,standard_1,,,,,,False,False,False,ミニベビーベッドシーツ 4枚パック ベビー男の子&ガールズ用 ニュートラ
B0BY2D99MS,baby,,6427.0,,50287,2,51,standard_1,,,,,,False,False,False,ベビーバシネットシーツ 4枚パック 83.8 cm x 50.8 cm 
B0CDLKQNPW,baby,,5701.0,,50287,2,51,small,,,,,,False,False,False,ベビーバシネットシーツ 4枚パック SNOO Smart、Graco D
B0CB7BF75M,baby,,6485.0,,50287,2,51,standard_1,,,,,,False,False,False,ベビーバシネットシーツ 4枚パック 83.88cm x 50.8 cm 
B0CLV37J99,baby,,6315.0,,50287,2,51,standard_1,,,,,,False,False,False,ベビーバシネットシーツ 4枚パック BIERUM、AMKE 3イン1ベビ
B0CB7BT1J5,baby,,6428.0,,50287,2,51,standard_1,,,,,,False,False,False,ベビーバシネットシーツ 4枚パック 88.9 cm x 50.8 cm 
B0CB7CVY1B,baby,,4809.0,,50287,3,51,standard_1,,,,,,False,False,False,ベビーバシネットシーツ 4枚パック Maxi COSI Iora、Koo
B0CDLGWZ3R,baby,,6097.0,,50287,2,51,standard_1,,,,,,False,False,False,ベビーバシネットシーツ 4枚パック Halo Bassinest スイベ
B0CB7CLG23,baby,,5759.0,,50287,3,51,standard_1,,,,,,False,False,False,ベビーバシネットシーツ 4枚パック ANGELBLISS、wayfong
B0CDLJ79Q7,baby,,6186.0,,50287,2,51,standard_1,,,,,,False,False,False,ベビーバシネットシーツ 4枚パック Halo Bassinest スイベ
B0CPRWYJPY,baby,,7788.0,,50137,2,51,standard_1,,,,,,False,False,False,Lasoftan 幼児用お昼寝マット 枕と毛布付き 特大ロールナップマッ
B07TRGQD1F,baby,0797805196969,5683.0,,50182,3,51,standard_1,,,,,,False,False,False,Yobee 傘マウントホルダー 調節可能な傘マウントスタンド レンチ不要
B0BZ7YCVRB,baby,1387802231313,5087.0,,50242,2,51,standard_1,,,,,,False,False,False,食事 クッション お食事クッション チェアクッション 幼児 キッズ お子
B0D9GSL8NR,baby,7024719713733,6399.0,,50337,2,51,standard_2,,,,,,False,False,False,Fiegcit ベビーベッド ベッドインベッド 添い寝ベッド 乳幼児用ベ
B0D9GS9YKP,baby,7024719713719,6799.0,,50337,2,51,standard_2,,,,,,False,False,False,Fiegcit ベビーベッド ベッドインベッド 添い寝ベッド 乳幼児用ベ
B0D9GSK65H,baby,7024719713696,6799.0,,50337,2,51,standard_2,,,,,,False,False,False,Fiegcit ベビーベッド ベッドインベッド 添い寝ベッド 乳幼児用ベ
B0D9GTBFS9,baby,7024719713726,6399.0,,50337,2,51,standard_2,,,,,,False,False,False,Fiegcit ベビーベッド ベッドインベッド 添い寝ベッド 乳幼児用ベ
B0D9GRJF9N,baby,7024719713740,6399.0,,50337,2,51,standard_2,,,,,,False,False,False,Fiegcit ベビーベッド ベッドインベッド 添い寝ベッド 乳幼児用ベ
B0D9GRV24N,baby,7024719713702,6799.0,,50337,2,51,standard_2,,,,,,False,False,False,Fiegcit ベビーベッド ベッドインベッド 添い寝ベッド 乳幼児用ベ
B0CB79PK9X,baby,,4952.0,,50296,3,51,standard_1,,,,,,False,False,False,ベビーバシネットシーツ 4枚パック Maxi COSI Iora、Koo
B0D44V8Y3C,baby,8584647974402,8949.0,,50364,2,51,standard_1,,,,,,False,False,False,ベッド ベット ポータブルベビーベッド 新生児 寝返り防止 簡易ベッド 
B0D44SQ7JG,baby,8584647974426,8949.0,,50364,2,51,standard_1,,,,,,False,False,False,ベッド ベット ポータブルベビーベッド 新生児 寝返り防止 簡易ベッド 
B0D44HRZ6M,baby,8584647974297,8949.0,,50364,2,51,standard_1,,,,,,False,False,False,ベッド ベット ポータブルベビーベッド 新生児 寝返り防止 簡易ベッド 
B0BY2GB7QF,baby,,5265.0,,50287,3,51,standard_1,,,,,,False,False,False,ベビーバシネットシーツ 4枚パック 33×20 ミカミッキー、Baby 
B0CB7BD1R1,baby,,5932.0,,50287,2,51,standard_1,,,,,,False,False,False,ベビーバシネットシーツ 4枚パック Airclub、Besrey、Bel
B08N6KWS7T,baby,,5598.0,,50409,2,51,standard_1,,,,,,False,False,False,4-Pack Inkless Hand and Footprint Ki
B00H2AWPRC,baby,0603895768231,5640.0,,50380,2,51,small,,,,,,False,False,False,Dr.Thumb(ドクター サム) 親指 おしゃぶり ガード Lサイズ 
B0D8BBNQVT,baby,,6743.0,,50465,3,51,standard_1,,,,,,False,False,False,特大ポップアップモスキートテント、ポータブル折りたたみ式蚊帳、ベッド、キ
B09SP5ZHFG,baby,4560245820383,3406.0,,50524,5,51,standard_1,558,Yahoo,1503,44.1,原石,True,True,False,ベビー用 ３層式のやわらかエプロン アニマル 使い切りタイプ 20枚入×
B081YWGVP2,baby,4549473506030,9900.0,,50603,3,51,standard_1,9900,Yahoo,-2319,-23.4,はずれ,False,False,False,[ミキハウス] ガーゼスリーパー 46-8325-824 男の子 女の子
B06WLH55QD,baby,4997660163014,3240.0,,50706,2,51,standard_1,2640,Yahoo,-720,-22.2,はずれ,False,False,False,BETTA ベッタ 哺乳瓶用 保温ポーチ Tartan（グリーン） コッ
B0D6YNNM3M,baby,8009155108076,5135.0,,50625,2,51,standard_1,,,,,,False,False,False,ベビーチェア ハイローチェア 子供用 レイト3段階調節可能 6ヶ月から6
B0D6YN6JSJ,baby,8009155108106,5135.0,,50625,2,51,standard_1,,,,,,False,False,False,ベビーチェア ハイローチェア 子供用 レイト3段階調節可能 6ヶ月から6
B0DQC317KY,baby,9076410767049,5999.0,,50626,2,51,large_1,,,,,,False,False,False,Diexgiy子供用トイレ ベビートイレトレーニング補助便座 車型 【ソ
B0DQC13GWM,baby,9076410767032,5999.0,,50626,2,51,large_1,,,,,,False,False,False,Diexgiy子供用トイレ ベビートイレトレーニング補助便座 車型 【ソ
B0DQBZRR16,baby,9076410767018,5999.0,,50626,2,51,large_1,,,,,,False,False,False,Diexgiy子供用トイレ ベビートイレトレーニング補助便座 車型 【ソ
B0DQC76Q7T,baby,9076410767025,5999.0,,50626,2,51,large_1,,,,,,False,False,False,Diexgiy子供用トイレ ベビートイレトレーニング補助便座 車型 【ソ
B0DQCB6VK7,baby,9076410767001,5999.0,,50626,2,51,large_1,,,,,,False,False,False,Diexgiy子供用トイレ ベビートイレトレーニング補助便座 車型 【ソ
B0CQJR5J9G,baby,4595987213193,11000.0,,50718,2,51,standard_1,11000,Yahoo,-2484,-22.6,はずれ,False,False,False,Reale（レアーレ）ベビー食器 プティパティシエ（３点＋カトラリーセッ
B09256DSVP,baby,0013618221033,5287.0,,50695,2,51,standard_1,,,,,,False,False,False,Gerber Boys Newborn Infant Baby Todd
B0836KRZS5,baby,4515161096633,11264.0,,50683,5,51,large_1,9581,楽天,-1140,-10.1,はずれ,False,False,False,omoio オモイオ【TS-SH】おむつ替えシート オムツっ子シートペー
B0CXP5G826,baby,,9874.0,,50907,2,51,large_1,,,,,,False,False,False,B BENRON 4x6 プレイルームラグ 子供用 洗濯可能 教育的で楽
B0D8VVYKJF,baby,,25948.0,,50907,3,51,large_2,,,,,,False,False,False,B BENRON キッズラグ プレイルーム ベッドルーム 教室 保育園用
B0DQNGTLXF,baby,,46264.0,,50907,5,51,large_2,,,,,,False,False,False,B BENRON 9x12 洗えるエリアラグ、教育的で楽しいキッズラグ 
B01M69VQQG,baby,4902425958705,3980.0,,50866,2,51,standard_1,,,,,,False,False,False,モビバン（mobiban） モビベル スリム コア ベルト ピンク MB
B0BR5T2D5V,baby,,5930.0,,51195,2,51,small,,,,,,False,False,False,祖父母のための点滅星妊娠のお知らせ、赤ちゃんのお知らせのアイデア - 赤
B0CZ8PXQWV,baby,,3511.0,,51112,3,51,standard_1,,,,,,False,False,False,Yurhap チェック柄ベビーブランケット チェッカーボード グリッド 
B01N7TD5OO,baby,3660950065497,10100.0,,50928,4,51,standard_1,,,,,,False,False,False,[Red Castle] 2.5 TOG av2022-レッドキャッスル
B0FQH7PTB9,baby,,33000.0,,51287,2,51,standard_1,,,,,,False,False,False,N/ORN ノルン（キャメル）＆おもてな紙セット ショルダーバッグ 抱っ
B00A4PVNYS,baby,4960983963012,6180.0,,45869,7,54,large_1,2980,楽天,1140,18.4,原石,True,True,False,ハイロジック 指をはさまない!赤ちゃんの安全を考えてるベビー用品 ベビー
B07BL91T7V,baby,0669028112340,3530.0,,50988,2,51,small,,,,,,False,False,False,"Boon Nursh Nipples Three Piece Pack,"
B0G4FMWHYM,baby,6219985763587,3747.0,,51190,2,51,standard_2,,,,,,False,False,False,EZweekend ベビーバス ベビーバスダブ 折りたたみ式 子供用風呂
B0G4FN8GDC,baby,6219985763617,4159.0,,51190,2,51,standard_2,,,,,,False,False,False,EZweekend ベビーバス ベビーバスダブ 折りたたみ式 子供用風呂
B0G4FQQPZW,baby,6219985763570,3747.0,,51190,2,51,standard_2,,,,,,False,False,False,EZweekend ベビーバス ベビーバスダブ 折りたたみ式 子供用風呂
B0G4FN99Y4,baby,6219985763600,4159.0,,51190,2,51,standard_2,,,,,,False,False,False,EZweekend ベビーバス ベビーバスダブ 折りたたみ式 子供用風呂
B0G4FN7X3B,baby,6219985763631,4365.0,,51190,2,51,standard_2,,,,,,False,False,False,EZweekend ベビーバス ベビーバスダブ 折りたたみ式 子供用風呂
B0G4FNGPPP,baby,6219985763624,4159.0,,51190,2,51,standard_2,,,,,,False,False,False,EZweekend ベビーバス ベビーバスダブ 折りたたみ式 子供用風呂
B0G4FN14H4,baby,6219985763662,4982.0,,51190,2,51,standard_2,,,,,,False,False,False,EZweekend ベビーバス ベビーバスダブ 折りたたみ式 子供用風呂
B0G4FJZ9QB,baby,6219985763594,3747.0,,51190,2,51,standard_2,,,,,,False,False,False,EZweekend ベビーバス ベビーバスダブ 折りたたみ式 子供用風呂
B0G4FM9K4B,baby,6219985763648,4365.0,,51190,2,51,standard_2,,,,,,False,False,False,EZweekend ベビーバス ベビーバスダブ 折りたたみ式 子供用風呂
B0G4FK8M55,baby,6219985763679,4982.0,,51190,2,51,standard_2,,,,,,False,False,False,EZweekend ベビーバス ベビーバスダブ 折りたたみ式 子供用風呂
B0G4FMJQVQ,baby,6219985763655,4365.0,,51190,2,51,standard_2,,,,,,False,False,False,EZweekend ベビーバス ベビーバスダブ 折りたたみ式 子供用風呂
B0DGCDZY1Z,baby,,5560.0,,51811,2,51,small,,,,,,False,False,False,シリコンドアフィンガーピンチガード ドアが閉まるのを防ぐ ピンチガード 
B0FSNMSJ93,baby,0632878819653,6664.0,,51832,4,51,standard_1,,,,,,False,False,False,Disney Baby 受け取り用毛布 4枚パック — 100%コットン
B0FSNBJB5D,baby,0632878819530,5628.0,,51832,5,51,standard_1,,,,,,False,False,False,Disney Baby 受け取り用毛布 4枚パック — 100%コットン
B0FSN4KV22,baby,0632878819806,5273.0,,51832,4,51,standard_1,,,,,,False,False,False,Disney Baby 受け取り用毛布 4枚パック — 100%コットン
B0FSMPZFVR,baby,0632878819691,5620.0,,51832,7,51,standard_1,,,,,,False,False,False,Disney Baby 受け取り用毛布 4枚パック — 100%コットン
B0FSMS8H98,baby,0632878819844,4929.0,,51832,8,51,standard_1,,,,,,False,False,False,Disney Baby 受け取り用毛布 4枚パック — 100%コットン
B0FSMPZ1GF,baby,0632878819615,5671.0,,51832,4,51,standard_1,,,,,,False,False,False,Disney Baby 受け取り用毛布 4枚パック — 100%コットン
B08XLMNSWN,baby,4996953068920,10820.0,,51194,5,51,standard_1,10622,楽天,-2259,-20.9,はずれ,False,False,False,フォトデコム メモリアルフォトフレーム手形足形(お仕立券) 499695
B09JYMBV5P,baby,5010415236807,3802.0,,51803,4,51,small,,,,,,False,False,False,Tommee Tippee Closer to Nature Baby 
B09JDRH51G,baby,8717447144175,21450.0,,51266,2,51,standard_2,21450,Yahoo,-4182,-19.5,はずれ,False,False,False,bugaboo バガブー チェンジングバッグ (グレーメランジ) ベビー
B000WFEMIO,baby,0098259957596,3350.0,,51315,2,51,small,,,,,,False,False,False,Angel Dear Blankie ブランケット 出産 祝い 青 ひつ
B0CCT5KP2B,baby,4523251110688,3500.0,,51287,3,51,standard_1,2987,Yahoo,-846,-24.2,はずれ,False,False,False,りぶはあと 3WAYブランケット シロクマごこち ピンク (全長約100
B09JYGJRXN,baby,0047968692069,6510.0,,51378,5,51,standard_1,,,,,,False,False,False,セサミストリート 「額入りフレンズ」ソフトトイレシートとトイレトレーニン
B08PSNGM2C,baby,9441274069880,5898.0,,51387,2,51,standard_1,,,,,,False,False,False,クマベビーソファー ペンギン お座りチェア 動物 ぬいぐるみ 可愛い お
B08PSJ4SD9,baby,9441274069903,5898.0,,51387,2,51,standard_1,,,,,,False,False,False,クマベビーソファー ペンギン お座りチェア 動物 ぬいぐるみ 可愛い お
B0CJ5G9QM1,baby,,7359.0,,51407,7,51,standard_1,,,,,,False,False,False,ベビーカメラマウントスタンド BOIFUN/Momcozy/ieGeek
B000262HMQ,baby,0052678021047,9614.0,,51331,8,51,standard_2,,,,,,False,False,False,JL.childress ベビーカー バッグ DX 収納カバー A型 ト
B0B4WHTGKK,baby,8080163260529,4794.0,,51414,3,51,standard_1,,,,,,False,False,False,知育 ジョイントマット 遊びマット ノンホルムアルデヒド ケガ防止 弾力
B0B4WMC4PW,baby,8080163260383,4300.0,,51414,6,51,standard_1,,,,,,False,False,False,知育 ジョイントマット 遊びマット ノンホルムアルデヒド ケガ防止 弾力
B0B51T5J9X,baby,8080163260338,4888.0,,51414,3,51,standard_1,,,,,,False,False,False,遊びマット プレイマット 英字/動物/果物/乗り物/数字 早期教育 防音
B0B51RW5ZG,baby,8080163261335,4300.0,,51414,6,51,standard_1,,,,,,False,False,False,遊びマット プレイマット 英字/動物/果物/乗り物/数字 早期教育 防音
B0B4WJN3F8,baby,8080163251800,4864.0,,51414,3,51,standard_1,,,,,,False,False,False,知育 ジョイントマット 遊びマット ノンホルムアルデヒド ケガ防止 弾力
B0B4WKD6LQ,baby,8080163260703,4794.0,,51414,3,51,standard_1,,,,,,False,False,False,知育 ジョイントマット 遊びマット ノンホルムアルデヒド ケガ防止 弾力
B0B4WLZ1V3,baby,8080163260765,4794.0,,51414,3,51,standard_1,,,,,,False,False,False,知育 ジョイントマット 遊びマット ノンホルムアルデヒド ケガ防止 弾力
B0B4WLZ8HG,baby,8080163251008,4864.0,,51414,3,51,standard_1,,,,,,False,False,False,知育 ジョイントマット 遊びマット ノンホルムアルデヒド ケガ防止 弾力
B0B51SLLCB,baby,8080163261137,4888.0,,51414,3,51,standard_1,,,,,,False,False,False,遊びマット プレイマット 英字/動物/果物/乗り物/数字 早期教育 防音
B0B4WM7DSQ,baby,8080163260680,7076.0,,51414,3,51,standard_1,,,,,,False,False,False,知育 ジョイントマット 遊びマット ノンホルムアルデヒド ケガ防止 弾力
B0B4WHSPQF,baby,8080163260420,5617.0,,51414,3,51,standard_1,,,,,,False,False,False,知育 ジョイントマット 遊びマット ノンホルムアルデヒド ケガ防止 弾力
B0B4WL52WZ,baby,8080163260789,5617.0,,51414,3,51,standard_1,,,,,,False,False,False,知育 ジョイントマット 遊びマット ノンホルムアルデヒド ケガ防止 弾力
B0B4WJYM2Y,baby,8080163250629,5688.0,,51414,3,51,standard_1,,,,,,False,False,False,知育 ジョイントマット 遊びマット ノンホルムアルデヒド ケガ防止 弾力
B0B4WJSRRY,baby,8080163251862,7029.0,,51414,3,51,standard_1,,,,,,False,False,False,知育 ジョイントマット 遊びマット ノンホルムアルデヒド ケガ防止 弾力
B0B4WKJHHB,baby,8080163251060,7029.0,,51414,3,51,standard_1,,,,,,False,False,False,知育 ジョイントマット 遊びマット ノンホルムアルデヒド ケガ防止 弾力
B0B4WQ22XD,baby,8080163251749,6300.0,,51414,3,51,standard_1,,,,,,False,False,False,知育 ジョイントマット 遊びマット ノンホルムアルデヒド ケガ防止 弾力
B0B4WKG2SF,baby,8080163251787,7382.0,,51414,3,51,standard_1,,,,,,False,False,False,知育 ジョイントマット 遊びマット ノンホルムアルデヒド ケガ防止 弾力
B0B4WHSQ6T,baby,8080163251565,6735.0,,51414,3,51,standard_1,,,,,,False,False,False,知育 ジョイントマット 遊びマット ノンホルムアルデヒド ケガ防止 弾力
B0B4WLTN1B,baby,8080163251664,7029.0,,51414,3,51,standard_1,,,,,,False,False,False,知育 ジョイントマット 遊びマット ノンホルムアルデヒド ケガ防止 弾力
B0B4WJ8791,baby,8080163250568,6735.0,,51414,3,51,standard_1,,,,,,False,False,False,知育 ジョイントマット 遊びマット ノンホルムアルデヒド ケガ防止 弾力
B0B4WL4HGK,baby,8080163260741,7076.0,,51414,3,51,standard_1,,,,,,False,False,False,知育 ジョイントマット 遊びマット ノンホルムアルデヒド ケガ防止 弾力
B0B4WK1MN9,baby,8080163251763,6735.0,,51414,3,51,standard_1,,,,,,False,False,False,知育 ジョイントマット 遊びマット ノンホルムアルデヒド ケガ防止 弾力
B0B4WN858S,baby,8080163251541,6300.0,,51414,3,51,standard_1,,,,,,False,False,False,知育 ジョイントマット 遊びマット ノンホルムアルデヒド ケガ防止 弾力
B0B4WLSPS4,baby,8080163251824,5688.0,,51414,3,51,standard_1,,,,,,False,False,False,知育 ジョイントマット 遊びマット ノンホルムアルデヒド ケガ防止 弾力
B0B4WKX2H8,baby,8080163250544,6300.0,,51414,3,51,standard_1,,,,,,False,False,False,知育 ジョイントマット 遊びマット ノンホルムアルデヒド ケガ防止 弾力
B0B4WLKMQ9,baby,8080163250667,7029.0,,51414,3,51,standard_1,,,,,,False,False,False,知育 ジョイントマット 遊びマット ノンホルムアルデヒド ケガ防止 弾力
B0B4WKHSPQ,baby,8080163260505,7076.0,,51414,3,51,standard_1,,,,,,False,False,False,知育 ジョイントマット 遊びマット ノンホルムアルデヒド ケガ防止 弾力
B0B4WMLZN8,baby,8080163260543,5617.0,,51414,3,51,standard_1,,,,,,False,False,False,知育 ジョイントマット 遊びマット ノンホルムアルデヒド ケガ防止 弾力
B0B4WKDNYL,baby,8080163250964,6735.0,,51414,3,51,standard_1,,,,,,False,False,False,知育 ジョイントマット 遊びマット ノンホルムアルデヒド ケガ防止 弾力
B0B4WKSDCV,baby,8080163260727,5617.0,,51414,3,51,standard_1,,,,,,False,False,False,知育 ジョイントマット 遊びマット ノンホルムアルデヒド ケガ防止 弾力
B0B4WLSRY9,baby,8080163251640,6394.0,,51414,3,51,standard_1,,,,,,False,False,False,知育 ジョイントマット 遊びマット ノンホルムアルデヒド ケガ防止 弾力
B0GYNPLK58,appliances,,6820.0,,70564,2,43,small,,,,,,False,False,False,【Amazon.co.jp限定】CASETiFY コンパクト iPhon
B0GYP63FFW,appliances,,6820.0,,70564,2,43,small,,,,,,False,False,False,【Amazon.co.jp限定】CASETiFY コンパクト iPhon
B0GYNTYM31,appliances,,6820.0,,70564,2,43,small,,,,,,False,False,False,【Amazon.co.jp限定】CASETiFY コンパクト iPhon
B0GYNV8N3Z,appliances,,6820.0,,70564,2,43,small,,,,,,False,False,False,【Amazon.co.jp限定】CASETiFY コンパクト iPhon
B0GYP4VFQM,appliances,,6820.0,,70564,2,43,small,,,,,,False,False,False,【Amazon.co.jp限定】CASETiFY コンパクト iPhon
B0GYNZH156,appliances,,6820.0,,70564,2,43,small,,,,,,False,False,False,【Amazon.co.jp限定】CASETiFY コンパクト iPhon
B0GYP2FZCY,appliances,,6820.0,,70564,2,43,small,,,,,,False,False,False,【Amazon.co.jp限定】CASETiFY コンパクト iPhon
B0GYNZ5SDW,appliances,,6820.0,,70564,2,43,small,,,,,,False,False,False,【Amazon.co.jp限定】CASETiFY コンパクト iPhon
B0GYNSGY7Y,appliances,,6820.0,,70564,2,43,small,,,,,,False,False,False,【Amazon.co.jp限定】CASETiFY コンパクト iPhon
B0GYNPKM8B,appliances,,6820.0,,70564,2,43,small,,,,,,False,False,False,【Amazon.co.jp限定】CASETiFY コンパクト iPhon
B0GYNRQ5DW,appliances,,6820.0,,70564,2,43,small,,,,,,False,False,False,【Amazon.co.jp限定】CASETiFY コンパクト iPhon
B0GYNV25SV,appliances,,6820.0,,70564,2,43,small,,,,,,False,False,False,【Amazon.co.jp限定】CASETiFY コンパクト iPhon
B0GYNZX364,appliances,,6820.0,,70564,2,43,small,,,,,,False,False,False,【Amazon.co.jp限定】CASETiFY コンパクト iPhon
B0GYNV82BM,appliances,,6820.0,,70564,2,43,small,,,,,,False,False,False,【Amazon.co.jp限定】CASETiFY コンパクト iPhon
B0GYP4R2TL,appliances,,6820.0,,70564,2,43,small,,,,,,False,False,False,【Amazon.co.jp限定】CASETiFY コンパクト iPhon
B0GYNWQW2C,appliances,,6820.0,,70564,2,43,small,,,,,,False,False,False,【Amazon.co.jp限定】CASETiFY コンパクト iPhon
B0GYNW23SS,appliances,,6820.0,,70564,2,43,small,,,,,,False,False,False,【Amazon.co.jp限定】CASETiFY コンパクト iPhon
B0GYNWFR2S,appliances,,6820.0,,70564,2,43,small,,,,,,False,False,False,【Amazon.co.jp限定】CASETiFY コンパクト iPhon
B0GYP3HKYP,appliances,,6820.0,,70564,2,43,small,,,,,,False,False,False,【Amazon.co.jp限定】CASETiFY コンパクト iPhon
B0GYNRR8QB,appliances,,6820.0,,70564,2,43,small,,,,,,False,False,False,【Amazon.co.jp限定】CASETiFY コンパクト iPhon
B0GYP13851,appliances,,6820.0,,70564,2,43,small,,,,,,False,False,False,【Amazon.co.jp限定】CASETiFY コンパクト iPhon
B0GYNXHQY6,appliances,,6820.0,,70564,2,43,small,,,,,,False,False,False,【Amazon.co.jp限定】CASETiFY コンパクト iPhon
B0GYNY98RW,appliances,,6820.0,,70564,2,43,small,,,,,,False,False,False,【Amazon.co.jp限定】CASETiFY コンパクト iPhon
B0GYNW7GY8,appliances,,6820.0,,70564,2,43,small,,,,,,False,False,False,【Amazon.co.jp限定】CASETiFY コンパクト iPhon
B0GYNTHS9Z,appliances,,6820.0,,70564,2,43,small,,,,,,False,False,False,【Amazon.co.jp限定】CASETiFY コンパクト iPhon
B0GYP72LY5,appliances,,6820.0,,70564,2,43,small,,,,,,False,False,False,【Amazon.co.jp限定】CASETiFY コンパクト iPhon
B0GYP2Q9CB,appliances,,6820.0,,70564,2,43,small,,,,,,False,False,False,【Amazon.co.jp限定】CASETiFY コンパクト iPhon
B0GYNWBS47,appliances,,6820.0,,70564,2,43,small,,,,,,False,False,False,【Amazon.co.jp限定】CASETiFY コンパクト iPhon
B0GYNVXXH6,appliances,,6820.0,,70564,4,43,small,,,,,,False,False,False,【Amazon.co.jp限定】CASETiFY コンパクト iPhon
B0GYNTGGN5,appliances,,6820.0,,70564,2,43,small,,,,,,False,False,False,【Amazon.co.jp限定】CASETiFY コンパクト iPhon
B0GYNSHLMG,appliances,,6820.0,,70564,2,43,small,,,,,,False,False,False,【Amazon.co.jp限定】CASETiFY コンパクト iPhon
B0GYNTYZXG,appliances,,6820.0,,70564,2,43,small,,,,,,False,False,False,【Amazon.co.jp限定】CASETiFY コンパクト iPhon
B0F2936H2K,appliances,8721158889973,6171.0,,50022,2,52,large_2,6171,Yahoo,-1831,-29.7,はずれ,False,False,False,vidaXL スピーカースタンド 2 pcs ブラックオーク 30 x 
B00CCZ40DO,appliances,4957638092111,8677.0,,50089,10,52,small,4120,Yahoo,3273,37.7,原石,True,True,False,MARUMI PLフィルター EXUS サーキュラーPL 67mm コン
B07ZQL5CZT,appliances,4960371006659,37623.0,,50098,6,52,standard_1,26000,Yahoo,7779,20.7,原石,True,True,False,24mm F/2.8 Di III OSD M1:2 F051SF ソニ
B0DSFZTQLK,appliances,0850054268921,14800.0,,50387,2,51,standard_1,14800,Yahoo,-2018,-13.6,はずれ,False,False,False,myFirst Camera Insta 20 - インスタントプリント
B0DSG22M51,appliances,0850054268969,14800.0,,50055,3,52,standard_1,14800,Yahoo,-2018,-13.6,はずれ,False,False,False,myFirst Camera Insta 20 - インスタントプリント
B07SJJZ6LF,appliances,4580370443851,27551.0,,50060,3,52,small,27803,楽天,-3046,-11.1,はずれ,False,False,False,フルテック 《ハイエンドグレード》3P電源プラグ【銀メッキメッキ】（15
B0CGF4F7KC,appliances,,6820.0,,50070,3,52,small,,,,,,False,False,False,CASETiFY コンパクト iPhone 15 Pro ケース [薄型
B0GYNPL9XZ,appliances,,6820.0,,50070,2,52,small,,,,,,False,False,False,【Amazon.co.jp限定】CASETiFY コンパクト iPhon
B0CGF54VMN,appliances,,6820.0,,50070,2,52,small,,,,,,False,False,False,CASETiFY コンパクト iPhone 15 Pro ケース [薄型
B0GYP1THXN,appliances,,6820.0,,50070,2,52,small,,,,,,False,False,False,【Amazon.co.jp限定】CASETiFY コンパクト iPhon
B0FTLX2W3Y,appliances,4589631465106,5500.0,,50076,7,52,small,5500,Yahoo,-1030,-18.7,はずれ,False,False,False,TOP WING DC Au Cable 2.1 アップグレードDCケー
B01N0PW22R,appliances,6936069202090,4812.0,,70330,3,43,small,4860,Yahoo,-1023,-21.3,はずれ,False,False,False,K&F Concept レンズマウントアダプター KF-CYF (ヤシカ
B01MXXA7QS,appliances,6936069202113,3420.0,,70330,3,43,small,3420,Yahoo,-864,-25.3,はずれ,False,False,False,K&F Concept レンズマウントアダプター KF-42F (M42
B01NBJ6CDY,appliances,6936069202106,3280.0,,50080,3,52,small,3240,Yahoo,-812,-24.8,はずれ,False,False,False,K&F Concept レンズマウントアダプター KF-TRF (タムロ
B01MRWIKBL,appliances,6936069202120,4910.0,,70330,2,43,small,3980,楽天,-53,-1.1,はずれ,False,False,False,K&F Concept レンズマウントアダプター KF-PKF (ペンタ
B0DCC6GLCZ,appliances,0810155460716,8732.0,,39713,2,59,standard_1,,,,,,False,False,False,Nakamichi FanLock Excel シリーズ 24k金メッキ
B0FJ5PSK7Q,appliances,,3128.0,,39854,2,58,small,,,,,,False,False,False,Beats Studio 3 ヘッドバンド交換部品修理キット Studi
B0FJ5KFVM4,appliances,,3099.0,,39854,2,58,small,,,,,,False,False,False,Beats Studio 3 ヘッドバンド交換部品修理キット Studi
B0GPNZ9248,appliances,,5489.0,,50091,2,50,small,,,,,,False,False,False,スマートウォッチ 2026年進化モデル【マグネット式金属バンド・超薄型・
B0FTLWK3FN,appliances,4589631465397,5500.0,,50094,7,52,small,5500,Yahoo,-1030,-18.7,はずれ,False,False,False,TOP WING DC Au Cable EIAJ4 DC変換ケーブル（
B0C5X21F3K,appliances,,3890.0,,50095,2,52,small,,,,,,False,False,False,Cubilux AS-R1 4ウェイRCAスプリッタ、パッシブRCA分配
B09MRRL7WB,appliances,4573221480242,6890.0,,50182,2,51,standard_1,10370,楽天,-4865,-70.6,はずれ,False,False,False,画像安定装置搭載HDMIコンバーター ORN50【HDMIからコンポジッ
B0CHNB1RW9,appliances,0840173724347,4032.0,,50114,4,52,small,,,,,,False,False,False,PopSockets Japan - ポップソケッツ ジャパン PopG
B00F0UFUHI,appliances,0027242867055,22373.0,,50120,2,52,standard_1,29768,楽天,-10019,-44.8,はずれ,False,False,False,SONY 密閉型ヘッドホン ハイレゾ音源対応 リモコン・マイク付 ブラッ
B09HZJFS8M,appliances,4580029520506,3510.0,,70370,2,43,small,2500,楽天,139,4.0,あやしい,False,False,False,QCY-T13-BK(ブラック) Bluetooth 5.1 完全ワイヤ
B0976NCTK5,appliances,4978877327796,43700.0,,50168,7,51,standard_2,41500,Yahoo,-2260,-5.2,はずれ,False,False,False,マスプロ電工 マスプロ 共同受信用ブースターFM･V-Low･UHF･B
B0FJ5TPVMC,appliances,,3015.0,,39854,2,58,small,,,,,,False,False,False,Beats Studio Pro Kim Kardashian ヘッドバ
B0FJ5T5DKV,appliances,,4851.0,,39854,2,58,small,,,,,,False,False,False,Beats Studio 3 ヘッドバンド交換部品修理キット Studi
B0D5R4CH3L,appliances,,3098.0,,71841,2,42,small,,,,,,False,False,False,ケース Galaxy Z Fold6 携帯 手帳型 折り畳み ブラケット
B00I1AQXD4,appliances,0843531000008,7232.0,,39947,3,58,standard_1,,,,,,False,False,False,Manhattan Portage ショルダーパッド フック&ループアタ
B00X4NLM5W,appliances,0843531000046,7250.0,,39941,4,58,standard_1,,,,,,False,False,False,Manhattan Portage ショルダーパッド フック&ループスト
B07FN1W5RK,appliances,0610731217297,6208.0,,50265,2,51,standard_1,,,,,,False,False,False,EachLight プロジェクター 交換用 ランプ エプソン Epson
B08RJCFK49,appliances,0680642971007,8180.0,,50265,4,51,standard_1,11166,楽天,-4474,-54.7,はずれ,False,False,False,EachLight プロジェクター 交換ランプ エプソン EPSON E
B07F2BTHB6,appliances,0610731217440,7000.0,,50265,2,51,small,,,,,,False,False,False,EachLight プロジェクター 交換用 ランプ ELPLP55 エプ
B07193B7TL,appliances,0818373020057,6980.0,,50207,4,50,small,6534,Yahoo,-702,-10.1,はずれ,False,False,False,国内正規品 Peak Design ピークデザイン カフ/ブラック CF
B0DCC6H448,appliances,0810155460693,5722.0,,39713,2,59,small,8610,楽天,-3936,-68.8,はずれ,False,False,False,Nakamichi FanLock Excel シリーズ 24k金メッキ
B0C9S5Q682,appliances,4549980674727,68800.0,,50218,3,51,standard_1,47000,楽天,15462,22.5,原石,True,True,False,パナソニック(Panasonic) HDビデオカメラ 内蔵メモリー64G
B08KQBCCSR,appliances,4522327921937,3869.0,,50370,3,51,small,,,,,,False,False,False,iFace Reflection iPhone 12 mini ケース 
B09F2MCDN2,appliances,4522327935514,3307.0,,50370,2,51,small,2544,楽天,-92,-2.8,はずれ,False,False,False,iFace Reflection iPhone 12 mini ケース 
B07FP6PKD9,appliances,0610731217150,7788.0,,50256,2,51,small,,,,,,False,False,False,EachLight プロジェクター 交換用 ランプ ELPLP53 エプ
B0DZWZJ824,appliances,4550213133577,3200.0,,28554,1,70,small,2653,Yahoo,-299,-9.3,はずれ,False,False,False,グルマンディーズ ドラえもん AirPods 4 対応 シリコンケース
B0D5R5K92Q,appliances,,3098.0,,71841,2,42,small,,,,,,False,False,False,Galaxy Z Fold6 携帯ケース 手帳型 折り畳み ブラケット機
B0D5R7HWL1,appliances,,3098.0,,71841,2,42,small,,,,,,False,False,False,ケース Galaxy Z Fold6 携帯 ミラーメッキ 手帳型 折り畳
B00I1AQXT8,appliances,0843531043067,7007.0,,39947,5,58,standard_1,,,,,,False,False,False,Manhattan Portage ショルダーパッド フック&ループアタ
B00RYT3MOG,appliances,4962736813025,6413.0,,50352,2,51,standard_1,4598,Yahoo,468,7.3,あやしい,False,False,False,日本アンテナ 地デジアンテナ 家庭用屋外UHFアンテナ14素子AU14F
B07DP4DMH5,appliances,4589457589093,13320.0,,50359,2,51,standard_1,5500,Yahoo,5920,44.4,原石,True,True,False,七工匠 7artisans 25M43B 25mm F1.8 マイクロフ
B0BQMB3XMF,appliances,8809863850294,5480.0,,50371,4,51,small,5480,楽天,-1028,-18.8,はずれ,False,False,False,【elago】 Apple TV 4K 2022 対応 ケース マウント
B07DP4CKH8,appliances,4589457589086,13320.0,,50305,3,51,standard_1,5150,Yahoo,6270,47.1,原石,True,True,False,七工匠 7artisans 25FXB 25mm F1.8 Xマウント 
B0BBV7D8XW,appliances,4549980550625,94000.0,,50323,5,51,standard_1,97700,Yahoo,-12054,-12.8,はずれ,False,False,False,パナソニック(Panasonic) 4K デジタルビデオカメラ 内蔵メモ
B0BCJZK89Q,appliances,4255620327846,5612.0,,50317,2,51,small,,,,,,False,False,False,kwmobile Apple iPhone XR対応 ケース - スマホ
B0BCJXT3YK,appliances,4255620327617,5612.0,,50317,2,51,small,,,,,,False,False,False,kwmobile Apple iPhone XR対応 ケース - スマホ
B0BCK3KJXY,appliances,4255620327952,5612.0,,50317,2,51,small,,,,,,False,False,False,kwmobile Apple iPhone XR対応 ケース - スマホ
B0BCKCZR3S,appliances,4255620327877,5612.0,,50317,2,51,small,,,,,,False,False,False,kwmobile Apple iPhone XR対応 ケース - スマホ
B0BBW6YXSR,appliances,8718846108942,6800.0,,50393,2,51,small,3570,Yahoo,2096,30.8,原石,True,True,False,DIESEL iPhone14Plusケース レザー ハンドストラップ 
B0FL7F5P91,appliances,,3099.0,,71225,2,42,small,,,,,,False,False,False,Anqrp iPhone 17 Pro用 ケース 【360°回転スタンド
B08Q86FH77,appliances,4560376578245,18622.0,,50336,7,51,standard_1,18810,Yahoo,-2512,-13.5,はずれ,False,False,False,レオフォト MT-03+MBC-20 ミニ三脚 雲台セット
B013XV92OW,appliances,4961310132897,7980.0,,50403,2,51,standard_1,3130,Yahoo,3378,42.3,原石,True,True,False,オーディオテクニカ モノラルアクティブスピーカー ブラック AT-MSP
B09FKH4KLQ,appliances,8718846096171,4980.0,,50343,3,51,small,5280,Yahoo,-1288,-25.9,はずれ,False,False,False,DIESEL iPhone13mini ケース レザー ハンドストラップ
B07DP58R8J,appliances,4589457589079,13320.0,,50350,2,51,standard_1,13320,Yahoo,-1900,-14.3,はずれ,False,False,False,7artisans 25EB 25mm F1.8 Eマウント APS-C
B013XV941S,appliances,4961310132903,7980.0,,50356,2,51,standard_1,2960,Yahoo,3548,44.5,原石,True,True,False,オーディオテクニカ モノラルアクティブスピーカー ホワイト AT-MSP
B00BJSYV4S,appliances,0027242860957,16500.0,,50358,7,51,standard_1,19530,楽天,-5184,-31.4,はずれ,False,False,False,SONY ステレオマイクロホン ECM-XYST1M
B0CT1G8WLM,appliances,4986773232588,4800.0,,50358,2,51,small,5080,楽天,-1254,-26.1,はずれ,False,False,False,Galaxy S23 FE Silicone Case|グラファイト|ス
B018M01EQ8,appliances,4531465041537,15677.0,,50360,3,51,small,16620,楽天,-2787,-17.8,はずれ,False,False,False,ラディウス radius イヤホン : ハイレゾ対応 MMCXリケーブル
B08KQC1RYD,appliances,4522327921944,4257.0,,50361,6,51,small,5808,楽天,-2482,-58.3,はずれ,False,False,False,iFace Reflection iPhone 12 mini ケース 
B09DYNHB5L,appliances,4522327933336,5280.0,,38636,3,60,small,,,,,,False,False,False,iFace First Class Standard iPhone 13
B0D6JR31B1,appliances,4570018120916,3740.0,,50389,3,51,small,,,,,,False,False,False,INON [イノン] 保護カバー for UFL-G140 SD (PK
B0CLDWRCY9,appliances,0810136691719,3009.0,,70780,2,43,small,,,,,,False,False,False,WC SweatZ XM4 - Wicked Cushions 製 So
B0CJ28HFT2,appliances,4988481867441,12180.0,,69615,2,43,small,9980,楽天,636,5.2,あやしい,False,False,False,URBAN ARMOR GEAR iPhone 15 Pro 2023対
B0CJ28V9M2,appliances,4988481868387,9680.0,,69615,2,43,small,7980,楽天,336,3.5,あやしい,False,False,False,URBAN ARMOR GEAR iPhone 15 Pro Max 2
B0FL7FTSP9,appliances,,3099.0,,71225,2,42,small,,,,,,False,False,False,Anqrp iPhone 17 Pro用 ケース 【360°回転スタンド
B0FL7FTRCP,appliances,,3099.0,,71225,2,42,small,,,,,,False,False,False,Anqrp iPhone 14/13用 ケース 【360°回転スタンド一
B0FL7FQ82V,appliances,,3099.0,,71225,2,42,small,,,,,,False,False,False,Anqrp iPhone 17 Pro用 ケース 【360°回転スタンド
B0FL7FZP38,appliances,,3099.0,,71225,2,42,small,,,,,,False,False,False,Anqrp iPhone 17 Pro用 マグネットケース 360°回転
B0FL7FVS8V,appliances,,3099.0,,71225,2,42,small,,,,,,False,False,False,Anqrp iPhone 17 Pro用 マグネットケース 360°回転
B0FL7DLKQ4,appliances,,3099.0,,71225,2,42,small,,,,,,False,False,False,Anqrp iPhone 14/13用 ケース 【360°回転スタンド一
B0FL7FQVBR,appliances,,3099.0,,71225,2,42,small,,,,,,False,False,False,Anqrp iPhone 14/13用 ケース 【360°回転スタンド一
B0FL7J6STJ,appliances,,3099.0,,71225,2,42,small,,,,,,False,False,False,Anqrp iPhone 14/13用 ケース 【360°回転スタンド一
B0FL7DFYP6,appliances,,3099.0,,71225,2,42,small,,,,,,False,False,False,Anqrp iPhone 14/13用 ケース 【360°回転スタンド一
B0FL7CW41F,appliances,,3099.0,,71225,2,42,small,,,,,,False,False,False,Anqrp iPhone 14/13用 ケース 【360°回転スタンド一
B0DG8JJWF6,appliances,4582741611159,5891.0,,71222,2,42,small,4167,楽天,663,11.2,あやしい,True,True,False,ikins iPhone 16 ケース 天然貝 神奈川沖浪裏 [ パール
B0DG8K94B5,appliances,4582741611326,5891.0,,71222,3,42,small,4167,楽天,663,11.2,あやしい,True,True,False,ikins iPhone 16 Pro ケース 天然貝 ステンドグラス 
B0DG8K9XHF,appliances,4582741611173,5891.0,,71222,3,42,small,4167,楽天,663,11.2,あやしい,True,True,False,ikins iPhone 16 ケース 天然貝 モナ・リザ [ パール 
B0DG8KV3YZ,appliances,4582741611203,5891.0,,71222,3,42,small,4167,楽天,663,11.2,あやしい,True,True,False,ikins iPhone 16 Pro ケース 天然貝 魚と猫 [ パー
B0F2M9YSDH,appliances,4562166807146,12980.0,,50424,4,51,standard_2,11770,Yahoo,-792,-6.1,はずれ,False,False,False,CICONIA レトロ型CDプレーヤー CCD-0010 ブラウン オレ
B0DPHX2DG2,appliances,4570132467027,6280.0,,67879,2,44,small,,,,,,False,False,False,MOFT iPhone 16 シリーズ ケース MagSafe 対応 保
B0G3WP62YN,appliances,0727298795851,4867.0,,50459,2,51,small,,,,,,False,False,False,MOSWAG RCA延長ケーブル、ホームシアター、HDTV、アンプ、Hi
B0G3WKJWKG,appliances,0727298795875,5091.0,,50459,2,51,small,,,,,,False,False,False,MOSWAG RCA延長ケーブル、ホームシアター、HDTV、アンプ、Hi
B0FT84L7VT,appliances,4010118010064,39600.0,,50465,6,51,standard_1,,,,,,False,False,False,beyerdynamic DJ 300 PRO X Club DJ用ヘッ
B0FTFXVZCV,appliances,4010118008535,39600.0,,50474,9,51,standard_1,,,,,,False,False,False,beyerdynamic DJ 300 PRO X DJ用ヘッドホン 密
B0DDJNXZY8,appliances,,3699.0,,71137,2,42,small,,,,,,False,False,False,WELLSKY ACBAT-001 GoPro ゴープロ SPCC1B 
B007BABKWE,appliances,,40300.0,,71996,4,42,large_1,,,,,,False,False,False,古河電池 受信機用 交換電池 （バッテリー） DC24V 3.5Ah 2
B0CLVGFSYV,appliances,,13640.0,,50509,3,51,small,,,,,,False,False,False,CASETiFY ウルトラバウンス MagSafe対応 iPhone 1
B0D667QP9B,appliances,,13640.0,,50509,2,51,small,,,,,,False,False,False,CASETiFY ウルトラバウンス MagSafe対応 iPhone 1
B0D1QQ9C55,appliances,,18757.0,,50509,4,51,small,,,,,,False,False,False,CASETiFY (ケースティファイ) ウルトラ バウンスケース iPh
B0D65Z1FBL,appliances,,13640.0,,50509,2,51,small,,,,,,False,False,False,CASETiFY ウルトラバウンス MagSafe対応 iPhone 1
B0D1QGMRPW,appliances,,16948.0,,50509,3,51,small,,,,,,False,False,False,CASETiFY (ケースティファイ) ウルトラ バウンスケース iPh
B0CLVFDJV4,appliances,,13640.0,,50509,4,51,small,,,,,,False,False,False,CASETiFY ウルトラバウンス MagSafe対応 iPhone 1
B0D66T39ZX,appliances,,13640.0,,50509,2,51,small,,,,,,False,False,False,CASETiFYウルトラバウンス MagSafe対応 iPhone 15
B0D1QM4YHC,appliances,,16139.0,,50509,4,51,small,,,,,,False,False,False,CASETiFY (ケースティファイ) ウルトラ バウンスケース iPh
B0D1QMW73V,appliances,,18685.0,,50509,2,51,small,,,,,,False,False,False,CASETiFY (ケースティファイ) ウルトラバウンスケース iPho
B0D1QC4XNG,appliances,,18685.0,,50509,2,51,small,,,,,,False,False,False,CASETiFY (ケースティファイ) ウルトラ バウンスケース iPh
B0DN1SH6KP,appliances,4067668150429,6473.0,,40399,4,58,small,,,,,,False,False,False,kwmobile 2x ケース Xiaomi Redmi Watch 5
B0BD83CTFJ,appliances,4522327946329,4930.0,,38479,3,60,small,3180,Yahoo,766,15.5,原石,True,True,False,iFace Look in Clear iPhone 15 Plus/1
B0D46CXQGN,appliances,,51490.0,,50567,2,50,standard_1,,,,,,False,False,False,HiFiGo イヤモニ イヤホン 有線 モニターイヤホンDUNU x G
B0C6PLVH4H,appliances,4937615246775,14000.0,,50594,11,51,standard_1,13780,楽天,-1734,-12.4,はずれ,False,False,False,ヤコブ イェンセン ヤコブ・イェンセン HT20-3B 電話機 シルバー
B0DSFSYX5R,appliances,4562314019797,35130.0,,50602,5,51,standard_2,28600,Yahoo,2756,7.8,あやしい,False,False,False,FIIO FT1Pro FIO-FT1PRO-B【日本正規販売店より発送
B0087W7268,appliances,,3000.0,,50613,3,51,small,,,,,,False,False,False,SR44 酸化銀電池(20個パック)
B09RWWKNVC,appliances,,64680.0,,50624,2,51,large_1,,,,,,False,False,False,SVBONY SV406P フィールドスコープ 20-60x80mm デ
B09YCKHPCF,appliances,0664918771744,48420.0,,50645,3,51,standard_1,53800,Yahoo,-10088,-20.8,はずれ,False,False,False,Accsoon CineView HE HDMI 無線映像伝送システム 
B0CN8S7X7M,appliances,,4480.0,,50659,2,51,small,,,,,,False,False,False,okcsc JBX リケーブル XBAシリーズ ケーブル イヤホンケーブ
B0CN8MHM77,appliances,,4480.0,,50659,2,51,small,,,,,,False,False,False,okcsc JBX リケーブル 2Pin ケーブル イヤホンケーブル 4
B0CN8L4454,appliances,,3980.0,,50659,2,51,small,,,,,,False,False,False,okcsc JBX リケーブル XBAシリーズ ケーブル イヤホンケーブ
B0CN8HX9RQ,appliances,,3980.0,,50659,2,51,small,,,,,,False,False,False,okcsc JBX リケーブル IE300/IE600/IE900用 ケ
B0CN8PZZK3,appliances,,4480.0,,50659,2,51,small,,,,,,False,False,False,okcsc JBX リケーブル Audio-Technica(オーディオ
B0CN8W8B38,appliances,,4480.0,,50703,2,51,small,,,,,,False,False,False,okcsc JBX リケーブル MMCX ケーブル イヤホンケーブル 4
B01EUAQGBW,appliances,4975584185657,4999.0,,50682,10,51,small,3999,楽天,10,0.2,あやしい,False,False,False,DXアンテナ 混合分波器 【2K 4K 8K 対応】 CS/BS-IF(
B013N4V40E,appliances,8808311551165,30121.0,,50685,4,51,small,15780,Yahoo,11341,37.7,原石,True,True,False,OLYMPUS 電動式パンケーキズームレンズ M.ZUIKO DIGIT
B0FPCMF8WH,appliances,4573138039298,71280.0,,50686,3,51,standard_1,72000,Yahoo,-7256,-10.2,はずれ,False,False,False,Leofoto ギア雲台 G4+NP-60 leofoto 微動調整可能
