メーカー,レーン,判定理由,商号候補,法人格表記,該当商品数,主カテゴリ,第三者セラー数,屋号型セラー数,CNスコア,CNシグナル,想定仕入れ上限の中央値,Amazon価格の中央値,代表商品,代表ASIN,メーカー検索
ノーブランド品,除外:ノーブランド,メーカー名が特定できない(ノーブランド品/Generic),ノーブランド品,,15,おもちゃ,6,3,0,,1411,3198,日立 HITACHI NET-KV5 001 洗濯機用糸くずフィルター （下）,B09ZDD8R65,https://www.google.com/search?q=%E3%83%8E%E3%83%BC%E3%83%96%E3%83%A9%E3%83%B3%E3%83%89%E5%93%81%20%E4%BC%9A%E7%A4%BE%E6%A6%82%E8%A6%81%20%E5%95%8F%E3%81%84%E5%90%88%E3%82%8F%E3%81%9B%20%E5%8D%B8
Generic,除外:ノーブランド,メーカー名が特定できない(ノーブランド品/Generic),AJP-MJD,,2,スポーツ&アウトドア,4,1,0,,1456,3340,キャップライト 充電式 ヘッドライト 帽子ライト ヘルメット対応 軽量38g モード記憶 赤色灯搭載 センサー機能付き 釣り・キャンプ・作業用 収納ボックス＆日,B0G4VB69LP,https://www.google.com/search?q=Generic%20%E4%BC%9A%E7%A4%BE%E6%A6%82%E8%A6%81%20%E5%95%8F%E3%81%84%E5%90%88%E3%82%8F%E3%81%9B%20%E5%8D%B8
ウォルト・ディズニー・ジャパン株式会社,除外:メディア,版元直取引は法人+実績が前提(法人化で条件付きに開く),Happinet,あり,56,DVD,6,2,2,S2_ピンイン風セラー+S3_略号JPセラー,4110,9790,スター・ウォーズ コンプリート・サーガ ブルーレイコレクション(9枚組) (初回生産限定) [Blu-ray],B013HK778M,https://www.google.com/search?q=%E3%82%A6%E3%82%A9%E3%83%AB%E3%83%88%E3%83%BB%E3%83%87%E3%82%A3%E3%82%BA%E3%83%8B%E3%83%BC%E3%83%BB%E3%82%B8%E3%83%A3%E3%83%91%E3%83%B3%E6%A0%AA%E5%BC%8F%E4%BC%9A%E7%A4%BE%20%E4%BC%9A%E7%A4%BE%E6%A6%82%E8%A6%81%20%E5%95%8F%E3%81%84%E5%90%88%E3%82%8F%E3%81%9B%20%E5%8D%B8
UNIVERSAL MUSIC GROUP,除外:メディア,再販制度対象(法人化でも解けない),Universal Music,,38,ミュージック,6,4,2,S2_ピンイン風セラー+S3_略号JPセラー,3405,9672,グレイテスト・ヒッツ (デラックス・エディション+ライヴ・コレクション)(限定盤)(SHM-CD)(6枚組) - エアロスミス,B0C8TJBD3Q,https://www.google.com/search?q=UNIVERSAL%20MUSIC%20GROUP%20%E4%BC%9A%E7%A4%BE%E6%A6%82%E8%A6%81%20%E5%95%8F%E3%81%84%E5%90%88%E3%82%8F%E3%81%9B%20%E5%8D%B8
Universal,除外:メディア,版元直取引は法人+実績が前提(法人化で条件付きに開く),Universal Studios,,34,DVD,6,2,2,S2_ピンイン風セラー+S3_略号JPセラー,4418,9118,Inglourious Basterds (Blu-ray + DVD),B0068FYZ3Y,https://www.google.com/search?q=Universal%20%E4%BC%9A%E7%A4%BE%E6%A6%82%E8%A6%81%20%E5%95%8F%E3%81%84%E5%90%88%E3%82%8F%E3%81%9B%20%E5%8D%B8
SONY MUSIC,除外:メディア,再販制度対象(法人化でも解けない),ソニー・ミュージックレーベルズ,,30,ミュージック,6,3,2,S3_略号JPセラー,4076,9750,Human Universe (完全生産限定盤) (アナログ盤) [Analog],B0D95TBMJ6,https://www.google.com/search?q=SONY%20MUSIC%20%E4%BC%9A%E7%A4%BE%E6%A6%82%E8%A6%81%20%E5%95%8F%E3%81%84%E5%90%88%E3%82%8F%E3%81%9B%20%E5%8D%B8
WARNER BROS,除外:メディア,版元直取引は法人+実績が前提(法人化で条件付きに開く),Warner Home Video,,24,DVD,6,1,2,S3_略号JPセラー,4001,10268,Prestige - Die Meister der Magie: 4K Ultra HD Blu-ray + Blu-ray,B075FSMR1Z,https://www.google.com/search?q=WARNER%20BROS%20%E4%BC%9A%E7%A4%BE%E6%A6%82%E8%A6%81%20%E5%95%8F%E3%81%84%E5%90%88%E3%82%8F%E3%81%9B%20%E5%8D%B8
ワーナーホームビデオ,除外:メディア,版元直取引は法人+実績が前提(法人化で条件付きに開く),Warner Home Video,,23,DVD,6,2,2,S2_ピンイン風セラー,3322,7422,Casablanca,B000056HRZ,https://www.google.com/search?q=%E3%83%AF%E3%83%BC%E3%83%8A%E3%83%BC%E3%83%9B%E3%83%BC%E3%83%A0%E3%83%93%E3%83%87%E3%82%AA%20%E4%BC%9A%E7%A4%BE%E6%A6%82%E8%A6%81%20%E5%95%8F%E3%81%84%E5%90%88%E3%82%8F%E3%81%9B%20%E5%8D%B8
Sony Pictures Home Entertainment,除外:メディア,版元直取引は法人+実績が前提(法人化で条件付きに開く),Happinet,,22,DVD,6,2,2,S2_ピンイン風セラー+S3_略号JPセラー,4512,8390,ワンス・アポン・ア・タイム・イン・ハリウッド 4K ULTRA HD & ブルーレイセット(初回生産限定) [4K ULTRA HD + Blu-ray],B07ZJK4H1R,https://www.google.com/search?q=Sony%20Pictures%20Home%20Entertainment%20%E4%BC%9A%E7%A4%BE%E6%A6%82%E8%A6%81%20%E5%95%8F%E3%81%84%E5%90%88%E3%82%8F%E3%81%9B%20%E5%8D%B8
任天堂,除外:メディア,版元直取引は法人+実績が前提(法人化で条件付きに開く),任天堂,,20,ゲーム,6,4,2,S2_ピンイン風セラー+S3_略号JPセラー,2734,7140,マリオカート8 デラックス+Joy-Conハンドル 2個セット,B06XTHP83H,https://www.google.com/search?q=%E4%BB%BB%E5%A4%A9%E5%A0%82%20%E4%BC%9A%E7%A4%BE%E6%A6%82%E8%A6%81%20%E5%95%8F%E3%81%84%E5%90%88%E3%82%8F%E3%81%9B%20%E5%8D%B8
Disney(ディズニー),除外:メディア,版元直取引は法人+実績が前提(法人化で条件付きに開く),Walt Disney Video,,20,DVD,6,3,2,S2_ピンイン風セラー+S3_略号JPセラー,3166,7848,Independence Day (4K Ultra-HD) (+ Blu-Ray) [Import],B074HWSLNT,https://www.google.com/search?q=Disney%28%E3%83%87%E3%82%A3%E3%82%BA%E3%83%8B%E3%83%BC%29%20%E4%BC%9A%E7%A4%BE%E6%A6%82%E8%A6%81%20%E5%95%8F%E3%81%84%E5%90%88%E3%82%8F%E3%81%9B%20%E5%8D%B8
20TH CENTURY STUDIOS,除外:メディア,版元直取引は法人+実績が前提(法人化で条件付きに開く),20th Century Fox,,19,DVD,6,2,2,S2_ピンイン風セラー+S3_略号JPセラー,4261,11911,Kingdom of Heaven [Blu-ray],B000ICLRIE,https://www.google.com/search?q=20TH%20CENTURY%20STUDIOS%20%E4%BC%9A%E7%A4%BE%E6%A6%82%E8%A6%81%20%E5%95%8F%E3%81%84%E5%90%88%E3%82%8F%E3%81%9B%20%E5%8D%B8
講談社,除外:メディア,再販制度対象(法人化でも解けない),講談社,あり,18,本,7,3,0,,3576,8039,ちいかわ なんか小さくてかわいいやつ(6)なんか光ってて旅したくなるご朱印帳付き特装版 (講談社キャラクターズA),4065339839,https://www.google.com/search?q=%E8%AC%9B%E8%AB%87%E7%A4%BE%20%E4%BC%9A%E7%A4%BE%E6%A6%82%E8%A6%81%20%E5%95%8F%E3%81%84%E5%90%88%E3%82%8F%E3%81%9B%20%E5%8D%B8
ソニー・インタラクティブエンタテインメント,除外:メディア,版元直取引は法人+実績が前提(法人化で条件付きに開く),ソニー・インタラクティブエンタテインメント,,18,ゲーム,8,4,2,S2_ピンイン風セラー,5362,14038,【純正品】DualSense ワイヤレスコントローラー クロマ パール（CFI-ZCT1J12）,B0DJBYD71H,https://www.google.com/search?q=%E3%82%BD%E3%83%8B%E3%83%BC%E3%83%BB%E3%82%A4%E3%83%B3%E3%82%BF%E3%83%A9%E3%82%AF%E3%83%86%E3%82%A3%E3%83%96%E3%82%A8%E3%83%B3%E3%82%BF%E3%83%86%E3%82%A4%E3%83%B3%E3%83%A1%E3%83%B3%E3%83%88%20%E4%BC%9A%E7%A4%BE%E6%A6%82%E8%A6%81%20%E5%95%8F%E3%81%84%E5%90%88%E3%82%8F%E3%81%9B%20%E5%8D%B8
Bandai Namco,除外:メディア,版元直取引は法人+実績が前提(法人化で条件付きに開く),バンダイナムコエンターテインメント,,16,ゲーム,7,3,2,S2_ピンイン風セラー,2024,8882,ジョジョの奇妙な冒険 アイズオブヘブン - PS4,B015C2TYES,https://www.google.com/search?q=Bandai%20Namco%20%E4%BC%9A%E7%A4%BE%E6%A6%82%E8%A6%81%20%E5%95%8F%E3%81%84%E5%90%88%E3%82%8F%E3%81%9B%20%E5%8D%B8
ポニーキャニオン,除外:メディア,版元直取引は法人+実績が前提(法人化で条件付きに開く),ポニーキャニオン,,16,DVD,5,2,0,,6258,11433,海猿 プレミアムDVD-BOX,B00069LUJK,https://www.google.com/search?q=%E3%83%9D%E3%83%8B%E3%83%BC%E3%82%AD%E3%83%A3%E3%83%8B%E3%82%AA%E3%83%B3%20%E4%BC%9A%E7%A4%BE%E6%A6%82%E8%A6%81%20%E5%95%8F%E3%81%84%E5%90%88%E3%82%8F%E3%81%9B%20%E5%8D%B8
ビクターエンタテインメント,除外:メディア,版元直取引は法人+実績が前提(法人化で条件付きに開く),ビクターエンタテインメント,,14,DVD,6,2,2,S2_ピンイン風セラー,4004,8900,おいしい葡萄の旅ライブ -at DOME&日本武道館- (Blu-ray完全生産限定盤),B017KJGC7I,https://www.google.com/search?q=%E3%83%93%E3%82%AF%E3%82%BF%E3%83%BC%E3%82%A8%E3%83%B3%E3%82%BF%E3%83%86%E3%82%A4%E3%83%B3%E3%83%A1%E3%83%B3%E3%83%88%20%E4%BC%9A%E7%A4%BE%E6%A6%82%E8%A6%81%20%E5%95%8F%E3%81%84%E5%90%88%E3%82%8F%E3%81%9B%20%E5%8D%B8
スクウェア・エニックス(SQUARE ENIX),除外:メディア,版元直取引は法人+実績が前提(法人化で条件付きに開く),スクウェア・エニックス,,14,ゲーム,5,2,2,S2_ピンイン風セラー,2829,7063,ドラゴンクエスト メタリックモンスターズギャラリー デスピサロ,B00HZWWVEY,https://www.google.com/search?q=%E3%82%B9%E3%82%AF%E3%82%A6%E3%82%A7%E3%82%A2%E3%83%BB%E3%82%A8%E3%83%8B%E3%83%83%E3%82%AF%E3%82%B9%28SQUARE%20ENIX%29%20%E4%BC%9A%E7%A4%BE%E6%A6%82%E8%A6%81%20%E5%95%8F%E3%81%84%E5%90%88%E3%82%8F%E3%81%9B%20%E5%8D%B8
ジェイストーム,除外:メディア,版元直取引は法人+実績が前提(法人化で条件付きに開く),ジェイ・ストーム,あり,14,DVD,6,2,0,,2326,8110,ARASHI BLAST in Hawaii(初回限定盤),B00UF5RH7O,https://www.google.com/search?q=%E3%82%B8%E3%82%A7%E3%82%A4%E3%82%B9%E3%83%88%E3%83%BC%E3%83%A0%20%E4%BC%9A%E7%A4%BE%E6%A6%82%E8%A6%81%20%E5%95%8F%E3%81%84%E5%90%88%E3%82%8F%E3%81%9B%20%E5%8D%B8
宝島社,除外:メディア,再販制度対象(法人化でも解けない),宝島社,,12,本,6,5,0,,1082,4450,リンネル 2025年10月号,B0FG2ZTJ2P,https://www.google.com/search?q=%E5%AE%9D%E5%B3%B6%E7%A4%BE%20%E4%BC%9A%E7%A4%BE%E6%A6%82%E8%A6%81%20%E5%95%8F%E3%81%84%E5%90%88%E3%82%8F%E3%81%9B%20%E5%8D%B8
Paramount,除外:メディア,版元直取引は法人+実績が前提(法人化で条件付きに開く),Paramount,,12,DVD,6,2,0,,3834,7616,Indiana Jones Quadrilogia (5 Blu-Ray) [Italian Edition],B00JJ19M9Q,https://www.google.com/search?q=Paramount%20%E4%BC%9A%E7%A4%BE%E6%A6%82%E8%A6%81%20%E5%95%8F%E3%81%84%E5%90%88%E3%82%8F%E3%81%9B%20%E5%8D%B8
ワーナー・ブラザース・ホームエンターテイメント,除外:メディア,版元直取引は法人+実績が前提(法人化で条件付きに開く),Happinet,,11,DVD,6,2,0,,3378,7890,マッドマックス 怒りのデス・ロード<ブラック&クローム>エディション ブルーレイ スチールブック仕様(数量限定生産/2枚組) [Blu-ray],B076H6J8LS,https://www.google.com/search?q=%E3%83%AF%E3%83%BC%E3%83%8A%E3%83%BC%E3%83%BB%E3%83%96%E3%83%A9%E3%82%B6%E3%83%BC%E3%82%B9%E3%83%BB%E3%83%9B%E3%83%BC%E3%83%A0%E3%82%A8%E3%83%B3%E3%82%BF%E3%83%BC%E3%83%86%E3%82%A4%E3%83%A1%E3%83%B3%E3%83%88%20%E4%BC%9A%E7%A4%BE%E6%A6%82%E8%A6%81%20%E5%95%8F%E3%81%84%E5%90%88%E3%82%8F%E3%81%9B%20%E5%8D%B8
ワーナーミュージック・ジャパン,除外:メディア,再販制度対象(法人化でも解けない),ワーナーミュージック・ジャパン,,10,ミュージック,7,1,2,S2_ピンイン風セラー,2623,9415,"東日本大震災復興支援チャリティライブ KYOSUKE HIMURO GIG at TOKYO DOME ""We Are Down But Never Give ",B005XGOIBS,https://www.google.com/search?q=%E3%83%AF%E3%83%BC%E3%83%8A%E3%83%BC%E3%83%9F%E3%83%A5%E3%83%BC%E3%82%B8%E3%83%83%E3%82%AF%E3%83%BB%E3%82%B8%E3%83%A3%E3%83%91%E3%83%B3%20%E4%BC%9A%E7%A4%BE%E6%A6%82%E8%A6%81%20%E5%95%8F%E3%81%84%E5%90%88%E3%82%8F%E3%81%9B%20%E5%8D%B8
Bloomsbury,除外:メディア,再販制度対象(法人化でも解けない),Bloomsbury Childrens Books,,9,洋書,6,1,2,S3_略号JPセラー,5208,12415,Harry Potter and the Order of the Phoenix,140888223X,https://www.google.com/search?q=Bloomsbury%20%E4%BC%9A%E7%A4%BE%E6%A6%82%E8%A6%81%20%E5%95%8F%E3%81%84%E5%90%88%E3%82%8F%E3%81%9B%20%E5%8D%B8
SME,除外:メディア,再販制度対象(法人化でも解けない),SME,,8,ミュージック,6,2,2,S2_ピンイン風セラー,1920,7012,6th YEAR BIRTHDAY LIVE (完全生産限定盤) [Blu-ray],B07S8MHFZH,https://www.google.com/search?q=SME%20%E4%BC%9A%E7%A4%BE%E6%A6%82%E8%A6%81%20%E5%95%8F%E3%81%84%E5%90%88%E3%82%8F%E3%81%9B%20%E5%8D%B8
Sony,除外:メディア,版元直取引は法人+実績が前提(法人化で条件付きに開く),ソニー(SONY),,7,ゲーム,5,1,2,S2_ピンイン風セラー,4337,14356,ソニー 純正 テレビリモコン RMF-TX410J,B0865VN34L,https://www.google.com/search?q=Sony%20%E4%BC%9A%E7%A4%BE%E6%A6%82%E8%A6%81%20%E5%95%8F%E3%81%84%E5%90%88%E3%82%8F%E3%81%9B%20%E5%8D%B8
バンダイビジュアル,除外:メディア,版元直取引は法人+実績が前提(法人化で条件付きに開く),バンダイビジュアル,,7,DVD,6,0,0,,8415,14444,【Amazon.co.jp限定】 ガールズ&パンツァー 劇場版 (特装限定版) (戦車トークCD付) [Blu-ray],B01BMC7MIC,https://www.google.com/search?q=%E3%83%90%E3%83%B3%E3%83%80%E3%82%A4%E3%83%93%E3%82%B8%E3%83%A5%E3%82%A2%E3%83%AB%20%E4%BC%9A%E7%A4%BE%E6%A6%82%E8%A6%81%20%E5%95%8F%E3%81%84%E5%90%88%E3%82%8F%E3%81%9B%20%E5%8D%B8
NBCユニバーサル・エンターテイメントジャパン,除外:メディア,版元直取引は法人+実績が前提(法人化で条件付きに開く),NBCユニバーサル・エンターテイメントジャパン,,7,DVD,5,2,0,,3945,7856,バック・トゥ・ザ・フューチャー トリロジー 30thアニバーサリー・デラックス・エディション スチールブック・ブルーレイ [Blu-ray],B0142J2U6Q,https://www.google.com/search?q=NBC%E3%83%A6%E3%83%8B%E3%83%90%E3%83%BC%E3%82%B5%E3%83%AB%E3%83%BB%E3%82%A8%E3%83%B3%E3%82%BF%E3%83%BC%E3%83%86%E3%82%A4%E3%83%A1%E3%83%B3%E3%83%88%E3%82%B8%E3%83%A3%E3%83%91%E3%83%B3%20%E4%BC%9A%E7%A4%BE%E6%A6%82%E8%A6%81%20%E5%95%8F%E3%81%84%E5%90%88%E3%82%8F%E3%81%9B%20%E5%8D%B8
Simon & Schuster,除外:メディア,再販制度対象(法人化でも解けない),Simon & Schuster Audio,,7,洋書,7,1,0,,2111,8146,Fairy Tale,1797145282,https://www.google.com/search?q=Simon%20%26%20Schuster%20%E4%BC%9A%E7%A4%BE%E6%A6%82%E8%A6%81%20%E5%95%8F%E3%81%84%E5%90%88%E3%82%8F%E3%81%9B%20%E5%8D%B8
KADOKAWA,除外:メディア,再販制度対象(法人化でも解けない),KADOKAWA,,6,本,6,2,0,,1614,4918,新訳 ハイパワー・マーケティング あなたのビジネスを加速させる「力」の見つけ方,4041056756,https://www.google.com/search?q=KADOKAWA%20%E4%BC%9A%E7%A4%BE%E6%A6%82%E8%A6%81%20%E5%95%8F%E3%81%84%E5%90%88%E3%82%8F%E3%81%9B%20%E5%8D%B8
Warner,除外:メディア,版元直取引は法人+実績が前提(法人化で条件付きに開く),Warner Archives,,6,DVD,5,1,0,,4031,8390,Batman v Superman: Dawn of Justice [Blu-ray],B08WV2XRNN,https://www.google.com/search?q=Warner%20%E4%BC%9A%E7%A4%BE%E6%A6%82%E8%A6%81%20%E5%95%8F%E3%81%84%E5%90%88%E3%82%8F%E3%81%9B%20%E5%8D%B8
Universal Pictures,除外:メディア,版元直取引は法人+実績が前提(法人化で条件付きに開く),,,6,DVD,5,0,2,S3_略号JPセラー,2514,6584,Battleship + Uv,B01MU5UIOJ,https://www.google.com/search?q=Universal%20Pictures%20%E4%BC%9A%E7%A4%BE%E6%A6%82%E8%A6%81%20%E5%95%8F%E3%81%84%E5%90%88%E3%82%8F%E3%81%9B%20%E5%8D%B8
コナミデジタルエンタテインメント(Konami Digital Entertainment),除外:メディア,版元直取引は法人+実績が前提(法人化で条件付きに開く),コナミデジタルエンタテインメント,,6,ゲーム,5,2,0,,3353,10788,eBASEBALLプロ野球スピリッツ2021 グランドスラム,B08ZZDL8J4,https://www.google.com/search?q=%E3%82%B3%E3%83%8A%E3%83%9F%E3%83%87%E3%82%B8%E3%82%BF%E3%83%AB%E3%82%A8%E3%83%B3%E3%82%BF%E3%83%86%E3%82%A4%E3%83%B3%E3%83%A1%E3%83%B3%E3%83%88%28Konami%20Digital%20Entertainment%29%20%E4%BC%9A%E7%A4%BE%E6%A6%82%E8%A6%81%20%E5%95%8F%E3%81%84%E5%90%88%E3%82%8F%E3%81%9B%20%E5%8D%B8
Listening Library,除外:メディア,再販制度対象(法人化でも解けない),Listening Library,,5,洋書,5,1,2,S2_ピンイン風セラー+S3_略号JPセラー,3313,6362,Harry Potter and the Prisoner of Azkaban,0807282324,https://www.google.com/search?q=Listening%20Library%20%E4%BC%9A%E7%A4%BE%E6%A6%82%E8%A6%81%20%E5%95%8F%E3%81%84%E5%90%88%E3%82%8F%E3%81%9B%20%E5%8D%B8
KT,除外:メディア,版元直取引は法人+実績が前提(法人化で条件付きに開く),コーエーテクモゲームス,,5,ゲーム,6,2,0,,5323,11890,Champion Jockey Special - Switch,B072NCGDCF,https://www.google.com/search?q=KT%20%E4%BC%9A%E7%A4%BE%E6%A6%82%E8%A6%81%20%E5%95%8F%E3%81%84%E5%90%88%E3%82%8F%E3%81%9B%20%E5%8D%B8
SBクリエイティブ,除外:メディア,再販制度対象(法人化でも解けない),SBクリエイティブ,,5,本,6,2,0,,2953,7900,令和版 Oh!X,4815622884,https://www.google.com/search?q=SB%E3%82%AF%E3%83%AA%E3%82%A8%E3%82%A4%E3%83%86%E3%82%A3%E3%83%96%20%E4%BC%9A%E7%A4%BE%E6%A6%82%E8%A6%81%20%E5%95%8F%E3%81%84%E5%90%88%E3%82%8F%E3%81%9B%20%E5%8D%B8
Capitol,除外:メディア,版元直取引は法人+実績が前提(法人化で条件付きに開く),Capitol Records,,5,DVD,4,1,0,,4443,10980,Travis Japan Concert Tour 2024 “Road to Authenticity“ (完全生産限定盤)(2枚組) [DVD],B0D7ZRQNCV,https://www.google.com/search?q=Capitol%20%E4%BC%9A%E7%A4%BE%E6%A6%82%E8%A6%81%20%E5%95%8F%E3%81%84%E5%90%88%E3%82%8F%E3%81%9B%20%E5%8D%B8
小学館,除外:メディア,再販制度対象(法人化でも解けない),小学館,,5,本,6,2,0,,8365,15050,天(そら)は赤い河のほとり コミックセット (少コミフラワーコミックス) [マーケットプレイスセット],B00ENTPUOA,https://www.google.com/search?q=%E5%B0%8F%E5%AD%A6%E9%A4%A8%20%E4%BC%9A%E7%A4%BE%E6%A6%82%E8%A6%81%20%E5%95%8F%E3%81%84%E5%90%88%E3%82%8F%E3%81%9B%20%E5%8D%B8
Mobile Fidelity Sound Lab,除外:メディア,再販制度対象(法人化でも解けない),Mobile Fidelity Sound Lab,,5,ミュージック,3,1,2,S3_略号JPセラー,4471,12321,Brothers in Arms -Hq/Ltd- [Analog],B00QCDJKYG,https://www.google.com/search?q=Mobile%20Fidelity%20Sound%20Lab%20%E4%BC%9A%E7%A4%BE%E6%A6%82%E8%A6%81%20%E5%95%8F%E3%81%84%E5%90%88%E3%82%8F%E3%81%9B%20%E5%8D%B8
トイズファクトリー,除外:メディア,再販制度対象(法人化でも解けない),トイズファクトリー,,5,ミュージック,5,1,2,S2_ピンイン風セラー,3289,9650,Iris (初回生産限定盤) - BUMP OF CHICKEN,B0D2CQWZ2S,https://www.google.com/search?q=%E3%83%88%E3%82%A4%E3%82%BA%E3%83%95%E3%82%A1%E3%82%AF%E3%83%88%E3%83%AA%E3%83%BC%20%E4%BC%9A%E7%A4%BE%E6%A6%82%E8%A6%81%20%E5%95%8F%E3%81%84%E5%90%88%E3%82%8F%E3%81%9B%20%E5%8D%B8
Penguin,除外:メディア,再販制度対象(法人化でも解けない),Penguin Books Ltd,,4,洋書,2,0,0,,1931,6142,The Let Them Theory,140199413X,https://www.google.com/search?q=Penguin%20%E4%BC%9A%E7%A4%BE%E6%A6%82%E8%A6%81%20%E5%95%8F%E3%81%84%E5%90%88%E3%82%8F%E3%81%9B%20%E5%8D%B8
Turtleback,除外:メディア,再販制度対象(法人化でも解けない),Turtleback Books,,4,洋書,6,1,0,,3624,7409,Holes,0613872975,https://www.google.com/search?q=Turtleback%20%E4%BC%9A%E7%A4%BE%E6%A6%82%E8%A6%81%20%E5%95%8F%E3%81%84%E5%90%88%E3%82%8F%E3%81%9B%20%E5%8D%B8
レベルファイブ,除外:メディア,版元直取引は法人+実績が前提(法人化で条件付きに開く),レベルファイブ,,4,ゲーム,6,3,0,,2214,8850,妖怪ウォッチ3 スシ/テンプラ バスターズTパック - 3DS,B01M64246F,https://www.google.com/search?q=%E3%83%AC%E3%83%99%E3%83%AB%E3%83%95%E3%82%A1%E3%82%A4%E3%83%96%20%E4%BC%9A%E7%A4%BE%E6%A6%82%E8%A6%81%20%E5%95%8F%E3%81%84%E5%90%88%E3%82%8F%E3%81%9B%20%E5%8D%B8
Happinet,除外:メディア,版元直取引は法人+実績が前提(法人化で条件付きに開く),Happinet,,4,DVD,4,1,0,,3940,12332,映画キミとアイドルプリキュア♪ お待たせ！キミに届けるキラッキライブ！ 特装版 [Blu-ray],B0FYPH27QL,https://www.google.com/search?q=Happinet%20%E4%BC%9A%E7%A4%BE%E6%A6%82%E8%A6%81%20%E5%95%8F%E3%81%84%E5%90%88%E3%82%8F%E3%81%9B%20%E5%8D%B8
マイクロソフト,除外:メディア,版元直取引は法人+実績が前提(法人化で条件付きに開く),日本マイクロソフト,,4,ゲーム,2,1,0,,4612,9492,NINJA GAIDEN 4 Deluxe Edition -PS5 【特典】リュウ用スキン「トラディショナルダークブルー」 「レジェンダリーブラックファルコン,B0FCRL29CW,https://www.google.com/search?q=%E3%83%9E%E3%82%A4%E3%82%AF%E3%83%AD%E3%82%BD%E3%83%95%E3%83%88%20%E4%BC%9A%E7%A4%BE%E6%A6%82%E8%A6%81%20%E5%95%8F%E3%81%84%E5%90%88%E3%82%8F%E3%81%9B%20%E5%8D%B8
東宝,除外:メディア,版元直取引は法人+実績が前提(法人化で条件付きに開く),東宝,,4,DVD,6,3,0,,5318,14535,【Amazon.co.jp限定】「君の名は。」Blu-rayスペシャル・エディション3枚組(早期購入特典:特製フィルムしおり付き)(オリジナル特典:描き下ろしA,B07258TWJT,https://www.google.com/search?q=%E6%9D%B1%E5%AE%9D%20%E4%BC%9A%E7%A4%BE%E6%A6%82%E8%A6%81%20%E5%95%8F%E3%81%84%E5%90%88%E3%82%8F%E3%81%9B%20%E5%8D%B8
Zach Top,除外:メディア,再販制度対象(法人化でも解けない),ANALOGUE PRODUCTIONS,,4,ミュージック,6,0,2,S2_ピンイン風セラー,3668,13580,PET SOUNDS (STEREO) [2LP] (200 GRAM 45RPM AUDIOPHILE VINYL) [Analog],B071VR66G3,https://www.google.com/search?q=Zach%20Top%20%E4%BC%9A%E7%A4%BE%E6%A6%82%E8%A6%81%20%E5%95%8F%E3%81%84%E5%90%88%E3%82%8F%E3%81%9B%20%E5%8D%B8
カプコン(CAPCOM),除外:メディア,版元直取引は法人+実績が前提(法人化で条件付きに開く),カプコン,,4,ゲーム,3,2,0,,3657,11200,バイオハザード レクイエム デラックスエディション【早期購入特典】グレース コスチューム「APOCALYPSE」が入手できるダウンロードコード 同梱,B0FY4QGRYT,https://www.google.com/search?q=%E3%82%AB%E3%83%97%E3%82%B3%E3%83%B3%28CAPCOM%29%20%E4%BC%9A%E7%A4%BE%E6%A6%82%E8%A6%81%20%E5%95%8F%E3%81%84%E5%90%88%E3%82%8F%E3%81%9B%20%E5%8D%B8
集英社,除外:メディア,再販制度対象(法人化でも解けない),集英社,,4,本,6,4,0,,466,5793,バンダイ公認 ONE PIECE CARD GAME 3rd ANNIVERSARY COMPLETE GUIDE (Vジャンプブックス(書籍)),4087798283,https://www.google.com/search?q=%E9%9B%86%E8%8B%B1%E7%A4%BE%20%E4%BC%9A%E7%A4%BE%E6%A6%82%E8%A6%81%20%E5%95%8F%E3%81%84%E5%90%88%E3%82%8F%E3%81%9B%20%E5%8D%B8
Paramount Home Entertainment,除外:メディア,版元直取引は法人+実績が前提(法人化で条件付きに開く),Paramount Home Entertainment/Lucas Films,,4,DVD,5,0,2,S3_略号JPセラー,5236,13044,THE SAVING OF PRIVATE RYAN (STEELBOOK) IMPORT,B005DDJWDA,https://www.google.com/search?q=Paramount%20Home%20Entertainment%20%E4%BC%9A%E7%A4%BE%E6%A6%82%E8%A6%81%20%E5%95%8F%E3%81%84%E5%90%88%E3%82%8F%E3%81%9B%20%E5%8D%B8
King Records,除外:メディア,版元直取引は法人+実績が前提(法人化で条件付きに開く),キングレコード,,4,DVD,5,1,0,,2305,6431,パピヨン-製作30周年記念特別版- [DVD],B00007KKUI,https://www.google.com/search?q=King%20Records%20%E4%BC%9A%E7%A4%BE%E6%A6%82%E8%A6%81%20%E5%95%8F%E3%81%84%E5%90%88%E3%82%8F%E3%81%9B%20%E5%8D%B8
バンプレスト,除外:メディア,版元直取引は法人+実績が前提(法人化で条件付きに開く),バンプレスト,,4,ゲーム,4,1,0,,2490,8648,スーパーロボット大戦W(特典無し),B000NRPJ2E,https://www.google.com/search?q=%E3%83%90%E3%83%B3%E3%83%97%E3%83%AC%E3%82%B9%E3%83%88%20%E4%BC%9A%E7%A4%BE%E6%A6%82%E8%A6%81%20%E5%95%8F%E3%81%84%E5%90%88%E3%82%8F%E3%81%9B%20%E5%8D%B8
Gakken,除外:メディア,再販制度対象(法人化でも解けない),学研プラス,,4,本,6,3,0,,806,4600,立方体の切断の攻略 (受験脳を作る),4057503846,https://www.google.com/search?q=Gakken%20%E4%BC%9A%E7%A4%BE%E6%A6%82%E8%A6%81%20%E5%95%8F%E3%81%84%E5%90%88%E3%82%8F%E3%81%9B%20%E5%8D%B8
河合出版,除外:メディア,再販制度対象(法人化でも解けない),河合出版,,3,本,5,3,0,,165,4138,2026 共通テスト総合問題集 英語(リーディング) (河合塾SERIES),4777229513,https://www.google.com/search?q=%E6%B2%B3%E5%90%88%E5%87%BA%E7%89%88%20%E4%BC%9A%E7%A4%BE%E6%A6%82%E8%A6%81%20%E5%95%8F%E3%81%84%E5%90%88%E3%82%8F%E3%81%9B%20%E5%8D%B8
Brook,除外:メディア,版元直取引は法人+実績が前提(法人化で条件付きに開く),Brook,,3,ゲーム,3,0,4,S1_ブランド直営出品+S2_ピンイン風セラー,4305,8483,Brook 2026年版 ポケモンGO 用 ポケットオートキャッチ LIGHT デュアルアカウント使用可能 2台同時接続 わずか10グラム 公式ブラックレザーケ,B0CFJR6T8J,https://www.google.com/search?q=Brook%20%E4%BC%9A%E7%A4%BE%E6%A6%82%E8%A6%81%20%E5%95%8F%E3%81%84%E5%90%88%E3%82%8F%E3%81%9B%20%E5%8D%B8
Rhino,除外:メディア,再販制度対象(法人化でも解けない),Warner Bros,,3,ミュージック,5,0,0,,4892,10876,Rumours -Ltd/45 Rpm- [Analog],B004OKFIQI,https://www.google.com/search?q=Rhino%20%E4%BC%9A%E7%A4%BE%E6%A6%82%E8%A6%81%20%E5%95%8F%E3%81%84%E5%90%88%E3%82%8F%E3%81%9B%20%E5%8D%B8
SACRA MUSIC,除外:メディア,再販制度対象(法人化でも解けない),SACRA MUSIC,,3,ミュージック,4,2,0,,4977,10746,"GREATEST HITS 2011-2017 “ALTER EGO"" (完全生産限定盤)(BD+スペシャルグッズ付)",B0772VCQYR,https://www.google.com/search?q=SACRA%20MUSIC%20%E4%BC%9A%E7%A4%BE%E6%A6%82%E8%A6%81%20%E5%95%8F%E3%81%84%E5%90%88%E3%82%8F%E3%81%9B%20%E5%8D%B8
ホリ,除外:メディア,版元直取引は法人+実績が前提(法人化で条件付きに開く),ホリ,,3,ゲーム,4,3,2,S2_ピンイン風セラー,3392,14980,【最新アップデート適用済み】ホリ ファイティングコマンダーOCTA Pro 天面6ボタン SPF-040【SONYライセンス商品】,B0DWWCG42V,https://www.google.com/search?q=%E3%83%9B%E3%83%AA%20%E4%BC%9A%E7%A4%BE%E6%A6%82%E8%A6%81%20%E5%95%8F%E3%81%84%E5%90%88%E3%82%8F%E3%81%9B%20%E5%8D%B8
マガジンハウス,除外:メディア,再販制度対象(法人化でも解けない),マガジンハウス,,3,本,4,2,0,,323,2891,Casa BRUTUS &Premium 特別編集 ミナ ペルホネンと皆川 明 30周年特装版 (MAGAZINE HOUSE MOOK extra issue,4838757816,https://www.google.com/search?q=%E3%83%9E%E3%82%AC%E3%82%B8%E3%83%B3%E3%83%8F%E3%82%A6%E3%82%B9%20%E4%BC%9A%E7%A4%BE%E6%A6%82%E8%A6%81%20%E5%95%8F%E3%81%84%E5%90%88%E3%82%8F%E3%81%9B%20%E5%8D%B8
NBCユニバーサル・エンターテイメントジャパン(LAQ),除外:メディア,版元直取引は法人+実績が前提(法人化で条件付きに開く),Happinet,,3,DVD,7,2,0,,10284,18000,雲が描いた月明り Blu-ray SET2 140分特典映像DVDディスク付,B06XKX426L,https://www.google.com/search?q=NBC%E3%83%A6%E3%83%8B%E3%83%90%E3%83%BC%E3%82%B5%E3%83%AB%E3%83%BB%E3%82%A8%E3%83%B3%E3%82%BF%E3%83%BC%E3%83%86%E3%82%A4%E3%83%A1%E3%83%B3%E3%83%88%E3%82%B8%E3%83%A3%E3%83%91%E3%83%B3%28LAQ%29%20%E4%BC%9A%E7%A4%BE%E6%A6%82%E8%A6%81%20%E5%95%8F%E3%81%84%E5%90%88%E3%82%8F%E3%81%9B%20%E5%8D%B8
Random House Books for Young Readers,除外:メディア,再販制度対象(法人化でも解けない),Penguin Audio,,3,洋書,7,0,2,S3_略号JPセラー,3170,6749,Who Moved My Cheese?: An A-Mazing Way to Deal with Change in Your Work and in Yo,1984845543,https://www.google.com/search?q=Random%20House%20Books%20for%20Young%20Readers%20%E4%BC%9A%E7%A4%BE%E6%A6%82%E8%A6%81%20%E5%95%8F%E3%81%84%E5%90%88%E3%82%8F%E3%81%9B%20%E5%8D%B8
経済法令研究会,除外:メディア,再販制度対象(法人化でも解けない),経済法令研究会,,3,本,4,1,0,,1021,7001,相続アドバイザー3級 問題解説集 2026年3月受験用,4766874102,https://www.google.com/search?q=%E7%B5%8C%E6%B8%88%E6%B3%95%E4%BB%A4%E7%A0%94%E7%A9%B6%E4%BC%9A%20%E4%BC%9A%E7%A4%BE%E6%A6%82%E8%A6%81%20%E5%95%8F%E3%81%84%E5%90%88%E3%82%8F%E3%81%9B%20%E5%8D%B8
Johnny & Associates,除外:メディア,版元直取引は法人+実績が前提(法人化で条件付きに開く),MENT RECORDING,,3,DVD,4,1,2,S2_ピンイン風セラー,5238,10000,【メーカー特典あり】Snow Man LIVE TOUR 2021 Mania(DVD4枚組)(初回盤)(外付け特典A付き),B09VGTTX9N,https://www.google.com/search?q=Johnny%20%26%20Associates%20%E4%BC%9A%E7%A4%BE%E6%A6%82%E8%A6%81%20%E5%95%8F%E3%81%84%E5%90%88%E3%82%8F%E3%81%9B%20%E5%8D%B8
Motowolf,除外:メディア,版元直取引は法人+実績が前提(法人化で条件付きに開く),ビクターエンタテインメント,,3,DVD,4,1,0,,5078,11246,"LIVE TOUR 2019 “キミは見てくれが悪いんだから、アホ丸出しでマイクを握ってろ!!"" だと!? ふざけるな!![DVD + Bonus Disc(D",B07YWQ9F7C,https://www.google.com/search?q=Motowolf%20%E4%BC%9A%E7%A4%BE%E6%A6%82%E8%A6%81%20%E5%95%8F%E3%81%84%E5%90%88%E3%82%8F%E3%81%9B%20%E5%8D%B8
ERJ,除外:メディア,再販制度対象(法人化でも解けない),ERJ,,3,ミュージック,6,1,2,S2_ピンイン風セラー,3420,6200,ALL TIME BEST ~Martini Dictionary~(初回生産限定盤) - 鈴木 雅之,B00RFZBJ76,https://www.google.com/search?q=ERJ%20%E4%BC%9A%E7%A4%BE%E6%A6%82%E8%A6%81%20%E5%95%8F%E3%81%84%E5%90%88%E3%82%8F%E3%81%9B%20%E5%8D%B8
Arrow Video,除外:メディア,版元直取引は法人+実績が前提(法人化で条件付きに開く),Arrow Video,,3,DVD,6,0,2,S3_略号JPセラー,2571,6241,4K UHD,B08R61N3MX,https://www.google.com/search?q=Arrow%20Video%20%E4%BC%9A%E7%A4%BE%E6%A6%82%E8%A6%81%20%E5%95%8F%E3%81%84%E5%90%88%E3%82%8F%E3%81%9B%20%E5%8D%B8
Crimson,除外:メディア,再販制度対象(法人化でも解けない),日本ファルコム,,3,ミュージック,4,0,0,,3778,6800,日本ファルコム ふぁるこむフィールドざんまい,B00ET5L0X8,https://www.google.com/search?q=Crimson%20%E4%BC%9A%E7%A4%BE%E6%A6%82%E8%A6%81%20%E5%95%8F%E3%81%84%E5%90%88%E3%82%8F%E3%81%9B%20%E5%8D%B8
avex trax,除外:メディア,版元直取引は法人+実績が前提(法人化で条件付きに開く),avex trax,,3,DVD,4,0,0,,5948,10370,滝沢歌舞伎2018(DVD3枚組)(初回盤A),B07JMV8TG1,https://www.google.com/search?q=avex%20trax%20%E4%BC%9A%E7%A4%BE%E6%A6%82%E8%A6%81%20%E5%95%8F%E3%81%84%E5%90%88%E3%82%8F%E3%81%9B%20%E5%8D%B8
Perfection Learning,除外:メディア,再販制度対象(法人化でも解けない),Perfection Learning,,3,洋書,6,1,0,,3636,9205,The Curious Incident of the Dog in the Night-Time (Vintage Contemporaries),0756958482,https://www.google.com/search?q=Perfection%20Learning%20%E4%BC%9A%E7%A4%BE%E6%A6%82%E8%A6%81%20%E5%95%8F%E3%81%84%E5%90%88%E3%82%8F%E3%81%9B%20%E5%8D%B8
アリオラジャパン,除外:メディア,再販制度対象(法人化でも解けない),アリオラジャパン,,3,ミュージック,5,2,0,,3217,10150,CEREMONY (初回生産限定盤) (Blu-ray Disc付),B081WSBZW2,https://www.google.com/search?q=%E3%82%A2%E3%83%AA%E3%82%AA%E3%83%A9%E3%82%B8%E3%83%A3%E3%83%91%E3%83%B3%20%E4%BC%9A%E7%A4%BE%E6%A6%82%E8%A6%81%20%E5%95%8F%E3%81%84%E5%90%88%E3%82%8F%E3%81%9B%20%E5%8D%B8
東映,除外:メディア,版元直取引は法人+実績が前提(法人化で条件付きに開く),"TOEI COMPANY,LTD.(TOE)(D)",,3,DVD,4,0,0,,3962,9980,【メーカー特典あり】映画『THE FIRST SLAM DUNK』STANDARD EDITION　早期予約特典“湘北ユニフォーム型ステッカー”付き [Blu-,B0CLPD66L2,https://www.google.com/search?q=%E6%9D%B1%E6%98%A0%20%E4%BC%9A%E7%A4%BE%E6%A6%82%E8%A6%81%20%E5%95%8F%E3%81%84%E5%90%88%E3%82%8F%E3%81%9B%20%E5%8D%B8
株式会社ストームレーベルズ/イーラブ・レーベル,除外:メディア,版元直取引は法人+実績が前提(法人化で条件付きに開く),株式会社ストームレーベルズ/イーラブ・レーベル,あり,3,DVD,2,1,0,,8637,15300,【メーカー特典あり】NEWS 20th Anniversary LIVE 2023 in TOKYO DOME BEST HIT PARADE!!!～シングル全,B0DBYRN6BD,https://www.google.com/search?q=%E6%A0%AA%E5%BC%8F%E4%BC%9A%E7%A4%BE%E3%82%B9%E3%83%88%E3%83%BC%E3%83%A0%E3%83%AC%E3%83%BC%E3%83%99%E3%83%AB%E3%82%BA/%E3%82%A4%E3%83%BC%E3%83%A9%E3%83%96%E3%83%BB%E3%83%AC%E3%83%BC%E3%83%99%E3%83%AB%20%E4%BC%9A%E7%A4%BE%E6%A6%82%E8%A6%81%20%E5%95%8F%E3%81%84%E5%90%88%E3%82%8F%E3%81%9B%20%E5%8D%B8
Import,除外:メディア,再販制度対象(法人化でも解けない),"ROLLING STONES, THE",,3,ミュージック,4,1,0,,2638,8129,Let It Bleed,B0000DJYQQ,https://www.google.com/search?q=Import%20%E4%BC%9A%E7%A4%BE%E6%A6%82%E8%A6%81%20%E5%95%8F%E3%81%84%E5%90%88%E3%82%8F%E3%81%9B%20%E5%8D%B8
スパイク・チュンソフト,除外:メディア,版元直取引は法人+実績が前提(法人化で条件付きに開く),スパイク・チュンソフト,,3,ゲーム,5,2,0,,1964,7980,ウィッチャー３ ワイルドハント コンプリートエディション -PS5,B0BMVCTFT9,https://www.google.com/search?q=%E3%82%B9%E3%83%91%E3%82%A4%E3%82%AF%E3%83%BB%E3%83%81%E3%83%A5%E3%83%B3%E3%82%BD%E3%83%95%E3%83%88%20%E4%BC%9A%E7%A4%BE%E6%A6%82%E8%A6%81%20%E5%95%8F%E3%81%84%E5%90%88%E3%82%8F%E3%81%9B%20%E5%8D%B8
Xl Recordings,除外:メディア,再販制度対象(法人化でも解けない),Xl Recordings,,3,ミュージック,6,1,2,S3_略号JPセラー,2554,6595,21 [Analog],B08P85K82V,https://www.google.com/search?q=Xl%20Recordings%20%E4%BC%9A%E7%A4%BE%E6%A6%82%E8%A6%81%20%E5%95%8F%E3%81%84%E5%90%88%E3%82%8F%E3%81%9B%20%E5%8D%B8
バップ,除外:メディア,版元直取引は法人+実績が前提(法人化で条件付きに開く),バップ,,3,DVD,4,2,2,S2_ピンイン風セラー,3590,7898,これは経費で落ちません! DVD-BOX,B07YNSTT7V,https://www.google.com/search?q=%E3%83%90%E3%83%83%E3%83%97%20%E4%BC%9A%E7%A4%BE%E6%A6%82%E8%A6%81%20%E5%95%8F%E3%81%84%E5%90%88%E3%82%8F%E3%81%9B%20%E5%8D%B8
Rhythm Zone,除外:メディア,再販制度対象(法人化でも解けない),rhythm zone,,3,ミュージック,5,0,0,,4757,16190,ONE(CD3枚組+DVD5枚組)(初回生産限定盤),B09TBKLLT5,https://www.google.com/search?q=Rhythm%20Zone%20%E4%BC%9A%E7%A4%BE%E6%A6%82%E8%A6%81%20%E5%95%8F%E3%81%84%E5%90%88%E3%82%8F%E3%81%9B%20%E5%8D%B8
The Beatles,除外:メディア,再販制度対象(法人化でも解けない),Beatles,,3,ミュージック,6,1,2,S3_略号JPセラー,1347,4250,Sgt. Pepper's Lonely Hearts Club Band,B0025KVLTM,https://www.google.com/search?q=The%20Beatles%20%E4%BC%9A%E7%A4%BE%E6%A6%82%E8%A6%81%20%E5%95%8F%E3%81%84%E5%90%88%E3%82%8F%E3%81%9B%20%E5%8D%B8
パラマウント,除外:メディア,版元直取引は法人+実績が前提(法人化で条件付きに開く),Happinet,,3,DVD,3,1,0,,4593,8000,パウ・パトロール シーズン2 DVD9枚セット SET-164-2PAU9-HPM,B096ZQTPJ1,https://www.google.com/search?q=%E3%83%91%E3%83%A9%E3%83%9E%E3%82%A6%E3%83%B3%E3%83%88%20%E4%BC%9A%E7%A4%BE%E6%A6%82%E8%A6%81%20%E5%95%8F%E3%81%84%E5%90%88%E3%82%8F%E3%81%9B%20%E5%8D%B8
こぐま会,除外:メディア,再販制度対象(法人化でも解けない),こぐま会,,2,本,5,1,0,,151,1827,ひとりでとっくん02 点図形2,486362011X,https://www.google.com/search?q=%E3%81%93%E3%81%90%E3%81%BE%E4%BC%9A%20%E4%BC%9A%E7%A4%BE%E6%A6%82%E8%A6%81%20%E5%95%8F%E3%81%84%E5%90%88%E3%82%8F%E3%81%9B%20%E5%8D%B8
PDP,除外:メディア,版元直取引は法人+実績が前提(法人化で条件付きに開く),PDP,,2,ゲーム,5,2,0,,4698,10235,【SONYオフィシャルライセンス商品】PDP Victrix Gambit PS5 ゲーミングヘッドセット ワイヤレス 有線 ブラック マイク付き【国内正規品】,B09BWHTLYR,https://www.google.com/search?q=PDP%20%E4%BC%9A%E7%A4%BE%E6%A6%82%E8%A6%81%20%E5%95%8F%E3%81%84%E5%90%88%E3%82%8F%E3%81%9B%20%E5%8D%B8
Pearson Education,除外:メディア,再販制度対象(法人化でも解けない),Pearson Japan,,2,洋書,6,1,0,,5989,12620,Longman Dictionary of Contemporary English (6E) Paperback & Online (LDOCE),1447954203,https://www.google.com/search?q=Pearson%20Education%20%E4%BC%9A%E7%A4%BE%E6%A6%82%E8%A6%81%20%E5%95%8F%E3%81%84%E5%90%88%E3%82%8F%E3%81%9B%20%E5%8D%B8
ビーイング,除外:メディア,版元直取引は法人+実績が前提(法人化で条件付きに開く),ビーイング,,2,DVD,3,3,0,,8081,15240,劇場版 名探偵コナン 純黒の悪夢(ナイトメア)(初回限定盤)[DVD],B01IVNMRIU,https://www.google.com/search?q=%E3%83%93%E3%83%BC%E3%82%A4%E3%83%B3%E3%82%B0%20%E4%BC%9A%E7%A4%BE%E6%A6%82%E8%A6%81%20%E5%95%8F%E3%81%84%E5%90%88%E3%82%8F%E3%81%9B%20%E5%8D%B8
STUDIOCANAL,除外:メディア,版元直取引は法人+実績が前提(法人化で条件付きに開く),,,2,DVD,6,0,0,,3196,12460,Howl's Moving Castle [Blu-ray] [Import],B007EC007A,https://www.google.com/search?q=STUDIOCANAL%20%E4%BC%9A%E7%A4%BE%E6%A6%82%E8%A6%81%20%E5%95%8F%E3%81%84%E5%90%88%E3%82%8F%E3%81%9B%20%E5%8D%B8
タイトー,除外:メディア,版元直取引は法人+実績が前提(法人化で条件付きに開く),タイトー,,2,ゲーム,6,2,0,,9770,17345,アーケードメモリーズVOL.3 【特典】10 タイトル収録 SD カード、電TAITOSTATION VOLUME4(攻略本 A4 全 32 ページ、インストラ,B0DDBZWDV2,https://www.google.com/search?q=%E3%82%BF%E3%82%A4%E3%83%88%E3%83%BC%20%E4%BC%9A%E7%A4%BE%E6%A6%82%E8%A6%81%20%E5%95%8F%E3%81%84%E5%90%88%E3%82%8F%E3%81%9B%20%E5%8D%B8
SNK,除外:メディア,版元直取引は法人+実績が前提(法人化で条件付きに開く),SNK,,2,ゲーム,6,2,0,,6260,16568,NEOGEO mini （ネオジオミニ）本体,B07QGB8MN6,https://www.google.com/search?q=SNK%20%E4%BC%9A%E7%A4%BE%E6%A6%82%E8%A6%81%20%E5%95%8F%E3%81%84%E5%90%88%E3%82%8F%E3%81%9B%20%E5%8D%B8
株式会社,除外:メディア,再販制度対象(法人化でも解けない),株式会社,あり,2,本,6,2,0,,5802,14975,ドクターストーン Dr.STONE　コミック　全27巻セット (集英社),B0CZXNHQDR,https://www.google.com/search?q=%E6%A0%AA%E5%BC%8F%E4%BC%9A%E7%A4%BE%20%E4%BC%9A%E7%A4%BE%E6%A6%82%E8%A6%81%20%E5%95%8F%E3%81%84%E5%90%88%E3%82%8F%E3%81%9B%20%E5%8D%B8
LEGACY RECORDINGS,除外:メディア,再販制度対象(法人化でも解けない),Sony,,2,ミュージック,6,1,0,,7722,16368,Michael Jackson's This Is It [Analog],B0037U9PXI,https://www.google.com/search?q=LEGACY%20RECORDINGS%20%E4%BC%9A%E7%A4%BE%E6%A6%82%E8%A6%81%20%E5%95%8F%E3%81%84%E5%90%88%E3%82%8F%E3%81%9B%20%E5%8D%B8
WARNER RECORDS,除外:メディア,再販制度対象(法人化でも解けない),HT,,2,ミュージック,6,1,2,S3_略号JPセラー,5877,13004,STADIUM ARCADIUM [Analog],B000GW8OX2,https://www.google.com/search?q=WARNER%20RECORDS%20%E4%BC%9A%E7%A4%BE%E6%A6%82%E8%A6%81%20%E5%95%8F%E3%81%84%E5%90%88%E3%82%8F%E3%81%9B%20%E5%8D%B8
ジャニーズ・エンタテイメント,除外:メディア,版元直取引は法人+実績が前提(法人化で条件付きに開く),ジャニーズ・エンタテイメント,,2,DVD,4,2,0,,3358,13162,KinKi Kids Concert 2022-2023 24451〜The Story of Us〜 (初回生産限定盤) (DVD) (特典なし),B0C73FY74P,https://www.google.com/search?q=%E3%82%B8%E3%83%A3%E3%83%8B%E3%83%BC%E3%82%BA%EF%BD%A5%E3%82%A8%E3%83%B3%E3%82%BF%E3%83%86%E3%82%A4%E3%83%A1%E3%83%B3%E3%83%88%20%E4%BC%9A%E7%A4%BE%E6%A6%82%E8%A6%81%20%E5%95%8F%E3%81%84%E5%90%88%E3%82%8F%E3%81%9B%20%E5%8D%B8
コンテンツ・ファクトリー,除外:メディア,再販制度対象(法人化でも解けない),コンテンツ・ファクトリー,,2,本,3,2,0,,1092,3025,問題解決の全体観 上巻 ハード思考編,4904256026,https://www.google.com/search?q=%E3%82%B3%E3%83%B3%E3%83%86%E3%83%B3%E3%83%84%E3%83%BB%E3%83%95%E3%82%A1%E3%82%AF%E3%83%88%E3%83%AA%E3%83%BC%20%E4%BC%9A%E7%A4%BE%E6%A6%82%E8%A6%81%20%E5%95%8F%E3%81%84%E5%90%88%E3%82%8F%E3%81%9B%20%E5%8D%B8
駿台文庫,除外:メディア,再販制度対象(法人化でも解けない),駿台文庫,,2,本,3,1,0,,1254,4850,2025-共通テスト実戦パッケージ問題　青パック (駿台大学入試完全対策シリーズ),4796164804,https://www.google.com/search?q=%E9%A7%BF%E5%8F%B0%E6%96%87%E5%BA%AB%20%E4%BC%9A%E7%A4%BE%E6%A6%82%E8%A6%81%20%E5%95%8F%E3%81%84%E5%90%88%E3%82%8F%E3%81%9B%20%E5%8D%B8
アステッキホールディングス株式会社,除外:メディア,再販制度対象(法人化でも解けない),アステッキホールディングス株式会社,あり,2,本,3,1,0,,2726,5940,呼吸療法認定士受験必修予想問題集【アプリ付き】2026年度版,4909470026,https://www.google.com/search?q=%E3%82%A2%E3%82%B9%E3%83%86%E3%83%83%E3%82%AD%E3%83%9B%E3%83%BC%E3%83%AB%E3%83%87%E3%82%A3%E3%83%B3%E3%82%B0%E3%82%B9%E6%A0%AA%E5%BC%8F%E4%BC%9A%E7%A4%BE%20%E4%BC%9A%E7%A4%BE%E6%A6%82%E8%A6%81%20%E5%95%8F%E3%81%84%E5%90%88%E3%82%8F%E3%81%9B%20%E5%8D%B8
地域開発研究所,除外:メディア,再販制度対象(法人化でも解けない),地域開発研究所,,2,本,4,1,0,,1852,6178,1級管工事施工管理第一次検定問題解説集2025年版,4886154387,https://www.google.com/search?q=%E5%9C%B0%E5%9F%9F%E9%96%8B%E7%99%BA%E7%A0%94%E7%A9%B6%E6%89%80%20%E4%BC%9A%E7%A4%BE%E6%A6%82%E8%A6%81%20%E5%95%8F%E3%81%84%E5%90%88%E3%82%8F%E3%81%9B%20%E5%8D%B8
フロムソフトウェア,除外:メディア,版元直取引は法人+実績が前提(法人化で条件付きに開く),フロム・ソフトウェア,,2,ゲーム,3,1,0,,2413,7150,ARMORED CORE VERDICT DAY(アーマード・コア ヴァーディクトデイ)(通常版) - PS3,B00BKTDJ1C,https://www.google.com/search?q=%E3%83%95%E3%83%AD%E3%83%A0%E3%82%BD%E3%83%95%E3%83%88%E3%82%A6%E3%82%A7%E3%82%A2%20%E4%BC%9A%E7%A4%BE%E6%A6%82%E8%A6%81%20%E5%95%8F%E3%81%84%E5%90%88%E3%82%8F%E3%81%9B%20%E5%8D%B8
Taishita,除外:メディア,版元直取引は法人+実績が前提(法人化で条件付きに開く),ビクターエンタテインメント,,2,DVD,6,1,0,,3762,8968,"SUPER SUMMER LIVE 2013 “灼熱のマンピー!! G★スポット解禁!!"" 胸熱完全版【完全生産限定盤】 [DVD]",B00GMSO4OC,https://www.google.com/search?q=Taishita%20%E4%BC%9A%E7%A4%BE%E6%A6%82%E8%A6%81%20%E5%95%8F%E3%81%84%E5%90%88%E3%82%8F%E3%81%9B%20%E5%8D%B8
株式会社ストームレーベルズ,除外:メディア,版元直取引は法人+実績が前提(法人化で条件付きに開く),株式会社ストームレーベルズ,あり,2,DVD,5,0,0,,2482,10132,Ryosuke Yamada LIVE TOUR 2025 RED (初回生産限定盤) (Blu-ray) - Ryosuke Yamada,B0FYM2TFZK,https://www.google.com/search?q=%E6%A0%AA%E5%BC%8F%E4%BC%9A%E7%A4%BE%E3%82%B9%E3%83%88%E3%83%BC%E3%83%A0%E3%83%AC%E3%83%BC%E3%83%99%E3%83%AB%E3%82%BA%20%E4%BC%9A%E7%A4%BE%E6%A6%82%E8%A6%81%20%E5%95%8F%E3%81%84%E5%90%88%E3%82%8F%E3%81%9B%20%E5%8D%B8
中央法規出版,除外:メディア,再販制度対象(法人化でも解けない),中央法規出版,,2,本,3,1,0,,3015,9228,障害者総合支援法 事業者ハンドブック 報酬編〔2024年版〕: 報酬告示と留意事項通知,482430086X,https://www.google.com/search?q=%E4%B8%AD%E5%A4%AE%E6%B3%95%E8%A6%8F%E5%87%BA%E7%89%88%20%E4%BC%9A%E7%A4%BE%E6%A6%82%E8%A6%81%20%E5%95%8F%E3%81%84%E5%90%88%E3%82%8F%E3%81%9B%20%E5%8D%B8
LEONINE,除外:メディア,版元直取引は法人+実績が前提(法人化で条件付きに開く),LEONINE Distribution GmbH,,2,DVD,4,0,2,S3_略号JPセラー,4553,12162,Ghost in the Shell 2 - Innocence UHD BD (Limited Edition) [Blu-ray],B0BZSRJSHX,https://www.google.com/search?q=LEONINE%20%E4%BC%9A%E7%A4%BE%E6%A6%82%E8%A6%81%20%E5%95%8F%E3%81%84%E5%90%88%E3%82%8F%E3%81%9B%20%E5%8D%B8
Funimation,除外:メディア,版元直取引は法人+実績が前提(法人化で条件付きに開く),,,2,DVD,4,0,0,,4280,12632,Wolf Children [DVD] [Import],B00ENNO1E6,https://www.google.com/search?q=Funimation%20%E4%BC%9A%E7%A4%BE%E6%A6%82%E8%A6%81%20%E5%95%8F%E3%81%84%E5%90%88%E3%82%8F%E3%81%9B%20%E5%8D%B8
Lions Gate,除外:メディア,版元直取引は法人+実績が前提(法人化で条件付きに開く),LIONSGATE,,2,DVD,6,0,0,,5954,12615,Apocalypse Now [Blu-ray],B00FAHYO1E,https://www.google.com/search?q=Lions%20Gate%20%E4%BC%9A%E7%A4%BE%E6%A6%82%E8%A6%81%20%E5%95%8F%E3%81%84%E5%90%88%E3%82%8F%E3%81%9B%20%E5%8D%B8
ATLANTIC RECORDS,除外:メディア,再販制度対象(法人化でも解けない),Atlantic,,2,ミュージック,3,0,0,,5736,12643,IV: Deluxe Edition (2CD+T-Shirt) (size: XL),B00OYIMXZY,https://www.google.com/search?q=ATLANTIC%20RECORDS%20%E4%BC%9A%E7%A4%BE%E6%A6%82%E8%A6%81%20%E5%95%8F%E3%81%84%E5%90%88%E3%82%8F%E3%81%9B%20%E5%8D%B8
技術評論社,除外:メディア,再販制度対象(法人化でも解けない),技術評論社,,2,本,4,1,0,,1908,5140,令和07年 イメージ＆クレバー方式でよくわかる かやのき先生の基本情報技術者教室,4297145340,https://www.google.com/search?q=%E6%8A%80%E8%A1%93%E8%A9%95%E8%AB%96%E7%A4%BE%20%E4%BC%9A%E7%A4%BE%E6%A6%82%E8%A6%81%20%E5%95%8F%E3%81%84%E5%90%88%E3%82%8F%E3%81%9B%20%E5%8D%B8
オーム社,除外:メディア,再販制度対象(法人化でも解けない),オーム社,,2,本,4,0,0,,554,4420,ぜんぶ絵で見て覚える 第2種電気工事士 学科試験 すい～っと合格 2025年版,4274232964,https://www.google.com/search?q=%E3%82%AA%E3%83%BC%E3%83%A0%E7%A4%BE%20%E4%BC%9A%E7%A4%BE%E6%A6%82%E8%A6%81%20%E5%95%8F%E3%81%84%E5%90%88%E3%82%8F%E3%81%9B%20%E5%8D%B8
ジョブカン Desktop,除外:メディア,版元直取引は法人+実績が前提(法人化で条件付きに開く),株式会社ジョブカン会計,あり,2,PCソフト,5,1,0,,3474,7658,ジョブカンDesktop 青色申告 23 乗換・優待版,B0BB8BHYYB,https://www.google.com/search?q=%E3%82%B8%E3%83%A7%E3%83%96%E3%82%AB%E3%83%B3%20Desktop%20%E4%BC%9A%E7%A4%BE%E6%A6%82%E8%A6%81%20%E5%95%8F%E3%81%84%E5%90%88%E3%82%8F%E3%81%9B%20%E5%8D%B8
8Bitdo,除外:メディア,版元直取引は法人+実績が前提(法人化で条件付きに開く),8bitdo,,2,ゲーム,2,1,2,S1_ブランド直営出品+S3_略号JPセラー,3762,6980,8BitDo Pro 2 Switch用のBluetoothコントローラー、ホールエフェクトジョイスティックアップデート、Switch、PC、Android、S,B0CSPGMGBT,https://www.google.com/search?q=8Bitdo%20%E4%BC%9A%E7%A4%BE%E6%A6%82%E8%A6%81%20%E5%95%8F%E3%81%84%E5%90%88%E3%82%8F%E3%81%9B%20%E5%8D%B8
AQielev,除外:メディア,版元直取引は法人+実績が前提(法人化で条件付きに開く),AQielev,,2,ゲーム,0,0,6,S1_ブランド直営出品+S2_ピンイン風セラー+S3_略号JPセラー,2863,5687,アケコン レバーレス コントローラー ps4コントローラー 格闘ゲーム パッド「16ボタン·RP2040搭載·全機種対応·手軽に昇龍発動」,B0GF1VD155,https://www.google.com/search?q=AQielev%20%E4%BC%9A%E7%A4%BE%E6%A6%82%E8%A6%81%20%E5%95%8F%E3%81%84%E5%90%88%E3%82%8F%E3%81%9B%20%E5%8D%B8
ドリーミュージック,除外:メディア,版元直取引は法人+実績が前提(法人化で条件付きに開く),Dreamusic,,2,DVD,3,0,0,,5040,10686,A HARD DAY'S NIGHT【DVD(本編)+DVD(特典)】,B08NKCBPH5,https://www.google.com/search?q=%E3%83%89%E3%83%AA%E3%83%BC%E3%83%9F%E3%83%A5%E3%83%BC%E3%82%B8%E3%83%83%E3%82%AF%20%E4%BC%9A%E7%A4%BE%E6%A6%82%E8%A6%81%20%E5%95%8F%E3%81%84%E5%90%88%E3%82%8F%E3%81%9B%20%E5%8D%B8
白泉社,除外:メディア,再販制度対象(法人化でも解けない),白泉社,,2,本,3,2,0,,3150,7892,動物のお医者さん 全8巻 完結セット (白泉社文庫),4592889061,https://www.google.com/search?q=%E7%99%BD%E6%B3%89%E7%A4%BE%20%E4%BC%9A%E7%A4%BE%E6%A6%82%E8%A6%81%20%E5%95%8F%E3%81%84%E5%90%88%E3%82%8F%E3%81%9B%20%E5%8D%B8
MGM (Video & DVD),除外:メディア,版元直取引は法人+実績が前提(法人化で条件付きに開く),MGM (Video & DVD),,2,DVD,5,1,0,,6350,11309,Silence of the Lambs (Two-Disc Blu-ray/DVD Combo in Blu-ray Packaging),B003WTO5Y8,https://www.google.com/search?q=MGM%20%28Video%20%26%20DVD%29%20%E4%BC%9A%E7%A4%BE%E6%A6%82%E8%A6%81%20%E5%95%8F%E3%81%84%E5%90%88%E3%82%8F%E3%81%9B%20%E5%8D%B8
METRO GOLDWYN MAYER,除外:メディア,版元直取引は法人+実績が前提(法人化で条件付きに開く),Mgm (Video & DVD),,2,DVD,4,0,0,,5718,10564,"Great Escape, The [Blu-ray]",B00BQLEGIO,https://www.google.com/search?q=METRO%20GOLDWYN%20MAYER%20%E4%BC%9A%E7%A4%BE%E6%A6%82%E8%A6%81%20%E5%95%8F%E3%81%84%E5%90%88%E3%82%8F%E3%81%9B%20%E5%8D%B8
Anchor Canada,除外:メディア,再販制度対象(法人化でも解けない),Anchor Canada,,2,洋書,5,0,0,,3904,7812,A Short History of Nearly Everything,0385660049,https://www.google.com/search?q=Anchor%20Canada%20%E4%BC%9A%E7%A4%BE%E6%A6%82%E8%A6%81%20%E5%95%8F%E3%81%84%E5%90%88%E3%82%8F%E3%81%9B%20%E5%8D%B8
日本コロムビア,除外:メディア,再販制度対象(法人化でも解けない),日本コロムビア,,2,ミュージック,4,1,0,,4374,8930,cult grass stars(生産限定盤) - THEE MICHELLE GUN ELEPHANT [Analog],B0DQ657QDG,https://www.google.com/search?q=%E6%97%A5%E6%9C%AC%E3%82%B3%E3%83%AD%E3%83%A0%E3%83%93%E3%82%A2%20%E4%BC%9A%E7%A4%BE%E6%A6%82%E8%A6%81%20%E5%95%8F%E3%81%84%E5%90%88%E3%82%8F%E3%81%9B%20%E5%8D%B8
Blue Note,除外:メディア,再販制度対象(法人化でも解けない),Blue Note,,2,ミュージック,4,0,2,S3_略号JPセラー,3050,8556,Montara [12 inch Analog],B0FLHPKD17,https://www.google.com/search?q=Blue%20Note%20%E4%BC%9A%E7%A4%BE%E6%A6%82%E8%A6%81%20%E5%95%8F%E3%81%84%E5%90%88%E3%82%8F%E3%81%9B%20%E5%8D%B8
Avex Entertainment,除外:メディア,版元直取引は法人+実績が前提(法人化で条件付きに開く),Avex Entertainment,,2,DVD,6,1,0,,3246,9830,namie amuro Final Tour 2018 ~Finally~ (東京ドーム最終公演+25周年沖縄ライブ+5月東京ドーム公演)(Blu-ray Di,B07DG6X9RD,https://www.google.com/search?q=Avex%20Entertainment%20%E4%BC%9A%E7%A4%BE%E6%A6%82%E8%A6%81%20%E5%95%8F%E3%81%84%E5%90%88%E3%82%8F%E3%81%9B%20%E5%8D%B8
ビデオメーカー,除外:メディア,版元直取引は法人+実績が前提(法人化で条件付きに開く),ニホンモニター・ドリームライフ,,2,DVD,3,0,0,,5106,9068,ジャック・オッフェンバック：喜歌劇 <ペリコール> 全３幕 [DVD],B00005HOUH,https://www.google.com/search?q=%E3%83%93%E3%83%87%E3%82%AA%E3%83%A1%E3%83%BC%E3%82%AB%E3%83%BC%20%E4%BC%9A%E7%A4%BE%E6%A6%82%E8%A6%81%20%E5%95%8F%E3%81%84%E5%90%88%E3%82%8F%E3%81%9B%20%E5%8D%B8
アトラス,除外:メディア,版元直取引は法人+実績が前提(法人化で条件付きに開く),アトラス,,2,ゲーム,6,1,0,,6048,10696,世界樹の迷宮X (クロス) 【先着購入特典】DLC「新たな冒険者イラストパック」 同梱 - 3DS,B07C1VBF76,https://www.google.com/search?q=%E3%82%A2%E3%83%88%E3%83%A9%E3%82%B9%20%E4%BC%9A%E7%A4%BE%E6%A6%82%E8%A6%81%20%E5%95%8F%E3%81%84%E5%90%88%E3%82%8F%E3%81%9B%20%E5%8D%B8
DISNEY PIXAR(ディズニー ピクサー),除外:メディア,版元直取引は法人+実績が前提(法人化で条件付きに開く),Disney-Pixar,,2,DVD,3,1,0,,2842,12124,Up / [Blu-ray] [Import],B01JURU6RA,https://www.google.com/search?q=DISNEY%20PIXAR%28%E3%83%87%E3%82%A3%E3%82%BA%E3%83%8B%E3%83%BC%20%E3%83%94%E3%82%AF%E3%82%B5%E3%83%BC%29%20%E4%BC%9A%E7%A4%BE%E6%A6%82%E8%A6%81%20%E5%95%8F%E3%81%84%E5%90%88%E3%82%8F%E3%81%9B%20%E5%8D%B8
コロムビアミュージックエンタテインメント,除外:メディア,版元直取引は法人+実績が前提(法人化で条件付きに開く),Happinet,,2,DVD,5,0,0,,1642,11240,ナミヤ雑貨店の奇蹟 豪華版 [Blu-ray],B077VGGCR5,https://www.google.com/search?q=%E3%82%B3%E3%83%AD%E3%83%A0%E3%83%93%E3%82%A2%E3%83%9F%E3%83%A5%E3%83%BC%E3%82%B8%E3%83%83%E3%82%AF%E3%82%A8%E3%83%B3%E3%82%BF%E3%83%86%E3%82%A4%E3%83%B3%E3%83%A1%E3%83%B3%E3%83%88%20%E4%BC%9A%E7%A4%BE%E6%A6%82%E8%A6%81%20%E5%95%8F%E3%81%84%E5%90%88%E3%82%8F%E3%81%9B%20%E5%8D%B8
Plaion Pictures,除外:メディア,版元直取引は法人+実績が前提(法人化で条件付きに開く),,,2,DVD,6,1,2,S3_略号JPセラー,6600,11885,I Mercen4ri - Expendables (Steelbook 4K UHD + Blu-ray),B0CL4QQMB3,https://www.google.com/search?q=Plaion%20Pictures%20%E4%BC%9A%E7%A4%BE%E6%A6%82%E8%A6%81%20%E5%95%8F%E3%81%84%E5%90%88%E3%82%8F%E3%81%9B%20%E5%8D%B8
Polydor,除外:メディア,再販制度対象(法人化でも解けない),Pgd/Polygram Pop/Jazz,,2,ミュージック,4,0,0,,2345,4846,Long Live Rock N Roll,B000001FDA,https://www.google.com/search?q=Polydor%20%E4%BC%9A%E7%A4%BE%E6%A6%82%E8%A6%81%20%E5%95%8F%E3%81%84%E5%90%88%E3%82%8F%E3%81%9B%20%E5%8D%B8
Scholastic,除外:メディア,再販制度対象(法人化でも解けない),Scholastic,,2,洋書,5,0,0,,1744,4728,Harry Potter and the Prisoner of Azkaban,0545582938,https://www.google.com/search?q=Scholastic%20%E4%BC%9A%E7%A4%BE%E6%A6%82%E8%A6%81%20%E5%95%8F%E3%81%84%E5%90%88%E3%82%8F%E3%81%9B%20%E5%8D%B8
水曜どうでしょう,除外:メディア,版元直取引は法人+実績が前提(法人化で条件付きに開く),Htb北海道テレビ,,2,DVD,4,2,0,,3594,6534,【DVD】水曜どうでしょう 第36弾「懐かしの西表島」,B0GHS2CVQH,https://www.google.com/search?q=%E6%B0%B4%E6%9B%9C%E3%81%A9%E3%81%86%E3%81%A7%E3%81%97%E3%82%87%E3%81%86%20%E4%BC%9A%E7%A4%BE%E6%A6%82%E8%A6%81%20%E5%95%8F%E3%81%84%E5%90%88%E3%82%8F%E3%81%9B%20%E5%8D%B8
経営科学出版,除外:メディア,再販制度対象(法人化でも解けない),経営科学出版,,1,本,2,0,0,,657,5300,日本経済の勝算〜なぜ今、世界が日本に注目するのか〜,4867691453,https://www.google.com/search?q=%E7%B5%8C%E5%96%B6%E7%A7%91%E5%AD%A6%E5%87%BA%E7%89%88%20%E4%BC%9A%E7%A4%BE%E6%A6%82%E8%A6%81%20%E5%95%8F%E3%81%84%E5%90%88%E3%82%8F%E3%81%9B%20%E5%8D%B8
Blackstone Publishing,除外:メディア,再販制度対象(法人化でも解けない),Blackstone Pub,,1,洋書,5,0,2,S3_略号JPセラー,3109,7282,The Seven Husbands of Evelyn Hugo,B0B8B8JWMF,https://www.google.com/search?q=Blackstone%20Publishing%20%E4%BC%9A%E7%A4%BE%E6%A6%82%E8%A6%81%20%E5%95%8F%E3%81%84%E5%90%88%E3%82%8F%E3%81%9B%20%E5%8D%B8
Def Jam,除外:メディア,再販制度対象(法人化でも解けない),ISLAND,,1,ミュージック,4,0,2,S3_略号JPセラー,2665,7282,PURPOSE [Analog],B016BYAEAO,https://www.google.com/search?q=Def%20Jam%20%E4%BC%9A%E7%A4%BE%E6%A6%82%E8%A6%81%20%E5%95%8F%E3%81%84%E5%90%88%E3%82%8F%E3%81%9B%20%E5%8D%B8
コロンバスサークル,除外:メディア,版元直取引は法人+実績が前提(法人化で条件付きに開く),コロンバスサークル,,1,ゲーム,2,0,0,,3155,8580,コロンバスサークル（FC用互換機）8ビットポケット V2 - 液晶画面搭載ポータブルファミコン互換機【生産終了】,B0D6MZ2GLN,https://www.google.com/search?q=%E3%82%B3%E3%83%AD%E3%83%B3%E3%83%90%E3%82%B9%E3%82%B5%E3%83%BC%E3%82%AF%E3%83%AB%20%E4%BC%9A%E7%A4%BE%E6%A6%82%E8%A6%81%20%E5%95%8F%E3%81%84%E5%90%88%E3%82%8F%E3%81%9B%20%E5%8D%B8
Trafalgar Square Publishing,除外:メディア,再販制度対象(法人化でも解けない),Trafalgar Square Publishing,,1,洋書,4,0,0,,6687,11745,Pride and Prejudice,0437245756,https://www.google.com/search?q=Trafalgar%20Square%20Publishing%20%E4%BC%9A%E7%A4%BE%E6%A6%82%E8%A6%81%20%E5%95%8F%E3%81%84%E5%90%88%E3%82%8F%E3%81%9B%20%E5%8D%B8
Globular Cluster,除外:メディア,版元直取引は法人+実績が前提(法人化で条件付きに開く),Globular Cluster,,1,ゲーム,5,2,2,S2_ピンイン風セラー,5815,11800,球状クラスター CMP2 快適 Mod PS VR 2用,B0CBJY4DR2,https://www.google.com/search?q=Globular%20Cluster%20%E4%BC%9A%E7%A4%BE%E6%A6%82%E8%A6%81%20%E5%95%8F%E3%81%84%E5%90%88%E3%82%8F%E3%81%9B%20%E5%8D%B8
Evercade,除外:メディア,版元直取引は法人+実績が前提(法人化で条件付きに開く),,,1,PCソフト,4,0,2,S3_略号JPセラー,2258,11855,Cartucho Evercade Mega Cat 1,B07XGBV6GW,https://www.google.com/search?q=Evercade%20%E4%BC%9A%E7%A4%BE%E6%A6%82%E8%A6%81%20%E5%95%8F%E3%81%84%E5%90%88%E3%82%8F%E3%81%9B%20%E5%8D%B8
フライングドッグ,除外:メディア,再販制度対象(法人化でも解けない),フライングドッグ,,1,ミュージック,2,0,0,,2996,13983,マクロスF オールタイムベストアルバム 「娘々グレイテスト☆ヒッツ！」 [アナログ] [3LP] [Analog],B0DNPX7V7G,https://www.google.com/search?q=%E3%83%95%E3%83%A9%E3%82%A4%E3%83%B3%E3%82%B0%E3%83%89%E3%83%83%E3%82%B0%20%E4%BC%9A%E7%A4%BE%E6%A6%82%E8%A6%81%20%E5%95%8F%E3%81%84%E5%90%88%E3%82%8F%E3%81%9B%20%E5%8D%B8
祥伝社,除外:メディア,再販制度対象(法人化でも解けない),祥伝社,,1,本,3,2,0,,4485,13506,違国日記　全１１巻セット (FEEL コミックス),4396769253,https://www.google.com/search?q=%E7%A5%A5%E4%BC%9D%E7%A4%BE%20%E4%BC%9A%E7%A4%BE%E6%A6%82%E8%A6%81%20%E5%95%8F%E3%81%84%E5%90%88%E3%82%8F%E3%81%9B%20%E5%8D%B8
サイバーガジェット,除外:メディア,版元直取引は法人+実績が前提(法人化で条件付きに開く),サイバーガジェット,,1,ゲーム,4,0,0,,6201,14444,レトロフリーク ギアコンバーター S 【ゲームギア、セガ・マークIII、SG-1000用ソフト向け】 メガブラック,B07L95695F,https://www.google.com/search?q=%E3%82%B5%E3%82%A4%E3%83%90%E3%83%BC%E3%82%AC%E3%82%B8%E3%82%A7%E3%83%83%E3%83%88%20%E4%BC%9A%E7%A4%BE%E6%A6%82%E8%A6%81%20%E5%95%8F%E3%81%84%E5%90%88%E3%82%8F%E3%81%9B%20%E5%8D%B8
Graphixly,除外:メディア,版元直取引は法人+実績が前提(法人化で条件付きに開く),Celsys,,1,PCソフト,3,1,0,,7207,15178,CLIP STUDIO PAINT PRO - NEW Branding [並行輸入品] (Windows/Mac),B07DYSR1QH,https://www.google.com/search?q=Graphixly%20%E4%BC%9A%E7%A4%BE%E6%A6%82%E8%A6%81%20%E5%95%8F%E3%81%84%E5%90%88%E3%82%8F%E3%81%9B%20%E5%8D%B8
Speakers Corner,除外:メディア,再販制度対象(法人化でも解けない),Analogue Productions,,1,ミュージック,4,0,0,,6174,16705,Time Out -Ltd/Hq/45 Rpm- [Analog],B008GOAENK,https://www.google.com/search?q=Speakers%20Corner%20%E4%BC%9A%E7%A4%BE%E6%A6%82%E8%A6%81%20%E5%95%8F%E3%81%84%E5%90%88%E3%82%8F%E3%81%9B%20%E5%8D%B8
TCエンタテインメント,除外:メディア,版元直取引は法人+実績が前提(法人化で条件付きに開く),TCエンタテインメント,,1,DVD,2,0,0,,9290,16380,ミッドサマー UHD(Ultra HD Blu-ray)豪華版3枚組(スチールブック仕様・初回生産限定版),B089YG9T9D,https://www.google.com/search?q=TC%E3%82%A8%E3%83%B3%E3%82%BF%E3%83%86%E3%82%A4%E3%83%B3%E3%83%A1%E3%83%B3%E3%83%88%20%E4%BC%9A%E7%A4%BE%E6%A6%82%E8%A6%81%20%E5%95%8F%E3%81%84%E5%90%88%E3%82%8F%E3%81%9B%20%E5%8D%B8
朝日新聞出版,除外:メディア,再販制度対象(法人化でも解けない),朝日新聞出版,,1,本,2,0,0,,9559,16500,羽生結弦写真集 Tai（AERA特別編集／スペシャルBOX入り） ([バラエティ]),4023323764,https://www.google.com/search?q=%E6%9C%9D%E6%97%A5%E6%96%B0%E8%81%9E%E5%87%BA%E7%89%88%20%E4%BC%9A%E7%A4%BE%E6%A6%82%E8%A6%81%20%E5%95%8F%E3%81%84%E5%90%88%E3%82%8F%E3%81%9B%20%E5%8D%B8
Wondershare,除外:メディア,版元直取引は法人+実績が前提(法人化で条件付きに開く),Wondershare,,1,PCソフト,0,0,2,S1_ブランド直営出品,10182,16980,高度な動画復元 Wondershare Recoverit Ultimate Plus（Mac版）写真、ビデオ、ドキュメント データ復元ソフト 起動しないパソコ,B08SPZQW9H,https://www.google.com/search?q=Wondershare%20%E4%BC%9A%E7%A4%BE%E6%A6%82%E8%A6%81%20%E5%95%8F%E3%81%84%E5%90%88%E3%82%8F%E3%81%9B%20%E5%8D%B8
ブロッコリー(BROCCOLI),除外:メディア,版元直取引は法人+実績が前提(法人化で条件付きに開く),ブロッコリー,,1,ゲーム,2,0,0,,10542,18620,ジャックジャンヌ 限定ユニヴェールコレクション - Switch,B082Y5LCM3,https://www.google.com/search?q=%E3%83%96%E3%83%AD%E3%83%83%E3%82%B3%E3%83%AA%E3%83%BC%28BROCCOLI%29%20%E4%BC%9A%E7%A4%BE%E6%A6%82%E8%A6%81%20%E5%95%8F%E3%81%84%E5%90%88%E3%82%8F%E3%81%9B%20%E5%8D%B8
ロッキングオン,除外:メディア,再販制度対象(法人化でも解けない),ロッキングオン,,1,本,3,1,0,,145,1958,ロッキング・オン・ジャパン 2025年 11 月号 [雑誌],B0FMYWT923,https://www.google.com/search?q=%E3%83%AD%E3%83%83%E3%82%AD%E3%83%B3%E3%82%B0%E3%82%AA%E3%83%B3%20%E4%BC%9A%E7%A4%BE%E6%A6%82%E8%A6%81%20%E5%95%8F%E3%81%84%E5%90%88%E3%82%8F%E3%81%9B%20%E5%8D%B8
英治出版,除外:メディア,再販制度対象(法人化でも解けない),英治出版,,1,本,5,3,0,,391,4135,イシューからはじめよ――知的生産の「シンプルな本質」,4862760856,https://www.google.com/search?q=%E8%8B%B1%E6%B2%BB%E5%87%BA%E7%89%88%20%E4%BC%9A%E7%A4%BE%E6%A6%82%E8%A6%81%20%E5%95%8F%E3%81%84%E5%90%88%E3%82%8F%E3%81%9B%20%E5%8D%B8
テイクツー・インタラクティブ・ジャパン,除外:メディア,版元直取引は法人+実績が前提(法人化で条件付きに開く),テイクツー・インタラクティブ・ジャパン,,1,ゲーム,5,0,0,,1864,5080,【PS5】グランド・セフト・オートV 【CEROレーティング「Z」】,B09XM8BJRZ,https://www.google.com/search?q=%E3%83%86%E3%82%A4%E3%82%AF%E3%83%84%E3%83%BC%E3%83%BB%E3%82%A4%E3%83%B3%E3%82%BF%E3%83%A9%E3%82%AF%E3%83%86%E3%82%A3%E3%83%96%E3%83%BB%E3%82%B8%E3%83%A3%E3%83%91%E3%83%B3%20%E4%BC%9A%E7%A4%BE%E6%A6%82%E8%A6%81%20%E5%95%8F%E3%81%84%E5%90%88%E3%82%8F%E3%81%9B%20%E5%8D%B8
Hodderscape,除外:メディア,再販制度対象(法人化でも解けない),Hodderscape,,1,洋書,5,1,0,,666,5828,Red Rising: enter the explosive first book in the globally bestselling dystopian,1399741195,https://www.google.com/search?q=Hodderscape%20%E4%BC%9A%E7%A4%BE%E6%A6%82%E8%A6%81%20%E5%95%8F%E3%81%84%E5%90%88%E3%82%8F%E3%81%9B%20%E5%8D%B8
Lector House,除外:メディア,再販制度対象(法人化でも解けない),Lector House,,1,洋書,3,0,0,,3087,6111,Anne Of Green Gables,9353423031,https://www.google.com/search?q=Lector%20House%20%E4%BC%9A%E7%A4%BE%E6%A6%82%E8%A6%81%20%E5%95%8F%E3%81%84%E5%90%88%E3%82%8F%E3%81%9B%20%E5%8D%B8
E-Kitap Projesi & Cheapest Books,除外:メディア,再販制度対象(法人化でも解けない),E-Kitap Projesi & Cheapest Books,,1,洋書,5,0,0,,3376,6180,Animal Farm (Essential Orwell Classics),6257120918,https://www.google.com/search?q=E-Kitap%20Projesi%20%26%20Cheapest%20Books%20%E4%BC%9A%E7%A4%BE%E6%A6%82%E8%A6%81%20%E5%95%8F%E3%81%84%E5%90%88%E3%82%8F%E3%81%9B%20%E5%8D%B8
Blaze Entertainment,除外:メディア,版元直取引は法人+実績が前提(法人化で条件付きに開く),Blaze Entertainment,,1,PCソフト,3,0,2,S3_略号JPセラー,3225,6633,Blaze Evercade The Llamasoftコレクション。,B0FPG1X2JP,https://www.google.com/search?q=Blaze%20Entertainment%20%E4%BC%9A%E7%A4%BE%E6%A6%82%E8%A6%81%20%E5%95%8F%E3%81%84%E5%90%88%E3%82%8F%E3%81%9B%20%E5%8D%B8
inforest,除外:メディア,再販制度対象(法人化でも解けない),インフォレスト,,1,本,2,1,0,,3617,7192,勘定奉行 i 公式導入ガイドブック (OBCオフィシャルガイドブック),486190952X,https://www.google.com/search?q=inforest%20%E4%BC%9A%E7%A4%BE%E6%A6%82%E8%A6%81%20%E5%95%8F%E3%81%84%E5%90%88%E3%82%8F%E3%81%9B%20%E5%8D%B8
"Farrar, Straus and Giroux",除外:メディア,再販制度対象(法人化でも解けない),Farrar Straus & Giroux,,1,洋書,6,1,0,,2810,7056,Holes (Newberry Medal Book),0374332657,https://www.google.com/search?q=Farrar%2C%20Straus%20and%20Giroux%20%E4%BC%9A%E7%A4%BE%E6%A6%82%E8%A6%81%20%E5%95%8F%E3%81%84%E5%90%88%E3%82%8F%E3%81%9B%20%E5%8D%B8
ぴあ,除外:メディア,再販制度対象(法人化でも解けない),ぴあ,,1,本,2,1,0,,3744,7350,帝国劇場アニバーサリーブック NEW HISTORY COMING(劇場内外観オリジナルクリアファイル付き),B0DLBD5BNL,https://www.google.com/search?q=%E3%81%B4%E3%81%82%20%E4%BC%9A%E7%A4%BE%E6%A6%82%E8%A6%81%20%E5%95%8F%E3%81%84%E5%90%88%E3%82%8F%E3%81%9B%20%E5%8D%B8
Abrams Books,除外:メディア,再販制度対象(法人化でも解けない),Harry N. Abrams,,1,洋書,5,1,0,,3331,7864,The Art of Star Wars: The Mandalorian (Season Two): The Official Behind-the-Scen,1419756516,https://www.google.com/search?q=Abrams%20Books%20%E4%BC%9A%E7%A4%BE%E6%A6%82%E8%A6%81%20%E5%95%8F%E3%81%84%E5%90%88%E3%82%8F%E3%81%9B%20%E5%8D%B8
ジェネオン・ユニバーサル,除外:メディア,版元直取引は法人+実績が前提(法人化で条件付きに開く),ジェネオン・ユニバーサル,,1,DVD,3,0,0,,1876,8710,地獄の黙示録 3Disc コレクターズ・エディション (初回生産限定) [Blu-ray],B004XV5H7I,https://www.google.com/search?q=%E3%82%B8%E3%82%A7%E3%83%8D%E3%82%AA%E3%83%B3%E3%83%BB%E3%83%A6%E3%83%8B%E3%83%90%E3%83%BC%E3%82%B5%E3%83%AB%20%E4%BC%9A%E7%A4%BE%E6%A6%82%E8%A6%81%20%E5%95%8F%E3%81%84%E5%90%88%E3%82%8F%E3%81%9B%20%E5%8D%B8
新日本法規出版,除外:メディア,再販制度対象(法人化でも解けない),新日本法規出版株式会社,あり,1,本,5,1,0,,4075,8210,建築消防advice 2025,4788294141,https://www.google.com/search?q=%E6%96%B0%E6%97%A5%E6%9C%AC%E6%B3%95%E8%A6%8F%E5%87%BA%E7%89%88%20%E4%BC%9A%E7%A4%BE%E6%A6%82%E8%A6%81%20%E5%95%8F%E3%81%84%E5%90%88%E3%82%8F%E3%81%9B%20%E5%8D%B8
Barbie,除外:メディア,版元直取引は法人+実績が前提(法人化で条件付きに開く),ALLWIN,,1,PCソフト,2,0,0,,3496,10673,Barbie Fashionista Boneca Cadeira de Rodas Roxa,B0B627GTQM,https://www.google.com/search?q=Barbie%20%E4%BC%9A%E7%A4%BE%E6%A6%82%E8%A6%81%20%E5%95%8F%E3%81%84%E5%90%88%E3%82%8F%E3%81%9B%20%E5%8D%B8
メディックメディア,除外:メディア,再販制度対象(法人化でも解けない),メディックメディア,,1,本,4,1,0,,2645,10450,レビューブック　管理栄養士　2026,4896329570,https://www.google.com/search?q=%E3%83%A1%E3%83%87%E3%82%A3%E3%83%83%E3%82%AF%E3%83%A1%E3%83%87%E3%82%A3%E3%82%A2%20%E4%BC%9A%E7%A4%BE%E6%A6%82%E8%A6%81%20%E5%95%8F%E3%81%84%E5%90%88%E3%82%8F%E3%81%9B%20%E5%8D%B8
Doubleday,除外:メディア,再販制度対象(法人化でも解けない),Doubleday Canada,,1,洋書,5,0,0,,5043,10407,"Thinking, Fast and Slow",0385676514,https://www.google.com/search?q=Doubleday%20%E4%BC%9A%E7%A4%BE%E6%A6%82%E8%A6%81%20%E5%95%8F%E3%81%84%E5%90%88%E3%82%8F%E3%81%9B%20%E5%8D%B8
Harvill Secker,除外:メディア,再販制度対象(法人化でも解けない),Harvill Secker,,1,洋書,2,0,0,,3314,10582,Nineteen Eighty-Four,1787301087,https://www.google.com/search?q=Harvill%20Secker%20%E4%BC%9A%E7%A4%BE%E6%A6%82%E8%A6%81%20%E5%95%8F%E3%81%84%E5%90%88%E3%82%8F%E3%81%9B%20%E5%8D%B8
Garnier Editora,除外:メディア,再販制度対象(法人化でも解けない),Garnier Editora,,1,洋書,2,0,0,,3822,11086,The Little Prince,6584956601,https://www.google.com/search?q=Garnier%20Editora%20%E4%BC%9A%E7%A4%BE%E6%A6%82%E8%A6%81%20%E5%95%8F%E3%81%84%E5%90%88%E3%82%8F%E3%81%9B%20%E5%8D%B8
ロゴヴィスタ,除外:メディア,版元直取引は法人+実績が前提(法人化で条件付きに開く),ロゴヴィスタ,,1,PCソフト,2,1,0,,6523,11220,研究社 医学英和辞典 第2版,B002UQSTKU,https://www.google.com/search?q=%E3%83%AD%E3%82%B4%E3%83%B4%E3%82%A3%E3%82%B9%E3%82%BF%20%E4%BC%9A%E7%A4%BE%E6%A6%82%E8%A6%81%20%E5%95%8F%E3%81%84%E5%90%88%E3%82%8F%E3%81%9B%20%E5%8D%B8
KRE,除外:メディア,版元直取引は法人+実績が前提(法人化で条件付きに開く),KRE,,1,DVD,6,0,0,,4853,11980,25th L'Anniversary LIVE(初回生産限定盤) [Blu-ray],B07B12HMLC,https://www.google.com/search?q=KRE%20%E4%BC%9A%E7%A4%BE%E6%A6%82%E8%A6%81%20%E5%95%8F%E3%81%84%E5%90%88%E3%82%8F%E3%81%9B%20%E5%8D%B8
Yale University Press,除外:メディア,再販制度対象(法人化でも解けない),Yale University Press,,1,洋書,5,0,0,,6719,12292,The Great Delusion: Liberal Dreams and International Realities (Henry L. Stimson,0300234198,https://www.google.com/search?q=Yale%20University%20Press%20%E4%BC%9A%E7%A4%BE%E6%A6%82%E8%A6%81%20%E5%95%8F%E3%81%84%E5%90%88%E3%82%8F%E3%81%9B%20%E5%8D%B8
Bolinda/Audible Audio,除外:メディア,再販制度対象(法人化でも解けない),Bolinda/Audible Audio,,1,洋書,3,0,2,S2_ピンイン風セラー,3819,12630,Project Hail Mary,186755609X,https://www.google.com/search?q=Bolinda/Audible%20Audio%20%E4%BC%9A%E7%A4%BE%E6%A6%82%E8%A6%81%20%E5%95%8F%E3%81%84%E5%90%88%E3%82%8F%E3%81%9B%20%E5%8D%B8
Business,除外:メディア,再販制度対象(法人化でも解けない),Blackstone Pub,,1,洋書,2,0,0,,8320,13906,Never Split the Difference: Negotiating As If Your Life Depended on It,1504735056,https://www.google.com/search?q=Business%20%E4%BC%9A%E7%A4%BE%E6%A6%82%E8%A6%81%20%E5%95%8F%E3%81%84%E5%90%88%E3%82%8F%E3%81%9B%20%E5%8D%B8
Hachette Audio,除外:メディア,再販制度対象(法人化でも解けない),Hachette Audio,,1,洋書,2,0,0,,7697,13046,"Tuesdays With Morrie: An old man, a young man, and life's greatest lesson",1405500662,https://www.google.com/search?q=Hachette%20Audio%20%E4%BC%9A%E7%A4%BE%E6%A6%82%E8%A6%81%20%E5%95%8F%E3%81%84%E5%90%88%E3%82%8F%E3%81%9B%20%E5%8D%B8
AMOVO,除外:メディア,版元直取引は法人+実績が前提(法人化で条件付きに開く),,,1,DVD,3,0,0,,6171,13258,The Lord of the Rings: The Fellowship of the Ring (Extended Edition) [Blu-ray],B00AWDXB0Q,https://www.google.com/search?q=AMOVO%20%E4%BC%9A%E7%A4%BE%E6%A6%82%E8%A6%81%20%E5%95%8F%E3%81%84%E5%90%88%E3%82%8F%E3%81%9B%20%E5%8D%B8
ポケモン(Pokemon),除外:メディア,版元直取引は法人+実績が前提(法人化で条件付きに開く),ポケモン,,1,ゲーム,3,2,0,,5108,14500,ぽこ あ ポケモン -Switch2 【Amazon.co.jpオリジナル特典】メタモン型木製トレー(サイズ約直径16cm) 同梱 & デジタル特典 家具「ひら,B0FYD2QQ8C,https://www.google.com/search?q=%E3%83%9D%E3%82%B1%E3%83%A2%E3%83%B3%28Pokemon%29%20%E4%BC%9A%E7%A4%BE%E6%A6%82%E8%A6%81%20%E5%95%8F%E3%81%84%E5%90%88%E3%82%8F%E3%81%9B%20%E5%8D%B8
Seefox,除外:メディア,版元直取引は法人+実績が前提(法人化で条件付きに開く),,,1,DVD,3,0,0,,8864,14752,Jaws (Limited Edition Steelbook) [4K Ultra HD + Blu-ray + Digital HD],B08SBLQGKJ,https://www.google.com/search?q=Seefox%20%E4%BC%9A%E7%A4%BE%E6%A6%82%E8%A6%81%20%E5%95%8F%E3%81%84%E5%90%88%E3%82%8F%E3%81%9B%20%E5%8D%B8
フォーライフミュージックエンタテイメント,除外:メディア,再販制度対象(法人化でも解けない),フォーライフミュージックエンタテイメント,,1,ミュージック,2,0,0,,4051,15139,1996 30th Anniversary Edition (完全生産限定盤) (アナログ盤) - 坂本龍一 (特典なし) [Analog],B0GHR37BB6,https://www.google.com/search?q=%E3%83%95%E3%82%A9%E3%83%BC%E3%83%A9%E3%82%A4%E3%83%95%E3%83%9F%E3%83%A5%E3%83%BC%E3%82%B8%E3%83%83%E3%82%AF%E3%82%A8%E3%83%B3%E3%82%BF%E3%83%86%E3%82%A4%E3%83%A1%E3%83%B3%E3%83%88%20%E4%BC%9A%E7%A4%BE%E6%A6%82%E8%A6%81%20%E5%95%8F%E3%81%84%E5%90%88%E3%82%8F%E3%81%9B%20%E5%8D%B8
Island Uk,除外:メディア,再販制度対象(法人化でも解けない),Island Uk,,1,ミュージック,3,0,0,,4076,15114,Back To Black / Valerie [Analog],B0DH7LS1XJ,https://www.google.com/search?q=Island%20Uk%20%E4%BC%9A%E7%A4%BE%E6%A6%82%E8%A6%81%20%E5%95%8F%E3%81%84%E5%90%88%E3%82%8F%E3%81%9B%20%E5%8D%B8
DVDBOX5枚組,除外:メディア,版元直取引は法人+実績が前提(法人化で条件付きに開く),ポニーキャニオン,,1,PCソフト,2,1,0,,1350,15569,古畑任三郎DVDBOX2ndseason [並行輸入品],B01N7BHYES,https://www.google.com/search?q=DVDBOX5%E6%9E%9A%E7%B5%84%20%E4%BC%9A%E7%A4%BE%E6%A6%82%E8%A6%81%20%E5%95%8F%E3%81%84%E5%90%88%E3%82%8F%E3%81%9B%20%E5%8D%B8
株式会社マーベラス,除外:メディア,版元直取引は法人+実績が前提(法人化で条件付きに開く),株式会社マーベラス,あり,1,DVD,3,2,0,,9394,16000,【Amazon.co.jp限定】「キミとアイドルプリキュア♪感謝祭」（＜アクリルブロック＞付版）（アクリルキーホルダー 付） [Blu-ray],B0GMQPWZMN,https://www.google.com/search?q=%E6%A0%AA%E5%BC%8F%E4%BC%9A%E7%A4%BE%E3%83%9E%E3%83%BC%E3%83%99%E3%83%A9%E3%82%B9%20%E4%BC%9A%E7%A4%BE%E6%A6%82%E8%A6%81%20%E5%95%8F%E3%81%84%E5%90%88%E3%82%8F%E3%81%9B%20%E5%8D%B8
Barnes & Noble,除外:メディア,再販制度対象(法人化でも解けない),Barnes & Noble Inc,,1,洋書,3,1,0,,7225,15652,Complete Sherlock Holmes (Barnes & (Barnes & Noble Leatherbound Classic Collecti,1435158105,https://www.google.com/search?q=Barnes%20%26%20Noble%20%E4%BC%9A%E7%A4%BE%E6%A6%82%E8%A6%81%20%E5%95%8F%E3%81%84%E5%90%88%E3%82%8F%E3%81%9B%20%E5%8D%B8
Vintage Canada,除外:メディア,再販制度対象(法人化でも解けない),Vintage Canada,,1,洋書,2,0,0,,5142,15172,The Remains of the Day: A Novel,0345809327,https://www.google.com/search?q=Vintage%20Canada%20%E4%BC%9A%E7%A4%BE%E6%A6%82%E8%A6%81%20%E5%95%8F%E3%81%84%E5%90%88%E3%82%8F%E3%81%9B%20%E5%8D%B8
Imports,除外:メディア,版元直取引は法人+実績が前提(法人化で条件付きに開く),,,1,DVD,2,0,0,,7027,16313,Meet Joe Black [Blu-ray] [Import],B004KA6HRG,https://www.google.com/search?q=Imports%20%E4%BC%9A%E7%A4%BE%E6%A6%82%E8%A6%81%20%E5%95%8F%E3%81%84%E5%90%88%E3%82%8F%E3%81%9B%20%E5%8D%B8
VITURE,除外:メディア,版元直取引は法人+実績が前提(法人化で条件付きに開く),VITURE,,1,ゲーム,1,0,4,S1_ブランド直営出品+S3_略号JPセラー,10221,17400,VITURE Pro モバイルドック XR/ARグラス対応 HDMI対応 Switch 2・Switch 2D/3D 協力プレイ・長時間駆動,B0D3LT6BJW,https://www.google.com/search?q=VITURE%20%E4%BC%9A%E7%A4%BE%E6%A6%82%E8%A6%81%20%E5%95%8F%E3%81%84%E5%90%88%E3%82%8F%E3%81%9B%20%E5%8D%B8
ENTEKE,除外:メディア,版元直取引は法人+実績が前提(法人化で条件付きに開く),,,1,DVD,5,0,0,,8973,16872,"Monsters, Inc. Disney Pixar LIMITED EDITION GIFT SET Includes 2 Disc Blu-Ray, 1 ",B004H3C2TI,https://www.google.com/search?q=ENTEKE%20%E4%BC%9A%E7%A4%BE%E6%A6%82%E8%A6%81%20%E5%95%8F%E3%81%84%E5%90%88%E3%82%8F%E3%81%9B%20%E5%8D%B8
iZotope,除外:メディア,版元直取引は法人+実績が前提(法人化で条件付きに開く),iZotope,,1,PCソフト,2,1,0,,10490,17800,iZotope Neutron 5 アップグレード版 from Neutron 4 or any previous version of Neutron Sta,B0DLB98N9L,https://www.google.com/search?q=iZotope%20%E4%BC%9A%E7%A4%BE%E6%A6%82%E8%A6%81%20%E5%95%8F%E3%81%84%E5%90%88%E3%82%8F%E3%81%9B%20%E5%8D%B8
ESET,除外:メディア,版元直取引は法人+実績が前提(法人化で条件付きに開く),キヤノンITソリューションズ,,1,PCソフト,2,0,0,,7348,18856,ESET HOME セキュリティ プレミアム| 5台3年 |カード版|ウイルス対策|Win/Mac/Android/iOS対応,B09GV9KPKY,https://www.google.com/search?q=ESET%20%E4%BC%9A%E7%A4%BE%E6%A6%82%E8%A6%81%20%E5%95%8F%E3%81%84%E5%90%88%E3%82%8F%E3%81%9B%20%E5%8D%B8
Puffin,除外:メディア,再販制度対象(法人化でも解けない),Puffin,,1,洋書,5,0,0,,11056,18592,The Very Hungry Caterpillar 50th Anniversary Collector's Edition,0241372666,https://www.google.com/search?q=Puffin%20%E4%BC%9A%E7%A4%BE%E6%A6%82%E8%A6%81%20%E5%95%8F%E3%81%84%E5%90%88%E3%82%8F%E3%81%9B%20%E5%8D%B8
ダイヤモンド社,除外:メディア,再販制度対象(法人化でも解けない),ダイヤモンド社,,1,本,4,2,0,,449,1998,いちばんわかりやすい確定申告の書き方　令和7年3月17日締切分,4478121141,https://www.google.com/search?q=%E3%83%80%E3%82%A4%E3%83%A4%E3%83%A2%E3%83%B3%E3%83%89%E7%A4%BE%20%E4%BC%9A%E7%A4%BE%E6%A6%82%E8%A6%81%20%E5%95%8F%E3%81%84%E5%90%88%E3%82%8F%E3%81%9B%20%E5%8D%B8
Faber & Faber,除外:メディア,再販制度対象(法人化でも解けない),Faber & Faber,,1,洋書,4,3,0,,728,2280,Never Let Me Go,0571224148,https://www.google.com/search?q=Faber%20%26%20Faber%20%E4%BC%9A%E7%A4%BE%E6%A6%82%E8%A6%81%20%E5%95%8F%E3%81%84%E5%90%88%E3%82%8F%E3%81%9B%20%E5%8D%B8
いいずな書店,除外:メディア,再販制度対象(法人化でも解けない),株式会社いいずな書店,あり,1,本,4,2,0,,263,4456,英文法・語法　Vintage 4th Edition,486460780X,https://www.google.com/search?q=%E3%81%84%E3%81%84%E3%81%9A%E3%81%AA%E6%9B%B8%E5%BA%97%20%E4%BC%9A%E7%A4%BE%E6%A6%82%E8%A6%81%20%E5%95%8F%E3%81%84%E5%90%88%E3%82%8F%E3%81%9B%20%E5%8D%B8
ニュートンプレス,除外:メディア,再販制度対象(法人化でも解けない),ニュートンプレス,,1,本,2,1,0,,621,4617,ニャートン ネコの科学 (Newton増刊),B0DRNC2N4L,https://www.google.com/search?q=%E3%83%8B%E3%83%A5%E3%83%BC%E3%83%88%E3%83%B3%E3%83%97%E3%83%AC%E3%82%B9%20%E4%BC%9A%E7%A4%BE%E6%A6%82%E8%A6%81%20%E5%95%8F%E3%81%84%E5%90%88%E3%82%8F%E3%81%9B%20%E5%8D%B8
Plata Publishing,除外:メディア,再販制度対象(法人化でも解けない),Plata Publishing,,1,洋書,3,1,0,,1551,5238,Rich Dad Poor Dad: What the Rich Teach Their Kids About Money That the Poor and ,1612680178,https://www.google.com/search?q=Plata%20Publishing%20%E4%BC%9A%E7%A4%BE%E6%A6%82%E8%A6%81%20%E5%95%8F%E3%81%84%E5%90%88%E3%82%8F%E3%81%9B%20%E5%8D%B8
ドレミ楽譜出版社,除外:メディア,再販制度対象(法人化でも解けない),ドレミ楽譜出版社,,1,本,4,3,0,,930,5343,WEST. 10th Anniversary Piano Selection ／ WESCORE VOL.1（オフィシャル・スコア） (OFFICIAL SCO,4285154196,https://www.google.com/search?q=%E3%83%89%E3%83%AC%E3%83%9F%E6%A5%BD%E8%AD%9C%E5%87%BA%E7%89%88%E7%A4%BE%20%E4%BC%9A%E7%A4%BE%E6%A6%82%E8%A6%81%20%E5%95%8F%E3%81%84%E5%90%88%E3%82%8F%E3%81%9B%20%E5%8D%B8
NSW,除外:メディア,版元直取引は法人+実績が前提(法人化で条件付きに開く),バンダイナムコエンターテインメント,,1,ゲーム,4,0,0,,1331,5200,釣りスピリッツ Nintendo Switchバージョン -Switch,B07RNK496B,https://www.google.com/search?q=NSW%20%E4%BC%9A%E7%A4%BE%E6%A6%82%E8%A6%81%20%E5%95%8F%E3%81%84%E5%90%88%E3%82%8F%E3%81%9B%20%E5%8D%B8
日経BP,除外:メディア,再販制度対象(法人化でも解けない),日経BP,,1,本,5,1,0,,1358,5009,2025-26年版 技術士第二次試験 建設部門 最新キーワード100,4296207946,https://www.google.com/search?q=%E6%97%A5%E7%B5%8CBP%20%E4%BC%9A%E7%A4%BE%E6%A6%82%E8%A6%81%20%E5%95%8F%E3%81%84%E5%90%88%E3%82%8F%E3%81%9B%20%E5%8D%B8
Kitty Media,除外:メディア,版元直取引は法人+実績が前提(法人化で条件付きに開く),Kitty Media,,1,DVD,5,0,2,S3_略号JPセラー,2592,5180,ホームスウィートオルギー Home Sweet Orgy ブルーレイ Blu-ray 全3話収録、日本語音声・英語字幕付き,B0CQ34NV29,https://www.google.com/search?q=Kitty%20Media%20%E4%BC%9A%E7%A4%BE%E6%A6%82%E8%A6%81%20%E5%95%8F%E3%81%84%E5%90%88%E3%82%8F%E3%81%9B%20%E5%8D%B8
Magrathea Publishing,除外:メディア,再販制度対象(法人化でも解けない),Magrathea Publishing,,1,洋書,4,1,0,,181,5588,The Almanack of Naval Ravikant: A Guide to Wealth and Happiness,1544514212,https://www.google.com/search?q=Magrathea%20Publishing%20%E4%BC%9A%E7%A4%BE%E6%A6%82%E8%A6%81%20%E5%95%8F%E3%81%84%E5%90%88%E3%82%8F%E3%81%9B%20%E5%8D%B8
Sweet Cherry Publishing,除外:メディア,再販制度対象(法人化でも解けない),Cherry Stone Publishing,,1,洋書,5,0,0,,2805,5284,Animal Farm (The Complete George Orwell Collection),1802633898,https://www.google.com/search?q=Sweet%20Cherry%20Publishing%20%E4%BC%9A%E7%A4%BE%E6%A6%82%E8%A6%81%20%E5%95%8F%E3%81%84%E5%90%88%E3%82%8F%E3%81%9B%20%E5%8D%B8
マイナビ出版,除外:メディア,再販制度対象(法人化でも解けない),マイナビ出版,,1,本,3,2,0,,720,5576,世界遺産検定公式過去問題集1・準1・2級【2025年度版】,4839988862,https://www.google.com/search?q=%E3%83%9E%E3%82%A4%E3%83%8A%E3%83%93%E5%87%BA%E7%89%88%20%E4%BC%9A%E7%A4%BE%E6%A6%82%E8%A6%81%20%E5%95%8F%E3%81%84%E5%90%88%E3%82%8F%E3%81%9B%20%E5%8D%B8
AthleteBody株式会社,除外:メディア,再販制度対象(法人化でも解けない),AthleteBody株式会社,あり,1,本,2,1,0,,2794,5720,肉体改造のピラミッド 栄養編,4991208505,https://www.google.com/search?q=AthleteBody%E6%A0%AA%E5%BC%8F%E4%BC%9A%E7%A4%BE%20%E4%BC%9A%E7%A4%BE%E6%A6%82%E8%A6%81%20%E5%95%8F%E3%81%84%E5%90%88%E3%82%8F%E3%81%9B%20%E5%8D%B8
明治図書出版,除外:メディア,再販制度対象(法人化でも解けない),明治図書出版,,1,本,2,0,0,,2009,6468,大きいサイズ ほめ言葉手帳ワイド２０２５ Ｐｒａｉｓｅ　Ｄｉａｒｙ　Ｗ　２０２５,4189300101,https://www.google.com/search?q=%E6%98%8E%E6%B2%BB%E5%9B%B3%E6%9B%B8%E5%87%BA%E7%89%88%20%E4%BC%9A%E7%A4%BE%E6%A6%82%E8%A6%81%20%E5%95%8F%E3%81%84%E5%90%88%E3%82%8F%E3%81%9B%20%E5%8D%B8
昭文社,除外:メディア,再販制度対象(法人化でも解けない),昭文社,,1,本,4,1,0,,1281,6858,ツーリングマップル R関東甲信越 2025,4398658505,https://www.google.com/search?q=%E6%98%AD%E6%96%87%E7%A4%BE%20%E4%BC%9A%E7%A4%BE%E6%A6%82%E8%A6%81%20%E5%95%8F%E3%81%84%E5%90%88%E3%82%8F%E3%81%9B%20%E5%8D%B8
日経BP 日本経済新聞出版本部,除外:メディア,再販制度対象(法人化でも解けない),日本経済新聞出版,,1,本,3,1,0,,1600,7229,巨象も踊る,4532310237,https://www.google.com/search?q=%E6%97%A5%E7%B5%8CBP%20%E6%97%A5%E6%9C%AC%E7%B5%8C%E6%B8%88%E6%96%B0%E8%81%9E%E5%87%BA%E7%89%88%E6%9C%AC%E9%83%A8%20%E4%BC%9A%E7%A4%BE%E6%A6%82%E8%A6%81%20%E5%95%8F%E3%81%84%E5%90%88%E3%82%8F%E3%81%9B%20%E5%8D%B8
Public Publishing,除外:メディア,再販制度対象(法人化でも解けない),Public Publishing,,1,洋書,5,0,0,,2765,7614,Alice's Adventures In Wonderland,1800601174,https://www.google.com/search?q=Public%20Publishing%20%E4%BC%9A%E7%A4%BE%E6%A6%82%E8%A6%81%20%E5%95%8F%E3%81%84%E5%90%88%E3%82%8F%E3%81%9B%20%E5%8D%B8
Workman Publishing,除外:メディア,再販制度対象(法人化でも解けない),Workman Publishing Company,,1,洋書,5,1,0,,1870,8591,Cat Page-A-Day® Gallery Calendar 2026: A Delightful Gallery of Cats for Your Des,1523531290,https://www.google.com/search?q=Workman%20Publishing%20%E4%BC%9A%E7%A4%BE%E6%A6%82%E8%A6%81%20%E5%95%8F%E3%81%84%E5%90%88%E3%82%8F%E3%81%9B%20%E5%8D%B8
幻冬舎,除外:メディア,再販制度対象(法人化でも解けない),幻冬舎,,1,本,6,3,0,,3788,8574,ヘタリア AXIS POWERS コミック 1-6巻セット (バーズ エクストラ),B00P7G37JI,https://www.google.com/search?q=%E5%B9%BB%E5%86%AC%E8%88%8E%20%E4%BC%9A%E7%A4%BE%E6%A6%82%E8%A6%81%20%E5%95%8F%E3%81%84%E5%90%88%E3%82%8F%E3%81%9B%20%E5%8D%B8
Roadlamp,除外:メディア,再販制度対象(法人化でも解けない),Analogue Prod.,,1,ミュージック,2,0,0,,3330,8504,Can't Buy A Thrill,B0BT235Y5V,https://www.google.com/search?q=Roadlamp%20%E4%BC%9A%E7%A4%BE%E6%A6%82%E8%A6%81%20%E5%95%8F%E3%81%84%E5%90%88%E3%82%8F%E3%81%9B%20%E5%8D%B8
Authors Equity,除外:メディア,再販制度対象(法人化でも解けない),Authors Equity,,1,洋書,4,0,2,S3_略号JPセラー,2549,8350,The Almanack of Naval Ravikant: A Guide to Wealth and Happiness,B0F9VM4V5N,https://www.google.com/search?q=Authors%20Equity%20%E4%BC%9A%E7%A4%BE%E6%A6%82%E8%A6%81%20%E5%95%8F%E3%81%84%E5%90%88%E3%82%8F%E3%81%9B%20%E5%8D%B8
ワー ナー・ブ ラザース・ホームエ ンターテイ メント,除外:メディア,版元直取引は法人+実績が前提(法人化で条件付きに開く),ワー ナー・ブ ラザース・ホームエ ンターテイ メント,,1,DVD,3,0,0,,5036,9212,ハリー・ポッター シリーズ DVD8枚組 SET-27-HARRY-HPM,B09778XSP9,https://www.google.com/search?q=%E3%83%AF%E3%83%BC%20%E3%83%8A%E3%83%BC%E3%83%BB%E3%83%96%20%E3%83%A9%E3%82%B6%E3%83%BC%E3%82%B9%E3%83%BB%E3%83%9B%E3%83%BC%E3%83%A0%E3%82%A8%20%E3%83%B3%E3%82%BF%E3%83%BC%E3%83%86%E3%82%A4%20%E3%83%A1%E3%83%B3%E3%83%88%20%E4%BC%9A%E7%A4%BE%E6%A6%82%E8%A6%81%20%E5%95%8F%E3%81%84%E5%90%88%E3%82%8F%E3%81%9B%20%E5%8D%B8
Shout! Factory,除外:メディア,版元直取引は法人+実績が前提(法人化で条件付きに開く),,,1,DVD,2,0,0,,5813,9980,Return of the Dragon / [Blu-ray] [Import],B06VSTRMYH,https://www.google.com/search?q=Shout%21%20Factory%20%E4%BC%9A%E7%A4%BE%E6%A6%82%E8%A6%81%20%E5%95%8F%E3%81%84%E5%90%88%E3%82%8F%E3%81%9B%20%E5%8D%B8
ACKDZU,除外:メディア,版元直取引は法人+実績が前提(法人化で条件付きに開く),,,1,DVD,5,1,2,S2_ピンイン風セラー,6217,10800,Marvel's Avengers: Infinity War (Blu-ray 3D + Blu-ray),B07QX2YYZW,https://www.google.com/search?q=ACKDZU%20%E4%BC%9A%E7%A4%BE%E6%A6%82%E8%A6%81%20%E5%95%8F%E3%81%84%E5%90%88%E3%82%8F%E3%81%9B%20%E5%8D%B8
Revive Classics,除外:メディア,再販制度対象(法人化でも解けない),Revive Classics,,1,洋書,5,0,2,S3_略号JPセラー,5273,10309,Nineteen Eighty-Four (Collector's Edition) (Laminated Hardback with Jacket),1998621855,https://www.google.com/search?q=Revive%20Classics%20%E4%BC%9A%E7%A4%BE%E6%A6%82%E8%A6%81%20%E5%95%8F%E3%81%84%E5%90%88%E3%82%8F%E3%81%9B%20%E5%8D%B8
新書館,除外:メディア,再販制度対象(法人化でも解けない),新書館,,1,本,4,2,0,,5432,10000,ギヴン10th mix アニメDVDつき限定版 (ディアプラス・コミックス),4403690106,https://www.google.com/search?q=%E6%96%B0%E6%9B%B8%E9%A4%A8%20%E4%BC%9A%E7%A4%BE%E6%A6%82%E8%A6%81%20%E5%95%8F%E3%81%84%E5%90%88%E3%82%8F%E3%81%9B%20%E5%8D%B8
よしもとミュージックエンタテインメント,除外:メディア,版元直取引は法人+実績が前提(法人化で条件付きに開く),よしもとアール・アンド・シー,,1,DVD,5,0,0,,3945,10005,ダウンタウンのガキの使いやあらへんで!! (祝)ダウンタウン生誕50年記念DVD 永久保存版 (19)(罰)絶対に笑ってはいけない熱血教師24時 【初回限定版D,B00FJ1E9MK,https://www.google.com/search?q=%E3%82%88%E3%81%97%E3%82%82%E3%81%A8%E3%83%9F%E3%83%A5%E3%83%BC%E3%82%B8%E3%83%83%E3%82%AF%E3%82%A8%E3%83%B3%E3%82%BF%E3%83%86%E3%82%A4%E3%83%B3%E3%83%A1%E3%83%B3%E3%83%88%20%E4%BC%9A%E7%A4%BE%E6%A6%82%E8%A6%81%20%E5%95%8F%E3%81%84%E5%90%88%E3%82%8F%E3%81%9B%20%E5%8D%B8
Hawk Press,除外:メディア,再販制度対象(法人化でも解けない),Hawk Press,,1,洋書,6,0,2,S3_略号JPセラー,2357,10163,1984,9395034173,https://www.google.com/search?q=Hawk%20Press%20%E4%BC%9A%E7%A4%BE%E6%A6%82%E8%A6%81%20%E5%95%8F%E3%81%84%E5%90%88%E3%82%8F%E3%81%9B%20%E5%8D%B8
WSS Playground,除外:メディア,版元直取引は法人+実績が前提(法人化で条件付きに開く),SNK,,1,ゲーム,4,3,0,,2419,11000,アケアカNEOGEO セレクション Vol.1 -Switch,B0DG2Z4MQX,https://www.google.com/search?q=WSS%20Playground%20%E4%BC%9A%E7%A4%BE%E6%A6%82%E8%A6%81%20%E5%95%8F%E3%81%84%E5%90%88%E3%82%8F%E3%81%9B%20%E5%8D%B8
Outlook Verlag,除外:メディア,再販制度対象(法人化でも解けない),Outlook Verlag,,1,洋書,5,0,0,,6610,11835,Three Men in a Boat (To Say Nothing of the Dog): in large print,336828536X,https://www.google.com/search?q=Outlook%20Verlag%20%E4%BC%9A%E7%A4%BE%E6%A6%82%E8%A6%81%20%E5%95%8F%E3%81%84%E5%90%88%E3%82%8F%E3%81%9B%20%E5%8D%B8
株式会社ソニー・ピクチャーズ エンタテインメント,除外:メディア,版元直取引は法人+実績が前提(法人化で条件付きに開く),Happinet,あり,1,DVD,2,0,0,,1689,12500,【Amazon.co.jp限定】ヴェノム：ザ・ラストダンス　プレミアム・スチールブック・エディション［４Ｋ ＵＨＤ ＋ ブルーレイ］（完全数量限定）(オリジナル,B0DQY5HRFV,https://www.google.com/search?q=%E6%A0%AA%E5%BC%8F%E4%BC%9A%E7%A4%BE%E3%82%BD%E3%83%8B%E3%83%BC%E3%83%BB%E3%83%94%E3%82%AF%E3%83%81%E3%83%A3%E3%83%BC%E3%82%BA%20%E3%82%A8%E3%83%B3%E3%82%BF%E3%83%86%E3%82%A4%E3%83%B3%E3%83%A1%E3%83%B3%E3%83%88%20%E4%BC%9A%E7%A4%BE%E6%A6%82%E8%A6%81%20%E5%95%8F%E3%81%84%E5%90%88%E3%82%8F%E3%81%9B%20%E5%8D%B8
SMM ITAKU (MUSIC),除外:メディア,再販制度対象(法人化でも解けない),SMM itaku (music),,1,ミュージック,3,1,0,,7364,12800,今、何処 (デラックス・エディション) (初回生産限定盤),B09ZD2VR6H,https://www.google.com/search?q=SMM%20ITAKU%20%28MUSIC%29%20%E4%BC%9A%E7%A4%BE%E6%A6%82%E8%A6%81%20%E5%95%8F%E3%81%84%E5%90%88%E3%82%8F%E3%81%9B%20%E5%8D%B8
日本一ソフトウェア,除外:メディア,版元直取引は法人+実績が前提(法人化で条件付きに開く),日本一ソフトウェア,,1,ゲーム,3,1,0,,2056,12000,イースVIII -Lacrimosa of DANA- - Switch,B07BH7ZT4X,https://www.google.com/search?q=%E6%97%A5%E6%9C%AC%E4%B8%80%E3%82%BD%E3%83%95%E3%83%88%E3%82%A6%E3%82%A7%E3%82%A2%20%E4%BC%9A%E7%A4%BE%E6%A6%82%E8%A6%81%20%E5%95%8F%E3%81%84%E5%90%88%E3%82%8F%E3%81%9B%20%E5%8D%B8
Rough Trade,除外:メディア,再販制度対象(法人化でも解けない),Rough Trade,,1,ミュージック,3,0,0,,7112,13372,Room on Fire [Analog],B0000CNXNB,https://www.google.com/search?q=Rough%20Trade%20%E4%BC%9A%E7%A4%BE%E6%A6%82%E8%A6%81%20%E5%95%8F%E3%81%84%E5%90%88%E3%82%8F%E3%81%9B%20%E5%8D%B8
AHS,除外:メディア,版元直取引は法人+実績が前提(法人化で条件付きに開く),AHS,,1,PCソフト,2,1,0,,3225,13464,AHS VOCALOID 桜乃そら クール 音声読み上げソフト,B07F17C5YK,https://www.google.com/search?q=AHS%20%E4%BC%9A%E7%A4%BE%E6%A6%82%E8%A6%81%20%E5%95%8F%E3%81%84%E5%90%88%E3%82%8F%E3%81%9B%20%E5%8D%B8
中央経済社,除外:メディア,再販制度対象(法人化でも解けない),中央経済社,,1,本,4,2,0,,4916,13662,公認内部監査人資格認定試験対応 内部監査基本テキスト〈第4版〉,4502350419,https://www.google.com/search?q=%E4%B8%AD%E5%A4%AE%E7%B5%8C%E6%B8%88%E7%A4%BE%20%E4%BC%9A%E7%A4%BE%E6%A6%82%E8%A6%81%20%E5%95%8F%E3%81%84%E5%90%88%E3%82%8F%E3%81%9B%20%E5%8D%B8
MANGA ENTERTAINMENT,除外:メディア,版元直取引は法人+実績が前提(法人化で条件付きに開く),Manga,,1,DVD,5,0,0,,8537,14730,Akira [Blu-ray] [Import],B004QOT098,https://www.google.com/search?q=MANGA%20ENTERTAINMENT%20%E4%BC%9A%E7%A4%BE%E6%A6%82%E8%A6%81%20%E5%95%8F%E3%81%84%E5%90%88%E3%82%8F%E3%81%9B%20%E5%8D%B8
Scuf,除外:メディア,版元直取引は法人+実績が前提(法人化で条件付きに開く),SCUF,,1,ゲーム,3,1,0,,7962,14499,SCUF ENVISION PC用 有線コントローラー Black スカフ エンビジョン [並行輸入品],B0CMN2ST9T,https://www.google.com/search?q=Scuf%20%E4%BC%9A%E7%A4%BE%E6%A6%82%E8%A6%81%20%E5%95%8F%E3%81%84%E5%90%88%E3%82%8F%E3%81%9B%20%E5%8D%B8
Wipuku,除外:メディア,版元直取引は法人+実績が前提(法人化で条件付きに開く),,,1,DVD,3,0,0,,3540,15434,PROFESSIONAL (1994),B00AQ69VE4,https://www.google.com/search?q=Wipuku%20%E4%BC%9A%E7%A4%BE%E6%A6%82%E8%A6%81%20%E5%95%8F%E3%81%84%E5%90%88%E3%82%8F%E3%81%9B%20%E5%8D%B8
旺文社,除外:メディア,再販制度対象(法人化でも解けない),旺文社,,1,本,4,3,0,,218,1714,【音声アプリ対応】英検3級 でる順パス単 5訂版 (旺文社英検書),4010949864,https://www.google.com/search?q=%E6%97%BA%E6%96%87%E7%A4%BE%20%E4%BC%9A%E7%A4%BE%E6%A6%82%E8%A6%81%20%E5%95%8F%E3%81%84%E5%90%88%E3%82%8F%E3%81%9B%20%E5%8D%B8
アスク,除外:メディア,再販制度対象(法人化でも解けない),アスク,,1,本,2,1,0,,1022,4250,新装版 できる韓国語 初級I,4872177231,https://www.google.com/search?q=%E3%82%A2%E3%82%B9%E3%82%AF%20%E4%BC%9A%E7%A4%BE%E6%A6%82%E8%A6%81%20%E5%95%8F%E3%81%84%E5%90%88%E3%82%8F%E3%81%9B%20%E5%8D%B8
Cambridge University Press,除外:メディア,再販制度対象(法人化でも解けない),Cambridge University Press,,1,洋書,3,0,0,,2480,4950,Basic Grammar in Use Student's Book with Answers: Self-study reference and pract,052113353X,https://www.google.com/search?q=Cambridge%20University%20Press%20%E4%BC%9A%E7%A4%BE%E6%A6%82%E8%A6%81%20%E5%95%8F%E3%81%84%E5%90%88%E3%82%8F%E3%81%9B%20%E5%8D%B8
Michael Joseph,除外:メディア,再販制度対象(法人化でも解けない),Michael Joseph Ltd,,1,洋書,5,1,0,,1549,4519,The Correspondent,0241721253,https://www.google.com/search?q=Michael%20Joseph%20%E4%BC%9A%E7%A4%BE%E6%A6%82%E8%A6%81%20%E5%95%8F%E3%81%84%E5%90%88%E3%82%8F%E3%81%9B%20%E5%8D%B8
Macmillan Collector's Library,除外:メディア,再販制度対象(法人化でも解けない),Macmillan Collectors Library,,1,洋書,5,1,0,,1017,5155,Anne of Green Gables (Macmillan Collector's Library),150982801X,https://www.google.com/search?q=Macmillan%20Collector%27s%20Library%20%E4%BC%9A%E7%A4%BE%E6%A6%82%E8%A6%81%20%E5%95%8F%E3%81%84%E5%90%88%E3%82%8F%E3%81%9B%20%E5%8D%B8
BEAT RECORDS / MATADOR RECORDS,除外:メディア,再販制度対象(法人化でも解けない),BEAT RECORDS / MATADOR RECORDS,,1,ミュージック,2,0,0,,927,5110,Who Is The Sky? [解説書／歌詞対訳付／国内盤CD] (OLE2178CDJP),B0FCMS9H8Z,https://www.google.com/search?q=BEAT%20RECORDS%20/%20MATADOR%20RECORDS%20%E4%BC%9A%E7%A4%BE%E6%A6%82%E8%A6%81%20%E5%95%8F%E3%81%84%E5%90%88%E3%82%8F%E3%81%9B%20%E5%8D%B8
Media Blasters,除外:メディア,版元直取引は法人+実績が前提(法人化で条件付きに開く),,,1,DVD,3,0,0,,2294,5170,Teachers In Heat [Region Free] [Blu-ray],B0C3RWWLK5,https://www.google.com/search?q=Media%20Blasters%20%E4%BC%9A%E7%A4%BE%E6%A6%82%E8%A6%81%20%E5%95%8F%E3%81%84%E5%90%88%E3%82%8F%E3%81%9B%20%E5%8D%B8
永岡書店,除外:メディア,再販制度対象(法人化でも解けない),永岡書店,,1,本,2,1,0,,1439,6252,かげした真由子　星占いダイアリー　Horoscope Diary　2025 (永岡書店の手帳),4522612893,https://www.google.com/search?q=%E6%B0%B8%E5%B2%A1%E6%9B%B8%E5%BA%97%20%E4%BC%9A%E7%A4%BE%E6%A6%82%E8%A6%81%20%E5%95%8F%E3%81%84%E5%90%88%E3%82%8F%E3%81%9B%20%E5%8D%B8
Kino Lorber,除外:メディア,版元直取引は法人+実績が前提(法人化で条件付きに開く),Kl Studio Classics,,1,DVD,5,0,0,,2594,6176,For a Few Dollars More [Blu-ray],B09VDTXSHF,https://www.google.com/search?q=Kino%20Lorber%20%E4%BC%9A%E7%A4%BE%E6%A6%82%E8%A6%81%20%E5%95%8F%E3%81%84%E5%90%88%E3%82%8F%E3%81%9B%20%E5%8D%B8
建設物価調査会,除外:メディア,再販制度対象(法人化でも解けない),建設物価調査会,,1,本,3,1,0,,1948,6178,月刊建設物価 2026年 04 月号 [雑誌],B0GQ5MX9NY,https://www.google.com/search?q=%E5%BB%BA%E8%A8%AD%E7%89%A9%E4%BE%A1%E8%AA%BF%E6%9F%BB%E4%BC%9A%20%E4%BC%9A%E7%A4%BE%E6%A6%82%E8%A6%81%20%E5%95%8F%E3%81%84%E5%90%88%E3%82%8F%E3%81%9B%20%E5%8D%B8
メビウス,除外:メディア,版元直取引は法人+実績が前提(法人化で条件付きに開く),メビウス,,1,ゲーム,2,1,0,,2281,6822,BURAI MSX2コンプリート 通常版 -Switch,B0FDFW63C3,https://www.google.com/search?q=%E3%83%A1%E3%83%93%E3%82%A6%E3%82%B9%20%E4%BC%9A%E7%A4%BE%E6%A6%82%E8%A6%81%20%E5%95%8F%E3%81%84%E5%90%88%E3%82%8F%E3%81%9B%20%E5%8D%B8
Ace,除外:メディア,再販制度対象(法人化でも解けない),Ace,,1,洋書,4,0,2,S3_略号JPセラー,3253,6979,This Inevitable Ruin (Dungeon Crawler Carl),B0F74CH248,https://www.google.com/search?q=Ace%20%E4%BC%9A%E7%A4%BE%E6%A6%82%E8%A6%81%20%E5%95%8F%E3%81%84%E5%90%88%E3%82%8F%E3%81%9B%20%E5%8D%B8
ワーナー・ホーム・ビデオ,除外:メディア,版元直取引は法人+実績が前提(法人化で条件付きに開く),ワーナー・ホーム・ビデオ,,1,DVD,2,0,0,,4307,7635,ダークナイト　ライジング　ブルーレイ版スチールブック仕様【Ａｍａｚｏｎ．ｃｏ．ｊｐ限定】（完全数量限定生産）（Ｂｌｕ－ｒａｙ　Ｄｉｓ,B009KKHOYG,https://www.google.com/search?q=%E3%83%AF%E3%83%BC%E3%83%8A%E3%83%BC%E3%83%BB%E3%83%9B%E3%83%BC%E3%83%A0%E3%83%BB%E3%83%93%E3%83%87%E3%82%AA%20%E4%BC%9A%E7%A4%BE%E6%A6%82%E8%A6%81%20%E5%95%8F%E3%81%84%E5%90%88%E3%82%8F%E3%81%9B%20%E5%8D%B8
SOURCENEXT,除外:メディア,版元直取引は法人+実績が前提(法人化で条件付きに開く),ソースネクスト,,1,PCソフト,2,0,0,,4585,7980,ソースネクスト ｜ Wi-Fi セキュリティ 無期限版 カード版 ｜ VPN セキュリティ対策 ｜ Windows・Mac対応,B0DGQBXJW7,https://www.google.com/search?q=SOURCENEXT%20%E4%BC%9A%E7%A4%BE%E6%A6%82%E8%A6%81%20%E5%95%8F%E3%81%84%E5%90%88%E3%82%8F%E3%81%9B%20%E5%8D%B8
BEAT RECORDS / Night Time Stories,除外:メディア,再販制度対象(法人化でも解けない),BEAT RECORDS / Night Time Stories,,1,ミュージック,5,1,0,,2968,7520,Con Todo El Mundo[輸入盤LP／数量限定／日本語帯付／解説付](ALNLP050RBR) [Analog],B0FX5X6PVR,https://www.google.com/search?q=BEAT%20RECORDS%20/%20Night%20Time%20Stories%20%E4%BC%9A%E7%A4%BE%E6%A6%82%E8%A6%81%20%E5%95%8F%E3%81%84%E5%90%88%E3%82%8F%E3%81%9B%20%E5%8D%B8
A-sketch,除外:メディア,再販制度対象(法人化でも解けない),A-Sketch,,1,ミュージック,3,0,0,,1358,8060,Eye of the Storm (初回限定盤),B07KT278YT,https://www.google.com/search?q=A-sketch%20%E4%BC%9A%E7%A4%BE%E6%A6%82%E8%A6%81%20%E5%95%8F%E3%81%84%E5%90%88%E3%82%8F%E3%81%9B%20%E5%8D%B8
コミックス・ウェーブ・フィルム,除外:メディア,版元直取引は法人+実績が前提(法人化で条件付きに開く),コミックス・ウェーブ・フィルム,,1,DVD,4,2,0,,1735,8613,秒速5センチメートル 特別限定生産版 DVD-BOX,B000MQCT1U,https://www.google.com/search?q=%E3%82%B3%E3%83%9F%E3%83%83%E3%82%AF%E3%82%B9%E3%83%BB%E3%82%A6%E3%82%A7%E3%83%BC%E3%83%96%E3%83%BB%E3%83%95%E3%82%A3%E3%83%AB%E3%83%A0%20%E4%BC%9A%E7%A4%BE%E6%A6%82%E8%A6%81%20%E5%95%8F%E3%81%84%E5%90%88%E3%82%8F%E3%81%9B%20%E5%8D%B8
HarperCollins,除外:メディア,再販制度対象(法人化でも解けない),HarperCollins,,1,洋書,5,1,0,,4370,8622,"The Chronicles of Narnia: The Magician's Nephew/the Lion, the Witch and the Ward",0064471195,https://www.google.com/search?q=HarperCollins%20%E4%BC%9A%E7%A4%BE%E6%A6%82%E8%A6%81%20%E5%95%8F%E3%81%84%E5%90%88%E3%82%8F%E3%81%9B%20%E5%8D%B8
Universal Import,除外:メディア,再販制度対象(法人化でも解けない),Universal Import,,1,ミュージック,2,0,0,,4797,10873,Live in Paris (Hybrid-SACD),B096TL7H24,https://www.google.com/search?q=Universal%20Import%20%E4%BC%9A%E7%A4%BE%E6%A6%82%E8%A6%81%20%E5%95%8F%E3%81%84%E5%90%88%E3%82%8F%E3%81%9B%20%E5%8D%B8
Arthur A. Levine Books,除外:メディア,再販制度対象(法人化でも解けない),Arthur a Levine,,1,洋書,6,1,0,,6140,10927,Harry Potter and the Order of the Phoenix (Book 5) [Deluxe Edition],0439567629,https://www.google.com/search?q=Arthur%20A.%20Levine%20Books%20%E4%BC%9A%E7%A4%BE%E6%A6%82%E8%A6%81%20%E5%95%8F%E3%81%84%E5%90%88%E3%82%8F%E3%81%9B%20%E5%8D%B8
KARLTUFOU,除外:メディア,版元直取引は法人+実績が前提(法人化で条件付きに開く),,,1,DVD,4,0,0,,3843,10600,The Terminator [Blu-ray],B00UAMEV6W,https://www.google.com/search?q=KARLTUFOU%20%E4%BC%9A%E7%A4%BE%E6%A6%82%E8%A6%81%20%E5%95%8F%E3%81%84%E5%90%88%E3%82%8F%E3%81%9B%20%E5%8D%B8
Concorde Home Entertainment,除外:メディア,版元直取引は法人+実績が前提(法人化で条件付きに開く),,,1,DVD,5,0,0,,5373,10745,Driving Miss Daisy [Blu-ray],B007WXCA7Y,https://www.google.com/search?q=Concorde%20Home%20Entertainment%20%E4%BC%9A%E7%A4%BE%E6%A6%82%E8%A6%81%20%E5%95%8F%E3%81%84%E5%90%88%E3%82%8F%E3%81%9B%20%E5%8D%B8
Viking,除外:メディア,再販制度対象(法人化でも解けない),Viking Adult,,1,洋書,4,0,0,,4926,10553,Chaos: The Making of a New Science,0670811785,https://www.google.com/search?q=Viking%20%E4%BC%9A%E7%A4%BE%E6%A6%82%E8%A6%81%20%E5%95%8F%E3%81%84%E5%90%88%E3%82%8F%E3%81%9B%20%E5%8D%B8
アニプレックス,除外:メディア,版元直取引は法人+実績が前提(法人化で条件付きに開く),アニプレックス,,1,DVD,2,0,0,,891,11130,劇場版 魔法少女まどか☆マギカ[新編]叛逆の物語(完全生産限定版),B07L62YX2G,https://www.google.com/search?q=%E3%82%A2%E3%83%8B%E3%83%97%E3%83%AC%E3%83%83%E3%82%AF%E3%82%B9%20%E4%BC%9A%E7%A4%BE%E6%A6%82%E8%A6%81%20%E5%95%8F%E3%81%84%E5%90%88%E3%82%8F%E3%81%9B%20%E5%8D%B8
VINYL LOVERS,除外:メディア,再販制度対象(法人化でも解けない),Vinyl Lovers,,1,ミュージック,2,0,0,,2560,11205,What's Going on [Analog],B0015I2U8G,https://www.google.com/search?q=VINYL%20LOVERS%20%E4%BC%9A%E7%A4%BE%E6%A6%82%E8%A6%81%20%E5%95%8F%E3%81%84%E5%90%88%E3%82%8F%E3%81%9B%20%E5%8D%B8
PowerA,除外:メディア,版元直取引は法人+実績が前提(法人化で条件付きに開く),アコ・ブランズ・ジャパン株式会社,あり,1,ゲーム,3,0,0,,1792,11800,【任天堂公式ライセンス商品】PowerA エンハンスド・ワイヤレスコントローラー for Nintendo Switch - フォートナイト ステッカーマニア【,B0DL9YFT1D,https://www.google.com/search?q=PowerA%20%E4%BC%9A%E7%A4%BE%E6%A6%82%E8%A6%81%20%E5%95%8F%E3%81%84%E5%90%88%E3%82%8F%E3%81%9B%20%E5%8D%B8
Htlaew,除外:メディア,版元直取引は法人+実績が前提(法人化で条件付きに開く),,,1,DVD,2,0,0,,4079,11820,Karate Kid [Blu-ray],B00EPKVGAE,https://www.google.com/search?q=Htlaew%20%E4%BC%9A%E7%A4%BE%E6%A6%82%E8%A6%81%20%E5%95%8F%E3%81%84%E5%90%88%E3%82%8F%E3%81%9B%20%E5%8D%B8
パラマウント ホーム エンタテインメント ジャパン,除外:メディア,版元直取引は法人+実績が前提(法人化で条件付きに開く),パラマウント ホーム エンタテインメント ジャパン,,1,DVD,2,0,0,,7226,12350,ゴッドファーザー コッポラ・リストレーション ブルーレイBOX,B001CSMGRY,https://www.google.com/search?q=%E3%83%91%E3%83%A9%E3%83%9E%E3%82%A6%E3%83%B3%E3%83%88%20%E3%83%9B%E3%83%BC%E3%83%A0%20%E3%82%A8%E3%83%B3%E3%82%BF%E3%83%86%E3%82%A4%E3%83%B3%E3%83%A1%E3%83%B3%E3%83%88%20%E3%82%B8%E3%83%A3%E3%83%91%E3%83%B3%20%E4%BC%9A%E7%A4%BE%E6%A6%82%E8%A6%81%20%E5%95%8F%E3%81%84%E5%90%88%E3%82%8F%E3%81%9B%20%E5%8D%B8
Bodley Head,除外:メディア,再販制度対象(法人化でも解けない),The Bodley Head Ltd,,1,洋書,6,1,0,,6783,12919,Technofeudalism: What Killed Capitalism,1847927270,https://www.google.com/search?q=Bodley%20Head%20%E4%BC%9A%E7%A4%BE%E6%A6%82%E8%A6%81%20%E5%95%8F%E3%81%84%E5%90%88%E3%82%8F%E3%81%9B%20%E5%8D%B8
小学館集英社プロダクション,除外:メディア,再販制度対象(法人化でも解けない),小学館集英社プロダクション,,1,本,2,0,0,,2219,13999,【初回出荷特典付】刀剣乱舞ONLINE十周年記念 本丸録,4796874739,https://www.google.com/search?q=%E5%B0%8F%E5%AD%A6%E9%A4%A8%E9%9B%86%E8%8B%B1%E7%A4%BE%E3%83%97%E3%83%AD%E3%83%80%E3%82%AF%E3%82%B7%E3%83%A7%E3%83%B3%20%E4%BC%9A%E7%A4%BE%E6%A6%82%E8%A6%81%20%E5%95%8F%E3%81%84%E5%90%88%E3%82%8F%E3%81%9B%20%E5%8D%B8
Kakehashi Games,除外:メディア,版元直取引は法人+実績が前提(法人化で条件付きに開く),Kakehashi Games合同会社,あり,1,ゲーム,4,1,0,,4285,13000,スナフキン:ムーミン谷のメロディ 限定版,B0CVX7K4LB,https://www.google.com/search?q=Kakehashi%20Games%20%E4%BC%9A%E7%A4%BE%E6%A6%82%E8%A6%81%20%E5%95%8F%E3%81%84%E5%90%88%E3%82%8F%E3%81%9B%20%E5%8D%B8
THORNDIKE PRESS LARGE PRINT,除外:メディア,再販制度対象(法人化でも解けない),Thorndike Pr,,1,洋書,3,1,0,,5112,13607,The Inmate (Thorndike Press; Large Print),1420519425,https://www.google.com/search?q=THORNDIKE%20PRESS%20LARGE%20PRINT%20%E4%BC%9A%E7%A4%BE%E6%A6%82%E8%A6%81%20%E5%95%8F%E3%81%84%E5%90%88%E3%82%8F%E3%81%9B%20%E5%8D%B8
Used Purchases,除外:メディア,版元直取引は法人+実績が前提(法人化で条件付きに開く),Used Purchases,,1,DVD,6,1,2,S2_ピンイン風セラー,8794,14861,アイアンマン2 (3枚組コンボパック) [ブルーレイ+DVD],B00G4SAJ4E,https://www.google.com/search?q=Used%20Purchases%20%E4%BC%9A%E7%A4%BE%E6%A6%82%E8%A6%81%20%E5%95%8F%E3%81%84%E5%90%88%E3%82%8F%E3%81%9B%20%E5%8D%B8
全日出版社,除外:メディア,再販制度対象(法人化でも解けない),全日出版社,,1,本,4,2,0,,4785,14800,電気設備工事積算実務マニュアル2025(令和7年度版),491147100X,https://www.google.com/search?q=%E5%85%A8%E6%97%A5%E5%87%BA%E7%89%88%E7%A4%BE%20%E4%BC%9A%E7%A4%BE%E6%A6%82%E8%A6%81%20%E5%95%8F%E3%81%84%E5%90%88%E3%82%8F%E3%81%9B%20%E5%8D%B8
LEMFUTER,除外:メディア,版元直取引は法人+実績が前提(法人化で条件付きに開く),,,1,DVD,6,0,0,,8820,15145,Monsters Inc [Blu-ray 3D] [Region Free] (Limited Edition),B00YR185AK,https://www.google.com/search?q=LEMFUTER%20%E4%BC%9A%E7%A4%BE%E6%A6%82%E8%A6%81%20%E5%95%8F%E3%81%84%E5%90%88%E3%82%8F%E3%81%9B%20%E5%8D%B8
Grace nnvg,除外:メディア,版元直取引は法人+実績が前提(法人化で条件付きに開く),,,1,DVD,4,0,0,,9154,15411,"300 : Steelbook German Release : English, French, German. Spanish Languages",B002IC1CX2,https://www.google.com/search?q=Grace%20nnvg%20%E4%BC%9A%E7%A4%BE%E6%A6%82%E8%A6%81%20%E5%95%8F%E3%81%84%E5%90%88%E3%82%8F%E3%81%9B%20%E5%8D%B8
Splendid Film/WVG,除外:メディア,版元直取引は法人+実績が前提(法人化で条件付きに開く),,,1,DVD,3,0,0,,9441,15982,"Stallone,Sylvester/Statham,Jason/Li,Jet/Willis,Bru The Expendables (Hero Pack) B",B00483CVTS,https://www.google.com/search?q=Splendid%20Film/WVG%20%E4%BC%9A%E7%A4%BE%E6%A6%82%E8%A6%81%20%E5%95%8F%E3%81%84%E5%90%88%E3%82%8F%E3%81%9B%20%E5%8D%B8
Thames & Hudson,除外:メディア,再販制度対象(法人化でも解けない),Thames & Hudson,,1,洋書,3,0,0,,4510,16766,The Decisive Moment,2959335112,https://www.google.com/search?q=Thames%20%26%20Hudson%20%E4%BC%9A%E7%A4%BE%E6%A6%82%E8%A6%81%20%E5%95%8F%E3%81%84%E5%90%88%E3%82%8F%E3%81%9B%20%E5%8D%B8
Fox (Selecta),除外:メディア,版元直取引は法人+実績が前提(法人化で条件付きに開く),,,1,DVD,5,0,0,,5552,16417,El Castillo De Cagliostro - Edici Digibook,B01BHBV1IK,https://www.google.com/search?q=Fox%20%28Selecta%29%20%E4%BC%9A%E7%A4%BE%E6%A6%82%E8%A6%81%20%E5%95%8F%E3%81%84%E5%90%88%E3%82%8F%E3%81%9B%20%E5%8D%B8
C&L,除外:メディア,版元直取引は法人+実績が前提(法人化で条件付きに開く),C&L,,1,DVD,3,0,2,S2_ピンイン風セラー,11025,17961,Cinderella [Blu-ray],B00MF2574U,https://www.google.com/search?q=C%26L%20%E4%BC%9A%E7%A4%BE%E6%A6%82%E8%A6%81%20%E5%95%8F%E3%81%84%E5%90%88%E3%82%8F%E3%81%9B%20%E5%8D%B8
Weidenfeld & Nicolson History,除外:メディア,再販制度対象(法人化でも解けない),Weidenfeld & Nicolson History,,1,本,5,0,0,,1032,16958,Sophie’s World,1857993284,https://www.google.com/search?q=Weidenfeld%20%26%20Nicolson%20History%20%E4%BC%9A%E7%A4%BE%E6%A6%82%E8%A6%81%20%E5%95%8F%E3%81%84%E5%90%88%E3%82%8F%E3%81%9B%20%E5%8D%B8
ストームレーベルズ,除外:メディア,再販制度対象(法人化でも解けない),ストームレーベルズ,,1,ミュージック,2,2,0,,10714,17800,【メーカー特典あり】+Alpha (3形態セット) (CD+DVD) (初回盤1+初回盤2+通常盤) - なにわ男子 (『+Alpha』クリアスタンド+ユニジャ,B0D1V8YV6X,https://www.google.com/search?q=%E3%82%B9%E3%83%88%E3%83%BC%E3%83%A0%E3%83%AC%E3%83%BC%E3%83%99%E3%83%AB%E3%82%BA%20%E4%BC%9A%E7%A4%BE%E6%A6%82%E8%A6%81%20%E5%95%8F%E3%81%84%E5%90%88%E3%82%8F%E3%81%9B%20%E5%8D%B8
(株)インテリジェントシステムズ,除外:メディア,再販制度対象(法人化でも解けない),ポニーキャニオン,あり,1,ミュージック,3,1,0,,6873,17800,ファイアーエムブレム エンゲージ オリジナルサウンドトラック（初回限定盤）(特典なし),B0CLT2TLVJ,https://www.google.com/search?q=%28%E6%A0%AA%29%E3%82%A4%E3%83%B3%E3%83%86%E3%83%AA%E3%82%B8%E3%82%A7%E3%83%B3%E3%83%88%E3%82%B7%E3%82%B9%E3%83%86%E3%83%A0%E3%82%BA%20%E4%BC%9A%E7%A4%BE%E6%A6%82%E8%A6%81%20%E5%95%8F%E3%81%84%E5%90%88%E3%82%8F%E3%81%9B%20%E5%8D%B8
Discotech Media,除外:メディア,版元直取引は法人+実績が前提(法人化で条件付きに開く),DISCOTEK,,1,DVD,2,1,0,,6333,18980,ルパン三世 first- TV. コンプリート（全23話収録） 北米版 Blu－ray （国内プレーヤーで再生可能）,B09VWFB6XD,https://www.google.com/search?q=Discotech%20Media%20%E4%BC%9A%E7%A4%BE%E6%A6%82%E8%A6%81%20%E5%95%8F%E3%81%84%E5%90%88%E3%82%8F%E3%81%9B%20%E5%8D%B8
Goliath,除外:メディア,再販制度対象(法人化でも解けない),Goliath,,1,本,2,0,0,,4465,18761,Naked Girls Club,3957309840,https://www.google.com/search?q=Goliath%20%E4%BC%9A%E7%A4%BE%E6%A6%82%E8%A6%81%20%E5%95%8F%E3%81%84%E5%90%88%E3%82%8F%E3%81%9B%20%E5%8D%B8
Jiobbo,除外:メディア,版元直取引は法人+実績が前提(法人化で条件付きに開く),,,1,DVD,3,0,0,,8177,18495,Godzilla Steelbook (exklusiv bei Amazon.de) [3D Blu-ray] [Limited Edition],B00K77FM6I,https://www.google.com/search?q=Jiobbo%20%E4%BC%9A%E7%A4%BE%E6%A6%82%E8%A6%81%20%E5%95%8F%E3%81%84%E5%90%88%E3%82%8F%E3%81%9B%20%E5%8D%B8
Evosound,除外:メディア,再販制度対象(法人化でも解けない),Evolution Music,,1,ミュージック,2,0,0,,11340,19235,Feel Like Making Live! (輸入盤/2LP/180g重量盤/オレンジカラー盤) [Analog],B09BKBQK9H,https://www.google.com/search?q=Evosound%20%E4%BC%9A%E7%A4%BE%E6%A6%82%E8%A6%81%20%E5%95%8F%E3%81%84%E5%90%88%E3%82%8F%E3%81%9B%20%E5%8D%B8
Disney Baby,除外:メディア,版元直取引は法人+実績が前提(法人化で条件付きに開く),Disney,,1,DVD,4,1,0,,10045,19999,Nightmare Before Christmas [Blu-ray] [Import],B00540G3G6,https://www.google.com/search?q=Disney%20Baby%20%E4%BC%9A%E7%A4%BE%E6%A6%82%E8%A6%81%20%E5%95%8F%E3%81%84%E5%90%88%E3%82%8F%E3%81%9B%20%E5%8D%B8
Pid,除外:メディア,再販制度対象(法人化でも解けない),Pid,,1,ミュージック,2,0,0,,11519,19175,Led Zeppelin 2,B000005K65,https://www.google.com/search?q=Pid%20%E4%BC%9A%E7%A4%BE%E6%A6%82%E8%A6%81%20%E5%95%8F%E3%81%84%E5%90%88%E3%82%8F%E3%81%9B%20%E5%8D%B8
山川出版社,除外:メディア,再販制度対象(法人化でも解けない),山川出版社,,1,本,5,2,0,,260,1515,【日探705】詳説日本史 山川出版 文部科学省検定済 高等学校 地理歴史科用 高校教科書 日本史探究,4634701219,https://www.google.com/search?q=%E5%B1%B1%E5%B7%9D%E5%87%BA%E7%89%88%E7%A4%BE%20%E4%BC%9A%E7%A4%BE%E6%A6%82%E8%A6%81%20%E5%95%8F%E3%81%84%E5%90%88%E3%82%8F%E3%81%9B%20%E5%8D%B8
扶桑社,除外:メディア,再販制度対象(法人化でも解けない),扶桑社,,1,本,2,1,0,,92,3343,cookpad plus(クックパッド プラス)2026年冬号,B0FN8BQ39W,https://www.google.com/search?q=%E6%89%B6%E6%A1%91%E7%A4%BE%20%E4%BC%9A%E7%A4%BE%E6%A6%82%E8%A6%81%20%E5%95%8F%E3%81%84%E5%90%88%E3%82%8F%E3%81%9B%20%E5%8D%B8
Patch Works,除外:メディア,再販制度対象(法人化でも解けない),Patch Works,,1,本,4,0,0,,1397,3300,永い後日談のネクロニカ,4990580400,https://www.google.com/search?q=Patch%20Works%20%E4%BC%9A%E7%A4%BE%E6%A6%82%E8%A6%81%20%E5%95%8F%E3%81%84%E5%90%88%E3%82%8F%E3%81%9B%20%E5%8D%B8
公論出版,除外:メディア,再販制度対象(法人化でも解けない),公論出版,,1,本,3,1,0,,486,3280,乙種４類 危険物取扱者試験 令和７年版,4862752926,https://www.google.com/search?q=%E5%85%AC%E8%AB%96%E5%87%BA%E7%89%88%20%E4%BC%9A%E7%A4%BE%E6%A6%82%E8%A6%81%20%E5%95%8F%E3%81%84%E5%90%88%E3%82%8F%E3%81%9B%20%E5%8D%B8
一発合格まとめシート,除外:メディア,再販制度対象(法人化でも解けない),KNS出版,,1,本,3,2,0,,1610,3630,2026年度版 中小企業診断士1次試験一発合格まとめシート前編（企業経営理論、財務・会計、運営管理）,4905212782,https://www.google.com/search?q=%E4%B8%80%E7%99%BA%E5%90%88%E6%A0%BC%E3%81%BE%E3%81%A8%E3%82%81%E3%82%B7%E3%83%BC%E3%83%88%20%E4%BC%9A%E7%A4%BE%E6%A6%82%E8%A6%81%20%E5%95%8F%E3%81%84%E5%90%88%E3%82%8F%E3%81%9B%20%E5%8D%B8
Entergram,除外:メディア,版元直取引は法人+実績が前提(法人化で条件付きに開く),エンターグラム,,1,PCソフト,3,1,0,,649,4350,となりに彼女のいる幸せ i fight with summer プレミアムエディション,B0B1QMPYTM,https://www.google.com/search?q=Entergram%20%E4%BC%9A%E7%A4%BE%E6%A6%82%E8%A6%81%20%E5%95%8F%E3%81%84%E5%90%88%E3%82%8F%E3%81%9B%20%E5%8D%B8
東洋経済新報社,除外:メディア,再販制度対象(法人化でも解けない),東洋経済新報社,,1,本,5,3,0,,1405,4485,会社四季報ワイド版 2025年2集・春号,B00T3C6IK2,https://www.google.com/search?q=%E6%9D%B1%E6%B4%8B%E7%B5%8C%E6%B8%88%E6%96%B0%E5%A0%B1%E7%A4%BE%20%E4%BC%9A%E7%A4%BE%E6%A6%82%E8%A6%81%20%E5%95%8F%E3%81%84%E5%90%88%E3%82%8F%E3%81%9B%20%E5%8D%B8
日本建設情報センター,除外:メディア,再販制度対象(法人化でも解けない),日本建設情報センター,,1,本,6,3,0,,1129,4060,1級電気工事施工管理技士第二次検定 テキスト&過去問題集 (2026年度版),4911687177,https://www.google.com/search?q=%E6%97%A5%E6%9C%AC%E5%BB%BA%E8%A8%AD%E6%83%85%E5%A0%B1%E3%82%BB%E3%83%B3%E3%82%BF%E3%83%BC%20%E4%BC%9A%E7%A4%BE%E6%A6%82%E8%A6%81%20%E5%95%8F%E3%81%84%E5%90%88%E3%82%8F%E3%81%9B%20%E5%8D%B8
電気書院,除外:メディア,再販制度対象(法人化でも解けない),電気書院,,1,本,6,1,0,,932,4700,2026年版 第一種電気工事士学科試験模範解答集,4485216071,https://www.google.com/search?q=%E9%9B%BB%E6%B0%97%E6%9B%B8%E9%99%A2%20%E4%BC%9A%E7%A4%BE%E6%A6%82%E8%A6%81%20%E5%95%8F%E3%81%84%E5%90%88%E3%82%8F%E3%81%9B%20%E5%8D%B8
TAC出版,除外:メディア,再販制度対象(法人化でも解けない),TAC出版,,1,本,3,0,0,,1065,4810,みんなが欲しかった! 電験三種の10年過去問題集 2025年度版 [電気主任技術者（電験） 問題編＋科目ごとの回答解説編の5分冊](TAC出版) (みんなが欲し,4300115125,https://www.google.com/search?q=TAC%E5%87%BA%E7%89%88%20%E4%BC%9A%E7%A4%BE%E6%A6%82%E8%A6%81%20%E5%95%8F%E3%81%84%E5%90%88%E3%82%8F%E3%81%9B%20%E5%8D%B8
三省堂,除外:メディア,再販制度対象(法人化でも解けない),三省堂,,1,本,6,3,0,,1686,5281,司法書士合格六法 2026,4385159904,https://www.google.com/search?q=%E4%B8%89%E7%9C%81%E5%A0%82%20%E4%BC%9A%E7%A4%BE%E6%A6%82%E8%A6%81%20%E5%95%8F%E3%81%84%E5%90%88%E3%82%8F%E3%81%9B%20%E5%8D%B8
BOLYDOOM,除外:メディア,再販制度対象(法人化でも解けない),Magic Of Vinyl,,1,ミュージック,6,1,2,S3_略号JPセラー,2518,5399,Blue Train (Orignial Recording) (ブルー・ヴァイナル仕様 / アナログレコード),B09SFM9WR7,https://www.google.com/search?q=BOLYDOOM%20%E4%BC%9A%E7%A4%BE%E6%A6%82%E8%A6%81%20%E5%95%8F%E3%81%84%E5%90%88%E3%82%8F%E3%81%9B%20%E5%8D%B8
成山堂書店,除外:メディア,再販制度対象(法人化でも解けない),成山堂書店,,1,本,6,2,0,,2318,5090,気象予報士試験精選問題集　2025年度版,4425975898,https://www.google.com/search?q=%E6%88%90%E5%B1%B1%E5%A0%82%E6%9B%B8%E5%BA%97%20%E4%BC%9A%E7%A4%BE%E6%A6%82%E8%A6%81%20%E5%95%8F%E3%81%84%E5%90%88%E3%82%8F%E3%81%9B%20%E5%8D%B8
Criterion Collection,除外:メディア,版元直取引は法人+実績が前提(法人化で条件付きに開く),Criterion Collection,,1,DVD,5,0,0,,2277,5720,"Dr. Strangelove, Or: How I Learned to Stop Worrying and Love the Bomb (Criterion",B087CVYQ2W,https://www.google.com/search?q=Criterion%20Collection%20%E4%BC%9A%E7%A4%BE%E6%A6%82%E8%A6%81%20%E5%95%8F%E3%81%84%E5%90%88%E3%82%8F%E3%81%9B%20%E5%8D%B8
SMEE,除外:メディア,再販制度対象(法人化でも解けない),SMEE,,1,ミュージック,2,0,2,S2_ピンイン風セラー,3584,5980,SMEE Vocal Cover Collection Vol.05 Heroine's Festival 限定版,B0BGHFSS6W,https://www.google.com/search?q=SMEE%20%E4%BC%9A%E7%A4%BE%E6%A6%82%E8%A6%81%20%E5%95%8F%E3%81%84%E5%90%88%E3%82%8F%E3%81%9B%20%E5%8D%B8
HTB 北海道テレビ,除外:メディア,版元直取引は法人+実績が前提(法人化で条件付きに開く),HTB 北海道テレビ,,1,DVD,3,1,0,,3188,5980,水曜どうでしょう 第16弾 72時間! 原付東日本縦断ラリー/シェフ大泉 夏野菜スペシャル,B005SKR4UG,https://www.google.com/search?q=HTB%20%E5%8C%97%E6%B5%B7%E9%81%93%E3%83%86%E3%83%AC%E3%83%93%20%E4%BC%9A%E7%A4%BE%E6%A6%82%E8%A6%81%20%E5%95%8F%E3%81%84%E5%90%88%E3%82%8F%E3%81%9B%20%E5%8D%B8
"Supergiant Games, LLC",除外:メディア,版元直取引は法人+実績が前提(法人化で条件付きに開く),"Supergiant Games, LLC",,1,ゲーム,5,1,0,,2568,6000,HADES II Nintendo Switch 2 Edition -Switch2 【特典】オリジナルサウンドトラックDLコード+キャラクター大全 同梱,B0FR993GT8,https://www.google.com/search?q=Supergiant%20Games%2C%20LLC%20%E4%BC%9A%E7%A4%BE%E6%A6%82%E8%A6%81%20%E5%95%8F%E3%81%84%E5%90%88%E3%82%8F%E3%81%9B%20%E5%8D%B8
Warner Music Interna,除外:メディア,再販制度対象(法人化でも解けない),Rhino / Wea,,1,ミュージック,5,1,0,,1908,6472,Machine Head [Analog],B0000DJYO1,https://www.google.com/search?q=Warner%20Music%20Interna%20%E4%BC%9A%E7%A4%BE%E6%A6%82%E8%A6%81%20%E5%95%8F%E3%81%84%E5%90%88%E3%82%8F%E3%81%9B%20%E5%8D%B8
アシェット・コレクションズ・ジャパン,除外:メディア,再販制度対象(法人化でも解けない),アシェット・コレクションズ・ジャパン,,1,本,2,0,0,,933,6215,1/18エクストラスケール国産名車-創刊(1) 2026年 1/21 号 [雑誌],B0G6MF8H65,https://www.google.com/search?q=%E3%82%A2%E3%82%B7%E3%82%A7%E3%83%83%E3%83%88%E3%83%BB%E3%82%B3%E3%83%AC%E3%82%AF%E3%82%B7%E3%83%A7%E3%83%B3%E3%82%BA%E3%83%BB%E3%82%B8%E3%83%A3%E3%83%91%E3%83%B3%20%E4%BC%9A%E7%A4%BE%E6%A6%82%E8%A6%81%20%E5%95%8F%E3%81%84%E5%90%88%E3%82%8F%E3%81%9B%20%E5%8D%B8
Key Sounds Label,除外:メディア,再販制度対象(法人化でも解けない),KeySounds Label,,1,ミュージック,2,1,0,,3906,6435,Rita×Key Memorial Best 『streak of light』,B07B67Q393,https://www.google.com/search?q=Key%20Sounds%20Label%20%E4%BC%9A%E7%A4%BE%E6%A6%82%E8%A6%81%20%E5%95%8F%E3%81%84%E5%90%88%E3%82%8F%E3%81%9B%20%E5%8D%B8
Destination Moon,除外:メディア,再販制度対象(法人化でも解けない),Destination Moon,,1,ミュージック,4,0,0,,2268,6046,Sketches Of Spain (Numbered Edition) (Clear Vinyl),B0CYTD5B8S,https://www.google.com/search?q=Destination%20Moon%20%E4%BC%9A%E7%A4%BE%E6%A6%82%E8%A6%81%20%E5%95%8F%E3%81%84%E5%90%88%E3%82%8F%E3%81%9B%20%E5%8D%B8
VIAVISION,除外:メディア,版元直取引は法人+実績が前提(法人化で条件付きに開く),Via Vision,,1,DVD,3,0,0,,2502,6855,Pretty Baby [DVD],B08825XT3M,https://www.google.com/search?q=VIAVISION%20%E4%BC%9A%E7%A4%BE%E6%A6%82%E8%A6%81%20%E5%95%8F%E3%81%84%E5%90%88%E3%82%8F%E3%81%9B%20%E5%8D%B8
日本文化科学社,除外:メディア,再販制度対象(法人化でも解けない),日本文化科学社,,1,本,3,2,0,,3426,6933,認知発達治療の実践マニュアル―自閉症のStage別発達課題 (自閉症治療の到達点2),4821066912,https://www.google.com/search?q=%E6%97%A5%E6%9C%AC%E6%96%87%E5%8C%96%E7%A7%91%E5%AD%A6%E7%A4%BE%20%E4%BC%9A%E7%A4%BE%E6%A6%82%E8%A6%81%20%E5%95%8F%E3%81%84%E5%90%88%E3%82%8F%E3%81%9B%20%E5%8D%B8
アミューズソフト,除外:メディア,版元直取引は法人+実績が前提(法人化で条件付きに開く),アミューズソフトエンタテインメント,,1,DVD,5,0,0,,3148,6752,永遠の0 豪華版(DVD2枚組) 初回生産限定仕様,B00HTTUOEM,https://www.google.com/search?q=%E3%82%A2%E3%83%9F%E3%83%A5%E3%83%BC%E3%82%BA%E3%82%BD%E3%83%95%E3%83%88%20%E4%BC%9A%E7%A4%BE%E6%A6%82%E8%A6%81%20%E5%95%8F%E3%81%84%E5%90%88%E3%82%8F%E3%81%9B%20%E5%8D%B8
日本経済新聞出版社,除外:メディア,再販制度対象(法人化でも解けない),日本経済新聞出版,,1,本,2,1,0,,3048,7400,経営戦略の思考法,453231478X,https://www.google.com/search?q=%E6%97%A5%E6%9C%AC%E7%B5%8C%E6%B8%88%E6%96%B0%E8%81%9E%E5%87%BA%E7%89%88%E7%A4%BE%20%E4%BC%9A%E7%A4%BE%E6%A6%82%E8%A6%81%20%E5%95%8F%E3%81%84%E5%90%88%E3%82%8F%E3%81%9B%20%E5%8D%B8
ぎょうせい,除外:メディア,再販制度対象(法人化でも解けない),ぎょうせい,,1,本,4,1,0,,3870,7490,建築物の防火避難規定の解説　2023,4324114196,https://www.google.com/search?q=%E3%81%8E%E3%82%87%E3%81%86%E3%81%9B%E3%81%84%20%E4%BC%9A%E7%A4%BE%E6%A6%82%E8%A6%81%20%E5%95%8F%E3%81%84%E5%90%88%E3%82%8F%E3%81%9B%20%E5%8D%B8
アークシステムワークス,除外:メディア,版元直取引は法人+実績が前提(法人化で条件付きに開く),アークシステムワークス,,1,ゲーム,5,1,0,,2726,7120,GUILTY GEAR -STRIVE- (ギルティギア ストライヴ) Nintendo Switch Edition -Switch,B0DFXPF8R4,https://www.google.com/search?q=%E3%82%A2%E3%83%BC%E3%82%AF%E3%82%B7%E3%82%B9%E3%83%86%E3%83%A0%E3%83%AF%E3%83%BC%E3%82%AF%E3%82%B9%20%E4%BC%9A%E7%A4%BE%E6%A6%82%E8%A6%81%20%E5%95%8F%E3%81%84%E5%90%88%E3%82%8F%E3%81%9B%20%E5%8D%B8
Harriman House,除外:メディア,再販制度対象(法人化でも解けない),Harriman House Pub,,1,洋書,2,1,0,,2928,7250,"The Psychology of Money: Timeless Lessons on Wealth, Greed, and Happiness",0857199099,https://www.google.com/search?q=Harriman%20House%20%E4%BC%9A%E7%A4%BE%E6%A6%82%E8%A6%81%20%E5%95%8F%E3%81%84%E5%90%88%E3%82%8F%E3%81%9B%20%E5%8D%B8
Anime Ltd,除外:メディア,版元直取引は法人+実績が前提(法人化で条件付きに開く),,,1,DVD,3,0,2,S3_略号JPセラー,4003,7091,The Garden of Words [Region Free],B0CBSLHM1W,https://www.google.com/search?q=Anime%20Ltd%20%E4%BC%9A%E7%A4%BE%E6%A6%82%E8%A6%81%20%E5%95%8F%E3%81%84%E5%90%88%E3%82%8F%E3%81%9B%20%E5%8D%B8
Heinle ELT,除外:メディア,再販制度対象(法人化でも解けない),Heinle & Heinle Pub,,1,洋書,2,0,0,,1453,7500,Reading Explorer 4,0357116291,https://www.google.com/search?q=Heinle%20ELT%20%E4%BC%9A%E7%A4%BE%E6%A6%82%E8%A6%81%20%E5%95%8F%E3%81%84%E5%90%88%E3%82%8F%E3%81%9B%20%E5%8D%B8
UNIVERSAL DESTINATIONS & EXPERIENCES,除外:メディア,版元直取引は法人+実績が前提(法人化で条件付きに開く),Universal Studios,,1,DVD,6,1,0,,4288,7662,E.T. [VHS],6304143184,https://www.google.com/search?q=UNIVERSAL%20DESTINATIONS%20%26%20EXPERIENCES%20%E4%BC%9A%E7%A4%BE%E6%A6%82%E8%A6%81%20%E5%95%8F%E3%81%84%E5%90%88%E3%82%8F%E3%81%9B%20%E5%8D%B8
松竹,除外:メディア,版元直取引は法人+実績が前提(法人化で条件付きに開く),松竹,,1,DVD,6,2,2,S3_略号JPセラー,4554,7961,ザ・ファブル 豪華版 (初回限定生産) [Blu-ray],B07YDR3YKV,https://www.google.com/search?q=%E6%9D%BE%E7%AB%B9%20%E4%BC%9A%E7%A4%BE%E6%A6%82%E8%A6%81%20%E5%95%8F%E3%81%84%E5%90%88%E3%82%8F%E3%81%9B%20%E5%8D%B8
SME Records,除外:メディア,再販制度対象(法人化でも解けない),SMR,,1,ミュージック,5,0,2,S2_ピンイン風セラー,2052,7500,BOOTLEG(映像盤 初回限定)(DVD付き),B0756GBBFW,https://www.google.com/search?q=SME%20Records%20%E4%BC%9A%E7%A4%BE%E6%A6%82%E8%A6%81%20%E5%95%8F%E3%81%84%E5%90%88%E3%82%8F%E3%81%9B%20%E5%8D%B8
Dolce & Gabbana,除外:メディア,再販制度対象(法人化でも解けない),DG,,1,ミュージック,2,0,0,,4547,8824,A Symphonic Celebration - Music from the Studio Ghibli Films of Hayao Miyazaki [,B0C368G5QZ,https://www.google.com/search?q=Dolce%20%26%20Gabbana%20%E4%BC%9A%E7%A4%BE%E6%A6%82%E8%A6%81%20%E5%95%8F%E3%81%84%E5%90%88%E3%82%8F%E3%81%9B%20%E5%8D%B8
Classic Editions,除外:メディア,再販制度対象(法人化でも解けない),Classic Editions,,1,洋書,2,0,0,,5375,9413,The Little Prince,1804450774,https://www.google.com/search?q=Classic%20Editions%20%E4%BC%9A%E7%A4%BE%E6%A6%82%E8%A6%81%20%E5%95%8F%E3%81%84%E5%90%88%E3%82%8F%E3%81%9B%20%E5%8D%B8
El Dia,除外:メディア,版元直取引は法人+実績が前提(法人化で条件付きに開く),El Dia,,1,PCソフト,4,1,0,,6109,9800,DESIRE remaster ver.,B01MQY6U5P,https://www.google.com/search?q=El%20Dia%20%E4%BC%9A%E7%A4%BE%E6%A6%82%E8%A6%81%20%E5%95%8F%E3%81%84%E5%90%88%E3%82%8F%E3%81%9B%20%E5%8D%B8
PUMWHIP,除外:メディア,版元直取引は法人+実績が前提(法人化で条件付きに開く),,,1,DVD,4,0,0,,4969,9553,アラジン [Blu-ray],B07XF7JZ9S,https://www.google.com/search?q=PUMWHIP%20%E4%BC%9A%E7%A4%BE%E6%A6%82%E8%A6%81%20%E5%95%8F%E3%81%84%E5%90%88%E3%82%8F%E3%81%9B%20%E5%8D%B8
Project Management Institute,除外:メディア,再販制度対象(法人化でも解けない),Project Management Inst,,1,本,6,0,0,,3873,9161,アジャイル実務ガイド (日本語版) (Project Management Institute),1628254238,https://www.google.com/search?q=Project%20Management%20Institute%20%E4%BC%9A%E7%A4%BE%E6%A6%82%E8%A6%81%20%E5%95%8F%E3%81%84%E5%90%88%E3%82%8F%E3%81%9B%20%E5%8D%B8
ゲームテック,除外:メディア,版元直取引は法人+実績が前提(法人化で条件付きに開く),ゲームテック,,1,ゲーム,3,0,0,,28,1600,Pokemon GO Plus+対応本体収納ポーチ『シリコンポーチPlus+(ホワイト×レッド)』 - Mobile,B0C6MD591Y,https://www.google.com/search?q=%E3%82%B2%E3%83%BC%E3%83%A0%E3%83%86%E3%83%83%E3%82%AF%20%E4%BC%9A%E7%A4%BE%E6%A6%82%E8%A6%81%20%E5%95%8F%E3%81%84%E5%90%88%E3%82%8F%E3%81%9B%20%E5%8D%B8
学事出版,除外:メディア,再販制度対象(法人化でも解けない),学事出版,,1,本,2,1,0,,738,3020,スクールプランニングノート2025年度版B(中学・高校教師向け),476193011X,https://www.google.com/search?q=%E5%AD%A6%E4%BA%8B%E5%87%BA%E7%89%88%20%E4%BC%9A%E7%A4%BE%E6%A6%82%E8%A6%81%20%E5%95%8F%E3%81%84%E5%90%88%E3%82%8F%E3%81%9B%20%E5%8D%B8
Vintage Classics,除外:メディア,再販制度対象(法人化でも解けない),Bodley Head,,1,洋書,2,0,0,,664,3423,Animal Farm,1784876607,https://www.google.com/search?q=Vintage%20Classics%20%E4%BC%9A%E7%A4%BE%E6%A6%82%E8%A6%81%20%E5%95%8F%E3%81%84%E5%90%88%E3%82%8F%E3%81%9B%20%E5%8D%B8
Portfolio,除外:メディア,再販制度対象(法人化でも解けない),Portfolio,,1,洋書,4,0,2,S3_略号JPセラー,1575,3448,The Art of Spending Money: Simple Choices for a Richer Life,B0DSHWXDLD,https://www.google.com/search?q=Portfolio%20%E4%BC%9A%E7%A4%BE%E6%A6%82%E8%A6%81%20%E5%95%8F%E3%81%84%E5%90%88%E3%82%8F%E3%81%9B%20%E5%8D%B8
PlayStation,除外:メディア,版元直取引は法人+実績が前提(法人化で条件付きに開く),,,1,ゲーム,2,1,0,,2168,4199,SONY PLAYSTATION(ソニー：プレイステーション) Icons ライト (乾電池/USB給電対応) [並行輸入品],B07BYFLW8F,https://www.google.com/search?q=PlayStation%20%E4%BC%9A%E7%A4%BE%E6%A6%82%E8%A6%81%20%E5%95%8F%E3%81%84%E5%90%88%E3%82%8F%E3%81%9B%20%E5%8D%B8
20世紀フォックス・ホーム・エンターテイメント・ジャパン,除外:メディア,版元直取引は法人+実績が前提(法人化で条件付きに開く),Happinet,,1,DVD,2,1,0,,1546,4999,夕陽のガンマン [Blu-ray],B007AD0TYM,https://www.google.com/search?q=20%E4%B8%96%E7%B4%80%E3%83%95%E3%82%A9%E3%83%83%E3%82%AF%E3%82%B9%E3%83%BB%E3%83%9B%E3%83%BC%E3%83%A0%E3%83%BB%E3%82%A8%E3%83%B3%E3%82%BF%E3%83%BC%E3%83%86%E3%82%A4%E3%83%A1%E3%83%B3%E3%83%88%E3%83%BB%E3%82%B8%E3%83%A3%E3%83%91%E3%83%B3%20%E4%BC%9A%E7%A4%BE%E6%A6%82%E8%A6%81%20%E5%95%8F%E3%81%84%E5%90%88%E3%82%8F%E3%81%9B%20%E5%8D%B8
電気車研究会,除外:メディア,再販制度対象(法人化でも解けない),電気車研究会,,1,本,2,1,0,,2453,4974,国鉄形車両の記録 鋼製寝台客車 2025年 09 月号 [雑誌]: 鉄道ピクトリアル 増刊,B0FJMZJ8LK,https://www.google.com/search?q=%E9%9B%BB%E6%B0%97%E8%BB%8A%E7%A0%94%E7%A9%B6%E4%BC%9A%20%E4%BC%9A%E7%A4%BE%E6%A6%82%E8%A6%81%20%E5%95%8F%E3%81%84%E5%90%88%E3%82%8F%E3%81%9B%20%E5%8D%B8
Grand Central Publishing,除外:メディア,再販制度対象(法人化でも解けない),Grand Central Publishing,,1,洋書,2,1,0,,995,4892,Verity,1538724731,https://www.google.com/search?q=Grand%20Central%20Publishing%20%E4%BC%9A%E7%A4%BE%E6%A6%82%E8%A6%81%20%E5%95%8F%E3%81%84%E5%90%88%E3%82%8F%E3%81%9B%20%E5%8D%B8
インディーズレーベル,除外:メディア,再販制度対象(法人化でも解けない),Hydeout Productions,,1,ミュージック,2,0,0,,1308,5330,modal soul,B0GHNPNR95,https://www.google.com/search?q=%E3%82%A4%E3%83%B3%E3%83%87%E3%82%A3%E3%83%BC%E3%82%BA%E3%83%AC%E3%83%BC%E3%83%99%E3%83%AB%20%E4%BC%9A%E7%A4%BE%E6%A6%82%E8%A6%81%20%E5%95%8F%E3%81%84%E5%90%88%E3%82%8F%E3%81%9B%20%E5%8D%B8
True Sign Publishing House Private Limited,除外:メディア,再販制度対象(法人化でも解けない),True Sign Publishing House Private Limited,,1,洋書,6,1,0,,2598,5141,The Murder Of Roger Ackroyd,9358050535,https://www.google.com/search?q=True%20Sign%20Publishing%20House%20Private%20Limited%20%E4%BC%9A%E7%A4%BE%E6%A6%82%E8%A6%81%20%E5%95%8F%E3%81%84%E5%90%88%E3%82%8F%E3%81%9B%20%E5%8D%B8
Ruthless Records,除外:メディア,再販制度対象(法人化でも解けない),Apollo,,1,ミュージック,6,0,2,S3_略号JPセラー,1411,5107,Selected Ambient Works 85-92 [輸入アナログ盤 / 2LP] (AMBLP3922),B00E8K2I9Y,https://www.google.com/search?q=Ruthless%20Records%20%E4%BC%9A%E7%A4%BE%E6%A6%82%E8%A6%81%20%E5%95%8F%E3%81%84%E5%90%88%E3%82%8F%E3%81%9B%20%E5%8D%B8
B ZONE,除外:メディア,再販制度対象(法人化でも解けない),B ZONE/D-GO,,1,ミュージック,5,0,0,,1686,5450,「TIME STEW」 (初回限定盤B) (CD+LIVE CD）,B0DTKNSG5X,https://www.google.com/search?q=B%20ZONE%20%E4%BC%9A%E7%A4%BE%E6%A6%82%E8%A6%81%20%E5%95%8F%E3%81%84%E5%90%88%E3%82%8F%E3%81%9B%20%E5%8D%B8
数研出版,除外:メディア,再販制度対象(法人化でも解けない),数研出版,,1,本,4,1,0,,654,5597,新課程 チャート式解法と演習数学I+A,4410107178,https://www.google.com/search?q=%E6%95%B0%E7%A0%94%E5%87%BA%E7%89%88%20%E4%BC%9A%E7%A4%BE%E6%A6%82%E8%A6%81%20%E5%95%8F%E3%81%84%E5%90%88%E3%82%8F%E3%81%9B%20%E5%8D%B8
Elekasumi,除外:メディア,版元直取引は法人+実績が前提(法人化で条件付きに開く),Elekasumi,,1,ゲーム,2,0,2,S3_略号JPセラー,2915,5599,Elekasumi Switch 2 グリップコントローラー【新アップグレード】携帯モードコントローラー 一体型 スリープ解除/マクロ機能/1000mAh大容量,B0FVWV9BML,https://www.google.com/search?q=Elekasumi%20%E4%BC%9A%E7%A4%BE%E6%A6%82%E8%A6%81%20%E5%95%8F%E3%81%84%E5%90%88%E3%82%8F%E3%81%9B%20%E5%8D%B8
MENT RECORDING,除外:メディア,再販制度対象(法人化でも解けない),MENT RECORDING,,1,ミュージック,3,2,0,,2117,5980,【メーカー特典あり】RAYS(AL+Blu-ray Disc)(初回盤B)(プリント) - Snow Man (特典:チェキ風フォトカード9枚セット(RAYS ,B0DDPNM47L,https://www.google.com/search?q=MENT%20RECORDING%20%E4%BC%9A%E7%A4%BE%E6%A6%82%E8%A6%81%20%E5%95%8F%E3%81%84%E5%90%88%E3%82%8F%E3%81%9B%20%E5%8D%B8
"Oxford University Press, USA",除外:メディア,再販制度対象(法人化でも解けない),Oxford Univ Pr,,1,洋書,5,3,0,,2145,6300,Practical English Usage,0194202437,https://www.google.com/search?q=Oxford%20University%20Press%2C%20USA%20%E4%BC%9A%E7%A4%BE%E6%A6%82%E8%A6%81%20%E5%95%8F%E3%81%84%E5%90%88%E3%82%8F%E3%81%9B%20%E5%8D%B8
ユニバーサル・ピクチャーズ・ジャパン,除外:メディア,版元直取引は法人+実績が前提(法人化で条件付きに開く),ユニバーサル・ピクチャーズ・ジャパン,,1,DVD,2,1,0,,1542,6112,ドラゴンへの道 デジタル・リマスター版,B00096J66O,https://www.google.com/search?q=%E3%83%A6%E3%83%8B%E3%83%90%E3%83%BC%E3%82%B5%E3%83%AB%E3%83%BB%E3%83%94%E3%82%AF%E3%83%81%E3%83%A3%E3%83%BC%E3%82%BA%E3%83%BB%E3%82%B8%E3%83%A3%E3%83%91%E3%83%B3%20%E4%BC%9A%E7%A4%BE%E6%A6%82%E8%A6%81%20%E5%95%8F%E3%81%84%E5%90%88%E3%82%8F%E3%81%9B%20%E5%8D%B8
Harper Perennial Modern Classics,除外:メディア,再販制度対象(法人化でも解けない),Perennial,,1,洋書,3,0,0,,1075,6583,Brave New World (Perennial Classics),0060929871,https://www.google.com/search?q=Harper%20Perennial%20Modern%20Classics%20%E4%BC%9A%E7%A4%BE%E6%A6%82%E8%A6%81%20%E5%95%8F%E3%81%84%E5%90%88%E3%82%8F%E3%81%9B%20%E5%8D%B8
マイクロマガジン社,除外:メディア,再販制度対象(法人化でも解けない),マイクロマガジン社,,1,本,3,2,0,,1224,6548,ＧＩＲＬＳ　ＢＡＮＤ　ＣＲＹ　１ｓｔ　ＦＡＮ　ＢＯＯＫ,4867167118,https://www.google.com/search?q=%E3%83%9E%E3%82%A4%E3%82%AF%E3%83%AD%E3%83%9E%E3%82%AC%E3%82%B8%E3%83%B3%E7%A4%BE%20%E4%BC%9A%E7%A4%BE%E6%A6%82%E8%A6%81%20%E5%95%8F%E3%81%84%E5%90%88%E3%82%8F%E3%81%9B%20%E5%8D%B8
Rockstar Games,除外:メディア,版元直取引は法人+実績が前提(法人化で条件付きに開く),テイクツー・インタラクティブ・ジャパン,,1,ゲーム,3,0,0,,3445,6500,グランド・セフト・オートV 【CEROレーティング「Z」】 - PS4,B00NOP3QF4,https://www.google.com/search?q=Rockstar%20Games%20%E4%BC%9A%E7%A4%BE%E6%A6%82%E8%A6%81%20%E5%95%8F%E3%81%84%E5%90%88%E3%82%8F%E3%81%9B%20%E5%8D%B8
Epic,除外:メディア,再販制度対象(法人化でも解けない),Sade,,1,ミュージック,2,0,0,,2920,7083,Love Deluxe,B0000248BJ,https://www.google.com/search?q=Epic%20%E4%BC%9A%E7%A4%BE%E6%A6%82%E8%A6%81%20%E5%95%8F%E3%81%84%E5%90%88%E3%82%8F%E3%81%9B%20%E5%8D%B8
同友館,除外:メディア,再販制度対象(法人化でも解けない),同友館,,1,本,3,2,0,,3920,7180,ふぞろいな合格答案 エピソード15 (2022年版),4496056070,https://www.google.com/search?q=%E5%90%8C%E5%8F%8B%E9%A4%A8%20%E4%BC%9A%E7%A4%BE%E6%A6%82%E8%A6%81%20%E5%95%8F%E3%81%84%E5%90%88%E3%82%8F%E3%81%9B%20%E5%8D%B8
角川エンタテインメント,除外:メディア,版元直取引は法人+実績が前提(法人化で条件付きに開く),角川エンタテインメント,,1,DVD,5,1,0,,3125,7192,犬神家の一族 完全版 1976&2006 (初回限定版),B000KN99OU,https://www.google.com/search?q=%E8%A7%92%E5%B7%9D%E3%82%A8%E3%83%B3%E3%82%BF%E3%83%86%E3%82%A4%E3%83%B3%E3%83%A1%E3%83%B3%E3%83%88%20%E4%BC%9A%E7%A4%BE%E6%A6%82%E8%A6%81%20%E5%95%8F%E3%81%84%E5%90%88%E3%82%8F%E3%81%9B%20%E5%8D%B8
Virgin,除外:メディア,再販制度対象(法人化でも解けない),Virgin Records Us,,1,ミュージック,4,0,0,,2045,7010,Tattoo You,B000000W5F,https://www.google.com/search?q=Virgin%20%E4%BC%9A%E7%A4%BE%E6%A6%82%E8%A6%81%20%E5%95%8F%E3%81%84%E5%90%88%E3%82%8F%E3%81%9B%20%E5%8D%B8
新潮社,除外:メディア,再販制度対象(法人化でも解けない),新潮社,,1,本,5,2,0,,2725,7783,監獄の誕生<新装版> : 監視と処罰,4105067095,https://www.google.com/search?q=%E6%96%B0%E6%BD%AE%E7%A4%BE%20%E4%BC%9A%E7%A4%BE%E6%A6%82%E8%A6%81%20%E5%95%8F%E3%81%84%E5%90%88%E3%82%8F%E3%81%9B%20%E5%8D%B8
Bethesda,除外:メディア,版元直取引は法人+実績が前提(法人化で条件付きに開く),ベセスダ・ソフトワークス,,1,ゲーム,4,1,0,,1981,7680,The Elder Scrolls V: Skyrim SPECIAL EDITION 【CEROレーティング「Z」】 - PS4,B01JHV56BA,https://www.google.com/search?q=Bethesda%20%E4%BC%9A%E7%A4%BE%E6%A6%82%E8%A6%81%20%E5%95%8F%E3%81%84%E5%90%88%E3%82%8F%E3%81%9B%20%E5%8D%B8
ダイキ,除外:メディア,版元直取引は法人+実績が前提(法人化で条件付きに開く),メディアカイト,,1,PCソフト,2,0,0,,4979,8336,GREATシリーズ 「STARCRAFT」~スタークラフト~,B00005OIEH,https://www.google.com/search?q=%E3%83%80%E3%82%A4%E3%82%AD%20%E4%BC%9A%E7%A4%BE%E6%A6%82%E8%A6%81%20%E5%95%8F%E3%81%84%E5%90%88%E3%82%8F%E3%81%9B%20%E5%8D%B8
William Collins,除外:メディア,再販制度対象(法人化でも解けない),William Collins,,1,洋書,3,0,0,,4382,8053,Hillbilly Elegy: The Internationally Bestselling Memoir from Trump’s Vice-Presid,000822109X,https://www.google.com/search?q=William%20Collins%20%E4%BC%9A%E7%A4%BE%E6%A6%82%E8%A6%81%20%E5%95%8F%E3%81%84%E5%90%88%E3%82%8F%E3%81%9B%20%E5%8D%B8
EMI,除外:メディア,再販制度対象(法人化でも解けない),Emi,,1,ミュージック,2,0,0,,4518,8059,Back in Black,B000024ZVQ,https://www.google.com/search?q=EMI%20%E4%BC%9A%E7%A4%BE%E6%A6%82%E8%A6%81%20%E5%95%8F%E3%81%84%E5%90%88%E3%82%8F%E3%81%9B%20%E5%8D%B8
Cengage Learning,除外:メディア,再販制度対象(法人化でも解けない),Heinle & Heinle Pub,,1,洋書,2,0,0,,1453,8084,Reading Explorer 3,0357116275,https://www.google.com/search?q=Cengage%20Learning%20%E4%BC%9A%E7%A4%BE%E6%A6%82%E8%A6%81%20%E5%95%8F%E3%81%84%E5%90%88%E3%82%8F%E3%81%9B%20%E5%8D%B8
Buena Vista Home Entertainment,除外:メディア,版元直取引は法人+実績が前提(法人化で条件付きに開く),Disney,,1,DVD,2,0,0,,5071,10070,"【モンスターズ・インク 3D】 Monsters, Inc. (Blu-ray 3D/Blu-ray/DVD Combo)",B0090SI460,https://www.google.com/search?q=Buena%20Vista%20Home%20Entertainment%20%E4%BC%9A%E7%A4%BE%E6%A6%82%E8%A6%81%20%E5%95%8F%E3%81%84%E5%90%88%E3%82%8F%E3%81%9B%20%E5%8D%B8
ワニブックス,除外:メディア,再販制度対象(法人化でも解けない),ワニブックス,,1,本,3,1,0,,1847,10387,るるたん 写真集 『 R-25 』,484708621X,https://www.google.com/search?q=%E3%83%AF%E3%83%8B%E3%83%96%E3%83%83%E3%82%AF%E3%82%B9%20%E4%BC%9A%E7%A4%BE%E6%A6%82%E8%A6%81%20%E5%95%8F%E3%81%84%E5%90%88%E3%82%8F%E3%81%9B%20%E5%8D%B8
MACMILLAN,除外:メディア,再販制度対象(法人化でも解けない),Macmillan Audio,,1,洋書,5,0,0,,5280,10861,Sophie's World: A Novel About the History of Philosophy,1427200874,https://www.google.com/search?q=MACMILLAN%20%E4%BC%9A%E7%A4%BE%E6%A6%82%E8%A6%81%20%E5%95%8F%E3%81%84%E5%90%88%E3%82%8F%E3%81%9B%20%E5%8D%B8
Big Brother,除外:メディア,再販制度対象(法人化でも解けない),Big Brother,,1,ミュージック,2,1,0,,5096,10479,The Masterplan [Analog],B002BSIW6S,https://www.google.com/search?q=Big%20Brother%20%E4%BC%9A%E7%A4%BE%E6%A6%82%E8%A6%81%20%E5%95%8F%E3%81%84%E5%90%88%E3%82%8F%E3%81%9B%20%E5%8D%B8
JEYFLAW,除外:メディア,版元直取引は法人+実績が前提(法人化で条件付きに開く),,,1,DVD,2,0,0,,4443,10296,Deliverance [Blu-ray],B00FMGO52G,https://www.google.com/search?q=JEYFLAW%20%E4%BC%9A%E7%A4%BE%E6%A6%82%E8%A6%81%20%E5%95%8F%E3%81%84%E5%90%88%E3%82%8F%E3%81%9B%20%E5%8D%B8
Anker,除外:中国系OEM(疑い),CNスコア2 / S1_ブランド直営出品,Anker,,29,パソコン・周辺機器,5,3,2,S1_ブランド直営出品,4135,7500,Anker PowerExtend (6-in-1)(USBタップ 電源タップ AC差込口 USB-Cポート USB-Aポート) 【PSE技術基準適合/USB ,B0BVLXDMZT,https://www.google.com/search?q=Anker%20%E4%BC%9A%E7%A4%BE%E6%A6%82%E8%A6%81%20%E5%95%8F%E3%81%84%E5%90%88%E3%82%8F%E3%81%9B%20%E5%8D%B8
エレコム(ELECOM),除外:中国系OEM(疑い),CNスコア2 / S1_ブランド直営出品+S2_ピンイン風セラー,エレコム(ELECOM),,18,パソコン・周辺機器,6,3,2,S1_ブランド直営出品+S2_ピンイン風セラー,2376,6570,エレコム USB-C 充電器 USB PD対応 45W Type-C×1 小型 軽量 折りたたみ式プラグ [PD3.0対応/PPS規格対応/Gan採用] 【iP,B0B7HZKSP5,https://www.google.com/search?q=%E3%82%A8%E3%83%AC%E3%82%B3%E3%83%A0%28ELECOM%29%20%E4%BC%9A%E7%A4%BE%E6%A6%82%E8%A6%81%20%E5%95%8F%E3%81%84%E5%90%88%E3%82%8F%E3%81%9B%20%E5%8D%B8
LxTek,除外:中国系OEM(疑い),CNスコア2 / S2_ピンイン風セラー,LxTek,,14,パソコン・周辺機器,4,0,2,S2_ピンイン風セラー,616,1778,LxTek ITH-6CL 8本セット エプソン用 インク イチョウ Epson用 いちょう ep-710a ep-709a インク,B07WS923R6,https://www.google.com/search?q=LxTek%20%E4%BC%9A%E7%A4%BE%E6%A6%82%E8%A6%81%20%E5%95%8F%E3%81%84%E5%90%88%E3%82%8F%E3%81%9B%20%E5%8D%B8
KODAK,除外:中国系OEM(疑い),CNスコア2 / S2_ピンイン風セラー+S3_略号JPセラー,Kodak,あり,11,家電&カメラ,6,2,2,S2_ピンイン風セラー+S3_略号JPセラー,3573,6180,Kodak カラーネガフィルム GOLD 200 35mm 36枚撮 3本set 1880806,B00CF8A30M,https://www.google.com/search?q=KODAK%20%E4%BC%9A%E7%A4%BE%E6%A6%82%E8%A6%81%20%E5%95%8F%E3%81%84%E5%90%88%E3%82%8F%E3%81%9B%20%E5%8D%B8
Razer(レイザー),除外:中国系OEM(疑い),CNスコア2 / S2_ピンイン風セラー,Razer(レイザー),,9,パソコン・周辺機器,5,2,2,S2_ピンイン風セラー,6199,14480,Razer Viper V2 Pro (White Edition) ゲーミングマウス 超軽量 59g Focus Pro 30K オプティカルセンサー 300,B09YY2D8F5,https://www.google.com/search?q=Razer%28%E3%83%AC%E3%82%A4%E3%82%B6%E3%83%BC%29%20%E4%BC%9A%E7%A4%BE%E6%A6%82%E8%A6%81%20%E5%95%8F%E3%81%84%E5%90%88%E3%82%8F%E3%81%9B%20%E5%8D%B8
ラブホーム美家,除外:中国系OEM(疑い),CNスコア2 / S3_略号JPセラー,ラブホーム美家,,8,ホーム&キッチン,4,2,2,S3_略号JPセラー,930,2890,【新登場 & 3色モード】間接照明 おしゃれ テーブルランプ コードレス 3600mAh 卓上ライト｜タッチ制御＆無段階調光｜目に優しい北欧風スタンドライト｜バ,B0D5CRC729,https://www.google.com/search?q=%E3%83%A9%E3%83%96%E3%83%9B%E3%83%BC%E3%83%A0%E7%BE%8E%E5%AE%B6%20%E4%BC%9A%E7%A4%BE%E6%A6%82%E8%A6%81%20%E5%95%8F%E3%81%84%E5%90%88%E3%82%8F%E3%81%9B%20%E5%8D%B8
Moondrop,除外:中国系OEM(疑い),CNスコア2 / S1_ブランド直営出品,Moondrop,,7,家電&カメラ,1,1,2,S1_ブランド直営出品,3472,6750,水月雨 Moondrop Pill オープンイヤー型ワイヤレスイヤホン イヤーカフ イヤホン オープンイヤー ワイヤレス Bluetooth 6.0,B0FDQ73HJJ,https://www.google.com/search?q=Moondrop%20%E4%BC%9A%E7%A4%BE%E6%A6%82%E8%A6%81%20%E5%95%8F%E3%81%84%E5%90%88%E3%82%8F%E3%81%9B%20%E5%8D%B8
Mumay,除外:中国系OEM(疑い),CNスコア2 / S3_略号JPセラー,Mumay,,6,車&バイク,3,0,2,S3_略号JPセラー,766,2293,スマホスタンド 携帯スタンド スマホスタンド 寝ながら スマホ アーム 寝ながら スマホアームスタンド スマホホルダー けいたい フレキシブル,B0DB1VMSF5,https://www.google.com/search?q=Mumay%20%E4%BC%9A%E7%A4%BE%E6%A6%82%E8%A6%81%20%E5%95%8F%E3%81%84%E5%90%88%E3%82%8F%E3%81%9B%20%E5%8D%B8
BOS,除外:中国系OEM(疑い),CNスコア2 / S1_ブランド直営出品,BOS-SHOP,,6,DIY・工具・ガーデン,6,2,2,S1_ブランド直営出品,1027,3906,【うんちが臭わない袋】 BOS非常用トイレ (Bセット) 50回分 災害/携帯/簡易トイレ/防災グッズ/15年保存 ◆防臭 防菌◆ 臭わない袋BOS付き,B088BKW851,https://www.google.com/search?q=BOS%20%E4%BC%9A%E7%A4%BE%E6%A6%82%E8%A6%81%20%E5%95%8F%E3%81%84%E5%90%88%E3%82%8F%E3%81%9B%20%E5%8D%B8
Betenet,除外:中国系OEM(疑い),CNスコア2 / S1_ブランド直営出品,Betenet,,6,DIY・工具・ガーデン,5,0,2,S1_ブランド直営出品,3087,6689,電動ドライバー【1台4役・電動ドリルドライバー・ブラシレスモーター・60N.m・リアノック】電動ドリル 20+3段階トルク 無段変速 コンクリートビット スピー,B0G2H15HQ7,https://www.google.com/search?q=Betenet%20%E4%BC%9A%E7%A4%BE%E6%A6%82%E8%A6%81%20%E5%95%8F%E3%81%84%E5%90%88%E3%82%8F%E3%81%9B%20%E5%8D%B8
Makita(マキタ),除外:中国系OEM(疑い),CNスコア2 / S2_ピンイン風セラー,マキタ(Makita),,6,DIY・工具・ガーデン,6,2,2,S2_ピンイン風セラー,2244,5910,マキタ(Makita) インパクトドライバー用 ビット ソケット ドリルビット 33本 セット 六角軸6.35㎜ ケース付 E-06622 [並行輸入品],B0BCX4DGFZ,https://www.google.com/search?q=Makita%28%E3%83%9E%E3%82%AD%E3%82%BF%29%20%E4%BC%9A%E7%A4%BE%E6%A6%82%E8%A6%81%20%E5%95%8F%E3%81%84%E5%90%88%E3%82%8F%E3%81%9B%20%E5%8D%B8
Logitech,除外:中国系OEM(疑い),CNスコア2 / S2_ピンイン風セラー,Logicool(ロジクール),,6,パソコン・周辺機器,6,2,2,S2_ピンイン風セラー,3880,7590,ロジクール ワイヤレスマウス トラックボール 無線 M575S Bluetooth Unifying 5ボタン トラックボールマウス ワイヤレス マウス win,B08L4ZR79Q,https://www.google.com/search?q=Logitech%20%E4%BC%9A%E7%A4%BE%E6%A6%82%E8%A6%81%20%E5%95%8F%E3%81%84%E5%90%88%E3%82%8F%E3%81%9B%20%E5%8D%B8
BOIFUN,除外:中国系OEM(疑い),CNスコア2 / S2_ピンイン風セラー,BOIFUN,,6,家電&カメラ,2,0,2,S2_ピンイン風セラー,6443,13948,【2026新登場・15.6インチ大画面・2年保証】 ポータブルDVDプレーヤー BOIFUN CD・DVDプレーヤーポータブル 6時間連続再生 デジタル/CPR,B0DZCHSN2P,https://www.google.com/search?q=BOIFUN%20%E4%BC%9A%E7%A4%BE%E6%A6%82%E8%A6%81%20%E5%95%8F%E3%81%84%E5%90%88%E3%82%8F%E3%81%9B%20%E5%8D%B8
Honda,除外:中国系OEM(疑い),CNスコア2 / S2_ピンイン風セラー,ホンダ(Honda),,6,車&バイク,6,3,2,S2_ピンイン風セラー,1361,4630,Honda(ホンダ)/2輪用エンジンオイル ULTRA G1 SL 5W-30 1L 品番：08232-99971,B08VJF117Z,https://www.google.com/search?q=Honda%20%E4%BC%9A%E7%A4%BE%E6%A6%82%E8%A6%81%20%E5%95%8F%E3%81%84%E5%90%88%E3%82%8F%E3%81%9B%20%E5%8D%B8
ieGeek,除外:中国系OEM(疑い),CNスコア2 / S2_ピンイン風セラー,ieGeek,,5,家電&カメラ,3,0,2,S2_ピンイン風セラー,3260,7596,【24時間常時録画・360°撮影可能・自動追尾】ieGeek 防犯カメラ 屋外 ワイヤレス 2.4G&5GWiFi 300万画素 監視カメラ 屋外 黒白/カラー,B0B5SYGSGB,https://www.google.com/search?q=ieGeek%20%E4%BC%9A%E7%A4%BE%E6%A6%82%E8%A6%81%20%E5%95%8F%E3%81%84%E5%90%88%E3%82%8F%E3%81%9B%20%E5%8D%B8
ファイナル(final),除外:中国系OEM(疑い),CNスコア2 / S1_ブランド直営出品,final Inc.,,5,家電&カメラ,2,1,2,S1_ブランド直営出品,4946,8980,【final公式ストア限定】ag (エージー) COTSUBU for ASMR MK2 自分がダミーヘッドになったような臨場感 ASMR推薦 小型 軽量 IP,B0DPK8XT5F,https://www.google.com/search?q=%E3%83%95%E3%82%A1%E3%82%A4%E3%83%8A%E3%83%AB%28final%29%20%E4%BC%9A%E7%A4%BE%E6%A6%82%E8%A6%81%20%E5%95%8F%E3%81%84%E5%90%88%E3%82%8F%E3%81%9B%20%E5%8D%B8
SoundPEATS(サウンドピーツ),除外:中国系OEM(疑い),CNスコア2 / S1_ブランド直営出品,SoundPEATS(サウンドピーツ),,5,家電&カメラ,0,0,2,S1_ブランド直営出品,3935,6351,SOUNDPEATS CC イヤーカフイヤホン 【オープンイヤー ワイヤレスイヤホン ハイレゾ LDAC 対応 Bluetooth 6.0/マルチポイント接続/,B0DJXSJWD7,https://www.google.com/search?q=SoundPEATS%28%E3%82%B5%E3%82%A6%E3%83%B3%E3%83%89%E3%83%94%E3%83%BC%E3%83%84%29%20%E4%BC%9A%E7%A4%BE%E6%A6%82%E8%A6%81%20%E5%95%8F%E3%81%84%E5%90%88%E3%82%8F%E3%81%9B%20%E5%8D%B8
Lexar,除外:中国系OEM(疑い),CNスコア2 / S1_ブランド直営出品+S3_略号JPセラー,Lexar,,5,パソコン・周辺機器,6,2,2,S1_ブランド直営出品+S3_略号JPセラー,5092,10350,Lexar SDカード Professional 1800x SDXCカード 最大読込280MB/秒 書込210MB/秒 UHS-II Class 10 U3 ,B09MSSPFWY,https://www.google.com/search?q=Lexar%20%E4%BC%9A%E7%A4%BE%E6%A6%82%E8%A6%81%20%E5%95%8F%E3%81%84%E5%90%88%E3%82%8F%E3%81%9B%20%E5%8D%B8
GPC Image,除外:中国系OEM(疑い),CNスコア2 / S1_ブランド直営出品,GPC Image for ブラザー インク lc3111 3色,,5,パソコン・周辺機器,3,0,2,S1_ブランド直営出品,426,1904,GPC Image LC3111-4PK ブラザー 用 インク 純正と併用可能 brother 用 LC3111-3PK C M Y 大容量タイプ インクカート,B09WV28ZDH,https://www.google.com/search?q=GPC%20Image%20%E4%BC%9A%E7%A4%BE%E6%A6%82%E8%A6%81%20%E5%95%8F%E3%81%84%E5%90%88%E3%82%8F%E3%81%9B%20%E5%8D%B8
KIOXIA,除外:中国系OEM(疑い),CNスコア2 / S2_ピンイン風セラー,KIOXIA,,4,パソコン・周辺機器,6,3,2,S2_ピンイン風セラー,3033,10004,USBフラッシュメモリ 64GB USB 3.2 Gen 1 KIOXIA TransMemory U366 薄型 スタイリッシュ メタリックボディ [並行輸入,B0BSN6H7HY,https://www.google.com/search?q=KIOXIA%20%E4%BC%9A%E7%A4%BE%E6%A6%82%E8%A6%81%20%E5%95%8F%E3%81%84%E5%90%88%E3%82%8F%E3%81%9B%20%E5%8D%B8
SHEENGO,除外:中国系OEM(疑い),CNスコア2 / S2_ピンイン風セラー,SHEENGO,,4,パソコン・周辺機器,4,0,2,S2_ピンイン風セラー,617,1820,BCI-301+300/5MP インクカートリッジ キヤノン用 インク 互換 対応機種：PIXUS TS7530 大容量,B09XTXBZYR,https://www.google.com/search?q=SHEENGO%20%E4%BC%9A%E7%A4%BE%E6%A6%82%E8%A6%81%20%E5%95%8F%E3%81%84%E5%90%88%E3%82%8F%E3%81%9B%20%E5%8D%B8
Besecou,除外:中国系OEM(疑い),CNスコア2 / S1_ブランド直営出品,Besecou,,4,家電&カメラ,0,0,2,S1_ブランド直営出品,1071,2494,スマホ 冷却ファン ペルチェ素子 【業界if設計受賞】 瞬間冷却 スマホクーラー 磁気式&クリップ式 凍結可能 USB給電 軽量 静音 コンパクト,B0DXPY4X3C,https://www.google.com/search?q=Besecou%20%E4%BC%9A%E7%A4%BE%E6%A6%82%E8%A6%81%20%E5%95%8F%E3%81%84%E5%90%88%E3%82%8F%E3%81%9B%20%E5%8D%B8
KEENKLE,除外:中国系OEM(疑い),CNスコア2 / S2_ピンイン風セラー,KEENKLE for crg-337,,4,パソコン・周辺機器,2,0,2,S2_ピンイン風セラー,500,1788,CRG-337 トナーカートリッジ キヤノン（CANON）対応 ブラック(モノクロ ) 互換 対応機種: Satera MF249dw / MF245dw / ,B0BGLPG5TR,https://www.google.com/search?q=KEENKLE%20%E4%BC%9A%E7%A4%BE%E6%A6%82%E8%A6%81%20%E5%95%8F%E3%81%84%E5%90%88%E3%82%8F%E3%81%9B%20%E5%8D%B8
Keypal,除外:中国系OEM(疑い),CNスコア2 / S1_ブランド直営出品+S2_ピンイン風セラー,Keypal,,4,家電&カメラ,3,0,2,S1_ブランド直営出品+S2_ピンイン風セラー,744,2812,イヤーカフ イヤホン bluetooth ワイヤレスイヤホン【究極の装着感！極上の音質！新次元のリスニング体験】オープンイヤーイヤホン 最先端Bluetooth,B0FPQCFYNL,https://www.google.com/search?q=Keypal%20%E4%BC%9A%E7%A4%BE%E6%A6%82%E8%A6%81%20%E5%95%8F%E3%81%84%E5%90%88%E3%82%8F%E3%81%9B%20%E5%8D%B8
Hoxhyon,除外:中国系OEM(疑い),CNスコア2 / S1_ブランド直営出品,Hoxhyon,,4,ホーム&キッチン,0,0,2,S1_ブランド直営出品,2325,5261,Hoxhyon デスクライト LED クランプ式「PSE認証済」卓上ライト 電気スタンド 目に優しい デスクスタンド デスクランプ テーブルライト,B0FM3NXDVN,https://www.google.com/search?q=Hoxhyon%20%E4%BC%9A%E7%A4%BE%E6%A6%82%E8%A6%81%20%E5%95%8F%E3%81%84%E5%90%88%E3%82%8F%E3%81%9B%20%E5%8D%B8
HAGOOGI,除外:中国系OEM(疑い),CNスコア2 / S1_ブランド直営出品,HAGOOGI,,4,スポーツ&アウトドア,0,0,2,S1_ブランド直営出品,3992,7978,HAGOOGI ランタン ledランタン 「1台5役・業界最初の焚火色」キャンプ ランタン 防災ライト 夜釣り/地震/停電対策 非常用 (オリーブ),B0FMF1TJ27,https://www.google.com/search?q=HAGOOGI%20%E4%BC%9A%E7%A4%BE%E6%A6%82%E8%A6%81%20%E5%95%8F%E3%81%84%E5%90%88%E3%82%8F%E3%81%9B%20%E5%8D%B8
LEGO(レゴ),除外:中国系OEM(疑い),CNスコア2 / S3_略号JPセラー,レゴ(LEGO),,4,おもちゃ,5,2,2,S3_略号JPセラー,3376,11758,レゴ(LEGO) マーベル スパイダーマン vs. ドクター・オクトパス 地下鉄編 76321 おもちゃ 男の子 女の子,B0DWF13RP3,https://www.google.com/search?q=LEGO%28%E3%83%AC%E3%82%B4%29%20%E4%BC%9A%E7%A4%BE%E6%A6%82%E8%A6%81%20%E5%95%8F%E3%81%84%E5%90%88%E3%82%8F%E3%81%9B%20%E5%8D%B8
iface,除外:中国系OEM(疑い),CNスコア2 / S2_ピンイン風セラー,Hamee(ハミィ),,4,家電&カメラ,5,1,2,S2_ピンイン風セラー,1538,3124,iFace BeBling 2 MagSafe対応 スマホリング MagSynq Ring Holder (ブルー),B0G129Z8WX,https://www.google.com/search?q=iface%20%E4%BC%9A%E7%A4%BE%E6%A6%82%E8%A6%81%20%E5%95%8F%E3%81%84%E5%90%88%E3%82%8F%E3%81%9B%20%E5%8D%B8
HEIBAS,除外:中国系OEM(疑い),CNスコア2 / S2_ピンイン風セラー,Origin qilin,,3,家電&カメラ,3,0,2,S2_ピンイン風セラー,769,1998,ヘッドセット bluetooth Bluetooth 6.0搭載 安定接続 98時間連続再生 片耳イヤホン bluetooth,B0GFCPDT7B,https://www.google.com/search?q=HEIBAS%20%E4%BC%9A%E7%A4%BE%E6%A6%82%E8%A6%81%20%E5%95%8F%E3%81%84%E5%90%88%E3%82%8F%E3%81%9B%20%E5%8D%B8
TXWDFHL,除外:中国系OEM(疑い),CNスコア2 / S3_略号JPセラー,TXWDFHL,,3,ホーム&キッチン,2,0,2,S3_略号JPセラー,431,1780,【2026新登場&LCD画面】鼻毛カッター メンズ 替刃付き USB充電式 はな毛カッター はなげカッター バッテリー残量の表示 1台多役 エチケットカッター ,B0GBWZBMS5,https://www.google.com/search?q=TXWDFHL%20%E4%BC%9A%E7%A4%BE%E6%A6%82%E8%A6%81%20%E5%95%8F%E3%81%84%E5%90%88%E3%82%8F%E3%81%9B%20%E5%8D%B8
Yaizk,除外:中国系OEM(疑い),CNスコア2 / S1_ブランド直営出品+S2_ピンイン風セラー,YaizK,,3,家電&カメラ,4,2,2,S1_ブランド直営出品+S2_ピンイン風セラー,623,1706,2026年改良モデル 室内アンテナ テレビアンテナ 地デジアンテナ 4KHD 530KM受信範囲 最強 信号ブースター内蔵 UHF/VHF対応,B0B8GTG8RP,https://www.google.com/search?q=Yaizk%20%E4%BC%9A%E7%A4%BE%E6%A6%82%E8%A6%81%20%E5%95%8F%E3%81%84%E5%90%88%E3%82%8F%E3%81%9B%20%E5%8D%B8
CPWORLD,除外:中国系OEM(疑い),CNスコア2 / S1_ブランド直営出品,CPWORLD,,3,DIY・工具・ガーデン,0,0,2,S1_ブランド直営出品,958,2844,CPWORLD スチームアイロン【2026アップグレード版 超軽量】衣類スチーマー 小型 2段階スチーム量調節 ハンガー掛け可能 シワ伸ばし パワフル連続スチー,B0FWC3YF3N,https://www.google.com/search?q=CPWORLD%20%E4%BC%9A%E7%A4%BE%E6%A6%82%E8%A6%81%20%E5%95%8F%E3%81%84%E5%90%88%E3%82%8F%E3%81%9B%20%E5%8D%B8
イースター株式会社,除外:中国系OEM(疑い),CNスコア2 / S2_ピンイン風セラー,イースター,あり,3,ペット用品,6,1,2,S2_ピンイン風セラー,156,1762,イースター チンチラセレクションプロ 600g,B0G5KJK6LF,https://www.google.com/search?q=%E3%82%A4%E3%83%BC%E3%82%B9%E3%82%BF%E3%83%BC%E6%A0%AA%E5%BC%8F%E4%BC%9A%E7%A4%BE%20%E4%BC%9A%E7%A4%BE%E6%A6%82%E8%A6%81%20%E5%95%8F%E3%81%84%E5%90%88%E3%82%8F%E3%81%9B%20%E5%8D%B8
TANITA,除外:中国系OEM(疑い),CNスコア2 / S1_ブランド直営出品,タニタ(Tanita),,3,ホーム&キッチン,6,1,2,S1_ブランド直営出品,1159,3680,タニタ 電子体温計 BT-471-WH ホワイト スピード検温20秒予測式 先が曲がるバックライト付き大画面体温計,B077T73WWS,https://www.google.com/search?q=TANITA%20%E4%BC%9A%E7%A4%BE%E6%A6%82%E8%A6%81%20%E5%95%8F%E3%81%84%E5%90%88%E3%82%8F%E3%81%9B%20%E5%8D%B8
HUAKUA,除外:中国系OEM(疑い),CNスコア2 / S2_ピンイン風セラー,HUAKUA,,3,家電&カメラ,2,0,2,S2_ピンイン風セラー,2015,3994,HUAKUA スマートウォッチ iPhone/Android対応 通話音声調整可能 一発消音 SOS通話機能付き 1.39インチ大画面 丸型,B0BWK342Y6,https://www.google.com/search?q=HUAKUA%20%E4%BC%9A%E7%A4%BE%E6%A6%82%E8%A6%81%20%E5%95%8F%E3%81%84%E5%90%88%E3%82%8F%E3%81%9B%20%E5%8D%B8
SKYBASIC,除外:中国系OEM(疑い),CNスコア2 / S2_ピンイン風セラー,SKYBASIC,,3,産業・研究開発用品,2,0,2,S2_ピンイン風セラー,1727,4199,SKYBASIC Wifi デジタル顕微鏡 2MP 50-1000倍電子顕微鏡 拡大鏡 ポータブルハンドヘルド顕微鏡カメラマイクロスコープ 、8 LED 、iP,B0G13SMWC7,https://www.google.com/search?q=SKYBASIC%20%E4%BC%9A%E7%A4%BE%E6%A6%82%E8%A6%81%20%E5%95%8F%E3%81%84%E5%90%88%E3%82%8F%E3%81%9B%20%E5%8D%B8
Aliliy,除外:中国系OEM(疑い),CNスコア2 / S3_略号JPセラー,Aliliy,,3,ホーム&キッチン,3,0,2,S3_略号JPセラー,1704,5680,Aliliyポータブル電気ケトル 小型【2026革新版温度調節 海外/日本対応 AC100-240V】携帯ケトル 持ち運びケトル トラベル ポータブル,B0FPF3X4PB,https://www.google.com/search?q=Aliliy%20%E4%BC%9A%E7%A4%BE%E6%A6%82%E8%A6%81%20%E5%95%8F%E3%81%84%E5%90%88%E3%82%8F%E3%81%9B%20%E5%8D%B8
Rolling Square,除外:中国系OEM(疑い),CNスコア2 / S2_ピンイン風セラー,Rolling Square,,3,パソコン・周辺機器,2,0,2,S2_ピンイン風セラー,1968,3808,Rolling Square 【公式】inCharge XL 30cm 充電ケーブル マルチUSBケーブル 6-in-1 100W 超高速充電 スマホ タブレッ,B0BLD36VX6,https://www.google.com/search?q=Rolling%20Square%20%E4%BC%9A%E7%A4%BE%E6%A6%82%E8%A6%81%20%E5%95%8F%E3%81%84%E5%90%88%E3%82%8F%E3%81%9B%20%E5%8D%B8
Krunia,除外:中国系OEM(疑い),CNスコア2 / S2_ピンイン風セラー,Krunia,,3,車&バイク,2,0,2,S2_ピンイン風セラー,5491,10119,Krunia ディスプレイオーディオ 9.26インチ ワイヤレス CarPlay & Android Auto 対応 ポータブルカーオーディオ リアカメラ付き ,B0DNZMCN1R,https://www.google.com/search?q=Krunia%20%E4%BC%9A%E7%A4%BE%E6%A6%82%E8%A6%81%20%E5%95%8F%E3%81%84%E5%90%88%E3%82%8F%E3%81%9B%20%E5%8D%B8
52TOYS,除外:中国系OEM(疑い),CNスコア2 / S1_ブランド直営出品,52TOYS,,3,ホビー,2,0,2,S1_ブランド直営出品,2658,5200,52TOYS BLINDBOX ディズニー プリンセス Pony Palesシリーズ ぬいぐるみブラインドボックス 可動フィギュア 馬の年 コレクター・誕生日・,B0GLN9WRYP,https://www.google.com/search?q=52TOYS%20%E4%BC%9A%E7%A4%BE%E6%A6%82%E8%A6%81%20%E5%95%8F%E3%81%84%E5%90%88%E3%82%8F%E3%81%9B%20%E5%8D%B8
オスモカラー,除外:中国系OEM(疑い),CNスコア2 / S2_ピンイン風セラー,オスモ&エーデル(株),あり,3,DIY・工具・ガーデン,8,0,2,S2_ピンイン風セラー,2699,6550,オスモカラー オスモ&エーデル カウンタートップオイル 0.5L #3058 ツヤ消し,B08XX1V5XK,https://www.google.com/search?q=%E3%82%AA%E3%82%B9%E3%83%A2%E3%82%AB%E3%83%A9%E3%83%BC%20%E4%BC%9A%E7%A4%BE%E6%A6%82%E8%A6%81%20%E5%95%8F%E3%81%84%E5%90%88%E3%82%8F%E3%81%9B%20%E5%8D%B8
Ibealuty,除外:中国系OEM(疑い),CNスコア2 / S3_略号JPセラー,Ibealuty,,3,ホーム&キッチン,2,0,2,S3_略号JPセラー,634,1894,vioシェーバー レディース 電気シェーバー 女性 【プロ美容師が監修】 鼻毛カッター 眉毛シェーバー 多機能 ムダ毛処理 顔 脇 腕 すね毛 ビキニライン 水,B09X9WQQ9T,https://www.google.com/search?q=Ibealuty%20%E4%BC%9A%E7%A4%BE%E6%A6%82%E8%A6%81%20%E5%95%8F%E3%81%84%E5%90%88%E3%82%8F%E3%81%9B%20%E5%8D%B8
JBL,除外:中国系OEM(疑い),CNスコア2 / S1_ブランド直営出品,JBL(ジェービーエル),,3,家電&カメラ,2,0,2,S1_ブランド直営出品,8703,13800,JBL T210 エコパッケージ マイク付き1ボタンリモコン/3.5mmステレオミニプラグ接続/有線/8.7mmダイナミックドライバー搭載/カナル型 ローズゴー,B0FHQNCS14,https://www.google.com/search?q=JBL%20%E4%BC%9A%E7%A4%BE%E6%A6%82%E8%A6%81%20%E5%95%8F%E3%81%84%E5%90%88%E3%82%8F%E3%81%9B%20%E5%8D%B8
Vulmoon,除外:中国系OEM(疑い),CNスコア2 / S1_ブランド直営出品,vulmoon,,3,ファッション,0,0,2,S1_ブランド直営出品,1268,2979,[Vulmoon] ショルダーバッグ メンズ おしゃれ ボディバッグ 傘やボトル 収納 大容量 スキミング防止 防水 軽量 海外旅行 盗難防止 (ブラック),B0GK74QRS9,https://www.google.com/search?q=Vulmoon%20%E4%BC%9A%E7%A4%BE%E6%A6%82%E8%A6%81%20%E5%95%8F%E3%81%84%E5%90%88%E3%82%8F%E3%81%9B%20%E5%8D%B8
Insta360,除外:中国系OEM(疑い),CNスコア2 / S1_ブランド直営出品,Insta360,,3,家電&カメラ,0,0,2,S1_ブランド直営出品,10233,18600,Insta360 Flow 2 Pro グレー - 業界初のAI搭載スマホジンバル（Apple DockKit対応）、画期的な360度パン追跡、フリーティルト、,B0DPKV8LP7,https://www.google.com/search?q=Insta360%20%E4%BC%9A%E7%A4%BE%E6%A6%82%E8%A6%81%20%E5%95%8F%E3%81%84%E5%90%88%E3%82%8F%E3%81%9B%20%E5%8D%B8
Leacco,除外:中国系OEM(疑い),CNスコア2 / S1_ブランド直営出品+S2_ピンイン風セラー,Leacco,,2,家電&カメラ,2,0,2,S1_ブランド直営出品+S2_ピンイン風セラー,1115,3048,双眼鏡 ライブ用 高倍率 15倍 オペラグラス 【業界先端BAK4光学レンズ&FMC多層コーティング】防振双眼鏡 超軽量134g コンパクト,B0G2Y2SPVH,https://www.google.com/search?q=Leacco%20%E4%BC%9A%E7%A4%BE%E6%A6%82%E8%A6%81%20%E5%95%8F%E3%81%84%E5%90%88%E3%82%8F%E3%81%9B%20%E5%8D%B8
ZVZHM,除外:中国系OEM(疑い),CNスコア2 / S1_ブランド直営出品,ZVZHM,,2,パソコン・周辺機器,1,1,2,S1_ブランド直営出品,537,1558,HDMI キャプチャーボード Switch/UVC対応 4K@30Hz 4K入力＆1080P出力 Type C&USB A&USB C 2in1 Type C小,B0F1SVFN8M,https://www.google.com/search?q=ZVZHM%20%E4%BC%9A%E7%A4%BE%E6%A6%82%E8%A6%81%20%E5%95%8F%E3%81%84%E5%90%88%E3%82%8F%E3%81%9B%20%E5%8D%B8
Klszear,除外:中国系OEM(疑い),CNスコア2 / S1_ブランド直営出品,Klszear,,2,パソコン・周辺機器,0,0,2,S1_ブランド直営出品,366,1480,Type C to ライトニング 変換 アダプタ 【2026新登場】USB C 変換 イヤホン 変換ケーブル 3in1 急速充電/高速転送/オーディオ 通話・音,B0DXFDBDVV,https://www.google.com/search?q=Klszear%20%E4%BC%9A%E7%A4%BE%E6%A6%82%E8%A6%81%20%E5%95%8F%E3%81%84%E5%90%88%E3%82%8F%E3%81%9B%20%E5%8D%B8
SOOEO,除外:中国系OEM(疑い),CNスコア2 / S2_ピンイン風セラー,SOOEO,,2,家電&カメラ,6,0,2,S2_ピンイン風セラー,739,2054,モバイルバッテリー 20000mAh大容量 【2026新設計・16ｍｍ超薄モデル】モバイルバッテリー 軽量 小型 急速充電 スマホ充電器 大容量,B0F43XLHSM,https://www.google.com/search?q=SOOEO%20%E4%BC%9A%E7%A4%BE%E6%A6%82%E8%A6%81%20%E5%95%8F%E3%81%84%E5%90%88%E3%82%8F%E3%81%9B%20%E5%8D%B8
Sanlao,除外:中国系OEM(疑い),CNスコア2 / S2_ピンイン風セラー,Sanlao,,2,家電&カメラ,4,1,2,S2_ピンイン風セラー,1196,7149,モバイルバッテリー 大容量 【56800mAh大容量 & 4本ケーブル内蔵】 モバイルバッテリー 5台同時充電可能 最大2.4A出力 急速充電 LCDディスプレ,B0DBV8Y6WM,https://www.google.com/search?q=Sanlao%20%E4%BC%9A%E7%A4%BE%E6%A6%82%E8%A6%81%20%E5%95%8F%E3%81%84%E5%90%88%E3%82%8F%E3%81%9B%20%E5%8D%B8
Trywon,除外:中国系OEM(疑い),CNスコア2 / S3_略号JPセラー,Trywon,,2,家電&カメラ,4,0,2,S3_略号JPセラー,672,2416,スマホスタンド iPhone&iPad 両用 全機種対応 仰向け ごろ寝 タブレットスタンド アーム 寝ながらスマホ 携帯 安定性,B0CCJKPT28,https://www.google.com/search?q=Trywon%20%E4%BC%9A%E7%A4%BE%E6%A6%82%E8%A6%81%20%E5%95%8F%E3%81%84%E5%90%88%E3%82%8F%E3%81%9B%20%E5%8D%B8
Erssimo,除外:中国系OEM(疑い),CNスコア2 / S3_略号JPセラー,Erssimo,,2,家電&カメラ,3,0,2,S3_略号JPセラー,1580,3038,骨伝導イヤホン bluetooth マイク付き こつでんどう イヤホン bluetooth 防水 スポーツ イヤホン ランニング トレーニング サイクリング 耳,B0BF5WN71R,https://www.google.com/search?q=Erssimo%20%E4%BC%9A%E7%A4%BE%E6%A6%82%E8%A6%81%20%E5%95%8F%E3%81%84%E5%90%88%E3%82%8F%E3%81%9B%20%E5%8D%B8
Toyomii,除外:中国系OEM(疑い),CNスコア2 / S2_ピンイン風セラー,Toyomii,,2,家電&カメラ,2,0,2,S2_ピンイン風セラー,2164,4299,ソーラーモバイルバッテリー 大容量 40800mAh 【22.5W/PD18W急速充電 4本ケーブル内蔵】 6台同時充電 ソーラーチャージャー,B0FSSPVT5C,https://www.google.com/search?q=Toyomii%20%E4%BC%9A%E7%A4%BE%E6%A6%82%E8%A6%81%20%E5%95%8F%E3%81%84%E5%90%88%E3%82%8F%E3%81%9B%20%E5%8D%B8
Iosare,除外:中国系OEM(疑い),CNスコア2 / S1_ブランド直営出品,Iosare,,2,ホーム&キッチン,0,0,2,S1_ブランド直営出品,2406,5398,【2026新登場】掃除機 コードレス 25000pa超強力吸引 ハンディスティックク 超軽量 リーナー vacuum cleaner cordless そうじき,B0G4MPKHXQ,https://www.google.com/search?q=Iosare%20%E4%BC%9A%E7%A4%BE%E6%A6%82%E8%A6%81%20%E5%95%8F%E3%81%84%E5%90%88%E3%82%8F%E3%81%9B%20%E5%8D%B8
Pursay,除外:中国系OEM(疑い),CNスコア2 / S1_ブランド直営出品,Pursay,,2,ホーム&キッチン,0,0,2,S1_ブランド直営出品,3203,7780,衣類スチーマー Pursay かけたまま スチームアイロン 100-240V 海外対応【濡れずにすぐに着られる×大量超微細スチーム】 ハンディ コンパクト シワ,B0FFBBXSQV,https://www.google.com/search?q=Pursay%20%E4%BC%9A%E7%A4%BE%E6%A6%82%E8%A6%81%20%E5%95%8F%E3%81%84%E5%90%88%E3%82%8F%E3%81%9B%20%E5%8D%B8
CREATIVE,除外:中国系OEM(疑い),CNスコア2 / S1_ブランド直営出品,クリエイティブ・メディア,,2,パソコン・周辺機器,1,0,2,S1_ブランド直営出品,5080,8982,Creative Pebble Pro ブラック 出力 20W RMS ピーク出力60W PCスピーカー,B0F52BNWB8,https://www.google.com/search?q=CREATIVE%20%E4%BC%9A%E7%A4%BE%E6%A6%82%E8%A6%81%20%E5%95%8F%E3%81%84%E5%90%88%E3%82%8F%E3%81%9B%20%E5%8D%B8
Edifier,除外:中国系OEM(疑い),CNスコア2 / S1_ブランド直営出品,Edifier,,2,家電&カメラ,1,0,2,S1_ブランド直営出品,8102,14006,Edifier MR4 42W 2.0ch PC アクティブニアフィールドモニタースピーカー | 4 インチ中低音ユニット アンプ 内蔵 音質高,B09DKV849B,https://www.google.com/search?q=Edifier%20%E4%BC%9A%E7%A4%BE%E6%A6%82%E8%A6%81%20%E5%95%8F%E3%81%84%E5%90%88%E3%82%8F%E3%81%9B%20%E5%8D%B8
Marshall,除外:中国系OEM(疑い),CNスコア2 / S1_ブランド直営出品,Marshall,,2,家電&カメラ,3,0,2,S1_ブランド直営出品,9806,17980,Marshall ワイヤレスポータブル防水スピーカー Willen II ブラック&ブラス 連続再生17時間/IP67防水仕様/超小型/急速充電 【国内正規品】,B0DD7T8H2Q,https://www.google.com/search?q=Marshall%20%E4%BC%9A%E7%A4%BE%E6%A6%82%E8%A6%81%20%E5%95%8F%E3%81%84%E5%90%88%E3%82%8F%E3%81%9B%20%E5%8D%B8
BACOENG,除外:中国系OEM(疑い),CNスコア2 / S2_ピンイン風セラー,zhiyaqingmu,,2,車&バイク,2,0,2,S2_ピンイン風セラー,8551,16499,BACOENG 3.6CFM 1/4HP 真空ポンプ マニホールドゲージ R32 R134A R410A R407C カー・家庭用エアコン修理キット,B0DZFPWKMH,https://www.google.com/search?q=BACOENG%20%E4%BC%9A%E7%A4%BE%E6%A6%82%E8%A6%81%20%E5%95%8F%E3%81%84%E5%90%88%E3%82%8F%E3%81%9B%20%E5%8D%B8
ナトコ,除外:中国系OEM(疑い),CNスコア2 / S2_ピンイン風セラー,,,2,DIY・工具・ガーデン,5,0,2,S2_ピンイン風セラー,1018,3888,ナトコ スケルトンM-201 金属ハケ用 1kg 業務用 剥離,B08G44WSY1,https://www.google.com/search?q=%E3%83%8A%E3%83%88%E3%82%B3%20%E4%BC%9A%E7%A4%BE%E6%A6%82%E8%A6%81%20%E5%95%8F%E3%81%84%E5%90%88%E3%82%8F%E3%81%9B%20%E5%8D%B8
Lazyme,除外:中国系OEM(疑い),CNスコア2 / S2_ピンイン風セラー,Lazyme,,2,ホーム&キッチン,2,0,2,S2_ピンイン風セラー,1310,3280,Ｌａｚｙｍｅ コードレス フードプロセッサー 小型 時短調理 チョッパー 1台5役 2種の刃 離乳食/肉挽き/野菜/氷/対応 キッチン家電 家庭用,B0GJ37HXXY,https://www.google.com/search?q=%EF%BC%AC%EF%BD%81%EF%BD%9A%EF%BD%99%EF%BD%8D%EF%BD%85%20%E4%BC%9A%E7%A4%BE%E6%A6%82%E8%A6%81%20%E5%95%8F%E3%81%84%E5%90%88%E3%82%8F%E3%81%9B%20%E5%8D%B8
KCUVSSKKII,除外:中国系OEM(疑い),CNスコア2 / S2_ピンイン風セラー,KCUVSSKKII,,2,スポーツ&アウトドア,2,0,2,S2_ピンイン風セラー,1384,3849,LED ヘッドライト 実用点灯35時間 3000000ルーメン 超高輝度 Type-C 充電式 ヘッドランプ 5点灯モード 手振りセンサー機能付き 残量表示機能,B0F89WKCYC,https://www.google.com/search?q=KCUVSSKKII%20%E4%BC%9A%E7%A4%BE%E6%A6%82%E8%A6%81%20%E5%95%8F%E3%81%84%E5%90%88%E3%82%8F%E3%81%9B%20%E5%8D%B8
Lamake,除外:中国系OEM(疑い),CNスコア2 / S3_略号JPセラー,CWB JP,,2,DIY・工具・ガーデン,3,0,2,S3_略号JPセラー,3406,6858,Lamake 超超明るい 4400mAh大容量バッテリー内蔵 センサーライト ABS ソーラー充電 三つ照明モード 明暗センサー 取付簡単 地震/台風/津波など,B07CYY16XG,https://www.google.com/search?q=Lamake%20%E4%BC%9A%E7%A4%BE%E6%A6%82%E8%A6%81%20%E5%95%8F%E3%81%84%E5%90%88%E3%82%8F%E3%81%9B%20%E5%8D%B8
JLab,除外:中国系OEM(疑い),CNスコア2 / S1_ブランド直営出品,JLab,,2,家電&カメラ,5,1,2,S1_ブランド直営出品,2500,6240,JLab JBuddies Gen 2 折りたたみ式キッズ有線ヘッドフォン、ノイズアイソレーション、音量制限、対象年齢2歳以上、ピンク/グレー,B0D3D61DXJ,https://www.google.com/search?q=JLab%20%E4%BC%9A%E7%A4%BE%E6%A6%82%E8%A6%81%20%E5%95%8F%E3%81%84%E5%90%88%E3%82%8F%E3%81%9B%20%E5%8D%B8
COMEDYKING,除外:中国系OEM(疑い),CNスコア2 / S1_ブランド直営出品,Pingyang County Hongxing Arts and Crafts Factory,,2,ホーム&キッチン,0,0,2,S1_ブランド直営出品,5173,9456,COMEDYKING EMS ピロー 【日本で人気！5つ機能付き】 リモコン付き 簡単操作 PC作業 テレワーク 運動 家事 育児 誕生日プレゼント女性 母親 ,B0DSZJRWKX,https://www.google.com/search?q=COMEDYKING%20%E4%BC%9A%E7%A4%BE%E6%A6%82%E8%A6%81%20%E5%95%8F%E3%81%84%E5%90%88%E3%82%8F%E3%81%9B%20%E5%8D%B8
GOYOJO,除外:中国系OEM(疑い),CNスコア2 / S1_ブランド直営出品,GOYOJO,,2,産業・研究開発用品,2,1,2,S1_ブランド直営出品,5552,10888,GOYOJO サーモグラフィー サーマルカメラ 赤外線カメラ iOS15.0以上／Android7.0以上対応 192x192 IR解像度、25Hzフレームレー,B0DX1PQCZR,https://www.google.com/search?q=GOYOJO%20%E4%BC%9A%E7%A4%BE%E6%A6%82%E8%A6%81%20%E5%95%8F%E3%81%84%E5%90%88%E3%82%8F%E3%81%9B%20%E5%8D%B8
asics(アシックス),除外:中国系OEM(疑い),CNスコア2 / S2_ピンイン風セラー,,,2,ファッション,6,1,2,S2_ピンイン風セラー,9914,18800,[アシックス] ワーキング 安全靴 作業靴 ウィンジョブ CP209 BOA JSAA A種先芯 耐滑ソール fuzeGEL搭載 ホワイト/グラベル 28.0c,B0G6CL9K8B,https://www.google.com/search?q=asics%28%E3%82%A2%E3%82%B7%E3%83%83%E3%82%AF%E3%82%B9%29%20%E4%BC%9A%E7%A4%BE%E6%A6%82%E8%A6%81%20%E5%95%8F%E3%81%84%E5%90%88%E3%82%8F%E3%81%9B%20%E5%8D%B8
シャープ(SHARP),除外:中国系OEM(疑い),CNスコア2 / S2_ピンイン風セラー,,,2,パソコン・周辺機器,6,1,2,S2_ピンイン風セラー,2624,5939,SHARP HDD/BDレコーダー用 冷却ファン 004 277 0032,B076Z7JRF9,https://www.google.com/search?q=%E3%82%B7%E3%83%A3%E3%83%BC%E3%83%97%28SHARP%29%20%E4%BC%9A%E7%A4%BE%E6%A6%82%E8%A6%81%20%E5%95%8F%E3%81%84%E5%90%88%E3%82%8F%E3%81%9B%20%E5%8D%B8
BeeTool,除外:中国系OEM(疑い),CNスコア2 / S1_ブランド直営出品,BeeTool,,2,ホーム&キッチン,0,0,2,S1_ブランド直営出品,1588,3726,BeeTool 業界初 ハンディクリーナー 40000Pa 強力吸引力 2種吸引モード＆ディスプレイ搭載＆2種照明ライト＆2.5H急速充電 車用掃除機,B0GK7RT83H,https://www.google.com/search?q=BeeTool%20%E4%BC%9A%E7%A4%BE%E6%A6%82%E8%A6%81%20%E5%95%8F%E3%81%84%E5%90%88%E3%82%8F%E3%81%9B%20%E5%8D%B8
JASON MARKK(ジェイソンマーク),除外:中国系OEM(疑い),CNスコア2 / S1_ブランド直営出品,jasonmarkk(ジェイソンマーク),あり,2,ファッション,3,0,2,S1_ブランド直営出品,940,2970,【ジェイソンマーク】 JASON MARKK ESSENTIAL KIT スニーカー クリーナー ( ディープクリーニングソリューション 118ml & スタン,B00D12KGVW,https://www.google.com/search?q=JASON%20MARKK%28%E3%82%B8%E3%82%A7%E3%82%A4%E3%82%BD%E3%83%B3%E3%83%9E%E3%83%BC%E3%82%AF%29%20%E4%BC%9A%E7%A4%BE%E6%A6%82%E8%A6%81%20%E5%95%8F%E3%81%84%E5%90%88%E3%82%8F%E3%81%9B%20%E5%8D%B8
Tibnozt,除外:中国系OEM(疑い),CNスコア2 / S1_ブランド直営出品,Tibnozt,,2,ホーム&キッチン,0,0,2,S1_ブランド直営出品,3090,6156,Tibnozt EMS ヘッドスパ 電動頭皮ブラシ IPX7防水 3D振動 広範囲赤色LED 頭皮エステ スカルプケア フェイスケア 美容家電,B0G5PXZ8ND,https://www.google.com/search?q=Tibnozt%20%E4%BC%9A%E7%A4%BE%E6%A6%82%E8%A6%81%20%E5%95%8F%E3%81%84%E5%90%88%E3%82%8F%E3%81%9B%20%E5%8D%B8
Avylet,除外:中国系OEM(疑い),CNスコア2 / S1_ブランド直営出品,Avylet,,2,車&バイク,0,0,2,S1_ブランド直営出品,4056,7661,Avylet ドライブレコーダー 2K 1440P 小型 ドラレコ 車載カメラ フロントカメラ WiFi付き スマホ連携 外付けGPSモジュール対応,B0D1FVG5VF,https://www.google.com/search?q=Avylet%20%E4%BC%9A%E7%A4%BE%E6%A6%82%E8%A6%81%20%E5%95%8F%E3%81%84%E5%90%88%E3%82%8F%E3%81%9B%20%E5%8D%B8
Cheery,除外:中国系OEM(疑い),CNスコア2 / S2_ピンイン風セラー,Cheery,,2,家電&カメラ,2,0,2,S2_ピンイン風セラー,1308,2894,モバイルバッテリー 大容量 35000mAh 【4本ケーブル内蔵・4台同時充電】 急速充電 LCD残量表示 Type-C入力ポート USB-A出力,B0GGHDG4DN,https://www.google.com/search?q=Cheery%20%E4%BC%9A%E7%A4%BE%E6%A6%82%E8%A6%81%20%E5%95%8F%E3%81%84%E5%90%88%E3%82%8F%E3%81%9B%20%E5%8D%B8
simplism,除外:中国系OEM(疑い),CNスコア2 / S2_ピンイン風セラー,トリニティ,,2,パソコン・周辺機器,7,2,2,S2_ピンイン風セラー,478,1756,Simplism シンプリズム スマ冷えプレミアムラージ ホワイト TR-SHPL-WT,B0D2ZXHQ8F,https://www.google.com/search?q=simplism%20%E4%BC%9A%E7%A4%BE%E6%A6%82%E8%A6%81%20%E5%95%8F%E3%81%84%E5%90%88%E3%82%8F%E3%81%9B%20%E5%8D%B8
GAGULA,除外:中国系OEM(疑い),CNスコア2 / S3_略号JPセラー,GAGULA,,2,家電&カメラ,2,0,2,S3_略号JPセラー,1008,2229,GAGULA for Apple Watch バンド チェーン ベルト アップルウォッチ バンド 調整器具不要 ステンレス SE 3/SE 2/SE/ 11 1,B0F98Z8NRY,https://www.google.com/search?q=GAGULA%20%E4%BC%9A%E7%A4%BE%E6%A6%82%E8%A6%81%20%E5%95%8F%E3%81%84%E5%90%88%E3%82%8F%E3%81%9B%20%E5%8D%B8
PRETYDAY,除外:中国系OEM(疑い),CNスコア2 / S1_ブランド直営出品,PRETYDAY,,2,ホーム&キッチン,1,0,2,S1_ブランド直営出品,589,1821,[2倍の処理幅] ヒートカッター vio 女性【2026新登場 USB充電式】ダブルコーム保護 アンダーヘアカッター 除毛 Vラインヒートカッター 3秒速熱 電,B092Z6Y7KJ,https://www.google.com/search?q=PRETYDAY%20%E4%BC%9A%E7%A4%BE%E6%A6%82%E8%A6%81%20%E5%95%8F%E3%81%84%E5%90%88%E3%82%8F%E3%81%9B%20%E5%8D%B8
GEKETY,除外:中国系OEM(疑い),CNスコア2 / S1_ブランド直営出品,GEKETY,,2,スポーツ&アウトドア,1,0,2,S1_ブランド直営出品,1202,2799,エアーマット GEKETY キャンプ マット【30s膨らむ･厚手10㎝】足踏み式 車中泊 防災 来客用 無限連結 枕付き コンパクト 軽量 防水 厚手,B0GK1H6LXS,https://www.google.com/search?q=GEKETY%20%E4%BC%9A%E7%A4%BE%E6%A6%82%E8%A6%81%20%E5%95%8F%E3%81%84%E5%90%88%E3%82%8F%E3%81%9B%20%E5%8D%B8
YOOPAI,除外:中国系OEM(疑い),CNスコア2 / S1_ブランド直営出品,SUNLU,,2,産業・研究開発用品,1,0,2,S1_ブランド直営出品,3732,6980,SUNLU フィラメントコネクタ、3Dプリンターフィラメント1.75mm用PTFEスリーブ200個付きフィラメントスプライサー、240°Cまで高速加熱、PLA ,B0DLBJB9MD,https://www.google.com/search?q=YOOPAI%20%E4%BC%9A%E7%A4%BE%E6%A6%82%E8%A6%81%20%E5%95%8F%E3%81%84%E5%90%88%E3%82%8F%E3%81%9B%20%E5%8D%B8
Aulumu,除外:中国系OEM(疑い),CNスコア2 / S1_ブランド直営出品,Aulumu,,2,家電&カメラ,2,0,2,S1_ブランド直営出品,3873,6880,Aulumu G09 スマホリング Magsafe対応 両面マグネット スタンド、ブラック,B0DTCXN8GP,https://www.google.com/search?q=Aulumu%20%E4%BC%9A%E7%A4%BE%E6%A6%82%E8%A6%81%20%E5%95%8F%E3%81%84%E5%90%88%E3%82%8F%E3%81%9B%20%E5%8D%B8
GRAPHT (グラフト),除外:中国系OEM(疑い),CNスコア2 / S1_ブランド直営出品,GRAPHT (グラフト),,2,楽器・音響機器,3,3,2,S1_ブランド直営出品,4075,8828,GRAPHT マイクアーム ロープロファイル 日本メーカー MICROPHONE ARM 【ブラック】黒 耐荷重 2kg 360度回転 角度調節可能 3/8 5,B0DXF9NT1W,https://www.google.com/search?q=GRAPHT%20%28%E3%82%B0%E3%83%A9%E3%83%95%E3%83%88%29%20%E4%BC%9A%E7%A4%BE%E6%A6%82%E8%A6%81%20%E5%95%8F%E3%81%84%E5%90%88%E3%82%8F%E3%81%9B%20%E5%8D%B8
SHOKZ,除外:中国系OEM(疑い),CNスコア2 / S1_ブランド直営出品,SHOKZ (SINGAPORE) PTE. LTD.,,2,家電&カメラ,2,1,2,S1_ブランド直営出品,13404,19521,Shokz OpenDots ONE イヤーカフ型オープンイヤーイヤホン ワイヤレス bluetooth 左右の区別なし ブラック,B0DW3RWMNM,https://www.google.com/search?q=SHOKZ%20%E4%BC%9A%E7%A4%BE%E6%A6%82%E8%A6%81%20%E5%95%8F%E3%81%84%E5%90%88%E3%82%8F%E3%81%9B%20%E5%8D%B8
Fender(フェンダー),除外:中国系OEM(疑い),CNスコア2 / S2_ピンイン風セラー,"Barrett Productions, LLC",,2,楽器・音響機器,3,1,2,S2_ピンイン風セラー,1888,6652,FENDERグリップハンドとフィンガーエクササイザー。ギタリスト、ベーシスト、バイオリニスト用。,B0CHBG6N1H,https://www.google.com/search?q=Fender%28%E3%83%95%E3%82%A7%E3%83%B3%E3%83%80%E3%83%BC%29%20%E4%BC%9A%E7%A4%BE%E6%A6%82%E8%A6%81%20%E5%95%8F%E3%81%84%E5%90%88%E3%82%8F%E3%81%9B%20%E5%8D%B8
ZZU,除外:中国系OEM(疑い),CNスコア2 / S2_ピンイン風セラー,ZZU,,1,家電&カメラ,3,0,2,S2_ピンイン風セラー,832,1981,イヤホン bluetooth ワイヤレスイヤホン 48時間の再生時間 重低音 LEDディスプレイ表示 小型/軽量 IPX7防水 ブルートゥース 接続瞬時 Hi-,B0DP41614X,https://www.google.com/search?q=ZZU%20%E4%BC%9A%E7%A4%BE%E6%A6%82%E8%A6%81%20%E5%95%8F%E3%81%84%E5%90%88%E3%82%8F%E3%81%9B%20%E5%8D%B8
Vulendu,除外:中国系OEM(疑い),CNスコア2 / S1_ブランド直営出品,Vulendu,,1,家電&カメラ,1,1,2,S1_ブランド直営出品,503,1516,65W PD 急速充電器 type-c 【3台同時に急速充電・小型超軽量・PSE認証済】 usb コンセント usb c 充電器 3ポート 折りたたみ式プラグ ,B0G2JYGKGJ,https://www.google.com/search?q=Vulendu%20%E4%BC%9A%E7%A4%BE%E6%A6%82%E8%A6%81%20%E5%95%8F%E3%81%84%E5%90%88%E3%82%8F%E3%81%9B%20%E5%8D%B8
AirDry,除外:中国系OEM(疑い),CNスコア2 / S1_ブランド直営出品,AirDry,,1,家電&カメラ,2,0,2,S1_ブランド直営出品,772,1898,双眼鏡 ライブ用 20倍 オペラグラス 【超軽量·お子様や女性に最適】スポーツ観戦用 双眼鏡 コンサート 防振 軽量 小型 防水 倍率調整可能 ライブ/オペラ/,B0FYY4VHTW,https://www.google.com/search?q=AirDry%20%E4%BC%9A%E7%A4%BE%E6%A6%82%E8%A6%81%20%E5%95%8F%E3%81%84%E5%90%88%E3%82%8F%E3%81%9B%20%E5%8D%B8
Boytond,除外:中国系OEM(疑い),CNスコア2 / S2_ピンイン風セラー,Boytond,,1,家電&カメラ,1,0,2,S2_ピンイン風セラー,510,1799,【ビジネス/オンライン会議最適】【気候フレンドリー認定取得】Boytond YYK-520 ヘッドセット Bluetooth5.3 片耳 ワイヤレス 耳掛け型 ,B0BPLVLQPG,https://www.google.com/search?q=Boytond%20%E4%BC%9A%E7%A4%BE%E6%A6%82%E8%A6%81%20%E5%95%8F%E3%81%84%E5%90%88%E3%82%8F%E3%81%9B%20%E5%8D%B8
VELIKE,除外:中国系OEM(疑い),CNスコア2 / S1_ブランド直営出品,VELIKE,,1,家電&カメラ,2,1,2,S1_ブランド直営出品,616,1678,海外 変換プラグ VELIKE コンセント マルチ変換プラグ 2USBポート 全世界対応 電源変換器 海外旅行用充電器 A/O/BF/Cタイプ マルチアダプター,B0C2YZ3ZFS,https://www.google.com/search?q=VELIKE%20%E4%BC%9A%E7%A4%BE%E6%A6%82%E8%A6%81%20%E5%95%8F%E3%81%84%E5%90%88%E3%82%8F%E3%81%9B%20%E5%8D%B8
PRXA,除外:中国系OEM(疑い),CNスコア2 / S2_ピンイン風セラー,PRXA,,1,家電&カメラ,2,0,2,S2_ピンイン風セラー,559,1596,HDMIケーブル iPhone HDMI変換ケーブル 2m Lightning 電源不要 設定不要 音声同期出力 iOS9.2 to iOS26対応 [並行輸入,B0DYFBPZM9,https://www.google.com/search?q=PRXA%20%E4%BC%9A%E7%A4%BE%E6%A6%82%E8%A6%81%20%E5%95%8F%E3%81%84%E5%90%88%E3%82%8F%E3%81%9B%20%E5%8D%B8
Newluck,除外:中国系OEM(疑い),CNスコア2 / S2_ピンイン風セラー,Newluck,,1,パソコン・周辺機器,2,0,2,S2_ピンイン風セラー,693,1801,【2025新登場】Newluck USB-C & HDMI 変換アダプタ キャプチャーボード HDMI キャプチャーボード HD画質録画 HD1080P/4Kパ,B0CFL77BXV,https://www.google.com/search?q=Newluck%20%E4%BC%9A%E7%A4%BE%E6%A6%82%E8%A6%81%20%E5%95%8F%E3%81%84%E5%90%88%E3%82%8F%E3%81%9B%20%E5%8D%B8
FleekFit,除外:中国系OEM(疑い),CNスコア2 / S2_ピンイン風セラー,"FleekFit (Jiang Xi Cheng jiang new energy Co.,Ltd)",あり,1,家電&カメラ,2,0,2,S2_ピンイン風セラー,380,1510,【新設計 超軽量・約98g】 モバイルバッテリー 小型 大容量 5000mAh MFi正規認証 Lightningコ& タイプCコネクター内蔵,B0D44LBXCX,https://www.google.com/search?q=FleekFit%20%E4%BC%9A%E7%A4%BE%E6%A6%82%E8%A6%81%20%E5%95%8F%E3%81%84%E5%90%88%E3%82%8F%E3%81%9B%20%E5%8D%B8
RUOEVA,除外:中国系OEM(疑い),CNスコア2 / S1_ブランド直営出品,RUOEVA,,1,家電&カメラ,1,1,2,S1_ブランド直営出品,534,1563,Bluetooth ヘッドセット 片耳 ワイヤレス イヤホン Bluetooth 5.4 Hi-Fi音の質増強 ブルートゥースヘッドセット 通話 マイク内蔵 ハ,B0FC1N4NCS,https://www.google.com/search?q=RUOEVA%20%E4%BC%9A%E7%A4%BE%E6%A6%82%E8%A6%81%20%E5%95%8F%E3%81%84%E5%90%88%E3%82%8F%E3%81%9B%20%E5%8D%B8
Svoko,除外:中国系OEM(疑い),CNスコア2 / S1_ブランド直営出品,,,1,DIY・工具・ガーデン,0,0,2,S1_ブランド直営出品,504,1705,懐中電灯 強力 【2026 最新の進化・超高輝度 小型 LEDライト】フラッシュライト Type-C充電式/電池式/ 5モード調光/ IPX6防水/耐衝撃/ズー,B0FM755J63,https://www.google.com/search?q=Svoko%20%E4%BC%9A%E7%A4%BE%E6%A6%82%E8%A6%81%20%E5%95%8F%E3%81%84%E5%90%88%E3%82%8F%E3%81%9B%20%E5%8D%B8
Glaazo,除外:中国系OEM(疑い),CNスコア2 / S3_略号JPセラー,Glaazo,,1,パソコン・周辺機器,3,1,2,S3_略号JPセラー,575,1618,【2026新型】USB Type-C HDMI 変換アダプター 2in1 タイプc hdmi 変換,B0GCZRD7P6,https://www.google.com/search?q=Glaazo%20%E4%BC%9A%E7%A4%BE%E6%A6%82%E8%A6%81%20%E5%95%8F%E3%81%84%E5%90%88%E3%82%8F%E3%81%9B%20%E5%8D%B8
JOKITA,除外:中国系OEM(疑い),CNスコア2 / S2_ピンイン風セラー,JOKITA,,1,ホーム&キッチン,2,0,2,S2_ピンイン風セラー,92,1649,体重計 bluetooth スマホ連動 体組成計 ヘルスメーター 体脂肪計 対組成計 weight scale 電子スケール 体重計 体脂肪率 体脂肪率測定器 ,B0CNZXC2XB,https://www.google.com/search?q=JOKITA%20%E4%BC%9A%E7%A4%BE%E6%A6%82%E8%A6%81%20%E5%95%8F%E3%81%84%E5%90%88%E3%82%8F%E3%81%9B%20%E5%8D%B8
Gumsry,除外:中国系OEM(疑い),CNスコア2 / S1_ブランド直営出品,Gumsry,,1,パソコン・周辺機器,0,0,2,S1_ブランド直営出品,845,1999,Bluetooth 6.0 Gumsry USB アダプタ USB-A コネクタ搭載 低遅延 長距離通信 30m 対応 EDR/BLE対応 省電力 小型設計 a,B0GHMDW1ZN,https://www.google.com/search?q=Gumsry%20%E4%BC%9A%E7%A4%BE%E6%A6%82%E8%A6%81%20%E5%95%8F%E3%81%84%E5%90%88%E3%82%8F%E3%81%9B%20%E5%8D%B8
E-enemo,除外:中国系OEM(疑い),CNスコア2 / S1_ブランド直営出品,E-enemo,,1,DIY・工具・ガーデン,1,0,2,S1_ブランド直営出品,493,1890,[E-enemo] ウールバフ 羊毛バフ 【整備士監修】 5個セットx研磨や仕上げ用に フェルトバフ (125mm),B0CKYTBJHH,https://www.google.com/search?q=E-enemo%20%E4%BC%9A%E7%A4%BE%E6%A6%82%E8%A6%81%20%E5%95%8F%E3%81%84%E5%90%88%E3%82%8F%E3%81%9B%20%E5%8D%B8
バイクハンド(Bike Hand),除外:中国系OEM(疑い),CNスコア2 / S2_ピンイン風セラー,BIKE HAND,,1,スポーツ&アウトドア,2,0,2,S2_ピンイン風セラー,288,1780,BIKE HAND 自転車 ペダルレンチ 高トルク 15mm対応 プロフェッショナル 工具（YC-163L）,B0BMWQ9MZM,https://www.google.com/search?q=%E3%83%90%E3%82%A4%E3%82%AF%E3%83%8F%E3%83%B3%E3%83%89%28Bike%20Hand%29%20%E4%BC%9A%E7%A4%BE%E6%A6%82%E8%A6%81%20%E5%95%8F%E3%81%84%E5%90%88%E3%82%8F%E3%81%9B%20%E5%8D%B8
Onalra,除外:中国系OEM(疑い),CNスコア2 / S2_ピンイン風セラー,onalra,,1,家電&カメラ,2,0,2,S2_ピンイン風セラー,278,2099,Bluetoothイヤホン ワイヤレスイヤホン 2つのシリコンマイク搭載 AIスマートENC通話 60時間音楽再生2026最新bluetooth 6.0 クリッ,B0GGZ318TQ,https://www.google.com/search?q=Onalra%20%E4%BC%9A%E7%A4%BE%E6%A6%82%E8%A6%81%20%E5%95%8F%E3%81%84%E5%90%88%E3%82%8F%E3%81%9B%20%E5%8D%B8
Yukimoto,除外:中国系OEM(疑い),CNスコア2 / S1_ブランド直営出品,Yukimoto,,1,ホーム&キッチン,0,0,2,S1_ブランド直営出品,476,2352,枕 首が負担にならない 低反発 安眠 まくら 頭・首・肩を支える 中空設計 腕サポート pillow 低め 高め 二段階高さ調整可 低反発枕 仰向き寝 横向き寝,B0DYNSZH6S,https://www.google.com/search?q=Yukimoto%20%E4%BC%9A%E7%A4%BE%E6%A6%82%E8%A6%81%20%E5%95%8F%E3%81%84%E5%90%88%E3%82%8F%E3%81%9B%20%E5%8D%B8
Mountsafe,除外:中国系OEM(疑い),CNスコア2 / S3_略号JPセラー,DYY,,1,家電&カメラ,3,0,2,S3_略号JPセラー,1126,2499,【業界新定番！Bluetooth6.0+EDR】ヘッドセット bluetooth 耳掛け式 最大100時間連続使用 充電ケース付き,B0FR4NYBG6,https://www.google.com/search?q=Mountsafe%20%E4%BC%9A%E7%A4%BE%E6%A6%82%E8%A6%81%20%E5%95%8F%E3%81%84%E5%90%88%E3%82%8F%E3%81%9B%20%E5%8D%B8
Mtricpop,除外:中国系OEM(疑い),CNスコア2 / S1_ブランド直営出品,Mtricpop,,1,家電&カメラ,1,1,2,S1_ブランド直営出品,602,2017,スマホ 三脚 自撮り棒 長い 180cm以上 スマホスタンド 【設計強化180cm & 充電式リモコン】1/4ネジ付き じどり棒 カメラ 一脚/三脚 フォト・ビ,B0BYJD8R3K,https://www.google.com/search?q=Mtricpop%20%E4%BC%9A%E7%A4%BE%E6%A6%82%E8%A6%81%20%E5%95%8F%E3%81%84%E5%90%88%E3%82%8F%E3%81%9B%20%E5%8D%B8
ゼンハイザー(Sennheiser),除外:中国系OEM(疑い),CNスコア2 / S2_ピンイン風セラー,Sennheiser,,1,家電&カメラ,5,1,2,S2_ピンイン風セラー,986,2200,Sennheiser ゼンハイザー インイヤー イヤホン MX375 ダイナミック型 MX 375 [並行輸入品],B00UZ63MHC,https://www.google.com/search?q=%E3%82%BC%E3%83%B3%E3%83%8F%E3%82%A4%E3%82%B6%E3%83%BC%28Sennheiser%29%20%E4%BC%9A%E7%A4%BE%E6%A6%82%E8%A6%81%20%E5%95%8F%E3%81%84%E5%90%88%E3%82%8F%E3%81%9B%20%E5%8D%B8
MIATONE,除外:中国系OEM(疑い),CNスコア2 / S3_略号JPセラー,MIATONE,,1,家電&カメラ,2,0,2,S3_略号JPセラー,1132,2759,MIATONE Bluetooth スピーカー 360°サウンド 重低音モデル IPX7防水 ワイヤレス お風呂 ブルートゥース スピーカー デュアルパッシブラ,B0D1VDZ34M,https://www.google.com/search?q=MIATONE%20%E4%BC%9A%E7%A4%BE%E6%A6%82%E8%A6%81%20%E5%95%8F%E3%81%84%E5%90%88%E3%82%8F%E3%81%9B%20%E5%8D%B8
Speiow,除外:中国系OEM(疑い),CNスコア2 / S2_ピンイン風セラー,Speiow,,1,家電&カメラ,4,0,2,S2_ピンイン風セラー,1377,3097,モバイルバッテリー 大容量【60000mAh大容量·6台同時に充電·急速充電】モバイルバッテリー 軽量 小型 4つのケーブル内蔵 最大出力2.4A ケーブル内蔵,B0GL817KLH,https://www.google.com/search?q=Speiow%20%E4%BC%9A%E7%A4%BE%E6%A6%82%E8%A6%81%20%E5%95%8F%E3%81%84%E5%90%88%E3%82%8F%E3%81%9B%20%E5%8D%B8
Audwierr,除外:中国系OEM(疑い),CNスコア1 / S6_越境OEM文体,Audwierr,,1,家電&カメラ,2,0,1,S6_越境OEM文体,844,3499,【Amazon.co.jp限定】スマートウォッチ 【2026進化モデル＆付属ベルト*2 】2.01インチ大画面 iPhone対応 アンドロイド対応 smart ,B0GJBP5MXQ,https://www.google.com/search?q=Audwierr%20%E4%BC%9A%E7%A4%BE%E6%A6%82%E8%A6%81%20%E5%95%8F%E3%81%84%E5%90%88%E3%82%8F%E3%81%9B%20%E5%8D%B8
TELESIN,除外:中国系OEM(疑い),CNスコア2 / S2_ピンイン風セラー,TELESIN°,,1,家電&カメラ,0,0,2,S2_ピンイン風セラー,1451,3215,TELESIN スマホネックレスマウント スマホ ネックホルダー 磁気マグネット 首掛けスマホホルダー iPhone対応,B0CN99RD5L,https://www.google.com/search?q=TELESIN%20%E4%BC%9A%E7%A4%BE%E6%A6%82%E8%A6%81%20%E5%95%8F%E3%81%84%E5%90%88%E3%82%8F%E3%81%9B%20%E5%8D%B8
Letpedi,除外:中国系OEM(疑い),CNスコア2 / S2_ピンイン風セラー,Letpedi,,1,家電&カメラ,2,0,2,S2_ピンイン風セラー,2087,4499,ボイスレコーダー 小型 ICレコーダー 【64GB大容量&3072kbps音質】 録音機 長時間録音 ENCデュアルマイク ノイズキャンセリング,B0FQ57B4M4,https://www.google.com/search?q=Letpedi%20%E4%BC%9A%E7%A4%BE%E6%A6%82%E8%A6%81%20%E5%95%8F%E3%81%84%E5%90%88%E3%82%8F%E3%81%9B%20%E5%8D%B8
Cambink,除外:中国系OEM(疑い),CNスコア2 / S3_略号JPセラー,CAMBINK,,1,家電&カメラ,2,0,2,S3_略号JPセラー,1960,4179,プラネタリウム 家庭用 スタープロジェクター 月 オーロラ 15種類光 USB充電式 Bluetooth 音楽再生 パーティー 睡眠グッズ リモコン,B0GJSPJ661,https://www.google.com/search?q=Cambink%20%E4%BC%9A%E7%A4%BE%E6%A6%82%E8%A6%81%20%E5%95%8F%E3%81%84%E5%90%88%E3%82%8F%E3%81%9B%20%E5%8D%B8
LISEN,除外:中国系OEM(疑い),CNスコア2 / S1_ブランド直営出品,LISEN,,1,家電&カメラ,0,0,2,S1_ブランド直営出品,2613,4497,LISEN 2026新版【Qi2認証 25W急速充電】magsafe 車載ホルダー 冷却ファン内蔵 ワイヤレス充電器,B0FY33K77X,https://www.google.com/search?q=LISEN%20%E4%BC%9A%E7%A4%BE%E6%A6%82%E8%A6%81%20%E5%95%8F%E3%81%84%E5%90%88%E3%82%8F%E3%81%9B%20%E5%8D%B8
Vellope,除外:中国系OEM(疑い),CNスコア2 / S2_ピンイン風セラー,Vellope,,1,ホーム&キッチン,2,0,2,S2_ピンイン風セラー,1069,4880,ボディシェーバー メンズ VIO シェーバー 10 段階長さ調節 3-12mm 電動バリカン ムダ毛処理 IPX5 防水 水洗い お風呂剃り可 USB 充電式 ,B0BPH5GT67,https://www.google.com/search?q=Vellope%20%E4%BC%9A%E7%A4%BE%E6%A6%82%E8%A6%81%20%E5%95%8F%E3%81%84%E5%90%88%E3%82%8F%E3%81%9B%20%E5%8D%B8
GooSpy,除外:中国系OEM(疑い),CNスコア2 / S2_ピンイン風セラー,GooSpy,,1,家電&カメラ,2,0,2,S2_ピンイン風セラー,2938,5299,GooSpy 小型カメラ wifi 隠しカメラ スマホ 1080P 超小型 256GB対応 24時間録画 USB充電式 動体検知 上書き録画 長時間録画 iOS,B09YNT6JH4,https://www.google.com/search?q=GooSpy%20%E4%BC%9A%E7%A4%BE%E6%A6%82%E8%A6%81%20%E5%95%8F%E3%81%84%E5%90%88%E3%82%8F%E3%81%9B%20%E5%8D%B8
TAREASS,除外:中国系OEM(疑い),CNスコア2 / S1_ブランド直営出品,TAREASS,,1,ホーム&キッチン,0,0,2,S1_ブランド直営出品,2612,5979,除湿機 小型【2026梅雨対策・強力除湿・省エネ】衣類乾燥除湿機 除湿器 ダブルぺルチェ式 強力 じょしつき 24時間切タイマー 湿気&梅雨対策,B0DZ1T51KS,https://www.google.com/search?q=TAREASS%20%E4%BC%9A%E7%A4%BE%E6%A6%82%E8%A6%81%20%E5%95%8F%E3%81%84%E5%90%88%E3%82%8F%E3%81%9B%20%E5%8D%B8
LIHILIS,除外:中国系OEM(疑い),CNスコア2 / S1_ブランド直営出品,Lihilis,,1,ホーム&キッチン,1,0,2,S1_ブランド直営出品,2822,5800,(最強の筋膜リリースガン 極限の全身解放) ハンディガン パワフル 10mm振幅 背中まで届く リリースガン (革新に無段変速 伸縮ハンドル) LIHILIS筋,B0DDY45J4W,https://www.google.com/search?q=LIHILIS%20%E4%BC%9A%E7%A4%BE%E6%A6%82%E8%A6%81%20%E5%95%8F%E3%81%84%E5%90%88%E3%82%8F%E3%81%9B%20%E5%8D%B8
NETGEAR,除外:中国系OEM(疑い),CNスコア2 / S1_ブランド直営出品,ネットギア,,1,パソコン・周辺機器,5,3,2,S1_ブランド直営出品,3482,6300,【正規品】 ネットギア NETGEAR スイッチングハブ 8ポート ギガ 金属筐体 VLAN QoS 静音ファンレス メーカー5年保証 アンマネージプラス GS,B0F1Y625QH,https://www.google.com/search?q=NETGEAR%20%E4%BC%9A%E7%A4%BE%E6%A6%82%E8%A6%81%20%E5%95%8F%E3%81%84%E5%90%88%E3%82%8F%E3%81%9B%20%E5%8D%B8
Yibest,除外:中国系OEM(疑い),CNスコア2 / S2_ピンイン風セラー,Yibest,,1,ホーム&キッチン,2,0,2,S2_ピンイン風セラー,3255,6630,【世界初！チタン金属製サーキュレーター DCモーター】卓上扇風機 静音 超小型せんぷうき パワフル送風 省エネ USB充電式 10段階風量調節 デスクトップファ,B0F3FJLCH7,https://www.google.com/search?q=Yibest%20%E4%BC%9A%E7%A4%BE%E6%A6%82%E8%A6%81%20%E5%95%8F%E3%81%84%E5%90%88%E3%82%8F%E3%81%9B%20%E5%8D%B8
Bulonchi,除外:中国系OEM(疑い),CNスコア2 / S1_ブランド直営出品,Bulonchi,,1,ホーム&キッチン,0,0,2,S1_ブランド直営出品,2411,6649,2026最強爆風 体感-21℃ 50000mAh 36V超高出力 空調作業服 ファンバッテリーセット PSE認証済 業界最強,B0F7LHL13N,https://www.google.com/search?q=Bulonchi%20%E4%BC%9A%E7%A4%BE%E6%A6%82%E8%A6%81%20%E5%95%8F%E3%81%84%E5%90%88%E3%82%8F%E3%81%9B%20%E5%8D%B8
GOBOT,除外:中国系OEM(疑い),CNスコア2 / S1_ブランド直営出品,GOBOT,,1,ホーム&キッチン,0,0,2,S1_ブランド直営出品,3629,7320,GOBOT 電動モップ コードレス回転モップクリーナー 軽量化 回転モップ 1台4役 水噴射 モップクリーナー 200回/分 替えモップ6枚付き 拭き掃除 充電,B0BYYRBTYJ,https://www.google.com/search?q=GOBOT%20%E4%BC%9A%E7%A4%BE%E6%A6%82%E8%A6%81%20%E5%95%8F%E3%81%84%E5%90%88%E3%82%8F%E3%81%9B%20%E5%8D%B8
KOSS(コス),除外:中国系OEM(疑い),CNスコア2 / S3_略号JPセラー,Koss,,1,家電&カメラ,4,0,2,S3_略号JPセラー,4419,7603,KOSS オープンタイプヘッドフォン KOSS PORTA PRO Red Hot　北欧限定カラー【並行輸入品】,B005I49784,https://www.google.com/search?q=KOSS%28%E3%82%B3%E3%82%B9%29%20%E4%BC%9A%E7%A4%BE%E6%A6%82%E8%A6%81%20%E5%95%8F%E3%81%84%E5%90%88%E3%82%8F%E3%81%9B%20%E5%8D%B8
Jimveo,除外:中国系OEM(疑い),CNスコア2 / S2_ピンイン風セラー,Jimveo,,1,家電&カメラ,3,0,2,S2_ピンイン風セラー,5681,9399,【360°回転可能】Jimveo プロジェクター 天井投影 家庭用 小型 1080P WIFI6 700輝度 電動フォーカス 自動台形補正 双方向Bluetoo,B0CJVFJMVF,https://www.google.com/search?q=Jimveo%20%E4%BC%9A%E7%A4%BE%E6%A6%82%E8%A6%81%20%E5%95%8F%E3%81%84%E5%90%88%E3%82%8F%E3%81%9B%20%E5%8D%B8
iGPSPORT,除外:中国系OEM(疑い),CNスコア2 / S1_ブランド直営出品,iGPSPORT,,1,スポーツ&アウトドア,1,0,2,S1_ブランド直営出品,5843,11800,iGPSPORT BSC200S サイクルコンピュータ サイコン GPS ナビ付き 2.4インチカラー液晶 ルートナビ対応 ケイデンス・スピードセンサー・パワー,B0DPHD9SDX,https://www.google.com/search?q=iGPSPORT%20%E4%BC%9A%E7%A4%BE%E6%A6%82%E8%A6%81%20%E5%95%8F%E3%81%84%E5%90%88%E3%82%8F%E3%81%9B%20%E5%8D%B8
Headwolf,除外:中国系OEM(疑い),CNスコア2 / S1_ブランド直営出品,Headwolf,,1,パソコン・周辺機器,0,0,2,S1_ブランド直営出品,11099,16999,Android 16 タブレット 11インチ Wi-Fiモデル Headwolf WPad7、In-Cell 1920x1200 FHD、8000mAh、8コア,B0GJ3S68KD,https://www.google.com/search?q=Headwolf%20%E4%BC%9A%E7%A4%BE%E6%A6%82%E8%A6%81%20%E5%95%8F%E3%81%84%E5%90%88%E3%82%8F%E3%81%9B%20%E5%8D%B8
NIMASO,除外:中国系OEM(疑い),CNスコア2 / S1_ブランド直営出品,NIMASO,,1,家電&カメラ,0,0,2,S1_ブランド直営出品,734,1866,NIMASO アンチグレア iPhone 16 Pro Max用 ガラスフィルム 全面保護 反射防止 黒縁あり 指紋防止 自動除塵 サラサラ,B0D963S24J,https://www.google.com/search?q=NIMASO%20%E4%BC%9A%E7%A4%BE%E6%A6%82%E8%A6%81%20%E5%95%8F%E3%81%84%E5%90%88%E3%82%8F%E3%81%9B%20%E5%8D%B8
ColorfulHome,除外:中国系OEM(疑い),CNスコア2 / S1_ブランド直営出品,バズエージェンシー合同会社,あり,1,ホーム&キッチン,0,0,2,S1_ブランド直営出品,359,1680,ColorfulHome オイルスプレー オリーブオイル 耐熱ガラス ノンフライヤー スプレー ミスト 調味料入れ オイルポット 小さい 料理用 食用油 キッチ,B0CKQMZWR8,https://www.google.com/search?q=ColorfulHome%20%E4%BC%9A%E7%A4%BE%E6%A6%82%E8%A6%81%20%E5%95%8F%E3%81%84%E5%90%88%E3%82%8F%E3%81%9B%20%E5%8D%B8
Biyoso,除外:中国系OEM(疑い),CNスコア2 / S1_ブランド直営出品,Biyoso,,1,家電&カメラ,0,0,2,S1_ブランド直営出品,903,2088,双眼鏡【IFデザイン賞受賞】双眼鏡 ライブ用 20倍 防振 オペラグラス 天空席 ディテールを明瞭に捉えます【SPIE光学技術 + 物理技術防振】広角視野 人間,B0G2G8ZGYQ,https://www.google.com/search?q=Biyoso%20%E4%BC%9A%E7%A4%BE%E6%A6%82%E8%A6%81%20%E5%95%8F%E3%81%84%E5%90%88%E3%82%8F%E3%81%9B%20%E5%8D%B8
STARTRC,除外:中国系OEM(疑い),CNスコア2 / S3_略号JPセラー,STARTRC,,1,家電&カメラ,2,0,2,S3_略号JPセラー,606,2699,STARTRC ドローンランディングパッド DJI対応Neo 2/Lito X1/Lito 1/Mini 5pro/Mini 3/Avata 2/Air 3/M,B08VJ3LPRC,https://www.google.com/search?q=STARTRC%20%E4%BC%9A%E7%A4%BE%E6%A6%82%E8%A6%81%20%E5%95%8F%E3%81%84%E5%90%88%E3%82%8F%E3%81%9B%20%E5%8D%B8
ホーチキ(Hochiki),除外:中国系OEM(疑い),CNスコア2 / S3_略号JPセラー,ホーチキ(Hochiki),,1,DIY・工具・ガーデン,4,0,2,S3_略号JPセラー,1112,3480,ホーチキ 火災警報器 ホワイト 9.5×9.5×2.8cm 音声タイプ(煙式) SS-2LT-10HCC,B07DWPBD46,https://www.google.com/search?q=%E3%83%9B%E3%83%BC%E3%83%81%E3%82%AD%28Hochiki%29%20%E4%BC%9A%E7%A4%BE%E6%A6%82%E8%A6%81%20%E5%95%8F%E3%81%84%E5%90%88%E3%82%8F%E3%81%9B%20%E5%8D%B8
PYLAMISON,除外:中国系OEM(疑い),CNスコア2 / S3_略号JPセラー,PYLAMISON,,1,ホーム&キッチン,2,0,2,S3_略号JPセラー,1008,3380,シェーバー メンズ ひげそり 電動シェーバー 髭剃り 電気 往復式 3枚刃 深剃り メンズシェーバー 電気カミソリ IPX7防水 ウェット&ドライ お風呂剃り可,B09FLRJDZV,https://www.google.com/search?q=PYLAMISON%20%E4%BC%9A%E7%A4%BE%E6%A6%82%E8%A6%81%20%E5%95%8F%E3%81%84%E5%90%88%E3%82%8F%E3%81%9B%20%E5%8D%B8
LEICA(ライカ),除外:中国系OEM(疑い),CNスコア2 / S2_ピンイン風セラー,LEICA(ライカ),,1,スポーツ&アウトドア,3,1,2,S2_ピンイン風セラー,1599,4180,FORTUNE FIELD グラブケアセット,B09ST9NB65,https://www.google.com/search?q=LEICA%28%E3%83%A9%E3%82%A4%E3%82%AB%29%20%E4%BC%9A%E7%A4%BE%E6%A6%82%E8%A6%81%20%E5%95%8F%E3%81%84%E5%90%88%E3%82%8F%E3%81%9B%20%E5%8D%B8
Vexify,除外:中国系OEM(疑い),CNスコア2 / S2_ピンイン風セラー,Vexify,,1,パソコン・周辺機器,2,0,2,S2_ピンイン風セラー,1403,4980,【Amazon.co.jp限定】モニターアーム 17～32インチ対応 耐荷重2～11kg VESA規格対応 5軸可動式 多角度調節 ガススプリング式 アルミニウ,B0FX8MQ4M7,https://www.google.com/search?q=Vexify%20%E4%BC%9A%E7%A4%BE%E6%A6%82%E8%A6%81%20%E5%95%8F%E3%81%84%E5%90%88%E3%82%8F%E3%81%9B%20%E5%8D%B8
PONAOO,除外:中国系OEM(疑い),CNスコア2 / S2_ピンイン風セラー,PONAOO,,1,家電&カメラ,2,1,2,S2_ピンイン風セラー,2481,5035,PONAOO小型カメラ 小型防犯カメラ [DIYカメラ リモコン付き操作簡単 HD1080P モーション検知 7時間録画128GB対応]小型カメラ長時間録画 上,B0DQ7RTLL9,https://www.google.com/search?q=PONAOO%20%E4%BC%9A%E7%A4%BE%E6%A6%82%E8%A6%81%20%E5%95%8F%E3%81%84%E5%90%88%E3%82%8F%E3%81%9B%20%E5%8D%B8
Annexfun,除外:中国系OEM(疑い),CNスコア2 / S2_ピンイン風セラー,Annexfun,,1,おもちゃ,3,0,2,S2_ピンイン風セラー,1401,5499,150 Pcs マグネットブロック 磁石ブロック おもちゃ 子供 知育玩具 磁石ブロック マグネット 男の子と女の子 おもちゃ 誕生日プレゼント クリスマス ギ,B0DPJTFSHX,https://www.google.com/search?q=Annexfun%20%E4%BC%9A%E7%A4%BE%E6%A6%82%E8%A6%81%20%E5%95%8F%E3%81%84%E5%90%88%E3%82%8F%E3%81%9B%20%E5%8D%B8
MJJC,除外:中国系OEM(疑い),CNスコア2 / S1_ブランド直営出品,MJJC,,1,DIY・工具・ガーデン,0,0,2,S1_ブランド直営出品,3494,6880,"MJJC ケルヒャー用 泡 洗車 フォームガン ノズル ケルヒャーK2,K3,K4,K5,MINI,JTKに対応 高圧洗浄機に接続でモコモコ泡洗車を実現 (フォ",B08TR14TMR,https://www.google.com/search?q=MJJC%20%E4%BC%9A%E7%A4%BE%E6%A6%82%E8%A6%81%20%E5%95%8F%E3%81%84%E5%90%88%E3%82%8F%E3%81%9B%20%E5%8D%B8
RK ROYAL KLUDGE,除外:中国系OEM(疑い),CNスコア2 / S2_ピンイン風セラー,RK ROYAL KLUDGE,,1,パソコン・周辺機器,2,0,2,S2_ピンイン風セラー,4497,9500,【Amazon.co.jp限定】RK ROYAL KLUDGE R65 ゲーミングキーボード 有線 日本語配列 メカニカルキーボード 60%コンパクトキーボード,B0CNP1BG1W,https://www.google.com/search?q=RK%20ROYAL%20KLUDGE%20%E4%BC%9A%E7%A4%BE%E6%A6%82%E8%A6%81%20%E5%95%8F%E3%81%84%E5%90%88%E3%82%8F%E3%81%9B%20%E5%8D%B8
etoe,除外:中国系OEM(疑い),CNスコア2 / S1_ブランド直営出品,etoe,,1,家電&カメラ,0,0,2,S1_ブランド直営出品,4815,11999,ETOE Google TV ボックス、Netflix 認定、ストリーミング メディア プレーヤー サポート Google cast/Google Assist,B0F4X6G1WV,https://www.google.com/search?q=etoe%20%E4%BC%9A%E7%A4%BE%E6%A6%82%E8%A6%81%20%E5%95%8F%E3%81%84%E5%90%88%E3%82%8F%E3%81%9B%20%E5%8D%B8
Flirva,除外:中国系OEM(疑い),CNスコア2 / S1_ブランド直営出品,Flirva,,1,車&バイク,0,0,2,S1_ブランド直営出品,4602,13999,Flirva 車 アロマディフューザー 充電式 コードレス 自動感知 PSE認証済 ホワイトムスク系（3種類の香り）9ヶ月分精油付き 車 芳香剤 消臭,B0F26H7NL6,https://www.google.com/search?q=Flirva%20%E4%BC%9A%E7%A4%BE%E6%A6%82%E8%A6%81%20%E5%95%8F%E3%81%84%E5%90%88%E3%82%8F%E3%81%9B%20%E5%8D%B8
Laoynd,除外:中国系OEM(疑い),CNスコア2 / S3_略号JPセラー,Laoynd,,1,ホーム&キッチン,2,0,2,S3_略号JPセラー,6054,13330,掃除機 750KPa超強力吸引 コードレス掃除機 ダニ除去ブラシ付き！ 自立式自走式 60分連続稼働 革新版グリーンLEDライト 軽量 低騒音,B0FRDZQF7D,https://www.google.com/search?q=Laoynd%20%E4%BC%9A%E7%A4%BE%E6%A6%82%E8%A6%81%20%E5%95%8F%E3%81%84%E5%90%88%E3%82%8F%E3%81%9B%20%E5%8D%B8
Eonon,除外:中国系OEM(疑い),CNスコア2 / S1_ブランド直営出品,EONON,,1,車&バイク,1,0,2,S1_ブランド直営出品,6898,18980,EONON ヘッドレストモニター 後席モニター 10.1インチ DVD内蔵モニター L0327J,B0CH7XW7MY,https://www.google.com/search?q=Eonon%20%E4%BC%9A%E7%A4%BE%E6%A6%82%E8%A6%81%20%E5%95%8F%E3%81%84%E5%90%88%E3%82%8F%E3%81%9B%20%E5%8D%B8
JPjoy,除外:中国系OEM(疑い),CNスコア2 / S1_ブランド直営出品,株式会社ピチカードデザイン,あり,1,おもちゃ,3,0,2,S1_ブランド直営出品,484,1980,言いカエル 【発想力とユーモアが試される！】友達や家族で盛り上がる言葉遊びカードゲーム コミュニケーション力アップ・2〜6人プレイ,B0F6M1869C,https://www.google.com/search?q=JPjoy%20%E4%BC%9A%E7%A4%BE%E6%A6%82%E8%A6%81%20%E5%95%8F%E3%81%84%E5%90%88%E3%82%8F%E3%81%9B%20%E5%8D%B8
小川耕太郎∞百合子社,除外:中国系OEM(疑い),CNスコア2 / S2_ピンイン風セラー,有限会社小川耕太郎∞百合子社,あり,1,DIY・工具・ガーデン,5,0,2,S2_ピンイン風セラー,640,1900,シックハウス対策に天然成分100％ワックス『未晒し蜜ロウワックス』/Aタイプ　100ml,B0058FZGKG,https://www.google.com/search?q=%E5%B0%8F%E5%B7%9D%E8%80%95%E5%A4%AA%E9%83%8E%E2%88%9E%E7%99%BE%E5%90%88%E5%AD%90%E7%A4%BE%20%E4%BC%9A%E7%A4%BE%E6%A6%82%E8%A6%81%20%E5%95%8F%E3%81%84%E5%90%88%E3%82%8F%E3%81%9B%20%E5%8D%B8
Scndtne,除外:中国系OEM(疑い),CNスコア2 / S2_ピンイン風セラー,Scndtne,,1,家電&カメラ,2,0,2,S2_ピンイン風セラー,638,1798,車 充電器 5in1 Car Charger 巻き取り式 車載充電器 シガーソケット カーチャージャー 5台同時充電 引き込み式急速充電ケーブル2本,B0DQYFH346,https://www.google.com/search?q=Scndtne%20%E4%BC%9A%E7%A4%BE%E6%A6%82%E8%A6%81%20%E5%95%8F%E3%81%84%E5%90%88%E3%82%8F%E3%81%9B%20%E5%8D%B8
eue,除外:中国系OEM(疑い),CNスコア2 / S1_ブランド直営出品,jp.co,,1,ホーム&キッチン,0,0,2,S1_ブランド直営出品,660,2377,スチームアイロン「革新設計 超軽量」衣類スチーマー 小型 ハンガーにかけたまま,B0FJDPSL53,https://www.google.com/search?q=eue%20%E4%BC%9A%E7%A4%BE%E6%A6%82%E8%A6%81%20%E5%95%8F%E3%81%84%E5%90%88%E3%82%8F%E3%81%9B%20%E5%8D%B8
THRIVE(スライヴ),除外:中国系OEM(疑い),CNスコア2 / S1_ブランド直営出品,大東電機工業株式会社,あり,1,ホーム&キッチン,1,0,2,S1_ブランド直営出品,439,2564,スライヴ ハンディマッサージャー 「心地よい振動でコリをほぐす」 MD-01 ホワイト 管理医療機器,B000WMJ8MM,https://www.google.com/search?q=THRIVE%28%E3%82%B9%E3%83%A9%E3%82%A4%E3%83%B4%29%20%E4%BC%9A%E7%A4%BE%E6%A6%82%E8%A6%81%20%E5%95%8F%E3%81%84%E5%90%88%E3%82%8F%E3%81%9B%20%E5%8D%B8
IMDEN CHARGE,除外:中国系OEM(疑い),CNスコア2 / S2_ピンイン風セラー,IMDEN CHARGE,,1,家電&カメラ,3,1,2,S2_ピンイン風セラー,1121,2750,【2024最新強化版】車載ワイヤレス充電器 15W 急速 車載ホルダー スマホホルダー 車 自動開閉 iPhone15 /14 /13/12/11シリーズ/XS,B09V7X7NN9,https://www.google.com/search?q=IMDEN%20CHARGE%20%E4%BC%9A%E7%A4%BE%E6%A6%82%E8%A6%81%20%E5%95%8F%E3%81%84%E5%90%88%E3%82%8F%E3%81%9B%20%E5%8D%B8
SEMOTU,除外:中国系OEM(疑い),CNスコア2 / S3_略号JPセラー,semotu,,1,パソコン・周辺機器,3,0,2,S3_略号JPセラー,1090,2710,PC用マイク コンデンサマイク ダイナミックマイク 全指向性 高感度 360°集音 ワンタッチミュート 小型卓上 有線 PC会議実況,B0GJZ1TCQP,https://www.google.com/search?q=SEMOTU%20%E4%BC%9A%E7%A4%BE%E6%A6%82%E8%A6%81%20%E5%95%8F%E3%81%84%E5%90%88%E3%82%8F%E3%81%9B%20%E5%8D%B8
ACMEZING,除外:中国系OEM(疑い),CNスコア2 / S3_略号JPセラー,ACMEZING,,1,家電&カメラ,4,1,2,S3_略号JPセラー,1241,2566,スマホホルダー 車 ワイヤレス充電 マグネット 15W【360°自由調整·アルミ合金素材·安定性拔群】超強磁力,B0D7BZR4CY,https://www.google.com/search?q=ACMEZING%20%E4%BC%9A%E7%A4%BE%E6%A6%82%E8%A6%81%20%E5%95%8F%E3%81%84%E5%90%88%E3%82%8F%E3%81%9B%20%E5%8D%B8
Bolvunes,除外:中国系OEM(疑い),CNスコア2 / S1_ブランド直営出品,Bolvunes,,1,パソコン・周辺機器,1,0,2,S1_ブランド直営出品,1767,3492,【正規認証品】アップルペンシル 第2世代 Bolvunes iPadペンシル 対応 ワイヤレス充電,B0CCVMRCTL,https://www.google.com/search?q=Bolvunes%20%E4%BC%9A%E7%A4%BE%E6%A6%82%E8%A6%81%20%E5%95%8F%E3%81%84%E5%90%88%E3%82%8F%E3%81%9B%20%E5%8D%B8
CoolDove,除外:中国系OEM(疑い),CNスコア2 / S3_略号JPセラー,CoolDove,,1,DIY・工具・ガーデン,4,0,2,S3_略号JPセラー,1162,3116,"【日本向け仕様】エアダスター 電動ブロワー 150m/s超強風 & 300,000RPM – 無段階＆4段階風量調整 USB-C充電式 コードレス – 4種ノズ",B0FJ2DQNZ4,https://www.google.com/search?q=CoolDove%20%E4%BC%9A%E7%A4%BE%E6%A6%82%E8%A6%81%20%E5%95%8F%E3%81%84%E5%90%88%E3%82%8F%E3%81%9B%20%E5%8D%B8
TOWOOZ,除外:中国系OEM(疑い),CNスコア2 / S1_ブランド直営出品,TOWOOZ,,1,パソコン・周辺機器,0,0,2,S1_ブランド直営出品,1302,3039,TOWOOZ MacBook Air ケース13-13.6インチ M5/M4/M3/M2/M1チップ/13インチMacBook Neo A18 Proチップ搭載,B0CZD4NGSD,https://www.google.com/search?q=TOWOOZ%20%E4%BC%9A%E7%A4%BE%E6%A6%82%E8%A6%81%20%E5%95%8F%E3%81%84%E5%90%88%E3%82%8F%E3%81%9B%20%E5%8D%B8
Perixx,除外:中国系OEM(疑い),CNスコア2 / S1_ブランド直営出品,,,1,パソコン・周辺機器,0,0,2,S1_ブランド直営出品,2262,3999,Perixx PERIPAD-706B ワイヤレス外付けタッチパッド Bluetooth/2.4Gでマルチデバイスを3台まで接続可能 USB-C 充電式 大型サ,B0FDKY1CD1,https://www.google.com/search?q=Perixx%20%E4%BC%9A%E7%A4%BE%E6%A6%82%E8%A6%81%20%E5%95%8F%E3%81%84%E5%90%88%E3%82%8F%E3%81%9B%20%E5%8D%B8
Sugeko,除外:中国系OEM(疑い),CNスコア2 / S1_ブランド直営出品,sugeko,,1,ホーム&キッチン,1,0,2,S1_ブランド直営出品,1934,4599,ネックケア 首 リラクゼーション器 2段階温熱機能 3段階強度調整 2つモード 首/肩/腰/背中/太もも/足 リラックス コードレス USB充電式,B0FLCYRSCY,https://www.google.com/search?q=Sugeko%20%E4%BC%9A%E7%A4%BE%E6%A6%82%E8%A6%81%20%E5%95%8F%E3%81%84%E5%90%88%E3%82%8F%E3%81%9B%20%E5%8D%B8
AIZEO,除外:中国系OEM(疑い),CNスコア2 / S1_ブランド直営出品,AIZEO,,1,車&バイク,0,0,2,S1_ブランド直営出品,2464,4748,AIZEO【2026新型2in1モデル 】MINI CarPlay＆AndroidAuto ワイヤレス アダプター「サイズ50%削減！コンパクト」,B0FX4LBTH4,https://www.google.com/search?q=AIZEO%20%E4%BC%9A%E7%A4%BE%E6%A6%82%E8%A6%81%20%E5%95%8F%E3%81%84%E5%90%88%E3%82%8F%E3%81%9B%20%E5%8D%B8
Foxkoo,除外:中国系OEM(疑い),CNスコア2 / S1_ブランド直営出品,co.jp,,1,ホーム&キッチン,0,0,2,S1_ブランド直営出品,1490,3401,FOXKOO シェーバー レディース 【2in1 ダブルヘッド】 メンズ 電動シェーバー 全身シェーバー 脇毛 ムダ毛処理 女性 PK,B0GKDJ4K1Q,https://www.google.com/search?q=Foxkoo%20%E4%BC%9A%E7%A4%BE%E6%A6%82%E8%A6%81%20%E5%95%8F%E3%81%84%E5%90%88%E3%82%8F%E3%81%9B%20%E5%8D%B8
WAVLINK,除外:中国系OEM(疑い),CNスコア2 / S1_ブランド直営出品,WAVLINK,,1,パソコン・周辺機器,1,0,2,S1_ブランド直営出品,3803,6299,Wavlink USB 3.0HDMIマルチディスプレイアダプタ 解像度2048ｘ1152Windows10/8.1/8/7/XP/MacOS X/Linux対,B01CSG7TUC,https://www.google.com/search?q=WAVLINK%20%E4%BC%9A%E7%A4%BE%E6%A6%82%E8%A6%81%20%E5%95%8F%E3%81%84%E5%90%88%E3%82%8F%E3%81%9B%20%E5%8D%B8
CyclingDeal,除外:中国系OEM(疑い),CNスコア2 / S2_ピンイン風セラー,CyclingDeal,,1,スポーツ&アウトドア,1,0,2,S2_ピンイン風セラー,3131,6898,サイクリングディール アップライトバイクスタンド - プレミアム品質の縦・横調節可能な自転車フロアパーキングラック - ガレージや自宅でのMTBロードバイクの安,B0C2XR52GN,https://www.google.com/search?q=CyclingDeal%20%E4%BC%9A%E7%A4%BE%E6%A6%82%E8%A6%81%20%E5%95%8F%E3%81%84%E5%90%88%E3%82%8F%E3%81%9B%20%E5%8D%B8
HiGrace,除外:中国系OEM(疑い),CNスコア2 / S2_ピンイン風セラー,HiGrace,,1,パソコン・周辺機器,3,0,2,S2_ピンイン風セラー,6030,9698,タブレット - HiGrace 10インチ Android16 Wi-Fiモデル 1280*800 IPS画面 RGBライト搭載 24GB+32GB+1TB拡張,B0FPLLDL76,https://www.google.com/search?q=HiGrace%20%E4%BC%9A%E7%A4%BE%E6%A6%82%E8%A6%81%20%E5%95%8F%E3%81%84%E5%90%88%E3%82%8F%E3%81%9B%20%E5%8D%B8
Judout,除外:中国系OEM(疑い),CNスコア2 / S2_ピンイン風セラー,Judout,,1,ホーム&キッチン,2,0,2,S2_ピンイン風セラー,3353,10999,除湿機 小型 【除湿・加湿・空気清浄 一台3役】 除加湿空気清浄機 強力 湿度設定 マイナスイオン タイマー付 ペルチェ式 除湿器 1L大容量タンク,B0G1TD8CTB,https://www.google.com/search?q=Judout%20%E4%BC%9A%E7%A4%BE%E6%A6%82%E8%A6%81%20%E5%95%8F%E3%81%84%E5%90%88%E3%82%8F%E3%81%9B%20%E5%8D%B8
DNIO,除外:中国系OEM(疑い),CNスコア2 / S2_ピンイン風セラー,,,1,家電&カメラ,2,0,2,S2_ピンイン風セラー,447,1799,【2025年新モデル】 iPhone hdmi変換ケーブル i-Phone テレビに映す MFi認証済み iPad/i-Phone ミラーリング Lightni,B0F6JWBHKD,https://www.google.com/search?q=DNIO%20%E4%BC%9A%E7%A4%BE%E6%A6%82%E8%A6%81%20%E5%95%8F%E3%81%84%E5%90%88%E3%82%8F%E3%81%9B%20%E5%8D%B8
QIIZCP,除外:中国系OEM(疑い),CNスコア2 / S1_ブランド直営出品,QIIZCP,,1,家電&カメラ,0,0,2,S1_ブランド直営出品,631,1899,HDMI ミラーキャスト Anycast対応 正規品 4K/1080P ミラーリング接続 モード切り替え不要 大画面で楽しめる 日本語取扱説明書付き,B0C8NHT1MB,https://www.google.com/search?q=QIIZCP%20%E4%BC%9A%E7%A4%BE%E6%A6%82%E8%A6%81%20%E5%95%8F%E3%81%84%E5%90%88%E3%82%8F%E3%81%9B%20%E5%8D%B8
DARKBEAM,除外:中国系OEM(疑い),CNスコア2 / S1_ブランド直営出品,DARKBEAM,,1,スポーツ&アウトドア,1,0,2,S1_ブランド直営出品,459,1650,DARKBEAM 自転車 テールライト LEDディスプレイ付き USB-C充電式 6モード IP55防水 高輝度 自転車ライト リアバイクライト,B0F6LGGWG2,https://www.google.com/search?q=DARKBEAM%20%E4%BC%9A%E7%A4%BE%E6%A6%82%E8%A6%81%20%E5%95%8F%E3%81%84%E5%90%88%E3%82%8F%E3%81%9B%20%E5%8D%B8
Blukar,除外:中国系OEM(疑い),CNスコア2 / S2_ピンイン風セラー,Blukar,,1,スポーツ&アウトドア,2,1,2,S2_ピンイン風セラー,401,1699,Blukar 懐中電灯LED 【防災士監修・超高輝度】フラッシュライト 4つの照明モード ズーム機能 IPX6防水 Type-C充電式,B0B42R2GKP,https://www.google.com/search?q=Blukar%20%E4%BC%9A%E7%A4%BE%E6%A6%82%E8%A6%81%20%E5%95%8F%E3%81%84%E5%90%88%E3%82%8F%E3%81%9B%20%E5%8D%B8
Arkmoon,除外:中国系OEM(疑い),CNスコア2 / S1_ブランド直営出品,Arkmoon,,1,スポーツ&アウトドア,0,0,2,S1_ブランド直営出品,599,1899,【いつでもどこでもダイエットできる】Arkmoon トレーニングチューブ 全身対応・滑り止め付き・高弾力・高耐久・強度別 4 本セット エクササイズバンド （太,B0G6X4YBV1,https://www.google.com/search?q=Arkmoon%20%E4%BC%9A%E7%A4%BE%E6%A6%82%E8%A6%81%20%E5%95%8F%E3%81%84%E5%90%88%E3%82%8F%E3%81%9B%20%E5%8D%B8
シュワルベ(SCHWALBE),除外:中国系OEM(疑い),CNスコア2 / S2_ピンイン風セラー,SCHWALBE(シュワルベ),,1,スポーツ&アウトドア,5,2,2,S2_ピンイン風セラー,576,1851,2本セット SCHWALBE(シュワルベ) 700x18/28c 仏式バルブ 40mm SV15 [並行輸入品],B075LY4S1F,https://www.google.com/search?q=%E3%82%B7%E3%83%A5%E3%83%AF%E3%83%AB%E3%83%99%28SCHWALBE%29%20%E4%BC%9A%E7%A4%BE%E6%A6%82%E8%A6%81%20%E5%95%8F%E3%81%84%E5%90%88%E3%82%8F%E3%81%9B%20%E5%8D%B8
MUSIC NOMAD ( ミュージックノマド ),除外:中国系OEM(疑い),CNスコア2 / S2_ピンイン風セラー,MUSIC NOMAD(ミュージックノマド),,1,楽器・音響機器,5,0,2,S2_ピンイン風セラー,564,1980,MUSIC NOMAD ( ミュージックノマド ) 弦楽器メンテナンス用品 ザ ギター ワン MN103,B003TLSN74,https://www.google.com/search?q=MUSIC%20NOMAD%20%28%20%E3%83%9F%E3%83%A5%E3%83%BC%E3%82%B8%E3%83%83%E3%82%AF%E3%83%8E%E3%83%9E%E3%83%89%20%29%20%E4%BC%9A%E7%A4%BE%E6%A6%82%E8%A6%81%20%E5%95%8F%E3%81%84%E5%90%88%E3%82%8F%E3%81%9B%20%E5%8D%B8
EZARC,除外:中国系OEM(疑い),CNスコア2 / S1_ブランド直営出品,EZARC,,1,DIY・工具・ガーデン,1,0,2,S1_ブランド直営出品,630,2427,EZARC 切断砥石 グラインダー 刃 105mm 1mm超薄型 鉄工用 105x1x15mm 炭素鋼・ステンレス・鉄・銅 25枚入,B0DW7BDFVC,https://www.google.com/search?q=EZARC%20%E4%BC%9A%E7%A4%BE%E6%A6%82%E8%A6%81%20%E5%95%8F%E3%81%84%E5%90%88%E3%82%8F%E3%81%9B%20%E5%8D%B8
Jorest,除外:中国系OEM(疑い),CNスコア2 / S3_略号JPセラー,JOREST,,1,ファッション,2,0,2,S3_略号JPセラー,774,2699,JOREST 腕時計 工具 セット、電池 交換、裏 蓋 外し、時計 修理 キット、時計 ベルト 調整、時計 バンド 調整、時計こうぐ 、時計 オープナー、時計 ,B0CT39L4VV,https://www.google.com/search?q=Jorest%20%E4%BC%9A%E7%A4%BE%E6%A6%82%E8%A6%81%20%E5%95%8F%E3%81%84%E5%90%88%E3%82%8F%E3%81%9B%20%E5%8D%B8
YUGOR,除外:中国系OEM(疑い),CNスコア2 / S1_ブランド直営出品,YUGOR,,1,家電&カメラ,1,0,2,S1_ブランド直営出品,1593,3211,【新登場・15000mAh大容量】モバイルバッテリー 軽量 コンセント一体型 3本ケーブル内蔵 22.5W/PD20W急速充電 Type-C入出力,B0GGGV86BP,https://www.google.com/search?q=YUGOR%20%E4%BC%9A%E7%A4%BE%E6%A6%82%E8%A6%81%20%E5%95%8F%E3%81%84%E5%90%88%E3%82%8F%E3%81%9B%20%E5%8D%B8
auto spec,除外:中国系OEM(疑い),CNスコア2 / S3_略号JPセラー,auto spec,,1,車&バイク,1,0,2,S3_略号JPセラー,1317,3184,Auto Spec スズキ キャリイ DA16T型 専用 センターコントロール 収納ボックス グローブボックス収納ボックス 仕切り スーパーキャリイ,B0FWR3PD74,https://www.google.com/search?q=auto%20spec%20%E4%BC%9A%E7%A4%BE%E6%A6%82%E8%A6%81%20%E5%95%8F%E3%81%84%E5%90%88%E3%82%8F%E3%81%9B%20%E5%8D%B8
HGGH,除外:中国系OEM(疑い),CNスコア2 / S2_ピンイン風セラー,HGGH,,1,家電&カメラ,4,0,2,S2_ピンイン風セラー,838,3599,モバイルバッテリー 大容量 22000mAh 【230g軽量化・4つのケーブル内蔵】モバイルバッテリー 軽量 小型 急速充電 4台同時充電 残量ディスプレイ搭載,B0DQ7XJF4Z,https://www.google.com/search?q=HGGH%20%E4%BC%9A%E7%A4%BE%E6%A6%82%E8%A6%81%20%E5%95%8F%E3%81%84%E5%90%88%E3%82%8F%E3%81%9B%20%E5%8D%B8
GIMUYA,除外:中国系OEM(疑い),CNスコア2 / S2_ピンイン風セラー,GIMUYA,,1,車&バイク,2,0,2,S2_ピンイン風セラー,1830,3984,GIMUYA スズキ ジムニー JB64 JB74 ジムニーノマド JC74W 増設電源ユニット ジムニーシエラ AT車 MT車 usb 増設ソケット 分配器 ,B0BQMDVHX1,https://www.google.com/search?q=GIMUYA%20%E4%BC%9A%E7%A4%BE%E6%A6%82%E8%A6%81%20%E5%95%8F%E3%81%84%E5%90%88%E3%82%8F%E3%81%9B%20%E5%8D%B8
GameSir,除外:中国系OEM(疑い),CNスコア2 / S1_ブランド直営出品,GameSir,,1,パソコン・周辺機器,1,1,2,S1_ブランド直営出品,2221,4139,GameSir Nova lite2 PC コントローラー 有線、無線（Bluetooth、2.4GHz）連射機能/マクロ＆ループ機能 1000hzポーリングレ,B0F3D25PD3,https://www.google.com/search?q=GameSir%20%E4%BC%9A%E7%A4%BE%E6%A6%82%E8%A6%81%20%E5%95%8F%E3%81%84%E5%90%88%E3%82%8F%E3%81%9B%20%E5%8D%B8
Turelar,除外:中国系OEM(疑い),CNスコア2 / S1_ブランド直営出品,Turelar,,1,ホーム&キッチン,0,0,2,S1_ブランド直営出品,1526,4180,Turelar ブレンダー ハンドブレンダー 15000回/分 離乳食に最適 氷も砕ける ハンドミキサー フードプロセッサー 電動泡立て器 時短,B0C2XZF3CG,https://www.google.com/search?q=Turelar%20%E4%BC%9A%E7%A4%BE%E6%A6%82%E8%A6%81%20%E5%95%8F%E3%81%84%E5%90%88%E3%82%8F%E3%81%9B%20%E5%8D%B8
Okanne,除外:中国系OEM(疑い),CNスコア2 / S2_ピンイン風セラー,Okanne,,1,家電&カメラ,2,0,2,S2_ピンイン風セラー,2730,4806,ソーラーモバイルバッテリー 【61800mAh大容量 & 手回し発電】 22.5W/PD18W 急速充電 4本ケーブル内蔵 ソーラーチャージャー,B0FB8K6YT1,https://www.google.com/search?q=Okanne%20%E4%BC%9A%E7%A4%BE%E6%A6%82%E8%A6%81%20%E5%95%8F%E3%81%84%E5%90%88%E3%82%8F%E3%81%9B%20%E5%8D%B8
ZAIDER,除外:中国系OEM(疑い),CNスコア2 / S1_ブランド直営出品,ZAIDER,,1,DIY・工具・ガーデン,0,0,2,S1_ブランド直営出品,3078,5869,ZAIDER インターホン ワイヤレス 工事不要 ドアホン テレビドアホン カメラ付き 【双方向通話/自動録画】 赤外線LED 暗視撮影 2.4Ghz無線 WI,B0GQ8WVCC5,https://www.google.com/search?q=ZAIDER%20%E4%BC%9A%E7%A4%BE%E6%A6%82%E8%A6%81%20%E5%95%8F%E3%81%84%E5%90%88%E3%82%8F%E3%81%9B%20%E5%8D%B8
MAZONA,除外:中国系OEM(疑い),CNスコア2 / S2_ピンイン風セラー,MAZONA,,1,家電&カメラ,2,1,2,S2_ピンイン風セラー,4180,6647,MAZONA 小型カメラ 監視カメラ小型 防犯カメラ小型 wifi対応 「1080p画質 遠隔監視 動体検知 暗視撮影 警報通知 256GB対応 」 屋内/玄関,B0D6VZPTK1,https://www.google.com/search?q=MAZONA%20%E4%BC%9A%E7%A4%BE%E6%A6%82%E8%A6%81%20%E5%95%8F%E3%81%84%E5%90%88%E3%82%8F%E3%81%9B%20%E5%8D%B8
YESRAMO,除外:中国系OEM(疑い),CNスコア2 / S2_ピンイン風セラー,YESRAMO,,1,家電&カメラ,0,0,2,S2_ピンイン風セラー,5111,8187,500万画像 防犯カメラ 屋外 ソーラー パネル分離設置型 左右355°上下90°首振り 配線工事不要 ワイヤレス/wifiカメラ 360°撮影可能,B0F1MXCGCQ,https://www.google.com/search?q=YESRAMO%20%E4%BC%9A%E7%A4%BE%E6%A6%82%E8%A6%81%20%E5%95%8F%E3%81%84%E5%90%88%E3%82%8F%E3%81%9B%20%E5%8D%B8
Keiby Citom,除外:中国系OEM(疑い),CNスコア2 / S2_ピンイン風セラー,KC,,1,家電&カメラ,2,0,2,S2_ピンイン風セラー,1050,9029,イヤホン イヤーカフ bluetooth ワイヤレスイヤホン ながら聴き イヤフォン スポーツ用 耳挟み式 オープンイヤー 耳掛け 耳を塞がない マイク付き E,B0G4S965SX,https://www.google.com/search?q=Keiby%20Citom%20%E4%BC%9A%E7%A4%BE%E6%A6%82%E8%A6%81%20%E5%95%8F%E3%81%84%E5%90%88%E3%82%8F%E3%81%9B%20%E5%8D%B8
uwant,除外:中国系OEM(疑い),CNスコア2 / S1_ブランド直営出品,Uwant,,1,ホーム&キッチン,1,0,2,S1_ブランド直営出品,5475,10120,"Uwant 布団クリーナー 16Kpaの強力な吸引力 毎分たたき36,000回超高速拍打 超軽量 UV除菌 HEPAフィルタ 布団掃除機 ダニ駆除 ハウスダスト",B0D7C6VH4G,https://www.google.com/search?q=uwant%20%E4%BC%9A%E7%A4%BE%E6%A6%82%E8%A6%81%20%E5%95%8F%E3%81%84%E5%90%88%E3%82%8F%E3%81%9B%20%E5%8D%B8
Fitbit(フィットビット),除外:中国系OEM(疑い),CNスコア2 / S1_ブランド直営出品,Fitbit(フィットビット),,1,スポーツ&アウトドア,1,1,2,S1_ブランド直営出品,6596,11520,Fitbit Inspire 3 フィットネストラッカー モーニンググロウ／ブラック スマートウォッチ/iPhone対応/アンドロイド対応/最大10日間のバッテ,B0B75STB24,https://www.google.com/search?q=Fitbit%28%E3%83%95%E3%82%A3%E3%83%83%E3%83%88%E3%83%93%E3%83%83%E3%83%88%29%20%E4%BC%9A%E7%A4%BE%E6%A6%82%E8%A6%81%20%E5%95%8F%E3%81%84%E5%90%88%E3%82%8F%E3%81%9B%20%E5%8D%B8
JYX,除外:中国系OEM(疑い),CNスコア2 / S1_ブランド直営出品,JYX,,1,楽器・音響機器,1,0,2,S1_ブランド直営出品,5996,11680,JYX スピーカーセット 拡声器 ワイヤレスマイク２本 Bluetooth 5.0対応 高低音強化機能搭載 充電式 ポータブル ホームパーティー、カラオケ、街頭,B0BTPNJCB4,https://www.google.com/search?q=JYX%20%E4%BC%9A%E7%A4%BE%E6%A6%82%E8%A6%81%20%E5%95%8F%E3%81%84%E5%90%88%E3%82%8F%E3%81%9B%20%E5%8D%B8
ピークデザイン,除外:中国系OEM(疑い),CNスコア2 / S2_ピンイン風セラー,ピークデザイン,,1,家電&カメラ,2,1,2,S2_ピンイン風セラー,8374,14500,【国内正規品】PeakDesign ピークデザイン キャプチャー ブラック CP-BK-3,B07818LB9D,https://www.google.com/search?q=%E3%83%94%E3%83%BC%E3%82%AF%E3%83%87%E3%82%B6%E3%82%A4%E3%83%B3%20%E4%BC%9A%E7%A4%BE%E6%A6%82%E8%A6%81%20%E5%95%8F%E3%81%84%E5%90%88%E3%82%8F%E3%81%9B%20%E5%8D%B8
TOPTRO,除外:中国系OEM(疑い),CNスコア2 / S2_ピンイン風セラー,TOPTRO,,1,家電&カメラ,2,0,2,S2_ピンイン風セラー,11187,17004,"Google TV・AI搭載&プロジェクター 天井投影 家庭用【Netflix対応・YouTube・Prime Video 10,000+アプリ】4K対応108",B0GQC79KCQ,https://www.google.com/search?q=TOPTRO%20%E4%BC%9A%E7%A4%BE%E6%A6%82%E8%A6%81%20%E5%95%8F%E3%81%84%E5%90%88%E3%82%8F%E3%81%9B%20%E5%8D%B8
ASRock,除外:中国系OEM(疑い),CNスコア2 / S2_ピンイン風セラー,X570S PG Riptide,,1,パソコン・周辺機器,5,2,2,S2_ピンイン風セラー,11610,17980,ASRock マザーボード X570S PG Riptide AMD Ryzen 5000 シリーズ CPU (Soket AM4) 対応 X570 ATX マ,B09G8ZPNZG,https://www.google.com/search?q=ASRock%20%E4%BC%9A%E7%A4%BE%E6%A6%82%E8%A6%81%20%E5%95%8F%E3%81%84%E5%90%88%E3%82%8F%E3%81%9B%20%E5%8D%B8
FOSTEX,除外:中国系OEM(疑い),CNスコア2 / S1_ブランド直営出品,FOSTEX,,1,楽器・音響機器,1,1,2,S1_ブランド直営出品,10787,17820,FOSTEX AP15mk2,B08CV215ML,https://www.google.com/search?q=FOSTEX%20%E4%BC%9A%E7%A4%BE%E6%A6%82%E8%A6%81%20%E5%95%8F%E3%81%84%E5%90%88%E3%82%8F%E3%81%9B%20%E5%8D%B8
KDD,除外:中国系OEM(疑い),CNスコア2 / S2_ピンイン風セラー,KDD,,1,パソコン・周辺機器,2,0,2,S2_ピンイン風セラー,434,1709,KDD タブレットスタンド ipad ホルダー マウント - タブレットホルダー 三脚 クリップ 固定 ラック - ipad スタンド アーム 自転車 スマホホ,B091GDKSK7,https://www.google.com/search?q=KDD%20%E4%BC%9A%E7%A4%BE%E6%A6%82%E8%A6%81%20%E5%95%8F%E3%81%84%E5%90%88%E3%82%8F%E3%81%9B%20%E5%8D%B8
VIRALLOY,除外:中国系OEM(疑い),CNスコア2 / S1_ブランド直営出品,VIRALLOY,,1,DIY・工具・ガーデン,1,0,2,S1_ブランド直営出品,652,1999,VIRALLOY はんだすいとり器 ハンダ吸い取り器 半田吸い取り機 強力真空式 自動はんだ吸取器級吸引力 軽量片手操作 電子基板修理用,B0B1MM14J2,https://www.google.com/search?q=VIRALLOY%20%E4%BC%9A%E7%A4%BE%E6%A6%82%E8%A6%81%20%E5%95%8F%E3%81%84%E5%90%88%E3%82%8F%E3%81%9B%20%E5%8D%B8
PETHROOM,除外:中国系OEM(疑い),CNスコア2 / S1_ブランド直営出品,PETHROOM,,1,ペット用品,1,0,2,S1_ブランド直営出品,819,2318,Pethroom ペスルーム ヒーリング スリッカーブラシ 犬 猫 ブラシ｜ワンプッシュ 抜け毛取り 痛くない ソフトタイプ 丸洗い可能｜犬猫兼用,B0C1NHQNNL,https://www.google.com/search?q=PETHROOM%20%E4%BC%9A%E7%A4%BE%E6%A6%82%E8%A6%81%20%E5%95%8F%E3%81%84%E5%90%88%E3%82%8F%E3%81%9B%20%E5%8D%B8
Taylor,除外:中国系OEM(疑い),CNスコア2 / S2_ピンイン風セラー,Taylor Precision,,1,大型家電,3,0,2,S2_ピンイン風セラー,492,2060,Classic Freezer and Refrigerator Kitchen Thermometer-REFRIG/FRZR THERMOMETER,B000BPE88E,https://www.google.com/search?q=Taylor%20%E4%BC%9A%E7%A4%BE%E6%A6%82%E8%A6%81%20%E5%95%8F%E3%81%84%E5%90%88%E3%82%8F%E3%81%9B%20%E5%8D%B8
pcceax,除外:中国系OEM(疑い),CNスコア2 / S1_ブランド直営出品,,,1,ファッション,0,0,2,S1_ブランド直営出品,1163,2999,[pcceax] レインウェア 上下セット リュック対応 レインスーツ レインコート 自転車 バイク レインウェア 登山 梅雨 通勤 通学 雨合羽 雨衣 雨具 ,B0FKT19TTX,https://www.google.com/search?q=pcceax%20%E4%BC%9A%E7%A4%BE%E6%A6%82%E8%A6%81%20%E5%95%8F%E3%81%84%E5%90%88%E3%82%8F%E3%81%9B%20%E5%8D%B8
MSEBENT,除外:中国系OEM(疑い),CNスコア2 / S2_ピンイン風セラー,MSEBENT,,1,家電&カメラ,2,0,2,S2_ピンイン風セラー,977,2699,MSEBENT エアタグ（4 個セット） - Apple MFi 認定＆IP67 防水仕様｜Apple Find My ネットワーク（iOS 対応）で鍵・財布・,B0G3NRDBTY,https://www.google.com/search?q=MSEBENT%20%E4%BC%9A%E7%A4%BE%E6%A6%82%E8%A6%81%20%E5%95%8F%E3%81%84%E5%90%88%E3%82%8F%E3%81%9B%20%E5%8D%B8
VVG,除外:中国系OEM(疑い),CNスコア2 / S1_ブランド直営出品,vvg-HC-89,,1,パソコン・周辺機器,1,0,2,S1_ブランド直営出品,1293,2604,USB C デュアルHDMIアダプター VVG 4in1 Dual hdmi 4K@60Hz対応、100W typeC PD充電、USB-Aポート搭載、Type,B0F1CVX5J2,https://www.google.com/search?q=VVG%20%E4%BC%9A%E7%A4%BE%E6%A6%82%E8%A6%81%20%E5%95%8F%E3%81%84%E5%90%88%E3%82%8F%E3%81%9B%20%E5%8D%B8
YOSINA,除外:中国系OEM(疑い),CNスコア2 / S3_略号JPセラー,YOSINA,,1,ホーム&キッチン,2,1,2,S3_略号JPセラー,1328,2978,YOSINA EMS 全身筋肉刺激 9モード 30階段強度 A/Bデュアルチャネル仕様 Type-C充電 超軽量 携帯便利 誕生日 敬老の日 母の日 父の日 プ,B0DKWRDM7T,https://www.google.com/search?q=YOSINA%20%E4%BC%9A%E7%A4%BE%E6%A6%82%E8%A6%81%20%E5%95%8F%E3%81%84%E5%90%88%E3%82%8F%E3%81%9B%20%E5%8D%B8
HIDISC,除外:中国系OEM(疑い),CNスコア2 / S1_ブランド直営出品,株式会社磁気研究所,あり,1,パソコン・周辺機器,3,1,2,S1_ブランド直営出品,1553,4980,HIDISC [データ復旧サービス付] microSDカード 256GB 超高速 重要データ 保存 データ転送 SDXC CLASS10 UHS-1対応 SD変,B0BVPYDLBD,https://www.google.com/search?q=HIDISC%20%E4%BC%9A%E7%A4%BE%E6%A6%82%E8%A6%81%20%E5%95%8F%E3%81%84%E5%90%88%E3%82%8F%E3%81%9B%20%E5%8D%B8
Goody King,除外:中国系OEM(疑い),CNスコア2 / S2_ピンイン風セラー,Goody King,,1,おもちゃ,2,0,2,S2_ピンイン風セラー,2290,6499,200 Pcs マグネットブロック 磁石ブロック おもちゃ 子供 知育玩具 磁石ブロック マグネット 男の子と女の子 おもちゃ 誕生日プレゼント クリスマス ギ,B0DLGR5C5P,https://www.google.com/search?q=Goody%20King%20%E4%BC%9A%E7%A4%BE%E6%A6%82%E8%A6%81%20%E5%95%8F%E3%81%84%E5%90%88%E3%82%8F%E3%81%9B%20%E5%8D%B8
YESKAMOO,除外:中国系OEM(疑い),CNスコア2 / S2_ピンイン風セラー,YESKAMOO,,1,DIY・工具・ガーデン,1,0,2,S2_ピンイン風セラー,3342,6398,YESKAMOO 【500万画素・自動追跡機能】 防犯カメラ 屋外 ワイヤレス 360°全方位監視 Ptzカメラランキング AI人物検知 人感発光,B0DFCL6KT6,https://www.google.com/search?q=YESKAMOO%20%E4%BC%9A%E7%A4%BE%E6%A6%82%E8%A6%81%20%E5%95%8F%E3%81%84%E5%90%88%E3%82%8F%E3%81%9B%20%E5%8D%B8
FANGOR,除外:中国系OEM(疑い),CNスコア2 / S2_ピンイン風セラー,FANGOR,,1,家電&カメラ,1,0,2,S2_ピンイン風セラー,4034,6999,FANGOR デジタルフォトフレーム Wi-Fi 10.1型 Wi-Fi 写真/動画/天気予報 1280*800解像度 壁掛け可 SDカード拡張可 黒,B0C5HWKYGZ,https://www.google.com/search?q=FANGOR%20%E4%BC%9A%E7%A4%BE%E6%A6%82%E8%A6%81%20%E5%95%8F%E3%81%84%E5%90%88%E3%82%8F%E3%81%9B%20%E5%8D%B8
ハピラ(Hapila),除外:中国系OEM(疑い),CNスコア2 / S2_ピンイン風セラー,(株)ハピラ,あり,1,文房具・オフィス用品,3,1,2,S2_ピンイン風セラー,207,1915,ハピラ 色紙ファイル 20ポケット 大容量 20枚収納 ケース付き 色紙収納 クリアファイル ポケットファイル 大色紙用 オフホワイト PF001,B0DCGB1SBY,https://www.google.com/search?q=%E3%83%8F%E3%83%94%E3%83%A9%28Hapila%29%20%E4%BC%9A%E7%A4%BE%E6%A6%82%E8%A6%81%20%E5%95%8F%E3%81%84%E5%90%88%E3%82%8F%E3%81%9B%20%E5%8D%B8
wookiyyo,除外:中国系OEM(疑い),CNスコア2 / S3_略号JPセラー,wookiyyo,,1,スポーツ&アウトドア,3,0,2,S3_略号JPセラー,982,2259,エアーポンプ 電動 空気入れ・空気抜き 携帯式エアーポンプ【5つのノズル＆ライト付＆収納袋付】USB充電式 超軽量 4Kpa 空気入れ 空気抜く 浮き輪 エアベ,B0F12SXMQN,https://www.google.com/search?q=wookiyyo%20%E4%BC%9A%E7%A4%BE%E6%A6%82%E8%A6%81%20%E5%95%8F%E3%81%84%E5%90%88%E3%82%8F%E3%81%9B%20%E5%8D%B8
Ansimple,除外:中国系OEM(疑い),CNスコア2 / S1_ブランド直営出品,Ansimple,,1,スポーツ&アウトドア,1,0,2,S1_ブランド直営出品,635,2158,Ansimple 鉄製 蚊遣りケース 蚊取り線香ホルダー 蚊取り線香入れ 蚊取り線香立て ロータスモチーフ 光沢 室内 室外 アウトドア適用 インテリア ハンド,B0B2J6JJXZ,https://www.google.com/search?q=Ansimple%20%E4%BC%9A%E7%A4%BE%E6%A6%82%E8%A6%81%20%E5%95%8F%E3%81%84%E5%90%88%E3%82%8F%E3%81%9B%20%E5%8D%B8
Flomep,除外:中国系OEM(疑い),CNスコア2 / S1_ブランド直営出品,Flomep,,1,スポーツ&アウトドア,0,0,2,S1_ブランド直営出品,863,2680,Flomep【2026年新モデル】筋トレグッズ アームバー エキスパンダー 胸筋トレーニング器具 3段調節可能(30-60kg) ツイスターアームトレーナー 静,B0GLQ2X652,https://www.google.com/search?q=Flomep%20%E4%BC%9A%E7%A4%BE%E6%A6%82%E8%A6%81%20%E5%95%8F%E3%81%84%E5%90%88%E3%82%8F%E3%81%9B%20%E5%8D%B8
aurochs,除外:中国系OEM(疑い),CNスコア2 / S1_ブランド直営出品,aurochs,,1,DIY・工具・ガーデン,2,0,2,S1_ブランド直営出品,1314,2952,aurochs 極薄刃 ニッパー 片刃 精密 プラモデル専用 プラスチック 工具 プラモデル 模型 ゲートカット （グレー＆ライム/右手用）,B08GLJTL9J,https://www.google.com/search?q=aurochs%20%E4%BC%9A%E7%A4%BE%E6%A6%82%E8%A6%81%20%E5%95%8F%E3%81%84%E5%90%88%E3%82%8F%E3%81%9B%20%E5%8D%B8
READAEER,除外:中国系OEM(疑い),CNスコア2 / S2_ピンイン風セラー,READAEER,,1,スポーツ&アウトドア,2,0,2,S2_ピンイン風セラー,657,2680,【Readaeerライトスポーツ専門店】トレーニングチューブ レジスタンスバンド フィットネスバンド 強度別5本セット68.2KG/150LBS,B0FDL24DGZ,https://www.google.com/search?q=READAEER%20%E4%BC%9A%E7%A4%BE%E6%A6%82%E8%A6%81%20%E5%95%8F%E3%81%84%E5%90%88%E3%82%8F%E3%81%9B%20%E5%8D%B8
Mitea Lab,除外:中国系OEM(疑い),CNスコア2 / S1_ブランド直営出品,Mitea Lab,,1,ホーム&キッチン,1,1,2,S1_ブランド直営出品,1168,3149,【所ジョージの世田谷ベース掲載】MyStick Air V2 ハンディクリーナー《ワンタッチゴミ捨て×2層フィルター》ハンディ 掃除機 車用掃除機 日本ブランド,B0F82ZY8WN,https://www.google.com/search?q=Mitea%20Lab%20%E4%BC%9A%E7%A4%BE%E6%A6%82%E8%A6%81%20%E5%95%8F%E3%81%84%E5%90%88%E3%82%8F%E3%81%9B%20%E5%8D%B8
Trijicon(トリジコン),除外:中国系OEM(疑い),CNスコア2 / S2_ピンイン風セラー,,,1,ホビー,4,0,2,S2_ピンイン風セラー,1505,3100,Trijicon RMRタイプ サイド操作 レフレックスダットサイト BK [並行輸入品],B00XIUU5ZY,https://www.google.com/search?q=Trijicon%28%E3%83%88%E3%83%AA%E3%82%B8%E3%82%B3%E3%83%B3%29%20%E4%BC%9A%E7%A4%BE%E6%A6%82%E8%A6%81%20%E5%95%8F%E3%81%84%E5%90%88%E3%82%8F%E3%81%9B%20%E5%8D%B8
XPPen,除外:中国系OEM(疑い),CNスコア2 / S1_ブランド直営出品,XP-Pen,,1,パソコン・周辺機器,0,0,2,S1_ブランド直営出品,1899,3643,XPPen ペンタブ 6インチ ペンタブレット 8個ショートカットキー 60°傾き検知機能搭載 充電不要ペン Deco 640,B0D961H424,https://www.google.com/search?q=XPPen%20%E4%BC%9A%E7%A4%BE%E6%A6%82%E8%A6%81%20%E5%95%8F%E3%81%84%E5%90%88%E3%82%8F%E3%81%9B%20%E5%8D%B8
ecoofee,除外:中国系OEM(疑い),CNスコア2 / S1_ブランド直営出品,,,1,ファッション,0,0,2,S1_ブランド直営出品,1501,3702,[ecoofee] リュック メンズ ビジネスリュック 防水 大容量 軽量 バックパック A4対応 15.6インチ PC収納 止水ファスナー 通勤,B0FJ22HJFS,https://www.google.com/search?q=ecoofee%20%E4%BC%9A%E7%A4%BE%E6%A6%82%E8%A6%81%20%E5%95%8F%E3%81%84%E5%90%88%E3%82%8F%E3%81%9B%20%E5%8D%B8
RayCue,除外:中国系OEM(疑い),CNスコア2 / S1_ブランド直営出品,RayCue,,1,パソコン・周辺機器,1,0,2,S1_ブランド直営出品,1145,3699,MacBook Air/Pro対応 USB-Cハブ 7ポート PD充電 SD/TF USB3.0×3 軽量コンパクト RayCue,B0DMS9J49V,https://www.google.com/search?q=RayCue%20%E4%BC%9A%E7%A4%BE%E6%A6%82%E8%A6%81%20%E5%95%8F%E3%81%84%E5%90%88%E3%82%8F%E3%81%9B%20%E5%8D%B8
stedi,除外:中国系OEM(疑い),CNスコア2 / S1_ブランド直営出品,stedi,,1,ホビー,1,0,2,S1_ブランド直営出品,1555,3984,stedi プラモデル用工具セット 薄刃ニッパー ピンセット スジ彫りカ サンディングスティック クラフトツール 初心者,B0FKG5B39X,https://www.google.com/search?q=stedi%20%E4%BC%9A%E7%A4%BE%E6%A6%82%E8%A6%81%20%E5%95%8F%E3%81%84%E5%90%88%E3%82%8F%E3%81%9B%20%E5%8D%B8
NB(ドットサイト),除外:中国系OEM(疑い),CNスコア2 / S2_ピンイン風セラー,,,1,ホビー,2,0,2,S2_ピンイン風セラー,1673,3599,RMR タイプ コンパクトドットサイト グロック用マウント付き ブラック,B01FJUUPHS,https://www.google.com/search?q=NB%28%E3%83%89%E3%83%83%E3%83%88%E3%82%B5%E3%82%A4%E3%83%88%29%20%E4%BC%9A%E7%A4%BE%E6%A6%82%E8%A6%81%20%E5%95%8F%E3%81%84%E5%90%88%E3%82%8F%E3%81%9B%20%E5%8D%B8
Dibuy,除外:中国系OEM(疑い),CNスコア2 / S2_ピンイン風セラー,Dibuy,,1,車&バイク,3,0,2,S2_ピンイン風セラー,2113,4179,タイヤ空気圧モニター TPMS 【日本語音声アラーム】タイヤ空気圧センサー 空気圧センサー 車 リアルタイム空気圧監視 振動感知 ソーラー充電,B0GJ5RC15Y,https://www.google.com/search?q=Dibuy%20%E4%BC%9A%E7%A4%BE%E6%A6%82%E8%A6%81%20%E5%95%8F%E3%81%84%E5%90%88%E3%82%8F%E3%81%9B%20%E5%8D%B8
Osmo,除外:中国系OEM(疑い),CNスコア2 / S2_ピンイン風セラー,日本オスモ,,1,産業・研究開発用品,3,0,2,S2_ピンイン風セラー,1985,4680,オスモカラー オスモウォッシュ＆ケアー 1L,B002AN3LMO,https://www.google.com/search?q=Osmo%20%E4%BC%9A%E7%A4%BE%E6%A6%82%E8%A6%81%20%E5%95%8F%E3%81%84%E5%90%88%E3%82%8F%E3%81%9B%20%E5%8D%B8
Effects Bakery,除外:中国系OEM(疑い),CNスコア2 / S2_ピンイン風セラー,Effects Bakery(エフェクツベーカリー),,1,楽器・音響機器,4,1,2,S2_ピンイン風セラー,2547,5170,Effects Bakery エフェクツベーカリー Bagel OverDrive [EB-BODn] / オーバードライブ ミニペダル ギター エフェクター,B09P3NVD9T,https://www.google.com/search?q=Effects%20Bakery%20%E4%BC%9A%E7%A4%BE%E6%A6%82%E8%A6%81%20%E5%95%8F%E3%81%84%E5%90%88%E3%82%8F%E3%81%9B%20%E5%8D%B8
タイル(Tile),除外:中国系OEM(疑い),CNスコア2 / S1_ブランド直営出品,Tile,,1,家電&カメラ,1,1,2,S1_ブランド直営出品,3556,6570,Life360 Tile スターターパック (Mate+Slim) スマートトラッカー スマートタグ 紛失防止タグ 置き忘れ防止 音を鳴らして場所をお知らせ 防,B0DGLHMLHZ,https://www.google.com/search?q=%E3%82%BF%E3%82%A4%E3%83%AB%28Tile%29%20%E4%BC%9A%E7%A4%BE%E6%A6%82%E8%A6%81%20%E5%95%8F%E3%81%84%E5%90%88%E3%82%8F%E3%81%9B%20%E5%8D%B8
Natsumi,除外:中国系OEM(疑い),CNスコア2 / S1_ブランド直営出品,Natsumi,,1,DIY・工具・ガーデン,0,0,2,S1_ブランド直営出品,4723,9022,コードレス チェーンソー 電動 強力 充電式チェーンソー 12インチ ブラシレスモーター マキタ18Vバッテリー対応可能 4.0Ah大容量バッテリー2個搭載 庭,B0F6N6Z74S,https://www.google.com/search?q=Natsumi%20%E4%BC%9A%E7%A4%BE%E6%A6%82%E8%A6%81%20%E5%95%8F%E3%81%84%E5%90%88%E3%82%8F%E3%81%9B%20%E5%8D%B8
TAMA(タマ),除外:中国系OEM(疑い),CNスコア2 / S2_ピンイン風セラー,TAMA(タマ),,1,楽器・音響機器,5,1,2,S2_ピンイン風セラー,4832,10890,TAMA タマ SPEEDCOBRA スピードコブラ 310 シングル ドラムペダル HP310L,B00S6FZM3Q,https://www.google.com/search?q=TAMA%28%E3%82%BF%E3%83%9E%29%20%E4%BC%9A%E7%A4%BE%E6%A6%82%E8%A6%81%20%E5%95%8F%E3%81%84%E5%90%88%E3%82%8F%E3%81%9B%20%E5%8D%B8
Gudluky,除外:中国系OEM(確定),CNスコア6 / S1_ブランド直営出品+S2_ピンイン風セラー+S3_略号JPセラー+S6_越境OEM文体,Gudluky,,11,家電&カメラ,4,0,6,S1_ブランド直営出品+S2_ピンイン風セラー+S3_略号JPセラー+S6_越境OEM文体,759,1999,airtag エアタグ カード gpsタグ スマートタグ 紛失防止タグ【2026年最強 安全性・10年超長持ち!革新的Li-Po&極薄1.6mm&技適取得&全球,B0F29G9GPQ,https://www.google.com/search?q=Gudluky%20%E4%BC%9A%E7%A4%BE%E6%A6%82%E8%A6%81%20%E5%95%8F%E3%81%84%E5%90%88%E3%82%8F%E3%81%9B%20%E5%8D%B8
Dyoac,除外:中国系OEM(確定),CNスコア4 / S1_ブランド直営出品+S2_ピンイン風セラー,Dyoac,,10,家電&カメラ,3,1,4,S1_ブランド直営出品+S2_ピンイン風セラー,1406,2924,Dyoac エアタグ カード【超薄1.6ｍｍ×ワイヤレス充電 最大10年使用】iOS専用 GPS 財布 紛失防止タグ Apple「探す」 IP68防水,B0D9BR32JL,https://www.google.com/search?q=Dyoac%20%E4%BC%9A%E7%A4%BE%E6%A6%82%E8%A6%81%20%E5%95%8F%E3%81%84%E5%90%88%E3%82%8F%E3%81%9B%20%E5%8D%B8
COOAU,除外:中国系OEM(確定),CNスコア4 / S1_ブランド直営出品+S2_ピンイン風セラー,COOAU,,6,家電&カメラ,4,0,4,S1_ブランド直営出品+S2_ピンイン風セラー,2636,5284,【300万画素・QRコードWIFI接続】COOAU 見守りカメラ ペットカメラ 人体検知 暗視機能 360°PTZ機能 H.265 双方向通話 WiFi強化 防,B0BZR9RVNZ,https://www.google.com/search?q=COOAU%20%E4%BC%9A%E7%A4%BE%E6%A6%82%E8%A6%81%20%E5%95%8F%E3%81%84%E5%90%88%E3%82%8F%E3%81%9B%20%E5%8D%B8
THREEKEY,除外:中国系OEM(確定),CNスコア5 / S1_ブランド直営出品+S4_中国式manufacturer,"Shenzhen Suiqi Innovation Technology Co.,Ltd.",あり,5,家電&カメラ,0,0,5,S1_ブランド直営出品+S4_中国式manufacturer,1552,2999,THREEKEY マグセーフ充電器 Qi2・PSE公式認証 15W急速充電 両面マグネット式,B0DLSMH23R,https://www.google.com/search?q=THREEKEY%20%E4%BC%9A%E7%A4%BE%E6%A6%82%E8%A6%81%20%E5%95%8F%E3%81%84%E5%90%88%E3%82%8F%E3%81%9B%20%E5%8D%B8
skybest,除外:中国系OEM(確定),CNスコア4 / S1_ブランド直営出品+S3_略号JPセラー,skybest,,5,家電&カメラ,1,0,4,S1_ブランド直営出品+S3_略号JPセラー,1858,3693,最新Qi2 ワイヤレス充電器【15W急速充電×放熱重視】magsafe充電器 qi2 充電器 マグセーフ対応 スマホ 充電器 ワイヤレス マグネット 置くだけ ,B0F5WJTCL2,https://www.google.com/search?q=skybest%20%E4%BC%9A%E7%A4%BE%E6%A6%82%E8%A6%81%20%E5%95%8F%E3%81%84%E5%90%88%E3%82%8F%E3%81%9B%20%E5%8D%B8
Evinof,除外:中国系OEM(確定),CNスコア4 / S1_ブランド直営出品+S3_略号JPセラー,Evinof,,5,家電&カメラ,1,1,4,S1_ブランド直営出品+S3_略号JPセラー,4132,6997,Evinof テレビ スピーカー 有線 手元スピーカー 【はっきり音声/小音量でも聞きやすい】 5mケーブル 音量調節 高齢者向け 簡単接続 グレー,B0FLD2WRJM,https://www.google.com/search?q=Evinof%20%E4%BC%9A%E7%A4%BE%E6%A6%82%E8%A6%81%20%E5%95%8F%E3%81%84%E5%90%88%E3%82%8F%E3%81%9B%20%E5%8D%B8
MACOO,除外:中国系OEM(確定),CNスコア9 / S1_ブランド直営出品+S2_ピンイン風セラー+S3_略号JPセラー+S4_中国式manufacturer,"ShenZhen Sailangde Technology Co., Ltd.",あり,4,家電&カメラ,0,0,9,S1_ブランド直営出品+S2_ピンイン風セラー+S3_略号JPセラー+S4_中国式manufacturer,866,2270,MACOO 自撮り棒 magsafe【全方位360°回転・超強磁力】スマホスタンド 三脚 スマホ 磁気リング付き 最大130cmまで,B0F4XKHRZX,https://www.google.com/search?q=MACOO%20%E4%BC%9A%E7%A4%BE%E6%A6%82%E8%A6%81%20%E5%95%8F%E3%81%84%E5%90%88%E3%82%8F%E3%81%9B%20%E5%8D%B8
Boleve,除外:中国系OEM(確定),CNスコア3 / S2_ピンイン風セラー+S6_越境OEM文体,Boleve,,4,家電&カメラ,6,0,3,S2_ピンイン風セラー+S6_越境OEM文体,2190,5550,Boleve【15W急速充電・360°回転】スマホホルダー 車 ワイヤレス充電 マグネット【ナノジェル吸盤】MagSafeホルダー 超強N55磁石,B0FS1TCFRR,https://www.google.com/search?q=Boleve%20%E4%BC%9A%E7%A4%BE%E6%A6%82%E8%A6%81%20%E5%95%8F%E3%81%84%E5%90%88%E3%82%8F%E3%81%9B%20%E5%8D%B8
Gimama,除外:中国系OEM(確定),CNスコア5 / S1_ブランド直営出品+S4_中国式manufacturer,"Dongguan Fengchuan Technology Co., LTD",,4,パソコン・周辺機器,0,0,5,S1_ブランド直営出品+S4_中国式manufacturer,1257,3090,Gimama カップウォーマー 【40℃～80℃設定、記憶機能付き】 コーヒーウォーマー 5段階温度 マグウォーマー,B0FY2QCK6R,https://www.google.com/search?q=Gimama%20%E4%BC%9A%E7%A4%BE%E6%A6%82%E8%A6%81%20%E5%95%8F%E3%81%84%E5%90%88%E3%82%8F%E3%81%9B%20%E5%8D%B8
BESROY,除外:中国系OEM(確定),CNスコア7 / S1_ブランド直営出品+S3_略号JPセラー+S4_中国式manufacturer,BESROY,あり,4,ホーム&キッチン,0,0,7,S1_ブランド直営出品+S3_略号JPセラー+S4_中国式manufacturer,1396,3396,ブレンダー【20000rpm最速！氷も砕ける】離乳食・調理に ハンドミキサー 電動泡立て器 ハンドブレンダー フードプロセッサー ミキサー,B0D4LVMYNV,https://www.google.com/search?q=BESROY%20%E4%BC%9A%E7%A4%BE%E6%A6%82%E8%A6%81%20%E5%95%8F%E3%81%84%E5%90%88%E3%82%8F%E3%81%9B%20%E5%8D%B8
ARZOPA,除外:中国系OEM(確定),CNスコア4 / S1_ブランド直営出品+S2_ピンイン風セラー,ARZOPA,,4,パソコン・周辺機器,1,0,4,S1_ブランド直営出品+S2_ピンイン風セラー,11876,17880,ARZOPA 15.6インチ モバイルモニター ポータブルディスプレイ 非光沢IPS液晶パネル 1920x1080FHD 持ち運び 薄型 軽量 USB C/mi,B0CH9XW8RK,https://www.google.com/search?q=ARZOPA%20%E4%BC%9A%E7%A4%BE%E6%A6%82%E8%A6%81%20%E5%95%8F%E3%81%84%E5%90%88%E3%82%8F%E3%81%9B%20%E5%8D%B8
aestiquo,除外:中国系OEM(確定),CNスコア7 / S1_ブランド直営出品+S2_ピンイン風セラー+S5_非日本漢字+S6_越境OEM文体,Aestiquo,,3,車&バイク,4,0,7,S1_ブランド直営出品+S2_ピンイン風セラー+S5_非日本漢字+S6_越境OEM文体,959,2998,スマホホルダー 車 マグネット 【2026最新真空吸盤+超強磁力】究極の安定【360°回転+自由調節】 24×N55磁石 スマホスタンド 高級合金素材 MagS,B0FLK2SPJB,https://www.google.com/search?q=aestiquo%20%E4%BC%9A%E7%A4%BE%E6%A6%82%E8%A6%81%20%E5%95%8F%E3%81%84%E5%90%88%E3%82%8F%E3%81%9B%20%E5%8D%B8
Tufuha,除外:中国系OEM(確定),CNスコア4 / S1_ブランド直営出品+S2_ピンイン風セラー,Tufuha for キヤノン 用 インク BCI-331XL BCI-330XL,,3,パソコン・周辺機器,2,0,4,S1_ブランド直営出品+S2_ピンイン風セラー,2069,4349,Tufuha BCI-331XL BCI-330XL 6本セット キヤノン用 インク 330 331 純正 と併用可能 ts8730 インク,B0CLRWCZGV,https://www.google.com/search?q=Tufuha%20%E4%BC%9A%E7%A4%BE%E6%A6%82%E8%A6%81%20%E5%95%8F%E3%81%84%E5%90%88%E3%82%8F%E3%81%9B%20%E5%8D%B8
Fochai,除外:中国系OEM(確定),CNスコア4 / S1_ブランド直営出品+S2_ピンイン風セラー,Fochai,,3,ホーム&キッチン,2,0,4,S1_ブランド直営出品+S2_ピンイン風セラー,2383,5758,掃除機 コードレス 強力吸引25000Pa ハンディ対応 26分稼働充電式クリーナー 軽量 スティッククリーナー 静音 コンパクト,B0CCJ6HSJ9,https://www.google.com/search?q=Fochai%20%E4%BC%9A%E7%A4%BE%E6%A6%82%E8%A6%81%20%E5%95%8F%E3%81%84%E5%90%88%E3%82%8F%E3%81%9B%20%E5%8D%B8
Boweer,除外:中国系OEM(確定),CNスコア4 / S1_ブランド直営出品+S2_ピンイン風セラー,Boweer,,3,ホーム&キッチン,2,0,4,S1_ブランド直営出品+S2_ピンイン風セラー,4102,8198,Boweer 除湿機 衣類乾燥 3L 大容量【マイナスイオン 鉄筋14畳 /木造７畳】除湿量1L/日 除湿器 部屋干し 湿気取り カビ対策 梅雨対策,B0CY4CLKMH,https://www.google.com/search?q=Boweer%20%E4%BC%9A%E7%A4%BE%E6%A6%82%E8%A6%81%20%E5%95%8F%E3%81%84%E5%90%88%E3%82%8F%E3%81%9B%20%E5%8D%B8
WORKPRO,除外:中国系OEM(確定),CNスコア3 / S4_中国式manufacturer,"HANGZHOU GREATSTAR INDUSTRIAL CO.,LTD",,3,DIY・工具・ガーデン,4,2,3,S4_中国式manufacturer,643,2280,WORKPRO プライヤー プライヤーレンチ ミニレンチ アジャスタブルレンチ 全長約108mm スパナ CR-V 建設用レンチプライヤー,B0FX93T6ZZ,https://www.google.com/search?q=WORKPRO%20%E4%BC%9A%E7%A4%BE%E6%A6%82%E8%A6%81%20%E5%95%8F%E3%81%84%E5%90%88%E3%82%8F%E3%81%9B%20%E5%8D%B8
happilaff,除外:中国系OEM(確定),CNスコア4 / S1_ブランド直営出品+S2_ピンイン風セラー,happilaff,,3,ホーム&キッチン,3,1,4,S1_ブランド直営出品+S2_ピンイン風セラー,1369,3995,happilaff フードプロセッサー 350Wハイパワー 1台5役 みじん切り器 ステンレス4枚刃 600mlガラスボウル ジューサー ミキサーチョッパー 水,B0DCFM2YMJ,https://www.google.com/search?q=happilaff%20%E4%BC%9A%E7%A4%BE%E6%A6%82%E8%A6%81%20%E5%95%8F%E3%81%84%E5%90%88%E3%82%8F%E3%81%9B%20%E5%8D%B8
viangs,除外:中国系OEM(確定),CNスコア6 / S1_ブランド直営出品+S2_ピンイン風セラー+S3_略号JPセラー,cxiao,,3,スポーツ&アウトドア,1,0,6,S1_ブランド直営出品+S2_ピンイン風セラー+S3_略号JPセラー,1095,3038,骨盤底筋トレーニング器具 組み立て不要 張力23kg 内転筋トレーニング 太もも 筋トレ ダイエット器具 収納可能 Viangs,B0F5BSRT8X,https://www.google.com/search?q=viangs%20%E4%BC%9A%E7%A4%BE%E6%A6%82%E8%A6%81%20%E5%95%8F%E3%81%84%E5%90%88%E3%82%8F%E3%81%9B%20%E5%8D%B8
Zeniss,除外:中国系OEM(確定),CNスコア3 / S4_中国式manufacturer,Zeniss,,2,家電&カメラ,4,0,3,S4_中国式manufacturer,603,1798,タイプc イヤホン 有線 HiFi 快適な装着感 type-c 有線イヤホン 絡み防止 遅延なし iphone17/15/16対応,B0GGZCD6Y7,https://www.google.com/search?q=Zeniss%20%E4%BC%9A%E7%A4%BE%E6%A6%82%E8%A6%81%20%E5%95%8F%E3%81%84%E5%90%88%E3%82%8F%E3%81%9B%20%E5%8D%B8
Ailewu,除外:中国系OEM(確定),CNスコア5 / S1_ブランド直営出品+S4_中国式manufacturer,"ShenZhen Sailangde Technology Co., Ltd.",あり,2,家電&カメラ,0,0,5,S1_ブランド直営出品+S4_中国式manufacturer,628,1704,自撮り棒 【業界初売りミニ、安定モデル】スマホスタンド 三脚 スマホ デジカメ兼用 じどり棒 iphone&android対応 じどりぼう コンパクト 自 撮り,B0B93NSQ3H,https://www.google.com/search?q=Ailewu%20%E4%BC%9A%E7%A4%BE%E6%A6%82%E8%A6%81%20%E5%95%8F%E3%81%84%E5%90%88%E3%82%8F%E3%81%9B%20%E5%8D%B8
Negolas,除外:中国系OEM(確定),CNスコア3 / S1_ブランド直営出品+S6_越境OEM文体,Negolas,,2,家電&カメラ,1,1,3,S1_ブランド直営出品+S6_越境OEM文体,543,2061,スマホ 三脚 iphone用 Bluetoothリモコン付き 3WAY雲台 4段階伸縮 最大長さ130cm 360°回転可能 スマートフォン 軽量 ミニ三脚 収,B09WQVRGLN,https://www.google.com/search?q=Negolas%20%E4%BC%9A%E7%A4%BE%E6%A6%82%E8%A6%81%20%E5%95%8F%E3%81%84%E5%90%88%E3%82%8F%E3%81%9B%20%E5%8D%B8
TRAOO,除外:中国系OEM(確定),CNスコア4 / S1_ブランド直営出品+S3_略号JPセラー,TRAOO,,2,パソコン・周辺機器,0,0,4,S1_ブランド直営出品+S3_略号JPセラー,254,1864,カードリーダー【2026新モデル MFi認証品】 SDカードリーダー Lightning/Type Cメモリカードリーダー 4in1 USB/SD/TF変換アダ,B0DCFFYV6Z,https://www.google.com/search?q=TRAOO%20%E4%BC%9A%E7%A4%BE%E6%A6%82%E8%A6%81%20%E5%95%8F%E3%81%84%E5%90%88%E3%82%8F%E3%81%9B%20%E5%8D%B8
Fodalum,除外:中国系OEM(確定),CNスコア4 / S1_ブランド直営出品+S3_略号JPセラー,Fodalum,,2,家電&カメラ,0,0,4,S1_ブランド直営出品+S3_略号JPセラー,584,1893,スマホ 三脚 ハンドル直径は35mmです自撮り棒 iphone 軽量 安定感があり ぐらつかない じどり棒 展開時の高さ180cm,B0FB9PCRH2,https://www.google.com/search?q=Fodalum%20%E4%BC%9A%E7%A4%BE%E6%A6%82%E8%A6%81%20%E5%95%8F%E3%81%84%E5%90%88%E3%82%8F%E3%81%9B%20%E5%8D%B8
basemax,除外:中国系OEM(確定),CNスコア5 / S1_ブランド直営出品+S3_略号JPセラー+S6_越境OEM文体,Basemax,,2,車&バイク,0,0,5,S1_ブランド直営出品+S3_略号JPセラー+S6_越境OEM文体,437,1998,【新登場】 ハンディクリーナー コードレス 強力吸引力 【吹き飛ぶ/吸い込む/空気入れ/空気抜き】 車用掃除機 4WAY多機能 大容量 Type-C 急速充電 ,B0FHWKR1J1,https://www.google.com/search?q=basemax%20%E4%BC%9A%E7%A4%BE%E6%A6%82%E8%A6%81%20%E5%95%8F%E3%81%84%E5%90%88%E3%82%8F%E3%81%9B%20%E5%8D%B8
KEEZING,除外:中国系OEM(確定),CNスコア5 / S3_略号JPセラー+S4_中国式manufacturer,"Dongguan Kalio electronic Technology Co., LTD",,2,ホーム&キッチン,4,0,5,S3_略号JPセラー+S4_中国式manufacturer,812,2046,アルコールチェッカー 高精度 センサー 5000回 USB充電式 アルコール検知器 非接触型 アルコールテスター 高精度 業務用,B09VRZ4KNW,https://www.google.com/search?q=KEEZING%20%E4%BC%9A%E7%A4%BE%E6%A6%82%E8%A6%81%20%E5%95%8F%E3%81%84%E5%90%88%E3%82%8F%E3%81%9B%20%E5%8D%B8
YIERSAN,除外:中国系OEM(確定),CNスコア4 / S1_ブランド直営出品+S2_ピンイン風セラー,YIERSAN,,2,家電&カメラ,1,0,4,S1_ブランド直営出品+S2_ピンイン風セラー,1520,3549,YIERSAN エアタグ airtag 2個セット【iOS&Android両方対応・Apple&Google公式認証・全地球精確測位】紛失防止タグ スマートタグ,B0FVXHH1NR,https://www.google.com/search?q=YIERSAN%20%E4%BC%9A%E7%A4%BE%E6%A6%82%E8%A6%81%20%E5%95%8F%E3%81%84%E5%90%88%E3%82%8F%E3%81%9B%20%E5%8D%B8
KEEPRO,除外:中国系OEM(確定),CNスコア3 / S4_中国式manufacturer,"Shenzhen You & Me Electronics Co., LTD",,2,家電&カメラ,1,0,3,S4_中国式manufacturer,1614,3999,KEEPRO ワイヤレス充電器 3in1 折り畳み式 Magsafe充電器 同時に3つのデバイス充電 15W/10W/7.5W マルチ充電スタンド マグセーフ充,B0DMNYY821,https://www.google.com/search?q=KEEPRO%20%E4%BC%9A%E7%A4%BE%E6%A6%82%E8%A6%81%20%E5%95%8F%E3%81%84%E5%90%88%E3%82%8F%E3%81%9B%20%E5%8D%B8
SPAHER,除外:中国系OEM(確定),CNスコア4 / S1_ブランド直営出品+S3_略号JPセラー,SPAHER,,2,ファッション,1,0,4,S1_ブランド直営出品+S3_略号JPセラー,1496,4390,[SPAHER] ショルダーバッグ メンズ 斜めがけ 撥水 軽量 小さめ 本革 縦型 メッセンジャーバッグ 肩掛けカバン 磁気 IPad収納 ビジネス バッグ ,B0F5HMMYTL,https://www.google.com/search?q=SPAHER%20%E4%BC%9A%E7%A4%BE%E6%A6%82%E8%A6%81%20%E5%95%8F%E3%81%84%E5%90%88%E3%82%8F%E3%81%9B%20%E5%8D%B8
Augnner,除外:中国系OEM(確定),CNスコア3 / S4_中国式manufacturer,"Shenzhen Meskey Technology co.,ltd",,2,家電&カメラ,1,0,3,S4_中国式manufacturer,1894,4999,【2026新登場】ワイヤレス充電器 3 in 1 急速 MagSafe充電器 折りたたみ式 ワイヤレス充電ステーション ナイトライト付き 旅行 持ち運び便利マグ,B0F99Q5P9D,https://www.google.com/search?q=Augnner%20%E4%BC%9A%E7%A4%BE%E6%A6%82%E8%A6%81%20%E5%95%8F%E3%81%84%E5%90%88%E3%82%8F%E3%81%9B%20%E5%8D%B8
Kemeskin,除外:中国系OEM(確定),CNスコア7 / S1_ブランド直営出品+S2_ピンイン風セラー+S4_中国式manufacturer,"Dongguan Kemi Electronic Technology Co., Ltd",あり,2,家電&カメラ,2,0,7,S1_ブランド直営出品+S2_ピンイン風セラー+S4_中国式manufacturer,3367,5640,骨伝導イヤホン bluetooth、Kemeskin 水泳 防水イヤホン IP68完全防水 32GBメモリ内蔵 最大8000曲 こつでんどうイヤホン bluet,B0GK7MN552,https://www.google.com/search?q=Kemeskin%20%E4%BC%9A%E7%A4%BE%E6%A6%82%E8%A6%81%20%E5%95%8F%E3%81%84%E5%90%88%E3%82%8F%E3%81%9B%20%E5%8D%B8
Yaotin,除外:中国系OEM(確定),CNスコア6 / S1_ブランド直営出品+S2_ピンイン風セラー+S3_略号JPセラー,Yaotin,,2,ホーム&キッチン,0,0,6,S1_ブランド直営出品+S2_ピンイン風セラー+S3_略号JPセラー,4100,6924,集音器 高齢者 しゅうおんき【2026進化版！革命的なデジタルチップ&高性能BA型スピーカー搭載！無段階音量調整】35倍増幅 AI自動降噪,B0GCNXP689,https://www.google.com/search?q=Yaotin%20%E4%BC%9A%E7%A4%BE%E6%A6%82%E8%A6%81%20%E5%95%8F%E3%81%84%E5%90%88%E3%82%8F%E3%81%9B%20%E5%8D%B8
Philoent,除外:中国系OEM(確定),CNスコア7 / S2_ピンイン風セラー+S3_略号JPセラー+S4_中国式manufacturer,"GuangDong SINOY Smart Technology CO, LTD",,2,家電&カメラ,3,0,7,S2_ピンイン風セラー+S3_略号JPセラー+S4_中国式manufacturer,5457,8792,Philoent プロジェクター 家庭用 超小型 【2026最新 Android TV14.0搭載＆388g史上最軽＆HiFi外部スピーカー】,B0F5GQLNWP,https://www.google.com/search?q=Philoent%20%E4%BC%9A%E7%A4%BE%E6%A6%82%E8%A6%81%20%E5%95%8F%E3%81%84%E5%90%88%E3%82%8F%E3%81%9B%20%E5%8D%B8
YINCODI,除外:中国系OEM(確定),CNスコア3 / S5_非日本漢字,YINCODI,,2,家電&カメラ,3,0,3,S5_非日本漢字,4532,7597,YINCODI プロジェクター 家庭用【業界初超小型＆軽量・Android TV 搭載・270°回転】 プロジェクター 小型 25000lm 1080P 天井投,B0FSS1VVGD,https://www.google.com/search?q=YINCODI%20%E4%BC%9A%E7%A4%BE%E6%A6%82%E8%A6%81%20%E5%95%8F%E3%81%84%E5%90%88%E3%82%8F%E3%81%9B%20%E5%8D%B8
WISHOLY,除外:中国系OEM(確定),CNスコア5 / S2_ピンイン風セラー+S5_非日本漢字,WISHOLY,,2,家電&カメラ,3,0,5,S2_ピンイン風セラー+S5_非日本漢字,4394,11798,WISHOLY プロジェクター 家庭用【Android TV搭載・270°回転】 プロジェクター 小型 27000LM 1080P WiFi6 ぷろじぇくたー ,B0FGXPDF2S,https://www.google.com/search?q=WISHOLY%20%E4%BC%9A%E7%A4%BE%E6%A6%82%E8%A6%81%20%E5%95%8F%E3%81%84%E5%90%88%E3%82%8F%E3%81%9B%20%E5%8D%B8
Bmax,除外:中国系OEM(確定),CNスコア4 / S1_ブランド直営出品+S2_ピンイン風セラー,Bmax,,2,パソコン・周辺機器,1,0,4,S1_ブランド直営出品+S2_ピンイン風セラー,8232,13488,【タブレット 10インチ】-Android16 強化版 wi-fiモデル タブレット、高性能8コアCPU T7250搭載、24GB+128GB+2TB拡張、60,B0FP5BK51X,https://www.google.com/search?q=Bmax%20%E4%BC%9A%E7%A4%BE%E6%A6%82%E8%A6%81%20%E5%95%8F%E3%81%84%E5%90%88%E3%82%8F%E3%81%9B%20%E5%8D%B8
Veoyads,除外:中国系OEM(確定),CNスコア7 / S1_ブランド直営出品+S3_略号JPセラー+S4_中国式manufacturer,"Shenzhen Fangxin Technology Co.,LTD",,2,ホーム&キッチン,2,0,7,S1_ブランド直営出品+S3_略号JPセラー+S4_中国式manufacturer,7096,13100,VEOYADS HIPL 脱毛器【ドイツのiFデザイン賞受賞 サファイア技術搭載 瞬間10℃ほぼ無痛】150万発 5段階 8分脱毛完成 PSE認証済み,B0F2MCKSB3,https://www.google.com/search?q=Veoyads%20%E4%BC%9A%E7%A4%BE%E6%A6%82%E8%A6%81%20%E5%95%8F%E3%81%84%E5%90%88%E3%82%8F%E3%81%9B%20%E5%8D%B8
HIKMICRO,除外:中国系OEM(確定),CNスコア4 / S1_ブランド直営出品+S2_ピンイン風セラー,HIKMICRO,,2,産業・研究開発用品,1,0,4,S1_ブランド直営出品+S2_ピンイン風セラー,9742,19490,HIKMICRO Eco Lite 赤外線温度計 赤外線カメラ、非接触温度計、1台2役、-20°C～550°C、調整可能な放射率、IR解像度 96×96、デュア,B0FYM5YJ7G,https://www.google.com/search?q=HIKMICRO%20%E4%BC%9A%E7%A4%BE%E6%A6%82%E8%A6%81%20%E5%95%8F%E3%81%84%E5%90%88%E3%82%8F%E3%81%9B%20%E5%8D%B8
STSEETOP,除外:中国系OEM(確定),CNスコア6 / S1_ブランド直営出品+S2_ピンイン風セラー+S3_略号JPセラー,STSEETOP,,2,家電&カメラ,4,0,6,S1_ブランド直営出品+S2_ピンイン風セラー+S3_略号JPセラー,1026,2317,【進歩究極モデル】ワイヤレスイヤホン bluetooth イヤホン ワイヤレス イヤフォン hi-fi音質 & 重低音 片耳 蓋を開け自動接続 EDR ダブルマ,B0D2KB216V,https://www.google.com/search?q=STSEETOP%20%E4%BC%9A%E7%A4%BE%E6%A6%82%E8%A6%81%20%E5%95%8F%E3%81%84%E5%90%88%E3%82%8F%E3%81%9B%20%E5%8D%B8
HOUOA,除外:中国系OEM(確定),CNスコア4 / S1_ブランド直営出品+S3_略号JPセラー,HOUOA,,2,家電&カメラ,0,0,4,S1_ブランド直営出品+S3_略号JPセラー,1108,2754,HOUOA ワイヤレス充電器 Magsafe充電器 3in1 マグネット式 マグセーフ充電器 Qi急速充電 同時に3つのデバイス充電 15W/10W/7.5W ,B0D9QRDCFL,https://www.google.com/search?q=HOUOA%20%E4%BC%9A%E7%A4%BE%E6%A6%82%E8%A6%81%20%E5%95%8F%E3%81%84%E5%90%88%E3%82%8F%E3%81%9B%20%E5%8D%B8
ZYQ,除外:中国系OEM(確定),CNスコア4 / S1_ブランド直営出品+S2_ピンイン風セラー,ZYQ,,2,ホーム&キッチン,2,0,4,S1_ブランド直営出品+S2_ピンイン風セラー,784,2840,枕 まくら 腕をやさしくサポート 首が痛くならない 快眠 低反発枕 頭・首・肩を支える 仰向け・横向き・うつぶせ対応 3D人間工学設計 安眠枕 低め・高め調整可,B0GCHYQW11,https://www.google.com/search?q=ZYQ%20%E4%BC%9A%E7%A4%BE%E6%A6%82%E8%A6%81%20%E5%95%8F%E3%81%84%E5%90%88%E3%82%8F%E3%81%9B%20%E5%8D%B8
TOPADRE,除外:中国系OEM(確定),CNスコア5 / S1_ブランド直営出品+S4_中国式manufacturer,"Shenzhenshi Ezreal Technology Co.,Ltd",あり,2,家電&カメラ,0,0,5,S1_ブランド直営出品+S4_中国式manufacturer,1546,3249,TOPADRE 140W 急速充電器 PD タイプ c 充電器【100W Max*USB-C*3＋USB-A*2+ディスプレイ搭載+PSE認証】5ポート Typ,B0CR9KFGPX,https://www.google.com/search?q=TOPADRE%20%E4%BC%9A%E7%A4%BE%E6%A6%82%E8%A6%81%20%E5%95%8F%E3%81%84%E5%90%88%E3%82%8F%E3%81%9B%20%E5%8D%B8
Aiolo Innovation,除外:中国系OEM(確定),CNスコア4 / S2_ピンイン風セラー+S3_略号JPセラー,Aiolo Innovation,,2,パソコン・周辺機器,5,0,4,S2_ピンイン風セラー+S3_略号JPセラー,4398,8821,AIOLO INNOVATION 500GB 外付け ハードディスク USB3.0超薄型ポータブル外付けHDD,B0CF4SQY1X,https://www.google.com/search?q=Aiolo%20Innovation%20%E4%BC%9A%E7%A4%BE%E6%A6%82%E8%A6%81%20%E5%95%8F%E3%81%84%E5%90%88%E3%82%8F%E3%81%9B%20%E5%8D%B8
Oliforu,除外:中国系OEM(確定),CNスコア7 / S1_ブランド直営出品+S2_ピンイン風セラー+S4_中国式manufacturer,"Shenzhen Kanglite Technology Co., Ltd.",あり,2,ホーム&キッチン,1,0,7,S1_ブランド直営出品+S2_ピンイン風セラー+S4_中国式manufacturer,3038,5978,電気シェーバー メンズ 全金属ボディ マグネット式ヘッド 往復式3D浮動3枚刃 深剃り IPX7防水 お風呂剃り・丸洗い可 Type-C急速充電,B0GFF1QTC2,https://www.google.com/search?q=Oliforu%20%E4%BC%9A%E7%A4%BE%E6%A6%82%E8%A6%81%20%E5%95%8F%E3%81%84%E5%90%88%E3%82%8F%E3%81%9B%20%E5%8D%B8
Topcony,除外:中国系OEM(確定),CNスコア4 / S1_ブランド直営出品+S3_略号JPセラー,Topcony,,2,ベビー&マタニティ,0,0,4,S1_ブランド直営出品+S3_略号JPセラー,2911,5739,Topcony ペットカメラ 800万画素 4Ｋ 2.4と5GhzWiFi対応 iPhone/Android 室内防犯カメラ 見守りカメラ,B0C65VG6VZ,https://www.google.com/search?q=Topcony%20%E4%BC%9A%E7%A4%BE%E6%A6%82%E8%A6%81%20%E5%95%8F%E3%81%84%E5%90%88%E3%82%8F%E3%81%9B%20%E5%8D%B8
Yorano,除外:中国系OEM(確定),CNスコア4 / S1_ブランド直営出品+S2_ピンイン風セラー,Yorano,,2,ホーム&キッチン,1,0,4,S1_ブランド直営出品+S2_ピンイン風セラー,4050,8490,低温調理器 低温調理機 1100W ハイパワー IPX7 防水 低温調理器具 24 時間予約機能 タイマー温度設定,B0D12C181W,https://www.google.com/search?q=Yorano%20%E4%BC%9A%E7%A4%BE%E6%A6%82%E8%A6%81%20%E5%95%8F%E3%81%84%E5%90%88%E3%82%8F%E3%81%9B%20%E5%8D%B8
Safigor,除外:中国系OEM(確定),CNスコア4 / S2_ピンイン風セラー+S3_略号JPセラー,Safigor,,2,家電&カメラ,3,0,4,S2_ピンイン風セラー+S3_略号JPセラー,1087,2330,【ハイエンド 、鮮明なサウンド 深邃な低音】ワイヤレスイヤホン Bluetooth イヤホン Bluetooth5.4 hi-fi音質 AAC ダブルマイクEN,B0DTQ1DV5D,https://www.google.com/search?q=Safigor%20%E4%BC%9A%E7%A4%BE%E6%A6%82%E8%A6%81%20%E5%95%8F%E3%81%84%E5%90%88%E3%82%8F%E3%81%9B%20%E5%8D%B8
ZRZK,除外:中国系OEM(確定),CNスコア6 / S1_ブランド直営出品+S2_ピンイン風セラー+S3_略号JPセラー,ZRZK,,2,家電&カメラ,0,0,6,S1_ブランド直営出品+S2_ピンイン風セラー+S3_略号JPセラー,714,2328,【巻き取り式・タイプc 2本+Lightning 】ZRZK シガーソケット 車 充電器 巻き取り式充電ケーブル 4台同時充電可能 車載充電器 カーチャージャー,B0FZKBS563,https://www.google.com/search?q=ZRZK%20%E4%BC%9A%E7%A4%BE%E6%A6%82%E8%A6%81%20%E5%95%8F%E3%81%84%E5%90%88%E3%82%8F%E3%81%9B%20%E5%8D%B8
GuMosh,除外:中国系OEM(確定),CNスコア12 / S1_ブランド直営出品+S2_ピンイン風セラー+S3_略号JPセラー+S4_中国式manufacturer+S5_非日本漢字,"Shenzhen Caibo Technology Co.,Ltd.",あり,2,車&バイク,1,0,12,S1_ブランド直営出品+S2_ピンイン風セラー+S3_略号JPセラー+S4_中国式manufacturer+S5_非日本漢字,854,2986,GuMosh スマホホルダー 車 ワイヤレス充電 15W デュアルコイル ワイヤレス充電器 車 スマホスタンド 自動開閉 車 スマホホルダー 充電 急速 12~,B0DK8XBRTL,https://www.google.com/search?q=GuMosh%20%E4%BC%9A%E7%A4%BE%E6%A6%82%E8%A6%81%20%E5%95%8F%E3%81%84%E5%90%88%E3%82%8F%E3%81%9B%20%E5%8D%B8
SSYFEI,除外:中国系OEM(確定),CNスコア4 / S1_ブランド直営出品+S3_略号JPセラー,SSYFEI,,2,ホーム&キッチン,0,0,4,S1_ブランド直営出品+S3_略号JPセラー,1449,4166,SSYFEI 電気ケトル 1.0L【1000W急速沸騰・デジタル表示】7段階温度調節 4時間保温 二重構造で熱くない メモリー機能付 電気ポット,B0CG18ZM6J,https://www.google.com/search?q=SSYFEI%20%E4%BC%9A%E7%A4%BE%E6%A6%82%E8%A6%81%20%E5%95%8F%E3%81%84%E5%90%88%E3%82%8F%E3%81%9B%20%E5%8D%B8
BQEYZ,除外:中国系OEM(確定),CNスコア4 / S1_ブランド直営出品+S2_ピンイン風セラー,BQEYZ,,2,家電&カメラ,1,1,4,S1_ブランド直営出品+S2_ピンイン風セラー,4158,7029,BQEYZ NI霓 HiFiゲーミングイヤホン 有線 iem セラミック複合振動膜 有線イヤーバッド (Type-Cマイク付き 緑),B0G2QK6NPN,https://www.google.com/search?q=BQEYZ%20%E4%BC%9A%E7%A4%BE%E6%A6%82%E8%A6%81%20%E5%95%8F%E3%81%84%E5%90%88%E3%82%8F%E3%81%9B%20%E5%8D%B8
KIUP,除外:中国系OEM(確定),CNスコア6 / S1_ブランド直営出品+S2_ピンイン風セラー+S3_略号JPセラー,kiup,,2,DIY・工具・ガーデン,0,0,6,S1_ブランド直営出品+S2_ピンイン風セラー+S3_略号JPセラー,927,2488,【日本製センサー搭載＆秋冬キャンプに最適】一酸化炭素チェッカー キャンプ用 日本語音声放送 一酸化炭素警報器 COアラーム テント用 一酸化炭素検知器 キャンプ,B0CGX5H5ZG,https://www.google.com/search?q=KIUP%20%E4%BC%9A%E7%A4%BE%E6%A6%82%E8%A6%81%20%E5%95%8F%E3%81%84%E5%90%88%E3%82%8F%E3%81%9B%20%E5%8D%B8
TESSAN,除外:中国系OEM(確定),CNスコア3 / S1_ブランド直営出品+S4_中国式manufacturer,"Dongguan Best Travel Electronics Co.,Ltd",あり,2,家電&カメラ,2,0,3,S1_ブランド直営出品+S4_中国式manufacturer,716,2179,"TESSAN 変換プラグ 全世界対応 (４-in-1, 20W) 海外旅行用コンセント アダプター C/BF/O/Aタイプ",B0GKFMB4TB,https://www.google.com/search?q=TESSAN%20%E4%BC%9A%E7%A4%BE%E6%A6%82%E8%A6%81%20%E5%95%8F%E3%81%84%E5%90%88%E3%82%8F%E3%81%9B%20%E5%8D%B8
Inkkey,除外:中国系OEM(確定),CNスコア5 / S2_ピンイン風セラー+S4_中国式manufacturer,"SHENZHEN XU HUI WEIYE ELECTRONIC TECHNOLOGY CO., LTD.",,2,家電&カメラ,2,0,5,S2_ピンイン風セラー+S4_中国式manufacturer,1355,2998,3in1 ワイヤレス充電器 折り畳み式 15W急速充電 I-phone17/16/15/14/13/12 マグセーフ 角度調整可能 雰囲気ライト付き 3台同時充,B0FK91X6DF,https://www.google.com/search?q=Inkkey%20%E4%BC%9A%E7%A4%BE%E6%A6%82%E8%A6%81%20%E5%95%8F%E3%81%84%E5%90%88%E3%82%8F%E3%81%9B%20%E5%8D%B8
htrahy,除外:中国系OEM(確定),CNスコア4 / S2_ピンイン風セラー+S3_略号JPセラー,htrahy,,1,家電&カメラ,4,0,4,S2_ピンイン風セラー+S3_略号JPセラー,843,1999,スマートウォッチ【2026 新バージョン】iPhone対応 アンドロイド対応 Bluetooth通話機能付き 1.83インチ大画面 SMS/Lineメッセージ通,B0G81S768X,https://www.google.com/search?q=htrahy%20%E4%BC%9A%E7%A4%BE%E6%A6%82%E8%A6%81%20%E5%95%8F%E3%81%84%E5%90%88%E3%82%8F%E3%81%9B%20%E5%8D%B8
CHUSII,除外:中国系OEM(確定),CNスコア5 / S2_ピンイン風セラー+S4_中国式manufacturer,"Shenzhen Joway Power Supply Co., Ltd.",あり,1,家電&カメラ,3,0,5,S2_ピンイン風セラー+S4_中国式manufacturer,535,1563,モバイルバッテリー MagSafe対応 10000mAh ワイヤレス充電 22.5W急速充電 USB-C内蔵ケーブル 小型 軽量 薄型 最大3台同時充電 PD対,B0FYG2NDBR,https://www.google.com/search?q=CHUSII%20%E4%BC%9A%E7%A4%BE%E6%A6%82%E8%A6%81%20%E5%95%8F%E3%81%84%E5%90%88%E3%82%8F%E3%81%9B%20%E5%8D%B8
AWINEY,除外:中国系OEM(確定),CNスコア4 / S1_ブランド直営出品+S3_略号JPセラー,AWINEY,,1,家電&カメラ,2,0,4,S1_ブランド直営出品+S3_略号JPセラー,682,1785,iPhone イヤホン 有線【2026新版 Apple MFi認証済み】純正 iphone用イヤホン lightning ライトニング接続 ステレオイヤフォン ,B0B55Z3NMN,https://www.google.com/search?q=AWINEY%20%E4%BC%9A%E7%A4%BE%E6%A6%82%E8%A6%81%20%E5%95%8F%E3%81%84%E5%90%88%E3%82%8F%E3%81%9B%20%E5%8D%B8
Vibaleg,除外:中国系OEM(確定),CNスコア4 / S1_ブランド直営出品+S3_略号JPセラー,Vibaleg,,1,パソコン・周辺機器,1,0,4,S1_ブランド直営出品+S3_略号JPセラー,394,1998,タブレットスタンド スマホスタンド ベッドサイド取付 折り畳み4.7~12.9インチ対応 ブラック ベッド用寝ながら 卓上 横/縦/仰向け,B0FC2YYPKQ,https://www.google.com/search?q=Vibaleg%20%E4%BC%9A%E7%A4%BE%E6%A6%82%E8%A6%81%20%E5%95%8F%E3%81%84%E5%90%88%E3%82%8F%E3%81%9B%20%E5%8D%B8
Liaolee,除外:中国系OEM(確定),CNスコア6 / S1_ブランド直営出品+S2_ピンイン風セラー+S3_略号JPセラー,Liaolee,,1,ホーム&キッチン,2,0,6,S1_ブランド直営出品+S2_ピンイン風セラー+S3_略号JPセラー,743,2100,ネックケア 首 リラクゼーション器 Liaolee 新登場 (加温×EMS&TENSのW効果) 静音 軽量 首元リフレッシュ ネックリラックス,B0C58DTLTR,https://www.google.com/search?q=Liaolee%20%E4%BC%9A%E7%A4%BE%E6%A6%82%E8%A6%81%20%E5%95%8F%E3%81%84%E5%90%88%E3%82%8F%E3%81%9B%20%E5%8D%B8
ANDERY,除外:中国系OEM(確定),CNスコア3 / S2_ピンイン風セラー+S6_越境OEM文体,ANDERY,,1,家電&カメラ,3,0,3,S2_ピンイン風セラー+S6_越境OEM文体,1427,2846,スマホホルダー 車 ワイヤレス充電 マグネット【15W急速充電+真空吸盤の最強コンビ】安定性拔群 【超強磁力】カー用品/車用品,B0FCSBH974,https://www.google.com/search?q=%EF%BC%A1%EF%BC%AE%EF%BC%A4%EF%BC%A5%EF%BC%B2%EF%BC%B9%20%E4%BC%9A%E7%A4%BE%E6%A6%82%E8%A6%81%20%E5%95%8F%E3%81%84%E5%90%88%E3%82%8F%E3%81%9B%20%E5%8D%B8
atolla,除外:中国系OEM(確定),CNスコア3 / S4_中国式manufacturer,SHENZHEN TIANHANGXING ELECTRONICS CO LTD,,1,パソコン・周辺機器,1,0,3,S4_中国式manufacturer,1983,4369,USB3.0ハブ 電源付き atolla USB ハブ 10ポート USBハブ セルフパワー USB Hub 5Gbps高速データ伝送 USB3.0 拡張 独立,B09TZQT8Z7,https://www.google.com/search?q=atolla%20%E4%BC%9A%E7%A4%BE%E6%A6%82%E8%A6%81%20%E5%95%8F%E3%81%84%E5%90%88%E3%82%8F%E3%81%9B%20%E5%8D%B8
OMKUY,除外:中国系OEM(確定),CNスコア4 / S1_ブランド直営出品+S3_略号JPセラー,OMKUY,,1,家電&カメラ,1,0,4,S1_ブランド直営出品+S3_略号JPセラー,1805,4999,OMKUY 140W USB充電器 Type-c 6ポート 急速充電器（PPS&PD3.0&QC4+対応）PC同時充電 ノートPC充電器 コンセント,B0DNVRMTFK,https://www.google.com/search?q=OMKUY%20%E4%BC%9A%E7%A4%BE%E6%A6%82%E8%A6%81%20%E5%95%8F%E3%81%84%E5%90%88%E3%82%8F%E3%81%9B%20%E5%8D%B8
KJKD,除外:中国系OEM(確定),CNスコア4 / S1_ブランド直営出品+S3_略号JPセラー,KJKD,,1,家電&カメラ,0,0,4,S1_ブランド直営出品+S3_略号JPセラー,3376,5809,【2026最新ChatGPT&AI文字盤】 KJKD L1スマートウォッチ常時表示 AMOLED 1.5時間充電 iPhone/アンドロイド対応,B0FP294GLY,https://www.google.com/search?q=KJKD%20%E4%BC%9A%E7%A4%BE%E6%A6%82%E8%A6%81%20%E5%95%8F%E3%81%84%E5%90%88%E3%82%8F%E3%81%9B%20%E5%8D%B8
VANBOKEE,除外:中国系OEM(確定),CNスコア4 / S2_ピンイン風セラー+S3_略号JPセラー,VANBOKEE,,1,家電&カメラ,5,0,4,S2_ピンイン風セラー+S3_略号JPセラー,1174,5980,イヤホン bluetooth 【完全 Bluetooth 6.0 & Hi-Fi級】ワイヤレスイヤホン 自動ペアリング イヤフォン 最大30時間再生 ENCダブ,B0G3FD8FSY,https://www.google.com/search?q=VANBOKEE%20%E4%BC%9A%E7%A4%BE%E6%A6%82%E8%A6%81%20%E5%95%8F%E3%81%84%E5%90%88%E3%82%8F%E3%81%9B%20%E5%8D%B8
Kimwood,除外:中国系OEM(確定),CNスコア4 / S1_ブランド直営出品+S2_ピンイン風セラー,kimwood,,1,車&バイク,4,1,4,S1_ブランド直営出品+S2_ピンイン風セラー,5063,9499,ジャンプスターター & 電動空気入れ 【プロ監修・8000Aピーク電流・ 150PSI急速充気】12V 車対応 エンジンスターター,B0FZBZNCJY,https://www.google.com/search?q=Kimwood%20%E4%BC%9A%E7%A4%BE%E6%A6%82%E8%A6%81%20%E5%95%8F%E3%81%84%E5%90%88%E3%82%8F%E3%81%9B%20%E5%8D%B8
YEAHYO,除外:中国系OEM(確定),CNスコア6 / S1_ブランド直営出品+S2_ピンイン風セラー+S3_略号JPセラー,YEAHYO,,1,家電&カメラ,2,0,6,S1_ブランド直営出品+S2_ピンイン風セラー+S3_略号JPセラー,7233,10999,骨伝導イヤホン Bluetooth こつでんどう イヤホン オープンイヤー ワイヤレスイヤホン ながら聴き 耳を塞がない Type-C急速充電,B0GMXDH9Q2,https://www.google.com/search?q=YEAHYO%20%E4%BC%9A%E7%A4%BE%E6%A6%82%E8%A6%81%20%E5%95%8F%E3%81%84%E5%90%88%E3%82%8F%E3%81%9B%20%E5%8D%B8
LEKGAVD,除外:中国系OEM(確定),CNスコア5 / S1_ブランド直営出品+S5_非日本漢字,LEKGAVD,,1,ホーム&キッチン,0,0,5,S1_ブランド直営出品+S5_非日本漢字,4023,12980,掃除機 コードレス 軽量【85KPa超強力吸引・0.5kg超軽量】収納スタンド付き コードレス掃除機 45分連続稼働 ハンディ掃除機 スティッククリーナー ノン,B0G6JF9MRK,https://www.google.com/search?q=LEKGAVD%20%E4%BC%9A%E7%A4%BE%E6%A6%82%E8%A6%81%20%E5%95%8F%E3%81%84%E5%90%88%E3%82%8F%E3%81%9B%20%E5%8D%B8
Tipkook,除外:中国系OEM(確定),CNスコア3 / S4_中国式manufacturer,shenzhenshijinfangxingshiyeyouxiangongsi,,1,スポーツ&アウトドア,3,0,3,S4_中国式manufacturer,6804,13762,Tipkook キャンプ用ポータブルシャワー 充電式キャンプシャワー,B0F9Y7VNGR,https://www.google.com/search?q=Tipkook%20%E4%BC%9A%E7%A4%BE%E6%A6%82%E8%A6%81%20%E5%95%8F%E3%81%84%E5%90%88%E3%82%8F%E3%81%9B%20%E5%8D%B8
Saluyar,除外:中国系OEM(確定),CNスコア5 / S1_ブランド直営出品+S4_中国式manufacturer,"SHENZHEN HAIJIXING TECHNOLOGY CO.,LTD",,1,家電&カメラ,2,0,5,S1_ブランド直営出品+S4_中国式manufacturer,8063,15120,【2026年最強6K録画】 デジタルカメラ 8400万画素デジカメ スマホに転送できるカメラ Wi-Fi転送 コンパクトカメラ180°回転可能 ディスプレイ オ,B0FCMK27Z9,https://www.google.com/search?q=Saluyar%20%E4%BC%9A%E7%A4%BE%E6%A6%82%E8%A6%81%20%E5%95%8F%E3%81%84%E5%90%88%E3%82%8F%E3%81%9B%20%E5%8D%B8
UNOKKI,除外:中国系OEM(確定),CNスコア3 / S4_中国式manufacturer,"Heyuan Ransheng Innovative Materials Co., Ltd",あり,1,ホビー,1,0,3,S4_中国式manufacturer,453,1997,"UNOKKI レジン液, 高い透明 315g UV/LED対応 レジン液 大容量, 高い透明 UVレジン液, ジュエリー等に適用クリアuvレジン, 硬化速い, ",B0B67WNGV5,https://www.google.com/search?q=UNOKKI%20%E4%BC%9A%E7%A4%BE%E6%A6%82%E8%A6%81%20%E5%95%8F%E3%81%84%E5%90%88%E3%82%8F%E3%81%9B%20%E5%8D%B8
TORRAS,除外:中国系OEM(確定),CNスコア4 / S1_ブランド直営出品+S3_略号JPセラー,TORRAS,,1,家電&カメラ,0,0,4,S1_ブランド直営出品+S3_略号JPセラー,1044,2306,TORRAS スマホ 防水ケース 【2026新型！両面高機能】IPX8完全防水 水中タッチ対応 浮く設計 お風呂/海/プール/温泉対応 7インチiPhone用 ,B0CSLXQZJ1,https://www.google.com/search?q=TORRAS%20%E4%BC%9A%E7%A4%BE%E6%A6%82%E8%A6%81%20%E5%95%8F%E3%81%84%E5%90%88%E3%82%8F%E3%81%9B%20%E5%8D%B8
ZAKUSA,除外:中国系OEM(確定),CNスコア7 / S2_ピンイン風セラー+S3_略号JPセラー+S4_中国式manufacturer,"Wenzhou Zhuochuang Electrical Appliance Co., Ltd.",あり,1,ホーム&キッチン,2,0,7,S2_ピンイン風セラー+S3_略号JPセラー+S4_中国式manufacturer,879,2279,ボディシェーバー VIO シェーバー メンズ 残量表示 自動研磨 防水仕様 USB-C充電 むだげ処理 脇 腕 足 デリケートゾーン 全身適用 男性用 水洗い可,B0GCJ55KBX,https://www.google.com/search?q=ZAKUSA%20%E4%BC%9A%E7%A4%BE%E6%A6%82%E8%A6%81%20%E5%95%8F%E3%81%84%E5%90%88%E3%82%8F%E3%81%9B%20%E5%8D%B8
YBYP,除外:中国系OEM(確定),CNスコア7 / S2_ピンイン風セラー+S3_略号JPセラー+S4_中国式manufacturer,"Shenzhen Daximen Import and Export Trading Co., Ltd.",あり,1,家電&カメラ,2,0,7,S2_ピンイン風セラー+S3_略号JPセラー+S4_中国式manufacturer,842,2299,モバイルバッテリー 大容量【22000mAh大容量&4台同時充電】モバイルバッテリー 軽量 小型（ブラック）,B0FXX1Z6D1,https://www.google.com/search?q=YBYP%20%E4%BC%9A%E7%A4%BE%E6%A6%82%E8%A6%81%20%E5%95%8F%E3%81%84%E5%90%88%E3%82%8F%E3%81%9B%20%E5%8D%B8
LENUTO,除外:中国系OEM(確定),CNスコア5 / S2_ピンイン風セラー+S4_中国式manufacturer,"Daximen (Shenzhen) Technology Co.,Ltd",あり,1,家電&カメラ,3,0,5,S2_ピンイン風セラー+S4_中国式manufacturer,1553,2998,モバイルバッテリー MagSafe対応 16000ｍAh PD22.5W急速充電 3台同時充電可能 大容量 マグネット式 マグセーフ スマホ充電器 LCD電量残,B0G5DT5LPM,https://www.google.com/search?q=LENUTO%20%E4%BC%9A%E7%A4%BE%E6%A6%82%E8%A6%81%20%E5%95%8F%E3%81%84%E5%90%88%E3%82%8F%E3%81%9B%20%E5%8D%B8
BTIHCEUOT,除外:中国系OEM(確定),CNスコア4 / S1_ブランド直営出品+S3_略号JPセラー,BTIHCEUOT,,1,DIY・工具・ガーデン,0,0,4,S1_ブランド直営出品+S3_略号JPセラー,986,2829,エアダスター 電動エアダスター ブロワー ブロアー超強力300000RPM高速回転 最大風速150m/s 無段階風量調整 7500mAh 215g 小型 USB,B0GGNRS69S,https://www.google.com/search?q=BTIHCEUOT%20%E4%BC%9A%E7%A4%BE%E6%A6%82%E8%A6%81%20%E5%95%8F%E3%81%84%E5%90%88%E3%82%8F%E3%81%9B%20%E5%8D%B8
LAOPAO,除外:中国系OEM(確定),CNスコア4 / S1_ブランド直営出品+S2_ピンイン風セラー,LAOPAO,,1,ホーム&キッチン,1,0,4,S1_ブランド直営出品+S2_ピンイン風セラー,1021,3399,LAOPAO ソープディスペンサー 自動 液体 2段階 オートディスペンサー ハンドソープディスペンサー シャンパン色 液体 [並行輸入品],B0G2XTLCBL,https://www.google.com/search?q=LAOPAO%20%E4%BC%9A%E7%A4%BE%E6%A6%82%E8%A6%81%20%E5%95%8F%E3%81%84%E5%90%88%E3%82%8F%E3%81%9B%20%E5%8D%B8
1Mii,除外:中国系OEM(確定),CNスコア6 / S1_ブランド直営出品+S2_ピンイン風セラー+S3_略号JPセラー,ML301,,1,家電&カメラ,1,0,6,S1_ブランド直営出品+S2_ピンイン風セラー+S3_略号JPセラー,1115,3490,1Mii Bluetooth 5.3トランスミッター テレビ ブルートゥース レシーバー オーディオ 送信機 受信機 直感的な操作で2台同時接続 aptX Ad,B0DGS7YYD4,https://www.google.com/search?q=1Mii%20%E4%BC%9A%E7%A4%BE%E6%A6%82%E8%A6%81%20%E5%95%8F%E3%81%84%E5%90%88%E3%82%8F%E3%81%9B%20%E5%8D%B8
Portta,除外:中国系OEM(確定),CNスコア4 / S1_ブランド直営出品+S3_略号JPセラー,PORTTA,,1,パソコン・周辺機器,1,0,4,S1_ブランド直営出品+S3_略号JPセラー,1459,3990,"PORTTA HDMI キャプチャーボード パススルー, 1080P60 低遅延, ストリーミングと録画、4K HD MI入力/ループ出力、USB 3.0 - ",B0FDVHWJ6W,https://www.google.com/search?q=Portta%20%E4%BC%9A%E7%A4%BE%E6%A6%82%E8%A6%81%20%E5%95%8F%E3%81%84%E5%90%88%E3%82%8F%E3%81%9B%20%E5%8D%B8
BGB,除外:中国系OEM(確定),CNスコア6 / S1_ブランド直営出品+S2_ピンイン風セラー+S3_略号JPセラー,BGB,,1,ホーム&キッチン,1,0,6,S1_ブランド直営出品+S2_ピンイン風セラー+S3_略号JPセラー,1441,3569,BGB 筋膜リリースガン 【実力派トレ一ナ一監修】ハンディガン きんまくリリース電動ガン,B0DMCM5QCM,https://www.google.com/search?q=BGB%20%E4%BC%9A%E7%A4%BE%E6%A6%82%E8%A6%81%20%E5%95%8F%E3%81%84%E5%90%88%E3%82%8F%E3%81%9B%20%E5%8D%B8
H&W,除外:中国系OEM(確定),CNスコア3 / S3_略号JPセラー+S6_越境OEM文体,H&W,,1,スポーツ&アウトドア,2,0,3,S3_略号JPセラー+S6_越境OEM文体,1845,4580,【Amazon 限定ブランド】エアーベッド 電動ポンプ内蔵【25cm厚&90秒自動膨張】H&W 電動キャンプ 空気ベッド エアマット 折り畳み式 電動ベッド エ,B0D5HR33P7,https://www.google.com/search?q=H%26W%20%E4%BC%9A%E7%A4%BE%E6%A6%82%E8%A6%81%20%E5%95%8F%E3%81%84%E5%90%88%E3%82%8F%E3%81%9B%20%E5%8D%B8
Sinessy,除外:中国系OEM(確定),CNスコア4 / S1_ブランド直営出品+S3_略号JPセラー,Sinessy,,1,ホーム&キッチン,1,0,4,S1_ブランド直営出品+S3_略号JPセラー,3382,6999,【Amazon.co.jp限定】ミスト ファン 扇風機 卓上扇風機 キャンプ 風量無段階調節 55時間連続使用 アウトドア ミストスプレーファン Sinessy,B0F6LKG8ZT,https://www.google.com/search?q=Sinessy%20%E4%BC%9A%E7%A4%BE%E6%A6%82%E8%A6%81%20%E5%95%8F%E3%81%84%E5%90%88%E3%82%8F%E3%81%9B%20%E5%8D%B8
YZO,除外:中国系OEM(確定),CNスコア4 / S2_ピンイン風セラー+S3_略号JPセラー,"JOYCHOU INDUSTRIAL HONG KONG., LIMITED",,1,スポーツ&アウトドア,3,0,4,S2_ピンイン風セラー+S3_略号JPセラー,7049,12349,【防災士監修】YZO 携帯浄水器 災害 浄水器 アウトドア 電動式＆手動2WAY対応 6層ろ過 99.99999%高精度浄水 携帯じょうすい器,B0FRR3DCZQ,https://www.google.com/search?q=YZO%20%E4%BC%9A%E7%A4%BE%E6%A6%82%E8%A6%81%20%E5%95%8F%E3%81%84%E5%90%88%E3%82%8F%E3%81%9B%20%E5%8D%B8
TEOOT,除外:中国系OEM(確定),CNスコア4 / S1_ブランド直営出品+S3_略号JPセラー,TEOOT,,1,車&バイク,1,0,4,S1_ブランド直営出品+S3_略号JPセラー,670,1966,【2026新登場&aux bluetooth レシーバー】ブルートゥース レシーバー[デュアル接続＆プラグアンドプレイ]Bluetooth受信機 マイクノイズキ,B0G2Y4V544,https://www.google.com/search?q=TEOOT%20%E4%BC%9A%E7%A4%BE%E6%A6%82%E8%A6%81%20%E5%95%8F%E3%81%84%E5%90%88%E3%82%8F%E3%81%9B%20%E5%8D%B8
LETMY,除外:中国系OEM(確定),CNスコア4 / S1_ブランド直営出品+S3_略号JPセラー,LETMY,,1,スポーツ&アウトドア,1,0,4,S1_ブランド直営出品+S3_略号JPセラー,400,2089,Letmy 懐中電灯 強力 ledライト ハンディライト 2025新型 超高輝度6000ルーメン ディジタル電気量 一個セット,B0FKH2TKQ8,https://www.google.com/search?q=LETMY%20%E4%BC%9A%E7%A4%BE%E6%A6%82%E8%A6%81%20%E5%95%8F%E3%81%84%E5%90%88%E3%82%8F%E3%81%9B%20%E5%8D%B8
Tarkins,除外:中国系OEM(確定),CNスコア3 / S4_中国式manufacturer,"Dongguan XinXingYao Industrial Co., Ltd",あり,1,スポーツ&アウトドア,2,2,3,S4_中国式manufacturer,831,2199,[TARKINS] ハーフ インソール 【理学療法士推薦ｘpococe掲載ｘレッド•ドット賞受賞】 扁平足 インソール 疲れない 中敷き,B0FPX5MHD3,https://www.google.com/search?q=Tarkins%20%E4%BC%9A%E7%A4%BE%E6%A6%82%E8%A6%81%20%E5%95%8F%E3%81%84%E5%90%88%E3%82%8F%E3%81%9B%20%E5%8D%B8
Twofox,除外:中国系OEM(確定),CNスコア4 / S1_ブランド直営出品+S3_略号JPセラー,,,1,車&バイク,0,0,4,S1_ブランド直営出品+S3_略号JPセラー,632,2299,スマホホルダー 車 スマホスタンド 直射日光を避ける 【2026年進化】 Twofox シリコン製スマホ車載ホルダー 全車種対応 用クリップホルダー 脱着簡単 ,B0CT5C2KSX,https://www.google.com/search?q=Twofox%20%E4%BC%9A%E7%A4%BE%E6%A6%82%E8%A6%81%20%E5%95%8F%E3%81%84%E5%90%88%E3%82%8F%E3%81%9B%20%E5%8D%B8
Greneo,除外:中国系OEM(確定),CNスコア4 / S1_ブランド直営出品+S2_ピンイン風セラー,Greneo,,1,ホーム&キッチン,1,0,4,S1_ブランド直営出品+S2_ピンイン風セラー,881,2780,Greneo ネックピロー【業界独創の収納フック】首枕 飛行機 快適グッズ 低反発フォーム 人間工学が360°包み込む［夏も冬もOK！肌が呼吸するひんやり素材］,B0F4QZS2D6,https://www.google.com/search?q=Greneo%20%E4%BC%9A%E7%A4%BE%E6%A6%82%E8%A6%81%20%E5%95%8F%E3%81%84%E5%90%88%E3%82%8F%E3%81%9B%20%E5%8D%B8
AooDen,除外:中国系OEM(確定),CNスコア7 / S1_ブランド直営出品+S2_ピンイン風セラー+S5_非日本漢字,AooDen,,1,ホーム&キッチン,2,0,7,S1_ブランド直営出品+S2_ピンイン風セラー+S5_非日本漢字,345,3280,AooDen 枕 まくら 【高級ホテル仕様・丸洗い可能】 63x43cm 立体構造 ふわふわ 柔らかめ 首・肩にやさしい 快眠 安眠 通気性よい 枕头,B0GQ2MJKMN,https://www.google.com/search?q=AooDen%20%E4%BC%9A%E7%A4%BE%E6%A6%82%E8%A6%81%20%E5%95%8F%E3%81%84%E5%90%88%E3%82%8F%E3%81%9B%20%E5%8D%B8
LINKChef,除外:中国系OEM(確定),CNスコア5 / S1_ブランド直営出品+S5_非日本漢字,LONG PLUS,,1,ホーム&キッチン,1,0,5,S1_ブランド直営出品+S5_非日本漢字,1108,3680,フードプロセッサー LINKChef ミキサー 小型 500ml 電動 260W 绞肉机 微塵切り チョッパー みじん切り器 離乳食 大根下ろ 肉ミンチ 挽き肉,B0C9QBPQGP,https://www.google.com/search?q=LINKChef%20%E4%BC%9A%E7%A4%BE%E6%A6%82%E8%A6%81%20%E5%95%8F%E3%81%84%E5%90%88%E3%82%8F%E3%81%9B%20%E5%8D%B8
Douyear,除外:中国系OEM(確定),CNスコア4 / S2_ピンイン風セラー+S3_略号JPセラー,Douyear,,1,ホーム&キッチン,2,0,4,S2_ピンイン風セラー+S3_略号JPセラー,1003,3680,ヒゲトリマー バリカン メンズ 髭剃り 調整幅0.5mm 39段階長さ調節 自動研磨 USB急速充電 LEDディスプレイ 残量表示 1時間フル充電 90分連続使,B08LGGMP5W,https://www.google.com/search?q=Douyear%20%E4%BC%9A%E7%A4%BE%E6%A6%82%E8%A6%81%20%E5%95%8F%E3%81%84%E5%90%88%E3%82%8F%E3%81%9B%20%E5%8D%B8
Earbood,除外:中国系OEM(確定),CNスコア4 / S2_ピンイン風セラー+S3_略号JPセラー,Earbood,,1,ホーム&キッチン,2,0,4,S2_ピンイン風セラー+S3_略号JPセラー,1033,3680,ボディシェーバー メンズ VIOシェーバー 男性用 15段階調整可能 1~17mm長さ対応 残量表示 自動研磨 IPX7防水 お風呂剃り可 電気シェーバー 低騒,B0C1YYX974,https://www.google.com/search?q=Earbood%20%E4%BC%9A%E7%A4%BE%E6%A6%82%E8%A6%81%20%E5%95%8F%E3%81%84%E5%90%88%E3%82%8F%E3%81%9B%20%E5%8D%B8
SwanScout,除外:中国系OEM(確定),CNスコア3 / S4_中国式manufacturer,"‎Shenzhen Swanscout Innovations Technology Co., Ltd.",あり,1,家電&カメラ,2,0,3,S4_中国式manufacturer,3329,5933,iPhone 17/16対応 ワイヤレス充電器 2台、マグセーフ iphone 充電スタンド 2台同時、マグネット式 置くだけ,B0CT1ZFH9L,https://www.google.com/search?q=SwanScout%20%E4%BC%9A%E7%A4%BE%E6%A6%82%E8%A6%81%20%E5%95%8F%E3%81%84%E5%90%88%E3%82%8F%E3%81%9B%20%E5%8D%B8
Syitren,除外:中国系OEM(確定),CNスコア6 / S1_ブランド直営出品+S2_ピンイン風セラー+S3_略号JPセラー,syitren,,1,家電&カメラ,1,0,6,S1_ブランド直営出品+S2_ピンイン風セラー+S3_略号JPセラー,8069,13980,syitren R300 ポータブルcdプレーヤー bluetooth対応小型cdプレイヤー充電式内蔵 2000mahバッテリーでワイヤレス再生可能 type-,B0G6YSSY6G,https://www.google.com/search?q=Syitren%20%E4%BC%9A%E7%A4%BE%E6%A6%82%E8%A6%81%20%E5%95%8F%E3%81%84%E5%90%88%E3%82%8F%E3%81%9B%20%E5%8D%B8
TABWEE,除外:中国系OEM(確定),CNスコア4 / S1_ブランド直営出品+S2_ピンイン風セラー,TABWEE,,1,パソコン・周辺機器,1,0,4,S1_ブランド直営出品+S2_ピンイン風セラー,7917,13999,【タブレット Android16 AI強化版】TABWEE T80 アンドロイド タブレット 10インチ、12GB+128GB+2TB拡張,B0FT7R8PRW,https://www.google.com/search?q=TABWEE%20%E4%BC%9A%E7%A4%BE%E6%A6%82%E8%A6%81%20%E5%95%8F%E3%81%84%E5%90%88%E3%82%8F%E3%81%9B%20%E5%8D%B8
Worpurrt,除外:中国系OEM(確定),CNスコア4 / S1_ブランド直営出品+S3_略号JPセラー,Worpurrt,,1,家電&カメラ,1,0,4,S1_ブランド直営出品+S3_略号JPセラー,631,1688,自撮り棒 スマホスタンド 三脚 LEDライト リモコン両方を充電できます リモコン上下左右にページをめくったりできる iphone & android対応 セル,B0D63KN9L4,https://www.google.com/search?q=Worpurrt%20%E4%BC%9A%E7%A4%BE%E6%A6%82%E8%A6%81%20%E5%95%8F%E3%81%84%E5%90%88%E3%82%8F%E3%81%9B%20%E5%8D%B8
Yunko,除外:中国系OEM(確定),CNスコア4 / S2_ピンイン風セラー+S3_略号JPセラー,,,1,おもちゃ,4,0,4,S2_ピンイン風セラー+S3_略号JPセラー,350,1799,Yunko 30個セット ストレス解消グッズ スクイーズ おもちゃ 減圧グッズ 低反発 触感いい 無害 可愛い 柔らかい ふわふわ玩具 食物おもちゃ 面白い 誕,B085WQPRRW,https://www.google.com/search?q=Yunko%20%E4%BC%9A%E7%A4%BE%E6%A6%82%E8%A6%81%20%E5%95%8F%E3%81%84%E5%90%88%E3%82%8F%E3%81%9B%20%E5%8D%B8
Taegila,除外:中国系OEM(確定),CNスコア4 / S1_ブランド直営出品+S3_略号JPセラー,,,1,家電&カメラ,1,0,4,S1_ブランド直営出品+S3_略号JPセラー,1295,2635,Taegila【16000mAh大容量&MagSafe対応 】モバイル バッテリー 軽量 小型 大容量 マグネット式ワイヤレスモバイルバッテリー,B0CQCDXL8F,https://www.google.com/search?q=Taegila%20%E4%BC%9A%E7%A4%BE%E6%A6%82%E8%A6%81%20%E5%95%8F%E3%81%84%E5%90%88%E3%82%8F%E3%81%9B%20%E5%8D%B8
YONZEE,除外:中国系OEM(確定),CNスコア4 / S1_ブランド直営出品+S3_略号JPセラー,YONZEE,,1,車&バイク,1,0,4,S1_ブランド直営出品+S3_略号JPセラー,1630,3419,YONZEE テスラ モデルY ジュニパー モデル3 ハイランド 専用 車載スマホホルダー マグネット式 iPhone 対応 360°角度調整 位置調整可能 シ,B0G34LQC3L,https://www.google.com/search?q=YONZEE%20%E4%BC%9A%E7%A4%BE%E6%A6%82%E8%A6%81%20%E5%95%8F%E3%81%84%E5%90%88%E3%82%8F%E3%81%9B%20%E5%8D%B8
Newmight,除外:中国系OEM(確定),CNスコア4 / S1_ブランド直営出品+S3_略号JPセラー,Newmight,,1,パソコン・周辺機器,1,0,4,S1_ブランド直営出品+S3_略号JPセラー,1559,3899,USB C ハブ hdmi 2つ Dual Display ドッキングステーション 7in1 MST デュアル 4K HDMI 拡張 リプル ディスプレイ 高速,B0CZLGNT5C,https://www.google.com/search?q=Newmight%20%E4%BC%9A%E7%A4%BE%E6%A6%82%E8%A6%81%20%E5%95%8F%E3%81%84%E5%90%88%E3%82%8F%E3%81%9B%20%E5%8D%B8
kstime,除外:中国系OEM(確定),CNスコア4 / S1_ブランド直営出品+S2_ピンイン風セラー,,,1,パソコン・周辺機器,2,0,4,S1_ブランド直営出品+S2_ピンイン風セラー,1816,5360,スピーカー PC ゲーミングスピーカー 有線 RGBライト付き 3.5mmケーブルが付属、USB給電式のパソコン用 テレビ、ラップトップ、タブレット、スマートフ,B0D2PBYD2H,https://www.google.com/search?q=kstime%20%E4%BC%9A%E7%A4%BE%E6%A6%82%E8%A6%81%20%E5%95%8F%E3%81%84%E5%90%88%E3%82%8F%E3%81%9B%20%E5%8D%B8
LAUNCH,除外:中国系OEM(確定),CNスコア4 / S1_ブランド直営出品+S3_略号JPセラー,LAUNCH,,1,車&バイク,1,0,4,S1_ブランド直営出品+S3_略号JPセラー,2514,5083,LAUNCH CR529 OBD2 診断機 自動車用 故障診断機 チェックエンジンライトの消灯 フルOBD2機能 故障コード意味解釈,B082MCG82X,https://www.google.com/search?q=LAUNCH%20%E4%BC%9A%E7%A4%BE%E6%A6%82%E8%A6%81%20%E5%95%8F%E3%81%84%E5%90%88%E3%82%8F%E3%81%9B%20%E5%8D%B8
Gvyugke,除外:中国系OEM(確定),CNスコア4 / S1_ブランド直営出品+S2_ピンイン風セラー,Gvyugke,,1,パソコン・周辺機器,1,0,4,S1_ブランド直営出品+S2_ピンイン風セラー,3343,5699,ゲーミングヘッドセット ワイヤレス 2.4G USBアダプター Bluetooth 5.3 有線 3WAY接続 PS5 PS4 PC Switch スマートフォ,B0FW4YCMF8,https://www.google.com/search?q=Gvyugke%20%E4%BC%9A%E7%A4%BE%E6%A6%82%E8%A6%81%20%E5%95%8F%E3%81%84%E5%90%88%E3%82%8F%E3%81%9B%20%E5%8D%B8
Fesaymi,除外:中国系OEM(確定),CNスコア5 / S3_略号JPセラー+S5_非日本漢字,Fesaymi深圳市三汇实业有限公司,,1,家電&カメラ,1,0,5,S3_略号JPセラー+S5_非日本漢字,3148,5599,デジタルカメラ 携帯電話で内容を読み取ることができます 4K 5000万画素 デジカメ 2.8 インチスクリーン 16 倍デジタルズーム オートフォーカス 近接,B0FS2BBKBY,https://www.google.com/search?q=Fesaymi%20%E4%BC%9A%E7%A4%BE%E6%A6%82%E8%A6%81%20%E5%95%8F%E3%81%84%E5%90%88%E3%82%8F%E3%81%9B%20%E5%8D%B8
LevaGott,除外:中国系OEM(確定),CNスコア4 / S1_ブランド直営出品+S3_略号JPセラー,LevaGott,,1,ホーム&キッチン,1,0,4,S1_ブランド直営出品+S3_略号JPセラー,3223,6173,ふくらはぎケア 空気圧 温熱機能 3モード調整 静音設計 軽量コードレス 充電式 男女兼用 自動オフタイマー 家庭用 母の日 父の日 誕生日 敬老の日 ギフト ,B0FKMJ62YC,https://www.google.com/search?q=LevaGott%20%E4%BC%9A%E7%A4%BE%E6%A6%82%E8%A6%81%20%E5%95%8F%E3%81%84%E5%90%88%E3%82%8F%E3%81%9B%20%E5%8D%B8
Surfola,除外:中国系OEM(確定),CNスコア5 / S1_ブランド直営出品+S5_非日本漢字,Surfola,,1,家電&カメラ,0,0,5,S1_ブランド直営出品+S5_非日本漢字,3936,7099,Surfola ポータブルDVDプレーヤー 12.5型 10.5インチ液晶 4~5時間連続再生 CD/DVDプレーヤー リージョンフリー CPRM対応 USB/,B0D2MY9THX,https://www.google.com/search?q=Surfola%20%E4%BC%9A%E7%A4%BE%E6%A6%82%E8%A6%81%20%E5%95%8F%E3%81%84%E5%90%88%E3%82%8F%E3%81%9B%20%E5%8D%B8
ARVAS,除外:中国系OEM(確定),CNスコア3 / S5_非日本漢字,ARVAS,,1,産業・研究開発用品,2,2,3,S5_非日本漢字,4174,7649,2025 台車 折り畳み 軽量 耐荷重250kg 樹脂大天板 業務用 運搬台車 コンパクト ミニ キャリーカート コンパクト folding dolly 平台車,B0DZ6159MX,https://www.google.com/search?q=ARVAS%20%E4%BC%9A%E7%A4%BE%E6%A6%82%E8%A6%81%20%E5%95%8F%E3%81%84%E5%90%88%E3%82%8F%E3%81%9B%20%E5%8D%B8
QIUYMI,除外:中国系OEM(確定),CNスコア5 / S2_ピンイン風セラー+S4_中国式manufacturer,"Danyang Yicheng Electromechanical Co., Ltd",あり,1,ペット用品,1,0,5,S2_ピンイン風セラー+S4_中国式manufacturer,5302,11980,QIUYMI 犬 ドライヤー 速乾 ペットドライヤー 大風量 2800W 業務用&家庭用 マイナスイオン 風量・温度調節 PSE認証 QYM,B0FDGF8BPH,https://www.google.com/search?q=QIUYMI%20%E4%BC%9A%E7%A4%BE%E6%A6%82%E8%A6%81%20%E5%95%8F%E3%81%84%E5%90%88%E3%82%8F%E3%81%9B%20%E5%8D%B8
CIGMAN,除外:中国系OEM(確定),CNスコア4 / S1_ブランド直営出品+S3_略号JPセラー,CIGMAN,,1,DIY・工具・ガーデン,1,0,4,S1_ブランド直営出品+S3_略号JPセラー,6175,13990,CIGMAN 3Dレーザー墨出し器 APPとリモコン遠隔操作対応 3x360°グリーンレーザー 小型 スマホ操作 磁気回転スタンド 日本語説明書付き,B0D31MLJXC,https://www.google.com/search?q=CIGMAN%20%E4%BC%9A%E7%A4%BE%E6%A6%82%E8%A6%81%20%E5%95%8F%E3%81%84%E5%90%88%E3%82%8F%E3%81%9B%20%E5%8D%B8
ANCOGIN,除外:中国系OEM(確定),CNスコア6 / S1_ブランド直営出品+S2_ピンイン風セラー+S3_略号JPセラー,ANCOGIN,,1,パソコン・周辺機器,1,0,6,S1_ブランド直営出品+S2_ピンイン風セラー+S3_略号JPセラー,1059,2284,ANCOGIN ゲーミングイヤホン 有線 イヤホンマイク【ミュート機能·取り外し可能なマイク】 マイク付きイヤホン 有線 人間工学 ゲーミングイヤホン マイク付,B0DMKNN3BC,https://www.google.com/search?q=ANCOGIN%20%E4%BC%9A%E7%A4%BE%E6%A6%82%E8%A6%81%20%E5%95%8F%E3%81%84%E5%90%88%E3%82%8F%E3%81%9B%20%E5%8D%B8
Lyridz,除外:中国系OEM(確定),CNスコア6 / S1_ブランド直営出品+S2_ピンイン風セラー+S3_略号JPセラー,Lyridz,,1,ホーム&キッチン,0,0,6,S1_ブランド直営出品+S2_ピンイン風セラー+S3_略号JPセラー,859,2419,"Lyridz センサーライト 室内 足元灯 コンセント 常夜灯 人感センサー 明暗センサー LEDフットライト (電球色,4)",B0BLZ3LMV7,https://www.google.com/search?q=Lyridz%20%E4%BC%9A%E7%A4%BE%E6%A6%82%E8%A6%81%20%E5%95%8F%E3%81%84%E5%90%88%E3%82%8F%E3%81%9B%20%E5%8D%B8
AAL,除外:中国系OEM(確定),CNスコア4 / S1_ブランド直営出品+S3_略号JPセラー,AAL,,1,DIY・工具・ガーデン,1,0,4,S1_ブランド直営出品+S3_略号JPセラー,997,2679,エアダスター 電動エアダスター ブロワー 小型 ブロアー 250000RPM高速回転 強力 最大風速120m/s 無段階風量調整 5種類ノズル付き LEDライト,B0F53VKBJK,https://www.google.com/search?q=AAL%20%E4%BC%9A%E7%A4%BE%E6%A6%82%E8%A6%81%20%E5%95%8F%E3%81%84%E5%90%88%E3%82%8F%E3%81%9B%20%E5%8D%B8
GAERUO,除外:中国系OEM(確定),CNスコア4 / S2_ピンイン風セラー+S3_略号JPセラー,Douyear,,1,ホーム&キッチン,2,1,4,S2_ピンイン風セラー+S3_略号JPセラー,1200,2795,GAERUO ボディシェーバー 電動 メンズシェーバー 毛剃り 15°角度調整 ネット刃付き IPX7防水 ムダ毛処理 ドライ/泡剃り 脇 腕 背中 足 ビキニ,B08XVY3QCM,https://www.google.com/search?q=GAERUO%20%E4%BC%9A%E7%A4%BE%E6%A6%82%E8%A6%81%20%E5%95%8F%E3%81%84%E5%90%88%E3%82%8F%E3%81%9B%20%E5%8D%B8
EPOMAKER,除外:中国系OEM(確定),CNスコア4 / S1_ブランド直営出品+S3_略号JPセラー,EPOMAKER,,1,パソコン・周辺機器,1,0,4,S1_ブランド直営出品+S3_略号JPセラー,1303,2625,EPOMAKER Creamy Jade 45gf ゲーミングキーボードスイッチ リニアスイッチ100個 5ピンプリルーブドスイッチ PC+PA66,B0FC69S878,https://www.google.com/search?q=EPOMAKER%20%E4%BC%9A%E7%A4%BE%E6%A6%82%E8%A6%81%20%E5%95%8F%E3%81%84%E5%90%88%E3%82%8F%E3%81%9B%20%E5%8D%B8
Clyrox,除外:中国系OEM(確定),CNスコア6 / S1_ブランド直営出品+S2_ピンイン風セラー+S3_略号JPセラー,Clyrox,,1,ホーム&キッチン,2,0,6,S1_ブランド直営出品+S2_ピンイン風セラー+S3_略号JPセラー,1083,5006,枕 首が痛くならない【 低反発・人間工学設計】まくら 安眠枕 肩こり対策 横向き 仰向け うつ伏せ 対応 60D 高密度,B0GLPNQBBG,https://www.google.com/search?q=Clyrox%20%E4%BC%9A%E7%A4%BE%E6%A6%82%E8%A6%81%20%E5%95%8F%E3%81%84%E5%90%88%E3%82%8F%E3%81%9B%20%E5%8D%B8
SHARPAL,除外:中国系OEM(確定),CNスコア3 / S5_非日本漢字,Sharpal,,1,DIY・工具・ガーデン,1,0,3,S5_非日本漢字,1037,3299,SHARPAL 121N スティックタイプナイフシャープナー 両面ダイヤモンド砥石 ダイヤモンドシャープナー 斧砥石 粗研ぎ 细研ぎ 荒研ぎ面325 仕上げ面1,B07WJJLFMX,https://www.google.com/search?q=SHARPAL%20%E4%BC%9A%E7%A4%BE%E6%A6%82%E8%A6%81%20%E5%95%8F%E3%81%84%E5%90%88%E3%82%8F%E3%81%9B%20%E5%8D%B8
DCHK,除外:中国系OEM(確定),CNスコア3 / S4_中国式manufacturer,"Shenzhenshi Ezreal Technology Co.,Ltd",あり,1,家電&カメラ,2,1,3,S4_中国式manufacturer,1252,3534,"Haribo 65W 急速充電器 for アップルウォッチ 充電器， 4in1 USB コンセント,赤",B0FS7191JN,https://www.google.com/search?q=DCHK%20%E4%BC%9A%E7%A4%BE%E6%A6%82%E8%A6%81%20%E5%95%8F%E3%81%84%E5%90%88%E3%82%8F%E3%81%9B%20%E5%8D%B8
Mankiw,除外:中国系OEM(確定),CNスコア4 / S1_ブランド直営出品+S3_略号JPセラー,Mankiw,,1,パソコン・周辺機器,0,0,4,S1_ブランド直営出品+S3_略号JPセラー,2000,3832,【超低遅延20ms・軽量220g】ゲーミングヘッドセット PS5・PC対応 4WAY接続 ワイヤレス 2.4G USB/Type-C/Bluetooth5.4/,B0G6K476N4,https://www.google.com/search?q=Mankiw%20%E4%BC%9A%E7%A4%BE%E6%A6%82%E8%A6%81%20%E5%95%8F%E3%81%84%E5%90%88%E3%82%8F%E3%81%9B%20%E5%8D%B8
MAONO,除外:中国系OEM(確定),CNスコア4 / S1_ブランド直営出品+S3_略号JPセラー,MAONO,,1,楽器・音響機器,1,0,4,S1_ブランド直営出品+S3_略号JPセラー,4436,7999,MAONO オーディオインターフェース オーディオミキサー XLR入力 ルーティング DAW 楽器/パソコン/スマホ/ヘッドホン対応 音楽制作 ホームスタジオ ,B0F1N24BJW,https://www.google.com/search?q=MAONO%20%E4%BC%9A%E7%A4%BE%E6%A6%82%E8%A6%81%20%E5%95%8F%E3%81%84%E5%90%88%E3%82%8F%E3%81%9B%20%E5%8D%B8
RemarksJapan,除外:卸の証拠なし,ブランド自社出品を除く第三者セラーが2未満,Remarks Japan,,5,ファッション,1,1,0,,427,1949,【ソーラー＆電波】腕時計 メンズ 電波ソーラー腕時計 精密 防水 アウトドア 普段使い シンプル ソーラー ブラック,B0CKMS2KS7,https://www.google.com/search?q=RemarksJapan%20%E4%BC%9A%E7%A4%BE%E6%A6%82%E8%A6%81%20%E5%95%8F%E3%81%84%E5%90%88%E3%82%8F%E3%81%9B%20%E5%8D%B8
Gigastone,除外:卸の証拠なし,ブランド自社出品を除く第三者セラーが2未満,GIGASTONE,,3,パソコン・周辺機器,1,0,0,,8649,15990,【Switch 2 専用設計】GIGASTONE microSD Express microSDカード 256GB SD7.1 読み取り速度/書き込み速度最大 ,B0FQJCWKRW,https://www.google.com/search?q=Gigastone%20%E4%BC%9A%E7%A4%BE%E6%A6%82%E8%A6%81%20%E5%95%8F%E3%81%84%E5%90%88%E3%82%8F%E3%81%9B%20%E5%8D%B8
Biwin,除外:卸の証拠なし,ブランド自社出品を除く第三者セラーが2未満,BIWIN,,3,パソコン・周辺機器,1,0,0,,7081,12980,Biwin M100 1TB SSD 2.5インチ SATA III 高速550MB/s 内蔵SSD 高耐久 低消費電力 耐衝撃 PS4対応 メーカー3年保証,B0DSVWX1VL,https://www.google.com/search?q=Biwin%20%E4%BC%9A%E7%A4%BE%E6%A6%82%E8%A6%81%20%E5%95%8F%E3%81%84%E5%90%88%E3%82%8F%E3%81%9B%20%E5%8D%B8
OHAJIKI,除外:卸の証拠なし,ブランド自社出品を除く第三者セラーが2未満,OHAJIKI,,3,車&バイク,1,1,0,,1398,3320,やさしい鉄粉取り 鉄粉除去剤 鉄粉クリーナー 鉄粉除去スプレー OHAJIKI ブレーキダストクリーナー 除去 洗浄 車体・ホイールどちらもOK プロ向け 業務,B09K4254ZT,https://www.google.com/search?q=OHAJIKI%20%E4%BC%9A%E7%A4%BE%E6%A6%82%E8%A6%81%20%E5%95%8F%E3%81%84%E5%90%88%E3%82%8F%E3%81%9B%20%E5%8D%B8
Lenovo,除外:卸の証拠なし,ブランド自社出品を除く第三者セラーが2未満,Lenovo,,2,パソコン・周辺機器,1,0,0,,1380,4042,レノボ Lenovo パソコンケース 14インチ ノート PCケース 耐衝撃 防水 取っ手付き インナーバッグ アーバンスリーブ MacBook/Lenovo/,B0CK4NVH8D,https://www.google.com/search?q=Lenovo%20%E4%BC%9A%E7%A4%BE%E6%A6%82%E8%A6%81%20%E5%95%8F%E3%81%84%E5%90%88%E3%82%8F%E3%81%9B%20%E5%8D%B8
Nextorage,除外:卸の証拠なし,ブランド自社出品を除く第三者セラーが2未満,Nextorage,,2,パソコン・周辺機器,1,1,0,,7314,13334,Nextorage 日本メーカー UHS-II microSD U3 V60 128GB 動画 マイクロSD メモリーカード M2SE,B0DD3MDNGG,https://www.google.com/search?q=Nextorage%20%E4%BC%9A%E7%A4%BE%E6%A6%82%E8%A6%81%20%E5%95%8F%E3%81%84%E5%90%88%E3%82%8F%E3%81%9B%20%E5%8D%B8
DEPSTECH,除外:卸の証拠なし,ブランド自社出品を除く第三者セラーが2未満,DEPSTECH,,2,産業・研究開発用品,1,0,0,,5830,10816,DEPSTECH 先端可動式 ファイバースコープ 6.2MM極細 5インチIPSモニター 210°双方向回転 レバー式 1080P 1.5Mケーブル,B0FKTKJTJQ,https://www.google.com/search?q=DEPSTECH%20%E4%BC%9A%E7%A4%BE%E6%A6%82%E8%A6%81%20%E5%95%8F%E3%81%84%E5%90%88%E3%82%8F%E3%81%9B%20%E5%8D%B8
Kachiari,除外:卸の証拠なし,ブランド自社出品を除く第三者セラーが2未満,Kachiari KA-9,,2,DIY・工具・ガーデン,1,0,0,,1427,4160,Kachiari(カチアリ) 電動ドライバー KA-9 18V対応 40N.m 家具組立 ネジ締め 本体のみ,B0DLT44228,https://www.google.com/search?q=Kachiari%20%E4%BC%9A%E7%A4%BE%E6%A6%82%E8%A6%81%20%E5%95%8F%E3%81%84%E5%90%88%E3%82%8F%E3%81%9B%20%E5%8D%B8
Beanet,除外:卸の証拠なし,ブランド自社出品を除く第三者セラーが2未満,BeaNet,,2,ホーム&キッチン,0,0,0,,2081,4894,BeaNet デスクライト LED 「無線リモコン・ダブル光源・幅800mm・24W・2000Lx」 5段階調光調色 電気スタンド クランプ「PSE認証済」 幅,B0CZ3L2DKP,https://www.google.com/search?q=Beanet%20%E4%BC%9A%E7%A4%BE%E6%A6%82%E8%A6%81%20%E5%95%8F%E3%81%84%E5%90%88%E3%82%8F%E3%81%9B%20%E5%8D%B8
AboveTEK,除外:卸の証拠なし,ブランド自社出品を除く第三者セラーが2未満,AboveTEK,,2,パソコン・周辺機器,1,0,0,,2904,6012,タブレットアーム アルミ製 iPadスタンド ブラック AboveTEK スマホ対応 角度調整 360°回転 縦横置き両用 寝ながら ベッドで動画視聴用 Cクラ,B0CC1CTVZB,https://www.google.com/search?q=AboveTEK%20%E4%BC%9A%E7%A4%BE%E6%A6%82%E8%A6%81%20%E5%95%8F%E3%81%84%E5%90%88%E3%82%8F%E3%81%9B%20%E5%8D%B8
UTRAI,除外:卸の証拠なし,ブランド自社出品を除く第三者セラーが2未満,UTRAI,,2,車&バイク,1,0,0,,4323,9040,UTRAI ジャンプスターター 空気入れ搭載 5000A 12V 車 バッテリー スターター 150PSI 電動空気入れ モバイルバッテリー機能 QC3.0出力,B0F21L1HWH,https://www.google.com/search?q=UTRAI%20%E4%BC%9A%E7%A4%BE%E6%A6%82%E8%A6%81%20%E5%95%8F%E3%81%84%E5%90%88%E3%82%8F%E3%81%9B%20%E5%8D%B8
ウェイモール (WEIMALL),除外:卸の証拠なし,ブランド自社出品を除く第三者セラーが2未満,ウェイモール(WEIMALL),,2,車&バイク,1,0,0,,4678,9220,"WEIMALL ファームジャッキ 耐荷重3t 48インチ 車 タイガー ハイ アップ オフロード 抜根 ウインチファーム ハイリフト 3トン (48インチ,レッ",B06XJRSRX9,https://www.google.com/search?q=%E3%82%A6%E3%82%A7%E3%82%A4%E3%83%A2%E3%83%BC%E3%83%AB%20%28WEIMALL%29%20%E4%BC%9A%E7%A4%BE%E6%A6%82%E8%A6%81%20%E5%95%8F%E3%81%84%E5%90%88%E3%82%8F%E3%81%9B%20%E5%8D%B8
nimin,除外:卸の証拠なし,ブランド自社出品を除く第三者セラーが2未満,nimin,,2,車&バイク,0,0,0,,3014,5888,Nimin 水なし アロマディフューザー 車用 ディフューザー 芳香剤 コードレス 充電式 車載 卓上 兼用,B0FYPX1NSF,https://www.google.com/search?q=nimin%20%E4%BC%9A%E7%A4%BE%E6%A6%82%E8%A6%81%20%E5%95%8F%E3%81%84%E5%90%88%E3%82%8F%E3%81%9B%20%E5%8D%B8
Keychron,除外:卸の証拠なし,ブランド自社出品を除く第三者セラーが2未満,Keychron,,2,パソコン・周辺機器,1,0,0,,3272,5588,「国内正規品」Keychron B33 ワイヤレスキーボード USレイアウト 2.4G/Bluetooth/有線 mac/Wins/Linux,B0FRRXFWCR,https://www.google.com/search?q=Keychron%20%E4%BC%9A%E7%A4%BE%E6%A6%82%E8%A6%81%20%E5%95%8F%E3%81%84%E5%90%88%E3%82%8F%E3%81%9B%20%E5%8D%B8
BONTEC,除外:卸の証拠なし,ブランド自社出品を除く第三者セラーが2未満,BONTEC,,1,家電&カメラ,1,0,0,,1281,3199,BONTEC テレビ壁掛け金具 32～75インチ対応 デュアルアーム式 フルモーション 耐荷重60kg VESA600×400mm,B08GFDZ288,https://www.google.com/search?q=BONTEC%20%E4%BC%9A%E7%A4%BE%E6%A6%82%E8%A6%81%20%E5%95%8F%E3%81%84%E5%90%88%E3%82%8F%E3%81%9B%20%E5%8D%B8
Belkin,除外:卸の証拠なし,ブランド自社出品を除く第三者セラーが2未満,Belkin,,1,家電&カメラ,1,0,0,,2173,4157,Belkin Cubic Charger 67W 充電器 type-c PD充電器 USB-C*2 急速充電 ZSP技術を搭載(待機消費0) ホワイト,B0FBM6X15S,https://www.google.com/search?q=Belkin%20%E4%BC%9A%E7%A4%BE%E6%A6%82%E8%A6%81%20%E5%95%8F%E3%81%84%E5%90%88%E3%82%8F%E3%81%9B%20%E5%8D%B8
Alprojec,除外:卸の証拠なし,ブランド自社出品を除く第三者セラーが2未満,Alprojec,,1,家電&カメラ,1,0,0,,3200,5698,【2026年プライム限定】プロジェクター 家庭用 小型 270°回転 ネイティブ1080P 32000LM 天井投影 Bluetooth5.4 ホームプロジェク,B0G7G1XGS2,https://www.google.com/search?q=Alprojec%20%E4%BC%9A%E7%A4%BE%E6%A6%82%E8%A6%81%20%E5%95%8F%E3%81%84%E5%90%88%E3%82%8F%E3%81%9B%20%E5%8D%B8
Keculbo,除外:卸の証拠なし,ブランド自社出品を除く第三者セラーが2未満,Keculbo,,1,家電&カメラ,0,0,0,,5501,11499,Keculboデジカメ 5K 75MP デジタルカメラWIFI スマホに送れるオートフォーカス3.0インチ180度回転画面 Micro SDカード黑,B0GL852YPJ,https://www.google.com/search?q=Keculbo%20%E4%BC%9A%E7%A4%BE%E6%A6%82%E8%A6%81%20%E5%95%8F%E3%81%84%E5%90%88%E3%82%8F%E3%81%9B%20%E5%8D%B8
KOJIHOMU,除外:卸の証拠なし,ブランド自社出品を除く第三者セラーが2未満,KOJIHOMU,,1,DIY・工具・ガーデン,0,0,0,,6534,11511,KOJIHOMU エアダスター 洗車 【爆風165m/s・12000mAh】ブロワー アルミ合金 超強力 電動 350000RPM 充電式 コードレス,B0FQNVNYMP,https://www.google.com/search?q=KOJIHOMU%20%E4%BC%9A%E7%A4%BE%E6%A6%82%E8%A6%81%20%E5%95%8F%E3%81%84%E5%90%88%E3%82%8F%E3%81%9B%20%E5%8D%B8
MiliCamp,除外:卸の証拠なし,ブランド自社出品を除く第三者セラーが2未満,MiliCamp,,1,スポーツ&アウトドア,1,0,0,,223,1500,MiliCamp メスティン雷鳥飯盒フライヤー 太径304ステンレス鋼 唐揚げフライバスケット 水切りざる 油切り ソロキャンプ 天ぷら揚げ物器 MF-250,B0BZLJL7TC,https://www.google.com/search?q=MiliCamp%20%E4%BC%9A%E7%A4%BE%E6%A6%82%E8%A6%81%20%E5%95%8F%E3%81%84%E5%90%88%E3%82%8F%E3%81%9B%20%E5%8D%B8
Sinjimoru,除外:卸の証拠なし,ブランド自社出品を除く第三者セラーが2未満,Sinjimoru Co.Ltd,あり,1,家電&カメラ,1,0,0,,999,2980,[Sinjimoru] MagSafe対応カードケース スタンド付きグリップ 片手操作 強力磁石 iPhone 12~17シリーズ対応 ブラック,B0DG2K4RJ8,https://www.google.com/search?q=Sinjimoru%20%E4%BC%9A%E7%A4%BE%E6%A6%82%E8%A6%81%20%E5%95%8F%E3%81%84%E5%90%88%E3%82%8F%E3%81%9B%20%E5%8D%B8
INFOCAR,除外:卸の証拠なし,ブランド自社出品を除く第三者セラーが2未満,INFOCAR,,1,車&バイク,1,0,0,,3326,6160,IO180-PH Infocarスマートスキャナー/ OBD2スキャナー / ELM327 / 自動車の故障診断機/日本語対応/専用アプリの無償提供/アプリの生,B0CYFPR2FN,https://www.google.com/search?q=INFOCAR%20%E4%BC%9A%E7%A4%BE%E6%A6%82%E8%A6%81%20%E5%95%8F%E3%81%84%E5%90%88%E3%82%8F%E3%81%9B%20%E5%8D%B8
atRise,除外:卸の証拠なし,ブランド自社出品を除く第三者セラーが2未満,atRise,,1,おもちゃ,1,1,0,,248,1780,【はじめてのタロット占いに】 atRise タロットカード 初心者向け 5点セット（日本語解説書・早見表・クロス・収納袋付き）ウェイト版／ライダー版,B0D61ZTLT1,https://www.google.com/search?q=atRise%20%E4%BC%9A%E7%A4%BE%E6%A6%82%E8%A6%81%20%E5%95%8F%E3%81%84%E5%90%88%E3%82%8F%E3%81%9B%20%E5%8D%B8
Lusciouz,除外:卸の証拠なし,ブランド自社出品を除く第三者セラーが2未満,Lusciouz,,1,ホーム&キッチン,1,0,0,,5762,9900,LUSCIOUZ ルーシャズ ソムリエナイフ ワインオープナー 5巻 ダブルアクション (チタンブラック102),B0CS2L1WZS,https://www.google.com/search?q=Lusciouz%20%E4%BC%9A%E7%A4%BE%E6%A6%82%E8%A6%81%20%E5%95%8F%E3%81%84%E5%90%88%E3%82%8F%E3%81%9B%20%E5%8D%B8
XYHWPROS,除外:卸の証拠なし,ブランド自社出品を除く第三者セラーが2未満,,,1,スポーツ&アウトドア,1,0,0,,666,1912,"ヘッドライト 充電式,軽い 明るい 1100ルーメン 密閉型防水 LED ヘッドランプ 防水防塵 180度調整可能 集光・ 隠れ式充電ポート 伸縮可能ヘッドバン",B0BGX1FF72,https://www.google.com/search?q=XYHWPROS%20%E4%BC%9A%E7%A4%BE%E6%A6%82%E8%A6%81%20%E5%95%8F%E3%81%84%E5%90%88%E3%82%8F%E3%81%9B%20%E5%8D%B8
SMALLRIG,除外:卸の証拠なし,ブランド自社出品を除く第三者セラーが2未満,SmallRig,,1,家電&カメラ,1,1,0,,1027,2371,SmallRig FUJIFILM対応 X100VI/X100V用 サムグリップ ホットシュー取付、装着簡単、サムレスト (ブラック)4559,B08BRWJNM4,https://www.google.com/search?q=SMALLRIG%20%E4%BC%9A%E7%A4%BE%E6%A6%82%E8%A6%81%20%E5%95%8F%E3%81%84%E5%90%88%E3%82%8F%E3%81%9B%20%E5%8D%B8
Azb.Studio,除外:卸の証拠なし,ブランド自社出品を除く第三者セラーが2未満,Azb.Studio,,1,おもちゃ,1,0,0,,1344,3791,Azb.Studio シンソクキネマ 〜合体映画上映祭～,B0D2PRN22Z,https://www.google.com/search?q=Azb.Studio%20%E4%BC%9A%E7%A4%BE%E6%A6%82%E8%A6%81%20%E5%95%8F%E3%81%84%E5%90%88%E3%82%8F%E3%81%9B%20%E5%8D%B8
uchiko,除外:卸の証拠なし,ブランド自社出品を除く第三者セラーが2未満,,,1,スポーツ&アウトドア,1,0,0,,2375,4482,ウチコ 蓮 Hachisu 500 【自衛隊納入品 】国産の生地用超撥水剤 耐過酷環境 海水から雪山まで 高耐久 洗濯可能 フッ素フリー 撥水生地のメンテナンス,B0D7QMD7QR,https://www.google.com/search?q=uchiko%20%E4%BC%9A%E7%A4%BE%E6%A6%82%E8%A6%81%20%E5%95%8F%E3%81%84%E5%90%88%E3%82%8F%E3%81%9B%20%E5%8D%B8
Jackery,除外:卸の証拠なし,ブランド自社出品を除く第三者セラーが2未満,Jackery(ジャクリ),,1,DIY・工具・ガーデン,1,0,0,,6409,11925,【日本限定モデル】 Jackery Explorer 100 Plus 31000mAh モバイルバッテリー 99.2Wh/128W 飛行機に持ち込みが可能 リ,B0GQ9DHMR1,https://www.google.com/search?q=Jackery%20%E4%BC%9A%E7%A4%BE%E6%A6%82%E8%A6%81%20%E5%95%8F%E3%81%84%E5%90%88%E3%82%8F%E3%81%9B%20%E5%8D%B8
Babysense,除外:卸の証拠なし,ブランド自社出品を除く第三者セラーが2未満,Hisense LTD,,1,ベビー&マタニティ,1,0,0,,10241,17573,Babysense HD画質ベビーカメラ 見守り ベビーモニター 双方向トーク 室温アラート 2.4 GHz FHSSアプリやWifi不要でセキュリティ万全 上,B09Z2Q9HF5,https://www.google.com/search?q=Babysense%20%E4%BC%9A%E7%A4%BE%E6%A6%82%E8%A6%81%20%E5%95%8F%E3%81%84%E5%90%88%E3%82%8F%E3%81%9B%20%E5%8D%B8
CHEERFUL GOAT,除外:卸の証拠なし,ブランド自社出品を除く第三者セラーが2未満,Cheerful Goat,,1,ホーム&キッチン,1,0,0,,764,2291,CHEERFUL GOAT 真空断熱タンブラー 350ml – 内面セラミックコーティング採用・保温保冷の高機能ステンレス構造・フタ付きで漏れない軽量マグカップ,B0F5HN32KT,https://www.google.com/search?q=CHEERFUL%20GOAT%20%E4%BC%9A%E7%A4%BE%E6%A6%82%E8%A6%81%20%E5%95%8F%E3%81%84%E5%90%88%E3%82%8F%E3%81%9B%20%E5%8D%B8
LIHAO,除外:卸の証拠なし,ブランド自社出品を除く第三者セラーが2未満,LIHAO,,1,車&バイク,1,0,0,,358,2099,LIHAO バイクカバー 大型 防水 耐熱 紫外線防止 通気 盗難防止 携帯便利 収納バッグ付き スクーター カバー,B0B93HDD9T,https://www.google.com/search?q=LIHAO%20%E4%BC%9A%E7%A4%BE%E6%A6%82%E8%A6%81%20%E5%95%8F%E3%81%84%E5%90%88%E3%82%8F%E3%81%9B%20%E5%8D%B8
NICEHCK,除外:卸の証拠なし,ブランド自社出品を除く第三者セラーが2未満,NICEHCK,,1,家電&カメラ,1,1,0,,1112,2353,NICEHCK NK1 MAX ポータブルType-C DACアンプケーブル イヤホン ヘッドホンアダプター(NK1 MAX ミントグリーン),B0FCXY2PZB,https://www.google.com/search?q=NICEHCK%20%E4%BC%9A%E7%A4%BE%E6%A6%82%E8%A6%81%20%E5%95%8F%E3%81%84%E5%90%88%E3%82%8F%E3%81%9B%20%E5%8D%B8
Uexlsz,除外:卸の証拠なし,ブランド自社出品を除く第三者セラーが2未満,Uexlsz for キャノン インク 380 381,,1,パソコン・周辺機器,1,0,0,,507,2507,BCI-380XL BCI-381XL キャノン 用 インク 380 381 5色 大容量 canon 用 インクカートリッジ BCI-381 BCI-380 ,B0DKNGGSZ9,https://www.google.com/search?q=Uexlsz%20%E4%BC%9A%E7%A4%BE%E6%A6%82%E8%A6%81%20%E5%95%8F%E3%81%84%E5%90%88%E3%82%8F%E3%81%9B%20%E5%8D%B8
ROOMMATE,除外:卸の証拠なし,ブランド自社出品を除く第三者セラーが2未満,ROOMMATE,,1,DIY・工具・ガーデン,1,0,0,,1033,3480,[東京Deco] 2WAY 芝刈り機 電動 芝生バリカン 生垣バリカン ハンディ [本格充電式コードレス] [芝生バリカン＆ヘッジトリマー] 園芸 芝刈機 トリ,B0DTP1PGTV,https://www.google.com/search?q=ROOMMATE%20%E4%BC%9A%E7%A4%BE%E6%A6%82%E8%A6%81%20%E5%95%8F%E3%81%84%E5%90%88%E3%82%8F%E3%81%9B%20%E5%8D%B8
Autel,除外:卸の証拠なし,ブランド自社出品を除く第三者セラーが2未満,Autel,,1,車&バイク,1,0,0,,2099,4419,Autel Autolink AL319 OBD2 診断機 故障コードの読み取りと消去 obd車検時エラーチェック用,B007XE8C74,https://www.google.com/search?q=Autel%20%E4%BC%9A%E7%A4%BE%E6%A6%82%E8%A6%81%20%E5%95%8F%E3%81%84%E5%90%88%E3%82%8F%E3%81%9B%20%E5%8D%B8
YouTen(ユーテン),除外:卸の証拠なし,ブランド自社出品を除く第三者セラーが2未満,YouTen,,1,スポーツ&アウトドア,1,0,0,,3335,6280,【アワード受賞・人気ブランド】 YouTen（ユーテン）ディップススタンド 耐荷重200kg 折りたたみ ディップスマシン ディップスバー 懸垂 チンニング ト,B0DQVYKXJL,https://www.google.com/search?q=YouTen%28%E3%83%A6%E3%83%BC%E3%83%86%E3%83%B3%29%20%E4%BC%9A%E7%A4%BE%E6%A6%82%E8%A6%81%20%E5%95%8F%E3%81%84%E5%90%88%E3%82%8F%E3%81%9B%20%E5%8D%B8
LABEWVI,除外:卸の証拠なし,ブランド自社出品を除く第三者セラーが2未満,,,1,ファッション,1,0,0,,5029,9980,【48V業界最強クラス 40000mAh】ファンバッテリーセット 暴風6段階調節 PD30W Type-Ⅽ対応 ファン付きベスト用 90mm服穴径対応 暑さ対策,B09XF3M1CN,https://www.google.com/search?q=LABEWVI%20%E4%BC%9A%E7%A4%BE%E6%A6%82%E8%A6%81%20%E5%95%8F%E3%81%84%E5%90%88%E3%82%8F%E3%81%9B%20%E5%8D%B8
