メーカー,該当商品数,主なカテゴリ,判定,判定理由,規模手判定,日本実体シグナル,海外シグナル,卸の証拠,国内独立セラー例,国内独立セラー数,独立セラー数,実セラー数_現行,想定仕入れ金額の中央値,代表ASIN,代表商品名,代表Amazonページ,メーカー検索
ウォルト・ディズニー・ジャパン株式会社,54,DVD,条件付き（再販/版元カテゴリ）,ルートカテゴリ=DVD,未判定,JAN45/49／manufacturer日本語／メーカー名日本語／日本法人格,なし,あり,万福堂ブックストア / （最速配達）Shop　Cepure オンライン支店 / オフィスユウ,4,6,6,4295,B0019BE334,アラジン スペシャル・エディション [DVD],https://www.amazon.co.jp/dp/B0019BE334,https://www.google.com/search?q=%E3%82%A6%E3%82%A9%E3%83%AB%E3%83%88%E3%83%BB%E3%83%87%E3%82%A3%E3%82%BA%E3%83%8B%E3%83%BC%E3%83%BB%E3%82%B8%E3%83%A3%E3%83%91%E3%83%B3%E6%A0%AA%E5%BC%8F%E4%BC%9A%E7%A4%BE%20%E4%BC%9A%E7%A4%BE%E6%A6%82%E8%A6%81%20%E5%95%8F%E3%81%84%E5%90%88%E3%82%8F%E3%81%9B%20%E5%8D%B8
UNIVERSAL MUSIC GROUP,38,ミュージック,条件付き（再販/版元カテゴリ）,ルートカテゴリ=ミュージック,未判定,JAN45/49／manufacturer日本語,なし,あり,バンダレコードweb店 / ときめき ライフ / エスネット ストアー,5,6,6,3405,B0D58WKG7X,TOMORROW X TOGETHER ＜ACT : SWEET MIRAGE＞ IN JAPAN (初回限定盤)(3枚,https://www.amazon.co.jp/dp/B0D58WKG7X,https://www.google.com/search?q=UNIVERSAL%20MUSIC%20GROUP%20%E4%BC%9A%E7%A4%BE%E6%A6%82%E8%A6%81%20%E5%95%8F%E3%81%84%E5%90%88%E3%82%8F%E3%81%9B%20%E5%8D%B8
Universal,34,DVD,条件付き（再販/版元カテゴリ）,ルートカテゴリ=DVD,未判定,JAN45/49／manufacturer日本語,なし,あり,★am store★ご購入前に店舗名をクリックし「出品者について」をお読みください / 東京エムケイセンター本店 / Kinki Audio since 1968 (適格請求書発行店),3,4,4,4417,B01DDGU9YE,デンジャラス・ウーマン~デラックス・エディション(初回限定盤)(DVD付),https://www.amazon.co.jp/dp/B01DDGU9YE,https://www.google.com/search?q=Universal%20%E4%BC%9A%E7%A4%BE%E6%A6%82%E8%A6%81%20%E5%95%8F%E3%81%84%E5%90%88%E3%82%8F%E3%81%9B%20%E5%8D%B8
SONY MUSIC,30,ミュージック,条件付き（再販/版元カテゴリ）,ルートカテゴリ=ミュージック,未判定,JAN45/49／manufacturer日本語,なし,あり,総合アニメショップ「赤い熊さん」(oricon/Billboard加盟店) / エスネット ストアー / ときめき ライフ,5,5,5,4076,B0FYNTH1LX,EPIPHANY at TOKYO DOME 2025.06.15 (初回生産限定盤) (DVD) - UVERworl,https://www.amazon.co.jp/dp/B0FYNTH1LX,https://www.google.com/search?q=SONY%20MUSIC%20%E4%BC%9A%E7%A4%BE%E6%A6%82%E8%A6%81%20%E5%95%8F%E3%81%84%E5%90%88%E3%82%8F%E3%81%9B%20%E5%8D%B8
WARNER BROS,23,DVD,条件付き（再販/版元カテゴリ）,ルートカテゴリ=DVD,未判定,なし,なし,あり,グローバル輸入館 / うきうき輸入市場(年中無休出荷),2,5,5,3970,B007UQRW62,Singin' In The Rain: 60th Anniversary Collector's Edition (B,https://www.amazon.co.jp/dp/B007UQRW62,https://www.google.com/search?q=WARNER%20BROS%20%E4%BC%9A%E7%A4%BE%E6%A6%82%E8%A6%81%20%E5%95%8F%E3%81%84%E5%90%88%E3%82%8F%E3%81%9B%20%E5%8D%B8
ワーナーホームビデオ,23,DVD,条件付き（再販/版元カテゴリ）,ルートカテゴリ=DVD,未判定,JAN45/49／manufacturer日本語／メーカー名日本語,なし,あり,ＳＨＯＰ　ＫＵＲＯ　真心を込めてお届けします☆ / Beautiful Lifeショップ / 未来屋陶商店,3,5,5,3322,B009KKHOX2,ダークナイト トリロジー ブルーレイBOX(初回数量限定生産) [Blu-ray],https://www.amazon.co.jp/dp/B009KKHOX2,https://www.google.com/search?q=%E3%83%AF%E3%83%BC%E3%83%8A%E3%83%BC%E3%83%9B%E3%83%BC%E3%83%A0%E3%83%93%E3%83%87%E3%82%AA%20%E4%BC%9A%E7%A4%BE%E6%A6%82%E8%A6%81%20%E5%95%8F%E3%81%84%E5%90%88%E3%82%8F%E3%81%9B%20%E5%8D%B8
Sony Pictures Home Entertainment,21,DVD,条件付き（再販/版元カテゴリ）,ルートカテゴリ=DVD,未判定,JAN45/49／manufacturer日本語,なし,あり,アイルオンラインストア ※すり替え対策店※ ★賞味期限あるものはコンディションにて要確認★ / レインボードラゴンオンラインストア / ホビー通販～未来屋～,4,5,5,4443,B0CFYF162D,バイオハザード：デスアイランド　プレミアム・エディション(初回生産限定) [Blu-ray],https://www.amazon.co.jp/dp/B0CFYF162D,https://www.google.com/search?q=Sony%20Pictures%20Home%20Entertainment%20%E4%BC%9A%E7%A4%BE%E6%A6%82%E8%A6%81%20%E5%95%8F%E3%81%84%E5%90%88%E3%82%8F%E3%81%9B%20%E5%8D%B8
Disney(ディズニー),20,DVD,条件付き（再販/版元カテゴリ）,ルートカテゴリ=DVD,未判定,メーカー名日本語,なし,あり,月夜商店 / インポートショップ泉堂,2,6,6,3166,B07BZ5F71X,Avengers: Infinity War,https://www.amazon.co.jp/dp/B07BZ5F71X,https://www.google.com/search?q=Disney%28%E3%83%87%E3%82%A3%E3%82%BA%E3%83%8B%E3%83%BC%29%20%E4%BC%9A%E7%A4%BE%E6%A6%82%E8%A6%81%20%E5%95%8F%E3%81%84%E5%90%88%E3%82%8F%E3%81%9B%20%E5%8D%B8
任天堂,20,ゲーム,条件付き（再販/版元カテゴリ）,ルートカテゴリ=ゲーム,未判定,JAN45/49／manufacturer日本語／メーカー名日本語,なし,あり,PENTACT JAPAN(土・日・祝休まず出荷 / インボイス登録店) / らいぶShop,5,6,5,2734,B078Y35VK4,星のカービィ スターアライズ - Switch,https://www.amazon.co.jp/dp/B078Y35VK4,https://www.google.com/search?q=%E4%BB%BB%E5%A4%A9%E5%A0%82%20%E4%BC%9A%E7%A4%BE%E6%A6%82%E8%A6%81%20%E5%95%8F%E3%81%84%E5%90%88%E3%82%8F%E3%81%9B%20%E5%8D%B8
20TH CENTURY STUDIOS,18,DVD,条件付き（再販/版元カテゴリ）,ルートカテゴリ=DVD,未判定,なし,なし,あり,グローバル輸入館 / ユウダイストア / インポートショップ泉堂,4,5,5,4965,B00E9PMMX0,Star Wars Trilogy Episodes IV-VI [Blu-ray],https://www.amazon.co.jp/dp/B00E9PMMX0,https://www.google.com/search?q=20TH%20CENTURY%20STUDIOS%20%E4%BC%9A%E7%A4%BE%E6%A6%82%E8%A6%81%20%E5%95%8F%E3%81%84%E5%90%88%E3%82%8F%E3%81%9B%20%E5%8D%B8
ソニー・インタラクティブエンタテインメント,18,ゲーム,条件付き（再販/版元カテゴリ）,ルートカテゴリ=ゲーム,未判定,JAN45/49／manufacturer日本語／メーカー名日本語,なし,あり,レイはうちのねこ(商品情報詳細をよくご確認下さい) / オリジン電化 / シロイ商店,6,6,6,5362,B07JYZ51M8,プレイステーション クラシック,https://www.amazon.co.jp/dp/B07JYZ51M8,https://www.google.com/search?q=%E3%82%BD%E3%83%8B%E3%83%BC%E3%83%BB%E3%82%A4%E3%83%B3%E3%82%BF%E3%83%A9%E3%82%AF%E3%83%86%E3%82%A3%E3%83%96%E3%82%A8%E3%83%B3%E3%82%BF%E3%83%86%E3%82%A4%E3%83%B3%E3%83%A1%E3%83%B3%E3%83%88%20%E4%BC%9A%E7%A4%BE%E6%A6%82%E8%A6%81%20%E5%95%8F%E3%81%84%E5%90%88%E3%82%8F%E3%81%9B%20%E5%8D%B8
講談社,18,本,条件付き（再販/版元カテゴリ）,ルートカテゴリ=本,未判定,manufacturer日本語／メーカー名日本語／日本法人格,なし,あり,マイスペース【24時間/365日即日発送】 / つばめ書店　（２冊以上で自動の場合的に速達出荷。雑誌BN、一部書籍は発送に時間がかかる場合有） / BSHストア,4,6,6,3575,B0G38MBM9H,ちいかわ なんか小さくてかわいいやつ　コミック　1-8巻セット (講談社),https://www.amazon.co.jp/dp/B0G38MBM9H,https://www.google.com/search?q=%E8%AC%9B%E8%AB%87%E7%A4%BE%20%E4%BC%9A%E7%A4%BE%E6%A6%82%E8%A6%81%20%E5%95%8F%E3%81%84%E5%90%88%E3%82%8F%E3%81%9B%20%E5%8D%B8
Bandai Namco,16,ゲーム,条件付き（再販/版元カテゴリ）,ルートカテゴリ=ゲーム,未判定,JAN45/49／manufacturer日本語,なし,あり,M＆Rカンパニー（コンディション欄をよくご確認下さい） / スターフィールド（適格請求書発行事業者） / Bridge of LIFE 【適格請求書発行事業者】,4,4,4,2024,B0B7WCZKND,釣りスピリッツ 釣って遊べる水族館 サオコン同梱版 -Switch,https://www.amazon.co.jp/dp/B0B7WCZKND,https://www.google.com/search?q=Bandai%20Namco%20%E4%BC%9A%E7%A4%BE%E6%A6%82%E8%A6%81%20%E5%95%8F%E3%81%84%E5%90%88%E3%82%8F%E3%81%9B%20%E5%8D%B8
ポニーキャニオン,16,DVD,条件付き（再販/版元カテゴリ）,ルートカテゴリ=DVD,未判定,JAN45/49／manufacturer日本語／メーカー名日本語,なし,あり,Bloooｍ【迅速に対応致します】インボイス◯ / TM2store 【インボイス登録事業者】 / エシカルProduct,3,3,3,6257,B00W7614NW,ウォーキング with ダイナソー　3D・2Dブルーレイセット(2枚組) [Blu-ray],https://www.amazon.co.jp/dp/B00W7614NW,https://www.google.com/search?q=%E3%83%9D%E3%83%8B%E3%83%BC%E3%82%AD%E3%83%A3%E3%83%8B%E3%82%AA%E3%83%B3%20%E4%BC%9A%E7%A4%BE%E6%A6%82%E8%A6%81%20%E5%95%8F%E3%81%84%E5%90%88%E3%82%8F%E3%81%9B%20%E5%8D%B8
スクウェア・エニックス(SQUARE ENIX),14,ゲーム,条件付き（再販/版元カテゴリ）,ルートカテゴリ=ゲーム,未判定,JAN45/49／manufacturer日本語／メーカー名日本語,なし,あり,【FROGBOX】※ポスト投函・コンディション要確認 / インボイス制度対応済 SHOP Forest 【千葉県公安委員会 第441010002465号】 / マーケットドック,4,5,5,2829,B00L21ASIK,ドラゴンクエスト スマイルスライム ゆらゆらグラス,https://www.amazon.co.jp/dp/B00L21ASIK,https://www.google.com/search?q=%E3%82%B9%E3%82%AF%E3%82%A6%E3%82%A7%E3%82%A2%E3%83%BB%E3%82%A8%E3%83%8B%E3%83%83%E3%82%AF%E3%82%B9%28SQUARE%20ENIX%29%20%E4%BC%9A%E7%A4%BE%E6%A6%82%E8%A6%81%20%E5%95%8F%E3%81%84%E5%90%88%E3%82%8F%E3%81%9B%20%E5%8D%B8
ビクターエンタテインメント,14,DVD,条件付き（再販/版元カテゴリ）,ルートカテゴリ=DVD,未判定,JAN45/49／manufacturer日本語／メーカー名日本語,なし,あり,（最速配達）Shop　Cepure オンライン支店 / ■■■■ざうるす通販部■■■■ / QueenRecords オンラインショップ,5,6,6,4003,B017KJGC7S,おいしい葡萄の旅ライブ -at DOME&日本武道館- (DVD完全生産限定盤),https://www.amazon.co.jp/dp/B017KJGC7S,https://www.google.com/search?q=%E3%83%93%E3%82%AF%E3%82%BF%E3%83%BC%E3%82%A8%E3%83%B3%E3%82%BF%E3%83%86%E3%82%A4%E3%83%B3%E3%83%A1%E3%83%B3%E3%83%88%20%E4%BC%9A%E7%A4%BE%E6%A6%82%E8%A6%81%20%E5%95%8F%E3%81%84%E5%90%88%E3%82%8F%E3%81%9B%20%E5%8D%B8
Paramount,12,DVD,条件付き（再販/版元カテゴリ）,ルートカテゴリ=DVD,未判定,なし,なし,あり,FTOオンラインストア本店 / 湘南ブックス【適格請求書発行事業者】 / ole（オレ）,3,4,4,3833,6300214419,Falling in Love,https://www.amazon.co.jp/dp/6300214419,https://www.google.com/search?q=Paramount%20%E4%BC%9A%E7%A4%BE%E6%A6%82%E8%A6%81%20%E5%95%8F%E3%81%84%E5%90%88%E3%82%8F%E3%81%9B%20%E5%8D%B8
ジェイストーム,12,DVD,条件付き（再販/版元カテゴリ）,ルートカテゴリ=DVD,未判定,JAN45/49／manufacturer日本語／メーカー名日本語,なし,あり,リル書房 / 【商品写真あり】緋色良品本舗 / サンパチ堂,4,5,5,1893,B07SJDMD9T,5×20 All the BEST!! 1999-2019 (初回限定盤2) (4CD+1DVD-B) (予約追加生産分,https://www.amazon.co.jp/dp/B07SJDMD9T,https://www.google.com/search?q=%E3%82%B8%E3%82%A7%E3%82%A4%E3%82%B9%E3%83%88%E3%83%BC%E3%83%A0%20%E4%BC%9A%E7%A4%BE%E6%A6%82%E8%A6%81%20%E5%95%8F%E3%81%84%E5%90%88%E3%82%8F%E3%81%9B%20%E5%8D%B8
宝島社,12,本,条件付き（再販/版元カテゴリ）,ルートカテゴリ=本,未判定,JAN45/49／manufacturer日本語／メーカー名日本語,なし,あり,京都 大垣書店プラス / 平惣書店オンラインショップ川内店 / 綿雨書店※[最も早いお届け日]はお急ぎ便で注文の場合です※,6,6,6,1081,429906013X,ちいかわ折りたたみテーブル BOOK (宝島社ブランドムック),https://www.amazon.co.jp/dp/429906013X,https://www.google.com/search?q=%E5%AE%9D%E5%B3%B6%E7%A4%BE%20%E4%BC%9A%E7%A4%BE%E6%A6%82%E8%A6%81%20%E5%95%8F%E3%81%84%E5%90%88%E3%82%8F%E3%81%9B%20%E5%8D%B8
ワーナー・ブラザース・ホームエンターテイメント,11,DVD,条件付き（再販/版元カテゴリ）,ルートカテゴリ=DVD,未判定,JAN45/49／manufacturer日本語／メーカー名日本語,なし,あり,オンラインレコード兵庫店 年中無休２４時間営業中 / ビビッドメディアストア / ホビー通販～未来屋～,3,4,4,3378,B0CX8SJHPM,(初回限定生産)アクアマン/失われた王国 (4K ULTRA HD&ブルーレイセット) スチールブック仕様 (2枚組/ブ,https://www.amazon.co.jp/dp/B0CX8SJHPM,https://www.google.com/search?q=%E3%83%AF%E3%83%BC%E3%83%8A%E3%83%BC%E3%83%BB%E3%83%96%E3%83%A9%E3%82%B6%E3%83%BC%E3%82%B9%E3%83%BB%E3%83%9B%E3%83%BC%E3%83%A0%E3%82%A8%E3%83%B3%E3%82%BF%E3%83%BC%E3%83%86%E3%82%A4%E3%83%A1%E3%83%B3%E3%83%88%20%E4%BC%9A%E7%A4%BE%E6%A6%82%E8%A6%81%20%E5%95%8F%E3%81%84%E5%90%88%E3%82%8F%E3%81%9B%20%E5%8D%B8
ワーナーミュージック・ジャパン,10,ミュージック,条件付き（再販/版元カテゴリ）,ルートカテゴリ=ミュージック,未判定,JAN45/49／manufacturer日本語／メーカー名日本語,なし,あり,インフォームショップ【インボイス対応】 / （最速配達）Shop　Cepure オンライン支店 / オフィスユウ,3,3,3,2623,B000NY1EOY,Denim(初回限定盤),https://www.amazon.co.jp/dp/B000NY1EOY,https://www.google.com/search?q=%E3%83%AF%E3%83%BC%E3%83%8A%E3%83%BC%E3%83%9F%E3%83%A5%E3%83%BC%E3%82%B8%E3%83%83%E3%82%AF%E3%83%BB%E3%82%B8%E3%83%A3%E3%83%91%E3%83%B3%20%E4%BC%9A%E7%A4%BE%E6%A6%82%E8%A6%81%20%E5%95%8F%E3%81%84%E5%90%88%E3%82%8F%E3%81%9B%20%E5%8D%B8
Bloomsbury,9,洋書,条件付き（再販/版元カテゴリ）,ルートカテゴリ=洋書,未判定,なし,なし,あり,★英国の販売代理店★ / ミスクショップ,2,5,5,5208,1408882272,Harry Potter and the Goblet of Fire,https://www.amazon.co.jp/dp/1408882272,https://www.google.com/search?q=Bloomsbury%20%E4%BC%9A%E7%A4%BE%E6%A6%82%E8%A6%81%20%E5%95%8F%E3%81%84%E5%90%88%E3%82%8F%E3%81%9B%20%E5%8D%B8
NBCユニバーサル・エンターテイメントジャパン,7,DVD,条件付き（再販/版元カテゴリ）,ルートカテゴリ=DVD,未判定,JAN45/49／manufacturer日本語／メーカー名日本語,なし,あり,バンダレコードweb店 / エスネット ストアー / ビビッドメディアストア,3,5,5,3945,B01LTHL4P2,"MAMI KAWADA BEST “F""(初回限定盤CD×3+特典(CD×1/Blu-ray×3))",https://www.amazon.co.jp/dp/B01LTHL4P2,https://www.google.com/search?q=NBC%E3%83%A6%E3%83%8B%E3%83%90%E3%83%BC%E3%82%B5%E3%83%AB%E3%83%BB%E3%82%A8%E3%83%B3%E3%82%BF%E3%83%BC%E3%83%86%E3%82%A4%E3%83%A1%E3%83%B3%E3%83%88%E3%82%B8%E3%83%A3%E3%83%91%E3%83%B3%20%E4%BC%9A%E7%A4%BE%E6%A6%82%E8%A6%81%20%E5%95%8F%E3%81%84%E5%90%88%E3%82%8F%E3%81%9B%20%E5%8D%B8
SME,7,ミュージック,条件付き（再販/版元カテゴリ）,ルートカテゴリ=ミュージック,未判定,JAN45/49,なし,あり,Nally's shop (こちらをクリックするとその他の商品が見れます） / 夢工場 お宝マーケット / ヤナギ屋本店,5,6,6,1816,B089MR5Q7C,STRAY SHEEP (アートブック盤(Blu-ray)),https://www.amazon.co.jp/dp/B089MR5Q7C,https://www.google.com/search?q=SME%20%E4%BC%9A%E7%A4%BE%E6%A6%82%E8%A6%81%20%E5%95%8F%E3%81%84%E5%90%88%E3%82%8F%E3%81%9B%20%E5%8D%B8
Simon & Schuster,7,洋書,条件付き（再販/版元カテゴリ）,ルートカテゴリ=洋書,未判定,なし,なし,あり,★英国の販売代理店★ / ホロニックパス,2,7,7,2111,1439167346,How To Win Friends and Influence People,https://www.amazon.co.jp/dp/1439167346,https://www.google.com/search?q=Simon%20%26%20Schuster%20%E4%BC%9A%E7%A4%BE%E6%A6%82%E8%A6%81%20%E5%95%8F%E3%81%84%E5%90%88%E3%82%8F%E3%81%9B%20%E5%8D%B8
Sony,7,ゲーム,条件付き（再販/版元カテゴリ）,ルートカテゴリ=ゲーム,未判定,JAN45/49／manufacturer日本語,なし,あり,Aでんきストア / ジャストフィットWEB店（アマゾン支店） / 秋葉原の電気屋さんyoshiba direct【平日16時までの受注当日出荷目安】,3,5,5,4337,B0865VN34L,ソニー 純正 テレビリモコン RMF-TX410J,https://www.amazon.co.jp/dp/B0865VN34L,https://www.google.com/search?q=Sony%20%E4%BC%9A%E7%A4%BE%E6%A6%82%E8%A6%81%20%E5%95%8F%E3%81%84%E5%90%88%E3%82%8F%E3%81%9B%20%E5%8D%B8
バンダイビジュアル,7,DVD,条件付き（再販/版元カテゴリ）,ルートカテゴリ=DVD,未判定,JAN45/49／manufacturer日本語／メーカー名日本語,なし,あり,Beautiful Lifeショップ / オフィスユウ / コモセンス,5,6,6,8415,B000VPOV36,超時空要塞マクロス 愛・おぼえていますか HDリマスター版 メモリアルボックス (初回限定生産) [DVD],https://www.amazon.co.jp/dp/B000VPOV36,https://www.google.com/search?q=%E3%83%90%E3%83%B3%E3%83%80%E3%82%A4%E3%83%93%E3%82%B8%E3%83%A5%E3%82%A2%E3%83%AB%20%E4%BC%9A%E7%A4%BE%E6%A6%82%E8%A6%81%20%E5%95%8F%E3%81%84%E5%90%88%E3%82%8F%E3%81%9B%20%E5%8D%B8
KADOKAWA,6,本,条件付き（再販/版元カテゴリ）,ルートカテゴリ=本,未判定,JAN45/49,なし,あり,タウンズマート / いずみbooks / ブックマーケティング(ご注文確定前に表示の到着予定日をご確認下さい、ご注文後のキャンセルご遠慮下さい,3,6,6,1614,4044004331,合本俳句歳時記 第五版,https://www.amazon.co.jp/dp/4044004331,https://www.google.com/search?q=KADOKAWA%20%E4%BC%9A%E7%A4%BE%E6%A6%82%E8%A6%81%20%E5%95%8F%E3%81%84%E5%90%88%E3%82%8F%E3%81%9B%20%E5%8D%B8
Universal Pictures,6,DVD,条件付き（再販/版元カテゴリ）,ルートカテゴリ=DVD,未判定,なし,なし,あり,ひだまりShop,1,5,5,2513,B01I2BO5YA,"Lucy 4K, 2 UHD-Blu-ray",https://www.amazon.co.jp/dp/B01I2BO5YA,https://www.google.com/search?q=Universal%20Pictures%20%E4%BC%9A%E7%A4%BE%E6%A6%82%E8%A6%81%20%E5%95%8F%E3%81%84%E5%90%88%E3%82%8F%E3%81%9B%20%E5%8D%B8
Warner,6,DVD,条件付き（再販/版元カテゴリ）,ルートカテゴリ=DVD,未判定,なし,なし,あり,インポートショップ泉堂,1,5,5,4031,B08WV2XRNN,Batman v Superman: Dawn of Justice [Blu-ray],https://www.amazon.co.jp/dp/B08WV2XRNN,https://www.google.com/search?q=Warner%20%E4%BC%9A%E7%A4%BE%E6%A6%82%E8%A6%81%20%E5%95%8F%E3%81%84%E5%90%88%E3%82%8F%E3%81%9B%20%E5%8D%B8
コナミデジタルエンタテインメント(Konami Digital Entertainment),6,ゲーム,条件付き（再販/版元カテゴリ）,ルートカテゴリ=ゲーム,未判定,JAN45/49／manufacturer日本語／メーカー名日本語,なし,あり,やしがにストア / ＠タフコーポレーション　「コンディション説明欄をご確認の上ご注文ください」 / RT STORE [迅速配達] インボイス発行事業者,5,5,5,3353,B0C89TNCZB,SW版 METAL GEAR SOLID: MASTER COLLECTION Vol.1,https://www.amazon.co.jp/dp/B0C89TNCZB,https://www.google.com/search?q=%E3%82%B3%E3%83%8A%E3%83%9F%E3%83%87%E3%82%B8%E3%82%BF%E3%83%AB%E3%82%A8%E3%83%B3%E3%82%BF%E3%83%86%E3%82%A4%E3%83%B3%E3%83%A1%E3%83%B3%E3%83%88%28Konami%20Digital%20Entertainment%29%20%E4%BC%9A%E7%A4%BE%E6%A6%82%E8%A6%81%20%E5%95%8F%E3%81%84%E5%90%88%E3%82%8F%E3%81%9B%20%E5%8D%B8
KT,5,ゲーム,条件付き（再販/版元カテゴリ）,ルートカテゴリ=ゲーム,未判定,JAN45/49／manufacturer日本語,なし,あり,カーソンズマート　オンライン / イーシーショップ / ごっぱれ【適格請求書発行事業者】,3,6,6,5323,B07Q2ZSKFQ,進撃の巨人2 -Final Battle-,https://www.amazon.co.jp/dp/B07Q2ZSKFQ,https://www.google.com/search?q=KT%20%E4%BC%9A%E7%A4%BE%E6%A6%82%E8%A6%81%20%E5%95%8F%E3%81%84%E5%90%88%E3%82%8F%E3%81%9B%20%E5%8D%B8
Listening Library,5,洋書,条件付き（再販/版元カテゴリ）,ルートカテゴリ=洋書,未判定,なし,なし,あり,★英国の販売代理店★,1,4,4,3313,0807282324,Harry Potter and the Prisoner of Azkaban,https://www.amazon.co.jp/dp/0807282324,https://www.google.com/search?q=Listening%20Library%20%E4%BC%9A%E7%A4%BE%E6%A6%82%E8%A6%81%20%E5%95%8F%E3%81%84%E5%90%88%E3%82%8F%E3%81%9B%20%E5%8D%B8
Mobile Fidelity Sound Lab,5,ミュージック,条件付き（再販/版元カテゴリ）,ルートカテゴリ=ミュージック,未判定,なし,なし,あり,★英国の販売代理店★,1,2,2,4471,B00QCDJKYG,Brothers in Arms -Hq/Ltd- [Analog],https://www.amazon.co.jp/dp/B00QCDJKYG,https://www.google.com/search?q=Mobile%20Fidelity%20Sound%20Lab%20%E4%BC%9A%E7%A4%BE%E6%A6%82%E8%A6%81%20%E5%95%8F%E3%81%84%E5%90%88%E3%82%8F%E3%81%9B%20%E5%8D%B8
SBクリエイティブ,5,本,条件付き（再販/版元カテゴリ）,ルートカテゴリ=本,未判定,manufacturer日本語／メーカー名日本語,なし,あり,星輝（ライト）本店 / いい物いっぱい！名古屋本店 / ✅期間限定!全商品アマゾンポイント還元中!! ✅ファミコントップ✅English Support,4,5,5,2953,4815622884,令和版 Oh!X,https://www.amazon.co.jp/dp/4815622884,https://www.google.com/search?q=SB%E3%82%AF%E3%83%AA%E3%82%A8%E3%82%A4%E3%83%86%E3%82%A3%E3%83%96%20%E4%BC%9A%E7%A4%BE%E6%A6%82%E8%A6%81%20%E5%95%8F%E3%81%84%E5%90%88%E3%82%8F%E3%81%9B%20%E5%8D%B8
トイズファクトリー,5,ミュージック,条件付き（再販/版元カテゴリ）,ルートカテゴリ=ミュージック,未判定,JAN45/49／manufacturer日本語／メーカー名日本語,なし,あり,ノハナmarket☆インボイス適格請求書発行事業者 / ★am store★ご購入前に店舗名をクリックし「出品者について」をお読みください / ブックマーケティング(ご注文確定前に表示の到着予定日をご確認下さい、ご注文後のキャンセルご遠慮下さい,3,4,4,3289,B0D2CQWZ2S,Iris (初回生産限定盤) - BUMP OF CHICKEN,https://www.amazon.co.jp/dp/B0D2CQWZ2S,https://www.google.com/search?q=%E3%83%88%E3%82%A4%E3%82%BA%E3%83%95%E3%82%A1%E3%82%AF%E3%83%88%E3%83%AA%E3%83%BC%20%E4%BC%9A%E7%A4%BE%E6%A6%82%E8%A6%81%20%E5%95%8F%E3%81%84%E5%90%88%E3%82%8F%E3%81%9B%20%E5%8D%B8
小学館,5,本,条件付き（再販/版元カテゴリ）,ルートカテゴリ=本,未判定,JAN45/49／manufacturer日本語／メーカー名日本語,なし,あり,AK89オンラインショップ / KMG【インボイス対応/適格事業者】 / ショップＪＩＮＢＥＩ本店【すり替え・模造品対策店舗 】,4,5,5,8365,B0FXKJM929,美的スペシャル１月号増刊,https://www.amazon.co.jp/dp/B0FXKJM929,https://www.google.com/search?q=%E5%B0%8F%E5%AD%A6%E9%A4%A8%20%E4%BC%9A%E7%A4%BE%E6%A6%82%E8%A6%81%20%E5%95%8F%E3%81%84%E5%90%88%E3%82%8F%E3%81%9B%20%E5%8D%B8
Capitol,4,DVD,条件付き（再販/版元カテゴリ）,ルートカテゴリ=DVD,未判定,JAN45/49,なし,あり,リル書房 / ブックマーケティング(ご注文確定前に表示の到着予定日をご確認下さい、ご注文後のキャンセルご遠慮下さい / ホビー通販～未来屋～,3,4,4,5665,B0D7ZV5JRW,Travis Japan Concert Tour 2024 “Road to Authenticity“ (初回盤)(,https://www.amazon.co.jp/dp/B0D7ZV5JRW,https://www.google.com/search?q=Capitol%20%E4%BC%9A%E7%A4%BE%E6%A6%82%E8%A6%81%20%E5%95%8F%E3%81%84%E5%90%88%E3%82%8F%E3%81%9B%20%E5%8D%B8
Gakken,4,本,条件付き（再販/版元カテゴリ）,ルートカテゴリ=本,未判定,manufacturer日本語,なし,あり,ノースサプライ / タウンズマート / ブックマーケティング(ご注文確定前に表示の到着予定日をご確認下さい、ご注文後のキャンセルご遠慮下さい,4,5,5,806,4057508848,学研の科学 ときめく実験鉱物と岩石標本: 世界とつながるほんもの体験キット,https://www.amazon.co.jp/dp/4057508848,https://www.google.com/search?q=Gakken%20%E4%BC%9A%E7%A4%BE%E6%A6%82%E8%A6%81%20%E5%95%8F%E3%81%84%E5%90%88%E3%82%8F%E3%81%9B%20%E5%8D%B8
Happinet,4,DVD,条件付き（再販/版元カテゴリ）,ルートカテゴリ=DVD,未判定,JAN45/49／manufacturer日本語,なし,あり,ブックマーケティング(ご注文確定前に表示の到着予定日をご確認下さい、ご注文後のキャンセルご遠慮下さい / Dショップオンライン / 【売り切りセール中】きたさんショップ,3,4,4,3939,B0FHGTWK9Q,ゲームセンターCX　DVD-BOX22　初回限定特別版 [DVD],https://www.amazon.co.jp/dp/B0FHGTWK9Q,https://www.google.com/search?q=Happinet%20%E4%BC%9A%E7%A4%BE%E6%A6%82%E8%A6%81%20%E5%95%8F%E3%81%84%E5%90%88%E3%82%8F%E3%81%9B%20%E5%8D%B8
King Records,4,DVD,条件付き（再販/版元カテゴリ）,ルートカテゴリ=DVD,未判定,JAN45/49／manufacturer日本語,なし,あり,NPNMN web shop （こちらからその他の商品もご覧いただけます） / 株式会社D-come / ステップREIKODO 八千代店,3,5,5,2305,B00007KKUI,パピヨン-製作30周年記念特別版- [DVD],https://www.amazon.co.jp/dp/B00007KKUI,https://www.google.com/search?q=King%20Records%20%E4%BC%9A%E7%A4%BE%E6%A6%82%E8%A6%81%20%E5%95%8F%E3%81%84%E5%90%88%E3%82%8F%E3%81%9B%20%E5%8D%B8
Paramount Home Entertainment,4,DVD,条件付き（再販/版元カテゴリ）,ルートカテゴリ=DVD,未判定,なし,なし,あり,インポートショップ泉堂,1,2,2,5236,B00N1VJQ32,Indiana Jones and the Last Crusade - Zavvi Exclusive Limited,https://www.amazon.co.jp/dp/B00N1VJQ32,https://www.google.com/search?q=Paramount%20Home%20Entertainment%20%E4%BC%9A%E7%A4%BE%E6%A6%82%E8%A6%81%20%E5%95%8F%E3%81%84%E5%90%88%E3%82%8F%E3%81%9B%20%E5%8D%B8
Penguin,4,洋書,条件付き（再販/版元カテゴリ）,ルートカテゴリ=洋書,未判定,なし,なし,なし,,0,2,2,1931,140199413X,The Let Them Theory,https://www.amazon.co.jp/dp/140199413X,https://www.google.com/search?q=Penguin%20%E4%BC%9A%E7%A4%BE%E6%A6%82%E8%A6%81%20%E5%95%8F%E3%81%84%E5%90%88%E3%82%8F%E3%81%9B%20%E5%8D%B8
Turtleback,4,洋書,条件付き（再販/版元カテゴリ）,ルートカテゴリ=洋書,未判定,なし,なし,あり,★英国の販売代理店★,1,6,6,3624,0613872975,Holes,https://www.amazon.co.jp/dp/0613872975,https://www.google.com/search?q=Turtleback%20%E4%BC%9A%E7%A4%BE%E6%A6%82%E8%A6%81%20%E5%95%8F%E3%81%84%E5%90%88%E3%82%8F%E3%81%9B%20%E5%8D%B8
Zach Top,4,ミュージック,条件付き（再販/版元カテゴリ）,ルートカテゴリ=ミュージック,未判定,JAN45/49,なし,あり,HMV_record_shop_コピス吉祥寺 / ブックマーケティング(ご注文確定前に表示の到着予定日をご確認下さい、ご注文後のキャンセルご遠慮下さい / ビビッドメディアストア,3,6,6,3667,B0DDWXN1TM,Modal Soul,https://www.amazon.co.jp/dp/B0DDWXN1TM,https://www.google.com/search?q=Zach%20Top%20%E4%BC%9A%E7%A4%BE%E6%A6%82%E8%A6%81%20%E5%95%8F%E3%81%84%E5%90%88%E3%82%8F%E3%81%9B%20%E5%8D%B8
カプコン(CAPCOM),4,ゲーム,条件付き（再販/版元カテゴリ）,ルートカテゴリ=ゲーム,未判定,JAN45/49／manufacturer日本語／メーカー名日本語,なし,あり,【売り切りセール中】きたさんショップ / レナスカンパニー,2,2,2,3657,B0FY4QGRYT,バイオハザード レクイエム デラックスエディション【早期購入特典】グレース コスチューム「APOCALYPSE」が入手で,https://www.amazon.co.jp/dp/B0FY4QGRYT,https://www.google.com/search?q=%E3%82%AB%E3%83%97%E3%82%B3%E3%83%B3%28CAPCOM%29%20%E4%BC%9A%E7%A4%BE%E6%A6%82%E8%A6%81%20%E5%95%8F%E3%81%84%E5%90%88%E3%82%8F%E3%81%9B%20%E5%8D%B8
バンプレスト,4,ゲーム,条件付き（再販/版元カテゴリ）,ルートカテゴリ=ゲーム,未判定,JAN45/49／manufacturer日本語／メーカー名日本語,なし,あり,買取Re：IKODO ネットで買取受付中！ / クイックプラス / メディアランド JOGO,3,3,3,2490,B000NRPJ2E,スーパーロボット大戦W(特典無し),https://www.amazon.co.jp/dp/B000NRPJ2E,https://www.google.com/search?q=%E3%83%90%E3%83%B3%E3%83%97%E3%83%AC%E3%82%B9%E3%83%88%20%E4%BC%9A%E7%A4%BE%E6%A6%82%E8%A6%81%20%E5%95%8F%E3%81%84%E5%90%88%E3%82%8F%E3%81%9B%20%E5%8D%B8
マイクロソフト,4,ゲーム,条件付き（再販/版元カテゴリ）,ルートカテゴリ=ゲーム,未判定,JAN45/49／manufacturer日本語／メーカー名日本語,なし,あり,【適格請求書発行事業者】AI電気 / Nkzrストア,2,2,2,4612,B0FCRL29CW,NINJA GAIDEN 4 Deluxe Edition -PS5 【特典】リュウ用スキン「トラディショナルダークブル,https://www.amazon.co.jp/dp/B0FCRL29CW,https://www.google.com/search?q=%E3%83%9E%E3%82%A4%E3%82%AF%E3%83%AD%E3%82%BD%E3%83%95%E3%83%88%20%E4%BC%9A%E7%A4%BE%E6%A6%82%E8%A6%81%20%E5%95%8F%E3%81%84%E5%90%88%E3%82%8F%E3%81%9B%20%E5%8D%B8
レベルファイブ,4,ゲーム,条件付き（再販/版元カテゴリ）,ルートカテゴリ=ゲーム,未判定,JAN45/49／manufacturer日本語／メーカー名日本語,なし,あり,あす着年中無休16時迄ご注文分即日出荷翌日お届け（北海道北東北沖縄県は翌々日）自社出荷プロエフ / A'Sストア☆インボイス適格請求書発行対応/ / キューブオンラインストア(インボイス対応）,5,6,6,2214,B007UYAKR2,ダンボール戦機 爆ブースト - 3DS,https://www.amazon.co.jp/dp/B007UYAKR2,https://www.google.com/search?q=%E3%83%AC%E3%83%99%E3%83%AB%E3%83%95%E3%82%A1%E3%82%A4%E3%83%96%20%E4%BC%9A%E7%A4%BE%E6%A6%82%E8%A6%81%20%E5%95%8F%E3%81%84%E5%90%88%E3%82%8F%E3%81%9B%20%E5%8D%B8
東宝,4,DVD,条件付き（再販/版元カテゴリ）,ルートカテゴリ=DVD,未判定,JAN45/49／manufacturer日本語／メーカー名日本語,なし,あり,Ones WORLD【感謝を込めて迅速配送〜インボイス登録済み】 / ビビッドメディアストア / ホビー通販～未来屋～,3,5,5,5318,B0953BL3RC,ゴジラ S.P<シンギュラポイント> Vol.1 Blu-ray 完全数量限定版(スペシャル同梱特典:「ムービーモンスタ,https://www.amazon.co.jp/dp/B0953BL3RC,https://www.google.com/search?q=%E6%9D%B1%E5%AE%9D%20%E4%BC%9A%E7%A4%BE%E6%A6%82%E8%A6%81%20%E5%95%8F%E3%81%84%E5%90%88%E3%82%8F%E3%81%9B%20%E5%8D%B8
集英社,4,本,条件付き（再販/版元カテゴリ）,ルートカテゴリ=本,未判定,manufacturer日本語／メーカー名日本語,なし,あり,廣文館オンライン / 京都 大垣書店プラス / 大垣書店オンライン高槻,5,6,6,466,B00B47B54I,DEATH NOTE コミック 全12巻完結+13巻セット (ジャンプ・コミックス),https://www.amazon.co.jp/dp/B00B47B54I,https://www.google.com/search?q=%E9%9B%86%E8%8B%B1%E7%A4%BE%20%E4%BC%9A%E7%A4%BE%E6%A6%82%E8%A6%81%20%E5%95%8F%E3%81%84%E5%90%88%E3%82%8F%E3%81%9B%20%E5%8D%B8
Arrow Video,3,DVD,条件付き（再販/版元カテゴリ）,ルートカテゴリ=DVD,未判定,なし,なし,あり,フルフィルメント エクスプレス / インポートショップ泉堂,2,3,3,2571,B07Q4QS98Q,The Andromeda Strain [Blu-ray],https://www.amazon.co.jp/dp/B07Q4QS98Q,https://www.google.com/search?q=Arrow%20Video%20%E4%BC%9A%E7%A4%BE%E6%A6%82%E8%A6%81%20%E5%95%8F%E3%81%84%E5%90%88%E3%82%8F%E3%81%9B%20%E5%8D%B8
Brook,3,ゲーム,条件付き（再販/版元カテゴリ）,ルートカテゴリ=ゲーム,未判定,JAN45/49,なし,あり,Lotus Store(ロータスストア） / リトルフィールド,2,3,4,4305,B0BV2FW229,Brook Wingman XE2 ウィングマンコンバーターXE2 PS4/PS3/NS/NS2ゲーム機に対応 PS5/,https://www.amazon.co.jp/dp/B0BV2FW229,https://www.google.com/search?q=Brook%20%E4%BC%9A%E7%A4%BE%E6%A6%82%E8%A6%81%20%E5%95%8F%E3%81%84%E5%90%88%E3%82%8F%E3%81%9B%20%E5%8D%B8
Crimson,3,ミュージック,条件付き（再販/版元カテゴリ）,ルートカテゴリ=ミュージック,未判定,JAN45/49／manufacturer日本語,なし,あり,エスネット ストアー / ☆すり替え犯罪対策店☆グリーン・フェアリー / ブックマーケティング(ご注文確定前に表示の到着予定日をご確認下さい、ご注文後のキャンセルご遠慮下さい,4,4,4,3778,B076DZQJHZ,DINOSAUR (初回限定盤)(Blu-ray付),https://www.amazon.co.jp/dp/B076DZQJHZ,https://www.google.com/search?q=Crimson%20%E4%BC%9A%E7%A4%BE%E6%A6%82%E8%A6%81%20%E5%95%8F%E3%81%84%E5%90%88%E3%82%8F%E3%81%9B%20%E5%8D%B8
ERJ,3,ミュージック,条件付き（再販/版元カテゴリ）,ルートカテゴリ=ミュージック,未判定,JAN45/49,なし,あり,★am store★ご購入前に店舗名をクリックし「出品者について」をお読みください / Kinki Audio since 1968 (適格請求書発行店) / Web shop はるき,3,6,6,3420,B09MZ779C4,Actor (初回生産限定盤),https://www.amazon.co.jp/dp/B09MZ779C4,https://www.google.com/search?q=ERJ%20%E4%BC%9A%E7%A4%BE%E6%A6%82%E8%A6%81%20%E5%95%8F%E3%81%84%E5%90%88%E3%82%8F%E3%81%9B%20%E5%8D%B8
Import,3,ミュージック,条件付き（再販/版元カテゴリ）,ルートカテゴリ=ミュージック,未判定,なし,なし,あり,★英国の販売代理店★,1,4,4,2638,B00IF3R4D0,What's Going On (LP) (Ltd) (Re-Press) [Analog],https://www.amazon.co.jp/dp/B00IF3R4D0,https://www.google.com/search?q=Import%20%E4%BC%9A%E7%A4%BE%E6%A6%82%E8%A6%81%20%E5%95%8F%E3%81%84%E5%90%88%E3%82%8F%E3%81%9B%20%E5%8D%B8
Johnny & Associates,3,DVD,条件付き（再販/版元カテゴリ）,ルートカテゴリ=DVD,未判定,JAN45/49,なし,あり,【商品写真あり】緋色良品本舗 / ワイ・ティーメディアセンター本店,2,3,3,5238,B09VGTTX9N,【メーカー特典あり】Snow Man LIVE TOUR 2021 Mania(DVD4枚組)(初回盤)(外付け特典A付,https://www.amazon.co.jp/dp/B09VGTTX9N,https://www.google.com/search?q=Johnny%20%26%20Associates%20%E4%BC%9A%E7%A4%BE%E6%A6%82%E8%A6%81%20%E5%95%8F%E3%81%84%E5%90%88%E3%82%8F%E3%81%9B%20%E5%8D%B8
Motowolf,3,DVD,条件付き（再販/版元カテゴリ）,ルートカテゴリ=DVD,未判定,JAN45/49／manufacturer日本語,なし,あり,★am store★ご購入前に店舗名をクリックし「出品者について」をお読みください / 東京エムケイセンター本店 / ブックマーケティング(ご注文確定前に表示の到着予定日をご確認下さい、ご注文後のキャンセルご遠慮下さい,4,4,4,5078,B07YWQ9F7C,"LIVE TOUR 2019 “キミは見てくれが悪いんだから、アホ丸出しでマイクを握ってろ!!"" だと!? ふざけるな!",https://www.amazon.co.jp/dp/B07YWQ9F7C,https://www.google.com/search?q=Motowolf%20%E4%BC%9A%E7%A4%BE%E6%A6%82%E8%A6%81%20%E5%95%8F%E3%81%84%E5%90%88%E3%82%8F%E3%81%9B%20%E5%8D%B8
NBCユニバーサル・エンターテイメントジャパン(LAQ),3,DVD,条件付き（再販/版元カテゴリ）,ルートカテゴリ=DVD,未判定,JAN45/49／メーカー名日本語,なし,あり,オフィスユウ / コモセンス / ★★★CD＆DVD専門店　オックスフォードステーション『配送料金は全国一律（無料）です』★★★,4,4,4,10284,B01LTHKLV0,DRIFTERS Blu-ray BOX(特装限定生産),https://www.amazon.co.jp/dp/B01LTHKLV0,https://www.google.com/search?q=NBC%E3%83%A6%E3%83%8B%E3%83%90%E3%83%BC%E3%82%B5%E3%83%AB%E3%83%BB%E3%82%A8%E3%83%B3%E3%82%BF%E3%83%BC%E3%83%86%E3%82%A4%E3%83%A1%E3%83%B3%E3%83%88%E3%82%B8%E3%83%A3%E3%83%91%E3%83%B3%28LAQ%29%20%E4%BC%9A%E7%A4%BE%E6%A6%82%E8%A6%81%20%E5%95%8F%E3%81%84%E5%90%88%E3%82%8F%E3%81%9B%20%E5%8D%B8
Perfection Learning,3,洋書,条件付き（再販/版元カテゴリ）,ルートカテゴリ=洋書,未判定,なし,なし,あり,★英国の販売代理店★,1,5,5,3636,0756958482,The Curious Incident of the Dog in the Night-Time (Vintage C,https://www.amazon.co.jp/dp/0756958482,https://www.google.com/search?q=Perfection%20Learning%20%E4%BC%9A%E7%A4%BE%E6%A6%82%E8%A6%81%20%E5%95%8F%E3%81%84%E5%90%88%E3%82%8F%E3%81%9B%20%E5%8D%B8
Random House Books for Young Readers,3,洋書,条件付き（再販/版元カテゴリ）,ルートカテゴリ=洋書,未判定,なし,なし,なし,,0,2,2,3170,1984845543,Who Moved My Cheese?: An A-Mazing Way to Deal with Change in,https://www.amazon.co.jp/dp/1984845543,https://www.google.com/search?q=Random%20House%20Books%20for%20Young%20Readers%20%E4%BC%9A%E7%A4%BE%E6%A6%82%E8%A6%81%20%E5%95%8F%E3%81%84%E5%90%88%E3%82%8F%E3%81%9B%20%E5%8D%B8
Rhino,3,ミュージック,条件付き（再販/版元カテゴリ）,ルートカテゴリ=ミュージック,未判定,なし,なし,あり,ブックマーケティング(ご注文確定前に表示の到着予定日をご確認下さい、ご注文後のキャンセルご遠慮下さい / ビビッドメディアストア,2,5,5,4892,B076BWHMDP,HOTEL CALIFORNIA (DELUXE EDITION) [2CD+BLURAY] (40TH ANNIVER,https://www.amazon.co.jp/dp/B076BWHMDP,https://www.google.com/search?q=Rhino%20%E4%BC%9A%E7%A4%BE%E6%A6%82%E8%A6%81%20%E5%95%8F%E3%81%84%E5%90%88%E3%82%8F%E3%81%9B%20%E5%8D%B8
Rhythm Zone,3,ミュージック,条件付き（再販/版元カテゴリ）,ルートカテゴリ=ミュージック,未判定,JAN45/49,なし,あり,バンダレコードweb店 / エスネット ストアー / ブックマーケティング(ご注文確定前に表示の到着予定日をご確認下さい、ご注文後のキャンセルご遠慮下さい,4,5,5,4757,B09TBKLLT5,ONE(CD3枚組+DVD5枚組)(初回生産限定盤),https://www.amazon.co.jp/dp/B09TBKLLT5,https://www.google.com/search?q=Rhythm%20Zone%20%E4%BC%9A%E7%A4%BE%E6%A6%82%E8%A6%81%20%E5%95%8F%E3%81%84%E5%90%88%E3%82%8F%E3%81%9B%20%E5%8D%B8
SACRA MUSIC,3,ミュージック,条件付き（再販/版元カテゴリ）,ルートカテゴリ=ミュージック,未判定,JAN45/49,なし,あり,★am store★ご購入前に店舗名をクリックし「出品者について」をお読みください / ディスク本舗 web店【年中無休、インボイス制度対応】 / ブックマーケティング(ご注文確定前に表示の到着予定日をご確認下さい、ご注文後のキャンセルご遠慮下さい,4,4,4,4977,B07735D31V,"GREATEST HITS 2011-2017“ALTER EGO""(初回生産限定盤A)(Blu-ray Disc付)",https://www.amazon.co.jp/dp/B07735D31V,https://www.google.com/search?q=SACRA%20MUSIC%20%E4%BC%9A%E7%A4%BE%E6%A6%82%E8%A6%81%20%E5%95%8F%E3%81%84%E5%90%88%E3%82%8F%E3%81%9B%20%E5%8D%B8
The Beatles,3,ミュージック,条件付き（再販/版元カテゴリ）,ルートカテゴリ=ミュージック,未判定,なし,なし,あり,ブックマーケティング(ご注文確定前に表示の到着予定日をご確認下さい、ご注文後のキャンセルご遠慮下さい / インポートショップ泉堂,2,4,4,1347,B0041KVZ0Y,Rubber Soul,https://www.amazon.co.jp/dp/B0041KVZ0Y,https://www.google.com/search?q=The%20Beatles%20%E4%BC%9A%E7%A4%BE%E6%A6%82%E8%A6%81%20%E5%95%8F%E3%81%84%E5%90%88%E3%82%8F%E3%81%9B%20%E5%8D%B8
Xl Recordings,3,ミュージック,条件付き（再販/版元カテゴリ）,ルートカテゴリ=ミュージック,未判定,なし,なし,あり,★英国の販売代理店★,1,6,6,2554,B08P8QKG92,25 [Analog],https://www.amazon.co.jp/dp/B08P8QKG92,https://www.google.com/search?q=Xl%20Recordings%20%E4%BC%9A%E7%A4%BE%E6%A6%82%E8%A6%81%20%E5%95%8F%E3%81%84%E5%90%88%E3%82%8F%E3%81%9B%20%E5%8D%B8
avex trax,3,DVD,条件付き（再販/版元カテゴリ）,ルートカテゴリ=DVD,未判定,JAN45/49,なし,あり,ブックマーケティング(ご注文確定前に表示の到着予定日をご確認下さい、ご注文後のキャンセルご遠慮下さい,1,3,3,5948,B09VXLPN82,AAA DOME TOUR 15th ANNIVERSARY -thanx AAA lot-(DVD4枚組)(特殊商品),https://www.amazon.co.jp/dp/B09VXLPN82,https://www.google.com/search?q=avex%20trax%20%E4%BC%9A%E7%A4%BE%E6%A6%82%E8%A6%81%20%E5%95%8F%E3%81%84%E5%90%88%E3%82%8F%E3%81%9B%20%E5%8D%B8
アリオラジャパン,3,ミュージック,条件付き（再販/版元カテゴリ）,ルートカテゴリ=ミュージック,未判定,JAN45/49／manufacturer日本語／メーカー名日本語,なし,あり,BOOKいち・にっ・さん 迅速丁寧に年中無休で発送中 / ブックマーケティング(ご注文確定前に表示の到着予定日をご確認下さい、ご注文後のキャンセルご遠慮下さい / ミタマ屋,3,5,5,3217,B09LYFXXHK,壱 (初回生産限定盤C) (CD+BD、YUURI透明文字抜きスリーブケース+3面デジパック豪華仕様),https://www.amazon.co.jp/dp/B09LYFXXHK,https://www.google.com/search?q=%E3%82%A2%E3%83%AA%E3%82%AA%E3%83%A9%E3%82%B8%E3%83%A3%E3%83%91%E3%83%B3%20%E4%BC%9A%E7%A4%BE%E6%A6%82%E8%A6%81%20%E5%95%8F%E3%81%84%E5%90%88%E3%82%8F%E3%81%9B%20%E5%8D%B8
スパイク・チュンソフト,3,ゲーム,条件付き（再販/版元カテゴリ）,ルートカテゴリ=ゲーム,未判定,JAN45/49／manufacturer日本語／メーカー名日本語,なし,あり,モモタネット / 志希カンパニー / ブックマーケティング(ご注文確定前に表示の到着予定日をご確認下さい、ご注文後のキャンセルご遠慮下さい,3,4,4,1964,B0BMVCTFT9,ウィッチャー３ ワイルドハント コンプリートエディション -PS5,https://www.amazon.co.jp/dp/B0BMVCTFT9,https://www.google.com/search?q=%E3%82%B9%E3%83%91%E3%82%A4%E3%82%AF%E3%83%BB%E3%83%81%E3%83%A5%E3%83%B3%E3%82%BD%E3%83%95%E3%83%88%20%E4%BC%9A%E7%A4%BE%E6%A6%82%E8%A6%81%20%E5%95%8F%E3%81%84%E5%90%88%E3%82%8F%E3%81%9B%20%E5%8D%B8
バップ,3,DVD,条件付き（再販/版元カテゴリ）,ルートカテゴリ=DVD,未判定,JAN45/49／manufacturer日本語／メーカー名日本語,なし,あり,jspeed株式会社 / 古田商店【迅速出荷致します】 / セレクトストアASA,3,3,3,3590,B001GC15EG,ルパン三世「カリオストロの城」 [Blu-ray],https://www.amazon.co.jp/dp/B001GC15EG,https://www.google.com/search?q=%E3%83%90%E3%83%83%E3%83%97%20%E4%BC%9A%E7%A4%BE%E6%A6%82%E8%A6%81%20%E5%95%8F%E3%81%84%E5%90%88%E3%82%8F%E3%81%9B%20%E5%8D%B8
パラマウント,3,DVD,条件付き（再販/版元カテゴリ）,ルートカテゴリ=DVD,未判定,JAN45/49／manufacturer日本語／メーカー名日本語,なし,あり,ECJOY！ブックス [適格請求書発行事業者登録済] / エスネット ストアー / ときめき ライフ,3,3,3,4593,B075MM95TM,トランスフォーマー/リベンジ (4K ULTRA HD + Blu-rayセット) [4K ULTRA HD + Blu,https://www.amazon.co.jp/dp/B075MM95TM,https://www.google.com/search?q=%E3%83%91%E3%83%A9%E3%83%9E%E3%82%A6%E3%83%B3%E3%83%88%20%E4%BC%9A%E7%A4%BE%E6%A6%82%E8%A6%81%20%E5%95%8F%E3%81%84%E5%90%88%E3%82%8F%E3%81%9B%20%E5%8D%B8
ホリ,3,ゲーム,条件付き（再販/版元カテゴリ）,ルートカテゴリ=ゲーム,未判定,JAN45/49／manufacturer日本語／メーカー名日本語,なし,あり,株式会社ホリ / パソコン工房 / おもちゃ＆ホビーSHOP あまのや ≪年中無休≫,3,4,4,3392,B0DWWCG42V,【最新アップデート適用済み】ホリ ファイティングコマンダーOCTA Pro 天面6ボタン SPF-040【SONYライセ,https://www.amazon.co.jp/dp/B0DWWCG42V,https://www.google.com/search?q=%E3%83%9B%E3%83%AA%20%E4%BC%9A%E7%A4%BE%E6%A6%82%E8%A6%81%20%E5%95%8F%E3%81%84%E5%90%88%E3%82%8F%E3%81%9B%20%E5%8D%B8
マガジンハウス,3,本,条件付き（再販/版元カテゴリ）,ルートカテゴリ=本,未判定,JAN45/49／manufacturer日本語／メーカー名日本語,なし,あり,ストア　ｔｓｒｒ / ヤナギ屋本店 / つばめ書店　（２冊以上で自動の場合的に速達出荷。雑誌BN、一部書籍は発送に時間がかかる場合有）,3,4,4,323,B0F5HLB7KT,Casa BRUTUS(カーサ ブルータス) 2025年 06月号[万博と建築／櫻井翔],https://www.amazon.co.jp/dp/B0F5HLB7KT,https://www.google.com/search?q=%E3%83%9E%E3%82%AC%E3%82%B8%E3%83%B3%E3%83%8F%E3%82%A6%E3%82%B9%20%E4%BC%9A%E7%A4%BE%E6%A6%82%E8%A6%81%20%E5%95%8F%E3%81%84%E5%90%88%E3%82%8F%E3%81%9B%20%E5%8D%B8
東映,3,DVD,条件付き（再販/版元カテゴリ）,ルートカテゴリ=DVD,未判定,JAN45/49／メーカー名日本語,なし,あり,オンラインレコード兵庫店 年中無休２４時間営業中,1,2,2,3962,B0CLPD66L2,【メーカー特典あり】映画『THE FIRST SLAM DUNK』STANDARD EDITION　早期予約特典“湘北ユ,https://www.amazon.co.jp/dp/B0CLPD66L2,https://www.google.com/search?q=%E6%9D%B1%E6%98%A0%20%E4%BC%9A%E7%A4%BE%E6%A6%82%E8%A6%81%20%E5%95%8F%E3%81%84%E5%90%88%E3%82%8F%E3%81%9B%20%E5%8D%B8
株式会社ストームレーベルズ/イーラブ・レーベル,3,DVD,条件付き（再販/版元カテゴリ）,ルートカテゴリ=DVD,未判定,manufacturer日本語／メーカー名日本語／日本法人格,なし,あり,ホビー通販～未来屋～ / 海賊王★土日祝休業。通常は購入日の翌日に配送★電話対応NG質問はメールで★家電は離島発送不可,2,2,2,8637,B0DBYRN6BD,【メーカー特典あり】NEWS 20th Anniversary LIVE 2023 in TOKYO DOME BEST,https://www.amazon.co.jp/dp/B0DBYRN6BD,https://www.google.com/search?q=%E6%A0%AA%E5%BC%8F%E4%BC%9A%E7%A4%BE%E3%82%B9%E3%83%88%E3%83%BC%E3%83%A0%E3%83%AC%E3%83%BC%E3%83%99%E3%83%AB%E3%82%BA/%E3%82%A4%E3%83%BC%E3%83%A9%E3%83%96%E3%83%BB%E3%83%AC%E3%83%BC%E3%83%99%E3%83%AB%20%E4%BC%9A%E7%A4%BE%E6%A6%82%E8%A6%81%20%E5%95%8F%E3%81%84%E5%90%88%E3%82%8F%E3%81%9B%20%E5%8D%B8
河合出版,3,本,条件付き（再販/版元カテゴリ）,ルートカテゴリ=本,未判定,manufacturer日本語／メーカー名日本語,なし,あり,オンラインストア ＫＪ-ＯＮＥ【適格請求書発行事業者】 / タウンズマート / ブックマーケティング(ご注文確定前に表示の到着予定日をご確認下さい、ご注文後のキャンセルご遠慮下さい,3,5,5,165,4777229823,2026共通テスト対策問題パック (河合塾SERIES),https://www.amazon.co.jp/dp/4777229823,https://www.google.com/search?q=%E6%B2%B3%E5%90%88%E5%87%BA%E7%89%88%20%E4%BC%9A%E7%A4%BE%E6%A6%82%E8%A6%81%20%E5%95%8F%E3%81%84%E5%90%88%E3%82%8F%E3%81%9B%20%E5%8D%B8
経済法令研究会,3,本,条件付き（再販/版元カテゴリ）,ルートカテゴリ=本,未判定,manufacturer日本語／メーカー名日本語,なし,あり,ブックマーケティング(ご注文確定前に表示の到着予定日をご確認下さい、ご注文後のキャンセルご遠慮下さい / ビビッドメディアストア / タウンズマート,3,4,4,1021,4766874102,相続アドバイザー3級 問題解説集 2026年3月受験用,https://www.amazon.co.jp/dp/4766874102,https://www.google.com/search?q=%E7%B5%8C%E6%B8%88%E6%B3%95%E4%BB%A4%E7%A0%94%E7%A9%B6%E4%BC%9A%20%E4%BC%9A%E7%A4%BE%E6%A6%82%E8%A6%81%20%E5%95%8F%E3%81%84%E5%90%88%E3%82%8F%E3%81%9B%20%E5%8D%B8
8Bitdo,2,ゲーム,条件付き（再販/版元カテゴリ）,ルートカテゴリ=ゲーム,未判定,なし,なし,あり,J.STORE EC事業部(適格請求書発行事業者) / らくだマート,2,2,3,3762,B0CSPGMGBT,8BitDo Pro 2 Switch用のBluetoothコントローラー、ホールエフェクトジョイスティックアップデート,https://www.amazon.co.jp/dp/B0CSPGMGBT,https://www.google.com/search?q=8Bitdo%20%E4%BC%9A%E7%A4%BE%E6%A6%82%E8%A6%81%20%E5%95%8F%E3%81%84%E5%90%88%E3%82%8F%E3%81%9B%20%E5%8D%B8
AQielev,2,ゲーム,条件付き（再販/版元カテゴリ）,ルートカテゴリ=ゲーム,未判定,なし,なし,なし,,0,0,3,2863,B0GF1VD155,アケコン レバーレス コントローラー ps4コントローラー 格闘ゲーム パッド「16ボタン·RP2040搭載·全機種対応,https://www.amazon.co.jp/dp/B0GF1VD155,https://www.google.com/search?q=AQielev%20%E4%BC%9A%E7%A4%BE%E6%A6%82%E8%A6%81%20%E5%95%8F%E3%81%84%E5%90%88%E3%82%8F%E3%81%9B%20%E5%8D%B8
ATLANTIC RECORDS,2,ミュージック,条件付き（再販/版元カテゴリ）,ルートカテゴリ=ミュージック,未判定,なし,なし,あり,インポートショップ泉堂,1,3,3,5735,B000002JS8,Highway to Hell,https://www.amazon.co.jp/dp/B000002JS8,https://www.google.com/search?q=ATLANTIC%20RECORDS%20%E4%BC%9A%E7%A4%BE%E6%A6%82%E8%A6%81%20%E5%95%8F%E3%81%84%E5%90%88%E3%82%8F%E3%81%9B%20%E5%8D%B8
Anchor Canada,2,洋書,条件付き（再販/版元カテゴリ）,ルートカテゴリ=洋書,未判定,なし,なし,なし,,0,4,4,3904,0385660049,A Short History of Nearly Everything,https://www.amazon.co.jp/dp/0385660049,https://www.google.com/search?q=Anchor%20Canada%20%E4%BC%9A%E7%A4%BE%E6%A6%82%E8%A6%81%20%E5%95%8F%E3%81%84%E5%90%88%E3%82%8F%E3%81%9B%20%E5%8D%B8
Avex Entertainment,2,DVD,条件付き（再販/版元カテゴリ）,ルートカテゴリ=DVD,未判定,JAN45/49,なし,あり,映画の森店 / lollol公式ショップ 商標番号 第6483883号 適格請求書番号あり,2,4,4,3245,B07DG6X9RD,namie amuro Final Tour 2018 ~Finally~ (東京ドーム最終公演+25周年沖縄ライブ+5,https://www.amazon.co.jp/dp/B07DG6X9RD,https://www.google.com/search?q=Avex%20Entertainment%20%E4%BC%9A%E7%A4%BE%E6%A6%82%E8%A6%81%20%E5%95%8F%E3%81%84%E5%90%88%E3%82%8F%E3%81%9B%20%E5%8D%B8
Blue Note,2,ミュージック,条件付き（再販/版元カテゴリ）,ルートカテゴリ=ミュージック,未判定,なし,なし,あり,グローバル・ハブ,1,4,4,3050,B0FLHPKD17,Montara [12 inch Analog],https://www.amazon.co.jp/dp/B0FLHPKD17,https://www.google.com/search?q=Blue%20Note%20%E4%BC%9A%E7%A4%BE%E6%A6%82%E8%A6%81%20%E5%95%8F%E3%81%84%E5%90%88%E3%82%8F%E3%81%9B%20%E5%8D%B8
DISNEY PIXAR(ディズニー ピクサー),2,DVD,条件付き（再販/版元カテゴリ）,ルートカテゴリ=DVD,未判定,メーカー名日本語,なし,あり,美的生活★ヘルシーライフ本店【インボイス登録事業者】 / prime ショッピング（1st）,2,3,3,2842,B06X9V54WD,Monsters Inc/ [Blu-ray] [Import],https://www.amazon.co.jp/dp/B06X9V54WD,https://www.google.com/search?q=DISNEY%20PIXAR%28%E3%83%87%E3%82%A3%E3%82%BA%E3%83%8B%E3%83%BC%20%E3%83%94%E3%82%AF%E3%82%B5%E3%83%BC%29%20%E4%BC%9A%E7%A4%BE%E6%A6%82%E8%A6%81%20%E5%95%8F%E3%81%84%E5%90%88%E3%82%8F%E3%81%9B%20%E5%8D%B8
Funimation,2,DVD,条件付き（再販/版元カテゴリ）,ルートカテゴリ=DVD,未判定,なし,なし,あり,インポートショップ泉堂,1,3,3,4280,B00ENNO1E6,Wolf Children [DVD] [Import],https://www.amazon.co.jp/dp/B00ENNO1E6,https://www.google.com/search?q=Funimation%20%E4%BC%9A%E7%A4%BE%E6%A6%82%E8%A6%81%20%E5%95%8F%E3%81%84%E5%90%88%E3%82%8F%E3%81%9B%20%E5%8D%B8
LEGACY RECORDINGS,2,ミュージック,条件付き（再販/版元カテゴリ）,ルートカテゴリ=ミュージック,未判定,なし,なし,あり,インポートショップ泉堂 / ★英国の販売代理店★,2,6,6,7722,B0037U9PXI,Michael Jackson's This Is It [Analog],https://www.amazon.co.jp/dp/B0037U9PXI,https://www.google.com/search?q=LEGACY%20RECORDINGS%20%E4%BC%9A%E7%A4%BE%E6%A6%82%E8%A6%81%20%E5%95%8F%E3%81%84%E5%90%88%E3%82%8F%E3%81%9B%20%E5%8D%B8
LEONINE,2,DVD,条件付き（再販/版元カテゴリ）,ルートカテゴリ=DVD,未判定,なし,なし,あり,prime ショッピング（1st）,1,4,4,4553,B0BZSRJSHX,Ghost in the Shell 2 - Innocence UHD BD (Limited Edition) [B,https://www.amazon.co.jp/dp/B0BZSRJSHX,https://www.google.com/search?q=LEONINE%20%E4%BC%9A%E7%A4%BE%E6%A6%82%E8%A6%81%20%E5%95%8F%E3%81%84%E5%90%88%E3%82%8F%E3%81%9B%20%E5%8D%B8
Lions Gate,2,DVD,条件付き（再販/版元カテゴリ）,ルートカテゴリ=DVD,未判定,なし,なし,あり,クロスフロンティア / うきうき輸入市場(年中無休出荷),2,5,5,5954,B00FAHYO1E,Apocalypse Now [Blu-ray],https://www.amazon.co.jp/dp/B00FAHYO1E,https://www.google.com/search?q=Lions%20Gate%20%E4%BC%9A%E7%A4%BE%E6%A6%82%E8%A6%81%20%E5%95%8F%E3%81%84%E5%90%88%E3%82%8F%E3%81%9B%20%E5%8D%B8
METRO GOLDWYN MAYER,2,DVD,条件付き（再販/版元カテゴリ）,ルートカテゴリ=DVD,未判定,なし,なし,あり,フルフィルメント エクスプレス / インポートショップ泉堂,2,4,4,5718,B0833VRPJ6,Casino Royale [Blu-ray],https://www.amazon.co.jp/dp/B0833VRPJ6,https://www.google.com/search?q=METRO%20GOLDWYN%20MAYER%20%E4%BC%9A%E7%A4%BE%E6%A6%82%E8%A6%81%20%E5%95%8F%E3%81%84%E5%90%88%E3%82%8F%E3%81%9B%20%E5%8D%B8
MGM (Video & DVD),2,DVD,条件付き（再販/版元カテゴリ）,ルートカテゴリ=DVD,未判定,なし,なし,あり,グローバル輸入館 / セトウチInternational market / prime ショッピング（1st）,3,5,5,6350,B003WTO5Y8,Silence of the Lambs (Two-Disc Blu-ray/DVD Combo in Blu-ray ,https://www.amazon.co.jp/dp/B003WTO5Y8,https://www.google.com/search?q=MGM%20%28Video%20%26%20DVD%29%20%E4%BC%9A%E7%A4%BE%E6%A6%82%E8%A6%81%20%E5%95%8F%E3%81%84%E5%90%88%E3%82%8F%E3%81%9B%20%E5%8D%B8
PDP,2,ゲーム,条件付き（再販/版元カテゴリ）,ルートカテゴリ=ゲーム,未判定,なし,なし,あり,クレーンビッグファクトリー / RKYS【適格請求書発行事業者】 / ぷーーーーちゃん（インボイス登録事業者）,4,5,5,4698,B09BWHTLYR,【SONYオフィシャルライセンス商品】PDP Victrix Gambit PS5 ゲーミングヘッドセット ワイヤレス ,https://www.amazon.co.jp/dp/B09BWHTLYR,https://www.google.com/search?q=PDP%20%E4%BC%9A%E7%A4%BE%E6%A6%82%E8%A6%81%20%E5%95%8F%E3%81%84%E5%90%88%E3%82%8F%E3%81%9B%20%E5%8D%B8
Pearson Education,2,洋書,条件付き（再販/版元カテゴリ）,ルートカテゴリ=洋書,未判定,なし,なし,あり,★英国の販売代理店★,1,3,3,5989,1447954203,Longman Dictionary of Contemporary English (6E) Paperback & ,https://www.amazon.co.jp/dp/1447954203,https://www.google.com/search?q=Pearson%20Education%20%E4%BC%9A%E7%A4%BE%E6%A6%82%E8%A6%81%20%E5%95%8F%E3%81%84%E5%90%88%E3%82%8F%E3%81%9B%20%E5%8D%B8
Plaion Pictures,2,DVD,条件付き（再販/版元カテゴリ）,ルートカテゴリ=DVD,未判定,なし,なし,あり,抜き取りすり替え対策済みのため安心してお買い求め下さい◎リサイクル梱包材発送◎合同会社グランウエスト / ショップにこまる◆丁寧梱包◆都度連絡 / セトウチInternational market,3,6,6,6600,B0CL4QQMB3,I Mercen4ri - Expendables (Steelbook 4K UHD + Blu-ray),https://www.amazon.co.jp/dp/B0CL4QQMB3,https://www.google.com/search?q=Plaion%20Pictures%20%E4%BC%9A%E7%A4%BE%E6%A6%82%E8%A6%81%20%E5%95%8F%E3%81%84%E5%90%88%E3%82%8F%E3%81%9B%20%E5%8D%B8
Polydor,2,ミュージック,条件付き（再販/版元カテゴリ）,ルートカテゴリ=ミュージック,未判定,なし,なし,あり,インポートショップ泉堂,1,4,4,2345,B000001DZO,Gold,https://www.amazon.co.jp/dp/B000001DZO,https://www.google.com/search?q=Polydor%20%E4%BC%9A%E7%A4%BE%E6%A6%82%E8%A6%81%20%E5%95%8F%E3%81%84%E5%90%88%E3%82%8F%E3%81%9B%20%E5%8D%B8
SNK,2,ゲーム,条件付き（再販/版元カテゴリ）,ルートカテゴリ=ゲーム,未判定,JAN45/49,なし,あり,【適格事業者】関東あかり堂 埼玉本部ネット通販部【返金保証】古物商 第431080050408号 / あじあ堂 / オンラインショップ　エクセラー,4,6,6,6260,B07D1KN661,SNK ＮＥＯＧＥＯ ｍｉｎｉ インターナショナル版,https://www.amazon.co.jp/dp/B07D1KN661,https://www.google.com/search?q=SNK%20%E4%BC%9A%E7%A4%BE%E6%A6%82%E8%A6%81%20%E5%95%8F%E3%81%84%E5%90%88%E3%82%8F%E3%81%9B%20%E5%8D%B8
STUDIOCANAL,2,DVD,条件付き（再販/版元カテゴリ）,ルートカテゴリ=DVD,未判定,なし,なし,あり,ＡＫネット / 並行輸入SHOP ベストセラー / keiayuストア,5,6,6,3196,B007EC007A,Howl's Moving Castle [Blu-ray] [Import],https://www.amazon.co.jp/dp/B007EC007A,https://www.google.com/search?q=STUDIOCANAL%20%E4%BC%9A%E7%A4%BE%E6%A6%82%E8%A6%81%20%E5%95%8F%E3%81%84%E5%90%88%E3%82%8F%E3%81%9B%20%E5%8D%B8
Scholastic,2,洋書,条件付き（再販/版元カテゴリ）,ルートカテゴリ=洋書,未判定,なし,なし,なし,,0,4,4,1744,0545582938,Harry Potter and the Prisoner of Azkaban,https://www.amazon.co.jp/dp/0545582938,https://www.google.com/search?q=Scholastic%20%E4%BC%9A%E7%A4%BE%E6%A6%82%E8%A6%81%20%E5%95%8F%E3%81%84%E5%90%88%E3%82%8F%E3%81%9B%20%E5%8D%B8
Taishita,2,DVD,条件付き（再販/版元カテゴリ）,ルートカテゴリ=DVD,未判定,JAN45/49／manufacturer日本語,なし,あり,インボイス対応済 MINORITY RECORDS GW含む土日祝日も発送致します。 / タケダミュージック / 【到着日時の指定不可】サウス・ストリート【富山県より発送】,4,6,6,3762,B00GMSO4OC,"SUPER SUMMER LIVE 2013 “灼熱のマンピー!! G★スポット解禁!!"" 胸熱完全版【完全生産限定盤】",https://www.amazon.co.jp/dp/B00GMSO4OC,https://www.google.com/search?q=Taishita%20%E4%BC%9A%E7%A4%BE%E6%A6%82%E8%A6%81%20%E5%95%8F%E3%81%84%E5%90%88%E3%82%8F%E3%81%9B%20%E5%8D%B8
WARNER RECORDS,2,ミュージック,条件付き（再販/版元カテゴリ）,ルートカテゴリ=ミュージック,未判定,なし,なし,あり,フルフィルメント エクスプレス / ブックマーケティング(ご注文確定前に表示の到着予定日をご確認下さい、ご注文後のキャンセルご遠慮下さい / ビビッドメディアストア,4,6,6,5877,B000GW8OX2,STADIUM ARCADIUM [Analog],https://www.amazon.co.jp/dp/B000GW8OX2,https://www.google.com/search?q=WARNER%20RECORDS%20%E4%BC%9A%E7%A4%BE%E6%A6%82%E8%A6%81%20%E5%95%8F%E3%81%84%E5%90%88%E3%82%8F%E3%81%9B%20%E5%8D%B8
こぐま会,2,本,条件付き（再販/版元カテゴリ）,ルートカテゴリ=本,未判定,manufacturer日本語／メーカー名日本語,なし,あり,ノースサプライ / ジェｲジェイshop / ブックマーケティング(ご注文確定前に表示の到着予定日をご確認下さい、ご注文後のキャンセルご遠慮下さい,3,5,5,151,486362011X,ひとりでとっくん02 点図形2,https://www.amazon.co.jp/dp/486362011X,https://www.google.com/search?q=%E3%81%93%E3%81%90%E3%81%BE%E4%BC%9A%20%E4%BC%9A%E7%A4%BE%E6%A6%82%E8%A6%81%20%E5%95%8F%E3%81%84%E5%90%88%E3%82%8F%E3%81%9B%20%E5%8D%B8
アステッキホールディングス株式会社,2,本,条件付き（再販/版元カテゴリ）,ルートカテゴリ=本,未判定,manufacturer日本語／メーカー名日本語／日本法人格,なし,あり,タウンズマート,1,2,3,2725,4909470026,呼吸療法認定士受験必修予想問題集【アプリ付き】2026年度版,https://www.amazon.co.jp/dp/4909470026,https://www.google.com/search?q=%E3%82%A2%E3%82%B9%E3%83%86%E3%83%83%E3%82%AD%E3%83%9B%E3%83%BC%E3%83%AB%E3%83%87%E3%82%A3%E3%83%B3%E3%82%B0%E3%82%B9%E6%A0%AA%E5%BC%8F%E4%BC%9A%E7%A4%BE%20%E4%BC%9A%E7%A4%BE%E6%A6%82%E8%A6%81%20%E5%95%8F%E3%81%84%E5%90%88%E3%82%8F%E3%81%9B%20%E5%8D%B8
アトラス,2,ゲーム,条件付き（再販/版元カテゴリ）,ルートカテゴリ=ゲーム,未判定,JAN45/49／manufacturer日本語／メーカー名日本語,なし,あり,Bloooｍ【迅速に対応致します】インボイス◯ / シロクロ堂 / モノインフラックス,3,6,6,6047,B01CG8690I,世界樹の迷宮V 長き神話の果て,https://www.amazon.co.jp/dp/B01CG8690I,https://www.google.com/search?q=%E3%82%A2%E3%83%88%E3%83%A9%E3%82%B9%20%E4%BC%9A%E7%A4%BE%E6%A6%82%E8%A6%81%20%E5%95%8F%E3%81%84%E5%90%88%E3%82%8F%E3%81%9B%20%E5%8D%B8
オーム社,2,本,条件付き（再販/版元カテゴリ）,ルートカテゴリ=本,未判定,manufacturer日本語／メーカー名日本語,なし,あり,halu【発送は日本郵便で安心】 / ★★みんなのドリームファクトリー★★コンビニ・ATM・ネットバンキング払い対応★★ / ブックマーケティング(ご注文確定前に表示の到着予定日をご確認下さい、ご注文後のキャンセルご遠慮下さい,3,4,4,554,4274234312,ぜんぶ絵で見て覚える 第2種電気工事士 学科試験 すい~っと合格 2026年版,https://www.amazon.co.jp/dp/4274234312,https://www.google.com/search?q=%E3%82%AA%E3%83%BC%E3%83%A0%E7%A4%BE%20%E4%BC%9A%E7%A4%BE%E6%A6%82%E8%A6%81%20%E5%95%8F%E3%81%84%E5%90%88%E3%82%8F%E3%81%9B%20%E5%8D%B8
コロムビアミュージックエンタテインメント,2,DVD,条件付き（再販/版元カテゴリ）,ルートカテゴリ=DVD,未判定,JAN45/49／メーカー名日本語,なし,あり,ビビッドメディアストア / ブックマーケティング(ご注文確定前に表示の到着予定日をご確認下さい、ご注文後のキャンセルご遠慮下さい,2,5,5,1642,B084QM4ZLP,The New Abnormal [Analog],https://www.amazon.co.jp/dp/B084QM4ZLP,https://www.google.com/search?q=%E3%82%B3%E3%83%AD%E3%83%A0%E3%83%93%E3%82%A2%E3%83%9F%E3%83%A5%E3%83%BC%E3%82%B8%E3%83%83%E3%82%AF%E3%82%A8%E3%83%B3%E3%82%BF%E3%83%86%E3%82%A4%E3%83%B3%E3%83%A1%E3%83%B3%E3%83%88%20%E4%BC%9A%E7%A4%BE%E6%A6%82%E8%A6%81%20%E5%95%8F%E3%81%84%E5%90%88%E3%82%8F%E3%81%9B%20%E5%8D%B8
コンテンツ・ファクトリー,2,本,条件付き（再販/版元カテゴリ）,ルートカテゴリ=本,未判定,manufacturer日本語／メーカー名日本語,なし,あり,株式会社エーテン / タウンズマート,2,3,3,1092,4904256026,問題解決の全体観 上巻 ハード思考編,https://www.amazon.co.jp/dp/4904256026,https://www.google.com/search?q=%E3%82%B3%E3%83%B3%E3%83%86%E3%83%B3%E3%83%84%E3%83%BB%E3%83%95%E3%82%A1%E3%82%AF%E3%83%88%E3%83%AA%E3%83%BC%20%E4%BC%9A%E7%A4%BE%E6%A6%82%E8%A6%81%20%E5%95%8F%E3%81%84%E5%90%88%E3%82%8F%E3%81%9B%20%E5%8D%B8
ジョブカン Desktop,2,PCソフト,条件付き（再販/版元カテゴリ）,ルートカテゴリ=PCソフト,大企業の見込み,JAN45/49／manufacturer日本語／メーカー名日本語／日本法人格,なし,あり,イーベスト家電 / オフィス・モア (in 神戸) / Smart Closet【全品正規品取り扱いストア】,4,5,5,3474,B0BB8CMSX8,ジョブカンDesktop 青色申告 23,https://www.amazon.co.jp/dp/B0BB8CMSX8,https://www.google.com/search?q=%E3%82%B8%E3%83%A7%E3%83%96%E3%82%AB%E3%83%B3%20Desktop%20%E4%BC%9A%E7%A4%BE%E6%A6%82%E8%A6%81%20%E5%95%8F%E3%81%84%E5%90%88%E3%82%8F%E3%81%9B%20%E5%8D%B8
タイトー,2,ゲーム,条件付き（再販/版元カテゴリ）,ルートカテゴリ=ゲーム,未判定,JAN45/49／manufacturer日本語／メーカー名日本語,なし,あり,まいらいふ応援堂【インボイス登録済】 / S.Y SHOP〈インボイス対応〉 / バビロン大分(賞味期限、コンディションご確認を）,5,6,6,9770,B0DDC36X4K,イーグレットツーミニ専用コンバインキット+アーケードメモリーズVOL.3セット 【特典】10 タイトル収録 SD カード,https://www.amazon.co.jp/dp/B0DDC36X4K,https://www.google.com/search?q=%E3%82%BF%E3%82%A4%E3%83%88%E3%83%BC%20%E4%BC%9A%E7%A4%BE%E6%A6%82%E8%A6%81%20%E5%95%8F%E3%81%84%E5%90%88%E3%82%8F%E3%81%9B%20%E5%8D%B8
ドリーミュージック,2,DVD,条件付き（再販/版元カテゴリ）,ルートカテゴリ=DVD,未判定,JAN45/49／メーカー名日本語,なし,あり,Ｙ’ｚミュージック♪☆丁寧迅速に発送いたします☆気象状況による遅延などご了承ください☆ / ブックマーケティング(ご注文確定前に表示の到着予定日をご確認下さい、ご注文後のキャンセルご遠慮下さい,2,3,3,5040,B08NKCBPH5,A HARD DAY'S NIGHT【DVD(本編)+DVD(特典)】,https://www.amazon.co.jp/dp/B08NKCBPH5,https://www.google.com/search?q=%E3%83%89%E3%83%AA%E3%83%BC%E3%83%9F%E3%83%A5%E3%83%BC%E3%82%B8%E3%83%83%E3%82%AF%20%E4%BC%9A%E7%A4%BE%E6%A6%82%E8%A6%81%20%E5%95%8F%E3%81%84%E5%90%88%E3%82%8F%E3%81%9B%20%E5%8D%B8
ビデオメーカー,2,DVD,条件付き（再販/版元カテゴリ）,ルートカテゴリ=DVD,未判定,JAN45/49／manufacturer日本語／メーカー名日本語,なし,あり,たそがれ書房　～ 郵便局留め可能 ～,1,2,2,5106,B00005HOUH,ジャック・オッフェンバック：喜歌劇 <ペリコール> 全３幕 [DVD],https://www.amazon.co.jp/dp/B00005HOUH,https://www.google.com/search?q=%E3%83%93%E3%83%87%E3%82%AA%E3%83%A1%E3%83%BC%E3%82%AB%E3%83%BC%20%E4%BC%9A%E7%A4%BE%E6%A6%82%E8%A6%81%20%E5%95%8F%E3%81%84%E5%90%88%E3%82%8F%E3%81%9B%20%E5%8D%B8
ビーイング,2,DVD,条件付き（再販/版元カテゴリ）,ルートカテゴリ=DVD,未判定,JAN45/49／manufacturer日本語／メーカー名日本語,なし,あり,jspeed株式会社 / インフォームショップ【インボイス対応】 / 未来屋陶商店,3,3,3,8081,B01IVNMRIU,劇場版 名探偵コナン 純黒の悪夢(ナイトメア)(初回限定盤)[DVD],https://www.amazon.co.jp/dp/B01IVNMRIU,https://www.google.com/search?q=%E3%83%93%E3%83%BC%E3%82%A4%E3%83%B3%E3%82%B0%20%E4%BC%9A%E7%A4%BE%E6%A6%82%E8%A6%81%20%E5%95%8F%E3%81%84%E5%90%88%E3%82%8F%E3%81%9B%20%E5%8D%B8
フロムソフトウェア,2,ゲーム,条件付き（再販/版元カテゴリ）,ルートカテゴリ=ゲーム,未判定,JAN45/49／manufacturer日本語／メーカー名日本語,なし,あり,YK家電【インボイス対応済】 / 赤マムシ堂,2,3,3,2413,B00BKTDJ1C,ARMORED CORE VERDICT DAY(アーマード・コア ヴァーディクトデイ)(通常版) - PS3,https://www.amazon.co.jp/dp/B00BKTDJ1C,https://www.google.com/search?q=%E3%83%95%E3%83%AD%E3%83%A0%E3%82%BD%E3%83%95%E3%83%88%E3%82%A6%E3%82%A7%E3%82%A2%20%E4%BC%9A%E7%A4%BE%E6%A6%82%E8%A6%81%20%E5%95%8F%E3%81%84%E5%90%88%E3%82%8F%E3%81%9B%20%E5%8D%B8
中央法規出版,2,本,条件付き（再販/版元カテゴリ）,ルートカテゴリ=本,未判定,manufacturer日本語／メーカー名日本語,なし,あり,ノースサプライ / ブックマーケティング(ご注文確定前に表示の到着予定日をご確認下さい、ご注文後のキャンセルご遠慮下さい / いずみbooks,3,3,3,3015,4824300428,見て覚える!介護福祉士国試ナビ2025,https://www.amazon.co.jp/dp/4824300428,https://www.google.com/search?q=%E4%B8%AD%E5%A4%AE%E6%B3%95%E8%A6%8F%E5%87%BA%E7%89%88%20%E4%BC%9A%E7%A4%BE%E6%A6%82%E8%A6%81%20%E5%95%8F%E3%81%84%E5%90%88%E3%82%8F%E3%81%9B%20%E5%8D%B8
地域開発研究所,2,本,条件付き（再販/版元カテゴリ）,ルートカテゴリ=本,未判定,manufacturer日本語／メーカー名日本語,なし,あり,ノースサプライ / タウンズマート,2,4,4,1851,4886154417,1級電気工事施工管理第一次検定問題解説集2025年版,https://www.amazon.co.jp/dp/4886154417,https://www.google.com/search?q=%E5%9C%B0%E5%9F%9F%E9%96%8B%E7%99%BA%E7%A0%94%E7%A9%B6%E6%89%80%20%E4%BC%9A%E7%A4%BE%E6%A6%82%E8%A6%81%20%E5%95%8F%E3%81%84%E5%90%88%E3%82%8F%E3%81%9B%20%E5%8D%B8
技術評論社,2,本,条件付き（再販/版元カテゴリ）,ルートカテゴリ=本,未判定,manufacturer日本語／メーカー名日本語,なし,あり,ノースサプライ / まごころネットブックショップ / タウンズマート,3,4,4,1908,4297145340,令和07年 イメージ＆クレバー方式でよくわかる かやのき先生の基本情報技術者教室,https://www.amazon.co.jp/dp/4297145340,https://www.google.com/search?q=%E6%8A%80%E8%A1%93%E8%A9%95%E8%AB%96%E7%A4%BE%20%E4%BC%9A%E7%A4%BE%E6%A6%82%E8%A6%81%20%E5%95%8F%E3%81%84%E5%90%88%E3%82%8F%E3%81%9B%20%E5%8D%B8
日本コロムビア,2,ミュージック,条件付き（再販/版元カテゴリ）,ルートカテゴリ=ミュージック,未判定,JAN45/49／manufacturer日本語／メーカー名日本語,なし,あり,hobby man ホビーマン / SINGARIプライスGEN,2,2,2,4373,B00023GSIS,ざくろの色 [DVD],https://www.amazon.co.jp/dp/B00023GSIS,https://www.google.com/search?q=%E6%97%A5%E6%9C%AC%E3%82%B3%E3%83%AD%E3%83%A0%E3%83%93%E3%82%A2%20%E4%BC%9A%E7%A4%BE%E6%A6%82%E8%A6%81%20%E5%95%8F%E3%81%84%E5%90%88%E3%82%8F%E3%81%9B%20%E5%8D%B8
株式会社,2,本,条件付き（再販/版元カテゴリ）,ルートカテゴリ=本,未判定,manufacturer日本語／メーカー名日本語／日本法人格,なし,あり,マイスペース【24時間/365日即日発送】 / オンライン・サービス / つばめ書店　（２冊以上で自動の場合的に速達出荷。雑誌BN、一部書籍は発送に時間がかかる場合有）,3,5,5,5801,B0DNRTVG4M,ちいかわ なんか小さくてかわいいやつ　コミック　1-7巻セット (講談社),https://www.amazon.co.jp/dp/B0DNRTVG4M,https://www.google.com/search?q=%E6%A0%AA%E5%BC%8F%E4%BC%9A%E7%A4%BE%20%E4%BC%9A%E7%A4%BE%E6%A6%82%E8%A6%81%20%E5%95%8F%E3%81%84%E5%90%88%E3%82%8F%E3%81%9B%20%E5%8D%B8
株式会社ストームレーベルズ,2,DVD,条件付き（再販/版元カテゴリ）,ルートカテゴリ=DVD,未判定,JAN45/49／manufacturer日本語／メーカー名日本語／日本法人格,なし,あり,ブックマーケティング(ご注文確定前に表示の到着予定日をご確認下さい、ご注文後のキャンセルご遠慮下さい / Next Prime ウェブストア / ホビー通販～未来屋～,3,3,3,2481,B0FYM2TFZK,Ryosuke Yamada LIVE TOUR 2025 RED (初回生産限定盤) (Blu-ray) - Ryos,https://www.amazon.co.jp/dp/B0FYM2TFZK,https://www.google.com/search?q=%E6%A0%AA%E5%BC%8F%E4%BC%9A%E7%A4%BE%E3%82%B9%E3%83%88%E3%83%BC%E3%83%A0%E3%83%AC%E3%83%BC%E3%83%99%E3%83%AB%E3%82%BA%20%E4%BC%9A%E7%A4%BE%E6%A6%82%E8%A6%81%20%E5%95%8F%E3%81%84%E5%90%88%E3%82%8F%E3%81%9B%20%E5%8D%B8
水曜どうでしょう,2,DVD,条件付き（再販/版元カテゴリ）,ルートカテゴリ=DVD,未判定,JAN45/49／manufacturer日本語／メーカー名日本語,なし,あり,インボイス登録事業者 NS商店 すり替え抜き取り対策実施店舗 / さっぽろ 弥十郎商店,2,4,4,3594,B0GHS439BP,【Blu-ray】水曜どうでしょう第36弾「懐かしの西表島」,https://www.amazon.co.jp/dp/B0GHS439BP,https://www.google.com/search?q=%E6%B0%B4%E6%9B%9C%E3%81%A9%E3%81%86%E3%81%A7%E3%81%97%E3%82%87%E3%81%86%20%E4%BC%9A%E7%A4%BE%E6%A6%82%E8%A6%81%20%E5%95%8F%E3%81%84%E5%90%88%E3%82%8F%E3%81%9B%20%E5%8D%B8
白泉社,2,本,条件付き（再販/版元カテゴリ）,ルートカテゴリ=本,未判定,manufacturer日本語／メーカー名日本語,なし,あり,ブックマーケティング(ご注文確定前に表示の到着予定日をご確認下さい、ご注文後のキャンセルご遠慮下さい / プルート書店（インボイス対応店舗）,2,3,3,3150,4592107217,ノラネコぐんだん ピザをやく トート付き限定版 (コドモエのえほん),https://www.amazon.co.jp/dp/4592107217,https://www.google.com/search?q=%E7%99%BD%E6%B3%89%E7%A4%BE%20%E4%BC%9A%E7%A4%BE%E6%A6%82%E8%A6%81%20%E5%95%8F%E3%81%84%E5%90%88%E3%82%8F%E3%81%9B%20%E5%8D%B8
駿台文庫,2,本,条件付き（再販/版元カテゴリ）,ルートカテゴリ=本,未判定,manufacturer日本語／メーカー名日本語,なし,あり,タウンズマート,1,3,3,1253,4796164804,2025-共通テスト実戦パッケージ問題　青パック (駿台大学入試完全対策シリーズ),https://www.amazon.co.jp/dp/4796164804,https://www.google.com/search?q=%E9%A7%BF%E5%8F%B0%E6%96%87%E5%BA%AB%20%E4%BC%9A%E7%A4%BE%E6%A6%82%E8%A6%81%20%E5%95%8F%E3%81%84%E5%90%88%E3%82%8F%E3%81%9B%20%E5%8D%B8
(株)インテリジェントシステムズ,1,ミュージック,条件付き（再販/版元カテゴリ）,ルートカテゴリ=ミュージック,未判定,JAN45/49／manufacturer日本語／メーカー名日本語／日本法人格,なし,あり,ディスク本舗 web店【年中無休、インボイス制度対応】 / セイワ グローバル / ホビー通販～未来屋～,3,3,3,6873,B0CLT2TLVJ,ファイアーエムブレム エンゲージ オリジナルサウンドトラック（初回限定盤）(特典なし),https://www.amazon.co.jp/dp/B0CLT2TLVJ,https://www.google.com/search?q=%28%E6%A0%AA%29%E3%82%A4%E3%83%B3%E3%83%86%E3%83%AA%E3%82%B8%E3%82%A7%E3%83%B3%E3%83%88%E3%82%B7%E3%82%B9%E3%83%86%E3%83%A0%E3%82%BA%20%E4%BC%9A%E7%A4%BE%E6%A6%82%E8%A6%81%20%E5%95%8F%E3%81%84%E5%90%88%E3%82%8F%E3%81%9B%20%E5%8D%B8
20世紀フォックス・ホーム・エンターテイメント・ジャパン,1,DVD,条件付き（再販/版元カテゴリ）,ルートカテゴリ=DVD,未判定,JAN45/49／メーカー名日本語,なし,あり,インボイス対応済 MINORITY RECORDS GW含む土日祝日も発送致します。 / SINGARIプライスGEN,2,2,2,1546,B007AD0TYM,夕陽のガンマン [Blu-ray],https://www.amazon.co.jp/dp/B007AD0TYM,https://www.google.com/search?q=20%E4%B8%96%E7%B4%80%E3%83%95%E3%82%A9%E3%83%83%E3%82%AF%E3%82%B9%E3%83%BB%E3%83%9B%E3%83%BC%E3%83%A0%E3%83%BB%E3%82%A8%E3%83%B3%E3%82%BF%E3%83%BC%E3%83%86%E3%82%A4%E3%83%A1%E3%83%B3%E3%83%88%E3%83%BB%E3%82%B8%E3%83%A3%E3%83%91%E3%83%B3%20%E4%BC%9A%E7%A4%BE%E6%A6%82%E8%A6%81%20%E5%95%8F%E3%81%84%E5%90%88%E3%82%8F%E3%81%9B%20%E5%8D%B8
A-sketch,1,ミュージック,条件付き（再販/版元カテゴリ）,ルートカテゴリ=ミュージック,未判定,JAN45/49,なし,あり,ブックマーケティング(ご注文確定前に表示の到着予定日をご確認下さい、ご注文後のキャンセルご遠慮下さい,1,3,3,1358,B07KT278YT,Eye of the Storm (初回限定盤),https://www.amazon.co.jp/dp/B07KT278YT,https://www.google.com/search?q=A-sketch%20%E4%BC%9A%E7%A4%BE%E6%A6%82%E8%A6%81%20%E5%95%8F%E3%81%84%E5%90%88%E3%82%8F%E3%81%9B%20%E5%8D%B8
ACKDZU,1,DVD,条件付き（再販/版元カテゴリ）,ルートカテゴリ=DVD,未判定,なし,なし,あり,たぷす商店 / ユウダイストア,2,5,5,6217,B07QX2YYZW,Marvel's Avengers: Infinity War (Blu-ray 3D + Blu-ray),https://www.amazon.co.jp/dp/B07QX2YYZW,https://www.google.com/search?q=ACKDZU%20%E4%BC%9A%E7%A4%BE%E6%A6%82%E8%A6%81%20%E5%95%8F%E3%81%84%E5%90%88%E3%82%8F%E3%81%9B%20%E5%8D%B8
AHS,1,PCソフト,条件付き（再販/版元カテゴリ）,ルートカテゴリ=PCソフト,中小の見込み,JAN45/49,なし,あり,アウル・ビジョン 株式会社 / PLUS YU（プラスユウ）,2,2,2,3225,B07F17C5YK,AHS VOCALOID 桜乃そら クール 音声読み上げソフト,https://www.amazon.co.jp/dp/B07F17C5YK,https://www.google.com/search?q=AHS%20%E4%BC%9A%E7%A4%BE%E6%A6%82%E8%A6%81%20%E5%95%8F%E3%81%84%E5%90%88%E3%82%8F%E3%81%9B%20%E5%8D%B8
AMOVO,1,DVD,条件付き（再販/版元カテゴリ）,ルートカテゴリ=DVD,未判定,なし,なし,なし,,0,3,3,6171,B00AWDXB0Q,The Lord of the Rings: The Fellowship of the Ring (Extended ,https://www.amazon.co.jp/dp/B00AWDXB0Q,https://www.google.com/search?q=AMOVO%20%E4%BC%9A%E7%A4%BE%E6%A6%82%E8%A6%81%20%E5%95%8F%E3%81%84%E5%90%88%E3%82%8F%E3%81%9B%20%E5%8D%B8
Abrams Books,1,洋書,条件付き（再販/版元カテゴリ）,ルートカテゴリ=洋書,未判定,なし,なし,あり,★英国の販売代理店★,1,5,5,3331,1419756516,The Art of Star Wars: The Mandalorian (Season Two): The Offi,https://www.amazon.co.jp/dp/1419756516,https://www.google.com/search?q=Abrams%20Books%20%E4%BC%9A%E7%A4%BE%E6%A6%82%E8%A6%81%20%E5%95%8F%E3%81%84%E5%90%88%E3%82%8F%E3%81%9B%20%E5%8D%B8
Ace,1,洋書,条件付き（再販/版元カテゴリ）,ルートカテゴリ=洋書,未判定,なし,なし,あり,グローバル・ハブ,1,4,4,3253,B0F74CH248,This Inevitable Ruin (Dungeon Crawler Carl),https://www.amazon.co.jp/dp/B0F74CH248,https://www.google.com/search?q=Ace%20%E4%BC%9A%E7%A4%BE%E6%A6%82%E8%A6%81%20%E5%95%8F%E3%81%84%E5%90%88%E3%82%8F%E3%81%9B%20%E5%8D%B8
Anime Ltd,1,DVD,条件付き（再販/版元カテゴリ）,ルートカテゴリ=DVD,未判定,なし,なし,なし,,0,3,3,4003,B0CBSLHM1W,The Garden of Words [Region Free],https://www.amazon.co.jp/dp/B0CBSLHM1W,https://www.google.com/search?q=Anime%20Ltd%20%E4%BC%9A%E7%A4%BE%E6%A6%82%E8%A6%81%20%E5%95%8F%E3%81%84%E5%90%88%E3%82%8F%E3%81%9B%20%E5%8D%B8
Arthur A. Levine Books,1,洋書,条件付き（再販/版元カテゴリ）,ルートカテゴリ=洋書,未判定,なし,なし,あり,★英国の販売代理店★,1,6,6,6140,0439567629,Harry Potter and the Order of the Phoenix (Book 5) [Deluxe E,https://www.amazon.co.jp/dp/0439567629,https://www.google.com/search?q=Arthur%20A.%20Levine%20Books%20%E4%BC%9A%E7%A4%BE%E6%A6%82%E8%A6%81%20%E5%95%8F%E3%81%84%E5%90%88%E3%82%8F%E3%81%9B%20%E5%8D%B8
AthleteBody株式会社,1,本,条件付き（再販/版元カテゴリ）,ルートカテゴリ=本,未判定,manufacturer日本語／メーカー名日本語／日本法人格,なし,あり,タウンズマート,1,2,3,2794,4991208505,肉体改造のピラミッド 栄養編,https://www.amazon.co.jp/dp/4991208505,https://www.google.com/search?q=AthleteBody%E6%A0%AA%E5%BC%8F%E4%BC%9A%E7%A4%BE%20%E4%BC%9A%E7%A4%BE%E6%A6%82%E8%A6%81%20%E5%95%8F%E3%81%84%E5%90%88%E3%82%8F%E3%81%9B%20%E5%8D%B8
Authors Equity,1,洋書,条件付き（再販/版元カテゴリ）,ルートカテゴリ=洋書,未判定,なし,なし,なし,,0,4,4,2549,B0F9VM4V5N,The Almanack of Naval Ravikant: A Guide to Wealth and Happin,https://www.amazon.co.jp/dp/B0F9VM4V5N,https://www.google.com/search?q=Authors%20Equity%20%E4%BC%9A%E7%A4%BE%E6%A6%82%E8%A6%81%20%E5%95%8F%E3%81%84%E5%90%88%E3%82%8F%E3%81%9B%20%E5%8D%B8
B ZONE,1,ミュージック,条件付き（再販/版元カテゴリ）,ルートカテゴリ=ミュージック,未判定,JAN45/49,なし,あり,総合アニメショップ「赤い熊さん」(oricon/Billboard加盟店) / エスネット ストアー / ブックマーケティング(ご注文確定前に表示の到着予定日をご確認下さい、ご注文後のキャンセルご遠慮下さい,4,4,4,1686,B0DTKNSG5X,「TIME STEW」 (初回限定盤B) (CD+LIVE CD）,https://www.amazon.co.jp/dp/B0DTKNSG5X,https://www.google.com/search?q=B%20ZONE%20%E4%BC%9A%E7%A4%BE%E6%A6%82%E8%A6%81%20%E5%95%8F%E3%81%84%E5%90%88%E3%82%8F%E3%81%9B%20%E5%8D%B8
BEAT RECORDS / MATADOR RECORDS,1,ミュージック,条件付き（再販/版元カテゴリ）,ルートカテゴリ=ミュージック,未判定,JAN45/49,なし,あり,ブックマーケティング(ご注文確定前に表示の到着予定日をご確認下さい、ご注文後のキャンセルご遠慮下さい / グローバル・ハブ,2,2,2,927,B0FCMS9H8Z,Who Is The Sky? [解説書／歌詞対訳付／国内盤CD] (OLE2178CDJP),https://www.amazon.co.jp/dp/B0FCMS9H8Z,https://www.google.com/search?q=BEAT%20RECORDS%20/%20MATADOR%20RECORDS%20%E4%BC%9A%E7%A4%BE%E6%A6%82%E8%A6%81%20%E5%95%8F%E3%81%84%E5%90%88%E3%82%8F%E3%81%9B%20%E5%8D%B8
BEAT RECORDS / Night Time Stories,1,ミュージック,条件付き（再販/版元カテゴリ）,ルートカテゴリ=ミュージック,未判定,JAN45/49,なし,あり,RECORD CITY/DUBSTORE ※土日休み (総在庫数100万点以上のレコードCD専門店) / ブックマーケティング(ご注文確定前に表示の到着予定日をご確認下さい、ご注文後のキャンセルご遠慮下さい / ビビッドメディアストア,3,4,4,2968,B0FX5X6PVR,Con Todo El Mundo[輸入盤LP／数量限定／日本語帯付／解説付](ALNLP050RBR) [Analog,https://www.amazon.co.jp/dp/B0FX5X6PVR,https://www.google.com/search?q=BEAT%20RECORDS%20/%20Night%20Time%20Stories%20%E4%BC%9A%E7%A4%BE%E6%A6%82%E8%A6%81%20%E5%95%8F%E3%81%84%E5%90%88%E3%82%8F%E3%81%9B%20%E5%8D%B8
BOLYDOOM,1,ミュージック,条件付き（再販/版元カテゴリ）,ルートカテゴリ=ミュージック,未判定,なし,なし,あり,★英国の販売代理店★,1,6,6,2518,B09SFM9WR7,Blue Train (Orignial Recording) (ブルー・ヴァイナル仕様 / アナログレコード),https://www.amazon.co.jp/dp/B09SFM9WR7,https://www.google.com/search?q=BOLYDOOM%20%E4%BC%9A%E7%A4%BE%E6%A6%82%E8%A6%81%20%E5%95%8F%E3%81%84%E5%90%88%E3%82%8F%E3%81%9B%20%E5%8D%B8
Barbie,1,PCソフト,条件付き（再販/版元カテゴリ）,ルートカテゴリ=PCソフト,未判定,なし,なし,なし,,0,2,2,3496,B0B627GTQM,Barbie Fashionista Boneca Cadeira de Rodas Roxa,https://www.amazon.co.jp/dp/B0B627GTQM,https://www.google.com/search?q=Barbie%20%E4%BC%9A%E7%A4%BE%E6%A6%82%E8%A6%81%20%E5%95%8F%E3%81%84%E5%90%88%E3%82%8F%E3%81%9B%20%E5%8D%B8
Barnes & Noble,1,洋書,条件付き（再販/版元カテゴリ）,ルートカテゴリ=洋書,未判定,なし,なし,あり,あたらしや商店,1,3,3,7225,1435158105,Complete Sherlock Holmes (Barnes & (Barnes & Noble Leatherbo,https://www.amazon.co.jp/dp/1435158105,https://www.google.com/search?q=Barnes%20%26%20Noble%20%E4%BC%9A%E7%A4%BE%E6%A6%82%E8%A6%81%20%E5%95%8F%E3%81%84%E5%90%88%E3%82%8F%E3%81%9B%20%E5%8D%B8
Bethesda,1,ゲーム,条件付き（再販/版元カテゴリ）,ルートカテゴリ=ゲーム,未判定,JAN45/49／manufacturer日本語,なし,あり,クイックプラス / コレクターズ倉庫　全商品クリーニング・除菌済み,2,4,4,1981,B01JHV56BA,The Elder Scrolls V: Skyrim SPECIAL EDITION 【CEROレーティング「Z」】 ,https://www.amazon.co.jp/dp/B01JHV56BA,https://www.google.com/search?q=Bethesda%20%E4%BC%9A%E7%A4%BE%E6%A6%82%E8%A6%81%20%E5%95%8F%E3%81%84%E5%90%88%E3%82%8F%E3%81%9B%20%E5%8D%B8
Blackstone Publishing,1,洋書,条件付き（再販/版元カテゴリ）,ルートカテゴリ=洋書,未判定,なし,なし,あり,グローバル・ハブ,1,5,5,3109,B0B8B8JWMF,The Seven Husbands of Evelyn Hugo,https://www.amazon.co.jp/dp/B0B8B8JWMF,https://www.google.com/search?q=Blackstone%20Publishing%20%E4%BC%9A%E7%A4%BE%E6%A6%82%E8%A6%81%20%E5%95%8F%E3%81%84%E5%90%88%E3%82%8F%E3%81%9B%20%E5%8D%B8
Blaze Entertainment,1,PCソフト,条件付き（再販/版元カテゴリ）,ルートカテゴリ=PCソフト,未判定,なし,なし,あり,OSEオンラインストア,1,3,3,3225,B0FPG1X2JP,Blaze Evercade The Llamasoftコレクション。,https://www.amazon.co.jp/dp/B0FPG1X2JP,https://www.google.com/search?q=Blaze%20Entertainment%20%E4%BC%9A%E7%A4%BE%E6%A6%82%E8%A6%81%20%E5%95%8F%E3%81%84%E5%90%88%E3%82%8F%E3%81%9B%20%E5%8D%B8
Bodley Head,1,洋書,条件付き（再販/版元カテゴリ）,ルートカテゴリ=洋書,未判定,なし,なし,あり,★英国の販売代理店★,1,6,6,6783,1847927270,Technofeudalism: What Killed Capitalism,https://www.amazon.co.jp/dp/1847927270,https://www.google.com/search?q=Bodley%20Head%20%E4%BC%9A%E7%A4%BE%E6%A6%82%E8%A6%81%20%E5%95%8F%E3%81%84%E5%90%88%E3%82%8F%E3%81%9B%20%E5%8D%B8
Bolinda/Audible Audio,1,洋書,条件付き（再販/版元カテゴリ）,ルートカテゴリ=洋書,未判定,なし,なし,あり,緑ケ丘ストア,1,3,3,3819,186755609X,Project Hail Mary,https://www.amazon.co.jp/dp/186755609X,https://www.google.com/search?q=Bolinda/Audible%20Audio%20%E4%BC%9A%E7%A4%BE%E6%A6%82%E8%A6%81%20%E5%95%8F%E3%81%84%E5%90%88%E3%82%8F%E3%81%9B%20%E5%8D%B8
Business,1,洋書,条件付き（再販/版元カテゴリ）,ルートカテゴリ=洋書,未判定,なし,なし,なし,,0,2,2,8320,1504735056,Never Split the Difference: Negotiating As If Your Life Depe,https://www.amazon.co.jp/dp/1504735056,https://www.google.com/search?q=Business%20%E4%BC%9A%E7%A4%BE%E6%A6%82%E8%A6%81%20%E5%95%8F%E3%81%84%E5%90%88%E3%82%8F%E3%81%9B%20%E5%8D%B8
C&L,1,DVD,条件付き（再販/版元カテゴリ）,ルートカテゴリ=DVD,未判定,なし,なし,あり,アメリウスショップ,1,3,3,11025,B00MF2574U,Cinderella [Blu-ray],https://www.amazon.co.jp/dp/B00MF2574U,https://www.google.com/search?q=C%26L%20%E4%BC%9A%E7%A4%BE%E6%A6%82%E8%A6%81%20%E5%95%8F%E3%81%84%E5%90%88%E3%82%8F%E3%81%9B%20%E5%8D%B8
Cambridge University Press,1,洋書,条件付き（再販/版元カテゴリ）,ルートカテゴリ=洋書,未判定,なし,なし,あり,セブン・カラー（SEVEN COLOR）,1,3,3,2480,052113353X,Basic Grammar in Use Student's Book with Answers: Self-study,https://www.amazon.co.jp/dp/052113353X,https://www.google.com/search?q=Cambridge%20University%20Press%20%E4%BC%9A%E7%A4%BE%E6%A6%82%E8%A6%81%20%E5%95%8F%E3%81%84%E5%90%88%E3%82%8F%E3%81%9B%20%E5%8D%B8
Cengage Learning,1,洋書,条件付き（再販/版元カテゴリ）,ルートカテゴリ=洋書,未判定,なし,なし,なし,,0,2,2,1453,0357116275,Reading Explorer 3,https://www.amazon.co.jp/dp/0357116275,https://www.google.com/search?q=Cengage%20Learning%20%E4%BC%9A%E7%A4%BE%E6%A6%82%E8%A6%81%20%E5%95%8F%E3%81%84%E5%90%88%E3%82%8F%E3%81%9B%20%E5%8D%B8
Classic Editions,1,洋書,条件付き（再販/版元カテゴリ）,ルートカテゴリ=洋書,未判定,なし,なし,なし,,0,2,2,5375,1804450774,The Little Prince,https://www.amazon.co.jp/dp/1804450774,https://www.google.com/search?q=Classic%20Editions%20%E4%BC%9A%E7%A4%BE%E6%A6%82%E8%A6%81%20%E5%95%8F%E3%81%84%E5%90%88%E3%82%8F%E3%81%9B%20%E5%8D%B8
Concorde Home Entertainment,1,DVD,条件付き（再販/版元カテゴリ）,ルートカテゴリ=DVD,未判定,なし,なし,なし,,0,5,5,5373,B007WXCA7Y,Driving Miss Daisy [Blu-ray],https://www.amazon.co.jp/dp/B007WXCA7Y,https://www.google.com/search?q=Concorde%20Home%20Entertainment%20%E4%BC%9A%E7%A4%BE%E6%A6%82%E8%A6%81%20%E5%95%8F%E3%81%84%E5%90%88%E3%82%8F%E3%81%9B%20%E5%8D%B8
Criterion Collection,1,DVD,条件付き（再販/版元カテゴリ）,ルートカテゴリ=DVD,未判定,なし,なし,あり,インポートショップ泉堂,1,5,5,2277,B087CVYQ2W,"Dr. Strangelove, Or: How I Learned to Stop Worrying and Love",https://www.amazon.co.jp/dp/B087CVYQ2W,https://www.google.com/search?q=Criterion%20Collection%20%E4%BC%9A%E7%A4%BE%E6%A6%82%E8%A6%81%20%E5%95%8F%E3%81%84%E5%90%88%E3%82%8F%E3%81%9B%20%E5%8D%B8
DVDBOX5枚組,1,PCソフト,条件付き（再販/版元カテゴリ）,ルートカテゴリ=PCソフト,会社名でない,JAN45/49／manufacturer日本語／メーカー名日本語,なし,あり,ぷーーーーちゃん（インボイス登録事業者）,1,2,2,1350,B01N7BHYES,古畑任三郎DVDBOX2ndseason [並行輸入品],https://www.amazon.co.jp/dp/B01N7BHYES,https://www.google.com/search?q=DVDBOX5%E6%9E%9A%E7%B5%84%20%E4%BC%9A%E7%A4%BE%E6%A6%82%E8%A6%81%20%E5%95%8F%E3%81%84%E5%90%88%E3%82%8F%E3%81%9B%20%E5%8D%B8
Def Jam,1,ミュージック,条件付き（再販/版元カテゴリ）,ルートカテゴリ=ミュージック,未判定,なし,なし,なし,,0,4,4,2665,B016BYAEAO,PURPOSE [Analog],https://www.amazon.co.jp/dp/B016BYAEAO,https://www.google.com/search?q=Def%20Jam%20%E4%BC%9A%E7%A4%BE%E6%A6%82%E8%A6%81%20%E5%95%8F%E3%81%84%E5%90%88%E3%82%8F%E3%81%9B%20%E5%8D%B8
Destination Moon,1,ミュージック,条件付き（再販/版元カテゴリ）,ルートカテゴリ=ミュージック,未判定,なし,なし,あり,ビビッドメディアストア,1,4,4,2268,B0CYTD5B8S,Sketches Of Spain (Numbered Edition) (Clear Vinyl),https://www.amazon.co.jp/dp/B0CYTD5B8S,https://www.google.com/search?q=Destination%20Moon%20%E4%BC%9A%E7%A4%BE%E6%A6%82%E8%A6%81%20%E5%95%8F%E3%81%84%E5%90%88%E3%82%8F%E3%81%9B%20%E5%8D%B8
Discotech Media,1,DVD,条件付き（再販/版元カテゴリ）,ルートカテゴリ=DVD,未判定,なし,なし,あり,インポートワークス【適格請求書発行事業者】 / prime ショッピング（1st）,2,2,2,6333,B09VWFB6XD,ルパン三世 first- TV. コンプリート（全23話収録） 北米版 Blu－ray （国内プレーヤーで再生可能）,https://www.amazon.co.jp/dp/B09VWFB6XD,https://www.google.com/search?q=Discotech%20Media%20%E4%BC%9A%E7%A4%BE%E6%A6%82%E8%A6%81%20%E5%95%8F%E3%81%84%E5%90%88%E3%82%8F%E3%81%9B%20%E5%8D%B8
Disney Baby,1,DVD,条件付き（再販/版元カテゴリ）,ルートカテゴリ=DVD,未判定,なし,なし,あり,抜き取りすり替え対策済みのため安心してお買い求め下さい◎リサイクル梱包材発送◎合同会社グランウエスト / クロスフロンティア,2,4,4,10045,B00540G3G6,Nightmare Before Christmas [Blu-ray] [Import],https://www.amazon.co.jp/dp/B00540G3G6,https://www.google.com/search?q=Disney%20Baby%20%E4%BC%9A%E7%A4%BE%E6%A6%82%E8%A6%81%20%E5%95%8F%E3%81%84%E5%90%88%E3%82%8F%E3%81%9B%20%E5%8D%B8
Dolce & Gabbana,1,ミュージック,条件付き（再販/版元カテゴリ）,ルートカテゴリ=ミュージック,未判定,なし,なし,なし,,0,2,2,4547,B0C368G5QZ,A Symphonic Celebration - Music from the Studio Ghibli Films,https://www.amazon.co.jp/dp/B0C368G5QZ,https://www.google.com/search?q=Dolce%20%26%20Gabbana%20%E4%BC%9A%E7%A4%BE%E6%A6%82%E8%A6%81%20%E5%95%8F%E3%81%84%E5%90%88%E3%82%8F%E3%81%9B%20%E5%8D%B8
Doubleday,1,洋書,条件付き（再販/版元カテゴリ）,ルートカテゴリ=洋書,未判定,なし,なし,なし,,0,5,5,5043,0385676514,"Thinking, Fast and Slow",https://www.amazon.co.jp/dp/0385676514,https://www.google.com/search?q=Doubleday%20%E4%BC%9A%E7%A4%BE%E6%A6%82%E8%A6%81%20%E5%95%8F%E3%81%84%E5%90%88%E3%82%8F%E3%81%9B%20%E5%8D%B8
E-Kitap Projesi & Cheapest Books,1,洋書,条件付き（再販/版元カテゴリ）,ルートカテゴリ=洋書,未判定,なし,なし,なし,,0,5,5,3376,6257120918,Animal Farm (Essential Orwell Classics),https://www.amazon.co.jp/dp/6257120918,https://www.google.com/search?q=E-Kitap%20Projesi%20%26%20Cheapest%20Books%20%E4%BC%9A%E7%A4%BE%E6%A6%82%E8%A6%81%20%E5%95%8F%E3%81%84%E5%90%88%E3%82%8F%E3%81%9B%20%E5%8D%B8
EMI,1,ミュージック,条件付き（再販/版元カテゴリ）,ルートカテゴリ=ミュージック,未判定,なし,なし,なし,,0,2,2,4518,B000024ZVQ,Back in Black,https://www.amazon.co.jp/dp/B000024ZVQ,https://www.google.com/search?q=EMI%20%E4%BC%9A%E7%A4%BE%E6%A6%82%E8%A6%81%20%E5%95%8F%E3%81%84%E5%90%88%E3%82%8F%E3%81%9B%20%E5%8D%B8
ENTEKE,1,DVD,条件付き（再販/版元カテゴリ）,ルートカテゴリ=DVD,未判定,なし,なし,あり,もっちわくわく / みゆでぃん / ユウダイストア,3,5,5,8973,B004H3C2TI,"Monsters, Inc. Disney Pixar LIMITED EDITION GIFT SET Include",https://www.amazon.co.jp/dp/B004H3C2TI,https://www.google.com/search?q=ENTEKE%20%E4%BC%9A%E7%A4%BE%E6%A6%82%E8%A6%81%20%E5%95%8F%E3%81%84%E5%90%88%E3%82%8F%E3%81%9B%20%E5%8D%B8
ESET,1,PCソフト,条件付き（再販/版元カテゴリ）,ルートカテゴリ=PCソフト,大企業の見込み,JAN45/49／manufacturer日本語,なし,あり,デジタルフレックスジャパン★安心安全をモットー★信頼の高評価,1,2,2,7348,B09GV9KPKY,ESET HOME セキュリティ プレミアム| 5台3年 |カード版|ウイルス対策|Win/Mac/Android/iO,https://www.amazon.co.jp/dp/B09GV9KPKY,https://www.google.com/search?q=ESET%20%E4%BC%9A%E7%A4%BE%E6%A6%82%E8%A6%81%20%E5%95%8F%E3%81%84%E5%90%88%E3%82%8F%E3%81%9B%20%E5%8D%B8
El Dia,1,PCソフト,条件付き（再販/版元カテゴリ）,ルートカテゴリ=PCソフト,判定不能,JAN45/49,なし,あり,【✅お急ぎ便対応】クールジャパンストア【インボイス登録店 / アキネット,2,4,3,6109,B01MQY6U5P,DESIRE remaster ver.,https://www.amazon.co.jp/dp/B01MQY6U5P,https://www.google.com/search?q=El%20Dia%20%E4%BC%9A%E7%A4%BE%E6%A6%82%E8%A6%81%20%E5%95%8F%E3%81%84%E5%90%88%E3%82%8F%E3%81%9B%20%E5%8D%B8
Elekasumi,1,ゲーム,条件付き（再販/版元カテゴリ）,ルートカテゴリ=ゲーム,未判定,なし,なし,なし,,0,2,2,2915,B0FVWV9BML,Elekasumi Switch 2 グリップコントローラー【新アップグレード】携帯モードコントローラー 一体型 スリー,https://www.amazon.co.jp/dp/B0FVWV9BML,https://www.google.com/search?q=Elekasumi%20%E4%BC%9A%E7%A4%BE%E6%A6%82%E8%A6%81%20%E5%95%8F%E3%81%84%E5%90%88%E3%82%8F%E3%81%9B%20%E5%8D%B8
Entergram,1,PCソフト,条件付き（再販/版元カテゴリ）,ルートカテゴリ=PCソフト,中小の見込み,JAN45/49／manufacturer日本語,なし,あり,【✅お急ぎ便対応】クールジャパンストア【インボイス登録店 / おたいちグローバル,2,3,2,649,B0B1QMPYTM,となりに彼女のいる幸せ i fight with summer プレミアムエディション,https://www.amazon.co.jp/dp/B0B1QMPYTM,https://www.google.com/search?q=Entergram%20%E4%BC%9A%E7%A4%BE%E6%A6%82%E8%A6%81%20%E5%95%8F%E3%81%84%E5%90%88%E3%82%8F%E3%81%9B%20%E5%8D%B8
Epic,1,ミュージック,条件付き（再販/版元カテゴリ）,ルートカテゴリ=ミュージック,未判定,なし,なし,なし,,0,2,2,2920,B0000248BJ,Love Deluxe,https://www.amazon.co.jp/dp/B0000248BJ,https://www.google.com/search?q=Epic%20%E4%BC%9A%E7%A4%BE%E6%A6%82%E8%A6%81%20%E5%95%8F%E3%81%84%E5%90%88%E3%82%8F%E3%81%9B%20%E5%8D%B8
Evercade,1,PCソフト,条件付き（再販/版元カテゴリ）,ルートカテゴリ=PCソフト,未判定,なし,なし,あり,良品スーパーセール※購入前にコンディション＆出品者情報確認と承諾 / super market ※購入前にコンディション＆出品者情報確認して購入 / ミスクショップ,3,4,4,2258,B07XGBV6GW,Cartucho Evercade Mega Cat 1,https://www.amazon.co.jp/dp/B07XGBV6GW,https://www.google.com/search?q=Evercade%20%E4%BC%9A%E7%A4%BE%E6%A6%82%E8%A6%81%20%E5%95%8F%E3%81%84%E5%90%88%E3%82%8F%E3%81%9B%20%E5%8D%B8
Evosound,1,ミュージック,条件付き（再販/版元カテゴリ）,ルートカテゴリ=ミュージック,未判定,なし,なし,なし,,0,2,2,11340,B09BKBQK9H,Feel Like Making Live! (輸入盤/2LP/180g重量盤/オレンジカラー盤) [Analog],https://www.amazon.co.jp/dp/B09BKBQK9H,https://www.google.com/search?q=Evosound%20%E4%BC%9A%E7%A4%BE%E6%A6%82%E8%A6%81%20%E5%95%8F%E3%81%84%E5%90%88%E3%82%8F%E3%81%9B%20%E5%8D%B8
Faber & Faber,1,洋書,条件付き（再販/版元カテゴリ）,ルートカテゴリ=洋書,未判定,なし,なし,あり,京都 大垣書店プラス / 滋賀びわこ書店,2,4,4,728,0571224148,Never Let Me Go,https://www.amazon.co.jp/dp/0571224148,https://www.google.com/search?q=Faber%20%26%20Faber%20%E4%BC%9A%E7%A4%BE%E6%A6%82%E8%A6%81%20%E5%95%8F%E3%81%84%E5%90%88%E3%82%8F%E3%81%9B%20%E5%8D%B8
"Farrar, Straus and Giroux",1,洋書,条件付き（再販/版元カテゴリ）,ルートカテゴリ=洋書,未判定,なし,なし,あり,★英国の販売代理店★,1,6,6,2810,0374332657,Holes (Newberry Medal Book),https://www.amazon.co.jp/dp/0374332657,https://www.google.com/search?q=Farrar%2C%20Straus%20and%20Giroux%20%E4%BC%9A%E7%A4%BE%E6%A6%82%E8%A6%81%20%E5%95%8F%E3%81%84%E5%90%88%E3%82%8F%E3%81%9B%20%E5%8D%B8
Fox (Selecta),1,DVD,条件付き（再販/版元カテゴリ）,ルートカテゴリ=DVD,未判定,なし,なし,あり,グローバルショップ1,1,5,5,5552,B01BHBV1IK,El Castillo De Cagliostro - Edici Digibook,https://www.amazon.co.jp/dp/B01BHBV1IK,https://www.google.com/search?q=Fox%20%28Selecta%29%20%E4%BC%9A%E7%A4%BE%E6%A6%82%E8%A6%81%20%E5%95%8F%E3%81%84%E5%90%88%E3%82%8F%E3%81%9B%20%E5%8D%B8
Garnier Editora,1,洋書,条件付き（再販/版元カテゴリ）,ルートカテゴリ=洋書,未判定,なし,なし,なし,,0,2,2,3822,6584956601,The Little Prince,https://www.amazon.co.jp/dp/6584956601,https://www.google.com/search?q=Garnier%20Editora%20%E4%BC%9A%E7%A4%BE%E6%A6%82%E8%A6%81%20%E5%95%8F%E3%81%84%E5%90%88%E3%82%8F%E3%81%9B%20%E5%8D%B8
Globular Cluster,1,ゲーム,条件付き（再販/版元カテゴリ）,ルートカテゴリ=ゲーム,未判定,なし,なし,あり,BFE【適格請求書発行事業者】 / YMKマルシェ(適格請求書発行事業者),2,5,5,5815,B0CBJY4DR2,球状クラスター CMP2 快適 Mod PS VR 2用,https://www.amazon.co.jp/dp/B0CBJY4DR2,https://www.google.com/search?q=Globular%20Cluster%20%E4%BC%9A%E7%A4%BE%E6%A6%82%E8%A6%81%20%E5%95%8F%E3%81%84%E5%90%88%E3%82%8F%E3%81%9B%20%E5%8D%B8
Goliath,1,本,条件付き（再販/版元カテゴリ）,ルートカテゴリ=本,未判定,なし,なし,なし,,0,2,2,4465,3957309840,Naked Girls Club,https://www.amazon.co.jp/dp/3957309840,https://www.google.com/search?q=Goliath%20%E4%BC%9A%E7%A4%BE%E6%A6%82%E8%A6%81%20%E5%95%8F%E3%81%84%E5%90%88%E3%82%8F%E3%81%9B%20%E5%8D%B8
Grace nnvg,1,DVD,条件付き（再販/版元カテゴリ）,ルートカテゴリ=DVD,未判定,なし,なし,なし,,0,4,4,9154,B002IC1CX2,"300 : Steelbook German Release : English, French, German. Sp",https://www.amazon.co.jp/dp/B002IC1CX2,https://www.google.com/search?q=Grace%20nnvg%20%E4%BC%9A%E7%A4%BE%E6%A6%82%E8%A6%81%20%E5%95%8F%E3%81%84%E5%90%88%E3%82%8F%E3%81%9B%20%E5%8D%B8
Grand Central Publishing,1,洋書,条件付き（再販/版元カテゴリ）,ルートカテゴリ=洋書,未判定,なし,なし,あり,★英国の販売代理店★,1,2,2,995,1538724731,Verity,https://www.amazon.co.jp/dp/1538724731,https://www.google.com/search?q=Grand%20Central%20Publishing%20%E4%BC%9A%E7%A4%BE%E6%A6%82%E8%A6%81%20%E5%95%8F%E3%81%84%E5%90%88%E3%82%8F%E3%81%9B%20%E5%8D%B8
Graphixly,1,PCソフト,条件付き（再販/版元カテゴリ）,ルートカテゴリ=PCソフト,未判定,なし,なし,あり,BLUEK /適格請求書発行事業者/ / Smilea Net スマイレアネット,2,2,2,7207,B07DYSR1QH,CLIP STUDIO PAINT PRO - NEW Branding [並行輸入品] (Windows/Mac),https://www.amazon.co.jp/dp/B07DYSR1QH,https://www.google.com/search?q=Graphixly%20%E4%BC%9A%E7%A4%BE%E6%A6%82%E8%A6%81%20%E5%95%8F%E3%81%84%E5%90%88%E3%82%8F%E3%81%9B%20%E5%8D%B8
HTB 北海道テレビ,1,DVD,条件付き（再販/版元カテゴリ）,ルートカテゴリ=DVD,未判定,JAN45/49／manufacturer日本語／メーカー名日本語,なし,あり,さっぽろ 弥十郎商店,1,3,3,3188,B005SKR4UG,水曜どうでしょう 第16弾 72時間! 原付東日本縦断ラリー/シェフ大泉 夏野菜スペシャル,https://www.amazon.co.jp/dp/B005SKR4UG,https://www.google.com/search?q=HTB%20%E5%8C%97%E6%B5%B7%E9%81%93%E3%83%86%E3%83%AC%E3%83%93%20%E4%BC%9A%E7%A4%BE%E6%A6%82%E8%A6%81%20%E5%95%8F%E3%81%84%E5%90%88%E3%82%8F%E3%81%9B%20%E5%8D%B8
Hachette Audio,1,洋書,条件付き（再販/版元カテゴリ）,ルートカテゴリ=洋書,未判定,なし,なし,なし,,0,2,2,7697,1405500662,"Tuesdays With Morrie: An old man, a young man, and life's gr",https://www.amazon.co.jp/dp/1405500662,https://www.google.com/search?q=Hachette%20Audio%20%E4%BC%9A%E7%A4%BE%E6%A6%82%E8%A6%81%20%E5%95%8F%E3%81%84%E5%90%88%E3%82%8F%E3%81%9B%20%E5%8D%B8
Harper Perennial Modern Classics,1,洋書,条件付き（再販/版元カテゴリ）,ルートカテゴリ=洋書,未判定,なし,なし,なし,,0,3,3,1075,0060929871,Brave New World (Perennial Classics),https://www.amazon.co.jp/dp/0060929871,https://www.google.com/search?q=Harper%20Perennial%20Modern%20Classics%20%E4%BC%9A%E7%A4%BE%E6%A6%82%E8%A6%81%20%E5%95%8F%E3%81%84%E5%90%88%E3%82%8F%E3%81%9B%20%E5%8D%B8
HarperCollins,1,洋書,条件付き（再販/版元カテゴリ）,ルートカテゴリ=洋書,未判定,なし,なし,あり,★英国の販売代理店★,1,5,5,4370,0064471195,"The Chronicles of Narnia: The Magician's Nephew/the Lion, th",https://www.amazon.co.jp/dp/0064471195,https://www.google.com/search?q=HarperCollins%20%E4%BC%9A%E7%A4%BE%E6%A6%82%E8%A6%81%20%E5%95%8F%E3%81%84%E5%90%88%E3%82%8F%E3%81%9B%20%E5%8D%B8
Harriman House,1,洋書,条件付き（再販/版元カテゴリ）,ルートカテゴリ=洋書,未判定,なし,なし,あり,★英国の販売代理店★,1,2,2,2928,0857199099,"The Psychology of Money: Timeless Lessons on Wealth, Greed, ",https://www.amazon.co.jp/dp/0857199099,https://www.google.com/search?q=Harriman%20House%20%E4%BC%9A%E7%A4%BE%E6%A6%82%E8%A6%81%20%E5%95%8F%E3%81%84%E5%90%88%E3%82%8F%E3%81%9B%20%E5%8D%B8
Harvill Secker,1,洋書,条件付き（再販/版元カテゴリ）,ルートカテゴリ=洋書,未判定,なし,なし,なし,,0,2,2,3314,1787301087,Nineteen Eighty-Four,https://www.amazon.co.jp/dp/1787301087,https://www.google.com/search?q=Harvill%20Secker%20%E4%BC%9A%E7%A4%BE%E6%A6%82%E8%A6%81%20%E5%95%8F%E3%81%84%E5%90%88%E3%82%8F%E3%81%9B%20%E5%8D%B8
Hawk Press,1,洋書,条件付き（再販/版元カテゴリ）,ルートカテゴリ=洋書,未判定,なし,なし,なし,,0,6,6,2357,9395034173,1984,https://www.amazon.co.jp/dp/9395034173,https://www.google.com/search?q=Hawk%20Press%20%E4%BC%9A%E7%A4%BE%E6%A6%82%E8%A6%81%20%E5%95%8F%E3%81%84%E5%90%88%E3%82%8F%E3%81%9B%20%E5%8D%B8
Heinle ELT,1,洋書,条件付き（再販/版元カテゴリ）,ルートカテゴリ=洋書,未判定,なし,なし,なし,,0,2,2,1453,0357116291,Reading Explorer 4,https://www.amazon.co.jp/dp/0357116291,https://www.google.com/search?q=Heinle%20ELT%20%E4%BC%9A%E7%A4%BE%E6%A6%82%E8%A6%81%20%E5%95%8F%E3%81%84%E5%90%88%E3%82%8F%E3%81%9B%20%E5%8D%B8
Hodderscape,1,洋書,条件付き（再販/版元カテゴリ）,ルートカテゴリ=洋書,未判定,なし,なし,あり,★英国の販売代理店★,1,5,5,666,1399741195,Red Rising: enter the explosive first book in the globally b,https://www.amazon.co.jp/dp/1399741195,https://www.google.com/search?q=Hodderscape%20%E4%BC%9A%E7%A4%BE%E6%A6%82%E8%A6%81%20%E5%95%8F%E3%81%84%E5%90%88%E3%82%8F%E3%81%9B%20%E5%8D%B8
Htlaew,1,DVD,条件付き（再販/版元カテゴリ）,ルートカテゴリ=DVD,未判定,なし,なし,なし,,0,2,2,4079,B00EPKVGAE,Karate Kid [Blu-ray],https://www.amazon.co.jp/dp/B00EPKVGAE,https://www.google.com/search?q=Htlaew%20%E4%BC%9A%E7%A4%BE%E6%A6%82%E8%A6%81%20%E5%95%8F%E3%81%84%E5%90%88%E3%82%8F%E3%81%9B%20%E5%8D%B8
Imports,1,DVD,条件付き（再販/版元カテゴリ）,ルートカテゴリ=DVD,未判定,なし,なし,あり,よろず流通館 送料無料！年中無休でお届けします！,1,2,2,7027,B004KA6HRG,Meet Joe Black [Blu-ray] [Import],https://www.amazon.co.jp/dp/B004KA6HRG,https://www.google.com/search?q=Imports%20%E4%BC%9A%E7%A4%BE%E6%A6%82%E8%A6%81%20%E5%95%8F%E3%81%84%E5%90%88%E3%82%8F%E3%81%9B%20%E5%8D%B8
Island Uk,1,ミュージック,条件付き（再販/版元カテゴリ）,ルートカテゴリ=ミュージック,未判定,なし,なし,なし,,0,3,3,4076,B0DH7LS1XJ,Back To Black / Valerie [Analog],https://www.amazon.co.jp/dp/B0DH7LS1XJ,https://www.google.com/search?q=Island%20Uk%20%E4%BC%9A%E7%A4%BE%E6%A6%82%E8%A6%81%20%E5%95%8F%E3%81%84%E5%90%88%E3%82%8F%E3%81%9B%20%E5%8D%B8
Jiobbo,1,DVD,条件付き（再販/版元カテゴリ）,ルートカテゴリ=DVD,未判定,なし,なし,なし,,0,3,3,8177,B00K77FM6I,Godzilla Steelbook (exklusiv bei Amazon.de) [3D Blu-ray] [Li,https://www.amazon.co.jp/dp/B00K77FM6I,https://www.google.com/search?q=Jiobbo%20%E4%BC%9A%E7%A4%BE%E6%A6%82%E8%A6%81%20%E5%95%8F%E3%81%84%E5%90%88%E3%82%8F%E3%81%9B%20%E5%8D%B8
KARLTUFOU,1,DVD,条件付き（再販/版元カテゴリ）,ルートカテゴリ=DVD,未判定,なし,なし,あり,うきうき輸入市場(年中無休出荷),1,4,4,3843,B00UAMEV6W,The Terminator [Blu-ray],https://www.amazon.co.jp/dp/B00UAMEV6W,https://www.google.com/search?q=KARLTUFOU%20%E4%BC%9A%E7%A4%BE%E6%A6%82%E8%A6%81%20%E5%95%8F%E3%81%84%E5%90%88%E3%82%8F%E3%81%9B%20%E5%8D%B8
KRE,1,DVD,条件付き（再販/版元カテゴリ）,ルートカテゴリ=DVD,未判定,JAN45/49,なし,あり,Beautiful Lifeショップ / eストアー / Web shop はるき,5,6,6,4853,B07B12HMLC,25th L'Anniversary LIVE(初回生産限定盤) [Blu-ray],https://www.amazon.co.jp/dp/B07B12HMLC,https://www.google.com/search?q=KRE%20%E4%BC%9A%E7%A4%BE%E6%A6%82%E8%A6%81%20%E5%95%8F%E3%81%84%E5%90%88%E3%82%8F%E3%81%9B%20%E5%8D%B8
Kakehashi Games,1,ゲーム,条件付き（再販/版元カテゴリ）,ルートカテゴリ=ゲーム,未判定,JAN45/49／manufacturer日本語／日本法人格,なし,あり,あじあ堂 / CYAKOマーケット（適格請求書発行事業者） / オーガスタジャパン,3,4,4,4285,B0CVX7K4LB,スナフキン:ムーミン谷のメロディ 限定版,https://www.amazon.co.jp/dp/B0CVX7K4LB,https://www.google.com/search?q=Kakehashi%20Games%20%E4%BC%9A%E7%A4%BE%E6%A6%82%E8%A6%81%20%E5%95%8F%E3%81%84%E5%90%88%E3%82%8F%E3%81%9B%20%E5%8D%B8
Key Sounds Label,1,ミュージック,条件付き（再販/版元カテゴリ）,ルートカテゴリ=ミュージック,未判定,JAN45/49,なし,あり,インボイス制度対応済 SHOP Forest 【千葉県公安委員会 第441010002465号】 / 東京アニメホビー館,2,2,2,3906,B07B67Q393,Rita×Key Memorial Best 『streak of light』,https://www.amazon.co.jp/dp/B07B67Q393,https://www.google.com/search?q=Key%20Sounds%20Label%20%E4%BC%9A%E7%A4%BE%E6%A6%82%E8%A6%81%20%E5%95%8F%E3%81%84%E5%90%88%E3%82%8F%E3%81%9B%20%E5%8D%B8
Kino Lorber,1,DVD,条件付き（再販/版元カテゴリ）,ルートカテゴリ=DVD,未判定,なし,なし,あり,Smilea Net スマイレアネット / ホロニックパス,2,5,5,2594,B09VDTXSHF,For a Few Dollars More [Blu-ray],https://www.amazon.co.jp/dp/B09VDTXSHF,https://www.google.com/search?q=Kino%20Lorber%20%E4%BC%9A%E7%A4%BE%E6%A6%82%E8%A6%81%20%E5%95%8F%E3%81%84%E5%90%88%E3%82%8F%E3%81%9B%20%E5%8D%B8
Kitty Media,1,DVD,条件付き（再販/版元カテゴリ）,ルートカテゴリ=DVD,未判定,なし,なし,あり,リアン~lien~ / タイガメディア / OSEオンラインストア,3,5,5,2592,B0CQ34NV29,ホームスウィートオルギー Home Sweet Orgy ブルーレイ Blu-ray 全3話収録、日本語音声・英語字幕付,https://www.amazon.co.jp/dp/B0CQ34NV29,https://www.google.com/search?q=Kitty%20Media%20%E4%BC%9A%E7%A4%BE%E6%A6%82%E8%A6%81%20%E5%95%8F%E3%81%84%E5%90%88%E3%82%8F%E3%81%9B%20%E5%8D%B8
LEMFUTER,1,DVD,条件付き（再販/版元カテゴリ）,ルートカテゴリ=DVD,未判定,なし,なし,あり,グランドK.T.,1,6,6,8820,B00YR185AK,Monsters Inc [Blu-ray 3D] [Region Free] (Limited Edition),https://www.amazon.co.jp/dp/B00YR185AK,https://www.google.com/search?q=LEMFUTER%20%E4%BC%9A%E7%A4%BE%E6%A6%82%E8%A6%81%20%E5%95%8F%E3%81%84%E5%90%88%E3%82%8F%E3%81%9B%20%E5%8D%B8
Lector House,1,洋書,条件付き（再販/版元カテゴリ）,ルートカテゴリ=洋書,未判定,なし,なし,なし,,0,3,3,3087,9353423031,Anne Of Green Gables,https://www.amazon.co.jp/dp/9353423031,https://www.google.com/search?q=Lector%20House%20%E4%BC%9A%E7%A4%BE%E6%A6%82%E8%A6%81%20%E5%95%8F%E3%81%84%E5%90%88%E3%82%8F%E3%81%9B%20%E5%8D%B8
MANGA ENTERTAINMENT,1,DVD,条件付き（再販/版元カテゴリ）,ルートカテゴリ=DVD,未判定,なし,なし,なし,,0,5,5,8537,B004QOT098,Akira [Blu-ray] [Import],https://www.amazon.co.jp/dp/B004QOT098,https://www.google.com/search?q=MANGA%20ENTERTAINMENT%20%E4%BC%9A%E7%A4%BE%E6%A6%82%E8%A6%81%20%E5%95%8F%E3%81%84%E5%90%88%E3%82%8F%E3%81%9B%20%E5%8D%B8
MENT RECORDING,1,ミュージック,条件付き（再販/版元カテゴリ）,ルートカテゴリ=ミュージック,未判定,なし,なし,あり,【商品写真あり】緋色良品本舗 / 東京エムケイセンター本店 / スニフの夢(適格請求書発行事業者)商品の詳細情報(コンディション)に説明がある場合がございます。,3,3,3,2117,B0DDPNM47L,【メーカー特典あり】RAYS(AL+Blu-ray Disc)(初回盤B)(プリント) - Snow Man (特典:チ,https://www.amazon.co.jp/dp/B0DDPNM47L,https://www.google.com/search?q=MENT%20RECORDING%20%E4%BC%9A%E7%A4%BE%E6%A6%82%E8%A6%81%20%E5%95%8F%E3%81%84%E5%90%88%E3%82%8F%E3%81%9B%20%E5%8D%B8
Macmillan Collector's Library,1,洋書,条件付き（再販/版元カテゴリ）,ルートカテゴリ=洋書,未判定,なし,なし,あり,★英国の販売代理店★,1,5,5,1017,150982801X,Anne of Green Gables (Macmillan Collector's Library),https://www.amazon.co.jp/dp/150982801X,https://www.google.com/search?q=Macmillan%20Collector%27s%20Library%20%E4%BC%9A%E7%A4%BE%E6%A6%82%E8%A6%81%20%E5%95%8F%E3%81%84%E5%90%88%E3%82%8F%E3%81%9B%20%E5%8D%B8
Magrathea Publishing,1,洋書,条件付き（再販/版元カテゴリ）,ルートカテゴリ=洋書,未判定,なし,なし,あり,インポートショップ泉堂 / ★英国の販売代理店★,2,4,4,181,1544514212,The Almanack of Naval Ravikant: A Guide to Wealth and Happin,https://www.amazon.co.jp/dp/1544514212,https://www.google.com/search?q=Magrathea%20Publishing%20%E4%BC%9A%E7%A4%BE%E6%A6%82%E8%A6%81%20%E5%95%8F%E3%81%84%E5%90%88%E3%82%8F%E3%81%9B%20%E5%8D%B8
Media Blasters,1,DVD,条件付き（再販/版元カテゴリ）,ルートカテゴリ=DVD,未判定,なし,なし,あり,pH トレーディング / タイガメディア,2,3,3,2294,B0C3RWWLK5,Teachers In Heat [Region Free] [Blu-ray],https://www.amazon.co.jp/dp/B0C3RWWLK5,https://www.google.com/search?q=Media%20Blasters%20%E4%BC%9A%E7%A4%BE%E6%A6%82%E8%A6%81%20%E5%95%8F%E3%81%84%E5%90%88%E3%82%8F%E3%81%9B%20%E5%8D%B8
Michael Joseph,1,洋書,条件付き（再販/版元カテゴリ）,ルートカテゴリ=洋書,未判定,なし,なし,あり,★英国の販売代理店★,1,5,5,1549,0241721253,The Correspondent,https://www.amazon.co.jp/dp/0241721253,https://www.google.com/search?q=Michael%20Joseph%20%E4%BC%9A%E7%A4%BE%E6%A6%82%E8%A6%81%20%E5%95%8F%E3%81%84%E5%90%88%E3%82%8F%E3%81%9B%20%E5%8D%B8
NSW,1,ゲーム,条件付き（再販/版元カテゴリ）,ルートカテゴリ=ゲーム,未判定,JAN45/49／manufacturer日本語,なし,あり,くまねこレコード【すり替え対策強化中】 / トレジャーマーケット24(商品説明を必ずご確認下さい。) / ネットショップ　ワールド,4,4,4,1331,B07RNK496B,釣りスピリッツ Nintendo Switchバージョン -Switch,https://www.amazon.co.jp/dp/B07RNK496B,https://www.google.com/search?q=NSW%20%E4%BC%9A%E7%A4%BE%E6%A6%82%E8%A6%81%20%E5%95%8F%E3%81%84%E5%90%88%E3%82%8F%E3%81%9B%20%E5%8D%B8
Outlook Verlag,1,洋書,条件付き（再販/版元カテゴリ）,ルートカテゴリ=洋書,未判定,なし,なし,あり,ウキワクショップ,1,5,5,6610,336828536X,Three Men in a Boat (To Say Nothing of the Dog): in large pr,https://www.amazon.co.jp/dp/336828536X,https://www.google.com/search?q=Outlook%20Verlag%20%E4%BC%9A%E7%A4%BE%E6%A6%82%E8%A6%81%20%E5%95%8F%E3%81%84%E5%90%88%E3%82%8F%E3%81%9B%20%E5%8D%B8
"Oxford University Press, USA",1,洋書,条件付き（再販/版元カテゴリ）,ルートカテゴリ=洋書,未判定,なし,なし,あり,滋賀びわこ書店 / 京都 大垣書店プラス,2,5,5,2145,0194202437,Practical English Usage,https://www.amazon.co.jp/dp/0194202437,https://www.google.com/search?q=Oxford%20University%20Press%2C%20USA%20%E4%BC%9A%E7%A4%BE%E6%A6%82%E8%A6%81%20%E5%95%8F%E3%81%84%E5%90%88%E3%82%8F%E3%81%9B%20%E5%8D%B8
PUMWHIP,1,DVD,条件付き（再販/版元カテゴリ）,ルートカテゴリ=DVD,未判定,なし,なし,あり,クロスフロンティア,1,4,4,4969,B07XF7JZ9S,アラジン [Blu-ray],https://www.amazon.co.jp/dp/B07XF7JZ9S,https://www.google.com/search?q=PUMWHIP%20%E4%BC%9A%E7%A4%BE%E6%A6%82%E8%A6%81%20%E5%95%8F%E3%81%84%E5%90%88%E3%82%8F%E3%81%9B%20%E5%8D%B8
Patch Works,1,本,条件付き（再販/版元カテゴリ）,ルートカテゴリ=本,未判定,なし,なし,あり,インコグ・ラボ / NSベース / バラエティーショップひいろ,3,4,4,1397,4990580400,永い後日談のネクロニカ,https://www.amazon.co.jp/dp/4990580400,https://www.google.com/search?q=Patch%20Works%20%E4%BC%9A%E7%A4%BE%E6%A6%82%E8%A6%81%20%E5%95%8F%E3%81%84%E5%90%88%E3%82%8F%E3%81%9B%20%E5%8D%B8
Pid,1,ミュージック,条件付き（再販/版元カテゴリ）,ルートカテゴリ=ミュージック,未判定,なし,なし,なし,,0,2,2,11519,B000005K65,Led Zeppelin 2,https://www.amazon.co.jp/dp/B000005K65,https://www.google.com/search?q=Pid%20%E4%BC%9A%E7%A4%BE%E6%A6%82%E8%A6%81%20%E5%95%8F%E3%81%84%E5%90%88%E3%82%8F%E3%81%9B%20%E5%8D%B8
Plata Publishing,1,洋書,条件付き（再販/版元カテゴリ）,ルートカテゴリ=洋書,未判定,なし,なし,あり,★英国の販売代理店★,1,3,3,1551,1612680178,Rich Dad Poor Dad: What the Rich Teach Their Kids About Mone,https://www.amazon.co.jp/dp/1612680178,https://www.google.com/search?q=Plata%20Publishing%20%E4%BC%9A%E7%A4%BE%E6%A6%82%E8%A6%81%20%E5%95%8F%E3%81%84%E5%90%88%E3%82%8F%E3%81%9B%20%E5%8D%B8
PlayStation,1,ゲーム,条件付き（再販/版元カテゴリ）,ルートカテゴリ=ゲーム,未判定,なし,なし,あり,TA-JPストア【安心・国内配送】,1,2,2,2168,B07BYFLW8F,SONY PLAYSTATION(ソニー：プレイステーション) Icons ライト (乾電池/USB給電対応) [並行輸,https://www.amazon.co.jp/dp/B07BYFLW8F,https://www.google.com/search?q=PlayStation%20%E4%BC%9A%E7%A4%BE%E6%A6%82%E8%A6%81%20%E5%95%8F%E3%81%84%E5%90%88%E3%82%8F%E3%81%9B%20%E5%8D%B8
Portfolio,1,洋書,条件付き（再販/版元カテゴリ）,ルートカテゴリ=洋書,未判定,なし,なし,なし,,0,4,4,1575,B0DSHWXDLD,The Art of Spending Money: Simple Choices for a Richer Life,https://www.amazon.co.jp/dp/B0DSHWXDLD,https://www.google.com/search?q=Portfolio%20%E4%BC%9A%E7%A4%BE%E6%A6%82%E8%A6%81%20%E5%95%8F%E3%81%84%E5%90%88%E3%82%8F%E3%81%9B%20%E5%8D%B8
PowerA,1,ゲーム,条件付き（再販/版元カテゴリ）,ルートカテゴリ=ゲーム,未判定,JAN45/49／manufacturer日本語／日本法人格,なし,なし,,0,3,3,1792,B0DL9YFT1D,【任天堂公式ライセンス商品】PowerA エンハンスド・ワイヤレスコントローラー for Nintendo Switch,https://www.amazon.co.jp/dp/B0DL9YFT1D,https://www.google.com/search?q=PowerA%20%E4%BC%9A%E7%A4%BE%E6%A6%82%E8%A6%81%20%E5%95%8F%E3%81%84%E5%90%88%E3%82%8F%E3%81%9B%20%E5%8D%B8
Project Management Institute,1,本,条件付き（再販/版元カテゴリ）,ルートカテゴリ=本,未判定,なし,なし,あり,コーシュカショップス / super market ※購入前にコンディション＆出品者情報確認して購入 / Smilea Net スマイレアネット,3,6,6,3873,1628254238,アジャイル実務ガイド (日本語版) (Project Management Institute),https://www.amazon.co.jp/dp/1628254238,https://www.google.com/search?q=Project%20Management%20Institute%20%E4%BC%9A%E7%A4%BE%E6%A6%82%E8%A6%81%20%E5%95%8F%E3%81%84%E5%90%88%E3%82%8F%E3%81%9B%20%E5%8D%B8
Public Publishing,1,洋書,条件付き（再販/版元カテゴリ）,ルートカテゴリ=洋書,未判定,なし,なし,なし,,0,5,5,2765,1800601174,Alice's Adventures In Wonderland,https://www.amazon.co.jp/dp/1800601174,https://www.google.com/search?q=Public%20Publishing%20%E4%BC%9A%E7%A4%BE%E6%A6%82%E8%A6%81%20%E5%95%8F%E3%81%84%E5%90%88%E3%82%8F%E3%81%9B%20%E5%8D%B8
Puffin,1,洋書,条件付き（再販/版元カテゴリ）,ルートカテゴリ=洋書,未判定,なし,なし,なし,,0,5,5,11056,0241372666,The Very Hungry Caterpillar 50th Anniversary Collector's Edi,https://www.amazon.co.jp/dp/0241372666,https://www.google.com/search?q=Puffin%20%E4%BC%9A%E7%A4%BE%E6%A6%82%E8%A6%81%20%E5%95%8F%E3%81%84%E5%90%88%E3%82%8F%E3%81%9B%20%E5%8D%B8
Revive Classics,1,洋書,条件付き（再販/版元カテゴリ）,ルートカテゴリ=洋書,未判定,なし,なし,なし,,0,5,5,5273,1998621855,Nineteen Eighty-Four (Collector's Edition) (Laminated Hardba,https://www.amazon.co.jp/dp/1998621855,https://www.google.com/search?q=Revive%20Classics%20%E4%BC%9A%E7%A4%BE%E6%A6%82%E8%A6%81%20%E5%95%8F%E3%81%84%E5%90%88%E3%82%8F%E3%81%9B%20%E5%8D%B8
Roadlamp,1,ミュージック,条件付き（再販/版元カテゴリ）,ルートカテゴリ=ミュージック,未判定,なし,なし,なし,,0,2,2,3330,B0BT235Y5V,Can't Buy A Thrill,https://www.amazon.co.jp/dp/B0BT235Y5V,https://www.google.com/search?q=Roadlamp%20%E4%BC%9A%E7%A4%BE%E6%A6%82%E8%A6%81%20%E5%95%8F%E3%81%84%E5%90%88%E3%82%8F%E3%81%9B%20%E5%8D%B8
Rockstar Games,1,ゲーム,条件付き（再販/版元カテゴリ）,ルートカテゴリ=ゲーム,未判定,JAN45/49／manufacturer日本語,なし,なし,,0,3,3,3445,B00NOP3QF4,グランド・セフト・オートV 【CEROレーティング「Z」】 - PS4,https://www.amazon.co.jp/dp/B00NOP3QF4,https://www.google.com/search?q=Rockstar%20Games%20%E4%BC%9A%E7%A4%BE%E6%A6%82%E8%A6%81%20%E5%95%8F%E3%81%84%E5%90%88%E3%82%8F%E3%81%9B%20%E5%8D%B8
Rough Trade,1,ミュージック,条件付き（再販/版元カテゴリ）,ルートカテゴリ=ミュージック,未判定,なし,なし,なし,,0,3,3,7112,B0000CNXNB,Room on Fire [Analog],https://www.amazon.co.jp/dp/B0000CNXNB,https://www.google.com/search?q=Rough%20Trade%20%E4%BC%9A%E7%A4%BE%E6%A6%82%E8%A6%81%20%E5%95%8F%E3%81%84%E5%90%88%E3%82%8F%E3%81%9B%20%E5%8D%B8
Ruthless Records,1,ミュージック,条件付き（再販/版元カテゴリ）,ルートカテゴリ=ミュージック,未判定,なし,なし,あり,グローバル・ハブ / ブックマーケティング(ご注文確定前に表示の到着予定日をご確認下さい、ご注文後のキャンセルご遠慮下さい,2,6,6,1411,B00E8K2I9Y,Selected Ambient Works 85-92 [輸入アナログ盤 / 2LP] (AMBLP3922),https://www.amazon.co.jp/dp/B00E8K2I9Y,https://www.google.com/search?q=Ruthless%20Records%20%E4%BC%9A%E7%A4%BE%E6%A6%82%E8%A6%81%20%E5%95%8F%E3%81%84%E5%90%88%E3%82%8F%E3%81%9B%20%E5%8D%B8
SME Records,1,ミュージック,条件付き（再販/版元カテゴリ）,ルートカテゴリ=ミュージック,未判定,JAN45/49,なし,あり,バラエティショップ 東京セレクト【お急ぎ便対応】【365日 24時間 即日発送】,1,5,5,2052,B0756GBBFW,BOOTLEG(映像盤 初回限定)(DVD付き),https://www.amazon.co.jp/dp/B0756GBBFW,https://www.google.com/search?q=SME%20Records%20%E4%BC%9A%E7%A4%BE%E6%A6%82%E8%A6%81%20%E5%95%8F%E3%81%84%E5%90%88%E3%82%8F%E3%81%9B%20%E5%8D%B8
SMEE,1,ミュージック,条件付き（再販/版元カテゴリ）,ルートカテゴリ=ミュージック,未判定,JAN45/49,なし,あり,パソコンショップMK札幌狸小路店 [登録番号：T4430001078402],1,2,2,3584,B0BGHFSS6W,SMEE Vocal Cover Collection Vol.05 Heroine's Festival 限定版,https://www.amazon.co.jp/dp/B0BGHFSS6W,https://www.google.com/search?q=SMEE%20%E4%BC%9A%E7%A4%BE%E6%A6%82%E8%A6%81%20%E5%95%8F%E3%81%84%E5%90%88%E3%82%8F%E3%81%9B%20%E5%8D%B8
SMM ITAKU (MUSIC),1,ミュージック,条件付き（再販/版元カテゴリ）,ルートカテゴリ=ミュージック,未判定,JAN45/49,なし,あり,Web shop はるき / アイルオンラインストア ※すり替え対策店※ ★賞味期限あるものはコンディションにて要確認★ / ディスク本舗 web店【年中無休、インボイス制度対応】,3,3,3,7364,B09ZD2VR6H,今、何処 (デラックス・エディション) (初回生産限定盤),https://www.amazon.co.jp/dp/B09ZD2VR6H,https://www.google.com/search?q=SMM%20ITAKU%20%28MUSIC%29%20%E4%BC%9A%E7%A4%BE%E6%A6%82%E8%A6%81%20%E5%95%8F%E3%81%84%E5%90%88%E3%82%8F%E3%81%9B%20%E5%8D%B8
SOURCENEXT,1,PCソフト,条件付き（再販/版元カテゴリ）,ルートカテゴリ=PCソフト,大企業の見込み,JAN45/49／manufacturer日本語,なし,あり,ソースネクスト・ポケトーク公式,1,2,2,4585,B0DGQBXJW7,ソースネクスト ｜ Wi-Fi セキュリティ 無期限版 カード版 ｜ VPN セキュリティ対策 ｜ Windows・Ma,https://www.amazon.co.jp/dp/B0DGQBXJW7,https://www.google.com/search?q=SOURCENEXT%20%E4%BC%9A%E7%A4%BE%E6%A6%82%E8%A6%81%20%E5%95%8F%E3%81%84%E5%90%88%E3%82%8F%E3%81%9B%20%E5%8D%B8
Scuf,1,ゲーム,条件付き（再販/版元カテゴリ）,ルートカテゴリ=ゲーム,未判定,なし,なし,あり,大日本空輸グループ　総合本社 / タカミトレード株式会社[適格請求書発行事業者],2,3,3,7962,B0CMN2ST9T,SCUF ENVISION PC用 有線コントローラー Black スカフ エンビジョン [並行輸入品],https://www.amazon.co.jp/dp/B0CMN2ST9T,https://www.google.com/search?q=Scuf%20%E4%BC%9A%E7%A4%BE%E6%A6%82%E8%A6%81%20%E5%95%8F%E3%81%84%E5%90%88%E3%82%8F%E3%81%9B%20%E5%8D%B8
Seefox,1,DVD,条件付き（再販/版元カテゴリ）,ルートカテゴリ=DVD,未判定,なし,なし,あり,アウトリガー,1,3,3,8864,B08SBLQGKJ,Jaws (Limited Edition Steelbook) [4K Ultra HD + Blu-ray + Di,https://www.amazon.co.jp/dp/B08SBLQGKJ,https://www.google.com/search?q=Seefox%20%E4%BC%9A%E7%A4%BE%E6%A6%82%E8%A6%81%20%E5%95%8F%E3%81%84%E5%90%88%E3%82%8F%E3%81%9B%20%E5%8D%B8
Shout! Factory,1,DVD,条件付き（再販/版元カテゴリ）,ルートカテゴリ=DVD,未判定,なし,なし,あり,S&E Service (S&E サービス),1,2,2,5813,B06VSTRMYH,Return of the Dragon / [Blu-ray] [Import],https://www.amazon.co.jp/dp/B06VSTRMYH,https://www.google.com/search?q=Shout%21%20Factory%20%E4%BC%9A%E7%A4%BE%E6%A6%82%E8%A6%81%20%E5%95%8F%E3%81%84%E5%90%88%E3%82%8F%E3%81%9B%20%E5%8D%B8
Speakers Corner,1,ミュージック,条件付き（再販/版元カテゴリ）,ルートカテゴリ=ミュージック,未判定,なし,なし,あり,グローバル・ハブ / ビビッドメディアストア,2,4,4,6174,B008GOAENK,Time Out -Ltd/Hq/45 Rpm- [Analog],https://www.amazon.co.jp/dp/B008GOAENK,https://www.google.com/search?q=Speakers%20Corner%20%E4%BC%9A%E7%A4%BE%E6%A6%82%E8%A6%81%20%E5%95%8F%E3%81%84%E5%90%88%E3%82%8F%E3%81%9B%20%E5%8D%B8
Splendid Film/WVG,1,DVD,条件付き（再販/版元カテゴリ）,ルートカテゴリ=DVD,未判定,なし,なし,なし,,0,3,3,9441,B00483CVTS,"Stallone,Sylvester/Statham,Jason/Li,Jet/Willis,Bru The Expen",https://www.amazon.co.jp/dp/B00483CVTS,https://www.google.com/search?q=Splendid%20Film/WVG%20%E4%BC%9A%E7%A4%BE%E6%A6%82%E8%A6%81%20%E5%95%8F%E3%81%84%E5%90%88%E3%82%8F%E3%81%9B%20%E5%8D%B8
"Supergiant Games, LLC",1,ゲーム,条件付き（再販/版元カテゴリ）,ルートカテゴリ=ゲーム,未判定,JAN45/49,なし,あり,【公式】真心堂（まごころどう） / 迅速発送 ｈｋマーケット / トレ－ドマ－ト,5,5,5,2568,B0FR993GT8,HADES II Nintendo Switch 2 Edition -Switch2 【特典】オリジナルサウンドトラッ,https://www.amazon.co.jp/dp/B0FR993GT8,https://www.google.com/search?q=Supergiant%20Games%2C%20LLC%20%E4%BC%9A%E7%A4%BE%E6%A6%82%E8%A6%81%20%E5%95%8F%E3%81%84%E5%90%88%E3%82%8F%E3%81%9B%20%E5%8D%B8
Sweet Cherry Publishing,1,洋書,条件付き（再販/版元カテゴリ）,ルートカテゴリ=洋書,未判定,なし,なし,なし,,0,5,5,2805,1802633898,Animal Farm (The Complete George Orwell Collection),https://www.amazon.co.jp/dp/1802633898,https://www.google.com/search?q=Sweet%20Cherry%20Publishing%20%E4%BC%9A%E7%A4%BE%E6%A6%82%E8%A6%81%20%E5%95%8F%E3%81%84%E5%90%88%E3%82%8F%E3%81%9B%20%E5%8D%B8
TAC出版,1,本,条件付き（再販/版元カテゴリ）,ルートカテゴリ=本,未判定,manufacturer日本語／メーカー名日本語,なし,あり,ノースサプライ / いずみbooks / ブックマーケティング(ご注文確定前に表示の到着予定日をご確認下さい、ご注文後のキャンセルご遠慮下さい,3,3,3,1065,4300115125,みんなが欲しかった! 電験三種の10年過去問題集 2025年度版 [電気主任技術者（電験） 問題編＋科目ごとの回答解説編,https://www.amazon.co.jp/dp/4300115125,https://www.google.com/search?q=TAC%E5%87%BA%E7%89%88%20%E4%BC%9A%E7%A4%BE%E6%A6%82%E8%A6%81%20%E5%95%8F%E3%81%84%E5%90%88%E3%82%8F%E3%81%9B%20%E5%8D%B8
TCエンタテインメント,1,DVD,条件付き（再販/版元カテゴリ）,ルートカテゴリ=DVD,未判定,JAN45/49／manufacturer日本語／メーカー名日本語,なし,あり,オンラインレコード兵庫店 年中無休２４時間営業中,1,2,2,9290,B089YG9T9D,ミッドサマー UHD(Ultra HD Blu-ray)豪華版3枚組(スチールブック仕様・初回生産限定版),https://www.amazon.co.jp/dp/B089YG9T9D,https://www.google.com/search?q=TC%E3%82%A8%E3%83%B3%E3%82%BF%E3%83%86%E3%82%A4%E3%83%B3%E3%83%A1%E3%83%B3%E3%83%88%20%E4%BC%9A%E7%A4%BE%E6%A6%82%E8%A6%81%20%E5%95%8F%E3%81%84%E5%90%88%E3%82%8F%E3%81%9B%20%E5%8D%B8
THORNDIKE PRESS LARGE PRINT,1,洋書,条件付き（再販/版元カテゴリ）,ルートカテゴリ=洋書,未判定,なし,なし,あり,★英国の販売代理店★,1,3,3,5112,1420519425,The Inmate (Thorndike Press; Large Print),https://www.amazon.co.jp/dp/1420519425,https://www.google.com/search?q=THORNDIKE%20PRESS%20LARGE%20PRINT%20%E4%BC%9A%E7%A4%BE%E6%A6%82%E8%A6%81%20%E5%95%8F%E3%81%84%E5%90%88%E3%82%8F%E3%81%9B%20%E5%8D%B8
Thames & Hudson,1,洋書,条件付き（再販/版元カテゴリ）,ルートカテゴリ=洋書,未判定,なし,なし,なし,,0,3,3,4510,2959335112,The Decisive Moment,https://www.amazon.co.jp/dp/2959335112,https://www.google.com/search?q=Thames%20%26%20Hudson%20%E4%BC%9A%E7%A4%BE%E6%A6%82%E8%A6%81%20%E5%95%8F%E3%81%84%E5%90%88%E3%82%8F%E3%81%9B%20%E5%8D%B8
Trafalgar Square Publishing,1,洋書,条件付き（再販/版元カテゴリ）,ルートカテゴリ=洋書,未判定,なし,なし,あり,ハセショップ,1,4,4,6687,0437245756,Pride and Prejudice,https://www.amazon.co.jp/dp/0437245756,https://www.google.com/search?q=Trafalgar%20Square%20Publishing%20%E4%BC%9A%E7%A4%BE%E6%A6%82%E8%A6%81%20%E5%95%8F%E3%81%84%E5%90%88%E3%82%8F%E3%81%9B%20%E5%8D%B8
True Sign Publishing House Private Limited,1,洋書,条件付き（再販/版元カテゴリ）,ルートカテゴリ=洋書,未判定,なし,なし,あり,★英国の販売代理店★ / Ｈｅａｒｔ オンラインストア / ユウダイストア,3,6,6,2598,9358050535,The Murder Of Roger Ackroyd,https://www.amazon.co.jp/dp/9358050535,https://www.google.com/search?q=True%20Sign%20Publishing%20House%20Private%20Limited%20%E4%BC%9A%E7%A4%BE%E6%A6%82%E8%A6%81%20%E5%95%8F%E3%81%84%E5%90%88%E3%82%8F%E3%81%9B%20%E5%8D%B8
UNIVERSAL DESTINATIONS & EXPERIENCES,1,DVD,条件付き（再販/版元カテゴリ）,ルートカテゴリ=DVD,未判定,なし,なし,あり,美的生活★ヘルシーライフ本店【インボイス登録事業者】 / ミヤジンショップ / サムショップ,4,6,6,4288,6304143184,E.T. [VHS],https://www.amazon.co.jp/dp/6304143184,https://www.google.com/search?q=UNIVERSAL%20DESTINATIONS%20%26%20EXPERIENCES%20%E4%BC%9A%E7%A4%BE%E6%A6%82%E8%A6%81%20%E5%95%8F%E3%81%84%E5%90%88%E3%82%8F%E3%81%9B%20%E5%8D%B8
Universal Import,1,ミュージック,条件付き（再販/版元カテゴリ）,ルートカテゴリ=ミュージック,未判定,なし,なし,なし,,0,2,2,4797,B096TL7H24,Live in Paris (Hybrid-SACD),https://www.amazon.co.jp/dp/B096TL7H24,https://www.google.com/search?q=Universal%20Import%20%E4%BC%9A%E7%A4%BE%E6%A6%82%E8%A6%81%20%E5%95%8F%E3%81%84%E5%90%88%E3%82%8F%E3%81%9B%20%E5%8D%B8
Used Purchases,1,DVD,条件付き（再販/版元カテゴリ）,ルートカテゴリ=DVD,未判定,なし,なし,あり,浪越商店 / HYコマース,2,6,6,8794,B00G4SAJ4E,アイアンマン2 (3枚組コンボパック) [ブルーレイ+DVD],https://www.amazon.co.jp/dp/B00G4SAJ4E,https://www.google.com/search?q=Used%20Purchases%20%E4%BC%9A%E7%A4%BE%E6%A6%82%E8%A6%81%20%E5%95%8F%E3%81%84%E5%90%88%E3%82%8F%E3%81%9B%20%E5%8D%B8
VIAVISION,1,DVD,条件付き（再販/版元カテゴリ）,ルートカテゴリ=DVD,未判定,なし,なし,なし,,0,3,3,2502,B08825XT3M,Pretty Baby [DVD],https://www.amazon.co.jp/dp/B08825XT3M,https://www.google.com/search?q=VIAVISION%20%E4%BC%9A%E7%A4%BE%E6%A6%82%E8%A6%81%20%E5%95%8F%E3%81%84%E5%90%88%E3%82%8F%E3%81%9B%20%E5%8D%B8
VINYL LOVERS,1,ミュージック,条件付き（再販/版元カテゴリ）,ルートカテゴリ=ミュージック,未判定,なし,なし,なし,,0,2,2,2560,B0015I2U8G,What's Going on [Analog],https://www.amazon.co.jp/dp/B0015I2U8G,https://www.google.com/search?q=VINYL%20LOVERS%20%E4%BC%9A%E7%A4%BE%E6%A6%82%E8%A6%81%20%E5%95%8F%E3%81%84%E5%90%88%E3%82%8F%E3%81%9B%20%E5%8D%B8
VITURE,1,ゲーム,条件付き（再販/版元カテゴリ）,ルートカテゴリ=ゲーム,未判定,なし,なし,なし,いいものをお客様に,1,1,2,10221,B0D3LT6BJW,VITURE Pro モバイルドック XR/ARグラス対応 HDMI対応 Switch 2・Switch 2D/3D 協,https://www.amazon.co.jp/dp/B0D3LT6BJW,https://www.google.com/search?q=VITURE%20%E4%BC%9A%E7%A4%BE%E6%A6%82%E8%A6%81%20%E5%95%8F%E3%81%84%E5%90%88%E3%82%8F%E3%81%9B%20%E5%8D%B8
Viking,1,洋書,条件付き（再販/版元カテゴリ）,ルートカテゴリ=洋書,未判定,なし,なし,なし,,0,4,4,4926,0670811785,Chaos: The Making of a New Science,https://www.amazon.co.jp/dp/0670811785,https://www.google.com/search?q=Viking%20%E4%BC%9A%E7%A4%BE%E6%A6%82%E8%A6%81%20%E5%95%8F%E3%81%84%E5%90%88%E3%82%8F%E3%81%9B%20%E5%8D%B8
Vintage Canada,1,洋書,条件付き（再販/版元カテゴリ）,ルートカテゴリ=洋書,未判定,なし,なし,なし,,0,2,2,5142,0345809327,The Remains of the Day: A Novel,https://www.amazon.co.jp/dp/0345809327,https://www.google.com/search?q=Vintage%20Canada%20%E4%BC%9A%E7%A4%BE%E6%A6%82%E8%A6%81%20%E5%95%8F%E3%81%84%E5%90%88%E3%82%8F%E3%81%9B%20%E5%8D%B8
Vintage Classics,1,洋書,条件付き（再販/版元カテゴリ）,ルートカテゴリ=洋書,未判定,なし,なし,なし,,0,2,2,664,1784876607,Animal Farm,https://www.amazon.co.jp/dp/1784876607,https://www.google.com/search?q=Vintage%20Classics%20%E4%BC%9A%E7%A4%BE%E6%A6%82%E8%A6%81%20%E5%95%8F%E3%81%84%E5%90%88%E3%82%8F%E3%81%9B%20%E5%8D%B8
Virgin,1,ミュージック,条件付き（再販/版元カテゴリ）,ルートカテゴリ=ミュージック,未判定,なし,なし,あり,グローバル・ハブ / インポートショップ泉堂,2,4,4,2045,B000000W5F,Tattoo You,https://www.amazon.co.jp/dp/B000000W5F,https://www.google.com/search?q=Virgin%20%E4%BC%9A%E7%A4%BE%E6%A6%82%E8%A6%81%20%E5%95%8F%E3%81%84%E5%90%88%E3%82%8F%E3%81%9B%20%E5%8D%B8
WSS Playground,1,ゲーム,条件付き（再販/版元カテゴリ）,ルートカテゴリ=ゲーム,未判定,JAN45/49,なし,あり,武藤商店オンラインストア / 【適格請求書発行事業者】AI電気 / ワイ・ティーメディアセンター本店,3,4,4,2419,B0DG2Z4MQX,アケアカNEOGEO セレクション Vol.1 -Switch,https://www.amazon.co.jp/dp/B0DG2Z4MQX,https://www.google.com/search?q=WSS%20Playground%20%E4%BC%9A%E7%A4%BE%E6%A6%82%E8%A6%81%20%E5%95%8F%E3%81%84%E5%90%88%E3%82%8F%E3%81%9B%20%E5%8D%B8
Warner Music Interna,1,ミュージック,条件付き（再販/版元カテゴリ）,ルートカテゴリ=ミュージック,未判定,なし,なし,あり,★英国の販売代理店★ / ビビッドメディアストア / インポートショップ泉堂,3,5,5,1908,B0000DJYO1,Machine Head [Analog],https://www.amazon.co.jp/dp/B0000DJYO1,https://www.google.com/search?q=Warner%20Music%20Interna%20%E4%BC%9A%E7%A4%BE%E6%A6%82%E8%A6%81%20%E5%95%8F%E3%81%84%E5%90%88%E3%82%8F%E3%81%9B%20%E5%8D%B8
Weidenfeld & Nicolson History,1,本,条件付き（再販/版元カテゴリ）,ルートカテゴリ=本,未判定,なし,なし,あり,HYコマース,1,5,5,1032,1857993284,Sophie’s World,https://www.amazon.co.jp/dp/1857993284,https://www.google.com/search?q=Weidenfeld%20%26%20Nicolson%20History%20%E4%BC%9A%E7%A4%BE%E6%A6%82%E8%A6%81%20%E5%95%8F%E3%81%84%E5%90%88%E3%82%8F%E3%81%9B%20%E5%8D%B8
William Collins,1,洋書,条件付き（再販/版元カテゴリ）,ルートカテゴリ=洋書,未判定,なし,なし,なし,,0,3,3,4382,000822109X,Hillbilly Elegy: The Internationally Bestselling Memoir from,https://www.amazon.co.jp/dp/000822109X,https://www.google.com/search?q=William%20Collins%20%E4%BC%9A%E7%A4%BE%E6%A6%82%E8%A6%81%20%E5%95%8F%E3%81%84%E5%90%88%E3%82%8F%E3%81%9B%20%E5%8D%B8
Wipuku,1,DVD,条件付き（再販/版元カテゴリ）,ルートカテゴリ=DVD,未判定,なし,なし,あり,ＳＴ商会,1,3,3,3540,B00AQ69VE4,PROFESSIONAL (1994),https://www.amazon.co.jp/dp/B00AQ69VE4,https://www.google.com/search?q=Wipuku%20%E4%BC%9A%E7%A4%BE%E6%A6%82%E8%A6%81%20%E5%95%8F%E3%81%84%E5%90%88%E3%82%8F%E3%81%9B%20%E5%8D%B8
Wondershare,1,PCソフト,条件付き（再販/版元カテゴリ）,ルートカテゴリ=PCソフト,未判定,JAN45/49,なし,なし,,0,0,2,10182,B08SPZQW9H,高度な動画復元 Wondershare Recoverit Ultimate Plus（Mac版）写真、ビデオ、ドキュメ,https://www.amazon.co.jp/dp/B08SPZQW9H,https://www.google.com/search?q=Wondershare%20%E4%BC%9A%E7%A4%BE%E6%A6%82%E8%A6%81%20%E5%95%8F%E3%81%84%E5%90%88%E3%82%8F%E3%81%9B%20%E5%8D%B8
Workman Publishing,1,洋書,条件付き（再販/版元カテゴリ）,ルートカテゴリ=洋書,未判定,なし,なし,あり,★英国の販売代理店★ / ビビッドメディアストア,2,5,5,1870,1523531290,Cat Page-A-Day® Gallery Calendar 2026: A Delightful Gallery ,https://www.amazon.co.jp/dp/1523531290,https://www.google.com/search?q=Workman%20Publishing%20%E4%BC%9A%E7%A4%BE%E6%A6%82%E8%A6%81%20%E5%95%8F%E3%81%84%E5%90%88%E3%82%8F%E3%81%9B%20%E5%8D%B8
Yale University Press,1,洋書,条件付き（再販/版元カテゴリ）,ルートカテゴリ=洋書,未判定,なし,なし,なし,,0,5,5,6719,0300234198,The Great Delusion: Liberal Dreams and International Realiti,https://www.amazon.co.jp/dp/0300234198,https://www.google.com/search?q=Yale%20University%20Press%20%E4%BC%9A%E7%A4%BE%E6%A6%82%E8%A6%81%20%E5%95%8F%E3%81%84%E5%90%88%E3%82%8F%E3%81%9B%20%E5%8D%B8
iZotope,1,PCソフト,条件付き（再販/版元カテゴリ）,ルートカテゴリ=PCソフト,中小の見込み,JAN45/49,なし,あり,アウル・ビジョン 株式会社,1,2,2,10490,B0DLB98N9L,iZotope Neutron 5 アップグレード版 from Neutron 4 or any previous ve,https://www.amazon.co.jp/dp/B0DLB98N9L,https://www.google.com/search?q=iZotope%20%E4%BC%9A%E7%A4%BE%E6%A6%82%E8%A6%81%20%E5%95%8F%E3%81%84%E5%90%88%E3%82%8F%E3%81%9B%20%E5%8D%B8
inforest,1,本,条件付き（再販/版元カテゴリ）,ルートカテゴリ=本,未判定,manufacturer日本語,なし,あり,タウンズマート,1,2,2,3617,486190952X,勘定奉行 i 公式導入ガイドブック (OBCオフィシャルガイドブック),https://www.amazon.co.jp/dp/486190952X,https://www.google.com/search?q=inforest%20%E4%BC%9A%E7%A4%BE%E6%A6%82%E8%A6%81%20%E5%95%8F%E3%81%84%E5%90%88%E3%82%8F%E3%81%9B%20%E5%8D%B8
いいずな書店,1,本,条件付き（再販/版元カテゴリ）,ルートカテゴリ=本,未判定,manufacturer日本語／メーカー名日本語／日本法人格,なし,あり,ブックマーケティング(ご注文確定前に表示の到着予定日をご確認下さい、ご注文後のキャンセルご遠慮下さい / タウンズマート,2,4,4,263,486460780X,英文法・語法　Vintage 4th Edition,https://www.amazon.co.jp/dp/486460780X,https://www.google.com/search?q=%E3%81%84%E3%81%84%E3%81%9A%E3%81%AA%E6%9B%B8%E5%BA%97%20%E4%BC%9A%E7%A4%BE%E6%A6%82%E8%A6%81%20%E5%95%8F%E3%81%84%E5%90%88%E3%82%8F%E3%81%9B%20%E5%8D%B8
ぎょうせい,1,本,条件付き（再販/版元カテゴリ）,ルートカテゴリ=本,未判定,manufacturer日本語／メーカー名日本語,なし,あり,ノースサプライ / タウンズマート / ブックマーケティング(ご注文確定前に表示の到着予定日をご確認下さい、ご注文後のキャンセルご遠慮下さい,3,4,4,3870,4324114196,建築物の防火避難規定の解説　2023,https://www.amazon.co.jp/dp/4324114196,https://www.google.com/search?q=%E3%81%8E%E3%82%87%E3%81%86%E3%81%9B%E3%81%84%20%E4%BC%9A%E7%A4%BE%E6%A6%82%E8%A6%81%20%E5%95%8F%E3%81%84%E5%90%88%E3%82%8F%E3%81%9B%20%E5%8D%B8
ぴあ,1,本,条件付き（再販/版元カテゴリ）,ルートカテゴリ=本,未判定,JAN45/49／manufacturer日本語／メーカー名日本語,なし,あり,タウンズマート,1,2,2,3744,B0DLBD5BNL,帝国劇場アニバーサリーブック NEW HISTORY COMING(劇場内外観オリジナルクリアファイル付き),https://www.amazon.co.jp/dp/B0DLBD5BNL,https://www.google.com/search?q=%E3%81%B4%E3%81%82%20%E4%BC%9A%E7%A4%BE%E6%A6%82%E8%A6%81%20%E5%95%8F%E3%81%84%E5%90%88%E3%82%8F%E3%81%9B%20%E5%8D%B8
よしもとミュージックエンタテインメント,1,DVD,条件付き（再販/版元カテゴリ）,ルートカテゴリ=DVD,未判定,JAN45/49／manufacturer日本語／メーカー名日本語,なし,あり,バンダレコードweb店 / ときめき ライフ / エスネット ストアー,4,5,5,3945,B00FJ1E9MK,ダウンタウンのガキの使いやあらへんで!! (祝)ダウンタウン生誕50年記念DVD 永久保存版 (19)(罰)絶対に笑って,https://www.amazon.co.jp/dp/B00FJ1E9MK,https://www.google.com/search?q=%E3%82%88%E3%81%97%E3%82%82%E3%81%A8%E3%83%9F%E3%83%A5%E3%83%BC%E3%82%B8%E3%83%83%E3%82%AF%E3%82%A8%E3%83%B3%E3%82%BF%E3%83%86%E3%82%A4%E3%83%B3%E3%83%A1%E3%83%B3%E3%83%88%20%E4%BC%9A%E7%A4%BE%E6%A6%82%E8%A6%81%20%E5%95%8F%E3%81%84%E5%90%88%E3%82%8F%E3%81%9B%20%E5%8D%B8
アシェット・コレクションズ・ジャパン,1,本,条件付き（再販/版元カテゴリ）,ルートカテゴリ=本,未判定,JAN45/49／manufacturer日本語／メーカー名日本語,なし,あり,ブックマーケティング(ご注文確定前に表示の到着予定日をご確認下さい、ご注文後のキャンセルご遠慮下さい,1,2,2,933,B0G6MF8H65,1/18エクストラスケール国産名車-創刊(1) 2026年 1/21 号 [雑誌],https://www.amazon.co.jp/dp/B0G6MF8H65,https://www.google.com/search?q=%E3%82%A2%E3%82%B7%E3%82%A7%E3%83%83%E3%83%88%E3%83%BB%E3%82%B3%E3%83%AC%E3%82%AF%E3%82%B7%E3%83%A7%E3%83%B3%E3%82%BA%E3%83%BB%E3%82%B8%E3%83%A3%E3%83%91%E3%83%B3%20%E4%BC%9A%E7%A4%BE%E6%A6%82%E8%A6%81%20%E5%95%8F%E3%81%84%E5%90%88%E3%82%8F%E3%81%9B%20%E5%8D%B8
アスク,1,本,条件付き（再販/版元カテゴリ）,ルートカテゴリ=本,未判定,manufacturer日本語／メーカー名日本語,なし,あり,タウンズマート,1,2,2,1022,4872177231,新装版 できる韓国語 初級I,https://www.amazon.co.jp/dp/4872177231,https://www.google.com/search?q=%E3%82%A2%E3%82%B9%E3%82%AF%20%E4%BC%9A%E7%A4%BE%E6%A6%82%E8%A6%81%20%E5%95%8F%E3%81%84%E5%90%88%E3%82%8F%E3%81%9B%20%E5%8D%B8
アニプレックス,1,DVD,条件付き（再販/版元カテゴリ）,ルートカテゴリ=DVD,未判定,JAN45/49／manufacturer日本語／メーカー名日本語,なし,あり,エスネット ストアー / ときめき ライフ,2,2,2,891,B07L62YX2G,劇場版 魔法少女まどか☆マギカ[新編]叛逆の物語(完全生産限定版),https://www.amazon.co.jp/dp/B07L62YX2G,https://www.google.com/search?q=%E3%82%A2%E3%83%8B%E3%83%97%E3%83%AC%E3%83%83%E3%82%AF%E3%82%B9%20%E4%BC%9A%E7%A4%BE%E6%A6%82%E8%A6%81%20%E5%95%8F%E3%81%84%E5%90%88%E3%82%8F%E3%81%9B%20%E5%8D%B8
アミューズソフト,1,DVD,条件付き（再販/版元カテゴリ）,ルートカテゴリ=DVD,未判定,JAN45/49／manufacturer日本語／メーカー名日本語,なし,あり,ステップＲＥＩＫＯＤＯ,1,5,5,3148,B00HTTUOEM,永遠の0 豪華版(DVD2枚組) 初回生産限定仕様,https://www.amazon.co.jp/dp/B00HTTUOEM,https://www.google.com/search?q=%E3%82%A2%E3%83%9F%E3%83%A5%E3%83%BC%E3%82%BA%E3%82%BD%E3%83%95%E3%83%88%20%E4%BC%9A%E7%A4%BE%E6%A6%82%E8%A6%81%20%E5%95%8F%E3%81%84%E5%90%88%E3%82%8F%E3%81%9B%20%E5%8D%B8
アークシステムワークス,1,ゲーム,条件付き（再販/版元カテゴリ）,ルートカテゴリ=ゲーム,未判定,JAN45/49／manufacturer日本語／メーカー名日本語,なし,あり,★岡田屋 24時間以内に発送。365日対応★当店の女性スタッフが心を込めて検品・梱包いたします★ / 本郷やまねこ堂 / おもちゃ＆ホビーSHOP あまのや ≪年中無休≫,5,5,5,2726,B0DFXPF8R4,GUILTY GEAR -STRIVE- (ギルティギア ストライヴ) Nintendo Switch Edition ,https://www.amazon.co.jp/dp/B0DFXPF8R4,https://www.google.com/search?q=%E3%82%A2%E3%83%BC%E3%82%AF%E3%82%B7%E3%82%B9%E3%83%86%E3%83%A0%E3%83%AF%E3%83%BC%E3%82%AF%E3%82%B9%20%E4%BC%9A%E7%A4%BE%E6%A6%82%E8%A6%81%20%E5%95%8F%E3%81%84%E5%90%88%E3%82%8F%E3%81%9B%20%E5%8D%B8
インディーズレーベル,1,ミュージック,条件付き（再販/版元カテゴリ）,ルートカテゴリ=ミュージック,未判定,JAN45/49／メーカー名日本語,なし,あり,チョコレートレコード 【年中無休】「コンビニ払い」できます！ / ブックマーケティング(ご注文確定前に表示の到着予定日をご確認下さい、ご注文後のキャンセルご遠慮下さい,2,2,2,1308,B0GHNPNR95,modal soul,https://www.amazon.co.jp/dp/B0GHNPNR95,https://www.google.com/search?q=%E3%82%A4%E3%83%B3%E3%83%87%E3%82%A3%E3%83%BC%E3%82%BA%E3%83%AC%E3%83%BC%E3%83%99%E3%83%AB%20%E4%BC%9A%E7%A4%BE%E6%A6%82%E8%A6%81%20%E5%95%8F%E3%81%84%E5%90%88%E3%82%8F%E3%81%9B%20%E5%8D%B8
ゲームテック,1,ゲーム,条件付き（再販/版元カテゴリ）,ルートカテゴリ=ゲーム,未判定,JAN45/49／manufacturer日本語／メーカー名日本語,なし,あり,三方よしSHOP / NAGOMIストア,2,3,3,28,B0C6MD591Y,Pokemon GO Plus+対応本体収納ポーチ『シリコンポーチPlus+(ホワイト×レッド)』 - Mobile,https://www.amazon.co.jp/dp/B0C6MD591Y,https://www.google.com/search?q=%E3%82%B2%E3%83%BC%E3%83%A0%E3%83%86%E3%83%83%E3%82%AF%20%E4%BC%9A%E7%A4%BE%E6%A6%82%E8%A6%81%20%E5%95%8F%E3%81%84%E5%90%88%E3%82%8F%E3%81%9B%20%E5%8D%B8
コミックス・ウェーブ・フィルム,1,DVD,条件付き（再販/版元カテゴリ）,ルートカテゴリ=DVD,未判定,JAN45/49／manufacturer日本語／メーカー名日本語,なし,あり,インフォームショップ【インボイス対応】 / 未来屋陶商店 / かばいち堂 【古物営業許可証：第651010000548号】,3,4,4,1735,B000MQCT1U,秒速5センチメートル 特別限定生産版 DVD-BOX,https://www.amazon.co.jp/dp/B000MQCT1U,https://www.google.com/search?q=%E3%82%B3%E3%83%9F%E3%83%83%E3%82%AF%E3%82%B9%E3%83%BB%E3%82%A6%E3%82%A7%E3%83%BC%E3%83%96%E3%83%BB%E3%83%95%E3%82%A3%E3%83%AB%E3%83%A0%20%E4%BC%9A%E7%A4%BE%E6%A6%82%E8%A6%81%20%E5%95%8F%E3%81%84%E5%90%88%E3%82%8F%E3%81%9B%20%E5%8D%B8
コロンバスサークル,1,ゲーム,条件付き（再販/版元カテゴリ）,ルートカテゴリ=ゲーム,未判定,JAN45/49／manufacturer日本語／メーカー名日本語,なし,あり,スリーエーダイレクト【3Aカンパニー公式店】,1,2,2,3155,B0D6MZ2GLN,コロンバスサークル（FC用互換機）8ビットポケット V2 - 液晶画面搭載ポータブルファミコン互換機【生産終了】,https://www.amazon.co.jp/dp/B0D6MZ2GLN,https://www.google.com/search?q=%E3%82%B3%E3%83%AD%E3%83%B3%E3%83%90%E3%82%B9%E3%82%B5%E3%83%BC%E3%82%AF%E3%83%AB%20%E4%BC%9A%E7%A4%BE%E6%A6%82%E8%A6%81%20%E5%95%8F%E3%81%84%E5%90%88%E3%82%8F%E3%81%9B%20%E5%8D%B8
サイバーガジェット,1,ゲーム,条件付き（再販/版元カテゴリ）,ルートカテゴリ=ゲーム,未判定,JAN45/49／manufacturer日本語／メーカー名日本語,なし,あり,あす着年中無休16時迄ご注文分即日出荷翌日お届け（北海道北東北沖縄県は翌々日）自社出荷プロエフ / アイルオンラインストア ※すり替え対策店※ ★賞味期限あるものはコンディションにて要確認★ / かなたもSHOP,3,4,4,6201,B07L95695F,レトロフリーク ギアコンバーター S 【ゲームギア、セガ・マークIII、SG-1000用ソフト向け】 メガブラック,https://www.amazon.co.jp/dp/B07L95695F,https://www.google.com/search?q=%E3%82%B5%E3%82%A4%E3%83%90%E3%83%BC%E3%82%AC%E3%82%B8%E3%82%A7%E3%83%83%E3%83%88%20%E4%BC%9A%E7%A4%BE%E6%A6%82%E8%A6%81%20%E5%95%8F%E3%81%84%E5%90%88%E3%82%8F%E3%81%9B%20%E5%8D%B8
ジェネオン・ユニバーサル,1,DVD,条件付き（再販/版元カテゴリ）,ルートカテゴリ=DVD,未判定,JAN45/49／manufacturer日本語／メーカー名日本語,なし,あり,blaze・webストア,1,3,3,1876,B004XV5H7I,地獄の黙示録 3Disc コレクターズ・エディション (初回生産限定) [Blu-ray],https://www.amazon.co.jp/dp/B004XV5H7I,https://www.google.com/search?q=%E3%82%B8%E3%82%A7%E3%83%8D%E3%82%AA%E3%83%B3%E3%83%BB%E3%83%A6%E3%83%8B%E3%83%90%E3%83%BC%E3%82%B5%E3%83%AB%20%E4%BC%9A%E7%A4%BE%E6%A6%82%E8%A6%81%20%E5%95%8F%E3%81%84%E5%90%88%E3%82%8F%E3%81%9B%20%E5%8D%B8
ジャニーズ・エンタテイメント,1,DVD,条件付き（再販/版元カテゴリ）,ルートカテゴリ=DVD,未判定,JAN45/49／manufacturer日本語／メーカー名日本語,なし,なし,,0,4,4,1851,B00198QZ7Y,We are Φn' 39!! and U? KinKi Kids Live in DOME 07-08(初回生産限定盤,https://www.amazon.co.jp/dp/B00198QZ7Y,https://www.google.com/search?q=%E3%82%B8%E3%83%A3%E3%83%8B%E3%83%BC%E3%82%BA%E3%83%BB%E3%82%A8%E3%83%B3%E3%82%BF%E3%83%86%E3%82%A4%E3%83%A1%E3%83%B3%E3%83%88%20%E4%BC%9A%E7%A4%BE%E6%A6%82%E8%A6%81%20%E5%95%8F%E3%81%84%E5%90%88%E3%82%8F%E3%81%9B%20%E5%8D%B8
ジャニーズ･エンタテイメント,1,DVD,条件付き（再販/版元カテゴリ）,ルートカテゴリ=DVD,未判定,JAN45/49／manufacturer日本語／メーカー名日本語,なし,あり,ブックマーケティング(ご注文確定前に表示の到着予定日をご確認下さい、ご注文後のキャンセルご遠慮下さい / ぷーーーーちゃん（インボイス登録事業者）,2,3,3,4865,B0C73FY74P,KinKi Kids Concert 2022-2023 24451〜The Story of Us〜 (初回生産限定盤,https://www.amazon.co.jp/dp/B0C73FY74P,https://www.google.com/search?q=%E3%82%B8%E3%83%A3%E3%83%8B%E3%83%BC%E3%82%BA%EF%BD%A5%E3%82%A8%E3%83%B3%E3%82%BF%E3%83%86%E3%82%A4%E3%83%A1%E3%83%B3%E3%83%88%20%E4%BC%9A%E7%A4%BE%E6%A6%82%E8%A6%81%20%E5%95%8F%E3%81%84%E5%90%88%E3%82%8F%E3%81%9B%20%E5%8D%B8
ストームレーベルズ,1,ミュージック,条件付き（再販/版元カテゴリ）,ルートカテゴリ=ミュージック,未判定,manufacturer日本語／メーカー名日本語,なし,あり,Alice Rate【インボイス対応・抜き取り詐欺対策中】 / ワイ・ティーメディアセンター本店,2,2,2,10714,B0D1V8YV6X,【メーカー特典あり】+Alpha (3形態セット) (CD+DVD) (初回盤1+初回盤2+通常盤) - なにわ男子 (,https://www.amazon.co.jp/dp/B0D1V8YV6X,https://www.google.com/search?q=%E3%82%B9%E3%83%88%E3%83%BC%E3%83%A0%E3%83%AC%E3%83%BC%E3%83%99%E3%83%AB%E3%82%BA%20%E4%BC%9A%E7%A4%BE%E6%A6%82%E8%A6%81%20%E5%95%8F%E3%81%84%E5%90%88%E3%82%8F%E3%81%9B%20%E5%8D%B8
ダイキ,1,PCソフト,条件付き（再販/版元カテゴリ）,ルートカテゴリ=PCソフト,判定不能,JAN45/49／manufacturer日本語／メーカー名日本語,なし,あり,a.m.マーケット　「確認の為メールで連絡の場合がありますので、24時間以内のご返信をお願いします。,1,2,2,4979,B00005OIEH,GREATシリーズ 「STARCRAFT」~スタークラフト~,https://www.amazon.co.jp/dp/B00005OIEH,https://www.google.com/search?q=%E3%83%80%E3%82%A4%E3%82%AD%20%E4%BC%9A%E7%A4%BE%E6%A6%82%E8%A6%81%20%E5%95%8F%E3%81%84%E5%90%88%E3%82%8F%E3%81%9B%20%E5%8D%B8
ダイヤモンド社,1,本,条件付き（再販/版元カテゴリ）,ルートカテゴリ=本,未判定,manufacturer日本語／メーカー名日本語,なし,あり,ノースサプライ / タウンズマート,2,4,4,449,4478121141,いちばんわかりやすい確定申告の書き方　令和7年3月17日締切分,https://www.amazon.co.jp/dp/4478121141,https://www.google.com/search?q=%E3%83%80%E3%82%A4%E3%83%A4%E3%83%A2%E3%83%B3%E3%83%89%E7%A4%BE%20%E4%BC%9A%E7%A4%BE%E6%A6%82%E8%A6%81%20%E5%95%8F%E3%81%84%E5%90%88%E3%82%8F%E3%81%9B%20%E5%8D%B8
テイクツー・インタラクティブ・ジャパン,1,ゲーム,条件付き（再販/版元カテゴリ）,ルートカテゴリ=ゲーム,未判定,JAN45/49／manufacturer日本語／メーカー名日本語,なし,あり,ウォーズ / ゲームだらけ【全品新品！15時半までご注文を即日出荷！予約商品は発売日前日出荷※日祝休土曜14時半】 / お宝創庫 中川店,4,5,5,1864,B09XM8BJRZ,【PS5】グランド・セフト・オートV 【CEROレーティング「Z」】,https://www.amazon.co.jp/dp/B09XM8BJRZ,https://www.google.com/search?q=%E3%83%86%E3%82%A4%E3%82%AF%E3%83%84%E3%83%BC%E3%83%BB%E3%82%A4%E3%83%B3%E3%82%BF%E3%83%A9%E3%82%AF%E3%83%86%E3%82%A3%E3%83%96%E3%83%BB%E3%82%B8%E3%83%A3%E3%83%91%E3%83%B3%20%E4%BC%9A%E7%A4%BE%E6%A6%82%E8%A6%81%20%E5%95%8F%E3%81%84%E5%90%88%E3%82%8F%E3%81%9B%20%E5%8D%B8
ドレミ楽譜出版社,1,本,条件付き（再販/版元カテゴリ）,ルートカテゴリ=本,未判定,manufacturer日本語／メーカー名日本語,なし,あり,※プレミア価格多数※お届け予定日をご確認ください※ひとひら商店 / SHIBAYAN(インボイス対応店) / タウンズマート,3,4,4,930,4285154196,WEST. 10th Anniversary Piano Selection ／ WESCORE VOL.1（オフィシャ,https://www.amazon.co.jp/dp/4285154196,https://www.google.com/search?q=%E3%83%89%E3%83%AC%E3%83%9F%E6%A5%BD%E8%AD%9C%E5%87%BA%E7%89%88%E7%A4%BE%20%E4%BC%9A%E7%A4%BE%E6%A6%82%E8%A6%81%20%E5%95%8F%E3%81%84%E5%90%88%E3%82%8F%E3%81%9B%20%E5%8D%B8
ニュートンプレス,1,本,条件付き（再販/版元カテゴリ）,ルートカテゴリ=本,未判定,JAN45/49／manufacturer日本語／メーカー名日本語,なし,あり,タウンズマート,1,2,2,621,B0DRNC2N4L,ニャートン ネコの科学 (Newton増刊),https://www.amazon.co.jp/dp/B0DRNC2N4L,https://www.google.com/search?q=%E3%83%8B%E3%83%A5%E3%83%BC%E3%83%88%E3%83%B3%E3%83%97%E3%83%AC%E3%82%B9%20%E4%BC%9A%E7%A4%BE%E6%A6%82%E8%A6%81%20%E5%95%8F%E3%81%84%E5%90%88%E3%82%8F%E3%81%9B%20%E5%8D%B8
パラマウント ホーム エンタテインメント ジャパン,1,DVD,条件付き（再販/版元カテゴリ）,ルートカテゴリ=DVD,未判定,JAN45/49／メーカー名日本語,なし,なし,,0,2,2,7226,B001CSMGRY,ゴッドファーザー コッポラ・リストレーション ブルーレイBOX,https://www.amazon.co.jp/dp/B001CSMGRY,https://www.google.com/search?q=%E3%83%91%E3%83%A9%E3%83%9E%E3%82%A6%E3%83%B3%E3%83%88%20%E3%83%9B%E3%83%BC%E3%83%A0%20%E3%82%A8%E3%83%B3%E3%82%BF%E3%83%86%E3%82%A4%E3%83%B3%E3%83%A1%E3%83%B3%E3%83%88%20%E3%82%B8%E3%83%A3%E3%83%91%E3%83%B3%20%E4%BC%9A%E7%A4%BE%E6%A6%82%E8%A6%81%20%E5%95%8F%E3%81%84%E5%90%88%E3%82%8F%E3%81%9B%20%E5%8D%B8
フォーライフミュージックエンタテイメント,1,ミュージック,条件付き（再販/版元カテゴリ）,ルートカテゴリ=ミュージック,未判定,JAN45/49／manufacturer日本語／メーカー名日本語,なし,あり,ブックマーケティング(ご注文確定前に表示の到着予定日をご確認下さい、ご注文後のキャンセルご遠慮下さい / ホビー通販～未来屋～,2,2,2,4051,B0GHR37BB6,1996 30th Anniversary Edition (完全生産限定盤) (アナログ盤) - 坂本龍一 (特典なし,https://www.amazon.co.jp/dp/B0GHR37BB6,https://www.google.com/search?q=%E3%83%95%E3%82%A9%E3%83%BC%E3%83%A9%E3%82%A4%E3%83%95%E3%83%9F%E3%83%A5%E3%83%BC%E3%82%B8%E3%83%83%E3%82%AF%E3%82%A8%E3%83%B3%E3%82%BF%E3%83%86%E3%82%A4%E3%83%A1%E3%83%B3%E3%83%88%20%E4%BC%9A%E7%A4%BE%E6%A6%82%E8%A6%81%20%E5%95%8F%E3%81%84%E5%90%88%E3%82%8F%E3%81%9B%20%E5%8D%B8
フライングドッグ,1,ミュージック,条件付き（再販/版元カテゴリ）,ルートカテゴリ=ミュージック,未判定,JAN45/49／manufacturer日本語／メーカー名日本語,なし,あり,ブックマーケティング(ご注文確定前に表示の到着予定日をご確認下さい、ご注文後のキャンセルご遠慮下さい,1,2,2,2996,B0DNPX7V7G,マクロスF オールタイムベストアルバム 「娘々グレイテスト☆ヒッツ！」 [アナログ] [3LP] [Analog],https://www.amazon.co.jp/dp/B0DNPX7V7G,https://www.google.com/search?q=%E3%83%95%E3%83%A9%E3%82%A4%E3%83%B3%E3%82%B0%E3%83%89%E3%83%83%E3%82%B0%20%E4%BC%9A%E7%A4%BE%E6%A6%82%E8%A6%81%20%E5%95%8F%E3%81%84%E5%90%88%E3%82%8F%E3%81%9B%20%E5%8D%B8
ブロッコリー(BROCCOLI),1,ゲーム,条件付き（再販/版元カテゴリ）,ルートカテゴリ=ゲーム,未判定,JAN45/49／manufacturer日本語／メーカー名日本語,なし,あり,オフィスユウ / Tiny Stock タイニーストック,2,2,2,10542,B082Y5LCM3,ジャックジャンヌ 限定ユニヴェールコレクション - Switch,https://www.amazon.co.jp/dp/B082Y5LCM3,https://www.google.com/search?q=%E3%83%96%E3%83%AD%E3%83%83%E3%82%B3%E3%83%AA%E3%83%BC%28BROCCOLI%29%20%E4%BC%9A%E7%A4%BE%E6%A6%82%E8%A6%81%20%E5%95%8F%E3%81%84%E5%90%88%E3%82%8F%E3%81%9B%20%E5%8D%B8
ポケモン(Pokemon),1,ゲーム,条件付き（再販/版元カテゴリ）,ルートカテゴリ=ゲーム,未判定,manufacturer日本語／メーカー名日本語,なし,あり,ニコズストア 大阪本店 / ヤフ商店,2,3,3,5108,B0FYD2QQ8C,ぽこ あ ポケモン -Switch2 【Amazon.co.jpオリジナル特典】メタモン型木製トレー(サイズ約直径16c,https://www.amazon.co.jp/dp/B0FYD2QQ8C,https://www.google.com/search?q=%E3%83%9D%E3%82%B1%E3%83%A2%E3%83%B3%28Pokemon%29%20%E4%BC%9A%E7%A4%BE%E6%A6%82%E8%A6%81%20%E5%95%8F%E3%81%84%E5%90%88%E3%82%8F%E3%81%9B%20%E5%8D%B8
マイクロマガジン社,1,本,条件付き（再販/版元カテゴリ）,ルートカテゴリ=本,未判定,manufacturer日本語／メーカー名日本語,なし,あり,※プレミア価格多数※お届け予定日をご確認ください※ひとひら商店 / タウンズマート,2,3,3,1224,4867167118,ＧＩＲＬＳ　ＢＡＮＤ　ＣＲＹ　１ｓｔ　ＦＡＮ　ＢＯＯＫ,https://www.amazon.co.jp/dp/4867167118,https://www.google.com/search?q=%E3%83%9E%E3%82%A4%E3%82%AF%E3%83%AD%E3%83%9E%E3%82%AC%E3%82%B8%E3%83%B3%E7%A4%BE%20%E4%BC%9A%E7%A4%BE%E6%A6%82%E8%A6%81%20%E5%95%8F%E3%81%84%E5%90%88%E3%82%8F%E3%81%9B%20%E5%8D%B8
マイナビ出版,1,本,条件付き（再販/版元カテゴリ）,ルートカテゴリ=本,未判定,manufacturer日本語／メーカー名日本語,なし,あり,タウンズマート / クラシックス書店｜東京都公安委員会　第308932215631,2,3,3,720,4839988862,世界遺産検定公式過去問題集1・準1・2級【2025年度版】,https://www.amazon.co.jp/dp/4839988862,https://www.google.com/search?q=%E3%83%9E%E3%82%A4%E3%83%8A%E3%83%93%E5%87%BA%E7%89%88%20%E4%BC%9A%E7%A4%BE%E6%A6%82%E8%A6%81%20%E5%95%8F%E3%81%84%E5%90%88%E3%82%8F%E3%81%9B%20%E5%8D%B8
メディックメディア,1,本,条件付き（再販/版元カテゴリ）,ルートカテゴリ=本,未判定,manufacturer日本語／メーカー名日本語,なし,あり,ブックマーケティング(ご注文確定前に表示の到着予定日をご確認下さい、ご注文後のキャンセルご遠慮下さい / タウンズマート,2,4,4,2645,4896329570,レビューブック　管理栄養士　2026,https://www.amazon.co.jp/dp/4896329570,https://www.google.com/search?q=%E3%83%A1%E3%83%87%E3%82%A3%E3%83%83%E3%82%AF%E3%83%A1%E3%83%87%E3%82%A3%E3%82%A2%20%E4%BC%9A%E7%A4%BE%E6%A6%82%E8%A6%81%20%E5%95%8F%E3%81%84%E5%90%88%E3%82%8F%E3%81%9B%20%E5%8D%B8
メビウス,1,ゲーム,条件付き（再販/版元カテゴリ）,ルートカテゴリ=ゲーム,未判定,JAN45/49／manufacturer日本語／メーカー名日本語,なし,あり,＠タフコーポレーション　「コンディション説明欄をご確認の上ご注文ください」 / KF ストア（適格請求書発行事業者）,2,2,2,2281,B0FDFW63C3,BURAI MSX2コンプリート 通常版 -Switch,https://www.amazon.co.jp/dp/B0FDFW63C3,https://www.google.com/search?q=%E3%83%A1%E3%83%93%E3%82%A6%E3%82%B9%20%E4%BC%9A%E7%A4%BE%E6%A6%82%E8%A6%81%20%E5%95%8F%E3%81%84%E5%90%88%E3%82%8F%E3%81%9B%20%E5%8D%B8
ユニバーサル・ピクチャーズ・ジャパン,1,DVD,条件付き（再販/版元カテゴリ）,ルートカテゴリ=DVD,未判定,JAN45/49／manufacturer日本語／メーカー名日本語,なし,あり,インボイス対応済 MINORITY RECORDS GW含む土日祝日も発送致します。,1,2,2,1542,B00096J66O,ドラゴンへの道 デジタル・リマスター版,https://www.amazon.co.jp/dp/B00096J66O,https://www.google.com/search?q=%E3%83%A6%E3%83%8B%E3%83%90%E3%83%BC%E3%82%B5%E3%83%AB%E3%83%BB%E3%83%94%E3%82%AF%E3%83%81%E3%83%A3%E3%83%BC%E3%82%BA%E3%83%BB%E3%82%B8%E3%83%A3%E3%83%91%E3%83%B3%20%E4%BC%9A%E7%A4%BE%E6%A6%82%E8%A6%81%20%E5%95%8F%E3%81%84%E5%90%88%E3%82%8F%E3%81%9B%20%E5%8D%B8
ロゴヴィスタ,1,PCソフト,条件付き（再販/版元カテゴリ）,ルートカテゴリ=PCソフト,未判定,JAN45/49／manufacturer日本語／メーカー名日本語,なし,なし,PLUS YU（プラスユウ）,1,1,2,6523,B002UQSTKU,研究社 医学英和辞典 第2版,https://www.amazon.co.jp/dp/B002UQSTKU,https://www.google.com/search?q=%E3%83%AD%E3%82%B4%E3%83%B4%E3%82%A3%E3%82%B9%E3%82%BF%20%E4%BC%9A%E7%A4%BE%E6%A6%82%E8%A6%81%20%E5%95%8F%E3%81%84%E5%90%88%E3%82%8F%E3%81%9B%20%E5%8D%B8
ロッキングオン,1,本,条件付き（再販/版元カテゴリ）,ルートカテゴリ=本,未判定,JAN45/49／manufacturer日本語／メーカー名日本語,なし,あり,つばめ書店　（２冊以上で自動の場合的に速達出荷。雑誌BN、一部書籍は発送に時間がかかる場合有） / いずみbooks / ブックマーケティング(ご注文確定前に表示の到着予定日をご確認下さい、ご注文後のキャンセルご遠慮下さい,3,3,3,145,B0FMYWT923,ロッキング・オン・ジャパン 2025年 11 月号 [雑誌],https://www.amazon.co.jp/dp/B0FMYWT923,https://www.google.com/search?q=%E3%83%AD%E3%83%83%E3%82%AD%E3%83%B3%E3%82%B0%E3%82%AA%E3%83%B3%20%E4%BC%9A%E7%A4%BE%E6%A6%82%E8%A6%81%20%E5%95%8F%E3%81%84%E5%90%88%E3%82%8F%E3%81%9B%20%E5%8D%B8
ワー ナー・ブ ラザース・ホームエ ンターテイ メント,1,DVD,条件付き（再販/版元カテゴリ）,ルートカテゴリ=DVD,未判定,JAN45/49／メーカー名日本語,なし,あり,ヨコハマレコード / そふとや,2,3,3,5036,B09778XSP9,ハリー・ポッター シリーズ DVD8枚組 SET-27-HARRY-HPM,https://www.amazon.co.jp/dp/B09778XSP9,https://www.google.com/search?q=%E3%83%AF%E3%83%BC%20%E3%83%8A%E3%83%BC%E3%83%BB%E3%83%96%20%E3%83%A9%E3%82%B6%E3%83%BC%E3%82%B9%E3%83%BB%E3%83%9B%E3%83%BC%E3%83%A0%E3%82%A8%20%E3%83%B3%E3%82%BF%E3%83%BC%E3%83%86%E3%82%A4%20%E3%83%A1%E3%83%B3%E3%83%88%20%E4%BC%9A%E7%A4%BE%E6%A6%82%E8%A6%81%20%E5%95%8F%E3%81%84%E5%90%88%E3%82%8F%E3%81%9B%20%E5%8D%B8
ワーナー・ホーム・ビデオ,1,DVD,条件付き（再販/版元カテゴリ）,ルートカテゴリ=DVD,未判定,JAN45/49／manufacturer日本語／メーカー名日本語,なし,あり,まゆのストアー,1,2,2,4307,B009KKHOYG,ダークナイト　ライジング　ブルーレイ版スチールブック仕様【Ａｍａｚｏｎ．ｃｏ．ｊｐ限定】（完全数量限定生産）（Ｂｌｕ－ｒ,https://www.amazon.co.jp/dp/B009KKHOYG,https://www.google.com/search?q=%E3%83%AF%E3%83%BC%E3%83%8A%E3%83%BC%E3%83%BB%E3%83%9B%E3%83%BC%E3%83%A0%E3%83%BB%E3%83%93%E3%83%87%E3%82%AA%20%E4%BC%9A%E7%A4%BE%E6%A6%82%E8%A6%81%20%E5%95%8F%E3%81%84%E5%90%88%E3%82%8F%E3%81%9B%20%E5%8D%B8
一発合格まとめシート,1,本,条件付き（再販/版元カテゴリ）,ルートカテゴリ=本,未判定,manufacturer日本語／メーカー名日本語,なし,あり,エイチス株式会社 / 大垣書店オンライン 京都 / ビビッドメディアストア,3,3,3,1610,4905212782,2026年度版 中小企業診断士1次試験一発合格まとめシート前編（企業経営理論、財務・会計、運営管理）,https://www.amazon.co.jp/dp/4905212782,https://www.google.com/search?q=%E4%B8%80%E7%99%BA%E5%90%88%E6%A0%BC%E3%81%BE%E3%81%A8%E3%82%81%E3%82%B7%E3%83%BC%E3%83%88%20%E4%BC%9A%E7%A4%BE%E6%A6%82%E8%A6%81%20%E5%95%8F%E3%81%84%E5%90%88%E3%82%8F%E3%81%9B%20%E5%8D%B8
三省堂,1,本,条件付き（再販/版元カテゴリ）,ルートカテゴリ=本,未判定,manufacturer日本語／メーカー名日本語,なし,あり,★★みんなのドリームファクトリー★★コンビニ・ATM・ネットバンキング払い対応★★ / 綿雨書店※[最も早いお届け日]はお急ぎ便で注文の場合です※ / ブックマーケティング(ご注文確定前に表示の到着予定日をご確認下さい、ご注文後のキャンセルご遠慮下さい,5,6,6,1686,4385159904,司法書士合格六法 2026,https://www.amazon.co.jp/dp/4385159904,https://www.google.com/search?q=%E4%B8%89%E7%9C%81%E5%A0%82%20%E4%BC%9A%E7%A4%BE%E6%A6%82%E8%A6%81%20%E5%95%8F%E3%81%84%E5%90%88%E3%82%8F%E3%81%9B%20%E5%8D%B8
中央経済社,1,本,条件付き（再販/版元カテゴリ）,ルートカテゴリ=本,未判定,manufacturer日本語／メーカー名日本語,なし,あり,タウンズマート,1,4,4,4916,4502350419,公認内部監査人資格認定試験対応 内部監査基本テキスト〈第4版〉,https://www.amazon.co.jp/dp/4502350419,https://www.google.com/search?q=%E4%B8%AD%E5%A4%AE%E7%B5%8C%E6%B8%88%E7%A4%BE%20%E4%BC%9A%E7%A4%BE%E6%A6%82%E8%A6%81%20%E5%95%8F%E3%81%84%E5%90%88%E3%82%8F%E3%81%9B%20%E5%8D%B8
全日出版社,1,本,条件付き（再販/版元カテゴリ）,ルートカテゴリ=本,未判定,manufacturer日本語／メーカー名日本語,なし,あり,Flower books【適格請求書発行事業者登録店】 / タウンズマート / ブックマーケティング(ご注文確定前に表示の到着予定日をご確認下さい、ご注文後のキャンセルご遠慮下さい,3,4,4,4785,491147100X,電気設備工事積算実務マニュアル2025(令和7年度版),https://www.amazon.co.jp/dp/491147100X,https://www.google.com/search?q=%E5%85%A8%E6%97%A5%E5%87%BA%E7%89%88%E7%A4%BE%20%E4%BC%9A%E7%A4%BE%E6%A6%82%E8%A6%81%20%E5%95%8F%E3%81%84%E5%90%88%E3%82%8F%E3%81%9B%20%E5%8D%B8
公論出版,1,本,条件付き（再販/版元カテゴリ）,ルートカテゴリ=本,未判定,manufacturer日本語／メーカー名日本語,なし,あり,ノースサプライ / タウンズマート,2,3,3,486,4862752926,乙種４類 危険物取扱者試験 令和７年版,https://www.amazon.co.jp/dp/4862752926,https://www.google.com/search?q=%E5%85%AC%E8%AB%96%E5%87%BA%E7%89%88%20%E4%BC%9A%E7%A4%BE%E6%A6%82%E8%A6%81%20%E5%95%8F%E3%81%84%E5%90%88%E3%82%8F%E3%81%9B%20%E5%8D%B8
同友館,1,本,条件付き（再販/版元カテゴリ）,ルートカテゴリ=本,未判定,manufacturer日本語／メーカー名日本語,なし,あり,タウンズマート,1,3,3,3920,4496056070,ふぞろいな合格答案 エピソード15 (2022年版),https://www.amazon.co.jp/dp/4496056070,https://www.google.com/search?q=%E5%90%8C%E5%8F%8B%E9%A4%A8%20%E4%BC%9A%E7%A4%BE%E6%A6%82%E8%A6%81%20%E5%95%8F%E3%81%84%E5%90%88%E3%82%8F%E3%81%9B%20%E5%8D%B8
学事出版,1,本,条件付き（再販/版元カテゴリ）,ルートカテゴリ=本,未判定,manufacturer日本語／メーカー名日本語,なし,あり,ノースサプライ,1,2,2,738,476193011X,スクールプランニングノート2025年度版B(中学・高校教師向け),https://www.amazon.co.jp/dp/476193011X,https://www.google.com/search?q=%E5%AD%A6%E4%BA%8B%E5%87%BA%E7%89%88%20%E4%BC%9A%E7%A4%BE%E6%A6%82%E8%A6%81%20%E5%95%8F%E3%81%84%E5%90%88%E3%82%8F%E3%81%9B%20%E5%8D%B8
小学館集英社プロダクション,1,本,条件付き（再販/版元カテゴリ）,ルートカテゴリ=本,未判定,manufacturer日本語／メーカー名日本語,なし,あり,スターブック ご希望の方には商品写真をお送りします / ブックマーケティング(ご注文確定前に表示の到着予定日をご確認下さい、ご注文後のキャンセルご遠慮下さい,2,2,2,2219,4796874739,【初回出荷特典付】刀剣乱舞ONLINE十周年記念 本丸録,https://www.amazon.co.jp/dp/4796874739,https://www.google.com/search?q=%E5%B0%8F%E5%AD%A6%E9%A4%A8%E9%9B%86%E8%8B%B1%E7%A4%BE%E3%83%97%E3%83%AD%E3%83%80%E3%82%AF%E3%82%B7%E3%83%A7%E3%83%B3%20%E4%BC%9A%E7%A4%BE%E6%A6%82%E8%A6%81%20%E5%95%8F%E3%81%84%E5%90%88%E3%82%8F%E3%81%9B%20%E5%8D%B8
山川出版社,1,本,条件付き（再販/版元カテゴリ）,ルートカテゴリ=本,未判定,manufacturer日本語／メーカー名日本語,なし,あり,綿雨書店※[最も早いお届け日]はお急ぎ便で注文の場合です※ / はとの学校 / みなと堂【必ずご購入前に販売元情報をご確認を！】,3,5,5,260,4634701219,【日探705】詳説日本史 山川出版 文部科学省検定済 高等学校 地理歴史科用 高校教科書 日本史探究,https://www.amazon.co.jp/dp/4634701219,https://www.google.com/search?q=%E5%B1%B1%E5%B7%9D%E5%87%BA%E7%89%88%E7%A4%BE%20%E4%BC%9A%E7%A4%BE%E6%A6%82%E8%A6%81%20%E5%95%8F%E3%81%84%E5%90%88%E3%82%8F%E3%81%9B%20%E5%8D%B8
幻冬舎,1,本,条件付き（再販/版元カテゴリ）,ルートカテゴリ=本,未判定,manufacturer日本語／メーカー名日本語,なし,あり,大垣書店オンライン 京都 / タウンズマート / 京都 大垣書店プラス,5,6,6,3788,B00P7G37JI,ヘタリア AXIS POWERS コミック 1-6巻セット (バーズ エクストラ),https://www.amazon.co.jp/dp/B00P7G37JI,https://www.google.com/search?q=%E5%B9%BB%E5%86%AC%E8%88%8E%20%E4%BC%9A%E7%A4%BE%E6%A6%82%E8%A6%81%20%E5%95%8F%E3%81%84%E5%90%88%E3%82%8F%E3%81%9B%20%E5%8D%B8
建設物価調査会,1,本,条件付き（再販/版元カテゴリ）,ルートカテゴリ=本,未判定,JAN45/49／manufacturer日本語／メーカー名日本語,なし,あり,つばめ書店　（２冊以上で自動の場合的に速達出荷。雑誌BN、一部書籍は発送に時間がかかる場合有） / ブックマーケティング(ご注文確定前に表示の到着予定日をご確認下さい、ご注文後のキャンセルご遠慮下さい,2,3,3,1948,B0GQ5MX9NY,月刊建設物価 2026年 04 月号 [雑誌],https://www.amazon.co.jp/dp/B0GQ5MX9NY,https://www.google.com/search?q=%E5%BB%BA%E8%A8%AD%E7%89%A9%E4%BE%A1%E8%AA%BF%E6%9F%BB%E4%BC%9A%20%E4%BC%9A%E7%A4%BE%E6%A6%82%E8%A6%81%20%E5%95%8F%E3%81%84%E5%90%88%E3%82%8F%E3%81%9B%20%E5%8D%B8
成山堂書店,1,本,条件付き（再販/版元カテゴリ）,ルートカテゴリ=本,未判定,manufacturer日本語／メーカー名日本語,なし,あり,プルート書店（インボイス対応店舗） / ノースサプライ / タウンズマート,5,6,6,2318,4425975898,気象予報士試験精選問題集　2025年度版,https://www.amazon.co.jp/dp/4425975898,https://www.google.com/search?q=%E6%88%90%E5%B1%B1%E5%A0%82%E6%9B%B8%E5%BA%97%20%E4%BC%9A%E7%A4%BE%E6%A6%82%E8%A6%81%20%E5%95%8F%E3%81%84%E5%90%88%E3%82%8F%E3%81%9B%20%E5%8D%B8
扶桑社,1,本,条件付き（再販/版元カテゴリ）,ルートカテゴリ=本,未判定,JAN45/49／manufacturer日本語／メーカー名日本語,なし,あり,タウンズマート,1,2,2,92,B0FN8BQ39W,cookpad plus(クックパッド プラス)2026年冬号,https://www.amazon.co.jp/dp/B0FN8BQ39W,https://www.google.com/search?q=%E6%89%B6%E6%A1%91%E7%A4%BE%20%E4%BC%9A%E7%A4%BE%E6%A6%82%E8%A6%81%20%E5%95%8F%E3%81%84%E5%90%88%E3%82%8F%E3%81%9B%20%E5%8D%B8
数研出版,1,本,条件付き（再販/版元カテゴリ）,ルートカテゴリ=本,未判定,manufacturer日本語／メーカー名日本語,なし,あり,タウンズマート / ブックマーケティング(ご注文確定前に表示の到着予定日をご確認下さい、ご注文後のキャンセルご遠慮下さい,2,4,4,654,4410107178,新課程 チャート式解法と演習数学I+A,https://www.amazon.co.jp/dp/4410107178,https://www.google.com/search?q=%E6%95%B0%E7%A0%94%E5%87%BA%E7%89%88%20%E4%BC%9A%E7%A4%BE%E6%A6%82%E8%A6%81%20%E5%95%8F%E3%81%84%E5%90%88%E3%82%8F%E3%81%9B%20%E5%8D%B8
新日本法規出版,1,本,条件付き（再販/版元カテゴリ）,ルートカテゴリ=本,未判定,manufacturer日本語／メーカー名日本語／日本法人格,なし,あり,ノースサプライ / ブックマーケティング(ご注文確定前に表示の到着予定日をご確認下さい、ご注文後のキャンセルご遠慮下さい / タウンズマート,3,5,5,4075,4788294141,建築消防advice 2025,https://www.amazon.co.jp/dp/4788294141,https://www.google.com/search?q=%E6%96%B0%E6%97%A5%E6%9C%AC%E6%B3%95%E8%A6%8F%E5%87%BA%E7%89%88%20%E4%BC%9A%E7%A4%BE%E6%A6%82%E8%A6%81%20%E5%95%8F%E3%81%84%E5%90%88%E3%82%8F%E3%81%9B%20%E5%8D%B8
新書館,1,本,条件付き（再販/版元カテゴリ）,ルートカテゴリ=本,未判定,manufacturer日本語／メーカー名日本語,なし,あり,ドラビス (インボイス対応店舗) / アクセルワールドTH / タウンズマート,3,4,4,5432,4403690106,ギヴン10th mix アニメDVDつき限定版 (ディアプラス・コミックス),https://www.amazon.co.jp/dp/4403690106,https://www.google.com/search?q=%E6%96%B0%E6%9B%B8%E9%A4%A8%20%E4%BC%9A%E7%A4%BE%E6%A6%82%E8%A6%81%20%E5%95%8F%E3%81%84%E5%90%88%E3%82%8F%E3%81%9B%20%E5%8D%B8
新潮社,1,本,条件付き（再販/版元カテゴリ）,ルートカテゴリ=本,未判定,manufacturer日本語／メーカー名日本語,なし,あり,ブックマーケティング(ご注文確定前に表示の到着予定日をご確認下さい、ご注文後のキャンセルご遠慮下さい / プルート書店（インボイス対応店舗） / ノースサプライ,4,5,5,2725,4105067095,監獄の誕生<新装版> : 監視と処罰,https://www.amazon.co.jp/dp/4105067095,https://www.google.com/search?q=%E6%96%B0%E6%BD%AE%E7%A4%BE%20%E4%BC%9A%E7%A4%BE%E6%A6%82%E8%A6%81%20%E5%95%8F%E3%81%84%E5%90%88%E3%82%8F%E3%81%9B%20%E5%8D%B8
日本一ソフトウェア,1,ゲーム,条件付き（再販/版元カテゴリ）,ルートカテゴリ=ゲーム,未判定,JAN45/49／manufacturer日本語／メーカー名日本語,なし,あり,株式会社アナモグ【インボイス発行事業者】 / セレクトショップJS(商品コンディション欄をよくお読みくださいませ),2,3,3,2056,B07BH7ZT4X,イースVIII -Lacrimosa of DANA- - Switch,https://www.amazon.co.jp/dp/B07BH7ZT4X,https://www.google.com/search?q=%E6%97%A5%E6%9C%AC%E4%B8%80%E3%82%BD%E3%83%95%E3%83%88%E3%82%A6%E3%82%A7%E3%82%A2%20%E4%BC%9A%E7%A4%BE%E6%A6%82%E8%A6%81%20%E5%95%8F%E3%81%84%E5%90%88%E3%82%8F%E3%81%9B%20%E5%8D%B8
日本建設情報センター,1,本,条件付き（再販/版元カテゴリ）,ルートカテゴリ=本,未判定,manufacturer日本語／メーカー名日本語,なし,あり,綿雨書店※[最も早いお届け日]はお急ぎ便で注文の場合です※ / 七魅堂（しちみどう）全品追跡番号付き発送 / SHIBAYAN(インボイス対応店),5,6,6,1129,4911687177,1級電気工事施工管理技士第二次検定 テキスト&過去問題集 (2026年度版),https://www.amazon.co.jp/dp/4911687177,https://www.google.com/search?q=%E6%97%A5%E6%9C%AC%E5%BB%BA%E8%A8%AD%E6%83%85%E5%A0%B1%E3%82%BB%E3%83%B3%E3%82%BF%E3%83%BC%20%E4%BC%9A%E7%A4%BE%E6%A6%82%E8%A6%81%20%E5%95%8F%E3%81%84%E5%90%88%E3%82%8F%E3%81%9B%20%E5%8D%B8
日本文化科学社,1,本,条件付き（再販/版元カテゴリ）,ルートカテゴリ=本,未判定,manufacturer日本語／メーカー名日本語,なし,あり,サクセス・ベル株式会社 / タウンズマート,2,3,3,3426,4821066912,認知発達治療の実践マニュアル―自閉症のStage別発達課題 (自閉症治療の到達点2),https://www.amazon.co.jp/dp/4821066912,https://www.google.com/search?q=%E6%97%A5%E6%9C%AC%E6%96%87%E5%8C%96%E7%A7%91%E5%AD%A6%E7%A4%BE%20%E4%BC%9A%E7%A4%BE%E6%A6%82%E8%A6%81%20%E5%95%8F%E3%81%84%E5%90%88%E3%82%8F%E3%81%9B%20%E5%8D%B8
日本経済新聞出版社,1,本,条件付き（再販/版元カテゴリ）,ルートカテゴリ=本,未判定,manufacturer日本語／メーカー名日本語,なし,あり,タウンズマート,1,2,2,3048,453231478X,経営戦略の思考法,https://www.amazon.co.jp/dp/453231478X,https://www.google.com/search?q=%E6%97%A5%E6%9C%AC%E7%B5%8C%E6%B8%88%E6%96%B0%E8%81%9E%E5%87%BA%E7%89%88%E7%A4%BE%20%E4%BC%9A%E7%A4%BE%E6%A6%82%E8%A6%81%20%E5%95%8F%E3%81%84%E5%90%88%E3%82%8F%E3%81%9B%20%E5%8D%B8
日経BP,1,本,条件付き（再販/版元カテゴリ）,ルートカテゴリ=本,未判定,manufacturer日本語／メーカー名日本語,なし,あり,タウンズマート / ブックマーケティング(ご注文確定前に表示の到着予定日をご確認下さい、ご注文後のキャンセルご遠慮下さい,2,5,5,1358,4296207946,2025-26年版 技術士第二次試験 建設部門 最新キーワード100,https://www.amazon.co.jp/dp/4296207946,https://www.google.com/search?q=%E6%97%A5%E7%B5%8CBP%20%E4%BC%9A%E7%A4%BE%E6%A6%82%E8%A6%81%20%E5%95%8F%E3%81%84%E5%90%88%E3%82%8F%E3%81%9B%20%E5%8D%B8
日経BP 日本経済新聞出版本部,1,本,条件付き（再販/版元カテゴリ）,ルートカテゴリ=本,未判定,manufacturer日本語／メーカー名日本語,なし,あり,タウンズマート,1,3,3,1600,4532310237,巨象も踊る,https://www.amazon.co.jp/dp/4532310237,https://www.google.com/search?q=%E6%97%A5%E7%B5%8CBP%20%E6%97%A5%E6%9C%AC%E7%B5%8C%E6%B8%88%E6%96%B0%E8%81%9E%E5%87%BA%E7%89%88%E6%9C%AC%E9%83%A8%20%E4%BC%9A%E7%A4%BE%E6%A6%82%E8%A6%81%20%E5%95%8F%E3%81%84%E5%90%88%E3%82%8F%E3%81%9B%20%E5%8D%B8
旺文社,1,本,条件付き（再販/版元カテゴリ）,ルートカテゴリ=本,未判定,manufacturer日本語／メーカー名日本語,なし,あり,トップカルチャー蔦屋書店フォレオ菖蒲店 / ブックマーケティング(ご注文確定前に表示の到着予定日をご確認下さい、ご注文後のキャンセルご遠慮下さい,2,4,4,218,4010949864,【音声アプリ対応】英検3級 でる順パス単 5訂版 (旺文社英検書),https://www.amazon.co.jp/dp/4010949864,https://www.google.com/search?q=%E6%97%BA%E6%96%87%E7%A4%BE%20%E4%BC%9A%E7%A4%BE%E6%A6%82%E8%A6%81%20%E5%95%8F%E3%81%84%E5%90%88%E3%82%8F%E3%81%9B%20%E5%8D%B8
明治図書出版,1,本,条件付き（再販/版元カテゴリ）,ルートカテゴリ=本,未判定,manufacturer日本語／メーカー名日本語,なし,あり,いずみbooks,1,2,2,2009,4189300101,大きいサイズ ほめ言葉手帳ワイド２０２５ Ｐｒａｉｓｅ　Ｄｉａｒｙ　Ｗ　２０２５,https://www.amazon.co.jp/dp/4189300101,https://www.google.com/search?q=%E6%98%8E%E6%B2%BB%E5%9B%B3%E6%9B%B8%E5%87%BA%E7%89%88%20%E4%BC%9A%E7%A4%BE%E6%A6%82%E8%A6%81%20%E5%95%8F%E3%81%84%E5%90%88%E3%82%8F%E3%81%9B%20%E5%8D%B8
昭文社,1,本,条件付き（再販/版元カテゴリ）,ルートカテゴリ=本,未判定,manufacturer日本語／メーカー名日本語,なし,あり,ブックマーケティング(ご注文確定前に表示の到着予定日をご確認下さい、ご注文後のキャンセルご遠慮下さい / プルート書店（インボイス対応店舗）,2,4,4,1281,4398658505,ツーリングマップル R関東甲信越 2025,https://www.amazon.co.jp/dp/4398658505,https://www.google.com/search?q=%E6%98%AD%E6%96%87%E7%A4%BE%20%E4%BC%9A%E7%A4%BE%E6%A6%82%E8%A6%81%20%E5%95%8F%E3%81%84%E5%90%88%E3%82%8F%E3%81%9B%20%E5%8D%B8
朝日新聞出版,1,本,条件付き（再販/版元カテゴリ）,ルートカテゴリ=本,未判定,manufacturer日本語／メーカー名日本語,なし,あり,もふなみショップ アマゾン店（Fame legend),1,2,2,9559,4023323764,羽生結弦写真集 Tai（AERA特別編集／スペシャルBOX入り） ([バラエティ]),https://www.amazon.co.jp/dp/4023323764,https://www.google.com/search?q=%E6%9C%9D%E6%97%A5%E6%96%B0%E8%81%9E%E5%87%BA%E7%89%88%20%E4%BC%9A%E7%A4%BE%E6%A6%82%E8%A6%81%20%E5%95%8F%E3%81%84%E5%90%88%E3%82%8F%E3%81%9B%20%E5%8D%B8
東洋経済新報社,1,本,条件付き（再販/版元カテゴリ）,ルートカテゴリ=本,未判定,JAN45/49／manufacturer日本語／メーカー名日本語,なし,あり,ECJOY！ブックス [適格請求書発行事業者登録済] / 京都大垣書店オンライン / タウンズマート,3,5,5,1405,B00T3C6IK2,会社四季報ワイド版 2025年2集・春号,https://www.amazon.co.jp/dp/B00T3C6IK2,https://www.google.com/search?q=%E6%9D%B1%E6%B4%8B%E7%B5%8C%E6%B8%88%E6%96%B0%E5%A0%B1%E7%A4%BE%20%E4%BC%9A%E7%A4%BE%E6%A6%82%E8%A6%81%20%E5%95%8F%E3%81%84%E5%90%88%E3%82%8F%E3%81%9B%20%E5%8D%B8
松竹,1,DVD,条件付き（再販/版元カテゴリ）,ルートカテゴリ=DVD,未判定,JAN45/49／manufacturer日本語／メーカー名日本語,なし,あり,ECJOY！ブックス [適格請求書発行事業者登録済] / ときめき ライフ / エスネット ストアー,4,6,6,4554,B07YDR3YKV,ザ・ファブル 豪華版 (初回限定生産) [Blu-ray],https://www.amazon.co.jp/dp/B07YDR3YKV,https://www.google.com/search?q=%E6%9D%BE%E7%AB%B9%20%E4%BC%9A%E7%A4%BE%E6%A6%82%E8%A6%81%20%E5%95%8F%E3%81%84%E5%90%88%E3%82%8F%E3%81%9B%20%E5%8D%B8
株式会社ソニー・ピクチャーズ エンタテインメント,1,DVD,条件付き（再販/版元カテゴリ）,ルートカテゴリ=DVD,未判定,メーカー名日本語／日本法人格,なし,なし,,0,2,2,1689,B0DQY5HRFV,【Amazon.co.jp限定】ヴェノム：ザ・ラストダンス　プレミアム・スチールブック・エディション［４Ｋ ＵＨＤ ＋ ,https://www.amazon.co.jp/dp/B0DQY5HRFV,https://www.google.com/search?q=%E6%A0%AA%E5%BC%8F%E4%BC%9A%E7%A4%BE%E3%82%BD%E3%83%8B%E3%83%BC%E3%83%BB%E3%83%94%E3%82%AF%E3%83%81%E3%83%A3%E3%83%BC%E3%82%BA%20%E3%82%A8%E3%83%B3%E3%82%BF%E3%83%86%E3%82%A4%E3%83%B3%E3%83%A1%E3%83%B3%E3%83%88%20%E4%BC%9A%E7%A4%BE%E6%A6%82%E8%A6%81%20%E5%95%8F%E3%81%84%E5%90%88%E3%82%8F%E3%81%9B%20%E5%8D%B8
株式会社マーベラス,1,DVD,条件付き（再販/版元カテゴリ）,ルートカテゴリ=DVD,未判定,manufacturer日本語／メーカー名日本語／日本法人格,なし,あり,【売り切りセール中】きたさんショップ / 抜き取りすり替え対策済みのため安心してお買い求め下さい◎リサイクル梱包材発送◎合同会社グランウエスト / R.N.A【適格請求書発行対応事業者】,3,3,3,9394,B0GMQPWZMN,【Amazon.co.jp限定】「キミとアイドルプリキュア♪感謝祭」（＜アクリルブロック＞付版）（アクリルキーホルダー ,https://www.amazon.co.jp/dp/B0GMQPWZMN,https://www.google.com/search?q=%E6%A0%AA%E5%BC%8F%E4%BC%9A%E7%A4%BE%E3%83%9E%E3%83%BC%E3%83%99%E3%83%A9%E3%82%B9%20%E4%BC%9A%E7%A4%BE%E6%A6%82%E8%A6%81%20%E5%95%8F%E3%81%84%E5%90%88%E3%82%8F%E3%81%9B%20%E5%8D%B8
永岡書店,1,本,条件付き（再販/版元カテゴリ）,ルートカテゴリ=本,未判定,manufacturer日本語／メーカー名日本語,なし,あり,ブックマーケティング(ご注文確定前に表示の到着予定日をご確認下さい、ご注文後のキャンセルご遠慮下さい,1,2,2,1439,4522612893,かげした真由子　星占いダイアリー　Horoscope Diary　2025 (永岡書店の手帳),https://www.amazon.co.jp/dp/4522612893,https://www.google.com/search?q=%E6%B0%B8%E5%B2%A1%E6%9B%B8%E5%BA%97%20%E4%BC%9A%E7%A4%BE%E6%A6%82%E8%A6%81%20%E5%95%8F%E3%81%84%E5%90%88%E3%82%8F%E3%81%9B%20%E5%8D%B8
祥伝社,1,本,条件付き（再販/版元カテゴリ）,ルートカテゴリ=本,未判定,manufacturer日本語／メーカー名日本語,なし,あり,タウンズマート / つばめ書店　（２冊以上で自動の場合的に速達出荷。雑誌BN、一部書籍は発送に時間がかかる場合有）,2,3,3,4485,4396769253,違国日記　全１１巻セット (FEEL コミックス),https://www.amazon.co.jp/dp/4396769253,https://www.google.com/search?q=%E7%A5%A5%E4%BC%9D%E7%A4%BE%20%E4%BC%9A%E7%A4%BE%E6%A6%82%E8%A6%81%20%E5%95%8F%E3%81%84%E5%90%88%E3%82%8F%E3%81%9B%20%E5%8D%B8
経営科学出版,1,本,条件付き（再販/版元カテゴリ）,ルートカテゴリ=本,未判定,manufacturer日本語／メーカー名日本語,なし,あり,オンライン・サービス,1,2,2,657,4867691453,日本経済の勝算〜なぜ今、世界が日本に注目するのか〜,https://www.amazon.co.jp/dp/4867691453,https://www.google.com/search?q=%E7%B5%8C%E5%96%B6%E7%A7%91%E5%AD%A6%E5%87%BA%E7%89%88%20%E4%BC%9A%E7%A4%BE%E6%A6%82%E8%A6%81%20%E5%95%8F%E3%81%84%E5%90%88%E3%82%8F%E3%81%9B%20%E5%8D%B8
英治出版,1,本,条件付き（再販/版元カテゴリ）,ルートカテゴリ=本,未判定,manufacturer日本語／メーカー名日本語,なし,あり,クラシックス書店｜東京都公安委員会　第308932215631 / ほんの王様★International shipping available. / タウンズマート,3,5,5,391,4862760856,イシューからはじめよ――知的生産の「シンプルな本質」,https://www.amazon.co.jp/dp/4862760856,https://www.google.com/search?q=%E8%8B%B1%E6%B2%BB%E5%87%BA%E7%89%88%20%E4%BC%9A%E7%A4%BE%E6%A6%82%E8%A6%81%20%E5%95%8F%E3%81%84%E5%90%88%E3%82%8F%E3%81%9B%20%E5%8D%B8
角川エンタテインメント,1,DVD,条件付き（再販/版元カテゴリ）,ルートカテゴリ=DVD,未判定,JAN45/49／manufacturer日本語／メーカー名日本語,なし,あり,未来屋陶商店 / オフィスユウ,2,5,5,3125,B000KN99OU,犬神家の一族 完全版 1976&2006 (初回限定版),https://www.amazon.co.jp/dp/B000KN99OU,https://www.google.com/search?q=%E8%A7%92%E5%B7%9D%E3%82%A8%E3%83%B3%E3%82%BF%E3%83%86%E3%82%A4%E3%83%B3%E3%83%A1%E3%83%B3%E3%83%88%20%E4%BC%9A%E7%A4%BE%E6%A6%82%E8%A6%81%20%E5%95%8F%E3%81%84%E5%90%88%E3%82%8F%E3%81%9B%20%E5%8D%B8
電気書院,1,本,条件付き（再販/版元カテゴリ）,ルートカテゴリ=本,未判定,manufacturer日本語／メーカー名日本語,なし,あり,コネクトショップemi / SHIBAYAN(インボイス対応店) / ブックマーケティング(ご注文確定前に表示の到着予定日をご確認下さい、ご注文後のキャンセルご遠慮下さい,4,6,6,932,4485216071,2026年版 第一種電気工事士学科試験模範解答集,https://www.amazon.co.jp/dp/4485216071,https://www.google.com/search?q=%E9%9B%BB%E6%B0%97%E6%9B%B8%E9%99%A2%20%E4%BC%9A%E7%A4%BE%E6%A6%82%E8%A6%81%20%E5%95%8F%E3%81%84%E5%90%88%E3%82%8F%E3%81%9B%20%E5%8D%B8
電気車研究会,1,本,条件付き（再販/版元カテゴリ）,ルートカテゴリ=本,未判定,JAN45/49／manufacturer日本語／メーカー名日本語,なし,あり,ブックマーケティング(ご注文確定前に表示の到着予定日をご確認下さい、ご注文後のキャンセルご遠慮下さい / Flower books【適格請求書発行事業者登録店】,2,2,2,2453,B0FJMZJ8LK,国鉄形車両の記録 鋼製寝台客車 2025年 09 月号 [雑誌]: 鉄道ピクトリアル 増刊,https://www.amazon.co.jp/dp/B0FJMZJ8LK,https://www.google.com/search?q=%E9%9B%BB%E6%B0%97%E8%BB%8A%E7%A0%94%E7%A9%B6%E4%BC%9A%20%E4%BC%9A%E7%A4%BE%E6%A6%82%E8%A6%81%20%E5%95%8F%E3%81%84%E5%90%88%E3%82%8F%E3%81%9B%20%E5%8D%B8
