メーカー,該当商品数,主なカテゴリ,判定,判定理由,卸の証拠,規模,日本実体シグナル,海外シグナル,国内独立セラー例,国内独立セラー数,独立セラー数,想定仕入れ金額の中央値,代表ASIN,代表商品名,代表Amazonページ,メーカー検索,※Keepa固有の加工値(月間ドロップ数/過去最安値/365日最安/月間販売数/実セラー数)と卸値の列は規約上の理由でリポジトリから除外。完全版は ~/Documents/AI Company 素材/Amazon物販事業/keepa-netsea-full-20260906/
CIO,21,パソコン・周辺機器,連絡候補,,A: 国内の第三者が2社以上で扱っている,中小の見込み（手判定）,JAN45/49,なし,ハウオリストア / 暮らしは良品 / TMK ストア,3,5,2282,B0D53VY57G,CIO NovaPort DUOⅡ 45W PD急速充電器 USB-C×2 2台同時充電 世界最小級 （ブラック）,https://www.amazon.co.jp/dp/B0D53VY57G,https://www.google.com/search?q=CIO%20%E4%BC%9A%E7%A4%BE%E6%A6%82%E8%A6%81%20%E5%95%8F%E3%81%84%E5%90%88%E3%82%8F%E3%81%9B%20%E5%8D%B8,
マタインク,17,パソコン・周辺機器,連絡候補,,A: 国内の第三者が2社以上で扱っている,規模未確認,manufacturer日本語／メーカー名日本語,なし,互換インク専門家 / Tufuha専門店 / インク専門家,3,3,674,B0DD79PNC4,マタインク BCI-301 BCI-300 5本セット TS7530 インク キヤノン用 インク 純正と併用可能 301,https://www.amazon.co.jp/dp/B0DD79PNC4,https://www.google.com/search?q=%E3%83%9E%E3%82%BF%E3%82%A4%E3%83%B3%E3%82%AF%20%E4%BC%9A%E7%A4%BE%E6%A6%82%E8%A6%81%20%E5%95%8F%E3%81%84%E5%90%88%E3%82%8F%E3%81%9B%20%E5%8D%B8,
ワコーズ(Wako's),10,車＆バイク,連絡候補,,A: 国内の第三者が2社以上で扱っている,規模未確認（大きい可能性あり）,JAN45/49／manufacturer日本語／メーカー名日本語,なし,公式 E&K726 / Tネット【インボイス制度・適格請求書発行事業者】 / プロジェクトエム 【インボイス対応事業者】業歴14年 安心の国内法人運営ストア 適確請求書発行事業者,5,6,1788,B0GHTJ1BCL,ワコーズ(Wako's) パワーエアコン134 カーエアコン用潤滑添加剤 PAC134 25ｇ A053,https://www.amazon.co.jp/dp/B0GHTJ1BCL,https://www.google.com/search?q=%E3%83%AF%E3%82%B3%E3%83%BC%E3%82%BA%28Wako%27s%29%20%E4%BC%9A%E7%A4%BE%E6%A6%82%E8%A6%81%20%E5%95%8F%E3%81%84%E5%90%88%E3%82%8F%E3%81%9B%20%E5%8D%B8,
ラブホーム美家,8,ホーム＆キッチン,連絡候補,,A: 国内の第三者が2社以上で扱っている,規模未確認,manufacturer日本語／メーカー名日本語,なし,ラブホーム・ライフ (Love Home Life) / Love Home 美家,2,3,929,B0DKN5QVXC,【新登場 & 3色モード】間接照明 おしゃれ テーブルランプ コードレス 3600mAh 卓上ライト｜タッチ制御＆無段階,https://www.amazon.co.jp/dp/B0DKN5QVXC,https://www.google.com/search?q=%E3%83%A9%E3%83%96%E3%83%9B%E3%83%BC%E3%83%A0%E7%BE%8E%E5%AE%B6%20%E4%BC%9A%E7%A4%BE%E6%A6%82%E8%A6%81%20%E5%95%8F%E3%81%84%E5%90%88%E3%82%8F%E3%81%9B%20%E5%8D%B8,
BURTLE,7,産業・研究開発用品,連絡候補,,A: 国内の第三者が2社以上で扱っている,規模未確認（大きい可能性あり）,JAN45/49／manufacturer日本語,なし,【セレクトショップ】plus mix / 蔦屋オンラインストア / imashop.【詐欺すり替え対策店】,5,6,3142,B0GNPX3GVM,バートル BURTLE ペルチェファンユニット IC10-1 アイスクラフト エアークラフト 京セラ製 黒ファン 202,https://www.amazon.co.jp/dp/B0GNPX3GVM,https://www.google.com/search?q=BURTLE%20%E4%BC%9A%E7%A4%BE%E6%A6%82%E8%A6%81%20%E5%95%8F%E3%81%84%E5%90%88%E3%82%8F%E3%81%9B%20%E5%8D%B8,
Hamee(ハミィ),7,家電＆カメラ,連絡候補,,A: 国内の第三者が2社以上で扱っている,規模未確認（大きい可能性あり）,JAN45/49／メーカー名日本語,なし,星空store / dream 本店 / 株式会社コジマ,3,3,703,B0DM9N23S5,iFace BeBling Wave MagSafe対応 スマホリング MagSynq Ring Holder (ホワイ,https://www.amazon.co.jp/dp/B0DM9N23S5,https://www.google.com/search?q=Hamee%28%E3%83%8F%E3%83%9F%E3%82%A3%29%20%E4%BC%9A%E7%A4%BE%E6%A6%82%E8%A6%81%20%E5%95%8F%E3%81%84%E5%90%88%E3%82%8F%E3%81%9B%20%E5%8D%B8,
BOS,6,DIY・工具・ガーデン,連絡候補,,A: 国内の第三者が2社以上で扱っている,中小の見込み（手判定）,JAN45/49,なし,通販できるみんなのお薬（みんなのお薬） / 有限会社　たからや / カワモール,5,6,1027,B078BJF55P,驚異の防臭袋 BOS (ボス) うんちが臭わない袋 ペット用 うんち 処理袋【袋カラー：ブルー】 (Sサイズ 200枚入,https://www.amazon.co.jp/dp/B078BJF55P,https://www.google.com/search?q=BOS%20%E4%BC%9A%E7%A4%BE%E6%A6%82%E8%A6%81%20%E5%95%8F%E3%81%84%E5%90%88%E3%82%8F%E3%81%9B%20%E5%8D%B8,
すごろくや,6,おもちゃ,連絡候補,,A: 国内の第三者が2社以上で扱っている,中小の見込み（手判定）,JAN45/49／manufacturer日本語／メーカー名日本語,なし,Clips（クリップス）《適格請求書発行事業者》 / おもちゃ＆ホビーSHOP あまのや ≪年中無休≫ / MKショップWEB店,3,4,501,B0D7CQ42MN,すごろくや バンディド 1人 - 4人 6歳 15分 協力 迷路 脱獄 封鎖 ファミリー ボードゲーム,https://www.amazon.co.jp/dp/B0D7CQ42MN,https://www.google.com/search?q=%E3%81%99%E3%81%94%E3%82%8D%E3%81%8F%E3%82%84%20%E4%BC%9A%E7%A4%BE%E6%A6%82%E8%A6%81%20%E5%95%8F%E3%81%84%E5%90%88%E3%82%8F%E3%81%9B%20%E5%8D%B8,
ブシロード(BUSHIROAD),6,おもちゃ,連絡候補,,A: 国内の第三者が2社以上で扱っている,規模未確認（大きい可能性あり）,JAN45/49／メーカー名日本語,なし,コンハウス / おかげさま本舗本店（適格請求書発行事業者） / TM オンライン,6,6,2150,B0DN9ZWPRW,五等分の花嫁 カードゲーム ブースターパック vol.6 お祭り騒ぎの日常 12パック入りBOX,https://www.amazon.co.jp/dp/B0DN9ZWPRW,https://www.google.com/search?q=%E3%83%96%E3%82%B7%E3%83%AD%E3%83%BC%E3%83%89%28BUSHIROAD%29%20%E4%BC%9A%E7%A4%BE%E6%A6%82%E8%A6%81%20%E5%95%8F%E3%81%84%E5%90%88%E3%82%8F%E3%81%9B%20%E5%8D%B8,
愛知電線,6,産業・研究開発用品,連絡候補,,A: 国内の第三者が2社以上で扱っている,中小の見込み（手判定）,JAN45/49／manufacturer日本語／メーカー名日本語,なし,株式会社コジマ / 電材堂・旧電電市場,2,3,1800,B00N89PJHY,愛知電線 VVF ケーブル2芯 2.0mm 20m 灰色 VVF2×2.0M20,https://www.amazon.co.jp/dp/B00N89PJHY,https://www.google.com/search?q=%E6%84%9B%E7%9F%A5%E9%9B%BB%E7%B7%9A%20%E4%BC%9A%E7%A4%BE%E6%A6%82%E8%A6%81%20%E5%95%8F%E3%81%84%E5%90%88%E3%82%8F%E3%81%9B%20%E5%8D%B8,
Hobbywing,5,おもちゃ,連絡候補,,A: 国内の第三者が2社以上で扱っている,中小の見込み（手判定）,JAN45/49,なし,ミーニャ 簡易梱包、衣類ぬいぐるみ等は圧縮後発送となります / ホビーマンズ / 通販ショップの駿河屋,4,4,2036,B0816Q6JY9,【国内正規品】HOBBYWING QuicRUN-WP-1060-Brushed BEC内蔵 1/10用,https://www.amazon.co.jp/dp/B0816Q6JY9,https://www.google.com/search?q=Hobbywing%20%E4%BC%9A%E7%A4%BE%E6%A6%82%E8%A6%81%20%E5%95%8F%E3%81%84%E5%90%88%E3%82%8F%E3%81%9B%20%E5%8D%B8,
ファイナル(final),5,家電＆カメラ,連絡候補,,A: 国内の第三者が2社以上で扱っている,中小の見込み（手判定）,JAN45/49／メーカー名日本語,なし,KURO STORE （適格請求書発行事業者） / 東方Merchant,2,2,4946,B0DPK8XT5F,【final公式ストア限定】ag (エージー) COTSUBU for ASMR MK2 自分がダミーヘッドになったよう,https://www.amazon.co.jp/dp/B0DPK8XT5F,https://www.google.com/search?q=%E3%83%95%E3%82%A1%E3%82%A4%E3%83%8A%E3%83%AB%28final%29%20%E4%BC%9A%E7%A4%BE%E6%A6%82%E8%A6%81%20%E5%95%8F%E3%81%84%E5%90%88%E3%82%8F%E3%81%9B%20%E5%8D%B8,
BabySmile,4,ベビー＆マタニティ,連絡候補,,A: 国内の第三者が2社以上で扱っている,中小の見込み（手判定）,JAN45/49／manufacturer日本語／日本法人格,なし,"Hariti(ハーリティー) / 【公式】トイザらス・ベビーザらス Toys""R""Us Japan",2,3,4140,B0CQJMR3PY,ベビースマイル ベビーアラーム E-202 ベビーテックアワード2024大賞受賞商品 ベビーセンサー 赤ちゃん 見守り ,https://www.amazon.co.jp/dp/B0CQJMR3PY,https://www.google.com/search?q=BabySmile%20%E4%BC%9A%E7%A4%BE%E6%A6%82%E8%A6%81%20%E5%95%8F%E3%81%84%E5%90%88%E3%82%8F%E3%81%9B%20%E5%8D%B8,
ピュアクリスタル,4,ペット用品,連絡候補,,A: 国内の第三者が2社以上で扱っている,中小の見込み（手判定）,JAN45/49／manufacturer日本語／メーカー名日本語,なし,syuka東京本店 / 183ストア / 生活雑貨shop,4,5,482,B0BW7YQJZ1,ジェックス ピュアクリスタル ミューティー 猫用 950mL ムーングレー フィルター式給水器 USB電源 静音 フィル,https://www.amazon.co.jp/dp/B0BW7YQJZ1,https://www.google.com/search?q=%E3%83%94%E3%83%A5%E3%82%A2%E3%82%AF%E3%83%AA%E3%82%B9%E3%82%BF%E3%83%AB%20%E4%BC%9A%E7%A4%BE%E6%A6%82%E8%A6%81%20%E5%95%8F%E3%81%84%E5%90%88%E3%82%8F%E3%81%9B%20%E5%8D%B8,
詰め替えそのまま,4,ホーム＆キッチン,連絡候補,,A: 国内の第三者が2社以上で扱っている,中小の見込み（手判定）,JAN45/49／manufacturer日本語／メーカー名日本語／日本法人格,なし,ゆるり生活商店,1,2,884,B0BNN4M6C2,詰め替えそのまま MSPS-4W ミニ＆スタンダード スターターセット シャンプーボトル ホワイト,https://www.amazon.co.jp/dp/B0BNN4M6C2,https://www.google.com/search?q=%E8%A9%B0%E3%82%81%E6%9B%BF%E3%81%88%E3%81%9D%E3%81%AE%E3%81%BE%E3%81%BE%20%E4%BC%9A%E7%A4%BE%E6%A6%82%E8%A6%81%20%E5%95%8F%E3%81%84%E5%90%88%E3%82%8F%E3%81%9B%20%E5%8D%B8,
イースター株式会社,3,ペット用品,連絡候補,,A: 国内の第三者が2社以上で扱っている,規模未確認（大きい可能性あり）,JAN45/49／manufacturer日本語／メーカー名日本語／日本法人格,なし,（最速配達）SKworks / ペットショップ　ファイブワン / 日用品生活ショップ,5,6,156,B0FBQJ2WKB,バニーセレクションプロ メンテナンス グルテンフリー ボディウェイトケア 900g,https://www.amazon.co.jp/dp/B0FBQJ2WKB,https://www.google.com/search?q=%E3%82%A4%E3%83%BC%E3%82%B9%E3%82%BF%E3%83%BC%E6%A0%AA%E5%BC%8F%E4%BC%9A%E7%A4%BE%20%E4%BC%9A%E7%A4%BE%E6%A6%82%E8%A6%81%20%E5%95%8F%E3%81%84%E5%90%88%E3%82%8F%E3%81%9B%20%E5%8D%B8,
オスモカラー,3,DIY・工具・ガーデン,連絡候補,,A: 国内の第三者が2社以上で扱っている,中小の見込み（手判定）,メーカー名日本語,なし,ペンキのササキ / エムケーケー※ご購入前に期限（コンディション欄に記載）をご確認ください / 木の香ショップ,4,6,2699,B08XX31CCC,オスモカラー オスモ&エーデル カウンタートップオイル 0.5L #3046 5分ツヤ,https://www.amazon.co.jp/dp/B08XX31CCC,https://www.google.com/search?q=%E3%82%AA%E3%82%B9%E3%83%A2%E3%82%AB%E3%83%A9%E3%83%BC%20%E4%BC%9A%E7%A4%BE%E6%A6%82%E8%A6%81%20%E5%95%8F%E3%81%84%E5%90%88%E3%82%8F%E3%81%9B%20%E5%8D%B8,
コムテック(COMTEC),3,車＆バイク,連絡候補,,A: 国内の第三者が2社以上で扱っている,規模未確認（大きい可能性あり）,JAN45/49／manufacturer日本語／メーカー名日本語,なし,カー用品の専門店 e-なび屋 / car電倶楽部 / リコメン堂,3,4,7873,B097TLQGCL,コムテック 車用 ドライブレコーダー 1カメラタイプ HDR204G 200万画素 Full HD 広角168° mic,https://www.amazon.co.jp/dp/B097TLQGCL,https://www.google.com/search?q=%E3%82%B3%E3%83%A0%E3%83%86%E3%83%83%E3%82%AF%28COMTEC%29%20%E4%BC%9A%E7%A4%BE%E6%A6%82%E8%A6%81%20%E5%95%8F%E3%81%84%E5%90%88%E3%82%8F%E3%81%9B%20%E5%8D%B8,
タカギ(Takagi),3,ホーム＆キッチン,連絡候補,,A: 国内の第三者が2社以上で扱っている,規模未確認（大きい可能性あり）,JAN45/49／メーカー名日本語,なし,プライムウェブストア / RCSストア / KSカスタムショップ,4,4,1113,B071HRHPRD,浄水器用カートリッジ 高除去性能タイプ JC0036UG,https://www.amazon.co.jp/dp/B071HRHPRD,https://www.google.com/search?q=%E3%82%BF%E3%82%AB%E3%82%AE%28Takagi%29%20%E4%BC%9A%E7%A4%BE%E6%A6%82%E8%A6%81%20%E5%95%8F%E3%81%84%E5%90%88%E3%82%8F%E3%81%9B%20%E5%8D%B8,
ピープル,3,おもちゃ,連絡候補,,A: 国内の第三者が2社以上で扱っている,中小の見込み（手判定）,JAN45/49／manufacturer日本語／メーカー名日本語,なし,ニキーズホーム / スモクロ（インボイス登録済み店） / AＪＹショップ,5,5,1930,B0843ZP3SS,ピタゴラスBASIC 知育いっぱい! どうぶつえん [1歳半] から 25個 遊べる つくれる ひらめきが育つ,https://www.amazon.co.jp/dp/B0843ZP3SS,https://www.google.com/search?q=%E3%83%94%E3%83%BC%E3%83%97%E3%83%AB%20%E4%BC%9A%E7%A4%BE%E6%A6%82%E8%A6%81%20%E5%95%8F%E3%81%84%E5%90%88%E3%82%8F%E3%81%9B%20%E5%8D%B8,
ルイファン ジャパン(Ruifan Japan),3,おもちゃ,連絡候補,,A: 国内の第三者が2社以上で扱っている,中小の見込み（手判定）,JAN45/49／メーカー名日本語,なし,eおもちゃやさん / ポジティブエフェクト / ウィルマージ,5,5,2340,B08KFX86CC,キングブレード one1 （ワン） 2本セット,https://www.amazon.co.jp/dp/B08KFX86CC,https://www.google.com/search?q=%E3%83%AB%E3%82%A4%E3%83%95%E3%82%A1%E3%83%B3%20%E3%82%B8%E3%83%A3%E3%83%91%E3%83%B3%28Ruifan%20Japan%29%20%E4%BC%9A%E7%A4%BE%E6%A6%82%E8%A6%81%20%E5%95%8F%E3%81%84%E5%90%88%E3%82%8F%E3%81%9B%20%E5%8D%B8,
四日市ばんこ焼 【日本製】,3,ホーム＆キッチン,連絡候補,,A: 国内の第三者が2社以上で扱っている,中小の見込み（手判定）,JAN45/49／manufacturer日本語／メーカー名日本語,なし,ローザ / ★本物の四日市ばんこ焼を地元産地から販売!!★ごはん鍋のプロショップ／せんが陶器【公式】T8810… / HPMストア,5,5,2665,B008CL74QC,【 昔ながらの ごはん鍋 】 炊飯土鍋 二重蓋 四日市ばんこ焼(日本製) 【 本格派 ４合炊 】,https://www.amazon.co.jp/dp/B008CL74QC,https://www.google.com/search?q=%E5%9B%9B%E6%97%A5%E5%B8%82%E3%81%B0%E3%82%93%E3%81%93%E7%84%BC%20%E3%80%90%E6%97%A5%E6%9C%AC%E8%A3%BD%E3%80%91%20%E4%BC%9A%E7%A4%BE%E6%A6%82%E8%A6%81%20%E5%95%8F%E3%81%84%E5%90%88%E3%82%8F%E3%81%9B%20%E5%8D%B8,
BUNDOK(バンドック),2,スポーツ＆アウトドア,連絡候補,,A: 国内の第三者が2社以上で扱っている,中小の見込み（手判定）,JAN45/49／メーカー名日本語,なし,リビングリンクス / ★ベストザ・プライス市場★ / アイスリー,3,5,7962,B0BCD74LZ1,BUNDOK(バンドック)ソロ ドーム 1 BDK-08O オリーブ 【1人用】テント 収納コンパクト フルクローズ,https://www.amazon.co.jp/dp/B0BCD74LZ1,https://www.google.com/search?q=BUNDOK%28%E3%83%90%E3%83%B3%E3%83%89%E3%83%83%E3%82%AF%29%20%E4%BC%9A%E7%A4%BE%E6%A6%82%E8%A6%81%20%E5%95%8F%E3%81%84%E5%90%88%E3%82%8F%E3%81%9B%20%E5%8D%B8,
Butterfly,2,スポーツ＆アウトドア,連絡候補,,A: 国内の第三者が2社以上で扱っている,規模未確認（大きい可能性あり）,JAN45/49／manufacturer日本語,なし,東方スポーツ / 株式会社サンワード / チトセスポーツ(原則1-3営業日出荷),5,6,4458,B07PNBBSV9,バタフライ(Butterfly) 卓球 ラバー ディグニクス 05 ハイテンション 裏ソフト 06040 レッド 特厚,https://www.amazon.co.jp/dp/B07PNBBSV9,https://www.google.com/search?q=Butterfly%20%E4%BC%9A%E7%A4%BE%E6%A6%82%E8%A6%81%20%E5%95%8F%E3%81%84%E5%90%88%E3%82%8F%E3%81%9B%20%E5%8D%B8,
Dr.'s care,2,ペット用品,連絡候補,,A: 国内の第三者が2社以上で扱っている,中小の見込み（手判定）,JAN45/49／manufacturer日本語,なし,ネットプロフェッショナル / ドリームカンパニー 北関東支店,2,3,3609,B0DYZK2MN7,ドクターズケア 猫用キドニーケア チキンテイスト1.5kg,https://www.amazon.co.jp/dp/B0DYZK2MN7,https://www.google.com/search?q=Dr.%27s%20care%20%E4%BC%9A%E7%A4%BE%E6%A6%82%E8%A6%81%20%E5%95%8F%E3%81%84%E5%90%88%E3%82%8F%E3%81%9B%20%E5%8D%B8,
Earth Plus,2,パソコン・周辺機器,連絡候補,,A: 国内の第三者が2社以上で扱っている,規模未確認,manufacturer日本語,なし,暮らし快適LABO【インボイス発行事業者】 / 得市ストア / ランタンSTORE,4,6,2654,B0DP8BP7MX,【純正品 2個セット】 キヤノン インクカートリッジ BC-345/BC-346 (ブラック/3色カラー) 2個セット,https://www.amazon.co.jp/dp/B0DP8BP7MX,https://www.google.com/search?q=Earth%20Plus%20%E4%BC%9A%E7%A4%BE%E6%A6%82%E8%A6%81%20%E5%95%8F%E3%81%84%E5%90%88%E3%82%8F%E3%81%9B%20%E5%8D%B8,
FAR EAST GADGET,2,パソコン・周辺機器,連絡候補,,A: 国内の第三者が2社以上で扱っている,中小の見込み（手判定）,JAN45/49,なし,ファーイーストガジェット / PFUダイレクト,2,2,1196,B0D1C44P6W,FAR EAST GADGET ファーイーストガジェット タイプスティックス (Black),https://www.amazon.co.jp/dp/B0D1C44P6W,https://www.google.com/search?q=FAR%20EAST%20GADGET%20%E4%BC%9A%E7%A4%BE%E6%A6%82%E8%A6%81%20%E5%95%8F%E3%81%84%E5%90%88%E3%82%8F%E3%81%9B%20%E5%8D%B8,
FiiO,2,家電＆カメラ,連絡候補,,A: 国内の第三者が2社以上で扱っている,中小の見込み（手判定）,JAN45/49,なし,e☆イヤホン【イヤホン・ヘッドホン専門店 16時までの通常注文は当日発送！】 / 株式会社コジマ / イケベ楽器店,4,4,3047,B09NXJG3VX,FIIO KA11 Type-C Silver Black 【日本正規店より発送・シリアルナンバー付】USB DAC ア,https://www.amazon.co.jp/dp/B09NXJG3VX,https://www.google.com/search?q=FiiO%20%E4%BC%9A%E7%A4%BE%E6%A6%82%E8%A6%81%20%E5%95%8F%E3%81%84%E5%90%88%E3%82%8F%E3%81%9B%20%E5%8D%B8,
GRAPHT (グラフト),2,楽器・音響機器,連絡候補,,A: 国内の第三者が2社以上で扱っている,中小の見込み（手判定）,JAN45/49／メーカー名日本語,なし,ハッピー＆エンジョイ【インボイス登録事業者：適格請求書発行事業者】 / 星の森商店【インボイス対応/適格請求書発行事業者】,2,2,4075,B0DXFBN3BJ,GRAPHT マイクアーム ロープロファイル MICROPHONE ARM 【ホワイト】耐荷重 2kg 360度回転 角,https://www.amazon.co.jp/dp/B0DXFBN3BJ,https://www.google.com/search?q=GRAPHT%20%28%E3%82%B0%E3%83%A9%E3%83%95%E3%83%88%29%20%E4%BC%9A%E7%A4%BE%E6%A6%82%E8%A6%81%20%E5%95%8F%E3%81%84%E5%90%88%E3%82%8F%E3%81%9B%20%E5%8D%B8,
JASON MARKK(ジェイソンマーク),2,ファッション,連絡候補,,A: 国内の第三者が2社以上で扱っている,中小の見込み（手判定）,メーカー名日本語,なし,山男FOOTGEAR / ミスチーフスニーカースタイル / PRECIOUS PLACE【毎日15時までのご注文で即日発送】,3,3,940,B00D12KGYE,ジェイソンマーク 8OZ. (スニーカー シューズ 靴 クリーナー シューケア 洗剤) 水洗い不要 液体タイプ 236m,https://www.amazon.co.jp/dp/B00D12KGYE,https://www.google.com/search?q=JASON%20MARKK%28%E3%82%B8%E3%82%A7%E3%82%A4%E3%82%BD%E3%83%B3%E3%83%9E%E3%83%BC%E3%82%AF%29%20%E4%BC%9A%E7%A4%BE%E6%A6%82%E8%A6%81%20%E5%95%8F%E3%81%84%E5%90%88%E3%82%8F%E3%81%9B%20%E5%8D%B8,
JELLY JELLY GAMES,2,おもちゃ,連絡候補,,A: 国内の第三者が2社以上で扱っている,中小の見込み（手判定）,JAN45/49,なし,ゆかいなさかな / ボードゲームカフェ7Gold,2,3,1546,B081SKGBFP,JELLYJELLYGAMES クリプティッド 伝説の生物はどこにいる？ヒントを組み合わせて先に見つけた人が勝つ論理推理,https://www.amazon.co.jp/dp/B081SKGBFP,https://www.google.com/search?q=JELLY%20JELLY%20GAMES%20%E4%BC%9A%E7%A4%BE%E6%A6%82%E8%A6%81%20%E5%95%8F%E3%81%84%E5%90%88%E3%82%8F%E3%81%9B%20%E5%8D%B8,
KAYOTOYS カヨトイズ,2,おもちゃ,連絡候補,,A: 国内の第三者が2社以上で扱っている,中小の見込み（手判定）,JAN45/49／manufacturer日本語／メーカー名日本語／日本法人格,なし,【カヨトイズ公式】 / 【くらしのあれこれ屋】,2,3,1211,B0DNF81JHK,カヨトイズ パウ・パトロール キッズデジタルカメラ マーシャル（レッド）3歳以上 写真・動画撮影 ゲーム 音楽再生,https://www.amazon.co.jp/dp/B0DNF81JHK,https://www.google.com/search?q=KAYOTOYS%20%E3%82%AB%E3%83%A8%E3%83%88%E3%82%A4%E3%82%BA%20%E4%BC%9A%E7%A4%BE%E6%A6%82%E8%A6%81%20%E5%95%8F%E3%81%84%E5%90%88%E3%82%8F%E3%81%9B%20%E5%8D%B8,
"KEIYO ENGINEERING CO.,LTD.",2,パソコン・周辺機器,連絡候補,,A: 国内の第三者が2社以上で扱っている,中小の見込み（手判定）,JAN45/49,なし,北陸物販【インボイス登録済】 / KEIYO公式ショップ / ECカレント,5,6,7544,B0DHV2KW3X,KEIYO 車載対応Wi-Fiルーター初回120GB付きバッテリーレス USB電源使用 車用Wi-Fi 買い切り 契約不,https://www.amazon.co.jp/dp/B0DHV2KW3X,https://www.google.com/search?q=KEIYO%20ENGINEERING%20CO.%2CLTD.%20%E4%BC%9A%E7%A4%BE%E6%A6%82%E8%A6%81%20%E5%95%8F%E3%81%84%E5%90%88%E3%82%8F%E3%81%9B%20%E5%8D%B8,
MEDICOM TOY,2,ホビー,連絡候補,,A: 国内の第三者が2社以上で扱っている,中小の見込み（手判定）,JAN45/49,なし,FJOオンライン / インボイス登録事業者 NS商店 すり替え抜き取り対策実施店舗 / 良品マーケティング,6,6,6994,B088MN3K38,メディコム・トイ MAFEX マフェックス No.131 GAMBIT ガンビット COMIC Ver. 全高約160m,https://www.amazon.co.jp/dp/B088MN3K38,https://www.google.com/search?q=MEDICOM%20TOY%20%E4%BC%9A%E7%A4%BE%E6%A6%82%E8%A6%81%20%E5%95%8F%E3%81%84%E5%90%88%E3%82%8F%E3%81%9B%20%E5%8D%B8,
NAIGAI,2,スポーツ＆アウトドア,連絡候補,,A: 国内の第三者が2社以上で扱っている,中小の見込み（手判定）,JAN45/49／manufacturer日本語,なし,キングダム株式会社 / 野球用品 スワロースポーツ～スワロー限定で検索～,2,2,2529,B07QQXBC5G,内外ゴム(NAIGAI) ナイガイベースボール Mプラクティス 1ダース(12球) 白,https://www.amazon.co.jp/dp/B07QQXBC5G,https://www.google.com/search?q=NAIGAI%20%E4%BC%9A%E7%A4%BE%E6%A6%82%E8%A6%81%20%E5%95%8F%E3%81%84%E5%90%88%E3%82%8F%E3%81%9B%20%E5%8D%B8,
Nikitea,2,ペット用品,連絡候補,,A: 国内の第三者が2社以上で扱っている,規模未確認,JAN45/49,なし,よろず商い 【千】 ［インボイス対応］ 年中無休で迅速発送！ 確実・誠実！ / はっぴースマイル,2,4,1311,B0188A4F9A,★日本製★ベビーキャリー 昔ながらのおんぶひも（おんぶ・だっこ兼用子守帯） ブラックウォッチ 50807 グリーン×ネイ,https://www.amazon.co.jp/dp/B0188A4F9A,https://www.google.com/search?q=Nikitea%20%E4%BC%9A%E7%A4%BE%E6%A6%82%E8%A6%81%20%E5%95%8F%E3%81%84%E5%90%88%E3%82%8F%E3%81%9B%20%E5%8D%B8,
OOFOS(ウーフォス),2,ファッション,連絡候補,,A: 国内の第三者が2社以上で扱っている,中小の見込み（手判定）,メーカー名日本語,なし,【土日祝も休まず出荷（一部商品を除く）】リヴェラール【日本流通自主管理協会(AACD)加盟店】 / 庄司屋 / 【日本企業公式店舗・全商品保証対象】アバターガーデン,4,4,5203,B0DYNK9VPH,[ウーフォス] ウーメガ リカバリーサンダル OOFOS Oomega レディース 厚底サンダル (ノマド(NOMAD),https://www.amazon.co.jp/dp/B0DYNK9VPH,https://www.google.com/search?q=OOFOS%28%E3%82%A6%E3%83%BC%E3%83%95%E3%82%A9%E3%82%B9%29%20%E4%BC%9A%E7%A4%BE%E6%A6%82%E8%A6%81%20%E5%95%8F%E3%81%84%E5%90%88%E3%82%8F%E3%81%9B%20%E5%8D%B8,
SilentPower,2,DIY・工具・ガーデン,連絡候補,,A: 国内の第三者が2社以上で扱っている,規模未確認,JAN45/49,なし,オーディオ 吉田苑 / 三木楽器株式会社 / 株式会社エミライ,4,5,6503,B0DXP2HVZ9,Silentpower iPower2 【日本正規店より発送】ノイズ抑制 電源 (iPower2 9V),https://www.amazon.co.jp/dp/B0DXP2HVZ9,https://www.google.com/search?q=SilentPower%20%E4%BC%9A%E7%A4%BE%E6%A6%82%E8%A6%81%20%E5%95%8F%E3%81%84%E5%90%88%E3%82%8F%E3%81%9B%20%E5%8D%B8,
Yonker,2,ホーム＆キッチン,連絡候補,,A: 国内の第三者が2社以上で扱っている,規模未確認,JAN45/49／manufacturer日本語,セラー名に中国企業表記/ピンイン／メーカー名が中国企業表記,【マケプレお急ぎ便対応店舗】ショップデクリニック / マツヨシ,2,3,1070,B0B643HNNP,パルスオキシメーター 付属品セット ホワイト 国内検品 松吉医科器械 血中酸素濃度 心拍計 在宅看護 体調管理 介護 病,https://www.amazon.co.jp/dp/B0B643HNNP,https://www.google.com/search?q=Yonker%20%E4%BC%9A%E7%A4%BE%E6%A6%82%E8%A6%81%20%E5%95%8F%E3%81%84%E5%90%88%E3%82%8F%E3%81%9B%20%E5%8D%B8,
mimimamo,2,家電＆カメラ,連絡候補,,A: 国内の第三者が2社以上で扱っている,中小の見込み（手判定）,JAN45/49／manufacturer日本語／日本法人格,なし,キットカット【創業33年/適格請求書発行事業者】 / e☆イヤホン【イヤホン・ヘッドホン専門店 16時までの通常注文は当日発送！】,2,2,1260,B0DC29KJXM,mimimamo (ミミマモ) ウルトラフィット・イヤーパッドカバー ドーナツ型 日本製 (ブラック) 各機種への対応は,https://www.amazon.co.jp/dp/B0DC29KJXM,https://www.google.com/search?q=mimimamo%20%E4%BC%9A%E7%A4%BE%E6%A6%82%E8%A6%81%20%E5%95%8F%E3%81%84%E5%90%88%E3%82%8F%E3%81%9B%20%E5%8D%B8,
phiten(ファイテン),2,スポーツ＆アウトドア,連絡候補,,A: 国内の第三者が2社以上で扱っている,規模未確認（大きい可能性あり）,JAN45/49／manufacturer日本語／メーカー名日本語,なし,メガスポーツ / Super Sports XEBIO（スーパースポーツゼビオ） / 株式会社　ヒマラヤ,4,5,1905,B0CDKC6TJJ,phiten(ファイテン) RAKUWA アンクレット EXTREME ツイスト ブラック 21cm【ファイテン先端技術,https://www.amazon.co.jp/dp/B0CDKC6TJJ,https://www.google.com/search?q=phiten%28%E3%83%95%E3%82%A1%E3%82%A4%E3%83%86%E3%83%B3%29%20%E4%BC%9A%E7%A4%BE%E6%A6%82%E8%A6%81%20%E5%95%8F%E3%81%84%E5%90%88%E3%82%8F%E3%81%9B%20%E5%8D%B8,
simplism,2,パソコン・周辺機器,連絡候補,,A: 国内の第三者が2社以上で扱っている,中小の見込み（手判定）,JAN45/49／manufacturer日本語,なし,ECカレント / イーベスト家電 / キットカット【創業33年/適格請求書発行事業者】,5,6,478,B0D2ZXHQ8F,Simplism シンプリズム スマ冷えプレミアムラージ ホワイト TR-SHPL-WT,https://www.amazon.co.jp/dp/B0D2ZXHQ8F,https://www.google.com/search?q=simplism%20%E4%BC%9A%E7%A4%BE%E6%A6%82%E8%A6%81%20%E5%95%8F%E3%81%84%E5%90%88%E3%82%8F%E3%81%9B%20%E5%8D%B8,
suptronics,2,パソコン・周辺機器,連絡候補,,A: 国内の第三者が2社以上で扱っている,規模未確認,manufacturer日本語,なし,オンラインショップ メディアファクトリー【インボイス登録済】 / グローバルネットワークス【適格請求書発行事業者】 / まいにち＋ まごころ安心ストア,5,5,4274,B0CJN56F3Z,Raspberry Pi 公式 カメラモジュール【Raspberry Pi Camera V3】 (Wide 可視光[S,https://www.amazon.co.jp/dp/B0CJN56F3Z,https://www.google.com/search?q=suptronics%20%E4%BC%9A%E7%A4%BE%E6%A6%82%E8%A6%81%20%E5%95%8F%E3%81%84%E5%90%88%E3%82%8F%E3%81%9B%20%E5%8D%B8,
あしあげ隊,2,DIY・工具・ガーデン,連絡候補,,A: 国内の第三者が2社以上で扱っている,中小の見込み（手判定）,JAN45/49／manufacturer日本語／メーカー名日本語／日本法人格,なし,株式会社タツフト / 株式会社コジマ,2,2,1126,B08L7YV73F,あしあげ隊 TFi-7015T 冷蔵庫など キズ凹み防止ゴムマット タツフト (旧:hmd-7015T),https://www.amazon.co.jp/dp/B08L7YV73F,https://www.google.com/search?q=%E3%81%82%E3%81%97%E3%81%82%E3%81%92%E9%9A%8A%20%E4%BC%9A%E7%A4%BE%E6%A6%82%E8%A6%81%20%E5%95%8F%E3%81%84%E5%90%88%E3%82%8F%E3%81%9B%20%E5%8D%B8,
イガラシ(Igarashi),2,おもちゃ,連絡候補,,A: 国内の第三者が2社以上で扱っている,中小の見込み（手判定）,JAN45/49／メーカー名日本語,なし,合同会社K-Net / ✅シャイニングストア / アウトドアプラザハヤサカ,3,3,1195,B09XXHFGF2,イガラシ ウォーターシャワースライダー 254×116×78cm(膨らましサイズ) シャワー付き 大・小 空気栓付 PA,https://www.amazon.co.jp/dp/B09XXHFGF2,https://www.google.com/search?q=%E3%82%A4%E3%82%AC%E3%83%A9%E3%82%B7%28Igarashi%29%20%E4%BC%9A%E7%A4%BE%E6%A6%82%E8%A6%81%20%E5%95%8F%E3%81%84%E5%90%88%E3%82%8F%E3%81%9B%20%E5%8D%B8,
デビフ,2,ペット用品,連絡候補,,A: 国内の第三者が2社以上で扱っている,規模未確認（大きい可能性あり）,JAN45/49／manufacturer日本語／メーカー名日本語／日本法人格,なし,日用品生活ショップ / KKJストアWEB店 / アーリーオンラインストア,5,6,1168,B0C6D8NH77,デビフ シニア犬の食事 4種 各6缶（計24缶） 85g ささみ＆さつまいも・ささみ＆すりおろし野菜・ささみ＆軟骨 ささ,https://www.amazon.co.jp/dp/B0C6D8NH77,https://www.google.com/search?q=%E3%83%87%E3%83%93%E3%83%95%20%E4%BC%9A%E7%A4%BE%E6%A6%82%E8%A6%81%20%E5%95%8F%E3%81%84%E5%90%88%E3%82%8F%E3%81%9B%20%E5%8D%B8,
トイコー(Toyco),2,おもちゃ,連絡候補,,A: 国内の第三者が2社以上で扱っている,中小の見込み（手判定）,JAN45/49／メーカー名日本語,なし,フェイス　オンラインSHOP / M&Nショップ / ぺぺジンジャー,4,5,2706,B07TD8VF3N,トイコー(Toyco) 乗用 都営バス,https://www.amazon.co.jp/dp/B07TD8VF3N,https://www.google.com/search?q=%E3%83%88%E3%82%A4%E3%82%B3%E3%83%BC%28Toyco%29%20%E4%BC%9A%E7%A4%BE%E6%A6%82%E8%A6%81%20%E5%95%8F%E3%81%84%E5%90%88%E3%82%8F%E3%81%9B%20%E5%8D%B8,
ナトコ,2,DIY・工具・ガーデン,連絡候補,,A: 国内の第三者が2社以上で扱っている,規模未確認（大きい可能性あり）,メーカー名日本語,なし,エムケーケー※ご購入前に期限（コンディション欄に記載）をご確認ください / Paint Depot　ペイントデポ / ペイントライフ,3,5,1018,B08G4TBHBD,ナトコ スケルトンM-201 金属ハケ用 4kg 業務用 剥離,https://www.amazon.co.jp/dp/B08G4TBHBD,https://www.google.com/search?q=%E3%83%8A%E3%83%88%E3%82%B3%20%E4%BC%9A%E7%A4%BE%E6%A6%82%E8%A6%81%20%E5%95%8F%E3%81%84%E5%90%88%E3%82%8F%E3%81%9B%20%E5%8D%B8,
ネットステージ,2,車＆バイク,連絡候補,,A: 国内の第三者が2社以上で扱っている,規模未確認,manufacturer日本語／メーカー名日本語,なし,スケルトン / Re:zA Works (リザ ワークス) / AKY stores[適格請求書発行事業者],4,6,696,B07SKTLK8N,エバポレーター洗浄用 カーエアコン洗浄 スーパージェットマックス ガソリン車用スーパーJET MAX 79615,https://www.amazon.co.jp/dp/B07SKTLK8N,https://www.google.com/search?q=%E3%83%8D%E3%83%83%E3%83%88%E3%82%B9%E3%83%86%E3%83%BC%E3%82%B8%20%E4%BC%9A%E7%A4%BE%E6%A6%82%E8%A6%81%20%E5%95%8F%E3%81%84%E5%90%88%E3%82%8F%E3%81%9B%20%E5%8D%B8,
ハイポネックス,2,DIY・工具・ガーデン,連絡候補,,A: 国内の第三者が2社以上で扱っている,規模未確認（大きい可能性あり）,JAN45/49／manufacturer日本語／メーカー名日本語,なし,イーハナス（土日祝休業） / SELECT JAPAN【正規品のみ販売、全品新品、日本国内から発送】 / むさしのメディアセンタ,3,4,7122,B0B6BCVH1S,ハイポネックス 虫を予防するマグァンプD 200g (30袋),https://www.amazon.co.jp/dp/B0B6BCVH1S,https://www.google.com/search?q=%E3%83%8F%E3%82%A4%E3%83%9D%E3%83%8D%E3%83%83%E3%82%AF%E3%82%B9%20%E4%BC%9A%E7%A4%BE%E6%A6%82%E8%A6%81%20%E5%95%8F%E3%81%84%E5%90%88%E3%82%8F%E3%81%9B%20%E5%8D%B8,
メディコム・トイ(MEDICOM TOY),2,ホビー,連絡候補,,A: 国内の第三者が2社以上で扱っている,中小の見込み（手判定）,JAN45/49／メーカー名日本語,なし,インボイス制度対応済 SHOP Forest 【千葉県公安委員会 第441010002465号】 / アフネコオンライン（プチプチ、ＯＰＰ袋梱包実施店）インボイス対応,2,6,5922,B0CNJHNSDW,MAFEX マフェックス No.227 LUKE SKYWALKER (TM) ルーク スカイウォーカー THE MAN,https://www.amazon.co.jp/dp/B0CNJHNSDW,https://www.google.com/search?q=%E3%83%A1%E3%83%87%E3%82%A3%E3%82%B3%E3%83%A0%E3%83%BB%E3%83%88%E3%82%A4%28MEDICOM%20TOY%29%20%E4%BC%9A%E7%A4%BE%E6%A6%82%E8%A6%81%20%E5%95%8F%E3%81%84%E5%90%88%E3%82%8F%E3%81%9B%20%E5%8D%B8,
メロリン,2,産業・研究開発用品,連絡候補,,A: 国内の第三者が2社以上で扱っている,規模未確認,JAN45/49／manufacturer日本語／メーカー名日本語,なし,MeReCare-y（メリケア） / やよい物流センター店売 / 【マケプレお急ぎ便対応店舗】ショップデクリニック,5,5,4116,B018G4MZLS,スミス・アンド・ネフュー ウンド マネジメント メロリン 10×10cm 100枚入 66974941 …,https://www.amazon.co.jp/dp/B018G4MZLS,https://www.google.com/search?q=%E3%83%A1%E3%83%AD%E3%83%AA%E3%83%B3%20%E4%BC%9A%E7%A4%BE%E6%A6%82%E8%A6%81%20%E5%95%8F%E3%81%84%E5%90%88%E3%82%8F%E3%81%9B%20%E5%8D%B8,
モリドライブ(MORIDRIVE),2,車＆バイク,連絡候補,,A: 国内の第三者が2社以上で扱っている,中小の見込み（手判定）,JAN45/49／メーカー名日本語,なし,もちまるストア【適格請求書発行事業者】 / 昭和浪漫(賞味期限はコンディション覧参照),2,2,682,B08QVJWS85,モリドライブ エンジンオイル サイレントプラス 5W-30 3L SP GF-6A 全合成油 四輪車 軽自動車 ルート産,https://www.amazon.co.jp/dp/B08QVJWS85,https://www.google.com/search?q=%E3%83%A2%E3%83%AA%E3%83%89%E3%83%A9%E3%82%A4%E3%83%96%28MORIDRIVE%29%20%E4%BC%9A%E7%A4%BE%E6%A6%82%E8%A6%81%20%E5%95%8F%E3%81%84%E5%90%88%E3%82%8F%E3%81%9B%20%E5%8D%B8,
ユーブロック,2,パソコン・周辺機器,連絡候補,,A: 国内の第三者が2社以上で扱っている,規模未確認,manufacturer日本語／メーカー名日本語,なし,Chou Chou (シュシュ) / KMT市場インターネット店（安心安全配送、返品対策店） / オールジャンル真心オンライン★365日迅速発送★,5,6,3512,B083CZQ4H3,ユーブロック（U・Vlock） サンソリット,https://www.amazon.co.jp/dp/B083CZQ4H3,https://www.google.com/search?q=%E3%83%A6%E3%83%BC%E3%83%96%E3%83%AD%E3%83%83%E3%82%AF%20%E4%BC%9A%E7%A4%BE%E6%A6%82%E8%A6%81%20%E5%95%8F%E3%81%84%E5%90%88%E3%82%8F%E3%81%9B%20%E5%8D%B8,
ワンダーランド,2,おもちゃ,連絡候補,,A: 国内の第三者が2社以上で扱っている,規模未確認,JAN45/49／manufacturer日本語／メーカー名日本語,なし,グローバルプラザ -インボイス発行事業者- / リトルフィールド / ウィルマージ,3,3,460,B004DTYCFS,トミカ おふろでペタペタ!デラックス,https://www.amazon.co.jp/dp/B004DTYCFS,https://www.google.com/search?q=%E3%83%AF%E3%83%B3%E3%83%80%E3%83%BC%E3%83%A9%E3%83%B3%E3%83%89%20%E4%BC%9A%E7%A4%BE%E6%A6%82%E8%A6%81%20%E5%95%8F%E3%81%84%E5%90%88%E3%82%8F%E3%81%9B%20%E5%8D%B8,
円谷プロダクション(Tsuburaya),2,おもちゃ,連絡候補,,A: 国内の第三者が2社以上で扱っている,規模未確認（大きい可能性あり）,JAN45/49／メーカー名日本語,なし,【公式】ツブラヤストア / TOMA屋(適格請求書発行事業者) / MBオンラインストア,5,6,1180,B0FK4G1HS1,円谷プロダクション(Tsuburaya) ウルトラマン カードゲーム ブースターパック05勇輝の黎明[BP05] (BO,https://www.amazon.co.jp/dp/B0FK4G1HS1,https://www.google.com/search?q=%E5%86%86%E8%B0%B7%E3%83%97%E3%83%AD%E3%83%80%E3%82%AF%E3%82%B7%E3%83%A7%E3%83%B3%28Tsuburaya%29%20%E4%BC%9A%E7%A4%BE%E6%A6%82%E8%A6%81%20%E5%95%8F%E3%81%84%E5%90%88%E3%82%8F%E3%81%9B%20%E5%8D%B8,
和平フレイズ(Wahei freiz),2,スポーツ＆アウトドア,連絡候補,,A: 国内の第三者が2社以上で扱っている,規模未確認（大きい可能性あり）,JAN45/49／manufacturer日本語／メーカー名日本語,なし,すい-すい / けいけい-net-shop / リビングート,4,5,137,B08DCNBPTW,和平フレイズ 麺類にうってつけ! 吹きこぼれにくい 両手鍋 24cm (口径22cm) IH・ガス対応 煮る 茹でる 炊,https://www.amazon.co.jp/dp/B08DCNBPTW,https://www.google.com/search?q=%E5%92%8C%E5%B9%B3%E3%83%95%E3%83%AC%E3%82%A4%E3%82%BA%28Wahei%20freiz%29%20%E4%BC%9A%E7%A4%BE%E6%A6%82%E8%A6%81%20%E5%95%8F%E3%81%84%E5%90%88%E3%82%8F%E3%81%9B%20%E5%8D%B8,
城東テクノ,2,DIY・工具・ガーデン,連絡候補,,A: 国内の第三者が2社以上で扱っている,規模未確認（大きい可能性あり）,manufacturer日本語／メーカー名日本語,なし,グリングリンストア / I　りんく / ウェルプランニング,4,5,26,B004Y21AC2,JOTO 丸マス蓋（枠なし） 樹脂製 耐圧２トン 250型 JT2-250SFW（雨水・穴なし） 城東,https://www.amazon.co.jp/dp/B004Y21AC2,https://www.google.com/search?q=%E5%9F%8E%E6%9D%B1%E3%83%86%E3%82%AF%E3%83%8E%20%E4%BC%9A%E7%A4%BE%E6%A6%82%E8%A6%81%20%E5%95%8F%E3%81%84%E5%90%88%E3%82%8F%E3%81%9B%20%E5%8D%B8,
安永,2,DIY・工具・ガーデン,連絡候補,,A: 国内の第三者が2社以上で扱っている,規模未確認（大きい可能性あり）,JAN45/49／manufacturer日本語／メーカー名日本語,なし,AIR LEGEND 豊富な在庫!専門スタッフによる対応!在庫あり商品は14時までの注文で即日発送 / エアーポンプワン / ライフdirect在庫商品は14：00まで即日発送いたします。,6,6,7035,B06XC2SZXK,安永エアポンプ 浄化槽用ブロア エアーポンプ ブロワ AP-60G,https://www.amazon.co.jp/dp/B06XC2SZXK,https://www.google.com/search?q=%E5%AE%89%E6%B0%B8%20%E4%BC%9A%E7%A4%BE%E6%A6%82%E8%A6%81%20%E5%95%8F%E3%81%84%E5%90%88%E3%82%8F%E3%81%9B%20%E5%8D%B8,
山形工房(Yamagata Koubou),2,おもちゃ,連絡候補,,A: 国内の第三者が2社以上で扱っている,中小の見込み（手判定）,JAN45/49／manufacturer日本語／メーカー名日本語／日本法人格,なし,ティーズマルシェ / ザクザクマーケット / 木のおもちゃコモック 15時迄の注文は基本当日出荷,3,3,531,B01EMI042E,けん玉 日本けん玉協会認定 競技用けん玉 大空 水色 No-1312,https://www.amazon.co.jp/dp/B01EMI042E,https://www.google.com/search?q=%E5%B1%B1%E5%BD%A2%E5%B7%A5%E6%88%BF%28Yamagata%20Koubou%29%20%E4%BC%9A%E7%A4%BE%E6%A6%82%E8%A6%81%20%E5%95%8F%E3%81%84%E5%90%88%E3%82%8F%E3%81%9B%20%E5%8D%B8,
21Technology,1,スポーツ＆アウトドア,連絡候補,,A: 国内の第三者が2社以上で扱っている,中小の見込み（手判定）,JAN45/49,なし,21テクノロジー,1,2,10493,B00I4IWED6,21Technology 折りたたみママチャリ (26インチ) 自転車 シティサイクル ママチャリ 折畳 6段ギヤ付き ,https://www.amazon.co.jp/dp/B00I4IWED6,https://www.google.com/search?q=21Technology%20%E4%BC%9A%E7%A4%BE%E6%A6%82%E8%A6%81%20%E5%95%8F%E3%81%84%E5%90%88%E3%82%8F%E3%81%9B%20%E5%8D%B8,
ANTERCITE,1,スポーツ＆アウトドア,連絡候補,,A: 国内の第三者が2社以上で扱っている,規模未確認,JAN45/49,なし,野球用品専門店　野球館 ～野球館オリジナルで検索～ / スポーツショップYOU / スポーツHIT＆RUN,4,5,942,B091KSMZ8T,【公式】ボールパークドットコム PROTEIOS（プロティオス） グラブトリートメント 150ml スプレーボトル グラ,https://www.amazon.co.jp/dp/B091KSMZ8T,https://www.google.com/search?q=ANTERCITE%20%E4%BC%9A%E7%A4%BE%E6%A6%82%E8%A6%81%20%E5%95%8F%E3%81%84%E5%90%88%E3%82%8F%E3%81%9B%20%E5%8D%B8,
AZ(エーゼット),1,DIY・工具・ガーデン,連絡候補,,A: 国内の第三者が2社以上で扱っている,規模未確認（大きい可能性あり）,JAN45/49／メーカー名日本語,なし,合同会社NEXIS / TOA MART【すり替え・返品詐欺対策店】 / タイヨウコスモ,3,4,473,B007QQ0CIG,AZ(エーゼット) 25:1 混合燃料 青 4L 刈払機などの燃料(FG015),https://www.amazon.co.jp/dp/B007QQ0CIG,https://www.google.com/search?q=AZ%28%E3%82%A8%E3%83%BC%E3%82%BC%E3%83%83%E3%83%88%29%20%E4%BC%9A%E7%A4%BE%E6%A6%82%E8%A6%81%20%E5%95%8F%E3%81%84%E5%90%88%E3%82%8F%E3%81%9B%20%E5%8D%B8,
BAL,1,車＆バイク,連絡候補,,A: 国内の第三者が2社以上で扱っている,中小の見込み（手判定）,JAN45/49,なし,A1 ショップ【3300円以上で全国送料無料】※一部送料無料もございます / モトメガネ（運営元：パークアップ） / 道具屋さん. com,3,3,736,B08G898L3P,BAL(大橋産業) 空気入れ 自動車 自転車用空気入れ 高圧フットポンプ シングルシリンダー イエロー No.1925,https://www.amazon.co.jp/dp/B08G898L3P,https://www.google.com/search?q=BAL%20%E4%BC%9A%E7%A4%BE%E6%A6%82%E8%A6%81%20%E5%95%8F%E3%81%84%E5%90%88%E3%82%8F%E3%81%9B%20%E5%8D%B8,
BAMBO Nature(バンボネイチャー),1,ベビー＆マタニティ,連絡候補,,A: 国内の第三者が2社以上で扱っている,中小の見込み（手判定）,manufacturer日本語／メーカー名日本語,なし,エルトリプル / オーガニックライフサポート《10000円以上で送料無料※北海道・離島・沖縄除く》 / 健康サポート専門店 《5900円以上で送料無料※北海道・離島・沖縄除く》,5,5,1226,B08YRVZRGS,BAMBO Nature バンボネイチャー ドリーム パンツタイプ L （11kg～17kg） 20枚入り（bn1693,https://www.amazon.co.jp/dp/B08YRVZRGS,https://www.google.com/search?q=BAMBO%20Nature%28%E3%83%90%E3%83%B3%E3%83%9C%E3%83%8D%E3%82%A4%E3%83%81%E3%83%A3%E3%83%BC%29%20%E4%BC%9A%E7%A4%BE%E6%A6%82%E8%A6%81%20%E5%95%8F%E3%81%84%E5%90%88%E3%82%8F%E3%81%9B%20%E5%8D%B8,
BIALETTI(ビアレッティ),1,ホーム＆キッチン,連絡候補,,A: 国内の第三者が2社以上で扱っている,規模未確認（大きい可能性あり）,manufacturer日本語／メーカー名日本語,なし,いいものをお客様に / 輸入本舗T-market,2,3,3707,B00004RFRV,Bialetti (ビアレッティ) モカエキスプレス 9カップ用 直火式 ( コーヒーメーカー エスプレッソメーカー マ,https://www.amazon.co.jp/dp/B00004RFRV,https://www.google.com/search?q=BIALETTI%28%E3%83%93%E3%82%A2%E3%83%AC%E3%83%83%E3%83%86%E3%82%A3%29%20%E4%BC%9A%E7%A4%BE%E6%A6%82%E8%A6%81%20%E5%95%8F%E3%81%84%E5%90%88%E3%82%8F%E3%81%9B%20%E5%8D%B8,
BIIOONES,1,おもちゃ,連絡候補,,A: 国内の第三者が2社以上で扱っている,規模未確認,JAN45/49,なし,フェスティバルプラザ / クローズバイジャパン / テラフォーマー&ドラッグストアPille,6,6,780,B00L85YHSC,鈴木ラテックス ペンシルバルーン 100本入 2個セット,https://www.amazon.co.jp/dp/B00L85YHSC,https://www.google.com/search?q=BIIOONES%20%E4%BC%9A%E7%A4%BE%E6%A6%82%E8%A6%81%20%E5%95%8F%E3%81%84%E5%90%88%E3%82%8F%E3%81%9B%20%E5%8D%B8,
Bit Trade One,1,パソコン・周辺機器,連絡候補,,A: 国内の第三者が2社以上で扱っている,中小の見込み（手判定）,JAN45/49,なし,ビット・トレード・ワン,1,3,2618,B07Y8BPVV4,BitTradeOne ADUSBCIM USB CABLE CHECKER 2,https://www.amazon.co.jp/dp/B07Y8BPVV4,https://www.google.com/search?q=Bit%20Trade%20One%20%E4%BC%9A%E7%A4%BE%E6%A6%82%E8%A6%81%20%E5%95%8F%E3%81%84%E5%90%88%E3%82%8F%E3%81%9B%20%E5%8D%B8,
Clipa,1,ファッション,連絡候補,,A: 国内の第三者が2社以上で扱っている,規模未確認,JAN45/49,なし,goodslab(グッズラボ) / エフシーインテリア / カバンのセレクション【日本正規品】,4,4,1391,B01H6MJ4II,Clipa クリッパ クリッパ つやなしブラックシルバー 黒,https://www.amazon.co.jp/dp/B01H6MJ4II,https://www.google.com/search?q=Clipa%20%E4%BC%9A%E7%A4%BE%E6%A6%82%E8%A6%81%20%E5%95%8F%E3%81%84%E5%90%88%E3%82%8F%E3%81%9B%20%E5%8D%B8,
Collonil(コロニル),1,ファッション,連絡候補,,A: 国内の第三者が2社以上で扱っている,規模未確認（大きい可能性あり）,メーカー名日本語,なし,メンズギフト専門店 | WOLFTECH(ウルフテック) / 東央商事 / ECJOY! [創業24年インボイスT7011001061049],3,5,512,B076HKMQXK,[コロニル] 1909 シュプリーム クリーム デラックス カラーレス 100ml [並行輸入品],https://www.amazon.co.jp/dp/B076HKMQXK,https://www.google.com/search?q=Collonil%28%E3%82%B3%E3%83%AD%E3%83%8B%E3%83%AB%29%20%E4%BC%9A%E7%A4%BE%E6%A6%82%E8%A6%81%20%E5%95%8F%E3%81%84%E5%90%88%E3%82%8F%E3%81%9B%20%E5%8D%B8,
EDISONmama(エジソンママ),1,ベビー＆マタニティ,連絡候補,,A: 国内の第三者が2社以上で扱っている,中小の見込み（手判定）,JAN45/49／manufacturer日本語／メーカー名日本語／日本法人格,なし,ベビー・ペット用品【doridori】 / プチ・ママ,2,3,6637,B0DDPVYTL6,EDISONmama(エジソンママ) ディズニー Disney プレイマット ミッキーマウス もちもち 低反発 ベビーマ,https://www.amazon.co.jp/dp/B0DDPVYTL6,https://www.google.com/search?q=EDISONmama%28%E3%82%A8%E3%82%B8%E3%82%BD%E3%83%B3%E3%83%9E%E3%83%9E%29%20%E4%BC%9A%E7%A4%BE%E6%A6%82%E8%A6%81%20%E5%95%8F%E3%81%84%E5%90%88%E3%82%8F%E3%81%9B%20%E5%8D%B8,
Effects Bakery,1,楽器・音響機器,連絡候補,,A: 国内の第三者が2社以上で扱っている,中小の見込み（手判定）,JAN45/49,なし,エフェクター専門店ナインボルト / ギタープラネットWebショップ / 楽器ランド サンクス,3,4,2547,B09P3NVD9T,Effects Bakery エフェクツベーカリー Bagel OverDrive [EB-BODn] / オーバードラ,https://www.amazon.co.jp/dp/B09P3NVD9T,https://www.google.com/search?q=Effects%20Bakery%20%E4%BC%9A%E7%A4%BE%E6%A6%82%E8%A6%81%20%E5%95%8F%E3%81%84%E5%90%88%E3%82%8F%E3%81%9B%20%E5%8D%B8,
Farecla(ファレクラ),1,車＆バイク,連絡候補,,A: 国内の第三者が2社以上で扱っている,中小の見込み（手判定）,メーカー名日本語,なし,DSPショップ / プロウェル_自動車補修用品店 / ネットペイント,4,4,1492,B01MRZ9FWU,ファレクラ コンパウンド New G3 1L,https://www.amazon.co.jp/dp/B01MRZ9FWU,https://www.google.com/search?q=Farecla%28%E3%83%95%E3%82%A1%E3%83%AC%E3%82%AF%E3%83%A9%29%20%E4%BC%9A%E7%A4%BE%E6%A6%82%E8%A6%81%20%E5%95%8F%E3%81%84%E5%90%88%E3%82%8F%E3%81%9B%20%E5%8D%B8,
GSI クレオス(GSI Creos),1,ホビー,連絡候補,,A: 国内の第三者が2社以上で扱っている,規模未確認（大きい可能性あり）,JAN45/49／メーカー名日本語,なし,ミーニャ 簡易梱包、衣類ぬいぐるみ等は圧縮後発送となります / HobbyShopぱるぱる / エスネット ストアー,4,6,6848,B0FYCQM523,GSI クレオス プロコンBOY FWA ダブルアクション プラチナ02 ホビー用塗装用具 PS270,https://www.amazon.co.jp/dp/B0FYCQM523,https://www.google.com/search?q=GSI%20%E3%82%AF%E3%83%AC%E3%82%AA%E3%82%B9%28GSI%20Creos%29%20%E4%BC%9A%E7%A4%BE%E6%A6%82%E8%A6%81%20%E5%95%8F%E3%81%84%E5%90%88%E3%82%8F%E3%81%9B%20%E5%8D%B8,
HIDISC,1,パソコン・周辺機器,連絡候補,,A: 国内の第三者が2社以上で扱っている,中小の見込み（手判定）,JAN45/49／manufacturer日本語／日本法人格,なし,クイックセラーモール / TAKA SHOP【インボイス登録店】,2,3,1553,B0BVPYDLBD,HIDISC [データ復旧サービス付] microSDカード 256GB 超高速 重要データ 保存 データ転送 SDXC,https://www.amazon.co.jp/dp/B0BVPYDLBD,https://www.google.com/search?q=HIDISC%20%E4%BC%9A%E7%A4%BE%E6%A6%82%E8%A6%81%20%E5%95%8F%E3%81%84%E5%90%88%E3%82%8F%E3%81%9B%20%E5%8D%B8,
HKS,1,車＆バイク,連絡候補,,A: 国内の第三者が2社以上で扱っている,規模未確認（大きい可能性あり）,JAN45/49,なし,AKY stores[適格請求書発行事業者],1,2,1887,B08QRP86BV,HKS SUPER OIL Premium スーパーオイルプレミアム 5W-30 API SP 4L,https://www.amazon.co.jp/dp/B08QRP86BV,https://www.google.com/search?q=HKS%20%E4%BC%9A%E7%A4%BE%E6%A6%82%E8%A6%81%20%E5%95%8F%E3%81%84%E5%90%88%E3%82%8F%E3%81%9B%20%E5%8D%B8,
Hikari(ヒカリ),1,ペット用品,連絡候補,,A: 国内の第三者が2社以上で扱っている,中小の見込み（手判定）,JAN45/49／manufacturer日本語／メーカー名日本語,なし,ペットグッズ・りりあ / スペシャルスペースアマゾン店 / むさしのメディアセンタ,3,3,338,B07WFSJ9QS,「ヒカリ (Hikari) ひかりクレスト タートルスタンドパック 250g」 2個セット,https://www.amazon.co.jp/dp/B07WFSJ9QS,https://www.google.com/search?q=Hikari%28%E3%83%92%E3%82%AB%E3%83%AA%29%20%E4%BC%9A%E7%A4%BE%E6%A6%82%E8%A6%81%20%E5%95%8F%E3%81%84%E5%90%88%E3%82%8F%E3%81%9B%20%E5%8D%B8,
IK Multimedia,1,楽器・音響機器,連絡候補,,A: 国内の第三者が2社以上で扱っている,中小の見込み（手判定）,JAN45/49,なし,ミュージックランドKEY WEST オンラインストア / イシバシ楽器 / アウル・ビジョン 株式会社,4,5,7532,B01CQBU87U,IK Multimedia iRig BlueTurn iRigシリーズ 12.6*9.3*2.5cm 国内正規品,https://www.amazon.co.jp/dp/B01CQBU87U,https://www.google.com/search?q=IK%20Multimedia%20%E4%BC%9A%E7%A4%BE%E6%A6%82%E8%A6%81%20%E5%95%8F%E3%81%84%E5%90%88%E3%82%8F%E3%81%9B%20%E5%8D%B8,
JPjoy,1,おもちゃ,連絡候補,,A: 国内の第三者が2社以上で扱っている,規模未確認,manufacturer日本語／日本法人格,なし,コトブキ-セレクション / 北寿堂 / 娯楽百般,3,3,484,B0F6M1869C,言いカエル 【発想力とユーモアが試される！】友達や家族で盛り上がる言葉遊びカードゲーム コミュニケーション力アップ・2〜,https://www.amazon.co.jp/dp/B0F6M1869C,https://www.google.com/search?q=JPjoy%20%E4%BC%9A%E7%A4%BE%E6%A6%82%E8%A6%81%20%E5%95%8F%E3%81%84%E5%90%88%E3%82%8F%E3%81%9B%20%E5%8D%B8,
KBファーム,1,ペット用品,連絡候補,,A: 国内の第三者が2社以上で扱っている,中小の見込み（手判定）,JAN45/49／manufacturer日本語／メーカー名日本語,なし,自由七科 / ペットグッズ・りりあ,2,2,2510,B0CG16W2PC,KBファーム プロゼリー(16g 500個入り) 高たんぱく カブトムシ・クワガタ用,https://www.amazon.co.jp/dp/B0CG16W2PC,https://www.google.com/search?q=KB%E3%83%95%E3%82%A1%E3%83%BC%E3%83%A0%20%E4%BC%9A%E7%A4%BE%E6%A6%82%E8%A6%81%20%E5%95%8F%E3%81%84%E5%90%88%E3%82%8F%E3%81%9B%20%E5%8D%B8,
KOMAINU GAMES,1,おもちゃ,連絡候補,,A: 国内の第三者が2社以上で扱っている,中小の見込み（手判定）,JAN45/49,なし,コマイヌゲームス / ミーニャ 簡易梱包、衣類ぬいぐるみ等は圧縮後発送となります,2,2,1316,B0DH4QBCY7,アリスの時間迷宮 第二版 - 1人用デッキ構築ゲーム、30-180分、12才以上対象,https://www.amazon.co.jp/dp/B0DH4QBCY7,https://www.google.com/search?q=KOMAINU%20GAMES%20%E4%BC%9A%E7%A4%BE%E6%A6%82%E8%A6%81%20%E5%95%8F%E3%81%84%E5%90%88%E3%82%8F%E3%81%9B%20%E5%8D%B8,
KOSS(コス),1,家電＆カメラ,連絡候補,,A: 国内の第三者が2社以上で扱っている,中小の見込み（手判定）,メーカー名日本語,なし,KKPLオンライン / Lotus Store(ロータスストア）,2,4,4419,B005I49784,KOSS オープンタイプヘッドフォン KOSS PORTA PRO Red Hot　北欧限定カラー【並行輸入品】,https://www.amazon.co.jp/dp/B005I49784,https://www.google.com/search?q=KOSS%28%E3%82%B3%E3%82%B9%29%20%E4%BC%9A%E7%A4%BE%E6%A6%82%E8%A6%81%20%E5%95%8F%E3%81%84%E5%90%88%E3%82%8F%E3%81%9B%20%E5%8D%B8,
Kurilon,1,ベビー＆マタニティ,連絡候補,,A: 国内の第三者が2社以上で扱っている,中小の見込み（手判定）,JAN45/49／manufacturer日本語／日本法人格,なし,"GARDENINA（ガーデニーナ） / ウエルシアドットコム 【WP岡山西大寺東店西日本地域】 【WPロジプレイス八王子店東日本地域】 / 【税込6,600円以上で送料無料！】富士薬品【公式】オンラインショップ",3,3,2272,B07N37S6BV,BOS おむつが臭わない袋 大人用 Lサイズ 90枚入 5箱セット,https://www.amazon.co.jp/dp/B07N37S6BV,https://www.google.com/search?q=Kurilon%20%E4%BC%9A%E7%A4%BE%E6%A6%82%E8%A6%81%20%E5%95%8F%E3%81%84%E5%90%88%E3%82%8F%E3%81%9B%20%E5%8D%B8,
LEWITT,1,楽器・音響機器,連絡候補,,A: 国内の第三者が2社以上で扱っている,中小の見込み（手判定）,JAN45/49,なし,イシバシ楽器 / アウル・ビジョン 株式会社 / 株式会社サンフォニックス,3,4,8830,B071NXWTX9,LEWITT LCT 240 PRO BLACK コンデンサーマイク 配信 ストリーマー ポッドキャスト DTM レコー,https://www.amazon.co.jp/dp/B071NXWTX9,https://www.google.com/search?q=LEWITT%20%E4%BC%9A%E7%A4%BE%E6%A6%82%E8%A6%81%20%E5%95%8F%E3%81%84%E5%90%88%E3%82%8F%E3%81%9B%20%E5%8D%B8,
La Fairy,1,ホーム＆キッチン,連絡候補,,A: 国内の第三者が2社以上で扱っている,規模未確認,JAN45/49,なし,ときめきStore / ベストCBDストア,2,2,1534,B0DSGSCT5P,ラ フェアリー ミニ 電動 振動 リラクゼーション コンセント式 かんたんダイヤル操作,https://www.amazon.co.jp/dp/B0DSGSCT5P,https://www.google.com/search?q=La%20Fairy%20%E4%BC%9A%E7%A4%BE%E6%A6%82%E8%A6%81%20%E5%95%8F%E3%81%84%E5%90%88%E3%82%8F%E3%81%9B%20%E5%8D%B8,
Leatherwood Bespoke Rosin 社,1,楽器・音響機器,連絡候補,,A: 国内の第三者が2社以上で扱っている,中小の見込み（手判定）,メーカー名日本語,なし,キャピタルミュージック / クワトロ弦楽器webアマゾン店 【安心の弦楽器専門店・実店舗から発送】 / EC工房,4,4,5627,B07PYS9V3C,Leatherwood Bespoke Rosin レザーウッド ベスポーク松脂　violin Crisp（ヴァイオリン,https://www.amazon.co.jp/dp/B07PYS9V3C,https://www.google.com/search?q=Leatherwood%20Bespoke%20Rosin%20%E7%A4%BE%20%E4%BC%9A%E7%A4%BE%E6%A6%82%E8%A6%81%20%E5%95%8F%E3%81%84%E5%90%88%E3%82%8F%E3%81%9B%20%E5%8D%B8,
LisoLife(理想ライフ),1,ホーム＆キッチン,連絡候補,,A: 国内の第三者が2社以上で扱っている,規模未確認,メーカー名日本語,なし,電気ポット-JP店-YXC / 電気ポット日本専門店-GWQ,2,2,2288,B0D7PWBYWD,【1台多役】 電気鍋 一人用 1L 600W 一人鍋 煮る/焼く/炒める/温める 着脱式 丸洗い可 一人暮らし 車中泊 ,https://www.amazon.co.jp/dp/B0D7PWBYWD,https://www.google.com/search?q=LisoLife%28%E7%90%86%E6%83%B3%E3%83%A9%E3%82%A4%E3%83%95%29%20%E4%BC%9A%E7%A4%BE%E6%A6%82%E8%A6%81%20%E5%95%8F%E3%81%84%E5%90%88%E3%82%8F%E3%81%9B%20%E5%8D%B8,
Locatis,1,スポーツ＆アウトドア,連絡候補,,A: 国内の第三者が2社以上で扱っている,規模未確認,JAN45/49,なし,ONEBEST1+【インボイス発行事業者】 / しおねっと / Webゆとり,3,6,905,B001GC5VZ0,JOK アウトドア ポンプ FLP-68,https://www.amazon.co.jp/dp/B001GC5VZ0,https://www.google.com/search?q=Locatis%20%E4%BC%9A%E7%A4%BE%E6%A6%82%E8%A6%81%20%E5%95%8F%E3%81%84%E5%90%88%E3%82%8F%E3%81%9B%20%E5%8D%B8,
METIYA,1,パソコン・周辺機器,連絡候補,,A: 国内の第三者が2社以上で扱っている,規模未確認,manufacturer日本語,なし,メティヤ,1,2,1423,B0924DT7W3,METIYA ノートパソコン スタンド モニターアーム 17インチまで 耐荷重8KGまで 多関節調節便利 両用式 黒い,https://www.amazon.co.jp/dp/B0924DT7W3,https://www.google.com/search?q=METIYA%20%E4%BC%9A%E7%A4%BE%E6%A6%82%E8%A6%81%20%E5%95%8F%E3%81%84%E5%90%88%E3%82%8F%E3%81%9B%20%E5%8D%B8,
MILITARY BASE,1,ホビー,連絡候補,,A: 国内の第三者が2社以上で扱っている,規模未確認,JAN45/49／manufacturer日本語,なし,ホビーエクスプレス / ミリタリーベース,2,2,469,B0788LWCL8,MILITARY-BASE(ミリタリーベース)ガンファイター バーティカルグリップ ショート M-LOK,https://www.amazon.co.jp/dp/B0788LWCL8,https://www.google.com/search?q=MILITARY%20BASE%20%E4%BC%9A%E7%A4%BE%E6%A6%82%E8%A6%81%20%E5%95%8F%E3%81%84%E5%90%88%E3%82%8F%E3%81%9B%20%E5%8D%B8,
MUSIC NOMAD ( ミュージックノマド ),1,楽器・音響機器,連絡候補,,A: 国内の第三者が2社以上で扱っている,規模未確認,メーカー名日本語,なし,楽器de元気 / 大谷楽器 / 島村楽器,3,5,564,B003TLSN74,MUSIC NOMAD ( ミュージックノマド ) 弦楽器メンテナンス用品 ザ ギター ワン MN103,https://www.amazon.co.jp/dp/B003TLSN74,https://www.google.com/search?q=MUSIC%20NOMAD%20%28%20%E3%83%9F%E3%83%A5%E3%83%BC%E3%82%B8%E3%83%83%E3%82%AF%E3%83%8E%E3%83%9E%E3%83%89%20%29%20%E4%BC%9A%E7%A4%BE%E6%A6%82%E8%A6%81%20%E5%95%8F%E3%81%84%E5%90%88%E3%82%8F%E3%81%9B%20%E5%8D%B8,
Mt.SUMI,1,スポーツ＆アウトドア,連絡候補,,A: 国内の第三者が2社以上で扱っている,中小の見込み（手判定）,JAN45/49,なし,ハンモック・チェア ハンモック専門店 株式会社キュリアス 当日・翌日出荷対応致します / WEST WEB STORE【通常当日～翌日出荷 一部対象外あり】 / フィッシングマックス,4,6,1646,B0F2LRKWCL,[ Mt.SUMI (マウントスミ)] パーフェクトグリル マイクロ (レクタ) / bbq 折り畳み コンパクト ポケ,https://www.amazon.co.jp/dp/B0F2LRKWCL,https://www.google.com/search?q=Mt.SUMI%20%E4%BC%9A%E7%A4%BE%E6%A6%82%E8%A6%81%20%E5%95%8F%E3%81%84%E5%90%88%E3%82%8F%E3%81%9B%20%E5%8D%B8,
N-style,1,車＆バイク,連絡候補,,A: 国内の第三者が2社以上で扱っている,規模未確認,JAN45/49／manufacturer日本語／日本法人格,なし,ツルタオンラインショップ【土日祝も出荷中】 / エスピーアイ(適格請求書発行事業者登録番号:T9040001058026)) / 関西オートパーツ販売,4,4,6174,B0F4MYBLGV,N-Style エヌスタイル 極音ホーン ゴクオン 電子ホーン Ver2,https://www.amazon.co.jp/dp/B0F4MYBLGV,https://www.google.com/search?q=N-style%20%E4%BC%9A%E7%A4%BE%E6%A6%82%E8%A6%81%20%E5%95%8F%E3%81%84%E5%90%88%E3%82%8F%E3%81%9B%20%E5%8D%B8,
NIPLUX,1,ホーム＆キッチン,連絡候補,,A: 国内の第三者が2社以上で扱っている,中小の見込み（手判定）,JAN45/49／manufacturer日本語／日本法人格,なし,株式会社日創プラス / ECJOY! [創業24年インボイスT7011001061049],2,2,3005,B0CHXYLPCZ,NIPLUX 博士監修 EMS強化通電率150％UP 足裏フットマット 足ツボ足裏ケア ５種類モード19段階強 メモリー,https://www.amazon.co.jp/dp/B0CHXYLPCZ,https://www.google.com/search?q=NIPLUX%20%E4%BC%9A%E7%A4%BE%E6%A6%82%E8%A6%81%20%E5%95%8F%E3%81%84%E5%90%88%E3%82%8F%E3%81%9B%20%E5%8D%B8,
Nature's Protection,1,ペット用品,連絡候補,,A: 国内の第三者が2社以上で扱っている,中小の見込み（手判定）,manufacturer日本語,なし,株式会社タカ・エンタープライズ / コーテルマート,2,2,1971,B0CDNZPM6Y,ネイチャーズプロテクション Nature’s Protection ホワイトドッグ グレインフリー ホワイトフィッシュ ,https://www.amazon.co.jp/dp/B0CDNZPM6Y,https://www.google.com/search?q=Nature%27s%20Protection%20%E4%BC%9A%E7%A4%BE%E6%A6%82%E8%A6%81%20%E5%95%8F%E3%81%84%E5%90%88%E3%82%8F%E3%81%9B%20%E5%8D%B8,
Neo Products,1,パソコン・周辺機器,連絡候補,,A: 国内の第三者が2社以上で扱っている,規模未確認,JAN45/49,なし,エムサウンド / e☆イヤホン【イヤホン・ヘッドホン専門店 16時までの通常注文は当日発送！】 / マークスミュージック,4,4,2800,B08L65QBZS,NEO by OYAIDE Elec d+ USB Type-C to C class B 1.0m USBケーブル,https://www.amazon.co.jp/dp/B08L65QBZS,https://www.google.com/search?q=Neo%20Products%20%E4%BC%9A%E7%A4%BE%E6%A6%82%E8%A6%81%20%E5%95%8F%E3%81%84%E5%90%88%E3%82%8F%E3%81%9B%20%E5%8D%B8,
Oregon,1,DIY・工具・ガーデン,連絡候補,,A: 国内の第三者が2社以上で扱っている,規模未確認（大きい可能性あり）,manufacturer日本語,なし,アイジーエヌ●全商品抜き取り・すり替え対策店● / カナジン / 買援隊,3,3,430,B09WDGFMCH,オレゴン(OREGON) シュレッダーブレード 2枚刃 300mm 3.0mm 295504-0,https://www.amazon.co.jp/dp/B09WDGFMCH,https://www.google.com/search?q=Oregon%20%E4%BC%9A%E7%A4%BE%E6%A6%82%E8%A6%81%20%E5%95%8F%E3%81%84%E5%90%88%E3%82%8F%E3%81%9B%20%E5%8D%B8,
PAL&I,1,ペット用品,連絡候補,,A: 国内の第三者が2社以上で扱っている,規模未確認,JAN45/49,なし,【公式】ALLNA ORGANIC/WHITH WHITE/HMENZ/Q+【100日間保証】BLS,1,2,378,B0823N2H7Q,[ 安心の、日本製。 ] PAL&I パルアイ 犬 シャンプー ペット 低刺激 無添加 [ ふわふわ仕上がり],https://www.amazon.co.jp/dp/B0823N2H7Q,https://www.google.com/search?q=PAL%26I%20%E4%BC%9A%E7%A4%BE%E6%A6%82%E8%A6%81%20%E5%95%8F%E3%81%84%E5%90%88%E3%82%8F%E3%81%9B%20%E5%8D%B8,
PKBジャパン,1,ペット用品,連絡候補,,A: 国内の第三者が2社以上で扱っている,中小の見込み（手判定）,manufacturer日本語／メーカー名日本語,なし,ぺットサプリのラブリー / ペット犬猫療法食動物病院【適格請求書発行事業者】,2,3,2717,B077M6XNZ5,PKBジャパン オーラティーン デンタルジェル 犬猫用 28g×2セット,https://www.amazon.co.jp/dp/B077M6XNZ5,https://www.google.com/search?q=PKB%E3%82%B8%E3%83%A3%E3%83%91%E3%83%B3%20%E4%BC%9A%E7%A4%BE%E6%A6%82%E8%A6%81%20%E5%95%8F%E3%81%84%E5%90%88%E3%82%8F%E3%81%9B%20%E5%8D%B8,
PLUS91(プラス91）,1,車＆バイク,連絡候補,,A: 国内の第三者が2社以上で扱っている,規模未確認,メーカー名日本語,なし,Tネット【インボイス制度・適格請求書発行事業者】 / オフィス　K / OGI PLACE【インボイス適格請求書発行事業者】,5,5,3165,B002WSB7DW,高性能オイルシーリング剤 PLUS 91,https://www.amazon.co.jp/dp/B002WSB7DW,https://www.google.com/search?q=PLUS91%28%E3%83%97%E3%83%A9%E3%82%B991%EF%BC%89%20%E4%BC%9A%E7%A4%BE%E6%A6%82%E8%A6%81%20%E5%95%8F%E3%81%84%E5%90%88%E3%82%8F%E3%81%9B%20%E5%8D%B8,
PrimeSellerJapan,1,ペット用品,連絡候補,,A: 国内の第三者が2社以上で扱っている,規模未確認,JAN45/49／manufacturer日本語,なし,大友物産,1,2,562,B0CHQRQTVZ,銀のスプーン 三ツ星グルメ 厳選10種セレクト お魚レシピ 鶏ささみレシピ 600g（20g×30本） PSJBOX 大,https://www.amazon.co.jp/dp/B0CHQRQTVZ,https://www.google.com/search?q=PrimeSellerJapan%20%E4%BC%9A%E7%A4%BE%E6%A6%82%E8%A6%81%20%E5%95%8F%E3%81%84%E5%90%88%E3%82%8F%E3%81%9B%20%E5%8D%B8,
Qualia,1,おもちゃ,連絡候補,,A: 国内の第三者が2社以上で扱っている,規模未確認,JAN45/49,なし,さいたまホビーショップ ※中古コンディションは必ず画像と欠品を確認 / 雨甲斐屋,2,3,1055,B0FSSBVH4G,DAISUKE KONDO アートコレクション マスコットフィギュア2 全6種セット,https://www.amazon.co.jp/dp/B0FSSBVH4G,https://www.google.com/search?q=Qualia%20%E4%BC%9A%E7%A4%BE%E6%A6%82%E8%A6%81%20%E5%95%8F%E3%81%84%E5%90%88%E3%82%8F%E3%81%9B%20%E5%8D%B8,
RABLISS,1,ホーム＆キッチン,連絡候補,,A: 国内の第三者が2社以上で扱っている,規模未確認,JAN45/49／manufacturer日本語／日本法人格,なし,ひまわりストア　アマゾン店 / 【マケプレお急ぎ便対応店舗】ショップデクリニック,2,2,868,B097733QR1,【累計出荷数60万台突破】【医療機器認証】【豪華付属品4点セット】RABLISS パルスオキシメーター 医療用 家庭用 ,https://www.amazon.co.jp/dp/B097733QR1,https://www.google.com/search?q=RABLISS%20%E4%BC%9A%E7%A4%BE%E6%A6%82%E8%A6%81%20%E5%95%8F%E3%81%84%E5%90%88%E3%82%8F%E3%81%9B%20%E5%8D%B8,
RAILROAD SOCK(レイルロードソック),1,ファッション,連絡候補,,A: 国内の第三者が2社以上で扱っている,中小の見込み（手判定）,メーカー名日本語,なし,はちまるや / GROSS(株式会社グローイング) / J.STORE EC事業部(適格請求書発行事業者),3,5,556,B00HYVR8IA,(レイルロードソック)RAILROAD SOCK クルーソックス 6足セット (ホワイト),https://www.amazon.co.jp/dp/B00HYVR8IA,https://www.google.com/search?q=RAILROAD%20SOCK%28%E3%83%AC%E3%82%A4%E3%83%AB%E3%83%AD%E3%83%BC%E3%83%89%E3%82%BD%E3%83%83%E3%82%AF%29%20%E4%BC%9A%E7%A4%BE%E6%A6%82%E8%A6%81%20%E5%95%8F%E3%81%84%E5%90%88%E3%82%8F%E3%81%9B%20%E5%8D%B8,
Rockit(ロキット),1,ベビー＆マタニティ,連絡候補,,A: 国内の第三者が2社以上で扱っている,中小の見込み（手判定）,メーカー名日本語,なし,ベビー&キッズ コントリ / ミッピーナ / super market ※購入前にコンディション＆出品者情報確認して購入,3,3,4379,B0BNP1G2ZD,［ロキット］ ゆりかご 寝かしつけ バウンサー 電動 揺らす ベビーカー 英国発 赤ちゃん 寝る/USBポータブル ベビ,https://www.amazon.co.jp/dp/B0BNP1G2ZD,https://www.google.com/search?q=Rockit%28%E3%83%AD%E3%82%AD%E3%83%83%E3%83%88%29%20%E4%BC%9A%E7%A4%BE%E6%A6%82%E8%A6%81%20%E5%95%8F%E3%81%84%E5%90%88%E3%82%8F%E3%81%9B%20%E5%8D%B8,
SAPHIR(サフィール),1,ファッション,連絡候補,,A: 国内の第三者が2社以上で扱っている,規模未確認（大きい可能性あり）,JAN45/49／メーカー名日本語,なし,Prime Avenue（プライムアベニュー） / ハンズＡｍａｚｏｎ店,2,2,634,B08XJP7VK1,[サフィール] 革製品 革靴 手入れ セット レザークリーム 革 クリーム クリーナー 革ジャン 革財布 バック 靴磨き,https://www.amazon.co.jp/dp/B08XJP7VK1,https://www.google.com/search?q=SAPHIR%28%E3%82%B5%E3%83%95%E3%82%A3%E3%83%BC%E3%83%AB%29%20%E4%BC%9A%E7%A4%BE%E6%A6%82%E8%A6%81%20%E5%95%8F%E3%81%84%E5%90%88%E3%82%8F%E3%81%9B%20%E5%8D%B8,
SUN-S(サンエス),1,産業・研究開発用品,連絡候補,,A: 国内の第三者が2社以上で扱っている,中小の見込み（手判定）,manufacturer日本語／メーカー名日本語,なし,ユニフォームさかした / 【年中無休】【24時間営業】【迅速配送】ナガシマ本舗,2,2,702,B082NKNDXS,サンエス【RD9010H】空調風神服用 斜めハイパワーファン2個セット／オリジナルステッカー付,https://www.amazon.co.jp/dp/B082NKNDXS,https://www.google.com/search?q=SUN-S%28%E3%82%B5%E3%83%B3%E3%82%A8%E3%82%B9%29%20%E4%BC%9A%E7%A4%BE%E6%A6%82%E8%A6%81%20%E5%95%8F%E3%81%84%E5%90%88%E3%82%8F%E3%81%9B%20%E5%8D%B8,
Shot Navi,1,スポーツ＆アウトドア,連絡候補,,A: 国内の第三者が2社以上で扱っている,中小の見込み（手判定）,JAN45/49,なし,遊遊スポーツ / サイバーベイ / ゴルフダイジェスト・オンライン(GDO),5,6,9697,B0D7PLFSTC,Shot Navi(ショットナビ) Evolve SE ゴルフ GPSナビ 腕時計型 マルチ測位対応 PGA推薦 競技利,https://www.amazon.co.jp/dp/B0D7PLFSTC,https://www.google.com/search?q=Shot%20Navi%20%E4%BC%9A%E7%A4%BE%E6%A6%82%E8%A6%81%20%E5%95%8F%E3%81%84%E5%90%88%E3%82%8F%E3%81%9B%20%E5%8D%B8,
Sunday Pets,1,ペット用品,連絡候補,,A: 国内の第三者が2社以上で扱っている,規模未確認,manufacturer日本語,なし,ティーズマルシェ / ペットショップ ジパング / コロポックル商会,3,3,1205,B09Y7ZS348,サンデーペッツジェントルベイク キングサーモン with トライプ　1.3kg Sunday Pets グレインフリー,https://www.amazon.co.jp/dp/B09Y7ZS348,https://www.google.com/search?q=Sunday%20Pets%20%E4%BC%9A%E7%A4%BE%E6%A6%82%E8%A6%81%20%E5%95%8F%E3%81%84%E5%90%88%E3%82%8F%E3%81%9B%20%E5%8D%B8,
TEKNOS,1,ホーム＆キッチン,連絡候補,,A: 国内の第三者が2社以上で扱っている,中小の見込み（手判定）,JAN45/49／manufacturer日本語,なし,暮らし健康ネット館 / にこよりストア,2,2,1868,B0CZ6M13PS,TEKNOS 壁掛け扇風機 壁掛け フルリモコン扇風機 30cm 5枚羽根 ホワイト IR-WF32R,https://www.amazon.co.jp/dp/B0CZ6M13PS,https://www.google.com/search?q=TEKNOS%20%E4%BC%9A%E7%A4%BE%E6%A6%82%E8%A6%81%20%E5%95%8F%E3%81%84%E5%90%88%E3%82%8F%E3%81%9B%20%E5%8D%B8,
THANKO,1,ホーム＆キッチン,連絡候補,,A: 国内の第三者が2社以上で扱っている,中小の見込み（手判定）,JAN45/49／manufacturer日本語,なし,ダイユーエイト【「在庫あり」表示の商品は祝日も発送しております-土日は休みです-】 / 1box 【当店は適格請求書発行事業者です】【抜き取り、すり替え対策中】 / コンパネ屋 アマゾン店,4,6,2237,B0D499M873,THANKO おひとりさま用超高速弁当箱炊飯器 RCKDSGSWH 白色 炊飯器 一人用 小型 1合 0.5合 弁当箱型,https://www.amazon.co.jp/dp/B0D499M873,https://www.google.com/search?q=THANKO%20%E4%BC%9A%E7%A4%BE%E6%A6%82%E8%A6%81%20%E5%95%8F%E3%81%84%E5%90%88%E3%82%8F%E3%81%9B%20%E5%8D%B8,
TRIGGERPOINT(トリガーポイント),1,スポーツ＆アウトドア,連絡候補,,A: 国内の第三者が2社以上で扱っている,規模未確認（大きい可能性あり）,メーカー名日本語,なし,メガスポーツ / エンスポータブル,2,3,1273,B079WTW9K3,【近藤千尋さん愛用ブランド】【日本正規品】 TRIGGERPOINT(トリガーポイント) グリッドボール 直径13cm ,https://www.amazon.co.jp/dp/B079WTW9K3,https://www.google.com/search?q=TRIGGERPOINT%28%E3%83%88%E3%83%AA%E3%82%AC%E3%83%BC%E3%83%9D%E3%82%A4%E3%83%B3%E3%83%88%29%20%E4%BC%9A%E7%A4%BE%E6%A6%82%E8%A6%81%20%E5%95%8F%E3%81%84%E5%90%88%E3%82%8F%E3%81%9B%20%E5%8D%B8,
TTJJ,1,大型家電,連絡候補,,A: 国内の第三者が2社以上で扱っている,規模未確認,JAN45/49,なし,JianFeng(ジャーフー) / 楽しい毎日 / 栄社,3,3,6282,B0B3JCJRM2,冷蔵庫ミニ冷蔵庫薬の冷蔵容量30リットル省エネ 静音 ポータブル 化粧品 保温・保冷庫 小型冷蔵庫 ミニ飲料クーラーワイ,https://www.amazon.co.jp/dp/B0B3JCJRM2,https://www.google.com/search?q=TTJJ%20%E4%BC%9A%E7%A4%BE%E6%A6%82%E8%A6%81%20%E5%95%8F%E3%81%84%E5%90%88%E3%82%8F%E3%81%9B%20%E5%8D%B8,
Teenage Engineering,1,楽器・音響機器,連絡候補,,A: 国内の第三者が2社以上で扱っている,中小の見込み（手判定）,JAN45/49,なし,ミュージックランドKEY WEST オンラインストア / 島村楽器 / アウル・ビジョン 株式会社,3,3,7802,B079CDC882,Teenage Engineering PO-33 ko ポケットシンセサイザー ポータブル 音楽制作,https://www.amazon.co.jp/dp/B079CDC882,https://www.google.com/search?q=Teenage%20Engineering%20%E4%BC%9A%E7%A4%BE%E6%A6%82%E8%A6%81%20%E5%95%8F%E3%81%84%E5%90%88%E3%82%8F%E3%81%9B%20%E5%8D%B8,
Thomson,1,DIY・工具・ガーデン,連絡候補,,A: 国内の第三者が2社以上で扱っている,規模未確認,JAN45/49／manufacturer日本語,なし,セキチュー / ティーズマルシェ,2,3,1189,B0989F94DS,トムソン グリホトップ41 5L,https://www.amazon.co.jp/dp/B0989F94DS,https://www.google.com/search?q=Thomson%20%E4%BC%9A%E7%A4%BE%E6%A6%82%E8%A6%81%20%E5%95%8F%E3%81%84%E5%90%88%E3%82%8F%E3%81%9B%20%E5%8D%B8,
Trijicon(トリジコン),1,ホビー,連絡候補,,A: 国内の第三者が2社以上で扱っている,規模未確認（大きい可能性あり）,メーカー名日本語,なし,YKEYTPアウトドアギヤ,1,4,1505,B00XIUU5ZY,Trijicon RMRタイプ サイド操作 レフレックスダットサイト BK [並行輸入品],https://www.amazon.co.jp/dp/B00XIUU5ZY,https://www.google.com/search?q=Trijicon%28%E3%83%88%E3%83%AA%E3%82%B8%E3%82%B3%E3%83%B3%29%20%E4%BC%9A%E7%A4%BE%E6%A6%82%E8%A6%81%20%E5%95%8F%E3%81%84%E5%90%88%E3%82%8F%E3%81%9B%20%E5%8D%B8,
USAYAMA,1,ペット用品,連絡候補,,A: 国内の第三者が2社以上で扱っている,規模未確認,JAN45/49／manufacturer日本語／日本法人格,なし,うらわオンライン / charm（チャーム） | 総合ペットショップ,2,2,223,B0C4KL11L7,サイリウムパウダー １００ｇ ボトルタイプ 犬猫用,https://www.amazon.co.jp/dp/B0C4KL11L7,https://www.google.com/search?q=USAYAMA%20%E4%BC%9A%E7%A4%BE%E6%A6%82%E8%A6%81%20%E5%95%8F%E3%81%84%E5%90%88%E3%82%8F%E3%81%9B%20%E5%8D%B8,
Vitantonio (ビタントニオ),1,ホーム＆キッチン,連絡候補,,A: 国内の第三者が2社以上で扱っている,規模未確認（大きい可能性あり）,JAN45/49／manufacturer日本語／メーカー名日本語,なし,びっくり！House (土日祝日は休み) / ホッチポッチ自由が丘WEB SHOP / Townland 設置工事なし 商品のみ 賞味期限がある商品はコンディションをご確認の上購入願います,3,4,3551,B0CG42YR5D,[ ビタントニオ 公式 ] ワッフル＆ホットサンドベーカー VWH-600-K（ ホットサンドメーカー 電気 ワッフル ,https://www.amazon.co.jp/dp/B0CG42YR5D,https://www.google.com/search?q=Vitantonio%20%28%E3%83%93%E3%82%BF%E3%83%B3%E3%83%88%E3%83%8B%E3%82%AA%29%20%E4%BC%9A%E7%A4%BE%E6%A6%82%E8%A6%81%20%E5%95%8F%E3%81%84%E5%90%88%E3%82%8F%E3%81%9B%20%E5%8D%B8,
Winning,1,スポーツ＆アウトドア,連絡候補,,A: 国内の第三者が2社以上で扱っている,中小の見込み（手判定）,JAN45/49／manufacturer日本語,なし,RYH ad (適格請求書発行事業者) / ボクシング・格闘技用品専門店 コウダイ / powerpit【適格請求書発行事業者】,5,5,686,B00DGN4T0U,【Winning/ウイニング】　練習用バンデージ　伸縮タイプ,https://www.amazon.co.jp/dp/B00DGN4T0U,https://www.google.com/search?q=Winning%20%E4%BC%9A%E7%A4%BE%E6%A6%82%E8%A6%81%20%E5%95%8F%E3%81%84%E5%90%88%E3%82%8F%E3%81%9B%20%E5%8D%B8,
Xvive,1,楽器・音響機器,連絡候補,,A: 国内の第三者が2社以上で扱っている,中小の見込み（手判定）,manufacturer日本語,なし,株式会社ピアノプラザ / ツカモトガッキ / ベータミュージック,4,4,10942,B0822485S7,XVIVE エックスバイブ U4R インイヤーモニター ワイヤレスシステム(レシーバーのみ) XV-U4R,https://www.amazon.co.jp/dp/B0822485S7,https://www.google.com/search?q=Xvive%20%E4%BC%9A%E7%A4%BE%E6%A6%82%E8%A6%81%20%E5%95%8F%E3%81%84%E5%90%88%E3%82%8F%E3%81%9B%20%E5%8D%B8,
aurochs,1,DIY・工具・ガーデン,連絡候補,,A: 国内の第三者が2社以上で扱っている,規模未確認,JAN45/49,なし,エスネット ストアー,1,2,1314,B08GLJTL9J,aurochs 極薄刃 ニッパー 片刃 精密 プラモデル専用 プラスチック 工具 プラモデル 模型 ゲートカット （グレ,https://www.amazon.co.jp/dp/B08GLJTL9J,https://www.google.com/search?q=aurochs%20%E4%BC%9A%E7%A4%BE%E6%A6%82%E8%A6%81%20%E5%95%8F%E3%81%84%E5%90%88%E3%82%8F%E3%81%9B%20%E5%8D%B8,
euclid,1,産業・研究開発用品,連絡候補,,A: 国内の第三者が2社以上で扱っている,規模未確認,JAN45/49,なし,㈱NEXURISE -インボイス発行事業者- / 安心価格のライブラ / [インボイス対応]☆★わんぱく堂★☆[返金保証あり],3,3,816,B01J0K0EWY,euclid 業務用 超強力 消臭剤 【 尿臭 便臭 死臭 腐敗臭 無香 除菌 】 1個 (x 1),https://www.amazon.co.jp/dp/B01J0K0EWY,https://www.google.com/search?q=euclid%20%E4%BC%9A%E7%A4%BE%E6%A6%82%E8%A6%81%20%E5%95%8F%E3%81%84%E5%90%88%E3%82%8F%E3%81%9B%20%E5%8D%B8,
naef,1,ベビー＆マタニティ,連絡候補,,A: 国内の第三者が2社以上で扱っている,中小の見込み（手判定）,manufacturer日本語,なし,木のおもちゃ専門店　こどもの木【正規品取扱店】(since1995) / グランデ　アマゾン店 / 木のおもちゃ おっぽろっぽ,5,5,1837,B0028JR72A,ネフ社　リングリィリング（naef Ringli-ring）,https://www.amazon.co.jp/dp/B0028JR72A,https://www.google.com/search?q=naef%20%E4%BC%9A%E7%A4%BE%E6%A6%82%E8%A6%81%20%E5%95%8F%E3%81%84%E5%90%88%E3%82%8F%E3%81%9B%20%E5%8D%B8,
récolte,1,ホーム＆キッチン,連絡候補,,A: 国内の第三者が2社以上で扱っている,規模未確認（大きい可能性あり）,JAN45/49／manufacturer日本語／日本法人格,なし,インテリア＆雑貨のショップ　plywood（プライウッド） / lenient store (インボイス発行事業者) / ホッチポッチ自由が丘WEB SHOP,4,4,4690,B0FRD5RQ53,［日本正規品］recolte コードレスカプセルカッターボンヌ フードプロセッサー コードレス 電動 1台8役 氷も砕け,https://www.amazon.co.jp/dp/B0FRD5RQ53,https://www.google.com/search?q=r%C3%A9colte%20%E4%BC%9A%E7%A4%BE%E6%A6%82%E8%A6%81%20%E5%95%8F%E3%81%84%E5%90%88%E3%82%8F%E3%81%9B%20%E5%8D%B8,
うちのこエレクトリック,1,ペット用品,連絡候補,,A: 国内の第三者が2社以上で扱っている,規模未確認,JAN45/49／manufacturer日本語／メーカー名日本語／日本法人格,なし,保証付で安心のアクセスライン（Accessline）,1,2,10136,B0C2BYWYVB,【獣医師監修】 うちのこエレクトリック カリカリマシーンV2C Plus スマホ連動 自動給餌器 猫 犬用 遠隔操作 見,https://www.amazon.co.jp/dp/B0C2BYWYVB,https://www.google.com/search?q=%E3%81%86%E3%81%A1%E3%81%AE%E3%81%93%E3%82%A8%E3%83%AC%E3%82%AF%E3%83%88%E3%83%AA%E3%83%83%E3%82%AF%20%E4%BC%9A%E7%A4%BE%E6%A6%82%E8%A6%81%20%E5%95%8F%E3%81%84%E5%90%88%E3%82%8F%E3%81%9B%20%E5%8D%B8,
からからつみき(KARAKARATSUMIKI),1,おもちゃ,連絡候補,,A: 国内の第三者が2社以上で扱っている,中小の見込み（手判定）,JAN45/49／メーカー名日本語,なし,IRODORI Heart（イロドリハート） / キャラメルカフェ(株)２点購入で5％OFF（対象商品）,2,2,2967,B07PQRBV8V,からからつみき 木製 積み木 ギフト 知育玩具 モンテッソーリ | 240ピース 日本製 宮崎県産杉100%使用 無塗装,https://www.amazon.co.jp/dp/B07PQRBV8V,https://www.google.com/search?q=%E3%81%8B%E3%82%89%E3%81%8B%E3%82%89%E3%81%A4%E3%81%BF%E3%81%8D%28KARAKARATSUMIKI%29%20%E4%BC%9A%E7%A4%BE%E6%A6%82%E8%A6%81%20%E5%95%8F%E3%81%84%E5%90%88%E3%82%8F%E3%81%9B%20%E5%8D%B8,
たのつく,1,おもちゃ,連絡候補,,A: 国内の第三者が2社以上で扱っている,規模未確認,manufacturer日本語／メーカー名日本語／日本法人格,なし,株式会社サンワ / わいわいショップ【本店】 / 手作り工房　遊,4,4,447,B0035P3IL0,自由工作に最適！楽しく作って・楽しく貯金（ちょっ金ハウス）,https://www.amazon.co.jp/dp/B0035P3IL0,https://www.google.com/search?q=%E3%81%9F%E3%81%AE%E3%81%A4%E3%81%8F%20%E4%BC%9A%E7%A4%BE%E6%A6%82%E8%A6%81%20%E5%95%8F%E3%81%84%E5%90%88%E3%82%8F%E3%81%9B%20%E5%8D%B8,
ぼん家具,1,ベビー＆マタニティ,連絡候補,,A: 国内の第三者が2社以上で扱っている,中小の見込み（手判定）,メーカー名日本語,なし,吉田のショップ,1,4,2040,B07BSWGT7C,アップリカ 専用カートリッジ 〔専用カセット6個セット〕 ニオイポイ におわなくてポイ おむつ処理,https://www.amazon.co.jp/dp/B07BSWGT7C,https://www.google.com/search?q=%E3%81%BC%E3%82%93%E5%AE%B6%E5%85%B7%20%E4%BC%9A%E7%A4%BE%E6%A6%82%E8%A6%81%20%E5%95%8F%E3%81%84%E5%90%88%E3%82%8F%E3%81%9B%20%E5%8D%B8,
アイアップ,1,おもちゃ,連絡候補,,A: 国内の第三者が2社以上で扱っている,中小の見込み（手判定）,JAN45/49／manufacturer日本語／メーカー名日本語,なし,らっきーどりーむ / ホビーマーケット通販センター【適格請求書発行事業者】,2,3,1575,B01FXIRHC2,アイアップ OH!寿司ゲーム マルチカラー,https://www.amazon.co.jp/dp/B01FXIRHC2,https://www.google.com/search?q=%E3%82%A2%E3%82%A4%E3%82%A2%E3%83%83%E3%83%97%20%E4%BC%9A%E7%A4%BE%E6%A6%82%E8%A6%81%20%E5%95%8F%E3%81%84%E5%90%88%E3%82%8F%E3%81%9B%20%E5%8D%B8,
アイサポモバイル,1,家電＆カメラ,連絡候補,,A: 国内の第三者が2社以上で扱っている,規模未確認,manufacturer日本語／メーカー名日本語／日本法人格,なし,アーパス / スローワーク /インボイス登録番号：T7010001233500 / D-Park【株式会社デジタルパーク インボイス対応/適格事業者】,4,5,1053,B0DQC4LNLQ,【日本通信SIM】音声対応：合理的（シンプル290プラン、みんなのプラン、50GBプラン、他）またはデータ通信専用：（ネ,https://www.amazon.co.jp/dp/B0DQC4LNLQ,https://www.google.com/search?q=%E3%82%A2%E3%82%A4%E3%82%B5%E3%83%9D%E3%83%A2%E3%83%90%E3%82%A4%E3%83%AB%20%E4%BC%9A%E7%A4%BE%E6%A6%82%E8%A6%81%20%E5%95%8F%E3%81%84%E5%90%88%E3%82%8F%E3%81%9B%20%E5%8D%B8,
アイホン,1,DIY・工具・ガーデン,連絡候補,,A: 国内の第三者が2社以上で扱っている,規模未確認（大きい可能性あり）,JAN45/49／manufacturer日本語／メーカー名日本語,なし,住まいるライト / 【適格請求書発行事業者】匠屋 / アクティブダイレクト,3,5,6183,B07TH669Q7,アイホン インターホン ドアホン テレビドアホン カメラ付き玄関子機 モニター付き親機 わかりやすい画面表示 カメラレン,https://www.amazon.co.jp/dp/B07TH669Q7,https://www.google.com/search?q=%E3%82%A2%E3%82%A4%E3%83%9B%E3%83%B3%20%E4%BC%9A%E7%A4%BE%E6%A6%82%E8%A6%81%20%E5%95%8F%E3%81%84%E5%90%88%E3%82%8F%E3%81%9B%20%E5%8D%B8,
アガツマ(AGATSUMA),1,ホビー,連絡候補,,A: 国内の第三者が2社以上で扱っている,規模未確認（大きい可能性あり）,JAN45/49／メーカー名日本語,なし,ニキーズホーム / ツチノコShop / ラ・ポールブック (すり替え・盗難対策店舗),6,6,1748,B0FPQJXSFR,アガツマ(AGATSUMA) ラブあみ プレミアムセット【2025】（対象年齢：6歳以上）,https://www.amazon.co.jp/dp/B0FPQJXSFR,https://www.google.com/search?q=%E3%82%A2%E3%82%AC%E3%83%84%E3%83%9E%28AGATSUMA%29%20%E4%BC%9A%E7%A4%BE%E6%A6%82%E8%A6%81%20%E5%95%8F%E3%81%84%E5%90%88%E3%82%8F%E3%81%9B%20%E5%8D%B8,
アストロプロダクツ,1,DIY・工具・ガーデン,連絡候補,,A: 国内の第三者が2社以上で扱っている,規模未確認（大きい可能性あり）,manufacturer日本語／メーカー名日本語,なし,ECJOY! [創業24年インボイスT7011001061049] / イデカ(iDECA) / ミーニャ 簡易梱包、衣類ぬいぐるみ等は圧縮後発送となります,4,4,824,B07D29WS91,アストロプロダクツ AC100V ミニグラインダー | リューター ルーター カービング 削る 磨く 切削 研磨,https://www.amazon.co.jp/dp/B07D29WS91,https://www.google.com/search?q=%E3%82%A2%E3%82%B9%E3%83%88%E3%83%AD%E3%83%97%E3%83%AD%E3%83%80%E3%82%AF%E3%83%84%20%E4%BC%9A%E7%A4%BE%E6%A6%82%E8%A6%81%20%E5%95%8F%E3%81%84%E5%90%88%E3%82%8F%E3%81%9B%20%E5%8D%B8,
アニマル・ワン,1,ペット用品,連絡候補,,A: 国内の第三者が2社以上で扱っている,中小の見込み（手判定）,manufacturer日本語／メーカー名日本語,なし,リトルフィールド / ハローハローショップ / 量り売り最安モール,4,6,2262,B084H7YXYT,アニマル・ワン 犬の雑穀ごはん ライト シニア用 チキン 2020年リニューアル版 1.6kg x 2袋,https://www.amazon.co.jp/dp/B084H7YXYT,https://www.google.com/search?q=%E3%82%A2%E3%83%8B%E3%83%9E%E3%83%AB%E3%83%BB%E3%83%AF%E3%83%B3%20%E4%BC%9A%E7%A4%BE%E6%A6%82%E8%A6%81%20%E5%95%8F%E3%81%84%E5%90%88%E3%82%8F%E3%81%9B%20%E5%8D%B8,
アルインコ(Alinco),1,スポーツ＆アウトドア,連絡候補,,A: 国内の第三者が2社以上で扱っている,規模未確認（大きい可能性あり）,JAN45/49／メーカー名日本語,なし,ヒロセ ネットショップ,1,2,616,B07V8RGCFM,アルインコ(ALINCO) エクササイズクッション WBN126,https://www.amazon.co.jp/dp/B07V8RGCFM,https://www.google.com/search?q=%E3%82%A2%E3%83%AB%E3%82%A4%E3%83%B3%E3%82%B3%28Alinco%29%20%E4%BC%9A%E7%A4%BE%E6%A6%82%E8%A6%81%20%E5%95%8F%E3%81%84%E5%90%88%E3%82%8F%E3%81%9B%20%E5%8D%B8,
アーテック(artec),1,おもちゃ,連絡候補,,A: 国内の第三者が2社以上で扱っている,規模未確認（大きい可能性あり）,JAN45/49／メーカー名日本語,なし,A1 ショップ【3300円以上で全国送料無料】※一部送料無料もございます / POCCHI（ポッチ）簡易梱包、衣類ぬいぐるみ等は圧縮後発送 / ディーライズ【新品】（すり替え・抜き取り対策実施中）,7,7,1222,B0DPZRSTG5,アーテック キッズミニピアノ 75535,https://www.amazon.co.jp/dp/B0DPZRSTG5,https://www.google.com/search?q=%E3%82%A2%E3%83%BC%E3%83%86%E3%83%83%E3%82%AF%28artec%29%20%E4%BC%9A%E7%A4%BE%E6%A6%82%E8%A6%81%20%E5%95%8F%E3%81%84%E5%90%88%E3%82%8F%E3%81%9B%20%E5%8D%B8,
イージースタンド,1,大型家電,連絡候補,,A: 国内の第三者が2社以上で扱っている,規模未確認,manufacturer日本語／メーカー名日本語,なし,家づくりと工具のお店 家ファン！ / スダ商会（水周り用品のプロショップ） / 株式会社テクノテック,4,4,4172,B004XY6V02,洗濯機台 かさ上げ用 イージースタンド (一般用/高さ105mm) Ｄ105,https://www.amazon.co.jp/dp/B004XY6V02,https://www.google.com/search?q=%E3%82%A4%E3%83%BC%E3%82%B8%E3%83%BC%E3%82%B9%E3%82%BF%E3%83%B3%E3%83%89%20%E4%BC%9A%E7%A4%BE%E6%A6%82%E8%A6%81%20%E5%95%8F%E3%81%84%E5%90%88%E3%82%8F%E3%81%9B%20%E5%8D%B8,
イースター,1,ペット用品,連絡候補,,A: 国内の第三者が2社以上で扱っている,規模未確認（大きい可能性あり）,JAN45/49／manufacturer日本語／メーカー名日本語,なし,ONEBEST1+【インボイス発行事業者】 / マペット【3500円以上送料無料】 / 暮らし健康ネット館,5,6,1882,B0030IK0IQ,イースター フェレットセレクション シニア 3.5Kg,https://www.amazon.co.jp/dp/B0030IK0IQ,https://www.google.com/search?q=%E3%82%A4%E3%83%BC%E3%82%B9%E3%82%BF%E3%83%BC%20%E4%BC%9A%E7%A4%BE%E6%A6%82%E8%A6%81%20%E5%95%8F%E3%81%84%E5%90%88%E3%82%8F%E3%81%9B%20%E5%8D%B8,
ウエスト(West),1,産業・研究開発用品,連絡候補,,A: 国内の第三者が2社以上で扱っている,規模未確認,manufacturer日本語／メーカー名日本語,なし,家づくりと工具のお店 家ファン！ / 管材屋ドットコム / かんだ！,5,5,2165,B007TIPRKO,ウエスト 【ユニ結露防止テープ】 空調設備等で威力を発揮する吸水力業務用結露対策テープ。ホワイト HE005-ARC,https://www.amazon.co.jp/dp/B007TIPRKO,https://www.google.com/search?q=%E3%82%A6%E3%82%A8%E3%82%B9%E3%83%88%28West%29%20%E4%BC%9A%E7%A4%BE%E6%A6%82%E8%A6%81%20%E5%95%8F%E3%81%84%E5%90%88%E3%82%8F%E3%81%9B%20%E5%8D%B8,
ウッディプッディ(Woodypuddy),1,おもちゃ,連絡候補,,A: 国内の第三者が2社以上で扱っている,中小の見込み（手判定）,JAN45/49／メーカー名日本語,なし,EMBL(エンブル)《適格請求書発行事業者登録済》 / 美鳩商会(ミハトショウカイ)適格請求書発行事業者,2,2,2049,B07NN9Z9C8,ウッディプッディ(Woodypuddy) サラダセット,https://www.amazon.co.jp/dp/B07NN9Z9C8,https://www.google.com/search?q=%E3%82%A6%E3%83%83%E3%83%87%E3%82%A3%E3%83%97%E3%83%83%E3%83%87%E3%82%A3%28Woodypuddy%29%20%E4%BC%9A%E7%A4%BE%E6%A6%82%E8%A6%81%20%E5%95%8F%E3%81%84%E5%90%88%E3%82%8F%E3%81%9B%20%E5%8D%B8,
エジソン(EDISON),1,ベビー＆マタニティ,連絡候補,,A: 国内の第三者が2社以上で扱っている,中小の見込み（手判定）,JAN45/49／manufacturer日本語／メーカー名日本語,なし,ケイジェイシー / ベルニコ ダイレクトショップ / プチ・ママ,4,4,311,B0DPX41RG4,WOW CUP baby 【逆さにしても倒してもこぼれにくい】 360°どこからでも飲める トレーニングマグ ベビーマグ,https://www.amazon.co.jp/dp/B0DPX41RG4,https://www.google.com/search?q=%E3%82%A8%E3%82%B8%E3%82%BD%E3%83%B3%28EDISON%29%20%E4%BC%9A%E7%A4%BE%E6%A6%82%E8%A6%81%20%E5%95%8F%E3%81%84%E5%90%88%E3%82%8F%E3%81%9B%20%E5%8D%B8,
エーペックス(Apex),1,ホビー,連絡候補,,A: 国内の第三者が2社以上で扱っている,規模未確認,メーカー名日本語,なし,つきよみ / KaniHobby販売 / 168商店,4,5,8646,B0DJ8FQDP6,ブルーアーカイブ イロハ 1/7スケール PVC&ABS製 塗装済み完成品フィギュア,https://www.amazon.co.jp/dp/B0DJ8FQDP6,https://www.google.com/search?q=%E3%82%A8%E3%83%BC%E3%83%9A%E3%83%83%E3%82%AF%E3%82%B9%28Apex%29%20%E4%BC%9A%E7%A4%BE%E6%A6%82%E8%A6%81%20%E5%95%8F%E3%81%84%E5%90%88%E3%82%8F%E3%81%9B%20%E5%8D%B8,
オウルテック,1,パソコン・周辺機器,連絡候補,,A: 国内の第三者が2社以上で扱っている,中小の見込み（手判定）,JAN45/49／manufacturer日本語／メーカー名日本語,なし,ミーニャ 簡易梱包、衣類ぬいぐるみ等は圧縮後発送となります / ECJOY! [創業24年インボイスT7011001061049],2,2,677,B0B5FWS7J7,オウルテック ライトニングケーブル 巻取り式 両引きタイプ データ転送 480Mbps MFi認証取得 軽量 コンパクト,https://www.amazon.co.jp/dp/B0B5FWS7J7,https://www.google.com/search?q=%E3%82%AA%E3%82%A6%E3%83%AB%E3%83%86%E3%83%83%E3%82%AF%20%E4%BC%9A%E7%A4%BE%E6%A6%82%E8%A6%81%20%E5%95%8F%E3%81%84%E5%90%88%E3%82%8F%E3%81%9B%20%E5%8D%B8,
カモ井加工紙,1,DIY・工具・ガーデン,連絡候補,,A: 国内の第三者が2社以上で扱っている,規模未確認（大きい可能性あり）,JAN45/49／manufacturer日本語／メーカー名日本語,なし,GARDENINA（ガーデニーナ） / buckteeth【株式会社バックティース】インボイス対応済 / むさしのメディアセンタ,3,4,3461,B08V4SFL59,虫取り上手 強力粘着捕虫シート 黄色 20枚入×6個,https://www.amazon.co.jp/dp/B08V4SFL59,https://www.google.com/search?q=%E3%82%AB%E3%83%A2%E4%BA%95%E5%8A%A0%E5%B7%A5%E7%B4%99%20%E4%BC%9A%E7%A4%BE%E6%A6%82%E8%A6%81%20%E5%95%8F%E3%81%84%E5%90%88%E3%82%8F%E3%81%9B%20%E5%8D%B8,
キャットアイ(CAT EYE),1,スポーツ＆アウトドア,連絡候補,,A: 国内の第三者が2社以上で扱っている,規模未確認（大きい可能性あり）,メーカー名日本語,なし,"PAXPROJECT（商品は実在庫です。） / SISｵﾝﾗｲﾝ(日祝休)■簡易包装■ / 『FKD商会』全商品国内正規輸入代理店より仕入れ ※総額9,900円で送料無料",5,5,989,B0DTN7TH48,キャットアイ(CAT EYE) 自転車用LEDライト AMPP200（200ルーメン） USB充電式 最大13時間点灯 ,https://www.amazon.co.jp/dp/B0DTN7TH48,https://www.google.com/search?q=%E3%82%AD%E3%83%A3%E3%83%83%E3%83%88%E3%82%A2%E3%82%A4%28CAT%20EYE%29%20%E4%BC%9A%E7%A4%BE%E6%A6%82%E8%A6%81%20%E5%95%8F%E3%81%84%E5%90%88%E3%82%8F%E3%81%9B%20%E5%8D%B8,
キャロムショット,1,DIY・工具・ガーデン,連絡候補,,A: 国内の第三者が2社以上で扱っている,中小の見込み（手判定）,JAN45/49／manufacturer日本語／メーカー名日本語,なし,HBLT ハイグレース / ホビーエクスプレス / ミリタリーベース,5,6,796,B002G29YHU,キャロムショット モデルガン用スプレー塗料 ブラックスチール(黒鉄色) 容量:300ml,https://www.amazon.co.jp/dp/B002G29YHU,https://www.google.com/search?q=%E3%82%AD%E3%83%A3%E3%83%AD%E3%83%A0%E3%82%B7%E3%83%A7%E3%83%83%E3%83%88%20%E4%BC%9A%E7%A4%BE%E6%A6%82%E8%A6%81%20%E5%95%8F%E3%81%84%E5%90%88%E3%82%8F%E3%81%9B%20%E5%8D%B8,
クリアストーン(Clearstone),1,ホビー,連絡候補,,A: 国内の第三者が2社以上で扱っている,中小の見込み（手判定）,JAN45/49／メーカー名日本語,なし,株式会社クリアストーン / ブックマーケティング(ご注文確定前に表示の到着予定日をご確認下さい、ご注文後のキャンセルご遠慮下さい,2,2,3076,B0CLP97GMD,クリアストーン(Clearstone) コスプレ ハロウィン 金色将軍 ユニセックス ゴールド,https://www.amazon.co.jp/dp/B0CLP97GMD,https://www.google.com/search?q=%E3%82%AF%E3%83%AA%E3%82%A2%E3%82%B9%E3%83%88%E3%83%BC%E3%83%B3%28Clearstone%29%20%E4%BC%9A%E7%A4%BE%E6%A6%82%E8%A6%81%20%E5%95%8F%E3%81%84%E5%90%88%E3%82%8F%E3%81%9B%20%E5%8D%B8,
クロノス,1,おもちゃ,連絡候補,,A: 国内の第三者が2社以上で扱っている,規模未確認,JAN45/49／manufacturer日本語／メーカー名日本語,なし,ティーズマルシェ / KTAライジングストア(適格請求書発行事業者) / パズルショップトリト,5,6,1124,B07BFR1NB8,ドメモ(DOMEMO)木製タイル版/クロノス/アレックス・ランドルフ,https://www.amazon.co.jp/dp/B07BFR1NB8,https://www.google.com/search?q=%E3%82%AF%E3%83%AD%E3%83%8E%E3%82%B9%20%E4%BC%9A%E7%A4%BE%E6%A6%82%E8%A6%81%20%E5%95%8F%E3%81%84%E5%90%88%E3%82%8F%E3%81%9B%20%E5%8D%B8,
コニーエレクトロニクスサービス,1,楽器・音響機器,連絡候補,,A: 国内の第三者が2社以上で扱っている,中小の見込み（手判定）,JAN45/49／manufacturer日本語／メーカー名日本語,なし,セキュリティ王（インボイス対応） / mplus（エムプラス） / HDCトータルプロショップ【インボイス対応納品書を同封します】,5,5,11297,B0758TZ8D9,スタンダード コンクリートマイク MW-25,https://www.amazon.co.jp/dp/B0758TZ8D9,https://www.google.com/search?q=%E3%82%B3%E3%83%8B%E3%83%BC%E3%82%A8%E3%83%AC%E3%82%AF%E3%83%88%E3%83%AD%E3%83%8B%E3%82%AF%E3%82%B9%E3%82%B5%E3%83%BC%E3%83%93%E3%82%B9%20%E4%BC%9A%E7%A4%BE%E6%A6%82%E8%A6%81%20%E5%95%8F%E3%81%84%E5%90%88%E3%82%8F%E3%81%9B%20%E5%8D%B8,
コミネ(KOMINE),1,産業・研究開発用品,連絡候補,,A: 国内の第三者が2社以上で扱っている,規模未確認（大きい可能性あり）,JAN45/49／メーカー名日本語,なし,モトメガネ（運営元：パークアップ） / ヒロチー商事 / バイクパーツRGM,3,4,2740,B0FDKB6GJH,コミネ(KOMINE) ペルチェ素子ウェアラブル ブレインクーラー Black Free 00-923 KK-923 熱,https://www.amazon.co.jp/dp/B0FDKB6GJH,https://www.google.com/search?q=%E3%82%B3%E3%83%9F%E3%83%8D%28KOMINE%29%20%E4%BC%9A%E7%A4%BE%E6%A6%82%E8%A6%81%20%E5%95%8F%E3%81%84%E5%90%88%E3%82%8F%E3%81%9B%20%E5%8D%B8,
コモライフ,1,DIY・工具・ガーデン,連絡候補,,A: 国内の第三者が2社以上で扱っている,中小の見込み（手判定）,JAN45/49／manufacturer日本語／メーカー名日本語,なし,通販奉行 / A1 ショップ【3300円以上で全国送料無料】※一部送料無料もございます,2,2,544,B09QSJ4MQ1,コモライフ サッと使える緊急携帯トイレ 18回分 600cc 非常用トイレ 簡易 携帯 トイレ 防災 男女兼用 凝固剤,https://www.amazon.co.jp/dp/B09QSJ4MQ1,https://www.google.com/search?q=%E3%82%B3%E3%83%A2%E3%83%A9%E3%82%A4%E3%83%95%20%E4%BC%9A%E7%A4%BE%E6%A6%82%E8%A6%81%20%E5%95%8F%E3%81%84%E5%90%88%E3%82%8F%E3%81%9B%20%E5%8D%B8,
コロコロ堂,1,おもちゃ,連絡候補,,A: 国内の第三者が2社以上で扱っている,規模未確認,JAN45/49／manufacturer日本語／メーカー名日本語,なし,ミーニャ 簡易梱包、衣類ぬいぐるみ等は圧縮後発送となります / ボードゲームカフェ7Gold / ウォーハンマー&ホビーのお店 ホビーストア モデルシステムズ,3,3,1852,B0FW5D5SF8,コロコロ堂 ナショナルエコノミー ボードゲーム｜1-4人用 30～45分 12才以上向け｜国産経済ゲームの金字塔。三部作,https://www.amazon.co.jp/dp/B0FW5D5SF8,https://www.google.com/search?q=%E3%82%B3%E3%83%AD%E3%82%B3%E3%83%AD%E5%A0%82%20%E4%BC%9A%E7%A4%BE%E6%A6%82%E8%A6%81%20%E5%95%8F%E3%81%84%E5%90%88%E3%82%8F%E3%81%9B%20%E5%8D%B8,
コンフィデンス,1,ペット用品,連絡候補,,A: 国内の第三者が2社以上で扱っている,規模未確認,JAN45/49／manufacturer日本語／メーカー名日本語,なし,ペット犬猫療法食動物病院【適格請求書発行事業者】 / ドッグワールド / T.K.S.-HOUSE【すり替え抜き取り対策強化中】,5,5,1109,B00C149CE8,コンフィデンス 3kg袋 ラビットフード,https://www.amazon.co.jp/dp/B00C149CE8,https://www.google.com/search?q=%E3%82%B3%E3%83%B3%E3%83%95%E3%82%A3%E3%83%87%E3%83%B3%E3%82%B9%20%E4%BC%9A%E7%A4%BE%E6%A6%82%E8%A6%81%20%E5%95%8F%E3%81%84%E5%90%88%E3%82%8F%E3%81%9B%20%E5%8D%B8,
シュワルベ(SCHWALBE),1,スポーツ＆アウトドア,連絡候補,,A: 国内の第三者が2社以上で扱っている,規模未確認（大きい可能性あり）,メーカー名日本語,なし,ジテンシャデポ / KKPLオンライン / Link LLC(適格請求書発行事業者),4,5,576,B075LY4S1F,2本セット SCHWALBE(シュワルベ) 700x18/28c 仏式バルブ 40mm SV15 [並行輸入品],https://www.amazon.co.jp/dp/B075LY4S1F,https://www.google.com/search?q=%E3%82%B7%E3%83%A5%E3%83%AF%E3%83%AB%E3%83%99%28SCHWALBE%29%20%E4%BC%9A%E7%A4%BE%E6%A6%82%E8%A6%81%20%E5%95%8F%E3%81%84%E5%90%88%E3%82%8F%E3%81%9B%20%E5%8D%B8,
ショウエイ(Shoei),1,車＆バイク,連絡候補,,A: 国内の第三者が2社以上で扱っている,規模未確認（大きい可能性あり）,JAN45/49／メーカー名日本語,なし,実乃屋（適格請求書発行事業者） / 能登家 / モトキチ,3,5,1687,B0BJPC47YZ,ショウエイ(SHOEI) 4512048574390 定形外郵便 SHOEI DRYLENS 301 クリア ピンロック,https://www.amazon.co.jp/dp/B0BJPC47YZ,https://www.google.com/search?q=%E3%82%B7%E3%83%A7%E3%82%A6%E3%82%A8%E3%82%A4%28Shoei%29%20%E4%BC%9A%E7%A4%BE%E6%A6%82%E8%A6%81%20%E5%95%8F%E3%81%84%E5%90%88%E3%82%8F%E3%81%9B%20%E5%8D%B8,
シーラケース,1,ペット用品,連絡候補,,A: 国内の第三者が2社以上で扱っている,中小の見込み（手判定）,manufacturer日本語／メーカー名日本語,なし,【メーカー正規品】Tezos インボイス発行事業者-365日・24時間注文 / ペットグッズ・りりあ / 有限会社ドルクスダンケ,3,3,760,B01AQHA5ZQ,シーラケース シーラ箱 （標準）昆虫標本用品標本箱,https://www.amazon.co.jp/dp/B01AQHA5ZQ,https://www.google.com/search?q=%E3%82%B7%E3%83%BC%E3%83%A9%E3%82%B1%E3%83%BC%E3%82%B9%20%E4%BC%9A%E7%A4%BE%E6%A6%82%E8%A6%81%20%E5%95%8F%E3%81%84%E5%90%88%E3%82%8F%E3%81%9B%20%E5%8D%B8,
ジクラ (Zicra),1,ペット用品,連絡候補,,A: 国内の第三者が2社以上で扱っている,中小の見込み（手判定）,JAN45/49／メーカー名日本語,なし,ホームセンタートックリ / FIT INN【インボイス発行事業者】 / ペットグッズ・りりあ,5,5,2094,B07FFJWNK1,ジクラ フクロモモンガ専用フード オッティモ１５ １０００ｇ,https://www.amazon.co.jp/dp/B07FFJWNK1,https://www.google.com/search?q=%E3%82%B8%E3%82%AF%E3%83%A9%20%28Zicra%29%20%E4%BC%9A%E7%A4%BE%E6%A6%82%E8%A6%81%20%E5%95%8F%E3%81%84%E5%90%88%E3%82%8F%E3%81%9B%20%E5%8D%B8,
スズキ機工(Suzuki Kikoh),1,車＆バイク,連絡候補,,A: 国内の第三者が2社以上で扱っている,中小の見込み（手判定）,manufacturer日本語／メーカー名日本語,なし,エーエム・トレード / HPMストア,2,4,2487,B08K8Q8CJ6,スズキ機工 ベルハンマーセブン 330ml 2本セット[エンジンオイル添加剤/自動車],https://www.amazon.co.jp/dp/B08K8Q8CJ6,https://www.google.com/search?q=%E3%82%B9%E3%82%BA%E3%82%AD%E6%A9%9F%E5%B7%A5%28Suzuki%20Kikoh%29%20%E4%BC%9A%E7%A4%BE%E6%A6%82%E8%A6%81%20%E5%95%8F%E3%81%84%E5%90%88%E3%82%8F%E3%81%9B%20%E5%8D%B8,
ストレート(STRAIGHT),1,車＆バイク,連絡候補,,A: 国内の第三者が2社以上で扱っている,中小の見込み（手判定）,メーカー名日本語,なし,【365日年中無休】三方良しEC事業部 / 姫路カメラ（インボイス対応済み） / 近江屋＠ｎｅｔ本店【親切丁寧♪迅速発送♪】,4,5,744,B008KGS4HC,(STRAIGHT/ストレート) ブルーマジック メタルポリッシュクリーム 550g BM500 36-0500,https://www.amazon.co.jp/dp/B008KGS4HC,https://www.google.com/search?q=%E3%82%B9%E3%83%88%E3%83%AC%E3%83%BC%E3%83%88%28STRAIGHT%29%20%E4%BC%9A%E7%A4%BE%E6%A6%82%E8%A6%81%20%E5%95%8F%E3%81%84%E5%90%88%E3%82%8F%E3%81%9B%20%E5%8D%B8,
セルスター(CELLSTAR),1,車＆バイク,連絡候補,,A: 国内の第三者が2社以上で扱っている,規模未確認（大きい可能性あり）,JAN45/49／メーカー名日本語,なし,オートワーク：新品/正規品のみ販売・適格請求書発行事業者（T6011601016452） / リアンオブジェット / ヒロセ ネットショップ,3,3,6037,B0B74X8PKF,セルスター レーザー光対応&GPSレーダー探知機 AR-37LC 一体型 18バンド ゾーン30対応 OBDII対応 3,https://www.amazon.co.jp/dp/B0B74X8PKF,https://www.google.com/search?q=%E3%82%BB%E3%83%AB%E3%82%B9%E3%82%BF%E3%83%BC%28CELLSTAR%29%20%E4%BC%9A%E7%A4%BE%E6%A6%82%E8%A6%81%20%E5%95%8F%E3%81%84%E5%90%88%E3%82%8F%E3%81%9B%20%E5%8D%B8,
ソフトーク,1,産業・研究開発用品,連絡候補,,A: 国内の第三者が2社以上で扱っている,中小の見込み（手判定）,JAN45/49／manufacturer日本語／メーカー名日本語,なし,■マケプレお急ぎ便■メディール【段ボール再利用発送あり】 / アクアショップ【マケプレお急ぎ便対応】 / 坂の上の果実こうしん,5,5,568,B084WNCM42,ユニ・チャーム ソフトーク 超立体マスク ふつう 100枚 2箱セット,https://www.amazon.co.jp/dp/B084WNCM42,https://www.google.com/search?q=%E3%82%BD%E3%83%95%E3%83%88%E3%83%BC%E3%82%AF%20%E4%BC%9A%E7%A4%BE%E6%A6%82%E8%A6%81%20%E5%95%8F%E3%81%84%E5%90%88%E3%82%8F%E3%81%9B%20%E5%8D%B8,
タイガーゴム,1,おもちゃ,連絡候補,,A: 国内の第三者が2社以上で扱っている,中小の見込み（手判定）,JAN45/49／manufacturer日本語／メーカー名日本語,なし,フェスティバルプラザ / おもちゃの三洋堂 (土日祝日休業),2,2,249,B0D9WH6KDY,【縁日 景品 水ヨーヨーセット】水ヨーヨー クリップ付き 100個 セット ヨーヨーすくい ヨーヨー釣り 夏祭り【Fes,https://www.amazon.co.jp/dp/B0D9WH6KDY,https://www.google.com/search?q=%E3%82%BF%E3%82%A4%E3%82%AC%E3%83%BC%E3%82%B4%E3%83%A0%20%E4%BC%9A%E7%A4%BE%E6%A6%82%E8%A6%81%20%E5%95%8F%E3%81%84%E5%90%88%E3%82%8F%E3%81%9B%20%E5%8D%B8,
タカラ産業,1,DIY・工具・ガーデン,連絡候補,,A: 国内の第三者が2社以上で扱っている,中小の見込み（手判定）,JAN45/49／manufacturer日本語／メーカー名日本語,なし,ティーアップ / ティーナエアコン,2,2,2000,B0GMLMR6YN,タカラ産業 ウェーブルーバー（WAVE LOUVER） 室外機カバー SLK85 マグネット式 幅調整可能,https://www.amazon.co.jp/dp/B0GMLMR6YN,https://www.google.com/search?q=%E3%82%BF%E3%82%AB%E3%83%A9%E7%94%A3%E6%A5%AD%20%E4%BC%9A%E7%A4%BE%E6%A6%82%E8%A6%81%20%E5%95%8F%E3%81%84%E5%90%88%E3%82%8F%E3%81%9B%20%E5%8D%B8,
テスコム,1,ペット用品,連絡候補,,A: 国内の第三者が2社以上で扱っている,規模未確認（大きい可能性あり）,JAN45/49／メーカー名日本語,なし,E-mono市場 / 笑顔の四葉商事 EC店,2,3,5639,B0DNJGZ64V,テスコム ペット用バリカン グルーミング掃除機 6in1 多機能ペット掃除機 犬 猫 掃除機 換毛期対策 ホワイト PE,https://www.amazon.co.jp/dp/B0DNJGZ64V,https://www.google.com/search?q=%E3%83%86%E3%82%B9%E3%82%B3%E3%83%A0%20%E4%BC%9A%E7%A4%BE%E6%A6%82%E8%A6%81%20%E5%95%8F%E3%81%84%E5%90%88%E3%82%8F%E3%81%9B%20%E5%8D%B8,
トキワ商事,1,おもちゃ,連絡候補,,A: 国内の第三者が2社以上で扱っている,中小の見込み（手判定）,JAN45/49／manufacturer日本語／メーカー名日本語,なし,サクラエール / おもちゃの三洋堂 (土日祝日休業),2,2,585,B0993CSLG9,【タイガーキャット】トキワ商事 スーパーボール ミックス 18mm (まとめ買い・500入),https://www.amazon.co.jp/dp/B0993CSLG9,https://www.google.com/search?q=%E3%83%88%E3%82%AD%E3%83%AF%E5%95%86%E4%BA%8B%20%E4%BC%9A%E7%A4%BE%E6%A6%82%E8%A6%81%20%E5%95%8F%E3%81%84%E5%90%88%E3%82%8F%E3%81%9B%20%E5%8D%B8,
ドギーマン,1,ペット用品,連絡候補,,A: 国内の第三者が2社以上で扱っている,規模未確認（大きい可能性あり）,manufacturer日本語／メーカー名日本語,なし,イグザゴール（インボイスはストアページに記載） / 伊東商事 / アーリーオンラインストア,3,5,1675,B0CG66VC96,ドギーマン 犬用おやつ 無添加良品 アキレススティック 20g 【×10袋】,https://www.amazon.co.jp/dp/B0CG66VC96,https://www.google.com/search?q=%E3%83%89%E3%82%AE%E3%83%BC%E3%83%9E%E3%83%B3%20%E4%BC%9A%E7%A4%BE%E6%A6%82%E8%A6%81%20%E5%95%8F%E3%81%84%E5%90%88%E3%82%8F%E3%81%9B%20%E5%8D%B8,
ニチネン(Nitinen),1,産業・研究開発用品,連絡候補,,A: 国内の第三者が2社以上で扱っている,中小の見込み（手判定）,JAN45/49／manufacturer日本語／メーカー名日本語,なし,ティーズマルシェ / 朝日屋セトモノ店/三方よしをもっとうに頑張っております。,2,4,3591,B004X02T6G,業務用食器洗浄機用リンス剤 マイアルファドライ 5㎏,https://www.amazon.co.jp/dp/B004X02T6G,https://www.google.com/search?q=%E3%83%8B%E3%83%81%E3%83%8D%E3%83%B3%28Nitinen%29%20%E4%BC%9A%E7%A4%BE%E6%A6%82%E8%A6%81%20%E5%95%8F%E3%81%84%E5%90%88%E3%82%8F%E3%81%9B%20%E5%8D%B8,
ハイメス,1,おもちゃ,連絡候補,,A: 国内の第三者が2社以上で扱っている,規模未確認,manufacturer日本語／メーカー名日本語,なし,Eすたいる / グランデ　アマゾン店 / ティーズマルシェ,5,5,331,B002LZU2SW,HEIMESS スピニングトップ ウィズ パール G736220 0歳から回せるコマ,https://www.amazon.co.jp/dp/B002LZU2SW,https://www.google.com/search?q=%E3%83%8F%E3%82%A4%E3%83%A1%E3%82%B9%20%E4%BC%9A%E7%A4%BE%E6%A6%82%E8%A6%81%20%E5%95%8F%E3%81%84%E5%90%88%E3%82%8F%E3%81%9B%20%E5%8D%B8,
ハピラ(Hapila),1,文房具・オフィス用品,連絡候補,,A: 国内の第三者が2社以上で扱っている,中小の見込み（手判定）,JAN45/49／manufacturer日本語／メーカー名日本語／日本法人格,なし,株式会社ハピラ,1,3,207,B0DCGB1SBY,ハピラ 色紙ファイル 20ポケット 大容量 20枚収納 ケース付き 色紙収納 クリアファイル ポケットファイル 大色紙用,https://www.amazon.co.jp/dp/B0DCGB1SBY,https://www.google.com/search?q=%E3%83%8F%E3%83%94%E3%83%A9%28Hapila%29%20%E4%BC%9A%E7%A4%BE%E6%A6%82%E8%A6%81%20%E5%95%8F%E3%81%84%E5%90%88%E3%82%8F%E3%81%9B%20%E5%8D%B8,
バイクハンド(Bike Hand),1,スポーツ＆アウトドア,連絡候補,,A: 国内の第三者が2社以上で扱っている,中小の見込み（手判定）,メーカー名日本語,なし,バイクキング,1,2,288,B0BMWQ9MZM,BIKE HAND 自転車 ペダルレンチ 高トルク 15mm対応 プロフェッショナル 工具（YC-163L）,https://www.amazon.co.jp/dp/B0BMWQ9MZM,https://www.google.com/search?q=%E3%83%90%E3%82%A4%E3%82%AF%E3%83%8F%E3%83%B3%E3%83%89%28Bike%20Hand%29%20%E4%BC%9A%E7%A4%BE%E6%A6%82%E8%A6%81%20%E5%95%8F%E3%81%84%E5%90%88%E3%82%8F%E3%81%9B%20%E5%8D%B8,
パワーブリーズ(POWER BREATHE),1,スポーツ＆アウトドア,連絡候補,,A: 国内の第三者が2社以上で扱っている,規模未確認,メーカー名日本語,なし,U-STREAM 日本流通自主管理協会（AACD）加盟店,1,2,4761,B0BY84LRVB,パワーブリーズ POWERbreathe PLUS 呼吸筋トレーニング器具 パワーブリーズプラス Medium Resi,https://www.amazon.co.jp/dp/B0BY84LRVB,https://www.google.com/search?q=%E3%83%91%E3%83%AF%E3%83%BC%E3%83%96%E3%83%AA%E3%83%BC%E3%82%BA%28POWER%20BREATHE%29%20%E4%BC%9A%E7%A4%BE%E6%A6%82%E8%A6%81%20%E5%95%8F%E3%81%84%E5%90%88%E3%82%8F%E3%81%9B%20%E5%8D%B8,
ピットワーク(Pitwork),1,車＆バイク,連絡候補,,A: 国内の第三者が2社以上で扱っている,規模未確認（大きい可能性あり）,メーカー名日本語,なし,プロジェクトエム 【インボイス対応事業者】業歴14年 安心の国内法人運営ストア 適確請求書発行事業者 / エブリプラス「インボイス登録事業者」適格請求書対応〇 / ワンダーショップハピネス,5,5,1176,B00MXVAZVI,PITWORK(ピットワーク) エアコン エバポレーター洗浄・抗菌剤 効果12カ月 180ml KA401-18090,https://www.amazon.co.jp/dp/B00MXVAZVI,https://www.google.com/search?q=%E3%83%94%E3%83%83%E3%83%88%E3%83%AF%E3%83%BC%E3%82%AF%28Pitwork%29%20%E4%BC%9A%E7%A4%BE%E6%A6%82%E8%A6%81%20%E5%95%8F%E3%81%84%E5%90%88%E3%82%8F%E3%81%9B%20%E5%8D%B8,
ピークデザイン,1,家電＆カメラ,連絡候補,,A: 国内の第三者が2社以上で扱っている,規模未確認（大きい可能性あり）,manufacturer日本語／メーカー名日本語,なし,銀一株式会社,1,2,8374,B07818LB9D,【国内正規品】PeakDesign ピークデザイン キャプチャー ブラック CP-BK-3,https://www.amazon.co.jp/dp/B07818LB9D,https://www.google.com/search?q=%E3%83%94%E3%83%BC%E3%82%AF%E3%83%87%E3%82%B6%E3%82%A4%E3%83%B3%20%E4%BC%9A%E7%A4%BE%E6%A6%82%E8%A6%81%20%E5%95%8F%E3%81%84%E5%90%88%E3%82%8F%E3%81%9B%20%E5%8D%B8,
フィッティ,1,産業・研究開発用品,連絡候補,,A: 国内の第三者が2社以上で扱っている,中小の見込み（手判定）,JAN45/49／manufacturer日本語／メーカー名日本語,なし,Fitty【公式】タマケアショップ / life smile【くらしドラッグ】 / 株式会社ウェルビー【適格請求書発行事業者】,3,3,617,B0FK4Q3RMV,[フィッティ] Fitty うるおいマスク シルキータッチ やや大きめ (不織布/プリーツ) 15セット×2箱 加湿マス,https://www.amazon.co.jp/dp/B0FK4Q3RMV,https://www.google.com/search?q=%E3%83%95%E3%82%A3%E3%83%83%E3%83%86%E3%82%A3%20%E4%BC%9A%E7%A4%BE%E6%A6%82%E8%A6%81%20%E5%95%8F%E3%81%84%E5%90%88%E3%82%8F%E3%81%9B%20%E5%8D%B8,
フィード,1,ホーム＆キッチン,連絡候補,,A: 国内の第三者が2社以上で扱っている,中小の見込み（手判定）,manufacturer日本語／メーカー名日本語,なし,歯科専売品のハニコ / パッケージセンター,2,2,2883,B0CMZPNN16,業務用 紙コップ 無地 3000個 5オンス(150cc) ケース販売 ペーパーカップ 冷水専用 ホワイト 業務用 うが,https://www.amazon.co.jp/dp/B0CMZPNN16,https://www.google.com/search?q=%E3%83%95%E3%82%A3%E3%83%BC%E3%83%89%20%E4%BC%9A%E7%A4%BE%E6%A6%82%E8%A6%81%20%E5%95%8F%E3%81%84%E5%90%88%E3%82%8F%E3%81%9B%20%E5%8D%B8,
フシマン,1,車＆バイク,連絡候補,,A: 国内の第三者が2社以上で扱っている,中小の見込み（手判定）,JAN45/49／メーカー名日本語,なし,株式会社WEST / くるまの部品屋さんつばめ / クリーズオンライン [適格請求書発行事業者],5,5,4720,B00WFUY1W6,プロフェッショナルA/Cリークストップ エアコンガス漏れ止め剤 サービス缶タイプ R-134a専用,https://www.amazon.co.jp/dp/B00WFUY1W6,https://www.google.com/search?q=%E3%83%95%E3%82%B7%E3%83%9E%E3%83%B3%20%E4%BC%9A%E7%A4%BE%E6%A6%82%E8%A6%81%20%E5%95%8F%E3%81%84%E5%90%88%E3%82%8F%E3%81%9B%20%E5%8D%B8,
フジクリーン,1,DIY・工具・ガーデン,連絡候補,,A: 国内の第三者が2社以上で扱っている,規模未確認（大きい可能性あり）,manufacturer日本語／メーカー名日本語,なし,DMCアマゾン店 平日14時（土日祝12時）まで当日発送 / AQUA LEGEND(エアーポンプ・アクア用品専門店)在庫あり商品は14時までの注文で即日発送! / 株式会社 大谷錦鯉店,3,4,8773,B00VUCJ8QY,フジクリーン(旧マルカ) 浄化槽ブロワ 60L/min EcoMAC60 (MAC60N　MAC60R後継機種),https://www.amazon.co.jp/dp/B00VUCJ8QY,https://www.google.com/search?q=%E3%83%95%E3%82%B8%E3%82%AF%E3%83%AA%E3%83%BC%E3%83%B3%20%E4%BC%9A%E7%A4%BE%E6%A6%82%E8%A6%81%20%E5%95%8F%E3%81%84%E5%90%88%E3%82%8F%E3%81%9B%20%E5%8D%B8,
ブリーダーズ・ファーム,1,ペット用品,連絡候補,,A: 国内の第三者が2社以上で扱っている,中小の見込み（手判定）,manufacturer日本語／メーカー名日本語,なし,ティーズマルシェ / ペットグッズ・りりあ,2,2,33,B09L1JWGWC,【2袋セット】ブリーダーズ・ファーム 濃厚タンパクゼリー エッグ 16g×100個（1600g） 昆虫、フクロモモンガ、,https://www.amazon.co.jp/dp/B09L1JWGWC,https://www.google.com/search?q=%E3%83%96%E3%83%AA%E3%83%BC%E3%83%80%E3%83%BC%E3%82%BA%E3%83%BB%E3%83%95%E3%82%A1%E3%83%BC%E3%83%A0%20%E4%BC%9A%E7%A4%BE%E6%A6%82%E8%A6%81%20%E5%95%8F%E3%81%84%E5%90%88%E3%82%8F%E3%81%9B%20%E5%8D%B8,
ブレイン(BRAIN),1,家電＆カメラ,連絡候補,,A: 国内の第三者が2社以上で扱っている,中小の見込み（手判定）,JAN45/49／メーカー名日本語,なし,いろは168 / A1 ショップ【3300円以上で全国送料無料】※一部送料無料もございます,2,2,547,B0GHXBGWXF,ブレイン 【SGS認証取得！ 国内JIS燃焼試験合格！】モバイルバッテリー耐火ケース （サイズ：約13.5×18cm）B,https://www.amazon.co.jp/dp/B0GHXBGWXF,https://www.google.com/search?q=%E3%83%96%E3%83%AC%E3%82%A4%E3%83%B3%28BRAIN%29%20%E4%BC%9A%E7%A4%BE%E6%A6%82%E8%A6%81%20%E5%95%8F%E3%81%84%E5%90%88%E3%82%8F%E3%81%9B%20%E5%8D%B8,
プリンストン,1,パソコン・周辺機器,連絡候補,,A: 国内の第三者が2社以上で扱っている,中小の見込み（手判定）,JAN45/49／manufacturer日本語／メーカー名日本語,なし,【売り切りセール中】きたさんショップ / ヒットライン[適格請求書発行事業者登録済] / ムラウチドットコム【適格請求書発行事業者登録済・年中無休で土日祝も営業中】,3,3,12077,B0FSCLPZ8F,プリンストン microSD Expressカード (512GB) Nintendo Switch 2 動作確認済み 読,https://www.amazon.co.jp/dp/B0FSCLPZ8F,https://www.google.com/search?q=%E3%83%97%E3%83%AA%E3%83%B3%E3%82%B9%E3%83%88%E3%83%B3%20%E4%BC%9A%E7%A4%BE%E6%A6%82%E8%A6%81%20%E5%95%8F%E3%81%84%E5%90%88%E3%82%8F%E3%81%9B%20%E5%8D%B8,
プロクソン(PROXXON),1,DIY・工具・ガーデン,連絡候補,,A: 国内の第三者が2社以上で扱っている,規模未確認（大きい可能性あり）,JAN45/49／メーカー名日本語,なし,「暮らし館」イマジネット [インボイス T4-8109-0155-9610] / 島屋DIY・プロ建材の専門店 / TOOLS ONLINE SHOP【インボイス対応/適格事業者】,5,6,7058,B0020B5TU8,プロクソン(PROXXON) ミニルーターセット MM100 No.28525-S,https://www.amazon.co.jp/dp/B0020B5TU8,https://www.google.com/search?q=%E3%83%97%E3%83%AD%E3%82%AF%E3%82%BD%E3%83%B3%28PROXXON%29%20%E4%BC%9A%E7%A4%BE%E6%A6%82%E8%A6%81%20%E5%95%8F%E3%81%84%E5%90%88%E3%82%8F%E3%81%9B%20%E5%8D%B8,
ヘリノックス(Helinox),1,スポーツ＆アウトドア,連絡候補,,A: 国内の第三者が2社以上で扱っている,規模未確認（大きい可能性あり）,メーカー名日本語,なし,Outdoor Style サンデーマウンテン / GLAGH(グラフ) / ウィンズ&クロスキャンパー,5,6,7423,B079LTVK36,ヘリノックス(Helinox) アウトドア イス グラウンドチェア クラウドバースト(CLBT) 1822229,https://www.amazon.co.jp/dp/B079LTVK36,https://www.google.com/search?q=%E3%83%98%E3%83%AA%E3%83%8E%E3%83%83%E3%82%AF%E3%82%B9%28Helinox%29%20%E4%BC%9A%E7%A4%BE%E6%A6%82%E8%A6%81%20%E5%95%8F%E3%81%84%E5%90%88%E3%82%8F%E3%81%9B%20%E5%8D%B8,
ペットラインプロバラ,1,ペット用品,連絡候補,,A: 国内の第三者が2社以上で扱っている,規模未確認（大きい可能性あり）,JAN45/49／manufacturer日本語／メーカー名日本語,なし,犬想い / 株式会社プレミアムエクスプライス / ペット用品ラフラフ,3,3,1239,B01LX4WJYU,ペットラインプロバラ プロフェッショナルバランス 超小粒 1歳から 成犬用 2.4kg,https://www.amazon.co.jp/dp/B01LX4WJYU,https://www.google.com/search?q=%E3%83%9A%E3%83%83%E3%83%88%E3%83%A9%E3%82%A4%E3%83%B3%E3%83%97%E3%83%AD%E3%83%90%E3%83%A9%20%E4%BC%9A%E7%A4%BE%E6%A6%82%E8%A6%81%20%E5%95%8F%E3%81%84%E5%90%88%E3%82%8F%E3%81%9B%20%E5%8D%B8,
ホビージャパン(HobbyJAPAN),1,おもちゃ,連絡候補,,A: 国内の第三者が2社以上で扱っている,規模未確認（大きい可能性あり）,JAN45/49／メーカー名日本語,なし,おもちゃのマツダ / オンライン2nd,2,2,1229,B019SZ30BI,ホビージャパン(HobbyJAPAN) コードネーム 日本語版,https://www.amazon.co.jp/dp/B019SZ30BI,https://www.google.com/search?q=%E3%83%9B%E3%83%93%E3%83%BC%E3%82%B8%E3%83%A3%E3%83%91%E3%83%B3%28HobbyJAPAN%29%20%E4%BC%9A%E7%A4%BE%E6%A6%82%E8%A6%81%20%E5%95%8F%E3%81%84%E5%90%88%E3%82%8F%E3%81%9B%20%E5%8D%B8,
マイヤー(Meyer),1,ホーム＆キッチン,連絡候補,,A: 国内の第三者が2社以上で扱っている,規模未確認（大きい可能性あり）,JAN45/49／メーカー名日本語,なし,LUPIYOKO（ルピヨコ） / クロスローズ【適格請求書発行事業者】,2,2,1939,B0DQCKVLPT,マイヤー(Meyer) フライパンプレス RED 18cm,https://www.amazon.co.jp/dp/B0DQCKVLPT,https://www.google.com/search?q=%E3%83%9E%E3%82%A4%E3%83%A4%E3%83%BC%28Meyer%29%20%E4%BC%9A%E7%A4%BE%E6%A6%82%E8%A6%81%20%E5%95%8F%E3%81%84%E5%90%88%E3%82%8F%E3%81%9B%20%E5%8D%B8,
マクサー電機,1,家電＆カメラ,連絡候補,,A: 国内の第三者が2社以上で扱っている,中小の見込み（手判定）,JAN45/49／メーカー名日本語,なし,甲陽電産 / ｔｓロード（インボイス登録店） / セント・エスポワール販売,4,4,638,B001C3P054,CD/DVD/BD硬質コーティング剤 MTO-158,https://www.amazon.co.jp/dp/B001C3P054,https://www.google.com/search?q=%E3%83%9E%E3%82%AF%E3%82%B5%E3%83%BC%E9%9B%BB%E6%A9%9F%20%E4%BC%9A%E7%A4%BE%E6%A6%82%E8%A6%81%20%E5%95%8F%E3%81%84%E5%90%88%E3%82%8F%E3%81%9B%20%E5%8D%B8,
マグパチ,1,ホビー,連絡候補,,A: 国内の第三者が2社以上で扱っている,規模未確認,JAN45/49／メーカー名日本語,なし,トライテック オンラインストア / 株式会社あうる,2,2,4573,B01MFEVCVJ,日本製 トライテックのトレース台 トレビュアー LED A4 薄型 8mm 7段階調光可 A4-500,https://www.amazon.co.jp/dp/B01MFEVCVJ,https://www.google.com/search?q=%E3%83%9E%E3%82%B0%E3%83%91%E3%83%81%20%E4%BC%9A%E7%A4%BE%E6%A6%82%E8%A6%81%20%E5%95%8F%E3%81%84%E5%90%88%E3%82%8F%E3%81%9B%20%E5%8D%B8,
マックスファクトリー(Max Factory),1,ホビー,連絡候補,,A: 国内の第三者が2社以上で扱っている,中小の見込み（手判定）,JAN45/49／manufacturer日本語／メーカー名日本語,なし,ホビーの宮蔵（みやくら）★土日祝日は発送を休止致します / 新水戸ホビーショップ「安心フィギュアを買うなら、新水戸ホビーショップ」 / グリンワールド大阪支店,4,6,5676,B0GL8G9QVX,マックスファクトリー[Max Factory] PLAMAX バニースーツ プランニング BP-03 ソフィア・F・シャ,https://www.amazon.co.jp/dp/B0GL8G9QVX,https://www.google.com/search?q=%E3%83%9E%E3%83%83%E3%82%AF%E3%82%B9%E3%83%95%E3%82%A1%E3%82%AF%E3%83%88%E3%83%AA%E3%83%BC%28Max%20Factory%29%20%E4%BC%9A%E7%A4%BE%E6%A6%82%E8%A6%81%20%E5%95%8F%E3%81%84%E5%90%88%E3%82%8F%E3%81%9B%20%E5%8D%B8,
マツヨシ,1,産業・研究開発用品,連絡候補,,A: 国内の第三者が2社以上で扱っている,中小の見込み（手判定）,JAN45/49／メーカー名日本語,なし,グリングリンストア / ミッピーナ / 🇫【年中無休】健康美容用品専門店Frontrunner,4,5,237,B076WSCNLF,視力表 ランドルト 3m + 遮眼子 セット,https://www.amazon.co.jp/dp/B076WSCNLF,https://www.google.com/search?q=%E3%83%9E%E3%83%84%E3%83%A8%E3%82%B7%20%E4%BC%9A%E7%A4%BE%E6%A6%82%E8%A6%81%20%E5%95%8F%E3%81%84%E5%90%88%E3%82%8F%E3%81%9B%20%E5%8D%B8,
マンフロット(Manfrotto),1,家電＆カメラ,連絡候補,,A: 国内の第三者が2社以上で扱っている,規模未確認（大きい可能性あり）,メーカー名日本語,なし,輸入専門R-import shop / ☆ショップANNIE☆,2,5,3688,B07K6GHL24,Manfrotto (マンフロット) ユニバーサルスマートフォンクランプ Pro Version (MCPIXI) ミニ,https://www.amazon.co.jp/dp/B07K6GHL24,https://www.google.com/search?q=%E3%83%9E%E3%83%B3%E3%83%95%E3%83%AD%E3%83%83%E3%83%88%28Manfrotto%29%20%E4%BC%9A%E7%A4%BE%E6%A6%82%E8%A6%81%20%E5%95%8F%E3%81%84%E5%90%88%E3%82%8F%E3%81%9B%20%E5%8D%B8,
マーナ(Marna),1,ファッション,連絡候補,,A: 国内の第三者が2社以上で扱っている,中小の見込み（手判定）,JAN45/49／メーカー名日本語,なし,マーナ公式 アマゾン店,1,2,2064,B0C4X9TW9C,[マーナ] Shupatto 保冷バッグ (20L/ホワイトバーチ) シュパット 一気にたためる エコバッグ (折り畳み,https://www.amazon.co.jp/dp/B0C4X9TW9C,https://www.google.com/search?q=%E3%83%9E%E3%83%BC%E3%83%8A%28Marna%29%20%E4%BC%9A%E7%A4%BE%E6%A6%82%E8%A6%81%20%E5%95%8F%E3%81%84%E5%90%88%E3%82%8F%E3%81%9B%20%E5%8D%B8,
メグロ化学工業,1,産業・研究開発用品,連絡候補,,A: 国内の第三者が2社以上で扱っている,中小の見込み（手判定）,manufacturer日本語／メーカー名日本語,なし,カーファインプロジェクト / (有)松山整備用具センターオンラインショップ / ネットペイント,4,4,2499,B00LP4QCBG,メグロ化学工業 MEGUMIX メグミックスブラック 速乾 50ml 6０秒作業時間 完全乾燥時間60分 万能成形接着剤,https://www.amazon.co.jp/dp/B00LP4QCBG,https://www.google.com/search?q=%E3%83%A1%E3%82%B0%E3%83%AD%E5%8C%96%E5%AD%A6%E5%B7%A5%E6%A5%AD%20%E4%BC%9A%E7%A4%BE%E6%A6%82%E8%A6%81%20%E5%95%8F%E3%81%84%E5%90%88%E3%82%8F%E3%81%9B%20%E5%8D%B8,
メデラ,1,ベビー＆マタニティ,連絡候補,,A: 国内の第三者が2社以上で扱っている,規模未確認（大きい可能性あり）,manufacturer日本語／メーカー名日本語,なし,ぺこちゃネットショップ / ASAオンラインストア,2,3,9993,B095Z253G3,メデラ 搾乳機 電動 ソロ 搾乳機 (電動・シングルポンプ) 母乳育児をサポート,https://www.amazon.co.jp/dp/B095Z253G3,https://www.google.com/search?q=%E3%83%A1%E3%83%87%E3%83%A9%20%E4%BC%9A%E7%A4%BE%E6%A6%82%E8%A6%81%20%E5%95%8F%E3%81%84%E5%90%88%E3%82%8F%E3%81%9B%20%E5%8D%B8,
ユピテル(Yupiteru),1,車＆バイク,連絡候補,,A: 国内の第三者が2社以上で扱っている,規模未確認（大きい可能性あり）,JAN45/49／メーカー名日本語,なし,Yupiteruダイレクト / 適格請求書発行事業者 SUNPRO本店 / みどりベストストア,3,3,6381,B0C7QLKG1N,【新レーダー波移動オービスMSSS対応】YUPITERU ユピテル レーザー＆レーダー探知機 LS340L ワンボディタ,https://www.amazon.co.jp/dp/B0C7QLKG1N,https://www.google.com/search?q=%E3%83%A6%E3%83%94%E3%83%86%E3%83%AB%28Yupiteru%29%20%E4%BC%9A%E7%A4%BE%E6%A6%82%E8%A6%81%20%E5%95%8F%E3%81%84%E5%90%88%E3%82%8F%E3%81%9B%20%E5%8D%B8,
ライラクス(LayLax),1,ホビー,連絡候補,,A: 国内の第三者が2社以上で扱っている,中小の見込み（手判定）,JAN45/49／メーカー名日本語,なし,【土日祝も発送します】エアガンショップ FORTRESS (15時までのご注文で当日発送) / ガンプレイズワークス / 通販ショップの駿河屋,3,5,1428,B00Z8RSADO,ライラクス(LayLax) タクティカルグラス バックルタイプ TAN サバゲーゴーグル メガネ対応 両面アンチフォグ ,https://www.amazon.co.jp/dp/B00Z8RSADO,https://www.google.com/search?q=%E3%83%A9%E3%82%A4%E3%83%A9%E3%82%AF%E3%82%B9%28LayLax%29%20%E4%BC%9A%E7%A4%BE%E6%A6%82%E8%A6%81%20%E5%95%8F%E3%81%84%E5%90%88%E3%82%8F%E3%81%9B%20%E5%8D%B8,
リッチェル(Richell),1,ベビー＆マタニティ,連絡候補,,A: 国内の第三者が2社以上で扱っている,規模未確認（大きい可能性あり）,JAN45/49／manufacturer日本語／メーカー名日本語,なし,マイドラ健康プラザ(US Import Duty Covered by Seller),1,2,39,B07RTW9WLB,リッチェル(Richell) アクリア おでかけストローマグR 200 ネイビーブルー 1個 200ml 7カ月,https://www.amazon.co.jp/dp/B07RTW9WLB,https://www.google.com/search?q=%E3%83%AA%E3%83%83%E3%83%81%E3%82%A7%E3%83%AB%28Richell%29%20%E4%BC%9A%E7%A4%BE%E6%A6%82%E8%A6%81%20%E5%95%8F%E3%81%84%E5%90%88%E3%82%8F%E3%81%9B%20%E5%8D%B8,
ルミカ(Lumica),1,スポーツ＆アウトドア,連絡候補,,A: 国内の第三者が2社以上で扱っている,規模未確認（大きい可能性あり）,JAN45/49／メーカー名日本語,なし,DN E-SHOP【※掲載画像は代表画像です。問い合わせ受付時間：平日のみ 13時～17時30分】 / 釣具のFTO/フィッシングタックルオンライン / つり具おおつか宇都宮店（火曜定休・祝日は営業となります）,4,4,122,B0G1GGMV3W,ルミカ(日本化学発光) FIRE FISH 集魚ライト 水中ライトS型スイッチ グリーン,https://www.amazon.co.jp/dp/B0G1GGMV3W,https://www.google.com/search?q=%E3%83%AB%E3%83%9F%E3%82%AB%28Lumica%29%20%E4%BC%9A%E7%A4%BE%E6%A6%82%E8%A6%81%20%E5%95%8F%E3%81%84%E5%90%88%E3%82%8F%E3%81%9B%20%E5%8D%B8,
ルートアール,1,パソコン・周辺機器,連絡候補,,A: 国内の第三者が2社以上で扱っている,中小の見込み（手判定）,JAN45/49／manufacturer日本語／メーカー名日本語,なし,秋葉Direct AMZ店全品送料無料 / 株式会社コジマ,2,3,1520,B095RJYT39,ルートアール 双方向・メタル筐体・多機能表示 USB Type-C電圧・電流チェッカー （ケーブル付きモデル） RT-T,https://www.amazon.co.jp/dp/B095RJYT39,https://www.google.com/search?q=%E3%83%AB%E3%83%BC%E3%83%88%E3%82%A2%E3%83%BC%E3%83%AB%20%E4%BC%9A%E7%A4%BE%E6%A6%82%E8%A6%81%20%E5%95%8F%E3%81%84%E5%90%88%E3%82%8F%E3%81%9B%20%E5%8D%B8,
ワンラック (ONE LAC),1,ペット用品,連絡候補,,A: 国内の第三者が2社以上で扱っている,中小の見込み（手判定）,JAN45/49／manufacturer日本語／メーカー名日本語,なし,ONEBEST1+【インボイス発行事業者】 / スペシャルスペースアマゾン店 / 通販できるみんなのお薬（みんなのお薬）,5,6,1900,B08F9MJMX7,ワンラック (ONE LAC) プレミアムキャットミルク 150g×2個,https://www.amazon.co.jp/dp/B08F9MJMX7,https://www.google.com/search?q=%E3%83%AF%E3%83%B3%E3%83%A9%E3%83%83%E3%82%AF%20%28ONE%20LAC%29%20%E4%BC%9A%E7%A4%BE%E6%A6%82%E8%A6%81%20%E5%95%8F%E3%81%84%E5%90%88%E3%82%8F%E3%81%9B%20%E5%8D%B8,
ヴィータ,1,ベビー＆マタニティ,連絡候補,,A: 国内の第三者が2社以上で扱っている,規模未確認,JAN45/49／manufacturer日本語／メーカー名日本語,なし,ベルニコ ダイレクトショップ / プチ・ママ / ホッチポッチ自由が丘WEB SHOP,3,3,3155,B0D9LT397N,VITAテーブルチェア（ピスタチオクリーム） 【 子供用椅子/テーブル装着型/ベビーチェア/収納バック付き/折りたたみ/,https://www.amazon.co.jp/dp/B0D9LT397N,https://www.google.com/search?q=%E3%83%B4%E3%82%A3%E3%83%BC%E3%82%BF%20%E4%BC%9A%E7%A4%BE%E6%A6%82%E8%A6%81%20%E5%95%8F%E3%81%84%E5%90%88%E3%82%8F%E3%81%9B%20%E5%8D%B8,
三祐,1,ペット用品,連絡候補,,A: 国内の第三者が2社以上で扱っている,規模未確認,JAN45/49／manufacturer日本語／メーカー名日本語／日本法人格,なし,リベルテオンラインストア / 幸輝ショップ / ポケマート【防犯対策店】,4,4,553,B08VDNLY7D,アラスカンワイルド（天然）フリーズドライ タラ フィレ (36g),https://www.amazon.co.jp/dp/B08VDNLY7D,https://www.google.com/search?q=%E4%B8%89%E7%A5%90%20%E4%BC%9A%E7%A4%BE%E6%A6%82%E8%A6%81%20%E5%95%8F%E3%81%84%E5%90%88%E3%82%8F%E3%81%9B%20%E5%8D%B8,
三陽金属(Sanyo Metal),1,DIY・工具・ガーデン,連絡候補,,A: 国内の第三者が2社以上で扱っている,中小の見込み（手判定）,JAN45/49／manufacturer日本語／メーカー名日本語,なし,七福ツール ((株)コジマ) / ECJOY! [創業24年インボイスT7011001061049] / 道具屋さん. com,3,4,1169,B07P6H1V6R,三陽金属 日本製 水田株間 畑 除草カッター 中干しの達人 チップソー 130mm 8P 稲を守りながら稲の株間除草 草,https://www.amazon.co.jp/dp/B07P6H1V6R,https://www.google.com/search?q=%E4%B8%89%E9%99%BD%E9%87%91%E5%B1%9E%28Sanyo%20Metal%29%20%E4%BC%9A%E7%A4%BE%E6%A6%82%E8%A6%81%20%E5%95%8F%E3%81%84%E5%90%88%E3%82%8F%E3%81%9B%20%E5%8D%B8,
丸隆,1,大型家電,連絡候補,,A: 国内の第三者が2社以上で扱っている,中小の見込み（手判定）,JAN45/49／manufacturer日本語／メーカー名日本語／日本法人格,なし,ガッツ屋,1,3,1181,B0B6F392X5,丸隆 6N368トルネーダウォッシュMA864,https://www.amazon.co.jp/dp/B0B6F392X5,https://www.google.com/search?q=%E4%B8%B8%E9%9A%86%20%E4%BC%9A%E7%A4%BE%E6%A6%82%E8%A6%81%20%E5%95%8F%E3%81%84%E5%90%88%E3%82%8F%E3%81%9B%20%E5%8D%B8,
共立電気計器,1,産業・研究開発用品,連絡候補,,A: 国内の第三者が2社以上で扱っている,中小の見込み（手判定）,JAN45/49／manufacturer日本語／メーカー名日本語,セラー名に中国企業表記/ピンイン,TERUYA online shop (登録番号：T2010801007678) / (株)ファースト / Procure A（プロキュアエース）,5,6,8507,B079PKDXH6,共立電気計器 (KYORITSU) 120A RMS AC/DCクランプ付デジタルマルチメータ KEWMATE 2012,https://www.amazon.co.jp/dp/B079PKDXH6,https://www.google.com/search?q=%E5%85%B1%E7%AB%8B%E9%9B%BB%E6%B0%97%E8%A8%88%E5%99%A8%20%E4%BC%9A%E7%A4%BE%E6%A6%82%E8%A6%81%20%E5%95%8F%E3%81%84%E5%90%88%E3%82%8F%E3%81%9B%20%E5%8D%B8,
医食同源ドットコム,1,産業・研究開発用品,連絡候補,,A: 国内の第三者が2社以上で扱っている,中小の見込み（手判定）,JAN45/49／メーカー名日本語,なし,ウエルシアドットコム 【WP岡山西大寺東店西日本地域】 【WPロジプレイス八王子店東日本地域】 / ヘルスケアコヤマ（置き配希望の場合はお届け先の後にご記入ください※対象外の場合あり） / クスリのゴクウ,5,5,544,B09T2PM8ZJ,[医食同源ドットコム] iSDG【90枚 30枚入x3箱】 立体型スパンレース不織布カラーマスク SPUN MASK (,https://www.amazon.co.jp/dp/B09T2PM8ZJ,https://www.google.com/search?q=%E5%8C%BB%E9%A3%9F%E5%90%8C%E6%BA%90%E3%83%89%E3%83%83%E3%83%88%E3%82%B3%E3%83%A0%20%E4%BC%9A%E7%A4%BE%E6%A6%82%E8%A6%81%20%E5%95%8F%E3%81%84%E5%90%88%E3%82%8F%E3%81%9B%20%E5%8D%B8,
吉田製油所,1,DIY・工具・ガーデン,連絡候補,,A: 国内の第三者が2社以上で扱っている,中小の見込み（手判定）,JAN45/49／メーカー名日本語,なし,福来たる市場 2026年 / buckteeth【株式会社バックティース】インボイス対応済,2,2,4373,B00X5YK4S6,白アリミケブロック業務用400ml 白蟻駆除用木部処理用乳剤,https://www.amazon.co.jp/dp/B00X5YK4S6,https://www.google.com/search?q=%E5%90%89%E7%94%B0%E8%A3%BD%E6%B2%B9%E6%89%80%20%E4%BC%9A%E7%A4%BE%E6%A6%82%E8%A6%81%20%E5%95%8F%E3%81%84%E5%90%88%E3%82%8F%E3%81%9B%20%E5%8D%B8,
大石天狗堂(Ooishi Tengudo),1,おもちゃ,連絡候補,,A: 国内の第三者が2社以上で扱っている,中小の見込み（手判定）,manufacturer日本語／メーカー名日本語,なし,コロポックル商会,1,3,1525,B001CIQ49A,大石天狗堂(Ooishi Tengudo) 小倉百人一首 歌かるた 標準取札,https://www.amazon.co.jp/dp/B001CIQ49A,https://www.google.com/search?q=%E5%A4%A7%E7%9F%B3%E5%A4%A9%E7%8B%97%E5%A0%82%28Ooishi%20Tengudo%29%20%E4%BC%9A%E7%A4%BE%E6%A6%82%E8%A6%81%20%E5%95%8F%E3%81%84%E5%90%88%E3%82%8F%E3%81%9B%20%E5%8D%B8,
寺田ポンプ製作所,1,産業・研究開発用品,連絡候補,,A: 国内の第三者が2社以上で扱っている,中小の見込み（手判定）,JAN45/49／manufacturer日本語／メーカー名日本語／日本法人格,なし,【ミナトワークス】 / 御用待本舗 / buckteeth【株式会社バックティース】インボイス対応済,4,6,9706,B0C7QHPDGD,寺田ポンプ製作所 寺田 底水用水中ポンプ SP-150BNL 50Hz,https://www.amazon.co.jp/dp/B0C7QHPDGD,https://www.google.com/search?q=%E5%AF%BA%E7%94%B0%E3%83%9D%E3%83%B3%E3%83%97%E8%A3%BD%E4%BD%9C%E6%89%80%20%E4%BC%9A%E7%A4%BE%E6%A6%82%E8%A6%81%20%E5%95%8F%E3%81%84%E5%90%88%E3%82%8F%E3%81%9B%20%E5%8D%B8,
小川耕太郎∞百合子社,1,DIY・工具・ガーデン,連絡候補,,A: 国内の第三者が2社以上で扱っている,中小の見込み（手判定）,manufacturer日本語／メーカー名日本語／日本法人格,なし,漆庵 / World NEXT （無休・即日発送） / ヒロセ ネットショップ,3,5,640,B0058FZGKG,シックハウス対策に天然成分100％ワックス『未晒し蜜ロウワックス』/Aタイプ　100ml,https://www.amazon.co.jp/dp/B0058FZGKG,https://www.google.com/search?q=%E5%B0%8F%E5%B7%9D%E8%80%95%E5%A4%AA%E9%83%8E%E2%88%9E%E7%99%BE%E5%90%88%E5%AD%90%E7%A4%BE%20%E4%BC%9A%E7%A4%BE%E6%A6%82%E8%A6%81%20%E5%95%8F%E3%81%84%E5%90%88%E3%82%8F%E3%81%9B%20%E5%8D%B8,
岩手県木炭協会,1,スポーツ＆アウトドア,連絡候補,,A: 国内の第三者が2社以上で扱っている,中小の見込み（手判定）,manufacturer日本語／メーカー名日本語／日本法人格,なし,燃料スーパー上総屋（インボイス登録事業者） / パピルスマート / RHファクトリーEC事業部,5,5,629,B005II6RXI,岩手県木炭協会 岩手切炭、6ｋｇ、黒炭、信頼のブランド、室内使用、,https://www.amazon.co.jp/dp/B005II6RXI,https://www.google.com/search?q=%E5%B2%A9%E6%89%8B%E7%9C%8C%E6%9C%A8%E7%82%AD%E5%8D%94%E4%BC%9A%20%E4%BC%9A%E7%A4%BE%E6%A6%82%E8%A6%81%20%E5%95%8F%E3%81%84%E5%90%88%E3%82%8F%E3%81%9B%20%E5%8D%B8,
岸ゴム,1,おもちゃ,連絡候補,,A: 国内の第三者が2社以上で扱っている,中小の見込み（手判定）,JAN45/49／manufacturer日本語／メーカー名日本語,なし,【安心安全・即日配送】フロンティアShop（誠に勝手ながら問合わせはメールのみ受付けております） / [PLEASANTSショップ]K−Bright / お祭りバンク,5,6,1229,B00K1BUIYQ,ピカピカ水族館 48個入 OISNS11341,https://www.amazon.co.jp/dp/B00K1BUIYQ,https://www.google.com/search?q=%E5%B2%B8%E3%82%B4%E3%83%A0%20%E4%BC%9A%E7%A4%BE%E6%A6%82%E8%A6%81%20%E5%95%8F%E3%81%84%E5%90%88%E3%82%8F%E3%81%9B%20%E5%8D%B8,
常陸化工,1,ペット用品,連絡候補,,A: 国内の第三者が2社以上で扱っている,中小の見込み（手判定）,JAN45/49／manufacturer日本語／メーカー名日本語,なし,よろずやマルシェ / charm（チャーム） | 総合ペットショップ,2,3,2311,B072M2D7QH,常陸化工 猫砂 トイレに流せる木製猫砂 大容量タイプ 12L 4袋,https://www.amazon.co.jp/dp/B072M2D7QH,https://www.google.com/search?q=%E5%B8%B8%E9%99%B8%E5%8C%96%E5%B7%A5%20%E4%BC%9A%E7%A4%BE%E6%A6%82%E8%A6%81%20%E5%95%8F%E3%81%84%E5%90%88%E3%82%8F%E3%81%9B%20%E5%8D%B8,
快適設計IBR,1,産業・研究開発用品,連絡候補,,A: 国内の第三者が2社以上で扱っている,規模未確認,JAN45/49／manufacturer日本語／メーカー名日本語／日本法人格,なし,株式会社アイ・ビー・アール / MTI直販 /（nb）公式,2,2,529,B0DX1R9SK6,[快適設計IBR] KN95 マスク 不織布 5層 CNAS機関認証済み 旧製品「レギュラー」の新バージョン 立体構造 ,https://www.amazon.co.jp/dp/B0DX1R9SK6,https://www.google.com/search?q=%E5%BF%AB%E9%81%A9%E8%A8%AD%E8%A8%88IBR%20%E4%BC%9A%E7%A4%BE%E6%A6%82%E8%A6%81%20%E5%95%8F%E3%81%84%E5%90%88%E3%82%8F%E3%81%9B%20%E5%8D%B8,
日本電興株式会社,1,DIY・工具・ガーデン,連絡候補,,A: 国内の第三者が2社以上で扱っている,中小の見込み（手判定）,JAN45/49／manufacturer日本語／メーカー名日本語／日本法人格,なし,ひるねこ【適格請求書発行事業者】 / A1 ショップ【3300円以上で全国送料無料】※一部送料無料もございます,2,2,4093,B0CCCMPTQR,日本電興(NIHON DENKO) 日本製 ナノバブル発生装置 キッチン水栓用 (泡沫/丸型) ND-NBKS 工具不要,https://www.amazon.co.jp/dp/B0CCCMPTQR,https://www.google.com/search?q=%E6%97%A5%E6%9C%AC%E9%9B%BB%E8%88%88%E6%A0%AA%E5%BC%8F%E4%BC%9A%E7%A4%BE%20%E4%BC%9A%E7%A4%BE%E6%A6%82%E8%A6%81%20%E5%95%8F%E3%81%84%E5%90%88%E3%82%8F%E3%81%9B%20%E5%8D%B8,
柳宗理(Yanagi Sori),1,ホーム＆キッチン,連絡候補,,A: 国内の第三者が2社以上で扱っている,規模未確認（大きい可能性あり）,メーカー名日本語,なし,スタイルキッチン / リビングート / IKESHO （マイクロプレインJAPAN公式 日本で唯一の正規代理店）,4,6,3132,B0000DIJ6Z,柳宗理(Yanagi Sori) ステンレス片手鍋22cm ガス火専用 つや消し ふた付き 浅型 2.5L 注ぎやすさと,https://www.amazon.co.jp/dp/B0000DIJ6Z,https://www.google.com/search?q=%E6%9F%B3%E5%AE%97%E7%90%86%28Yanagi%20Sori%29%20%E4%BC%9A%E7%A4%BE%E6%A6%82%E8%A6%81%20%E5%95%8F%E3%81%84%E5%90%88%E3%82%8F%E3%81%9B%20%E5%8D%B8,
株式会社 山本人形,1,おもちゃ,連絡候補,,A: 国内の第三者が2社以上で扱っている,中小の見込み（手判定）,manufacturer日本語／メーカー名日本語／日本法人格,なし,お祭りバンク / おもちゃの三洋堂 (土日祝日休業) / Gプラスストア,4,5,245,B08K44HVLY,スーパーボール カラフルうんちNP24mm アソート100個入,https://www.amazon.co.jp/dp/B08K44HVLY,https://www.google.com/search?q=%E6%A0%AA%E5%BC%8F%E4%BC%9A%E7%A4%BE%20%E5%B1%B1%E6%9C%AC%E4%BA%BA%E5%BD%A2%20%E4%BC%9A%E7%A4%BE%E6%A6%82%E8%A6%81%20%E5%95%8F%E3%81%84%E5%90%88%E3%82%8F%E3%81%9B%20%E5%8D%B8,
株式会社アザレア,1,ホビー,連絡候補,,A: 国内の第三者が2社以上で扱っている,中小の見込み（手判定）,JAN45/49／manufacturer日本語／メーカー名日本語／日本法人格,なし,安全用品販売ハルワ / モデルガンショップ　チトセ浜松 / ミリタリーベース,4,4,252,B0989GCNFS,HITCALL 天然由来成分PLA配合 NM BB弾 0.2g 4000発 高精度 高真球 ウォーター研磨仕上げ採用,https://www.amazon.co.jp/dp/B0989GCNFS,https://www.google.com/search?q=%E6%A0%AA%E5%BC%8F%E4%BC%9A%E7%A4%BE%E3%82%A2%E3%82%B6%E3%83%AC%E3%82%A2%20%E4%BC%9A%E7%A4%BE%E6%A6%82%E8%A6%81%20%E5%95%8F%E3%81%84%E5%90%88%E3%82%8F%E3%81%9B%20%E5%8D%B8,
浅香工業(Asaka Kougyou),1,DIY・工具・ガーデン,連絡候補,,A: 国内の第三者が2社以上で扱っている,規模未確認（大きい可能性あり）,JAN45/49／メーカー名日本語,なし,ものうりばPlantz / 一級品の店 いっきゅう / HALLOC（ハロック）,3,3,2500,B07T72NMDG,浅香工業 ウェブホース 内径15mmx外径20mm 長さ20m 280428,https://www.amazon.co.jp/dp/B07T72NMDG,https://www.google.com/search?q=%E6%B5%85%E9%A6%99%E5%B7%A5%E6%A5%AD%28Asaka%20Kougyou%29%20%E4%BC%9A%E7%A4%BE%E6%A6%82%E8%A6%81%20%E5%95%8F%E3%81%84%E5%90%88%E3%82%8F%E3%81%9B%20%E5%8D%B8,
矢崎エナジーシステム㈱,1,DIY・工具・ガーデン,連絡候補,,A: 国内の第三者が2社以上で扱っている,規模未確認（大きい可能性あり）,manufacturer日本語／メーカー名日本語／日本法人格,なし,KNS　カネダイネットショップ / 【給湯器とガスコンロのお店】,2,3,2337,B07D97XSRP,ＹＡＺＡＫＩ 矢崎 電源コード式 都市ガス ガス警報器 日本製 YF-814 ガス漏れ 警報器 省エネ コンパクト,https://www.amazon.co.jp/dp/B07D97XSRP,https://www.google.com/search?q=%E7%9F%A2%E5%B4%8E%E3%82%A8%E3%83%8A%E3%82%B8%E3%83%BC%E3%82%B7%E3%82%B9%E3%83%86%E3%83%A0%E3%88%B1%20%E4%BC%9A%E7%A4%BE%E6%A6%82%E8%A6%81%20%E5%95%8F%E3%81%84%E5%90%88%E3%82%8F%E3%81%9B%20%E5%8D%B8,
矢崎化工(Yazaki Kako),1,DIY・工具・ガーデン,連絡候補,,A: 国内の第三者が2社以上で扱っている,規模未確認（大きい可能性あり）,manufacturer日本語／メーカー名日本語,なし,【給湯器とガスコンロのお店】,1,2,7658,B0B3SKGMJR,YAZAKI YP-778A 都市ガス用電池式ガス・CO警報器　矢崎エナジーシステム製　12A、13A ホワイト,https://www.amazon.co.jp/dp/B0B3SKGMJR,https://www.google.com/search?q=%E7%9F%A2%E5%B4%8E%E5%8C%96%E5%B7%A5%28Yazaki%20Kako%29%20%E4%BC%9A%E7%A4%BE%E6%A6%82%E8%A6%81%20%E5%95%8F%E3%81%84%E5%90%88%E3%82%8F%E3%81%9B%20%E5%8D%B8,
第一ビニール,1,DIY・工具・ガーデン,連絡候補,,A: 国内の第三者が2社以上で扱っている,中小の見込み（手判定）,JAN45/49／manufacturer日本語／メーカー名日本語,なし,ダイユーエイト【「在庫あり」表示の商品は祝日も発送しております-土日は休みです-】 / 買援隊 / 村の鍛冶屋,3,3,6485,B076M5T7CQ,DAIM 土と芝の根 どめどめシート 15cm 3m巻 12セット 花壇 土留め 根止め ガーデンエッジ,https://www.amazon.co.jp/dp/B076M5T7CQ,https://www.google.com/search?q=%E7%AC%AC%E4%B8%80%E3%83%93%E3%83%8B%E3%83%BC%E3%83%AB%20%E4%BC%9A%E7%A4%BE%E6%A6%82%E8%A6%81%20%E5%95%8F%E3%81%84%E5%90%88%E3%82%8F%E3%81%9B%20%E5%8D%B8,
自然暮らし,1,DIY・工具・ガーデン,連絡候補,,A: 国内の第三者が2社以上で扱っている,規模未確認,JAN45/49／manufacturer日本語／メーカー名日本語／日本法人格,なし,日東エフシー株式会社 / TAIYO.Co《12時までの注文で当日出荷。購入者都合返品は往復送料実費負担いただきます》 / 株式会社シャロー,3,3,722,B0FMXLFN4V,【プロ品質の万能肥料】観葉植物 水耕栽培 粉末 肥料 栄養剤 液体肥料 自然暮らし 水に溶かして速く効く粉末液肥 100,https://www.amazon.co.jp/dp/B0FMXLFN4V,https://www.google.com/search?q=%E8%87%AA%E7%84%B6%E6%9A%AE%E3%82%89%E3%81%97%20%E4%BC%9A%E7%A4%BE%E6%A6%82%E8%A6%81%20%E5%95%8F%E3%81%84%E5%90%88%E3%82%8F%E3%81%9B%20%E5%8D%B8,
近与(KONYO),1,DIY・工具・ガーデン,連絡候補,,A: 国内の第三者が2社以上で扱っている,中小の見込み（手判定）,JAN45/49／manufacturer日本語／メーカー名日本語,なし,DAISHIN工具箱 / ECJOY! [創業24年インボイスT7011001061049] / 農家のお店おてんとさん,6,6,932,B00FB91SSI,SUN UP 両口メガネレンチ 6丁組,https://www.amazon.co.jp/dp/B00FB91SSI,https://www.google.com/search?q=%E8%BF%91%E4%B8%8E%28KONYO%29%20%E4%BC%9A%E7%A4%BE%E6%A6%82%E8%A6%81%20%E5%95%8F%E3%81%84%E5%90%88%E3%82%8F%E3%81%9B%20%E5%8D%B8,
野田琺瑯(Nodahoro),1,ホーム＆キッチン,連絡候補,,A: 国内の第三者が2社以上で扱っている,中小の見込み（手判定）,JAN45/49／メーカー名日本語,なし,おしゃれcafeアマゾン店 / ECカレント / 特価COM,4,5,500,B003VIVZTS,野田琺瑯(Nodahoro) 保存容器 ホーロー 耐熱 持ち手付きストッカー 角型 レクタングル Lサイズ 密閉蓋付 ホ,https://www.amazon.co.jp/dp/B003VIVZTS,https://www.google.com/search?q=%E9%87%8E%E7%94%B0%E7%90%BA%E7%91%AF%28Nodahoro%29%20%E4%BC%9A%E7%A4%BE%E6%A6%82%E8%A6%81%20%E5%95%8F%E3%81%84%E5%90%88%E3%82%8F%E3%81%9B%20%E5%8D%B8,
鈴木ラテックス(SUZUKILATEX),1,おもちゃ,連絡候補,,A: 国内の第三者が2社以上で扱っている,中小の見込み（手判定）,メーカー名日本語,なし,めずらしや (土日祝休業) / おもちゃの三洋堂 (土日祝日休業) / もぐら本舗,3,3,114,B0016JT474,鈴木ラテックス ヨーヨーフーセンセット ポケットポンプ付き 100個入り,https://www.amazon.co.jp/dp/B0016JT474,https://www.google.com/search?q=%E9%88%B4%E6%9C%A8%E3%83%A9%E3%83%86%E3%83%83%E3%82%AF%E3%82%B9%28SUZUKILATEX%29%20%E4%BC%9A%E7%A4%BE%E6%A6%82%E8%A6%81%20%E5%95%8F%E3%81%84%E5%90%88%E3%82%8F%E3%81%9B%20%E5%8D%B8,
ＹＡＺＡＫＩ,1,DIY・工具・ガーデン,連絡候補,,A: 国内の第三者が2社以上で扱っている,規模未確認（大きい可能性あり）,manufacturer日本語／日本法人格,なし,【給湯器とガスコンロのお店】 / LIGA（EC事業部）,2,3,4167,B07VL814FP,矢崎 都市ガス ガス警報器 YP-756F 日本製 ＣＯ警報器 ガス漏れ 不完全燃焼 複合型 石膏ボード用アタッチメント,https://www.amazon.co.jp/dp/B07VL814FP,https://www.google.com/search?q=%EF%BC%B9%EF%BC%A1%EF%BC%BA%EF%BC%A1%EF%BC%AB%EF%BC%A9%20%E4%BC%9A%E7%A4%BE%E6%A6%82%E8%A6%81%20%E5%95%8F%E3%81%84%E5%90%88%E3%82%8F%E3%81%9B%20%E5%8D%B8,
RemarksJapan,5,ファッション,連絡候補,,B: 国内の第三者が1社扱っている,規模未確認,JAN45/49,なし,ONEBEST1+【インボイス発行事業者】,1,1,427,B0CKMS2KS7,【ソーラー＆電波】腕時計 メンズ 電波ソーラー腕時計 精密 防水 アウトドア 普段使い シンプル ソーラー ブラック,https://www.amazon.co.jp/dp/B0CKMS2KS7,https://www.google.com/search?q=RemarksJapan%20%E4%BC%9A%E7%A4%BE%E6%A6%82%E8%A6%81%20%E5%95%8F%E3%81%84%E5%90%88%E3%82%8F%E3%81%9B%20%E5%8D%B8,
OHAJIKI,3,車＆バイク,連絡候補,,B: 国内の第三者が1社扱っている,規模未確認,JAN45/49,なし,ゆるり生活商店,1,1,1398,B09K4254ZT,やさしい鉄粉取り 鉄粉除去剤 鉄粉クリーナー 鉄粉除去スプレー OHAJIKI ブレーキダストクリーナー 除去 洗浄 車,https://www.amazon.co.jp/dp/B09K4254ZT,https://www.google.com/search?q=OHAJIKI%20%E4%BC%9A%E7%A4%BE%E6%A6%82%E8%A6%81%20%E5%95%8F%E3%81%84%E5%90%88%E3%82%8F%E3%81%9B%20%E5%8D%B8,
サンワダイレクト,3,家電＆カメラ,連絡候補,,B: 国内の第三者が1社扱っている,規模未確認,JAN45/49／manufacturer日本語／メーカー名日本語,なし,TTT本舗,1,1,3246,B07Z5JZDPH,サンワダイレクト ネックスピーカー Bluetooth 防水 軽量 175g 連続10時間再生 通話対応 microSD,https://www.amazon.co.jp/dp/B07Z5JZDPH,https://www.google.com/search?q=%E3%82%B5%E3%83%B3%E3%83%AF%E3%83%80%E3%82%A4%E3%83%AC%E3%82%AF%E3%83%88%20%E4%BC%9A%E7%A4%BE%E6%A6%82%E8%A6%81%20%E5%95%8F%E3%81%84%E5%90%88%E3%82%8F%E3%81%9B%20%E5%8D%B8,
Azb.Studio,1,おもちゃ,連絡候補,,B: 国内の第三者が1社扱っている,規模未確認,JAN45/49,なし,ミーニャ 簡易梱包、衣類ぬいぐるみ等は圧縮後発送となります,1,1,1344,B0D2PRN22Z,Azb.Studio シンソクキネマ 〜合体映画上映祭～,https://www.amazon.co.jp/dp/B0D2PRN22Z,https://www.google.com/search?q=Azb.Studio%20%E4%BC%9A%E7%A4%BE%E6%A6%82%E8%A6%81%20%E5%95%8F%E3%81%84%E5%90%88%E3%82%8F%E3%81%9B%20%E5%8D%B8,
E-enemo,1,DIY・工具・ガーデン,連絡候補,,B: 国内の第三者が1社扱っている,規模未確認,JAN45/49,なし,SIMPS by WANSTE 『ペット・生活雑貨・ベビー』など豊富なジャンルを扱っているお店,1,1,493,B0CKYTBJHH,[E-enemo] ウールバフ 羊毛バフ 【整備士監修】 5個セットx研磨や仕上げ用に フェルトバフ (125mm),https://www.amazon.co.jp/dp/B0CKYTBJHH,https://www.google.com/search?q=E-enemo%20%E4%BC%9A%E7%A4%BE%E6%A6%82%E8%A6%81%20%E5%95%8F%E3%81%84%E5%90%88%E3%82%8F%E3%81%9B%20%E5%8D%B8,
FOSTEX,1,楽器・音響機器,連絡候補,,B: 国内の第三者が1社扱っている,規模未確認,JAN45/49,なし,株式会社コジマ,1,1,10787,B08CV215ML,FOSTEX AP15mk2,https://www.amazon.co.jp/dp/B08CV215ML,https://www.google.com/search?q=FOSTEX%20%E4%BC%9A%E7%A4%BE%E6%A6%82%E8%A6%81%20%E5%95%8F%E3%81%84%E5%90%88%E3%82%8F%E3%81%9B%20%E5%8D%B8,
Fitbit(フィットビット),1,スポーツ＆アウトドア,連絡候補,,B: 国内の第三者が1社扱っている,規模未確認（大きい可能性あり）,メーカー名日本語,なし,haruka堂インボイス登録事業者,1,1,6596,B0B75STB24,Fitbit Inspire 3 フィットネストラッカー モーニンググロウ／ブラック スマートウォッチ/iPhone対応,https://www.amazon.co.jp/dp/B0B75STB24,https://www.google.com/search?q=Fitbit%28%E3%83%95%E3%82%A3%E3%83%83%E3%83%88%E3%83%93%E3%83%83%E3%83%88%29%20%E4%BC%9A%E7%A4%BE%E6%A6%82%E8%A6%81%20%E5%95%8F%E3%81%84%E5%90%88%E3%82%8F%E3%81%9B%20%E5%8D%B8,
Pエンタメストア,1,ホビー,連絡候補,,B: 国内の第三者が1社扱っている,規模未確認,JAN45/49／manufacturer日本語／メーカー名日本語,なし,LOCA SHOP【全商品 配送無料】（離島など一部地域は除きます）,1,1,2493,B0FWPQYC96,勝ち勝ちくん クリア PLUS 戦国乙女 山本カンスケバージョン カチカチくん 小役カウンター カチカチ君 プラス,https://www.amazon.co.jp/dp/B0FWPQYC96,https://www.google.com/search?q=P%E3%82%A8%E3%83%B3%E3%82%BF%E3%83%A1%E3%82%B9%E3%83%88%E3%82%A2%20%E4%BC%9A%E7%A4%BE%E6%A6%82%E8%A6%81%20%E5%95%8F%E3%81%84%E5%90%88%E3%82%8F%E3%81%9B%20%E5%8D%B8,
ROOMMATE,1,DIY・工具・ガーデン,連絡候補,,B: 国内の第三者が1社扱っている,規模未確認,JAN45/49,なし,Tokyo Decoration Park TDP　トウキョウデコレーションパーク,1,1,1033,B0DTP1PGTV,[東京Deco] 2WAY 芝刈り機 電動 芝生バリカン 生垣バリカン ハンディ [本格充電式コードレス] [芝生バリカ,https://www.amazon.co.jp/dp/B0DTP1PGTV,https://www.google.com/search?q=ROOMMATE%20%E4%BC%9A%E7%A4%BE%E6%A6%82%E8%A6%81%20%E5%95%8F%E3%81%84%E5%90%88%E3%82%8F%E3%81%9B%20%E5%8D%B8,
atRise,1,おもちゃ,連絡候補,,B: 国内の第三者が1社扱っている,規模未確認,JAN45/49,なし,SSオンラインストア本店,1,1,248,B0D61ZTLT1,【はじめてのタロット占いに】 atRise タロットカード 初心者向け 5点セット（日本語解説書・早見表・クロス・収納袋,https://www.amazon.co.jp/dp/B0D61ZTLT1,https://www.google.com/search?q=atRise%20%E4%BC%9A%E7%A4%BE%E6%A6%82%E8%A6%81%20%E5%95%8F%E3%81%84%E5%90%88%E3%82%8F%E3%81%9B%20%E5%8D%B8,
イーサプライ,1,パソコン・周辺機器,連絡候補,,B: 国内の第三者が1社扱っている,規模未確認,JAN45/49／manufacturer日本語／メーカー名日本語,なし,cherish_shop【インボイス請求書対応しておりません】,1,1,1518,B0816QS5VF,イーサプライ モニタースタンド モニターアーム 置き型 27インチ程度 耐荷重6kg 高さ変更 VESA ブラック EE,https://www.amazon.co.jp/dp/B0816QS5VF,https://www.google.com/search?q=%E3%82%A4%E3%83%BC%E3%82%B5%E3%83%97%E3%83%A9%E3%82%A4%20%E4%BC%9A%E7%A4%BE%E6%A6%82%E8%A6%81%20%E5%95%8F%E3%81%84%E5%90%88%E3%82%8F%E3%81%9B%20%E5%8D%B8,
コーナン,1,DIY・工具・ガーデン,連絡候補,,B: 国内の第三者が1社扱っている,規模未確認,JAN45/49／manufacturer日本語／メーカー名日本語,なし,ヒロセ ネットショップ,1,1,2327,B076X1N3GV,コーナンオリジナル LIFELEX 自動水やり機 散水タイマー 水やりタイマー 電池式 蛇口接続モデル ガーデニング用 ,https://www.amazon.co.jp/dp/B076X1N3GV,https://www.google.com/search?q=%E3%82%B3%E3%83%BC%E3%83%8A%E3%83%B3%20%E4%BC%9A%E7%A4%BE%E6%A6%82%E8%A6%81%20%E5%95%8F%E3%81%84%E5%90%88%E3%82%8F%E3%81%9B%20%E5%8D%B8,
大島屋(Ooshimaya),1,ホーム＆キッチン,連絡候補,,B: 国内の第三者が1社扱っている,中小の見込み（手判定）,JAN45/49／メーカー名日本語,なし,ECJOY! [創業24年インボイスT7011001061049],1,1,62,B01CN6JB80,籐枕 約30×18×12cm,https://www.amazon.co.jp/dp/B01CN6JB80,https://www.google.com/search?q=%E5%A4%A7%E5%B3%B6%E5%B1%8B%28Ooshimaya%29%20%E4%BC%9A%E7%A4%BE%E6%A6%82%E8%A6%81%20%E5%95%8F%E3%81%84%E5%90%88%E3%82%8F%E3%81%9B%20%E5%8D%B8,
日進医療器,1,スポーツ＆アウトドア,連絡候補,,B: 国内の第三者が1社扱っている,規模未確認（大きい可能性あり）,JAN45/49／manufacturer日本語／メーカー名日本語,なし,A1 ショップ【3300円以上で全国送料無料】※一部送料無料もございます,1,1,73,B001GXEGEQ,日進医療器 LE携帯酸素スプレー5リットル,https://www.amazon.co.jp/dp/B001GXEGEQ,https://www.google.com/search?q=%E6%97%A5%E9%80%B2%E5%8C%BB%E7%99%82%E5%99%A8%20%E4%BC%9A%E7%A4%BE%E6%A6%82%E8%A6%81%20%E5%95%8F%E3%81%84%E5%90%88%E3%82%8F%E3%81%9B%20%E5%8D%B8,
SoundPEATS(サウンドピーツ),5,家電＆カメラ,連絡候補,,C: 第三者はいるが国内事業者ではない,規模未確認,メーカー名日本語,なし,,0,1,3935,B0DJXSJWD7,SOUNDPEATS CC イヤーカフイヤホン 【オープンイヤー ワイヤレスイヤホン ハイレゾ LDAC 対応 Blue,https://www.amazon.co.jp/dp/B0DJXSJWD7,https://www.google.com/search?q=SoundPEATS%28%E3%82%B5%E3%82%A6%E3%83%B3%E3%83%89%E3%83%94%E3%83%BC%E3%83%84%29%20%E4%BC%9A%E7%A4%BE%E6%A6%82%E8%A6%81%20%E5%95%8F%E3%81%84%E5%90%88%E3%82%8F%E3%81%9B%20%E5%8D%B8,
ウェイモール (WEIMALL),2,車＆バイク,連絡候補,,C: 第三者はいるが国内事業者ではない,規模未確認,JAN45/49／メーカー名日本語,なし,,0,1,4678,B06XJRSRX9,WEIMALL ファームジャッキ 耐荷重3t 48インチ 車 タイガー ハイ アップ オフロード 抜根 ウインチファーム,https://www.amazon.co.jp/dp/B06XJRSRX9,https://www.google.com/search?q=%E3%82%A6%E3%82%A7%E3%82%A4%E3%83%A2%E3%83%BC%E3%83%AB%20%28WEIMALL%29%20%E4%BC%9A%E7%A4%BE%E6%A6%82%E8%A6%81%20%E5%95%8F%E3%81%84%E5%90%88%E3%82%8F%E3%81%9B%20%E5%8D%B8,
充電の達人,2,家電＆カメラ,連絡候補,,C: 第三者はいるが国内事業者ではない,規模未確認,manufacturer日本語／メーカー名日本語,なし,,0,3,662,B0FPF47K7H,モバイルバッテリー 大容量 急速充電 【2026新設計・22800mAh大容量】 最大2.4A出力 4つのケーブル内蔵 ,https://www.amazon.co.jp/dp/B0FPF47K7H,https://www.google.com/search?q=%E5%85%85%E9%9B%BB%E3%81%AE%E9%81%94%E4%BA%BA%20%E4%BC%9A%E7%A4%BE%E6%A6%82%E8%A6%81%20%E5%95%8F%E3%81%84%E5%90%88%E3%82%8F%E3%81%9B%20%E5%8D%B8,
BEAMS BOY(ビームスボーイ),1,ファッション,連絡候補,,C: 第三者はいるが国内事業者ではない,規模未確認,メーカー名日本語,なし,,0,1,3775,B0F9JCYXMP,[ビームスボーイ] キャンパス・バッグ ARC’TERYX MANTIS1 WESTPACK レディース 24K Bla,https://www.amazon.co.jp/dp/B0F9JCYXMP,https://www.google.com/search?q=BEAMS%20BOY%28%E3%83%93%E3%83%BC%E3%83%A0%E3%82%B9%E3%83%9C%E3%83%BC%E3%82%A4%29%20%E4%BC%9A%E7%A4%BE%E6%A6%82%E8%A6%81%20%E5%95%8F%E3%81%84%E5%90%88%E3%82%8F%E3%81%9B%20%E5%8D%B8,
YouTen(ユーテン),1,スポーツ＆アウトドア,連絡候補,,C: 第三者はいるが国内事業者ではない,規模未確認,メーカー名日本語,なし,,0,1,3335,B0DQVYKXJL,【アワード受賞・人気ブランド】 YouTen（ユーテン）ディップススタンド 耐荷重200kg 折りたたみ ディップスマシ,https://www.amazon.co.jp/dp/B0DQVYKXJL,https://www.google.com/search?q=YouTen%28%E3%83%A6%E3%83%BC%E3%83%86%E3%83%B3%29%20%E4%BC%9A%E7%A4%BE%E6%A6%82%E8%A6%81%20%E5%95%8F%E3%81%84%E5%90%88%E3%82%8F%E3%81%9B%20%E5%8D%B8,
new balance(ニューバランス),1,ファッション,連絡候補,,C: 第三者はいるが国内事業者ではない,規模未確認,メーカー名日本語,なし,,0,5,6743,B09F36LB7C,[ニューバランス] MR530SG width D WHITE レディース スニーカー ホワイト ネイビー シルバー ブ,https://www.amazon.co.jp/dp/B09F36LB7C,https://www.google.com/search?q=new%20balance%28%E3%83%8B%E3%83%A5%E3%83%BC%E3%83%90%E3%83%A9%E3%83%B3%E3%82%B9%29%20%E4%BC%9A%E7%A4%BE%E6%A6%82%E8%A6%81%20%E5%95%8F%E3%81%84%E5%90%88%E3%82%8F%E3%81%9B%20%E5%8D%B8,
ドリームメーカー(DreamMaker),1,車＆バイク,連絡候補,,C: 第三者はいるが国内事業者ではない,中小の見込み（手判定）,JAN45/49／メーカー名日本語,なし,,0,1,4956,B0FL1TX4XB,ドリームメーカー ミニ CD DVDプレーヤー 車載用 再生専用 HDMI USB給電 1080P CPRM対応 リモコ,https://www.amazon.co.jp/dp/B0FL1TX4XB,https://www.google.com/search?q=%E3%83%89%E3%83%AA%E3%83%BC%E3%83%A0%E3%83%A1%E3%83%BC%E3%82%AB%E3%83%BC%28DreamMaker%29%20%E4%BC%9A%E7%A4%BE%E6%A6%82%E8%A6%81%20%E5%95%8F%E3%81%84%E5%90%88%E3%82%8F%E3%81%9B%20%E5%8D%B8,
モリグリーン(Moly Green),1,車＆バイク,連絡候補,,C: 第三者はいるが国内事業者ではない,規模未確認,JAN45/49／メーカー名日本語,なし,,0,2,721,B01MAWKDKP,モリグリーン(Moly Green) エンジンオイル セレクション 0W20 SP/GF-6A 4L 全合成油 0470,https://www.amazon.co.jp/dp/B01MAWKDKP,https://www.google.com/search?q=%E3%83%A2%E3%83%AA%E3%82%B0%E3%83%AA%E3%83%BC%E3%83%B3%28Moly%20Green%29%20%E4%BC%9A%E7%A4%BE%E6%A6%82%E8%A6%81%20%E5%95%8F%E3%81%84%E5%90%88%E3%82%8F%E3%81%9B%20%E5%8D%B8,
レヂトン(Resiton),1,DIY・工具・ガーデン,連絡候補,,C: 第三者はいるが国内事業者ではない,規模未確認,JAN45/49／メーカー名日本語,なし,,0,2,2625,B091YCZWTZ,レヂトン 切断砥石 金の卵 105×1.0×15【30枚セット】 (ステンレス/金属用),https://www.amazon.co.jp/dp/B091YCZWTZ,https://www.google.com/search?q=%E3%83%AC%E3%83%82%E3%83%88%E3%83%B3%28Resiton%29%20%E4%BC%9A%E7%A4%BE%E6%A6%82%E8%A6%81%20%E5%95%8F%E3%81%84%E5%90%88%E3%82%8F%E3%81%9B%20%E5%8D%B8,
ZIPPO,2,ファッション,連絡候補,,E: セラー名未解決のため判定保留（Keepa再取得が要る）,規模未確認,JAN45/49,なし,,0,0,437,B00DXIPA1A,zippo（ジッポー） インサイドユニット レギュラーサイズ,https://www.amazon.co.jp/dp/B00DXIPA1A,https://www.google.com/search?q=ZIPPO%20%E4%BC%9A%E7%A4%BE%E6%A6%82%E8%A6%81%20%E5%95%8F%E3%81%84%E5%90%88%E3%82%8F%E3%81%9B%20%E5%8D%B8,
Airクリーンラボ,1,ホーム＆キッチン,連絡候補,,E: セラー名未解決のため判定保留（Keepa再取得が要る）,規模未確認,JAN45/49／メーカー名日本語,なし,,0,0,105,B0DQ81QZWP,【張る空気清浄機×5つの試験で99%】 ハウスダスト対策 エアコンフィルター 壁掛エアコン・空気清浄機用 掃除 ホコリ ,https://www.amazon.co.jp/dp/B0DQ81QZWP,https://www.google.com/search?q=Air%E3%82%AF%E3%83%AA%E3%83%BC%E3%83%B3%E3%83%A9%E3%83%9C%20%E4%BC%9A%E7%A4%BE%E6%A6%82%E8%A6%81%20%E5%95%8F%E3%81%84%E5%90%88%E3%82%8F%E3%81%9B%20%E5%8D%B8,
Maxell,1,家電＆カメラ,連絡候補,,E: セラー名未解決のため判定保留（Keepa再取得が要る）,規模未確認,JAN45/49,なし,,0,0,82,B000N4SL54,maxell データ用 DＶD-R 4.7GB 16倍速対応 インクジェットプリンタ対応ホワイト(ワイド印刷) 10枚 ,https://www.amazon.co.jp/dp/B000N4SL54,https://www.google.com/search?q=Maxell%20%E4%BC%9A%E7%A4%BE%E6%A6%82%E8%A6%81%20%E5%95%8F%E3%81%84%E5%90%88%E3%82%8F%E3%81%9B%20%E5%8D%B8,
PACPAK,1,ペット用品,連絡候補,,E: セラー名未解決のため判定保留（Keepa再取得が要る）,規模未確認,JAN45/49／manufacturer日本語／日本法人格,なし,,0,0,438,B0BT6VCS74,日本シール 直販 ぱくぱくローラー 正規品 抜け毛取り お掃除ローラー カーペット ラグ 絨毯 ペット 犬 猫 抜け毛 ,https://www.amazon.co.jp/dp/B0BT6VCS74,https://www.google.com/search?q=PACPAK%20%E4%BC%9A%E7%A4%BE%E6%A6%82%E8%A6%81%20%E5%95%8F%E3%81%84%E5%90%88%E3%82%8F%E3%81%9B%20%E5%8D%B8,
SAZAC,1,おもちゃ,連絡候補,,E: セラー名未解決のため判定保留（Keepa再取得が要る）,規模未確認,JAN45/49,なし,,0,0,546,B0BZKVR3K4,スーパーマリオ マリオ 着ぐるみ帽子,https://www.amazon.co.jp/dp/B0BZKVR3K4,https://www.google.com/search?q=SAZAC%20%E4%BC%9A%E7%A4%BE%E6%A6%82%E8%A6%81%20%E5%95%8F%E3%81%84%E5%90%88%E3%82%8F%E3%81%9B%20%E5%8D%B8,
ビーエムオンライン,1,車＆バイク,連絡候補,,E: セラー名未解決のため判定保留（Keepa再取得が要る）,規模未確認,manufacturer日本語／メーカー名日本語,なし,,0,0,411,B09MQ19QJC,鈴木油脂 かびとりいっぱつ,https://www.amazon.co.jp/dp/B09MQ19QJC,https://www.google.com/search?q=%E3%83%93%E3%83%BC%E3%82%A8%E3%83%A0%E3%82%AA%E3%83%B3%E3%83%A9%E3%82%A4%E3%83%B3%20%E4%BC%9A%E7%A4%BE%E6%A6%82%E8%A6%81%20%E5%95%8F%E3%81%84%E5%90%88%E3%82%8F%E3%81%9B%20%E5%8D%B8,
ブレイス(Braith),1,車＆バイク,連絡候補,,E: セラー名未解決のため判定保留（Keepa再取得が要る）,規模未確認,JAN45/49／メーカー名日本語,なし,,0,0,103,B0D4LH1S4S,ブレイス/BRAiTH アーマオール プロテクタントオリジナル 473ml 車 ダッシュボード タイヤ 保護 ツヤ出し ,https://www.amazon.co.jp/dp/B0D4LH1S4S,https://www.google.com/search?q=%E3%83%96%E3%83%AC%E3%82%A4%E3%82%B9%28Braith%29%20%E4%BC%9A%E7%A4%BE%E6%A6%82%E8%A6%81%20%E5%95%8F%E3%81%84%E5%90%88%E3%82%8F%E3%81%9B%20%E5%8D%B8,
富士フレーバー,1,DIY・工具・ガーデン,連絡候補,,E: セラー名未解決のため判定保留（Keepa再取得が要る）,規模未確認,JAN45/49／メーカー名日本語,なし,,0,0,504,B07JR1SNN4,富士フレーバー タバコシバンムシ 誘引 捕獲 セット ニューセリコ 2枚入り フェロモントラップ,https://www.amazon.co.jp/dp/B07JR1SNN4,https://www.google.com/search?q=%E5%AF%8C%E5%A3%AB%E3%83%95%E3%83%AC%E3%83%BC%E3%83%90%E3%83%BC%20%E4%BC%9A%E7%A4%BE%E6%A6%82%E8%A6%81%20%E5%95%8F%E3%81%84%E5%90%88%E3%82%8F%E3%81%9B%20%E5%8D%B8,
富士通,1,パソコン・周辺機器,連絡候補,,E: セラー名未解決のため判定保留（Keepa再取得が要る）,規模未確認,manufacturer日本語／メーカー名日本語,なし,,0,0,203,B00EW7BUII,【バルク品】　富士通純正 【FMV-AC332A/ADP-65YH A】←FMV-AC332/ADP-65JH ABZ同,https://www.amazon.co.jp/dp/B00EW7BUII,https://www.google.com/search?q=%E5%AF%8C%E5%A3%AB%E9%80%9A%20%E4%BC%9A%E7%A4%BE%E6%A6%82%E8%A6%81%20%E5%95%8F%E3%81%84%E5%90%88%E3%82%8F%E3%81%9B%20%E5%8D%B8,
曙産業,1,ホーム＆キッチン,連絡候補,,E: セラー名未解決のため判定保留（Keepa再取得が要る）,規模未確認,JAN45/49／メーカー名日本語,なし,,0,0,117,B08XWZ82W6,曙産業 レンジでらくチン! ゆでたまご 1個用 日本製 電子レンジで簡単ゆで卵作り 余熱調理で加熱時間を短縮 フタは安全,https://www.amazon.co.jp/dp/B08XWZ82W6,https://www.google.com/search?q=%E6%9B%99%E7%94%A3%E6%A5%AD%20%E4%BC%9A%E7%A4%BE%E6%A6%82%E8%A6%81%20%E5%95%8F%E3%81%84%E5%90%88%E3%82%8F%E3%81%9B%20%E5%8D%B8,
消臭ビーズ,1,ペット用品,連絡候補,,E: セラー名未解決のため判定保留（Keepa再取得が要る）,規模未確認,JAN45/49／manufacturer日本語／メーカー名日本語,なし,,0,0,204,B07GLJ2X4F,【まとめ買い】　消臭ビーズ 猫トイレまくだけ 香り広がる消臭ビーズ さわやかなナチュラルガーデンの香り 450ml×3個,https://www.amazon.co.jp/dp/B07GLJ2X4F,https://www.google.com/search?q=%E6%B6%88%E8%87%AD%E3%83%93%E3%83%BC%E3%82%BA%20%E4%BC%9A%E7%A4%BE%E6%A6%82%E8%A6%81%20%E5%95%8F%E3%81%84%E5%90%88%E3%82%8F%E3%81%9B%20%E5%8D%B8,
筒井時正商店,1,おもちゃ,連絡候補,,E: セラー名未解決のため判定保留（Keepa再取得が要る）,規模未確認,JAN45/49／manufacturer日本語／メーカー名日本語／日本法人格,なし,,0,0,252,B001C9XWH6,"超特大ナイヤガラ 参考価格:1,100円/1箱 総薬量(約)72g",https://www.amazon.co.jp/dp/B001C9XWH6,https://www.google.com/search?q=%E7%AD%92%E4%BA%95%E6%99%82%E6%AD%A3%E5%95%86%E5%BA%97%20%E4%BC%9A%E7%A4%BE%E6%A6%82%E8%A6%81%20%E5%95%8F%E3%81%84%E5%90%88%E3%82%8F%E3%81%9B%20%E5%8D%B8,
金鳥,1,DIY・工具・ガーデン,連絡候補,,E: セラー名未解決のため判定保留（Keepa再取得が要る）,規模未確認,JAN45/49／manufacturer日本語／メーカー名日本語,なし,,0,0,92,B08WB8C986,イヤな虫ムエンダー 60プッシュ アリ クモ カメムシ 害虫駆除 殺虫剤 スプレー ワンプッシュ,https://www.amazon.co.jp/dp/B08WB8C986,https://www.google.com/search?q=%E9%87%91%E9%B3%A5%20%E4%BC%9A%E7%A4%BE%E6%A6%82%E8%A6%81%20%E5%95%8F%E3%81%84%E5%90%88%E3%82%8F%E3%81%9B%20%E5%8D%B8,
ウォルト・ディズニー・ジャパン株式会社,54,DVD,条件付き（再販/版元カテゴリ）,ルートカテゴリ=DVD,A: 国内の第三者が2社以上で扱っている,規模未確認,JAN45/49／manufacturer日本語／メーカー名日本語／日本法人格,なし,スリーポイント / またあか書店 / ホビー通販～未来屋～,5,6,4295,B0CKLT1XKJ,インディ・ジョーンズと運命のダイヤル 4K UHD MovieNEX [4K ULTRA HD+ブルーレイ+デジタルコピ,https://www.amazon.co.jp/dp/B0CKLT1XKJ,https://www.google.com/search?q=%E3%82%A6%E3%82%A9%E3%83%AB%E3%83%88%E3%83%BB%E3%83%87%E3%82%A3%E3%82%BA%E3%83%8B%E3%83%BC%E3%83%BB%E3%82%B8%E3%83%A3%E3%83%91%E3%83%B3%E6%A0%AA%E5%BC%8F%E4%BC%9A%E7%A4%BE%20%E4%BC%9A%E7%A4%BE%E6%A6%82%E8%A6%81%20%E5%95%8F%E3%81%84%E5%90%88%E3%82%8F%E3%81%9B%20%E5%8D%B8,
UNIVERSAL MUSIC GROUP,38,ミュージック,条件付き（再販/版元カテゴリ）,ルートカテゴリ=ミュージック,A: 国内の第三者が2社以上で扱っている,規模未確認,JAN45/49／manufacturer日本語,なし,バンダレコードweb店 / Felista玉光堂 / ときめき ライフ,6,6,3405,B0D58WKG7X,TOMORROW X TOGETHER ＜ACT : SWEET MIRAGE＞ IN JAPAN (初回限定盤)(3枚,https://www.amazon.co.jp/dp/B0D58WKG7X,https://www.google.com/search?q=UNIVERSAL%20MUSIC%20GROUP%20%E4%BC%9A%E7%A4%BE%E6%A6%82%E8%A6%81%20%E5%95%8F%E3%81%84%E5%90%88%E3%82%8F%E3%81%9B%20%E5%8D%B8,
Universal,34,DVD,条件付き（再販/版元カテゴリ）,ルートカテゴリ=DVD,A: 国内の第三者が2社以上で扱っている,規模未確認,JAN45/49／manufacturer日本語,なし,"★am store★ご購入前に店舗名をクリックし「出品者について」をお読みください / 東京エムケイセンター本店 / ✅ 宇 宙 円 盤 舎 -Disctail,Inc.-",4,6,4417,B01DDGU9YE,デンジャラス・ウーマン~デラックス・エディション(初回限定盤)(DVD付),https://www.amazon.co.jp/dp/B01DDGU9YE,https://www.google.com/search?q=Universal%20%E4%BC%9A%E7%A4%BE%E6%A6%82%E8%A6%81%20%E5%95%8F%E3%81%84%E5%90%88%E3%82%8F%E3%81%9B%20%E5%8D%B8,
SONY MUSIC,30,ミュージック,条件付き（再販/版元カテゴリ）,ルートカテゴリ=ミュージック,A: 国内の第三者が2社以上で扱っている,大企業確定,JAN45/49／manufacturer日本語,なし,総合アニメショップ「赤い熊さん」(oricon/Billboard加盟店) / エスネット ストアー / ときめき ライフ,5,6,4076,B0FYNTH1LX,EPIPHANY at TOKYO DOME 2025.06.15 (初回生産限定盤) (DVD) - UVERworl,https://www.amazon.co.jp/dp/B0FYNTH1LX,https://www.google.com/search?q=SONY%20MUSIC%20%E4%BC%9A%E7%A4%BE%E6%A6%82%E8%A6%81%20%E5%95%8F%E3%81%84%E5%90%88%E3%82%8F%E3%81%9B%20%E5%8D%B8,
WARNER BROS,23,DVD,条件付き（再販/版元カテゴリ）,ルートカテゴリ=DVD,A: 国内の第三者が2社以上で扱っている,規模未確認,なし,なし,MIDORI TRADING (輸入品専門店) / グローバル輸入館 / インポートショップ泉堂,3,6,3970,B00C2IPB70,INCEPTION,https://www.amazon.co.jp/dp/B00C2IPB70,https://www.google.com/search?q=WARNER%20BROS%20%E4%BC%9A%E7%A4%BE%E6%A6%82%E8%A6%81%20%E5%95%8F%E3%81%84%E5%90%88%E3%82%8F%E3%81%9B%20%E5%8D%B8,
ワーナーホームビデオ,23,DVD,条件付き（再販/版元カテゴリ）,ルートカテゴリ=DVD,A: 国内の第三者が2社以上で扱っている,規模未確認,JAN45/49／manufacturer日本語／メーカー名日本語,なし,ＳＨＯＰ　ＫＵＲＯ　真心を込めてお届けします☆ / Beautiful Lifeショップ / 未来屋陶商店,3,6,3322,B009KKHOX2,ダークナイト トリロジー ブルーレイBOX(初回数量限定生産) [Blu-ray],https://www.amazon.co.jp/dp/B009KKHOX2,https://www.google.com/search?q=%E3%83%AF%E3%83%BC%E3%83%8A%E3%83%BC%E3%83%9B%E3%83%BC%E3%83%A0%E3%83%93%E3%83%87%E3%82%AA%20%E4%BC%9A%E7%A4%BE%E6%A6%82%E8%A6%81%20%E5%95%8F%E3%81%84%E5%90%88%E3%82%8F%E3%81%9B%20%E5%8D%B8,
Sony Pictures Home Entertainment,21,DVD,条件付き（再販/版元カテゴリ）,ルートカテゴリ=DVD,A: 国内の第三者が2社以上で扱っている,大企業確定,JAN45/49／manufacturer日本語,なし,アイルオンラインストア ※すり替え対策店※ ★賞味期限あるものはコンディションにて要確認★ / レインボードラゴンオンラインストア / ホビー通販～未来屋～,4,6,4443,B0CFYF162D,バイオハザード：デスアイランド　プレミアム・エディション(初回生産限定) [Blu-ray],https://www.amazon.co.jp/dp/B0CFYF162D,https://www.google.com/search?q=Sony%20Pictures%20Home%20Entertainment%20%E4%BC%9A%E7%A4%BE%E6%A6%82%E8%A6%81%20%E5%95%8F%E3%81%84%E5%90%88%E3%82%8F%E3%81%9B%20%E5%8D%B8,
Disney(ディズニー),20,DVD,条件付き（再販/版元カテゴリ）,ルートカテゴリ=DVD,A: 国内の第三者が2社以上で扱っている,規模未確認,メーカー名日本語,なし,Kahala Market(輸入品専門店) / 月夜商店 / townsandstreets（国内発送）,4,6,3166,B07BZ5F71X,Avengers: Infinity War,https://www.amazon.co.jp/dp/B07BZ5F71X,https://www.google.com/search?q=Disney%28%E3%83%87%E3%82%A3%E3%82%BA%E3%83%8B%E3%83%BC%29%20%E4%BC%9A%E7%A4%BE%E6%A6%82%E8%A6%81%20%E5%95%8F%E3%81%84%E5%90%88%E3%82%8F%E3%81%9B%20%E5%8D%B8,
任天堂,20,ゲーム,条件付き（再販/版元カテゴリ）,ルートカテゴリ=ゲーム,A: 国内の第三者が2社以上で扱っている,規模未確認,JAN45/49／manufacturer日本語／メーカー名日本語,なし,PENTACT JAPAN(土・日・祝休まず出荷 / インボイス登録店) / らいぶShop,5,6,2734,B078Y35VK4,星のカービィ スターアライズ - Switch,https://www.amazon.co.jp/dp/B078Y35VK4,https://www.google.com/search?q=%E4%BB%BB%E5%A4%A9%E5%A0%82%20%E4%BC%9A%E7%A4%BE%E6%A6%82%E8%A6%81%20%E5%95%8F%E3%81%84%E5%90%88%E3%82%8F%E3%81%9B%20%E5%8D%B8,
20TH CENTURY STUDIOS,18,DVD,条件付き（再販/版元カテゴリ）,ルートカテゴリ=DVD,A: 国内の第三者が2社以上で扱っている,規模未確認,なし,なし,WAKUWAKUHOUSE 輸入DVD・ＣＤ・ゲームの販売店 / 輸入アイテム専門店METHODメソッド / インポートショップ泉堂,4,6,4965,B003ZSJ212,Star Wars the Complete Saga/,https://www.amazon.co.jp/dp/B003ZSJ212,https://www.google.com/search?q=20TH%20CENTURY%20STUDIOS%20%E4%BC%9A%E7%A4%BE%E6%A6%82%E8%A6%81%20%E5%95%8F%E3%81%84%E5%90%88%E3%82%8F%E3%81%9B%20%E5%8D%B8,
ソニー・インタラクティブエンタテインメント,18,ゲーム,条件付き（再販/版元カテゴリ）,ルートカテゴリ=ゲーム,A: 国内の第三者が2社以上で扱っている,大企業確定,JAN45/49／manufacturer日本語／メーカー名日本語,なし,レイはうちのねこ(商品情報詳細をよくご確認下さい) / オリジン電化 / シロイ商店,6,8,5362,B07JYZ51M8,プレイステーション クラシック,https://www.amazon.co.jp/dp/B07JYZ51M8,https://www.google.com/search?q=%E3%82%BD%E3%83%8B%E3%83%BC%E3%83%BB%E3%82%A4%E3%83%B3%E3%82%BF%E3%83%A9%E3%82%AF%E3%83%86%E3%82%A3%E3%83%96%E3%82%A8%E3%83%B3%E3%82%BF%E3%83%86%E3%82%A4%E3%83%B3%E3%83%A1%E3%83%B3%E3%83%88%20%E4%BC%9A%E7%A4%BE%E6%A6%82%E8%A6%81%20%E5%95%8F%E3%81%84%E5%90%88%E3%82%8F%E3%81%9B%20%E5%8D%B8,
講談社,18,本,条件付き（再販/版元カテゴリ）,ルートカテゴリ=本,A: 国内の第三者が2社以上で扱っている,規模未確認,manufacturer日本語／メーカー名日本語／日本法人格,なし,マイスペース【24時間/365日即日発送】 / つばめ書店　（２冊以上で自動の場合的に速達出荷。雑誌BN、一部書籍は発送に時間がかかる場合有） / BSHストア,5,6,3575,B0G38MBM9H,ちいかわ なんか小さくてかわいいやつ　コミック　1-8巻セット (講談社),https://www.amazon.co.jp/dp/B0G38MBM9H,https://www.google.com/search?q=%E8%AC%9B%E8%AB%87%E7%A4%BE%20%E4%BC%9A%E7%A4%BE%E6%A6%82%E8%A6%81%20%E5%95%8F%E3%81%84%E5%90%88%E3%82%8F%E3%81%9B%20%E5%8D%B8,
Bandai Namco,16,ゲーム,条件付き（再販/版元カテゴリ）,ルートカテゴリ=ゲーム,A: 国内の第三者が2社以上で扱っている,大企業確定,JAN45/49／manufacturer日本語,なし,パーソナルストア　本店 / あじあ堂 / Item shop オンライン店,4,7,2024,B0792P3CJ5,SDガンダム ジージェネレーション ジェネシス for Nintendo Switch,https://www.amazon.co.jp/dp/B0792P3CJ5,https://www.google.com/search?q=Bandai%20Namco%20%E4%BC%9A%E7%A4%BE%E6%A6%82%E8%A6%81%20%E5%95%8F%E3%81%84%E5%90%88%E3%82%8F%E3%81%9B%20%E5%8D%B8,
ポニーキャニオン,16,DVD,条件付き（再販/版元カテゴリ）,ルートカテゴリ=DVD,A: 国内の第三者が2社以上で扱っている,規模未確認,JAN45/49／manufacturer日本語／メーカー名日本語,なし,"コナカオンラインショップ / トリプルハート / ✅ 宇 宙 円 盤 舎 -Disctail,Inc.-",3,5,6257,B07KR99CK8,劇場版コード・ブルー -ドクターヘリ緊急救命- 4K Ultra HD Blu-ray豪華版[本編4K UHD BD+本,https://www.amazon.co.jp/dp/B07KR99CK8,https://www.google.com/search?q=%E3%83%9D%E3%83%8B%E3%83%BC%E3%82%AD%E3%83%A3%E3%83%8B%E3%82%AA%E3%83%B3%20%E4%BC%9A%E7%A4%BE%E6%A6%82%E8%A6%81%20%E5%95%8F%E3%81%84%E5%90%88%E3%82%8F%E3%81%9B%20%E5%8D%B8,
スクウェア・エニックス(SQUARE ENIX),14,ゲーム,条件付き（再販/版元カテゴリ）,ルートカテゴリ=ゲーム,A: 国内の第三者が2社以上で扱っている,規模未確認,JAN45/49／manufacturer日本語／メーカー名日本語,なし,【FROGBOX】※ポスト投函・コンディション要確認 / インボイス制度対応済 SHOP Forest 【千葉県公安委員会 第441010002465号】 / マーケットドック,4,5,2829,B00L21ASIK,ドラゴンクエスト スマイルスライム ゆらゆらグラス,https://www.amazon.co.jp/dp/B00L21ASIK,https://www.google.com/search?q=%E3%82%B9%E3%82%AF%E3%82%A6%E3%82%A7%E3%82%A2%E3%83%BB%E3%82%A8%E3%83%8B%E3%83%83%E3%82%AF%E3%82%B9%28SQUARE%20ENIX%29%20%E4%BC%9A%E7%A4%BE%E6%A6%82%E8%A6%81%20%E5%95%8F%E3%81%84%E5%90%88%E3%82%8F%E3%81%9B%20%E5%8D%B8,
ビクターエンタテインメント,14,DVD,条件付き（再販/版元カテゴリ）,ルートカテゴリ=DVD,A: 国内の第三者が2社以上で扱っている,大企業確定,JAN45/49／manufacturer日本語／メーカー名日本語,なし,（最速配達）Shop　Cepure オンライン支店 / ■■■■ざうるす通販部■■■■ / QueenRecords オンラインショップ,6,6,4003,B017KJGC7S,おいしい葡萄の旅ライブ -at DOME&日本武道館- (DVD完全生産限定盤),https://www.amazon.co.jp/dp/B017KJGC7S,https://www.google.com/search?q=%E3%83%93%E3%82%AF%E3%82%BF%E3%83%BC%E3%82%A8%E3%83%B3%E3%82%BF%E3%83%86%E3%82%A4%E3%83%B3%E3%83%A1%E3%83%B3%E3%83%88%20%E4%BC%9A%E7%A4%BE%E6%A6%82%E8%A6%81%20%E5%95%8F%E3%81%84%E5%90%88%E3%82%8F%E3%81%9B%20%E5%8D%B8,
Paramount,12,DVD,条件付き（再販/版元カテゴリ）,ルートカテゴリ=DVD,A: 国内の第三者が2社以上で扱っている,規模未確認,なし,なし,サムショップ / 安田屋堂 / 色々出すショップ,3,6,3833,B00JJ19M9Q,Indiana Jones Quadrilogia (5 Blu-Ray) [Italian Edition],https://www.amazon.co.jp/dp/B00JJ19M9Q,https://www.google.com/search?q=Paramount%20%E4%BC%9A%E7%A4%BE%E6%A6%82%E8%A6%81%20%E5%95%8F%E3%81%84%E5%90%88%E3%82%8F%E3%81%9B%20%E5%8D%B8,
ジェイストーム,12,DVD,条件付き（再販/版元カテゴリ）,ルートカテゴリ=DVD,A: 国内の第三者が2社以上で扱っている,規模未確認,JAN45/49／manufacturer日本語／メーカー名日本語,なし,リル書房 / ★品質第一★ / 【商品写真あり】緋色良品本舗,5,6,1893,B07SJDMD9T,5×20 All the BEST!! 1999-2019 (初回限定盤2) (4CD+1DVD-B) (予約追加生産分,https://www.amazon.co.jp/dp/B07SJDMD9T,https://www.google.com/search?q=%E3%82%B8%E3%82%A7%E3%82%A4%E3%82%B9%E3%83%88%E3%83%BC%E3%83%A0%20%E4%BC%9A%E7%A4%BE%E6%A6%82%E8%A6%81%20%E5%95%8F%E3%81%84%E5%90%88%E3%82%8F%E3%81%9B%20%E5%8D%B8,
宝島社,12,本,条件付き（再販/版元カテゴリ）,ルートカテゴリ=本,A: 国内の第三者が2社以上で扱っている,規模未確認,JAN45/49／manufacturer日本語／メーカー名日本語,なし,通販ショップ天文館(雑誌・書籍の初期傷を理由の返品・交換はできません。ご了承の上ご注文お願いします) / ファントレイディング ストア【すり替え防止対策店】 / つばめ書店　（２冊以上で自動の場合的に速達出荷。雑誌BN、一部書籍は発送に時間がかかる場合有）,6,6,1081,B0GLYNJ1GF,リンネル 2026年5月号,https://www.amazon.co.jp/dp/B0GLYNJ1GF,https://www.google.com/search?q=%E5%AE%9D%E5%B3%B6%E7%A4%BE%20%E4%BC%9A%E7%A4%BE%E6%A6%82%E8%A6%81%20%E5%95%8F%E3%81%84%E5%90%88%E3%82%8F%E3%81%9B%20%E5%8D%B8,
ワーナー・ブラザース・ホームエンターテイメント,11,DVD,条件付き（再販/版元カテゴリ）,ルートカテゴリ=DVD,A: 国内の第三者が2社以上で扱っている,規模未確認,JAN45/49／manufacturer日本語／メーカー名日本語,なし,"✅ 宇 宙 円 盤 舎 -Disctail,Inc.- / ホビー通販～未来屋～ / ビビッドメディアストア",5,6,3378,B0CDPTZCXP,ザ・フラッシュ ブルーレイ&DVDセット (2枚組),https://www.amazon.co.jp/dp/B0CDPTZCXP,https://www.google.com/search?q=%E3%83%AF%E3%83%BC%E3%83%8A%E3%83%BC%E3%83%BB%E3%83%96%E3%83%A9%E3%82%B6%E3%83%BC%E3%82%B9%E3%83%BB%E3%83%9B%E3%83%BC%E3%83%A0%E3%82%A8%E3%83%B3%E3%82%BF%E3%83%BC%E3%83%86%E3%82%A4%E3%83%A1%E3%83%B3%E3%83%88%20%E4%BC%9A%E7%A4%BE%E6%A6%82%E8%A6%81%20%E5%95%8F%E3%81%84%E5%90%88%E3%82%8F%E3%81%9B%20%E5%8D%B8,
ワーナーミュージック・ジャパン,10,ミュージック,条件付き（再販/版元カテゴリ）,ルートカテゴリ=ミュージック,A: 国内の第三者が2社以上で扱っている,規模未確認,JAN45/49／manufacturer日本語／メーカー名日本語,なし,総合アニメショップ「赤い熊さん」(oricon/Billboard加盟店) / RECORD CITY/DUBSTORE ※土日休み (総在庫数100万点以上のレコードCD専門店) / ブックマーケティング(ご注文確定前に表示の到着予定日をご確認下さい、ご注文後のキャンセルご遠慮下さい,3,5,2623,B0GNRV3YZ6,瞳へ落ちるよレコード - あいみょん (特典なし) [Analog],https://www.amazon.co.jp/dp/B0GNRV3YZ6,https://www.google.com/search?q=%E3%83%AF%E3%83%BC%E3%83%8A%E3%83%BC%E3%83%9F%E3%83%A5%E3%83%BC%E3%82%B8%E3%83%83%E3%82%AF%E3%83%BB%E3%82%B8%E3%83%A3%E3%83%91%E3%83%B3%20%E4%BC%9A%E7%A4%BE%E6%A6%82%E8%A6%81%20%E5%95%8F%E3%81%84%E5%90%88%E3%82%8F%E3%81%9B%20%E5%8D%B8,
Bloomsbury,9,洋書,条件付き（再販/版元カテゴリ）,ルートカテゴリ=洋書,A: 国内の第三者が2社以上で扱っている,規模未確認,なし,なし,★英国の販売代理店★ / ミスクショップ,2,6,5208,1408882272,Harry Potter and the Goblet of Fire,https://www.amazon.co.jp/dp/1408882272,https://www.google.com/search?q=Bloomsbury%20%E4%BC%9A%E7%A4%BE%E6%A6%82%E8%A6%81%20%E5%95%8F%E3%81%84%E5%90%88%E3%82%8F%E3%81%9B%20%E5%8D%B8,
NBCユニバーサル・エンターテイメントジャパン,7,DVD,条件付き（再販/版元カテゴリ）,ルートカテゴリ=DVD,A: 国内の第三者が2社以上で扱っている,規模未確認,JAN45/49／manufacturer日本語／メーカー名日本語,なし,Felista玉光堂 / バンダレコードweb店 / エスネット ストアー,5,5,3945,B01LTHL4P2,"MAMI KAWADA BEST “F""(初回限定盤CD×3+特典(CD×1/Blu-ray×3))",https://www.amazon.co.jp/dp/B01LTHL4P2,https://www.google.com/search?q=NBC%E3%83%A6%E3%83%8B%E3%83%90%E3%83%BC%E3%82%B5%E3%83%AB%E3%83%BB%E3%82%A8%E3%83%B3%E3%82%BF%E3%83%BC%E3%83%86%E3%82%A4%E3%83%A1%E3%83%B3%E3%83%88%E3%82%B8%E3%83%A3%E3%83%91%E3%83%B3%20%E4%BC%9A%E7%A4%BE%E6%A6%82%E8%A6%81%20%E5%95%8F%E3%81%84%E5%90%88%E3%82%8F%E3%81%9B%20%E5%8D%B8,
SME,7,ミュージック,条件付き（再販/版元カテゴリ）,ルートカテゴリ=ミュージック,A: 国内の第三者が2社以上で扱っている,規模未確認,JAN45/49,なし,Nally's shop (こちらをクリックするとその他の商品が見れます） / 夢工場 お宝マーケット / ヤナギ屋本店,6,6,1816,B089MR5Q7C,STRAY SHEEP (アートブック盤(Blu-ray)),https://www.amazon.co.jp/dp/B089MR5Q7C,https://www.google.com/search?q=SME%20%E4%BC%9A%E7%A4%BE%E6%A6%82%E8%A6%81%20%E5%95%8F%E3%81%84%E5%90%88%E3%82%8F%E3%81%9B%20%E5%8D%B8,
Simon & Schuster,7,洋書,条件付き（再販/版元カテゴリ）,ルートカテゴリ=洋書,A: 国内の第三者が2社以上で扱っている,規模未確認,なし,なし,エバワールド / 輸入雑貨店｜Florida Store / サムショップ,3,7,2111,1442344830,How To Win Friends And Influence People Deluxe 75th Annivers,https://www.amazon.co.jp/dp/1442344830,https://www.google.com/search?q=Simon%20%26%20Schuster%20%E4%BC%9A%E7%A4%BE%E6%A6%82%E8%A6%81%20%E5%95%8F%E3%81%84%E5%90%88%E3%82%8F%E3%81%9B%20%E5%8D%B8,
Sony,7,ゲーム,条件付き（再販/版元カテゴリ）,ルートカテゴリ=ゲーム,A: 国内の第三者が2社以上で扱っている,大企業確定,JAN45/49／manufacturer日本語,なし,Aでんきストア / ジャストフィットWEB店（アマゾン支店） / 秋葉原の電気屋さんyoshiba direct【平日16時までの受注当日出荷目安】,3,5,4337,B0865VN34L,ソニー 純正 テレビリモコン RMF-TX410J,https://www.amazon.co.jp/dp/B0865VN34L,https://www.google.com/search?q=Sony%20%E4%BC%9A%E7%A4%BE%E6%A6%82%E8%A6%81%20%E5%95%8F%E3%81%84%E5%90%88%E3%82%8F%E3%81%9B%20%E5%8D%B8,
バンダイビジュアル,7,DVD,条件付き（再販/版元カテゴリ）,ルートカテゴリ=DVD,A: 国内の第三者が2社以上で扱っている,大企業確定,JAN45/49／manufacturer日本語／メーカー名日本語,なし,Beautiful Lifeショップ / オフィスユウ / コモセンス,5,6,8415,B000VPOV36,超時空要塞マクロス 愛・おぼえていますか HDリマスター版 メモリアルボックス (初回限定生産) [DVD],https://www.amazon.co.jp/dp/B000VPOV36,https://www.google.com/search?q=%E3%83%90%E3%83%B3%E3%83%80%E3%82%A4%E3%83%93%E3%82%B8%E3%83%A5%E3%82%A2%E3%83%AB%20%E4%BC%9A%E7%A4%BE%E6%A6%82%E8%A6%81%20%E5%95%8F%E3%81%84%E5%90%88%E3%82%8F%E3%81%9B%20%E5%8D%B8,
KADOKAWA,6,本,条件付き（再販/版元カテゴリ）,ルートカテゴリ=本,A: 国内の第三者が2社以上で扱っている,規模未確認,JAN45/49,なし,松陰 書店 / タウンズマート / ✅HAP大阪店,6,6,1614,4044004331,合本俳句歳時記 第五版,https://www.amazon.co.jp/dp/4044004331,https://www.google.com/search?q=KADOKAWA%20%E4%BC%9A%E7%A4%BE%E6%A6%82%E8%A6%81%20%E5%95%8F%E3%81%84%E5%90%88%E3%82%8F%E3%81%9B%20%E5%8D%B8,
Universal Pictures,6,DVD,条件付き（再販/版元カテゴリ）,ルートカテゴリ=DVD,A: 国内の第三者が2社以上で扱っている,規模未確認,なし,なし,ひだまりShop,1,5,2513,B01I2BO5YA,"Lucy 4K, 2 UHD-Blu-ray",https://www.amazon.co.jp/dp/B01I2BO5YA,https://www.google.com/search?q=Universal%20Pictures%20%E4%BC%9A%E7%A4%BE%E6%A6%82%E8%A6%81%20%E5%95%8F%E3%81%84%E5%90%88%E3%82%8F%E3%81%9B%20%E5%8D%B8,
Warner,6,DVD,条件付き（再販/版元カテゴリ）,ルートカテゴリ=DVD,A: 国内の第三者が2社以上で扱っている,規模未確認,なし,なし,インポートショップ泉堂,1,5,4031,B08WV2XRNN,Batman v Superman: Dawn of Justice [Blu-ray],https://www.amazon.co.jp/dp/B08WV2XRNN,https://www.google.com/search?q=Warner%20%E4%BC%9A%E7%A4%BE%E6%A6%82%E8%A6%81%20%E5%95%8F%E3%81%84%E5%90%88%E3%82%8F%E3%81%9B%20%E5%8D%B8,
コナミデジタルエンタテインメント(Konami Digital Entertainment),6,ゲーム,条件付き（再販/版元カテゴリ）,ルートカテゴリ=ゲーム,A: 国内の第三者が2社以上で扱っている,規模未確認,JAN45/49／manufacturer日本語／メーカー名日本語,なし,やしがにストア / ＠タフコーポレーション　「コンディション説明欄をご確認の上ご注文ください」 / RT STORE [迅速配達] インボイス発行事業者,5,5,3353,B0C89TNCZB,SW版 METAL GEAR SOLID: MASTER COLLECTION Vol.1,https://www.amazon.co.jp/dp/B0C89TNCZB,https://www.google.com/search?q=%E3%82%B3%E3%83%8A%E3%83%9F%E3%83%87%E3%82%B8%E3%82%BF%E3%83%AB%E3%82%A8%E3%83%B3%E3%82%BF%E3%83%86%E3%82%A4%E3%83%B3%E3%83%A1%E3%83%B3%E3%83%88%28Konami%20Digital%20Entertainment%29%20%E4%BC%9A%E7%A4%BE%E6%A6%82%E8%A6%81%20%E5%95%8F%E3%81%84%E5%90%88%E3%82%8F%E3%81%9B%20%E5%8D%B8,
KT,5,ゲーム,条件付き（再販/版元カテゴリ）,ルートカテゴリ=ゲーム,A: 国内の第三者が2社以上で扱っている,規模未確認,JAN45/49／manufacturer日本語,なし,tarii's shop(広島支店) / R372本店 / カーソンズマート　オンライン,6,6,5323,B07Q2ZSKFQ,進撃の巨人2 -Final Battle-,https://www.amazon.co.jp/dp/B07Q2ZSKFQ,https://www.google.com/search?q=KT%20%E4%BC%9A%E7%A4%BE%E6%A6%82%E8%A6%81%20%E5%95%8F%E3%81%84%E5%90%88%E3%82%8F%E3%81%9B%20%E5%8D%B8,
Listening Library,5,洋書,条件付き（再販/版元カテゴリ）,ルートカテゴリ=洋書,A: 国内の第三者が2社以上で扱っている,規模未確認,なし,なし,★英国の販売代理店★,1,5,3313,0807282324,Harry Potter and the Prisoner of Azkaban,https://www.amazon.co.jp/dp/0807282324,https://www.google.com/search?q=Listening%20Library%20%E4%BC%9A%E7%A4%BE%E6%A6%82%E8%A6%81%20%E5%95%8F%E3%81%84%E5%90%88%E3%82%8F%E3%81%9B%20%E5%8D%B8,
Mobile Fidelity Sound Lab,5,ミュージック,条件付き（再販/版元カテゴリ）,ルートカテゴリ=ミュージック,A: 国内の第三者が2社以上で扱っている,規模未確認,なし,なし,グローバル・ハブ / townsandstreets（国内発送）,2,3,4471,B0B1ZZGPKT,Thriller (Mobile Fidelity SACD),https://www.amazon.co.jp/dp/B0B1ZZGPKT,https://www.google.com/search?q=Mobile%20Fidelity%20Sound%20Lab%20%E4%BC%9A%E7%A4%BE%E6%A6%82%E8%A6%81%20%E5%95%8F%E3%81%84%E5%90%88%E3%82%8F%E3%81%9B%20%E5%8D%B8,
SBクリエイティブ,5,本,条件付き（再販/版元カテゴリ）,ルートカテゴリ=本,A: 国内の第三者が2社以上で扱っている,規模未確認,manufacturer日本語／メーカー名日本語,なし,AK89オンラインショップ / 招き猫堂オンライン / ブックマーケティング(ご注文確定前に表示の到着予定日をご確認下さい、ご注文後のキャンセルご遠慮下さい,5,6,2953,4815636796,ダンジョンに出会いを求めるのは間違っているだろうか 21　小冊子付き特装版＋外伝ソード・オラトリア16　小冊子付き特装版,https://www.amazon.co.jp/dp/4815636796,https://www.google.com/search?q=SB%E3%82%AF%E3%83%AA%E3%82%A8%E3%82%A4%E3%83%86%E3%82%A3%E3%83%96%20%E4%BC%9A%E7%A4%BE%E6%A6%82%E8%A6%81%20%E5%95%8F%E3%81%84%E5%90%88%E3%82%8F%E3%81%9B%20%E5%8D%B8,
トイズファクトリー,5,ミュージック,条件付き（再販/版元カテゴリ）,ルートカテゴリ=ミュージック,A: 国内の第三者が2社以上で扱っている,規模未確認,JAN45/49／manufacturer日本語／メーカー名日本語,なし,ノハナmarket☆インボイス適格請求書発行事業者 / ★am store★ご購入前に店舗名をクリックし「出品者について」をお読みください / ブックマーケティング(ご注文確定前に表示の到着予定日をご確認下さい、ご注文後のキャンセルご遠慮下さい,3,5,3289,B0D2CQWZ2S,Iris (初回生産限定盤) - BUMP OF CHICKEN,https://www.amazon.co.jp/dp/B0D2CQWZ2S,https://www.google.com/search?q=%E3%83%88%E3%82%A4%E3%82%BA%E3%83%95%E3%82%A1%E3%82%AF%E3%83%88%E3%83%AA%E3%83%BC%20%E4%BC%9A%E7%A4%BE%E6%A6%82%E8%A6%81%20%E5%95%8F%E3%81%84%E5%90%88%E3%82%8F%E3%81%9B%20%E5%8D%B8,
小学館,5,本,条件付き（再販/版元カテゴリ）,ルートカテゴリ=本,A: 国内の第三者が2社以上で扱っている,規模未確認,JAN45/49／manufacturer日本語／メーカー名日本語,なし,AK89オンラインショップ / KMG【インボイス対応/適格事業者】 / ショップＪＩＮＢＥＩ本店【すり替え・模造品対策店舗 】,4,5,8365,B0FXKJM929,美的スペシャル１月号増刊,https://www.amazon.co.jp/dp/B0FXKJM929,https://www.google.com/search?q=%E5%B0%8F%E5%AD%A6%E9%A4%A8%20%E4%BC%9A%E7%A4%BE%E6%A6%82%E8%A6%81%20%E5%95%8F%E3%81%84%E5%90%88%E3%82%8F%E3%81%9B%20%E5%8D%B8,
Capitol,4,DVD,条件付き（再販/版元カテゴリ）,ルートカテゴリ=DVD,A: 国内の第三者が2社以上で扱っている,規模未確認,JAN45/49,なし,リル書房 / ブックマーケティング(ご注文確定前に表示の到着予定日をご確認下さい、ご注文後のキャンセルご遠慮下さい / ホビー通販～未来屋～,3,4,5665,B0D7ZV5JRW,Travis Japan Concert Tour 2024 “Road to Authenticity“ (初回盤)(,https://www.amazon.co.jp/dp/B0D7ZV5JRW,https://www.google.com/search?q=Capitol%20%E4%BC%9A%E7%A4%BE%E6%A6%82%E8%A6%81%20%E5%95%8F%E3%81%84%E5%90%88%E3%82%8F%E3%81%9B%20%E5%8D%B8,
Gakken,4,本,条件付き（再販/版元カテゴリ）,ルートカテゴリ=本,A: 国内の第三者が2社以上で扱っている,規模未確認,manufacturer日本語,なし,プルート書店（インボイス対応店舗） / ブックマーケティング(ご注文確定前に表示の到着予定日をご確認下さい、ご注文後のキャンセルご遠慮下さい / グローバルエクスプレス有楽町本店【当日お急ぎ便対応】,5,6,806,4053038634,算数おもしろ大事典IQ 増補改訂版,https://www.amazon.co.jp/dp/4053038634,https://www.google.com/search?q=Gakken%20%E4%BC%9A%E7%A4%BE%E6%A6%82%E8%A6%81%20%E5%95%8F%E3%81%84%E5%90%88%E3%82%8F%E3%81%9B%20%E5%8D%B8,
Happinet,4,DVD,条件付き（再販/版元カテゴリ）,ルートカテゴリ=DVD,A: 国内の第三者が2社以上で扱っている,規模未確認,JAN45/49／manufacturer日本語,なし,"✅ 宇 宙 円 盤 舎 -Disctail,Inc.- / ブックマーケティング(ご注文確定前に表示の到着予定日をご確認下さい、ご注文後のキャンセルご遠慮下さい / Dショップオンライン",4,4,3939,B0FHGTWK9Q,ゲームセンターCX　DVD-BOX22　初回限定特別版 [DVD],https://www.amazon.co.jp/dp/B0FHGTWK9Q,https://www.google.com/search?q=Happinet%20%E4%BC%9A%E7%A4%BE%E6%A6%82%E8%A6%81%20%E5%95%8F%E3%81%84%E5%90%88%E3%82%8F%E3%81%9B%20%E5%8D%B8,
King Records,4,DVD,条件付き（再販/版元カテゴリ）,ルートカテゴリ=DVD,A: 国内の第三者が2社以上で扱っている,規模未確認,JAN45/49／manufacturer日本語,なし,NPNMN web shop （こちらからその他の商品もご覧いただけます） / 株式会社D-come / ステップREIKODO 八千代店,3,5,2305,B00007KKUI,パピヨン-製作30周年記念特別版- [DVD],https://www.amazon.co.jp/dp/B00007KKUI,https://www.google.com/search?q=King%20Records%20%E4%BC%9A%E7%A4%BE%E6%A6%82%E8%A6%81%20%E5%95%8F%E3%81%84%E5%90%88%E3%82%8F%E3%81%9B%20%E5%8D%B8,
Paramount Home Entertainment,4,DVD,条件付き（再販/版元カテゴリ）,ルートカテゴリ=DVD,A: 国内の第三者が2社以上で扱っている,規模未確認,なし,なし,インポートショップ泉堂,1,5,5236,B00N1VJQ32,Indiana Jones and the Last Crusade - Zavvi Exclusive Limited,https://www.amazon.co.jp/dp/B00N1VJQ32,https://www.google.com/search?q=Paramount%20Home%20Entertainment%20%E4%BC%9A%E7%A4%BE%E6%A6%82%E8%A6%81%20%E5%95%8F%E3%81%84%E5%90%88%E3%82%8F%E3%81%9B%20%E5%8D%B8,
Turtleback,4,洋書,条件付き（再販/版元カテゴリ）,ルートカテゴリ=洋書,A: 国内の第三者が2社以上で扱っている,規模未確認,なし,なし,★英国の販売代理店★,1,6,3624,0613872975,Holes,https://www.amazon.co.jp/dp/0613872975,https://www.google.com/search?q=Turtleback%20%E4%BC%9A%E7%A4%BE%E6%A6%82%E8%A6%81%20%E5%95%8F%E3%81%84%E5%90%88%E3%82%8F%E3%81%9B%20%E5%8D%B8,
Zach Top,4,ミュージック,条件付き（再販/版元カテゴリ）,ルートカテゴリ=ミュージック,A: 国内の第三者が2社以上で扱っている,規模未確認,JAN45/49,なし,"HMV_record_shop_コピス吉祥寺 / ✅ 宇 宙 円 盤 舎 -Disctail,Inc.- / ブックマーケティング(ご注文確定前に表示の到着予定日をご確認下さい、ご注文後のキャンセルご遠慮下さい",4,6,3667,B0DDWXN1TM,Modal Soul,https://www.amazon.co.jp/dp/B0DDWXN1TM,https://www.google.com/search?q=Zach%20Top%20%E4%BC%9A%E7%A4%BE%E6%A6%82%E8%A6%81%20%E5%95%8F%E3%81%84%E5%90%88%E3%82%8F%E3%81%9B%20%E5%8D%B8,
カプコン(CAPCOM),4,ゲーム,条件付き（再販/版元カテゴリ）,ルートカテゴリ=ゲーム,A: 国内の第三者が2社以上で扱っている,規模未確認,JAN45/49／manufacturer日本語／メーカー名日本語,なし,クイックプラス / タウンズマート / 松陰 書店,3,3,3657,B01GH8WTHK,戦国BASARA4 皇 Best Price,https://www.amazon.co.jp/dp/B01GH8WTHK,https://www.google.com/search?q=%E3%82%AB%E3%83%97%E3%82%B3%E3%83%B3%28CAPCOM%29%20%E4%BC%9A%E7%A4%BE%E6%A6%82%E8%A6%81%20%E5%95%8F%E3%81%84%E5%90%88%E3%82%8F%E3%81%9B%20%E5%8D%B8,
バンプレスト,4,ゲーム,条件付き（再販/版元カテゴリ）,ルートカテゴリ=ゲーム,A: 国内の第三者が2社以上で扱っている,規模未確認,JAN45/49／manufacturer日本語／メーカー名日本語,なし,アイルオンラインストア ※すり替え対策店※ ★賞味期限あるものはコンディションにて要確認★ / ドラビス (インボイス対応店舗) / 赤マムシ堂,3,4,2490,B0001AE3CA,スーパーロボット大戦MX,https://www.amazon.co.jp/dp/B0001AE3CA,https://www.google.com/search?q=%E3%83%90%E3%83%B3%E3%83%97%E3%83%AC%E3%82%B9%E3%83%88%20%E4%BC%9A%E7%A4%BE%E6%A6%82%E8%A6%81%20%E5%95%8F%E3%81%84%E5%90%88%E3%82%8F%E3%81%9B%20%E5%8D%B8,
マイクロソフト,4,ゲーム,条件付き（再販/版元カテゴリ）,ルートカテゴリ=ゲーム,A: 国内の第三者が2社以上で扱っている,規模未確認,JAN45/49／manufacturer日本語／メーカー名日本語,なし,【適格請求書発行事業者】AI電気 / Nkzrストア,2,2,4612,B0FCRL29CW,NINJA GAIDEN 4 Deluxe Edition -PS5 【特典】リュウ用スキン「トラディショナルダークブル,https://www.amazon.co.jp/dp/B0FCRL29CW,https://www.google.com/search?q=%E3%83%9E%E3%82%A4%E3%82%AF%E3%83%AD%E3%82%BD%E3%83%95%E3%83%88%20%E4%BC%9A%E7%A4%BE%E6%A6%82%E8%A6%81%20%E5%95%8F%E3%81%84%E5%90%88%E3%82%8F%E3%81%9B%20%E5%8D%B8,
レベルファイブ,4,ゲーム,条件付き（再販/版元カテゴリ）,ルートカテゴリ=ゲーム,A: 国内の第三者が2社以上で扱っている,規模未確認,JAN45/49／manufacturer日本語／メーカー名日本語,なし,あす着年中無休16時迄ご注文分即日出荷翌日お届け（北海道北東北沖縄県は翌々日）自社出荷プロエフ / A'Sストア☆インボイス適格請求書発行対応/ / キューブオンラインストア(インボイス対応）,5,6,2214,B007UYAKR2,ダンボール戦機 爆ブースト - 3DS,https://www.amazon.co.jp/dp/B007UYAKR2,https://www.google.com/search?q=%E3%83%AC%E3%83%99%E3%83%AB%E3%83%95%E3%82%A1%E3%82%A4%E3%83%96%20%E4%BC%9A%E7%A4%BE%E6%A6%82%E8%A6%81%20%E5%95%8F%E3%81%84%E5%90%88%E3%82%8F%E3%81%9B%20%E5%8D%B8,
東宝,4,DVD,条件付き（再販/版元カテゴリ）,ルートカテゴリ=DVD,A: 国内の第三者が2社以上で扱っている,規模未確認,JAN45/49／manufacturer日本語／メーカー名日本語,なし,OKU_SHOP【適格請求書発行事業者】 / 【✅お急ぎ便対応】クールジャパンストア【インボイス登録店 / ディスク本舗 web店【年中無休、インボイス制度対応】,4,6,5318,B00OZDAYPY,GODZILLA ゴジラ[2014] 完全数量限定生産5枚組 S.H.MonsterArts GODZILLA[2014,https://www.amazon.co.jp/dp/B00OZDAYPY,https://www.google.com/search?q=%E6%9D%B1%E5%AE%9D%20%E4%BC%9A%E7%A4%BE%E6%A6%82%E8%A6%81%20%E5%95%8F%E3%81%84%E5%90%88%E3%82%8F%E3%81%9B%20%E5%8D%B8,
集英社,4,本,条件付き（再販/版元カテゴリ）,ルートカテゴリ=本,A: 国内の第三者が2社以上で扱っている,規模未確認,manufacturer日本語／メーカー名日本語,なし,enshop410【迅速・丁寧・安心・確実】インボイス登録店舗 / タウンズマート / 松陰 書店,5,6,466,4087798283,バンダイ公認 ONE PIECE CARD GAME 3rd ANNIVERSARY COMPLETE GUIDE (V,https://www.amazon.co.jp/dp/4087798283,https://www.google.com/search?q=%E9%9B%86%E8%8B%B1%E7%A4%BE%20%E4%BC%9A%E7%A4%BE%E6%A6%82%E8%A6%81%20%E5%95%8F%E3%81%84%E5%90%88%E3%82%8F%E3%81%9B%20%E5%8D%B8,
Arrow Video,3,DVD,条件付き（再販/版元カテゴリ）,ルートカテゴリ=DVD,A: 国内の第三者が2社以上で扱っている,規模未確認,なし,なし,ワイツー総合ショップ / ホロニックパス,2,6,2571,B08BDVMZJV,Cinema Paradiso [4k UHD Blu-ray],https://www.amazon.co.jp/dp/B08BDVMZJV,https://www.google.com/search?q=Arrow%20Video%20%E4%BC%9A%E7%A4%BE%E6%A6%82%E8%A6%81%20%E5%95%8F%E3%81%84%E5%90%88%E3%82%8F%E3%81%9B%20%E5%8D%B8,
Brook,3,ゲーム,条件付き（再販/版元カテゴリ）,ルートカテゴリ=ゲーム,A: 国内の第三者が2社以上で扱っている,規模未確認,JAN45/49,なし,Lotus Store(ロータスストア） / リトルフィールド,2,3,4305,B0BV2FW229,Brook Wingman XE2 ウィングマンコンバーターXE2 PS4/PS3/NS/NS2ゲーム機に対応 PS5/,https://www.amazon.co.jp/dp/B0BV2FW229,https://www.google.com/search?q=Brook%20%E4%BC%9A%E7%A4%BE%E6%A6%82%E8%A6%81%20%E5%95%8F%E3%81%84%E5%90%88%E3%82%8F%E3%81%9B%20%E5%8D%B8,
Crimson,3,ミュージック,条件付き（再販/版元カテゴリ）,ルートカテゴリ=ミュージック,A: 国内の第三者が2社以上で扱っている,規模未確認,JAN45/49／manufacturer日本語,なし,エスネット ストアー / ☆すり替え犯罪対策店☆グリーン・フェアリー / ブックマーケティング(ご注文確定前に表示の到着予定日をご確認下さい、ご注文後のキャンセルご遠慮下さい,4,4,3778,B076DZQJHZ,DINOSAUR (初回限定盤)(Blu-ray付),https://www.amazon.co.jp/dp/B076DZQJHZ,https://www.google.com/search?q=Crimson%20%E4%BC%9A%E7%A4%BE%E6%A6%82%E8%A6%81%20%E5%95%8F%E3%81%84%E5%90%88%E3%82%8F%E3%81%9B%20%E5%8D%B8,
ERJ,3,ミュージック,条件付き（再販/版元カテゴリ）,ルートカテゴリ=ミュージック,A: 国内の第三者が2社以上で扱っている,規模未確認,JAN45/49,なし,"高山音楽堂 / ★am store★ご購入前に店舗名をクリックし「出品者について」をお読みください / ✅ 宇 宙 円 盤 舎 -Disctail,Inc.-",5,6,3420,B09MZ779C4,Actor (初回生産限定盤),https://www.amazon.co.jp/dp/B09MZ779C4,https://www.google.com/search?q=ERJ%20%E4%BC%9A%E7%A4%BE%E6%A6%82%E8%A6%81%20%E5%95%8F%E3%81%84%E5%90%88%E3%82%8F%E3%81%9B%20%E5%8D%B8,
Import,3,ミュージック,条件付き（再販/版元カテゴリ）,ルートカテゴリ=ミュージック,A: 国内の第三者が2社以上で扱っている,規模未確認,なし,なし,townsandstreets（国内発送） / ★英国の販売代理店★,2,4,2638,B00IF3R4D0,What's Going On (LP) (Ltd) (Re-Press) [Analog],https://www.amazon.co.jp/dp/B00IF3R4D0,https://www.google.com/search?q=Import%20%E4%BC%9A%E7%A4%BE%E6%A6%82%E8%A6%81%20%E5%95%8F%E3%81%84%E5%90%88%E3%82%8F%E3%81%9B%20%E5%8D%B8,
Johnny & Associates,3,DVD,条件付き（再販/版元カテゴリ）,ルートカテゴリ=DVD,A: 国内の第三者が2社以上で扱っている,規模未確認,JAN45/49,なし,★品質第一★ / 【藤川工房 SE 適格請求書発行事業者 】ここをクリック頂き出品者についてをご確認下さい / 【商品写真あり】緋色良品本舗,3,4,5238,B09VGVS38Z,【メーカー特典あり】Snow Man LIVE TOUR 2021 Mania(Blu-ray3枚組)(初回盤)(外付け,https://www.amazon.co.jp/dp/B09VGVS38Z,https://www.google.com/search?q=Johnny%20%26%20Associates%20%E4%BC%9A%E7%A4%BE%E6%A6%82%E8%A6%81%20%E5%95%8F%E3%81%84%E5%90%88%E3%82%8F%E3%81%9B%20%E5%8D%B8,
Motowolf,3,DVD,条件付き（再販/版元カテゴリ）,ルートカテゴリ=DVD,A: 国内の第三者が2社以上で扱っている,規模未確認,JAN45/49／manufacturer日本語,なし,★am store★ご購入前に店舗名をクリックし「出品者について」をお読みください / 東京エムケイセンター本店 / ブックマーケティング(ご注文確定前に表示の到着予定日をご確認下さい、ご注文後のキャンセルご遠慮下さい,4,4,5078,B07YWQ9F7C,"LIVE TOUR 2019 “キミは見てくれが悪いんだから、アホ丸出しでマイクを握ってろ!!"" だと!? ふざけるな!",https://www.amazon.co.jp/dp/B07YWQ9F7C,https://www.google.com/search?q=Motowolf%20%E4%BC%9A%E7%A4%BE%E6%A6%82%E8%A6%81%20%E5%95%8F%E3%81%84%E5%90%88%E3%82%8F%E3%81%9B%20%E5%8D%B8,
NBCユニバーサル・エンターテイメントジャパン(LAQ),3,DVD,条件付き（再販/版元カテゴリ）,ルートカテゴリ=DVD,A: 国内の第三者が2社以上で扱っている,規模未確認,JAN45/49／メーカー名日本語,なし,Beautiful Lifeショップ / 蟹座ショップ/インボイス対応済 / 月風堂。,4,6,10284,B06XKX426L,雲が描いた月明り Blu-ray SET2 140分特典映像DVDディスク付,https://www.amazon.co.jp/dp/B06XKX426L,https://www.google.com/search?q=NBC%E3%83%A6%E3%83%8B%E3%83%90%E3%83%BC%E3%82%B5%E3%83%AB%E3%83%BB%E3%82%A8%E3%83%B3%E3%82%BF%E3%83%BC%E3%83%86%E3%82%A4%E3%83%A1%E3%83%B3%E3%83%88%E3%82%B8%E3%83%A3%E3%83%91%E3%83%B3%28LAQ%29%20%E4%BC%9A%E7%A4%BE%E6%A6%82%E8%A6%81%20%E5%95%8F%E3%81%84%E5%90%88%E3%82%8F%E3%81%9B%20%E5%8D%B8,
Perfection Learning,3,洋書,条件付き（再販/版元カテゴリ）,ルートカテゴリ=洋書,A: 国内の第三者が2社以上で扱っている,規模未確認,なし,なし,★英国の販売代理店★,1,6,3636,0780799607,Holes (Yearling Newbery),https://www.amazon.co.jp/dp/0780799607,https://www.google.com/search?q=Perfection%20Learning%20%E4%BC%9A%E7%A4%BE%E6%A6%82%E8%A6%81%20%E5%95%8F%E3%81%84%E5%90%88%E3%82%8F%E3%81%9B%20%E5%8D%B8,
Rhino,3,ミュージック,条件付き（再販/版元カテゴリ）,ルートカテゴリ=ミュージック,A: 国内の第三者が2社以上で扱っている,規模未確認,なし,なし,ブックマーケティング(ご注文確定前に表示の到着予定日をご確認下さい、ご注文後のキャンセルご遠慮下さい / townsandstreets（国内発送） / ビビッドメディアストア,3,5,4892,B076BWHMDP,HOTEL CALIFORNIA (DELUXE EDITION) [2CD+BLURAY] (40TH ANNIVER,https://www.amazon.co.jp/dp/B076BWHMDP,https://www.google.com/search?q=Rhino%20%E4%BC%9A%E7%A4%BE%E6%A6%82%E8%A6%81%20%E5%95%8F%E3%81%84%E5%90%88%E3%82%8F%E3%81%9B%20%E5%8D%B8,
Rhythm Zone,3,ミュージック,条件付き（再販/版元カテゴリ）,ルートカテゴリ=ミュージック,A: 国内の第三者が2社以上で扱っている,規模未確認,JAN45/49,なし,"バンダレコードweb店 / エスネット ストアー / ✅ 宇 宙 円 盤 舎 -Disctail,Inc.-",5,5,4757,B09TBKLLT5,ONE(CD3枚組+DVD5枚組)(初回生産限定盤),https://www.amazon.co.jp/dp/B09TBKLLT5,https://www.google.com/search?q=Rhythm%20Zone%20%E4%BC%9A%E7%A4%BE%E6%A6%82%E8%A6%81%20%E5%95%8F%E3%81%84%E5%90%88%E3%82%8F%E3%81%9B%20%E5%8D%B8,
SACRA MUSIC,3,ミュージック,条件付き（再販/版元カテゴリ）,ルートカテゴリ=ミュージック,A: 国内の第三者が2社以上で扱っている,規模未確認,JAN45/49,なし,★am store★ご購入前に店舗名をクリックし「出品者について」をお読みください / ディスク本舗 web店【年中無休、インボイス制度対応】 / ブックマーケティング(ご注文確定前に表示の到着予定日をご確認下さい、ご注文後のキャンセルご遠慮下さい,4,4,4977,B07735D31V,"GREATEST HITS 2011-2017“ALTER EGO""(初回生産限定盤A)(Blu-ray Disc付)",https://www.amazon.co.jp/dp/B07735D31V,https://www.google.com/search?q=SACRA%20MUSIC%20%E4%BC%9A%E7%A4%BE%E6%A6%82%E8%A6%81%20%E5%95%8F%E3%81%84%E5%90%88%E3%82%8F%E3%81%9B%20%E5%8D%B8,
The Beatles,3,ミュージック,条件付き（再販/版元カテゴリ）,ルートカテゴリ=ミュージック,A: 国内の第三者が2社以上で扱っている,規模未確認,なし,なし,★英国の販売代理店★ / townsandstreets（国内発送） / インポートショップ泉堂,3,6,1347,B0025KVLT2,Rubber Soul,https://www.amazon.co.jp/dp/B0025KVLT2,https://www.google.com/search?q=The%20Beatles%20%E4%BC%9A%E7%A4%BE%E6%A6%82%E8%A6%81%20%E5%95%8F%E3%81%84%E5%90%88%E3%82%8F%E3%81%9B%20%E5%8D%B8,
Xl Recordings,3,ミュージック,条件付き（再販/版元カテゴリ）,ルートカテゴリ=ミュージック,A: 国内の第三者が2社以上で扱っている,規模未確認,なし,なし,★英国の販売代理店★,1,6,2554,B08P8QKG92,25 [Analog],https://www.amazon.co.jp/dp/B08P8QKG92,https://www.google.com/search?q=Xl%20Recordings%20%E4%BC%9A%E7%A4%BE%E6%A6%82%E8%A6%81%20%E5%95%8F%E3%81%84%E5%90%88%E3%82%8F%E3%81%9B%20%E5%8D%B8,
avex trax,3,DVD,条件付き（再販/版元カテゴリ）,ルートカテゴリ=DVD,A: 国内の第三者が2社以上で扱っている,規模未確認,JAN45/49,なし,"✅ 宇 宙 円 盤 舎 -Disctail,Inc.- / ブックマーケティング(ご注文確定前に表示の到着予定日をご確認下さい、ご注文後のキャンセルご遠慮下さい",2,4,5948,B09VXJRSCT,AAA DOME TOUR 15th ANNIVERSARY -thanx AAA lot-(Blu-ray4枚組)(特,https://www.amazon.co.jp/dp/B09VXJRSCT,https://www.google.com/search?q=avex%20trax%20%E4%BC%9A%E7%A4%BE%E6%A6%82%E8%A6%81%20%E5%95%8F%E3%81%84%E5%90%88%E3%82%8F%E3%81%9B%20%E5%8D%B8,
アリオラジャパン,3,ミュージック,条件付き（再販/版元カテゴリ）,ルートカテゴリ=ミュージック,A: 国内の第三者が2社以上で扱っている,規模未確認,JAN45/49／manufacturer日本語／メーカー名日本語,なし,"BOOKいち・にっ・さん 迅速丁寧に年中無休で発送中 / ブックマーケティング(ご注文確定前に表示の到着予定日をご確認下さい、ご注文後のキャンセルご遠慮下さい / ✅ 宇 宙 円 盤 舎 -Disctail,Inc.-",4,5,3217,B09LYFXXHK,壱 (初回生産限定盤C) (CD+BD、YUURI透明文字抜きスリーブケース+3面デジパック豪華仕様),https://www.amazon.co.jp/dp/B09LYFXXHK,https://www.google.com/search?q=%E3%82%A2%E3%83%AA%E3%82%AA%E3%83%A9%E3%82%B8%E3%83%A3%E3%83%91%E3%83%B3%20%E4%BC%9A%E7%A4%BE%E6%A6%82%E8%A6%81%20%E5%95%8F%E3%81%84%E5%90%88%E3%82%8F%E3%81%9B%20%E5%8D%B8,
スパイク・チュンソフト,3,ゲーム,条件付き（再販/版元カテゴリ）,ルートカテゴリ=ゲーム,A: 国内の第三者が2社以上で扱っている,規模未確認,JAN45/49／manufacturer日本語／メーカー名日本語,なし,mk store az店 / モモタネット / 志希カンパニー,4,5,1964,B0BMVCTFT9,ウィッチャー３ ワイルドハント コンプリートエディション -PS5,https://www.amazon.co.jp/dp/B0BMVCTFT9,https://www.google.com/search?q=%E3%82%B9%E3%83%91%E3%82%A4%E3%82%AF%E3%83%BB%E3%83%81%E3%83%A5%E3%83%B3%E3%82%BD%E3%83%95%E3%83%88%20%E4%BC%9A%E7%A4%BE%E6%A6%82%E8%A6%81%20%E5%95%8F%E3%81%84%E5%90%88%E3%82%8F%E3%81%9B%20%E5%8D%B8,
バップ,3,DVD,条件付き（再販/版元カテゴリ）,ルートカテゴリ=DVD,A: 国内の第三者が2社以上で扱っている,規模未確認,JAN45/49／manufacturer日本語／メーカー名日本語,なし,jspeed株式会社 / 古田商店【迅速出荷致します】 / セレクトストアASA,3,4,3590,B001GC15EG,ルパン三世「カリオストロの城」 [Blu-ray],https://www.amazon.co.jp/dp/B001GC15EG,https://www.google.com/search?q=%E3%83%90%E3%83%83%E3%83%97%20%E4%BC%9A%E7%A4%BE%E6%A6%82%E8%A6%81%20%E5%95%8F%E3%81%84%E5%90%88%E3%82%8F%E3%81%9B%20%E5%8D%B8,
パラマウント,3,DVD,条件付き（再販/版元カテゴリ）,ルートカテゴリ=DVD,A: 国内の第三者が2社以上で扱っている,規模未確認,JAN45/49／manufacturer日本語／メーカー名日本語,なし,ECJOY！ブックス [適格請求書発行事業者登録済] / エスネット ストアー / ときめき ライフ,3,3,4593,B075MM95TM,トランスフォーマー/リベンジ (4K ULTRA HD + Blu-rayセット) [4K ULTRA HD + Blu,https://www.amazon.co.jp/dp/B075MM95TM,https://www.google.com/search?q=%E3%83%91%E3%83%A9%E3%83%9E%E3%82%A6%E3%83%B3%E3%83%88%20%E4%BC%9A%E7%A4%BE%E6%A6%82%E8%A6%81%20%E5%95%8F%E3%81%84%E5%90%88%E3%82%8F%E3%81%9B%20%E5%8D%B8,
ホリ,3,ゲーム,条件付き（再販/版元カテゴリ）,ルートカテゴリ=ゲーム,A: 国内の第三者が2社以上で扱っている,規模未確認,JAN45/49／manufacturer日本語／メーカー名日本語,なし,株式会社ホリ / パソコン工房 / おもちゃ＆ホビーSHOP あまのや ≪年中無休≫,3,4,3392,B0DWWCG42V,【最新アップデート適用済み】ホリ ファイティングコマンダーOCTA Pro 天面6ボタン SPF-040【SONYライセ,https://www.amazon.co.jp/dp/B0DWWCG42V,https://www.google.com/search?q=%E3%83%9B%E3%83%AA%20%E4%BC%9A%E7%A4%BE%E6%A6%82%E8%A6%81%20%E5%95%8F%E3%81%84%E5%90%88%E3%82%8F%E3%81%9B%20%E5%8D%B8,
マガジンハウス,3,本,条件付き（再販/版元カテゴリ）,ルートカテゴリ=本,A: 国内の第三者が2社以上で扱っている,規模未確認,JAN45/49／manufacturer日本語／メーカー名日本語,なし,星輝（ライト）本店 / ☆★林檎書房★☆ / ブックマーケティング(ご注文確定前に表示の到着予定日をご確認下さい、ご注文後のキャンセルご遠慮下さい,3,4,323,4838757816,Casa BRUTUS &Premium 特別編集 ミナ ペルホネンと皆川 明 30周年特装版 (MAGAZINE HO,https://www.amazon.co.jp/dp/4838757816,https://www.google.com/search?q=%E3%83%9E%E3%82%AC%E3%82%B8%E3%83%B3%E3%83%8F%E3%82%A6%E3%82%B9%20%E4%BC%9A%E7%A4%BE%E6%A6%82%E8%A6%81%20%E5%95%8F%E3%81%84%E5%90%88%E3%82%8F%E3%81%9B%20%E5%8D%B8,
東映,3,DVD,条件付き（再販/版元カテゴリ）,ルートカテゴリ=DVD,A: 国内の第三者が2社以上で扱っている,規模未確認,JAN45/49／メーカー名日本語,なし,【公式】Rire / オンラインレコード兵庫店 年中無休２４時間営業中,2,4,3962,B0CLPD66L2,【メーカー特典あり】映画『THE FIRST SLAM DUNK』STANDARD EDITION　早期予約特典“湘北ユ,https://www.amazon.co.jp/dp/B0CLPD66L2,https://www.google.com/search?q=%E6%9D%B1%E6%98%A0%20%E4%BC%9A%E7%A4%BE%E6%A6%82%E8%A6%81%20%E5%95%8F%E3%81%84%E5%90%88%E3%82%8F%E3%81%9B%20%E5%8D%B8,
株式会社ストームレーベルズ/イーラブ・レーベル,3,DVD,条件付き（再販/版元カテゴリ）,ルートカテゴリ=DVD,A: 国内の第三者が2社以上で扱っている,規模未確認,manufacturer日本語／メーカー名日本語／日本法人格,なし,ホビー通販～未来屋～ / 海賊王★土日祝休業。通常は購入日の翌日に配送★電話対応NG質問はメールで★家電は離島発送不可,2,2,8637,B0DBYRN6BD,【メーカー特典あり】NEWS 20th Anniversary LIVE 2023 in TOKYO DOME BEST,https://www.amazon.co.jp/dp/B0DBYRN6BD,https://www.google.com/search?q=%E6%A0%AA%E5%BC%8F%E4%BC%9A%E7%A4%BE%E3%82%B9%E3%83%88%E3%83%BC%E3%83%A0%E3%83%AC%E3%83%BC%E3%83%99%E3%83%AB%E3%82%BA/%E3%82%A4%E3%83%BC%E3%83%A9%E3%83%96%E3%83%BB%E3%83%AC%E3%83%BC%E3%83%99%E3%83%AB%20%E4%BC%9A%E7%A4%BE%E6%A6%82%E8%A6%81%20%E5%95%8F%E3%81%84%E5%90%88%E3%82%8F%E3%81%9B%20%E5%8D%B8,
河合出版,3,本,条件付き（再販/版元カテゴリ）,ルートカテゴリ=本,A: 国内の第三者が2社以上で扱っている,規模未確認,manufacturer日本語／メーカー名日本語,なし,大島屋　東京本店 / オンラインストア ＫＪ-ＯＮＥ【適格請求書発行事業者】 / 松陰 書店,5,5,165,4777229823,2026共通テスト対策問題パック (河合塾SERIES),https://www.amazon.co.jp/dp/4777229823,https://www.google.com/search?q=%E6%B2%B3%E5%90%88%E5%87%BA%E7%89%88%20%E4%BC%9A%E7%A4%BE%E6%A6%82%E8%A6%81%20%E5%95%8F%E3%81%84%E5%90%88%E3%82%8F%E3%81%9B%20%E5%8D%B8,
経済法令研究会,3,本,条件付き（再販/版元カテゴリ）,ルートカテゴリ=本,A: 国内の第三者が2社以上で扱っている,規模未確認,manufacturer日本語／メーカー名日本語,なし,ブックマーケティング(ご注文確定前に表示の到着予定日をご確認下さい、ご注文後のキャンセルご遠慮下さい / ビビッドメディアストア / 松陰 書店,4,4,1021,4766874102,相続アドバイザー3級 問題解説集 2026年3月受験用,https://www.amazon.co.jp/dp/4766874102,https://www.google.com/search?q=%E7%B5%8C%E6%B8%88%E6%B3%95%E4%BB%A4%E7%A0%94%E7%A9%B6%E4%BC%9A%20%E4%BC%9A%E7%A4%BE%E6%A6%82%E8%A6%81%20%E5%95%8F%E3%81%84%E5%90%88%E3%82%8F%E3%81%9B%20%E5%8D%B8,
8Bitdo,2,ゲーム,条件付き（再販/版元カテゴリ）,ルートカテゴリ=ゲーム,A: 国内の第三者が2社以上で扱っている,規模未確認,なし,なし,J.STORE EC事業部(適格請求書発行事業者) / らくだマート,2,2,3762,B0CSPGMGBT,8BitDo Pro 2 Switch用のBluetoothコントローラー、ホールエフェクトジョイスティックアップデート,https://www.amazon.co.jp/dp/B0CSPGMGBT,https://www.google.com/search?q=8Bitdo%20%E4%BC%9A%E7%A4%BE%E6%A6%82%E8%A6%81%20%E5%95%8F%E3%81%84%E5%90%88%E3%82%8F%E3%81%9B%20%E5%8D%B8,
ATLANTIC RECORDS,2,ミュージック,条件付き（再販/版元カテゴリ）,ルートカテゴリ=ミュージック,A: 国内の第三者が2社以上で扱っている,規模未確認,なし,なし,インポートショップ泉堂,1,3,5735,B000002JS8,Highway to Hell,https://www.amazon.co.jp/dp/B000002JS8,https://www.google.com/search?q=ATLANTIC%20RECORDS%20%E4%BC%9A%E7%A4%BE%E6%A6%82%E8%A6%81%20%E5%95%8F%E3%81%84%E5%90%88%E3%82%8F%E3%81%9B%20%E5%8D%B8,
Avex Entertainment,2,DVD,条件付き（再販/版元カテゴリ）,ルートカテゴリ=DVD,A: 国内の第三者が2社以上で扱っている,規模未確認,JAN45/49,なし,映画の森店 / lollol公式ショップ 商標番号 第6483883号 適格請求書番号あり,2,6,3245,B07DG6X9RD,namie amuro Final Tour 2018 ~Finally~ (東京ドーム最終公演+25周年沖縄ライブ+5,https://www.amazon.co.jp/dp/B07DG6X9RD,https://www.google.com/search?q=Avex%20Entertainment%20%E4%BC%9A%E7%A4%BE%E6%A6%82%E8%A6%81%20%E5%95%8F%E3%81%84%E5%90%88%E3%82%8F%E3%81%9B%20%E5%8D%B8,
Blue Note,2,ミュージック,条件付き（再販/版元カテゴリ）,ルートカテゴリ=ミュージック,A: 国内の第三者が2社以上で扱っている,規模未確認,なし,なし,グローバル・ハブ / townsandstreets（国内発送）,2,4,3050,B0FLHPKD17,Montara [12 inch Analog],https://www.amazon.co.jp/dp/B0FLHPKD17,https://www.google.com/search?q=Blue%20Note%20%E4%BC%9A%E7%A4%BE%E6%A6%82%E8%A6%81%20%E5%95%8F%E3%81%84%E5%90%88%E3%82%8F%E3%81%9B%20%E5%8D%B8,
DISNEY PIXAR(ディズニー ピクサー),2,DVD,条件付き（再販/版元カテゴリ）,ルートカテゴリ=DVD,A: 国内の第三者が2社以上で扱っている,規模未確認,メーカー名日本語,なし,美的生活★ヘルシーライフ本店【インボイス登録事業者】 / prime ショッピング（1st）,2,3,2842,B06X9V54WD,Monsters Inc/ [Blu-ray] [Import],https://www.amazon.co.jp/dp/B06X9V54WD,https://www.google.com/search?q=DISNEY%20PIXAR%28%E3%83%87%E3%82%A3%E3%82%BA%E3%83%8B%E3%83%BC%20%E3%83%94%E3%82%AF%E3%82%B5%E3%83%BC%29%20%E4%BC%9A%E7%A4%BE%E6%A6%82%E8%A6%81%20%E5%95%8F%E3%81%84%E5%90%88%E3%82%8F%E3%81%9B%20%E5%8D%B8,
Funimation,2,DVD,条件付き（再販/版元カテゴリ）,ルートカテゴリ=DVD,A: 国内の第三者が2社以上で扱っている,規模未確認,なし,なし,輸入雑貨店｜Seattle Store / インポートショップ泉堂,2,4,4280,B01N1FNDWG,GHOST IN THE SHELL 2: INNOCENCE,https://www.amazon.co.jp/dp/B01N1FNDWG,https://www.google.com/search?q=Funimation%20%E4%BC%9A%E7%A4%BE%E6%A6%82%E8%A6%81%20%E5%95%8F%E3%81%84%E5%90%88%E3%82%8F%E3%81%9B%20%E5%8D%B8,
LEGACY RECORDINGS,2,ミュージック,条件付き（再販/版元カテゴリ）,ルートカテゴリ=ミュージック,A: 国内の第三者が2社以上で扱っている,規模未確認,なし,なし,townsandstreets（国内発送） / インポートショップ泉堂 / ★英国の販売代理店★,3,6,7722,B0037U9PXI,Michael Jackson's This Is It [Analog],https://www.amazon.co.jp/dp/B0037U9PXI,https://www.google.com/search?q=LEGACY%20RECORDINGS%20%E4%BC%9A%E7%A4%BE%E6%A6%82%E8%A6%81%20%E5%95%8F%E3%81%84%E5%90%88%E3%82%8F%E3%81%9B%20%E5%8D%B8,
LEONINE,2,DVD,条件付き（再販/版元カテゴリ）,ルートカテゴリ=DVD,A: 国内の第三者が2社以上で扱っている,規模未確認,なし,なし,prime ショッピング（1st）,1,4,4553,B0BZSRJSHX,Ghost in the Shell 2 - Innocence UHD BD (Limited Edition) [B,https://www.amazon.co.jp/dp/B0BZSRJSHX,https://www.google.com/search?q=LEONINE%20%E4%BC%9A%E7%A4%BE%E6%A6%82%E8%A6%81%20%E5%95%8F%E3%81%84%E5%90%88%E3%82%8F%E3%81%9B%20%E5%8D%B8,
Lions Gate,2,DVD,条件付き（再販/版元カテゴリ）,ルートカテゴリ=DVD,A: 国内の第三者が2社以上で扱っている,規模未確認,なし,なし,輸入雑貨店｜Florida Store / クロスフロンティア / うきうき輸入市場(年中無休出荷),3,6,5954,B00FAHYO1E,Apocalypse Now [Blu-ray],https://www.amazon.co.jp/dp/B00FAHYO1E,https://www.google.com/search?q=Lions%20Gate%20%E4%BC%9A%E7%A4%BE%E6%A6%82%E8%A6%81%20%E5%95%8F%E3%81%84%E5%90%88%E3%82%8F%E3%81%9B%20%E5%8D%B8,
METRO GOLDWYN MAYER,2,DVD,条件付き（再販/版元カテゴリ）,ルートカテゴリ=DVD,A: 国内の第三者が2社以上で扱っている,規模未確認,なし,なし,フルフィルメント エクスプレス / インポートショップ泉堂 / townsandstreets（国内発送）,3,4,5718,B0833VRPJ6,Casino Royale [Blu-ray],https://www.amazon.co.jp/dp/B0833VRPJ6,https://www.google.com/search?q=METRO%20GOLDWYN%20MAYER%20%E4%BC%9A%E7%A4%BE%E6%A6%82%E8%A6%81%20%E5%95%8F%E3%81%84%E5%90%88%E3%82%8F%E3%81%9B%20%E5%8D%B8,
MGM (Video & DVD),2,DVD,条件付き（再販/版元カテゴリ）,ルートカテゴリ=DVD,A: 国内の第三者が2社以上で扱っている,規模未確認,なし,なし,グローバル輸入館 / セトウチInternational market / prime ショッピング（1st）,3,5,6350,B003WTO5Y8,Silence of the Lambs (Two-Disc Blu-ray/DVD Combo in Blu-ray ,https://www.amazon.co.jp/dp/B003WTO5Y8,https://www.google.com/search?q=MGM%20%28Video%20%26%20DVD%29%20%E4%BC%9A%E7%A4%BE%E6%A6%82%E8%A6%81%20%E5%95%8F%E3%81%84%E5%90%88%E3%82%8F%E3%81%9B%20%E5%8D%B8,
PDP,2,ゲーム,条件付き（再販/版元カテゴリ）,ルートカテゴリ=ゲーム,A: 国内の第三者が2社以上で扱っている,規模未確認,なし,なし,クレーンビッグファクトリー / RKYS【適格請求書発行事業者】 / ぷーーーーちゃん（インボイス登録事業者）,4,5,4698,B09BWHTLYR,【SONYオフィシャルライセンス商品】PDP Victrix Gambit PS5 ゲーミングヘッドセット ワイヤレス ,https://www.amazon.co.jp/dp/B09BWHTLYR,https://www.google.com/search?q=PDP%20%E4%BC%9A%E7%A4%BE%E6%A6%82%E8%A6%81%20%E5%95%8F%E3%81%84%E5%90%88%E3%82%8F%E3%81%9B%20%E5%8D%B8,
Pearson Education,2,洋書,条件付き（再販/版元カテゴリ）,ルートカテゴリ=洋書,A: 国内の第三者が2社以上で扱っている,規模未確認,なし,なし,★英国の販売代理店★,1,6,5989,1447954203,Longman Dictionary of Contemporary English (6E) Paperback & ,https://www.amazon.co.jp/dp/1447954203,https://www.google.com/search?q=Pearson%20Education%20%E4%BC%9A%E7%A4%BE%E6%A6%82%E8%A6%81%20%E5%95%8F%E3%81%84%E5%90%88%E3%82%8F%E3%81%9B%20%E5%8D%B8,
Plaion Pictures,2,DVD,条件付き（再販/版元カテゴリ）,ルートカテゴリ=DVD,A: 国内の第三者が2社以上で扱っている,規模未確認,なし,なし,輸入雑貨店｜Miami Store / 抜き取りすり替え対策済みのため安心してお買い求め下さい◎リサイクル梱包材発送◎合同会社グランウエスト / 【輸入雑貨】No Night Land Store,5,6,6600,B0CL4QQMB3,I Mercen4ri - Expendables (Steelbook 4K UHD + Blu-ray),https://www.amazon.co.jp/dp/B0CL4QQMB3,https://www.google.com/search?q=Plaion%20Pictures%20%E4%BC%9A%E7%A4%BE%E6%A6%82%E8%A6%81%20%E5%95%8F%E3%81%84%E5%90%88%E3%82%8F%E3%81%9B%20%E5%8D%B8,
Polydor,2,ミュージック,条件付き（再販/版元カテゴリ）,ルートカテゴリ=ミュージック,A: 国内の第三者が2社以上で扱っている,規模未確認,なし,なし,インポートショップ泉堂,1,4,2345,B000001DZO,Gold,https://www.amazon.co.jp/dp/B000001DZO,https://www.google.com/search?q=Polydor%20%E4%BC%9A%E7%A4%BE%E6%A6%82%E8%A6%81%20%E5%95%8F%E3%81%84%E5%90%88%E3%82%8F%E3%81%9B%20%E5%8D%B8,
SNK,2,ゲーム,条件付き（再販/版元カテゴリ）,ルートカテゴリ=ゲーム,A: 国内の第三者が2社以上で扱っている,規模未確認,JAN45/49,なし,YY shop本店 / 【適格事業者】関東あかり堂 埼玉本部ネット通販部【返金保証】古物商 第431080050408号 / あじあ堂,5,6,6260,B07D1KN661,SNK ＮＥＯＧＥＯ ｍｉｎｉ インターナショナル版,https://www.amazon.co.jp/dp/B07D1KN661,https://www.google.com/search?q=SNK%20%E4%BC%9A%E7%A4%BE%E6%A6%82%E8%A6%81%20%E5%95%8F%E3%81%84%E5%90%88%E3%82%8F%E3%81%9B%20%E5%8D%B8,
STUDIOCANAL,2,DVD,条件付き（再販/版元カテゴリ）,ルートカテゴリ=DVD,A: 国内の第三者が2社以上で扱っている,規模未確認,なし,なし,ＡＫネット / 輸入雑貨店｜Seattle Store / 並行輸入SHOP ベストセラー,6,6,3196,B007EC007A,Howl's Moving Castle [Blu-ray] [Import],https://www.amazon.co.jp/dp/B007EC007A,https://www.google.com/search?q=STUDIOCANAL%20%E4%BC%9A%E7%A4%BE%E6%A6%82%E8%A6%81%20%E5%95%8F%E3%81%84%E5%90%88%E3%82%8F%E3%81%9B%20%E5%8D%B8,
Taishita,2,DVD,条件付き（再販/版元カテゴリ）,ルートカテゴリ=DVD,A: 国内の第三者が2社以上で扱っている,規模未確認,JAN45/49／manufacturer日本語,なし,SILVERSHOP27【古物商第221230000396号】 / インボイス対応済 MINORITY RECORDS GW含む土日祝日も発送致します。 / タケダミュージック,5,6,3762,B00GMSO4OC,"SUPER SUMMER LIVE 2013 “灼熱のマンピー!! G★スポット解禁!!"" 胸熱完全版【完全生産限定盤】",https://www.amazon.co.jp/dp/B00GMSO4OC,https://www.google.com/search?q=Taishita%20%E4%BC%9A%E7%A4%BE%E6%A6%82%E8%A6%81%20%E5%95%8F%E3%81%84%E5%90%88%E3%82%8F%E3%81%9B%20%E5%8D%B8,
WARNER RECORDS,2,ミュージック,条件付き（再販/版元カテゴリ）,ルートカテゴリ=ミュージック,A: 国内の第三者が2社以上で扱っている,規模未確認,なし,なし,フルフィルメント エクスプレス / ブックマーケティング(ご注文確定前に表示の到着予定日をご確認下さい、ご注文後のキャンセルご遠慮下さい / ビビッドメディアストア,4,6,5877,B000GW8OX2,STADIUM ARCADIUM [Analog],https://www.amazon.co.jp/dp/B000GW8OX2,https://www.google.com/search?q=WARNER%20RECORDS%20%E4%BC%9A%E7%A4%BE%E6%A6%82%E8%A6%81%20%E5%95%8F%E3%81%84%E5%90%88%E3%82%8F%E3%81%9B%20%E5%8D%B8,
こぐま会,2,本,条件付き（再販/版元カテゴリ）,ルートカテゴリ=本,A: 国内の第三者が2社以上で扱っている,規模未確認,manufacturer日本語／メーカー名日本語,なし,ノースサプライ / ✅ACCIEL書店 / ジェｲジェイshop,4,5,151,486362011X,ひとりでとっくん02 点図形2,https://www.amazon.co.jp/dp/486362011X,https://www.google.com/search?q=%E3%81%93%E3%81%90%E3%81%BE%E4%BC%9A%20%E4%BC%9A%E7%A4%BE%E6%A6%82%E8%A6%81%20%E5%95%8F%E3%81%84%E5%90%88%E3%82%8F%E3%81%9B%20%E5%8D%B8,
アステッキホールディングス株式会社,2,本,条件付き（再販/版元カテゴリ）,ルートカテゴリ=本,A: 国内の第三者が2社以上で扱っている,規模未確認,manufacturer日本語／メーカー名日本語／日本法人格,なし,タウンズマート / 松陰 書店,2,2,2725,4909470026,呼吸療法認定士受験必修予想問題集【アプリ付き】2026年度版,https://www.amazon.co.jp/dp/4909470026,https://www.google.com/search?q=%E3%82%A2%E3%82%B9%E3%83%86%E3%83%83%E3%82%AD%E3%83%9B%E3%83%BC%E3%83%AB%E3%83%87%E3%82%A3%E3%83%B3%E3%82%B0%E3%82%B9%E6%A0%AA%E5%BC%8F%E4%BC%9A%E7%A4%BE%20%E4%BC%9A%E7%A4%BE%E6%A6%82%E8%A6%81%20%E5%95%8F%E3%81%84%E5%90%88%E3%82%8F%E3%81%9B%20%E5%8D%B8,
アトラス,2,ゲーム,条件付き（再販/版元カテゴリ）,ルートカテゴリ=ゲーム,A: 国内の第三者が2社以上で扱っている,規模未確認,JAN45/49／manufacturer日本語／メーカー名日本語,なし,Bloooｍ【迅速に対応致します】インボイス◯ / シロクロ堂 / モノインフラックス,3,6,6047,B01CG8690I,世界樹の迷宮V 長き神話の果て,https://www.amazon.co.jp/dp/B01CG8690I,https://www.google.com/search?q=%E3%82%A2%E3%83%88%E3%83%A9%E3%82%B9%20%E4%BC%9A%E7%A4%BE%E6%A6%82%E8%A6%81%20%E5%95%8F%E3%81%84%E5%90%88%E3%82%8F%E3%81%9B%20%E5%8D%B8,
オーム社,2,本,条件付き（再販/版元カテゴリ）,ルートカテゴリ=本,A: 国内の第三者が2社以上で扱っている,規模未確認,manufacturer日本語／メーカー名日本語,なし,halu【発送は日本郵便で安心】 / ☆★林檎書房★☆ / ★★みんなのドリームファクトリー★★コンビニ・ATM・ネットバンキング払い対応★★,4,4,554,4274234312,ぜんぶ絵で見て覚える 第2種電気工事士 学科試験 すい~っと合格 2026年版,https://www.amazon.co.jp/dp/4274234312,https://www.google.com/search?q=%E3%82%AA%E3%83%BC%E3%83%A0%E7%A4%BE%20%E4%BC%9A%E7%A4%BE%E6%A6%82%E8%A6%81%20%E5%95%8F%E3%81%84%E5%90%88%E3%82%8F%E3%81%9B%20%E5%8D%B8,
コロムビアミュージックエンタテインメント,2,DVD,条件付き（再販/版元カテゴリ）,ルートカテゴリ=DVD,A: 国内の第三者が2社以上で扱っている,規模未確認,JAN45/49／メーカー名日本語,なし,"✅ 宇 宙 円 盤 舎 -Disctail,Inc.- / ビビッドメディアストア / ★遊楽堂★",4,5,1642,B084QM4ZLP,The New Abnormal [Analog],https://www.amazon.co.jp/dp/B084QM4ZLP,https://www.google.com/search?q=%E3%82%B3%E3%83%AD%E3%83%A0%E3%83%93%E3%82%A2%E3%83%9F%E3%83%A5%E3%83%BC%E3%82%B8%E3%83%83%E3%82%AF%E3%82%A8%E3%83%B3%E3%82%BF%E3%83%86%E3%82%A4%E3%83%B3%E3%83%A1%E3%83%B3%E3%83%88%20%E4%BC%9A%E7%A4%BE%E6%A6%82%E8%A6%81%20%E5%95%8F%E3%81%84%E5%90%88%E3%82%8F%E3%81%9B%20%E5%8D%B8,
コンテンツ・ファクトリー,2,本,条件付き（再販/版元カテゴリ）,ルートカテゴリ=本,A: 国内の第三者が2社以上で扱っている,規模未確認,manufacturer日本語／メーカー名日本語,なし,株式会社エーテン / タウンズマート / 松陰 書店,3,3,1092,4904256026,問題解決の全体観 上巻 ハード思考編,https://www.amazon.co.jp/dp/4904256026,https://www.google.com/search?q=%E3%82%B3%E3%83%B3%E3%83%86%E3%83%B3%E3%83%84%E3%83%BB%E3%83%95%E3%82%A1%E3%82%AF%E3%83%88%E3%83%AA%E3%83%BC%20%E4%BC%9A%E7%A4%BE%E6%A6%82%E8%A6%81%20%E5%95%8F%E3%81%84%E5%90%88%E3%82%8F%E3%81%9B%20%E5%8D%B8,
ジョブカン Desktop,2,PCソフト,条件付き（再販/版元カテゴリ）,ルートカテゴリ=PCソフト,A: 国内の第三者が2社以上で扱っている,規模未確認（大きい可能性あり）,JAN45/49／manufacturer日本語／メーカー名日本語／日本法人格,なし,イーベスト家電 / オフィス・モア (in 神戸) / 特価COM,5,5,3474,B0BB8CMSX8,ジョブカンDesktop 青色申告 23,https://www.amazon.co.jp/dp/B0BB8CMSX8,https://www.google.com/search?q=%E3%82%B8%E3%83%A7%E3%83%96%E3%82%AB%E3%83%B3%20Desktop%20%E4%BC%9A%E7%A4%BE%E6%A6%82%E8%A6%81%20%E5%95%8F%E3%81%84%E5%90%88%E3%82%8F%E3%81%9B%20%E5%8D%B8,
タイトー,2,ゲーム,条件付き（再販/版元カテゴリ）,ルートカテゴリ=ゲーム,A: 国内の第三者が2社以上で扱っている,規模未確認,JAN45/49／manufacturer日本語／メーカー名日本語,なし,まいらいふ応援堂【インボイス登録済】 / S.Y SHOP〈インボイス対応〉 / バビロン大分(賞味期限、コンディションご確認を）,5,6,9770,B0DDC36X4K,イーグレットツーミニ専用コンバインキット+アーケードメモリーズVOL.3セット 【特典】10 タイトル収録 SD カード,https://www.amazon.co.jp/dp/B0DDC36X4K,https://www.google.com/search?q=%E3%82%BF%E3%82%A4%E3%83%88%E3%83%BC%20%E4%BC%9A%E7%A4%BE%E6%A6%82%E8%A6%81%20%E5%95%8F%E3%81%84%E5%90%88%E3%82%8F%E3%81%9B%20%E5%8D%B8,
ドリーミュージック,2,DVD,条件付き（再販/版元カテゴリ）,ルートカテゴリ=DVD,A: 国内の第三者が2社以上で扱っている,規模未確認,JAN45/49／メーカー名日本語,なし,Ｙ’ｚミュージック♪☆丁寧迅速に発送いたします☆気象状況による遅延などご了承ください☆ / Felista玉光堂 / ブックマーケティング(ご注文確定前に表示の到着予定日をご確認下さい、ご注文後のキャンセルご遠慮下さい,3,3,5040,B08NKCBPH5,A HARD DAY'S NIGHT【DVD(本編)+DVD(特典)】,https://www.amazon.co.jp/dp/B08NKCBPH5,https://www.google.com/search?q=%E3%83%89%E3%83%AA%E3%83%BC%E3%83%9F%E3%83%A5%E3%83%BC%E3%82%B8%E3%83%83%E3%82%AF%20%E4%BC%9A%E7%A4%BE%E6%A6%82%E8%A6%81%20%E5%95%8F%E3%81%84%E5%90%88%E3%82%8F%E3%81%9B%20%E5%8D%B8,
ビデオメーカー,2,DVD,条件付き（再販/版元カテゴリ）,ルートカテゴリ=DVD,A: 国内の第三者が2社以上で扱っている,規模未確認,JAN45/49／manufacturer日本語／メーカー名日本語,なし,清須グラフィクス　ゆうメールにて発送致します。　年中無休発送,1,3,5106,B00005M6MZ,長澤まさみ [DVD],https://www.amazon.co.jp/dp/B00005M6MZ,https://www.google.com/search?q=%E3%83%93%E3%83%87%E3%82%AA%E3%83%A1%E3%83%BC%E3%82%AB%E3%83%BC%20%E4%BC%9A%E7%A4%BE%E6%A6%82%E8%A6%81%20%E5%95%8F%E3%81%84%E5%90%88%E3%82%8F%E3%81%9B%20%E5%8D%B8,
ビーイング,2,DVD,条件付き（再販/版元カテゴリ）,ルートカテゴリ=DVD,A: 国内の第三者が2社以上で扱っている,規模未確認,JAN45/49／manufacturer日本語／メーカー名日本語,なし,jspeed株式会社 / インフォームショップ【インボイス対応】 / 未来屋陶商店,3,3,8081,B01IVNMRIU,劇場版 名探偵コナン 純黒の悪夢(ナイトメア)(初回限定盤)[DVD],https://www.amazon.co.jp/dp/B01IVNMRIU,https://www.google.com/search?q=%E3%83%93%E3%83%BC%E3%82%A4%E3%83%B3%E3%82%B0%20%E4%BC%9A%E7%A4%BE%E6%A6%82%E8%A6%81%20%E5%95%8F%E3%81%84%E5%90%88%E3%82%8F%E3%81%9B%20%E5%8D%B8,
フロムソフトウェア,2,ゲーム,条件付き（再販/版元カテゴリ）,ルートカテゴリ=ゲーム,A: 国内の第三者が2社以上で扱っている,規模未確認,JAN45/49／manufacturer日本語／メーカー名日本語,なし,YK家電【インボイス対応済】 / 赤マムシ堂,2,3,2413,B00BKTDJ1C,ARMORED CORE VERDICT DAY(アーマード・コア ヴァーディクトデイ)(通常版) - PS3,https://www.amazon.co.jp/dp/B00BKTDJ1C,https://www.google.com/search?q=%E3%83%95%E3%83%AD%E3%83%A0%E3%82%BD%E3%83%95%E3%83%88%E3%82%A6%E3%82%A7%E3%82%A2%20%E4%BC%9A%E7%A4%BE%E6%A6%82%E8%A6%81%20%E5%95%8F%E3%81%84%E5%90%88%E3%82%8F%E3%81%9B%20%E5%8D%B8,
中央法規出版,2,本,条件付き（再販/版元カテゴリ）,ルートカテゴリ=本,A: 国内の第三者が2社以上で扱っている,規模未確認,manufacturer日本語／メーカー名日本語,なし,ノースサプライ / ブックマーケティング(ご注文確定前に表示の到着予定日をご確認下さい、ご注文後のキャンセルご遠慮下さい / いずみbooks,3,3,3015,4824300428,見て覚える!介護福祉士国試ナビ2025,https://www.amazon.co.jp/dp/4824300428,https://www.google.com/search?q=%E4%B8%AD%E5%A4%AE%E6%B3%95%E8%A6%8F%E5%87%BA%E7%89%88%20%E4%BC%9A%E7%A4%BE%E6%A6%82%E8%A6%81%20%E5%95%8F%E3%81%84%E5%90%88%E3%82%8F%E3%81%9B%20%E5%8D%B8,
地域開発研究所,2,本,条件付き（再販/版元カテゴリ）,ルートカテゴリ=本,A: 国内の第三者が2社以上で扱っている,規模未確認,manufacturer日本語／メーカー名日本語,なし,ノースサプライ / タウンズマート / 松陰 書店,3,4,1851,4886154417,1級電気工事施工管理第一次検定問題解説集2025年版,https://www.amazon.co.jp/dp/4886154417,https://www.google.com/search?q=%E5%9C%B0%E5%9F%9F%E9%96%8B%E7%99%BA%E7%A0%94%E7%A9%B6%E6%89%80%20%E4%BC%9A%E7%A4%BE%E6%A6%82%E8%A6%81%20%E5%95%8F%E3%81%84%E5%90%88%E3%82%8F%E3%81%9B%20%E5%8D%B8,
技術評論社,2,本,条件付き（再販/版元カテゴリ）,ルートカテゴリ=本,A: 国内の第三者が2社以上で扱っている,規模未確認,manufacturer日本語／メーカー名日本語,なし,ノースサプライ / 松陰 書店 / まごころネットブックショップ,4,4,1908,4297145340,令和07年 イメージ＆クレバー方式でよくわかる かやのき先生の基本情報技術者教室,https://www.amazon.co.jp/dp/4297145340,https://www.google.com/search?q=%E6%8A%80%E8%A1%93%E8%A9%95%E8%AB%96%E7%A4%BE%20%E4%BC%9A%E7%A4%BE%E6%A6%82%E8%A6%81%20%E5%95%8F%E3%81%84%E5%90%88%E3%82%8F%E3%81%9B%20%E5%8D%B8,
日本コロムビア,2,ミュージック,条件付き（再販/版元カテゴリ）,ルートカテゴリ=ミュージック,A: 国内の第三者が2社以上で扱っている,規模未確認,JAN45/49／manufacturer日本語／メーカー名日本語,なし,"✅ 宇 宙 円 盤 舎 -Disctail,Inc.- / スニフの夢(適格請求書発行事業者)商品の詳細情報(コンディション)に説明がある場合がございます。",2,4,4373,B0DQ657QDG,cult grass stars(生産限定盤) - THEE MICHELLE GUN ELEPHANT [Analog,https://www.amazon.co.jp/dp/B0DQ657QDG,https://www.google.com/search?q=%E6%97%A5%E6%9C%AC%E3%82%B3%E3%83%AD%E3%83%A0%E3%83%93%E3%82%A2%20%E4%BC%9A%E7%A4%BE%E6%A6%82%E8%A6%81%20%E5%95%8F%E3%81%84%E5%90%88%E3%82%8F%E3%81%9B%20%E5%8D%B8,
株式会社,2,本,条件付き（再販/版元カテゴリ）,ルートカテゴリ=本,A: 国内の第三者が2社以上で扱っている,規模未確認,manufacturer日本語／メーカー名日本語／日本法人格,なし,マイスペース【24時間/365日即日発送】 / オンライン・サービス / つばめ書店　（２冊以上で自動の場合的に速達出荷。雑誌BN、一部書籍は発送に時間がかかる場合有）,4,5,5801,B0DNRTVG4M,ちいかわ なんか小さくてかわいいやつ　コミック　1-7巻セット (講談社),https://www.amazon.co.jp/dp/B0DNRTVG4M,https://www.google.com/search?q=%E6%A0%AA%E5%BC%8F%E4%BC%9A%E7%A4%BE%20%E4%BC%9A%E7%A4%BE%E6%A6%82%E8%A6%81%20%E5%95%8F%E3%81%84%E5%90%88%E3%82%8F%E3%81%9B%20%E5%8D%B8,
株式会社ストームレーベルズ,2,DVD,条件付き（再販/版元カテゴリ）,ルートカテゴリ=DVD,A: 国内の第三者が2社以上で扱っている,規模未確認,JAN45/49／manufacturer日本語／メーカー名日本語／日本法人格,なし,"ラフスタイル / ★am store★ご購入前に店舗名をクリックし「出品者について」をお読みください / ✅ 宇 宙 円 盤 舎 -Disctail,Inc.-",4,5,2481,B0F1C4YBTB,なにわ男子 LIVE TOUR 2024 '+Alpha' (初回限定盤) (Blu-ray),https://www.amazon.co.jp/dp/B0F1C4YBTB,https://www.google.com/search?q=%E6%A0%AA%E5%BC%8F%E4%BC%9A%E7%A4%BE%E3%82%B9%E3%83%88%E3%83%BC%E3%83%A0%E3%83%AC%E3%83%BC%E3%83%99%E3%83%AB%E3%82%BA%20%E4%BC%9A%E7%A4%BE%E6%A6%82%E8%A6%81%20%E5%95%8F%E3%81%84%E5%90%88%E3%82%8F%E3%81%9B%20%E5%8D%B8,
水曜どうでしょう,2,DVD,条件付き（再販/版元カテゴリ）,ルートカテゴリ=DVD,A: 国内の第三者が2社以上で扱っている,規模未確認,JAN45/49／manufacturer日本語／メーカー名日本語,なし,インボイス登録事業者 NS商店 すり替え抜き取り対策実施店舗 / さっぽろ 弥十郎商店,2,4,3594,B0GHS439BP,【Blu-ray】水曜どうでしょう第36弾「懐かしの西表島」,https://www.amazon.co.jp/dp/B0GHS439BP,https://www.google.com/search?q=%E6%B0%B4%E6%9B%9C%E3%81%A9%E3%81%86%E3%81%A7%E3%81%97%E3%82%87%E3%81%86%20%E4%BC%9A%E7%A4%BE%E6%A6%82%E8%A6%81%20%E5%95%8F%E3%81%84%E5%90%88%E3%82%8F%E3%81%9B%20%E5%8D%B8,
白泉社,2,本,条件付き（再販/版元カテゴリ）,ルートカテゴリ=本,A: 国内の第三者が2社以上で扱っている,規模未確認,manufacturer日本語／メーカー名日本語,なし,ブックマーケティング(ご注文確定前に表示の到着予定日をご確認下さい、ご注文後のキャンセルご遠慮下さい / プルート書店（インボイス対応店舗） / ✅ACCIEL書店,3,3,3150,4592107217,ノラネコぐんだん ピザをやく トート付き限定版 (コドモエのえほん),https://www.amazon.co.jp/dp/4592107217,https://www.google.com/search?q=%E7%99%BD%E6%B3%89%E7%A4%BE%20%E4%BC%9A%E7%A4%BE%E6%A6%82%E8%A6%81%20%E5%95%8F%E3%81%84%E5%90%88%E3%82%8F%E3%81%9B%20%E5%8D%B8,
駿台文庫,2,本,条件付き（再販/版元カテゴリ）,ルートカテゴリ=本,A: 国内の第三者が2社以上で扱っている,規模未確認,manufacturer日本語／メーカー名日本語,なし,千歳書房 / タウンズマート / 松陰 書店,3,3,1253,4796164804,2025-共通テスト実戦パッケージ問題　青パック (駿台大学入試完全対策シリーズ),https://www.amazon.co.jp/dp/4796164804,https://www.google.com/search?q=%E9%A7%BF%E5%8F%B0%E6%96%87%E5%BA%AB%20%E4%BC%9A%E7%A4%BE%E6%A6%82%E8%A6%81%20%E5%95%8F%E3%81%84%E5%90%88%E3%82%8F%E3%81%9B%20%E5%8D%B8,
(株)インテリジェントシステムズ,1,ミュージック,条件付き（再販/版元カテゴリ）,ルートカテゴリ=ミュージック,A: 国内の第三者が2社以上で扱っている,規模未確認,JAN45/49／manufacturer日本語／メーカー名日本語／日本法人格,なし,ディスク本舗 web店【年中無休、インボイス制度対応】 / セイワ グローバル / ホビー通販～未来屋～,3,3,6873,B0CLT2TLVJ,ファイアーエムブレム エンゲージ オリジナルサウンドトラック（初回限定盤）(特典なし),https://www.amazon.co.jp/dp/B0CLT2TLVJ,https://www.google.com/search?q=%28%E6%A0%AA%29%E3%82%A4%E3%83%B3%E3%83%86%E3%83%AA%E3%82%B8%E3%82%A7%E3%83%B3%E3%83%88%E3%82%B7%E3%82%B9%E3%83%86%E3%83%A0%E3%82%BA%20%E4%BC%9A%E7%A4%BE%E6%A6%82%E8%A6%81%20%E5%95%8F%E3%81%84%E5%90%88%E3%82%8F%E3%81%9B%20%E5%8D%B8,
20世紀フォックス・ホーム・エンターテイメント・ジャパン,1,DVD,条件付き（再販/版元カテゴリ）,ルートカテゴリ=DVD,A: 国内の第三者が2社以上で扱っている,規模未確認,JAN45/49／メーカー名日本語,なし,インボイス対応済 MINORITY RECORDS GW含む土日祝日も発送致します。 / SINGARIプライスGEN,2,2,1546,B007AD0TYM,夕陽のガンマン [Blu-ray],https://www.amazon.co.jp/dp/B007AD0TYM,https://www.google.com/search?q=20%E4%B8%96%E7%B4%80%E3%83%95%E3%82%A9%E3%83%83%E3%82%AF%E3%82%B9%E3%83%BB%E3%83%9B%E3%83%BC%E3%83%A0%E3%83%BB%E3%82%A8%E3%83%B3%E3%82%BF%E3%83%BC%E3%83%86%E3%82%A4%E3%83%A1%E3%83%B3%E3%83%88%E3%83%BB%E3%82%B8%E3%83%A3%E3%83%91%E3%83%B3%20%E4%BC%9A%E7%A4%BE%E6%A6%82%E8%A6%81%20%E5%95%8F%E3%81%84%E5%90%88%E3%82%8F%E3%81%9B%20%E5%8D%B8,
A-sketch,1,ミュージック,条件付き（再販/版元カテゴリ）,ルートカテゴリ=ミュージック,A: 国内の第三者が2社以上で扱っている,規模未確認,JAN45/49,なし,"✅ 宇 宙 円 盤 舎 -Disctail,Inc.- / ブックマーケティング(ご注文確定前に表示の到着予定日をご確認下さい、ご注文後のキャンセルご遠慮下さい",2,3,1358,B07KT278YT,Eye of the Storm (初回限定盤),https://www.amazon.co.jp/dp/B07KT278YT,https://www.google.com/search?q=A-sketch%20%E4%BC%9A%E7%A4%BE%E6%A6%82%E8%A6%81%20%E5%95%8F%E3%81%84%E5%90%88%E3%82%8F%E3%81%9B%20%E5%8D%B8,
ACKDZU,1,DVD,条件付き（再販/版元カテゴリ）,ルートカテゴリ=DVD,A: 国内の第三者が2社以上で扱っている,規模未確認,なし,なし,たぷす商店 / ユウダイストア,2,5,6217,B07QX2YYZW,Marvel's Avengers: Infinity War (Blu-ray 3D + Blu-ray),https://www.amazon.co.jp/dp/B07QX2YYZW,https://www.google.com/search?q=ACKDZU%20%E4%BC%9A%E7%A4%BE%E6%A6%82%E8%A6%81%20%E5%95%8F%E3%81%84%E5%90%88%E3%82%8F%E3%81%9B%20%E5%8D%B8,
AHS,1,PCソフト,条件付き（再販/版元カテゴリ）,ルートカテゴリ=PCソフト,A: 国内の第三者が2社以上で扱っている,中小の見込み（手判定）,JAN45/49,なし,アウル・ビジョン 株式会社 / PLUS YU（プラスユウ）,2,2,3225,B07F17C5YK,AHS VOCALOID 桜乃そら クール 音声読み上げソフト,https://www.amazon.co.jp/dp/B07F17C5YK,https://www.google.com/search?q=AHS%20%E4%BC%9A%E7%A4%BE%E6%A6%82%E8%A6%81%20%E5%95%8F%E3%81%84%E5%90%88%E3%82%8F%E3%81%9B%20%E5%8D%B8,
Abrams Books,1,洋書,条件付き（再販/版元カテゴリ）,ルートカテゴリ=洋書,A: 国内の第三者が2社以上で扱っている,規模未確認,なし,なし,★英国の販売代理店★,1,5,3331,1419756516,The Art of Star Wars: The Mandalorian (Season Two): The Offi,https://www.amazon.co.jp/dp/1419756516,https://www.google.com/search?q=Abrams%20Books%20%E4%BC%9A%E7%A4%BE%E6%A6%82%E8%A6%81%20%E5%95%8F%E3%81%84%E5%90%88%E3%82%8F%E3%81%9B%20%E5%8D%B8,
Ace,1,洋書,条件付き（再販/版元カテゴリ）,ルートカテゴリ=洋書,A: 国内の第三者が2社以上で扱っている,規模未確認,なし,なし,グローバル・ハブ,1,4,3253,B0F74CH248,This Inevitable Ruin (Dungeon Crawler Carl),https://www.amazon.co.jp/dp/B0F74CH248,https://www.google.com/search?q=Ace%20%E4%BC%9A%E7%A4%BE%E6%A6%82%E8%A6%81%20%E5%95%8F%E3%81%84%E5%90%88%E3%82%8F%E3%81%9B%20%E5%8D%B8,
Arthur A. Levine Books,1,洋書,条件付き（再販/版元カテゴリ）,ルートカテゴリ=洋書,A: 国内の第三者が2社以上で扱っている,規模未確認,なし,なし,★英国の販売代理店★,1,6,6140,0439567629,Harry Potter and the Order of the Phoenix (Book 5) [Deluxe E,https://www.amazon.co.jp/dp/0439567629,https://www.google.com/search?q=Arthur%20A.%20Levine%20Books%20%E4%BC%9A%E7%A4%BE%E6%A6%82%E8%A6%81%20%E5%95%8F%E3%81%84%E5%90%88%E3%82%8F%E3%81%9B%20%E5%8D%B8,
AthleteBody株式会社,1,本,条件付き（再販/版元カテゴリ）,ルートカテゴリ=本,A: 国内の第三者が2社以上で扱っている,規模未確認,manufacturer日本語／メーカー名日本語／日本法人格,なし,タウンズマート / 松陰 書店,2,2,2794,4991208505,肉体改造のピラミッド 栄養編,https://www.amazon.co.jp/dp/4991208505,https://www.google.com/search?q=AthleteBody%E6%A0%AA%E5%BC%8F%E4%BC%9A%E7%A4%BE%20%E4%BC%9A%E7%A4%BE%E6%A6%82%E8%A6%81%20%E5%95%8F%E3%81%84%E5%90%88%E3%82%8F%E3%81%9B%20%E5%8D%B8,
B ZONE,1,ミュージック,条件付き（再販/版元カテゴリ）,ルートカテゴリ=ミュージック,A: 国内の第三者が2社以上で扱っている,規模未確認,JAN45/49,なし,総合アニメショップ「赤い熊さん」(oricon/Billboard加盟店) / エスネット ストアー / ブックマーケティング(ご注文確定前に表示の到着予定日をご確認下さい、ご注文後のキャンセルご遠慮下さい,4,4,1686,B0DTKNSG5X,「TIME STEW」 (初回限定盤B) (CD+LIVE CD）,https://www.amazon.co.jp/dp/B0DTKNSG5X,https://www.google.com/search?q=B%20ZONE%20%E4%BC%9A%E7%A4%BE%E6%A6%82%E8%A6%81%20%E5%95%8F%E3%81%84%E5%90%88%E3%82%8F%E3%81%9B%20%E5%8D%B8,
BEAT RECORDS / MATADOR RECORDS,1,ミュージック,条件付き（再販/版元カテゴリ）,ルートカテゴリ=ミュージック,A: 国内の第三者が2社以上で扱っている,規模未確認,JAN45/49,なし,ブックマーケティング(ご注文確定前に表示の到着予定日をご確認下さい、ご注文後のキャンセルご遠慮下さい / グローバル・ハブ,2,2,927,B0FCMS9H8Z,Who Is The Sky? [解説書／歌詞対訳付／国内盤CD] (OLE2178CDJP),https://www.amazon.co.jp/dp/B0FCMS9H8Z,https://www.google.com/search?q=BEAT%20RECORDS%20/%20MATADOR%20RECORDS%20%E4%BC%9A%E7%A4%BE%E6%A6%82%E8%A6%81%20%E5%95%8F%E3%81%84%E5%90%88%E3%82%8F%E3%81%9B%20%E5%8D%B8,
BEAT RECORDS / Night Time Stories,1,ミュージック,条件付き（再販/版元カテゴリ）,ルートカテゴリ=ミュージック,A: 国内の第三者が2社以上で扱っている,規模未確認,JAN45/49,なし,"RECORD CITY/DUBSTORE ※土日休み (総在庫数100万点以上のレコードCD専門店) / ✅ 宇 宙 円 盤 舎 -Disctail,Inc.- / ブックマーケティング(ご注文確定前に表示の到着予定日をご確認下さい、ご注文後のキャンセルご遠慮下さい",4,4,2968,B0FX5X6PVR,Con Todo El Mundo[輸入盤LP／数量限定／日本語帯付／解説付](ALNLP050RBR) [Analog,https://www.amazon.co.jp/dp/B0FX5X6PVR,https://www.google.com/search?q=BEAT%20RECORDS%20/%20Night%20Time%20Stories%20%E4%BC%9A%E7%A4%BE%E6%A6%82%E8%A6%81%20%E5%95%8F%E3%81%84%E5%90%88%E3%82%8F%E3%81%9B%20%E5%8D%B8,
BOLYDOOM,1,ミュージック,条件付き（再販/版元カテゴリ）,ルートカテゴリ=ミュージック,A: 国内の第三者が2社以上で扱っている,規模未確認,なし,なし,★英国の販売代理店★,1,6,2518,B09SFM9WR7,Blue Train (Orignial Recording) (ブルー・ヴァイナル仕様 / アナログレコード),https://www.amazon.co.jp/dp/B09SFM9WR7,https://www.google.com/search?q=BOLYDOOM%20%E4%BC%9A%E7%A4%BE%E6%A6%82%E8%A6%81%20%E5%95%8F%E3%81%84%E5%90%88%E3%82%8F%E3%81%9B%20%E5%8D%B8,
Barnes & Noble,1,洋書,条件付き（再販/版元カテゴリ）,ルートカテゴリ=洋書,A: 国内の第三者が2社以上で扱っている,規模未確認,なし,なし,あたらしや商店,1,3,7225,1435158105,Complete Sherlock Holmes (Barnes & (Barnes & Noble Leatherbo,https://www.amazon.co.jp/dp/1435158105,https://www.google.com/search?q=Barnes%20%26%20Noble%20%E4%BC%9A%E7%A4%BE%E6%A6%82%E8%A6%81%20%E5%95%8F%E3%81%84%E5%90%88%E3%82%8F%E3%81%9B%20%E5%8D%B8,
Bethesda,1,ゲーム,条件付き（再販/版元カテゴリ）,ルートカテゴリ=ゲーム,A: 国内の第三者が2社以上で扱っている,規模未確認,JAN45/49／manufacturer日本語,なし,クイックプラス / コレクターズ倉庫　全商品クリーニング・除菌済み / 誠華書店,3,4,1981,B01JHV56BA,The Elder Scrolls V: Skyrim SPECIAL EDITION 【CEROレーティング「Z」】 ,https://www.amazon.co.jp/dp/B01JHV56BA,https://www.google.com/search?q=Bethesda%20%E4%BC%9A%E7%A4%BE%E6%A6%82%E8%A6%81%20%E5%95%8F%E3%81%84%E5%90%88%E3%82%8F%E3%81%9B%20%E5%8D%B8,
Blackstone Publishing,1,洋書,条件付き（再販/版元カテゴリ）,ルートカテゴリ=洋書,A: 国内の第三者が2社以上で扱っている,規模未確認,なし,なし,グローバル・ハブ / 輸入雑貨店｜Boston Store,2,5,3109,B0B8B8JWMF,The Seven Husbands of Evelyn Hugo,https://www.amazon.co.jp/dp/B0B8B8JWMF,https://www.google.com/search?q=Blackstone%20Publishing%20%E4%BC%9A%E7%A4%BE%E6%A6%82%E8%A6%81%20%E5%95%8F%E3%81%84%E5%90%88%E3%82%8F%E3%81%9B%20%E5%8D%B8,
Blaze Entertainment,1,PCソフト,条件付き（再販/版元カテゴリ）,ルートカテゴリ=PCソフト,A: 国内の第三者が2社以上で扱っている,規模未確認,なし,なし,OSEオンラインストア,1,3,3225,B0FPG1X2JP,Blaze Evercade The Llamasoftコレクション。,https://www.amazon.co.jp/dp/B0FPG1X2JP,https://www.google.com/search?q=Blaze%20Entertainment%20%E4%BC%9A%E7%A4%BE%E6%A6%82%E8%A6%81%20%E5%95%8F%E3%81%84%E5%90%88%E3%82%8F%E3%81%9B%20%E5%8D%B8,
Bodley Head,1,洋書,条件付き（再販/版元カテゴリ）,ルートカテゴリ=洋書,A: 国内の第三者が2社以上で扱っている,規模未確認,なし,なし,★英国の販売代理店★,1,6,6783,1847927270,Technofeudalism: What Killed Capitalism,https://www.amazon.co.jp/dp/1847927270,https://www.google.com/search?q=Bodley%20Head%20%E4%BC%9A%E7%A4%BE%E6%A6%82%E8%A6%81%20%E5%95%8F%E3%81%84%E5%90%88%E3%82%8F%E3%81%9B%20%E5%8D%B8,
Bolinda/Audible Audio,1,洋書,条件付き（再販/版元カテゴリ）,ルートカテゴリ=洋書,A: 国内の第三者が2社以上で扱っている,規模未確認,なし,なし,緑ケ丘ストア,1,3,3819,186755609X,Project Hail Mary,https://www.amazon.co.jp/dp/186755609X,https://www.google.com/search?q=Bolinda/Audible%20Audio%20%E4%BC%9A%E7%A4%BE%E6%A6%82%E8%A6%81%20%E5%95%8F%E3%81%84%E5%90%88%E3%82%8F%E3%81%9B%20%E5%8D%B8,
C&L,1,DVD,条件付き（再販/版元カテゴリ）,ルートカテゴリ=DVD,A: 国内の第三者が2社以上で扱っている,規模未確認,なし,なし,アメリウスショップ,1,3,11025,B00MF2574U,Cinderella [Blu-ray],https://www.amazon.co.jp/dp/B00MF2574U,https://www.google.com/search?q=C%26L%20%E4%BC%9A%E7%A4%BE%E6%A6%82%E8%A6%81%20%E5%95%8F%E3%81%84%E5%90%88%E3%82%8F%E3%81%9B%20%E5%8D%B8,
Cambridge University Press,1,洋書,条件付き（再販/版元カテゴリ）,ルートカテゴリ=洋書,A: 国内の第三者が2社以上で扱っている,規模未確認,なし,なし,セブン・カラー（SEVEN COLOR）,1,3,2480,052113353X,Basic Grammar in Use Student's Book with Answers: Self-study,https://www.amazon.co.jp/dp/052113353X,https://www.google.com/search?q=Cambridge%20University%20Press%20%E4%BC%9A%E7%A4%BE%E6%A6%82%E8%A6%81%20%E5%95%8F%E3%81%84%E5%90%88%E3%82%8F%E3%81%9B%20%E5%8D%B8,
Criterion Collection,1,DVD,条件付き（再販/版元カテゴリ）,ルートカテゴリ=DVD,A: 国内の第三者が2社以上で扱っている,規模未確認,なし,なし,townsandstreets（国内発送） / インポートショップ泉堂,2,5,2277,B087CVYQ2W,"Dr. Strangelove, Or: How I Learned to Stop Worrying and Love",https://www.amazon.co.jp/dp/B087CVYQ2W,https://www.google.com/search?q=Criterion%20Collection%20%E4%BC%9A%E7%A4%BE%E6%A6%82%E8%A6%81%20%E5%95%8F%E3%81%84%E5%90%88%E3%82%8F%E3%81%9B%20%E5%8D%B8,
DVDBOX5枚組,1,PCソフト,条件付き（再販/版元カテゴリ）,ルートカテゴリ=PCソフト,A: 国内の第三者が2社以上で扱っている,会社名でない,JAN45/49／manufacturer日本語／メーカー名日本語,なし,"ぷーーーーちゃん（インボイス登録事業者） / ✅ 宇 宙 円 盤 舎 -Disctail,Inc.-",2,2,1350,B01N7BHYES,古畑任三郎DVDBOX2ndseason [並行輸入品],https://www.amazon.co.jp/dp/B01N7BHYES,https://www.google.com/search?q=DVDBOX5%E6%9E%9A%E7%B5%84%20%E4%BC%9A%E7%A4%BE%E6%A6%82%E8%A6%81%20%E5%95%8F%E3%81%84%E5%90%88%E3%82%8F%E3%81%9B%20%E5%8D%B8,
Destination Moon,1,ミュージック,条件付き（再販/版元カテゴリ）,ルートカテゴリ=ミュージック,A: 国内の第三者が2社以上で扱っている,規模未確認,なし,なし,"✅ 宇 宙 円 盤 舎 -Disctail,Inc.- / ビビッドメディアストア / ★遊楽堂★",3,4,2268,B0CYTD5B8S,Sketches Of Spain (Numbered Edition) (Clear Vinyl),https://www.amazon.co.jp/dp/B0CYTD5B8S,https://www.google.com/search?q=Destination%20Moon%20%E4%BC%9A%E7%A4%BE%E6%A6%82%E8%A6%81%20%E5%95%8F%E3%81%84%E5%90%88%E3%82%8F%E3%81%9B%20%E5%8D%B8,
Discotech Media,1,DVD,条件付き（再販/版元カテゴリ）,ルートカテゴリ=DVD,A: 国内の第三者が2社以上で扱っている,規模未確認,なし,なし,インポートワークス【適格請求書発行事業者】 / prime ショッピング（1st）,2,2,6333,B09VWFB6XD,ルパン三世 first- TV. コンプリート（全23話収録） 北米版 Blu－ray （国内プレーヤーで再生可能）,https://www.amazon.co.jp/dp/B09VWFB6XD,https://www.google.com/search?q=Discotech%20Media%20%E4%BC%9A%E7%A4%BE%E6%A6%82%E8%A6%81%20%E5%95%8F%E3%81%84%E5%90%88%E3%82%8F%E3%81%9B%20%E5%8D%B8,
Disney Baby,1,DVD,条件付き（再販/版元カテゴリ）,ルートカテゴリ=DVD,A: 国内の第三者が2社以上で扱っている,規模未確認,なし,なし,抜き取りすり替え対策済みのため安心してお買い求め下さい◎リサイクル梱包材発送◎合同会社グランウエスト / クロスフロンティア,2,4,10045,B00540G3G6,Nightmare Before Christmas [Blu-ray] [Import],https://www.amazon.co.jp/dp/B00540G3G6,https://www.google.com/search?q=Disney%20Baby%20%E4%BC%9A%E7%A4%BE%E6%A6%82%E8%A6%81%20%E5%95%8F%E3%81%84%E5%90%88%E3%82%8F%E3%81%9B%20%E5%8D%B8,
Doubleday,1,洋書,条件付き（再販/版元カテゴリ）,ルートカテゴリ=洋書,A: 国内の第三者が2社以上で扱っている,規模未確認,なし,なし,輸入雑貨店｜Florida Store,1,5,5043,0385676514,"Thinking, Fast and Slow",https://www.amazon.co.jp/dp/0385676514,https://www.google.com/search?q=Doubleday%20%E4%BC%9A%E7%A4%BE%E6%A6%82%E8%A6%81%20%E5%95%8F%E3%81%84%E5%90%88%E3%82%8F%E3%81%9B%20%E5%8D%B8,
ENTEKE,1,DVD,条件付き（再販/版元カテゴリ）,ルートカテゴリ=DVD,A: 国内の第三者が2社以上で扱っている,規模未確認,なし,なし,もっちわくわく / みゆでぃん / ユウダイストア,3,5,8973,B004H3C2TI,"Monsters, Inc. Disney Pixar LIMITED EDITION GIFT SET Include",https://www.amazon.co.jp/dp/B004H3C2TI,https://www.google.com/search?q=ENTEKE%20%E4%BC%9A%E7%A4%BE%E6%A6%82%E8%A6%81%20%E5%95%8F%E3%81%84%E5%90%88%E3%82%8F%E3%81%9B%20%E5%8D%B8,
ESET,1,PCソフト,条件付き（再販/版元カテゴリ）,ルートカテゴリ=PCソフト,A: 国内の第三者が2社以上で扱っている,規模未確認（大きい可能性あり）,JAN45/49／manufacturer日本語,なし,デジタルフレックスジャパン★安心安全をモットー★信頼の高評価,1,2,7348,B09GV9KPKY,ESET HOME セキュリティ プレミアム| 5台3年 |カード版|ウイルス対策|Win/Mac/Android/iO,https://www.amazon.co.jp/dp/B09GV9KPKY,https://www.google.com/search?q=ESET%20%E4%BC%9A%E7%A4%BE%E6%A6%82%E8%A6%81%20%E5%95%8F%E3%81%84%E5%90%88%E3%82%8F%E3%81%9B%20%E5%8D%B8,
El Dia,1,PCソフト,条件付き（再販/版元カテゴリ）,ルートカテゴリ=PCソフト,A: 国内の第三者が2社以上で扱っている,規模未確認,JAN45/49,なし,【✅お急ぎ便対応】クールジャパンストア【インボイス登録店 / 葡萄堂 (古物商許可証番号 621180142454) / アキネット,3,4,6109,B01MQY6U5P,DESIRE remaster ver.,https://www.amazon.co.jp/dp/B01MQY6U5P,https://www.google.com/search?q=El%20Dia%20%E4%BC%9A%E7%A4%BE%E6%A6%82%E8%A6%81%20%E5%95%8F%E3%81%84%E5%90%88%E3%82%8F%E3%81%9B%20%E5%8D%B8,
Entergram,1,PCソフト,条件付き（再販/版元カテゴリ）,ルートカテゴリ=PCソフト,A: 国内の第三者が2社以上で扱っている,中小の見込み（手判定）,JAN45/49／manufacturer日本語,なし,【✅お急ぎ便対応】クールジャパンストア【インボイス登録店 / おたいちグローバル,2,3,649,B0B1QMPYTM,となりに彼女のいる幸せ i fight with summer プレミアムエディション,https://www.amazon.co.jp/dp/B0B1QMPYTM,https://www.google.com/search?q=Entergram%20%E4%BC%9A%E7%A4%BE%E6%A6%82%E8%A6%81%20%E5%95%8F%E3%81%84%E5%90%88%E3%82%8F%E3%81%9B%20%E5%8D%B8,
Evercade,1,PCソフト,条件付き（再販/版元カテゴリ）,ルートカテゴリ=PCソフト,A: 国内の第三者が2社以上で扱っている,規模未確認,なし,なし,良品スーパーセール※購入前にコンディション＆出品者情報確認と承諾 / super market ※購入前にコンディション＆出品者情報確認して購入 / ミスクショップ,3,4,2258,B07XGBV6GW,Cartucho Evercade Mega Cat 1,https://www.amazon.co.jp/dp/B07XGBV6GW,https://www.google.com/search?q=Evercade%20%E4%BC%9A%E7%A4%BE%E6%A6%82%E8%A6%81%20%E5%95%8F%E3%81%84%E5%90%88%E3%82%8F%E3%81%9B%20%E5%8D%B8,
Faber & Faber,1,洋書,条件付き（再販/版元カテゴリ）,ルートカテゴリ=洋書,A: 国内の第三者が2社以上で扱っている,規模未確認,なし,なし,京都 大垣書店プラス / 滋賀びわこ書店 / 英進社,4,4,728,0571224148,Never Let Me Go,https://www.amazon.co.jp/dp/0571224148,https://www.google.com/search?q=Faber%20%26%20Faber%20%E4%BC%9A%E7%A4%BE%E6%A6%82%E8%A6%81%20%E5%95%8F%E3%81%84%E5%90%88%E3%82%8F%E3%81%9B%20%E5%8D%B8,
"Farrar, Straus and Giroux",1,洋書,条件付き（再販/版元カテゴリ）,ルートカテゴリ=洋書,A: 国内の第三者が2社以上で扱っている,規模未確認,なし,なし,★英国の販売代理店★,1,6,2810,0374332657,Holes (Newberry Medal Book),https://www.amazon.co.jp/dp/0374332657,https://www.google.com/search?q=Farrar%2C%20Straus%20and%20Giroux%20%E4%BC%9A%E7%A4%BE%E6%A6%82%E8%A6%81%20%E5%95%8F%E3%81%84%E5%90%88%E3%82%8F%E3%81%9B%20%E5%8D%B8,
Fox (Selecta),1,DVD,条件付き（再販/版元カテゴリ）,ルートカテゴリ=DVD,A: 国内の第三者が2社以上で扱っている,規模未確認,なし,なし,グローバルショップ1,1,5,5552,B01BHBV1IK,El Castillo De Cagliostro - Edici Digibook,https://www.amazon.co.jp/dp/B01BHBV1IK,https://www.google.com/search?q=Fox%20%28Selecta%29%20%E4%BC%9A%E7%A4%BE%E6%A6%82%E8%A6%81%20%E5%95%8F%E3%81%84%E5%90%88%E3%82%8F%E3%81%9B%20%E5%8D%B8,
Globular Cluster,1,ゲーム,条件付き（再販/版元カテゴリ）,ルートカテゴリ=ゲーム,A: 国内の第三者が2社以上で扱っている,規模未確認,なし,なし,BFE【適格請求書発行事業者】 / YMKマルシェ(適格請求書発行事業者),2,5,5815,B0CBJY4DR2,球状クラスター CMP2 快適 Mod PS VR 2用,https://www.amazon.co.jp/dp/B0CBJY4DR2,https://www.google.com/search?q=Globular%20Cluster%20%E4%BC%9A%E7%A4%BE%E6%A6%82%E8%A6%81%20%E5%95%8F%E3%81%84%E5%90%88%E3%82%8F%E3%81%9B%20%E5%8D%B8,
Grand Central Publishing,1,洋書,条件付き（再販/版元カテゴリ）,ルートカテゴリ=洋書,A: 国内の第三者が2社以上で扱っている,規模未確認,なし,なし,★英国の販売代理店★,1,2,995,1538724731,Verity,https://www.amazon.co.jp/dp/1538724731,https://www.google.com/search?q=Grand%20Central%20Publishing%20%E4%BC%9A%E7%A4%BE%E6%A6%82%E8%A6%81%20%E5%95%8F%E3%81%84%E5%90%88%E3%82%8F%E3%81%9B%20%E5%8D%B8,
Graphixly,1,PCソフト,条件付き（再販/版元カテゴリ）,ルートカテゴリ=PCソフト,A: 国内の第三者が2社以上で扱っている,規模未確認,なし,なし,BLUEK /適格請求書発行事業者/ / Smilea Net スマイレアネット,2,2,7207,B07DYSR1QH,CLIP STUDIO PAINT PRO - NEW Branding [並行輸入品] (Windows/Mac),https://www.amazon.co.jp/dp/B07DYSR1QH,https://www.google.com/search?q=Graphixly%20%E4%BC%9A%E7%A4%BE%E6%A6%82%E8%A6%81%20%E5%95%8F%E3%81%84%E5%90%88%E3%82%8F%E3%81%9B%20%E5%8D%B8,
HTB 北海道テレビ,1,DVD,条件付き（再販/版元カテゴリ）,ルートカテゴリ=DVD,A: 国内の第三者が2社以上で扱っている,規模未確認,JAN45/49／manufacturer日本語／メーカー名日本語,なし,さっぽろ 弥十郎商店,1,3,3188,B005SKR4UG,水曜どうでしょう 第16弾 72時間! 原付東日本縦断ラリー/シェフ大泉 夏野菜スペシャル,https://www.amazon.co.jp/dp/B005SKR4UG,https://www.google.com/search?q=HTB%20%E5%8C%97%E6%B5%B7%E9%81%93%E3%83%86%E3%83%AC%E3%83%93%20%E4%BC%9A%E7%A4%BE%E6%A6%82%E8%A6%81%20%E5%95%8F%E3%81%84%E5%90%88%E3%82%8F%E3%81%9B%20%E5%8D%B8,
HarperCollins,1,洋書,条件付き（再販/版元カテゴリ）,ルートカテゴリ=洋書,A: 国内の第三者が2社以上で扱っている,規模未確認,なし,なし,★英国の販売代理店★,1,5,4370,0064471195,"The Chronicles of Narnia: The Magician's Nephew/the Lion, th",https://www.amazon.co.jp/dp/0064471195,https://www.google.com/search?q=HarperCollins%20%E4%BC%9A%E7%A4%BE%E6%A6%82%E8%A6%81%20%E5%95%8F%E3%81%84%E5%90%88%E3%82%8F%E3%81%9B%20%E5%8D%B8,
Harriman House,1,洋書,条件付き（再販/版元カテゴリ）,ルートカテゴリ=洋書,A: 国内の第三者が2社以上で扱っている,規模未確認,なし,なし,★英国の販売代理店★,1,2,2928,0857199099,"The Psychology of Money: Timeless Lessons on Wealth, Greed, ",https://www.amazon.co.jp/dp/0857199099,https://www.google.com/search?q=Harriman%20House%20%E4%BC%9A%E7%A4%BE%E6%A6%82%E8%A6%81%20%E5%95%8F%E3%81%84%E5%90%88%E3%82%8F%E3%81%9B%20%E5%8D%B8,
Hodderscape,1,洋書,条件付き（再販/版元カテゴリ）,ルートカテゴリ=洋書,A: 国内の第三者が2社以上で扱っている,規模未確認,なし,なし,★英国の販売代理店★,1,5,666,1399741195,Red Rising: enter the explosive first book in the globally b,https://www.amazon.co.jp/dp/1399741195,https://www.google.com/search?q=Hodderscape%20%E4%BC%9A%E7%A4%BE%E6%A6%82%E8%A6%81%20%E5%95%8F%E3%81%84%E5%90%88%E3%82%8F%E3%81%9B%20%E5%8D%B8,
Imports,1,DVD,条件付き（再販/版元カテゴリ）,ルートカテゴリ=DVD,A: 国内の第三者が2社以上で扱っている,規模未確認,なし,なし,よろず流通館 送料無料！年中無休でお届けします！,1,2,7027,B004KA6HRG,Meet Joe Black [Blu-ray] [Import],https://www.amazon.co.jp/dp/B004KA6HRG,https://www.google.com/search?q=Imports%20%E4%BC%9A%E7%A4%BE%E6%A6%82%E8%A6%81%20%E5%95%8F%E3%81%84%E5%90%88%E3%82%8F%E3%81%9B%20%E5%8D%B8,
KARLTUFOU,1,DVD,条件付き（再販/版元カテゴリ）,ルートカテゴリ=DVD,A: 国内の第三者が2社以上で扱っている,規模未確認,なし,なし,うきうき輸入市場(年中無休出荷),1,4,3843,B00UAMEV6W,The Terminator [Blu-ray],https://www.amazon.co.jp/dp/B00UAMEV6W,https://www.google.com/search?q=KARLTUFOU%20%E4%BC%9A%E7%A4%BE%E6%A6%82%E8%A6%81%20%E5%95%8F%E3%81%84%E5%90%88%E3%82%8F%E3%81%9B%20%E5%8D%B8,
KRE,1,DVD,条件付き（再販/版元カテゴリ）,ルートカテゴリ=DVD,A: 国内の第三者が2社以上で扱っている,規模未確認,JAN45/49,なし,Beautiful Lifeショップ / eストアー / Web shop はるき,5,6,4853,B07B12HMLC,25th L'Anniversary LIVE(初回生産限定盤) [Blu-ray],https://www.amazon.co.jp/dp/B07B12HMLC,https://www.google.com/search?q=KRE%20%E4%BC%9A%E7%A4%BE%E6%A6%82%E8%A6%81%20%E5%95%8F%E3%81%84%E5%90%88%E3%82%8F%E3%81%9B%20%E5%8D%B8,
Kakehashi Games,1,ゲーム,条件付き（再販/版元カテゴリ）,ルートカテゴリ=ゲーム,A: 国内の第三者が2社以上で扱っている,規模未確認,JAN45/49／manufacturer日本語／日本法人格,なし,あじあ堂 / CYAKOマーケット（適格請求書発行事業者） / オーガスタジャパン,3,4,4285,B0CVX7K4LB,スナフキン:ムーミン谷のメロディ 限定版,https://www.amazon.co.jp/dp/B0CVX7K4LB,https://www.google.com/search?q=Kakehashi%20Games%20%E4%BC%9A%E7%A4%BE%E6%A6%82%E8%A6%81%20%E5%95%8F%E3%81%84%E5%90%88%E3%82%8F%E3%81%9B%20%E5%8D%B8,
Key Sounds Label,1,ミュージック,条件付き（再販/版元カテゴリ）,ルートカテゴリ=ミュージック,A: 国内の第三者が2社以上で扱っている,規模未確認,JAN45/49,なし,インボイス制度対応済 SHOP Forest 【千葉県公安委員会 第441010002465号】 / 東京アニメホビー館,2,2,3906,B07B67Q393,Rita×Key Memorial Best 『streak of light』,https://www.amazon.co.jp/dp/B07B67Q393,https://www.google.com/search?q=Key%20Sounds%20Label%20%E4%BC%9A%E7%A4%BE%E6%A6%82%E8%A6%81%20%E5%95%8F%E3%81%84%E5%90%88%E3%82%8F%E3%81%9B%20%E5%8D%B8,
Kino Lorber,1,DVD,条件付き（再販/版元カテゴリ）,ルートカテゴリ=DVD,A: 国内の第三者が2社以上で扱っている,規模未確認,なし,なし,townsandstreets（国内発送） / Smilea Net スマイレアネット / ホロニックパス,3,5,2594,B09VDTXSHF,For a Few Dollars More [Blu-ray],https://www.amazon.co.jp/dp/B09VDTXSHF,https://www.google.com/search?q=Kino%20Lorber%20%E4%BC%9A%E7%A4%BE%E6%A6%82%E8%A6%81%20%E5%95%8F%E3%81%84%E5%90%88%E3%82%8F%E3%81%9B%20%E5%8D%B8,
Kitty Media,1,DVD,条件付き（再販/版元カテゴリ）,ルートカテゴリ=DVD,A: 国内の第三者が2社以上で扱っている,規模未確認,なし,なし,リアン~lien~ / タイガメディア / OSEオンラインストア,3,5,2592,B0CQ34NV29,ホームスウィートオルギー Home Sweet Orgy ブルーレイ Blu-ray 全3話収録、日本語音声・英語字幕付,https://www.amazon.co.jp/dp/B0CQ34NV29,https://www.google.com/search?q=Kitty%20Media%20%E4%BC%9A%E7%A4%BE%E6%A6%82%E8%A6%81%20%E5%95%8F%E3%81%84%E5%90%88%E3%82%8F%E3%81%9B%20%E5%8D%B8,
LEMFUTER,1,DVD,条件付き（再販/版元カテゴリ）,ルートカテゴリ=DVD,A: 国内の第三者が2社以上で扱っている,規模未確認,なし,なし,ＳＭＩＬＥ館 / グランドK.T.,2,6,8820,B00YR185AK,Monsters Inc [Blu-ray 3D] [Region Free] (Limited Edition),https://www.amazon.co.jp/dp/B00YR185AK,https://www.google.com/search?q=LEMFUTER%20%E4%BC%9A%E7%A4%BE%E6%A6%82%E8%A6%81%20%E5%95%8F%E3%81%84%E5%90%88%E3%82%8F%E3%81%9B%20%E5%8D%B8,
MANGA ENTERTAINMENT,1,DVD,条件付き（再販/版元カテゴリ）,ルートカテゴリ=DVD,A: 国内の第三者が2社以上で扱っている,規模未確認,なし,なし,安田屋堂,1,5,8537,B004QOT098,Akira [Blu-ray] [Import],https://www.amazon.co.jp/dp/B004QOT098,https://www.google.com/search?q=MANGA%20ENTERTAINMENT%20%E4%BC%9A%E7%A4%BE%E6%A6%82%E8%A6%81%20%E5%95%8F%E3%81%84%E5%90%88%E3%82%8F%E3%81%9B%20%E5%8D%B8,
MENT RECORDING,1,ミュージック,条件付き（再販/版元カテゴリ）,ルートカテゴリ=ミュージック,A: 国内の第三者が2社以上で扱っている,規模未確認,なし,なし,【商品写真あり】緋色良品本舗 / 東京エムケイセンター本店 / スニフの夢(適格請求書発行事業者)商品の詳細情報(コンディション)に説明がある場合がございます。,3,3,2117,B0DDPNM47L,【メーカー特典あり】RAYS(AL+Blu-ray Disc)(初回盤B)(プリント) - Snow Man (特典:チ,https://www.amazon.co.jp/dp/B0DDPNM47L,https://www.google.com/search?q=MENT%20RECORDING%20%E4%BC%9A%E7%A4%BE%E6%A6%82%E8%A6%81%20%E5%95%8F%E3%81%84%E5%90%88%E3%82%8F%E3%81%9B%20%E5%8D%B8,
Macmillan Collector's Library,1,洋書,条件付き（再販/版元カテゴリ）,ルートカテゴリ=洋書,A: 国内の第三者が2社以上で扱っている,規模未確認,なし,なし,★英国の販売代理店★,1,5,1017,150982801X,Anne of Green Gables (Macmillan Collector's Library),https://www.amazon.co.jp/dp/150982801X,https://www.google.com/search?q=Macmillan%20Collector%27s%20Library%20%E4%BC%9A%E7%A4%BE%E6%A6%82%E8%A6%81%20%E5%95%8F%E3%81%84%E5%90%88%E3%82%8F%E3%81%9B%20%E5%8D%B8,
Magrathea Publishing,1,洋書,条件付き（再販/版元カテゴリ）,ルートカテゴリ=洋書,A: 国内の第三者が2社以上で扱っている,規模未確認,なし,なし,インポートショップ泉堂 / ★英国の販売代理店★,2,4,181,1544514212,The Almanack of Naval Ravikant: A Guide to Wealth and Happin,https://www.amazon.co.jp/dp/1544514212,https://www.google.com/search?q=Magrathea%20Publishing%20%E4%BC%9A%E7%A4%BE%E6%A6%82%E8%A6%81%20%E5%95%8F%E3%81%84%E5%90%88%E3%82%8F%E3%81%9B%20%E5%8D%B8,
Media Blasters,1,DVD,条件付き（再販/版元カテゴリ）,ルートカテゴリ=DVD,A: 国内の第三者が2社以上で扱っている,規模未確認,なし,なし,pH トレーディング / タイガメディア,2,3,2294,B0C3RWWLK5,Teachers In Heat [Region Free] [Blu-ray],https://www.amazon.co.jp/dp/B0C3RWWLK5,https://www.google.com/search?q=Media%20Blasters%20%E4%BC%9A%E7%A4%BE%E6%A6%82%E8%A6%81%20%E5%95%8F%E3%81%84%E5%90%88%E3%82%8F%E3%81%9B%20%E5%8D%B8,
Michael Joseph,1,洋書,条件付き（再販/版元カテゴリ）,ルートカテゴリ=洋書,A: 国内の第三者が2社以上で扱っている,規模未確認,なし,なし,★英国の販売代理店★,1,5,1549,0241721253,The Correspondent,https://www.amazon.co.jp/dp/0241721253,https://www.google.com/search?q=Michael%20Joseph%20%E4%BC%9A%E7%A4%BE%E6%A6%82%E8%A6%81%20%E5%95%8F%E3%81%84%E5%90%88%E3%82%8F%E3%81%9B%20%E5%8D%B8,
NSW,1,ゲーム,条件付き（再販/版元カテゴリ）,ルートカテゴリ=ゲーム,A: 国内の第三者が2社以上で扱っている,規模未確認,JAN45/49／manufacturer日本語,なし,くまねこレコード【すり替え対策強化中】 / トレジャーマーケット24(商品説明を必ずご確認下さい。) / ネットショップ　ワールド,4,4,1331,B07RNK496B,釣りスピリッツ Nintendo Switchバージョン -Switch,https://www.amazon.co.jp/dp/B07RNK496B,https://www.google.com/search?q=NSW%20%E4%BC%9A%E7%A4%BE%E6%A6%82%E8%A6%81%20%E5%95%8F%E3%81%84%E5%90%88%E3%82%8F%E3%81%9B%20%E5%8D%B8,
Outlook Verlag,1,洋書,条件付き（再販/版元カテゴリ）,ルートカテゴリ=洋書,A: 国内の第三者が2社以上で扱っている,規模未確認,なし,なし,ウキワクショップ,1,5,6610,336828536X,Three Men in a Boat (To Say Nothing of the Dog): in large pr,https://www.amazon.co.jp/dp/336828536X,https://www.google.com/search?q=Outlook%20Verlag%20%E4%BC%9A%E7%A4%BE%E6%A6%82%E8%A6%81%20%E5%95%8F%E3%81%84%E5%90%88%E3%82%8F%E3%81%9B%20%E5%8D%B8,
"Oxford University Press, USA",1,洋書,条件付き（再販/版元カテゴリ）,ルートカテゴリ=洋書,A: 国内の第三者が2社以上で扱っている,規模未確認,なし,なし,Foreign Academic & Teaching Material | 東京発洋書販売 / 滋賀びわこ書店 / 京都 大垣書店プラス,3,5,2145,0194202437,Practical English Usage,https://www.amazon.co.jp/dp/0194202437,https://www.google.com/search?q=Oxford%20University%20Press%2C%20USA%20%E4%BC%9A%E7%A4%BE%E6%A6%82%E8%A6%81%20%E5%95%8F%E3%81%84%E5%90%88%E3%82%8F%E3%81%9B%20%E5%8D%B8,
PUMWHIP,1,DVD,条件付き（再販/版元カテゴリ）,ルートカテゴリ=DVD,A: 国内の第三者が2社以上で扱っている,規模未確認,なし,なし,クロスフロンティア,1,4,4969,B07XF7JZ9S,アラジン [Blu-ray],https://www.amazon.co.jp/dp/B07XF7JZ9S,https://www.google.com/search?q=PUMWHIP%20%E4%BC%9A%E7%A4%BE%E6%A6%82%E8%A6%81%20%E5%95%8F%E3%81%84%E5%90%88%E3%82%8F%E3%81%9B%20%E5%8D%B8,
Patch Works,1,本,条件付き（再販/版元カテゴリ）,ルートカテゴリ=本,A: 国内の第三者が2社以上で扱っている,規模未確認,なし,なし,インコグ・ラボ / NSベース / バラエティーショップひいろ,3,4,1397,4990580400,永い後日談のネクロニカ,https://www.amazon.co.jp/dp/4990580400,https://www.google.com/search?q=Patch%20Works%20%E4%BC%9A%E7%A4%BE%E6%A6%82%E8%A6%81%20%E5%95%8F%E3%81%84%E5%90%88%E3%82%8F%E3%81%9B%20%E5%8D%B8,
Plata Publishing,1,洋書,条件付き（再販/版元カテゴリ）,ルートカテゴリ=洋書,A: 国内の第三者が2社以上で扱っている,規模未確認,なし,なし,★英国の販売代理店★,1,3,1551,1612680178,Rich Dad Poor Dad: What the Rich Teach Their Kids About Mone,https://www.amazon.co.jp/dp/1612680178,https://www.google.com/search?q=Plata%20Publishing%20%E4%BC%9A%E7%A4%BE%E6%A6%82%E8%A6%81%20%E5%95%8F%E3%81%84%E5%90%88%E3%82%8F%E3%81%9B%20%E5%8D%B8,
PlayStation,1,ゲーム,条件付き（再販/版元カテゴリ）,ルートカテゴリ=ゲーム,A: 国内の第三者が2社以上で扱っている,規模未確認,なし,なし,TA-JPストア【安心・国内配送】 / （桜木商事）,2,2,2168,B07BYFLW8F,SONY PLAYSTATION(ソニー：プレイステーション) Icons ライト (乾電池/USB給電対応) [並行輸,https://www.amazon.co.jp/dp/B07BYFLW8F,https://www.google.com/search?q=PlayStation%20%E4%BC%9A%E7%A4%BE%E6%A6%82%E8%A6%81%20%E5%95%8F%E3%81%84%E5%90%88%E3%82%8F%E3%81%9B%20%E5%8D%B8,
Project Management Institute,1,本,条件付き（再販/版元カテゴリ）,ルートカテゴリ=本,A: 国内の第三者が2社以上で扱っている,規模未確認,なし,なし,コーシュカショップス / super market ※購入前にコンディション＆出品者情報確認して購入 / Smilea Net スマイレアネット,3,6,3873,1628254238,アジャイル実務ガイド (日本語版) (Project Management Institute),https://www.amazon.co.jp/dp/1628254238,https://www.google.com/search?q=Project%20Management%20Institute%20%E4%BC%9A%E7%A4%BE%E6%A6%82%E8%A6%81%20%E5%95%8F%E3%81%84%E5%90%88%E3%82%8F%E3%81%9B%20%E5%8D%B8,
Ruthless Records,1,ミュージック,条件付き（再販/版元カテゴリ）,ルートカテゴリ=ミュージック,A: 国内の第三者が2社以上で扱っている,規模未確認,なし,なし,グローバル・ハブ / ブックマーケティング(ご注文確定前に表示の到着予定日をご確認下さい、ご注文後のキャンセルご遠慮下さい,2,6,1411,B00E8K2I9Y,Selected Ambient Works 85-92 [輸入アナログ盤 / 2LP] (AMBLP3922),https://www.amazon.co.jp/dp/B00E8K2I9Y,https://www.google.com/search?q=Ruthless%20Records%20%E4%BC%9A%E7%A4%BE%E6%A6%82%E8%A6%81%20%E5%95%8F%E3%81%84%E5%90%88%E3%82%8F%E3%81%9B%20%E5%8D%B8,
SME Records,1,ミュージック,条件付き（再販/版元カテゴリ）,ルートカテゴリ=ミュージック,A: 国内の第三者が2社以上で扱っている,規模未確認,JAN45/49,なし,バラエティショップ 東京セレクト【お急ぎ便対応】【365日 24時間 即日発送】,1,5,2052,B0756GBBFW,BOOTLEG(映像盤 初回限定)(DVD付き),https://www.amazon.co.jp/dp/B0756GBBFW,https://www.google.com/search?q=SME%20Records%20%E4%BC%9A%E7%A4%BE%E6%A6%82%E8%A6%81%20%E5%95%8F%E3%81%84%E5%90%88%E3%82%8F%E3%81%9B%20%E5%8D%B8,
SMEE,1,ミュージック,条件付き（再販/版元カテゴリ）,ルートカテゴリ=ミュージック,A: 国内の第三者が2社以上で扱っている,規模未確認,JAN45/49,なし,パソコンショップMK札幌狸小路店 [登録番号：T4430001078402],1,2,3584,B0BGHFSS6W,SMEE Vocal Cover Collection Vol.05 Heroine's Festival 限定版,https://www.amazon.co.jp/dp/B0BGHFSS6W,https://www.google.com/search?q=SMEE%20%E4%BC%9A%E7%A4%BE%E6%A6%82%E8%A6%81%20%E5%95%8F%E3%81%84%E5%90%88%E3%82%8F%E3%81%9B%20%E5%8D%B8,
SMM ITAKU (MUSIC),1,ミュージック,条件付き（再販/版元カテゴリ）,ルートカテゴリ=ミュージック,A: 国内の第三者が2社以上で扱っている,規模未確認,JAN45/49,なし,Web shop はるき / アイルオンラインストア ※すり替え対策店※ ★賞味期限あるものはコンディションにて要確認★ / ディスク本舗 web店【年中無休、インボイス制度対応】,3,3,7364,B09ZD2VR6H,今、何処 (デラックス・エディション) (初回生産限定盤),https://www.amazon.co.jp/dp/B09ZD2VR6H,https://www.google.com/search?q=SMM%20ITAKU%20%28MUSIC%29%20%E4%BC%9A%E7%A4%BE%E6%A6%82%E8%A6%81%20%E5%95%8F%E3%81%84%E5%90%88%E3%82%8F%E3%81%9B%20%E5%8D%B8,
SOURCENEXT,1,PCソフト,条件付き（再販/版元カテゴリ）,ルートカテゴリ=PCソフト,A: 国内の第三者が2社以上で扱っている,規模未確認（大きい可能性あり）,JAN45/49／manufacturer日本語,なし,ソースネクスト・ポケトーク公式,1,2,4585,B0DGQBXJW7,ソースネクスト ｜ Wi-Fi セキュリティ 無期限版 カード版 ｜ VPN セキュリティ対策 ｜ Windows・Ma,https://www.amazon.co.jp/dp/B0DGQBXJW7,https://www.google.com/search?q=SOURCENEXT%20%E4%BC%9A%E7%A4%BE%E6%A6%82%E8%A6%81%20%E5%95%8F%E3%81%84%E5%90%88%E3%82%8F%E3%81%9B%20%E5%8D%B8,
Scuf,1,ゲーム,条件付き（再販/版元カテゴリ）,ルートカテゴリ=ゲーム,A: 国内の第三者が2社以上で扱っている,規模未確認,なし,なし,大日本空輸グループ　総合本社 / タカミトレード株式会社[適格請求書発行事業者],2,3,7962,B0CMN2ST9T,SCUF ENVISION PC用 有線コントローラー Black スカフ エンビジョン [並行輸入品],https://www.amazon.co.jp/dp/B0CMN2ST9T,https://www.google.com/search?q=Scuf%20%E4%BC%9A%E7%A4%BE%E6%A6%82%E8%A6%81%20%E5%95%8F%E3%81%84%E5%90%88%E3%82%8F%E3%81%9B%20%E5%8D%B8,
Seefox,1,DVD,条件付き（再販/版元カテゴリ）,ルートカテゴリ=DVD,A: 国内の第三者が2社以上で扱っている,規模未確認,なし,なし,アウトリガー,1,3,8864,B08SBLQGKJ,Jaws (Limited Edition Steelbook) [4K Ultra HD + Blu-ray + Di,https://www.amazon.co.jp/dp/B08SBLQGKJ,https://www.google.com/search?q=Seefox%20%E4%BC%9A%E7%A4%BE%E6%A6%82%E8%A6%81%20%E5%95%8F%E3%81%84%E5%90%88%E3%82%8F%E3%81%9B%20%E5%8D%B8,
Shout! Factory,1,DVD,条件付き（再販/版元カテゴリ）,ルートカテゴリ=DVD,A: 国内の第三者が2社以上で扱っている,規模未確認,なし,なし,S&E Service (S&E サービス),1,2,5813,B06VSTRMYH,Return of the Dragon / [Blu-ray] [Import],https://www.amazon.co.jp/dp/B06VSTRMYH,https://www.google.com/search?q=Shout%21%20Factory%20%E4%BC%9A%E7%A4%BE%E6%A6%82%E8%A6%81%20%E5%95%8F%E3%81%84%E5%90%88%E3%82%8F%E3%81%9B%20%E5%8D%B8,
Speakers Corner,1,ミュージック,条件付き（再販/版元カテゴリ）,ルートカテゴリ=ミュージック,A: 国内の第三者が2社以上で扱っている,規模未確認,なし,なし,グローバル・ハブ / ビビッドメディアストア,2,4,6174,B008GOAENK,Time Out -Ltd/Hq/45 Rpm- [Analog],https://www.amazon.co.jp/dp/B008GOAENK,https://www.google.com/search?q=Speakers%20Corner%20%E4%BC%9A%E7%A4%BE%E6%A6%82%E8%A6%81%20%E5%95%8F%E3%81%84%E5%90%88%E3%82%8F%E3%81%9B%20%E5%8D%B8,
"Supergiant Games, LLC",1,ゲーム,条件付き（再販/版元カテゴリ）,ルートカテゴリ=ゲーム,A: 国内の第三者が2社以上で扱っている,規模未確認,JAN45/49,なし,【公式】真心堂（まごころどう） / 迅速発送 ｈｋマーケット / トレ－ドマ－ト,5,5,2568,B0FR993GT8,HADES II Nintendo Switch 2 Edition -Switch2 【特典】オリジナルサウンドトラッ,https://www.amazon.co.jp/dp/B0FR993GT8,https://www.google.com/search?q=Supergiant%20Games%2C%20LLC%20%E4%BC%9A%E7%A4%BE%E6%A6%82%E8%A6%81%20%E5%95%8F%E3%81%84%E5%90%88%E3%82%8F%E3%81%9B%20%E5%8D%B8,
TAC出版,1,本,条件付き（再販/版元カテゴリ）,ルートカテゴリ=本,A: 国内の第三者が2社以上で扱っている,規模未確認,manufacturer日本語／メーカー名日本語,なし,ノースサプライ / いずみbooks / ブックマーケティング(ご注文確定前に表示の到着予定日をご確認下さい、ご注文後のキャンセルご遠慮下さい,3,3,1065,4300115125,みんなが欲しかった! 電験三種の10年過去問題集 2025年度版 [電気主任技術者（電験） 問題編＋科目ごとの回答解説編,https://www.amazon.co.jp/dp/4300115125,https://www.google.com/search?q=TAC%E5%87%BA%E7%89%88%20%E4%BC%9A%E7%A4%BE%E6%A6%82%E8%A6%81%20%E5%95%8F%E3%81%84%E5%90%88%E3%82%8F%E3%81%9B%20%E5%8D%B8,
TCエンタテインメント,1,DVD,条件付き（再販/版元カテゴリ）,ルートカテゴリ=DVD,A: 国内の第三者が2社以上で扱っている,規模未確認,JAN45/49／manufacturer日本語／メーカー名日本語,なし,オンラインレコード兵庫店 年中無休２４時間営業中,1,2,9290,B089YG9T9D,ミッドサマー UHD(Ultra HD Blu-ray)豪華版3枚組(スチールブック仕様・初回生産限定版),https://www.amazon.co.jp/dp/B089YG9T9D,https://www.google.com/search?q=TC%E3%82%A8%E3%83%B3%E3%82%BF%E3%83%86%E3%82%A4%E3%83%B3%E3%83%A1%E3%83%B3%E3%83%88%20%E4%BC%9A%E7%A4%BE%E6%A6%82%E8%A6%81%20%E5%95%8F%E3%81%84%E5%90%88%E3%82%8F%E3%81%9B%20%E5%8D%B8,
THORNDIKE PRESS LARGE PRINT,1,洋書,条件付き（再販/版元カテゴリ）,ルートカテゴリ=洋書,A: 国内の第三者が2社以上で扱っている,規模未確認,なし,なし,★英国の販売代理店★,1,3,5112,1420519425,The Inmate (Thorndike Press; Large Print),https://www.amazon.co.jp/dp/1420519425,https://www.google.com/search?q=THORNDIKE%20PRESS%20LARGE%20PRINT%20%E4%BC%9A%E7%A4%BE%E6%A6%82%E8%A6%81%20%E5%95%8F%E3%81%84%E5%90%88%E3%82%8F%E3%81%9B%20%E5%8D%B8,
Trafalgar Square Publishing,1,洋書,条件付き（再販/版元カテゴリ）,ルートカテゴリ=洋書,A: 国内の第三者が2社以上で扱っている,規模未確認,なし,なし,ハセショップ,1,4,6687,0437245756,Pride and Prejudice,https://www.amazon.co.jp/dp/0437245756,https://www.google.com/search?q=Trafalgar%20Square%20Publishing%20%E4%BC%9A%E7%A4%BE%E6%A6%82%E8%A6%81%20%E5%95%8F%E3%81%84%E5%90%88%E3%82%8F%E3%81%9B%20%E5%8D%B8,
True Sign Publishing House Private Limited,1,洋書,条件付き（再販/版元カテゴリ）,ルートカテゴリ=洋書,A: 国内の第三者が2社以上で扱っている,規模未確認,なし,なし,★英国の販売代理店★ / Ｈｅａｒｔ オンラインストア / ユウダイストア,3,6,2598,9358050535,The Murder Of Roger Ackroyd,https://www.amazon.co.jp/dp/9358050535,https://www.google.com/search?q=True%20Sign%20Publishing%20House%20Private%20Limited%20%E4%BC%9A%E7%A4%BE%E6%A6%82%E8%A6%81%20%E5%95%8F%E3%81%84%E5%90%88%E3%82%8F%E3%81%9B%20%E5%8D%B8,
UNIVERSAL DESTINATIONS & EXPERIENCES,1,DVD,条件付き（再販/版元カテゴリ）,ルートカテゴリ=DVD,A: 国内の第三者が2社以上で扱っている,規模未確認,なし,なし,輸入雑貨店｜Florida Store / 美的生活★ヘルシーライフ本店【インボイス登録事業者】 / ミヤジンショップ,5,6,4288,6304143184,E.T. [VHS],https://www.amazon.co.jp/dp/6304143184,https://www.google.com/search?q=UNIVERSAL%20DESTINATIONS%20%26%20EXPERIENCES%20%E4%BC%9A%E7%A4%BE%E6%A6%82%E8%A6%81%20%E5%95%8F%E3%81%84%E5%90%88%E3%82%8F%E3%81%9B%20%E5%8D%B8,
Used Purchases,1,DVD,条件付き（再販/版元カテゴリ）,ルートカテゴリ=DVD,A: 国内の第三者が2社以上で扱っている,規模未確認,なし,なし,輸入雑貨店｜Florida Store / 浪越商店 / HYコマース,3,6,8794,B00G4SAJ4E,アイアンマン2 (3枚組コンボパック) [ブルーレイ+DVD],https://www.amazon.co.jp/dp/B00G4SAJ4E,https://www.google.com/search?q=Used%20Purchases%20%E4%BC%9A%E7%A4%BE%E6%A6%82%E8%A6%81%20%E5%95%8F%E3%81%84%E5%90%88%E3%82%8F%E3%81%9B%20%E5%8D%B8,
VINYL LOVERS,1,ミュージック,条件付き（再販/版元カテゴリ）,ルートカテゴリ=ミュージック,A: 国内の第三者が2社以上で扱っている,規模未確認,なし,なし,★遊楽堂★,1,2,2560,B0015I2U8G,What's Going on [Analog],https://www.amazon.co.jp/dp/B0015I2U8G,https://www.google.com/search?q=VINYL%20LOVERS%20%E4%BC%9A%E7%A4%BE%E6%A6%82%E8%A6%81%20%E5%95%8F%E3%81%84%E5%90%88%E3%82%8F%E3%81%9B%20%E5%8D%B8,
Virgin,1,ミュージック,条件付き（再販/版元カテゴリ）,ルートカテゴリ=ミュージック,A: 国内の第三者が2社以上で扱っている,規模未確認,なし,なし,グローバル・ハブ / インポートショップ泉堂,2,4,2045,B000000W5F,Tattoo You,https://www.amazon.co.jp/dp/B000000W5F,https://www.google.com/search?q=Virgin%20%E4%BC%9A%E7%A4%BE%E6%A6%82%E8%A6%81%20%E5%95%8F%E3%81%84%E5%90%88%E3%82%8F%E3%81%9B%20%E5%8D%B8,
WSS Playground,1,ゲーム,条件付き（再販/版元カテゴリ）,ルートカテゴリ=ゲーム,A: 国内の第三者が2社以上で扱っている,規模未確認,JAN45/49,なし,武藤商店オンラインストア / 【適格請求書発行事業者】AI電気 / ワイ・ティーメディアセンター本店,3,4,2419,B0DG2Z4MQX,アケアカNEOGEO セレクション Vol.1 -Switch,https://www.amazon.co.jp/dp/B0DG2Z4MQX,https://www.google.com/search?q=WSS%20Playground%20%E4%BC%9A%E7%A4%BE%E6%A6%82%E8%A6%81%20%E5%95%8F%E3%81%84%E5%90%88%E3%82%8F%E3%81%9B%20%E5%8D%B8,
Warner Music Interna,1,ミュージック,条件付き（再販/版元カテゴリ）,ルートカテゴリ=ミュージック,A: 国内の第三者が2社以上で扱っている,規模未確認,なし,なし,★英国の販売代理店★ / ビビッドメディアストア / インポートショップ泉堂,3,5,1908,B0000DJYO1,Machine Head [Analog],https://www.amazon.co.jp/dp/B0000DJYO1,https://www.google.com/search?q=Warner%20Music%20Interna%20%E4%BC%9A%E7%A4%BE%E6%A6%82%E8%A6%81%20%E5%95%8F%E3%81%84%E5%90%88%E3%82%8F%E3%81%9B%20%E5%8D%B8,
Weidenfeld & Nicolson History,1,本,条件付き（再販/版元カテゴリ）,ルートカテゴリ=本,A: 国内の第三者が2社以上で扱っている,規模未確認,なし,なし,HYコマース / 輸入雑貨店｜Florida Store,2,5,1032,1857993284,Sophie’s World,https://www.amazon.co.jp/dp/1857993284,https://www.google.com/search?q=Weidenfeld%20%26%20Nicolson%20History%20%E4%BC%9A%E7%A4%BE%E6%A6%82%E8%A6%81%20%E5%95%8F%E3%81%84%E5%90%88%E3%82%8F%E3%81%9B%20%E5%8D%B8,
Wipuku,1,DVD,条件付き（再販/版元カテゴリ）,ルートカテゴリ=DVD,A: 国内の第三者が2社以上で扱っている,規模未確認,なし,なし,ＳＴ商会,1,3,3540,B00AQ69VE4,PROFESSIONAL (1994),https://www.amazon.co.jp/dp/B00AQ69VE4,https://www.google.com/search?q=Wipuku%20%E4%BC%9A%E7%A4%BE%E6%A6%82%E8%A6%81%20%E5%95%8F%E3%81%84%E5%90%88%E3%82%8F%E3%81%9B%20%E5%8D%B8,
Workman Publishing,1,洋書,条件付き（再販/版元カテゴリ）,ルートカテゴリ=洋書,A: 国内の第三者が2社以上で扱っている,規模未確認,なし,なし,★英国の販売代理店★ / ビビッドメディアストア,2,5,1870,1523531290,Cat Page-A-Day® Gallery Calendar 2026: A Delightful Gallery ,https://www.amazon.co.jp/dp/1523531290,https://www.google.com/search?q=Workman%20Publishing%20%E4%BC%9A%E7%A4%BE%E6%A6%82%E8%A6%81%20%E5%95%8F%E3%81%84%E5%90%88%E3%82%8F%E3%81%9B%20%E5%8D%B8,
iZotope,1,PCソフト,条件付き（再販/版元カテゴリ）,ルートカテゴリ=PCソフト,A: 国内の第三者が2社以上で扱っている,中小の見込み（手判定）,JAN45/49,なし,アウル・ビジョン 株式会社 / 島村楽器,2,2,10490,B0DLB98N9L,iZotope Neutron 5 アップグレード版 from Neutron 4 or any previous ve,https://www.amazon.co.jp/dp/B0DLB98N9L,https://www.google.com/search?q=iZotope%20%E4%BC%9A%E7%A4%BE%E6%A6%82%E8%A6%81%20%E5%95%8F%E3%81%84%E5%90%88%E3%82%8F%E3%81%9B%20%E5%8D%B8,
inforest,1,本,条件付き（再販/版元カテゴリ）,ルートカテゴリ=本,A: 国内の第三者が2社以上で扱っている,規模未確認,manufacturer日本語,なし,タウンズマート / 松陰 書店,2,2,3617,486190952X,勘定奉行 i 公式導入ガイドブック (OBCオフィシャルガイドブック),https://www.amazon.co.jp/dp/486190952X,https://www.google.com/search?q=inforest%20%E4%BC%9A%E7%A4%BE%E6%A6%82%E8%A6%81%20%E5%95%8F%E3%81%84%E5%90%88%E3%82%8F%E3%81%9B%20%E5%8D%B8,
いいずな書店,1,本,条件付き（再販/版元カテゴリ）,ルートカテゴリ=本,A: 国内の第三者が2社以上で扱っている,規模未確認,manufacturer日本語／メーカー名日本語／日本法人格,なし,ブックマーケティング(ご注文確定前に表示の到着予定日をご確認下さい、ご注文後のキャンセルご遠慮下さい / 松陰 書店 / タウンズマート,4,4,263,486460780X,英文法・語法　Vintage 4th Edition,https://www.amazon.co.jp/dp/486460780X,https://www.google.com/search?q=%E3%81%84%E3%81%84%E3%81%9A%E3%81%AA%E6%9B%B8%E5%BA%97%20%E4%BC%9A%E7%A4%BE%E6%A6%82%E8%A6%81%20%E5%95%8F%E3%81%84%E5%90%88%E3%82%8F%E3%81%9B%20%E5%8D%B8,
ぎょうせい,1,本,条件付き（再販/版元カテゴリ）,ルートカテゴリ=本,A: 国内の第三者が2社以上で扱っている,規模未確認,manufacturer日本語／メーカー名日本語,なし,ノースサプライ / タウンズマート / 松陰 書店,4,4,3870,4324114196,建築物の防火避難規定の解説　2023,https://www.amazon.co.jp/dp/4324114196,https://www.google.com/search?q=%E3%81%8E%E3%82%87%E3%81%86%E3%81%9B%E3%81%84%20%E4%BC%9A%E7%A4%BE%E6%A6%82%E8%A6%81%20%E5%95%8F%E3%81%84%E5%90%88%E3%82%8F%E3%81%9B%20%E5%8D%B8,
ぴあ,1,本,条件付き（再販/版元カテゴリ）,ルートカテゴリ=本,A: 国内の第三者が2社以上で扱っている,規模未確認,JAN45/49／manufacturer日本語／メーカー名日本語,なし,タウンズマート / 松陰 書店,2,2,3744,B0DLBD5BNL,帝国劇場アニバーサリーブック NEW HISTORY COMING(劇場内外観オリジナルクリアファイル付き),https://www.amazon.co.jp/dp/B0DLBD5BNL,https://www.google.com/search?q=%E3%81%B4%E3%81%82%20%E4%BC%9A%E7%A4%BE%E6%A6%82%E8%A6%81%20%E5%95%8F%E3%81%84%E5%90%88%E3%82%8F%E3%81%9B%20%E5%8D%B8,
よしもとミュージックエンタテインメント,1,DVD,条件付き（再販/版元カテゴリ）,ルートカテゴリ=DVD,A: 国内の第三者が2社以上で扱っている,規模未確認,JAN45/49／manufacturer日本語／メーカー名日本語,なし,バンダレコードweb店 / Felista玉光堂 / ときめき ライフ,5,5,3945,B00FJ1E9MK,ダウンタウンのガキの使いやあらへんで!! (祝)ダウンタウン生誕50年記念DVD 永久保存版 (19)(罰)絶対に笑って,https://www.amazon.co.jp/dp/B00FJ1E9MK,https://www.google.com/search?q=%E3%82%88%E3%81%97%E3%82%82%E3%81%A8%E3%83%9F%E3%83%A5%E3%83%BC%E3%82%B8%E3%83%83%E3%82%AF%E3%82%A8%E3%83%B3%E3%82%BF%E3%83%86%E3%82%A4%E3%83%B3%E3%83%A1%E3%83%B3%E3%83%88%20%E4%BC%9A%E7%A4%BE%E6%A6%82%E8%A6%81%20%E5%95%8F%E3%81%84%E5%90%88%E3%82%8F%E3%81%9B%20%E5%8D%B8,
アシェット・コレクションズ・ジャパン,1,本,条件付き（再販/版元カテゴリ）,ルートカテゴリ=本,A: 国内の第三者が2社以上で扱っている,規模未確認,JAN45/49／manufacturer日本語／メーカー名日本語,なし,books森 / ブックマーケティング(ご注文確定前に表示の到着予定日をご確認下さい、ご注文後のキャンセルご遠慮下さい,2,2,933,B0G6MF8H65,1/18エクストラスケール国産名車-創刊(1) 2026年 1/21 号 [雑誌],https://www.amazon.co.jp/dp/B0G6MF8H65,https://www.google.com/search?q=%E3%82%A2%E3%82%B7%E3%82%A7%E3%83%83%E3%83%88%E3%83%BB%E3%82%B3%E3%83%AC%E3%82%AF%E3%82%B7%E3%83%A7%E3%83%B3%E3%82%BA%E3%83%BB%E3%82%B8%E3%83%A3%E3%83%91%E3%83%B3%20%E4%BC%9A%E7%A4%BE%E6%A6%82%E8%A6%81%20%E5%95%8F%E3%81%84%E5%90%88%E3%82%8F%E3%81%9B%20%E5%8D%B8,
アスク,1,本,条件付き（再販/版元カテゴリ）,ルートカテゴリ=本,A: 国内の第三者が2社以上で扱っている,規模未確認,manufacturer日本語／メーカー名日本語,なし,松陰 書店 / タウンズマート,2,2,1022,4872177231,新装版 できる韓国語 初級I,https://www.amazon.co.jp/dp/4872177231,https://www.google.com/search?q=%E3%82%A2%E3%82%B9%E3%82%AF%20%E4%BC%9A%E7%A4%BE%E6%A6%82%E8%A6%81%20%E5%95%8F%E3%81%84%E5%90%88%E3%82%8F%E3%81%9B%20%E5%8D%B8,
アニプレックス,1,DVD,条件付き（再販/版元カテゴリ）,ルートカテゴリ=DVD,A: 国内の第三者が2社以上で扱っている,規模未確認,JAN45/49／manufacturer日本語／メーカー名日本語,なし,エスネット ストアー / ときめき ライフ,2,2,891,B07L62YX2G,劇場版 魔法少女まどか☆マギカ[新編]叛逆の物語(完全生産限定版),https://www.amazon.co.jp/dp/B07L62YX2G,https://www.google.com/search?q=%E3%82%A2%E3%83%8B%E3%83%97%E3%83%AC%E3%83%83%E3%82%AF%E3%82%B9%20%E4%BC%9A%E7%A4%BE%E6%A6%82%E8%A6%81%20%E5%95%8F%E3%81%84%E5%90%88%E3%82%8F%E3%81%9B%20%E5%8D%B8,
アミューズソフト,1,DVD,条件付き（再販/版元カテゴリ）,ルートカテゴリ=DVD,A: 国内の第三者が2社以上で扱っている,規模未確認,JAN45/49／manufacturer日本語／メーカー名日本語,なし,ステップＲＥＩＫＯＤＯ / 月風堂。,2,5,3148,B00HTTUOEM,永遠の0 豪華版(DVD2枚組) 初回生産限定仕様,https://www.amazon.co.jp/dp/B00HTTUOEM,https://www.google.com/search?q=%E3%82%A2%E3%83%9F%E3%83%A5%E3%83%BC%E3%82%BA%E3%82%BD%E3%83%95%E3%83%88%20%E4%BC%9A%E7%A4%BE%E6%A6%82%E8%A6%81%20%E5%95%8F%E3%81%84%E5%90%88%E3%82%8F%E3%81%9B%20%E5%8D%B8,
アークシステムワークス,1,ゲーム,条件付き（再販/版元カテゴリ）,ルートカテゴリ=ゲーム,A: 国内の第三者が2社以上で扱っている,規模未確認,JAN45/49／manufacturer日本語／メーカー名日本語,なし,★岡田屋 24時間以内に発送。365日対応★当店の女性スタッフが心を込めて検品・梱包いたします★ / 本郷やまねこ堂 / おもちゃ＆ホビーSHOP あまのや ≪年中無休≫,5,5,2726,B0DFXPF8R4,GUILTY GEAR -STRIVE- (ギルティギア ストライヴ) Nintendo Switch Edition ,https://www.amazon.co.jp/dp/B0DFXPF8R4,https://www.google.com/search?q=%E3%82%A2%E3%83%BC%E3%82%AF%E3%82%B7%E3%82%B9%E3%83%86%E3%83%A0%E3%83%AF%E3%83%BC%E3%82%AF%E3%82%B9%20%E4%BC%9A%E7%A4%BE%E6%A6%82%E8%A6%81%20%E5%95%8F%E3%81%84%E5%90%88%E3%82%8F%E3%81%9B%20%E5%8D%B8,
インディーズレーベル,1,ミュージック,条件付き（再販/版元カテゴリ）,ルートカテゴリ=ミュージック,A: 国内の第三者が2社以上で扱っている,規模未確認,JAN45/49／メーカー名日本語,なし,チョコレートレコード 【年中無休】「コンビニ払い」できます！ / ブックマーケティング(ご注文確定前に表示の到着予定日をご確認下さい、ご注文後のキャンセルご遠慮下さい,2,2,1308,B0GHNPNR95,modal soul,https://www.amazon.co.jp/dp/B0GHNPNR95,https://www.google.com/search?q=%E3%82%A4%E3%83%B3%E3%83%87%E3%82%A3%E3%83%BC%E3%82%BA%E3%83%AC%E3%83%BC%E3%83%99%E3%83%AB%20%E4%BC%9A%E7%A4%BE%E6%A6%82%E8%A6%81%20%E5%95%8F%E3%81%84%E5%90%88%E3%82%8F%E3%81%9B%20%E5%8D%B8,
ゲームテック,1,ゲーム,条件付き（再販/版元カテゴリ）,ルートカテゴリ=ゲーム,A: 国内の第三者が2社以上で扱っている,規模未確認,JAN45/49／manufacturer日本語／メーカー名日本語,なし,三方よしSHOP / NAGOMIストア,2,3,28,B0C6MD591Y,Pokemon GO Plus+対応本体収納ポーチ『シリコンポーチPlus+(ホワイト×レッド)』 - Mobile,https://www.amazon.co.jp/dp/B0C6MD591Y,https://www.google.com/search?q=%E3%82%B2%E3%83%BC%E3%83%A0%E3%83%86%E3%83%83%E3%82%AF%20%E4%BC%9A%E7%A4%BE%E6%A6%82%E8%A6%81%20%E5%95%8F%E3%81%84%E5%90%88%E3%82%8F%E3%81%9B%20%E5%8D%B8,
コミックス・ウェーブ・フィルム,1,DVD,条件付き（再販/版元カテゴリ）,ルートカテゴリ=DVD,A: 国内の第三者が2社以上で扱っている,規模未確認,JAN45/49／manufacturer日本語／メーカー名日本語,なし,インフォームショップ【インボイス対応】 / 未来屋陶商店 / かばいち堂 【古物営業許可証：第651010000548号】,3,4,1735,B000MQCT1U,秒速5センチメートル 特別限定生産版 DVD-BOX,https://www.amazon.co.jp/dp/B000MQCT1U,https://www.google.com/search?q=%E3%82%B3%E3%83%9F%E3%83%83%E3%82%AF%E3%82%B9%E3%83%BB%E3%82%A6%E3%82%A7%E3%83%BC%E3%83%96%E3%83%BB%E3%83%95%E3%82%A3%E3%83%AB%E3%83%A0%20%E4%BC%9A%E7%A4%BE%E6%A6%82%E8%A6%81%20%E5%95%8F%E3%81%84%E5%90%88%E3%82%8F%E3%81%9B%20%E5%8D%B8,
コロンバスサークル,1,ゲーム,条件付き（再販/版元カテゴリ）,ルートカテゴリ=ゲーム,A: 国内の第三者が2社以上で扱っている,規模未確認,JAN45/49／manufacturer日本語／メーカー名日本語,なし,スリーエーダイレクト【3Aカンパニー公式店】,1,2,3155,B0D6MZ2GLN,コロンバスサークル（FC用互換機）8ビットポケット V2 - 液晶画面搭載ポータブルファミコン互換機【生産終了】,https://www.amazon.co.jp/dp/B0D6MZ2GLN,https://www.google.com/search?q=%E3%82%B3%E3%83%AD%E3%83%B3%E3%83%90%E3%82%B9%E3%82%B5%E3%83%BC%E3%82%AF%E3%83%AB%20%E4%BC%9A%E7%A4%BE%E6%A6%82%E8%A6%81%20%E5%95%8F%E3%81%84%E5%90%88%E3%82%8F%E3%81%9B%20%E5%8D%B8,
サイバーガジェット,1,ゲーム,条件付き（再販/版元カテゴリ）,ルートカテゴリ=ゲーム,A: 国内の第三者が2社以上で扱っている,規模未確認,JAN45/49／manufacturer日本語／メーカー名日本語,なし,あす着年中無休16時迄ご注文分即日出荷翌日お届け（北海道北東北沖縄県は翌々日）自社出荷プロエフ / アイルオンラインストア ※すり替え対策店※ ★賞味期限あるものはコンディションにて要確認★ / かなたもSHOP,4,4,6201,B07L95695F,レトロフリーク ギアコンバーター S 【ゲームギア、セガ・マークIII、SG-1000用ソフト向け】 メガブラック,https://www.amazon.co.jp/dp/B07L95695F,https://www.google.com/search?q=%E3%82%B5%E3%82%A4%E3%83%90%E3%83%BC%E3%82%AC%E3%82%B8%E3%82%A7%E3%83%83%E3%83%88%20%E4%BC%9A%E7%A4%BE%E6%A6%82%E8%A6%81%20%E5%95%8F%E3%81%84%E5%90%88%E3%82%8F%E3%81%9B%20%E5%8D%B8,
ジェネオン・ユニバーサル,1,DVD,条件付き（再販/版元カテゴリ）,ルートカテゴリ=DVD,A: 国内の第三者が2社以上で扱っている,規模未確認,JAN45/49／manufacturer日本語／メーカー名日本語,なし,月風堂。 / 宝運堂 / blaze・webストア,3,3,1876,B004XV5H7I,地獄の黙示録 3Disc コレクターズ・エディション (初回生産限定) [Blu-ray],https://www.amazon.co.jp/dp/B004XV5H7I,https://www.google.com/search?q=%E3%82%B8%E3%82%A7%E3%83%8D%E3%82%AA%E3%83%B3%E3%83%BB%E3%83%A6%E3%83%8B%E3%83%90%E3%83%BC%E3%82%B5%E3%83%AB%20%E4%BC%9A%E7%A4%BE%E6%A6%82%E8%A6%81%20%E5%95%8F%E3%81%84%E5%90%88%E3%82%8F%E3%81%9B%20%E5%8D%B8,
ジャニーズ･エンタテイメント,1,DVD,条件付き（再販/版元カテゴリ）,ルートカテゴリ=DVD,A: 国内の第三者が2社以上で扱っている,規模未確認,JAN45/49／manufacturer日本語／メーカー名日本語,なし,ブックマーケティング(ご注文確定前に表示の到着予定日をご確認下さい、ご注文後のキャンセルご遠慮下さい / ぷーーーーちゃん（インボイス登録事業者） / Tokyo Records DVD＆Blu-ray専門店,3,3,4865,B0C73FY74P,KinKi Kids Concert 2022-2023 24451〜The Story of Us〜 (初回生産限定盤,https://www.amazon.co.jp/dp/B0C73FY74P,https://www.google.com/search?q=%E3%82%B8%E3%83%A3%E3%83%8B%E3%83%BC%E3%82%BA%EF%BD%A5%E3%82%A8%E3%83%B3%E3%82%BF%E3%83%86%E3%82%A4%E3%83%A1%E3%83%B3%E3%83%88%20%E4%BC%9A%E7%A4%BE%E6%A6%82%E8%A6%81%20%E5%95%8F%E3%81%84%E5%90%88%E3%82%8F%E3%81%9B%20%E5%8D%B8,
ストームレーベルズ,1,ミュージック,条件付き（再販/版元カテゴリ）,ルートカテゴリ=ミュージック,A: 国内の第三者が2社以上で扱っている,規模未確認,manufacturer日本語／メーカー名日本語,なし,Alice Rate【インボイス対応・抜き取り詐欺対策中】 / ワイ・ティーメディアセンター本店,2,2,10714,B0D1V8YV6X,【メーカー特典あり】+Alpha (3形態セット) (CD+DVD) (初回盤1+初回盤2+通常盤) - なにわ男子 (,https://www.amazon.co.jp/dp/B0D1V8YV6X,https://www.google.com/search?q=%E3%82%B9%E3%83%88%E3%83%BC%E3%83%A0%E3%83%AC%E3%83%BC%E3%83%99%E3%83%AB%E3%82%BA%20%E4%BC%9A%E7%A4%BE%E6%A6%82%E8%A6%81%20%E5%95%8F%E3%81%84%E5%90%88%E3%82%8F%E3%81%9B%20%E5%8D%B8,
ダイキ,1,PCソフト,条件付き（再販/版元カテゴリ）,ルートカテゴリ=PCソフト,A: 国内の第三者が2社以上で扱っている,規模未確認,JAN45/49／manufacturer日本語／メーカー名日本語,なし,a.m.マーケット　「確認の為メールで連絡の場合がありますので、24時間以内のご返信をお願いします。,1,2,4979,B00005OIEH,GREATシリーズ 「STARCRAFT」~スタークラフト~,https://www.amazon.co.jp/dp/B00005OIEH,https://www.google.com/search?q=%E3%83%80%E3%82%A4%E3%82%AD%20%E4%BC%9A%E7%A4%BE%E6%A6%82%E8%A6%81%20%E5%95%8F%E3%81%84%E5%90%88%E3%82%8F%E3%81%9B%20%E5%8D%B8,
ダイヤモンド社,1,本,条件付き（再販/版元カテゴリ）,ルートカテゴリ=本,A: 国内の第三者が2社以上で扱っている,規模未確認,manufacturer日本語／メーカー名日本語,なし,采文堂書店 / ノースサプライ / タウンズマート,4,4,449,4478121141,いちばんわかりやすい確定申告の書き方　令和7年3月17日締切分,https://www.amazon.co.jp/dp/4478121141,https://www.google.com/search?q=%E3%83%80%E3%82%A4%E3%83%A4%E3%83%A2%E3%83%B3%E3%83%89%E7%A4%BE%20%E4%BC%9A%E7%A4%BE%E6%A6%82%E8%A6%81%20%E5%95%8F%E3%81%84%E5%90%88%E3%82%8F%E3%81%9B%20%E5%8D%B8,
テイクツー・インタラクティブ・ジャパン,1,ゲーム,条件付き（再販/版元カテゴリ）,ルートカテゴリ=ゲーム,A: 国内の第三者が2社以上で扱っている,規模未確認,JAN45/49／manufacturer日本語／メーカー名日本語,なし,ウォーズ / ゲームだらけ【全品新品！15時半までご注文を即日出荷！予約商品は発売日前日出荷※日祝休土曜14時半】 / お宝創庫 中川店,4,5,1864,B09XM8BJRZ,【PS5】グランド・セフト・オートV 【CEROレーティング「Z」】,https://www.amazon.co.jp/dp/B09XM8BJRZ,https://www.google.com/search?q=%E3%83%86%E3%82%A4%E3%82%AF%E3%83%84%E3%83%BC%E3%83%BB%E3%82%A4%E3%83%B3%E3%82%BF%E3%83%A9%E3%82%AF%E3%83%86%E3%82%A3%E3%83%96%E3%83%BB%E3%82%B8%E3%83%A3%E3%83%91%E3%83%B3%20%E4%BC%9A%E7%A4%BE%E6%A6%82%E8%A6%81%20%E5%95%8F%E3%81%84%E5%90%88%E3%82%8F%E3%81%9B%20%E5%8D%B8,
ドレミ楽譜出版社,1,本,条件付き（再販/版元カテゴリ）,ルートカテゴリ=本,A: 国内の第三者が2社以上で扱っている,規模未確認,manufacturer日本語／メーカー名日本語,なし,※プレミア価格多数※お届け予定日をご確認ください※ひとひら商店 / SHIBAYAN(インボイス対応店) / タウンズマート,4,4,930,4285154196,WEST. 10th Anniversary Piano Selection ／ WESCORE VOL.1（オフィシャ,https://www.amazon.co.jp/dp/4285154196,https://www.google.com/search?q=%E3%83%89%E3%83%AC%E3%83%9F%E6%A5%BD%E8%AD%9C%E5%87%BA%E7%89%88%E7%A4%BE%20%E4%BC%9A%E7%A4%BE%E6%A6%82%E8%A6%81%20%E5%95%8F%E3%81%84%E5%90%88%E3%82%8F%E3%81%9B%20%E5%8D%B8,
ニュートンプレス,1,本,条件付き（再販/版元カテゴリ）,ルートカテゴリ=本,A: 国内の第三者が2社以上で扱っている,規模未確認,JAN45/49／manufacturer日本語／メーカー名日本語,なし,タウンズマート / 松陰 書店,2,2,621,B0DRNC2N4L,ニャートン ネコの科学 (Newton増刊),https://www.amazon.co.jp/dp/B0DRNC2N4L,https://www.google.com/search?q=%E3%83%8B%E3%83%A5%E3%83%BC%E3%83%88%E3%83%B3%E3%83%97%E3%83%AC%E3%82%B9%20%E4%BC%9A%E7%A4%BE%E6%A6%82%E8%A6%81%20%E5%95%8F%E3%81%84%E5%90%88%E3%82%8F%E3%81%9B%20%E5%8D%B8,
パラマウント ホーム エンタテインメント ジャパン,1,DVD,条件付き（再販/版元カテゴリ）,ルートカテゴリ=DVD,A: 国内の第三者が2社以上で扱っている,規模未確認,JAN45/49／メーカー名日本語,なし,月風堂。,1,2,7226,B001CSMGRY,ゴッドファーザー コッポラ・リストレーション ブルーレイBOX,https://www.amazon.co.jp/dp/B001CSMGRY,https://www.google.com/search?q=%E3%83%91%E3%83%A9%E3%83%9E%E3%82%A6%E3%83%B3%E3%83%88%20%E3%83%9B%E3%83%BC%E3%83%A0%20%E3%82%A8%E3%83%B3%E3%82%BF%E3%83%86%E3%82%A4%E3%83%B3%E3%83%A1%E3%83%B3%E3%83%88%20%E3%82%B8%E3%83%A3%E3%83%91%E3%83%B3%20%E4%BC%9A%E7%A4%BE%E6%A6%82%E8%A6%81%20%E5%95%8F%E3%81%84%E5%90%88%E3%82%8F%E3%81%9B%20%E5%8D%B8,
フォーライフミュージックエンタテイメント,1,ミュージック,条件付き（再販/版元カテゴリ）,ルートカテゴリ=ミュージック,A: 国内の第三者が2社以上で扱っている,規模未確認,JAN45/49／manufacturer日本語／メーカー名日本語,なし,ブックマーケティング(ご注文確定前に表示の到着予定日をご確認下さい、ご注文後のキャンセルご遠慮下さい / ホビー通販～未来屋～,2,2,4051,B0GHR37BB6,1996 30th Anniversary Edition (完全生産限定盤) (アナログ盤) - 坂本龍一 (特典なし,https://www.amazon.co.jp/dp/B0GHR37BB6,https://www.google.com/search?q=%E3%83%95%E3%82%A9%E3%83%BC%E3%83%A9%E3%82%A4%E3%83%95%E3%83%9F%E3%83%A5%E3%83%BC%E3%82%B8%E3%83%83%E3%82%AF%E3%82%A8%E3%83%B3%E3%82%BF%E3%83%86%E3%82%A4%E3%83%A1%E3%83%B3%E3%83%88%20%E4%BC%9A%E7%A4%BE%E6%A6%82%E8%A6%81%20%E5%95%8F%E3%81%84%E5%90%88%E3%82%8F%E3%81%9B%20%E5%8D%B8,
フライングドッグ,1,ミュージック,条件付き（再販/版元カテゴリ）,ルートカテゴリ=ミュージック,A: 国内の第三者が2社以上で扱っている,規模未確認,JAN45/49／manufacturer日本語／メーカー名日本語,なし,"✅ 宇 宙 円 盤 舎 -Disctail,Inc.- / ブックマーケティング(ご注文確定前に表示の到着予定日をご確認下さい、ご注文後のキャンセルご遠慮下さい",2,2,2996,B0DNPX7V7G,マクロスF オールタイムベストアルバム 「娘々グレイテスト☆ヒッツ！」 [アナログ] [3LP] [Analog],https://www.amazon.co.jp/dp/B0DNPX7V7G,https://www.google.com/search?q=%E3%83%95%E3%83%A9%E3%82%A4%E3%83%B3%E3%82%B0%E3%83%89%E3%83%83%E3%82%B0%20%E4%BC%9A%E7%A4%BE%E6%A6%82%E8%A6%81%20%E5%95%8F%E3%81%84%E5%90%88%E3%82%8F%E3%81%9B%20%E5%8D%B8,
ブロッコリー(BROCCOLI),1,ゲーム,条件付き（再販/版元カテゴリ）,ルートカテゴリ=ゲーム,A: 国内の第三者が2社以上で扱っている,規模未確認,JAN45/49／manufacturer日本語／メーカー名日本語,なし,オフィスユウ / Tiny Stock タイニーストック,2,2,10542,B082Y5LCM3,ジャックジャンヌ 限定ユニヴェールコレクション - Switch,https://www.amazon.co.jp/dp/B082Y5LCM3,https://www.google.com/search?q=%E3%83%96%E3%83%AD%E3%83%83%E3%82%B3%E3%83%AA%E3%83%BC%28BROCCOLI%29%20%E4%BC%9A%E7%A4%BE%E6%A6%82%E8%A6%81%20%E5%95%8F%E3%81%84%E5%90%88%E3%82%8F%E3%81%9B%20%E5%8D%B8,
ポケモン(Pokemon),1,ゲーム,条件付き（再販/版元カテゴリ）,ルートカテゴリ=ゲーム,A: 国内の第三者が2社以上で扱っている,規模未確認,manufacturer日本語／メーカー名日本語,なし,ニコズストア 大阪本店 / ヤフ商店,2,3,5108,B0FYD2QQ8C,ぽこ あ ポケモン -Switch2 【Amazon.co.jpオリジナル特典】メタモン型木製トレー(サイズ約直径16c,https://www.amazon.co.jp/dp/B0FYD2QQ8C,https://www.google.com/search?q=%E3%83%9D%E3%82%B1%E3%83%A2%E3%83%B3%28Pokemon%29%20%E4%BC%9A%E7%A4%BE%E6%A6%82%E8%A6%81%20%E5%95%8F%E3%81%84%E5%90%88%E3%82%8F%E3%81%9B%20%E5%8D%B8,
マイクロマガジン社,1,本,条件付き（再販/版元カテゴリ）,ルートカテゴリ=本,A: 国内の第三者が2社以上で扱っている,規模未確認,manufacturer日本語／メーカー名日本語,なし,※プレミア価格多数※お届け予定日をご確認ください※ひとひら商店 / タウンズマート / 松陰 書店,3,3,1224,4867167118,ＧＩＲＬＳ　ＢＡＮＤ　ＣＲＹ　１ｓｔ　ＦＡＮ　ＢＯＯＫ,https://www.amazon.co.jp/dp/4867167118,https://www.google.com/search?q=%E3%83%9E%E3%82%A4%E3%82%AF%E3%83%AD%E3%83%9E%E3%82%AC%E3%82%B8%E3%83%B3%E7%A4%BE%20%E4%BC%9A%E7%A4%BE%E6%A6%82%E8%A6%81%20%E5%95%8F%E3%81%84%E5%90%88%E3%82%8F%E3%81%9B%20%E5%8D%B8,
マイナビ出版,1,本,条件付き（再販/版元カテゴリ）,ルートカテゴリ=本,A: 国内の第三者が2社以上で扱っている,規模未確認,manufacturer日本語／メーカー名日本語,なし,タウンズマート / 松陰 書店 / クラシックス書店｜東京都公安委員会　第308932215631,3,3,720,4839988862,世界遺産検定公式過去問題集1・準1・2級【2025年度版】,https://www.amazon.co.jp/dp/4839988862,https://www.google.com/search?q=%E3%83%9E%E3%82%A4%E3%83%8A%E3%83%93%E5%87%BA%E7%89%88%20%E4%BC%9A%E7%A4%BE%E6%A6%82%E8%A6%81%20%E5%95%8F%E3%81%84%E5%90%88%E3%82%8F%E3%81%9B%20%E5%8D%B8,
メディックメディア,1,本,条件付き（再販/版元カテゴリ）,ルートカテゴリ=本,A: 国内の第三者が2社以上で扱っている,規模未確認,manufacturer日本語／メーカー名日本語,なし,ブックマーケティング(ご注文確定前に表示の到着予定日をご確認下さい、ご注文後のキャンセルご遠慮下さい / 松陰 書店 / タウンズマート,3,4,2645,4896329570,レビューブック　管理栄養士　2026,https://www.amazon.co.jp/dp/4896329570,https://www.google.com/search?q=%E3%83%A1%E3%83%87%E3%82%A3%E3%83%83%E3%82%AF%E3%83%A1%E3%83%87%E3%82%A3%E3%82%A2%20%E4%BC%9A%E7%A4%BE%E6%A6%82%E8%A6%81%20%E5%95%8F%E3%81%84%E5%90%88%E3%82%8F%E3%81%9B%20%E5%8D%B8,
メビウス,1,ゲーム,条件付き（再販/版元カテゴリ）,ルートカテゴリ=ゲーム,A: 国内の第三者が2社以上で扱っている,規模未確認,JAN45/49／manufacturer日本語／メーカー名日本語,なし,＠タフコーポレーション　「コンディション説明欄をご確認の上ご注文ください」 / KF ストア（適格請求書発行事業者）,2,2,2281,B0FDFW63C3,BURAI MSX2コンプリート 通常版 -Switch,https://www.amazon.co.jp/dp/B0FDFW63C3,https://www.google.com/search?q=%E3%83%A1%E3%83%93%E3%82%A6%E3%82%B9%20%E4%BC%9A%E7%A4%BE%E6%A6%82%E8%A6%81%20%E5%95%8F%E3%81%84%E5%90%88%E3%82%8F%E3%81%9B%20%E5%8D%B8,
ユニバーサル・ピクチャーズ・ジャパン,1,DVD,条件付き（再販/版元カテゴリ）,ルートカテゴリ=DVD,A: 国内の第三者が2社以上で扱っている,規模未確認,JAN45/49／manufacturer日本語／メーカー名日本語,なし,インボイス対応済 MINORITY RECORDS GW含む土日祝日も発送致します。,1,2,1542,B00096J66O,ドラゴンへの道 デジタル・リマスター版,https://www.amazon.co.jp/dp/B00096J66O,https://www.google.com/search?q=%E3%83%A6%E3%83%8B%E3%83%90%E3%83%BC%E3%82%B5%E3%83%AB%E3%83%BB%E3%83%94%E3%82%AF%E3%83%81%E3%83%A3%E3%83%BC%E3%82%BA%E3%83%BB%E3%82%B8%E3%83%A3%E3%83%91%E3%83%B3%20%E4%BC%9A%E7%A4%BE%E6%A6%82%E8%A6%81%20%E5%95%8F%E3%81%84%E5%90%88%E3%82%8F%E3%81%9B%20%E5%8D%B8,
ロッキングオン,1,本,条件付き（再販/版元カテゴリ）,ルートカテゴリ=本,A: 国内の第三者が2社以上で扱っている,規模未確認,JAN45/49／manufacturer日本語／メーカー名日本語,なし,つばめ書店　（２冊以上で自動の場合的に速達出荷。雑誌BN、一部書籍は発送に時間がかかる場合有） / いずみbooks / ブックマーケティング(ご注文確定前に表示の到着予定日をご確認下さい、ご注文後のキャンセルご遠慮下さい,3,3,145,B0FMYWT923,ロッキング・オン・ジャパン 2025年 11 月号 [雑誌],https://www.amazon.co.jp/dp/B0FMYWT923,https://www.google.com/search?q=%E3%83%AD%E3%83%83%E3%82%AD%E3%83%B3%E3%82%B0%E3%82%AA%E3%83%B3%20%E4%BC%9A%E7%A4%BE%E6%A6%82%E8%A6%81%20%E5%95%8F%E3%81%84%E5%90%88%E3%82%8F%E3%81%9B%20%E5%8D%B8,
ワー ナー・ブ ラザース・ホームエ ンターテイ メント,1,DVD,条件付き（再販/版元カテゴリ）,ルートカテゴリ=DVD,A: 国内の第三者が2社以上で扱っている,規模未確認,JAN45/49／メーカー名日本語,なし,ヨコハマレコード / そふとや,2,3,5036,B09778XSP9,ハリー・ポッター シリーズ DVD8枚組 SET-27-HARRY-HPM,https://www.amazon.co.jp/dp/B09778XSP9,https://www.google.com/search?q=%E3%83%AF%E3%83%BC%20%E3%83%8A%E3%83%BC%E3%83%BB%E3%83%96%20%E3%83%A9%E3%82%B6%E3%83%BC%E3%82%B9%E3%83%BB%E3%83%9B%E3%83%BC%E3%83%A0%E3%82%A8%20%E3%83%B3%E3%82%BF%E3%83%BC%E3%83%86%E3%82%A4%20%E3%83%A1%E3%83%B3%E3%83%88%20%E4%BC%9A%E7%A4%BE%E6%A6%82%E8%A6%81%20%E5%95%8F%E3%81%84%E5%90%88%E3%82%8F%E3%81%9B%20%E5%8D%B8,
ワーナー・ホーム・ビデオ,1,DVD,条件付き（再販/版元カテゴリ）,ルートカテゴリ=DVD,A: 国内の第三者が2社以上で扱っている,規模未確認,JAN45/49／manufacturer日本語／メーカー名日本語,なし,宝運堂 / まゆのストアー,2,2,4307,B009KKHOYG,ダークナイト　ライジング　ブルーレイ版スチールブック仕様【Ａｍａｚｏｎ．ｃｏ．ｊｐ限定】（完全数量限定生産）（Ｂｌｕ－ｒ,https://www.amazon.co.jp/dp/B009KKHOYG,https://www.google.com/search?q=%E3%83%AF%E3%83%BC%E3%83%8A%E3%83%BC%E3%83%BB%E3%83%9B%E3%83%BC%E3%83%A0%E3%83%BB%E3%83%93%E3%83%87%E3%82%AA%20%E4%BC%9A%E7%A4%BE%E6%A6%82%E8%A6%81%20%E5%95%8F%E3%81%84%E5%90%88%E3%82%8F%E3%81%9B%20%E5%8D%B8,
一発合格まとめシート,1,本,条件付き（再販/版元カテゴリ）,ルートカテゴリ=本,A: 国内の第三者が2社以上で扱っている,規模未確認,manufacturer日本語／メーカー名日本語,なし,エイチス株式会社 / 大垣書店オンライン 京都 / ビビッドメディアストア,3,3,1610,4905212782,2026年度版 中小企業診断士1次試験一発合格まとめシート前編（企業経営理論、財務・会計、運営管理）,https://www.amazon.co.jp/dp/4905212782,https://www.google.com/search?q=%E4%B8%80%E7%99%BA%E5%90%88%E6%A0%BC%E3%81%BE%E3%81%A8%E3%82%81%E3%82%B7%E3%83%BC%E3%83%88%20%E4%BC%9A%E7%A4%BE%E6%A6%82%E8%A6%81%20%E5%95%8F%E3%81%84%E5%90%88%E3%82%8F%E3%81%9B%20%E5%8D%B8,
三省堂,1,本,条件付き（再販/版元カテゴリ）,ルートカテゴリ=本,A: 国内の第三者が2社以上で扱っている,規模未確認,manufacturer日本語／メーカー名日本語,なし,★★みんなのドリームファクトリー★★コンビニ・ATM・ネットバンキング払い対応★★ / 綿雨書店※[最も早いお届け日]はお急ぎ便で注文の場合です※ / ブックマーケティング(ご注文確定前に表示の到着予定日をご確認下さい、ご注文後のキャンセルご遠慮下さい,6,6,1686,4385159904,司法書士合格六法 2026,https://www.amazon.co.jp/dp/4385159904,https://www.google.com/search?q=%E4%B8%89%E7%9C%81%E5%A0%82%20%E4%BC%9A%E7%A4%BE%E6%A6%82%E8%A6%81%20%E5%95%8F%E3%81%84%E5%90%88%E3%82%8F%E3%81%9B%20%E5%8D%B8,
中央経済社,1,本,条件付き（再販/版元カテゴリ）,ルートカテゴリ=本,A: 国内の第三者が2社以上で扱っている,規模未確認,manufacturer日本語／メーカー名日本語,なし,タウンズマート / 松陰 書店 / ✅ACCIEL書店,3,4,4916,4502350419,公認内部監査人資格認定試験対応 内部監査基本テキスト〈第4版〉,https://www.amazon.co.jp/dp/4502350419,https://www.google.com/search?q=%E4%B8%AD%E5%A4%AE%E7%B5%8C%E6%B8%88%E7%A4%BE%20%E4%BC%9A%E7%A4%BE%E6%A6%82%E8%A6%81%20%E5%95%8F%E3%81%84%E5%90%88%E3%82%8F%E3%81%9B%20%E5%8D%B8,
全日出版社,1,本,条件付き（再販/版元カテゴリ）,ルートカテゴリ=本,A: 国内の第三者が2社以上で扱っている,規模未確認,manufacturer日本語／メーカー名日本語,なし,Flower books【適格請求書発行事業者登録店】 / タウンズマート / 松陰 書店,4,4,4785,491147100X,電気設備工事積算実務マニュアル2025(令和7年度版),https://www.amazon.co.jp/dp/491147100X,https://www.google.com/search?q=%E5%85%A8%E6%97%A5%E5%87%BA%E7%89%88%E7%A4%BE%20%E4%BC%9A%E7%A4%BE%E6%A6%82%E8%A6%81%20%E5%95%8F%E3%81%84%E5%90%88%E3%82%8F%E3%81%9B%20%E5%8D%B8,
公論出版,1,本,条件付き（再販/版元カテゴリ）,ルートカテゴリ=本,A: 国内の第三者が2社以上で扱っている,規模未確認,manufacturer日本語／メーカー名日本語,なし,ノースサプライ / タウンズマート / 松陰 書店,3,3,486,4862752926,乙種４類 危険物取扱者試験 令和７年版,https://www.amazon.co.jp/dp/4862752926,https://www.google.com/search?q=%E5%85%AC%E8%AB%96%E5%87%BA%E7%89%88%20%E4%BC%9A%E7%A4%BE%E6%A6%82%E8%A6%81%20%E5%95%8F%E3%81%84%E5%90%88%E3%82%8F%E3%81%9B%20%E5%8D%B8,
同友館,1,本,条件付き（再販/版元カテゴリ）,ルートカテゴリ=本,A: 国内の第三者が2社以上で扱っている,規模未確認,manufacturer日本語／メーカー名日本語,なし,新京極書店 / 松陰 書店 / タウンズマート,3,3,3920,4496056070,ふぞろいな合格答案 エピソード15 (2022年版),https://www.amazon.co.jp/dp/4496056070,https://www.google.com/search?q=%E5%90%8C%E5%8F%8B%E9%A4%A8%20%E4%BC%9A%E7%A4%BE%E6%A6%82%E8%A6%81%20%E5%95%8F%E3%81%84%E5%90%88%E3%82%8F%E3%81%9B%20%E5%8D%B8,
学事出版,1,本,条件付き（再販/版元カテゴリ）,ルートカテゴリ=本,A: 国内の第三者が2社以上で扱っている,規模未確認,manufacturer日本語／メーカー名日本語,なし,附家書店 / ノースサプライ,2,2,738,476193011X,スクールプランニングノート2025年度版B(中学・高校教師向け),https://www.amazon.co.jp/dp/476193011X,https://www.google.com/search?q=%E5%AD%A6%E4%BA%8B%E5%87%BA%E7%89%88%20%E4%BC%9A%E7%A4%BE%E6%A6%82%E8%A6%81%20%E5%95%8F%E3%81%84%E5%90%88%E3%82%8F%E3%81%9B%20%E5%8D%B8,
小学館集英社プロダクション,1,本,条件付き（再販/版元カテゴリ）,ルートカテゴリ=本,A: 国内の第三者が2社以上で扱っている,規模未確認,manufacturer日本語／メーカー名日本語,なし,スターブック ご希望の方には商品写真をお送りします / ブックマーケティング(ご注文確定前に表示の到着予定日をご確認下さい、ご注文後のキャンセルご遠慮下さい,2,2,2219,4796874739,【初回出荷特典付】刀剣乱舞ONLINE十周年記念 本丸録,https://www.amazon.co.jp/dp/4796874739,https://www.google.com/search?q=%E5%B0%8F%E5%AD%A6%E9%A4%A8%E9%9B%86%E8%8B%B1%E7%A4%BE%E3%83%97%E3%83%AD%E3%83%80%E3%82%AF%E3%82%B7%E3%83%A7%E3%83%B3%20%E4%BC%9A%E7%A4%BE%E6%A6%82%E8%A6%81%20%E5%95%8F%E3%81%84%E5%90%88%E3%82%8F%E3%81%9B%20%E5%8D%B8,
山川出版社,1,本,条件付き（再販/版元カテゴリ）,ルートカテゴリ=本,A: 国内の第三者が2社以上で扱っている,規模未確認,manufacturer日本語／メーカー名日本語,なし,綿雨書店※[最も早いお届け日]はお急ぎ便で注文の場合です※ / はとの学校 / みなと堂【必ずご購入前に販売元情報をご確認を！】,4,5,260,4634701219,【日探705】詳説日本史 山川出版 文部科学省検定済 高等学校 地理歴史科用 高校教科書 日本史探究,https://www.amazon.co.jp/dp/4634701219,https://www.google.com/search?q=%E5%B1%B1%E5%B7%9D%E5%87%BA%E7%89%88%E7%A4%BE%20%E4%BC%9A%E7%A4%BE%E6%A6%82%E8%A6%81%20%E5%95%8F%E3%81%84%E5%90%88%E3%82%8F%E3%81%9B%20%E5%8D%B8,
幻冬舎,1,本,条件付き（再販/版元カテゴリ）,ルートカテゴリ=本,A: 国内の第三者が2社以上で扱っている,規模未確認,manufacturer日本語／メーカー名日本語,なし,大垣書店オンライン 京都 / タウンズマート / 松陰 書店,6,6,3788,B00P7G37JI,ヘタリア AXIS POWERS コミック 1-6巻セット (バーズ エクストラ),https://www.amazon.co.jp/dp/B00P7G37JI,https://www.google.com/search?q=%E5%B9%BB%E5%86%AC%E8%88%8E%20%E4%BC%9A%E7%A4%BE%E6%A6%82%E8%A6%81%20%E5%95%8F%E3%81%84%E5%90%88%E3%82%8F%E3%81%9B%20%E5%8D%B8,
建設物価調査会,1,本,条件付き（再販/版元カテゴリ）,ルートカテゴリ=本,A: 国内の第三者が2社以上で扱っている,規模未確認,JAN45/49／manufacturer日本語／メーカー名日本語,なし,つばめ書店　（２冊以上で自動の場合的に速達出荷。雑誌BN、一部書籍は発送に時間がかかる場合有） / ブックマーケティング(ご注文確定前に表示の到着予定日をご確認下さい、ご注文後のキャンセルご遠慮下さい,2,3,1948,B0GQ5MX9NY,月刊建設物価 2026年 04 月号 [雑誌],https://www.amazon.co.jp/dp/B0GQ5MX9NY,https://www.google.com/search?q=%E5%BB%BA%E8%A8%AD%E7%89%A9%E4%BE%A1%E8%AA%BF%E6%9F%BB%E4%BC%9A%20%E4%BC%9A%E7%A4%BE%E6%A6%82%E8%A6%81%20%E5%95%8F%E3%81%84%E5%90%88%E3%82%8F%E3%81%9B%20%E5%8D%B8,
成山堂書店,1,本,条件付き（再販/版元カテゴリ）,ルートカテゴリ=本,A: 国内の第三者が2社以上で扱っている,規模未確認,manufacturer日本語／メーカー名日本語,なし,プルート書店（インボイス対応店舗） / ノースサプライ / 松陰 書店,6,6,2318,4425975898,気象予報士試験精選問題集　2025年度版,https://www.amazon.co.jp/dp/4425975898,https://www.google.com/search?q=%E6%88%90%E5%B1%B1%E5%A0%82%E6%9B%B8%E5%BA%97%20%E4%BC%9A%E7%A4%BE%E6%A6%82%E8%A6%81%20%E5%95%8F%E3%81%84%E5%90%88%E3%82%8F%E3%81%9B%20%E5%8D%B8,
扶桑社,1,本,条件付き（再販/版元カテゴリ）,ルートカテゴリ=本,A: 国内の第三者が2社以上で扱っている,規模未確認,JAN45/49／manufacturer日本語／メーカー名日本語,なし,松陰 書店 / タウンズマート,2,2,92,B0FN8BQ39W,cookpad plus(クックパッド プラス)2026年冬号,https://www.amazon.co.jp/dp/B0FN8BQ39W,https://www.google.com/search?q=%E6%89%B6%E6%A1%91%E7%A4%BE%20%E4%BC%9A%E7%A4%BE%E6%A6%82%E8%A6%81%20%E5%95%8F%E3%81%84%E5%90%88%E3%82%8F%E3%81%9B%20%E5%8D%B8,
数研出版,1,本,条件付き（再販/版元カテゴリ）,ルートカテゴリ=本,A: 国内の第三者が2社以上で扱っている,規模未確認,manufacturer日本語／メーカー名日本語,なし,千歳書房 / 松陰 書店 / タウンズマート,4,4,654,4410107178,新課程 チャート式解法と演習数学I+A,https://www.amazon.co.jp/dp/4410107178,https://www.google.com/search?q=%E6%95%B0%E7%A0%94%E5%87%BA%E7%89%88%20%E4%BC%9A%E7%A4%BE%E6%A6%82%E8%A6%81%20%E5%95%8F%E3%81%84%E5%90%88%E3%82%8F%E3%81%9B%20%E5%8D%B8,
新日本法規出版,1,本,条件付き（再販/版元カテゴリ）,ルートカテゴリ=本,A: 国内の第三者が2社以上で扱っている,規模未確認,manufacturer日本語／メーカー名日本語／日本法人格,なし,ノースサプライ / ブックマーケティング(ご注文確定前に表示の到着予定日をご確認下さい、ご注文後のキャンセルご遠慮下さい / タウンズマート,4,5,4075,4788294141,建築消防advice 2025,https://www.amazon.co.jp/dp/4788294141,https://www.google.com/search?q=%E6%96%B0%E6%97%A5%E6%9C%AC%E6%B3%95%E8%A6%8F%E5%87%BA%E7%89%88%20%E4%BC%9A%E7%A4%BE%E6%A6%82%E8%A6%81%20%E5%95%8F%E3%81%84%E5%90%88%E3%82%8F%E3%81%9B%20%E5%8D%B8,
新書館,1,本,条件付き（再販/版元カテゴリ）,ルートカテゴリ=本,A: 国内の第三者が2社以上で扱っている,規模未確認,manufacturer日本語／メーカー名日本語,なし,ドラビス (インボイス対応店舗) / アクセルワールドTH / 松陰 書店,4,4,5432,4403690106,ギヴン10th mix アニメDVDつき限定版 (ディアプラス・コミックス),https://www.amazon.co.jp/dp/4403690106,https://www.google.com/search?q=%E6%96%B0%E6%9B%B8%E9%A4%A8%20%E4%BC%9A%E7%A4%BE%E6%A6%82%E8%A6%81%20%E5%95%8F%E3%81%84%E5%90%88%E3%82%8F%E3%81%9B%20%E5%8D%B8,
新潮社,1,本,条件付き（再販/版元カテゴリ）,ルートカテゴリ=本,A: 国内の第三者が2社以上で扱っている,規模未確認,manufacturer日本語／メーカー名日本語,なし,ブックマーケティング(ご注文確定前に表示の到着予定日をご確認下さい、ご注文後のキャンセルご遠慮下さい / プルート書店（インボイス対応店舗） / ノースサプライ,5,5,2725,4105067095,監獄の誕生<新装版> : 監視と処罰,https://www.amazon.co.jp/dp/4105067095,https://www.google.com/search?q=%E6%96%B0%E6%BD%AE%E7%A4%BE%20%E4%BC%9A%E7%A4%BE%E6%A6%82%E8%A6%81%20%E5%95%8F%E3%81%84%E5%90%88%E3%82%8F%E3%81%9B%20%E5%8D%B8,
日本一ソフトウェア,1,ゲーム,条件付き（再販/版元カテゴリ）,ルートカテゴリ=ゲーム,A: 国内の第三者が2社以上で扱っている,規模未確認,JAN45/49／manufacturer日本語／メーカー名日本語,なし,吉見堂 / 株式会社アナモグ【インボイス発行事業者】 / セレクトショップJS(商品コンディション欄をよくお読みくださいませ),3,3,2056,B07BH7ZT4X,イースVIII -Lacrimosa of DANA- - Switch,https://www.amazon.co.jp/dp/B07BH7ZT4X,https://www.google.com/search?q=%E6%97%A5%E6%9C%AC%E4%B8%80%E3%82%BD%E3%83%95%E3%83%88%E3%82%A6%E3%82%A7%E3%82%A2%20%E4%BC%9A%E7%A4%BE%E6%A6%82%E8%A6%81%20%E5%95%8F%E3%81%84%E5%90%88%E3%82%8F%E3%81%9B%20%E5%8D%B8,
日本建設情報センター,1,本,条件付き（再販/版元カテゴリ）,ルートカテゴリ=本,A: 国内の第三者が2社以上で扱っている,規模未確認,manufacturer日本語／メーカー名日本語,なし,綿雨書店※[最も早いお届け日]はお急ぎ便で注文の場合です※ / 七魅堂（しちみどう）全品追跡番号付き発送 / SHIBAYAN(インボイス対応店),5,6,1129,4911687177,1級電気工事施工管理技士第二次検定 テキスト&過去問題集 (2026年度版),https://www.amazon.co.jp/dp/4911687177,https://www.google.com/search?q=%E6%97%A5%E6%9C%AC%E5%BB%BA%E8%A8%AD%E6%83%85%E5%A0%B1%E3%82%BB%E3%83%B3%E3%82%BF%E3%83%BC%20%E4%BC%9A%E7%A4%BE%E6%A6%82%E8%A6%81%20%E5%95%8F%E3%81%84%E5%90%88%E3%82%8F%E3%81%9B%20%E5%8D%B8,
日本文化科学社,1,本,条件付き（再販/版元カテゴリ）,ルートカテゴリ=本,A: 国内の第三者が2社以上で扱っている,規模未確認,manufacturer日本語／メーカー名日本語,なし,サクセス・ベル株式会社 / 松陰 書店 / タウンズマート,3,3,3426,4821066912,認知発達治療の実践マニュアル―自閉症のStage別発達課題 (自閉症治療の到達点2),https://www.amazon.co.jp/dp/4821066912,https://www.google.com/search?q=%E6%97%A5%E6%9C%AC%E6%96%87%E5%8C%96%E7%A7%91%E5%AD%A6%E7%A4%BE%20%E4%BC%9A%E7%A4%BE%E6%A6%82%E8%A6%81%20%E5%95%8F%E3%81%84%E5%90%88%E3%82%8F%E3%81%9B%20%E5%8D%B8,
日本経済新聞出版社,1,本,条件付き（再販/版元カテゴリ）,ルートカテゴリ=本,A: 国内の第三者が2社以上で扱っている,規模未確認,manufacturer日本語／メーカー名日本語,なし,タウンズマート / 松陰 書店,2,2,3048,453231478X,経営戦略の思考法,https://www.amazon.co.jp/dp/453231478X,https://www.google.com/search?q=%E6%97%A5%E6%9C%AC%E7%B5%8C%E6%B8%88%E6%96%B0%E8%81%9E%E5%87%BA%E7%89%88%E7%A4%BE%20%E4%BC%9A%E7%A4%BE%E6%A6%82%E8%A6%81%20%E5%95%8F%E3%81%84%E5%90%88%E3%82%8F%E3%81%9B%20%E5%8D%B8,
日経BP,1,本,条件付き（再販/版元カテゴリ）,ルートカテゴリ=本,A: 国内の第三者が2社以上で扱っている,規模未確認,manufacturer日本語／メーカー名日本語,なし,タウンズマート / 松陰 書店 / ブックマーケティング(ご注文確定前に表示の到着予定日をご確認下さい、ご注文後のキャンセルご遠慮下さい,3,5,1358,4296207946,2025-26年版 技術士第二次試験 建設部門 最新キーワード100,https://www.amazon.co.jp/dp/4296207946,https://www.google.com/search?q=%E6%97%A5%E7%B5%8CBP%20%E4%BC%9A%E7%A4%BE%E6%A6%82%E8%A6%81%20%E5%95%8F%E3%81%84%E5%90%88%E3%82%8F%E3%81%9B%20%E5%8D%B8,
日経BP 日本経済新聞出版本部,1,本,条件付き（再販/版元カテゴリ）,ルートカテゴリ=本,A: 国内の第三者が2社以上で扱っている,規模未確認,manufacturer日本語／メーカー名日本語,なし,松陰 書店 / タウンズマート / quickshop 横浜店,3,3,1600,4532310237,巨象も踊る,https://www.amazon.co.jp/dp/4532310237,https://www.google.com/search?q=%E6%97%A5%E7%B5%8CBP%20%E6%97%A5%E6%9C%AC%E7%B5%8C%E6%B8%88%E6%96%B0%E8%81%9E%E5%87%BA%E7%89%88%E6%9C%AC%E9%83%A8%20%E4%BC%9A%E7%A4%BE%E6%A6%82%E8%A6%81%20%E5%95%8F%E3%81%84%E5%90%88%E3%82%8F%E3%81%9B%20%E5%8D%B8,
旺文社,1,本,条件付き（再販/版元カテゴリ）,ルートカテゴリ=本,A: 国内の第三者が2社以上で扱っている,規模未確認,manufacturer日本語／メーカー名日本語,なし,附家書店 / トップカルチャー蔦屋書店フォレオ菖蒲店 / 蔦屋書店　長岡古正寺店,4,4,218,4010949864,【音声アプリ対応】英検3級 でる順パス単 5訂版 (旺文社英検書),https://www.amazon.co.jp/dp/4010949864,https://www.google.com/search?q=%E6%97%BA%E6%96%87%E7%A4%BE%20%E4%BC%9A%E7%A4%BE%E6%A6%82%E8%A6%81%20%E5%95%8F%E3%81%84%E5%90%88%E3%82%8F%E3%81%9B%20%E5%8D%B8,
明治図書出版,1,本,条件付き（再販/版元カテゴリ）,ルートカテゴリ=本,A: 国内の第三者が2社以上で扱っている,規模未確認,manufacturer日本語／メーカー名日本語,なし,いずみbooks,1,2,2009,4189300101,大きいサイズ ほめ言葉手帳ワイド２０２５ Ｐｒａｉｓｅ　Ｄｉａｒｙ　Ｗ　２０２５,https://www.amazon.co.jp/dp/4189300101,https://www.google.com/search?q=%E6%98%8E%E6%B2%BB%E5%9B%B3%E6%9B%B8%E5%87%BA%E7%89%88%20%E4%BC%9A%E7%A4%BE%E6%A6%82%E8%A6%81%20%E5%95%8F%E3%81%84%E5%90%88%E3%82%8F%E3%81%9B%20%E5%8D%B8,
昭文社,1,本,条件付き（再販/版元カテゴリ）,ルートカテゴリ=本,A: 国内の第三者が2社以上で扱っている,規模未確認,manufacturer日本語／メーカー名日本語,なし,ブックマーケティング(ご注文確定前に表示の到着予定日をご確認下さい、ご注文後のキャンセルご遠慮下さい / プルート書店（インボイス対応店舗）,2,4,1281,4398658505,ツーリングマップル R関東甲信越 2025,https://www.amazon.co.jp/dp/4398658505,https://www.google.com/search?q=%E6%98%AD%E6%96%87%E7%A4%BE%20%E4%BC%9A%E7%A4%BE%E6%A6%82%E8%A6%81%20%E5%95%8F%E3%81%84%E5%90%88%E3%82%8F%E3%81%9B%20%E5%8D%B8,
朝日新聞出版,1,本,条件付き（再販/版元カテゴリ）,ルートカテゴリ=本,A: 国内の第三者が2社以上で扱っている,規模未確認,manufacturer日本語／メーカー名日本語,なし,もふなみショップ アマゾン店（Fame legend),1,2,9559,4023323764,羽生結弦写真集 Tai（AERA特別編集／スペシャルBOX入り） ([バラエティ]),https://www.amazon.co.jp/dp/4023323764,https://www.google.com/search?q=%E6%9C%9D%E6%97%A5%E6%96%B0%E8%81%9E%E5%87%BA%E7%89%88%20%E4%BC%9A%E7%A4%BE%E6%A6%82%E8%A6%81%20%E5%95%8F%E3%81%84%E5%90%88%E3%82%8F%E3%81%9B%20%E5%8D%B8,
東洋経済新報社,1,本,条件付き（再販/版元カテゴリ）,ルートカテゴリ=本,A: 国内の第三者が2社以上で扱っている,規模未確認,JAN45/49／manufacturer日本語／メーカー名日本語,なし,ECJOY！ブックス [適格請求書発行事業者登録済] / 京都大垣書店オンライン / 松陰 書店,4,5,1405,B00T3C6IK2,会社四季報ワイド版 2025年2集・春号,https://www.amazon.co.jp/dp/B00T3C6IK2,https://www.google.com/search?q=%E6%9D%B1%E6%B4%8B%E7%B5%8C%E6%B8%88%E6%96%B0%E5%A0%B1%E7%A4%BE%20%E4%BC%9A%E7%A4%BE%E6%A6%82%E8%A6%81%20%E5%95%8F%E3%81%84%E5%90%88%E3%82%8F%E3%81%9B%20%E5%8D%B8,
松竹,1,DVD,条件付き（再販/版元カテゴリ）,ルートカテゴリ=DVD,A: 国内の第三者が2社以上で扱っている,規模未確認,JAN45/49／manufacturer日本語／メーカー名日本語,なし,ECJOY！ブックス [適格請求書発行事業者登録済] / ときめき ライフ / エスネット ストアー,5,6,4554,B07YDR3YKV,ザ・ファブル 豪華版 (初回限定生産) [Blu-ray],https://www.amazon.co.jp/dp/B07YDR3YKV,https://www.google.com/search?q=%E6%9D%BE%E7%AB%B9%20%E4%BC%9A%E7%A4%BE%E6%A6%82%E8%A6%81%20%E5%95%8F%E3%81%84%E5%90%88%E3%82%8F%E3%81%9B%20%E5%8D%B8,
株式会社ソニー・ピクチャーズ エンタテインメント,1,DVD,条件付き（再販/版元カテゴリ）,ルートカテゴリ=DVD,A: 国内の第三者が2社以上で扱っている,大企業確定,メーカー名日本語／日本法人格,なし,収集本舗,1,2,1689,B0DQY5HRFV,【Amazon.co.jp限定】ヴェノム：ザ・ラストダンス　プレミアム・スチールブック・エディション［４Ｋ ＵＨＤ ＋ ,https://www.amazon.co.jp/dp/B0DQY5HRFV,https://www.google.com/search?q=%E6%A0%AA%E5%BC%8F%E4%BC%9A%E7%A4%BE%E3%82%BD%E3%83%8B%E3%83%BC%E3%83%BB%E3%83%94%E3%82%AF%E3%83%81%E3%83%A3%E3%83%BC%E3%82%BA%20%E3%82%A8%E3%83%B3%E3%82%BF%E3%83%86%E3%82%A4%E3%83%B3%E3%83%A1%E3%83%B3%E3%83%88%20%E4%BC%9A%E7%A4%BE%E6%A6%82%E8%A6%81%20%E5%95%8F%E3%81%84%E5%90%88%E3%82%8F%E3%81%9B%20%E5%8D%B8,
株式会社マーベラス,1,DVD,条件付き（再販/版元カテゴリ）,ルートカテゴリ=DVD,A: 国内の第三者が2社以上で扱っている,規模未確認,manufacturer日本語／メーカー名日本語／日本法人格,なし,【売り切りセール中】きたさんショップ / 抜き取りすり替え対策済みのため安心してお買い求め下さい◎リサイクル梱包材発送◎合同会社グランウエスト / R.N.A【適格請求書発行対応事業者】,3,3,9394,B0GMQPWZMN,【Amazon.co.jp限定】「キミとアイドルプリキュア♪感謝祭」（＜アクリルブロック＞付版）（アクリルキーホルダー ,https://www.amazon.co.jp/dp/B0GMQPWZMN,https://www.google.com/search?q=%E6%A0%AA%E5%BC%8F%E4%BC%9A%E7%A4%BE%E3%83%9E%E3%83%BC%E3%83%99%E3%83%A9%E3%82%B9%20%E4%BC%9A%E7%A4%BE%E6%A6%82%E8%A6%81%20%E5%95%8F%E3%81%84%E5%90%88%E3%82%8F%E3%81%9B%20%E5%8D%B8,
永岡書店,1,本,条件付き（再販/版元カテゴリ）,ルートカテゴリ=本,A: 国内の第三者が2社以上で扱っている,規模未確認,manufacturer日本語／メーカー名日本語,なし,ブックマーケティング(ご注文確定前に表示の到着予定日をご確認下さい、ご注文後のキャンセルご遠慮下さい / ✅ACCIEL書店,2,2,1439,4522612893,かげした真由子　星占いダイアリー　Horoscope Diary　2025 (永岡書店の手帳),https://www.amazon.co.jp/dp/4522612893,https://www.google.com/search?q=%E6%B0%B8%E5%B2%A1%E6%9B%B8%E5%BA%97%20%E4%BC%9A%E7%A4%BE%E6%A6%82%E8%A6%81%20%E5%95%8F%E3%81%84%E5%90%88%E3%82%8F%E3%81%9B%20%E5%8D%B8,
祥伝社,1,本,条件付き（再販/版元カテゴリ）,ルートカテゴリ=本,A: 国内の第三者が2社以上で扱っている,規模未確認,manufacturer日本語／メーカー名日本語,なし,松陰 書店 / タウンズマート / つばめ書店　（２冊以上で自動の場合的に速達出荷。雑誌BN、一部書籍は発送に時間がかかる場合有）,3,3,4485,4396769253,違国日記　全１１巻セット (FEEL コミックス),https://www.amazon.co.jp/dp/4396769253,https://www.google.com/search?q=%E7%A5%A5%E4%BC%9D%E7%A4%BE%20%E4%BC%9A%E7%A4%BE%E6%A6%82%E8%A6%81%20%E5%95%8F%E3%81%84%E5%90%88%E3%82%8F%E3%81%9B%20%E5%8D%B8,
経営科学出版,1,本,条件付き（再販/版元カテゴリ）,ルートカテゴリ=本,A: 国内の第三者が2社以上で扱っている,規模未確認,manufacturer日本語／メーカー名日本語,なし,オンライン・サービス,1,2,657,4867691453,日本経済の勝算〜なぜ今、世界が日本に注目するのか〜,https://www.amazon.co.jp/dp/4867691453,https://www.google.com/search?q=%E7%B5%8C%E5%96%B6%E7%A7%91%E5%AD%A6%E5%87%BA%E7%89%88%20%E4%BC%9A%E7%A4%BE%E6%A6%82%E8%A6%81%20%E5%95%8F%E3%81%84%E5%90%88%E3%82%8F%E3%81%9B%20%E5%8D%B8,
英治出版,1,本,条件付き（再販/版元カテゴリ）,ルートカテゴリ=本,A: 国内の第三者が2社以上で扱っている,規模未確認,manufacturer日本語／メーカー名日本語,なし,クラシックス書店｜東京都公安委員会　第308932215631 / ほんの王様★International shipping available. / タウンズマート,5,5,391,4862760856,イシューからはじめよ――知的生産の「シンプルな本質」,https://www.amazon.co.jp/dp/4862760856,https://www.google.com/search?q=%E8%8B%B1%E6%B2%BB%E5%87%BA%E7%89%88%20%E4%BC%9A%E7%A4%BE%E6%A6%82%E8%A6%81%20%E5%95%8F%E3%81%84%E5%90%88%E3%82%8F%E3%81%9B%20%E5%8D%B8,
角川エンタテインメント,1,DVD,条件付き（再販/版元カテゴリ）,ルートカテゴリ=DVD,A: 国内の第三者が2社以上で扱っている,規模未確認,JAN45/49／manufacturer日本語／メーカー名日本語,なし,未来屋陶商店 / オフィスユウ / 毘沙門店,3,5,3125,B000KN99OU,犬神家の一族 完全版 1976&2006 (初回限定版),https://www.amazon.co.jp/dp/B000KN99OU,https://www.google.com/search?q=%E8%A7%92%E5%B7%9D%E3%82%A8%E3%83%B3%E3%82%BF%E3%83%86%E3%82%A4%E3%83%B3%E3%83%A1%E3%83%B3%E3%83%88%20%E4%BC%9A%E7%A4%BE%E6%A6%82%E8%A6%81%20%E5%95%8F%E3%81%84%E5%90%88%E3%82%8F%E3%81%9B%20%E5%8D%B8,
電気書院,1,本,条件付き（再販/版元カテゴリ）,ルートカテゴリ=本,A: 国内の第三者が2社以上で扱っている,規模未確認,manufacturer日本語／メーカー名日本語,なし,コネクトショップemi / SHIBAYAN(インボイス対応店) / ブックマーケティング(ご注文確定前に表示の到着予定日をご確認下さい、ご注文後のキャンセルご遠慮下さい,4,6,932,4485216071,2026年版 第一種電気工事士学科試験模範解答集,https://www.amazon.co.jp/dp/4485216071,https://www.google.com/search?q=%E9%9B%BB%E6%B0%97%E6%9B%B8%E9%99%A2%20%E4%BC%9A%E7%A4%BE%E6%A6%82%E8%A6%81%20%E5%95%8F%E3%81%84%E5%90%88%E3%82%8F%E3%81%9B%20%E5%8D%B8,
電気車研究会,1,本,条件付き（再販/版元カテゴリ）,ルートカテゴリ=本,A: 国内の第三者が2社以上で扱っている,規模未確認,JAN45/49／manufacturer日本語／メーカー名日本語,なし,ブックマーケティング(ご注文確定前に表示の到着予定日をご確認下さい、ご注文後のキャンセルご遠慮下さい / Flower books【適格請求書発行事業者登録店】,2,2,2453,B0FJMZJ8LK,国鉄形車両の記録 鋼製寝台客車 2025年 09 月号 [雑誌]: 鉄道ピクトリアル 増刊,https://www.amazon.co.jp/dp/B0FJMZJ8LK,https://www.google.com/search?q=%E9%9B%BB%E6%B0%97%E8%BB%8A%E7%A0%94%E7%A9%B6%E4%BC%9A%20%E4%BC%9A%E7%A4%BE%E6%A6%82%E8%A6%81%20%E5%95%8F%E3%81%84%E5%90%88%E3%82%8F%E3%81%9B%20%E5%8D%B8,
VITURE,1,ゲーム,条件付き（再販/版元カテゴリ）,ルートカテゴリ=ゲーム,B: 国内の第三者が1社扱っている,規模未確認,なし,なし,いいものをお客様に,1,1,10221,B0D3LT6BJW,VITURE Pro モバイルドック XR/ARグラス対応 HDMI対応 Switch 2・Switch 2D/3D 協,https://www.amazon.co.jp/dp/B0D3LT6BJW,https://www.google.com/search?q=VITURE%20%E4%BC%9A%E7%A4%BE%E6%A6%82%E8%A6%81%20%E5%95%8F%E3%81%84%E5%90%88%E3%82%8F%E3%81%9B%20%E5%8D%B8,
ロゴヴィスタ,1,PCソフト,条件付き（再販/版元カテゴリ）,ルートカテゴリ=PCソフト,B: 国内の第三者が1社扱っている,規模未確認,JAN45/49／manufacturer日本語／メーカー名日本語,なし,PLUS YU（プラスユウ）,1,1,6523,B002UQSTKU,研究社 医学英和辞典 第2版,https://www.amazon.co.jp/dp/B002UQSTKU,https://www.google.com/search?q=%E3%83%AD%E3%82%B4%E3%83%B4%E3%82%A3%E3%82%B9%E3%82%BF%20%E4%BC%9A%E7%A4%BE%E6%A6%82%E8%A6%81%20%E5%95%8F%E3%81%84%E5%90%88%E3%82%8F%E3%81%9B%20%E5%8D%B8,
Penguin,4,洋書,条件付き（再販/版元カテゴリ）,ルートカテゴリ=洋書,C: 第三者はいるが国内事業者ではない,規模未確認,なし,なし,,0,2,1931,140199413X,The Let Them Theory,https://www.amazon.co.jp/dp/140199413X,https://www.google.com/search?q=Penguin%20%E4%BC%9A%E7%A4%BE%E6%A6%82%E8%A6%81%20%E5%95%8F%E3%81%84%E5%90%88%E3%82%8F%E3%81%9B%20%E5%8D%B8,
Random House Books for Young Readers,3,洋書,条件付き（再販/版元カテゴリ）,ルートカテゴリ=洋書,C: 第三者はいるが国内事業者ではない,規模未確認,なし,なし,,0,7,3170,B0F65C6WC1,The Dungeon Anarchist's Cookbook (Dungeon Crawler Carl),https://www.amazon.co.jp/dp/B0F65C6WC1,https://www.google.com/search?q=Random%20House%20Books%20for%20Young%20Readers%20%E4%BC%9A%E7%A4%BE%E6%A6%82%E8%A6%81%20%E5%95%8F%E3%81%84%E5%90%88%E3%82%8F%E3%81%9B%20%E5%8D%B8,
Anchor Canada,2,洋書,条件付き（再販/版元カテゴリ）,ルートカテゴリ=洋書,C: 第三者はいるが国内事業者ではない,規模未確認,なし,なし,,0,5,3904,0385676530,"Thinking, Fast and Slow",https://www.amazon.co.jp/dp/0385676530,https://www.google.com/search?q=Anchor%20Canada%20%E4%BC%9A%E7%A4%BE%E6%A6%82%E8%A6%81%20%E5%95%8F%E3%81%84%E5%90%88%E3%82%8F%E3%81%9B%20%E5%8D%B8,
Scholastic,2,洋書,条件付き（再販/版元カテゴリ）,ルートカテゴリ=洋書,C: 第三者はいるが国内事業者ではない,規模未確認,なし,なし,,0,5,1744,054558292X,Harry Potter and the Chamber of Secrets,https://www.amazon.co.jp/dp/054558292X,https://www.google.com/search?q=Scholastic%20%E4%BC%9A%E7%A4%BE%E6%A6%82%E8%A6%81%20%E5%95%8F%E3%81%84%E5%90%88%E3%82%8F%E3%81%9B%20%E5%8D%B8,
AMOVO,1,DVD,条件付き（再販/版元カテゴリ）,ルートカテゴリ=DVD,C: 第三者はいるが国内事業者ではない,規模未確認,なし,なし,,0,3,6171,B00AWDXB0Q,The Lord of the Rings: The Fellowship of the Ring (Extended ,https://www.amazon.co.jp/dp/B00AWDXB0Q,https://www.google.com/search?q=AMOVO%20%E4%BC%9A%E7%A4%BE%E6%A6%82%E8%A6%81%20%E5%95%8F%E3%81%84%E5%90%88%E3%82%8F%E3%81%9B%20%E5%8D%B8,
Anime Ltd,1,DVD,条件付き（再販/版元カテゴリ）,ルートカテゴリ=DVD,C: 第三者はいるが国内事業者ではない,規模未確認,なし,なし,,0,3,4003,B0CBSLHM1W,The Garden of Words [Region Free],https://www.amazon.co.jp/dp/B0CBSLHM1W,https://www.google.com/search?q=Anime%20Ltd%20%E4%BC%9A%E7%A4%BE%E6%A6%82%E8%A6%81%20%E5%95%8F%E3%81%84%E5%90%88%E3%82%8F%E3%81%9B%20%E5%8D%B8,
Authors Equity,1,洋書,条件付き（再販/版元カテゴリ）,ルートカテゴリ=洋書,C: 第三者はいるが国内事業者ではない,規模未確認,なし,なし,,0,4,2549,B0F9VM4V5N,The Almanack of Naval Ravikant: A Guide to Wealth and Happin,https://www.amazon.co.jp/dp/B0F9VM4V5N,https://www.google.com/search?q=Authors%20Equity%20%E4%BC%9A%E7%A4%BE%E6%A6%82%E8%A6%81%20%E5%95%8F%E3%81%84%E5%90%88%E3%82%8F%E3%81%9B%20%E5%8D%B8,
Barbie,1,PCソフト,条件付き（再販/版元カテゴリ）,ルートカテゴリ=PCソフト,C: 第三者はいるが国内事業者ではない,規模未確認,なし,なし,,0,2,3496,B0B627GTQM,Barbie Fashionista Boneca Cadeira de Rodas Roxa,https://www.amazon.co.jp/dp/B0B627GTQM,https://www.google.com/search?q=Barbie%20%E4%BC%9A%E7%A4%BE%E6%A6%82%E8%A6%81%20%E5%95%8F%E3%81%84%E5%90%88%E3%82%8F%E3%81%9B%20%E5%8D%B8,
Business,1,洋書,条件付き（再販/版元カテゴリ）,ルートカテゴリ=洋書,C: 第三者はいるが国内事業者ではない,規模未確認,なし,なし,,0,2,8320,1504735056,Never Split the Difference: Negotiating As If Your Life Depe,https://www.amazon.co.jp/dp/1504735056,https://www.google.com/search?q=Business%20%E4%BC%9A%E7%A4%BE%E6%A6%82%E8%A6%81%20%E5%95%8F%E3%81%84%E5%90%88%E3%82%8F%E3%81%9B%20%E5%8D%B8,
Cengage Learning,1,洋書,条件付き（再販/版元カテゴリ）,ルートカテゴリ=洋書,C: 第三者はいるが国内事業者ではない,規模未確認,なし,なし,,0,2,1453,0357116275,Reading Explorer 3,https://www.amazon.co.jp/dp/0357116275,https://www.google.com/search?q=Cengage%20Learning%20%E4%BC%9A%E7%A4%BE%E6%A6%82%E8%A6%81%20%E5%95%8F%E3%81%84%E5%90%88%E3%82%8F%E3%81%9B%20%E5%8D%B8,
Classic Editions,1,洋書,条件付き（再販/版元カテゴリ）,ルートカテゴリ=洋書,C: 第三者はいるが国内事業者ではない,規模未確認,なし,なし,,0,2,5375,1804450774,The Little Prince,https://www.amazon.co.jp/dp/1804450774,https://www.google.com/search?q=Classic%20Editions%20%E4%BC%9A%E7%A4%BE%E6%A6%82%E8%A6%81%20%E5%95%8F%E3%81%84%E5%90%88%E3%82%8F%E3%81%9B%20%E5%8D%B8,
Concorde Home Entertainment,1,DVD,条件付き（再販/版元カテゴリ）,ルートカテゴリ=DVD,C: 第三者はいるが国内事業者ではない,規模未確認,なし,なし,,0,5,5373,B007WXCA7Y,Driving Miss Daisy [Blu-ray],https://www.amazon.co.jp/dp/B007WXCA7Y,https://www.google.com/search?q=Concorde%20Home%20Entertainment%20%E4%BC%9A%E7%A4%BE%E6%A6%82%E8%A6%81%20%E5%95%8F%E3%81%84%E5%90%88%E3%82%8F%E3%81%9B%20%E5%8D%B8,
Def Jam,1,ミュージック,条件付き（再販/版元カテゴリ）,ルートカテゴリ=ミュージック,C: 第三者はいるが国内事業者ではない,規模未確認,なし,なし,,0,4,2665,B016BYAEAO,PURPOSE [Analog],https://www.amazon.co.jp/dp/B016BYAEAO,https://www.google.com/search?q=Def%20Jam%20%E4%BC%9A%E7%A4%BE%E6%A6%82%E8%A6%81%20%E5%95%8F%E3%81%84%E5%90%88%E3%82%8F%E3%81%9B%20%E5%8D%B8,
Dolce & Gabbana,1,ミュージック,条件付き（再販/版元カテゴリ）,ルートカテゴリ=ミュージック,C: 第三者はいるが国内事業者ではない,規模未確認,なし,なし,,0,2,4547,B0C368G5QZ,A Symphonic Celebration - Music from the Studio Ghibli Films,https://www.amazon.co.jp/dp/B0C368G5QZ,https://www.google.com/search?q=Dolce%20%26%20Gabbana%20%E4%BC%9A%E7%A4%BE%E6%A6%82%E8%A6%81%20%E5%95%8F%E3%81%84%E5%90%88%E3%82%8F%E3%81%9B%20%E5%8D%B8,
E-Kitap Projesi & Cheapest Books,1,洋書,条件付き（再販/版元カテゴリ）,ルートカテゴリ=洋書,C: 第三者はいるが国内事業者ではない,規模未確認,なし,なし,,0,5,3376,6257120918,Animal Farm (Essential Orwell Classics),https://www.amazon.co.jp/dp/6257120918,https://www.google.com/search?q=E-Kitap%20Projesi%20%26%20Cheapest%20Books%20%E4%BC%9A%E7%A4%BE%E6%A6%82%E8%A6%81%20%E5%95%8F%E3%81%84%E5%90%88%E3%82%8F%E3%81%9B%20%E5%8D%B8,
EMI,1,ミュージック,条件付き（再販/版元カテゴリ）,ルートカテゴリ=ミュージック,C: 第三者はいるが国内事業者ではない,規模未確認,なし,なし,,0,2,4518,B000024ZVQ,Back in Black,https://www.amazon.co.jp/dp/B000024ZVQ,https://www.google.com/search?q=EMI%20%E4%BC%9A%E7%A4%BE%E6%A6%82%E8%A6%81%20%E5%95%8F%E3%81%84%E5%90%88%E3%82%8F%E3%81%9B%20%E5%8D%B8,
Elekasumi,1,ゲーム,条件付き（再販/版元カテゴリ）,ルートカテゴリ=ゲーム,C: 第三者はいるが国内事業者ではない,規模未確認,なし,なし,,0,2,2915,B0FVWV9BML,Elekasumi Switch 2 グリップコントローラー【新アップグレード】携帯モードコントローラー 一体型 スリー,https://www.amazon.co.jp/dp/B0FVWV9BML,https://www.google.com/search?q=Elekasumi%20%E4%BC%9A%E7%A4%BE%E6%A6%82%E8%A6%81%20%E5%95%8F%E3%81%84%E5%90%88%E3%82%8F%E3%81%9B%20%E5%8D%B8,
Epic,1,ミュージック,条件付き（再販/版元カテゴリ）,ルートカテゴリ=ミュージック,C: 第三者はいるが国内事業者ではない,規模未確認,なし,なし,,0,2,2920,B0000248BJ,Love Deluxe,https://www.amazon.co.jp/dp/B0000248BJ,https://www.google.com/search?q=Epic%20%E4%BC%9A%E7%A4%BE%E6%A6%82%E8%A6%81%20%E5%95%8F%E3%81%84%E5%90%88%E3%82%8F%E3%81%9B%20%E5%8D%B8,
Evosound,1,ミュージック,条件付き（再販/版元カテゴリ）,ルートカテゴリ=ミュージック,C: 第三者はいるが国内事業者ではない,規模未確認,なし,なし,,0,2,11340,B09BKBQK9H,Feel Like Making Live! (輸入盤/2LP/180g重量盤/オレンジカラー盤) [Analog],https://www.amazon.co.jp/dp/B09BKBQK9H,https://www.google.com/search?q=Evosound%20%E4%BC%9A%E7%A4%BE%E6%A6%82%E8%A6%81%20%E5%95%8F%E3%81%84%E5%90%88%E3%82%8F%E3%81%9B%20%E5%8D%B8,
Garnier Editora,1,洋書,条件付き（再販/版元カテゴリ）,ルートカテゴリ=洋書,C: 第三者はいるが国内事業者ではない,規模未確認,なし,なし,,0,2,3822,6584956601,The Little Prince,https://www.amazon.co.jp/dp/6584956601,https://www.google.com/search?q=Garnier%20Editora%20%E4%BC%9A%E7%A4%BE%E6%A6%82%E8%A6%81%20%E5%95%8F%E3%81%84%E5%90%88%E3%82%8F%E3%81%9B%20%E5%8D%B8,
Goliath,1,本,条件付き（再販/版元カテゴリ）,ルートカテゴリ=本,C: 第三者はいるが国内事業者ではない,規模未確認,なし,なし,,0,2,4465,3957309840,Naked Girls Club,https://www.amazon.co.jp/dp/3957309840,https://www.google.com/search?q=Goliath%20%E4%BC%9A%E7%A4%BE%E6%A6%82%E8%A6%81%20%E5%95%8F%E3%81%84%E5%90%88%E3%82%8F%E3%81%9B%20%E5%8D%B8,
Grace nnvg,1,DVD,条件付き（再販/版元カテゴリ）,ルートカテゴリ=DVD,C: 第三者はいるが国内事業者ではない,規模未確認,なし,なし,,0,4,9154,B002IC1CX2,"300 : Steelbook German Release : English, French, German. Sp",https://www.amazon.co.jp/dp/B002IC1CX2,https://www.google.com/search?q=Grace%20nnvg%20%E4%BC%9A%E7%A4%BE%E6%A6%82%E8%A6%81%20%E5%95%8F%E3%81%84%E5%90%88%E3%82%8F%E3%81%9B%20%E5%8D%B8,
Hachette Audio,1,洋書,条件付き（再販/版元カテゴリ）,ルートカテゴリ=洋書,C: 第三者はいるが国内事業者ではない,規模未確認,なし,なし,,0,2,7697,1405500662,"Tuesdays With Morrie: An old man, a young man, and life's gr",https://www.amazon.co.jp/dp/1405500662,https://www.google.com/search?q=Hachette%20Audio%20%E4%BC%9A%E7%A4%BE%E6%A6%82%E8%A6%81%20%E5%95%8F%E3%81%84%E5%90%88%E3%82%8F%E3%81%9B%20%E5%8D%B8,
Harper Perennial Modern Classics,1,洋書,条件付き（再販/版元カテゴリ）,ルートカテゴリ=洋書,C: 第三者はいるが国内事業者ではない,規模未確認,なし,なし,,0,3,1075,0060929871,Brave New World (Perennial Classics),https://www.amazon.co.jp/dp/0060929871,https://www.google.com/search?q=Harper%20Perennial%20Modern%20Classics%20%E4%BC%9A%E7%A4%BE%E6%A6%82%E8%A6%81%20%E5%95%8F%E3%81%84%E5%90%88%E3%82%8F%E3%81%9B%20%E5%8D%B8,
Harvill Secker,1,洋書,条件付き（再販/版元カテゴリ）,ルートカテゴリ=洋書,C: 第三者はいるが国内事業者ではない,規模未確認,なし,なし,,0,2,3314,1787301087,Nineteen Eighty-Four,https://www.amazon.co.jp/dp/1787301087,https://www.google.com/search?q=Harvill%20Secker%20%E4%BC%9A%E7%A4%BE%E6%A6%82%E8%A6%81%20%E5%95%8F%E3%81%84%E5%90%88%E3%82%8F%E3%81%9B%20%E5%8D%B8,
Hawk Press,1,洋書,条件付き（再販/版元カテゴリ）,ルートカテゴリ=洋書,C: 第三者はいるが国内事業者ではない,規模未確認,なし,なし,,0,6,2357,9395034173,1984,https://www.amazon.co.jp/dp/9395034173,https://www.google.com/search?q=Hawk%20Press%20%E4%BC%9A%E7%A4%BE%E6%A6%82%E8%A6%81%20%E5%95%8F%E3%81%84%E5%90%88%E3%82%8F%E3%81%9B%20%E5%8D%B8,
Heinle ELT,1,洋書,条件付き（再販/版元カテゴリ）,ルートカテゴリ=洋書,C: 第三者はいるが国内事業者ではない,規模未確認,なし,なし,,0,2,1453,0357116291,Reading Explorer 4,https://www.amazon.co.jp/dp/0357116291,https://www.google.com/search?q=Heinle%20ELT%20%E4%BC%9A%E7%A4%BE%E6%A6%82%E8%A6%81%20%E5%95%8F%E3%81%84%E5%90%88%E3%82%8F%E3%81%9B%20%E5%8D%B8,
Htlaew,1,DVD,条件付き（再販/版元カテゴリ）,ルートカテゴリ=DVD,C: 第三者はいるが国内事業者ではない,規模未確認,なし,なし,,0,2,4079,B00EPKVGAE,Karate Kid [Blu-ray],https://www.amazon.co.jp/dp/B00EPKVGAE,https://www.google.com/search?q=Htlaew%20%E4%BC%9A%E7%A4%BE%E6%A6%82%E8%A6%81%20%E5%95%8F%E3%81%84%E5%90%88%E3%82%8F%E3%81%9B%20%E5%8D%B8,
Island Uk,1,ミュージック,条件付き（再販/版元カテゴリ）,ルートカテゴリ=ミュージック,C: 第三者はいるが国内事業者ではない,規模未確認,なし,なし,,0,3,4076,B0DH7LS1XJ,Back To Black / Valerie [Analog],https://www.amazon.co.jp/dp/B0DH7LS1XJ,https://www.google.com/search?q=Island%20Uk%20%E4%BC%9A%E7%A4%BE%E6%A6%82%E8%A6%81%20%E5%95%8F%E3%81%84%E5%90%88%E3%82%8F%E3%81%9B%20%E5%8D%B8,
Jiobbo,1,DVD,条件付き（再販/版元カテゴリ）,ルートカテゴリ=DVD,C: 第三者はいるが国内事業者ではない,規模未確認,なし,なし,,0,3,8177,B00K77FM6I,Godzilla Steelbook (exklusiv bei Amazon.de) [3D Blu-ray] [Li,https://www.amazon.co.jp/dp/B00K77FM6I,https://www.google.com/search?q=Jiobbo%20%E4%BC%9A%E7%A4%BE%E6%A6%82%E8%A6%81%20%E5%95%8F%E3%81%84%E5%90%88%E3%82%8F%E3%81%9B%20%E5%8D%B8,
Lector House,1,洋書,条件付き（再販/版元カテゴリ）,ルートカテゴリ=洋書,C: 第三者はいるが国内事業者ではない,規模未確認,なし,なし,,0,3,3087,9353423031,Anne Of Green Gables,https://www.amazon.co.jp/dp/9353423031,https://www.google.com/search?q=Lector%20House%20%E4%BC%9A%E7%A4%BE%E6%A6%82%E8%A6%81%20%E5%95%8F%E3%81%84%E5%90%88%E3%82%8F%E3%81%9B%20%E5%8D%B8,
Pid,1,ミュージック,条件付き（再販/版元カテゴリ）,ルートカテゴリ=ミュージック,C: 第三者はいるが国内事業者ではない,規模未確認,なし,なし,,0,2,11519,B000005K65,Led Zeppelin 2,https://www.amazon.co.jp/dp/B000005K65,https://www.google.com/search?q=Pid%20%E4%BC%9A%E7%A4%BE%E6%A6%82%E8%A6%81%20%E5%95%8F%E3%81%84%E5%90%88%E3%82%8F%E3%81%9B%20%E5%8D%B8,
Portfolio,1,洋書,条件付き（再販/版元カテゴリ）,ルートカテゴリ=洋書,C: 第三者はいるが国内事業者ではない,規模未確認,なし,なし,,0,4,1575,B0DSHWXDLD,The Art of Spending Money: Simple Choices for a Richer Life,https://www.amazon.co.jp/dp/B0DSHWXDLD,https://www.google.com/search?q=Portfolio%20%E4%BC%9A%E7%A4%BE%E6%A6%82%E8%A6%81%20%E5%95%8F%E3%81%84%E5%90%88%E3%82%8F%E3%81%9B%20%E5%8D%B8,
PowerA,1,ゲーム,条件付き（再販/版元カテゴリ）,ルートカテゴリ=ゲーム,C: 第三者はいるが国内事業者ではない,規模未確認,JAN45/49／manufacturer日本語／日本法人格,なし,,0,3,1792,B0DL9YFT1D,【任天堂公式ライセンス商品】PowerA エンハンスド・ワイヤレスコントローラー for Nintendo Switch,https://www.amazon.co.jp/dp/B0DL9YFT1D,https://www.google.com/search?q=PowerA%20%E4%BC%9A%E7%A4%BE%E6%A6%82%E8%A6%81%20%E5%95%8F%E3%81%84%E5%90%88%E3%82%8F%E3%81%9B%20%E5%8D%B8,
Public Publishing,1,洋書,条件付き（再販/版元カテゴリ）,ルートカテゴリ=洋書,C: 第三者はいるが国内事業者ではない,規模未確認,なし,なし,,0,5,2765,1800601174,Alice's Adventures In Wonderland,https://www.amazon.co.jp/dp/1800601174,https://www.google.com/search?q=Public%20Publishing%20%E4%BC%9A%E7%A4%BE%E6%A6%82%E8%A6%81%20%E5%95%8F%E3%81%84%E5%90%88%E3%82%8F%E3%81%9B%20%E5%8D%B8,
Puffin,1,洋書,条件付き（再販/版元カテゴリ）,ルートカテゴリ=洋書,C: 第三者はいるが国内事業者ではない,規模未確認,なし,なし,,0,5,11056,0241372666,The Very Hungry Caterpillar 50th Anniversary Collector's Edi,https://www.amazon.co.jp/dp/0241372666,https://www.google.com/search?q=Puffin%20%E4%BC%9A%E7%A4%BE%E6%A6%82%E8%A6%81%20%E5%95%8F%E3%81%84%E5%90%88%E3%82%8F%E3%81%9B%20%E5%8D%B8,
Revive Classics,1,洋書,条件付き（再販/版元カテゴリ）,ルートカテゴリ=洋書,C: 第三者はいるが国内事業者ではない,規模未確認,なし,なし,,0,5,5273,1998621855,Nineteen Eighty-Four (Collector's Edition) (Laminated Hardba,https://www.amazon.co.jp/dp/1998621855,https://www.google.com/search?q=Revive%20Classics%20%E4%BC%9A%E7%A4%BE%E6%A6%82%E8%A6%81%20%E5%95%8F%E3%81%84%E5%90%88%E3%82%8F%E3%81%9B%20%E5%8D%B8,
Roadlamp,1,ミュージック,条件付き（再販/版元カテゴリ）,ルートカテゴリ=ミュージック,C: 第三者はいるが国内事業者ではない,規模未確認,なし,なし,,0,2,3330,B0BT235Y5V,Can't Buy A Thrill,https://www.amazon.co.jp/dp/B0BT235Y5V,https://www.google.com/search?q=Roadlamp%20%E4%BC%9A%E7%A4%BE%E6%A6%82%E8%A6%81%20%E5%95%8F%E3%81%84%E5%90%88%E3%82%8F%E3%81%9B%20%E5%8D%B8,
Rockstar Games,1,ゲーム,条件付き（再販/版元カテゴリ）,ルートカテゴリ=ゲーム,C: 第三者はいるが国内事業者ではない,規模未確認,JAN45/49／manufacturer日本語,なし,,0,3,3445,B00NOP3QF4,グランド・セフト・オートV 【CEROレーティング「Z」】 - PS4,https://www.amazon.co.jp/dp/B00NOP3QF4,https://www.google.com/search?q=Rockstar%20Games%20%E4%BC%9A%E7%A4%BE%E6%A6%82%E8%A6%81%20%E5%95%8F%E3%81%84%E5%90%88%E3%82%8F%E3%81%9B%20%E5%8D%B8,
Rough Trade,1,ミュージック,条件付き（再販/版元カテゴリ）,ルートカテゴリ=ミュージック,C: 第三者はいるが国内事業者ではない,規模未確認,なし,なし,,0,3,7112,B0000CNXNB,Room on Fire [Analog],https://www.amazon.co.jp/dp/B0000CNXNB,https://www.google.com/search?q=Rough%20Trade%20%E4%BC%9A%E7%A4%BE%E6%A6%82%E8%A6%81%20%E5%95%8F%E3%81%84%E5%90%88%E3%82%8F%E3%81%9B%20%E5%8D%B8,
Splendid Film/WVG,1,DVD,条件付き（再販/版元カテゴリ）,ルートカテゴリ=DVD,C: 第三者はいるが国内事業者ではない,規模未確認,なし,なし,,0,3,9441,B00483CVTS,"Stallone,Sylvester/Statham,Jason/Li,Jet/Willis,Bru The Expen",https://www.amazon.co.jp/dp/B00483CVTS,https://www.google.com/search?q=Splendid%20Film/WVG%20%E4%BC%9A%E7%A4%BE%E6%A6%82%E8%A6%81%20%E5%95%8F%E3%81%84%E5%90%88%E3%82%8F%E3%81%9B%20%E5%8D%B8,
Sweet Cherry Publishing,1,洋書,条件付き（再販/版元カテゴリ）,ルートカテゴリ=洋書,C: 第三者はいるが国内事業者ではない,規模未確認,なし,なし,,0,5,2805,1802633898,Animal Farm (The Complete George Orwell Collection),https://www.amazon.co.jp/dp/1802633898,https://www.google.com/search?q=Sweet%20Cherry%20Publishing%20%E4%BC%9A%E7%A4%BE%E6%A6%82%E8%A6%81%20%E5%95%8F%E3%81%84%E5%90%88%E3%82%8F%E3%81%9B%20%E5%8D%B8,
Thames & Hudson,1,洋書,条件付き（再販/版元カテゴリ）,ルートカテゴリ=洋書,C: 第三者はいるが国内事業者ではない,規模未確認,なし,なし,,0,3,4510,2959335112,The Decisive Moment,https://www.amazon.co.jp/dp/2959335112,https://www.google.com/search?q=Thames%20%26%20Hudson%20%E4%BC%9A%E7%A4%BE%E6%A6%82%E8%A6%81%20%E5%95%8F%E3%81%84%E5%90%88%E3%82%8F%E3%81%9B%20%E5%8D%B8,
Universal Import,1,ミュージック,条件付き（再販/版元カテゴリ）,ルートカテゴリ=ミュージック,C: 第三者はいるが国内事業者ではない,規模未確認,なし,なし,,0,2,4797,B096TL7H24,Live in Paris (Hybrid-SACD),https://www.amazon.co.jp/dp/B096TL7H24,https://www.google.com/search?q=Universal%20Import%20%E4%BC%9A%E7%A4%BE%E6%A6%82%E8%A6%81%20%E5%95%8F%E3%81%84%E5%90%88%E3%82%8F%E3%81%9B%20%E5%8D%B8,
VIAVISION,1,DVD,条件付き（再販/版元カテゴリ）,ルートカテゴリ=DVD,C: 第三者はいるが国内事業者ではない,規模未確認,なし,なし,,0,3,2502,B08825XT3M,Pretty Baby [DVD],https://www.amazon.co.jp/dp/B08825XT3M,https://www.google.com/search?q=VIAVISION%20%E4%BC%9A%E7%A4%BE%E6%A6%82%E8%A6%81%20%E5%95%8F%E3%81%84%E5%90%88%E3%82%8F%E3%81%9B%20%E5%8D%B8,
Viking,1,洋書,条件付き（再販/版元カテゴリ）,ルートカテゴリ=洋書,C: 第三者はいるが国内事業者ではない,規模未確認,なし,なし,,0,4,4926,0670811785,Chaos: The Making of a New Science,https://www.amazon.co.jp/dp/0670811785,https://www.google.com/search?q=Viking%20%E4%BC%9A%E7%A4%BE%E6%A6%82%E8%A6%81%20%E5%95%8F%E3%81%84%E5%90%88%E3%82%8F%E3%81%9B%20%E5%8D%B8,
Vintage Canada,1,洋書,条件付き（再販/版元カテゴリ）,ルートカテゴリ=洋書,C: 第三者はいるが国内事業者ではない,規模未確認,なし,なし,,0,2,5142,0345809327,The Remains of the Day: A Novel,https://www.amazon.co.jp/dp/0345809327,https://www.google.com/search?q=Vintage%20Canada%20%E4%BC%9A%E7%A4%BE%E6%A6%82%E8%A6%81%20%E5%95%8F%E3%81%84%E5%90%88%E3%82%8F%E3%81%9B%20%E5%8D%B8,
Vintage Classics,1,洋書,条件付き（再販/版元カテゴリ）,ルートカテゴリ=洋書,C: 第三者はいるが国内事業者ではない,規模未確認,なし,なし,,0,2,664,1784876607,Animal Farm,https://www.amazon.co.jp/dp/1784876607,https://www.google.com/search?q=Vintage%20Classics%20%E4%BC%9A%E7%A4%BE%E6%A6%82%E8%A6%81%20%E5%95%8F%E3%81%84%E5%90%88%E3%82%8F%E3%81%9B%20%E5%8D%B8,
William Collins,1,洋書,条件付き（再販/版元カテゴリ）,ルートカテゴリ=洋書,C: 第三者はいるが国内事業者ではない,規模未確認,なし,なし,,0,3,4382,000822109X,Hillbilly Elegy: The Internationally Bestselling Memoir from,https://www.amazon.co.jp/dp/000822109X,https://www.google.com/search?q=William%20Collins%20%E4%BC%9A%E7%A4%BE%E6%A6%82%E8%A6%81%20%E5%95%8F%E3%81%84%E5%90%88%E3%82%8F%E3%81%9B%20%E5%8D%B8,
Yale University Press,1,洋書,条件付き（再販/版元カテゴリ）,ルートカテゴリ=洋書,C: 第三者はいるが国内事業者ではない,規模未確認,なし,なし,,0,5,6719,0300234198,The Great Delusion: Liberal Dreams and International Realiti,https://www.amazon.co.jp/dp/0300234198,https://www.google.com/search?q=Yale%20University%20Press%20%E4%BC%9A%E7%A4%BE%E6%A6%82%E8%A6%81%20%E5%95%8F%E3%81%84%E5%90%88%E3%82%8F%E3%81%9B%20%E5%8D%B8,
ジャニーズ・エンタテイメント,1,DVD,条件付き（再販/版元カテゴリ）,ルートカテゴリ=DVD,C: 第三者はいるが国内事業者ではない,規模未確認,JAN45/49／manufacturer日本語／メーカー名日本語,なし,,0,4,1851,B00198QZ7Y,We are Φn' 39!! and U? KinKi Kids Live in DOME 07-08(初回生産限定盤,https://www.amazon.co.jp/dp/B00198QZ7Y,https://www.google.com/search?q=%E3%82%B8%E3%83%A3%E3%83%8B%E3%83%BC%E3%82%BA%E3%83%BB%E3%82%A8%E3%83%B3%E3%82%BF%E3%83%86%E3%82%A4%E3%83%A1%E3%83%B3%E3%83%88%20%E4%BC%9A%E7%A4%BE%E6%A6%82%E8%A6%81%20%E5%95%8F%E3%81%84%E5%90%88%E3%82%8F%E3%81%9B%20%E5%8D%B8,
AQielev,2,ゲーム,条件付き（再販/版元カテゴリ）,ルートカテゴリ=ゲーム,D: 直営・系列店しかいない,規模未確認,なし,なし,,0,0,2863,B0GF1VD155,アケコン レバーレス コントローラー ps4コントローラー 格闘ゲーム パッド「16ボタン·RP2040搭載·全機種対応,https://www.amazon.co.jp/dp/B0GF1VD155,https://www.google.com/search?q=AQielev%20%E4%BC%9A%E7%A4%BE%E6%A6%82%E8%A6%81%20%E5%95%8F%E3%81%84%E5%90%88%E3%82%8F%E3%81%9B%20%E5%8D%B8,
Wondershare,1,PCソフト,条件付き（再販/版元カテゴリ）,ルートカテゴリ=PCソフト,D: 直営・系列店しかいない,規模未確認,JAN45/49,なし,,0,0,10182,B08SPZQW9H,高度な動画復元 Wondershare Recoverit Ultimate Plus（Mac版）写真、ビデオ、ドキュメ,https://www.amazon.co.jp/dp/B08SPZQW9H,https://www.google.com/search?q=Wondershare%20%E4%BC%9A%E7%A4%BE%E6%A6%82%E8%A6%81%20%E5%95%8F%E3%81%84%E5%90%88%E3%82%8F%E3%81%9B%20%E5%8D%B8,
BANDAI,27,おもちゃ,除外（規模：大企業確定）,誰でも知る大企業・上場グループ・グローバル本社,A: 国内の第三者が2社以上で扱っている,大企業確定,JAN45/49／manufacturer日本語,なし,K&Y雑貨店 / HoSpo STORE (インボイス番号登録店) / 抜き取りすり替え対策済みのため安心してお買い求め下さい◎リサイクル梱包材発送◎合同会社グランウエスト,6,7,1254,B0F8MDY3SV,バンダイ(BANDAI) デジモンカードゲーム エクストラブースター SINISTER ORDER[EX-10] (BO,https://www.amazon.co.jp/dp/B0F8MDY3SV,https://www.google.com/search?q=BANDAI%20%E4%BC%9A%E7%A4%BE%E6%A6%82%E8%A6%81%20%E5%95%8F%E3%81%84%E5%90%88%E3%82%8F%E3%81%9B%20%E5%8D%B8,
パナソニック(Panasonic),19,家電＆カメラ,除外（規模：大企業確定）,誰でも知る大企業・上場グループ・グローバル本社,A: 国内の第三者が2社以上で扱っている,大企業確定,JAN45/49／manufacturer日本語／メーカー名日本語／日本法人格,なし,PC FREAK（ピーシーフリーク）適格請求書発行事業者 / アトモスマーケット / 大橋ストア本店,6,6,2303,B0CT2B7NWJ,パナソニック スチームアイロン 衣類スチーマー NI-FS70A-C クレイベージュ 360°パワフルスチーム ３段階温,https://www.amazon.co.jp/dp/B0CT2B7NWJ,https://www.google.com/search?q=%E3%83%91%E3%83%8A%E3%82%BD%E3%83%8B%E3%83%83%E3%82%AF%28Panasonic%29%20%E4%BC%9A%E7%A4%BE%E6%A6%82%E8%A6%81%20%E5%95%8F%E3%81%84%E5%90%88%E3%82%8F%E3%81%9B%20%E5%8D%B8,
エレコム(ELECOM),18,パソコン・周辺機器,除外（規模：大企業確定）,誰でも知る大企業・上場グループ・グローバル本社,A: 国内の第三者が2社以上で扱っている,大企業確定,JAN45/49／manufacturer日本語／メーカー名日本語,なし,フロッティ【適格請求書発行事業者】 / 【インボイス対応】家電と玩具のBlue sky本店 迅速発送 / 【インボイス対応】YENショップ愛知,5,6,2375,B0BSG8G14L,エレコム USBメモリ 128GB USB3.2（Gen1）対応 超小型 シルバー MF-SU3A128GSV,https://www.amazon.co.jp/dp/B0BSG8G14L,https://www.google.com/search?q=%E3%82%A8%E3%83%AC%E3%82%B3%E3%83%A0%28ELECOM%29%20%E4%BC%9A%E7%A4%BE%E6%A6%82%E8%A6%81%20%E5%95%8F%E3%81%84%E5%90%88%E3%82%8F%E3%81%9B%20%E5%8D%B8,
ロイヤルカナン,17,ペット用品,除外（規模：大企業確定）,誰でも知る大企業・上場グループ・グローバル本社,A: 国内の第三者が2社以上で扱っている,大企業確定,manufacturer日本語／メーカー名日本語,なし,sakurako ＊[すり替防止対策強化] / ランタンSTORE / YZKショップ,6,7,2347,B0DFPVY18P,ロイヤルカナン インドア7+ 【室内で生活する中高齢猫用】1.5kg キャットフード FHN ドライ 7歳以上の室内飼育,https://www.amazon.co.jp/dp/B0DFPVY18P,https://www.google.com/search?q=%E3%83%AD%E3%82%A4%E3%83%A4%E3%83%AB%E3%82%AB%E3%83%8A%E3%83%B3%20%E4%BC%9A%E7%A4%BE%E6%A6%82%E8%A6%81%20%E5%95%8F%E3%81%84%E5%90%88%E3%82%8F%E3%81%9B%20%E5%8D%B8,
KODAK,11,家電＆カメラ,除外（規模：大企業確定）,誰でも知る大企業・上場グループ・グローバル本社,A: 国内の第三者が2社以上で扱っている,大企業確定,manufacturer日本語,なし,ラボエイド / ホームショッピング / 株式会社コジマ,3,6,3573,B004ABHKZ8,Kodak カラーネガティブフィルム プロフェッショナル用 ポートラ400 120 5本パック 8331506,https://www.amazon.co.jp/dp/B004ABHKZ8,https://www.google.com/search?q=KODAK%20%E4%BC%9A%E7%A4%BE%E6%A6%82%E8%A6%81%20%E5%95%8F%E3%81%84%E5%90%88%E3%82%8F%E3%81%9B%20%E5%8D%B8,
Razer(レイザー),9,パソコン・周辺機器,除外（規模：大企業確定）,誰でも知る大企業・上場グループ・グローバル本社,A: 国内の第三者が2社以上で扱っている,大企業確定,JAN45/49／メーカー名日本語,なし,アイスリー / グリーンセラー / starsmile-store【すり替え、保留対策強化店】,4,4,6199,B09FY4JHBP,Razer Wolverine V2 (Mercury White) PC＆XBOX用コントローラー RAZER メカタ,https://www.amazon.co.jp/dp/B09FY4JHBP,https://www.google.com/search?q=Razer%28%E3%83%AC%E3%82%A4%E3%82%B6%E3%83%BC%29%20%E4%BC%9A%E7%A4%BE%E6%A6%82%E8%A6%81%20%E5%95%8F%E3%81%84%E5%90%88%E3%82%8F%E3%81%9B%20%E5%8D%B8,
BANDAI SPIRITS(バンダイ スピリッツ),8,ホビー,除外（規模：大企業確定）,誰でも知る大企業・上場グループ・グローバル本社,A: 国内の第三者が2社以上で扱っている,大企業確定,JAN45/49／メーカー名日本語,なし,赤字覚悟の大セール激安オンライン / アイランド店 （すり替え・抜き取り対策強化店舗） / インフォームショップ【インボイス対応】,4,6,2606,B00030EUMQ,MG 1/100 MSM-07 量産型ズゴック (機動戦士ガンダム),https://www.amazon.co.jp/dp/B00030EUMQ,https://www.google.com/search?q=BANDAI%20SPIRITS%28%E3%83%90%E3%83%B3%E3%83%80%E3%82%A4%20%E3%82%B9%E3%83%94%E3%83%AA%E3%83%83%E3%83%84%29%20%E4%BC%9A%E7%A4%BE%E6%A6%82%E8%A6%81%20%E5%95%8F%E3%81%84%E5%90%88%E3%82%8F%E3%81%9B%20%E5%8D%B8,
タカラトミー(TAKARA TOMY),7,おもちゃ,除外（規模：大企業確定）,誰でも知る大企業・上場グループ・グローバル本社,A: 国内の第三者が2社以上で扱っている,大企業確定,JAN45/49／メーカー名日本語,なし,オンラインショップ Octas / K&Y雑貨店 / ベストプライス岩手店,5,6,1983,B0GG8QM8YS,タカラトミー(TAKARA TOMY) BEYBLADE X ベイブレードX BX-48 ランダムブースターVol.9,https://www.amazon.co.jp/dp/B0GG8QM8YS,https://www.google.com/search?q=%E3%82%BF%E3%82%AB%E3%83%A9%E3%83%88%E3%83%9F%E3%83%BC%28TAKARA%20TOMY%29%20%E4%BC%9A%E7%A4%BE%E6%A6%82%E8%A6%81%20%E5%95%8F%E3%81%84%E5%90%88%E3%82%8F%E3%81%9B%20%E5%8D%B8,
Honda,6,車＆バイク,除外（規模：大企業確定）,誰でも知る大企業・上場グループ・グローバル本社,A: 国内の第三者が2社以上で扱っている,大企業確定,JAN45/49,なし,株式会社MSHG / TOA MART【すり替え・返品詐欺対策店】 / 薬とホームセンター綿半かんわ店(旧ＨＢかんわくすりのほしまん),5,6,1361,B002TUKJRI,Honda(ホンダ) 2輪用エンジンオイル ウルトラ G2 SL/MA 10W-40 4サイクル用 部分合成油 1L,https://www.amazon.co.jp/dp/B002TUKJRI,https://www.google.com/search?q=Honda%20%E4%BC%9A%E7%A4%BE%E6%A6%82%E8%A6%81%20%E5%95%8F%E3%81%84%E5%90%88%E3%82%8F%E3%81%9B%20%E5%8D%B8,
Logitech,6,パソコン・周辺機器,除外（規模：大企業確定）,誰でも知る大企業・上場グループ・グローバル本社,A: 国内の第三者が2社以上で扱っている,大企業確定,JAN45/49,なし,おくすリストア本店 / 夢品店 / インフォームショップ【インボイス対応】,4,6,3880,B08L4ZR79Q,ロジクール ワイヤレスマウス トラックボール 無線 M575S Bluetooth Unifying 5ボタン トラック,https://www.amazon.co.jp/dp/B08L4ZR79Q,https://www.google.com/search?q=Logitech%20%E4%BC%9A%E7%A4%BE%E6%A6%82%E8%A6%81%20%E5%95%8F%E3%81%84%E5%90%88%E3%82%8F%E3%81%9B%20%E5%8D%B8,
Makita(マキタ),6,DIY・工具・ガーデン,除外（規模：大企業確定）,誰でも知る大企業・上場グループ・グローバル本社,A: 国内の第三者が2社以上で扱っている,大企業確定,manufacturer日本語／メーカー名日本語,なし,カナジン / カネマサかなもの e-shop AZ店 / e-キカイ屋さん[土日祝は定休日],5,5,2244,B0CB2M9KHR,マキタ(Makita) ナイロン用カバー A-73427,https://www.amazon.co.jp/dp/B0CB2M9KHR,https://www.google.com/search?q=Makita%28%E3%83%9E%E3%82%AD%E3%82%BF%29%20%E4%BC%9A%E7%A4%BE%E6%A6%82%E8%A6%81%20%E5%95%8F%E3%81%84%E5%90%88%E3%82%8F%E3%81%9B%20%E5%8D%B8,
CASIO(カシオ),5,ファッション,除外（規模：大企業確定）,誰でも知る大企業・上場グループ・グローバル本社,A: 国内の第三者が2社以上で扱っている,大企業確定,JAN45/49／メーカー名日本語,なし,はづき市場　福岡店 / V＆Tストア / R Online Store 関西本店【適格請求書発行事業者】,4,5,904,B09C1MX3ND,[カシオ] 腕時計 カシオ コレクション 【国内正規品】MRW-200HJ-7EJH メンズ ブラック,https://www.amazon.co.jp/dp/B09C1MX3ND,https://www.google.com/search?q=CASIO%28%E3%82%AB%E3%82%B7%E3%82%AA%29%20%E4%BC%9A%E7%A4%BE%E6%A6%82%E8%A6%81%20%E5%95%8F%E3%81%84%E5%90%88%E3%82%8F%E3%81%9B%20%E5%8D%B8,
PHILIPS,5,家電＆カメラ,除外（規模：大企業確定）,誰でも知る大企業・上場グループ・グローバル本社,A: 国内の第三者が2社以上で扱っている,大企業確定,manufacturer日本語,なし,株式会社ECメゾン / 株式会社コジマ / やるＣＡＮ,4,5,1566,B0B5Q4NL7R,フィリップス フェイススタイリングキット (鼻毛カッター ノーズエチケットカッター 鼻・耳・眉・ヒゲ) NT5650/1,https://www.amazon.co.jp/dp/B0B5Q4NL7R,https://www.google.com/search?q=PHILIPS%20%E4%BC%9A%E7%A4%BE%E6%A6%82%E8%A6%81%20%E5%95%8F%E3%81%84%E5%90%88%E3%82%8F%E3%81%9B%20%E5%8D%B8,
SanDisk,5,パソコン・周辺機器,除外（規模：大企業確定）,誰でも知る大企業・上場グループ・グローバル本社,A: 国内の第三者が2社以上で扱っている,大企業確定,manufacturer日本語,なし,super select 京都 / モノポール　EC事業部 / エーワイショップ本店,5,6,1537,B07KZGRLDT,microSDXC 256GB SanDisk サンディスク Extreme PRO UHS-1 U3 V30 4K U,https://www.amazon.co.jp/dp/B07KZGRLDT,https://www.google.com/search?q=SanDisk%20%E4%BC%9A%E7%A4%BE%E6%A6%82%E8%A6%81%20%E5%95%8F%E3%81%84%E5%90%88%E3%82%8F%E3%81%9B%20%E5%8D%B8,
‎バーベイタム(Verbatim),5,パソコン・周辺機器,除外（規模：大企業確定）,誰でも知る大企業・上場グループ・グローバル本社,A: 国内の第三者が2社以上で扱っている,大企業確定,JAN45/49／メーカー名日本語,なし,マジカルストア本店 / ハナミスポーツ / パソコンショップ DO-MU (適格請求書発行対応),4,6,1135,B0F8HH6MMB,Victor(ビクター) くり返し録画用 ブルーレイディスク BD-RE DL 50GB ホワイトプリンタブル 片面2層,https://www.amazon.co.jp/dp/B0F8HH6MMB,https://www.google.com/search?q=%E2%80%8E%E3%83%90%E3%83%BC%E3%83%99%E3%82%A4%E3%82%BF%E3%83%A0%28Verbatim%29%20%E4%BC%9A%E7%A4%BE%E6%A6%82%E8%A6%81%20%E5%95%8F%E3%81%84%E5%90%88%E3%82%8F%E3%81%9B%20%E5%8D%B8,
アイオーデータ,5,パソコン・周辺機器,除外（規模：大企業確定）,誰でも知る大企業・上場グループ・グローバル本社,A: 国内の第三者が2社以上で扱っている,大企業確定,JAN45/49／manufacturer日本語／メーカー名日本語,なし,オンラインストア　J's map / Top Stone8110(インボイス発行事業者) / クラウンＭＡＲＫＥＴ【インボイス対応店】,4,6,8513,B0FL7F7BDK,IODATA SlimSSD ポータブルSSD 512GB 超小型 USB Type-C SSPJ-UTC512/E,https://www.amazon.co.jp/dp/B0FL7F7BDK,https://www.google.com/search?q=%E3%82%A2%E3%82%A4%E3%82%AA%E3%83%BC%E3%83%87%E3%83%BC%E3%82%BF%20%E4%BC%9A%E7%A4%BE%E6%A6%82%E8%A6%81%20%E5%95%8F%E3%81%84%E5%90%88%E3%82%8F%E3%81%9B%20%E5%8D%B8,
バッファロー,5,パソコン・周辺機器,除外（規模：大企業確定）,誰でも知る大企業・上場グループ・グローバル本社,A: 国内の第三者が2社以上で扱っている,大企業確定,JAN45/49／manufacturer日本語／メーカー名日本語,なし,【適格請求書発行事業者】橋本商事通販部 / エイチスタイル / セレクトショップ　ワイズ,3,4,2921,B0F4KBKPJT,HD-SGDA2U3-B(バッファロー),https://www.amazon.co.jp/dp/B0F4KBKPJT,https://www.google.com/search?q=%E3%83%90%E3%83%83%E3%83%95%E3%82%A1%E3%83%AD%E3%83%BC%20%E4%BC%9A%E7%A4%BE%E6%A6%82%E8%A6%81%20%E5%95%8F%E3%81%84%E5%90%88%E3%82%8F%E3%81%9B%20%E5%8D%B8,
KIOXIA,4,パソコン・周辺機器,除外（規模：大企業確定）,誰でも知る大企業・上場グループ・グローバル本社,A: 国内の第三者が2社以上で扱っている,大企業確定,JAN45/49,なし,パインライフクリエイト / レナスカンパニー / きりん本舗大阪本店【インボイス対応】,5,5,3033,B08B3H18T1,キオクシア KIOXIA 内蔵 SSD 480GB 2.5インチ 7mm SATA 国産BiCS FLASH TLC 搭,https://www.amazon.co.jp/dp/B08B3H18T1,https://www.google.com/search?q=KIOXIA%20%E4%BC%9A%E7%A4%BE%E6%A6%82%E8%A6%81%20%E5%95%8F%E3%81%84%E5%90%88%E3%82%8F%E3%81%9B%20%E5%8D%B8,
LEGO(レゴ),4,おもちゃ,除外（規模：大企業確定）,誰でも知る大企業・上場グループ・グローバル本社,A: 国内の第三者が2社以上で扱っている,大企業確定,メーカー名日本語,なし,ユニバースクラシック / トレンドアイテムショップ※適格請求書発行事業者 / NYAHストア,4,5,3376,B01MRT522E,レゴ(LEGO) デュプロ デュプロのコンテナ デラックス くるまとトラック おもちゃ 玩具 プレゼント ブロック 幼児,https://www.amazon.co.jp/dp/B01MRT522E,https://www.google.com/search?q=LEGO%28%E3%83%AC%E3%82%B4%29%20%E4%BC%9A%E7%A4%BE%E6%A6%82%E8%A6%81%20%E5%95%8F%E3%81%84%E5%90%88%E3%82%8F%E3%81%9B%20%E5%8D%B8,
iface,4,家電＆カメラ,除外（規模：大企業確定）,誰でも知る大企業・上場グループ・グローバル本社,A: 国内の第三者が2社以上で扱っている,大企業確定,JAN45/49,なし,イシカワ本舗 / hungry-store【コンディションを必ずご確認ください】 / Hamee(ハミィ),4,5,1538,B0G12RFPX2,[iface] BeBling 2 ハンドストラップ (ホワイト),https://www.amazon.co.jp/dp/B0G12RFPX2,https://www.google.com/search?q=iface%20%E4%BC%9A%E7%A4%BE%E6%A6%82%E8%A6%81%20%E5%95%8F%E3%81%84%E5%90%88%E3%82%8F%E3%81%9B%20%E5%8D%B8,
アイリスオーヤマ(IRIS OHYAMA),4,DIY・工具・ガーデン,除外（規模：大企業確定）,誰でも知る大企業・上場グループ・グローバル本社,A: 国内の第三者が2社以上で扱っている,大企業確定,JAN45/49／manufacturer日本語／メーカー名日本語,なし,ECカレント / イーベスト家電 / 特価COM,5,5,748,B07RW6FNZQ,アイリスオーヤマ 脱臭くつ乾燥機 カラリエ KSD-C2 ブルー,https://www.amazon.co.jp/dp/B07RW6FNZQ,https://www.google.com/search?q=%E3%82%A2%E3%82%A4%E3%83%AA%E3%82%B9%E3%82%AA%E3%83%BC%E3%83%A4%E3%83%9E%28IRIS%20OHYAMA%29%20%E4%BC%9A%E7%A4%BE%E6%A6%82%E8%A6%81%20%E5%95%8F%E3%81%84%E5%90%88%E3%82%8F%E3%81%9B%20%E5%8D%B8,
シー・エフ・デー販売,4,パソコン・周辺機器,除外（規模：大企業確定）,誰でも知る大企業・上場グループ・グローバル本社,A: 国内の第三者が2社以上で扱っている,大企業確定,JAN45/49／manufacturer日本語／メーカー名日本語,なし,サンクトエブリ(迅速かつ丁寧な対応を心がけて) / パソコン工房 / きりん本舗大阪本店【インボイス対応】,5,6,8728,B0DQCC4CTB,リアルテック SSD 外付け 500GB スティック型 読込最大 450MB/秒 PS5/PS4対応(メーカー動作確認済,https://www.amazon.co.jp/dp/B0DQCC4CTB,https://www.google.com/search?q=%E3%82%B7%E3%83%BC%E3%83%BB%E3%82%A8%E3%83%95%E3%83%BB%E3%83%87%E3%83%BC%E8%B2%A9%E5%A3%B2%20%E4%BC%9A%E7%A4%BE%E6%A6%82%E8%A6%81%20%E5%95%8F%E3%81%84%E5%90%88%E3%82%8F%E3%81%9B%20%E5%8D%B8,
本間ゴルフ,4,スポーツ＆アウトドア,除外（規模：大企業確定）,誰でも知る大企業・上場グループ・グローバル本社,A: 国内の第三者が2社以上で扱っている,大企業確定,JAN45/49／manufacturer日本語／メーカー名日本語,なし,ジーパーズ（JYPER'S） / 久四郎商店 / アマナヤショップ,6,6,876,B0CL4V4THT,2023 SPEED MONSTER BT2302,https://www.amazon.co.jp/dp/B0CL4V4THT,https://www.google.com/search?q=%E6%9C%AC%E9%96%93%E3%82%B4%E3%83%AB%E3%83%95%20%E4%BC%9A%E7%A4%BE%E6%A6%82%E8%A6%81%20%E5%95%8F%E3%81%84%E5%90%88%E3%82%8F%E3%81%9B%20%E5%8D%B8,
DUNLOP,3,スポーツ＆アウトドア,除外（規模：大企業確定）,誰でも知る大企業・上場グループ・グローバル本社,A: 国内の第三者が2社以上で扱っている,大企業確定,JAN45/49,なし,ショップハッピー / ヒロセ ネットショップ / みる商店,4,5,1074,B0CNJYGPCW,ダンロップゴルフボール SRIXON TRI-STAR4 2024年モデル 1ダース(12個入り) ホワイト,https://www.amazon.co.jp/dp/B0CNJYGPCW,https://www.google.com/search?q=DUNLOP%20%E4%BC%9A%E7%A4%BE%E6%A6%82%E8%A6%81%20%E5%95%8F%E3%81%84%E5%90%88%E3%82%8F%E3%81%9B%20%E5%8D%B8,
Eufy (ユーフィ),3,ホーム＆キッチン,除外（規模：大企業確定）,誰でも知る大企業・上場グループ・グローバル本社,A: 国内の第三者が2社以上で扱っている,大企業確定,メーカー名日本語,なし,【インボイス対応】フローレッド / COZY☆安心ストア,2,3,1796,B0BG5FJ33T,Anker Eufy (ユーフィ) Smart Scale P2 Pro ブラック,https://www.amazon.co.jp/dp/B0BG5FJ33T,https://www.google.com/search?q=Eufy%20%28%E3%83%A6%E3%83%BC%E3%83%95%E3%82%A3%29%20%E4%BC%9A%E7%A4%BE%E6%A6%82%E8%A6%81%20%E5%95%8F%E3%81%84%E5%90%88%E3%82%8F%E3%81%9B%20%E5%8D%B8,
JBL,3,家電＆カメラ,除外（規模：大企業確定）,誰でも知る大企業・上場グループ・グローバル本社,A: 国内の第三者が2社以上で扱っている,大企業確定,JAN45/49,なし,COZY☆安心ストア,1,2,8703,B0D6VHFP4H,JBL LIVE BUDS 3 スマートタッチディスプレイ搭載 ワイヤレスイヤホン ハイレゾワイヤレス対応 ノイズキャン,https://www.amazon.co.jp/dp/B0D6VHFP4H,https://www.google.com/search?q=JBL%20%E4%BC%9A%E7%A4%BE%E6%A6%82%E8%A6%81%20%E5%95%8F%E3%81%84%E5%90%88%E3%82%8F%E3%81%9B%20%E5%8D%B8,
Logicool G(ロジクール G),3,家電＆カメラ,除外（規模：大企業確定）,誰でも知る大企業・上場グループ・グローバル本社,A: 国内の第三者が2社以上で扱っている,大企業確定,JAN45/49／メーカー名日本語,なし,竹ドットCOM (適格請求書発行事業者)古物商許可埼玉県公安委員会第４３１３９００５４２８８号 / 良品 shop / タクティクス商店【インボイス登録事業者】,5,6,7665,B07SR8LZ12,Logicool G ASTRO Gaming MixAmp Pro ミックスアンプ ゲーミングアンプ MAPTR-00,https://www.amazon.co.jp/dp/B07SR8LZ12,https://www.google.com/search?q=Logicool%20G%28%E3%83%AD%E3%82%B8%E3%82%AF%E3%83%BC%E3%83%AB%20G%29%20%E4%BC%9A%E7%A4%BE%E6%A6%82%E8%A6%81%20%E5%95%8F%E3%81%84%E5%90%88%E3%82%8F%E3%81%9B%20%E5%8D%B8,
NEW ERA(ニューエラ),3,ファッション,除外（規模：大企業確定）,誰でも知る大企業・上場グループ・グローバル本社,A: 国内の第三者が2社以上で扱っている,大企業確定,メーカー名日本語,なし,GROSS(株式会社グローイング) / ユニワーク / daisy ミトマン有限会社,3,4,1876,B0GJCX4BZS,New Era メッシュキャップ メンズ キャップ サイドロゴ 無地 帽子 9FORTY NewEra NE205 ベー,https://www.amazon.co.jp/dp/B0GJCX4BZS,https://www.google.com/search?q=NEW%20ERA%28%E3%83%8B%E3%83%A5%E3%83%BC%E3%82%A8%E3%83%A9%29%20%E4%BC%9A%E7%A4%BE%E6%A6%82%E8%A6%81%20%E5%95%8F%E3%81%84%E5%90%88%E3%82%8F%E3%81%9B%20%E5%8D%B8,
NIKE(ナイキ),3,ファッション,除外（規模：大企業確定）,誰でも知る大企業・上場グループ・グローバル本社,A: 国内の第三者が2社以上で扱っている,大企業確定,メーカー名日本語,なし,【ｺﾝﾃﾞｨｼｮﾝ要確認】ロコ商店 / 大福屋 本店 / モンド電機,3,3,1271,B08FDJWKYD,NIKE SPORTSWEAR WOVEN SHORTS ナイキ ウーブン ショートパンツ ショーツ 短パン ブラック ,https://www.amazon.co.jp/dp/B08FDJWKYD,https://www.google.com/search?q=NIKE%28%E3%83%8A%E3%82%A4%E3%82%AD%29%20%E4%BC%9A%E7%A4%BE%E6%A6%82%E8%A6%81%20%E5%95%8F%E3%81%84%E5%90%88%E3%82%8F%E3%81%9B%20%E5%8D%B8,
TANITA,3,ホーム＆キッチン,除外（規模：大企業確定）,誰でも知る大企業・上場グループ・グローバル本社,A: 国内の第三者が2社以上で扱っている,大企業確定,JAN45/49,なし,セカンドオンラインストア / マーマレードガール / web shop Solitude【インボイス対応 適格請求書発行事業者】,5,6,1159,B0052BPUCA,TANITA 【乗るとスイッチが入るステップオンタイプ】 デジタルヘルスメーター ホワイト HD-661-WH,https://www.amazon.co.jp/dp/B0052BPUCA,https://www.google.com/search?q=TANITA%20%E4%BC%9A%E7%A4%BE%E6%A6%82%E8%A6%81%20%E5%95%8F%E3%81%84%E5%90%88%E3%82%8F%E3%81%9B%20%E5%8D%B8,
シーゲイト(SEAGATE),3,パソコン・周辺機器,除外（規模：大企業確定）,誰でも知る大企業・上場グループ・グローバル本社,A: 国内の第三者が2社以上で扱っている,大企業確定,JAN45/49／メーカー名日本語,なし,パソコンライフ / ターゲットジャパン,2,3,6429,B01M04WP2B,"Seagate BarraCuda 3.5"" 1TB 内蔵ハードディスク HDD 2年保証 6Gb/s 64MB 720",https://www.amazon.co.jp/dp/B01M04WP2B,https://www.google.com/search?q=%E3%82%B7%E3%83%BC%E3%82%B2%E3%82%A4%E3%83%88%28SEAGATE%29%20%E4%BC%9A%E7%A4%BE%E6%A6%82%E8%A6%81%20%E5%95%8F%E3%81%84%E5%90%88%E3%82%8F%E3%81%9B%20%E5%8D%B8,
ホンダ(Honda),3,車＆バイク,除外（規模：大企業確定）,誰でも知る大企業・上場グループ・グローバル本社,A: 国内の第三者が2社以上で扱っている,大企業確定,JAN45/49／メーカー名日本語,なし,花ゆ美ストア / パーツオンライン / パーツダイレクト,3,5,412,B0F4D733CT,ProHonda RACING SL MA 0W30 1L,https://www.amazon.co.jp/dp/B0F4D733CT,https://www.google.com/search?q=%E3%83%9B%E3%83%B3%E3%83%80%28Honda%29%20%E4%BC%9A%E7%A4%BE%E6%A6%82%E8%A6%81%20%E5%95%8F%E3%81%84%E5%90%88%E3%82%8F%E3%81%9B%20%E5%8D%B8,
マテル(MATTEL),3,おもちゃ,除外（規模：大企業確定）,誰でも知る大企業・上場グループ・グローバル本社,A: 国内の第三者が2社以上で扱っている,大企業確定,メーカー名日本語,なし,仁佑社 / ぬこぬこ商店 / ぷーーーーちゃん（インボイス登録事業者）,3,5,1313,B0CVR9467T,マテル アナと雪の女王(Disney Frozen) アナ(うたってたのしい! ドール) 生まれてはじめて を 30秒間,https://www.amazon.co.jp/dp/B0CVR9467T,https://www.google.com/search?q=%E3%83%9E%E3%83%86%E3%83%AB%28MATTEL%29%20%E4%BC%9A%E7%A4%BE%E6%A6%82%E8%A6%81%20%E5%95%8F%E3%81%84%E5%90%88%E3%82%8F%E3%81%9B%20%E5%8D%B8,
日立(HITACHI),3,大型家電,除外（規模：大企業確定）,誰でも知る大企業・上場グループ・グローバル本社,A: 国内の第三者が2社以上で扱っている,大企業確定,JAN45/49／manufacturer日本語／メーカー名日本語,なし,ECカレント / イーベスト家電 / 特価COM,4,8,3579,B001DBLWNE,日立 全自動専用設置台HITACHI （洗濯乾燥機・全自動洗濯機用） UP-D3,https://www.amazon.co.jp/dp/B001DBLWNE,https://www.google.com/search?q=%E6%97%A5%E7%AB%8B%28HITACHI%29%20%E4%BC%9A%E7%A4%BE%E6%A6%82%E8%A6%81%20%E5%95%8F%E3%81%84%E5%90%88%E3%82%8F%E3%81%9B%20%E5%8D%B8,
東芝(TOSHIBA),3,パソコン・周辺機器,除外（規模：大企業確定）,誰でも知る大企業・上場グループ・グローバル本社,A: 国内の第三者が2社以上で扱っている,大企業確定,JAN45/49／manufacturer日本語／メーカー名日本語,なし,オンラインショップAMR / オープン家電本舗 / 月光堂(すり替え対策実施店舗）株式会社E-LINK,4,6,5032,B07SKSVB84,東芝 Canvio 1TB USB3.2(Gen1)対応 ポータブルHDD PC/TV対応 バッファローサポート 国内メ,https://www.amazon.co.jp/dp/B07SKSVB84,https://www.google.com/search?q=%E6%9D%B1%E8%8A%9D%28TOSHIBA%29%20%E4%BC%9A%E7%A4%BE%E6%A6%82%E8%A6%81%20%E5%95%8F%E3%81%84%E5%90%88%E3%82%8F%E3%81%9B%20%E5%8D%B8,
Audio Technica(オーディオテクニカ),2,パソコン・周辺機器,除外（規模：大企業確定）,誰でも知る大企業・上場グループ・グローバル本社,A: 国内の第三者が2社以上で扱っている,大企業確定,JAN45/49／メーカー名日本語,なし,ECカレント / イーベスト家電 / 特価COM,6,6,4092,B09G5PR2F2,オーディオテクニカ ATH-GDL3 ゲーミングヘッドセット/開放型/PC/PS4/PS5/Switch/Xbox On,https://www.amazon.co.jp/dp/B09G5PR2F2,https://www.google.com/search?q=Audio%20Technica%28%E3%82%AA%E3%83%BC%E3%83%87%E3%82%A3%E3%82%AA%E3%83%86%E3%82%AF%E3%83%8B%E3%82%AB%29%20%E4%BC%9A%E7%A4%BE%E6%A6%82%E8%A6%81%20%E5%95%8F%E3%81%84%E5%90%88%E3%82%8F%E3%81%9B%20%E5%8D%B8,
CITIZEN,2,スポーツ＆アウトドア,除外（規模：大企業確定）,誰でも知る大企業・上場グループ・グローバル本社,A: 国内の第三者が2社以上で扱っている,大企業確定,JAN45/49／manufacturer日本語,なし,やるＣＡＮ / 薬のファインズファルマ,2,3,453,B002TOKEJM,シチズン歩数計 TW310-RD,https://www.amazon.co.jp/dp/B002TOKEJM,https://www.google.com/search?q=CITIZEN%20%E4%BC%9A%E7%A4%BE%E6%A6%82%E8%A6%81%20%E5%95%8F%E3%81%84%E5%90%88%E3%82%8F%E3%81%9B%20%E5%8D%B8,
Fender(フェンダー),2,楽器・音響機器,除外（規模：大企業確定）,誰でも知る大企業・上場グループ・グローバル本社,A: 国内の第三者が2社以上で扱っている,大企業確定,メーカー名日本語,なし,和Style Japan / Iba shop（輸入品専門店）,2,3,1888,B0CHBG6N1H,FENDERグリップハンドとフィンガーエクササイザー。ギタリスト、ベーシスト、バイオリニスト用。,https://www.amazon.co.jp/dp/B0CHBG6N1H,https://www.google.com/search?q=Fender%28%E3%83%95%E3%82%A7%E3%83%B3%E3%83%80%E3%83%BC%29%20%E4%BC%9A%E7%A4%BE%E6%A6%82%E8%A6%81%20%E5%95%8F%E3%81%84%E5%90%88%E3%82%8F%E3%81%9B%20%E5%8D%B8,
HOKA,2,ファッション,除外（規模：大企業確定）,誰でも知る大企業・上場グループ・グローバル本社,A: 国内の第三者が2社以上で扱っている,大企業確定,manufacturer日本語,なし,good days(適格請求書発行事業者) / そらみ堂 / 合同会社けいつか,4,5,9318,B0DN3SYLN4,HOKA ONE ONE(ホカ オネオネ) M CLIFTON 10 BLACK / GOLD 28.0CM,https://www.amazon.co.jp/dp/B0DN3SYLN4,https://www.google.com/search?q=HOKA%20%E4%BC%9A%E7%A4%BE%E6%A6%82%E8%A6%81%20%E5%95%8F%E3%81%84%E5%90%88%E3%82%8F%E3%81%9B%20%E5%8D%B8,
Jabra(ジャブラ),2,パソコン・周辺機器,除外（規模：大企業確定）,誰でも知る大企業・上場グループ・グローバル本社,A: 国内の第三者が2社以上で扱っている,大企業確定,メーカー名日本語,なし,EcCrew(ｲｰｼｰｸﾙｰ)【適格請求書発行事業者】 / BUNBUN SHOP【メーカー正規代理店/適格請求事業者】 / アイジーエヌ●全商品抜き取り・すり替え対策店●,4,5,11038,B0BWKFSTL5,Jabra Speak2 40[国内正規品] 会議用マイクスピーカー 最新ノイズキャンセリング機能 MS Teams/Z,https://www.amazon.co.jp/dp/B0BWKFSTL5,https://www.google.com/search?q=Jabra%28%E3%82%B8%E3%83%A3%E3%83%96%E3%83%A9%29%20%E4%BC%9A%E7%A4%BE%E6%A6%82%E8%A6%81%20%E5%95%8F%E3%81%84%E5%90%88%E3%82%8F%E3%81%9B%20%E5%8D%B8,
Laundrin'(ランドリン),2,車＆バイク,除外（規模：大企業確定）,誰でも知る大企業・上場グループ・グローバル本社,A: 国内の第三者が2社以上で扱っている,大企業確定,JAN45/49／manufacturer日本語／メーカー名日本語,なし,アキソラ商店 / DNSK商店【インボイス対応 適格請求書発行事業者】 / TAKAshop【インボイス登録事業者】,4,6,315,B0CFF1MQQS,Laundrin'(ランドリン) Laundrin 車用フレグランス クラシックフローラル 本体4個入り,https://www.amazon.co.jp/dp/B0CFF1MQQS,https://www.google.com/search?q=Laundrin%27%28%E3%83%A9%E3%83%B3%E3%83%89%E3%83%AA%E3%83%B3%29%20%E4%BC%9A%E7%A4%BE%E6%A6%82%E8%A6%81%20%E5%95%8F%E3%81%84%E5%90%88%E3%82%8F%E3%81%9B%20%E5%8D%B8,
MIKIHOUSE(ミキハウス),2,ベビー＆マタニティ,除外（規模：大企業確定）,誰でも知る大企業・上場グループ・グローバル本社,A: 国内の第三者が2社以上で扱っている,大企業確定,JAN45/49／manufacturer日本語／メーカー名日本語／日本法人格,なし,Eすたいる / ninnananna(7000円以上お買い上げで送料無料) / I　りんく,5,5,7859,B0F388M7PW,MiKiHOUSE ミキハウス ファースト ベビー キャリア 抱っこひも おんぶ紐 新生児から使える 赤ちゃん ベビー用,https://www.amazon.co.jp/dp/B0F388M7PW,https://www.google.com/search?q=MIKIHOUSE%28%E3%83%9F%E3%82%AD%E3%83%8F%E3%82%A6%E3%82%B9%29%20%E4%BC%9A%E7%A4%BE%E6%A6%82%E8%A6%81%20%E5%95%8F%E3%81%84%E5%90%88%E3%82%8F%E3%81%9B%20%E5%8D%B8,
NEC,2,パソコン・周辺機器,除外（規模：大企業確定）,誰でも知る大企業・上場グループ・グローバル本社,A: 国内の第三者が2社以上で扱っている,大企業確定,JAN45/49／manufacturer日本語,なし,FREEFU合同会社 / JPHオンライン / 月光堂(すり替え対策実施店舗）株式会社E-LINK,6,6,5969,B07X1NX5NJ,NECプラットフォームズ Aterm Wi-Fi モバイルルーター tri band MP02LN SW メタリックシル,https://www.amazon.co.jp/dp/B07X1NX5NJ,https://www.google.com/search?q=NEC%20%E4%BC%9A%E7%A4%BE%E6%A6%82%E8%A6%81%20%E5%95%8F%E3%81%84%E5%90%88%E3%82%8F%E3%81%9B%20%E5%8D%B8,
Omron,2,パソコン・周辺機器,除外（規模：大企業確定）,誰でも知る大企業・上場グループ・グローバル本社,A: 国内の第三者が2社以上で扱っている,大企業確定,JAN45/49,なし,東証上場の安心SHOP 見てね価格AZ店（インボイス登録番号：T7210001004022） / RADICAL (インボイス対応/適格事業者) / 商材館:アマゾン店※【適格請求書発行事業者】,5,5,8738,B079J8RD4D,オムロン 無停電電源装置(常時商用給電/正弦波出力) 400VA/250W BW40T,https://www.amazon.co.jp/dp/B079J8RD4D,https://www.google.com/search?q=Omron%20%E4%BC%9A%E7%A4%BE%E6%A6%82%E8%A6%81%20%E5%95%8F%E3%81%84%E5%90%88%E3%82%8F%E3%81%9B%20%E5%8D%B8,
SHOKZ,2,家電＆カメラ,除外（規模：大企業確定）,誰でも知る大企業・上場グループ・グローバル本社,A: 国内の第三者が2社以上で扱っている,大企業確定,JAN45/49,なし,ストライク【適格請求書発行事業者】,1,2,13404,B0DW3RWMNM,Shokz OpenDots ONE イヤーカフ型オープンイヤーイヤホン ワイヤレス bluetooth 左右の区別なし,https://www.amazon.co.jp/dp/B0DW3RWMNM,https://www.google.com/search?q=SHOKZ%20%E4%BC%9A%E7%A4%BE%E6%A6%82%E8%A6%81%20%E5%95%8F%E3%81%84%E5%90%88%E3%82%8F%E3%81%9B%20%E5%8D%B8,
SP Silicon Power,2,パソコン・周辺機器,除外（規模：大企業確定）,誰でも知る大企業・上場グループ・グローバル本社,A: 国内の第三者が2社以上で扱っている,大企業確定,manufacturer日本語,なし,SP ONLINE . jp【インボイス対応/ 適格請求書発行事業者】 / クイックマルシェ【公式】,2,3,4898,B07M5CRHSC,シリコンパワー SSD M.2 2280 3D TLC NAND採用 512GB SATA III 6Gbps 3年保証,https://www.amazon.co.jp/dp/B07M5CRHSC,https://www.google.com/search?q=SP%20Silicon%20Power%20%E4%BC%9A%E7%A4%BE%E6%A6%82%E8%A6%81%20%E5%95%8F%E3%81%84%E5%90%88%E3%82%8F%E3%81%9B%20%E5%8D%B8,
asics(アシックス),2,ファッション,除外（規模：大企業確定）,誰でも知る大企業・上場グループ・グローバル本社,A: 国内の第三者が2社以上で扱っている,大企業確定,JAN45/49／メーカー名日本語,なし,【迅速発送！】ポレポレ本舗 / ファーストレグ / Tactオンラインショップ,4,6,9914,B0G6CL9K8B,[アシックス] ワーキング 安全靴 作業靴 ウィンジョブ CP209 BOA JSAA A種先芯 耐滑ソール fuzeG,https://www.amazon.co.jp/dp/B0G6CL9K8B,https://www.google.com/search?q=asics%28%E3%82%A2%E3%82%B7%E3%83%83%E3%82%AF%E3%82%B9%29%20%E4%BC%9A%E7%A4%BE%E6%A6%82%E8%A6%81%20%E5%95%8F%E3%81%84%E5%90%88%E3%82%8F%E3%81%9B%20%E5%8D%B8,
エプソン,2,パソコン・周辺機器,除外（規模：大企業確定）,誰でも知る大企業・上場グループ・グローバル本社,A: 国内の第三者が2社以上で扱っている,大企業確定,JAN45/49／manufacturer日本語／メーカー名日本語,なし,ハヤブサ本舗1号店【すり替え防止対策店】,1,4,5654,B00S9AOCHK,エプソン スキャナー GT-S650 (フラットベッド/A4/4800dpi),https://www.amazon.co.jp/dp/B00S9AOCHK,https://www.google.com/search?q=%E3%82%A8%E3%83%97%E3%82%BD%E3%83%B3%20%E4%BC%9A%E7%A4%BE%E6%A6%82%E8%A6%81%20%E5%95%8F%E3%81%84%E5%90%88%E3%82%8F%E3%81%9B%20%E5%8D%B8,
カワサキ(Kawasaki),2,車＆バイク,除外（規模：大企業確定）,誰でも知る大企業・上場グループ・グローバル本社,A: 国内の第三者が2社以上で扱っている,大企業確定,JAN45/49／manufacturer日本語／メーカー名日本語,なし,モトキチ / スリーショップオンラインストア,2,2,1847,B007R7FACC,カワサキ 純正(KAWASAKI) エンジンオイル R4 SJ10W-40 4L缶,https://www.amazon.co.jp/dp/B007R7FACC,https://www.google.com/search?q=%E3%82%AB%E3%83%AF%E3%82%B5%E3%82%AD%28Kawasaki%29%20%E4%BC%9A%E7%A4%BE%E6%A6%82%E8%A6%81%20%E5%95%8F%E3%81%84%E5%90%88%E3%82%8F%E3%81%9B%20%E5%8D%B8,
キヤノン,2,パソコン・周辺機器,除外（規模：大企業確定）,誰でも知る大企業・上場グループ・グローバル本社,A: 国内の第三者が2社以上で扱っている,大企業確定,JAN45/49／manufacturer日本語／メーカー名日本語,なし,ワイズ北海道 eストア【適格請求書発行事業者登録済】 / officeネット,2,4,4809,B00BLC1P7I,キヤノン 純正インク インクタンク BCI-351XL+350XL/6MP（大容量・6色セット）,https://www.amazon.co.jp/dp/B00BLC1P7I,https://www.google.com/search?q=%E3%82%AD%E3%83%A4%E3%83%8E%E3%83%B3%20%E4%BC%9A%E7%A4%BE%E6%A6%82%E8%A6%81%20%E5%95%8F%E3%81%84%E5%90%88%E3%82%8F%E3%81%9B%20%E5%8D%B8,
シャープ(SHARP),2,パソコン・周辺機器,除外（規模：大企業確定）,誰でも知る大企業・上場グループ・グローバル本社,A: 国内の第三者が2社以上で扱っている,大企業確定,JAN45/49／メーカー名日本語,なし,ランクアップ合同会社 / アウトレット掘出物 / なりたでんき,4,6,2624,B076Z7JRF9,SHARP HDD/BDレコーダー用 冷却ファン 004 277 0032,https://www.amazon.co.jp/dp/B076Z7JRF9,https://www.google.com/search?q=%E3%82%B7%E3%83%A3%E3%83%BC%E3%83%97%28SHARP%29%20%E4%BC%9A%E7%A4%BE%E6%A6%82%E8%A6%81%20%E5%95%8F%E3%81%84%E5%90%88%E3%82%8F%E3%81%9B%20%E5%8D%B8,
ドウシシャ(DOSHISHA),2,ホーム＆キッチン,除外（規模：大企業確定）,誰でも知る大企業・上場グループ・グローバル本社,A: 国内の第三者が2社以上で扱っている,大企業確定,JAN45/49／manufacturer日本語／メーカー名日本語,なし,びたみん / 【インボイス対応店舗】すまいる(^O^)／ショップ / 埼玉良品堂,5,6,1080,B085LH8CZG,ドウシシャ かき氷器 手動 HAPIKOARI(ハピコオリ) バラ氷対応 製氷カップ付き ブルー,https://www.amazon.co.jp/dp/B085LH8CZG,https://www.google.com/search?q=%E3%83%89%E3%82%A6%E3%82%B7%E3%82%B7%E3%83%A3%28DOSHISHA%29%20%E4%BC%9A%E7%A4%BE%E6%A6%82%E8%A6%81%20%E5%95%8F%E3%81%84%E5%90%88%E3%82%8F%E3%81%9B%20%E5%8D%B8,
ビクター(VICTOR),2,パソコン・周辺機器,除外（規模：大企業確定）,誰でも知る大企業・上場グループ・グローバル本社,A: 国内の第三者が2社以上で扱っている,大企業確定,JAN45/49／メーカー名日本語,なし,カナザワ商店 / 安心堂オンラインストア / アシストオフィスひだまり,4,6,805,B0872P6NL9,Victor(ビクター) 1回録画用 ブルーレイディスク BD-R DL 50GB 6枚(5枚+1枚) ホワイトプリンタ,https://www.amazon.co.jp/dp/B0872P6NL9,https://www.google.com/search?q=%E3%83%93%E3%82%AF%E3%82%BF%E3%83%BC%28VICTOR%29%20%E4%BC%9A%E7%A4%BE%E6%A6%82%E8%A6%81%20%E5%95%8F%E3%81%84%E5%90%88%E3%82%8F%E3%81%9B%20%E5%8D%B8,
ブリヂストン(BRIDGESTONE),2,スポーツ＆アウトドア,除外（規模：大企業確定）,誰でも知る大企業・上場グループ・グローバル本社,A: 国内の第三者が2社以上で扱っている,大企業確定,JAN45/49／メーカー名日本語,なし,☆大処分セール!!☆ 実施中　S - g o o d / anything store 1号店 / みの76マーケット【インボイス対応 適格請求書発行事業者】,4,5,1234,B0BTKSGWFT,BRIDGESTONE(ブリヂストン)ゴルフボール SUPER STRAIGHT 2023年モデル 12球入 イエロー,https://www.amazon.co.jp/dp/B0BTKSGWFT,https://www.google.com/search?q=%E3%83%96%E3%83%AA%E3%83%82%E3%82%B9%E3%83%88%E3%83%B3%28BRIDGESTONE%29%20%E4%BC%9A%E7%A4%BE%E6%A6%82%E8%A6%81%20%E5%95%8F%E3%81%84%E5%90%88%E3%82%8F%E3%81%9B%20%E5%8D%B8,
ヤマハ(YAMAHA),2,家電＆カメラ,除外（規模：大企業確定）,誰でも知る大企業・上場グループ・グローバル本社,A: 国内の第三者が2社以上で扱っている,大企業確定,JAN45/49／メーカー名日本語,なし,株式会社ピアノプラザ / 株式会社コジマ / 三木楽器株式会社,6,6,2316,B013WW90EO,ヤマハ YAMAHA ヘッドホン ホワイト HPH-50WH,https://www.amazon.co.jp/dp/B013WW90EO,https://www.google.com/search?q=%E3%83%A4%E3%83%9E%E3%83%8F%28YAMAHA%29%20%E4%BC%9A%E7%A4%BE%E6%A6%82%E8%A6%81%20%E5%95%8F%E3%81%84%E5%90%88%E3%82%8F%E3%81%9B%20%E5%8D%B8,
ラウンドアップ,2,産業・研究開発用品,除外（規模：大企業確定）,誰でも知る大企業・上場グループ・グローバル本社,A: 国内の第三者が2社以上で扱っている,大企業確定,JAN45/49／manufacturer日本語／メーカー名日本語,なし,フェムトス（三共精密株式会社）（T4200001037265）８月8日から８月16日盆休み / クリア・プロ（Ｔ1180001100557）８月8日から１６日まで盆休み / リーフプレミア（T4810999916456）８月８日から８月１６日はお盆休みです。,3,5,3568,B072F13VMY,日産化学工業 日産アクアチェック3 100枚入×2本 水質検査試験紙 プール ジャグジー 浴場等管理用,https://www.amazon.co.jp/dp/B072F13VMY,https://www.google.com/search?q=%E3%83%A9%E3%82%A6%E3%83%B3%E3%83%89%E3%82%A2%E3%83%83%E3%83%97%20%E4%BC%9A%E7%A4%BE%E6%A6%82%E8%A6%81%20%E5%95%8F%E3%81%84%E5%90%88%E3%82%8F%E3%81%9B%20%E5%8D%B8,
レゴ(LEGO),2,おもちゃ,除外（規模：大企業確定）,誰でも知る大企業・上場グループ・グローバル本社,A: 国内の第三者が2社以上で扱っている,大企業確定,メーカー名日本語,なし,First step オンラインショップ / 総合ストアせせらぎ本舗【インボイス対応店】 / REDストア,5,7,3528,B0DHSBVRR7,レゴ(LEGO) クリエイター うちゅうロボット 31164 おもちゃ 男の子 女の子,https://www.amazon.co.jp/dp/B0DHSBVRR7,https://www.google.com/search?q=%E3%83%AC%E3%82%B4%28LEGO%29%20%E4%BC%9A%E7%A4%BE%E6%A6%82%E8%A6%81%20%E5%95%8F%E3%81%84%E5%90%88%E3%82%8F%E3%81%9B%20%E5%8D%B8,
富士フイルム(FUJIFILM),2,家電＆カメラ,除外（規模：大企業確定）,誰でも知る大企業・上場グループ・グローバル本社,A: 国内の第三者が2社以上で扱っている,大企業確定,manufacturer日本語／メーカー名日本語,なし,ONEBEST1+【インボイス発行事業者】 / 【13時までは当日発送！】株式会社エクスプレスマーケット,2,4,3722,B07D2535HP,富士フイルム(FUJIFILM) (3個セット) 写ルンです シンプルエース 27枚撮り LF S-ACE SP FL ,https://www.amazon.co.jp/dp/B07D2535HP,https://www.google.com/search?q=%E5%AF%8C%E5%A3%AB%E3%83%95%E3%82%A4%E3%83%AB%E3%83%A0%28FUJIFILM%29%20%E4%BC%9A%E7%A4%BE%E6%A6%82%E8%A6%81%20%E5%95%8F%E3%81%84%E5%90%88%E3%82%8F%E3%81%9B%20%E5%8D%B8,
Braun,1,ホーム＆キッチン,除外（規模：大企業確定）,誰でも知る大企業・上場グループ・グローバル本社,A: 国内の第三者が2社以上で扱っている,大企業確定,JAN45/49,なし,株式会社コジマ / スマイルフォース / ECカレント,6,6,5221,B0F2H36SZB,ブラウン シリーズ９ ヒゲトリマー バリカン BT9560 バリカン使用可 コーム４種 アタッチメント3種 ヒゲ形テンプ,https://www.amazon.co.jp/dp/B0F2H36SZB,https://www.google.com/search?q=Braun%20%E4%BC%9A%E7%A4%BE%E6%A6%82%E8%A6%81%20%E5%95%8F%E3%81%84%E5%90%88%E3%82%8F%E3%81%9B%20%E5%8D%B8,
DXアンテナ,1,家電＆カメラ,除外（規模：大企業確定）,誰でも知る大企業・上場グループ・グローバル本社,A: 国内の第三者が2社以上で扱っている,大企業確定,JAN45/49／manufacturer日本語／メーカー名日本語／日本法人格,なし,OKネットサービス / [インボイス対応]マーケティングプロダクツ / 【公式】BeaLife,5,6,6303,B0GBTXNGSZ,DXアンテナ ブースター用電源装置(DC15V) PSH30S (PSH25S 後継品),https://www.amazon.co.jp/dp/B0GBTXNGSZ,https://www.google.com/search?q=DX%E3%82%A2%E3%83%B3%E3%83%86%E3%83%8A%20%E4%BC%9A%E7%A4%BE%E6%A6%82%E8%A6%81%20%E5%95%8F%E3%81%84%E5%90%88%E3%82%8F%E3%81%9B%20%E5%8D%B8,
Ergobaby(エルゴベビー),1,ベビー＆マタニティ,除外（規模：大企業確定）,誰でも知る大企業・上場グループ・グローバル本社,A: 国内の第三者が2社以上で扱っている,大企業確定,メーカー名日本語,なし,Guzet Market(インボイス登録事業者) / 吉備屋本店 / NASUKOショップ(すり替え防止対策店）,4,4,5441,B0BDZFNV8T,Ergobaby エルゴベビー EBC AWAY グラファイトグレー CREGBCAWYGRAPH,https://www.amazon.co.jp/dp/B0BDZFNV8T,https://www.google.com/search?q=Ergobaby%28%E3%82%A8%E3%83%AB%E3%82%B4%E3%83%99%E3%83%93%E3%83%BC%29%20%E4%BC%9A%E7%A4%BE%E6%A6%82%E8%A6%81%20%E5%95%8F%E3%81%84%E5%90%88%E3%82%8F%E3%81%9B%20%E5%8D%B8,
KORG(コルグ),1,楽器・音響機器,除外（規模：大企業確定）,誰でも知る大企業・上場グループ・グローバル本社,A: 国内の第三者が2社以上で扱っている,大企業確定,メーカー名日本語,なし,バリュープロダクト(インボイス制度適格請求書発行できます) / 養足商店,2,3,5492,B07XH591BH,KORG(コルグ) Nu:Tekt NTS-1 digital kit はんだ付けなしで組み立て可能 DIY シンセキッ,https://www.amazon.co.jp/dp/B07XH591BH,https://www.google.com/search?q=KORG%28%E3%82%B3%E3%83%AB%E3%82%B0%29%20%E4%BC%9A%E7%A4%BE%E6%A6%82%E8%A6%81%20%E5%95%8F%E3%81%84%E5%90%88%E3%82%8F%E3%81%9B%20%E5%8D%B8,
KÄRCHER,1,DIY・工具・ガーデン,除外（規模：大企業確定）,誰でも知る大企業・上場グループ・グローバル本社,A: 国内の第三者が2社以上で扱っている,大企業確定,manufacturer日本語／日本法人格,なし,ECカレント / 株式会社コジマ / 特価COM,6,6,1100,B01MT53F7N,【純正品】ケルヒャー(Karcher)スプラッシュガード 2.642-706.0,https://www.amazon.co.jp/dp/B01MT53F7N,https://www.google.com/search?q=K%C3%84RCHER%20%E4%BC%9A%E7%A4%BE%E6%A6%82%E8%A6%81%20%E5%95%8F%E3%81%84%E5%90%88%E3%82%8F%E3%81%9B%20%E5%8D%B8,
LEICA(ライカ),1,スポーツ＆アウトドア,除外（規模：大企業確定）,誰でも知る大企業・上場グループ・グローバル本社,A: 国内の第三者が2社以上で扱っている,大企業確定,JAN45/49／メーカー名日本語,なし,シューケアショップ 来福商店 / フォーリーフベース,2,3,1599,B09ST9NB65,FORTUNE FIELD グラブケアセット,https://www.amazon.co.jp/dp/B09ST9NB65,https://www.google.com/search?q=LEICA%28%E3%83%A9%E3%82%A4%E3%82%AB%29%20%E4%BC%9A%E7%A4%BE%E6%A6%82%E8%A6%81%20%E5%95%8F%E3%81%84%E5%90%88%E3%82%8F%E3%81%9B%20%E5%8D%B8,
MAHLE,1,車＆バイク,除外（規模：大企業確定）,誰でも知る大企業・上場グループ・グローバル本社,A: 国内の第三者が2社以上で扱っている,大企業確定,JAN45/49,なし,フィルター＆エンジンオイル ジェイピット,1,2,541,B07VVBDN9N,マーレ エアコンフィルター 脱臭 花粉 ワーゲン アウディ ゴルフ 7 e-ゴルフ パサート ティグアン トゥーラン ア,https://www.amazon.co.jp/dp/B07VVBDN9N,https://www.google.com/search?q=MAHLE%20%E4%BC%9A%E7%A4%BE%E6%A6%82%E8%A6%81%20%E5%95%8F%E3%81%84%E5%90%88%E3%82%8F%E3%81%9B%20%E5%8D%B8,
MITSUBA(ミツバサンコーワ),1,車＆バイク,除外（規模：大企業確定）,誰でも知る大企業・上場グループ・グローバル本社,A: 国内の第三者が2社以上で扱っている,大企業確定,JAN45/49／manufacturer日本語／メーカー名日本語,なし,TOA MART【すり替え・返品詐欺対策店】 / みどりベストストア / カー用品のＣＣＳＭ(中古カット段ボールやエアーパッキン等による簡易梱包発送),5,5,1686,B003BMBM7O,MITSUBA(ミツバサンコーワ) アルファー II コンパクト ホーン クラクション 車 バイク 中音域 小型軽量 保,https://www.amazon.co.jp/dp/B003BMBM7O,https://www.google.com/search?q=MITSUBA%28%E3%83%9F%E3%83%84%E3%83%90%E3%82%B5%E3%83%B3%E3%82%B3%E3%83%BC%E3%83%AF%29%20%E4%BC%9A%E7%A4%BE%E6%A6%82%E8%A6%81%20%E5%95%8F%E3%81%84%E5%90%88%E3%82%8F%E3%81%9B%20%E5%8D%B8,
Mont-bell(モンベル),1,ファッション,除外（規模：大企業確定）,誰でも知る大企業・上場グループ・グローバル本社,A: 国内の第三者が2社以上で扱っている,大企業確定,メーカー名日本語,なし,[インボイス対応]☆★わんぱく堂★☆[返金保証あり] / 【土日祝も休まず出荷（一部商品を除く）】リヴェラール【日本流通自主管理協会(AACD)加盟店】 / まるちわーく,4,4,3395,B0DP4KFW9G,[モンベル] バッグ メンズ レディース ショルダーバッグ A4対応 ナイロン ポケッタブル ライトショルダー M 11,https://www.amazon.co.jp/dp/B0DP4KFW9G,https://www.google.com/search?q=Mont-bell%28%E3%83%A2%E3%83%B3%E3%83%99%E3%83%AB%29%20%E4%BC%9A%E7%A4%BE%E6%A6%82%E8%A6%81%20%E5%95%8F%E3%81%84%E5%90%88%E3%82%8F%E3%81%9B%20%E5%8D%B8,
NANOXone(ナノックスワン),1,産業・研究開発用品,除外（規模：大企業確定）,誰でも知る大企業・上場グループ・グローバル本社,A: 国内の第三者が2社以上で扱っている,大企業確定,JAN45/49／manufacturer日本語／メーカー名日本語,なし,リビングプラザたく屋 / お店応援資材やさん / 業務ショップ のん太郎[3980円以上送料無料(沖縄・離島・一部商品を除く)],5,5,1104,B0FMRL8V5Z,NANOX ｏｎｅ 【業務用 大容量】 洗浄プラス 4㎏ 洗濯洗剤 詰め替え,https://www.amazon.co.jp/dp/B0FMRL8V5Z,https://www.google.com/search?q=NANOXone%28%E3%83%8A%E3%83%8E%E3%83%83%E3%82%AF%E3%82%B9%E3%83%AF%E3%83%B3%29%20%E4%BC%9A%E7%A4%BE%E6%A6%82%E8%A6%81%20%E5%95%8F%E3%81%84%E5%90%88%E3%82%8F%E3%81%9B%20%E5%8D%B8,
NETGEAR,1,パソコン・周辺機器,除外（規模：大企業確定）,誰でも知る大企業・上場グループ・グローバル本社,A: 国内の第三者が2社以上で扱っている,大企業確定,manufacturer日本語,なし,NTTドコモ ひかりTVショッピング【適格請求書発行事業者登録済】 / RADICAL (インボイス対応/適格事業者) / PLUS YU（プラスユウ）,4,4,3482,B0F1Y625QH,【正規品】 ネットギア NETGEAR スイッチングハブ 8ポート ギガ 金属筐体 VLAN QoS 静音ファンレス メ,https://www.amazon.co.jp/dp/B0F1Y625QH,https://www.google.com/search?q=NETGEAR%20%E4%BC%9A%E7%A4%BE%E6%A6%82%E8%A6%81%20%E5%95%8F%E3%81%84%E5%90%88%E3%82%8F%E3%81%9B%20%E5%8D%B8,
NICHIBAN ニチバン,1,産業・研究開発用品,除外（規模：大企業確定）,誰でも知る大企業・上場グループ・グローバル本社,A: 国内の第三者が2社以上で扱っている,大企業確定,manufacturer日本語／メーカー名日本語,なし,通販できるみんなのお薬（みんなのお薬） / ファーストエイドストア / ミッピーナ,4,4,1239,B01N44BYOF,ニチバン　アトファイン　Ｌ　2個セット　【帝王切開の傷あとケアなどに】,https://www.amazon.co.jp/dp/B01N44BYOF,https://www.google.com/search?q=NICHIBAN%20%E3%83%8B%E3%83%81%E3%83%90%E3%83%B3%20%E4%BC%9A%E7%A4%BE%E6%A6%82%E8%A6%81%20%E5%95%8F%E3%81%84%E5%90%88%E3%82%8F%E3%81%9B%20%E5%8D%B8,
OM SYSTEM/オリンパス,1,楽器・音響機器,除外（規模：大企業確定）,誰でも知る大企業・上場グループ・グローバル本社,A: 国内の第三者が2社以上で扱っている,大企業確定,JAN45/49／manufacturer日本語／メーカー名日本語,なし,【売り切りセール中】きたさんショップ / みなせん本舗 / PLUS YU（プラスユウ）,4,5,4689,B0C5LSBWNK,OM SYSTEM WS-883 BLK 語学学習/講義録音/会議録音/議事録/リニアPCM録音/外部メモリ対応,https://www.amazon.co.jp/dp/B0C5LSBWNK,https://www.google.com/search?q=OM%20SYSTEM/%E3%82%AA%E3%83%AA%E3%83%B3%E3%83%91%E3%82%B9%20%E4%BC%9A%E7%A4%BE%E6%A6%82%E8%A6%81%20%E5%95%8F%E3%81%84%E5%90%88%E3%82%8F%E3%81%9B%20%E5%8D%B8,
Seiko,1,ホーム＆キッチン,除外（規模：大企業確定）,誰でも知る大企業・上場グループ・グローバル本社,A: 国内の第三者が2社以上で扱っている,大企業確定,JAN45/49,なし,そらまめオンラインショップ,1,2,1129,B0CCT7WXC1,セイコークロック(Seiko Clock) 目覚まし時計 置き時計 電波 デジタル カレンダー 温度 湿度 白パール 8,https://www.amazon.co.jp/dp/B0CCT7WXC1,https://www.google.com/search?q=Seiko%20%E4%BC%9A%E7%A4%BE%E6%A6%82%E8%A6%81%20%E5%95%8F%E3%81%84%E5%90%88%E3%82%8F%E3%81%9B%20%E5%8D%B8,
Smith & Nephew,1,産業・研究開発用品,除外（規模：大企業確定）,誰でも知る大企業・上場グループ・グローバル本社,A: 国内の第三者が2社以上で扱っている,大企業確定,manufacturer日本語,なし,ユニバースマーケット / アビーフロント / 星の森商店【インボイス対応/適格請求書発行事業者】,5,5,928,B0BYN28GBH,スミス・アンド・ネフュー ウンド マネジメント メロリン 10×10cm 10枚入 66974933 3個セット,https://www.amazon.co.jp/dp/B0BYN28GBH,https://www.google.com/search?q=Smith%20%26%20Nephew%20%E4%BC%9A%E7%A4%BE%E6%A6%82%E8%A6%81%20%E5%95%8F%E3%81%84%E5%90%88%E3%82%8F%E3%81%9B%20%E5%8D%B8,
StarTech.com(スターテック),1,パソコン・周辺機器,除外（規模：大企業確定）,誰でも知る大企業・上場グループ・グローバル本社,A: 国内の第三者が2社以上で扱っている,大企業確定,メーカー名日本語,なし,オフィス・モア (in 神戸) / シネックス ストア,2,4,3428,B0FPNVQ4Z3,StarTech USB-A／USB-C HDMI 変換アダプター 4K+1080p M1〜M5 Mac・Win 107,https://www.amazon.co.jp/dp/B0FPNVQ4Z3,https://www.google.com/search?q=StarTech.com%28%E3%82%B9%E3%82%BF%E3%83%BC%E3%83%86%E3%83%83%E3%82%AF%29%20%E4%BC%9A%E7%A4%BE%E6%A6%82%E8%A6%81%20%E5%95%8F%E3%81%84%E5%90%88%E3%82%8F%E3%81%9B%20%E5%8D%B8,
Suntory,1,ホーム＆キッチン,除外（規模：大企業確定）,誰でも知る大企業・上場グループ・グローバル本社,A: 国内の第三者が2社以上で扱っている,大企業確定,JAN45/49,なし,ハードリカー本店 / Constantinople【商業登録出願済2019-19392】 / Hirooku酒店★迅速配送・ギフト包装承ります★,5,5,163,B01BV0KPFC,サントリー 角ハイボールメガジョッキ 700ml,https://www.amazon.co.jp/dp/B01BV0KPFC,https://www.google.com/search?q=Suntory%20%E4%BC%9A%E7%A4%BE%E6%A6%82%E8%A6%81%20%E5%95%8F%E3%81%84%E5%90%88%E3%82%8F%E3%81%9B%20%E5%8D%B8,
THE NORTH FACE,1,ファッション,除外（規模：大企業確定）,誰でも知る大企業・上場グループ・グローバル本社,A: 国内の第三者が2社以上で扱っている,大企業確定,JAN45/49,なし,株式会社 アルペン / スポーツ マリオ / メガスポーツ,3,4,3264,B0FBRRLDTY,[ザ・ノース・フェイス] ショルダーバッグ Leap Shoulder NM72601 ブラック ONE SIZE,https://www.amazon.co.jp/dp/B0FBRRLDTY,https://www.google.com/search?q=THE%20NORTH%20FACE%20%E4%BC%9A%E7%A4%BE%E6%A6%82%E8%A6%81%20%E5%95%8F%E3%81%84%E5%90%88%E3%82%8F%E3%81%9B%20%E5%8D%B8,
THRIVE(スライヴ),1,ホーム＆キッチン,除外（規模：大企業確定）,誰でも知る大企業・上場グループ・グローバル本社,A: 国内の第三者が2社以上で扱っている,大企業確定,JAN45/49／manufacturer日本語／メーカー名日本語／日本法人格,なし,THRIVE STORE（スライヴ ストア）,1,2,439,B000WMJ8MM,スライヴ ハンディマッサージャー 「心地よい振動でコリをほぐす」 MD-01 ホワイト 管理医療機器,https://www.amazon.co.jp/dp/B000WMJ8MM,https://www.google.com/search?q=THRIVE%28%E3%82%B9%E3%83%A9%E3%82%A4%E3%83%B4%29%20%E4%BC%9A%E7%A4%BE%E6%A6%82%E8%A6%81%20%E5%95%8F%E3%81%84%E5%90%88%E3%82%8F%E3%81%9B%20%E5%8D%B8,
TIGORA(ティゴラ),1,スポーツ＆アウトドア,除外（規模：大企業確定）,誰でも知る大企業・上場グループ・グローバル本社,A: 国内の第三者が2社以上で扱っている,大企業確定,メーカー名日本語,なし,イロドリ本舗【適格請求書発行事業者】 / 【賞味期限をコンディション欄にてご確認ください】ayuma-shop,2,4,332,B0B87S3TV6,TIGORA(ティゴラ) ソフトテニス 練習用ゴム付きボール ソフトテニストレーナー,https://www.amazon.co.jp/dp/B0B87S3TV6,https://www.google.com/search?q=TIGORA%28%E3%83%86%E3%82%A3%E3%82%B4%E3%83%A9%29%20%E4%BC%9A%E7%A4%BE%E6%A6%82%E8%A6%81%20%E5%95%8F%E3%81%84%E5%90%88%E3%82%8F%E3%81%9B%20%E5%8D%B8,
TOYOTA(トヨタ),1,車＆バイク,除外（規模：大企業確定）,誰でも知る大企業・上場グループ・グローバル本社,A: 国内の第三者が2社以上で扱っている,大企業確定,JAN45/49／メーカー名日本語,なし,CARPARTS Web Store (適格請求書発行事業者登録番号:T1180301013558) / OKネットサービス,2,2,1741,B0CHRGRVS4,TOYOTA(トヨタ) 純正モーターオイル GLV-1 0W-8 4L 08880-14505,https://www.amazon.co.jp/dp/B0CHRGRVS4,https://www.google.com/search?q=TOYOTA%28%E3%83%88%E3%83%A8%E3%82%BF%29%20%E4%BC%9A%E7%A4%BE%E6%A6%82%E8%A6%81%20%E5%95%8F%E3%81%84%E5%90%88%E3%82%8F%E3%81%9B%20%E5%8D%B8,
Wacom(ワコム),1,パソコン・周辺機器,除外（規模：大企業確定）,誰でも知る大企業・上場グループ・グローバル本社,A: 国内の第三者が2社以上で扱っている,大企業確定,JAN45/49／メーカー名日本語,なし,RANS【公式】ONLINE【適格請求書発行事業者(インボイス)登録済】 / Viat和歌山,2,2,4122,B07583VVY5,ワコム ペンタブ One by Wacom Medium Chromebook 対応 ペン入力専用モデル Mサイズ 板タ,https://www.amazon.co.jp/dp/B07583VVY5,https://www.google.com/search?q=Wacom%28%E3%83%AF%E3%82%B3%E3%83%A0%29%20%E4%BC%9A%E7%A4%BE%E6%A6%82%E8%A6%81%20%E5%95%8F%E3%81%84%E5%90%88%E3%82%8F%E3%81%9B%20%E5%8D%B8,
Yamazaki(山崎実業),1,ホーム＆キッチン,除外（規模：大企業確定）,誰でも知る大企業・上場グループ・グローバル本社,A: 国内の第三者が2社以上で扱っている,大企業確定,JAN45/49／メーカー名日本語,なし,select+shop AQUA セレクトショップアクア◆正午までのご注文で当日出荷（日曜除く） / 住設プロ,2,2,528,B0F9KYPL1H,山崎実業(Yamazaki) 【穴が目立ちにくい石こうボードピンセット・木ネジ 付属】 ウォール 角度調節 ドライヤーホ,https://www.amazon.co.jp/dp/B0F9KYPL1H,https://www.google.com/search?q=Yamazaki%28%E5%B1%B1%E5%B4%8E%E5%AE%9F%E6%A5%AD%29%20%E4%BC%9A%E7%A4%BE%E6%A6%82%E8%A6%81%20%E5%95%8F%E3%81%84%E5%90%88%E3%82%8F%E3%81%9B%20%E5%8D%B8,
Zebra Technologies,1,ホビー,除外（規模：大企業確定）,誰でも知る大企業・上場グループ・グローバル本社,A: 国内の第三者が2社以上で扱っている,大企業確定,JAN45/49,なし,ハイウェアハウス(適格請求書発行事業者) / みんなの安心ストア[短い賞味期限はコンディション欄に記載],2,5,1952,B00LUD4DAY,ゼブラ 漫画用ペン先 チタンGペンプロ 10本 PG-7B-C-K,https://www.amazon.co.jp/dp/B00LUD4DAY,https://www.google.com/search?q=Zebra%20Technologies%20%E4%BC%9A%E7%A4%BE%E6%A6%82%E8%A6%81%20%E5%95%8F%E3%81%84%E5%90%88%E3%82%8F%E3%81%9B%20%E5%8D%B8,
アース渦巻香,1,スポーツ＆アウトドア,除外（規模：大企業確定）,誰でも知る大企業・上場グループ・グローバル本社,A: 国内の第三者が2社以上で扱っている,大企業確定,JAN45/49／manufacturer日本語／メーカー名日本語,なし,IPC-eネット_インボイス対応 / ショップ88【インボイス登録事業者】,2,4,1856,B08WQ84CJN,アース 渦巻香 アロマセレクション 蚊取り線香 蚊 駆除 約12時間効果が持続 ジャンボ 60巻 函入,https://www.amazon.co.jp/dp/B08WQ84CJN,https://www.google.com/search?q=%E3%82%A2%E3%83%BC%E3%82%B9%E6%B8%A6%E5%B7%BB%E9%A6%99%20%E4%BC%9A%E7%A4%BE%E6%A6%82%E8%A6%81%20%E5%95%8F%E3%81%84%E5%90%88%E3%82%8F%E3%81%9B%20%E5%8D%B8,
ウエスタンデジタル(Western Digital),1,パソコン・周辺機器,除外（規模：大企業確定）,誰でも知る大企業・上場グループ・グローバル本社,A: 国内の第三者が2社以上で扱っている,大企業確定,JAN45/49／メーカー名日本語,なし,ターゲットジャパン / オンラインショップ　エクセラー,2,4,5137,B008MGX6U0,WESTERN DIGITAL 3.5インチ内蔵HDD 1TB SATA6.0Gb/s 7200rpm 64MB WD1,https://www.amazon.co.jp/dp/B008MGX6U0,https://www.google.com/search?q=%E3%82%A6%E3%82%A8%E3%82%B9%E3%82%BF%E3%83%B3%E3%83%87%E3%82%B8%E3%82%BF%E3%83%AB%28Western%20Digital%29%20%E4%BC%9A%E7%A4%BE%E6%A6%82%E8%A6%81%20%E5%95%8F%E3%81%84%E5%90%88%E3%82%8F%E3%81%9B%20%E5%8D%B8,
エリエール,1,産業・研究開発用品,除外（規模：大企業確定）,誰でも知る大企業・上場グループ・グローバル本社,A: 国内の第三者が2社以上で扱っている,大企業確定,JAN45/49／メーカー名日本語,なし,■マケプレお急ぎ便■メディール【段ボール再利用発送あり】 / shop starblue(株)ツィーディア / KAMIYASAN ～2024年創業100周年～,4,5,572,B096XD57TG,エリエール ハイパーブロックマスク ムレ爽快 小さめサイズ 30枚x4個,https://www.amazon.co.jp/dp/B096XD57TG,https://www.google.com/search?q=%E3%82%A8%E3%83%AA%E3%82%A8%E3%83%BC%E3%83%AB%20%E4%BC%9A%E7%A4%BE%E6%A6%82%E8%A6%81%20%E5%95%8F%E3%81%84%E5%90%88%E3%82%8F%E3%81%9B%20%E5%8D%B8,
クイックル,1,ホーム＆キッチン,除外（規模：大企業確定）,誰でも知る大企業・上場グループ・グローバル本社,A: 国内の第三者が2社以上で扱っている,大企業確定,JAN45/49／manufacturer日本語／メーカー名日本語,なし,BOD-WEB 18年目です！【インボイス登録事業者】 / ライフマート24 / セキシンドラッグ公式通販,3,3,311,B07GQPQTJG,クイックルハンディ替え 大容量パック 12枚,https://www.amazon.co.jp/dp/B07GQPQTJG,https://www.google.com/search?q=%E3%82%AF%E3%82%A4%E3%83%83%E3%82%AF%E3%83%AB%20%E4%BC%9A%E7%A4%BE%E6%A6%82%E8%A6%81%20%E5%95%8F%E3%81%84%E5%90%88%E3%82%8F%E3%81%9B%20%E5%8D%B8,
グッドスマイルカンパニー(GOOD SMILE COMPANY),1,おもちゃ,除外（規模：大企業確定）,誰でも知る大企業・上場グループ・グローバル本社,A: 国内の第三者が2社以上で扱っている,大企業確定,JAN45/49／manufacturer日本語／メーカー名日本語,なし,ホビーネットバンザイ(安心のヤマト運輸発送) / TOYSHOP SIDE-3（トイショップサイドスリー）火・日定休,2,3,3704,B0GLP9K44Q,グッドスマイルカンパニー[GOOD SMILE COMPANY] MODEROID 機動警察パトレイバー 98式特型指揮,https://www.amazon.co.jp/dp/B0GLP9K44Q,https://www.google.com/search?q=%E3%82%B0%E3%83%83%E3%83%89%E3%82%B9%E3%83%9E%E3%82%A4%E3%83%AB%E3%82%AB%E3%83%B3%E3%83%91%E3%83%8B%E3%83%BC%28GOOD%20SMILE%20COMPANY%29%20%E4%BC%9A%E7%A4%BE%E6%A6%82%E8%A6%81%20%E5%95%8F%E3%81%84%E5%90%88%E3%82%8F%E3%81%9B%20%E5%8D%B8,
ケンウッド(KENWOOD),1,車＆バイク,除外（規模：大企業確定）,誰でも知る大企業・上場グループ・グローバル本社,A: 国内の第三者が2社以上で扱っている,大企業確定,JAN45/49／メーカー名日本語,なし,癒香のしずく（毎週水・日定休日） / car電倶楽部 / A1 ショップ【3300円以上で全国送料無料】※一部送料無料もございます,3,4,6967,B0B1T7KR4S,ケンウッド 1DINレシーバー U342BT MP3 WMA AAC WAV FLAC対応 CD USB iPod Bl,https://www.amazon.co.jp/dp/B0B1T7KR4S,https://www.google.com/search?q=%E3%82%B1%E3%83%B3%E3%82%A6%E3%83%83%E3%83%89%28KENWOOD%29%20%E4%BC%9A%E7%A4%BE%E6%A6%82%E8%A6%81%20%E5%95%8F%E3%81%84%E5%90%88%E3%82%8F%E3%81%9B%20%E5%8D%B8,
コクヨ(KOKUYO),1,家電＆カメラ,除外（規模：大企業確定）,誰でも知る大企業・上場グループ・グローバル本社,A: 国内の第三者が2社以上で扱っている,大企業確定,JAN45/49／メーカー名日本語,なし,コクヨやる気ペン公式ショップ,1,2,6381,B0F672K2MN,コクヨ(KOKUYO) 大人のやる気ペン【 文房具総選挙2025大賞受賞】 (旧モデル ホワイト 大人のやる気ペン),https://www.amazon.co.jp/dp/B0F672K2MN,https://www.google.com/search?q=%E3%82%B3%E3%82%AF%E3%83%A8%28KOKUYO%29%20%E4%BC%9A%E7%A4%BE%E6%A6%82%E8%A6%81%20%E5%95%8F%E3%81%84%E5%90%88%E3%82%8F%E3%81%9B%20%E5%8D%B8,
コンチネンタル(Continental),1,スポーツ＆アウトドア,除外（規模：大企業確定）,誰でも知る大企業・上場グループ・グローバル本社,A: 国内の第三者が2社以上で扱っている,大企業確定,メーカー名日本語,なし,ジテンシャデポ / 【ワールドサイクル】,2,4,3548,B08PNXT8VQ,Continental(コンチネンタル) Ultra Sport 3(ウルトラスポーツ3) Black/Black 70,https://www.amazon.co.jp/dp/B08PNXT8VQ,https://www.google.com/search?q=%E3%82%B3%E3%83%B3%E3%83%81%E3%83%8D%E3%83%B3%E3%82%BF%E3%83%AB%28Continental%29%20%E4%BC%9A%E7%A4%BE%E6%A6%82%E8%A6%81%20%E5%95%8F%E3%81%84%E5%90%88%E3%82%8F%E3%81%9B%20%E5%8D%B8,
コールマン(Coleman),1,スポーツ＆アウトドア,除外（規模：大企業確定）,誰でも知る大企業・上場グループ・グローバル本社,A: 国内の第三者が2社以上で扱っている,大企業確定,JAN45/49／メーカー名日本語,なし,メガスポーツ / will refinedオンラインストア / ネクサススポーツ,3,3,3053,B0DMVCJRCB,コールマン(Coleman)クアッドマルチパネルランタンｐｌｕｓ（レッド） コ LED 防災 停電 充電式 アウトドア ,https://www.amazon.co.jp/dp/B0DMVCJRCB,https://www.google.com/search?q=%E3%82%B3%E3%83%BC%E3%83%AB%E3%83%9E%E3%83%B3%28Coleman%29%20%E4%BC%9A%E7%A4%BE%E6%A6%82%E8%A6%81%20%E5%95%8F%E3%81%84%E5%90%88%E3%82%8F%E3%81%9B%20%E5%8D%B8,
サムスン(SAMSUNG),1,パソコン・周辺機器,除外（規模：大企業確定）,誰でも知る大企業・上場グループ・グローバル本社,A: 国内の第三者が2社以上で扱っている,大企業確定,メーカー名日本語,なし,エルメ / JUNJUNストア,2,5,5249,B0CWPPSDH8,Samsung EVO Plus 256GB microSDXC メモリーカード + SDアダプター、最大160MB/秒,https://www.amazon.co.jp/dp/B0CWPPSDH8,https://www.google.com/search?q=%E3%82%B5%E3%83%A0%E3%82%B9%E3%83%B3%28SAMSUNG%29%20%E4%BC%9A%E7%A4%BE%E6%A6%82%E8%A6%81%20%E5%95%8F%E3%81%84%E5%90%88%E3%82%8F%E3%81%9B%20%E5%8D%B8,
サンリオ(SANRIO),1,おもちゃ,除外（規模：大企業確定）,誰でも知る大企業・上場グループ・グローバル本社,A: 国内の第三者が2社以上で扱っている,大企業確定,JAN45/49／manufacturer日本語／メーカー名日本語,なし,ウェルビーストア / ☆ZHI-SHOP【インボイス対応】,2,2,4270,B0FXMBMBVZ,サンリオ(SANRIO) なかよくおしゃべりぬいぐるみ マイメロディ 対象年齢3才以上 219223,https://www.amazon.co.jp/dp/B0FXMBMBVZ,https://www.google.com/search?q=%E3%82%B5%E3%83%B3%E3%83%AA%E3%82%AA%28SANRIO%29%20%E4%BC%9A%E7%A4%BE%E6%A6%82%E8%A6%81%20%E5%95%8F%E3%81%84%E5%90%88%E3%82%8F%E3%81%9B%20%E5%8D%B8,
サーモス(THERMOS),1,スポーツ＆アウトドア,除外（規模：大企業確定）,誰でも知る大企業・上場グループ・グローバル本社,A: 国内の第三者が2社以上で扱っている,大企業確定,JAN45/49／メーカー名日本語,なし,青風堂 / Minnyストア（インボイス対応）,2,3,211,B08X16VQRH,サーモス ソフトクーラー 5L ミッフィー ネイビー REZ-005B NVY,https://www.amazon.co.jp/dp/B08X16VQRH,https://www.google.com/search?q=%E3%82%B5%E3%83%BC%E3%83%A2%E3%82%B9%28THERMOS%29%20%E4%BC%9A%E7%A4%BE%E6%A6%82%E8%A6%81%20%E5%95%8F%E3%81%84%E5%90%88%E3%82%8F%E3%81%9B%20%E5%8D%B8,
シマノ(SHIMANO),1,スポーツ＆アウトドア,除外（規模：大企業確定）,誰でも知る大企業・上場グループ・グローバル本社,A: 国内の第三者が2社以上で扱っている,大企業確定,JAN45/49／メーカー名日本語,なし,365日発送！ Victoria L-Breath（ヴィクトリア　エルブレス） アウトドア用品 / ミーニャ 簡易梱包、衣類ぬいぐるみ等は圧縮後発送となります / SISｵﾝﾗｲﾝ(日祝休)■簡易包装■,5,5,513,B005034H1K,シマノ(SHIMANO) リペアパーツ ブレーキケーブルセット ステンレス MTB ブラック Y80098021,https://www.amazon.co.jp/dp/B005034H1K,https://www.google.com/search?q=%E3%82%B7%E3%83%9E%E3%83%8E%28SHIMANO%29%20%E4%BC%9A%E7%A4%BE%E6%A6%82%E8%A6%81%20%E5%95%8F%E3%81%84%E5%90%88%E3%82%8F%E3%81%9B%20%E5%8D%B8,
シモジマ(SHIMOJIMA),1,ホーム＆キッチン,除外（規模：大企業確定）,誰でも知る大企業・上場グループ・グローバル本社,A: 国内の第三者が2社以上で扱っている,大企業確定,JAN45/49／メーカー名日本語,なし,パッケージセンター / 梱包屋.ネット / イースト配送,3,4,1231,B0CFRJGVT1,【10個セット】 シモジマ ヘイコー 食品袋 PP 食パン袋 1斤用 L Eタイプ 100枚入り ×10束 006721,https://www.amazon.co.jp/dp/B0CFRJGVT1,https://www.google.com/search?q=%E3%82%B7%E3%83%A2%E3%82%B8%E3%83%9E%28SHIMOJIMA%29%20%E4%BC%9A%E7%A4%BE%E6%A6%82%E8%A6%81%20%E5%95%8F%E3%81%84%E5%90%88%E3%82%8F%E3%81%9B%20%E5%8D%B8,
シュナイダーエレクトリック(APC),1,パソコン・周辺機器,除外（規模：大企業確定）,誰でも知る大企業・上場グループ・グローバル本社,A: 国内の第三者が2社以上で扱っている,大企業確定,JAN45/49／manufacturer日本語／メーカー名日本語,なし,OCNオンラインショップ(旧 NTT-X Store) / ムラウチドットコム【適格請求書発行事業者登録済・年中無休で土日祝も営業中】 / PLUS YU（プラスユウ）,5,5,10192,B06XJ24QWJ,APC 無停電電源装置 UPS 400VA/240W BR400S-JP E ラインインタラクティブ給電 長寿命バッテリ,https://www.amazon.co.jp/dp/B06XJ24QWJ,https://www.google.com/search?q=%E3%82%B7%E3%83%A5%E3%83%8A%E3%82%A4%E3%83%80%E3%83%BC%E3%82%A8%E3%83%AC%E3%82%AF%E3%83%88%E3%83%AA%E3%83%83%E3%82%AF%28APC%29%20%E4%BC%9A%E7%A4%BE%E6%A6%82%E8%A6%81%20%E5%95%8F%E3%81%84%E5%90%88%E3%82%8F%E3%81%9B%20%E5%8D%B8,
シンジェンタジャパン,1,ペット用品,除外（規模：大企業確定）,誰でも知る大企業・上場グループ・グローバル本社,A: 国内の第三者が2社以上で扱っている,大企業確定,manufacturer日本語／メーカー名日本語,なし,虫ナイ by 鵬図商事株式会社 （合計金額5000円以上で送料無料) / 虫退治ドットコムA店(※医薬品は環境機器(株)薬品部本舗) / 暮らしをゆたかに 豊栄薬品,3,4,3691,B00QUS64II,アドビオン アントジェル 30g×4本[アルゼンチンアリ・イエヒメアリ・ヒアリ駆除用],https://www.amazon.co.jp/dp/B00QUS64II,https://www.google.com/search?q=%E3%82%B7%E3%83%B3%E3%82%B8%E3%82%A7%E3%83%B3%E3%82%BF%E3%82%B8%E3%83%A3%E3%83%91%E3%83%B3%20%E4%BC%9A%E7%A4%BE%E6%A6%82%E8%A6%81%20%E5%95%8F%E3%81%84%E5%90%88%E3%82%8F%E3%81%9B%20%E5%8D%B8,
スリーエム(3M),1,車＆バイク,除外（規模：大企業確定）,誰でも知る大企業・上場グループ・グローバル本社,A: 国内の第三者が2社以上で扱っている,大企業確定,メーカー名日本語,なし,KKPLオンライン / FACTORY Y＆M (適格請求書発行事業者) / ドアステップオンライン(適格請求書発行事業者),3,5,310,B08749H19D,3M ヘッドライト修復キット 素早く簡単 15分で黄ばみを取り除きます 39193 1キット,https://www.amazon.co.jp/dp/B08749H19D,https://www.google.com/search?q=%E3%82%B9%E3%83%AA%E3%83%BC%E3%82%A8%E3%83%A0%283M%29%20%E4%BC%9A%E7%A4%BE%E6%A6%82%E8%A6%81%20%E5%95%8F%E3%81%84%E5%90%88%E3%82%8F%E3%81%9B%20%E5%8D%B8,
セメダイン(Cemedine),1,産業・研究開発用品,除外（規模：大企業確定）,誰でも知る大企業・上場グループ・グローバル本社,A: 国内の第三者が2社以上で扱っている,大企業確定,JAN45/49／メーカー名日本語,なし,TKショップ EC事業者部 / FLUMINA【インボイス登録店】 / staygold net shop(賞味期限コンディション欄ご確認ください）,5,5,731,B00476JGX0,セメダイン ゴム系ラテックス形 接着剤 クッションフロアー用 Cl7N 3kg lX-122,https://www.amazon.co.jp/dp/B00476JGX0,https://www.google.com/search?q=%E3%82%BB%E3%83%A1%E3%83%80%E3%82%A4%E3%83%B3%28Cemedine%29%20%E4%BC%9A%E7%A4%BE%E6%A6%82%E8%A6%81%20%E5%95%8F%E3%81%84%E5%90%88%E3%82%8F%E3%81%9B%20%E5%8D%B8,
ゼンハイザー(Sennheiser),1,家電＆カメラ,除外（規模：大企業確定）,誰でも知る大企業・上場グループ・グローバル本社,A: 国内の第三者が2社以上で扱っている,大企業確定,メーカー名日本語,なし,webセレクション / TA-JPストア【安心・国内配送】 / DNCエクスプレス本店,3,5,986,B00UZ63MHC,Sennheiser ゼンハイザー インイヤー イヤホン MX375 ダイナミック型 MX 375 [並行輸入品],https://www.amazon.co.jp/dp/B00UZ63MHC,https://www.google.com/search?q=%E3%82%BC%E3%83%B3%E3%83%8F%E3%82%A4%E3%82%B6%E3%83%BC%28Sennheiser%29%20%E4%BC%9A%E7%A4%BE%E6%A6%82%E8%A6%81%20%E5%95%8F%E3%81%84%E5%90%88%E3%82%8F%E3%81%9B%20%E5%8D%B8,
タイル(Tile),1,家電＆カメラ,除外（規模：大企業確定）,誰でも知る大企業・上場グループ・グローバル本社,A: 国内の第三者が2社以上で扱っている,大企業確定,メーカー名日本語,なし,tileダイレクトストア / 株式会社コジマ,2,2,3556,B0DGLHMLHZ,Life360 Tile スターターパック (Mate+Slim) スマートトラッカー スマートタグ 紛失防止タグ 置き,https://www.amazon.co.jp/dp/B0DGLHMLHZ,https://www.google.com/search?q=%E3%82%BF%E3%82%A4%E3%83%AB%28Tile%29%20%E4%BC%9A%E7%A4%BE%E6%A6%82%E8%A6%81%20%E5%95%8F%E3%81%84%E5%90%88%E3%82%8F%E3%81%9B%20%E5%8D%B8,
タミヤ(TAMIYA),1,ホビー,除外（規模：大企業確定）,誰でも知る大企業・上場グループ・グローバル本社,A: 国内の第三者が2社以上で扱っている,大企業確定,JAN45/49／メーカー名日本語,なし,みなと模型 / 通販ショップの駿河屋 / お買い物支店,3,4,424,B000LFSG0U,タミヤ 1/24 スポーツカーシリーズ No.163 カストロール トヨタ トムス スープラ GT プラモデル 2416,https://www.amazon.co.jp/dp/B000LFSG0U,https://www.google.com/search?q=%E3%82%BF%E3%83%9F%E3%83%A4%28TAMIYA%29%20%E4%BC%9A%E7%A4%BE%E6%A6%82%E8%A6%81%20%E5%95%8F%E3%81%84%E5%90%88%E3%82%8F%E3%81%9B%20%E5%8D%B8,
チャオ (CIAO),1,ペット用品,除外（規模：大企業確定）,誰でも知る大企業・上場グループ・グローバル本社,A: 国内の第三者が2社以上で扱っている,大企業確定,JAN45/49／manufacturer日本語／メーカー名日本語,なし,Zakka良品WORKSHOP / ゼットマート,2,3,1559,B09F8TMSNB,チャオ (CIAO) すごい乳酸菌ちゅ~る まぐろ・かつお・チキンバラエティ 60本,https://www.amazon.co.jp/dp/B09F8TMSNB,https://www.google.com/search?q=%E3%83%81%E3%83%A3%E3%82%AA%20%28CIAO%29%20%E4%BC%9A%E7%A4%BE%E6%A6%82%E8%A6%81%20%E5%95%8F%E3%81%84%E5%90%88%E3%82%8F%E3%81%9B%20%E5%8D%B8,
ナイキ(NIKE),1,スポーツ＆アウトドア,除外（規模：大企業確定）,誰でも知る大企業・上場グループ・グローバル本社,A: 国内の第三者が2社以上で扱っている,大企業確定,JAN45/49／メーカー名日本語,なし,ゴルフ安売王 / 大福屋 本店,2,2,396,B0DWFJT7LV,NIKE ナイキ ソリッドコアタオル ミディアム ブラック/ホワイト TW2001-010,https://www.amazon.co.jp/dp/B0DWFJT7LV,https://www.google.com/search?q=%E3%83%8A%E3%82%A4%E3%82%AD%28NIKE%29%20%E4%BC%9A%E7%A4%BE%E6%A6%82%E8%A6%81%20%E5%95%8F%E3%81%84%E5%90%88%E3%82%8F%E3%81%9B%20%E5%8D%B8,
ニチアス,1,DIY・工具・ガーデン,除外（規模：大企業確定）,誰でも知る大企業・上場グループ・グローバル本社,A: 国内の第三者が2社以上で扱っている,大企業確定,JAN45/49／manufacturer日本語／メーカー名日本語,なし,アート建築・建具金物 / おひとつ便,2,2,466,B086LJTMXG,ニチアス カグスベール 重量用 2個入 2個セット,https://www.amazon.co.jp/dp/B086LJTMXG,https://www.google.com/search?q=%E3%83%8B%E3%83%81%E3%82%A2%E3%82%B9%20%E4%BC%9A%E7%A4%BE%E6%A6%82%E8%A6%81%20%E5%95%8F%E3%81%84%E5%90%88%E3%82%8F%E3%81%9B%20%E5%8D%B8,
ハスクバーナ・ゼノア,1,産業・研究開発用品,除外（規模：大企業確定）,誰でも知る大企業・上場グループ・グローバル本社,A: 国内の第三者が2社以上で扱っている,大企業確定,manufacturer日本語／メーカー名日本語／日本法人格,なし,【ミナトワークス】 / 農機具のアグリズ / 買援隊,3,3,4548,B005QG4FJU,ハスクバーナ チェンオイル 18L HC63221M 【チェンソーオイル チェーンソー オイル ガイドバー Husqva,https://www.amazon.co.jp/dp/B005QG4FJU,https://www.google.com/search?q=%E3%83%8F%E3%82%B9%E3%82%AF%E3%83%90%E3%83%BC%E3%83%8A%E3%83%BB%E3%82%BC%E3%83%8E%E3%82%A2%20%E4%BC%9A%E7%A4%BE%E6%A6%82%E8%A6%81%20%E5%95%8F%E3%81%84%E5%90%88%E3%82%8F%E3%81%9B%20%E5%8D%B8,
ハズブロ(HASBRO),1,おもちゃ,除外（規模：大企業確定）,誰でも知る大企業・上場グループ・グローバル本社,A: 国内の第三者が2社以上で扱っている,大企業確定,メーカー名日本語,なし,マーベリックス&Co / マーズ川崎店 / ケイディスク,5,5,972,B07B9HK8S5,ハズブロ(HASBRO) ジェンガ ゲーム(2018) JENGA 天然木使用のオリジナル ブロックゲーム スタッキング,https://www.amazon.co.jp/dp/B07B9HK8S5,https://www.google.com/search?q=%E3%83%8F%E3%82%BA%E3%83%96%E3%83%AD%28HASBRO%29%20%E4%BC%9A%E7%A4%BE%E6%A6%82%E8%A6%81%20%E5%95%8F%E3%81%84%E5%90%88%E3%82%8F%E3%81%9B%20%E5%8D%B8,
パイロットコーポレーション(PILOT CORPORATION),1,おもちゃ,除外（規模：大企業確定）,誰でも知る大企業・上場グループ・グローバル本社,A: 国内の第三者が2社以上で扱っている,大企業確定,JAN45/49／メーカー名日本語,なし,ポケットショップ㈱ / 夢のクマさん【インボイス対応店】,2,3,3605,B01N7YV05R,パイロットコーポレーション(PILOT CORPORATION) きらりんシール スタンダードセット,https://www.amazon.co.jp/dp/B01N7YV05R,https://www.google.com/search?q=%E3%83%91%E3%82%A4%E3%83%AD%E3%83%83%E3%83%88%E3%82%B3%E3%83%BC%E3%83%9D%E3%83%AC%E3%83%BC%E3%82%B7%E3%83%A7%E3%83%B3%28PILOT%20CORPORATION%29%20%E4%BC%9A%E7%A4%BE%E6%A6%82%E8%A6%81%20%E5%95%8F%E3%81%84%E5%90%88%E3%82%8F%E3%81%9B%20%E5%8D%B8,
パール金属株式会社,1,ホーム＆キッチン,除外（規模：大企業確定）,誰でも知る大企業・上場グループ・グローバル本社,A: 国内の第三者が2社以上で扱っている,大企業確定,メーカー名日本語／日本法人格,なし,株式会社コジマ / GREEN ERAオンラインショップ / リビングート,3,4,394,B003EIJEYS,パール金属 アイスペール 1.5L ダブル ステンレス IENOMI K-6023,https://www.amazon.co.jp/dp/B003EIJEYS,https://www.google.com/search?q=%E3%83%91%E3%83%BC%E3%83%AB%E9%87%91%E5%B1%9E%E6%A0%AA%E5%BC%8F%E4%BC%9A%E7%A4%BE%20%E4%BC%9A%E7%A4%BE%E6%A6%82%E8%A6%81%20%E5%95%8F%E3%81%84%E5%90%88%E3%82%8F%E3%81%9B%20%E5%8D%B8,
ピュリナ ワン,1,ペット用品,除外（規模：大企業確定）,誰でも知る大企業・上場グループ・グローバル本社,A: 国内の第三者が2社以上で扱っている,大企業確定,JAN45/49／manufacturer日本語／メーカー名日本語,なし,KKJストアWEB店 / ペットゴー アマゾン店 / スペシャルスペースアマゾン店,4,5,2816,B07H7JSC7P,ピュリナワン キャット 1歳から全ての年齢に グレインフリー 白身魚 1.6kg×3個【まとめ買い】,https://www.amazon.co.jp/dp/B07H7JSC7P,https://www.google.com/search?q=%E3%83%94%E3%83%A5%E3%83%AA%E3%83%8A%20%E3%83%AF%E3%83%B3%20%E4%BC%9A%E7%A4%BE%E6%A6%82%E8%A6%81%20%E5%95%8F%E3%81%84%E5%90%88%E3%82%8F%E3%81%9B%20%E5%8D%B8,
ベンキュージャパン,1,パソコン・周辺機器,除外（規模：大企業確定）,誰でも知る大企業・上場グループ・グローバル本社,A: 国内の第三者が2社以上で扱っている,大企業確定,JAN45/49／manufacturer日本語／メーカー名日本語,なし,【BenQ Japan公式】BenQ Direct Shop / A1 ショップ【3300円以上で全国送料無料】※一部送料無料もございます,2,2,13216,B0DWMQSR6C,BenQ ZOWIE S2-DW ワイヤレスゲーミングマウス 中プロファイル/左右対称/65g/3950センサー/400,https://www.amazon.co.jp/dp/B0DWMQSR6C,https://www.google.com/search?q=%E3%83%99%E3%83%B3%E3%82%AD%E3%83%A5%E3%83%BC%E3%82%B8%E3%83%A3%E3%83%91%E3%83%B3%20%E4%BC%9A%E7%A4%BE%E6%A6%82%E8%A6%81%20%E5%95%8F%E3%81%84%E5%90%88%E3%82%8F%E3%81%9B%20%E5%8D%B8,
ホーチキ(Hochiki),1,DIY・工具・ガーデン,除外（規模：大企業確定）,誰でも知る大企業・上場グループ・グローバル本社,A: 国内の第三者が2社以上で扱っている,大企業確定,JAN45/49／メーカー名日本語,なし,住まいるライト,1,4,1112,B07DWPBD46,ホーチキ 火災警報器 ホワイト 9.5×9.5×2.8cm 音声タイプ(煙式) SS-2LT-10HCC,https://www.amazon.co.jp/dp/B07DWPBD46,https://www.google.com/search?q=%E3%83%9B%E3%83%BC%E3%83%81%E3%82%AD%28Hochiki%29%20%E4%BC%9A%E7%A4%BE%E6%A6%82%E8%A6%81%20%E5%95%8F%E3%81%84%E5%90%88%E3%82%8F%E3%81%9B%20%E5%8D%B8,
マスプロ電工,1,家電＆カメラ,除外（規模：大企業確定）,誰でも知る大企業・上場グループ・グローバル本社,A: 国内の第三者が2社以上で扱っている,大企業確定,JAN45/49／manufacturer日本語／メーカー名日本語,なし,バリュー・ショッピング / 住まいるライト / In The Lab.(インボイス発行事業者),5,6,4506,B0C3PY6KN9,マスプロ電工(MASPRO) 3224MHz対応 UHF・BS・CS テレビレコーダーブースター 地上デジタル放送 4K,https://www.amazon.co.jp/dp/B0C3PY6KN9,https://www.google.com/search?q=%E3%83%9E%E3%82%B9%E3%83%97%E3%83%AD%E9%9B%BB%E5%B7%A5%20%E4%BC%9A%E7%A4%BE%E6%A6%82%E8%A6%81%20%E5%95%8F%E3%81%84%E5%90%88%E3%82%8F%E3%81%9B%20%E5%8D%B8,
リンナイ(Rinnai),1,DIY・工具・ガーデン,除外（規模：大企業確定）,誰でも知る大企業・上場グループ・グローバル本社,A: 国内の第三者が2社以上で扱っている,大企業確定,メーカー名日本語,なし,AIインポート / Gプラスストア / 商材館:アマゾン店※【適格請求書発行事業者】,4,5,386,B009XN0SAM,リンナイ 小型湯沸器専用部品 【標準】カバー付出湯管(長さ：350mm) 【型番：RU-0210】,https://www.amazon.co.jp/dp/B009XN0SAM,https://www.google.com/search?q=%E3%83%AA%E3%83%B3%E3%83%8A%E3%82%A4%28Rinnai%29%20%E4%BC%9A%E7%A4%BE%E6%A6%82%E8%A6%81%20%E5%95%8F%E3%81%84%E5%90%88%E3%82%8F%E3%81%9B%20%E5%8D%B8,
レック(LEC),1,ホーム＆キッチン,除外（規模：大企業確定）,誰でも知る大企業・上場グループ・グローバル本社,A: 国内の第三者が2社以上で扱っている,大企業確定,JAN45/49／メーカー名日本語,なし,公式 プライムライフセレクト【30日間返品保証】 / MK market EC店,2,3,1207,B005N5QHEK,レック r+style トイレステーション ホワイト (トイレブラシ),https://www.amazon.co.jp/dp/B005N5QHEK,https://www.google.com/search?q=%E3%83%AC%E3%83%83%E3%82%AF%28LEC%29%20%E4%BC%9A%E7%A4%BE%E6%A6%82%E8%A6%81%20%E5%95%8F%E3%81%84%E5%90%88%E3%82%8F%E3%81%9B%20%E5%8D%B8,
ワイドハイター,1,産業・研究開発用品,除外（規模：大企業確定）,誰でも知る大企業・上場グループ・グローバル本社,A: 国内の第三者が2社以上で扱っている,大企業確定,manufacturer日本語／メーカー名日本語,なし,ＷＥＢ-ＳＨＯＰ-Ｍ　北関東店 / 24EXPRESS【365日年中無休】【エコ発送】※ご購入前に必ず説明欄をお読みください,2,5,312,B0D6NLCK3C,【2個セット】ハイター 詰め替え用 ワイドハイターex パワー 2500ml×2個 5.6倍 まとめ買い 衣類用漂白剤 ,https://www.amazon.co.jp/dp/B0D6NLCK3C,https://www.google.com/search?q=%E3%83%AF%E3%82%A4%E3%83%89%E3%83%8F%E3%82%A4%E3%82%BF%E3%83%BC%20%E4%BC%9A%E7%A4%BE%E6%A6%82%E8%A6%81%20%E5%95%8F%E3%81%84%E5%90%88%E3%82%8F%E3%81%9B%20%E5%8D%B8,
三ツ星ベルト(MITSUBOSHI),1,DIY・工具・ガーデン,除外（規模：大企業確定）,誰でも知る大企業・上場グループ・グローバル本社,A: 国内の第三者が2社以上で扱っている,大企業確定,メーカー名日本語,セラー名に中国企業表記/ピンイン,工具マスターズ / ベルト屋,2,3,786,B074FRZ6F2,"スパイダーモア 専用 「刈刃(ナイフ) 駆動 Vベルト LA-23 SUPER AG-X」SP(AZ)50,550,65",https://www.amazon.co.jp/dp/B074FRZ6F2,https://www.google.com/search?q=%E4%B8%89%E3%83%84%E6%98%9F%E3%83%99%E3%83%AB%E3%83%88%28MITSUBOSHI%29%20%E4%BC%9A%E7%A4%BE%E6%A6%82%E8%A6%81%20%E5%95%8F%E3%81%84%E5%90%88%E3%82%8F%E3%81%9B%20%E5%8D%B8,
三井化学アグロ株式会社,1,DIY・工具・ガーデン,除外（規模：大企業確定）,誰でも知る大企業・上場グループ・グローバル本社,A: 国内の第三者が2社以上で扱っている,大企業確定,JAN45/49／manufacturer日本語／メーカー名日本語／日本法人格,なし,虫ナイ by 鵬図商事株式会社 （合計金額5000円以上で送料無料) / (有)丸山昌治商店【肥料農薬・包装資材・緑化資材・ドローン専門店】 / 虫退治ドットコムA店(※医薬品は環境機器(株)薬品部本舗),3,4,1768,B01H1EH9A6,三井化学アグロ株式会社 不快害虫用殺虫剤 シャットアウトSE 3kg×2袋,https://www.amazon.co.jp/dp/B01H1EH9A6,https://www.google.com/search?q=%E4%B8%89%E4%BA%95%E5%8C%96%E5%AD%A6%E3%82%A2%E3%82%B0%E3%83%AD%E6%A0%AA%E5%BC%8F%E4%BC%9A%E7%A4%BE%20%E4%BC%9A%E7%A4%BE%E6%A6%82%E8%A6%81%20%E5%95%8F%E3%81%84%E5%90%88%E3%82%8F%E3%81%9B%20%E5%8D%B8,
三菱電機(MITSUBISHI ELECTRIC),1,大型家電,除外（規模：大企業確定）,誰でも知る大企業・上場グループ・グローバル本社,A: 国内の第三者が2社以上で扱っている,大企業確定,manufacturer日本語／メーカー名日本語,なし,近江屋＠ｎｅｔ本店【親切丁寧♪迅速発送♪】 / 商材館:アマゾン店※【適格請求書発行事業者】 / 作山,3,4,1676,B0186PSHN2,【部品】三菱 冷蔵庫 給水タンク 対応機種：対応機種：MR-A37J-T MR-A37J-W MR-A37M-NW MR,https://www.amazon.co.jp/dp/B0186PSHN2,https://www.google.com/search?q=%E4%B8%89%E8%8F%B1%E9%9B%BB%E6%A9%9F%28MITSUBISHI%20ELECTRIC%29%20%E4%BC%9A%E7%A4%BE%E6%A6%82%E8%A6%81%20%E5%95%8F%E3%81%84%E5%90%88%E3%82%8F%E3%81%9B%20%E5%8D%B8,
四国化成工業,1,産業・研究開発用品,除外（規模：大企業確定）,誰でも知る大企業・上場グループ・グローバル本社,A: 国内の第三者が2社以上で扱っている,大企業確定,manufacturer日本語／メーカー名日本語,なし,ティーズマルシェ / 株式会社高松商事(インボイス対応 適格請求書発行事業者）,2,3,521,B0DPW9KVPT,四国化成工業 バイオシーダー 450g入 （25g×18包）×2個 浄化槽用脱臭剤 浄化槽バクテリア シーディング剤,https://www.amazon.co.jp/dp/B0DPW9KVPT,https://www.google.com/search?q=%E5%9B%9B%E5%9B%BD%E5%8C%96%E6%88%90%E5%B7%A5%E6%A5%AD%20%E4%BC%9A%E7%A4%BE%E6%A6%82%E8%A6%81%20%E5%95%8F%E3%81%84%E5%90%88%E3%82%8F%E3%81%9B%20%E5%8D%B8,
太平洋工業,1,車＆バイク,除外（規模：大企業確定）,誰でも知る大企業・上場グループ・グローバル本社,A: 国内の第三者が2社以上で扱っている,大企業確定,manufacturer日本語／メーカー名日本語,なし,タイヤステージ湘南アマゾン / WorldStride【T7120001269756】返品商品は返品手数料と往復送料をご負担頂きます / LiFE【適格請求書発行事業者】,4,4,1682,B074RXSYH2,太平洋工業 チューブレスタイヤゴムバルブ 100個セット TR413CL パッキン付き 太平洋パシフィック TR-413,https://www.amazon.co.jp/dp/B074RXSYH2,https://www.google.com/search?q=%E5%A4%AA%E5%B9%B3%E6%B4%8B%E5%B7%A5%E6%A5%AD%20%E4%BC%9A%E7%A4%BE%E6%A6%82%E8%A6%81%20%E5%95%8F%E3%81%84%E5%90%88%E3%82%8F%E3%81%9B%20%E5%8D%B8,
山善(YAMAZEN),1,家電＆カメラ,除外（規模：大企業確定）,誰でも知る大企業・上場グループ・グローバル本社,A: 国内の第三者が2社以上で扱っている,大企業確定,JAN45/49／メーカー名日本語,なし,ミニストア / cocoroバラエティストア / はぴねす×物販. com,4,5,2526,B0FDQ3RBZN,[山善] ミニ DVDプレーヤー コンパクト CD/DVD 再生専用 CPRM対応 HDMI対応 USB給電 HDMIケ,https://www.amazon.co.jp/dp/B0FDQ3RBZN,https://www.google.com/search?q=%E5%B1%B1%E5%96%84%28YAMAZEN%29%20%E4%BC%9A%E7%A4%BE%E6%A6%82%E8%A6%81%20%E5%95%8F%E3%81%84%E5%90%88%E3%82%8F%E3%81%9B%20%E5%8D%B8,
旭化成ワッカーシリコン,1,ホビー,除外（規模：大企業確定）,誰でも知る大企業・上場グループ・グローバル本社,A: 国内の第三者が2社以上で扱っている,大企業確定,manufacturer日本語／メーカー名日本語,なし,マックアイPROshop 土日祝は休業 / 造形ラボ（土日祝日は休業日です）,2,2,1836,B00BH1GI02,旭化成ワッカーシリコン M4470 1kg 硬化剤セット 型取りシリコン,https://www.amazon.co.jp/dp/B00BH1GI02,https://www.google.com/search?q=%E6%97%AD%E5%8C%96%E6%88%90%E3%83%AF%E3%83%83%E3%82%AB%E3%83%BC%E3%82%B7%E3%83%AA%E3%82%B3%E3%83%B3%20%E4%BC%9A%E7%A4%BE%E6%A6%82%E8%A6%81%20%E5%95%8F%E3%81%84%E5%90%88%E3%82%8F%E3%81%9B%20%E5%8D%B8,
東レ(TORAY),1,ホーム＆キッチン,除外（規模：大企業確定）,誰でも知る大企業・上場グループ・グローバル本社,A: 国内の第三者が2社以上で扱っている,大企業確定,JAN45/49／manufacturer日本語／メーカー名日本語,なし,ミスターマックスオンラインストア / 神姫商店 / ホームセンターバロー,6,6,1848,B00YJWG7F2,トレビーノ ポット型浄水器 PTシリーズ交換用カートリッジ 東レ PTC.SV2J-Z ホワイト,https://www.amazon.co.jp/dp/B00YJWG7F2,https://www.google.com/search?q=%E6%9D%B1%E3%83%AC%28TORAY%29%20%E4%BC%9A%E7%A4%BE%E6%A6%82%E8%A6%81%20%E5%95%8F%E3%81%84%E5%90%88%E3%82%8F%E3%81%9B%20%E5%8D%B8,
東京マルイ(TOKYO MARUI),1,ホビー,除外（規模：大企業確定）,誰でも知る大企業・上場グループ・グローバル本社,A: 国内の第三者が2社以上で扱っている,大企業確定,JAN45/49／メーカー名日本語,なし,海外製商品も安心の国内発送！ミリタリーストア フォースター アマゾン店 / ガンプレイズワークス,2,3,2554,B07DW8Z7GJ,東京マルイ(TOKYO MARUI) パーツ No.51 ガスブローバックマシンガン専用 89式用 35連スペアマガジン,https://www.amazon.co.jp/dp/B07DW8Z7GJ,https://www.google.com/search?q=%E6%9D%B1%E4%BA%AC%E3%83%9E%E3%83%AB%E3%82%A4%28TOKYO%20MARUI%29%20%E4%BC%9A%E7%A4%BE%E6%A6%82%E8%A6%81%20%E5%95%8F%E3%81%84%E5%90%88%E3%82%8F%E3%81%9B%20%E5%8D%B8,
海洋堂(KAIYODO),1,おもちゃ,除外（規模：大企業確定）,誰でも知る大企業・上場グループ・グローバル本社,A: 国内の第三者が2社以上で扱っている,大企業確定,JAN45/49／メーカー名日本語,なし,ごきげんホビー / サンズオンラインストア / インボイス制度対応済 SHOP Forest 【千葉県公安委員会 第441010002465号】,7,7,6218,B0F9KQTKYH,海洋堂 (KAIYODO) リボルテック アメイジング・ヤマグチ X-MEN ケーブル Ver.1.5 全高約170mm,https://www.amazon.co.jp/dp/B0F9KQTKYH,https://www.google.com/search?q=%E6%B5%B7%E6%B4%8B%E5%A0%82%28KAIYODO%29%20%E4%BC%9A%E7%A4%BE%E6%A6%82%E8%A6%81%20%E5%95%8F%E3%81%84%E5%90%88%E3%82%8F%E3%81%9B%20%E5%8D%B8,
美和ロック(Miwalock),1,DIY・工具・ガーデン,除外（規模：大企業確定）,誰でも知る大企業・上場グループ・グローバル本社,A: 国内の第三者が2社以上で扱っている,大企業確定,メーカー名日本語,なし,大工道具・金物の専門通販アルデ【適格請求書は出荷後、注文履歴からダウンロード可能】 / 住まいFACTORY ｱﾏｿﾞﾝ店 / ロックサーチ,4,4,4101,B086GZCJTF,ミワロック MIWA (美和) 取替引戸錠 PSSL09-1LS ディンプルキー5本付 引き違い ブロンズ色(CB),https://www.amazon.co.jp/dp/B086GZCJTF,https://www.google.com/search?q=%E7%BE%8E%E5%92%8C%E3%83%AD%E3%83%83%E3%82%AF%28Miwalock%29%20%E4%BC%9A%E7%A4%BE%E6%A6%82%E8%A6%81%20%E5%95%8F%E3%81%84%E5%90%88%E3%82%8F%E3%81%9B%20%E5%8D%B8,
CREATIVE,2,パソコン・周辺機器,除外（卸の証拠なし）,C: 第三者はいるが国内事業者ではない,C: 第三者はいるが国内事業者ではない,規模未確認,JAN45/49／manufacturer日本語,なし,,0,1,5080,B0F52BNWB8,Creative Pebble Pro ブラック 出力 20W RMS ピーク出力60W PCスピーカー,https://www.amazon.co.jp/dp/B0F52BNWB8,https://www.google.com/search?q=CREATIVE%20%E4%BC%9A%E7%A4%BE%E6%A6%82%E8%A6%81%20%E5%95%8F%E3%81%84%E5%90%88%E3%82%8F%E3%81%9B%20%E5%8D%B8,
Leacco,2,家電＆カメラ,除外（卸の証拠なし）,C: 第三者はいるが国内事業者ではない,C: 第三者はいるが国内事業者ではない,規模未確認,manufacturer日本語,セラー名に中国企業表記/ピンイン,,0,2,1115,B0G2Y2SPVH,双眼鏡 ライブ用 高倍率 15倍 オペラグラス 【業界先端BAK4光学レンズ&FMC多層コーティング】防振双眼鏡 超軽量,https://www.amazon.co.jp/dp/B0G2Y2SPVH,https://www.google.com/search?q=Leacco%20%E4%BC%9A%E7%A4%BE%E6%A6%82%E8%A6%81%20%E5%95%8F%E3%81%84%E5%90%88%E3%82%8F%E3%81%9B%20%E5%8D%B8,
Fesaymi,1,家電＆カメラ,除外（卸の証拠なし）,C: 第三者はいるが国内事業者ではない,C: 第三者はいるが国内事業者ではない,規模未確認,manufacturer日本語,メーカー名が中国企業表記,,0,1,3148,B0FS2BBKBY,デジタルカメラ 携帯電話で内容を読み取ることができます 4K 5000万画素 デジカメ 2.8 インチスクリーン 16 ,https://www.amazon.co.jp/dp/B0FS2BBKBY,https://www.google.com/search?q=Fesaymi%20%E4%BC%9A%E7%A4%BE%E6%A6%82%E8%A6%81%20%E5%95%8F%E3%81%84%E5%90%88%E3%82%8F%E3%81%9B%20%E5%8D%B8,
Jackery,1,DIY・工具・ガーデン,除外（卸の証拠なし）,C: 第三者はいるが国内事業者ではない,C: 第三者はいるが国内事業者ではない,規模未確認,JAN45/49,なし,,0,1,6409,B0GQ9DHMR1,【日本限定モデル】 Jackery Explorer 100 Plus 31000mAh モバイルバッテリー 99.2W,https://www.amazon.co.jp/dp/B0GQ9DHMR1,https://www.google.com/search?q=Jackery%20%E4%BC%9A%E7%A4%BE%E6%A6%82%E8%A6%81%20%E5%95%8F%E3%81%84%E5%90%88%E3%82%8F%E3%81%9B%20%E5%8D%B8,
LG,1,家電＆カメラ,除外（卸の証拠なし）,C: 第三者はいるが国内事業者ではない,C: 第三者はいるが国内事業者ではない,規模未確認,JAN45/49,なし,,0,2,3286,B094VVNNGY,【LG公式】マジックリモコン 2021発売 LG TV 対応MR21GB,https://www.amazon.co.jp/dp/B094VVNNGY,https://www.google.com/search?q=LG%20%E4%BC%9A%E7%A4%BE%E6%A6%82%E8%A6%81%20%E5%95%8F%E3%81%84%E5%90%88%E3%82%8F%E3%81%9B%20%E5%8D%B8,
Lusciouz,1,ホーム＆キッチン,除外（卸の証拠なし）,C: 第三者はいるが国内事業者ではない,C: 第三者はいるが国内事業者ではない,規模未確認,JAN45/49,なし,,0,1,5762,B0CS2L1WZS,LUSCIOUZ ルーシャズ ソムリエナイフ ワインオープナー 5巻 ダブルアクション (チタンブラック102),https://www.amazon.co.jp/dp/B0CS2L1WZS,https://www.google.com/search?q=Lusciouz%20%E4%BC%9A%E7%A4%BE%E6%A6%82%E8%A6%81%20%E5%95%8F%E3%81%84%E5%90%88%E3%82%8F%E3%81%9B%20%E5%8D%B8,
New Bee,1,楽器・音響機器,除外（卸の証拠なし）,C: 第三者はいるが国内事業者ではない,C: 第三者はいるが国内事業者ではない,規模未確認,manufacturer日本語,なし,,0,2,3423,B0G8K4V6JB,New Bee ギターエフェクター ギタープロセッサー モデリング マルチエフェクター アンプシミュレーター MIDIコ,https://www.amazon.co.jp/dp/B0G8K4V6JB,https://www.google.com/search?q=New%20Bee%20%E4%BC%9A%E7%A4%BE%E6%A6%82%E8%A6%81%20%E5%95%8F%E3%81%84%E5%90%88%E3%82%8F%E3%81%9B%20%E5%8D%B8,
HAGOOGI,4,スポーツ＆アウトドア,除外（卸の証拠なし）,D: 直営・系列店しかいない,D: 直営・系列店しかいない,規模未確認,JAN45/49,なし,,0,0,3991,B0FMF1TJ27,HAGOOGI ランタン ledランタン 「1台5役・業界最初の焚火色」キャンプ ランタン 防災ライト 夜釣り/地震/停,https://www.amazon.co.jp/dp/B0FMF1TJ27,https://www.google.com/search?q=HAGOOGI%20%E4%BC%9A%E7%A4%BE%E6%A6%82%E8%A6%81%20%E5%95%8F%E3%81%84%E5%90%88%E3%82%8F%E3%81%9B%20%E5%8D%B8,
アセキ,2,ホーム＆キッチン,除外（卸の証拠なし）,D: 直営・系列店しかいない,D: 直営・系列店しかいない,規模未確認,manufacturer日本語／メーカー名日本語,なし,,0,0,3355,B09MD4LBF3,アセキ ジューサー スロージューサー 搾りカス分離 低速回転 小型 ミキサー 高い搾汁率 酸化しにくい 取り付け簡単(ブ,https://www.amazon.co.jp/dp/B09MD4LBF3,https://www.google.com/search?q=%E3%82%A2%E3%82%BB%E3%82%AD%20%E4%BC%9A%E7%A4%BE%E6%A6%82%E8%A6%81%20%E5%95%8F%E3%81%84%E5%90%88%E3%82%8F%E3%81%9B%20%E5%8D%B8,
エアブラシワークス,2,ホビー,除外（卸の証拠なし）,D: 直営・系列店しかいない,D: 直営・系列店しかいない,規模未確認,JAN45/49／manufacturer日本語／メーカー名日本語,なし,,0,0,1883,B0BNMCRHK9,エアブラシワークス AW-103 エアブラシ ハンドピース 0.3mm 0.2mm 0.5mm ダブルアクション プラモ,https://www.amazon.co.jp/dp/B0BNMCRHK9,https://www.google.com/search?q=%E3%82%A8%E3%82%A2%E3%83%96%E3%83%A9%E3%82%B7%E3%83%AF%E3%83%BC%E3%82%AF%E3%82%B9%20%E4%BC%9A%E7%A4%BE%E6%A6%82%E8%A6%81%20%E5%95%8F%E3%81%84%E5%90%88%E3%82%8F%E3%81%9B%20%E5%8D%B8,
ColorfulHome,1,ホーム＆キッチン,除外（卸の証拠なし）,D: 直営・系列店しかいない,D: 直営・系列店しかいない,規模未確認,JAN45/49／manufacturer日本語／日本法人格,なし,,0,0,359,B0CKQMZWR8,ColorfulHome オイルスプレー オリーブオイル 耐熱ガラス ノンフライヤー スプレー ミスト 調味料入れ オイ,https://www.amazon.co.jp/dp/B0CKQMZWR8,https://www.google.com/search?q=ColorfulHome%20%E4%BC%9A%E7%A4%BE%E6%A6%82%E8%A6%81%20%E5%95%8F%E3%81%84%E5%90%88%E3%82%8F%E3%81%9B%20%E5%8D%B8,
MJJC,1,DIY・工具・ガーデン,除外（卸の証拠なし）,D: 直営・系列店しかいない,D: 直営・系列店しかいない,規模未確認,JAN45/49,なし,,0,0,3494,B08TR14TMR,"MJJC ケルヒャー用 泡 洗車 フォームガン ノズル ケルヒャーK2,K3,K4,K5,MINI,JTKに対応 高圧洗",https://www.amazon.co.jp/dp/B08TR14TMR,https://www.google.com/search?q=MJJC%20%E4%BC%9A%E7%A4%BE%E6%A6%82%E8%A6%81%20%E5%95%8F%E3%81%84%E5%90%88%E3%82%8F%E3%81%9B%20%E5%8D%B8,
Mitea Lab,1,ホーム＆キッチン,除外（卸の証拠なし）,D: 直営・系列店しかいない,D: 直営・系列店しかいない,規模未確認,JAN45/49,なし,,0,0,1168,B0F82ZY8WN,【所ジョージの世田谷ベース掲載】MyStick Air V2 ハンディクリーナー《ワンタッチゴミ捨て×2層フィルター》ハ,https://www.amazon.co.jp/dp/B0F82ZY8WN,https://www.google.com/search?q=Mitea%20Lab%20%E4%BC%9A%E7%A4%BE%E6%A6%82%E8%A6%81%20%E5%95%8F%E3%81%84%E5%90%88%E3%82%8F%E3%81%9B%20%E5%8D%B8,
ロジテック,1,パソコン・周辺機器,除外（卸の証拠なし）,D: 直営・系列店しかいない,D: 直営・系列店しかいない,規模未確認,JAN45/49／manufacturer日本語／メーカー名日本語,なし,,0,0,1125,B0BY7YHDZH,ロジテックダイレクト BD-RE AACS対応 ブルーレイディスク Blu-ray Disc 2倍速 くり返し録画用 記,https://www.amazon.co.jp/dp/B0BY7YHDZH,https://www.google.com/search?q=%E3%83%AD%E3%82%B8%E3%83%86%E3%83%83%E3%82%AF%20%E4%BC%9A%E7%A4%BE%E6%A6%82%E8%A6%81%20%E5%95%8F%E3%81%84%E5%90%88%E3%82%8F%E3%81%9B%20%E5%8D%B8,
ＭＥＮＧＬＩ盟励,1,ホーム＆キッチン,除外（卸の証拠なし）,D: 直営・系列店しかいない,D: 直営・系列店しかいない,規模未確認,メーカー名日本語,なし,,0,0,968,B0C7V1XXKF,メンズ電気シェーバー ボディシェーバー バリカン 鼻毛カッター ヒゲトリマー 髭剃り 1台3役 多機能セット 腋毛/体毛,https://www.amazon.co.jp/dp/B0C7V1XXKF,https://www.google.com/search?q=%EF%BC%AD%EF%BC%A5%EF%BC%AE%EF%BC%A7%EF%BC%AC%EF%BC%A9%E7%9B%9F%E5%8A%B1%20%E4%BC%9A%E7%A4%BE%E6%A6%82%E8%A6%81%20%E5%95%8F%E3%81%84%E5%90%88%E3%82%8F%E3%81%9B%20%E5%8D%B8,
ノーブランド品,15,おもちゃ,除外（会社名でない）,商品名/作品名/PB のため問い合わせ先が存在しない,A: 国内の第三者が2社以上で扱っている,会社名でない,JAN45/49／manufacturer日本語／メーカー名日本語,なし,【インボイス対応/適格事業者】Nグロース / 東海ストア1号店（すり替え対策店舗） / N’ｓ　ｈｏｕｓｅ（エヌズハウス）,5,6,1411,B0D15JTVY1,正規品 シェイプツインボール ブラック 東急スポーツオアシス ルネサンス 振動マシン 骨盤底筋 フィットネスマシン ST,https://www.amazon.co.jp/dp/B0D15JTVY1,https://www.google.com/search?q=%E3%83%8E%E3%83%BC%E3%83%96%E3%83%A9%E3%83%B3%E3%83%89%E5%93%81%20%E4%BC%9A%E7%A4%BE%E6%A6%82%E8%A6%81%20%E5%95%8F%E3%81%84%E5%90%88%E3%82%8F%E3%81%9B%20%E5%8D%B8,
medicom,4,ホビー,除外（会社名でない）,商品名/作品名/PB のため問い合わせ先が存在しない,A: 国内の第三者が2社以上で扱っている,会社名でない,JAN45/49,なし,インボイス対応済み ForestLegame(すり替え対策実施中) / スニフの夢(適格請求書発行事業者)商品の詳細情報(コンディション)に説明がある場合がございます。 / グリンワールド大阪支店,5,6,5372,B09GFDS6L9,MAFEX マフェックス No.168 SPIDER-MAN BLACK COSTUME スパイダーマン ブラック コス,https://www.amazon.co.jp/dp/B09GFDS6L9,https://www.google.com/search?q=medicom%20%E4%BC%9A%E7%A4%BE%E6%A6%82%E8%A6%81%20%E5%95%8F%E3%81%84%E5%90%88%E3%82%8F%E3%81%9B%20%E5%8D%B8,
Generic,2,スポーツ＆アウトドア,除外（会社名でない）,商品名/作品名/PB のため問い合わせ先が存在しない,A: 国内の第三者が2社以上で扱っている,会社名でない,manufacturer日本語,なし,陶潜ノ森 / 株式会社ウエモト / 家store,4,4,1455,B0CT5H77TX,パナソニック(Panasonic) 洗面化粧台 交換用シャワーホース(L=1200) サラサ・ハイベルウィン用 CQ85,https://www.amazon.co.jp/dp/B0CT5H77TX,https://www.google.com/search?q=Generic%20%E4%BC%9A%E7%A4%BE%E6%A6%82%E8%A6%81%20%E5%95%8F%E3%81%84%E5%90%88%E3%82%8F%E3%81%9B%20%E5%8D%B8,
Aterm,1,パソコン・周辺機器,除外（会社名でない）,商品名/作品名/PB のため問い合わせ先が存在しない,A: 国内の第三者が2社以上で扱っている,会社名でない,JAN45/49／manufacturer日本語,なし,ネットショップ　MU-Store / T&Tストア【迅速・丁寧対応をモットーにお届けします】,2,3,1257,B08L4BB4T3,NEC Wi-Fi 5（11ac）4ストリーム対応 無線LANルーター Atermシリーズ WG2600HS2,https://www.amazon.co.jp/dp/B08L4BB4T3,https://www.google.com/search?q=Aterm%20%E4%BC%9A%E7%A4%BE%E6%A6%82%E8%A6%81%20%E5%95%8F%E3%81%84%E5%90%88%E3%82%8F%E3%81%9B%20%E5%8D%B8,
COSMOS,1,DIY・工具・ガーデン,除外（会社名でない）,商品名/作品名/PB のため問い合わせ先が存在しない,A: 国内の第三者が2社以上で扱っている,会社名でない,manufacturer日本語／日本法人格,なし,【給湯器とガスコンロのお店】,1,3,1128,B07585PM5H,COSMOS ガス漏れ警報器 プロパンガス用 CF-626 電源コード2.5m,https://www.amazon.co.jp/dp/B07585PM5H,https://www.google.com/search?q=COSMOS%20%E4%BC%9A%E7%A4%BE%E6%A6%82%E8%A6%81%20%E5%95%8F%E3%81%84%E5%90%88%E3%82%8F%E3%81%9B%20%E5%8D%B8,
Galaxy,1,家電＆カメラ,除外（会社名でない）,商品名/作品名/PB のため問い合わせ先が存在しない,A: 国内の第三者が2社以上で扱っている,会社名でない,JAN45/49,なし,CCコネクト / GE ショップ / セブンポケット 本店,4,4,9952,B0D66LHDS8,Galaxy Buds3ｌホワイトｌGalaxy AI対応ｌワイヤレスイヤホン 本体 端末ｌSamsung純正 国内正規,https://www.amazon.co.jp/dp/B0D66LHDS8,https://www.google.com/search?q=Galaxy%20%E4%BC%9A%E7%A4%BE%E6%A6%82%E8%A6%81%20%E5%95%8F%E3%81%84%E5%90%88%E3%82%8F%E3%81%9B%20%E5%8D%B8,
NB(ドットサイト),1,ホビー,除外（会社名でない）,商品名/作品名/PB のため問い合わせ先が存在しない,A: 国内の第三者が2社以上で扱っている,会社名でない,メーカー名日本語,なし,YKEYTPアウトドアギヤ,1,2,1673,B01FJUUPHS,RMR タイプ コンパクトドットサイト グロック用マウント付き ブラック,https://www.amazon.co.jp/dp/B01FJUUPHS,https://www.google.com/search?q=NB%28%E3%83%89%E3%83%83%E3%83%88%E3%82%B5%E3%82%A4%E3%83%88%29%20%E4%BC%9A%E7%A4%BE%E6%A6%82%E8%A6%81%20%E5%95%8F%E3%81%84%E5%90%88%E3%82%8F%E3%81%9B%20%E5%8D%B8,
Osmo,1,産業・研究開発用品,除外（会社名でない）,商品名/作品名/PB のため問い合わせ先が存在しない,A: 国内の第三者が2社以上で扱っている,会社名でない,manufacturer日本語,なし,エムケーケー※ご購入前に期限（コンディション欄に記載）をご確認ください,1,3,1985,B002AN3LMO,オスモカラー オスモウォッシュ＆ケアー 1L,https://www.amazon.co.jp/dp/B002AN3LMO,https://www.google.com/search?q=Osmo%20%E4%BC%9A%E7%A4%BE%E6%A6%82%E8%A6%81%20%E5%95%8F%E3%81%84%E5%90%88%E3%82%8F%E3%81%9B%20%E5%8D%B8,
Pure(ピュア),1,ファッション,除外（会社名でない）,商品名/作品名/PB のため問い合わせ先が存在しない,A: 国内の第三者が2社以上で扱っている,会社名でない,manufacturer日本語／メーカー名日本語,なし,ティーズマルシェ / ジーエスレック総合ストア,2,3,1184,B09T71QDMR,PURE スリム エクストリーム ロング フィルター 6mm x 30mm バリューパック600 ×４個セット 手巻き用,https://www.amazon.co.jp/dp/B09T71QDMR,https://www.google.com/search?q=Pure%28%E3%83%94%E3%83%A5%E3%82%A2%29%20%E4%BC%9A%E7%A4%BE%E6%A6%82%E8%A6%81%20%E5%95%8F%E3%81%84%E5%90%88%E3%82%8F%E3%81%9B%20%E5%8D%B8,
Relife,1,ファッション,除外（会社名でない）,商品名/作品名/PB のため問い合わせ先が存在しない,A: 国内の第三者が2社以上で扱っている,会社名でない,JAN45/49,なし,コロポックル商会 / バッグ&ラゲージ､傘の店Domani / Be-Live（ビーリブ）,4,5,354,B006YKJY98,Relife スクールバッグ ボストンバッグ メーカー品番(1099) ネイビー/グレー,https://www.amazon.co.jp/dp/B006YKJY98,https://www.google.com/search?q=Relife%20%E4%BC%9A%E7%A4%BE%E6%A6%82%E8%A6%81%20%E5%95%8F%E3%81%84%E5%90%88%E3%82%8F%E3%81%9B%20%E5%8D%B8,
au(エーユー),1,パソコン・周辺機器,除外（会社名でない）,商品名/作品名/PB のため問い合わせ先が存在しない,A: 国内の第三者が2社以上で扱っている,会社名でない,JAN45/49／メーカー名日本語,なし,Go Japan 株式会社 / ポケットモール / アキバ問屋市場,6,6,8618,B0CWKZLVFJ,Speed Wi-Fi HOME 5G L13 ZTR02 [ホワイト],https://www.amazon.co.jp/dp/B0CWKZLVFJ,https://www.google.com/search?q=au%28%E3%82%A8%E3%83%BC%E3%83%A6%E3%83%BC%29%20%E4%BC%9A%E7%A4%BE%E6%A6%82%E8%A6%81%20%E5%95%8F%E3%81%84%E5%90%88%E3%82%8F%E3%81%9B%20%E5%8D%B8,
hololive OFFICIAL CARD GAME,1,おもちゃ,除外（会社名でない）,商品名/作品名/PB のため問い合わせ先が存在しない,A: 国内の第三者が2社以上で扱っている,会社名でない,JAN45/49,なし,Y・M SHOP（適格請求書発行事業者） / TM オンライン,2,3,2800,B0GJRZV9MJ,hololive OFFICIAL CARD GAME ブースターパック「キュリアスユニバース」（BOX：12パック入り,https://www.amazon.co.jp/dp/B0GJRZV9MJ,https://www.google.com/search?q=hololive%20OFFICIAL%20CARD%20GAME%20%E4%BC%9A%E7%A4%BE%E6%A6%82%E8%A6%81%20%E5%95%8F%E3%81%84%E5%90%88%E3%82%8F%E3%81%9B%20%E5%8D%B8,
うんちが臭わない袋BOS,1,ペット用品,除外（会社名でない）,商品名/作品名/PB のため問い合わせ先が存在しない,A: 国内の第三者が2社以上で扱っている,会社名でない,JAN45/49／メーカー名日本語,なし,ウエルシアドットコム 【WP岡山西大寺東店西日本地域】 【WPロジプレイス八王子店東日本地域】 / GARDENINA（ガーデニーナ） / 通販できるみんなのお薬（みんなのお薬）,4,4,3022,B072JLT9D7,うんちが臭わない袋BOS ペット用箱型 SS 200枚 × 5個,https://www.amazon.co.jp/dp/B072JLT9D7,https://www.google.com/search?q=%E3%81%86%E3%82%93%E3%81%A1%E3%81%8C%E8%87%AD%E3%82%8F%E3%81%AA%E3%81%84%E8%A2%8BBOS%20%E4%BC%9A%E7%A4%BE%E6%A6%82%E8%A6%81%20%E5%95%8F%E3%81%84%E5%90%88%E3%82%8F%E3%81%9B%20%E5%8D%B8,
どうぶつの森,1,おもちゃ,除外（会社名でない）,商品名/作品名/PB のため問い合わせ先が存在しない,A: 国内の第三者が2社以上で扱っている,会社名でない,メーカー名日本語,なし,ゴールデンホビー / 1100円以上購入で土日祝日配送☆tarou1000ショップ / ＭＩＸ千林商店街,3,3,350,B09KX5SP8T,どうぶつの森amiiboカード 433 ミッチェル,https://www.amazon.co.jp/dp/B09KX5SP8T,https://www.google.com/search?q=%E3%81%A9%E3%81%86%E3%81%B6%E3%81%A4%E3%81%AE%E6%A3%AE%20%E4%BC%9A%E7%A4%BE%E6%A6%82%E8%A6%81%20%E5%95%8F%E3%81%84%E5%90%88%E3%82%8F%E3%81%9B%20%E5%8D%B8,
コジマ（PB）,1,ペット用品,除外（会社名でない）,商品名/作品名/PB のため問い合わせ先が存在しない,A: 国内の第三者が2社以上で扱っている,会社名でない,メーカー名日本語,なし,ルビアオンライン / みやたけ商店(インボイス登録済み) / 夢民本舗,4,6,633,B07ZTKV67K,コジマ（PB） 大地の恵み La Terra ハムスター リス プレミアム ミックスフード フルーツ 180g×3個 (,https://www.amazon.co.jp/dp/B07ZTKV67K,https://www.google.com/search?q=%E3%82%B3%E3%82%B8%E3%83%9E%EF%BC%88PB%EF%BC%89%20%E4%BC%9A%E7%A4%BE%E6%A6%82%E8%A6%81%20%E5%95%8F%E3%81%84%E5%90%88%E3%82%8F%E3%81%9B%20%E5%8D%B8,
ストレッチングボード,1,スポーツ＆アウトドア,除外（会社名でない）,商品名/作品名/PB のため問い合わせ先が存在しない,A: 国内の第三者が2社以上で扱っている,会社名でない,JAN45/49／manufacturer日本語／メーカー名日本語,なし,ティーズマルシェ / 🇫【年中無休】健康美容用品専門店Frontrunner,2,3,4556,B000BK6CHE,【純国産】ストレッチボード アサヒ ストレッチングボード足首ストレッチ ふくらはぎストレッチ アキレス腱伸ばし 足首を柔,https://www.amazon.co.jp/dp/B000BK6CHE,https://www.google.com/search?q=%E3%82%B9%E3%83%88%E3%83%AC%E3%83%83%E3%83%81%E3%83%B3%E3%82%B0%E3%83%9C%E3%83%BC%E3%83%89%20%E4%BC%9A%E7%A4%BE%E6%A6%82%E8%A6%81%20%E5%95%8F%E3%81%84%E5%90%88%E3%82%8F%E3%81%9B%20%E5%8D%B8,
スプラトゥーン3,1,おもちゃ,除外（会社名でない）,商品名/作品名/PB のため問い合わせ先が存在しない,A: 国内の第三者が2社以上で扱っている,会社名でない,JAN45/49／manufacturer日本語／メーカー名日本語,なし,新明堂本舗【インボイス登録事業者】 / General_shop【適格請求書発行事業者】 / カジュアルバッグ屋イーグル,4,4,1742,B0D2Q1N7CH,スプラトゥーン3 サメライド フロート 浮き輪 プール 水遊び ボート,https://www.amazon.co.jp/dp/B0D2Q1N7CH,https://www.google.com/search?q=%E3%82%B9%E3%83%97%E3%83%A9%E3%83%88%E3%82%A5%E3%83%BC%E3%83%B33%20%E4%BC%9A%E7%A4%BE%E6%A6%82%E8%A6%81%20%E5%95%8F%E3%81%84%E5%90%88%E3%82%8F%E3%81%9B%20%E5%8D%B8,
フィットフィンガートレーニング,1,スポーツ＆アウトドア,除外（会社名でない）,商品名/作品名/PB のため問い合わせ先が存在しない,A: 国内の第三者が2社以上で扱っている,会社名でない,JAN45/49／manufacturer日本語／メーカー名日本語／日本法人格,なし,Pick Fit(ピックフィット) / へるすぴあ店※14時までに在庫のあるもので確認できた注文は当日発送土日祝日除く,2,3,1398,B018O015OW,フロッグハンド ハードタイプ [正規品] 簡単足指トレーニング,https://www.amazon.co.jp/dp/B018O015OW,https://www.google.com/search?q=%E3%83%95%E3%82%A3%E3%83%83%E3%83%88%E3%83%95%E3%82%A3%E3%83%B3%E3%82%AC%E3%83%BC%E3%83%88%E3%83%AC%E3%83%BC%E3%83%8B%E3%83%B3%E3%82%B0%20%E4%BC%9A%E7%A4%BE%E6%A6%82%E8%A6%81%20%E5%95%8F%E3%81%84%E5%90%88%E3%82%8F%E3%81%9B%20%E5%8D%B8,
ワンナイト人狼,1,おもちゃ,除外（会社名でない）,商品名/作品名/PB のため問い合わせ先が存在しない,A: 国内の第三者が2社以上で扱っている,会社名でない,JAN45/49／manufacturer日本語／メーカー名日本語,なし,ボードゲームカフェ7Gold,1,2,439,B00DS4125C,ワンナイト人狼,https://www.amazon.co.jp/dp/B00DS4125C,https://www.google.com/search?q=%E3%83%AF%E3%83%B3%E3%83%8A%E3%82%A4%E3%83%88%E4%BA%BA%E7%8B%BC%20%E4%BC%9A%E7%A4%BE%E6%A6%82%E8%A6%81%20%E5%95%8F%E3%81%84%E5%90%88%E3%82%8F%E3%81%9B%20%E5%8D%B8,
懐石,1,ペット用品,除外（会社名でない）,商品名/作品名/PB のため問い合わせ先が存在しない,A: 国内の第三者が2社以上で扱っている,会社名でない,JAN45/49／manufacturer日本語／メーカー名日本語,なし,夕彩ストア / スピーディーショップ本店,2,3,259,B0BY97TPLC,ジェーピースタイル 和の究み ドッグフード 小粒 1歳から【国産/アルミ小分け】 1.8kg(300g×6),https://www.amazon.co.jp/dp/B0BY97TPLC,https://www.google.com/search?q=%E6%87%90%E7%9F%B3%20%E4%BC%9A%E7%A4%BE%E6%A6%82%E8%A6%81%20%E5%95%8F%E3%81%84%E5%90%88%E3%82%8F%E3%81%9B%20%E5%8D%B8,
日本のオラクルカード・タロットカード全集,1,おもちゃ,除外（会社名でない）,商品名/作品名/PB のため問い合わせ先が存在しない,A: 国内の第三者が2社以上で扱っている,会社名でない,JAN45/49／メーカー名日本語,なし,プレミアブックス ラボ【本・オラクルカード・雑貨 お取り扱い】 / Global Healing 【新品から絶版品まで幅広い商品を取り扱い中！】,2,2,1495,B0FCXW7YTT,しろふわくんのしあわせ運ぶオラクルカード ｜ enoko ｜ カード36枚 日本語解説紙付き【正規品】,https://www.amazon.co.jp/dp/B0FCXW7YTT,https://www.google.com/search?q=%E6%97%A5%E6%9C%AC%E3%81%AE%E3%82%AA%E3%83%A9%E3%82%AF%E3%83%AB%E3%82%AB%E3%83%BC%E3%83%89%E3%83%BB%E3%82%BF%E3%83%AD%E3%83%83%E3%83%88%E3%82%AB%E3%83%BC%E3%83%89%E5%85%A8%E9%9B%86%20%E4%BC%9A%E7%A4%BE%E6%A6%82%E8%A6%81%20%E5%95%8F%E3%81%84%E5%90%88%E3%82%8F%E3%81%9B%20%E5%8D%B8,
消臭ストロング,1,産業・研究開発用品,除外（会社名でない）,商品名/作品名/PB のため問い合わせ先が存在しない,A: 国内の第三者が2社以上で扱っている,会社名でない,JAN45/49／manufacturer日本語／メーカー名日本語,なし,グッドワンYAMAGUCHI / 1167ネットストア / JET商店(すり替え・偽造品対策店）,3,4,403,B00Y7EV5FY,KAO 【業務用 衣料用洗剤】アタック 消臭ストロング ジェル 4Kg(花王プロフェッショナルシリーズ),https://www.amazon.co.jp/dp/B00Y7EV5FY,https://www.google.com/search?q=%E6%B6%88%E8%87%AD%E3%82%B9%E3%83%88%E3%83%AD%E3%83%B3%E3%82%B0%20%E4%BC%9A%E7%A4%BE%E6%A6%82%E8%A6%81%20%E5%95%8F%E3%81%84%E5%90%88%E3%82%8F%E3%81%9B%20%E5%8D%B8,
空調服,1,家電＆カメラ,除外（会社名でない）,商品名/作品名/PB のため問い合わせ先が存在しない,A: 国内の第三者が2社以上で扱っている,会社名でない,メーカー名日本語,なし,"クーセレクトショップ / 【適格請求書発行事業者】匠屋 / Soaring Partners～ 保冷剤,ヒトデ忌避剤,クーラーショックをご用意ございます～",4,4,4135,B0B2JFDP2B,空調服 R バッテリー単体 BTSP1 作業着,https://www.amazon.co.jp/dp/B0B2JFDP2B,https://www.google.com/search?q=%E7%A9%BA%E8%AA%BF%E6%9C%8D%20%E4%BC%9A%E7%A4%BE%E6%A6%82%E8%A6%81%20%E5%95%8F%E3%81%84%E5%90%88%E3%82%8F%E3%81%9B%20%E5%8D%B8,
辻希美プロデュース,1,ベビー＆マタニティ,除外（会社名でない）,商品名/作品名/PB のため問い合わせ先が存在しない,A: 国内の第三者が2社以上で扱っている,会社名でない,JAN45/49／メーカー名日本語,なし,あじあ堂 / ティーナエアコン / HINAストア【インボイス発行事業者】正規品取扱,3,5,2262,B0CC8KLLZT,辻希美 プロデュース 骨盤ベルト 正規販売店 腰用 骨盤ケア 骨盤補正固定バンド カーブベルトプロテクト (L-LL),https://www.amazon.co.jp/dp/B0CC8KLLZT,https://www.google.com/search?q=%E8%BE%BB%E5%B8%8C%E7%BE%8E%E3%83%97%E3%83%AD%E3%83%87%E3%83%A5%E3%83%BC%E3%82%B9%20%E4%BC%9A%E7%A4%BE%E6%A6%82%E8%A6%81%20%E5%95%8F%E3%81%84%E5%90%88%E3%82%8F%E3%81%9B%20%E5%8D%B8,
Anker,29,パソコン・周辺機器,除外（日本実体の証拠なし）,JAN45/49・日本語社名・日本法人格のいずれも無し,A: 国内の第三者が2社以上で扱っている,規模未確認（大きい可能性あり）,なし,なし,イーエスドラッグ / ◆ラピスラズリ(適格請求書発行事業者・インボイス対応) / Useful Summit Store【コンディションにて賞味期限を確認願います】,5,5,4135,B0DRD68WDZ,"Anker Charger (140W, 4 Ports) with USB-C & USB-C ケーブル ダークグレー",https://www.amazon.co.jp/dp/B0DRD68WDZ,https://www.google.com/search?q=Anker%20%E4%BC%9A%E7%A4%BE%E6%A6%82%E8%A6%81%20%E5%95%8F%E3%81%84%E5%90%88%E3%82%8F%E3%81%9B%20%E5%8D%B8,
UGREEN,24,家電＆カメラ,除外（日本実体の証拠なし）,JAN45/49・日本語社名・日本法人格のいずれも無し,A: 国内の第三者が2社以上で扱っている,規模未確認（大きい可能性あり）,なし,なし,Online shop フィーロ【適格請求書発行事業者】 / 両国駅前堂 / SK堂本店,3,4,2011,B0D5415Q27,UGREEN FineTrack Slim Smart Finder 紛失防止タグ トラッカーカード スリム1.7ｍｍ超,https://www.amazon.co.jp/dp/B0D5415Q27,https://www.google.com/search?q=UGREEN%20%E4%BC%9A%E7%A4%BE%E6%A6%82%E8%A6%81%20%E5%95%8F%E3%81%84%E5%90%88%E3%82%8F%E3%81%9B%20%E5%8D%B8,
LxTek,14,パソコン・周辺機器,除外（日本実体の証拠なし）,JAN45/49・日本語社名・日本法人格のいずれも無し,A: 国内の第三者が2社以上で扱っている,規模未確認,なし,なし,YG印刷専門家SHOP,1,3,616,B07WQXH8VB,LxTek KAM-6CL-L 7本セット エプソン用 インク カメ Epson用 かめ EP-886AW EP-882,https://www.amazon.co.jp/dp/B07WQXH8VB,https://www.google.com/search?q=LxTek%20%E4%BC%9A%E7%A4%BE%E6%A6%82%E8%A6%81%20%E5%95%8F%E3%81%84%E5%90%88%E3%82%8F%E3%81%9B%20%E5%8D%B8,
Soundcore,13,家電＆カメラ,除外（日本実体の証拠なし）,JAN45/49・日本語社名・日本法人格のいずれも無し,A: 国内の第三者が2社以上で扱っている,規模未確認,なし,なし,ギアショップ2号店 / COZY☆安心ストア / Kz select【公式】,4,6,4250,B0B5WD4CMW,Anker Soundcore Space Q45 ブラック,https://www.amazon.co.jp/dp/B0B5WD4CMW,https://www.google.com/search?q=Soundcore%20%E4%BC%9A%E7%A4%BE%E6%A6%82%E8%A6%81%20%E5%95%8F%E3%81%84%E5%90%88%E3%82%8F%E3%81%9B%20%E5%8D%B8,
Gudluky,11,家電＆カメラ,除外（日本実体の証拠なし）,JAN45/49・日本語社名・日本法人格のいずれも無し,A: 国内の第三者が2社以上で扱っている,規模未確認,なし,なし,LiuGng-JPストア,1,4,759,B0FLQL634T,iPhone17 iPhone16 充電器 Type-C PD-20W 急速充電 [PSE認証済み] 2M たいぷしー ,https://www.amazon.co.jp/dp/B0FLQL634T,https://www.google.com/search?q=Gudluky%20%E4%BC%9A%E7%A4%BE%E6%A6%82%E8%A6%81%20%E5%95%8F%E3%81%84%E5%90%88%E3%82%8F%E3%81%9B%20%E5%8D%B8,
Dyoac,10,家電＆カメラ,除外（日本実体の証拠なし）,JAN45/49・日本語社名・日本法人格のいずれも無し,A: 国内の第三者が2社以上で扱っている,規模未確認,なし,なし,有限会社イコウトレーディング,1,3,1406,B0F5HSHQ83,Dyoac エアタグ カード【全機種対応／米国製チップ／超薄1.6mm／最大10年使用】airtag apple and,https://www.amazon.co.jp/dp/B0F5HSHQ83,https://www.google.com/search?q=Dyoac%20%E4%BC%9A%E7%A4%BE%E6%A6%82%E8%A6%81%20%E5%95%8F%E3%81%84%E5%90%88%E3%82%8F%E3%81%9B%20%E5%8D%B8,
BOIFUN,6,家電＆カメラ,除外（日本実体の証拠なし）,JAN45/49・日本語社名・日本法人格のいずれも無し,A: 国内の第三者が2社以上で扱っている,規模未確認,なし,なし,MomBackL｜プレミアム直販店・2年保証（2015年創業メーカー）,1,2,6443,B0DZCHSN2P,【2026新登場・15.6インチ大画面・2年保証】 ポータブルDVDプレーヤー BOIFUN CD・DVDプレーヤーポー,https://www.amazon.co.jp/dp/B0DZCHSN2P,https://www.google.com/search?q=BOIFUN%20%E4%BC%9A%E7%A4%BE%E6%A6%82%E8%A6%81%20%E5%95%8F%E3%81%84%E5%90%88%E3%82%8F%E3%81%9B%20%E5%8D%B8,
Betenet,6,DIY・工具・ガーデン,除外（日本実体の証拠なし）,JAN45/49・日本語社名・日本法人格のいずれも無し,A: 国内の第三者が2社以上で扱っている,規模未確認,なし,なし,Sumbai JP【正規品・全品１年保証付】,1,5,3087,B0G8WGYH2P,チェーンソー充電式【1本2役・6インチ高枝チェンソー・ハンディチェーンソー】ブラシレスモーター 2個2.0Ahバッテリー,https://www.amazon.co.jp/dp/B0G8WGYH2P,https://www.google.com/search?q=Betenet%20%E4%BC%9A%E7%A4%BE%E6%A6%82%E8%A6%81%20%E5%95%8F%E3%81%84%E5%90%88%E3%82%8F%E3%81%9B%20%E5%8D%B8,
COOAU,6,家電＆カメラ,除外（日本実体の証拠なし）,JAN45/49・日本語社名・日本法人格のいずれも無し,A: 国内の第三者が2社以上で扱っている,規模未確認,なし,なし,ことじろう,1,4,2636,B0BRXYCTZK,【500万高画素 ・遠距離も超精細】COOAU 防犯カメラ 屋外 ワイヤレス/wifi 5MP/1944P 遠距離暗視 ,https://www.amazon.co.jp/dp/B0BRXYCTZK,https://www.google.com/search?q=COOAU%20%E4%BC%9A%E7%A4%BE%E6%A6%82%E8%A6%81%20%E5%95%8F%E3%81%84%E5%90%88%E3%82%8F%E3%81%9B%20%E5%8D%B8,
GPC Image Flex,6,パソコン・周辺機器,除外（日本実体の証拠なし）,JAN45/49・日本語社名・日本法人格のいずれも無し,A: 国内の第三者が2社以上で扱っている,規模未確認,なし,なし,互換インク専門家,1,2,634,B0BNTCG5PN,GPC Image Flex LC3117 lc3119 4本 ブラザー 用 インク 3117 純正と併用 Brothe,https://www.amazon.co.jp/dp/B0BNTCG5PN,https://www.google.com/search?q=GPC%20Image%20Flex%20%E4%BC%9A%E7%A4%BE%E6%A6%82%E8%A6%81%20%E5%95%8F%E3%81%84%E5%90%88%E3%82%8F%E3%81%9B%20%E5%8D%B8,
GPC Image,5,パソコン・周辺機器,除外（日本実体の証拠なし）,JAN45/49・日本語社名・日本法人格のいずれも無し,A: 国内の第三者が2社以上で扱っている,規模未確認,なし,なし,インク専門家 / YG印刷専門家SHOP,2,3,426,B09WV28ZDH,GPC Image LC3111-4PK ブラザー 用 インク 純正と併用可能 brother 用 LC3111-3PK,https://www.amazon.co.jp/dp/B09WV28ZDH,https://www.google.com/search?q=GPC%20Image%20%E4%BC%9A%E7%A4%BE%E6%A6%82%E8%A6%81%20%E5%95%8F%E3%81%84%E5%90%88%E3%82%8F%E3%81%9B%20%E5%8D%B8,
JIT,5,パソコン・周辺機器,除外（日本実体の証拠なし）,JAN45/49・日本語社名・日本法人格のいずれも無し,A: 国内の第三者が2社以上で扱っている,規模未確認,なし,なし,生活のエッセンス / ダイワ / ジットダイレクト,3,4,1820,B07H7FNZNP,BC-340XL BC-341XL キヤノン用 Canon ジット リサイクルインク ブラック 黒 カラー 大容量 2個,https://www.amazon.co.jp/dp/B07H7FNZNP,https://www.google.com/search?q=JIT%20%E4%BC%9A%E7%A4%BE%E6%A6%82%E8%A6%81%20%E5%95%8F%E3%81%84%E5%90%88%E3%82%8F%E3%81%9B%20%E5%8D%B8,
Lexar,5,パソコン・周辺機器,除外（日本実体の証拠なし）,JAN45/49・日本語社名・日本法人格のいずれも無し,A: 国内の第三者が2社以上で扱っている,規模未確認,なし,なし,フラッシュ市場 / 【インボイス対応】フローレッド / トク得本舗【マケプレお急ぎ便対応店】,4,6,5092,B0FJLWGL9W,Lexar Professional シルバーシリーズ CFexpress 4.0 Type A カード 256GB C,https://www.amazon.co.jp/dp/B0FJLWGL9W,https://www.google.com/search?q=Lexar%20%E4%BC%9A%E7%A4%BE%E6%A6%82%E8%A6%81%20%E5%95%8F%E3%81%84%E5%90%88%E3%82%8F%E3%81%9B%20%E5%8D%B8,
KEENKLE,4,パソコン・周辺機器,除外（日本実体の証拠なし）,JAN45/49・日本語社名・日本法人格のいずれも無し,A: 国内の第三者が2社以上で扱っている,規模未確認,なし,なし,YG印刷専門家SHOP,1,2,500,B0F5Q4B5W9,TN-29J TN29J Brother トナー 用 カートリッジ TN29J 2本セット ブラザー 用 トナー 29J,https://www.amazon.co.jp/dp/B0F5Q4B5W9,https://www.google.com/search?q=KEENKLE%20%E4%BC%9A%E7%A4%BE%E6%A6%82%E8%A6%81%20%E5%95%8F%E3%81%84%E5%90%88%E3%82%8F%E3%81%9B%20%E5%8D%B8,
ProtoArc,4,パソコン・周辺機器,除外（日本実体の証拠なし）,JAN45/49・日本語社名・日本法人格のいずれも無し,A: 国内の第三者が2社以上で扱っている,規模未確認,なし,なし,理茂生活ストア,1,2,2702,B0FNKZ6666,【革新版】ProtoArc EM11 NL エルゴノミクスマウス 縦型58° 静音 無線 Bluetooth 2.4GH,https://www.amazon.co.jp/dp/B0FNKZ6666,https://www.google.com/search?q=ProtoArc%20%E4%BC%9A%E7%A4%BE%E6%A6%82%E8%A6%81%20%E5%95%8F%E3%81%84%E5%90%88%E3%82%8F%E3%81%9B%20%E5%8D%B8,
SHEENGO,4,パソコン・周辺機器,除外（日本実体の証拠なし）,JAN45/49・日本語社名・日本法人格のいずれも無し,A: 国内の第三者が2社以上で扱っている,規模未確認,なし,なし,互換インク専門家,1,3,617,B0BJJP5W75,SHEENGO BCI-330XL BCI-331XL キャノン 用 インク 331 330 純正と併用 ts8630 ,https://www.amazon.co.jp/dp/B0BJJP5W75,https://www.google.com/search?q=SHEENGO%20%E4%BC%9A%E7%A4%BE%E6%A6%82%E8%A6%81%20%E5%95%8F%E3%81%84%E5%90%88%E3%82%8F%E3%81%9B%20%E5%8D%B8,
ejet,4,パソコン・周辺機器,除外（日本実体の証拠なし）,JAN45/49・日本語社名・日本法人格のいずれも無し,A: 国内の第三者が2社以上で扱っている,規模未確認,なし,なし,互換インク専門家 / インク専門家,2,3,585,B08LVK775V,ejet SAT SAT-6CL エプソン 用 インク サツマイモ 純正と併用可能 epson 用 プリンター インク ,https://www.amazon.co.jp/dp/B08LVK775V,https://www.google.com/search?q=ejet%20%E4%BC%9A%E7%A4%BE%E6%A6%82%E8%A6%81%20%E5%95%8F%E3%81%84%E5%90%88%E3%82%8F%E3%81%9B%20%E5%8D%B8,
52TOYS,3,ホビー,除外（日本実体の証拠なし）,JAN45/49・日本語社名・日本法人格のいずれも無し,A: 国内の第三者が2社以上で扱っている,規模未確認,なし,なし,サンズオンラインストア,1,2,2658,B0FXGD5CQH,52TOYS BLINDBOX MINIONS(ミニオンズ) Bob+Tim Better Togatherシリーズ ビ,https://www.amazon.co.jp/dp/B0FXGD5CQH,https://www.google.com/search?q=52TOYS%20%E4%BC%9A%E7%A4%BE%E6%A6%82%E8%A6%81%20%E5%95%8F%E3%81%84%E5%90%88%E3%82%8F%E3%81%9B%20%E5%8D%B8,
HEIBAS,3,家電＆カメラ,除外（日本実体の証拠なし）,JAN45/49・日本語社名・日本法人格のいずれも無し,A: 国内の第三者が2社以上で扱っている,規模未確認,なし,なし,まーストアグローバル / セトウチInternational market,2,3,769,B0BG28NB7S,Bluetoothヘッドセット、ワイヤレスBluetoothイヤホン、500mAh充電ケース付き、72時間通話可能、iO,https://www.amazon.co.jp/dp/B0BG28NB7S,https://www.google.com/search?q=HEIBAS%20%E4%BC%9A%E7%A4%BE%E6%A6%82%E8%A6%81%20%E5%95%8F%E3%81%84%E5%90%88%E3%82%8F%E3%81%9B%20%E5%8D%B8,
Ibealuty,3,ホーム＆キッチン,除外（日本実体の証拠なし）,JAN45/49・日本語社名・日本法人格のいずれも無し,A: 国内の第三者が2社以上で扱っている,規模未確認,なし,なし,Maiyanli01【メーカー1年保証あり・365日サポート】,1,2,634,B09X9WQQ9T,vioシェーバー レディース 電気シェーバー 女性 【プロ美容師が監修】 鼻毛カッター 眉毛シェーバー 多機能 ムダ毛処,https://www.amazon.co.jp/dp/B09X9WQQ9T,https://www.google.com/search?q=Ibealuty%20%E4%BC%9A%E7%A4%BE%E6%A6%82%E8%A6%81%20%E5%95%8F%E3%81%84%E5%90%88%E3%82%8F%E3%81%9B%20%E5%8D%B8,
Rolling Square,3,パソコン・周辺機器,除外（日本実体の証拠なし）,JAN45/49・日本語社名・日本法人格のいずれも無し,A: 国内の第三者が2社以上で扱っている,規模未確認,なし,なし,日本総代理店_MOD,1,2,1968,B0BLD36VX6,Rolling Square 【公式】inCharge XL 30cm 充電ケーブル マルチUSBケーブル 6-in-1,https://www.amazon.co.jp/dp/B0BLD36VX6,https://www.google.com/search?q=Rolling%20Square%20%E4%BC%9A%E7%A4%BE%E6%A6%82%E8%A6%81%20%E5%95%8F%E3%81%84%E5%90%88%E3%82%8F%E3%81%9B%20%E5%8D%B8,
WORKPRO,3,DIY・工具・ガーデン,除外（日本実体の証拠なし）,JAN45/49・日本語社名・日本法人格のいずれも無し,A: 国内の第三者が2社以上で扱っている,規模未確認,なし,なし,輸入雑貨店｜Florida Store / ミツ商店 / Iba shop（輸入品専門店）,4,4,643,B0D5H3R55F,WORKPRO オートセンターポンチ 自動ポンチ 3点セット 交換用チップ付き 超硬チップ 打撃力調整可能 目印 打刻 ,https://www.amazon.co.jp/dp/B0D5H3R55F,https://www.google.com/search?q=WORKPRO%20%E4%BC%9A%E7%A4%BE%E6%A6%82%E8%A6%81%20%E5%95%8F%E3%81%84%E5%90%88%E3%82%8F%E3%81%9B%20%E5%8D%B8,
Yaizk,3,家電＆カメラ,除外（日本実体の証拠なし）,JAN45/49・日本語社名・日本法人格のいずれも無し,A: 国内の第三者が2社以上で扱っている,規模未確認,なし,なし,ZLM株式会社,1,3,623,B0FKHG3V7P,Bluetooth 5.4 トランスミッター ＆ レシーバー 2-in-1 送受信両対応 CDクオリティ LEDディスプ,https://www.amazon.co.jp/dp/B0FKHG3V7P,https://www.google.com/search?q=Yaizk%20%E4%BC%9A%E7%A4%BE%E6%A6%82%E8%A6%81%20%E5%95%8F%E3%81%84%E5%90%88%E3%82%8F%E3%81%9B%20%E5%8D%B8,
Aiolo Innovation,2,パソコン・周辺機器,除外（日本実体の証拠なし）,JAN45/49・日本語社名・日本法人格のいずれも無し,A: 国内の第三者が2社以上で扱っている,規模未確認,なし,なし,並行輸入SHOP QOL / prime ショッピング（1st） / K'z プラザ,3,5,4398,B0CF4S4C2S,AIOLO INNOVATION 320GB 外付け ハードディスク USB3.0超薄型ポータブル外付けHDD,https://www.amazon.co.jp/dp/B0CF4S4C2S,https://www.google.com/search?q=Aiolo%20Innovation%20%E4%BC%9A%E7%A4%BE%E6%A6%82%E8%A6%81%20%E5%95%8F%E3%81%84%E5%90%88%E3%82%8F%E3%81%9B%20%E5%8D%B8,
Aulumu,2,家電＆カメラ,除外（日本実体の証拠なし）,JAN45/49・日本語社名・日本法人格のいずれも無し,A: 国内の第三者が2社以上で扱っている,規模未確認,なし,なし,MMKオンライン(商標出願中),1,2,3873,B0DTCXN8GP,Aulumu G09 スマホリング Magsafe対応 両面マグネット スタンド、ブラック,https://www.amazon.co.jp/dp/B0DTCXN8GP,https://www.google.com/search?q=Aulumu%20%E4%BC%9A%E7%A4%BE%E6%A6%82%E8%A6%81%20%E5%95%8F%E3%81%84%E5%90%88%E3%82%8F%E3%81%9B%20%E5%8D%B8,
CME,2,楽器・音響機器,除外（日本実体の証拠なし）,JAN45/49・日本語社名・日本法人格のいずれも無し,A: 国内の第三者が2社以上で扱っている,規模未確認,なし,なし,おくしん堂,1,4,3951,B0B9ZJG69B,CME MIDI Thru5 WC 1入力5出力 MIDI Thru ボックス 5ピンDIN MIDI 高速データ転送,https://www.amazon.co.jp/dp/B0B9ZJG69B,https://www.google.com/search?q=CME%20%E4%BC%9A%E7%A4%BE%E6%A6%82%E8%A6%81%20%E5%95%8F%E3%81%84%E5%90%88%E3%82%8F%E3%81%9B%20%E5%8D%B8,
Cheery,2,家電＆カメラ,除外（日本実体の証拠なし）,JAN45/49・日本語社名・日本法人格のいずれも無し,A: 国内の第三者が2社以上で扱っている,規模未確認,なし,なし,VAN HAIショップ,1,2,1308,B0GGHDG4DN,モバイルバッテリー 大容量 35000mAh 【4本ケーブル内蔵・4台同時充電】 急速充電 LCD残量表示 Type-C,https://www.amazon.co.jp/dp/B0GGHDG4DN,https://www.google.com/search?q=Cheery%20%E4%BC%9A%E7%A4%BE%E6%A6%82%E8%A6%81%20%E5%95%8F%E3%81%84%E5%90%88%E3%82%8F%E3%81%9B%20%E5%8D%B8,
Ci-Fotto,2,家電＆カメラ,除外（日本実体の証拠なし）,JAN45/49・日本語社名・日本法人格のいずれも無し,A: 国内の第三者が2社以上で扱っている,規模未確認,なし,なし,モリーコストア（インボイス対応） / メゾンレーヴ,2,2,8256,B0CKMHNM3L,LEDフォトビデオライト3個パック、調光可能な5600K USB LED連続照明キット。,https://www.amazon.co.jp/dp/B0CKMHNM3L,https://www.google.com/search?q=Ci-Fotto%20%E4%BC%9A%E7%A4%BE%E6%A6%82%E8%A6%81%20%E5%95%8F%E3%81%84%E5%90%88%E3%82%8F%E3%81%9B%20%E5%8D%B8,
GOYOJO,2,産業・研究開発用品,除外（日本実体の証拠なし）,JAN45/49・日本語社名・日本法人格のいずれも無し,A: 国内の第三者が2社以上で扱っている,規模未確認,なし,なし,如意棒株式会社 / ウィズワン,2,2,5552,B0DX1PQCZR,GOYOJO サーモグラフィー サーマルカメラ 赤外線カメラ iOS15.0以上／Android7.0以上対応 192x,https://www.amazon.co.jp/dp/B0DX1PQCZR,https://www.google.com/search?q=GOYOJO%20%E4%BC%9A%E7%A4%BE%E6%A6%82%E8%A6%81%20%E5%95%8F%E3%81%84%E5%90%88%E3%82%8F%E3%81%9B%20%E5%8D%B8,
INTEX,2,DIY・工具・ガーデン,除外（日本実体の証拠なし）,JAN45/49・日本語社名・日本法人格のいずれも無し,A: 国内の第三者が2社以上で扱っている,規模未確認（大きい可能性あり）,なし,なし,マーマレードガール / マーキュリーオンラインストア / 良品市場　仙台支店,3,4,402,B0B8STKZY7,INTEX(インテックス) ポンプ ミニ USB エアーポンプ 【日本正規品】 66635,https://www.amazon.co.jp/dp/B0B8STKZY7,https://www.google.com/search?q=INTEX%20%E4%BC%9A%E7%A4%BE%E6%A6%82%E8%A6%81%20%E5%95%8F%E3%81%84%E5%90%88%E3%82%8F%E3%81%9B%20%E5%8D%B8,
JLab,2,家電＆カメラ,除外（日本実体の証拠なし）,JAN45/49・日本語社名・日本法人格のいずれも無し,A: 国内の第三者が2社以上で扱っている,規模未確認,なし,なし,☆ショップANNIE☆ / 浪越商店 / ウルノワ,3,5,2500,B0D3D61DXJ,JLab JBuddies Gen 2 折りたたみ式キッズ有線ヘッドフォン、ノイズアイソレーション、音量制限、対象年齢2,https://www.amazon.co.jp/dp/B0D3D61DXJ,https://www.google.com/search?q=JLab%20%E4%BC%9A%E7%A4%BE%E6%A6%82%E8%A6%81%20%E5%95%8F%E3%81%84%E5%90%88%E3%82%8F%E3%81%9B%20%E5%8D%B8,
LIXIL,2,DIY・工具・ガーデン,除外（日本実体の証拠なし）,JAN45/49・日本語社名・日本法人格のいずれも無し,A: 国内の第三者が2社以上で扱っている,規模未確認,なし,なし,ハイカラン屋【住設機器の激安ショップ】 / スイスイマート / 住宅設備のプロショップDOOON！！,4,5,5997,B08F57Y74H,INAX・LIXIL 洗濯機パン 【PF-9064C/NW1-BL】 中央排水 900×640 洗濯機防水パン,https://www.amazon.co.jp/dp/B08F57Y74H,https://www.google.com/search?q=LIXIL%20%E4%BC%9A%E7%A4%BE%E6%A6%82%E8%A6%81%20%E5%95%8F%E3%81%84%E5%90%88%E3%82%8F%E3%81%9B%20%E5%8D%B8,
Letibe,2,DIY・工具・ガーデン,除外（日本実体の証拠なし）,JAN45/49・日本語社名・日本法人格のいずれも無し,A: 国内の第三者が2社以上で扱っている,規模未確認,なし,なし,山海工芸製品株式会社,1,2,4354,B0F6BW3LRH,【日本優良企業】 45000mAh 56V 空調作業服 バッテリー 2026 業界最強 15Vから56Vまで調節可能 3,https://www.amazon.co.jp/dp/B0F6BW3LRH,https://www.google.com/search?q=Letibe%20%E4%BC%9A%E7%A4%BE%E6%A6%82%E8%A6%81%20%E5%95%8F%E3%81%84%E5%90%88%E3%82%8F%E3%81%9B%20%E5%8D%B8,
Marshall,2,家電＆カメラ,除外（日本実体の証拠なし）,JAN45/49・日本語社名・日本法人格のいずれも無し,A: 国内の第三者が2社以上で扱っている,規模未確認,なし,なし,入船商会四条(全国送料無料),1,3,9806,B0DD7T8H2Q,Marshall ワイヤレスポータブル防水スピーカー Willen II ブラック&ブラス 連続再生17時間/IP67防,https://www.amazon.co.jp/dp/B0DD7T8H2Q,https://www.google.com/search?q=Marshall%20%E4%BC%9A%E7%A4%BE%E6%A6%82%E8%A6%81%20%E5%95%8F%E3%81%84%E5%90%88%E3%82%8F%E3%81%9B%20%E5%8D%B8,
MiiElAOD,2,パソコン・周辺機器,除外（日本実体の証拠なし）,JAN45/49・日本語社名・日本法人格のいずれも無し,A: 国内の第三者が2社以上で扱っている,規模未確認,なし,なし,グローバルネットワークス【適格請求書発行事業者】,1,3,2125,B0BW48TLB2,"Seeeduino XIAO ESP32C3, IoT 制御シナリオ用の Wi-Fi と BLE を備えた Tiny M",https://www.amazon.co.jp/dp/B0BW48TLB2,https://www.google.com/search?q=MiiElAOD%20%E4%BC%9A%E7%A4%BE%E6%A6%82%E8%A6%81%20%E5%95%8F%E3%81%84%E5%90%88%E3%82%8F%E3%81%9B%20%E5%8D%B8,
NGK,2,車＆バイク,除外（日本実体の証拠なし）,JAN45/49・日本語社名・日本法人格のいずれも無し,A: 国内の第三者が2社以上で扱っている,規模未確認（大きい可能性あり）,なし,なし,パーツショップα(アルファ)《インボイス登録店》 / HINAストア【インボイス発行事業者】正規品取扱 / 俺のカー用品,4,5,5489,B0CPXPHH3N,NGK イグニッションコイル U5386 3本セット ダイハツ LA400K コペン/LA600S LA610S タント,https://www.amazon.co.jp/dp/B0CPXPHH3N,https://www.google.com/search?q=NGK%20%E4%BC%9A%E7%A4%BE%E6%A6%82%E8%A6%81%20%E5%95%8F%E3%81%84%E5%90%88%E3%82%8F%E3%81%9B%20%E5%8D%B8,
RiDATA,2,パソコン・周辺機器,除外（日本実体の証拠なし）,JAN45/49・日本語社名・日本法人格のいずれも無し,A: 国内の第三者が2社以上で扱っている,規模未確認,なし,なし,アールアイジャパン / ぎおんストア,2,2,2148,B0BFD889W8,・RIDATA 1回録画用 片面2層 1-4倍速 ブルーレイディスク 50GB スピンドルケース 50枚 ホワイトプリン,https://www.amazon.co.jp/dp/B0BFD889W8,https://www.google.com/search?q=RiDATA%20%E4%BC%9A%E7%A4%BE%E6%A6%82%E8%A6%81%20%E5%95%8F%E3%81%84%E5%90%88%E3%82%8F%E3%81%9B%20%E5%8D%B8,
SCYROX,2,パソコン・周辺機器,除外（日本実体の証拠なし）,JAN45/49・日本語社名・日本法人格のいずれも無し,A: 国内の第三者が2社以上で扱っている,規模未確認,なし,なし,パソコンSHOPアーク,1,3,6055,B0GKGM6QVH,SCYROX V6 軽量 ワイヤレスゲーミングマウス 40g Pixart 3950センサー 8k ドングル同梱済み k,https://www.amazon.co.jp/dp/B0GKGM6QVH,https://www.google.com/search?q=SCYROX%20%E4%BC%9A%E7%A4%BE%E6%A6%82%E8%A6%81%20%E5%95%8F%E3%81%84%E5%90%88%E3%82%8F%E3%81%9B%20%E5%8D%B8,
Sanlao,2,家電＆カメラ,除外（日本実体の証拠なし）,JAN45/49・日本語社名・日本法人格のいずれも無し,A: 国内の第三者が2社以上で扱っている,規模未確認,なし,なし,YSOBOOK株式会社,1,4,1196,B0FJ285HT1,【Amazon.co.jp限定】 業界初Bluetooth5.4 ヘッドホン bluetooth ワイヤレスヘッドホン ,https://www.amazon.co.jp/dp/B0FJ285HT1,https://www.google.com/search?q=Sanlao%20%E4%BC%9A%E7%A4%BE%E6%A6%82%E8%A6%81%20%E5%95%8F%E3%81%84%E5%90%88%E3%82%8F%E3%81%9B%20%E5%8D%B8,
TAROTIKA,2,おもちゃ,除外（日本実体の証拠なし）,JAN45/49・日本語社名・日本法人格のいずれも無し,A: 国内の第三者が2社以上で扱っている,規模未確認,なし,なし,ショップEDAMAME / ONE GOODS本店 / KOKOマート,3,5,2513,B0BN663GTR,タロットカード 初心者向け – カードに意味が書かれたタロットデッキ – Yes or No、占星術、惑星＆チャクラ付き,https://www.amazon.co.jp/dp/B0BN663GTR,https://www.google.com/search?q=TAROTIKA%20%E4%BC%9A%E7%A4%BE%E6%A6%82%E8%A6%81%20%E5%95%8F%E3%81%84%E5%90%88%E3%82%8F%E3%81%9B%20%E5%8D%B8,
UYIKOO,2,家電＆カメラ,除外（日本実体の証拠なし）,JAN45/49・日本語社名・日本法人格のいずれも無し,A: 国内の第三者が2社以上で扱っている,規模未確認,なし,なし,小型カメラ専門店（年中無休、丁寧な対応、迅速に発送） / LIK カメラ専門店（年中無休、丁寧な対応、迅速に発送）,2,2,4213,B0BBP8RLJL,小型カメラ 隠しカメラ メガネカメラ HD1080P画質 大容量128GB対応長時間録画 操作簡単 スパイカメラ 写真撮,https://www.amazon.co.jp/dp/B0BBP8RLJL,https://www.google.com/search?q=UYIKOO%20%E4%BC%9A%E7%A4%BE%E6%A6%82%E8%A6%81%20%E5%95%8F%E3%81%84%E5%90%88%E3%82%8F%E3%81%9B%20%E5%8D%B8,
WISHOLY,2,家電＆カメラ,除外（日本実体の証拠なし）,JAN45/49・日本語社名・日本法人格のいずれも無し,A: 国内の第三者が2社以上で扱っている,規模未確認,なし,なし,YAT亚艾特,1,3,4394,B0FGXPDF2S,WISHOLY プロジェクター 家庭用【Android TV搭載・270°回転】 プロジェクター 小型 27000LM ,https://www.amazon.co.jp/dp/B0FGXPDF2S,https://www.google.com/search?q=WISHOLY%20%E4%BC%9A%E7%A4%BE%E6%A6%82%E8%A6%81%20%E5%95%8F%E3%81%84%E5%90%88%E3%82%8F%E3%81%9B%20%E5%8D%B8,
YINCODI,2,家電＆カメラ,除外（日本実体の証拠なし）,JAN45/49・日本語社名・日本法人格のいずれも無し,A: 国内の第三者が2社以上で扱っている,規模未確認,なし,なし,JZY吉之源 / HXR恒鑫日,2,3,4532,B0FSS1VVGD,YINCODI プロジェクター 家庭用【業界初超小型＆軽量・Android TV 搭載・270°回転】 プロジェクター ,https://www.amazon.co.jp/dp/B0FSS1VVGD,https://www.google.com/search?q=YINCODI%20%E4%BC%9A%E7%A4%BE%E6%A6%82%E8%A6%81%20%E5%95%8F%E3%81%84%E5%90%88%E3%82%8F%E3%81%9B%20%E5%8D%B8,
Zeniss,2,家電＆カメラ,除外（日本実体の証拠なし）,JAN45/49・日本語社名・日本法人格のいずれも無し,A: 国内の第三者が2社以上で扱っている,規模未確認,なし,なし,cirの館 / rwno激安 / 直販ストア,3,3,603,B0BPHJRV4P,イヤホン【MFi認証品】 iphone用 有線イヤホン 純正 HiFi音質 通話可能 イヤホンマイク 遅延なし,https://www.amazon.co.jp/dp/B0BPHJRV4P,https://www.google.com/search?q=Zeniss%20%E4%BC%9A%E7%A4%BE%E6%A6%82%E8%A6%81%20%E5%95%8F%E3%81%84%E5%90%88%E3%82%8F%E3%81%9B%20%E5%8D%B8,
amBand,2,家電＆カメラ,除外（日本実体の証拠なし）,JAN45/49・日本語社名・日本法人格のいずれも無し,A: 国内の第三者が2社以上で扱っている,規模未確認,なし,なし,ty heart（ティ ハート） / リアルジョイ,2,5,1136,B0C2YWNGVV,"amBand Apple Watchバンド (38mm/40mm/41mm, ブラック)",https://www.amazon.co.jp/dp/B0C2YWNGVV,https://www.google.com/search?q=amBand%20%E4%BC%9A%E7%A4%BE%E6%A6%82%E8%A6%81%20%E5%95%8F%E3%81%84%E5%90%88%E3%82%8F%E3%81%9B%20%E5%8D%B8,
138OnlineShop,1,車＆バイク,除外（日本実体の証拠なし）,JAN45/49・日本語社名・日本法人格のいずれも無し,A: 国内の第三者が2社以上で扱っている,規模未確認,なし,なし,安心堂オンラインストア,1,2,1033,B0769JHP3N,138OnlineShop NGK スパークプラグ 品番 CR9E 6263 ネジ型 x4本セット エヌジーケー 日本特,https://www.amazon.co.jp/dp/B0769JHP3N,https://www.google.com/search?q=138OnlineShop%20%E4%BC%9A%E7%A4%BE%E6%A6%82%E8%A6%81%20%E5%95%8F%E3%81%84%E5%90%88%E3%82%8F%E3%81%9B%20%E5%8D%B8,
ACMEZING,1,家電＆カメラ,除外（日本実体の証拠なし）,JAN45/49・日本語社名・日本法人格のいずれも無し,A: 国内の第三者が2社以上で扱っている,規模未確認,なし,なし,ちん ぎ ひ / 販売店きょあいこう,2,4,1241,B0D7BZR4CY,スマホホルダー 車 ワイヤレス充電 マグネット 15W【360°自由調整·アルミ合金素材·安定性拔群】超強磁力,https://www.amazon.co.jp/dp/B0D7BZR4CY,https://www.google.com/search?q=ACMEZING%20%E4%BC%9A%E7%A4%BE%E6%A6%82%E8%A6%81%20%E5%95%8F%E3%81%84%E5%90%88%E3%82%8F%E3%81%9B%20%E5%8D%B8,
AOZTSUN,1,ベビー＆マタニティ,除外（日本実体の証拠なし）,JAN45/49・日本語社名・日本法人格のいずれも無し,A: 国内の第三者が2社以上で扱っている,規模未確認,なし,なし,souniq海外事業部,1,2,1044,B0C3L5X6LY,AOZTSUN ベビーモニターマウント Babysense HD S2/ V43モニターおよびその他のベビーモニターに対,https://www.amazon.co.jp/dp/B0C3L5X6LY,https://www.google.com/search?q=AOZTSUN%20%E4%BC%9A%E7%A4%BE%E6%A6%82%E8%A6%81%20%E5%95%8F%E3%81%84%E5%90%88%E3%82%8F%E3%81%9B%20%E5%8D%B8,
ASRock,1,パソコン・周辺機器,除外（日本実体の証拠なし）,JAN45/49・日本語社名・日本法人格のいずれも無し,A: 国内の第三者が2社以上で扱っている,規模未確認,なし,なし,株式会社コジマ / ノースフォワード / PC・チェンジネット【適格請求書対応】,3,5,11610,B09G8ZPNZG,ASRock マザーボード X570S PG Riptide AMD Ryzen 5000 シリーズ CPU (Soke,https://www.amazon.co.jp/dp/B09G8ZPNZG,https://www.google.com/search?q=ASRock%20%E4%BC%9A%E7%A4%BE%E6%A6%82%E8%A6%81%20%E5%95%8F%E3%81%84%E5%90%88%E3%82%8F%E3%81%9B%20%E5%8D%B8,
ASUS,1,パソコン・周辺機器,除外（日本実体の証拠なし）,JAN45/49・日本語社名・日本法人格のいずれも無し,A: 国内の第三者が2社以上で扱っている,規模未確認（大きい可能性あり）,なし,なし,株式会社ATF(適格請求書発行事業者) / 株式会社ad friend / Glocal Wings（シリアルナンバー登録・インボイス非対応）,3,5,9062,B089Y17DNC,ASUS TUF GAMING B550M-PLUS AMD Ryzen 5000シリーズ AM4 対応 B550 搭載,https://www.amazon.co.jp/dp/B089Y17DNC,https://www.google.com/search?q=ASUS%20%E4%BC%9A%E7%A4%BE%E6%A6%82%E8%A6%81%20%E5%95%8F%E3%81%84%E5%90%88%E3%82%8F%E3%81%9B%20%E5%8D%B8,
Amigo Spiel + Freizeit,1,おもちゃ,除外（日本実体の証拠なし）,JAN45/49・日本語社名・日本法人格のいずれも無し,A: 国内の第三者が2社以上で扱っている,規模未確認,なし,なし,ティーズマルシェ / ブルースカイ 【アフターサポートあり】日本総代理店 / ゆかいなさかな,5,6,357,B008P6BESS,虹色のヘビ (Regenbogen schlange) 日本語版 カードゲーム,https://www.amazon.co.jp/dp/B008P6BESS,https://www.google.com/search?q=Amigo%20Spiel%20%2B%20Freizeit%20%E4%BC%9A%E7%A4%BE%E6%A6%82%E8%A6%81%20%E5%95%8F%E3%81%84%E5%90%88%E3%82%8F%E3%81%9B%20%E5%8D%B8,
B3 BIGTHREE,1,パソコン・周辺機器,除外（日本実体の証拠なし）,JAN45/49・日本語社名・日本法人格のいずれも無し,A: 国内の第三者が2社以上で扱っている,規模未確認,なし,なし,セトウチInternational market / 久慈商店,2,4,4010,B09QM99ZTV,USB C ハブ 6-in-1 マルチポートアダプター、4K@60Hz HDMI、100W PD、2 つの USB-A ,https://www.amazon.co.jp/dp/B09QM99ZTV,https://www.google.com/search?q=B3%20BIGTHREE%20%E4%BC%9A%E7%A4%BE%E6%A6%82%E8%A6%81%20%E5%95%8F%E3%81%84%E5%90%88%E3%82%8F%E3%81%9B%20%E5%8D%B8,
BIUBLE,1,車＆バイク,除外（日本実体の証拠なし）,JAN45/49・日本語社名・日本法人格のいずれも無し,A: 国内の第三者が2社以上で扱っている,規模未確認,なし,なし,リジットモンキー / スノーウィン,2,4,6667,B08GYFP5JK,BIUBLE Jump Starter Car Jump Starter Auto Battery Booster Pa,https://www.amazon.co.jp/dp/B08GYFP5JK,https://www.google.com/search?q=BIUBLE%20%E4%BC%9A%E7%A4%BE%E6%A6%82%E8%A6%81%20%E5%95%8F%E3%81%84%E5%90%88%E3%82%8F%E3%81%9B%20%E5%8D%B8,
BMAXPAD,1,パソコン・周辺機器,除外（日本実体の証拠なし）,JAN45/49・日本語社名・日本法人格のいずれも無し,A: 国内の第三者が2社以上で扱っている,規模未確認,なし,なし,BMAXSEタブレット専門店 / BMAX 株式会社 / BMAX DIRECT【インボイス対応店】,3,3,6889,B0G5PQD5MK,【2026新登場 Android 16 タブレット 10インチ強化版】タブレット 10インチ wi-fiモデル 8コアC,https://www.amazon.co.jp/dp/B0G5PQD5MK,https://www.google.com/search?q=BMAXPAD%20%E4%BC%9A%E7%A4%BE%E6%A6%82%E8%A6%81%20%E5%95%8F%E3%81%84%E5%90%88%E3%82%8F%E3%81%9B%20%E5%8D%B8,
BMSE,1,パソコン・周辺機器,除外（日本実体の証拠なし）,JAN45/49・日本語社名・日本法人格のいずれも無し,A: 国内の第三者が2社以上で扱っている,規模未確認,なし,なし,BMAXSEタブレット専門店 / BMAX DIRECT【インボイス対応店】,2,2,6823,B0GF1SV4ZH,【タブレット 8インチ】-Android16 強化版 Wi-Fi6 モデル タブレット、24GB+64GB+2TB拡張、,https://www.amazon.co.jp/dp/B0GF1SV4ZH,https://www.google.com/search?q=BMSE%20%E4%BC%9A%E7%A4%BE%E6%A6%82%E8%A6%81%20%E5%95%8F%E3%81%84%E5%90%88%E3%82%8F%E3%81%9B%20%E5%8D%B8,
Baby Shusher,1,ベビー＆マタニティ,除外（日本実体の証拠なし）,JAN45/49・日本語社名・日本法人格のいずれも無し,A: 国内の第三者が2社以上で扱っている,規模未確認,なし,なし,ハレルヤhood / ウルノワ,2,3,2262,B00D2JN87I,[ Baby Shusher / ベビーシュシャー ] 寝かしつけ ホワイトノイズマシン 新生児 〜,https://www.amazon.co.jp/dp/B00D2JN87I,https://www.google.com/search?q=Baby%20Shusher%20%E4%BC%9A%E7%A4%BE%E6%A6%82%E8%A6%81%20%E5%95%8F%E3%81%84%E5%90%88%E3%82%8F%E3%81%9B%20%E5%8D%B8,
Bicycle,1,おもちゃ,除外（日本実体の証拠なし）,JAN45/49・日本語社名・日本法人格のいずれも無し,A: 国内の第三者が2社以上で扱っている,規模未確認,なし,なし,amber オンラインストア / 【まとめ買い割引きあり】【適格請求書発行事業者】YUUsd,2,3,3279,B001AAK3BK,BICYCLE(バイスクル) ライダーバック STANDARD トランプ 12個パック（青6個/赤6個））,https://www.amazon.co.jp/dp/B001AAK3BK,https://www.google.com/search?q=Bicycle%20%E4%BC%9A%E7%A4%BE%E6%A6%82%E8%A6%81%20%E5%95%8F%E3%81%84%E5%90%88%E3%82%8F%E3%81%9B%20%E5%8D%B8,
Blukar,1,スポーツ＆アウトドア,除外（日本実体の証拠なし）,JAN45/49・日本語社名・日本法人格のいずれも無し,A: 国内の第三者が2社以上で扱っている,規模未確認,なし,なし,桂和商事株式会社,1,2,401,B0B42R2GKP,Blukar 懐中電灯LED 【防災士監修・超高輝度】フラッシュライト 4つの照明モード ズーム機能 IPX6防水 Ty,https://www.amazon.co.jp/dp/B0B42R2GKP,https://www.google.com/search?q=Blukar%20%E4%BC%9A%E7%A4%BE%E6%A6%82%E8%A6%81%20%E5%95%8F%E3%81%84%E5%90%88%E3%82%8F%E3%81%9B%20%E5%8D%B8,
Bosch,1,家電＆カメラ,除外（日本実体の証拠なし）,JAN45/49・日本語社名・日本法人格のいずれも無し,A: 国内の第三者が2社以上で扱っている,規模未確認（大きい可能性あり）,なし,なし,ウーフ / Sunriseショップ本店,2,2,4393,B07P7NQ8LT,ボッシュ(BOSCH) レーザー距離計 ZAMO3 【正規品】測定工具,https://www.amazon.co.jp/dp/B07P7NQ8LT,https://www.google.com/search?q=Bosch%20%E4%BC%9A%E7%A4%BE%E6%A6%82%E8%A6%81%20%E5%95%8F%E3%81%84%E5%90%88%E3%82%8F%E3%81%9B%20%E5%8D%B8,
C&G,1,スポーツ＆アウトドア,除外（日本実体の証拠なし）,JAN45/49・日本語社名・日本法人格のいずれも無し,A: 国内の第三者が2社以上で扱っている,規模未確認,なし,なし,🇫【年中無休】健康美容用品専門店Frontrunner,1,2,226,B0915WDFQF,C&G キネシオロジーテープ 37.5mm × 5m 8巻入 伸縮 膝 足首 手首 指,https://www.amazon.co.jp/dp/B0915WDFQF,https://www.google.com/search?q=C%26G%20%E4%BC%9A%E7%A4%BE%E6%A6%82%E8%A6%81%20%E5%95%8F%E3%81%84%E5%90%88%E3%82%8F%E3%81%9B%20%E5%8D%B8,
COOLERPLUS,1,パソコン・周辺機器,除外（日本実体の証拠なし）,JAN45/49・日本語社名・日本法人格のいずれも無し,A: 国内の第三者が2社以上で扱っている,規模未確認,なし,なし,UOZAWA（ｲﾝﾎﾞｲｽ制度対応） / あずみんストア（適格請求書発行事業者登録済） / TOMIIIZ STORE【適格請求書発行事業者】,3,4,3853,B098N8ZGJV,【純正品３色セット】エプソン 大容量インクカートリッジ (マウス) IB07B 3色セット (IB07CB IB07MB,https://www.amazon.co.jp/dp/B098N8ZGJV,https://www.google.com/search?q=COOLERPLUS%20%E4%BC%9A%E7%A4%BE%E6%A6%82%E8%A6%81%20%E5%95%8F%E3%81%84%E5%90%88%E3%82%8F%E3%81%9B%20%E5%8D%B8,
Caxzyn,1,スポーツ＆アウトドア,除外（日本実体の証拠なし）,JAN45/49・日本語社名・日本法人格のいずれも無し,A: 国内の第三者が2社以上で扱っている,規模未確認,なし,なし,ZIDA ニンジンの王様,1,2,1008,B0FN7RV1GR,自転車 ライト 充電式 大容量6400mAh 【6個強力ランプ 自動点灯機能】 高輝度 自転車ヘッドライト 1000ルー,https://www.amazon.co.jp/dp/B0FN7RV1GR,https://www.google.com/search?q=Caxzyn%20%E4%BC%9A%E7%A4%BE%E6%A6%82%E8%A6%81%20%E5%95%8F%E3%81%84%E5%90%88%E3%82%8F%E3%81%9B%20%E5%8D%B8,
DCHK,1,家電＆カメラ,除外（日本実体の証拠なし）,JAN45/49・日本語社名・日本法人格のいずれも無し,A: 国内の第三者が2社以上で扱っている,規模未確認,なし,なし,shellpower 専門店HK,1,2,1252,B0FS7191JN,"Haribo 65W 急速充電器 for アップルウォッチ 充電器， 4in1 USB コンセント,赤",https://www.amazon.co.jp/dp/B0FS7191JN,https://www.google.com/search?q=DCHK%20%E4%BC%9A%E7%A4%BE%E6%A6%82%E8%A6%81%20%E5%95%8F%E3%81%84%E5%90%88%E3%82%8F%E3%81%9B%20%E5%8D%B8,
Deltran,1,車＆バイク,除外（日本実体の証拠なし）,JAN45/49・日本語社名・日本法人格のいずれも無し,A: 国内の第三者が2社以上で扱っている,規模未確認,なし,なし,バッテリーストア ドットコム / キャニスマーケット【インボイス対応/適格請求書発行事業者】 / 株式会社レコルト,4,4,2294,B0FBWJX2JY,バッテリーテンダー800（リチウムバッテリー対応） ハーレー対応 Deltran Battery Tender フロート,https://www.amazon.co.jp/dp/B0FBWJX2JY,https://www.google.com/search?q=Deltran%20%E4%BC%9A%E7%A4%BE%E6%A6%82%E8%A6%81%20%E5%95%8F%E3%81%84%E5%90%88%E3%82%8F%E3%81%9B%20%E5%8D%B8,
Derila,1,ホーム＆キッチン,除外（日本実体の証拠なし）,JAN45/49・日本語社名・日本法人格のいずれも無し,A: 国内の第三者が2社以上で扱っている,規模未確認,なし,なし,☆ショップANNIE☆ / セトウチInternational market / まーストアグローバル,5,6,3326,B0F3NTQCYP,Derila Ergo 頚椎ネックピロー 睡眠用枕 輪郭形状記憶フォーム枕 背中用 横向き寝枕 54 x 36 x 12,https://www.amazon.co.jp/dp/B0F3NTQCYP,https://www.google.com/search?q=Derila%20%E4%BC%9A%E7%A4%BE%E6%A6%82%E8%A6%81%20%E5%95%8F%E3%81%84%E5%90%88%E3%82%8F%E3%81%9B%20%E5%8D%B8,
Dreemstar,1,ホーム＆キッチン,除外（日本実体の証拠なし）,JAN45/49・日本語社名・日本法人格のいずれも無し,A: 国内の第三者が2社以上で扱っている,規模未確認,なし,なし,Bafangshui JP【正規品・全品１年保証付】,1,3,2537,B0GHM2G79S,【2026新設計&一台多役】腰枕 クッション 腰・背中・首・肩・太もも・ふくらはぎ コードレス 双方向回転 3段階強度調,https://www.amazon.co.jp/dp/B0GHM2G79S,https://www.google.com/search?q=Dreemstar%20%E4%BC%9A%E7%A4%BE%E6%A6%82%E8%A6%81%20%E5%95%8F%E3%81%84%E5%90%88%E3%82%8F%E3%81%9B%20%E5%8D%B8,
ESR,1,家電＆カメラ,除外（日本実体の証拠なし）,JAN45/49・日本語社名・日本法人格のいずれも無し,A: 国内の第三者が2社以上で扱っている,規模未確認,なし,なし,WワールドマーケットW,1,2,2803,B0D5R4R2L9,ESR magsafe リング マグセーフ シール 強力吸着 位置合わせクリップ付属 マグネット 磁気ワイヤレス充電対応,https://www.amazon.co.jp/dp/B0D5R4R2L9,https://www.google.com/search?q=ESR%20%E4%BC%9A%E7%A4%BE%E6%A6%82%E8%A6%81%20%E5%95%8F%E3%81%84%E5%90%88%E3%82%8F%E3%81%9B%20%E5%8D%B8,
EveryDrop by Whirlpool,1,大型家電,除外（日本実体の証拠なし）,JAN45/49・日本語社名・日本法人格のいずれも無し,A: 国内の第三者が2社以上で扱っている,規模未確認,なし,なし,【安心の国内発送】三重の輸入商 Import Anywhere Co. / レベルカンパニー / エミール書店,3,5,4938,B00UXG4WR8,EveryDrop by Whirlpool 冷蔵庫用ウォーターフィルター1（1個入りパック）,https://www.amazon.co.jp/dp/B00UXG4WR8,https://www.google.com/search?q=EveryDrop%20by%20Whirlpool%20%E4%BC%9A%E7%A4%BE%E6%A6%82%E8%A6%81%20%E5%95%8F%E3%81%84%E5%90%88%E3%82%8F%E3%81%9B%20%E5%8D%B8,
Finish Line,1,スポーツ＆アウトドア,除外（日本実体の証拠なし）,JAN45/49・日本語社名・日本法人格のいずれも無し,A: 国内の第三者が2社以上で扱っている,中小の見込み（手判定）,なし,なし,PAXPROJECT（商品は実在庫です。） / ちゃりせとら,2,4,365,B002IDZXRM,フィニッシュライン(FINISH LINE) ドライ テフロン ルーブ プラボトル 120ml,https://www.amazon.co.jp/dp/B002IDZXRM,https://www.google.com/search?q=Finish%20Line%20%E4%BC%9A%E7%A4%BE%E6%A6%82%E8%A6%81%20%E5%95%8F%E3%81%84%E5%90%88%E3%82%8F%E3%81%9B%20%E5%8D%B8,
Fisher-Price,1,おもちゃ,除外（日本実体の証拠なし）,JAN45/49・日本語社名・日本法人格のいずれも無し,A: 国内の第三者が2社以上で扱っている,規模未確認（大きい可能性あり）,なし,なし,オンラインショップモリ / 仁佑社 / 株式会社Ｈ・Ｔネットワーク(T3180001133349),3,3,310,B07GN31MD9,フィッシャープライス(fisher price) バイリンガル・ゲームコントローラー 【6~36カ月】【赤ちゃん おもち,https://www.amazon.co.jp/dp/B07GN31MD9,https://www.google.com/search?q=Fisher-Price%20%E4%BC%9A%E7%A4%BE%E6%A6%82%E8%A6%81%20%E5%95%8F%E3%81%84%E5%90%88%E3%82%8F%E3%81%9B%20%E5%8D%B8,
Focusrite,1,楽器・音響機器,除外（日本実体の証拠なし）,JAN45/49・日本語社名・日本法人格のいずれも無し,A: 国内の第三者が2社以上で扱っている,規模未確認,なし,なし,大日本空輸グループ　総合本社 / ザ・ワールドVM / ジェネロシティー,3,6,8296,B07QR6Z1JB,Focusrite フォーカスライト オーディオインターフェース 2イン/2アウト 24bit/192kHz Scarl,https://www.amazon.co.jp/dp/B07QR6Z1JB,https://www.google.com/search?q=Focusrite%20%E4%BC%9A%E7%A4%BE%E6%A6%82%E8%A6%81%20%E5%95%8F%E3%81%84%E5%90%88%E3%82%8F%E3%81%9B%20%E5%8D%B8,
G7th,1,楽器・音響機器,除外（日本実体の証拠なし）,JAN45/49・日本語社名・日本法人格のいずれも無し,A: 国内の第三者が2社以上で扱っている,規模未確認,なし,なし,ギター・バイオリンショップ　ロッコーマン,1,2,4258,B07NDW6XRS,【正規輸入品】 G7TH PERFORMANCE 3 ART CAPO 6弦アコ-スティック/エレクトリック用 SILV,https://www.amazon.co.jp/dp/B07NDW6XRS,https://www.google.com/search?q=G7th%20%E4%BC%9A%E7%A4%BE%E6%A6%82%E8%A6%81%20%E5%95%8F%E3%81%84%E5%90%88%E3%82%8F%E3%81%9B%20%E5%8D%B8,
GEMBLO COMPANY,1,おもちゃ,除外（日本実体の証拠なし）,JAN45/49・日本語社名・日本法人格のいずれも無し,A: 国内の第三者が2社以上で扱っている,規模未確認,なし,なし,サンズオンラインストア / アクセルワールドTH / めるつ堂,5,6,929,B0G4G5VZMN,TCG 勝利の女神:NIKKE NIVEL ARENA ニベルアリーナ ブースターパック BT02 ザ・キングダム BO,https://www.amazon.co.jp/dp/B0G4G5VZMN,https://www.google.com/search?q=GEMBLO%20COMPANY%20%E4%BC%9A%E7%A4%BE%E6%A6%82%E8%A6%81%20%E5%95%8F%E3%81%84%E5%90%88%E3%82%8F%E3%81%9B%20%E5%8D%B8,
GROWNSY,1,ベビー＆マタニティ,除外（日本実体の証拠なし）,JAN45/49・日本語社名・日本法人格のいずれも無し,A: 国内の第三者が2社以上で扱っている,規模未確認,なし,なし,ミヤジンショップ / keiayuストア / 輸入雑貨店｜Alpha Net Store,3,6,4055,B0C2YP5NJQ,Grownsy 8-in-1 OG ファストボトルウォーマー タイマー付き グリーン,https://www.amazon.co.jp/dp/B0C2YP5NJQ,https://www.google.com/search?q=GROWNSY%20%E4%BC%9A%E7%A4%BE%E6%A6%82%E8%A6%81%20%E5%95%8F%E3%81%84%E5%90%88%E3%82%8F%E3%81%9B%20%E5%8D%B8,
Goal Zero,1,スポーツ＆アウトドア,除外（日本実体の証拠なし）,JAN45/49・日本語社名・日本法人格のいずれも無し,A: 国内の第三者が2社以上で扱っている,規模未確認,なし,なし,MMストアー『インボイス対応可能店舗』 / 【公式】たくみや■■24時間即日発送■■【すり替え対策済み】 / 志希カンパニー,4,6,2241,B01IQXDTGY,Goal Zero LEDランタン ライトハウス マイクロフラッシュ 防災用品 USB充電式 LED ミニランタン 防災,https://www.amazon.co.jp/dp/B01IQXDTGY,https://www.google.com/search?q=Goal%20Zero%20%E4%BC%9A%E7%A4%BE%E6%A6%82%E8%A6%81%20%E5%95%8F%E3%81%84%E5%90%88%E3%82%8F%E3%81%9B%20%E5%8D%B8,
Google,1,家電＆カメラ,除外（日本実体の証拠なし）,JAN45/49・日本語社名・日本法人格のいずれも無し,A: 国内の第三者が2社以上で扱っている,規模未確認,なし,なし,那珂川商店 / starsmile-store【すり替え、保留対策強化店】 / J＆Aストア 札幌店,3,6,5664,B07JGP3VC7,Google Chromecast 正規品 第三世代 2K対応 チャコール GA00439-JP,https://www.amazon.co.jp/dp/B07JGP3VC7,https://www.google.com/search?q=Google%20%E4%BC%9A%E7%A4%BE%E6%A6%82%E8%A6%81%20%E5%95%8F%E3%81%84%E5%90%88%E3%82%8F%E3%81%9B%20%E5%8D%B8,
H&W,1,スポーツ＆アウトドア,除外（日本実体の証拠なし）,JAN45/49・日本語社名・日本法人格のいずれも無し,A: 国内の第三者が2社以上で扱っている,規模未確認,なし,なし,naiceグッズ,1,2,1845,B0D5HR33P7,【Amazon 限定ブランド】エアーベッド 電動ポンプ内蔵【25cm厚&90秒自動膨張】H&W 電動キャンプ 空気ベッド,https://www.amazon.co.jp/dp/B0D5HR33P7,https://www.google.com/search?q=H%26W%20%E4%BC%9A%E7%A4%BE%E6%A6%82%E8%A6%81%20%E5%95%8F%E3%81%84%E5%90%88%E3%82%8F%E3%81%9B%20%E5%8D%B8,
HARU,1,ホーム＆キッチン,除外（日本実体の証拠なし）,JAN45/49・日本語社名・日本法人格のいずれも無し,A: 国内の第三者が2社以上で扱っている,規模未確認,なし,なし,リテールオンライン,1,2,95,B07TS61PD1,包丁 マグネット 磁石 包丁スタンド 包丁立て ナイフスタンド マグネット ナイフラック ステンレス 強粘着テープ 壁掛,https://www.amazon.co.jp/dp/B07TS61PD1,https://www.google.com/search?q=HARU%20%E4%BC%9A%E7%A4%BE%E6%A6%82%E8%A6%81%20%E5%95%8F%E3%81%84%E5%90%88%E3%82%8F%E3%81%9B%20%E5%8D%B8,
HP,1,パソコン・周辺機器,除外（日本実体の証拠なし）,JAN45/49・日本語社名・日本法人格のいずれも無し,A: 国内の第三者が2社以上で扱っている,規模未確認,なし,なし,ジュリア本店,1,5,10149,B07HFJJPZF,HP ISS 658071-B21 500GB 6G SATA 7.2K rpm LFF G8（認定整備済み）,https://www.amazon.co.jp/dp/B07HFJJPZF,https://www.google.com/search?q=HP%20%E4%BC%9A%E7%A4%BE%E6%A6%82%E8%A6%81%20%E5%95%8F%E3%81%84%E5%90%88%E3%82%8F%E3%81%9B%20%E5%8D%B8,
Handeful,1,スポーツ＆アウトドア,除外（日本実体の証拠なし）,JAN45/49・日本語社名・日本法人格のいずれも無し,A: 国内の第三者が2社以上で扱っている,規模未確認,なし,なし,杜野店 / IIショップ,2,2,5052,B0978P1KGP,Handeful デジタル握力計 0-90kg 高精度 19人登録 ブルー,https://www.amazon.co.jp/dp/B0978P1KGP,https://www.google.com/search?q=Handeful%20%E4%BC%9A%E7%A4%BE%E6%A6%82%E8%A6%81%20%E5%95%8F%E3%81%84%E5%90%88%E3%82%8F%E3%81%9B%20%E5%8D%B8,
Hi-Spec,1,DIY・工具・ガーデン,除外（日本実体の証拠なし）,JAN45/49・日本語社名・日本法人格のいずれも無し,A: 国内の第三者が2社以上で扱っている,規模未確認,なし,なし,オデック,1,5,1264,B07VPHN7MB,Hi-Spec HSS チタンコーティング ドリルビットセット 1～10mm DIY用,https://www.amazon.co.jp/dp/B07VPHN7MB,https://www.google.com/search?q=Hi-Spec%20%E4%BC%9A%E7%A4%BE%E6%A6%82%E8%A6%81%20%E5%95%8F%E3%81%84%E5%90%88%E3%82%8F%E3%81%9B%20%E5%8D%B8,
HiGrace,1,パソコン・周辺機器,除外（日本実体の証拠なし）,JAN45/49・日本語社名・日本法人格のいずれも無し,A: 国内の第三者が2社以上で扱っている,規模未確認,なし,なし,Tab館 / スマタブ生活,2,3,6030,B0FPLLDL76,タブレット - HiGrace 10インチ Android16 Wi-Fiモデル 1280*800 IPS画面 RGBラ,https://www.amazon.co.jp/dp/B0FPLLDL76,https://www.google.com/search?q=HiGrace%20%E4%BC%9A%E7%A4%BE%E6%A6%82%E8%A6%81%20%E5%95%8F%E3%81%84%E5%90%88%E3%82%8F%E3%81%9B%20%E5%8D%B8,
IKUNTOP,1,家電＆カメラ,除外（日本実体の証拠なし）,JAN45/49・日本語社名・日本法人格のいずれも無し,A: 国内の第三者が2社以上で扱っている,規模未確認,なし,なし,chaoran電気ショップ / Lontime電気ショップ,2,2,877,B0FRFPH1GL,モバイルバッテリー 小型 6800mAh MFi認証 【新登場 & タイプCコネクター内蔵】 携帯バッテリー 軽量 2台,https://www.amazon.co.jp/dp/B0FRFPH1GL,https://www.google.com/search?q=IKUNTOP%20%E4%BC%9A%E7%A4%BE%E6%A6%82%E8%A6%81%20%E5%95%8F%E3%81%84%E5%90%88%E3%82%8F%E3%81%9B%20%E5%8D%B8,
IMDEN CHARGE,1,家電＆カメラ,除外（日本実体の証拠なし）,JAN45/49・日本語社名・日本法人格のいずれも無し,A: 国内の第三者が2社以上で扱っている,規模未確認,なし,なし,株式会社オールプラス,1,3,1121,B09V7X7NN9,【2024最新強化版】車載ワイヤレス充電器 15W 急速 車載ホルダー スマホホルダー 車 自動開閉 iPhone15 ,https://www.amazon.co.jp/dp/B09V7X7NN9,https://www.google.com/search?q=IMDEN%20CHARGE%20%E4%BC%9A%E7%A4%BE%E6%A6%82%E8%A6%81%20%E5%95%8F%E3%81%84%E5%90%88%E3%82%8F%E3%81%9B%20%E5%8D%B8,
JLM,1,車＆バイク,除外（日本実体の証拠なし）,JAN45/49・日本語社名・日本法人格のいずれも無し,A: 国内の第三者が2社以上で扱っている,規模未確認,なし,なし,パーツショップα(アルファ)《インボイス登録店》 / クリーズオンライン [適格請求書発行事業者],2,6,1421,B0BVBYHXTL,JLM アドブループラス 250ml ディーゼル アドブルー 結晶化防止添加剤 AdBlue Plus J02385 車,https://www.amazon.co.jp/dp/B0BVBYHXTL,https://www.google.com/search?q=JLM%20%E4%BC%9A%E7%A4%BE%E6%A6%82%E8%A6%81%20%E5%95%8F%E3%81%84%E5%90%88%E3%82%8F%E3%81%9B%20%E5%8D%B8,
KJK,1,家電＆カメラ,除外（日本実体の証拠なし）,JAN45/49・日本語社名・日本法人格のいずれも無し,A: 国内の第三者が2社以上で扱っている,規模未確認,なし,なし,輸入雑貨店｜Chicago Store,1,6,4157,B0CB3Y1C5J,KJK トレイルカメラ 防犯カメラ 野生動物監視カメラ 小型 2.7K 動画 3600万画素 赤外線暗視 PIR人感セン,https://www.amazon.co.jp/dp/B0CB3Y1C5J,https://www.google.com/search?q=KJK%20%E4%BC%9A%E7%A4%BE%E6%A6%82%E8%A6%81%20%E5%95%8F%E3%81%84%E5%90%88%E3%82%8F%E3%81%9B%20%E5%8D%B8,
KOCHCHEMIE,1,車＆バイク,除外（日本実体の証拠なし）,JAN45/49・日本語社名・日本法人格のいずれも無し,A: 国内の第三者が2社以上で扱っている,規模未確認,なし,なし,Fun Style『賞味期限等コンディション欄確認お願い致します』 / リジットモンキー / SKショップオンライン,4,5,3227,B095SXXJQK,KOCHCHEMIE (コッホケミー) Plast Star (プラストスター) シリコンフリー 外装ドレッシング剤 U,https://www.amazon.co.jp/dp/B095SXXJQK,https://www.google.com/search?q=KOCHCHEMIE%20%E4%BC%9A%E7%A4%BE%E6%A6%82%E8%A6%81%20%E5%95%8F%E3%81%84%E5%90%88%E3%82%8F%E3%81%9B%20%E5%8D%B8,
KingSpec,1,パソコン・周辺機器,除外（日本実体の証拠なし）,JAN45/49・日本語社名・日本法人格のいずれも無し,A: 国内の第三者が2社以上で扱っている,規模未確認,なし,なし,コーシュカショップス / GF商会,2,5,6225,B0FDG4VWCT,KingSpec OneBoom SSD 512GB 2.5インチ SATA3 内蔵SSD 最大読込550MB/s 3D,https://www.amazon.co.jp/dp/B0FDG4VWCT,https://www.google.com/search?q=KingSpec%20%E4%BC%9A%E7%A4%BE%E6%A6%82%E8%A6%81%20%E5%95%8F%E3%81%84%E5%90%88%E3%82%8F%E3%81%9B%20%E5%8D%B8,
Kreg,1,DIY・工具・ガーデン,除外（日本実体の証拠なし）,JAN45/49・日本語社名・日本法人格のいずれも無し,A: 国内の第三者が2社以上で扱っている,規模未確認,なし,なし,M’2マーケット / ROROワールド / 美的生活★ヘルシーライフ本店【インボイス登録事業者】,3,5,4271,B07VQ9S57K,Kreg【クレッグ】ポケットホールジグ320 斜め穴あけでネジ頭が隠れる 対応材厚12〜38mm 2x4材対応 2連ドリ,https://www.amazon.co.jp/dp/B07VQ9S57K,https://www.google.com/search?q=Kreg%20%E4%BC%9A%E7%A4%BE%E6%A6%82%E8%A6%81%20%E5%95%8F%E3%81%84%E5%90%88%E3%82%8F%E3%81%9B%20%E5%8D%B8,
Kung Long,1,車＆バイク,除外（日本実体の証拠なし）,JAN45/49・日本語社名・日本法人格のいずれも無し,A: 国内の第三者が2社以上で扱っている,規模未確認（大きい可能性あり）,なし,なし,バッテリーストア ドットコム / 輸入バイクパーツ卸 ツイントレード / バッテリー王【休業日：土・日・祝日】,4,4,1075,B01KQ5BQHE,LONG 12V9Ah 高性能 シールドバッテリー WP1236W WP1236W,https://www.amazon.co.jp/dp/B01KQ5BQHE,https://www.google.com/search?q=Kung%20Long%20%E4%BC%9A%E7%A4%BE%E6%A6%82%E8%A6%81%20%E5%95%8F%E3%81%84%E5%90%88%E3%82%8F%E3%81%9B%20%E5%8D%B8,
LONPOO,1,家電＆カメラ,除外（日本実体の証拠なし）,JAN45/49・日本語社名・日本法人格のいずれも無し,A: 国内の第三者が2社以上で扱っている,規模未確認,なし,なし,ハーレーカスタマージャパン,1,2,8646,B0779PBD4P,LONPOO DVDプレーヤー リージョンフリー HDMI/AV出力1080P CPRM再生可能 USB2.0入力 カラ,https://www.amazon.co.jp/dp/B0779PBD4P,https://www.google.com/search?q=LONPOO%20%E4%BC%9A%E7%A4%BE%E6%A6%82%E8%A6%81%20%E5%95%8F%E3%81%84%E5%90%88%E3%82%8F%E3%81%9B%20%E5%8D%B8,
La Tromba,1,楽器・音響機器,除外（日本実体の証拠なし）,JAN45/49・日本語社名・日本法人格のいずれも無し,A: 国内の第三者が2社以上で扱っている,規模未確認,なし,なし,株式会社やぎ楽器　即出荷致します。(月曜日定休日) / タケダミュージック / Bois-Chaud:ボアショ片寄商店,6,6,597,B00KLVX4OW,LA TROMBA AG / T2 バルブオイル ラ トロンバ,https://www.amazon.co.jp/dp/B00KLVX4OW,https://www.google.com/search?q=La%20Tromba%20%E4%BC%9A%E7%A4%BE%E6%A6%82%E8%A6%81%20%E5%95%8F%E3%81%84%E5%90%88%E3%82%8F%E3%81%9B%20%E5%8D%B8,
Lemorele,1,パソコン・周辺機器,除外（日本実体の証拠なし）,JAN45/49・日本語社名・日本法人格のいずれも無し,A: 国内の第三者が2社以上で扱っている,規模未確認,なし,なし,ネットショップOaR / あたらしや商店 / ゆづきストア,3,4,5814,B0BXNJWMBK,"Lemorele HDMI to USB C Adapter, USB C HDMI Adapter with 4K@3",https://www.amazon.co.jp/dp/B0BXNJWMBK,https://www.google.com/search?q=Lemorele%20%E4%BC%9A%E7%A4%BE%E6%A6%82%E8%A6%81%20%E5%95%8F%E3%81%84%E5%90%88%E3%82%8F%E3%81%9B%20%E5%8D%B8,
Letpedi,1,家電＆カメラ,除外（日本実体の証拠なし）,JAN45/49・日本語社名・日本法人格のいずれも無し,A: 国内の第三者が2社以上で扱っている,規模未確認,なし,なし,芝富士通販,1,2,2087,B0FQ57B4M4,ボイスレコーダー 小型 ICレコーダー 【64GB大容量&3072kbps音質】 録音機 長時間録音 ENCデュアルマイ,https://www.amazon.co.jp/dp/B0FQ57B4M4,https://www.google.com/search?q=Letpedi%20%E4%BC%9A%E7%A4%BE%E6%A6%82%E8%A6%81%20%E5%95%8F%E3%81%84%E5%90%88%E3%82%8F%E3%81%9B%20%E5%8D%B8,
Logitech G,1,パソコン・周辺機器,除外（日本実体の証拠なし）,JAN45/49・日本語社名・日本法人格のいずれも無し,A: 国内の第三者が2社以上で扱っている,大企業確定,なし,なし,KKPLオンライン / Tradebase Japan【日本法人運営・独自保証付】,2,2,9051,B0BCQ83WL9,Logitech G502 X Lightspeed Wireless Gaming Mouse - Optical M,https://www.amazon.co.jp/dp/B0BCQ83WL9,https://www.google.com/search?q=Logitech%20G%20%E4%BC%9A%E7%A4%BE%E6%A6%82%E8%A6%81%20%E5%95%8F%E3%81%84%E5%90%88%E3%82%8F%E3%81%9B%20%E5%8D%B8,
MAXZIQF,1,DIY・工具・ガーデン,除外（日本実体の証拠なし）,JAN45/49・日本語社名・日本法人格のいずれも無し,A: 国内の第三者が2社以上で扱っている,規模未確認,なし,なし,【給湯器とガスコンロのお店】,1,2,859,B019SPQVAU,LPガス ガス漏れ センサー 省電力 防災 YAZAKI 警報器 YF-005N 警報機,https://www.amazon.co.jp/dp/B019SPQVAU,https://www.google.com/search?q=MAXZIQF%20%E4%BC%9A%E7%A4%BE%E6%A6%82%E8%A6%81%20%E5%95%8F%E3%81%84%E5%90%88%E3%82%8F%E3%81%9B%20%E5%8D%B8,
MAZONA,1,家電＆カメラ,除外（日本実体の証拠なし）,JAN45/49・日本語社名・日本法人格のいずれも無し,A: 国内の第三者が2社以上で扱っている,規模未確認,なし,なし,MAZNA-カメラ専門店,1,2,4180,B0D6VZPTK1,MAZONA 小型カメラ 監視カメラ小型 防犯カメラ小型 wifi対応 「1080p画質 遠隔監視 動体検知 暗視撮影 ,https://www.amazon.co.jp/dp/B0D6VZPTK1,https://www.google.com/search?q=MAZONA%20%E4%BC%9A%E7%A4%BE%E6%A6%82%E8%A6%81%20%E5%95%8F%E3%81%84%E5%90%88%E3%82%8F%E3%81%9B%20%E5%8D%B8,
MIHAMA,1,ホーム＆キッチン,除外（日本実体の証拠なし）,JAN45/49・日本語社名・日本法人格のいずれも無し,A: 国内の第三者が2社以上で扱っている,規模未確認,なし,なし,HONET-PLUS(フロンガスのご注文時法人名・屋号追記必須) / エアコン屋京都 / E-Square（イースクウェア）,3,3,8778,B01HEDG6UI,MIHAMA R32 3.7kg 新冷媒 ﾌﾛﾝｶﾞｽ NRC容器入り,https://www.amazon.co.jp/dp/B01HEDG6UI,https://www.google.com/search?q=MIHAMA%20%E4%BC%9A%E7%A4%BE%E6%A6%82%E8%A6%81%20%E5%95%8F%E3%81%84%E5%90%88%E3%82%8F%E3%81%9B%20%E5%8D%B8,
MINTGAMES,1,おもちゃ,除外（日本実体の証拠なし）,JAN45/49・日本語社名・日本法人格のいずれも無し,A: 国内の第三者が2社以上で扱っている,規模未確認,なし,なし,FJOオンライン / 株式会社アナモグ【インボイス発行事業者】 / ラペルト,4,4,1937,B0FXWKPK2P,TCG「勝利の女神:NIKKE」NIVEL ARENA ブースターパック BT01 エンカウンター(日本語版・正規輸入),https://www.amazon.co.jp/dp/B0FXWKPK2P,https://www.google.com/search?q=MINTGAMES%20%E4%BC%9A%E7%A4%BE%E6%A6%82%E8%A6%81%20%E5%95%8F%E3%81%84%E5%90%88%E3%82%8F%E3%81%9B%20%E5%8D%B8,
Macally,1,パソコン・周辺機器,除外（日本実体の証拠なし）,JAN45/49・日本語社名・日本法人格のいずれも無し,A: 国内の第三者が2社以上で扱っている,規模未確認,なし,なし,M’2マーケット / 月夜商店,2,4,4016,B0777GCK68,Macally USB有線コンパクトキーボード|マウサースモール＆スリムデザイン Apple Mac Mini/iMac,https://www.amazon.co.jp/dp/B0777GCK68,https://www.google.com/search?q=Macally%20%E4%BC%9A%E7%A4%BE%E6%A6%82%E8%A6%81%20%E5%95%8F%E3%81%84%E5%90%88%E3%82%8F%E3%81%9B%20%E5%8D%B8,
Mattel Games,1,おもちゃ,除外（日本実体の証拠なし）,JAN45/49・日本語社名・日本法人格のいずれも無し,A: 国内の第三者が2社以上で扱っている,大企業確定,なし,なし,トラストオンラインストアー / WaiWaiストア,2,4,2530,B08J4F61DF,マテルゲーム(Mattel Game) ウノ(UNO) ウノ アタック エクストリーム カードゲーム パーティーゲーム ,https://www.amazon.co.jp/dp/B08J4F61DF,https://www.google.com/search?q=Mattel%20Games%20%E4%BC%9A%E7%A4%BE%E6%A6%82%E8%A6%81%20%E5%95%8F%E3%81%84%E5%90%88%E3%82%8F%E3%81%9B%20%E5%8D%B8,
Mazuri,1,ペット用品,除外（日本実体の証拠なし）,JAN45/49・日本語社名・日本法人格のいずれも無し,A: 国内の第三者が2社以上で扱っている,規模未確認,なし,なし,ティーズマルシェ / 百華堂 / 【ロッキー】,3,4,552,B0CNJHP5YW,Ｍａｚｕｒｉ トータス・ダイエット ５６０ｇ ５Ｍ２１－Ｓ,https://www.amazon.co.jp/dp/B0CNJHP5YW,https://www.google.com/search?q=Mazuri%20%E4%BC%9A%E7%A4%BE%E6%A6%82%E8%A6%81%20%E5%95%8F%E3%81%84%E5%90%88%E3%82%8F%E3%81%9B%20%E5%8D%B8,
NOE,1,車＆バイク,除外（日本実体の証拠なし）,JAN45/49・日本語社名・日本法人格のいずれも無し,A: 国内の第三者が2社以上で扱っている,規模未確認,なし,なし,★ハートワンジャパン★【インボイス対応済み】【追跡番号付の発送！】 / メルセデスデポ,2,3,1726,B0849QQW9D,スパークプラグ 品番 CR6HSA ストックNo.2983 (10本),https://www.amazon.co.jp/dp/B0849QQW9D,https://www.google.com/search?q=NOE%20%E4%BC%9A%E7%A4%BE%E6%A6%82%E8%A6%81%20%E5%95%8F%E3%81%84%E5%90%88%E3%82%8F%E3%81%9B%20%E5%8D%B8,
Nulea,1,パソコン・周辺機器,除外（日本実体の証拠なし）,JAN45/49・日本語社名・日本法人格のいずれも無し,A: 国内の第三者が2社以上で扱っている,規模未確認,なし,なし,★第二期ユーエスエヌ★,1,6,5749,B09HHHDZZG,"Wireless Trackball Mouse, Rechargeable Ergonomic Mouse, Easy",https://www.amazon.co.jp/dp/B09HHHDZZG,https://www.google.com/search?q=Nulea%20%E4%BC%9A%E7%A4%BE%E6%A6%82%E8%A6%81%20%E5%95%8F%E3%81%84%E5%90%88%E3%82%8F%E3%81%9B%20%E5%8D%B8,
OBDLink,1,車＆バイク,除外（日本実体の証拠なし）,JAN45/49・日本語社名・日本法人格のいずれも無し,A: 国内の第三者が2社以上で扱っている,規模未確認,なし,なし,アメリカ輸入品センター「アメリカより発送」、宅配、追跡番号付き。 / グリーンマイルズウェイ / IｍportShop スピカ,3,6,8027,B00H9S71LW,OBDLink 427201 LX OBD2 故障診断機 Bluetooth スキャンツール インタフェース Andro,https://www.amazon.co.jp/dp/B00H9S71LW,https://www.google.com/search?q=OBDLink%20%E4%BC%9A%E7%A4%BE%E6%A6%82%E8%A6%81%20%E5%95%8F%E3%81%84%E5%90%88%E3%82%8F%E3%81%9B%20%E5%8D%B8,
OTTOCAST,1,車＆バイク,除外（日本実体の証拠なし）,JAN45/49・日本語社名・日本法人格のいずれも無し,A: 国内の第三者が2社以上で扱っている,規模未確認,なし,なし,商人屋２号店 / 商人屋,2,2,7645,B0FBLY7BZ3,【正規品】オットキャスト ミラータッチ OTTOCAST Mirror Touch オット キャストミラーリング ワイヤ,https://www.amazon.co.jp/dp/B0FBLY7BZ3,https://www.google.com/search?q=OTTOCAST%20%E4%BC%9A%E7%A4%BE%E6%A6%82%E8%A6%81%20%E5%95%8F%E3%81%84%E5%90%88%E3%82%8F%E3%81%9B%20%E5%8D%B8,
P&S Detailing Products,1,車＆バイク,除外（日本実体の証拠なし）,JAN45/49・日本語社名・日本法人格のいずれも無し,A: 国内の第三者が2社以上で扱っている,規模未確認,なし,なし,keiayuストア / ブラウンアース,2,4,2815,B07RTZBGWX,P&S ブレーキバスター ホイールクリーナー 3.79L Brake Buster Total Wheel Cleane,https://www.amazon.co.jp/dp/B07RTZBGWX,https://www.google.com/search?q=P%26S%20Detailing%20Products%20%E4%BC%9A%E7%A4%BE%E6%A6%82%E8%A6%81%20%E5%95%8F%E3%81%84%E5%90%88%E3%82%8F%E3%81%9B%20%E5%8D%B8,
PETLIBRO,1,ペット用品,除外（日本実体の証拠なし）,JAN45/49・日本語社名・日本法人格のいずれも無し,A: 国内の第三者が2社以上で扱っている,規模未確認,なし,なし,輸入雑貨店｜Seattle Store,1,2,8298,B098JK84W5,PETLIBRO 自動給餌器 猫 多頭飼いに向け 5L大容量 1日6食 1食0-50分量設定可能 10秒録音 2個のステ,https://www.amazon.co.jp/dp/B098JK84W5,https://www.google.com/search?q=PETLIBRO%20%E4%BC%9A%E7%A4%BE%E6%A6%82%E8%A6%81%20%E5%95%8F%E3%81%84%E5%90%88%E3%82%8F%E3%81%9B%20%E5%8D%B8,
PGYTECH,1,家電＆カメラ,除外（日本実体の証拠なし）,JAN45/49・日本語社名・日本法人格のいずれも無し,A: 国内の第三者が2社以上で扱っている,規模未確認,なし,なし,浪越商店 / ネクストローブ,2,6,9990,B0F23GCRRW,PGYTECH BEETLE カメラホルスター V2 アルカスイス互換プレート 緩み防止 簡単脱着 カメラホルダー (プ,https://www.amazon.co.jp/dp/B0F23GCRRW,https://www.google.com/search?q=PGYTECH%20%E4%BC%9A%E7%A4%BE%E6%A6%82%E8%A6%81%20%E5%95%8F%E3%81%84%E5%90%88%E3%82%8F%E3%81%9B%20%E5%8D%B8,
POLED,1,ベビー＆マタニティ,除外（日本実体の証拠なし）,JAN45/49・日本語社名・日本法人格のいずれも無し,A: 国内の第三者が2社以上で扱っている,規模未確認,なし,なし,emos store公式店 / 【公式】Colulu - コルル,2,2,5348,B0DXL4GR7M,Poled公式 エアラブ4プラス オレオ ベビーカーシート クールシート 暑さ対策 送風機付き インナークッション イン,https://www.amazon.co.jp/dp/B0DXL4GR7M,https://www.google.com/search?q=POLED%20%E4%BC%9A%E7%A4%BE%E6%A6%82%E8%A6%81%20%E5%95%8F%E3%81%84%E5%90%88%E3%82%8F%E3%81%9B%20%E5%8D%B8,
PONAOO,1,家電＆カメラ,除外（日本実体の証拠なし）,JAN45/49・日本語社名・日本法人格のいずれも無し,A: 国内の第三者が2社以上で扱っている,規模未確認,なし,なし,MAZNA-カメラ専門店,1,2,2481,B0DQ7RTLL9,PONAOO小型カメラ 小型防犯カメラ [DIYカメラ リモコン付き操作簡単 HD1080P モーション検知 7時間録画,https://www.amazon.co.jp/dp/B0DQ7RTLL9,https://www.google.com/search?q=PONAOO%20%E4%BC%9A%E7%A4%BE%E6%A6%82%E8%A6%81%20%E5%95%8F%E3%81%84%E5%90%88%E3%82%8F%E3%81%9B%20%E5%8D%B8,
PYLAMISON,1,ホーム＆キッチン,除外（日本実体の証拠なし）,JAN45/49・日本語社名・日本法人格のいずれも無し,A: 国内の第三者が2社以上で扱っている,規模未確認,なし,なし,HUXIN-JP【1年間安心保証・24時間以内対応・日本語サポート】,1,2,1008,B09FLRJDZV,シェーバー メンズ ひげそり 電動シェーバー 髭剃り 電気 往復式 3枚刃 深剃り メンズシェーバー 電気カミソリ IP,https://www.amazon.co.jp/dp/B09FLRJDZV,https://www.google.com/search?q=PYLAMISON%20%E4%BC%9A%E7%A4%BE%E6%A6%82%E8%A6%81%20%E5%95%8F%E3%81%84%E5%90%88%E3%82%8F%E3%81%9B%20%E5%8D%B8,
PicassoTiles,1,おもちゃ,除外（日本実体の証拠なし）,JAN45/49・日本語社名・日本法人格のいずれも無し,A: 国内の第三者が2社以上で扱っている,大企業確定,なし,なし,月夜商店,1,3,1215,B00APVXSM6,PicassoTiles ピカソタイルズ 【正規品】 マグネットタイル 60ピース マグネットブロック 磁石ブロック 知,https://www.amazon.co.jp/dp/B00APVXSM6,https://www.google.com/search?q=PicassoTiles%20%E4%BC%9A%E7%A4%BE%E6%A6%82%E8%A6%81%20%E5%95%8F%E3%81%84%E5%90%88%E3%82%8F%E3%81%9B%20%E5%8D%B8,
SAMSUNG,1,パソコン・周辺機器,除外（日本実体の証拠なし）,JAN45/49・日本語社名・日本法人格のいずれも無し,A: 国内の第三者が2社以上で扱っている,大企業確定,なし,なし,PC-SADASHI(適格請求書発行事業者) / アズマット[適格請求書登録事業者] / ジェネロシティー,3,4,5021,B08LR1KDQC,Samsung 8GB DDR4 2666MHz DIMM PC4-21300 288ピン 1Rx8 1.2v UDIM,https://www.amazon.co.jp/dp/B08LR1KDQC,https://www.google.com/search?q=SAMSUNG%20%E4%BC%9A%E7%A4%BE%E6%A6%82%E8%A6%81%20%E5%95%8F%E3%81%84%E5%90%88%E3%82%8F%E3%81%9B%20%E5%8D%B8,
SAVOX,1,おもちゃ,除外（日本実体の証拠なし）,JAN45/49・日本語社名・日本法人格のいずれも無し,A: 国内の第三者が2社以上で扱っている,規模未確認,なし,なし,ミーニャ 簡易梱包、衣類ぬいぐるみ等は圧縮後発送となります / エスネット ストアー,2,3,4161,B09Y1TTY71,SAVOX SC-1251MG PLUS 高速・コアレス デジタルサーボ,https://www.amazon.co.jp/dp/B09Y1TTY71,https://www.google.com/search?q=SAVOX%20%E4%BC%9A%E7%A4%BE%E6%A6%82%E8%A6%81%20%E5%95%8F%E3%81%84%E5%90%88%E3%82%8F%E3%81%9B%20%E5%8D%B8,
SCM Microsystems,1,パソコン・周辺機器,除外（日本実体の証拠なし）,JAN45/49・日本語社名・日本法人格のいずれも無し,A: 国内の第三者が2社以上で扱っている,規模未確認,なし,なし,three five【インボイス対応店舗】 / ヤマト商社(インボイス発行事業者),2,3,1161,B0085H4YZC,SCM ICカードリーダー/ライター B-CAS・住基カード対応 usb対応 SCR3310/v2.0,https://www.amazon.co.jp/dp/B0085H4YZC,https://www.google.com/search?q=SCM%20Microsystems%20%E4%BC%9A%E7%A4%BE%E6%A6%82%E8%A6%81%20%E5%95%8F%E3%81%84%E5%90%88%E3%82%8F%E3%81%9B%20%E5%8D%B8,
SPOSING,1,DIY・工具・ガーデン,除外（日本実体の証拠なし）,JAN45/49・日本語社名・日本法人格のいずれも無し,A: 国内の第三者が2社以上で扱っている,規模未確認,なし,なし,Yumaray 専門店 / Mossey 直販店,2,3,988,B0DRK922L6,SPOSING 盗聴器発見機 【2025年革新型∙高感度探知機】盗聴器発見器 盗撮カメラ 発見器 gps発見機 カメラ探,https://www.amazon.co.jp/dp/B0DRK922L6,https://www.google.com/search?q=SPOSING%20%E4%BC%9A%E7%A4%BE%E6%A6%82%E8%A6%81%20%E5%95%8F%E3%81%84%E5%90%88%E3%82%8F%E3%81%9B%20%E5%8D%B8,
Sangean,1,家電＆カメラ,除外（日本実体の証拠なし）,JAN45/49・日本語社名・日本法人格のいずれも無し,A: 国内の第三者が2社以上で扱っている,規模未確認,なし,なし,株式会社コジマ,1,2,1298,B0FC6TGJ63,【国内正規品】Sangean SR-32 AM/FMポケットラジオ、単３電池式、ポータブルラジオ、イヤホン付属 (クリア,https://www.amazon.co.jp/dp/B0FC6TGJ63,https://www.google.com/search?q=Sangean%20%E4%BC%9A%E7%A4%BE%E6%A6%82%E8%A6%81%20%E5%95%8F%E3%81%84%E5%90%88%E3%82%8F%E3%81%9B%20%E5%8D%B8,
Sawyer,1,スポーツ＆アウトドア,除外（日本実体の証拠なし）,JAN45/49・日本語社名・日本法人格のいずれも無し,A: 国内の第三者が2社以上で扱っている,規模未確認,なし,なし,UPI(ユーピーアイ),1,2,4136,B00B1OSU4W,ソーヤー スクィーズフィルター SP129 SAWYER | 携帯浄水器 浄水器 ポータブル浄水器 防災 防災アイテム ,https://www.amazon.co.jp/dp/B00B1OSU4W,https://www.google.com/search?q=Sawyer%20%E4%BC%9A%E7%A4%BE%E6%A6%82%E8%A6%81%20%E5%95%8F%E3%81%84%E5%90%88%E3%82%8F%E3%81%9B%20%E5%8D%B8,
Seesii,1,DIY・工具・ガーデン,除外（日本実体の証拠なし）,JAN45/49・日本語社名・日本法人格のいずれも無し,A: 国内の第三者が2社以上で扱っている,規模未確認,なし,なし,輸入雑貨店｜Seattle Store,1,2,8992,B0CNYQBJZR,SEESII 電動チェーンソー 充電式 電動剪定ばさみ 手持ち 庭木 剪定 伐採 ミニチェーンソー コードレス 給油シス,https://www.amazon.co.jp/dp/B0CNYQBJZR,https://www.google.com/search?q=Seesii%20%E4%BC%9A%E7%A4%BE%E6%A6%82%E8%A6%81%20%E5%95%8F%E3%81%84%E5%90%88%E3%82%8F%E3%81%9B%20%E5%8D%B8,
Semtyait,1,DIY・工具・ガーデン,除外（日本実体の証拠なし）,JAN45/49・日本語社名・日本法人格のいずれも無し,A: 国内の第三者が2社以上で扱っている,規模未確認,なし,なし,Semtiyait 公式出店(30日の無料交換・2年メーカー保証付)-LZB / Semtiyait 公式出店-YYH【30日の無料交換・2年間保証】 / Semtiyait 公式ショップ【30日の無料交換・2年間保証】-LXQ,3,3,9859,B0FWCLW3T7,ブロワー 強力 洗車 Semtyait 【プロ監修・2600g超強推力・245m/s究極の爆風】ぶろわー 電動エアダスタ,https://www.amazon.co.jp/dp/B0FWCLW3T7,https://www.google.com/search?q=Semtyait%20%E4%BC%9A%E7%A4%BE%E6%A6%82%E8%A6%81%20%E5%95%8F%E3%81%84%E5%90%88%E3%82%8F%E3%81%9B%20%E5%8D%B8,
Spopal,1,スポーツ＆アウトドア,除外（日本実体の証拠なし）,JAN45/49・日本語社名・日本法人格のいずれも無し,A: 国内の第三者が2社以上で扱っている,規模未確認,なし,なし,すまいるぴーす / 栄る屋 / スノーウィン,4,5,6889,B0D6RJ42M2,Spopal キャンプ用ポータブルシャワー [長持ち] 6000mAh 充電式キャンプシャワー インテリジェントLEDデ,https://www.amazon.co.jp/dp/B0D6RJ42M2,https://www.google.com/search?q=Spopal%20%E4%BC%9A%E7%A4%BE%E6%A6%82%E8%A6%81%20%E5%95%8F%E3%81%84%E5%90%88%E3%82%8F%E3%81%9B%20%E5%8D%B8,
TABITUS+,1,ファッション,除外（日本実体の証拠なし）,JAN45/49・日本語社名・日本法人格のいずれも無し,A: 国内の第三者が2社以上で扱っている,規模未確認,なし,なし,グレンチェック / 【公式】A2ショップ,2,2,1305,B07CNCTB6R,[TABITUS/タビタス] ワンツーフィニッシュ ハンガーケース NEW JALUX ネイビー…,https://www.amazon.co.jp/dp/B07CNCTB6R,https://www.google.com/search?q=TABITUS%2B%20%E4%BC%9A%E7%A4%BE%E6%A6%82%E8%A6%81%20%E5%95%8F%E3%81%84%E5%90%88%E3%82%8F%E3%81%9B%20%E5%8D%B8,
TOTO,1,DIY・工具・ガーデン,除外（日本実体の証拠なし）,JAN45/49・日本語社名・日本法人格のいずれも無し,A: 国内の第三者が2社以上で扱っている,規模未確認,なし,なし,AQ+net(エーキュープラネット)登録番号「T6030001017547」 / 設備プラザ / クイックGOGO(クイックゴーゴー),4,4,1745,B071X85DMZ,●[AFKK581N2]TOTO スライドハンガー　φ22スライドバー用シャワーフック,https://www.amazon.co.jp/dp/B071X85DMZ,https://www.google.com/search?q=TOTO%20%E4%BC%9A%E7%A4%BE%E6%A6%82%E8%A6%81%20%E5%95%8F%E3%81%84%E5%90%88%E3%82%8F%E3%81%9B%20%E5%8D%B8,
TP-Link,1,パソコン・周辺機器,除外（日本実体の証拠なし）,JAN45/49・日本語社名・日本法人格のいずれも無し,A: 国内の第三者が2社以上で扱っている,規模未確認（大きい可能性あり）,なし,なし,アチーブメント 大阪本店 【適格請求書発行事業者】,1,2,979,B01FLJDZPQ,TP-Link WiFi 無線LAN 中継器 11ac AC750 433+300Mbps 11ac対応 デュアルバンド,https://www.amazon.co.jp/dp/B01FLJDZPQ,https://www.google.com/search?q=TP-Link%20%E4%BC%9A%E7%A4%BE%E6%A6%82%E8%A6%81%20%E5%95%8F%E3%81%84%E5%90%88%E3%82%8F%E3%81%9B%20%E5%8D%B8,
Tamagotchi,1,おもちゃ,除外（日本実体の証拠なし）,JAN45/49・日本語社名・日本法人格のいずれも無し,A: 国内の第三者が2社以上で扱っている,規模未確認,なし,なし,輸入専門R-import shop,1,4,2868,B0DSXX8Z54,タマゴッチ・ナノ x スターウォーズ - ダース・ベイダーとシリコンケースセット,https://www.amazon.co.jp/dp/B0DSXX8Z54,https://www.google.com/search?q=Tamagotchi%20%E4%BC%9A%E7%A4%BE%E6%A6%82%E8%A6%81%20%E5%95%8F%E3%81%84%E5%90%88%E3%82%8F%E3%81%9B%20%E5%8D%B8,
Taylor,1,大型家電,除外（日本実体の証拠なし）,JAN45/49・日本語社名・日本法人格のいずれも無し,A: 国内の第三者が2社以上で扱っている,規模未確認,なし,なし,サムショップ,1,3,492,B000BPE88E,Classic Freezer and Refrigerator Kitchen Thermometer-REFRIG/,https://www.amazon.co.jp/dp/B000BPE88E,https://www.google.com/search?q=Taylor%20%E4%BC%9A%E7%A4%BE%E6%A6%82%E8%A6%81%20%E5%95%8F%E3%81%84%E5%90%88%E3%82%8F%E3%81%9B%20%E5%8D%B8,
Tipkook,1,スポーツ＆アウトドア,除外（日本実体の証拠なし）,JAN45/49・日本語社名・日本法人格のいずれも無し,A: 国内の第三者が2社以上で扱っている,規模未確認,なし,なし,スノーウィン / リジットモンキー,2,3,6804,B0F9Y7VNGR,Tipkook キャンプ用ポータブルシャワー 充電式キャンプシャワー,https://www.amazon.co.jp/dp/B0F9Y7VNGR,https://www.google.com/search?q=Tipkook%20%E4%BC%9A%E7%A4%BE%E6%A6%82%E8%A6%81%20%E5%95%8F%E3%81%84%E5%90%88%E3%82%8F%E3%81%9B%20%E5%8D%B8,
VINSGUIR,1,おもちゃ,除外（日本実体の証拠なし）,JAN45/49・日本語社名・日本法人格のいずれも無し,A: 国内の第三者が2社以上で扱っている,規模未確認,なし,なし,souniq海外事業部 / KKPLオンライン,2,5,1267,B0BNTL3Q2C,VINSGUIR(ビンスグイア) ピックルボールパドル 2本セット USAPA承認 軽量ファイバーグラスラケット ハニカ,https://www.amazon.co.jp/dp/B0BNTL3Q2C,https://www.google.com/search?q=VINSGUIR%20%E4%BC%9A%E7%A4%BE%E6%A6%82%E8%A6%81%20%E5%95%8F%E3%81%84%E5%90%88%E3%82%8F%E3%81%9B%20%E5%8D%B8,
Vector Optics,1,ホビー,除外（日本実体の証拠なし）,JAN45/49・日本語社名・日本法人格のいずれも無し,A: 国内の第三者が2社以上で扱っている,規模未確認,なし,なし,つぼみストア / 【全品即納】実物タクティカルギア・エアソフト商品の専門店「HobbyBox」（ホビーボックス）,2,2,5989,B08678XWS1,ベクターオプティクス Vector Opticsドットサイト マーベリック 第3世代 (ブラック) 【ゼロインマニュアル,https://www.amazon.co.jp/dp/B08678XWS1,https://www.google.com/search?q=Vector%20Optics%20%E4%BC%9A%E7%A4%BE%E6%A6%82%E8%A6%81%20%E5%95%8F%E3%81%84%E5%90%88%E3%82%8F%E3%81%9B%20%E5%8D%B8,
VentaPak,1,ファッション,除外（日本実体の証拠なし）,JAN45/49・日本語社名・日本法人格のいずれも無し,A: 国内の第三者が2社以上で扱っている,規模未確認,なし,なし,アウトドアショップ NOA,1,2,1222,B0B5Z9F79S,[VentaPak] リュックサック メッシュ スペーサー 背中 蒸れ 涼しい 暑さ 汗対策 (M),https://www.amazon.co.jp/dp/B0B5Z9F79S,https://www.google.com/search?q=VentaPak%20%E4%BC%9A%E7%A4%BE%E6%A6%82%E8%A6%81%20%E5%95%8F%E3%81%84%E5%90%88%E3%82%8F%E3%81%9B%20%E5%8D%B8,
Wantek,1,パソコン・周辺機器,除外（日本実体の証拠なし）,JAN45/49・日本語社名・日本法人格のいずれも無し,A: 国内の第三者が2社以上で扱っている,規模未確認,なし,なし,☆ショップANNIE☆ / 【公式】PRIMESTORE,2,4,3843,B07CYNCHN5,3.5mm PCヘッドセットマイク付きそして通話コントロール、携帯電話ヘッドホン用コンピュータSkypeビジネスソフトフ,https://www.amazon.co.jp/dp/B07CYNCHN5,https://www.google.com/search?q=Wantek%20%E4%BC%9A%E7%A4%BE%E6%A6%82%E8%A6%81%20%E5%95%8F%E3%81%84%E5%90%88%E3%82%8F%E3%81%9B%20%E5%8D%B8,
YOSINA,1,ホーム＆キッチン,除外（日本実体の証拠なし）,JAN45/49・日本語社名・日本法人格のいずれも無し,A: 国内の第三者が2社以上で扱っている,規模未確認,なし,なし,SENPPLE-専門店,1,2,1328,B0DKWRDM7T,YOSINA EMS 全身筋肉刺激 9モード 30階段強度 A/Bデュアルチャネル仕様 Type-C充電 超軽量 携帯便,https://www.amazon.co.jp/dp/B0DKWRDM7T,https://www.google.com/search?q=YOSINA%20%E4%BC%9A%E7%A4%BE%E6%A6%82%E8%A6%81%20%E5%95%8F%E3%81%84%E5%90%88%E3%82%8F%E3%81%9B%20%E5%8D%B8,
Yuuscc,1,ホーム＆キッチン,除外（日本実体の証拠なし）,JAN45/49・日本語社名・日本法人格のいずれも無し,A: 国内の第三者が2社以上で扱っている,規模未確認,なし,なし,軽快サンク / スマート掃除機本舗,2,2,5602,B0G6JYKJVX,掃除機 コードレス 2027年先行発売！36000Kpa超強力吸引 同クラス最軽量 2in1充電＆収納スタンド自走式自立,https://www.amazon.co.jp/dp/B0G6JYKJVX,https://www.google.com/search?q=Yuuscc%20%E4%BC%9A%E7%A4%BE%E6%A6%82%E8%A6%81%20%E5%95%8F%E3%81%84%E5%90%88%E3%82%8F%E3%81%9B%20%E5%8D%B8,
ZTCUIK,1,家電＆カメラ,除外（日本実体の証拠なし）,JAN45/49・日本語社名・日本法人格のいずれも無し,A: 国内の第三者が2社以上で扱っている,規模未確認,なし,なし,小型カメラ専門店（年中無休、丁寧な対応、迅速に発送）,1,2,2943,B0DWWSBPWM,ZTCUIK 小型カメラ 隠しカメラ スパイカメラ 監視カメラ小型 超小型カメラ 19g軽量 防犯カメラ小型 1080P,https://www.amazon.co.jp/dp/B0DWWSBPWM,https://www.google.com/search?q=ZTCUIK%20%E4%BC%9A%E7%A4%BE%E6%A6%82%E8%A6%81%20%E5%95%8F%E3%81%84%E5%90%88%E3%82%8F%E3%81%9B%20%E5%8D%B8,
ZWILLING,1,ホーム＆キッチン,除外（日本実体の証拠なし）,JAN45/49・日本語社名・日本法人格のいずれも無し,A: 国内の第三者が2社以上で扱っている,規模未確認（大きい可能性あり）,なし,なし,ユニバースストア / 【当日翌日出荷!!】ブック・プロ,2,3,2488,B0C42N7NF7,ZWILLING ツヴィリング 「 エンフィニジー ミルクフォーマー ブラック 」 電動 クリーマー ミルクフォーサー ,https://www.amazon.co.jp/dp/B0C42N7NF7,https://www.google.com/search?q=ZWILLING%20%E4%BC%9A%E7%A4%BE%E6%A6%82%E8%A6%81%20%E5%95%8F%E3%81%84%E5%90%88%E3%82%8F%E3%81%9B%20%E5%8D%B8,
actiTube,1,ホーム＆キッチン,除外（日本実体の証拠なし）,JAN45/49・日本語社名・日本法人格のいずれも無し,A: 国内の第三者が2社以上で扱っている,規模未確認,なし,なし,ペーパーカンパニー / KKPLオンライン,2,3,495,B082Q18CL4,actitube(アクティチューブ)活性炭フィルター 100本入 【Tuneフィルター】,https://www.amazon.co.jp/dp/B082Q18CL4,https://www.google.com/search?q=actiTube%20%E4%BC%9A%E7%A4%BE%E6%A6%82%E8%A6%81%20%E5%95%8F%E3%81%84%E5%90%88%E3%82%8F%E3%81%9B%20%E5%8D%B8,
anoutway,1,スポーツ＆アウトドア,除外（日本実体の証拠なし）,JAN45/49・日本語社名・日本法人格のいずれも無し,A: 国内の第三者が2社以上で扱っている,規模未確認,なし,なし,アマゾンショップジャパン 古物商 静岡県49115A000454 すり替え詐欺の防止対策済店 / 株式会社FACE,2,5,4988,B0CZ8CN81G,anoutway 自転車 空気入れ 150PSI 電動ポンプ 携帯ポンプ 小型 電動空気入れ 全バルブ対応(米式仏式英—,https://www.amazon.co.jp/dp/B0CZ8CN81G,https://www.google.com/search?q=anoutway%20%E4%BC%9A%E7%A4%BE%E6%A6%82%E8%A6%81%20%E5%95%8F%E3%81%84%E5%90%88%E3%82%8F%E3%81%9B%20%E5%8D%B8,
arboleaf,1,ホーム＆キッチン,除外（日本実体の証拠なし）,JAN45/49・日本語社名・日本法人格のいずれも無し,A: 国内の第三者が2社以上で扱っている,規模未確認,なし,なし,輸入雑貨店｜Chicago Store / IIショップ / KASUAYA本店,4,5,7449,B0CJBT9XGK,"Arboleaf Scale for Body Weight, Smart Weight Scale with BMI,",https://www.amazon.co.jp/dp/B0CJBT9XGK,https://www.google.com/search?q=arboleaf%20%E4%BC%9A%E7%A4%BE%E6%A6%82%E8%A6%81%20%E5%95%8F%E3%81%84%E5%90%88%E3%82%8F%E3%81%9B%20%E5%8D%B8,
iFLEX,1,家電＆カメラ,除外（日本実体の証拠なし）,JAN45/49・日本語社名・日本法人格のいずれも無し,A: 国内の第三者が2社以上で扱っている,規模未確認,なし,なし,ICHINOKI TRADING【適格請求書発行事業者】,1,2,432,B082BFQXDC,iFLEX スマホスタンド 変形自在 汎用性 シリコン フライト ホルダー ブラック 標準,https://www.amazon.co.jp/dp/B082BFQXDC,https://www.google.com/search?q=iFLEX%20%E4%BC%9A%E7%A4%BE%E6%A6%82%E8%A6%81%20%E5%95%8F%E3%81%84%E5%90%88%E3%82%8F%E3%81%9B%20%E5%8D%B8,
pa-man,1,産業・研究開発用品,除外（日本実体の証拠なし）,JAN45/49・日本語社名・日本法人格のいずれも無し,A: 国内の第三者が2社以上で扱っている,規模未確認,なし,なし,Prime Select 生駒店 / 【インボイス対応】ADVANCE / ワイルドストア,4,5,598,B0B23Z1FQ1,pa-man ゴリラテープ シルバー 48×0.43mm 11m 強力防水(水中OK) 屋内外 耐熱・超耐久 マルチ用途,https://www.amazon.co.jp/dp/B0B23Z1FQ1,https://www.google.com/search?q=pa-man%20%E4%BC%9A%E7%A4%BE%E6%A6%82%E8%A6%81%20%E5%95%8F%E3%81%84%E5%90%88%E3%82%8F%E3%81%9B%20%E5%8D%B8,
pozold,1,DIY・工具・ガーデン,除外（日本実体の証拠なし）,JAN45/49・日本語社名・日本法人格のいずれも無し,A: 国内の第三者が2社以上で扱っている,規模未確認,なし,なし,ほのかあかり社 / 加湿器-毛玉取り専門分店,2,2,347,B0D3H1X88D,LEDテープライト 3M RGB テレビバックライト ストリップライト 30leds/m 間接照明 5050SMD US,https://www.amazon.co.jp/dp/B0D3H1X88D,https://www.google.com/search?q=pozold%20%E4%BC%9A%E7%A4%BE%E6%A6%82%E8%A6%81%20%E5%95%8F%E3%81%84%E5%90%88%E3%82%8F%E3%81%9B%20%E5%8D%B8,
zonzon,1,家電＆カメラ,除外（日本実体の証拠なし）,JAN45/49・日本語社名・日本法人格のいずれも無し,A: 国内の第三者が2社以上で扱っている,規模未確認,なし,なし,LingXi販売代理店,1,2,1983,B0DXF8SDF8,ソーラーモバイルバッテリー 22.5W/PD18W 61200mAh 急速充電 手回し充電 ソーラーチャージャー 防災士,https://www.amazon.co.jp/dp/B0DXF8SDF8,https://www.google.com/search?q=zonzon%20%E4%BC%9A%E7%A4%BE%E6%A6%82%E8%A6%81%20%E5%95%8F%E3%81%84%E5%90%88%E3%82%8F%E3%81%9B%20%E5%8D%B8,
ＬＵＳＣＩＯＵＳＬＩＰＳ,1,おもちゃ,除外（日本実体の証拠なし）,JAN45/49・日本語社名・日本法人格のいずれも無し,A: 国内の第三者が2社以上で扱っている,規模未確認,なし,なし,イーズスペック / life smile【くらしドラッグ】,2,3,2826,B083DZY1Z7,ラシャスリップ ３２２ クリア,https://www.amazon.co.jp/dp/B083DZY1Z7,https://www.google.com/search?q=%EF%BC%AC%EF%BC%B5%EF%BC%B3%EF%BC%A3%EF%BC%A9%EF%BC%AF%EF%BC%B5%EF%BC%B3%EF%BC%AC%EF%BC%A9%EF%BC%B0%EF%BC%B3%20%E4%BC%9A%E7%A4%BE%E6%A6%82%E8%A6%81%20%E5%95%8F%E3%81%84%E5%90%88%E3%82%8F%E3%81%9B%20%E5%8D%B8,
Moondrop,7,家電＆カメラ,除外（日本実体の証拠なし）,JAN45/49・日本語社名・日本法人格のいずれも無し,B: 国内の第三者が1社扱っている,規模未確認,なし,なし,e☆イヤホン【イヤホン・ヘッドホン専門店 16時までの通常注文は当日発送！】,1,1,3472,B0FDQ73HJJ,水月雨 Moondrop Pill オープンイヤー型ワイヤレスイヤホン イヤーカフ イヤホン オープンイヤー ワイヤレス,https://www.amazon.co.jp/dp/B0FDQ73HJJ,https://www.google.com/search?q=Moondrop%20%E4%BC%9A%E7%A4%BE%E6%A6%82%E8%A6%81%20%E5%95%8F%E3%81%84%E5%90%88%E3%82%8F%E3%81%9B%20%E5%8D%B8,
Evinof,5,家電＆カメラ,除外（日本実体の証拠なし）,JAN45/49・日本語社名・日本法人格のいずれも無し,B: 国内の第三者が1社扱っている,規模未確認,なし,なし,国海商店,1,1,4132,B0FSZ6VVWF,Evinof テレビ スピーカー 有線 手元スピーカー 【はっきり音声/小音量でも聞きやすい】 5mケーブル 音量調節 ,https://www.amazon.co.jp/dp/B0FSZ6VVWF,https://www.google.com/search?q=Evinof%20%E4%BC%9A%E7%A4%BE%E6%A6%82%E8%A6%81%20%E5%95%8F%E3%81%84%E5%90%88%E3%82%8F%E3%81%9B%20%E5%8D%B8,
skybest,5,家電＆カメラ,除外（日本実体の証拠なし）,JAN45/49・日本語社名・日本法人格のいずれも無し,B: 国内の第三者が1社扱っている,規模未確認,なし,なし,ここちいい生活,1,1,1858,B0F5WJTCL2,最新Qi2 ワイヤレス充電器【15W急速充電×放熱重視】magsafe充電器 qi2 充電器 マグセーフ対応 スマホ 充,https://www.amazon.co.jp/dp/B0F5WJTCL2,https://www.google.com/search?q=skybest%20%E4%BC%9A%E7%A4%BE%E6%A6%82%E8%A6%81%20%E5%95%8F%E3%81%84%E5%90%88%E3%82%8F%E3%81%9B%20%E5%8D%B8,
Biwin,3,パソコン・周辺機器,除外（日本実体の証拠なし）,JAN45/49・日本語社名・日本法人格のいずれも無し,B: 国内の第三者が1社扱っている,規模未確認,なし,なし,ジェネロシティー,1,1,7081,B0DSVWX1VL,Biwin M100 1TB SSD 2.5インチ SATA III 高速550MB/s 内蔵SSD 高耐久 低消費電力,https://www.amazon.co.jp/dp/B0DSVWX1VL,https://www.google.com/search?q=Biwin%20%E4%BC%9A%E7%A4%BE%E6%A6%82%E8%A6%81%20%E5%95%8F%E3%81%84%E5%90%88%E3%82%8F%E3%81%9B%20%E5%8D%B8,
AboveTEK,2,パソコン・周辺機器,除外（日本実体の証拠なし）,JAN45/49・日本語社名・日本法人格のいずれも無し,B: 国内の第三者が1社扱っている,規模未確認,なし,なし,ウィズ。,1,1,2903,B0CC1FSV5G,タブレットアーム アルミ製 iPadスタンド ホワイト AboveTEK スマホ対応 角度調整 360°回転 縦横置き両,https://www.amazon.co.jp/dp/B0CC1FSV5G,https://www.google.com/search?q=AboveTEK%20%E4%BC%9A%E7%A4%BE%E6%A6%82%E8%A6%81%20%E5%95%8F%E3%81%84%E5%90%88%E3%82%8F%E3%81%9B%20%E5%8D%B8,
BQEYZ,2,家電＆カメラ,除外（日本実体の証拠なし）,JAN45/49・日本語社名・日本法人格のいずれも無し,B: 国内の第三者が1社扱っている,規模未確認,なし,なし,e☆イヤホン【イヤホン・ヘッドホン専門店 16時までの通常注文は当日発送！】,1,1,4157,B0G2QK6NPN,BQEYZ NI霓 HiFiゲーミングイヤホン 有線 iem セラミック複合振動膜 有線イヤーバッド (Type-Cマイ,https://www.amazon.co.jp/dp/B0G2QK6NPN,https://www.google.com/search?q=BQEYZ%20%E4%BC%9A%E7%A4%BE%E6%A6%82%E8%A6%81%20%E5%95%8F%E3%81%84%E5%90%88%E3%82%8F%E3%81%9B%20%E5%8D%B8,
HIKMICRO,2,産業・研究開発用品,除外（日本実体の証拠なし）,JAN45/49・日本語社名・日本法人格のいずれも無し,B: 国内の第三者が1社扱っている,規模未確認,なし,なし,A1 ショップ【3300円以上で全国送料無料】※一部送料無料もございます,1,1,9742,B0FYM5YJ7G,HIKMICRO Eco Lite 赤外線温度計 赤外線カメラ、非接触温度計、1台2役、-20°C～550°C、調整可能,https://www.amazon.co.jp/dp/B0FYM5YJ7G,https://www.google.com/search?q=HIKMICRO%20%E4%BC%9A%E7%A4%BE%E6%A6%82%E8%A6%81%20%E5%95%8F%E3%81%84%E5%90%88%E3%82%8F%E3%81%9B%20%E5%8D%B8,
Hanmir,2,車＆バイク,除外（日本実体の証拠なし）,JAN45/49・日本語社名・日本法人格のいずれも無し,B: 国内の第三者が1社扱っている,規模未確認,なし,なし,良いモノnet,1,1,47,B07ZYTSXF7,Hanmir 自転車カバー 防水 厚手 破れにくい バイクカバー 電動アシストUV加工 耐熱 サイクルカバー 丈夫 盗難,https://www.amazon.co.jp/dp/B07ZYTSXF7,https://www.google.com/search?q=Hanmir%20%E4%BC%9A%E7%A4%BE%E6%A6%82%E8%A6%81%20%E5%95%8F%E3%81%84%E5%90%88%E3%82%8F%E3%81%9B%20%E5%8D%B8,
Keychron,2,パソコン・周辺機器,除外（日本実体の証拠なし）,JAN45/49・日本語社名・日本法人格のいずれも無し,B: 国内の第三者が1社扱っている,規模未確認,なし,なし,ジェネロシティー,1,1,3272,B0FRRXFWCR,「国内正規品」Keychron B33 ワイヤレスキーボード USレイアウト 2.4G/Bluetooth/有線 mac,https://www.amazon.co.jp/dp/B0FRRXFWCR,https://www.google.com/search?q=Keychron%20%E4%BC%9A%E7%A4%BE%E6%A6%82%E8%A6%81%20%E5%95%8F%E3%81%84%E5%90%88%E3%82%8F%E3%81%9B%20%E5%8D%B8,
Kiboer,2,スポーツ＆アウトドア,除外（日本実体の証拠なし）,JAN45/49・日本語社名・日本法人格のいずれも無し,B: 国内の第三者が1社扱っている,規模未確認,なし,なし,ネンカショップ 代理店,1,1,2304,B0FYX7G4P9,Kiboer EMS腹筋ベルト EMSパッド ジェル不要 6モード 16段階 5段階温熱 液晶表示 2mm薄型 USB充,https://www.amazon.co.jp/dp/B0FYX7G4P9,https://www.google.com/search?q=Kiboer%20%E4%BC%9A%E7%A4%BE%E6%A6%82%E8%A6%81%20%E5%95%8F%E3%81%84%E5%90%88%E3%82%8F%E3%81%9B%20%E5%8D%B8,
Lenovo,2,パソコン・周辺機器,除外（日本実体の証拠なし）,JAN45/49・日本語社名・日本法人格のいずれも無し,B: 国内の第三者が1社扱っている,規模未確認（大きい可能性あり）,なし,なし,【公式】Botanica Health,1,1,1379,B0CK4NVH8D,レノボ Lenovo パソコンケース 14インチ ノート PCケース 耐衝撃 防水 取っ手付き インナーバッグ アーバン,https://www.amazon.co.jp/dp/B0CK4NVH8D,https://www.google.com/search?q=Lenovo%20%E4%BC%9A%E7%A4%BE%E6%A6%82%E8%A6%81%20%E5%95%8F%E3%81%84%E5%90%88%E3%82%8F%E3%81%9B%20%E5%8D%B8,
Nextorage,2,パソコン・周辺機器,除外（日本実体の証拠なし）,JAN45/49・日本語社名・日本法人格のいずれも無し,B: 国内の第三者が1社扱っている,規模未確認,なし,なし,【公式】グローバルオンラインストア 本店,1,1,7313,B0DD3MDNGG,Nextorage 日本メーカー UHS-II microSD U3 V60 128GB 動画 マイクロSD メモリーカ,https://www.amazon.co.jp/dp/B0DD3MDNGG,https://www.google.com/search?q=Nextorage%20%E4%BC%9A%E7%A4%BE%E6%A6%82%E8%A6%81%20%E5%95%8F%E3%81%84%E5%90%88%E3%82%8F%E3%81%9B%20%E5%8D%B8,
PRETYDAY,2,ホーム＆キッチン,除外（日本実体の証拠なし）,JAN45/49・日本語社名・日本法人格のいずれも無し,B: 国内の第三者が1社扱っている,規模未確認,なし,なし,QINLING6JP【1年間安心保証・24時間以内対応・日本語サポート】,1,1,589,B092Z6Y7KJ,[2倍の処理幅] ヒートカッター vio 女性【2026新登場 USB充電式】ダブルコーム保護 アンダーヘアカッター 除,https://www.amazon.co.jp/dp/B092Z6Y7KJ,https://www.google.com/search?q=PRETYDAY%20%E4%BC%9A%E7%A4%BE%E6%A6%82%E8%A6%81%20%E5%95%8F%E3%81%84%E5%90%88%E3%82%8F%E3%81%9B%20%E5%8D%B8,
Alprojec,1,家電＆カメラ,除外（日本実体の証拠なし）,JAN45/49・日本語社名・日本法人格のいずれも無し,B: 国内の第三者が1社扱っている,規模未確認,なし,なし,Benkaer【翌日発送】,1,1,3200,B0G7G1XGS2,【2026年プライム限定】プロジェクター 家庭用 小型 270°回転 ネイティブ1080P 32000LM 天井投影 B,https://www.amazon.co.jp/dp/B0G7G1XGS2,https://www.google.com/search?q=Alprojec%20%E4%BC%9A%E7%A4%BE%E6%A6%82%E8%A6%81%20%E5%95%8F%E3%81%84%E5%90%88%E3%82%8F%E3%81%9B%20%E5%8D%B8,
Autel,1,車＆バイク,除外（日本実体の証拠なし）,JAN45/49・日本語社名・日本法人格のいずれも無し,B: 国内の第三者が1社扱っている,規模未確認,なし,なし,ハーレーカスタマージャパン,1,1,2099,B007XE8C74,Autel Autolink AL319 OBD2 診断機 故障コードの読み取りと消去 obd車検時エラーチェック用,https://www.amazon.co.jp/dp/B007XE8C74,https://www.google.com/search?q=Autel%20%E4%BC%9A%E7%A4%BE%E6%A6%82%E8%A6%81%20%E5%95%8F%E3%81%84%E5%90%88%E3%82%8F%E3%81%9B%20%E5%8D%B8,
BONTEC,1,家電＆カメラ,除外（日本実体の証拠なし）,JAN45/49・日本語社名・日本法人格のいずれも無し,B: 国内の第三者が1社扱っている,規模未確認,なし,なし,ウィズ。,1,1,1281,B08GFDZ288,BONTEC テレビ壁掛け金具 32～75インチ対応 デュアルアーム式 フルモーション 耐荷重60kg VESA600×,https://www.amazon.co.jp/dp/B08GFDZ288,https://www.google.com/search?q=BONTEC%20%E4%BC%9A%E7%A4%BE%E6%A6%82%E8%A6%81%20%E5%95%8F%E3%81%84%E5%90%88%E3%82%8F%E3%81%9B%20%E5%8D%B8,
Babysense,1,ベビー＆マタニティ,除外（日本実体の証拠なし）,JAN45/49・日本語社名・日本法人格のいずれも無し,B: 国内の第三者が1社扱っている,規模未確認,なし,なし,A1 ショップ【3300円以上で全国送料無料】※一部送料無料もございます,1,1,10241,B09Z2Q9HF5,Babysense HD画質ベビーカメラ 見守り ベビーモニター 双方向トーク 室温アラート 2.4 GHz FHSSア,https://www.amazon.co.jp/dp/B09Z2Q9HF5,https://www.google.com/search?q=Babysense%20%E4%BC%9A%E7%A4%BE%E6%A6%82%E8%A6%81%20%E5%95%8F%E3%81%84%E5%90%88%E3%82%8F%E3%81%9B%20%E5%8D%B8,
Belkin,1,家電＆カメラ,除外（日本実体の証拠なし）,JAN45/49・日本語社名・日本法人格のいずれも無し,B: 国内の第三者が1社扱っている,規模未確認（大きい可能性あり）,なし,なし,PLUS YU（プラスユウ）,1,1,2173,B0FBM6X15S,Belkin Cubic Charger 67W 充電器 type-c PD充電器 USB-C*2 急速充電 ZSP技術,https://www.amazon.co.jp/dp/B0FBM6X15S,https://www.google.com/search?q=Belkin%20%E4%BC%9A%E7%A4%BE%E6%A6%82%E8%A6%81%20%E5%95%8F%E3%81%84%E5%90%88%E3%82%8F%E3%81%9B%20%E5%8D%B8,
CHEERFUL GOAT,1,ホーム＆キッチン,除外（日本実体の証拠なし）,JAN45/49・日本語社名・日本法人格のいずれも無し,B: 国内の第三者が1社扱っている,規模未確認,なし,なし,ディージーエヌ,1,1,764,B0F5HN32KT,CHEERFUL GOAT 真空断熱タンブラー 350ml – 内面セラミックコーティング採用・保温保冷の高機能ステンレ,https://www.amazon.co.jp/dp/B0F5HN32KT,https://www.google.com/search?q=CHEERFUL%20GOAT%20%E4%BC%9A%E7%A4%BE%E6%A6%82%E8%A6%81%20%E5%95%8F%E3%81%84%E5%90%88%E3%82%8F%E3%81%9B%20%E5%8D%B8,
Casio,1,家電＆カメラ,除外（日本実体の証拠なし）,JAN45/49・日本語社名・日本法人格のいずれも無し,B: 国内の第三者が1社扱っている,大企業確定,なし,なし,CENFILL 【スウォッチグループ RENATAバッテリー正規輸入代理店】,1,1,541,B00KSHIM7I,Casio Casio-23152-CTL1616 – 腕時計バッテリー,https://www.amazon.co.jp/dp/B00KSHIM7I,https://www.google.com/search?q=Casio%20%E4%BC%9A%E7%A4%BE%E6%A6%82%E8%A6%81%20%E5%95%8F%E3%81%84%E5%90%88%E3%82%8F%E3%81%9B%20%E5%8D%B8,
GameSir,1,パソコン・周辺機器,除外（日本実体の証拠なし）,JAN45/49・日本語社名・日本法人格のいずれも無し,B: 国内の第三者が1社扱っている,規模未確認,なし,なし,風見鶏 - フラッシュメモリ専門店,1,1,2221,B0F3D25PD3,GameSir Nova lite2 PC コントローラー 有線、無線（Bluetooth、2.4GHz）連射機能/マク,https://www.amazon.co.jp/dp/B0F3D25PD3,https://www.google.com/search?q=GameSir%20%E4%BC%9A%E7%A4%BE%E6%A6%82%E8%A6%81%20%E5%95%8F%E3%81%84%E5%90%88%E3%82%8F%E3%81%9B%20%E5%8D%B8,
INFOCAR,1,車＆バイク,除外（日本実体の証拠なし）,JAN45/49・日本語社名・日本法人格のいずれも無し,B: 国内の第三者が1社扱っている,規模未確認,なし,なし,並行輸入SHOP QOL,1,1,3326,B0CYFPR2FN,IO180-PH Infocarスマートスキャナー/ OBD2スキャナー / ELM327 / 自動車の故障診断機/日本,https://www.amazon.co.jp/dp/B0CYFPR2FN,https://www.google.com/search?q=INFOCAR%20%E4%BC%9A%E7%A4%BE%E6%A6%82%E8%A6%81%20%E5%95%8F%E3%81%84%E5%90%88%E3%82%8F%E3%81%9B%20%E5%8D%B8,
LAUNCH,1,車＆バイク,除外（日本実体の証拠なし）,JAN45/49・日本語社名・日本法人格のいずれも無し,B: 国内の第三者が1社扱っている,規模未確認,なし,なし,ハーレーカスタマージャパン,1,1,2514,B082MCG82X,LAUNCH CR529 OBD2 診断機 自動車用 故障診断機 チェックエンジンライトの消灯 フルOBD2機能 故障コ,https://www.amazon.co.jp/dp/B082MCG82X,https://www.google.com/search?q=LAUNCH%20%E4%BC%9A%E7%A4%BE%E6%A6%82%E8%A6%81%20%E5%95%8F%E3%81%84%E5%90%88%E3%82%8F%E3%81%9B%20%E5%8D%B8,
NICEHCK,1,家電＆カメラ,除外（日本実体の証拠なし）,JAN45/49・日本語社名・日本法人格のいずれも無し,B: 国内の第三者が1社扱っている,規模未確認,なし,なし,e☆イヤホン【イヤホン・ヘッドホン専門店 16時までの通常注文は当日発送！】,1,1,1112,B0FCXY2PZB,NICEHCK NK1 MAX ポータブルType-C DACアンプケーブル イヤホン ヘッドホンアダプター(NK1 M,https://www.amazon.co.jp/dp/B0FCXY2PZB,https://www.google.com/search?q=NICEHCK%20%E4%BC%9A%E7%A4%BE%E6%A6%82%E8%A6%81%20%E5%95%8F%E3%81%84%E5%90%88%E3%82%8F%E3%81%9B%20%E5%8D%B8,
SMALLRIG,1,家電＆カメラ,除外（日本実体の証拠なし）,JAN45/49・日本語社名・日本法人格のいずれも無し,B: 国内の第三者が1社扱っている,規模未確認,なし,なし,株式会社コジマ,1,1,1027,B08BRWJNM4,SmallRig FUJIFILM対応 X100VI/X100V用 サムグリップ ホットシュー取付、装着簡単、サムレスト,https://www.amazon.co.jp/dp/B08BRWJNM4,https://www.google.com/search?q=SMALLRIG%20%E4%BC%9A%E7%A4%BE%E6%A6%82%E8%A6%81%20%E5%95%8F%E3%81%84%E5%90%88%E3%82%8F%E3%81%9B%20%E5%8D%B8,
VELIKE,1,家電＆カメラ,除外（日本実体の証拠なし）,JAN45/49・日本語社名・日本法人格のいずれも無し,B: 国内の第三者が1社扱っている,規模未確認,なし,なし,TOPEVER JP専売店,1,1,616,B0C2YZ3ZFS,海外 変換プラグ VELIKE コンセント マルチ変換プラグ 2USBポート 全世界対応 電源変換器 海外旅行用充電器 ,https://www.amazon.co.jp/dp/B0C2YZ3ZFS,https://www.google.com/search?q=VELIKE%20%E4%BC%9A%E7%A4%BE%E6%A6%82%E8%A6%81%20%E5%95%8F%E3%81%84%E5%90%88%E3%82%8F%E3%81%9B%20%E5%8D%B8,
YUGOR,1,家電＆カメラ,除外（日本実体の証拠なし）,JAN45/49・日本語社名・日本法人格のいずれも無し,B: 国内の第三者が1社扱っている,規模未確認,なし,なし,VAN HAIショップ,1,1,1593,B0GGGV86BP,【新登場・15000mAh大容量】モバイルバッテリー 軽量 コンセント一体型 3本ケーブル内蔵 22.5W/PD20W急,https://www.amazon.co.jp/dp/B0GGGV86BP,https://www.google.com/search?q=YUGOR%20%E4%BC%9A%E7%A4%BE%E6%A6%82%E8%A6%81%20%E5%95%8F%E3%81%84%E5%90%88%E3%82%8F%E3%81%9B%20%E5%8D%B8,
uchiko,1,スポーツ＆アウトドア,除外（日本実体の証拠なし）,JAN45/49・日本語社名・日本法人格のいずれも無し,B: 国内の第三者が1社扱っている,規模未確認,なし,なし,ABEAM RIDESHOP (木曜日定休),1,1,2375,B0D7QMD7QR,ウチコ 蓮 Hachisu 500 【自衛隊納入品 】国産の生地用超撥水剤 耐過酷環境 海水から雪山まで 高耐久 洗濯可,https://www.amazon.co.jp/dp/B0D7QMD7QR,https://www.google.com/search?q=uchiko%20%E4%BC%9A%E7%A4%BE%E6%A6%82%E8%A6%81%20%E5%95%8F%E3%81%84%E5%90%88%E3%82%8F%E3%81%9B%20%E5%8D%B8,
iClever,13,パソコン・周辺機器,除外（日本実体の証拠なし）,JAN45/49・日本語社名・日本法人格のいずれも無し,C: 第三者はいるが国内事業者ではない,規模未確認,なし,なし,,0,2,1636,B0D86XCN4G,iClever ゲーミングキーボード テンキーレス 赤軸 メカニカル キーボード 日本語配列 マクロ対応 G06 ブラッ,https://www.amazon.co.jp/dp/B0D86XCN4G,https://www.google.com/search?q=iClever%20%E4%BC%9A%E7%A4%BE%E6%A6%82%E8%A6%81%20%E5%95%8F%E3%81%84%E5%90%88%E3%82%8F%E3%81%9B%20%E5%8D%B8,
Mumay,6,車＆バイク,除外（日本実体の証拠なし）,JAN45/49・日本語社名・日本法人格のいずれも無し,C: 第三者はいるが国内事業者ではない,規模未確認,なし,なし,,0,3,766,B0FBRHQ3RN,スマホホルダー 車 ワイヤレス充電 マグネット 15W急速充電【冷却ファン付き・エアコン吹き出し口&ダッシュボード対応】,https://www.amazon.co.jp/dp/B0FBRHQ3RN,https://www.google.com/search?q=Mumay%20%E4%BC%9A%E7%A4%BE%E6%A6%82%E8%A6%81%20%E5%95%8F%E3%81%84%E5%90%88%E3%82%8F%E3%81%9B%20%E5%8D%B8,
ieGeek,5,家電＆カメラ,除外（日本実体の証拠なし）,JAN45/49・日本語社名・日本法人格のいずれも無し,C: 第三者はいるが国内事業者ではない,規模未確認,なし,なし,,0,3,3260,B0BPJZXZ81,【5MP超高画素・自動追跡・2.4と5GhzWiFi対応】ieGeek 防犯カメラ 屋外 監視カメラ 屋外 500万画素,https://www.amazon.co.jp/dp/B0BPJZXZ81,https://www.google.com/search?q=ieGeek%20%E4%BC%9A%E7%A4%BE%E6%A6%82%E8%A6%81%20%E5%95%8F%E3%81%84%E5%90%88%E3%82%8F%E3%81%9B%20%E5%8D%B8,
ARZOPA,4,パソコン・周辺機器,除外（日本実体の証拠なし）,JAN45/49・日本語社名・日本法人格のいずれも無し,C: 第三者はいるが国内事業者ではない,規模未確認,なし,なし,,0,1,11876,B0CH9XW8RK,ARZOPA 15.6インチ モバイルモニター ポータブルディスプレイ 非光沢IPS液晶パネル 1920x1080FHD,https://www.amazon.co.jp/dp/B0CH9XW8RK,https://www.google.com/search?q=ARZOPA%20%E4%BC%9A%E7%A4%BE%E6%A6%82%E8%A6%81%20%E5%95%8F%E3%81%84%E5%90%88%E3%82%8F%E3%81%9B%20%E5%8D%B8,
Boleve,4,家電＆カメラ,除外（日本実体の証拠なし）,JAN45/49・日本語社名・日本法人格のいずれも無し,C: 第三者はいるが国内事業者ではない,規模未確認,なし,なし,,0,6,2189,B0FS1TCFRR,Boleve【15W急速充電・360°回転】スマホホルダー 車 ワイヤレス充電 マグネット【ナノジェル吸盤】MagSaf,https://www.amazon.co.jp/dp/B0FS1TCFRR,https://www.google.com/search?q=Boleve%20%E4%BC%9A%E7%A4%BE%E6%A6%82%E8%A6%81%20%E5%95%8F%E3%81%84%E5%90%88%E3%82%8F%E3%81%9B%20%E5%8D%B8,
Runbod,4,DIY・工具・ガーデン,除外（日本実体の証拠なし）,JAN45/49・日本語社名・日本法人格のいずれも無し,C: 第三者はいるが国内事業者ではない,規模未確認,なし,なし,,0,2,359,B07SGBYB6Z,sata usb 変換ケーブル 3.5/2.5インチ SSD HDD SATA USB変換アダプター SATA3 USB,https://www.amazon.co.jp/dp/B07SGBYB6Z,https://www.google.com/search?q=Runbod%20%E4%BC%9A%E7%A4%BE%E6%A6%82%E8%A6%81%20%E5%95%8F%E3%81%84%E5%90%88%E3%82%8F%E3%81%9B%20%E5%8D%B8,
Aliliy,3,ホーム＆キッチン,除外（日本実体の証拠なし）,JAN45/49・日本語社名・日本法人格のいずれも無し,C: 第三者はいるが国内事業者ではない,規模未確認,なし,なし,,0,3,1704,B0FPF3TBBQ,Aliliyポータブル電気ケトル 小型【2026革新版温度調節 海外/日本対応 AC100-240V】携帯ケトル 持ち運,https://www.amazon.co.jp/dp/B0FPF3TBBQ,https://www.google.com/search?q=Aliliy%20%E4%BC%9A%E7%A4%BE%E6%A6%82%E8%A6%81%20%E5%95%8F%E3%81%84%E5%90%88%E3%82%8F%E3%81%9B%20%E5%8D%B8,
Boweer,3,ホーム＆キッチン,除外（日本実体の証拠なし）,JAN45/49・日本語社名・日本法人格のいずれも無し,C: 第三者はいるが国内事業者ではない,規模未確認,なし,なし,,0,2,4102,B0BXRX4M2D,Boweer 除湿機 大容量 3L 除湿量1L/日 【鉄筋15畳 /木造７畳】 除湿器 部屋干し 湿気取り カビ 梅雨対,https://www.amazon.co.jp/dp/B0BXRX4M2D,https://www.google.com/search?q=Boweer%20%E4%BC%9A%E7%A4%BE%E6%A6%82%E8%A6%81%20%E5%95%8F%E3%81%84%E5%90%88%E3%82%8F%E3%81%9B%20%E5%8D%B8,
GADEBAO,3,パソコン・周辺機器,除外（日本実体の証拠なし）,JAN45/49・日本語社名・日本法人格のいずれも無し,C: 第三者はいるが国内事業者ではない,規模未確認,なし,なし,,0,1,1223,B0DTTBZ6KJ,USB C HDMI 変換アダプター 2in1 4K60Hz タイプC hdmi iphone hdmi変換ケーブル t,https://www.amazon.co.jp/dp/B0DTTBZ6KJ,https://www.google.com/search?q=GADEBAO%20%E4%BC%9A%E7%A4%BE%E6%A6%82%E8%A6%81%20%E5%95%8F%E3%81%84%E5%90%88%E3%82%8F%E3%81%9B%20%E5%8D%B8,
Gigastone,3,パソコン・周辺機器,除外（日本実体の証拠なし）,JAN45/49・日本語社名・日本法人格のいずれも無し,C: 第三者はいるが国内事業者ではない,規模未確認,なし,なし,,0,1,8649,B0FQJCWKRW,【Switch 2 専用設計】GIGASTONE microSD Express microSDカード 256GB SD,https://www.amazon.co.jp/dp/B0FQJCWKRW,https://www.google.com/search?q=Gigastone%20%E4%BC%9A%E7%A4%BE%E6%A6%82%E8%A6%81%20%E5%95%8F%E3%81%84%E5%90%88%E3%82%8F%E3%81%9B%20%E5%8D%B8,
Krunia,3,車＆バイク,除外（日本実体の証拠なし）,JAN45/49・日本語社名・日本法人格のいずれも無し,C: 第三者はいるが国内事業者ではない,規模未確認,なし,なし,,0,2,5491,B0DNZMCN1R,Krunia ディスプレイオーディオ 9.26インチ ワイヤレス CarPlay & Android Auto 対応 ポ,https://www.amazon.co.jp/dp/B0DNZMCN1R,https://www.google.com/search?q=Krunia%20%E4%BC%9A%E7%A4%BE%E6%A6%82%E8%A6%81%20%E5%95%8F%E3%81%84%E5%90%88%E3%82%8F%E3%81%9B%20%E5%8D%B8,
MINLU,3,パソコン・周辺機器,除外（日本実体の証拠なし）,JAN45/49・日本語社名・日本法人格のいずれも無し,C: 第三者はいるが国内事業者ではない,規模未確認,なし,なし,,0,2,839,B0DYZK58DH,"充電ケーブル 巻き取り 6in1 Minlu [1.2m,2本セット]スマホ充電コード データ転送 リール式",https://www.amazon.co.jp/dp/B0DYZK58DH,https://www.google.com/search?q=MINLU%20%E4%BC%9A%E7%A4%BE%E6%A6%82%E8%A6%81%20%E5%95%8F%E3%81%84%E5%90%88%E3%82%8F%E3%81%9B%20%E5%8D%B8,
TXWDFHL,3,ホーム＆キッチン,除外（日本実体の証拠なし）,JAN45/49・日本語社名・日本法人格のいずれも無し,C: 第三者はいるが国内事業者ではない,規模未確認,なし,なし,,0,2,431,B0GBWZBMS5,【2026新登場&LCD画面】鼻毛カッター メンズ 替刃付き USB充電式 はな毛カッター はなげカッター バッテリー残,https://www.amazon.co.jp/dp/B0GBWZBMS5,https://www.google.com/search?q=TXWDFHL%20%E4%BC%9A%E7%A4%BE%E6%A6%82%E8%A6%81%20%E5%95%8F%E3%81%84%E5%90%88%E3%82%8F%E3%81%9B%20%E5%8D%B8,
viangs,3,スポーツ＆アウトドア,除外（日本実体の証拠なし）,JAN45/49・日本語社名・日本法人格のいずれも無し,C: 第三者はいるが国内事業者ではない,規模未確認,なし,なし,,0,1,1095,B0F5BSRT8X,骨盤底筋トレーニング器具 組み立て不要 張力23kg 内転筋トレーニング 太もも 筋トレ ダイエット器具 収納可能 Vi,https://www.amazon.co.jp/dp/B0F5BSRT8X,https://www.google.com/search?q=viangs%20%E4%BC%9A%E7%A4%BE%E6%A6%82%E8%A6%81%20%E5%95%8F%E3%81%84%E5%90%88%E3%82%8F%E3%81%9B%20%E5%8D%B8,
Augnner,2,家電＆カメラ,除外（日本実体の証拠なし）,JAN45/49・日本語社名・日本法人格のいずれも無し,C: 第三者はいるが国内事業者ではない,規模未確認,なし,なし,,0,1,1894,B0F99Q5P9D,【2026新登場】ワイヤレス充電器 3 in 1 急速 MagSafe充電器 折りたたみ式 ワイヤレス充電ステーション ,https://www.amazon.co.jp/dp/B0F99Q5P9D,https://www.google.com/search?q=Augnner%20%E4%BC%9A%E7%A4%BE%E6%A6%82%E8%A6%81%20%E5%95%8F%E3%81%84%E5%90%88%E3%82%8F%E3%81%9B%20%E5%8D%B8,
BACOENG,2,車＆バイク,除外（日本実体の証拠なし）,JAN45/49・日本語社名・日本法人格のいずれも無し,C: 第三者はいるが国内事業者ではない,規模未確認,なし,なし,,0,2,8551,B0DZFPWKMH,BACOENG 3.6CFM 1/4HP 真空ポンプ マニホールドゲージ R32 R134A R410A R407C カ,https://www.amazon.co.jp/dp/B0DZFPWKMH,https://www.google.com/search?q=BACOENG%20%E4%BC%9A%E7%A4%BE%E6%A6%82%E8%A6%81%20%E5%95%8F%E3%81%84%E5%90%88%E3%82%8F%E3%81%9B%20%E5%8D%B8,
Bmax,2,パソコン・周辺機器,除外（日本実体の証拠なし）,JAN45/49・日本語社名・日本法人格のいずれも無し,C: 第三者はいるが国内事業者ではない,規模未確認,なし,なし,,0,1,8232,B0FP5BK51X,【タブレット 10インチ】-Android16 強化版 wi-fiモデル タブレット、高性能8コアCPU T7250搭載,https://www.amazon.co.jp/dp/B0FP5BK51X,https://www.google.com/search?q=Bmax%20%E4%BC%9A%E7%A4%BE%E6%A6%82%E8%A6%81%20%E5%95%8F%E3%81%84%E5%90%88%E3%82%8F%E3%81%9B%20%E5%8D%B8,
DEPSTECH,2,産業・研究開発用品,除外（日本実体の証拠なし）,JAN45/49・日本語社名・日本法人格のいずれも無し,C: 第三者はいるが国内事業者ではない,規模未確認,なし,なし,,0,1,5829,B0FKTKJTJQ,DEPSTECH 先端可動式 ファイバースコープ 6.2MM極細 5インチIPSモニター 210°双方向回転 レバー式 ,https://www.amazon.co.jp/dp/B0FKTKJTJQ,https://www.google.com/search?q=DEPSTECH%20%E4%BC%9A%E7%A4%BE%E6%A6%82%E8%A6%81%20%E5%95%8F%E3%81%84%E5%90%88%E3%82%8F%E3%81%9B%20%E5%8D%B8,
Edifier,2,家電＆カメラ,除外（日本実体の証拠なし）,JAN45/49・日本語社名・日本法人格のいずれも無し,C: 第三者はいるが国内事業者ではない,規模未確認,なし,なし,,0,1,8102,B09DKV849B,Edifier MR4 42W 2.0ch PC アクティブニアフィールドモニタースピーカー | 4 インチ中低音ユニッ,https://www.amazon.co.jp/dp/B09DKV849B,https://www.google.com/search?q=Edifier%20%E4%BC%9A%E7%A4%BE%E6%A6%82%E8%A6%81%20%E5%95%8F%E3%81%84%E5%90%88%E3%82%8F%E3%81%9B%20%E5%8D%B8,
Erssimo,2,家電＆カメラ,除外（日本実体の証拠なし）,JAN45/49・日本語社名・日本法人格のいずれも無し,C: 第三者はいるが国内事業者ではない,規模未確認,なし,なし,,0,3,1579,B0BF5WN71R,骨伝導イヤホン bluetooth マイク付き こつでんどう イヤホン bluetooth 防水 スポーツ イヤホン ラ,https://www.amazon.co.jp/dp/B0BF5WN71R,https://www.google.com/search?q=Erssimo%20%E4%BC%9A%E7%A4%BE%E6%A6%82%E8%A6%81%20%E5%95%8F%E3%81%84%E5%90%88%E3%82%8F%E3%81%9B%20%E5%8D%B8,
GAGULA,2,家電＆カメラ,除外（日本実体の証拠なし）,JAN45/49・日本語社名・日本法人格のいずれも無し,C: 第三者はいるが国内事業者ではない,規模未確認,なし,なし,,0,2,1007,B0F993JSLR,GAGULA for Apple Watch バンド チェーン ベルト アップルウォッチ バンド 調整器具不要 ステンレ,https://www.amazon.co.jp/dp/B0F993JSLR,https://www.google.com/search?q=GAGULA%20%E4%BC%9A%E7%A4%BE%E6%A6%82%E8%A6%81%20%E5%95%8F%E3%81%84%E5%90%88%E3%82%8F%E3%81%9B%20%E5%8D%B8,
GEKETY,2,スポーツ＆アウトドア,除外（日本実体の証拠なし）,JAN45/49・日本語社名・日本法人格のいずれも無し,C: 第三者はいるが国内事業者ではない,規模未確認,なし,なし,,0,1,1202,B0GK1H6LXS,エアーマット GEKETY キャンプ マット【30s膨らむ･厚手10㎝】足踏み式 車中泊 防災 来客用 無限連結 枕付き,https://www.amazon.co.jp/dp/B0GK1H6LXS,https://www.google.com/search?q=GEKETY%20%E4%BC%9A%E7%A4%BE%E6%A6%82%E8%A6%81%20%E5%95%8F%E3%81%84%E5%90%88%E3%82%8F%E3%81%9B%20%E5%8D%B8,
GLAMERGY,2,パソコン・周辺機器,除外（日本実体の証拠なし）,JAN45/49・日本語社名・日本法人格のいずれも無し,C: 第三者はいるが国内事業者ではない,規模未確認,なし,なし,,0,2,546,B0DCG6LHND,マウス Bluetooth Type-C充電式 ワイヤレスマウス 2.4GHz光学式 3dpi切替 静音 薄型 小型 無,https://www.amazon.co.jp/dp/B0DCG6LHND,https://www.google.com/search?q=GLAMERGY%20%E4%BC%9A%E7%A4%BE%E6%A6%82%E8%A6%81%20%E5%95%8F%E3%81%84%E5%90%88%E3%82%8F%E3%81%9B%20%E5%8D%B8,
Inkkey,2,家電＆カメラ,除外（日本実体の証拠なし）,JAN45/49・日本語社名・日本法人格のいずれも無し,C: 第三者はいるが国内事業者ではない,規模未確認,なし,なし,,0,2,1355,B0FK91X6DF,3in1 ワイヤレス充電器 折り畳み式 15W急速充電 I-phone17/16/15/14/13/12 マグセーフ 角,https://www.amazon.co.jp/dp/B0FK91X6DF,https://www.google.com/search?q=Inkkey%20%E4%BC%9A%E7%A4%BE%E6%A6%82%E8%A6%81%20%E5%95%8F%E3%81%84%E5%90%88%E3%82%8F%E3%81%9B%20%E5%8D%B8,
KEEPRO,2,家電＆カメラ,除外（日本実体の証拠なし）,JAN45/49・日本語社名・日本法人格のいずれも無し,C: 第三者はいるが国内事業者ではない,規模未確認,なし,なし,,0,1,1613,B0DMNYY821,KEEPRO ワイヤレス充電器 3in1 折り畳み式 Magsafe充電器 同時に3つのデバイス充電 15W/10W/7,https://www.amazon.co.jp/dp/B0DMNYY821,https://www.google.com/search?q=KEEPRO%20%E4%BC%9A%E7%A4%BE%E6%A6%82%E8%A6%81%20%E5%95%8F%E3%81%84%E5%90%88%E3%82%8F%E3%81%9B%20%E5%8D%B8,
KEEZING,2,ホーム＆キッチン,除外（日本実体の証拠なし）,JAN45/49・日本語社名・日本法人格のいずれも無し,C: 第三者はいるが国内事業者ではない,規模未確認,なし,なし,,0,4,812,B0FJDNXRQL,KEEZING 超薄型 モバイルバッテリー MagSafe対応 軽量 小型 8000mAh ワイヤレス充電器 マグネット,https://www.amazon.co.jp/dp/B0FJDNXRQL,https://www.google.com/search?q=KEEZING%20%E4%BC%9A%E7%A4%BE%E6%A6%82%E8%A6%81%20%E5%95%8F%E3%81%84%E5%90%88%E3%82%8F%E3%81%9B%20%E5%8D%B8,
Kachiari,2,DIY・工具・ガーデン,除外（日本実体の証拠なし）,JAN45/49・日本語社名・日本法人格のいずれも無し,C: 第三者はいるが国内事業者ではない,規模未確認,なし,なし,,0,1,1427,B0DLT44228,Kachiari(カチアリ) 電動ドライバー KA-9 18V対応 40N.m 家具組立 ネジ締め 本体のみ,https://www.amazon.co.jp/dp/B0DLT44228,https://www.google.com/search?q=Kachiari%20%E4%BC%9A%E7%A4%BE%E6%A6%82%E8%A6%81%20%E5%95%8F%E3%81%84%E5%90%88%E3%82%8F%E3%81%9B%20%E5%8D%B8,
Kungix,2,パソコン・周辺機器,除外（日本実体の証拠なし）,JAN45/49・日本語社名・日本法人格のいずれも無し,C: 第三者はいるが国内事業者ではない,規模未確認,なし,なし,,0,2,658,B0FQ1X5R8C,【2026新登場・360°回転・折り畳み式】 タブレット スタンド iPad スタンド 4.7~13インチ対応 軽量 高,https://www.amazon.co.jp/dp/B0FQ1X5R8C,https://www.google.com/search?q=Kungix%20%E4%BC%9A%E7%A4%BE%E6%A6%82%E8%A6%81%20%E5%95%8F%E3%81%84%E5%90%88%E3%82%8F%E3%81%9B%20%E5%8D%B8,
Lamake,2,DIY・工具・ガーデン,除外（日本実体の証拠なし）,JAN45/49・日本語社名・日本法人格のいずれも無し,C: 第三者はいるが国内事業者ではない,規模未確認,なし,なし,,0,3,3405,B07CYY16XG,Lamake 超超明るい 4400mAh大容量バッテリー内蔵 センサーライト ABS ソーラー充電 三つ照明モード 明暗,https://www.amazon.co.jp/dp/B07CYY16XG,https://www.google.com/search?q=Lamake%20%E4%BC%9A%E7%A4%BE%E6%A6%82%E8%A6%81%20%E5%95%8F%E3%81%84%E5%90%88%E3%82%8F%E3%81%9B%20%E5%8D%B8,
Lettop,2,ホーム＆キッチン,除外（日本実体の証拠なし）,JAN45/49・日本語社名・日本法人格のいずれも無し,C: 第三者はいるが国内事業者ではない,規模未確認,なし,なし,,0,3,594,B0BQ6Z2Z2J,【2026革新モデル】 デスクライト LED スタンドライト 目に優しい 電気スタンド 省エネ 卓上 調色5段階 無段階,https://www.amazon.co.jp/dp/B0BQ6Z2Z2J,https://www.google.com/search?q=Lettop%20%E4%BC%9A%E7%A4%BE%E6%A6%82%E8%A6%81%20%E5%95%8F%E3%81%84%E5%90%88%E3%82%8F%E3%81%9B%20%E5%8D%B8,
Mzyxxel,2,おもちゃ,除外（日本実体の証拠なし）,JAN45/49・日本語社名・日本法人格のいずれも無し,C: 第三者はいるが国内事業者ではない,規模未確認,なし,なし,,0,2,3690,B0GCG5HG1C,マグネットブロック 330 Pcs 磁石ブロック 磁石おもち マグネットおもちゃ 子供知育玩具 男の子女の子 学習教育用,https://www.amazon.co.jp/dp/B0GCG5HG1C,https://www.google.com/search?q=Mzyxxel%20%E4%BC%9A%E7%A4%BE%E6%A6%82%E8%A6%81%20%E5%95%8F%E3%81%84%E5%90%88%E3%82%8F%E3%81%9B%20%E5%8D%B8,
Nexmora,2,パソコン・周辺機器,除外（日本実体の証拠なし）,JAN45/49・日本語社名・日本法人格のいずれも無し,C: 第三者はいるが国内事業者ではない,規模未確認,なし,なし,,0,2,960,B0DPRSKYXR,【2026革新型・高速USB3.0対応】 CD DVDドライブ 外付け 静音 DVDプレーヤー 外付けDVDドライブ U,https://www.amazon.co.jp/dp/B0DPRSKYXR,https://www.google.com/search?q=Nexmora%20%E4%BC%9A%E7%A4%BE%E6%A6%82%E8%A6%81%20%E5%95%8F%E3%81%84%E5%90%88%E3%82%8F%E3%81%9B%20%E5%8D%B8,
Oliforu,2,ホーム＆キッチン,除外（日本実体の証拠なし）,JAN45/49・日本語社名・日本法人格のいずれも無し,C: 第三者はいるが国内事業者ではない,規模未確認,なし,なし,,0,1,3038,B0GFF1QTC2,電気シェーバー メンズ 全金属ボディ マグネット式ヘッド 往復式3D浮動3枚刃 深剃り IPX7防水 お風呂剃り・丸洗い,https://www.amazon.co.jp/dp/B0GFF1QTC2,https://www.google.com/search?q=Oliforu%20%E4%BC%9A%E7%A4%BE%E6%A6%82%E8%A6%81%20%E5%95%8F%E3%81%84%E5%90%88%E3%82%8F%E3%81%9B%20%E5%8D%B8,
Philoent,2,家電＆カメラ,除外（日本実体の証拠なし）,JAN45/49・日本語社名・日本法人格のいずれも無し,C: 第三者はいるが国内事業者ではない,規模未確認,なし,なし,,0,3,5457,B0F5GQLNWP,Philoent プロジェクター 家庭用 超小型 【2026最新 Android TV14.0搭載＆388g史上最軽＆H,https://www.amazon.co.jp/dp/B0F5GQLNWP,https://www.google.com/search?q=Philoent%20%E4%BC%9A%E7%A4%BE%E6%A6%82%E8%A6%81%20%E5%95%8F%E3%81%84%E5%90%88%E3%82%8F%E3%81%9B%20%E5%8D%B8,
SPAHER,2,ファッション,除外（日本実体の証拠なし）,JAN45/49・日本語社名・日本法人格のいずれも無し,C: 第三者はいるが国内事業者ではない,規模未確認,なし,なし,,0,1,1495,B0F5HMMYTL,[SPAHER] ショルダーバッグ メンズ 斜めがけ 撥水 軽量 小さめ 本革 縦型 メッセンジャーバッグ 肩掛けカバン,https://www.amazon.co.jp/dp/B0F5HMMYTL,https://www.google.com/search?q=SPAHER%20%E4%BC%9A%E7%A4%BE%E6%A6%82%E8%A6%81%20%E5%95%8F%E3%81%84%E5%90%88%E3%82%8F%E3%81%9B%20%E5%8D%B8,
STSEETOP,2,家電＆カメラ,除外（日本実体の証拠なし）,JAN45/49・日本語社名・日本法人格のいずれも無し,C: 第三者はいるが国内事業者ではない,規模未確認,なし,なし,,0,4,1025,B0D2KB216V,【進歩究極モデル】ワイヤレスイヤホン bluetooth イヤホン ワイヤレス イヤフォン hi-fi音質 & 重低音 ,https://www.amazon.co.jp/dp/B0D2KB216V,https://www.google.com/search?q=STSEETOP%20%E4%BC%9A%E7%A4%BE%E6%A6%82%E8%A6%81%20%E5%95%8F%E3%81%84%E5%90%88%E3%82%8F%E3%81%9B%20%E5%8D%B8,
Safigor,2,家電＆カメラ,除外（日本実体の証拠なし）,JAN45/49・日本語社名・日本法人格のいずれも無し,C: 第三者はいるが国内事業者ではない,規模未確認,なし,なし,,0,3,1087,B0DTQ1DV5D,【ハイエンド 、鮮明なサウンド 深邃な低音】ワイヤレスイヤホン Bluetooth イヤホン Bluetooth5.4 ,https://www.amazon.co.jp/dp/B0DTQ1DV5D,https://www.google.com/search?q=Safigor%20%E4%BC%9A%E7%A4%BE%E6%A6%82%E8%A6%81%20%E5%95%8F%E3%81%84%E5%90%88%E3%82%8F%E3%81%9B%20%E5%8D%B8,
Toyomii,2,家電＆カメラ,除外（日本実体の証拠なし）,JAN45/49・日本語社名・日本法人格のいずれも無し,C: 第三者はいるが国内事業者ではない,規模未確認,なし,なし,,0,2,2163,B0FSSPVT5C,ソーラーモバイルバッテリー 大容量 40800mAh 【22.5W/PD18W急速充電 4本ケーブル内蔵】 6台同時充電,https://www.amazon.co.jp/dp/B0FSSPVT5C,https://www.google.com/search?q=Toyomii%20%E4%BC%9A%E7%A4%BE%E6%A6%82%E8%A6%81%20%E5%95%8F%E3%81%84%E5%90%88%E3%82%8F%E3%81%9B%20%E5%8D%B8,
Tryone,2,車＆バイク,除外（日本実体の証拠なし）,JAN45/49・日本語社名・日本法人格のいずれも無し,C: 第三者はいるが国内事業者ではない,規模未確認,なし,なし,,0,1,539,B0G5247WTT,【2026究極進化モデル】TRYONE タブレット ホルダー 後部座席 車載ホルダー ヘッドレスト タブレットホルダー ,https://www.amazon.co.jp/dp/B0G5247WTT,https://www.google.com/search?q=Tryone%20%E4%BC%9A%E7%A4%BE%E6%A6%82%E8%A6%81%20%E5%95%8F%E3%81%84%E5%90%88%E3%82%8F%E3%81%9B%20%E5%8D%B8,
Trywon,2,家電＆カメラ,除外（日本実体の証拠なし）,JAN45/49・日本語社名・日本法人格のいずれも無し,C: 第三者はいるが国内事業者ではない,規模未確認,なし,なし,,0,4,672,B0CCJKPT28,スマホスタンド iPhone&iPad 両用 全機種対応 仰向け ごろ寝 タブレットスタンド アーム 寝ながらスマホ 携,https://www.amazon.co.jp/dp/B0CCJKPT28,https://www.google.com/search?q=Trywon%20%E4%BC%9A%E7%A4%BE%E6%A6%82%E8%A6%81%20%E5%95%8F%E3%81%84%E5%90%88%E3%82%8F%E3%81%9B%20%E5%8D%B8,
Tuwejia,2,家電＆カメラ,除外（日本実体の証拠なし）,JAN45/49・日本語社名・日本法人格のいずれも無し,C: 第三者はいるが国内事業者ではない,規模未確認,なし,なし,,0,1,574,B07G44M4S3,2026高機能版 USB Type c HDMI アダプタタイプc H dmi 変換 Tuwejia４K 解像度 hdm,https://www.amazon.co.jp/dp/B07G44M4S3,https://www.google.com/search?q=Tuwejia%20%E4%BC%9A%E7%A4%BE%E6%A6%82%E8%A6%81%20%E5%95%8F%E3%81%84%E5%90%88%E3%82%8F%E3%81%9B%20%E5%8D%B8,
UTRAI,2,車＆バイク,除外（日本実体の証拠なし）,JAN45/49・日本語社名・日本法人格のいずれも無し,C: 第三者はいるが国内事業者ではない,規模未確認,なし,なし,,0,1,4323,B0F21L1HWH,UTRAI ジャンプスターター 空気入れ搭載 5000A 12V 車 バッテリー スターター 150PSI 電動空気入れ,https://www.amazon.co.jp/dp/B0F21L1HWH,https://www.google.com/search?q=UTRAI%20%E4%BC%9A%E7%A4%BE%E6%A6%82%E8%A6%81%20%E5%95%8F%E3%81%84%E5%90%88%E3%82%8F%E3%81%9B%20%E5%8D%B8,
Veoyads,2,ホーム＆キッチン,除外（日本実体の証拠なし）,JAN45/49・日本語社名・日本法人格のいずれも無し,C: 第三者はいるが国内事業者ではない,規模未確認,なし,なし,,0,2,7095,B0F2MCKSB3,VEOYADS HIPL 脱毛器【ドイツのiFデザイン賞受賞 サファイア技術搭載 瞬間10℃ほぼ無痛】150万発 5段階,https://www.amazon.co.jp/dp/B0F2MCKSB3,https://www.google.com/search?q=Veoyads%20%E4%BC%9A%E7%A4%BE%E6%A6%82%E8%A6%81%20%E5%95%8F%E3%81%84%E5%90%88%E3%82%8F%E3%81%9B%20%E5%8D%B8,
YOOPAI,2,産業・研究開発用品,除外（日本実体の証拠なし）,JAN45/49・日本語社名・日本法人格のいずれも無し,C: 第三者はいるが国内事業者ではない,規模未確認,なし,なし,,0,1,3732,B0DLBJB9MD,SUNLU フィラメントコネクタ、3Dプリンターフィラメント1.75mm用PTFEスリーブ200個付きフィラメントスプラ,https://www.amazon.co.jp/dp/B0DLBJB9MD,https://www.google.com/search?q=YOOPAI%20%E4%BC%9A%E7%A4%BE%E6%A6%82%E8%A6%81%20%E5%95%8F%E3%81%84%E5%90%88%E3%82%8F%E3%81%9B%20%E5%8D%B8,
Yokizu,2,ホーム＆キッチン,除外（日本実体の証拠なし）,JAN45/49・日本語社名・日本法人格のいずれも無し,C: 第三者はいるが国内事業者ではない,規模未確認,なし,なし,,0,2,1278,B0DCW87ZXL,Yokizu 加湿器 小型 卓上 大容量 除菌 アロマ 超音波式 LEDライト しずく型 お手入れしやすい 静音 おしゃ,https://www.amazon.co.jp/dp/B0DCW87ZXL,https://www.google.com/search?q=Yokizu%20%E4%BC%9A%E7%A4%BE%E6%A6%82%E8%A6%81%20%E5%95%8F%E3%81%84%E5%90%88%E3%82%8F%E3%81%9B%20%E5%8D%B8,
Yorano,2,ホーム＆キッチン,除外（日本実体の証拠なし）,JAN45/49・日本語社名・日本法人格のいずれも無し,C: 第三者はいるが国内事業者ではない,規模未確認,なし,なし,,0,1,4049,B0CFF69WDB,低温調理器 APP遠隔操作 1100Wハイパワー 低温調理器具 真空調理器 スロークッカー レシピ付き 低温調理 IPX,https://www.amazon.co.jp/dp/B0CFF69WDB,https://www.google.com/search?q=Yorano%20%E4%BC%9A%E7%A4%BE%E6%A6%82%E8%A6%81%20%E5%95%8F%E3%81%84%E5%90%88%E3%82%8F%E3%81%9B%20%E5%8D%B8,
ZYQ,2,ホーム＆キッチン,除外（日本実体の証拠なし）,JAN45/49・日本語社名・日本法人格のいずれも無し,C: 第三者はいるが国内事業者ではない,規模未確認,なし,なし,,0,2,783,B0GCHYQW11,枕 まくら 腕をやさしくサポート 首が痛くならない 快眠 低反発枕 頭・首・肩を支える 仰向け・横向き・うつぶせ対応 3,https://www.amazon.co.jp/dp/B0GCHYQW11,https://www.google.com/search?q=ZYQ%20%E4%BC%9A%E7%A4%BE%E6%A6%82%E8%A6%81%20%E5%95%8F%E3%81%84%E5%90%88%E3%82%8F%E3%81%9B%20%E5%8D%B8,
adidas Originals,2,ファッション,除外（日本実体の証拠なし）,JAN45/49・日本語社名・日本法人格のいずれも無し,C: 第三者はいるが国内事業者ではない,大企業確定,なし,なし,,0,2,2558,B0G8ZX9BF5,[アディダス] オリジナルス ORIGINALS アディダス 3-STRIPES TEE スリーストライプ Tシャツ ユ,https://www.amazon.co.jp/dp/B0G8ZX9BF5,https://www.google.com/search?q=adidas%20Originals%20%E4%BC%9A%E7%A4%BE%E6%A6%82%E8%A6%81%20%E5%95%8F%E3%81%84%E5%90%88%E3%82%8F%E3%81%9B%20%E5%8D%B8,
iWIMIUS,2,家電＆カメラ,除外（日本実体の証拠なし）,JAN45/49・日本語社名・日本法人格のいずれも無し,C: 第三者はいるが国内事業者ではない,規模未確認,なし,なし,,0,2,12288,B0F21KVBHN,プロジェクター 家庭用 【Netflix&DoIby&4K対応】750ASNI 高輝度【自動フォーカス＆自動台形補正】ポ,https://www.amazon.co.jp/dp/B0F21KVBHN,https://www.google.com/search?q=iWIMIUS%20%E4%BC%9A%E7%A4%BE%E6%A6%82%E8%A6%81%20%E5%95%8F%E3%81%84%E5%90%88%E3%82%8F%E3%81%9B%20%E5%8D%B8,
iplusmile,2,DIY・工具・ガーデン,除外（日本実体の証拠なし）,JAN45/49・日本語社名・日本法人格のいずれも無し,C: 第三者はいるが国内事業者ではない,規模未確認,なし,なし,,0,2,1476,B0C4MLZ2G9,iplusmile 3 セット スプリンクラー 高圧 圧力 ホース 高圧 圧力 ノズル 灌漑 散水 プラスチック ホース,https://www.amazon.co.jp/dp/B0C4MLZ2G9,https://www.google.com/search?q=iplusmile%20%E4%BC%9A%E7%A4%BE%E6%A6%82%E8%A6%81%20%E5%95%8F%E3%81%84%E5%90%88%E3%82%8F%E3%81%9B%20%E5%8D%B8,
Ｌａｚｙｍｅ,2,ホーム＆キッチン,除外（日本実体の証拠なし）,JAN45/49・日本語社名・日本法人格のいずれも無し,C: 第三者はいるが国内事業者ではない,規模未確認,なし,なし,,0,2,1309,B0GJ37HXXY,Ｌａｚｙｍｅ コードレス フードプロセッサー 小型 時短調理 チョッパー 1台5役 2種の刃 離乳食/肉挽き/野菜/氷/,https://www.amazon.co.jp/dp/B0GJ37HXXY,https://www.google.com/search?q=%EF%BC%AC%EF%BD%81%EF%BD%9A%EF%BD%99%EF%BD%8D%EF%BD%85%20%E4%BC%9A%E7%A4%BE%E6%A6%82%E8%A6%81%20%E5%95%8F%E3%81%84%E5%90%88%E3%82%8F%E3%81%9B%20%E5%8D%B8,
1Mii,1,家電＆カメラ,除外（日本実体の証拠なし）,JAN45/49・日本語社名・日本法人格のいずれも無し,C: 第三者はいるが国内事業者ではない,規模未確認,なし,なし,,0,1,1115,B0DGS7YYD4,1Mii Bluetooth 5.3トランスミッター テレビ ブルートゥース レシーバー オーディオ 送信機 受信機 直,https://www.amazon.co.jp/dp/B0DGS7YYD4,https://www.google.com/search?q=1Mii%20%E4%BC%9A%E7%A4%BE%E6%A6%82%E8%A6%81%20%E5%95%8F%E3%81%84%E5%90%88%E3%82%8F%E3%81%9B%20%E5%8D%B8,
A2C,1,家電＆カメラ,除外（日本実体の証拠なし）,JAN45/49・日本語社名・日本法人格のいずれも無し,C: 第三者はいるが国内事業者ではない,規模未確認,なし,なし,,0,2,998,B0CWR78ZK9,A2C 3in1マグネットマウント MagSafe対応 N54強力マグネット17個 調整ストラップ付,https://www.amazon.co.jp/dp/B0CWR78ZK9,https://www.google.com/search?q=A2C%20%E4%BC%9A%E7%A4%BE%E6%A6%82%E8%A6%81%20%E5%95%8F%E3%81%84%E5%90%88%E3%82%8F%E3%81%9B%20%E5%8D%B8,
AAL,1,DIY・工具・ガーデン,除外（日本実体の証拠なし）,JAN45/49・日本語社名・日本法人格のいずれも無し,C: 第三者はいるが国内事業者ではない,規模未確認,なし,なし,,0,1,997,B0F53VKBJK,エアダスター 電動エアダスター ブロワー 小型 ブロアー 250000RPM高速回転 強力 最大風速120m/s 無段階,https://www.amazon.co.jp/dp/B0F53VKBJK,https://www.google.com/search?q=AAL%20%E4%BC%9A%E7%A4%BE%E6%A6%82%E8%A6%81%20%E5%95%8F%E3%81%84%E5%90%88%E3%82%8F%E3%81%9B%20%E5%8D%B8,
ANCOGIN,1,パソコン・周辺機器,除外（日本実体の証拠なし）,JAN45/49・日本語社名・日本法人格のいずれも無し,C: 第三者はいるが国内事業者ではない,規模未確認,なし,なし,,0,1,1059,B0DMKNN3BC,ANCOGIN ゲーミングイヤホン 有線 イヤホンマイク【ミュート機能·取り外し可能なマイク】 マイク付きイヤホン 有線,https://www.amazon.co.jp/dp/B0DMKNN3BC,https://www.google.com/search?q=ANCOGIN%20%E4%BC%9A%E7%A4%BE%E6%A6%82%E8%A6%81%20%E5%95%8F%E3%81%84%E5%90%88%E3%82%8F%E3%81%9B%20%E5%8D%B8,
AWINEY,1,家電＆カメラ,除外（日本実体の証拠なし）,JAN45/49・日本語社名・日本法人格のいずれも無し,C: 第三者はいるが国内事業者ではない,規模未確認,なし,なし,,0,2,682,B0B55Z3NMN,iPhone イヤホン 有線【2026新版 Apple MFi認証済み】純正 iphone用イヤホン lightning,https://www.amazon.co.jp/dp/B0B55Z3NMN,https://www.google.com/search?q=AWINEY%20%E4%BC%9A%E7%A4%BE%E6%A6%82%E8%A6%81%20%E5%95%8F%E3%81%84%E5%90%88%E3%82%8F%E3%81%9B%20%E5%8D%B8,
AirDry,1,家電＆カメラ,除外（日本実体の証拠なし）,JAN45/49・日本語社名・日本法人格のいずれも無し,C: 第三者はいるが国内事業者ではない,規模未確認,なし,なし,,0,2,772,B0FYY4VHTW,双眼鏡 ライブ用 20倍 オペラグラス 【超軽量·お子様や女性に最適】スポーツ観戦用 双眼鏡 コンサート 防振 軽量 小,https://www.amazon.co.jp/dp/B0FYY4VHTW,https://www.google.com/search?q=AirDry%20%E4%BC%9A%E7%A4%BE%E6%A6%82%E8%A6%81%20%E5%95%8F%E3%81%84%E5%90%88%E3%82%8F%E3%81%9B%20%E5%8D%B8,
Annexfun,1,おもちゃ,除外（日本実体の証拠なし）,JAN45/49・日本語社名・日本法人格のいずれも無し,C: 第三者はいるが国内事業者ではない,規模未確認,なし,なし,,0,3,1401,B0DPJTFSHX,150 Pcs マグネットブロック 磁石ブロック おもちゃ 子供 知育玩具 磁石ブロック マグネット 男の子と女の子 お,https://www.amazon.co.jp/dp/B0DPJTFSHX,https://www.google.com/search?q=Annexfun%20%E4%BC%9A%E7%A4%BE%E6%A6%82%E8%A6%81%20%E5%95%8F%E3%81%84%E5%90%88%E3%82%8F%E3%81%9B%20%E5%8D%B8,
Ansimple,1,スポーツ＆アウトドア,除外（日本実体の証拠なし）,JAN45/49・日本語社名・日本法人格のいずれも無し,C: 第三者はいるが国内事業者ではない,規模未確認,なし,なし,,0,1,635,B0B2J6JJXZ,Ansimple 鉄製 蚊遣りケース 蚊取り線香ホルダー 蚊取り線香入れ 蚊取り線香立て ロータスモチーフ 光沢 室内 ,https://www.amazon.co.jp/dp/B0B2J6JJXZ,https://www.google.com/search?q=Ansimple%20%E4%BC%9A%E7%A4%BE%E6%A6%82%E8%A6%81%20%E5%95%8F%E3%81%84%E5%90%88%E3%82%8F%E3%81%9B%20%E5%8D%B8,
AooDen,1,ホーム＆キッチン,除外（日本実体の証拠なし）,JAN45/49・日本語社名・日本法人格のいずれも無し,C: 第三者はいるが国内事業者ではない,規模未確認,なし,なし,,0,2,345,B0GQ2MJKMN,AooDen 枕 まくら 【高級ホテル仕様・丸洗い可能】 63x43cm 立体構造 ふわふわ 柔らかめ 首・肩にやさしい,https://www.amazon.co.jp/dp/B0GQ2MJKMN,https://www.google.com/search?q=AooDen%20%E4%BC%9A%E7%A4%BE%E6%A6%82%E8%A6%81%20%E5%95%8F%E3%81%84%E5%90%88%E3%82%8F%E3%81%9B%20%E5%8D%B8,
Audwierr,1,家電＆カメラ,除外（日本実体の証拠なし）,JAN45/49・日本語社名・日本法人格のいずれも無し,C: 第三者はいるが国内事業者ではない,規模未確認,なし,なし,,0,2,844,B0GJBP5MXQ,【Amazon.co.jp限定】スマートウォッチ 【2026進化モデル＆付属ベルト*2 】2.01インチ大画面 iPho,https://www.amazon.co.jp/dp/B0GJBP5MXQ,https://www.google.com/search?q=Audwierr%20%E4%BC%9A%E7%A4%BE%E6%A6%82%E8%A6%81%20%E5%95%8F%E3%81%84%E5%90%88%E3%82%8F%E3%81%9B%20%E5%8D%B8,
Axlgax,1,家電＆カメラ,除外（日本実体の証拠なし）,JAN45/49・日本語社名・日本法人格のいずれも無し,C: 第三者はいるが国内事業者ではない,規模未確認,なし,なし,,0,2,3920,B0D2R346HW,Axlgax 小型カメラ 隠しカメラ 小型 50時間連続録画 10000mAh 256GBカード対応 1080P バッテ,https://www.amazon.co.jp/dp/B0D2R346HW,https://www.google.com/search?q=Axlgax%20%E4%BC%9A%E7%A4%BE%E6%A6%82%E8%A6%81%20%E5%95%8F%E3%81%84%E5%90%88%E3%82%8F%E3%81%9B%20%E5%8D%B8,
BGB,1,ホーム＆キッチン,除外（日本実体の証拠なし）,JAN45/49・日本語社名・日本法人格のいずれも無し,C: 第三者はいるが国内事業者ではない,規模未確認,なし,なし,,0,1,1441,B0DMCM5QCM,BGB 筋膜リリースガン 【実力派トレ一ナ一監修】ハンディガン きんまくリリース電動ガン,https://www.amazon.co.jp/dp/B0DMCM5QCM,https://www.google.com/search?q=BGB%20%E4%BC%9A%E7%A4%BE%E6%A6%82%E8%A6%81%20%E5%95%8F%E3%81%84%E5%90%88%E3%82%8F%E3%81%9B%20%E5%8D%B8,
BUODCO,1,パソコン・周辺機器,除外（日本実体の証拠なし）,JAN45/49・日本語社名・日本法人格のいずれも無し,C: 第三者はいるが国内事業者ではない,規模未確認,なし,なし,,0,1,792,B0DSVWSYRJ,【業界先端 Type-C＆USB-A対応】 マウス 無線 Bluetooth type-c口接続 ワイヤレスマウス 静音,https://www.amazon.co.jp/dp/B0DSVWSYRJ,https://www.google.com/search?q=BUODCO%20%E4%BC%9A%E7%A4%BE%E6%A6%82%E8%A6%81%20%E5%95%8F%E3%81%84%E5%90%88%E3%82%8F%E3%81%9B%20%E5%8D%B8,
Bolvunes,1,パソコン・周辺機器,除外（日本実体の証拠なし）,JAN45/49・日本語社名・日本法人格のいずれも無し,C: 第三者はいるが国内事業者ではない,規模未確認,なし,なし,,0,1,1767,B0CCVMRCTL,【正規認証品】アップルペンシル 第2世代 Bolvunes iPadペンシル 対応 ワイヤレス充電,https://www.amazon.co.jp/dp/B0CCVMRCTL,https://www.google.com/search?q=Bolvunes%20%E4%BC%9A%E7%A4%BE%E6%A6%82%E8%A6%81%20%E5%95%8F%E3%81%84%E5%90%88%E3%82%8F%E3%81%9B%20%E5%8D%B8,
Boytond,1,家電＆カメラ,除外（日本実体の証拠なし）,JAN45/49・日本語社名・日本法人格のいずれも無し,C: 第三者はいるが国内事業者ではない,規模未確認,なし,なし,,0,1,510,B0BPLVLQPG,【ビジネス/オンライン会議最適】【気候フレンドリー認定取得】Boytond YYK-520 ヘッドセット Bluetoo,https://www.amazon.co.jp/dp/B0BPLVLQPG,https://www.google.com/search?q=Boytond%20%E4%BC%9A%E7%A4%BE%E6%A6%82%E8%A6%81%20%E5%95%8F%E3%81%84%E5%90%88%E3%82%8F%E3%81%9B%20%E5%8D%B8,
CIGMAN,1,DIY・工具・ガーデン,除外（日本実体の証拠なし）,JAN45/49・日本語社名・日本法人格のいずれも無し,C: 第三者はいるが国内事業者ではない,規模未確認,なし,なし,,0,1,6175,B0D31MLJXC,CIGMAN 3Dレーザー墨出し器 APPとリモコン遠隔操作対応 3x360°グリーンレーザー 小型 スマホ操作 磁気回,https://www.amazon.co.jp/dp/B0D31MLJXC,https://www.google.com/search?q=CIGMAN%20%E4%BC%9A%E7%A4%BE%E6%A6%82%E8%A6%81%20%E5%95%8F%E3%81%84%E5%90%88%E3%82%8F%E3%81%9B%20%E5%8D%B8,
Cambink,1,家電＆カメラ,除外（日本実体の証拠なし）,JAN45/49・日本語社名・日本法人格のいずれも無し,C: 第三者はいるが国内事業者ではない,規模未確認,なし,なし,,0,2,1960,B0GJSPJ661,プラネタリウム 家庭用 スタープロジェクター 月 オーロラ 15種類光 USB充電式 Bluetooth 音楽再生 パー,https://www.amazon.co.jp/dp/B0GJSPJ661,https://www.google.com/search?q=Cambink%20%E4%BC%9A%E7%A4%BE%E6%A6%82%E8%A6%81%20%E5%95%8F%E3%81%84%E5%90%88%E3%82%8F%E3%81%9B%20%E5%8D%B8,
Clyrox,1,ホーム＆キッチン,除外（日本実体の証拠なし）,JAN45/49・日本語社名・日本法人格のいずれも無し,C: 第三者はいるが国内事業者ではない,規模未確認,なし,なし,,0,2,1083,B0GLPNQBBG,枕 首が痛くならない【 低反発・人間工学設計】まくら 安眠枕 肩こり対策 横向き 仰向け うつ伏せ 対応 60D 高密度,https://www.amazon.co.jp/dp/B0GLPNQBBG,https://www.google.com/search?q=Clyrox%20%E4%BC%9A%E7%A4%BE%E6%A6%82%E8%A6%81%20%E5%95%8F%E3%81%84%E5%90%88%E3%82%8F%E3%81%9B%20%E5%8D%B8,
CoolDove,1,DIY・工具・ガーデン,除外（日本実体の証拠なし）,JAN45/49・日本語社名・日本法人格のいずれも無し,C: 第三者はいるが国内事業者ではない,規模未確認,なし,なし,,0,4,1162,B0FJ2DQNZ4,"【日本向け仕様】エアダスター 電動ブロワー 150m/s超強風 & 300,000RPM – 無段階＆4段階風量調整 U",https://www.amazon.co.jp/dp/B0FJ2DQNZ4,https://www.google.com/search?q=CoolDove%20%E4%BC%9A%E7%A4%BE%E6%A6%82%E8%A6%81%20%E5%95%8F%E3%81%84%E5%90%88%E3%82%8F%E3%81%9B%20%E5%8D%B8,
Cryfokt,1,産業・研究開発用品,除外（日本実体の証拠なし）,JAN45/49・日本語社名・日本法人格のいずれも無し,C: 第三者はいるが国内事業者ではない,規模未確認,なし,なし,,0,2,53,B0D5PHBCT6,バスバー、2 個スタッド配電ブロック 4 端子簡単取り付け M8,https://www.amazon.co.jp/dp/B0D5PHBCT6,https://www.google.com/search?q=Cryfokt%20%E4%BC%9A%E7%A4%BE%E6%A6%82%E8%A6%81%20%E5%95%8F%E3%81%84%E5%90%88%E3%82%8F%E3%81%9B%20%E5%8D%B8,
CyclingDeal,1,スポーツ＆アウトドア,除外（日本実体の証拠なし）,JAN45/49・日本語社名・日本法人格のいずれも無し,C: 第三者はいるが国内事業者ではない,規模未確認,なし,なし,,0,1,3131,B0C2XR52GN,サイクリングディール アップライトバイクスタンド - プレミアム品質の縦・横調節可能な自転車フロアパーキングラック - ,https://www.amazon.co.jp/dp/B0C2XR52GN,https://www.google.com/search?q=CyclingDeal%20%E4%BC%9A%E7%A4%BE%E6%A6%82%E8%A6%81%20%E5%95%8F%E3%81%84%E5%90%88%E3%82%8F%E3%81%9B%20%E5%8D%B8,
DARKBEAM,1,スポーツ＆アウトドア,除外（日本実体の証拠なし）,JAN45/49・日本語社名・日本法人格のいずれも無し,C: 第三者はいるが国内事業者ではない,規模未確認,なし,なし,,0,1,459,B0F6LGGWG2,DARKBEAM 自転車 テールライト LEDディスプレイ付き USB-C充電式 6モード IP55防水 高輝度 自転車,https://www.amazon.co.jp/dp/B0F6LGGWG2,https://www.google.com/search?q=DARKBEAM%20%E4%BC%9A%E7%A4%BE%E6%A6%82%E8%A6%81%20%E5%95%8F%E3%81%84%E5%90%88%E3%82%8F%E3%81%9B%20%E5%8D%B8,
DEXION,1,家電＆カメラ,除外（日本実体の証拠なし）,JAN45/49・日本語社名・日本法人格のいずれも無し,C: 第三者はいるが国内事業者ではない,規模未確認,なし,なし,,0,2,2690,B0CH11HQR9,ペン型カメラ ボールペン型 ビデオカメラ 防犯カメラ 長時間録画録音 静止画撮影 上書き録画機能搭載 61°広角 128,https://www.amazon.co.jp/dp/B0CH11HQR9,https://www.google.com/search?q=DEXION%20%E4%BC%9A%E7%A4%BE%E6%A6%82%E8%A6%81%20%E5%95%8F%E3%81%84%E5%90%88%E3%82%8F%E3%81%9B%20%E5%8D%B8,
DNIO,1,家電＆カメラ,除外（日本実体の証拠なし）,JAN45/49・日本語社名・日本法人格のいずれも無し,C: 第三者はいるが国内事業者ではない,規模未確認,なし,なし,,0,2,447,B0F6JWBHKD,【2025年新モデル】 iPhone hdmi変換ケーブル i-Phone テレビに映す MFi認証済み iPad/i-,https://www.amazon.co.jp/dp/B0F6JWBHKD,https://www.google.com/search?q=DNIO%20%E4%BC%9A%E7%A4%BE%E6%A6%82%E8%A6%81%20%E5%95%8F%E3%81%84%E5%90%88%E3%82%8F%E3%81%9B%20%E5%8D%B8,
Dibuy,1,車＆バイク,除外（日本実体の証拠なし）,JAN45/49・日本語社名・日本法人格のいずれも無し,C: 第三者はいるが国内事業者ではない,規模未確認,なし,なし,,0,3,2113,B0GJ5RC15Y,タイヤ空気圧モニター TPMS 【日本語音声アラーム】タイヤ空気圧センサー 空気圧センサー 車 リアルタイム空気圧監視 ,https://www.amazon.co.jp/dp/B0GJ5RC15Y,https://www.google.com/search?q=Dibuy%20%E4%BC%9A%E7%A4%BE%E6%A6%82%E8%A6%81%20%E5%95%8F%E3%81%84%E5%90%88%E3%82%8F%E3%81%9B%20%E5%8D%B8,
Douyear,1,ホーム＆キッチン,除外（日本実体の証拠なし）,JAN45/49・日本語社名・日本法人格のいずれも無し,C: 第三者はいるが国内事業者ではない,規模未確認,なし,なし,,0,2,1003,B08LGGMP5W,ヒゲトリマー バリカン メンズ 髭剃り 調整幅0.5mm 39段階長さ調節 自動研磨 USB急速充電 LEDディスプレイ,https://www.amazon.co.jp/dp/B08LGGMP5W,https://www.google.com/search?q=Douyear%20%E4%BC%9A%E7%A4%BE%E6%A6%82%E8%A6%81%20%E5%95%8F%E3%81%84%E5%90%88%E3%82%8F%E3%81%9B%20%E5%8D%B8,
EJD,1,ホーム＆キッチン,除外（日本実体の証拠なし）,JAN45/49・日本語社名・日本法人格のいずれも無し,C: 第三者はいるが国内事業者ではない,規模未確認,なし,なし,,0,2,4872,B0FW4RVXCF,掃除機 コードレス【業界随一！2026年衝撃的デビュー！45000KPa圧倒的吸引力・全体性能アップ】EJD53 ブラシ,https://www.amazon.co.jp/dp/B0FW4RVXCF,https://www.google.com/search?q=EJD%20%E4%BC%9A%E7%A4%BE%E6%A6%82%E8%A6%81%20%E5%95%8F%E3%81%84%E5%90%88%E3%82%8F%E3%81%9B%20%E5%8D%B8,
EPOMAKER,1,パソコン・周辺機器,除外（日本実体の証拠なし）,JAN45/49・日本語社名・日本法人格のいずれも無し,C: 第三者はいるが国内事業者ではない,規模未確認,なし,なし,,0,1,1303,B0FC69S878,EPOMAKER Creamy Jade 45gf ゲーミングキーボードスイッチ リニアスイッチ100個 5ピンプリルー,https://www.amazon.co.jp/dp/B0FC69S878,https://www.google.com/search?q=EPOMAKER%20%E4%BC%9A%E7%A4%BE%E6%A6%82%E8%A6%81%20%E5%95%8F%E3%81%84%E5%90%88%E3%82%8F%E3%81%9B%20%E5%8D%B8,
EZARC,1,DIY・工具・ガーデン,除外（日本実体の証拠なし）,JAN45/49・日本語社名・日本法人格のいずれも無し,C: 第三者はいるが国内事業者ではない,規模未確認,なし,なし,,0,1,630,B0DW7BDFVC,EZARC 切断砥石 グラインダー 刃 105mm 1mm超薄型 鉄工用 105x1x15mm 炭素鋼・ステンレス・鉄・,https://www.amazon.co.jp/dp/B0DW7BDFVC,https://www.google.com/search?q=EZARC%20%E4%BC%9A%E7%A4%BE%E6%A6%82%E8%A6%81%20%E5%95%8F%E3%81%84%E5%90%88%E3%82%8F%E3%81%9B%20%E5%8D%B8,
Earbood,1,ホーム＆キッチン,除外（日本実体の証拠なし）,JAN45/49・日本語社名・日本法人格のいずれも無し,C: 第三者はいるが国内事業者ではない,規模未確認,なし,なし,,0,2,1033,B0C1YYX974,ボディシェーバー メンズ VIOシェーバー 男性用 15段階調整可能 1~17mm長さ対応 残量表示 自動研磨 IPX7,https://www.amazon.co.jp/dp/B0C1YYX974,https://www.google.com/search?q=Earbood%20%E4%BC%9A%E7%A4%BE%E6%A6%82%E8%A6%81%20%E5%95%8F%E3%81%84%E5%90%88%E3%82%8F%E3%81%9B%20%E5%8D%B8,
Eonon,1,車＆バイク,除外（日本実体の証拠なし）,JAN45/49・日本語社名・日本法人格のいずれも無し,C: 第三者はいるが国内事業者ではない,規模未確認,なし,なし,,0,1,6898,B0CH7XW7MY,EONON ヘッドレストモニター 後席モニター 10.1インチ DVD内蔵モニター L0327J,https://www.amazon.co.jp/dp/B0CH7XW7MY,https://www.google.com/search?q=Eonon%20%E4%BC%9A%E7%A4%BE%E6%A6%82%E8%A6%81%20%E5%95%8F%E3%81%84%E5%90%88%E3%82%8F%E3%81%9B%20%E5%8D%B8,
Everline,1,おもちゃ,除外（日本実体の証拠なし）,JAN45/49・日本語社名・日本法人格のいずれも無し,C: 第三者はいるが国内事業者ではない,規模未確認,なし,なし,,0,2,3563,B0DMCRQLJL,BABYMONSTER - OFFICIAL LIGHT STICK 公式 ペンライト 輸入品 [並行輸入品],https://www.amazon.co.jp/dp/B0DMCRQLJL,https://www.google.com/search?q=Everline%20%E4%BC%9A%E7%A4%BE%E6%A6%82%E8%A6%81%20%E5%95%8F%E3%81%84%E5%90%88%E3%82%8F%E3%81%9B%20%E5%8D%B8,
Eynew,1,家電＆カメラ,除外（日本実体の証拠なし）,JAN45/49・日本語社名・日本法人格のいずれも無し,C: 第三者はいるが国内事業者ではない,規模未確認,なし,なし,,0,3,436,B0GH6TRKH8,イヤホン bluetooth 片耳3.9g 超軽量 コンパクト設計 【2026 声の新時代が登場】ワイヤレスイヤホン,https://www.amazon.co.jp/dp/B0GH6TRKH8,https://www.google.com/search?q=Eynew%20%E4%BC%9A%E7%A4%BE%E6%A6%82%E8%A6%81%20%E5%95%8F%E3%81%84%E5%90%88%E3%82%8F%E3%81%9B%20%E5%8D%B8,
FANGOR,1,家電＆カメラ,除外（日本実体の証拠なし）,JAN45/49・日本語社名・日本法人格のいずれも無し,C: 第三者はいるが国内事業者ではない,規模未確認,なし,なし,,0,1,4034,B0C5HWKYGZ,FANGOR デジタルフォトフレーム Wi-Fi 10.1型 Wi-Fi 写真/動画/天気予報 1280*800解像度 ,https://www.amazon.co.jp/dp/B0C5HWKYGZ,https://www.google.com/search?q=FANGOR%20%E4%BC%9A%E7%A4%BE%E6%A6%82%E8%A6%81%20%E5%95%8F%E3%81%84%E5%90%88%E3%82%8F%E3%81%9B%20%E5%8D%B8,
FIDECO,1,パソコン・周辺機器,除外（日本実体の証拠なし）,JAN45/49・日本語社名・日本法人格のいずれも無し,C: 第三者はいるが国内事業者ではない,規模未確認,なし,なし,,0,2,598,B0CYLDM23M,FIDECO M.2 NVMe SSD 外付けケース SSD エンクロージャー 10Gbps 高速転送 SSDケース 工,https://www.amazon.co.jp/dp/B0CYLDM23M,https://www.google.com/search?q=FIDECO%20%E4%BC%9A%E7%A4%BE%E6%A6%82%E8%A6%81%20%E5%95%8F%E3%81%84%E5%90%88%E3%82%8F%E3%81%9B%20%E5%8D%B8,
FleekFit,1,家電＆カメラ,除外（日本実体の証拠なし）,JAN45/49・日本語社名・日本法人格のいずれも無し,C: 第三者はいるが国内事業者ではない,規模未確認,なし,なし,,0,2,380,B0D44LBXCX,【新設計 超軽量・約98g】 モバイルバッテリー 小型 大容量 5000mAh MFi正規認証 Lightningコ& ,https://www.amazon.co.jp/dp/B0D44LBXCX,https://www.google.com/search?q=FleekFit%20%E4%BC%9A%E7%A4%BE%E6%A6%82%E8%A6%81%20%E5%95%8F%E3%81%84%E5%90%88%E3%82%8F%E3%81%9B%20%E5%8D%B8,
Franklin Sensors,1,DIY・工具・ガーデン,除外（日本実体の証拠なし）,JAN45/49・日本語社名・日本法人格のいずれも無し,C: 第三者はいるが国内事業者ではない,規模未確認,なし,なし,,0,2,5366,B0917VXLDK,【活電線メーター搭載】 下地センサー 米国特許 プロ用 壁裏センサー Franklin 下地探し 【国内正規品/取説付】,https://www.amazon.co.jp/dp/B0917VXLDK,https://www.google.com/search?q=Franklin%20Sensors%20%E4%BC%9A%E7%A4%BE%E6%A6%82%E8%A6%81%20%E5%95%8F%E3%81%84%E5%90%88%E3%82%8F%E3%81%9B%20%E5%8D%B8,
GAERUO,1,ホーム＆キッチン,除外（日本実体の証拠なし）,JAN45/49・日本語社名・日本法人格のいずれも無し,C: 第三者はいるが国内事業者ではない,規模未確認,なし,なし,,0,1,1200,B08XVY3QCM,GAERUO ボディシェーバー 電動 メンズシェーバー 毛剃り 15°角度調整 ネット刃付き IPX7防水 ムダ毛処理 ,https://www.amazon.co.jp/dp/B08XVY3QCM,https://www.google.com/search?q=GAERUO%20%E4%BC%9A%E7%A4%BE%E6%A6%82%E8%A6%81%20%E5%95%8F%E3%81%84%E5%90%88%E3%82%8F%E3%81%9B%20%E5%8D%B8,
GIMUYA,1,車＆バイク,除外（日本実体の証拠なし）,JAN45/49・日本語社名・日本法人格のいずれも無し,C: 第三者はいるが国内事業者ではない,規模未確認,なし,なし,,0,2,1830,B0BQMDVHX1,GIMUYA スズキ ジムニー JB64 JB74 ジムニーノマド JC74W 増設電源ユニット ジムニーシエラ AT車,https://www.amazon.co.jp/dp/B0BQMDVHX1,https://www.google.com/search?q=GIMUYA%20%E4%BC%9A%E7%A4%BE%E6%A6%82%E8%A6%81%20%E5%95%8F%E3%81%84%E5%90%88%E3%82%8F%E3%81%9B%20%E5%8D%B8,
Gillmar,1,家電＆カメラ,除外（日本実体の証拠なし）,JAN45/49・日本語社名・日本法人格のいずれも無し,C: 第三者はいるが国内事業者ではない,規模未確認,なし,なし,,0,2,1309,B0BKLCFT92,ボイスレコーダー 小型 ICレコーダー 長時間録音 32GB大容量 1536kbps音質 42時間連続使用 コンパクト ,https://www.amazon.co.jp/dp/B0BKLCFT92,https://www.google.com/search?q=Gillmar%20%E4%BC%9A%E7%A4%BE%E6%A6%82%E8%A6%81%20%E5%95%8F%E3%81%84%E5%90%88%E3%82%8F%E3%81%9B%20%E5%8D%B8,
Glaazo,1,パソコン・周辺機器,除外（日本実体の証拠なし）,JAN45/49・日本語社名・日本法人格のいずれも無し,C: 第三者はいるが国内事業者ではない,規模未確認,なし,なし,,0,2,575,B0GCZRD7P6,【2026新型】USB Type-C HDMI 変換アダプター 2in1 タイプc hdmi 変換,https://www.amazon.co.jp/dp/B0GCZRD7P6,https://www.google.com/search?q=Glaazo%20%E4%BC%9A%E7%A4%BE%E6%A6%82%E8%A6%81%20%E5%95%8F%E3%81%84%E5%90%88%E3%82%8F%E3%81%9B%20%E5%8D%B8,
Goody King,1,おもちゃ,除外（日本実体の証拠なし）,JAN45/49・日本語社名・日本法人格のいずれも無し,C: 第三者はいるが国内事業者ではない,規模未確認,なし,なし,,0,2,2290,B0DLGR5C5P,200 Pcs マグネットブロック 磁石ブロック おもちゃ 子供 知育玩具 磁石ブロック マグネット 男の子と女の子 お,https://www.amazon.co.jp/dp/B0DLGR5C5P,https://www.google.com/search?q=Goody%20King%20%E4%BC%9A%E7%A4%BE%E6%A6%82%E8%A6%81%20%E5%95%8F%E3%81%84%E5%90%88%E3%82%8F%E3%81%9B%20%E5%8D%B8,
GoveeLife,1,大型家電,除外（日本実体の証拠なし）,JAN45/49・日本語社名・日本法人格のいずれも無し,C: 第三者はいるが国内事業者ではない,規模未確認,なし,なし,,0,2,4580,B0CLB3BTSG,GoveeLife冷凍庫温度計アラーム、冷蔵庫プールタブ用スマートBluetooth温度モニターセンサー、偽造防止付きリ,https://www.amazon.co.jp/dp/B0CLB3BTSG,https://www.google.com/search?q=GoveeLife%20%E4%BC%9A%E7%A4%BE%E6%A6%82%E8%A6%81%20%E5%95%8F%E3%81%84%E5%90%88%E3%82%8F%E3%81%9B%20%E5%8D%B8,
GraceDuck,1,おもちゃ,除外（日本実体の証拠なし）,JAN45/49・日本語社名・日本法人格のいずれも無し,C: 第三者はいるが国内事業者ではない,規模未確認,なし,なし,,0,2,1625,B0D8KV6JHZ,150 Pcs マグネットブロック 磁石ブロック おもちゃ 子供 知育玩具 磁石ブロック マグネット 男の子と女の子 お,https://www.amazon.co.jp/dp/B0D8KV6JHZ,https://www.google.com/search?q=GraceDuck%20%E4%BC%9A%E7%A4%BE%E6%A6%82%E8%A6%81%20%E5%95%8F%E3%81%84%E5%90%88%E3%82%8F%E3%81%9B%20%E5%8D%B8,
HANMATEK,1,DIY・工具・ガーデン,除外（日本実体の証拠なし）,JAN45/49・日本語社名・日本法人格のいずれも無し,C: 第三者はいるが国内事業者ではない,規模未確認,なし,なし,,0,2,4924,B0BNDKMJXQ,下地探し 壁うらセンサー,https://www.amazon.co.jp/dp/B0BNDKMJXQ,https://www.google.com/search?q=HANMATEK%20%E4%BC%9A%E7%A4%BE%E6%A6%82%E8%A6%81%20%E5%95%8F%E3%81%84%E5%90%88%E3%82%8F%E3%81%9B%20%E5%8D%B8,
HGGH,1,家電＆カメラ,除外（日本実体の証拠なし）,JAN45/49・日本語社名・日本法人格のいずれも無し,C: 第三者はいるが国内事業者ではない,規模未確認,なし,なし,,0,4,838,B0DQ7XJF4Z,モバイルバッテリー 大容量 22000mAh 【230g軽量化・4つのケーブル内蔵】モバイルバッテリー 軽量 小型 急速,https://www.amazon.co.jp/dp/B0DQ7XJF4Z,https://www.google.com/search?q=HGGH%20%E4%BC%9A%E7%A4%BE%E6%A6%82%E8%A6%81%20%E5%95%8F%E3%81%84%E5%90%88%E3%82%8F%E3%81%9B%20%E5%8D%B8,
IAPOS,1,家電＆カメラ,除外（日本実体の証拠なし）,JAN45/49・日本語社名・日本法人格のいずれも無し,C: 第三者はいるが国内事業者ではない,規模未確認,なし,なし,,0,2,595,B0FYFNGHGY,モバイルバッテリー 大容量 【40000mAh大容量 ・薄さ2.84cm】IAPOS モバイルバッテリー 急速充電 22,https://www.amazon.co.jp/dp/B0FYFNGHGY,https://www.google.com/search?q=IAPOS%20%E4%BC%9A%E7%A4%BE%E6%A6%82%E8%A6%81%20%E5%95%8F%E3%81%84%E5%90%88%E3%82%8F%E3%81%9B%20%E5%8D%B8,
JOKITA,1,ホーム＆キッチン,除外（日本実体の証拠なし）,JAN45/49・日本語社名・日本法人格のいずれも無し,C: 第三者はいるが国内事業者ではない,規模未確認,なし,なし,,0,2,92,B0CNZXC2XB,体重計 bluetooth スマホ連動 体組成計 ヘルスメーター 体脂肪計 対組成計 weight scale 電子スケ,https://www.amazon.co.jp/dp/B0CNZXC2XB,https://www.google.com/search?q=JOKITA%20%E4%BC%9A%E7%A4%BE%E6%A6%82%E8%A6%81%20%E5%95%8F%E3%81%84%E5%90%88%E3%82%8F%E3%81%9B%20%E5%8D%B8,
JYX,1,楽器・音響機器,除外（日本実体の証拠なし）,JAN45/49・日本語社名・日本法人格のいずれも無し,C: 第三者はいるが国内事業者ではない,規模未確認,なし,なし,,0,1,5996,B0BTPNJCB4,JYX スピーカーセット 拡声器 ワイヤレスマイク２本 Bluetooth 5.0対応 高低音強化機能搭載 充電式 ポー,https://www.amazon.co.jp/dp/B0BTPNJCB4,https://www.google.com/search?q=JYX%20%E4%BC%9A%E7%A4%BE%E6%A6%82%E8%A6%81%20%E5%95%8F%E3%81%84%E5%90%88%E3%82%8F%E3%81%9B%20%E5%8D%B8,
Jimveo,1,家電＆カメラ,除外（日本実体の証拠なし）,JAN45/49・日本語社名・日本法人格のいずれも無し,C: 第三者はいるが国内事業者ではない,規模未確認,なし,なし,,0,3,5681,B0CJVFJMVF,【360°回転可能】Jimveo プロジェクター 天井投影 家庭用 小型 1080P WIFI6 700輝度 電動フォー,https://www.amazon.co.jp/dp/B0CJVFJMVF,https://www.google.com/search?q=Jimveo%20%E4%BC%9A%E7%A4%BE%E6%A6%82%E8%A6%81%20%E5%95%8F%E3%81%84%E5%90%88%E3%82%8F%E3%81%9B%20%E5%8D%B8,
Jorest,1,ファッション,除外（日本実体の証拠なし）,JAN45/49・日本語社名・日本法人格のいずれも無し,C: 第三者はいるが国内事業者ではない,規模未確認,なし,なし,,0,2,774,B0CT39L4VV,JOREST 腕時計 工具 セット、電池 交換、裏 蓋 外し、時計 修理 キット、時計 ベルト 調整、時計 バンド 調整,https://www.amazon.co.jp/dp/B0CT39L4VV,https://www.google.com/search?q=Jorest%20%E4%BC%9A%E7%A4%BE%E6%A6%82%E8%A6%81%20%E5%95%8F%E3%81%84%E5%90%88%E3%82%8F%E3%81%9B%20%E5%8D%B8,
Judout,1,ホーム＆キッチン,除外（日本実体の証拠なし）,JAN45/49・日本語社名・日本法人格のいずれも無し,C: 第三者はいるが国内事業者ではない,規模未確認,なし,なし,,0,2,3353,B0G1TD8CTB,除湿機 小型 【除湿・加湿・空気清浄 一台3役】 除加湿空気清浄機 強力 湿度設定 マイナスイオン タイマー付 ペルチェ,https://www.amazon.co.jp/dp/B0G1TD8CTB,https://www.google.com/search?q=Judout%20%E4%BC%9A%E7%A4%BE%E6%A6%82%E8%A6%81%20%E5%95%8F%E3%81%84%E5%90%88%E3%82%8F%E3%81%9B%20%E5%8D%B8,
Juliyas,1,ホーム＆キッチン,除外（日本実体の証拠なし）,JAN45/49・日本語社名・日本法人格のいずれも無し,C: 第三者はいるが国内事業者ではない,規模未確認,なし,なし,,0,2,688,B0GHMT3457,Juliyas ネックケア 首 リラクゼーション器 EMS×TENS Ｗ効果 振動 首元ケア ホットケア 10種類のモー,https://www.amazon.co.jp/dp/B0GHMT3457,https://www.google.com/search?q=Juliyas%20%E4%BC%9A%E7%A4%BE%E6%A6%82%E8%A6%81%20%E5%95%8F%E3%81%84%E5%90%88%E3%82%8F%E3%81%9B%20%E5%8D%B8,
KELO-COTE,1,産業・研究開発用品,除外（日本実体の証拠なし）,JAN45/49・日本語社名・日本法人格のいずれも無し,C: 第三者はいるが国内事業者ではない,規模未確認,なし,なし,,0,2,1464,B004Q1VP1C,ケロコート KELO-COTE 傷あとケアジェル 帝王切開 手術後 傷あとケア用品 6g,https://www.amazon.co.jp/dp/B004Q1VP1C,https://www.google.com/search?q=KELO-COTE%20%E4%BC%9A%E7%A4%BE%E6%A6%82%E8%A6%81%20%E5%95%8F%E3%81%84%E5%90%88%E3%82%8F%E3%81%9B%20%E5%8D%B8,
KYG,1,ペット用品,除外（日本実体の証拠なし）,JAN45/49・日本語社名・日本法人格のいずれも無し,C: 第三者はいるが国内事業者ではない,規模未確認,なし,なし,,0,2,1061,B0B3CQ73SD,KYG ペット用 ドライブシート 汎用版 全車種 可視メッシュ窓 飛び出し防止リード付き 135x45x45cm ブラッ,https://www.amazon.co.jp/dp/B0B3CQ73SD,https://www.google.com/search?q=KYG%20%E4%BC%9A%E7%A4%BE%E6%A6%82%E8%A6%81%20%E5%95%8F%E3%81%84%E5%90%88%E3%82%8F%E3%81%9B%20%E5%8D%B8,
Keiby Citom,1,家電＆カメラ,除外（日本実体の証拠なし）,JAN45/49・日本語社名・日本法人格のいずれも無し,C: 第三者はいるが国内事業者ではない,規模未確認,なし,なし,,0,2,1050,B0G4S965SX,イヤホン イヤーカフ bluetooth ワイヤレスイヤホン ながら聴き イヤフォン スポーツ用 耳挟み式 オープンイヤ,https://www.amazon.co.jp/dp/B0G4S965SX,https://www.google.com/search?q=Keiby%20Citom%20%E4%BC%9A%E7%A4%BE%E6%A6%82%E8%A6%81%20%E5%95%8F%E3%81%84%E5%90%88%E3%82%8F%E3%81%9B%20%E5%8D%B8,
LABEWVI,1,ファッション,除外（日本実体の証拠なし）,JAN45/49・日本語社名・日本法人格のいずれも無し,C: 第三者はいるが国内事業者ではない,規模未確認,なし,なし,,0,1,5029,B09XF3M1CN,【48V業界最強クラス 40000mAh】ファンバッテリーセット 暴風6段階調節 PD30W Type-Ⅽ対応 ファン付,https://www.amazon.co.jp/dp/B09XF3M1CN,https://www.google.com/search?q=LABEWVI%20%E4%BC%9A%E7%A4%BE%E6%A6%82%E8%A6%81%20%E5%95%8F%E3%81%84%E5%90%88%E3%82%8F%E3%81%9B%20%E5%8D%B8,
LAOPAO,1,ホーム＆キッチン,除外（日本実体の証拠なし）,JAN45/49・日本語社名・日本法人格のいずれも無し,C: 第三者はいるが国内事業者ではない,規模未確認,なし,なし,,0,1,1021,B0G2XTLCBL,LAOPAO ソープディスペンサー 自動 液体 2段階 オートディスペンサー ハンドソープディスペンサー シャンパン色 ,https://www.amazon.co.jp/dp/B0G2XTLCBL,https://www.google.com/search?q=LAOPAO%20%E4%BC%9A%E7%A4%BE%E6%A6%82%E8%A6%81%20%E5%95%8F%E3%81%84%E5%90%88%E3%82%8F%E3%81%9B%20%E5%8D%B8,
LETMY,1,スポーツ＆アウトドア,除外（日本実体の証拠なし）,JAN45/49・日本語社名・日本法人格のいずれも無し,C: 第三者はいるが国内事業者ではない,規模未確認,なし,なし,,0,1,400,B0FKH2TKQ8,Letmy 懐中電灯 強力 ledライト ハンディライト 2025新型 超高輝度6000ルーメン ディジタル電気量 一個,https://www.amazon.co.jp/dp/B0FKH2TKQ8,https://www.google.com/search?q=LETMY%20%E4%BC%9A%E7%A4%BE%E6%A6%82%E8%A6%81%20%E5%95%8F%E3%81%84%E5%90%88%E3%82%8F%E3%81%9B%20%E5%8D%B8,
LIHAO,1,車＆バイク,除外（日本実体の証拠なし）,JAN45/49・日本語社名・日本法人格のいずれも無し,C: 第三者はいるが国内事業者ではない,規模未確認,なし,なし,,0,1,358,B0B93HDD9T,LIHAO バイクカバー 大型 防水 耐熱 紫外線防止 通気 盗難防止 携帯便利 収納バッグ付き スクーター カバー,https://www.amazon.co.jp/dp/B0B93HDD9T,https://www.google.com/search?q=LIHAO%20%E4%BC%9A%E7%A4%BE%E6%A6%82%E8%A6%81%20%E5%95%8F%E3%81%84%E5%90%88%E3%82%8F%E3%81%9B%20%E5%8D%B8,
LIHILIS,1,ホーム＆キッチン,除外（日本実体の証拠なし）,JAN45/49・日本語社名・日本法人格のいずれも無し,C: 第三者はいるが国内事業者ではない,規模未確認,なし,なし,,0,1,2822,B0DDY45J4W,(最強の筋膜リリースガン 極限の全身解放) ハンディガン パワフル 10mm振幅 背中まで届く リリースガン (革新に無,https://www.amazon.co.jp/dp/B0DDY45J4W,https://www.google.com/search?q=LIHILIS%20%E4%BC%9A%E7%A4%BE%E6%A6%82%E8%A6%81%20%E5%95%8F%E3%81%84%E5%90%88%E3%82%8F%E3%81%9B%20%E5%8D%B8,
LILIO,1,家電＆カメラ,除外（日本実体の証拠なし）,JAN45/49・日本語社名・日本法人格のいずれも無し,C: 第三者はいるが国内事業者ではない,規模未確認,なし,なし,,0,3,799,B0F99MZ57W,モバイルバッテリー 大容量 【20000mAh大容量 ・薄さ1.60cm】LILIO モバイルバッテリー 軽量 小型 急,https://www.amazon.co.jp/dp/B0F99MZ57W,https://www.google.com/search?q=LILIO%20%E4%BC%9A%E7%A4%BE%E6%A6%82%E8%A6%81%20%E5%95%8F%E3%81%84%E5%90%88%E3%82%8F%E3%81%9B%20%E5%8D%B8,
LINKChef,1,ホーム＆キッチン,除外（日本実体の証拠なし）,JAN45/49・日本語社名・日本法人格のいずれも無し,C: 第三者はいるが国内事業者ではない,規模未確認,なし,なし,,0,1,1108,B0C9QBPQGP,フードプロセッサー LINKChef ミキサー 小型 500ml 電動 260W 绞肉机 微塵切り チョッパー みじん切,https://www.amazon.co.jp/dp/B0C9QBPQGP,https://www.google.com/search?q=LINKChef%20%E4%BC%9A%E7%A4%BE%E6%A6%82%E8%A6%81%20%E5%95%8F%E3%81%84%E5%90%88%E3%82%8F%E3%81%9B%20%E5%8D%B8,
Laoynd,1,ホーム＆キッチン,除外（日本実体の証拠なし）,JAN45/49・日本語社名・日本法人格のいずれも無し,C: 第三者はいるが国内事業者ではない,規模未確認,なし,なし,,0,2,6054,B0FRDZQF7D,掃除機 750KPa超強力吸引 コードレス掃除機 ダニ除去ブラシ付き！ 自立式自走式 60分連続稼働 革新版グリーンLE,https://www.amazon.co.jp/dp/B0FRDZQF7D,https://www.google.com/search?q=Laoynd%20%E4%BC%9A%E7%A4%BE%E6%A6%82%E8%A6%81%20%E5%95%8F%E3%81%84%E5%90%88%E3%82%8F%E3%81%9B%20%E5%8D%B8,
LevaGott,1,ホーム＆キッチン,除外（日本実体の証拠なし）,JAN45/49・日本語社名・日本法人格のいずれも無し,C: 第三者はいるが国内事業者ではない,規模未確認,なし,なし,,0,1,3223,B0FKMJ62YC,ふくらはぎケア 空気圧 温熱機能 3モード調整 静音設計 軽量コードレス 充電式 男女兼用 自動オフタイマー 家庭用 母,https://www.amazon.co.jp/dp/B0FKMJ62YC,https://www.google.com/search?q=LevaGott%20%E4%BC%9A%E7%A4%BE%E6%A6%82%E8%A6%81%20%E5%95%8F%E3%81%84%E5%90%88%E3%82%8F%E3%81%9B%20%E5%8D%B8,
Liaolee,1,ホーム＆キッチン,除外（日本実体の証拠なし）,JAN45/49・日本語社名・日本法人格のいずれも無し,C: 第三者はいるが国内事業者ではない,規模未確認,なし,なし,,0,2,743,B0C58DTLTR,ネックケア 首 リラクゼーション器 Liaolee 新登場 (加温×EMS&TENSのW効果) 静音 軽量 首元リフレッ,https://www.amazon.co.jp/dp/B0C58DTLTR,https://www.google.com/search?q=Liaolee%20%E4%BC%9A%E7%A4%BE%E6%A6%82%E8%A6%81%20%E5%95%8F%E3%81%84%E5%90%88%E3%82%8F%E3%81%9B%20%E5%8D%B8,
Lixno,1,パソコン・周辺機器,除外（日本実体の証拠なし）,JAN45/49・日本語社名・日本法人格のいずれも無し,C: 第三者はいるが国内事業者ではない,規模未確認,なし,なし,,0,2,846,B0GKX5TXSX,【2026年技術改良】PC マイク usb コンデンサーマイク 高感度 無指向性 360°全方向集音 ワンタッチミュート,https://www.amazon.co.jp/dp/B0GKX5TXSX,https://www.google.com/search?q=Lixno%20%E4%BC%9A%E7%A4%BE%E6%A6%82%E8%A6%81%20%E5%95%8F%E3%81%84%E5%90%88%E3%82%8F%E3%81%9B%20%E5%8D%B8,
MAONO,1,楽器・音響機器,除外（日本実体の証拠なし）,JAN45/49・日本語社名・日本法人格のいずれも無し,C: 第三者はいるが国内事業者ではない,規模未確認,なし,なし,,0,1,4436,B0F1N24BJW,MAONO オーディオインターフェース オーディオミキサー XLR入力 ルーティング DAW 楽器/パソコン/スマホ/ヘ,https://www.amazon.co.jp/dp/B0F1N24BJW,https://www.google.com/search?q=MAONO%20%E4%BC%9A%E7%A4%BE%E6%A6%82%E8%A6%81%20%E5%95%8F%E3%81%84%E5%90%88%E3%82%8F%E3%81%9B%20%E5%8D%B8,
MIATONE,1,家電＆カメラ,除外（日本実体の証拠なし）,JAN45/49・日本語社名・日本法人格のいずれも無し,C: 第三者はいるが国内事業者ではない,規模未確認,なし,なし,,0,2,1132,B0D1VDZ34M,MIATONE Bluetooth スピーカー 360°サウンド 重低音モデル IPX7防水 ワイヤレス お風呂 ブルー,https://www.amazon.co.jp/dp/B0D1VDZ34M,https://www.google.com/search?q=MIATONE%20%E4%BC%9A%E7%A4%BE%E6%A6%82%E8%A6%81%20%E5%95%8F%E3%81%84%E5%90%88%E3%82%8F%E3%81%9B%20%E5%8D%B8,
MSEBENT,1,家電＆カメラ,除外（日本実体の証拠なし）,JAN45/49・日本語社名・日本法人格のいずれも無し,C: 第三者はいるが国内事業者ではない,規模未確認,なし,なし,,0,2,977,B0G3NRDBTY,MSEBENT エアタグ（4 個セット） - Apple MFi 認定＆IP67 防水仕様｜Apple Find My ,https://www.amazon.co.jp/dp/B0G3NRDBTY,https://www.google.com/search?q=MSEBENT%20%E4%BC%9A%E7%A4%BE%E6%A6%82%E8%A6%81%20%E5%95%8F%E3%81%84%E5%90%88%E3%82%8F%E3%81%9B%20%E5%8D%B8,
Magcubic,1,家電＆カメラ,除外（日本実体の証拠なし）,JAN45/49・日本語社名・日本法人格のいずれも無し,C: 第三者はいるが国内事業者ではない,規模未確認,なし,なし,,0,2,3983,B0FVLZ7YCP,Magcubic プロジェクター 家庭用 小型 天井投影 Android 14搭載 4K対応 360°HIFI 立体スピ,https://www.amazon.co.jp/dp/B0FVLZ7YCP,https://www.google.com/search?q=Magcubic%20%E4%BC%9A%E7%A4%BE%E6%A6%82%E8%A6%81%20%E5%95%8F%E3%81%84%E5%90%88%E3%82%8F%E3%81%9B%20%E5%8D%B8,
MiliCamp,1,スポーツ＆アウトドア,除外（日本実体の証拠なし）,JAN45/49・日本語社名・日本法人格のいずれも無し,C: 第三者はいるが国内事業者ではない,規模未確認,なし,なし,,0,1,223,B0BZLJL7TC,MiliCamp メスティン雷鳥飯盒フライヤー 太径304ステンレス鋼 唐揚げフライバスケット 水切りざる 油切り ソロ,https://www.amazon.co.jp/dp/B0BZLJL7TC,https://www.google.com/search?q=MiliCamp%20%E4%BC%9A%E7%A4%BE%E6%A6%82%E8%A6%81%20%E5%95%8F%E3%81%84%E5%90%88%E3%82%8F%E3%81%9B%20%E5%8D%B8,
Mill Creek Entertainment,1,文房具・オフィス用品,除外（日本実体の証拠なし）,JAN45/49・日本語社名・日本法人格のいずれも無し,C: 第三者はいるが国内事業者ではない,規模未確認,なし,なし,,0,2,2984,B07TKNFKKP,ウルトラマン コンプリート ブルーレイ 限定スチールブック仕様[Blu-ray リージョンA](輸入版),https://www.amazon.co.jp/dp/B07TKNFKKP,https://www.google.com/search?q=Mill%20Creek%20Entertainment%20%E4%BC%9A%E7%A4%BE%E6%A6%82%E8%A6%81%20%E5%95%8F%E3%81%84%E5%90%88%E3%82%8F%E3%81%9B%20%E5%8D%B8,
Mountsafe,1,家電＆カメラ,除外（日本実体の証拠なし）,JAN45/49・日本語社名・日本法人格のいずれも無し,C: 第三者はいるが国内事業者ではない,規模未確認,なし,なし,,0,3,1126,B0FR4NYBG6,【業界新定番！Bluetooth6.0+EDR】ヘッドセット bluetooth 耳掛け式 最大100時間連続使用 充電,https://www.amazon.co.jp/dp/B0FR4NYBG6,https://www.google.com/search?q=Mountsafe%20%E4%BC%9A%E7%A4%BE%E6%A6%82%E8%A6%81%20%E5%95%8F%E3%81%84%E5%90%88%E3%82%8F%E3%81%9B%20%E5%8D%B8,
Newmight,1,パソコン・周辺機器,除外（日本実体の証拠なし）,JAN45/49・日本語社名・日本法人格のいずれも無し,C: 第三者はいるが国内事業者ではない,規模未確認,なし,なし,,0,1,1559,B0CZLGNT5C,USB C ハブ hdmi 2つ Dual Display ドッキングステーション 7in1 MST デュアル 4K H,https://www.amazon.co.jp/dp/B0CZLGNT5C,https://www.google.com/search?q=Newmight%20%E4%BC%9A%E7%A4%BE%E6%A6%82%E8%A6%81%20%E5%95%8F%E3%81%84%E5%90%88%E3%82%8F%E3%81%9B%20%E5%8D%B8,
OMKUY,1,家電＆カメラ,除外（日本実体の証拠なし）,JAN45/49・日本語社名・日本法人格のいずれも無し,C: 第三者はいるが国内事業者ではない,規模未確認,なし,なし,,0,1,1805,B0DNVRMTFK,OMKUY 140W USB充電器 Type-c 6ポート 急速充電器（PPS&PD3.0&QC4+対応）PC同時充電 ,https://www.amazon.co.jp/dp/B0DNVRMTFK,https://www.google.com/search?q=OMKUY%20%E4%BC%9A%E7%A4%BE%E6%A6%82%E8%A6%81%20%E5%95%8F%E3%81%84%E5%90%88%E3%82%8F%E3%81%9B%20%E5%8D%B8,
PETHROOM,1,ペット用品,除外（日本実体の証拠なし）,JAN45/49・日本語社名・日本法人格のいずれも無し,C: 第三者はいるが国内事業者ではない,規模未確認,なし,なし,,0,1,819,B0C1NHQNNL,Pethroom ペスルーム ヒーリング スリッカーブラシ 犬 猫 ブラシ｜ワンプッシュ 抜け毛取り 痛くない ソフトタ,https://www.amazon.co.jp/dp/B0C1NHQNNL,https://www.google.com/search?q=PETHROOM%20%E4%BC%9A%E7%A4%BE%E6%A6%82%E8%A6%81%20%E5%95%8F%E3%81%84%E5%90%88%E3%82%8F%E3%81%9B%20%E5%8D%B8,
PRXA,1,家電＆カメラ,除外（日本実体の証拠なし）,JAN45/49・日本語社名・日本法人格のいずれも無し,C: 第三者はいるが国内事業者ではない,規模未確認,なし,なし,,0,2,559,B0DYFBPZM9,HDMIケーブル iPhone HDMI変換ケーブル 2m Lightning 電源不要 設定不要 音声同期出力 iOS,https://www.amazon.co.jp/dp/B0DYFBPZM9,https://www.google.com/search?q=PRXA%20%E4%BC%9A%E7%A4%BE%E6%A6%82%E8%A6%81%20%E5%95%8F%E3%81%84%E5%90%88%E3%82%8F%E3%81%9B%20%E5%8D%B8,
Panovol,1,パソコン・周辺機器,除外（日本実体の証拠なし）,JAN45/49・日本語社名・日本法人格のいずれも無し,C: 第三者はいるが国内事業者ではない,規模未確認,なし,なし,,0,2,1581,B0CMX6NT42,Panovolタブレットスタンド【2026革新型・隠し式台座・ケーブル固定具付き】 タブレット アーム スマホスタンド ,https://www.amazon.co.jp/dp/B0CMX6NT42,https://www.google.com/search?q=Panovol%20%E4%BC%9A%E7%A4%BE%E6%A6%82%E8%A6%81%20%E5%95%8F%E3%81%84%E5%90%88%E3%82%8F%E3%81%9B%20%E5%8D%B8,
Portta,1,パソコン・周辺機器,除外（日本実体の証拠なし）,JAN45/49・日本語社名・日本法人格のいずれも無し,C: 第三者はいるが国内事業者ではない,規模未確認,なし,なし,,0,1,1459,B0FDVHWJ6W,"PORTTA HDMI キャプチャーボード パススルー, 1080P60 低遅延, ストリーミングと録画、4K HD M",https://www.amazon.co.jp/dp/B0FDVHWJ6W,https://www.google.com/search?q=Portta%20%E4%BC%9A%E7%A4%BE%E6%A6%82%E8%A6%81%20%E5%95%8F%E3%81%84%E5%90%88%E3%82%8F%E3%81%9B%20%E5%8D%B8,
READAEER,1,スポーツ＆アウトドア,除外（日本実体の証拠なし）,JAN45/49・日本語社名・日本法人格のいずれも無し,C: 第三者はいるが国内事業者ではない,規模未確認,なし,なし,,0,2,657,B0FDL24DGZ,【Readaeerライトスポーツ専門店】トレーニングチューブ レジスタンスバンド フィットネスバンド 強度別5本セット6,https://www.amazon.co.jp/dp/B0FDL24DGZ,https://www.google.com/search?q=READAEER%20%E4%BC%9A%E7%A4%BE%E6%A6%82%E8%A6%81%20%E5%95%8F%E3%81%84%E5%90%88%E3%82%8F%E3%81%9B%20%E5%8D%B8,
RK ROYAL KLUDGE,1,パソコン・周辺機器,除外（日本実体の証拠なし）,JAN45/49・日本語社名・日本法人格のいずれも無し,C: 第三者はいるが国内事業者ではない,規模未確認,なし,なし,,0,2,4497,B0CNP1BG1W,【Amazon.co.jp限定】RK ROYAL KLUDGE R65 ゲーミングキーボード 有線 日本語配列 メカニカ,https://www.amazon.co.jp/dp/B0CNP1BG1W,https://www.google.com/search?q=RK%20ROYAL%20KLUDGE%20%E4%BC%9A%E7%A4%BE%E6%A6%82%E8%A6%81%20%E5%95%8F%E3%81%84%E5%90%88%E3%82%8F%E3%81%9B%20%E5%8D%B8,
RayCue,1,パソコン・周辺機器,除外（日本実体の証拠なし）,JAN45/49・日本語社名・日本法人格のいずれも無し,C: 第三者はいるが国内事業者ではない,規模未確認,なし,なし,,0,1,1145,B0DMS9J49V,MacBook Air/Pro対応 USB-Cハブ 7ポート PD充電 SD/TF USB3.0×3 軽量コンパクト R,https://www.amazon.co.jp/dp/B0DMS9J49V,https://www.google.com/search?q=RayCue%20%E4%BC%9A%E7%A4%BE%E6%A6%82%E8%A6%81%20%E5%95%8F%E3%81%84%E5%90%88%E3%82%8F%E3%81%9B%20%E5%8D%B8,
SEMOTU,1,パソコン・周辺機器,除外（日本実体の証拠なし）,JAN45/49・日本語社名・日本法人格のいずれも無し,C: 第三者はいるが国内事業者ではない,規模未確認,なし,なし,,0,3,1090,B0GJZ1TCQP,PC用マイク コンデンサマイク ダイナミックマイク 全指向性 高感度 360°集音 ワンタッチミュート 小型卓上 有線 ,https://www.amazon.co.jp/dp/B0GJZ1TCQP,https://www.google.com/search?q=SEMOTU%20%E4%BC%9A%E7%A4%BE%E6%A6%82%E8%A6%81%20%E5%95%8F%E3%81%84%E5%90%88%E3%82%8F%E3%81%9B%20%E5%8D%B8,
SENPPLE,1,ホーム＆キッチン,除外（日本実体の証拠なし）,JAN45/49・日本語社名・日本法人格のいずれも無し,C: 第三者はいるが国内事業者ではない,規模未確認,なし,なし,,0,2,8977,B0DC5YT7KF,業界初 フットケア 足先 太もも ふくらはぎ EMS 空気圧 温熱 6モード ３段階強度 3段階温度 足裏 膝ヒーター機,https://www.amazon.co.jp/dp/B0DC5YT7KF,https://www.google.com/search?q=SENPPLE%20%E4%BC%9A%E7%A4%BE%E6%A6%82%E8%A6%81%20%E5%95%8F%E3%81%84%E5%90%88%E3%82%8F%E3%81%9B%20%E5%8D%B8,
SHARPAL,1,DIY・工具・ガーデン,除外（日本実体の証拠なし）,JAN45/49・日本語社名・日本法人格のいずれも無し,C: 第三者はいるが国内事業者ではない,規模未確認,なし,なし,,0,1,1037,B07WJJLFMX,SHARPAL 121N スティックタイプナイフシャープナー 両面ダイヤモンド砥石 ダイヤモンドシャープナー 斧砥石 粗,https://www.amazon.co.jp/dp/B07WJJLFMX,https://www.google.com/search?q=SHARPAL%20%E4%BC%9A%E7%A4%BE%E6%A6%82%E8%A6%81%20%E5%95%8F%E3%81%84%E5%90%88%E3%82%8F%E3%81%9B%20%E5%8D%B8,
STARTRC,1,家電＆カメラ,除外（日本実体の証拠なし）,JAN45/49・日本語社名・日本法人格のいずれも無し,C: 第三者はいるが国内事業者ではない,規模未確認,なし,なし,,0,2,606,B08VJ3LPRC,STARTRC ドローンランディングパッド DJI対応Neo 2/Lito X1/Lito 1/Mini 5pro/Mi,https://www.amazon.co.jp/dp/B08VJ3LPRC,https://www.google.com/search?q=STARTRC%20%E4%BC%9A%E7%A4%BE%E6%A6%82%E8%A6%81%20%E5%95%8F%E3%81%84%E5%90%88%E3%82%8F%E3%81%9B%20%E5%8D%B8,
Saluyar,1,家電＆カメラ,除外（日本実体の証拠なし）,JAN45/49・日本語社名・日本法人格のいずれも無し,C: 第三者はいるが国内事業者ではない,規模未確認,なし,なし,,0,2,8063,B0FCMK27Z9,【2026年最強6K録画】 デジタルカメラ 8400万画素デジカメ スマホに転送できるカメラ Wi-Fi転送 コンパクト,https://www.amazon.co.jp/dp/B0FCMK27Z9,https://www.google.com/search?q=Saluyar%20%E4%BC%9A%E7%A4%BE%E6%A6%82%E8%A6%81%20%E5%95%8F%E3%81%84%E5%90%88%E3%82%8F%E3%81%9B%20%E5%8D%B8,
Scndtne,1,家電＆カメラ,除外（日本実体の証拠なし）,JAN45/49・日本語社名・日本法人格のいずれも無し,C: 第三者はいるが国内事業者ではない,規模未確認,なし,なし,,0,2,638,B0DQYFH346,車 充電器 5in1 Car Charger 巻き取り式 車載充電器 シガーソケット カーチャージャー 5台同時充電 引,https://www.amazon.co.jp/dp/B0DQYFH346,https://www.google.com/search?q=Scndtne%20%E4%BC%9A%E7%A4%BE%E6%A6%82%E8%A6%81%20%E5%95%8F%E3%81%84%E5%90%88%E3%82%8F%E3%81%9B%20%E5%8D%B8,
Sinessy,1,ホーム＆キッチン,除外（日本実体の証拠なし）,JAN45/49・日本語社名・日本法人格のいずれも無し,C: 第三者はいるが国内事業者ではない,規模未確認,なし,なし,,0,1,3382,B0F6LKG8ZT,【Amazon.co.jp限定】ミスト ファン 扇風機 卓上扇風機 キャンプ 風量無段階調節 55時間連続使用 アウトド,https://www.amazon.co.jp/dp/B0F6LKG8ZT,https://www.google.com/search?q=Sinessy%20%E4%BC%9A%E7%A4%BE%E6%A6%82%E8%A6%81%20%E5%95%8F%E3%81%84%E5%90%88%E3%82%8F%E3%81%9B%20%E5%8D%B8,
Sinjimoru,1,家電＆カメラ,除外（日本実体の証拠なし）,JAN45/49・日本語社名・日本法人格のいずれも無し,C: 第三者はいるが国内事業者ではない,規模未確認,なし,なし,,0,1,999,B0DG2K4RJ8,[Sinjimoru] MagSafe対応カードケース スタンド付きグリップ 片手操作 強力磁石 iPhone 12~1,https://www.amazon.co.jp/dp/B0DG2K4RJ8,https://www.google.com/search?q=Sinjimoru%20%E4%BC%9A%E7%A4%BE%E6%A6%82%E8%A6%81%20%E5%95%8F%E3%81%84%E5%90%88%E3%82%8F%E3%81%9B%20%E5%8D%B8,
Speiow,1,家電＆カメラ,除外（日本実体の証拠なし）,JAN45/49・日本語社名・日本法人格のいずれも無し,C: 第三者はいるが国内事業者ではない,規模未確認,なし,なし,,0,4,1377,B0GL817KLH,モバイルバッテリー 大容量【60000mAh大容量·6台同時に充電·急速充電】モバイルバッテリー 軽量 小型 4つのケー,https://www.amazon.co.jp/dp/B0GL817KLH,https://www.google.com/search?q=Speiow%20%E4%BC%9A%E7%A4%BE%E6%A6%82%E8%A6%81%20%E5%95%8F%E3%81%84%E5%90%88%E3%82%8F%E3%81%9B%20%E5%8D%B8,
Sugeko,1,ホーム＆キッチン,除外（日本実体の証拠なし）,JAN45/49・日本語社名・日本法人格のいずれも無し,C: 第三者はいるが国内事業者ではない,規模未確認,なし,なし,,0,1,1934,B0FLCYRSCY,ネックケア 首 リラクゼーション器 2段階温熱機能 3段階強度調整 2つモード 首/肩/腰/背中/太もも/足 リラックス,https://www.amazon.co.jp/dp/B0FLCYRSCY,https://www.google.com/search?q=Sugeko%20%E4%BC%9A%E7%A4%BE%E6%A6%82%E8%A6%81%20%E5%95%8F%E3%81%84%E5%90%88%E3%82%8F%E3%81%9B%20%E5%8D%B8,
SwanScout,1,家電＆カメラ,除外（日本実体の証拠なし）,JAN45/49・日本語社名・日本法人格のいずれも無し,C: 第三者はいるが国内事業者ではない,規模未確認,なし,なし,,0,2,3329,B0CT1ZFH9L,iPhone 17/16対応 ワイヤレス充電器 2台、マグセーフ iphone 充電スタンド 2台同時、マグネット式 置,https://www.amazon.co.jp/dp/B0CT1ZFH9L,https://www.google.com/search?q=SwanScout%20%E4%BC%9A%E7%A4%BE%E6%A6%82%E8%A6%81%20%E5%95%8F%E3%81%84%E5%90%88%E3%82%8F%E3%81%9B%20%E5%8D%B8,
Syitren,1,家電＆カメラ,除外（日本実体の証拠なし）,JAN45/49・日本語社名・日本法人格のいずれも無し,C: 第三者はいるが国内事業者ではない,規模未確認,なし,なし,,0,1,8069,B0G6YSSY6G,syitren R300 ポータブルcdプレーヤー bluetooth対応小型cdプレイヤー充電式内蔵 2000mahバ,https://www.amazon.co.jp/dp/B0G6YSSY6G,https://www.google.com/search?q=Syitren%20%E4%BC%9A%E7%A4%BE%E6%A6%82%E8%A6%81%20%E5%95%8F%E3%81%84%E5%90%88%E3%82%8F%E3%81%9B%20%E5%8D%B8,
TABWEE,1,パソコン・周辺機器,除外（日本実体の証拠なし）,JAN45/49・日本語社名・日本法人格のいずれも無し,C: 第三者はいるが国内事業者ではない,規模未確認,なし,なし,,0,1,7917,B0FT7R8PRW,【タブレット Android16 AI強化版】TABWEE T80 アンドロイド タブレット 10インチ、12GB+12,https://www.amazon.co.jp/dp/B0FT7R8PRW,https://www.google.com/search?q=TABWEE%20%E4%BC%9A%E7%A4%BE%E6%A6%82%E8%A6%81%20%E5%95%8F%E3%81%84%E5%90%88%E3%82%8F%E3%81%9B%20%E5%8D%B8,
TEOOT,1,車＆バイク,除外（日本実体の証拠なし）,JAN45/49・日本語社名・日本法人格のいずれも無し,C: 第三者はいるが国内事業者ではない,規模未確認,なし,なし,,0,1,670,B0G2Y4V544,【2026新登場&aux bluetooth レシーバー】ブルートゥース レシーバー[デュアル接続＆プラグアンドプレイ],https://www.amazon.co.jp/dp/B0G2Y4V544,https://www.google.com/search?q=TEOOT%20%E4%BC%9A%E7%A4%BE%E6%A6%82%E8%A6%81%20%E5%95%8F%E3%81%84%E5%90%88%E3%82%8F%E3%81%9B%20%E5%8D%B8,
TOPTRO,1,家電＆カメラ,除外（日本実体の証拠なし）,JAN45/49・日本語社名・日本法人格のいずれも無し,C: 第三者はいるが国内事業者ではない,規模未確認,なし,なし,,0,2,11187,B0GQC79KCQ,Google TV・AI搭載&プロジェクター 天井投影 家庭用【Netflix対応・YouTube・Prime Vide,https://www.amazon.co.jp/dp/B0GQC79KCQ,https://www.google.com/search?q=TOPTRO%20%E4%BC%9A%E7%A4%BE%E6%A6%82%E8%A6%81%20%E5%95%8F%E3%81%84%E5%90%88%E3%82%8F%E3%81%9B%20%E5%8D%B8,
Taegila,1,家電＆カメラ,除外（日本実体の証拠なし）,JAN45/49・日本語社名・日本法人格のいずれも無し,C: 第三者はいるが国内事業者ではない,規模未確認,なし,なし,,0,1,1295,B0CQCDXL8F,Taegila【16000mAh大容量&MagSafe対応 】モバイル バッテリー 軽量 小型 大容量 マグネット式ワイ,https://www.amazon.co.jp/dp/B0CQCDXL8F,https://www.google.com/search?q=Taegila%20%E4%BC%9A%E7%A4%BE%E6%A6%82%E8%A6%81%20%E5%95%8F%E3%81%84%E5%90%88%E3%82%8F%E3%81%9B%20%E5%8D%B8,
Tecaki,1,家電＆カメラ,除外（日本実体の証拠なし）,JAN45/49・日本語社名・日本法人格のいずれも無し,C: 第三者はいるが国内事業者ではない,規模未確認,なし,なし,,0,2,4277,B0FT3L7N3W,Tecaki 新型プロジェクター 家庭用【Android TV搭載・電動フォーカス・超小型】270°回転 4K対応 Na,https://www.amazon.co.jp/dp/B0FT3L7N3W,https://www.google.com/search?q=Tecaki%20%E4%BC%9A%E7%A4%BE%E6%A6%82%E8%A6%81%20%E5%95%8F%E3%81%84%E5%90%88%E3%82%8F%E3%81%9B%20%E5%8D%B8,
UNOKKI,1,ホビー,除外（日本実体の証拠なし）,JAN45/49・日本語社名・日本法人格のいずれも無し,C: 第三者はいるが国内事業者ではない,規模未確認,なし,なし,,0,1,453,B0B67WNGV5,"UNOKKI レジン液, 高い透明 315g UV/LED対応 レジン液 大容量, 高い透明 UVレジン液, ジュエリー",https://www.amazon.co.jp/dp/B0B67WNGV5,https://www.google.com/search?q=UNOKKI%20%E4%BC%9A%E7%A4%BE%E6%A6%82%E8%A6%81%20%E5%95%8F%E3%81%84%E5%90%88%E3%82%8F%E3%81%9B%20%E5%8D%B8,
Uexlsz,1,パソコン・周辺機器,除外（日本実体の証拠なし）,JAN45/49・日本語社名・日本法人格のいずれも無し,C: 第三者はいるが国内事業者ではない,規模未確認,なし,なし,,0,1,507,B0DKNGGSZ9,BCI-380XL BCI-381XL キャノン 用 インク 380 381 5色 大容量 canon 用 インクカート,https://www.amazon.co.jp/dp/B0DKNGGSZ9,https://www.google.com/search?q=Uexlsz%20%E4%BC%9A%E7%A4%BE%E6%A6%82%E8%A6%81%20%E5%95%8F%E3%81%84%E5%90%88%E3%82%8F%E3%81%9B%20%E5%8D%B8,
VANBOKEE,1,家電＆カメラ,除外（日本実体の証拠なし）,JAN45/49・日本語社名・日本法人格のいずれも無し,C: 第三者はいるが国内事業者ではない,規模未確認,なし,なし,,0,5,1174,B0G3FD8FSY,イヤホン bluetooth 【完全 Bluetooth 6.0 & Hi-Fi級】ワイヤレスイヤホン 自動ペアリング ,https://www.amazon.co.jp/dp/B0G3FD8FSY,https://www.google.com/search?q=VANBOKEE%20%E4%BC%9A%E7%A4%BE%E6%A6%82%E8%A6%81%20%E5%95%8F%E3%81%84%E5%90%88%E3%82%8F%E3%81%9B%20%E5%8D%B8,
VIRALLOY,1,DIY・工具・ガーデン,除外（日本実体の証拠なし）,JAN45/49・日本語社名・日本法人格のいずれも無し,C: 第三者はいるが国内事業者ではない,規模未確認,なし,なし,,0,1,652,B0B1MM14J2,VIRALLOY はんだすいとり器 ハンダ吸い取り器 半田吸い取り機 強力真空式 自動はんだ吸取器級吸引力 軽量片手操作,https://www.amazon.co.jp/dp/B0B1MM14J2,https://www.google.com/search?q=VIRALLOY%20%E4%BC%9A%E7%A4%BE%E6%A6%82%E8%A6%81%20%E5%95%8F%E3%81%84%E5%90%88%E3%82%8F%E3%81%9B%20%E5%8D%B8,
VVG,1,パソコン・周辺機器,除外（日本実体の証拠なし）,JAN45/49・日本語社名・日本法人格のいずれも無し,C: 第三者はいるが国内事業者ではない,規模未確認,なし,なし,,0,1,1293,B0F1CVX5J2,USB C デュアルHDMIアダプター VVG 4in1 Dual hdmi 4K@60Hz対応、100W typeC ,https://www.amazon.co.jp/dp/B0F1CVX5J2,https://www.google.com/search?q=VVG%20%E4%BC%9A%E7%A4%BE%E6%A6%82%E8%A6%81%20%E5%95%8F%E3%81%84%E5%90%88%E3%82%8F%E3%81%9B%20%E5%8D%B8,
Vellope,1,ホーム＆キッチン,除外（日本実体の証拠なし）,JAN45/49・日本語社名・日本法人格のいずれも無し,C: 第三者はいるが国内事業者ではない,規模未確認,なし,なし,,0,2,1069,B0BPH5GT67,ボディシェーバー メンズ VIO シェーバー 10 段階長さ調節 3-12mm 電動バリカン ムダ毛処理 IPX5 防水,https://www.amazon.co.jp/dp/B0BPH5GT67,https://www.google.com/search?q=Vellope%20%E4%BC%9A%E7%A4%BE%E6%A6%82%E8%A6%81%20%E5%95%8F%E3%81%84%E5%90%88%E3%82%8F%E3%81%9B%20%E5%8D%B8,
Vexify,1,パソコン・周辺機器,除外（日本実体の証拠なし）,JAN45/49・日本語社名・日本法人格のいずれも無し,C: 第三者はいるが国内事業者ではない,規模未確認,なし,なし,,0,2,1403,B0FX8MQ4M7,【Amazon.co.jp限定】モニターアーム 17～32インチ対応 耐荷重2～11kg VESA規格対応 5軸可動式 ,https://www.amazon.co.jp/dp/B0FX8MQ4M7,https://www.google.com/search?q=Vexify%20%E4%BC%9A%E7%A4%BE%E6%A6%82%E8%A6%81%20%E5%95%8F%E3%81%84%E5%90%88%E3%82%8F%E3%81%9B%20%E5%8D%B8,
Vibaleg,1,パソコン・周辺機器,除外（日本実体の証拠なし）,JAN45/49・日本語社名・日本法人格のいずれも無し,C: 第三者はいるが国内事業者ではない,規模未確認,なし,なし,,0,1,394,B0FC2YYPKQ,タブレットスタンド スマホスタンド ベッドサイド取付 折り畳み4.7~12.9インチ対応 ブラック ベッド用寝ながら 卓,https://www.amazon.co.jp/dp/B0FC2YYPKQ,https://www.google.com/search?q=Vibaleg%20%E4%BC%9A%E7%A4%BE%E6%A6%82%E8%A6%81%20%E5%95%8F%E3%81%84%E5%90%88%E3%82%8F%E3%81%9B%20%E5%8D%B8,
WAVLINK,1,パソコン・周辺機器,除外（日本実体の証拠なし）,JAN45/49・日本語社名・日本法人格のいずれも無し,C: 第三者はいるが国内事業者ではない,規模未確認,なし,なし,,0,1,3803,B01CSG7TUC,Wavlink USB 3.0HDMIマルチディスプレイアダプタ 解像度2048ｘ1152Windows10/8.1/8,https://www.amazon.co.jp/dp/B01CSG7TUC,https://www.google.com/search?q=WAVLINK%20%E4%BC%9A%E7%A4%BE%E6%A6%82%E8%A6%81%20%E5%95%8F%E3%81%84%E5%90%88%E3%82%8F%E3%81%9B%20%E5%8D%B8,
Worpurrt,1,家電＆カメラ,除外（日本実体の証拠なし）,JAN45/49・日本語社名・日本法人格のいずれも無し,C: 第三者はいるが国内事業者ではない,規模未確認,なし,なし,,0,1,631,B0D63KN9L4,自撮り棒 スマホスタンド 三脚 LEDライト リモコン両方を充電できます リモコン上下左右にページをめくったりできる i,https://www.amazon.co.jp/dp/B0D63KN9L4,https://www.google.com/search?q=Worpurrt%20%E4%BC%9A%E7%A4%BE%E6%A6%82%E8%A6%81%20%E5%95%8F%E3%81%84%E5%90%88%E3%82%8F%E3%81%9B%20%E5%8D%B8,
XYHWPROS,1,スポーツ＆アウトドア,除外（日本実体の証拠なし）,JAN45/49・日本語社名・日本法人格のいずれも無し,C: 第三者はいるが国内事業者ではない,規模未確認,なし,なし,,0,1,666,B0BGX1FF72,"ヘッドライト 充電式,軽い 明るい 1100ルーメン 密閉型防水 LED ヘッドランプ 防水防塵 180度調整可能 集光",https://www.amazon.co.jp/dp/B0BGX1FF72,https://www.google.com/search?q=XYHWPROS%20%E4%BC%9A%E7%A4%BE%E6%A6%82%E8%A6%81%20%E5%95%8F%E3%81%84%E5%90%88%E3%82%8F%E3%81%9B%20%E5%8D%B8,
YBYP,1,家電＆カメラ,除外（日本実体の証拠なし）,JAN45/49・日本語社名・日本法人格のいずれも無し,C: 第三者はいるが国内事業者ではない,規模未確認,なし,なし,,0,2,842,B0FXX1Z6D1,モバイルバッテリー 大容量【22000mAh大容量&4台同時充電】モバイルバッテリー 軽量 小型（ブラック）,https://www.amazon.co.jp/dp/B0FXX1Z6D1,https://www.google.com/search?q=YBYP%20%E4%BC%9A%E7%A4%BE%E6%A6%82%E8%A6%81%20%E5%95%8F%E3%81%84%E5%90%88%E3%82%8F%E3%81%9B%20%E5%8D%B8,
YEAHYO,1,家電＆カメラ,除外（日本実体の証拠なし）,JAN45/49・日本語社名・日本法人格のいずれも無し,C: 第三者はいるが国内事業者ではない,規模未確認,なし,なし,,0,2,7233,B0GMXDH9Q2,骨伝導イヤホン Bluetooth こつでんどう イヤホン オープンイヤー ワイヤレスイヤホン ながら聴き 耳を塞がない,https://www.amazon.co.jp/dp/B0GMXDH9Q2,https://www.google.com/search?q=YEAHYO%20%E4%BC%9A%E7%A4%BE%E6%A6%82%E8%A6%81%20%E5%95%8F%E3%81%84%E5%90%88%E3%82%8F%E3%81%9B%20%E5%8D%B8,
YESKAMOO,1,DIY・工具・ガーデン,除外（日本実体の証拠なし）,JAN45/49・日本語社名・日本法人格のいずれも無し,C: 第三者はいるが国内事業者ではない,規模未確認,なし,なし,,0,1,3342,B0DFCL6KT6,YESKAMOO 【500万画素・自動追跡機能】 防犯カメラ 屋外 ワイヤレス 360°全方位監視 Ptzカメラランキン,https://www.amazon.co.jp/dp/B0DFCL6KT6,https://www.google.com/search?q=YESKAMOO%20%E4%BC%9A%E7%A4%BE%E6%A6%82%E8%A6%81%20%E5%95%8F%E3%81%84%E5%90%88%E3%82%8F%E3%81%9B%20%E5%8D%B8,
YONZEE,1,車＆バイク,除外（日本実体の証拠なし）,JAN45/49・日本語社名・日本法人格のいずれも無し,C: 第三者はいるが国内事業者ではない,規模未確認,なし,なし,,0,1,1630,B0G34LQC3L,YONZEE テスラ モデルY ジュニパー モデル3 ハイランド 専用 車載スマホホルダー マグネット式 iPhone ,https://www.amazon.co.jp/dp/B0G34LQC3L,https://www.google.com/search?q=YONZEE%20%E4%BC%9A%E7%A4%BE%E6%A6%82%E8%A6%81%20%E5%95%8F%E3%81%84%E5%90%88%E3%82%8F%E3%81%9B%20%E5%8D%B8,
Yibest,1,ホーム＆キッチン,除外（日本実体の証拠なし）,JAN45/49・日本語社名・日本法人格のいずれも無し,C: 第三者はいるが国内事業者ではない,規模未確認,なし,なし,,0,2,3255,B0F3FJLCH7,【世界初！チタン金属製サーキュレーター DCモーター】卓上扇風機 静音 超小型せんぷうき パワフル送風 省エネ USB充,https://www.amazon.co.jp/dp/B0F3FJLCH7,https://www.google.com/search?q=Yibest%20%E4%BC%9A%E7%A4%BE%E6%A6%82%E8%A6%81%20%E5%95%8F%E3%81%84%E5%90%88%E3%82%8F%E3%81%9B%20%E5%8D%B8,
Yunko,1,おもちゃ,除外（日本実体の証拠なし）,JAN45/49・日本語社名・日本法人格のいずれも無し,C: 第三者はいるが国内事業者ではない,規模未確認,なし,なし,,0,4,350,B085WQPRRW,Yunko 30個セット ストレス解消グッズ スクイーズ おもちゃ 減圧グッズ 低反発 触感いい 無害 可愛い 柔らかい,https://www.amazon.co.jp/dp/B085WQPRRW,https://www.google.com/search?q=Yunko%20%E4%BC%9A%E7%A4%BE%E6%A6%82%E8%A6%81%20%E5%95%8F%E3%81%84%E5%90%88%E3%82%8F%E3%81%9B%20%E5%8D%B8,
ZAKUSA,1,ホーム＆キッチン,除外（日本実体の証拠なし）,JAN45/49・日本語社名・日本法人格のいずれも無し,C: 第三者はいるが国内事業者ではない,規模未確認,なし,なし,,0,2,879,B0GCJ55KBX,ボディシェーバー VIO シェーバー メンズ 残量表示 自動研磨 防水仕様 USB-C充電 むだげ処理 脇 腕 足 デリ,https://www.amazon.co.jp/dp/B0GCJ55KBX,https://www.google.com/search?q=ZAKUSA%20%E4%BC%9A%E7%A4%BE%E6%A6%82%E8%A6%81%20%E5%95%8F%E3%81%84%E5%90%88%E3%82%8F%E3%81%9B%20%E5%8D%B8,
ZZU,1,家電＆カメラ,除外（日本実体の証拠なし）,JAN45/49・日本語社名・日本法人格のいずれも無し,C: 第三者はいるが国内事業者ではない,規模未確認,なし,なし,,0,3,832,B0DP41614X,イヤホン bluetooth ワイヤレスイヤホン 48時間の再生時間 重低音 LEDディスプレイ表示 小型/軽量 IPX,https://www.amazon.co.jp/dp/B0DP41614X,https://www.google.com/search?q=ZZU%20%E4%BC%9A%E7%A4%BE%E6%A6%82%E8%A6%81%20%E5%95%8F%E3%81%84%E5%90%88%E3%82%8F%E3%81%9B%20%E5%8D%B8,
atolla,1,パソコン・周辺機器,除外（日本実体の証拠なし）,JAN45/49・日本語社名・日本法人格のいずれも無し,C: 第三者はいるが国内事業者ではない,規模未確認,なし,なし,,0,1,1983,B09TZQT8Z7,USB3.0ハブ 電源付き atolla USB ハブ 10ポート USBハブ セルフパワー USB Hub 5Gbps,https://www.amazon.co.jp/dp/B09TZQT8Z7,https://www.google.com/search?q=atolla%20%E4%BC%9A%E7%A4%BE%E6%A6%82%E8%A6%81%20%E5%95%8F%E3%81%84%E5%90%88%E3%82%8F%E3%81%9B%20%E5%8D%B8,
auto spec,1,車＆バイク,除外（日本実体の証拠なし）,JAN45/49・日本語社名・日本法人格のいずれも無し,C: 第三者はいるが国内事業者ではない,規模未確認,なし,なし,,0,1,1317,B0FWR3PD74,Auto Spec スズキ キャリイ DA16T型 専用 センターコントロール 収納ボックス グローブボックス収納ボック,https://www.amazon.co.jp/dp/B0FWR3PD74,https://www.google.com/search?q=auto%20spec%20%E4%BC%9A%E7%A4%BE%E6%A6%82%E8%A6%81%20%E5%95%8F%E3%81%84%E5%90%88%E3%82%8F%E3%81%9B%20%E5%8D%B8,
bagasin,1,パソコン・周辺機器,除外（日本実体の証拠なし）,JAN45/49・日本語社名・日本法人格のいずれも無し,C: 第三者はいるが国内事業者ではない,規模未確認,なし,なし,,0,2,1318,B0FX9NQ3CF,[bagasin] パソコンバッグ 17 17.3インチ パソコンケース ブリーフケース,https://www.amazon.co.jp/dp/B0FX9NQ3CF,https://www.google.com/search?q=bagasin%20%E4%BC%9A%E7%A4%BE%E6%A6%82%E8%A6%81%20%E5%95%8F%E3%81%84%E5%90%88%E3%82%8F%E3%81%9B%20%E5%8D%B8,
biaze,1,パソコン・周辺機器,除外（日本実体の証拠なし）,JAN45/49・日本語社名・日本法人格のいずれも無し,C: 第三者はいるが国内事業者ではない,規模未確認,なし,なし,,0,6,3259,B0FF4XLZ3J,【24bit/96KHz対応】BIAZE USB サウンドカード 外付け オーディオ 変換アダプタ 高性能DACチップ搭,https://www.amazon.co.jp/dp/B0FF4XLZ3J,https://www.google.com/search?q=biaze%20%E4%BC%9A%E7%A4%BE%E6%A6%82%E8%A6%81%20%E5%95%8F%E3%81%84%E5%90%88%E3%82%8F%E3%81%9B%20%E5%8D%B8,
htrahy,1,家電＆カメラ,除外（日本実体の証拠なし）,JAN45/49・日本語社名・日本法人格のいずれも無し,C: 第三者はいるが国内事業者ではない,規模未確認,なし,なし,,0,4,843,B0G81S768X,スマートウォッチ【2026 新バージョン】iPhone対応 アンドロイド対応 Bluetooth通話機能付き 1.83イ,https://www.amazon.co.jp/dp/B0G81S768X,https://www.google.com/search?q=htrahy%20%E4%BC%9A%E7%A4%BE%E6%A6%82%E8%A6%81%20%E5%95%8F%E3%81%84%E5%90%88%E3%82%8F%E3%81%9B%20%E5%8D%B8,
iGPSPORT,1,スポーツ＆アウトドア,除外（日本実体の証拠なし）,JAN45/49・日本語社名・日本法人格のいずれも無し,C: 第三者はいるが国内事業者ではない,規模未確認,なし,なし,,0,1,5843,B0DPHD9SDX,iGPSPORT BSC200S サイクルコンピュータ サイコン GPS ナビ付き 2.4インチカラー液晶 ルートナビ対,https://www.amazon.co.jp/dp/B0DPHD9SDX,https://www.google.com/search?q=iGPSPORT%20%E4%BC%9A%E7%A4%BE%E6%A6%82%E8%A6%81%20%E5%95%8F%E3%81%84%E5%90%88%E3%82%8F%E3%81%9B%20%E5%8D%B8,
stedi,1,ホビー,除外（日本実体の証拠なし）,JAN45/49・日本語社名・日本法人格のいずれも無し,C: 第三者はいるが国内事業者ではない,規模未確認,なし,なし,,0,1,1555,B0FKG5B39X,stedi プラモデル用工具セット 薄刃ニッパー ピンセット スジ彫りカ サンディングスティック クラフトツール 初心者,https://www.amazon.co.jp/dp/B0FKG5B39X,https://www.google.com/search?q=stedi%20%E4%BC%9A%E7%A4%BE%E6%A6%82%E8%A6%81%20%E5%95%8F%E3%81%84%E5%90%88%E3%82%8F%E3%81%9B%20%E5%8D%B8,
uwant,1,ホーム＆キッチン,除外（日本実体の証拠なし）,JAN45/49・日本語社名・日本法人格のいずれも無し,C: 第三者はいるが国内事業者ではない,規模未確認,なし,なし,,0,1,5475,B0D7C6VH4G,"Uwant 布団クリーナー 16Kpaの強力な吸引力 毎分たたき36,000回超高速拍打 超軽量 UV除菌 HEPAフィ",https://www.amazon.co.jp/dp/B0D7C6VH4G,https://www.google.com/search?q=uwant%20%E4%BC%9A%E7%A4%BE%E6%A6%82%E8%A6%81%20%E5%95%8F%E3%81%84%E5%90%88%E3%82%8F%E3%81%9B%20%E5%8D%B8,
wookiyyo,1,スポーツ＆アウトドア,除外（日本実体の証拠なし）,JAN45/49・日本語社名・日本法人格のいずれも無し,C: 第三者はいるが国内事業者ではない,規模未確認,なし,なし,,0,3,982,B0F12SXMQN,エアーポンプ 電動 空気入れ・空気抜き 携帯式エアーポンプ【5つのノズル＆ライト付＆収納袋付】USB充電式 超軽量 4K,https://www.amazon.co.jp/dp/B0F12SXMQN,https://www.google.com/search?q=wookiyyo%20%E4%BC%9A%E7%A4%BE%E6%A6%82%E8%A6%81%20%E5%95%8F%E3%81%84%E5%90%88%E3%82%8F%E3%81%9B%20%E5%8D%B8,
THREEKEY,5,家電＆カメラ,除外（日本実体の証拠なし）,JAN45/49・日本語社名・日本法人格のいずれも無し,D: 直営・系列店しかいない,規模未確認,なし,なし,,0,0,1552,B0DLSMH23R,THREEKEY マグセーフ充電器 Qi2・PSE公式認証 15W急速充電 両面マグネット式,https://www.amazon.co.jp/dp/B0DLSMH23R,https://www.google.com/search?q=THREEKEY%20%E4%BC%9A%E7%A4%BE%E6%A6%82%E8%A6%81%20%E5%95%8F%E3%81%84%E5%90%88%E3%82%8F%E3%81%9B%20%E5%8D%B8,
BESROY,4,ホーム＆キッチン,除外（日本実体の証拠なし）,JAN45/49・日本語社名・日本法人格のいずれも無し,D: 直営・系列店しかいない,規模未確認,なし,なし,,0,0,1396,B0D4LVMYNV,ブレンダー【20000rpm最速！氷も砕ける】離乳食・調理に ハンドミキサー 電動泡立て器 ハンドブレンダー フードプロ,https://www.amazon.co.jp/dp/B0D4LVMYNV,https://www.google.com/search?q=BESROY%20%E4%BC%9A%E7%A4%BE%E6%A6%82%E8%A6%81%20%E5%95%8F%E3%81%84%E5%90%88%E3%82%8F%E3%81%9B%20%E5%8D%B8,
Besecou,4,家電＆カメラ,除外（日本実体の証拠なし）,JAN45/49・日本語社名・日本法人格のいずれも無し,D: 直営・系列店しかいない,規模未確認,なし,なし,,0,0,1071,B0DXPY4X3C,スマホ 冷却ファン ペルチェ素子 【業界if設計受賞】 瞬間冷却 スマホクーラー 磁気式&クリップ式 凍結可能 USB給,https://www.amazon.co.jp/dp/B0DXPY4X3C,https://www.google.com/search?q=Besecou%20%E4%BC%9A%E7%A4%BE%E6%A6%82%E8%A6%81%20%E5%95%8F%E3%81%84%E5%90%88%E3%82%8F%E3%81%9B%20%E5%8D%B8,
Gimama,4,パソコン・周辺機器,除外（日本実体の証拠なし）,JAN45/49・日本語社名・日本法人格のいずれも無し,D: 直営・系列店しかいない,規模未確認,なし,なし,,0,0,1257,B0FY2QCK6R,Gimama カップウォーマー 【40℃～80℃設定、記憶機能付き】 コーヒーウォーマー 5段階温度 マグウォーマー,https://www.amazon.co.jp/dp/B0FY2QCK6R,https://www.google.com/search?q=Gimama%20%E4%BC%9A%E7%A4%BE%E6%A6%82%E8%A6%81%20%E5%95%8F%E3%81%84%E5%90%88%E3%82%8F%E3%81%9B%20%E5%8D%B8,
Hoxhyon,4,ホーム＆キッチン,除外（日本実体の証拠なし）,JAN45/49・日本語社名・日本法人格のいずれも無し,D: 直営・系列店しかいない,規模未確認,なし,なし,,0,0,2325,B0FM3NXDVN,Hoxhyon デスクライト LED クランプ式「PSE認証済」卓上ライト 電気スタンド 目に優しい デスクスタンド デ,https://www.amazon.co.jp/dp/B0FM3NXDVN,https://www.google.com/search?q=Hoxhyon%20%E4%BC%9A%E7%A4%BE%E6%A6%82%E8%A6%81%20%E5%95%8F%E3%81%84%E5%90%88%E3%82%8F%E3%81%9B%20%E5%8D%B8,
MACOO,4,家電＆カメラ,除外（日本実体の証拠なし）,JAN45/49・日本語社名・日本法人格のいずれも無し,D: 直営・系列店しかいない,規模未確認,なし,なし,,0,0,865,B0F4XKHRZX,MACOO 自撮り棒 magsafe【全方位360°回転・超強磁力】スマホスタンド 三脚 スマホ 磁気リング付き 最大1,https://www.amazon.co.jp/dp/B0F4XKHRZX,https://www.google.com/search?q=MACOO%20%E4%BC%9A%E7%A4%BE%E6%A6%82%E8%A6%81%20%E5%95%8F%E3%81%84%E5%90%88%E3%82%8F%E3%81%9B%20%E5%8D%B8,
CPWORLD,3,DIY・工具・ガーデン,除外（日本実体の証拠なし）,JAN45/49・日本語社名・日本法人格のいずれも無し,D: 直営・系列店しかいない,規模未確認,なし,なし,,0,0,958,B0FWC3YF3N,CPWORLD スチームアイロン【2026アップグレード版 超軽量】衣類スチーマー 小型 2段階スチーム量調節 ハンガー,https://www.amazon.co.jp/dp/B0FWC3YF3N,https://www.google.com/search?q=CPWORLD%20%E4%BC%9A%E7%A4%BE%E6%A6%82%E8%A6%81%20%E5%95%8F%E3%81%84%E5%90%88%E3%82%8F%E3%81%9B%20%E5%8D%B8,
Insta360,3,家電＆カメラ,除外（日本実体の証拠なし）,JAN45/49・日本語社名・日本法人格のいずれも無し,D: 直営・系列店しかいない,規模未確認,なし,なし,,0,0,10233,B0DPKV8LP7,Insta360 Flow 2 Pro グレー - 業界初のAI搭載スマホジンバル（Apple DockKit対応）、画,https://www.amazon.co.jp/dp/B0DPKV8LP7,https://www.google.com/search?q=Insta360%20%E4%BC%9A%E7%A4%BE%E6%A6%82%E8%A6%81%20%E5%95%8F%E3%81%84%E5%90%88%E3%82%8F%E3%81%9B%20%E5%8D%B8,
Vulmoon,3,ファッション,除外（日本実体の証拠なし）,JAN45/49・日本語社名・日本法人格のいずれも無し,D: 直営・系列店しかいない,規模未確認,なし,なし,,0,0,1268,B0GK74QRS9,[Vulmoon] ショルダーバッグ メンズ おしゃれ ボディバッグ 傘やボトル 収納 大容量 スキミング防止 防水 軽,https://www.amazon.co.jp/dp/B0GK74QRS9,https://www.google.com/search?q=Vulmoon%20%E4%BC%9A%E7%A4%BE%E6%A6%82%E8%A6%81%20%E5%95%8F%E3%81%84%E5%90%88%E3%82%8F%E3%81%9B%20%E5%8D%B8,
Ailewu,2,家電＆カメラ,除外（日本実体の証拠なし）,JAN45/49・日本語社名・日本法人格のいずれも無し,D: 直営・系列店しかいない,規模未確認,なし,なし,,0,0,627,B0B93NSQ3H,自撮り棒 【業界初売りミニ、安定モデル】スマホスタンド 三脚 スマホ デジカメ兼用 じどり棒 iphone&androi,https://www.amazon.co.jp/dp/B0B93NSQ3H,https://www.google.com/search?q=Ailewu%20%E4%BC%9A%E7%A4%BE%E6%A6%82%E8%A6%81%20%E5%95%8F%E3%81%84%E5%90%88%E3%82%8F%E3%81%9B%20%E5%8D%B8,
Avylet,2,車＆バイク,除外（日本実体の証拠なし）,JAN45/49・日本語社名・日本法人格のいずれも無し,D: 直営・系列店しかいない,規模未確認,なし,なし,,0,0,4056,B0D1FVG5VF,Avylet ドライブレコーダー 2K 1440P 小型 ドラレコ 車載カメラ フロントカメラ WiFi付き スマホ連携,https://www.amazon.co.jp/dp/B0D1FVG5VF,https://www.google.com/search?q=Avylet%20%E4%BC%9A%E7%A4%BE%E6%A6%82%E8%A6%81%20%E5%95%8F%E3%81%84%E5%90%88%E3%82%8F%E3%81%9B%20%E5%8D%B8,
Beanet,2,ホーム＆キッチン,除外（日本実体の証拠なし）,JAN45/49・日本語社名・日本法人格のいずれも無し,D: 直営・系列店しかいない,規模未確認,なし,なし,,0,0,2081,B0CZ3L2DKP,BeaNet デスクライト LED 「無線リモコン・ダブル光源・幅800mm・24W・2000Lx」 5段階調光調色 電,https://www.amazon.co.jp/dp/B0CZ3L2DKP,https://www.google.com/search?q=Beanet%20%E4%BC%9A%E7%A4%BE%E6%A6%82%E8%A6%81%20%E5%95%8F%E3%81%84%E5%90%88%E3%82%8F%E3%81%9B%20%E5%8D%B8,
BeeTool,2,ホーム＆キッチン,除外（日本実体の証拠なし）,JAN45/49・日本語社名・日本法人格のいずれも無し,D: 直営・系列店しかいない,規模未確認,なし,なし,,0,0,1588,B0GK7RT83H,BeeTool 業界初 ハンディクリーナー 40000Pa 強力吸引力 2種吸引モード＆ディスプレイ搭載＆2種照明ライト,https://www.amazon.co.jp/dp/B0GK7RT83H,https://www.google.com/search?q=BeeTool%20%E4%BC%9A%E7%A4%BE%E6%A6%82%E8%A6%81%20%E5%95%8F%E3%81%84%E5%90%88%E3%82%8F%E3%81%9B%20%E5%8D%B8,
COMEDYKING,2,ホーム＆キッチン,除外（日本実体の証拠なし）,JAN45/49・日本語社名・日本法人格のいずれも無し,D: 直営・系列店しかいない,規模未確認,なし,なし,,0,0,5173,B0DSZJRWKX,COMEDYKING EMS ピロー 【日本で人気！5つ機能付き】 リモコン付き 簡単操作 PC作業 テレワーク 運動 ,https://www.amazon.co.jp/dp/B0DSZJRWKX,https://www.google.com/search?q=COMEDYKING%20%E4%BC%9A%E7%A4%BE%E6%A6%82%E8%A6%81%20%E5%95%8F%E3%81%84%E5%90%88%E3%82%8F%E3%81%9B%20%E5%8D%B8,
Fodalum,2,家電＆カメラ,除外（日本実体の証拠なし）,JAN45/49・日本語社名・日本法人格のいずれも無し,D: 直営・系列店しかいない,規模未確認,なし,なし,,0,0,583,B0FB9PCRH2,スマホ 三脚 ハンドル直径は35mmです自撮り棒 iphone 軽量 安定感があり ぐらつかない じどり棒 展開時の高さ,https://www.amazon.co.jp/dp/B0FB9PCRH2,https://www.google.com/search?q=Fodalum%20%E4%BC%9A%E7%A4%BE%E6%A6%82%E8%A6%81%20%E5%95%8F%E3%81%84%E5%90%88%E3%82%8F%E3%81%9B%20%E5%8D%B8,
HOUOA,2,家電＆カメラ,除外（日本実体の証拠なし）,JAN45/49・日本語社名・日本法人格のいずれも無し,D: 直営・系列店しかいない,規模未確認,なし,なし,,0,0,1108,B0D9QRDCFL,HOUOA ワイヤレス充電器 Magsafe充電器 3in1 マグネット式 マグセーフ充電器 Qi急速充電 同時に3つの,https://www.amazon.co.jp/dp/B0D9QRDCFL,https://www.google.com/search?q=HOUOA%20%E4%BC%9A%E7%A4%BE%E6%A6%82%E8%A6%81%20%E5%95%8F%E3%81%84%E5%90%88%E3%82%8F%E3%81%9B%20%E5%8D%B8,
Iosare,2,ホーム＆キッチン,除外（日本実体の証拠なし）,JAN45/49・日本語社名・日本法人格のいずれも無し,D: 直営・系列店しかいない,規模未確認,なし,なし,,0,0,2406,B0G4MPKHXQ,【2026新登場】掃除機 コードレス 25000pa超強力吸引 ハンディスティックク 超軽量 リーナー vacuum c,https://www.amazon.co.jp/dp/B0G4MPKHXQ,https://www.google.com/search?q=Iosare%20%E4%BC%9A%E7%A4%BE%E6%A6%82%E8%A6%81%20%E5%95%8F%E3%81%84%E5%90%88%E3%82%8F%E3%81%9B%20%E5%8D%B8,
KIUP,2,DIY・工具・ガーデン,除外（日本実体の証拠なし）,JAN45/49・日本語社名・日本法人格のいずれも無し,D: 直営・系列店しかいない,規模未確認,なし,なし,,0,0,927,B0CGX5H5ZG,【日本製センサー搭載＆秋冬キャンプに最適】一酸化炭素チェッカー キャンプ用 日本語音声放送 一酸化炭素警報器 COアラー,https://www.amazon.co.jp/dp/B0CGX5H5ZG,https://www.google.com/search?q=KIUP%20%E4%BC%9A%E7%A4%BE%E6%A6%82%E8%A6%81%20%E5%95%8F%E3%81%84%E5%90%88%E3%82%8F%E3%81%9B%20%E5%8D%B8,
Klszear,2,パソコン・周辺機器,除外（日本実体の証拠なし）,JAN45/49・日本語社名・日本法人格のいずれも無し,D: 直営・系列店しかいない,規模未確認,なし,なし,,0,0,366,B0DXFDBDVV,Type C to ライトニング 変換 アダプタ 【2026新登場】USB C 変換 イヤホン 変換ケーブル 3in1 ,https://www.amazon.co.jp/dp/B0DXFDBDVV,https://www.google.com/search?q=Klszear%20%E4%BC%9A%E7%A4%BE%E6%A6%82%E8%A6%81%20%E5%95%8F%E3%81%84%E5%90%88%E3%82%8F%E3%81%9B%20%E5%8D%B8,
Negolas,2,家電＆カメラ,除外（日本実体の証拠なし）,JAN45/49・日本語社名・日本法人格のいずれも無し,D: 直営・系列店しかいない,規模未確認,なし,なし,,0,0,543,B09WQVRGLN,スマホ 三脚 iphone用 Bluetoothリモコン付き 3WAY雲台 4段階伸縮 最大長さ130cm 360°回転,https://www.amazon.co.jp/dp/B09WQVRGLN,https://www.google.com/search?q=Negolas%20%E4%BC%9A%E7%A4%BE%E6%A6%82%E8%A6%81%20%E5%95%8F%E3%81%84%E5%90%88%E3%82%8F%E3%81%9B%20%E5%8D%B8,
Pursay,2,ホーム＆キッチン,除外（日本実体の証拠なし）,JAN45/49・日本語社名・日本法人格のいずれも無し,D: 直営・系列店しかいない,規模未確認,なし,なし,,0,0,3203,B0FFBBXSQV,衣類スチーマー Pursay かけたまま スチームアイロン 100-240V 海外対応【濡れずにすぐに着られる×大量超微,https://www.amazon.co.jp/dp/B0FFBBXSQV,https://www.google.com/search?q=Pursay%20%E4%BC%9A%E7%A4%BE%E6%A6%82%E8%A6%81%20%E5%95%8F%E3%81%84%E5%90%88%E3%82%8F%E3%81%9B%20%E5%8D%B8,
SSYFEI,2,ホーム＆キッチン,除外（日本実体の証拠なし）,JAN45/49・日本語社名・日本法人格のいずれも無し,D: 直営・系列店しかいない,規模未確認,なし,なし,,0,0,1449,B0CG18ZM6J,SSYFEI 電気ケトル 1.0L【1000W急速沸騰・デジタル表示】7段階温度調節 4時間保温 二重構造で熱くない メ,https://www.amazon.co.jp/dp/B0CG18ZM6J,https://www.google.com/search?q=SSYFEI%20%E4%BC%9A%E7%A4%BE%E6%A6%82%E8%A6%81%20%E5%95%8F%E3%81%84%E5%90%88%E3%82%8F%E3%81%9B%20%E5%8D%B8,
TOPADRE,2,家電＆カメラ,除外（日本実体の証拠なし）,JAN45/49・日本語社名・日本法人格のいずれも無し,D: 直営・系列店しかいない,規模未確認,なし,なし,,0,0,1545,B0CR9KFGPX,TOPADRE 140W 急速充電器 PD タイプ c 充電器【100W Max*USB-C*3＋USB-A*2+ディス,https://www.amazon.co.jp/dp/B0CR9KFGPX,https://www.google.com/search?q=TOPADRE%20%E4%BC%9A%E7%A4%BE%E6%A6%82%E8%A6%81%20%E5%95%8F%E3%81%84%E5%90%88%E3%82%8F%E3%81%9B%20%E5%8D%B8,
TRAOO,2,パソコン・周辺機器,除外（日本実体の証拠なし）,JAN45/49・日本語社名・日本法人格のいずれも無し,D: 直営・系列店しかいない,規模未確認,なし,なし,,0,0,254,B0DCFFYV6Z,カードリーダー【2026新モデル MFi認証品】 SDカードリーダー Lightning/Type Cメモリカードリーダ,https://www.amazon.co.jp/dp/B0DCFFYV6Z,https://www.google.com/search?q=TRAOO%20%E4%BC%9A%E7%A4%BE%E6%A6%82%E8%A6%81%20%E5%95%8F%E3%81%84%E5%90%88%E3%82%8F%E3%81%9B%20%E5%8D%B8,
Tibnozt,2,ホーム＆キッチン,除外（日本実体の証拠なし）,JAN45/49・日本語社名・日本法人格のいずれも無し,D: 直営・系列店しかいない,規模未確認,なし,なし,,0,0,3090,B0G5PXZ8ND,Tibnozt EMS ヘッドスパ 電動頭皮ブラシ IPX7防水 3D振動 広範囲赤色LED 頭皮エステ スカルプケア ,https://www.amazon.co.jp/dp/B0G5PXZ8ND,https://www.google.com/search?q=Tibnozt%20%E4%BC%9A%E7%A4%BE%E6%A6%82%E8%A6%81%20%E5%95%8F%E3%81%84%E5%90%88%E3%82%8F%E3%81%9B%20%E5%8D%B8,
Topcony,2,ベビー＆マタニティ,除外（日本実体の証拠なし）,JAN45/49・日本語社名・日本法人格のいずれも無し,D: 直営・系列店しかいない,規模未確認,なし,なし,,0,0,2911,B0C65VG6VZ,Topcony ペットカメラ 800万画素 4Ｋ 2.4と5GhzWiFi対応 iPhone/Android 室内防犯カ,https://www.amazon.co.jp/dp/B0C65VG6VZ,https://www.google.com/search?q=Topcony%20%E4%BC%9A%E7%A4%BE%E6%A6%82%E8%A6%81%20%E5%95%8F%E3%81%84%E5%90%88%E3%82%8F%E3%81%9B%20%E5%8D%B8,
Yaotin,2,ホーム＆キッチン,除外（日本実体の証拠なし）,JAN45/49・日本語社名・日本法人格のいずれも無し,D: 直営・系列店しかいない,規模未確認,なし,なし,,0,0,4100,B0GCNXP689,集音器 高齢者 しゅうおんき【2026進化版！革命的なデジタルチップ&高性能BA型スピーカー搭載！無段階音量調整】35倍,https://www.amazon.co.jp/dp/B0GCNXP689,https://www.google.com/search?q=Yaotin%20%E4%BC%9A%E7%A4%BE%E6%A6%82%E8%A6%81%20%E5%95%8F%E3%81%84%E5%90%88%E3%82%8F%E3%81%9B%20%E5%8D%B8,
ZRZK,2,家電＆カメラ,除外（日本実体の証拠なし）,JAN45/49・日本語社名・日本法人格のいずれも無し,D: 直営・系列店しかいない,規模未確認,なし,なし,,0,0,713,B0FZKBS563,【巻き取り式・タイプc 2本+Lightning 】ZRZK シガーソケット 車 充電器 巻き取り式充電ケーブル 4台同,https://www.amazon.co.jp/dp/B0FZKBS563,https://www.google.com/search?q=ZRZK%20%E4%BC%9A%E7%A4%BE%E6%A6%82%E8%A6%81%20%E5%95%8F%E3%81%84%E5%90%88%E3%82%8F%E3%81%9B%20%E5%8D%B8,
ZVZHM,2,パソコン・周辺機器,除外（日本実体の証拠なし）,JAN45/49・日本語社名・日本法人格のいずれも無し,D: 直営・系列店しかいない,規模未確認,なし,なし,,0,0,537,B0F1SVFN8M,HDMI キャプチャーボード Switch/UVC対応 4K@30Hz 4K入力＆1080P出力 Type C&USB ,https://www.amazon.co.jp/dp/B0F1SVFN8M,https://www.google.com/search?q=ZVZHM%20%E4%BC%9A%E7%A4%BE%E6%A6%82%E8%A6%81%20%E5%95%8F%E3%81%84%E5%90%88%E3%82%8F%E3%81%9B%20%E5%8D%B8,
basemax,2,車＆バイク,除外（日本実体の証拠なし）,JAN45/49・日本語社名・日本法人格のいずれも無し,D: 直営・系列店しかいない,規模未確認,なし,なし,,0,0,437,B0FHWKR1J1,【新登場】 ハンディクリーナー コードレス 強力吸引力 【吹き飛ぶ/吸い込む/空気入れ/空気抜き】 車用掃除機 4WAY,https://www.amazon.co.jp/dp/B0FHWKR1J1,https://www.google.com/search?q=basemax%20%E4%BC%9A%E7%A4%BE%E6%A6%82%E8%A6%81%20%E5%95%8F%E3%81%84%E5%90%88%E3%82%8F%E3%81%9B%20%E5%8D%B8,
nimin,2,車＆バイク,除外（日本実体の証拠なし）,JAN45/49・日本語社名・日本法人格のいずれも無し,D: 直営・系列店しかいない,規模未確認,なし,なし,,0,0,3013,B0FYPX1NSF,Nimin 水なし アロマディフューザー 車用 ディフューザー 芳香剤 コードレス 充電式 車載 卓上 兼用,https://www.amazon.co.jp/dp/B0FYPX1NSF,https://www.google.com/search?q=nimin%20%E4%BC%9A%E7%A4%BE%E6%A6%82%E8%A6%81%20%E5%95%8F%E3%81%84%E5%90%88%E3%82%8F%E3%81%9B%20%E5%8D%B8,
AIZEO,1,車＆バイク,除外（日本実体の証拠なし）,JAN45/49・日本語社名・日本法人格のいずれも無し,D: 直営・系列店しかいない,規模未確認,なし,なし,,0,0,2464,B0FX4LBTH4,AIZEO【2026新型2in1モデル 】MINI CarPlay＆AndroidAuto ワイヤレス アダプター「サイ,https://www.amazon.co.jp/dp/B0FX4LBTH4,https://www.google.com/search?q=AIZEO%20%E4%BC%9A%E7%A4%BE%E6%A6%82%E8%A6%81%20%E5%95%8F%E3%81%84%E5%90%88%E3%82%8F%E3%81%9B%20%E5%8D%B8,
ARVAS,1,産業・研究開発用品,除外（日本実体の証拠なし）,JAN45/49・日本語社名・日本法人格のいずれも無し,D: 直営・系列店しかいない,規模未確認,なし,なし,,0,0,4174,B0DZ6159MX,2025 台車 折り畳み 軽量 耐荷重250kg 樹脂大天板 業務用 運搬台車 コンパクト ミニ キャリーカート コンパ,https://www.amazon.co.jp/dp/B0DZ6159MX,https://www.google.com/search?q=ARVAS%20%E4%BC%9A%E7%A4%BE%E6%A6%82%E8%A6%81%20%E5%95%8F%E3%81%84%E5%90%88%E3%82%8F%E3%81%9B%20%E5%8D%B8,
Arkmoon,1,スポーツ＆アウトドア,除外（日本実体の証拠なし）,JAN45/49・日本語社名・日本法人格のいずれも無し,D: 直営・系列店しかいない,規模未確認,なし,なし,,0,0,599,B0G6X4YBV1,【いつでもどこでもダイエットできる】Arkmoon トレーニングチューブ 全身対応・滑り止め付き・高弾力・高耐久・強度別,https://www.amazon.co.jp/dp/B0G6X4YBV1,https://www.google.com/search?q=Arkmoon%20%E4%BC%9A%E7%A4%BE%E6%A6%82%E8%A6%81%20%E5%95%8F%E3%81%84%E5%90%88%E3%82%8F%E3%81%9B%20%E5%8D%B8,
BTIHCEUOT,1,DIY・工具・ガーデン,除外（日本実体の証拠なし）,JAN45/49・日本語社名・日本法人格のいずれも無し,D: 直営・系列店しかいない,規模未確認,なし,なし,,0,0,986,B0GGNRS69S,エアダスター 電動エアダスター ブロワー ブロアー超強力300000RPM高速回転 最大風速150m/s 無段階風量調整,https://www.amazon.co.jp/dp/B0GGNRS69S,https://www.google.com/search?q=BTIHCEUOT%20%E4%BC%9A%E7%A4%BE%E6%A6%82%E8%A6%81%20%E5%95%8F%E3%81%84%E5%90%88%E3%82%8F%E3%81%9B%20%E5%8D%B8,
Biyoso,1,家電＆カメラ,除外（日本実体の証拠なし）,JAN45/49・日本語社名・日本法人格のいずれも無し,D: 直営・系列店しかいない,規模未確認,なし,なし,,0,0,903,B0G2G8ZGYQ,双眼鏡【IFデザイン賞受賞】双眼鏡 ライブ用 20倍 防振 オペラグラス 天空席 ディテールを明瞭に捉えます【SPIE光,https://www.amazon.co.jp/dp/B0G2G8ZGYQ,https://www.google.com/search?q=Biyoso%20%E4%BC%9A%E7%A4%BE%E6%A6%82%E8%A6%81%20%E5%95%8F%E3%81%84%E5%90%88%E3%82%8F%E3%81%9B%20%E5%8D%B8,
Bulonchi,1,ホーム＆キッチン,除外（日本実体の証拠なし）,JAN45/49・日本語社名・日本法人格のいずれも無し,D: 直営・系列店しかいない,規模未確認,なし,なし,,0,0,2411,B0F7LHL13N,2026最強爆風 体感-21℃ 50000mAh 36V超高出力 空調作業服 ファンバッテリーセット PSE認証済 業界,https://www.amazon.co.jp/dp/B0F7LHL13N,https://www.google.com/search?q=Bulonchi%20%E4%BC%9A%E7%A4%BE%E6%A6%82%E8%A6%81%20%E5%95%8F%E3%81%84%E5%90%88%E3%82%8F%E3%81%9B%20%E5%8D%B8,
Flirva,1,車＆バイク,除外（日本実体の証拠なし）,JAN45/49・日本語社名・日本法人格のいずれも無し,D: 直営・系列店しかいない,規模未確認,なし,なし,,0,0,4602,B0F26H7NL6,Flirva 車 アロマディフューザー 充電式 コードレス 自動感知 PSE認証済 ホワイトムスク系（3種類の香り）9ヶ,https://www.amazon.co.jp/dp/B0F26H7NL6,https://www.google.com/search?q=Flirva%20%E4%BC%9A%E7%A4%BE%E6%A6%82%E8%A6%81%20%E5%95%8F%E3%81%84%E5%90%88%E3%82%8F%E3%81%9B%20%E5%8D%B8,
Flomep,1,スポーツ＆アウトドア,除外（日本実体の証拠なし）,JAN45/49・日本語社名・日本法人格のいずれも無し,D: 直営・系列店しかいない,規模未確認,なし,なし,,0,0,863,B0GLQ2X652,Flomep【2026年新モデル】筋トレグッズ アームバー エキスパンダー 胸筋トレーニング器具 3段調節可能(30-6,https://www.amazon.co.jp/dp/B0GLQ2X652,https://www.google.com/search?q=Flomep%20%E4%BC%9A%E7%A4%BE%E6%A6%82%E8%A6%81%20%E5%95%8F%E3%81%84%E5%90%88%E3%82%8F%E3%81%9B%20%E5%8D%B8,
Foxkoo,1,ホーム＆キッチン,除外（日本実体の証拠なし）,JAN45/49・日本語社名・日本法人格のいずれも無し,D: 直営・系列店しかいない,規模未確認,なし,なし,,0,0,1490,B0GKDJ4K1Q,FOXKOO シェーバー レディース 【2in1 ダブルヘッド】 メンズ 電動シェーバー 全身シェーバー 脇毛 ムダ毛処,https://www.amazon.co.jp/dp/B0GKDJ4K1Q,https://www.google.com/search?q=Foxkoo%20%E4%BC%9A%E7%A4%BE%E6%A6%82%E8%A6%81%20%E5%95%8F%E3%81%84%E5%90%88%E3%82%8F%E3%81%9B%20%E5%8D%B8,
GOBOT,1,ホーム＆キッチン,除外（日本実体の証拠なし）,JAN45/49・日本語社名・日本法人格のいずれも無し,D: 直営・系列店しかいない,規模未確認,なし,なし,,0,0,3629,B0BYYRBTYJ,GOBOT 電動モップ コードレス回転モップクリーナー 軽量化 回転モップ 1台4役 水噴射 モップクリーナー 200回,https://www.amazon.co.jp/dp/B0BYYRBTYJ,https://www.google.com/search?q=GOBOT%20%E4%BC%9A%E7%A4%BE%E6%A6%82%E8%A6%81%20%E5%95%8F%E3%81%84%E5%90%88%E3%82%8F%E3%81%9B%20%E5%8D%B8,
Gumsry,1,パソコン・周辺機器,除外（日本実体の証拠なし）,JAN45/49・日本語社名・日本法人格のいずれも無し,D: 直営・系列店しかいない,規模未確認,なし,なし,,0,0,845,B0GHMDW1ZN,Bluetooth 6.0 Gumsry USB アダプタ USB-A コネクタ搭載 低遅延 長距離通信 30m 対応 ,https://www.amazon.co.jp/dp/B0GHMDW1ZN,https://www.google.com/search?q=Gumsry%20%E4%BC%9A%E7%A4%BE%E6%A6%82%E8%A6%81%20%E5%95%8F%E3%81%84%E5%90%88%E3%82%8F%E3%81%9B%20%E5%8D%B8,
Headwolf,1,パソコン・周辺機器,除外（日本実体の証拠なし）,JAN45/49・日本語社名・日本法人格のいずれも無し,D: 直営・系列店しかいない,規模未確認,なし,なし,,0,0,11099,B0GJ3S68KD,Android 16 タブレット 11インチ Wi-Fiモデル Headwolf WPad7、In-Cell 1920x,https://www.amazon.co.jp/dp/B0GJ3S68KD,https://www.google.com/search?q=Headwolf%20%E4%BC%9A%E7%A4%BE%E6%A6%82%E8%A6%81%20%E5%95%8F%E3%81%84%E5%90%88%E3%82%8F%E3%81%9B%20%E5%8D%B8,
KJKD,1,家電＆カメラ,除外（日本実体の証拠なし）,JAN45/49・日本語社名・日本法人格のいずれも無し,D: 直営・系列店しかいない,規模未確認,なし,なし,,0,0,3376,B0FP294GLY,【2026最新ChatGPT&AI文字盤】 KJKD L1スマートウォッチ常時表示 AMOLED 1.5時間充電 iPh,https://www.amazon.co.jp/dp/B0FP294GLY,https://www.google.com/search?q=KJKD%20%E4%BC%9A%E7%A4%BE%E6%A6%82%E8%A6%81%20%E5%95%8F%E3%81%84%E5%90%88%E3%82%8F%E3%81%9B%20%E5%8D%B8,
KOJIHOMU,1,DIY・工具・ガーデン,除外（日本実体の証拠なし）,JAN45/49・日本語社名・日本法人格のいずれも無し,D: 直営・系列店しかいない,規模未確認,なし,なし,,0,0,6534,B0FQNVNYMP,KOJIHOMU エアダスター 洗車 【爆風165m/s・12000mAh】ブロワー アルミ合金 超強力 電動 3500,https://www.amazon.co.jp/dp/B0FQNVNYMP,https://www.google.com/search?q=KOJIHOMU%20%E4%BC%9A%E7%A4%BE%E6%A6%82%E8%A6%81%20%E5%95%8F%E3%81%84%E5%90%88%E3%82%8F%E3%81%9B%20%E5%8D%B8,
Keculbo,1,家電＆カメラ,除外（日本実体の証拠なし）,JAN45/49・日本語社名・日本法人格のいずれも無し,D: 直営・系列店しかいない,規模未確認,なし,なし,,0,0,5501,B0GL852YPJ,Keculboデジカメ 5K 75MP デジタルカメラWIFI スマホに送れるオートフォーカス3.0インチ180度回転画,https://www.amazon.co.jp/dp/B0GL852YPJ,https://www.google.com/search?q=Keculbo%20%E4%BC%9A%E7%A4%BE%E6%A6%82%E8%A6%81%20%E5%95%8F%E3%81%84%E5%90%88%E3%82%8F%E3%81%9B%20%E5%8D%B8,
LEKGAVD,1,ホーム＆キッチン,除外（日本実体の証拠なし）,JAN45/49・日本語社名・日本法人格のいずれも無し,D: 直営・系列店しかいない,規模未確認,なし,なし,,0,0,4023,B0G6JF9MRK,掃除機 コードレス 軽量【85KPa超強力吸引・0.5kg超軽量】収納スタンド付き コードレス掃除機 45分連続稼働 ハ,https://www.amazon.co.jp/dp/B0G6JF9MRK,https://www.google.com/search?q=LEKGAVD%20%E4%BC%9A%E7%A4%BE%E6%A6%82%E8%A6%81%20%E5%95%8F%E3%81%84%E5%90%88%E3%82%8F%E3%81%9B%20%E5%8D%B8,
LISEN,1,家電＆カメラ,除外（日本実体の証拠なし）,JAN45/49・日本語社名・日本法人格のいずれも無し,D: 直営・系列店しかいない,規模未確認,なし,なし,,0,0,2613,B0FY33K77X,LISEN 2026新版【Qi2認証 25W急速充電】magsafe 車載ホルダー 冷却ファン内蔵 ワイヤレス充電器,https://www.amazon.co.jp/dp/B0FY33K77X,https://www.google.com/search?q=LISEN%20%E4%BC%9A%E7%A4%BE%E6%A6%82%E8%A6%81%20%E5%95%8F%E3%81%84%E5%90%88%E3%82%8F%E3%81%9B%20%E5%8D%B8,
Lyridz,1,ホーム＆キッチン,除外（日本実体の証拠なし）,JAN45/49・日本語社名・日本法人格のいずれも無し,D: 直営・系列店しかいない,規模未確認,なし,なし,,0,0,859,B0BLZ3LMV7,Lyridz センサーライト 室内 足元灯 コンセント 常夜灯 人感センサー 明暗センサー LEDフットライト (電球色,https://www.amazon.co.jp/dp/B0BLZ3LMV7,https://www.google.com/search?q=Lyridz%20%E4%BC%9A%E7%A4%BE%E6%A6%82%E8%A6%81%20%E5%95%8F%E3%81%84%E5%90%88%E3%82%8F%E3%81%9B%20%E5%8D%B8,
Mankiw,1,パソコン・周辺機器,除外（日本実体の証拠なし）,JAN45/49・日本語社名・日本法人格のいずれも無し,D: 直営・系列店しかいない,規模未確認,なし,なし,,0,0,2000,B0G6K476N4,【超低遅延20ms・軽量220g】ゲーミングヘッドセット PS5・PC対応 4WAY接続 ワイヤレス 2.4G USB/,https://www.amazon.co.jp/dp/B0G6K476N4,https://www.google.com/search?q=Mankiw%20%E4%BC%9A%E7%A4%BE%E6%A6%82%E8%A6%81%20%E5%95%8F%E3%81%84%E5%90%88%E3%82%8F%E3%81%9B%20%E5%8D%B8,
Mtricpop,1,家電＆カメラ,除外（日本実体の証拠なし）,JAN45/49・日本語社名・日本法人格のいずれも無し,D: 直営・系列店しかいない,規模未確認,なし,なし,,0,0,602,B0BYJD8R3K,スマホ 三脚 自撮り棒 長い 180cm以上 スマホスタンド 【設計強化180cm & 充電式リモコン】1/4ネジ付き ,https://www.amazon.co.jp/dp/B0BYJD8R3K,https://www.google.com/search?q=Mtricpop%20%E4%BC%9A%E7%A4%BE%E6%A6%82%E8%A6%81%20%E5%95%8F%E3%81%84%E5%90%88%E3%82%8F%E3%81%9B%20%E5%8D%B8,
NIMASO,1,家電＆カメラ,除外（日本実体の証拠なし）,JAN45/49・日本語社名・日本法人格のいずれも無し,D: 直営・系列店しかいない,規模未確認,なし,なし,,0,0,734,B0D963S24J,NIMASO アンチグレア iPhone 16 Pro Max用 ガラスフィルム 全面保護 反射防止 黒縁あり 指紋防止,https://www.amazon.co.jp/dp/B0D963S24J,https://www.google.com/search?q=NIMASO%20%E4%BC%9A%E7%A4%BE%E6%A6%82%E8%A6%81%20%E5%95%8F%E3%81%84%E5%90%88%E3%82%8F%E3%81%9B%20%E5%8D%B8,
Natsumi,1,DIY・工具・ガーデン,除外（日本実体の証拠なし）,JAN45/49・日本語社名・日本法人格のいずれも無し,D: 直営・系列店しかいない,規模未確認,なし,なし,,0,0,4723,B0F6N6Z74S,コードレス チェーンソー 電動 強力 充電式チェーンソー 12インチ ブラシレスモーター マキタ18Vバッテリー対応可能,https://www.amazon.co.jp/dp/B0F6N6Z74S,https://www.google.com/search?q=Natsumi%20%E4%BC%9A%E7%A4%BE%E6%A6%82%E8%A6%81%20%E5%95%8F%E3%81%84%E5%90%88%E3%82%8F%E3%81%9B%20%E5%8D%B8,
Perixx,1,パソコン・周辺機器,除外（日本実体の証拠なし）,JAN45/49・日本語社名・日本法人格のいずれも無し,D: 直営・系列店しかいない,規模未確認,なし,なし,,0,0,2262,B0FDKY1CD1,Perixx PERIPAD-706B ワイヤレス外付けタッチパッド Bluetooth/2.4Gでマルチデバイスを3台,https://www.amazon.co.jp/dp/B0FDKY1CD1,https://www.google.com/search?q=Perixx%20%E4%BC%9A%E7%A4%BE%E6%A6%82%E8%A6%81%20%E5%95%8F%E3%81%84%E5%90%88%E3%82%8F%E3%81%9B%20%E5%8D%B8,
QIIZCP,1,家電＆カメラ,除外（日本実体の証拠なし）,JAN45/49・日本語社名・日本法人格のいずれも無し,D: 直営・系列店しかいない,規模未確認,なし,なし,,0,0,631,B0C8NHT1MB,HDMI ミラーキャスト Anycast対応 正規品 4K/1080P ミラーリング接続 モード切り替え不要 大画面で楽,https://www.amazon.co.jp/dp/B0C8NHT1MB,https://www.google.com/search?q=QIIZCP%20%E4%BC%9A%E7%A4%BE%E6%A6%82%E8%A6%81%20%E5%95%8F%E3%81%84%E5%90%88%E3%82%8F%E3%81%9B%20%E5%8D%B8,
RUOEVA,1,家電＆カメラ,除外（日本実体の証拠なし）,JAN45/49・日本語社名・日本法人格のいずれも無し,D: 直営・系列店しかいない,規模未確認,なし,なし,,0,0,534,B0FC1N4NCS,Bluetooth ヘッドセット 片耳 ワイヤレス イヤホン Bluetooth 5.4 Hi-Fi音の質増強 ブルート,https://www.amazon.co.jp/dp/B0FC1N4NCS,https://www.google.com/search?q=RUOEVA%20%E4%BC%9A%E7%A4%BE%E6%A6%82%E8%A6%81%20%E5%95%8F%E3%81%84%E5%90%88%E3%82%8F%E3%81%9B%20%E5%8D%B8,
Svoko,1,DIY・工具・ガーデン,除外（日本実体の証拠なし）,JAN45/49・日本語社名・日本法人格のいずれも無し,D: 直営・系列店しかいない,規模未確認,なし,なし,,0,0,504,B0FM755J63,懐中電灯 強力 【2026 最新の進化・超高輝度 小型 LEDライト】フラッシュライト Type-C充電式/電池式/ 5,https://www.amazon.co.jp/dp/B0FM755J63,https://www.google.com/search?q=Svoko%20%E4%BC%9A%E7%A4%BE%E6%A6%82%E8%A6%81%20%E5%95%8F%E3%81%84%E5%90%88%E3%82%8F%E3%81%9B%20%E5%8D%B8,
TAREASS,1,ホーム＆キッチン,除外（日本実体の証拠なし）,JAN45/49・日本語社名・日本法人格のいずれも無し,D: 直営・系列店しかいない,規模未確認,なし,なし,,0,0,2612,B0DZ1T51KS,除湿機 小型【2026梅雨対策・強力除湿・省エネ】衣類乾燥除湿機 除湿器 ダブルぺルチェ式 強力 じょしつき 24時間切,https://www.amazon.co.jp/dp/B0DZ1T51KS,https://www.google.com/search?q=TAREASS%20%E4%BC%9A%E7%A4%BE%E6%A6%82%E8%A6%81%20%E5%95%8F%E3%81%84%E5%90%88%E3%82%8F%E3%81%9B%20%E5%8D%B8,
TELESIN,1,家電＆カメラ,除外（日本実体の証拠なし）,JAN45/49・日本語社名・日本法人格のいずれも無し,D: 直営・系列店しかいない,規模未確認,なし,なし,,0,0,1451,B0CN99RD5L,TELESIN スマホネックレスマウント スマホ ネックホルダー 磁気マグネット 首掛けスマホホルダー iPhone対応,https://www.amazon.co.jp/dp/B0CN99RD5L,https://www.google.com/search?q=TELESIN%20%E4%BC%9A%E7%A4%BE%E6%A6%82%E8%A6%81%20%E5%95%8F%E3%81%84%E5%90%88%E3%82%8F%E3%81%9B%20%E5%8D%B8,
TORRAS,1,家電＆カメラ,除外（日本実体の証拠なし）,JAN45/49・日本語社名・日本法人格のいずれも無し,D: 直営・系列店しかいない,規模未確認,なし,なし,,0,0,1044,B0CSLXQZJ1,TORRAS スマホ 防水ケース 【2026新型！両面高機能】IPX8完全防水 水中タッチ対応 浮く設計 お風呂/海/プ,https://www.amazon.co.jp/dp/B0CSLXQZJ1,https://www.google.com/search?q=TORRAS%20%E4%BC%9A%E7%A4%BE%E6%A6%82%E8%A6%81%20%E5%95%8F%E3%81%84%E5%90%88%E3%82%8F%E3%81%9B%20%E5%8D%B8,
TOWOOZ,1,パソコン・周辺機器,除外（日本実体の証拠なし）,JAN45/49・日本語社名・日本法人格のいずれも無し,D: 直営・系列店しかいない,規模未確認,なし,なし,,0,0,1302,B0CZD4NGSD,TOWOOZ MacBook Air ケース13-13.6インチ M5/M4/M3/M2/M1チップ/13インチMacB,https://www.amazon.co.jp/dp/B0CZD4NGSD,https://www.google.com/search?q=TOWOOZ%20%E4%BC%9A%E7%A4%BE%E6%A6%82%E8%A6%81%20%E5%95%8F%E3%81%84%E5%90%88%E3%82%8F%E3%81%9B%20%E5%8D%B8,
Tarkins,1,スポーツ＆アウトドア,除外（日本実体の証拠なし）,JAN45/49・日本語社名・日本法人格のいずれも無し,D: 直営・系列店しかいない,規模未確認,なし,なし,,0,0,831,B0FPX5MHD3,[TARKINS] ハーフ インソール 【理学療法士推薦ｘpococe掲載ｘレッド•ドット賞受賞】 扁平足 インソール ,https://www.amazon.co.jp/dp/B0FPX5MHD3,https://www.google.com/search?q=Tarkins%20%E4%BC%9A%E7%A4%BE%E6%A6%82%E8%A6%81%20%E5%95%8F%E3%81%84%E5%90%88%E3%82%8F%E3%81%9B%20%E5%8D%B8,
Turelar,1,ホーム＆キッチン,除外（日本実体の証拠なし）,JAN45/49・日本語社名・日本法人格のいずれも無し,D: 直営・系列店しかいない,規模未確認,なし,なし,,0,0,1526,B0C2XZF3CG,Turelar ブレンダー ハンドブレンダー 15000回/分 離乳食に最適 氷も砕ける ハンドミキサー フードプロセッ,https://www.amazon.co.jp/dp/B0C2XZF3CG,https://www.google.com/search?q=Turelar%20%E4%BC%9A%E7%A4%BE%E6%A6%82%E8%A6%81%20%E5%95%8F%E3%81%84%E5%90%88%E3%82%8F%E3%81%9B%20%E5%8D%B8,
Twofox,1,車＆バイク,除外（日本実体の証拠なし）,JAN45/49・日本語社名・日本法人格のいずれも無し,D: 直営・系列店しかいない,規模未確認,なし,なし,,0,0,632,B0CT5C2KSX,スマホホルダー 車 スマホスタンド 直射日光を避ける 【2026年進化】 Twofox シリコン製スマホ車載ホルダー 全,https://www.amazon.co.jp/dp/B0CT5C2KSX,https://www.google.com/search?q=Twofox%20%E4%BC%9A%E7%A4%BE%E6%A6%82%E8%A6%81%20%E5%95%8F%E3%81%84%E5%90%88%E3%82%8F%E3%81%9B%20%E5%8D%B8,
Vulendu,1,家電＆カメラ,除外（日本実体の証拠なし）,JAN45/49・日本語社名・日本法人格のいずれも無し,D: 直営・系列店しかいない,規模未確認,なし,なし,,0,0,503,B0G2JYGKGJ,65W PD 急速充電器 type-c 【3台同時に急速充電・小型超軽量・PSE認証済】 usb コンセント usb c,https://www.amazon.co.jp/dp/B0G2JYGKGJ,https://www.google.com/search?q=Vulendu%20%E4%BC%9A%E7%A4%BE%E6%A6%82%E8%A6%81%20%E5%95%8F%E3%81%84%E5%90%88%E3%82%8F%E3%81%9B%20%E5%8D%B8,
WOOTNBA,1,家電＆カメラ,除外（日本実体の証拠なし）,JAN45/49・日本語社名・日本法人格のいずれも無し,D: 直営・系列店しかいない,規模未確認,なし,なし,,0,0,643,B0D5HQJWF8,Bluetooth ヘッドセット 片耳 左右耳兼用 IPX7防水 Bluetooth イヤホン V5.0 片耳 USB充,https://www.amazon.co.jp/dp/B0D5HQJWF8,https://www.google.com/search?q=WOOTNBA%20%E4%BC%9A%E7%A4%BE%E6%A6%82%E8%A6%81%20%E5%95%8F%E3%81%84%E5%90%88%E3%82%8F%E3%81%9B%20%E5%8D%B8,
XPPen,1,パソコン・周辺機器,除外（日本実体の証拠なし）,JAN45/49・日本語社名・日本法人格のいずれも無し,D: 直営・系列店しかいない,規模未確認,なし,なし,,0,0,1899,B0D961H424,XPPen ペンタブ 6インチ ペンタブレット 8個ショートカットキー 60°傾き検知機能搭載 充電不要ペン Deco ,https://www.amazon.co.jp/dp/B0D961H424,https://www.google.com/search?q=XPPen%20%E4%BC%9A%E7%A4%BE%E6%A6%82%E8%A6%81%20%E5%95%8F%E3%81%84%E5%90%88%E3%82%8F%E3%81%9B%20%E5%8D%B8,
YESRAMO,1,家電＆カメラ,除外（日本実体の証拠なし）,JAN45/49・日本語社名・日本法人格のいずれも無し,D: 直営・系列店しかいない,規模未確認,なし,なし,,0,0,5111,B0F1MXCGCQ,500万画像 防犯カメラ 屋外 ソーラー パネル分離設置型 左右355°上下90°首振り 配線工事不要 ワイヤレス/wi,https://www.amazon.co.jp/dp/B0F1MXCGCQ,https://www.google.com/search?q=YESRAMO%20%E4%BC%9A%E7%A4%BE%E6%A6%82%E8%A6%81%20%E5%95%8F%E3%81%84%E5%90%88%E3%82%8F%E3%81%9B%20%E5%8D%B8,
Yukimoto,1,ホーム＆キッチン,除外（日本実体の証拠なし）,JAN45/49・日本語社名・日本法人格のいずれも無し,D: 直営・系列店しかいない,規模未確認,なし,なし,,0,0,476,B0DYNSZH6S,枕 首が負担にならない 低反発 安眠 まくら 頭・首・肩を支える 中空設計 腕サポート pillow 低め 高め 二段階,https://www.amazon.co.jp/dp/B0DYNSZH6S,https://www.google.com/search?q=Yukimoto%20%E4%BC%9A%E7%A4%BE%E6%A6%82%E8%A6%81%20%E5%95%8F%E3%81%84%E5%90%88%E3%82%8F%E3%81%9B%20%E5%8D%B8,
ZAIDER,1,DIY・工具・ガーデン,除外（日本実体の証拠なし）,JAN45/49・日本語社名・日本法人格のいずれも無し,D: 直営・系列店しかいない,規模未確認,なし,なし,,0,0,3078,B0GQ8WVCC5,ZAIDER インターホン ワイヤレス 工事不要 ドアホン テレビドアホン カメラ付き 【双方向通話/自動録画】 赤外線,https://www.amazon.co.jp/dp/B0GQ8WVCC5,https://www.google.com/search?q=ZAIDER%20%E4%BC%9A%E7%A4%BE%E6%A6%82%E8%A6%81%20%E5%95%8F%E3%81%84%E5%90%88%E3%82%8F%E3%81%9B%20%E5%8D%B8,
ecoofee,1,ファッション,除外（日本実体の証拠なし）,JAN45/49・日本語社名・日本法人格のいずれも無し,D: 直営・系列店しかいない,規模未確認,なし,なし,,0,0,1501,B0FJ22HJFS,[ecoofee] リュック メンズ ビジネスリュック 防水 大容量 軽量 バックパック A4対応 15.6インチ PC,https://www.amazon.co.jp/dp/B0FJ22HJFS,https://www.google.com/search?q=ecoofee%20%E4%BC%9A%E7%A4%BE%E6%A6%82%E8%A6%81%20%E5%95%8F%E3%81%84%E5%90%88%E3%82%8F%E3%81%9B%20%E5%8D%B8,
etoe,1,家電＆カメラ,除外（日本実体の証拠なし）,JAN45/49・日本語社名・日本法人格のいずれも無し,D: 直営・系列店しかいない,規模未確認,なし,なし,,0,0,4815,B0F4X6G1WV,ETOE Google TV ボックス、Netflix 認定、ストリーミング メディア プレーヤー サポート Googl,https://www.amazon.co.jp/dp/B0F4X6G1WV,https://www.google.com/search?q=etoe%20%E4%BC%9A%E7%A4%BE%E6%A6%82%E8%A6%81%20%E5%95%8F%E3%81%84%E5%90%88%E3%82%8F%E3%81%9B%20%E5%8D%B8,
eue,1,ホーム＆キッチン,除外（日本実体の証拠なし）,JAN45/49・日本語社名・日本法人格のいずれも無し,D: 直営・系列店しかいない,規模未確認,なし,なし,,0,0,660,B0FJDPSL53,スチームアイロン「革新設計 超軽量」衣類スチーマー 小型 ハンガーにかけたまま,https://www.amazon.co.jp/dp/B0FJDPSL53,https://www.google.com/search?q=eue%20%E4%BC%9A%E7%A4%BE%E6%A6%82%E8%A6%81%20%E5%95%8F%E3%81%84%E5%90%88%E3%82%8F%E3%81%9B%20%E5%8D%B8,
pcceax,1,ファッション,除外（日本実体の証拠なし）,JAN45/49・日本語社名・日本法人格のいずれも無し,D: 直営・系列店しかいない,規模未確認,なし,なし,,0,0,1163,B0FKT19TTX,[pcceax] レインウェア 上下セット リュック対応 レインスーツ レインコート 自転車 バイク レインウェア 登山,https://www.amazon.co.jp/dp/B0FKT19TTX,https://www.google.com/search?q=pcceax%20%E4%BC%9A%E7%A4%BE%E6%A6%82%E8%A6%81%20%E5%95%8F%E3%81%84%E5%90%88%E3%82%8F%E3%81%9B%20%E5%8D%B8,
Ralkepy,2,家電＆カメラ,除外（日本実体の証拠なし）,JAN45/49・日本語社名・日本法人格のいずれも無し,E: セラー名未解決のため判定保留（Keepa再取得が要る）,規模未確認,なし,なし,,0,0,491,B0D7L6QHGV,Ralkepy タッチペン 全機種対応 電量表示 スタイラスペン 磁気吸着機能 交換用ペン先3つ付属「日本語取扱説明書付,https://www.amazon.co.jp/dp/B0D7L6QHGV,https://www.google.com/search?q=Ralkepy%20%E4%BC%9A%E7%A4%BE%E6%A6%82%E8%A6%81%20%E5%95%8F%E3%81%84%E5%90%88%E3%82%8F%E3%81%9B%20%E5%8D%B8,
TESSAN,2,家電＆カメラ,除外（日本実体の証拠なし）,JAN45/49・日本語社名・日本法人格のいずれも無し,E: セラー名未解決のため判定保留（Keepa再取得が要る）,規模未確認,なし,なし,,0,0,715,B0GKFMB4TB,"TESSAN 変換プラグ 全世界対応 (４-in-1, 20W) 海外旅行用コンセント アダプター C/BF/O/Aタイ",https://www.amazon.co.jp/dp/B0GKFMB4TB,https://www.google.com/search?q=TESSAN%20%E4%BC%9A%E7%A4%BE%E6%A6%82%E8%A6%81%20%E5%95%8F%E3%81%84%E5%90%88%E3%82%8F%E3%81%9B%20%E5%8D%B8,
YOCOEI,2,家電＆カメラ,除外（日本実体の証拠なし）,JAN45/49・日本語社名・日本法人格のいずれも無し,E: セラー名未解決のため判定保留（Keepa再取得が要る）,規模未確認,なし,なし,,0,0,577,B0CRS24PMN,YOCOEI 40W USB急速充電器 (4ポート/折り畳み式/超コンパクト/iSonicおまかせ充電/PSE認証済み),https://www.amazon.co.jp/dp/B0CRS24PMN,https://www.google.com/search?q=YOCOEI%20%E4%BC%9A%E7%A4%BE%E6%A6%82%E8%A6%81%20%E5%95%8F%E3%81%84%E5%90%88%E3%82%8F%E3%81%9B%20%E5%8D%B8,
Ashei,1,DIY・工具・ガーデン,除外（日本実体の証拠なし）,JAN45/49・日本語社名・日本法人格のいずれも無し,E: セラー名未解決のため判定保留（Keepa再取得が要る）,規模未確認,なし,なし,,0,0,257,B0F4KH3FGX,ソーラーライト 屋外 防水【2026新版 2個入り】 防犯 3つ知能モード 自動点灯/消灯 ソーラーセンサーライト 大容,https://www.amazon.co.jp/dp/B0F4KH3FGX,https://www.google.com/search?q=Ashei%20%E4%BC%9A%E7%A4%BE%E6%A6%82%E8%A6%81%20%E5%95%8F%E3%81%84%E5%90%88%E3%82%8F%E3%81%9B%20%E5%8D%B8,
Avrpqiwy,1,産業・研究開発用品,除外（日本実体の証拠なし）,JAN45/49・日本語社名・日本法人格のいずれも無し,E: セラー名未解決のため判定保留（Keepa再取得が要る）,規模未確認,なし,なし,,0,0,103,B0DPMSYR8R,Avrpqiwy 3Dプリンターフィラメントドライボックスストレージ熱風加熱ストレージ印刷材料ボックスホルダー耐湿性すべ,https://www.amazon.co.jp/dp/B0DPMSYR8R,https://www.google.com/search?q=Avrpqiwy%20%E4%BC%9A%E7%A4%BE%E6%A6%82%E8%A6%81%20%E5%95%8F%E3%81%84%E5%90%88%E3%82%8F%E3%81%9B%20%E5%8D%B8,
BINGFU,1,家電＆カメラ,除外（日本実体の証拠なし）,JAN45/49・日本語社名・日本法人格のいずれも無し,E: セラー名未解決のため判定保留（Keepa再取得が要る）,規模未確認,なし,なし,,0,0,288,B08HHXFH98,BINGFU FMアンテナ ラジオアンテナ 粘着アンテナ 3つの変換コネクタ付き 屋内用 高感度 YAMAHA Deno,https://www.amazon.co.jp/dp/B08HHXFH98,https://www.google.com/search?q=BINGFU%20%E4%BC%9A%E7%A4%BE%E6%A6%82%E8%A6%81%20%E5%95%8F%E3%81%84%E5%90%88%E3%82%8F%E3%81%9B%20%E5%8D%B8,
BRJR,1,パソコン・周辺機器,除外（日本実体の証拠なし）,JAN45/49・日本語社名・日本法人格のいずれも無し,E: セラー名未解決のため判定保留（Keepa再取得が要る）,規模未確認,なし,なし,,0,0,576,B0D22K597V,BRJR CD DVDドライブ 外付けDVDドライブ 高速処理 8XDVD& 24XCD 光学ドライブ外付け 読取/書込,https://www.amazon.co.jp/dp/B0D22K597V,https://www.google.com/search?q=BRJR%20%E4%BC%9A%E7%A4%BE%E6%A6%82%E8%A6%81%20%E5%95%8F%E3%81%84%E5%90%88%E3%82%8F%E3%81%9B%20%E5%8D%B8,
CEREMONY,1,ホーム＆キッチン,除外（日本実体の証拠なし）,JAN45/49・日本語社名・日本法人格のいずれも無し,E: セラー名未解決のため判定保留（Keepa再取得が要る）,規模未確認,なし,なし,,0,0,296,B0CDLP9SQ3,CEREMONY お香立て、灰がこぼれない、おこうたて、線香立て、おこうたて おしゃれ（お香は付いていません）,https://www.amazon.co.jp/dp/B0CDLP9SQ3,https://www.google.com/search?q=CEREMONY%20%E4%BC%9A%E7%A4%BE%E6%A6%82%E8%A6%81%20%E5%95%8F%E3%81%84%E5%90%88%E3%82%8F%E3%81%9B%20%E5%8D%B8,
Cardill,1,家電＆カメラ,除外（日本実体の証拠なし）,JAN45/49・日本語社名・日本法人格のいずれも無し,E: セラー名未解決のため判定保留（Keepa再取得が要る）,規模未確認,なし,なし,,0,0,442,B0DZ1WVLF8,iPhone 充電器 20W PD 急速充電 [2個セット&MFi/PSE認証済み] Lightningケーブル 2m付,https://www.amazon.co.jp/dp/B0DZ1WVLF8,https://www.google.com/search?q=Cardill%20%E4%BC%9A%E7%A4%BE%E6%A6%82%E8%A6%81%20%E5%95%8F%E3%81%84%E5%90%88%E3%82%8F%E3%81%9B%20%E5%8D%B8,
DYKL,1,ホーム＆キッチン,除外（日本実体の証拠なし）,JAN45/49・日本語社名・日本法人格のいずれも無し,E: セラー名未解決のため判定保留（Keepa再取得が要る）,規模未確認,なし,なし,,0,0,669,B0FN71V2R3,【Amazon.co.jp限定】DYKL 鼻毛カッター メンズ レディース 電動 エチケットカッター 3in1 鼻毛・眉,https://www.amazon.co.jp/dp/B0FN71V2R3,https://www.google.com/search?q=DYKL%20%E4%BC%9A%E7%A4%BE%E6%A6%82%E8%A6%81%20%E5%95%8F%E3%81%84%E5%90%88%E3%82%8F%E3%81%9B%20%E5%8D%B8,
ELUTENG,1,パソコン・周辺機器,除外（日本実体の証拠なし）,JAN45/49・日本語社名・日本法人格のいずれも無し,E: セラー名未解決のため判定保留（Keepa再取得が要る）,規模未確認,なし,なし,,0,0,501,B07T1HYBK2,ELUTENG SATA 増設ボード 6Gbps速度 pcie sata 増設 2ポート sata 増設 拡張カード P,https://www.amazon.co.jp/dp/B07T1HYBK2,https://www.google.com/search?q=ELUTENG%20%E4%BC%9A%E7%A4%BE%E6%A6%82%E8%A6%81%20%E5%95%8F%E3%81%84%E5%90%88%E3%82%8F%E3%81%9B%20%E5%8D%B8,
EQZ,1,家電＆カメラ,除外（日本実体の証拠なし）,JAN45/49・日本語社名・日本法人格のいずれも無し,E: セラー名未解決のため判定保留（Keepa再取得が要る）,規模未確認,なし,なし,,0,0,1072,B0GHKPTMQ2,【2026新登場】EQZ 空気伝導イヤホン bluetooth 骨伝導技術の進化 こつでんどう オープンイヤー型イヤホン,https://www.amazon.co.jp/dp/B0GHKPTMQ2,https://www.google.com/search?q=EQZ%20%E4%BC%9A%E7%A4%BE%E6%A6%82%E8%A6%81%20%E5%95%8F%E3%81%84%E5%90%88%E3%82%8F%E3%81%9B%20%E5%8D%B8,
Feesun,1,ホーム＆キッチン,除外（日本実体の証拠なし）,JAN45/49・日本語社名・日本法人格のいずれも無し,E: セラー名未解決のため判定保留（Keepa再取得が要る）,規模未確認,なし,なし,,0,0,503,B0D3LZ3XHR,ハンディファン 冷却プレート搭載 携帯扇風機 冷感 手持ち扇風機 3段階風力調節 長時間稼働 ミニファン 熱中症対策 U,https://www.amazon.co.jp/dp/B0D3LZ3XHR,https://www.google.com/search?q=Feesun%20%E4%BC%9A%E7%A4%BE%E6%A6%82%E8%A6%81%20%E5%95%8F%E3%81%84%E5%90%88%E3%82%8F%E3%81%9B%20%E5%8D%B8,
GOODNEW,1,ホーム＆キッチン,除外（日本実体の証拠なし）,JAN45/49・日本語社名・日本法人格のいずれも無し,E: セラー名未解決のため判定保留（Keepa再取得が要る）,規模未確認,なし,なし,,0,0,678,B0GG94PLMZ,【2026新登場】シェーバー メンズ 髭剃り ミニ 電気シェーバー 小型 ひげそり 携帯 軽量 IPX6防水 水洗い 乾,https://www.amazon.co.jp/dp/B0GG94PLMZ,https://www.google.com/search?q=GOODNEW%20%E4%BC%9A%E7%A4%BE%E6%A6%82%E8%A6%81%20%E5%95%8F%E3%81%84%E5%90%88%E3%82%8F%E3%81%9B%20%E5%8D%B8,
Gourde,1,パソコン・周辺機器,除外（日本実体の証拠なし）,JAN45/49・日本語社名・日本法人格のいずれも無し,E: セラー名未解決のため判定保留（Keepa再取得が要る）,規模未確認,なし,なし,,0,0,486,B0FPR8FC6M,CPUスタンド キャスター付き 組立簡単 デスクトップPC 置き台 ブラック,https://www.amazon.co.jp/dp/B0FPR8FC6M,https://www.google.com/search?q=Gourde%20%E4%BC%9A%E7%A4%BE%E6%A6%82%E8%A6%81%20%E5%95%8F%E3%81%84%E5%90%88%E3%82%8F%E3%81%9B%20%E5%8D%B8,
IKSTAR,1,ホーム＆キッチン,除外（日本実体の証拠なし）,JAN45/49・日本語社名・日本法人格のいずれも無し,E: セラー名未解決のため判定保留（Keepa再取得が要る）,規模未確認,なし,なし,,0,0,631,B076RJN5TK,IKSTAR ランバーサポート 低反発クッション 腰痛改善 グッズ 腰枕 改良された 指圧突起設計 RoHS安'全基準ク,https://www.amazon.co.jp/dp/B076RJN5TK,https://www.google.com/search?q=IKSTAR%20%E4%BC%9A%E7%A4%BE%E6%A6%82%E8%A6%81%20%E5%95%8F%E3%81%84%E5%90%88%E3%82%8F%E3%81%9B%20%E5%8D%B8,
Inzyla,1,ホーム＆キッチン,除外（日本実体の証拠なし）,JAN45/49・日本語社名・日本法人格のいずれも無し,E: セラー名未解決のため判定保留（Keepa再取得が要る）,規模未確認,なし,なし,,0,0,663,B0F4XRC77D,扇風機 サーキュレーター 兼用 USB充電式 5200mAh バッテリー内蔵 DCモーター 静音 パワフル せんぷうき ,https://www.amazon.co.jp/dp/B0F4XRC77D,https://www.google.com/search?q=Inzyla%20%E4%BC%9A%E7%A4%BE%E6%A6%82%E8%A6%81%20%E5%95%8F%E3%81%84%E5%90%88%E3%82%8F%E3%81%9B%20%E5%8D%B8,
JGUG,1,家電＆カメラ,除外（日本実体の証拠なし）,JAN45/49・日本語社名・日本法人格のいずれも無し,E: セラー名未解決のため判定保留（Keepa再取得が要る）,規模未確認,なし,なし,,0,0,701,B0CHW15Z7B,【Bluetooth イヤホン】ワイヤレス ブルートゥース イヤホン JGUG 数字LEDディスプレイ表示 両耳ENCノ,https://www.amazon.co.jp/dp/B0CHW15Z7B,https://www.google.com/search?q=JGUG%20%E4%BC%9A%E7%A4%BE%E6%A6%82%E8%A6%81%20%E5%95%8F%E3%81%84%E5%90%88%E3%82%8F%E3%81%9B%20%E5%8D%B8,
Jelva,1,ファッション,除外（日本実体の証拠なし）,JAN45/49・日本語社名・日本法人格のいずれも無し,E: セラー名未解決のため判定保留（Keepa再取得が要る）,規模未確認,なし,なし,,0,0,818,B0FVT3VPSG,空調作業服 バッテリー 【2026新登場・40800mAh大容量】モバイルバッテリー 急速充電 空調ウェア 専用電池 5,https://www.amazon.co.jp/dp/B0FVT3VPSG,https://www.google.com/search?q=Jelva%20%E4%BC%9A%E7%A4%BE%E6%A6%82%E8%A6%81%20%E5%95%8F%E3%81%84%E5%90%88%E3%82%8F%E3%81%9B%20%E5%8D%B8,
LXCRTONE,1,車＆バイク,除外（日本実体の証拠なし）,JAN45/49・日本語社名・日本法人格のいずれも無し,E: セラー名未解決のため判定保留（Keepa再取得が要る）,規模未確認,なし,なし,,0,0,317,B0GG4D975Z,LXCRTONE スマホホルダー 車 【2026最新進化クリップ&最強の安定】 車 スマホスタンド 携帯ホルダー 車 3,https://www.amazon.co.jp/dp/B0GG4D975Z,https://www.google.com/search?q=LXCRTONE%20%E4%BC%9A%E7%A4%BE%E6%A6%82%E8%A6%81%20%E5%95%8F%E3%81%84%E5%90%88%E3%82%8F%E3%81%9B%20%E5%8D%B8,
Lamicall,1,スポーツ＆アウトドア,除外（日本実体の証拠なし）,JAN45/49・日本語社名・日本法人格のいずれも無し,E: セラー名未解決のため判定保留（Keepa再取得が要る）,規模未確認,なし,なし,,0,0,557,B0BN55KY4Z,Lamicall クイック取付 自転車 スマホ ホルダー : 自転車 携帯ホルダー ロードバイク iphone bike,https://www.amazon.co.jp/dp/B0BN55KY4Z,https://www.google.com/search?q=Lamicall%20%E4%BC%9A%E7%A4%BE%E6%A6%82%E8%A6%81%20%E5%95%8F%E3%81%84%E5%90%88%E3%82%8F%E3%81%9B%20%E5%8D%B8,
LongFlight,1,ホーム＆キッチン,除外（日本実体の証拠なし）,JAN45/49・日本語社名・日本法人格のいずれも無し,E: セラー名未解決のため判定保留（Keepa再取得が要る）,規模未確認,なし,なし,,0,0,551,B0FVXVWLR2,LongFlight 携帯枕 ネックピロー 首枕 U型 空気枕 持ち運び便利 旅行枕 収納ポーチ付き 洗えるカバー 飛行,https://www.amazon.co.jp/dp/B0FVXVWLR2,https://www.google.com/search?q=LongFlight%20%E4%BC%9A%E7%A4%BE%E6%A6%82%E8%A6%81%20%E5%95%8F%E3%81%84%E5%90%88%E3%82%8F%E3%81%9B%20%E5%8D%B8,
MIFA,1,家電＆カメラ,除外（日本実体の証拠なし）,JAN45/49・日本語社名・日本法人格のいずれも無し,E: セラー名未解決のため判定保留（Keepa再取得が要る）,規模未確認,なし,なし,,0,0,991,B074TY4JK4,MIFA A1 Bluetoothスピーカー 防水 5W大音量 小型ポータブル 15H連続再生 Type-C充電 TWS,https://www.amazon.co.jp/dp/B074TY4JK4,https://www.google.com/search?q=MIFA%20%E4%BC%9A%E7%A4%BE%E6%A6%82%E8%A6%81%20%E5%95%8F%E3%81%84%E5%90%88%E3%82%8F%E3%81%9B%20%E5%8D%B8,
Nixies,1,家電＆カメラ,除外（日本実体の証拠なし）,JAN45/49・日本語社名・日本法人格のいずれも無し,E: セラー名未解決のため判定保留（Keepa再取得が要る）,規模未確認,なし,なし,,0,0,1128,B0FTSQ14QX,イヤホン 骨伝導イヤホン 【オープンイヤー・環境音聞取り】 Bluetooth 骨伝導ヘッドホン 耳が疲れない iPho,https://www.amazon.co.jp/dp/B0FTSQ14QX,https://www.google.com/search?q=Nixies%20%E4%BC%9A%E7%A4%BE%E6%A6%82%E8%A6%81%20%E5%95%8F%E3%81%84%E5%90%88%E3%82%8F%E3%81%9B%20%E5%8D%B8,
NorwegianStyle,1,スポーツ＆アウトドア,除外（日本実体の証拠なし）,JAN45/49・日本語社名・日本法人格のいずれも無し,E: セラー名未解決のため判定保留（Keepa再取得が要る）,規模未確認,なし,なし,,0,0,373,B08LVMBHJ3,ファイヤースターター 着火剤 約100個入 袋ごと燃やせる バーベキュー 焚き火 キャンプ 薪ストーブ Nowegian,https://www.amazon.co.jp/dp/B08LVMBHJ3,https://www.google.com/search?q=NorwegianStyle%20%E4%BC%9A%E7%A4%BE%E6%A6%82%E8%A6%81%20%E5%95%8F%E3%81%84%E5%90%88%E3%82%8F%E3%81%9B%20%E5%8D%B8,
Rikuto,1,パソコン・周辺機器,除外（日本実体の証拠なし）,JAN45/49・日本語社名・日本法人格のいずれも無し,E: セラー名未解決のため判定保留（Keepa再取得が要る）,規模未確認,なし,なし,,0,0,513,B0FFZ58GFW,【業界トップクラス技術&ドライバー不要】Rikuto Bluetooth USB アダプタ bluetooth 5.4 ,https://www.amazon.co.jp/dp/B0FFZ58GFW,https://www.google.com/search?q=Rikuto%20%E4%BC%9A%E7%A4%BE%E6%A6%82%E8%A6%81%20%E5%95%8F%E3%81%84%E5%90%88%E3%82%8F%E3%81%9B%20%E5%8D%B8,
Rucceko,1,パソコン・周辺機器,除外（日本実体の証拠なし）,JAN45/49・日本語社名・日本法人格のいずれも無し,E: セラー名未解決のため判定保留（Keepa再取得が要る）,規模未確認,なし,なし,,0,0,844,B0D9B5YP2C,Ewin キーボード ワイヤレス bluetoothとusb無線両対応 JIS日本語配列 小型 mac android ,https://www.amazon.co.jp/dp/B0D9B5YP2C,https://www.google.com/search?q=Rucceko%20%E4%BC%9A%E7%A4%BE%E6%A6%82%E8%A6%81%20%E5%95%8F%E3%81%84%E5%90%88%E3%82%8F%E3%81%9B%20%E5%8D%B8,
SANLIU,1,家電＆カメラ,除外（日本実体の証拠なし）,JAN45/49・日本語社名・日本法人格のいずれも無し,E: セラー名未解決のため判定保留（Keepa再取得が要る）,規模未確認,なし,なし,,0,0,1211,B0F8HF3JQ1,エアタグ カード 【超長持ち＆極薄】2枚セット 紛失防止タグ スマートタグ カード gps 子供 gpsタグ スマートト,https://www.amazon.co.jp/dp/B0F8HF3JQ1,https://www.google.com/search?q=SANLIU%20%E4%BC%9A%E7%A4%BE%E6%A6%82%E8%A6%81%20%E5%95%8F%E3%81%84%E5%90%88%E3%82%8F%E3%81%9B%20%E5%8D%B8,
SK-CinDa,1,家電＆カメラ,除外（日本実体の証拠なし）,JAN45/49・日本語社名・日本法人格のいずれも無し,E: セラー名未解決のため判定保留（Keepa再取得が要る）,規模未確認,なし,なし,,0,0,631,B0DRBJB57V,4in1車用充電器·巻き取り式·ケーブル 2本·Type-C100W/Lightning·LED付き電圧表示·DC12/,https://www.amazon.co.jp/dp/B0DRBJB57V,https://www.google.com/search?q=SK-CinDa%20%E4%BC%9A%E7%A4%BE%E6%A6%82%E8%A6%81%20%E5%95%8F%E3%81%84%E5%90%88%E3%82%8F%E3%81%9B%20%E5%8D%B8,
Screwpop,1,ファッション,除外（日本実体の証拠なし）,JAN45/49・日本語社名・日本法人格のいずれも無し,E: セラー名未解決のため判定保留（Keepa再取得が要る）,規模未確認,なし,なし,,0,0,567,B074JG6SQH,Screwpop BIC ライターケース ライターホルダー BIC MINI J23 J25 対応 国内正規品,https://www.amazon.co.jp/dp/B074JG6SQH,https://www.google.com/search?q=Screwpop%20%E4%BC%9A%E7%A4%BE%E6%A6%82%E8%A6%81%20%E5%95%8F%E3%81%84%E5%90%88%E3%82%8F%E3%81%9B%20%E5%8D%B8,
YOSH,1,車＆バイク,除外（日本実体の証拠なし）,JAN45/49・日本語社名・日本法人格のいずれも無し,E: セラー名未解決のため判定保留（Keepa再取得が要る）,規模未確認,なし,なし,,0,0,513,B0CGR936TZ,【ベンツにピッタリ】YOSH ベンツ スマホホルダー「A/C/CLA/GLC/Vクラス対応」スマホホルダー 車 ベンツ ,https://www.amazon.co.jp/dp/B0CGR936TZ,https://www.google.com/search?q=YOSH%20%E4%BC%9A%E7%A4%BE%E6%A6%82%E8%A6%81%20%E5%95%8F%E3%81%84%E5%90%88%E3%82%8F%E3%81%9B%20%E5%8D%B8,
YUDOFICAL,1,パソコン・周辺機器,除外（日本実体の証拠なし）,JAN45/49・日本語社名・日本法人格のいずれも無し,E: セラー名未解決のため判定保留（Keepa再取得が要る）,規模未確認,なし,なし,,0,0,471,B0F3CQ2G4K,YUDOFICAL 延長コード 2m 電源タップ USB コンセントタップ 4個AC+2個USB-A+1個Type-C ,https://www.amazon.co.jp/dp/B0F3CQ2G4K,https://www.google.com/search?q=YUDOFICAL%20%E4%BC%9A%E7%A4%BE%E6%A6%82%E8%A6%81%20%E5%95%8F%E3%81%84%E5%90%88%E3%82%8F%E3%81%9B%20%E5%8D%B8,
roborock,1,ホーム＆キッチン,除外（日本実体の証拠なし）,JAN45/49・日本語社名・日本法人格のいずれも無し,E: セラー名未解決のため判定保留（Keepa再取得が要る）,規模未確認,なし,なし,,0,0,468,B0DBYY5DQ8,【メーカー純正品】Roborock 自動ゴミ収集ドック用 使い捨て紙パックC SDCD05RR 3個 交換用 純正アクセ,https://www.amazon.co.jp/dp/B0DBYY5DQ8,https://www.google.com/search?q=roborock%20%E4%BC%9A%E7%A4%BE%E6%A6%82%E8%A6%81%20%E5%95%8F%E3%81%84%E5%90%88%E3%82%8F%E3%81%9B%20%E5%8D%B8,
Keypal,4,家電＆カメラ,除外（海外・国内窓口なし）,セラー名に中国企業表記/ピンイン,A: 国内の第三者が2社以上で扱っている,規模未確認,なし,セラー名に中国企業表記/ピンイン,パワーツール専門,1,3,744,B0DRD697NV,【ビジネスに最適！スムーズな通話を実現！】Bluetooth ヘッドセット マイク付き Bluetooth5.4+EDR,https://www.amazon.co.jp/dp/B0DRD697NV,https://www.google.com/search?q=Keypal%20%E4%BC%9A%E7%A4%BE%E6%A6%82%E8%A6%81%20%E5%95%8F%E3%81%84%E5%90%88%E3%82%8F%E3%81%9B%20%E5%8D%B8,
aestiquo,3,車＆バイク,除外（海外・国内窓口なし）,セラー名に中国企業表記/ピンイン,A: 国内の第三者が2社以上で扱っている,規模未確認,なし,セラー名に中国企業表記/ピンイン,EZYGO【翌日配送】 / Tokonichi【360日保証】 / ONLINEショップ,3,3,959,B0DQTQ4ZR2,懐中電灯 強力 【防災士監修・超高輝度・50000ルーメン】 軍用 最強 LEDライト ハンディライト IPX6防水 単,https://www.amazon.co.jp/dp/B0DQTQ4ZR2,https://www.google.com/search?q=aestiquo%20%E4%BC%9A%E7%A4%BE%E6%A6%82%E8%A6%81%20%E5%95%8F%E3%81%84%E5%90%88%E3%82%8F%E3%81%9B%20%E5%8D%B8,
happilaff,3,ホーム＆キッチン,除外（海外・国内窓口なし）,セラー名に中国企業表記/ピンイン,A: 国内の第三者が2社以上で扱っている,規模未確認,なし,セラー名に中国企業表記/ピンイン,RIN Home【365日保証】,1,3,1369,B0DCFM2YMJ,happilaff フードプロセッサー 350Wハイパワー 1台5役 みじん切り器 ステンレス4枚刃 600mlガラスボ,https://www.amazon.co.jp/dp/B0DCFM2YMJ,https://www.google.com/search?q=happilaff%20%E4%BC%9A%E7%A4%BE%E6%A6%82%E8%A6%81%20%E5%95%8F%E3%81%84%E5%90%88%E3%82%8F%E3%81%9B%20%E5%8D%B8,
ＡＮＤＥＲＹ,1,家電＆カメラ,除外（海外・国内窓口なし）,セラー名に中国企業表記/ピンイン,A: 国内の第三者が2社以上で扱っている,規模未確認,なし,セラー名に中国企業表記/ピンイン,アンドリー / らい あ ていlyt,2,3,1427,B0FCSBH974,スマホホルダー 車 ワイヤレス充電 マグネット【15W急速充電+真空吸盤の最強コンビ】安定性拔群 【超強磁力】カー用品/,https://www.amazon.co.jp/dp/B0FCSBH974,https://www.google.com/search?q=%EF%BC%A1%EF%BC%AE%EF%BC%A4%EF%BC%A5%EF%BC%B2%EF%BC%B9%20%E4%BC%9A%E7%A4%BE%E6%A6%82%E8%A6%81%20%E5%95%8F%E3%81%84%E5%90%88%E3%82%8F%E3%81%9B%20%E5%8D%B8,
Fochai,3,ホーム＆キッチン,除外（海外・国内窓口なし）,セラー名に中国企業表記/ピンイン,C: 第三者はいるが国内事業者ではない,規模未確認,なし,セラー名に中国企業表記/ピンイン,,0,2,2383,B0D5RCZ3JZ,掃除機 コードレス 強力吸引30000Pa 軽量 一人暮らし 静音 スティック ハンディ対応 26分稼働充電式 車内 コ,https://www.amazon.co.jp/dp/B0D5RCZ3JZ,https://www.google.com/search?q=Fochai%20%E4%BC%9A%E7%A4%BE%E6%A6%82%E8%A6%81%20%E5%95%8F%E3%81%84%E5%90%88%E3%82%8F%E3%81%9B%20%E5%8D%B8,
HUAKUA,3,家電＆カメラ,除外（海外・国内窓口なし）,セラー名に中国企業表記/ピンイン,C: 第三者はいるが国内事業者ではない,規模未確認,なし,セラー名に中国企業表記/ピンイン,,0,2,2015,B0BWK342Y6,HUAKUA スマートウォッチ iPhone/Android対応 通話音声調整可能 一発消音 SOS通話機能付き 1.3,https://www.amazon.co.jp/dp/B0BWK342Y6,https://www.google.com/search?q=HUAKUA%20%E4%BC%9A%E7%A4%BE%E6%A6%82%E8%A6%81%20%E5%95%8F%E3%81%84%E5%90%88%E3%82%8F%E3%81%9B%20%E5%8D%B8,
SKYBASIC,3,産業・研究開発用品,除外（海外・国内窓口なし）,セラー名に中国企業表記/ピンイン,C: 第三者はいるが国内事業者ではない,規模未確認,なし,セラー名に中国企業表記/ピンイン,,0,2,1727,B0G13SMWC7,SKYBASIC Wifi デジタル顕微鏡 2MP 50-1000倍電子顕微鏡 拡大鏡 ポータブルハンドヘルド顕微鏡カメ,https://www.amazon.co.jp/dp/B0G13SMWC7,https://www.google.com/search?q=SKYBASIC%20%E4%BC%9A%E7%A4%BE%E6%A6%82%E8%A6%81%20%E5%95%8F%E3%81%84%E5%90%88%E3%82%8F%E3%81%9B%20%E5%8D%B8,
Tufuha,3,パソコン・周辺機器,除外（海外・国内窓口なし）,セラー名に中国企業表記/ピンイン,C: 第三者はいるが国内事業者ではない,規模未確認,なし,セラー名に中国企業表記/ピンイン,,0,1,2069,B0DGLFS9BB,Tufuha TN32JXL 2本セット ブラザー 用 トナー TN32J brother用 hl-l2460dw dc,https://www.amazon.co.jp/dp/B0DGLFS9BB,https://www.google.com/search?q=Tufuha%20%E4%BC%9A%E7%A4%BE%E6%A6%82%E8%A6%81%20%E5%95%8F%E3%81%84%E5%90%88%E3%82%8F%E3%81%9B%20%E5%8D%B8,
GuMosh,2,車＆バイク,除外（海外・国内窓口なし）,セラー名に中国企業表記/ピンイン,C: 第三者はいるが国内事業者ではない,規模未確認,なし,セラー名に中国企業表記/ピンイン,,0,1,853,B0DK8XBRTL,GuMosh スマホホルダー 車 ワイヤレス充電 15W デュアルコイル ワイヤレス充電器 車 スマホスタンド 自動開閉,https://www.amazon.co.jp/dp/B0DK8XBRTL,https://www.google.com/search?q=GuMosh%20%E4%BC%9A%E7%A4%BE%E6%A6%82%E8%A6%81%20%E5%95%8F%E3%81%84%E5%90%88%E3%82%8F%E3%81%9B%20%E5%8D%B8,
KCUVSSKKII,2,スポーツ＆アウトドア,除外（海外・国内窓口なし）,セラー名に中国企業表記/ピンイン,C: 第三者はいるが国内事業者ではない,規模未確認,なし,セラー名に中国企業表記/ピンイン,,0,2,1384,B0F89WKCYC,LED ヘッドライト 実用点灯35時間 3000000ルーメン 超高輝度 Type-C 充電式 ヘッドランプ 5点灯モー,https://www.amazon.co.jp/dp/B0F89WKCYC,https://www.google.com/search?q=KCUVSSKKII%20%E4%BC%9A%E7%A4%BE%E6%A6%82%E8%A6%81%20%E5%95%8F%E3%81%84%E5%90%88%E3%82%8F%E3%81%9B%20%E5%8D%B8,
Kemeskin,2,家電＆カメラ,除外（海外・国内窓口なし）,セラー名に中国企業表記/ピンイン,C: 第三者はいるが国内事業者ではない,規模未確認,なし,セラー名に中国企業表記/ピンイン,,0,2,3367,B0GF295GM5,骨伝導イヤホン マイク付き、Kemeskin ビジネス 通話専用ヘッドセットBluetooth 6.1、ENC DSP高,https://www.amazon.co.jp/dp/B0GF295GM5,https://www.google.com/search?q=Kemeskin%20%E4%BC%9A%E7%A4%BE%E6%A6%82%E8%A6%81%20%E5%95%8F%E3%81%84%E5%90%88%E3%82%8F%E3%81%9B%20%E5%8D%B8,
SOOEO,2,家電＆カメラ,除外（海外・国内窓口なし）,セラー名に中国企業表記/ピンイン,C: 第三者はいるが国内事業者ではない,規模未確認,なし,セラー名に中国企業表記/ピンイン,,0,3,739,B0DQL3KHHT,【令和冬初売り】vrゴーグル vrゴーグル スマホ用 VRゴーグル vr SOOEO VRゴーグル スマホ用 3d vr,https://www.amazon.co.jp/dp/B0DQL3KHHT,https://www.google.com/search?q=SOOEO%20%E4%BC%9A%E7%A4%BE%E6%A6%82%E8%A6%81%20%E5%95%8F%E3%81%84%E5%90%88%E3%82%8F%E3%81%9B%20%E5%8D%B8,
YIERSAN,2,家電＆カメラ,除外（海外・国内窓口なし）,セラー名に中国企業表記/ピンイン,C: 第三者はいるが国内事業者ではない,規模未確認,なし,セラー名に中国企業表記/ピンイン,,0,1,1520,B0FVXHH1NR,YIERSAN エアタグ airtag 2個セット【iOS&Android両方対応・Apple&Google公式認証・全,https://www.amazon.co.jp/dp/B0FVXHH1NR,https://www.google.com/search?q=YIERSAN%20%E4%BC%9A%E7%A4%BE%E6%A6%82%E8%A6%81%20%E5%95%8F%E3%81%84%E5%90%88%E3%82%8F%E3%81%9B%20%E5%8D%B8,
CHUSII,1,家電＆カメラ,除外（海外・国内窓口なし）,セラー名に中国企業表記/ピンイン,C: 第三者はいるが国内事業者ではない,規模未確認,なし,セラー名に中国企業表記/ピンイン,,0,3,535,B0FYG2NDBR,モバイルバッテリー MagSafe対応 10000mAh ワイヤレス充電 22.5W急速充電 USB-C内蔵ケーブル 小,https://www.amazon.co.jp/dp/B0FYG2NDBR,https://www.google.com/search?q=CHUSII%20%E4%BC%9A%E7%A4%BE%E6%A6%82%E8%A6%81%20%E5%95%8F%E3%81%84%E5%90%88%E3%82%8F%E3%81%9B%20%E5%8D%B8,
GooSpy,1,家電＆カメラ,除外（海外・国内窓口なし）,セラー名に中国企業表記/ピンイン,C: 第三者はいるが国内事業者ではない,規模未確認,なし,セラー名に中国企業表記/ピンイン,,0,2,2938,B09YNT6JH4,GooSpy 小型カメラ wifi 隠しカメラ スマホ 1080P 超小型 256GB対応 24時間録画 USB充電式 ,https://www.amazon.co.jp/dp/B09YNT6JH4,https://www.google.com/search?q=GooSpy%20%E4%BC%9A%E7%A4%BE%E6%A6%82%E8%A6%81%20%E5%95%8F%E3%81%84%E5%90%88%E3%82%8F%E3%81%9B%20%E5%8D%B8,
Greneo,1,ホーム＆キッチン,除外（海外・国内窓口なし）,セラー名に中国企業表記/ピンイン,C: 第三者はいるが国内事業者ではない,規模未確認,なし,セラー名に中国企業表記/ピンイン,,0,1,881,B0F4QZS2D6,Greneo ネックピロー【業界独創の収納フック】首枕 飛行機 快適グッズ 低反発フォーム 人間工学が360°包み込む［,https://www.amazon.co.jp/dp/B0F4QZS2D6,https://www.google.com/search?q=Greneo%20%E4%BC%9A%E7%A4%BE%E6%A6%82%E8%A6%81%20%E5%95%8F%E3%81%84%E5%90%88%E3%82%8F%E3%81%9B%20%E5%8D%B8,
Gvyugke,1,パソコン・周辺機器,除外（海外・国内窓口なし）,セラー名に中国企業表記/ピンイン,C: 第三者はいるが国内事業者ではない,規模未確認,なし,セラー名に中国企業表記/ピンイン,,0,1,3343,B0FW4YCMF8,ゲーミングヘッドセット ワイヤレス 2.4G USBアダプター Bluetooth 5.3 有線 3WAY接続 PS5 ,https://www.amazon.co.jp/dp/B0FW4YCMF8,https://www.google.com/search?q=Gvyugke%20%E4%BC%9A%E7%A4%BE%E6%A6%82%E8%A6%81%20%E5%95%8F%E3%81%84%E5%90%88%E3%82%8F%E3%81%9B%20%E5%8D%B8,
KDD,1,パソコン・周辺機器,除外（海外・国内窓口なし）,セラー名に中国企業表記/ピンイン,C: 第三者はいるが国内事業者ではない,規模未確認,なし,セラー名に中国企業表記/ピンイン,,0,2,434,B091GDKSK7,KDD タブレットスタンド ipad ホルダー マウント - タブレットホルダー 三脚 クリップ 固定 ラック - ip,https://www.amazon.co.jp/dp/B091GDKSK7,https://www.google.com/search?q=KDD%20%E4%BC%9A%E7%A4%BE%E6%A6%82%E8%A6%81%20%E5%95%8F%E3%81%84%E5%90%88%E3%82%8F%E3%81%9B%20%E5%8D%B8,
Kimwood,1,車＆バイク,除外（海外・国内窓口なし）,セラー名に中国企業表記/ピンイン,C: 第三者はいるが国内事業者ではない,規模未確認,なし,セラー名に中国企業表記/ピンイン,,0,3,5063,B0FZBZNCJY,ジャンプスターター & 電動空気入れ 【プロ監修・8000Aピーク電流・ 150PSI急速充気】12V 車対応 エンジン,https://www.amazon.co.jp/dp/B0FZBZNCJY,https://www.google.com/search?q=Kimwood%20%E4%BC%9A%E7%A4%BE%E6%A6%82%E8%A6%81%20%E5%95%8F%E3%81%84%E5%90%88%E3%82%8F%E3%81%9B%20%E5%8D%B8,
LENUTO,1,家電＆カメラ,除外（海外・国内窓口なし）,セラー名に中国企業表記/ピンイン,C: 第三者はいるが国内事業者ではない,規模未確認,なし,セラー名に中国企業表記/ピンイン,,0,3,1553,B0G5DT5LPM,モバイルバッテリー MagSafe対応 16000ｍAh PD22.5W急速充電 3台同時充電可能 大容量 マグネット式,https://www.amazon.co.jp/dp/B0G5DT5LPM,https://www.google.com/search?q=LENUTO%20%E4%BC%9A%E7%A4%BE%E6%A6%82%E8%A6%81%20%E5%95%8F%E3%81%84%E5%90%88%E3%82%8F%E3%81%9B%20%E5%8D%B8,
Newluck,1,パソコン・周辺機器,除外（海外・国内窓口なし）,セラー名に中国企業表記/ピンイン,C: 第三者はいるが国内事業者ではない,規模未確認,なし,セラー名に中国企業表記/ピンイン,,0,2,693,B0CFL77BXV,【2025新登場】Newluck USB-C & HDMI 変換アダプタ キャプチャーボード HDMI キャプチャーボー,https://www.amazon.co.jp/dp/B0CFL77BXV,https://www.google.com/search?q=Newluck%20%E4%BC%9A%E7%A4%BE%E6%A6%82%E8%A6%81%20%E5%95%8F%E3%81%84%E5%90%88%E3%82%8F%E3%81%9B%20%E5%8D%B8,
Okanne,1,家電＆カメラ,除外（海外・国内窓口なし）,セラー名に中国企業表記/ピンイン,C: 第三者はいるが国内事業者ではない,規模未確認,なし,セラー名に中国企業表記/ピンイン,,0,2,2730,B0FB8K6YT1,ソーラーモバイルバッテリー 【61800mAh大容量 & 手回し発電】 22.5W/PD18W 急速充電 4本ケーブル内,https://www.amazon.co.jp/dp/B0FB8K6YT1,https://www.google.com/search?q=Okanne%20%E4%BC%9A%E7%A4%BE%E6%A6%82%E8%A6%81%20%E5%95%8F%E3%81%84%E5%90%88%E3%82%8F%E3%81%9B%20%E5%8D%B8,
Onalra,1,家電＆カメラ,除外（海外・国内窓口なし）,セラー名に中国企業表記/ピンイン,C: 第三者はいるが国内事業者ではない,規模未確認,なし,セラー名に中国企業表記/ピンイン,,0,2,278,B0GGZ318TQ,Bluetoothイヤホン ワイヤレスイヤホン 2つのシリコンマイク搭載 AIスマートENC通話 60時間音楽再生202,https://www.amazon.co.jp/dp/B0GGZ318TQ,https://www.google.com/search?q=Onalra%20%E4%BC%9A%E7%A4%BE%E6%A6%82%E8%A6%81%20%E5%95%8F%E3%81%84%E5%90%88%E3%82%8F%E3%81%9B%20%E5%8D%B8,
QIUYMI,1,ペット用品,除外（海外・国内窓口なし）,セラー名に中国企業表記/ピンイン,C: 第三者はいるが国内事業者ではない,規模未確認,なし,セラー名に中国企業表記/ピンイン,,0,1,5302,B0FDGF8BPH,QIUYMI 犬 ドライヤー 速乾 ペットドライヤー 大風量 2800W 業務用&家庭用 マイナスイオン 風量・温度調節,https://www.amazon.co.jp/dp/B0FDGF8BPH,https://www.google.com/search?q=QIUYMI%20%E4%BC%9A%E7%A4%BE%E6%A6%82%E8%A6%81%20%E5%95%8F%E3%81%84%E5%90%88%E3%82%8F%E3%81%9B%20%E5%8D%B8,
YZO,1,スポーツ＆アウトドア,除外（海外・国内窓口なし）,セラー名に中国企業表記/ピンイン,C: 第三者はいるが国内事業者ではない,規模未確認,なし,セラー名に中国企業表記/ピンイン,,0,3,7049,B0FRR3DCZQ,【防災士監修】YZO 携帯浄水器 災害 浄水器 アウトドア 電動式＆手動2WAY対応 6層ろ過 99.99999%高精度,https://www.amazon.co.jp/dp/B0FRR3DCZQ,https://www.google.com/search?q=YZO%20%E4%BC%9A%E7%A4%BE%E6%A6%82%E8%A6%81%20%E5%95%8F%E3%81%84%E5%90%88%E3%82%8F%E3%81%9B%20%E5%8D%B8,
kstime,1,パソコン・周辺機器,除外（海外・国内窓口なし）,セラー名に中国企業表記/ピンイン,C: 第三者はいるが国内事業者ではない,規模未確認,なし,セラー名に中国企業表記/ピンイン,,0,2,1816,B0D2PBYD2H,スピーカー PC ゲーミングスピーカー 有線 RGBライト付き 3.5mmケーブルが付属、USB給電式のパソコン用 テレ,https://www.amazon.co.jp/dp/B0D2PBYD2H,https://www.google.com/search?q=kstime%20%E4%BC%9A%E7%A4%BE%E6%A6%82%E8%A6%81%20%E5%95%8F%E3%81%84%E5%90%88%E3%82%8F%E3%81%9B%20%E5%8D%B8,
Surfola,1,家電＆カメラ,除外（海外・国内窓口なし）,セラー名に中国企業表記/ピンイン,D: 直営・系列店しかいない,規模未確認,なし,セラー名に中国企業表記/ピンイン,,0,0,3936,B0D2MY9THX,Surfola ポータブルDVDプレーヤー 12.5型 10.5インチ液晶 4~5時間連続再生 CD/DVDプレーヤー ,https://www.amazon.co.jp/dp/B0D2MY9THX,https://www.google.com/search?q=Surfola%20%E4%BC%9A%E7%A4%BE%E6%A6%82%E8%A6%81%20%E5%95%8F%E3%81%84%E5%90%88%E3%82%8F%E3%81%9B%20%E5%8D%B8,
