メーカー/ブランド,商品名,ASIN,想定仕入れ金額(上限),Amazon価格,実セラー数,想定月販,消化月数,カテゴリ,FBAサイズ,Amazonページ,Keepaリンク,メーカー検索(Google),ブランド,manufacturer,セラー名一覧,メーカー直販フラグ,赤字ライン(これ以上は赤字),仕入れ掛け率上限%,上限で仕入れた時の純利益,目標純利益率%,基準売価,基準売価の根拠,販売手数料率%,手数料内訳,新品最安値(送料込),過去最安値(2026-02-23以降),価格定義混在,月間ドロップ数,月間販売数,ランク,新品オファー数,規模フラグ,リスク区分,preset,価格帯,取得日時,判定,見送り理由
HEIBAS,ヘッドセット bluetooth Bluetooth 6.0搭載 安定接続 98時間連続再生 片耳イヤホン bluetooth,B0GFCPDT7B,769,1894,3,12.5,0.8,家電＆カメラ > 携帯電話・スマートフォン > 携帯電話・スマートフォンアクセサリ,標準(小型),https://www.amazon.co.jp/dp/B0GFCPDT7B,https://keepa.com/#!product/5-B0GFCPDT7B,https://www.google.com/search?q=HEIBAS%20%E4%BC%9A%E7%A4%BE%E6%A6%82%E8%A6%81%20%E5%95%8F%E3%81%84%E5%90%88%E3%82%8F%E3%81%9B%20%E5%8D%B8,HEIBAS,HEIBAS,Yanhong JP / Cunmai JP / LiLun Tech,,1148,40.6,379,20,1894,過去最安値(2026-02-23以降),9.0,基準売価1894 − 販売手数料170(9.0%) − FBA配送290 − 保管3[0.42L×9170円/m³×0.8ヶ月] − 外注182 − 雑費100 − 目標利益378(20%),1894,1894,はい,50,1000,1394,3,中小候補,電気製品(PSE要確認),A,1500-1999円,2026-08-24 12:54,候補,
htrahy,スマートウォッチ【2026 新バージョン】iPhone対応 アンドロイド対応 Bluetooth通話機能付き 1.83インチ大画面 SMS/Lineメッセージ通知 htrahy 活,B0G81S768X,843,1999,4,9.8,1.02,家電＆カメラ > ウェアラブルデバイス > スマートウォッチ,標準(小型),https://www.amazon.co.jp/dp/B0G81S768X,https://keepa.com/#!product/5-B0G81S768X,https://www.google.com/search?q=htrahy%20%E4%BC%9A%E7%A4%BE%E6%A6%82%E8%A6%81%20%E5%95%8F%E3%81%84%E5%90%88%E3%82%8F%E3%81%9B%20%E5%8D%B8,htrahy,htrahy,TongshQ-JP / TWDWL-JP / Cedlnan-JP / Zbbdwsp-JP,,1243,42.2,400,20,1999,過去最安値(2026-02-23以降),9.0,基準売価1999 − 販売手数料179(9.0%) − FBA配送290 − 保管4[0.44L×9170円/m³×1.0ヶ月] − 外注182 − 雑費100 − 目標利益399(20%),1999,1999,いいえ,49,3000,394,4,中小候補,電気製品(PSE要確認),A,1500-1999円,2026-08-24 12:54,候補,
パナソニック(Panasonic),【2セット：計4個入】 パナソニック Panasonic カメラ用リチウム電池 CR-123AW/2P （2個入） カメラ スマートロック 電池 交換,B0GFV9FFRS,712,1810,4,9.8,1.02,家電＆カメラ > 電池 > 乾電池,標準(小型),https://www.amazon.co.jp/dp/B0GFV9FFRS,https://keepa.com/#!product/5-B0GFV9FFRS,https://www.google.com/search?q=%E3%83%91%E3%83%8A%E3%82%BD%E3%83%8B%E3%83%83%E3%82%AF%28Panasonic%29%20%E4%BC%9A%E7%A4%BE%E6%A6%82%E8%A6%81%20%E5%95%8F%E3%81%84%E5%90%88%E3%82%8F%E3%81%9B%20%E5%8D%B8,パナソニック(Panasonic),パナソニック(Panasonic),グローバルプラザ -インボイス発行事業者- / 【13時までは当日発送！】株式会社エクスプレスマーケット / オンラインショップkiki / Webゆとり,,1074,39.3,362,20,1810,過去最安値(2026-02-23以降),9.0,基準売価1810 − 販売手数料162(9.0%) − FBA配送290 − 保管1[0.15L×9170円/m³×1.0ヶ月] − 外注182 − 雑費100 − 目標利益362(20%),1810,1810,はい,49,500,887,5,大手/海外疑い,リチウム/電源系(PSE・FBA危険物),A,1500-1999円,2026-08-24 12:54,候補,
CHUSII,モバイルバッテリー MagSafe対応 10000mAh ワイヤレス充電 22.5W急速充電 USB-C内蔵ケーブル 小型 軽量 薄型 最大3台同時充電 PD対応 LED残量表示 ,B0FYG2NDBR,535,1563,3,12.0,0.83,家電＆カメラ > 携帯電話・スマートフォン > 携帯電話・スマートフォンアクセサリ,標準(小型),https://www.amazon.co.jp/dp/B0FYG2NDBR,https://keepa.com/#!product/5-B0FYG2NDBR,https://www.google.com/search?q=CHUSII%20%E4%BC%9A%E7%A4%BE%E6%A6%82%E8%A6%81%20%E5%95%8F%E3%81%84%E5%90%88%E3%82%8F%E3%81%9B%20%E5%8D%B8,CHUSII,"Shenzhen Joway Power Supply Co., Ltd.",JunqianStore / 惠州市博莱博科技有限公司 / Camer Tech,,848,34.3,313,20,1563,過去最安値(2026-02-23以降),9.0,基準売価1563 − 販売手数料140(9.0%) − FBA配送290 − 保管2[0.29L×9170円/m³×0.8ヶ月] − 外注182 − 雑費100 − 目標利益312(20%),1563,1563,はい,48,400,3747,3,中小候補,リチウム/電源系(PSE・FBA危険物),A,1500-1999円,2026-08-24 12:54,候補,
THREEKEY,THREEKEY マグセーフ充電器 Qi2・PSE公式認証 15W急速充電 両面マグネット式,B0DLSMH23R,761,1899,2,16.0,0.62,家電＆カメラ > 携帯電話・スマートフォン > 携帯電話・スマートフォンアクセサリ,標準(小型),https://www.amazon.co.jp/dp/B0DLSMH23R,https://keepa.com/#!product/5-B0DLSMH23R,https://www.google.com/search?q=THREEKEY%20%E4%BC%9A%E7%A4%BE%E6%A6%82%E8%A6%81%20%E5%95%8F%E3%81%84%E5%90%88%E3%82%8F%E3%81%9B%20%E5%8D%B8,THREEKEY,"Shenzhen Suiqi Innovation Technology Co.,Ltd.",Threekey-Office / Threekey Direct,メーカー直販,1137,40.5,376,20,1880,過去最安値(2026-02-23以降),9.0,基準売価1880 − 販売手数料169(9.0%) − FBA配送290 − 保管1[0.26L×9170円/m³×0.6ヶ月] − 外注182 − 雑費100 − 目標利益376(20%),1899,1880,はい,48,1000,1800,2,中小候補,リチウム/電源系(PSE・FBA危険物),A,1500-1999円,2026-08-24 12:54,候補,
Leacco,双眼鏡 ライブ用 高倍率 15倍 オペラグラス 【業界先端BAK4光学レンズ&FMC多層コーティング】防振双眼鏡 超軽量134g コンパクト,B0G2Y2SPVH,842,1999,2,16.0,0.62,家電＆カメラ > カメラ > 双眼鏡・望遠鏡・光学機器,標準(小型),https://www.amazon.co.jp/dp/B0G2Y2SPVH,https://keepa.com/#!product/5-B0G2Y2SPVH,https://www.google.com/search?q=Leacco%20%E4%BC%9A%E7%A4%BE%E6%A6%82%E8%A6%81%20%E5%95%8F%E3%81%84%E5%90%88%E3%82%8F%E3%81%9B%20%E5%8D%B8,Leacco,Leacco,WL-JPSTORE / grunwangnongyefazhanyoufdfdg,,1242,42.1,400,20,1999,過去最安値(2026-02-23以降),9.0,基準売価1999 − 販売手数料179(9.0%) − FBA配送290 − 保管5[0.93L×9170円/m³×0.6ヶ月] − 外注182 − 雑費100 − 目標利益399(20%),1999,1999,はい,48,3000,186,2,中小候補,電気製品(PSE要確認),A,1500-1999円,2026-08-24 12:54,候補,
ZZU,イヤホン bluetooth ワイヤレスイヤホン 48時間の再生時間 重低音 LEDディスプレイ表示 小型/軽量 IPX7防水 ブルートゥース 接続瞬時 Hi-Fi ブルートゥース,B0DP41614X,832,1981,3,11.75,0.85,家電＆カメラ > イヤホン・ヘッドホン > イヤホン・ヘッドホン本体,標準(小型),https://www.amazon.co.jp/dp/B0DP41614X,https://keepa.com/#!product/5-B0DP41614X,https://www.google.com/search?q=ZZU%20%E4%BC%9A%E7%A4%BE%E6%A6%82%E8%A6%81%20%E5%95%8F%E3%81%84%E5%90%88%E3%82%8F%E3%81%9B%20%E5%8D%B8,ZZU,ZZU,Huanyeltd / QianjuShop / HENG TONG,,1228,42.0,396,20,1981,過去最安値(2026-02-23以降),9.0,基準売価1981 − 販売手数料178(9.0%) − FBA配送290 − 保管2[0.24L×9170円/m³×0.9ヶ月] − 外注182 − 雑費100 − 目標利益396(20%),1981,1981,はい,47,600,1677,3,中小候補,電気製品(PSE要確認),A,1500-1999円,2026-08-24 12:54,候補,
Vulendu,65W PD 急速充電器 type-c 【3台同時に急速充電・小型超軽量・PSE認証済】 usb コンセント usb c 充電器 3ポート 折りたたみ式プラグ 携帯 に便利 GaN,B0G2JYGKGJ,503,1516,2,15.0,0.67,家電＆カメラ > 携帯電話・スマートフォン > 携帯電話・スマートフォンアクセサリ,標準(小型),https://www.amazon.co.jp/dp/B0G2JYGKGJ,https://keepa.com/#!product/5-B0G2JYGKGJ,https://www.google.com/search?q=Vulendu%20%E4%BC%9A%E7%A4%BE%E6%A6%82%E8%A6%81%20%E5%95%8F%E3%81%84%E5%90%88%E3%82%8F%E3%81%9B%20%E5%8D%B8,Vulendu,Vulendu,Vulendu-【メーカー直営店】 / Xs【メーカー直営店】,メーカー直販,806,33.2,303,20,1516,過去最安値(2026-02-23以降),9.0,基準売価1516 − 販売手数料136(9.0%) − FBA配送290 − 保管1[0.20L×9170円/m³×0.7ヶ月] − 外注182 − 雑費100 − 目標利益303(20%),1516,1516,はい,45,3000,483,3,中小候補,リチウム/電源系(PSE・FBA危険物),A,1500-1999円,2026-08-24 12:54,候補,
KIOXIA,USBフラッシュメモリ 64GB USB 3.2 Gen 1 KIOXIA TransMemory U366 薄型 スタイリッシュ メタリックボディ [並行輸入品],B0BSN6H7HY,329,1830,2,15.0,0.67,パソコン・周辺機器 > 外付けドライブ・ストレージ > USBメモリ・フラッシュドライブ,標準(小型),https://www.amazon.co.jp/dp/B0BSN6H7HY,https://keepa.com/#!product/5-B0BSN6H7HY,https://www.google.com/search?q=KIOXIA%20%E4%BC%9A%E7%A4%BE%E6%A6%82%E8%A6%81%20%E5%95%8F%E3%81%84%E5%90%88%E3%82%8F%E3%81%9B%20%E5%8D%B8,KIOXIA,KIOXIA,jnhショップ（適格請求書発行事業者） / YYKストア,,583,26.0,254,20,1270,過去最安値(2026-02-23以降),9.0,基準売価1270 − 販売手数料114(9.0%) − FBA配送290 − 保管0[0.07L×9170円/m³×0.7ヶ月] − 外注182 − 雑費100 − 目標利益254(20%),1830,1270,はい,45,300,2111,2,中小候補,電気製品(PSE要確認),A,1500-1999円,2026-08-24 12:54,候補,
AirDry,双眼鏡 ライブ用 20倍 オペラグラス 【超軽量·お子様や女性に最適】スポーツ観戦用 双眼鏡 コンサート 防振 軽量 小型 防水 倍率調整可能 ライブ/オペラ/観劇/スポーツ観戦/,B0FYY4VHTW,772,1898,3,11.25,0.89,家電＆カメラ > カメラ > 双眼鏡・望遠鏡・光学機器,標準(小型),https://www.amazon.co.jp/dp/B0FYY4VHTW,https://keepa.com/#!product/5-B0FYY4VHTW,https://www.google.com/search?q=AirDry%20%E4%BC%9A%E7%A4%BE%E6%A6%82%E8%A6%81%20%E5%95%8F%E3%81%84%E5%90%88%E3%82%8F%E3%81%9B%20%E5%8D%B8,AirDry,AirDry,TWOA STORE / AirDry Online Store / Credin-jp,メーカー直販,1152,40.7,380,20,1898,過去最安値(2026-02-23以降),9.0,基準売価1898 − 販売手数料170(9.0%) − FBA配送290 − 保管3[0.40L×9170円/m³×0.9ヶ月] − 外注182 − 雑費100 − 目標利益379(20%),1898,1898,はい,45,3000,325,4,中小候補,電気製品(PSE要確認),A,1500-1999円,2026-08-24 12:54,候補,
Gudluky,airtag エアタグ カード gpsタグ スマートタグ 紛失防止タグ【2026年最強 安全性・10年超長持ち!革新的Li-Po&極薄1.6mm&技適取得&全球追跡】スマートトラッ,B0F29G9GPQ,759,1893,3,11.0,0.91,家電＆カメラ > ウェアラブルデバイス > スマートトラッカー,標準(小型),https://www.amazon.co.jp/dp/B0F29G9GPQ,https://keepa.com/#!product/5-B0F29G9GPQ,https://www.google.com/search?q=Gudluky%20%E4%BC%9A%E7%A4%BE%E6%A6%82%E8%A6%81%20%E5%95%8F%E3%81%84%E5%90%88%E3%82%8F%E3%81%9B%20%E5%8D%B8,Gudluky,Gudluky,LizhongF-JP / LiuGng-JPストア / 【公式】Gudluky,メーカー直販,1135,40.5,375,20,1877,過去最安値(2026-02-23以降),9.0,基準売価1877 − 販売手数料168(9.0%) − FBA配送290 − 保管1[0.08L×9170円/m³×0.9ヶ月] − 外注182 − 雑費100 − 目標利益375(20%),1893,1877,はい,44,1000,409,3,大手/海外疑い,電気製品(PSE要確認),A,1500-1999円,2026-08-24 12:54,候補,
パナソニック(Panasonic),Panasonic CTL1616 Solar Rechargeable CTL 1616 Battery Replacement Watch Cells Casio【並行輸入】,B00DULLIJ8,492,1680,2,14.67,0.68,家電＆カメラ > 電池 > 乾電池,標準(小型),https://www.amazon.co.jp/dp/B00DULLIJ8,https://keepa.com/#!product/5-B00DULLIJ8,https://www.google.com/search?q=%E3%83%91%E3%83%8A%E3%82%BD%E3%83%8B%E3%83%83%E3%82%AF%28Panasonic%29%20%E4%BC%9A%E7%A4%BE%E6%A6%82%E8%A6%81%20%E5%95%8F%E3%81%84%E5%90%88%E3%82%8F%E3%81%9B%20%E5%8D%B8,パナソニック(Panasonic),Panasonic,CENFILL 【スウォッチグループ RENATAバッテリー正規輸入代理店】 / 【公式】9687SHOP,,792,32.8,300,20,1499,過去最安値(2026-02-23以降),9.0,基準売価1499 − 販売手数料134(9.0%) − FBA配送290 − 保管0[0.03L×9170円/m³×0.7ヶ月] − 外注182 − 雑費100 − 目標利益299(20%),1680,1499,はい,44,100,8333,2,大手/海外疑い,電気製品(PSE要確認),A,1500-1999円,2026-08-24 12:54,候補,
Zeniss,タイプc イヤホン 有線 HiFi 快適な装着感 type-c 有線イヤホン 絡み防止 遅延なし iphone17/15/16対応,B0GGZCD6Y7,505,1799,2,14.33,0.7,家電＆カメラ > イヤホン・ヘッドホン > イヤホン・ヘッドホン本体,標準(小型),https://www.amazon.co.jp/dp/B0GGZCD6Y7,https://keepa.com/#!product/5-B0GGZCD6Y7,https://www.google.com/search?q=Zeniss%20%E4%BC%9A%E7%A4%BE%E6%A6%82%E8%A6%81%20%E5%95%8F%E3%81%84%E5%90%88%E3%82%8F%E3%81%9B%20%E5%8D%B8,Zeniss,Zeniss,公式ストアnet / 直販ストア,,809,33.3,304,20,1519,過去最安値(2026-02-23以降),9.0,基準売価1519 − 販売手数料136(9.0%) − FBA配送290 − 保管1[0.21L×9170円/m³×0.7ヶ月] − 外注182 − 雑費100 − 目標利益303(20%),1799,1519,はい,43,100,799,2,中小候補,電気製品(PSE要確認),A,1500-1999円,2026-08-24 12:54,候補,
Ailewu,自撮り棒 【業界初売りミニ、安定モデル】スマホスタンド 三脚 スマホ デジカメ兼用 じどり棒 iphone&android対応 じどりぼう コンパクト 自 撮り 棒 リモコン付き ,B0B93NSQ3H,617,1698,4,8.6,1.16,家電＆カメラ > カメラ > 三脚・一脚,標準(小型),https://www.amazon.co.jp/dp/B0B93NSQ3H,https://keepa.com/#!product/5-B0B93NSQ3H,https://www.google.com/search?q=Ailewu%20%E4%BC%9A%E7%A4%BE%E6%A6%82%E8%A6%81%20%E5%95%8F%E3%81%84%E5%90%88%E3%82%8F%E3%81%9B%20%E5%8D%B8,Ailewu,"ShenZhen Sailangde Technology Co., Ltd.",AilewuDirect [保証付き・日本語サポート] / AILEWU メーカー直営店 / AILEWU 直営店 / Ailewu Direct,メーカー直販,953,36.7,336,20,1681,過去最安値(2026-02-23以降),9.0,基準売価1681 − 販売手数料151(9.0%) − FBA配送290 − 保管4[0.40L×9170円/m³×1.2ヶ月] − 外注182 − 雑費100 − 目標利益336(20%),1698,1681,はい,43,2000,372,4,中小候補,電気製品(PSE要確認),A,1500-1999円,2026-08-24 12:54,候補,
TXWDFHL,【2026新登場&LCD画面】鼻毛カッター メンズ 替刃付き USB充電式 はな毛カッター はなげカッター バッテリー残量の表示 1台多役 エチケットカッター 電動 鼻毛切り 耳毛,B0GBWZBMS5,431,1780,2,14.33,0.7,ホーム＆キッチン > 家電 > 理美容家電,標準(小型),https://www.amazon.co.jp/dp/B0GBWZBMS5,https://keepa.com/#!product/5-B0GBWZBMS5,https://www.google.com/search?q=TXWDFHL%20%E4%BC%9A%E7%A4%BE%E6%A6%82%E8%A6%81%20%E5%95%8F%E3%81%84%E5%90%88%E3%82%8F%E3%81%9B%20%E5%8D%B8,TXWDFHL,TXWDFHL,FZD-JP / XXX-JP,,745,27.4,314,20,1572,過去最安値(2026-02-23以降),16.0,基準売価1572 − 販売手数料251(16.0%) − FBA配送290 − 保管3[0.42L×9170円/m³×0.7ヶ月] − 外注182 − 雑費100 − 目標利益314(20%),1780,1572,はい,43,700,3366,2,中小候補,リチウム/電源系(PSE・FBA危険物),A,1500-1999円,2026-08-24 12:54,候補,
Boytond,【ビジネス/オンライン会議最適】【気候フレンドリー認定取得】Boytond YYK-520 ヘッドセット Bluetooth5.3 片耳 ワイヤレス 耳掛け型 物理操作ボタン 2台,B0BPLVLQPG,510,1799,2,14.33,0.7,家電＆カメラ > 携帯電話・スマートフォン > 携帯電話・スマートフォンアクセサリ,標準(小型),https://www.amazon.co.jp/dp/B0BPLVLQPG,https://keepa.com/#!product/5-B0BPLVLQPG,https://www.google.com/search?q=Boytond%20%E4%BC%9A%E7%A4%BE%E6%A6%82%E8%A6%81%20%E5%95%8F%E3%81%84%E5%90%88%E3%82%8F%E3%81%9B%20%E5%8D%B8,Boytond,Boytond,Boytond / LiXiangMeicvhnj,メーカー直販,816,33.4,306,20,1529,過去最安値(2026-02-23以降),9.0,基準売価1529 − 販売手数料137(9.0%) − FBA配送290 − 保管3[0.40L×9170円/m³×0.7ヶ月] − 外注182 − 雑費100 − 目標利益305(20%),1799,1529,はい,43,1000,1090,2,中小候補,電気製品(PSE要確認),A,1500-1999円,2026-08-24 12:54,候補,
HEIBAS,ヘッドセット bluetooth 108超長時間再生【2026至高のBluetooth 6.0チープ搭載】物理操作ボタン ハンズフリー通話,B0FPQP6T6V,690,1998,2,14.33,0.7,家電＆カメラ > 携帯電話・スマートフォン > 携帯電話・スマートフォンアクセサリ,標準(小型),https://www.amazon.co.jp/dp/B0FPQP6T6V,https://keepa.com/#!product/5-B0FPQP6T6V,https://www.google.com/search?q=HEIBAS%20%E4%BC%9A%E7%A4%BE%E6%A6%82%E8%A6%81%20%E5%95%8F%E3%81%84%E5%90%88%E3%82%8F%E3%81%9B%20%E5%8D%B8,HEIBAS,Origin qilin,Sakasi JP / Cunmai JP,,1046,38.8,356,20,1781,過去最安値(2026-02-23以降),9.0,基準売価1781 − 販売手数料160(9.0%) − FBA配送290 − 保管2[0.34L×9170円/m³×0.7ヶ月] − 外注182 − 雑費100 − 目標利益356(20%),1998,1781,はい,43,3000,173,2,中小候補,電気製品(PSE要確認),A,1500-1999円,2026-08-24 12:54,候補,
VELIKE,海外 変換プラグ VELIKE コンセント マルチ変換プラグ 2USBポート 全世界対応 電源変換器 海外旅行用充電器 A/O/BF/Cタイプ マルチアダプター 200ヶ国以上通用,B0C2YZ3ZFS,616,1678,3,10.75,0.93,家電＆カメラ > アクセサリ・サプライ > 旅行用電源変換プラグ,標準(小型),https://www.amazon.co.jp/dp/B0C2YZ3ZFS,https://keepa.com/#!product/5-B0C2YZ3ZFS,https://www.google.com/search?q=VELIKE%20%E4%BC%9A%E7%A4%BE%E6%A6%82%E8%A6%81%20%E5%95%8F%E3%81%84%E5%90%88%E3%82%8F%E3%81%9B%20%E5%8D%B8,VELIKE,VELIKE,VELIKE DIRECT / TOPEVER JP専売店 / YUBOEST JP直営店,メーカー直販,951,36.7,336,20,1678,過去最安値(2026-02-23以降),9.0,基準売価1678 − 販売手数料151(9.0%) − FBA配送290 − 保管3[0.40L×9170円/m³×0.9ヶ月] − 外注182 − 雑費100 − 目標利益335(20%),1678,1678,はい,43,500,747,3,中小候補,リチウム/電源系(PSE・FBA危険物),A,1500-1999円,2026-08-24 12:54,候補,
Zeniss,イヤホン【MFi認証品】 iphone用 有線イヤホン 純正 HiFi音質 通話可能 イヤホンマイク 遅延なし,B0BPHJRV4P,701,1797,4,8.4,1.19,家電＆カメラ > イヤホン・ヘッドホン > イヤホン・ヘッドホン本体,標準(小型),https://www.amazon.co.jp/dp/B0BPHJRV4P,https://keepa.com/#!product/5-B0BPHJRV4P,https://www.google.com/search?q=Zeniss%20%E4%BC%9A%E7%A4%BE%E6%A6%82%E8%A6%81%20%E5%95%8F%E3%81%84%E5%90%88%E3%82%8F%E3%81%9B%20%E5%8D%B8,Zeniss,Shenzhen Boyi Electronics Co.LTD,cirの館 / 公式ストアnet / rwno激安 / 直販ストア,,1061,39.1,359,20,1797,過去最安値(2026-02-23以降),9.0,基準売価1797 − 販売手数料161(9.0%) − FBA配送290 − 保管2[0.22L×9170円/m³×1.2ヶ月] − 外注182 − 雑費100 − 目標利益359(20%),1797,1797,はい,42,1000,799,4,中小候補,電気製品(PSE要確認),A,1500-1999円,2026-08-24 12:54,候補,
オウルテック,オウルテック ライトニングケーブル 巻取り式 両引きタイプ データ転送 480Mbps MFi認証取得 軽量 コンパクト 静音 iPhone/iPad対応 1.2m ホワイト OE,B0B5FWS7J7,677,1780,3,10.25,0.98,パソコン・周辺機器 > PCアクセサリ・サプライ > ケーブル・アクセサリ,標準(小型),https://www.amazon.co.jp/dp/B0B5FWS7J7,https://keepa.com/#!product/5-B0B5FWS7J7,https://www.google.com/search?q=%E3%82%AA%E3%82%A6%E3%83%AB%E3%83%86%E3%83%83%E3%82%AF%20%E4%BC%9A%E7%A4%BE%E6%A6%82%E8%A6%81%20%E5%95%8F%E3%81%84%E5%90%88%E3%82%8F%E3%81%9B%20%E5%8D%B8,オウルテック,オウルテック,オウルテック ダイレクト / ミーニャ 簡易梱包、衣類ぬいぐるみ等は圧縮後発送となります / ECJOY! [創業24年インボイスT7011001061049],メーカー直販,1029,38.4,352,20,1762,過去最安値(2026-02-23以降),9.0,基準売価1762 − 販売手数料158(9.0%) − FBA配送290 − 保管2[0.22L×9170円/m³×1.0ヶ月] − 外注182 − 雑費100 − 目標利益352(20%),1780,1762,はい,41,100,2173,3,中小候補,電気製品(PSE要確認),A,1500-1999円,2026-08-24 12:54,候補,
actiTube,actitube(アクティチューブ)活性炭フィルター 100本入 【Tuneフィルター】,B082Q18CL4,495,1740,3,10.5,0.95,ホーム＆キッチン > 家電 > 空調・季節家電,標準(小型),https://www.amazon.co.jp/dp/B082Q18CL4,https://keepa.com/#!product/5-B082Q18CL4,https://www.google.com/search?q=actiTube%20%E4%BC%9A%E7%A4%BE%E6%A6%82%E8%A6%81%20%E5%95%8F%E3%81%84%E5%90%88%E3%82%8F%E3%81%9B%20%E5%8D%B8,actiTube,アクティチューブ(actiTube),ペーパーカンパニー / import_shop / KKPLオンライン,,830,29.6,335,20,1673,過去最安値(2026-02-23以降),16.0,基準売価1673 − 販売手数料267(16.0%) − FBA配送290 − 保管3[0.33L×9170円/m³×1.0ヶ月] − 外注182 − 雑費100 − 目標利益334(20%),1740,1673,はい,42,300,5704,4,中小候補,電気製品(PSE要確認),A,1500-1999円,2026-08-24 12:54,候補,
Anker,Anker PowerExtend (6-in-1)(USBタップ 電源タップ AC差込口 USB-Cポート USB-Aポート) 【PSE技術基準適合/USB Power Deli,B0BVLXDMZT,590,1640,2,13.33,0.75,パソコン・周辺機器 > PCアクセサリ・サプライ > 電源タップ,標準(小型),https://www.amazon.co.jp/dp/B0BVLXDMZT,https://keepa.com/#!product/5-B0BVLXDMZT,https://www.google.com/search?q=Anker%20%E4%BC%9A%E7%A4%BE%E6%A6%82%E8%A6%81%20%E5%95%8F%E3%81%84%E5%90%88%E3%82%8F%E3%81%9B%20%E5%8D%B8,Anker,Anker,amito(アミト） / AnkerDirect,メーカー直販,918,36.0,328,20,1640,過去最安値(2026-02-23以降),9.0,基準売価1640 − 販売手数料147(9.0%) − FBA配送290 − 保管2[0.34L×9170円/m³×0.8ヶ月] − 外注182 − 雑費100 − 目標利益328(20%),1640,1640,はい,40,500,533,2,大手/海外疑い,リチウム/電源系(PSE・FBA危険物),A,1500-1999円,2026-08-24 12:54,候補,
Negolas,スマホ 三脚 iphone用 Bluetoothリモコン付き 3WAY雲台 4段階伸縮 最大長さ130cm 360°回転可能 スマートフォン 軽量 ミニ三脚 収納袋付き 持ち運び便,B09WQVRGLN,363,1791,2,13.67,0.73,家電＆カメラ > 携帯電話・スマートフォン > 携帯電話・スマートフォンアクセサリ,標準1,https://www.amazon.co.jp/dp/B09WQVRGLN,https://keepa.com/#!product/5-B09WQVRGLN,https://www.google.com/search?q=Negolas%20%E4%BC%9A%E7%A4%BE%E6%A6%82%E8%A6%81%20%E5%95%8F%E3%81%84%E5%90%88%E3%82%8F%E3%81%9B%20%E5%8D%B8,Negolas,Negolas,Negolas-XGXL1年間保証付き｜日本語サポート対応 / （Monvera-メーカー直営店・１年保証付き・日本語サポート）,メーカー直販,701,21.5,338,20,1690,過去最安値(2026-02-23以降),9.0,基準売価1690 − 販売手数料152(9.0%) − FBA配送434 − 保管20[2.96L×9170円/m³×0.7ヶ月] − 外注282 − 雑費100 − 目標利益338(20%),1791,1690,はい,41,4000,245,2,中小候補,電気製品(PSE要確認),A,1500-1999円,2026-08-24 12:54,候補,
Yaizk,2026年改良モデル 室内アンテナ テレビアンテナ 地デジアンテナ 4KHD 530KM受信範囲 最強 信号ブースター内蔵 UHF/VHF対応,B0B8GTG8RP,483,1680,2,13.67,0.73,家電＆カメラ > テレビ・レコーダー > アクセサリ,標準(小型),https://www.amazon.co.jp/dp/B0B8GTG8RP,https://keepa.com/#!product/5-B0B8GTG8RP,https://www.google.com/search?q=Yaizk%20%E4%BC%9A%E7%A4%BE%E6%A6%82%E8%A6%81%20%E5%95%8F%E3%81%84%E5%90%88%E3%82%8F%E3%81%9B%20%E5%8D%B8,Yaizk,YaizK,Yaizk-DQ [メーカー直営＆品質保証] / Yaizk-MW[メーカー直営＆品質保証],メーカー直販,781,32.4,299,20,1493,過去最安値(2026-02-23以降),9.0,基準売価1493 − 販売手数料134(9.0%) − FBA配送290 − 保管5[0.80L×9170円/m³×0.7ヶ月] − 外注182 − 雑費100 − 目標利益298(20%),1680,1493,はい,41,2000,474,3,中小候補,電気製品(PSE要確認),A,1500-1999円,2026-08-24 12:54,候補,
SHEENGO,BCI-301+300/5MP インクカートリッジ キヤノン用 インク 互換 対応機種：PIXUS TS7530 大容量,B09XTXBZYR,639,1765,2,13.67,0.73,パソコン・周辺機器 > PCアクセサリ・サプライ > プリンタアクセサリ,標準(小型),https://www.amazon.co.jp/dp/B09XTXBZYR,https://keepa.com/#!product/5-B09XTXBZYR,https://www.google.com/search?q=SHEENGO%20%E4%BC%9A%E7%A4%BE%E6%A6%82%E8%A6%81%20%E5%95%8F%E3%81%84%E5%90%88%E3%82%8F%E3%81%9B%20%E5%8D%B8,SHEENGO,SHEENGO,Shunyu Office / KaiGuanGui,,982,37.3,343,20,1715,過去最安値(2026-02-23以降),9.0,基準売価1715 − 販売手数料154(9.0%) − FBA配送290 − 保管6[0.89L×9170円/m³×0.7ヶ月] − 外注182 − 雑費100 − 目標利益343(20%),1765,1715,はい,41,500,1523,4,中小候補,電気製品(PSE要確認),A,1500-1999円,2026-08-24 12:54,候補,
PRXA,HDMIケーブル iPhone HDMI変換ケーブル 2m Lightning 電源不要 設定不要 音声同期出力 iOS9.2 to iOS26対応 [並行輸入品],B0DYFBPZM9,559,1596,2,13.33,0.75,家電＆カメラ > テレビ・レコーダー > アクセサリ,標準(小型),https://www.amazon.co.jp/dp/B0DYFBPZM9,https://keepa.com/#!product/5-B0DYFBPZM9,https://www.google.com/search?q=PRXA%20%E4%BC%9A%E7%A4%BE%E6%A6%82%E8%A6%81%20%E5%95%8F%E3%81%84%E5%90%88%E3%82%8F%E3%81%9B%20%E5%8D%B8,PRXA,PRXA,linzhuqing111 / hyg67,,878,35.0,319,20,1596,過去最安値(2026-02-23以降),9.0,基準売価1596 − 販売手数料143(9.0%) − FBA配送290 − 保管2[0.23L×9170円/m³×0.8ヶ月] − 外注182 − 雑費100 − 目標利益319(20%),1596,1596,はい,40,1000,919,3,中小候補,リチウム/電源系(PSE・FBA危険物),A,1500-1999円,2026-08-24 12:54,候補,
SanDisk,SanDisk microSDHC ULTRA 16GB 80MB/s SDSQUNS-016G Class10 サンディスク,B074B4P7KD,418,1966,5,6.5,1.54,パソコン・周辺機器 > PCアクセサリ・サプライ > メモリーカード,標準(小型),https://www.amazon.co.jp/dp/B074B4P7KD,https://keepa.com/#!product/5-B074B4P7KD,https://www.google.com/search?q=SanDisk%20%E4%BC%9A%E7%A4%BE%E6%A6%82%E8%A6%81%20%E5%95%8F%E3%81%84%E5%90%88%E3%82%8F%E3%81%9B%20%E5%8D%B8,SanDisk,SanDisk,テルミナス【フラッシュメモリー・ＨＤＤ専門店】 / New-idea Shop / 風見鶏 - フラッシュメモリ専門店 / 輸入専門R-import shop / BixmeJP,,697,30.0,279,20,1396,過去最安値(2026-02-23以降),9.0,基準売価1396 − 販売手数料125(9.0%) − FBA配送290 − 保管1[0.05L×9170円/m³×1.5ヶ月] − 外注182 − 雑費100 − 目標利益279(20%),1966,1396,はい,39,100,5796,6,大手/海外疑い,電気製品(PSE要確認),A,1500-1999円,2026-08-24 12:54,候補,
TXWDFHL,【2026新登場&LCD画面】鼻毛カッター メンズ 替刃付き USB充電式 はな毛カッター はなげカッター バッテリー残量の表示 1台多役 エチケットカッター 電動 鼻毛切り 耳毛,B0GBWCXJWM,431,1780,2,13.0,0.77,ホーム＆キッチン > 家電 > 理美容家電,標準(小型),https://www.amazon.co.jp/dp/B0GBWCXJWM,https://keepa.com/#!product/5-B0GBWCXJWM,https://www.google.com/search?q=TXWDFHL%20%E4%BC%9A%E7%A4%BE%E6%A6%82%E8%A6%81%20%E5%95%8F%E3%81%84%E5%90%88%E3%82%8F%E3%81%9B%20%E5%8D%B8,TXWDFHL,TXWDFHL,FZD-JP / XXX-JP,,745,27.4,314,20,1572,過去最安値(2026-02-23以降),16.0,基準売価1572 − 販売手数料251(16.0%) − FBA配送290 − 保管3[0.41L×9170円/m³×0.8ヶ月] − 外注182 − 雑費100 − 目標利益314(20%),1780,1572,はい,39,100,3366,2,中小候補,リチウム/電源系(PSE・FBA危険物),A,1500-1999円,2026-08-24 12:54,候補,
CASIO(カシオ),AMZTOP CASIO[カシオ]G-SHOCK タフソーラー用 純正二次電池[充電池] CTL920F CTL920 キャパシタ,B0081OB5XI,734,1840,2,13.0,0.77,家電＆カメラ > 電池 > 充電式電池,標準(小型),https://www.amazon.co.jp/dp/B0081OB5XI,https://keepa.com/#!product/5-B0081OB5XI,https://www.google.com/search?q=CASIO%28%E3%82%AB%E3%82%B7%E3%82%AA%29%20%E4%BC%9A%E7%A4%BE%E6%A6%82%E8%A6%81%20%E5%95%8F%E3%81%84%E5%90%88%E3%82%8F%E3%81%9B%20%E5%8D%B8,CASIO(カシオ),,【創業90年の老舗】　時計工具・雑貨　YOUマルシェ / CENFILL 【スウォッチグループ RENATAバッテリー正規輸入代理店】,,1102,39.9,368,20,1840,過去最安値(2026-02-23以降),9.0,基準売価1840 − 販売手数料165(9.0%) − FBA配送290 − 保管0[0.01L×9170円/m³×0.8ヶ月] − 外注182 − 雑費100 − 目標利益368(20%),1840,1840,はい,39,100,8036,2,大手/海外疑い,リチウム/電源系(PSE・FBA危険物),A,1500-1999円,2026-08-24 12:54,候補,
Newluck,【2025新登場】Newluck USB-C & HDMI 変換アダプタ キャプチャーボード HDMI キャプチャーボード HD画質録画 HD1080P/4Kパススルー機能 HDM,B0CFL77BXV,693,1801,2,12.67,0.79,パソコン・周辺機器 > PCパーツ > TVチューナー・キャプチャーボード,標準(小型),https://www.amazon.co.jp/dp/B0CFL77BXV,https://keepa.com/#!product/5-B0CFL77BXV,https://www.google.com/search?q=Newluck%20%E4%BC%9A%E7%A4%BE%E6%A6%82%E8%A6%81%20%E5%95%8F%E3%81%84%E5%90%88%E3%82%8F%E3%81%9B%20%E5%8D%B8,Newluck,Newluck,jifeidianzi JP / Qigedianzi JP,,1050,38.9,357,20,1784,過去最安値(2026-02-23以降),9.0,基準売価1784 − 販売手数料160(9.0%) − FBA配送290 − 保管1[0.20L×9170円/m³×0.8ヶ月] − 外注182 − 雑費100 − 目標利益356(20%),1801,1784,はい,38,100,5022,2,中小候補,リチウム/電源系(PSE・FBA危険物),A,1500-1999円,2026-08-24 12:54,候補,
Tuwejia,2026高機能版 USB Type c HDMI アダプタタイプc H dmi 変換 Tuwejia４K 解像度 hdmiポートUSB 3.0高速ポートタイプ100W PD急速充電,B07G44M4S3,510,1528,3,9.75,1.03,家電＆カメラ > 携帯電話・スマートフォン > 携帯電話・スマートフォンアクセサリ,標準(小型),https://www.amazon.co.jp/dp/B07G44M4S3,https://keepa.com/#!product/5-B07G44M4S3,https://www.google.com/search?q=Tuwejia%20%E4%BC%9A%E7%A4%BE%E6%A6%82%E8%A6%81%20%E5%95%8F%E3%81%84%E5%90%88%E3%82%8F%E3%81%9B%20%E5%8D%B8,Tuwejia,Tuwejia,T-公式直営店 / GY-JP公式直営店 / CLDAY,,816,33.4,306,20,1528,過去最安値(2026-02-23以降),9.0,基準売価1528 − 販売手数料137(9.0%) − FBA配送290 − 保管2[0.22L×9170円/m³×1.0ヶ月] − 外注182 − 雑費100 − 目標利益305(20%),1528,1528,はい,39,500,1682,3,中小候補,電気製品(PSE要確認),A,1500-1999円,2026-08-24 12:54,候補,
TIGORA(ティゴラ),TIGORA(ティゴラ) ソフトテニス 練習用ゴム付きボール ソフトテニストレーナー,B0B87S3TV6,332,1920,4,7.8,1.28,スポーツ＆アウトドア > ソフトテニス > ボール,標準1,https://www.amazon.co.jp/dp/B0B87S3TV6,https://keepa.com/#!product/5-B0B87S3TV6,https://www.google.com/search?q=TIGORA%28%E3%83%86%E3%82%A3%E3%82%B4%E3%83%A9%29%20%E4%BC%9A%E7%A4%BE%E6%A6%82%E8%A6%81%20%E5%95%8F%E3%81%84%E5%90%88%E3%82%8F%E3%81%9B%20%E5%8D%B8,TIGORA(ティゴラ),ティゴラ(TIGORA),ARE YOU LU-LA / イロドリ本舗【適格請求書発行事業者】 / simplife online / 【賞味期限をコンディション欄にてご確認ください】ayuma-shop,,696,18.3,364,20,1820,過去最安値(2026-02-23以降),16.0,基準売価1820 − 販売手数料291(16.0%) − FBA配送434 − 保管16[1.34L×9170円/m³×1.3ヶ月] − 外注282 − 雑費100 − 目標利益364(20%),1920,1820,はい,39,200,4108,4,中小候補,,A,1500-1999円,2026-08-24 12:54,候補,
クイックル,クイックルハンディ替え 大容量パック 12枚,B07GQPQTJG,311,1790,3,9.75,1.03,ホーム＆キッチン > 掃除用品 > フロアモップ・フロアワイパー,標準(小型),https://www.amazon.co.jp/dp/B07GQPQTJG,https://keepa.com/#!product/5-B07GQPQTJG,https://www.google.com/search?q=%E3%82%AF%E3%82%A4%E3%83%83%E3%82%AF%E3%83%AB%20%E4%BC%9A%E7%A4%BE%E6%A6%82%E8%A6%81%20%E5%95%8F%E3%81%84%E5%90%88%E3%82%8F%E3%81%9B%20%E5%8D%B8,クイックル,花王,BOD-WEB 18年目です！【インボイス登録事業者】 / ライフマート24 / セキシンドラッグ公式通販,,607,21.0,296,20,1480,過去最安値(2026-02-23以降),16.0,基準売価1480 − 販売手数料236(16.0%) − FBA配送290 − 保管64[6.79L×9170円/m³×1.0ヶ月] − 外注182 − 雑費100 − 目標利益296(20%),1790,1480,はい,39,200,5676,3,中小候補,,A,1500-1999円,2026-08-24 12:54,候補,
FleekFit,【新設計 超軽量・約98g】 モバイルバッテリー 小型 大容量 5000mAh MFi正規認証 Lightningコ& タイプCコネクター内蔵,B0D44LBXCX,380,1510,2,13.0,0.77,家電＆カメラ > 携帯電話・スマートフォン > 携帯電話・スマートフォンアクセサリ,標準(小型),https://www.amazon.co.jp/dp/B0D44LBXCX,https://keepa.com/#!product/5-B0D44LBXCX,https://www.google.com/search?q=FleekFit%20%E4%BC%9A%E7%A4%BE%E6%A6%82%E8%A6%81%20%E5%95%8F%E3%81%84%E5%90%88%E3%82%8F%E3%81%9B%20%E5%8D%B8,FleekFit,"FleekFit （Jiang Xi Cheng jiang new energy Co.,Ltd）",tuantuan JP / XinChuang JP,,649,28.3,269,20,1346,過去最安値(2026-02-23以降),9.0,基準売価1346 − 販売手数料121(9.0%) − FBA配送290 − 保管3[0.41L×9170円/m³×0.8ヶ月] − 外注182 − 雑費100 − 目標利益269(20%),1510,1346,はい,39,400,1866,2,中小候補,リチウム/電源系(PSE・FBA危険物),A,1500-1999円,2026-08-24 12:54,候補,
ZVZHM,HDMI キャプチャーボード Switch/UVC対応 4K@30Hz 4K入力＆1080P出力 Type C&USB A&USB C 2in1 Type C小型軽量 キャプチャ ,B0F1SVFN8M,559,1596,2,13.0,0.77,パソコン・周辺機器 > 外付けドライブ・ストレージ > 外付TVチューナー・ビデオキャプチャ,標準(小型),https://www.amazon.co.jp/dp/B0F1SVFN8M,https://keepa.com/#!product/5-B0F1SVFN8M,https://www.google.com/search?q=ZVZHM%20%E4%BC%9A%E7%A4%BE%E6%A6%82%E8%A6%81%20%E5%95%8F%E3%81%84%E5%90%88%E3%82%8F%E3%81%9B%20%E5%8D%B8,ZVZHM,,Z-公式直営店 / ZVZHM-JP公式直営店,メーカー直販,878,35.0,319,20,1596,過去最安値(2026-02-23以降),9.0,基準売価1596 − 販売手数料143(9.0%) − FBA配送290 − 保管2[0.26L×9170円/m³×0.8ヶ月] − 外注182 − 雑費100 − 目標利益319(20%),1596,1596,はい,39,200,2282,2,中小候補,電気製品(PSE要確認),A,1500-1999円,2026-08-24 12:54,候補,
Runbod,sata usb 変換ケーブル 3.5/2.5インチ SSD HDD SATA USB変換アダプター SATA3 USB3.0 変換ケーブル 電源アダプター付 Windows10/,B07SGBYB6Z,686,1999,2,12.67,0.79,パソコン・周辺機器 > PCアクセサリ・サプライ > ケーブル・アクセサリ,標準(小型),https://www.amazon.co.jp/dp/B07SGBYB6Z,https://keepa.com/#!product/5-B07SGBYB6Z,https://www.google.com/search?q=Runbod%20%E4%BC%9A%E7%A4%BE%E6%A6%82%E8%A6%81%20%E5%95%8F%E3%81%84%E5%90%88%E3%82%8F%E3%81%9B%20%E5%8D%B8,Runbod,,ooseal / cleantt,,1042,38.5,356,20,1781,過去最安値(2026-02-23以降),9.0,基準売価1781 − 販売手数料160(9.0%) − FBA配送290 − 保管6[0.83L×9170円/m³×0.8ヶ月] − 外注182 − 雑費100 − 目標利益356(20%),1999,1781,はい,38,300,3305,2,中小候補,リチウム/電源系(PSE・FBA危険物),A,1500-1999円,2026-08-24 12:54,候補,
AWINEY,iPhone イヤホン 有線【2026新版 Apple MFi認証済み】純正 iphone用イヤホン lightning ライトニング接続 ステレオイヤフォン マイク付き 通話対応,B0B55Z3NMN,682,1785,3,9.75,1.03,家電＆カメラ > イヤホン・ヘッドホン > イヤホン・ヘッドホン本体,標準(小型),https://www.amazon.co.jp/dp/B0B55Z3NMN,https://keepa.com/#!product/5-B0B55Z3NMN,https://www.google.com/search?q=AWINEY%20%E4%BC%9A%E7%A4%BE%E6%A6%82%E8%A6%81%20%E5%95%8F%E3%81%84%E5%90%88%E3%82%8F%E3%81%9B%20%E5%8D%B8,AWINEY,AWINEY,Awiney jp / Kaiway JP / VEBOSS JP,メーカー直販,1035,38.6,354,20,1768,過去最安値(2026-02-23以降),9.0,基準売価1768 − 販売手数料159(9.0%) − FBA配送290 − 保管1[0.16L×9170円/m³×1.0ヶ月] − 外注182 − 雑費100 − 目標利益353(20%),1785,1768,はい,39,800,1185,3,大手/海外疑い,電気製品(PSE要確認),A,1500-1999円,2026-08-24 12:54,候補,
マタインク,マタインク BCI-301 BCI-300 5本セット TS7530 インク キヤノン用 インク 純正と併用可能 301 300 大容量タイプ,B0DD79PNC4,655,1761,4,7.4,1.35,パソコン・周辺機器 > PCアクセサリ・サプライ > プリンタアクセサリ,標準(小型),https://www.amazon.co.jp/dp/B0DD79PNC4,https://keepa.com/#!product/5-B0DD79PNC4,https://www.google.com/search?q=%E3%83%9E%E3%82%BF%E3%82%A4%E3%83%B3%E3%82%AF%20%E4%BC%9A%E7%A4%BE%E6%A6%82%E8%A6%81%20%E5%95%8F%E3%81%84%E5%90%88%E3%82%8F%E3%81%9B%20%E5%8D%B8,マタインク,マタインク for Canon インク BCI300 BCI301,互換インク専門家 / Tufuha専門店 / マタインク JP / インク専門家,メーカー直販,1004,37.6,349,20,1745,過去最安値(2026-02-23以降),9.0,基準売価1745 − 販売手数料157(9.0%) − FBA配送290 − 保管11[0.88L×9170円/m³×1.4ヶ月] − 外注182 − 雑費100 − 目標利益349(20%),1761,1745,はい,37,200,4274,6,中小候補,電気製品(PSE要確認),A,1500-1999円,2026-08-24 12:54,候補,
Collonil(コロニル),[コロニル] 1909 シュプリーム クリーム デラックス カラーレス 100ml [並行輸入品],B076HKMQXK,512,1700,5,6.17,1.62,ファッション > ケア用品・工具・時計バンド > シューケア・シューアクセサリー,標準(小型),https://www.amazon.co.jp/dp/B076HKMQXK,https://keepa.com/#!product/5-B076HKMQXK,https://www.google.com/search?q=Collonil%28%E3%82%B3%E3%83%AD%E3%83%8B%E3%83%AB%29%20%E4%BC%9A%E7%A4%BE%E6%A6%82%E8%A6%81%20%E5%95%8F%E3%81%84%E5%90%88%E3%82%8F%E3%81%9B%20%E5%8D%B8,Collonil(コロニル),,TK&TM / メンズギフト専門店 | WOLFTECH(ウルフテック) / 東央商事 / MONOPONO / ECJOY! [創業24年インボイスT7011001061049],,852,30.1,340,20,1700,過去最安値(2026-02-23以降),16.0,基準売価1700 − 販売手数料272(16.0%) − FBA配送290 − 保管4[0.25L×9170円/m³×1.6ヶ月] − 外注182 − 雑費100 − 目標利益340(20%),1700,1700,はい,37,1000,977,5,中小候補,,A,1500-1999円,2026-08-24 12:54,候補,
Yaizk,USB2.0 ビデオキャプチャー 1920×1080p 1080P対応 ビデオ/VHS 8mm DVD ダビング パソコン取り込み ビデオキャプチャー キャプチャーボード Wind,B0CNXWZ25L,623,1706,3,9.5,1.05,パソコン・周辺機器 > 外付けドライブ・ストレージ > 外付TVチューナー・ビデオキャプチャ,標準(小型),https://www.amazon.co.jp/dp/B0CNXWZ25L,https://keepa.com/#!product/5-B0CNXWZ25L,https://www.google.com/search?q=Yaizk%20%E4%BC%9A%E7%A4%BE%E6%A6%82%E8%A6%81%20%E5%95%8F%E3%81%84%E5%90%88%E3%82%8F%E3%81%9B%20%E5%8D%B8,Yaizk,YaizK,ZBD- JP [メーカー直営＆品質保証] / songzhijiangaa / haiwenjunaa,,960,36.9,338,20,1689,過去最安値(2026-02-23以降),9.0,基準売価1689 − 販売手数料152(9.0%) − FBA配送290 − 保管4[0.39L×9170円/m³×1.1ヶ月] − 外注182 − 雑費100 − 目標利益337(20%),1706,1689,はい,38,300,2109,3,中小候補,電気製品(PSE要確認),A,1500-1999円,2026-08-24 12:54,候補,
ニチアス,ニチアス カグスベール 重量用 2個入 2個セット,B086LJTMXG,466,1750,2,12.33,0.81,DIY・工具・ガーデン > 建築金物 > 家具用金物,標準(小型),https://www.amazon.co.jp/dp/B086LJTMXG,https://keepa.com/#!product/5-B086LJTMXG,https://www.google.com/search?q=%E3%83%8B%E3%83%81%E3%82%A2%E3%82%B9%20%E4%BC%9A%E7%A4%BE%E6%A6%82%E8%A6%81%20%E5%95%8F%E3%81%84%E5%90%88%E3%82%8F%E3%81%9B%20%E5%8D%B8,ニチアス,ニチアス,アート建築・建具金物 / おひとつ便,,792,28.6,326,20,1629,過去最安値(2026-02-23以降),16.0,基準売価1629 − 販売手数料260(16.0%) − FBA配送290 − 保管4[0.48L×9170円/m³×0.8ヶ月] − 外注182 − 雑費100 − 目標利益325(20%),1750,1629,はい,37,500,1938,2,中小候補,,A,1500-1999円,2026-08-24 12:54,候補,
Gudluky,LEDテープライト LEDテープ【RGB1600万色 アプリ＋リモコン版 マイク/音楽連動 タイマ—機能】テープ テープ 22種類モード 無段階調光 （日本PSE認証済み） 間接照,B0DHQTYYST,621,1891,3,9.5,1.05,DIY・工具・ガーデン > エクステリア > アウトドア・エクステリアライト,標準(小型),https://www.amazon.co.jp/dp/B0DHQTYYST,https://keepa.com/#!product/5-B0DHQTYYST,https://www.google.com/search?q=Gudluky%20%E4%BC%9A%E7%A4%BE%E6%A6%82%E8%A6%81%20%E5%95%8F%E3%81%84%E5%90%88%E3%82%8F%E3%81%9B%20%E5%8D%B8,Gudluky,Gudluky,LTING-JP / 【公式】Gudluky / LiuGng-JPストア,メーカー直販,996,33.1,375,20,1876,過去最安値(2026-02-23以降),16.0,基準売価1876 − 販売手数料300(16.0%) − FBA配送290 − 保管7[0.76L×9170円/m³×1.1ヶ月] − 外注182 − 雑費100 − 目標利益375(20%),1891,1876,はい,38,900,251,3,中小候補,,A,1500-1999円,2026-08-24 12:54,候補,
Kungix,【2026新登場・360°回転・折り畳み式】 タブレット スタンド iPad スタンド 4.7~13インチ対応 軽量 高さ 角度調整 滑り止め 放熱 通気性 安定性 タブレット/ス,B0FQ1X5R8C,558,1963,2,12.33,0.81,パソコン・周辺機器 > PCアクセサリ・サプライ > タブレットアクセサリ,標準1,https://www.amazon.co.jp/dp/B0FQ1X5R8C,https://keepa.com/#!product/5-B0FQ1X5R8C,https://www.google.com/search?q=Kungix%20%E4%BC%9A%E7%A4%BE%E6%A6%82%E8%A6%81%20%E5%95%8F%E3%81%84%E5%90%88%E3%82%8F%E3%81%9B%20%E5%8D%B8,Kungix,Kungix,HIDEMI SHOP / YUKA NO1,,947,28.7,389,20,1946,過去最安値(2026-02-23以降),9.0,基準売価1946 − 販売手数料175(9.0%) − FBA配送434 − 保管7[0.93L×9170円/m³×0.8ヶ月] − 外注282 − 雑費100 − 目標利益389(20%),1963,1946,はい,37,300,1471,2,中小候補,電気製品(PSE要確認),A,1500-1999円,2026-08-24 12:54,候補,
TRAOO,カードリーダー【2026新モデル MFi認証品】 SDカードリーダー Lightning/Type Cメモリカードリーダー 4in1 USB/SD/TF変換アダプタ 0TG機能 高,B0DCFFYV6Z,188,1730,3,9.5,1.05,パソコン・周辺機器 > 外付けドライブ・ストレージ > 外付メモリカードリーダー,標準(小型),https://www.amazon.co.jp/dp/B0DCFFYV6Z,https://keepa.com/#!product/5-B0DCFFYV6Z,https://www.google.com/search?q=TRAOO%20%E4%BC%9A%E7%A4%BE%E6%A6%82%E8%A6%81%20%E5%95%8F%E3%81%84%E5%90%88%E3%82%8F%E3%81%9B%20%E5%8D%B8,TRAOO,TRAOO,TRAOO JP / TRAOO / TRAOO-直営店舗,メーカー直販,402,17.5,214,20,1072,過去最安値(2026-02-23以降),9.0,基準売価1072 − 販売手数料96(9.0%) − FBA配送290 − 保管1[0.14L×9170円/m³×1.1ヶ月] − 外注182 − 雑費100 − 目標利益214(20%),1730,1072,はい,38,300,2041,3,中小候補,電気製品(PSE要確認),A,1500-1999円,2026-08-24 12:54,候補,
Fodalum,スマホ 三脚 ハンドル直径は35mmです自撮り棒 iphone 軽量 安定感があり ぐらつかない じどり棒 展開時の高さ180cm,B0FB9PCRH2,382,1698,2,12.67,0.79,家電＆カメラ > 携帯電話・スマートフォン > 携帯電話・スマートフォンアクセサリ,標準1,https://www.amazon.co.jp/dp/B0FB9PCRH2,https://keepa.com/#!product/5-B0FB9PCRH2,https://www.google.com/search?q=Fodalum%20%E4%BC%9A%E7%A4%BE%E6%A6%82%E8%A6%81%20%E5%95%8F%E3%81%84%E5%90%88%E3%82%8F%E3%81%9B%20%E5%8D%B8,Fodalum,Fodalum,Fodalum-jp / Fodalum-JP,メーカー直販,722,22.5,340,20,1698,過去最安値(2026-02-23以降),9.0,基準売価1698 − 販売手数料152(9.0%) − FBA配送434 − 保管7[0.96L×9170円/m³×0.8ヶ月] − 外注282 − 雑費100 − 目標利益339(20%),1698,1698,はい,38,1000,1594,2,中小候補,電気製品(PSE要確認),A,1500-1999円,2026-08-24 12:54,候補,
LxTek,LxTek ITH-6CL 8本セット エプソン用 インク イチョウ Epson用 いちょう ep-710a ep-709a インク,B07WS923R6,427,1778,2,12.33,0.81,パソコン・周辺機器 > PCアクセサリ・サプライ > プリンタアクセサリ,標準1,https://www.amazon.co.jp/dp/B07WS923R6,https://keepa.com/#!product/5-B07WS923R6,https://www.google.com/search?q=LxTek%20%E4%BC%9A%E7%A4%BE%E6%A6%82%E8%A6%81%20%E5%95%8F%E3%81%84%E5%90%88%E3%82%8F%E3%81%9B%20%E5%8D%B8,LxTek,LxTek,RangYuSha / Qiyu shop,,779,24.2,352,20,1762,過去最安値(2026-02-23以降),9.0,基準売価1762 − 販売手数料158(9.0%) − FBA配送434 − 保管8[1.03L×9170円/m³×0.8ヶ月] − 外注282 − 雑費100 − 目標利益352(20%),1778,1762,はい,37,200,3156,2,大手/海外疑い,電気製品(PSE要確認),A,1500-1999円,2026-08-24 12:54,候補,
LxTek,LxTek BCI-331XL BCI-330XL 6本セット キヤノン用 インク 330 331 純正 と併用可能 ts8530 インク,B0DD7DBQXG,673,1779,3,9.25,1.08,パソコン・周辺機器 > PCアクセサリ・サプライ > プリンタアクセサリ,標準(小型),https://www.amazon.co.jp/dp/B0DD7DBQXG,https://keepa.com/#!product/5-B0DD7DBQXG,https://www.google.com/search?q=LxTek%20%E4%BC%9A%E7%A4%BE%E6%A6%82%E8%A6%81%20%E5%95%8F%E3%81%84%E5%90%88%E3%82%8F%E3%81%9B%20%E5%8D%B8,LxTek,LxTek,RangYuSha / Qiyu shop / 「LxTek」日常印刷の専門家,メーカー直販,1026,38.1,353,20,1767,過去最安値(2026-02-23以降),9.0,基準売価1767 − 販売手数料159(9.0%) − FBA配送290 − 保管9[0.89L×9170円/m³×1.1ヶ月] − 外注182 − 雑費100 − 目標利益353(20%),1779,1767,はい,37,200,2877,5,中小候補,電気製品(PSE要確認),A,1500-1999円,2026-08-24 12:54,候補,
ブレイン(BRAIN),ブレイン 【SGS認証取得！ 国内JIS燃焼試験合格！】モバイルバッテリー耐火ケース （サイズ：約13.5×18cm）BR-964,B0GHXBGWXF,547,1920,2,12.33,0.81,家電＆カメラ > 携帯電話・スマートフォン > 携帯電話・スマートフォンアクセサリ,標準(小型),https://www.amazon.co.jp/dp/B0GHXBGWXF,https://keepa.com/#!product/5-B0GHXBGWXF,https://www.google.com/search?q=%E3%83%96%E3%83%AC%E3%82%A4%E3%83%B3%28BRAIN%29%20%E4%BC%9A%E7%A4%BE%E6%A6%82%E8%A6%81%20%E5%95%8F%E3%81%84%E5%90%88%E3%82%8F%E3%81%9B%20%E5%8D%B8,ブレイン(BRAIN),ブレイン(BRAIN),いろは168 / A1 ショップ【3300円以上で全国送料無料】※一部送料無料もございます,,863,34.7,316,20,1580,過去最安値(2026-02-23以降),9.0,基準売価1580 − 販売手数料142(9.0%) − FBA配送290 − 保管2[0.28L×9170円/m³×0.8ヶ月] − 外注182 − 雑費100 − 目標利益316(20%),1920,1580,はい,37,400,2747,3,中小候補,リチウム/電源系(PSE・FBA危険物),A,1500-1999円,2026-08-24 12:54,候補,
CPWORLD,CPWORLD スチームアイロン【2026アップグレード版 超軽量】衣類スチーマー 小型 2段階スチーム量調節 ハンガー掛け可能 シワ伸ばし パワフル連続スチーム 除菌・脱臭 13,B0FWC3YF3N,356,1899,4,7.2,1.39,ホーム＆キッチン > 家電 > 生活家電,標準1,https://www.amazon.co.jp/dp/B0FWC3YF3N,https://keepa.com/#!product/5-B0FWC3YF3N,https://www.google.com/search?q=CPWORLD%20%E4%BC%9A%E7%A4%BE%E6%A6%82%E8%A6%81%20%E5%95%8F%E3%81%84%E5%90%88%E3%82%8F%E3%81%9B%20%E5%8D%B8,CPWORLD,CPWORLD,CPWORLD専門店・QY / CPWORLD家庭用品専門店-ZX / CPWORLD専門店-JX / CPWORLD家庭用品専門店-cungua,メーカー直販,736,18.8,380,20,1899,過去最安値(2026-02-23以降),16.0,基準売価1899 − 販売手数料303(16.0%) − FBA配送434 − 保管43[3.40L×9170円/m³×1.4ヶ月] − 外注282 − 雑費100 − 目標利益379(20%),1899,1899,はい,36,1000,1596,5,中小候補,電気製品(PSE要確認),A,1500-1999円,2026-08-24 12:54,候補,
Ailewu,自撮り棒 【ミニ、安定モデル】スマホスタンド 三脚 スマホ デジカメ兼用 じどり棒 iphone&android対応 じどりぼう スマホ 三脚 コンパクト リモコン付き 携帯スタン,B0BPSNB6W6,638,1709,2,12.33,0.81,家電＆カメラ > カメラ > 三脚・一脚,標準(小型),https://www.amazon.co.jp/dp/B0BPSNB6W6,https://keepa.com/#!product/5-B0BPSNB6W6,https://www.google.com/search?q=Ailewu%20%E4%BC%9A%E7%A4%BE%E6%A6%82%E8%A6%81%20%E5%95%8F%E3%81%84%E5%90%88%E3%82%8F%E3%81%9B%20%E5%8D%B8,Ailewu,"ShenZhen Sailangde Technology Co., Ltd.",AilewuDirect [保証付き・日本語サポート] / AILEWU 直営店,メーカー直販,980,37.4,342,20,1709,過去最安値(2026-02-23以降),9.0,基準売価1709 − 販売手数料153(9.0%) − FBA配送290 − 保管3[0.39L×9170円/m³×0.8ヶ月] − 外注182 − 雑費100 − 目標利益341(20%),1709,1709,はい,37,400,370,2,中小候補,電気製品(PSE要確認),A,1500-1999円,2026-08-24 12:54,候補,
マタインク,マタインク BCI-331 BCI-330 6本セット キャノン用 インク 純正 と併用可 331 330 プリンター TS8730 インク,B0DD796SCZ,674,1782,2,12.33,0.81,パソコン・周辺機器 > PCアクセサリ・サプライ > プリンタアクセサリ,標準(小型),https://www.amazon.co.jp/dp/B0DD796SCZ,https://keepa.com/#!product/5-B0DD796SCZ,https://www.google.com/search?q=%E3%83%9E%E3%82%BF%E3%82%A4%E3%83%B3%E3%82%AF%20%E4%BC%9A%E7%A4%BE%E6%A6%82%E8%A6%81%20%E5%95%8F%E3%81%84%E5%90%88%E3%82%8F%E3%81%9B%20%E5%8D%B8,マタインク,マタインク for キヤノン インク BCI-331XL BCI-330XL,互換インク専門家 / インク専門家,,1028,38.2,353,20,1766,過去最安値(2026-02-23以降),9.0,基準売価1766 − 販売手数料158(9.0%) − FBA配送290 − 保管7[0.96L×9170円/m³×0.8ヶ月] − 外注182 − 雑費100 − 目標利益353(20%),1782,1766,はい,37,200,3462,3,中小候補,電気製品(PSE要確認),A,1500-1999円,2026-08-24 12:54,候補,
basemax,【新登場】 ハンディクリーナー コードレス 強力吸引力 【吹き飛ぶ/吸い込む/空気入れ/空気抜き】 車用掃除機 4WAY多機能 大容量 Type-C 急速充電 LEDライト付き ミ,B0FHWKR1J1,435,1998,3,9.25,1.08,車＆バイク > カーアクセサリ > 車用電化製品,標準1,https://www.amazon.co.jp/dp/B0FHWKR1J1,https://keepa.com/#!product/5-B0FHWKR1J1,https://www.google.com/search?q=basemax%20%E4%BC%9A%E7%A4%BE%E6%A6%82%E8%A6%81%20%E5%95%8F%E3%81%84%E5%90%88%E3%82%8F%E3%81%9B%20%E5%8D%B8,basemax,Basemax,Basemax-小型家電製品-JP / Basemax-ハンディクリーナー専門店 / Basemax-小型家電製品-JP【安心保障】,メーカー直販,835,21.8,400,20,1998,過去最安値(2026-02-23以降),16.0,基準売価1998 − 販売手数料319(16.0%) − FBA配送434 − 保管27[2.68L×9170円/m³×1.1ヶ月] − 外注282 − 雑費100 − 目標利益399(20%),1998,1998,はい,37,600,588,5,中小候補,,A,1500-1999円,2026-08-24 12:54,候補,
充電の達人,モバイルバッテリー 大容量 急速充電 【2026新設計・22800mAh大容量】 最大2.4A出力 4つのケーブル内蔵 軽量 小型 5台同時充電可 携帯充電器 LED残量表示 LE,B0FPF47K7H,598,1998,3,9.25,1.08,家電＆カメラ > 携帯電話・スマートフォン > 携帯電話・スマートフォンアクセサリ,標準1,https://www.amazon.co.jp/dp/B0FPF47K7H,https://keepa.com/#!product/5-B0FPF47K7H,https://www.google.com/search?q=%E5%85%85%E9%9B%BB%E3%81%AE%E9%81%94%E4%BA%BA%20%E4%BC%9A%E7%A4%BE%E6%A6%82%E8%A6%81%20%E5%95%8F%E3%81%84%E5%90%88%E3%82%8F%E3%81%9B%20%E5%8D%B8,充電の達人,充電の達人,SUIESYPU / mituho shop / Dukkore,,998,30.0,400,20,1998,過去最安値(2026-02-23以降),9.0,基準売価1998 − 販売手数料179(9.0%) − FBA配送434 − 保管4[0.36L×9170円/m³×1.1ヶ月] − 外注282 − 雑費100 − 目標利益399(20%),1998,1998,はい,37,200,1895,3,中小候補,リチウム/電源系(PSE・FBA危険物),A,1500-1999円,2026-08-24 12:54,候補,
Hamee(ハミィ),[ハミィ] iFace Hang and ストラップホルダー ダブルリング(シルバー),B0DDTGF4YH,692,1980,2,12.33,0.81,家電＆カメラ > 携帯電話・スマートフォン > 携帯電話・スマートフォンアクセサリ,標準(小型),https://www.amazon.co.jp/dp/B0DDTGF4YH,https://keepa.com/#!product/5-B0DDTGF4YH,https://www.google.com/search?q=Hamee%28%E3%83%8F%E3%83%9F%E3%82%A3%29%20%E4%BC%9A%E7%A4%BE%E6%A6%82%E8%A6%81%20%E5%95%8F%E3%81%84%E5%90%88%E3%82%8F%E3%81%9B%20%E5%8D%B8,Hamee(ハミィ),,Hamee(ハミィ) / 株式会社コジマ,メーカー直販,1048,38.8,356,20,1782,過去最安値(2026-02-23以降),9.0,基準売価1782 − 販売手数料160(9.0%) − FBA配送290 − 保管1[0.15L×9170円/m³×0.8ヶ月] − 外注182 − 雑費100 − 目標利益356(20%),1980,1782,はい,37,700,1157,2,中小候補,電気製品(PSE要確認),A,1500-1999円,2026-08-24 12:54,候補,
LxTek,LxTek KUI-6CL 7本セット エプソン用 インククマノミ epson用 くまのみ ep-879aw ep-880aw インク,B085KXNFTJ,751,1874,2,12.0,0.83,パソコン・周辺機器 > PCアクセサリ・サプライ > プリンタアクセサリ,標準(小型),https://www.amazon.co.jp/dp/B085KXNFTJ,https://keepa.com/#!product/5-B085KXNFTJ,https://www.google.com/search?q=LxTek%20%E4%BC%9A%E7%A4%BE%E6%A6%82%E8%A6%81%20%E5%95%8F%E3%81%84%E5%90%88%E3%82%8F%E3%81%9B%20%E5%8D%B8,LxTek,LxTek for epson 用 インクカートリッジ クマノミ,RangYuSha / Qiyu shop,,1126,40.1,375,20,1874,過去最安値(2026-02-23以降),9.0,基準売価1874 − 販売手数料168(9.0%) − FBA配送290 − 保管7[0.87L×9170円/m³×0.8ヶ月] − 外注182 − 雑費100 − 目標利益374(20%),1874,1874,はい,36,200,2430,2,大手/海外疑い,電気製品(PSE要確認),A,1500-1999円,2026-08-24 12:54,候補,
GPC Image Flex,GPC Image Flex LC3117 lc3119 4本 ブラザー 用 インク 3117 純正と併用 Brother 用 J6980CDW,B0BNTCG5PN,499,1516,2,12.33,0.81,パソコン・周辺機器 > PCアクセサリ・サプライ > プリンタアクセサリ,標準(小型),https://www.amazon.co.jp/dp/B0BNTCG5PN,https://keepa.com/#!product/5-B0BNTCG5PN,https://www.google.com/search?q=GPC%20Image%20Flex%20%E4%BC%9A%E7%A4%BE%E6%A6%82%E8%A6%81%20%E5%95%8F%E3%81%84%E5%90%88%E3%82%8F%E3%81%9B%20%E5%8D%B8,GPC Image Flex,GPC Image Flex ( ブラザー LC3117 対応,LB TRADE JP / 互換インク専門家,,802,32.9,303,20,1516,過去最安値(2026-02-23以降),9.0,基準売価1516 − 販売手数料136(9.0%) − FBA配送290 − 保管5[0.72L×9170円/m³×0.8ヶ月] − 外注182 − 雑費100 − 目標利益303(20%),1516,1516,はい,37,200,2820,3,大手/海外疑い,電気製品(PSE要確認),A,1500-1999円,2026-08-24 12:54,候補,
RUOEVA,Bluetooth ヘッドセット 片耳 ワイヤレス イヤホン Bluetooth 5.4 Hi-Fi音の質増強 ブルートゥースヘッドセット 通話 マイク内蔵 ハンズフリー通話 超軽,B0FC1N4NCS,534,1563,2,12.67,0.79,家電＆カメラ > 携帯電話・スマートフォン > 携帯電話・スマートフォンアクセサリ,標準(小型),https://www.amazon.co.jp/dp/B0FC1N4NCS,https://keepa.com/#!product/5-B0FC1N4NCS,https://www.google.com/search?q=RUOEVA%20%E4%BC%9A%E7%A4%BE%E6%A6%82%E8%A6%81%20%E5%95%8F%E3%81%84%E5%90%88%E3%82%8F%E3%81%9B%20%E5%8D%B8,RUOEVA,RUOEVA,RUOEVA【メーカー直営店・１年保証付】 / GuiZhou【メーカー直営店・１年保証付】,メーカー直販,847,34.2,313,20,1563,過去最安値(2026-02-23以降),9.0,基準売価1563 − 販売手数料140(9.0%) − FBA配送290 − 保管3[0.38L×9170円/m³×0.8ヶ月] − 外注182 − 雑費100 − 目標利益312(20%),1563,1563,はい,38,200,5799,2,中小候補,電気製品(PSE要確認),A,1500-1999円,2026-08-24 12:54,候補,
Juliyas,Juliyas ネックケア 首 リラクゼーション器 EMS×TENS Ｗ効果 振動 首元ケア ホットケア 10種類のモード 19段階強度調節,B0GHMT3457,688,1999,2,12.0,0.83,ホーム＆キッチン > 家電 > 健康家電,標準(小型),https://www.amazon.co.jp/dp/B0GHMT3457,https://keepa.com/#!product/5-B0GHMT3457,https://www.google.com/search?q=Juliyas%20%E4%BC%9A%E7%A4%BE%E6%A6%82%E8%A6%81%20%E5%95%8F%E3%81%84%E5%90%88%E3%82%8F%E3%81%9B%20%E5%8D%B8,Juliyas,Juliyas,ERCHE / ChenZU,,1084,34.8,396,20,1979,過去最安値(2026-02-23以降),16.0,基準売価1979 − 販売手数料316(16.0%) − FBA配送290 − 保管6[0.81L×9170円/m³×0.8ヶ月] − 外注182 − 雑費100 − 目標利益395(20%),1999,1979,はい,36,400,5408,2,中小候補,電気製品(PSE要確認),A,1500-1999円,2026-08-24 12:54,候補,
CITIZEN,シチズン歩数計 TW310-RD,B002TOKEJM,539,1960,3,9.0,1.11,スポーツ＆アウトドア > スポーツケア・アクセサリ・競技備品 > スポーツ・レクリエーションテクノロジー,標準(小型),https://www.amazon.co.jp/dp/B002TOKEJM,https://keepa.com/#!product/5-B002TOKEJM,https://www.google.com/search?q=CITIZEN%20%E4%BC%9A%E7%A4%BE%E6%A6%82%E8%A6%81%20%E5%95%8F%E3%81%84%E5%90%88%E3%82%8F%E3%81%9B%20%E5%8D%B8,CITIZEN,CITIZEN(シチズン),NaGoMi / やるＣＡＮ / 薬のファインズファルマ,,887,31.0,348,20,1740,過去最安値(2026-02-23以降),16.0,基準売価1740 − 販売手数料278(16.0%) − FBA配送290 − 保管2[0.22L×9170円/m³×1.1ヶ月] − 外注182 − 雑費100 − 目標利益348(20%),1960,1740,はい,36,100,8436,3,中小候補,,A,1500-1999円,2026-08-24 12:54,候補,
Vibaleg,タブレットスタンド スマホスタンド ベッドサイド取付 折り畳み4.7~12.9インチ対応 ブラック ベッド用寝ながら 卓上 横/縦/仰向け,B0FC2YYPKQ,394,1998,3,9.0,1.11,パソコン・周辺機器 > PCアクセサリ・サプライ > タブレットアクセサリ,標準1,https://www.amazon.co.jp/dp/B0FC2YYPKQ,https://keepa.com/#!product/5-B0FC2YYPKQ,https://www.google.com/search?q=Vibaleg%20%E4%BC%9A%E7%A4%BE%E6%A6%82%E8%A6%81%20%E5%95%8F%E3%81%84%E5%90%88%E3%82%8F%E3%81%9B%20%E5%8D%B8,Vibaleg,Vibaleg,Vibaleg-JP / Vibaleg / Hero Wer,メーカー直販,747,22.4,353,20,1764,過去最安値(2026-02-23以降),9.0,基準売価1764 − 販売手数料158(9.0%) − FBA配送434 − 保管42[4.08L×9170円/m³×1.1ヶ月] − 外注282 − 雑費100 − 目標利益352(20%),1998,1764,はい,36,1000,382,3,中小候補,電気製品(PSE要確認),A,1500-1999円,2026-08-24 12:54,候補,
FIDECO,FIDECO M.2 NVMe SSD 外付けケース SSD エンクロージャー 10Gbps 高速転送 SSDケース 工具不要 簡単取り付け,B0CYLDM23M,598,1652,2,12.0,0.83,パソコン・周辺機器 > PCアクセサリ・サプライ > ハードドライブアクセサリ,標準(小型),https://www.amazon.co.jp/dp/B0CYLDM23M,https://keepa.com/#!product/5-B0CYLDM23M,https://www.google.com/search?q=FIDECO%20%E4%BC%9A%E7%A4%BE%E6%A6%82%E8%A6%81%20%E5%95%8F%E3%81%84%E5%90%88%E3%82%8F%E3%81%9B%20%E5%8D%B8,FIDECO,FIDECO,ZEPURE / Belcheri,,929,36.3,330,20,1652,過去最安値(2026-02-23以降),9.0,基準売価1652 − 販売手数料148(9.0%) − FBA配送290 − 保管2[0.23L×9170円/m³×0.8ヶ月] − 外注182 − 雑費100 − 目標利益330(20%),1652,1652,はい,36,300,1971,2,中小候補,電気製品(PSE要確認),A,1500-1999円,2026-08-24 12:54,候補,
LxTek,LxTek BCI-380XL BCI-381XL 6本セット キヤノン用 インク 381 380 純正 と併用可能 ts8430 インク,B07JFNX2FV,682,1780,3,8.75,1.14,パソコン・周辺機器 > PCアクセサリ・サプライ > プリンタアクセサリ,標準(小型),https://www.amazon.co.jp/dp/B07JFNX2FV,https://keepa.com/#!product/5-B07JFNX2FV,https://www.google.com/search?q=LxTek%20%E4%BC%9A%E7%A4%BE%E6%A6%82%E8%A6%81%20%E5%95%8F%E3%81%84%E5%90%88%E3%82%8F%E3%81%9B%20%E5%8D%B8,LxTek,LxTek,RangYuSha / 「LxTek」日常印刷の専門家 / Qiyu shop,メーカー直販,1038,38.4,356,20,1780,過去最安値(2026-02-23以降),9.0,基準売価1780 − 販売手数料160(9.0%) − FBA配送290 − 保管9[0.88L×9170円/m³×1.1ヶ月] − 外注182 − 雑費100 − 目標利益356(20%),1780,1780,はい,35,100,3688,6,中小候補,電気製品(PSE要確認),A,1500-1999円,2026-08-24 12:54,候補,
RemarksJapan,【ソーラー＆電波】腕時計 メンズ 電波ソーラー腕時計 精密 防水 アウトドア 普段使い シンプル ソーラー ブラック,B0CKMS2KS7,428,1949,2,12.0,0.83,ファッション > メンズ > 腕時計,標準1,https://www.amazon.co.jp/dp/B0CKMS2KS7,https://keepa.com/#!product/5-B0CKMS2KS7,https://www.google.com/search?q=RemarksJapan%20%E4%BC%9A%E7%A4%BE%E6%A6%82%E8%A6%81%20%E5%95%8F%E3%81%84%E5%90%88%E3%82%8F%E3%81%9B%20%E5%8D%B8,RemarksJapan,Remarks Japan,ONEBEST1+【インボイス発行事業者】 / Remarks Japan,メーカー直販,818,22.0,390,20,1949,過去最安値(2026-02-23以降),16.0,基準売価1949 − 販売手数料311(16.0%) − FBA配送434 − 保管3[0.43L×9170円/m³×0.8ヶ月] − 外注282 − 雑費100 − 目標利益389(20%),1949,1949,いいえ,36,300,3226,2,中小候補,,A,1500-1999円,2026-08-24 12:54,候補,
Svoko,懐中電灯 強力 【2026 最新の進化・超高輝度 小型 LEDライト】フラッシュライト Type-C充電式/電池式/ 5モード調光/ IPX6防水/耐衝撃/ズーム式 ハンディライト,B0FM755J63,504,1705,3,9.0,1.11,DIY・工具・ガーデン > 安全・セキュリティ > 懐中電灯,標準(小型),https://www.amazon.co.jp/dp/B0FM755J63,https://keepa.com/#!product/5-B0FM755J63,https://www.google.com/search?q=Svoko%20%E4%BC%9A%E7%A4%BE%E6%A6%82%E8%A6%81%20%E5%95%8F%E3%81%84%E5%90%88%E3%82%8F%E3%81%9B%20%E5%8D%B8,Svoko,,Svoko LEDライト専門店--changfei / Svoko-JP ハンディクリーナー 直営店 HD / Svoko LEDライト専門店-LS,メーカー直販,842,29.9,338,20,1690,過去最安値(2026-02-23以降),16.0,基準売価1690 − 販売手数料270(16.0%) − FBA配送290 − 保管5[0.45L×9170円/m³×1.1ヶ月] − 外注182 − 雑費100 − 目標利益338(20%),1705,1690,はい,36,600,877,3,中小候補,,A,1500-1999円,2026-08-24 12:54,候補,
Lenovo,レノボ Lenovo パソコンケース 14インチ ノート PCケース 耐衝撃 防水 取っ手付き インナーバッグ アーバンスリーブ MacBook/Lenovo/HP/Dell/As,B0CK4NVH8D,470,1886,2,11.33,0.88,パソコン・周辺機器 > PCアクセサリ・サプライ > ノートパソコンアクセサリ,標準1,https://www.amazon.co.jp/dp/B0CK4NVH8D,https://keepa.com/#!product/5-B0CK4NVH8D,https://www.google.com/search?q=Lenovo%20%E4%BC%9A%E7%A4%BE%E6%A6%82%E8%A6%81%20%E5%95%8F%E3%81%84%E5%90%88%E3%82%8F%E3%81%9B%20%E5%8D%B8,Lenovo,Lenovo,Lenovo Japan / 【公式】Botanica Health,メーカー直販,847,24.9,377,20,1886,過去最安値(2026-02-23以降),9.0,基準売価1886 − 販売手数料169(9.0%) − FBA配送434 − 保管53[6.51L×9170円/m³×0.9ヶ月] − 外注282 − 雑費100 − 目標利益377(20%),1886,1886,はい,34,100,5986,2,中小候補,電気製品(PSE要確認),A,1500-1999円,2026-08-24 12:54,候補,
Glaazo,【2026新型】USB Type-C HDMI 変換アダプター 2in1 タイプc hdmi 変換,B0GCZRD7P6,575,1618,3,8.75,1.14,パソコン・周辺機器 > PCアクセサリ・サプライ > 変換アダプタ,標準(小型),https://www.amazon.co.jp/dp/B0GCZRD7P6,https://keepa.com/#!product/5-B0GCZRD7P6,https://www.google.com/search?q=Glaazo%20%E4%BC%9A%E7%A4%BE%E6%A6%82%E8%A6%81%20%E5%95%8F%E3%81%84%E5%90%88%E3%82%8F%E3%81%9B%20%E5%8D%B8,Glaazo,Glaazo,symoode-JP直営店 / TBLMJP / HYTC-JP,,899,35.6,324,20,1618,過去最安値(2026-02-23以降),9.0,基準売価1618 − 販売手数料145(9.0%) − FBA配送290 − 保管1[0.11L×9170円/m³×1.1ヶ月] − 外注182 − 雑費100 − 目標利益323(20%),1618,1618,はい,35,100,7015,3,中小候補,電気製品(PSE要確認),A,1500-1999円,2026-08-24 12:54,候補,
スリーエム(3M),3M ヘッドライト修復キット 素早く簡単 15分で黄ばみを取り除きます 39193 1キット,B08749H19D,310,1658,5,5.83,1.71,車＆バイク > 洗車・お手入れ用品 > コーティング剤,標準(小型),https://www.amazon.co.jp/dp/B08749H19D,https://keepa.com/#!product/5-B08749H19D,https://www.google.com/search?q=%E3%82%B9%E3%83%AA%E3%83%BC%E3%82%A8%E3%83%A0%283M%29%20%E4%BC%9A%E7%A4%BE%E6%A6%82%E8%A6%81%20%E5%95%8F%E3%81%84%E5%90%88%E3%82%8F%E3%81%9B%20%E5%8D%B8,スリーエム(3M),3M AAD Consumer (Domestic),Ｂａｌａｎｃｅ　Ｔｏｙ / KKPLオンライン / FACTORY Y＆M (適格請求書発行事業者) / ドアステップオンライン(適格請求書発行事業者) / FindTape (Japan),,590,22.2,280,20,1398,過去最安値(2026-02-23以降),16.0,基準売価1398 − 販売手数料223(16.0%) − FBA配送290 − 保管12[0.75L×9170円/m³×1.7ヶ月] − 外注182 − 雑費100 − 目標利益279(20%),1658,1398,はい,35,200,3129,5,中小候補,,A,1500-1999円,2026-08-24 12:54,候補,
JOKITA,体重計 bluetooth スマホ連動 体組成計 ヘルスメーター 体脂肪計 対組成計 weight scale 電子スケール 体重計 体脂肪率 体脂肪率測定器 高精度 自動ON/O,B0CNZXC2XB,92,1649,2,11.67,0.86,ホーム＆キッチン > 家電 > 健康家電,標準1,https://www.amazon.co.jp/dp/B0CNZXC2XB,https://keepa.com/#!product/5-B0CNZXC2XB,https://www.google.com/search?q=JOKITA%20%E4%BC%9A%E7%A4%BE%E6%A6%82%E8%A6%81%20%E5%95%8F%E3%81%84%E5%90%88%E3%82%8F%E3%81%9B%20%E5%8D%B8,JOKITA,JOKITA,huanghengcaimi / lipengshejianxiang,,382,6.3,290,20,1450,過去最安値(2026-02-23以降),16.0,基準売価1450 − 販売手数料232(16.0%) − FBA配送434 − 保管20[2.58L×9170円/m³×0.9ヶ月] − 外注282 − 雑費100 − 目標利益290(20%),1649,1450,はい,35,400,4732,2,中小候補,電気製品(PSE要確認),A,1500-1999円,2026-08-24 12:54,候補,
LxTek,LxTek カラー BCI-351XL 9本セット キャノン用 351 350 純正と併用可能 ix6830 mg7530 インク,B086X14PLQ,290,1615,2,11.33,0.88,パソコン・周辺機器 > PCアクセサリ・サプライ > プリンタアクセサリ,標準1,https://www.amazon.co.jp/dp/B086X14PLQ,https://keepa.com/#!product/5-B086X14PLQ,https://www.google.com/search?q=LxTek%20%E4%BC%9A%E7%A4%BE%E6%A6%82%E8%A6%81%20%E5%95%8F%E3%81%84%E5%90%88%E3%82%8F%E3%81%9B%20%E5%8D%B8,LxTek,LxTek for BCI-350XL BCI-351XL,RangYuSha / Qiyu shop,,605,18.5,315,20,1574,過去最安値(2026-02-23以降),9.0,基準売価1574 − 販売手数料141(9.0%) − FBA配送434 − 保管11[1.32L×9170円/m³×0.9ヶ月] − 外注282 − 雑費100 − 目標利益314(20%),1615,1574,はい,34,100,4829,3,中小候補,電気製品(PSE要確認),A,1500-1999円,2026-08-24 12:54,候補,
Gumsry,Bluetooth 6.0 Gumsry USB アダプタ USB-A コネクタ搭載 低遅延 長距離通信 30m 対応 EDR/BLE対応 省電力 小型設計 aptX/SBC/AA,B0GHMDW1ZN,845,1999,3,8.75,1.14,パソコン・周辺機器 > 無線LAN・ネットワーク機器 > ネットワークアダプタ,標準(小型),https://www.amazon.co.jp/dp/B0GHMDW1ZN,https://keepa.com/#!product/5-B0GHMDW1ZN,https://www.google.com/search?q=Gumsry%20%E4%BC%9A%E7%A4%BE%E6%A6%82%E8%A6%81%20%E5%95%8F%E3%81%84%E5%90%88%E3%82%8F%E3%81%9B%20%E5%8D%B8,Gumsry,Gumsry,Gumsry-ZM-JP直営店 / Gumsry-Japan【WLH直営店】 / Gumsry-YCC-JP専門店,メーカー直販,1245,42.3,400,20,1999,過去最安値(2026-02-23以降),9.0,基準売価1999 − 販売手数料179(9.0%) − FBA配送290 − 保管2[0.16L×9170円/m³×1.1ヶ月] − 外注182 − 雑費100 − 目標利益399(20%),1999,1999,はい,35,50,11543,3,中小候補,電気製品(PSE要確認),A,1500-1999円,2026-08-24 12:54,候補,
マタインク,マタインク LC111 LC111-4PK 10本セット ブラザー(Brother) 用 インク 対応 DCP-J552N DCP-J557N 他,B08P2QF536,562,1977,2,11.67,0.86,パソコン・周辺機器 > PCアクセサリ・サプライ > プリンタアクセサリ,標準1,https://www.amazon.co.jp/dp/B08P2QF536,https://keepa.com/#!product/5-B08P2QF536,https://www.google.com/search?q=%E3%83%9E%E3%82%BF%E3%82%A4%E3%83%B3%E3%82%AF%20%E4%BC%9A%E7%A4%BE%E6%A6%82%E8%A6%81%20%E5%95%8F%E3%81%84%E5%90%88%E3%82%8F%E3%81%9B%20%E5%8D%B8,マタインク,マタインク LC111,互換インク専門家 / インク専門家,,954,28.7,392,20,1960,過去最安値(2026-02-23以降),9.0,基準売価1960 − 販売手数料176(9.0%) − FBA配送434 − 保管13[1.68L×9170円/m³×0.9ヶ月] − 外注282 − 雑費100 − 目標利益392(20%),1977,1960,はい,35,200,2611,2,大手/海外疑い,電気製品(PSE要確認),A,1500-1999円,2026-08-24 12:54,候補,
Klszear,Type C to ライトニング 変換 アダプタ 【2026新登場】USB C 変換 イヤホン 変換ケーブル 3in1 急速充電/高速転送/オーディオ 通話・音楽・音量調節対応 タ,B0DXFDBDVV,420,1399,2,11.0,0.91,パソコン・周辺機器 > PCアクセサリ・サプライ > 変換アダプタ,標準(小型),https://www.amazon.co.jp/dp/B0DXFDBDVV,https://keepa.com/#!product/5-B0DXFDBDVV,https://www.google.com/search?q=Klszear%20%E4%BC%9A%E7%A4%BE%E6%A6%82%E8%A6%81%20%E5%95%8F%E3%81%84%E5%90%88%E3%82%8F%E3%81%9B%20%E5%8D%B8,Klszear,Klszear,Klszear 専門店 / Klszear旗艦店,メーカー直販,700,30.0,280,20,1399,過去最安値(2026-02-23以降),9.0,基準売価1399 − 販売手数料125(9.0%) − FBA配送290 − 保管1[0.15L×9170円/m³×0.9ヶ月] − 外注182 − 雑費100 − 目標利益279(20%),1399,1399,はい,33,200,4662,2,中小候補,電気製品(PSE要確認),A,1500-1999円,2026-08-24 12:54,候補,
GADEBAO,USB C HDMI 変換アダプター 2in1 4K60Hz タイプC hdmi iphone hdmi変換ケーブル typec 100W PD充電,B0DTTBZ6KJ,509,1524,2,11.33,0.88,家電＆カメラ > 携帯電話・スマートフォン > 携帯電話・スマートフォンアクセサリ,標準(小型),https://www.amazon.co.jp/dp/B0DTTBZ6KJ,https://keepa.com/#!product/5-B0DTTBZ6KJ,https://www.google.com/search?q=GADEBAO%20%E4%BC%9A%E7%A4%BE%E6%A6%82%E8%A6%81%20%E5%95%8F%E3%81%84%E5%90%88%E3%82%8F%E3%81%9B%20%E5%8D%B8,GADEBAO,GEDEBAO,yifeiduo / GA-公式直営店,,813,33.4,305,20,1524,過去最安値(2026-02-23以降),9.0,基準売価1524 − 販売手数料137(9.0%) − FBA配送290 − 保管1[0.12L×9170円/m³×0.9ヶ月] − 外注182 − 雑費100 − 目標利益304(20%),1524,1524,はい,34,400,5165,2,中小候補,電気製品(PSE要確認),A,1500-1999円,2026-08-24 12:54,候補,
Finish Line,フィニッシュライン(FINISH LINE) ドライ テフロン ルーブ プラボトル 120ml,B002IDZXRM,365,1647,4,6.8,1.47,スポーツ＆アウトドア > 自転車 > メンテナンス用品,標準(小型),https://www.amazon.co.jp/dp/B002IDZXRM,https://keepa.com/#!product/5-B002IDZXRM,https://www.google.com/search?q=Finish%20Line%20%E4%BC%9A%E7%A4%BE%E6%A6%82%E8%A6%81%20%E5%95%8F%E3%81%84%E5%90%88%E3%82%8F%E3%81%9B%20%E5%8D%B8,Finish Line,フィニッシュライン(FINISH LINE),FIND SHOP / PAXPROJECT（商品は実在庫です。） / ちゃりせとら / GORO BIKE,,659,24.9,294,20,1470,過去最安値(2026-02-23以降),16.0,基準売価1470 − 販売手数料235(16.0%) − FBA配送290 − 保管3[0.22L×9170円/m³×1.5ヶ月] − 外注182 − 雑費100 − 目標利益294(20%),1647,1470,はい,34,200,2454,4,中小候補,,A,1500-1999円,2026-08-24 12:54,候補,
Besecou,スマホ 冷却ファン ペルチェ素子 【業界if設計受賞】 瞬間冷却 スマホクーラー 磁気式&クリップ式 凍結可能 USB給電 軽量 静音 コンパクト,B0DXPY4X3C,825,1994,5,5.5,1.82,家電＆カメラ > 携帯電話・スマートフォン > 携帯電話・スマートフォンアクセサリ,標準(小型),https://www.amazon.co.jp/dp/B0DXPY4X3C,https://keepa.com/#!product/5-B0DXPY4X3C,https://www.google.com/search?q=Besecou%20%E4%BC%9A%E7%A4%BE%E6%A6%82%E8%A6%81%20%E5%95%8F%E3%81%84%E5%90%88%E3%82%8F%E3%81%9B%20%E5%8D%B8,Besecou,Besecou,RS-Besecou直営店「安心保証」 / XZ-Besecou直営店「安心保証」 / GLL-Besecou直営店「安心保証」 / RZH-Besecou直営店「安心保証」 / LC-Besecou直営店「安心保証」,メーカー直販,1221,41.8,395,20,1976,過去最安値(2026-02-23以降),9.0,基準売価1976 − 販売手数料177(9.0%) − FBA配送290 − 保管5[0.31L×9170円/m³×1.8ヶ月] − 外注182 − 雑費100 − 目標利益395(20%),1994,1976,はい,33,300,3542,5,中小候補,電気製品(PSE要確認),A,1500-1999円,2026-08-24 12:54,候補,
E-enemo,[E-enemo] ウールバフ 羊毛バフ 【整備士監修】 5個セットx研磨や仕上げ用に フェルトバフ (125mm),B0CKYTBJHH,493,1890,2,11.0,0.91,DIY・工具・ガーデン > 電動工具・エア工具 > 電動工具パーツ・アクセサリ,標準(小型),https://www.amazon.co.jp/dp/B0CKYTBJHH,https://keepa.com/#!product/5-B0CKYTBJHH,https://www.google.com/search?q=E-enemo%20%E4%BC%9A%E7%A4%BE%E6%A6%82%E8%A6%81%20%E5%95%8F%E3%81%84%E5%90%88%E3%82%8F%E3%81%9B%20%E5%8D%B8,E-enemo,E-enemo,SIMPS by WANSTE 『ペット・生活雑貨・ベビー』など豊富なジャンルを扱っているお店 / E-enemo STORE,メーカー直販,830,29.3,337,20,1684,過去最安値(2026-02-23以降),16.0,基準売価1684 − 販売手数料269(16.0%) − FBA配送290 − 保管12[1.42L×9170円/m³×0.9ヶ月] − 外注182 − 雑費100 − 目標利益336(20%),1890,1684,はい,33,100,3972,2,中小候補,,A,1500-1999円,2026-08-24 12:54,候補,
GPC Image Flex,GPC Image Flex MED-4CL エプソン 用 めだまやき インク 純正と併用 epson 用 MED EW-456A EW-056A,B0DCZPR671,503,1874,2,11.33,0.88,パソコン・周辺機器 > PCアクセサリ・サプライ > プリンタアクセサリ,標準1,https://www.amazon.co.jp/dp/B0DCZPR671,https://keepa.com/#!product/5-B0DCZPR671,https://www.google.com/search?q=GPC%20Image%20Flex%20%E4%BC%9A%E7%A4%BE%E6%A6%82%E8%A6%81%20%E5%95%8F%E3%81%84%E5%90%88%E3%82%8F%E3%81%9B%20%E5%8D%B8,GPC Image Flex,GPC Image Flex for エプソン インク メダマヤキ MED-4CL,LB TRADE JP / YG印刷専門家SHOP,,878,26.9,375,20,1874,過去最安値(2026-02-23以降),9.0,基準売価1874 − 販売手数料168(9.0%) − FBA配送434 − 保管11[1.36L×9170円/m³×0.9ヶ月] − 外注282 − 雑費100 − 目標利益374(20%),1874,1874,はい,34,500,1592,2,大手/海外疑い,電気製品(PSE要確認),A,1500-1999円,2026-08-24 12:54,候補,
KEENKLE,CRG-337 トナーカートリッジ キヤノン（CANON）対応 ブラック(モノクロ ) 互換 対応機種: Satera MF249dw / MF245dw / MF236n / M,B0BGLPG5TR,428,1799,2,11.33,0.88,パソコン・周辺機器 > PCアクセサリ・サプライ > プリンタアクセサリ,標準1,https://www.amazon.co.jp/dp/B0BGLPG5TR,https://keepa.com/#!product/5-B0BGLPG5TR,https://www.google.com/search?q=KEENKLE%20%E4%BC%9A%E7%A4%BE%E6%A6%82%E8%A6%81%20%E5%95%8F%E3%81%84%E5%90%88%E3%82%8F%E3%81%9B%20%E5%8D%B8,KEENKLE,KEENKLE for crg-337,A2ZN4OI7JAITRY / YG印刷専門家SHOP,,785,24.1,357,20,1783,過去最安値(2026-02-23以降),9.0,基準売価1783 − 販売手数料160(9.0%) − FBA配送434 − 保管21[2.60L×9170円/m³×0.9ヶ月] − 外注282 − 雑費100 − 目標利益356(20%),1799,1783,はい,34,50,9310,2,大手/海外疑い,電気製品(PSE要確認),A,1500-1999円,2026-08-24 13:11,候補,
マタインク,マタインク KETA-5CL 5色パック エプソン 用 インクボトル ケンダマ タケトンボ インク 対応 EW-M754TW EW-M754TB 他,B08JYR7L8Z,306,1619,3,8.5,1.18,パソコン・周辺機器 > PCアクセサリ・サプライ > プリンタアクセサリ,標準1,https://www.amazon.co.jp/dp/B08JYR7L8Z,https://keepa.com/#!product/5-B08JYR7L8Z,https://www.google.com/search?q=%E3%83%9E%E3%82%BF%E3%82%A4%E3%83%B3%E3%82%AF%20%E4%BC%9A%E7%A4%BE%E6%A6%82%E8%A6%81%20%E5%95%8F%E3%81%84%E5%90%88%E3%82%8F%E3%81%9B%20%E5%8D%B8,マタインク,マタインク KETA-5CL,互換インク専門家 / Tufuha専門店 / インク専門家,,627,19.1,321,20,1604,過去最安値(2026-02-23以降),9.0,基準売価1604 − 販売手数料144(9.0%) − FBA配送434 − 保管16[1.51L×9170円/m³×1.2ヶ月] − 外注282 − 雑費100 − 目標利益320(20%),1619,1604,はい,34,300,3100,3,大手/海外疑い,電気製品(PSE要確認),A,1500-1999円,2026-08-24 13:11,候補,
Ralkepy,Ralkepy タッチペン 全機種対応 電量表示 スタイラスペン 磁気吸着機能 交換用ペン先3つ付属「日本語取扱説明書付き」(ホワイト),B0D7L6QHGV,491,1580,3,8.5,1.18,家電＆カメラ > 携帯電話・スマートフォン > 携帯電話・スマートフォンアクセサリ,標準(小型),https://www.amazon.co.jp/dp/B0D7L6QHGV,https://keepa.com/#!product/5-B0D7L6QHGV,https://www.google.com/search?q=Ralkepy%20%E4%BC%9A%E7%A4%BE%E6%A6%82%E8%A6%81%20%E5%95%8F%E3%81%84%E5%90%88%E3%82%8F%E3%81%9B%20%E5%8D%B8,Ralkepy,Ralkepy,A3UPN0KCZ31LWF / A3UUK6PQVNPMA2 / A32MAV8NSE6O5P,,791,32.8,300,20,1501,過去最安値(2026-02-23以降),9.0,基準売価1501 − 販売手数料135(9.0%) − FBA配送290 − 保管2[0.18L×9170円/m³×1.2ヶ月] − 外注182 − 雑費100 − 目標利益300(20%),1580,1501,はい,34,400,2302,3,中小候補,電気製品(PSE要確認),A,1500-1999円,2026-08-24 13:11,候補,
SK-CinDa,4in1車用充電器·巻き取り式·ケーブル 2本·Type-C100W/Lightning·LED付き電圧表示·DC12/24V車対応,B0DRBJB57V,631,1999,2,11.33,0.88,家電＆カメラ > 携帯電話・スマートフォン > 携帯電話・スマートフォンアクセサリ,標準(小型),https://www.amazon.co.jp/dp/B0DRBJB57V,https://keepa.com/#!product/5-B0DRBJB57V,https://www.google.com/search?q=SK-CinDa%20%E4%BC%9A%E7%A4%BE%E6%A6%82%E8%A6%81%20%E5%95%8F%E3%81%84%E5%90%88%E3%82%8F%E3%81%9B%20%E5%8D%B8,SK-CinDa,SK-CinDa,A2A1VLNODSOQL7 / A2TMYSVZDWVUL3,,971,37.2,340,20,1699,過去最安値(2026-02-23以降),9.0,基準売価1699 − 販売手数料152(9.0%) − FBA配送290 − 保管3[0.35L×9170円/m³×0.9ヶ月] − 外注182 − 雑費100 − 目標利益339(20%),1999,1699,はい,34,200,6306,2,中小候補,リチウム/電源系(PSE・FBA危険物),A,1500-1999円,2026-08-24 13:11,候補,
SOOEO,モバイルバッテリー 20000mAh大容量 【2026新設計・16ｍｍ超薄モデル】モバイルバッテリー 軽量 小型 急速充電 スマホ充電器 大容量,B0F43XLHSM,824,1993,6,4.71,2.12,家電＆カメラ > 携帯電話・スマートフォン > 携帯電話・スマートフォンアクセサリ,標準(小型),https://www.amazon.co.jp/dp/B0F43XLHSM,https://keepa.com/#!product/5-B0F43XLHSM,https://www.google.com/search?q=SOOEO%20%E4%BC%9A%E7%A4%BE%E6%A6%82%E8%A6%81%20%E5%95%8F%E3%81%84%E5%90%88%E3%82%8F%E3%81%9B%20%E5%8D%B8,SOOEO,SOOEO,A21523GRWLI5HV / A27YLD306VPQ59 / A3G6SFVOFKFKCP / A3SS664NBX2Q3M / A2VODAJNFL95HW / A25E28OYNEJLPH,,1219,41.8,395,20,1974,過去最安値(2026-02-23以降),9.0,基準売価1974 − 販売手数料177(9.0%) − FBA配送290 − 保管5[0.24L×9170円/m³×2.1ヶ月] − 外注182 − 雑費100 − 目標利益394(20%),1993,1974,はい,33,5000,64,6,中小候補,リチウム/電源系(PSE・FBA危険物),A,1500-1999円,2026-08-24 13:11,候補,
Rikuto,【業界トップクラス技術&ドライバー不要】Rikuto Bluetooth USB アダプタ bluetooth 5.4 対応 レシーバー ブルートゥー PC 専用 Windows1,B0FFZ58GFW,513,1530,3,8.5,1.18,パソコン・周辺機器 > 無線LAN・ネットワーク機器 > ネットワークアダプタ,標準(小型),https://www.amazon.co.jp/dp/B0FFZ58GFW,https://keepa.com/#!product/5-B0FFZ58GFW,https://www.google.com/search?q=Rikuto%20%E4%BC%9A%E7%A4%BE%E6%A6%82%E8%A6%81%20%E5%95%8F%E3%81%84%E5%90%88%E3%82%8F%E3%81%9B%20%E5%8D%B8,Rikuto,Rikuto,A3KSIUC137NA0N / A21W75KN8XDLBI / A5324F4BLW04I,,819,33.5,306,20,1530,過去最安値(2026-02-23以降),9.0,基準売価1530 − 販売手数料137(9.0%) − FBA配送290 − 保管1[0.13L×9170円/m³×1.2ヶ月] − 外注182 − 雑費100 − 目標利益306(20%),1530,1530,はい,34,500,1509,3,中小候補,電気製品(PSE要確認),A,1500-1999円,2026-08-24 13:11,候補,
マタインク,マタインク BCI-371XL BCI-370XL 互換インクカートリッジ キャノン 用 インク 371 370 Canon用 インク 371XL 370XL 6色セット+ 370,B08P2M4VG5,275,1548,2,11.0,0.91,パソコン・周辺機器 > PCアクセサリ・サプライ > プリンタアクセサリ,標準1,https://www.amazon.co.jp/dp/B08P2M4VG5,https://keepa.com/#!product/5-B08P2M4VG5,https://www.google.com/search?q=%E3%83%9E%E3%82%BF%E3%82%A4%E3%83%B3%E3%82%AF%20%E4%BC%9A%E7%A4%BE%E6%A6%82%E8%A6%81%20%E5%95%8F%E3%81%84%E5%90%88%E3%82%8F%E3%81%9B%20%E5%8D%B8,マタインク,マタインク BCI-371XL+BCI-370XL,互換インク専門家 / インク専門家,,584,17.8,310,20,1548,過去最安値(2026-02-23以降),9.0,基準売価1548 − 販売手数料139(9.0%) − FBA配送434 − 保管8[0.99L×9170円/m³×0.9ヶ月] − 外注282 − 雑費100 − 目標利益309(20%),1548,1548,はい,33,100,4524,2,大手/海外疑い,電気製品(PSE要確認),A,1500-1999円,2026-08-24 13:11,候補,
山形工房(Yamagata Koubou),日本けん玉協会 認定競技用けん玉 大空 ピンク 山形工房,B00CTCXC7U,328,1930,4,6.8,1.47,おもちゃ > アクション・スポーツトイ > けん玉,標準1,https://www.amazon.co.jp/dp/B00CTCXC7U,https://keepa.com/#!product/5-B00CTCXC7U,https://www.google.com/search?q=%E5%B1%B1%E5%BD%A2%E5%B7%A5%E6%88%BF%28Yamagata%20Koubou%29%20%E4%BC%9A%E7%A4%BE%E6%A6%82%E8%A6%81%20%E5%95%8F%E3%81%84%E5%90%88%E3%82%8F%E3%81%9B%20%E5%8D%B8,山形工房(Yamagata Koubou),山形工房,A21H9HVXBF38LS / A3P240C6ET053M / A2YIIVSNGIUGVA / A13DKKLYXQ356S,,702,17.6,374,20,1870,過去最安値(2026-02-23以降),16.0,基準売価1870 − 販売手数料299(16.0%) − FBA配送434 − 保管52[3.88L×9170円/m³×1.5ヶ月] − 外注282 − 雑費100 − 目標利益374(20%),1930,1870,はい,34,50,8553,4,中小候補,,A,1500-1999円,2026-08-24 13:11,候補,
JGUG,【Bluetooth イヤホン】ワイヤレス ブルートゥース イヤホン JGUG 数字LEDディスプレイ表示 両耳ENCノイズキャンセリング 長時間連続再生 自動ペアリング 完全ぶる,B0CHW15Z7B,701,1797,2,11.33,0.88,家電＆カメラ > イヤホン・ヘッドホン > イヤホン・ヘッドホン本体,標準(小型),https://www.amazon.co.jp/dp/B0CHW15Z7B,https://keepa.com/#!product/5-B0CHW15Z7B,https://www.google.com/search?q=JGUG%20%E4%BC%9A%E7%A4%BE%E6%A6%82%E8%A6%81%20%E5%95%8F%E3%81%84%E5%90%88%E3%82%8F%E3%81%9B%20%E5%8D%B8,JGUG,JGUG,ASHMTWUVIR715 / A2D5CK7HLDOSPI,,1061,39.1,359,20,1797,過去最安値(2026-02-23以降),9.0,基準売価1797 − 販売手数料161(9.0%) − FBA配送290 − 保管2[0.25L×9170円/m³×0.9ヶ月] − 外注182 − 雑費100 − 目標利益359(20%),1797,1797,はい,34,600,2064,2,中小候補,電気製品(PSE要確認),A,1500-1999円,2026-08-24 13:11,候補,
LxTek,LxTek KAM-6CL-L 7本セット エプソン用 インク カメ Epson用 かめ EP-886AW EP-882AW インク,B07WQXH8VB,801,1969,4,6.6,1.52,パソコン・周辺機器 > PCアクセサリ・サプライ > プリンタアクセサリ,標準(小型),https://www.amazon.co.jp/dp/B07WQXH8VB,https://keepa.com/#!product/5-B07WQXH8VB,https://www.google.com/search?q=LxTek%20%E4%BC%9A%E7%A4%BE%E6%A6%82%E8%A6%81%20%E5%95%8F%E3%81%84%E5%90%88%E3%82%8F%E3%81%9B%20%E5%8D%B8,LxTek,LxTek インクカートリッジ エプソン epson kam-6cl-l EP-881 EP-882 インク カメ,RangYuSha / 「LxTek」日常印刷の専門家 / Qiyu shop / YG印刷専門家SHOP,メーカー直販,1192,41.1,390,20,1952,過去最安値(2026-02-23以降),9.0,基準売価1952 − 販売手数料175(9.0%) − FBA配送290 − 保管12[0.88L×9170円/m³×1.5ヶ月] − 外注182 − 雑費100 − 目標利益390(20%),1969,1952,はい,33,500,895,5,大手/海外疑い,電気製品(PSE要確認),A,1500-1999円,2026-08-24 13:11,候補,
YUDOFICAL,YUDOFICAL 延長コード 2m 電源タップ USB コンセントタップ 4個AC+2個USB-A+1個Type-C 黒,B0F3CQ2G4K,471,1825,2,10.67,0.94,パソコン・周辺機器 > PCアクセサリ・サプライ > 電源タップ,標準1,https://www.amazon.co.jp/dp/B0F3CQ2G4K,https://keepa.com/#!product/5-B0F3CQ2G4K,https://www.google.com/search?q=YUDOFICAL%20%E4%BC%9A%E7%A4%BE%E6%A6%82%E8%A6%81%20%E5%95%8F%E3%81%84%E5%90%88%E3%82%8F%E3%81%9B%20%E5%8D%B8,YUDOFICAL,YUDOFICAL,A1Q0JMIX4CWEYU / A3A3A1RB1OFLR9,,836,25.8,365,20,1825,過去最安値(2026-02-23以降),9.0,基準売価1825 − 販売手数料164(9.0%) − FBA配送434 − 保管8[0.89L×9170円/m³×0.9ヶ月] − 外注282 − 雑費100 − 目標利益365(20%),1825,1825,はい,32,100,4064,2,中小候補,リチウム/電源系(PSE・FBA危険物),A,1500-1999円,2026-08-24 13:11,候補,
Tryone,【2026新型・業界最長伸縮アーム】TRYONE タブレットホルダー 車 後部座席 ヘッドレストホルダー 伸縮アーム 360°回転 安定固定,B0F8BPLLM9,381,1896,2,11.0,0.91,車＆バイク > カーナビ・カーエレクトロニクス > カーオーディオアクセサリ,標準1,https://www.amazon.co.jp/dp/B0F8BPLLM9,https://keepa.com/#!product/5-B0F8BPLLM9,https://www.google.com/search?q=Tryone%20%E4%BC%9A%E7%A4%BE%E6%A6%82%E8%A6%81%20%E5%95%8F%E3%81%84%E5%90%88%E3%82%8F%E3%81%9B%20%E5%8D%B8,Tryone,Tryone,A1Z1EC0ZRJE92N / AQB9XYY1VGYPF,,760,20.1,379,20,1896,過去最安値(2026-02-23以降),16.0,基準売価1896 − 販売手数料303(16.0%) − FBA配送434 − 保管16[1.94L×9170円/m³×0.9ヶ月] − 外注282 − 雑費100 − 目標利益379(20%),1896,1896,はい,33,300,1825,3,中小候補,電気製品(PSE要確認),A,1500-1999円,2026-08-24 13:11,候補,
Gudluky,【2026最新型】icカードリーダー マイナンバーカード対応 USB-A＆Type-C 接触型 sdカードリーダー 設置不要 自宅で確定申告 国税電子申告 納税システム e-Tax,B0DSJHLZ6H,286,1999,5,5.5,1.82,パソコン・周辺機器 > 外付けドライブ・ストレージ > 外付メモリカードリーダー,標準(小型),https://www.amazon.co.jp/dp/B0DSJHLZ6H,https://keepa.com/#!product/5-B0DSJHLZ6H,https://www.google.com/search?q=Gudluky%20%E4%BC%9A%E7%A4%BE%E6%A6%82%E8%A6%81%20%E5%95%8F%E3%81%84%E5%90%88%E3%82%8F%E3%81%9B%20%E5%8D%B8,Gudluky,Gudluky,A2D08ADQCVBL8S / A37U9DODK5QDKQ / LiuGng-JPストア / 【公式】Gudluky / A2J3AVS3YVLZ9Q,メーカー直販,530,23.5,244,20,1218,過去最安値(2026-02-23以降),9.0,基準売価1218 − 販売手数料109(9.0%) − FBA配送290 − 保管6[0.36L×9170円/m³×1.8ヶ月] − 外注182 − 雑費100 − 目標利益243(20%),1999,1218,はい,33,500,907,5,中小候補,電気製品(PSE要確認),A,1500-1999円,2026-08-24 13:11,候補,
SAZAC,スーパーマリオ マリオ 着ぐるみ帽子,B0BZKVR3K4,546,1870,2,11.0,0.91,おもちゃ > ままごと・ごっこ遊び > キッズコスチュームアクセサリー,標準(小型),https://www.amazon.co.jp/dp/B0BZKVR3K4,https://keepa.com/#!product/5-B0BZKVR3K4,https://www.google.com/search?q=SAZAC%20%E4%BC%9A%E7%A4%BE%E6%A6%82%E8%A6%81%20%E5%95%8F%E3%81%84%E5%90%88%E3%82%8F%E3%81%9B%20%E5%8D%B8,SAZAC,サザック(Sazac),AV4Z02L7SRX0D / A1W646H15EQSLA,,902,30.7,356,20,1779,過去最安値(2026-02-23以降),16.0,基準売価1779 − 販売手数料284(16.0%) − FBA配送290 − 保管20[2.45L×9170円/m³×0.9ヶ月] − 外注182 − 雑費100 − 目標利益355(20%),1870,1779,はい,33,50,7918,2,中小候補,,A,1500-1999円,2026-08-24 13:11,候補,
Tuwejia,2026高機能版 USB Type c HDMI アダプタタイプc hdmi 変換 Tuwejia４K 解像度 hd-miポートUSB 3.0高速ポートタイプ100W PD急速充電,B0DJQXF6KX,638,1709,3,8.25,1.21,パソコン・周辺機器 > PCアクセサリ・サプライ > 変換アダプタ,標準(小型),https://www.amazon.co.jp/dp/B0DJQXF6KX,https://keepa.com/#!product/5-B0DJQXF6KX,https://www.google.com/search?q=Tuwejia%20%E4%BC%9A%E7%A4%BE%E6%A6%82%E8%A6%81%20%E5%95%8F%E3%81%84%E5%90%88%E3%82%8F%E3%81%9B%20%E5%8D%B8,Tuwejia,Tuwejia,T-公式直営店 / GY-JP公式直営店 / CLDAY,,980,37.4,342,20,1709,過去最安値(2026-02-23以降),9.0,基準売価1709 − 販売手数料153(9.0%) − FBA配送290 − 保管3[0.23L×9170円/m³×1.2ヶ月] − 外注182 − 雑費100 − 目標利益341(20%),1709,1709,はい,33,50,4580,3,中小候補,電気製品(PSE要確認),A,1500-1999円,2026-08-24 13:11,候補,
Avrpqiwy,Avrpqiwy 3Dプリンターフィラメントドライボックスストレージ熱風加熱ストレージ印刷材料ボックスホルダー耐湿性すべての用,B0DPMSYR8R,103,1760,6,4.71,2.12,産業・研究開発用品 > 3Dプリンタ・スキャナ > 3Dプリンタパーツ・アクセサリ,標準1,https://www.amazon.co.jp/dp/B0DPMSYR8R,https://keepa.com/#!product/5-B0DPMSYR8R,https://www.google.com/search?q=Avrpqiwy%20%E4%BC%9A%E7%A4%BE%E6%A6%82%E8%A6%81%20%E5%95%8F%E3%81%84%E5%90%88%E3%82%8F%E3%81%9B%20%E5%8D%B8,Avrpqiwy,,A3KNZKS5WBA78Y / A2T0D4O6CEK75T / ACJL15Y0BBSQC / A26H0J01M5NDEE / A3I27BY16ASXDQ / A346DOF4G3N3KW,,437,6.2,334,20,1670,過去最安値(2026-02-23以降),16.0,基準売価1670 − 販売手数料267(16.0%) − FBA配送434 − 保管149[7.65L×9170円/m³×2.1ヶ月] − 外注282 − 雑費100 − 目標利益334(20%),1760,1670,はい,33,100,4607,6,中小候補,,A,1500-1999円,2026-08-24 13:11,候補,
LxTek,LxTek BCI-381XL カラー 6本セット キヤノン用 380 381 インク 純正 と併用可能 TS6330 TS8330 インク,B095H6BCWV,558,1616,2,11.0,0.91,パソコン・周辺機器 > PCアクセサリ・サプライ > プリンタアクセサリ,標準(小型),https://www.amazon.co.jp/dp/B095H6BCWV,https://keepa.com/#!product/5-B095H6BCWV,https://www.google.com/search?q=LxTek%20%E4%BC%9A%E7%A4%BE%E6%A6%82%E8%A6%81%20%E5%95%8F%E3%81%84%E5%90%88%E3%82%8F%E3%81%9B%20%E5%8D%B8,LxTek,LxTek BCI-381XL,RangYuSha / Qiyu shop,,879,34.8,321,20,1604,過去最安値(2026-02-23以降),9.0,基準売価1604 − 販売手数料144(9.0%) − FBA配送290 − 保管8[0.95L×9170円/m³×0.9ヶ月] − 外注182 − 雑費100 − 目標利益320(20%),1616,1604,はい,33,400,1976,4,中小候補,電気製品(PSE要確認),A,1500-1999円,2026-08-24 13:11,候補,
Casio,Casio Casio-23152-CTL1616 – 腕時計バッテリー,B00KSHIM7I,541,1680,2,11.0,0.91,家電＆カメラ > 電池 > 充電式電池,標準(小型),https://www.amazon.co.jp/dp/B00KSHIM7I,https://keepa.com/#!product/5-B00KSHIM7I,https://www.google.com/search?q=Casio%20%E4%BC%9A%E7%A4%BE%E6%A6%82%E8%A6%81%20%E5%95%8F%E3%81%84%E5%90%88%E3%82%8F%E3%81%9B%20%E5%8D%B8,Casio,CASIO,A3AXAWWSI9KVHH / CENFILL 【スウォッチグループ RENATAバッテリー正規輸入代理店】,,854,34.5,314,20,1568,過去最安値(2026-02-23以降),9.0,基準売価1568 − 販売手数料141(9.0%) − FBA配送290 − 保管0[0.01L×9170円/m³×0.9ヶ月] − 外注182 − 雑費100 − 目標利益313(20%),1680,1568,はい,33,200,4429,4,大手/海外疑い,リチウム/電源系(PSE・FBA危険物),A,1500-1999円,2026-08-24 13:11,候補,
SHEENGO,SHEENGO BCI-381+380 5本 互換インクカートリッジ キヤノン(Canon) 用TS6130 TS6230 TS6330 TS7330,B09XTZ58SK,554,1680,2,11.33,0.88,パソコン・周辺機器 > PCアクセサリ・サプライ > プリンタアクセサリ,標準(小型),https://www.amazon.co.jp/dp/B09XTZ58SK,https://keepa.com/#!product/5-B09XTZ58SK,https://www.google.com/search?q=SHEENGO%20%E4%BC%9A%E7%A4%BE%E6%A6%82%E8%A6%81%20%E5%95%8F%E3%81%84%E5%90%88%E3%82%8F%E3%81%9B%20%E5%8D%B8,SHEENGO,SHEENGO ( Non Canon OEM ),Shunyu Office / KaiGuanGui,,873,34.7,319,20,1596,過去最安値(2026-02-23以降),9.0,基準売価1596 − 販売手数料143(9.0%) − FBA配送290 − 保管7[0.87L×9170円/m³×0.9ヶ月] − 外注182 − 雑費100 − 目標利益319(20%),1680,1596,はい,34,200,5961,3,大手/海外疑い,電気製品(PSE要確認),A,1500-1999円,2026-08-24 13:11,候補,
Dyoac,Dyoac エアタグ カード【超薄1.6ｍｍ×ワイヤレス充電 最大10年使用】iOS専用 GPS 財布 紛失防止タグ Apple「探す」 IP68防水,B0D9BR32JL,845,1999,3,8.25,1.21,家電＆カメラ > ウェアラブルデバイス > スマートトラッカー,標準(小型),https://www.amazon.co.jp/dp/B0D9BR32JL,https://keepa.com/#!product/5-B0D9BR32JL,https://www.google.com/search?q=Dyoac%20%E4%BC%9A%E7%A4%BE%E6%A6%82%E8%A6%81%20%E5%95%8F%E3%81%84%E5%90%88%E3%82%8F%E3%81%9B%20%E5%8D%B8,Dyoac,Dyoac,A12X3D61HD6DAU / A1SSK5GOUMB3J1 / A1YQIS4HAU0QUG,,1245,42.3,400,20,1999,過去最安値(2026-02-23以降),9.0,基準売価1999 − 販売手数料179(9.0%) − FBA配送290 − 保管2[0.18L×9170円/m³×1.2ヶ月] − 外注182 − 雑費100 − 目標利益399(20%),1999,1999,はい,33,200,3894,3,大手/海外疑い,電気製品(PSE要確認),A,1500-1999円,2026-08-24 13:11,候補,
BURTLE,BURTLE バートル エアークラフト用ファンフィルター AC200,B07BL71VJW,297,1800,4,6.6,1.52,産業・研究開発用品 > 安全・保護用品 > 産業用マスク,標準(小型),https://www.amazon.co.jp/dp/B07BL71VJW,https://keepa.com/#!product/5-B07BL71VJW,https://www.google.com/search?q=BURTLE%20%E4%BC%9A%E7%A4%BE%E6%A6%82%E8%A6%81%20%E5%95%8F%E3%81%84%E5%90%88%E3%82%8F%E3%81%9B%20%E5%8D%B8,BURTLE,バートル(Burtle),A21VV9XK55H667 / A37T5UMC2VGINL / A1C39R3O59L2SM / A19FQEMTZ0NXEV,,572,21.6,275,20,1376,過去最安値(2026-02-23以降),16.0,基準売価1376 − 販売手数料220(16.0%) − FBA配送290 − 保管11[0.81L×9170円/m³×1.5ヶ月] − 外注182 − 雑費100 − 目標利益275(20%),1800,1376,はい,33,400,1267,4,大手/海外疑い,,A,1500-1999円,2026-08-24 13:11,候補,
roborock,【メーカー純正品】Roborock 自動ゴミ収集ドック用 使い捨て紙パックC SDCD05RR 3個 交換用 純正アクセサリー Saros 10R / Saros 10 / Qre,B0DBYY5DQ8,468,1680,4,6.6,1.52,ホーム＆キッチン > ゴミ箱・ゴミ入れ > ゴミ箱用アクセサリ,標準(小型),https://www.amazon.co.jp/dp/B0DBYY5DQ8,https://keepa.com/#!product/5-B0DBYY5DQ8,https://www.google.com/search?q=roborock%20%E4%BC%9A%E7%A4%BE%E6%A6%82%E8%A6%81%20%E5%95%8F%E3%81%84%E5%90%88%E3%82%8F%E3%81%9B%20%E5%8D%B8,roborock,roborock,A3OYMCQE31143E / A3KMNJ3DXW7OH6 / A3FINXIZGG7R34 / A2SWUOETHK9EN2,,800,28.2,333,20,1663,過去最安値(2026-02-23以降),16.0,基準売価1663 − 販売手数料266(16.0%) − FBA配送290 − 保管24[1.69L×9170円/m³×1.5ヶ月] − 外注182 − 雑費100 − 目標利益332(20%),1680,1663,はい,33,300,4811,4,中小候補,,A,1500-1999円,2026-08-24 13:11,候補,
DYKL,【Amazon.co.jp限定】DYKL 鼻毛カッター メンズ レディース 電動 エチケットカッター 3in1 鼻毛・眉毛・耳毛対応 眉毛シェーバー 耳毛カッター Type-C充電,B0FN71V2R3,669,1949,3,8.0,1.25,ホーム＆キッチン > 家電 > 理美容家電,標準(小型),https://www.amazon.co.jp/dp/B0FN71V2R3,https://keepa.com/#!product/5-B0FN71V2R3,https://www.google.com/search?q=DYKL%20%E4%BC%9A%E7%A4%BE%E6%A6%82%E8%A6%81%20%E5%95%8F%E3%81%84%E5%90%88%E3%82%8F%E3%81%9B%20%E5%8D%B8,DYKL,DYKL,A2WNEDBTWY0WCO / A19264DIV4PTUU / A2C4OCFXLQWZQ9,,1059,34.3,390,20,1949,過去最安値(2026-02-23以降),16.0,基準売価1949 − 販売手数料311(16.0%) − FBA配送290 − 保管6[0.57L×9170円/m³×1.2ヶ月] − 外注182 − 雑費100 − 目標利益389(20%),1949,1949,はい,32,300,8198,3,中小候補,電気製品(PSE要確認),A,1500-1999円,2026-08-24 13:11,候補,
CEREMONY,CEREMONY お香立て、灰がこぼれない、おこうたて、線香立て、おこうたて おしゃれ（お香は付いていません）,B0CDLP9SQ3,296,1976,2,11.0,0.91,ホーム＆キッチン > インテリア > ホームフレグランス,標準1,https://www.amazon.co.jp/dp/B0CDLP9SQ3,https://keepa.com/#!product/5-B0CDLP9SQ3,https://www.google.com/search?q=CEREMONY%20%E4%BC%9A%E7%A4%BE%E6%A6%82%E8%A6%81%20%E5%95%8F%E3%81%84%E5%90%88%E3%82%8F%E3%81%9B%20%E5%8D%B8,CEREMONY,ceremony,A22AEZ6IMXQTBU / A1EJGP084HULR,,650,16.8,353,20,1767,過去最安値(2026-02-23以降),16.0,基準売価1767 − 販売手数料282(16.0%) − FBA配送434 − 保管18[2.11L×9170円/m³×0.9ヶ月] − 外注282 − 雑費100 − 目標利益353(20%),1976,1767,はい,33,600,2297,2,中小候補,,A,1500-1999円,2026-08-24 13:11,候補,
LxTek,LxTek KAM-6CL-L 6本セット エプソン用 インク カメ Epson用 かめ EP-886AW EP-882AW インク,B07L86DC15,599,1672,3,8.0,1.25,パソコン・周辺機器 > PCアクセサリ・サプライ > プリンタアクセサリ,標準(小型),https://www.amazon.co.jp/dp/B07L86DC15,https://keepa.com/#!product/5-B07L86DC15,https://www.google.com/search?q=LxTek%20%E4%BC%9A%E7%A4%BE%E6%A6%82%E8%A6%81%20%E5%95%8F%E3%81%84%E5%90%88%E3%82%8F%E3%81%9B%20%E5%8D%B8,LxTek,LxTek インクカートリッジ エプソン epson kam-6cl-l EP-881 EP-882 インク カメ kam,RangYuSha / Qiyu shop / 「LxTek」日常印刷の専門家,メーカー直販,931,36.1,332,20,1660,過去最安値(2026-02-23以降),9.0,基準売価1660 − 販売手数料149(9.0%) − FBA配送290 − 保管7[0.65L×9170円/m³×1.2ヶ月] − 外注182 − 雑費100 − 目標利益332(20%),1672,1660,はい,32,500,1795,4,大手/海外疑い,電気製品(PSE要確認),A,1500-1999円,2026-08-24 13:11,候補,
KEENKLE,KEENKLE BCI-381XL BCI-380XL 5本セット キャノン用 インク 380 381 純正 と併用可能 TS6330 インク,B09KNJ64MD,527,1558,2,11.0,0.91,パソコン・周辺機器 > PCアクセサリ・サプライ > プリンタアクセサリ,標準(小型),https://www.amazon.co.jp/dp/B09KNJ64MD,https://keepa.com/#!product/5-B09KNJ64MD,https://www.google.com/search?q=KEENKLE%20%E4%BC%9A%E7%A4%BE%E6%A6%82%E8%A6%81%20%E5%95%8F%E3%81%84%E5%90%88%E3%82%8F%E3%81%9B%20%E5%8D%B8,KEENKLE,KEENKLE,A2ZN4OI7JAITRY / YG印刷専門家SHOP,,838,33.8,312,20,1558,過去最安値(2026-02-23以降),9.0,基準売価1558 − 販売手数料140(9.0%) − FBA配送290 − 保管7[0.89L×9170円/m³×0.9ヶ月] − 外注182 − 雑費100 − 目標利益311(20%),1558,1558,はい,33,100,4746,3,中小候補,電気製品(PSE要確認),A,1500-1999円,2026-08-24 13:11,候補,
BANDAI,バンダイ(BANDAI) バトルスピリッツ コラボスターター 仮面ライダー AGENT OF DREAM【26RSD07】,B0GN4RH67Y,250,1800,5,5.33,1.88,おもちゃ > ゲーム > カードゲーム・トランプ,標準(小型),https://www.amazon.co.jp/dp/B0GN4RH67Y,https://keepa.com/#!product/5-B0GN4RH67Y,https://www.google.com/search?q=BANDAI%20%E4%BC%9A%E7%A4%BE%E6%A6%82%E8%A6%81%20%E5%95%8F%E3%81%84%E5%90%88%E3%82%8F%E3%81%9B%20%E5%8D%B8,BANDAI,バンダイ(BANDAI),A3RP0E02MHXT4R / APME61CR1EQOJ / A3VYITYGC211UO / A1CXGDKGMC2K0N / A1UR1WS89N154P,,510,19.3,260,20,1299,過去最安値(2026-02-23以降),16.0,基準売価1299 − 販売手数料207(16.0%) − FBA配送290 − 保管9[0.53L×9170円/m³×1.9ヶ月] − 外注182 − 雑費100 − 目標利益259(20%),1800,1299,はい,32,50,1096,5,大手/海外疑い,,A,1500-1999円,2026-08-24 13:11,候補,
ビーエムオンライン,鈴木油脂 かびとりいっぱつ,B09MQ19QJC,411,1778,3,8.0,1.25,車＆バイク > 洗車・お手入れ用品 > エクステリアケア,標準(小型),https://www.amazon.co.jp/dp/B09MQ19QJC,https://keepa.com/#!product/5-B09MQ19QJC,https://www.google.com/search?q=%E3%83%93%E3%83%BC%E3%82%A8%E3%83%A0%E3%82%AA%E3%83%B3%E3%83%A9%E3%82%A4%E3%83%B3%20%E4%BC%9A%E7%A4%BE%E6%A6%82%E8%A6%81%20%E5%95%8F%E3%81%84%E5%90%88%E3%82%8F%E3%81%9B%20%E5%8D%B8,ビーエムオンライン,鈴木油脂,A2YIIVSNGIUGVA / A1B7EMAUX3V4MF / A3SBGLLXVMPUPP,,721,26.5,310,20,1550,過去最安値(2026-02-23以降),16.0,基準売価1550 − 販売手数料248(16.0%) − FBA配送290 − 保管9[0.75L×9170円/m³×1.2ヶ月] − 外注182 − 雑費100 − 目標利益310(20%),1778,1550,はい,32,1000,270,3,中小候補,,A,1500-1999円,2026-08-24 13:11,候補,
Airクリーンラボ,【張る空気清浄機×5つの試験で99%】 ハウスダスト対策 エアコンフィルター 壁掛エアコン・空気清浄機用 掃除 ホコリ 換気扇 エアクリーンラボ 花粉対策 2枚入り,B0DQ81QZWP,105,1980,2,10.67,0.94,ホーム＆キッチン > 家電 > 空調・季節家電,標準1,https://www.amazon.co.jp/dp/B0DQ81QZWP,https://keepa.com/#!product/5-B0DQ81QZWP,https://www.google.com/search?q=Air%E3%82%AF%E3%83%AA%E3%83%BC%E3%83%B3%E3%83%A9%E3%83%9C%20%E4%BC%9A%E7%A4%BE%E6%A6%82%E8%A6%81%20%E5%95%8F%E3%81%84%E5%90%88%E3%82%8F%E3%81%9B%20%E5%8D%B8,Airクリーンラボ,E-Surf,AEVXR7ZTHXA56 / A34PMLI58PFSVS,,398,7.2,293,20,1465,過去最安値(2026-02-23以降),16.0,基準売価1465 − 販売手数料234(16.0%) − FBA配送434 − 保管16[1.81L×9170円/m³×0.9ヶ月] − 外注282 − 雑費100 − 目標利益293(20%),1980,1465,はい,32,400,7700,2,中小候補,電気製品(PSE要確認),A,1500-1999円,2026-08-24 13:11,候補,
YOCOEI,YOCOEI 40W USB急速充電器 (4ポート/折り畳み式/超コンパクト/iSonicおまかせ充電/PSE認証済み) iPhone/iPadシリーズ/Galaxy/Xperia,B0CRS24PMN,577,1620,2,11.0,0.91,家電＆カメラ > 携帯電話・スマートフォン > 携帯電話・スマートフォンアクセサリ,標準(小型),https://www.amazon.co.jp/dp/B0CRS24PMN,https://keepa.com/#!product/5-B0CRS24PMN,https://www.google.com/search?q=YOCOEI%20%E4%BC%9A%E7%A4%BE%E6%A6%82%E8%A6%81%20%E5%95%8F%E3%81%84%E5%90%88%E3%82%8F%E3%81%9B%20%E5%8D%B8,YOCOEI,YOCOEI,A21B69V99NGGXC / A2UTDNEMACJVRC,,901,35.6,324,20,1620,過去最安値(2026-02-23以降),9.0,基準売価1620 − 販売手数料145(9.0%) − FBA配送290 − 保管1[0.15L×9170円/m³×0.9ヶ月] − 外注182 − 雑費100 − 目標利益324(20%),1620,1620,はい,33,200,4959,2,中小候補,リチウム/電源系(PSE・FBA危険物),A,1500-1999円,2026-08-24 13:11,候補,
筒井時正商店,"超特大ナイヤガラ 参考価格:1,100円/1箱 総薬量(約)72g",B001C9XWH6,252,1680,4,6.4,1.56,おもちゃ > 季節用品 > 花火,標準1,https://www.amazon.co.jp/dp/B001C9XWH6,https://keepa.com/#!product/5-B001C9XWH6,https://www.google.com/search?q=%E7%AD%92%E4%BA%95%E6%99%82%E6%AD%A3%E5%95%86%E5%BA%97%20%E4%BC%9A%E7%A4%BE%E6%A6%82%E8%A6%81%20%E5%95%8F%E3%81%84%E5%90%88%E3%82%8F%E3%81%9B%20%E5%8D%B8,筒井時正商店,筒井時正商店,A1OH7EY6WO8A1S / A38BA7CJAPBKSE / A29PIL8352884H / AIA5LJ9CQ1MIN,,588,15.0,336,20,1680,過去最安値(2026-02-23以降),16.0,基準売価1680 − 販売手数料268(16.0%) − FBA配送434 − 保管7[0.50L×9170円/m³×1.6ヶ月] − 外注282 − 雑費100 − 目標利益336(20%),1680,1680,はい,32,100,4878,4,中小候補,,A,1500-1999円,2026-08-24 13:11,候補,
すごろくや,すごろくや ナンジャモンジャ・シロ 2人 - 6人 4歳 15分 命名 記憶 反射神経 パーティー 子供向け ボードゲーム,B01B7QHIGO,107,1544,4,6.4,1.56,おもちゃ > ゲーム > ボードゲーム,標準(小型),https://www.amazon.co.jp/dp/B01B7QHIGO,https://keepa.com/#!product/5-B01B7QHIGO,https://www.google.com/search?q=%E3%81%99%E3%81%94%E3%82%8D%E3%81%8F%E3%82%84%20%E4%BC%9A%E7%A4%BE%E6%A6%82%E8%A6%81%20%E5%95%8F%E3%81%84%E5%90%88%E3%82%8F%E3%81%9B%20%E5%8D%B8,すごろくや,,A6XT0XK1H4Y1B / AAZAB5ZNHJQX0 / A37AHJR2UK57OI / A1K3L3Z2FA2KVN,,320,10.1,213,20,1066,過去最安値(2026-02-23以降),16.0,基準売価1066 − 販売手数料170(16.0%) − FBA配送290 − 保管3[0.18L×9170円/m³×1.6ヶ月] − 外注182 − 雑費100 − 目標利益213(20%),1544,1066,はい,32,700,628,5,中小候補,,A,1500-1999円,2026-08-24 13:11,候補,
ELUTENG,ELUTENG SATA 増設ボード 6Gbps速度 pcie sata 増設 2ポート sata 増設 拡張カード PCI Express x1 X4 X8 X16用 大型/小型,B07T1HYBK2,501,1519,2,10.67,0.94,パソコン・周辺機器 > PCパーツ > インターフェースカード,標準(小型),https://www.amazon.co.jp/dp/B07T1HYBK2,https://keepa.com/#!product/5-B07T1HYBK2,https://www.google.com/search?q=ELUTENG%20%E4%BC%9A%E7%A4%BE%E6%A6%82%E8%A6%81%20%E5%95%8F%E3%81%84%E5%90%88%E3%82%8F%E3%81%9B%20%E5%8D%B8,ELUTENG,ELUTENG,A35V3YJRT6OSJS / A1Z3M2YVFJFNOA,,805,33.0,304,20,1519,過去最安値(2026-02-23以降),9.0,基準売価1519 − 販売手数料136(9.0%) − FBA配送290 − 保管5[0.55L×9170円/m³×0.9ヶ月] − 外注182 − 雑費100 − 目標利益303(20%),1519,1519,はい,32,50,5267,2,中小候補,電気製品(PSE要確認),A,1500-1999円,2026-08-24 13:11,候補,
Ralkepy,Ralkepy タッチペン 全機種対応 電量表示 スタイラスペン 磁気吸着機能 交換用ペン先3つ付属「日本語取扱説明書付き」(ブラック),B0F53PN355,491,1580,3,8.0,1.25,家電＆カメラ > 携帯電話・スマートフォン > 携帯電話・スマートフォンアクセサリ,標準(小型),https://www.amazon.co.jp/dp/B0F53PN355,https://keepa.com/#!product/5-B0F53PN355,https://www.google.com/search?q=Ralkepy%20%E4%BC%9A%E7%A4%BE%E6%A6%82%E8%A6%81%20%E5%95%8F%E3%81%84%E5%90%88%E3%82%8F%E3%81%9B%20%E5%8D%B8,Ralkepy,Ralkepy,A3UPN0KCZ31LWF / A3UUK6PQVNPMA2 / A32MAV8NSE6O5P,,791,32.8,300,20,1501,過去最安値(2026-02-23以降),9.0,基準売価1501 − 販売手数料135(9.0%) − FBA配送290 − 保管2[0.18L×9170円/m³×1.2ヶ月] − 外注182 − 雑費100 − 目標利益300(20%),1580,1501,はい,32,100,2302,3,中小候補,電気製品(PSE要確認),A,1500-1999円,2026-08-24 13:11,候補,
Ashei,ソーラーライト 屋外 防水【2026新版 2個入り】 防犯 3つ知能モード 自動点灯/消灯 ソーラーセンサーライト 大容量電池 太陽光発電 電気代ゼロ 玄関/廊下/庭/壁掛け/駐車,B0F4KH3FGX,257,1695,2,10.67,0.94,DIY・工具・ガーデン > エクステリア > アウトドア・エクステリアライト,標準1,https://www.amazon.co.jp/dp/B0F4KH3FGX,https://keepa.com/#!product/5-B0F4KH3FGX,https://www.google.com/search?q=Ashei%20%E4%BC%9A%E7%A4%BE%E6%A6%82%E8%A6%81%20%E5%95%8F%E3%81%84%E5%90%88%E3%82%8F%E3%81%9B%20%E5%8D%B8,Ashei,Ashei,AKU3I21TFZWDY / A1FN60M93NPS2D,,596,15.2,339,20,1695,過去最安値(2026-02-23以降),16.0,基準売価1695 − 販売手数料271(16.0%) − FBA配送434 − 保管11[1.31L×9170円/m³×0.9ヶ月] − 外注282 − 雑費100 − 目標利益339(20%),1695,1695,はい,32,2000,134,3,中小候補,,A,1500-1999円,2026-08-24 13:11,候補,
金鳥,イヤな虫ムエンダー 60プッシュ アリ クモ カメムシ 害虫駆除 殺虫剤 スプレー ワンプッシュ,B08WB8C986,92,1772,5,5.33,1.88,DIY・工具・ガーデン > ガーデン > 害獣・害虫対策用品,標準(小型),https://www.amazon.co.jp/dp/B08WB8C986,https://keepa.com/#!product/5-B08WB8C986,https://www.google.com/search?q=%E9%87%91%E9%B3%A5%20%E4%BC%9A%E7%A4%BE%E6%A6%82%E8%A6%81%20%E5%95%8F%E3%81%84%E5%90%88%E3%82%8F%E3%81%9B%20%E5%8D%B8,金鳥,大日本除虫菊,A3Q8YTRXHZSZZA / A3UIFQMG7D5LMU / A33UDEQFJ4ULS1 / A1F3S2QOQAX7LH / A243UMV41IVD3M,,305,8.7,213,20,1064,過去最安値(2026-02-23以降),16.0,基準売価1064 − 販売手数料170(16.0%) − FBA配送290 − 保管16[0.93L×9170円/m³×1.9ヶ月] − 外注182 − 雑費100 − 目標利益212(20%),1772,1064,はい,32,,698,5,中小候補,,A,1500-1999円,2026-08-24 13:11,候補,
SHEENGO,SHEENGO BCI-330XL BCI-331XL キャノン 用 インク 331 330 純正と併用 ts8630 ts8730,B0BJJP5W75,611,1876,4,6.4,1.56,パソコン・周辺機器 > PCアクセサリ・サプライ > プリンタアクセサリ,標準(小型),https://www.amazon.co.jp/dp/B0BJJP5W75,https://keepa.com/#!product/5-B0BJJP5W75,https://www.google.com/search?q=SHEENGO%20%E4%BC%9A%E7%A4%BE%E6%A6%82%E8%A6%81%20%E5%95%8F%E3%81%84%E5%90%88%E3%82%8F%E3%81%9B%20%E5%8D%B8,SHEENGO,SHEENGO,Shunyu Office / 互換インク専門家 / KaiGuanGui / ATMUKPKSYLQ9I,,949,36.3,337,20,1687,過去最安値(2026-02-23以降),9.0,基準売価1687 − 販売手数料151(9.0%) − FBA配送290 − 保管14[0.95L×9170円/m³×1.6ヶ月] − 外注182 − 雑費100 − 目標利益337(20%),1876,1687,はい,32,100,3818,5,中小候補,電気製品(PSE要確認),A,1500-1999円,2026-08-24 13:11,候補,
KEENKLE,BCI-331/330 6本セット キャノン 用 インク 331 330 6色 マルチパック Canon 用 インク 331 330 BCI-331XL/330XL 互換カートリッ,B0DWDDXGQV,672,1777,2,10.67,0.94,パソコン・周辺機器 > PCアクセサリ・サプライ > プリンタアクセサリ,標準(小型),https://www.amazon.co.jp/dp/B0DWDDXGQV,https://keepa.com/#!product/5-B0DWDDXGQV,https://www.google.com/search?q=KEENKLE%20%E4%BC%9A%E7%A4%BE%E6%A6%82%E8%A6%81%20%E5%95%8F%E3%81%84%E5%90%88%E3%82%8F%E3%81%9B%20%E5%8D%B8,KEENKLE,KEENKLE For キャノン インク 331 330,A2ZN4OI7JAITRY / YG印刷専門家SHOP,,1025,38.1,353,20,1764,過去最安値(2026-02-23以降),9.0,基準売価1764 − 販売手数料158(9.0%) − FBA配送290 − 保管8[0.91L×9170円/m³×0.9ヶ月] − 外注182 − 雑費100 − 目標利益352(20%),1777,1764,はい,32,100,8140,3,大手/海外疑い,電気製品(PSE要確認),A,1500-1999円,2026-08-24 13:11,候補,
LxTek,【LxTek】Epson用 PX-048A PX-049A インク RDH-4CL インクカートリッジ 8本セット(4色セット*2) エプソン対応 リコーダー インク 『互換インク,B07WNHT437,257,1549,4,6.4,1.56,パソコン・周辺機器 > PCアクセサリ・サプライ > プリンタアクセサリ,標準1,https://www.amazon.co.jp/dp/B07WNHT437,https://keepa.com/#!product/5-B07WNHT437,https://www.google.com/search?q=LxTek%20%E4%BC%9A%E7%A4%BE%E6%A6%82%E8%A6%81%20%E5%95%8F%E3%81%84%E5%90%88%E3%82%8F%E3%81%9B%20%E5%8D%B8,LxTek,LxTek for エプソンPX-048A px-049a インク rdh-4cl リコーダー インク 互換,RangYuSha / Qiyu shop / A1JBP5P9K2TCGG / YG印刷専門家SHOP,,565,16.7,308,20,1539,過去最安値(2026-02-23以降),9.0,基準売価1539 − 販売手数料138(9.0%) − FBA配送434 − 保管19[1.29L×9170円/m³×1.6ヶ月] − 外注282 − 雑費100 − 目標利益307(20%),1549,1539,はい,32,100,6111,4,大手/海外疑い,電気製品(PSE要確認),A,1500-1999円,2026-08-24 13:11,候補,
Hamee(ハミィ),[ハミィ] iFace Hang and ストラップホルダー ダブルリング (ガンメタル),B0DVLQ33V4,692,1980,2,10.33,0.97,家電＆カメラ > 携帯電話・スマートフォン > 携帯電話・スマートフォンアクセサリ,標準(小型),https://www.amazon.co.jp/dp/B0DVLQ33V4,https://keepa.com/#!product/5-B0DVLQ33V4,https://www.google.com/search?q=Hamee%28%E3%83%8F%E3%83%9F%E3%82%A3%29%20%E4%BC%9A%E7%A4%BE%E6%A6%82%E8%A6%81%20%E5%95%8F%E3%81%84%E5%90%88%E3%82%8F%E3%81%9B%20%E5%8D%B8,Hamee(ハミィ),,Hamee(ハミィ) / 株式会社コジマ,メーカー直販,1048,38.8,356,20,1782,過去最安値(2026-02-23以降),9.0,基準売価1782 − 販売手数料160(9.0%) − FBA配送290 − 保管1[0.07L×9170円/m³×1.0ヶ月] − 外注182 − 雑費100 − 目標利益356(20%),1980,1782,はい,31,200,1157,3,中小候補,電気製品(PSE要確認),A,1500-1999円,2026-08-24 13:11,候補,
LongFlight,LongFlight 携帯枕 ネックピロー 首枕 U型 空気枕 持ち運び便利 旅行枕 収納ポーチ付き 洗えるカバー 飛行機 コンパクト 車 夜行深夜バス 新幹線 ソファ 旅行用最適,B0FVXVWLR2,551,1799,2,10.67,0.94,ホーム＆キッチン > 寝具 > 枕・抱き枕,標準(小型),https://www.amazon.co.jp/dp/B0FVXVWLR2,https://keepa.com/#!product/5-B0FVXVWLR2,https://www.google.com/search?q=LongFlight%20%E4%BC%9A%E7%A4%BE%E6%A6%82%E8%A6%81%20%E5%95%8F%E3%81%84%E5%90%88%E3%82%8F%E3%81%9B%20%E5%8D%B8,LongFlight,LongFlight,A24J9UGGST0W6C / AVXQJ9N5TZL6M,,908,31.0,356,20,1781,過去最安値(2026-02-23以降),16.0,基準売価1781 − 販売手数料284(16.0%) − FBA配送290 − 保管16[1.88L×9170円/m³×0.9ヶ月] − 外注182 − 雑費100 − 目標利益356(20%),1799,1781,はい,32,400,4769,4,中小候補,,A,1500-1999円,2026-08-24 13:11,候補,
MiiElAOD,"Seeeduino XIAO ESP32C3, IoT 制御シナリオ用の Wi-Fi と BLE を備えた Tiny MCU ボード (1pc)",B0BW476N31,406,1540,6,4.57,2.19,パソコン・周辺機器 > シングルボードコンピュータ・アクセサリ > シングルボードコンピュータ,標準(小型),https://www.amazon.co.jp/dp/B0BW476N31,https://keepa.com/#!product/5-B0BW476N31,https://www.google.com/search?q=MiiElAOD%20%E4%BC%9A%E7%A4%BE%E6%A6%82%E8%A6%81%20%E5%95%8F%E3%81%84%E5%90%88%E3%82%8F%E3%81%9B%20%E5%8D%B8,MiiElAOD,Miistore,A2Q0SO6H8OYMA9 / A38V59MRS2X052 / A33Q4V76YMC97T / A12ITMJY6L7HLT / A7RAPKSKD0ZS6 / A2K7LGNBHTTC7J,,682,29.5,276,20,1380,過去最安値(2026-02-23以降),9.0,基準売価1380 − 販売手数料124(9.0%) − FBA配送290 − 保管1[0.05L×9170円/m³×2.2ヶ月] − 外注182 − 雑費100 − 目標利益276(20%),1540,1380,はい,32,100,5298,6,中小候補,電気製品(PSE要確認),A,1500-1999円,2026-08-24 13:11,候補,
basemax,【2026 新登場】ハンディクリーナー コードレス 強力吸引力 【吹き飛ぶ/吸い込む/空気入れ/空気抜き】 車用掃除機 4WAY多機能 大容量 Type-C 急速充電 LEDライト,B0GGRG6DLW,439,1999,2,10.67,0.94,車＆バイク > カーアクセサリ > 車用電化製品,標準1,https://www.amazon.co.jp/dp/B0GGRG6DLW,https://keepa.com/#!product/5-B0GGRG6DLW,https://www.google.com/search?q=basemax%20%E4%BC%9A%E7%A4%BE%E6%A6%82%E8%A6%81%20%E5%95%8F%E3%81%84%E5%90%88%E3%82%8F%E3%81%9B%20%E5%8D%B8,basemax,Basemax,Basemax-ハンディクリーナー専門店 / Basemax-小型家電製品-JP【安心保障】,メーカー直販,839,22.0,400,20,1998,過去最安値(2026-02-23以降),16.0,基準売価1998 − 販売手数料319(16.0%) − FBA配送434 − 保管23[2.65L×9170円/m³×0.9ヶ月] − 外注282 − 雑費100 − 目標利益399(20%),1999,1998,はい,32,100,587,2,中小候補,,A,1500-1999円,2026-08-24 13:11,候補,
マタインク,マタインク BCI-380XL キヤノン 用 インク 380PGBK 大容量タイプ 四本セット 互換インク 対応機種：TS6130 TS6230 他,B08P2NWX6M,755,1898,2,10.0,1.0,パソコン・周辺機器 > PCアクセサリ・サプライ > プリンタアクセサリ,標準(小型),https://www.amazon.co.jp/dp/B08P2NWX6M,https://keepa.com/#!product/5-B08P2NWX6M,https://www.google.com/search?q=%E3%83%9E%E3%82%BF%E3%82%A4%E3%83%B3%E3%82%AF%20%E4%BC%9A%E7%A4%BE%E6%A6%82%E8%A6%81%20%E5%95%8F%E3%81%84%E5%90%88%E3%82%8F%E3%81%9B%20%E5%8D%B8,マタインク,マタインク BCI-380XL,互換インク専門家 / マタインク JP,メーカー直販,1131,40.2,376,20,1880,過去最安値(2026-02-23以降),9.0,基準売価1880 − 販売手数料169(9.0%) − FBA配送290 − 保管7[0.77L×9170円/m³×1.0ヶ月] − 外注182 − 雑費100 − 目標利益376(20%),1898,1880,はい,30,100,8558,3,中小候補,電気製品(PSE要確認),A,1500-1999円,2026-08-24 13:11,候補,
GOODNEW,【2026新登場】シェーバー メンズ 髭剃り ミニ 電気シェーバー 小型 ひげそり 携帯 軽量 IPX6防水 水洗い 乾湿両用 LEDディスプレイー Type-C充電式 6枚刃 高,B0GG94PLMZ,678,1979,2,10.33,0.97,ホーム＆キッチン > 家電 > 理美容家電,標準(小型),https://www.amazon.co.jp/dp/B0GG94PLMZ,https://keepa.com/#!product/5-B0GG94PLMZ,https://www.google.com/search?q=GOODNEW%20%E4%BC%9A%E7%A4%BE%E6%A6%82%E8%A6%81%20%E5%95%8F%E3%81%84%E5%90%88%E3%82%8F%E3%81%9B%20%E5%8D%B8,GOODNEW,GOODNEW,A2MK03MEEJ78SF / AA7TMBCTJPJQI,,1070,34.6,392,20,1960,過去最安値(2026-02-23以降),16.0,基準売価1960 − 販売手数料313(16.0%) − FBA配送290 − 保管4[0.43L×9170円/m³×1.0ヶ月] − 外注182 − 雑費100 − 目標利益392(20%),1979,1960,はい,31,400,5327,2,中小候補,電気製品(PSE要確認),A,1500-1999円,2026-08-24 13:11,候補,
ブレイス(Braith),ブレイス/BRAiTH アーマオール プロテクタントオリジナル 473ml 車 ダッシュボード タイヤ 保護 ツヤ出し AK-16,B0D4LH1S4S,103,1962,4,6.2,1.61,車＆バイク > 洗車・お手入れ用品 > コーティング剤,標準1,https://www.amazon.co.jp/dp/B0D4LH1S4S,https://keepa.com/#!product/5-B0D4LH1S4S,https://www.google.com/search?q=%E3%83%96%E3%83%AC%E3%82%A4%E3%82%B9%28Braith%29%20%E4%BC%9A%E7%A4%BE%E6%A6%82%E8%A6%81%20%E5%95%8F%E3%81%84%E5%90%88%E3%82%8F%E3%81%9B%20%E5%8D%B8,ブレイス(Braith),,A2YIIVSNGIUGVA / A3UEAYPEMMBDNQ / A29FF8CSR1BXLM / AANDTPR1OTWQS,,403,6.9,300,20,1500,過去最安値(2026-02-23以降),16.0,基準売価1500 − 販売手数料240(16.0%) − FBA配送434 − 保管41[2.75L×9170円/m³×1.6ヶ月] − 外注282 − 雑費100 − 目標利益300(20%),1962,1500,はい,31,200,2322,4,中小候補,,A,1500-1999円,2026-08-24 13:11,候補,
ZIPPO,zippo（ジッポー） インサイドユニット レギュラーサイズ,B00DXIPA1A,687,1970,5,5.17,1.94,ファッション > 喫煙具 > ライター,標準(小型),https://www.amazon.co.jp/dp/B00DXIPA1A,https://keepa.com/#!product/5-B00DXIPA1A,https://www.google.com/search?q=ZIPPO%20%E4%BC%9A%E7%A4%BE%E6%A6%82%E8%A6%81%20%E5%95%8F%E3%81%84%E5%90%88%E3%82%8F%E3%81%9B%20%E5%8D%B8,ZIPPO,,AAUSFJM869AAP / A3OS98XZVIGHQN / A2LG2DR18PI9GG / A3B32T6BR18WQG / ALI3NGSRGP36V,,1081,34.9,394,20,1970,過去最安値(2026-02-23以降),16.0,基準売価1970 − 販売手数料315(16.0%) − FBA配送290 − 保管1[0.04L×9170円/m³×1.9ヶ月] − 外注182 − 雑費100 − 目標利益394(20%),1970,1970,はい,31,300,4732,6,中小候補,,A,1500-1999円,2026-08-24 13:11,候補,
マタインク,マタインク BCI-381XL BCI-380XL 5本セット キャノン用 インク 380 381 純正 と併用可能 TS6330 インク,B08P2PDMFJ,684,1786,3,7.5,1.33,パソコン・周辺機器 > PCアクセサリ・サプライ > プリンタアクセサリ,標準(小型),https://www.amazon.co.jp/dp/B08P2PDMFJ,https://keepa.com/#!product/5-B08P2PDMFJ,https://www.google.com/search?q=%E3%83%9E%E3%82%BF%E3%82%A4%E3%83%B3%E3%82%AF%20%E4%BC%9A%E7%A4%BE%E6%A6%82%E8%A6%81%20%E5%95%8F%E3%81%84%E5%90%88%E3%82%8F%E3%81%9B%20%E5%8D%B8,マタインク,マタインク BCI-381XL+BCI-380XL,互換インク専門家 / インク専門家 / マタインク JP,メーカー直販,1041,38.3,357,20,1786,過去最安値(2026-02-23以降),9.0,基準売価1786 − 販売手数料160(9.0%) − FBA配送290 − 保管12[0.97L×9170円/m³×1.3ヶ月] − 外注182 − 雑費100 − 目標利益357(20%),1786,1786,はい,30,500,1306,6,中小候補,電気製品(PSE要確認),A,1500-1999円,2026-08-24 13:11,候補,
MINLU,【100W】巻き取り式充電ケーブル タイプc usb c ケーブル 巻き取り 1.2m リール式 PD対応100W/5A 超急速充電 高速データ転送,B0BKKL1M31,421,1599,2,10.33,0.97,パソコン・周辺機器 > PCアクセサリ・サプライ > ケーブル・アクセサリ,標準(小型),https://www.amazon.co.jp/dp/B0BKKL1M31,https://keepa.com/#!product/5-B0BKKL1M31,https://www.google.com/search?q=MINLU%20%E4%BC%9A%E7%A4%BE%E6%A6%82%E8%A6%81%20%E5%95%8F%E3%81%84%E5%90%88%E3%82%8F%E3%81%9B%20%E5%8D%B8,MINLU,MINLU,AKS96UUYQWM3N / A1EJGP084HULR,,701,30.0,281,20,1403,過去最安値(2026-02-23以降),9.0,基準売価1403 − 販売手数料126(9.0%) − FBA配送290 − 保管3[0.38L×9170円/m³×1.0ヶ月] − 外注182 − 雑費100 − 目標利益280(20%),1599,1403,はい,31,200,2883,2,中小候補,電気製品(PSE要確認),A,1500-1999円,2026-08-24 13:11,候補,
消臭ビーズ,【まとめ買い】　消臭ビーズ 猫トイレまくだけ 香り広がる消臭ビーズ さわやかなナチュラルガーデンの香り 450ml×3個,B07GLJ2X4F,204,1760,4,6.2,1.61,ペット用品 > 猫 > トイレ用品,標準1,https://www.amazon.co.jp/dp/B07GLJ2X4F,https://keepa.com/#!product/5-B07GLJ2X4F,https://www.google.com/search?q=%E6%B6%88%E8%87%AD%E3%83%93%E3%83%BC%E3%82%BA%20%E4%BC%9A%E7%A4%BE%E6%A6%82%E8%A6%81%20%E5%95%8F%E3%81%84%E5%90%88%E3%82%8F%E3%81%9B%20%E5%8D%B8,消臭ビーズ,ユニチャーム,A1S6844TRYBBF2 / A3C6TQGFVG79PZ / AYOE0BTZHQWO0 / A36RMAK13LD1IC,,544,12.0,340,20,1700,過去最安値(2026-02-23以降),16.0,基準売価1700 − 販売手数料272(16.0%) − FBA配送434 − 保管68[4.59L×9170円/m³×1.6ヶ月] − 外注282 − 雑費100 − 目標利益340(20%),1760,1700,はい,31,50,7480,6,中小候補,,A,1500-1999円,2026-08-24 13:11,候補,
イガラシ(Igarashi),イガラシ パステルレインボーウキワ80cm ロープ付 RLB-880V,B0BXWW8Y7R,228,1680,4,6.2,1.61,おもちゃ > アクション・スポーツトイ > プール・水遊び,標準1,https://www.amazon.co.jp/dp/B0BXWW8Y7R,https://keepa.com/#!product/5-B0BXWW8Y7R,https://www.google.com/search?q=%E3%82%A4%E3%82%AC%E3%83%A9%E3%82%B7%28Igarashi%29%20%E4%BC%9A%E7%A4%BE%E6%A6%82%E8%A6%81%20%E5%95%8F%E3%81%84%E5%90%88%E3%82%8F%E3%81%9B%20%E5%8D%B8,イガラシ(Igarashi),イガラシ(Igarashi),A48FZ6KMKHVAR / A33UDEQFJ4ULS1 / A2XLWQPKHYM3R1 / A11TMUDM0KPL26,,564,13.6,336,20,1680,過去最安値(2026-02-23以降),16.0,基準売価1680 − 販売手数料268(16.0%) − FBA配送434 − 保管31[2.09L×9170円/m³×1.6ヶ月] − 外注282 − 雑費100 − 目標利益336(20%),1680,1680,はい,31,100,6023,4,中小候補,,A,1500-1999円,2026-08-24 13:11,候補,
ZIPPO,ZIPPO(ジッポー) オイル缶【正規輸入品】 (大缶355ml) 3165J,B0BSPYP7Z4,188,1581,4,6.4,1.56,ファッション > 喫煙具 > 消耗品,標準1,https://www.amazon.co.jp/dp/B0BSPYP7Z4,https://keepa.com/#!product/5-B0BSPYP7Z4,https://www.google.com/search?q=ZIPPO%20%E4%BC%9A%E7%A4%BE%E6%A6%82%E8%A6%81%20%E5%95%8F%E3%81%84%E5%90%88%E3%82%8F%E3%81%9B%20%E5%8D%B8,ZIPPO,ZIPPO(ジッポー),A3OS98XZVIGHQN / A27GMVYX6F2LPP / A232LN9CE3QYRG / A3B32T6BR18WQG,,505,11.9,316,20,1581,過去最安値(2026-02-23以降),16.0,基準売価1581 − 販売手数料252(16.0%) − FBA配送434 − 保管7[0.52L×9170円/m³×1.6ヶ月] − 外注282 − 雑費100 − 目標利益316(20%),1581,1581,はい,32,100,457,4,中小候補,,A,1500-1999円,2026-08-24 13:11,候補,
アイリスオーヤマ(IRIS OHYAMA),アイリスオーヤマ 家具転倒防止伸縮棒SSS ホワイト KTB-12,B0064JLTQK,300,1800,4,6.2,1.61,DIY・工具・ガーデン > 安全・セキュリティ > 転倒防止用突っ張り棒,標準1,https://www.amazon.co.jp/dp/B0064JLTQK,https://keepa.com/#!product/5-B0064JLTQK,https://www.google.com/search?q=%E3%82%A2%E3%82%A4%E3%83%AA%E3%82%B9%E3%82%AA%E3%83%BC%E3%83%A4%E3%83%9E%28IRIS%20OHYAMA%29%20%E4%BC%9A%E7%A4%BE%E6%A6%82%E8%A6%81%20%E5%95%8F%E3%81%84%E5%90%88%E3%82%8F%E3%81%9B%20%E5%8D%B8,アイリスオーヤマ(IRIS OHYAMA),アイリスオーヤマ(IRIS OHYAMA),A1IYGADX87P49T / AP7HYTN0TUGCV / A330O532KTG72C / ASLM6932OOYM0,,660,16.7,360,20,1800,過去最安値(2026-02-23以降),16.0,基準売価1800 − 販売手数料288(16.0%) − FBA配送434 − 保管36[2.44L×9170円/m³×1.6ヶ月] − 外注282 − 雑費100 − 目標利益360(20%),1800,1800,はい,31,,6227,6,大手/海外疑い,,A,1500-1999円,2026-08-24 13:11,候補,
YOCOEI,YOCOEI 40W USB急速充電器 (4ポート/折り畳み式/超コンパクト/PSE認証済み) iPhone/iPadシリーズ対応/GALAXY/Xperia/Android その,B0CRS34BW3,577,1620,2,10.33,0.97,家電＆カメラ > 携帯電話・スマートフォン > 携帯電話・スマートフォンアクセサリ,標準(小型),https://www.amazon.co.jp/dp/B0CRS34BW3,https://keepa.com/#!product/5-B0CRS34BW3,https://www.google.com/search?q=YOCOEI%20%E4%BC%9A%E7%A4%BE%E6%A6%82%E8%A6%81%20%E5%95%8F%E3%81%84%E5%90%88%E3%82%8F%E3%81%9B%20%E5%8D%B8,YOCOEI,YOCOEI,A21B69V99NGGXC / A2UTDNEMACJVRC,,901,35.6,324,20,1620,過去最安値(2026-02-23以降),9.0,基準売価1620 − 販売手数料145(9.0%) − FBA配送290 − 保管1[0.16L×9170円/m³×1.0ヶ月] − 外注182 − 雑費100 − 目標利益324(20%),1620,1620,はい,31,100,4959,2,中小候補,リチウム/電源系(PSE・FBA危険物),A,1500-1999円,2026-08-24 13:11,候補,
曙産業,曙産業 レンジでらくチン! ゆでたまご 1個用 日本製 電子レンジで簡単ゆで卵作り 余熱調理で加熱時間を短縮 フタは安全2点ロック式 RE-1505 ホワイト/イエロー,B08XWZ82W6,117,1990,3,7.75,1.29,ホーム＆キッチン > キッチン用品 > 調理・製菓道具,標準(小型),https://www.amazon.co.jp/dp/B08XWZ82W6,https://keepa.com/#!product/5-B08XWZ82W6,https://www.google.com/search?q=%E6%9B%99%E7%94%A3%E6%A5%AD%20%E4%BC%9A%E7%A4%BE%E6%A6%82%E8%A6%81%20%E5%95%8F%E3%81%84%E5%90%88%E3%82%8F%E3%81%9B%20%E5%8D%B8,曙産業,曙産業(Akebono-Sa),A2SM24NPH9FZ7P / A70WME3PXE34Q / A202M96DWN5JRN,,337,10.6,220,20,1100,過去最安値(2026-02-23以降),16.0,基準売価1100 − 販売手数料176(16.0%) − FBA配送290 − 保管15[1.29L×9170円/m³×1.3ヶ月] − 外注182 − 雑費100 − 目標利益220(20%),1990,1100,はい,31,,1561,3,中小候補,,A,1500-1999円,2026-08-24 13:11,候補,
富士フレーバー,富士フレーバー タバコシバンムシ 誘引 捕獲 セット ニューセリコ 2枚入り フェロモントラップ,B07JR1SNN4,504,1782,2,10.33,0.97,DIY・工具・ガーデン > ガーデン > 害獣・害虫対策用品,標準(小型),https://www.amazon.co.jp/dp/B07JR1SNN4,https://keepa.com/#!product/5-B07JR1SNN4,https://www.google.com/search?q=%E5%AF%8C%E5%A3%AB%E3%83%95%E3%83%AC%E3%83%BC%E3%83%90%E3%83%BC%20%E4%BC%9A%E7%A4%BE%E6%A6%82%E8%A6%81%20%E5%95%8F%E3%81%84%E5%90%88%E3%82%8F%E3%81%9B%20%E5%8D%B8,富士フレーバー,,AL9L8KMI8ND9N / A27T7RAVR807YH,,840,30.0,337,20,1683,過去最安値(2026-02-23以降),16.0,基準売価1683 − 販売手数料269(16.0%) − FBA配送290 − 保管1[0.13L×9170円/m³×1.0ヶ月] − 外注182 − 雑費100 − 目標利益336(20%),1782,1683,はい,31,200,3935,2,中小候補,,A,1500-1999円,2026-08-24 13:11,候補,
すごろくや,すごろくや イチゴリラ 2人 - 6人 3歳 15分 絵合せ 記憶 神経衰弱 知育 幼児向け ボードゲーム,B003ZM34Z8,361,1540,5,5.17,1.94,おもちゃ > ゲーム > カードゲーム・トランプ,標準(小型),https://www.amazon.co.jp/dp/B003ZM34Z8,https://keepa.com/#!product/5-B003ZM34Z8,https://www.google.com/search?q=%E3%81%99%E3%81%94%E3%82%8D%E3%81%8F%E3%82%84%20%E4%BC%9A%E7%A4%BE%E6%A6%82%E8%A6%81%20%E5%95%8F%E3%81%84%E5%90%88%E3%82%8F%E3%81%9B%20%E5%8D%B8,すごろくや,オズ,A6XT0XK1H4Y1B / A1REYX54KGPZTD / A2ANVG1RDC5HWX / A37AHJR2UK57OI / A1K3L3Z2FA2KVN,,653,24.7,293,20,1463,過去最安値(2026-02-23以降),16.0,基準売価1463 − 販売手数料234(16.0%) − FBA配送290 − 保管3[0.15L×9170円/m³×1.9ヶ月] − 外注182 − 雑費100 − 目標利益292(20%),1540,1463,はい,31,100,6685,6,中小候補,,A,1500-1999円,2026-08-24 13:11,候補,
aestiquo,スマホホルダー 車 マグネット 【2026最新真空吸盤+超強磁力】究極の安定【360°回転+自由調節】 24×N55磁石 スマホスタンド 高級合金素材 MagSafeホルダー 片手,B0FLK2SPJB,443,1636,4,6.2,1.61,車＆バイク > カーアクセサリ > 携帯電話・スマートフォンアクセサリ,標準(小型),https://www.amazon.co.jp/dp/B0FLK2SPJB,https://keepa.com/#!product/5-B0FLK2SPJB,https://www.google.com/search?q=aestiquo%20%E4%BC%9A%E7%A4%BE%E6%A6%82%E8%A6%81%20%E5%95%8F%E3%81%84%E5%90%88%E3%82%8F%E3%81%9B%20%E5%8D%B8,aestiquo,Aestiquo,A1WSKI758I3VJJ / A3J5WBWPXEZOXA / A3AZXVUSIM7TKZ / A2PI24F7V2KABR,,762,27.8,319,20,1596,過去最安値(2026-02-23以降),16.0,基準売価1596 − 販売手数料255(16.0%) − FBA配送290 − 保管6[0.37L×9170円/m³×1.6ヶ月] − 外注182 − 雑費100 − 目標利益319(20%),1636,1596,はい,31,100,4019,4,中小候補,,A,1500-1999円,2026-08-24 13:11,候補,
エレコム(ELECOM),エレコム USB-C 充電器 USB PD対応 45W Type-C×1 小型 軽量 折りたたみ式プラグ [PD3.0対応/PPS規格対応/Gan採用] 【iPhone/iPad/,B0B7HZKSP5,550,1598,5,5.17,1.94,家電＆カメラ > 携帯電話・スマートフォン > 携帯電話・スマートフォンアクセサリ,標準(小型),https://www.amazon.co.jp/dp/B0B7HZKSP5,https://keepa.com/#!product/5-B0B7HZKSP5,https://www.google.com/search?q=%E3%82%A8%E3%83%AC%E3%82%B3%E3%83%A0%28ELECOM%29%20%E4%BC%9A%E7%A4%BE%E6%A6%82%E8%A6%81%20%E5%95%8F%E3%81%84%E5%90%88%E3%82%8F%E3%81%9B%20%E5%8D%B8,エレコム(ELECOM),エレコム(ELECOM),A6CQWN4OYDBHR / AGEREFL6O8OY9 / A4GZPXMR5LO8U / A2OMIKO2VG2QJF / A33WS5H4JWDIDM,,870,34.5,320,20,1598,過去最安値(2026-02-23以降),9.0,基準売価1598 − 販売手数料143(9.0%) − FBA配送290 − 保管12[0.66L×9170円/m³×1.9ヶ月] − 外注182 − 雑費100 − 目標利益319(20%),1598,1598,はい,31,100,10211,4,大手/海外疑い,リチウム/電源系(PSE・FBA危険物),A,1500-1999円,2026-08-24 13:11,候補,
Generic,キャップライト 充電式 ヘッドライト 帽子ライト ヘルメット対応 軽量38g モード記憶 赤色灯搭載 センサー機能付き 釣り・キャンプ・作業用 収納ボックス＆日本語取扱説明書付き,B0G4VB69LP,436,1680,2,10.33,0.97,スポーツ＆アウトドア > アウトドア > ライト・ランタン,標準(小型),https://www.amazon.co.jp/dp/B0G4VB69LP,https://keepa.com/#!product/5-B0G4VB69LP,https://www.google.com/search?q=Generic%20%E4%BC%9A%E7%A4%BE%E6%A6%82%E8%A6%81%20%E5%95%8F%E3%81%84%E5%90%88%E3%82%8F%E3%81%9B%20%E5%8D%B8,Generic,AJP-MJD,A325B4YAT27I4D / A2GFL3XZKO2NM9,,752,27.6,316,20,1582,過去最安値(2026-02-23以降),16.0,基準売価1582 − 販売手数料253(16.0%) − FBA配送290 − 保管4[0.41L×9170円/m³×1.0ヶ月] − 外注182 − 雑費100 − 目標利益316(20%),1680,1582,はい,31,100,4683,2,中小候補,,A,1500-1999円,2026-08-24 13:11,候補,
イースター株式会社,イースター チンチラセレクションプロ 600g,B0G5KJK6LF,156,1762,6,4.43,2.26,ペット用品 > 小動物 > フード,標準1,https://www.amazon.co.jp/dp/B0G5KJK6LF,https://keepa.com/#!product/5-B0G5KJK6LF,https://www.google.com/search?q=%E3%82%A4%E3%83%BC%E3%82%B9%E3%82%BF%E3%83%BC%E6%A0%AA%E5%BC%8F%E4%BC%9A%E7%A4%BE%20%E4%BC%9A%E7%A4%BE%E6%A6%82%E8%A6%81%20%E5%95%8F%E3%81%84%E5%90%88%E3%82%8F%E3%81%9B%20%E5%8D%B8,イースター株式会社,イースター,A1M32W5TMD731Q / A1L21907Z7UNEM / AXS83Q0PITIZJ / A3OS98XZVIGHQN / A36D5WEF1GEUIJ / AS02XIWNYJYDU,,497,9.1,342,20,1708,過去最安値(2026-02-23以降),16.0,基準売価1708 − 販売手数料273(16.0%) − FBA配送434 − 保管121[5.85L×9170円/m³×2.3ヶ月] − 外注282 − 雑費100 − 目標利益341(20%),1762,1708,はい,31,100,8665,6,中小候補,,A,1500-1999円,2026-08-24 13:11,候補,
富士通,【バルク品】　富士通純正 【FMV-AC332A/ADP-65YH A】←FMV-AC332/ADP-65JH ABZ同等品 19V3.42A,B00EW7BUII,203,1680,4,6.2,1.61,パソコン・周辺機器 > PCアクセサリ・サプライ > ノートパソコンアクセサリ,標準1,https://www.amazon.co.jp/dp/B00EW7BUII,https://keepa.com/#!product/5-B00EW7BUII,https://www.google.com/search?q=%E5%AF%8C%E5%A3%AB%E9%80%9A%20%E4%BC%9A%E7%A4%BE%E6%A6%82%E8%A6%81%20%E5%95%8F%E3%81%84%E5%90%88%E3%82%8F%E3%81%9B%20%E5%8D%B8,富士通,富士通,A308JQPA5AHQWS / A3SYN8SC3SJ7OM / A2KMKQNSCMNK8L / A2FXNWVM0JUEUZ,,496,13.9,293,20,1465,過去最安値(2026-02-23以降),9.0,基準売価1465 − 販売手数料131(9.0%) − FBA配送434 − 保管21[1.44L×9170円/m³×1.6ヶ月] − 外注282 − 雑費100 − 目標利益293(20%),1680,1465,はい,31,50,10259,4,中小候補,電気製品(PSE要確認),A,1500-1999円,2026-08-24 13:11,候補,
ejet,ejet SAT SAT-6CL エプソン 用 インク サツマイモ 純正と併用可能 epson 用 プリンター インク 6色セット(合計8本) epson 用 EP-714A EP,B08LVK775V,509,1884,3,7.75,1.29,パソコン・周辺機器 > PCアクセサリ・サプライ > プリンタアクセサリ,標準1,https://www.amazon.co.jp/dp/B08LVK775V,https://keepa.com/#!product/5-B08LVK775V,https://www.google.com/search?q=ejet%20%E4%BC%9A%E7%A4%BE%E6%A6%82%E8%A6%81%20%E5%95%8F%E3%81%84%E5%90%88%E3%82%8F%E3%81%9B%20%E5%8D%B8,ejet,ejet SAT SAT-6CL サツマイモ インク,Shunyu Office / 互換インク専門家 / インク専門家,,886,27.1,377,20,1884,過去最安値(2026-02-23以降),9.0,基準売価1884 − 販売手数料169(9.0%) − FBA配送434 − 保管12[0.99L×9170円/m³×1.3ヶ月] − 外注282 − 雑費100 − 目標利益376(20%),1884,1884,はい,31,200,4953,3,大手/海外疑い,電気製品(PSE要確認),A,1500-1999円,2026-08-24 13:11,候補,
BRJR,BRJR CD DVDドライブ 外付けDVDドライブ 高速処理 8XDVD& 24XCD 光学ドライブ外付け 読取/書込可 バスパワー USB 2.0/3.0&Type-C両接続 ,B0D22K597V,576,1994,3,7.5,1.33,パソコン・周辺機器 > 外付けドライブ・ストレージ > 外付光学式ドライブ,標準1,https://www.amazon.co.jp/dp/B0D22K597V,https://keepa.com/#!product/5-B0D22K597V,https://www.google.com/search?q=BRJR%20%E4%BC%9A%E7%A4%BE%E6%A6%82%E8%A6%81%20%E5%95%8F%E3%81%84%E5%90%88%E3%82%8F%E3%81%9B%20%E5%8D%B8,BRJR,BRJR,A2YWP7VOQU3L5N / AARNM3YEJ3P9E / AEAZPKPAE2JGO,,971,29.2,395,20,1974,過去最安値(2026-02-23以降),9.0,基準売価1974 − 販売手数料177(9.0%) − FBA配送434 − 保管9[0.75L×9170円/m³×1.3ヶ月] − 外注282 − 雑費100 − 目標利益394(20%),1994,1974,はい,30,500,1049,3,中小候補,電気製品(PSE要確認),A,1500-1999円,2026-08-24 13:11,候補,
Gourde,CPUスタンド キャスター付き 組立簡単 デスクトップPC 置き台 ブラック,B0FPR8FC6M,486,1897,3,7.75,1.29,パソコン・周辺機器 > PCアクセサリ・サプライ > PC収納ボックス・サーバーラック,標準1,https://www.amazon.co.jp/dp/B0FPR8FC6M,https://keepa.com/#!product/5-B0FPR8FC6M,https://www.google.com/search?q=Gourde%20%E4%BC%9A%E7%A4%BE%E6%A6%82%E8%A6%81%20%E5%95%8F%E3%81%84%E5%90%88%E3%82%8F%E3%81%9B%20%E5%8D%B8,Gourde,Gourde,AJHG674VF7BEP / A2XS1ODUKG3L4Y / A647TJNC8KSGD,,866,25.7,379,20,1897,過去最安値(2026-02-23以降),9.0,基準売価1897 − 販売手数料170(9.0%) − FBA配送434 − 保管44[3.69L×9170円/m³×1.3ヶ月] − 外注282 − 雑費100 − 目標利益379(20%),1897,1897,はい,31,100,5697,3,中小候補,電気製品(PSE要確認),A,1500-1999円,2026-08-24 13:11,候補,
Hanmir,バイクカバー 原付カバー 300D厚手 バイクカバー大型 耐熱 防水 撥水 紫外線防止 盗難防止 防風 防埃 防雨 防雪 265㎝まで対応 収納バッグ付き (XL),B09KNBHZFY,73,1598,2,10.67,0.94,車＆バイク > バイクアクセサリ > 車体カバー,標準1,https://www.amazon.co.jp/dp/B09KNBHZFY,https://keepa.com/#!product/5-B09KNBHZFY,https://www.google.com/search?q=Hanmir%20%E4%BC%9A%E7%A4%BE%E6%A6%82%E8%A6%81%20%E5%95%8F%E3%81%84%E5%90%88%E3%82%8F%E3%81%9B%20%E5%8D%B8,Hanmir,Hanmir,A3VWCSQPYRQOWA / A1EJGP084HULR,,356,5.2,283,20,1414,過去最安値(2026-02-23以降),16.0,基準売価1414 − 販売手数料226(16.0%) − FBA配送434 − 保管15[1.79L×9170円/m³×0.9ヶ月] − 外注282 − 雑費100 − 目標利益282(20%),1598,1414,はい,32,300,1930,2,中小候補,,A,1500-1999円,2026-08-24 13:11,候補,
ejet,ejet LC111-4PK 10本 ブラザー 用 インクbrother 対応 DCP-J552N DCP-J557N DCP-J952N,B08TBSLFJH,575,1999,3,7.75,1.29,パソコン・周辺機器 > PCアクセサリ・サプライ > プリンタアクセサリ,標準1,https://www.amazon.co.jp/dp/B08TBSLFJH,https://keepa.com/#!product/5-B08TBSLFJH,https://www.google.com/search?q=ejet%20%E4%BC%9A%E7%A4%BE%E6%A6%82%E8%A6%81%20%E5%95%8F%E3%81%84%E5%90%88%E3%82%8F%E3%81%9B%20%E5%8D%B8,ejet,ejet ブラザー 用 インクカートリッジ lc111,Shunyu Office / インク専門家 / 互換インク専門家,,973,28.9,398,20,1990,過去最安値(2026-02-23以降),9.0,基準売価1990 − 販売手数料179(9.0%) − FBA配送434 − 保管21[1.77L×9170円/m³×1.3ヶ月] − 外注282 − 雑費100 − 目標利益398(20%),1999,1990,はい,31,100,8343,3,大手/海外疑い,電気製品(PSE要確認),A,1500-1999円,2026-08-24 13:11,候補,
GPC Image Flex,GPC Image Flex LC411 6本 ブラザー 用 インク LC411 純正と併用 brother 用 dcp-j926n LC411BK,B0DDXQ65JZ,493,1999,2,10.33,0.97,パソコン・周辺機器 > PCアクセサリ・サプライ > プリンタアクセサリ,標準1,https://www.amazon.co.jp/dp/B0DDXQ65JZ,https://keepa.com/#!product/5-B0DDXQ65JZ,https://www.google.com/search?q=GPC%20Image%20Flex%20%E4%BC%9A%E7%A4%BE%E6%A6%82%E8%A6%81%20%E5%95%8F%E3%81%84%E5%90%88%E3%82%8F%E3%81%9B%20%E5%8D%B8,GPC Image Flex,GPC Image Flex for ブラザー インク lc411,LB TRADE JP / 互換インク専門家,,865,26.6,372,20,1859,過去最安値(2026-02-23以降),9.0,基準売価1859 − 販売手数料167(9.0%) − FBA配送434 − 保管10[1.08L×9170円/m³×1.0ヶ月] − 外注282 − 雑費100 − 目標利益371(20%),1999,1859,はい,31,300,2692,4,大手/海外疑い,電気製品(PSE要確認),A,1500-1999円,2026-08-24 13:11,候補,
BUODCO,【業界先端 Type-C＆USB-A対応】 マウス 無線 Bluetooth type-c口接続 ワイヤレスマウス 静音 超薄型 小型 高感度 ブルートゥース 2.4GHz 3段階,B0DSVWSYRJ,792,1943,2,10.33,0.97,パソコン・周辺機器 > キーボード・マウス・入力機器 > マウス,標準(小型),https://www.amazon.co.jp/dp/B0DSVWSYRJ,https://keepa.com/#!product/5-B0DSVWSYRJ,https://www.google.com/search?q=BUODCO%20%E4%BC%9A%E7%A4%BE%E6%A6%82%E8%A6%81%20%E5%95%8F%E3%81%84%E5%90%88%E3%82%8F%E3%81%9B%20%E5%8D%B8,BUODCO,BUODCO,A2MVNAHECS12RY / HIDEMI SHOP,,1176,41.2,385,20,1924,過去最安値(2026-02-23以降),9.0,基準売価1924 − 販売手数料173(9.0%) − FBA配送290 − 保管2[0.26L×9170円/m³×1.0ヶ月] − 外注182 − 雑費100 − 目標利益384(20%),1943,1924,はい,31,100,3013,2,中小候補,電気製品(PSE要確認),A,1500-1999円,2026-08-24 13:11,候補,
LxTek,LxTek BCI-381XL BCI-380XL 5本セット キヤノン用 インク 380 381 純正 と併用可能 ts6330 インク,B07HKK1LTM,633,1709,2,10.0,1.0,パソコン・周辺機器 > PCアクセサリ・サプライ > プリンタアクセサリ,標準(小型),https://www.amazon.co.jp/dp/B07HKK1LTM,https://keepa.com/#!product/5-B07HKK1LTM,https://www.google.com/search?q=LxTek%20%E4%BC%9A%E7%A4%BE%E6%A6%82%E8%A6%81%20%E5%95%8F%E3%81%84%E5%90%88%E3%82%8F%E3%81%9B%20%E5%8D%B8,LxTek,LxTek,RangYuSha / Qiyu shop,,975,37.1,342,20,1709,過去最安値(2026-02-23以降),9.0,基準売価1709 − 販売手数料153(9.0%) − FBA配送290 − 保管8[0.89L×9170円/m³×1.0ヶ月] − 外注182 − 雑費100 − 目標利益341(20%),1709,1709,はい,30,200,4351,5,中小候補,電気製品(PSE要確認),A,1500-1999円,2026-08-24 13:11,候補,
日進医療器,日進医療器 LE携帯酸素スプレー5リットル,B001GXEGEQ,73,1790,2,13.33,0.75,スポーツ＆アウトドア > アウトドア > 安全対策・サバイバル,標準(小型),https://www.amazon.co.jp/dp/B001GXEGEQ,https://keepa.com/#!product/5-B001GXEGEQ,https://www.google.com/search?q=%E6%97%A5%E9%80%B2%E5%8C%BB%E7%99%82%E5%99%A8%20%E4%BC%9A%E7%A4%BE%E6%A6%82%E8%A6%81%20%E5%95%8F%E3%81%84%E5%90%88%E3%82%8F%E3%81%9B%20%E5%8D%B8,日進医療器,日進医療器,A1FIUA2AZLI2C2 / A1 ショップ【3300円以上で全国送料無料】※一部送料無料もございます,,277,7.2,204,20,1020,過去最安値(2026-02-23以降),16.0,基準売価1020 − 販売手数料163(16.0%) − FBA配送290 − 保管7[1.08L×9170円/m³×0.8ヶ月] − 外注182 − 雑費100 − 目標利益204(20%),1790,1020,はい,40,1000,655,2,中小候補,,A,1500-1999円,2026-08-24 13:25,候補,
LXCRTONE,LXCRTONE スマホホルダー 車 【2026最新進化クリップ&最強の安定】 車 スマホスタンド 携帯ホルダー 車 360°回転な台座 脱着簡単 滑り止め スマホスタンド 水洗い,B0GG4D975Z,317,1599,2,10.0,1.0,車＆バイク > カーアクセサリ > 携帯電話・スマートフォンアクセサリ,標準(小型),https://www.amazon.co.jp/dp/B0GG4D975Z,https://keepa.com/#!product/5-B0GG4D975Z,https://www.google.com/search?q=LXCRTONE%20%E4%BC%9A%E7%A4%BE%E6%A6%82%E8%A6%81%20%E5%95%8F%E3%81%84%E5%90%88%E3%82%8F%E3%81%9B%20%E5%8D%B8,LXCRTONE,LXCRTONE,A1CM18THLAH4X8 / AARACW2WQNLMT,,597,22.7,280,20,1399,過去最安値(2026-02-23以降),16.0,基準売価1399 − 販売手数料223(16.0%) − FBA配送290 − 保管6[0.68L×9170円/m³×1.0ヶ月] − 外注182 − 雑費100 − 目標利益279(20%),1599,1399,はい,30,300,1011,2,中小候補,,A,1500-1999円,2026-08-24 13:25,候補,
NorwegianStyle,ファイヤースターター 着火剤 約100個入 袋ごと燃やせる バーベキュー 焚き火 キャンプ 薪ストーブ NowegianStyle,B08LVMBHJ3,373,1940,4,6.0,1.67,スポーツ＆アウトドア > アウトドア > バーベキュー・クッキング用品,標準1,https://www.amazon.co.jp/dp/B08LVMBHJ3,https://keepa.com/#!product/5-B08LVMBHJ3,https://www.google.com/search?q=NorwegianStyle%20%E4%BC%9A%E7%A4%BE%E6%A6%82%E8%A6%81%20%E5%95%8F%E3%81%84%E5%90%88%E3%82%8F%E3%81%9B%20%E5%8D%B8,NorwegianStyle,NorwegianStyle,A3JTM0K3TULAJ2 / A3VAFIWMM2CJYM / AMWO8T6GW32FW / A33E1MG0V0GJ9X,,761,19.3,388,20,1940,過去最安値(2026-02-23以降),16.0,基準売価1940 − 販売手数料310(16.0%) − FBA配送434 − 保管52[3.37L×9170円/m³×1.7ヶ月] − 外注282 − 雑費100 − 目標利益388(20%),1940,1940,はい,30,100,6395,4,中小候補,,A,1500-1999円,2026-08-24 13:25,候補,
LxTek,LxTek Purify MUG-4CL マグカップ インク エプソン (Epson) 対応 互換インクカートリッジ MUG 4色パック*2 (合計8本セット） EW-052A E,B0C6D6S2SJ,307,1612,2,10.33,0.97,パソコン・周辺機器 > PCアクセサリ・サプライ > プリンタアクセサリ,標準1,https://www.amazon.co.jp/dp/B0C6D6S2SJ,https://keepa.com/#!product/5-B0C6D6S2SJ,https://www.google.com/search?q=LxTek%20%E4%BC%9A%E7%A4%BE%E6%A6%82%E8%A6%81%20%E5%95%8F%E3%81%84%E5%90%88%E3%82%8F%E3%81%9B%20%E5%8D%B8,LxTek,LxTek Purify for エプソン インク MUG,LxTek Purify 専門shop / AOVCXIQB408E3,メーカー直販,627,19.2,320,20,1598,過去最安値(2026-02-23以降),9.0,基準売価1598 − 販売手数料143(9.0%) − FBA配送434 − 保管11[1.29L×9170円/m³×1.0ヶ月] − 外注282 − 雑費100 − 目標利益319(20%),1612,1598,はい,31,100,3491,2,大手/海外疑い,電気製品(PSE要確認),A,1500-1999円,2026-08-24 13:25,候補,
GLAMERGY,マウス Bluetooth Type-C充電式 ワイヤレスマウス 2.4GHz光学式 3dpi切替 静音 薄型 小型 無線マウス 高精度 左右対称 持ち運び便利 TELEC認証取得,B0DCG6NRMD,547,1595,2,10.0,1.0,パソコン・周辺機器 > キーボード・マウス・入力機器 > マウス,標準(小型),https://www.amazon.co.jp/dp/B0DCG6NRMD,https://keepa.com/#!product/5-B0DCG6NRMD,https://www.google.com/search?q=GLAMERGY%20%E4%BC%9A%E7%A4%BE%E6%A6%82%E8%A6%81%20%E5%95%8F%E3%81%84%E5%90%88%E3%82%8F%E3%81%9B%20%E5%8D%B8,GLAMERGY,GLAMERGY,HIDEMI SHOP / A2I3CGDJLCQ453,,863,34.7,316,20,1580,過去最安値(2026-02-23以降),9.0,基準売価1580 − 販売手数料142(9.0%) − FBA配送290 − 保管2[0.26L×9170円/m³×1.0ヶ月] − 外注182 − 雑費100 − 目標利益316(20%),1595,1580,はい,30,300,450,2,中小候補,電気製品(PSE要確認),A,1500-1999円,2026-08-24 13:25,候補,
PACPAK,日本シール 直販 ぱくぱくローラー 正規品 抜け毛取り お掃除ローラー カーペット ラグ 絨毯 ペット 犬 猫 抜け毛 髪の毛 ホコリ 布団 掃除グッズ 掃除用品 便利グッズ パク,B0BT6VCS74,438,1760,3,7.5,1.33,ペット用品 > 猫 > お手入れ用品,標準(小型),https://www.amazon.co.jp/dp/B0BT6VCS74,https://keepa.com/#!product/5-B0BT6VCS74,https://www.google.com/search?q=PACPAK%20%E4%BC%9A%E7%A4%BE%E6%A6%82%E8%A6%81%20%E5%95%8F%E3%81%84%E5%90%88%E3%82%8F%E3%81%9B%20%E5%8D%B8,PACPAK,日本シール株式会社,A2PT8YPV54O710 / A243UMV41IVD3M / A33UDEQFJ4ULS1,,764,27.0,326,20,1628,過去最安値(2026-02-23以降),16.0,基準売価1628 − 販売手数料260(16.0%) − FBA配送290 − 保管31[2.56L×9170円/m³×1.3ヶ月] − 外注182 − 雑費100 − 目標利益325(20%),1760,1628,はい,30,800,1151,3,中小候補,,A,1500-1999円,2026-08-24 13:25,候補,
ノーブランド品,日立 HITACHI NET-KV5 001 洗濯機用糸くずフィルター （下）,B09ZDD8R65,617,1698,2,10.0,1.0,大型家電 > 洗濯機・乾燥機 > 洗濯機交換部品・アクセサリ,標準(小型),https://www.amazon.co.jp/dp/B09ZDD8R65,https://keepa.com/#!product/5-B09ZDD8R65,https://www.google.com/search?q=%E3%83%8E%E3%83%BC%E3%83%96%E3%83%A9%E3%83%B3%E3%83%89%E5%93%81%20%E4%BC%9A%E7%A4%BE%E6%A6%82%E8%A6%81%20%E5%95%8F%E3%81%84%E5%90%88%E3%82%8F%E3%81%9B%20%E5%8D%B8,ノーブランド品,日立,AEZZDFSTOBMTQ / A5JW29S40NNMG,,957,36.4,340,20,1698,過去最安値(2026-02-23以降),9.0,基準売価1698 − 販売手数料152(9.0%) − FBA配送290 − 保管16[1.71L×9170円/m³×1.0ヶ月] − 外注182 − 雑費100 − 目標利益339(20%),1698,1698,はい,30,,3399,2,大手/海外疑い,電気製品(PSE要確認),A,1500-1999円,2026-08-24 13:25,候補,
YOSH,【ベンツにピッタリ】YOSH ベンツ スマホホルダー「A/C/CLA/GLC/Vクラス対応」スマホホルダー 車 ベンツ 丸形エアコン吹き出し口,B0CGR936TZ,513,1709,2,10.0,1.0,車＆バイク > カーアクセサリ > 携帯電話・スマートフォンアクセサリ,標準(小型),https://www.amazon.co.jp/dp/B0CGR936TZ,https://keepa.com/#!product/5-B0CGR936TZ,https://www.google.com/search?q=YOSH%20%E4%BC%9A%E7%A4%BE%E6%A6%82%E8%A6%81%20%E5%95%8F%E3%81%84%E5%90%88%E3%82%8F%E3%81%9B%20%E5%8D%B8,YOSH,YOSH,A39H0TSY403H02 / A1H04ERAW73QOX,,855,30.1,342,20,1709,過去最安値(2026-02-23以降),16.0,基準売価1709 − 販売手数料273(16.0%) − FBA配送290 − 保管8[0.84L×9170円/m³×1.0ヶ月] − 外注182 − 雑費100 − 目標利益341(20%),1709,1709,はい,30,100,4968,2,中小候補,,A,1500-1999円,2026-08-24 13:25,候補,
マタインク,マタインク MED-4CL めだまやき 6本セット エプソン 用 インク メダマヤキ EW-456A EW-056A インク,B0CYC28MQZ,528,1597,4,5.8,1.72,パソコン・周辺機器 > PCアクセサリ・サプライ > プリンタアクセサリ,標準(小型),https://www.amazon.co.jp/dp/B0CYC28MQZ,https://keepa.com/#!product/5-B0CYC28MQZ,https://www.google.com/search?q=%E3%83%9E%E3%82%BF%E3%82%A4%E3%83%B3%E3%82%AF%20%E4%BC%9A%E7%A4%BE%E6%A6%82%E8%A6%81%20%E5%95%8F%E3%81%84%E5%90%88%E3%82%8F%E3%81%9B%20%E5%8D%B8,マタインク,マタインク エプソン(Epson)対応 MED-4CL 互換インクカードリッジ,互換インク専門家 / Tufuha専門店 / インク専門家 / マタインク JP,メーカー直販,844,33.6,315,20,1576,過去最安値(2026-02-23以降),9.0,基準売価1576 − 販売手数料141(9.0%) − FBA配送290 − 保管18[1.11L×9170円/m³×1.7ヶ月] − 外注182 − 雑費100 − 目標利益315(20%),1597,1576,はい,29,400,1061,5,大手/海外疑い,電気製品(PSE要確認),A,1500-1999円,2026-08-24 13:25,候補,
大島屋(Ooshimaya),籐枕 約30×18×12cm,B01CN6JB80,62,1900,6,4.29,2.33,ホーム＆キッチン > 寝具 > 枕・抱き枕,標準1,https://www.amazon.co.jp/dp/B01CN6JB80,https://keepa.com/#!product/5-B01CN6JB80,https://www.google.com/search?q=%E5%A4%A7%E5%B3%B6%E5%B1%8B%28Ooshimaya%29%20%E4%BC%9A%E7%A4%BE%E6%A6%82%E8%A6%81%20%E5%95%8F%E3%81%84%E5%90%88%E3%82%8F%E3%81%9B%20%E5%8D%B8,大島屋(Ooshimaya),大島屋(Ooshimaya),A2YIIVSNGIUGVA / A2D35JUVVARBWA / A3SBGLLXVMPUPP / ECJOY! [創業24年インボイスT7011001061049] / A3L6HB9HWE8ACC / A2R9WGXRWAVXI5,,402,3.6,340,20,1700,過去最安値(2026-02-23以降),16.0,基準売価1700 − 販売手数料272(16.0%) − FBA配送434 − 保管210[9.83L×9170円/m³×2.3ヶ月] − 外注282 − 雑費100 − 目標利益340(20%),1900,1700,はい,30,300,7732,6,中小候補,,A,1500-1999円,2026-08-24 13:25,候補,
BINGFU,BINGFU FMアンテナ ラジオアンテナ 粘着アンテナ 3つの変換コネクタ付き 屋内用 高感度 YAMAHA Denonなどに適しています,B08HHXFH98,288,1580,2,10.0,1.0,家電＆カメラ > テレビ・レコーダー > アクセサリ,標準1,https://www.amazon.co.jp/dp/B08HHXFH98,https://keepa.com/#!product/5-B08HHXFH98,https://www.google.com/search?q=BINGFU%20%E4%BC%9A%E7%A4%BE%E6%A6%82%E8%A6%81%20%E5%95%8F%E3%81%84%E5%90%88%E3%82%8F%E3%81%9B%20%E5%8D%B8,BINGFU,BINGFU,A31T5GZ2HOCWZQ / A1EJGP084HULR,,601,18.4,313,20,1564,過去最安値(2026-02-23以降),9.0,基準売価1564 − 販売手数料140(9.0%) − FBA配送434 − 保管6[0.70L×9170円/m³×1.0ヶ月] − 外注282 − 雑費100 − 目標利益312(20%),1580,1564,はい,30,100,8953,2,中小候補,電気製品(PSE要確認),A,1500-1999円,2026-08-24 13:25,候補,
Runbod,Runbod HDMI RCA 変換ケーブル HDMI to AV変換コンバーター/コンポジット/3色端子 変換アダプター 1080P hdmi ケーブル 1M+RCA ケーブル ,B09SZ79YMZ,391,1599,2,9.67,1.03,家電＆カメラ > オーディオ > ホームオーディオアクセサリ,標準(小型),https://www.amazon.co.jp/dp/B09SZ79YMZ,https://keepa.com/#!product/5-B09SZ79YMZ,https://www.google.com/search?q=Runbod%20%E4%BC%9A%E7%A4%BE%E6%A6%82%E8%A6%81%20%E5%95%8F%E3%81%84%E5%90%88%E3%82%8F%E3%81%9B%20%E5%8D%B8,Runbod,,cleantt / ooseal,,665,28.6,274,20,1369,過去最安値(2026-02-23以降),9.0,基準売価1369 − 販売手数料123(9.0%) − FBA配送290 − 保管8[0.81L×9170円/m³×1.0ヶ月] − 外注182 − 雑費100 − 目標利益273(20%),1599,1369,はい,29,200,7424,2,中小候補,電気製品(PSE要確認),A,1500-1999円,2026-08-24 13:25,候補,
Maxell,maxell データ用 DＶD-R 4.7GB 16倍速対応 インクジェットプリンタ対応ホワイト(ワイド印刷) 10枚 5mmケース入 DR47WPD.S1P10S A,B000N4SL54,82,1556,4,6.0,1.67,家電＆カメラ > オーディオ > ホームオーディオアクセサリ,標準1,https://www.amazon.co.jp/dp/B000N4SL54,https://keepa.com/#!product/5-B000N4SL54,https://www.google.com/search?q=Maxell%20%E4%BC%9A%E7%A4%BE%E6%A6%82%E8%A6%81%20%E5%95%8F%E3%81%84%E5%90%88%E3%82%8F%E3%81%9B%20%E5%8D%B8,Maxell,Maxell(マクセル),A3MZ0AX800JARC / A2JQKNEV3VW6BQ / A3ASV0GW44TIL4 / A1H6005JK07L34,,339,6.4,257,20,1285,過去最安値(2026-02-23以降),9.0,基準売価1285 − 販売手数料115(9.0%) − FBA配送434 − 保管14[0.92L×9170円/m³×1.7ヶ月] − 外注282 − 雑費100 − 目標利益257(20%),1556,1285,はい,30,,1309,4,中小候補,電気製品(PSE要確認),A,1500-1999円,2026-08-24 13:25,候補,
Screwpop,Screwpop BIC ライターケース ライターホルダー BIC MINI J23 J25 対応 国内正規品,B074JG6SQH,567,1880,2,9.67,1.03,ファッション > 喫煙具,標準(小型),https://www.amazon.co.jp/dp/B074JG6SQH,https://keepa.com/#!product/5-B074JG6SQH,https://www.google.com/search?q=Screwpop%20%E4%BC%9A%E7%A4%BE%E6%A6%82%E8%A6%81%20%E5%95%8F%E3%81%84%E5%90%88%E3%82%8F%E3%81%9B%20%E5%8D%B8,Screwpop,Screwpop,A3KMB15UD1FBB7 / A1EJGP084HULR,,923,31.8,356,20,1782,過去最安値(2026-02-23以降),16.0,基準売価1782 − 販売手数料285(16.0%) − FBA配送290 − 保管1[0.09L×9170円/m³×1.0ヶ月] − 外注182 − 雑費100 − 目標利益356(20%),1880,1782,はい,29,100,6804,2,中小候補,,A,1500-1999円,2026-08-24 13:25,候補,
RemarksJapan,【助産師推薦】円座クッション ドーナツクッション 産後 痔 高反発 カバー洗濯可 出産 妊婦 椅子 座布団 座椅子 ブラック,B0BTM2Q12Y,218,1789,2,9.67,1.03,ホーム＆キッチン > ラグ・カーテン・ファブリック > クッション・座布団,標準1,https://www.amazon.co.jp/dp/B0BTM2Q12Y,https://keepa.com/#!product/5-B0BTM2Q12Y,https://www.google.com/search?q=RemarksJapan%20%E4%BC%9A%E7%A4%BE%E6%A6%82%E8%A6%81%20%E5%95%8F%E3%81%84%E5%90%88%E3%82%8F%E3%81%9B%20%E5%8D%B8,RemarksJapan,Remarks Japan,ONEBEST1+【インボイス発行事業者】 / Remarks Japan,メーカー直販,571,12.3,354,20,1769,過去最安値(2026-02-23以降),16.0,基準売価1769 − 販売手数料283(16.0%) − FBA配送434 − 保管98[10.32L×9170円/m³×1.0ヶ月] − 外注282 − 雑費100 − 目標利益353(20%),1789,1769,はい,29,100,3459,2,中小候補,,A,1500-1999円,2026-08-24 13:25,候補,
Feesun,ハンディファン 冷却プレート搭載 携帯扇風機 冷感 手持ち扇風機 3段階風力調節 長時間稼働 ミニファン 熱中症対策 USB充電式 小型 卓上 首掛け ストラップ付き カラビナ付き,B0D3LZ3XHR,503,1698,2,9.67,1.03,ホーム＆キッチン > 家電 > 空調・季節家電,標準(小型),https://www.amazon.co.jp/dp/B0D3LZ3XHR,https://keepa.com/#!product/5-B0D3LZ3XHR,https://www.google.com/search?q=Feesun%20%E4%BC%9A%E7%A4%BE%E6%A6%82%E8%A6%81%20%E5%95%8F%E3%81%84%E5%90%88%E3%82%8F%E3%81%9B%20%E5%8D%B8,Feesun,,APHOP56FPBZ3X / A3L9UTIWW051LV,,843,29.7,340,20,1698,過去最安値(2026-02-23以降),16.0,基準売価1698 − 販売手数料271(16.0%) − FBA配送290 − 保管11[1.15L×9170円/m³×1.0ヶ月] − 外注182 − 雑費100 − 目標利益339(20%),1698,1698,はい,29,400,389,2,中小候補,電気製品(PSE要確認),A,1500-1999円,2026-08-24 13:25,候補,
すごろくや,すごろくや ナンジャモンジャ・ミドリ 2人 - 6人 4歳 15分 命名 記憶 反射神経 パーティー 子供向け ボードゲーム,B01B7QQCIY,308,1544,4,5.8,1.72,おもちゃ > ゲーム > カードゲーム・トランプ,標準(小型),https://www.amazon.co.jp/dp/B01B7QQCIY,https://keepa.com/#!product/5-B01B7QQCIY,https://www.google.com/search?q=%E3%81%99%E3%81%94%E3%82%8D%E3%81%8F%E3%82%84%20%E4%BC%9A%E7%A4%BE%E6%A6%82%E8%A6%81%20%E5%95%8F%E3%81%84%E5%90%88%E3%82%8F%E3%81%9B%20%E5%8D%B8,すごろくや,すごろくや,A6XT0XK1H4Y1B / AAZAB5ZNHJQX0 / A37AHJR2UK57OI / A1K3L3Z2FA2KVN,,584,22.3,276,20,1380,過去最安値(2026-02-23以降),16.0,基準売価1380 − 販売手数料220(16.0%) − FBA配送290 − 保管3[0.18L×9170円/m³×1.7ヶ月] − 外注182 − 雑費100 − 目標利益276(20%),1544,1380,はい,29,1000,126,5,中小候補,,A,1500-1999円,2026-08-24 13:25,候補,
Tufuha,Tufuha BCI-331XL BCI-330XL 6本セット キヤノン用 インク 330 331 純正 と併用可能 ts8730 インク,B0CLRWCZGV,649,1753,3,7.0,1.43,パソコン・周辺機器 > PCアクセサリ・サプライ > プリンタアクセサリ,標準(小型),https://www.amazon.co.jp/dp/B0CLRWCZGV,https://keepa.com/#!product/5-B0CLRWCZGV,https://www.google.com/search?q=Tufuha%20%E4%BC%9A%E7%A4%BE%E6%A6%82%E8%A6%81%20%E5%95%8F%E3%81%84%E5%90%88%E3%82%8F%E3%81%9B%20%E5%8D%B8,Tufuha,Tufuha for キヤノン 用 インク BCI-331XL BCI-330XL,A2MX8OI3EIC0ND / A3RJBISQRZ4724 / Tufuha専門店,メーカー直販,996,37.4,347,20,1737,過去最安値(2026-02-23以降),9.0,基準売価1737 − 販売手数料156(9.0%) − FBA配送290 − 保管12[0.94L×9170円/m³×1.4ヶ月] − 外注182 − 雑費100 − 目標利益347(20%),1753,1737,はい,28,200,3341,4,中小候補,電気製品(PSE要確認),A,1500-1999円,2026-08-24 13:25,候補,
LxTek,LxTek Purify BCI-331XL BCI-330XL キヤノン用 インク 331 330 純正と併用可能 6色マルチパック canon 用 330 331 TS8530,B0CCRS5651,677,1777,3,7.25,1.38,パソコン・周辺機器 > PCアクセサリ・サプライ > プリンタアクセサリ,標準(小型),https://www.amazon.co.jp/dp/B0CCRS5651,https://keepa.com/#!product/5-B0CCRS5651,https://www.google.com/search?q=LxTek%20%E4%BC%9A%E7%A4%BE%E6%A6%82%E8%A6%81%20%E5%95%8F%E3%81%84%E5%90%88%E3%82%8F%E3%81%9B%20%E5%8D%B8,LxTek,LxTek Purify for キヤノン 用 インク BCI-331,LxTek Purify 専門shop / AOVCXIQB408E3 / インク専門家,メーカー直販,1033,38.1,355,20,1777,過去最安値(2026-02-23以降),9.0,基準売価1777 − 販売手数料159(9.0%) − FBA配送290 − 保管12[0.93L×9170円/m³×1.4ヶ月] − 外注182 − 雑費100 − 目標利益355(20%),1777,1777,はい,29,100,8453,5,大手/海外疑い,電気製品(PSE要確認),A,1500-1999円,2026-08-24 13:25,候補,
Lamicall,Lamicall クイック取付 自転車 スマホ ホルダー : 自転車 携帯ホルダー ロードバイク iphone bike mount 落下防止,B0BN55KY4Z,557,1799,2,9.67,1.03,スポーツ＆アウトドア > 自転車 > 自転車アクセサリ,標準(小型),https://www.amazon.co.jp/dp/B0BN55KY4Z,https://keepa.com/#!product/5-B0BN55KY4Z,https://www.google.com/search?q=Lamicall%20%E4%BC%9A%E7%A4%BE%E6%A6%82%E8%A6%81%20%E5%95%8F%E3%81%84%E5%90%88%E3%82%8F%E3%81%9B%20%E5%8D%B8,Lamicall,Lamicall,A13INJ655EJ9WU / A3GE86J0911GOH,,914,31.3,356,20,1781,過去最安値(2026-02-23以降),16.0,基準売価1781 − 販売手数料284(16.0%) − FBA配送290 − 保管10[1.02L×9170円/m³×1.0ヶ月] − 外注182 − 雑費100 − 目標利益356(20%),1799,1781,はい,29,600,837,2,中小候補,,A,1500-1999円,2026-08-24 13:25,候補,
Laundrin'(ランドリン),Laundrin'(ランドリン) Laundrin 車用フレグランス クラシックフローラル 本体4個入り,B0CFF1MQQS,306,1740,6,4.0,2.5,車＆バイク > カーアクセサリ > 車用除菌・消臭・芳香剤,標準(小型),https://www.amazon.co.jp/dp/B0CFF1MQQS,https://keepa.com/#!product/5-B0CFF1MQQS,https://www.google.com/search?q=Laundrin%27%28%E3%83%A9%E3%83%B3%E3%83%89%E3%83%AA%E3%83%B3%29%20%E4%BC%9A%E7%A4%BE%E6%A6%82%E8%A6%81%20%E5%95%8F%E3%81%84%E5%90%88%E3%82%8F%E3%81%9B%20%E5%8D%B8,Laundrin'(ランドリン),ネイチャーラボ,アキソラ商店 / Daily Bliss 2025 / Simple Life Store 999 / DNSK商店【インボイス対応 適格請求書発行事業者】 / TAKAshop【インボイス登録事業者】 / ファーストスマッシュ,,586,21.9,280,20,1400,過去最安値(2026-02-23以降),16.0,基準売価1400 − 販売手数料224(16.0%) − FBA配送290 − 保管18[0.80L×9170円/m³×2.5ヶ月] − 外注182 − 雑費100 − 目標利益280(20%),1740,1400,はい,28,100,2673,6,中小候補,,A,1500-1999円,2026-08-24 13:33,候補,
HARU,包丁 マグネット 磁石 包丁スタンド 包丁立て ナイフスタンド マグネット ナイフラック ステンレス 強粘着テープ 壁掛け式 キッチンツール 簡単装着 (30MM),B07TS61PD1,95,1780,2,9.33,1.07,ホーム＆キッチン > 収納用品 > キッチン収納,標準1,https://www.amazon.co.jp/dp/B07TS61PD1,https://keepa.com/#!product/5-B07TS61PD1,https://www.google.com/search?q=HARU%20%E4%BC%9A%E7%A4%BE%E6%A6%82%E8%A6%81%20%E5%95%8F%E3%81%84%E5%90%88%E3%82%8F%E3%81%9B%20%E5%8D%B8,HARU,,Halu Japan / リテールオンライン,,381,6.7,286,20,1430,過去最安値(2026-02-23以降),16.0,基準売価1430 − 販売手数料228(16.0%) − FBA配送434 − 保管4[0.38L×9170円/m³×1.1ヶ月] − 外注282 − 雑費100 − 目標利益286(20%),1780,1430,はい,28,100,10321,2,中小候補,,A,1500-1999円,2026-08-24 13:33,候補,
リッチェル(Richell),リッチェル(Richell) アクリア おでかけストローマグR 200 ネイビーブルー 1個 200ml 7カ月,B07RTW9WLB,39,1980,2,9.33,1.07,ベビー＆マタニティ > 授乳・食事 > ベビー食器,標準(小型),https://www.amazon.co.jp/dp/B07RTW9WLB,https://keepa.com/#!product/5-B07RTW9WLB,https://www.google.com/search?q=%E3%83%AA%E3%83%83%E3%83%81%E3%82%A7%E3%83%AB%28Richell%29%20%E4%BC%9A%E7%A4%BE%E6%A6%82%E8%A6%81%20%E5%95%8F%E3%81%84%E5%90%88%E3%82%8F%E3%81%9B%20%E5%8D%B8,リッチェル(Richell),リッチェル,Lucky Beans Tokyo / マイドラ健康プラザ(US Import Duty Covered by Seller),,233,4.1,194,20,970,過去最安値(2026-02-23以降),16.0,基準売価970 − 販売手数料155(16.0%) − FBA配送290 − 保管9[0.92L×9170円/m³×1.1ヶ月] − 外注182 − 雑費100 − 目標利益194(20%),1980,970,はい,28,,3025,2,中小候補,,A,1500-1999円,2026-08-24 13:33,候補,
Runbod,Runbod ラッシングベルト ラチェットベルト 荷締めベルト 5m らっしんぐベルト 荷物固定ベルト ラッシング幅2.5cm 2本組 破断荷重約800kg ブラック,B0B8GKN429,192,1599,2,9.33,1.07,DIY・工具・ガーデン > 作業工具 > 締付・固定工具,標準1,https://www.amazon.co.jp/dp/B0B8GKN429,https://keepa.com/#!product/5-B0B8GKN429,https://www.google.com/search?q=Runbod%20%E4%BC%9A%E7%A4%BE%E6%A6%82%E8%A6%81%20%E5%95%8F%E3%81%84%E5%90%88%E3%82%8F%E3%81%9B%20%E5%8D%B8,Runbod,Runbod,ooseal / cleantt,,512,12.0,320,20,1599,過去最安値(2026-02-23以降),16.0,基準売価1599 − 販売手数料255(16.0%) − FBA配送434 − 保管15[1.50L×9170円/m³×1.1ヶ月] − 外注282 − 雑費100 − 目標利益319(20%),1599,1599,はい,28,50,4408,2,中小候補,,A,1500-1999円,2026-08-24 13:33,候補,
KEEZING,アルコールチェッカー 高精度 センサー 5000回 USB充電式 アルコール検知器 非接触型 アルコールテスター 高精度 業務用,B09VRZ4KNW,505,1705,3,7.0,1.43,ホーム＆キッチン > 家電 > 健康家電,標準(小型),https://www.amazon.co.jp/dp/B09VRZ4KNW,https://keepa.com/#!product/5-B09VRZ4KNW,https://www.google.com/search?q=KEEZING%20%E4%BC%9A%E7%A4%BE%E6%A6%82%E8%A6%81%20%E5%95%8F%E3%81%84%E5%90%88%E3%82%8F%E3%81%9B%20%E5%8D%B8,KEEZING,,MGZ-JP / HCY-JP / ZYB-JP,,843,29.9,338,20,1690,過去最安値(2026-02-23以降),16.0,基準売価1690 − 販売手数料270(16.0%) − FBA配送290 − 保管4[0.28L×9170円/m³×1.4ヶ月] − 外注182 − 雑費100 − 目標利益338(20%),1705,1690,はい,28,2000,671,3,中小候補,電気製品(PSE要確認),A,1500-1999円,2026-08-24 13:33,候補,
Hobbywing,HOBBYWING ESC プログラムカード PG-CARD General HW30501003,B01M4JV05V,511,1760,2,9.0,1.11,おもちゃ > ラジコンおもちゃ > パーツ・アクセサリ,標準(小型),https://www.amazon.co.jp/dp/B01M4JV05V,https://keepa.com/#!product/5-B01M4JV05V,https://www.google.com/search?q=Hobbywing%20%E4%BC%9A%E7%A4%BE%E6%A6%82%E8%A6%81%20%E5%95%8F%E3%81%84%E5%90%88%E3%82%8F%E3%81%9B%20%E5%8D%B8,Hobbywing,,セキド【HOBBYWING/SAVOX/SUNPADOW日本総代理店】 / ホビーマンズ,メーカー直販,851,30.1,340,20,1700,過去最安値(2026-02-23以降),16.0,基準売価1700 − 販売手数料272(16.0%) − FBA配送290 − 保管5[0.52L×9170円/m³×1.1ヶ月] − 外注182 − 雑費100 − 目標利益340(20%),1760,1700,はい,27,50,8272,3,中小候補,,A,1500-1999円,2026-08-24 13:33,候補,
株式会社 山本人形,スーパーボール カラフルうんちNP24mm アソート100個入,B08K44HVLY,245,1730,6,3.86,2.59,おもちゃ > 季節用品 > 縁日用品,標準1,https://www.amazon.co.jp/dp/B08K44HVLY,https://keepa.com/#!product/5-B08K44HVLY,https://www.google.com/search?q=%E6%A0%AA%E5%BC%8F%E4%BC%9A%E7%A4%BE%20%E5%B1%B1%E6%9C%AC%E4%BA%BA%E5%BD%A2%20%E4%BC%9A%E7%A4%BE%E6%A6%82%E8%A6%81%20%E5%95%8F%E3%81%84%E5%90%88%E3%82%8F%E3%81%9B%20%E5%8D%B8,株式会社 山本人形,株式会社 トキワ商事,お祭りバンク / 株式会社 山本人形 / TOYS OR / おもちゃの三洋堂 (土日祝日休業) / Gプラスストア / 百華堂,メーカー直販,591,14.2,346,20,1730,過去最安値(2026-02-23以降),16.0,基準売価1730 − 販売手数料276(16.0%) − FBA配送434 − 保管46[1.94L×9170円/m³×2.6ヶ月] − 外注282 − 雑費100 − 目標利益346(20%),1730,1730,はい,27,50,9198,6,中小候補,,A,1500-1999円,2026-08-24 13:33,候補,
こぐま会,ひとりでとっくん02 点図形2,486362011X,88,1740,5,4.5,2.22,本 > ジャンル別 > 教育・学参・受験,標準1,https://www.amazon.co.jp/dp/486362011X,https://keepa.com/#!product/5-486362011X,https://www.google.com/search?q=%E3%81%93%E3%81%90%E3%81%BE%E4%BC%9A%20%E4%BC%9A%E7%A4%BE%E6%A6%82%E8%A6%81%20%E5%95%8F%E3%81%84%E5%90%88%E3%82%8F%E3%81%9B%20%E5%8D%B8,こぐま会,こぐま会,ノースサプライ / ✅Washu Supermarket / ✅ACCIEL書店 / ジェｲジェイshop / ブックマーケティング(ご注文確定前に表示の到着予定日をご確認下さい、ご注文後のキャンセルご遠慮下さい,,372,6.3,284,20,1420,過去最安値(2026-02-23以降),16.0,基準売価1420 − 販売手数料227(16.0%) − FBA配送434 − 保管4[0.18L×9170円/m³×2.2ヶ月] − 外注282 − 雑費100 − 目標利益284(20%),1740,1420,はい,27,,283518,5,中小候補,,A,1500-1999円,2026-08-24 13:33,候補,
鈴木ラテックス(SUZUKILATEX),鈴木ラテックス ヨーヨーフーセンセット ポケットポンプ付き 100個入り,B0016JT474,114,1995,3,6.75,1.48,おもちゃ > パーティーグッズ > 風船・バルーン,標準1,https://www.amazon.co.jp/dp/B0016JT474,https://keepa.com/#!product/5-B0016JT474,https://www.google.com/search?q=%E9%88%B4%E6%9C%A8%E3%83%A9%E3%83%86%E3%83%83%E3%82%AF%E3%82%B9%28SUZUKILATEX%29%20%E4%BC%9A%E7%A4%BE%E6%A6%82%E8%A6%81%20%E5%95%8F%E3%81%84%E5%90%88%E3%82%8F%E3%81%9B%20%E5%8D%B8,鈴木ラテックス(SUZUKILATEX),鈴木ラテックス(SUZUKILATEX),めずらしや (土日祝休業) / おもちゃの三洋堂 (土日祝日休業) / もぐら本舗,,414,7.7,300,20,1498,過去最安値(2026-02-23以降),16.0,基準売価1498 − 販売手数料239(16.0%) − FBA配送434 − 保管28[2.09L×9170円/m³×1.5ヶ月] − 外注282 − 雑費100 − 目標利益299(20%),1995,1498,はい,27,100,3813,3,中小候補,,A,1500-1999円,2026-08-24 13:33,候補,
バイクハンド(Bike Hand),BIKE HAND 自転車 ペダルレンチ 高トルク 15mm対応 プロフェッショナル 工具（YC-163L）,B0BMWQ9MZM,288,1780,2,9.0,1.11,スポーツ＆アウトドア > 自転車 > メンテナンス用品,標準1,https://www.amazon.co.jp/dp/B0BMWQ9MZM,https://keepa.com/#!product/5-B0BMWQ9MZM,https://www.google.com/search?q=%E3%83%90%E3%82%A4%E3%82%AF%E3%83%8F%E3%83%B3%E3%83%89%28Bike%20Hand%29%20%E4%BC%9A%E7%A4%BE%E6%A6%82%E8%A6%81%20%E5%95%8F%E3%81%84%E5%90%88%E3%82%8F%E3%81%9B%20%E5%8D%B8,バイクハンド(Bike Hand),BIKE HAND,Taihong Bicycle / バイクキング,,636,16.5,349,20,1744,過去最安値(2026-02-23以降),16.0,基準売価1744 − 販売手数料279(16.0%) − FBA配送434 − 保管12[1.19L×9170円/m³×1.1ヶ月] − 外注282 − 雑費100 − 目標利益348(20%),1780,1744,はい,27,200,6016,2,中小候補,,A,1500-1999円,2026-08-24 13:33,候補,
GPC Image Flex,GPC Image Flex BCI-381XL BCI-380XL キャノン 用 インク 380 381 純正と併用 6色 互換インク 6色セット,B0BRZYP26M,765,1935,3,6.75,1.48,パソコン・周辺機器 > PCアクセサリ・サプライ > プリンタアクセサリ,標準(小型),https://www.amazon.co.jp/dp/B0BRZYP26M,https://keepa.com/#!product/5-B0BRZYP26M,https://www.google.com/search?q=GPC%20Image%20Flex%20%E4%BC%9A%E7%A4%BE%E6%A6%82%E8%A6%81%20%E5%95%8F%E3%81%84%E5%90%88%E3%82%8F%E3%81%9B%20%E5%8D%B8,GPC Image Flex,GPC Image Flex for キャノン インク 380 381,LB TRADE JP / Shunyu Office / GPC Image Flex 旗艦店,メーカー直販,1145,40.3,380,20,1901,過去最安値(2026-02-23以降),9.0,基準売価1901 − 販売手数料171(9.0%) − FBA配送290 − 保管12[0.89L×9170円/m³×1.5ヶ月] − 外注182 − 雑費100 − 目標利益380(20%),1935,1901,はい,27,200,5767,4,中小候補,電気製品(PSE要確認),A,1500-1999円,2026-08-24 13:33,候補,
Cryfokt,バスバー、2 個スタッド配電ブロック 4 端子簡単取り付け M8,B0D5PHBCT6,53,1615,2,9.0,1.11,産業・研究開発用品 > エレクトロニクス部品 > 配線・接続部品,標準1,https://www.amazon.co.jp/dp/B0D5PHBCT6,https://keepa.com/#!product/5-B0D5PHBCT6,https://www.google.com/search?q=Cryfokt%20%E4%BC%9A%E7%A4%BE%E6%A6%82%E8%A6%81%20%E5%95%8F%E3%81%84%E5%90%88%E3%82%8F%E3%81%9B%20%E5%8D%B8,Cryfokt,Cryfokt,cigemaw / Atucekly,,326,3.9,274,20,1369,過去最安値(2026-02-23以降),16.0,基準売価1369 − 販売手数料219(16.0%) − FBA配送434 − 保管7[0.72L×9170円/m³×1.1ヶ月] − 外注282 − 雑費100 − 目標利益273(20%),1615,1369,はい,27,100,2894,3,中小候補,,A,1500-1999円,2026-08-24 13:33,候補,
ノーブランド品,日立 HITACHI NET-KV5 001 洗濯機用糸くずフィルター （下）,B0BVHKKSRC,239,1540,6,3.86,2.59,大型家電 > 洗濯機・乾燥機 > 洗濯機交換部品・アクセサリ,標準(小型),https://www.amazon.co.jp/dp/B0BVHKKSRC,https://keepa.com/#!product/5-B0BVHKKSRC,https://www.google.com/search?q=%E3%83%8E%E3%83%BC%E3%83%96%E3%83%A9%E3%83%B3%E3%83%89%E5%93%81%20%E4%BC%9A%E7%A4%BE%E6%A6%82%E8%A6%81%20%E5%95%8F%E3%81%84%E5%90%88%E3%82%8F%E3%81%9B%20%E5%8D%B8,ノーブランド品,,伊東商事 / NI-STORE / 野花屋 / 良い値SHOP / 87mart / A-community online,,479,19.9,240,20,1200,過去最安値(2026-02-23以降),9.0,基準売価1200 − 販売手数料108(9.0%) − FBA配送290 − 保管41[1.71L×9170円/m³×2.6ヶ月] − 外注182 − 雑費100 − 目標利益240(20%),1540,1200,はい,27,,765,6,大手/海外疑い,電気製品(PSE要確認),A,1500-1999円,2026-08-24 13:33,候補,
SHEENGO,BCI-381+380 6色マルチパック Canon 用 互換インクカートリッジ 大容量セット 380XL 381XL (BK/C/M/Y/GY)+(PGBK) BCI-381+3,B09XV11CWS,623,1880,2,9.0,1.11,パソコン・周辺機器 > PCアクセサリ・サプライ > プリンタアクセサリ,標準(小型),https://www.amazon.co.jp/dp/B09XV11CWS,https://keepa.com/#!product/5-B09XV11CWS,https://www.google.com/search?q=SHEENGO%20%E4%BC%9A%E7%A4%BE%E6%A6%82%E8%A6%81%20%E5%95%8F%E3%81%84%E5%90%88%E3%82%8F%E3%81%9B%20%E5%8D%B8,SHEENGO,SHEENGO,Shunyu Office / KaiGuanGui,,962,36.7,339,20,1696,過去最安値(2026-02-23以降),9.0,基準売価1696 − 販売手数料152(9.0%) − FBA配送290 − 保管9[0.88L×9170円/m³×1.1ヶ月] − 外注182 − 雑費100 − 目標利益339(20%),1880,1696,はい,27,100,4530,3,大手/海外疑い,電気製品(PSE要確認),A,1500-1999円,2026-08-24 13:33,候補,
