メーカー/ブランド,該当商品数,想定仕入れ金額の中央値,Amazon価格の中央値,消化月数の中央値,代表ASIN,代表商品名,代表Amazonページ,代表Keepaリンク,メーカー検索(Google),主なカテゴリ,規模フラグ,リスク区分あり件数
ウォルト・ディズニー・ジャパン株式会社,25,4786,12838,2,B013HK778M,スター・ウォーズ コンプリート・サーガ ブルーレイコレクション(9枚組) (初回生産限定) [Blu-ray],https://www.amazon.co.jp/dp/B013HK778M,https://keepa.com/#!product/5-B013HK778M,https://www.google.com/search?q=%E3%82%A6%E3%82%A9%E3%83%AB%E3%83%88%E3%83%BB%E3%83%87%E3%82%A3%E3%82%BA%E3%83%8B%E3%83%BC%E3%83%BB%E3%82%B8%E3%83%A3%E3%83%91%E3%83%B3%E6%A0%AA%E5%BC%8F%E4%BC%9A%E7%A4%BE%20%E4%BC%9A%E7%A4%BE%E6%A6%82%E8%A6%81%20%E5%95%8F%E3%81%84%E5%90%88%E3%82%8F%E3%81%9B%20%E5%8D%B8,DVD,中小候補,0
UGREEN,23,2119,5230,1,B0CWV5LG6M,UGREEN HiTune Max5c Bluetooth5.4 オーバーイヤーヘッドホン 最大75時間再生 LDACハイレゾ ノイキャン ブラック,https://www.amazon.co.jp/dp/B0CWV5LG6M,https://keepa.com/#!product/5-B0CWV5LG6M,https://www.google.com/search?q=UGREEN%20%E4%BC%9A%E7%A4%BE%E6%A6%82%E8%A6%81%20%E5%95%8F%E3%81%84%E5%90%88%E3%82%8F%E3%81%9B%20%E5%8D%B8,家電＆カメラ,大手/海外疑い,23
CIO,19,2250,6080,1,B0D53Z5BYG,CIO モバイルバッテリー USB-Cケーブル内蔵 軽量 10000mAh SMARTCOBY Pro SLIM CABLE 35W (ホワイト),https://www.amazon.co.jp/dp/B0D53Z5BYG,https://keepa.com/#!product/5-B0D53Z5BYG,https://www.google.com/search?q=CIO%20%E4%BC%9A%E7%A4%BE%E6%A6%82%E8%A6%81%20%E5%95%8F%E3%81%84%E5%90%88%E3%82%8F%E3%81%9B%20%E5%8D%B8,パソコン・周辺機器,中小候補,19
Anker,18,4310,8990,1,B0CQY7SRTY,"Anker Power Bank (20000mAh, 30W) ブラック",https://www.amazon.co.jp/dp/B0CQY7SRTY,https://keepa.com/#!product/5-B0CQY7SRTY,https://www.google.com/search?q=Anker%20%E4%BC%9A%E7%A4%BE%E6%A6%82%E8%A6%81%20%E5%95%8F%E3%81%84%E5%90%88%E3%82%8F%E3%81%9B%20%E5%8D%B8,家電＆カメラ,大手/海外疑い,18
UNIVERSAL MUSIC GROUP,16,5482,12158,2,B0873L7TL8,EDEN no SONO Live at YOKOHAMA ARENA 2019.12.08(初回限定盤)[DVD],https://www.amazon.co.jp/dp/B0873L7TL8,https://keepa.com/#!product/5-B0873L7TL8,https://www.google.com/search?q=UNIVERSAL%20MUSIC%20GROUP%20%E4%BC%9A%E7%A4%BE%E6%A6%82%E8%A6%81%20%E5%95%8F%E3%81%84%E5%90%88%E3%82%8F%E3%81%9B%20%E5%8D%B8,ミュージック,中小候補,0
Universal,16,7488,13082,2,B019ZZAL04,ALL TIME BEST Presence(初回限定盤) - 徳永英明 (DVD付),https://www.amazon.co.jp/dp/B019ZZAL04,https://keepa.com/#!product/5-B019ZZAL04,https://www.google.com/search?q=Universal%20%E4%BC%9A%E7%A4%BE%E6%A6%82%E8%A6%81%20%E5%95%8F%E3%81%84%E5%90%88%E3%82%8F%E3%81%9B%20%E5%8D%B8,DVD,中小候補,0
SONY MUSIC,15,4482,13160,1,B0085DWC8C,"ON THE ROAD 2011 “The Last Weekend""(完全生産限定盤) [2DVD+3CD]",https://www.amazon.co.jp/dp/B0085DWC8C,https://keepa.com/#!product/5-B0085DWC8C,https://www.google.com/search?q=SONY%20MUSIC%20%E4%BC%9A%E7%A4%BE%E6%A6%82%E8%A6%81%20%E5%95%8F%E3%81%84%E5%90%88%E3%82%8F%E3%81%9B%20%E5%8D%B8,DVD,大手/海外疑い,0
BANDAI,14,1268,5690,2,B09DG6K1ZG,[バンダイ(BANDAI)] BlockLabo ブロックラボ アンパンマン たのしいこうえんブロックバケツ 対象年齢 3 才以上 それいけ！アンパンマン,https://www.amazon.co.jp/dp/B09DG6K1ZG,https://keepa.com/#!product/5-B09DG6K1ZG,https://www.google.com/search?q=BANDAI%20%E4%BC%9A%E7%A4%BE%E6%A6%82%E8%A6%81%20%E5%95%8F%E3%81%84%E5%90%88%E3%82%8F%E3%81%9B%20%E5%8D%B8,おもちゃ,大手/海外疑い,0
WARNER BROS,14,4048,11472,2,B075FSMR1Z,Prestige - Die Meister der Magie: 4K Ultra HD Blu-ray + Blu-ray,https://www.amazon.co.jp/dp/B075FSMR1Z,https://keepa.com/#!product/5-B075FSMR1Z,https://www.google.com/search?q=WARNER%20BROS%20%E4%BC%9A%E7%A4%BE%E6%A6%82%E8%A6%81%20%E5%95%8F%E3%81%84%E5%90%88%E3%82%8F%E3%81%9B%20%E5%8D%B8,DVD,中小候補,0
マタインク,13,655,1786,1,B0DD796SCZ,マタインク BCI-331 BCI-330 6本セット キャノン用 インク 純正 と併用可 331 330 プリンター TS8730 インク,https://www.amazon.co.jp/dp/B0DD796SCZ,https://keepa.com/#!product/5-B0DD796SCZ,https://www.google.com/search?q=%E3%83%9E%E3%82%BF%E3%82%A4%E3%83%B3%E3%82%AF%20%E4%BC%9A%E7%A4%BE%E6%A6%82%E8%A6%81%20%E5%95%8F%E3%81%84%E5%90%88%E3%82%8F%E3%81%9B%20%E5%8D%B8,パソコン・周辺機器,中小候補,13
ソニー・インタラクティブエンタテインメント,13,5974,14850,2,B0006B0ZZI,PlayStation 2 (SCPH-70000CB) 【メーカー生産終了】,https://www.amazon.co.jp/dp/B0006B0ZZI,https://keepa.com/#!product/5-B0006B0ZZI,https://www.google.com/search?q=%E3%82%BD%E3%83%8B%E3%83%BC%E3%83%BB%E3%82%A4%E3%83%B3%E3%82%BF%E3%83%A9%E3%82%AF%E3%83%86%E3%82%A3%E3%83%96%E3%82%A8%E3%83%B3%E3%82%BF%E3%83%86%E3%82%A4%E3%83%B3%E3%83%A1%E3%83%B3%E3%83%88%20%E4%BC%9A%E7%A4%BE%E6%A6%82%E8%A6%81%20%E5%95%8F%E3%81%84%E5%90%88%E3%82%8F%E3%81%9B%20%E5%8D%B8,ゲーム,大手/海外疑い,0
パナソニック(Panasonic),12,3434,6940,1,B00DULLIJ8,Panasonic CTL1616 Solar Rechargeable CTL 1616 Battery Replacement Watch Cells Casio【並行輸入】,https://www.amazon.co.jp/dp/B00DULLIJ8,https://keepa.com/#!product/5-B00DULLIJ8,https://www.google.com/search?q=%E3%83%91%E3%83%8A%E3%82%BD%E3%83%8B%E3%83%83%E3%82%AF%28Panasonic%29%20%E4%BC%9A%E7%A4%BE%E6%A6%82%E8%A6%81%20%E5%95%8F%E3%81%84%E5%90%88%E3%82%8F%E3%81%9B%20%E5%8D%B8,家電＆カメラ,大手/海外疑い,10
LxTek,12,616,1743,1,B07WS923R6,LxTek ITH-6CL 8本セット エプソン用 インク イチョウ Epson用 いちょう ep-710a ep-709a インク,https://www.amazon.co.jp/dp/B07WS923R6,https://keepa.com/#!product/5-B07WS923R6,https://www.google.com/search?q=LxTek%20%E4%BC%9A%E7%A4%BE%E6%A6%82%E8%A6%81%20%E5%95%8F%E3%81%84%E5%90%88%E3%82%8F%E3%81%9B%20%E5%8D%B8,パソコン・周辺機器,大手/海外疑い,12
エレコム(ELECOM),11,2136,6108,1,B01MRGS409,エレコム USBケーブル Type C (USB C to Micro B) 1.0m USB3.1認証品 3A出力 最大10Gbps ブラック USB3-CMB10NBK,https://www.amazon.co.jp/dp/B01MRGS409,https://keepa.com/#!product/5-B01MRGS409,https://www.google.com/search?q=%E3%82%A8%E3%83%AC%E3%82%B3%E3%83%A0%28ELECOM%29%20%E4%BC%9A%E7%A4%BE%E6%A6%82%E8%A6%81%20%E5%95%8F%E3%81%84%E5%90%88%E3%82%8F%E3%81%9B%20%E5%8D%B8,パソコン・周辺機器,大手/海外疑い,9
iClever,11,1565,3990,1,B0D86XCN4G,iClever ゲーミングキーボード テンキーレス 赤軸 メカニカル キーボード 日本語配列 マクロ対応 G06 ブラック,https://www.amazon.co.jp/dp/B0D86XCN4G,https://keepa.com/#!product/5-B0D86XCN4G,https://www.google.com/search?q=iClever%20%E4%BC%9A%E7%A4%BE%E6%A6%82%E8%A6%81%20%E5%95%8F%E3%81%84%E5%90%88%E3%82%8F%E3%81%9B%20%E5%8D%B8,パソコン・周辺機器,中小候補,11
Soundcore,11,4249,9880,1,B0D4Z8NPH7,Anker Soundcore V20i ブラック,https://www.amazon.co.jp/dp/B0D4Z8NPH7,https://keepa.com/#!product/5-B0D4Z8NPH7,https://www.google.com/search?q=Soundcore%20%E4%BC%9A%E7%A4%BE%E6%A6%82%E8%A6%81%20%E5%95%8F%E3%81%84%E5%90%88%E3%82%8F%E3%81%9B%20%E5%8D%B8,家電＆カメラ,大手/海外疑い,11
任天堂,11,3753,9280,1,B06XTHP83H,マリオカート8 デラックス+Joy-Conハンドル 2個セット,https://www.amazon.co.jp/dp/B06XTHP83H,https://keepa.com/#!product/5-B06XTHP83H,https://www.google.com/search?q=%E4%BB%BB%E5%A4%A9%E5%A0%82%20%E4%BC%9A%E7%A4%BE%E6%A6%82%E8%A6%81%20%E5%95%8F%E3%81%84%E5%90%88%E3%82%8F%E3%81%9B%20%E5%8D%B8,ゲーム,大手/海外疑い,0
ノーブランド品,10,1340,3990,1,B09H2N8QXD,おもちゃ 100個 子供会 イベント お子様ランチ,https://www.amazon.co.jp/dp/B09H2N8QXD,https://keepa.com/#!product/5-B09H2N8QXD,https://www.google.com/search?q=%E3%83%8E%E3%83%BC%E3%83%96%E3%83%A9%E3%83%B3%E3%83%89%E5%93%81%20%E4%BC%9A%E7%A4%BE%E6%A6%82%E8%A6%81%20%E5%95%8F%E3%81%84%E5%90%88%E3%82%8F%E3%81%9B%20%E5%8D%B8,大型家電,中小候補,4
講談社,10,5704,12780,2,B002DEKF88,ドラゴン桜 全21巻完結セット (モーニングKC),https://www.amazon.co.jp/dp/B002DEKF88,https://keepa.com/#!product/5-B002DEKF88,https://www.google.com/search?q=%E8%AC%9B%E8%AB%87%E7%A4%BE%20%E4%BC%9A%E7%A4%BE%E6%A6%82%E8%A6%81%20%E5%95%8F%E3%81%84%E5%90%88%E3%82%8F%E3%81%9B%20%E5%8D%B8,本,中小候補,0
Dyoac,9,1399,2848,1,B0FLYL8PGR,【最新改良2.0】有線イヤホン 3.5mmジャック オープンイヤー イヤホン 有線 ヘッドホン 耳掛け マイク付き タイプC変換アダプター&収納ポーチ,https://www.amazon.co.jp/dp/B0FLYL8PGR,https://keepa.com/#!product/5-B0FLYL8PGR,https://www.google.com/search?q=Dyoac%20%E4%BC%9A%E7%A4%BE%E6%A6%82%E8%A6%81%20%E5%95%8F%E3%81%84%E5%90%88%E3%82%8F%E3%81%9B%20%E5%8D%B8,家電＆カメラ,中小候補,8
スクウェア・エニックス(SQUARE ENIX),9,2914,7156,2,B0FJY44HNB,ドラゴンクエスト メタリックアイテムズギャラリースペシャル ロトの剣＆ロトの盾,https://www.amazon.co.jp/dp/B0FJY44HNB,https://keepa.com/#!product/5-B0FJY44HNB,https://www.google.com/search?q=%E3%82%B9%E3%82%AF%E3%82%A6%E3%82%A7%E3%82%A2%E3%83%BB%E3%82%A8%E3%83%8B%E3%83%83%E3%82%AF%E3%82%B9%28SQUARE%20ENIX%29%20%E4%BC%9A%E7%A4%BE%E6%A6%82%E8%A6%81%20%E5%95%8F%E3%81%84%E5%90%88%E3%82%8F%E3%81%9B%20%E5%8D%B8,ゲーム,中小候補,0
Bandai Namco,9,2639,11500,2,B00XZR0PKK,スーパーロボット大戦BX (【初回封入特典】レベルアップキャンペーンダウンロードコード) - 3DS,https://www.amazon.co.jp/dp/B00XZR0PKK,https://keepa.com/#!product/5-B00XZR0PKK,https://www.google.com/search?q=Bandai%20Namco%20%E4%BC%9A%E7%A4%BE%E6%A6%82%E8%A6%81%20%E5%95%8F%E3%81%84%E5%90%88%E3%82%8F%E3%81%9B%20%E5%8D%B8,ゲーム,大手/海外疑い,0
ワーナーホームビデオ,9,3788,11110,2,B000056HRZ,Casablanca,https://www.amazon.co.jp/dp/B000056HRZ,https://keepa.com/#!product/5-B000056HRZ,https://www.google.com/search?q=%E3%83%AF%E3%83%BC%E3%83%8A%E3%83%BC%E3%83%9B%E3%83%BC%E3%83%A0%E3%83%93%E3%83%87%E3%82%AA%20%E4%BC%9A%E7%A4%BE%E6%A6%82%E8%A6%81%20%E5%95%8F%E3%81%84%E5%90%88%E3%82%8F%E3%81%9B%20%E5%8D%B8,DVD,中小候補,0
KODAK,8,8336,14150,1,B00001R3W3,KODAK FunSaver 35mm 使い捨てカメラ,https://www.amazon.co.jp/dp/B00001R3W3,https://keepa.com/#!product/5-B00001R3W3,https://www.google.com/search?q=KODAK%20%E4%BC%9A%E7%A4%BE%E6%A6%82%E8%A6%81%20%E5%95%8F%E3%81%84%E5%90%88%E3%82%8F%E3%81%9B%20%E5%8D%B8,家電＆カメラ,中小候補,8
ポニーキャニオン,8,6612,12240,1,B0BGQG2Y1R,Quicksand(初回限定盤) - Bialystocks,https://www.amazon.co.jp/dp/B0BGQG2Y1R,https://keepa.com/#!product/5-B0BGQG2Y1R,https://www.google.com/search?q=%E3%83%9D%E3%83%8B%E3%83%BC%E3%82%AD%E3%83%A3%E3%83%8B%E3%82%AA%E3%83%B3%20%E4%BC%9A%E7%A4%BE%E6%A6%82%E8%A6%81%20%E5%95%8F%E3%81%84%E5%90%88%E3%82%8F%E3%81%9B%20%E5%8D%B8,DVD,中小候補,0
ワコーズ(Wako's),8,1788,5034,2,B006KMBS8K,ワコーズ スロットルバルブクリーナー,https://www.amazon.co.jp/dp/B006KMBS8K,https://keepa.com/#!product/5-B006KMBS8K,https://www.google.com/search?q=%E3%83%AF%E3%82%B3%E3%83%BC%E3%82%BA%28Wako%27s%29%20%E4%BC%9A%E7%A4%BE%E6%A6%82%E8%A6%81%20%E5%95%8F%E3%81%84%E5%90%88%E3%82%8F%E3%81%9B%20%E5%8D%B8,車＆バイク,中小候補,0
ロイヤルカナン,8,2336,5825,2,B001JL2N72,ロイヤルカナン 療法食 腎臓サポート ドライ 猫用 2kg,https://www.amazon.co.jp/dp/B001JL2N72,https://keepa.com/#!product/5-B001JL2N72,https://www.google.com/search?q=%E3%83%AD%E3%82%A4%E3%83%A4%E3%83%AB%E3%82%AB%E3%83%8A%E3%83%B3%20%E4%BC%9A%E7%A4%BE%E6%A6%82%E8%A6%81%20%E5%95%8F%E3%81%84%E5%90%88%E3%82%8F%E3%81%9B%20%E5%8D%B8,ペット用品,中小候補,0
GPC Image Flex,6,634,1967,1,B0BNTCG5PN,GPC Image Flex LC3117 lc3119 4本 ブラザー 用 インク 3117 純正と併用 Brother 用 J6980CDW,https://www.amazon.co.jp/dp/B0BNTCG5PN,https://keepa.com/#!product/5-B0BNTCG5PN,https://www.google.com/search?q=GPC%20Image%20Flex%20%E4%BC%9A%E7%A4%BE%E6%A6%82%E8%A6%81%20%E5%95%8F%E3%81%84%E5%90%88%E3%82%8F%E3%81%9B%20%E5%8D%B8,パソコン・周辺機器,大手/海外疑い,6
COOAU,6,2636,5284,1,B0BRRDKZKL,【5MP精確検知・夜に隠し】 COOAU防犯カメラ屋外500万画素多検知エリア設定人 体検知人体追跡監視カメラWiFi/ワイヤレススマホ対応声光警報ネットワークカメ ラダブル5dB,https://www.amazon.co.jp/dp/B0BRRDKZKL,https://keepa.com/#!product/5-B0BRRDKZKL,https://www.google.com/search?q=COOAU%20%E4%BC%9A%E7%A4%BE%E6%A6%82%E8%A6%81%20%E5%95%8F%E3%81%84%E5%90%88%E3%82%8F%E3%81%9B%20%E5%8D%B8,家電＆カメラ,中小候補,6
Sony,6,4914,16418,2,B00IJ1YWGU,機動戦士ガンダム サイドストーリーズ Limited Edition (初回封入特典 豪華4大特典コード同梱) - PS3,https://www.amazon.co.jp/dp/B00IJ1YWGU,https://keepa.com/#!product/5-B00IJ1YWGU,https://www.google.com/search?q=Sony%20%E4%BC%9A%E7%A4%BE%E6%A6%82%E8%A6%81%20%E5%95%8F%E3%81%84%E5%90%88%E3%82%8F%E3%81%9B%20%E5%8D%B8,ゲーム,大手/海外疑い,2
Logitech,6,3880,7590,2,B0B1Q4DJLP,ロジクール MX MASTER3s アドバンスド ワイヤレス マウス 静音 MX2300PG Logi Bolt Bluetooth Unifying非対応 8000dpi 高速ス,https://www.amazon.co.jp/dp/B0B1Q4DJLP,https://keepa.com/#!product/5-B0B1Q4DJLP,https://www.google.com/search?q=Logitech%20%E4%BC%9A%E7%A4%BE%E6%A6%82%E8%A6%81%20%E5%95%8F%E3%81%84%E5%90%88%E3%82%8F%E3%81%9B%20%E5%8D%B8,パソコン・周辺機器,大手/海外疑い,6
ビクターエンタテインメント,6,5040,11490,2,B00GMSJPJQ,"SUPER SUMMER LIVE 2013 “灼熱のマンピー!! G★スポット解禁!!"" 胸熱完全版【完全生産限定盤】 [Blu-ray]",https://www.amazon.co.jp/dp/B00GMSJPJQ,https://keepa.com/#!product/5-B00GMSJPJQ,https://www.google.com/search?q=%E3%83%93%E3%82%AF%E3%82%BF%E3%83%BC%E3%82%A8%E3%83%B3%E3%82%BF%E3%83%86%E3%82%A4%E3%83%B3%E3%83%A1%E3%83%B3%E3%83%88%20%E4%BC%9A%E7%A4%BE%E6%A6%82%E8%A6%81%20%E5%95%8F%E3%81%84%E5%90%88%E3%82%8F%E3%81%9B%20%E5%8D%B8,DVD,中小候補,0
Sony Pictures Home Entertainment,6,6952,14575,2,B07ZJK4H1R,ワンス・アポン・ア・タイム・イン・ハリウッド 4K ULTRA HD & ブルーレイセット(初回生産限定) [4K ULTRA HD + Blu-ray],https://www.amazon.co.jp/dp/B07ZJK4H1R,https://keepa.com/#!product/5-B07ZJK4H1R,https://www.google.com/search?q=Sony%20Pictures%20Home%20Entertainment%20%E4%BC%9A%E7%A4%BE%E6%A6%82%E8%A6%81%20%E5%95%8F%E3%81%84%E5%90%88%E3%82%8F%E3%81%9B%20%E5%8D%B8,DVD,大手/海外疑い,0
ジェイストーム,6,2122,7401,2,B08F566N7B,ARASHI Anniversary Tour 5×20(DVD)(初回仕様),https://www.amazon.co.jp/dp/B08F566N7B,https://keepa.com/#!product/5-B08F566N7B,https://www.google.com/search?q=%E3%82%B8%E3%82%A7%E3%82%A4%E3%82%B9%E3%83%88%E3%83%BC%E3%83%A0%20%E4%BC%9A%E7%A4%BE%E6%A6%82%E8%A6%81%20%E5%95%8F%E3%81%84%E5%90%88%E3%82%8F%E3%81%9B%20%E5%8D%B8,DVD,中小候補,0
20TH CENTURY STUDIOS,6,7380,14574,2,B00G0OHMUG,PREDATOR 3D,https://www.amazon.co.jp/dp/B00G0OHMUG,https://keepa.com/#!product/5-B00G0OHMUG,https://www.google.com/search?q=20TH%20CENTURY%20STUDIOS%20%E4%BC%9A%E7%A4%BE%E6%A6%82%E8%A6%81%20%E5%95%8F%E3%81%84%E5%90%88%E3%82%8F%E3%81%9B%20%E5%8D%B8,DVD,中小候補,0
Gudluky,5,759,1999,1,B0F29G9GPQ,airtag エアタグ カード gpsタグ スマートタグ 紛失防止タグ【2026年最強 安全性・10年超長持ち!革新的Li-Po&極薄1.6mm&技適取得&全球追跡】スマートトラッ,https://www.amazon.co.jp/dp/B0F29G9GPQ,https://keepa.com/#!product/5-B0F29G9GPQ,https://www.google.com/search?q=Gudluky%20%E4%BC%9A%E7%A4%BE%E6%A6%82%E8%A6%81%20%E5%95%8F%E3%81%84%E5%90%88%E3%82%8F%E3%81%9B%20%E5%8D%B8,家電＆カメラ,大手/海外疑い,4
Hamee(ハミィ),5,692,1980,1,B0DM9MMBH1,iFace BeBling Wave MagSafe対応 スマホリング MagSynq Ring Holder (ブラック),https://www.amazon.co.jp/dp/B0DM9MMBH1,https://keepa.com/#!product/5-B0DM9MMBH1,https://www.google.com/search?q=Hamee%28%E3%83%8F%E3%83%9F%E3%82%A3%29%20%E4%BC%9A%E7%A4%BE%E6%A6%82%E8%A6%81%20%E5%95%8F%E3%81%84%E5%90%88%E3%82%8F%E3%81%9B%20%E5%8D%B8,家電＆カメラ,中小候補,4
skybest,5,1858,3693,1,B0F5WJ3LN6,最新Qi2 ワイヤレス充電器【15W急速充電×放熱重視】magsafe充電器 qi2 充電器 マグセーフ対応 スマホ 充電器 ワイヤレス マグネット 置くだけ 強力磁石 magne,https://www.amazon.co.jp/dp/B0F5WJ3LN6,https://keepa.com/#!product/5-B0F5WJ3LN6,https://www.google.com/search?q=skybest%20%E4%BC%9A%E7%A4%BE%E6%A6%82%E8%A6%81%20%E5%95%8F%E3%81%84%E5%90%88%E3%82%8F%E3%81%9B%20%E5%8D%B8,家電＆カメラ,中小候補,5
Evinof,5,4132,6997,1,B0GCFT1YLL,Evinof テレビ スピーカー ワイヤレス【テレビ全機種対応★2.4G送信機同梱】手元スピーカー テレビ用 最大30m 低遅延 27時間連続再生,https://www.amazon.co.jp/dp/B0GCFT1YLL,https://keepa.com/#!product/5-B0GCFT1YLL,https://www.google.com/search?q=Evinof%20%E4%BC%9A%E7%A4%BE%E6%A6%82%E8%A6%81%20%E5%95%8F%E3%81%84%E5%90%88%E3%82%8F%E3%81%9B%20%E5%8D%B8,家電＆カメラ,中小候補,5
ieGeek,5,3260,7596,1,B0F547D6W6,【2026ソーラーパネル一体型・分離型両用防犯カメラ】 ieGeek 防犯カメラ 屋外 ソーラー ワイヤレス/wifi 360°撮影可能 パンチルト 高感度外部5DBIアンテナ 調,https://www.amazon.co.jp/dp/B0F547D6W6,https://keepa.com/#!product/5-B0F547D6W6,https://www.google.com/search?q=ieGeek%20%E4%BC%9A%E7%A4%BE%E6%A6%82%E8%A6%81%20%E5%95%8F%E3%81%84%E5%90%88%E3%82%8F%E3%81%9B%20%E5%8D%B8,家電＆カメラ,中小候補,4
タカラトミー(TAKARA TOMY),5,2491,12000,1,B0FKMQDY77,タカラトミー(TAKARA TOMY) トミカプレミアムunlimited 頭文字D 藤原豆腐店 ミニカー おもちゃ 6歳以上,https://www.amazon.co.jp/dp/B0FKMQDY77,https://keepa.com/#!product/5-B0FKMQDY77,https://www.google.com/search?q=%E3%82%BF%E3%82%AB%E3%83%A9%E3%83%88%E3%83%9F%E3%83%BC%28TAKARA%20TOMY%29%20%E4%BC%9A%E7%A4%BE%E6%A6%82%E8%A6%81%20%E5%95%8F%E3%81%84%E5%90%88%E3%82%8F%E3%81%9B%20%E5%8D%B8,おもちゃ,大手/海外疑い,0
Moondrop,5,3431,6750,1,B0DNP7G419,水月雨 MOONDROP x 崩壊：スターレイル Robin's Earphones ワイヤレス イヤホン カナル型 ロビンスペシャル音声ガイダンス,https://www.amazon.co.jp/dp/B0DNP7G419,https://keepa.com/#!product/5-B0DNP7G419,https://www.google.com/search?q=Moondrop%20%E4%BC%9A%E7%A4%BE%E6%A6%82%E8%A6%81%20%E5%95%8F%E3%81%84%E5%90%88%E3%82%8F%E3%81%9B%20%E5%8D%B8,家電＆カメラ,中小候補,5
バンダイビジュアル,5,7154,12474,1,B01BMC7MIC,【Amazon.co.jp限定】 ガールズ&パンツァー 劇場版 (特装限定版) (戦車トークCD付) [Blu-ray],https://www.amazon.co.jp/dp/B01BMC7MIC,https://keepa.com/#!product/5-B01BMC7MIC,https://www.google.com/search?q=%E3%83%90%E3%83%B3%E3%83%80%E3%82%A4%E3%83%93%E3%82%B8%E3%83%A5%E3%82%A2%E3%83%AB%20%E4%BC%9A%E7%A4%BE%E6%A6%82%E8%A6%81%20%E5%95%8F%E3%81%84%E5%90%88%E3%82%8F%E3%81%9B%20%E5%8D%B8,DVD,大手/海外疑い,0
Bloomsbury,5,5788,14904,2,140888223X,Harry Potter and the Order of the Phoenix,https://www.amazon.co.jp/dp/140888223X,https://keepa.com/#!product/5-140888223X,https://www.google.com/search?q=Bloomsbury%20%E4%BC%9A%E7%A4%BE%E6%A6%82%E8%A6%81%20%E5%95%8F%E3%81%84%E5%90%88%E3%82%8F%E3%81%9B%20%E5%8D%B8,洋書,中小候補,0
アイオーデータ,5,8513,18330,2,B0FL7F7BDK,IODATA SlimSSD ポータブルSSD 512GB 超小型 USB Type-C SSPJ-UTC512/E,https://www.amazon.co.jp/dp/B0FL7F7BDK,https://keepa.com/#!product/5-B0FL7F7BDK,https://www.google.com/search?q=%E3%82%A2%E3%82%A4%E3%82%AA%E3%83%BC%E3%83%87%E3%83%BC%E3%82%BF%20%E4%BC%9A%E7%A4%BE%E6%A6%82%E8%A6%81%20%E5%95%8F%E3%81%84%E5%90%88%E3%82%8F%E3%81%9B%20%E5%8D%B8,パソコン・周辺機器,中小候補,5
Warner,5,3296,8456,2,B004FRY9BU,Inception [Blu-ray],https://www.amazon.co.jp/dp/B004FRY9BU,https://keepa.com/#!product/5-B004FRY9BU,https://www.google.com/search?q=Warner%20%E4%BC%9A%E7%A4%BE%E6%A6%82%E8%A6%81%20%E5%95%8F%E3%81%84%E5%90%88%E3%82%8F%E3%81%9B%20%E5%8D%B8,DVD,中小候補,0
Paramount,5,3305,6639,2,B01M6730DP,Forrest Gump [Blu-ray] [Import],https://www.amazon.co.jp/dp/B01M6730DP,https://keepa.com/#!product/5-B01M6730DP,https://www.google.com/search?q=Paramount%20%E4%BC%9A%E7%A4%BE%E6%A6%82%E8%A6%81%20%E5%95%8F%E3%81%84%E5%90%88%E3%82%8F%E3%81%9B%20%E5%8D%B8,DVD,中小候補,0
THREEKEY,4,1500,2938,1,B0DLSMH23R,THREEKEY マグセーフ充電器 Qi2・PSE公式認証 15W急速充電 両面マグネット式,https://www.amazon.co.jp/dp/B0DLSMH23R,https://keepa.com/#!product/5-B0DLSMH23R,https://www.google.com/search?q=THREEKEY%20%E4%BC%9A%E7%A4%BE%E6%A6%82%E8%A6%81%20%E5%95%8F%E3%81%84%E5%90%88%E3%82%8F%E3%81%9B%20%E5%8D%B8,家電＆カメラ,中小候補,4
SHEENGO,4,617,1820,1,B09XTXBZYR,BCI-301+300/5MP インクカートリッジ キヤノン用 インク 互換 対応機種：PIXUS TS7530 大容量,https://www.amazon.co.jp/dp/B09XTXBZYR,https://keepa.com/#!product/5-B09XTXBZYR,https://www.google.com/search?q=SHEENGO%20%E4%BC%9A%E7%A4%BE%E6%A6%82%E8%A6%81%20%E5%95%8F%E3%81%84%E5%90%88%E3%82%8F%E3%81%9B%20%E5%8D%B8,パソコン・周辺機器,中小候補,4
CASIO(カシオ),4,820,4352,1,B0081OB5XI,AMZTOP CASIO[カシオ]G-SHOCK タフソーラー用 純正二次電池[充電池] CTL920F CTL920 キャパシタ,https://www.amazon.co.jp/dp/B0081OB5XI,https://keepa.com/#!product/5-B0081OB5XI,https://www.google.com/search?q=CASIO%28%E3%82%AB%E3%82%B7%E3%82%AA%29%20%E4%BC%9A%E7%A4%BE%E6%A6%82%E8%A6%81%20%E5%95%8F%E3%81%84%E5%90%88%E3%82%8F%E3%81%9B%20%E5%8D%B8,ファッション,大手/海外疑い,1
RemarksJapan,4,323,1869,1,B0CKMS2KS7,【ソーラー＆電波】腕時計 メンズ 電波ソーラー腕時計 精密 防水 アウトドア 普段使い シンプル ソーラー ブラック,https://www.amazon.co.jp/dp/B0CKMS2KS7,https://keepa.com/#!product/5-B0CKMS2KS7,https://www.google.com/search?q=RemarksJapan%20%E4%BC%9A%E7%A4%BE%E6%A6%82%E8%A6%81%20%E5%95%8F%E3%81%84%E5%90%88%E3%82%8F%E3%81%9B%20%E5%8D%B8,ファッション,中小候補,0
KEENKLE,4,500,1788,1,B0F5Q4B5W9,TN-29J TN29J Brother トナー 用 カートリッジ TN29J 2本セット ブラザー 用 トナー 29J ブラック 大容量タイプ HL-L2375DW DCP-L2,https://www.amazon.co.jp/dp/B0F5Q4B5W9,https://keepa.com/#!product/5-B0F5Q4B5W9,https://www.google.com/search?q=KEENKLE%20%E4%BC%9A%E7%A4%BE%E6%A6%82%E8%A6%81%20%E5%95%8F%E3%81%84%E5%90%88%E3%82%8F%E3%81%9B%20%E5%8D%B8,パソコン・周辺機器,大手/海外疑い,4
ejet,4,586,2003,1,B08P2HRTXB,ejet LC211 4本 lc211-4PK ブラザー 用 インク brother 用 DCP-j968N DCP-J562N MFC-J737DN,https://www.amazon.co.jp/dp/B08P2HRTXB,https://keepa.com/#!product/5-B08P2HRTXB,https://www.google.com/search?q=ejet%20%E4%BC%9A%E7%A4%BE%E6%A6%82%E8%A6%81%20%E5%95%8F%E3%81%84%E5%90%88%E3%82%8F%E3%81%9B%20%E5%8D%B8,パソコン・周辺機器,大手/海外疑い,4
Mumay,4,944,2542,1,B0DB1VMSF5,スマホスタンド 携帯スタンド スマホスタンド 寝ながら スマホ アーム 寝ながら スマホアームスタンド スマホホルダー けいたい フレキシブル,https://www.amazon.co.jp/dp/B0DB1VMSF5,https://keepa.com/#!product/5-B0DB1VMSF5,https://www.google.com/search?q=Mumay%20%E4%BC%9A%E7%A4%BE%E6%A6%82%E8%A6%81%20%E5%95%8F%E3%81%84%E5%90%88%E3%82%8F%E3%81%9B%20%E5%8D%B8,家電＆カメラ,中小候補,3
MACOO,4,866,2270,1,B0FSS8GP65,MACOO 自撮り棒 【家電批評ベストバイ受賞】 スマホスタンド 安定性アップ 「超ミニ·四脚モデル」 最大103cmまで (ホワイト),https://www.amazon.co.jp/dp/B0FSS8GP65,https://keepa.com/#!product/5-B0FSS8GP65,https://www.google.com/search?q=MACOO%20%E4%BC%9A%E7%A4%BE%E6%A6%82%E8%A6%81%20%E5%95%8F%E3%81%84%E5%90%88%E3%82%8F%E3%81%9B%20%E5%8D%B8,家電＆カメラ,中小候補,4
Gimama,4,1257,3090,1,B0FY2QCK6R,Gimama カップウォーマー 【40℃～80℃設定、記憶機能付き】 コーヒーウォーマー 5段階温度 マグウォーマー,https://www.amazon.co.jp/dp/B0FY2QCK6R,https://keepa.com/#!product/5-B0FY2QCK6R,https://www.google.com/search?q=Gimama%20%E4%BC%9A%E7%A4%BE%E6%A6%82%E8%A6%81%20%E5%95%8F%E3%81%84%E5%90%88%E3%82%8F%E3%81%9B%20%E5%8D%B8,パソコン・周辺機器,中小候補,3
ProtoArc,4,2702,4980,1,B0FNKZ6666,【革新版】ProtoArc EM11 NL エルゴノミクスマウス 縦型58° 静音 無線 Bluetooth 2.4GHz 3台同時接続 手首楽,https://www.amazon.co.jp/dp/B0FNKZ6666,https://keepa.com/#!product/5-B0FNKZ6666,https://www.google.com/search?q=ProtoArc%20%E4%BC%9A%E7%A4%BE%E6%A6%82%E8%A6%81%20%E5%95%8F%E3%81%84%E5%90%88%E3%82%8F%E3%81%9B%20%E5%8D%B8,パソコン・周辺機器,中小候補,4
PHILIPS,4,1784,3980,1,B0BV2PQ934,Philips(フィリップス) ソーラーチャージャー モバイルバッテリー 20000mAh 大容量 4way蓄電 高輝度 LED付き DLP7726N,https://www.amazon.co.jp/dp/B0BV2PQ934,https://keepa.com/#!product/5-B0BV2PQ934,https://www.google.com/search?q=PHILIPS%20%E4%BC%9A%E7%A4%BE%E6%A6%82%E8%A6%81%20%E5%95%8F%E3%81%84%E5%90%88%E3%82%8F%E3%81%9B%20%E5%8D%B8,家電＆カメラ,大手/海外疑い,1
バッファロー,4,2630,7990,1,B0C8GYLKRX,バッファロー WEX-1166DHPS2 11ac対応 中継機,https://www.amazon.co.jp/dp/B0C8GYLKRX,https://keepa.com/#!product/5-B0C8GYLKRX,https://www.google.com/search?q=%E3%83%90%E3%83%83%E3%83%95%E3%82%A1%E3%83%AD%E3%83%BC%20%E4%BC%9A%E7%A4%BE%E6%A6%82%E8%A6%81%20%E5%95%8F%E3%81%84%E5%90%88%E3%82%8F%E3%81%9B%20%E5%8D%B8,パソコン・周辺機器,大手/海外疑い,4
SoundPEATS(サウンドピーツ),4,3934,6351,1,B0DWDWL25T,SOUNDPEATS(サウンドピーツ) Air5 Pro ワイヤレスイヤホン 55dB ノイズキャンセリング LDAC/aptX Lossless対応,https://www.amazon.co.jp/dp/B0DWDWL25T,https://keepa.com/#!product/5-B0DWDWL25T,https://www.google.com/search?q=SoundPEATS%28%E3%82%B5%E3%82%A6%E3%83%B3%E3%83%89%E3%83%94%E3%83%BC%E3%83%84%29%20%E4%BC%9A%E7%A4%BE%E6%A6%82%E8%A6%81%20%E5%95%8F%E3%81%84%E5%90%88%E3%82%8F%E3%81%9B%20%E5%8D%B8,家電＆カメラ,中小候補,4
‎バーベイタム(Verbatim),4,1599,5334,1,B002NMXHDK,バーベイタムジャパン(Verbatim Japan) Verbatim 1回記録用 DVD-R DL DHR85HP25V1 (片面2層/2-8倍速/25枚パック) ホワイト,https://www.amazon.co.jp/dp/B002NMXHDK,https://keepa.com/#!product/5-B002NMXHDK,https://www.google.com/search?q=%E2%80%8E%E3%83%90%E3%83%BC%E3%83%99%E3%82%A4%E3%82%BF%E3%83%A0%28Verbatim%29%20%E4%BC%9A%E7%A4%BE%E6%A6%82%E8%A6%81%20%E5%95%8F%E3%81%84%E5%90%88%E3%82%8F%E3%81%9B%20%E5%8D%B8,パソコン・周辺機器,中小候補,4
Makita(マキタ),4,1605,5910,1,B01B70EAUM,マキタ アルミケース（TD021DS用） 823295-6,https://www.amazon.co.jp/dp/B01B70EAUM,https://keepa.com/#!product/5-B01B70EAUM,https://www.google.com/search?q=Makita%28%E3%83%9E%E3%82%AD%E3%82%BF%29%20%E4%BC%9A%E7%A4%BE%E6%A6%82%E8%A6%81%20%E5%95%8F%E3%81%84%E5%90%88%E3%82%8F%E3%81%9B%20%E5%8D%B8,DIY・工具・ガーデン,中小候補,1
BOIFUN,4,8286,16247,1,B0FH23M456,BOIFUN バイク用スマートモニター【業界初・縦横表示切替対応・ 6.25インチ大画面】Carplay/Android Auto対応・ バイク用モニター スマホ連携 バイク用ナビ,https://www.amazon.co.jp/dp/B0FH23M456,https://keepa.com/#!product/5-B0FH23M456,https://www.google.com/search?q=BOIFUN%20%E4%BC%9A%E7%A4%BE%E6%A6%82%E8%A6%81%20%E5%95%8F%E3%81%84%E5%90%88%E3%82%8F%E3%81%9B%20%E5%8D%B8,家電＆カメラ,中小候補,2
KADOKAWA,4,2148,4913,1,B0DM8HBTDR,ちいかわ ふんわりバニティポーチ ちいかわ,https://www.amazon.co.jp/dp/B0DM8HBTDR,https://keepa.com/#!product/5-B0DM8HBTDR,https://www.google.com/search?q=KADOKAWA%20%E4%BC%9A%E7%A4%BE%E6%A6%82%E8%A6%81%20%E5%95%8F%E3%81%84%E5%90%88%E3%82%8F%E3%81%9B%20%E5%8D%B8,本,中小候補,0
愛知電線,4,1800,6500,1,B00N8AD010,愛知電線 VVF ケーブル3芯 2.0mm 20m 灰色 VVF3×2.0M20,https://www.amazon.co.jp/dp/B00N8AD010,https://keepa.com/#!product/5-B00N8AD010,https://www.google.com/search?q=%E6%84%9B%E7%9F%A5%E9%9B%BB%E7%B7%9A%20%E4%BC%9A%E7%A4%BE%E6%A6%82%E8%A6%81%20%E5%95%8F%E3%81%84%E5%90%88%E3%82%8F%E3%81%9B%20%E5%8D%B8,産業・研究開発用品,中小候補,0
コナミデジタルエンタテインメント(Konami Digital Entertainment),4,4511,12890,1,B08ZZDL8J4,eBASEBALLプロ野球スピリッツ2021 グランドスラム,https://www.amazon.co.jp/dp/B08ZZDL8J4,https://keepa.com/#!product/5-B08ZZDL8J4,https://www.google.com/search?q=%E3%82%B3%E3%83%8A%E3%83%9F%E3%83%87%E3%82%B8%E3%82%BF%E3%83%AB%E3%82%A8%E3%83%B3%E3%82%BF%E3%83%86%E3%82%A4%E3%83%B3%E3%83%A1%E3%83%B3%E3%83%88%28Konami%20Digital%20Entertainment%29%20%E4%BC%9A%E7%A4%BE%E6%A6%82%E8%A6%81%20%E5%95%8F%E3%81%84%E5%90%88%E3%82%8F%E3%81%9B%20%E5%8D%B8,ゲーム,中小候補,0
ワーナー・ブラザース・ホームエンターテイメント,4,6456,10990,1,B076H6J8LS,マッドマックス 怒りのデス・ロード<ブラック&クローム>エディション ブルーレイ スチールブック仕様(数量限定生産/2枚組) [Blu-ray],https://www.amazon.co.jp/dp/B076H6J8LS,https://keepa.com/#!product/5-B076H6J8LS,https://www.google.com/search?q=%E3%83%AF%E3%83%BC%E3%83%8A%E3%83%BC%E3%83%BB%E3%83%96%E3%83%A9%E3%82%B6%E3%83%BC%E3%82%B9%E3%83%BB%E3%83%9B%E3%83%BC%E3%83%A0%E3%82%A8%E3%83%B3%E3%82%BF%E3%83%BC%E3%83%86%E3%82%A4%E3%83%A1%E3%83%B3%E3%83%88%20%E4%BC%9A%E7%A4%BE%E6%A6%82%E8%A6%81%20%E5%95%8F%E3%81%84%E5%90%88%E3%82%8F%E3%81%9B%20%E5%8D%B8,DVD,大手/海外疑い,0
BURTLE,4,4326,9466,2,B0DZ658W2B,[バートル] BURTLE バッテリー 2025年モデル エアークラフト AIRCRAFT 京セラ製 24Vリチウムイオンバッテリー 空調作業服 AC09 78 マットブラック,https://www.amazon.co.jp/dp/B0DZ658W2B,https://keepa.com/#!product/5-B0DZ658W2B,https://www.google.com/search?q=BURTLE%20%E4%BC%9A%E7%A4%BE%E6%A6%82%E8%A6%81%20%E5%95%8F%E3%81%84%E5%90%88%E3%82%8F%E3%81%9B%20%E5%8D%B8,産業・研究開発用品,大手/海外疑い,2
すごろくや,4,334,1544,2,B01B7QHIGO,すごろくや ナンジャモンジャ・シロ 2人 - 6人 4歳 15分 命名 記憶 反射神経 パーティー 子供向け ボードゲーム,https://www.amazon.co.jp/dp/B01B7QHIGO,https://keepa.com/#!product/5-B01B7QHIGO,https://www.google.com/search?q=%E3%81%99%E3%81%94%E3%82%8D%E3%81%8F%E3%82%84%20%E4%BC%9A%E7%A4%BE%E6%A6%82%E8%A6%81%20%E5%95%8F%E3%81%84%E5%90%88%E3%82%8F%E3%81%9B%20%E5%8D%B8,おもちゃ,中小候補,0
Hoxhyon,4,2325,5261,2,B0FM3NXDVN,Hoxhyon デスクライト LED クランプ式「PSE認証済」卓上ライト 電気スタンド 目に優しい デスクスタンド デスクランプ テーブルライト,https://www.amazon.co.jp/dp/B0FM3NXDVN,https://keepa.com/#!product/5-B0FM3NXDVN,https://www.google.com/search?q=Hoxhyon%20%E4%BC%9A%E7%A4%BE%E6%A6%82%E8%A6%81%20%E5%95%8F%E3%81%84%E5%90%88%E3%82%8F%E3%81%9B%20%E5%8D%B8,ホーム＆キッチン,中小候補,4
Lexar,4,5040,9165,2,B09MSSPFWY,Lexar SDカード Professional 1800x SDXCカード 最大読込280MB/秒 書込210MB/秒 UHS-II Class 10 U3 V60 4K Ult,https://www.amazon.co.jp/dp/B09MSSPFWY,https://keepa.com/#!product/5-B09MSSPFWY,https://www.google.com/search?q=Lexar%20%E4%BC%9A%E7%A4%BE%E6%A6%82%E8%A6%81%20%E5%95%8F%E3%81%84%E5%90%88%E3%82%8F%E3%81%9B%20%E5%8D%B8,パソコン・周辺機器,中小候補,4
HAGOOGI,4,3992,7978,2,B0GHMZZ5NQ,【2026新登場】HAGOOGI ランタン ledランタン 人感センサーライト Type-C充電式 キャンプ ランタン 小型 軽量 一台多役,https://www.amazon.co.jp/dp/B0GHMZZ5NQ,https://keepa.com/#!product/5-B0GHMZZ5NQ,https://www.google.com/search?q=HAGOOGI%20%E4%BC%9A%E7%A4%BE%E6%A6%82%E8%A6%81%20%E5%95%8F%E3%81%84%E5%90%88%E3%82%8F%E3%81%9B%20%E5%8D%B8,スポーツ＆アウトドア,中小候補,1
Razer(レイザー),4,7198,15597,2,B09923WB4R,Razer BlackShark V2 Special Edition ゲーミングヘッドセット Black/Green USBサウンドカード付 USB 3.5mmアナログ THX ,https://www.amazon.co.jp/dp/B09923WB4R,https://keepa.com/#!product/5-B09923WB4R,https://www.google.com/search?q=Razer%28%E3%83%AC%E3%82%A4%E3%82%B6%E3%83%BC%29%20%E4%BC%9A%E7%A4%BE%E6%A6%82%E8%A6%81%20%E5%95%8F%E3%81%84%E5%90%88%E3%82%8F%E3%81%9B%20%E5%8D%B8,パソコン・周辺機器,中小候補,2
HEIBAS,3,769,1998,1,B0FPQP6T6V,ヘッドセット bluetooth 108超長時間再生【2026至高のBluetooth 6.0チープ搭載】物理操作ボタン ハンズフリー通話,https://www.amazon.co.jp/dp/B0FPQP6T6V,https://keepa.com/#!product/5-B0FPQP6T6V,https://www.google.com/search?q=HEIBAS%20%E4%BC%9A%E7%A4%BE%E6%A6%82%E8%A6%81%20%E5%95%8F%E3%81%84%E5%90%88%E3%82%8F%E3%81%9B%20%E5%8D%B8,家電＆カメラ,中小候補,3
KIOXIA,3,2126,12027,1,B0BSN6H7HY,USBフラッシュメモリ 64GB USB 3.2 Gen 1 KIOXIA TransMemory U366 薄型 スタイリッシュ メタリックボディ [並行輸入品],https://www.amazon.co.jp/dp/B0BSN6H7HY,https://keepa.com/#!product/5-B0BSN6H7HY,https://www.google.com/search?q=KIOXIA%20%E4%BC%9A%E7%A4%BE%E6%A6%82%E8%A6%81%20%E5%95%8F%E3%81%84%E5%90%88%E3%82%8F%E3%81%9B%20%E5%8D%B8,パソコン・周辺機器,中小候補,3
Yaizk,3,623,1706,1,B0B8GTG8RP,2026年改良モデル 室内アンテナ テレビアンテナ 地デジアンテナ 4KHD 530KM受信範囲 最強 信号ブースター内蔵 UHF/VHF対応,https://www.amazon.co.jp/dp/B0B8GTG8RP,https://keepa.com/#!product/5-B0B8GTG8RP,https://www.google.com/search?q=Yaizk%20%E4%BC%9A%E7%A4%BE%E6%A6%82%E8%A6%81%20%E5%95%8F%E3%81%84%E5%90%88%E3%82%8F%E3%81%9B%20%E5%8D%B8,家電＆カメラ,中小候補,3
Runbod,3,391,1599,1,B07SGBYB6Z,sata usb 変換ケーブル 3.5/2.5インチ SSD HDD SATA USB変換アダプター SATA3 USB3.0 変換ケーブル 電源アダプター付 Windows10/,https://www.amazon.co.jp/dp/B07SGBYB6Z,https://keepa.com/#!product/5-B07SGBYB6Z,https://www.google.com/search?q=Runbod%20%E4%BC%9A%E7%A4%BE%E6%A6%82%E8%A6%81%20%E5%95%8F%E3%81%84%E5%90%88%E3%82%8F%E3%81%9B%20%E5%8D%B8,パソコン・周辺機器,中小候補,2
CPWORLD,3,958,2844,1,B0FD336CDZ,電動ドライバー 小型軽量 Type-C充電式 ドライバー 電動工具 超硬S2鋼採用 正逆転切り替え TPE製滑り止めシェル 高輝度LEDライト 14本付ビットセット DIY用 家庭,https://www.amazon.co.jp/dp/B0FD336CDZ,https://keepa.com/#!product/5-B0FD336CDZ,https://www.google.com/search?q=CPWORLD%20%E4%BC%9A%E7%A4%BE%E6%A6%82%E8%A6%81%20%E5%95%8F%E3%81%84%E5%90%88%E3%82%8F%E3%81%9B%20%E5%8D%B8,DIY・工具・ガーデン,中小候補,2
GADEBAO,3,1223,2557,1,B08QMQGLDM,USB C HDMI 変換アダプタ 4K@60Hz 2-in-1 USB Type C デュアル HD MI ハブ 2ポート拡張 マルチディスプレイ 3画面 hdmi 拡張モード対,https://www.amazon.co.jp/dp/B08QMQGLDM,https://keepa.com/#!product/5-B08QMQGLDM,https://www.google.com/search?q=GADEBAO%20%E4%BC%9A%E7%A4%BE%E6%A6%82%E8%A6%81%20%E5%95%8F%E3%81%84%E5%90%88%E3%82%8F%E3%81%9B%20%E5%8D%B8,パソコン・周辺機器,中小候補,3
Besecou,3,825,2298,1,B0DDXJ161F,Besecou ミキサー ジューサー 氷も砕ける 【米国PCT-G素材+304ステンレス】ジュース 500ml 野菜 果物 ハンドミキサー フルーツ スムージー ブレンダー 離乳食,https://www.amazon.co.jp/dp/B0DDXJ161F,https://keepa.com/#!product/5-B0DDXJ161F,https://www.google.com/search?q=Besecou%20%E4%BC%9A%E7%A4%BE%E6%A6%82%E8%A6%81%20%E5%95%8F%E3%81%84%E5%90%88%E3%82%8F%E3%81%9B%20%E5%8D%B8,家電＆カメラ,中小候補,3
詰め替えそのまま,3,1106,3300,1,B0B7WWH2VH,詰め替えそのまま MINI MS-6W シャンプーボトル ホワイト 3個組み,https://www.amazon.co.jp/dp/B0B7WWH2VH,https://keepa.com/#!product/5-B0B7WWH2VH,https://www.google.com/search?q=%E8%A9%B0%E3%82%81%E6%9B%BF%E3%81%88%E3%81%9D%E3%81%AE%E3%81%BE%E3%81%BE%20%E4%BC%9A%E7%A4%BE%E6%A6%82%E8%A6%81%20%E5%95%8F%E3%81%84%E5%90%88%E3%82%8F%E3%81%9B%20%E5%8D%B8,ホーム＆キッチン,中小候補,0
TANITA,3,1159,3680,1,B0F2FSG97T,タニタ スケール はかり 自社製【0.1g単位3kgまで/起動が早くピタッと正確に計れる】郵便物やボウルなど大きなものも計れる（HOLDモード） 水や牛乳のmlも計れるので計量カッ,https://www.amazon.co.jp/dp/B0F2FSG97T,https://keepa.com/#!product/5-B0F2FSG97T,https://www.google.com/search?q=TANITA%20%E4%BC%9A%E7%A4%BE%E6%A6%82%E8%A6%81%20%E5%95%8F%E3%81%84%E5%90%88%E3%82%8F%E3%81%9B%20%E5%8D%B8,ホーム＆キッチン,中小候補,2
ラブホーム美家,3,995,2999,1,B0D5CSCHM1,【2026新登場・省エネ＆目に優しい】 デスクライト 明るい ledライト 照明 無段階調光 5段階調色 タイマー・記憶機能 高輝度 スタンドライト USB給電式 電気スタンド 卓,https://www.amazon.co.jp/dp/B0D5CSCHM1,https://keepa.com/#!product/5-B0D5CSCHM1,https://www.google.com/search?q=%E3%83%A9%E3%83%96%E3%83%9B%E3%83%BC%E3%83%A0%E7%BE%8E%E5%AE%B6%20%E4%BC%9A%E7%A4%BE%E6%A6%82%E8%A6%81%20%E5%95%8F%E3%81%84%E5%90%88%E3%82%8F%E3%81%9B%20%E5%8D%B8,ホーム＆キッチン,中小候補,3
HUAKUA,3,2015,3994,1,B0BWK342Y6,HUAKUA スマートウォッチ iPhone/Android対応 通話音声調整可能 一発消音 SOS通話機能付き 1.39インチ大画面 丸型,https://www.amazon.co.jp/dp/B0BWK342Y6,https://keepa.com/#!product/5-B0BWK342Y6,https://www.google.com/search?q=HUAKUA%20%E4%BC%9A%E7%A4%BE%E6%A6%82%E8%A6%81%20%E5%95%8F%E3%81%84%E5%90%88%E3%82%8F%E3%81%9B%20%E5%8D%B8,家電＆カメラ,中小候補,3
Eufy (ユーフィ),3,1796,4390,1,B0CBPQVRNN,Anker Eufy (ユーフィ) Security Indoor Cam S350,https://www.amazon.co.jp/dp/B0CBPQVRNN,https://keepa.com/#!product/5-B0CBPQVRNN,https://www.google.com/search?q=Eufy%20%28%E3%83%A6%E3%83%BC%E3%83%95%E3%82%A3%29%20%E4%BC%9A%E7%A4%BE%E6%A6%82%E8%A6%81%20%E5%95%8F%E3%81%84%E5%90%88%E3%82%8F%E3%81%9B%20%E5%8D%B8,ホーム＆キッチン,大手/海外疑い,3
Aliliy,3,1704,5680,1,B0DXFBSMPG,Aliliyポータブル電気ケトル 小型【2026革新版温度調節 海外/日本対応 AC100-240V】携帯ケトル 持ち運びケトル トラベル,https://www.amazon.co.jp/dp/B0DXFBSMPG,https://keepa.com/#!product/5-B0DXFBSMPG,https://www.google.com/search?q=Aliliy%20%E4%BC%9A%E7%A4%BE%E6%A6%82%E8%A6%81%20%E5%95%8F%E3%81%84%E5%90%88%E3%82%8F%E3%81%9B%20%E5%8D%B8,ホーム＆キッチン,中小候補,3
サンワダイレクト,3,3246,5900,1,B07Z5JZDPH,サンワダイレクト ネックスピーカー Bluetooth 防水 軽量 175g 連続10時間再生 通話対応 microSD再生可能 400-SP085,https://www.amazon.co.jp/dp/B07Z5JZDPH,https://keepa.com/#!product/5-B07Z5JZDPH,https://www.google.com/search?q=%E3%82%B5%E3%83%B3%E3%83%AF%E3%83%80%E3%82%A4%E3%83%AC%E3%82%AF%E3%83%88%20%E4%BC%9A%E7%A4%BE%E6%A6%82%E8%A6%81%20%E5%95%8F%E3%81%84%E5%90%88%E3%82%8F%E3%81%9B%20%E5%8D%B8,家電＆カメラ,中小候補,3
四日市ばんこ焼 【日本製】,3,2665,5860,1,B007THC744,【 ふっくら ごはん鍋 】 3合炊き 二重蓋 四日市ばんこ焼 (日本製) 【 本格派 ３合炊 】,https://www.amazon.co.jp/dp/B007THC744,https://keepa.com/#!product/5-B007THC744,https://www.google.com/search?q=%E5%9B%9B%E6%97%A5%E5%B8%82%E3%81%B0%E3%82%93%E3%81%93%E7%84%BC%20%E3%80%90%E6%97%A5%E6%9C%AC%E8%A3%BD%E3%80%91%20%E4%BC%9A%E7%A4%BE%E6%A6%82%E8%A6%81%20%E5%95%8F%E3%81%84%E5%90%88%E3%82%8F%E3%81%9B%20%E5%8D%B8,ホーム＆キッチン,中小候補,0
Fochai,3,2383,5758,1,B0GDXX5GD4,掃除機 コードレス 強力吸引45000Pa 35分稼働 超軽量 静音 スティック型 一人暮らし ペットの毛・猫砂対応 本体0.5kg 充電式コンパクト,https://www.amazon.co.jp/dp/B0GDXX5GD4,https://keepa.com/#!product/5-B0GDXX5GD4,https://www.google.com/search?q=Fochai%20%E4%BC%9A%E7%A4%BE%E6%A6%82%E8%A6%81%20%E5%95%8F%E3%81%84%E5%90%88%E3%82%8F%E3%81%9B%20%E5%8D%B8,ホーム＆キッチン,中小候補,3
Penguin,3,1822,6144,1,140199413X,The Let Them Theory,https://www.amazon.co.jp/dp/140199413X,https://keepa.com/#!product/5-140199413X,https://www.google.com/search?q=Penguin%20%E4%BC%9A%E7%A4%BE%E6%A6%82%E8%A6%81%20%E5%95%8F%E3%81%84%E5%90%88%E3%82%8F%E3%81%9B%20%E5%8D%B8,洋書,中小候補,0
Brook,3,4305,8483,1,B0CFJR6T8J,Brook 2026年版 ポケモンGO 用 ポケットオートキャッチ LIGHT デュアルアカウント使用可能 2台同時接続 わずか10グラム 公式ブラックレザーケース 日本語説明書付,https://www.amazon.co.jp/dp/B0CFJR6T8J,https://keepa.com/#!product/5-B0CFJR6T8J,https://www.google.com/search?q=Brook%20%E4%BC%9A%E7%A4%BE%E6%A6%82%E8%A6%81%20%E5%95%8F%E3%81%84%E5%90%88%E3%82%8F%E3%81%9B%20%E5%8D%B8,ゲーム,中小候補,1
KT,3,5323,11890,1,B072NCGDCF,Champion Jockey Special - Switch,https://www.amazon.co.jp/dp/B072NCGDCF,https://keepa.com/#!product/5-B072NCGDCF,https://www.google.com/search?q=KT%20%E4%BC%9A%E7%A4%BE%E6%A6%82%E8%A6%81%20%E5%95%8F%E3%81%84%E5%90%88%E3%82%8F%E3%81%9B%20%E5%8D%B8,ゲーム,中小候補,0
レベルファイブ,3,3211,9880,1,B01M64246F,妖怪ウォッチ3 スシ/テンプラ バスターズTパック - 3DS,https://www.amazon.co.jp/dp/B01M64246F,https://keepa.com/#!product/5-B01M64246F,https://www.google.com/search?q=%E3%83%AC%E3%83%99%E3%83%AB%E3%83%95%E3%82%A1%E3%82%A4%E3%83%96%20%E4%BC%9A%E7%A4%BE%E6%A6%82%E8%A6%81%20%E5%95%8F%E3%81%84%E5%90%88%E3%82%8F%E3%81%9B%20%E5%8D%B8,ゲーム,中小候補,0
Biwin,3,7081,12980,1,B0DSVWX1VL,Biwin M100 1TB SSD 2.5インチ SATA III 高速550MB/s 内蔵SSD 高耐久 低消費電力 耐衝撃 PS4対応 メーカー3年保証,https://www.amazon.co.jp/dp/B0DSVWX1VL,https://keepa.com/#!product/5-B0DSVWX1VL,https://www.google.com/search?q=Biwin%20%E4%BC%9A%E7%A4%BE%E6%A6%82%E8%A6%81%20%E5%95%8F%E3%81%84%E5%90%88%E3%82%8F%E3%81%9B%20%E5%8D%B8,パソコン・周辺機器,中小候補,3
小学館,3,8365,15050,1,B002DE6U78,MONSTER 全18巻 完結コミックセット(ビッグコミックス),https://www.amazon.co.jp/dp/B002DE6U78,https://keepa.com/#!product/5-B002DE6U78,https://www.google.com/search?q=%E5%B0%8F%E5%AD%A6%E9%A4%A8%20%E4%BC%9A%E7%A4%BE%E6%A6%82%E8%A6%81%20%E5%95%8F%E3%81%84%E5%90%88%E3%82%8F%E3%81%9B%20%E5%8D%B8,本,中小候補,0
JIT,3,1820,3387,1,B0BTS7G7H6,ジット BC-360 / BC-361 ブラック/カラー リサイクル インクカートリッジ キヤノン Canon 対応 ブラック 1個 / カラー 1個 JIT-C360B-C361,https://www.amazon.co.jp/dp/B0BTS7G7H6,https://keepa.com/#!product/5-B0BTS7G7H6,https://www.google.com/search?q=JIT%20%E4%BC%9A%E7%A4%BE%E6%A6%82%E8%A6%81%20%E5%95%8F%E3%81%84%E5%90%88%E3%82%8F%E3%81%9B%20%E5%8D%B8,パソコン・周辺機器,大手/海外疑い,3
happilaff,3,1369,3995,1,B0DJ2MQGYK,【2026年プライム限定】 WiFiなしでも使える＆スマホ対応＆初心者向けプロジェクター 小型 家庭用 270°回転 32000LM高輝度 1080P HD 電動台形補正 自動スリ,https://www.amazon.co.jp/dp/B0DJ2MQGYK,https://keepa.com/#!product/5-B0DJ2MQGYK,https://www.google.com/search?q=happilaff%20%E4%BC%9A%E7%A4%BE%E6%A6%82%E8%A6%81%20%E5%95%8F%E3%81%84%E5%90%88%E3%82%8F%E3%81%9B%20%E5%8D%B8,ホーム＆キッチン,中小候補,3
Rolling Square,3,1968,3808,1,B0BKGR5B76,Rolling Square 【公式】inCharge XL 30cm 充電ケーブル マルチUSBケーブル 6-in-1 100W 超高速充電 スマホ タブレット ノートPC US,https://www.amazon.co.jp/dp/B0BKGR5B76,https://keepa.com/#!product/5-B0BKGR5B76,https://www.google.com/search?q=Rolling%20Square%20%E4%BC%9A%E7%A4%BE%E6%A6%82%E8%A6%81%20%E5%95%8F%E3%81%84%E5%90%88%E3%82%8F%E3%81%9B%20%E5%8D%B8,パソコン・周辺機器,中小候補,3
宝島社,3,910,5293,1,B0FG2ZTJ2P,リンネル 2025年10月号,https://www.amazon.co.jp/dp/B0FG2ZTJ2P,https://keepa.com/#!product/5-B0FG2ZTJ2P,https://www.google.com/search?q=%E5%AE%9D%E5%B3%B6%E7%A4%BE%20%E4%BC%9A%E7%A4%BE%E6%A6%82%E8%A6%81%20%E5%95%8F%E3%81%84%E5%90%88%E3%82%8F%E3%81%9B%20%E5%8D%B8,本,中小候補,0
Universal Pictures,3,2744,7809,1,B01MU5UIOJ,Battleship + Uv,https://www.amazon.co.jp/dp/B01MU5UIOJ,https://keepa.com/#!product/5-B01MU5UIOJ,https://www.google.com/search?q=Universal%20Pictures%20%E4%BC%9A%E7%A4%BE%E6%A6%82%E8%A6%81%20%E5%95%8F%E3%81%84%E5%90%88%E3%82%8F%E3%81%9B%20%E5%8D%B8,DVD,中小候補,0
BANDAI SPIRITS(バンダイ スピリッツ),3,2870,7980,1,B0BHKYCSTW,【2次受注用】 MG 機動戦士Zガンダム ゼータガンダム Ver.Ka 1/100スケール 色分け済みプラモデル,https://www.amazon.co.jp/dp/B0BHKYCSTW,https://keepa.com/#!product/5-B0BHKYCSTW,https://www.google.com/search?q=BANDAI%20SPIRITS%28%E3%83%90%E3%83%B3%E3%83%80%E3%82%A4%20%E3%82%B9%E3%83%94%E3%83%AA%E3%83%83%E3%83%84%29%20%E4%BC%9A%E7%A4%BE%E6%A6%82%E8%A6%81%20%E5%95%8F%E3%81%84%E5%90%88%E3%82%8F%E3%81%9B%20%E5%8D%B8,ホビー,大手/海外疑い,0
Krunia,3,5491,10119,1,B0DNZMCN1R,Krunia ディスプレイオーディオ 9.26インチ ワイヤレス CarPlay & Android Auto 対応 ポータブルカーオーディオ リアカメラ付き 駐車補助 高輝度IP,https://www.amazon.co.jp/dp/B0DNZMCN1R,https://keepa.com/#!product/5-B0DNZMCN1R,https://www.google.com/search?q=Krunia%20%E4%BC%9A%E7%A4%BE%E6%A6%82%E8%A6%81%20%E5%95%8F%E3%81%84%E5%90%88%E3%82%8F%E3%81%9B%20%E5%8D%B8,車＆バイク,中小候補,2
SanDisk,3,759,2352,2,B01LVZXTKT,microSDXC 128GB SanDisk サンディスク Extreme UHS-1 U3 V30 4K Ultra HD A2対応 SDアダプター付 [並行輸入品],https://www.amazon.co.jp/dp/B01LVZXTKT,https://keepa.com/#!product/5-B01LVZXTKT,https://www.google.com/search?q=SanDisk%20%E4%BC%9A%E7%A4%BE%E6%A6%82%E8%A6%81%20%E5%95%8F%E3%81%84%E5%90%88%E3%82%8F%E3%81%9B%20%E5%8D%B8,パソコン・周辺機器,大手/海外疑い,3
アイリスオーヤマ(IRIS OHYAMA),3,1177,4680,2,B0B2QMTTZZ,アイリスオーヤマ 伸縮ホースポータブル グレー 7m,https://www.amazon.co.jp/dp/B0B2QMTTZZ,https://keepa.com/#!product/5-B0B2QMTTZZ,https://www.google.com/search?q=%E3%82%A2%E3%82%A4%E3%83%AA%E3%82%B9%E3%82%AA%E3%83%BC%E3%83%A4%E3%83%9E%28IRIS%20OHYAMA%29%20%E4%BC%9A%E7%A4%BE%E6%A6%82%E8%A6%81%20%E5%95%8F%E3%81%84%E5%90%88%E3%82%8F%E3%81%9B%20%E5%8D%B8,DIY・工具・ガーデン,大手/海外疑い,1
Betenet,3,4441,8921,2,B0G2H15HQ7,電動ドライバー【1台4役・電動ドリルドライバー・ブラシレスモーター・60N.m・リアノック】電動ドリル 20+3段階トルク 無段変速 コンクリートビット スピード調節 リアノック ,https://www.amazon.co.jp/dp/B0G2H15HQ7,https://keepa.com/#!product/5-B0G2H15HQ7,https://www.google.com/search?q=Betenet%20%E4%BC%9A%E7%A4%BE%E6%A6%82%E8%A6%81%20%E5%95%8F%E3%81%84%E5%90%88%E3%82%8F%E3%81%9B%20%E5%8D%B8,DIY・工具・ガーデン,中小候補,2
ブシロード(BUSHIROAD),3,2135,5600,2,B0DTK8VTQ9,ヴァイスシュヴァルツブラウ ブースターパック ちいかわ Vol.2 BOX,https://www.amazon.co.jp/dp/B0DTK8VTQ9,https://keepa.com/#!product/5-B0DTK8VTQ9,https://www.google.com/search?q=%E3%83%96%E3%82%B7%E3%83%AD%E3%83%BC%E3%83%89%28BUSHIROAD%29%20%E4%BC%9A%E7%A4%BE%E6%A6%82%E8%A6%81%20%E5%95%8F%E3%81%84%E5%90%88%E3%82%8F%E3%81%9B%20%E5%8D%B8,おもちゃ,中小候補,0
Turtleback,3,3819,7276,2,0613371062,Harry Potter and the Prisoner of Azkaban,https://www.amazon.co.jp/dp/0613371062,https://keepa.com/#!product/5-0613371062,https://www.google.com/search?q=Turtleback%20%E4%BC%9A%E7%A4%BE%E6%A6%82%E8%A6%81%20%E5%95%8F%E3%81%84%E5%90%88%E3%82%8F%E3%81%9B%20%E5%8D%B8,洋書,中小候補,0
SBクリエイティブ,3,3353,13980,2,4815622884,令和版 Oh!X,https://www.amazon.co.jp/dp/4815622884,https://keepa.com/#!product/5-4815622884,https://www.google.com/search?q=SB%E3%82%AF%E3%83%AA%E3%82%A8%E3%82%A4%E3%83%86%E3%82%A3%E3%83%96%20%E4%BC%9A%E7%A4%BE%E6%A6%82%E8%A6%81%20%E5%95%8F%E3%81%84%E5%90%88%E3%82%8F%E3%81%9B%20%E5%8D%B8,本,中小候補,0
NBCユニバーサル・エンターテイメントジャパン(LAQ),3,10284,18000,2,B06XKKQB59,雲が描いた月明り Blu-ray SET1 130分特典映像DVDディスク付,https://www.amazon.co.jp/dp/B06XKKQB59,https://keepa.com/#!product/5-B06XKKQB59,https://www.google.com/search?q=NBC%E3%83%A6%E3%83%8B%E3%83%90%E3%83%BC%E3%82%B5%E3%83%AB%E3%83%BB%E3%82%A8%E3%83%B3%E3%82%BF%E3%83%BC%E3%83%86%E3%82%A4%E3%83%A1%E3%83%B3%E3%83%88%E3%82%B8%E3%83%A3%E3%83%91%E3%83%B3%28LAQ%29%20%E4%BC%9A%E7%A4%BE%E6%A6%82%E8%A6%81%20%E5%95%8F%E3%81%84%E5%90%88%E3%82%8F%E3%81%9B%20%E5%8D%B8,DVD,中小候補,0
Random House Books for Young Readers,3,3170,6749,2,1984845543,Who Moved My Cheese?: An A-Mazing Way to Deal with Change in Your Work and in Your Life,https://www.amazon.co.jp/dp/1984845543,https://keepa.com/#!product/5-1984845543,https://www.google.com/search?q=Random%20House%20Books%20for%20Young%20Readers%20%E4%BC%9A%E7%A4%BE%E6%A6%82%E8%A6%81%20%E5%95%8F%E3%81%84%E5%90%88%E3%82%8F%E3%81%9B%20%E5%8D%B8,洋書,中小候補,0
Johnny & Associates,3,5238,10000,2,B09VGTTX9N,【メーカー特典あり】Snow Man LIVE TOUR 2021 Mania(DVD4枚組)(初回盤)(外付け特典A付き),https://www.amazon.co.jp/dp/B09VGTTX9N,https://keepa.com/#!product/5-B09VGTTX9N,https://www.google.com/search?q=Johnny%20%26%20Associates%20%E4%BC%9A%E7%A4%BE%E6%A6%82%E8%A6%81%20%E5%95%8F%E3%81%84%E5%90%88%E3%82%8F%E3%81%9B%20%E5%8D%B8,DVD,中小候補,0
Paramount Home Entertainment,3,6551,14356,2,B00N1VJQ32,Indiana Jones and the Last Crusade - Zavvi Exclusive Limited Edition Steelbook Blu-ray,https://www.amazon.co.jp/dp/B00N1VJQ32,https://keepa.com/#!product/5-B00N1VJQ32,https://www.google.com/search?q=Paramount%20Home%20Entertainment%20%E4%BC%9A%E7%A4%BE%E6%A6%82%E8%A6%81%20%E5%95%8F%E3%81%84%E5%90%88%E3%82%8F%E3%81%9B%20%E5%8D%B8,DVD,中小候補,0
iface,3,1540,3168,2,B0G125V3W6,iFace BeBling 2 MagSafe対応 スマホリング MagSynq Ring Holder (クリア),https://www.amazon.co.jp/dp/B0G125V3W6,https://keepa.com/#!product/5-B0G125V3W6,https://www.google.com/search?q=iface%20%E4%BC%9A%E7%A4%BE%E6%A6%82%E8%A6%81%20%E5%95%8F%E3%81%84%E5%90%88%E3%82%8F%E3%81%9B%20%E5%8D%B8,家電＆カメラ,中小候補,3
ワーナーミュージック・ジャパン,3,3079,14550,2,B01MRZMOFB,KYOSUKE HIMURO LAST GIGS<初回BOX限定盤>(3DVD),https://www.amazon.co.jp/dp/B01MRZMOFB,https://keepa.com/#!product/5-B01MRZMOFB,https://www.google.com/search?q=%E3%83%AF%E3%83%BC%E3%83%8A%E3%83%BC%E3%83%9F%E3%83%A5%E3%83%BC%E3%82%B8%E3%83%83%E3%82%AF%E3%83%BB%E3%82%B8%E3%83%A3%E3%83%91%E3%83%B3%20%E4%BC%9A%E7%A4%BE%E6%A6%82%E8%A6%81%20%E5%95%8F%E3%81%84%E5%90%88%E3%82%8F%E3%81%9B%20%E5%8D%B8,DVD,中小候補,0
東宝,3,8321,15000,3,B07258TWJT,【Amazon.co.jp限定】「君の名は。」Blu-rayスペシャル・エディション3枚組(早期購入特典:特製フィルムしおり付き)(オリジナル特典:描き下ろしA4特製フレーム[高画,https://www.amazon.co.jp/dp/B07258TWJT,https://keepa.com/#!product/5-B07258TWJT,https://www.google.com/search?q=%E6%9D%B1%E5%AE%9D%20%E4%BC%9A%E7%A4%BE%E6%A6%82%E8%A6%81%20%E5%95%8F%E3%81%84%E5%90%88%E3%82%8F%E3%81%9B%20%E5%8D%B8,DVD,中小候補,0
Disney(ディズニー),3,3805,7759,3,B074HWSLNT,Independence Day (4K Ultra-HD) (+ Blu-Ray) [Import],https://www.amazon.co.jp/dp/B074HWSLNT,https://keepa.com/#!product/5-B074HWSLNT,https://www.google.com/search?q=Disney%28%E3%83%87%E3%82%A3%E3%82%BA%E3%83%8B%E3%83%BC%29%20%E4%BC%9A%E7%A4%BE%E6%A6%82%E8%A6%81%20%E5%95%8F%E3%81%84%E5%90%88%E3%82%8F%E3%81%9B%20%E5%8D%B8,DVD,中小候補,0
Leacco,2,1115,3048,1,B0G2Y2SPVH,双眼鏡 ライブ用 高倍率 15倍 オペラグラス 【業界先端BAK4光学レンズ&FMC多層コーティング】防振双眼鏡 超軽量134g コンパクト,https://www.amazon.co.jp/dp/B0G2Y2SPVH,https://keepa.com/#!product/5-B0G2Y2SPVH,https://www.google.com/search?q=Leacco%20%E4%BC%9A%E7%A4%BE%E6%A6%82%E8%A6%81%20%E5%95%8F%E3%81%84%E5%90%88%E3%82%8F%E3%81%9B%20%E5%8D%B8,家電＆カメラ,中小候補,2
Zeniss,2,603,1798,1,B0GGZCD6Y7,タイプc イヤホン 有線 HiFi 快適な装着感 type-c 有線イヤホン 絡み防止 遅延なし iphone17/15/16対応,https://www.amazon.co.jp/dp/B0GGZCD6Y7,https://keepa.com/#!product/5-B0GGZCD6Y7,https://www.google.com/search?q=Zeniss%20%E4%BC%9A%E7%A4%BE%E6%A6%82%E8%A6%81%20%E5%95%8F%E3%81%84%E5%90%88%E3%82%8F%E3%81%9B%20%E5%8D%B8,家電＆カメラ,中小候補,2
Ailewu,2,628,1704,1,B0BPSNB6W6,自撮り棒 【ミニ、安定モデル】スマホスタンド 三脚 スマホ デジカメ兼用 じどり棒 iphone&android対応 じどりぼう スマホ 三脚 コンパクト リモコン付き 携帯スタン,https://www.amazon.co.jp/dp/B0BPSNB6W6,https://keepa.com/#!product/5-B0BPSNB6W6,https://www.google.com/search?q=Ailewu%20%E4%BC%9A%E7%A4%BE%E6%A6%82%E8%A6%81%20%E5%95%8F%E3%81%84%E5%90%88%E3%82%8F%E3%81%9B%20%E5%8D%B8,家電＆カメラ,中小候補,2
TXWDFHL,2,431,1780,1,B0GBWZBMS5,【2026新登場&LCD画面】鼻毛カッター メンズ 替刃付き USB充電式 はな毛カッター はなげカッター バッテリー残量の表示 1台多役 エチケットカッター 電動 鼻毛切り 耳毛,https://www.amazon.co.jp/dp/B0GBWZBMS5,https://keepa.com/#!product/5-B0GBWZBMS5,https://www.google.com/search?q=TXWDFHL%20%E4%BC%9A%E7%A4%BE%E6%A6%82%E8%A6%81%20%E5%95%8F%E3%81%84%E5%90%88%E3%82%8F%E3%81%9B%20%E5%8D%B8,ホーム＆キッチン,中小候補,2
Negolas,2,543,2061,1,B09WQVRGLN,スマホ 三脚 iphone用 Bluetoothリモコン付き 3WAY雲台 4段階伸縮 最大長さ130cm 360°回転可能 スマートフォン 軽量 ミニ三脚 収納袋付き 持ち運び便,https://www.amazon.co.jp/dp/B09WQVRGLN,https://keepa.com/#!product/5-B09WQVRGLN,https://www.google.com/search?q=Negolas%20%E4%BC%9A%E7%A4%BE%E6%A6%82%E8%A6%81%20%E5%95%8F%E3%81%84%E5%90%88%E3%82%8F%E3%81%9B%20%E5%8D%B8,家電＆カメラ,中小候補,2
Tuwejia,2,574,1618,1,B07G44M4S3,2026高機能版 USB Type c HDMI アダプタタイプc H dmi 変換 Tuwejia４K 解像度 hdmiポートUSB 3.0高速ポートタイプ100W PD急速充電,https://www.amazon.co.jp/dp/B07G44M4S3,https://keepa.com/#!product/5-B07G44M4S3,https://www.google.com/search?q=Tuwejia%20%E4%BC%9A%E7%A4%BE%E6%A6%82%E8%A6%81%20%E5%95%8F%E3%81%84%E5%90%88%E3%82%8F%E3%81%9B%20%E5%8D%B8,家電＆カメラ,中小候補,2
basemax,2,437,1998,1,B0GGRG6DLW,【2026 新登場】ハンディクリーナー コードレス 強力吸引力 【吹き飛ぶ/吸い込む/空気入れ/空気抜き】 車用掃除機 4WAY多機能 大容量 Type-C 急速充電 LEDライト,https://www.amazon.co.jp/dp/B0GGRG6DLW,https://keepa.com/#!product/5-B0GGRG6DLW,https://www.google.com/search?q=basemax%20%E4%BC%9A%E7%A4%BE%E6%A6%82%E8%A6%81%20%E5%95%8F%E3%81%84%E5%90%88%E3%82%8F%E3%81%9B%20%E5%8D%B8,車＆バイク,中小候補,0
CITIZEN,2,454,1920,1,B002TOKEJM,シチズン歩数計 TW310-RD,https://www.amazon.co.jp/dp/B002TOKEJM,https://keepa.com/#!product/5-B002TOKEJM,https://www.google.com/search?q=CITIZEN%20%E4%BC%9A%E7%A4%BE%E6%A6%82%E8%A6%81%20%E5%95%8F%E3%81%84%E5%90%88%E3%82%8F%E3%81%9B%20%E5%8D%B8,スポーツ＆アウトドア,中小候補,0
Ralkepy,2,491,1580,1,B0D7L6QHGV,Ralkepy タッチペン 全機種対応 電量表示 スタイラスペン 磁気吸着機能 交換用ペン先3つ付属「日本語取扱説明書付き」(ホワイト),https://www.amazon.co.jp/dp/B0D7L6QHGV,https://keepa.com/#!product/5-B0D7L6QHGV,https://www.google.com/search?q=Ralkepy%20%E4%BC%9A%E7%A4%BE%E6%A6%82%E8%A6%81%20%E5%95%8F%E3%81%84%E5%90%88%E3%82%8F%E3%81%9B%20%E5%8D%B8,家電＆カメラ,中小候補,2
YOCOEI,2,577,1620,1,B0CRS24PMN,YOCOEI 40W USB急速充電器 (4ポート/折り畳み式/超コンパクト/iSonicおまかせ充電/PSE認証済み) iPhone/iPadシリーズ/Galaxy/Xperia,https://www.amazon.co.jp/dp/B0CRS24PMN,https://keepa.com/#!product/5-B0CRS24PMN,https://www.google.com/search?q=YOCOEI%20%E4%BC%9A%E7%A4%BE%E6%A6%82%E8%A6%81%20%E5%95%8F%E3%81%84%E5%90%88%E3%82%8F%E3%81%9B%20%E5%8D%B8,家電＆カメラ,中小候補,2
Hanmir,2,48,1556,1,B09KNBHZFY,バイクカバー 原付カバー 300D厚手 バイクカバー大型 耐熱 防水 撥水 紫外線防止 盗難防止 防風 防埃 防雨 防雪 265㎝まで対応 収納バッグ付き (XL),https://www.amazon.co.jp/dp/B09KNBHZFY,https://keepa.com/#!product/5-B09KNBHZFY,https://www.google.com/search?q=Hanmir%20%E4%BC%9A%E7%A4%BE%E6%A6%82%E8%A6%81%20%E5%95%8F%E3%81%84%E5%90%88%E3%82%8F%E3%81%9B%20%E5%8D%B8,車＆バイク,中小候補,0
GLAMERGY,2,546,1594,1,B0DCG6NRMD,マウス Bluetooth Type-C充電式 ワイヤレスマウス 2.4GHz光学式 3dpi切替 静音 薄型 小型 無線マウス 高精度 左右対称 持ち運び便利 TELEC認証取得,https://www.amazon.co.jp/dp/B0DCG6NRMD,https://keepa.com/#!product/5-B0DCG6NRMD,https://www.google.com/search?q=GLAMERGY%20%E4%BC%9A%E7%A4%BE%E6%A6%82%E8%A6%81%20%E5%95%8F%E3%81%84%E5%90%88%E3%82%8F%E3%81%9B%20%E5%8D%B8,パソコン・周辺機器,中小候補,2
Tufuha,2,1359,3051,1,B0DGLFS9BB,Tufuha TN32JXL 2本セット ブラザー 用 トナー TN32J brother用 hl-l2460dw dcp-l2660dw トナー,https://www.amazon.co.jp/dp/B0DGLFS9BB,https://keepa.com/#!product/5-B0DGLFS9BB,https://www.google.com/search?q=Tufuha%20%E4%BC%9A%E7%A4%BE%E6%A6%82%E8%A6%81%20%E5%95%8F%E3%81%84%E5%90%88%E3%82%8F%E3%81%9B%20%E5%8D%B8,パソコン・周辺機器,大手/海外疑い,2
KEEZING,2,812,2046,1,B0FJDNXRQL,KEEZING 超薄型 モバイルバッテリー MagSafe対応 軽量 小型 8000mAh ワイヤレス充電器 マグネット式 まぐせーふ 対応,https://www.amazon.co.jp/dp/B0FJDNXRQL,https://keepa.com/#!product/5-B0FJDNXRQL,https://www.google.com/search?q=KEEZING%20%E4%BC%9A%E7%A4%BE%E6%A6%82%E8%A6%81%20%E5%95%8F%E3%81%84%E5%90%88%E3%82%8F%E3%81%9B%20%E5%8D%B8,ホーム＆キッチン,中小候補,2
Hobbywing,2,2265,5060,1,B0CYP6VHMY,HOBBYWING QuicRUN-10BL120-G2-SENSORED BEC内蔵 4A/6V-7.4V【1/10用】 ホビーウィング ラジコン クイックラン quicrun ,https://www.amazon.co.jp/dp/B0CYP6VHMY,https://keepa.com/#!product/5-B0CYP6VHMY,https://www.google.com/search?q=Hobbywing%20%E4%BC%9A%E7%A4%BE%E6%A6%82%E8%A6%81%20%E5%95%8F%E3%81%84%E5%90%88%E3%82%8F%E3%81%9B%20%E5%8D%B8,おもちゃ,中小候補,0
Keypal,2,1142,2433,1,B0FPQCFYNL,イヤーカフ イヤホン bluetooth ワイヤレスイヤホン【究極の装着感！極上の音質！新次元のリスニング体験】オープンイヤーイヤホン 最先端Bluetooth5.4技術 Hi-F,https://www.amazon.co.jp/dp/B0FPQCFYNL,https://keepa.com/#!product/5-B0FPQCFYNL,https://www.google.com/search?q=Keypal%20%E4%BC%9A%E7%A4%BE%E6%A6%82%E8%A6%81%20%E5%95%8F%E3%81%84%E5%90%88%E3%82%8F%E3%81%9B%20%E5%8D%B8,家電＆カメラ,中小候補,2
Sanlao,2,1196,7149,1,B0FJ285HT1,【Amazon.co.jp限定】 業界初Bluetooth5.4 ヘッドホン bluetooth ワイヤレスヘッドホン ANCノイズキャンセリング 有線 無線 両用 最大35時間再,https://www.amazon.co.jp/dp/B0FJ285HT1,https://keepa.com/#!product/5-B0FJ285HT1,https://www.google.com/search?q=Sanlao%20%E4%BC%9A%E7%A4%BE%E6%A6%82%E8%A6%81%20%E5%95%8F%E3%81%84%E5%90%88%E3%82%8F%E3%81%9B%20%E5%8D%B8,家電＆カメラ,中小候補,2
Boleve,2,1938,5418,1,B0DTHTXM2J,プロジェクター 家庭用 小型【2026最新Android TV搭載＆270°回転】HiFiスピーカー 18000LM 1080P 4K対応 天井投影,https://www.amazon.co.jp/dp/B0DTHTXM2J,https://keepa.com/#!product/5-B0DTHTXM2J,https://www.google.com/search?q=Boleve%20%E4%BC%9A%E7%A4%BE%E6%A6%82%E8%A6%81%20%E5%95%8F%E3%81%84%E5%90%88%E3%82%8F%E3%81%9B%20%E5%8D%B8,家電＆カメラ,中小候補,2
Toyomii,2,2164,4299,1,B0FSSPVT5C,ソーラーモバイルバッテリー 大容量 40800mAh 【22.5W/PD18W急速充電 4本ケーブル内蔵】 6台同時充電 ソーラーチャージャー,https://www.amazon.co.jp/dp/B0FSSPVT5C,https://keepa.com/#!product/5-B0FSSPVT5C,https://www.google.com/search?q=Toyomii%20%E4%BC%9A%E7%A4%BE%E6%A6%82%E8%A6%81%20%E5%95%8F%E3%81%84%E5%90%88%E3%82%8F%E3%81%9B%20%E5%8D%B8,家電＆カメラ,中小候補,2
INTEX,2,402,3050,1,B0BB22N7XY,[ インテックス ] Intex レクタングラー プールカバー 300 × 200 × 20cm 28038/E Rectangular Pool Cover カバー 大型プール用,https://www.amazon.co.jp/dp/B0BB22N7XY,https://keepa.com/#!product/5-B0BB22N7XY,https://www.google.com/search?q=INTEX%20%E4%BC%9A%E7%A4%BE%E6%A6%82%E8%A6%81%20%E5%95%8F%E3%81%84%E5%90%88%E3%82%8F%E3%81%9B%20%E5%8D%B8,DIY・工具・ガーデン,中小候補,0
タカギ(Takagi),2,1174,3432,1,B07SLNCF59,タカギ（takagi） 浄水用カートリッジ 高除去性能タイプ JC0036ST,https://www.amazon.co.jp/dp/B07SLNCF59,https://keepa.com/#!product/5-B07SLNCF59,https://www.google.com/search?q=%E3%82%BF%E3%82%AB%E3%82%AE%28Takagi%29%20%E4%BC%9A%E7%A4%BE%E6%A6%82%E8%A6%81%20%E5%95%8F%E3%81%84%E5%90%88%E3%82%8F%E3%81%9B%20%E5%8D%B8,ホーム＆キッチン,中小候補,0
NEW ERA(ニューエラ),2,1612,3642,1,B0GJCX4BZS,New Era メッシュキャップ メンズ キャップ サイドロゴ 無地 帽子 9FORTY NewEra NE205 ベースボールキャップ ブラック 黒 Free Size [並行輸,https://www.amazon.co.jp/dp/B0GJCX4BZS,https://keepa.com/#!product/5-B0GJCX4BZS,https://www.google.com/search?q=NEW%20ERA%28%E3%83%8B%E3%83%A5%E3%83%BC%E3%82%A8%E3%83%A9%29%20%E4%BC%9A%E7%A4%BE%E6%A6%82%E8%A6%81%20%E5%95%8F%E3%81%84%E5%90%88%E3%82%8F%E3%81%9B%20%E5%8D%B8,ファッション,中小候補,0
KEEPRO,2,1614,3999,1,B0DMNYY821,KEEPRO ワイヤレス充電器 3in1 折り畳み式 Magsafe充電器 同時に3つのデバイス充電 15W/10W/7.5W マルチ充電スタンド マグセーフ充·電器 マグネット式,https://www.amazon.co.jp/dp/B0DMNYY821,https://keepa.com/#!product/5-B0DMNYY821,https://www.google.com/search?q=KEEPRO%20%E4%BC%9A%E7%A4%BE%E6%A6%82%E8%A6%81%20%E5%95%8F%E3%81%84%E5%90%88%E3%82%8F%E3%81%9B%20%E5%8D%B8,家電＆カメラ,大手/海外疑い,2
DUNLOP,2,1048,4244,1,B0CNJY7PX4,ダンロップゴルフボール SRIXON TRI-STAR4 2024年モデル 1ダース(12個入り) ロイヤルグリーン,https://www.amazon.co.jp/dp/B0CNJY7PX4,https://keepa.com/#!product/5-B0CNJY7PX4,https://www.google.com/search?q=DUNLOP%20%E4%BC%9A%E7%A4%BE%E6%A6%82%E8%A6%81%20%E5%95%8F%E3%81%84%E5%90%88%E3%82%8F%E3%81%9B%20%E5%8D%B8,スポーツ＆アウトドア,中小候補,0
SKYBASIC,2,1774,4109,1,B0G13SMWC7,SKYBASIC Wifi デジタル顕微鏡 2MP 50-1000倍電子顕微鏡 拡大鏡 ポータブルハンドヘルド顕微鏡カメラマイクロスコープ 、8 LED 、iPhone、Andro,https://www.amazon.co.jp/dp/B0G13SMWC7,https://keepa.com/#!product/5-B0G13SMWC7,https://www.google.com/search?q=SKYBASIC%20%E4%BC%9A%E7%A4%BE%E6%A6%82%E8%A6%81%20%E5%95%8F%E3%81%84%E5%90%88%E3%82%8F%E3%81%9B%20%E5%8D%B8,家電＆カメラ,中小候補,1
SPAHER,2,1496,4390,1,B0F5HMMYTL,[SPAHER] ショルダーバッグ メンズ 斜めがけ 撥水 軽量 小さめ 本革 縦型 メッセンジャーバッグ 肩掛けカバン 磁気 IPad収納 ビジネス バッグ 男性用 多機能 通勤,https://www.amazon.co.jp/dp/B0F5HMMYTL,https://keepa.com/#!product/5-B0F5HMMYTL,https://www.google.com/search?q=SPAHER%20%E4%BC%9A%E7%A4%BE%E6%A6%82%E8%A6%81%20%E5%95%8F%E3%81%84%E5%90%88%E3%82%8F%E3%81%9B%20%E5%8D%B8,ファッション,中小候補,0
ファイナル(final),2,3244,5980,1,B0DPK8XT5F,【final公式ストア限定】ag (エージー) COTSUBU for ASMR MK2 自分がダミーヘッドになったような臨場感 ASMR推薦 小型 軽量 IPX4 MEMSマイク,https://www.amazon.co.jp/dp/B0DPK8XT5F,https://keepa.com/#!product/5-B0DPK8XT5F,https://www.google.com/search?q=%E3%83%95%E3%82%A1%E3%82%A4%E3%83%8A%E3%83%AB%28final%29%20%E4%BC%9A%E7%A4%BE%E6%A6%82%E8%A6%81%20%E5%95%8F%E3%81%84%E5%90%88%E3%82%8F%E3%81%9B%20%E5%8D%B8,家電＆カメラ,中小候補,2
Augnner,2,1894,4999,1,B0F99Q5P9D,【2026新登場】ワイヤレス充電器 3 in 1 急速 MagSafe充電器 折りたたみ式 ワイヤレス充電ステーション ナイトライト付き 旅行 持ち運び便利マグセーフスタンド iP,https://www.amazon.co.jp/dp/B0F99Q5P9D,https://keepa.com/#!product/5-B0F99Q5P9D,https://www.google.com/search?q=Augnner%20%E4%BC%9A%E7%A4%BE%E6%A6%82%E8%A6%81%20%E5%95%8F%E3%81%84%E5%90%88%E3%82%8F%E3%81%9B%20%E5%8D%B8,家電＆カメラ,大手/海外疑い,2
NIKE(ナイキ),2,1342,3616,1,B09T6CFX8W,NIKE(ナイキ) NIKE メンズ トレーニングシューズバッグ ブラジリア9.5トレーニングシューズバッグ カジュアル スポーツ BRASILIA 9.5 TRAINING SH,https://www.amazon.co.jp/dp/B09T6CFX8W,https://keepa.com/#!product/5-B09T6CFX8W,https://www.google.com/search?q=NIKE%28%E3%83%8A%E3%82%A4%E3%82%AD%29%20%E4%BC%9A%E7%A4%BE%E6%A6%82%E8%A6%81%20%E5%95%8F%E3%81%84%E5%90%88%E3%82%8F%E3%81%9B%20%E5%8D%B8,ファッション,大手/海外疑い,0
Kemeskin,2,3367,5640,1,B0GK7MN552,骨伝導イヤホン bluetooth、Kemeskin 水泳 防水イヤホン IP68完全防水 32GBメモリ内蔵 最大8000曲 こつでんどうイヤホン bluetooth 5.4、8,https://www.amazon.co.jp/dp/B0GK7MN552,https://keepa.com/#!product/5-B0GK7MN552,https://www.google.com/search?q=Kemeskin%20%E4%BC%9A%E7%A4%BE%E6%A6%82%E8%A6%81%20%E5%95%8F%E3%81%84%E5%90%88%E3%82%8F%E3%81%9B%20%E5%8D%B8,家電＆カメラ,中小候補,2
Iosare,2,2406,5398,1,B0G4MPKHXQ,【2026新登場】掃除機 コードレス 25000pa超強力吸引 ハンディスティックク 超軽量 リーナー vacuum cleaner cordless そうじき 電気掃除機 2wa,https://www.amazon.co.jp/dp/B0G4MPKHXQ,https://keepa.com/#!product/5-B0G4MPKHXQ,https://www.google.com/search?q=Iosare%20%E4%BC%9A%E7%A4%BE%E6%A6%82%E8%A6%81%20%E5%95%8F%E3%81%84%E5%90%88%E3%82%8F%E3%81%9B%20%E5%8D%B8,ホーム＆キッチン,中小候補,2
BOS,2,2275,7635,1,B088B8YY5J,【うんちが臭わないトイレ】 BOS非常用トイレ (Bセット) 100回分 災害/携帯/簡易トイレ/防災グッズ/15年保存 ◆防臭 防菌◆ 臭わない袋BOS付き,https://www.amazon.co.jp/dp/B088B8YY5J,https://keepa.com/#!product/5-B088B8YY5J,https://www.google.com/search?q=BOS%20%E4%BC%9A%E7%A4%BE%E6%A6%82%E8%A6%81%20%E5%95%8F%E3%81%84%E5%90%88%E3%82%8F%E3%81%9B%20%E5%8D%B8,DIY・工具・ガーデン,中小候補,0
Listening Library,2,3586,7162,1,0807282324,Harry Potter and the Prisoner of Azkaban,https://www.amazon.co.jp/dp/0807282324,https://keepa.com/#!product/5-0807282324,https://www.google.com/search?q=Listening%20Library%20%E4%BC%9A%E7%A4%BE%E6%A6%82%E8%A6%81%20%E5%95%8F%E3%81%84%E5%90%88%E3%82%8F%E3%81%9B%20%E5%8D%B8,洋書,中小候補,0
Yaotin,2,4100,6924,1,B0GCNXP689,集音器 高齢者 しゅうおんき【2026進化版！革命的なデジタルチップ&高性能BA型スピーカー搭載！無段階音量調整】35倍増幅 AI自動降噪,https://www.amazon.co.jp/dp/B0GCNXP689,https://keepa.com/#!product/5-B0GCNXP689,https://www.google.com/search?q=Yaotin%20%E4%BC%9A%E7%A4%BE%E6%A6%82%E8%A6%81%20%E5%95%8F%E3%81%84%E5%90%88%E3%82%8F%E3%81%9B%20%E5%8D%B8,ホーム＆キッチン,中小候補,2
Pursay,2,3203,7780,1,B0FFBBXSQV,衣類スチーマー Pursay かけたまま スチームアイロン 100-240V 海外対応【濡れずにすぐに着られる×大量超微細スチーム】 ハンディ コンパクト シワ伸ばし 服 アイロン,https://www.amazon.co.jp/dp/B0FFBBXSQV,https://keepa.com/#!product/5-B0FFBBXSQV,https://www.google.com/search?q=Pursay%20%E4%BC%9A%E7%A4%BE%E6%A6%82%E8%A6%81%20%E5%95%8F%E3%81%84%E5%90%88%E3%82%8F%E3%81%9B%20%E5%8D%B8,ホーム＆キッチン,中小候補,2
YINCODI,2,4532,7597,1,B0FSS1VVGD,YINCODI プロジェクター 家庭用【業界初超小型＆軽量・Android TV 搭載・270°回転】 プロジェクター 小型 25000lm 1080P 天井投影 WiFi6 Bl,https://www.amazon.co.jp/dp/B0FSS1VVGD,https://keepa.com/#!product/5-B0FSS1VVGD,https://www.google.com/search?q=YINCODI%20%E4%BC%9A%E7%A4%BE%E6%A6%82%E8%A6%81%20%E5%95%8F%E3%81%84%E5%90%88%E3%82%8F%E3%81%9B%20%E5%8D%B8,家電＆カメラ,中小候補,2
WISHOLY,2,4394,11798,1,B0G5YZXSLL,WISHOLY プロジェクター 小型【Android TV搭載・270°回転】ぷろじぇくたー 家庭用 25000LM 1080P WiFi 6 プロジェクター 天井 Wi-Fi 自,https://www.amazon.co.jp/dp/B0G5YZXSLL,https://keepa.com/#!product/5-B0G5YZXSLL,https://www.google.com/search?q=WISHOLY%20%E4%BC%9A%E7%A4%BE%E6%A6%82%E8%A6%81%20%E5%95%8F%E3%81%84%E5%90%88%E3%82%8F%E3%81%9B%20%E5%8D%B8,家電＆カメラ,中小候補,2
CREATIVE,2,5080,8982,1,B0F52BNWB8,Creative Pebble Pro ブラック 出力 20W RMS ピーク出力60W PCスピーカー,https://www.amazon.co.jp/dp/B0F52BNWB8,https://keepa.com/#!product/5-B0F52BNWB8,https://www.google.com/search?q=CREATIVE%20%E4%BC%9A%E7%A4%BE%E6%A6%82%E8%A6%81%20%E5%95%8F%E3%81%84%E5%90%88%E3%82%8F%E3%81%9B%20%E5%8D%B8,パソコン・周辺機器,中小候補,2
キヤノン,2,4810,8235,1,B014GRU0IY,Canon 純正 インクカートリッジ BCI-371XL(BK/C/M/Y/GY)+370XL 6色マルチパック 大容量タイプ BCI-371XL+370XL/6MP,https://www.amazon.co.jp/dp/B014GRU0IY,https://keepa.com/#!product/5-B014GRU0IY,https://www.google.com/search?q=%E3%82%AD%E3%83%A4%E3%83%8E%E3%83%B3%20%E4%BC%9A%E7%A4%BE%E6%A6%82%E8%A6%81%20%E5%95%8F%E3%81%84%E5%90%88%E3%82%8F%E3%81%9B%20%E5%8D%B8,パソコン・周辺機器,大手/海外疑い,2
Boweer,2,3890,8098,1,B0CY4CLKMH,Boweer 除湿機 衣類乾燥 3L 大容量【マイナスイオン 鉄筋14畳 /木造７畳】除湿量1L/日 除湿器 部屋干し 湿気取り カビ対策 梅雨対策,https://www.amazon.co.jp/dp/B0CY4CLKMH,https://keepa.com/#!product/5-B0CY4CLKMH,https://www.google.com/search?q=Boweer%20%E4%BC%9A%E7%A4%BE%E6%A6%82%E8%A6%81%20%E5%95%8F%E3%81%84%E5%90%88%E3%82%8F%E3%81%9B%20%E5%8D%B8,ホーム＆キッチン,中小候補,2
ハイポネックス,2,7122,12500,1,B0BWDM2P34,ハイポネックス リキダス アンプル 30ml×10本 (30個入ケース販売),https://www.amazon.co.jp/dp/B0BWDM2P34,https://keepa.com/#!product/5-B0BWDM2P34,https://www.google.com/search?q=%E3%83%8F%E3%82%A4%E3%83%9D%E3%83%8D%E3%83%83%E3%82%AF%E3%82%B9%20%E4%BC%9A%E7%A4%BE%E6%A6%82%E8%A6%81%20%E5%95%8F%E3%81%84%E5%90%88%E3%82%8F%E3%81%9B%20%E5%8D%B8,DIY・工具・ガーデン,中小候補,0
Dr.'s care,2,3609,10525,1,B0DYZK2MN7,ドクターズケア 猫用キドニーケア チキンテイスト1.5kg,https://www.amazon.co.jp/dp/B0DYZK2MN7,https://keepa.com/#!product/5-B0DYZK2MN7,https://www.google.com/search?q=Dr.%27s%20care%20%E4%BC%9A%E7%A4%BE%E6%A6%82%E8%A6%81%20%E5%95%8F%E3%81%84%E5%90%88%E3%82%8F%E3%81%9B%20%E5%8D%B8,ペット用品,中小候補,0
SCYROX,2,6055,11800,1,B0GKH36WB5,SCYROX V6 軽量 ワイヤレスゲーミングマウス 40g Pixart 3950センサー 8k ドングル同梱済み kailhスイッチ版【日本正規代理店保証】 (ブルー),https://www.amazon.co.jp/dp/B0GKH36WB5,https://keepa.com/#!product/5-B0GKH36WB5,https://www.google.com/search?q=SCYROX%20%E4%BC%9A%E7%A4%BE%E6%A6%82%E8%A6%81%20%E5%95%8F%E3%81%84%E5%90%88%E3%82%8F%E3%81%9B%20%E5%8D%B8,パソコン・周辺機器,中小候補,2
Nextorage,2,7314,13334,1,B0BY43LX5G,Nextorage 日本メーカー UHS-II V60 SDXC SDカード 128GB 4K録画 F2SE,https://www.amazon.co.jp/dp/B0BY43LX5G,https://keepa.com/#!product/5-B0BY43LX5G,https://www.google.com/search?q=Nextorage%20%E4%BC%9A%E7%A4%BE%E6%A6%82%E8%A6%81%20%E5%95%8F%E3%81%84%E5%90%88%E3%82%8F%E3%81%9B%20%E5%8D%B8,パソコン・周辺機器,中小候補,2
Bmax,2,8232,13488,1,B0FP5BK51X,【タブレット 10インチ】-Android16 強化版 wi-fiモデル タブレット、高性能8コアCPU T7250搭載、24GB+128GB+2TB拡張、6000mAh大容量バッ,https://www.amazon.co.jp/dp/B0FP5BK51X,https://keepa.com/#!product/5-B0FP5BK51X,https://www.google.com/search?q=Bmax%20%E4%BC%9A%E7%A4%BE%E6%A6%82%E8%A6%81%20%E5%95%8F%E3%81%84%E5%90%88%E3%82%8F%E3%81%9B%20%E5%8D%B8,パソコン・周辺機器,中小候補,2
ビーイング,2,8081,15240,1,B01IVNMRIU,劇場版 名探偵コナン 純黒の悪夢(ナイトメア)(初回限定盤)[DVD],https://www.amazon.co.jp/dp/B01IVNMRIU,https://keepa.com/#!product/5-B01IVNMRIU,https://www.google.com/search?q=%E3%83%93%E3%83%BC%E3%82%A4%E3%83%B3%E3%82%B0%20%E4%BC%9A%E7%A4%BE%E6%A6%82%E8%A6%81%20%E5%95%8F%E3%81%84%E5%90%88%E3%82%8F%E3%81%9B%20%E5%8D%B8,DVD,中小候補,0
シー・エフ・デー販売,2,8094,16980,1,B0DQCC4CTB,リアルテック SSD 外付け 500GB スティック型 読込最大 450MB/秒 PS5/PS4対応(メーカー動作確認済) USB3.2Gen1 Type-A ブラック Realt,https://www.amazon.co.jp/dp/B0DQCC4CTB,https://keepa.com/#!product/5-B0DQCC4CTB,https://www.google.com/search?q=%E3%82%B7%E3%83%BC%E3%83%BB%E3%82%A8%E3%83%95%E3%83%BB%E3%83%87%E3%83%BC%E8%B2%A9%E5%A3%B2%20%E4%BC%9A%E7%A4%BE%E6%A6%82%E8%A6%81%20%E5%95%8F%E3%81%84%E5%90%88%E3%82%8F%E3%81%9B%20%E5%8D%B8,パソコン・周辺機器,中小候補,2
Veoyads,2,7096,13100,1,B0F2MCKSB3,VEOYADS HIPL 脱毛器【ドイツのiFデザイン賞受賞 サファイア技術搭載 瞬間10℃ほぼ無痛】150万発 5段階 8分脱毛完成 PSE認証済み,https://www.amazon.co.jp/dp/B0F2MCKSB3,https://keepa.com/#!product/5-B0F2MCKSB3,https://www.google.com/search?q=Veoyads%20%E4%BC%9A%E7%A4%BE%E6%A6%82%E8%A6%81%20%E5%95%8F%E3%81%84%E5%90%88%E3%82%8F%E3%81%9B%20%E5%8D%B8,ホーム＆キッチン,中小候補,2
Edifier,2,8102,14006,1,B09DKV849B,Edifier MR4 42W 2.0ch PC アクティブニアフィールドモニタースピーカー | 4 インチ中低音ユニット アンプ 内蔵 音質高,https://www.amazon.co.jp/dp/B09DKV849B,https://keepa.com/#!product/5-B09DKV849B,https://www.google.com/search?q=Edifier%20%E4%BC%9A%E7%A4%BE%E6%A6%82%E8%A6%81%20%E5%95%8F%E3%81%84%E5%90%88%E3%82%8F%E3%81%9B%20%E5%8D%B8,家電＆カメラ,中小候補,1
ホリ,2,5184,10480,1,B0DWWCG42V,【最新アップデート適用済み】ホリ ファイティングコマンダーOCTA Pro 天面6ボタン SPF-040【SONYライセンス商品】,https://www.amazon.co.jp/dp/B0DWWCG42V,https://keepa.com/#!product/5-B0DWWCG42V,https://www.google.com/search?q=%E3%83%9B%E3%83%AA%20%E4%BC%9A%E7%A4%BE%E6%A6%82%E8%A6%81%20%E5%95%8F%E3%81%84%E5%90%88%E3%82%8F%E3%81%9B%20%E5%8D%B8,ゲーム,大手/海外疑い,1
エプソン,2,5654,11900,1,B00S9AOCHK,エプソン スキャナー GT-S650 (フラットベッド/A4/4800dpi),https://www.amazon.co.jp/dp/B00S9AOCHK,https://keepa.com/#!product/5-B00S9AOCHK,https://www.google.com/search?q=%E3%82%A8%E3%83%97%E3%82%BD%E3%83%B3%20%E4%BC%9A%E7%A4%BE%E6%A6%82%E8%A6%81%20%E5%95%8F%E3%81%84%E5%90%88%E3%82%8F%E3%81%9B%20%E5%8D%B8,パソコン・周辺機器,大手/海外疑い,2
DEPSTECH,2,5830,10816,1,B0FKTKJTJQ,DEPSTECH 先端可動式 ファイバースコープ 6.2MM極細 5インチIPSモニター 210°双方向回転 レバー式 1080P 1.5Mケーブル,https://www.amazon.co.jp/dp/B0FKTKJTJQ,https://keepa.com/#!product/5-B0FKTKJTJQ,https://www.google.com/search?q=DEPSTECH%20%E4%BC%9A%E7%A4%BE%E6%A6%82%E8%A6%81%20%E5%95%8F%E3%81%84%E5%90%88%E3%82%8F%E3%81%9B%20%E5%8D%B8,産業・研究開発用品,中小候補,0
Capitol,2,8088,15400,1,B0D7ZRQNCV,Travis Japan Concert Tour 2024 “Road to Authenticity“ (完全生産限定盤)(2枚組) [DVD],https://www.amazon.co.jp/dp/B0D7ZRQNCV,https://keepa.com/#!product/5-B0D7ZRQNCV,https://www.google.com/search?q=Capitol%20%E4%BC%9A%E7%A4%BE%E6%A6%82%E8%A6%81%20%E5%95%8F%E3%81%84%E5%90%88%E3%82%8F%E3%81%9B%20%E5%8D%B8,DVD,中小候補,0
Jabra(ジャブラ),2,11038,17314,1,B0BWKDDXTR,Jabra Speak2 55 [国内正規品] 会議用マイクスピーカー 最新ノイズキャンセリング機能 有線/無線接続 MS Teams/Zoom 最先端ビームフォーミングマイク 5,https://www.amazon.co.jp/dp/B0BWKDDXTR,https://keepa.com/#!product/5-B0BWKDDXTR,https://www.google.com/search?q=Jabra%28%E3%82%B8%E3%83%A3%E3%83%96%E3%83%A9%29%20%E4%BC%9A%E7%A4%BE%E6%A6%82%E8%A6%81%20%E5%95%8F%E3%81%84%E5%90%88%E3%82%8F%E3%81%9B%20%E5%8D%B8,パソコン・周辺機器,中小候補,2
iWIMIUS,2,12288,18914,1,B0F21KVBHN,プロジェクター 家庭用 【Netflix&DoIby&4K対応】750ASNI 高輝度【自動フォーカス＆自動台形補正】ポータブルプロジェクター内蔵 Netflix/YouTube/,https://www.amazon.co.jp/dp/B0F21KVBHN,https://keepa.com/#!product/5-B0F21KVBHN,https://www.google.com/search?q=iWIMIUS%20%E4%BC%9A%E7%A4%BE%E6%A6%82%E8%A6%81%20%E5%95%8F%E3%81%84%E5%90%88%E3%82%8F%E3%81%9B%20%E5%8D%B8,家電＆カメラ,中小候補,2
Marshall,2,9806,17980,1,B0DD7T8H2Q,Marshall ワイヤレスポータブル防水スピーカー Willen II ブラック&ブラス 連続再生17時間/IP67防水仕様/超小型/急速充電 【国内正規品】,https://www.amazon.co.jp/dp/B0DD7T8H2Q,https://keepa.com/#!product/5-B0DD7T8H2Q,https://www.google.com/search?q=Marshall%20%E4%BC%9A%E7%A4%BE%E6%A6%82%E8%A6%81%20%E5%95%8F%E3%81%84%E5%90%88%E3%82%8F%E3%81%9B%20%E5%8D%B8,家電＆カメラ,中小候補,2
BACOENG,2,8551,16499,1,B0DZFPWKMH,BACOENG 3.6CFM 1/4HP 真空ポンプ マニホールドゲージ R32 R134A R410A R407C カー・家庭用エアコン修理キット,https://www.amazon.co.jp/dp/B0DZFPWKMH,https://keepa.com/#!product/5-B0DZFPWKMH,https://www.google.com/search?q=BACOENG%20%E4%BC%9A%E7%A4%BE%E6%A6%82%E8%A6%81%20%E5%95%8F%E3%81%84%E5%90%88%E3%82%8F%E3%81%9B%20%E5%8D%B8,車＆バイク,中小候補,0
コムテック(COMTEC),2,8876,18990,1,B097TLQGCL,コムテック 車用 ドライブレコーダー 1カメラタイプ HDR204G 200万画素 Full HD 広角168° microSDカードメンテナンスフリー対応 32GBmicroSD,https://www.amazon.co.jp/dp/B097TLQGCL,https://keepa.com/#!product/5-B097TLQGCL,https://www.google.com/search?q=%E3%82%B3%E3%83%A0%E3%83%86%E3%83%83%E3%82%AF%28COMTEC%29%20%E4%BC%9A%E7%A4%BE%E6%A6%82%E8%A6%81%20%E5%95%8F%E3%81%84%E5%90%88%E3%82%8F%E3%81%9B%20%E5%8D%B8,車＆バイク,中小候補,0
HIKMICRO,2,9742,19490,1,B0DKWPDK7G,HIKMICRO MiniE サーモグラフィー サーマルカメラ 赤外線カメラ スマホ用- iOS/Android、192×192 SuperIR 画像強化、25Hzフレームレート、,https://www.amazon.co.jp/dp/B0DKWPDK7G,https://keepa.com/#!product/5-B0DKWPDK7G,https://www.google.com/search?q=HIKMICRO%20%E4%BC%9A%E7%A4%BE%E6%A6%82%E8%A6%81%20%E5%95%8F%E3%81%84%E5%90%88%E3%82%8F%E3%81%9B%20%E5%8D%B8,産業・研究開発用品,中小候補,0
カプコン(CAPCOM),2,3804,13050,1,B0FY4QGRYT,バイオハザード レクイエム デラックスエディション【早期購入特典】グレース コスチューム「APOCALYPSE」が入手できるダウンロードコード 同梱,https://www.amazon.co.jp/dp/B0FY4QGRYT,https://keepa.com/#!product/5-B0FY4QGRYT,https://www.google.com/search?q=%E3%82%AB%E3%83%97%E3%82%B3%E3%83%B3%28CAPCOM%29%20%E4%BC%9A%E7%A4%BE%E6%A6%82%E8%A6%81%20%E5%95%8F%E3%81%84%E5%90%88%E3%82%8F%E3%81%9B%20%E5%8D%B8,ゲーム,中小候補,0
HOUOA,2,1108,2754,1,B0BXGPLPBF,HOUOA ワイヤレス充電器 3in1 急速充電15W/10W/7.5W 同時にiPhone/iWatch/Airpodsに互換性 iPhone17/17Air/17Pro /17,https://www.amazon.co.jp/dp/B0BXGPLPBF,https://keepa.com/#!product/5-B0BXGPLPBF,https://www.google.com/search?q=HOUOA%20%E4%BC%9A%E7%A4%BE%E6%A6%82%E8%A6%81%20%E5%95%8F%E3%81%84%E5%90%88%E3%82%8F%E3%81%9B%20%E5%8D%B8,家電＆カメラ,中小候補,2
RiDATA,2,2148,4980,1,B0BLN8S2BV,・RiDATA 1回録画用 片面2層 1-4倍速 ブルーレイディスク 50GB スピンドルケース 20枚入 ホワイトプリンタブル RiTEK BD-R DL BR260EPW4X.,https://www.amazon.co.jp/dp/B0BLN8S2BV,https://keepa.com/#!product/5-B0BLN8S2BV,https://www.google.com/search?q=RiDATA%20%E4%BC%9A%E7%A4%BE%E6%A6%82%E8%A6%81%20%E5%95%8F%E3%81%84%E5%90%88%E3%82%8F%E3%81%9B%20%E5%8D%B8,パソコン・周辺機器,中小候補,2
ZYQ,2,784,2840,1,B0GCHYQW11,枕 まくら 腕をやさしくサポート 首が痛くならない 快眠 低反発枕 頭・首・肩を支える 仰向け・横向き・うつぶせ対応 3D人間工学設計 安眠枕 低め・高め調整可能 ネックピロー 通,https://www.amazon.co.jp/dp/B0GCHYQW11,https://keepa.com/#!product/5-B0GCHYQW11,https://www.google.com/search?q=ZYQ%20%E4%BC%9A%E7%A4%BE%E6%A6%82%E8%A6%81%20%E5%95%8F%E3%81%84%E5%90%88%E3%82%8F%E3%81%9B%20%E5%8D%B8,ホーム＆キッチン,中小候補,0
コンテンツ・ファクトリー,2,1092,3025,1,4904256050,ドキュメント・コミュニケーションの全体観 上巻 原則と手順,https://www.amazon.co.jp/dp/4904256050,https://keepa.com/#!product/5-4904256050,https://www.google.com/search?q=%E3%82%B3%E3%83%B3%E3%83%86%E3%83%B3%E3%83%84%E3%83%BB%E3%83%95%E3%82%A1%E3%82%AF%E3%83%88%E3%83%AA%E3%83%BC%20%E4%BC%9A%E7%A4%BE%E6%A6%82%E8%A6%81%20%E5%95%8F%E3%81%84%E5%90%88%E3%82%8F%E3%81%9B%20%E5%8D%B8,本,中小候補,0
Kachiari,2,1427,4160,1,B0DLT44228,Kachiari(カチアリ) 電動ドライバー KA-9 18V対応 40N.m 家具組立 ネジ締め 本体のみ,https://www.amazon.co.jp/dp/B0DLT44228,https://keepa.com/#!product/5-B0DLT44228,https://www.google.com/search?q=Kachiari%20%E4%BC%9A%E7%A4%BE%E6%A6%82%E8%A6%81%20%E5%95%8F%E3%81%84%E5%90%88%E3%82%8F%E3%81%9B%20%E5%8D%B8,DIY・工具・ガーデン,中小候補,0
Beanet,2,2081,4894,1,B0CZ3L2DKP,BeaNet デスクライト LED 「無線リモコン・ダブル光源・幅800mm・24W・2000Lx」 5段階調光調色 電気スタンド クランプ「PSE認証済」 幅広 スタンドライト ,https://www.amazon.co.jp/dp/B0CZ3L2DKP,https://keepa.com/#!product/5-B0CZ3L2DKP,https://www.google.com/search?q=Beanet%20%E4%BC%9A%E7%A4%BE%E6%A6%82%E8%A6%81%20%E5%95%8F%E3%81%84%E5%90%88%E3%82%8F%E3%81%9B%20%E5%8D%B8,ホーム＆キッチン,中小候補,2
KAYOTOYS カヨトイズ,2,1212,3640,1,B0F5TX3NGZ,カヨトイズ パウ・パトロール バブルシューター 電動 シャボン玉 バブルガン 自動 タンク式 LEDライト 子ども おもちゃ,https://www.amazon.co.jp/dp/B0F5TX3NGZ,https://keepa.com/#!product/5-B0F5TX3NGZ,https://www.google.com/search?q=KAYOTOYS%20%E3%82%AB%E3%83%A8%E3%83%88%E3%82%A4%E3%82%BA%20%E4%BC%9A%E7%A4%BE%E6%A6%82%E8%A6%81%20%E5%95%8F%E3%81%84%E5%90%88%E3%82%8F%E3%81%9B%20%E5%8D%B8,おもちゃ,中小候補,1
アステッキホールディングス株式会社,2,2726,5940,1,4909470026,呼吸療法認定士受験必修予想問題集【アプリ付き】2026年度版,https://www.amazon.co.jp/dp/4909470026,https://keepa.com/#!product/5-4909470026,https://www.google.com/search?q=%E3%82%A2%E3%82%B9%E3%83%86%E3%83%83%E3%82%AD%E3%83%9B%E3%83%BC%E3%83%AB%E3%83%87%E3%82%A3%E3%83%B3%E3%82%B0%E3%82%B9%E6%A0%AA%E5%BC%8F%E4%BC%9A%E7%A4%BE%20%E4%BC%9A%E7%A4%BE%E6%A6%82%E8%A6%81%20%E5%95%8F%E3%81%84%E5%90%88%E3%82%8F%E3%81%9B%20%E5%8D%B8,本,中小候補,0
Aiolo Innovation,2,4398,8821,1,B0CF4SQY1X,AIOLO INNOVATION 500GB 外付け ハードディスク USB3.0超薄型ポータブル外付けHDD,https://www.amazon.co.jp/dp/B0CF4SQY1X,https://keepa.com/#!product/5-B0CF4SQY1X,https://www.google.com/search?q=Aiolo%20Innovation%20%E4%BC%9A%E7%A4%BE%E6%A6%82%E8%A6%81%20%E5%95%8F%E3%81%84%E5%90%88%E3%82%8F%E3%81%9B%20%E5%8D%B8,パソコン・周辺機器,中小候補,2
アセキ,2,3355,6973,1,B09MD4LBF3,"アセキ ジューサー スロージューサー 搾りカス分離 低速回転 小型 ミキサー 高い搾汁率 酸化しにくい 取り付け簡単(ブラック, Mサイズ)",https://www.amazon.co.jp/dp/B09MD4LBF3,https://keepa.com/#!product/5-B09MD4LBF3,https://www.google.com/search?q=%E3%82%A2%E3%82%BB%E3%82%AD%20%E4%BC%9A%E7%A4%BE%E6%A6%82%E8%A6%81%20%E5%95%8F%E3%81%84%E5%90%88%E3%82%8F%E3%81%9B%20%E5%8D%B8,ホーム＆キッチン,中小候補,0
Mzyxxel,2,3690,7297,1,B0GCG5HG1C,マグネットブロック 330 Pcs 磁石ブロック 磁石おもち マグネットおもちゃ 子供知育玩具 男の子女の子 学習教育用 建設玩具 誕生日プレゼント クリスマス ギフト 贈り物,https://www.amazon.co.jp/dp/B0GCG5HG1C,https://keepa.com/#!product/5-B0GCG5HG1C,https://www.google.com/search?q=Mzyxxel%20%E4%BC%9A%E7%A4%BE%E6%A6%82%E8%A6%81%20%E5%95%8F%E3%81%84%E5%90%88%E3%82%8F%E3%81%9B%20%E5%8D%B8,おもちゃ,中小候補,0
経済法令研究会,2,1020,7003,1,4766873963,財務3級 問題解説集 2026年3月受験用,https://www.amazon.co.jp/dp/4766873963,https://keepa.com/#!product/5-4766873963,https://www.google.com/search?q=%E7%B5%8C%E6%B8%88%E6%B3%95%E4%BB%A4%E7%A0%94%E7%A9%B6%E4%BC%9A%20%E4%BC%9A%E7%A4%BE%E6%A6%82%E8%A6%81%20%E5%95%8F%E3%81%84%E5%90%88%E3%82%8F%E3%81%9B%20%E5%8D%B8,本,中小候補,0
Yorano,2,4050,8490,1,B0CFF69WDB,低温調理器 APP遠隔操作 1100Wハイパワー 低温調理器具 真空調理器 スロークッカー レシピ付き 低温調理 IPX7防水 タッチパネル,https://www.amazon.co.jp/dp/B0CFF69WDB,https://keepa.com/#!product/5-B0CFF69WDB,https://www.google.com/search?q=Yorano%20%E4%BC%9A%E7%A4%BE%E6%A6%82%E8%A6%81%20%E5%95%8F%E3%81%84%E5%90%88%E3%82%8F%E3%81%9B%20%E5%8D%B8,ホーム＆キッチン,中小候補,2
Lamake,2,3406,6858,1,B07C36NJ6M,Lamake 改良版 超超明るい 4400mAh大容量バッテリー内蔵 センサーライト ソーラー充電 三つ照明モード 明暗センサー 取付簡単 地震/台風/津波など災害時用緊急ライト ,https://www.amazon.co.jp/dp/B07C36NJ6M,https://keepa.com/#!product/5-B07C36NJ6M,https://www.google.com/search?q=Lamake%20%E4%BC%9A%E7%A4%BE%E6%A6%82%E8%A6%81%20%E5%95%8F%E3%81%84%E5%90%88%E3%82%8F%E3%81%9B%20%E5%8D%B8,DIY・工具・ガーデン,中小候補,2
富士フイルム(FUJIFILM),2,3722,6747,1,B00JDOZB6C,富士フイルム フジカラー 200 カラーネガフィルム ISO 200 35mm サイズ 36枚撮り CA-36 3個パック,https://www.amazon.co.jp/dp/B00JDOZB6C,https://keepa.com/#!product/5-B00JDOZB6C,https://www.google.com/search?q=%E5%AF%8C%E5%A3%AB%E3%83%95%E3%82%A4%E3%83%AB%E3%83%A0%28FUJIFILM%29%20%E4%BC%9A%E7%A4%BE%E6%A6%82%E8%A6%81%20%E5%95%8F%E3%81%84%E5%90%88%E3%82%8F%E3%81%9B%20%E5%8D%B8,家電＆カメラ,中小候補,2
COMEDYKING,2,5173,9456,1,B0DJWH7XD1,COMEDYKING EMS ピロー 【日本で人気！5つ機能付き】 リモコン付き 簡単操作 PC作業 テレワーク 運動 家事 育児 誕生日プレゼント女性 母親 誕生日プレゼント 敬,https://www.amazon.co.jp/dp/B0DJWH7XD1,https://keepa.com/#!product/5-B0DJWH7XD1,https://www.google.com/search?q=COMEDYKING%20%E4%BC%9A%E7%A4%BE%E6%A6%82%E8%A6%81%20%E5%95%8F%E3%81%84%E5%90%88%E3%82%8F%E3%81%9B%20%E5%8D%B8,ホーム＆キッチン,中小候補,2
OOFOS(ウーフォス),2,5203,12410,1,B0D4LPQB5D,[ウーフォス]サンダル ミュール ウーメガ リカバリーサンダル ブラック メンズ レディース OOFOS OOMEGA BLK OOMEGA RECOVERY SANDALS BL,https://www.amazon.co.jp/dp/B0D4LPQB5D,https://keepa.com/#!product/5-B0D4LPQB5D,https://www.google.com/search?q=OOFOS%28%E3%82%A6%E3%83%BC%E3%83%95%E3%82%A9%E3%82%B9%29%20%E4%BC%9A%E7%A4%BE%E6%A6%82%E8%A6%81%20%E5%95%8F%E3%81%84%E5%90%88%E3%82%8F%E3%81%9B%20%E5%8D%B8,ファッション,中小候補,0
Ci-Fotto,2,8256,13842,1,B0CHWFJ234,LEDフォトビデオライト2パック、Ci-Fotto調光5600K USB LED連続光撮影ライト、三脚とカラーフィルター付き、フォトスタジオ、YouTube、TikTok、ビデオ録,https://www.amazon.co.jp/dp/B0CHWFJ234,https://keepa.com/#!product/5-B0CHWFJ234,https://www.google.com/search?q=Ci-Fotto%20%E4%BC%9A%E7%A4%BE%E6%A6%82%E8%A6%81%20%E5%95%8F%E3%81%84%E5%90%88%E3%82%8F%E3%81%9B%20%E5%8D%B8,家電＆カメラ,中小候補,2
GOYOJO,2,5552,10888,1,B0DX1PQCZR,GOYOJO サーモグラフィー サーマルカメラ 赤外線カメラ iOS15.0以上／Android7.0以上対応 192x192 IR解像度、25Hzフレームレート、-20°C～40,https://www.amazon.co.jp/dp/B0DX1PQCZR,https://keepa.com/#!product/5-B0DX1PQCZR,https://www.google.com/search?q=GOYOJO%20%E4%BC%9A%E7%A4%BE%E6%A6%82%E8%A6%81%20%E5%95%8F%E3%81%84%E5%90%88%E3%82%8F%E3%81%9B%20%E5%8D%B8,産業・研究開発用品,中小候補,0
viangs,2,878,2705,1,B0GF7WY8VV,内転筋トレーニング器具 【無段階負荷調整＆LCDディスプレイ搭載】 骨盤底筋 ないてんきん 筋トレ 太もも 痩せ 【理学療法士監修】,https://www.amazon.co.jp/dp/B0GF7WY8VV,https://keepa.com/#!product/5-B0GF7WY8VV,https://www.google.com/search?q=viangs%20%E4%BC%9A%E7%A4%BE%E6%A6%82%E8%A6%81%20%E5%95%8F%E3%81%84%E5%90%88%E3%82%8F%E3%81%9B%20%E5%8D%B8,スポーツ＆アウトドア,中小候補,0
JASON MARKK(ジェイソンマーク),2,940,2970,1,B00D12KGVW,【ジェイソンマーク】 JASON MARKK ESSENTIAL KIT スニーカー クリーナー ( ディープクリーニングソリューション 118ml & スタンダードクリーニングブ,https://www.amazon.co.jp/dp/B00D12KGVW,https://keepa.com/#!product/5-B00D12KGVW,https://www.google.com/search?q=JASON%20MARKK%28%E3%82%B8%E3%82%A7%E3%82%A4%E3%82%BD%E3%83%B3%E3%83%9E%E3%83%BC%E3%82%AF%29%20%E4%BC%9A%E7%A4%BE%E6%A6%82%E8%A6%81%20%E5%95%8F%E3%81%84%E5%90%88%E3%82%8F%E3%81%9B%20%E5%8D%B8,ファッション,中小候補,0
モリドライブ(MORIDRIVE),2,682,5575,1,B08QVJWS85,モリドライブ エンジンオイル サイレントプラス 5W-30 3L SP GF-6A 全合成油 四輪車 軽自動車 ルート産業 MORIDRIVE,https://www.amazon.co.jp/dp/B08QVJWS85,https://keepa.com/#!product/5-B08QVJWS85,https://www.google.com/search?q=%E3%83%A2%E3%83%AA%E3%83%89%E3%83%A9%E3%82%A4%E3%83%96%28MORIDRIVE%29%20%E4%BC%9A%E7%A4%BE%E6%A6%82%E8%A6%81%20%E5%95%8F%E3%81%84%E5%90%88%E3%82%8F%E3%81%9B%20%E5%8D%B8,車＆バイク,中小候補,0
BabySmile,2,3126,5996,1,B0DPM1YBZH,ベビースマイル ハンズフリー電動さく乳器 E-401 搾乳器 母乳搾乳器 USB充電 静音 9段階調整 ウェアラブル 両手フリー ベビー用品 出産準備 出産祝い,https://www.amazon.co.jp/dp/B0DPM1YBZH,https://keepa.com/#!product/5-B0DPM1YBZH,https://www.google.com/search?q=BabySmile%20%E4%BC%9A%E7%A4%BE%E6%A6%82%E8%A6%81%20%E5%95%8F%E3%81%84%E5%90%88%E3%82%8F%E3%81%9B%20%E5%8D%B8,ベビー＆マタニティ,中小候補,0
Tibnozt,2,3090,6156,1,B0G5PXZ8ND,Tibnozt EMS ヘッドスパ 電動頭皮ブラシ IPX7防水 3D振動 広範囲赤色LED 頭皮エステ スカルプケア フェイスケア 美容家電,https://www.amazon.co.jp/dp/B0G5PXZ8ND,https://keepa.com/#!product/5-B0G5PXZ8ND,https://www.google.com/search?q=Tibnozt%20%E4%BC%9A%E7%A4%BE%E6%A6%82%E8%A6%81%20%E5%95%8F%E3%81%84%E5%90%88%E3%82%8F%E3%81%9B%20%E5%8D%B8,ホーム＆キッチン,中小候補,2
adidas Originals,2,2558,5500,1,B0G8ZX9BF5,[アディダス] オリジナルス ORIGINALS アディダス 3-STRIPES TEE スリーストライプ Tシャツ ユニセックス Tシャツ 半袖Tシャツ KE3537 KE353,https://www.amazon.co.jp/dp/B0G8ZX9BF5,https://keepa.com/#!product/5-B0G8ZX9BF5,https://www.google.com/search?q=adidas%20Originals%20%E4%BC%9A%E7%A4%BE%E6%A6%82%E8%A6%81%20%E5%95%8F%E3%81%84%E5%90%88%E3%82%8F%E3%81%9B%20%E5%8D%B8,ファッション,大手/海外疑い,0
UTRAI,2,4323,9040,1,B0BX9SJVFD,UTRAI ジャンプスターター 12V車用 エンジンスターター 大容量27000mAh ピーク電流6000A ワイヤレス充電対応 車緊急脱出ハンマ機能付き QC3.0充電 すべての,https://www.amazon.co.jp/dp/B0BX9SJVFD,https://keepa.com/#!product/5-B0BX9SJVFD,https://www.google.com/search?q=UTRAI%20%E4%BC%9A%E7%A4%BE%E6%A6%82%E8%A6%81%20%E5%95%8F%E3%81%84%E5%90%88%E3%82%8F%E3%81%9B%20%E5%8D%B8,車＆バイク,中小候補,2
ドリーミュージック,2,5040,10686,1,B08NKC7DYC,A HARD DAY'S NIGHT 【4K Ultra HDブルーレイ+ブルーレイ(本編)+ブルーレイ(特典映像)+ミニ写真集20P+読本付き超豪華仕様盤52P「ハード・デイズ・,https://www.amazon.co.jp/dp/B08NKC7DYC,https://keepa.com/#!product/5-B08NKC7DYC,https://www.google.com/search?q=%E3%83%89%E3%83%AA%E3%83%BC%E3%83%9F%E3%83%A5%E3%83%BC%E3%82%B8%E3%83%83%E3%82%AF%20%E4%BC%9A%E7%A4%BE%E6%A6%82%E8%A6%81%20%E5%95%8F%E3%81%84%E5%90%88%E3%82%8F%E3%81%9B%20%E5%8D%B8,DVD,中小候補,0
株式会社ストームレーベルズ/イーラブ・レーベル,2,5838,13300,1,B0DBYRN6BD,【メーカー特典あり】NEWS 20th Anniversary LIVE 2023 in TOKYO DOME BEST HIT PARADE!!!～シングル全部やっちゃいます～ ,https://www.amazon.co.jp/dp/B0DBYRN6BD,https://keepa.com/#!product/5-B0DBYRN6BD,https://www.google.com/search?q=%E6%A0%AA%E5%BC%8F%E4%BC%9A%E7%A4%BE%E3%82%B9%E3%83%88%E3%83%BC%E3%83%A0%E3%83%AC%E3%83%BC%E3%83%99%E3%83%AB%E3%82%BA/%E3%82%A4%E3%83%BC%E3%83%A9%E3%83%96%E3%83%BB%E3%83%AC%E3%83%BC%E3%83%99%E3%83%AB%20%E4%BC%9A%E7%A4%BE%E6%A6%82%E8%A6%81%20%E5%95%8F%E3%81%84%E5%90%88%E3%82%8F%E3%81%9B%20%E5%8D%B8,DVD,中小候補,0
SOOEO,2,739,2054,2,B0DQL3KHHT,【令和冬初売り】vrゴーグル vrゴーグル スマホ用 VRゴーグル vr SOOEO VRゴーグル スマホ用 3d vrゴーグル ピントや目幅調整可 3Dパノラマ体験 非球面光学レ,https://www.amazon.co.jp/dp/B0DQL3KHHT,https://keepa.com/#!product/5-B0DQL3KHHT,https://www.google.com/search?q=SOOEO%20%E4%BC%9A%E7%A4%BE%E6%A6%82%E8%A6%81%20%E5%95%8F%E3%81%84%E5%90%88%E3%82%8F%E3%81%9B%20%E5%8D%B8,家電＆カメラ,中小候補,2
ZIPPO,2,438,1776,2,B0BSPYP7Z4,ZIPPO(ジッポー) オイル缶【正規輸入品】 (大缶355ml) 3165J,https://www.amazon.co.jp/dp/B0BSPYP7Z4,https://keepa.com/#!product/5-B0BSPYP7Z4,https://www.google.com/search?q=ZIPPO%20%E4%BC%9A%E7%A4%BE%E6%A6%82%E8%A6%81%20%E5%95%8F%E3%81%84%E5%90%88%E3%82%8F%E3%81%9B%20%E5%8D%B8,ファッション,中小候補,0
イガラシ(Igarashi),2,1195,3480,2,B09XXHFGF2,イガラシ ウォーターシャワースライダー 254×116×78cm(膨らましサイズ) シャワー付き 大・小 空気栓付 PAA-SL 大型,https://www.amazon.co.jp/dp/B09XXHFGF2,https://keepa.com/#!product/5-B09XXHFGF2,https://www.google.com/search?q=%E3%82%A4%E3%82%AC%E3%83%A9%E3%82%B7%28Igarashi%29%20%E4%BC%9A%E7%A4%BE%E6%A6%82%E8%A6%81%20%E5%95%8F%E3%81%84%E5%90%88%E3%82%8F%E3%81%9B%20%E5%8D%B8,おもちゃ,中小候補,0
イースター株式会社,2,216,1821,2,B0G5KJ7JFH,イースター ジリスセレクションプロ グルテンフリー 750g,https://www.amazon.co.jp/dp/B0G5KJ7JFH,https://keepa.com/#!product/5-B0G5KJ7JFH,https://www.google.com/search?q=%E3%82%A4%E3%83%BC%E3%82%B9%E3%82%BF%E3%83%BC%E6%A0%AA%E5%BC%8F%E4%BC%9A%E7%A4%BE%20%E4%BC%9A%E7%A4%BE%E6%A6%82%E8%A6%81%20%E5%95%8F%E3%81%84%E5%90%88%E3%82%8F%E3%81%9B%20%E5%8D%B8,ペット用品,中小候補,0
BESROY,2,1424,3778,2,B0D4LVMYNV,ブレンダー【20000rpm最速！氷も砕ける】離乳食・調理に ハンドミキサー 電動泡立て器 ハンドブレンダー フードプロセッサー ミキサー,https://www.amazon.co.jp/dp/B0D4LVMYNV,https://keepa.com/#!product/5-B0D4LVMYNV,https://www.google.com/search?q=BESROY%20%E4%BC%9A%E7%A4%BE%E6%A6%82%E8%A6%81%20%E5%95%8F%E3%81%84%E5%90%88%E3%82%8F%E3%81%9B%20%E5%8D%B8,ホーム＆キッチン,中小候補,2
ルイファン ジャパン(Ruifan Japan),2,2366,5094,2,B08WYPTHL8,ルイファン ジャパン(Ruifan Japan) キングブレード X10R シャイニング 2本セット,https://www.amazon.co.jp/dp/B08WYPTHL8,https://keepa.com/#!product/5-B08WYPTHL8,https://www.google.com/search?q=%E3%83%AB%E3%82%A4%E3%83%95%E3%82%A1%E3%83%B3%20%E3%82%B8%E3%83%A3%E3%83%91%E3%83%B3%28Ruifan%20Japan%29%20%E4%BC%9A%E7%A4%BE%E6%A6%82%E8%A6%81%20%E5%95%8F%E3%81%84%E5%90%88%E3%82%8F%E3%81%9B%20%E5%8D%B8,おもちゃ,中小候補,0
ピュアクリスタル,2,458,3990,2,B0BW7YQJZ1,ジェックス ピュアクリスタル ミューティー 猫用 950mL ムーングレー フィルター式給水器 USB電源 静音 フィルター付き,https://www.amazon.co.jp/dp/B0BW7YQJZ1,https://keepa.com/#!product/5-B0BW7YQJZ1,https://www.google.com/search?q=%E3%83%94%E3%83%A5%E3%82%A2%E3%82%AF%E3%83%AA%E3%82%B9%E3%82%BF%E3%83%AB%20%E4%BC%9A%E7%A4%BE%E6%A6%82%E8%A6%81%20%E5%95%8F%E3%81%84%E5%90%88%E3%82%8F%E3%81%9B%20%E5%8D%B8,ペット用品,中小候補,1
LIXIL,2,5997,10400,2,B073S8Z97N,LIXIL(リクシル) TOSTEM ドア タッチキー・システムキー用リモコンキー Z-221-DVBA,https://www.amazon.co.jp/dp/B073S8Z97N,https://keepa.com/#!product/5-B073S8Z97N,https://www.google.com/search?q=LIXIL%20%E4%BC%9A%E7%A4%BE%E6%A6%82%E8%A6%81%20%E5%95%8F%E3%81%84%E5%90%88%E3%82%8F%E3%81%9B%20%E5%8D%B8,DIY・工具・ガーデン,中小候補,1
PDP,2,4698,10235,2,B09BWHTLYR,【SONYオフィシャルライセンス商品】PDP Victrix Gambit PS5 ゲーミングヘッドセット ワイヤレス 有線 ブラック マイク付き【国内正規品】,https://www.amazon.co.jp/dp/B09BWHTLYR,https://keepa.com/#!product/5-B09BWHTLYR,https://www.google.com/search?q=PDP%20%E4%BC%9A%E7%A4%BE%E6%A6%82%E8%A6%81%20%E5%95%8F%E3%81%84%E5%90%88%E3%82%8F%E3%81%9B%20%E5%8D%B8,ゲーム,大手/海外疑い,0
suptronics,2,4274,7290,2,B0CJN53SDD,"Raspberry Pi 公式のカメラモジュール V3 (可視光 [SC0872], 4K, 1080p, 720p, ウルトラコンパクト, 16:9, MP4, HDR, オート",https://www.amazon.co.jp/dp/B0CJN53SDD,https://keepa.com/#!product/5-B0CJN53SDD,https://www.google.com/search?q=suptronics%20%E4%BC%9A%E7%A4%BE%E6%A6%82%E8%A6%81%20%E5%95%8F%E3%81%84%E5%90%88%E3%82%8F%E3%81%9B%20%E5%8D%B8,パソコン・周辺機器,中小候補,2
Rhino,2,6596,15400,2,B004OKFIQI,Rumours -Ltd/45 Rpm- [Analog],https://www.amazon.co.jp/dp/B004OKFIQI,https://keepa.com/#!product/5-B004OKFIQI,https://www.google.com/search?q=Rhino%20%E4%BC%9A%E7%A4%BE%E6%A6%82%E8%A6%81%20%E5%95%8F%E3%81%84%E5%90%88%E3%82%8F%E3%81%9B%20%E5%8D%B8,ミュージック,中小候補,0
Pearson Education,2,5989,12620,2,1447954203,Longman Dictionary of Contemporary English (6E) Paperback & Online (LDOCE),https://www.amazon.co.jp/dp/1447954203,https://keepa.com/#!product/5-1447954203,https://www.google.com/search?q=Pearson%20Education%20%E4%BC%9A%E7%A4%BE%E6%A6%82%E8%A6%81%20%E5%95%8F%E3%81%84%E5%90%88%E3%82%8F%E3%81%9B%20%E5%8D%B8,洋書,中小候補,0
メディコム・トイ(MEDICOM TOY),2,5922,12491,2,B0FRZWWKY8,メディコム・トイ (MEDICOM TOY) MAFEX マフェックス No.289 PEACEMAKER ピースメイカー 全高約160mm ノンスケール 塗装済み アクションフィ,https://www.amazon.co.jp/dp/B0FRZWWKY8,https://keepa.com/#!product/5-B0FRZWWKY8,https://www.google.com/search?q=%E3%83%A1%E3%83%87%E3%82%A3%E3%82%B3%E3%83%A0%E3%83%BB%E3%83%88%E3%82%A4%28MEDICOM%20TOY%29%20%E4%BC%9A%E7%A4%BE%E6%A6%82%E8%A6%81%20%E5%95%8F%E3%81%84%E5%90%88%E3%82%8F%E3%81%9B%20%E5%8D%B8,ホビー,中小候補,0
LEGO(レゴ),2,5492,14308,2,B0DWF13RP3,レゴ(LEGO) マーベル スパイダーマン vs. ドクター・オクトパス 地下鉄編 76321 おもちゃ 男の子 女の子,https://www.amazon.co.jp/dp/B0DWF13RP3,https://keepa.com/#!product/5-B0DWF13RP3,https://www.google.com/search?q=LEGO%28%E3%83%AC%E3%82%B4%29%20%E4%BC%9A%E7%A4%BE%E6%A6%82%E8%A6%81%20%E5%95%8F%E3%81%84%E5%90%88%E3%82%8F%E3%81%9B%20%E5%8D%B8,おもちゃ,中小候補,0
STUDIOCANAL,2,3196,12460,2,B002BC9YX4,Big Blue,https://www.amazon.co.jp/dp/B002BC9YX4,https://keepa.com/#!product/5-B002BC9YX4,https://www.google.com/search?q=STUDIOCANAL%20%E4%BC%9A%E7%A4%BE%E6%A6%82%E8%A6%81%20%E5%95%8F%E3%81%84%E5%90%88%E3%82%8F%E3%81%9B%20%E5%8D%B8,DVD,中小候補,0
タイトー,2,9770,17345,2,B0DDBZWDV2,アーケードメモリーズVOL.3 【特典】10 タイトル収録 SD カード、電TAITOSTATION VOLUME4(攻略本 A4 全 32 ページ、インストラクションカードミニ ,https://www.amazon.co.jp/dp/B0DDBZWDV2,https://keepa.com/#!product/5-B0DDBZWDV2,https://www.google.com/search?q=%E3%82%BF%E3%82%A4%E3%83%88%E3%83%BC%20%E4%BC%9A%E7%A4%BE%E6%A6%82%E8%A6%81%20%E5%95%8F%E3%81%84%E5%90%88%E3%82%8F%E3%81%9B%20%E5%8D%B8,ゲーム,中小候補,0
Happinet,2,5228,16540,2,B0FYPH27QL,映画キミとアイドルプリキュア♪ お待たせ！キミに届けるキラッキライブ！ 特装版 [Blu-ray],https://www.amazon.co.jp/dp/B0FYPH27QL,https://keepa.com/#!product/5-B0FYPH27QL,https://www.google.com/search?q=Happinet%20%E4%BC%9A%E7%A4%BE%E6%A6%82%E8%A6%81%20%E5%95%8F%E3%81%84%E5%90%88%E3%82%8F%E3%81%9B%20%E5%8D%B8,DVD,中小候補,0
株式会社,2,5802,14975,2,B0CZXNHQDR,ドクターストーン Dr.STONE　コミック　全27巻セット (集英社),https://www.amazon.co.jp/dp/B0CZXNHQDR,https://keepa.com/#!product/5-B0CZXNHQDR,https://www.google.com/search?q=%E6%A0%AA%E5%BC%8F%E4%BC%9A%E7%A4%BE%20%E4%BC%9A%E7%A4%BE%E6%A6%82%E8%A6%81%20%E5%95%8F%E3%81%84%E5%90%88%E3%82%8F%E3%81%9B%20%E5%8D%B8,本,中小候補,0
Omron,2,8738,16185,2,B002UQFAQG,オムロン BYB50S 交換用バッテリパック(BY35S/50S用),https://www.amazon.co.jp/dp/B002UQFAQG,https://keepa.com/#!product/5-B002UQFAQG,https://www.google.com/search?q=Omron%20%E4%BC%9A%E7%A4%BE%E6%A6%82%E8%A6%81%20%E5%95%8F%E3%81%84%E5%90%88%E3%82%8F%E3%81%9B%20%E5%8D%B8,パソコン・周辺機器,中小候補,2
"KEIYO ENGINEERING CO.,LTD.",2,7544,11719,2,B0GCYVPLRY,ケイヨウ CarPlay & Android Auto ワイヤレスアダプター USB-A対応 Bluetooth5.4搭載 自動接続 ハンズフリー通話 音楽再生 5GHz Wi-F,https://www.amazon.co.jp/dp/B0GCYVPLRY,https://keepa.com/#!product/5-B0GCYVPLRY,https://www.google.com/search?q=KEIYO%20ENGINEERING%20CO.%2CLTD.%20%E4%BC%9A%E7%A4%BE%E6%A6%82%E8%A6%81%20%E5%95%8F%E3%81%84%E5%90%88%E3%82%8F%E3%81%9B%20%E5%8D%B8,パソコン・周辺機器,中小候補,1
Zach Top,2,7341,18186,2,B071VR66G3,PET SOUNDS (STEREO) [2LP] (200 GRAM 45RPM AUDIOPHILE VINYL) [Analog],https://www.amazon.co.jp/dp/B071VR66G3,https://keepa.com/#!product/5-B071VR66G3,https://www.google.com/search?q=Zach%20Top%20%E4%BC%9A%E7%A4%BE%E6%A6%82%E8%A6%81%20%E5%95%8F%E3%81%84%E5%90%88%E3%82%8F%E3%81%9B%20%E5%8D%B8,ミュージック,中小候補,0
STSEETOP,2,1026,2317,2,B0BNML6FTS,ワイヤレスイヤホン bluetooth 5.4 【ダブル マイクENC CVC8.0通話ノイズキャンセリ】自動ペアリング EDR 空間オーディオ音質 hi-fi音質 AACコーデッ,https://www.amazon.co.jp/dp/B0BNML6FTS,https://keepa.com/#!product/5-B0BNML6FTS,https://www.google.com/search?q=STSEETOP%20%E4%BC%9A%E7%A4%BE%E6%A6%82%E8%A6%81%20%E5%95%8F%E3%81%84%E5%90%88%E3%82%8F%E3%81%9B%20%E5%8D%B8,家電＆カメラ,中小候補,2
ナトコ,2,1018,3888,2,B08G44WSY1,ナトコ スケルトンM-201 金属ハケ用 1kg 業務用 剥離,https://www.amazon.co.jp/dp/B08G44WSY1,https://keepa.com/#!product/5-B08G44WSY1,https://www.google.com/search?q=%E3%83%8A%E3%83%88%E3%82%B3%20%E4%BC%9A%E7%A4%BE%E6%A6%82%E8%A6%81%20%E5%95%8F%E3%81%84%E5%90%88%E3%82%8F%E3%81%9B%20%E5%8D%B8,DIY・工具・ガーデン,中小候補,0
WORKPRO,2,1888,4282,2,B0FX93T6ZZ,WORKPRO プライヤー プライヤーレンチ ミニレンチ アジャスタブルレンチ 全長約108mm スパナ CR-V 建設用レンチプライヤー,https://www.amazon.co.jp/dp/B0FX93T6ZZ,https://keepa.com/#!product/5-B0FX93T6ZZ,https://www.google.com/search?q=WORKPRO%20%E4%BC%9A%E7%A4%BE%E6%A6%82%E8%A6%81%20%E5%95%8F%E3%81%84%E5%90%88%E3%82%8F%E3%81%9B%20%E5%8D%B8,DIY・工具・ガーデン,中小候補,0
集英社,2,1748,6658,2,4087798283,バンダイ公認 ONE PIECE CARD GAME 3rd ANNIVERSARY COMPLETE GUIDE (Vジャンプブックス(書籍)),https://www.amazon.co.jp/dp/4087798283,https://keepa.com/#!product/5-4087798283,https://www.google.com/search?q=%E9%9B%86%E8%8B%B1%E7%A4%BE%20%E4%BC%9A%E7%A4%BE%E6%A6%82%E8%A6%81%20%E5%95%8F%E3%81%84%E5%90%88%E3%82%8F%E3%81%9B%20%E5%8D%B8,本,大手/海外疑い,0
地域開発研究所,2,1852,6178,2,4886154387,1級管工事施工管理第一次検定問題解説集2025年版,https://www.amazon.co.jp/dp/4886154387,https://keepa.com/#!product/5-4886154387,https://www.google.com/search?q=%E5%9C%B0%E5%9F%9F%E9%96%8B%E7%99%BA%E7%A0%94%E7%A9%B6%E6%89%80%20%E4%BC%9A%E7%A4%BE%E6%A6%82%E8%A6%81%20%E5%95%8F%E3%81%84%E5%90%88%E3%82%8F%E3%81%9B%20%E5%8D%B8,本,中小候補,0
トイコー(Toyco),2,2706,7240,2,B00DDAVJD6,トイコー(Toyco) サウンドジェット787 25.1 x 23.6 x 15 cm 670 3歳以上,https://www.amazon.co.jp/dp/B00DDAVJD6,https://keepa.com/#!product/5-B00DDAVJD6,https://www.google.com/search?q=%E3%83%88%E3%82%A4%E3%82%B3%E3%83%BC%28Toyco%29%20%E4%BC%9A%E7%A4%BE%E6%A6%82%E8%A6%81%20%E5%95%8F%E3%81%84%E5%90%88%E3%82%8F%E3%81%9B%20%E5%8D%B8,おもちゃ,中小候補,0
Motowolf,2,4344,12373,2,B09M8JF8SM,アダプト [初回生産限定盤B],https://www.amazon.co.jp/dp/B09M8JF8SM,https://keepa.com/#!product/5-B09M8JF8SM,https://www.google.com/search?q=Motowolf%20%E4%BC%9A%E7%A4%BE%E6%A6%82%E8%A6%81%20%E5%95%8F%E3%81%84%E5%90%88%E3%82%8F%E3%81%9B%20%E5%8D%B8,DVD,中小候補,0
52TOYS,2,3492,7144,2,B0GLN9WRYP,52TOYS BLINDBOX ディズニー プリンセス Pony Palesシリーズ ぬいぐるみブラインドボックス 可動フィギュア 馬の年 コレクター・誕生日・新年のギフトに最適 ,https://www.amazon.co.jp/dp/B0GLN9WRYP,https://keepa.com/#!product/5-B0GLN9WRYP,https://www.google.com/search?q=52TOYS%20%E4%BC%9A%E7%A4%BE%E6%A6%82%E8%A6%81%20%E5%95%8F%E3%81%84%E5%90%88%E3%82%8F%E3%81%9B%20%E5%8D%B8,ホビー,中小候補,0
ホンダ(Honda),2,394,3975,2,B0F4D8QLKS,Honda(ホンダ) 2輪用エンジンオイル ProHonda SCOOTER SL MB 5W30 1L 08211-99971 部分化学合成油,https://www.amazon.co.jp/dp/B0F4D8QLKS,https://keepa.com/#!product/5-B0F4D8QLKS,https://www.google.com/search?q=%E3%83%9B%E3%83%B3%E3%83%80%28Honda%29%20%E4%BC%9A%E7%A4%BE%E6%A6%82%E8%A6%81%20%E5%95%8F%E3%81%84%E5%90%88%E3%82%8F%E3%81%9B%20%E5%8D%B8,車＆バイク,中小候補,0
SSYFEI,2,1449,4166,2,B0CG18ZM6J,SSYFEI 電気ケトル 1.0L【1000W急速沸騰・デジタル表示】7段階温度調節 4時間保温 二重構造で熱くない メモリー機能付 電気ポット,https://www.amazon.co.jp/dp/B0CG18ZM6J,https://keepa.com/#!product/5-B0CG18ZM6J,https://www.google.com/search?q=SSYFEI%20%E4%BC%9A%E7%A4%BE%E6%A6%82%E8%A6%81%20%E5%95%8F%E3%81%84%E5%90%88%E3%82%8F%E3%81%9B%20%E5%8D%B8,ホーム＆キッチン,中小候補,2
ブリヂストン(BRIDGESTONE),2,1234,3980,2,B0BTKSGWFT,BRIDGESTONE(ブリヂストン)ゴルフボール SUPER STRAIGHT 2023年モデル 12球入 イエロー,https://www.amazon.co.jp/dp/B0BTKSGWFT,https://keepa.com/#!product/5-B0BTKSGWFT,https://www.google.com/search?q=%E3%83%96%E3%83%AA%E3%83%82%E3%82%B9%E3%83%88%E3%83%B3%28BRIDGESTONE%29%20%E4%BC%9A%E7%A4%BE%E6%A6%82%E8%A6%81%20%E5%95%8F%E3%81%84%E5%90%88%E3%82%8F%E3%81%9B%20%E5%8D%B8,スポーツ＆アウトドア,中小候補,0
Crimson,2,4922,8826,2,B00ET5L0X8,日本ファルコム ふぁるこむフィールドざんまい,https://www.amazon.co.jp/dp/B00ET5L0X8,https://keepa.com/#!product/5-B00ET5L0X8,https://www.google.com/search?q=Crimson%20%E4%BC%9A%E7%A4%BE%E6%A6%82%E8%A6%81%20%E5%95%8F%E3%81%84%E5%90%88%E3%82%8F%E3%81%9B%20%E5%8D%B8,ミュージック,中小候補,0
avex trax,2,4761,11600,2,B07JMV8TG1,滝沢歌舞伎2018(DVD3枚組)(初回盤A),https://www.amazon.co.jp/dp/B07JMV8TG1,https://keepa.com/#!product/5-B07JMV8TG1,https://www.google.com/search?q=avex%20trax%20%E4%BC%9A%E7%A4%BE%E6%A6%82%E8%A6%81%20%E5%95%8F%E3%81%84%E5%90%88%E3%82%8F%E3%81%9B%20%E5%8D%B8,DVD,中小候補,0
バンプレスト,2,4630,9738,2,B0013B0LIQ,スーパーロボット大戦A PORTABLE,https://www.amazon.co.jp/dp/B0013B0LIQ,https://keepa.com/#!product/5-B0013B0LIQ,https://www.google.com/search?q=%E3%83%90%E3%83%B3%E3%83%97%E3%83%AC%E3%82%B9%E3%83%88%20%E4%BC%9A%E7%A4%BE%E6%A6%82%E8%A6%81%20%E5%95%8F%E3%81%84%E5%90%88%E3%82%8F%E3%81%9B%20%E5%8D%B8,ゲーム,中小候補,0
SME,2,2302,9650,2,B07S8MHFZH,6th YEAR BIRTHDAY LIVE (完全生産限定盤) [Blu-ray],https://www.amazon.co.jp/dp/B07S8MHFZH,https://keepa.com/#!product/5-B07S8MHFZH,https://www.google.com/search?q=SME%20%E4%BC%9A%E7%A4%BE%E6%A6%82%E8%A6%81%20%E5%95%8F%E3%81%84%E5%90%88%E3%82%8F%E3%81%9B%20%E5%8D%B8,DVD,中小候補,0
トイズファクトリー,2,6572,11715,2,B079B99Z34,【メーカー特典あり】Live DVD 「Mr.Children DOME & STADIUM TOUR 2017 Thanksgiving 25」[DVD](2Lサイズポストカード,https://www.amazon.co.jp/dp/B079B99Z34,https://keepa.com/#!product/5-B079B99Z34,https://www.google.com/search?q=%E3%83%88%E3%82%A4%E3%82%BA%E3%83%95%E3%82%A1%E3%82%AF%E3%83%88%E3%83%AA%E3%83%BC%20%E4%BC%9A%E7%A4%BE%E6%A6%82%E8%A6%81%20%E5%95%8F%E3%81%84%E5%90%88%E3%82%8F%E3%81%9B%20%E5%8D%B8,ミュージック,中小候補,0
アリオラジャパン,2,4456,10240,2,B06XCGQJG1,SEA IS A LADY 2017(初回生産限定盤),https://www.amazon.co.jp/dp/B06XCGQJG1,https://keepa.com/#!product/5-B06XCGQJG1,https://www.google.com/search?q=%E3%82%A2%E3%83%AA%E3%82%AA%E3%83%A9%E3%82%B8%E3%83%A3%E3%83%91%E3%83%B3%20%E4%BC%9A%E7%A4%BE%E6%A6%82%E8%A6%81%20%E5%95%8F%E3%81%84%E5%90%88%E3%82%8F%E3%81%9B%20%E5%8D%B8,ミュージック,中小候補,0
SNK,2,6260,16568,3,B07QGB8MN6,NEOGEO mini （ネオジオミニ）本体,https://www.amazon.co.jp/dp/B07QGB8MN6,https://keepa.com/#!product/5-B07QGB8MN6,https://www.google.com/search?q=SNK%20%E4%BC%9A%E7%A4%BE%E6%A6%82%E8%A6%81%20%E5%95%8F%E3%81%84%E5%90%88%E3%82%8F%E3%81%9B%20%E5%8D%B8,ゲーム,中小候補,0
レゴ(LEGO),2,3528,11267,3,B0DHSBVRR7,レゴ(LEGO) クリエイター うちゅうロボット 31164 おもちゃ 男の子 女の子,https://www.amazon.co.jp/dp/B0DHSBVRR7,https://keepa.com/#!product/5-B0DHSBVRR7,https://www.google.com/search?q=%E3%83%AC%E3%82%B4%28LEGO%29%20%E4%BC%9A%E7%A4%BE%E6%A6%82%E8%A6%81%20%E5%95%8F%E3%81%84%E5%90%88%E3%82%8F%E3%81%9B%20%E5%8D%B8,おもちゃ,中小候補,0
Lions Gate,2,5954,12615,3,B00FAHYO1E,Apocalypse Now [Blu-ray],https://www.amazon.co.jp/dp/B00FAHYO1E,https://keepa.com/#!product/5-B00FAHYO1E,https://www.google.com/search?q=Lions%20Gate%20%E4%BC%9A%E7%A4%BE%E6%A6%82%E8%A6%81%20%E5%95%8F%E3%81%84%E5%90%88%E3%82%8F%E3%81%9B%20%E5%8D%B8,DVD,中小候補,0
MIKIHOUSE(ミキハウス),2,7860,15400,3,B0D59GSSVY,[ミキハウス] 無撚糸パイルバスポンチョセット 【ギフトボックス入り】ご出産祝い 3点セット ベビーバスポンチョ 日本製 沐浴 お風呂 綿100％ 男の子 女の子 ベビー キッズ ,https://www.amazon.co.jp/dp/B0D59GSSVY,https://keepa.com/#!product/5-B0D59GSSVY,https://www.google.com/search?q=MIKIHOUSE%28%E3%83%9F%E3%82%AD%E3%83%8F%E3%82%A6%E3%82%B9%29%20%E4%BC%9A%E7%A4%BE%E6%A6%82%E8%A6%81%20%E5%95%8F%E3%81%84%E5%90%88%E3%82%8F%E3%81%9B%20%E5%8D%B8,ベビー＆マタニティ,中小候補,0
SilentPower,2,6504,12935,3,B0DXP62Z3Z,Silentpower iPower2 【日本正規店より発送】ノイズ抑制 電源 (iPower2 5V),https://www.amazon.co.jp/dp/B0DXP62Z3Z,https://keepa.com/#!product/5-B0DXP62Z3Z,https://www.google.com/search?q=SilentPower%20%E4%BC%9A%E7%A4%BE%E6%A6%82%E8%A6%81%20%E5%95%8F%E3%81%84%E5%90%88%E3%82%8F%E3%81%9B%20%E5%8D%B8,DIY・工具・ガーデン,中小候補,2
htrahy,1,843,1999,1,B0G81S768X,スマートウォッチ【2026 新バージョン】iPhone対応 アンドロイド対応 Bluetooth通話機能付き 1.83インチ大画面 SMS/Lineメッセージ通知 htrahy 活,https://www.amazon.co.jp/dp/B0G81S768X,https://keepa.com/#!product/5-B0G81S768X,https://www.google.com/search?q=htrahy%20%E4%BC%9A%E7%A4%BE%E6%A6%82%E8%A6%81%20%E5%95%8F%E3%81%84%E5%90%88%E3%82%8F%E3%81%9B%20%E5%8D%B8,家電＆カメラ,中小候補,1
CHUSII,1,535,1563,1,B0FYG2NDBR,モバイルバッテリー MagSafe対応 10000mAh ワイヤレス充電 22.5W急速充電 USB-C内蔵ケーブル 小型 軽量 薄型 最大3台同時充電 PD対応 LED残量表示 ,https://www.amazon.co.jp/dp/B0FYG2NDBR,https://keepa.com/#!product/5-B0FYG2NDBR,https://www.google.com/search?q=CHUSII%20%E4%BC%9A%E7%A4%BE%E6%A6%82%E8%A6%81%20%E5%95%8F%E3%81%84%E5%90%88%E3%82%8F%E3%81%9B%20%E5%8D%B8,家電＆カメラ,中小候補,1
ZZU,1,832,1981,1,B0DP41614X,イヤホン bluetooth ワイヤレスイヤホン 48時間の再生時間 重低音 LEDディスプレイ表示 小型/軽量 IPX7防水 ブルートゥース 接続瞬時 Hi-Fi ブルートゥース,https://www.amazon.co.jp/dp/B0DP41614X,https://keepa.com/#!product/5-B0DP41614X,https://www.google.com/search?q=ZZU%20%E4%BC%9A%E7%A4%BE%E6%A6%82%E8%A6%81%20%E5%95%8F%E3%81%84%E5%90%88%E3%82%8F%E3%81%9B%20%E5%8D%B8,家電＆カメラ,中小候補,1
Vulendu,1,503,1516,1,B0G2JYGKGJ,65W PD 急速充電器 type-c 【3台同時に急速充電・小型超軽量・PSE認証済】 usb コンセント usb c 充電器 3ポート 折りたたみ式プラグ 携帯 に便利 GaN,https://www.amazon.co.jp/dp/B0G2JYGKGJ,https://keepa.com/#!product/5-B0G2JYGKGJ,https://www.google.com/search?q=Vulendu%20%E4%BC%9A%E7%A4%BE%E6%A6%82%E8%A6%81%20%E5%95%8F%E3%81%84%E5%90%88%E3%82%8F%E3%81%9B%20%E5%8D%B8,家電＆カメラ,中小候補,1
AirDry,1,772,1898,1,B0FYY4VHTW,双眼鏡 ライブ用 20倍 オペラグラス 【超軽量·お子様や女性に最適】スポーツ観戦用 双眼鏡 コンサート 防振 軽量 小型 防水 倍率調整可能 ライブ/オペラ/観劇/スポーツ観戦/,https://www.amazon.co.jp/dp/B0FYY4VHTW,https://keepa.com/#!product/5-B0FYY4VHTW,https://www.google.com/search?q=AirDry%20%E4%BC%9A%E7%A4%BE%E6%A6%82%E8%A6%81%20%E5%95%8F%E3%81%84%E5%90%88%E3%82%8F%E3%81%9B%20%E5%8D%B8,家電＆カメラ,中小候補,1
Boytond,1,510,1799,1,B0BPLVLQPG,【ビジネス/オンライン会議最適】【気候フレンドリー認定取得】Boytond YYK-520 ヘッドセット Bluetooth5.3 片耳 ワイヤレス 耳掛け型 物理操作ボタン 2台,https://www.amazon.co.jp/dp/B0BPLVLQPG,https://keepa.com/#!product/5-B0BPLVLQPG,https://www.google.com/search?q=Boytond%20%E4%BC%9A%E7%A4%BE%E6%A6%82%E8%A6%81%20%E5%95%8F%E3%81%84%E5%90%88%E3%82%8F%E3%81%9B%20%E5%8D%B8,家電＆カメラ,中小候補,1
VELIKE,1,616,1678,1,B0C2YZ3ZFS,海外 変換プラグ VELIKE コンセント マルチ変換プラグ 2USBポート 全世界対応 電源変換器 海外旅行用充電器 A/O/BF/Cタイプ マルチアダプター 200ヶ国以上通用,https://www.amazon.co.jp/dp/B0C2YZ3ZFS,https://keepa.com/#!product/5-B0C2YZ3ZFS,https://www.google.com/search?q=VELIKE%20%E4%BC%9A%E7%A4%BE%E6%A6%82%E8%A6%81%20%E5%95%8F%E3%81%84%E5%90%88%E3%82%8F%E3%81%9B%20%E5%8D%B8,家電＆カメラ,中小候補,1
オウルテック,1,677,1780,1,B0B5FWS7J7,オウルテック ライトニングケーブル 巻取り式 両引きタイプ データ転送 480Mbps MFi認証取得 軽量 コンパクト 静音 iPhone/iPad対応 1.2m ホワイト OE,https://www.amazon.co.jp/dp/B0B5FWS7J7,https://keepa.com/#!product/5-B0B5FWS7J7,https://www.google.com/search?q=%E3%82%AA%E3%82%A6%E3%83%AB%E3%83%86%E3%83%83%E3%82%AF%20%E4%BC%9A%E7%A4%BE%E6%A6%82%E8%A6%81%20%E5%95%8F%E3%81%84%E5%90%88%E3%82%8F%E3%81%9B%20%E5%8D%B8,パソコン・周辺機器,中小候補,1
actiTube,1,495,1740,1,B082Q18CL4,actitube(アクティチューブ)活性炭フィルター 100本入 【Tuneフィルター】,https://www.amazon.co.jp/dp/B082Q18CL4,https://keepa.com/#!product/5-B082Q18CL4,https://www.google.com/search?q=actiTube%20%E4%BC%9A%E7%A4%BE%E6%A6%82%E8%A6%81%20%E5%95%8F%E3%81%84%E5%90%88%E3%82%8F%E3%81%9B%20%E5%8D%B8,ホーム＆キッチン,中小候補,1
PRXA,1,559,1596,1,B0DYFBPZM9,HDMIケーブル iPhone HDMI変換ケーブル 2m Lightning 電源不要 設定不要 音声同期出力 iOS9.2 to iOS26対応 [並行輸入品],https://www.amazon.co.jp/dp/B0DYFBPZM9,https://keepa.com/#!product/5-B0DYFBPZM9,https://www.google.com/search?q=PRXA%20%E4%BC%9A%E7%A4%BE%E6%A6%82%E8%A6%81%20%E5%95%8F%E3%81%84%E5%90%88%E3%82%8F%E3%81%9B%20%E5%8D%B8,家電＆カメラ,中小候補,1
Newluck,1,693,1801,1,B0CFL77BXV,【2025新登場】Newluck USB-C & HDMI 変換アダプタ キャプチャーボード HDMI キャプチャーボード HD画質録画 HD1080P/4Kパススルー機能 HDM,https://www.amazon.co.jp/dp/B0CFL77BXV,https://keepa.com/#!product/5-B0CFL77BXV,https://www.google.com/search?q=Newluck%20%E4%BC%9A%E7%A4%BE%E6%A6%82%E8%A6%81%20%E5%95%8F%E3%81%84%E5%90%88%E3%82%8F%E3%81%9B%20%E5%8D%B8,パソコン・周辺機器,中小候補,1
TIGORA(ティゴラ),1,332,1920,1,B0B87S3TV6,TIGORA(ティゴラ) ソフトテニス 練習用ゴム付きボール ソフトテニストレーナー,https://www.amazon.co.jp/dp/B0B87S3TV6,https://keepa.com/#!product/5-B0B87S3TV6,https://www.google.com/search?q=TIGORA%28%E3%83%86%E3%82%A3%E3%82%B4%E3%83%A9%29%20%E4%BC%9A%E7%A4%BE%E6%A6%82%E8%A6%81%20%E5%95%8F%E3%81%84%E5%90%88%E3%82%8F%E3%81%9B%20%E5%8D%B8,スポーツ＆アウトドア,中小候補,0
クイックル,1,311,1790,1,B07GQPQTJG,クイックルハンディ替え 大容量パック 12枚,https://www.amazon.co.jp/dp/B07GQPQTJG,https://keepa.com/#!product/5-B07GQPQTJG,https://www.google.com/search?q=%E3%82%AF%E3%82%A4%E3%83%83%E3%82%AF%E3%83%AB%20%E4%BC%9A%E7%A4%BE%E6%A6%82%E8%A6%81%20%E5%95%8F%E3%81%84%E5%90%88%E3%82%8F%E3%81%9B%20%E5%8D%B8,ホーム＆キッチン,中小候補,0
FleekFit,1,380,1510,1,B0D44LBXCX,【新設計 超軽量・約98g】 モバイルバッテリー 小型 大容量 5000mAh MFi正規認証 Lightningコ& タイプCコネクター内蔵,https://www.amazon.co.jp/dp/B0D44LBXCX,https://keepa.com/#!product/5-B0D44LBXCX,https://www.google.com/search?q=FleekFit%20%E4%BC%9A%E7%A4%BE%E6%A6%82%E8%A6%81%20%E5%95%8F%E3%81%84%E5%90%88%E3%82%8F%E3%81%9B%20%E5%8D%B8,家電＆カメラ,中小候補,1
ZVZHM,1,559,1596,1,B0F1SVFN8M,HDMI キャプチャーボード Switch/UVC対応 4K@30Hz 4K入力＆1080P出力 Type C&USB A&USB C 2in1 Type C小型軽量 キャプチャ ,https://www.amazon.co.jp/dp/B0F1SVFN8M,https://keepa.com/#!product/5-B0F1SVFN8M,https://www.google.com/search?q=ZVZHM%20%E4%BC%9A%E7%A4%BE%E6%A6%82%E8%A6%81%20%E5%95%8F%E3%81%84%E5%90%88%E3%82%8F%E3%81%9B%20%E5%8D%B8,パソコン・周辺機器,中小候補,1
AWINEY,1,682,1785,1,B0B55Z3NMN,iPhone イヤホン 有線【2026新版 Apple MFi認証済み】純正 iphone用イヤホン lightning ライトニング接続 ステレオイヤフォン マイク付き 通話対応,https://www.amazon.co.jp/dp/B0B55Z3NMN,https://keepa.com/#!product/5-B0B55Z3NMN,https://www.google.com/search?q=AWINEY%20%E4%BC%9A%E7%A4%BE%E6%A6%82%E8%A6%81%20%E5%95%8F%E3%81%84%E5%90%88%E3%82%8F%E3%81%9B%20%E5%8D%B8,家電＆カメラ,大手/海外疑い,1
ニチアス,1,466,1750,1,B086LJTMXG,ニチアス カグスベール 重量用 2個入 2個セット,https://www.amazon.co.jp/dp/B086LJTMXG,https://keepa.com/#!product/5-B086LJTMXG,https://www.google.com/search?q=%E3%83%8B%E3%83%81%E3%82%A2%E3%82%B9%20%E4%BC%9A%E7%A4%BE%E6%A6%82%E8%A6%81%20%E5%95%8F%E3%81%84%E5%90%88%E3%82%8F%E3%81%9B%20%E5%8D%B8,DIY・工具・ガーデン,中小候補,0
Kungix,1,558,1963,1,B0FQ1X5R8C,【2026新登場・360°回転・折り畳み式】 タブレット スタンド iPad スタンド 4.7~13インチ対応 軽量 高さ 角度調整 滑り止め 放熱 通気性 安定性 タブレット/ス,https://www.amazon.co.jp/dp/B0FQ1X5R8C,https://keepa.com/#!product/5-B0FQ1X5R8C,https://www.google.com/search?q=Kungix%20%E4%BC%9A%E7%A4%BE%E6%A6%82%E8%A6%81%20%E5%95%8F%E3%81%84%E5%90%88%E3%82%8F%E3%81%9B%20%E5%8D%B8,パソコン・周辺機器,中小候補,1
TRAOO,1,188,1730,1,B0DCFFYV6Z,カードリーダー【2026新モデル MFi認証品】 SDカードリーダー Lightning/Type Cメモリカードリーダー 4in1 USB/SD/TF変換アダプタ 0TG機能 高,https://www.amazon.co.jp/dp/B0DCFFYV6Z,https://keepa.com/#!product/5-B0DCFFYV6Z,https://www.google.com/search?q=TRAOO%20%E4%BC%9A%E7%A4%BE%E6%A6%82%E8%A6%81%20%E5%95%8F%E3%81%84%E5%90%88%E3%82%8F%E3%81%9B%20%E5%8D%B8,パソコン・周辺機器,中小候補,1
Fodalum,1,382,1698,1,B0FB9PCRH2,スマホ 三脚 ハンドル直径は35mmです自撮り棒 iphone 軽量 安定感があり ぐらつかない じどり棒 展開時の高さ180cm,https://www.amazon.co.jp/dp/B0FB9PCRH2,https://keepa.com/#!product/5-B0FB9PCRH2,https://www.google.com/search?q=Fodalum%20%E4%BC%9A%E7%A4%BE%E6%A6%82%E8%A6%81%20%E5%95%8F%E3%81%84%E5%90%88%E3%82%8F%E3%81%9B%20%E5%8D%B8,家電＆カメラ,中小候補,1
ブレイン(BRAIN),1,547,1920,1,B0GHXBGWXF,ブレイン 【SGS認証取得！ 国内JIS燃焼試験合格！】モバイルバッテリー耐火ケース （サイズ：約13.5×18cm）BR-964,https://www.amazon.co.jp/dp/B0GHXBGWXF,https://keepa.com/#!product/5-B0GHXBGWXF,https://www.google.com/search?q=%E3%83%96%E3%83%AC%E3%82%A4%E3%83%B3%28BRAIN%29%20%E4%BC%9A%E7%A4%BE%E6%A6%82%E8%A6%81%20%E5%95%8F%E3%81%84%E5%90%88%E3%82%8F%E3%81%9B%20%E5%8D%B8,家電＆カメラ,中小候補,1
充電の達人,1,598,1998,1,B0FPF47K7H,モバイルバッテリー 大容量 急速充電 【2026新設計・22800mAh大容量】 最大2.4A出力 4つのケーブル内蔵 軽量 小型 5台同時充電可 携帯充電器 LED残量表示 LE,https://www.amazon.co.jp/dp/B0FPF47K7H,https://keepa.com/#!product/5-B0FPF47K7H,https://www.google.com/search?q=%E5%85%85%E9%9B%BB%E3%81%AE%E9%81%94%E4%BA%BA%20%E4%BC%9A%E7%A4%BE%E6%A6%82%E8%A6%81%20%E5%95%8F%E3%81%84%E5%90%88%E3%82%8F%E3%81%9B%20%E5%8D%B8,家電＆カメラ,中小候補,1
RUOEVA,1,534,1563,1,B0FC1N4NCS,Bluetooth ヘッドセット 片耳 ワイヤレス イヤホン Bluetooth 5.4 Hi-Fi音の質増強 ブルートゥースヘッドセット 通話 マイク内蔵 ハンズフリー通話 超軽,https://www.amazon.co.jp/dp/B0FC1N4NCS,https://keepa.com/#!product/5-B0FC1N4NCS,https://www.google.com/search?q=RUOEVA%20%E4%BC%9A%E7%A4%BE%E6%A6%82%E8%A6%81%20%E5%95%8F%E3%81%84%E5%90%88%E3%82%8F%E3%81%9B%20%E5%8D%B8,家電＆カメラ,中小候補,1
Juliyas,1,688,1999,1,B0GHMT3457,Juliyas ネックケア 首 リラクゼーション器 EMS×TENS Ｗ効果 振動 首元ケア ホットケア 10種類のモード 19段階強度調節,https://www.amazon.co.jp/dp/B0GHMT3457,https://keepa.com/#!product/5-B0GHMT3457,https://www.google.com/search?q=Juliyas%20%E4%BC%9A%E7%A4%BE%E6%A6%82%E8%A6%81%20%E5%95%8F%E3%81%84%E5%90%88%E3%82%8F%E3%81%9B%20%E5%8D%B8,ホーム＆キッチン,中小候補,1
Vibaleg,1,394,1998,1,B0FC2YYPKQ,タブレットスタンド スマホスタンド ベッドサイド取付 折り畳み4.7~12.9インチ対応 ブラック ベッド用寝ながら 卓上 横/縦/仰向け,https://www.amazon.co.jp/dp/B0FC2YYPKQ,https://keepa.com/#!product/5-B0FC2YYPKQ,https://www.google.com/search?q=Vibaleg%20%E4%BC%9A%E7%A4%BE%E6%A6%82%E8%A6%81%20%E5%95%8F%E3%81%84%E5%90%88%E3%82%8F%E3%81%9B%20%E5%8D%B8,パソコン・周辺機器,中小候補,1
FIDECO,1,598,1652,1,B0CYLDM23M,FIDECO M.2 NVMe SSD 外付けケース SSD エンクロージャー 10Gbps 高速転送 SSDケース 工具不要 簡単取り付け,https://www.amazon.co.jp/dp/B0CYLDM23M,https://keepa.com/#!product/5-B0CYLDM23M,https://www.google.com/search?q=FIDECO%20%E4%BC%9A%E7%A4%BE%E6%A6%82%E8%A6%81%20%E5%95%8F%E3%81%84%E5%90%88%E3%82%8F%E3%81%9B%20%E5%8D%B8,パソコン・周辺機器,中小候補,1
Svoko,1,504,1705,1,B0FM755J63,懐中電灯 強力 【2026 最新の進化・超高輝度 小型 LEDライト】フラッシュライト Type-C充電式/電池式/ 5モード調光/ IPX6防水/耐衝撃/ズーム式 ハンディライト,https://www.amazon.co.jp/dp/B0FM755J63,https://keepa.com/#!product/5-B0FM755J63,https://www.google.com/search?q=Svoko%20%E4%BC%9A%E7%A4%BE%E6%A6%82%E8%A6%81%20%E5%95%8F%E3%81%84%E5%90%88%E3%82%8F%E3%81%9B%20%E5%8D%B8,DIY・工具・ガーデン,中小候補,0
Lenovo,1,470,1886,1,B0CK4NVH8D,レノボ Lenovo パソコンケース 14インチ ノート PCケース 耐衝撃 防水 取っ手付き インナーバッグ アーバンスリーブ MacBook/Lenovo/HP/Dell/As,https://www.amazon.co.jp/dp/B0CK4NVH8D,https://keepa.com/#!product/5-B0CK4NVH8D,https://www.google.com/search?q=Lenovo%20%E4%BC%9A%E7%A4%BE%E6%A6%82%E8%A6%81%20%E5%95%8F%E3%81%84%E5%90%88%E3%82%8F%E3%81%9B%20%E5%8D%B8,パソコン・周辺機器,中小候補,1
Glaazo,1,575,1618,1,B0GCZRD7P6,【2026新型】USB Type-C HDMI 変換アダプター 2in1 タイプc hdmi 変換,https://www.amazon.co.jp/dp/B0GCZRD7P6,https://keepa.com/#!product/5-B0GCZRD7P6,https://www.google.com/search?q=Glaazo%20%E4%BC%9A%E7%A4%BE%E6%A6%82%E8%A6%81%20%E5%95%8F%E3%81%84%E5%90%88%E3%82%8F%E3%81%9B%20%E5%8D%B8,パソコン・周辺機器,中小候補,1
JOKITA,1,92,1649,1,B0CNZXC2XB,体重計 bluetooth スマホ連動 体組成計 ヘルスメーター 体脂肪計 対組成計 weight scale 電子スケール 体重計 体脂肪率 体脂肪率測定器 高精度 自動ON/O,https://www.amazon.co.jp/dp/B0CNZXC2XB,https://keepa.com/#!product/5-B0CNZXC2XB,https://www.google.com/search?q=JOKITA%20%E4%BC%9A%E7%A4%BE%E6%A6%82%E8%A6%81%20%E5%95%8F%E3%81%84%E5%90%88%E3%82%8F%E3%81%9B%20%E5%8D%B8,ホーム＆キッチン,中小候補,1
Gumsry,1,845,1999,1,B0GHMDW1ZN,Bluetooth 6.0 Gumsry USB アダプタ USB-A コネクタ搭載 低遅延 長距離通信 30m 対応 EDR/BLE対応 省電力 小型設計 aptX/SBC/AA,https://www.amazon.co.jp/dp/B0GHMDW1ZN,https://keepa.com/#!product/5-B0GHMDW1ZN,https://www.google.com/search?q=Gumsry%20%E4%BC%9A%E7%A4%BE%E6%A6%82%E8%A6%81%20%E5%95%8F%E3%81%84%E5%90%88%E3%82%8F%E3%81%9B%20%E5%8D%B8,パソコン・周辺機器,中小候補,1
Klszear,1,420,1399,1,B0DXFDBDVV,Type C to ライトニング 変換 アダプタ 【2026新登場】USB C 変換 イヤホン 変換ケーブル 3in1 急速充電/高速転送/オーディオ 通話・音楽・音量調節対応 タ,https://www.amazon.co.jp/dp/B0DXFDBDVV,https://keepa.com/#!product/5-B0DXFDBDVV,https://www.google.com/search?q=Klszear%20%E4%BC%9A%E7%A4%BE%E6%A6%82%E8%A6%81%20%E5%95%8F%E3%81%84%E5%90%88%E3%82%8F%E3%81%9B%20%E5%8D%B8,パソコン・周辺機器,中小候補,1
Finish Line,1,365,1647,1,B002IDZXRM,フィニッシュライン(FINISH LINE) ドライ テフロン ルーブ プラボトル 120ml,https://www.amazon.co.jp/dp/B002IDZXRM,https://keepa.com/#!product/5-B002IDZXRM,https://www.google.com/search?q=Finish%20Line%20%E4%BC%9A%E7%A4%BE%E6%A6%82%E8%A6%81%20%E5%95%8F%E3%81%84%E5%90%88%E3%82%8F%E3%81%9B%20%E5%8D%B8,スポーツ＆アウトドア,中小候補,0
E-enemo,1,493,1890,1,B0CKYTBJHH,[E-enemo] ウールバフ 羊毛バフ 【整備士監修】 5個セットx研磨や仕上げ用に フェルトバフ (125mm),https://www.amazon.co.jp/dp/B0CKYTBJHH,https://keepa.com/#!product/5-B0CKYTBJHH,https://www.google.com/search?q=E-enemo%20%E4%BC%9A%E7%A4%BE%E6%A6%82%E8%A6%81%20%E5%95%8F%E3%81%84%E5%90%88%E3%82%8F%E3%81%9B%20%E5%8D%B8,DIY・工具・ガーデン,中小候補,0
SK-CinDa,1,631,1999,1,B0DRBJB57V,4in1車用充電器·巻き取り式·ケーブル 2本·Type-C100W/Lightning·LED付き電圧表示·DC12/24V車対応,https://www.amazon.co.jp/dp/B0DRBJB57V,https://keepa.com/#!product/5-B0DRBJB57V,https://www.google.com/search?q=SK-CinDa%20%E4%BC%9A%E7%A4%BE%E6%A6%82%E8%A6%81%20%E5%95%8F%E3%81%84%E5%90%88%E3%82%8F%E3%81%9B%20%E5%8D%B8,家電＆カメラ,中小候補,1
Rikuto,1,513,1530,1,B0FFZ58GFW,【業界トップクラス技術&ドライバー不要】Rikuto Bluetooth USB アダプタ bluetooth 5.4 対応 レシーバー ブルートゥー PC 専用 Windows1,https://www.amazon.co.jp/dp/B0FFZ58GFW,https://keepa.com/#!product/5-B0FFZ58GFW,https://www.google.com/search?q=Rikuto%20%E4%BC%9A%E7%A4%BE%E6%A6%82%E8%A6%81%20%E5%95%8F%E3%81%84%E5%90%88%E3%82%8F%E3%81%9B%20%E5%8D%B8,パソコン・周辺機器,中小候補,1
山形工房(Yamagata Koubou),1,328,1930,1,B00CTCXC7U,日本けん玉協会 認定競技用けん玉 大空 ピンク 山形工房,https://www.amazon.co.jp/dp/B00CTCXC7U,https://keepa.com/#!product/5-B00CTCXC7U,https://www.google.com/search?q=%E5%B1%B1%E5%BD%A2%E5%B7%A5%E6%88%BF%28Yamagata%20Koubou%29%20%E4%BC%9A%E7%A4%BE%E6%A6%82%E8%A6%81%20%E5%95%8F%E3%81%84%E5%90%88%E3%82%8F%E3%81%9B%20%E5%8D%B8,おもちゃ,中小候補,0
JGUG,1,701,1797,1,B0CHW15Z7B,【Bluetooth イヤホン】ワイヤレス ブルートゥース イヤホン JGUG 数字LEDディスプレイ表示 両耳ENCノイズキャンセリング 長時間連続再生 自動ペアリング 完全ぶる,https://www.amazon.co.jp/dp/B0CHW15Z7B,https://keepa.com/#!product/5-B0CHW15Z7B,https://www.google.com/search?q=JGUG%20%E4%BC%9A%E7%A4%BE%E6%A6%82%E8%A6%81%20%E5%95%8F%E3%81%84%E5%90%88%E3%82%8F%E3%81%9B%20%E5%8D%B8,家電＆カメラ,中小候補,1
YUDOFICAL,1,471,1825,1,B0F3CQ2G4K,YUDOFICAL 延長コード 2m 電源タップ USB コンセントタップ 4個AC+2個USB-A+1個Type-C 黒,https://www.amazon.co.jp/dp/B0F3CQ2G4K,https://keepa.com/#!product/5-B0F3CQ2G4K,https://www.google.com/search?q=YUDOFICAL%20%E4%BC%9A%E7%A4%BE%E6%A6%82%E8%A6%81%20%E5%95%8F%E3%81%84%E5%90%88%E3%82%8F%E3%81%9B%20%E5%8D%B8,パソコン・周辺機器,中小候補,1
Tryone,1,381,1896,1,B0F8BPLLM9,【2026新型・業界最長伸縮アーム】TRYONE タブレットホルダー 車 後部座席 ヘッドレストホルダー 伸縮アーム 360°回転 安定固定,https://www.amazon.co.jp/dp/B0F8BPLLM9,https://keepa.com/#!product/5-B0F8BPLLM9,https://www.google.com/search?q=Tryone%20%E4%BC%9A%E7%A4%BE%E6%A6%82%E8%A6%81%20%E5%95%8F%E3%81%84%E5%90%88%E3%82%8F%E3%81%9B%20%E5%8D%B8,車＆バイク,中小候補,1
SAZAC,1,546,1870,1,B0BZKVR3K4,スーパーマリオ マリオ 着ぐるみ帽子,https://www.amazon.co.jp/dp/B0BZKVR3K4,https://keepa.com/#!product/5-B0BZKVR3K4,https://www.google.com/search?q=SAZAC%20%E4%BC%9A%E7%A4%BE%E6%A6%82%E8%A6%81%20%E5%95%8F%E3%81%84%E5%90%88%E3%82%8F%E3%81%9B%20%E5%8D%B8,おもちゃ,中小候補,0
Casio,1,541,1680,1,B00KSHIM7I,Casio Casio-23152-CTL1616 – 腕時計バッテリー,https://www.amazon.co.jp/dp/B00KSHIM7I,https://keepa.com/#!product/5-B00KSHIM7I,https://www.google.com/search?q=Casio%20%E4%BC%9A%E7%A4%BE%E6%A6%82%E8%A6%81%20%E5%95%8F%E3%81%84%E5%90%88%E3%82%8F%E3%81%9B%20%E5%8D%B8,家電＆カメラ,大手/海外疑い,1
DYKL,1,669,1949,1,B0FN71V2R3,【Amazon.co.jp限定】DYKL 鼻毛カッター メンズ レディース 電動 エチケットカッター 3in1 鼻毛・眉毛・耳毛対応 眉毛シェーバー 耳毛カッター Type-C充電,https://www.amazon.co.jp/dp/B0FN71V2R3,https://keepa.com/#!product/5-B0FN71V2R3,https://www.google.com/search?q=DYKL%20%E4%BC%9A%E7%A4%BE%E6%A6%82%E8%A6%81%20%E5%95%8F%E3%81%84%E5%90%88%E3%82%8F%E3%81%9B%20%E5%8D%B8,ホーム＆キッチン,中小候補,1
CEREMONY,1,296,1976,1,B0CDLP9SQ3,CEREMONY お香立て、灰がこぼれない、おこうたて、線香立て、おこうたて おしゃれ（お香は付いていません）,https://www.amazon.co.jp/dp/B0CDLP9SQ3,https://keepa.com/#!product/5-B0CDLP9SQ3,https://www.google.com/search?q=CEREMONY%20%E4%BC%9A%E7%A4%BE%E6%A6%82%E8%A6%81%20%E5%95%8F%E3%81%84%E5%90%88%E3%82%8F%E3%81%9B%20%E5%8D%B8,ホーム＆キッチン,中小候補,0
ビーエムオンライン,1,411,1778,1,B09MQ19QJC,鈴木油脂 かびとりいっぱつ,https://www.amazon.co.jp/dp/B09MQ19QJC,https://keepa.com/#!product/5-B09MQ19QJC,https://www.google.com/search?q=%E3%83%93%E3%83%BC%E3%82%A8%E3%83%A0%E3%82%AA%E3%83%B3%E3%83%A9%E3%82%A4%E3%83%B3%20%E4%BC%9A%E7%A4%BE%E6%A6%82%E8%A6%81%20%E5%95%8F%E3%81%84%E5%90%88%E3%82%8F%E3%81%9B%20%E5%8D%B8,車＆バイク,中小候補,0
Airクリーンラボ,1,105,1980,1,B0DQ81QZWP,【張る空気清浄機×5つの試験で99%】 ハウスダスト対策 エアコンフィルター 壁掛エアコン・空気清浄機用 掃除 ホコリ 換気扇 エアクリーンラボ 花粉対策 2枚入り,https://www.amazon.co.jp/dp/B0DQ81QZWP,https://keepa.com/#!product/5-B0DQ81QZWP,https://www.google.com/search?q=Air%E3%82%AF%E3%83%AA%E3%83%BC%E3%83%B3%E3%83%A9%E3%83%9C%20%E4%BC%9A%E7%A4%BE%E6%A6%82%E8%A6%81%20%E5%95%8F%E3%81%84%E5%90%88%E3%82%8F%E3%81%9B%20%E5%8D%B8,ホーム＆キッチン,中小候補,1
ELUTENG,1,501,1519,1,B07T1HYBK2,ELUTENG SATA 増設ボード 6Gbps速度 pcie sata 増設 2ポート sata 増設 拡張カード PCI Express x1 X4 X8 X16用 大型/小型,https://www.amazon.co.jp/dp/B07T1HYBK2,https://keepa.com/#!product/5-B07T1HYBK2,https://www.google.com/search?q=ELUTENG%20%E4%BC%9A%E7%A4%BE%E6%A6%82%E8%A6%81%20%E5%95%8F%E3%81%84%E5%90%88%E3%82%8F%E3%81%9B%20%E5%8D%B8,パソコン・周辺機器,中小候補,1
Ashei,1,257,1695,1,B0F4KH3FGX,ソーラーライト 屋外 防水【2026新版 2個入り】 防犯 3つ知能モード 自動点灯/消灯 ソーラーセンサーライト 大容量電池 太陽光発電 電気代ゼロ 玄関/廊下/庭/壁掛け/駐車,https://www.amazon.co.jp/dp/B0F4KH3FGX,https://keepa.com/#!product/5-B0F4KH3FGX,https://www.google.com/search?q=Ashei%20%E4%BC%9A%E7%A4%BE%E6%A6%82%E8%A6%81%20%E5%95%8F%E3%81%84%E5%90%88%E3%82%8F%E3%81%9B%20%E5%8D%B8,DIY・工具・ガーデン,中小候補,0
LongFlight,1,551,1799,1,B0FVXVWLR2,LongFlight 携帯枕 ネックピロー 首枕 U型 空気枕 持ち運び便利 旅行枕 収納ポーチ付き 洗えるカバー 飛行機 コンパクト 車 夜行深夜バス 新幹線 ソファ 旅行用最適,https://www.amazon.co.jp/dp/B0FVXVWLR2,https://keepa.com/#!product/5-B0FVXVWLR2,https://www.google.com/search?q=LongFlight%20%E4%BC%9A%E7%A4%BE%E6%A6%82%E8%A6%81%20%E5%95%8F%E3%81%84%E5%90%88%E3%82%8F%E3%81%9B%20%E5%8D%B8,ホーム＆キッチン,中小候補,0
GOODNEW,1,678,1979,1,B0GG94PLMZ,【2026新登場】シェーバー メンズ 髭剃り ミニ 電気シェーバー 小型 ひげそり 携帯 軽量 IPX6防水 水洗い 乾湿両用 LEDディスプレイー Type-C充電式 6枚刃 高,https://www.amazon.co.jp/dp/B0GG94PLMZ,https://keepa.com/#!product/5-B0GG94PLMZ,https://www.google.com/search?q=GOODNEW%20%E4%BC%9A%E7%A4%BE%E6%A6%82%E8%A6%81%20%E5%95%8F%E3%81%84%E5%90%88%E3%82%8F%E3%81%9B%20%E5%8D%B8,ホーム＆キッチン,中小候補,1
MINLU,1,421,1599,1,B0BKKL1M31,【100W】巻き取り式充電ケーブル タイプc usb c ケーブル 巻き取り 1.2m リール式 PD対応100W/5A 超急速充電 高速データ転送,https://www.amazon.co.jp/dp/B0BKKL1M31,https://keepa.com/#!product/5-B0BKKL1M31,https://www.google.com/search?q=MINLU%20%E4%BC%9A%E7%A4%BE%E6%A6%82%E8%A6%81%20%E5%95%8F%E3%81%84%E5%90%88%E3%82%8F%E3%81%9B%20%E5%8D%B8,パソコン・周辺機器,中小候補,1
曙産業,1,117,1990,1,B08XWZ82W6,曙産業 レンジでらくチン! ゆでたまご 1個用 日本製 電子レンジで簡単ゆで卵作り 余熱調理で加熱時間を短縮 フタは安全2点ロック式 RE-1505 ホワイト/イエロー,https://www.amazon.co.jp/dp/B08XWZ82W6,https://keepa.com/#!product/5-B08XWZ82W6,https://www.google.com/search?q=%E6%9B%99%E7%94%A3%E6%A5%AD%20%E4%BC%9A%E7%A4%BE%E6%A6%82%E8%A6%81%20%E5%95%8F%E3%81%84%E5%90%88%E3%82%8F%E3%81%9B%20%E5%8D%B8,ホーム＆キッチン,中小候補,0
富士フレーバー,1,504,1782,1,B07JR1SNN4,富士フレーバー タバコシバンムシ 誘引 捕獲 セット ニューセリコ 2枚入り フェロモントラップ,https://www.amazon.co.jp/dp/B07JR1SNN4,https://keepa.com/#!product/5-B07JR1SNN4,https://www.google.com/search?q=%E5%AF%8C%E5%A3%AB%E3%83%95%E3%83%AC%E3%83%BC%E3%83%90%E3%83%BC%20%E4%BC%9A%E7%A4%BE%E6%A6%82%E8%A6%81%20%E5%95%8F%E3%81%84%E5%90%88%E3%82%8F%E3%81%9B%20%E5%8D%B8,DIY・工具・ガーデン,中小候補,0
Generic,1,436,1680,1,B0G4VB69LP,キャップライト 充電式 ヘッドライト 帽子ライト ヘルメット対応 軽量38g モード記憶 赤色灯搭載 センサー機能付き 釣り・キャンプ・作業用 収納ボックス＆日本語取扱説明書付き,https://www.amazon.co.jp/dp/B0G4VB69LP,https://keepa.com/#!product/5-B0G4VB69LP,https://www.google.com/search?q=Generic%20%E4%BC%9A%E7%A4%BE%E6%A6%82%E8%A6%81%20%E5%95%8F%E3%81%84%E5%90%88%E3%82%8F%E3%81%9B%20%E5%8D%B8,スポーツ＆アウトドア,中小候補,0
BRJR,1,576,1994,1,B0D22K597V,BRJR CD DVDドライブ 外付けDVDドライブ 高速処理 8XDVD& 24XCD 光学ドライブ外付け 読取/書込可 バスパワー USB 2.0/3.0&Type-C両接続 ,https://www.amazon.co.jp/dp/B0D22K597V,https://keepa.com/#!product/5-B0D22K597V,https://www.google.com/search?q=BRJR%20%E4%BC%9A%E7%A4%BE%E6%A6%82%E8%A6%81%20%E5%95%8F%E3%81%84%E5%90%88%E3%82%8F%E3%81%9B%20%E5%8D%B8,パソコン・周辺機器,中小候補,1
Gourde,1,486,1897,1,B0FPR8FC6M,CPUスタンド キャスター付き 組立簡単 デスクトップPC 置き台 ブラック,https://www.amazon.co.jp/dp/B0FPR8FC6M,https://keepa.com/#!product/5-B0FPR8FC6M,https://www.google.com/search?q=Gourde%20%E4%BC%9A%E7%A4%BE%E6%A6%82%E8%A6%81%20%E5%95%8F%E3%81%84%E5%90%88%E3%82%8F%E3%81%9B%20%E5%8D%B8,パソコン・周辺機器,中小候補,1
BUODCO,1,792,1943,1,B0DSVWSYRJ,【業界先端 Type-C＆USB-A対応】 マウス 無線 Bluetooth type-c口接続 ワイヤレスマウス 静音 超薄型 小型 高感度 ブルートゥース 2.4GHz 3段階,https://www.amazon.co.jp/dp/B0DSVWSYRJ,https://keepa.com/#!product/5-B0DSVWSYRJ,https://www.google.com/search?q=BUODCO%20%E4%BC%9A%E7%A4%BE%E6%A6%82%E8%A6%81%20%E5%95%8F%E3%81%84%E5%90%88%E3%82%8F%E3%81%9B%20%E5%8D%B8,パソコン・周辺機器,中小候補,1
日進医療器,1,73,1790,1,B001GXEGEQ,日進医療器 LE携帯酸素スプレー5リットル,https://www.amazon.co.jp/dp/B001GXEGEQ,https://keepa.com/#!product/5-B001GXEGEQ,https://www.google.com/search?q=%E6%97%A5%E9%80%B2%E5%8C%BB%E7%99%82%E5%99%A8%20%E4%BC%9A%E7%A4%BE%E6%A6%82%E8%A6%81%20%E5%95%8F%E3%81%84%E5%90%88%E3%82%8F%E3%81%9B%20%E5%8D%B8,スポーツ＆アウトドア,中小候補,0
LXCRTONE,1,317,1599,1,B0GG4D975Z,LXCRTONE スマホホルダー 車 【2026最新進化クリップ&最強の安定】 車 スマホスタンド 携帯ホルダー 車 360°回転な台座 脱着簡単 滑り止め スマホスタンド 水洗い,https://www.amazon.co.jp/dp/B0GG4D975Z,https://keepa.com/#!product/5-B0GG4D975Z,https://www.google.com/search?q=LXCRTONE%20%E4%BC%9A%E7%A4%BE%E6%A6%82%E8%A6%81%20%E5%95%8F%E3%81%84%E5%90%88%E3%82%8F%E3%81%9B%20%E5%8D%B8,車＆バイク,中小候補,0
PACPAK,1,438,1760,1,B0BT6VCS74,日本シール 直販 ぱくぱくローラー 正規品 抜け毛取り お掃除ローラー カーペット ラグ 絨毯 ペット 犬 猫 抜け毛 髪の毛 ホコリ 布団 掃除グッズ 掃除用品 便利グッズ パク,https://www.amazon.co.jp/dp/B0BT6VCS74,https://keepa.com/#!product/5-B0BT6VCS74,https://www.google.com/search?q=PACPAK%20%E4%BC%9A%E7%A4%BE%E6%A6%82%E8%A6%81%20%E5%95%8F%E3%81%84%E5%90%88%E3%82%8F%E3%81%9B%20%E5%8D%B8,ペット用品,中小候補,0
YOSH,1,513,1709,1,B0CGR936TZ,【ベンツにピッタリ】YOSH ベンツ スマホホルダー「A/C/CLA/GLC/Vクラス対応」スマホホルダー 車 ベンツ 丸形エアコン吹き出し口,https://www.amazon.co.jp/dp/B0CGR936TZ,https://keepa.com/#!product/5-B0CGR936TZ,https://www.google.com/search?q=YOSH%20%E4%BC%9A%E7%A4%BE%E6%A6%82%E8%A6%81%20%E5%95%8F%E3%81%84%E5%90%88%E3%82%8F%E3%81%9B%20%E5%8D%B8,車＆バイク,中小候補,0
BINGFU,1,288,1580,1,B08HHXFH98,BINGFU FMアンテナ ラジオアンテナ 粘着アンテナ 3つの変換コネクタ付き 屋内用 高感度 YAMAHA Denonなどに適しています,https://www.amazon.co.jp/dp/B08HHXFH98,https://keepa.com/#!product/5-B08HHXFH98,https://www.google.com/search?q=BINGFU%20%E4%BC%9A%E7%A4%BE%E6%A6%82%E8%A6%81%20%E5%95%8F%E3%81%84%E5%90%88%E3%82%8F%E3%81%9B%20%E5%8D%B8,家電＆カメラ,中小候補,1
Screwpop,1,567,1880,1,B074JG6SQH,Screwpop BIC ライターケース ライターホルダー BIC MINI J23 J25 対応 国内正規品,https://www.amazon.co.jp/dp/B074JG6SQH,https://keepa.com/#!product/5-B074JG6SQH,https://www.google.com/search?q=Screwpop%20%E4%BC%9A%E7%A4%BE%E6%A6%82%E8%A6%81%20%E5%95%8F%E3%81%84%E5%90%88%E3%82%8F%E3%81%9B%20%E5%8D%B8,ファッション,中小候補,0
Feesun,1,503,1698,1,B0D3LZ3XHR,ハンディファン 冷却プレート搭載 携帯扇風機 冷感 手持ち扇風機 3段階風力調節 長時間稼働 ミニファン 熱中症対策 USB充電式 小型 卓上 首掛け ストラップ付き カラビナ付き,https://www.amazon.co.jp/dp/B0D3LZ3XHR,https://keepa.com/#!product/5-B0D3LZ3XHR,https://www.google.com/search?q=Feesun%20%E4%BC%9A%E7%A4%BE%E6%A6%82%E8%A6%81%20%E5%95%8F%E3%81%84%E5%90%88%E3%82%8F%E3%81%9B%20%E5%8D%B8,ホーム＆キッチン,中小候補,1
Lamicall,1,557,1799,1,B0BN55KY4Z,Lamicall クイック取付 自転車 スマホ ホルダー : 自転車 携帯ホルダー ロードバイク iphone bike mount 落下防止,https://www.amazon.co.jp/dp/B0BN55KY4Z,https://keepa.com/#!product/5-B0BN55KY4Z,https://www.google.com/search?q=Lamicall%20%E4%BC%9A%E7%A4%BE%E6%A6%82%E8%A6%81%20%E5%95%8F%E3%81%84%E5%90%88%E3%82%8F%E3%81%9B%20%E5%8D%B8,スポーツ＆アウトドア,中小候補,0
HARU,1,95,1780,1,B07TS61PD1,包丁 マグネット 磁石 包丁スタンド 包丁立て ナイフスタンド マグネット ナイフラック ステンレス 強粘着テープ 壁掛け式 キッチンツール 簡単装着 (30MM),https://www.amazon.co.jp/dp/B07TS61PD1,https://keepa.com/#!product/5-B07TS61PD1,https://www.google.com/search?q=HARU%20%E4%BC%9A%E7%A4%BE%E6%A6%82%E8%A6%81%20%E5%95%8F%E3%81%84%E5%90%88%E3%82%8F%E3%81%9B%20%E5%8D%B8,ホーム＆キッチン,中小候補,0
リッチェル(Richell),1,39,1980,1,B07RTW9WLB,リッチェル(Richell) アクリア おでかけストローマグR 200 ネイビーブルー 1個 200ml 7カ月,https://www.amazon.co.jp/dp/B07RTW9WLB,https://keepa.com/#!product/5-B07RTW9WLB,https://www.google.com/search?q=%E3%83%AA%E3%83%83%E3%83%81%E3%82%A7%E3%83%AB%28Richell%29%20%E4%BC%9A%E7%A4%BE%E6%A6%82%E8%A6%81%20%E5%95%8F%E3%81%84%E5%90%88%E3%82%8F%E3%81%9B%20%E5%8D%B8,ベビー＆マタニティ,中小候補,0
鈴木ラテックス(SUZUKILATEX),1,114,1995,1,B0016JT474,鈴木ラテックス ヨーヨーフーセンセット ポケットポンプ付き 100個入り,https://www.amazon.co.jp/dp/B0016JT474,https://keepa.com/#!product/5-B0016JT474,https://www.google.com/search?q=%E9%88%B4%E6%9C%A8%E3%83%A9%E3%83%86%E3%83%83%E3%82%AF%E3%82%B9%28SUZUKILATEX%29%20%E4%BC%9A%E7%A4%BE%E6%A6%82%E8%A6%81%20%E5%95%8F%E3%81%84%E5%90%88%E3%82%8F%E3%81%9B%20%E5%8D%B8,おもちゃ,中小候補,0
バイクハンド(Bike Hand),1,288,1780,1,B0BMWQ9MZM,BIKE HAND 自転車 ペダルレンチ 高トルク 15mm対応 プロフェッショナル 工具（YC-163L）,https://www.amazon.co.jp/dp/B0BMWQ9MZM,https://keepa.com/#!product/5-B0BMWQ9MZM,https://www.google.com/search?q=%E3%83%90%E3%82%A4%E3%82%AF%E3%83%8F%E3%83%B3%E3%83%89%28Bike%20Hand%29%20%E4%BC%9A%E7%A4%BE%E6%A6%82%E8%A6%81%20%E5%95%8F%E3%81%84%E5%90%88%E3%82%8F%E3%81%9B%20%E5%8D%B8,スポーツ＆アウトドア,中小候補,0
Cryfokt,1,53,1615,1,B0D5PHBCT6,バスバー、2 個スタッド配電ブロック 4 端子簡単取り付け M8,https://www.amazon.co.jp/dp/B0D5PHBCT6,https://keepa.com/#!product/5-B0D5PHBCT6,https://www.google.com/search?q=Cryfokt%20%E4%BC%9A%E7%A4%BE%E6%A6%82%E8%A6%81%20%E5%95%8F%E3%81%84%E5%90%88%E3%82%8F%E3%81%9B%20%E5%8D%B8,産業・研究開発用品,中小候補,0
Onalra,1,278,2099,1,B0GGZ318TQ,Bluetoothイヤホン ワイヤレスイヤホン 2つのシリコンマイク搭載 AIスマートENC通話 60時間音楽再生2026最新bluetooth 6.0 クリップイヤホン空気伝導耳,https://www.amazon.co.jp/dp/B0GGZ318TQ,https://keepa.com/#!product/5-B0GGZ318TQ,https://www.google.com/search?q=Onalra%20%E4%BC%9A%E7%A4%BE%E6%A6%82%E8%A6%81%20%E5%95%8F%E3%81%84%E5%90%88%E3%82%8F%E3%81%9B%20%E5%8D%B8,家電＆カメラ,中小候補,1
アイサポモバイル,1,1053,2420,1,B0DQC4LNLQ,【日本通信SIM】音声対応：合理的（シンプル290プラン、みんなのプラン、50GBプラン、他）またはデータ通信専用：（ネットだけプラン）から選んでお申込みいただける新スターターパッ,https://www.amazon.co.jp/dp/B0DQC4LNLQ,https://keepa.com/#!product/5-B0DQC4LNLQ,https://www.google.com/search?q=%E3%82%A2%E3%82%A4%E3%82%B5%E3%83%9D%E3%83%A2%E3%83%90%E3%82%A4%E3%83%AB%20%E4%BC%9A%E7%A4%BE%E6%A6%82%E8%A6%81%20%E5%95%8F%E3%81%84%E5%90%88%E3%82%8F%E3%81%9B%20%E5%8D%B8,家電＆カメラ,中小候補,1
Yukimoto,1,476,2352,1,B0DYNSZH6S,枕 首が負担にならない 低反発 安眠 まくら 頭・首・肩を支える 中空設計 腕サポート pillow 低め 高め 二段階高さ調整可 低反発枕 仰向き寝 横向き寝 うつぶせ寝 通気性,https://www.amazon.co.jp/dp/B0DYNSZH6S,https://keepa.com/#!product/5-B0DYNSZH6S,https://www.google.com/search?q=Yukimoto%20%E4%BC%9A%E7%A4%BE%E6%A6%82%E8%A6%81%20%E5%95%8F%E3%81%84%E5%90%88%E3%82%8F%E3%81%9B%20%E5%8D%B8,ホーム＆キッチン,中小候補,0
Mountsafe,1,1126,2499,1,B0FR4NYBG6,【業界新定番！Bluetooth6.0+EDR】ヘッドセット bluetooth 耳掛け式 最大100時間連続使用 充電ケース付き,https://www.amazon.co.jp/dp/B0FR4NYBG6,https://keepa.com/#!product/5-B0FR4NYBG6,https://www.google.com/search?q=Mountsafe%20%E4%BC%9A%E7%A4%BE%E6%A6%82%E8%A6%81%20%E5%95%8F%E3%81%84%E5%90%88%E3%82%8F%E3%81%9B%20%E5%8D%B8,家電＆カメラ,中小候補,1
Liaolee,1,743,2100,1,B0C58DTLTR,ネックケア 首 リラクゼーション器 Liaolee 新登場 (加温×EMS&TENSのW効果) 静音 軽量 首元リフレッシュ ネックリラックス,https://www.amazon.co.jp/dp/B0C58DTLTR,https://keepa.com/#!product/5-B0C58DTLTR,https://www.google.com/search?q=Liaolee%20%E4%BC%9A%E7%A4%BE%E6%A6%82%E8%A6%81%20%E5%95%8F%E3%81%84%E5%90%88%E3%82%8F%E3%81%9B%20%E5%8D%B8,ホーム＆キッチン,中小候補,1
Mtricpop,1,602,2017,1,B0BYJD8R3K,スマホ 三脚 自撮り棒 長い 180cm以上 スマホスタンド 【設計強化180cm & 充電式リモコン】1/4ネジ付き じどり棒 カメラ 一脚/三脚 フォト・ビデオキット 360°,https://www.amazon.co.jp/dp/B0BYJD8R3K,https://keepa.com/#!product/5-B0BYJD8R3K,https://www.google.com/search?q=Mtricpop%20%E4%BC%9A%E7%A4%BE%E6%A6%82%E8%A6%81%20%E5%95%8F%E3%81%84%E5%90%88%E3%82%8F%E3%81%9B%20%E5%8D%B8,家電＆カメラ,中小候補,1
IAPOS,1,595,2499,1,B0FYFNGHGY,モバイルバッテリー 大容量 【40000mAh大容量 ・薄さ2.84cm】IAPOS モバイルバッテリー 急速充電 22.5W/20W対応 3台同時充電可能 最大4.5A出力 LE,https://www.amazon.co.jp/dp/B0FYFNGHGY,https://keepa.com/#!product/5-B0FYFNGHGY,https://www.google.com/search?q=IAPOS%20%E4%BC%9A%E7%A4%BE%E6%A6%82%E8%A6%81%20%E5%95%8F%E3%81%84%E5%90%88%E3%82%8F%E3%81%9B%20%E5%8D%B8,家電＆カメラ,中小候補,1
ＡＮＤＥＲＹ,1,1427,2846,1,B0FCSBH974,スマホホルダー 車 ワイヤレス充電 マグネット【15W急速充電+真空吸盤の最強コンビ】安定性拔群 【超強磁力】カー用品/車用品,https://www.amazon.co.jp/dp/B0FCSBH974,https://keepa.com/#!product/5-B0FCSBH974,https://www.google.com/search?q=%EF%BC%A1%EF%BC%AE%EF%BC%A4%EF%BC%A5%EF%BC%B2%EF%BC%B9%20%E4%BC%9A%E7%A4%BE%E6%A6%82%E8%A6%81%20%E5%95%8F%E3%81%84%E5%90%88%E3%82%8F%E3%81%9B%20%E5%8D%B8,家電＆カメラ,中小候補,1
YIERSAN,1,1341,2799,1,B0FVXHH1NR,YIERSAN エアタグ airtag 2個セット【iOS&Android両方対応・Apple&Google公式認証・全地球精確測位】紛失防止タグ スマートタグ エアタグ andr,https://www.amazon.co.jp/dp/B0FVXHH1NR,https://keepa.com/#!product/5-B0FVXHH1NR,https://www.google.com/search?q=YIERSAN%20%E4%BC%9A%E7%A4%BE%E6%A6%82%E8%A6%81%20%E5%95%8F%E3%81%84%E5%90%88%E3%82%8F%E3%81%9B%20%E5%8D%B8,家電＆カメラ,大手/海外疑い,1
MIATONE,1,1132,2759,1,B0D1VDZ34M,MIATONE Bluetooth スピーカー 360°サウンド 重低音モデル IPX7防水 ワイヤレス お風呂 ブルートゥース スピーカー デュアルパッシブラジエーター スマホ ,https://www.amazon.co.jp/dp/B0D1VDZ34M,https://keepa.com/#!product/5-B0D1VDZ34M,https://www.google.com/search?q=MIATONE%20%E4%BC%9A%E7%A4%BE%E6%A6%82%E8%A6%81%20%E5%95%8F%E3%81%84%E5%90%88%E3%82%8F%E3%81%9B%20%E5%8D%B8,家電＆カメラ,中小候補,1
Trywon,1,767,2999,1,B0CCJKPT28,スマホスタンド iPhone&iPad 両用 全機種対応 仰向け ごろ寝 タブレットスタンド アーム 寝ながらスマホ 携帯 安定性,https://www.amazon.co.jp/dp/B0CCJKPT28,https://keepa.com/#!product/5-B0CCJKPT28,https://www.google.com/search?q=Trywon%20%E4%BC%9A%E7%A4%BE%E6%A6%82%E8%A6%81%20%E5%95%8F%E3%81%84%E5%90%88%E3%82%8F%E3%81%9B%20%E5%8D%B8,家電＆カメラ,中小候補,1
Gillmar,1,1309,2944,1,B0BKLCFT92,ボイスレコーダー 小型 ICレコーダー 長時間録音 32GB大容量 1536kbps音質 42時間連続使用 コンパクト 録音機 ワンボタン録音 液晶画面 ヴォイスレコーダー AVR,https://www.amazon.co.jp/dp/B0BKLCFT92,https://keepa.com/#!product/5-B0BKLCFT92,https://www.google.com/search?q=Gillmar%20%E4%BC%9A%E7%A4%BE%E6%A6%82%E8%A6%81%20%E5%95%8F%E3%81%84%E5%90%88%E3%82%8F%E3%81%9B%20%E5%8D%B8,家電＆カメラ,中小候補,1
Speiow,1,1377,3097,1,B0GL817KLH,モバイルバッテリー 大容量【60000mAh大容量·6台同時に充電·急速充電】モバイルバッテリー 軽量 小型 4つのケーブル内蔵 最大出力2.4A ケーブル内蔵一体型 LCD残量表,https://www.amazon.co.jp/dp/B0GL817KLH,https://keepa.com/#!product/5-B0GL817KLH,https://www.google.com/search?q=Speiow%20%E4%BC%9A%E7%A4%BE%E6%A6%82%E8%A6%81%20%E5%95%8F%E3%81%84%E5%90%88%E3%82%8F%E3%81%9B%20%E5%8D%B8,家電＆カメラ,中小候補,1
Erssimo,1,1713,3228,1,B0BF5WN71R,骨伝導イヤホン bluetooth マイク付き こつでんどう イヤホン bluetooth 防水 スポーツ イヤホン ランニング トレーニング サイクリング 耳を塞がないイヤホン ,https://www.amazon.co.jp/dp/B0BF5WN71R,https://keepa.com/#!product/5-B0BF5WN71R,https://www.google.com/search?q=Erssimo%20%E4%BC%9A%E7%A4%BE%E6%A6%82%E8%A6%81%20%E5%95%8F%E3%81%84%E5%90%88%E3%82%8F%E3%81%9B%20%E5%8D%B8,家電＆カメラ,中小候補,1
BONTEC,1,1281,3199,1,B08GFDZ288,BONTEC テレビ壁掛け金具 32～75インチ対応 デュアルアーム式 フルモーション 耐荷重60kg VESA600×400mm,https://www.amazon.co.jp/dp/B08GFDZ288,https://keepa.com/#!product/5-B08GFDZ288,https://www.google.com/search?q=BONTEC%20%E4%BC%9A%E7%A4%BE%E6%A6%82%E8%A6%81%20%E5%95%8F%E3%81%84%E5%90%88%E3%82%8F%E3%81%9B%20%E5%8D%B8,家電＆カメラ,中小候補,1
Audwierr,1,844,3499,1,B0GJBP5MXQ,【Amazon.co.jp限定】スマートウォッチ 【2026進化モデル＆付属ベルト*2 】2.01インチ大画面 iPhone対応 アンドロイド対応 smart watch Blue,https://www.amazon.co.jp/dp/B0GJBP5MXQ,https://keepa.com/#!product/5-B0GJBP5MXQ,https://www.google.com/search?q=Audwierr%20%E4%BC%9A%E7%A4%BE%E6%A6%82%E8%A6%81%20%E5%95%8F%E3%81%84%E5%90%88%E3%82%8F%E3%81%9B%20%E5%8D%B8,家電＆カメラ,中小候補,1
TELESIN,1,1451,3215,1,B0CN99RD5L,TELESIN スマホネックレスマウント スマホ ネックホルダー 磁気マグネット 首掛けスマホホルダー iPhone対応,https://www.amazon.co.jp/dp/B0CN99RD5L,https://keepa.com/#!product/5-B0CN99RD5L,https://www.google.com/search?q=TELESIN%20%E4%BC%9A%E7%A4%BE%E6%A6%82%E8%A6%81%20%E5%95%8F%E3%81%84%E5%90%88%E3%82%8F%E3%81%9B%20%E5%8D%B8,家電＆カメラ,中小候補,1
Yokizu,1,1026,3390,1,B0DCW87ZXL,Yokizu 加湿器 小型 卓上 大容量 除菌 アロマ 超音波式 LEDライト しずく型 お手入れしやすい 静音 おしゃれ 寝室 6-10畳 ホワイト,https://www.amazon.co.jp/dp/B0DCW87ZXL,https://keepa.com/#!product/5-B0DCW87ZXL,https://www.google.com/search?q=Yokizu%20%E4%BC%9A%E7%A4%BE%E6%A6%82%E8%A6%81%20%E5%95%8F%E3%81%84%E5%90%88%E3%82%8F%E3%81%9B%20%E5%8D%B8,ホーム＆キッチン,中小候補,1
IKUNTOP,1,877,3503,1,B0FRFPH1GL,モバイルバッテリー 小型 6800mAh MFi認証 【新登場 & タイプCコネクター内蔵】 携帯バッテリー 軽量 2台同時充電,https://www.amazon.co.jp/dp/B0FRFPH1GL,https://keepa.com/#!product/5-B0FRFPH1GL,https://www.google.com/search?q=IKUNTOP%20%E4%BC%9A%E7%A4%BE%E6%A6%82%E8%A6%81%20%E5%95%8F%E3%81%84%E5%90%88%E3%82%8F%E3%81%9B%20%E5%8D%B8,家電＆カメラ,中小候補,1
Letpedi,1,2087,4499,1,B0FQ57B4M4,ボイスレコーダー 小型 ICレコーダー 【64GB大容量&3072kbps音質】 録音機 長時間録音 ENCデュアルマイク ノイズキャンセリング,https://www.amazon.co.jp/dp/B0FQ57B4M4,https://keepa.com/#!product/5-B0FQ57B4M4,https://www.google.com/search?q=Letpedi%20%E4%BC%9A%E7%A4%BE%E6%A6%82%E8%A6%81%20%E5%95%8F%E3%81%84%E5%90%88%E3%82%8F%E3%81%9B%20%E5%8D%B8,家電＆カメラ,中小候補,1
Cambink,1,1960,4179,1,B0GJSPJ661,プラネタリウム 家庭用 スタープロジェクター 月 オーロラ 15種類光 USB充電式 Bluetooth 音楽再生 パーティー 睡眠グッズ リモコン,https://www.amazon.co.jp/dp/B0GJSPJ661,https://keepa.com/#!product/5-B0GJSPJ661,https://www.google.com/search?q=Cambink%20%E4%BC%9A%E7%A4%BE%E6%A6%82%E8%A6%81%20%E5%95%8F%E3%81%84%E5%90%88%E3%82%8F%E3%81%9B%20%E5%8D%B8,家電＆カメラ,中小候補,1
atolla,1,1983,4369,1,B09TZQT8Z7,USB3.0ハブ 電源付き atolla USB ハブ 10ポート USBハブ セルフパワー USB Hub 5Gbps高速データ伝送 USB3.0 拡張 独立スイッチ付き ACア,https://www.amazon.co.jp/dp/B09TZQT8Z7,https://keepa.com/#!product/5-B09TZQT8Z7,https://www.google.com/search?q=atolla%20%E4%BC%9A%E7%A4%BE%E6%A6%82%E8%A6%81%20%E5%95%8F%E3%81%84%E5%90%88%E3%82%8F%E3%81%9B%20%E5%8D%B8,パソコン・周辺機器,中小候補,1
マーナ(Marna),1,2064,4180,1,B0C4X9TW9C,[マーナ] Shupatto 保冷バッグ (20L/ホワイトバーチ) シュパット 一気にたためる エコバッグ (折り畳み/大容量) 保冷バッグ,https://www.amazon.co.jp/dp/B0C4X9TW9C,https://keepa.com/#!product/5-B0C4X9TW9C,https://www.google.com/search?q=%E3%83%9E%E3%83%BC%E3%83%8A%28Marna%29%20%E4%BC%9A%E7%A4%BE%E6%A6%82%E8%A6%81%20%E5%95%8F%E3%81%84%E5%90%88%E3%82%8F%E3%81%9B%20%E5%8D%B8,ファッション,中小候補,0
LISEN,1,2613,4497,1,B0FY33K77X,LISEN 2026新版【Qi2認証 25W急速充電】magsafe 車載ホルダー 冷却ファン内蔵 ワイヤレス充電器,https://www.amazon.co.jp/dp/B0FY33K77X,https://keepa.com/#!product/5-B0FY33K77X,https://www.google.com/search?q=LISEN%20%E4%BC%9A%E7%A4%BE%E6%A6%82%E8%A6%81%20%E5%95%8F%E3%81%84%E5%90%88%E3%82%8F%E3%81%9B%20%E5%8D%B8,家電＆カメラ,中小候補,1
Seiko,1,1129,4280,1,B0CCT7WXC1,セイコークロック(Seiko Clock) 目覚まし時計 置き時計 電波 デジタル カレンダー 温度 湿度 白パール 85×120×48mm BC419S,https://www.amazon.co.jp/dp/B0CCT7WXC1,https://keepa.com/#!product/5-B0CCT7WXC1,https://www.google.com/search?q=Seiko%20%E4%BC%9A%E7%A4%BE%E6%A6%82%E8%A6%81%20%E5%95%8F%E3%81%84%E5%90%88%E3%82%8F%E3%81%9B%20%E5%8D%B8,ホーム＆キッチン,大手/海外疑い,0
河合出版,1,159,4369,1,4777229513,2026 共通テスト総合問題集 英語(リーディング) (河合塾SERIES),https://www.amazon.co.jp/dp/4777229513,https://keepa.com/#!product/5-4777229513,https://www.google.com/search?q=%E6%B2%B3%E5%90%88%E5%87%BA%E7%89%88%20%E4%BC%9A%E7%A4%BE%E6%A6%82%E8%A6%81%20%E5%95%8F%E3%81%84%E5%90%88%E3%82%8F%E3%81%9B%20%E5%8D%B8,本,中小候補,0
Belkin,1,2173,4157,1,B0FBM6X15S,Belkin Cubic Charger 67W 充電器 type-c PD充電器 USB-C*2 急速充電 ZSP技術を搭載(待機消費0) ホワイト,https://www.amazon.co.jp/dp/B0FBM6X15S,https://keepa.com/#!product/5-B0FBM6X15S,https://www.google.com/search?q=Belkin%20%E4%BC%9A%E7%A4%BE%E6%A6%82%E8%A6%81%20%E5%95%8F%E3%81%84%E5%90%88%E3%82%8F%E3%81%9B%20%E5%8D%B8,家電＆カメラ,中小候補,1
Vellope,1,1069,4880,1,B0BPH5GT67,ボディシェーバー メンズ VIO シェーバー 10 段階長さ調節 3-12mm 電動バリカン ムダ毛処理 IPX5 防水 水洗い お風呂剃り可 USB 充電式 Vellope RS,https://www.amazon.co.jp/dp/B0BPH5GT67,https://keepa.com/#!product/5-B0BPH5GT67,https://www.google.com/search?q=Vellope%20%E4%BC%9A%E7%A4%BE%E6%A6%82%E8%A6%81%20%E5%95%8F%E3%81%84%E5%90%88%E3%82%8F%E3%81%9B%20%E5%8D%B8,ホーム＆キッチン,中小候補,1
Eynew,1,436,4599,1,B0GH6TRKH8,イヤホン bluetooth 片耳3.9g 超軽量 コンパクト設計 【2026 声の新時代が登場】ワイヤレスイヤホン,https://www.amazon.co.jp/dp/B0GH6TRKH8,https://keepa.com/#!product/5-B0GH6TRKH8,https://www.google.com/search?q=Eynew%20%E4%BC%9A%E7%A4%BE%E6%A6%82%E8%A6%81%20%E5%95%8F%E3%81%84%E5%90%88%E3%82%8F%E3%81%9B%20%E5%8D%B8,家電＆カメラ,中小候補,1
zonzon,1,1983,4979,1,B0DXF8SDF8,ソーラーモバイルバッテリー 22.5W/PD18W 61200mAh 急速充電 手回し充電 ソーラーチャージャー 防災士監修,https://www.amazon.co.jp/dp/B0DXF8SDF8,https://keepa.com/#!product/5-B0DXF8SDF8,https://www.google.com/search?q=zonzon%20%E4%BC%9A%E7%A4%BE%E6%A6%82%E8%A6%81%20%E5%95%8F%E3%81%84%E5%90%88%E3%82%8F%E3%81%9B%20%E5%8D%B8,家電＆カメラ,中小候補,1
OMKUY,1,1805,4999,1,B0DNVRMTFK,OMKUY 140W USB充電器 Type-c 6ポート 急速充電器（PPS&PD3.0&QC4+対応）PC同時充電 ノートPC充電器 コンセント,https://www.amazon.co.jp/dp/B0DNVRMTFK,https://keepa.com/#!product/5-B0DNVRMTFK,https://www.google.com/search?q=OMKUY%20%E4%BC%9A%E7%A4%BE%E6%A6%82%E8%A6%81%20%E5%95%8F%E3%81%84%E5%90%88%E3%82%8F%E3%81%9B%20%E5%8D%B8,家電＆カメラ,中小候補,1
矢崎エナジーシステム㈱,1,2337,4980,1,B07D97XSRP,ＹＡＺＡＫＩ 矢崎 電源コード式 都市ガス ガス警報器 日本製 YF-814 ガス漏れ 警報器 省エネ コンパクト,https://www.amazon.co.jp/dp/B07D97XSRP,https://keepa.com/#!product/5-B07D97XSRP,https://www.google.com/search?q=%E7%9F%A2%E5%B4%8E%E3%82%A8%E3%83%8A%E3%82%B8%E3%83%BC%E3%82%B7%E3%82%B9%E3%83%86%E3%83%A0%E3%88%B1%20%E4%BC%9A%E7%A4%BE%E6%A6%82%E8%A6%81%20%E5%95%8F%E3%81%84%E5%90%88%E3%82%8F%E3%81%9B%20%E5%8D%B8,DIY・工具・ガーデン,中小候補,1
GooSpy,1,2938,5299,1,B09YNT6JH4,GooSpy 小型カメラ wifi 隠しカメラ スマホ 1080P 超小型 256GB対応 24時間録画 USB充電式 動体検知 上書き録画 長時間録画 iOS/Android 遠,https://www.amazon.co.jp/dp/B09YNT6JH4,https://keepa.com/#!product/5-B09YNT6JH4,https://www.google.com/search?q=GooSpy%20%E4%BC%9A%E7%A4%BE%E6%A6%82%E8%A6%81%20%E5%95%8F%E3%81%84%E5%90%88%E3%82%8F%E3%81%9B%20%E5%8D%B8,家電＆カメラ,中小候補,1
FiiO,1,3073,5190,1,B09NXJG3VX,FIIO KA11 Type-C Silver Black 【日本正規店より発送・シリアルナンバー付】USB DAC アンプ ポータブル ヘッドホン ヘッドフォン イヤホン イヤフ,https://www.amazon.co.jp/dp/B09NXJG3VX,https://keepa.com/#!product/5-B09NXJG3VX,https://www.google.com/search?q=FiiO%20%E4%BC%9A%E7%A4%BE%E6%A6%82%E8%A6%81%20%E5%95%8F%E3%81%84%E5%90%88%E3%82%8F%E3%81%9B%20%E5%8D%B8,家電＆カメラ,中小候補,1
経営科学出版,1,657,5300,1,4867691453,日本経済の勝算〜なぜ今、世界が日本に注目するのか〜,https://www.amazon.co.jp/dp/4867691453,https://keepa.com/#!product/5-4867691453,https://www.google.com/search?q=%E7%B5%8C%E5%96%B6%E7%A7%91%E5%AD%A6%E5%87%BA%E7%89%88%20%E4%BC%9A%E7%A4%BE%E6%A6%82%E8%A6%81%20%E5%95%8F%E3%81%84%E5%90%88%E3%82%8F%E3%81%9B%20%E5%8D%B8,本,中小候補,0
KJKD,1,3376,5809,1,B0FP294GLY,【2026最新ChatGPT&AI文字盤】 KJKD L1スマートウォッチ常時表示 AMOLED 1.5時間充電 iPhone/アンドロイド対応,https://www.amazon.co.jp/dp/B0FP294GLY,https://keepa.com/#!product/5-B0FP294GLY,https://www.google.com/search?q=KJKD%20%E4%BC%9A%E7%A4%BE%E6%A6%82%E8%A6%81%20%E5%95%8F%E3%81%84%E5%90%88%E3%82%8F%E3%81%9B%20%E5%8D%B8,家電＆カメラ,中小候補,1
Alprojec,1,3200,5698,1,B0G7G1XGS2,【2026年プライム限定】プロジェクター 家庭用 小型 270°回転 ネイティブ1080P 32000LM 天井投影 Bluetooth5.4 ホームプロジェクター 4k対応 家庭,https://www.amazon.co.jp/dp/B0G7G1XGS2,https://keepa.com/#!product/5-B0G7G1XGS2,https://www.google.com/search?q=Alprojec%20%E4%BC%9A%E7%A4%BE%E6%A6%82%E8%A6%81%20%E5%95%8F%E3%81%84%E5%90%88%E3%82%8F%E3%81%9B%20%E5%8D%B8,家電＆カメラ,中小候補,1
VANBOKEE,1,1174,5980,1,B0G3FD8FSY,イヤホン bluetooth 【完全 Bluetooth 6.0 & Hi-Fi級】ワイヤレスイヤホン 自動ペアリング イヤフォン 最大30時間再生 ENCダブルマイク通話ノイズキ,https://www.amazon.co.jp/dp/B0G3FD8FSY,https://keepa.com/#!product/5-B0G3FD8FSY,https://www.google.com/search?q=VANBOKEE%20%E4%BC%9A%E7%A4%BE%E6%A6%82%E8%A6%81%20%E5%95%8F%E3%81%84%E5%90%88%E3%82%8F%E3%81%9B%20%E5%8D%B8,家電＆カメラ,中小候補,1
TAREASS,1,2612,5979,1,B0DZ1T51KS,除湿機 小型【2026梅雨対策・強力除湿・省エネ】衣類乾燥除湿機 除湿器 ダブルぺルチェ式 強力 じょしつき 24時間切タイマー 湿気&梅雨対策,https://www.amazon.co.jp/dp/B0DZ1T51KS,https://keepa.com/#!product/5-B0DZ1T51KS,https://www.google.com/search?q=TAREASS%20%E4%BC%9A%E7%A4%BE%E6%A6%82%E8%A6%81%20%E5%95%8F%E3%81%84%E5%90%88%E3%82%8F%E3%81%9B%20%E5%8D%B8,ホーム＆キッチン,中小候補,1
Dreemstar,1,2537,5670,1,B0GHM2G79S,【2026新設計&一台多役】腰枕 クッション 腰・背中・首・肩・太もも・ふくらはぎ コードレス 双方向回転 3段階強度調節 温熱機能 3Dヘッド 静音 10分自動的タイマー 誕生日,https://www.amazon.co.jp/dp/B0GHM2G79S,https://keepa.com/#!product/5-B0GHM2G79S,https://www.google.com/search?q=Dreemstar%20%E4%BC%9A%E7%A4%BE%E6%A6%82%E8%A6%81%20%E5%95%8F%E3%81%84%E5%90%88%E3%82%8F%E3%81%9B%20%E5%8D%B8,ホーム＆キッチン,中小候補,1
Mattel Games,1,2530,5999,1,B08J4F61DF,マテルゲーム(Mattel Game) ウノ(UNO) ウノ アタック エクストリーム カードゲーム パーティーゲーム 2~10人用 7歳から GXY78,https://www.amazon.co.jp/dp/B08J4F61DF,https://keepa.com/#!product/5-B08J4F61DF,https://www.google.com/search?q=Mattel%20Games%20%E4%BC%9A%E7%A4%BE%E6%A6%82%E8%A6%81%20%E5%95%8F%E3%81%84%E5%90%88%E3%82%8F%E3%81%9B%20%E5%8D%B8,おもちゃ,中小候補,0
Yibest,1,3255,6630,1,B0F3FJLCH7,【世界初！チタン金属製サーキュレーター DCモーター】卓上扇風機 静音 超小型せんぷうき パワフル送風 省エネ USB充電式 10段階風量調節 デスクトップファン 360°x180,https://www.amazon.co.jp/dp/B0F3FJLCH7,https://keepa.com/#!product/5-B0F3FJLCH7,https://www.google.com/search?q=Yibest%20%E4%BC%9A%E7%A4%BE%E6%A6%82%E8%A6%81%20%E5%95%8F%E3%81%84%E5%90%88%E3%82%8F%E3%81%9B%20%E5%8D%B8,ホーム＆キッチン,中小候補,1
ウッディプッディ(Woodypuddy),1,2049,6592,1,B07NN9Z9C8,ウッディプッディ(Woodypuddy) サラダセット,https://www.amazon.co.jp/dp/B07NN9Z9C8,https://keepa.com/#!product/5-B07NN9Z9C8,https://www.google.com/search?q=%E3%82%A6%E3%83%83%E3%83%87%E3%82%A3%E3%83%97%E3%83%83%E3%83%87%E3%82%A3%28Woodypuddy%29%20%E4%BC%9A%E7%A4%BE%E6%A6%82%E8%A6%81%20%E5%95%8F%E3%81%84%E5%90%88%E3%82%8F%E3%81%9B%20%E5%8D%B8,おもちゃ,中小候補,0
Bulonchi,1,2411,6649,1,B0F7LHL13N,2026最強爆風 体感-21℃ 50000mAh 36V超高出力 空調作業服 ファンバッテリーセット PSE認証済 業界最強,https://www.amazon.co.jp/dp/B0F7LHL13N,https://keepa.com/#!product/5-B0F7LHL13N,https://www.google.com/search?q=Bulonchi%20%E4%BC%9A%E7%A4%BE%E6%A6%82%E8%A6%81%20%E5%95%8F%E3%81%84%E5%90%88%E3%82%8F%E3%81%9B%20%E5%8D%B8,ホーム＆キッチン,中小候補,1
Tecaki,1,4277,7218,1,B0FT3L7N3W,Tecaki 新型プロジェクター 家庭用【Android TV搭載・電動フォーカス・超小型】270°回転 4K対応 Native1080P 真の25000LM 高輝き度 静音 自動,https://www.amazon.co.jp/dp/B0FT3L7N3W,https://keepa.com/#!product/5-B0FT3L7N3W,https://www.google.com/search?q=Tecaki%20%E4%BC%9A%E7%A4%BE%E6%A6%82%E8%A6%81%20%E5%95%8F%E3%81%84%E5%90%88%E3%82%8F%E3%81%9B%20%E5%8D%B8,家電＆カメラ,中小候補,1
コンチネンタル(Continental),1,3548,7040,1,B08PNXT8VQ,Continental(コンチネンタル) Ultra Sport 3(ウルトラスポーツ3) Black/Black 700x28C FB ロード用クリンチャータイヤ 2本セット,https://www.amazon.co.jp/dp/B08PNXT8VQ,https://keepa.com/#!product/5-B08PNXT8VQ,https://www.google.com/search?q=%E3%82%B3%E3%83%B3%E3%83%81%E3%83%8D%E3%83%B3%E3%82%BF%E3%83%AB%28Continental%29%20%E4%BC%9A%E7%A4%BE%E6%A6%82%E8%A6%81%20%E5%95%8F%E3%81%84%E5%90%88%E3%82%8F%E3%81%9B%20%E5%8D%B8,スポーツ＆アウトドア,中小候補,0
GOBOT,1,3629,7320,1,B0BYYRBTYJ,GOBOT 電動モップ コードレス回転モップクリーナー 軽量化 回転モップ 1台4役 水噴射 モップクリーナー 200回/分 替えモップ6枚付き 拭き掃除 充電式 水拭き フローリ,https://www.amazon.co.jp/dp/B0BYYRBTYJ,https://keepa.com/#!product/5-B0BYYRBTYJ,https://www.google.com/search?q=GOBOT%20%E4%BC%9A%E7%A4%BE%E6%A6%82%E8%A6%81%20%E5%95%8F%E3%81%84%E5%90%88%E3%82%8F%E3%81%9B%20%E5%8D%B8,ホーム＆キッチン,中小候補,0
アイアップ,1,1575,7000,1,B01FXIRHC2,アイアップ OH!寿司ゲーム マルチカラー,https://www.amazon.co.jp/dp/B01FXIRHC2,https://keepa.com/#!product/5-B01FXIRHC2,https://www.google.com/search?q=%E3%82%A2%E3%82%A4%E3%82%A2%E3%83%83%E3%83%97%20%E4%BC%9A%E7%A4%BE%E6%A6%82%E8%A6%81%20%E5%95%8F%E3%81%84%E5%90%88%E3%82%8F%E3%81%9B%20%E5%8D%B8,おもちゃ,中小候補,0
NIPLUX,1,3005,7920,1,B0CHXYLPCZ,NIPLUX 博士監修 EMS強化通電率150％UP 足裏フットマット 足ツボ足裏ケア ５種類モード19段階強 メモリー機能の電気 LEG FIT,https://www.amazon.co.jp/dp/B0CHXYLPCZ,https://keepa.com/#!product/5-B0CHXYLPCZ,https://www.google.com/search?q=NIPLUX%20%E4%BC%9A%E7%A4%BE%E6%A6%82%E8%A6%81%20%E5%95%8F%E3%81%84%E5%90%88%E3%82%8F%E3%81%9B%20%E5%8D%B8,ホーム＆キッチン,中小候補,1
Aterm,1,1257,7800,1,B08L4BB4T3,NEC Wi-Fi 5（11ac）4ストリーム対応 無線LANルーター Atermシリーズ WG2600HS2,https://www.amazon.co.jp/dp/B08L4BB4T3,https://keepa.com/#!product/5-B08L4BB4T3,https://www.google.com/search?q=Aterm%20%E4%BC%9A%E7%A4%BE%E6%A6%82%E8%A6%81%20%E5%95%8F%E3%81%84%E5%90%88%E3%82%8F%E3%81%9B%20%E5%8D%B8,パソコン・周辺機器,中小候補,1
COOLERPLUS,1,3853,7690,1,B098N8ZGJV,【純正品３色セット】エプソン 大容量インクカートリッジ (マウス) IB07B 3色セット (IB07CB IB07MB IB07YB),https://www.amazon.co.jp/dp/B098N8ZGJV,https://keepa.com/#!product/5-B098N8ZGJV,https://www.google.com/search?q=COOLERPLUS%20%E4%BC%9A%E7%A4%BE%E6%A6%82%E8%A6%81%20%E5%95%8F%E3%81%84%E5%90%88%E3%82%8F%E3%81%9B%20%E5%8D%B8,パソコン・周辺機器,大手/海外疑い,1
KOSS(コス),1,4419,7603,1,B005I49784,KOSS オープンタイプヘッドフォン KOSS PORTA PRO Red Hot　北欧限定カラー【並行輸入品】,https://www.amazon.co.jp/dp/B005I49784,https://keepa.com/#!product/5-B005I49784,https://www.google.com/search?q=KOSS%28%E3%82%B3%E3%82%B9%29%20%E4%BC%9A%E7%A4%BE%E6%A6%82%E8%A6%81%20%E5%95%8F%E3%81%84%E5%90%88%E3%82%8F%E3%81%9B%20%E5%8D%B8,家電＆カメラ,中小候補,1
Magcubic,1,3983,7549,1,B0FVLZ7YCP,Magcubic プロジェクター 家庭用 小型 天井投影 Android 14搭載 4K対応 360°HIFI 立体スピーカー,https://www.amazon.co.jp/dp/B0FVLZ7YCP,https://keepa.com/#!product/5-B0FVLZ7YCP,https://www.google.com/search?q=Magcubic%20%E4%BC%9A%E7%A4%BE%E6%A6%82%E8%A6%81%20%E5%95%8F%E3%81%84%E5%90%88%E3%82%8F%E3%81%9B%20%E5%8D%B8,家電＆カメラ,中小候補,1
ZWILLING,1,2488,7500,1,B0C42N7NF7,ZWILLING ツヴィリング 「 エンフィニジー ミルクフォーマー ブラック 」 電動 クリーマー ミルクフォーサー 泡立て器 静音 【日本正規販売品】 Enfinigy Mil,https://www.amazon.co.jp/dp/B0C42N7NF7,https://keepa.com/#!product/5-B0C42N7NF7,https://www.google.com/search?q=ZWILLING%20%E4%BC%9A%E7%A4%BE%E6%A6%82%E8%A6%81%20%E5%95%8F%E3%81%84%E5%90%88%E3%82%8F%E3%81%9B%20%E5%8D%B8,ホーム＆キッチン,中小候補,0
コロンバスサークル,1,3155,8580,1,B0D6MZ2GLN,コロンバスサークル（FC用互換機）8ビットポケット V2 - 液晶画面搭載ポータブルファミコン互換機【生産終了】,https://www.amazon.co.jp/dp/B0D6MZ2GLN,https://keepa.com/#!product/5-B0D6MZ2GLN,https://www.google.com/search?q=%E3%82%B3%E3%83%AD%E3%83%B3%E3%83%90%E3%82%B9%E3%82%B5%E3%83%BC%E3%82%AF%E3%83%AB%20%E4%BC%9A%E7%A4%BE%E6%A6%82%E8%A6%81%20%E5%95%8F%E3%81%84%E5%90%88%E3%82%8F%E3%81%9B%20%E5%8D%B8,ゲーム,中小候補,0
Jimveo,1,5681,9399,1,B0CJVFJMVF,【360°回転可能】Jimveo プロジェクター 天井投影 家庭用 小型 1080P WIFI6 700輝度 電動フォーカス 自動台形補正 双方向Bluetooth5.3 4K対応,https://www.amazon.co.jp/dp/B0CJVFJMVF,https://keepa.com/#!product/5-B0CJVFJMVF,https://www.google.com/search?q=Jimveo%20%E4%BC%9A%E7%A4%BE%E6%A6%82%E8%A6%81%20%E5%95%8F%E3%81%84%E5%90%88%E3%82%8F%E3%81%9B%20%E5%8D%B8,家電＆カメラ,中小候補,1
シーゲイト(SEAGATE),1,4853,9999,1,B01M04WP2B,"Seagate BarraCuda 3.5"" 1TB 内蔵ハードディスク HDD 2年保証 6Gb/s 64MB 7200rpm 正規代理店品 ST1000DM010",https://www.amazon.co.jp/dp/B01M04WP2B,https://keepa.com/#!product/5-B01M04WP2B,https://www.google.com/search?q=%E3%82%B7%E3%83%BC%E3%82%B2%E3%82%A4%E3%83%88%28SEAGATE%29%20%E4%BC%9A%E7%A4%BE%E6%A6%82%E8%A6%81%20%E5%95%8F%E3%81%84%E5%90%88%E3%82%8F%E3%81%9B%20%E5%8D%B8,パソコン・周辺機器,大手/海外疑い,1
Yuuscc,1,5602,10442,1,B0G6JYKJVX,掃除機 コードレス 2027年先行発売！36000Kpa超強力吸引 同クラス最軽量 2in1充電＆収納スタンド自走式自立式緑LEDライト65分連続稼働,https://www.amazon.co.jp/dp/B0G6JYKJVX,https://keepa.com/#!product/5-B0G6JYKJVX,https://www.google.com/search?q=Yuuscc%20%E4%BC%9A%E7%A4%BE%E6%A6%82%E8%A6%81%20%E5%95%8F%E3%81%84%E5%90%88%E3%82%8F%E3%81%9B%20%E5%8D%B8,ホーム＆キッチン,中小候補,1
YEAHYO,1,7233,10999,1,B0GMXDH9Q2,骨伝導イヤホン Bluetooth こつでんどう イヤホン オープンイヤー ワイヤレスイヤホン ながら聴き 耳を塞がない Type-C急速充電,https://www.amazon.co.jp/dp/B0GMXDH9Q2,https://keepa.com/#!product/5-B0GMXDH9Q2,https://www.google.com/search?q=YEAHYO%20%E4%BC%9A%E7%A4%BE%E6%A6%82%E8%A6%81%20%E5%95%8F%E3%81%84%E5%90%88%E3%82%8F%E3%81%9B%20%E5%8D%B8,家電＆カメラ,中小候補,1
コールマン(Coleman),1,3053,10296,1,B0DMVCJRCB,コールマン(Coleman)クアッドマルチパネルランタンｐｌｕｓ（レッド） コ LED 防災 停電 充電式 アウトドア キャンプ 照明 作業灯 卓上 USB充電 登山 耐水 電池式,https://www.amazon.co.jp/dp/B0DMVCJRCB,https://keepa.com/#!product/5-B0DMVCJRCB,https://www.google.com/search?q=%E3%82%B3%E3%83%BC%E3%83%AB%E3%83%9E%E3%83%B3%28Coleman%29%20%E4%BC%9A%E7%A4%BE%E6%A6%82%E8%A6%81%20%E5%95%8F%E3%81%84%E5%90%88%E3%82%8F%E3%81%9B%20%E5%8D%B8,スポーツ＆アウトドア,中小候補,0
BMSE,1,6823,10998,1,B0GF1SV4ZH,【タブレット 8インチ】-Android16 強化版 Wi-Fi6 モデル タブレット、24GB+64GB+2TB拡張、2.0GHz高速CPU搭載 、Wi-Fi6·Bluetoot,https://www.amazon.co.jp/dp/B0GF1SV4ZH,https://keepa.com/#!product/5-B0GF1SV4ZH,https://www.google.com/search?q=BMSE%20%E4%BC%9A%E7%A4%BE%E6%A6%82%E8%A6%81%20%E5%95%8F%E3%81%84%E5%90%88%E3%82%8F%E3%81%9B%20%E5%8D%B8,パソコン・周辺機器,中小候補,1
東芝(TOSHIBA),1,5032,10889,1,B008MUI6II,東芝 TOSHIBA 2.5インチHDD(SerialATA)/容量:1TB/回転数:5400rpm/キャッシュ:8MB MQ01ABD100,https://www.amazon.co.jp/dp/B008MUI6II,https://keepa.com/#!product/5-B008MUI6II,https://www.google.com/search?q=%E6%9D%B1%E8%8A%9D%28TOSHIBA%29%20%E4%BC%9A%E7%A4%BE%E6%A6%82%E8%A6%81%20%E5%95%8F%E3%81%84%E5%90%88%E3%82%8F%E3%81%9B%20%E5%8D%B8,パソコン・周辺機器,大手/海外疑い,1
Butterfly,1,4340,10450,1,B085DJRBXT,バタフライ(Butterfly) 卓球用ラバー ディグニクス09C ブラック アツ 06070,https://www.amazon.co.jp/dp/B085DJRBXT,https://keepa.com/#!product/5-B085DJRBXT,https://www.google.com/search?q=Butterfly%20%E4%BC%9A%E7%A4%BE%E6%A6%82%E8%A6%81%20%E5%95%8F%E3%81%84%E5%90%88%E3%82%8F%E3%81%9B%20%E5%8D%B8,スポーツ＆アウトドア,中小候補,0
BIALETTI(ビアレッティ),1,3707,10499,1,B00004RFRV,Bialetti (ビアレッティ) モカエキスプレス 9カップ用 直火式 ( コーヒーメーカー エスプレッソメーカー マキネッタ ),https://www.amazon.co.jp/dp/B00004RFRV,https://keepa.com/#!product/5-B00004RFRV,https://www.google.com/search?q=BIALETTI%28%E3%83%93%E3%82%A2%E3%83%AC%E3%83%83%E3%83%86%E3%82%A3%29%20%E4%BC%9A%E7%A4%BE%E6%A6%82%E8%A6%81%20%E5%95%8F%E3%81%84%E5%90%88%E3%82%8F%E3%81%9B%20%E5%8D%B8,ホーム＆キッチン,中小候補,0
Keculbo,1,5501,11499,1,B0GL852YPJ,Keculboデジカメ 5K 75MP デジタルカメラWIFI スマホに送れるオートフォーカス3.0インチ180度回転画面 Micro SDカード黑,https://www.amazon.co.jp/dp/B0GL852YPJ,https://keepa.com/#!product/5-B0GL852YPJ,https://www.google.com/search?q=Keculbo%20%E4%BC%9A%E7%A4%BE%E6%A6%82%E8%A6%81%20%E5%95%8F%E3%81%84%E5%90%88%E3%82%8F%E3%81%9B%20%E5%8D%B8,家電＆カメラ,中小候補,1
Trafalgar Square Publishing,1,6687,11745,1,0437245756,Pride and Prejudice,https://www.amazon.co.jp/dp/0437245756,https://keepa.com/#!product/5-0437245756,https://www.google.com/search?q=Trafalgar%20Square%20Publishing%20%E4%BC%9A%E7%A4%BE%E6%A6%82%E8%A6%81%20%E5%95%8F%E3%81%84%E5%90%88%E3%82%8F%E3%81%9B%20%E5%8D%B8,洋書,中小候補,0
KOJIHOMU,1,6534,11511,1,B0FQNVNYMP,KOJIHOMU エアダスター 洗車 【爆風165m/s・12000mAh】ブロワー アルミ合金 超強力 電動 350000RPM 充電式 コードレス,https://www.amazon.co.jp/dp/B0FQNVNYMP,https://keepa.com/#!product/5-B0FQNVNYMP,https://www.google.com/search?q=KOJIHOMU%20%E4%BC%9A%E7%A4%BE%E6%A6%82%E8%A6%81%20%E5%95%8F%E3%81%84%E5%90%88%E3%82%8F%E3%81%9B%20%E5%8D%B8,DIY・工具・ガーデン,中小候補,0
iGPSPORT,1,5843,11800,1,B0DPHD9SDX,iGPSPORT BSC200S サイクルコンピュータ サイコン GPS ナビ付き 2.4インチカラー液晶 ルートナビ対応 ケイデンス・スピードセンサー・パワーメーター対応 Blu,https://www.amazon.co.jp/dp/B0DPHD9SDX,https://keepa.com/#!product/5-B0DPHD9SDX,https://www.google.com/search?q=iGPSPORT%20%E4%BC%9A%E7%A4%BE%E6%A6%82%E8%A6%81%20%E5%95%8F%E3%81%84%E5%90%88%E3%82%8F%E3%81%9B%20%E5%8D%B8,スポーツ＆アウトドア,中小候補,0
HANMATEK,1,4924,11294,1,B0BNDKMJXQ,下地探し 壁うらセンサー,https://www.amazon.co.jp/dp/B0BNDKMJXQ,https://keepa.com/#!product/5-B0BNDKMJXQ,https://www.google.com/search?q=HANMATEK%20%E4%BC%9A%E7%A4%BE%E6%A6%82%E8%A6%81%20%E5%95%8F%E3%81%84%E5%90%88%E3%82%8F%E3%81%9B%20%E5%8D%B8,DIY・工具・ガーデン,中小候補,0
Bosch,1,4393,12500,1,B07P7NQ8LT,ボッシュ(BOSCH) レーザー距離計 ZAMO3 【正規品】測定工具,https://www.amazon.co.jp/dp/B07P7NQ8LT,https://keepa.com/#!product/5-B07P7NQ8LT,https://www.google.com/search?q=Bosch%20%E4%BC%9A%E7%A4%BE%E6%A6%82%E8%A6%81%20%E5%95%8F%E3%81%84%E5%90%88%E3%82%8F%E3%81%9B%20%E5%8D%B8,家電＆カメラ,中小候補,1
LEKGAVD,1,4023,12980,1,B0G6JF9MRK,掃除機 コードレス 軽量【85KPa超強力吸引・0.5kg超軽量】収納スタンド付き コードレス掃除機 45分連続稼働 ハンディ掃除機 スティッククリーナー ノンブラシ構造 自動ホコ,https://www.amazon.co.jp/dp/B0G6JF9MRK,https://keepa.com/#!product/5-B0G6JF9MRK,https://www.google.com/search?q=LEKGAVD%20%E4%BC%9A%E7%A4%BE%E6%A6%82%E8%A6%81%20%E5%95%8F%E3%81%84%E5%90%88%E3%82%8F%E3%81%9B%20%E5%8D%B8,ホーム＆キッチン,中小候補,1
BMAXPAD,1,6889,12999,1,B0G5PQD5MK,【2026新登場 Android 16 タブレット 10インチ強化版】タブレット 10インチ wi-fiモデル 8コアCPU 24GB RAM+64GB ROM+2TB拡張 tab,https://www.amazon.co.jp/dp/B0G5PQD5MK,https://keepa.com/#!product/5-B0G5PQD5MK,https://www.google.com/search?q=BMAXPAD%20%E4%BC%9A%E7%A4%BE%E6%A6%82%E8%A6%81%20%E5%95%8F%E3%81%84%E5%90%88%E3%82%8F%E3%81%9B%20%E5%8D%B8,パソコン・周辺機器,中小候補,1
TTJJ,1,6282,12234,1,B0B3JCJRM2,冷蔵庫ミニ冷蔵庫薬の冷蔵容量30リットル省エネ 静音 ポータブル 化粧品 保温・保冷庫 小型冷蔵庫 ミニ飲料クーラーワインクーラー飲料と飲料ビールソーダ冷蔵庫透明ガラスフロントカウ,https://www.amazon.co.jp/dp/B0B3JCJRM2,https://keepa.com/#!product/5-B0B3JCJRM2,https://www.google.com/search?q=TTJJ%20%E4%BC%9A%E7%A4%BE%E6%A6%82%E8%A6%81%20%E5%95%8F%E3%81%84%E5%90%88%E3%82%8F%E3%81%9B%20%E5%8D%B8,大型家電,中小候補,1
Wacom(ワコム),1,4122,13990,1,B07583VVY5,ワコム ペンタブ One by Wacom Medium Chromebook 対応 ペン入力専用モデル Mサイズ 板タブ CTL-672/K0-C ワコム直営店限定モデル,https://www.amazon.co.jp/dp/B07583VVY5,https://keepa.com/#!product/5-B07583VVY5,https://www.google.com/search?q=Wacom%28%E3%83%AF%E3%82%B3%E3%83%A0%29%20%E4%BC%9A%E7%A4%BE%E6%A6%82%E8%A6%81%20%E5%95%8F%E3%81%84%E5%90%88%E3%82%8F%E3%81%9B%20%E5%8D%B8,パソコン・周辺機器,中小候補,1
フライングドッグ,1,2996,13983,1,B0DNPX7V7G,マクロスF オールタイムベストアルバム 「娘々グレイテスト☆ヒッツ！」 [アナログ] [3LP] [Analog],https://www.amazon.co.jp/dp/B0DNPX7V7G,https://keepa.com/#!product/5-B0DNPX7V7G,https://www.google.com/search?q=%E3%83%95%E3%83%A9%E3%82%A4%E3%83%B3%E3%82%B0%E3%83%89%E3%83%83%E3%82%B0%20%E4%BC%9A%E7%A4%BE%E6%A6%82%E8%A6%81%20%E5%95%8F%E3%81%84%E5%90%88%E3%82%8F%E3%81%9B%20%E5%8D%B8,ミュージック,中小候補,0
SACRA MUSIC,1,7713,13350,1,B0772VCQYR,"GREATEST HITS 2011-2017 “ALTER EGO"" (完全生産限定盤)(BD+スペシャルグッズ付)",https://www.amazon.co.jp/dp/B0772VCQYR,https://keepa.com/#!product/5-B0772VCQYR,https://www.google.com/search?q=SACRA%20MUSIC%20%E4%BC%9A%E7%A4%BE%E6%A6%82%E8%A6%81%20%E5%95%8F%E3%81%84%E5%90%88%E3%82%8F%E3%81%9B%20%E5%8D%B8,ミュージック,中小候補,0
SP Silicon Power,1,7932,13345,1,B07M5CRHSC,シリコンパワー SSD M.2 2280 3D TLC NAND採用 512GB SATA III 6Gbps 3年保証 A55シリーズ SP512GBSS3A55M28,https://www.amazon.co.jp/dp/B07M5CRHSC,https://keepa.com/#!product/5-B07M5CRHSC,https://www.google.com/search?q=SP%20Silicon%20Power%20%E4%BC%9A%E7%A4%BE%E6%A6%82%E8%A6%81%20%E5%95%8F%E3%81%84%E5%90%88%E3%82%8F%E3%81%9B%20%E5%8D%B8,パソコン・周辺機器,中小候補,1
祥伝社,1,4485,13506,1,4396769253,違国日記　全１１巻セット (FEEL コミックス),https://www.amazon.co.jp/dp/4396769253,https://keepa.com/#!product/5-4396769253,https://www.google.com/search?q=%E7%A5%A5%E4%BC%9D%E7%A4%BE%20%E4%BC%9A%E7%A4%BE%E6%A6%82%E8%A6%81%20%E5%95%8F%E3%81%84%E5%90%88%E3%82%8F%E3%81%9B%20%E5%8D%B8,本,中小候補,0
OTTOCAST,1,7645,13998,1,B0FBLY7BZ3,【正規品】オットキャスト ミラータッチ OTTOCAST Mirror Touch オット キャストミラーリング ワイヤレスCarPlayアダプター ワイヤレス化 純正有線CarP,https://www.amazon.co.jp/dp/B0FBLY7BZ3,https://keepa.com/#!product/5-B0FBLY7BZ3,https://www.google.com/search?q=OTTOCAST%20%E4%BC%9A%E7%A4%BE%E6%A6%82%E8%A6%81%20%E5%95%8F%E3%81%84%E5%90%88%E3%82%8F%E3%81%9B%20%E5%8D%B8,車＆バイク,中小候補,0
Galaxy,1,9952,14980,1,B0D66LHDS8,Galaxy Buds3ｌホワイトｌGalaxy AI対応ｌワイヤレスイヤホン 本体 端末ｌSamsung純正 国内正規品ｌ2024年発売ｌノイズキャンセリングｌ立体音響ｌ防水IP,https://www.amazon.co.jp/dp/B0D66LHDS8,https://keepa.com/#!product/5-B0D66LHDS8,https://www.google.com/search?q=Galaxy%20%E4%BC%9A%E7%A4%BE%E6%A6%82%E8%A6%81%20%E5%95%8F%E3%81%84%E5%90%88%E3%82%8F%E3%81%9B%20%E5%8D%B8,家電＆カメラ,中小候補,1
サイバーガジェット,1,6201,14444,1,B07L95695F,レトロフリーク ギアコンバーター S 【ゲームギア、セガ・マークIII、SG-1000用ソフト向け】 メガブラック,https://www.amazon.co.jp/dp/B07L95695F,https://keepa.com/#!product/5-B07L95695F,https://www.google.com/search?q=%E3%82%B5%E3%82%A4%E3%83%90%E3%83%BC%E3%82%AC%E3%82%B8%E3%82%A7%E3%83%83%E3%83%88%20%E4%BC%9A%E7%A4%BE%E6%A6%82%E8%A6%81%20%E5%95%8F%E3%81%84%E5%90%88%E3%82%8F%E3%81%9B%20%E5%8D%B8,ゲーム,中小候補,0
LONPOO,1,8646,14669,1,B0779PBD4P,LONPOO DVDプレーヤー リージョンフリー HDMI/AV出力1080P CPRM再生可能 USB2.0入力 カラオケ用マイクジャック LEDディスプレイ PAL/NTSC対,https://www.amazon.co.jp/dp/B0779PBD4P,https://keepa.com/#!product/5-B0779PBD4P,https://www.google.com/search?q=LONPOO%20%E4%BC%9A%E7%A4%BE%E6%A6%82%E8%A6%81%20%E5%95%8F%E3%81%84%E5%90%88%E3%82%8F%E3%81%9B%20%E5%8D%B8,家電＆カメラ,中小候補,1
NBCユニバーサル・エンターテイメントジャパン,1,8139,14590,1,B0142J2U6Q,バック・トゥ・ザ・フューチャー トリロジー 30thアニバーサリー・デラックス・エディション スチールブック・ブルーレイ [Blu-ray],https://www.amazon.co.jp/dp/B0142J2U6Q,https://keepa.com/#!product/5-B0142J2U6Q,https://www.google.com/search?q=NBC%E3%83%A6%E3%83%8B%E3%83%90%E3%83%BC%E3%82%B5%E3%83%AB%E3%83%BB%E3%82%A8%E3%83%B3%E3%82%BF%E3%83%BC%E3%83%86%E3%82%A4%E3%83%A1%E3%83%B3%E3%83%88%E3%82%B8%E3%83%A3%E3%83%91%E3%83%B3%20%E4%BC%9A%E7%A4%BE%E6%A6%82%E8%A6%81%20%E5%95%8F%E3%81%84%E5%90%88%E3%82%8F%E3%81%9B%20%E5%8D%B8,DVD,中小候補,0
medicom,1,5669,13820,1,B0D78H8CKT,メディコム・トイ MAFEX マフェックス No.245 SPIDER-MAN INTEGRATED SUIT スパイダーマン インテグレイテッド スーツ 全高約150mm ノンス,https://www.amazon.co.jp/dp/B0D78H8CKT,https://keepa.com/#!product/5-B0D78H8CKT,https://www.google.com/search?q=medicom%20%E4%BC%9A%E7%A4%BE%E6%A6%82%E8%A6%81%20%E5%95%8F%E3%81%84%E5%90%88%E3%82%8F%E3%81%9B%20%E5%8D%B8,ホビー,中小候補,0
Gigastone,1,8649,15990,1,B0FQJCWKRW,【Switch 2 専用設計】GIGASTONE microSD Express microSDカード 256GB SD7.1 読み取り速度/書き込み速度最大 880/650MB/,https://www.amazon.co.jp/dp/B0FQJCWKRW,https://keepa.com/#!product/5-B0FQJCWKRW,https://www.google.com/search?q=Gigastone%20%E4%BC%9A%E7%A4%BE%E6%A6%82%E8%A6%81%20%E5%95%8F%E3%81%84%E5%90%88%E3%82%8F%E3%81%9B%20%E5%8D%B8,パソコン・周辺機器,中小候補,1
Graphixly,1,7207,15178,1,B07DYSR1QH,CLIP STUDIO PAINT PRO - NEW Branding [並行輸入品] (Windows/Mac),https://www.amazon.co.jp/dp/B07DYSR1QH,https://keepa.com/#!product/5-B07DYSR1QH,https://www.google.com/search?q=Graphixly%20%E4%BC%9A%E7%A4%BE%E6%A6%82%E8%A6%81%20%E5%95%8F%E3%81%84%E5%90%88%E3%82%8F%E3%81%9B%20%E5%8D%B8,PCソフト,中小候補,0
Saluyar,1,8063,15120,1,B0FCMK27Z9,【2026年最強6K録画】 デジタルカメラ 8400万画素デジカメ スマホに転送できるカメラ Wi-Fi転送 コンパクトカメラ180°回転可能 ディスプレイ オート18倍デジタルズ,https://www.amazon.co.jp/dp/B0FCMK27Z9,https://keepa.com/#!product/5-B0FCMK27Z9,https://www.google.com/search?q=Saluyar%20%E4%BC%9A%E7%A4%BE%E6%A6%82%E8%A6%81%20%E5%95%8F%E3%81%84%E5%90%88%E3%82%8F%E3%81%9B%20%E5%8D%B8,家電＆カメラ,中小候補,1
マイクロソフト,1,6394,15800,1,B0FCRL29CW,NINJA GAIDEN 4 Deluxe Edition -PS5 【特典】リュウ用スキン「トラディショナルダークブルー」 「レジェンダリーブラックファルコン」、リュウ用武器スキ,https://www.amazon.co.jp/dp/B0FCRL29CW,https://keepa.com/#!product/5-B0FCRL29CW,https://www.google.com/search?q=%E3%83%9E%E3%82%A4%E3%82%AF%E3%83%AD%E3%82%BD%E3%83%95%E3%83%88%20%E4%BC%9A%E7%A4%BE%E6%A6%82%E8%A6%81%20%E5%95%8F%E3%81%84%E5%90%88%E3%82%8F%E3%81%9B%20%E5%8D%B8,ゲーム,中小候補,0
シュナイダーエレクトリック(APC),1,10192,16480,1,B06XJ24QWJ,APC 無停電電源装置 UPS 400VA/240W BR400S-JP E ラインインタラクティブ給電 長寿命バッテリー 正弦波,https://www.amazon.co.jp/dp/B06XJ24QWJ,https://keepa.com/#!product/5-B06XJ24QWJ,https://www.google.com/search?q=%E3%82%B7%E3%83%A5%E3%83%8A%E3%82%A4%E3%83%80%E3%83%BC%E3%82%A8%E3%83%AC%E3%82%AF%E3%83%88%E3%83%AA%E3%83%83%E3%82%AF%28APC%29%20%E4%BC%9A%E7%A4%BE%E6%A6%82%E8%A6%81%20%E5%95%8F%E3%81%84%E5%90%88%E3%82%8F%E3%81%9B%20%E5%8D%B8,パソコン・周辺機器,中小候補,1
Headwolf,1,11099,16999,1,B0GJ3S68KD,Android 16 タブレット 11インチ Wi-Fiモデル Headwolf WPad7、In-Cell 1920x1200 FHD、8000mAh、8コアCPU T615、2,https://www.amazon.co.jp/dp/B0GJ3S68KD,https://keepa.com/#!product/5-B0GJ3S68KD,https://www.google.com/search?q=Headwolf%20%E4%BC%9A%E7%A4%BE%E6%A6%82%E8%A6%81%20%E5%95%8F%E3%81%84%E5%90%88%E3%82%8F%E3%81%9B%20%E5%8D%B8,パソコン・周辺機器,中小候補,1
TCエンタテインメント,1,9290,16380,1,B089YG9T9D,ミッドサマー UHD(Ultra HD Blu-ray)豪華版3枚組(スチールブック仕様・初回生産限定版),https://www.amazon.co.jp/dp/B089YG9T9D,https://keepa.com/#!product/5-B089YG9T9D,https://www.google.com/search?q=TC%E3%82%A8%E3%83%B3%E3%82%BF%E3%83%86%E3%82%A4%E3%83%B3%E3%83%A1%E3%83%B3%E3%83%88%20%E4%BC%9A%E7%A4%BE%E6%A6%82%E8%A6%81%20%E5%95%8F%E3%81%84%E5%90%88%E3%82%8F%E3%81%9B%20%E5%8D%B8,DVD,中小候補,0
朝日新聞出版,1,9559,16500,1,4023323764,羽生結弦写真集 Tai（AERA特別編集／スペシャルBOX入り） ([バラエティ]),https://www.amazon.co.jp/dp/4023323764,https://keepa.com/#!product/5-4023323764,https://www.google.com/search?q=%E6%9C%9D%E6%97%A5%E6%96%B0%E8%81%9E%E5%87%BA%E7%89%88%20%E4%BC%9A%E7%A4%BE%E6%A6%82%E8%A6%81%20%E5%95%8F%E3%81%84%E5%90%88%E3%82%8F%E3%81%9B%20%E5%8D%B8,本,中小候補,0
Wondershare,1,10182,16980,1,B08SPZQW9H,高度な動画復元 Wondershare Recoverit Ultimate Plus（Mac版）写真、ビデオ、ドキュメント データ復元ソフト 起動しないパソコンからデータを復元 ,https://www.amazon.co.jp/dp/B08SPZQW9H,https://keepa.com/#!product/5-B08SPZQW9H,https://www.google.com/search?q=Wondershare%20%E4%BC%9A%E7%A4%BE%E6%A6%82%E8%A6%81%20%E5%95%8F%E3%81%84%E5%90%88%E3%82%8F%E3%81%9B%20%E5%8D%B8,PCソフト,中小候補,0
うちのこエレクトリック,1,10136,17800,1,B0C2BYWYVB,【獣医師監修】 うちのこエレクトリック カリカリマシーンV2C Plus スマホ連動 自動給餌器 猫 犬用 遠隔操作 見守りカメラ 暗視 5GHz/2.4GHz Wi-Fi&Blu,https://www.amazon.co.jp/dp/B0C2BYWYVB,https://keepa.com/#!product/5-B0C2BYWYVB,https://www.google.com/search?q=%E3%81%86%E3%81%A1%E3%81%AE%E3%81%93%E3%82%A8%E3%83%AC%E3%82%AF%E3%83%88%E3%83%AA%E3%83%83%E3%82%AF%20%E4%BC%9A%E7%A4%BE%E6%A6%82%E8%A6%81%20%E5%95%8F%E3%81%84%E5%90%88%E3%82%8F%E3%81%9B%20%E5%8D%B8,ペット用品,中小候補,0
ドウシシャ(DOSHISHA),1,1950,18890,1,B085M9DK8R,ドウシシャ 大人のふわふわかき氷器ハンディタイプ コードレス 刃の高さ調整機能付 バラ氷専用 レシピ付 パステルターコイズ,https://www.amazon.co.jp/dp/B085M9DK8R,https://keepa.com/#!product/5-B085M9DK8R,https://www.google.com/search?q=%E3%83%89%E3%82%A6%E3%82%B7%E3%82%B7%E3%83%A3%28DOSHISHA%29%20%E4%BC%9A%E7%A4%BE%E6%A6%82%E8%A6%81%20%E5%95%8F%E3%81%84%E5%90%88%E3%82%8F%E3%81%9B%20%E5%8D%B8,ホーム＆キッチン,中小候補,1
ブロッコリー(BROCCOLI),1,10542,18620,1,B082Y5LCM3,ジャックジャンヌ 限定ユニヴェールコレクション - Switch,https://www.amazon.co.jp/dp/B082Y5LCM3,https://keepa.com/#!product/5-B082Y5LCM3,https://www.google.com/search?q=%E3%83%96%E3%83%AD%E3%83%83%E3%82%B3%E3%83%AA%E3%83%BC%28BROCCOLI%29%20%E4%BC%9A%E7%A4%BE%E6%A6%82%E8%A6%81%20%E5%95%8F%E3%81%84%E5%90%88%E3%82%8F%E3%81%9B%20%E5%8D%B8,ゲーム,中小候補,0
メデラ,1,9993,18612,1,B095Z253G3,メデラ 搾乳機 電動 ソロ 搾乳機 (電動・シングルポンプ) 母乳育児をサポート,https://www.amazon.co.jp/dp/B095Z253G3,https://keepa.com/#!product/5-B095Z253G3,https://www.google.com/search?q=%E3%83%A1%E3%83%87%E3%83%A9%20%E4%BC%9A%E7%A4%BE%E6%A6%82%E8%A6%81%20%E5%95%8F%E3%81%84%E5%90%88%E3%82%8F%E3%81%9B%20%E5%8D%B8,ベビー＆マタニティ,中小候補,0
ジャニーズ･エンタテイメント,1,4865,18601,1,B0C73FY74P,KinKi Kids Concert 2022-2023 24451〜The Story of Us〜 (初回生産限定盤) (DVD) (特典なし),https://www.amazon.co.jp/dp/B0C73FY74P,https://keepa.com/#!product/5-B0C73FY74P,https://www.google.com/search?q=%E3%82%B8%E3%83%A3%E3%83%8B%E3%83%BC%E3%82%BA%EF%BD%A5%E3%82%A8%E3%83%B3%E3%82%BF%E3%83%86%E3%82%A4%E3%83%A1%E3%83%B3%E3%83%88%20%E4%BC%9A%E7%A4%BE%E6%A6%82%E8%A6%81%20%E5%95%8F%E3%81%84%E5%90%88%E3%82%8F%E3%81%9B%20%E5%8D%B8,DVD,中小候補,0
C&G,1,226,1744,1,B0915WDFQF,C&G キネシオロジーテープ 37.5mm × 5m 8巻入 伸縮 膝 足首 手首 指,https://www.amazon.co.jp/dp/B0915WDFQF,https://keepa.com/#!product/5-B0915WDFQF,https://www.google.com/search?q=C%26G%20%E4%BC%9A%E7%A4%BE%E6%A6%82%E8%A6%81%20%E5%95%8F%E3%81%84%E5%90%88%E3%82%8F%E3%81%9B%20%E5%8D%B8,スポーツ＆アウトドア,中小候補,0
NIMASO,1,734,1866,1,B0D963S24J,NIMASO アンチグレア iPhone 16 Pro Max用 ガラスフィルム 全面保護 反射防止 黒縁あり 指紋防止 自動除塵 サラサラ,https://www.amazon.co.jp/dp/B0D963S24J,https://keepa.com/#!product/5-B0D963S24J,https://www.google.com/search?q=NIMASO%20%E4%BC%9A%E7%A4%BE%E6%A6%82%E8%A6%81%20%E5%95%8F%E3%81%84%E5%90%88%E3%82%8F%E3%81%9B%20%E5%8D%B8,家電＆カメラ,中小候補,1
UNOKKI,1,453,1997,1,B0B67WNGV5,"UNOKKI レジン液, 高い透明 315g UV/LED対応 レジン液 大容量, 高い透明 UVレジン液, ジュエリー等に適用クリアuvレジン, 硬化速い, 低刺激性, レジン液",https://www.amazon.co.jp/dp/B0B67WNGV5,https://keepa.com/#!product/5-B0B67WNGV5,https://www.google.com/search?q=UNOKKI%20%E4%BC%9A%E7%A4%BE%E6%A6%82%E8%A6%81%20%E5%95%8F%E3%81%84%E5%90%88%E3%82%8F%E3%81%9B%20%E5%8D%B8,ホビー,中小候補,0
ワンナイト人狼,1,439,1650,1,B00DS4125C,ワンナイト人狼,https://www.amazon.co.jp/dp/B00DS4125C,https://keepa.com/#!product/5-B00DS4125C,https://www.google.com/search?q=%E3%83%AF%E3%83%B3%E3%83%8A%E3%82%A4%E3%83%88%E4%BA%BA%E7%8B%BC%20%E4%BC%9A%E7%A4%BE%E6%A6%82%E8%A6%81%20%E5%95%8F%E3%81%84%E5%90%88%E3%82%8F%E3%81%9B%20%E5%8D%B8,おもちゃ,中小候補,0
USAYAMA,1,223,1979,1,B0C4KL11L7,サイリウムパウダー １００ｇ ボトルタイプ 犬猫用,https://www.amazon.co.jp/dp/B0C4KL11L7,https://keepa.com/#!product/5-B0C4KL11L7,https://www.google.com/search?q=USAYAMA%20%E4%BC%9A%E7%A4%BE%E6%A6%82%E8%A6%81%20%E5%95%8F%E3%81%84%E5%90%88%E3%82%8F%E3%81%9B%20%E5%8D%B8,ペット用品,中小候補,0
MiliCamp,1,223,1500,1,B0BZLJL7TC,MiliCamp メスティン雷鳥飯盒フライヤー 太径304ステンレス鋼 唐揚げフライバスケット 水切りざる 油切り ソロキャンプ 天ぷら揚げ物器 MF-250,https://www.amazon.co.jp/dp/B0BZLJL7TC,https://keepa.com/#!product/5-B0BZLJL7TC,https://www.google.com/search?q=MiliCamp%20%E4%BC%9A%E7%A4%BE%E6%A6%82%E8%A6%81%20%E5%95%8F%E3%81%84%E5%90%88%E3%82%8F%E3%81%9B%20%E5%8D%B8,スポーツ＆アウトドア,中小候補,0
iFLEX,1,432,1780,1,B082BFQXDC,iFLEX スマホスタンド 変形自在 汎用性 シリコン フライト ホルダー ブラック 標準,https://www.amazon.co.jp/dp/B082BFQXDC,https://keepa.com/#!product/5-B082BFQXDC,https://www.google.com/search?q=iFLEX%20%E4%BC%9A%E7%A4%BE%E6%A6%82%E8%A6%81%20%E5%95%8F%E3%81%84%E5%90%88%E3%82%8F%E3%81%9B%20%E5%8D%B8,家電＆カメラ,中小候補,1
ColorfulHome,1,359,1680,1,B0CKQMZWR8,ColorfulHome オイルスプレー オリーブオイル 耐熱ガラス ノンフライヤー スプレー ミスト 調味料入れ オイルポット 小さい 料理用 食用油 キッチン用具 液だれしない,https://www.amazon.co.jp/dp/B0CKQMZWR8,https://keepa.com/#!product/5-B0CKQMZWR8,https://www.google.com/search?q=ColorfulHome%20%E4%BC%9A%E7%A4%BE%E6%A6%82%E8%A6%81%20%E5%95%8F%E3%81%84%E5%90%88%E3%82%8F%E3%81%9B%20%E5%8D%B8,ホーム＆キッチン,中小候補,0
Biyoso,1,903,2088,1,B0G2G8ZGYQ,双眼鏡【IFデザイン賞受賞】双眼鏡 ライブ用 20倍 防振 オペラグラス 天空席 ディテールを明瞭に捉えます【SPIE光学技術 + 物理技術防振】広角視野 人間工学に基づく設計&ア,https://www.amazon.co.jp/dp/B0G2G8ZGYQ,https://keepa.com/#!product/5-B0G2G8ZGYQ,https://www.google.com/search?q=Biyoso%20%E4%BC%9A%E7%A4%BE%E6%A6%82%E8%A6%81%20%E5%95%8F%E3%81%84%E5%90%88%E3%82%8F%E3%81%9B%20%E5%8D%B8,家電＆カメラ,中小候補,1
RABLISS,1,868,2278,1,B097733QR1,【累計出荷数60万台突破】【医療機器認証】【豪華付属品4点セット】RABLISS パルスオキシメーター 医療用 家庭用 正常値 血中酸素濃度計 心拍計 脈拍 Spo2,https://www.amazon.co.jp/dp/B097733QR1,https://keepa.com/#!product/5-B097733QR1,https://www.google.com/search?q=RABLISS%20%E4%BC%9A%E7%A4%BE%E6%A6%82%E8%A6%81%20%E5%95%8F%E3%81%84%E5%90%88%E3%82%8F%E3%81%9B%20%E5%8D%B8,ホーム＆キッチン,中小候補,1
ワンダーランド,1,358,2049,1,B004DTYCFS,トミカ おふろでペタペタ!デラックス,https://www.amazon.co.jp/dp/B004DTYCFS,https://keepa.com/#!product/5-B004DTYCFS,https://www.google.com/search?q=%E3%83%AF%E3%83%B3%E3%83%80%E3%83%BC%E3%83%A9%E3%83%B3%E3%83%89%20%E4%BC%9A%E7%A4%BE%E6%A6%82%E8%A6%81%20%E5%95%8F%E3%81%84%E5%90%88%E3%82%8F%E3%81%9B%20%E5%8D%B8,おもちゃ,中小候補,0
OHAJIKI,1,576,2230,1,B09K4254ZT,やさしい鉄粉取り 鉄粉除去剤 鉄粉クリーナー 鉄粉除去スプレー OHAJIKI ブレーキダストクリーナー 除去 洗浄 車体・ホイールどちらもOK プロ向け 業務用 (500ml),https://www.amazon.co.jp/dp/B09K4254ZT,https://keepa.com/#!product/5-B09K4254ZT,https://www.google.com/search?q=OHAJIKI%20%E4%BC%9A%E7%A4%BE%E6%A6%82%E8%A6%81%20%E5%95%8F%E3%81%84%E5%90%88%E3%82%8F%E3%81%9B%20%E5%8D%B8,車＆バイク,中小候補,0
TORRAS,1,1044,2306,1,B0CSLXQZJ1,TORRAS スマホ 防水ケース 【2026新型！両面高機能】IPX8完全防水 水中タッチ対応 浮く設計 お風呂/海/プール/温泉対応 7インチiPhone用 高透過率画面 顔認証,https://www.amazon.co.jp/dp/B0CSLXQZJ1,https://keepa.com/#!product/5-B0CSLXQZJ1,https://www.google.com/search?q=TORRAS%20%E4%BC%9A%E7%A4%BE%E6%A6%82%E8%A6%81%20%E5%95%8F%E3%81%84%E5%90%88%E3%82%8F%E3%81%9B%20%E5%8D%B8,家電＆カメラ,中小候補,1
SAPHIR(サフィール),1,634,2120,1,B08XJP7VK1,[サフィール] 革製品 革靴 手入れ セット レザークリーム 革 クリーム クリーナー 革ジャン 革財布 バック 靴磨き レザーケアセット,https://www.amazon.co.jp/dp/B08XJP7VK1,https://keepa.com/#!product/5-B08XJP7VK1,https://www.google.com/search?q=SAPHIR%28%E3%82%B5%E3%83%95%E3%82%A3%E3%83%BC%E3%83%AB%29%20%E4%BC%9A%E7%A4%BE%E6%A6%82%E8%A6%81%20%E5%95%8F%E3%81%84%E5%90%88%E3%82%8F%E3%81%9B%20%E5%8D%B8,ファッション,中小候補,0
ZAKUSA,1,879,2279,1,B0GCJ55KBX,ボディシェーバー VIO シェーバー メンズ 残量表示 自動研磨 防水仕様 USB-C充電 むだげ処理 脇 腕 足 デリケートゾーン 全身適用 男性用 水洗い可 お風呂剃り可 リミ,https://www.amazon.co.jp/dp/B0GCJ55KBX,https://keepa.com/#!product/5-B0GCJ55KBX,https://www.google.com/search?q=ZAKUSA%20%E4%BC%9A%E7%A4%BE%E6%A6%82%E8%A6%81%20%E5%95%8F%E3%81%84%E5%90%88%E3%82%8F%E3%81%9B%20%E5%8D%B8,ホーム＆キッチン,中小候補,1
YBYP,1,842,2299,1,B0FXX1Z6D1,モバイルバッテリー 大容量【22000mAh大容量&4台同時充電】モバイルバッテリー 軽量 小型（ブラック）,https://www.amazon.co.jp/dp/B0FXX1Z6D1,https://keepa.com/#!product/5-B0FXX1Z6D1,https://www.google.com/search?q=YBYP%20%E4%BC%9A%E7%A4%BE%E6%A6%82%E8%A6%81%20%E5%95%8F%E3%81%84%E5%90%88%E3%82%8F%E3%81%9B%20%E5%8D%B8,家電＆カメラ,中小候補,1
Ｌａｚｙｍｅ,1,1051,2980,1,B0GJ37HXXY,Ｌａｚｙｍｅ コードレス フードプロセッサー 小型 時短調理 チョッパー 1台5役 2種の刃 離乳食/肉挽き/野菜/氷/対応 キッチン家電 家庭用,https://www.amazon.co.jp/dp/B0GJ37HXXY,https://keepa.com/#!product/5-B0GJ37HXXY,https://www.google.com/search?q=%EF%BC%AC%EF%BD%81%EF%BD%9A%EF%BD%99%EF%BD%8D%EF%BD%85%20%E4%BC%9A%E7%A4%BE%E6%A6%82%E8%A6%81%20%E5%95%8F%E3%81%84%E5%90%88%E3%82%8F%E3%81%9B%20%E5%8D%B8,ホーム＆キッチン,中小候補,1
LENUTO,1,1553,2998,1,B0G5DT5LPM,モバイルバッテリー MagSafe対応 16000ｍAh PD22.5W急速充電 3台同時充電可能 大容量 マグネット式 マグセーフ スマホ充電器 LCD電量残量表示 USB-A出,https://www.amazon.co.jp/dp/B0G5DT5LPM,https://keepa.com/#!product/5-B0G5DT5LPM,https://www.google.com/search?q=LENUTO%20%E4%BC%9A%E7%A4%BE%E6%A6%82%E8%A6%81%20%E5%95%8F%E3%81%84%E5%90%88%E3%82%8F%E3%81%9B%20%E5%8D%B8,家電＆カメラ,中小候補,1
Yonker,1,1061,2990,1,B0B643HNNP,パルスオキシメーター 付属品セット ホワイト 国内検品 松吉医科器械 血中酸素濃度 心拍計 在宅看護 体調管理 介護 病院 パルスオキシメータ 酸素飽和度測定器 マツヨシ 松吉医科,https://www.amazon.co.jp/dp/B0B643HNNP,https://keepa.com/#!product/5-B0B643HNNP,https://www.google.com/search?q=Yonker%20%E4%BC%9A%E7%A4%BE%E6%A6%82%E8%A6%81%20%E5%95%8F%E3%81%84%E5%90%88%E3%82%8F%E3%81%9B%20%E5%8D%B8,ホーム＆キッチン,中小候補,1
ロジテック,1,1125,2780,1,B0BY7YHDZH,ロジテックダイレクト BD-RE AACS対応 ブルーレイディスク Blu-ray Disc 2倍速 くり返し録画用 記録用 25GB 記録メディア スピンドルケース 50枚入り ,https://www.amazon.co.jp/dp/B0BY7YHDZH,https://keepa.com/#!product/5-B0BY7YHDZH,https://www.google.com/search?q=%E3%83%AD%E3%82%B8%E3%83%86%E3%83%83%E3%82%AF%20%E4%BC%9A%E7%A4%BE%E6%A6%82%E8%A6%81%20%E5%95%8F%E3%81%84%E5%90%88%E3%82%8F%E3%81%9B%20%E5%8D%B8,パソコン・周辺機器,中小候補,1
あしあげ隊,1,674,2618,1,B08L7YV73F,あしあげ隊 TFi-7015T 冷蔵庫など キズ凹み防止ゴムマット タツフト (旧:hmd-7015T),https://www.amazon.co.jp/dp/B08L7YV73F,https://keepa.com/#!product/5-B08L7YV73F,https://www.google.com/search?q=%E3%81%82%E3%81%97%E3%81%82%E3%81%92%E9%9A%8A%20%E4%BC%9A%E7%A4%BE%E6%A6%82%E8%A6%81%20%E5%95%8F%E3%81%84%E5%90%88%E3%82%8F%E3%81%9B%20%E5%8D%B8,DIY・工具・ガーデン,中小候補,0
Sinjimoru,1,999,2980,1,B0DG2K4RJ8,[Sinjimoru] MagSafe対応カードケース スタンド付きグリップ 片手操作 強力磁石 iPhone 12~17シリーズ対応 ブラック,https://www.amazon.co.jp/dp/B0DG2K4RJ8,https://keepa.com/#!product/5-B0DG2K4RJ8,https://www.google.com/search?q=Sinjimoru%20%E4%BC%9A%E7%A4%BE%E6%A6%82%E8%A6%81%20%E5%95%8F%E3%81%84%E5%90%88%E3%82%8F%E3%81%9B%20%E5%8D%B8,家電＆カメラ,中小候補,1
Oregon,1,430,2680,1,B09WDGFMCH,オレゴン(OREGON) シュレッダーブレード 2枚刃 300mm 3.0mm 295504-0,https://www.amazon.co.jp/dp/B09WDGFMCH,https://keepa.com/#!product/5-B09WDGFMCH,https://www.google.com/search?q=Oregon%20%E4%BC%9A%E7%A4%BE%E6%A6%82%E8%A6%81%20%E5%95%8F%E3%81%84%E5%90%88%E3%82%8F%E3%81%9B%20%E5%8D%B8,DIY・工具・ガーデン,中小候補,0
mimimamo,1,1252,2860,1,B0DC29KJXM,mimimamo (ミミマモ) ウルトラフィット・イヤーパッドカバー ドーナツ型 日本製 (ブラック) 各機種への対応はメーカーHPをご参照ください,https://www.amazon.co.jp/dp/B0DC29KJXM,https://keepa.com/#!product/5-B0DC29KJXM,https://www.google.com/search?q=mimimamo%20%E4%BC%9A%E7%A4%BE%E6%A6%82%E8%A6%81%20%E5%95%8F%E3%81%84%E5%90%88%E3%82%8F%E3%81%9B%20%E5%8D%B8,家電＆カメラ,中小候補,1
ＭＥＮＧＬＩ盟励,1,968,2799,1,B0C7V1XXKF,メンズ電気シェーバー ボディシェーバー バリカン 鼻毛カッター ヒゲトリマー 髭剃り 1台3役 多機能セット 腋毛/体毛/眉毛/すね毛/髪/フェイス用 Type-C USB充電式 ,https://www.amazon.co.jp/dp/B0C7V1XXKF,https://keepa.com/#!product/5-B0C7V1XXKF,https://www.google.com/search?q=%EF%BC%AD%EF%BC%A5%EF%BC%AE%EF%BC%A7%EF%BC%AC%EF%BC%A9%E7%9B%9F%E5%8A%B1%20%E4%BC%9A%E7%A4%BE%E6%A6%82%E8%A6%81%20%E5%95%8F%E3%81%84%E5%90%88%E3%82%8F%E3%81%9B%20%E5%8D%B8,ホーム＆キッチン,中小候補,1
BTIHCEUOT,1,986,2829,1,B0GGNRS69S,エアダスター 電動エアダスター ブロワー ブロアー超強力300000RPM高速回転 最大風速150m/s 無段階風量調整 7500mAh 215g 小型 USB Type-C充電式,https://www.amazon.co.jp/dp/B0GGNRS69S,https://keepa.com/#!product/5-B0GGNRS69S,https://www.google.com/search?q=BTIHCEUOT%20%E4%BC%9A%E7%A4%BE%E6%A6%82%E8%A6%81%20%E5%95%8F%E3%81%84%E5%90%88%E3%82%8F%E3%81%9B%20%E5%8D%B8,DIY・工具・ガーデン,中小候補,0
STARTRC,1,606,2699,1,B08VJ3LPRC,STARTRC ドローンランディングパッド DJI対応Neo 2/Lito X1/Lito 1/Mini 5pro/Mini 3/Avata 2/Air 3/Mini 3 Pro/,https://www.amazon.co.jp/dp/B08VJ3LPRC,https://keepa.com/#!product/5-B08VJ3LPRC,https://www.google.com/search?q=STARTRC%20%E4%BC%9A%E7%A4%BE%E6%A6%82%E8%A6%81%20%E5%95%8F%E3%81%84%E5%90%88%E3%82%8F%E3%81%9B%20%E5%8D%B8,家電＆カメラ,中小候補,1
ホーチキ(Hochiki),1,1112,3480,1,B07DWPBD46,ホーチキ 火災警報器 ホワイト 9.5×9.5×2.8cm 音声タイプ(煙式) SS-2LT-10HCC,https://www.amazon.co.jp/dp/B07DWPBD46,https://keepa.com/#!product/5-B07DWPBD46,https://www.google.com/search?q=%E3%83%9B%E3%83%BC%E3%83%81%E3%82%AD%28Hochiki%29%20%E4%BC%9A%E7%A4%BE%E6%A6%82%E8%A6%81%20%E5%95%8F%E3%81%84%E5%90%88%E3%82%8F%E3%81%9B%20%E5%8D%B8,DIY・工具・ガーデン,中小候補,0
PYLAMISON,1,1008,3380,1,B09FLRJDZV,シェーバー メンズ ひげそり 電動シェーバー 髭剃り 電気 往復式 3枚刃 深剃り メンズシェーバー 電気カミソリ IPX7防水 ウェット&ドライ お風呂剃り可 LEDディスプレイ,https://www.amazon.co.jp/dp/B09FLRJDZV,https://keepa.com/#!product/5-B09FLRJDZV,https://www.google.com/search?q=PYLAMISON%20%E4%BC%9A%E7%A4%BE%E6%A6%82%E8%A6%81%20%E5%95%8F%E3%81%84%E5%90%88%E3%82%8F%E3%81%9B%20%E5%8D%B8,ホーム＆キッチン,中小候補,1
TABITUS+,1,1305,3380,1,B07CNCTB6R,[TABITUS/タビタス] ワンツーフィニッシュ ハンガーケース NEW JALUX ネイビー…,https://www.amazon.co.jp/dp/B07CNCTB6R,https://keepa.com/#!product/5-B07CNCTB6R,https://www.google.com/search?q=TABITUS%2B%20%E4%BC%9A%E7%A4%BE%E6%A6%82%E8%A6%81%20%E5%95%8F%E3%81%84%E5%90%88%E3%82%8F%E3%81%9B%20%E5%8D%B8,ファッション,中小候補,0
TP-Link,1,979,3240,1,B01FLJDZPQ,"TP-Link WiFi 無線LAN 中継器 11ac AC750 433+300Mbps 11ac対応 デュアルバンド OneMesh 対応 iphone13, Android ",https://www.amazon.co.jp/dp/B01FLJDZPQ,https://keepa.com/#!product/5-B01FLJDZPQ,https://www.google.com/search?q=TP-Link%20%E4%BC%9A%E7%A4%BE%E6%A6%82%E8%A6%81%20%E5%95%8F%E3%81%84%E5%90%88%E3%82%8F%E3%81%9B%20%E5%8D%B8,パソコン・周辺機器,中小候補,1
LAOPAO,1,1021,3399,1,B0G2XTLCBL,LAOPAO ソープディスペンサー 自動 液体 2段階 オートディスペンサー ハンドソープディスペンサー シャンパン色 液体 [並行輸入品],https://www.amazon.co.jp/dp/B0G2XTLCBL,https://keepa.com/#!product/5-B0G2XTLCBL,https://www.google.com/search?q=LAOPAO%20%E4%BC%9A%E7%A4%BE%E6%A6%82%E8%A6%81%20%E5%95%8F%E3%81%84%E5%90%88%E3%82%8F%E3%81%9B%20%E5%8D%B8,ホーム＆キッチン,中小候補,0
1Mii,1,1115,3490,1,B0DGS7YYD4,1Mii Bluetooth 5.3トランスミッター テレビ ブルートゥース レシーバー オーディオ 送信機 受信機 直感的な操作で2台同時接続 aptX Adaptive/apt,https://www.amazon.co.jp/dp/B0DGS7YYD4,https://keepa.com/#!product/5-B0DGS7YYD4,https://www.google.com/search?q=1Mii%20%E4%BC%9A%E7%A4%BE%E6%A6%82%E8%A6%81%20%E5%95%8F%E3%81%84%E5%90%88%E3%82%8F%E3%81%9B%20%E5%8D%B8,家電＆カメラ,中小候補,1
TOPADRE,1,1874,3999,1,B0CR9KFGPX,TOPADRE 140W 急速充電器 PD タイプ c 充電器【100W Max*USB-C*3＋USB-A*2+ディスプレイ搭載+PSE認証】5ポート Type-c充 電器 Ma,https://www.amazon.co.jp/dp/B0CR9KFGPX,https://keepa.com/#!product/5-B0CR9KFGPX,https://www.google.com/search?q=TOPADRE%20%E4%BC%9A%E7%A4%BE%E6%A6%82%E8%A6%81%20%E5%95%8F%E3%81%84%E5%90%88%E3%82%8F%E3%81%9B%20%E5%8D%B8,家電＆カメラ,中小候補,1
Clipa,1,1391,3630,1,B01H6MJ4II,Clipa クリッパ クリッパ つやなしブラックシルバー 黒,https://www.amazon.co.jp/dp/B01H6MJ4II,https://keepa.com/#!product/5-B01H6MJ4II,https://www.google.com/search?q=Clipa%20%E4%BC%9A%E7%A4%BE%E6%A6%82%E8%A6%81%20%E5%95%8F%E3%81%84%E5%90%88%E3%82%8F%E3%81%9B%20%E5%8D%B8,ファッション,中小候補,0
Portta,1,1459,3990,1,B0FDVHWJ6W,"PORTTA HDMI キャプチャーボード パススルー, 1080P60 低遅延, ストリーミングと録画、4K HD MI入力/ループ出力、USB 3.0 - PCビデオカメラ、P",https://www.amazon.co.jp/dp/B0FDVHWJ6W,https://keepa.com/#!product/5-B0FDVHWJ6W,https://www.google.com/search?q=Portta%20%E4%BC%9A%E7%A4%BE%E6%A6%82%E8%A6%81%20%E5%95%8F%E3%81%84%E5%90%88%E3%82%8F%E3%81%9B%20%E5%8D%B8,パソコン・周辺機器,大手/海外疑い,1
サーモス(THERMOS),1,211,3980,1,B08X16VQRH,サーモス ソフトクーラー 5L ミッフィー ネイビー REZ-005B NVY,https://www.amazon.co.jp/dp/B08X16VQRH,https://keepa.com/#!product/5-B08X16VQRH,https://www.google.com/search?q=%E3%82%B5%E3%83%BC%E3%83%A2%E3%82%B9%28THERMOS%29%20%E4%BC%9A%E7%A4%BE%E6%A6%82%E8%A6%81%20%E5%95%8F%E3%81%84%E5%90%88%E3%82%8F%E3%81%9B%20%E5%8D%B8,スポーツ＆アウトドア,中小候補,0
太平洋工業,1,1682,4150,1,B074RXSYH2,太平洋工業 チューブレスタイヤゴムバルブ 100個セット TR413CL パッキン付き 太平洋パシフィック TR-413 チューブレスタイヤ用スナップインバルブ 安心の日本製,https://www.amazon.co.jp/dp/B074RXSYH2,https://keepa.com/#!product/5-B074RXSYH2,https://www.google.com/search?q=%E5%A4%AA%E5%B9%B3%E6%B4%8B%E5%B7%A5%E6%A5%AD%20%E4%BC%9A%E7%A4%BE%E6%A6%82%E8%A6%81%20%E5%95%8F%E3%81%84%E5%90%88%E3%82%8F%E3%81%9B%20%E5%8D%B8,車＆バイク,中小候補,0
KCUVSSKKII,1,1497,4299,1,B0F89WKCYC,LED ヘッドライト 実用点灯35時間 3000000ルーメン 超高輝度 Type-C 充電式 ヘッドランプ 5点灯モード 手振りセンサー機能付き 残量表示機能 ズーム機能 90°,https://www.amazon.co.jp/dp/B0F89WKCYC,https://keepa.com/#!product/5-B0F89WKCYC,https://www.google.com/search?q=KCUVSSKKII%20%E4%BC%9A%E7%A4%BE%E6%A6%82%E8%A6%81%20%E5%95%8F%E3%81%84%E5%90%88%E3%82%8F%E3%81%9B%20%E5%8D%B8,スポーツ＆アウトドア,中小候補,0
BAL,1,736,4047,1,B08G898L3P,BAL(大橋産業) 空気入れ 自動車 自転車用空気入れ 高圧フットポンプ シングルシリンダー イエロー No.1925,https://www.amazon.co.jp/dp/B08G898L3P,https://keepa.com/#!product/5-B08G898L3P,https://www.google.com/search?q=BAL%20%E4%BC%9A%E7%A4%BE%E6%A6%82%E8%A6%81%20%E5%95%8F%E3%81%84%E5%90%88%E3%82%8F%E3%81%9B%20%E5%8D%B8,車＆バイク,中小候補,0
LEICA(ライカ),1,1599,4180,1,B09ST9NB65,FORTUNE FIELD グラブケアセット,https://www.amazon.co.jp/dp/B09ST9NB65,https://keepa.com/#!product/5-B09ST9NB65,https://www.google.com/search?q=LEICA%28%E3%83%A9%E3%82%A4%E3%82%AB%29%20%E4%BC%9A%E7%A4%BE%E6%A6%82%E8%A6%81%20%E5%95%8F%E3%81%84%E5%90%88%E3%82%8F%E3%81%9B%20%E5%8D%B8,スポーツ＆アウトドア,中小候補,0
Vexify,1,1403,4980,1,B0FX8MQ4M7,【Amazon.co.jp限定】モニターアーム 17～32インチ対応 耐荷重2～11kg VESA規格対応 5軸可動式 多角度調節 ガススプリング式 アルミニウム合金製 グロメット,https://www.amazon.co.jp/dp/B0FX8MQ4M7,https://keepa.com/#!product/5-B0FX8MQ4M7,https://www.google.com/search?q=Vexify%20%E4%BC%9A%E7%A4%BE%E6%A6%82%E8%A6%81%20%E5%95%8F%E3%81%84%E5%90%88%E3%82%8F%E3%81%9B%20%E5%8D%B8,パソコン・周辺機器,中小候補,1
三陽金属(Sanyo Metal),1,1169,4850,1,B07P6H1V6R,三陽金属 日本製 水田株間 畑 除草カッター 中干しの達人 チップソー 130mm 8P 稲を守りながら稲の株間除草 草刈り,https://www.amazon.co.jp/dp/B07P6H1V6R,https://keepa.com/#!product/5-B07P6H1V6R,https://www.google.com/search?q=%E4%B8%89%E9%99%BD%E9%87%91%E5%B1%9E%28Sanyo%20Metal%29%20%E4%BC%9A%E7%A4%BE%E6%A6%82%E8%A6%81%20%E5%95%8F%E3%81%84%E5%90%88%E3%82%8F%E3%81%9B%20%E5%8D%B8,DIY・工具・ガーデン,中小候補,0
タカラ産業,1,2000,4851,1,B0GMLMR6YN,タカラ産業 ウェーブルーバー（WAVE LOUVER） 室外機カバー SLK85 マグネット式 幅調整可能,https://www.amazon.co.jp/dp/B0GMLMR6YN,https://keepa.com/#!product/5-B0GMLMR6YN,https://www.google.com/search?q=%E3%82%BF%E3%82%AB%E3%83%A9%E7%94%A3%E6%A5%AD%20%E4%BC%9A%E7%A4%BE%E6%A6%82%E8%A6%81%20%E5%95%8F%E3%81%84%E5%90%88%E3%82%8F%E3%81%9B%20%E5%8D%B8,DIY・工具・ガーデン,中小候補,0
JELLY JELLY GAMES,1,1604,4500,1,B081SKGBFP,JELLYJELLYGAMES クリプティッド 伝説の生物はどこにいる？ヒントを組み合わせて先に見つけた人が勝つ論理推理バトル！ 2~5人用 日本語版 ボードゲーム,https://www.amazon.co.jp/dp/B081SKGBFP,https://keepa.com/#!product/5-B081SKGBFP,https://www.google.com/search?q=JELLY%20JELLY%20GAMES%20%E4%BC%9A%E7%A4%BE%E6%A6%82%E8%A6%81%20%E5%95%8F%E3%81%84%E5%90%88%E3%82%8F%E3%81%9B%20%E5%8D%B8,おもちゃ,中小候補,0
H&W,1,1845,4580,1,B0D5HR33P7,【Amazon 限定ブランド】エアーベッド 電動ポンプ内蔵【25cm厚&90秒自動膨張】H&W 電動キャンプ 空気ベッド エアマット 折り畳み式 電動ベッド エアーベッド シングル,https://www.amazon.co.jp/dp/B0D5HR33P7,https://keepa.com/#!product/5-B0D5HR33P7,https://www.google.com/search?q=H%26W%20%E4%BC%9A%E7%A4%BE%E6%A6%82%E8%A6%81%20%E5%95%8F%E3%81%84%E5%90%88%E3%82%8F%E3%81%9B%20%E5%8D%B8,スポーツ＆アウトドア,中小候補,0
hololive OFFICIAL CARD GAME,1,2800,5280,1,B0GJRZV9MJ,hololive OFFICIAL CARD GAME ブースターパック「キュリアスユニバース」（BOX：12パック入り）,https://www.amazon.co.jp/dp/B0GJRZV9MJ,https://keepa.com/#!product/5-B0GJRZV9MJ,https://www.google.com/search?q=hololive%20OFFICIAL%20CARD%20GAME%20%E4%BC%9A%E7%A4%BE%E6%A6%82%E8%A6%81%20%E5%95%8F%E3%81%84%E5%90%88%E3%82%8F%E3%81%9B%20%E5%8D%B8,おもちゃ,中小候補,0
PKBジャパン,1,2717,5200,1,B077M6XNZ5,PKBジャパン オーラティーン デンタルジェル 犬猫用 28g×2セット,https://www.amazon.co.jp/dp/B077M6XNZ5,https://keepa.com/#!product/5-B077M6XNZ5,https://www.google.com/search?q=PKB%E3%82%B8%E3%83%A3%E3%83%91%E3%83%B3%20%E4%BC%9A%E7%A4%BE%E6%A6%82%E8%A6%81%20%E5%95%8F%E3%81%84%E5%90%88%E3%82%8F%E3%81%9B%20%E5%8D%B8,ペット用品,中小候補,0
PONAOO,1,2481,5035,1,B0DQ7RTLL9,PONAOO小型カメラ 小型防犯カメラ [DIYカメラ リモコン付き操作簡単 HD1080P モーション検知 7時間録画128GB対応]小型カメラ長時間録画 上書き録画 小型監視カ,https://www.amazon.co.jp/dp/B0DQ7RTLL9,https://keepa.com/#!product/5-B0DQ7RTLL9,https://www.google.com/search?q=PONAOO%20%E4%BC%9A%E7%A4%BE%E6%A6%82%E8%A6%81%20%E5%95%8F%E3%81%84%E5%90%88%E3%82%8F%E3%81%9B%20%E5%8D%B8,家電＆カメラ,中小候補,1
Annexfun,1,1401,5499,1,B0DPJTFSHX,150 Pcs マグネットブロック 磁石ブロック おもちゃ 子供 知育玩具 磁石ブロック マグネット 男の子と女の子 おもちゃ 誕生日プレゼント クリスマス ギフト 贈り物,https://www.amazon.co.jp/dp/B0DPJTFSHX,https://keepa.com/#!product/5-B0DPJTFSHX,https://www.google.com/search?q=Annexfun%20%E4%BC%9A%E7%A4%BE%E6%A6%82%E8%A6%81%20%E5%95%8F%E3%81%84%E5%90%88%E3%82%8F%E3%81%9B%20%E5%8D%B8,おもちゃ,中小候補,0
駿台文庫,1,2189,5150,1,4796164804,2025-共通テスト実戦パッケージ問題　青パック (駿台大学入試完全対策シリーズ),https://www.amazon.co.jp/dp/4796164804,https://keepa.com/#!product/5-4796164804,https://www.google.com/search?q=%E9%A7%BF%E5%8F%B0%E6%96%87%E5%BA%AB%20%E4%BC%9A%E7%A4%BE%E6%A6%82%E8%A6%81%20%E5%95%8F%E3%81%84%E5%90%88%E3%82%8F%E3%81%9B%20%E5%8D%B8,本,中小候補,0
コーナン,1,2327,5180,1,B076X1N3GV,コーナンオリジナル LIFELEX 自動水やり機 散水タイマー 水やりタイマー 電池式 蛇口接続モデル ガーデニング用 自動散水 留守対策 LFX09-7573,https://www.amazon.co.jp/dp/B076X1N3GV,https://keepa.com/#!product/5-B076X1N3GV,https://www.google.com/search?q=%E3%82%B3%E3%83%BC%E3%83%8A%E3%83%B3%20%E4%BC%9A%E7%A4%BE%E6%A6%82%E8%A6%81%20%E5%95%8F%E3%81%84%E5%90%88%E3%82%8F%E3%81%9B%20%E5%8D%B8,DIY・工具・ガーデン,中小候補,0
丸隆,1,1181,5230,1,B0B6F392X5,丸隆 6N368トルネーダウォッシュMA864,https://www.amazon.co.jp/dp/B0B6F392X5,https://keepa.com/#!product/5-B0B6F392X5,https://www.google.com/search?q=%E4%B8%B8%E9%9A%86%20%E4%BC%9A%E7%A4%BE%E6%A6%82%E8%A6%81%20%E5%95%8F%E3%81%84%E5%90%88%E3%82%8F%E3%81%9B%20%E5%8D%B8,大型家電,中小候補,1
Honda,1,1207,5580,1,B08VJF117Z,Honda(ホンダ)/2輪用エンジンオイル ULTRA G1 SL 5W-30 1L 品番：08232-99971,https://www.amazon.co.jp/dp/B08VJF117Z,https://keepa.com/#!product/5-B08VJF117Z,https://www.google.com/search?q=Honda%20%E4%BC%9A%E7%A4%BE%E6%A6%82%E8%A6%81%20%E5%95%8F%E3%81%84%E5%90%88%E3%82%8F%E3%81%9B%20%E5%8D%B8,車＆バイク,中小候補,0
Oliforu,1,2963,5978,1,B0GFF1QTC2,電気シェーバー メンズ 全金属ボディ マグネット式ヘッド 往復式3D浮動3枚刃 深剃り IPX7防水 お風呂剃り・丸洗い可 Type-C急速充電,https://www.amazon.co.jp/dp/B0GFF1QTC2,https://keepa.com/#!product/5-B0GFF1QTC2,https://www.google.com/search?q=Oliforu%20%E4%BC%9A%E7%A4%BE%E6%A6%82%E8%A6%81%20%E5%95%8F%E3%81%84%E5%90%88%E3%82%8F%E3%81%9B%20%E5%8D%B8,ホーム＆キッチン,中小候補,1
Lector House,1,3087,6111,1,9353423031,Anne Of Green Gables,https://www.amazon.co.jp/dp/9353423031,https://keepa.com/#!product/5-9353423031,https://www.google.com/search?q=Lector%20House%20%E4%BC%9A%E7%A4%BE%E6%A6%82%E8%A6%81%20%E5%95%8F%E3%81%84%E5%90%88%E3%82%8F%E3%81%9B%20%E5%8D%B8,洋書,中小候補,0
ZTCUIK,1,2943,6279,1,B0DWWSBPWM,ZTCUIK 小型カメラ 隠しカメラ スパイカメラ 監視カメラ小型 超小型カメラ 19g軽量 防犯カメラ小型 1080P広角 ループ録画 日時セット USBメモリー型カメラ 証拠撮,https://www.amazon.co.jp/dp/B0DWWSBPWM,https://keepa.com/#!product/5-B0DWWSBPWM,https://www.google.com/search?q=ZTCUIK%20%E4%BC%9A%E7%A4%BE%E6%A6%82%E8%A6%81%20%E5%95%8F%E3%81%84%E5%90%88%E3%82%8F%E3%81%9B%20%E5%8D%B8,家電＆カメラ,中小候補,1
Topcony,1,3325,6499,1,B0C65VG6VZ,Topcony ペットカメラ 800万画素 4Ｋ 2.4と5GhzWiFi対応 iPhone/Android 室内防犯カメラ 見守りカメラ,https://www.amazon.co.jp/dp/B0C65VG6VZ,https://keepa.com/#!product/5-B0C65VG6VZ,https://www.google.com/search?q=Topcony%20%E4%BC%9A%E7%A4%BE%E6%A6%82%E8%A6%81%20%E5%95%8F%E3%81%84%E5%90%88%E3%82%8F%E3%81%9B%20%E5%8D%B8,ベビー＆マタニティ,中小候補,0
INFOCAR,1,3326,6160,1,B0CYFPR2FN,IO180-PH Infocarスマートスキャナー/ OBD2スキャナー / ELM327 / 自動車の故障診断機/日本語対応/専用アプリの無償提供/アプリの生涯無料アップデート/,https://www.amazon.co.jp/dp/B0CYFPR2FN,https://keepa.com/#!product/5-B0CYFPR2FN,https://www.google.com/search?q=INFOCAR%20%E4%BC%9A%E7%A4%BE%E6%A6%82%E8%A6%81%20%E5%95%8F%E3%81%84%E5%90%88%E3%82%8F%E3%81%9B%20%E5%8D%B8,車＆バイク,中小候補,0
Blaze Entertainment,1,3225,6633,1,B0FPG1X2JP,Blaze Evercade The Llamasoftコレクション。,https://www.amazon.co.jp/dp/B0FPG1X2JP,https://keepa.com/#!product/5-B0FPG1X2JP,https://www.google.com/search?q=Blaze%20Entertainment%20%E4%BC%9A%E7%A4%BE%E6%A6%82%E8%A6%81%20%E5%95%8F%E3%81%84%E5%90%88%E3%82%8F%E3%81%9B%20%E5%8D%B8,PCソフト,中小候補,0
Sinessy,1,3382,6999,1,B0F6LKG8ZT,【Amazon.co.jp限定】ミスト ファン 扇風機 卓上扇風機 キャンプ 風量無段階調節 55時間連続使用 アウトドア ミストスプレーファン Sinessy 6L水タンク 角度,https://www.amazon.co.jp/dp/B0F6LKG8ZT,https://keepa.com/#!product/5-B0F6LKG8ZT,https://www.google.com/search?q=Sinessy%20%E4%BC%9A%E7%A4%BE%E6%A6%82%E8%A6%81%20%E5%95%8F%E3%81%84%E5%90%88%E3%82%8F%E3%81%9B%20%E5%8D%B8,ホーム＆キッチン,中小候補,1
MJJC,1,3494,6880,1,B08TR14TMR,"MJJC ケルヒャー用 泡 洗車 フォームガン ノズル ケルヒャーK2,K3,K4,K5,MINI,JTKに対応 高圧洗浄機に接続でモコモコ泡洗車を実現 (フォームキャノンS（青）",https://www.amazon.co.jp/dp/B08TR14TMR,https://keepa.com/#!product/5-B08TR14TMR,https://www.google.com/search?q=MJJC%20%E4%BC%9A%E7%A4%BE%E6%A6%82%E8%A6%81%20%E5%95%8F%E3%81%84%E5%90%88%E3%82%8F%E3%81%9B%20%E5%8D%B8,DIY・工具・ガーデン,中小候補,0
LG,1,3286,6600,1,B094VVNNGY,【LG公式】マジックリモコン 2021発売 LG TV 対応MR21GB,https://www.amazon.co.jp/dp/B094VVNNGY,https://keepa.com/#!product/5-B094VVNNGY,https://www.google.com/search?q=LG%20%E4%BC%9A%E7%A4%BE%E6%A6%82%E8%A6%81%20%E5%95%8F%E3%81%84%E5%90%88%E3%82%8F%E3%81%9B%20%E5%8D%B8,家電＆カメラ,中小候補,1
からからつみき(KARAKARATSUMIKI),1,2967,6980,1,B07PQRBV8V,からからつみき 木製 積み木 ギフト 知育玩具 モンテッソーリ | 240ピース 日本製 宮崎県産杉100%使用 無塗装 木のおもちゃ 0歳 1歳 2歳 3歳 4歳,https://www.amazon.co.jp/dp/B07PQRBV8V,https://keepa.com/#!product/5-B07PQRBV8V,https://www.google.com/search?q=%E3%81%8B%E3%82%89%E3%81%8B%E3%82%89%E3%81%A4%E3%81%BF%E3%81%8D%28KARAKARATSUMIKI%29%20%E4%BC%9A%E7%A4%BE%E6%A6%82%E8%A6%81%20%E5%95%8F%E3%81%84%E5%90%88%E3%82%8F%E3%81%9B%20%E5%8D%B8,おもちゃ,中小候補,0
BEAMS BOY(ビームスボーイ),1,3775,6820,1,B0F9JCYXMP,[ビームスボーイ] キャンパス・バッグ ARC’TERYX MANTIS1 WESTPACK レディース 24K Black FREE,https://www.amazon.co.jp/dp/B0F9JCYXMP,https://keepa.com/#!product/5-B0F9JCYXMP,https://www.google.com/search?q=BEAMS%20BOY%28%E3%83%93%E3%83%BC%E3%83%A0%E3%82%B9%E3%83%9C%E3%83%BC%E3%82%A4%29%20%E4%BC%9A%E7%A4%BE%E6%A6%82%E8%A6%81%20%E5%95%8F%E3%81%84%E5%90%88%E3%82%8F%E3%81%9B%20%E5%8D%B8,ファッション,中小候補,0
inforest,1,3617,7192,1,486190952X,勘定奉行 i 公式導入ガイドブック (OBCオフィシャルガイドブック),https://www.amazon.co.jp/dp/486190952X,https://keepa.com/#!product/5-486190952X,https://www.google.com/search?q=inforest%20%E4%BC%9A%E7%A4%BE%E6%A6%82%E8%A6%81%20%E5%95%8F%E3%81%84%E5%90%88%E3%82%8F%E3%81%9B%20%E5%8D%B8,本,中小候補,0
UYIKOO,1,4424,7118,1,B0BBP8RLJL,小型カメラ 隠しカメラ メガネカメラ HD1080P画質 大容量128GB対応長時間録画 操作簡単 スパイカメラ 写真撮影 カメラ付きメガネ 防犯用 会議 商談 証拠撮影 屋内 屋,https://www.amazon.co.jp/dp/B0BBP8RLJL,https://keepa.com/#!product/5-B0BBP8RLJL,https://www.google.com/search?q=UYIKOO%20%E4%BC%9A%E7%A4%BE%E6%A6%82%E8%A6%81%20%E5%95%8F%E3%81%84%E5%90%88%E3%82%8F%E3%81%9B%20%E5%8D%B8,家電＆カメラ,中小候補,1
ぴあ,1,3744,7350,1,B0DLBD5BNL,帝国劇場アニバーサリーブック NEW HISTORY COMING(劇場内外観オリジナルクリアファイル付き),https://www.amazon.co.jp/dp/B0DLBD5BNL,https://keepa.com/#!product/5-B0DLBD5BNL,https://www.google.com/search?q=%E3%81%B4%E3%81%82%20%E4%BC%9A%E7%A4%BE%E6%A6%82%E8%A6%81%20%E5%95%8F%E3%81%84%E5%90%88%E3%82%8F%E3%81%9B%20%E5%8D%B8,本,中小候補,0
パイロットコーポレーション(PILOT CORPORATION),1,3605,7500,1,B01N7YV05R,パイロットコーポレーション(PILOT CORPORATION) きらりんシール スタンダードセット,https://www.amazon.co.jp/dp/B01N7YV05R,https://keepa.com/#!product/5-B01N7YV05R,https://www.google.com/search?q=%E3%83%91%E3%82%A4%E3%83%AD%E3%83%83%E3%83%88%E3%82%B3%E3%83%BC%E3%83%9D%E3%83%AC%E3%83%BC%E3%82%B7%E3%83%A7%E3%83%B3%28PILOT%20CORPORATION%29%20%E4%BC%9A%E7%A4%BE%E6%A6%82%E8%A6%81%20%E5%95%8F%E3%81%84%E5%90%88%E3%82%8F%E3%81%9B%20%E5%8D%B8,おもちゃ,中小候補,0
Kiboer,1,4008,7580,1,B0FYX7G4P9,Kiboer EMS腹筋ベルト EMSパッド ジェル不要 6モード 16段階 5段階温熱 液晶表示 2mm薄型 USB充電 腹部 腰 背中対応 腹部,https://www.amazon.co.jp/dp/B0FYX7G4P9,https://keepa.com/#!product/5-B0FYX7G4P9,https://www.google.com/search?q=Kiboer%20%E4%BC%9A%E7%A4%BE%E6%A6%82%E8%A6%81%20%E5%95%8F%E3%81%84%E5%90%88%E3%82%8F%E3%81%9B%20%E5%8D%B8,スポーツ＆アウトドア,中小候補,0
ＹＡＺＡＫＩ,1,4167,7879,1,B07VL814FP,矢崎 都市ガス ガス警報器 YP-756F 日本製 ＣＯ警報器 ガス漏れ 不完全燃焼 複合型 石膏ボード用アタッチメント付き,https://www.amazon.co.jp/dp/B07VL814FP,https://keepa.com/#!product/5-B07VL814FP,https://www.google.com/search?q=%EF%BC%B9%EF%BC%A1%EF%BC%BA%EF%BC%A1%EF%BC%AB%EF%BC%A9%20%E4%BC%9A%E7%A4%BE%E6%A6%82%E8%A6%81%20%E5%95%8F%E3%81%84%E5%90%88%E3%82%8F%E3%81%9B%20%E5%8D%B8,DIY・工具・ガーデン,中小候補,0
フロムソフトウェア,1,2290,7800,1,B00BKTDJ1C,ARMORED CORE VERDICT DAY(アーマード・コア ヴァーディクトデイ)(通常版) - PS3,https://www.amazon.co.jp/dp/B00BKTDJ1C,https://keepa.com/#!product/5-B00BKTDJ1C,https://www.google.com/search?q=%E3%83%95%E3%83%AD%E3%83%A0%E3%82%BD%E3%83%95%E3%83%88%E3%82%A6%E3%82%A7%E3%82%A2%20%E4%BC%9A%E7%A4%BE%E6%A6%82%E8%A6%81%20%E5%95%8F%E3%81%84%E5%90%88%E3%82%8F%E3%81%9B%20%E5%8D%B8,ゲーム,中小候補,0
ジェネオン・ユニバーサル,1,1876,8710,1,B004XV5H7I,地獄の黙示録 3Disc コレクターズ・エディション (初回生産限定) [Blu-ray],https://www.amazon.co.jp/dp/B004XV5H7I,https://keepa.com/#!product/5-B004XV5H7I,https://www.google.com/search?q=%E3%82%B8%E3%82%A7%E3%83%8D%E3%82%AA%E3%83%B3%E3%83%BB%E3%83%A6%E3%83%8B%E3%83%90%E3%83%BC%E3%82%B5%E3%83%AB%20%E4%BC%9A%E7%A4%BE%E6%A6%82%E8%A6%81%20%E5%95%8F%E3%81%84%E5%90%88%E3%82%8F%E3%81%9B%20%E5%8D%B8,DVD,中小候補,0
コクヨ(KOKUYO),1,6381,9900,1,B0F672K2MN,コクヨ(KOKUYO) 大人のやる気ペン【 文房具総選挙2025大賞受賞】 (旧モデル ホワイト 大人のやる気ペン),https://www.amazon.co.jp/dp/B0F672K2MN,https://keepa.com/#!product/5-B0F672K2MN,https://www.google.com/search?q=%E3%82%B3%E3%82%AF%E3%83%A8%28KOKUYO%29%20%E4%BC%9A%E7%A4%BE%E6%A6%82%E8%A6%81%20%E5%95%8F%E3%81%84%E5%90%88%E3%82%8F%E3%81%9B%20%E5%8D%B8,家電＆カメラ,大手/海外疑い,1
EJD,1,4872,9999,1,B0FW4RVXCF,掃除機 コードレス【業界随一！2026年衝撃的デビュー！45000KPa圧倒的吸引力・全体性能アップ】EJD53 ブラシレスモーター コードレス掃除機 一人暮らし LEDライト 大,https://www.amazon.co.jp/dp/B0FW4RVXCF,https://keepa.com/#!product/5-B0FW4RVXCF,https://www.google.com/search?q=EJD%20%E4%BC%9A%E7%A4%BE%E6%A6%82%E8%A6%81%20%E5%95%8F%E3%81%84%E5%90%88%E3%82%8F%E3%81%9B%20%E5%8D%B8,ホーム＆キッチン,中小候補,1
RK ROYAL KLUDGE,1,4497,9500,1,B0CNP1BG1W,【Amazon.co.jp限定】RK ROYAL KLUDGE R65 ゲーミングキーボード 有線 日本語配列 メカニカルキーボード 60%コンパクトキーボード 70キー テンキー,https://www.amazon.co.jp/dp/B0CNP1BG1W,https://keepa.com/#!product/5-B0CNP1BG1W,https://www.google.com/search?q=RK%20ROYAL%20KLUDGE%20%E4%BC%9A%E7%A4%BE%E6%A6%82%E8%A6%81%20%E5%95%8F%E3%81%84%E5%90%88%E3%82%8F%E3%81%9B%20%E5%8D%B8,パソコン・周辺機器,中小候補,1
Barbie,1,3496,10673,1,B0B627GTQM,Barbie Fashionista Boneca Cadeira de Rodas Roxa,https://www.amazon.co.jp/dp/B0B627GTQM,https://keepa.com/#!product/5-B0B627GTQM,https://www.google.com/search?q=Barbie%20%E4%BC%9A%E7%A4%BE%E6%A6%82%E8%A6%81%20%E5%95%8F%E3%81%84%E5%90%88%E3%82%8F%E3%81%9B%20%E5%8D%B8,PCソフト,中小候補,0
Franklin Sensors,1,5366,10980,1,B0917VXLDK,【活電線メーター搭載】 下地センサー 米国特許 プロ用 壁裏センサー Franklin 下地探し 【国内正規品/取説付】 ProSensor M210,https://www.amazon.co.jp/dp/B0917VXLDK,https://keepa.com/#!product/5-B0917VXLDK,https://www.google.com/search?q=Franklin%20Sensors%20%E4%BC%9A%E7%A4%BE%E6%A6%82%E8%A6%81%20%E5%95%8F%E3%81%84%E5%90%88%E3%82%8F%E3%81%9B%20%E5%8D%B8,DIY・工具・ガーデン,中小候補,0
カワサキ(Kawasaki),1,2928,10670,1,B007R7FACC,カワサキ 純正(KAWASAKI) エンジンオイル R4 SJ10W-40 4L缶,https://www.amazon.co.jp/dp/B007R7FACC,https://keepa.com/#!product/5-B007R7FACC,https://www.google.com/search?q=%E3%82%AB%E3%83%AF%E3%82%B5%E3%82%AD%28Kawasaki%29%20%E4%BC%9A%E7%A4%BE%E6%A6%82%E8%A6%81%20%E5%95%8F%E3%81%84%E5%90%88%E3%82%8F%E3%81%9B%20%E5%8D%B8,車＆バイク,中小候補,0
Harvill Secker,1,3314,10582,1,1787301087,Nineteen Eighty-Four,https://www.amazon.co.jp/dp/1787301087,https://keepa.com/#!product/5-1787301087,https://www.google.com/search?q=Harvill%20Secker%20%E4%BC%9A%E7%A4%BE%E6%A6%82%E8%A6%81%20%E5%95%8F%E3%81%84%E5%90%88%E3%82%8F%E3%81%9B%20%E5%8D%B8,洋書,中小候補,0
Garnier Editora,1,3822,11086,1,6584956601,The Little Prince,https://www.amazon.co.jp/dp/6584956601,https://keepa.com/#!product/5-6584956601,https://www.google.com/search?q=Garnier%20Editora%20%E4%BC%9A%E7%A4%BE%E6%A6%82%E8%A6%81%20%E5%95%8F%E3%81%84%E5%90%88%E3%82%8F%E3%81%9B%20%E5%8D%B8,洋書,中小候補,0
ロゴヴィスタ,1,6523,11220,1,B002UQSTKU,研究社 医学英和辞典 第2版,https://www.amazon.co.jp/dp/B002UQSTKU,https://keepa.com/#!product/5-B002UQSTKU,https://www.google.com/search?q=%E3%83%AD%E3%82%B4%E3%83%B4%E3%82%A3%E3%82%B9%E3%82%BF%20%E4%BC%9A%E7%A4%BE%E6%A6%82%E8%A6%81%20%E5%95%8F%E3%81%84%E5%90%88%E3%82%8F%E3%81%9B%20%E5%8D%B8,PCソフト,中小候補,0
etoe,1,4815,11999,1,B0F4X6G1WV,ETOE Google TV ボックス、Netflix 認定、ストリーミング メディア プレーヤー サポート Google cast/Google Assistant/Wifi 2,https://www.amazon.co.jp/dp/B0F4X6G1WV,https://keepa.com/#!product/5-B0F4X6G1WV,https://www.google.com/search?q=etoe%20%E4%BC%9A%E7%A4%BE%E6%A6%82%E8%A6%81%20%E5%95%8F%E3%81%84%E5%90%88%E3%82%8F%E3%81%9B%20%E5%8D%B8,家電＆カメラ,中小候補,1
YZO,1,7049,12349,1,B0FRR3DCZQ,【防災士監修】YZO 携帯浄水器 災害 浄水器 アウトドア 電動式＆手動2WAY対応 6層ろ過 99.99999%高精度浄水 携帯じょうすい器,https://www.amazon.co.jp/dp/B0FRR3DCZQ,https://keepa.com/#!product/5-B0FRR3DCZQ,https://www.google.com/search?q=YZO%20%E4%BC%9A%E7%A4%BE%E6%A6%82%E8%A6%81%20%E5%95%8F%E3%81%84%E5%90%88%E3%82%8F%E3%81%9B%20%E5%8D%B8,スポーツ＆アウトドア,中小候補,0
Business,1,8320,13906,1,1504735056,Never Split the Difference: Negotiating As If Your Life Depended on It,https://www.amazon.co.jp/dp/1504735056,https://keepa.com/#!product/5-1504735056,https://www.google.com/search?q=Business%20%E4%BC%9A%E7%A4%BE%E6%A6%82%E8%A6%81%20%E5%95%8F%E3%81%84%E5%90%88%E3%82%8F%E3%81%9B%20%E5%8D%B8,洋書,中小候補,0
中央法規出版,1,3935,13726,1,482430086X,障害者総合支援法 事業者ハンドブック 報酬編〔2024年版〕: 報酬告示と留意事項通知,https://www.amazon.co.jp/dp/482430086X,https://keepa.com/#!product/5-482430086X,https://www.google.com/search?q=%E4%B8%AD%E5%A4%AE%E6%B3%95%E8%A6%8F%E5%87%BA%E7%89%88%20%E4%BC%9A%E7%A4%BE%E6%A6%82%E8%A6%81%20%E5%95%8F%E3%81%84%E5%90%88%E3%82%8F%E3%81%9B%20%E5%8D%B8,本,中小候補,0
日本電興株式会社,1,4093,13585,1,B0CCCMPTQR,日本電興(NIHON DENKO) 日本製 ナノバブル発生装置 キッチン水栓用 (泡沫/丸型) ND-NBKS 工具不要 簡単取付 ナノバブル 節水,https://www.amazon.co.jp/dp/B0CCCMPTQR,https://keepa.com/#!product/5-B0CCCMPTQR,https://www.google.com/search?q=%E6%97%A5%E6%9C%AC%E9%9B%BB%E8%88%88%E6%A0%AA%E5%BC%8F%E4%BC%9A%E7%A4%BE%20%E4%BC%9A%E7%A4%BE%E6%A6%82%E8%A6%81%20%E5%95%8F%E3%81%84%E5%90%88%E3%82%8F%E3%81%9B%20%E5%8D%B8,DIY・工具・ガーデン,中小候補,0
Flirva,1,4602,13999,1,B0F26H7NL6,Flirva 車 アロマディフューザー 充電式 コードレス 自動感知 PSE認証済 ホワイトムスク系（3種類の香り）9ヶ月分精油付き 車 芳香剤 消臭,https://www.amazon.co.jp/dp/B0F26H7NL6,https://keepa.com/#!product/5-B0F26H7NL6,https://www.google.com/search?q=Flirva%20%E4%BC%9A%E7%A4%BE%E6%A6%82%E8%A6%81%20%E5%95%8F%E3%81%84%E5%90%88%E3%82%8F%E3%81%9B%20%E5%8D%B8,車＆バイク,中小候補,0
Hachette Audio,1,7697,13046,1,1405500662,"Tuesdays With Morrie: An old man, a young man, and life's greatest lesson",https://www.amazon.co.jp/dp/1405500662,https://keepa.com/#!product/5-1405500662,https://www.google.com/search?q=Hachette%20Audio%20%E4%BC%9A%E7%A4%BE%E6%A6%82%E8%A6%81%20%E5%95%8F%E3%81%84%E5%90%88%E3%82%8F%E3%81%9B%20%E5%8D%B8,洋書,中小候補,0
Laoynd,1,6054,13330,1,B0FRDZQF7D,掃除機 750KPa超強力吸引 コードレス掃除機 ダニ除去ブラシ付き！ 自立式自走式 60分連続稼働 革新版グリーンLEDライト 軽量 低騒音,https://www.amazon.co.jp/dp/B0FRDZQF7D,https://keepa.com/#!product/5-B0FRDZQF7D,https://www.google.com/search?q=Laoynd%20%E4%BC%9A%E7%A4%BE%E6%A6%82%E8%A6%81%20%E5%95%8F%E3%81%84%E5%90%88%E3%82%8F%E3%81%9B%20%E5%8D%B8,ホーム＆キッチン,中小候補,1
Mobile Fidelity Sound Lab,1,8545,15850,1,B00QCDJKYG,Brothers in Arms -Hq/Ltd- [Analog],https://www.amazon.co.jp/dp/B00QCDJKYG,https://keepa.com/#!product/5-B00QCDJKYG,https://www.google.com/search?q=Mobile%20Fidelity%20Sound%20Lab%20%E4%BC%9A%E7%A4%BE%E6%A6%82%E8%A6%81%20%E5%95%8F%E3%81%84%E5%90%88%E3%82%8F%E3%81%9B%20%E5%8D%B8,ミュージック,大手/海外疑い,0
フォーライフミュージックエンタテイメント,1,4051,15139,1,B0GHR37BB6,1996 30th Anniversary Edition (完全生産限定盤) (アナログ盤) - 坂本龍一 (特典なし) [Analog],https://www.amazon.co.jp/dp/B0GHR37BB6,https://keepa.com/#!product/5-B0GHR37BB6,https://www.google.com/search?q=%E3%83%95%E3%82%A9%E3%83%BC%E3%83%A9%E3%82%A4%E3%83%95%E3%83%9F%E3%83%A5%E3%83%BC%E3%82%B8%E3%83%83%E3%82%AF%E3%82%A8%E3%83%B3%E3%82%BF%E3%83%86%E3%82%A4%E3%83%A1%E3%83%B3%E3%83%88%20%E4%BC%9A%E7%A4%BE%E6%A6%82%E8%A6%81%20%E5%95%8F%E3%81%84%E5%90%88%E3%82%8F%E3%81%9B%20%E5%8D%B8,ミュージック,中小候補,0
Island Uk,1,4076,15114,1,B0DH7LS1XJ,Back To Black / Valerie [Analog],https://www.amazon.co.jp/dp/B0DH7LS1XJ,https://keepa.com/#!product/5-B0DH7LS1XJ,https://www.google.com/search?q=Island%20Uk%20%E4%BC%9A%E7%A4%BE%E6%A6%82%E8%A6%81%20%E5%95%8F%E3%81%84%E5%90%88%E3%82%8F%E3%81%9B%20%E5%8D%B8,ミュージック,中小候補,0
DVDBOX5枚組,1,1350,15569,1,B01N7BHYES,古畑任三郎DVDBOX2ndseason [並行輸入品],https://www.amazon.co.jp/dp/B01N7BHYES,https://keepa.com/#!product/5-B01N7BHYES,https://www.google.com/search?q=DVDBOX5%E6%9E%9A%E7%B5%84%20%E4%BC%9A%E7%A4%BE%E6%A6%82%E8%A6%81%20%E5%95%8F%E3%81%84%E5%90%88%E3%82%8F%E3%81%9B%20%E5%8D%B8,PCソフト,中小候補,0
ERJ,1,8776,15591,1,B00RFZBJ76,ALL TIME BEST ~Martini Dictionary~(初回生産限定盤) - 鈴木 雅之,https://www.amazon.co.jp/dp/B00RFZBJ76,https://keepa.com/#!product/5-B00RFZBJ76,https://www.google.com/search?q=ERJ%20%E4%BC%9A%E7%A4%BE%E6%A6%82%E8%A6%81%20%E5%95%8F%E3%81%84%E5%90%88%E3%82%8F%E3%81%9B%20%E5%8D%B8,ミュージック,中小候補,0
Vintage Canada,1,5142,15172,1,0345809327,The Remains of the Day: A Novel,https://www.amazon.co.jp/dp/0345809327,https://keepa.com/#!product/5-0345809327,https://www.google.com/search?q=Vintage%20Canada%20%E4%BC%9A%E7%A4%BE%E6%A6%82%E8%A6%81%20%E5%95%8F%E3%81%84%E5%90%88%E3%82%8F%E3%81%9B%20%E5%8D%B8,洋書,中小候補,0
Imports,1,7027,16313,1,B004KA6HRG,Meet Joe Black [Blu-ray] [Import],https://www.amazon.co.jp/dp/B004KA6HRG,https://keepa.com/#!product/5-B004KA6HRG,https://www.google.com/search?q=Imports%20%E4%BC%9A%E7%A4%BE%E6%A6%82%E8%A6%81%20%E5%95%8F%E3%81%84%E5%90%88%E3%82%8F%E3%81%9B%20%E5%8D%B8,DVD,中小候補,0
VITURE,1,10221,17400,1,B0D3LT6BJW,VITURE Pro モバイルドック XR/ARグラス対応 HDMI対応 Switch 2・Switch 2D/3D 協力プレイ・長時間駆動,https://www.amazon.co.jp/dp/B0D3LT6BJW,https://keepa.com/#!product/5-B0D3LT6BJW,https://www.google.com/search?q=VITURE%20%E4%BC%9A%E7%A4%BE%E6%A6%82%E8%A6%81%20%E5%95%8F%E3%81%84%E5%90%88%E3%82%8F%E3%81%9B%20%E5%8D%B8,ゲーム,中小候補,0
iZotope,1,10490,17800,1,B0DLB98N9L,iZotope Neutron 5 アップグレード版 from Neutron 4 or any previous version of Neutron Standard or A,https://www.amazon.co.jp/dp/B0DLB98N9L,https://keepa.com/#!product/5-B0DLB98N9L,https://www.google.com/search?q=iZotope%20%E4%BC%9A%E7%A4%BE%E6%A6%82%E8%A6%81%20%E5%95%8F%E3%81%84%E5%90%88%E3%82%8F%E3%81%9B%20%E5%8D%B8,PCソフト,中小候補,0
ESET,1,7348,18856,1,B09GV9KPKY,ESET HOME セキュリティ プレミアム| 5台3年 |カード版|ウイルス対策|Win/Mac/Android/iOS対応,https://www.amazon.co.jp/dp/B09GV9KPKY,https://keepa.com/#!product/5-B09GV9KPKY,https://www.google.com/search?q=ESET%20%E4%BC%9A%E7%A4%BE%E6%A6%82%E8%A6%81%20%E5%95%8F%E3%81%84%E5%90%88%E3%82%8F%E3%81%9B%20%E5%8D%B8,PCソフト,中小候補,0
ベンキュージャパン,1,13216,19800,1,B0DWMQSR6C,BenQ ZOWIE S2-DW ワイヤレスゲーミングマウス 中プロファイル/左右対称/65g/3950センサー/4000Hz/右利き用,https://www.amazon.co.jp/dp/B0DWMQSR6C,https://keepa.com/#!product/5-B0DWMQSR6C,https://www.google.com/search?q=%E3%83%99%E3%83%B3%E3%82%AD%E3%83%A5%E3%83%BC%E3%82%B8%E3%83%A3%E3%83%91%E3%83%B3%20%E4%BC%9A%E7%A4%BE%E6%A6%82%E8%A6%81%20%E5%95%8F%E3%81%84%E5%90%88%E3%82%8F%E3%81%9B%20%E5%8D%B8,パソコン・周辺機器,中小候補,1
atRise,1,248,1780,1,B0D61ZTLT1,【はじめてのタロット占いに】 atRise タロットカード 初心者向け 5点セット（日本語解説書・早見表・クロス・収納袋付き）ウェイト版／ライダー版,https://www.amazon.co.jp/dp/B0D61ZTLT1,https://keepa.com/#!product/5-B0D61ZTLT1,https://www.google.com/search?q=atRise%20%E4%BC%9A%E7%A4%BE%E6%A6%82%E8%A6%81%20%E5%95%8F%E3%81%84%E5%90%88%E3%82%8F%E3%81%9B%20%E5%8D%B8,おもちゃ,中小候補,0
快適設計IBR,1,529,1980,1,B0DX1R9SK6,[快適設計IBR] KN95 マスク 不織布 5層 CNAS機関認証済み 旧製品「レギュラー」の新バージョン 立体構造 ノーズスポンジ付き 曇りにくい 耳が痛くなりにくい 20枚入,https://www.amazon.co.jp/dp/B0DX1R9SK6,https://keepa.com/#!product/5-B0DX1R9SK6,https://www.google.com/search?q=%E5%BF%AB%E9%81%A9%E8%A8%AD%E8%A8%88IBR%20%E4%BC%9A%E7%A4%BE%E6%A6%82%E8%A6%81%20%E5%95%8F%E3%81%84%E5%90%88%E3%82%8F%E3%81%9B%20%E5%8D%B8,産業・研究開発用品,中小候補,0
TEOOT,1,670,1966,1,B0G2Y4V544,【2026新登場&aux bluetooth レシーバー】ブルートゥース レシーバー[デュアル接続＆プラグアンドプレイ]Bluetooth受信機 マイクノイズキャンセリングBlue,https://www.amazon.co.jp/dp/B0G2Y4V544,https://keepa.com/#!product/5-B0G2Y4V544,https://www.google.com/search?q=TEOOT%20%E4%BC%9A%E7%A4%BE%E6%A6%82%E8%A6%81%20%E5%95%8F%E3%81%84%E5%90%88%E3%82%8F%E3%81%9B%20%E5%8D%B8,車＆バイク,中小候補,1
Hikari(ヒカリ),1,338,1900,1,B07WFSJ9QS,「ヒカリ (Hikari) ひかりクレスト タートルスタンドパック 250g」 2個セット,https://www.amazon.co.jp/dp/B07WFSJ9QS,https://keepa.com/#!product/5-B07WFSJ9QS,https://www.google.com/search?q=Hikari%28%E3%83%92%E3%82%AB%E3%83%AA%29%20%E4%BC%9A%E7%A4%BE%E6%A6%82%E8%A6%81%20%E5%95%8F%E3%81%84%E5%90%88%E3%82%8F%E3%81%9B%20%E5%8D%B8,ペット用品,中小候補,0
Scndtne,1,638,1798,1,B0DQYFH346,車 充電器 5in1 Car Charger 巻き取り式 車載充電器 シガーソケット カーチャージャー 5台同時充電 引き込み式急速充電ケーブル2本,https://www.amazon.co.jp/dp/B0DQYFH346,https://keepa.com/#!product/5-B0DQYFH346,https://www.google.com/search?q=Scndtne%20%E4%BC%9A%E7%A4%BE%E6%A6%82%E8%A6%81%20%E5%95%8F%E3%81%84%E5%90%88%E3%82%8F%E3%81%9B%20%E5%8D%B8,家電＆カメラ,中小候補,1
LETMY,1,400,2089,1,B0FKH2TKQ8,Letmy 懐中電灯 強力 ledライト ハンディライト 2025新型 超高輝度6000ルーメン ディジタル電気量 一個セット,https://www.amazon.co.jp/dp/B0FKH2TKQ8,https://keepa.com/#!product/5-B0FKH2TKQ8,https://www.google.com/search?q=LETMY%20%E4%BC%9A%E7%A4%BE%E6%A6%82%E8%A6%81%20%E5%95%8F%E3%81%84%E5%90%88%E3%82%8F%E3%81%9B%20%E5%8D%B8,スポーツ＆アウトドア,中小候補,0
Safigor,1,1036,2270,1,B0DTQ1DV5D,【ハイエンド 、鮮明なサウンド 深邃な低音】ワイヤレスイヤホン Bluetooth イヤホン Bluetooth5.4 hi-fi音質 AAC ダブルマイクENCノイズキャンセリン,https://www.amazon.co.jp/dp/B0DTQ1DV5D,https://keepa.com/#!product/5-B0DTQ1DV5D,https://www.google.com/search?q=Safigor%20%E4%BC%9A%E7%A4%BE%E6%A6%82%E8%A6%81%20%E5%95%8F%E3%81%84%E5%90%88%E3%82%8F%E3%81%9B%20%E5%8D%B8,家電＆カメラ,中小候補,1
四国化成工業,1,521,2320,1,B0DPW9KVPT,四国化成工業 バイオシーダー 450g入 （25g×18包）×2個 浄化槽用脱臭剤 浄化槽バクテリア シーディング剤,https://www.amazon.co.jp/dp/B0DPW9KVPT,https://keepa.com/#!product/5-B0DPW9KVPT,https://www.google.com/search?q=%E5%9B%9B%E5%9B%BD%E5%8C%96%E6%88%90%E5%B7%A5%E6%A5%AD%20%E4%BC%9A%E7%A4%BE%E6%A6%82%E8%A6%81%20%E5%95%8F%E3%81%84%E5%90%88%E3%82%8F%E3%81%9B%20%E5%8D%B8,産業・研究開発用品,中小候補,0
FAR EAST GADGET,1,1188,2480,1,B0D1C44P6W,FAR EAST GADGET ファーイーストガジェット タイプスティックス (Black),https://www.amazon.co.jp/dp/B0D1C44P6W,https://keepa.com/#!product/5-B0D1C44P6W,https://www.google.com/search?q=FAR%20EAST%20GADGET%20%E4%BC%9A%E7%A4%BE%E6%A6%82%E8%A6%81%20%E5%95%8F%E3%81%84%E5%90%88%E3%82%8F%E3%81%9B%20%E5%8D%B8,パソコン・周辺機器,中小候補,1
Tarkins,1,831,2199,1,B0FPX5MHD3,[TARKINS] ハーフ インソール 【理学療法士推薦ｘpococe掲載ｘレッド•ドット賞受賞】 扁平足 インソール 疲れない 中敷き,https://www.amazon.co.jp/dp/B0FPX5MHD3,https://keepa.com/#!product/5-B0FPX5MHD3,https://www.google.com/search?q=Tarkins%20%E4%BC%9A%E7%A4%BE%E6%A6%82%E8%A6%81%20%E5%95%8F%E3%81%84%E5%90%88%E3%82%8F%E3%81%9B%20%E5%8D%B8,スポーツ＆アウトドア,中小候補,0
eue,1,660,2377,1,B0FJDPSL53,スチームアイロン「革新設計 超軽量」衣類スチーマー 小型 ハンガーにかけたまま,https://www.amazon.co.jp/dp/B0FJDPSL53,https://keepa.com/#!product/5-B0FJDPSL53,https://www.google.com/search?q=eue%20%E4%BC%9A%E7%A4%BE%E6%A6%82%E8%A6%81%20%E5%95%8F%E3%81%84%E5%90%88%E3%82%8F%E3%81%9B%20%E5%8D%B8,ホーム＆キッチン,中小候補,1
Twofox,1,632,2299,1,B0CT5C2KSX,スマホホルダー 車 スマホスタンド 直射日光を避ける 【2026年進化】 Twofox シリコン製スマホ車載ホルダー 全車種対応 用クリップホルダー 脱着簡単 滑り止め スマホスタ,https://www.amazon.co.jp/dp/B0CT5C2KSX,https://keepa.com/#!product/5-B0CT5C2KSX,https://www.google.com/search?q=Twofox%20%E4%BC%9A%E7%A4%BE%E6%A6%82%E8%A6%81%20%E5%95%8F%E3%81%84%E5%90%88%E3%82%8F%E3%81%9B%20%E5%8D%B8,車＆バイク,中小候補,0
ナイキ(NIKE),1,396,2398,1,B0DWFJT7LV,NIKE ナイキ ソリッドコアタオル ミディアム ブラック/ホワイト TW2001-010,https://www.amazon.co.jp/dp/B0DWFJT7LV,https://keepa.com/#!product/5-B0DWFJT7LV,https://www.google.com/search?q=%E3%83%8A%E3%82%A4%E3%82%AD%28NIKE%29%20%E4%BC%9A%E7%A4%BE%E6%A6%82%E8%A6%81%20%E5%95%8F%E3%81%84%E5%90%88%E3%82%8F%E3%81%9B%20%E5%8D%B8,スポーツ＆アウトドア,大手/海外疑い,0
THRIVE(スライヴ),1,439,2564,1,B000WMJ8MM,スライヴ ハンディマッサージャー 「心地よい振動でコリをほぐす」 MD-01 ホワイト 管理医療機器,https://www.amazon.co.jp/dp/B000WMJ8MM,https://keepa.com/#!product/5-B000WMJ8MM,https://www.google.com/search?q=THRIVE%28%E3%82%B9%E3%83%A9%E3%82%A4%E3%83%B4%29%20%E4%BC%9A%E7%A4%BE%E6%A6%82%E8%A6%81%20%E5%95%8F%E3%81%84%E5%90%88%E3%82%8F%E3%81%9B%20%E5%8D%B8,ホーム＆キッチン,中小候補,1
IMDEN CHARGE,1,1121,2750,1,B09V7X7NN9,【2024最新強化版】車載ワイヤレス充電器 15W 急速 車載ホルダー スマホホルダー 車 自動開閉 iPhone15 /14 /13/12/11シリーズ/XS/XR / 8 / ,https://www.amazon.co.jp/dp/B09V7X7NN9,https://keepa.com/#!product/5-B09V7X7NN9,https://www.google.com/search?q=IMDEN%20CHARGE%20%E4%BC%9A%E7%A4%BE%E6%A6%82%E8%A6%81%20%E5%95%8F%E3%81%84%E5%90%88%E3%82%8F%E3%81%9B%20%E5%8D%B8,家電＆カメラ,中小候補,1
ZRZK,1,826,2576,1,B0FZKBS563,【巻き取り式・タイプc 2本+Lightning 】ZRZK シガーソケット 車 充電器 巻き取り式充電ケーブル 4台同時充電可能 車載充電器 カーチャージャー 急速充電 LED表,https://www.amazon.co.jp/dp/B0FZKBS563,https://keepa.com/#!product/5-B0FZKBS563,https://www.google.com/search?q=ZRZK%20%E4%BC%9A%E7%A4%BE%E6%A6%82%E8%A6%81%20%E5%95%8F%E3%81%84%E5%90%88%E3%82%8F%E3%81%9B%20%E5%8D%B8,家電＆カメラ,大手/海外疑い,1
SEMOTU,1,1090,2710,1,B0GJZ1TCQP,PC用マイク コンデンサマイク ダイナミックマイク 全指向性 高感度 360°集音 ワンタッチミュート 小型卓上 有線 PC会議実況,https://www.amazon.co.jp/dp/B0GJZ1TCQP,https://keepa.com/#!product/5-B0GJZ1TCQP,https://www.google.com/search?q=SEMOTU%20%E4%BC%9A%E7%A4%BE%E6%A6%82%E8%A6%81%20%E5%95%8F%E3%81%84%E5%90%88%E3%82%8F%E3%81%9B%20%E5%8D%B8,パソコン・周辺機器,中小候補,1
BeeTool,1,1028,2943,1,B0GK7RT83H,BeeTool 業界初 ハンディクリーナー 40000Pa 強力吸引力 2種吸引モード＆ディスプレイ搭載＆2種照明ライト＆2.5H急速充電 車用掃除機,https://www.amazon.co.jp/dp/B0GK7RT83H,https://keepa.com/#!product/5-B0GK7RT83H,https://www.google.com/search?q=BeeTool%20%E4%BC%9A%E7%A4%BE%E6%A6%82%E8%A6%81%20%E5%95%8F%E3%81%84%E5%90%88%E3%82%8F%E3%81%9B%20%E5%8D%B8,ホーム＆キッチン,中小候補,1
ACMEZING,1,1241,2566,1,B0D7BZR4CY,スマホホルダー 車 ワイヤレス充電 マグネット 15W【360°自由調整·アルミ合金素材·安定性拔群】超強磁力,https://www.amazon.co.jp/dp/B0D7BZR4CY,https://keepa.com/#!product/5-B0D7BZR4CY,https://www.google.com/search?q=ACMEZING%20%E4%BC%9A%E7%A4%BE%E6%A6%82%E8%A6%81%20%E5%95%8F%E3%81%84%E5%90%88%E3%82%8F%E3%81%9B%20%E5%8D%B8,家電＆カメラ,中小候補,1
SCM Microsystems,1,1161,2700,1,B0085H4YZC,SCM ICカードリーダー/ライター B-CAS・住基カード対応 usb対応 SCR3310/v2.0,https://www.amazon.co.jp/dp/B0085H4YZC,https://keepa.com/#!product/5-B0085H4YZC,https://www.google.com/search?q=SCM%20Microsystems%20%E4%BC%9A%E7%A4%BE%E6%A6%82%E8%A6%81%20%E5%95%8F%E3%81%84%E5%90%88%E3%82%8F%E3%81%9B%20%E5%8D%B8,パソコン・周辺機器,中小候補,1
ルートアール,1,1520,2980,1,B095RJYT39,ルートアール 双方向・メタル筐体・多機能表示 USB Type-C電圧・電流チェッカー （ケーブル付きモデル） RT-TC5VABK,https://www.amazon.co.jp/dp/B095RJYT39,https://keepa.com/#!product/5-B095RJYT39,https://www.google.com/search?q=%E3%83%AB%E3%83%BC%E3%83%88%E3%82%A2%E3%83%BC%E3%83%AB%20%E4%BC%9A%E7%A4%BE%E6%A6%82%E8%A6%81%20%E5%95%8F%E3%81%84%E5%90%88%E3%82%8F%E3%81%9B%20%E5%8D%B8,パソコン・周辺機器,中小候補,1
Bolvunes,1,1767,3492,1,B0CCVMRCTL,【正規認証品】アップルペンシル 第2世代 Bolvunes iPadペンシル 対応 ワイヤレス充電,https://www.amazon.co.jp/dp/B0CCVMRCTL,https://keepa.com/#!product/5-B0CCVMRCTL,https://www.google.com/search?q=Bolvunes%20%E4%BC%9A%E7%A4%BE%E6%A6%82%E8%A6%81%20%E5%95%8F%E3%81%84%E5%90%88%E3%82%8F%E3%81%9B%20%E5%8D%B8,パソコン・周辺機器,中小候補,1
Yamazaki(山崎実業),1,528,3080,1,B0F9KYPL1H,山崎実業(Yamazaki) 【穴が目立ちにくい石こうボードピンセット・木ネジ 付属】 ウォール 角度調節 ドライヤーホルダー 石こうボード壁対応 ホワイト W8×D13×H14c,https://www.amazon.co.jp/dp/B0F9KYPL1H,https://keepa.com/#!product/5-B0F9KYPL1H,https://www.google.com/search?q=Yamazaki%28%E5%B1%B1%E5%B4%8E%E5%AE%9F%E6%A5%AD%29%20%E4%BC%9A%E7%A4%BE%E6%A6%82%E8%A6%81%20%E5%95%8F%E3%81%84%E5%90%88%E3%82%8F%E3%81%9B%20%E5%8D%B8,ホーム＆キッチン,中小候補,0
AooDen,1,345,3280,1,B0GQ2MJKMN,AooDen 枕 まくら 【高級ホテル仕様・丸洗い可能】 63x43cm 立体構造 ふわふわ 柔らかめ 首・肩にやさしい 快眠 安眠 通気性よい 枕头,https://www.amazon.co.jp/dp/B0GQ2MJKMN,https://keepa.com/#!product/5-B0GQ2MJKMN,https://www.google.com/search?q=AooDen%20%E4%BC%9A%E7%A4%BE%E6%A6%82%E8%A6%81%20%E5%95%8F%E3%81%84%E5%90%88%E3%82%8F%E3%81%9B%20%E5%8D%B8,ホーム＆キッチン,中小候補,0
日本のオラクルカード・タロットカード全集,1,1495,3300,1,B0FCXW7YTT,しろふわくんのしあわせ運ぶオラクルカード ｜ enoko ｜ カード36枚 日本語解説紙付き【正規品】,https://www.amazon.co.jp/dp/B0FCXW7YTT,https://keepa.com/#!product/5-B0FCXW7YTT,https://www.google.com/search?q=%E6%97%A5%E6%9C%AC%E3%81%AE%E3%82%AA%E3%83%A9%E3%82%AF%E3%83%AB%E3%82%AB%E3%83%BC%E3%83%89%E3%83%BB%E3%82%BF%E3%83%AD%E3%83%83%E3%83%88%E3%82%AB%E3%83%BC%E3%83%89%E5%85%A8%E9%9B%86%20%E4%BC%9A%E7%A4%BE%E6%A6%82%E8%A6%81%20%E5%95%8F%E3%81%84%E5%90%88%E3%82%8F%E3%81%9B%20%E5%8D%B8,おもちゃ,中小候補,0
MAXZIQF,1,859,3030,1,B019SPQVAU,LPガス ガス漏れ センサー 省電力 防災 YAZAKI 警報器 YF-005N 警報機,https://www.amazon.co.jp/dp/B019SPQVAU,https://keepa.com/#!product/5-B019SPQVAU,https://www.google.com/search?q=MAXZIQF%20%E4%BC%9A%E7%A4%BE%E6%A6%82%E8%A6%81%20%E5%95%8F%E3%81%84%E5%90%88%E3%82%8F%E3%81%9B%20%E5%8D%B8,DIY・工具・ガーデン,中小候補,0
ビクター(VICTOR),1,1161,3000,1,B0872NC4YN,Victor(ビクター) 1回録画用 ブルーレイディスク BD-R DL 50GB 10枚 ホワイトプリンタブル 片面2層 1-6倍速 スリムケース VBR260RP10J6,https://www.amazon.co.jp/dp/B0872NC4YN,https://keepa.com/#!product/5-B0872NC4YN,https://www.google.com/search?q=%E3%83%93%E3%82%AF%E3%82%BF%E3%83%BC%28VICTOR%29%20%E4%BC%9A%E7%A4%BE%E6%A6%82%E8%A6%81%20%E5%95%8F%E3%81%84%E5%90%88%E3%82%8F%E3%81%9B%20%E5%8D%B8,パソコン・周辺機器,中小候補,1
TOWOOZ,1,1302,3039,1,B0CZD4NGSD,TOWOOZ MacBook Air ケース13-13.6インチ M5/M4/M3/M2/M1チップ/13インチMacBook Neo A18 Proチップ搭載/macbook p,https://www.amazon.co.jp/dp/B0CZD4NGSD,https://keepa.com/#!product/5-B0CZD4NGSD,https://www.google.com/search?q=TOWOOZ%20%E4%BC%9A%E7%A4%BE%E6%A6%82%E8%A6%81%20%E5%95%8F%E3%81%84%E5%90%88%E3%82%8F%E3%81%9B%20%E5%8D%B8,パソコン・周辺機器,中小候補,1
138OnlineShop,1,1033,3100,1,B0769JHP3N,138OnlineShop NGK スパークプラグ 品番 CR9E 6263 ネジ型 x4本セット エヌジーケー 日本特殊陶業★4X-1513,https://www.amazon.co.jp/dp/B0769JHP3N,https://keepa.com/#!product/5-B0769JHP3N,https://www.google.com/search?q=138OnlineShop%20%E4%BC%9A%E7%A4%BE%E6%A6%82%E8%A6%81%20%E5%95%8F%E3%81%84%E5%90%88%E3%82%8F%E3%81%9B%20%E5%8D%B8,車＆バイク,中小候補,0
GuMosh,1,902,3599,1,B0DK8XBRTL,GuMosh スマホホルダー 車 ワイヤレス充電 15W デュアルコイル ワイヤレス充電器 車 スマホスタンド 自動開閉 車 スマホホルダー 充電 急速 12~17cm伸縮アーム ,https://www.amazon.co.jp/dp/B0DK8XBRTL,https://keepa.com/#!product/5-B0DK8XBRTL,https://www.google.com/search?q=GuMosh%20%E4%BC%9A%E7%A4%BE%E6%A6%82%E8%A6%81%20%E5%95%8F%E3%81%84%E5%90%88%E3%82%8F%E3%81%9B%20%E5%8D%B8,車＆バイク,中小候補,1
イーサプライ,1,1518,3580,1,B0816QS5VF,イーサプライ モニタースタンド モニターアーム 置き型 27インチ程度 耐荷重6kg 高さ変更 VESA ブラック EEX-LA020BK,https://www.amazon.co.jp/dp/B0816QS5VF,https://keepa.com/#!product/5-B0816QS5VF,https://www.google.com/search?q=%E3%82%A4%E3%83%BC%E3%82%B5%E3%83%97%E3%83%A9%E3%82%A4%20%E4%BC%9A%E7%A4%BE%E6%A6%82%E8%A6%81%20%E5%95%8F%E3%81%84%E5%90%88%E3%82%8F%E3%81%9B%20%E5%8D%B8,パソコン・周辺機器,中小候補,1
LINKChef,1,1108,3680,1,B0C9QBPQGP,フードプロセッサー LINKChef ミキサー 小型 500ml 電動 260W 绞肉机 微塵切り チョッパー みじん切り器 離乳食 大根下ろ 肉ミンチ 挽き肉 氷 コンパクト 軽,https://www.amazon.co.jp/dp/B0C9QBPQGP,https://keepa.com/#!product/5-B0C9QBPQGP,https://www.google.com/search?q=LINKChef%20%E4%BC%9A%E7%A4%BE%E6%A6%82%E8%A6%81%20%E5%95%8F%E3%81%84%E5%90%88%E3%82%8F%E3%81%9B%20%E5%8D%B8,ホーム＆キッチン,中小候補,1
Perixx,1,2262,3999,1,B0FDKY1CD1,Perixx PERIPAD-706B ワイヤレス外付けタッチパッド Bluetooth/2.4Gでマルチデバイスを3台まで接続可能 USB-C 充電式 大型サイズ ブラック Wi,https://www.amazon.co.jp/dp/B0FDKY1CD1,https://keepa.com/#!product/5-B0FDKY1CD1,https://www.google.com/search?q=Perixx%20%E4%BC%9A%E7%A4%BE%E6%A6%82%E8%A6%81%20%E5%95%8F%E3%81%84%E5%90%88%E3%82%8F%E3%81%9B%20%E5%8D%B8,パソコン・周辺機器,中小候補,1
Douyear,1,1003,3680,1,B08LGGMP5W,ヒゲトリマー バリカン メンズ 髭剃り 調整幅0.5mm 39段階長さ調節 自動研磨 USB急速充電 LEDディスプレイ 残量表示 1時間フル充電 90分連続使用 水洗いOK ひげ,https://www.amazon.co.jp/dp/B08LGGMP5W,https://keepa.com/#!product/5-B08LGGMP5W,https://www.google.com/search?q=Douyear%20%E4%BC%9A%E7%A4%BE%E6%A6%82%E8%A6%81%20%E5%95%8F%E3%81%84%E5%90%88%E3%82%8F%E3%81%9B%20%E5%8D%B8,ホーム＆キッチン,中小候補,1
Earbood,1,1033,3680,1,B0C1YYX974,ボディシェーバー メンズ VIOシェーバー 男性用 15段階調整可能 1~17mm長さ対応 残量表示 自動研磨 IPX7防水 お風呂剃り可 電気シェーバー 低騒音 ムダ毛処理 脇 ,https://www.amazon.co.jp/dp/B0C1YYX974,https://keepa.com/#!product/5-B0C1YYX974,https://www.google.com/search?q=Earbood%20%E4%BC%9A%E7%A4%BE%E6%A6%82%E8%A6%81%20%E5%95%8F%E3%81%84%E5%90%88%E3%82%8F%E3%81%9B%20%E5%8D%B8,ホーム＆キッチン,中小候補,1
ホビージャパン(HobbyJAPAN),1,1229,4050,1,B019SZ30BI,ホビージャパン(HobbyJAPAN) コードネーム 日本語版,https://www.amazon.co.jp/dp/B019SZ30BI,https://keepa.com/#!product/5-B019SZ30BI,https://www.google.com/search?q=%E3%83%9B%E3%83%93%E3%83%BC%E3%82%B8%E3%83%A3%E3%83%91%E3%83%B3%28HobbyJAPAN%29%20%E4%BC%9A%E7%A4%BE%E6%A6%82%E8%A6%81%20%E5%95%8F%E3%81%84%E5%90%88%E3%82%8F%E3%81%9B%20%E5%8D%B8,おもちゃ,中小候補,0
KYG,1,1061,4099,1,B0B3CQ73SD,KYG ペット用 ドライブシート 汎用版 全車種 可視メッシュ窓 飛び出し防止リード付き 135x45x45cm ブラック,https://www.amazon.co.jp/dp/B0B3CQ73SD,https://keepa.com/#!product/5-B0B3CQ73SD,https://www.google.com/search?q=KYG%20%E4%BC%9A%E7%A4%BE%E6%A6%82%E8%A6%81%20%E5%95%8F%E3%81%84%E5%90%88%E3%82%8F%E3%81%9B%20%E5%8D%B8,ペット用品,中小候補,0
VentaPak,1,1222,4280,1,B0B5Z9F79S,[VentaPak] リュックサック メッシュ スペーサー 背中 蒸れ 涼しい 暑さ 汗対策 (M),https://www.amazon.co.jp/dp/B0B5Z9F79S,https://keepa.com/#!product/5-B0B5Z9F79S,https://www.google.com/search?q=VentaPak%20%E4%BC%9A%E7%A4%BE%E6%A6%82%E8%A6%81%20%E5%95%8F%E3%81%84%E5%90%88%E3%82%8F%E3%81%9B%20%E5%8D%B8,ファッション,中小候補,0
iplusmile,1,1633,4855,1,B0C4MLZ2G9,iplusmile 3 セット スプリンクラー 高圧 圧力 ホース 高圧 圧力 ノズル 灌漑 散水 プラスチック ホース アタッチメント 360 度 ロータリー スプリンクラー ガ,https://www.amazon.co.jp/dp/B0C4MLZ2G9,https://keepa.com/#!product/5-B0C4MLZ2G9,https://www.google.com/search?q=iplusmile%20%E4%BC%9A%E7%A4%BE%E6%A6%82%E8%A6%81%20%E5%95%8F%E3%81%84%E5%90%88%E3%82%8F%E3%81%9B%20%E5%8D%B8,DIY・工具・ガーデン,中小候補,0
ニュートンプレス,1,621,4617,1,B0DRNC2N4L,ニャートン ネコの科学 (Newton増刊),https://www.amazon.co.jp/dp/B0DRNC2N4L,https://keepa.com/#!product/5-B0DRNC2N4L,https://www.google.com/search?q=%E3%83%8B%E3%83%A5%E3%83%BC%E3%83%88%E3%83%B3%E3%83%97%E3%83%AC%E3%82%B9%20%E4%BC%9A%E7%A4%BE%E6%A6%82%E8%A6%81%20%E5%95%8F%E3%81%84%E5%90%88%E3%82%8F%E3%81%9B%20%E5%8D%B8,本,中小候補,0
Sugeko,1,1934,4599,1,B0FLCYRSCY,ネックケア 首 リラクゼーション器 2段階温熱機能 3段階強度調整 2つモード 首/肩/腰/背中/太もも/足 リラックス コードレス USB充電式,https://www.amazon.co.jp/dp/B0FLCYRSCY,https://keepa.com/#!product/5-B0FLCYRSCY,https://www.google.com/search?q=Sugeko%20%E4%BC%9A%E7%A4%BE%E6%A6%82%E8%A6%81%20%E5%95%8F%E3%81%84%E5%90%88%E3%82%8F%E3%81%9B%20%E5%8D%B8,ホーム＆キッチン,中小候補,1
DEXION,1,2690,4599,1,B0CH11HQR9,ペン型カメラ ボールペン型 ビデオカメラ 防犯カメラ 長時間録画録音 静止画撮影 上書き録画機能搭載 61°広角 128GBメモリー対応 録画時ランプ非点灯 フル充電で90分連続使,https://www.amazon.co.jp/dp/B0CH11HQR9,https://keepa.com/#!product/5-B0CH11HQR9,https://www.google.com/search?q=DEXION%20%E4%BC%9A%E7%A4%BE%E6%A6%82%E8%A6%81%20%E5%95%8F%E3%81%84%E5%90%88%E3%82%8F%E3%81%9B%20%E5%8D%B8,家電＆カメラ,中小候補,1
NOE,1,1726,4880,1,B0849QQW9D,スパークプラグ 品番 CR6HSA ストックNo.2983 (10本),https://www.amazon.co.jp/dp/B0849QQW9D,https://keepa.com/#!product/5-B0849QQW9D,https://www.google.com/search?q=NOE%20%E4%BC%9A%E7%A4%BE%E6%A6%82%E8%A6%81%20%E5%95%8F%E3%81%84%E5%90%88%E3%82%8F%E3%81%9B%20%E5%8D%B8,車＆バイク,中小候補,0
AIZEO,1,2464,4748,1,B0FX4LBTH4,AIZEO【2026新型2in1モデル 】MINI CarPlay＆AndroidAuto ワイヤレス アダプター「サイズ50%削減！コンパクト」,https://www.amazon.co.jp/dp/B0FX4LBTH4,https://keepa.com/#!product/5-B0FX4LBTH4,https://www.google.com/search?q=AIZEO%20%E4%BC%9A%E7%A4%BE%E6%A6%82%E8%A6%81%20%E5%95%8F%E3%81%84%E5%90%88%E3%82%8F%E3%81%9B%20%E5%8D%B8,車＆バイク,中小候補,1
Plata Publishing,1,1551,5238,1,1612680178,Rich Dad Poor Dad: What the Rich Teach Their Kids About Money That the Poor and Middle Cla,https://www.amazon.co.jp/dp/1612680178,https://keepa.com/#!product/5-1612680178,https://www.google.com/search?q=Plata%20Publishing%20%E4%BC%9A%E7%A4%BE%E6%A6%82%E8%A6%81%20%E5%95%8F%E3%81%84%E5%90%88%E3%82%8F%E3%81%9B%20%E5%8D%B8,洋書,中小候補,0
Bit Trade One,1,2618,5445,1,B07Y8BPVV4,BitTradeOne ADUSBCIM USB CABLE CHECKER 2,https://www.amazon.co.jp/dp/B07Y8BPVV4,https://keepa.com/#!product/5-B07Y8BPVV4,https://www.google.com/search?q=Bit%20Trade%20One%20%E4%BC%9A%E7%A4%BE%E6%A6%82%E8%A6%81%20%E5%95%8F%E3%81%84%E5%90%88%E3%82%8F%E3%81%9B%20%E5%8D%B8,パソコン・周辺機器,中小候補,1
マイナビ出版,1,720,5576,1,4839988862,世界遺産検定公式過去問題集1・準1・2級【2025年度版】,https://www.amazon.co.jp/dp/4839988862,https://keepa.com/#!product/5-4839988862,https://www.google.com/search?q=%E3%83%9E%E3%82%A4%E3%83%8A%E3%83%93%E5%87%BA%E7%89%88%20%E4%BC%9A%E7%A4%BE%E6%A6%82%E8%A6%81%20%E5%95%8F%E3%81%84%E5%90%88%E3%82%8F%E3%81%9B%20%E5%8D%B8,本,中小候補,0
レヂトン(Resiton),1,2625,5899,1,B091YCZWTZ,レヂトン 切断砥石 金の卵 105×1.0×15【30枚セット】 (ステンレス/金属用),https://www.amazon.co.jp/dp/B091YCZWTZ,https://keepa.com/#!product/5-B091YCZWTZ,https://www.google.com/search?q=%E3%83%AC%E3%83%82%E3%83%88%E3%83%B3%28Resiton%29%20%E4%BC%9A%E7%A4%BE%E6%A6%82%E8%A6%81%20%E5%95%8F%E3%81%84%E5%90%88%E3%82%8F%E3%81%9B%20%E5%8D%B8,DIY・工具・ガーデン,中小候補,0
オーム社,1,513,5650,1,4274232964,ぜんぶ絵で見て覚える 第2種電気工事士 学科試験 すい～っと合格 2025年版,https://www.amazon.co.jp/dp/4274232964,https://keepa.com/#!product/5-4274232964,https://www.google.com/search?q=%E3%82%AA%E3%83%BC%E3%83%A0%E7%A4%BE%20%E4%BC%9A%E7%A4%BE%E6%A6%82%E8%A6%81%20%E5%95%8F%E3%81%84%E5%90%88%E3%82%8F%E3%81%9B%20%E5%8D%B8,本,中小候補,0
SwanScout,1,3329,5933,1,B0CT1ZFH9L,iPhone 17/16対応 ワイヤレス充電器 2台、マグセーフ iphone 充電スタンド 2台同時、マグネット式 置くだけ,https://www.amazon.co.jp/dp/B0CT1ZFH9L,https://keepa.com/#!product/5-B0CT1ZFH9L,https://www.google.com/search?q=SwanScout%20%E4%BC%9A%E7%A4%BE%E6%A6%82%E8%A6%81%20%E5%95%8F%E3%81%84%E5%90%88%E3%82%8F%E3%81%9B%20%E5%8D%B8,家電＆カメラ,中小候補,1
Foxkoo,1,1490,3401,1,B0GKDJ4K1Q,FOXKOO シェーバー レディース 【2in1 ダブルヘッド】 メンズ 電動シェーバー 全身シェーバー 脇毛 ムダ毛処理 女性 PK,https://www.amazon.co.jp/dp/B0GKDJ4K1Q,https://keepa.com/#!product/5-B0GKDJ4K1Q,https://www.google.com/search?q=Foxkoo%20%E4%BC%9A%E7%A4%BE%E6%A6%82%E8%A6%81%20%E5%95%8F%E3%81%84%E5%90%88%E3%82%8F%E3%81%9B%20%E5%8D%B8,ホーム＆キッチン,中小候補,1
フィード,1,2883,5890,1,B0CMZPNN16,業務用 紙コップ 無地 3000個 5オンス(150cc) ケース販売 ペーパーカップ 冷水専用 ホワイト 業務用 うがい用,https://www.amazon.co.jp/dp/B0CMZPNN16,https://keepa.com/#!product/5-B0CMZPNN16,https://www.google.com/search?q=%E3%83%95%E3%82%A3%E3%83%BC%E3%83%89%20%E4%BC%9A%E7%A4%BE%E6%A6%82%E8%A6%81%20%E5%95%8F%E3%81%84%E5%90%88%E3%82%8F%E3%81%9B%20%E5%8D%B8,ホーム＆キッチン,中小候補,0
モリグリーン(Moly Green),1,721,5780,1,B01MAWKDKP,モリグリーン(Moly Green) エンジンオイル セレクション 0W20 SP/GF-6A 4L 全合成油 0470076,https://www.amazon.co.jp/dp/B01MAWKDKP,https://keepa.com/#!product/5-B01MAWKDKP,https://www.google.com/search?q=%E3%83%A2%E3%83%AA%E3%82%B0%E3%83%AA%E3%83%BC%E3%83%B3%28Moly%20Green%29%20%E4%BC%9A%E7%A4%BE%E6%A6%82%E8%A6%81%20%E5%95%8F%E3%81%84%E5%90%88%E3%82%8F%E3%81%9B%20%E5%8D%B8,車＆バイク,中小候補,0
ジョブカン Desktop,1,2749,5500,1,B0BB8BHYYB,ジョブカンDesktop 青色申告 23 乗換・優待版,https://www.amazon.co.jp/dp/B0BB8BHYYB,https://keepa.com/#!product/5-B0BB8BHYYB,https://www.google.com/search?q=%E3%82%B8%E3%83%A7%E3%83%96%E3%82%AB%E3%83%B3%20Desktop%20%E4%BC%9A%E7%A4%BE%E6%A6%82%E8%A6%81%20%E5%95%8F%E3%81%84%E5%90%88%E3%82%8F%E3%81%9B%20%E5%8D%B8,PCソフト,中小候補,0
AthleteBody株式会社,1,2794,5720,1,4991208505,肉体改造のピラミッド 栄養編,https://www.amazon.co.jp/dp/4991208505,https://keepa.com/#!product/5-4991208505,https://www.google.com/search?q=AthleteBody%E6%A0%AA%E5%BC%8F%E4%BC%9A%E7%A4%BE%20%E4%BC%9A%E7%A4%BE%E6%A6%82%E8%A6%81%20%E5%95%8F%E3%81%84%E5%90%88%E3%82%8F%E3%81%9B%20%E5%8D%B8,本,中小候補,0
明治図書出版,1,2009,6468,1,4189300101,大きいサイズ ほめ言葉手帳ワイド２０２５ Ｐｒａｉｓｅ　Ｄｉａｒｙ　Ｗ　２０２５,https://www.amazon.co.jp/dp/4189300101,https://keepa.com/#!product/5-4189300101,https://www.google.com/search?q=%E6%98%8E%E6%B2%BB%E5%9B%B3%E6%9B%B8%E5%87%BA%E7%89%88%20%E4%BC%9A%E7%A4%BE%E6%A6%82%E8%A6%81%20%E5%95%8F%E3%81%84%E5%90%88%E3%82%8F%E3%81%9B%20%E5%8D%B8,本,中小候補,0
AboveTEK,1,2827,6499,1,B0CC1CTVZB,タブレットアーム アルミ製 iPadスタンド ブラック AboveTEK スマホ対応 角度調整 360°回転 縦横置き両用 寝ながら ベッドで動画視聴用 Cクランプ式 4関節 卓上,https://www.amazon.co.jp/dp/B0CC1CTVZB,https://keepa.com/#!product/5-B0CC1CTVZB,https://www.google.com/search?q=AboveTEK%20%E4%BC%9A%E7%A4%BE%E6%A6%82%E8%A6%81%20%E5%95%8F%E3%81%84%E5%90%88%E3%82%8F%E3%81%9B%20%E5%8D%B8,パソコン・周辺機器,中小候補,1
Avylet,1,3202,6298,1,B0D1FVG5VF,Avylet ドライブレコーダー 2K 1440P 小型 ドラレコ 車載カメラ フロントカメラ WiFi付き スマホ連携 外付けGPSモジュール対応,https://www.amazon.co.jp/dp/B0D1FVG5VF,https://keepa.com/#!product/5-B0D1FVG5VF,https://www.google.com/search?q=Avylet%20%E4%BC%9A%E7%A4%BE%E6%A6%82%E8%A6%81%20%E5%95%8F%E3%81%84%E5%90%88%E3%82%8F%E3%81%9B%20%E5%8D%B8,車＆バイク,中小候補,0
WAVLINK,1,3803,6299,1,B01CSG7TUC,Wavlink USB 3.0HDMIマルチディスプレイアダプタ 解像度2048ｘ1152Windows10/8.1/8/7/XP/MacOS X/Linux対応,https://www.amazon.co.jp/dp/B01CSG7TUC,https://keepa.com/#!product/5-B01CSG7TUC,https://www.google.com/search?q=WAVLINK%20%E4%BC%9A%E7%A4%BE%E6%A6%82%E8%A6%81%20%E5%95%8F%E3%81%84%E5%90%88%E3%82%8F%E3%81%9B%20%E5%8D%B8,パソコン・周辺機器,中小候補,1
Everline,1,3563,6980,1,B0DMCRQLJL,BABYMONSTER - OFFICIAL LIGHT STICK 公式 ペンライト 輸入品 [並行輸入品],https://www.amazon.co.jp/dp/B0DMCRQLJL,https://keepa.com/#!product/5-B0DMCRQLJL,https://www.google.com/search?q=Everline%20%E4%BC%9A%E7%A4%BE%E6%A6%82%E8%A6%81%20%E5%95%8F%E3%81%84%E5%90%88%E3%82%8F%E3%81%9B%20%E5%8D%B8,おもちゃ,中小候補,0
オスモカラー,1,2581,6600,1,B08XX1V5XK,オスモカラー オスモ&エーデル カウンタートップオイル 0.5L #3058 ツヤ消し,https://www.amazon.co.jp/dp/B08XX1V5XK,https://keepa.com/#!product/5-B08XX1V5XK,https://www.google.com/search?q=%E3%82%AA%E3%82%B9%E3%83%A2%E3%82%AB%E3%83%A9%E3%83%BC%20%E4%BC%9A%E7%A4%BE%E6%A6%82%E8%A6%81%20%E5%95%8F%E3%81%84%E5%90%88%E3%82%8F%E3%81%9B%20%E5%8D%B8,DIY・工具・ガーデン,中小候補,0
本間ゴルフ,1,2519,6980,1,B0BCFBW2L5,【3ダースセット】ホンマ ゴルフ ボール TW-X TW-S 2021 1ダース 12球入り ホワイト イエロー 3ピース ツアー系 スピン 飛距離 まとめ買い TOUR WORL,https://www.amazon.co.jp/dp/B0BCFBW2L5,https://keepa.com/#!product/5-B0BCFBW2L5,https://www.google.com/search?q=%E6%9C%AC%E9%96%93%E3%82%B4%E3%83%AB%E3%83%95%20%E4%BC%9A%E7%A4%BE%E6%A6%82%E8%A6%81%20%E5%95%8F%E3%81%84%E5%90%88%E3%82%8F%E3%81%9B%20%E5%8D%B8,スポーツ＆アウトドア,中小候補,0
8Bitdo,1,3537,6980,1,B0CSPGMGBT,8BitDo Pro 2 Switch用のBluetoothコントローラー、ホールエフェクトジョイスティックアップデート、Switch、PC、Android、Steam Deck＆,https://www.amazon.co.jp/dp/B0CSPGMGBT,https://keepa.com/#!product/5-B0CSPGMGBT,https://www.google.com/search?q=8Bitdo%20%E4%BC%9A%E7%A4%BE%E6%A6%82%E8%A6%81%20%E5%95%8F%E3%81%84%E5%90%88%E3%82%8F%E3%81%9B%20%E5%8D%B8,ゲーム,大手/海外疑い,0
CyclingDeal,1,3131,6898,1,B0C2XR52GN,サイクリングディール アップライトバイクスタンド - プレミアム品質の縦・横調節可能な自転車フロアパーキングラック - ガレージや自宅でのMTBロードバイクの安全な収納に最適 - ,https://www.amazon.co.jp/dp/B0C2XR52GN,https://keepa.com/#!product/5-B0C2XR52GN,https://www.google.com/search?q=CyclingDeal%20%E4%BC%9A%E7%A4%BE%E6%A6%82%E8%A6%81%20%E5%95%8F%E3%81%84%E5%90%88%E3%82%8F%E3%81%9B%20%E5%8D%B8,スポーツ＆アウトドア,中小候補,0
BQEYZ,1,4270,7599,1,B0G2QK6NPN,BQEYZ NI霓 HiFiゲーミングイヤホン 有線 iem セラミック複合振動膜 有線イヤーバッド (Type-Cマイク付き 緑),https://www.amazon.co.jp/dp/B0G2QK6NPN,https://keepa.com/#!product/5-B0G2QK6NPN,https://www.google.com/search?q=BQEYZ%20%E4%BC%9A%E7%A4%BE%E6%A6%82%E8%A6%81%20%E5%95%8F%E3%81%84%E5%90%88%E3%82%8F%E3%81%9B%20%E5%8D%B8,家電＆カメラ,中小候補,1
グッドスマイルカンパニー(GOOD SMILE COMPANY),1,3704,8800,1,B0GLP9K44Q,グッドスマイルカンパニー[GOOD SMILE COMPANY] MODEROID 機動警察パトレイバー 98式特型指揮車&99式特型レイバーキャリア 1/60スケール 組み立て式,https://www.amazon.co.jp/dp/B0GLP9K44Q,https://keepa.com/#!product/5-B0GLP9K44Q,https://www.google.com/search?q=%E3%82%B0%E3%83%83%E3%83%89%E3%82%B9%E3%83%9E%E3%82%A4%E3%83%AB%E3%82%AB%E3%83%B3%E3%83%91%E3%83%8B%E3%83%BC%28GOOD%20SMILE%20COMPANY%29%20%E4%BC%9A%E7%A4%BE%E6%A6%82%E8%A6%81%20%E5%95%8F%E3%81%84%E5%90%88%E3%82%8F%E3%81%9B%20%E5%8D%B8,おもちゃ,中小候補,0
AQielev,1,4479,8529,1,B0GF1VD155,アケコン レバーレス コントローラー ps4コントローラー 格闘ゲーム パッド「16ボタン·RP2040搭載·全機種対応·手軽に昇龍発動」,https://www.amazon.co.jp/dp/B0GF1VD155,https://keepa.com/#!product/5-B0GF1VD155,https://www.google.com/search?q=AQielev%20%E4%BC%9A%E7%A4%BE%E6%A6%82%E8%A6%81%20%E5%95%8F%E3%81%84%E5%90%88%E3%82%8F%E3%81%9B%20%E5%8D%B8,ゲーム,中小候補,0
ウェイモール (WEIMALL),1,3707,8490,1,B06XJRSRX9,"WEIMALL ファームジャッキ 耐荷重3t 48インチ 車 タイガー ハイ アップ オフロード 抜根 ウインチファーム ハイリフト 3トン (48インチ,レッド） AT054J4",https://www.amazon.co.jp/dp/B06XJRSRX9,https://keepa.com/#!product/5-B06XJRSRX9,https://www.google.com/search?q=%E3%82%A6%E3%82%A7%E3%82%A4%E3%83%A2%E3%83%BC%E3%83%AB%20%28WEIMALL%29%20%E4%BC%9A%E7%A4%BE%E6%A6%82%E8%A6%81%20%E5%95%8F%E3%81%84%E5%90%88%E3%82%8F%E3%81%9B%20%E5%8D%B8,車＆バイク,大手/海外疑い,0
Roadlamp,1,3330,8504,1,B0BT235Y5V,Can't Buy A Thrill,https://www.amazon.co.jp/dp/B0BT235Y5V,https://keepa.com/#!product/5-B0BT235Y5V,https://www.google.com/search?q=Roadlamp%20%E4%BC%9A%E7%A4%BE%E6%A6%82%E8%A6%81%20%E5%95%8F%E3%81%84%E5%90%88%E3%82%8F%E3%81%9B%20%E5%8D%B8,ミュージック,中小候補,0
パワーブリーズ(POWER BREATHE),1,4761,8999,1,B0BY84LRVB,パワーブリーズ POWERbreathe PLUS 呼吸筋トレーニング器具 パワーブリーズプラス Medium Resistance 重負荷 ブルー BLUE [並行輸入品],https://www.amazon.co.jp/dp/B0BY84LRVB,https://keepa.com/#!product/5-B0BY84LRVB,https://www.google.com/search?q=%E3%83%91%E3%83%AF%E3%83%BC%E3%83%96%E3%83%AA%E3%83%BC%E3%82%BA%28POWER%20BREATHE%29%20%E4%BC%9A%E7%A4%BE%E6%A6%82%E8%A6%81%20%E5%95%8F%E3%81%84%E5%90%88%E3%82%8F%E3%81%9B%20%E5%8D%B8,スポーツ＆アウトドア,中小候補,0
白泉社,1,4449,8730,1,4592889061,動物のお医者さん 全8巻 完結セット (白泉社文庫),https://www.amazon.co.jp/dp/4592889061,https://keepa.com/#!product/5-4592889061,https://www.google.com/search?q=%E7%99%BD%E6%B3%89%E7%A4%BE%20%E4%BC%9A%E7%A4%BE%E6%A6%82%E8%A6%81%20%E5%95%8F%E3%81%84%E5%90%88%E3%82%8F%E3%81%9B%20%E5%8D%B8,本,中小候補,0
ストレッチングボード,1,4556,9900,1,B000BK6CHE,【純国産】ストレッチボード アサヒ ストレッチングボード足首ストレッチ ふくらはぎストレッチ アキレス腱伸ばし 足首を柔らかくする器具 アーチ インソール 階角度調整 耐荷重150,https://www.amazon.co.jp/dp/B000BK6CHE,https://keepa.com/#!product/5-B000BK6CHE,https://www.google.com/search?q=%E3%82%B9%E3%83%88%E3%83%AC%E3%83%83%E3%83%81%E3%83%B3%E3%82%B0%E3%83%9C%E3%83%BC%E3%83%89%20%E4%BC%9A%E7%A4%BE%E6%A6%82%E8%A6%81%20%E5%95%8F%E3%81%84%E5%90%88%E3%82%8F%E3%81%9B%20%E5%8D%B8,スポーツ＆アウトドア,中小候補,0
ワー ナー・ブ ラザース・ホームエ ンターテイ メント,1,5036,9212,1,B09778XSP9,ハリー・ポッター シリーズ DVD8枚組 SET-27-HARRY-HPM,https://www.amazon.co.jp/dp/B09778XSP9,https://keepa.com/#!product/5-B09778XSP9,https://www.google.com/search?q=%E3%83%AF%E3%83%BC%20%E3%83%8A%E3%83%BC%E3%83%BB%E3%83%96%20%E3%83%A9%E3%82%B6%E3%83%BC%E3%82%B9%E3%83%BB%E3%83%9B%E3%83%BC%E3%83%A0%E3%82%A8%20%E3%83%B3%E3%82%BF%E3%83%BC%E3%83%86%E3%82%A4%20%E3%83%A1%E3%83%B3%E3%83%88%20%E4%BC%9A%E7%A4%BE%E6%A6%82%E8%A6%81%20%E5%95%8F%E3%81%84%E5%90%88%E3%82%8F%E3%81%9B%20%E5%8D%B8,DVD,中小候補,0
Lusciouz,1,5762,9900,1,B0CS2L1WZS,LUSCIOUZ ルーシャズ ソムリエナイフ ワインオープナー 5巻 ダブルアクション (チタンブラック102),https://www.amazon.co.jp/dp/B0CS2L1WZS,https://keepa.com/#!product/5-B0CS2L1WZS,https://www.google.com/search?q=Lusciouz%20%E4%BC%9A%E7%A4%BE%E6%A6%82%E8%A6%81%20%E5%95%8F%E3%81%84%E5%90%88%E3%82%8F%E3%81%9B%20%E5%8D%B8,ホーム＆キッチン,中小候補,0
Shout! Factory,1,5813,9980,1,B06VSTRMYH,Return of the Dragon / [Blu-ray] [Import],https://www.amazon.co.jp/dp/B06VSTRMYH,https://keepa.com/#!product/5-B06VSTRMYH,https://www.google.com/search?q=Shout%21%20Factory%20%E4%BC%9A%E7%A4%BE%E6%A6%82%E8%A6%81%20%E5%95%8F%E3%81%84%E5%90%88%E3%82%8F%E3%81%9B%20%E5%8D%B8,DVD,中小候補,0
Mill Creek Entertainment,1,2984,9800,1,B07TKNFKKP,ウルトラマン コンプリート ブルーレイ 限定スチールブック仕様[Blu-ray リージョンA](輸入版),https://www.amazon.co.jp/dp/B07TKNFKKP,https://keepa.com/#!product/5-B07TKNFKKP,https://www.google.com/search?q=Mill%20Creek%20Entertainment%20%E4%BC%9A%E7%A4%BE%E6%A6%82%E8%A6%81%20%E5%95%8F%E3%81%84%E5%90%88%E3%82%8F%E3%81%9B%20%E5%8D%B8,文房具・オフィス用品,中小候補,0
GoveeLife,1,4580,9379,1,B0CLB3BTSG,GoveeLife冷凍庫温度計アラーム、冷蔵庫プールタブ用スマートBluetooth温度モニターセンサー、偽造防止付きリモートアプリアラート、接続範囲197フィート(WiFiゲート,https://www.amazon.co.jp/dp/B0CLB3BTSG,https://keepa.com/#!product/5-B0CLB3BTSG,https://www.google.com/search?q=GoveeLife%20%E4%BC%9A%E7%A4%BE%E6%A6%82%E8%A6%81%20%E5%95%8F%E3%81%84%E5%90%88%E3%82%8F%E3%81%9B%20%E5%8D%B8,大型家電,中小候補,1
Judout,1,3353,10999,1,B0G1TD8CTB,除湿機 小型 【除湿・加湿・空気清浄 一台3役】 除加湿空気清浄機 強力 湿度設定 マイナスイオン タイマー付 ペルチェ式 除湿器 1L大容量タンク,https://www.amazon.co.jp/dp/B0G1TD8CTB,https://keepa.com/#!product/5-B0G1TD8CTB,https://www.google.com/search?q=Judout%20%E4%BC%9A%E7%A4%BE%E6%A6%82%E8%A6%81%20%E5%95%8F%E3%81%84%E5%90%88%E3%82%8F%E3%81%9B%20%E5%8D%B8,ホーム＆キッチン,中小候補,1
Handeful,1,5052,10740,1,B0978P1KGP,Handeful デジタル握力計 0-90kg 高精度 19人登録 ブルー,https://www.amazon.co.jp/dp/B0978P1KGP,https://keepa.com/#!product/5-B0978P1KGP,https://www.google.com/search?q=Handeful%20%E4%BC%9A%E7%A4%BE%E6%A6%82%E8%A6%81%20%E5%95%8F%E3%81%84%E5%90%88%E3%82%8F%E3%81%9B%20%E5%8D%B8,スポーツ＆アウトドア,中小候補,0
東映,1,3391,10000,1,B0CLPD66L2,【メーカー特典あり】映画『THE FIRST SLAM DUNK』STANDARD EDITION　早期予約特典“湘北ユニフォーム型ステッカー”付き [Blu-ray],https://www.amazon.co.jp/dp/B0CLPD66L2,https://keepa.com/#!product/5-B0CLPD66L2,https://www.google.com/search?q=%E6%9D%B1%E6%98%A0%20%E4%BC%9A%E7%A4%BE%E6%A6%82%E8%A6%81%20%E5%95%8F%E3%81%84%E5%90%88%E3%82%8F%E3%81%9B%20%E5%8D%B8,DVD,中小候補,0
CME,1,4607,11179,1,B0B9ZMQQGG,CME WIDI Thru6 BT 2入力6出力 MIDI Thru ボックス Bluetooth MIDI対応 5ピンDIN MIDI 高速データ転送,https://www.amazon.co.jp/dp/B0B9ZMQQGG,https://keepa.com/#!product/5-B0B9ZMQQGG,https://www.google.com/search?q=CME%20%E4%BC%9A%E7%A4%BE%E6%A6%82%E8%A6%81%20%E5%95%8F%E3%81%84%E5%90%88%E3%82%8F%E3%81%9B%20%E5%8D%B8,楽器・音響機器,中小候補,0
株式会社ソニー・ピクチャーズ エンタテインメント,1,1689,12500,1,B0DQY5HRFV,【Amazon.co.jp限定】ヴェノム：ザ・ラストダンス　プレミアム・スチールブック・エディション［４Ｋ ＵＨＤ ＋ ブルーレイ］（完全数量限定）(オリジナルボーナスディスク付),https://www.amazon.co.jp/dp/B0DQY5HRFV,https://keepa.com/#!product/5-B0DQY5HRFV,https://www.google.com/search?q=%E6%A0%AA%E5%BC%8F%E4%BC%9A%E7%A4%BE%E3%82%BD%E3%83%8B%E3%83%BC%E3%83%BB%E3%83%94%E3%82%AF%E3%83%81%E3%83%A3%E3%83%BC%E3%82%BA%20%E3%82%A8%E3%83%B3%E3%82%BF%E3%83%86%E3%82%A4%E3%83%B3%E3%83%A1%E3%83%B3%E3%83%88%20%E4%BC%9A%E7%A4%BE%E6%A6%82%E8%A6%81%20%E5%95%8F%E3%81%84%E5%90%88%E3%82%8F%E3%81%9B%20%E5%8D%B8,DVD,大手/海外疑い,0
Syitren,1,8069,13980,1,B0G6YSSY6G,syitren R300 ポータブルcdプレーヤー bluetooth対応小型cdプレイヤー充電式内蔵 2000mahバッテリーでワイヤレス再生可能 type-c充電 aux-ou,https://www.amazon.co.jp/dp/B0G6YSSY6G,https://keepa.com/#!product/5-B0G6YSSY6G,https://www.google.com/search?q=Syitren%20%E4%BC%9A%E7%A4%BE%E6%A6%82%E8%A6%81%20%E5%95%8F%E3%81%84%E5%90%88%E3%82%8F%E3%81%9B%20%E5%8D%B8,家電＆カメラ,中小候補,1
AHS,1,3225,13464,1,B07F17C5YK,AHS VOCALOID 桜乃そら クール 音声読み上げソフト,https://www.amazon.co.jp/dp/B07F17C5YK,https://keepa.com/#!product/5-B07F17C5YK,https://www.google.com/search?q=AHS%20%E4%BC%9A%E7%A4%BE%E6%A6%82%E8%A6%81%20%E5%95%8F%E3%81%84%E5%90%88%E3%82%8F%E3%81%9B%20%E5%8D%B8,PCソフト,中小候補,0
矢崎化工(Yazaki Kako),1,7658,13000,1,B0B3SKGMJR,YAZAKI YP-778A 都市ガス用電池式ガス・CO警報器　矢崎エナジーシステム製　12A、13A ホワイト,https://www.amazon.co.jp/dp/B0B3SKGMJR,https://keepa.com/#!product/5-B0B3SKGMJR,https://www.google.com/search?q=%E7%9F%A2%E5%B4%8E%E5%8C%96%E5%B7%A5%28Yazaki%20Kako%29%20%E4%BC%9A%E7%A4%BE%E6%A6%82%E8%A6%81%20%E5%95%8F%E3%81%84%E5%90%88%E3%82%8F%E3%81%9B%20%E5%8D%B8,DIY・工具・ガーデン,中小候補,0
SENPPLE,1,8977,15998,1,B0DC5YT7KF,業界初 フットケア 足先 太もも ふくらはぎ EMS 空気圧 温熱 6モード ３段階強度 3段階温度 足裏 膝ヒーター機能付 レッグリッラクスサー 立ち仕事、運動、家事後 家庭用 ,https://www.amazon.co.jp/dp/B0DC5YT7KF,https://keepa.com/#!product/5-B0DC5YT7KF,https://www.google.com/search?q=SENPPLE%20%E4%BC%9A%E7%A4%BE%E6%A6%82%E8%A6%81%20%E5%95%8F%E3%81%84%E5%90%88%E3%82%8F%E3%81%9B%20%E5%8D%B8,ホーム＆キッチン,中小候補,1
Collonil(コロニル),1,512,1700,2,B076HKMQXK,[コロニル] 1909 シュプリーム クリーム デラックス カラーレス 100ml [並行輸入品],https://www.amazon.co.jp/dp/B076HKMQXK,https://keepa.com/#!product/5-B076HKMQXK,https://www.google.com/search?q=Collonil%28%E3%82%B3%E3%83%AD%E3%83%8B%E3%83%AB%29%20%E4%BC%9A%E7%A4%BE%E6%A6%82%E8%A6%81%20%E5%95%8F%E3%81%84%E5%90%88%E3%82%8F%E3%81%9B%20%E5%8D%B8,ファッション,中小候補,0
スリーエム(3M),1,310,1658,2,B08749H19D,3M ヘッドライト修復キット 素早く簡単 15分で黄ばみを取り除きます 39193 1キット,https://www.amazon.co.jp/dp/B08749H19D,https://keepa.com/#!product/5-B08749H19D,https://www.google.com/search?q=%E3%82%B9%E3%83%AA%E3%83%BC%E3%82%A8%E3%83%A0%283M%29%20%E4%BC%9A%E7%A4%BE%E6%A6%82%E8%A6%81%20%E5%95%8F%E3%81%84%E5%90%88%E3%82%8F%E3%81%9B%20%E5%8D%B8,車＆バイク,中小候補,0
Avrpqiwy,1,103,1760,2,B0DPMSYR8R,Avrpqiwy 3Dプリンターフィラメントドライボックスストレージ熱風加熱ストレージ印刷材料ボックスホルダー耐湿性すべての用,https://www.amazon.co.jp/dp/B0DPMSYR8R,https://keepa.com/#!product/5-B0DPMSYR8R,https://www.google.com/search?q=Avrpqiwy%20%E4%BC%9A%E7%A4%BE%E6%A6%82%E8%A6%81%20%E5%95%8F%E3%81%84%E5%90%88%E3%82%8F%E3%81%9B%20%E5%8D%B8,産業・研究開発用品,中小候補,0
roborock,1,468,1680,2,B0DBYY5DQ8,【メーカー純正品】Roborock 自動ゴミ収集ドック用 使い捨て紙パックC SDCD05RR 3個 交換用 純正アクセサリー Saros 10R / Saros 10 / Qre,https://www.amazon.co.jp/dp/B0DBYY5DQ8,https://keepa.com/#!product/5-B0DBYY5DQ8,https://www.google.com/search?q=roborock%20%E4%BC%9A%E7%A4%BE%E6%A6%82%E8%A6%81%20%E5%95%8F%E3%81%84%E5%90%88%E3%82%8F%E3%81%9B%20%E5%8D%B8,ホーム＆キッチン,中小候補,0
筒井時正商店,1,252,1680,2,B001C9XWH6,"超特大ナイヤガラ 参考価格:1,100円/1箱 総薬量(約)72g",https://www.amazon.co.jp/dp/B001C9XWH6,https://keepa.com/#!product/5-B001C9XWH6,https://www.google.com/search?q=%E7%AD%92%E4%BA%95%E6%99%82%E6%AD%A3%E5%95%86%E5%BA%97%20%E4%BC%9A%E7%A4%BE%E6%A6%82%E8%A6%81%20%E5%95%8F%E3%81%84%E5%90%88%E3%82%8F%E3%81%9B%20%E5%8D%B8,おもちゃ,中小候補,0
金鳥,1,92,1772,2,B08WB8C986,イヤな虫ムエンダー 60プッシュ アリ クモ カメムシ 害虫駆除 殺虫剤 スプレー ワンプッシュ,https://www.amazon.co.jp/dp/B08WB8C986,https://keepa.com/#!product/5-B08WB8C986,https://www.google.com/search?q=%E9%87%91%E9%B3%A5%20%E4%BC%9A%E7%A4%BE%E6%A6%82%E8%A6%81%20%E5%95%8F%E3%81%84%E5%90%88%E3%82%8F%E3%81%9B%20%E5%8D%B8,DIY・工具・ガーデン,中小候補,0
MiiElAOD,1,406,1540,2,B0BW476N31,"Seeeduino XIAO ESP32C3, IoT 制御シナリオ用の Wi-Fi と BLE を備えた Tiny MCU ボード (1pc)",https://www.amazon.co.jp/dp/B0BW476N31,https://keepa.com/#!product/5-B0BW476N31,https://www.google.com/search?q=MiiElAOD%20%E4%BC%9A%E7%A4%BE%E6%A6%82%E8%A6%81%20%E5%95%8F%E3%81%84%E5%90%88%E3%82%8F%E3%81%9B%20%E5%8D%B8,パソコン・周辺機器,中小候補,1
ブレイス(Braith),1,103,1962,2,B0D4LH1S4S,ブレイス/BRAiTH アーマオール プロテクタントオリジナル 473ml 車 ダッシュボード タイヤ 保護 ツヤ出し AK-16,https://www.amazon.co.jp/dp/B0D4LH1S4S,https://keepa.com/#!product/5-B0D4LH1S4S,https://www.google.com/search?q=%E3%83%96%E3%83%AC%E3%82%A4%E3%82%B9%28Braith%29%20%E4%BC%9A%E7%A4%BE%E6%A6%82%E8%A6%81%20%E5%95%8F%E3%81%84%E5%90%88%E3%82%8F%E3%81%9B%20%E5%8D%B8,車＆バイク,中小候補,0
消臭ビーズ,1,204,1760,2,B07GLJ2X4F,【まとめ買い】　消臭ビーズ 猫トイレまくだけ 香り広がる消臭ビーズ さわやかなナチュラルガーデンの香り 450ml×3個,https://www.amazon.co.jp/dp/B07GLJ2X4F,https://keepa.com/#!product/5-B07GLJ2X4F,https://www.google.com/search?q=%E6%B6%88%E8%87%AD%E3%83%93%E3%83%BC%E3%82%BA%20%E4%BC%9A%E7%A4%BE%E6%A6%82%E8%A6%81%20%E5%95%8F%E3%81%84%E5%90%88%E3%82%8F%E3%81%9B%20%E5%8D%B8,ペット用品,中小候補,0
aestiquo,1,443,1636,2,B0FLK2SPJB,スマホホルダー 車 マグネット 【2026最新真空吸盤+超強磁力】究極の安定【360°回転+自由調節】 24×N55磁石 スマホスタンド 高級合金素材 MagSafeホルダー 片手,https://www.amazon.co.jp/dp/B0FLK2SPJB,https://keepa.com/#!product/5-B0FLK2SPJB,https://www.google.com/search?q=aestiquo%20%E4%BC%9A%E7%A4%BE%E6%A6%82%E8%A6%81%20%E5%95%8F%E3%81%84%E5%90%88%E3%82%8F%E3%81%9B%20%E5%8D%B8,車＆バイク,中小候補,0
富士通,1,203,1680,2,B00EW7BUII,【バルク品】　富士通純正 【FMV-AC332A/ADP-65YH A】←FMV-AC332/ADP-65JH ABZ同等品 19V3.42A,https://www.amazon.co.jp/dp/B00EW7BUII,https://keepa.com/#!product/5-B00EW7BUII,https://www.google.com/search?q=%E5%AF%8C%E5%A3%AB%E9%80%9A%20%E4%BC%9A%E7%A4%BE%E6%A6%82%E8%A6%81%20%E5%95%8F%E3%81%84%E5%90%88%E3%82%8F%E3%81%9B%20%E5%8D%B8,パソコン・周辺機器,中小候補,1
NorwegianStyle,1,373,1940,2,B08LVMBHJ3,ファイヤースターター 着火剤 約100個入 袋ごと燃やせる バーベキュー 焚き火 キャンプ 薪ストーブ NowegianStyle,https://www.amazon.co.jp/dp/B08LVMBHJ3,https://keepa.com/#!product/5-B08LVMBHJ3,https://www.google.com/search?q=NorwegianStyle%20%E4%BC%9A%E7%A4%BE%E6%A6%82%E8%A6%81%20%E5%95%8F%E3%81%84%E5%90%88%E3%82%8F%E3%81%9B%20%E5%8D%B8,スポーツ＆アウトドア,中小候補,0
大島屋(Ooshimaya),1,62,1900,2,B01CN6JB80,籐枕 約30×18×12cm,https://www.amazon.co.jp/dp/B01CN6JB80,https://keepa.com/#!product/5-B01CN6JB80,https://www.google.com/search?q=%E5%A4%A7%E5%B3%B6%E5%B1%8B%28Ooshimaya%29%20%E4%BC%9A%E7%A4%BE%E6%A6%82%E8%A6%81%20%E5%95%8F%E3%81%84%E5%90%88%E3%82%8F%E3%81%9B%20%E5%8D%B8,ホーム＆キッチン,中小候補,0
Maxell,1,82,1556,2,B000N4SL54,maxell データ用 DＶD-R 4.7GB 16倍速対応 インクジェットプリンタ対応ホワイト(ワイド印刷) 10枚 5mmケース入 DR47WPD.S1P10S A,https://www.amazon.co.jp/dp/B000N4SL54,https://keepa.com/#!product/5-B000N4SL54,https://www.google.com/search?q=Maxell%20%E4%BC%9A%E7%A4%BE%E6%A6%82%E8%A6%81%20%E5%95%8F%E3%81%84%E5%90%88%E3%82%8F%E3%81%9B%20%E5%8D%B8,家電＆カメラ,中小候補,1
Laundrin'(ランドリン),1,306,1740,2,B0CFF1MQQS,Laundrin'(ランドリン) Laundrin 車用フレグランス クラシックフローラル 本体4個入り,https://www.amazon.co.jp/dp/B0CFF1MQQS,https://keepa.com/#!product/5-B0CFF1MQQS,https://www.google.com/search?q=Laundrin%27%28%E3%83%A9%E3%83%B3%E3%83%89%E3%83%AA%E3%83%B3%29%20%E4%BC%9A%E7%A4%BE%E6%A6%82%E8%A6%81%20%E5%95%8F%E3%81%84%E5%90%88%E3%82%8F%E3%81%9B%20%E5%8D%B8,車＆バイク,中小候補,0
こぐま会,1,88,1740,2,486362011X,ひとりでとっくん02 点図形2,https://www.amazon.co.jp/dp/486362011X,https://keepa.com/#!product/5-486362011X,https://www.google.com/search?q=%E3%81%93%E3%81%90%E3%81%BE%E4%BC%9A%20%E4%BC%9A%E7%A4%BE%E6%A6%82%E8%A6%81%20%E5%95%8F%E3%81%84%E5%90%88%E3%82%8F%E3%81%9B%20%E5%8D%B8,本,中小候補,0
ゼンハイザー(Sennheiser),1,986,2200,2,B00UZ63MHC,Sennheiser ゼンハイザー インイヤー イヤホン MX375 ダイナミック型 MX 375 [並行輸入品],https://www.amazon.co.jp/dp/B00UZ63MHC,https://keepa.com/#!product/5-B00UZ63MHC,https://www.google.com/search?q=%E3%82%BC%E3%83%B3%E3%83%8F%E3%82%A4%E3%82%B6%E3%83%BC%28Sennheiser%29%20%E4%BC%9A%E7%A4%BE%E6%A6%82%E8%A6%81%20%E5%95%8F%E3%81%84%E5%90%88%E3%82%8F%E3%81%9B%20%E5%8D%B8,家電＆カメラ,中小候補,1
ハズブロ(HASBRO),1,972,3290,2,B07B9HK8S5,ハズブロ(HASBRO) ジェンガ ゲーム(2018) JENGA 天然木使用のオリジナル ブロックゲーム スタッキングタワーゲーム 6才以上 プレイヤー人数1人以上 子供用パーテ,https://www.amazon.co.jp/dp/B07B9HK8S5,https://keepa.com/#!product/5-B07B9HK8S5,https://www.google.com/search?q=%E3%83%8F%E3%82%BA%E3%83%96%E3%83%AD%28HASBRO%29%20%E4%BC%9A%E7%A4%BE%E6%A6%82%E8%A6%81%20%E5%95%8F%E3%81%84%E5%90%88%E3%82%8F%E3%81%9B%20%E5%8D%B8,おもちゃ,中小候補,0
NANOXone(ナノックスワン),1,1104,3490,2,B0FMRL8V5Z,NANOX ｏｎｅ 【業務用 大容量】 洗浄プラス 4㎏ 洗濯洗剤 詰め替え,https://www.amazon.co.jp/dp/B0FMRL8V5Z,https://keepa.com/#!product/5-B0FMRL8V5Z,https://www.google.com/search?q=NANOXone%28%E3%83%8A%E3%83%8E%E3%83%83%E3%82%AF%E3%82%B9%E3%83%AF%E3%83%B3%29%20%E4%BC%9A%E7%A4%BE%E6%A6%82%E8%A6%81%20%E5%95%8F%E3%81%84%E5%90%88%E3%82%8F%E3%81%9B%20%E5%8D%B8,産業・研究開発用品,中小候補,0
THANKO,1,2237,5228,2,B0D499M873,THANKO おひとりさま用超高速弁当箱炊飯器 RCKDSGSWH 白色 炊飯器 一人用 小型 1合 0.5合 弁当箱型 オフィス 炊きたて 早炊き,https://www.amazon.co.jp/dp/B0D499M873,https://keepa.com/#!product/5-B0D499M873,https://www.google.com/search?q=THANKO%20%E4%BC%9A%E7%A4%BE%E6%A6%82%E8%A6%81%20%E5%95%8F%E3%81%84%E5%90%88%E3%82%8F%E3%81%9B%20%E5%8D%B8,ホーム＆キッチン,中小候補,1
LIHILIS,1,2822,5800,2,B0DDY45J4W,(最強の筋膜リリースガン 極限の全身解放) ハンディガン パワフル 10mm振幅 背中まで届く リリースガン (革新に無段変速 伸縮ハンドル) LIHILIS筋膜ガン Type-C,https://www.amazon.co.jp/dp/B0DDY45J4W,https://keepa.com/#!product/5-B0DDY45J4W,https://www.google.com/search?q=LIHILIS%20%E4%BC%9A%E7%A4%BE%E6%A6%82%E8%A6%81%20%E5%95%8F%E3%81%84%E5%90%88%E3%82%8F%E3%81%9B%20%E5%8D%B8,ホーム＆キッチン,中小候補,1
山善(YAMAZEN),1,2526,5950,2,B0FDQ3RBZN,[山善] ミニ DVDプレーヤー コンパクト CD/DVD 再生専用 CPRM対応 HDMI対応 USB給電 HDMIケーブル/AVケーブル/リモコン付き CDVP-MINI151,https://www.amazon.co.jp/dp/B0FDQ3RBZN,https://keepa.com/#!product/5-B0FDQ3RBZN,https://www.google.com/search?q=%E5%B1%B1%E5%96%84%28YAMAZEN%29%20%E4%BC%9A%E7%A4%BE%E6%A6%82%E8%A6%81%20%E5%95%8F%E3%81%84%E5%90%88%E3%82%8F%E3%81%9B%20%E5%8D%B8,家電＆カメラ,大手/海外疑い,1
NETGEAR,1,3482,6300,2,B0F1Y625QH,【正規品】 ネットギア NETGEAR スイッチングハブ 8ポート ギガ 金属筐体 VLAN QoS 静音ファンレス メーカー5年保証 アンマネージプラス GS308E-400JP,https://www.amazon.co.jp/dp/B0F1Y625QH,https://keepa.com/#!product/5-B0F1Y625QH,https://www.google.com/search?q=NETGEAR%20%E4%BC%9A%E7%A4%BE%E6%A6%82%E8%A6%81%20%E5%95%8F%E3%81%84%E5%90%88%E3%82%8F%E3%81%9B%20%E5%8D%B8,パソコン・周辺機器,中小候補,1
PLUS91(プラス91）,1,3165,6237,2,B002WSB7DW,高性能オイルシーリング剤 PLUS 91,https://www.amazon.co.jp/dp/B002WSB7DW,https://keepa.com/#!product/5-B002WSB7DW,https://www.google.com/search?q=PLUS91%28%E3%83%97%E3%83%A9%E3%82%B991%EF%BC%89%20%E4%BC%9A%E7%A4%BE%E6%A6%82%E8%A6%81%20%E5%95%8F%E3%81%84%E5%90%88%E3%82%8F%E3%81%9B%20%E5%8D%B8,車＆バイク,中小候補,0
KJK,1,4157,7127,2,B0CB3Y1C5J,KJK トレイルカメラ 防犯カメラ 野生動物監視カメラ 小型 2.7K 動画 3600万画素 赤外線暗視 PIR人感センサー 超高速トリガー IP66防水防塵 電池式 屋外・屋内監,https://www.amazon.co.jp/dp/B0CB3Y1C5J,https://keepa.com/#!product/5-B0CB3Y1C5J,https://www.google.com/search?q=KJK%20%E4%BC%9A%E7%A4%BE%E6%A6%82%E8%A6%81%20%E5%95%8F%E3%81%84%E5%90%88%E3%82%8F%E3%81%9B%20%E5%8D%B8,家電＆カメラ,中小候補,1
Blackstone Publishing,1,3109,7282,2,B0B8B8JWMF,The Seven Husbands of Evelyn Hugo,https://www.amazon.co.jp/dp/B0B8B8JWMF,https://keepa.com/#!product/5-B0B8B8JWMF,https://www.google.com/search?q=Blackstone%20Publishing%20%E4%BC%9A%E7%A4%BE%E6%A6%82%E8%A6%81%20%E5%95%8F%E3%81%84%E5%90%88%E3%82%8F%E3%81%9B%20%E5%8D%B8,洋書,中小候補,0
空調服,1,4135,7200,2,B0B2JFDP2B,空調服 R バッテリー単体 BTSP1 作業着,https://www.amazon.co.jp/dp/B0B2JFDP2B,https://keepa.com/#!product/5-B0B2JFDP2B,https://www.google.com/search?q=%E7%A9%BA%E8%AA%BF%E6%9C%8D%20%E4%BC%9A%E7%A4%BE%E6%A6%82%E8%A6%81%20%E5%95%8F%E3%81%84%E5%90%88%E3%82%8F%E3%81%9B%20%E5%8D%B8,家電＆カメラ,中小候補,1
マンフロット(Manfrotto),1,3688,7057,2,B07K6GHL24,Manfrotto (マンフロット) ユニバーサルスマートフォンクランプ Pro Version (MCPIXI) ミニカメラ三脚 テーブル三脚 コンパクト三脚 Vlogging用,https://www.amazon.co.jp/dp/B07K6GHL24,https://keepa.com/#!product/5-B07K6GHL24,https://www.google.com/search?q=%E3%83%9E%E3%83%B3%E3%83%95%E3%83%AD%E3%83%83%E3%83%88%28Manfrotto%29%20%E4%BC%9A%E7%A4%BE%E6%A6%82%E8%A6%81%20%E5%95%8F%E3%81%84%E5%90%88%E3%82%8F%E3%81%9B%20%E5%8D%B8,家電＆カメラ,中小候補,1
Def Jam,1,2665,7282,2,B016BYAEAO,PURPOSE [Analog],https://www.amazon.co.jp/dp/B016BYAEAO,https://keepa.com/#!product/5-B016BYAEAO,https://www.google.com/search?q=Def%20Jam%20%E4%BC%9A%E7%A4%BE%E6%A6%82%E8%A6%81%20%E5%95%8F%E3%81%84%E5%90%88%E3%82%8F%E3%81%9B%20%E5%8D%B8,ミュージック,中小候補,0
Philoent,1,4524,7586,2,B0F5GQLNWP,Philoent プロジェクター 家庭用 超小型 【2026最新 Android TV14.0搭載＆388g史上最軽＆HiFi外部スピーカー】,https://www.amazon.co.jp/dp/B0F5GQLNWP,https://keepa.com/#!product/5-B0F5GQLNWP,https://www.google.com/search?q=Philoent%20%E4%BC%9A%E7%A4%BE%E6%A6%82%E8%A6%81%20%E5%95%8F%E3%81%84%E5%90%88%E3%82%8F%E3%81%9B%20%E5%8D%B8,家電＆カメラ,中小候補,1
Goal Zero,1,2241,7580,2,B01IQXDTGY,Goal Zero LEDランタン ライトハウス マイクロフラッシュ 防災用品 USB充電式 LED ミニランタン 防災用品 150ルーメン 防水 軽量 小型 懐中電灯付 XX13,https://www.amazon.co.jp/dp/B01IQXDTGY,https://keepa.com/#!product/5-B01IQXDTGY,https://www.google.com/search?q=Goal%20Zero%20%E4%BC%9A%E7%A4%BE%E6%A6%82%E8%A6%81%20%E5%95%8F%E3%81%84%E5%90%88%E3%82%8F%E3%81%9B%20%E5%8D%B8,スポーツ＆アウトドア,中小候補,0
B3 BIGTHREE,1,4010,7869,2,B09QM99ZTV,USB C ハブ 6-in-1 マルチポートアダプター、4K@60Hz HDMI、100W PD、2 つの USB-A データポート、SD/TF カードリーダー付き – MacBo,https://www.amazon.co.jp/dp/B09QM99ZTV,https://keepa.com/#!product/5-B09QM99ZTV,https://www.google.com/search?q=B3%20BIGTHREE%20%E4%BC%9A%E7%A4%BE%E6%A6%82%E8%A6%81%20%E5%95%8F%E3%81%84%E5%90%88%E3%82%8F%E3%81%9B%20%E5%8D%B8,パソコン・周辺機器,中小候補,1
マスプロ電工,1,4506,8480,2,B0C3PY6KN9,マスプロ電工(MASPRO) 3224MHz対応 UHF・BS・CS テレビレコーダーブースター 地上デジタル放送 4K8K衛星放送 2出力 電流通過 HSマーク規格 利得調整 E,https://www.amazon.co.jp/dp/B0C3PY6KN9,https://keepa.com/#!product/5-B0C3PY6KN9,https://www.google.com/search?q=%E3%83%9E%E3%82%B9%E3%83%97%E3%83%AD%E9%9B%BB%E5%B7%A5%20%E4%BC%9A%E7%A4%BE%E6%A6%82%E8%A6%81%20%E5%95%8F%E3%81%84%E5%90%88%E3%82%8F%E3%81%9B%20%E5%8D%B8,家電＆カメラ,中小候補,1
Kimwood,1,5063,9499,2,B0FZBZNCJY,ジャンプスターター & 電動空気入れ 【プロ監修・8000Aピーク電流・ 150PSI急速充気】12V 車対応 エンジンスターター,https://www.amazon.co.jp/dp/B0FZBZNCJY,https://keepa.com/#!product/5-B0FZBZNCJY,https://www.google.com/search?q=Kimwood%20%E4%BC%9A%E7%A4%BE%E6%A6%82%E8%A6%81%20%E5%95%8F%E3%81%84%E5%90%88%E3%82%8F%E3%81%9B%20%E5%8D%B8,車＆バイク,中小候補,1
Derila,1,3326,9400,2,B0F3NTQCYP,Derila Ergo 頚椎ネックピロー 睡眠用枕 輪郭形状記憶フォーム枕 背中用 横向き寝枕 54 x 36 x 12 cm,https://www.amazon.co.jp/dp/B0F3NTQCYP,https://keepa.com/#!product/5-B0F3NTQCYP,https://www.google.com/search?q=Derila%20%E4%BC%9A%E7%A4%BE%E6%A6%82%E8%A6%81%20%E5%95%8F%E3%81%84%E5%90%88%E3%82%8F%E3%81%9B%20%E5%8D%B8,ホーム＆キッチン,中小候補,0
Google,1,5664,10687,2,B07JGP3VC7,Google Chromecast 正規品 第三世代 2K対応 チャコール GA00439-JP,https://www.amazon.co.jp/dp/B07JGP3VC7,https://keepa.com/#!product/5-B07JGP3VC7,https://www.google.com/search?q=Google%20%E4%BC%9A%E7%A4%BE%E6%A6%82%E8%A6%81%20%E5%95%8F%E3%81%84%E5%90%88%E3%82%8F%E3%81%9B%20%E5%8D%B8,家電＆カメラ,中小候補,1
Globular Cluster,1,5815,11800,2,B0CBJY4DR2,球状クラスター CMP2 快適 Mod PS VR 2用,https://www.amazon.co.jp/dp/B0CBJY4DR2,https://keepa.com/#!product/5-B0CBJY4DR2,https://www.google.com/search?q=Globular%20Cluster%20%E4%BC%9A%E7%A4%BE%E6%A6%82%E8%A6%81%20%E5%95%8F%E3%81%84%E5%90%88%E3%82%8F%E3%81%9B%20%E5%8D%B8,ゲーム,中小候補,0
Evercade,1,2258,11855,2,B07XGBV6GW,Cartucho Evercade Mega Cat 1,https://www.amazon.co.jp/dp/B07XGBV6GW,https://keepa.com/#!product/5-B07XGBV6GW,https://www.google.com/search?q=Evercade%20%E4%BC%9A%E7%A4%BE%E6%A6%82%E8%A6%81%20%E5%95%8F%E3%81%84%E5%90%88%E3%82%8F%E3%81%9B%20%E5%8D%B8,PCソフト,中小候補,0
メロリン,1,5567,11300,2,B018G4U6PA,スミス・アンド・ネフュー ウンド マネジメント メロリン 10×20cm 100枚入 66974939 …,https://www.amazon.co.jp/dp/B018G4U6PA,https://keepa.com/#!product/5-B018G4U6PA,https://www.google.com/search?q=%E3%83%A1%E3%83%AD%E3%83%AA%E3%83%B3%20%E4%BC%9A%E7%A4%BE%E6%A6%82%E8%A6%81%20%E5%95%8F%E3%81%84%E5%90%88%E3%82%8F%E3%81%9B%20%E5%8D%B8,産業・研究開発用品,中小候補,0
N-style,1,6174,11300,2,B0F4MYBLGV,N-Style エヌスタイル 極音ホーン ゴクオン 電子ホーン Ver2,https://www.amazon.co.jp/dp/B0F4MYBLGV,https://keepa.com/#!product/5-B0F4MYBLGV,https://www.google.com/search?q=N-style%20%E4%BC%9A%E7%A4%BE%E6%A6%82%E8%A6%81%20%E5%95%8F%E3%81%84%E5%90%88%E3%82%8F%E3%81%9B%20%E5%8D%B8,車＆バイク,中小候補,0
Audio Technica(オーディオテクニカ),1,5946,12430,2,B09G5PR2F2,オーディオテクニカ ATH-GDL3 ゲーミングヘッドセット/開放型/PC/PS4/PS5/Switch/Xbox One/取り外しマイク / 3.5mmステレオ4 極ミニプラグ/,https://www.amazon.co.jp/dp/B09G5PR2F2,https://keepa.com/#!product/5-B09G5PR2F2,https://www.google.com/search?q=Audio%20Technica%28%E3%82%AA%E3%83%BC%E3%83%87%E3%82%A3%E3%82%AA%E3%83%86%E3%82%AF%E3%83%8B%E3%82%AB%29%20%E4%BC%9A%E7%A4%BE%E6%A6%82%E8%A6%81%20%E5%95%8F%E3%81%84%E5%90%88%E3%82%8F%E3%81%9B%20%E5%8D%B8,パソコン・周辺機器,中小候補,1
Spopal,1,6889,12927,2,B0D6RJ42M2,Spopal キャンプ用ポータブルシャワー [長持ち] 6000mAh 充電式キャンプシャワー インテリジェントLEDディスプレイ付き 4つのスプレーモード IPX7防水アウトドア,https://www.amazon.co.jp/dp/B0D6RJ42M2,https://keepa.com/#!product/5-B0D6RJ42M2,https://www.google.com/search?q=Spopal%20%E4%BC%9A%E7%A4%BE%E6%A6%82%E8%A6%81%20%E5%95%8F%E3%81%84%E5%90%88%E3%82%8F%E3%81%9B%20%E5%8D%B8,スポーツ＆アウトドア,中小候補,0
Braun,1,5221,12870,2,B0F2H36SZB,ブラウン シリーズ９ ヒゲトリマー バリカン BT9560 バリカン使用可 コーム４種 アタッチメント3種 ヒゲ形テンプレート 充電スタンド ポーチ 携帯用ケース 掃除用ブラシ,https://www.amazon.co.jp/dp/B0F2H36SZB,https://keepa.com/#!product/5-B0F2H36SZB,https://www.google.com/search?q=Braun%20%E4%BC%9A%E7%A4%BE%E6%A6%82%E8%A6%81%20%E5%95%8F%E3%81%84%E5%90%88%E3%82%8F%E3%81%9B%20%E5%8D%B8,ホーム＆キッチン,中小候補,1
サムスン(SAMSUNG),1,5249,13400,2,B0CWPPSDH8,Samsung EVO Plus 256GB microSDXC メモリーカード + SDアダプター、最大160MB/秒。,https://www.amazon.co.jp/dp/B0CWPPSDH8,https://keepa.com/#!product/5-B0CWPPSDH8,https://www.google.com/search?q=%E3%82%B5%E3%83%A0%E3%82%B9%E3%83%B3%28SAMSUNG%29%20%E4%BC%9A%E7%A4%BE%E6%A6%82%E8%A6%81%20%E5%95%8F%E3%81%84%E5%90%88%E3%82%8F%E3%81%9B%20%E5%8D%B8,パソコン・周辺機器,中小候補,1
Tipkook,1,6804,13762,2,B0F9Y7VNGR,Tipkook キャンプ用ポータブルシャワー 充電式キャンプシャワー,https://www.amazon.co.jp/dp/B0F9Y7VNGR,https://keepa.com/#!product/5-B0F9Y7VNGR,https://www.google.com/search?q=Tipkook%20%E4%BC%9A%E7%A4%BE%E6%A6%82%E8%A6%81%20%E5%95%8F%E3%81%84%E5%90%88%E3%82%8F%E3%81%9B%20%E5%8D%B8,スポーツ＆アウトドア,中小候補,0
アイホン,1,6183,14400,2,B07TH669Q7,アイホン インターホン ドアホン テレビドアホン カメラ付き玄関子機 モニター付き親機 わかりやすい画面表示 カメラレンズ調整可能 JS-12E,https://www.amazon.co.jp/dp/B07TH669Q7,https://keepa.com/#!product/5-B07TH669Q7,https://www.google.com/search?q=%E3%82%A2%E3%82%A4%E3%83%9B%E3%83%B3%20%E4%BC%9A%E7%A4%BE%E6%A6%82%E8%A6%81%20%E5%95%8F%E3%81%84%E5%90%88%E3%82%8F%E3%81%9B%20%E5%8D%B8,DIY・工具・ガーデン,中小候補,0
マガジンハウス,1,6453,14572,2,4838757816,Casa BRUTUS &Premium 特別編集 ミナ ペルホネンと皆川 明 30周年特装版 (MAGAZINE HOUSE MOOK extra issue),https://www.amazon.co.jp/dp/4838757816,https://keepa.com/#!product/5-4838757816,https://www.google.com/search?q=%E3%83%9E%E3%82%AC%E3%82%B8%E3%83%B3%E3%83%8F%E3%82%A6%E3%82%B9%20%E4%BC%9A%E7%A4%BE%E6%A6%82%E8%A6%81%20%E5%95%8F%E3%81%84%E5%90%88%E3%82%8F%E3%81%9B%20%E5%8D%B8,本,中小候補,0
ヘリノックス(Helinox),1,7423,15950,2,B079LTVK36,ヘリノックス(Helinox) アウトドア イス グラウンドチェア クラウドバースト(CLBT) 1822229,https://www.amazon.co.jp/dp/B079LTVK36,https://keepa.com/#!product/5-B079LTVK36,https://www.google.com/search?q=%E3%83%98%E3%83%AA%E3%83%8E%E3%83%83%E3%82%AF%E3%82%B9%28Helinox%29%20%E4%BC%9A%E7%A4%BE%E6%A6%82%E8%A6%81%20%E5%95%8F%E3%81%84%E5%90%88%E3%82%8F%E3%81%9B%20%E5%8D%B8,スポーツ＆アウトドア,中小候補,0
フジクリーン,1,8773,15480,2,B00VUCJ8QY,フジクリーン(旧マルカ) 浄化槽ブロワ 60L/min EcoMAC60 (MAC60N　MAC60R後継機種),https://www.amazon.co.jp/dp/B00VUCJ8QY,https://keepa.com/#!product/5-B00VUCJ8QY,https://www.google.com/search?q=%E3%83%95%E3%82%B8%E3%82%AF%E3%83%AA%E3%83%BC%E3%83%B3%20%E4%BC%9A%E7%A4%BE%E6%A6%82%E8%A6%81%20%E5%95%8F%E3%81%84%E5%90%88%E3%82%8F%E3%81%9B%20%E5%8D%B8,DIY・工具・ガーデン,中小候補,0
HP,1,10149,15685,2,B07HFJJPZF,HP ISS 658071-B21 500GB 6G SATA 7.2K rpm LFF G8（認定整備済み）,https://www.amazon.co.jp/dp/B07HFJJPZF,https://keepa.com/#!product/5-B07HFJJPZF,https://www.google.com/search?q=HP%20%E4%BC%9A%E7%A4%BE%E6%A6%82%E8%A6%81%20%E5%95%8F%E3%81%84%E5%90%88%E3%82%8F%E3%81%9B%20%E5%8D%B8,パソコン・周辺機器,中小候補,1
NGK,1,8387,15050,2,B0CPXPHH3N,NGK イグニッションコイル U5386 3本セット ダイハツ LA400K コペン/LA600S LA610S タント等適合 純正部品番号：19500-B2051【49156】,https://www.amazon.co.jp/dp/B0CPXPHH3N,https://keepa.com/#!product/5-B0CPXPHH3N,https://www.google.com/search?q=NGK%20%E4%BC%9A%E7%A4%BE%E6%A6%82%E8%A6%81%20%E5%95%8F%E3%81%84%E5%90%88%E3%82%8F%E3%81%9B%20%E5%8D%B8,車＆バイク,中小候補,0
プロクソン(PROXXON),1,7058,16100,2,B0020B5TU8,プロクソン(PROXXON) ミニルーターセット MM100 No.28525-S,https://www.amazon.co.jp/dp/B0020B5TU8,https://keepa.com/#!product/5-B0020B5TU8,https://www.google.com/search?q=%E3%83%97%E3%83%AD%E3%82%AF%E3%82%BD%E3%83%B3%28PROXXON%29%20%E4%BC%9A%E7%A4%BE%E6%A6%82%E8%A6%81%20%E5%95%8F%E3%81%84%E5%90%88%E3%82%8F%E3%81%9B%20%E5%8D%B8,DIY・工具・ガーデン,中小候補,0
Speakers Corner,1,6174,16705,2,B008GOAENK,Time Out -Ltd/Hq/45 Rpm- [Analog],https://www.amazon.co.jp/dp/B008GOAENK,https://keepa.com/#!product/5-B008GOAENK,https://www.google.com/search?q=Speakers%20Corner%20%E4%BC%9A%E7%A4%BE%E6%A6%82%E8%A6%81%20%E5%95%8F%E3%81%84%E5%90%88%E3%82%8F%E3%81%9B%20%E5%8D%B8,ミュージック,中小候補,0
安永,1,8068,16700,2,B06XC2SZXK,安永エアポンプ 浄化槽用ブロア エアーポンプ ブロワ AP-60G,https://www.amazon.co.jp/dp/B06XC2SZXK,https://keepa.com/#!product/5-B06XC2SZXK,https://www.google.com/search?q=%E5%AE%89%E6%B0%B8%20%E4%BC%9A%E7%A4%BE%E6%A6%82%E8%A6%81%20%E5%95%8F%E3%81%84%E5%90%88%E3%82%8F%E3%81%9B%20%E5%8D%B8,DIY・工具・ガーデン,中小候補,0
LEGACY RECORDINGS,1,7875,17285,2,B0037U9PXI,Michael Jackson's This Is It [Analog],https://www.amazon.co.jp/dp/B0037U9PXI,https://keepa.com/#!product/5-B0037U9PXI,https://www.google.com/search?q=LEGACY%20RECORDINGS%20%E4%BC%9A%E7%A4%BE%E6%A6%82%E8%A6%81%20%E5%95%8F%E3%81%84%E5%90%88%E3%82%8F%E3%81%9B%20%E5%8D%B8,ミュージック,中小候補,0
Semtyait,1,9859,17096,2,B0FWCLW3T7,ブロワー 強力 洗車 Semtyait 【プロ監修・2600g超強推力・245m/s究極の爆風】ぶろわー 電動エアダスター 充電式 軽量小型ブロアー,https://www.amazon.co.jp/dp/B0FWCLW3T7,https://keepa.com/#!product/5-B0FWCLW3T7,https://www.google.com/search?q=Semtyait%20%E4%BC%9A%E7%A4%BE%E6%A6%82%E8%A6%81%20%E5%95%8F%E3%81%84%E5%90%88%E3%82%8F%E3%81%9B%20%E5%8D%B8,DIY・工具・ガーデン,中小候補,0
プリンストン,1,12077,17820,2,B0FSCLPZ8F,プリンストン microSD Expressカード (512GB) Nintendo Switch 2 動作確認済み 読込(PCIe) : 最大 880 MB/s | 書込(PCI,https://www.amazon.co.jp/dp/B0FSCLPZ8F,https://keepa.com/#!product/5-B0FSCLPZ8F,https://www.google.com/search?q=%E3%83%97%E3%83%AA%E3%83%B3%E3%82%B9%E3%83%88%E3%83%B3%20%E4%BC%9A%E7%A4%BE%E6%A6%82%E8%A6%81%20%E5%95%8F%E3%81%84%E5%90%88%E3%82%8F%E3%81%9B%20%E5%8D%B8,パソコン・周辺機器,大手/海外疑い,1
BIUBLE,1,6667,17034,2,B08GYFP5JK,BIUBLE Jump Starter Car Jump Starter Auto Battery Booster Pack 4000A Peak 12V with USB Qui,https://www.amazon.co.jp/dp/B08GYFP5JK,https://keepa.com/#!product/5-B08GYFP5JK,https://www.google.com/search?q=BIUBLE%20%E4%BC%9A%E7%A4%BE%E6%A6%82%E8%A6%81%20%E5%95%8F%E3%81%84%E5%90%88%E3%82%8F%E3%81%9B%20%E5%8D%B8,車＆バイク,中小候補,1
OM SYSTEM/オリンパス,1,4689,18000,2,B0C5LSBWNK,OM SYSTEM WS-883 BLK 語学学習/講義録音/会議録音/議事録/リニアPCM録音/外部メモリ対応,https://www.amazon.co.jp/dp/B0C5LSBWNK,https://keepa.com/#!product/5-B0C5LSBWNK,https://www.google.com/search?q=OM%20SYSTEM/%E3%82%AA%E3%83%AA%E3%83%B3%E3%83%91%E3%82%B9%20%E4%BC%9A%E7%A4%BE%E6%A6%82%E8%A6%81%20%E5%95%8F%E3%81%84%E5%90%88%E3%82%8F%E3%81%9B%20%E5%8D%B8,楽器・音響機器,中小候補,0
MEDICOM TOY,1,7453,19800,2,B0D1TP835J,MAFEX マフェックス No.241 FRIENDLY NEIGHBORHOOD SPIDER-MAN フレンドリー ネイバーフッド スパイダーマン 全高約150mm ノンスケー,https://www.amazon.co.jp/dp/B0D1TP835J,https://keepa.com/#!product/5-B0D1TP835J,https://www.google.com/search?q=MEDICOM%20TOY%20%E4%BC%9A%E7%A4%BE%E6%A6%82%E8%A6%81%20%E5%95%8F%E3%81%84%E5%90%88%E3%82%8F%E3%81%9B%20%E5%8D%B8,ホビー,中小候補,0
KingSpec,1,6225,19971,2,B0FDG4VWCT,KingSpec OneBoom SSD 512GB 2.5インチ SATA3 内蔵SSD 最大読込550MB/s 3D NAND SATA SSD,https://www.amazon.co.jp/dp/B0FDG4VWCT,https://keepa.com/#!product/5-B0FDG4VWCT,https://www.google.com/search?q=KingSpec%20%E4%BC%9A%E7%A4%BE%E6%A6%82%E8%A6%81%20%E5%95%8F%E3%81%84%E5%90%88%E3%82%8F%E3%81%9B%20%E5%8D%B8,パソコン・周辺機器,中小候補,1
マクサー電機,1,638,1750,2,B001C3P054,CD/DVD/BD硬質コーティング剤 MTO-158,https://www.amazon.co.jp/dp/B001C3P054,https://keepa.com/#!product/5-B001C3P054,https://www.google.com/search?q=%E3%83%9E%E3%82%AF%E3%82%B5%E3%83%BC%E9%9B%BB%E6%A9%9F%20%E4%BC%9A%E7%A4%BE%E6%A6%82%E8%A6%81%20%E5%95%8F%E3%81%84%E5%90%88%E3%82%8F%E3%81%9B%20%E5%8D%B8,家電＆カメラ,中小候補,1
ロッキングオン,1,145,1958,2,B0FMYWT923,ロッキング・オン・ジャパン 2025年 11 月号 [雑誌],https://www.amazon.co.jp/dp/B0FMYWT923,https://keepa.com/#!product/5-B0FMYWT923,https://www.google.com/search?q=%E3%83%AD%E3%83%83%E3%82%AD%E3%83%B3%E3%82%B0%E3%82%AA%E3%83%B3%20%E4%BC%9A%E7%A4%BE%E6%A6%82%E8%A6%81%20%E5%95%8F%E3%81%84%E5%90%88%E3%82%8F%E3%81%9B%20%E5%8D%B8,本,中小候補,0
Winning,1,686,2200,2,B00DGN4T0U,【Winning/ウイニング】　練習用バンデージ　伸縮タイプ,https://www.amazon.co.jp/dp/B00DGN4T0U,https://keepa.com/#!product/5-B00DGN4T0U,https://www.google.com/search?q=Winning%20%E4%BC%9A%E7%A4%BE%E6%A6%82%E8%A6%81%20%E5%95%8F%E3%81%84%E5%90%88%E3%82%8F%E3%81%9B%20%E5%8D%B8,スポーツ＆アウトドア,中小候補,0
amBand,1,1113,2804,2,B0C2YWNGVV,"amBand Apple Watchバンド (38mm/40mm/41mm, ブラック)",https://www.amazon.co.jp/dp/B0C2YWNGVV,https://keepa.com/#!product/5-B0C2YWNGVV,https://www.google.com/search?q=amBand%20%E4%BC%9A%E7%A4%BE%E6%A6%82%E8%A6%81%20%E5%95%8F%E3%81%84%E5%90%88%E3%82%8F%E3%81%9B%20%E5%8D%B8,家電＆カメラ,大手/海外疑い,1
ヤマハ(YAMAHA),1,841,3228,2,B013WW90EO,ヤマハ YAMAHA ヘッドホン ホワイト HPH-50WH,https://www.amazon.co.jp/dp/B013WW90EO,https://keepa.com/#!product/5-B013WW90EO,https://www.google.com/search?q=%E3%83%A4%E3%83%9E%E3%83%8F%28YAMAHA%29%20%E4%BC%9A%E7%A4%BE%E6%A6%82%E8%A6%81%20%E5%95%8F%E3%81%84%E5%90%88%E3%82%8F%E3%81%9B%20%E5%8D%B8,家電＆カメラ,中小候補,1
アーテック(artec),1,1222,3288,2,B0DPZRSTG5,アーテック キッズミニピアノ 75535,https://www.amazon.co.jp/dp/B0DPZRSTG5,https://keepa.com/#!product/5-B0DPZRSTG5,https://www.google.com/search?q=%E3%82%A2%E3%83%BC%E3%83%86%E3%83%83%E3%82%AF%28artec%29%20%E4%BC%9A%E7%A4%BE%E6%A6%82%E8%A6%81%20%E5%95%8F%E3%81%84%E5%90%88%E3%82%8F%E3%81%9B%20%E5%8D%B8,おもちゃ,中小候補,0
Kung Long,1,1075,3960,2,B01KQ5BQHE,LONG 12V9Ah 高性能 シールドバッテリー WP1236W WP1236W,https://www.amazon.co.jp/dp/B01KQ5BQHE,https://keepa.com/#!product/5-B01KQ5BQHE,https://www.google.com/search?q=Kung%20Long%20%E4%BC%9A%E7%A4%BE%E6%A6%82%E8%A6%81%20%E5%95%8F%E3%81%84%E5%90%88%E3%82%8F%E3%81%9B%20%E5%8D%B8,車＆バイク,中小候補,1
BGB,1,1441,3569,2,B0DMCM5QCM,BGB 筋膜リリースガン 【実力派トレ一ナ一監修】ハンディガン きんまくリリース電動ガン,https://www.amazon.co.jp/dp/B0DMCM5QCM,https://keepa.com/#!product/5-B0DMCM5QCM,https://www.google.com/search?q=BGB%20%E4%BC%9A%E7%A4%BE%E6%A6%82%E8%A6%81%20%E5%95%8F%E3%81%84%E5%90%88%E3%82%8F%E3%81%9B%20%E5%8D%B8,ホーム＆キッチン,中小候補,1
Mt.SUMI,1,1646,4290,2,B0F2LRKWCL,[ Mt.SUMI (マウントスミ)] パーフェクトグリル マイクロ (レクタ) / bbq 折り畳み コンパクト ポケットサイズ,https://www.amazon.co.jp/dp/B0F2LRKWCL,https://keepa.com/#!product/5-B0F2LRKWCL,https://www.google.com/search?q=Mt.SUMI%20%E4%BC%9A%E7%A4%BE%E6%A6%82%E8%A6%81%20%E5%95%8F%E3%81%84%E5%90%88%E3%82%8F%E3%81%9B%20%E5%8D%B8,スポーツ＆アウトドア,中小候補,0
コロコロ堂,1,1852,4400,2,B0FW5D5SF8,コロコロ堂 ナショナルエコノミー ボードゲーム｜1-4人用 30～45分 12才以上向け｜国産経済ゲームの金字塔。三部作をすべて収録した復刻版,https://www.amazon.co.jp/dp/B0FW5D5SF8,https://keepa.com/#!product/5-B0FW5D5SF8,https://www.google.com/search?q=%E3%82%B3%E3%83%AD%E3%82%B3%E3%83%AD%E5%A0%82%20%E4%BC%9A%E7%A4%BE%E6%A6%82%E8%A6%81%20%E5%95%8F%E3%81%84%E5%90%88%E3%82%8F%E3%81%9B%20%E5%8D%B8,おもちゃ,中小候補,0
英治出版,1,391,4135,2,4862760856,イシューからはじめよ――知的生産の「シンプルな本質」,https://www.amazon.co.jp/dp/4862760856,https://keepa.com/#!product/5-4862760856,https://www.google.com/search?q=%E8%8B%B1%E6%B2%BB%E5%87%BA%E7%89%88%20%E4%BC%9A%E7%A4%BE%E6%A6%82%E8%A6%81%20%E5%95%8F%E3%81%84%E5%90%88%E3%82%8F%E3%81%9B%20%E5%8D%B8,本,中小候補,0
コンフィデンス,1,1109,4230,2,B00C149CE8,コンフィデンス 3kg袋 ラビットフード,https://www.amazon.co.jp/dp/B00C149CE8,https://keepa.com/#!product/5-B00C149CE8,https://www.google.com/search?q=%E3%82%B3%E3%83%B3%E3%83%95%E3%82%A3%E3%83%87%E3%83%B3%E3%82%B9%20%E4%BC%9A%E7%A4%BE%E6%A6%82%E8%A6%81%20%E5%95%8F%E3%81%84%E5%90%88%E3%82%8F%E3%81%9B%20%E5%8D%B8,ペット用品,中小候補,0
AZ(エーゼット),1,473,4150,2,B007QQ0CIG,AZ(エーゼット) 25:1 混合燃料 青 4L 刈払機などの燃料(FG015),https://www.amazon.co.jp/dp/B007QQ0CIG,https://keepa.com/#!product/5-B007QQ0CIG,https://www.google.com/search?q=AZ%28%E3%82%A8%E3%83%BC%E3%82%BC%E3%83%83%E3%83%88%29%20%E4%BC%9A%E7%A4%BE%E6%A6%82%E8%A6%81%20%E5%95%8F%E3%81%84%E5%90%88%E3%82%8F%E3%81%9B%20%E5%8D%B8,DIY・工具・ガーデン,中小候補,0
三菱電機(MITSUBISHI ELECTRIC),1,1676,4280,2,B0186PSHN2,【部品】三菱 冷蔵庫 給水タンク 対応機種：対応機種：MR-A37J-T MR-A37J-W MR-A37M-NW MR-A37M-W MR-A37NF-T MR-A37NF-W ,https://www.amazon.co.jp/dp/B0186PSHN2,https://keepa.com/#!product/5-B0186PSHN2,https://www.google.com/search?q=%E4%B8%89%E8%8F%B1%E9%9B%BB%E6%A9%9F%28MITSUBISHI%20ELECTRIC%29%20%E4%BC%9A%E7%A4%BE%E6%A6%82%E8%A6%81%20%E5%95%8F%E3%81%84%E5%90%88%E3%82%8F%E3%81%9B%20%E5%8D%B8,大型家電,中小候補,1
東レ(TORAY),1,1848,4780,2,B00YJWG7F2,トレビーノ ポット型浄水器 PTシリーズ交換用カートリッジ 東レ PTC.SV2J-Z ホワイト,https://www.amazon.co.jp/dp/B00YJWG7F2,https://keepa.com/#!product/5-B00YJWG7F2,https://www.google.com/search?q=%E6%9D%B1%E3%83%AC%28TORAY%29%20%E4%BC%9A%E7%A4%BE%E6%A6%82%E8%A6%81%20%E5%95%8F%E3%81%84%E5%90%88%E3%82%8F%E3%81%9B%20%E5%8D%B8,ホーム＆キッチン,中小候補,0
マテル(MATTEL),1,512,4680,2,B0B5M2WFV4,マテル ジュラシックワールド(JURASSIC WORLD) スーパーアクション！インドラプトル 【全長：約41cm】【恐竜 おもちゃ】【4才~】【プレゼント】 HKY11,https://www.amazon.co.jp/dp/B0B5M2WFV4,https://keepa.com/#!product/5-B0B5M2WFV4,https://www.google.com/search?q=%E3%83%9E%E3%83%86%E3%83%AB%28MATTEL%29%20%E4%BC%9A%E7%A4%BE%E6%A6%82%E8%A6%81%20%E5%95%8F%E3%81%84%E5%90%88%E3%82%8F%E3%81%9B%20%E5%8D%B8,おもちゃ,中小候補,0
テイクツー・インタラクティブ・ジャパン,1,1864,5080,2,B09XM8BJRZ,【PS5】グランド・セフト・オートV 【CEROレーティング「Z」】,https://www.amazon.co.jp/dp/B09XM8BJRZ,https://keepa.com/#!product/5-B09XM8BJRZ,https://www.google.com/search?q=%E3%83%86%E3%82%A4%E3%82%AF%E3%83%84%E3%83%BC%E3%83%BB%E3%82%A4%E3%83%B3%E3%82%BF%E3%83%A9%E3%82%AF%E3%83%86%E3%82%A3%E3%83%96%E3%83%BB%E3%82%B8%E3%83%A3%E3%83%91%E3%83%B3%20%E4%BC%9A%E7%A4%BE%E6%A6%82%E8%A6%81%20%E5%95%8F%E3%81%84%E5%90%88%E3%82%8F%E3%81%9B%20%E5%8D%B8,ゲーム,中小候補,0
スプラトゥーン3,1,1742,5175,2,B0D2Q1N7CH,スプラトゥーン3 サメライド フロート 浮き輪 プール 水遊び ボート,https://www.amazon.co.jp/dp/B0D2Q1N7CH,https://keepa.com/#!product/5-B0D2Q1N7CH,https://www.google.com/search?q=%E3%82%B9%E3%83%97%E3%83%A9%E3%83%88%E3%82%A5%E3%83%BC%E3%83%B33%20%E4%BC%9A%E7%A4%BE%E6%A6%82%E8%A6%81%20%E5%95%8F%E3%81%84%E5%90%88%E3%82%8F%E3%81%9B%20%E5%8D%B8,おもちゃ,中小候補,0
ユーブロック,1,3501,5742,2,B083CZQ4H3,ユーブロック（U・Vlock） サンソリット,https://www.amazon.co.jp/dp/B083CZQ4H3,https://keepa.com/#!product/5-B083CZQ4H3,https://www.google.com/search?q=%E3%83%A6%E3%83%BC%E3%83%96%E3%83%AD%E3%83%83%E3%82%AF%20%E4%BC%9A%E7%A4%BE%E6%A6%82%E8%A6%81%20%E5%95%8F%E3%81%84%E5%90%88%E3%82%8F%E3%81%9B%20%E5%8D%B8,パソコン・周辺機器,中小候補,1
Hodderscape,1,666,5828,2,1399741195,Red Rising: enter the explosive first book in the globally bestselling dystopian space ope,https://www.amazon.co.jp/dp/1399741195,https://keepa.com/#!product/5-1399741195,https://www.google.com/search?q=Hodderscape%20%E4%BC%9A%E7%A4%BE%E6%A6%82%E8%A6%81%20%E5%95%8F%E3%81%84%E5%90%88%E3%82%8F%E3%81%9B%20%E5%8D%B8,洋書,中小候補,0
E-Kitap Projesi & Cheapest Books,1,3376,6180,2,6257120918,Animal Farm (Essential Orwell Classics),https://www.amazon.co.jp/dp/6257120918,https://keepa.com/#!product/5-6257120918,https://www.google.com/search?q=E-Kitap%20Projesi%20%26%20Cheapest%20Books%20%E4%BC%9A%E7%A4%BE%E6%A6%82%E8%A6%81%20%E5%95%8F%E3%81%84%E5%90%88%E3%82%8F%E3%81%9B%20%E5%8D%B8,洋書,中小候補,0
ピュリナ ワン,1,2816,6742,2,B07H7JSC7P,ピュリナワン キャット 1歳から全ての年齢に グレインフリー 白身魚 1.6kg×3個【まとめ買い】,https://www.amazon.co.jp/dp/B07H7JSC7P,https://keepa.com/#!product/5-B07H7JSC7P,https://www.google.com/search?q=%E3%83%94%E3%83%A5%E3%83%AA%E3%83%8A%20%E3%83%AF%E3%83%B3%20%E4%BC%9A%E7%A4%BE%E6%A6%82%E8%A6%81%20%E5%95%8F%E3%81%84%E5%90%88%E3%82%8F%E3%81%9B%20%E5%8D%B8,ペット用品,中小候補,0
GEMBLO COMPANY,1,929,6900,2,B0G4G5VZMN,TCG 勝利の女神:NIKKE NIVEL ARENA ニベルアリーナ ブースターパック BT02 ザ・キングダム BOX 日本語版,https://www.amazon.co.jp/dp/B0G4G5VZMN,https://keepa.com/#!product/5-B0G4G5VZMN,https://www.google.com/search?q=GEMBLO%20COMPANY%20%E4%BC%9A%E7%A4%BE%E6%A6%82%E8%A6%81%20%E5%95%8F%E3%81%84%E5%90%88%E3%82%8F%E3%81%9B%20%E5%8D%B8,おもちゃ,中小候補,0
カモ井加工紙,1,3461,7405,2,B08V4SFL59,虫取り上手 強力粘着捕虫シート 黄色 20枚入×6個,https://www.amazon.co.jp/dp/B08V4SFL59,https://keepa.com/#!product/5-B08V4SFL59,https://www.google.com/search?q=%E3%82%AB%E3%83%A2%E4%BA%95%E5%8A%A0%E5%B7%A5%E7%B4%99%20%E4%BC%9A%E7%A4%BE%E6%A6%82%E8%A6%81%20%E5%95%8F%E3%81%84%E5%90%88%E3%82%8F%E3%81%9B%20%E5%8D%B8,DIY・工具・ガーデン,中小候補,0
SAVOX,1,4161,7480,2,B09Y1TTY71,SAVOX SC-1251MG PLUS 高速・コアレス デジタルサーボ,https://www.amazon.co.jp/dp/B09Y1TTY71,https://keepa.com/#!product/5-B09Y1TTY71,https://www.google.com/search?q=SAVOX%20%E4%BC%9A%E7%A4%BE%E6%A6%82%E8%A6%81%20%E5%95%8F%E3%81%84%E5%90%88%E3%82%8F%E3%81%9B%20%E5%8D%B8,おもちゃ,中小候補,0
メグロ化学工業,1,2499,7770,2,B00LP4QCBG,メグロ化学工業 MEGUMIX メグミックスブラック 速乾 50ml 6０秒作業時間 完全乾燥時間60分 万能成形接着剤 3本セット 120281-3,https://www.amazon.co.jp/dp/B00LP4QCBG,https://keepa.com/#!product/5-B00LP4QCBG,https://www.google.com/search?q=%E3%83%A1%E3%82%B0%E3%83%AD%E5%8C%96%E5%AD%A6%E5%B7%A5%E6%A5%AD%20%E4%BC%9A%E7%A4%BE%E6%A6%82%E8%A6%81%20%E5%95%8F%E3%81%84%E5%90%88%E3%82%8F%E3%81%9B%20%E5%8D%B8,産業・研究開発用品,中小候補,0
MINTGAMES,1,1937,7500,2,B0FXWKPK2P,TCG「勝利の女神:NIKKE」NIVEL ARENA ブースターパック BT01 エンカウンター(日本語版・正規輸入)プロモパック１パック付き,https://www.amazon.co.jp/dp/B0FXWKPK2P,https://keepa.com/#!product/5-B0FXWKPK2P,https://www.google.com/search?q=MINTGAMES%20%E4%BC%9A%E7%A4%BE%E6%A6%82%E8%A6%81%20%E5%95%8F%E3%81%84%E5%90%88%E3%82%8F%E3%81%9B%20%E5%8D%B8,おもちゃ,中小候補,0
Abrams Books,1,3331,7864,2,1419756516,The Art of Star Wars: The Mandalorian (Season Two): The Official Behind-the-Scenes Compani,https://www.amazon.co.jp/dp/1419756516,https://keepa.com/#!product/5-1419756516,https://www.google.com/search?q=Abrams%20Books%20%E4%BC%9A%E7%A4%BE%E6%A6%82%E8%A6%81%20%E5%95%8F%E3%81%84%E5%90%88%E3%82%8F%E3%81%9B%20%E5%8D%B8,洋書,中小候補,0
Vitantonio (ビタントニオ),1,3551,8130,2,B0CG42YR5D,[ ビタントニオ 公式 ] ワッフル＆ホットサンドベーカー VWH-600-K（ ホットサンドメーカー 電気 ワッフル メーカー ブラック),https://www.amazon.co.jp/dp/B0CG42YR5D,https://keepa.com/#!product/5-B0CG42YR5D,https://www.google.com/search?q=Vitantonio%20%28%E3%83%93%E3%82%BF%E3%83%B3%E3%83%88%E3%83%8B%E3%82%AA%29%20%E4%BC%9A%E7%A4%BE%E6%A6%82%E8%A6%81%20%E5%95%8F%E3%81%84%E5%90%88%E3%82%8F%E3%81%9B%20%E5%8D%B8,ホーム＆キッチン,中小候補,1
ウエスタンデジタル(Western Digital),1,5137,8624,2,B008MGX6U0,WESTERN DIGITAL 3.5インチ内蔵HDD 1TB SATA6.0Gb/s 7200rpm 64MB WD10EZEX,https://www.amazon.co.jp/dp/B008MGX6U0,https://keepa.com/#!product/5-B008MGX6U0,https://www.google.com/search?q=%E3%82%A6%E3%82%A8%E3%82%B9%E3%82%BF%E3%83%B3%E3%83%87%E3%82%B8%E3%82%BF%E3%83%AB%28Western%20Digital%29%20%E4%BC%9A%E7%A4%BE%E6%A6%82%E8%A6%81%20%E5%95%8F%E3%81%84%E5%90%88%E3%82%8F%E3%81%9B%20%E5%8D%B8,パソコン・周辺機器,中小候補,1
NEC,1,3651,8190,2,B07X1NX5NJ,NECプラットフォームズ Aterm Wi-Fi モバイルルーター tri band MP02LN SW メタリックシルバー PA-MP02LN-SW,https://www.amazon.co.jp/dp/B07X1NX5NJ,https://keepa.com/#!product/5-B07X1NX5NJ,https://www.google.com/search?q=NEC%20%E4%BC%9A%E7%A4%BE%E6%A6%82%E8%A6%81%20%E5%95%8F%E3%81%84%E5%90%88%E3%82%8F%E3%81%9B%20%E5%8D%B8,パソコン・周辺機器,中小候補,1
新日本法規出版,1,4075,8210,2,4788294141,建築消防advice 2025,https://www.amazon.co.jp/dp/4788294141,https://keepa.com/#!product/5-4788294141,https://www.google.com/search?q=%E6%96%B0%E6%97%A5%E6%9C%AC%E6%B3%95%E8%A6%8F%E5%87%BA%E7%89%88%20%E4%BC%9A%E7%A4%BE%E6%A6%82%E8%A6%81%20%E5%95%8F%E3%81%84%E5%90%88%E3%82%8F%E3%81%9B%20%E5%8D%B8,本,中小候補,0
récolte,1,4690,9900,2,B0FRD5RQ53,［日本正規品］recolte コードレスカプセルカッターボンヌ フードプロセッサー コードレス 電動 1台8役 氷も砕ける みじん切り モカブラウン RCP-7(BR),https://www.amazon.co.jp/dp/B0FRD5RQ53,https://keepa.com/#!product/5-B0FRD5RQ53,https://www.google.com/search?q=r%C3%A9colte%20%E4%BC%9A%E7%A4%BE%E6%A6%82%E8%A6%81%20%E5%95%8F%E3%81%84%E5%90%88%E3%82%8F%E3%81%9B%20%E5%8D%B8,ホーム＆キッチン,中小候補,1
DXアンテナ,1,6303,9700,2,B0GBTXNGSZ,DXアンテナ ブースター用電源装置(DC15V) PSH30S (PSH25S 後継品),https://www.amazon.co.jp/dp/B0GBTXNGSZ,https://keepa.com/#!product/5-B0GBTXNGSZ,https://www.google.com/search?q=DX%E3%82%A2%E3%83%B3%E3%83%86%E3%83%8A%20%E4%BC%9A%E7%A4%BE%E6%A6%82%E8%A6%81%20%E5%95%8F%E3%81%84%E5%90%88%E3%82%8F%E3%81%9B%20%E5%8D%B8,家電＆カメラ,中小候補,1
JLab,1,3565,8899,2,B0D3D61DXJ,JLab JBuddies Gen 2 折りたたみ式キッズ有線ヘッドフォン、ノイズアイソレーション、音量制限、対象年齢2歳以上、ピンク/グレー,https://www.amazon.co.jp/dp/B0D3D61DXJ,https://keepa.com/#!product/5-B0D3D61DXJ,https://www.google.com/search?q=JLab%20%E4%BC%9A%E7%A4%BE%E6%A6%82%E8%A6%81%20%E5%95%8F%E3%81%84%E5%90%88%E3%82%8F%E3%81%9B%20%E5%8D%B8,家電＆カメラ,中小候補,1
フシマン,1,4720,9600,2,B00WFUY1W6,プロフェッショナルA/Cリークストップ エアコンガス漏れ止め剤 サービス缶タイプ R-134a専用,https://www.amazon.co.jp/dp/B00WFUY1W6,https://keepa.com/#!product/5-B00WFUY1W6,https://www.google.com/search?q=%E3%83%95%E3%82%B7%E3%83%9E%E3%83%B3%20%E4%BC%9A%E7%A4%BE%E6%A6%82%E8%A6%81%20%E5%95%8F%E3%81%84%E5%90%88%E3%82%8F%E3%81%9B%20%E5%8D%B8,車＆バイク,中小候補,0
メディックメディア,1,2645,10450,2,4896329570,レビューブック　管理栄養士　2026,https://www.amazon.co.jp/dp/4896329570,https://keepa.com/#!product/5-4896329570,https://www.google.com/search?q=%E3%83%A1%E3%83%87%E3%82%A3%E3%83%83%E3%82%AF%E3%83%A1%E3%83%87%E3%82%A3%E3%82%A2%20%E4%BC%9A%E7%A4%BE%E6%A6%82%E8%A6%81%20%E5%95%8F%E3%81%84%E5%90%88%E3%82%8F%E3%81%9B%20%E5%8D%B8,本,中小候補,0
Doubleday,1,5043,10407,2,0385676514,"Thinking, Fast and Slow",https://www.amazon.co.jp/dp/0385676514,https://keepa.com/#!product/5-0385676514,https://www.google.com/search?q=Doubleday%20%E4%BC%9A%E7%A4%BE%E6%A6%82%E8%A6%81%20%E5%95%8F%E3%81%84%E5%90%88%E3%82%8F%E3%81%9B%20%E5%8D%B8,洋書,中小候補,0
第一ビニール,1,6485,11500,2,B076M5T7CQ,DAIM 土と芝の根 どめどめシート 15cm 3m巻 12セット 花壇 土留め 根止め ガーデンエッジ,https://www.amazon.co.jp/dp/B076M5T7CQ,https://keepa.com/#!product/5-B076M5T7CQ,https://www.google.com/search?q=%E7%AC%AC%E4%B8%80%E3%83%93%E3%83%8B%E3%83%BC%E3%83%AB%20%E4%BC%9A%E7%A4%BE%E6%A6%82%E8%A6%81%20%E5%95%8F%E3%81%84%E5%90%88%E3%82%8F%E3%81%9B%20%E5%8D%B8,DIY・工具・ガーデン,中小候補,0
Taishita,1,5036,11800,2,B00GMSO4OC,"SUPER SUMMER LIVE 2013 “灼熱のマンピー!! G★スポット解禁!!"" 胸熱完全版【完全生産限定盤】 [DVD]",https://www.amazon.co.jp/dp/B00GMSO4OC,https://keepa.com/#!product/5-B00GMSO4OC,https://www.google.com/search?q=Taishita%20%E4%BC%9A%E7%A4%BE%E6%A6%82%E8%A6%81%20%E5%95%8F%E3%81%84%E5%90%88%E3%82%8F%E3%81%9B%20%E5%8D%B8,DVD,中小候補,0
Yale University Press,1,6719,12292,2,0300234198,The Great Delusion: Liberal Dreams and International Realities (Henry L. Stimson Lectures),https://www.amazon.co.jp/dp/0300234198,https://keepa.com/#!product/5-0300234198,https://www.google.com/search?q=Yale%20University%20Press%20%E4%BC%9A%E7%A4%BE%E6%A6%82%E8%A6%81%20%E5%95%8F%E3%81%84%E5%90%88%E3%82%8F%E3%81%9B%20%E5%8D%B8,洋書,中小候補,0
株式会社ストームレーベルズ,1,1803,12799,2,B0FYM2TFZK,Ryosuke Yamada LIVE TOUR 2025 RED (初回生産限定盤) (Blu-ray) - Ryosuke Yamada,https://www.amazon.co.jp/dp/B0FYM2TFZK,https://keepa.com/#!product/5-B0FYM2TFZK,https://www.google.com/search?q=%E6%A0%AA%E5%BC%8F%E4%BC%9A%E7%A4%BE%E3%82%B9%E3%83%88%E3%83%BC%E3%83%A0%E3%83%AC%E3%83%BC%E3%83%99%E3%83%AB%E3%82%BA%20%E4%BC%9A%E7%A4%BE%E6%A6%82%E8%A6%81%20%E5%95%8F%E3%81%84%E5%90%88%E3%82%8F%E3%81%9B%20%E5%8D%B8,DVD,中小候補,0
Bolinda/Audible Audio,1,3819,12630,2,186755609X,Project Hail Mary,https://www.amazon.co.jp/dp/186755609X,https://keepa.com/#!product/5-186755609X,https://www.google.com/search?q=Bolinda/Audible%20Audio%20%E4%BC%9A%E7%A4%BE%E6%A6%82%E8%A6%81%20%E5%95%8F%E3%81%84%E5%90%88%E3%82%8F%E3%81%9B%20%E5%8D%B8,洋書,中小候補,0
Teenage Engineering,1,7802,13090,2,B079CDC882,Teenage Engineering PO-33 ko ポケットシンセサイザー ポータブル 音楽制作,https://www.amazon.co.jp/dp/B079CDC882,https://keepa.com/#!product/5-B079CDC882,https://www.google.com/search?q=Teenage%20Engineering%20%E4%BC%9A%E7%A4%BE%E6%A6%82%E8%A6%81%20%E5%95%8F%E3%81%84%E5%90%88%E3%82%8F%E3%81%9B%20%E5%8D%B8,楽器・音響機器,中小候補,0
AMOVO,1,6171,13258,2,B00AWDXB0Q,The Lord of the Rings: The Fellowship of the Ring (Extended Edition) [Blu-ray],https://www.amazon.co.jp/dp/B00AWDXB0Q,https://keepa.com/#!product/5-B00AWDXB0Q,https://www.google.com/search?q=AMOVO%20%E4%BC%9A%E7%A4%BE%E6%A6%82%E8%A6%81%20%E5%95%8F%E3%81%84%E5%90%88%E3%82%8F%E3%81%9B%20%E5%8D%B8,DVD,中小候補,0
Hi-Spec,1,1264,14884,2,B07VPHN7MB,Hi-Spec HSS チタンコーティング ドリルビットセット 1～10mm DIY用,https://www.amazon.co.jp/dp/B07VPHN7MB,https://keepa.com/#!product/5-B07VPHN7MB,https://www.google.com/search?q=Hi-Spec%20%E4%BC%9A%E7%A4%BE%E6%A6%82%E8%A6%81%20%E5%95%8F%E3%81%84%E5%90%88%E3%82%8F%E3%81%9B%20%E5%8D%B8,DIY・工具・ガーデン,中小候補,0
ポケモン(Pokemon),1,5108,14500,2,B0FYD2QQ8C,ぽこ あ ポケモン -Switch2 【Amazon.co.jpオリジナル特典】メタモン型木製トレー(サイズ約直径16cm) 同梱 & デジタル特典 家具「ひらべったいうえ木」 配,https://www.amazon.co.jp/dp/B0FYD2QQ8C,https://keepa.com/#!product/5-B0FYD2QQ8C,https://www.google.com/search?q=%E3%83%9D%E3%82%B1%E3%83%A2%E3%83%B3%28Pokemon%29%20%E4%BC%9A%E7%A4%BE%E6%A6%82%E8%A6%81%20%E5%95%8F%E3%81%84%E5%90%88%E3%82%8F%E3%81%9B%20%E5%8D%B8,ゲーム,中小候補,0
arboleaf,1,7449,14016,2,B0CJBT9XGK,"Arboleaf Scale for Body Weight, Smart Weight Scale with BMI, Body Fat, Muscle Mass, Digita",https://www.amazon.co.jp/dp/B0CJBT9XGK,https://keepa.com/#!product/5-B0CJBT9XGK,https://www.google.com/search?q=arboleaf%20%E4%BC%9A%E7%A4%BE%E6%A6%82%E8%A6%81%20%E5%95%8F%E3%81%84%E5%90%88%E3%82%8F%E3%81%9B%20%E5%8D%B8,ホーム＆キッチン,中小候補,1
Seefox,1,8864,14752,2,B08SBLQGKJ,Jaws (Limited Edition Steelbook) [4K Ultra HD + Blu-ray + Digital HD],https://www.amazon.co.jp/dp/B08SBLQGKJ,https://keepa.com/#!product/5-B08SBLQGKJ,https://www.google.com/search?q=Seefox%20%E4%BC%9A%E7%A4%BE%E6%A6%82%E8%A6%81%20%E5%95%8F%E3%81%84%E5%90%88%E3%82%8F%E3%81%9B%20%E5%8D%B8,DVD,中小候補,0
Lemorele,1,5814,14052,2,B0BXNJWMBK,"Lemorele HDMI to USB C Adapter, USB C HDMI Adapter with 4K@30Hz Video for Nreal Air, Rokid",https://www.amazon.co.jp/dp/B0BXNJWMBK,https://keepa.com/#!product/5-B0BXNJWMBK,https://www.google.com/search?q=Lemorele%20%E4%BC%9A%E7%A4%BE%E6%A6%82%E8%A6%81%20%E5%95%8F%E3%81%84%E5%90%88%E3%82%8F%E3%81%9B%20%E5%8D%B8,パソコン・周辺機器,中小候補,1
エーペックス(Apex),1,8646,15400,2,B0DJ8FQDP6,ブルーアーカイブ イロハ 1/7スケール PVC&ABS製 塗装済み完成品フィギュア,https://www.amazon.co.jp/dp/B0DJ8FQDP6,https://keepa.com/#!product/5-B0DJ8FQDP6,https://www.google.com/search?q=%E3%82%A8%E3%83%BC%E3%83%9A%E3%83%83%E3%82%AF%E3%82%B9%28Apex%29%20%E4%BC%9A%E7%A4%BE%E6%A6%82%E8%A6%81%20%E5%95%8F%E3%81%84%E5%90%88%E3%82%8F%E3%81%9B%20%E5%8D%B8,ホビー,中小候補,0
LEWITT,1,8830,15789,2,B071NXWTX9,LEWITT LCT 240 PRO BLACK コンデンサーマイク 配信 ストリーマー ポッドキャスト DTM レコーディング【国内正規品】,https://www.amazon.co.jp/dp/B071NXWTX9,https://keepa.com/#!product/5-B071NXWTX9,https://www.google.com/search?q=LEWITT%20%E4%BC%9A%E7%A4%BE%E6%A6%82%E8%A6%81%20%E5%95%8F%E3%81%84%E5%90%88%E3%82%8F%E3%81%9B%20%E5%8D%B8,楽器・音響機器,中小候補,0
MIHAMA,1,8778,15200,2,B01HEDG6UI,MIHAMA R32 3.7kg 新冷媒 ﾌﾛﾝｶﾞｽ NRC容器入り,https://www.amazon.co.jp/dp/B01HEDG6UI,https://keepa.com/#!product/5-B01HEDG6UI,https://www.google.com/search?q=MIHAMA%20%E4%BC%9A%E7%A4%BE%E6%A6%82%E8%A6%81%20%E5%95%8F%E3%81%84%E5%90%88%E3%82%8F%E3%81%9B%20%E5%8D%B8,ホーム＆キッチン,中小候補,1
株式会社マーベラス,1,9394,16000,2,B0GMQPWZMN,【Amazon.co.jp限定】「キミとアイドルプリキュア♪感謝祭」（＜アクリルブロック＞付版）（アクリルキーホルダー 付） [Blu-ray],https://www.amazon.co.jp/dp/B0GMQPWZMN,https://keepa.com/#!product/5-B0GMQPWZMN,https://www.google.com/search?q=%E6%A0%AA%E5%BC%8F%E4%BC%9A%E7%A4%BE%E3%83%9E%E3%83%BC%E3%83%99%E3%83%A9%E3%82%B9%20%E4%BC%9A%E7%A4%BE%E6%A6%82%E8%A6%81%20%E5%95%8F%E3%81%84%E5%90%88%E3%82%8F%E3%81%9B%20%E5%8D%B8,DVD,中小候補,0
Barnes & Noble,1,7225,15652,2,1435158105,Complete Sherlock Holmes (Barnes & (Barnes & Noble Leatherbound Classic Collection),https://www.amazon.co.jp/dp/1435158105,https://keepa.com/#!product/5-1435158105,https://www.google.com/search?q=Barnes%20%26%20Noble%20%E4%BC%9A%E7%A4%BE%E6%A6%82%E8%A6%81%20%E5%95%8F%E3%81%84%E5%90%88%E3%82%8F%E3%81%9B%20%E5%8D%B8,洋書,中小候補,0
Wantek,1,3843,17401,2,B07CYNCHN5,3.5mm PCヘッドセットマイク付きそして通話コントロール、携帯電話ヘッドホン用コンピュータSkypeビジネスソフトフォンコールセンターオフィス、クリスタルクリアチャット、ウルト,https://www.amazon.co.jp/dp/B07CYNCHN5,https://keepa.com/#!product/5-B07CYNCHN5,https://www.google.com/search?q=Wantek%20%E4%BC%9A%E7%A4%BE%E6%A6%82%E8%A6%81%20%E5%95%8F%E3%81%84%E5%90%88%E3%82%8F%E3%81%9B%20%E5%8D%B8,パソコン・周辺機器,中小候補,1
LEONINE,1,5128,17276,2,B0BZSRJSHX,Ghost in the Shell 2 - Innocence UHD BD (Limited Edition) [Blu-ray],https://www.amazon.co.jp/dp/B0BZSRJSHX,https://keepa.com/#!product/5-B0BZSRJSHX,https://www.google.com/search?q=LEONINE%20%E4%BC%9A%E7%A4%BE%E6%A6%82%E8%A6%81%20%E5%95%8F%E3%81%84%E5%90%88%E3%82%8F%E3%81%9B%20%E5%8D%B8,DVD,中小候補,0
テスコム,1,5639,17800,2,B0DNJGZ64V,テスコム ペット用バリカン グルーミング掃除機 6in1 多機能ペット掃除機 犬 猫 掃除機 換毛期対策 ホワイト PET-TK01WH,https://www.amazon.co.jp/dp/B0DNJGZ64V,https://keepa.com/#!product/5-B0DNJGZ64V,https://www.google.com/search?q=%E3%83%86%E3%82%B9%E3%82%B3%E3%83%A0%20%E4%BC%9A%E7%A4%BE%E6%A6%82%E8%A6%81%20%E5%95%8F%E3%81%84%E5%90%88%E3%82%8F%E3%81%9B%20%E5%8D%B8,ペット用品,中小候補,0
Funimation,1,5318,17124,2,B00ENNO1E6,Wolf Children [DVD] [Import],https://www.amazon.co.jp/dp/B00ENNO1E6,https://keepa.com/#!product/5-B00ENNO1E6,https://www.google.com/search?q=Funimation%20%E4%BC%9A%E7%A4%BE%E6%A6%82%E8%A6%81%20%E5%95%8F%E3%81%84%E5%90%88%E3%82%8F%E3%81%9B%20%E5%8D%B8,DVD,中小候補,0
Simon & Schuster,1,4239,17944,2,1797145282,Fairy Tale,https://www.amazon.co.jp/dp/1797145282,https://keepa.com/#!product/5-1797145282,https://www.google.com/search?q=Simon%20%26%20Schuster%20%E4%BC%9A%E7%A4%BE%E6%A6%82%E8%A6%81%20%E5%95%8F%E3%81%84%E5%90%88%E3%82%8F%E3%81%9B%20%E5%8D%B8,洋書,中小候補,0
Seesii,1,8992,17637,2,B0CNYQBJZR,SEESII 電動チェーンソー 充電式 電動剪定ばさみ 手持ち 庭木 剪定 伐採 ミニチェーンソー コードレス 給油システム 在庫切れ (16インチ),https://www.amazon.co.jp/dp/B0CNYQBJZR,https://keepa.com/#!product/5-B0CNYQBJZR,https://www.google.com/search?q=Seesii%20%E4%BC%9A%E7%A4%BE%E6%A6%82%E8%A6%81%20%E5%95%8F%E3%81%84%E5%90%88%E3%82%8F%E3%81%9B%20%E5%8D%B8,DIY・工具・ガーデン,中小候補,0
21Technology,1,10493,17820,2,B00I4IWED6,21Technology 折りたたみママチャリ (26インチ) 自転車 シティサイクル ママチャリ 折畳 6段ギヤ付き 街乗り 通勤 通学 MC266（パールホワイト）,https://www.amazon.co.jp/dp/B00I4IWED6,https://keepa.com/#!product/5-B00I4IWED6,https://www.google.com/search?q=21Technology%20%E4%BC%9A%E7%A4%BE%E6%A6%82%E8%A6%81%20%E5%95%8F%E3%81%84%E5%90%88%E3%82%8F%E3%81%9B%20%E5%8D%B8,スポーツ＆アウトドア,中小候補,0
anoutway,1,4988,18169,2,B0CZ8CN81G,anoutway 自転車 空気入れ 150PSI 電動ポンプ 携帯ポンプ 小型 電動空気入れ 全バルブ対応(米式仏式英—式）AT1,https://www.amazon.co.jp/dp/B0CZ8CN81G,https://keepa.com/#!product/5-B0CZ8CN81G,https://www.google.com/search?q=anoutway%20%E4%BC%9A%E7%A4%BE%E6%A6%82%E8%A6%81%20%E5%95%8F%E3%81%84%E5%90%88%E3%82%8F%E3%81%9B%20%E5%8D%B8,スポーツ＆アウトドア,中小候補,0
ATLANTIC RECORDS,1,8784,18229,2,B00OYIMXZY,IV: Deluxe Edition (2CD+T-Shirt) (size: XL),https://www.amazon.co.jp/dp/B00OYIMXZY,https://keepa.com/#!product/5-B00OYIMXZY,https://www.google.com/search?q=ATLANTIC%20RECORDS%20%E4%BC%9A%E7%A4%BE%E6%A6%82%E8%A6%81%20%E5%95%8F%E3%81%84%E5%90%88%E3%82%8F%E3%81%9B%20%E5%8D%B8,ミュージック,中小候補,0
Eonon,1,6898,18980,2,B0CH7XW7MY,EONON ヘッドレストモニター 後席モニター 10.1インチ DVD内蔵モニター L0327J,https://www.amazon.co.jp/dp/B0CH7XW7MY,https://keepa.com/#!product/5-B0CH7XW7MY,https://www.google.com/search?q=Eonon%20%E4%BC%9A%E7%A4%BE%E6%A6%82%E8%A6%81%20%E5%95%8F%E3%81%84%E5%90%88%E3%82%8F%E3%81%9B%20%E5%8D%B8,車＆バイク,中小候補,0
Xvive,1,10942,18975,2,B0822485S7,XVIVE エックスバイブ U4R インイヤーモニター ワイヤレスシステム(レシーバーのみ) XV-U4R,https://www.amazon.co.jp/dp/B0822485S7,https://keepa.com/#!product/5-B0822485S7,https://www.google.com/search?q=Xvive%20%E4%BC%9A%E7%A4%BE%E6%A6%82%E8%A6%81%20%E5%95%8F%E3%81%84%E5%90%88%E3%82%8F%E3%81%9B%20%E5%8D%B8,楽器・音響機器,中小候補,0
リンナイ(Rinnai),1,386,1990,2,B009XN0SAM,リンナイ 小型湯沸器専用部品 【標準】カバー付出湯管(長さ：350mm) 【型番：RU-0210】,https://www.amazon.co.jp/dp/B009XN0SAM,https://keepa.com/#!product/5-B009XN0SAM,https://www.google.com/search?q=%E3%83%AA%E3%83%B3%E3%83%8A%E3%82%A4%28Rinnai%29%20%E4%BC%9A%E7%A4%BE%E6%A6%82%E8%A6%81%20%E5%95%8F%E3%81%84%E5%90%88%E3%82%8F%E3%81%9B%20%E5%8D%B8,DIY・工具・ガーデン,中小候補,0
JPjoy,1,484,1980,2,B0F6M1869C,言いカエル 【発想力とユーモアが試される！】友達や家族で盛り上がる言葉遊びカードゲーム コミュニケーション力アップ・2〜6人プレイ,https://www.amazon.co.jp/dp/B0F6M1869C,https://keepa.com/#!product/5-B0F6M1869C,https://www.google.com/search?q=JPjoy%20%E4%BC%9A%E7%A4%BE%E6%A6%82%E8%A6%81%20%E5%95%8F%E3%81%84%E5%90%88%E3%82%8F%E3%81%9B%20%E5%8D%B8,おもちゃ,中小候補,0
小川耕太郎∞百合子社,1,640,1900,2,B0058FZGKG,シックハウス対策に天然成分100％ワックス『未晒し蜜ロウワックス』/Aタイプ　100ml,https://www.amazon.co.jp/dp/B0058FZGKG,https://keepa.com/#!product/5-B0058FZGKG,https://www.google.com/search?q=%E5%B0%8F%E5%B7%9D%E8%80%95%E5%A4%AA%E9%83%8E%E2%88%9E%E7%99%BE%E5%90%88%E5%AD%90%E7%A4%BE%20%E4%BC%9A%E7%A4%BE%E6%A6%82%E8%A6%81%20%E5%95%8F%E3%81%84%E5%90%88%E3%82%8F%E3%81%9B%20%E5%8D%B8,DIY・工具・ガーデン,中小候補,0
ダイヤモンド社,1,449,1998,2,4478121141,いちばんわかりやすい確定申告の書き方　令和7年3月17日締切分,https://www.amazon.co.jp/dp/4478121141,https://keepa.com/#!product/5-4478121141,https://www.google.com/search?q=%E3%83%80%E3%82%A4%E3%83%A4%E3%83%A2%E3%83%B3%E3%83%89%E7%A4%BE%20%E4%BC%9A%E7%A4%BE%E6%A6%82%E8%A6%81%20%E5%95%8F%E3%81%84%E5%90%88%E3%82%8F%E3%81%9B%20%E5%8D%B8,本,中小候補,0
城東テクノ,1,16,1617,2,B004Y21AC2,JOTO 丸マス蓋（枠なし） 樹脂製 耐圧２トン 250型 JT2-250SFW（雨水・穴なし） 城東,https://www.amazon.co.jp/dp/B004Y21AC2,https://keepa.com/#!product/5-B004Y21AC2,https://www.google.com/search?q=%E5%9F%8E%E6%9D%B1%E3%83%86%E3%82%AF%E3%83%8E%20%E4%BC%9A%E7%A4%BE%E6%A6%82%E8%A6%81%20%E5%95%8F%E3%81%84%E5%90%88%E3%82%8F%E3%81%9B%20%E5%8D%B8,DIY・工具・ガーデン,中小候補,0
シャープ(SHARP),1,856,2048,2,B076Z7JRF9,SHARP HDD/BDレコーダー用 冷却ファン 004 277 0032,https://www.amazon.co.jp/dp/B076Z7JRF9,https://keepa.com/#!product/5-B076Z7JRF9,https://www.google.com/search?q=%E3%82%B7%E3%83%A3%E3%83%BC%E3%83%97%28SHARP%29%20%E4%BC%9A%E7%A4%BE%E6%A6%82%E8%A6%81%20%E5%95%8F%E3%81%84%E5%90%88%E3%82%8F%E3%81%9B%20%E5%8D%B8,パソコン・周辺機器,大手/海外疑い,1
Faber & Faber,1,728,2280,2,0571224148,Never Let Me Go,https://www.amazon.co.jp/dp/0571224148,https://keepa.com/#!product/5-0571224148,https://www.google.com/search?q=Faber%20%26%20Faber%20%E4%BC%9A%E7%A4%BE%E6%A6%82%E8%A6%81%20%E5%95%8F%E3%81%84%E5%90%88%E3%82%8F%E3%81%9B%20%E5%8D%B8,洋書,中小候補,0
pa-man,1,598,2200,2,B0B23Z1FQ1,pa-man ゴリラテープ シルバー 48×0.43mm 11m 強力防水(水中OK) 屋内外 耐熱・超耐久 マルチ用途 補修,https://www.amazon.co.jp/dp/B0B23Z1FQ1,https://keepa.com/#!product/5-B0B23Z1FQ1,https://www.google.com/search?q=pa-man%20%E4%BC%9A%E7%A4%BE%E6%A6%82%E8%A6%81%20%E5%95%8F%E3%81%84%E5%90%88%E3%82%8F%E3%81%9B%20%E5%8D%B8,産業・研究開発用品,中小候補,0
ソフトーク,1,568,2580,2,B084WNCM42,ユニ・チャーム ソフトーク 超立体マスク ふつう 100枚 2箱セット,https://www.amazon.co.jp/dp/B084WNCM42,https://keepa.com/#!product/5-B084WNCM42,https://www.google.com/search?q=%E3%82%BD%E3%83%95%E3%83%88%E3%83%BC%E3%82%AF%20%E4%BC%9A%E7%A4%BE%E6%A6%82%E8%A6%81%20%E5%95%8F%E3%81%84%E5%90%88%E3%82%8F%E3%81%9B%20%E5%8D%B8,産業・研究開発用品,中小候補,0
Greneo,1,881,2780,2,B0F4QZS2D6,Greneo ネックピロー【業界独創の収納フック】首枕 飛行機 快適グッズ 低反発フォーム 人間工学が360°包み込む［夏も冬もOK！肌が呼吸するひんやり素材］トラベルピロー コン,https://www.amazon.co.jp/dp/B0F4QZS2D6,https://keepa.com/#!product/5-B0F4QZS2D6,https://www.google.com/search?q=Greneo%20%E4%BC%9A%E7%A4%BE%E6%A6%82%E8%A6%81%20%E5%95%8F%E3%81%84%E5%90%88%E3%82%8F%E3%81%9B%20%E5%8D%B8,ホーム＆キッチン,中小候補,0
RAILROAD SOCK(レイルロードソック),1,556,2768,2,B00HYVR8IA,(レイルロードソック)RAILROAD SOCK クルーソックス 6足セット (ホワイト),https://www.amazon.co.jp/dp/B00HYVR8IA,https://keepa.com/#!product/5-B00HYVR8IA,https://www.google.com/search?q=RAILROAD%20SOCK%28%E3%83%AC%E3%82%A4%E3%83%AB%E3%83%AD%E3%83%BC%E3%83%89%E3%82%BD%E3%83%83%E3%82%AF%29%20%E4%BC%9A%E7%A4%BE%E6%A6%82%E8%A6%81%20%E5%95%8F%E3%81%84%E5%90%88%E3%82%8F%E3%81%9B%20%E5%8D%B8,ファッション,中小候補,0
CoolDove,1,1162,3116,2,B0FJ2DQNZ4,"【日本向け仕様】エアダスター 電動ブロワー 150m/s超強風 & 300,000RPM – 無段階＆4段階風量調整 USB-C充電式 コードレス – 4種ノズル＋LED＋収納袋付",https://www.amazon.co.jp/dp/B0FJ2DQNZ4,https://keepa.com/#!product/5-B0FJ2DQNZ4,https://www.google.com/search?q=CoolDove%20%E4%BC%9A%E7%A4%BE%E6%A6%82%E8%A6%81%20%E5%95%8F%E3%81%84%E5%90%88%E3%82%8F%E3%81%9B%20%E5%8D%B8,DIY・工具・ガーデン,中小候補,0
Smith & Nephew,1,928,3200,2,B0BYN28GBH,スミス・アンド・ネフュー ウンド マネジメント メロリン 10×10cm 10枚入 66974933 3個セット,https://www.amazon.co.jp/dp/B0BYN28GBH,https://keepa.com/#!product/5-B0BYN28GBH,https://www.google.com/search?q=Smith%20%26%20Nephew%20%E4%BC%9A%E7%A4%BE%E6%A6%82%E8%A6%81%20%E5%95%8F%E3%81%84%E5%90%88%E3%82%8F%E3%81%9B%20%E5%8D%B8,産業・研究開発用品,中小候補,0
技術評論社,1,328,3230,2,4297145340,令和07年 イメージ＆クレバー方式でよくわかる かやのき先生の基本情報技術者教室,https://www.amazon.co.jp/dp/4297145340,https://keepa.com/#!product/5-4297145340,https://www.google.com/search?q=%E6%8A%80%E8%A1%93%E8%A9%95%E8%AB%96%E7%A4%BE%20%E4%BC%9A%E7%A4%BE%E6%A6%82%E8%A6%81%20%E5%95%8F%E3%81%84%E5%90%88%E3%82%8F%E3%81%9B%20%E5%8D%B8,本,中小候補,0
野田琺瑯(Nodahoro),1,500,3520,2,B003VIVZTS,野田琺瑯(Nodahoro) 保存容器 ホーロー 耐熱 持ち手付きストッカー 角型 レクタングル Lサイズ 密閉蓋付 ホワイトシリーズ 日本製 MSM-12K,https://www.amazon.co.jp/dp/B003VIVZTS,https://keepa.com/#!product/5-B003VIVZTS,https://www.google.com/search?q=%E9%87%8E%E7%94%B0%E7%90%BA%E7%91%AF%28Nodahoro%29%20%E4%BC%9A%E7%A4%BE%E6%A6%82%E8%A6%81%20%E5%95%8F%E3%81%84%E5%90%88%E3%82%8F%E3%81%9B%20%E5%8D%B8,ホーム＆キッチン,中小候補,0
naef,1,1837,4280,2,B0028JR72A,ネフ社　リングリィリング（naef Ringli-ring）,https://www.amazon.co.jp/dp/B0028JR72A,https://keepa.com/#!product/5-B0028JR72A,https://www.google.com/search?q=naef%20%E4%BC%9A%E7%A4%BE%E6%A6%82%E8%A6%81%20%E5%95%8F%E3%81%84%E5%90%88%E3%82%8F%E3%81%9B%20%E5%8D%B8,ベビー＆マタニティ,中小候補,0
アース渦巻香,1,1856,4580,2,B08WQ84CJN,アース 渦巻香 アロマセレクション 蚊取り線香 蚊 駆除 約12時間効果が持続 ジャンボ 60巻 函入,https://www.amazon.co.jp/dp/B08WQ84CJN,https://keepa.com/#!product/5-B08WQ84CJN,https://www.google.com/search?q=%E3%82%A2%E3%83%BC%E3%82%B9%E6%B8%A6%E5%B7%BB%E9%A6%99%20%E4%BC%9A%E7%A4%BE%E6%A6%82%E8%A6%81%20%E5%95%8F%E3%81%84%E5%90%88%E3%82%8F%E3%81%9B%20%E5%8D%B8,スポーツ＆アウトドア,中小候補,0
KÄRCHER,1,1100,4177,2,B01MT53F7N,【純正品】ケルヒャー(Karcher)スプラッシュガード 2.642-706.0,https://www.amazon.co.jp/dp/B01MT53F7N,https://keepa.com/#!product/5-B01MT53F7N,https://www.google.com/search?q=K%C3%84RCHER%20%E4%BC%9A%E7%A4%BE%E6%A6%82%E8%A6%81%20%E5%95%8F%E3%81%84%E5%90%88%E3%82%8F%E3%81%9B%20%E5%8D%B8,DIY・工具・ガーデン,中小候補,0
いいずな書店,1,263,4456,2,486460780X,英文法・語法　Vintage 4th Edition,https://www.amazon.co.jp/dp/486460780X,https://keepa.com/#!product/5-486460780X,https://www.google.com/search?q=%E3%81%84%E3%81%84%E3%81%9A%E3%81%AA%E6%9B%B8%E5%BA%97%20%E4%BC%9A%E7%A4%BE%E6%A6%82%E8%A6%81%20%E5%95%8F%E3%81%84%E5%90%88%E3%82%8F%E3%81%9B%20%E5%8D%B8,本,中小候補,0
King Records,1,1917,4380,2,B00007KKUI,パピヨン-製作30周年記念特別版- [DVD],https://www.amazon.co.jp/dp/B00007KKUI,https://keepa.com/#!product/5-B00007KKUI,https://www.google.com/search?q=King%20Records%20%E4%BC%9A%E7%A4%BE%E6%A6%82%E8%A6%81%20%E5%95%8F%E3%81%84%E5%90%88%E3%82%8F%E3%81%9B%20%E5%8D%B8,DVD,中小候補,0
Earth Plus,1,2321,4790,2,B0DP8BP7MX,【純正品 2個セット】 キヤノン インクカートリッジ BC-345/BC-346 (ブラック/3色カラー) 2個セット,https://www.amazon.co.jp/dp/B0DP8BP7MX,https://keepa.com/#!product/5-B0DP8BP7MX,https://www.google.com/search?q=Earth%20Plus%20%E4%BC%9A%E7%A4%BE%E6%A6%82%E8%A6%81%20%E5%95%8F%E3%81%84%E5%90%88%E3%82%8F%E3%81%9B%20%E5%8D%B8,パソコン・周辺機器,中小候補,1
デビフ,1,836,4980,2,B08HK633DG,（まとめ買い）デビフペット スナックボーイ レバーカット 45g 【×24】,https://www.amazon.co.jp/dp/B08HK633DG,https://keepa.com/#!product/5-B08HK633DG,https://www.google.com/search?q=%E3%83%87%E3%83%93%E3%83%95%20%E4%BC%9A%E7%A4%BE%E6%A6%82%E8%A6%81%20%E5%95%8F%E3%81%84%E5%90%88%E3%82%8F%E3%81%9B%20%E5%8D%B8,ペット用品,中小候補,0
シモジマ(SHIMOJIMA),1,1231,4900,2,B0CFRJGVT1,【10個セット】 シモジマ ヘイコー 食品袋 PP 食パン袋 1斤用 L Eタイプ 100枚入り ×10束 006721412 透明 厚0.025×幅125 / 全体幅250×高3,https://www.amazon.co.jp/dp/B0CFRJGVT1,https://keepa.com/#!product/5-B0CFRJGVT1,https://www.google.com/search?q=%E3%82%B7%E3%83%A2%E3%82%B8%E3%83%9E%28SHIMOJIMA%29%20%E4%BC%9A%E7%A4%BE%E6%A6%82%E8%A6%81%20%E5%95%8F%E3%81%84%E5%90%88%E3%82%8F%E3%81%9B%20%E5%8D%B8,ホーム＆キッチン,中小候補,0
辻希美プロデュース,1,2262,5051,2,B0CC8KLLZT,辻希美 プロデュース 骨盤ベルト 正規販売店 腰用 骨盤ケア 骨盤補正固定バンド カーブベルトプロテクト (L-LL),https://www.amazon.co.jp/dp/B0CC8KLLZT,https://keepa.com/#!product/5-B0CC8KLLZT,https://www.google.com/search?q=%E8%BE%BB%E5%B8%8C%E7%BE%8E%E3%83%97%E3%83%AD%E3%83%87%E3%83%A5%E3%83%BC%E3%82%B9%20%E4%BC%9A%E7%A4%BE%E6%A6%82%E8%A6%81%20%E5%95%8F%E3%81%84%E5%90%88%E3%82%8F%E3%81%9B%20%E5%8D%B8,ベビー＆マタニティ,中小候補,0
イースター,1,1882,5379,2,B0030IK0IQ,イースター フェレットセレクション シニア 3.5Kg,https://www.amazon.co.jp/dp/B0030IK0IQ,https://keepa.com/#!product/5-B0030IK0IQ,https://www.google.com/search?q=%E3%82%A4%E3%83%BC%E3%82%B9%E3%82%BF%E3%83%BC%20%E4%BC%9A%E7%A4%BE%E6%A6%82%E8%A6%81%20%E5%95%8F%E3%81%84%E5%90%88%E3%82%8F%E3%81%9B%20%E5%8D%B8,ペット用品,中小候補,0
ドレミ楽譜出版社,1,930,5343,2,4285154196,WEST. 10th Anniversary Piano Selection ／ WESCORE VOL.1（オフィシャル・スコア） (OFFICIAL SCORE),https://www.amazon.co.jp/dp/4285154196,https://keepa.com/#!product/5-4285154196,https://www.google.com/search?q=%E3%83%89%E3%83%AC%E3%83%9F%E6%A5%BD%E8%AD%9C%E5%87%BA%E7%89%88%E7%A4%BE%20%E4%BC%9A%E7%A4%BE%E6%A6%82%E8%A6%81%20%E5%95%8F%E3%81%84%E5%90%88%E3%82%8F%E3%81%9B%20%E5%8D%B8,本,中小候補,0
Deltran,1,2294,5049,2,B0FBWJX2JY,バッテリーテンダー800（リチウムバッテリー対応） ハーレー対応 Deltran Battery Tender フロート充電機能でフル充電を維持【12V用】,https://www.amazon.co.jp/dp/B0FBWJX2JY,https://keepa.com/#!product/5-B0FBWJX2JY,https://www.google.com/search?q=Deltran%20%E4%BC%9A%E7%A4%BE%E6%A6%82%E8%A6%81%20%E5%95%8F%E3%81%84%E5%90%88%E3%82%8F%E3%81%9B%20%E5%8D%B8,車＆バイク,中小候補,1
NSW,1,1331,5200,2,B07RNK496B,釣りスピリッツ Nintendo Switchバージョン -Switch,https://www.amazon.co.jp/dp/B07RNK496B,https://keepa.com/#!product/5-B07RNK496B,https://www.google.com/search?q=NSW%20%E4%BC%9A%E7%A4%BE%E6%A6%82%E8%A6%81%20%E5%95%8F%E3%81%84%E5%90%88%E3%82%8F%E3%81%9B%20%E5%8D%B8,ゲーム,大手/海外疑い,0
日経BP,1,1358,5009,2,4296207946,2025-26年版 技術士第二次試験 建設部門 最新キーワード100,https://www.amazon.co.jp/dp/4296207946,https://keepa.com/#!product/5-4296207946,https://www.google.com/search?q=%E6%97%A5%E7%B5%8CBP%20%E4%BC%9A%E7%A4%BE%E6%A6%82%E8%A6%81%20%E5%95%8F%E3%81%84%E5%90%88%E3%82%8F%E3%81%9B%20%E5%8D%B8,本,中小候補,0
Kitty Media,1,2592,5180,2,B0CQ34NV29,ホームスウィートオルギー Home Sweet Orgy ブルーレイ Blu-ray 全3話収録、日本語音声・英語字幕付き,https://www.amazon.co.jp/dp/B0CQ34NV29,https://keepa.com/#!product/5-B0CQ34NV29,https://www.google.com/search?q=Kitty%20Media%20%E4%BC%9A%E7%A4%BE%E6%A6%82%E8%A6%81%20%E5%95%8F%E3%81%84%E5%90%88%E3%82%8F%E3%81%9B%20%E5%8D%B8,DVD,中小候補,0
Magrathea Publishing,1,181,5588,2,1544514212,The Almanack of Naval Ravikant: A Guide to Wealth and Happiness,https://www.amazon.co.jp/dp/1544514212,https://keepa.com/#!product/5-1544514212,https://www.google.com/search?q=Magrathea%20Publishing%20%E4%BC%9A%E7%A4%BE%E6%A6%82%E8%A6%81%20%E5%95%8F%E3%81%84%E5%90%88%E3%82%8F%E3%81%9B%20%E5%8D%B8,洋書,中小候補,0
ピープル,1,2464,5336,2,B0843ZP3SS,ピタゴラスBASIC 知育いっぱい! どうぶつえん [1歳半] から 25個 遊べる つくれる ひらめきが育つ,https://www.amazon.co.jp/dp/B0843ZP3SS,https://keepa.com/#!product/5-B0843ZP3SS,https://www.google.com/search?q=%E3%83%94%E3%83%BC%E3%83%97%E3%83%AB%20%E4%BC%9A%E7%A4%BE%E6%A6%82%E8%A6%81%20%E5%95%8F%E3%81%84%E5%90%88%E3%82%8F%E3%81%9B%20%E5%8D%B8,おもちゃ,中小候補,0
Sweet Cherry Publishing,1,2805,5284,2,1802633898,Animal Farm (The Complete George Orwell Collection),https://www.amazon.co.jp/dp/1802633898,https://keepa.com/#!product/5-1802633898,https://www.google.com/search?q=Sweet%20Cherry%20Publishing%20%E4%BC%9A%E7%A4%BE%E6%A6%82%E8%A6%81%20%E5%95%8F%E3%81%84%E5%90%88%E3%82%8F%E3%81%9B%20%E5%8D%B8,洋書,中小候補,0
Arrow Video,1,2635,6310,2,B08R61N3MX,4K UHD,https://www.amazon.co.jp/dp/B08R61N3MX,https://keepa.com/#!product/5-B08R61N3MX,https://www.google.com/search?q=Arrow%20Video%20%E4%BC%9A%E7%A4%BE%E6%A6%82%E8%A6%81%20%E5%95%8F%E3%81%84%E5%90%88%E3%82%8F%E3%81%9B%20%E5%8D%B8,ホーム＆キッチン,中小候補,0
P&S Detailing Products,1,2815,6350,2,B07RTZBGWX,P&S ブレーキバスター ホイールクリーナー 3.79L Brake Buster Total Wheel Cleaner N2601 洗車 ディテイリング カーケア コーティング,https://www.amazon.co.jp/dp/B07RTZBGWX,https://keepa.com/#!product/5-B07RTZBGWX,https://www.google.com/search?q=P%26S%20Detailing%20Products%20%E4%BC%9A%E7%A4%BE%E6%A6%82%E8%A6%81%20%E5%95%8F%E3%81%84%E5%90%88%E3%82%8F%E3%81%9B%20%E5%8D%B8,車＆バイク,中小候補,0
昭文社,1,1281,6858,2,4398658505,ツーリングマップル R関東甲信越 2025,https://www.amazon.co.jp/dp/4398658505,https://keepa.com/#!product/5-4398658505,https://www.google.com/search?q=%E6%98%AD%E6%96%87%E7%A4%BE%20%E4%BC%9A%E7%A4%BE%E6%A6%82%E8%A6%81%20%E5%95%8F%E3%81%84%E5%90%88%E3%82%8F%E3%81%9B%20%E5%8D%B8,本,中小候補,0
スズキ機工(Suzuki Kikoh),1,2487,6509,2,B08K8Q8CJ6,スズキ機工 ベルハンマーセブン 330ml 2本セット[エンジンオイル添加剤/自動車],https://www.amazon.co.jp/dp/B08K8Q8CJ6,https://keepa.com/#!product/5-B08K8Q8CJ6,https://www.google.com/search?q=%E3%82%B9%E3%82%BA%E3%82%AD%E6%A9%9F%E5%B7%A5%28Suzuki%20Kikoh%29%20%E4%BC%9A%E7%A4%BE%E6%A6%82%E8%A6%81%20%E5%95%8F%E3%81%84%E5%90%88%E3%82%8F%E3%81%9B%20%E5%8D%B8,車＆バイク,中小候補,0
日経BP 日本経済新聞出版本部,1,1600,7229,2,4532310237,巨象も踊る,https://www.amazon.co.jp/dp/4532310237,https://keepa.com/#!product/5-4532310237,https://www.google.com/search?q=%E6%97%A5%E7%B5%8CBP%20%E6%97%A5%E6%9C%AC%E7%B5%8C%E6%B8%88%E6%96%B0%E8%81%9E%E5%87%BA%E7%89%88%E6%9C%AC%E9%83%A8%20%E4%BC%9A%E7%A4%BE%E6%A6%82%E8%A6%81%20%E5%95%8F%E3%81%84%E5%90%88%E3%82%8F%E3%81%9B%20%E5%8D%B8,本,中小候補,0
コミネ(KOMINE),1,2740,7420,2,B0FDKB6GJH,コミネ(KOMINE) ペルチェ素子ウェアラブル ブレインクーラー Black Free 00-923 KK-923 熱中症対策 冷却グッズ 暑さ対策 ネッククーラー,https://www.amazon.co.jp/dp/B0FDKB6GJH,https://keepa.com/#!product/5-B0FDKB6GJH,https://www.google.com/search?q=%E3%82%B3%E3%83%9F%E3%83%8D%28KOMINE%29%20%E4%BC%9A%E7%A4%BE%E6%A6%82%E8%A6%81%20%E5%95%8F%E3%81%84%E5%90%88%E3%82%8F%E3%81%9B%20%E5%8D%B8,産業・研究開発用品,中小候補,0
Public Publishing,1,2765,7614,2,1800601174,Alice's Adventures In Wonderland,https://www.amazon.co.jp/dp/1800601174,https://keepa.com/#!product/5-1800601174,https://www.google.com/search?q=Public%20Publishing%20%E4%BC%9A%E7%A4%BE%E6%A6%82%E8%A6%81%20%E5%95%8F%E3%81%84%E5%90%88%E3%82%8F%E3%81%9B%20%E5%8D%B8,洋書,中小候補,0
ジャニーズ・エンタテイメント,1,1851,7722,2,B00198QZ7Y,We are Φn' 39!! and U? KinKi Kids Live in DOME 07-08(初回生産限定盤) [DVD],https://www.amazon.co.jp/dp/B00198QZ7Y,https://keepa.com/#!product/5-B00198QZ7Y,https://www.google.com/search?q=%E3%82%B8%E3%83%A3%E3%83%8B%E3%83%BC%E3%82%BA%E3%83%BB%E3%82%A8%E3%83%B3%E3%82%BF%E3%83%86%E3%82%A4%E3%83%A1%E3%83%B3%E3%83%88%20%E4%BC%9A%E7%A4%BE%E6%A6%82%E8%A6%81%20%E5%95%8F%E3%81%84%E5%90%88%E3%82%8F%E3%81%9B%20%E5%8D%B8,DVD,中小候補,0
SAMSUNG,1,5021,7880,2,B08LR1KDQC,Samsung 8GB DDR4 2666MHz DIMM PC4-21300 288ピン 1Rx8 1.2v UDIMM デスクトップメモリアップグレード M378A1K43CB,https://www.amazon.co.jp/dp/B08LR1KDQC,https://keepa.com/#!product/5-B08LR1KDQC,https://www.google.com/search?q=SAMSUNG%20%E4%BC%9A%E7%A4%BE%E6%A6%82%E8%A6%81%20%E5%95%8F%E3%81%84%E5%90%88%E3%82%8F%E3%81%9B%20%E5%8D%B8,パソコン・周辺機器,中小候補,1
美和ロック(Miwalock),1,4101,7790,2,B086GZCJTF,ミワロック MIWA (美和) 取替引戸錠 PSSL09-1LS ディンプルキー5本付 引き違い ブロンズ色(CB),https://www.amazon.co.jp/dp/B086GZCJTF,https://keepa.com/#!product/5-B086GZCJTF,https://www.google.com/search?q=%E7%BE%8E%E5%92%8C%E3%83%AD%E3%83%83%E3%82%AF%28Miwalock%29%20%E4%BC%9A%E7%A4%BE%E6%A6%82%E8%A6%81%20%E5%95%8F%E3%81%84%E5%90%88%E3%82%8F%E3%81%9B%20%E5%8D%B8,DIY・工具・ガーデン,中小候補,0
Kurilon,1,2272,7780,2,B07N37S6BV,BOS おむつが臭わない袋 大人用 Lサイズ 90枚入 5箱セット,https://www.amazon.co.jp/dp/B07N37S6BV,https://keepa.com/#!product/5-B07N37S6BV,https://www.google.com/search?q=Kurilon%20%E4%BC%9A%E7%A4%BE%E6%A6%82%E8%A6%81%20%E5%95%8F%E3%81%84%E5%90%88%E3%82%8F%E3%81%9B%20%E5%8D%B8,ベビー＆マタニティ,中小候補,0
Baby Shusher,1,2262,7899,2,B00D2JN87I,[ Baby Shusher / ベビーシュシャー ] 寝かしつけ ホワイトノイズマシン 新生児 〜,https://www.amazon.co.jp/dp/B00D2JN87I,https://keepa.com/#!product/5-B00D2JN87I,https://www.google.com/search?q=Baby%20Shusher%20%E4%BC%9A%E7%A4%BE%E6%A6%82%E8%A6%81%20%E5%95%8F%E3%81%84%E5%90%88%E3%82%8F%E3%81%9B%20%E5%8D%B8,ベビー＆マタニティ,中小候補,0
EveryDrop by Whirlpool,1,4938,7780,2,B00UXG4WR8,EveryDrop by Whirlpool 冷蔵庫用ウォーターフィルター1（1個入りパック）,https://www.amazon.co.jp/dp/B00UXG4WR8,https://keepa.com/#!product/5-B00UXG4WR8,https://www.google.com/search?q=EveryDrop%20by%20Whirlpool%20%E4%BC%9A%E7%A4%BE%E6%A6%82%E8%A6%81%20%E5%95%8F%E3%81%84%E5%90%88%E3%82%8F%E3%81%9B%20%E5%8D%B8,大型家電,中小候補,1
Workman Publishing,1,1870,8591,2,1523531290,Cat Page-A-Day® Gallery Calendar 2026: A Delightful Gallery of Cats for Your Desktop,https://www.amazon.co.jp/dp/1523531290,https://keepa.com/#!product/5-1523531290,https://www.google.com/search?q=Workman%20Publishing%20%E4%BC%9A%E7%A4%BE%E6%A6%82%E8%A6%81%20%E5%95%8F%E3%81%84%E5%90%88%E3%82%8F%E3%81%9B%20%E5%8D%B8,洋書,中小候補,0
Authors Equity,1,2549,8350,2,B0F9VM4V5N,The Almanack of Naval Ravikant: A Guide to Wealth and Happiness,https://www.amazon.co.jp/dp/B0F9VM4V5N,https://keepa.com/#!product/5-B0F9VM4V5N,https://www.google.com/search?q=Authors%20Equity%20%E4%BC%9A%E7%A4%BE%E6%A6%82%E8%A6%81%20%E5%95%8F%E3%81%84%E5%90%88%E3%82%8F%E3%81%9B%20%E5%8D%B8,洋書,中小候補,0
StarTech.com(スターテック),1,3428,9291,2,B0FPNVQ4Z3,StarTech USB-A／USB-C HDMI 変換アダプター 4K+1080p M1〜M5 Mac・Win 107B-USB-HDMI-2,https://www.amazon.co.jp/dp/B0FPNVQ4Z3,https://keepa.com/#!product/5-B0FPNVQ4Z3,https://www.google.com/search?q=StarTech.com%28%E3%82%B9%E3%82%BF%E3%83%BC%E3%83%86%E3%83%83%E3%82%AF%29%20%E4%BC%9A%E7%A4%BE%E6%A6%82%E8%A6%81%20%E5%95%8F%E3%81%84%E5%90%88%E3%82%8F%E3%81%9B%20%E5%8D%B8,パソコン・周辺機器,中小候補,1
HiGrace,1,6030,9698,2,B0FPLLDL76,タブレット - HiGrace 10インチ Android16 Wi-Fiモデル 1280*800 IPS画面 RGBライト搭載 24GB+32GB+1TB拡張 6000mAhバッ,https://www.amazon.co.jp/dp/B0FPLLDL76,https://keepa.com/#!product/5-B0FPLLDL76,https://www.google.com/search?q=HiGrace%20%E4%BC%9A%E7%A4%BE%E6%A6%82%E8%A6%81%20%E5%95%8F%E3%81%84%E5%90%88%E3%82%8F%E3%81%9B%20%E5%8D%B8,パソコン・周辺機器,中小候補,1
ACKDZU,1,6217,10800,2,B07QX2YYZW,Marvel's Avengers: Infinity War (Blu-ray 3D + Blu-ray),https://www.amazon.co.jp/dp/B07QX2YYZW,https://keepa.com/#!product/5-B07QX2YYZW,https://www.google.com/search?q=ACKDZU%20%E4%BC%9A%E7%A4%BE%E6%A6%82%E8%A6%81%20%E5%95%8F%E3%81%84%E5%90%88%E3%82%8F%E3%81%9B%20%E5%8D%B8,DVD,中小候補,0
Perfection Learning,1,5610,10577,2,0756958482,The Curious Incident of the Dog in the Night-Time (Vintage Contemporaries),https://www.amazon.co.jp/dp/0756958482,https://keepa.com/#!product/5-0756958482,https://www.google.com/search?q=Perfection%20Learning%20%E4%BC%9A%E7%A4%BE%E6%A6%82%E8%A6%81%20%E5%95%8F%E3%81%84%E5%90%88%E3%82%8F%E3%81%9B%20%E5%8D%B8,洋書,中小候補,0
Revive Classics,1,5273,10309,2,1998621855,Nineteen Eighty-Four (Collector's Edition) (Laminated Hardback with Jacket),https://www.amazon.co.jp/dp/1998621855,https://keepa.com/#!product/5-1998621855,https://www.google.com/search?q=Revive%20Classics%20%E4%BC%9A%E7%A4%BE%E6%A6%82%E8%A6%81%20%E5%95%8F%E3%81%84%E5%90%88%E3%82%8F%E3%81%9B%20%E5%8D%B8,洋書,中小候補,0
新書館,1,5432,10000,2,4403690106,ギヴン10th mix アニメDVDつき限定版 (ディアプラス・コミックス),https://www.amazon.co.jp/dp/4403690106,https://keepa.com/#!product/5-4403690106,https://www.google.com/search?q=%E6%96%B0%E6%9B%B8%E9%A4%A8%20%E4%BC%9A%E7%A4%BE%E6%A6%82%E8%A6%81%20%E5%95%8F%E3%81%84%E5%90%88%E3%82%8F%E3%81%9B%20%E5%8D%B8,本,中小候補,0
WSS Playground,1,2419,11000,2,B0DG2Z4MQX,アケアカNEOGEO セレクション Vol.1 -Switch,https://www.amazon.co.jp/dp/B0DG2Z4MQX,https://keepa.com/#!product/5-B0DG2Z4MQX,https://www.google.com/search?q=WSS%20Playground%20%E4%BC%9A%E7%A4%BE%E6%A6%82%E8%A6%81%20%E5%95%8F%E3%81%84%E5%90%88%E3%82%8F%E3%81%9B%20%E5%8D%B8,ゲーム,中小候補,0
Leatherwood Bespoke Rosin 社,1,5627,11108,2,B07PYS9V3C,Leatherwood Bespoke Rosin レザーウッド ベスポーク松脂　violin Crisp（ヴァイオリン　クリスプ ）,https://www.amazon.co.jp/dp/B07PYS9V3C,https://keepa.com/#!product/5-B07PYS9V3C,https://www.google.com/search?q=Leatherwood%20Bespoke%20Rosin%20%E7%A4%BE%20%E4%BC%9A%E7%A4%BE%E6%A6%82%E8%A6%81%20%E5%95%8F%E3%81%84%E5%90%88%E3%82%8F%E3%81%9B%20%E5%8D%B8,楽器・音響機器,中小候補,0
SMM ITAKU (MUSIC),1,7364,12800,2,B09ZD2VR6H,今、何処 (デラックス・エディション) (初回生産限定盤),https://www.amazon.co.jp/dp/B09ZD2VR6H,https://keepa.com/#!product/5-B09ZD2VR6H,https://www.google.com/search?q=SMM%20ITAKU%20%28MUSIC%29%20%E4%BC%9A%E7%A4%BE%E6%A6%82%E8%A6%81%20%E5%95%8F%E3%81%84%E5%90%88%E3%82%8F%E3%81%9B%20%E5%8D%B8,ミュージック,中小候補,0
MITSUBA(ミツバサンコーワ),1,1686,12600,2,B003BMBM7O,MITSUBA(ミツバサンコーワ) アルファー II コンパクト ホーン クラクション 車 バイク 中音域 小型軽量 保安基準適合品 日本製 HOS-04G,https://www.amazon.co.jp/dp/B003BMBM7O,https://keepa.com/#!product/5-B003BMBM7O,https://www.google.com/search?q=MITSUBA%28%E3%83%9F%E3%83%84%E3%83%90%E3%82%B5%E3%83%B3%E3%82%B3%E3%83%BC%E3%83%AF%29%20%E4%BC%9A%E7%A4%BE%E6%A6%82%E8%A6%81%20%E5%95%8F%E3%81%84%E5%90%88%E3%82%8F%E3%81%9B%20%E5%8D%B8,車＆バイク,中小候補,0
日本一ソフトウェア,1,2056,12000,2,B07BH7ZT4X,イースVIII -Lacrimosa of DANA- - Switch,https://www.amazon.co.jp/dp/B07BH7ZT4X,https://keepa.com/#!product/5-B07BH7ZT4X,https://www.google.com/search?q=%E6%97%A5%E6%9C%AC%E4%B8%80%E3%82%BD%E3%83%95%E3%83%88%E3%82%A6%E3%82%A7%E3%82%A2%20%E4%BC%9A%E7%A4%BE%E6%A6%82%E8%A6%81%20%E5%95%8F%E3%81%84%E5%90%88%E3%82%8F%E3%81%9B%20%E5%8D%B8,ゲーム,中小候補,0
Rough Trade,1,7112,13372,2,B0000CNXNB,Room on Fire [Analog],https://www.amazon.co.jp/dp/B0000CNXNB,https://keepa.com/#!product/5-B0000CNXNB,https://www.google.com/search?q=Rough%20Trade%20%E4%BC%9A%E7%A4%BE%E6%A6%82%E8%A6%81%20%E5%95%8F%E3%81%84%E5%90%88%E3%82%8F%E3%81%9B%20%E5%8D%B8,ミュージック,中小候補,0
中央経済社,1,4916,13662,2,4502350419,公認内部監査人資格認定試験対応 内部監査基本テキスト〈第4版〉,https://www.amazon.co.jp/dp/4502350419,https://keepa.com/#!product/5-4502350419,https://www.google.com/search?q=%E4%B8%AD%E5%A4%AE%E7%B5%8C%E6%B8%88%E7%A4%BE%20%E4%BC%9A%E7%A4%BE%E6%A6%82%E8%A6%81%20%E5%95%8F%E3%81%84%E5%90%88%E3%82%8F%E3%81%9B%20%E5%8D%B8,本,中小候補,0
TABWEE,1,7917,13999,2,B0FT7R8PRW,【タブレット Android16 AI強化版】TABWEE T80 アンドロイド タブレット 10インチ、12GB+128GB+2TB拡張,https://www.amazon.co.jp/dp/B0FT7R8PRW,https://keepa.com/#!product/5-B0FT7R8PRW,https://www.google.com/search?q=TABWEE%20%E4%BC%9A%E7%A4%BE%E6%A6%82%E8%A6%81%20%E5%95%8F%E3%81%84%E5%90%88%E3%82%8F%E3%81%9B%20%E5%8D%B8,パソコン・周辺機器,中小候補,1
KORG(コルグ),1,5492,14680,2,B07XH591BH,KORG(コルグ) Nu:Tekt NTS-1 digital kit はんだ付けなしで組み立て可能 DIY シンセキット USBバスパワー ソフトウェアライセンス込み,https://www.amazon.co.jp/dp/B07XH591BH,https://keepa.com/#!product/5-B07XH591BH,https://www.google.com/search?q=KORG%28%E3%82%B3%E3%83%AB%E3%82%B0%29%20%E4%BC%9A%E7%A4%BE%E6%A6%82%E8%A6%81%20%E5%95%8F%E3%81%84%E5%90%88%E3%82%8F%E3%81%9B%20%E5%8D%B8,楽器・音響機器,中小候補,0
Scuf,1,7962,14499,2,B0CMN2ST9T,SCUF ENVISION PC用 有線コントローラー Black スカフ エンビジョン [並行輸入品],https://www.amazon.co.jp/dp/B0CMN2ST9T,https://keepa.com/#!product/5-B0CMN2ST9T,https://www.google.com/search?q=Scuf%20%E4%BC%9A%E7%A4%BE%E6%A6%82%E8%A6%81%20%E5%95%8F%E3%81%84%E5%90%88%E3%82%8F%E3%81%9B%20%E5%8D%B8,ゲーム,中小候補,0
ARZOPA,1,6410,14880,2,B0CH9XW8RK,ARZOPA 15.6インチ モバイルモニター ポータブルディスプレイ 非光沢IPS液晶パネル 1920x1080FHD 持ち運び 薄型 軽量 USB C/mini HDMI/スピ,https://www.amazon.co.jp/dp/B0CH9XW8RK,https://keepa.com/#!product/5-B0CH9XW8RK,https://www.google.com/search?q=ARZOPA%20%E4%BC%9A%E7%A4%BE%E6%A6%82%E8%A6%81%20%E5%95%8F%E3%81%84%E5%90%88%E3%82%8F%E3%81%9B%20%E5%8D%B8,パソコン・周辺機器,中小候補,1
EDISONmama(エジソンママ),1,6637,14041,2,B0DDPVYTL6,EDISONmama(エジソンママ) ディズニー Disney プレイマット ミッキーマウス もちもち 低反発 ベビーマット ベビー 赤ちゃん 子ども 防音マット 防水 床暖房対応,https://www.amazon.co.jp/dp/B0DDPVYTL6,https://keepa.com/#!product/5-B0DDPVYTL6,https://www.google.com/search?q=EDISONmama%28%E3%82%A8%E3%82%B8%E3%82%BD%E3%83%B3%E3%83%9E%E3%83%9E%29%20%E4%BC%9A%E7%A4%BE%E6%A6%82%E8%A6%81%20%E5%95%8F%E3%81%84%E5%90%88%E3%82%8F%E3%81%9B%20%E5%8D%B8,ベビー＆マタニティ,中小候補,0
phiten(ファイテン),1,2874,14030,2,B0072NR6K0,【柔道家 角田夏実氏 愛用商品】ファイテン(phiten) パワーテープX30 500マーク 肩 首 腰 膝 ふともも ふくらはぎ こめかみ 貼る ケア リラックス サポート ボデ,https://www.amazon.co.jp/dp/B0072NR6K0,https://keepa.com/#!product/5-B0072NR6K0,https://www.google.com/search?q=phiten%28%E3%83%95%E3%82%A1%E3%82%A4%E3%83%86%E3%83%B3%29%20%E4%BC%9A%E7%A4%BE%E6%A6%82%E8%A6%81%20%E5%95%8F%E3%81%84%E5%90%88%E3%82%8F%E3%81%9B%20%E5%8D%B8,スポーツ＆アウトドア,中小候補,0
Ergobaby(エルゴベビー),1,5441,15800,2,B0BDZFNV8T,Ergobaby エルゴベビー EBC AWAY グラファイトグレー CREGBCAWYGRAPH,https://www.amazon.co.jp/dp/B0BDZFNV8T,https://keepa.com/#!product/5-B0BDZFNV8T,https://www.google.com/search?q=Ergobaby%28%E3%82%A8%E3%83%AB%E3%82%B4%E3%83%99%E3%83%93%E3%83%BC%29%20%E4%BC%9A%E7%A4%BE%E6%A6%82%E8%A6%81%20%E5%95%8F%E3%81%84%E5%90%88%E3%82%8F%E3%81%9B%20%E5%8D%B8,ベビー＆マタニティ,中小候補,0
Wipuku,1,3540,15434,2,B00AQ69VE4,PROFESSIONAL (1994),https://www.amazon.co.jp/dp/B00AQ69VE4,https://keepa.com/#!product/5-B00AQ69VE4,https://www.google.com/search?q=Wipuku%20%E4%BC%9A%E7%A4%BE%E6%A6%82%E8%A6%81%20%E5%95%8F%E3%81%84%E5%90%88%E3%82%8F%E3%81%9B%20%E5%8D%B8,DVD,中小候補,0
Import,1,8806,15727,2,B0000DJYQQ,Let It Bleed,https://www.amazon.co.jp/dp/B0000DJYQQ,https://keepa.com/#!product/5-B0000DJYQQ,https://www.google.com/search?q=Import%20%E4%BC%9A%E7%A4%BE%E6%A6%82%E8%A6%81%20%E5%95%8F%E3%81%84%E5%90%88%E3%82%8F%E3%81%9B%20%E5%8D%B8,ミュージック,中小候補,0
METRO GOLDWYN MAYER,1,8375,15494,2,B00BQLEGIO,"Great Escape, The [Blu-ray]",https://www.amazon.co.jp/dp/B00BQLEGIO,https://keepa.com/#!product/5-B00BQLEGIO,https://www.google.com/search?q=METRO%20GOLDWYN%20MAYER%20%E4%BC%9A%E7%A4%BE%E6%A6%82%E8%A6%81%20%E5%95%8F%E3%81%84%E5%90%88%E3%82%8F%E3%81%9B%20%E5%8D%B8,DVD,中小候補,0
株式会社 山本人形,1,245,1730,3,B08K44HVLY,スーパーボール カラフルうんちNP24mm アソート100個入,https://www.amazon.co.jp/dp/B08K44HVLY,https://keepa.com/#!product/5-B08K44HVLY,https://www.google.com/search?q=%E6%A0%AA%E5%BC%8F%E4%BC%9A%E7%A4%BE%20%E5%B1%B1%E6%9C%AC%E4%BA%BA%E5%BD%A2%20%E4%BC%9A%E7%A4%BE%E6%A6%82%E8%A6%81%20%E5%95%8F%E3%81%84%E5%90%88%E3%82%8F%E3%81%9B%20%E5%8D%B8,おもちゃ,中小候補,0
WARNER RECORDS,1,9088,17998,3,B000GW8OX2,STADIUM ARCADIUM [Analog],https://www.amazon.co.jp/dp/B000GW8OX2,https://keepa.com/#!product/5-B000GW8OX2,https://www.google.com/search?q=WARNER%20RECORDS%20%E4%BC%9A%E7%A4%BE%E6%A6%82%E8%A6%81%20%E5%95%8F%E3%81%84%E5%90%88%E3%82%8F%E3%81%9B%20%E5%8D%B8,ミュージック,中小候補,0
La Tromba,1,597,1990,3,B00KLVX4OW,LA TROMBA AG / T2 バルブオイル ラ トロンバ,https://www.amazon.co.jp/dp/B00KLVX4OW,https://keepa.com/#!product/5-B00KLVX4OW,https://www.google.com/search?q=La%20Tromba%20%E4%BC%9A%E7%A4%BE%E6%A6%82%E8%A6%81%20%E5%95%8F%E3%81%84%E5%90%88%E3%82%8F%E3%81%9B%20%E5%8D%B8,楽器・音響機器,中小候補,0
"Farrar, Straus and Giroux",1,2810,7056,3,0374332657,Holes (Newberry Medal Book),https://www.amazon.co.jp/dp/0374332657,https://keepa.com/#!product/5-0374332657,https://www.google.com/search?q=Farrar%2C%20Straus%20and%20Giroux%20%E4%BC%9A%E7%A4%BE%E6%A6%82%E8%A6%81%20%E5%95%8F%E3%81%84%E5%90%88%E3%82%8F%E3%81%9B%20%E5%8D%B8,洋書,中小候補,0
KRE,1,4853,11980,3,B07B12HMLC,25th L'Anniversary LIVE(初回生産限定盤) [Blu-ray],https://www.amazon.co.jp/dp/B07B12HMLC,https://keepa.com/#!product/5-B07B12HMLC,https://www.google.com/search?q=KRE%20%E4%BC%9A%E7%A4%BE%E6%A6%82%E8%A6%81%20%E5%95%8F%E3%81%84%E5%90%88%E3%82%8F%E3%81%9B%20%E5%8D%B8,DVD,中小候補,0
海洋堂(KAIYODO),1,6218,11980,3,B0F9KQTKYH,海洋堂 (KAIYODO) リボルテック アメイジング・ヤマグチ X-MEN ケーブル Ver.1.5 全高約170mm ノンスケール PVC・ABS・POM製 塗装済み 可動フィ,https://www.amazon.co.jp/dp/B0F9KQTKYH,https://keepa.com/#!product/5-B0F9KQTKYH,https://www.google.com/search?q=%E6%B5%B7%E6%B4%8B%E5%A0%82%28KAIYODO%29%20%E4%BC%9A%E7%A4%BE%E6%A6%82%E8%A6%81%20%E5%95%8F%E3%81%84%E5%90%88%E3%82%8F%E3%81%9B%20%E5%8D%B8,おもちゃ,中小候補,0
ENTEKE,1,8973,16872,3,B004H3C2TI,"Monsters, Inc. Disney Pixar LIMITED EDITION GIFT SET Includes 2 Disc Blu-Ray, 1 Disc DVD, ",https://www.amazon.co.jp/dp/B004H3C2TI,https://keepa.com/#!product/5-B004H3C2TI,https://www.google.com/search?q=ENTEKE%20%E4%BC%9A%E7%A4%BE%E6%A6%82%E8%A6%81%20%E5%95%8F%E3%81%84%E5%90%88%E3%82%8F%E3%81%9B%20%E5%8D%B8,DVD,中小候補,0
Puffin,1,11056,18592,3,0241372666,The Very Hungry Caterpillar 50th Anniversary Collector's Edition,https://www.amazon.co.jp/dp/0241372666,https://keepa.com/#!product/5-0241372666,https://www.google.com/search?q=Puffin%20%E4%BC%9A%E7%A4%BE%E6%A6%82%E8%A6%81%20%E5%95%8F%E3%81%84%E5%90%88%E3%82%8F%E3%81%9B%20%E5%8D%B8,洋書,中小候補,0
asics(アシックス),1,9870,18800,3,B0G6CL9K8B,[アシックス] ワーキング 安全靴 作業靴 ウィンジョブ CP209 BOA JSAA A種先芯 耐滑ソール fuzeGEL搭載 ホワイト/グラベル 28.0cm 3E,https://www.amazon.co.jp/dp/B0G6CL9K8B,https://keepa.com/#!product/5-B0G6CL9K8B,https://www.google.com/search?q=asics%28%E3%82%A2%E3%82%B7%E3%83%83%E3%82%AF%E3%82%B9%29%20%E4%BC%9A%E7%A4%BE%E6%A6%82%E8%A6%81%20%E5%95%8F%E3%81%84%E5%90%88%E3%82%8F%E3%81%9B%20%E5%8D%B8,ファッション,中小候補,0
Focusrite,1,8296,19700,3,B07QR6Z1JB,Focusrite フォーカスライト オーディオインターフェース 2イン/2アウト 24bit/192kHz Scarlett Solo (3rd Gen) 【国内正規品】,https://www.amazon.co.jp/dp/B07QR6Z1JB,https://keepa.com/#!product/5-B07QR6Z1JB,https://www.google.com/search?q=Focusrite%20%E4%BC%9A%E7%A4%BE%E6%A6%82%E8%A6%81%20%E5%95%8F%E3%81%84%E5%90%88%E3%82%8F%E3%81%9B%20%E5%8D%B8,楽器・音響機器,中小候補,1
Amigo Spiel + Freizeit,1,357,1760,3,B008P6BESS,虹色のヘビ (Regenbogen schlange) 日本語版 カードゲーム,https://www.amazon.co.jp/dp/B008P6BESS,https://keepa.com/#!product/5-B008P6BESS,https://www.google.com/search?q=Amigo%20Spiel%20%2B%20Freizeit%20%E4%BC%9A%E7%A4%BE%E6%A6%82%E8%A6%81%20%E5%95%8F%E3%81%84%E5%90%88%E3%82%8F%E3%81%9B%20%E5%8D%B8,おもちゃ,中小候補,0
幻冬舎,1,3788,8574,3,B00P7G37JI,ヘタリア AXIS POWERS コミック 1-6巻セット (バーズ エクストラ),https://www.amazon.co.jp/dp/B00P7G37JI,https://keepa.com/#!product/5-B00P7G37JI,https://www.google.com/search?q=%E5%B9%BB%E5%86%AC%E8%88%8E%20%E4%BC%9A%E7%A4%BE%E6%A6%82%E8%A6%81%20%E5%95%8F%E3%81%84%E5%90%88%E3%82%8F%E3%81%9B%20%E5%8D%B8,本,中小候補,0
Nulea,1,5749,10564,3,B09HHHDZZG,"Wireless Trackball Mouse, Rechargeable Ergonomic Mouse, Easy Thumb Control, Precise & Smoo",https://www.amazon.co.jp/dp/B09HHHDZZG,https://keepa.com/#!product/5-B09HHHDZZG,https://www.google.com/search?q=Nulea%20%E4%BC%9A%E7%A4%BE%E6%A6%82%E8%A6%81%20%E5%95%8F%E3%81%84%E5%90%88%E3%82%8F%E3%81%9B%20%E5%8D%B8,パソコン・周辺機器,中小候補,1
よしもとミュージックエンタテインメント,1,3945,10005,3,B00FJ1E9MK,ダウンタウンのガキの使いやあらへんで!! (祝)ダウンタウン生誕50年記念DVD 永久保存版 (19)(罰)絶対に笑ってはいけない熱血教師24時 【初回限定版DVD BOX (本編,https://www.amazon.co.jp/dp/B00FJ1E9MK,https://keepa.com/#!product/5-B00FJ1E9MK,https://www.google.com/search?q=%E3%82%88%E3%81%97%E3%82%82%E3%81%A8%E3%83%9F%E3%83%A5%E3%83%BC%E3%82%B8%E3%83%83%E3%82%AF%E3%82%A8%E3%83%B3%E3%82%BF%E3%83%86%E3%82%A4%E3%83%B3%E3%83%A1%E3%83%B3%E3%83%88%20%E4%BC%9A%E7%A4%BE%E6%A6%82%E8%A6%81%20%E5%95%8F%E3%81%84%E5%90%88%E3%82%8F%E3%81%9B%20%E5%8D%B8,DVD,中小候補,0
Hawk Press,1,2357,10163,3,9395034173,1984,https://www.amazon.co.jp/dp/9395034173,https://keepa.com/#!product/5-9395034173,https://www.google.com/search?q=Hawk%20Press%20%E4%BC%9A%E7%A4%BE%E6%A6%82%E8%A6%81%20%E5%95%8F%E3%81%84%E5%90%88%E3%82%8F%E3%81%9B%20%E5%8D%B8,洋書,中小候補,0
Outlook Verlag,1,6610,11835,3,336828536X,Three Men in a Boat (To Say Nothing of the Dog): in large print,https://www.amazon.co.jp/dp/336828536X,https://keepa.com/#!product/5-336828536X,https://www.google.com/search?q=Outlook%20Verlag%20%E4%BC%9A%E7%A4%BE%E6%A6%82%E8%A6%81%20%E5%95%8F%E3%81%84%E5%90%88%E3%82%8F%E3%81%9B%20%E5%8D%B8,洋書,中小候補,0
MGM (Video & DVD),1,6550,11140,3,B003WTO5Y8,Silence of the Lambs (Two-Disc Blu-ray/DVD Combo in Blu-ray Packaging),https://www.amazon.co.jp/dp/B003WTO5Y8,https://keepa.com/#!product/5-B003WTO5Y8,https://www.google.com/search?q=MGM%20%28Video%20%26%20DVD%29%20%E4%BC%9A%E7%A4%BE%E6%A6%82%E8%A6%81%20%E5%95%8F%E3%81%84%E5%90%88%E3%82%8F%E3%81%9B%20%E5%8D%B8,DVD,中小候補,0
IK Multimedia,1,7532,13800,3,B01CQBU87U,IK Multimedia iRig BlueTurn iRigシリーズ 12.6*9.3*2.5cm 国内正規品,https://www.amazon.co.jp/dp/B01CQBU87U,https://keepa.com/#!product/5-B01CQBU87U,https://www.google.com/search?q=IK%20Multimedia%20%E4%BC%9A%E7%A4%BE%E6%A6%82%E8%A6%81%20%E5%95%8F%E3%81%84%E5%90%88%E3%82%8F%E3%81%9B%20%E5%8D%B8,楽器・音響機器,中小候補,0
MANGA ENTERTAINMENT,1,8537,14730,3,B004QOT098,Akira [Blu-ray] [Import],https://www.amazon.co.jp/dp/B004QOT098,https://keepa.com/#!product/5-B004QOT098,https://www.google.com/search?q=MANGA%20ENTERTAINMENT%20%E4%BC%9A%E7%A4%BE%E6%A6%82%E8%A6%81%20%E5%95%8F%E3%81%84%E5%90%88%E3%82%8F%E3%81%9B%20%E5%8D%B8,DVD,中小候補,0
new balance(ニューバランス),1,6743,15900,3,B09F36LB7C,[ニューバランス] MR530SG width D WHITE レディース スニーカー ホワイト ネイビー シルバー ブラック ワイズ D 27.5cm [並行輸入品],https://www.amazon.co.jp/dp/B09F36LB7C,https://keepa.com/#!product/5-B09F36LB7C,https://www.google.com/search?q=new%20balance%28%E3%83%8B%E3%83%A5%E3%83%BC%E3%83%90%E3%83%A9%E3%83%B3%E3%82%B9%29%20%E4%BC%9A%E7%A4%BE%E6%A6%82%E8%A6%81%20%E5%95%8F%E3%81%84%E5%90%88%E3%82%8F%E3%81%9B%20%E5%8D%B8,ファッション,中小候補,0
Logicool G(ロジクール G),1,7665,19800,4,B07SR8LZ12,Logicool G ASTRO Gaming MixAmp Pro ミックスアンプ ゲーミングアンプ MAPTR-002 ゲーミングヘッドセット 用 オーディオミキサー PS5 ,https://www.amazon.co.jp/dp/B07SR8LZ12,https://keepa.com/#!product/5-B07SR8LZ12,https://www.google.com/search?q=Logicool%20G%28%E3%83%AD%E3%82%B8%E3%82%AF%E3%83%BC%E3%83%AB%20G%29%20%E4%BC%9A%E7%A4%BE%E6%A6%82%E8%A6%81%20%E5%95%8F%E3%81%84%E5%90%88%E3%82%8F%E3%81%9B%20%E5%8D%B8,家電＆カメラ,大手/海外疑い,1
日立(HITACHI),1,3763,7013,4,B001DBLWNE,日立 全自動専用設置台HITACHI （洗濯乾燥機・全自動洗濯機用） UP-D3,https://www.amazon.co.jp/dp/B001DBLWNE,https://keepa.com/#!product/5-B001DBLWNE,https://www.google.com/search?q=%E6%97%A5%E7%AB%8B%28HITACHI%29%20%E4%BC%9A%E7%A4%BE%E6%A6%82%E8%A6%81%20%E5%95%8F%E3%81%84%E5%90%88%E3%82%8F%E3%81%9B%20%E5%8D%B8,大型家電,大手/海外疑い,1
