preset,ASIN,商品名,ブランド,メーカー,カテゴリ,ランク,新品オファー数,セラー名一覧,メーカー直販フラグ,新品最安値(送料込),価格定義混在,採用窓,損益分岐仕入れ値,損益分岐仕入れ値_精緻,FBAサイズ区分,外注費,規模フラグ,段1回転,段2値下げ耐性,判定,見送り理由,出品制限チェック,Amazonページ,※Keepa固有の加工値(月間ドロップ数/過去最安値/365日最安/月間販売数/実セラー数)と卸値の列は規約上の理由でリポジトリから除外。完全版は ~/Documents/AI Company 素材/Amazon物販事業/keepa-netsea-full-20260906/
A,B0FYG2NDBR,モバイルバッテリー MagSafe対応 10000mAh ワイヤレス充電 22.5W急速充電 USB-C内蔵ケーブル 小型 軽量 薄型 最大3台同時充電 PD対,CHUSII,"Shenzhen Joway Power Supply Co., Ltd.",家電＆カメラ > 携帯電話・スマートフォン > 携帯電話・スマートフォンアクセサリ,2538,3,JunqianStore / Camer Tech / 惠州市博莱博科技有限公司,,1563,はい,2026-02-23以降,833,965,標準(小型),182,中小候補,GO,GO,GO,,,https://www.amazon.co.jp/dp/B0FYG2NDBR,
A,B0GK7MN552,骨伝導イヤホン bluetooth、Kemeskin 水泳 防水イヤホン IP68完全防水 32GBメモリ内蔵 最大8000曲 こつでんどうイヤホン bluet,Kemeskin,"Dongguan Kemi Electronic Technology Co., Ltd",家電＆カメラ > イヤホン・ヘッドホン > イヤホン・ヘッドホン本体,6198,4,henanjinganlongkejiyouxian / Kemeskin Direct JP,メーカー直販,5301,いいえ,2026-02-23以降,3154,4250,標準(小型),182,中小候補,GO,GO,GO,,,https://www.amazon.co.jp/dp/B0GK7MN552,
A,B0G7G1XGS2,プロジェクター 小型 270°回転 ネイティブ1080P 32000LM 天井投影 Bluetooth5.4 ホームプロジェクター 4k対応 家庭用プロジェクタ,Alprojec,Alprojec,家電＆カメラ > テレビ・レコーダー > ホームプロジェクター,1748,3,Benkaer【翌日発送】 / Alprojec / Al-Alprojec【当日発送】,メーカー直販,5699,はい,2026-02-23以降,3421,4526,標準1,282,中小候補,GO,GO,GO,,,https://www.amazon.co.jp/dp/B0G7G1XGS2,
A,B0FSSPVT5C,ソーラーモバイルバッテリー 大容量 40800mAh 【22.5W/PD18W急速充電 4本ケーブル内蔵】 6台同時充電 ソーラーチャージャー,Toyomii,Toyomii,家電＆カメラ > 携帯電話・スマートフォン > 携帯電話・スマートフォンアクセサリ,4467,2,PEILUN SHOP / TianXiang-shop,,3488,はい,2026-02-23以降,1985,2492,標準1,282,中小候補,GO,GO,GO,,,https://www.amazon.co.jp/dp/B0FSSPVT5C,
A,B0FDQ73HJJ,水月雨 Moondrop Pill オープンイヤー型ワイヤレスイヤホン イヤーカフ イヤホン オープンイヤー ワイヤレス Bluetooth 6.0,Moondrop,Moondrop,家電＆カメラ > イヤホン・ヘッドホン > イヤホン・ヘッドホン本体,4951,2,水月雨(MOONDROP)公式ストア / e☆イヤホン【イヤホン・ヘッドホン専門店 16時までの通常注文は当日発送！】,メーカー直販,6750,はい,2026-02-23以降,3485,4719,標準(小型),182,中小候補,GO,GO,GO,,,https://www.amazon.co.jp/dp/B0FDQ73HJJ,
A,B0GCFT1YLL,Evinof テレビ スピーカー ワイヤレス【テレビ全機種対応★2.4G送信機同梱】手元スピーカー テレビ用 最大30m 低遅延 27時間連続再生,Evinof,Evinof,家電＆カメラ > ポータブルオーディオ > ポータブルスピーカー・ドック,1652,2,Evinof-shop / Evinof-direct,メーカー直販,6997,いいえ,2026-02-23以降,4266,5721,標準1,282,中小候補,GO,GO,GO,,,https://www.amazon.co.jp/dp/B0GCFT1YLL,
A,B0FSKR4BSQ,Shell 100W 急速充電器 Type-c 4ポート PSE技術基準適合,Shell,"‎Shenzhenshi Ezreal Technology Co.,Ltd",家電＆カメラ > 携帯電話・スマートフォン > 携帯電話・スマートフォンアクセサリ,2067,2,,,2429,はい,2026-02-23以降,1396,1762,標準(小型),182,中小候補,GO,GO,見送り,相乗り出品が基準未満（卸している証拠なし）,,https://www.amazon.co.jp/dp/B0FSKR4BSQ,
A,B0CXSM7ZQL,Sound Blaster GS3 ブラック 12W RMS/ピーク出力24W ゲーミング サウンドバー,CREATIVE,クリエイティブ・メディア,パソコン・周辺機器 > PCスピーカー,4351,2,,,7182,はい,2026-02-23以降,4386,5891,大型,282,中小候補,GO,GO,見送り,FBA大型サイズ,,https://www.amazon.co.jp/dp/B0CXSM7ZQL,
A,B0FSSL4JP2,ソーラーモバイルバッテリー 大容量 63200mAh 22.5W/PD18W急速充電 手回し充電 ケーブル内蔵 ソーラーチャージャー 防水 ブラック,Toyomii,Toyomii,家電＆カメラ > 携帯電話・スマートフォン > 携帯電話・スマートフォンアクセサリ,3650,2,PEILUN SHOP / IGARASHI STORE,,5111,いいえ,2026-02-23以降,2990,3856,標準2,332,中小候補,GO,GO,GO,,,https://www.amazon.co.jp/dp/B0FSSL4JP2,
A,B0F1Y625QH,【正規品】 ネットギア NETGEAR スイッチングハブ 8ポート ギガ 金属筐体 VLAN QoS 静音ファンレス メーカー5年保証 アンマネージプラス GS,NETGEAR,ネットギア,パソコン・周辺機器 > 無線LAN・ネットワーク機器 > スイッチングハブ,3510,4,,,7413,はい,2026-02-23以降,3691,4907,標準1,282,中小候補,GO,GO,GO,,,https://www.amazon.co.jp/dp/B0F1Y625QH,
A,B0B5FWS7J7,オウルテック ライトニングケーブル 巻取り式 両引きタイプ データ転送 480Mbps MFi認証取得 軽量 コンパクト 静音 iPhone/iPad対応 1.,オウルテック,オウルテック,パソコン・周辺機器 > PCアクセサリ・サプライ > ケーブル・アクセサリ,4307,3,オウルテック ダイレクト / ミーニャ 簡易梱包、衣類ぬいぐるみ等は圧縮後発送となります / ECJOY! [創業24年インボイスT7011001061049],メーカー直販,1780,はい,2026-02-23以降,963,1149,標準(小型),182,中小候補,GO,GO,GO,,,https://www.amazon.co.jp/dp/B0B5FWS7J7,
A,B0GCFK5NF3,Evinof ネックスピーカー テレビ用【テレビ全機種対応★2.4GHz送信機同梱】テレビスピーカー ワイヤレス 低遅延 左右バランス調整 マイク付き,Evinof,Evinof,家電＆カメラ > ポータブルオーディオ > ポータブルスピーカー・ドック,3412,3,国海商店 / Evinof-direct / Evinof-shop,メーカー直販,6999,はい,2026-02-23以降,4267,5723,標準1,282,中小候補,GO,GO,GO,,,https://www.amazon.co.jp/dp/B0GCFK5NF3,
A,B0CN99RD5L,TELESIN スマホネックレスマウント スマホ ネックホルダー 磁気マグネット 首掛けスマホホルダー iPhone対応,TELESIN,TELESIN°,家電＆カメラ > 携帯電話・スマートフォン > 携帯電話・スマートフォンアクセサリ,2019,2,TELESIN GLOBAL / TELESIN Shop,メーカー直販,3215,はい,2026-02-23以降,1807,2241,標準1,282,中小候補,GO,GO,GO,,,https://www.amazon.co.jp/dp/B0CN99RD5L,
A,B0GH6S573Q,【Amazon.co.jp -直営商品-2026年プライムデー 先行販売】ワイヤレス イヤホン Bluetooth ANC+ENCノイズキャンセリング イヤフォ,ノーブランド品,ノーブランド品，JASICDIET,家電＆カメラ > イヤホン・ヘッドホン,1606,2,JASICDIET【メーカー直営店・１年保証付】,,3790,はい,2026-02-23以降,2027,2655,標準(小型),182,中小候補,GO,GO,見送り,相乗り出品が基準未満（卸している証拠なし）,,https://www.amazon.co.jp/dp/B0GH6S573Q,
A,B0GJSPJ661,プラネタリウム 家庭用 スタープロジェクター 月 オーロラ 15種類光 USB充電式 Bluetooth 音楽再生 パーティー 睡眠グッズ リモコン,Cambink,CAMBINK,家電＆カメラ > テレビ・レコーダー > ホームプロジェクター,4006,2,ORIENTEC / SOUNDGIC-JP,,4179,はい,2026-02-23以降,2279,2908,標準1,282,中小候補,GO,GO,GO,,,https://www.amazon.co.jp/dp/B0GJSPJ661,
A,B0F431KJR9,ドラゴンクエスト ホリパッド for Windows PC スティックストレートタイプ スライム,ホリ,ホリ,パソコン・周辺機器 > キーボード・マウス・入力機器 > ゲームパッド,4787,4,,,5980,はい,2026-02-23以降,3488,4620,標準1,282,中小候補,GO,GO,GO,,,https://www.amazon.co.jp/dp/B0F431KJR9,
A,B0D86XCN4G,iClever ゲーミングキーボード テンキーレス 赤軸 メカニカル キーボード 日本語配列 マクロ対応 G06 ブラック,iClever,iClever,パソコン・周辺機器 > キーボード・マウス・入力機器 > ゲーミングキーボード,1386,2,Thousandshores JP / Thousandshores Direct JP,,3990,はい,2026-02-23以降,1922,2403,標準1,282,中小候補,GO,GO,GO,,,https://www.amazon.co.jp/dp/B0D86XCN4G,
A,B0GF16L7KB,airtag エアタグ カード gpsタグ スマートタグ【Apple・Google公式認証&ワイヤレス充電対応&超薄1.6mm&全球GPS高精度測位】紛失防止タ,Gudluky,Gudluky,家電＆カメラ > ウェアラブルデバイス > スマートトラッカー,7637,4,,,2659,はい,2026-02-23以降,1546,1974,標準(小型),182,大手/海外疑い,GO,GO,GO,,,https://www.amazon.co.jp/dp/B0GF16L7KB,
A,B0D1VDZ34M,MIATONE Bluetooth スピーカー 360°サウンド 重低音モデル IPX7防水 ワイヤレス お風呂 ブルートゥース スピーカー デュアルパッシブラ,MIATONE,MIATONE,家電＆カメラ > ポータブルオーディオ > ポータブルスピーカー・ドック,7984,2,INNOTECH CORP / MYA-JP,,2759,はい,2026-02-23以降,1511,1822,標準1,282,中小候補,GO,GO,GO,,,https://www.amazon.co.jp/dp/B0D1VDZ34M,
A,B0FB9JHXTX,CIO SMARTCOBY TRIO 35W モバイルバッテリー PD USB-C×2 USB-A×1 大容量20000mAh (ホワイト),CIO,CIO,家電＆カメラ > 携帯電話・スマートフォン > 携帯電話・スマートフォンアクセサリ,3666,2,株式会社CIO / トライアングル*,メーカー直販,4470,はい,2026-02-23以降,2623,3396,標準1,282,中小候補,GO,GO,GO,,,https://www.amazon.co.jp/dp/B0FB9JHXTX,
A,B0GHM2G79S,【2026新設計&一台多役】腰枕 クッション 腰・背中・首・肩・太もも・ふくらはぎ コードレス 双方向回転 3段階強度調節 温熱機能 3Dヘッド 静音 10分自,Dreemstar,Dreemstar,ホーム＆キッチン > 家電 > 健康家電,4234,6,,,5670,はい,2026-02-23以降,3353,3973,標準2,332,中小候補,GO,GO,GO,,,https://www.amazon.co.jp/dp/B0GHM2G79S,
A,B0DNT9Z2HS,UGREEN 100W GaN 卓上急速充電器 (4*USB-C+2*USB-A) コンパクト【PSE技術基準適合/PD3.0/QC4.0/PPS対応】 複数台,UGREEN,Ugreen Group Limited,家電＆カメラ > 携帯電話・スマートフォン > 携帯電話・スマートフォンアクセサリ,1089,2,"Ugreen Japan Co., Ltd / SK堂本店",メーカー直販,5235,はい,2026-02-23以降,3086,4052,標準1,282,大手/海外疑い,GO,GO,GO,,,https://www.amazon.co.jp/dp/B0DNT9Z2HS,
A,B0FSS1VVGD,YINCODI プロジェクター 家庭用【業界初超小型＆軽量・Android TV 搭載・270°回転】 プロジェクター 小型 25000lm 1080P 天井投,YINCODI,YINCODI,家電＆カメラ > テレビ・レコーダー > ホームプロジェクター,3971,3,JZY吉之源 / HXR恒鑫日 / NWC Collection,,7597,はい,2026-02-23以降,4656,6273,標準1,282,中小候補,GO,GO,GO,,,https://www.amazon.co.jp/dp/B0FSS1VVGD,
A,B0G3FD8FSY,イヤホン bluetooth 【完全 Bluetooth 6.0 & Hi-Fi級】ワイヤレスイヤホン 自動ペアリング イヤフォン 最大30時間再生 ENCダブ,VANBOKEE,VANBOKEE,家電＆カメラ > イヤホン・ヘッドホン > イヤホン・ヘッドホン本体,1123,6,,,5980,はい,2026-02-23以降,1420,1795,標準(小型),182,中小候補,GO,GO,GO,,,https://www.amazon.co.jp/dp/B0G3FD8FSY,
A,B0GF295GM5,骨伝導イヤホン マイク付き、Kemeskin ビジネス 通話専用ヘッドセットBluetooth 6.1、ENC DSP高精度ノイズキャンセリングマイク付きイヤホ,Kemeskin,"DongGuan Kemi Electronics Technology Co., Ltd",家電＆カメラ > イヤホン・ヘッドホン > イヤホン・ヘッドホン本体,3340,3,Bestroad chain / zhengzhoujinyuzaishengziyuanhuishou,,5980,はい,2026-02-23以降,3705,5029,標準(小型),182,中小候補,GO,GO,GO,,,https://www.amazon.co.jp/dp/B0GF295GM5,
A,B0G8KLZ7JF,【ステンレス鋼】デジタルノギス 150mm【高精度・4CR13ステンレス製・全金属】防水 プロ仕様 内径/外径/深さ/段差測定 LCD大画面 ゼロリセット 電池,EELHOE,EELHOE,DIY・工具・ガーデン > 測定工具 > ノギス,1316,2,ZORSHOP,,2277,はい,2026-02-23以降,815,718,標準1,282,中小候補,GO,GO,見送り,相乗り出品が基準未満（卸している証拠なし）,,https://www.amazon.co.jp/dp/B0G8KLZ7JF,
A,B0FCX4X5CQ,エレコム AQUOS wish5(SH-52F) ケース カバー 耐衝撃 衝撃吸収 ZEROSHOCK 4つ角ダンパー ダブルレイヤー設計 ハニカム構造 ストラ,エレコム(ELECOM),エレコム,家電＆カメラ > 携帯電話・スマートフォン > 携帯電話・スマートフォンアクセサリ,5963,5,,,1872,はい,2026-02-23以降,524,528,標準(小型),182,大手/海外疑い,GO,GO,GO,,,https://www.amazon.co.jp/dp/B0FCX4X5CQ,
A,B0C6FGKQ8Y,タカラトミー(TAKARA TOMY) キラガチャシール ラメジュエル,タカラトミー(TAKARA TOMY),タカラトミー(TAKARA TOMY),おもちゃ > お絵かき・ねんど・シール > シール・ステッカー,10607,6,,,3740,はい,2026-02-23以降,1313,1370,標準1,282,大手/海外疑い,GO,GO,GO,,,https://www.amazon.co.jp/dp/B0C6FGKQ8Y,
A,B0G6JF9MRK,掃除機 コードレス 軽量【85KPa超強力吸引・0.5kg超軽量】収納スタンド付き コードレス掃除機 45分連続稼働 ハンディ掃除機 スティッククリーナー ノン,LEKGAVD,LEKGAVD,ホーム＆キッチン > 家電 > 生活家電,7416,5,,,7912,はい,2026-02-23以降,4810,5879,標準2,332,中小候補,GO,GO,GO,,,https://www.amazon.co.jp/dp/B0G6JF9MRK,
A,B0GCF5DR6Y,Evinof ネックスピーカー テレビ用【テレビ全機種対応★2.4GHz送信機同梱】テレビスピーカー ワイヤレス 低遅延 左右バランス調整 マイク付き,Evinof,Evinof,家電＆カメラ > ポータブルオーディオ > ポータブルスピーカー・ドック,3412,3,国海商店 / Evinof-direct / Evinof-shop,メーカー直販,6999,はい,2026-02-23以降,4267,5723,標準1,282,中小候補,GO,GO,GO,,,https://www.amazon.co.jp/dp/B0GCF5DR6Y,
A,B0FPFHTRBH,ESR OmniLock Qi2.2認証 車載ホルダー magsafe 25W Qi2 充電器 車載 CryoBoost冷却 iOS26バージョン以降,ESR,ESR,家電＆カメラ > 携帯電話・スマートフォン > 携帯電話・スマートフォンアクセサリ,3713,2,Eleganticy JP,,7680,はい,2026-02-23以降,3584,4757,標準1,282,中小候補,GO,GO,見送り,相乗り出品が基準未満（卸している証拠なし）,,https://www.amazon.co.jp/dp/B0FPFHTRBH,
A,B0FW4M9LT2,YINCODI プロジェクター 家庭用【業界初超小型＆軽量・Android TV 搭載・270°回転】 プロジェクター 小型 25000lm 1080P 天井投,YINCODI,YINCODI,家電＆カメラ > テレビ・レコーダー > ホームプロジェクター,3971,4,,,7597,はい,2026-02-23以降,4656,6273,標準1,282,中小候補,GO,GO,GO,,,https://www.amazon.co.jp/dp/B0FW4M9LT2,
A,B0DM9M67TW,iFace BeBling Wave MagSafe対応 スマホリング MagSynq Ring Holder (シルバー),Hamee(ハミィ),Hamee(ハミィ),家電＆カメラ > 携帯電話・スマートフォン > 携帯電話・スマートフォンアクセサリ,2633,3,Hamee(ハミィ) / dream 本店 / 株式会社コジマ,メーカー直販,3150,はい,2026-02-23以降,1684,2169,標準(小型),182,中小候補,GO,GO,GO,,,https://www.amazon.co.jp/dp/B0DM9M67TW,
A,B0FZJC1ZPS,bluetooth ワイヤレスイヤホン 6つシリコンマイク搭載 AIスマートENC通話90時間再生2026最新bluetooth 5.4耳掛け型オープンイヤー ,LangRay,LangRay,家電＆カメラ > イヤホン・ヘッドホン > イヤホン・ヘッドホン本体,6373,2,Szabo store,,1299,はい,2026-02-23以降,662,723,標準(小型),182,中小候補,GO,GO,見送り,相乗り出品が基準未満（卸している証拠なし）,,https://www.amazon.co.jp/dp/B0FZJC1ZPS,
A,B0GCNXP689,集音器 高齢者 しゅうおんき【2026進化版！革命的なデジタルチップ&高性能BA型スピーカー搭載！無段階音量調整】35倍増幅 AI自動降噪,Yaotin,Yaotin,ホーム＆キッチン > 家電 > 健康家電,3161,2,Yaotin-JP / Yaotin Store,メーカー直販,6849,はい,2026-02-23以降,4269,5349,標準(小型),182,中小候補,GO,GO,GO,,,https://www.amazon.co.jp/dp/B0GCNXP689,
A,B0DHBTXVBF,サンワダイレクト リングマウス Bluetooth ホイール搭載 USB-C充電 PowerPoint・Keynote操作対応 Windows/Mac 5ボタン,サンワダイレクト,サンワダイレクト,パソコン・周辺機器 > キーボード・マウス・入力機器 > マウス,3419,2,サンワサプライ直営【サンワダイレクト】14時までの注文は国内から当日出荷≪土日も出荷中≫ / スバコカンパニー,メーカー直販,5900,はい,2026-02-23以降,3316,4479,標準(小型),182,中小候補,GO,GO,GO,,,https://www.amazon.co.jp/dp/B0DHBTXVBF,
A,B0F4DSTH8C,アディダス ショルダーバッグ マストハブ サコッシュ ユニセックス大人 DD566 ブラック (JZ2118),adidas(アディダス),adidas(アディダス),ファッション > バッグ・スーツケース > サコッシュ,23939,5,,,2748,はい,2026-02-23以降,930,869,標準1,282,大手/海外疑い,GO,GO,GO,,,https://www.amazon.co.jp/dp/B0F4DSTH8C,
A,B0DV98KCZ4,キヤノン canon BC-365XL (大容量) 対応 ブラック ジット リサイクルインクカートリッジ【JIT-C365BXL】,JIT,JIT,パソコン・周辺機器 > PCアクセサリ・サプライ > プリンタアクセサリ,1810,6,,,2140,はい,2026-02-23以降,1163,1432,標準(小型),182,大手/海外疑い,GO,GO,GO,,,https://www.amazon.co.jp/dp/B0DV98KCZ4,
A,B0FDL5GPR5,水月雨 Moondrop Pill オープンイヤー型ワイヤレスイヤホン イヤーカフ イヤホン オープンイヤー ワイヤレス Bluetooth 6.0,Moondrop,Moondrop,家電＆カメラ > イヤホン・ヘッドホン > イヤホン・ヘッドホン本体,4398,2,e☆イヤホン【イヤホン・ヘッドホン専門店 16時までの通常注文は当日発送！】 / 水月雨(MOONDROP)公式ストア,メーカー直販,6750,はい,2026-02-23以降,3485,4719,標準(小型),182,中小候補,GO,GO,GO,,,https://www.amazon.co.jp/dp/B0FDL5GPR5,
A,B09SP8LYFS,八番屋 マキタ掃除機スタンド クリーナースタンド 掃除機スタンド 掃除機収納スタンド スティッククリーナースタンド 組立簡単 ホワイト,八番屋,八番屋,ホーム＆キッチン > 家電 > 生活家電,5467,2,八番屋,メーカー直販,2150,はい,2026-02-23以降,955,837,標準2,332,中小候補,GO,GO,見送り,相乗り出品が基準未満（卸している証拠なし）,,https://www.amazon.co.jp/dp/B09SP8LYFS,
A,B0G33ZH58T,JJC DJI Osmo Pocket 4P Osmo Pocket 4 マウントベース Osmo Pocket 3 固定ベース 定点撮影用 滑り止め 軽量 持,JJC,"Jinjiacheng Photography Equipment Co.,Ltd.",家電＆カメラ > カメラ > アクセサリ,4737,2,HIfoto,,1599,はい,2026-02-23以降,701,778,標準(小型),182,中小候補,GO,GO,見送り,相乗り出品が基準未満（卸している証拠なし）,,https://www.amazon.co.jp/dp/B0G33ZH58T,
A,B0DM9MMBH1,iFace BeBling Wave MagSafe対応 スマホリング MagSynq Ring Holder (ブラック),Hamee(ハミィ),Hamee(ハミィ),家電＆カメラ > 携帯電話・スマートフォン > 携帯電話・スマートフォンアクセサリ,2633,2,Hamee(ハミィ) / dream 本店,メーカー直販,3150,はい,2026-02-23以降,1844,2396,標準(小型),182,中小候補,GO,GO,GO,,,https://www.amazon.co.jp/dp/B0DM9MMBH1,
A,B0FY2ZJXSR,プロジェクター 家庭用 超小型【2026新登場・本体318g超軽い・28000LM】 WiFiなしでも使える＆スマホ対応＆初心者向け 小型 270°回転 108,Sainellor,sainellor,家電＆カメラ > テレビ・レコーダー > ホームプロジェクター,7282,2,Sainellor Japan,メーカー直販,4998,はい,2026-02-23以降,2966,3882,標準1,282,中小候補,GO,GO,見送り,相乗り出品が基準未満（卸している証拠なし）,,https://www.amazon.co.jp/dp/B0FY2ZJXSR,
A,B0FPD1ZY3J,iClever ワイヤレスキーボード テンキー付き フルサイズ Bluetooth・2.4GHz JIS配列 Type-C充電 DK03 白,iClever,iClever,パソコン・周辺機器 > キーボード・マウス・入力機器 > パソコン用キーボード,2695,2,Thousandshores JP / Thousandshores Direct JP,,4799,はい,2026-02-23以降,2033,2561,標準1,282,中小候補,GO,GO,GO,,,https://www.amazon.co.jp/dp/B0FPD1ZY3J,
A,B0FKH2TKQ8,Letmy 懐中電灯 強力 ledライト ハンディライト 2025新型 超高輝度6000ルーメン ディジタル電気量 一個セット,LETMY,LETMY,スポーツ＆アウトドア > アウトドア > ライト・ランタン,9615,2,TuyLuxe Home / LETMY JP,メーカー直販,2089,はい,2026-02-23以降,808,823,標準(小型),182,中小候補,GO,GO,GO,,,https://www.amazon.co.jp/dp/B0FKH2TKQ8,
A,B0F24FYFM3,Anker Soundcore P41i (Bluetooth 5.3) 【モバイルバッテリー搭載完全ワイヤレスイヤホン/ウルトラノイズキャンセリング 2.0 ,Soundcore,Anker,家電＆カメラ > イヤホン・ヘッドホン > イヤホン・ヘッドホン本体,10460,3,koalaストア【インボイス対応/すり替え対策店】 / air green / AnkerDirect,,7161,はい,2026-02-23以降,3058,4115,標準(小型),182,大手/海外疑い,GO,GO,GO,,,https://www.amazon.co.jp/dp/B0F24FYFM3,
A,B0FFBBXSQV,衣類スチーマー Pursay かけたまま スチームアイロン 100-240V 海外対応【濡れずにすぐに着られる×大量超微細スチーム】 ハンディ コンパクト シワ,Pursay,Pursay,ホーム＆キッチン > 家電 > 生活家電,6968,2,Pursay販売店【日本語対応・365日製品品質保証】 / Pursay電気屋【最大18月間安心保証･日本語サポート･30日間返金返品保証】,メーカー直販,7581,はい,2026-02-23以降,3607,4370,標準1,282,中小候補,GO,GO,GO,,,https://www.amazon.co.jp/dp/B0FFBBXSQV,
A,B0GHMDW1ZN,Bluetooth 6.0 Gumsry USB アダプタ USB-A コネクタ搭載 低遅延 長距離通信 30m 対応 EDR/BLE対応 省電力 小型設計 a,Gumsry,Gumsry,パソコン・周辺機器 > 無線LAN・ネットワーク機器 > ネットワークアダプタ,12290,3,Gumsry-ZM-JP直営店 / Gumsry-YCC-JP専門店 / Gumsry-Japan【WLH直営店】,メーカー直販,1999,はい,2026-02-23以降,1117,1367,標準(小型),182,中小候補,GO,GO,GO,,,https://www.amazon.co.jp/dp/B0GHMDW1ZN,
A,B09NXJG3VX,FIIO KA11 Type-C Silver Black 【日本正規店より発送・シリアルナンバー付】USB DAC アンプ ポータブル ヘッドホン ヘッドフォ,FiiO,FIIO,家電＆カメラ > イヤホン・ヘッドホン > ヘッドホンアンプ,5745,3,e☆イヤホン【イヤホン・ヘッドホン専門店 16時までの通常注文は当日発送！】 / 株式会社コジマ / イケベ楽器店 / 三木楽器株式会社,,5240,はい,2026-02-23以降,3158,4255,標準(小型),182,中小候補,GO,GO,GO,,,https://www.amazon.co.jp/dp/B09NXJG3VX,
A,B0GDXX5GD4,掃除機 コードレス 強力吸引45000Pa 35分稼働 超軽量 静音 スティック型 一人暮らし ペットの毛・猫砂対応 本体0.5kg 充電式コンパクト,Fochai,Fochai,ホーム＆キッチン > 家電 > 生活家電,4315,2,Fochai JP公式店--HKXW / Fochai JP公式店-xl,メーカー直販,5758,はい,2026-02-23以降,3334,3948,標準2,332,中小候補,GO,GO,GO,,,https://www.amazon.co.jp/dp/B0GDXX5GD4,
A,B08FDJWKYD,NIKE SPORTSWEAR WOVEN SHORTS ナイキ ウーブン ショートパンツ ショーツ 短パン ブラック 黒 size M,NIKE(ナイキ),,ファッション > メンズ > 服＆ファッション小物,4104,6,,,4880,はい,2026-02-23以降,2795,3421,標準(小型),182,大手/海外疑い,GO,GO,GO,,,https://www.amazon.co.jp/dp/B08FDJWKYD,
A,B0CWMT5NYG,サンワダイレクト リングマウス Bluetooth 充電式 5ボタン Windows/Mac ブラック 400-MABT156BK2,サンワダイレクト,サンワダイレクト,パソコン・周辺機器 > キーボード・マウス・入力機器 > マウス,7476,2,サンワサプライ直営【サンワダイレクト】14時までの注文は国内から当日出荷≪土日も出荷中≫,メーカー直販,3850,はい,2026-02-23以降,2320,3070,標準(小型),182,中小候補,GO,GO,見送り,相乗り出品が基準未満（卸している証拠なし）,,https://www.amazon.co.jp/dp/B0CWMT5NYG,
A,B0G4CWLMYS,Tecaki プロジェクター 家庭用 【Android TV搭載・270°回転・自動台形補正】 高輝度25000LM 超小型 天井投影 1080P ぷろじえくた,Tecaki,Tecaki,家電＆カメラ > テレビ・レコーダー > ホームプロジェクター,4261,2,YFCK STORE,,7988,はい,2026-02-23以降,4910,6632,標準1,282,中小候補,GO,GO,見送り,相乗り出品が基準未満（卸している証拠なし）,,https://www.amazon.co.jp/dp/B0G4CWLMYS,
A,B0FX8MQ4M7,【Amazon.co.jp限定】モニターアーム 17～32インチ対応 耐荷重2～11kg VESA規格対応 5軸可動式 多角度調節 ガススプリング式 アルミニウ,Vexify,Vexify,パソコン・周辺機器 > PCアクセサリ・サプライ > モニターアクセサリ,5542,2,TANG MJING / wangzeng JP,,4980,はい,2026-02-23以降,1877,2281,標準2,332,中小候補,GO,GO,GO,,,https://www.amazon.co.jp/dp/B0FX8MQ4M7,
A,B0F8HH6MMB,Victor(ビクター) くり返し録画用 ブルーレイディスク BD-RE DL 50GB ホワイトプリンタブル 片面2層 1-2倍速 スリムケース VBE260,‎バーベイタム(Verbatim),Victor(ビクター),パソコン・周辺機器 > PCアクセサリ・サプライ > 記録メディア,2819,6,,,4780,はい,2026-02-23以降,2370,3037,標準1,282,中小候補,GO,GO,GO,,,https://www.amazon.co.jp/dp/B0F8HH6MMB,
A,B0G8VJDDC7,モバイルバッテリー 大容量 小型 20000mAh タイプC&ライトニング両対応 2台同時充電 2.4A急速充電 スマホバッテリー ワイヤレス充電器 持ち運び便,Kungix,Kungix,家電＆カメラ > 携帯電話・スマートフォン > 携帯電話・スマートフォンアクセサリ,2734,2,YAN LAILAI SHOP,,3020,はい,2026-02-23以降,1781,2306,標準(小型),182,中小候補,GO,GO,見送り,相乗り出品が基準未満（卸している証拠なし）,,https://www.amazon.co.jp/dp/B0G8VJDDC7,
A,B0FGCLDGHF,Tecaki プロジエクター 家庭用【Android TV搭載・自動台形補正・270°回転】 小型 1080P 天井投影 静音 4K対応 25000LM ホーム,Tecaki,Tecaki,家電＆カメラ > テレビ・レコーダー > ホームプロジェクター,4261,3,YFCK STORE,,7217,はい,2026-02-23以降,4409,5923,標準1,282,中小候補,GO,GO,見送り,相乗り出品が基準未満（卸している証拠なし）,,https://www.amazon.co.jp/dp/B0FGCLDGHF,
A,B0G48XY23B,ハンドブレンダー 【無段階変速】ブレンダー 電動 氷も砕ける ミキサー フードプロセッサー ジューサー/離乳食/スムージー/スープ,Ｌａｚｙｍｅ,LAZYME,ホーム＆キッチン > 家電 > キッチン家電,1523,2,BendiT,,3579,はい,2026-02-23以降,2021,2296,標準1,282,中小候補,GO,GO,見送り,相乗り出品が基準未満（卸している証拠なし）,,https://www.amazon.co.jp/dp/B0G48XY23B,
A,B0D65TH8PY,iClever ゲーミングキーボード 赤軸 メカニカル キーボード 日本語配列 有線 マクロ対応 カスタマイズ G07 ブラック,iClever,iClever,パソコン・周辺機器 > キーボード・マウス・入力機器 > ゲーミングキーボード,3930,2,Thousandshores JP / Thousandshores Direct JP,,6190,はい,2026-02-23以降,2999,3928,標準1,282,中小候補,GO,GO,GO,,,https://www.amazon.co.jp/dp/B0D65TH8PY,
A,B0DC29KJXM,mimimamo (ミミマモ) ウルトラフィット・イヤーパッドカバー ドーナツ型 日本製 (ブラック) 各機種への対応はメーカーHPをご参照ください,mimimamo,フィフティスクエア株式会社,家電＆カメラ > イヤホン・ヘッドホン > イヤーパッド,4595,3,mimimamo / キットカット【創業33年/適格請求書発行事業者】 / e☆イヤホン【イヤホン・ヘッドホン専門店 16時までの通常注文は当日発送！】,メーカー直販,2860,はい,2026-02-23以降,1491,1896,標準(小型),182,中小候補,GO,GO,GO,,,https://www.amazon.co.jp/dp/B0DC29KJXM,
A,B0CYGQNQN9,[バンダイ(BANDAI)] サウンドいろいろ♪ライトがピカッ! アンパンマンはじめてハウス 対象年齢 2 才以上,BANDAI,バンダイ(BANDAI),おもちゃ > きせかえ人形・ハウス > ハウス,4993,6,,,6590,はい,2026-02-23以降,2708,3194,大型,282,大手/海外疑い,GO,GO,見送り,FBA大型サイズ,,https://www.amazon.co.jp/dp/B0CYGQNQN9,
A,B0GHXBGWXF,ブレイン 【SGS認証取得！ 国内JIS燃焼試験合格！】モバイルバッテリー耐火ケース （サイズ：約13.5×18cm）BR-964,ブレイン(BRAIN),ブレイン(BRAIN),家電＆カメラ > 携帯電話・スマートフォン > 携帯電話・スマートフォンアクセサリ,4067,3,,,1920,はい,2026-02-23以降,845,981,標準(小型),182,中小候補,GO,GO,GO,,,https://www.amazon.co.jp/dp/B0GHXBGWXF,
A,B0F2MK11CJ,Sound Blaster GS3 ホワイト 12W RMS/ピーク出力24W ゲーミング サウンドバー,CREATIVE,クリエイティブ・メディア,パソコン・周辺機器 > PCスピーカー,4351,2,,,7182,はい,2026-02-23以降,4386,5891,大型,282,中小候補,GO,GO,見送り,FBA大型サイズ,,https://www.amazon.co.jp/dp/B0F2MK11CJ,
A,B0FD855CBD,プリペイドSIMカード 【RAKUTEN回線】 国内海外 プリペイドSIM 3GB/月6ヶ月間有効 5G/4G-LTE対応 SMS認証可能 データ通信 専用 S,A AHAGEN,NETTRUST CARD,家電＆カメラ > 携帯電話・スマートフォン > SIMカード,6767,2,AHAGEN,メーカー直販,3380,はい,2026-02-23以降,1915,2393,標準1,282,中小候補,GO,GO,見送り,相乗り出品が基準未満（卸している証拠なし）,,https://www.amazon.co.jp/dp/B0FD855CBD,
A,B0C4X9TW9C,[マーナ] Shupatto 保冷バッグ (20L/ホワイトバーチ) シュパット 一気にたためる エコバッグ (折り畳み/大容量) 保冷バッグ,マーナ(Marna),Shupatto,ファッション > バッグ・スーツケース > エコバッグ・買い物バッグ,2268,2,マーナ公式 アマゾン店 / Amazon US,,4180,はい,2026-02-23以降,2507,3045,標準(小型),182,中小候補,GO,GO,GO,,,https://www.amazon.co.jp/dp/B0C4X9TW9C,
A,B0CZTFF4V2,エレコム モバイルバッテリー 15W 5000mAh 2ポート Type-C USB-A &me 小型 軽量 ラベンダー DE-C45-5000PU,エレコム(ELECOM),エレコム,家電＆カメラ > 携帯電話・スマートフォン > 携帯電話・スマートフォンアクセサリ,9058,2,ココアウェブマーケット（cocoawebmarket）,,1580,はい,2026-02-23以降,694,768,標準(小型),182,大手/海外疑い,GO,GO,見送り,相乗り出品が基準未満（卸している証拠なし）,,https://www.amazon.co.jp/dp/B0CZTFF4V2,
A,B0F8GZ59BN,Victor(ビクター) くり返し録画用 ブルーレイディスク BD-RE DL 50GB ホワイトプリンタブル 片面2層 1-2倍速 スリムケース VBE260,‎バーベイタム(Verbatim),Victor(ビクター),パソコン・周辺機器 > PCアクセサリ・サプライ > 記録メディア,2819,4,,,2820,はい,2026-02-23以降,1265,1473,標準1,282,中小候補,GO,GO,GO,,,https://www.amazon.co.jp/dp/B0F8GZ59BN,
A,B0GNRK7P3L,CanCam(キャンキャン) 2026年5月号 特別版【表紙：M!LK】,小学館,小学館,本 > ジャンル別 > 雑誌,18628,6,,,2578,はい,2026-02-23以降,425,209,標準1,282,中小候補,GO,GO,GO,,,https://www.amazon.co.jp/dp/B0GNRK7P3L,
A,B0CJN53SDD,"Raspberry Pi 公式のカメラモジュール V3 (可視光 [SC0872], 4K, 1080p, 720p, ウルトラコンパクト, 16:9, MP4",suptronics,Raspberry Pi財団,パソコン・周辺機器 > シングルボードコンピュータ・アクセサリ,7191,5,,,5800,はい,2026-02-23以降,3250,4385,標準(小型),182,中小候補,GO,GO,GO,,,https://www.amazon.co.jp/dp/B0CJN53SDD,
A,B0FQ1X5R8C,【2026新登場・360°回転・折り畳み式】 タブレット スタンド iPad スタンド 4.7~13インチ対応 軽量 高さ 角度調整 滑り止め 放熱 通気性 安,Kungix,Kungix,パソコン・周辺機器 > PCアクセサリ・サプライ > タブレットアクセサリ,1533,2,HIDEMI SHOP / YUKA NO1,,1963,はい,2026-02-23以降,982,1074,標準1,282,中小候補,GO,GO,GO,,,https://www.amazon.co.jp/dp/B0FQ1X5R8C,
A,B0FDPYH3JR,水月雨 Moondrop Pill オープンイヤー型ワイヤレスイヤホン イヤーカフ イヤホン オープンイヤー ワイヤレス Bluetooth 6.0,Moondrop,Moondrop,家電＆カメラ > イヤホン・ヘッドホン > イヤホン・ヘッドホン本体,4950,2,e☆イヤホン【イヤホン・ヘッドホン専門店 16時までの通常注文は当日発送！】 / 水月雨(MOONDROP)公式ストア,メーカー直販,6750,いいえ,2026-02-23以降,3523,4772,標準(小型),182,中小候補,GO,GO,GO,,,https://www.amazon.co.jp/dp/B0FDPYH3JR,
A,B0FVWNYHKH,[バンダイ(BANDAI)] guigui Single Pack 対象年齢 8才以上 グイグイスライム,BANDAI,バンダイ(BANDAI),おもちゃ > メイキングトイ > ジュエリー作り・ビーズ細工,1125,6,,,1881,はい,2026-02-23以降,686,550,標準1,282,大手/海外疑い,GO,GO,GO,,,https://www.amazon.co.jp/dp/B0FVWNYHKH,
A,B0FVLZ7YCP,Magcubic プロジェクター 家庭用 小型 天井投影 Android 14搭載 4K対応 360°HIFI 立体スピーカー,Magcubic,Magcubic,家電＆カメラ > テレビ・レコーダー > ホームプロジェクター,8564,2,Professional Projectors Store / Visual perception,,7549,はい,2026-02-23以降,4134,5534,標準1,282,中小候補,GO,GO,GO,,,https://www.amazon.co.jp/dp/B0FVLZ7YCP,
A,B0GCMVLX3K,【亜鉛合金 高精度150mm】デジタルノギス フルメタル 亜鉛合金製 防水 高精度デジタルノギス 内径/外径/深さ/段差測定対応 大工・DIY・工業用 大画面L,EELHOE,EELHOE,DIY・工具・ガーデン > 測定工具 > ノギス,1316,2,ZORSHOP,,1699,はい,2026-02-23以降,692,558,標準1,282,中小候補,GO,GO,見送り,相乗り出品が基準未満（卸している証拠なし）,,https://www.amazon.co.jp/dp/B0GCMVLX3K,
A,B0CX56D9HY,延長コード 2M 電源タップ タワー Type-C付 8個AC口 2個USB-Cポート 2個USB-Aポート Micshion USB コンセント 個別スイッチ,Micshion,Micshion,パソコン・周辺機器 > PCアクセサリ・サプライ > 電源タップ,3540,2,U_lifeshop,,3699,はい,2026-02-23以降,1647,2015,標準1,282,中小候補,GO,GO,見送り,相乗り出品が基準未満（卸している証拠なし）,,https://www.amazon.co.jp/dp/B0CX56D9HY,
A,B0GHMT3457,Juliyas ネックケア 首 リラクゼーション器 EMS×TENS Ｗ効果 振動 首元ケア ホットケア 10種類のモード 19段階強度調節,Juliyas,Juliyas,ホーム＆キッチン > 家電 > 健康家電,3968,2,ERCHE / ChenZU,,1999,はい,2026-02-23以降,1104,1210,標準(小型),182,中小候補,GO,GO,GO,,,https://www.amazon.co.jp/dp/B0GHMT3457,
A,B0CGRNXKH5,final (ファイナル) VR2000 for Gaming ダークオリーブ 音ゲー 格ゲー ARPG MOBA向け 3.5mmプラグ,ファイナル(final),final,パソコン・周辺機器 > PCアクセサリ・サプライ > PCゲーミングアクセサリ,7720,3,,,6980,はい,2026-02-23以降,3901,5307,標準(小型),182,中小候補,GO,GO,GO,,,https://www.amazon.co.jp/dp/B0CGRNXKH5,
A,B0BY7YHDZH,ロジテックダイレクト BD-RE AACS対応 ブルーレイディスク Blu-ray Disc 2倍速 くり返し録画用 記録用 25GB 記録メディア スピンドル,ロジテック,ロジテックダイレクト,パソコン・周辺機器 > PCアクセサリ・サプライ > 記録メディア,1773,2,エレコムダイレクトショップ【ELECOM直営公式ストア】 / ロジテックダイレクト,メーカー直販,2780,はい,2026-02-23以降,1506,1815,標準1,282,中小候補,GO,GO,GO,,,https://www.amazon.co.jp/dp/B0BY7YHDZH,
A,B0DG2K4RJ8,[Sinjimoru] MagSafe対応カードケース スタンド付きグリップ 片手操作 強力磁石 iPhone 12~17シリーズ対応 ブラック,Sinjimoru,Sinjimoru Co.Ltd,家電＆カメラ > 携帯電話・スマートフォン > 携帯電話・スマートフォンアクセサリ,3657,2,Sinjimoru Co. Ltd / WESTHILLS JAPAN,メーカー直販,2980,はい,2026-02-23以降,1256,1563,標準(小型),182,中小候補,GO,GO,GO,,,https://www.amazon.co.jp/dp/B0DG2K4RJ8,
A,B0FX7X94T4,【2026革新型・高質感・高速処理】 cd dvdドライブ 外付け dvd ドライブ 外付け cdドライブ 光学ドライブ 6-in-1 外付けdvdドライブ U,Nexmora,Nexmora,パソコン・周辺機器 > 外付けドライブ・ストレージ > 外付光学式ドライブ,1776,2,Go.Fusion / mituho shop,,2680,はい,2026-02-23以降,1459,1748,標準1,282,中小候補,GO,GO,GO,,,https://www.amazon.co.jp/dp/B0FX7X94T4,
A,B075QHXX4M,千吉(Senkichi) 木柄刈込鋏 長柄 150mm SGL-15,SENKICHI,千吉(Senkichi),DIY・工具・ガーデン > ガーデン > 農具・散水用品,4735,4,,,2308,はい,2026-02-23以降,695,562,大型,282,中小候補,GO,GO,見送り,FBA大型サイズ,,https://www.amazon.co.jp/dp/B075QHXX4M,
A,B0GH7VP7MW,THREEKEY マグセーフ充電器 Qi2認証 25W急速充電 高風量冷却ファン搭載,THREEKEY,"Shenzhen Suiqi Innovation Technology Co.,Ltd.",家電＆カメラ > 携帯電話・スマートフォン > 携帯電話・スマートフォンアクセサリ,5745,2,Threekey Direct / Threekey-Office,メーカー直販,2999,はい,2026-02-23以降,1767,2287,標準(小型),182,中小候補,GO,GO,GO,,,https://www.amazon.co.jp/dp/B0GH7VP7MW,
A,B0F3FJLCH7,【世界初！チタン金属製サーキュレーター DCモーター】卓上扇風機 静音 超小型せんぷうき パワフル送風 省エネ USB充電式 10段階風量調節 デスクトップファ,Yibest,Yibest,ホーム＆キッチン > 家電 > 空調・季節家電,3314,4,,,6630,いいえ,2026-02-23以降,3977,4789,標準2,332,中小候補,GO,GO,GO,,,https://www.amazon.co.jp/dp/B0F3FJLCH7,
A,B0GDGBJ6K8,電動ドライバー 強力 電動 7.1N.m 手動 20N.m 22段階トルク調整機能付き 4000mAh 大容量バッテリー搭載 2段階変速電動ドリル【新登場・超軽,CPWORLD,CPWORLD,DIY・工具・ガーデン > 電動工具・エア工具 > 穴あけ・締付工具,2678,4,,,3995,はい,2026-02-23以降,2291,2649,標準1,282,中小候補,GO,GO,GO,,,https://www.amazon.co.jp/dp/B0GDGBJ6K8,
A,B09W1B39MK,LED電球 E26 口金直径26mm 100w形相当 電球色相当(12.5W) 一般電球 全方向タイプ 1個入り 密閉器具対応,POIUYTO,,ホーム＆キッチン > 家電 > 照明,5314,2,POIUYTO-JP,メーカー直販,1630,はい,2026-02-23以降,867,899,標準(小型),182,中小候補,GO,GO,見送り,相乗り出品が基準未満（卸している証拠なし）,,https://www.amazon.co.jp/dp/B09W1B39MK,
A,B0F6LKG8ZT,【Amazon.co.jp限定】ミスト ファン 扇風機 卓上扇風機 キャンプ 風量無段階調節 55時間連続使用 アウトドア ミストスプレーファン Sinessy,Sinessy,Sinessy,ホーム＆キッチン > 家電 > 空調・季節家電,2014,2,Sinessy-専門店 / Karlsway-JP,メーカー直販,6999,はい,2026-02-23以降,4217,5103,標準2,332,中小候補,GO,GO,GO,,,https://www.amazon.co.jp/dp/B0F6LKG8ZT,
A,B0GC548RFC,ワイヤレスHDMI送受信機セット 無線 HDMI【2WAY接続で対応率99%】0.1秒超低遅延 1080P/50m伝送 音画同期 WiFi・設定不要,Yaotin,Yaotin,パソコン・周辺機器 > PCアクセサリ・サプライ,2414,2,Yaotin-JP / Yaotin Store,メーカー直販,6999,はい,2026-02-23以降,4367,5967,標準(小型),182,中小候補,GO,GO,GO,,,https://www.amazon.co.jp/dp/B0GC548RFC,
A,B0FVXVWLR2,LongFlight 携帯枕 ネックピロー 首枕 U型 空気枕 持ち運び便利 旅行枕 収納ポーチ付き 洗えるカバー 飛行機 コンパクト 車 夜行深夜バス 新幹線,LongFlight,LongFlight,ホーム＆キッチン > 寝具 > 枕・抱き枕,3874,3,,,1799,はい,2026-02-23以降,975,1041,標準(小型),182,中小候補,GO,GO,GO,,,https://www.amazon.co.jp/dp/B0FVXVWLR2,
A,B0G129Z8WX,iFace BeBling 2 MagSafe対応 スマホリング MagSynq Ring Holder (ブルー),iface,Hamee(ハミィ),家電＆カメラ > 携帯電話・スマートフォン > 携帯電話・スマートフォンアクセサリ,3217,4,,,3168,はい,2026-02-23以降,1820,2361,標準(小型),182,中小候補,GO,GO,GO,,,https://www.amazon.co.jp/dp/B0G129Z8WX,
A,B0DH2MV4VL,GravaStar キーボード用コイルケーブル USB-C ケーブル コイル状 ゲーミングキーボード type-c 航空コネクタ 高速データ伝送,GravaStar,"ZhuoYe ChuangYi Co., Ltd.",パソコン・周辺機器 > PCアクセサリ・サプライ > ケーブル・アクセサリ,3125,2,GravaStar Japan,メーカー直販,3980,はい,2026-02-23以降,2305,2945,標準1,282,中小候補,GO,GO,見送り,相乗り出品が基準未満（卸している証拠なし）,,https://www.amazon.co.jp/dp/B0DH2MV4VL,
A,B0FHYM3FXB,アンジュスマイル手動さく乳器 乳首 哺乳びん 手動搾乳機 さく乳機 赤ちゃん 授乳 吸引力 母乳育児 母乳保存 断乳 ベビー用品 ベビー さくにゅうき 搾乳ポン,アンジュスマイル,ちゃいなび,ベビー＆マタニティ > 授乳・食事 > 搾乳器,3003,2,ちゃいなび マタニティ医療機器と育児グッズ【エンジェルサウンズ総販売元】,,1602,はい,2026-02-23以降,759,645,標準1,282,中小候補,GO,GO,見送り,相乗り出品が基準未満（卸している証拠なし）,,https://www.amazon.co.jp/dp/B0FHYM3FXB,
A,B0G125V3W6,iFace BeBling 2 MagSafe対応 スマホリング MagSynq Ring Holder (クリア),iface,Hamee(ハミィ),家電＆カメラ > 携帯電話・スマートフォン > 携帯電話・スマートフォンアクセサリ,3217,2,Hamee(ハミィ) / 株式会社コジマ,,3520,はい,2026-02-23以降,1755,2269,標準(小型),182,中小候補,GO,GO,GO,,,https://www.amazon.co.jp/dp/B0G125V3W6,
A,B0F2M5QFQ2,Newsoul モニターアーム VESA モバイルモニタースタンド 卓上 持ち運び モバイルディスプレイアームスタンド 自立式 2段,Newsoul,Newsoul,パソコン・周辺機器 > PCアクセサリ・サプライ > モニターアクセサリ,3080,2,HongKongNuofang / hongqikejiyouxiangongsi,,2699,はい,2026-02-23以降,1261,1469,標準1,282,中小候補,GO,GO,GO,,,https://www.amazon.co.jp/dp/B0F2M5QFQ2,
A,B0GJ37HXXY,Ｌａｚｙｍｅ コードレス フードプロセッサー 小型 時短調理 チョッパー 1台5役 2種の刃 離乳食/肉挽き/野菜/氷/対応 キッチン家電 家庭用,Ｌａｚｙｍｅ,Ｌａｚｙｍｅ,ホーム＆キッチン > 家電 > キッチン家電,7137,2,XuShiAn JP / BendiT,,2980,はい,2026-02-23以降,1655,1817,標準1,282,中小候補,GO,GO,GO,,,https://www.amazon.co.jp/dp/B0GJ37HXXY,
A,B0D1C44P6W,FAR EAST GADGET ファーイーストガジェット タイプスティックス (Black),FAR EAST GADGET,FAR EAST GADGET,パソコン・周辺機器 > PCアクセサリ・サプライ > キーボード&マウスアクセサリ,1679,2,ファーイーストガジェット / PFUダイレクト,,2480,はい,2026-02-23以降,1430,1809,標準(小型),182,中小候補,GO,GO,GO,,,https://www.amazon.co.jp/dp/B0D1C44P6W,
A,B0BSGBQK8V,エレコム USBメモリ 32GB USB3.2（Gen1）対応 超小型 シルバー MF-SU3A032GSV,エレコム(ELECOM),エレコム(ELECOM),パソコン・周辺機器 > 外付けドライブ・ストレージ > USBメモリ・フラッシュドライブ,5306,4,,,2689,はい,2026-02-23以降,1248,1552,標準(小型),182,大手/海外疑い,GO,GO,GO,,,https://www.amazon.co.jp/dp/B0BSGBQK8V,
A,B0GK6PLP2Y,モバイルバッテリー 20000mAh 安心大容量 22.5W 急速充電 複数デバイス同時充電対応（最大5台まで） 軽量 薄型 コンパクト 3種ケーブル内蔵（Ty,TopLuck,wapik,家電＆カメラ > 携帯電話・スマートフォン > 携帯電話・スマートフォンアクセサリ,3648,2,みみみず,,1759,はい,2026-02-23以降,861,902,標準1,282,中小候補,GO,GO,見送り,相乗り出品が基準未満（卸している証拠なし）,,https://www.amazon.co.jp/dp/B0GK6PLP2Y,
A,B0DLT44228,Kachiari(カチアリ) 電動ドライバー KA-9 18V対応 40N.m 家具組立 ネジ締め 本体のみ,Kachiari,Kachiari KA-9,DIY・工具・ガーデン > 電動工具・エア工具 > 穴あけ・締付工具,6379,2,SYPOUSY LIMITED / Kachiari,メーカー直販,4160,はい,2026-02-23以降,2027,2304,標準1,282,中小候補,GO,GO,GO,,,https://www.amazon.co.jp/dp/B0DLT44228,
A,B07FNLRB88,8(eight) (エイト) 本格派 桐 本桐 2枚歯 下駄 紳士用 男性 ブラック Ｌ 約28.0cm,8(eight),,ファッション > メンズ > シューズ,6531,2,８(eight)はワンホワイト株式会社の登録商標です。,メーカー直販,2690,はい,2026-02-23以降,1401,1485,標準1,282,中小候補,GO,GO,見送り,相乗り出品が基準未満（卸している証拠なし）,,https://www.amazon.co.jp/dp/B07FNLRB88,
A,B0DQ81QZWP,【張る空気清浄機×5つの試験で99%】 ハウスダスト対策 エアコンフィルター 壁掛エアコン・空気清浄機用 掃除 ホコリ 換気扇 エアクリーンラボ 花粉対策 2枚,Airクリーンラボ,E-Surf,ホーム＆キッチン > 家電 > 空調・季節家電,5970,2,モノラボ【30日間保証付】【24時間迅速配送】 / モノづくり本舗【30日間保証付】【24時間迅速配送】,,1980,はい,2026-02-23以降,670,529,標準1,282,中小候補,GO,GO,GO,,,https://www.amazon.co.jp/dp/B0DQ81QZWP,
A,B01N7YV05R,パイロットコーポレーション(PILOT CORPORATION) きらりんシール スタンダードセット,パイロットコーポレーション(PILOT CORPORATION),パイロットコーポレーション(PILOT CORPORATION),おもちゃ > メイキングトイ,4174,3,,,7500,はい,2026-02-23以降,4255,5217,標準1,282,中小候補,GO,GO,GO,,,https://www.amazon.co.jp/dp/B01N7YV05R,
A,B09BWHTLYR,【SONYオフィシャルライセンス商品】PDP Victrix Gambit PS5 ゲーミングヘッドセット ワイヤレス 有線 ブラック マイク付き【国内正規品】,PDP,PDP,ゲーム > 機種別 > プレイステーション4,1749,4,,,7990,はい,2026-02-23以降,4911,6075,標準1,282,大手/海外疑い,GO,GO,GO,,,https://www.amazon.co.jp/dp/B09BWHTLYR,
A,B0G3WNRCPF,iClever キーボード マウスセット ワイヤレス Bluetooth＆2.4G JIS日本語配列 フルサイズ テンキー付き マウス4段調節可能DPI 静音 ,iClever,iClever,パソコン・周辺機器 > キーボード・マウス・入力機器 > キーボード・マウスセット,2269,2,Thousandshores JP,,5790,いいえ,2026-02-23以降,2916,3810,標準1,282,中小候補,GO,GO,見送り,相乗り出品が基準未満（卸している証拠なし）,,https://www.amazon.co.jp/dp/B0G3WNRCPF,
A,B0G52HJ2BL,Yoaioブロワー 第3代ブロアー コードレス充電式 洗車強力 78dB超低音・風速ロック・マキタ互換3000mAhバッテリー2個・ハンギングライト,Yoaio,Yoaio,DIY・工具・ガーデン > ガーデン > 農業・園芸用機器,1315,2,Liz Cor JP(全品保証あり）,,6899,はい,2026-02-23以降,4152,5018,標準2,332,中小候補,GO,GO,見送り,相乗り出品が基準未満（卸している証拠なし）,,https://www.amazon.co.jp/dp/B0G52HJ2BL,
A,B0CKYLHY5T,Fotopro カーボン三脚延長チューブ P-2A 63cm 3段 260g 軽量 センターポール 耐荷重10kg,Fotopro,Fotopro,家電＆カメラ > カメラ > アクセサリ,10552,2,iStabilizer-JP / Amazon US,,2900,はい,2026-02-23以降,1131,1285,標準1,282,中小候補,GO,GO,GO,,,https://www.amazon.co.jp/dp/B0CKYLHY5T,
A,B0C4MLZ2G9,iplusmile 3 セット スプリンクラー 高圧 圧力 ホース 高圧 圧力 ノズル 灌漑 散水 プラスチック ホース アタッチメント 360 度 ロータリー,iplusmile,iplusmile,DIY・工具・ガーデン > ガーデン > 農具・散水用品,5324,3,,,4855,はい,2026-02-23以降,2381,2767,標準1,282,中小候補,GO,GO,GO,,,https://www.amazon.co.jp/dp/B0C4MLZ2G9,
A,B0FJR8KGRJ,FULNG キッチン排水口用 シンク 排水口 ゴミ受け ステンレス キッチン 排水口 排水溝 水切りネットホルダー ?口径14.5cm対応 お手入れ簡単 流し用,FULNG,FULNG,ホーム＆キッチン > キッチン用品 > シンク周り用品,2107,2,Unicooo,,2480,はい,2026-02-23以降,1249,1286,標準1,282,中小候補,GO,GO,見送り,相乗り出品が基準未満（卸している証拠なし）,,https://www.amazon.co.jp/dp/B0FJR8KGRJ,
A,B0FK91X6DF,3in1 ワイヤレス充電器 折り畳み式 15W急速充電 I-phone17/16/15/14/13/12 マグセーフ 角度調整可能 雰囲気ライト付き 3台同時充,Inkkey,"SHENZHEN XU HUI WEIYE ELECTRONIC TECHNOLOGY CO., LTD.",家電＆カメラ > 携帯電話・スマートフォン > 携帯電話・スマートフォンアクセサリ,6247,2,Zecti / Minggelan,,2998,はい,2026-02-23以降,1569,1905,標準1,282,中小候補,GO,GO,GO,,,https://www.amazon.co.jp/dp/B0FK91X6DF,
A,B0FPX5MHD3,[TARKINS] ハーフ インソール 【理学療法士推薦ｘpococe掲載ｘレッド•ドット賞受賞】 扁平足 インソール 疲れない 中敷き,Tarkins,"Dongguan XinXingYao Industrial Co., Ltd",スポーツ＆アウトドア > スポーツケア・アクセサリ・競技備品 > スポーツケア用品,519,3,,,2199,はい,2026-02-23以降,1247,1397,標準(小型),182,中小候補,GO,GO,GO,,,https://www.amazon.co.jp/dp/B0FPX5MHD3,
A,B07PQRBV8V,からからつみき 木製 積み木 ギフト 知育玩具 モンテッソーリ | 240ピース 日本製 宮崎県産杉100%使用 無塗装 木のおもちゃ 0歳 1歳 2歳 3歳 ,からからつみき(KARAKARATSUMIKI),からからつみき(Karakaratsumiki),おもちゃ > 赤ちゃん・幼児のおもちゃ > 積み木,4558,2,IRODORI Heart（イロドリハート） / キャラメルカフェ(株)２点購入で5％OFF（対象商品）,,6980,はい,2026-02-23以降,3724,4458,標準2,332,中小候補,GO,GO,GO,,,https://www.amazon.co.jp/dp/B07PQRBV8V,
A,B0872NC4YN,Victor(ビクター) 1回録画用 ブルーレイディスク BD-R DL 50GB 10枚 ホワイトプリンタブル 片面2層 1-6倍速 スリムケース VBR26,ビクター(VICTOR),Victor(ビクター),パソコン・周辺機器 > PCアクセサリ・サプライ > 記録メディア,2539,4,,,3000,はい,2026-02-23以降,1538,1860,標準1,282,中小候補,GO,GO,GO,,,https://www.amazon.co.jp/dp/B0872NC4YN,
A,B0DDTGF4YH,[ハミィ] iFace Hang and ストラップホルダー ダブルリング(シルバー),Hamee(ハミィ),,家電＆カメラ > 携帯電話・スマートフォン > 携帯電話・スマートフォンアクセサリ,1491,2,Hamee(ハミィ) / 株式会社コジマ,メーカー直販,1980,はい,2026-02-23以降,976,1167,標準(小型),182,中小候補,GO,GO,GO,,,https://www.amazon.co.jp/dp/B0DDTGF4YH,
A,B0CPDWZ221,ハイアール(Haier) 炊飯器 5.5合炊き マイコン式 あつ旨炊き 低温調理 保温 予約機能 大火力680W 早炊き 炊飯メニュー12種類 ホワイト JJ-,Haier,ハイアール(Haier),産業・研究開発用品 > 飲食店舗用品 > 業務用厨房機器,2494,5,,,7800,はい,2026-02-23以降,4117,5036,大型,282,中小候補,GO,GO,見送り,FBA大型サイズ,,https://www.amazon.co.jp/dp/B0CPDWZ221,
A,B0FBM6X15S,Belkin Cubic Charger 67W 充電器 type-c PD充電器 USB-C*2 急速充電 ZSP技術を搭載(待機消費0) ホワイト,Belkin,Belkin,家電＆カメラ > 携帯電話・スマートフォン > 携帯電話・スマートフォンアクセサリ,7837,2,Belkin Japan / PLUS YU（プラスユウ）,メーカー直販,4157,はい,2026-02-23以降,2335,3091,標準(小型),182,中小候補,GO,GO,GO,,,https://www.amazon.co.jp/dp/B0FBM6X15S,
A,B088813DMP,【うんちが臭わないトイレ】 BOS非常用トイレ (Bセット) 15回分 災害/携帯/簡易トイレ/15年保存 ◆防臭 防菌◆ 臭わない袋BOS付き 防災グッズ,BOS,BOS-SHOP,DIY・工具・ガーデン > 安全・セキュリティ > 仮設・簡易トイレ,9114,6,,,2020,はい,2026-02-23以降,587,420,標準1,282,中小候補,GO,GO,GO,,,https://www.amazon.co.jp/dp/B088813DMP,
A,B0DRK922L6,SPOSING 盗聴器発見機 【2025年革新型∙高感度探知機】盗聴器発見器 盗撮カメラ 発見器 gps発見機 カメラ探知機 赤外線レーザー 探知機 隠しカメラ,SPOSING,SPOSING,DIY・工具・ガーデン > 安全・セキュリティ > 安全センサ・検出器,1193,3,,,3280,はい,2026-02-23以降,1390,1584,標準(小型),182,中小候補,GO,GO,GO,,,https://www.amazon.co.jp/dp/B0DRK922L6,
A,B0CRGKBHJR,GORIX(ゴリックス) 自転車 スタンド [縦置き 横置き 掛置き L字 3タイプの置き方ができる] ロードバイク サイクルスタンド メンテナンス GX-01,GORIX(ゴリックス),GORIX(ゴリックス),スポーツ＆アウトドア > 自転車 > 自転車アクセサリ,10280,2,GORIX 公式,,3599,はい,2026-02-23以降,2007,2213,標準2,332,中小候補,GO,GO,見送り,相乗り出品が基準未満（卸している証拠なし）,,https://www.amazon.co.jp/dp/B0CRGKBHJR,
A,B0F5BSRT8X,骨盤底筋トレーニング器具 組み立て不要 張力23kg 内転筋トレーニング 太もも 筋トレ ダイエット器具 収納可能 Viangs,viangs,cxiao,スポーツ＆アウトドア > フィットネス・トレーニング > ピラティス,4988,5,,,2372,はい,2026-02-23以降,1259,1300,標準1,282,中小候補,GO,GO,GO,,,https://www.amazon.co.jp/dp/B0F5BSRT8X,
A,B07CMT6G8V,[TABITUS+] タビタス ワンツーフィニッシュ ハンガーケース NEW JALUX ブラック…,TABITUS+,TABITUS+,ファッション > バッグ・スーツケース > スーツケース・トラベルバッグ,4264,2,【公式】A2ショップ / グレンチェック,,3380,はい,2026-02-23以降,1915,2157,標準1,282,中小候補,GO,GO,GO,,,https://www.amazon.co.jp/dp/B07CMT6G8V,
A,B0F3CQ2G4K,YUDOFICAL 延長コード 2m 電源タップ USB コンセントタップ 4個AC+2個USB-A+1個Type-C 黒,YUDOFICAL,YUDOFICAL,パソコン・周辺機器 > PCアクセサリ・サプライ > 電源タップ,4180,2,Honcoo / YUDOFICAL Direct,メーカー直販,1825,はい,2026-02-23以降,904,963,標準1,282,中小候補,GO,GO,GO,,,https://www.amazon.co.jp/dp/B0F3CQ2G4K,
A,B0GNZHPDNM,"BURTLE バートル エアークラフト スペーサーベスト(ユニセックス) ブラック AC410 35 F (2026年モデル/ブラック, F)",BURTLE,バートル(Burtle),ファッション > メンズ > 服＆ファッション小物,2952,4,,,5880,はい,2026-02-23以降,2435,2837,大型,282,大手/海外疑い,GO,GO,見送り,FBA大型サイズ,,https://www.amazon.co.jp/dp/B0GNZHPDNM,
A,B08BRWJNM4,SmallRig FUJIFILM用 X100VI/X100V対応 サムグリップ カメラホットシューサムレスト 装着簡単 カメラホールド感と安全性を向上 シリコ,SMALLRIG,SmallRig,家電＆カメラ > カメラ > アクセサリ,8096,2,SmallRig Japan / 株式会社コジマ,メーカー直販,2371,はい,2026-02-23以降,1268,1581,標準(小型),182,中小候補,GO,GO,GO,,,https://www.amazon.co.jp/dp/B08BRWJNM4,
A,B0GL4NVLY8,RiDATA BD-RE ブルーレイディスク 繰り返し録画用BD-RE 50GB BE260PW2X.20SCHS 20枚パック,RiDATA,RiDATA,パソコン・周辺機器 > PCアクセサリ・サプライ > 記録メディア,6134,2,ホームショッピング,,5280,はい,2026-02-23以降,2872,3689,標準2,332,中小候補,GO,GO,見送り,相乗り出品が基準未満（卸している証拠なし）,,https://www.amazon.co.jp/dp/B0GL4NVLY8,
A,B0F12SXMQN,エアーポンプ 電動 空気入れ・空気抜き 携帯式エアーポンプ【5つのノズル＆ライト付＆収納袋付】USB充電式 超軽量 4Kpa 空気入れ 空気抜く 浮き輪 エアベ,wookiyyo,wookiyyo,スポーツ＆アウトドア > アウトドア > 寝袋・ベッド・マット,229,4,,,2259,はい,2026-02-23以降,1272,1430,標準(小型),182,中小候補,GO,GO,GO,,,https://www.amazon.co.jp/dp/B0F12SXMQN,
A,B0DWFJT7LV,NIKE ナイキ ソリッドコアタオル ミディアム ブラック/ホワイト TW2001-010,ナイキ(NIKE),ナイキ(NIKE),スポーツ＆アウトドア > 水泳・スイミング > スポーツタオル,6676,2,ゴルフ安売王 / 大福屋 本店,,2398,はい,2026-02-23以降,819,837,標準(小型),182,大手/海外疑い,GO,GO,GO,,,https://www.amazon.co.jp/dp/B0DWFJT7LV,
A,B0BXWW8Y7R,イガラシ パステルレインボーウキワ80cm ロープ付 RLB-880V,イガラシ(Igarashi),イガラシ(Igarashi),おもちゃ > アクション・スポーツトイ > プール・水遊び,3649,4,,,1680,はい,2026-02-23以降,810,712,標準1,282,中小候補,GO,GO,GO,,,https://www.amazon.co.jp/dp/B0BXWW8Y7R,
A,B0DNW38V36,NidoDegato 折りたたみベッド シングル 簡易ベッド 長190*幅66CM ヘッドレスト6段調整 収納袋付き,NidoDegato,NidoDegato,スポーツ＆アウトドア > アウトドア > 寝袋・ベッド・マット,1573,2,,,6180,はい,2026-02-23以降,3040,3628,大型,282,中小候補,GO,GO,見送り,FBA大型サイズ,,https://www.amazon.co.jp/dp/B0DNW38V36,
A,B074RXSYH2,太平洋工業 チューブレスタイヤゴムバルブ 100個セット TR413CL パッキン付き 太平洋パシフィック TR-413 チューブレスタイヤ用スナップインバルブ,太平洋工業,太平洋工業,車＆バイク > バイクタイヤ・ホイール > ホイール・リムアクセサリ,1639,5,タイヤステージ湘南アマゾン / WorldStride【T7120001269756】返品商品は返品手数料と往復送料をご負担頂きます / LiFE【適格請求書発行事業者】 / ビッグ・Ｄ・タイヤ,,4150,はい,2026-02-23以降,2365,2681,標準2,332,中小候補,GO,GO,GO,,,https://www.amazon.co.jp/dp/B074RXSYH2,
A,B08C7KZLWV,コジット 水に浮いたような座り心地 長時間座ってもお尻が痛くなりにくい Wゲル携帯クッション ハネナイト ブラウン,コジット,コジット,ホーム＆キッチン > ラグ・カーテン・ファブリック > クッション・座布団,3598,2,暮らしのデパート / ＨＹショップ【賞味期限のある商品はできる限り新しいものをお送り致します】,,2479,はい,2026-02-23以降,722,597,標準1,282,中小候補,GO,GO,GO,,,https://www.amazon.co.jp/dp/B08C7KZLWV,
A,B0D7Z55LXS,タカラトミー トミカプレミアムunlimited 爆走兄弟レッツ＆ゴー!! ミニ四駆 ビクトリーマグナム ミニカー おもちゃ 6歳以上,タカラトミー(TAKARA TOMY),タカラトミー(TAKARA TOMY),おもちゃ > 乗り物おもちゃ > カー・レースカー,4240,5,,,2600,はい,2026-02-23以降,770,773,標準(小型),182,大手/海外疑い,GO,GO,GO,,,https://www.amazon.co.jp/dp/B0D7Z55LXS,
A,B0FJ1KGLQY,エンラージ商事 OBD2 診断機 DT-901 全システム診断 DTC読取 消去 OBD検査対応 トヨタ車用,EnlargeCorp,株式会社エンラージ商事,車＆バイク > カーパーツ > 電子パーツ,3308,2,(株)エンラージ商事,,7980,はい,2026-02-23以降,4442,5462,標準1,282,中小候補,GO,GO,見送り,相乗り出品が基準未満（卸している証拠なし）,,https://www.amazon.co.jp/dp/B0FJ1KGLQY,
A,B0FDQWPG35,Philips(フィリップス) モバイルバッテリー 小型 Apple Watch対応 5000mAh 直差し ケーブル内蔵 軽量 DLP2557V,PHILIPS,PHILIPS,家電＆カメラ > 携帯電話・スマートフォン > 携帯電話・スマートフォンアクセサリ,10562,2,Philips Power オフィシャル,メーカー直販,3383,はい,2026-02-23以降,1994,2609,標準(小型),182,大手/海外疑い,GO,GO,見送り,相乗り出品が基準未満（卸している証拠なし）,,https://www.amazon.co.jp/dp/B0FDQWPG35,
A,B0FMXLFN4V,【プロ品質の万能肥料】観葉植物 水耕栽培 粉末 肥料 栄養剤 液体肥料 自然暮らし 水に溶かして速く効く粉末液肥 100g 添加液肥20ml,自然暮らし,日東エフシー株式会社,DIY・工具・ガーデン > ガーデン > 肥料・園芸薬剤,4186,3,,,2533,はい,2026-02-23以降,1156,1165,標準1,282,中小候補,GO,GO,GO,,,https://www.amazon.co.jp/dp/B0FMXLFN4V,
A,B0F4D6QHJM,ProHonda STANDARD SL MA 5W30 1L,ホンダ(Honda),ホンダ(Honda),車＆バイク > オイル・フルード > オイル,1972,4,,,2651,はい,2026-02-23以降,568,332,標準2,332,中小候補,GO,GO,GO,,,https://www.amazon.co.jp/dp/B0F4D6QHJM,
A,B0DP1CX587,エアーポンプ 電動 空気入れ・空気抜く両対応 USB充電式 超軽量 ライト付き 電動ポンプ 5種類ノズル 携帯式 浮き輪 ゴムボート エアベット 真空袋 適用,wookiyyo,wookiyyo,スポーツ＆アウトドア > アウトドア > 寝袋・ベッド・マット,14130,3,,,2680,はい,2026-02-23以降,1285,1446,標準(小型),182,中小候補,GO,GO,GO,,,https://www.amazon.co.jp/dp/B0DP1CX587,
A,B0G12L49WN,iFace BeBling 2 MagSafe対応 スマホリング MagSynq Ring Holder (ブラック),iface,Hamee(ハミィ),家電＆カメラ > 携帯電話・スマートフォン > 携帯電話・スマートフォンアクセサリ,3216,3,,,3168,はい,2026-02-23以降,1755,2269,標準(小型),182,中小候補,GO,GO,GO,,,https://www.amazon.co.jp/dp/B0G12L49WN,
A,B0CZD4NGSD,TOWOOZ MacBook Air ケース13-13.6インチ M5/M4/M3/M2/M1チップ/13インチMacBook Neo A18 Proチップ搭載,TOWOOZ,TOWOOZ,パソコン・周辺機器 > PCアクセサリ・サプライ > ノートパソコンアクセサリ,7085,2,TOWOOZ-JP専門店【HXL】 / TOWOOZ-JP専門店【NA】,メーカー直販,3039,はい,2026-02-23以降,1693,2079,標準1,282,中小候補,GO,GO,GO,,,https://www.amazon.co.jp/dp/B0CZD4NGSD,
A,B0F8GYPTDN,Victor(ビクター) くり返し録画用 ブルーレイディスク BD-RE DL 50GB ホワイトプリンタブル 片面2層 1-2倍速 スリムケース VBE260,‎バーベイタム(Verbatim),Victor(ビクター),パソコン・周辺機器 > PCアクセサリ・サプライ > 記録メディア,2819,3,,,6020,はい,2026-02-23以降,3555,4655,標準2,332,中小候補,GO,GO,GO,,,https://www.amazon.co.jp/dp/B0F8GYPTDN,
A,4777229513,2026 共通テスト総合問題集 英語(リーディング) (河合塾SERIES),河合出版,河合出版,本 > ジャンル別 > 語学・辞事典・年鑑,35055,3,,,4369,はい,2026-02-23以降,719,593,標準1,282,中小候補,GO,GO,GO,,,https://www.amazon.co.jp/dp/4777229513,
A,B0BW476N31,"Seeeduino XIAO ESP32C3, IoT 制御シナリオ用の Wi-Fi と BLE を備えた Tiny MCU ボード (1pc)",MiiElAOD,Miistore,パソコン・周辺機器 > シングルボードコンピュータ・アクセサリ > シングルボードコンピュータ,6380,6,,,1540,はい,2026-02-23以降,715,797,標準(小型),182,中小候補,GO,GO,GO,,,https://www.amazon.co.jp/dp/B0BW476N31,
A,B0F99M631F,hdmi 無線 ワイヤレス hdmi 送受信機セット 0.03秒超低遅延「1080P/5G+2.4G/100m安定転送/日本技適認証取得」,AOTOLO,AOTOLO,パソコン・周辺機器 > PCアクセサリ・サプライ,4748,2,AOTOLO-JP,メーカー直販,5999,はい,2026-02-23以降,3522,4771,標準(小型),182,中小候補,GO,GO,見送り,相乗り出品が基準未満（卸している証拠なし）,,https://www.amazon.co.jp/dp/B0F99M631F,
A,B0G2XTLCBL,LAOPAO ソープディスペンサー 自動 液体 2段階 オートディスペンサー ハンドソープディスペンサー シャンパン色 液体 [並行輸入品],LAOPAO,LAOPAO,ホーム＆キッチン > バス・トイレ・洗面用品 > バス用品,10091,2,Laopao(JP) Inc. / JDJD SOUND,メーカー直販,3399,はい,2026-02-23以降,1595,1739,標準1,282,中小候補,GO,GO,GO,,,https://www.amazon.co.jp/dp/B0G2XTLCBL,
A,B07NN9Z9C8,ウッディプッディ(Woodypuddy) サラダセット,ウッディプッディ(Woodypuddy),ウッディプッディ(Woodypuddy),おもちゃ > ままごと・ごっこ遊び > ままごと用キッチン・食べ物,8098,2,EMBL(エンブル)《適格請求書発行事業者登録済》 / 美鳩商会(ミハトショウカイ)適格請求書発行事業者,,6592,はい,2026-02-23以降,2667,3140,標準1,282,中小候補,GO,GO,GO,,,https://www.amazon.co.jp/dp/B07NN9Z9C8,
A,B0G8Z3P1GX,集音器 高齢者 しゅうおんき 【2026新設計・簡単操作・自動電源ON/OFF】4段階音量調整 音声拡聴器 最大20-30時間連続使用可 1200mah充電ケー,,,ホーム＆キッチン > 家電 > 健康家電,19974,2,KokoRiri,,7979,はい,2026-02-23以降,3782,4712,標準(小型),182,中小候補,GO,GO,見送り,相乗り出品が基準未満（卸している証拠なし）,,https://www.amazon.co.jp/dp/B0G8Z3P1GX,
A,B0FLJZ2M2G,【快適な眠りへ・介護専門家推薦】 Tillmulya 三角クッション 三角枕 6in1 背中クッション 体圧分散 腰をサポート テレビ 読書 ホワイト,Tillmulya(ティルマヤ),Tillmulya,ホーム＆キッチン > 寝具 > 枕・抱き枕,1347,3,,,4980,はい,2026-02-23以降,2545,2981,大型,282,中小候補,GO,GO,見送り,FBA大型サイズ,,https://www.amazon.co.jp/dp/B0FLJZ2M2G,
A,B0DQPYPD3Q,TESSAN 海外 変換プラグC/BF/O/SEタイプ 旅行 便利グッズ コンセント 変換 取り外し可能 マルチ変換プラグ 6台同時充電 usb付,TESSAN,TESSAN,家電＆カメラ > アクセサリ・サプライ > 旅行用電源変換プラグ,1783,2,TESSAN DIRECT,メーカー直販,2599,はい,2026-02-23以降,1082,1215,標準1,282,中小候補,GO,GO,見送り,相乗り出品が基準未満（卸している証拠なし）,,https://www.amazon.co.jp/dp/B0DQPYPD3Q,
A,B0FMDSWS8Z,Philips (フィリップス) 3-in-1ワイヤレス充電器 Qi2対応 照明ライト付き スマホ/ウォッチ/イヤホン対応 ホワイト DLK3549Q,PHILIPS,PHILIPS,家電＆カメラ > 携帯電話・スマートフォン > 携帯電話・スマートフォンアクセサリ,11310,2,Philips Power オフィシャル,メーカー直販,6880,はい,2026-02-23以降,4190,5613,標準1,282,大手/海外疑い,GO,GO,見送り,相乗り出品が基準未満（卸している証拠なし）,,https://www.amazon.co.jp/dp/B0FMDSWS8Z,
A,B0FS18JNZD,LED ランタン 高輝度 1500ルーメン 懐中電灯 Type-C充電式 大容量バッテリー 無段階調光 4モード調光 IP54防水防塵 磁石ベース 残量表示 軽,Fieldoro,Fieldoro,スポーツ＆アウトドア > アウトドア > ライト・ランタン,1075,2,KAZUO SHOP,,2578,はい,2026-02-23以降,1478,1698,標準(小型),182,中小候補,GO,GO,見送り,相乗り出品が基準未満（卸している証拠なし）,,https://www.amazon.co.jp/dp/B0FS18JNZD,
A,B0F2FR976X,スーパーシリーズ 高除去タイプ 交換用カートリッジ SX705T/SX904V/SX606Vモデル互換 STC.T2J-Z 交換用フィルター 2個,GLACIER FRESH,GLACIER FRESH,ホーム＆キッチン > キッチン用品 > 浄水器・整水器,9225,2,GlacierFresh Home,メーカー直販,2763,はい,2026-02-23以降,1497,1724,標準(小型),182,中小候補,GO,GO,見送り,相乗り出品が基準未満（卸している証拠なし）,,https://www.amazon.co.jp/dp/B0F2FR976X,
A,B0F4DB4KWR,ProHonda PREMIUM SPORTS SL MA 10W30 1L,ホンダ(Honda),ホンダ(Honda),車＆バイク > オイル・フルード > オイル,11312,4,,,3470,はい,2026-02-23以降,1203,1226,標準1,282,中小候補,GO,GO,GO,,,https://www.amazon.co.jp/dp/B0F4DB4KWR,
A,B0DJ2WJK69,エコチェッカー エコキーパー コンセント 節電 電力チェッカー 電力計 チェッカー 簡易電力計 エコ 省エネ 大型LCD表示 デジタル液晶ディスプレイ ボタン ,ANPEI-ELEC,ANPEI-ELEC,産業・研究開発用品 > 工業用計測器 > 電子測定機器,2066,2,Ampere電機株式会社,,1509,はい,2026-02-23以降,798,810,標準(小型),182,中小候補,GO,GO,見送り,相乗り出品が基準未満（卸している証拠なし）,,https://www.amazon.co.jp/dp/B0DJ2WJK69,
A,B0CYNP4RQQ,イガラシ 120cm浮き輪 チルタイムウキワ ロープ付き RLC-121V,イガラシ(Igarashi),イガラシ(Igarashi),おもちゃ > アクション・スポーツトイ > プール・水遊び,10092,2,風船唐綿 / 住設プロ,,3117,はい,2026-02-23以降,1202,1160,標準2,332,中小候補,GO,GO,GO,,,https://www.amazon.co.jp/dp/B0CYNP4RQQ,
A,B0DXJ26BWJ,無印良品 ポリエステル 縦型クッションタブレットケース ・１１型用 ピンク 84444609,無印良品,無印良品,パソコン・周辺機器 > PCアクセサリ・サプライ > タブレットアクセサリ,4354,5,,,1780,はい,2026-02-23以降,291,95,標準1,282,中小候補,GO,GO,GO,,,https://www.amazon.co.jp/dp/B0DXJ26BWJ,
A,B0G4MGPM9J,トレッキングポール カーボン 1本セット【超軽量115g/125g/130G】トレッキングポール 折りたたみ 5段 110/120/130 cm ハイキングポー,EAGLEKING,EAGLEKING,スポーツ＆アウトドア > 登山・クライミング > トレッキングポール,7816,2,EAGLEKING STORE,メーカー直販,3500,はい,2026-02-23以降,1647,1807,標準1,282,中小候補,GO,GO,見送り,相乗り出品が基準未満（卸している証拠なし）,,https://www.amazon.co.jp/dp/B0G4MGPM9J,
A,B0DBHWT2LY,【国内正規品】Keychron C3 Pro カスタムゲーミングキーボード、コンパクトテンキーレスレイアウト/USレイアウト/赤色LEDバックライト/有線接続メ,Keychron,Keychron,パソコン・周辺機器 > キーボード・マウス・入力機器 > ゲーミングキーボード,12692,3,Keychron Japan,メーカー直販,5544,はい,2026-02-23以降,3271,4254,標準2,332,中小候補,GO,GO,見送り,相乗り出品が基準未満（卸している証拠なし）,,https://www.amazon.co.jp/dp/B0DBHWT2LY,
A,B0GD79PPWN,【Amazon.co.jp限定】LEDデスクライト 目に優しい 高輝度 卓上ライト｜5段階調光・調色 タッチ操作 メモリー・タイマー機能 USB給電 多角度調整,ラブホーム美家,ラブホーム美家,ホーム＆キッチン > 家電 > 照明,2207,2,,,2980,いいえ,2026-02-23以降,1508,1624,大型,282,中小候補,GO,GO,見送り,FBA大型サイズ,,https://www.amazon.co.jp/dp/B0GD79PPWN,
A,B0FX9NQ3CF,[bagasin] パソコンバッグ 17 17.3インチ パソコンケース ブリーフケース,bagasin,bagasin,パソコン・周辺機器 > PCアクセサリ・サプライ > ノートパソコンアクセサリ,5967,2,lukesijp / Amazon US,,3299,はい,2026-02-23以降,1631,1992,標準1,282,中小候補,GO,GO,GO,,,https://www.amazon.co.jp/dp/B0FX9NQ3CF,
A,B0FJ7W6NS8,洗車セット 極厚 洗車タオル 洗車グローブ ホイールブラシ 折りたたみバケツ 洗車ブラシ 車 バイク用 洗車グッズ 洗車用品 (13点セット（アドバンス）),爆弾鬼,GlanzHaus（グランツハウス）,車＆バイク > 洗車・お手入れ用品 > 洗車用品セット,3153,2,グランツハウス,,3980,はい,2026-02-23以降,1996,2199,標準2,332,中小候補,GO,GO,見送り,相乗り出品が基準未満（卸している証拠なし）,,https://www.amazon.co.jp/dp/B0FJ7W6NS8,
A,B0G4MKNVD5,トレッキングポール カーボン 1本セット【超軽量115g/125g/130G】トレッキングポール 折りたたみ 5段 110/120/130 cm ハイキングポー,EAGLEKING,EAGLEKING,スポーツ＆アウトドア > 登山・クライミング > トレッキングポール,7816,2,EAGLEKING STORE,メーカー直販,3500,はい,2026-02-23以降,1647,1807,標準1,282,中小候補,GO,GO,見送り,相乗り出品が基準未満（卸している証拠なし）,,https://www.amazon.co.jp/dp/B0G4MKNVD5,
A,B095JK6CWH,AIJYU TOYS 足けり乗用玩具 乗り物おもちゃ STマーク取得 メルセデスベンツ G350d キッズカー 子ども用 (BLACK),AIJYU TOYS,AIJYU TOYS,おもちゃ > 乗用玩具・三輪車,5020,2,,,5980,はい,2026-02-23以降,3390,4086,大型,282,中小候補,GO,GO,見送り,FBA大型サイズ,,https://www.amazon.co.jp/dp/B095JK6CWH,
A,B0G2H15HQ7,電動ドライバー【1台4役・電動ドリルドライバー・ブラシレスモーター・60N.m・リアノック】電動ドリル 20+3段階トルク 無段変速 コンクリートビット スピー,Betenet,Betenet,DIY・工具・ガーデン > 電動工具・エア工具 > 穴あけ・締付工具,2835,3,,,6498,はい,2026-02-23以降,3850,4622,標準2,332,中小候補,GO,GO,GO,,,https://www.amazon.co.jp/dp/B0G2H15HQ7,
A,B0GKDJCZWK,FOXKOO シェーバー レディース VIO対応 【2in1 ダブルヘッドシェーバー 】3D フローティングヘッド メンズ 顔剃り 回転式 デュアルヘッド 女性,Foxkoo,co.jp,ホーム＆キッチン > 家電 > 理美容家電,999,3,,,3230,いいえ,2026-02-23以降,1917,2273,標準(小型),182,中小候補,GO,GO,GO,,,https://www.amazon.co.jp/dp/B0GKDJCZWK,
A,B00FB91SSI,SUN UP 両口メガネレンチ 6丁組,近与(KONYO),近与,DIY・工具・ガーデン > 作業工具 > 駆動工具,477,6,,,3163,はい,2026-02-23以降,1383,1462,標準1,282,中小候補,GO,GO,GO,,,https://www.amazon.co.jp/dp/B00FB91SSI,
A,B0F993JSLR,GAGULA for Apple Watch バンド チェーン ベルト アップルウォッチ バンド 調整器具不要 ステンレス SE 3/SE 2/SE/ 11 1,GAGULA,GAGULA,家電＆カメラ > 携帯電話・スマートフォン > 携帯電話・スマートフォンアクセサリ,2465,2,LJAMAZ / SLH-JP,,2599,はい,2026-02-23以降,1297,1621,標準(小型),182,大手/海外疑い,GO,GO,GO,,,https://www.amazon.co.jp/dp/B0F993JSLR,
A,B0CV3CWP82,【BARREL公式】首振りファン Aechmea move（エクメアムーブ）ライティングレール設置タイプ、リモコン付き、タイマー機能 (マットブラック),BARREL,BARREL,ホーム＆キッチン > 家電 > 空調・季節家電,7095,4,,,7990,はい,2026-02-23以降,3924,4785,標準1,282,中小候補,GO,GO,GO,,,https://www.amazon.co.jp/dp/B0CV3CWP82,
A,B0G534XZPF,"MATECH Qi2 モバイルバッテリー マグセーフ 超薄型 小型 軽量(史上最薄10.8mm, 10000mAh)【MagSafe対応マグネット式/最大出力1",MATECH,MATECH,家電＆カメラ > 携帯電話・スマートフォン > 携帯電話・スマートフォンアクセサリ,8685,2,【国内メーカー】MATECH株式会社,メーカー直販,5990,はい,2026-02-23以降,3711,5038,標準(小型),182,中小候補,GO,GO,見送り,相乗り出品が基準未満（卸している証拠なし）,,https://www.amazon.co.jp/dp/B0G534XZPF,
A,B0D91SJB4V,SELENEFF バイクヘルメット ハーフ 半ヘル SGマーク PSCマーク 認証 125cc以下 原付 半キャップ フリーサイズ つば付き ブラック,SELENEFF,SELENEFF,車＆バイク > ヘルメット > 半帽,1127,2,HARE-MART,,2980,はい,2026-02-23以降,1358,1429,標準1,282,中小候補,GO,GO,見送り,相乗り出品が基準未満（卸している証拠なし）,,https://www.amazon.co.jp/dp/B0D91SJB4V,
A,B0GK1H6LXS,エアーマット GEKETY キャンプ マット【30s膨らむ･厚手10㎝】足踏み式 車中泊 防災 来客用 無限連結 枕付き コンパクト 軽量 防水 厚手,GEKETY,GEKETY,スポーツ＆アウトドア > アウトドア > 寝袋・ベッド・マット,2879,3,,,2830,いいえ,2026-02-23以降,1557,1689,標準1,282,中小候補,GO,GO,GO,,,https://www.amazon.co.jp/dp/B0GK1H6LXS,
A,B0CQJMB7CH,BURTLE バートル エアークラフト 2024年モデル ファンユニット ブラック AC08-1 35 F,BURTLE,バートル(Burtle),産業・研究開発用品 > 物流・保管用品 > 工場・店舗用機器,2017,6,,,7700,はい,2026-02-23以降,2968,3534,標準1,282,大手/海外疑い,GO,GO,GO,,,https://www.amazon.co.jp/dp/B0CQJMB7CH,
A,B0GLQ2X652,Flomep【2026年新モデル】筋トレグッズ アームバー エキスパンダー 胸筋トレーニング器具 3段調節可能(30-60kg) ツイスターアームトレーナー 静,Flomep,Flomep,スポーツ＆アウトドア > フィットネス・トレーニング > 筋力トレーニング,390,2,Flomep 公式販売店 / Flomep フィットネス公式ショップ,メーカー直販,2680,いいえ,2026-02-23以降,1322,1318,標準2,332,中小候補,GO,GO,GO,,,https://www.amazon.co.jp/dp/B0GLQ2X652,
A,B0FP2GNWKV,Smiling Shark ヘッドライト TS-6 【新登場・超高輝度COBライト*6・調節な集光ライト】高輝度ヘッドライト Type-C充電式 LEDヘッドラ,Smiling Shark,Smiling Shark,スポーツ＆アウトドア > アウトドア > ライト・ランタン,1839,2,Weixiaosha,,3824,はい,2026-02-23以降,2203,2534,標準1,282,中小候補,GO,GO,見送り,相乗り出品が基準未満（卸している証拠なし）,,https://www.amazon.co.jp/dp/B0FP2GNWKV,
A,B0DGPBPGK7,八番屋 手提げ金庫 キャッシュボックス ダイヤル付 B5 サイズ 会計 オフィス 簡易金庫 貯金箱 スチール製 家庭用 約W25×D18×H9cm M250JP,八番屋,八番屋,おもちゃ > おもちゃ雑貨・手品 > 貯金箱,1891,2,八番屋,メーカー直販,2980,はい,2026-02-23以降,1410,1432,標準2,332,中小候補,GO,GO,見送り,相乗り出品が基準未満（卸している証拠なし）,,https://www.amazon.co.jp/dp/B0DGPBPGK7,
A,B0DCC7RP2Y,Kachiari(カチアリ) 電動ドリル 18V 45N.m コードレスドリル 18V対応 本体のみ,Kachiari,Kachiari,DIY・工具・ガーデン > 電動工具・エア工具 > 穴あけ・締付工具,6379,2,Kachiari / SYPOUSY LIMITED,メーカー直販,4160,はい,2026-02-23以降,2027,2304,標準1,282,中小候補,GO,GO,GO,,,https://www.amazon.co.jp/dp/B0DCC7RP2Y,
A,B0C3QNT4XX,日本香堂 お線香 （贈答品）【包装品・御供のし付 】宇野千代のお線香薄墨の桜 6個入 御供ブランド 日本香堂 6012 (お悔み状付),日本香堂(Nippon Kodo),日本香堂(Nippon Kodo),ホーム＆キッチン > 仏具・神具 > 線香,6515,2,ＧＩＦＴＭＡＮ【1955年創業、日本の会社です】,,3180,はい,2026-02-23以降,1590,1732,標準1,282,中小候補,GO,GO,見送り,相乗り出品が基準未満（卸している証拠なし）,,https://www.amazon.co.jp/dp/B0C3QNT4XX,
A,4065404673,AKIRA 3 (OTOMO THE COMPLETE WORKS 14),講談社,講談社,本 > ジャンル別 > コミック・ラノベ・BL,53547,3,,,4235,はい,2026-02-23以降,2075,2366,標準1,282,中小候補,GO,GO,GO,,,https://www.amazon.co.jp/dp/4065404673,
A,B0DC2P9CP5,mimimamo (ミミマモ) ウルトラフィット・イヤーパッドカバー ドーナツ型 日本製 (ホワイト) 各機種への対応はメーカーHPをご参照ください,mimimamo,フィフティスクエア株式会社,家電＆カメラ > イヤホン・ヘッドホン > イヤーパッド,4595,3,,,2860,はい,2026-02-23以降,1491,1896,標準(小型),182,中小候補,GO,GO,GO,,,https://www.amazon.co.jp/dp/B0DC2P9CP5,
A,B0D5R4R2L9,ESR magsafe リング マグセーフ シール 強力吸着 位置合わせクリップ付属 マグネット 磁気ワイヤレス充電対応キット 超薄型 磁気固定メタルリング ス,ESR,ESR,家電＆カメラ > 携帯電話・スマートフォン > 携帯電話・スマートフォンアクセサリ,2648,2,WワールドマーケットW / dosanko.salmon.michi,,4736,はい,2026-02-23以降,2896,3885,標準(小型),182,中小候補,GO,GO,GO,,,https://www.amazon.co.jp/dp/B0D5R4R2L9,
A,B0DJ86LWCM,エレコム usb c 変換ケーブル 3m Type-C to HDMI 4K(3840×2160px)/60Hz マルチディスプレイ ミラーリング 【iPhon,エレコム(ELECOM),エレコム,パソコン・周辺機器 > PCアクセサリ・サプライ > ケーブル・アクセサリ,10691,2,hobby's market【すり替え詐欺対策店】 / ショップいぶき,,3199,はい,2026-02-23以降,1625,2085,標準(小型),182,大手/海外疑い,GO,GO,GO,,,https://www.amazon.co.jp/dp/B0DJ86LWCM,
A,B0BWQSFZLN,タカラトミー(TAKARA TOMY) モンコレ ポケトルゼ ミライドン(マスターボール),タカラトミー(TAKARA TOMY),タカラトミー(TAKARA TOMY),おもちゃ > 子ども向けフィギュア > 空想生物,20977,6,,,2480,はい,2026-02-23以降,715,701,標準(小型),182,大手/海外疑い,GO,GO,GO,,,https://www.amazon.co.jp/dp/B0BWQSFZLN,
A,B0G12RFPX2,[iface] BeBling 2 ハンドストラップ (ホワイト),iface,,家電＆カメラ > 携帯電話・スマートフォン > 携帯電話・スマートフォンアクセサリ,13693,5,,,2650,はい,2026-02-23以降,1410,1782,標準(小型),182,中小候補,GO,GO,GO,,,https://www.amazon.co.jp/dp/B0G12RFPX2,
A,B0FZK2PVJN,無印良品 立体メッシュ持ち手付き巾着 黒 M 約33×13×31cm 84920752,無印良品,無印良品,ファッション > バッグ・スーツケース > トラベルアクセサリ,5110,4,,,1950,はい,2026-02-23以降,612,453,標準1,282,中小候補,GO,GO,GO,,,https://www.amazon.co.jp/dp/B0FZK2PVJN,
A,B07QZ77F77,セガトイズ(SEGA TOYS) アンパンマン ふんわりフェイスリュック ドキンちゃん,セガフェイブ(SEGA FAVE),セガフェイブ(SEGA FAVE),おもちゃ > おもちゃ雑貨・手品 > バッグ・財布,2443,4,,,3274,はい,2026-02-23以降,1153,1274,標準(小型),182,中小候補,GO,GO,GO,,,https://www.amazon.co.jp/dp/B07QZ77F77,
A,B07CNCTB6R,[TABITUS/タビタス] ワンツーフィニッシュ ハンガーケース NEW JALUX ネイビー…,TABITUS+,TABITUS+,ファッション > バッグ・スーツケース > スーツケース・トラベルバッグ,4264,2,【公式】A2ショップ / グレンチェック,,4059,はい,2026-02-23以降,1915,2157,標準1,282,中小候補,GO,GO,GO,,,https://www.amazon.co.jp/dp/B07CNCTB6R,
A,B006BY6UAI,TOSHIBA USBメモリ 16GB USB2.0 キャップ式 ホワイト (国内正規品) TNU-A016G,東芝(TOSHIBA),東芝(TOSHIBA),パソコン・周辺機器 > 外付けドライブ・ストレージ > USBメモリ・フラッシュドライブ,3494,2,"幸香プロダクツ【インボイス対応店】 / green,note",,2980,はい,2026-02-23以降,726,813,標準(小型),182,大手/海外疑い,GO,GO,GO,,,https://www.amazon.co.jp/dp/B006BY6UAI,
A,B001FOQZYU,【テープ Lサイズ】ムーニーエアフィット オムツ (9~14kg)54枚,ムーニー,ユニチャーム,ベビー＆マタニティ > おむつ・トイレ > おむつ,9465,3,,,3580,はい,2026-02-23以降,1076,1060,大型,282,中小候補,GO,GO,見送り,FBA大型サイズ,,https://www.amazon.co.jp/dp/B001FOQZYU,
A,B0CK2QV73M,業務用NANOXoneスタンダード 4kg,ＮＡＮＯＸ ｏｎｅ,ライオンハイジーン,産業・研究開発用品 > 衛生・清掃用品 > 業務用洗剤,2008,3,,,3280,はい,2026-02-23以降,1800,1942,標準2,332,中小候補,GO,GO,GO,,,https://www.amazon.co.jp/dp/B0CK2QV73M,
A,B0FFZ58GFW,【業界トップクラス技術&ドライバー不要】Rikuto Bluetooth USB アダプタ bluetooth 5.4 対応 レシーバー ブルートゥー PC 専,Rikuto,Rikuto,パソコン・周辺機器 > 無線LAN・ネットワーク機器 > ネットワークアダプタ,1217,3,,,1530,はい,2026-02-23以降,812,935,標準(小型),182,中小候補,GO,GO,GO,,,https://www.amazon.co.jp/dp/B0FFZ58GFW,
A,B0CC6386MJ,JLab JBuddies Folding 子供用ヘッドホン ピンク/ティール,JLab,JLab,家電＆カメラ > イヤホン・ヘッドホン > イヤホン・ヘッドホン本体,7677,2,JLab Japan公式ショップ / Amazon US / 美的生活★ヘルシーライフ本店【インボイス登録事業者】,メーカー直販,2682,はい,2026-02-23以降,1561,1995,標準(小型),182,中小候補,GO,GO,GO,,,https://www.amazon.co.jp/dp/B0CC6386MJ,
A,B003VIVZTS,野田琺瑯(Nodahoro) 保存容器 ホーロー 耐熱 持ち手付きストッカー 角型 レクタングル Lサイズ 密閉蓋付 ホワイトシリーズ 日本製 MSM-12K,野田琺瑯(Nodahoro),野田琺瑯(Nodahoro),ホーム＆キッチン > キッチン用品 > 保存容器,5660,5,,,3520,はい,2026-02-23以降,1105,1097,標準1,282,中小候補,GO,GO,GO,,,https://www.amazon.co.jp/dp/B003VIVZTS,
A,B0G3SZ9KD7,ヘアーキャッチャー 浴室 お風呂 ネット100枚入り 排水溝掃除 排水口ごみ受け ステンレス製 ヘアキャッチャー 排水溝カバー プレート式 髪の毛 排水口ネット,MAMAGO,MAMAGO,DIY・工具・ガーデン > 配管・排水用備品 > 排水用備品,659,2,mamago online shop,メーカー直販,1978,はい,2026-02-23以降,680,542,標準1,282,中小候補,GO,GO,見送り,相乗り出品が基準未満（卸している証拠なし）,,https://www.amazon.co.jp/dp/B0G3SZ9KD7,
A,B0F8HMWT3X,【POP MART 公式ストア】CRYBABY Wild but Cutie シリーズ - ぬいぐるみペンダント 【1ピース】 クライベイビー ポップマート ブ,POP MART,POP MART,ホビー > フィギュア・コレクタードール,6888,2,POP MART JAPAN / スニフの夢(適格請求書発行事業者)商品の詳細情報(コンディション)に説明がある場合がございます。,メーカー直販,1815,はい,2026-02-23以降,936,990,標準(小型),182,中小候補,GO,GO,GO,,,https://www.amazon.co.jp/dp/B0F8HMWT3X,
A,B0DVLQ33V4,[ハミィ] iFace Hang and ストラップホルダー ダブルリング (ガンメタル),Hamee(ハミィ),,家電＆カメラ > 携帯電話・スマートフォン > 携帯電話・スマートフォンアクセサリ,1491,3,,,1980,はい,2026-02-23以降,976,1167,標準(小型),182,中小候補,GO,GO,GO,,,https://www.amazon.co.jp/dp/B0DVLQ33V4,
A,B09SZ79YMZ,Runbod HDMI RCA 変換ケーブル HDMI to AV変換コンバーター/コンポジット/3色端子 変換アダプター 1080P hdmi ケーブル 1M,Runbod,,家電＆カメラ > オーディオ > ホームオーディオアクセサリ,4313,2,cleantt / ooseal,,1599,はい,2026-02-23以降,707,787,標準(小型),182,中小候補,GO,GO,GO,,,https://www.amazon.co.jp/dp/B09SZ79YMZ,
A,B0DM9N23S5,iFace BeBling Wave MagSafe対応 スマホリング MagSynq Ring Holder (ホワイトオーロラ),Hamee(ハミィ),Hamee(ハミィ),家電＆カメラ > 携帯電話・スマートフォン > 携帯電話・スマートフォンアクセサリ,2634,3,,,3150,はい,2026-02-23以降,1768,2288,標準(小型),182,中小候補,GO,GO,GO,,,https://www.amazon.co.jp/dp/B0DM9N23S5,
A,B07BT34WZH,リッチェル ミッフィー おでかけストローマグ 320 1個 320ml 7カ月,リッチェル(Richell),リッチェル,ベビー＆マタニティ > 授乳・食事 > ベビー食器,5950,4,,,2160,はい,2026-02-23以降,686,663,標準(小型),182,中小候補,GO,GO,GO,,,https://www.amazon.co.jp/dp/B07BT34WZH,
A,B07VMD248J,JJC UV フィルター GR IV GR4 GR IV HDF GR IV Monochrome GR IIIx GR IIIx HDF GR III II ,JJC,"Jinjiacheng Photography Equipment Co.,Ltd.",家電＆カメラ > カメラ > アクセサリ,6641,2,JOY FOTO,,2999,はい,2026-02-23以降,1484,1886,標準(小型),182,中小候補,GO,GO,見送り,相乗り出品が基準未満（卸している証拠なし）,,https://www.amazon.co.jp/dp/B07VMD248J,
A,B0DQ7RTLL9,PONAOO小型カメラ 小型防犯カメラ [DIYカメラ リモコン付き操作簡単 HD1080P モーション検知 7時間録画128GB対応]小型カメラ長時間録画 上,PONAOO,PONAOO,家電＆カメラ > カメラ > 防犯カメラ,7432,2,qiaomiaojuelun / MAZNA-カメラ専門店,,5035,はい,2026-02-23以降,2616,3489,標準(小型),182,中小候補,GO,GO,GO,,,https://www.amazon.co.jp/dp/B0DQ7RTLL9,
A,B0G33SPCB6,JJC DJI Osmo 360 II Osmo 360 マウントベース Osmo360 固定ベース 定点撮影用 滑り止め 軽量 持ち運び便利 安定性 落下防止,JJC,"Jinjiacheng Photography Equipment Co.,Ltd.",家電＆カメラ > カメラ > アクセサリ,4737,2,HIfoto,,1599,はい,2026-02-23以降,701,778,標準(小型),182,中小候補,GO,GO,見送り,相乗り出品が基準未満（卸している証拠なし）,,https://www.amazon.co.jp/dp/B0G33SPCB6,
A,B0GHMZZ5NQ,【2026新登場】HAGOOGI ランタン ledランタン 人感センサーライト Type-C充電式 キャンプ ランタン 小型 軽量 一台多役,HAGOOGI,HAGOOGI,スポーツ＆アウトドア > アウトドア > ライト・ランタン,1959,4,,,2979,はい,2026-02-23以降,1424,1629,標準(小型),182,中小候補,GO,GO,GO,,,https://www.amazon.co.jp/dp/B0GHMZZ5NQ,
A,B072ZCXN39,攻殻機動隊 コミック 全2巻 完結セット,,,本 > ジャンル別 > コミック・ラノベ・BL,22663,7,,,4620,はい,2026-02-23以降,2220,2556,標準1,282,中小候補,GO,GO,見送り,新品オファー数7,,https://www.amazon.co.jp/dp/B072ZCXN39,
A,B0D8QFPVN6,小型カメラ WIFI 監視カメラ 室内 1080P 遠隔監視 常時録画 動体検知 暗視機能 防犯カメラ USB充電式 日本語取扱説明書,Aboora,,家電＆カメラ > カメラ > 防犯カメラ,6742,2,OUCAIXINカメラ専門店,,3699,はい,2026-02-23以降,1708,2204,標準(小型),182,中小候補,GO,GO,見送り,相乗り出品が基準未満（卸している証拠なし）,,https://www.amazon.co.jp/dp/B0D8QFPVN6,
A,B0DNF81JHK,カヨトイズ パウ・パトロール キッズデジタルカメラ マーシャル（レッド）3歳以上 写真・動画撮影 ゲーム 音楽再生,KAYOTOYS カヨトイズ,カヨ通商株式会社,おもちゃ > 電子玩具・キッズ家電 > デジタルカメラ,1651,3,,,5400,はい,2026-02-23以降,2515,3055,標準(小型),182,中小候補,GO,GO,GO,,,https://www.amazon.co.jp/dp/B0DNF81JHK,
A,B0756WL843,銀のスプーン キャットフード ドライ 贅沢うまみ仕立て シニア 20歳を過ぎてもすこやかに まぐろ・かつお・煮干し・白身魚・しらす入り 1.3kg 国産 ユニチ,銀のスプーン,ユニチャーム,ペット用品 > 猫 > キャットフード,8098,2,HYTショップ / 晴月堂本店 / HAPPY FULL,,2400,はい,2026-02-23以降,304,-14,標準2,332,中小候補,GO,GO,GO,,,https://www.amazon.co.jp/dp/B0756WL843,
A,B0CZCSDFP8,TOWOOZ MacBook Air ケース13-13.6インチ M5/M4/M3/M2/M1チップ/13インチMacBook Neo A18 Proチップ搭載,TOWOOZ,TOWOOZ,パソコン・周辺機器 > PCアクセサリ・サプライ > ノートパソコンアクセサリ,7085,2,TOWOOZ-JP専門店【HXL】 / TOWOOZ-JP専門店【NA】,メーカー直販,3039,はい,2026-02-23以降,1693,2079,標準1,282,中小候補,GO,GO,GO,,,https://www.amazon.co.jp/dp/B0CZCSDFP8,
A,B0FY2HCC9R,マウス Bluetooth 【2026超薄進化｜静音×2WAY接続】 ワイヤレスマウス 無線 静音 光学式 高精度 type-c 充電式 左右対称 ワイヤレス ,Nexmora,,パソコン・周辺機器 > キーボード・マウス・入力機器 > マウス,8456,4,,,1699,はい,2026-02-23以降,661,722,標準(小型),182,中小候補,GO,GO,GO,,,https://www.amazon.co.jp/dp/B0FY2HCC9R,
A,B08T2R6BLH,ピジョン マグマグコロン スパウト 本体 1022078,PIGEON,ピジョン,ベビー＆マタニティ > 授乳・食事 > ベビー食器,1794,5,,,2198,はい,2026-02-23以降,942,998,標準(小型),182,中小候補,GO,GO,GO,,,https://www.amazon.co.jp/dp/B08T2R6BLH,
A,B08DR7NMTK,ASUS ゲーミングキーボード RA04 TUF GAMING K1/JP 専用ボリュームノブ 防水 RGB照明 リストレスト,ASUS,ASUS,パソコン・周辺機器 > キーボード・マウス・入力機器 > ゲーミングキーボード,10932,2,,,7382,はい,2026-02-23以降,2808,3658,大型,282,中小候補,GO,GO,見送り,FBA大型サイズ,,https://www.amazon.co.jp/dp/B08DR7NMTK,
A,B0FJFSKR5R,【2026新登場・360°回転・折り畳み式】 タブレット スタンド iPad スタンド 4.7~13インチ対応 軽量 高さ 角度調整 滑り止め 放熱 通気性 安,Kungix,Kungix,パソコン・周辺機器 > PCアクセサリ・サプライ > タブレットアクセサリ,1533,2,HIDEMI SHOP / YUKA NO1,,2066,はい,2026-02-23以降,1049,1168,標準1,282,中小候補,GO,GO,GO,,,https://www.amazon.co.jp/dp/B0FJFSKR5R,
A,B0CG87WGV3,LED電球 E26口金直径26mm 100w形 電球色相当 12W 一般電球 全方向タイプ 密閉器具対応 1個入り,SHAREFU,XIANGFU,ホーム＆キッチン > 家電 > 照明,6552,2,SHAREFU,メーカー直販,1610,はい,2026-02-23以降,854,882,標準(小型),182,中小候補,GO,GO,見送り,相乗り出品が基準未満（卸している証拠なし）,,https://www.amazon.co.jp/dp/B0CG87WGV3,
A,B0BRSV5HTQ,Dafeel 枕 首が痛くならない【人間工学×上質TPEゲル】夏もムレにくい通気設計【FEIFAN×NOA睡眠研究院監修】水に浮くような寝心地の快眠まくら｜丸洗,Dafeel,Dafeel,ホーム＆キッチン > 寝具 > 枕・抱き枕,3120,2,,,6600,はい,2026-02-23以降,3263,3919,大型,282,中小候補,GO,GO,見送り,FBA大型サイズ,,https://www.amazon.co.jp/dp/B0BRSV5HTQ,
A,B0CD56D3XQ,ファーイーストガジェット タイプスティックス TS01（White）,FAR EAST GADGET,FAR EAST GADGET,パソコン・周辺機器 > キーボード・マウス・入力機器 > パソコン用キーボード,1679,2,ファーイーストガジェット / PFUダイレクト,,2480,いいえ,繰越(境界後の記録なし),1430,1809,標準(小型),182,中小候補,GO,GO,GO,,,https://www.amazon.co.jp/dp/B0CD56D3XQ,
A,B0BFLCFC9H,極上サンゴ （NO.0） 2kg,ジュン (JUN),JUN,ペット用品 > 水生ペット > 水槽のアクセサリ,3465,3,,,1603,はい,2026-02-23以降,58,-336,標準2,332,中小候補,GO,GO,GO,,,https://www.amazon.co.jp/dp/B0BFLCFC9H,
A,B0G4MQDZYP,SHEAWA for Meta Quest 3S/3 ヘッドストラップ ヘッドバンド 重みを減少 寝ながらVR 快適 圧力分散 シリコンゴム 互換品 アクセサリ,SHEAWA,"Shenzhenshi Xinhuashang Leather Products Co., Ltd",ゲーム > 機種別 > VRゲーム,318,2,XHS Direct JP,,4258,はい,2026-02-23以降,2450,2970,標準(小型),182,中小候補,GO,GO,見送り,相乗り出品が基準未満（卸している証拠なし）,,https://www.amazon.co.jp/dp/B0G4MQDZYP,
A,B0GL52RMBR,RiDATA BD-RE ブルーレイディスク 繰り返し録画用BD-RE 50GB BE260PW2X.20SPHS 20枚パック,RiDATA,RiDATA,パソコン・周辺機器 > PCアクセサリ・サプライ > 記録メディア,6134,2,ホームショッピング,,4980,はい,2026-02-23以降,2729,3546,標準1,282,中小候補,GO,GO,見送り,相乗り出品が基準未満（卸している証拠なし）,,https://www.amazon.co.jp/dp/B0GL52RMBR,
A,B0GK6GH5QJ,モバイルバッテリー 20000mAh 安心大容量 22.5W 急速充電 複数デバイス同時充電対応（最大5台まで） 軽量 薄型 コンパクト 3種ケーブル内蔵（Ty,TopLuck,wapik,家電＆カメラ > 携帯電話・スマートフォン > 携帯電話・スマートフォンアクセサリ,3647,2,みみみず,,1759,はい,2026-02-23以降,861,902,標準1,282,中小候補,GO,GO,見送り,相乗り出品が基準未満（卸している証拠なし）,,https://www.amazon.co.jp/dp/B0GK6GH5QJ,
A,B0F98Z8NRY,GAGULA for Apple Watch バンド チェーン ベルト アップルウォッチ バンド 調整器具不要 ステンレス SE 3/SE 2/SE/ 11 1,GAGULA,GAGULA,家電＆カメラ > 携帯電話・スマートフォン > 携帯電話・スマートフォンアクセサリ,2464,2,LJAMAZ / SLH-JP,,2399,はい,2026-02-23以降,1207,1494,標準(小型),182,大手/海外疑い,GO,GO,GO,,,https://www.amazon.co.jp/dp/B0F98Z8NRY,
A,B0GKDJ4K1Q,FOXKOO シェーバー レディース 【2in1 ダブルヘッド】 メンズ 電動シェーバー 全身シェーバー 脇毛 ムダ毛処理 女性 PK,Foxkoo,co.jp,ホーム＆キッチン > 家電 > 理美容家電,1071,3,,,3230,いいえ,2026-02-23以降,1917,2273,標準(小型),182,中小候補,GO,GO,GO,,,https://www.amazon.co.jp/dp/B0GKDJ4K1Q,
A,B0DYJRXXFT,【高性能・ポータブル】外付けHDD 500GB/320GB｜2.5インチ機械式ハードディスク USB3.0超高速データ転送｜PC/TV/Mac/PS4/XBox,VOKTECHGY,VOKTECHGY,パソコン・周辺機器 > 外付けドライブ・ストレージ > 外付ハードディスクドライブ,1996,2,VOKTECHGY,メーカー直販,2799,はい,2026-02-23以降,1455,1845,標準(小型),182,中小候補,GO,GO,見送り,相乗り出品が基準未満（卸している証拠なし）,,https://www.amazon.co.jp/dp/B0DYJRXXFT,
A,B0GLGWCC6R,英語はAIが9割（プレジデント2026年3/20号）,プレジデント社,プレジデント社,本 > ジャンル別 > 雑誌,58018,2,☆ To You ☆ / ブックマーケティング(ご注文確定前に表示の到着予定日をご確認下さい、ご注文後のキャンセルご遠慮下さい,,1729,はい,2026-02-23以降,160,-138,標準1,282,中小候補,GO,GO,GO,,,https://www.amazon.co.jp/dp/B0GLGWCC6R,
A,B0D3D9T18K,Luxureux ヘアアクセサリーセット 女の子 ヘアアクセサリー ケース 3層 キッズ 可愛い 小物入れ 3Dステッカー付き ヘアクリップ ヘアゴム 子供 お,Ｌｕｘｕｒｅｕｘ,Upair,おもちゃ > ままごと・ごっこ遊び > キッズコスチュームアクセサリー,7877,2,Luxureux,メーカー直販,2980,はい,2026-02-23以降,1461,1563,標準1,282,中小候補,GO,GO,見送り,相乗り出品が基準未満（卸している証拠なし）,,https://www.amazon.co.jp/dp/B0D3D9T18K,
A,B0B6DNZH2X,シービージャパン(CB JAPAN) carari(カラリ) バスマット タオル地 吸水力 マイクロファイバー 60×40cm グレー 繊維の隙間に素早く吸水 ,シービージャパン(CB JAPAN),シービージャパン,ホーム＆キッチン > バス・トイレ・洗面用品 > バス用品,2637,6,,,1660,はい,2026-02-23以降,226,61,標準(小型),182,中小候補,GO,GO,GO,,,https://www.amazon.co.jp/dp/B0B6DNZH2X,
A,B0F5Q8K8BZ,【Amazon限定ブランド】縄跳び エア縄跳び 縄跳び 大人用 なわとび エア縄跳び 2WAY 有酸素運動 カウント機能 縄跳び ダイエット 縄跳び トレーニン,一筋の光,一筋の光,スポーツ＆アウトドア > フィットネス・トレーニング > エクササイズグッズ,1601,2,"HONG KONG OCEAN ONE CO., LIMITED",,1580,はい,2026-02-23以降,514,326,標準1,282,中小候補,GO,GO,見送り,相乗り出品が基準未満（卸している証拠なし）,,https://www.amazon.co.jp/dp/B0F5Q8K8BZ,
A,B00DDAVJD6,トイコー(Toyco) サウンドジェット787 25.1 x 23.6 x 15 cm 670 3歳以上,トイコー(Toyco),トイコー(Toyco),おもちゃ > 乗り物おもちゃ > 飛行機,4310,4,,,5000,はい,2026-02-23以降,2410,2804,標準1,282,中小候補,GO,GO,GO,,,https://www.amazon.co.jp/dp/B00DDAVJD6,
A,B07CKP8J42,プロ野球 ファミスタ エボリューション - Switch,Bandai Namco,バンダイナムコエンターテインメント,ゲーム > 機種別 > Nintendo Switch,4921,5,,,6200,はい,2026-02-23以降,1355,1538,標準(小型),182,大手/海外疑い,GO,GO,GO,,,https://www.amazon.co.jp/dp/B07CKP8J42,
A,B07HZ2SF7F,パナソニック ETCアンテナ取付ブラケット ETC車載器CY-ET2010D/CY-ET926D専用 CA-AX926D Panasonic,パナソニック(Panasonic),パナソニック(Panasonic),車＆バイク > 車・バイクサービス > カーナビ・カーエレクトロニクス取付サービス,2020,4,,,2170,はい,2026-02-23以降,601,553,標準(小型),182,大手/海外疑い,GO,GO,GO,,,https://www.amazon.co.jp/dp/B07HZ2SF7F,
A,B0849QQW9D,スパークプラグ 品番 CR6HSA ストックNo.2983 (10本),NOE,NOE,車＆バイク > カーパーツ > 電子パーツ,824,3,,,4880,はい,2026-02-23以降,2305,2667,標準1,282,中小候補,GO,GO,GO,,,https://www.amazon.co.jp/dp/B0849QQW9D,
A,B099ZCWG2F,R2-D2 TAMAGOTCHI Classic color ver.,BANDAI,バンダイ(BANDAI),おもちゃ > 子ども向けフィギュア > 空想生物,9041,6,,,3880,はい,2026-02-23以降,1651,1925,標準(小型),182,大手/海外疑い,GO,GO,GO,,,https://www.amazon.co.jp/dp/B099ZCWG2F,
A,B0C4M5KD55,iplusmile 2セット スプリンクラー 高圧 ホース 植物 ツール 360度 散水 自動回転 芝生 農業 灌漑 水やり ツール,iplusmile,iplusmile,DIY・工具・ガーデン > ガーデン > 農具・散水用品,5324,3,,,3563,はい,2026-02-23以降,1837,2055,標準1,282,中小候補,GO,GO,GO,,,https://www.amazon.co.jp/dp/B0C4M5KD55,
A,B0CQJG92TM,リリック リングフロート 「パウ・パトロール」 マーシャル サイズ：直径55cm 水物 2025,リリック(Lyric),リリック(Lyric),おもちゃ > アクション・スポーツトイ > プール・水遊び,7654,2,ナカムラ赤ちゃん店 / OtamuStore / プラスマート■ラッピング包装可（一部対象外）,,2180,はい,2026-02-23以降,1066,1160,標準(小型),182,中小候補,GO,GO,GO,,,https://www.amazon.co.jp/dp/B0CQJG92TM,
A,B0D78CPCF5,GORIX(ゴリックス) 自転車 スタンド [縦置き 横置き 掛置き 3タイプ] メンテナンス 簡易スタンド (ホイール＆ステースタンド) GX-013D (E,GORIX(ゴリックス),GORIX(ゴリックス),スポーツ＆アウトドア > 自転車 > 自転車アクセサリ,10280,2,GORIX 公式,,3999,はい,2026-02-23以降,2007,2213,標準2,332,中小候補,GO,GO,見送り,相乗り出品が基準未満（卸している証拠なし）,,https://www.amazon.co.jp/dp/B0D78CPCF5,
A,B0CV9VWHH1,ダンロップゴルフボール SRIXON X MAX 2024年モデル 1ダース(12個入り) ホワイト,DUNLOP,ダンロップ(DUNLOP),スポーツ＆アウトドア > ゴルフ > ゴルフボール,24066,6,,,4770,はい,2026-02-23以降,1933,2180,標準1,282,中小候補,GO,GO,GO,,,https://www.amazon.co.jp/dp/B0CV9VWHH1,
A,B0F4D8QLKS,Honda(ホンダ) 2輪用エンジンオイル ProHonda SCOOTER SL MB 5W30 1L 08211-99971 部分化学合成油,ホンダ(Honda),ホンダ(Honda),車＆バイク > オイル・フルード > オイル,5039,5,,,2400,はい,2026-02-23以降,740,621,標準1,282,中小候補,GO,GO,GO,,,https://www.amazon.co.jp/dp/B0F4D8QLKS,
A,B0DFB2ZLC5,エレコム 自動給水器 交換用フィルター 5枚セット フィルター式 サイレントアクア PET-WD03WH専用 PET-WD03FT5,エレコム(ELECOM),エレコム(ELECOM),ペット用品 > 猫 > 餌やり・水やり用品,4382,4,,,1520,はい,2026-02-23以降,707,690,標準(小型),182,大手/海外疑い,GO,GO,GO,,,https://www.amazon.co.jp/dp/B0DFB2ZLC5,
A,B09MB3SY8V,Dafeel 枕 首が痛くならない【人間工学×上質TPEゲル】夏もムレにくい通気設計【FEIFAN×NOA睡眠研究院監修】水に浮くような寝心地の快眠まくら｜丸洗,Dafeel,Dafeel,ホーム＆キッチン > 寝具 > 枕・抱き枕,3121,2,,,6999,はい,2026-02-23以降,4267,5233,大型,282,中小候補,GO,GO,見送り,FBA大型サイズ,,https://www.amazon.co.jp/dp/B09MB3SY8V,
A,B0DMP315LR,"Lyridz センサーライト 室内 足元灯 コンセント 常夜灯 人感センサー 明暗センサー LEDフットライト (昼光色,4)",Lyridz,"Dongguan Nuomi Innovation Technology Co , Ltd",ホーム＆キッチン > 家電 > 照明,2541,2,LYRIDZ-JP,メーカー直販,2419,はい,2026-02-23以降,1290,1340,標準1,282,中小候補,GO,GO,見送り,相乗り出品が基準未満（卸している証拠なし）,,https://www.amazon.co.jp/dp/B0DMP315LR,
A,B01BOT1NBA,日本農薬 展着剤 クサリノー 10% 500ml,日本農薬,日本農薬,DIY・工具・ガーデン > ガーデン > 害獣・害虫対策用品,16812,2,アークランズオンライン アマゾン支店 / (有)丸山昌治商店【肥料農薬・包装資材・緑化資材・ドローン専門店】,,1714,はい,2026-02-23以降,347,106,標準1,282,中小候補,GO,GO,GO,,,https://www.amazon.co.jp/dp/B01BOT1NBA,
A,4905212782,2026年度版 中小企業診断士1次試験一発合格まとめシート前編（企業経営理論、財務・会計、運営管理）,一発合格まとめシート,KNS出版,本 > ジャンル別 > 資格・検定・就職,21141,3,,,3630,はい,2026-02-23以降,2054,2338,標準1,282,中小候補,GO,GO,GO,,,https://www.amazon.co.jp/dp/4905212782,
A,B0FJG79PWG,外付けDVDドライブ CDドライブ 両接続 USB3.0 Type-C Win11/Mac等各種OS対応 ※TV/車/BD非対応 (ブラック),まぎまぎ,Magi,パソコン・周辺機器 > 外付けドライブ・ストレージ > 外付光学式ドライブ,4928,2,株式会社Magi（適格請求書発行対応）,,1780,はい,2026-02-23以降,855,894,標準1,282,中小候補,GO,GO,見送り,相乗り出品が基準未満（卸している証拠なし）,,https://www.amazon.co.jp/dp/B0FJG79PWG,
A,B0DQSH1Q8D,GORIX(ゴリックス) バスケット 自転車 カゴ ロードバイク ネット付属 大型 スチール 頑丈 しっかり固定 クロスバイク MTB 自転車用 (GFB-AD,GORIX(ゴリックス),GORIX(ゴリックス),スポーツ＆アウトドア > 自転車 > 自転車アクセサリ,20677,2,GORIX 公式,,5399,はい,2026-02-23以降,2949,3444,標準2,332,中小候補,GO,GO,見送り,相乗り出品が基準未満（卸している証拠なし）,,https://www.amazon.co.jp/dp/B0DQSH1Q8D,
A,B0D8KPJ18N,シーリングファンライト E26 【壁スイッチ断電記憶 】ファン付き照明 4.5畳用 調光調色調風 リモコン付 サーキュレーター 5枚羽 扇風機 換気 トイレ f,慧光 (EKOU),,ホーム＆キッチン > 家電 > 照明,13113,2,慧光 / エコLED蛍光灯,メーカー直販,2380,はい,2026-02-23以降,1200,1222,標準1,282,中小候補,GO,GO,GO,,,https://www.amazon.co.jp/dp/B0D8KPJ18N,
A,B0BZYGSRFS,ハンディファン 充電 扇風機 ハンディ フランフラン ハンディファン ライト ～Francfranc FRAIS HANDY FAN LITE～ 手持ち扇風機 ,Francfranc,Francfranc,ホーム＆キッチン > 家電 > 空調・季節家電,10720,3,,,3940,はい,2026-02-23以降,2090,2386,標準1,282,中小候補,GO,GO,GO,,,https://www.amazon.co.jp/dp/B0BZYGSRFS,
A,B0DBHY6SNP,【国内正規品】Keychron C3 Pro カスタムゲーミングキーボード、コンパクトテンキーレスレイアウト/USレイアウト/赤色LEDバックライト/有線接続メ,Keychron,Keychron,パソコン・周辺機器 > キーボード・マウス・入力機器 > ゲーミングキーボード,12692,3,,,5544,はい,2026-02-23以降,3271,4254,標準2,332,中小候補,GO,GO,GO,,,https://www.amazon.co.jp/dp/B0DBHY6SNP,
A,B0C6DRW2Q4,ムロヤ 万能ブラシ草刈り刃 万能強化コード まる刈りくん プロ用強化特殊ナイロンコード使用 (専用替え刃 10本 クリスタルドラゴンJr.) CD3TW5,ムロヤ(Muroya),ムロヤ(Muroya),DIY・工具・ガーデン > ガーデン > 農業・園芸用機器,10398,3,,,2821,はい,2026-02-23以降,845,871,標準(小型),182,中小候補,GO,GO,GO,,,https://www.amazon.co.jp/dp/B0C6DRW2Q4,
A,B01M3PJ651,ocb　オーシービー　アルティメイトシングル　手巻き用シングルペーパー 5.10.20個セット (20個セット),ocb オー、シー、ビー,ocb オー、シー、ビー,ファッション > メンズ > バッグ・財布,8340,2,AngeliqueShop / SNIPE　NET / STARK(適格請求書発行事業者),,1655,はい,2026-02-23以降,718,706,標準(小型),182,中小候補,GO,GO,GO,,,https://www.amazon.co.jp/dp/B01M3PJ651,
A,B0DG1DPP2D,グーン 【テープ BIGサイズ】プラス 敏感肌にやわらかタッチ おむつ (12~20kg) 38枚 (ディズニーデザイン),グーン,大王製紙,ベビー＆マタニティ > おむつ・トイレ > おむつ,2252,6,,,1648,はい,2026-02-23以降,630,412,標準2,332,中小候補,GO,GO,GO,,,https://www.amazon.co.jp/dp/B0DG1DPP2D,
A,B0GF8FZ2L5,内転筋トレーニング器具 【無段階負荷調整＆LCDディスプレイ搭載】 骨盤底筋 ないてんきん 筋トレ 太もも 痩せ 【理学療法士監修】,viangs,cxiao,スポーツ＆アウトドア > フィットネス・トレーニング > 筋力トレーニング,1641,3,,,3099,はい,2026-02-23以降,1692,1866,標準1,282,中小候補,GO,GO,GO,,,https://www.amazon.co.jp/dp/B0GF8FZ2L5,
A,B091YCZWTZ,レヂトン 切断砥石 金の卵 105×1.0×15【30枚セット】 (ステンレス/金属用),レヂトン(Resiton),レヂトン(Resiton),DIY・工具・ガーデン > 電動工具・エア工具 > 電動工具パーツ・アクセサリ,2455,2,k Store008 / manoha-lando,,5899,はい,2026-02-23以降,3224,3869,標準1,282,中小候補,GO,GO,GO,,,https://www.amazon.co.jp/dp/B091YCZWTZ,
A,B0CNJSJ585,エアコン 洗浄剤 アルミフィンクリーナー プロ仕様 エアコン洗浄 プロ 505 1kg KP-01A 業務用,K エアコン洗浄プロ by kouing,K エアコン洗浄プロ by kouing,産業・研究開発用品 > 衛生・清掃用品 > 業務用洗剤,2968,2,エアコン洗浄プロ,メーカー直販,2150,はい,2026-02-23以降,675,471,標準2,332,中小候補,GO,GO,見送り,相乗り出品が基準未満（卸している証拠なし）,,https://www.amazon.co.jp/dp/B0CNJSJ585,
A,B0FX9FPW67,anan(アンアン)2025/12/03号 No.2473増刊　スペシャルエディション[カルチャーを感じる、ゲーム案内2025／カート＆マックス（銀河特急 ミル,マガジンハウス,マガジンハウス,本 > ジャンル別 > ノンフィクション,14356,3,,,2600,はい,2026-02-23以降,425,209,標準1,282,中小候補,GO,GO,GO,,,https://www.amazon.co.jp/dp/B0FX9FPW67,
A,B0DSVWSYRJ,【業界先端 Type-C＆USB-A対応】 マウス 無線 Bluetooth type-c口接続 ワイヤレスマウス 静音 超薄型 小型 高感度 ブルートゥース ,BUODCO,BUODCO,パソコン・周辺機器 > キーボード・マウス・入力機器 > マウス,3936,2,Asduermos / HIDEMI SHOP,,1943,はい,2026-02-23以降,1068,1298,標準(小型),182,中小候補,GO,GO,GO,,,https://www.amazon.co.jp/dp/B0DSVWSYRJ,
A,B0F9JCYXMP,[ビームスボーイ] キャンパス・バッグ ARC’TERYX MANTIS1 WESTPACK レディース 24K Black FREE,BEAMS BOY(ビームスボーイ),,ファッション > レディース > バッグ・財布,7254,2,BEAMS_ / Hams and YETI,メーカー直販,6820,はい,2026-02-23以降,4251,5325,標準(小型),182,中小候補,GO,GO,GO,,,https://www.amazon.co.jp/dp/B0F9JCYXMP,
A,B0G43Q446S,オフィスチェア デスクチェア ゲーミングチェア 腰サポート可動式ランバー 跳ね上げ式アームレスト 2Dヘッドレスト 30°ロッキング 通気性メッシュ 8CM厚座,Lomurae,Lomurae,文房具・オフィス用品 > オフィス家具・収納 > オフィスチェア,644,2,,,7578,はい,2026-02-23以降,4643,5725,大型,282,中小候補,GO,GO,見送り,FBA大型サイズ,,https://www.amazon.co.jp/dp/B0G43Q446S,
A,B098Q56TNT,2本セット エバポレーター洗浄用 カーエアコン洗浄 スーパージェットマックス ガソリン車用スーパーJET MAX 79615,ネットステージ,ネットステージ,車＆バイク > カーパーツ > 吸気・排気パーツ,1171,4,,,3048,はい,2026-02-23以降,1505,1621,標準1,282,中小候補,GO,GO,GO,,,https://www.amazon.co.jp/dp/B098Q56TNT,
A,B0BFL8P5Y6,極上サンゴ (NO.0) 5kg,ジュン (JUN),JUN,ペット用品 > 水生ペット > 水槽のアクセサリ,2820,6,,,2370,はい,2026-02-23以降,511,257,標準2,332,中小候補,GO,GO,GO,,,https://www.amazon.co.jp/dp/B0BFL8P5Y6,
A,B00MXVAZVI,PITWORK(ピットワーク) エアコン エバポレーター洗浄・抗菌剤 効果12カ月 180ml KA401-18090,ピットワーク(Pitwork),ピットワーク(Pitwork),車＆バイク > カーアクセサリ > 車用除菌・消臭・芳香剤,5797,5,,,3990,はい,2026-02-23以降,1616,1766,標準1,282,中小候補,GO,GO,GO,,,https://www.amazon.co.jp/dp/B00MXVAZVI,
A,B0D83QFBPC,adelphos 膝当て 作業用 ニーパッド 膝パッド プロテクター 衝撃吸収 極厚クッション 農作業 DIY ガーデニング 洗える 左右2個セット HIZA1,adelphos,adelphos,産業・研究開発用品 > 安全・保護用品 > 膝当て,2372,2,株式会社アデルフォス,,2480,はい,2026-02-23以降,1051,1028,標準1,282,中小候補,GO,GO,見送り,相乗り出品が基準未満（卸している証拠なし）,,https://www.amazon.co.jp/dp/B0D83QFBPC,
A,4410107178,新課程 チャート式解法と演習数学I+A,数研出版,数研出版,本 > ジャンル別 > 教育・学参・受験,36199,3,,,5785,はい,2026-02-23以降,1105,1097,標準1,282,中小候補,GO,GO,GO,,,https://www.amazon.co.jp/dp/4410107178,
A,B0DW7BDFVC,EZARC 切断砥石 グラインダー 刃 105mm 1mm超薄型 鉄工用 105x1x15mm 炭素鋼・ステンレス・鉄・銅 25枚入,EZARC,EZARC,DIY・工具・ガーデン > 電動工具・エア工具 > 電動工具パーツ・アクセサリ,6281,2,EZARC Tools JP / CBT-F Tools,メーカー直販,2427,はい,2026-02-23以降,1066,1046,標準1,282,中小候補,GO,GO,GO,,,https://www.amazon.co.jp/dp/B0DW7BDFVC,
A,B0GF7WY8VV,内転筋トレーニング器具 【無段階負荷調整＆LCDディスプレイ搭載】 骨盤底筋 ないてんきん 筋トレ 太もも 痩せ 【理学療法士監修】,viangs,cxiao,スポーツ＆アウトドア > フィットネス・トレーニング > 筋力トレーニング,1641,3,,,3099,はい,2026-02-23以降,1692,1866,標準1,282,中小候補,GO,GO,GO,,,https://www.amazon.co.jp/dp/B0GF7WY8VV,
A,B0BY8KRLF9,イガラシ ポケモン70cmウキワ ブルー(ロープ付き) 膨らんだ状態のウキワの内周は約95~100cm AHB-170V,イガラシ(Igarashi),イガラシ(Igarashi),おもちゃ > アクション・スポーツトイ > プール・水遊び,3928,3,,,2640,はい,2026-02-23以降,970,921,標準1,282,中小候補,GO,GO,GO,,,https://www.amazon.co.jp/dp/B0BY8KRLF9,
A,B07C6WP6QN,ワコーズ ブレーキ&パーツクリーナー ストロングジャンボ BC-SJ 840ml A183,ワコーズ(Wako's),ワコーズ,車＆バイク > オイル・フルード > クリーナー,5457,4,,,2020,はい,2026-02-23以降,498,304,標準1,282,中小候補,GO,GO,GO,,,https://www.amazon.co.jp/dp/B07C6WP6QN,
A,B08NQB7XT5,あミューズ 景品 48㎜カプセル入り 男女兼用おもちゃ付き 100個セット ガチャガチャ カプセルトイ自販機用 業務用,あミューズ,あミューズ,おもちゃ > おもちゃ雑貨・手品 > カプセル玩具,5651,2,,,7150,はい,2026-02-23以降,2935,3491,大型,282,中小候補,GO,GO,見送り,FBA大型サイズ,,https://www.amazon.co.jp/dp/B08NQB7XT5,
A,B07FNM3FQR,8(eight) (エイト) 本格派 桐 本桐 2枚歯 下駄 紳士用 男性 ブラック Ｍ 約26.0cm,8(eight),,ファッション > メンズ > シューズ,6531,2,８(eight)はワンホワイト株式会社の登録商標です。,メーカー直販,2690,はい,2026-02-23以降,1401,1485,標準1,282,中小候補,GO,GO,見送り,相乗り出品が基準未満（卸している証拠なし）,,https://www.amazon.co.jp/dp/B07FNM3FQR,
A,B0D9N9231T,WAQ High Power Air Pump 電動ポンプ エアポンプ 電動 空気入れ アウトドア マット エアマット 圧縮袋 浮き輪 空気抜き LEDランタン,WAQ(ワック),WAQ（ワック）,スポーツ＆アウトドア > アウトドア > 寝袋・ベッド・マット,1344,2,WAQ(ワック),メーカー直販,4482,はい,2026-02-23以降,2631,3093,標準1,282,中小候補,GO,GO,見送り,相乗り出品が基準未満（卸している証拠なし）,,https://www.amazon.co.jp/dp/B0D9N9231T,
A,B0F24R6RY9,YKK-ap玄関用 スマートコントロールキー用 ピタットＫｅｙ 追加用カードキー、ヴェナート シリーズ・コンコードなど互換性あり 2K-49929 (2枚set,ノーブランド品,ノーブランド品,DIY・工具・ガーデン > 安全・セキュリティ > ホームモニタリングシステム,3583,2,たねじ商店（ほとんどの商品は在庫即納）,,4239,はい,2026-02-23以降,2573,3131,標準(小型),182,中小候補,GO,GO,見送り,相乗り出品が基準未満（卸している証拠なし）,,https://www.amazon.co.jp/dp/B0F24R6RY9,
A,B0DFB6GWDB,エレコム 自動給餌器 猫 中小型犬用 2L (約1.1kg) タイマー機能付 1日最大6回 蓋ロック 2WAY給電 コンパクト 乾燥剤付属 ステンレス 1皿 幅,エレコム(ELECOM),エレコム(ELECOM),ペット用品 > 犬 > 餌やり・水やり用品,2432,3,,,6108,はい,2026-02-23以降,2902,3383,標準2,332,大手/海外疑い,GO,GO,GO,,,https://www.amazon.co.jp/dp/B0DFB6GWDB,
A,B0CW18JL2Z,国産 紙風船 21cm 50枚,Sin.,アメージングクラフト,おもちゃ > パーティーグッズ > 風船・バルーン,1603,2,青雲商店 / 雑貨イズム【適格発行事業者登録店】,,4280,はい,2026-02-23以降,2456,2978,標準(小型),182,中小候補,GO,GO,GO,,,https://www.amazon.co.jp/dp/B0CW18JL2Z,
A,B0FBW585C7,UGREEN Studio Plus Bluetooth6.0 オーバーイヤーヘッドホン ANC 搭載 最大 80 時間再生 超軽量 ブラック,UGREEN,UGREEN,家電＆カメラ > イヤホン・ヘッドホン > イヤホン・ヘッドホン本体,4140,3,,,2998,はい,2026-02-23以降,1666,2042,標準1,282,大手/海外疑い,GO,GO,GO,,,https://www.amazon.co.jp/dp/B0FBW585C7,
A,B014F4BQQI,【パンツ Lサイズ】パンパース オムツ 卒業パンツ (9~14kg) 144枚(36枚×4パック) [ケース品],パンパース,P&G,ベビー＆マタニティ > おむつ・トイレ > おむつ,3162,4,,,7500,はい,2026-02-23以降,3215,3857,大型,282,中小候補,GO,GO,見送り,FBA大型サイズ,,https://www.amazon.co.jp/dp/B014F4BQQI,
A,B0FNWK1C8D,【 miffy ミッフィー 】傘サンシェード (ミッフィーWHT) 車用 サンシェード 傘式 フロントガラス 折りたたみ UVカット 車中泊 日よけ,Nicott(ニコット),Nicott(ニコット),車＆バイク > カーアクセサリ > 日よけ用品,6869,3,,,3152,いいえ,2026-02-23以降,1436,1531,標準1,282,中小候補,GO,GO,GO,,,https://www.amazon.co.jp/dp/B0FNWK1C8D,
A,B0F1T73QGG,iFace MagSynq MagSafe対応 カーマウント (エアベントタイプ/ブラック),Hamee(ハミィ),Hamee(ハミィ),車＆バイク > カーアクセサリ > 携帯電話・スマートフォンアクセサリ,2896,2,Hamee(ハミィ) / 株式会社コジマ,メーカー直販,1980,はい,2026-02-23以降,1091,1193,標準(小型),182,中小候補,GO,GO,GO,,,https://www.amazon.co.jp/dp/B0F1T73QGG,
A,B0F24Q6MK2,YKK-ap玄関用 スマートコントロールキー用 ピタットＫｅｙ 追加用カードキー、ヴェナート シリーズ・コンコードなど互換性あり 2K-49929(1枚),ノーブランド品,ノーブランド品,DIY・工具・ガーデン > 安全・セキュリティ > ホームモニタリングシステム,3583,2,たねじ商店（ほとんどの商品は在庫即納）,,2190,はい,2026-02-23以降,1215,1355,標準(小型),182,中小候補,GO,GO,見送り,相乗り出品が基準未満（卸している証拠なし）,,https://www.amazon.co.jp/dp/B0F24Q6MK2,
A,B00O8NXF8Y,ロイヤルカナン 消化器サポート 可溶性繊維 猫用 500gx2,ロイヤルカナン,ROYAL CANIN Japan,ペット用品 > 猫 > キャットフード,1927,6,,,5250,はい,2026-02-23以降,3080,3616,標準2,332,中小候補,GO,GO,GO,,,https://www.amazon.co.jp/dp/B00O8NXF8Y,
A,B0DFYBPBJV,Sinjimoru MagSafe対応カードケース スタンド付き フラップカバーで落下防止 強力磁石 iPhone 12~17シリーズ対応 ブラック,Sinjimoru,Sinjimoru Co.Ltd,家電＆カメラ > 携帯電話・スマートフォン > 携帯電話・スマートフォンアクセサリ,3657,2,Sinjimoru Co. Ltd / WESTHILLS JAPAN,メーカー直販,2980,はい,2026-02-23以降,1256,1563,標準(小型),182,中小候補,GO,GO,GO,,,https://www.amazon.co.jp/dp/B0DFYBPBJV,
A,B0G4MDHQ46,トレッキングポール カーボン 1本セット【超軽量115g/125g/130G】トレッキングポール 折りたたみ 5段 110/120/130 cm ハイキングポー,EAGLEKING,EAGLEKING,スポーツ＆アウトドア > 登山・クライミング > トレッキングポール,7816,2,EAGLEKING STORE,メーカー直販,3500,はい,2026-02-23以降,1647,1807,標準1,282,中小候補,GO,GO,見送り,相乗り出品が基準未満（卸している証拠なし）,,https://www.amazon.co.jp/dp/B0G4MDHQ46,
A,B0FZGL71Y2,フラフープ 【第6世代＆ベルベット素材】ダイエット 静音設計 1.4kg 人気 ソフト 折りたたみ式 柔らかいカバー 脂肪燃焼 ダイエット器具 多機能 室内フィ,Virora,Virora,スポーツ＆アウトドア > フィットネス・トレーニング > エクササイズグッズ,12832,3,,,1699,はい,2026-02-23以降,-8,-422,標準2,332,中小候補,GO,NG,見送り,最安値で黒字化不能,,https://www.amazon.co.jp/dp/B0FZGL71Y2,
A,B0FC6TGJ63,【国内正規品】Sangean SR-32 AM/FMポケットラジオ、単３電池式、ポータブルラジオ、イヤホン付属 (クリアブラック),Sangean,Sangean,家電＆カメラ > ポータブルオーディオ > ポータブルラジオ,9902,2,SUPERKOPEK / 株式会社コジマ,,2904,はい,2026-02-23以降,1517,1932,標準(小型),182,中小候補,GO,GO,GO,,,https://www.amazon.co.jp/dp/B0FC6TGJ63,
A,B0DKT19NKQ,書画カメラ 書が 実物投影機 Webカメラ:800万画素 折りたたみ式 USB 内蔵マイク 画像反転機能(の上下/の左右) 3レベルLEDライト付き Web会議,Gawervan,Gawervan,パソコン・周辺機器 > ウェブカメラ・IP電話機器 > ウェブカメラ・VoIP機器,9880,2,Jujinfu / MEIDELONG GLOBAL,,6920,はい,2026-02-23以降,4171,5586,標準1,282,中小候補,GO,GO,GO,,,https://www.amazon.co.jp/dp/B0DKT19NKQ,
A,B0F8NDXXR2,T-LAB 新聞紙 未使用 8kg 約72日分 梱包材 包装紙 新聞 予備紙 広告チラシなし 緩衝材 防災備品 犬 トイレシーツ ペットシーツ 工作 習字 アウ,T-LAB,T -LAB,産業・研究開発用品 > 配送・梱包資材 > 緩衝材,1206,2,T-LAB公式ストア,メーカー直販,1980,はい,2026-02-23以降,697,500,標準2,332,中小候補,GO,GO,見送り,相乗り出品が基準未満（卸している証拠なし）,,https://www.amazon.co.jp/dp/B0F8NDXXR2,
A,B0FXKJM929,美的スペシャル１月号増刊,小学館,小学館,本 > ジャンル別 > 雑誌,133726,5,,,2000,はい,2026-02-23以降,946,825,標準2,332,中小候補,GO,GO,GO,,,https://www.amazon.co.jp/dp/B0FXKJM929,
A,4299069935,阪急交通社が考えた旅行に便利な３WayショルダーバッグBOOK (宝島社ブランドムック),宝島社,宝島社,本 > ジャンル別 > ノンフィクション,17404,5,,,5496,はい,2026-02-23以降,2106,2407,標準1,282,中小候補,GO,GO,GO,,,https://www.amazon.co.jp/dp/4299069935,
A,B0B7HZKSP5,エレコム USB-C 充電器 USB PD対応 45W Type-C×1 小型 軽量 折りたたみ式プラグ [PD3.0対応/PPS規格対応/Gan採用] 【iP,エレコム(ELECOM),エレコム(ELECOM),家電＆カメラ > 携帯電話・スマートフォン > 携帯電話・スマートフォンアクセサリ,7341,5,,,1598,はい,2026-02-23以降,856,998,標準(小型),182,大手/海外疑い,GO,GO,GO,,,https://www.amazon.co.jp/dp/B0B7HZKSP5,
A,B0DTP1PGTV,[東京Deco] 2WAY 芝刈り機 電動 芝生バリカン 生垣バリカン ハンディ [本格充電式コードレス] [芝生バリカン＆ヘッジトリマー] 園芸 芝刈機 トリ,ROOMMATE,ROOMMATE,DIY・工具・ガーデン > ガーデン > 農業・園芸用機器,4989,2,Tokyo Decoration Park TDP　トウキョウデコレーションパーク / ROOMMATE®,メーカー直販,3280,はい,2026-02-23以降,1617,1703,標準2,332,中小候補,GO,GO,GO,,,https://www.amazon.co.jp/dp/B0DTP1PGTV,
A,B0CB1218BR,犬 口臭 ふりかけ 【獣医師共同開発】 歯石 対策 歯磨き 歯磨き粉 デンタル ケア お口きらりわんこのふりかけ/口内 口腔 に 乳酸菌2種 配合の 国産 無添,お口きらり　わんこのふりかけ,お口きらり　わんこのふりかけ,ペット用品 > 犬 > ヘルスケア,4158,2,【公式】TEN ONLINE SHOP / 【正規販売店】永寿堂公式ショップ,,2788,はい,2026-02-23以降,1512,1630,標準1,282,中小候補,GO,GO,GO,,,https://www.amazon.co.jp/dp/B0CB1218BR,
A,B0CCNZVSGZ,"iVANKY 80Gbps 16K DPケーブル Displayport ケーブル 2.1規格 3M, 16K@60Hz 8K@240Hz ゲーミング",IVANKY,,パソコン・周辺機器 > PCアクセサリ・サプライ > ケーブル・アクセサリ,540,2,iVANKY-JP Official,メーカー直販,2099,はい,2026-02-23以降,1182,1459,標準(小型),182,中小候補,GO,GO,見送り,相乗り出品が基準未満（卸している証拠なし）,,https://www.amazon.co.jp/dp/B0CCNZVSGZ,
A,B0DQR4WWXK,GORIX(ゴリックス) バスケット 自転車 カゴ ロードバイク ネット付属 大型 アルミ 軽量 着脱式 クロスバイク MTB 自転車用 (GRB-929(リア,GORIX(ゴリックス),GORIX(ゴリックス),スポーツ＆アウトドア > 自転車 > 自転車アクセサリ,20677,2,,,5999,はい,2026-02-23以降,3308,3979,大型,282,中小候補,GO,GO,見送り,FBA大型サイズ,,https://www.amazon.co.jp/dp/B0DQR4WWXK,
A,B0GHQRQ7N9,CDケース 収納ボックス 透明窓付き CDラック メディアケース CD/PS5ゲームソフト/ブルーレイ収納ボックス【持ち手付き/折りたたみ/インテリア/大容量/,Ｌｕｘｕｒｅｕｘ,Luxureux,パソコン・周辺機器 > PCアクセサリ・サプライ > メディアケース,6437,2,Luxureux,メーカー直販,3150,はい,2026-02-23以降,1408,1616,標準2,332,中小候補,GO,GO,見送り,相乗り出品が基準未満（卸している証拠なし）,,https://www.amazon.co.jp/dp/B0GHQRQ7N9,
A,B0FLQFN9CZ,2個セット TOPADRE 30W 急速充電器 Type-C 巻き取り式 タイプc 充電器【業界超ミニ・超軽量・折畳式プラグ・PSE認証】type-c コンセン,TOPADRE,"Shenzhenshi Ezreal Technology Co.,Ltd",家電＆カメラ > 携帯電話・スマートフォン > 携帯電話・スマートフォンアクセサリ,4972,2,TOPADRE Tech JP / TOPADRE-JP販売店,メーカー直販,2526,はい,2026-02-23以降,1459,1851,標準(小型),182,中小候補,GO,GO,GO,,,https://www.amazon.co.jp/dp/B0FLQFN9CZ,
A,B0F6SJJCPV,折りたたみ式3in1ワイヤレス充電器、iPhone・Apple Watch・Airpods同時充電、MagSafe対応磁力150mT Maxスタンド,TOPKYO,"Shenzhen You & Me Electronics Co., LTD",家電＆カメラ > 携帯電話・スマートフォン > 携帯電話・スマートフォンアクセサリ,5395,2,TopKyo / TOPKYO-東京都,メーカー直販,3980,はい,2026-02-23以降,1883,2349,標準1,282,大手/海外疑い,GO,GO,GO,,,https://www.amazon.co.jp/dp/B0F6SJJCPV,
A,B0FCFB5Y1X,【繰り返し使える】シリカコンフォート 履く脱臭剤 消臭 抗菌 防臭 インソール 20.0～28.0cm 中敷き 靴 革靴 ブラック カットして使える,Silica Comfort(シリカ コンフォート),マルワ株式会社,ファッション > ケア用品・工具・時計バンド > シューケア・シューアクセサリー,4121,2,マルワ株式会社 / 親切,,1851,はい,2026-02-23以降,908,841,標準1,282,中小候補,GO,GO,GO,,,https://www.amazon.co.jp/dp/B0FCFB5Y1X,
A,B0FDPXYYNK,WAQ High Power Air Pump 電動ポンプ エアポンプ 電動 空気入れ アウトドア マット エアマット 圧縮袋 浮き輪 空気抜き LEDランタン,WAQ(ワック),WAQ（ワック）,スポーツ＆アウトドア > アウトドア > 寝袋・ベッド・マット,1313,2,WAQ(ワック),メーカー直販,4482,はい,2026-02-23以降,2602,3055,標準1,282,中小候補,GO,GO,見送り,相乗り出品が基準未満（卸している証拠なし）,,https://www.amazon.co.jp/dp/B0FDPXYYNK,
A,B07F1L8S6C,横トナ ブラザー用 TN-29J ブラック 2本セット 互換トナーカートリッジ HL-L2375DW HL-L2330D MFC-L2750DW など,横トナ,横トナ,パソコン・周辺機器 > PCアクセサリ・サプライ > プリンタアクセサリ,9972,2,ヨコハマトナー[横トナ®],メーカー直販,2160,はい,2026-02-23以降,1002,1042,標準2,332,大手/海外疑い,GO,GO,見送り,相乗り出品が基準未満（卸している証拠なし）,,https://www.amazon.co.jp/dp/B07F1L8S6C,
A,B0GK1JGY55,GEKETY エアーマット キャンプ マット【30s膨らむ･厚手10㎝】足踏み式 車中泊 防災 来客用 無限連結 枕付き コンパクト 軽量 防水 厚手,GEKETY,GEKETY,スポーツ＆アウトドア > アウトドア > 寝袋・ベッド・マット,2879,3,,,2799,いいえ,2026-02-23以降,1537,1663,標準1,282,中小候補,GO,GO,GO,,,https://www.amazon.co.jp/dp/B0GK1JGY55,
A,B0G6K476N4,【超低遅延20ms・軽量220g】ゲーミングヘッドセット PS5・PC対応 4WAY接続 ワイヤレス 2.4G USB/Type-C/Bluetooth5.4/,Mankiw,Mankiw,パソコン・周辺機器 > PCアクセサリ・サプライ > PCゲーミングアクセサリ,7133,2,MANKIW-JP / MANKIW Shop-JP,メーカー直販,3832,はい,2026-02-23以降,2208,2809,標準1,282,中小候補,GO,GO,GO,,,https://www.amazon.co.jp/dp/B0G6K476N4,
A,B07S6LH1CD,Crestgolf 光るゴルフボールごるふ人気ぼーる 10-12分間点灯する光るボール ６色セット ゴルフ 練習 夜間発光可能,Crestgolf,,スポーツ＆アウトドア > ゴルフ > 練習用品,5669,2,crestgolf / ZXJGFD,メーカー直販,3299,はい,2026-02-23以降,1484,1594,標準1,282,中小候補,GO,GO,GO,,,https://www.amazon.co.jp/dp/B07S6LH1CD,
A,B0CVR9467T,マテル アナと雪の女王(Disney Frozen) アナ(うたってたのしい! ドール) 生まれてはじめて を 30秒間歌う【 着せ替え人形 ・ ドール 】 【,マテル(MATTEL),マテル(MATTEL),おもちゃ > きせかえ人形・ハウス > 人形・ドール,8025,5,,,3544,はい,2026-02-23以降,1690,1863,標準1,282,中小候補,GO,GO,GO,,,https://www.amazon.co.jp/dp/B0CVR9467T,
A,B0DTHCSBTD,[BANDAI] [バンダイ ナンバーワン戦隊ゴジュウジャー DXセンタイリングセット ゴジュウレオン&ゴジュウティラノ,BANDAI,バンダイ(BANDAI),おもちゃ > ままごと・ごっこ遊び > ベルト・なりきりアイテム,5985,4,,,3500,はい,2026-02-23以降,916,964,標準(小型),182,大手/海外疑い,GO,GO,GO,,,https://www.amazon.co.jp/dp/B0DTHCSBTD,
A,B0GD79PQKM,【Amazon.co.jp限定】LEDデスクライト 目に優しい 高輝度 卓上ライト｜5段階調光・調色 タッチ操作 メモリー・タイマー機能 USB給電 多角度調整,ラブホーム美家,ラブホーム美家,ホーム＆キッチン > 家電 > 照明,2133,2,,,2980,いいえ,2026-02-23以降,1508,1624,大型,282,中小候補,GO,GO,見送り,FBA大型サイズ,,https://www.amazon.co.jp/dp/B0GD79PQKM,
A,B0FZR25KVG,NFESOLAR ソーラーエアポンプ 1800mAh 3モード 防水 池・水槽用,NFESOLAR,NFESOLAR,ペット用品 > 水生ペット > 水槽のアクセサリ,2158,2,Rongx-tech,,3290,いいえ,2026-02-23以降,1642,1800,標準1,282,中小候補,GO,GO,見送り,相乗り出品が基準未満（卸している証拠なし）,,https://www.amazon.co.jp/dp/B0FZR25KVG,
A,B0FCXY2PZB,NICEHCK NK1 MAX ポータブルType-C DACアンプケーブル イヤホン ヘッドホンアダプター(NK1 MAX ミントグリーン),NICEHCK,NICEHCK,家電＆カメラ > イヤホン・ヘッドホン > イヤホン・ヘッドホンアダプター,16897,2,NICEHCK / e☆イヤホン【イヤホン・ヘッドホン専門店 16時までの通常注文は当日発送！】,メーカー直販,2870,はい,2026-02-23以降,1683,2168,標準(小型),182,中小候補,GO,GO,GO,,,https://www.amazon.co.jp/dp/B0FCXY2PZB,
A,B0989F94DS,トムソン グリホトップ41 5L,Thomson,トムソン,DIY・工具・ガーデン > ガーデン > 肥料・園芸薬剤,5192,3,,,4020,はい,2026-02-23以降,1826,1976,標準2,332,中小候補,GO,GO,GO,,,https://www.amazon.co.jp/dp/B0989F94DS,
A,B0BVQMMX7S,SEISSO 木製品キズ補修 補修クリーム フローリング パテ付き 木製品キズ補修セット 12色入り 床 すりキズ用 床補修 ドア補修 キズ隠し キズ消し 補修,SEISSO,SEISSO,産業・研究開発用品 > 接着・補修 > 補修材,1783,2,pabbpa直営店,,2289,はい,2026-02-23以降,1190,1210,標準1,282,中小候補,GO,GO,見送り,相乗り出品が基準未満（卸している証拠なし）,,https://www.amazon.co.jp/dp/B0BVQMMX7S,
A,B073JQSRQ3,300ピース ジグソーパズル ディズニー ピクサー アニメーションヒストリー 【ホログラムジグソー】(30.5x43cm),テンヨー(Tenyo),テンヨー(Tenyo),おもちゃ > パズル > ジグソーパズル,6729,6,,,2900,はい,2026-02-23以降,1213,1239,標準1,282,中小候補,GO,GO,GO,,,https://www.amazon.co.jp/dp/B073JQSRQ3,
A,4398658505,ツーリングマップル R関東甲信越 2025,昭文社,昭文社,本 > ジャンル別 > ビジネス・経済,60490,5,,,6859,はい,2026-02-23以降,1863,2089,標準1,282,中小候補,GO,GO,GO,,,https://www.amazon.co.jp/dp/4398658505,
A,B0C3R5HQJH,日本香堂 お線香 （贈答品）【包装品・御供のし付 】宇野千代のお線香薄墨の桜 6個入 御供ブランド 日本香堂 6012,日本香堂(Nippon Kodo),日本香堂(Nippon Kodo),ホーム＆キッチン > 仏具・神具 > 線香,6514,3,,,3180,はい,2026-02-23以降,1590,1732,標準1,282,中小候補,GO,GO,GO,,,https://www.amazon.co.jp/dp/B0C3R5HQJH,
A,B00Z8RSADO,ライラクス(LayLax) タクティカルグラス バックルタイプ TAN サバゲーゴーグル メガネ対応 両面アンチフォグ ヘルメット対応 タン,ライラクス(LayLax),ライラクス(LayLax),ホビー > エアガン・モデルガン > サバイバルゲーム用プロテクター,5935,4,,,4706,はい,2026-02-23以降,1768,2078,標準(小型),182,中小候補,GO,GO,GO,,,https://www.amazon.co.jp/dp/B00Z8RSADO,
A,4824300428,見て覚える!介護福祉士国試ナビ2025,中央法規出版,中央法規出版,本 > ジャンル別 > 社会・政治,235627,3,,,4670,はい,2026-02-23以降,2545,2981,標準1,282,中小候補,GO,GO,GO,,,https://www.amazon.co.jp/dp/4824300428,
A,B09X6QXYBT,エレコム 洗える キーボード 有線 防水 IPX5対応 メンブレン フルサイズ テンキー付 抗菌 ホワイト TK-WS01UMKWH,エレコム(ELECOM),エレコム(ELECOM),パソコン・周辺機器 > キーボード・マウス・入力機器 > パソコン用キーボード,9254,6,,,4000,はい,2026-02-23以降,1645,2012,大型,282,大手/海外疑い,GO,GO,見送り,FBA大型サイズ,,https://www.amazon.co.jp/dp/B09X6QXYBT,
A,B09TH1KZV5,ビバリー 65ピース クリスタルパズル トトロ～オカリナの音色～,ビバリー(BEVERLY),ビバリー(BEVERLY),おもちゃ > パズル > 立体パズル,14786,6,,,3199,はい,2026-02-23以降,1068,1050,標準1,282,中小候補,GO,GO,GO,,,https://www.amazon.co.jp/dp/B09TH1KZV5,
A,B08T2QW1F7,PIGEON ピジョン マグマグコロン ストロー 本体 1022079,PIGEON,ピジョン,ベビー＆マタニティ > 授乳・食事 > ベビー食器,1794,2,,,2020,はい,2026-02-23以降,780,786,標準(小型),182,中小候補,GO,GO,見送り,相乗り出品が基準未満（卸している証拠なし）,,https://www.amazon.co.jp/dp/B08T2QW1F7,
A,B0DJY2KFNB,KOZUMUWAN エコキーパー エコチェッカー コンセント プログラムタイマー 黒 白 ボタン 簡易電力量計 大型LCD表示 電力計 節電,KOZUMUWAN,KOZUMUWAN,産業・研究開発用品 > 工業用計測器 > 電子測定機器,3261,5,,,1688,はい,2026-02-23以降,783,790,標準(小型),182,中小候補,GO,GO,GO,,,https://www.amazon.co.jp/dp/B0DJY2KFNB,
A,B0C53T1ZBX,[Winsuteki] 水着 レディース ビキニ スカート ショートパンツ 3点セット 2WAY着られる ハイウエスト 体型カバー ビスチェ風 バスト盛れる フ,Winsuteki,Winsuteki,ファッション > レディース > 服＆ファッション小物,1747,2,winsuteki.store,メーカー直販,2499,はい,2026-02-23以降,1326,1386,標準1,282,中小候補,GO,GO,見送り,相乗り出品が基準未満（卸している証拠なし）,,https://www.amazon.co.jp/dp/B0C53T1ZBX,
A,B0732S4YY2,ツールズアイランド(Toolsisland) ガスチャージホース R134a カーエアコン 簡易 ロングホースメーター付き 全長440mm 取扱説明書付 TD6,ツールズアイランド(Toolsisland),ツールズアイランド(Toolsisland),車＆バイク > オイル・フルード > エアコンガス,1275,2,,,1840,はい,2026-02-23以降,670,529,標準1,282,中小候補,GO,GO,GO,,,https://www.amazon.co.jp/dp/B0732S4YY2,
A,B09MF7QQ4X,日本語：三井化学 アドブルー(Ad Blue) 高品位尿素水 尿素SCRシステム搭載ディーゼル機関用 5L,三井化学,三井化学,車＆バイク > オイル・フルード,1902,2,,,2406,はい,2026-02-23以降,642,428,標準2,332,中小候補,GO,GO,GO,,,https://www.amazon.co.jp/dp/B09MF7QQ4X,
A,B08XX1V5XK,オスモカラー オスモ&エーデル カウンタートップオイル 0.5L #3058 ツヤ消し,オスモカラー,オスモ＆エーデル(株),DIY・工具・ガーデン > 塗装・壁装 > 塗装材,10883,3,,,6600,はい,2026-02-23以降,3178,3809,標準1,282,中小候補,GO,GO,GO,,,https://www.amazon.co.jp/dp/B08XX1V5XK,
A,4886154387,1級管工事施工管理第一次検定問題解説集2025年版,地域開発研究所,地域開発研究所,本 > ジャンル別 > アート・建築・デザイン,219037,4,,,6085,はい,2026-02-23以降,2549,2986,標準1,282,中小候補,GO,GO,GO,,,https://www.amazon.co.jp/dp/4886154387,
A,B08CRNWG1B,ひかりウェーブ (Hikari) ブラックホール 超高性能活性炭 お徳用5パック ×3個 (まとめ買い),Hikari(ヒカリ),キョーリン,ペット用品 > 水生ペット > 水槽のアクセサリ,2193,2,,,3781,はい,2026-02-23以降,2175,2497,標準1,282,中小候補,GO,GO,GO,,,https://www.amazon.co.jp/dp/B08CRNWG1B,
A,B0CF25XN2W,古河薬品工業 ＫＹＫ ウィンドウォッシャー液 ４Ｌ マイナス３５度,KYK,古河薬品工業,車＆バイク > 洗車・お手入れ用品 > ウィンドウケア,1357,6,,,1669,はい,2026-02-23以降,54,-342,標準2,332,中小候補,GO,GO,GO,,,https://www.amazon.co.jp/dp/B0CF25XN2W,
A,B0CHYH968F,洗濯用防振ゴム DEWEL かさ上げ台 9cm 高さ調整 12点セット ブラック 継ぎ足し 底上げ 水たまり防止 安定性 耐久性,DEWEL,DEWEL,大型家電 > 洗濯機・乾燥機 > 洗濯機交換部品・アクセサリ,719,2,,,2083,はい,2026-02-23以降,928,997,標準1,282,中小候補,GO,GO,GO,,,https://www.amazon.co.jp/dp/B0CHYH968F,
A,B0GF6NXXX6,[MIZIKIRIN] 旅行 リュック 大容量 40L ビジネスリュック 機内持ち込み【拡張機能・乾湿分離】 15.6型PC対応 多機能 撥水加工,MIZIKIRIN,,ファッション > バッグ・スーツケース > リュック・バックパック,805,2,,,6731,はい,2026-02-23以降,4092,5004,大型,282,中小候補,GO,GO,見送り,FBA大型サイズ,,https://www.amazon.co.jp/dp/B0GF6NXXX6,
A,B0DZGZ1284,ベビー浮き輪 ベビーフロート SPF50+ 日焼け止め 取り外し可能なサンシェード お風呂 子供 足入れ 赤ちゃん 安全 6ヶ月-3歳の子供用 ハンドポンプ付き,YXTC,YXTC,おもちゃ > アクション・スポーツトイ > プール・水遊び,8719,2,,,3580,はい,2026-02-23以降,1374,1450,標準1,282,中小候補,GO,GO,GO,,,https://www.amazon.co.jp/dp/B0DZGZ1284,
A,B0G46JHSG9,外付けDVDドライブ CDドライブ 両接続 USB3.0 Type-C Win11/Mac等各種OS対応 ※TV/車/BD非対応(ホワイト),まぎまぎ,Magi,パソコン・周辺機器 > 外付けドライブ・ストレージ > 外付光学式ドライブ,6792,2,株式会社Magi（適格請求書発行対応）,,1780,はい,2026-02-23以降,816,838,標準1,282,中小候補,GO,GO,見送り,相乗り出品が基準未満（卸している証拠なし）,,https://www.amazon.co.jp/dp/B0G46JHSG9,
A,4897780500,NUDITY: 菅野美穂写真集,,R出版,本 > ジャンル別 > アート・建築・デザイン,26491,4,,,5669,はい,2026-02-23以降,1536,1597,標準2,332,中小候補,GO,GO,GO,,,https://www.amazon.co.jp/dp/4897780500,
A,B0DRHRQJHX,【持たずに照らす】 ネックライト 充電式 首掛けライト 3段階調色 10時間点灯 軽量 157g 無段階調光 led 懐中電灯 首掛け 防水 WAYetTO,WAYetTO,WAYetTO,スポーツ＆アウトドア > アウトドア > ライト・ランタン,7471,2,,,2380,はい,2026-02-23以降,1042,1129,標準(小型),182,中小候補,GO,GO,GO,,,https://www.amazon.co.jp/dp/B0DRHRQJHX,
A,B0G2SLJZDX,オウルテック 燃えにくい準固体/半固体電池 モバイルバッテリー 5000mAh PSE認証 安全設計 USB-C/USB-A デジタル表示 PD20W 長寿命 ,オウルテック,オウルテック,家電＆カメラ > 携帯電話・スマートフォン > 携帯電話・スマートフォンアクセサリ,14497,2,,,3280,はい,2026-02-23以降,1950,2545,標準(小型),182,中小候補,GO,GO,GO,,,https://www.amazon.co.jp/dp/B0G2SLJZDX,
A,B0DG8RNRMX,X-LARGE XLARGE エクストララージ ボクサーパンツ メンズ アンダーウェア 下着 かっこいい ツルツル 人気 カモフラ タイダイ 迷彩 カモ柄 ブラ,XLARGE,,ファッション > メンズ > 服＆ファッション小物,8525,2,,,2879,はい,2026-02-23以降,1588,1730,標準1,282,中小候補,GO,GO,GO,,,https://www.amazon.co.jp/dp/B0DG8RNRMX,
A,B0FLK2SPJB,スマホホルダー 車 マグネット 【2026最新真空吸盤+超強磁力】究極の安定【360°回転+自由調節】 24×N55磁石 スマホスタンド 高級合金素材 MagS,aestiquo,Aestiquo,車＆バイク > カーアクセサリ > 携帯電話・スマートフォンアクセサリ,3656,4,Aestiquo【365日保証】 / AESTIQUO_直营店 / EZYGO【翌日配送】 / ONLINEショップ,メーカー直販,1636,はい,2026-02-23以降,855,884,標準(小型),182,中小候補,GO,GO,GO,,,https://www.amazon.co.jp/dp/B0FLK2SPJB,
A,B0DJ8M4P69,エコキーパー エコチェッカー コンセント 節電 電力計 チェッカー 電力チェッカー 簡易電力計 エコ 省エネ 電気代 デジタル液晶ディスプレイ 大型LCD表示 ,DADJ,DADJ,産業・研究開発用品 > 工業用計測器 > 電子測定機器,6494,2,三石電気,,1513,はい,2026-02-23以降,801,814,標準(小型),182,中小候補,GO,GO,見送り,相乗り出品が基準未満（卸している証拠なし）,,https://www.amazon.co.jp/dp/B0DJ8M4P69,
A,B0BCFBW2L5,【3ダースセット】ホンマ ゴルフ ボール TW-X TW-S 2021 1ダース 12球入り ホワイト イエロー 3ピース ツアー系 スピン 飛距離 まとめ買い,本間ゴルフ,本間ゴルフ,スポーツ＆アウトドア > ゴルフ > ゴルフボール,2574,2,,,6980,はい,2026-02-23以降,3230,3812,標準2,332,中小候補,GO,GO,GO,,,https://www.amazon.co.jp/dp/B0BCFBW2L5,
A,B09QSJ4MQ1,コモライフ サッと使える緊急携帯トイレ 18回分 600cc 非常用トイレ 簡易 携帯 トイレ 防災 男女兼用 凝固剤,コモライフ,コモライフ,DIY・工具・ガーデン > 安全・セキュリティ > 仮設・簡易トイレ,997,2,通販奉行 / A1 ショップ【3300円以上で全国送料無料】※一部送料無料もございます,,2098,はい,2026-02-23以降,1000,961,標準1,282,中小候補,GO,GO,GO,,,https://www.amazon.co.jp/dp/B09QSJ4MQ1,
A,B0FS1422LY,Threeking ラジコンカー 子供用おもちゃ 4WDスタントカー両面走行可能、360度フリップ、ライト付きリモコンカー 工具不要、ワンタッチ交換バッテリー搭,Threeking,Threeking,おもちゃ > ラジコンおもちゃ > ラジコン,9653,2,,,3599,いいえ,2026-02-23以降,1667,1833,標準1,282,中小候補,GO,GO,GO,,,https://www.amazon.co.jp/dp/B0FS1422LY,
A,B00030EUSU,HGUC 1/144 ORX-005 ギャプラン (機動戦士Zガンダム),BANDAI SPIRITS(バンダイ スピリッツ),BANDAI SPIRITS(バンダイ スピリッツ),ホビー > プラモデル・模型 > プラモデル,2367,3,,,6780,はい,2026-02-23以降,1863,2089,標準1,282,大手/海外疑い,GO,GO,GO,,,https://www.amazon.co.jp/dp/B00030EUSU,
A,B0D5HQJWF8,Bluetooth ヘッドセット 片耳 左右耳兼用 IPX7防水 Bluetooth イヤホン V5.0 片耳 USB充電 270°回転 耳掛け式 片耳 バッテ,WOOTNBA,WOOTNBA,家電＆カメラ > 携帯電話・スマートフォン > 携帯電話・スマートフォンアクセサリ,8907,2,,,2099,はい,2026-02-23以降,922,1091,標準(小型),182,中小候補,GO,GO,GO,,,https://www.amazon.co.jp/dp/B0D5HQJWF8,
A,B0FR9FPHT1,MAQUIA　2025年12月号特別版　山下智久表紙版,集英社,集英社,本 > ジャンル別 > 雑誌,127607,2,松陰 書店 / タウンズマート,,2838,はい,2026-02-23以降,362,62,標準2,332,中小候補,GO,GO,GO,,,https://www.amazon.co.jp/dp/B0FR9FPHT1,
A,4839988862,世界遺産検定公式過去問題集1・準1・2級【2025年度版】,マイナビ出版,マイナビ出版,本 > ジャンル別 > ノンフィクション,46169,2,,,5576,はい,2026-02-23以降,1135,1250,標準(小型),182,中小候補,GO,GO,GO,,,https://www.amazon.co.jp/dp/4839988862,
A,B0CC8KLLZT,辻希美 プロデュース 骨盤ベルト 正規販売店 腰用 骨盤ケア 骨盤補正固定バンド カーブベルトプロテクト (L-LL),辻希美プロデュース,,ベビー＆マタニティ > マタニティ > 産後リフォーム下着,2222,5,,,5051,はい,2026-02-23以降,2718,3320,標準(小型),182,中小候補,GO,GO,GO,,,https://www.amazon.co.jp/dp/B0CC8KLLZT,
A,B0BLV34DYG,エレコム Apple Pencil 専用 交換ペン先 [第1世代 第2世代 USB-C 対応] 2個セット 金属製 極細 太さ1mm 視差改善モデル 接地点との,エレコム(ELECOM),エレコム(ELECOM),ゲーム > 機種別 > レガシーシステム,1609,5,,,3280,はい,2026-02-23以降,1262,1416,標準(小型),182,大手/海外疑い,GO,GO,GO,,,https://www.amazon.co.jp/dp/B0BLV34DYG,
A,B0GFHSQH4F,リンネル 2026年4月号,宝島社,宝島社,本 > ジャンル別 > 暮らし・健康・子育て,51534,3,,,2640,はい,2026-02-23以降,777,669,標準1,282,中小候補,GO,GO,GO,,,https://www.amazon.co.jp/dp/B0GFHSQH4F,
A,B0BD32V4CG,PIGEON ピジョン 桶谷式直接授乳訓練用 母乳相談室 哺乳びん 160ml 0か月~ 耐熱ガラス製 SSサイズ(丸穴)乳首付 透明 1個,PIGEON,ピジョン,ベビー＆マタニティ > 授乳・食事 > 哺乳びん,518,3,,,2740,はい,2026-02-23以降,1003,1078,標準(小型),182,中小候補,GO,GO,GO,,,https://www.amazon.co.jp/dp/B0BD32V4CG,
A,B0DF2629L8,WAQ REPELLENT LANTERN 蚊除け機能搭載ランタン 虫よけ 防虫 蚊除け 虫対策 蚊 600lm 防水 IPX6 LEDランタン USB 小型 ,WAQ(ワック),WAQ（ワック）,スポーツ＆アウトドア > アウトドア > ライト・ランタン,6371,2,,,4482,はい,2026-02-23以降,2569,3126,標準(小型),182,中小候補,GO,GO,GO,,,https://www.amazon.co.jp/dp/B0DF2629L8,
A,B0BXP4BH62,Miraitechカラスよけ 鳥避け【3x4m】ゴミネット カラス対策 カバー 45Lのゴミ袋約16-20個分使用目安 おもり入れ 4mm網目 便利グッズ 耐久,Miraitech,Miraitech,DIY・工具・ガーデン > ガーデン > 害獣・害虫対策用品,12960,2,Pakoni株式会社 / Bestliving,,3808,はい,2026-02-23以降,1770,1903,標準2,332,中小候補,GO,GO,GO,,,https://www.amazon.co.jp/dp/B0BXP4BH62,
A,B0G133CR9N,[iface] BeBling 2 ハンドストラップ (ブラック),iface,,家電＆カメラ > 携帯電話・スマートフォン > 携帯電話・スマートフォンアクセサリ,13693,3,,,2970,はい,2026-02-23以降,1540,1966,標準(小型),182,中小候補,GO,GO,GO,,,https://www.amazon.co.jp/dp/B0G133CR9N,
A,B0BZYF1ZMC,ハンディファン 充電 扇風機 ハンディ フランフラン ハンディファン ライト ～Francfranc FRAIS HANDY FAN LITE～ 手持ち扇風機 ,Francfranc,Francfranc,ホーム＆キッチン > 家電 > 空調・季節家電,10719,2,,,4198,はい,2026-02-23以降,2175,2497,標準1,282,中小候補,GO,GO,GO,,,https://www.amazon.co.jp/dp/B0BZYF1ZMC,
A,B07JFHJF6K,トップ吸引カテーテル クリアサクション 12Fr 50本入 14443,トップ,,産業・研究開発用品 > 業務用医療用品 > 呼吸器・麻酔器,786,6,,,1920,はい,2026-02-23以降,953,899,大型,282,中小候補,GO,GO,見送り,FBA大型サイズ,,https://www.amazon.co.jp/dp/B07JFHJF6K,
A,B0FNDD364C,スマホホルダー 車 車載ホルダー【業界新時流・折り畳み可能・超強真空ゲル吸盤】車載スマホホルダー 片手操作 360°自由調整 手帳型ケース対応,YYBS,YYBS,車＆バイク > カーアクセサリ > 携帯電話・スマートフォンアクセサリ,813,4,,,2099,はい,2026-02-23以降,1091,1193,標準(小型),182,中小候補,GO,GO,GO,,,https://www.amazon.co.jp/dp/B0FNDD364C,
A,B0FW4R8LFT,Yaduolee スクイーズ手作りキット スクイーズレジ スクイーズレジン セット スクイーズおもちゃ 鯛、花、星、肉球モールド DIY ストレス解消 グッズ ,Yaduolee,Yaduolee,おもちゃ > おもちゃ雑貨・手品 > スクイーズ,14055,1,,,2599,はい,2026-02-23以降,1264,1306,標準1,282,中小候補,GO,GO,見送り,新品オファー数1,,https://www.amazon.co.jp/dp/B0FW4R8LFT,
A,B0B8RWJ4WY,ナイキ バッグ メンズ レディース NIKE Mサイズ 60リットル DH7710 ボストンバッグ ショルダーバック ダッフルバッグ カバン トートバッグ 鞄 ,NIKE(ナイキ),NIKE(ナイキ),ファッション > バッグ・スーツケース > スポーツ・フィットネスバッグ,24666,3,,,7480,はい,2026-02-23以降,2523,2952,大型,282,大手/海外疑い,GO,GO,見送り,FBA大型サイズ,,https://www.amazon.co.jp/dp/B0B8RWJ4WY,
A,4643250240,２０２５年大阪・関西万博　リングがつないだ世界　報道写真集 (YOMIURI SPECIAL),読売新聞社,読売新聞社,本 > ジャンル別 > 社会・政治,80559,5,,,3654,はい,2026-02-23以降,1275,1320,標準1,282,中小候補,GO,GO,GO,,,https://www.amazon.co.jp/dp/4643250240,
A,B0FPR8FC6M,CPUスタンド キャスター付き 組立簡単 デスクトップPC 置き台 ブラック,Gourde,Gourde,パソコン・周辺機器 > PCアクセサリ・サプライ > PC収納ボックス・サーバーラック,4453,3,,,1897,はい,2026-02-23以降,951,1029,標準1,282,中小候補,GO,GO,GO,,,https://www.amazon.co.jp/dp/B0FPR8FC6M,
A,B0G1YDZJLC,フライパンスタンド 伸縮式 (33-56cm調整可能) ABSベース+304食品級ステンレス仕切り 可動式10仕切りで 鍋蓋 フライパン まな板をすっきり収納 ,Memypers,Memypers,ホーム＆キッチン > 収納用品 > キッチン収納,8580,2,,,1880,はい,2026-02-23以降,817,722,標準1,282,中小候補,GO,GO,GO,,,https://www.amazon.co.jp/dp/B0G1YDZJLC,
A,B01MT53F7N,【純正品】ケルヒャー(Karcher)スプラッシュガード 2.642-706.0,KÄRCHER,ケルヒャージャパン株式会社,DIY・工具・ガーデン > 電動工具・エア工具 > 高圧洗浄機・アクセサリ,6088,6,,,4177,はい,2026-02-23以降,1863,2089,標準1,282,中小候補,GO,GO,GO,,,https://www.amazon.co.jp/dp/B01MT53F7N,
A,B0FX9NC8MB,[bagasin] パソコンバッグ 15 15.6 16インチ パソコンケース ブリーフケース,bagasin,bagasin,パソコン・周辺機器 > PCアクセサリ・サプライ > ノートパソコンアクセサリ,5967,2,,,2999,はい,2026-02-23以降,1413,1684,標準1,282,中小候補,GO,GO,GO,,,https://www.amazon.co.jp/dp/B0FX9NC8MB,
A,B0DDK5YZQ2,[E-enemo] ウールバフ 羊毛バフ 【整備士監修】 5個セットx研磨や仕上げ用に フェルトバフ (150mm),E-enemo,E-enemo,DIY・工具・ガーデン > 電動工具・エア工具 > 電動工具パーツ・アクセサリ,5717,2,,,1890,はい,2026-02-23以降,812,715,標準1,282,中小候補,GO,GO,GO,,,https://www.amazon.co.jp/dp/B0DDK5YZQ2,
A,B0CJC55558,2袋(500g×2) ヒトデdeでんでん ヒトデ忌避剤 害虫対策 ひとでででんでん 害獣対策 イノシシ対策 ネズミ カラスよけ ハトよけ 虫よけ ハクビシン ヒ,ノーブランド品,(株)一葉,DIY・工具・ガーデン > ガーデン > 害獣・害虫対策用品,7155,2,,,3800,はい,2026-02-23以降,1989,2190,標準2,332,中小候補,GO,GO,GO,,,https://www.amazon.co.jp/dp/B0CJC55558,
A,B08CCYN7KM,膝プロテクター 肘プロテクター バイク 伸縮性 通気性 アウトドア ひざ当て オートバイ 自転車 バイク用 パッド 耐衝撃 通気性 防風性 4点セット (XL),Fuxingone,Fuxingone,車＆バイク > バイクウェア・プロテクション > プロテクター,7659,5,,,1585,はい,2026-02-23以降,724,599,標準1,282,中小候補,GO,GO,GO,,,https://www.amazon.co.jp/dp/B08CCYN7KM,
A,B0D7QMD7QR,ウチコ 蓮 Hachisu 500 【自衛隊納入品 】国産の生地用超撥水剤 耐過酷環境 海水から雪山まで 高耐久 洗濯可能 フッ素フリー 撥水生地のメンテナンス,uchiko,,スポーツ＆アウトドア > アウトドア,4513,2,,,4980,はい,2026-02-23以降,2602,3055,標準1,282,中小候補,GO,GO,GO,,,https://www.amazon.co.jp/dp/B0D7QMD7QR,
A,B0B7RQ1VWS,害虫害獣まとめて解決！「ヒトデdeでんでん」2袋 1kg 忌避剤 忌避 害獣 害虫 天然素材 駆除 イノシシ ネズミ ムカデ ヒトデ忌避剤 ひとで ひとででんで,快適生活,(株)一葉,DIY・工具・ガーデン > ガーデン > 害獣・害虫対策用品,3711,2,,,3800,はい,2026-02-23以降,2063,2287,標準2,332,中小候補,GO,GO,GO,,,https://www.amazon.co.jp/dp/B0B7RQ1VWS,
A,B0GMNPN88N,パナソニック 浄水器 カートリッジ TK-CJ24C1 / TK-CJ22C1 後継対応 PFOS・PFOA含む19物質除去｜麦飯石配合｜6段階ろ過 蛇口直結型,IDOGEE,IDOGEE,ホーム＆キッチン > キッチン用品 > 浄水器・整水器,11696,2,,,3699,はい,2026-02-23以降,2122,2428,標準1,282,大手/海外疑い,GO,GO,GO,,,https://www.amazon.co.jp/dp/B0GMNPN88N,
A,B0F1T7TK8Z,iFace MagSynq MagSafe対応 カーマウント (エアベントタイプ/ホワイト),Hamee(ハミィ),Hamee(ハミィ),車＆バイク > カーアクセサリ > 携帯電話・スマートフォンアクセサリ,2896,2,,,1980,はい,2026-02-23以降,976,1042,標準(小型),182,中小候補,GO,GO,GO,,,https://www.amazon.co.jp/dp/B0F1T7TK8Z,
A,B0BX2N96JV,Upgrade ICECO キャンプコット 2WAY 1000D 耐荷重180KG 軽量2.8KG ハイ/ロー切替可能 静音設計 キャンプ アウトドア ベッド ,ICECO,ICECO,スポーツ＆アウトドア > アウトドア > 寝袋・ベッド・マット,26092,2,,,7900,はい,2026-02-23以降,4524,5568,大型,282,中小候補,GO,GO,見送り,FBA大型サイズ,,https://www.amazon.co.jp/dp/B0BX2N96JV,
A,B0G2SJ2YNB,オウルテック 燃えにくい準固体/半固体電池 モバイルバッテリー 5000mAh PSE認証 安全設計 USB-C/USB-A デジタル表示 PD20W 長寿命 ,オウルテック,オウルテック,家電＆カメラ > 携帯電話・スマートフォン > 携帯電話・スマートフォンアクセサリ,14497,2,,,3280,はい,2026-02-23以降,1928,2515,標準(小型),182,中小候補,GO,GO,GO,,,https://www.amazon.co.jp/dp/B0G2SJ2YNB,
A,B0DF2BP8TL,WAQ REPELLENT LANTERN 蚊除け機能搭載ランタン 虫よけ 防虫 蚊除け 虫対策 蚊 600lm 防水 IPX6 LEDランタン USB 小型 ,WAQ(ワック),WAQ（ワック）,スポーツ＆アウトドア > アウトドア > ライト・ランタン,6371,2,,,4482,はい,2026-02-23以降,2569,3126,標準(小型),182,中小候補,GO,GO,GO,,,https://www.amazon.co.jp/dp/B0DF2BP8TL,
A,B0F14YH4ZH,【雑誌anan掲載】 CocoMirror 風呂 鏡 浴室 お風呂 風呂用鏡 シール 貼り付け 割れない 曇らない鏡 ［専門家監修］ (A4（29.7x21㎝）,AHEART,AHEART,DIY・工具・ガーデン > 住宅用設備・製品 > キッチン・バス備品,7849,2,,,3582,はい,2026-02-23以降,2046,2328,標準1,282,中小候補,GO,GO,GO,,,https://www.amazon.co.jp/dp/B0F14YH4ZH,
A,B0DRYR6L9S,Ulanzi SL02 ミニカメラフラッシュ ミニフラッシュスピードライト マニュアル スピードライト 5600K ライト付き シングルコンタクトホットシューマ,ウランジ(Ulanzi),Ulanzi,家電＆カメラ > カメラ > フラッシュ・ストロボ,4376,2,,,3038,はい,2026-02-23以降,1651,2123,標準(小型),182,大手/海外疑い,GO,GO,GO,,,https://www.amazon.co.jp/dp/B0DRYR6L9S,
A,B0B8GKN429,Runbod ラッシングベルト ラチェットベルト 荷締めベルト 5m らっしんぐベルト 荷物固定ベルト ラッシング幅2.5cm 2本組 破断荷重約800kg ブ,Runbod,Runbod,DIY・工具・ガーデン > 作業工具 > 締付・固定工具,3691,2,,,1599,はい,2026-02-23以降,757,643,標準1,282,中小候補,GO,GO,GO,,,https://www.amazon.co.jp/dp/B0B8GKN429,
A,B0BTM2Q12Y,【助産師推薦】円座クッション ドーナツクッション 産後 痔 高反発 カバー洗濯可 出産 妊婦 椅子 座布団 座椅子 ブラック,RemarksJapan,Remarks Japan,ホーム＆キッチン > ラグ・カーテン・ファブリック > クッション・座布団,4598,2,,,1789,はい,2026-02-23以降,867,787,標準1,282,中小候補,GO,GO,GO,,,https://www.amazon.co.jp/dp/B0BTM2Q12Y,
A,B0DGNV21Z4,八番屋 手提げ金庫 キャッシュボックス ダイヤル付 B5 サイズ 会計 オフィス 簡易金庫 貯金箱 スチール製 家庭用 約W25×D18×H9cm M250JP,八番屋,八番屋,DIY・工具・ガーデン > 安全・セキュリティ > 金庫・金庫アクセサリ,6258,2,,,2980,はい,2026-02-23以降,1410,1432,標準2,332,中小候補,GO,GO,GO,,,https://www.amazon.co.jp/dp/B0DGNV21Z4,
A,B0DFBF56XB,エレコム 自動給餌器 猫 中小型犬用 2L (約1.1kg) タイマー機能付 1日最大6回 蓋ロック 2WAY給電 コンパクト 乾燥剤付属 ステンレス 1皿 幅,エレコム(ELECOM),エレコム(ELECOM),ペット用品 > 犬 > 餌やり・水やり用品,2432,3,,,6160,はい,2026-02-23以降,3261,3853,標準2,332,大手/海外疑い,GO,GO,GO,,,https://www.amazon.co.jp/dp/B0DFBF56XB,
A,4296207946,2025-26年版 技術士第二次試験 建設部門 最新キーワード100,日経BP,日経BP,本 > ジャンル別 > 資格・検定・就職,268541,5,☆ To You ☆ / 松陰 書店 / タウンズマート / ブックマーケティング(ご注文確定前に表示の到着予定日をご確認下さい、ご注文後のキャンセルご遠慮下さい,,5009,はい,2026-02-23以降,1937,2185,標準1,282,中小候補,GO,GO,GO,,,https://www.amazon.co.jp/dp/4296207946,
A,B07HCPVFX1,はごろも 無一物 まぐろ けずりぶし (国産) 23g×5個 (3123) (まとめ買い),無一物,はごろもフーズ,ペット用品 > 猫 > おやつ,957,5,,,1999,はい,2026-02-23以降,332,87,標準1,282,中小候補,GO,GO,GO,,,https://www.amazon.co.jp/dp/B07HCPVFX1,
A,B0FPCDQSBG,sweet(スウィート) 2025年11月号増刊,宝島社,宝島社,本 > ジャンル別 > 暮らし・健康・子育て,192796,2,,,4881,はい,2026-02-23以降,1283,1331,標準1,282,中小候補,GO,GO,GO,,,https://www.amazon.co.jp/dp/B0FPCDQSBG,
A,B0F3J5LDPQ,BAILA（バイラ) 2025年7月号増刊 timelesz表紙版,集英社,集英社,本 > ジャンル別 > 雑誌,97189,2,,,1781,はい,2026-02-23以降,823,729,標準1,282,中小候補,GO,GO,GO,,,https://www.amazon.co.jp/dp/B0F3J5LDPQ,
A,B0F47L4FSY,【Amazon 限定ブランド】キャンプ 扇風機 ミストファン 自動首振り 超強風 最大55時間連続使用 風量無段階調節 充電式 リモコン付き タイマー機能 低騒,BAFK,BAFK,ホーム＆キッチン > 家電 > 空調・季節家電,16081,2,,,6999,はい,2026-02-23以降,4217,5103,標準2,332,中小候補,GO,GO,GO,,,https://www.amazon.co.jp/dp/B0F47L4FSY,
A,B0FWCJMNNN,[魔法小屋] 椅子クッション チェアパッド お尻が痛くならない座布団 いす用 尾てい骨クッション オフィスチェア,魔法小屋,魔法小屋,ホーム＆キッチン > ラグ・カーテン・ファブリック > クッション・座布団,5304,2,,,3116,はい,2026-02-23以降,1723,1906,標準1,282,中小候補,GO,GO,GO,,,https://www.amazon.co.jp/dp/B0FWCJMNNN,
A,B07BBQ89ZB,TOTO 石けん液 4L THZ4,TOTO,TOTO,産業・研究開発用品 > 衛生・清掃用品 > 業務用衛生用品,7763,6,,,5152,はい,2026-02-23以降,2693,3109,標準2,332,中小候補,GO,GO,GO,,,https://www.amazon.co.jp/dp/B07BBQ89ZB,
A,B0FG81TKSD,タブレットケース 【PHILIPS T7315 専用】手帳型カバー｜薄型・軽量｜スタンド機能｜耐衝撃PUレザー (グレー),ノーブランド品,DSWL,パソコン・周辺機器 > PCアクセサリ・サプライ > タブレットアクセサリ,6527,2,,,2980,はい,2026-02-23以降,1655,2025,標準1,282,大手/海外疑い,GO,GO,GO,,,https://www.amazon.co.jp/dp/B0FG81TKSD,
A,B0G2QK6NPN,BQEYZ NI HiFiゲーミング インイヤーモニター 有線イヤホン セラミック複合振動膜 ヘッドフォン 3.5mm/4.4mm 着脱式 有線イヤーバッド ゲ,BQEYZ,BQEYZ,家電＆カメラ > イヤホン・ヘッドホン > イヤホン・ヘッドホン本体,9816,3,,,7599,はい,2026-02-23以降,4260,5816,標準(小型),182,中小候補,GO,GO,GO,,,https://www.amazon.co.jp/dp/B0G2QK6NPN,
A,4087798224,ドラゴンクエスト3 そして伝説へ… LEGENDARY GUIDEBOOK (Vジャンプブックス(書籍)),集英社,集英社,本 > ジャンル別 > 趣味・実用,93849,2,,,3458,はい,2026-02-23以降,1226,1256,標準1,282,中小候補,GO,GO,GO,,,https://www.amazon.co.jp/dp/4087798224,
A,B0BG31RCDT,ポータブル 拡声器 メガホン ハンズフリー マイク付きヘッドセット付属 小型 スピーカー USB microSD 音楽再生 イベント 講演会 説明会 アウトドア,RemarksJapan,RemarksJapan,スポーツ＆アウトドア > スポーツケア・アクセサリ・競技備品 > スポーツアクセサリー,6184,2,,,1549,はい,2026-02-23以降,792,802,標準(小型),182,中小候補,GO,GO,GO,,,https://www.amazon.co.jp/dp/B0BG31RCDT,
A,B0FVWV9BML,Elekasumi Switch 2 グリップコントローラー【新アップグレード】携帯モードコントローラー 一体型 スリープ解除/マクロ機能/1000mAh大容量,Elekasumi,Elekasumi,ゲーム > 機種別 > Nintendo Switch 2,1677,2,MIEGA / GEEKMI-JP,,5699,はい,2026-02-23以降,3127,3743,標準1,282,中小候補,GO,GO,GO,,,https://www.amazon.co.jp/dp/B0FVWV9BML,
A,B0D5H3R55F,WORKPRO オートセンターポンチ 自動ポンチ 3点セット 交換用チップ付き 超硬チップ 打撃力調整可能 目印 打刻 マーキング ガラス プラスチック 木材 ,WORKPRO,"HANGZHOU GREATSTAR INDUSTRIAL CO.,LTD",DIY・工具・ガーデン > 大工道具・用品 > ハンマー・くぎ抜き工具,1814,4,,,6546,はい,2026-02-23以降,3602,4476,標準(小型),182,中小候補,GO,GO,GO,,,https://www.amazon.co.jp/dp/B0D5H3R55F,
A,B0DLBD5BNL,帝国劇場アニバーサリーブック NEW HISTORY COMING(劇場内外観オリジナルクリアファイル付き),ぴあ,ぴあ,本 > ジャンル別 > エンターテイメント,170975,2,,,7350,はい,2026-02-23以降,4445,5401,標準2,332,中小候補,GO,GO,GO,,,https://www.amazon.co.jp/dp/B0DLBD5BNL,
A,B0C99C38HC,カインズ(CAINZ) 猫のつめとぎ 詰め替え 4個パック 幅11.5cm 奥行46cm 高さ2.7cm またたび付き 両面 つめにやさしい,カインズ,カインズ,ペット用品 > 猫 > キャットタワー・ベッド・マット,10250,2,,,1598,はい,2026-02-23以降,106,-208,大型,282,中小候補,GO,GO,見送り,FBA大型サイズ,,https://www.amazon.co.jp/dp/B0C99C38HC,
A,B0FHPFQMFH,[Ｌｕｘｕｒｅｕｘ] ヘアアクセサリー キッズ ジュエリーボックス 子供 豪華なアクセサリー付き ヘアゴム アクセサリー 収納 大容量 カラフル ヘアクリップ ,Ｌｕｘｕｒｅｕｘ,Luxureux,おもちゃ > ままごと・ごっこ遊び > キッズコスチュームアクセサリー,5537,2,Luxureux,メーカー直販,3980,はい,2026-02-23以降,1972,2168,標準2,332,中小候補,GO,GO,見送り,相乗り出品が基準未満（卸している証拠なし）,,https://www.amazon.co.jp/dp/B0FHPFQMFH,
A,B07ZTKV67K,コジマ（PB） 大地の恵み La Terra ハムスター リス プレミアム ミックスフード フルーツ 180g×3個 (まとめ買い),コジマ（PB）,コジマ（PB）,ペット用品 > 小動物 > フード,4347,6,,,2222,はい,2026-02-23以降,1148,1154,標準1,282,中小候補,GO,GO,GO,,,https://www.amazon.co.jp/dp/B07ZTKV67K,
A,B0C9GLYQJV,[2個セット] Magene（マージーン） EXAR TPUチューブ 700C 36g (75mm),Magene,"QINGDAO MAGENE INTELLIGENCE TECHNOLOGY CO.,LTD",スポーツ＆アウトドア > 自転車 > 自転車パーツ,6135,3,,,2860,はい,2026-02-23以降,1658,1934,標準(小型),182,中小候補,GO,GO,GO,,,https://www.amazon.co.jp/dp/B0C9GLYQJV,
A,B0GPCZHFKR,VOCE (2026年05月号),講談社,講談社,本 > ジャンル別 > 雑誌,50832,3,,,2168,いいえ,2026-02-23以降,285,-39,標準2,332,中小候補,GO,GO,GO,,,https://www.amazon.co.jp/dp/B0GPCZHFKR,
A,B07GSS1HHS,＜フジコン＞標本LABO (２個入り),フジコン,フジコン,ペット用品 > 昆虫 > テラリウム・セサリー,3291,4,,,2190,はい,2026-02-23以降,1060,1152,標準(小型),182,中小候補,GO,GO,GO,,,https://www.amazon.co.jp/dp/B07GSS1HHS,
A,B0CCJGDG4T,パンパース 【パンツ ビッグサイズ】 オムツ 肌へのいちばん (12~22kg) 38枚,パンパース,P&G,ベビー＆マタニティ > おむつ・トイレ > おむつ,7787,6,,,2980,はい,2026-02-23以降,1044,1018,大型,282,中小候補,GO,GO,見送り,FBA大型サイズ,,https://www.amazon.co.jp/dp/B0CCJGDG4T,
A,B0CFF27XYR,Laundrin'(ランドリン) Laundrin 車用フレグランス ブルー66 本体4個入り,Laundrin'(ランドリン),ネイチャーラボ,車＆バイク > カーアクセサリ > 車用除菌・消臭・芳香剤,2687,4,,,2060,はい,2026-02-23以降,728,718,標準(小型),182,中小候補,GO,GO,GO,,,https://www.amazon.co.jp/dp/B0CFF27XYR,
A,B0055VPY8M,BOSCH(ボッシュ) 充電マルチドリルビット3.5mmφ 3本組,Bosch,ボッシュ(BOSCH),DIY・工具・ガーデン > 電動工具・エア工具 > 電動工具パーツ・アクセサリ,8580,5,XPRICE / 【ミナトワークス】 / A1 ショップ【3300円以上で全国送料無料】※一部送料無料もございます / Procure A（プロキュアエース）,,1955,はい,2026-02-23以降,417,311,標準(小型),182,中小候補,GO,GO,GO,,,https://www.amazon.co.jp/dp/B0055VPY8M,
A,B0BV2MYTJ7,[グンゼ] ステテコ 快適工房 涼風綿 綿100% KH6407 メンズ NEWホワイト M,GUNZE(グンゼ),,ファッション > メンズ > 服＆ファッション小物,18738,6,ym _store / ホワイトライオン倶楽部：（受付後1-4営業日（平日）発送予定 / ネットでインナー（年中無休） / エッグアンドリバー（税込5500円以上は送料無料　九州北海道沖縄各離島を除く） / one by one株式会社【温洗通販】,,1960,はい,2026-02-23以降,536,354,標準1,282,中小候補,GO,GO,GO,,,https://www.amazon.co.jp/dp/B0BV2MYTJ7,
A,B0G8HCX8RM,美的スペシャル3月号,小学館,小学館,本 > ジャンル別 > 雑誌,142174,2,,,2300,はい,2026-02-23以降,988,945,標準1,282,中小候補,GO,GO,GO,,,https://www.amazon.co.jp/dp/B0G8HCX8RM,
A,B0D869F866,Bluetooth トランスミッター＆ レシーバー 3.5mm 一台三役 送信/受信/音声アシスタント/ハンズフリー通話 超小型 10時間連続運転 車/PC/テ,Yaizk,YaizK,家電＆カメラ > ポータブルオーディオ > ポータブルオーディオアクセサリ,19282,2,,,1439,はい,2026-02-23以降,744,839,標準(小型),182,中小候補,GO,GO,GO,,,https://www.amazon.co.jp/dp/B0D869F866,
A,B0DYJT6F51,【高性能・ポータブル】外付けHDD 500GB/320GB｜2.5インチ機械式ハードディスク USB3.0超高速データ転送｜PC/TV/Mac/PS4/XBox,VOKTECHGY,VOKTECHGY,パソコン・周辺機器 > 外付けドライブ・ストレージ > 外付ハードディスクドライブ,1948,2,,,3977,はい,2026-02-23以降,2144,2820,標準(小型),182,中小候補,GO,GO,GO,,,https://www.amazon.co.jp/dp/B0DYJT6F51,
A,B095JMLF1D,AIJYU TOYS 足けり乗用玩具 手押し棒付き メルセデスベンツ G350d 2WAY 乗用玩具 乗り物おもちゃ (WHITE),AIJYU TOYS,AIJYU TOYS,おもちゃ > 乗用玩具・三輪車 > 押し手付き乗用玩具,7202,2,,,7780,はい,2026-02-23以降,4125,5047,大型,282,中小候補,GO,GO,見送り,FBA大型サイズ,,https://www.amazon.co.jp/dp/B095JMLF1D,
A,B09L7MKF1D,Auto Spec スズキ 新型ジムニー に適合 車用アームレスト コンソールボックス 車内収納ボックス 多機能 JIMNY JB64W/JB74W H30.7,auto spec,auto spec,車＆バイク > カーアクセサリ > 収納・ホルダー,10251,2,,,7900,はい,2026-02-23以降,3785,4602,大型,282,中小候補,GO,GO,見送り,FBA大型サイズ,,https://www.amazon.co.jp/dp/B09L7MKF1D,
A,B0CD5MR35Z,ALTEED(アルティード) ハンドルスピンナー ステアリングスピナーノブ ベアリング内蔵 TPR素材グリップ 自動車用(黒×赤),ALTEED,ALTEED,車＆バイク > カーパーツ > 内装パーツ,2973,2,,,2950,はい,2026-02-23以降,1430,1636,標準(小型),182,中小候補,GO,GO,GO,,,https://www.amazon.co.jp/dp/B0CD5MR35Z,
A,B0FG29QHLX,【POP MART 公式ストア】SKULLPANDA L’impressionnisme シリーズぬいぐるみペンダント 【1ピース】 skullpanda スカ,POP MART,POP MART,おもちゃ > ぬいぐるみ > ぬいぐるみ人形,2235,2,,,2860,はい,2026-02-23以降,1573,1823,標準(小型),182,中小候補,GO,GO,GO,,,https://www.amazon.co.jp/dp/B0FG29QHLX,
A,B0D45MX8NQ,TempPro 料理温度計 赤外線 非接触・プローブ 2WAY 放射 デジタル キッチン 調理用 食品 揚げ物 天ぷら オーブン パン作り 製菓用,TempPro,TempPro,産業・研究開発用品 > 工業用計測器 > 温度計・湿度計,1614,2,,,2804,はい,2026-02-23以降,1622,1887,標準(小型),182,中小候補,GO,GO,GO,,,https://www.amazon.co.jp/dp/B0D45MX8NQ,
A,B0GDXRHRRP,LongFlight 携帯枕 ネックピロー 首枕 U型 空気枕 持ち運び便利 旅行枕 収納ポーチ付き 洗えるカバー 飛行機 コンパクト 車 夜行深夜バス 新幹線,LongFlight,,ホーム＆キッチン > 寝具 > 枕・抱き枕,3426,4,,,1798,はい,2026-02-23以降,975,1041,標準(小型),182,中小候補,GO,GO,GO,,,https://www.amazon.co.jp/dp/B0GDXRHRRP,
A,B0FCMKXXPJ,【厚労省基準に対応したモデル】2026 熱中症指数計 黒球式 WBGT測定器 熱中症計 WBGT計 熱中症 指数測定器 WBGT 測定器 (1),未来路,未来路,産業・研究開発用品 > 工業用計測器 > 温度計・湿度計,781,3,,,2412,はい,2026-02-23以降,1105,1211,標準(小型),182,中小候補,GO,GO,GO,,,https://www.amazon.co.jp/dp/B0FCMKXXPJ,
A,B08HMT7VFL,エバークリーン 無香タイプ 6L×3個 (正規輸入品),Everclean(エバークリーン),エバークリーン,ペット用品 > 猫 > トイレ用品,7863,5,,,6500,はい,2026-02-23以降,3900,4753,大型,282,中小候補,GO,GO,見送り,FBA大型サイズ,,https://www.amazon.co.jp/dp/B08HMT7VFL,
A,B0792P3CJ5,SDガンダム ジージェネレーション ジェネシス for Nintendo Switch,Bandai Namco,バンダイナムコエンターテインメント,ゲーム > 機種別 > Nintendo Switch,5155,6,,,5450,はい,2026-02-23以降,3083,3798,標準(小型),182,大手/海外疑い,GO,GO,GO,,,https://www.amazon.co.jp/dp/B0792P3CJ5,
A,B0030IK0IQ,イースター フェレットセレクション シニア 3.5Kg,イースター,イースター,ペット用品 > 小動物 > フード,6159,6,,,5379,はい,2026-02-23以降,2788,3234,標準2,332,中小候補,GO,GO,GO,,,https://www.amazon.co.jp/dp/B0030IK0IQ,
A,B0DK2P4395,"エコチェッカー コンセント 電力量表示器 ワットチェッカー 電気代計算 ワットモニター LCD電力計 節電対策 省エネ (ホワイト, 1セット)",FUMITAKE,FUMITAKE,産業・研究開発用品 > 工業用計測器 > 電子測定機器,1630,2,,,1777,はい,2026-02-23以降,731,723,標準(小型),182,中小候補,GO,GO,GO,,,https://www.amazon.co.jp/dp/B0DK2P4395,
A,B00UF08CFU,MORGAN BLUE(モーガンブルー) クリーム ソフトシャモワクリーム [soft chamois cream] 200ml 股ずれ/肌荒れ予防 ハーブエキ,MORGAN BLUE(モーガンブルー),MORGAN BLUE(モーガンブルー),スポーツ＆アウトドア > 自転車 > メンテナンス用品,6917,5,,,2942,はい,2026-02-23以降,1034,1006,標準1,282,中小候補,GO,GO,GO,,,https://www.amazon.co.jp/dp/B00UF08CFU,
A,B0CYSZ8KGL,パンパース 【テープ 新生児サイズ】 オムツ さらさらケア (5kgまで) 82枚,パンパース,P&G,ベビー＆マタニティ > おむつ・トイレ > おむつ,3095,7,,,2680,はい,2026-02-23以降,1085,1007,標準2,332,中小候補,GO,GO,見送り,新品オファー数7,,https://www.amazon.co.jp/dp/B0CYSZ8KGL,
A,B0FL79T1VN,WAQ REPELLENT LANTERN 蚊除け機能搭載ランタン 虫よけ 防虫 蚊除け 虫対策 蚊 600lm 防水 IPX6 LEDランタン USB 小型 ,WAQ(ワック),WAQ（ワック）,スポーツ＆アウトドア > アウトドア > ライト・ランタン,6371,2,,,4482,はい,2026-02-23以降,2569,3126,標準(小型),182,中小候補,GO,GO,GO,,,https://www.amazon.co.jp/dp/B0FL79T1VN,
A,B09XX2KWJ5,LED 車 サイド収納ボックス 光る 7色 シートサイドポケット車内 収納ケース USB充電ポート付き ドリンクホルダー付き 日本語説明書兼保証書付き カーチャ,Jinnal,Jinnal,車＆バイク > カーパーツ > 内装パーツ,8595,2,,,3980,はい,2026-02-23以降,2279,2633,標準1,282,中小候補,GO,GO,GO,,,https://www.amazon.co.jp/dp/B09XX2KWJ5,
A,B0FKMHTJ61,[TARKINS] ハーフ インソール 【理学療法士推薦ｘpococe掲載ｘレッド•ドット賞受賞】 扁平足 インソール 疲れない 中敷き,Tarkins,"Dongguan XinXingYao Industrial Co., Ltd",スポーツ＆アウトドア > スポーツケア・アクセサリ・競技備品 > スポーツケア用品,519,2,,,2199,はい,2026-02-23以降,1247,1397,標準(小型),182,中小候補,GO,GO,GO,,,https://www.amazon.co.jp/dp/B0FKMHTJ61,
A,B0DTJZ2BCT,[TABITUS+] タビタス ワンツーフィニッシュ ハンガーケース NEW JALUX ブラック… (グレー),TABITUS+,TABITUS,ファッション > バッグ・スーツケース > スーツケース・トラベルバッグ,5192,2,,,3380,はい,2026-02-23以降,1915,2157,標準1,282,中小候補,GO,GO,GO,,,https://www.amazon.co.jp/dp/B0DTJZ2BCT,
A,B0FTRGM724,エレコム Xperia 10 VII(SO-52F) ケース カバー ZEROSHOCK 透明 耐衝撃 衝撃吸収 ポリカーボネート TPU 傷に強い ハードコー,エレコム(ELECOM),エレコム,家電＆カメラ > 携帯電話・スマートフォン > 携帯電話・スマートフォンアクセサリ,14394,3,,,1979,はい,2026-02-23以降,531,538,標準(小型),182,大手/海外疑い,GO,GO,GO,,,https://www.amazon.co.jp/dp/B0FTRGM724,
A,B0GG8YNJSC,ゆらゆら木製オーナメント 車 芳香剤 ホワイトムスク10ml×3本付き｜車 消臭 車 ディフューザー マグネット取付｜手作り木製ホルダー 繰り返し使える 車内・,JJii Sung,JJii Sung,車＆バイク > カーアクセサリ > 車用除菌・消臭・芳香剤,1396,2,,,2998,はい,2026-02-23以降,1766,2076,標準(小型),182,中小候補,GO,GO,GO,,,https://www.amazon.co.jp/dp/B0GG8YNJSC,
A,B0F8N3PKSW,T-LAB 新聞紙 未使用 梱包材 包装紙 17kg 約150日分 広告チラシなし 新聞 予備紙 緩衝材 防災備品 犬 トイレシーツ ペットシーツ 工作 習字 ,T-LAB,T -LAB,産業・研究開発用品 > 配送・梱包資材 > 緩衝材,1206,2,,,3580,はい,2026-02-23以降,1286,1335,大型,282,中小候補,GO,GO,見送り,FBA大型サイズ,,https://www.amazon.co.jp/dp/B0F8N3PKSW,
A,B0CLZQ69L7,WalnutSkate スケボー ベアリング ABEC11/ABEC9/ABEC7/【国内ブランド】スケートボード インラインスケート ロングボード サーフスケ,ＷＡＬＮＵＴ　ＳＫＡＴＥ,WalnutSkate,スポーツ＆アウトドア > スケート・スケートボード・キックボード > スケートボード,5358,2,,,3700,はい,2026-02-23以降,1833,2163,標準(小型),182,中小候補,GO,GO,GO,,,https://www.amazon.co.jp/dp/B0CLZQ69L7,
A,B0CG1NV6P2,ヒルズ サイエンス・ダイエット キャットフード キトン 12ヶ月まで まぐろ 1.4kg 子猫用 ドライ お試し トライアル,ヒルズ サイエンス・ダイエット,日本ヒルズ・コルゲート,ペット用品 > 猫 > キャットフード,14244,6,,,2150,はい,2026-02-23以降,604,378,標準2,332,中小候補,GO,GO,GO,,,https://www.amazon.co.jp/dp/B0CG1NV6P2,
A,B0D61ZTLT1,【はじめてのタロット占いに】 atRise タロットカード 初心者向け 5点セット（日本語解説書・早見表・クロス・収納袋付き）ウェイト版／ライダー版,atRise,atRise,おもちゃ > おもちゃ雑貨・手品 > おもちゃ雑貨,331,3,,,1698,はい,2026-02-23以降,821,727,標準1,282,中小候補,GO,GO,GO,,,https://www.amazon.co.jp/dp/B0D61ZTLT1,
A,B0D3QSCZYG,山善 ELEIN 充電器 18V バッテリー充電器 急速充電 DC18V電池用 充電ホルダー YBC-3A,山善(YAMAZEN),山善(YAMAZEN),おもちゃ > ラジコンおもちゃ > パーツ・アクセサリ,4337,2,,,2930,はい,2026-02-23以降,1603,1749,標準1,282,大手/海外疑い,GO,GO,GO,,,https://www.amazon.co.jp/dp/B0D3QSCZYG,
A,4796164820,2026-大学入学共通テスト 実戦問題集 英語リーディング (駿台大学入試完全対策シリーズ),駿台文庫,駿台文庫,本 > ジャンル別 > 教育・学参・受験,19887,6,,,2835,はい,2026-02-23以降,779,672,標準1,282,中小候補,GO,GO,GO,,,https://www.amazon.co.jp/dp/4796164820,
A,B07SKTLK8N,エバポレーター洗浄用 カーエアコン洗浄 スーパージェットマックス ガソリン車用スーパーJET MAX 79615,ネットステージ,ネットステージ,車＆バイク > カーパーツ > 吸気・排気パーツ,1171,5,,,1748,はい,2026-02-23以降,805,706,標準1,282,中小候補,GO,GO,GO,,,https://www.amazon.co.jp/dp/B07SKTLK8N,
A,B00976G818,グリーンハウス microSDHCカード(アダプタ付属) 32GB UHS-I Class10 GH-SDMRHC32GU,グリーンハウス(Green House),グリーンハウス(Green House),パソコン・周辺機器 > PCアクセサリ・サプライ > メモリーカード,6613,5,,,1555,はい,2026-02-23以降,468,448,標準(小型),182,中小候補,GO,GO,GO,,,https://www.amazon.co.jp/dp/B00976G818,
A,4056116334,スーパーのりものデラックス: ふみきりのヒミツ! (Gakken Mook),Gakken,学研プラス,本 > ジャンル別 > 趣味・実用,214166,6,,,3200,はい,2026-02-23以降,602,440,標準1,282,中小候補,GO,GO,GO,,,https://www.amazon.co.jp/dp/4056116334,
A,B0CBS3SM7M,[あめてまり] 裾除け パンツ ステテコ レディース 東レ 夏用 和装 着物 浴衣 下ばき すててこ 涼しい 涼感 吸湿 吸汗 女性用 裾よけ 股擦れ防止 下着,あめてまり,,ファッション > レディース > 服＆ファッション小物,7156,2,,,1780,はい,2026-02-23以降,963,1026,標準(小型),182,中小候補,GO,GO,GO,,,https://www.amazon.co.jp/dp/B0CBS3SM7M,
A,B0G2QH2X14,BQEYZ NI HiFiゲーミング インイヤーモニター 有線イヤホン セラミック複合振動膜 ヘッドフォン 3.5mm/4.4mm 着脱式 有線イヤーバッド ゲ,BQEYZ,BQEYZ,家電＆カメラ > イヤホン・ヘッドホン,9816,3,,,7599,はい,2026-02-23以降,4260,5816,標準(小型),182,中小候補,GO,GO,GO,,,https://www.amazon.co.jp/dp/B0G2QH2X14,
A,B0989GCNFS,HITCALL 天然由来成分PLA配合 NM BB弾 0.2g 4000発 高精度 高真球 ウォーター研磨仕上げ採用,株式会社アザレア,株式会社アザレア,ホビー > エアガン・モデルガン > BB弾,1696,4,安全用品販売ハルワ / モデルガンショップ　チトセ浜松 / ミリタリーベース / ホビーエクスプレス,,1580,はい,2026-02-23以降,667,525,標準1,282,中小候補,GO,GO,GO,,,https://www.amazon.co.jp/dp/B0989GCNFS,
A,B0C61FJTBK,イワヤ(IWAYA) カンフーパペット(ハスキー) STマーク認証 6才以上,イワヤ(IWAYA),イワヤ(IWAYA),おもちゃ > ぬいぐるみ > 動物,6296,3,,,5800,はい,2026-02-23以降,1053,1029,標準1,282,中小候補,GO,GO,GO,,,https://www.amazon.co.jp/dp/B0C61FJTBK,
A,B0C1ZSWWPW,ムロヤ 万能ブラシ草刈り刃 万能強化コード まる刈りくん プロ用強化特殊ナイロンコード使用 (専用替え刃 10本 クリスタルドラゴン) CD4TW4,ムロヤ(Muroya),ムロヤ(Muroya),DIY・工具・ガーデン > ガーデン > 農業・園芸用機器,10397,2,,,3131,はい,2026-02-23以降,938,993,標準(小型),182,中小候補,GO,GO,GO,,,https://www.amazon.co.jp/dp/B0C1ZSWWPW,
A,B0CQP48R7V,Kabeila ピアノマット おもちゃ ドラムセット 子供 男の子 女の子 誕生日 プレゼント 人気 おもちゃ ピアノ 楽器 ミュージックマット 幼児,Kabeila,Kabeila,おもちゃ > 楽器玩具 > ピアノ・鍵盤楽器,7832,2,,,3480,はい,2026-02-23以降,1335,1399,標準1,282,中小候補,GO,GO,GO,,,https://www.amazon.co.jp/dp/B0CQP48R7V,
A,B0FRMPCBD8,【確かな打鍵感・3キー・奥踏み式】 USB フットスイッチ 3ペダル メカニカルスイッチ プログラマブル ゲーミング ショートカット マクロ機能 PCフットペダ,DERTER,PCsensor,産業・研究開発用品 > エレクトロニクス部品 > 制御部品,4598,2,,,3780,はい,2026-02-23以降,2150,2464,標準1,282,中小候補,GO,GO,GO,,,https://www.amazon.co.jp/dp/B0FRMPCBD8,
A,B0F32BTN2L,USB C 急速充電器 8 ポート シングルポート最大出力100W ノートパソコン MAC充電器USB コンセント ACアダプター MacBook Pro/Ai,BREEKET,"Shenzhen Hua Nan Tong Electronic Technology Co., Ltd.",家電＆カメラ > 携帯電話・スマートフォン > 携帯電話・スマートフォンアクセサリ,7872,2,,,4499,はい,2026-02-23以降,2162,2744,標準1,282,中小候補,GO,GO,GO,,,https://www.amazon.co.jp/dp/B0F32BTN2L,
A,B0GFS7G8D1,椅子脚カバー 木製脚用 サイズ選び不要 フッ素加工 移動がラクラク 傷防止 落ちにくい いすのあしカバー お掃除ラクラク ゴミが絡まない 椅子足カバー,fengle,DL,DIY・工具・ガーデン > 建築金物 > 家具用金物,1946,2,,,1899,はい,2026-02-23以降,913,960,標準(小型),182,中小候補,GO,GO,GO,,,https://www.amazon.co.jp/dp/B0GFS7G8D1,
A,B07HBQF7MM,GO VACATION(ゴーバケーション) -Switch,Bandai Namco,バンダイナムコエンターテインメント,ゲーム > 機種別 > Nintendo Switch,2508,2,,,7980,はい,2026-02-23以降,3378,4184,標準(小型),182,大手/海外疑い,GO,GO,GO,,,https://www.amazon.co.jp/dp/B07HBQF7MM,
A,4794998368,大学受験案内 2026年度用 (大学・短大・大学院総合ガイド) ー 新課程入試に完全対応,晶文社,晶文社,本 > ジャンル別 > 人文・思想,181306,6,,,4380,はい,2026-02-23以降,1609,1692,標準2,332,中小候補,GO,GO,GO,,,https://www.amazon.co.jp/dp/4794998368,
A,B0CLP97GMD,クリアストーン(Clearstone) コスプレ ハロウィン 金色将軍 ユニセックス ゴールド,クリアストーン(Clearstone),クリアストーン(Clearstone),ホビー > コスプレ・仮装 > コスチューム,3255,3,,,5490,はい,2026-02-23以降,3286,3950,標準1,282,中小候補,GO,GO,GO,,,https://www.amazon.co.jp/dp/B0CLP97GMD,
A,B0F6V5BCDL,YUHAFO 大型犬 小型犬 中型犬 伸縮リード 犬用りーど 伸びるリード【LEDライト・ライトリング付き】 「5m」 (パープル),YUHAFO,YUHAFO,ペット用品 > 犬 > 首輪・ハーネス・リード,4074,2,,,2299,はい,2026-02-23以降,1049,1024,標準1,282,中小候補,GO,GO,GO,,,https://www.amazon.co.jp/dp/B0F6V5BCDL,
A,B0BWQSCR93,タカラトミー(TAKARA TOMY) モンコレ ポケトルゼ コライドン(マスターボール),タカラトミー(TAKARA TOMY),タカラトミー(TAKARA TOMY),おもちゃ > 子ども向けフィギュア > 空想生物,24148,3,,,3200,はい,2026-02-23以降,780,786,標準(小型),182,大手/海外疑い,GO,GO,GO,,,https://www.amazon.co.jp/dp/B0BWQSCR93,
A,B0DC11YJMZ,35ピース 認知症パズル 高齢者向け3種 - 大きなピースのアクティビティ製品 野原の犬たち,Quokka,Adducate Ukraine LLC,おもちゃ > パズル > ジグソーパズル,9619,2,,,3999,はい,2026-02-23以降,2317,2683,標準1,282,中小候補,GO,GO,GO,,,https://www.amazon.co.jp/dp/B0DC11YJMZ,
A,B0G4RQQCJM,QLAP!(クラップ) 2026年 02 月号 【表紙：中島健人】 [雑誌],音楽と人,音楽と人,本 > ジャンル別 > 雑誌,203657,5,,,1689,はい,2026-02-23以降,504,312,標準1,282,中小候補,GO,GO,GO,,,https://www.amazon.co.jp/dp/B0G4RQQCJM,
A,B0F3NV379P,Pixio PXAUTCBE ベージュ AC&USB TAP COMPACT 電源タップ 卓上 デスク コンセント USB Type-C Type-A 充電器 ,Pixio,Pixio,パソコン・周辺機器 > PCアクセサリ・サプライ > 電源タップ,5401,2,,,4950,はい,2026-02-23以降,2740,3562,標準1,282,中小候補,GO,GO,GO,,,https://www.amazon.co.jp/dp/B0F3NV379P,
A,B0FYPX1NSF,Nimin 水なし アロマディフューザー 車用 ディフューザー 芳香剤 コードレス 充電式 車載 卓上 兼用,nimin,nimin,車＆バイク > カーアクセサリ > 車用除菌・消臭・芳香剤,3031,2,,,5888,はい,2026-02-23以降,3468,4188,標準1,282,中小候補,GO,GO,GO,,,https://www.amazon.co.jp/dp/B0FYPX1NSF,
A,4990580400,永い後日談のネクロニカ,,Patch Works,本 > ジャンル別 > ゲーム攻略・ゲームブック,26491,4,,,3300,はい,2026-02-23以降,1841,2060,標準1,282,中小候補,GO,GO,GO,,,https://www.amazon.co.jp/dp/4990580400,
A,B0C2QPMKK3,エアブラシワークス AW-205 エアブラシ 0.5mm ハンドピース ダブルアクション サフェーサー メタリック プラモデル 塗装 模型 ガンプラ,エアブラシワークス,エアブラシワークス,ホビー > 手芸・画材 > 描画・絵画,8155,2,,,3696,はい,2026-02-23以降,2220,2669,標準(小型),182,中小候補,GO,GO,GO,,,https://www.amazon.co.jp/dp/B0C2QPMKK3,
A,B0D9Y1HZS2,100 Pcs マグネットブロック 磁石ブロック おもちゃ 子供 知育玩具 磁石ブロック マグネット 男の子と女の子 おもちゃ 誕生日プレゼント クリスマス ギ,Annexfun,Annexfun,おもちゃ > ブロック > マグネットブロック,5333,2,,,3999,はい,2026-02-23以降,1445,1543,標準1,282,中小候補,GO,GO,GO,,,https://www.amazon.co.jp/dp/B0D9Y1HZS2,
A,B0CFF1MQQS,Laundrin'(ランドリン) Laundrin 車用フレグランス クラシックフローラル 本体4個入り,Laundrin'(ランドリン),ネイチャーラボ,車＆バイク > カーアクセサリ > 車用除菌・消臭・芳香剤,2687,5,,,1740,はい,2026-02-23以降,728,718,標準(小型),182,中小候補,GO,GO,GO,,,https://www.amazon.co.jp/dp/B0CFF1MQQS,
A,B0DLBKN8J1,ゴルフ練習器具 【音付きスイングトレーナー】 素振り練習器 スイングフォーム確認 ヘッドスピード・飛距離アップ 自宅 室内練習可 姿勢矯正 トレーニング器具 初,VOKTECHGY,VOKTECHGY,スポーツ＆アウトドア > ゴルフ > 練習用品,4157,2,,,3399,はい,2026-02-23以降,1569,1705,大型,282,中小候補,GO,GO,見送り,FBA大型サイズ,,https://www.amazon.co.jp/dp/B0DLBKN8J1,
A,B0BFWXRDHR,ナチュラルペットフーズ エクセル おいしい 小鳥の食事 皮むき 9kg,ナチュラルペットフーズ,NPF ナチュラルペットフーズ,ペット用品 > 鳥 > 餌,1886,2,,,5276,はい,2026-02-23以降,3147,3768,大型,282,中小候補,GO,GO,見送り,FBA大型サイズ,,https://www.amazon.co.jp/dp/B0BFWXRDHR,
A,B0FRLXP9V4,コンプティーク 2025年12月号,KADOKAWA,KADOKAWA,本 > ジャンル別 > 雑誌,205282,2,Global oasis shop(インボイス登録事業者) / 【インボイス対応】EternalFeather,,1980,はい,2026-02-23以降,498,304,標準1,282,中小候補,GO,GO,GO,,,https://www.amazon.co.jp/dp/B0FRLXP9V4,
A,B0CMPQ6RY2,Pixio AC&USB TAP COMPACT 電源タップ 卓上 コンセント USB Type-C Type-A 充電ステーション ACアダプタ 急速充電 コ,Pixio,Pixio,パソコン・周辺機器 > PCアクセサリ・サプライ > 電源タップ,5401,2,,,4950,はい,2026-02-23以降,2740,3562,標準1,282,中小候補,GO,GO,GO,,,https://www.amazon.co.jp/dp/B0CMPQ6RY2,
A,B08BRTZ8BL,SmallRig FUJIFILM対応 X100VI / X100V 用 グリップ (シルバー) 4566,SMALLRIG,SMALLRIG,家電＆カメラ > カメラ > アクセサリ,6717,2,,,2134,はい,2026-02-23以降,1205,1491,標準(小型),182,中小候補,GO,GO,GO,,,https://www.amazon.co.jp/dp/B08BRTZ8BL,
A,B09WH62S5T,ハンディ・クラウン アルミ伸縮継柄 2段階 シルバー EX-200 110.5cm~200.5cm ローラー つぎえ 塗装 ペイント 高所 屋根 天井 外壁 床,ハンディ・クラウン(Handy Crown),ハンディ・クラウン(Handy Crown),DIY・工具・ガーデン > 塗装・壁装 > ペイント塗布ツール,3148,4,,,2075,はい,2026-02-23以降,481,281,大型,282,中小候補,GO,GO,見送り,FBA大型サイズ,,https://www.amazon.co.jp/dp/B09WH62S5T,
A,B09DWMXDCH,YC 紫外線 ブラックライト 投光器 紫外線ライト 防水IP65 395-405nm UVライト レジン用 硬化ライト 屋外用 舞台照明 雰囲気を作り 3Dモデ,通用,YC照明,ホビー > 手芸・画材 > ビーズ・レジン・アクセサリ,1783,2,,,3144,はい,2026-02-23以降,1761,1956,標準1,282,中小候補,GO,GO,GO,,,https://www.amazon.co.jp/dp/B09DWMXDCH,
A,B097JWDWK4,[WINCESS] インナー手袋 キュプラ インナーグローブ 薄手 超薄手 18ゲージ ベンベルグ 手袋 6枚 20枚 100枚 フリーサイズ 手荒れ 使い捨て,WINCESS,ウインセス,産業・研究開発用品 > 安全・保護用品 > ハンド・アームプロテクション,1197,3,,,2480,はい,2026-02-23以降,1394,1589,標準(小型),182,中小候補,GO,GO,GO,,,https://www.amazon.co.jp/dp/B097JWDWK4,
A,B09RSM9PJX,あそプロげぇむず フリーク エイムフリーク PS4対応 PS5対応 両面テープ付 エイムフォース,あそプロげぇむず,あそプロげぇむず,ゲーム > 機種別 > プレイステーション5,677,2,,,2000,はい,2026-02-23以降,1105,1211,標準(小型),182,中小候補,GO,GO,GO,,,https://www.amazon.co.jp/dp/B09RSM9PJX,
A,B0FJ7VDMTB,洗車セット 極厚 洗車タオル 洗車グローブ ホイールブラシ 洗車ブラシ 車 バイク用 洗車グッズ 洗車用品 (８点セット（ベーシック）),爆弾鬼,GlanzHaus（グランツハウス）,車＆バイク > 洗車・お手入れ用品 > 洗車用品セット,3153,2,,,2780,はい,2026-02-23以降,1286,1335,標準1,282,中小候補,GO,GO,GO,,,https://www.amazon.co.jp/dp/B0FJ7VDMTB,
A,B0FJWSWZHG,YUHAFO 猫 水飲み器 自動給水器 ピュアクリスタル コードレス スマートセンサー搭載 2.5L大容量タンク 内蔵バッテリー【5000mAh大容量】 (ブル,YUHAFO,YUHAFO,ペット用品 > 猫 > 餌やり・水やり用品,3169,2,,,3388,はい,2026-02-23以降,1495,1607,標準1,282,中小候補,GO,GO,GO,,,https://www.amazon.co.jp/dp/B0FJWSWZHG,
A,B0C2C49F9F,エーキューエー(AQA) ライフジャケット 浮力補助 安全 事故防止 海 川 ブラック(50) L 大人用 KA9025,エーキューエー(AQA),エーキューエー(AQA),スポーツ＆アウトドア > 釣り > ボート用品,3876,6,,,4980,はい,2026-02-23以降,2297,2656,大型,282,中小候補,GO,GO,見送り,FBA大型サイズ,,https://www.amazon.co.jp/dp/B0C2C49F9F,
A,B0DPX41RG4,WOW CUP baby 【逆さにしても倒してもこぼれにくい】 360°どこからでも飲める トレーニングマグ ベビーマグ コップ飲み練習 ファーストカップ パー,エジソン(EDISON),ベルニコ,ベビー＆マタニティ > 授乳・食事 > ベビー食器,1512,4,,,1628,はい,2026-02-23以降,742,736,標準(小型),182,中小候補,GO,GO,GO,,,https://www.amazon.co.jp/dp/B0DPX41RG4,
A,4839988870,世界遺産検定公式過去問題集3・4級【2025年度版】,マイナビ出版,マイナビ出版,本 > ジャンル別 > ノンフィクション,194540,2,,,3804,はい,2026-02-23以降,773,777,標準(小型),182,中小候補,GO,GO,GO,,,https://www.amazon.co.jp/dp/4839988870,
A,B0GCG5HG1C,マグネットブロック 330 Pcs 磁石ブロック 磁石おもち マグネットおもちゃ 子供知育玩具 男の子女の子 学習教育用 建設玩具 誕生日プレゼント クリスマス,Mzyxxel,Mzyxxel,おもちゃ > ブロック > マグネットブロック,8365,2,,,7110,はい,2026-02-23以降,4289,5197,標準2,332,中小候補,GO,GO,GO,,,https://www.amazon.co.jp/dp/B0GCG5HG1C,
A,B0F1KHJLWL,LED ソーラー ランタン 充電式 キャンプランタン キャンプライト 5200mAh 1000ルーメン高輝度 スマホ充電対応 5つ点灯モード 光色/輝度記憶 I,SAMUUN,SAMUUN,スポーツ＆アウトドア > アウトドア > ライト・ランタン,10924,3,SAMUUN-メーカー直営店 / SAMUUN 専門店 / SAMUUN-【公式・１年保証付】,メーカー直販,2999,はい,2026-02-23以降,1389,1470,標準1,282,中小候補,GO,GO,GO,,,https://www.amazon.co.jp/dp/B0F1KHJLWL,
A,B0026ZDKX6,スケーター(Skater) 電子レンジ調理用品 即席 ラーメンメーカー 湯切り口付 ベーシック 1.2L 日本製 UDR1N,スケーター(Skater),スケーター(Skater),ホーム＆キッチン > キッチン用品 > 調理・製菓道具,3919,5,,,1540,はい,2026-02-23以降,145,-44,標準(小型),182,中小候補,GO,GO,GO,,,https://www.amazon.co.jp/dp/B0026ZDKX6,
A,B0GDZG8KD3,キャンピングムーン(CAMPING MOON) アルマイト フェミナ ケットル ケトル 3-4人用 2.0L S2000,キャンピングムーン(camping moon),キャンピングムーン(camping moon),スポーツ＆アウトドア > アウトドア > バーベキュー・クッキング用品,8307,2,,,2680,はい,2026-02-23以降,1284,1332,標準1,282,中小候補,GO,GO,GO,,,https://www.amazon.co.jp/dp/B0GDZG8KD3,
A,B0G1Y6S68T,フライパンスタンド 伸縮式 (33-56cm調整可能) ABSベース+304食品級ステンレス仕切り 可動式7仕切りで 鍋蓋 フライパン まな板をすっきり収納 シ,Memypers,Memypers,ホーム＆キッチン > 収納用品 > キッチン収納,8580,2,,,1680,はい,2026-02-23以降,700,569,標準1,282,中小候補,GO,GO,GO,,,https://www.amazon.co.jp/dp/B0G1Y6S68T,
A,B0DCG5BDMS,adelphos 車用キックガード シートバックポケット 3ポケット付き 撥水 防汚 防傷 マットPUレザー製 工具不要取付 ズレ防止3点固定 クッション2層構,adelphos,adelphos,車＆バイク > カーアクセサリ > シートカバー,8107,2,,,2880,はい,2026-02-23以降,1385,1465,大型,282,中小候補,GO,GO,見送り,FBA大型サイズ,,https://www.amazon.co.jp/dp/B0DCG5BDMS,
A,4910528652,超特急シューヤ1st写真集「TRENTE」,SDP,SDP,本 > ジャンル別 > アート・建築・デザイン,21010,4,,,4600,はい,2026-02-23以降,1863,2089,標準1,282,中小候補,GO,GO,GO,,,https://www.amazon.co.jp/dp/4910528652,
A,B0CD7ST6LY,Ciencia 蛇口 分岐 2方向 真鍮 洗面台 蛇口 エクステンダー 交換部品 シャワーホースを接続 M22をM24に変換、クロム、SBA021C,CIENCIA,Ciencia,DIY・工具・ガーデン > 住宅用設備・製品 > キッチン・バス備品,5837,2,,,2996,はい,2026-02-23以降,1649,1923,標準(小型),182,中小候補,GO,GO,GO,,,https://www.amazon.co.jp/dp/B0CD7ST6LY,
A,B08XX31CCC,オスモカラー オスモ&エーデル カウンタートップオイル 0.5L #3046 5分ツヤ,オスモカラー,オスモ＆エーデル(株),DIY・工具・ガーデン > 塗装・壁装 > 塗装材,10882,6,,,6500,はい,2026-02-23以降,3178,3809,標準1,282,中小候補,GO,GO,GO,,,https://www.amazon.co.jp/dp/B08XX31CCC,
A,B09XXHFGF2,イガラシ ウォーターシャワースライダー 254×116×78cm(膨らましサイズ) シャワー付き 大・小 空気栓付 PAA-SL 大型,イガラシ(Igarashi),イガラシ(Igarashi),おもちゃ > アクション・スポーツトイ > プール・水遊び,7214,3,,,5280,はい,2026-02-23以降,3100,3642,標準2,332,中小候補,GO,GO,GO,,,https://www.amazon.co.jp/dp/B09XXHFGF2,
A,B0FNWF72T4,Angusplay 80Gbps USB-C Thunderbolt 5 ケーブル 16K@60Hz 0.5m,Angusplay,Angusplay,パソコン・周辺機器 > PCアクセサリ・サプライ > ケーブル・アクセサリ,8047,2,,,2199,はい,2026-02-23以降,1104,1348,標準(小型),182,中小候補,GO,GO,GO,,,https://www.amazon.co.jp/dp/B0FNWF72T4,
A,B0C5MX1HN5,水着 メンズ 【＋7㎝ ロング丈】 サーフパンツ ゆったり 丈長め メッシュインナー付き 海水パンツ 海パン 短パン トランクス 水陸両用 ハーフパンツ 無地 ,RSSR,,ファッション > メンズ > 服＆ファッション小物,5841,2,,,2690,はい,2026-02-23以降,1062,1042,標準1,282,中小候補,GO,GO,GO,,,https://www.amazon.co.jp/dp/B0C5MX1HN5,
A,B0FBFR4VB2,[バンダイ(BANDAI)] キミとアイドルプリキュア♪ Pretty Holic ハートキラリロック(特典:プリキュアキラルンリボン キュアズキューン&キュア,BANDAI,バンダイ(BANDAI),おもちゃ > ままごと・ごっこ遊び > キッズコスチュームアクセサリー,8955,5,,,2871,はい,2026-02-23以降,1638,1908,標準(小型),182,大手/海外疑い,GO,GO,GO,,,https://www.amazon.co.jp/dp/B0FBFR4VB2,
A,B0DWFKPVQV,NIKE ナイキ ソリッドコアタオル ミディアム セーフティーオレンジ/ホワイト TW2001-836,ナイキ(NIKE),ナイキ(NIKE),スポーツ＆アウトドア > 水泳・スイミング > スポーツタオル,6676,4,,,2300,はい,2026-02-23以降,901,944,標準(小型),182,大手/海外疑い,GO,GO,GO,,,https://www.amazon.co.jp/dp/B0DWFKPVQV,
A,B0C9PV4XDN,パール金属 電子レンジ 調理 ゆで卵 たまご 3個用 時短 日本製 NEWレンジピヨ 3エッグ CC-1148,パール金属株式会社,パール金属(PEARL METAL),ホーム＆キッチン > キッチン用品 > 調理・製菓道具,1875,6,,,1355,はい,2026-02-23以降,698,679,標準(小型),182,中小候補,GO,GO,見送り,Amazon本体あり(availabilityAmazon=4),,https://www.amazon.co.jp/dp/B0C9PV4XDN,
A,B0CLDK71LS,EZARC 切断砥石 グラインダー 刃 125mm 1.1mm超薄型 鉄工用 125×1.1×22mm 炭素鋼・ステンレス・鉄・銅 25枚入,EZARC,EZARC,DIY・工具・ガーデン > 電動工具・エア工具 > 電動工具パーツ・アクセサリ,6281,2,,,2828,はい,2026-02-23以降,1123,1121,標準1,282,中小候補,GO,GO,GO,,,https://www.amazon.co.jp/dp/B0CLDK71LS,
A,B09Y4PF53N,WalnutSkate スケボー ベアリング ABEC11/ABEC9/ABEC7/【国内ブランド】スケートボード インラインスケート ロングボード サーフスケ,ＷＡＬＮＵＴ　ＳＫＡＴＥ,WalnutSkate,スポーツ＆アウトドア > スケート・スケートボード・キックボード > スケートボード,5358,2,,,1800,はい,2026-02-23以降,618,461,標準1,282,中小候補,GO,GO,GO,,,https://www.amazon.co.jp/dp/B09Y4PF53N,
A,B00I59NI5W,コンビ Combi テテオ teteo 授乳のお手本 乳首 Sサイズ 2個入 (0ヵ月~3ヵ月頃まで) 乳孔3穴タイプ,Combi,コンビ,ベビー＆マタニティ > 授乳・食事 > 哺乳びん,2362,4,,,1970,はい,2026-02-23以降,390,276,標準(小型),182,中小候補,GO,GO,GO,,,https://www.amazon.co.jp/dp/B00I59NI5W,
A,B0G4L9585T,shobido 粧美堂 サンリオ キラキラハートのコンパクト キッズコスメ (シナモロール),SHOBIDO(ショービドー),粧美堂株式会社,おもちゃ > ままごと・ごっこ遊び > キッズコスチュームアクセサリー,4984,2,,,2200,はい,2026-02-23以降,1248,1398,標準(小型),182,中小候補,GO,GO,GO,,,https://www.amazon.co.jp/dp/B0G4L9585T,
A,B0FLXBHL7R,スマホホルダー 車 マグネット 【2026革新的な真空吸盤×24個のN55磁石】強力固定 走行中も安心 スマホスタンド 2年保証 瞬間吸着 片手操作 1秒着脱 ,aestiquo,Aestiquo,車＆バイク > カーアクセサリ > 携帯電話・スマートフォンアクセサリ,2333,2,,,1999,はい,2026-02-23以降,467,377,標準(小型),182,中小候補,GO,GO,GO,,,https://www.amazon.co.jp/dp/B0FLXBHL7R,
A,B0CCJH6LGH,パンパース 【パンツ Mはいはいサイズ】 オムツ 肌へのいちばん (5~10kg) 48枚,パンパース,P&G,ベビー＆マタニティ > おむつ・トイレ > おむつ,5322,6,,,2480,はい,2026-02-23以降,545,301,標準2,332,中小候補,GO,GO,GO,,,https://www.amazon.co.jp/dp/B0CCJH6LGH,
A,B0DCZD5757,BQEYZ LIN Type C 3.5 mm 4.4mm オーディオアダプタ ヘッドホンジャックアダプター HiFi 32bit 384KHz CX31993,BQEYZ,BQEYZ,家電＆カメラ > イヤホン・ヘッドホン > イヤホン・ヘッドホンアダプター,9318,2,BQEYZ Store,メーカー直販,2699,はい,2026-02-23以降,1396,1762,標準(小型),182,中小候補,GO,GO,見送り,相乗り出品が基準未満（卸している証拠なし）,,https://www.amazon.co.jp/dp/B0DCZD5757,
A,B0BNQCF516,タカラトミーアーツ(TAKARATOMY A.R.T.S) パウパトロール ぬいぐるみM マーシャルver.ぬいぐるみ高さ約24cm,タカラトミーアーツ(TAKARATOMY A.R.T.S),タカラトミーアーツ(TAKARATOMY A.R.T.S),おもちゃ > ぬいぐるみ > 動物,6765,2,,,3450,はい,2026-02-23以降,1065,1046,標準1,282,大手/海外疑い,GO,GO,GO,,,https://www.amazon.co.jp/dp/B0BNQCF516,
A,B0CYZT8WK9,呼び出しベル ナースコール ポケットベル 介護用 無線コール 緊急コールセット 家庭用 ポケットベル 家庭用呼び出しベル 接続簡単 音楽選択可能 日本語取扱説明,hellojoy,hellojoy,産業・研究開発用品 > 業務用医療用品 > 患者モニター・治療機器,3187,2,,,3480,はい,2026-02-23以降,1496,1722,標準(小型),182,中小候補,GO,GO,GO,,,https://www.amazon.co.jp/dp/B0CYZT8WK9,
A,B0DWK8X4NM,2個入 エコチェッカー プログラムタイマー エコキーパー コンセント 電力チェッカー 電力計 節電 チェッカー 大型LCD表示 (ホワイト),シブリング(Sibling),Sibling,産業・研究開発用品 > 工業用計測器 > 電子測定機器,4013,2,,,2528,はい,2026-02-23以降,1461,1676,標準(小型),182,中小候補,GO,GO,GO,,,https://www.amazon.co.jp/dp/B0DWK8X4NM,
A,B0D5VDXQSV,L&L ベビーチェア テーブル付き 持ち運び 折りたたみ ローチェア キッズチェア ベビーシート 離乳食 6ヶ月～3歳 耐荷重15kg ベージュ,L&L,L&L,ベビー＆マタニティ > ベビー家具・収納 > ベビーチェア,3198,2,,,3480,はい,2026-02-23以降,1581,1656,標準2,332,中小候補,GO,GO,GO,,,https://www.amazon.co.jp/dp/B0D5VDXQSV,
A,B0G4MR5ZKX,SHEAWA for Meta Quest 3S/3 ヘッドストラップ ヘッドバンド 重みを減少 寝ながらVR 快適 圧力分散 シリコンゴム 互換品 アクセサリ,SHEAWA,"Shenzhenshi Xinhuashang Leather Products Co., Ltd",ゲーム > 機種別 > VRゲーム,318,2,,,4258,はい,2026-02-23以降,2450,2970,標準(小型),182,中小候補,GO,GO,GO,,,https://www.amazon.co.jp/dp/B0G4MR5ZKX,
A,B0F3XCPC6C,イガラシ 90cm浮き輪 リーフウキワ ロープ付き RLD-90B,イガラシ(Igarashi),イガラシ,おもちゃ > アクション・スポーツトイ > プール・水遊び,8535,3,,,2280,はい,2026-02-23以降,1071,1054,標準1,282,中小候補,GO,GO,GO,,,https://www.amazon.co.jp/dp/B0F3XCPC6C,
A,B0GLN9WRYP,52TOYS BLINDBOX ディズニー プリンセス Pony Palesシリーズ ぬいぐるみブラインドボックス 可動フィギュア 馬の年 コレクター・誕生日・,52TOYS,52TOYS,ホビー > フィギュア・コレクタードール,1549,3,,,1589,いいえ,2026-02-23以降,850,878,標準(小型),182,中小候補,GO,GO,GO,,,https://www.amazon.co.jp/dp/B0GLN9WRYP,
A,B084TD2SHR,mania(マニア) プロショップ専用 中型インコ低脂肪 1L×2袋,mania(マニア),黒瀬ペットフード,ペット用品 > 鳥 > 餌,8622,3,,,2170,はい,2026-02-23以降,888,750,標準2,332,中小候補,GO,GO,GO,,,https://www.amazon.co.jp/dp/B084TD2SHR,
A,B0F28WJM2G,【腎臓ケア特化サプリ】NEKOMATANOMI ねこまたの実 腎臓ケア 腎臓の健康維持サプリ 猫の魚油 DHA 国産 シャンピニオンエキス ラクティウム 便臭 ,さくらの森,さくらの森,ペット用品 > 猫 > ヘルスケア,1589,2,,,3980,はい,2026-02-23以降,2379,2877,標準(小型),182,中小候補,GO,GO,GO,,,https://www.amazon.co.jp/dp/B0F28WJM2G,
A,B0B13YYPNC,タンゲ化学工業 ウォータータンク 20L 防災 災害 ASNT (アズント) ホイールタンク,タンゲ化学工業(Tange-kagaku-kougyou),タンゲ化学工業(Tange-kagaku-kougyou),スポーツ＆アウトドア > アウトドア > ボトル・ジャグ,7342,4,,,3684,はい,2026-02-23以降,1682,1853,大型,282,中小候補,GO,GO,見送り,FBA大型サイズ,,https://www.amazon.co.jp/dp/B0B13YYPNC,
A,B0DKSCGR3C,[フィッティ] Fitty うるおいマスク シルキータッチ ふつう (不織布/プリーツ) 15セット×2箱 加湿マスク 保湿 乾燥,フィッティ,タマガワエーザイ,産業・研究開発用品 > 業務用医療用品 > 着衣・手袋,3188,2,,,2732,はい,2026-02-23以降,1097,1088,標準1,282,中小候補,GO,GO,GO,,,https://www.amazon.co.jp/dp/B0DKSCGR3C,
A,B0G443CLVB,オフィスチェア デスクチェア ゲーミングチェア 腰サポート可動式ランバー 跳ね上げ式アームレスト 2Dヘッドレスト 30°ロッキング 通気性メッシュ 8CM厚座,Lomurae,Lomurae,文房具・オフィス用品 > オフィス家具・収納 > オフィスチェア,549,2,,,7578,はい,2026-02-23以降,4643,5725,大型,282,中小候補,GO,GO,見送り,FBA大型サイズ,,https://www.amazon.co.jp/dp/B0G443CLVB,
A,B0CHHQVY8Y,[ニューエラ] 無地 キャップ NewEra 9FORTY 99HeadwearShopステッカー付き メンズ レディース ベースボールキャップ 帽子 サイドロ,NEW ERA(ニューエラ),,ファッション > メンズ > 服＆ファッション小物,10725,3,,,3500,はい,2026-02-23以降,1828,2043,標準1,282,中小候補,GO,GO,GO,,,https://www.amazon.co.jp/dp/B0CHHQVY8Y,
A,B0D1TP5DS6,Lifeinnotech Surface Laptop Go 3 / Surface Laptop Go 2 / Surface Laptop Go 12.4イ,Lifeinnotech,Lifeinnotech,パソコン・周辺機器 > PCアクセサリ・サプライ > ノートパソコンアクセサリ,9945,2,,,1990,はい,2026-02-23以降,927,996,標準1,282,中小候補,GO,GO,GO,,,https://www.amazon.co.jp/dp/B0D1TP5DS6,
A,B0773DYXQY,カブ 50 70 90 対応 マフラー カスタムパーツ 交換 社外品 スーパーカブ リトルカブ フルエキゾーストマフラー FI車適合不可,BRAKE,BRAKE,車＆バイク > バイクパーツ > バイクマフラー,5666,2,,,7680,はい,2026-02-23以降,4165,5100,大型,282,中小候補,GO,GO,見送り,FBA大型サイズ,,https://www.amazon.co.jp/dp/B0773DYXQY,
A,414223160X,ローティ『偶然性・アイロニー・連帯』 2024年2月 (NHKテキスト),NHK出版,NHK出版,本 > ジャンル別 > 人文・思想,29808,5,,,1723,はい,2026-02-23以降,195,21,標準(小型),182,中小候補,GO,GO,GO,,,https://www.amazon.co.jp/dp/414223160X,
A,B00G5VH8JE,Honda(ホンダ) エンジンオイル ウルトラ NEXT 4L 08215-99974,Honda,ホンダ(Honda),車＆バイク > オイル・フルード > オイル,10332,5,,,6510,はい,2026-02-23以降,2268,2554,標準2,332,中小候補,GO,GO,GO,,,https://www.amazon.co.jp/dp/B00G5VH8JE,
A,B0CZ9362PY,Pixio AC&USB TAP COMPACT White 電源タップ ホワイト 卓上 コンセント USB Type-C Type-A 充電ステーション AC,Pixio,Pixio,パソコン・周辺機器 > PCアクセサリ・サプライ > 電源タップ,5734,2,,,4950,はい,2026-02-23以降,2740,3562,標準1,282,中小候補,GO,GO,GO,,,https://www.amazon.co.jp/dp/B0CZ9362PY,
A,B08CKWXXLS,LAITUOフィッシングベストフローティングベスト釣りライフジャケット通気性よく 多機能 笛付き 浮力材付き反射性ベルト最大95 kg積載量 (red),LAITUO,LAITUO,スポーツ＆アウトドア > 釣り > ボート用品,2714,5,,,2990,はい,2026-02-23以降,1133,1134,大型,282,中小候補,GO,GO,見送り,FBA大型サイズ,,https://www.amazon.co.jp/dp/B08CKWXXLS,
A,B07PK9SFR7,【パンツ Lサイズ】ナチュラルムーニーマン オーガニックコットン オムツ (9~14kg)144枚(36枚×4) [ケース品],ムーニー,ユニチャーム,ベビー＆マタニティ > おむつ・トイレ > おむつ,738,5,,,7094,はい,2026-02-23以降,3908,4763,大型,282,中小候補,GO,GO,見送り,FBA大型サイズ,,https://www.amazon.co.jp/dp/B07PK9SFR7,
A,B0F1T4S9TN,iFace MagSynq MagSafe対応 カーマウント (エアベントタイプ/ベージュ),Hamee(ハミィ),Hamee(ハミィ),車＆バイク > カーアクセサリ > 携帯電話・スマートフォンアクセサリ,2896,3,,,1980,はい,2026-02-23以降,1091,1193,標準(小型),182,中小候補,GO,GO,GO,,,https://www.amazon.co.jp/dp/B0F1T4S9TN,
A,B07WFSJ9QS,「ヒカリ (Hikari) ひかりクレスト タートルスタンドパック 250g」 2個セット,Hikari(ヒカリ),キョーリン,ペット用品 > 鳥 > 餌,8251,3,,,1900,はい,2026-02-23以降,940,882,標準1,282,中小候補,GO,GO,GO,,,https://www.amazon.co.jp/dp/B07WFSJ9QS,
A,B0DNYFX83V,MonoMaster 2025年3月号,宝島社,宝島社,本 > ジャンル別 > 暮らし・健康・子育て,192292,2,,,4500,はい,2026-02-23以降,1661,1825,標準1,282,中小候補,GO,GO,GO,,,https://www.amazon.co.jp/dp/B0DNYFX83V,
A,B0DCBGVLRQ,DIP ＆ GO 水質検査キット アクアリウム 試験紙 水槽 水質検査魚 タンク 淡水 海水兼用 アンモニア（GH・NO2・NO3・Cl2・pH・KH）,DIP & GO,DIP & GO,ペット用品 > 熱帯魚・観賞魚,1655,2,,,2080,はい,2026-02-23以降,1041,1127,標準(小型),182,中小候補,GO,GO,GO,,,https://www.amazon.co.jp/dp/B0DCBGVLRQ,
A,4796165002,2026-共通テスト実戦パッケージ問題 青パック (駿台大学入試完全対策シリーズ),駿台文庫,駿台文庫,本 > ジャンル別 > 教育・学参・受験,36603,2,,,4550,はい,2026-02-23以降,883,743,標準2,332,中小候補,GO,GO,GO,,,https://www.amazon.co.jp/dp/4796165002,
A,B07PJ5PHXY,【パンツ ビッグサイズ】ナチュラルムーニーマン オーガニックコットン オムツ (12~22kg)128枚(32枚×4) [ケース品],ムーニー,ユニチャーム,ベビー＆マタニティ > おむつ・トイレ > おむつ,1354,5,,,7167,はい,2026-02-23以降,4052,4951,大型,282,中小候補,GO,GO,見送り,FBA大型サイズ,,https://www.amazon.co.jp/dp/B07PJ5PHXY,
A,B07GBSR3KX,ライラクス(LayLax) トライワンポイントバンジースリングV2 RG 3WAY接続 ワンタッチ脱着 長さ調整 サバゲー装備 レンジャー グリーン,ライラクス(LayLax),ライラクス(LayLax),ホビー > エアガン・モデルガン > エアガン用スリング,6265,5,,,3391,はい,2026-02-23以降,1700,1989,標準(小型),182,中小候補,GO,GO,GO,,,https://www.amazon.co.jp/dp/B07GBSR3KX,
A,B0DFB54HYS,エレコム 自動給餌器 給水器 スタンド 3段階高さ調整 [設置可能サイズ 19.5cm×36.5cmまで] 耐荷重10kg 猫 中小型犬用 幅23.9×奥行38,エレコム(ELECOM),エレコム(ELECOM),ペット用品 > 犬 > 餌やり・水やり用品,5982,2,,,2070,はい,2026-02-23以降,928,867,標準1,282,大手/海外疑い,GO,GO,GO,,,https://www.amazon.co.jp/dp/B0DFB54HYS,
A,B0DJNXNJ5R,UPstore アルミ断熱シート 業務用 10m×1m 5mm 【 両面アルミタイプ 遮熱・断熱効果UP 】 夏 冬 (1000cm×100cm),ＵＰ　ＳＴＯＲＥ,ＵＰ　ＳＴＯＲＥ,DIY・工具・ガーデン > 建築・住宅資材 > 断熱材,2887,2,,,5960,はい,2026-02-23以降,2675,3151,大型,282,中小候補,GO,GO,見送り,FBA大型サイズ,,https://www.amazon.co.jp/dp/B0DJNXNJ5R,
A,B0G12SQ3F3,[iface] BeBling 2 ハンドストラップ (ブルー),iface,,家電＆カメラ > 携帯電話・スマートフォン > 携帯電話・スマートフォンアクセサリ,13689,4,,,2650,はい,2026-02-23以降,1443,1828,標準(小型),182,中小候補,GO,GO,GO,,,https://www.amazon.co.jp/dp/B0G12SQ3F3,
A,B018G4MZLS,スミス・アンド・ネフュー ウンド マネジメント メロリン 10×10cm 100枚入 66974941 …,メロリン,スミス・アンド・ネフュー,産業・研究開発用品 > 業務用医療用品 > 創傷ケア・包帯,3817,5,,,6122,はい,2026-02-23以降,3263,3920,標準1,282,中小候補,GO,GO,GO,,,https://www.amazon.co.jp/dp/B018G4MZLS,
A,B0B2CWCKTR,HandFan 手持ち扇風機 ハンディファン 大風量 16.5cm 広域送風 4000mAh 最長 34 時間連続稼働 6段階自然風付 静音 Type-C 充電,HandFan,HandFan,ホーム＆キッチン > 家電 > 空調・季節家電,9886,2,,,2999,はい,2026-02-23以降,1656,1818,標準1,282,中小候補,GO,GO,GO,,,https://www.amazon.co.jp/dp/B0B2CWCKTR,
A,B0DFMDG837,100 Pcs マグネットブロック 磁石ブロック おもちゃ 子供 知育玩具 磁石ブロック マグネット 男の子と女の子 おもちゃ 誕生日プレゼント クリスマス ギ,Annexfun,Annexfun,おもちゃ > ブロック > マグネットブロック,11549,3,,,4499,はい,2026-02-23以降,1467,1571,標準1,282,中小候補,GO,GO,GO,,,https://www.amazon.co.jp/dp/B0DFMDG837,
A,B0DJFD2WGZ,ニチネン(Nitinen)【オンライン限定】マイボンベ L 250g 12本セット カセットコンロ用 防災備蓄 アウトドア キャンプ 鍋料理 飲食店 専用のカー,ニチネン(Nitinen),ニチネン,スポーツ＆アウトドア > アウトドア > バーベキュー・クッキング用品,1858,4,,,2899,はい,2026-02-23以降,1298,1351,大型,282,中小候補,GO,GO,見送り,FBA大型サイズ,,https://www.amazon.co.jp/dp/B0DJFD2WGZ,
A,B0D6V3MX5S,ポケットモンスター 超連動! ポケモン テラスタルオーブ,タカラトミー(TAKARA TOMY),タカラトミー(TAKARA TOMY),おもちゃ > 子ども向けフィギュア > 空想生物,12408,3,,,3650,はい,2026-02-23以降,1556,1800,標準(小型),182,大手/海外疑い,GO,GO,GO,,,https://www.amazon.co.jp/dp/B0D6V3MX5S,
A,B0C61BLP3Z,イワヤ(IWAYA) 左右のレバーで腕を伸ばして、拳を繰り出す！怪鳥音や、秘奥義音も鳴る ぬいぐるみ カンフーパペット タイガー STマーク認証 6才以上,イワヤ(IWAYA),イワヤ(IWAYA),おもちゃ > ぬいぐるみ > 動物,6296,3,,,2979,はい,2026-02-23以降,951,896,標準1,282,大手/海外疑い,GO,GO,GO,,,https://www.amazon.co.jp/dp/B0C61BLP3Z,
A,B0DG8TQS3W,X-LARGE XLARGE エクストララージ ボクサーパンツ メンズ アンダーウェア 下着 かっこいい ツルツル 人気 カモフラ タイダイ 迷彩 カモ柄 ブラ,XLARGE,,ファッション > メンズ > 服＆ファッション小物,6679,2,,,2879,はい,2026-02-23以降,1588,1730,標準1,282,中小候補,GO,GO,GO,,,https://www.amazon.co.jp/dp/B0DG8TQS3W,
A,B0D95BF5KY,UPstore アルミ断熱シート 業務用 12m×1m 5mm 【 両面アルミタイプ 遮熱・断熱効果 】 夏 冬 (1200cm × 100cm),ＵＰ　ＳＴＯＲＥ,ＵＰ　ＳＴＯＲＥ,DIY・工具・ガーデン > 建築・住宅資材 > 断熱材,2887,2,,,6960,はい,2026-02-23以降,3212,3853,大型,282,中小候補,GO,GO,見送り,FBA大型サイズ,,https://www.amazon.co.jp/dp/B0D95BF5KY,
A,B0C5MXCCT6,水着 メンズ 【＋7㎝ ロング丈】 サーフパンツ ゆったり 丈長め メッシュインナー付き 海水パンツ 海パン 短パン トランクス 水陸両用 ハーフパンツ 無地 ,RSSR,,ファッション > メンズ > 服＆ファッション小物,5841,2,,,2690,はい,2026-02-23以降,1062,1042,標準1,282,中小候補,GO,GO,GO,,,https://www.amazon.co.jp/dp/B0C5MXCCT6,
A,B0F14VQS5T,【雑誌anan掲載】 CocoMirror 風呂 鏡 浴室 お風呂 風呂用鏡 シール 貼り付け 割れない 曇らない鏡 ［専門家監修］ (A3（43x29㎝）),AHEART,AHEART,DIY・工具・ガーデン > 住宅用設備・製品 > キッチン・バス備品,8953,2,,,4932,はい,2026-02-23以降,2486,2904,標準1,282,中小候補,GO,GO,GO,,,https://www.amazon.co.jp/dp/B0F14VQS5T,
A,B0GHS51X3B,BrightonNET モバ充 耐火ポーチ モバイルバッテリー・充電器 耐火・耐熱バッグ 国内試験済み 充電ケーブル穴付き (レギュラーサイズ (R)),ブライトンネット,ブライトンネット,家電＆カメラ > 携帯電話・スマートフォン > 携帯電話・スマートフォンアクセサリ,6100,2,,,3480,はい,2026-02-23以降,1966,2569,標準(小型),182,中小候補,GO,GO,GO,,,https://www.amazon.co.jp/dp/B0GHS51X3B,
A,B0CKMG39ZP,スイッチ コントローラー ワイヤレス 【スイッチ2にも対応】 連射 マクロ機能 背面ボタン付き Bluetooth ワイヤレス接続 ジャイロセンサー搭載 4階段,RemarksJapan,Remarks Japan,ゲーム > 機種別 > Nintendo Switch,693,2,,,2299,はい,2026-02-23以降,1212,1238,標準1,282,中小候補,GO,GO,GO,,,https://www.amazon.co.jp/dp/B0CKMG39ZP,
A,B0BZLJL7TC,MiliCamp メスティン雷鳥飯盒フライヤー 太径304ステンレス鋼 唐揚げフライバスケット 水切りざる 油切り ソロキャンプ 天ぷら揚げ物器 MF-250,MiliCamp,MiliCamp,スポーツ＆アウトドア > アウトドア > バーベキュー・クッキング用品,5881,2,MiliCamp（ミリキャンプ） / Amazon US,メーカー直販,1500,はい,2026-02-23以降,641,604,標準(小型),182,中小候補,GO,GO,GO,,,https://www.amazon.co.jp/dp/B0BZLJL7TC,
A,B0FK4Q3RMV,[フィッティ] Fitty うるおいマスク シルキータッチ やや大きめ (不織布/プリーツ) 15セット×2箱 加湿マスク 保湿 乾燥,フィッティ,タマガワエーザイ,産業・研究開発用品 > 業務用医療用品 > 着衣・手袋,3188,3,,,2732,はい,2026-02-23以降,1097,1088,標準1,282,中小候補,GO,GO,GO,,,https://www.amazon.co.jp/dp/B0FK4Q3RMV,
A,B086GZCJTF,ミワロック MIWA (美和) 取替引戸錠 PSSL09-1LS ディンプルキー5本付 引き違い ブロンズ色(CB),美和ロック(Miwalock),美和ロック(Miwalock),DIY・工具・ガーデン > 建築金物 > 建築金具,6674,5,,,7790,はい,2026-02-23以降,4730,5839,標準1,282,中小候補,GO,GO,GO,,,https://www.amazon.co.jp/dp/B086GZCJTF,
A,B0DGS973PW,電子ターゲット シューティング 自動起き上がり 的あて 自動採点 4種類ゲームモード 予備用的＆リストバンド＆収納バッグ付き,CYFIE,CYFIE,おもちゃ > アクション・スポーツトイ > 的あて,13606,2,,,1680,はい,2026-02-23以降,737,616,標準1,282,中小候補,GO,GO,GO,,,https://www.amazon.co.jp/dp/B0DGS973PW,
A,B07V4M8J21,紙おむつ処理ポット 強力防臭抗菌 おむつポット ポイテック シリーズ 共用スペアカセット 1個 (旧型ポイテック / ポイテック アドバンス 本体両方使用可能),Combi,コンビ,ベビー＆マタニティ > おむつ・トイレ > おむつ処理ポット・ペール,5754,6,,,1900,はい,2026-02-23以降,673,646,標準(小型),182,中小候補,GO,GO,GO,,,https://www.amazon.co.jp/dp/B07V4M8J21,
A,B0GMYPBB7K,[あめてまり] 巾着バッグ 袴 卒業式 浴衣バッグ レース バッグ 袴巾着 マーガレット柄 和洋兼用 シュリンクパール風 パーツ 用 浴衣 着物 巾着 レディー,あめてまり,,ファッション > レディース > バッグ・財布,6888,2,,,1580,いいえ,2026-02-23以降,760,760,標準(小型),182,中小候補,GO,GO,GO,,,https://www.amazon.co.jp/dp/B0GMYPBB7K,
A,B0FMJTKYH6,【筋肥大に最適！】バトルロープ コードレス トレーニングロープ 筋トレ器具 自宅用 HIIT 全身運動 ホームジム ロープレス,NEICOOK,NEICOOK,スポーツ＆アウトドア > フィットネス・トレーニング > エクササイズグッズ,14566,2,,,1580,はい,2026-02-23以降,355,117,大型,282,中小候補,GO,GO,見送り,FBA大型サイズ,,https://www.amazon.co.jp/dp/B0FMJTKYH6,
A,B0F1CRWT3Y,【最新】 トップランド 卓上 扇風機 サーキュレーター 小型 強風 ジェットFAN ACコンセント電源 ブラック 黒 SF-CC25BK,TOPLAND,TOPLAND,ホーム＆キッチン > 家電 > 空調・季節家電,7076,3,,,2348,はい,2026-02-23以降,740,621,標準1,282,中小候補,GO,GO,GO,,,https://www.amazon.co.jp/dp/B0F1CRWT3Y,
A,B09XHJ75BZ,TEAM PRO シリーズ KEITA ONO BRASS 18G 2BA ブラスダーツセット（専用ケース付き）,Target Darts,ターゲット(Target),ホビー > 遊技機器 > ダーツ,7764,2,,,2830,はい,2026-02-23以降,1586,1840,標準(小型),182,中小候補,GO,GO,GO,,,https://www.amazon.co.jp/dp/B09XHJ75BZ,
A,B0BC7CQCG4,Runbod ラッシングベルト ラチェット式ベルト 荷締めベルト 荷物固定ベルト 5m 黒 ラッシング幅2.5cm 破断荷重約800kg 4本組 オレンジ,Runbod,Runbod,DIY・工具・ガーデン > 作業工具 > 締付・固定工具,3691,2,,,2564,はい,2026-02-23以降,1292,1278,標準2,332,中小候補,GO,GO,GO,,,https://www.amazon.co.jp/dp/B0BC7CQCG4,
A,B0G2LFH5CX,ブレーン2026年2月号 大阪・関西万博デザインシステム〈拡大版〉,宣伝会議,宣伝会議,本 > ジャンル別 > 雑誌,162832,2,,,2600,はい,2026-02-23以降,683,546,標準1,282,中小候補,GO,GO,見送り,Amazon本体あり(availabilityAmazon=2),,https://www.amazon.co.jp/dp/B0G2LFH5CX,
A,B0F7426PJQ,HID屋 LEDフォグランプ イエロー HB4 配線レス 5400lm 車検対応 取付簡単 爆光 乗用車 12V 2本1セット SE,HID屋,HID屋,車＆バイク > カーパーツ > ライト・ランプ,1058,2,,,4980,はい,2026-02-23以降,3055,3761,標準(小型),182,中小候補,GO,GO,GO,,,https://www.amazon.co.jp/dp/B0F7426PJQ,
A,B0DWSB2KDJ,スマホスタンド【5穴土台✙五つの可動軸】携帯スタンド 寝ながら スマホ アーム 寝ながら ベット スマホホルダー 携帯 すまほ けいたい フレキシブル ケーブル,Mumay,Mumay,家電＆カメラ > 携帯電話・スマートフォン > 携帯電話・スマートフォンアクセサリ,8834,5,,,2394,はい,2026-02-23以降,1259,1466,標準1,282,中小候補,GO,GO,GO,,,https://www.amazon.co.jp/dp/B0DWSB2KDJ,
A,B0FJ92H8GC,クワガタ・カブトムシ昆虫飼育セット 昆虫飼育キット クリアスライダー 【標準サイズ】 飼育マット 止まり木 ゼリー付属 防臭 消臭 コバエ軽減,ノーブランド品,3RISE SHOP,ペット用品 > 昆虫 > ケア用品,7641,2,3RISE☆SHOP サンライズショップ(インボイス登録事業者),,2180,はい,2026-02-23以降,1005,967,標準1,282,中小候補,GO,GO,見送り,相乗り出品が基準未満（卸している証拠なし）,,https://www.amazon.co.jp/dp/B0FJ92H8GC,
A,B0DMS9J49V,MacBook Air/Pro対応 USB-Cハブ 7ポート PD充電 SD/TF USB3.0×3 軽量コンパクト RayCue,RayCue,RayCue,パソコン・周辺機器 > PCアクセサリ・サプライ > USBハブ,7597,2,,,2399,はい,2026-02-23以降,1377,1735,標準(小型),182,中小候補,GO,GO,GO,,,https://www.amazon.co.jp/dp/B0DMS9J49V,
A,B0CXP14Z3J,Mirasizuku カードケース トレカ 大容量 ポケモンカード ケース 約2800+枚トレカ収納/112枚ローダー psa 収納ケース 横入れ 縦入れ スト,Mirasizuku,daichi.ka,ホビー > コレクションカード・アクセサリ > カードサプライ・アクセサリ,5787,2,,,2980,はい,2026-02-23以降,1217,1180,標準2,332,中小候補,GO,GO,GO,,,https://www.amazon.co.jp/dp/B0CXP14Z3J,
A,B0FJF6RVK2,BAILA（バイラ） 2025年10月号増刊　伊野尾慧＆知念侑李（Hey! Say! JUMP）表紙版,集英社,集英社,本 > ジャンル別 > 雑誌,265046,2,,,1580,はい,2026-02-23以降,745,627,標準1,282,中小候補,GO,GO,GO,,,https://www.amazon.co.jp/dp/B0FJF6RVK2,
A,B0BV2QWWC1,[グンゼ] ステテコ 快適工房 涼風綿 綿100% KH6407 メンズ NEWホワイト LL,GUNZE(グンゼ),,ファッション > メンズ > 服＆ファッション小物,13141,5,,,2100,はい,2026-02-23以降,535,353,標準1,282,中小候補,GO,GO,GO,,,https://www.amazon.co.jp/dp/B0BV2QWWC1,
A,B0FRZF18FC,鼻毛カッター メンズ 【2026年新モデル・1台4役】 眉毛シェーバー レディース エチケット 多機能 はな毛カッター USB-C充電式 鼻毛トリマー 肌に優し,starrism,starrism,ホーム＆キッチン > 家電 > 理美容家電,5787,2,,,1979,はい,2026-02-23以降,1104,1210,標準(小型),182,中小候補,GO,GO,GO,,,https://www.amazon.co.jp/dp/B0FRZF18FC,
A,B0FRMVL5SP,【静音・3キー・奥踏み式】 USB フットスイッチ 3ペダル 光学式スイッチ プログラマブル ショートカット キーボード マクロ機能 誤操作防止 DTM 動画編,DERTER,PCsensor,産業・研究開発用品 > エレクトロニクス部品 > 制御部品,4598,2,,,3600,はい,2026-02-23以降,1863,2089,標準1,282,中小候補,GO,GO,GO,,,https://www.amazon.co.jp/dp/B0FRMVL5SP,
A,4789018849,全国通訳案内士試験 地理・歴史・一般常識・実務 パーフェクト対策 新装改訂版,ジャパンタイムズ出版,ジャパンタイムズ出版,本 > ジャンル別 > 資格・検定・就職,227284,5,ノースサプライ / タウンズマート / 松陰 書店 / ブックマーケティング(ご注文確定前に表示の到着予定日をご確認下さい、ご注文後のキャンセルご遠慮下さい / いずみbooks,,4470,はい,2026-02-23以降,1577,1715,標準1,282,中小候補,GO,GO,GO,,,https://www.amazon.co.jp/dp/4789018849,
A,B0G4R52QF3,エンラージ商事 OBD2 診断機 DT-902 全システム診断 DTC読取 消去 OBD検査対応 ホンダ車用,EnlargeCorp,株式会社エンラージ商事,車＆バイク > カーパーツ > 電子パーツ,3308,2,,,7980,はい,2026-02-23以降,4490,5524,標準1,282,中小候補,GO,GO,GO,,,https://www.amazon.co.jp/dp/B0G4R52QF3,
A,B0B93HFZF3,UPstore アルミ断熱シート 業務用 5m×1m 5mm 【 両面アルミタイプ 遮熱・断熱効果UP 】 夏 冬 (500cm × 100cm),ＵＰ　ＳＴＯＲＥ,ＵＰ　ＳＴＯＲＥ,DIY・工具・ガーデン > 建築・住宅資材 > 断熱材,2359,2,,,3860,はい,2026-02-23以降,1635,1791,大型,282,中小候補,GO,GO,見送り,FBA大型サイズ,,https://www.amazon.co.jp/dp/B0B93HFZF3,
A,B0DT51157S,[モンベル] ソックスオンサンダル BK ブラック 1129715 男女兼用 靴下着用可能 春夏秋用 タウンユース アウトドア向け 国内正規品,Mont-bell(モンベル),,ファッション > メンズ > シューズ,17359,3,,,5420,はい,2026-02-23以降,2578,3137,標準(小型),182,中小候補,GO,GO,GO,,,https://www.amazon.co.jp/dp/B0DT51157S,
A,B0G4ZHPCZP,otona MUSE(オトナミューズ) 2026年3月号増刊,宝島社,宝島社,本 > ジャンル別 > 暮らし・健康・子育て,86115,4,,,2850,はい,2026-02-23以降,1113,1108,標準1,282,中小候補,GO,GO,GO,,,https://www.amazon.co.jp/dp/B0G4ZHPCZP,
A,B0FS7191JN,"Haribo 65W 急速充電器 for アップルウォッチ 充電器， 4in1 USB コンセント,赤",DCHK,"Shenzhenshi Ezreal Technology Co.,Ltd",家電＆カメラ > 携帯電話・スマートフォン > 携帯電話・スマートフォンアクセサリ,9161,2,,,3534,はい,2026-02-23以降,1475,1874,標準(小型),182,中小候補,GO,GO,GO,,,https://www.amazon.co.jp/dp/B0FS7191JN,
A,B0G4LT4G9T,和平フレイズ 一度に2つ 仕切りパン 2分割 お弁当 耐摩耗試験50万回 ダイキンシルクウェアEK ふっ素樹脂加工 PFOAフリー PFOSフリー IH・ガス対,和平フレイズ(Wahei freiz),和平フレイズ,ホーム＆キッチン > キッチン用品 > 鍋・フライパン,29419,4,,,2090,はい,2026-02-23以降,505,314,標準1,282,中小候補,GO,GO,GO,,,https://www.amazon.co.jp/dp/B0G4LT4G9T,
A,B0FZK198HH,無印良品 立体メッシュ持ち手付き巾着 カーキ M 約33×13×31cm 84920745,無印良品,無印良品,ファッション > バッグ・スーツケース > トラベルアクセサリ,5110,5,,,2260,はい,2026-02-23以降,612,453,標準1,282,中小候補,GO,GO,GO,,,https://www.amazon.co.jp/dp/B0FZK198HH,
A,B0BFL79VVG,ジュン (JUN) 極上サンゴ (NO.1) 5kg,ジュン (JUN),JUN,ペット用品 > 水生ペット > 水槽のアクセサリ,8317,3,,,2730,はい,2026-02-23以降,968,854,標準2,332,中小候補,GO,GO,GO,,,https://www.amazon.co.jp/dp/B0BFL79VVG,
A,B01MDTZLGU,クリーンワン おさんぽエチケットパック 無香 200枚入,クリーンワン,シーズイシハラ,ペット用品 > 犬 > トイレ・衛生用品,1469,4,,,2400,はい,2026-02-23以降,1213,1239,大型,282,中小候補,GO,GO,見送り,FBA大型サイズ,,https://www.amazon.co.jp/dp/B01MDTZLGU,
A,B0FJWLYZDT,タカラトミー(TAKARA TOMY) ブルーイ ブルーイなかよしフィギュアセット しゃしんだいすき,タカラトミー(TAKARA TOMY),タカラトミー(TAKARA TOMY),おもちゃ > 子ども向けフィギュア > ロボット・子ども向けフィギュア,523,4,,,1940,はい,2026-02-23以降,355,117,標準1,282,大手/海外疑い,GO,GO,GO,,,https://www.amazon.co.jp/dp/B0FJWLYZDT,
A,B0FL71HTB2,BabyGoo 電動 搾乳機 産婦人科医＆助産師W推薦 選べる36パターン 自動 長持ちバッテリー 電子レンジ洗浄 哺乳瓶 コードレス 充電式 (電動タイプ),BabyGoo,ASAGIRI,ベビー＆マタニティ > 授乳・食事 > 搾乳器,260,2,バリュープライス,,5206,はい,2026-02-23以降,2890,3432,標準1,282,中小候補,GO,GO,見送り,相乗り出品が基準未満（卸している証拠なし）,,https://www.amazon.co.jp/dp/B0FL71HTB2,
A,B0FWBCR9Y3,ピープル 1歳の好奇心がはじけるおもちゃ 1curiosity ワンキュリオシティ カラ・クル,ピープル,ピープル,おもちゃ > 赤ちゃん・幼児のおもちゃ > 早期発育・アクティビティ玩具,4264,3,,,4140,はい,2026-02-23以降,2123,2429,大型,282,中小候補,GO,GO,見送り,FBA大型サイズ,,https://www.amazon.co.jp/dp/B0FWBCR9Y3,
A,B0G58FHT7Z,iClever 折りたたみキーボード Bluetooth タッチパッド搭載 スタンド付き 3台切替 英語配列 フルサイズ パンタグラフ テンキー付き 超薄型 静,iClever,iClever,パソコン・周辺機器 > PCアクセサリ・サプライ > タブレットアクセサリ,10677,2,,,5890,はい,2026-02-23以降,2779,3617,標準1,282,中小候補,GO,GO,GO,,,https://www.amazon.co.jp/dp/B0G58FHT7Z,
A,4478004161,鉄のバイエル―鉄道発車メロディ楽譜集 JR東日本編,ダイヤモンド社,ダイヤモンド社,本 > ジャンル別 > 趣味・実用,17680,3,,,4576,はい,2026-02-23以降,918,853,標準1,282,中小候補,GO,GO,GO,,,https://www.amazon.co.jp/dp/4478004161,
A,4522630778,かんたん！　袋分け家計簿セット (永岡書店の家計簿),永岡書店,永岡書店,本 > ジャンル別 > ノンフィクション,204369,4,,,2233,はい,2026-02-23以降,556,380,標準1,282,中小候補,GO,GO,GO,,,https://www.amazon.co.jp/dp/4522630778,
A,B0FWXNG5Q3,CIROM 高機能TPE枕 首が痛くならない 高反発まくら 整体師監修 人間工学120°立体波型枕 頭首肩フィット 【最適なハニカム構造 ゼロ圧の深い眠り】 体,CIROM,CIROM,ホーム＆キッチン > 寝具 > 枕・抱き枕,10270,2,,,7182,はい,2026-02-23以降,3758,4567,大型,282,中小候補,GO,GO,見送り,FBA大型サイズ,,https://www.amazon.co.jp/dp/B0FWXNG5Q3,
A,B0C5MXFZBV,水着 メンズ 【＋7㎝ ロング丈】 サーフパンツ ゆったり 丈長め メッシュインナー付き 海水パンツ 海パン 短パン トランクス 水陸両用 ハーフパンツ 無地 ,RSSR,,ファッション > メンズ > 服＆ファッション小物,5841,2,,,2690,はい,2026-02-23以降,1062,1042,標準1,282,中小候補,GO,GO,GO,,,https://www.amazon.co.jp/dp/B0C5MXFZBV,
A,B07FS7DPKK,ゼノブレイド2 黄金の国イーラ - Switch,任天堂,任天堂,ゲーム > 機種別 > Nintendo Switch,6687,3,,,6900,はい,2026-02-23以降,3003,3693,標準(小型),182,大手/海外疑い,GO,GO,GO,,,https://www.amazon.co.jp/dp/B07FS7DPKK,
A,B0FDKC97LY,[ジゼル] トートバッグ レディース 大容量 大きめ 軽量 斜めがけ ショルダーバッグ a4 レザー調 PU 通学 通勤 肩掛け バイカラー (ブラック),GISELLE(ジゼル),レアリーク株式会社,ファッション > レディース > バッグ・財布,7922,2,,,2520,はい,2026-02-23以降,1356,1426,標準1,282,中小候補,GO,GO,GO,,,https://www.amazon.co.jp/dp/B0FDKC97LY,
A,B0FBWMSLTD,10Gbps ハブ USB-C 4ポート（USB-C×2・USB-A×2） USB 3.2 Gen 2規格 タイプC ハブ Type-AとType-C各2ポート,QUUGE,QUUGE,パソコン・周辺機器 > PCアクセサリ・サプライ > USBハブ,8402,2,,,2199,はい,2026-02-23以降,1117,1367,標準(小型),182,中小候補,GO,GO,GO,,,https://www.amazon.co.jp/dp/B0FBWMSLTD,
A,B0FRRXFWCR,「国内正規品」Keychron B33 ワイヤレスキーボード USレイアウト 2.4G/Bluetooth/有線 mac/Wins/Linux,Keychron,Keychron,パソコン・周辺機器 > キーボード・マウス・入力機器 > パソコン用キーボード,7993,3,,,5984,はい,2026-02-23以降,3607,4789,標準1,282,中小候補,GO,GO,GO,,,https://www.amazon.co.jp/dp/B0FRRXFWCR,
A,B0DJQWWGSR,Missgooey マニキュア 子供 キッズ ネイル はがせるマニキュアセット 水溶性ネイル 子供用 ネイルポリッシュ 12本セット お誕生日 クリスマス 女の,missgooey,missgooey,おもちゃ > ままごと・ごっこ遊び > キッズコスチュームアクセサリー,7143,2,,,2580,はい,2026-02-23以降,894,822,標準1,282,中小候補,GO,GO,GO,,,https://www.amazon.co.jp/dp/B0DJQWWGSR,
A,B07RNKH676,リッチェル(Richell) ふかふかベビーソファ ピンク 7カ月頃~2才頃,リッチェル(Richell),リッチェル,ベビー＆マタニティ > ベビー家具・収納 > ベビーチェア,7639,4,,,3298,はい,2026-02-23以降,1005,967,標準1,282,中小候補,GO,GO,GO,,,https://www.amazon.co.jp/dp/B07RNKH676,
A,B0DJXTDY7J,pisipe ベビーカー おでかけバギー B型 折高炭素鋼 軽量 ハイシート 大型タイヤ 日よけカバー ベビーウォーカー 折りたたみ式 超軽量 スクーター ベビ,pisipe,pisipe,ベビー＆マタニティ > ベビーカー > 背面ベビーカー・バギー,4934,6,,,5069,はい,2026-02-23以降,2678,3155,不明,282,中小候補,GO,GO,GO,,,https://www.amazon.co.jp/dp/B0DJXTDY7J,
A,B0DH4N2KX1,多機能シェーバー1台6USB充電式脱毛器IPX7防水脱毛器LEDディスプレイコンパクト電気シェーバー洗えるウェット ドライボディシェーバー,LANGING,LANGING,ホーム＆キッチン > 家電 > 理美容家電,6284,2,,,4199,はい,2026-02-23以降,2187,2513,標準1,282,中小候補,GO,GO,GO,,,https://www.amazon.co.jp/dp/B0DH4N2KX1,
A,B073WTDSJZ,HIROYUKI OPP粘着テープ 梱包用 幅48mm×長さ100m (10巻セット),HIROYUKI,HIROYUKI,産業・研究開発用品 > 接着・補修 > 粘着テープ,5546,2,,,2360,はい,2026-02-23以降,889,751,標準2,332,中小候補,GO,GO,GO,,,https://www.amazon.co.jp/dp/B073WTDSJZ,
A,B0DBKQ1ZR1,ボールハウス ボールテント ボールプール お城 折りたたみ式 子供用ポップアップテント キッズテント 室内 テント 秘密基地 ワンタッチテント テントハウス 収,ＯＣＯＦＵＮ,ＯＣＯＦＵＮ,おもちゃ > アクション・スポーツトイ > キッズテント,5273,2,,,2399,はい,2026-02-23以降,1068,1050,標準1,282,中小候補,GO,GO,GO,,,https://www.amazon.co.jp/dp/B0DBKQ1ZR1,
A,B0DZBD6DJB,DINETTE シャボン玉液 1800ml 日本製 大容量 補充液 シャボン玉液安全基準適合証明済 (1.8L),DINETTE,DINETTE,おもちゃ > アクション・スポーツトイ > シャボン玉,3032,2,,,1596,はい,2026-02-23以降,695,497,標準2,332,中小候補,GO,GO,GO,,,https://www.amazon.co.jp/dp/B0DZBD6DJB,
A,B0CMPMXTJL,UniOne オーラル 歯周ケア ペット 歯磨き 犬 猫 サプリ サプリメント お口の健康 歯周病ケア 60ml 口腔ケア お口の健康維持 口臭 歯周病 グロビ,UNI ONE,株式会社メニワン,ペット用品 > 猫 > ヘルスケア,7175,2,,,2860,はい,2026-02-23以降,1285,1447,標準(小型),182,中小候補,GO,GO,GO,,,https://www.amazon.co.jp/dp/B0CMPMXTJL,
A,B01967SOTQ,クリアストーン(Clearstone) カツランド コスプレ ハロウィン カツラ おかっぱちゃん ユニセックス ブラック,クリアストーン(Clearstone),クリアストーン(Clearstone),おもちゃ > ままごと・ごっこ遊び > キッズコスチュームアクセサリー,4287,2,,,1962,はい,2026-02-23以降,622,466,標準1,282,中小候補,GO,GO,GO,,,https://www.amazon.co.jp/dp/B01967SOTQ,
A,B0DX1R9SK6,[快適設計IBR] KN95 マスク 不織布 5層 CNAS機関認証済み 旧製品「レギュラー」の新バージョン 立体構造 ノーズスポンジ付き 曇りにくい 耳が痛く,快適設計IBR,株式会社アイ・ビー・アール,産業・研究開発用品 > 業務用医療用品 > 着衣・手袋,1758,2,,,1980,はい,2026-02-23以降,964,1027,標準(小型),182,中小候補,GO,GO,GO,,,https://www.amazon.co.jp/dp/B0DX1R9SK6,
A,B0FRRPQSFJ,Powerun【2026業界最小・超軽量】エアタグ airtag GPS スマートトラッカー MFI認証済み 紛失防止「探す」対応(iOSのみ),Powerun,Powerun,車＆バイク > カーセキュリティ > GPSトラッカー,2815,2,,,2609,はい,2026-02-23以降,1497,1724,標準(小型),182,中小候補,GO,GO,GO,,,https://www.amazon.co.jp/dp/B0FRRPQSFJ,
A,B08XYZHZRW,プロスタッフ(Prostaff) ガチアワ シャンプー コーティング 760ml S185,プロスタッフ(Prostaff),プロスタッフ(Prostaff),車＆バイク > 洗車・お手入れ用品 > エクステリアケア,5353,2,,,2100,はい,2026-02-23以降,603,441,標準1,282,中小候補,GO,GO,GO,,,https://www.amazon.co.jp/dp/B08XYZHZRW,
A,B0FDPFBNXS,猫 ケージ トイレ付き 3段 猫用ケージ 大型 スリム 猫のゲージ 猫 多頭飼い キャットゲージ 広い 頑丈 大きめ DIY組立 コンパクト ワイド キャットケ,Pertice,Pertice,ペット用品 > 猫 > ドア・転落防止ネット,9647,2,,,6699,はい,2026-02-23以降,3965,4837,大型,282,中小候補,GO,GO,見送り,FBA大型サイズ,,https://www.amazon.co.jp/dp/B0FDPFBNXS,
A,B0D5HVMHZC,Bluetooth ヘッドセット 片耳 左右耳兼用 IPX7防水 Bluetooth イヤホン V5.0 片耳 USB充電 270°回転 耳掛け式 片耳 バッテ,WOOTNBA,WOOTNBA,家電＆カメラ > 携帯電話・スマートフォン > 携帯電話・スマートフォンアクセサリ,8907,2,,,2099,はい,2026-02-23以降,922,1091,標準(小型),182,中小候補,GO,GO,GO,,,https://www.amazon.co.jp/dp/B0D5HVMHZC,
A,B00UF08CW8,MORGAN BLUE(モーガンブルー) クリーム ソリッドシャモワクリーム [solid chamois cream] 200ml 股ずれ/肌荒れ予防 ハーブ,MORGAN BLUE(モーガンブルー),MORGAN BLUE(モーガンブルー),スポーツ＆アウトドア > 自転車 > メンテナンス用品,6917,4,,,3210,はい,2026-02-23以降,1550,1680,標準1,282,中小候補,GO,GO,GO,,,https://www.amazon.co.jp/dp/B00UF08CW8,
A,B097Q3WCLB,おむつが臭わない袋 BOS ベビー用箱型 Mサイズ 90枚 2個セット,BOS,,ベビー＆マタニティ > おむつ・トイレ > おむつ処理袋・スペアカセット,1946,6,,,3030,はい,2026-02-23以降,1088,1076,標準1,282,中小候補,GO,GO,GO,,,https://www.amazon.co.jp/dp/B097Q3WCLB,
A,B08SM1ZPMB,ニッケル水素バッテリー 充電器 急速 サバゲー RCカー ラジコンカー For タミヤ/東京マルイ 2.4V 7.2V 8.4V 9.6V (2S - 8S),UltraPower,UltraPower,おもちゃ > ラジコンおもちゃ > パーツ・アクセサリ,6493,2,,,2380,はい,2026-02-23以降,793,803,標準(小型),182,中小候補,GO,GO,GO,,,https://www.amazon.co.jp/dp/B08SM1ZPMB,
A,B0F28YPTF9,【新型加湿器・タイマー機能搭載】加湿器 小型 アロマディフューザー アロマ対応 7色LEDライト 超音波式 静音 省エネ 卓上 自動停止機能 空焚き防止 デスク,ラブホーム美家,ラブホーム美家,ホーム＆キッチン > 家電 > 空調・季節家電,8565,3,ほのかあかり社 / 加湿器-毛玉取り専門分店 / VHMV,,1998,はい,2026-02-23以降,1016,982,標準1,282,中小候補,GO,GO,GO,,,https://www.amazon.co.jp/dp/B0F28YPTF9,
A,B0CG86QJVY,LED電球 E26口金直径26mm 100w形 昼光色相当 12W 一般電球 全方向タイプ 密閉器具対応 1個入り,SHAREFU,XIANGFU,ホーム＆キッチン > 家電 > 照明,6553,2,,,1650,はい,2026-02-23以降,879,916,標準(小型),182,中小候補,GO,GO,GO,,,https://www.amazon.co.jp/dp/B0CG86QJVY,
A,B0D9N7BPFZ,WAQ High Power Air Pump 電動ポンプ エアポンプ 電動 空気入れ アウトドア マット エアマット 圧縮袋 浮き輪 空気抜き LEDランタン,WAQ(ワック),WAQ（ワック）,スポーツ＆アウトドア > アウトドア > 寝袋・ベッド・マット,1313,2,,,4482,はい,2026-02-23以降,2631,3093,標準1,282,中小候補,GO,GO,GO,,,https://www.amazon.co.jp/dp/B0D9N7BPFZ,
A,B08NQ98Y75,あミューズ ガチャガチャ 景品 48㎜カプセル入り 女児用おもちゃ付き 100個セット カプセルトイ自販機用,あミューズ,あミューズ,おもちゃ > おもちゃ雑貨・手品 > カプセル玩具,5565,2,,,7150,はい,2026-02-23以降,2935,3491,大型,282,中小候補,GO,GO,見送り,FBA大型サイズ,,https://www.amazon.co.jp/dp/B08NQ98Y75,
A,B07B5WKHPY,【公式 S-502・503・504用】メルシーポット用 部品・消耗品 ベビちゃんクリップ (ピーチ),BabySmile,シースター株式会社,ベビー＆マタニティ > ベビーケア・バス > 鼻吸い器,4673,2,,,1580,はい,2026-02-23以降,630,590,標準(小型),182,中小候補,GO,GO,GO,,,https://www.amazon.co.jp/dp/B07B5WKHPY,
A,B0G7BW561Z,LICHIFIT for Meta Quest 2 ヘッドストラップ ヘッドバンド 重量軽減 寝ながら 圧力分散 シリコンゴム ソフトヘッドストラップ コンフォ,LICHIFIT,Leagoods,ゲーム > 機種別 > VRゲーム,4607,2,,,4150,はい,2026-02-23以降,2281,2749,標準(小型),182,中小候補,GO,GO,GO,,,https://www.amazon.co.jp/dp/B0G7BW561Z,
A,B0BW48TLB2,"Seeeduino XIAO ESP32C3, IoT 制御シナリオ用の Wi-Fi と BLE を備えた Tiny MCU ボード (5pcs)",MiiElAOD,Miistore,パソコン・周辺機器 > シングルボードコンピュータ・アクセサリ > シングルボードコンピュータ,6380,3,,,6180,はい,2026-02-23以降,3835,5213,標準(小型),182,中小候補,GO,GO,GO,,,https://www.amazon.co.jp/dp/B0BW48TLB2,
A,B0F7QZTBHB,【STマーク認証】ハンドスピナー 正規品 保育士推薦 吸盤/粘着マット/取扱説明書付き (ECOタイプ),BREEK,BREEK,おもちゃ > おもちゃ雑貨・手品 > フィジェットトイ,10472,2,,,1580,はい,2026-02-23以降,731,723,標準(小型),182,中小候補,GO,GO,GO,,,https://www.amazon.co.jp/dp/B0F7QZTBHB,
A,B0DCGB1SBY,ハピラ 色紙ファイル 20ポケット 大容量 20枚収納 ケース付き 色紙収納 クリアファイル ポケットファイル 大色紙用 オフホワイト PF001,ハピラ(Hapila),㈱ハピラ,文房具・オフィス用品 > ファイル・バインダー > フォルダー・書類入れ,4155,3,,,1920,はい,2026-02-23以降,719,593,標準1,282,中小候補,GO,GO,GO,,,https://www.amazon.co.jp/dp/B0DCGB1SBY,
A,B0CP5KSZW7,DEWEL かさ上げ台 防振ゴム 高さ調節 二層4個入り 耐荷重500kg 洗濯機置き台 大型家電対応 (ブラック),DEWEL,DEWEL,大型家電 > 洗濯機・乾燥機 > 洗濯機交換部品・アクセサリ,574,2,,,1939,はい,2026-02-23以降,653,607,標準1,282,中小候補,GO,GO,GO,,,https://www.amazon.co.jp/dp/B0CP5KSZW7,
A,B08XWYWPMH,オスモカラー オスモ&エーデル カウンタートップオイル 0.5L #3028 3分ツヤ,オスモカラー,オスモ＆エーデル(株),DIY・工具・ガーデン > 塗装・壁装 > 塗装材,10883,6,,,6550,はい,2026-02-23以降,3178,3809,標準1,282,中小候補,GO,GO,GO,,,https://www.amazon.co.jp/dp/B08XWYWPMH,
A,B0DRJLM7LH,[シマノ] 偏光グラス ボストングラス01 UJ-053Y ブラウン/マットブラック,シマノ(SHIMANO),シマノ,スポーツ＆アウトドア > スポーツケア・アクセサリ・競技備品 > スポーツアクセサリー,11973,2,,,6320,はい,2026-02-23以降,3042,3744,標準(小型),182,中小候補,GO,GO,GO,,,https://www.amazon.co.jp/dp/B0DRJLM7LH,
A,B0G35DPDR8,ピヨ(PIYO) 踏み台 子供 木製 耐荷重100kg ステップ台 洗面所 手洗い子ども 2段 ステップ台 幼児 こども トイレ おしゃれ (パールグレー),ピヨ(PIYO),ピヨ(PIYO),ベビー＆マタニティ > ベビー家具・収納 > ステップスツール・踏み台,2920,2,,,4180,はい,2026-02-23以降,1996,2198,標準2,332,中小候補,GO,GO,GO,,,https://www.amazon.co.jp/dp/B0G35DPDR8,
A,B0C5VQBX8C,BIKYO 折りたたみ椅子 アウトドアチェア 伸縮式 キャンプ椅子 折り畳み式 キャンプスツール 軽量 コンパクト 持ち運び便利 耐荷重220KG 一秒開閉でき,BIKYO,BIKYO,スポーツ＆アウトドア > アウトドア > テーブル・チェア・ハンモック,9354,2,,,2799,はい,2026-02-23以降,1487,1533,標準2,332,中小候補,GO,GO,GO,,,https://www.amazon.co.jp/dp/B0C5VQBX8C,
A,B0DVSCFSCZ,"[モンベル] ソックスオンサンダル BK ブラック 1129715 男女兼用 靴下着用可能 春夏秋用 タウンユース アウトドア向け 国内正規品 (ブラック, 日",Mont-bell(モンベル),,ファッション > メンズ > シューズ,24043,5,,,5899,はい,2026-02-23以降,3514,4248,標準1,282,中小候補,GO,GO,GO,,,https://www.amazon.co.jp/dp/B0DVSCFSCZ,
A,B0F6BB2S4Y,Ailunate インナーサイレンサー バイク バッフル マフラー 触媒 消音 音量 調整 消音器 ステンレス 差し込み 60mm用 ロング,Ailunate,Ailunate,車＆バイク > バイクパーツ > バイクマフラー,4522,2,,,1798,はい,2026-02-23以降,986,1056,標準(小型),182,中小候補,GO,GO,GO,,,https://www.amazon.co.jp/dp/B0F6BB2S4Y,
A,B0CDJVP4V8,[ｋｏｎｔｅｘ] 【コンテックス】シュエット＜46272-012＞ スタイ 今治タオルブランド認定商品 よだれかけ ビブ エプロンスタイ 綿100% 柔らかい ,ｋｏｎｔｅｘ,,ベビー＆マタニティ > 授乳・食事 > スタイ・バープクロス,5526,6,,,1798,はい,2026-02-23以降,686,550,標準1,282,中小候補,NG,GO,見送り,回転不足(消化月数>3),,https://www.amazon.co.jp/dp/B0CDJVP4V8,
A,4532310237,巨象も踊る,日経BP 日本経済新聞出版本部,日本経済新聞出版,本 > ジャンル別 > ビジネス・経済,36215,4,松陰 書店 / quickshop 横浜店 / タウンズマート,,4180,はい,2026-02-23以降,2186,2512,標準1,282,中小候補,GO,GO,GO,,,https://www.amazon.co.jp/dp/4532310237,
A,B0C2PMJQFS,ティファール パワフル連続スチーム 平均約21g/分 衣類スチーマー 専用モデル 「アクセススチーム イージー ブラック」 軽量&コンパクト スチームアイロン ,T-Fal,ティファール(T-fal),ホーム＆キッチン > 家電 > 生活家電,14650,4,,,7299,はい,2026-02-23以降,3999,4818,標準2,332,中小候補,GO,GO,GO,,,https://www.amazon.co.jp/dp/B0C2PMJQFS,
A,B0GF5XMXJK,[MIZIKIRIN] 旅行 リュック 大容量 40L ビジネスリュック 機内持ち込み【拡張機能・乾湿分離】 15.6型PC対応 多機能 撥水加工,MIZIKIRIN,,ファッション > バッグ・スーツケース > リュック・バックパック,805,3,,,6394,はい,2026-02-23以降,3874,4718,大型,282,中小候補,GO,GO,見送り,FBA大型サイズ,,https://www.amazon.co.jp/dp/B0GF5XMXJK,
A,B07T72NMDG,浅香工業 ウェブホース 内径15mmx外径20mm 長さ20m 280428,浅香工業(Asaka Kougyou),浅香工業(Asaka Kougyou),DIY・工具・ガーデン > ガーデン > 農具・散水用品,4825,3,,,6027,はい,2026-02-23以降,3339,3955,標準2,332,中小候補,GO,GO,GO,,,https://www.amazon.co.jp/dp/B07T72NMDG,
A,B07XNWDZK4,忍者じゃじゃ丸 コレクション - Switch,シティコネクション,シティコネクション,ゲーム > 機種別 > Nintendo Switch,955,3,,,3880,はい,2026-02-23以降,1844,2178,標準(小型),182,中小候補,GO,GO,GO,,,https://www.amazon.co.jp/dp/B07XNWDZK4,
A,B0B75GCGHY,LED電球 T形タイプ 口金直径26mm 60w 100w形相当 電球色 1080ルーメン (7.2W) 一般電球・T形タイプ 密閉器具対応,POIUYTO,LIJIA,ホーム＆キッチン > 家電 > 照明,7324,2,,,2380,はい,2026-02-23以降,1349,1530,標準(小型),182,中小候補,GO,GO,GO,,,https://www.amazon.co.jp/dp/B0B75GCGHY,
A,B0FYPXGPBM,Nimin 水を使わないアロマディフューザー 水なし 車載・家庭兼用 車連動 ディフューザー グリーン,nimin,nimin,車＆バイク > カーアクセサリ > 車用除菌・消臭・芳香剤,3031,2,,,5888,はい,2026-02-23以降,3468,4188,標準1,282,中小候補,GO,GO,GO,,,https://www.amazon.co.jp/dp/B0FYPXGPBM,
A,B0DDTCPNMT,[ハミィ] iFace Hang and ストラップホルダー ダブルリング(ゴールド),Hamee(ハミィ),,家電＆カメラ > 携帯電話・スマートフォン > 携帯電話・スマートフォンアクセサリ,1491,2,,,1980,はい,2026-02-23以降,976,1167,標準(小型),182,中小候補,GO,GO,GO,,,https://www.amazon.co.jp/dp/B0DDTCPNMT,
A,B0FGXKZRWC,GIIPET 猫 ベッド 夏用 ひんやり 爪とぎ ソファ 木製 猫用ベッド 麻布タイプ おしゃれ 通気性 抜け毛掃除楽々 傷つかない 丈夫 ワイドサイズ 大型猫,GIIPET,GIIPET,ペット用品 > 猫 > キャットタワー・ベッド・マット,13120,2,,,3299,はい,2026-02-23以降,1635,1791,大型,282,中小候補,GO,GO,見送り,FBA大型サイズ,,https://www.amazon.co.jp/dp/B0FGXKZRWC,
A,B0G6WWP34C,Bambu Lab PLA タフ+ フィラメント 1.75mm ±0.03mm RFID対応 1kg 再利用可能スプール付き ホワイト,Bambu Lab,BAMBULAB,産業・研究開発用品 > 3Dプリンタ・スキャナ > 造形材料,6473,2,,,3655,はい,2026-02-23以降,2043,2260,標準2,332,中小候補,GO,GO,GO,,,https://www.amazon.co.jp/dp/B0G6WWP34C,
A,B0FNC27GYK,マウス 無線 Bluetooth 5.2 【Type-C充電式 ＆ 静音】 ワイヤレスマウス 薄型 小型 パソコン 瞬時接続 省エネ 高感度 ブルートゥース ゲ,Adare,Adare,パソコン・周辺機器 > キーボード・マウス・入力機器 > マウス,2385,2,,,1680,はい,2026-02-23以降,845,981,標準(小型),182,中小候補,GO,GO,GO,,,https://www.amazon.co.jp/dp/B0FNC27GYK,
A,B09ZDP374B,プレイマット 全面縫製仕様ラバープレイマット2人用 TCG 対戦専用高級適用する ンプレイマット滑り止め防水収納バッグ付 きカードゲーム適用する60*60cm,UrbAmerican,N\P,おもちゃ > ゲーム > カードゲーム・トランプ,3331,3,,,2150,はい,2026-02-23以降,1021,988,大型,282,中小候補,GO,GO,見送り,FBA大型サイズ,,https://www.amazon.co.jp/dp/B09ZDP374B,
A,B08CKV7N4H,LAITUOフィッシングベストフローティングベスト釣りライフジャケット通気性よく 多機能 笛付き 浮力材付き反射性ベルト最大95 kg積載量 (micai),LAITUO,LAITUO,スポーツ＆アウトドア > 釣り > ボート用品,2714,2,,,3250,はい,2026-02-23以降,1614,1764,大型,282,中小候補,GO,GO,見送り,FBA大型サイズ,,https://www.amazon.co.jp/dp/B08CKV7N4H,
A,B0GFSBFTSF,椅子脚カバー 木製脚用 サイズ選び不要 フッ素加工 移動がラクラク 傷防止 落ちにくい いすのあしカバー お掃除ラクラク ゴミが絡まない 椅子足カバー,fengle,DL,DIY・工具・ガーデン > 建築金物 > 家具用金物,1946,2,,,1899,はい,2026-02-23以降,900,943,標準(小型),182,中小候補,GO,GO,GO,,,https://www.amazon.co.jp/dp/B0GFSBFTSF,
A,B0F87RLWTZ,おもちゃ ショベルカー ダンプカー ブルドーザー 砂場遊び セット 働く車 3台 リュック付き 男の子 知育 プレゼント （イエロー） [並行輸入品],PALTIA,PALTIA,おもちゃ > 乗り物おもちゃ > 建設車両,4468,2,,,2380,はい,2026-02-23以降,1168,1181,標準1,282,中小候補,GO,GO,GO,,,https://www.amazon.co.jp/dp/B0F87RLWTZ,
A,B009URL0PI,イナズマイレブンGO2 クロノ・ストーン ライメイ (特典なし) - 3DS,レベルファイブ,レベルファイブ,ゲーム > 機種別 > レガシーシステム,3194,2,,,7820,はい,2026-02-23以降,1638,1908,標準(小型),182,中小候補,GO,GO,GO,,,https://www.amazon.co.jp/dp/B009URL0PI,
A,B0BGXCWNPM,ダルトン(Dulton) オイル & ビネガー ボトル 350ml オイルボトル ドレッシング 醤油差し 調味料 ワンタッチ ステンレス ガラス 蓋付き 保存容,ダルトン(Dulton),ダルトン(Dulton),ホーム＆キッチン > キッチン用品 > 調理・製菓道具,6822,3,,,3080,はい,2026-02-23以降,1006,968,標準1,282,中小候補,GO,GO,GO,,,https://www.amazon.co.jp/dp/B0BGXCWNPM,
A,B06XRCFQHB,ヨネックス(YONEX) バドミントン シャトルコック エアロセンサ300 水鳥シャトル 12個入り 温度表示番号3(適正温度22~28℃) AS300,YONEX(ヨネックス),ヨネックス(YONEX),スポーツ＆アウトドア > バドミントン > シャトル,32854,5,,,5197,はい,2026-02-23以降,2485,2902,標準1,282,中小候補,GO,GO,GO,,,https://www.amazon.co.jp/dp/B06XRCFQHB,
A,B0CCRP69HN,銀のスプーン キャットフード ドライ 国産生かつおin 食事の吐き戻し軽減フード 海の幸ブレンド 1.0kg 国産 ユニチャーム,銀のスプーン,ユニチャーム,ペット用品 > 猫 > キャットフード,4055,3,,,1500,はい,2026-02-23以降,304,-14,標準2,332,中小候補,GO,GO,GO,,,https://www.amazon.co.jp/dp/B0CCRP69HN,
A,B0G8HYS8SS,流星のロックマン パーフェクトコレクション -Switch【Amazon.co.jp限定】特典 ポストカード8種セット 同梱,カプコン(CAPCOM),カプコン,ゲーム > 機種別 > Nintendo Switch,528,2,,,6300,はい,2026-02-23以降,3029,3727,標準(小型),182,中小候補,GO,GO,GO,,,https://www.amazon.co.jp/dp/B0G8HYS8SS,
A,B0CKL9SCC9,トレッキングポール 折りたたみ 長さ調節 コンパクト 軽量 伸縮 2本セット 杖 アウトドア ハイキング ウォーキング 登山用 レッド,RemarksJapan,Remarks Japan,スポーツ＆アウトドア > 登山・クライミング > トレッキングポール,2823,2,,,2449,はい,2026-02-23以降,1277,1323,標準1,282,中小候補,GO,GO,GO,,,https://www.amazon.co.jp/dp/B0CKL9SCC9,
A,B0C2NZFYVB,[山善] 芝刈り機 グラスバリカン AC電源 両刃駆動 ガード付き 刈込幅約160mm 刈込高さ調整15-30mm 延長コード別売 ホワイト/グリーン YLB-,山善(YAMAZEN),山善(YAMAZEN),DIY・工具・ガーデン > ガーデン > 農業・園芸用機器,14919,2,,,5650,はい,2026-02-23以降,2967,3468,標準2,332,大手/海外疑い,GO,GO,GO,,,https://www.amazon.co.jp/dp/B0C2NZFYVB,
A,B0FTS2NQYX,アディダス(adidas) トリオンダ キッズ ４号 白 サッカーボールADF420,adidas(アディダス),アディダス(adidas),スポーツ＆アウトドア > サッカー・フットサル > サッカー,19360,2,,,7920,はい,2026-02-23以降,3279,3941,大型,282,大手/海外疑い,GO,GO,見送り,FBA大型サイズ,,https://www.amazon.co.jp/dp/B0FTS2NQYX,
A,4065394880,夏吉ゆうこ写真集 悠々吉日,東京ニュース通信社,東京ニュース通信社,本 > ジャンル別 > 趣味・実用,21194,5,,,5720,はい,2026-02-23以降,2090,2386,標準1,282,中小候補,GO,GO,GO,,,https://www.amazon.co.jp/dp/4065394880,
A,B0CZ3388KP,ナイトアイズ(NITEIZE)エスビナー360°スライドロックカラビナー#3,ナイトアイズ(NITEIZE),シームーン(Cmoon),スポーツ＆アウトドア > スポーツケア・アクセサリ・競技備品 > スポーツアクセサリー,11526,3,,,3010,はい,2026-02-23以降,915,962,標準(小型),182,中小候補,GO,GO,GO,,,https://www.amazon.co.jp/dp/B0CZ3388KP,
A,B0F1YDJYFB,[POP MART] Mickey Family Cute Together Keychain Series Figures【1ピース】 ポップマート ガチャガ,POP MART,POP MART,おもちゃ > おもちゃ雑貨・手品 > カプセル玩具,2795,2,,,2750,はい,2026-02-23以降,1508,1738,標準(小型),182,中小候補,GO,GO,GO,,,https://www.amazon.co.jp/dp/B0F1YDJYFB,
A,B0F99LC275,hdmi 無線 ワイヤレス hdmi 送受信機セット 0.03秒超低遅延「1080P/5G+2.4G/100m安定転送/日本技適認証取得」,AOTOLO,AOTOLO,パソコン・周辺機器 > PCアクセサリ・サプライ,4748,2,,,5999,はい,2026-02-23以降,3522,4771,標準(小型),182,中小候補,GO,GO,GO,,,https://www.amazon.co.jp/dp/B0F99LC275,
A,B09CL1SR8W,【成犬用 イタリア製ドッグフード】Piemonte ピエモンテ アダルト チキン＆ライス 3kg ドライフード 鶏肉 米 食物繊維豊富 低カロリー 善玉菌 オリ,エルモ ( ELMO ),ATSU.Trading,ペット用品 > 犬 > ドッグフード,6052,2,,,2750,はい,2026-02-23以降,536,289,標準2,332,中小候補,GO,GO,見送り,除外カテゴリ,,https://www.amazon.co.jp/dp/B09CL1SR8W,
A,4046070757,この1冊で合格! 水野健の宅建士 神問題集 2025年度版,KADOKAWA,KADOKAWA,本 > ジャンル別 > ノンフィクション,275493,4,,,4470,はい,2026-02-23以降,1577,1715,標準1,282,中小候補,GO,GO,GO,,,https://www.amazon.co.jp/dp/4046070757,
A,B0DFW22HG8,Switch コントローラー 4つの呼吸ライトモード 自動連射/連射ホールド 4段階振動調整 6軸ジャイロセンサ マクロ機能 背面ボタン4つ付 1000mAhバ,PeriphX,PeriphX,ゲーム > 機種別 > Nintendo Switch,933,2,,,2988,はい,2026-02-23以降,1543,1671,標準1,282,中小候補,GO,GO,GO,,,https://www.amazon.co.jp/dp/B0DFW22HG8,
A,B06XF3FF43,クリアストーン(Clearstone) カツランド コスプレ ハロウィン カツラ 日本髪 ユニセックス ブラック,クリアストーン(Clearstone),クリアストーン(Clearstone),ホビー > コスプレ・仮装 > 小物,5368,3,,,2189,はい,2026-02-23以降,751,635,標準1,282,中小候補,GO,GO,GO,,,https://www.amazon.co.jp/dp/B06XF3FF43,
A,B00IUDF8MY,ジュン (JUN) プラチナリーフサンド 中目タイプ 5kg,ジュン (JUN),JUN (ジュン),ペット用品 > 水生ペット > 水槽のアクセサリ,6575,3,,,2524,はい,2026-02-23以降,693,494,標準2,332,中小候補,GO,GO,GO,,,https://www.amazon.co.jp/dp/B00IUDF8MY,
A,B0GHRGZ4BM,BrightonNET モバ充 耐火ポーチ モバイルバッテリー・充電器 耐火・耐熱バッグ 国内試験済み 充電ケーブル穴付き (ポータブルサイズ (S)),ブライトンネット,ブライトンネット,家電＆カメラ > 電池,6100,2,,,2980,はい,2026-02-23以降,1658,2132,標準(小型),182,中小候補,GO,GO,GO,,,https://www.amazon.co.jp/dp/B0GHRGZ4BM,
A,B0CPCHKL41,ハクゾウメディカル(Hakuzo) ハクゾウラップキュアドレッシング ロールタイプ NO.75 3155150,ハクゾウメディカル,ハクゾウメディカル(Hakuzo),産業・研究開発用品 > 業務用医療用品 > 創傷ケア・包帯,2838,5,,,2000,はい,2026-02-23以降,915,963,標準(小型),182,中小候補,GO,GO,GO,,,https://www.amazon.co.jp/dp/B0CPCHKL41,
A,B0DK3P8LJ7,【テープ Lサイズ】グーンプラス 敏感肌にやわらかタッチ おむつ (9~14kg) 176枚(44枚×4) [ケース販売] (ディズニーデザイン),グーン,大王製紙,ベビー＆マタニティ > おむつ・トイレ > おむつ,2367,5,,,7320,はい,2026-02-23以降,3352,4037,大型,282,中小候補,GO,GO,見送り,FBA大型サイズ,,https://www.amazon.co.jp/dp/B0DK3P8LJ7,
A,B0FQJGYZ9Q,Lifeinnotech Surface Laptop 13インチ 2025 用 ケース カバー クリア 全透明 軽量 ハードカバー すり傷防止 汚れ対策 耐衝,Lifeinnotech,Lifeinnotech,パソコン・周辺機器 > PCアクセサリ・サプライ > ノートパソコンアクセサリ,9945,2,,,1861,はい,2026-02-23以降,927,996,標準1,282,中小候補,GO,GO,GO,,,https://www.amazon.co.jp/dp/B0FQJGYZ9Q,
A,B0FSCNG166,JJC 金属 レンズキャップ Ricoh GR IV GR4 GR IV HDF GR IV Monochrome 専用 レンズ保護 アルミニウム合金製 EVA,JJC,"Jinjiacheng Photography Equipment Co.,Ltd.",家電＆カメラ > カメラ > アクセサリ,15046,2,,,2250,はい,2026-02-23以降,1034,1249,標準(小型),182,中小候補,GO,GO,GO,,,https://www.amazon.co.jp/dp/B0FSCNG166,
A,B0C3VQW6XD,DEWEL かさ上げ台 防振ゴム 高さ調節 二層4個入り 耐荷重500kg 洗濯機置き台 大型家電対応 (ホワイト),DEWEL,DEWEL,大型家電 > 洗濯機・乾燥機 > 洗濯機交換部品・アクセサリ,574,2,,,1939,はい,2026-02-23以降,653,607,標準1,282,中小候補,GO,GO,GO,,,https://www.amazon.co.jp/dp/B0C3VQW6XD,
A,477722970X,"2026大学入学共通テスト過去問レビュー 数学I,A,II,B,C (河合塾SERIES)",河合出版,河合出版,本 > ジャンル別 > 科学・テクノロジー,85702,6,,,2650,はい,2026-02-23以降,597,369,標準2,332,中小候補,GO,GO,GO,,,https://www.amazon.co.jp/dp/477722970X,
A,B08QTS9YD1,Goodnites ナイトタイム おねしょ下着 ガールズ XL (105-140ポンド) 9枚,Goodnites,Kimberly-Clark Corp.,ベビー＆マタニティ > おむつ・トイレ > おむつ,6054,3,,,3885,はい,2026-02-23以降,1868,2095,標準1,282,中小候補,GO,GO,GO,,,https://www.amazon.co.jp/dp/B08QTS9YD1,
A,B004EI92RQ,テトラ (Tetra) ナイトレイトマイナス 500ml 硝酸塩を分解除去し水換え減らす コケを抑える PH/KH安定 ビタミン/ミネラル補給,Tetra,スペクトラム ブランズ ジャパン,ペット用品 > 水生ペット > 水槽のアクセサリ,6566,4,,,2888,はい,2026-02-23以降,1296,1347,標準1,282,中小候補,GO,GO,GO,,,https://www.amazon.co.jp/dp/B004EI92RQ,
A,B0D8VYJNNV,MSMint トリマービット ルータービット 6㎜軸 スパイラルビット コンプレッション コロ付き 超硬(コンプレッションスパイラルビット),MSMint,MSMint,産業・研究開発用品 > 切削工具 > ルータービット,9371,2,,,4380,はい,2026-02-23以降,2507,3045,標準(小型),182,中小候補,GO,GO,GO,,,https://www.amazon.co.jp/dp/B0D8VYJNNV,
A,B0C1BTNRB1,マルカ ちいかわ アームリング おもちゃ 浮輪 1.5才以上 195266,マルカ(Maruka),マルカ,おもちゃ > アクション・スポーツトイ > プール・水遊び,36409,4,,,1507,はい,2026-02-23以降,564,504,標準(小型),182,中小候補,GO,GO,GO,,,https://www.amazon.co.jp/dp/B0C1BTNRB1,
A,B0GFSBNQLT,【多機能・1台8役】 スライサー 千切り 野菜スライサー セット 【プロ料理人が監修・時短料理・安全設計】 千切りスライサー すりおろし器 細切り,GAOTEK,Gaotek,ホーム＆キッチン > キッチン用品 > 調理・製菓道具,3843,2,,,2374,はい,2026-02-23以降,1245,1281,標準1,282,中小候補,GO,GO,GO,,,https://www.amazon.co.jp/dp/B0GFSBNQLT,
A,B0C27CSM4Q,YipuVR Pioneer DJ コントローラー バッグ for DDJ-FLX4/DDJ-400/DDJ-SB3/DJ-202/Inpulse 300対応 ,YipuVR,YipuVR,楽器・音響機器 > DJ機材 > DJバッグ・ケース,1300,2,,,4850,はい,2026-02-23以降,2712,3199,標準1,282,中小候補,GO,GO,GO,,,https://www.amazon.co.jp/dp/B0C27CSM4Q,
A,B0FSLXWYZS,VOCE　2025年12月号　通常版,講談社,講談社,本 > ジャンル別 > 雑誌,96909,3,,,2400,はい,2026-02-23以降,1278,1324,標準1,282,中小候補,GO,GO,GO,,,https://www.amazon.co.jp/dp/B0FSLXWYZS,
A,B0BY93GF7S,メディコートアレルゲンカット メディコート アドバンス アレルゲンカット 魚&えんどう豆たんぱく 1歳から【国産/アルミ小分け】 6kg(500g×12),メディコート,ペットライン,ペット用品 > 犬 > ドッグフード,2586,3,,,7751,はい,2026-02-23以降,4093,5006,大型,282,中小候補,GO,GO,見送り,FBA大型サイズ,,https://www.amazon.co.jp/dp/B0BY93GF7S,
A,B0D6BH3F2N,WTW 塚本無線 みてるちゃん猫24 防犯カメラ 屋内 見守り 簡単設置 真上真下監視 スマホ対応 WiFi 300万画素 WTW-NEKO245S,WTW,塚本無線,ベビー＆マタニティ > セーフティー > ベビーモニター,1690,2,買援隊 / 暮らし健康ネット館,,7480,はい,2026-02-23以降,3280,3942,標準1,282,中小候補,GO,GO,GO,,,https://www.amazon.co.jp/dp/B0D6BH3F2N,
A,B0DQCKVLPT,マイヤー(Meyer) フライパンプレス RED 18cm,マイヤー(Meyer),マイヤー(Meyer),ホーム＆キッチン > キッチン用品 > 調理・製菓道具,6835,2,,,4400,はい,2026-02-23以降,2406,2799,標準1,282,中小候補,GO,GO,GO,,,https://www.amazon.co.jp/dp/B0DQCKVLPT,
A,B0FG754YGF,ツールズアイランド(Toolsisland) フロントホイールクランプ バイクスタンド フロント 軽量 組立式 16～21インチ タイヤ幅100～140mm 組,ツールズアイランド(Toolsisland),ツールズアイランド(Toolsisland),車＆バイク > バイク工具・メンテナンス,12679,2,,,5780,はい,2026-02-23以降,3033,3619,大型,282,中小候補,GO,GO,見送り,FBA大型サイズ,,https://www.amazon.co.jp/dp/B0FG754YGF,
A,B07JQB1CFW,銀のスプーン キャットフード 贅沢素材バラエティ 肥満が気になる猫用 まぐろ・かつお・ささみ・野菜味に天然小魚・かつお節・まぐろ味フレーク添え 1.1キログラム,銀のスプーン,ユニ・チャーム,ペット用品 > 猫 > キャットフード,2294,6,,,1680,はい,2026-02-23以降,308,-8,標準2,332,中小候補,NG,GO,見送り,回転不足(消化月数>3),,https://www.amazon.co.jp/dp/B07JQB1CFW,
A,B0CCJ37W6Z,【テープ Lサイズ】パンパース オムツ はじめての肌へのいちばん (9~14kg) 48枚,パンパース,P&G,ベビー＆マタニティ > おむつ・トイレ > おむつ,6265,4,,,2980,はい,2026-02-23以降,1265,1307,大型,282,中小候補,GO,GO,見送り,FBA大型サイズ,,https://www.amazon.co.jp/dp/B0CCJ37W6Z,
A,B0F4P9XF1D,TOZATT【さらなる進化】FMトランスミッター Bluetooth5.3 車載 QC3.0急速充電対応 4つのUSBポート ハンズフリー通話 AUX-IN/O,TOZATT,TOZATT,車＆バイク > カーナビ・カーエレクトロニクス > ポータブルオーディオ用車載アクセサリ,7548,2,,,3415,はい,2026-02-23以降,2037,2430,標準(小型),182,中小候補,GO,GO,GO,,,https://www.amazon.co.jp/dp/B0F4P9XF1D,
A,B0FP58J1LQ,【2026業界超小サイズ】CHUDA デジタルカメラ 4K ミニカメラ キッズカメラ 6400万画素 OTG対応 1.54インチIPS画面 31g LEDライト,CHUDA,CHUDA,おもちゃ > 電子玩具・キッズ家電 > デジタルカメラ,6063,2,,,5022,はい,2026-02-23以降,2514,3053,標準(小型),182,中小候補,GO,GO,GO,,,https://www.amazon.co.jp/dp/B0FP58J1LQ,
A,B0D9LD96QV,【まとめ買い】 スクラビングバブル 流せるトイレブラシ ホワイトブロッサムの香り 本体+付け替え用 (4個+24個),ノーブランド品,ジョンソン,ホーム＆キッチン > バス・トイレ・洗面用品 > トイレ用品,2093,2,,,2980,はい,2026-02-23以降,1267,1310,標準1,282,中小候補,GO,GO,GO,,,https://www.amazon.co.jp/dp/B0D9LD96QV,
A,B0CLTV7J95,[2個セット] Magene（マージーン） EXAR TPUチューブ 700C 36g (45mm),Magene,"QINGDAO MAGENE INTELLIGENCE TECHNOLOGY CO.,LTD",スポーツ＆アウトドア > 自転車 > 自転車パーツ,5903,2,,,2860,はい,2026-02-23以降,1658,1934,標準(小型),182,中小候補,GO,GO,GO,,,https://www.amazon.co.jp/dp/B0CLTV7J95,
A,B005K338MY,Seagate シーゲイト 内蔵ハードディスク Desktop HDD 500GB ( 3.5 インチ / SATA 6Gb/s / 7200rpm / 16M,シーゲイト(SEAGATE),シーゲイト(SEAGATE),パソコン・周辺機器 > PCパーツ > 内蔵ハードディスク,8467,4,,,3499,はい,2026-02-23以降,1705,2097,標準1,282,大手/海外疑い,GO,GO,GO,,,https://www.amazon.co.jp/dp/B005K338MY,
A,4757302878,ハイパワー・マーケティング,,ジャック・メディア,本 > ジャンル別 > ビジネス・経済,32678,4,,,5980,はい,2026-02-23以降,1388,1468,標準1,282,中小候補,GO,GO,GO,,,https://www.amazon.co.jp/dp/4757302878,
A,B09CL2C4MG,【成犬用 イタリア製ドッグフード】Piemonte ピエモンテ アダルト ライト ラム＆ライス 体重管理 ラム肉 (3kg),エルモ ( ELMO ),ATSU.Trading,ペット用品 > 犬 > ドッグフード,5323,2,,,3080,はい,2026-02-23以降,600,372,標準2,332,中小候補,GO,GO,見送り,除外カテゴリ,,https://www.amazon.co.jp/dp/B09CL2C4MG,
A,B0BXP1V2MC,TOWOOZ 多機能 MacBook Air ケース13-13.6インチ M5/M4/M3/M2/M1 2026-2018/13インチMacBook Neo A,TOWOOZ,TOWOOZ,パソコン・周辺機器 > PCアクセサリ・サプライ > ノートパソコンアクセサリ,4533,2,,,2989,はい,2026-02-23以降,1433,1711,標準1,282,中小候補,GO,GO,GO,,,https://www.amazon.co.jp/dp/B0BXP1V2MC,
A,B0D6V23BFJ,b.box(ビーボックス)【Connect-a-Cup コネクトアカップ】sageセージ シリコーン製,b.box(ビーボックス),b.box,ベビー＆マタニティ > ベビーカー > ベビーカー小物,2402,2,,,1650,はい,2026-02-23以降,568,509,標準(小型),182,中小候補,GO,GO,GO,,,https://www.amazon.co.jp/dp/B0D6V23BFJ,
A,4402252539,フォーカスゴールド6th Edition 数学Ⅰ+A,啓林館,啓林館,本 > ジャンル別 > 教育・学参・受験,15332,3,,,3310,はい,2026-02-23以降,1657,1755,標準2,332,中小候補,GO,GO,GO,,,https://www.amazon.co.jp/dp/4402252539,
A,B00PEFFDJO,はてしない物語（岩波少年文庫）　上・下セット,,,本 > ジャンル別,63726,6,,,2386,はい,2026-02-23以降,976,929,標準1,282,中小候補,GO,GO,GO,,,https://www.amazon.co.jp/dp/B00PEFFDJO,
A,B07VSZZMW3,トップ吸引カテーテル クリアサクション 10Fr 50本入 14442,トップ,トップ,産業・研究開発用品 > 業務用医療用品 > 呼吸器・麻酔器,1015,6,,,1920,はい,2026-02-23以降,953,899,大型,282,中小候補,GO,GO,見送り,FBA大型サイズ,,https://www.amazon.co.jp/dp/B07VSZZMW3,
A,B07Y2TRG2T,インクのチップス エプソン用 IB06(メガネ) 互換 IB06CL5A 4色5本セット 顔料 互換インクカートリッジ PX-S5010 対応,インクのチップス,インクのチップス,パソコン・周辺機器 > PCアクセサリ・サプライ > プリンタアクセサリ,4828,2,,,2048,はい,2026-02-23以降,1055,1279,標準(小型),182,大手/海外疑い,GO,GO,GO,,,https://www.amazon.co.jp/dp/B07Y2TRG2T,
A,B0CTRTVFMB,MIX PENLa PRO-361 Noir キラキラ Pt. BM (ミックスペンラ プロ361) 361色 5LED(RGBWY)搭載 LR44ボタン電池式,ターンオン(TurnON),ターンオン,おもちゃ > パーティーグッズ > ペンライト・ケミカルライト,3759,2,ONｵﾝﾗｲﾝSHOP,,2596,はい,2026-02-23以降,1388,1468,標準1,282,中小候補,GO,GO,見送り,相乗り出品が基準未満（卸している証拠なし）,,https://www.amazon.co.jp/dp/B0CTRTVFMB,
A,B01DNW0G50,住友化学 殺虫剤 プレオフロアブル 500ml,住友化学園芸,住友化学,DIY・工具・ガーデン > ガーデン > 害獣・害虫対策用品,3474,4,株式会社山東農園 / (有)丸山昌治商店【肥料農薬・包装資材・緑化資材・ドローン専門店】 / 農家のお店おてんとさん / アークランズオンライン アマゾン支店,,5635,はい,2026-02-23以降,2708,3194,標準1,282,中小候補,GO,GO,GO,,,https://www.amazon.co.jp/dp/B01DNW0G50,
A,B0GND4PLQZ,エリア88モデリングミッション2 (艦船模型スペシャル別冊4月号),モデルアート社,モデルアート社,本 > ジャンル別 > 雑誌,102433,2,kiyahobby キヤホビー / ホビーボックス福岡井尻店 / 通販ショップ天文館(雑誌・書籍の初期傷を理由の返品・交換はできません。ご了承の上ご注文お願いします),,5380,いいえ,2026-02-23以降,2051,2335,標準1,282,中小候補,GO,GO,GO,,,https://www.amazon.co.jp/dp/B0GND4PLQZ,
A,B0GKF9CFCQ,デジタルカメラ トイカメラ デジカメ 写真撮影 動画撮影 1080P 4800万画素 8倍ズーム 64GBSDカード ピンク,インクのチップス,インクのチップス,おもちゃ > 電子玩具・キッズ家電 > デジタルカメラ,3160,2,,,4980,はい,2026-02-23以降,2796,3422,標準(小型),182,中小候補,GO,GO,GO,,,https://www.amazon.co.jp/dp/B0GKF9CFCQ,
A,B072Q16QDJ,babybuba (ベビーブーバ) オーガニック ベビーギフトセット 出産祝い 【シャンプー＆ローション】 しっとり保湿 ベビースキンケア 全身 日本産 安心 ,babybuba (ベビーブーバ),babybuba (ベビーブーバ),ベビー＆マタニティ > 出産祝い・ギフト・メモリアル > ギフトセット,1885,2,【メーカー公式】babybuba (ベビーブーバ),メーカー直販,4235,はい,2026-02-23以降,2443,2848,標準1,282,中小候補,GO,GO,見送り,相乗り出品が基準未満（卸している証拠なし）,,https://www.amazon.co.jp/dp/B072Q16QDJ,
A,B0G6X4YBV1,【いつでもどこでもダイエットできる】Arkmoon トレーニングチューブ 全身対応・滑り止め付き・高弾力・高耐久・強度別 4 本セット エクササイズバンド （太,Arkmoon,Arkmoon,スポーツ＆アウトドア > フィットネス・トレーニング > 筋力トレーニング,7318,3,,,1899,はい,2026-02-23以降,952,898,標準1,282,中小候補,GO,GO,GO,,,https://www.amazon.co.jp/dp/B0G6X4YBV1,
A,B0DTH7TRQL,"【大光量・軽量化】SUKITEN 投光器 充電式 led 作業灯 屋外 400W 35,000lm 32,000mAH IPX4防水",SUKITEN,SUKITEN,DIY・工具・ガーデン > エクステリア > アウトドア・エクステリアライト,10640,2,,,4980,はい,2026-02-23以降,2645,3047,標準2,332,中小候補,GO,GO,GO,,,https://www.amazon.co.jp/dp/B0DTH7TRQL,
A,B07W1BHLGY,ピジョン Pigeon つけおきCLEAR BABY 350g 酸素パワーでスッキリ,PIGEON,ピジョン,ベビー＆マタニティ > 授乳・食事 > 哺乳びん,4573,5,,,1600,はい,2026-02-23以降,348,108,標準1,282,中小候補,GO,GO,GO,,,https://www.amazon.co.jp/dp/B07W1BHLGY,
A,B0DNQH1FCK,大きめの文字のバックライト付きキーボード、静かなUSB有線コンピューターキーボード、光るホワイトLED付きフルサイズキーボード Windowsデスクトップ、ノー,BERGUF,BERGUF,パソコン・周辺機器 > キーボード・マウス・入力機器 > パソコン用キーボード,24883,2,,,2999,はい,2026-02-23以降,1113,1259,大型,282,中小候補,GO,GO,見送り,FBA大型サイズ,,https://www.amazon.co.jp/dp/B0DNQH1FCK,
A,B0BLZN3C5B,車用LEDテープライト フットライト 足元灯 アンビエントライト ランプ RGB 2in1 フルカラー 車内装飾用 イルミネーション16000色 雰囲気 間接照,YM E-Bright,YM E-Bright,車＆バイク > カーパーツ > ライト・ランプ,6295,2,,,3099,はい,2026-02-23以降,1647,1807,標準1,282,中小候補,GO,GO,GO,,,https://www.amazon.co.jp/dp/B0BLZN3C5B,
A,B0FX4CYWB5,デイトナ(Daytona) バイク スイッチ φ22.2/25.4用ハンドルクランプ 180W対応 薄型ボディ スレンダースイッチ ラウンドシーソータイプ 63,デイトナ(Daytona),デイトナ(Daytona),車＆バイク > バイクパーツ > バイクハンドル,6474,7,,,3744,はい,2026-02-23以降,1608,1869,標準(小型),182,中小候補,NG,GO,見送り,新品オファー数7 / 回転不足(消化月数>3),,https://www.amazon.co.jp/dp/B0FX4CYWB5,
A,B0BQYCMGNP,Logicool Webカメラ Brio 300 フルHD 1080P マイク付き 自動光補正 プライバシーシャッター Zoom Mircosoft Teams,Logitech,ロジクール,パソコン・周辺機器 > ウェブカメラ・IP電話機器 > ウェブカメラ・VoIP機器,15291,5,,,5900,はい,2026-02-23以降,3555,4818,標準(小型),182,大手/海外疑い,GO,GO,GO,,,https://www.amazon.co.jp/dp/B0BQYCMGNP,
A,B0CZDCHQ7D,AITOYAN ミストシャワー 屋外 灌漑システム 自動散水セット 噴霧ノズル 散水ノズル 10個ミストノズル 水やり 芝生 スプレー灌漑 屋外散水 点滴灌漑 ,AITOYAN,AITOYAN,DIY・工具・ガーデン > ガーデン > 農具・散水用品,11633,2,,,2545,はい,2026-02-23以降,1161,1171,標準1,282,中小候補,GO,GO,GO,,,https://www.amazon.co.jp/dp/B0CZDCHQ7D,
A,B0F18RCBMB,ライラクス(LayLax) 40way CQC ホルスター 右用 BK 40種類のハンドガンに対応 360度・24段階調整 エアガン 汎用 高耐久 ハンドガン ,ライラクス(LayLax),ライラクス(LayLax),ホビー > エアガン・モデルガン > ホルスター,7860,2,,,4950,はい,2026-02-23以降,2268,2619,標準1,282,中小候補,GO,GO,GO,,,https://www.amazon.co.jp/dp/B0F18RCBMB,
A,4800593654,2025年度版 機械保全の徹底攻略［機械系・実技］,日本能率協会マネジメントセンター,日本能率協会マネジメントセンター,本 > ジャンル別 > 科学・テクノロジー,133115,5,,,4855,はい,2026-02-23以降,1770,1968,標準1,282,中小候補,GO,GO,GO,,,https://www.amazon.co.jp/dp/4800593654,
A,B0F43HKCTR,[Heshare] クーラーボックス 40L大容量 仕切り板付き 5層断熱 強力保冷 保冷バッグ 折りたたみ ソフトクーラー 軽量 キャンプ 買い物,Heshare,Seehope,スポーツ＆アウトドア > アウトドア > クーラーボックス,5279,2,,,4698,はい,2026-02-23以降,2721,3147,標準2,332,中小候補,GO,GO,GO,,,https://www.amazon.co.jp/dp/B0F43HKCTR,
A,B0DWFJP4P6,NIKE ナイキ ジャガードタオル ミディアム ダスティカクタス/ホワイト TW2000-322,ナイキ(NIKE),ナイキ(NIKE),スポーツ＆アウトドア > 水泳・スイミング > スポーツタオル,1040,2,,,3280,はい,2026-02-23以降,1323,1496,標準(小型),182,大手/海外疑い,GO,GO,GO,,,https://www.amazon.co.jp/dp/B0DWFJP4P6,
A,B0FS1Y9H59,LEDテープライト led 5m 12V 電球色・昼白色・昼光色 明るさ調整 間接照明 【2025年進化 ・5メートル・600個LED・光減衰なし】エクステリア,Gudluky,Gudluky,ホーム＆キッチン > 家電 > 照明,14537,3,,,3299,はい,2026-02-23以降,1103,1208,標準(小型),182,中小候補,GO,GO,GO,,,https://www.amazon.co.jp/dp/B0FS1Y9H59,
A,B0DMSQNWM1,TFY 車用サンバイザーエクステンダー&オーガナイザー サングラス用収納付き ブラック,TFY,TFY,車＆バイク > カーパーツ > 内装パーツ,7985,4,,,2450,はい,2026-02-23以降,1294,1345,標準1,282,中小候補,GO,GO,GO,,,https://www.amazon.co.jp/dp/B0DMSQNWM1,
A,4284204149,自分に負けないこころをみがく! こども武士道,日本図書センター,日本図書センター,本 > ジャンル別 > 人文・思想,29652,5,※プレミア価格多数※お届け予定日をご確認ください※ひとひら商店 / 生活雑貨shop / 天保堂【お問い合わせ歓迎！！】 / ブックマーケティング(ご注文確定前に表示の到着予定日をご確認下さい、ご注文後のキャンセルご遠慮下さい,,2565,はい,2026-02-23以降,758,644,標準1,282,中小候補,GO,GO,GO,,,https://www.amazon.co.jp/dp/4284204149,
A,B0BMVCTFT9,ウィッチャー３ ワイルドハント コンプリートエディション -PS5,スパイク・チュンソフト,スパイク・チュンソフト,ゲーム > 機種別 > プレイステーション5,1953,6,,,5480,はい,2026-02-23以降,2190,2630,標準(小型),182,中小候補,GO,GO,GO,,,https://www.amazon.co.jp/dp/B0BMVCTFT9,
A,4046062088,改訂2版 この1冊で合格! 村中一英の第2種衛生管理者 テキスト&問題集,KADOKAWA,KADOKAWA,本 > ジャンル別 > ビジネス・経済,149026,6,,,2950,はい,2026-02-23以降,790,686,標準1,282,中小候補,GO,GO,GO,,,https://www.amazon.co.jp/dp/4046062088,
A,B0FPM7H8Q8,透明氷 アイスボールモールド 2個セット 6.4cm 大型 遅融 簡単取り出し BPAフリー シリコンモールド 手動式 製氷器 ウイスキー バーボン カクテル ,Flutaire,"Xiamen Tuomasichui E-Commerce CO.,LTD",ホーム＆キッチン > キッチン用品 > 調理・製菓道具,9272,1,,,3449,はい,2026-02-23以降,1634,1790,標準1,282,中小候補,GO,GO,見送り,新品オファー数1,,https://www.amazon.co.jp/dp/B0FPM7H8Q8,
A,B0GGH1K2MK,Zaahir 電動シャボン玉ガン 【かわいいアヒルデザイン】 バブルガン 電池式 自動 バブルマシーン 6泡穴 長距離発射 子供 外遊び おもちゃ,Zaahir,Zaahir,おもちゃ > アクション・スポーツトイ > シャボン玉,7334,2,,,1799,いいえ,2026-02-23以降,800,813,標準(小型),182,中小候補,GO,GO,GO,,,https://www.amazon.co.jp/dp/B0GGH1K2MK,
A,B0FG2XSD67,smart(スマート) 2025年10月号,宝島社,宝島社,本 > ジャンル別 > 暮らし・健康・子育て,206844,3,,,3980,はい,2026-02-23以降,1148,1154,標準1,282,中小候補,GO,GO,GO,,,https://www.amazon.co.jp/dp/B0FG2XSD67,
A,B0DL6BYSVH,SELENEFF サンシェード 外付け フロントガラスカバー 車 ドラレコ対応 断熱 遮熱 日よけ 軽自動車 コンパクトカー 暑さ対策 凍結防止,SELENEFF,SELENEFF,車＆バイク > カーアクセサリ > 雪対策,14417,2,,,2180,はい,2026-02-23以降,920,856,標準1,282,中小候補,GO,GO,GO,,,https://www.amazon.co.jp/dp/B0DL6BYSVH,
A,B00BY9R5UY,レパシー (REPASHY) クレステッドゲッコーフード バナナ 85グラム (x 1),レパシー (REPASHY),レパシー (REPASHY),ペット用品 > 爬虫類・両生類 > フード,3203,2,,,2789,はい,2026-02-23以降,1306,1474,標準(小型),182,中小候補,GO,GO,GO,,,https://www.amazon.co.jp/dp/B00BY9R5UY,
A,B001EYTO4E,ガンダム無双2,Bandai Namco,バンダイ,ゲーム > 機種別 > レガシーシステム,1615,2,,,3980,はい,2026-02-23以降,1638,1908,標準(小型),182,大手/海外疑い,GO,GO,GO,,,https://www.amazon.co.jp/dp/B001EYTO4E,
A,B0FRSDLZ73,BUCATSTATEアスペン床材 小動物用｜保温・吸臭・吸湿・通気性｜無香料・低ダスト｜ハムスター・モルモット・爬虫類など小動物に対応 70L,BUCATSTATE,BUCATSTATE,ペット用品 > 小動物 > 飼育ケージ・アクセサリ,2739,2,,,2999,はい,2026-02-23以降,1396,1414,標準2,332,中小候補,GO,GO,GO,,,https://www.amazon.co.jp/dp/B0FRSDLZ73,
A,B0GHQWTRWL,Sintu センサーライト 屋外 ソーラーライト 【単結晶ソーラー・雨でもしっかり充電】 IP65防水 防犯ライト 人感センサー 210LED,Sintu,Sintu,DIY・工具・ガーデン > エクステリア > アウトドア・エクステリアライト,3177,2,,,1599,いいえ,2026-02-23以降,757,643,標準1,282,中小候補,GO,GO,GO,,,https://www.amazon.co.jp/dp/B0GHQWTRWL,
A,B0FNVS5SS8,【国内メーカー直営だから安心】 充電しながら使えるバッテリーレス Wi-Fi 『プレミアムチャージWiFi』[X200]10GB/30日 (日本国内ギガ付) ポ,PREMIUM CHARGE WIFI,uCloudlink,パソコン・周辺機器 > 無線LAN・ネットワーク機器 > モバイルルーター,5102,2,,,7800,はい,2026-02-23以降,3872,5266,標準(小型),182,中小候補,GO,GO,GO,,,https://www.amazon.co.jp/dp/B0FNVS5SS8,
A,B0D9LT397N,VITAテーブルチェア（ピスタチオクリーム） 【 子供用椅子/テーブル装着型/ベビーチェア/収納バック付き/折りたたみ/持ち運び/携帯可/お食事椅子/テーブル/,ヴィータ,ベルニコ,ベビー＆マタニティ > ベビー家具・収納 > ベビーチェア,4709,3,,,6980,はい,2026-02-23以降,3915,4707,標準2,332,中小候補,GO,GO,GO,,,https://www.amazon.co.jp/dp/B0D9LT397N,
A,B017CW36K4,BPRO 未塗装樹脂用コーティング剤 樹脂ツヤコート 50ml パッド・クロス付き 樹脂復活剤 カーケア 洗車,ＢＰＲＯ,BPRO,車＆バイク > 洗車・お手入れ用品 > コーティング剤,2245,2,,,3390,はい,2026-02-23以降,1686,1858,標準1,282,中小候補,GO,GO,GO,,,https://www.amazon.co.jp/dp/B017CW36K4,
A,B07W7L12NR,アガツマ(AGATSUMA) アンパンマン よくばりボックスミニ,アガツマ(AGATSUMA),アガツマ(AGATSUMA),おもちゃ > 赤ちゃん・幼児のおもちゃ > 早期発育・アクティビティ玩具,2428,6,,,2499,はい,2026-02-23以降,897,939,標準(小型),182,中小候補,NG,GO,見送り,回転不足(消化月数>3),,https://www.amazon.co.jp/dp/B07W7L12NR,
A,4798188980,通関士教科書 通関士 過去問題集 2025年版 (EXAMPRESS),翔泳社,翔泳社,本 > ジャンル別 > ビジネス・経済,258806,6,,,4950,はい,2026-02-23以降,2077,2369,標準1,282,中小候補,NG,GO,見送り,回転不足(消化月数>3),,https://www.amazon.co.jp/dp/4798188980,
A,B0D62C2PY2,エレコム iPad Air 13インチ (M4/M3/M2) 2026/2025/2024年 フィルム 指紋防止 反射防止 アンチグレア 貼りやすい 貼り直し可,エレコム(ELECOM),エレコム,パソコン・周辺機器 > PCアクセサリ・サプライ > タブレットアクセサリ,8739,4,,,1525,はい,2026-02-23以降,171,-74,標準1,282,大手/海外疑い,GO,GO,GO,,,https://www.amazon.co.jp/dp/B0D62C2PY2,
A,B0CP76RHZB,山武弓具店 弦 響2005 2本入り 並寸 太 響き 響 2005 弓道 弓具 つる 合成繊維 合成弦 金響 C-012,山武弓具店 Sambu Kyudo Equipment,山武弓具店 Sambu Kyudo Equipment,スポーツ＆アウトドア > 武術・格闘技 > 弓道,13200,3,,,2760,はい,2026-02-23以降,1222,1364,標準(小型),182,中小候補,GO,GO,GO,,,https://www.amazon.co.jp/dp/B0CP76RHZB,
A,B09WCMP3C1,happiness キコリの小イス グレー MW-KK-GR,Hapinest,HAPPINESS,ベビー＆マタニティ > ベビー家具・収納 > ベビーチェア,2739,3,,,2364,はい,2026-02-23以降,1204,1163,標準2,332,中小候補,GO,GO,見送り,Amazon本体あり(availabilityAmazon=0),,https://www.amazon.co.jp/dp/B09WCMP3C1,
A,B0DFBVW9VF,LikeOne ジムニー 専用 ショートミラーステー JB64 適合 ルームミラー ショートステー ジムニーシエラ ノマド JB74 JC74 バックミラー 防,LikeOne,LikeOne,車＆バイク > カーアクセサリ > ルームミラー用デコレーション,8613,2,,,2980,はい,2026-02-23以降,1735,2035,標準(小型),182,中小候補,GO,GO,GO,,,https://www.amazon.co.jp/dp/B0DFBVW9VF,
A,B08GX4YHXZ,深夜特急 1-6巻セット,新潮社,新潮社,本 > ジャンル別,22094,7,,,4685,はい,2026-02-23以降,2477,2893,標準1,282,中小候補,NG,GO,見送り,新品オファー数7 / 回転不足(消化月数>3),,https://www.amazon.co.jp/dp/B08GX4YHXZ,
A,B00MENL5P0,志賀バネ付金具ネジ込式 (３６ｃｍ),志賀昆虫普及社,志賀昆虫普及社,おもちゃ > 知育・学習玩具 > 実験・科学,9024,3,,,3126,はい,2026-02-23以降,1241,1389,標準(小型),182,中小候補,GO,GO,GO,,,https://www.amazon.co.jp/dp/B00MENL5P0,
A,B00KNVTZ7K,パナソニック(Panasonic) ニッケル水素交換電池2.4V700mAh FK721,パナソニック(Panasonic),パナソニック(Panasonic),産業・研究開発用品 > 施設照明器具 > 誘導灯器具,17152,3,,,6578,はい,2026-02-23以降,3055,3761,標準(小型),182,大手/海外疑い,GO,GO,GO,,,https://www.amazon.co.jp/dp/B00KNVTZ7K,
A,B0G2XR47YS,Bonarca キックボード 大人用 子供 小学生 2輪 【高性能モデル/子供から大人まで使用可能】 キックスクーター 折りたたみ 軽量 4kg ビッグホイール,Bonarca,Bonarca,おもちゃ > 乗用玩具・三輪車 > キックスクーター,7741,2,,,4700,はい,2026-02-23以降,2643,3109,大型,282,中小候補,GO,GO,見送り,FBA大型サイズ,,https://www.amazon.co.jp/dp/B0G2XR47YS,
A,B00S66U3FC,GIRLS MODE 3 キラキラ☆コーデ,任天堂,任天堂,ゲーム > 機種別 > レガシーシステム,7766,2,,,5980,はい,2026-02-23以降,1117,1227,標準(小型),182,大手/海外疑い,GO,GO,GO,,,https://www.amazon.co.jp/dp/B00S66U3FC,
A,B0CZRJNDPK,ツサスポーツ(TUSASPORT) シュノーケリング 水の入らないシュノーケル マスク 2点セット シリコーン製 UC0118M (BKMDRB) ブラックメタ,TUSA,Tabata,スポーツ＆アウトドア > マリンスポーツ > ダイビング・シュノーケリング,10423,3,,,6480,はい,2026-02-23以降,3681,4467,不明,282,中小候補,GO,GO,GO,,,https://www.amazon.co.jp/dp/B0CZRJNDPK,
A,B0DK3L66NF,【テープ BIGサイズ】グーンプラス 敏感肌にやわらかタッチ おむつ (12~20kg) 152枚(38枚×4) [ケース販売] (ディズニーデザイン),グーン,大王製紙,ベビー＆マタニティ > おむつ・トイレ > おむつ,2252,3,,,7740,はい,2026-02-23以降,3280,3942,大型,282,中小候補,GO,GO,見送り,FBA大型サイズ,,https://www.amazon.co.jp/dp/B0DK3L66NF,
A,447873092X,こころのチキンスープ: 愛の奇跡の物語,ダイヤモンド社,ダイヤモンド社,本 > ジャンル別 > 文学・評論,25526,3,,,3980,はい,2026-02-23以降,1278,1324,標準1,282,中小候補,GO,GO,GO,,,https://www.amazon.co.jp/dp/447873092X,
A,475293101X,トリガーポイントマップ―症状から治療点がすぐわかる!,医道の日本社,医道の日本社,本 > ジャンル別 > 医学・薬学・看護学・歯科学,235377,5,,,6622,はい,2026-02-23以降,3137,3755,標準1,282,中小候補,GO,GO,GO,,,https://www.amazon.co.jp/dp/475293101X,
A,B06XH7C8NW,閃乱カグラ PEACH BEACH SPLASH - PS4,Marvelous Europe,マーベラス,ゲーム > 機種別 > プレイステーション4,4247,2,,,6910,はい,2026-02-23以降,2585,3146,標準(小型),182,中小候補,GO,GO,GO,,,https://www.amazon.co.jp/dp/B06XH7C8NW,
A,B0F431NTHD,スマ冷え Premium ディズニー キャラクター 貼って剥がせる スマートフォン 冷却シート (アリエル),Hamee(ハミィ),Hamee(ハミィ),家電＆カメラ > 携帯電話・スマートフォン > 携帯電話・スマートフォンアクセサリ,10769,2,,,2200,はい,2026-02-23以降,1248,1552,標準(小型),182,中小候補,GO,GO,GO,,,https://www.amazon.co.jp/dp/B0F431NTHD,
A,B07NVYYXXG,わらっこ倶楽部 リンリンボール×2個,わらっこ倶楽部,川井,ペット用品 > 小動物 > おもちゃ,20296,5,,,2480,はい,2026-02-23以降,1291,1341,標準1,282,中小候補,GO,GO,GO,,,https://www.amazon.co.jp/dp/B07NVYYXXG,
A,B0CDGT8X65,YOKOCUT 木工用ドリル 5本組 座グリビット ボアビット ドリルビット 六角軸,YOKOCUT,YOKOCUT,DIY・工具・ガーデン > 電動工具・エア工具 > 電動工具パーツ・アクセサリ,6068,2,,,2660,はい,2026-02-23以降,1249,1286,標準1,282,中小候補,GO,GO,GO,,,https://www.amazon.co.jp/dp/B0CDGT8X65,
A,B0GMWNK768,【貼るだけ簡単×リモコンで8色演出】 ledテープライト 車 足元 usb シガーソケット 長さ32cm 調光 調色 リモコン付き 車内ライト WAYetTO ,WAYetTO,WAYetTO,車＆バイク > カーアクセサリ > ライト・アクセサリ,4416,2,,,1600,はい,2026-02-23以降,503,310,標準1,282,中小候補,GO,GO,GO,,,https://www.amazon.co.jp/dp/B0GMWNK768,
A,B0D6VZPTK1,MAZONA 小型カメラ 監視カメラ小型 防犯カメラ小型 wifi対応 「1080p画質 遠隔監視 動体検知 暗視撮影 警報通知 256GB対応 」 屋内/玄関,MAZONA,MAZONA,家電＆カメラ > カメラ > 防犯カメラ,12953,2,,,6647,はい,2026-02-23以降,4138,5643,標準(小型),182,中小候補,GO,GO,GO,,,https://www.amazon.co.jp/dp/B0D6VZPTK1,
A,B09WYBZCQY,水鉄砲 2個セット 大容量1200CC ウォーターガン 加圧式水ピストル 超強力飛距離 11-12m 水鉄砲合戦 水遊びおもちゃ 玩具 水てっぽう 子供用 大人,JKUNDA,JKUNDA,おもちゃ > アクション・スポーツトイ > プール・水遊び,11045,2,,,2380,はい,2026-02-23以降,823,665,標準2,332,中小候補,GO,GO,GO,,,https://www.amazon.co.jp/dp/B09WYBZCQY,
A,B0DKNS4GJS,エレコム ipad A17 Pro mini7 mini6 ガラスフィルム 強化ガラス 貼りやすく、貼り直し可能 TB-A24SFLGG,エレコム(ELECOM),エレコム(ELECOM),パソコン・周辺機器 > PCアクセサリ・サプライ > タブレットアクセサリ,13490,4,,,1590,はい,2026-02-23以降,-277,-737,標準1,282,大手/海外疑い,GO,NG,見送り,最安値で黒字化不能,,https://www.amazon.co.jp/dp/B0DKNS4GJS,
A,B0FBRSXNRM,SPRiNG(スプリング) 2025年9月号,宝島社,宝島社,本 > ジャンル別 > 暮らし・健康・子育て,280476,2,,,4990,はい,2026-02-23以降,739,619,標準1,282,中小候補,GO,GO,GO,,,https://www.amazon.co.jp/dp/B0FBRSXNRM,
A,4299043855,リンパ師あい先生が本気で作った！軽い力で全身使える！ハンドローラーBOOK (バラエティ),宝島社,宝島社,本 > ジャンル別 > 暮らし・健康・子育て,257397,4,,,4780,はい,2026-02-23以降,1346,1413,標準1,282,中小候補,GO,GO,GO,,,https://www.amazon.co.jp/dp/4299043855,
A,B08Z8VHHMH,CIAO (チャオ) ちゅ~る まぐろ・かつおバラエティ 20本,チャオ (CIAO),いなばペットフード,ペット用品 > 猫 > おやつ,2458,2,,,1666,はい,2026-02-23以降,476,275,標準1,282,中小候補,GO,GO,GO,,,https://www.amazon.co.jp/dp/B08Z8VHHMH,
A,B07DFBFN6G,手持花火 焚昇スパークラーニューゴールドミニ 50本/箱 (3箱セット),井上玩具煙火,井上玩具煙火,おもちゃ > 季節用品 > 花火,1055,2,,,1800,はい,2026-02-23以降,724,599,標準1,282,中小候補,GO,GO,GO,,,https://www.amazon.co.jp/dp/B07DFBFN6G,
A,B0F6ML39MQ,【業界先端 Type-C＆USB-A対応】 マウス 無線 Bluetooth type-c口接続 ワイヤレスマウス 静音 超薄型 小型 高感度 ブルートゥース ,BUODCO,BUODCO,パソコン・周辺機器 > キーボード・マウス・入力機器 > マウス,3936,2,,,1975,はい,2026-02-23以降,1088,1326,標準(小型),182,中小候補,GO,GO,GO,,,https://www.amazon.co.jp/dp/B0F6ML39MQ,
A,B0DG8TXCJP,X-LARGE XLARGE エクストララージ ボクサーパンツ メンズ アンダーウェア 下着 かっこいい ツルツル 人気 カモフラ タイダイ 迷彩 カモ柄 ブラ,XLARGE,,ファッション > メンズ > 服＆ファッション小物,8525,2,,,2879,はい,2026-02-23以降,1588,1730,標準1,282,中小候補,GO,GO,GO,,,https://www.amazon.co.jp/dp/B0DG8TXCJP,
A,B0GF8BFL6K,fixash キッズ ネイル 子供 マニキュア はがせる 水溶性 速乾 12色 おもちゃ 女の子 誕生日 プレゼント 4 5 6 7 8 9 10 歳,fixash,fixash,おもちゃ > ままごと・ごっこ遊び > キッズコスチュームアクセサリー,4445,2,,,2230,はい,2026-02-23以降,1160,1170,標準1,282,中小候補,GO,GO,GO,,,https://www.amazon.co.jp/dp/B0GF8BFL6K,
A,B09SNZ2Y6Z,八番屋 マキタ掃除機スタンド クリーナースタンド 掃除機スタンド 掃除機収納スタンド スティッククリーナースタンド 組立簡単 ブラック,八番屋,八番屋,ホーム＆キッチン > 家電 > 生活家電,6636,2,,,2150,はい,2026-02-23以降,902,768,標準2,332,中小候補,GO,GO,GO,,,https://www.amazon.co.jp/dp/B09SNZ2Y6Z,
A,B0FMQCTVVD,LifeZone ベビーモニター 車 ベビーカー ミラー カメラ 後部座席の赤ちゃんを見る ナイトビジョン機能付き カーミラーディスプレイ ワイドビュー 12V,LifeZone,LifeZone,ベビー＆マタニティ > チャイルドシート > カーアクセサリ,3466,2,,,6270,はい,2026-02-23以降,3210,3851,標準1,282,中小候補,GO,GO,GO,,,https://www.amazon.co.jp/dp/B0FMQCTVVD,
A,B076WYKTVZ,コーナンオリジナル メカニックツール セット 47PCS,コーナン,コーナンオリジナル,DIY・工具・ガーデン > 作業工具,11311,2,,,3950,はい,2026-02-23以降,2230,2504,標準2,332,中小候補,GO,GO,GO,,,https://www.amazon.co.jp/dp/B076WYKTVZ,
A,B0GD7X1FFT,プレイマット 全面縫製仕様ラバープレイマット2人用 TCG 対戦専用高級適用する プレイマット滑り止め防水収納バッグ付 きカードゲーム適用する60*60cm (,UrbAmerican,N\P,おもちゃ > ゲーム > カードゲーム・トランプ,3331,2,,,2150,はい,2026-02-23以降,817,722,標準1,282,中小候補,GO,GO,GO,,,https://www.amazon.co.jp/dp/B0GD7X1FFT,
A,B08CCYDR82,膝プロテクター 肘プロテクター バイク 伸縮性 通気性 アウトドア ひざ当て オートバイ 自転車 バイク用 パッド 耐衝撃 通気性 防風性 4点セット (L),Fuxingone,Fuxingone,車＆バイク > バイクウェア・プロテクション > プロテクター,7505,3,,,1588,はい,2026-02-23以降,737,616,標準1,282,中小候補,GO,GO,GO,,,https://www.amazon.co.jp/dp/B08CCYDR82,
A,B0CW5G5X6R,Mama＆Me®【産婦人科医が監修した 搾乳機 】【全パーツ消毒ｘ洗浄可】【３つのモードｘ強さ９段階】 さく乳器 電動 電動搾乳器 【超軽量286g✕持ち運べる,MAMA & ME,MAMA & ME,ベビー＆マタニティ > 授乳・食事 > 搾乳器,8675,2,,,4980,はい,2026-02-23以降,2922,3474,標準1,282,中小候補,GO,GO,GO,,,https://www.amazon.co.jp/dp/B0CW5G5X6R,
A,B0FBRRLDTY,[ザ・ノース・フェイス] ショルダーバッグ Leap Shoulder NM72601 ブラック ONE SIZE,THE NORTH FACE,THE NORTH FACE(ザノースフェイス),ファッション > メンズ > バッグ・財布,16952,4,,,6710,はい,2026-02-23以降,3642,4416,標準1,282,中小候補,GO,GO,GO,,,https://www.amazon.co.jp/dp/B0FBRRLDTY,
A,B088BNBBT4,POOPEE バイクLEDヘッドライト H4 H6 PH7 PH8対応 直流交流兼用 Hi/Lo切替 42W 9-24V 砲弾型,POOPEE,POOPEE,車＆バイク > バイクパーツ > バイク用ライト・ランプ,5014,2,,,2399,はい,2026-02-23以降,1361,1546,標準(小型),182,中小候補,GO,GO,GO,,,https://www.amazon.co.jp/dp/B088BNBBT4,
A,B0BL6T5FW7,富士メディカルサービス パルスオキシメーター PI値付き 国内検品 軽量コンパクト＆簡単操作で旅行・在宅・登山に最適 見やすい LED ディスプレイ ホワイト ,FUJI　MEDICAL　SERVICE,FUJI　MEDICAL　SERVICE,ホーム＆キッチン > 家電 > 健康家電,5067,2,,,3660,はい,2026-02-23以降,2197,2639,標準(小型),182,中小候補,GO,GO,GO,,,https://www.amazon.co.jp/dp/B0BL6T5FW7,
A,B0DHC7T3CC,サンワダイレクト コンソールボックス 汎用 幅14cm 折りたたみ 車内 トランク Mサイズ スリム 200-CARBG006,サンワダイレクト,サンワダイレクト,車＆バイク > カーアクセサリ > 収納・ホルダー,9855,2,,,3580,はい,2026-02-23以降,2045,2327,標準1,282,中小候補,GO,GO,GO,,,https://www.amazon.co.jp/dp/B0DHC7T3CC,
A,B0F1DZMGP9,猫砂 ひのき 杉 22kg中古米袋 北米の便り 木系 木質ペレット ペレット燃料 杉 ヒノキ ブレンド 崩れるタイプ （ほのかな木の香り） (22kg(中古米袋,ノーブランド品,北米産業株式会社,ペット用品 > 猫 > トイレ用品,1627,2,,,2140,はい,2026-02-23以降,1076,1060,不明,282,中小候補,GO,GO,GO,,,https://www.amazon.co.jp/dp/B0F1DZMGP9,
A,B0CNYM7DRW,【助産師推薦】円座クッション ドーナツクッション 産後 痔 高反発 カバー洗濯可 出産 妊婦 椅子 座布団 座椅子 グレー,RemarksJapan,Remarks Japan,ホーム＆キッチン > ラグ・カーテン・ファブリック > クッション・座布団,4865,2,,,1769,はい,2026-02-23以降,867,787,標準1,282,中小候補,GO,GO,GO,,,https://www.amazon.co.jp/dp/B0CNYM7DRW,
A,4867690295,The Real Anthony Fauci 人類を裏切った男（上）巨大製薬会社の共謀と医療の終焉,経営科学出版,経営科学出版,本 > ジャンル別 > 医学・薬学・看護学・歯科学,22092,3,,,3618,はい,2026-02-23以降,1928,2174,標準1,282,中小候補,GO,GO,GO,,,https://www.amazon.co.jp/dp/4867690295,
A,B0DNK1QLRF,LittleForBig 大人用トレーニングパンツ 可愛い絵柄【ベビーうさぎ】ウェストゴム付き 弾力性あり 漏れ防止 通気性 洗濯可 ピンク M,LittleForBig,LA22-LB-DC301P-M,ベビー＆マタニティ > おむつ・トイレ > 布おむつ・アクセサリー,8029,2,,,4360,はい,2026-02-23以降,2523,2952,標準1,282,中小候補,GO,GO,GO,,,https://www.amazon.co.jp/dp/B0DNK1QLRF,
A,B0C7ZZSXHX,ペットセレクト ペットゲート とおせんぼ (S) またぎやすい 高さ50ｃｍ 幅65～90cm 伸縮可能 突っ張りタイプ ソフトフェンス,ＰＥＴ　ＳＥＬＥＣＴ,日本育児（Pet Select by Nihonikuji）,ベビー＆マタニティ > セーフティー > ベビーゲート,2568,4,,,4280,はい,2026-02-23以降,2360,2740,不明,282,中小候補,GO,GO,GO,,,https://www.amazon.co.jp/dp/B0C7ZZSXHX,
A,B075LC617G,いっしょにチョキッと スニッパーズ プラス,任天堂,任天堂,ゲーム > 機種別 > Nintendo Switch,4152,2,,,5500,はい,2026-02-23以降,2548,3098,標準(小型),182,大手/海外疑い,GO,GO,GO,,,https://www.amazon.co.jp/dp/B075LC617G,
A,B0D4MB3QB3,無印良品 充電式コンパクトハンディファン ピンク MJ-HF4-PK LA1RBA4S,無印良品,無印良品,ホーム＆キッチン > 家電 > 空調・季節家電,10279,4,,,2100,はい,2026-02-23以降,580,525,標準(小型),182,中小候補,GO,GO,GO,,,https://www.amazon.co.jp/dp/B0D4MB3QB3,
A,B086YKLYBC,Rakucamp ケンケンパ リング カラフル 10本セット 運動遊び ケンケンパリング 直径28cm/38cm/48cm けんけんぱ 子供 運動神経向上 ジョ,YUGANG,Rakucamp,おもちゃ > アクション・スポーツトイ,2091,2,,,1668,はい,2026-02-23以降,353,114,大型,282,中小候補,GO,GO,見送り,FBA大型サイズ,,https://www.amazon.co.jp/dp/B086YKLYBC,
A,B0G1YDMNNN,フライパンスタンド 伸縮式 (33-56cm調整可能) ABSベース+304食品級ステンレス仕切り 可動式12仕切りで 鍋蓋 フライパン まな板をすっきり収納 ,Memypers,Memypers,ホーム＆キッチン > 収納用品 > キッチン収納,8031,2,,,2180,はい,2026-02-23以降,993,951,標準1,282,中小候補,GO,GO,GO,,,https://www.amazon.co.jp/dp/B0G1YDMNNN,
A,B08ZYVYZ65,ペティオ (Petio) 犬用おやつ 素材そのまま 小さなにぼし 30g×5個 (まとめ買い),ペティオ (Petio),ペティオ(Petio),ペット用品 > 犬 > おやつ,1695,2,,,2521,はい,2026-02-23以降,1456,1670,標準(小型),182,中小候補,GO,GO,GO,,,https://www.amazon.co.jp/dp/B08ZYVYZ65,
A,B0C9GV58QH,[2個セット] Magene（マージーン） EXAR TPUチューブ 700C 36g (60mm),Magene,"QINGDAO MAGENE INTELLIGENCE TECHNOLOGY CO.,LTD",スポーツ＆アウトドア > 自転車 > 自転車パーツ,6135,3,,,2860,はい,2026-02-23以降,1677,1959,標準(小型),182,中小候補,GO,GO,GO,,,https://www.amazon.co.jp/dp/B0C9GV58QH,
A,B09Y5HHKWP,タカギ コック付きニップル G080FJ,タカギ(Takagi),タカギ(Takagi),産業・研究開発用品 > 空圧・油圧・配管 > 継手,1549,2,,,2370,はい,2026-02-23以降,660,629,標準(小型),182,中小候補,GO,GO,GO,,,https://www.amazon.co.jp/dp/B09Y5HHKWP,
A,B0CXT1MNRW,"USB-C Console Cable 2pack, USB C to RJ45 Console Cable for Cisco Routers/AP Rout",OIKWAN,OIKWAN,パソコン・周辺機器 > PCアクセサリ・サプライ > ケーブル・アクセサリ,6448,2,,,2899,はい,2026-02-23以降,1683,2168,標準(小型),182,中小候補,GO,GO,GO,,,https://www.amazon.co.jp/dp/B0CXT1MNRW,
A,B0B799QJTS,PIGEON ピジョン ソナエッタ sonaetta 災害用授乳カップ 6個入,PIGEON,ピジョン,ベビー＆マタニティ > 授乳・食事 > ベビー食器,8470,4,,,1870,はい,2026-02-23以降,158,-27,標準(小型),182,中小候補,GO,GO,GO,,,https://www.amazon.co.jp/dp/B0B799QJTS,
A,B09WK82NPM,seathestars 扇風機 クリップ式 360度風向調整 18cm 大型ファン 自動首振り 電源コード式 AC100V コンセントタイプ,Ｓｅａ　ｔｈｅ　Ｓｔａｒｓ,‎TEKNOS,ホーム＆キッチン > 家電 > 空調・季節家電,8066,3,,,3780,はい,2026-02-23以降,2032,2310,大型,282,中小候補,GO,GO,見送り,FBA大型サイズ,,https://www.amazon.co.jp/dp/B09WK82NPM,
A,B0CHFNYC7L,"Anker Charging Station (7-in-1, 100W) ブラック",Anker,Anker,パソコン・周辺機器 > PCアクセサリ・サプライ > 電源タップ,14140,2,,,7990,はい,2026-02-23以降,4222,5659,標準1,282,大手/海外疑い,GO,GO,GO,,,https://www.amazon.co.jp/dp/B0CHFNYC7L,
A,B0G639D41B,【2次受注分】BANDAI SPIRITS(バンダイ スピリッツ) HG ケロロ軍曹 新ケロロロボ(仮) 色分け済みプラモデル,BANDAI SPIRITS(バンダイ スピリッツ),BANDAI SPIRITS(バンダイ スピリッツ),ホビー > プラモデル・模型 > プラモデル,2550,2,,,5540,はい,2026-02-23以降,1558,1690,標準1,282,大手/海外疑い,GO,GO,GO,,,https://www.amazon.co.jp/dp/B0G639D41B,
A,B0G2BTP4C6,三八商店 キーホルダー 飾る スタンド 収納 ディスプレイ キーホルダースタンド アクキー キースタンド アクセサリースタンド 回転 ガチャガチャ (3段 クリ,三八商店,三八商店,ホビー > コレクターアイテム > 収納・ディスプレイ,2992,2,,,1512,はい,2026-02-23以降,691,556,標準1,282,中小候補,GO,GO,GO,,,https://www.amazon.co.jp/dp/B0G2BTP4C6,
A,B0FT2N177T,詰め替えそのまま スタンダードポンプ PS-2 ホワイト 吊り下げ 詰め替え不要 シャンプーボトル 株式会社三輝 シャンプーディスペンサー (アイボリー),詰め替えそのまま,三輝,ホーム＆キッチン > バス・トイレ・洗面用品 > バス用品,1829,2,∞Hachi / 藤栄(FUJIEI) 【Nychair X・Freddy Leck 公式ストア】,,1596,はい,2026-02-23以降,854,883,標準(小型),182,中小候補,GO,GO,GO,,,https://www.amazon.co.jp/dp/B0FT2N177T,
A,B0GLGWJVPP,【ROOT CO.】[iPhone17専用]GRAVITY Shock Resist Case Rugged Plus.(ブラック),ROOT CO.√,ROOT CO.,家電＆カメラ > 携帯電話・スマートフォン > 携帯電話・スマートフォンアクセサリ,6342,2,,,6600,はい,2026-02-23以降,3679,4992,標準(小型),182,中小候補,GO,GO,GO,,,https://www.amazon.co.jp/dp/B0GLGWJVPP,
A,B0CXHVB7GP,常陸化工 FineCat トイレに流せる木製猫砂 大粒 無香料 12L 単品,常陸化工,常陸化工,ペット用品 > 猫 > トイレ用品,209,2,,,1918,はい,2026-02-23以降,407,185,大型,282,中小候補,GO,GO,見送り,FBA大型サイズ,,https://www.amazon.co.jp/dp/B0CXHVB7GP,
A,B0F7X8G8FR,クリアストーン(Clearstone) コスプレ ハロウィン キラキラ着物 ユニセックス ピンク,クリアストーン(Clearstone),クリアストーン(Clearstone),ホビー > コスプレ・仮装 > コスチューム,3255,2,,,5990,はい,2026-02-23以降,2924,3477,標準1,282,中小候補,GO,GO,GO,,,https://www.amazon.co.jp/dp/B0F7X8G8FR,
A,B0FL72QDM7,水月雨 MOONDROP SPACE TRAVEL 2 ワイヤレスイヤホン ノイズキャンセリング カナル型 イヤホン Bluetooth 6.0,Moondrop,Moondrop,家電＆カメラ > イヤホン・ヘッドホン > イヤホン・ヘッドホン本体,20487,2,,,4050,はい,2026-02-23以降,2450,3254,標準(小型),182,中小候補,GO,GO,GO,,,https://www.amazon.co.jp/dp/B0FL72QDM7,
A,B097Z377NY,ハズブロ(HASBRO) ボードゲーム オペレーションミニオンズ 映画ミニオンズフィーバー キッズ用 インドア 電動ゲーム 対象年齢6才以上 昔ながらの手術ゲー,Hasbro Gaming,ハズブロ(HASBRO),おもちゃ > ゲーム > ボードゲーム,1234,2,,,1799,はい,2026-02-23以降,880,804,標準1,282,中小候補,GO,GO,GO,,,https://www.amazon.co.jp/dp/B097Z377NY,
A,4908003564,大学入試数学　難問ラプソディ 　改訂第三版,大学入試数学　難問ラプソディ 　改訂第二版,株式会社 ホクソム,本 > ジャンル別 > 教育・学参・受験,42340,3,,,3300,はい,2026-02-23以降,1841,2060,標準1,282,中小候補,GO,GO,GO,,,https://www.amazon.co.jp/dp/4908003564,
A,B0FS6X7PXJ,"Haribo 65W 急速充電器 for アップルウォッチ 充電器，4in1 USB コンセント,青",DCHK,"Shenzhenshi Ezreal Technology Co.,Ltd",家電＆カメラ > 携帯電話・スマートフォン > 携帯電話・スマートフォンアクセサリ,8715,2,,,3534,はい,2026-02-23以降,1475,1874,標準(小型),182,中小候補,GO,GO,GO,,,https://www.amazon.co.jp/dp/B0FS6X7PXJ,
A,B0F8MW4NB6,New Bee ギタースタンド 折りたたみ式 高さ75-87cm 調整可能 転倒防止ゴム付 GH02,New Bee,New Bee,楽器・音響機器 > ギター > ギターアクセサリ,400,2,,,1599,はい,2026-02-23以降,696,499,標準2,332,中小候補,GO,GO,GO,,,https://www.amazon.co.jp/dp/B0F8MW4NB6,
A,B0BXLSSHCG,AKIRARI コーナータップ 4個口 AC2個 USB2個 電源タップ USB付き 薄型 スイングプラグ 配線しやすい コンセント 平トリプル すき間コンセン,AKIRARI,AKIRARI,パソコン・周辺機器 > PCアクセサリ・サプライ > 電源タップ,1913,2,,,1602,はい,2026-02-23以降,848,987,標準(小型),182,中小候補,GO,GO,GO,,,https://www.amazon.co.jp/dp/B0BXLSSHCG,
A,B0G77JX3VW,OKUYOSHI 自動巻き取り式伸縮トレッキングポール 軽量 頑丈 アウトドア 車載用 防身用 携帯便利な折りたたみウォーキングスティック 登山・キャンプ ハイ,OKUYOSHI,OKUYOSHI,スポーツ＆アウトドア > 登山・クライミング > トレッキングポール,9882,2,,,3239,はい,2026-02-23以降,1823,2037,標準1,282,中小候補,GO,GO,GO,,,https://www.amazon.co.jp/dp/B0G77JX3VW,
A,B07KRQ4ZJZ,アリメペット 小動物用 50g×2個,アリメペット,日本生菌,ペット用品 > 小動物 > ヘルスケア,8167,4,,,1808,はい,2026-02-23以降,974,1040,標準(小型),182,中小候補,GO,GO,GO,,,https://www.amazon.co.jp/dp/B07KRQ4ZJZ,
A,B0D81R8XS3,adelphos 膝当て 作業用 ニーパッド 膝パッド プロテクター 衝撃吸収 極厚クッション 農作業 DIY ガーデニング 洗える 左右2個セット HIZA1,adelphos,adelphos,産業・研究開発用品 > 安全・保護用品 > 膝当て,2372,2,,,2480,はい,2026-02-23以降,1168,1181,標準1,282,中小候補,GO,GO,GO,,,https://www.amazon.co.jp/dp/B0D81R8XS3,
A,B0CWP2LGMX,ビューティープロ キャットフード Wケア 低脂肪・筋力サポート 1.2kg 【国産】 【小分け】【ダブルケア】,BeautyPro,日本ペットフード,ペット用品 > 猫 > キャットフード,2851,2,,,2500,はい,2026-02-23以降,1150,1092,標準2,332,中小候補,GO,GO,GO,,,https://www.amazon.co.jp/dp/B0CWP2LGMX,
A,B0CPP4GYH3,電子ターゲット シューティング 自動起き上がり 的あて 自動採点 射撃ゲーム 子供向け プレゼント,CYFIE,CYFIE,おもちゃ > アクション・スポーツトイ > 的あて,8726,3,,,3888,はい,2026-02-23以降,1794,1934,標準2,332,中小候補,GO,GO,GO,,,https://www.amazon.co.jp/dp/B0CPP4GYH3,
A,B0F5PW1BPF,さえだ ぬいぐるみポーチ 20cm 推しぬいポーチ 3WAY 痛バッグ ぬいぐるみ クリア 大きめ 鞄 痛バ 推し活 2体入れ,さえだ,さえだ,おもちゃ > おもちゃ雑貨・手品 > バッグ・財布,9564,2,サエダ商事会社 / 響き住商事,,1880,はい,2026-02-23以降,898,941,標準(小型),182,中小候補,GO,GO,GO,,,https://www.amazon.co.jp/dp/B0F5PW1BPF,
A,B0D9LWXLDL,VITAテーブルチェア（ラグジュアリーブラック） 【 子供用椅子/テーブル装着型/ベビーチェア/収納バック付き/折りたたみ/持ち運び/携帯可/お食事椅子/テーブ,ヴィータ,ベルニコ,ベビー＆マタニティ > ベビー家具・収納 > ベビーチェア,4424,3,,,6980,はい,2026-02-23以降,3915,4707,標準2,332,中小候補,GO,GO,GO,,,https://www.amazon.co.jp/dp/B0D9LWXLDL,
A,B0CLXYDF4K,"Cospys PSA 収納 ケース カード マグネット式 ストレージボックス 鑑定品を保管 (ブラック×グレー, PSA用)",Cospys,Cospys,ホビー > コレクションカード・アクセサリ > カードサプライ・アクセサリ,1695,2,,,2680,はい,2026-02-23以降,1460,1562,標準1,282,中小候補,GO,GO,GO,,,https://www.amazon.co.jp/dp/B0CLXYDF4K,
A,B00O8O0MTS,【2袋セット】ロイヤルカナン 食事療法食 犬用 セレクトプロテイン ダック＆タピオカ 1kg,ロイヤルカナン,ROYAL CANIN Japan,ペット用品 > 犬 > ドッグフード,9429,6,,,7850,はい,2026-02-23以降,4523,5503,標準2,332,中小候補,NG,GO,見送り,回転不足(消化月数>3),,https://www.amazon.co.jp/dp/B00O8O0MTS,
A,4324114196,建築物の防火避難規定の解説　2023,ぎょうせい,ぎょうせい,本 > ジャンル別 > 社会・政治,275725,5,,,7430,はい,2026-02-23以降,4339,5327,標準1,282,中小候補,GO,GO,GO,,,https://www.amazon.co.jp/dp/4324114196,
A,B0FT2495CJ,美的スペシャル12月号,小学館,小学館,本 > ジャンル別 > 雑誌,91159,4,,,2200,はい,2026-02-23以降,383,89,標準2,332,中小候補,GO,GO,GO,,,https://www.amazon.co.jp/dp/B0FT2495CJ,
A,B0B9Y4Z6V3,OMORI -Switch 【永久特典】取扱説明書、ステッカー 封入,Fangamer,Fangamer,ゲーム > 機種別 > Nintendo Switch,6849,4,,,5300,はい,2026-02-23以降,1690,1976,標準(小型),182,中小候補,GO,GO,GO,,,https://www.amazon.co.jp/dp/B0B9Y4Z6V3,
A,B0C4PT4LTL,GIMUYA スズキ エブリイバン DA17V エブリイワゴン DA17W 増設電源ユニット シガーソケット×1 QC3.0 USBポート×1 Type-C P,GIMUYA,GIMUYA,車＆バイク > カーアクセサリ > ソケット分配器,4564,2,,,3984,はい,2026-02-23以降,2281,2636,標準1,282,中小候補,GO,GO,GO,,,https://www.amazon.co.jp/dp/B0C4PT4LTL,
A,B0GLNBNGP2,【お掃除のプロ監修】シャープ 加湿 空気清浄機 フィルター FZ-PF51F1 30枚入り 使い捨て,venry,venry,ホーム＆キッチン > 家電 > 空調・季節家電,4019,2,,,2680,はい,2026-02-23以降,888,814,標準1,282,大手/海外疑い,GO,GO,GO,,,https://www.amazon.co.jp/dp/B0GLNBNGP2,
A,B0FHQ3PDGV,防災NET 携帯浄水器 防災グッズ 防災 災害用 備蓄 【日本正規品】,防災NET,株式会社APOLON JAPAN,ホーム＆キッチン > キッチン用品 > 浄水器・整水器,9651,2,,,3980,はい,2026-02-23以降,1735,2035,標準(小型),182,中小候補,GO,GO,GO,,,https://www.amazon.co.jp/dp/B0FHQ3PDGV,
A,B0F5WNTSF8,160ml 大容量車用アロマディフューザー｜車 芳香剤 (ガーデニア ホワイトティー)｜音楽連動ライト搭載｜超音波式｜3モード｜自動ON/OFF｜内蔵バッテリ｜,JJii Sung,JJii sung,車＆バイク > カーアクセサリ > 車用除菌・消臭・芳香剤,7955,2,,,3999,はい,2026-02-23以降,2317,2683,標準1,282,中小候補,GO,GO,GO,,,https://www.amazon.co.jp/dp/B0F5WNTSF8,
A,4410102079,新課程 チャート式基礎と演習数学Ⅰ＋Ａ,数研出版,数研出版,本 > ジャンル別 > 教育・学参・受験,43363,6,,,2471,はい,2026-02-23以降,1012,976,標準1,282,中小候補,NG,GO,見送り,回転不足(消化月数>3),,https://www.amazon.co.jp/dp/4410102079,
A,B0F2HCYC3H,サーキュレーター 静音 大風量 卓上扇風機 風量6段階調節 上下左右自動首振り リモコン付き 分解丸洗い タイマー機能付き タッチパネル搭載 自動消灯 節電 2,keneta,CIXI CITY ZHILIAN ELECTRICAL,ホーム＆キッチン > 家電 > 空調・季節家電,45353,2,,,3591,はい,2026-02-23以降,2052,2336,大型,282,中小候補,GO,GO,見送り,FBA大型サイズ,,https://www.amazon.co.jp/dp/B0F2HCYC3H,
A,B0F5PXTNTP,"キャロウェイ 氷嚢 アイシングバッグ 冷却効果 熱中症対策 保冷バッグ 容積/3,000ml ゴルフ C25298121 メンズ",Callaway(キャロウェイ),Callaway(キャロウェイ),スポーツ＆アウトドア > スポーツケア・アクセサリ・競技備品 > スポーツケア用品,23820,5,,,2380,はい,2026-02-23以降,1365,1551,標準(小型),182,中小候補,GO,GO,GO,,,https://www.amazon.co.jp/dp/B0F5PXTNTP,
A,B0CRKVPHTM,【パンツ Lサイズ】 パンパース オムツ 通気性プラス (9~14kg) 46枚,パンパース,P&G,ベビー＆マタニティ > おむつ・トイレ > おむつ,1572,4,,,2980,はい,2026-02-23以降,1070,1052,大型,282,中小候補,GO,GO,見送り,FBA大型サイズ,,https://www.amazon.co.jp/dp/B0CRKVPHTM,
A,B0D95GJK9Y,LEDテープライト RGB テープライト10m SMD5050 LEDテープ 両面テープ APP制御 40キーリモコン 音声同期 1600彩り 高輝度RGB L,pozold,,DIY・工具・ガーデン > エクステリア > アウトドア・エクステリアライト,2355,3,,,2319,はい,2026-02-23以降,1310,1479,標準(小型),182,中小候補,GO,GO,GO,,,https://www.amazon.co.jp/dp/B0D95GJK9Y,
A,B0FB3XYHBL,LUTW UV光源誘引式 捕虫器 虫除け コバエ取り 蚊よけ 殺虫灯 室内 5W 360°強力 省エネ 薬剤不要 静音 粘着シート10枚 1個入,LUTW,LUTW,DIY・工具・ガーデン > ガーデン > 害獣・害虫対策用品,6441,2,,,2199,はい,2026-02-23以降,911,957,標準(小型),182,中小候補,GO,GO,GO,,,https://www.amazon.co.jp/dp/B0FB3XYHBL,
A,B0FNCXB8M4,anan(アンアン)2025/09/24号 No.2463増刊　スペシャルエディション[熱狂のカタチ2025／2時だとか],マガジンハウス,マガジンハウス,本 > ジャンル別 > ノンフィクション,53978,2,,,2499,はい,2026-02-23以降,284,24,標準1,282,中小候補,GO,GO,GO,,,https://www.amazon.co.jp/dp/B0FNCXB8M4,
A,B06VV7H5T2,WEIMALL パラソルベース 21.5kg 注水式 丸型 パラソル パラソルスタンド ブラック,ウェイモール (WEIMALL),ウェイモール(WEIMALL),DIY・工具・ガーデン > ガーデン > ガーデンファニチャー,25682,2,,,3760,はい,2026-02-23以降,1917,2160,大型,282,中小候補,GO,GO,見送り,FBA大型サイズ,,https://www.amazon.co.jp/dp/B06VV7H5T2,
A,B0F1CT8NQ2,【最新】 トップランド 卓上 扇風機 サーキュレーター 小型 強風 ジェットFAN ACコンセント電源 ホワイト 白 SF-CC25WT,TOPLAND,TOPLAND,ホーム＆キッチン > 家電 > 空調・季節家電,5558,3,,,2348,はい,2026-02-23以降,740,621,標準1,282,中小候補,GO,GO,GO,,,https://www.amazon.co.jp/dp/B0F1CT8NQ2,
A,B09S9Z9L69,PETEPELA(ぺテぺラ) キャットタワー スリム 突っ張り つっぱり式 猫タワー 麻紐爪とぎ 螺旋ステップ 省スペース 高さ238-275cm,PETEPELA,PETEPELA,ペット用品 > 猫 > キャットタワー・ベッド・マット,15377,2,,,5980,はい,2026-02-23以降,3605,4367,大型,282,中小候補,GO,GO,見送り,FBA大型サイズ,,https://www.amazon.co.jp/dp/B09S9Z9L69,
A,B0BSTNCM9G,エンラージ商事 カローラツーリング スポーツ クロス セダン 電源取り出し オプションカプラー TYPE-B 分岐型,EnlargeCorp,株式会社エンラージ商事,車＆バイク > カーアクセサリ > ソケット分配器,10492,2,,,1980,はい,2026-02-23以降,890,817,標準1,282,中小候補,GO,GO,GO,,,https://www.amazon.co.jp/dp/B0BSTNCM9G,
A,B0G6YHG7TX,HI-LINE バイクカバー 420D 原付/原付二種/スクーターに対応 前後ロック穴 中央バックル付き 裾を絞るゴム 警告反射テープ 収納バッグ付き,HI-LINE,HI-LINE,車＆バイク > バイクアクセサリ > 車体カバー,9903,2,,,3520,はい,2026-02-23以降,1714,1829,標準2,332,中小候補,GO,GO,GO,,,https://www.amazon.co.jp/dp/B0G6YHG7TX,
A,B0CRKPJ6ZM,新中学問題集 英語 中3 標準編　2024年改訂版 【プログレス+オリジナル付箋付き】教育開発出版 解答付き,Von Lonley,教育開発出版,本 > ジャンル別 > 教育・学参・受験,25528,3,,,3580,はい,2026-02-23以降,1850,2072,標準1,282,中小候補,GO,GO,GO,,,https://www.amazon.co.jp/dp/B0CRKPJ6ZM,
A,B014F4BQJK,【パンツ Lサイズ】パンパース オムツ 卒業パンツ (9~14kg) 36枚,パンパース,P&G,ベビー＆マタニティ > おむつ・トイレ > おむつ,3162,4,,,1980,はい,2026-02-23以降,658,513,大型,282,中小候補,GO,GO,見送り,FBA大型サイズ,,https://www.amazon.co.jp/dp/B014F4BQJK,
A,4416624123,2級土木施工管理技士 過去問コンプリート 2025年版: 最新過去問11回分を完全収録,誠文堂新光社,誠文堂新光社,本 > ジャンル別 > アート・建築・デザイン,152061,6,,,3340,はい,2026-02-23以降,1889,2123,標準1,282,中小候補,NG,GO,見送り,回転不足(消化月数>3),,https://www.amazon.co.jp/dp/4416624123,
A,B0FGCV1717,車 扇風機 後部座席 USB給電式 ツインファン 方向調整可 フレキシブル 3段階風量 静音 ヘッドレスト取付タイプ LEDライト付,RemarksJapan,Remarks Japan,車＆バイク > カーアクセサリ > 車用電化製品,3226,2,,,1849,はい,2026-02-23以降,822,728,標準1,282,中小候補,GO,GO,GO,,,https://www.amazon.co.jp/dp/B0FGCV1717,
A,B08QVJFV1Z,良品武品 M-LOK & KEYMOD対応 20mmレールセクション 6種6枚セット (3/5/7/9/11/13スロット) ピカティニー 変換 BK,良品武品,,ホビー > エアガン・モデルガン > モデルガンパーツ,13009,2,,,2100,はい,2026-02-23以降,988,1058,標準(小型),182,中小候補,GO,GO,GO,,,https://www.amazon.co.jp/dp/B08QVJFV1Z,
A,B0C5M128GP,アウトレット プール ビニール 大型 2m～1.9m 家庭用 子供用 ファミリー 200cm～190cm 大きい 大きめ (プール単体),HAC2市場,HAC2市場,おもちゃ > アクション・スポーツトイ > プール・水遊び,8944,2,,,2980,はい,2026-02-23以降,1605,1687,標準2,332,中小候補,GO,GO,GO,,,https://www.amazon.co.jp/dp/B0C5M128GP,
A,B004VD4NVE,西川(nishikawa)ベビー敷ふとん レギュラータイプ 1513-07022,西川リビング,西川リビング,ベビー＆マタニティ > ベビー布団・寝具 > ベビー布団,2714,3,,,6980,はい,2026-02-23以降,4085,4995,大型,282,中小候補,GO,GO,見送り,FBA大型サイズ,,https://www.amazon.co.jp/dp/B004VD4NVE,
A,B005O65PW8,イナズマイレブンGO シャイン (特典なし) - 3DS,レベルファイブ,レベルファイブ,ゲーム > 機種別 > レガシーシステム,6405,3,,,7990,はい,2026-02-23以降,1280,1440,標準(小型),182,中小候補,GO,GO,GO,,,https://www.amazon.co.jp/dp/B005O65PW8,
A,B0D4QK2G58,CME MIDIケーブル 4本セット 90cm 5ピンDIN L型薄型プラグ MIDIインターフェース シンセサイザー ペダルボード向け,CME,CME,楽器・音響機器 > DTM・DAW > MIDIケーブル,2637,4,,,4799,はい,2026-02-23以降,2772,3392,標準(小型),182,中小候補,GO,GO,GO,,,https://www.amazon.co.jp/dp/B0D4QK2G58,
A,B00HVPWFM8,チャオ (CIAO) とりささみ&ほたて貝柱 85g×24個 (セット) 猫用 ウェットフード 缶,チャオ (CIAO),いなばペットフード,ペット用品 > 猫 > おやつ,8549,2,,,3980,はい,2026-02-23以降,1585,1661,標準2,332,中小候補,GO,GO,GO,,,https://www.amazon.co.jp/dp/B00HVPWFM8,
A,B0FQXJV6X5,アニメージュ 2025年11月号,徳間書店,徳間書店,本 > ジャンル別 > 雑誌,191764,3,,,2950,はい,2026-02-23以降,1248,1285,標準1,282,中小候補,GO,GO,GO,,,https://www.amazon.co.jp/dp/B0FQXJV6X5,
A,B0CJC6KXXP,6袋(500g×6) ヒトデdeでんでん ヒトデ忌避剤 害虫対策 ひとでででんでん 害獣対策 イノシシ対策 ネズミ カラスよけ ハトよけ ひとで ハクビシン ヒ,ノーブランド品,(株)一葉,DIY・工具・ガーデン > ガーデン > 害獣・害虫対策用品,7155,2,,,6840,はい,2026-02-23以降,3669,4386,標準2,332,中小候補,GO,GO,GO,,,https://www.amazon.co.jp/dp/B0CJC6KXXP,
A,B0D3TH2YF5,スーパーナット 充電器PRO 自動車用バッテリー充電器 DC12V専用 2A 8A 15A切替 バイク 車 小型トラック対応,スーパーナット(SUPER NATTO),SUPER NATTO （スーパーナット）,車＆バイク > バッテリー > バッテリー充電器,19656,2,,,5980,はい,2026-02-23以降,3129,3681,標準2,332,中小候補,GO,GO,GO,,,https://www.amazon.co.jp/dp/B0D3TH2YF5,
A,B0BCJMGYCX,JTC BABY てくてくウォーカー (ピンク) 赤ちゃん用歩行器,JTC BABY,JTC,ベビー＆マタニティ > 室内遊具 > 歩行器,2024,3,,,7531,はい,2026-02-23以降,4216,5166,大型,282,中小候補,GO,GO,見送り,FBA大型サイズ,,https://www.amazon.co.jp/dp/B0BCJMGYCX,
A,B07YCFF7M8,モリグリーン(Moly Green) エンジンオイル クリーンディーゼル 5W-30 DL-1 4L 全合成油 0470125,モリグリーン(Moly Green),モリグリーン(Moly Green),車＆バイク > オイル・フルード > オイル,10290,3,,,6500,はい,2026-02-23以降,1890,2060,標準2,332,中小候補,GO,GO,GO,,,https://www.amazon.co.jp/dp/B07YCFF7M8,
A,B01BOT14AK,Syngenta シンジェンタジャパン 殺虫剤 アファーム乳剤 100ml,Syngenta,シンジェンタジャパン,DIY・工具・ガーデン > ガーデン > 害獣・害虫対策用品,9396,6,,,3300,はい,2026-02-23以降,1442,1652,標準(小型),182,中小候補,NG,GO,見送り,回転不足(消化月数>3),,https://www.amazon.co.jp/dp/B01BOT14AK,
A,B0BJKP7MQC,ＵＰ ＳＴＯＲＥ ダクトホース 300mm × 5M 収納型フレキシブルダクト 籾摺り機 換気用 アルミホース 排気 換気パイプ 排気ダクト 耐熱 防水 (φ3,ＵＰ　ＳＴＯＲＥ,ＵＰ　ＳＴＯＲＥ,産業・研究開発用品 > 空圧・油圧・配管 > チューブ・パイプ・ホース,7046,2,,,4980,はい,2026-02-23以降,2651,3055,標準2,332,中小候補,GO,GO,GO,,,https://www.amazon.co.jp/dp/B0BJKP7MQC,
A,B0FNQYHZHN,ZUNDUO 新型 カローラクロス 2025 2026 2025年5月-現行 専用 ドリンクホルダー カップカバー,ZUNDUO,mipicar,車＆バイク > カーアクセサリ > 収納・ホルダー,3589,2,,,1659,はい,2026-02-23以降,701,683,標準(小型),182,中小候補,GO,GO,GO,,,https://www.amazon.co.jp/dp/B0FNQYHZHN,
A,B0GHWTFHBQ,SDカードリーダー【4in1 Type-C & i-Phone SD/TF変換アダプタ】カードリーダー USB/SD/TF変換アダプタ 0TG機能 設定不要 高,ZRZK,ZRZK,パソコン・周辺機器 > 外付けドライブ・ストレージ > 外付メモリカードリーダー,1196,3,,,1680,はい,2026-02-23以降,692,766,標準(小型),182,中小候補,GO,GO,GO,,,https://www.amazon.co.jp/dp/B0GHWTFHBQ,
A,B0G3VYQZCR,互換品 2個セット Nintendo Switch コントローラー プロコン ワイヤレス 無線 連射 ジャイロ 振動 軽量 Lite対応,RemarksJapan,Remarks Japan,ゲーム > 機種別 > Nintendo Switch,694,2,,,4099,はい,2026-02-23以降,2342,2715,標準1,282,大手/海外疑い,GO,GO,GO,,,https://www.amazon.co.jp/dp/B0G3VYQZCR,
A,B0151B3UAO,アイリスオーヤマ 砂利 防犯砂利 防草 60L ホワイト,アイリスオーヤマ(IRIS OHYAMA),アイリスオーヤマ(IRIS OHYAMA),DIY・工具・ガーデン > ガーデン > 農業・園芸用資材,8654,6,,,3280,はい,2026-02-23以降,1360,1431,大型,282,大手/海外疑い,NG,GO,見送り,FBA大型サイズ / 回転不足(消化月数>3),,https://www.amazon.co.jp/dp/B0151B3UAO,
A,B0F5HGS1HH,さえだ アクスタ 収納 ファイル 2冊セット アクリルスタンド 収納 ホルダー 大容量 20個収納 アクスタ 専用 ファイル A5,さえだ,さえだ,ホビー > コレクターアイテム > 収納・ディスプレイ,2380,2,響き住商事 / サエダ商事会社,,1960,はい,2026-02-23以降,849,763,標準1,282,中小候補,GO,GO,GO,,,https://www.amazon.co.jp/dp/B0F5HGS1HH,
A,B0F6BKV471,名刺ホルダー 180枚収容 ビジネス名刺整理 見やすい分類管理 シンプルおしゃれ 男女兼用 ブラック,deeli,Deli,文房具・オフィス用品 > ファイル・バインダー > 名刺ファイル・リフィル,4900,2,,,1599,はい,2026-02-23以降,644,495,標準1,282,中小候補,GO,GO,GO,,,https://www.amazon.co.jp/dp/B0F6BKV471,
A,B00E36RP0K,HGUC No.165 1/144 LM312V04 ヴィクトリーガンダム (機動戦士Vガンダム),BANDAI SPIRITS(バンダイ スピリッツ),BANDAI SPIRITS(バンダイ スピリッツ),ホビー > プラモデル・模型 > プラモデル,6226,5,,,2500,はい,2026-02-23以降,858,775,標準1,282,大手/海外疑い,GO,GO,GO,,,https://www.amazon.co.jp/dp/B00E36RP0K,
A,4046065176,改訂版 直前1カ月で受かる 英検準2級のワークブック,KADOKAWA,KADOKAWA,本 > ジャンル別 > 人文・思想,50187,4,,,2924,はい,2026-02-23以降,719,593,標準1,282,中小候補,GO,GO,GO,,,https://www.amazon.co.jp/dp/4046065176,
A,B0FV2TNCPD,キャンピングムーン(CAMPING MOON) アウトドア パイントバンカー パイントグラスケース お酒マングラス 480ml用 ケース 炭酸火酒グラスケース ,キャンピングムーン(camping moon),キャンピングムーン(camping moon),産業・研究開発用品 > 飲食店舗用品 > 使い捨て用品,14893,2,,,1680,はい,2026-02-23以降,898,941,標準(小型),182,中小候補,GO,GO,GO,,,https://www.amazon.co.jp/dp/B0FV2TNCPD,
A,B079PVN2X8,UNDERTALE - PS4 (【永久封入特典】ストーリーブックレット 同梱),Happinet,ハチノヨン,ゲーム > 機種別 > プレイステーション4,4047,4,,,3940,はい,2026-02-23以降,2353,2843,標準(小型),182,中小候補,GO,GO,GO,,,https://www.amazon.co.jp/dp/B079PVN2X8,
A,4867019429,モデルプレスカウントダウンマガジン vol.10 (TVガイドMOOK),東京ニュース通信社,東京ニュース通信社,本 > ジャンル別 > エンターテイメント,242128,4,,,2259,はい,2026-02-23以降,979,933,標準1,282,中小候補,GO,GO,GO,,,https://www.amazon.co.jp/dp/4867019429,
A,B0794VWHLB,キクタニ (Kikutani) DJ用ラップトップスタンド 高さ調節可能 滑り止め設計 LT-100B,キクタニ,キクタニ,楽器・音響機器 > ギター > ギターアクセサリ,1559,5,,,3480,はい,2026-02-23以降,1907,2082,標準2,332,中小候補,GO,GO,見送り,Amazon本体あり(availabilityAmazon=4),,https://www.amazon.co.jp/dp/B0794VWHLB,
A,B0B9SQY77H,クリアストーン(Clearstone) MENコス コスプレ ハロウィン 黒子 ユニセックス 2L ブラック,クリアストーン(Clearstone),クリアストーン(Clearstone),ホビー > コスプレ・仮装 > コスチューム,1887,2,,,4389,はい,2026-02-23以降,2513,2939,標準1,282,中小候補,GO,GO,GO,,,https://www.amazon.co.jp/dp/B0B9SQY77H,
A,B01KT3KRP0,DRIVEWORLD エアーホース ポリウレタン 最高使用圧力2.0Mpa 10m(全長) 10mm(外径)6.5mm(内径) エアーコンプレッサー用 1/4 ,DW,ドライブワールド,DIY・工具・ガーデン > 電動工具・エア工具 > エア工具パーツ・アクセサリ,14249,2,ドライブワールド,,1962,はい,2026-02-23以降,980,934,標準1,282,中小候補,GO,GO,見送り,相乗り出品が基準未満（卸している証拠なし）,,https://www.amazon.co.jp/dp/B01KT3KRP0,
A,B09WMTGW72,SEISSO フローリング補修キット 12色 補修クリーム 木工パテ付き 木製家具・床・ドア キズ補修 傷隠し 穴埋め 調色可能,SEISSO,SEISSO,産業・研究開発用品 > 接着・補修 > 補修材,4365,2,,,2469,はい,2026-02-23以降,1205,1229,標準1,282,中小候補,GO,GO,GO,,,https://www.amazon.co.jp/dp/B09WMTGW72,
A,B08F9VL7XT,mania(マニア) プロショップ専用 中型インコ低脂肪 1L×3袋,mania(マニア),黒瀬ペットフード,ペット用品 > 鳥 > 餌,8622,4,,,2730,はい,2026-02-23以降,935,811,標準2,332,中小候補,GO,GO,GO,,,https://www.amazon.co.jp/dp/B08F9VL7XT,
A,B0G35BG4X4,ピヨ(PIYO) 踏み台 子供 木製 耐荷重100kg ステップ台 洗面所 手洗い子ども 2段 ステップ台 幼児 こども トイレ おしゃれ (ハイドレンジアブル,ピヨ(PIYO),ピヨ(PIYO),ベビー＆マタニティ > ベビー家具・収納 > ステップスツール・踏み台,2920,2,,,4180,はい,2026-02-23以降,1996,2198,標準2,332,中小候補,GO,GO,GO,,,https://www.amazon.co.jp/dp/B0G35BG4X4,
A,B0D8SNLXYH,[バンダイ(BANDAI)] レミン&ソラン 魔法のプリンセスステップ プリンセスステップ ベッドセット,BANDAI,バンダイ(BANDAI),おもちゃ > きせかえ人形・ハウス > セット,6019,5,Dive Deep ストア (適格請求書発行事業者) / ノワスタイル【すり替え防止対策済み】 / カーソンズマート　オンライン / AllMighty本舗TOMITA / New World ショップ【適格請求書発行事業者】,,3750,はい,2026-02-23以降,1252,1290,標準1,282,大手/海外疑い,GO,GO,GO,,,https://www.amazon.co.jp/dp/B0D8SNLXYH,
A,B0B49ZSQHG,MAXWIN 扇風機 車載 首振り 風量2段階 クリップ式 ファン 16羽根 11インチ 左右 90° 角度 風量 12V サーキュレーター 省エネ 循環 K-,MAXWIN,MAXWIN,車＆バイク > カーアクセサリ > 車用電化製品,5833,2,,,3980,はい,2026-02-23以降,2255,2537,標準2,332,中小候補,GO,GO,GO,,,https://www.amazon.co.jp/dp/B0B49ZSQHG,
A,B0DK1NLFGH,SIKAI CASE 2つノブ付け 片手キーボード マクロキーボード 12キー 3種接続 有線/ワイヤレス/Bluetooth接続 ゲーミングキーボード 3レイ,SIKAI CASE,SIKAI CASE,パソコン・周辺機器 > キーボード・マウス・入力機器 > ゲーミングキーボード,13497,2,,,4999,はい,2026-02-23以降,2742,3667,標準(小型),182,中小候補,GO,GO,GO,,,https://www.amazon.co.jp/dp/B0DK1NLFGH,
A,B0FVXBJ5HR,Zaahir 電動シャボン玉ガン バブルガン 【かわいいイルカ·大量の泡を発射】 自動 電池式 6つ泡穴 バブルマシーン 子供 外遊び おもちゃ,Zaahir,Zaahir,おもちゃ > アクション・スポーツトイ > シャボン玉,1667,2,,,1598,はい,2026-02-23以降,740,734,標準(小型),182,中小候補,GO,GO,GO,,,https://www.amazon.co.jp/dp/B0FVXBJ5HR,
A,B0DHTDMV71,ドギーマン レバーふりかけ １８０g×４袋セット（犬用おやつ）,ドギーマン,ドギーマンハヤシ,ペット用品 > 犬 > おやつ,9417,3,,,2680,はい,2026-02-23以降,1005,967,標準1,282,中小候補,GO,GO,GO,,,https://www.amazon.co.jp/dp/B0DHTDMV71,
A,B0DQHM3MR5,MONT マジで草。 葉物野菜の神経衰弱 野菜に詳しくなれる 食育 脳トレ (ガチで草。),MONT,MONT,おもちゃ > ままごと・ごっこ遊び > ままごと用キッチン・食べ物,2123,2,,,1500,はい,2026-02-23以降,704,687,標準(小型),182,中小候補,GO,GO,GO,,,https://www.amazon.co.jp/dp/B0DQHM3MR5,
A,B0FR4SJKZR,Sonlau ワイヤレス Bluetooth イヤホン 耳かけ型 [ワイヤレス オープンイヤホン 耳かけ型 快適な装着感 IPX5防水 マイク内蔵] 最新 Bl,Sonlau,Sonlau,家電＆カメラ > イヤホン・ヘッドホン > イヤホン・ヘッドホン本体,8268,3,,,1710,いいえ,2026-02-23以降,468,448,標準(小型),182,中小候補,GO,GO,GO,,,https://www.amazon.co.jp/dp/B0FR4SJKZR,
A,B0G3D132JY,Charmoon カップホルダー DIY 増設 車 ボート アウトドア ドリンクホルダー (8個),Charmoon,Charmoon,車＆バイク > カーアクセサリ > 収納・ホルダー,3342,2,,,1898,はい,2026-02-23以降,886,812,標準1,282,中小候補,GO,GO,GO,,,https://www.amazon.co.jp/dp/B0G3D132JY,
A,B0C54WLK88,MOGOOD 4-in-1 USB-C ハブ USB3.0×1 USB2.0×3 60W 充電 5Gbps ※モニター出力非対応,MOGOOD,MOGOOD,パソコン・周辺機器 > PCアクセサリ・サプライ > USBハブ,6964,2,,,1599,はい,2026-02-23以降,727,815,標準(小型),182,中小候補,GO,GO,GO,,,https://www.amazon.co.jp/dp/B0C54WLK88,
A,B0FWPQYC96,勝ち勝ちくん クリア PLUS 戦国乙女 山本カンスケバージョン カチカチくん 小役カウンター カチカチ君 プラス,Pエンタメストア,ガイドワークス,ホビー > 遊技機器,1731,2,,,4640,いいえ,繰越(境界後の記録なし),2834,3472,標準(小型),182,中小候補,GO,GO,GO,,,https://www.amazon.co.jp/dp/B0FWPQYC96,
A,B0FVF4YF8H,セキグチ ベビチッチ キーチェーン 女の子 201099,セキグチ(Sekiguchi),セキグチ(sekiguchi),おもちゃ > ぬいぐるみ > ぬいぐるみ用ウェア・アクセサリ,6848,6,,,2180,はい,2026-02-23以降,1118,1228,標準(小型),182,中小候補,NG,GO,見送り,回転不足(消化月数>3),,https://www.amazon.co.jp/dp/B0FVF4YF8H,
A,B09TQVWZPF,Effects Bakery エフェクツベーカリー Plain Bread Compressor [EB-PBCn] / コンプレッサー ミニペダル ギター ベ,Effects Bakery,Effects Bakery(エフェクツベーカリー),楽器・音響機器 > ギター > ギターエフェクター,8381,6,,,5720,はい,2026-02-23以降,3281,4057,標準(小型),182,中小候補,NG,GO,見送り,回転不足(消化月数>3),,https://www.amazon.co.jp/dp/B09TQVWZPF,
A,B0CXDRQ8J4,ソースネクスト | B's Recorder(パッケージ版)(最新版) | ディスク作成ソフト | Windows対応,SOURCENEXT,ソースネクスト,PCソフト > ジャンル別 > 画像・映像制作,1069,5,,,4950,はい,2026-02-23以降,1631,1899,標準(小型),182,中小候補,GO,GO,GO,,,https://www.amazon.co.jp/dp/B0CXDRQ8J4,
A,B0FGX8QFDC,SUNLU フィラメントコネクタ、3Dプリンターフィラメント1.75mm用PTFEスリーブ400個付きフィラメントスプライサー、240°Cまで高速加熱、PLA ,YOOPAI,YOOPAI,産業・研究開発用品 > 3Dプリンタ・スキャナ > 3Dプリンタパーツ・アクセサリ,8468,2,,,7480,はい,2026-02-23以降,4680,5886,標準(小型),182,中小候補,GO,GO,GO,,,https://www.amazon.co.jp/dp/B0FGX8QFDC,
A,B0BX9GB825,AILOXIN 噴霧ノズル 散水ノズル 自動散水セット 20Mホース ノズルミストシャワー 20個ノズル 真鍮製 水やり 芝生 灌漑システム スプレー灌漑 屋外,AILOXIN,AILOXIN,DIY・工具・ガーデン > ガーデン > 農具・散水用品,8961,2,,,3580,はい,2026-02-23以降,1804,2012,標準1,282,中小候補,GO,GO,GO,,,https://www.amazon.co.jp/dp/B0BX9GB825,
A,B00HRQE6R8,ナカジマ スライド式エビ網 15cm,ナカジマ,ナカジマ,スポーツ＆アウトドア > 釣り > 工具,11578,3,,,1823,はい,2026-02-23以降,420,202,大型,282,中小候補,GO,GO,見送り,FBA大型サイズ,,https://www.amazon.co.jp/dp/B00HRQE6R8,
A,B0DPK5H82G,猫壱 バリバリボウルスタンド 爪研ぎ ライトブラウン,猫壱,MOON-X Japan,ペット用品 > 猫 > キャットタワー・ベッド・マット,1708,4,,,2699,はい,2026-02-23以降,437,224,大型,282,中小候補,GO,GO,見送り,FBA大型サイズ,,https://www.amazon.co.jp/dp/B0DPK5H82G,
A,B0FPFXSXYB,キューブ(Cube) オタマトーンカラーズ オレンジ 1406,キューブ(Cube),キューブ(Cube),おもちゃ > 楽器玩具,9028,6,,,3325,はい,2026-02-23以降,1474,1581,標準1,282,中小候補,NG,GO,見送り,回転不足(消化月数>3),,https://www.amazon.co.jp/dp/B0FPFXSXYB,
A,B0C696TH92,EZARC(イザーク) グラインダー 刃 24枚入 75mm切断砥石 1.2mm超薄型 鉄工用 75x1.2x10mm,EZARC,EZARC,DIY・工具・ガーデン > 電動工具・エア工具 > 電動工具パーツ・アクセサリ,6281,2,,,2546,はい,2026-02-23以降,1140,1144,標準1,282,中小候補,GO,GO,GO,,,https://www.amazon.co.jp/dp/B0C696TH92,
A,B0DK6ZXNCQ,TOPADRE 240w 充電器 PD3.1対応 6ポート同時急速充電【C1 単ポート140W MAX/ディスプレイ搭載 /1.5mケーブル付】USB コンセン,TOPADRE,"‎Shenzhenshi Ezreal Technology Co.,Ltd",パソコン・周辺機器 > PCアクセサリ・サプライ > ノートパソコンアクセサリ,10978,2,,,6749,はい,2026-02-23以降,4104,5493,標準1,282,中小候補,GO,GO,GO,,,https://www.amazon.co.jp/dp/B0DK6ZXNCQ,
A,B0G5287RRJ,Biling ソーラー自動水やりシステム 3.5W 3000mAh 大容量バッテリー内蔵,Biling,Biling,DIY・工具・ガーデン > プール・ホットタブ・屋外サウナ > プールフィルター・ポンプ,6913,2,,,3990,いいえ,2026-02-23以降,2311,2675,標準1,282,中小候補,GO,GO,GO,,,https://www.amazon.co.jp/dp/B0G5287RRJ,
A,B0D91ZM71L,Konshun正規オリジナル品 2026年新モデル 猫 窓用ハンモック 窓 ベッド 窓際見晴らし台 （本体+布カバー1枚）,今春Ｋｏｎｓｈｕｎ,Shenzhen Akimi Trading Co.,ペット用品 > 猫 > キャットタワー・ベッド・マット,5885,2,,,3580,はい,2026-02-23以降,1486,1596,標準1,282,中小候補,GO,GO,GO,,,https://www.amazon.co.jp/dp/B0D91ZM71L,
A,4761930101,スクールプランニングノート2025年度版Ａ(小学校教師向け),学事出版,学事出版,本 > ジャンル別 > 人文・思想,215121,2,,,3780,はい,2026-02-23以降,1204,1227,標準1,282,中小候補,GO,GO,GO,,,https://www.amazon.co.jp/dp/4761930101,
A,4300114552,わかって合格(うか)る 1級建築施工管理技士 基本テキスト 2025年度版 [過去8年間の一次検定(学科試験)の出題箇所にアンダーライン＆出題年度表示](TAC,TAC出版,TAC出版,本 > ジャンル別 > アート・建築・デザイン,213976,6,,,5030,はい,2026-02-23以降,1841,2060,標準1,282,中小候補,NG,GO,見送り,Amazon本体あり(availabilityAmazon=2) / 回転不足(消化月数>3),,https://www.amazon.co.jp/dp/4300114552,
A,B002FQKAHU,SK11(エスケー11) ソケットセット 差込角:12.7mm スタンダード SHS410M,SK11(エスケー11),SK11(エスケー11),DIY・工具・ガーデン > 作業工具 > 駆動工具,7302,5,,,3817,はい,2026-02-23以降,1279,1325,標準1,282,中小候補,GO,GO,GO,,,https://www.amazon.co.jp/dp/B002FQKAHU,
A,B0CCJ2Z492,パンパース 【テープ Mサイズ】 オムツ はじめての肌へのいちばん (6~11kg) 48枚,パンパース,P&G,ベビー＆マタニティ > おむつ・トイレ > おむつ,2186,5,,,2298,はい,2026-02-23以降,545,301,標準2,332,中小候補,GO,GO,GO,,,https://www.amazon.co.jp/dp/B0CCJ2Z492,
A,B0FQWFF1FL,Rolling Stone Japan (ローリングストーンジャパン)vol.32(2025年11月号),CCC MEDIA HOUSE,CEメディアハウス,本 > ジャンル別 > 雑誌,135325,4,,,2380,はい,2026-02-23以降,576,406,標準1,282,中小候補,GO,GO,GO,,,https://www.amazon.co.jp/dp/B0FQWFF1FL,
A,B00030EUMQ,MG 1/100 MSM-07 量産型ズゴック (機動戦士ガンダム),BANDAI SPIRITS(バンダイ スピリッツ),BANDAI SPIRITS(バンダイ スピリッツ),ホビー > プラモデル・模型 > プラモデル,1262,4,,,5900,はい,2026-02-23以降,3553,4299,標準1,282,大手/海外疑い,GO,GO,GO,,,https://www.amazon.co.jp/dp/B00030EUMQ,
A,4274232972,【すい~っと合格 赤のハンディ】ぜんぶ解くべし! 第2種電気工事士 学科過去問 2025,オーム社,オーム社,本 > ジャンル別 > 科学・テクノロジー,192769,2,,,2616,はい,2026-02-23以降,1350,1418,標準1,282,中小候補,GO,GO,GO,,,https://www.amazon.co.jp/dp/4274232972,
A,B0G1J6HF55,スクイーズ 水感スクイーズ パン ケーキ バター 水系 もちもち スクイーズケーキ スイーツ おもちゃ かわいい 癒しグッズ (キューティピンク),Surpass&LiLi.,Surpass&LiLi.,おもちゃ > おもちゃ雑貨・手品 > スクイーズ,39271,2,,,1680,はい,2026-02-23以降,780,786,標準(小型),182,中小候補,GO,GO,GO,,,https://www.amazon.co.jp/dp/B0G1J6HF55,
A,B0CB3Y68B4,浮き輪 大人 フロート 203cm ジャンボ ホエールライダー WF00237 クジラ ジャンボサイズ 大人用 浮輪,リブライト(Livlight),リブライト(Livlight),おもちゃ > アクション・スポーツトイ > プール・水遊び,2365,6,,,2980,いいえ,繰越(境界後の記録なし),1605,1687,標準2,332,中小候補,NG,GO,見送り,回転不足(消化月数>3),,https://www.amazon.co.jp/dp/B0CB3Y68B4,
A,B0FWQD1CH1,勝ち勝ちくん クリア PLUS ディスクアップ ULTRAREMIXバージョン DISC UP ウルトラリミックス 小役カウンター カチカチ君 プラス,Pエンタメストア,ガイドワークス,ホビー > 遊技機器 > パチスロ,1656,2,,,4280,はい,2026-02-23以降,2600,3166,標準(小型),182,中小候補,GO,GO,GO,,,https://www.amazon.co.jp/dp/B0FWQD1CH1,
A,B0CRLFG1CY,サンリオ(SANRIO) サンリオ キッズショルダーバッグ ハローキティ キティちゃん hello kitty 17×22×11cm 通園バッグ キャラクター ,サンリオ(SANRIO),サンリオ,おもちゃ > おもちゃ雑貨・手品 > バッグ・財布,14096,3,,,3180,はい,2026-02-23以降,1126,1125,標準1,282,中小候補,GO,GO,GO,,,https://www.amazon.co.jp/dp/B0CRLFG1CY,
A,B00HY3S47M,ハナヤマ(HANAYAMA) ゲームロボット25 【日本おもちゃ大賞2014 共有玩具部門 優秀賞】,ハナヤマ(HANAYAMA),ハナヤマ(HANAYAMA),おもちゃ > 電子玩具・キッズ家電 > ハンドヘルドゲーム,10834,3,,,3380,はい,2026-02-23以降,2015,2401,標準(小型),182,中小候補,GO,GO,GO,,,https://www.amazon.co.jp/dp/B00HY3S47M,
A,B0FPWYCGKH,anan(アンアン)2025/10/29号 No.2468[秋の推し旅2025／HOSHI],マガジンハウス,マガジンハウス,本 > ジャンル別 > ノンフィクション,205025,4,,,1539,はい,2026-02-23以降,272,9,標準1,282,中小候補,GO,GO,GO,,,https://www.amazon.co.jp/dp/B0FPWYCGKH,
A,B0CD7BD8JL,WANYOTAスマートメディアカードリーダーライター、オールインワンUSBユニバーサルマルチカードアダプター、スマートメディア、xD、SD、UHS-I、MMC、,WANYOTA,WANYOTA,パソコン・周辺機器 > 外付けドライブ・ストレージ > 外付メモリカードリーダー,8192,2,,,2599,はい,2026-02-23以降,1338,1679,標準(小型),182,中小候補,GO,GO,GO,,,https://www.amazon.co.jp/dp/B0CD7BD8JL,
A,B0DLG5XYW9,エレコム AQUOS sense9 ケース ハイブリッド ゼロショック 衝撃吸収 耐衝撃 4つ角ダンパー ダブルレイヤー設計 カメラレンズ保護設計 ストラップホ,エレコム(ELECOM),エレコム,家電＆カメラ > 携帯電話・スマートフォン > 携帯電話・スマートフォンアクセサリ,5821,2,,,1818,はい,2026-02-23以降,705,784,標準(小型),182,大手/海外疑い,GO,GO,GO,,,https://www.amazon.co.jp/dp/B0DLG5XYW9,
A,B09ZLDNJBG,Beach Access サーファーズ 大容量 ポータブル ウェットバッグ 50L 折り畳み 大型 軽量 ウェットバケツ (サーフィン 釣り ダイビング キャン,ビーチアクセス(Beach Access),,スポーツ＆アウトドア > マリンスポーツ > ダイビング・シュノーケリング,5811,2,,,4680,はい,2026-02-23以降,2729,3222,標準1,282,中小候補,GO,GO,GO,,,https://www.amazon.co.jp/dp/B09ZLDNJBG,
A,B0C5HWKYGZ,FANGOR デジタルフォトフレーム Wi-Fi 10.1型 Wi-Fi 写真/動画/天気予報 1280*800解像度 壁掛け可 SDカード拡張可 黒,FANGOR,FANGOR,家電＆カメラ > カメラ > デジタルフォトフレーム,9726,2,,,6999,はい,2026-02-23以降,4059,5428,標準1,282,中小候補,GO,GO,GO,,,https://www.amazon.co.jp/dp/B0C5HWKYGZ,
A,B0CKXD99TZ,カインズ(CAINZ) 木炭 6～8人用 6kg バーベキュー用木炭 着火しやすい 小さな炭付き バーベキュー BBQ キャンプ アウトドア 炭火焼,カインズ,カインズ,スポーツ＆アウトドア > アウトドア > バーベキュー・クッキング用品,15281,2,,,1980,はい,2026-02-23以降,355,117,不明,282,中小候補,GO,GO,GO,,,https://www.amazon.co.jp/dp/B0CKXD99TZ,
A,B08CRF7CJ9,ドギーマン おさんぽ虫よけ 安泉香 150日 無香 ×3個 (まとめ買い),ドギーマン,ドギーマン,ペット用品 > 犬 > ヘルスケア,6918,2,,,1960,はい,2026-02-23以降,845,871,標準(小型),182,中小候補,GO,GO,GO,,,https://www.amazon.co.jp/dp/B08CRF7CJ9,
A,B0BKF26RWT,エンラージ商事 ライズ ロッキー ルーミー タフト トール タント ムーヴキャンバス ハイゼット ほか 対応 テレビキャンセラー ナビキャンセラー,EnlargeCorp,株式会社エンラージ商事,車＆バイク > カーナビ・カーエレクトロニクス > 車載モニターアクセサリ,1233,2,,,1782,はい,2026-02-23以降,783,677,標準1,282,中小候補,GO,GO,GO,,,https://www.amazon.co.jp/dp/B0BKF26RWT,
A,B0FZTVPBQL,karidi デスクライト led 目に優しい スタンドライト 900lm輝度 5段階色の温度 5段階の輝度調節 折り畳み式コンパクト/5W省エネ/多角度調節/,karidi,karidi,ホーム＆キッチン > 家電 > 照明,25559,3,,,2399,はい,2026-02-23以降,1032,1002,標準1,282,中小候補,GO,GO,GO,,,https://www.amazon.co.jp/dp/B0FZTVPBQL,
A,B00A7Q0T1C,槌屋ヤック(Tsuchiya Yac) 車内用品 フェンダー マッドガード ブラック PZ-595,槌屋ヤック(Tsuchiya Yac),槌屋ヤック(Tsuchiya Yac),車＆バイク > カーパーツ > 外装・エアロパーツ,18271,2,マジCAR / クレールオンラインショップ / AQUA DREAM(アクアドリーム),,1557,はい,2026-02-23以降,284,24,標準1,282,中小候補,GO,GO,GO,,,https://www.amazon.co.jp/dp/B00A7Q0T1C,
A,B09STC9CDX,XBERSTAR ネックパッド 車 ネッククッション 車載用 ネックピロー ヘッドレスト 低反発 ネックサポートパッド 頸椎サポート枕 旅行 運転 車内,XBERSTAR,XBERSTAR,車＆バイク > カーアクセサリ > ネックパッド,6951,2,,,2388,はい,2026-02-23以降,1254,1293,標準1,282,中小候補,GO,GO,GO,,,https://www.amazon.co.jp/dp/B09STC9CDX,
A,B004I5A97M,第2次スーパーロボット大戦Z 破界篇(通常版) - PSP,Bandai Namco,バンダイナムコゲームス,ゲーム > 機種別 > レガシーシステム,2735,2,,,7980,はい,2026-02-23以降,666,638,標準(小型),182,大手/海外疑い,GO,GO,GO,,,https://www.amazon.co.jp/dp/B004I5A97M,
A,B0GFDLTVRG,眉毛シェーバー メンズ レディース 1台多役 まゆげ シェーバー USB-C充電式 LED電量表示画面 眉毛カッター 鼻毛カッター 替えるカッターヘッド 高精度,Vedcpel,Vedcpel-JP,ホーム＆キッチン > 家電 > 理美容家電,27942,3,,,1594,はい,2026-02-23以降,854,882,標準(小型),182,中小候補,GO,GO,GO,,,https://www.amazon.co.jp/dp/B0GFDLTVRG,
A,B091PC9LMR,エレコム TV用アクセサリ TV裏収納トレー ブラック AVD-TVRTR01BK,エレコム(ELECOM),エレコム(ELECOM),家電＆カメラ > テレビ・レコーダー > アクセサリ,10879,5,,,3970,はい,2026-02-23以降,1551,1878,大型,282,大手/海外疑い,GO,GO,見送り,FBA大型サイズ,,https://www.amazon.co.jp/dp/B091PC9LMR,
A,B0CM2WJ1H9,鶏レバー ゼリータイプ 全5種 × 各2個 計10個 アソート 食べ比べ セット dbf パウチ (鶏レバー/鶏レバー＆野菜/鶏レバー＆チーズ/鶏レバー＆さつま,ノーブランド品,デビフ,ペット用品 > 犬 > ドッグフード,7037,2,,,1500,はい,2026-02-23以降,683,546,不明,282,中小候補,GO,GO,GO,,,https://www.amazon.co.jp/dp/B0CM2WJ1H9,
A,B0FR9JTQXG,エポキシ樹脂 レジン液 大容量 2L/68Fl.oz 2液性レジン液 1:1体積比 高い透明 黄ばみ防止 自然硬化 高硬度 セルフレベリング グリッター付きレジ,Zssuo,Zssuo,ホビー > 手芸・画材 > ビーズ・レジン・アクセサリ,3329,2,,,4299,はい,2026-02-23以降,2034,2248,標準2,332,中小候補,GO,GO,GO,,,https://www.amazon.co.jp/dp/B0FR9JTQXG,
A,B0DNT1RMYC,[モンベル] バック メンズ レディース ショルダーバッグ ナイロン ポケッタブルライトショルダーS 1123969 (ダークグリーン(KHGN)),Mont-bell(モンベル),,ファッション > メンズ > バッグ・財布,13610,4,,,6000,はい,2026-02-23以降,3423,4129,標準1,282,中小候補,GO,GO,GO,,,https://www.amazon.co.jp/dp/B0DNT1RMYC,
A,4485211436,2025年版 第1・2種冷凍機械責任者試験模範解答集,電気書院,電気書院,本 > ジャンル別 > 科学・テクノロジー,70391,6,,,6113,はい,2026-02-23以降,2561,3001,標準1,282,中小候補,NG,GO,見送り,回転不足(消化月数>3),,https://www.amazon.co.jp/dp/4485211436,
A,B0F6Y3F7R7,Zaahir 電動シャボン玉ガン 【新バージョン・ダブル泡出し口】 2個セット バブルガン 電池式 自動 バブルマシーン 子供 外遊び おもちゃ,Zaahir,Zaahir,おもちゃ > アクション・スポーツトイ > シャボン玉,13327,2,,,2549,はい,2026-02-23以降,1022,989,標準1,282,中小候補,GO,GO,GO,,,https://www.amazon.co.jp/dp/B0F6Y3F7R7,
A,B01967SVI0,クリアストーン(Clearstone) カツランド コスプレ ハロウィン カツラ お侍くん ユニセックス ブラック,クリアストーン(Clearstone),クリアストーン(Clearstone),ホビー > コスプレ・仮装 > 小物,2642,2,,,1679,はい,2026-02-23以降,761,649,標準1,282,中小候補,GO,GO,GO,,,https://www.amazon.co.jp/dp/B01967SVI0,
A,B0DB17KZDP,WEIMALL 固まる猫砂 鉱物 すぐに固まる ベントナイト 小粒 崩れない 脱臭 抗菌 猫トイレ砂 飛び散り防止 子猫 シニア猫 高齢猫 無香料 （5L×4袋,ウェイモール (WEIMALL),WEIMALL,ペット用品 > 猫 > トイレ用品,3791,2,,,2590,いいえ,繰越(境界後の記録なし),1401,1485,大型,282,中小候補,GO,GO,見送り,FBA大型サイズ,,https://www.amazon.co.jp/dp/B0DB17KZDP,
A,4798073075,カラダが20歳若返る！和儀　医師もみとめた狂言トレーニング,秀和システム,秀和システム,本 > ジャンル別 > 暮らし・健康・子育て,140805,4,,,3814,はい,2026-02-23以降,788,797,標準(小型),182,中小候補,GO,GO,GO,,,https://www.amazon.co.jp/dp/4798073075,
A,B08766XFKV,わんニャンどうぶつ病院　ペットを助けるだいじなお仕事 -Switch,日本コロムビア,日本コロムビア,ゲーム > 機種別 > Nintendo Switch,6704,4,,,3980,はい,2026-02-23以降,1348,1529,標準(小型),182,中小候補,GO,GO,GO,,,https://www.amazon.co.jp/dp/B08766XFKV,
A,B0D8KSBSDG,E26 シーリングファンライト ダクトレール変換器付き 壁スイッチ断電記憶ファンライト 調光調色調風 リモコン付 静音 DCモーダー 扇風機 fanlt-M-R,慧光 (EKOU),慧光,ホーム＆キッチン > 家電 > 照明,9253,2,,,2980,はい,2026-02-23以降,1525,1647,不明,282,中小候補,GO,GO,GO,,,https://www.amazon.co.jp/dp/B0D8KSBSDG,
A,B007EHXQTO,東和産業 レンジフードフィルター NewKG 徳用 10+2枚入り,東和産業,東和産業,ホーム＆キッチン > 収納用品 > キッチン収納,2136,2,,,1679,はい,2026-02-23以降,373,141,標準1,282,中小候補,GO,GO,GO,,,https://www.amazon.co.jp/dp/B007EHXQTO,
A,B0DZC4N3Q6,ベビー浮き輪 ベビーフロート SPF50+ 日焼け止め 取り外し可能なサンシェード お風呂 子供 足入れ 赤ちゃん 安全 6ヶ月-3歳の子供用 ハンドポンプ付き,YXTC,YXTC,おもちゃ > アクション・スポーツトイ > プール・水遊び,8719,2,,,2998,はい,2026-02-23以降,1374,1450,標準1,282,中小候補,GO,GO,GO,,,https://www.amazon.co.jp/dp/B0DZC4N3Q6,
A,B0DC1P1SMF,FUJIMI シュレッダーブレード 3枚刃 3mm 替刃 3T 刈払機 草刈り機 適合：オレゴン 295507-0,MFJ FUJIMI,FUJIMI,DIY・工具・ガーデン > ガーデン > 農業・園芸用機器,9593,2,,,2500,はい,2026-02-23以降,1343,1409,標準1,282,中小候補,GO,GO,GO,,,https://www.amazon.co.jp/dp/B0DC1P1SMF,
A,4415238289,本試験型ドローン等操縦士二等学科試験問題集,成美堂出版,成美堂出版,本 > ジャンル別 > 科学・テクノロジー,281412,5,,,3368,はい,2026-02-23以降,1888,2122,標準1,282,中小候補,GO,GO,GO,,,https://www.amazon.co.jp/dp/4415238289,
A,B0CKT8D4GN,【2025年発売&第二世代】バイク インカム bluetooth5.3 ヘルメット スピーカー HIFI音質 インカムバイク用 IPX7防水 バイク イヤホン ,Uandear,Uandear,車＆バイク > カーナビ・カーエレクトロニクス > カーオーディオアクセサリ,15637,2,LUWEIKJ / CHENGYSE,,3985,はい,2026-02-23以降,2148,2576,標準(小型),182,中小候補,GO,GO,GO,,,https://www.amazon.co.jp/dp/B0CKT8D4GN,
A,B072PSJYV6,小川 食べこぼし汚れ防止 お食事シート 2枚セット (手描き風星柄×ストライプ),小川,小川,ベビー＆マタニティ > ベビー家具・収納 > ベビーチェア小物,2573,3,,,2220,はい,2026-02-23以降,1232,1377,標準(小型),182,中小候補,GO,GO,GO,,,https://www.amazon.co.jp/dp/B072PSJYV6,
A,480059328X,2025年度版 給与計算実務能力検定２級公式テキスト,日本能率協会マネジメントセンター,日本能率協会マネジメントセンター,本 > ジャンル別 > 社会・政治,142973,4,,,3100,はい,2026-02-23以降,1148,1154,標準1,282,中小候補,GO,GO,GO,,,https://www.amazon.co.jp/dp/480059328X,
A,B0FF21M639,Taiyuanyuan マグネット式 メタルプッシュフィジェットスライダー ストレス解消 ガジェット 音叉効果付き EDC 暇つぶし 大人向け クリスマス/誕生,taiyuanyuan,taiyuanyuan,おもちゃ > おもちゃ雑貨・手品 > フィジェットトイ,9284,2,,,3080,はい,2026-02-23以降,1820,2146,標準(小型),182,中小候補,GO,GO,GO,,,https://www.amazon.co.jp/dp/B0FF21M639,
A,B0GF5ZLTTL,"【D型のまな板シートが登場！】friNk [フリンク] まな板シート D型 かまぼこ 使い捨て 35枚 70枚 【35枚、70枚入りの2種展開！】(D型,70枚",atRise,atRise,ホーム＆キッチン > キッチン用品 > 調理・製菓道具,3033,2,,,1999,はい,2026-02-23以降,940,882,標準1,282,中小候補,GO,GO,GO,,,https://www.amazon.co.jp/dp/B0GF5ZLTTL,
A,B07SV33HK5,Smaly 新型ロールアップピアノ (49鍵盤),スマリー(SMALY),NAKAGAMI Inc.,楽器・音響機器 > ピアノ・キーボード > キーボード・電子ピアノ,1904,4,,,4444,はい,2026-02-23以降,1847,2068,標準1,282,中小候補,GO,GO,GO,,,https://www.amazon.co.jp/dp/B07SV33HK5,
A,B01HPUT73I,アイリスオーヤマ 工具箱 パーツキャビネット PC-310 2個セット,アイリスオーヤマ(IRIS OHYAMA),アイリスオーヤマ(IRIS OHYAMA),DIY・工具・ガーデン > 作業工具 > 工具箱・収納ケース,4923,2,,,5560,はい,2026-02-23以降,3124,3738,大型,282,大手/海外疑い,GO,GO,見送り,FBA大型サイズ,,https://www.amazon.co.jp/dp/B01HPUT73I,
A,B0CD5KK6H3,ALTEED(アルティード) ハンドルスピンナー ステアリングスピナーノブ ベアリング内蔵 TPR素材グリップ 自動車用(黒×黄),ALTEED,ALTEED,車＆バイク > カーパーツ > 内装パーツ,2973,2,,,2950,はい,2026-02-23以降,1430,1636,標準(小型),182,中小候補,GO,GO,GO,,,https://www.amazon.co.jp/dp/B0CD5KK6H3,
A,B009QTUON4,BIOHAZARD REVIVAL SELECTION PlayStation 3 the Best,カプコン(CAPCOM),カプコン,ゲーム > 機種別 > レガシーシステム,4587,3,,,4980,はい,2026-02-23以降,3055,3761,標準(小型),182,中小候補,GO,GO,GO,,,https://www.amazon.co.jp/dp/B009QTUON4,
A,B0B5Q4NL7R,フィリップス フェイススタイリングキット (鼻毛カッター ノーズエチケットカッター 鼻・耳・眉・ヒゲ) NT5650/16 ブラック/シルバー 【Amazon.,PHILIPS,フィリップス,ホーム＆キッチン > 家電 > 理美容家電,9022,4,,,4210,はい,2026-02-23以降,1332,1508,標準(小型),182,大手/海外疑い,GO,GO,GO,,,https://www.amazon.co.jp/dp/B0B5Q4NL7R,
A,B0DJ23XVCX,ベビーミラー チャイルドシート 車 ヘッドレストフッククランプ設計 後部座席用 大視野ミラー 車用 監視 後ろを向かず 赤ちゃん 子供の顔を見れ 運転安心 17,Mumay,Mumay,ベビー＆マタニティ > チャイルドシート > カーアクセサリ,2635,5,,,2293,はい,2026-02-23以降,1194,1215,標準1,282,中小候補,GO,GO,GO,,,https://www.amazon.co.jp/dp/B0DJ23XVCX,
A,B0CJJFTHK3,カインズ(CAINZ) レターケース 4段 浅型3段 深型1段 幅27.7cm 奥行33.6cm 高さ25.6cm ブラウン 引き出し 書類トレー,カインズ,カインズ,文房具・オフィス用品 > 事務用品 > 机上用品・文具収納,3036,2,,,2280,はい,2026-02-23以降,355,117,大型,282,中小候補,GO,GO,見送り,FBA大型サイズ,,https://www.amazon.co.jp/dp/B0CJJFTHK3,
A,B0CDB36754,リッチェル(Richell) ムーミンベビー わけわけフリージング ブロックトレーR 50 1ブロック容量50ml 6ブロック 4枚入,リッチェル(Richell),リッチェル,ベビー＆マタニティ > 授乳・食事 > 離乳食保存容器,5591,5,,,2000,はい,2026-02-23以降,1118,1228,標準(小型),182,中小候補,GO,GO,GO,,,https://www.amazon.co.jp/dp/B0CDB36754,
A,B0BY8MPFF3,イガラシ ポケモン60cmウキワ ブルー AHB-160V,イガラシ(Igarashi),イガラシ(Igarashi),おもちゃ > アクション・スポーツトイ > プール・水遊び,10347,2,BENE SHOP【インボイス登録店・迅速配送致します】,,2400,はい,2026-02-23以降,1105,1211,標準(小型),182,中小候補,GO,GO,見送り,相乗り出品が基準未満（卸している証拠なし）,,https://www.amazon.co.jp/dp/B0BY8MPFF3,
A,B0FG2YG4FS,otona MUSE(オトナミューズ) 2025年10月号,宝島社,宝島社,本 > ジャンル別 > 暮らし・健康・子育て,146447,3,,,2980,はい,2026-02-23以降,1655,1817,標準1,282,中小候補,GO,GO,GO,,,https://www.amazon.co.jp/dp/B0FG2YG4FS,
A,B0DP248MVP,テスコム ミキサー ジュースミキサー ミル付き [ウェット&ドライ対応] ガラスボトル 1000ml ダイヤルスイッチ 誤作動防止 洗いやすい コード長1m グ,テスコム,ミキサー,ホーム＆キッチン > 家電 > キッチン家電,12410,3,,,7120,はい,2026-02-23以降,3611,4375,大型,282,中小候補,GO,GO,見送り,FBA大型サイズ,,https://www.amazon.co.jp/dp/B0DP248MVP,
A,B00I3A479E,【国内正規代理店品】WD HDD 内蔵ハードディスク 2.5インチ 750GB WD Blue WD7500BPVX SATA3.0 5400rpm 8MB 9,ウエスタンデジタル(Western Digital),ウエスタンデジタル(Western Digital),パソコン・周辺機器 > PCパーツ > 内蔵ハードディスク,11416,2,,,6271,はい,2026-02-23以降,3894,5297,標準(小型),182,中小候補,GO,GO,GO,,,https://www.amazon.co.jp/dp/B00I3A479E,
A,B0GHRTHV9B,【セット買い】Iwatani イワタニ 岩谷 カセットフー スリム カセットこんろ CB-SL-1 + カセットガス CB缶 3P セット,Iwatani,イワタニ(Iwatani),ホーム＆キッチン > 家電 > キッチン家電,10133,2,,,4979,はい,2026-02-23以降,2844,3372,不明,282,中小候補,GO,GO,GO,,,https://www.amazon.co.jp/dp/B0GHRTHV9B,
A,B0FCS69VNW,VOVAQI 超音波ネズミ駆除器【2025アップグレード版】害虫駆除器 超音波虫よけ器 370㎡有効範囲 コンセント式 省エネ 3種類の超音波で強力対策 ネズミ,VOVAQI,VOVAQI,DIY・工具・ガーデン > ガーデン > 害獣・害虫対策用品,17657,3,,,2980,はい,2026-02-23以降,918,967,標準(小型),182,中小候補,GO,GO,GO,,,https://www.amazon.co.jp/dp/B0FCS69VNW,
A,B0FXKMR61F,美的スペシャル１月号,小学館,小学館,本 > ジャンル別 > 雑誌,73931,6,,,1900,はい,2026-02-23以降,407,185,標準1,282,中小候補,NG,GO,見送り,回転不足(消化月数>3),,https://www.amazon.co.jp/dp/B0FXKMR61F,
A,B0FM43W41J,"Lepro AI フロアライト OE1 スタンドライト RGBIC搭載 間接照明 おしゃれ 【1,000lm/電球色/虹色/1,600万色/Alexa対応/音声",Lepro,Lepro,ホーム＆キッチン > 家電 > 照明,15996,2,,,5936,はい,2026-02-23以降,3515,4185,標準2,332,中小候補,GO,GO,GO,,,https://www.amazon.co.jp/dp/B0FM43W41J,
A,B003P7X7YQ,ハッと！アンブレラ （ハットアンブレラ） 帽子の日傘 釣り 農作業 ガーデニング 等に 【LIEBEN-3810】被る傘 かぶる傘 (シルバー／ブラック),Lieben(リーベン),Lieben(リーベン),スポーツ＆アウトドア > 釣り > 釣り小物,7353,2,,,2980,はい,2026-02-23以降,1635,1791,標準1,282,中小候補,GO,GO,GO,,,https://www.amazon.co.jp/dp/B003P7X7YQ,
A,B08NQB2GXK,あミューズ 景品 48㎜カプセル入り 男児用おもちゃ付き 100個セット ガチャガチャ カプセルトイ自販機用,あミューズ,あミューズ,おもちゃ > おもちゃ雑貨・手品 > カプセル玩具,5651,2,,,7150,はい,2026-02-23以降,2935,3491,大型,282,中小候補,GO,GO,見送り,FBA大型サイズ,,https://www.amazon.co.jp/dp/B08NQB2GXK,
A,4579117301,こびとづかんのこびとづくり,文化出版局,文化出版局,本 > ジャンル別 > 趣味・実用,3610,5,TC BOOKSTORE / ECJOY！ブックス [適格請求書発行事業者登録済] / 京都大垣書店オンライン / 天保堂【お問い合わせ歓迎！！】 / 抜き取りすり替え対策済みのため安心してお買い求め下さい◎リサイクル梱包材発送◎合同会社グランウエスト / 松陰 書店 / タウンズマート / ✅ACCIEL書店,,4297,はい,2026-02-23以降,827,734,標準1,282,中小候補,NG,GO,見送り,相乗り出品が基準未満（相乗り過多） / 回転不足(消化月数>3),,https://www.amazon.co.jp/dp/4579117301,
A,B0D93JYWCK,[ミーテ] mite マフラータオル 日本製 メンズ 綿100% ずり落ちない 汗拭き 日焼け対策 メンズ用するっとタオル2色組（SL2010M2P-M20）,ミーテ,東洋繊維興業,スポーツ＆アウトドア > 水泳・スイミング > スポーツタオル,7245,2,,,1936,はい,2026-02-23以降,1013,1091,標準(小型),182,中小候補,GO,GO,GO,,,https://www.amazon.co.jp/dp/B0D93JYWCK,
A,B09XM45KV5,キョウショウエッグ マリオカート バギーR/C ヨッシー (バッテリーPack) TV006B,京商(Kyosho),京商(Kyosho),おもちゃ > ラジコンおもちゃ > ラジコン,9418,6,,,6565,はい,2026-02-23以降,3533,4273,大型,282,中小候補,NG,GO,見送り,FBA大型サイズ / Amazon本体あり(availabilityAmazon=2) / 回転不足(消化月数>3),,https://www.amazon.co.jp/dp/B09XM45KV5,
A,B00PNAMO4C,山善(YAMAZEN) 自立式 折りたたみ台車 プレミアム コンパクト 軽量 台車 キャリー機能 キャスター 折り畳み台車 自立 ダークブラウン OTG-HS(,山善(YAMAZEN),山善(YAMAZEN),産業・研究開発用品 > 物流・保管用品 > 台車・ハンドトラック,4574,2,,,7499,はい,2026-02-23以降,3250,3903,大型,282,大手/海外疑い,GO,GO,見送り,FBA大型サイズ,,https://www.amazon.co.jp/dp/B00PNAMO4C,
A,B098DP5517,HITCALL 天然由来成分PLA配合 NM BB弾のみ 0.25(3000発/袋) 高精度 高真球 ウォーター研磨仕上げ採用 (0.25g 単品),株式会社アザレア,株式会社アザレア,ホビー > エアガン・モデルガン > BB弾,1696,3,,,1580,はい,2026-02-23以降,667,525,標準1,282,中小候補,GO,GO,GO,,,https://www.amazon.co.jp/dp/B098DP5517,
A,B00UMQ5EBC,リキテックス(Liquitex) アクリル絵具SV サテンバーニッシュ 120ml,Liquitex,リキテックス(Liquitex),ホビー > 手芸・画材 > 描画・絵画,4613,2,ユザワヤオンラインショップ / takedaモール・12時までのご注文即日発送(土日祝日店舗休業日除く),,1971,はい,2026-02-23以降,554,491,標準(小型),182,中小候補,GO,GO,GO,,,https://www.amazon.co.jp/dp/B00UMQ5EBC,
A,B08FGR3ZTF,ヒルズ サイエンス・ダイエット サイエンスダイエット ドッグフード 敏感なお腹と皮膚の健康サポート 小型犬用 チキン 2.5kg 1歳以上 成犬用 高齢犬用 ア,ヒルズ サイエンス・ダイエット,日本ヒルズ・コルゲート,ペット用品 > 犬 > ドッグフード,12020,6,,,6200,はい,2026-02-23以降,1631,1721,標準2,332,中小候補,NG,GO,見送り,除外カテゴリ / 回転不足(消化月数>3),,https://www.amazon.co.jp/dp/B08FGR3ZTF,
A,B0CGDM3VSW,バットマン：アーカム・トリロジー - Switch,WB Games,WB Games,ゲーム > 機種別 > Nintendo Switch,8636,4,,,5680,はい,2026-02-23以降,3172,3914,標準(小型),182,中小候補,GO,GO,GO,,,https://www.amazon.co.jp/dp/B0CGDM3VSW,
A,B0FGPZLD9P,"Geekria ウルトラスリム キーボード キャリングケース ロジクール Logitech MX メカニカル ミニ, MelGeek O2, Flow Lite",GEEKRIA,GEEKRIA,楽器・音響機器 > ピアノ・キーボード > ピアノ・キーボードアクセサリ,3459,2,,,3275,はい,2026-02-23以降,1619,1770,標準1,282,大手/海外疑い,GO,GO,GO,,,https://www.amazon.co.jp/dp/B0FGPZLD9P,
A,B09JYV77JZ,エンラージ商事 ヴェゼル RV5 RV6 eHEV R3年4月以降 対応 車速連動 オートドアロック 自動ハザード 窓自動クローズ 多機能キット,EnlargeCorp,株式会社エンラージ商事,車＆バイク > カーパーツ > 外装・エアロパーツ,15688,2,(株)エンラージ商事,,7980,はい,2026-02-23以降,4590,5768,標準(小型),182,中小候補,GO,GO,見送り,相乗り出品が基準未満（卸している証拠なし）,,https://www.amazon.co.jp/dp/B09JYV77JZ,
A,B0GH7CSVV6,【Good Seed】 チェーンソー替刃 91PX-52E チェーン刃 互換品 『65Mn鋼製で焼き入れ処理済み。切れ味長持ち』 (3本セット),Good Seed,Good Seed,DIY・工具・ガーデン > 電動工具・エア工具 > 電動工具パーツ・アクセサリ,11894,2,,,2980,はい,2026-02-23以降,1443,1540,標準1,282,中小候補,GO,GO,GO,,,https://www.amazon.co.jp/dp/B0GH7CSVV6,
A,B0D33SNB9T,adelphos 車 傘ホルダー 3連フック 長さ調節可能 (23-42cm) ヘッドレスト 後部座席 トランク 傘立て 収納フック 荷物掛け KH1(2個セッ,adelphos,adelphos,車＆バイク > カーパーツ > 内装パーツ,8054,2,,,1580,はい,2026-02-23以降,742,736,標準(小型),182,中小候補,GO,GO,GO,,,https://www.amazon.co.jp/dp/B0D33SNB9T,
A,B00I59NI20,コンビ Combi テテオ teteo 授乳のお手本 乳首 SSサイズ 1個入 (0ヵ月~1.5ヵ月頃まで) 乳孔3穴タイプ,Combi,コンビ,ベビー＆マタニティ > 授乳・食事 > 哺乳びん,2362,2,,,1749,はい,2026-02-23以降,650,616,標準(小型),182,中小候補,GO,GO,GO,,,https://www.amazon.co.jp/dp/B00I59NI20,
A,B0BB1KC5BG,コーティング剤 車 セラミックコーティング 用 トップコート 【500mlの大容量】【日本正規品】 BolaSolution P17s+ 洗車 カー用品 洗車用,BolaSolution,DOXX co.,車＆バイク > 洗車・お手入れ用品 > コーティング剤,1349,2,,,3137,はい,2026-02-23以降,1757,1950,標準1,282,中小候補,GO,GO,GO,,,https://www.amazon.co.jp/dp/B0BB1KC5BG,
A,B0BHZ3RWXS,補助便座 子ども トイレトレーニング おまる ホワイト 取っ手付き 簡単 飛び散り防止 子供用トイレ,RemarksJapan,RemarksJapan,ベビー＆マタニティ > おむつ・トイレ > おまる・便座,1313,2,,,1689,はい,2026-02-23以降,757,643,標準1,282,中小候補,GO,GO,GO,,,https://www.amazon.co.jp/dp/B0BHZ3RWXS,
A,B08G8B1BPS,傘型水鉄砲【ウォーターガンブレラ 単品】水鉄砲 傘 強力 飛距離 長い 水遊び 水鉄砲 傘 強力 飛距離 長い 最強 Water Billy アウトドア キャン,Water Billy,インタービジネスブリッジ,おもちゃ > アクション・スポーツトイ > プール・水遊び,5058,2,,,3300,はい,2026-02-23以降,1863,2089,大型,282,中小候補,GO,GO,見送り,FBA大型サイズ,,https://www.amazon.co.jp/dp/B08G8B1BPS,
A,B0G3ZJHV2K,サンワダイレクト ノートPCオーガナイザー 貼り付け式 マウス ケーブル ノートパソコン PC 背面ポケット ガジェット ポーチ 収納 ピンク 200-INPK,サンワダイレクト,サンワダイレクト,パソコン・周辺機器 > PCアクセサリ・サプライ > ノートパソコンアクセサリ,4874,5,,,2280,はい,2026-02-23以降,875,921,標準1,282,中小候補,GO,GO,GO,,,https://www.amazon.co.jp/dp/B0G3ZJHV2K,
A,B01EC7GY1K,WoodStone リード アルトサックス用 2 1/2,Woodstone,WoodStone,楽器・音響機器 > 管・吹奏楽器 > 管・吹奏楽器アクセサリ,908,3,,,3400,はい,2026-02-23以降,1703,1993,標準(小型),182,中小候補,GO,GO,GO,,,https://www.amazon.co.jp/dp/B01EC7GY1K,
A,B01967SOY6,クリアストーン(Clearstone) カツランド コスプレ ハロウィン カツラ お殿様 ユニセックス ブラック,クリアストーン(Clearstone),クリアストーン(Clearstone),ホビー > コスプレ・仮装 > 小物,2642,2,,,1639,はい,2026-02-23以降,508,317,標準1,282,中小候補,GO,GO,GO,,,https://www.amazon.co.jp/dp/B01967SOY6,
A,B0FK9KKKLJ,枕 首が痛くならない【ジェル・低反発】 まくら 冷感枕 ひんやり 安眠 快眠枕 体圧分散 肩こり対策 人間工学設計 通気性 洗えるカバー付き,AooDen,AooDen,ホーム＆キッチン > 寝具 > 枕・抱き枕,41029,2,,,2999,はい,2026-02-23以降,1667,1833,大型,282,中小候補,GO,GO,見送り,FBA大型サイズ,,https://www.amazon.co.jp/dp/B0FK9KKKLJ,
A,B0FR3N2QZB,Mozan Switch 2 収納ケース 2層構造 大容量 まるごと収納 オールインボックス スイッチ2 キャリーケース 耐衝撃 防水 持ち運び便利,Mozan,Mozan,ゲーム > 機種別 > Nintendo Switch 2,1806,2,,,3980,はい,2026-02-23以降,1786,1989,標準1,282,中小候補,GO,GO,GO,,,https://www.amazon.co.jp/dp/B0FR3N2QZB,
A,B0BVLC7FQF,carpika.net (カーピカネット) 水切りワイパー しなやか ミディアムブレード 特殊シリコン 洗車用スクイージー 便利グッズ 洗車拭き取り,carpika.net (カーピカネット),,車＆バイク > 洗車・お手入れ用品 > エクステリアケア,1922,2,,,3840,はい,2026-02-23以降,1824,2038,標準1,282,中小候補,GO,GO,GO,,,https://www.amazon.co.jp/dp/B0BVLC7FQF,
A,B0FD9FPM2X,Rozally 【保育士が監修】 ベビーカーステップ バギー サドル付き 座れる ふたり乗り 二人乗りボード ブラック (新モデル),Rozally,Rozally,ベビー＆マタニティ > ベビーカー > ベビーカーパーツ・アダプター,330,2,,,3990,はい,2026-02-23以降,2203,2469,標準2,332,中小候補,GO,GO,GO,,,https://www.amazon.co.jp/dp/B0FD9FPM2X,
A,B09X6RRZKF,エレコム 洗える ワイヤレスキーボード Bluetooth 防水 IPX5対応 メンブレン フルサイズ テンキー付 抗菌 ホワイト TK-WS03BMKWH,エレコム(ELECOM),エレコム(ELECOM),パソコン・周辺機器 > キーボード・マウス・入力機器 > パソコン用キーボード,13915,5,,,6398,はい,2026-02-23以降,2760,3589,大型,282,大手/海外疑い,GO,GO,見送り,FBA大型サイズ,,https://www.amazon.co.jp/dp/B09X6RRZKF,
A,B0CY1FJMD1,Venkuri アコースティックギター 17点セット 初心者入門セット 練習ギター ソフトケース付き アコギ guitar ブラック,Venkuri,Venkuri,楽器・音響機器 > ギター > アコースティックギターセット,1160,3,,,6999,はい,2026-02-23以降,4039,4935,大型,282,中小候補,GO,GO,見送り,FBA大型サイズ,,https://www.amazon.co.jp/dp/B0CY1FJMD1,
A,B0C65R98VS,飛び衛門（TOBIEMON） ゴルフボール DISTANCE 3ダース(36個入り) 23TBMPB WH3DZ（ホワイト/ＦＦ/Men's）,TOBIEMON,飛び衛門,スポーツ＆アウトドア > ゴルフ > ゴルフボール,3330,2,,,2980,はい,2026-02-23以降,1104,1032,標準2,332,中小候補,GO,GO,GO,,,https://www.amazon.co.jp/dp/B0C65R98VS,
A,B0G2GN7H72,DodoxDIY 適用新型アルファード40系 ヴェルファイア 40系 アクセサリー センターコンソールエアコンノブカバー カスタムパーツ 専用内装グッズ ガラス,DodoxDIY,DodoxDIY,車＆バイク > カーパーツ > 内装パーツ,9992,2,,,3999,はい,2026-02-23以降,2391,2893,標準(小型),182,中小候補,GO,GO,GO,,,https://www.amazon.co.jp/dp/B0G2GN7H72,
A,B0G61BX9T3,b.box(ビーボックス) ストローマグ シッピーカップ 【b.box正規品】PPSUモデル セージ,b.box(ビーボックス),b.box(ビーボックス),ベビー＆マタニティ > 授乳・食事 > ベビー食器,2124,2,,,3300,いいえ,繰越(境界後の記録なし),1963,2333,標準(小型),182,中小候補,GO,GO,GO,,,https://www.amazon.co.jp/dp/B0G61BX9T3,
A,B0FWDZ87RP,てれびくん１２月号増刊「仮面ライダーゼッツ」,小学館,小学館,本 > ジャンル別 > 雑誌,236146,2,,,2780,はい,2026-02-23以降,1005,967,標準1,282,中小候補,GO,GO,GO,,,https://www.amazon.co.jp/dp/B0FWDZ87RP,
A,B0FVKQWNNJ,ペット用バリカン 犬用 猫用 静音 低振動 充電式 1800mAh コードレス IPX7防水 2種類刃付き 5段階刈り高さ 2段階速度調整 4種コーム,ZAKUSA,ZAKUSA,ペット用品 > 犬 > お手入れ用品,2466,2,,,2399,はい,2026-02-23以降,1220,1249,標準1,282,中小候補,GO,GO,GO,,,https://www.amazon.co.jp/dp/B0FVKQWNNJ,
A,B00XIXYUGG,あミューズ 65mm 空カプセル ガチャガチャ カプセルトイ自販機用 カプセル 日本製 4色アソート(赤青黄緑) 50個入,あミューズ,あミューズ,おもちゃ > おもちゃ雑貨・手品 > カプセル玩具,2030,3,,,2850,はい,2026-02-23以降,1119,1116,標準1,282,中小候補,GO,GO,GO,,,https://www.amazon.co.jp/dp/B00XIXYUGG,
A,B005O65Q3Q,イナズマイレブンGO ダーク (特典なし) - 3DS,レベルファイブ,レベルファイブ,ゲーム > 機種別 > レガシーシステム,6405,5,,,4736,はい,2026-02-23以降,1186,1318,標準(小型),182,中小候補,GO,GO,GO,,,https://www.amazon.co.jp/dp/B005O65Q3Q,
A,B0DCZJLTJP,GIMUYA トヨタ 新型 ヴェルファイア 40系 30系 カーテシランプ LED カーテシライト レーザーロゴ付き Vellfire AAHH4#/TAHA4,GIMUYA,,車＆バイク > カーパーツ > 電子パーツ,2274,2,,,1912,はい,2026-02-23以降,1048,1137,標準(小型),182,中小候補,GO,GO,GO,,,https://www.amazon.co.jp/dp/B0DCZJLTJP,
A,B0CZSMQMSR,カブ 50 対応 Fi用 マフラー カスタムパーツ 交換 社外品 スーパーカブ リトルカブ フルエキゾーストマフラー,BRAKE,BRAKE,車＆バイク > バイクパーツ > バイクマフラー,5666,2,,,7680,はい,2026-02-23以降,4210,5159,大型,282,中小候補,GO,GO,見送り,FBA大型サイズ,,https://www.amazon.co.jp/dp/B0CZSMQMSR,
A,4911086157,2026J1&J2&J3百年構想リーグ選手名鑑 (NSK MOOK),日本スポーツ企画出版社,日本スポーツ企画出版社,本 > ジャンル別 > 雑誌,54346,5,☆★林檎書房★☆ / ☆ To You ☆ / 綿雨書店※[最も早いお届け日]はお急ぎ便で注文の場合です※ / ブックマーケティング(ご注文確定前に表示の到着予定日をご確認下さい、ご注文後のキャンセルご遠慮下さい,,1780,はい,2026-02-23以降,554,377,標準1,282,中小候補,GO,GO,GO,,,https://www.amazon.co.jp/dp/4911086157,
A,4777229769,"2026大学入学共通テスト過去問レビュー 地理総合,地理探究 (河合塾SERIES)",河合出版,河合出版,本 > ジャンル別 > 歴史・地理,109621,2,,,2538,はい,2026-02-23以降,647,499,標準1,282,中小候補,GO,GO,GO,,,https://www.amazon.co.jp/dp/4777229769,
A,B0BZC3L8QY,【ながら洗車】バケットドリー 単品「バケツ、動きます。」Snow Bucket 用 洗車バケツ どこでも洗車 キレイを維持,ながら洗車,ながら洗車,車＆バイク > 洗車・お手入れ用品 > 洗車用品セット,22264,2,,,5850,はい,2026-02-23以降,3090,3629,標準2,332,中小候補,GO,GO,GO,,,https://www.amazon.co.jp/dp/B0BZC3L8QY,
A,B0DCFTYKSZ,Refoiner 犬 水飲み器 給水器 猫 水飲み器ペット自動給水器 犬 給水ボトル 犬のみずのみ器こぼれない ゲージ用犬用水入れ・ウォーターボトルプラスチック,Refoiner,Refoiner,ペット用品 > 犬 > 餌やり・水やり用品,8140,2,,,1649,はい,2026-02-23以降,725,601,標準1,282,中小候補,GO,GO,GO,,,https://www.amazon.co.jp/dp/B0DCFTYKSZ,
A,B0CQ29PTLH,BUNDOK(バンドック)魚網 三角型 160-36 BD-609 アミ ガード付 ガサガサ向き 伸縮 水生生物 採集,BUNDOK(バンドック),カワセ(KAWASE),ペット用品 > 水生ペット > 水槽のアクセサリ,7648,2,,,2480,はい,2026-02-23以降,1200,1222,大型,282,中小候補,GO,GO,見送り,FBA大型サイズ,,https://www.amazon.co.jp/dp/B0CQ29PTLH,
A,B06XCC3Q66,ジャングル WinTurbo NX 2,ジャングル,ジャングル,PCソフト > ジャンル別 > ユーティリティ,2217,3,,,6208,はい,2026-02-23以降,1868,2209,標準(小型),182,中小候補,GO,GO,GO,,,https://www.amazon.co.jp/dp/B06XCC3Q66,
A,B01FSE5MIW,Iseebiz AV切替器 スプリッタ コンポジット スイッチャー 双方向 8入力1出力/1入力8出力 機械式 電源不要,Iseebiz,Iseebiz,家電＆カメラ > オーディオ > ホームオーディオアクセサリ,4763,2,,,2999,はい,2026-02-23以降,1374,1629,標準1,282,中小候補,GO,GO,GO,,,https://www.amazon.co.jp/dp/B01FSE5MIW,
A,B08NT9R1BD,ホルツ 純正塗料スプレー カーペイント トヨタ車用 218 アティチュードブラックマイカ 300ml Holts MH12136,Holts(ホルツ),Holts(ホルツ),車＆バイク > ペイント・防錆 > ペイント,32701,3,,,2374,はい,2026-02-23以降,336,93,標準1,282,中小候補,GO,GO,GO,,,https://www.amazon.co.jp/dp/B08NT9R1BD,
A,B08KG324BY,artgear アクリル画・水彩画用 アルミ水彩パレット (26穴),artgear,artgear,ホビー > 手芸・画材 > 描画・絵画,4178,2,,,2200,はい,2026-02-23以降,1119,1116,標準1,282,中小候補,GO,GO,GO,,,https://www.amazon.co.jp/dp/B08KG324BY,
A,B01MRL9AV6,KAWASAKI (カワサキ) Vent Vert(ヴァン・ヴェール)・冴強 4サイクルエンジンオイル 【 容量:1L缶】 SAE:10W-50 100%化学合,カワサキ(Kawasaki),カワサキ,車＆バイク > オイル・フルード > オイル,3740,2,,,3400,はい,2026-02-23以降,1325,1321,標準2,332,中小候補,GO,GO,GO,,,https://www.amazon.co.jp/dp/B01MRL9AV6,
A,4766873599,財務3級 問題解説集 2025年6月受験用,経済法令研究会,経済法令研究会,本 > ジャンル別 > ノンフィクション,266589,5,,,3980,いいえ,繰越(境界後の記録なし),2305,2667,標準1,282,中小候補,GO,GO,GO,,,https://www.amazon.co.jp/dp/4766873599,
A,B0FCFBRG61,【日本文具大賞2026 機能部門優秀賞受賞】 カール事務器 リフィルメーカー3.5 パンチ RM-6535 穴径3.5mm 5穴/6穴対応 M5/M6対応 シス,カール事務器(CARL),カール事務器(CARL),文房具・オフィス用品 > 手帳・カレンダー > システム手帳用リフィル,7796,6,,,4800,はい,2026-02-23以降,2832,3356,標準1,282,中小候補,NG,GO,見送り,回転不足(消化月数>3),,https://www.amazon.co.jp/dp/B0FCFBRG61,
A,B0DNT3N6XD,[モンベル] バック メンズ レディース ショルダーバッグ ナイロン ポケッタブルライトショルダーS 1123969 (ブラック(BK)),Mont-bell(モンベル),,ファッション > メンズ > バッグ・財布,12838,2,,,7979,はい,2026-02-23以降,3813,4639,標準1,282,中小候補,GO,GO,GO,,,https://www.amazon.co.jp/dp/B0DNT3N6XD,
A,B0D78HY79C,ボディバッグ ショルダーバッグ 斜めがけ 大容量 軽量 撥水 丈夫 耐久 ワンショルダー アウトドア 登山 スポーツ メンズ 通勤 旅行 サイクリング (ブラッ,GISELLE(ジゼル),レアリーク株式会社,ファッション > メンズ > バッグ・財布,10047,2,,,1780,はい,2026-02-23以降,810,712,標準1,282,中小候補,GO,GO,GO,,,https://www.amazon.co.jp/dp/B0D78HY79C,
A,4798640573,シノビマスター 閃乱カグラ NEW LINK　ILLUSTRATIONS BOOK【TOP】,ホビージャパン(HobbyJAPAN),ホビージャパン,本 > ジャンル別 > 趣味・実用,91139,6,,,6160,はい,2026-02-23以降,3135,3688,標準2,332,中小候補,NG,GO,見送り,回転不足(消化月数>3),,https://www.amazon.co.jp/dp/4798640573,
A,B0FB3VYK99,"防水フィルムロール, ィルムドレッシングテープ, タトゥーアフターケア包帯ロール, 透明フィルム接着剤 創傷用粘着, 1卷 (20cm×10m)",AQUASHIELDING,AQUASHIELDING,産業・研究開発用品 > 業務用医療用品 > 創傷ケア・包帯,4794,2,,,2299,はい,2026-02-23以降,940,882,標準1,282,中小候補,GO,GO,GO,,,https://www.amazon.co.jp/dp/B0FB3VYK99,
A,B0F4WRSYT6,[ahomeone]ベビー体重計 赤ちゃん用 高精度 0.1kg～20kg測定 薄型軽量 多単位変換(kg/lb/oz) 大画面LCD 10g単位,ahomeone,ahomeone,ベビー＆マタニティ > ベビーケア・バス > 身長計・ベビースケール,2211,2,,,5153,はい,2026-02-23以降,1962,2219,大型,282,中小候補,GO,GO,見送り,FBA大型サイズ,,https://www.amazon.co.jp/dp/B0F4WRSYT6,
A,B09VWY5TFB,レクサス カーテシランプ ロゴ ドアウェルカムライト カーテシライト LEDロゴ投影 対応LS ES IS LX RX GS UX NXシリーズ 車用ドアランプ,uuakarin,uuakarin,車＆バイク > カーパーツ > 電子パーツ,12427,2,,,2599,はい,2026-02-23以降,1490,1715,標準(小型),182,中小候補,GO,GO,GO,,,https://www.amazon.co.jp/dp/B09VWY5TFB,
A,B0827ZQS7C,僕のヒーローアカデミア One's Justice2 -Switch,Bandai Namco,バンダイナムコエンターテインメント,ゲーム > 機種別 > Nintendo Switch,4194,5,Enter Trade1 / THE good one / クイックプラス / HKSN 良品販売（現在当店管理者を語る詐欺サイトsmileがあり、当店とは一切関係がありません。） / BC IMPORT STORE,,6122,はい,2026-02-23以降,2938,3608,標準(小型),182,大手/海外疑い,GO,GO,GO,,,https://www.amazon.co.jp/dp/B0827ZQS7C,
A,B0D96BT1LM,【大切な愛犬に大自然のごちそう】 サミット ドッグフード レンジロティサリー 2.27kg 成犬 シニア 全犬種 チキン+ターキーレシピ 小粒～中粒,Petcurean Summit,Petcurean Pet Foods Ltd.,ペット用品 > 犬 > ドッグフード,10486,2,,,4290,はい,2026-02-23以降,1341,1341,標準2,332,中小候補,GO,GO,GO,,,https://www.amazon.co.jp/dp/B0D96BT1LM,
A,B0DXF9NT1W,GRAPHT マイクアーム ロープロファイル 日本メーカー MICROPHONE ARM 【ブラック】黒 耐荷重 2kg 360度回転 角度調節可能 3/8 5,GRAPHT (グラフト),GRAPHT (グラフト),楽器・音響機器 > マイク > マイクアクセサリ,778,4,,,6980,はい,2026-02-23以降,2813,3267,標準2,332,中小候補,GO,GO,GO,,,https://www.amazon.co.jp/dp/B0DXF9NT1W,
A,B073J6W1M1,アイリスオーヤマ 手造り焼きささみ 400g TYS-400P,アイリスオーヤマ(IRIS OHYAMA),アイリスオーヤマ,ペット用品 > 犬 > ドッグフード,8987,3,,,1660,はい,2026-02-23以降,373,141,標準1,282,大手/海外疑い,GO,GO,GO,,,https://www.amazon.co.jp/dp/B073J6W1M1,
A,B0GJ7XYT1T,VOCE SPECIAL (2026年04月号),講談社,講談社,本 > ジャンル別 > 雑誌,153282,4,,,1580,はい,2026-02-23以降,253,-81,標準2,332,中小候補,GO,GO,GO,,,https://www.amazon.co.jp/dp/B0GJ7XYT1T,
A,B0D9YLNY7N,BUCATSTATEバードバス インコ 水浴び 鳥 水浴び 大きいサイズ 外掛式バードバス 水浴び 砂浴び エサ入れ 巣箱 簡単な取り付け YS,BUCATSTATE,BUCATSTATE,ペット用品 > 鳥 > 鳥かごアクセサリ,6699,2,,,2356,はい,2026-02-23以降,1249,1286,標準1,282,中小候補,GO,GO,GO,,,https://www.amazon.co.jp/dp/B0D9YLNY7N,
A,B0756YYYPK,銀のスプーン キャットフード ドライ 贅沢うまみ仕立て シニア 10歳頃から まぐろ・かつお・煮干し・白身魚・しらす入り 1.3kg 国産 ユニチャーム,銀のスプーン,ユニチャーム,ペット用品 > 猫 > キャットフード,3857,3,,,1762,はい,2026-02-23以降,308,-8,標準2,332,中小候補,GO,GO,GO,,,https://www.amazon.co.jp/dp/B0756YYYPK,
A,4058025050,わんだふるぷりきゅあ! オフィシャルコンプリートブック (Gakken Mook),,イード,本 > ジャンル別 > 趣味・実用,215018,4,,,4367,はい,2026-02-23以降,852,767,標準1,282,中小候補,GO,GO,GO,,,https://www.amazon.co.jp/dp/4058025050,
A,B0GMWKSF9W,【貼るだけ簡単×リモコンで8色演出】 ledテープライト 車 足元 usb シガーソケット 長さ32cm 調光 調色 リモコン付き 車内ライト WAYetTO ,WAYetTO,WAYetTO,車＆バイク > カーアクセサリ > ライト・アクセサリ,4416,2,,,1600,はい,2026-02-23以降,503,310,標準1,282,中小候補,GO,GO,GO,,,https://www.amazon.co.jp/dp/B0GMWKSF9W,
A,B0D452B7SQ,[Haomaomao] メンズ 靴下 くるぶし ソックス 10足セット かかと立体編み 浅履き 靴下 クッション ショート カラフル アウトドア アンクル スニ,Haomaomao,,ファッション > メンズ > 服＆ファッション小物,5615,2,Haomaomao,メーカー直販,2080,はい,2026-02-23以降,788,683,標準1,282,中小候補,GO,GO,見送り,相乗り出品が基準未満（卸している証拠なし）,,https://www.amazon.co.jp/dp/B0D452B7SQ,
A,B0FBH1X79T,Ayoii iPad(A16) 第11世代/第10世代専用 防水ケース、11/10.9インチ IP68完全防水 防塵 耐衝撃 全面保護カバー,Ayoii,Ayoii,パソコン・周辺機器 > PCアクセサリ・サプライ > タブレットアクセサリ,8424,2,,,6199,はい,2026-02-23以降,3227,4251,標準1,282,中小候補,GO,GO,GO,,,https://www.amazon.co.jp/dp/B0FBH1X79T,
A,B0DPLCBV3W,エリア88モデリングミッション 2025年 01 月号 [雑誌]: 艦船模型スペシャル 別冊,モデルアート社,モデルアート社,本 > ジャンル別 > 雑誌,128679,4,,,3960,はい,2026-02-23以降,2266,2616,標準1,282,中小候補,GO,GO,GO,,,https://www.amazon.co.jp/dp/B0DPLCBV3W,
A,B0F2DZBRGG,アネックス(ANEX) パーツケース タフケース ブルートレー付 190×135×63mm ATC-L1,アネックスツール(Anex),アネックスツール(Anex),DIY・工具・ガーデン > 作業工具 > 工具箱・収納ケース,9682,4,,,1800,はい,2026-02-23以降,420,202,標準1,282,中小候補,GO,GO,GO,,,https://www.amazon.co.jp/dp/B0F2DZBRGG,
A,4821073544,太田ステージによる自閉症療育の宝石箱,,日本文化科学社,本 > ジャンル別 > 医学・薬学・看護学・歯科学,149223,3,,,3600,はい,2026-02-23以降,1820,2146,標準(小型),182,中小候補,GO,GO,GO,,,https://www.amazon.co.jp/dp/4821073544,
A,B0FR46Q9N5,Sonlau ワイヤレス Bluetooth イヤホン 耳かけ型 [ワイヤレス オープンイヤホン 耳かけ型 快適な装着感 IPX5防水 マイク内蔵] 最新 Bl,Sonlau,Sonlau,家電＆カメラ > イヤホン・ヘッドホン > イヤホン・ヘッドホン本体,8268,2,,,1805,はい,2026-02-23以降,468,448,標準(小型),182,中小候補,GO,GO,GO,,,https://www.amazon.co.jp/dp/B0FR46Q9N5,
A,4274233596,6ヵ年全問題収録 浄化槽管理士試験完全解答(改訂9版),オーム社,オーム社,本 > ジャンル別 > アート・建築・デザイン,144502,5,,,4588,はい,2026-02-23以降,1798,2004,標準1,282,中小候補,GO,GO,GO,,,https://www.amazon.co.jp/dp/4274233596,
A,4300114560,わかって合格(うか)る 1級建築施工管理技士 一次検定8年過去問題集 2025年度版 [一次検定(学科試験)本試験 8年分まるごと収録](TAC出版) (わかっ,TAC出版,TAC出版,本 > ジャンル別 > アート・建築・デザイン,208192,5,,,4470,はい,2026-02-23以降,2365,2681,標準2,332,中小候補,GO,GO,GO,,,https://www.amazon.co.jp/dp/4300114560,
A,B0F542YR3S,投げ込みヒーター【2026年】 浴槽用給湯器 2000W温度調整 タイマー機能 空焚き防止 安全設計 急速加熱 ステンレス製 ポータブル 省エネ,ahomeone,ahomeone,産業・研究開発用品 > 研究開発用品 > 研究用機器・計測機器,4989,2,,,4476,はい,2026-02-23以降,1783,1984,標準1,282,中小候補,GO,GO,GO,,,https://www.amazon.co.jp/dp/B0F542YR3S,
A,B0DJ29SMZ5,aurochs 充電式 リューター ミニルーター プラモデル 工具 3段変速 照明付き TYPE-C 小型 コードレス 電動 （ディープシルバー）,aurochs,aurochs,DIY・工具・ガーデン > 電動工具・エア工具 > ロータリーツール,22964,3,,,2952,はい,2026-02-23以降,1717,2011,標準(小型),182,中小候補,GO,GO,GO,,,https://www.amazon.co.jp/dp/B0DJ29SMZ5,
A,B07FRZ51T6,昌栄 玉網 川虫網28cm ステンカバ- 木の柄 30cm No.232 白レース,昌栄(SIYOUEI),昌栄,スポーツ＆アウトドア > 釣り > 工具,6442,4,,,1900,はい,2026-02-23以降,373,140,大型,282,中小候補,GO,GO,見送り,FBA大型サイズ,,https://www.amazon.co.jp/dp/B07FRZ51T6,
A,477722953X,2026 共通テスト総合問題集 数学I・数学A (河合塾SERIES),河合出版,河合出版,本 > ジャンル別 > 科学・テクノロジー,42552,5,,,3700,はい,2026-02-23以降,709,580,標準1,282,中小候補,GO,GO,GO,,,https://www.amazon.co.jp/dp/477722953X,
A,B0DW4LDD5P,(20枚入り)SGcreation[EMS交換ジェルパッド ジェルシート]互換性 互換品替えパッド 非純正 筋肉運動補助器具,SG creation,ＳＧ株式会社,スポーツ＆アウトドア > フィットネス・トレーニング > 筋力トレーニング,6643,2,,,1980,はい,2026-02-23以降,975,1041,標準(小型),182,中小候補,GO,GO,GO,,,https://www.amazon.co.jp/dp/B0DW4LDD5P,
A,B0GK5XDHQ6,美的4月号,小学館,小学館,本 > ジャンル別 > 雑誌,143572,2,,,1900,はい,2026-02-23以降,337,29,標準2,332,中小候補,GO,GO,GO,,,https://www.amazon.co.jp/dp/B0GK5XDHQ6,
A,B0F3D4BY2L,STRICH ギターハンガー フック 壁掛け 自動ロック ネジ付き ギター ベース ウクレレなどに適用 (2点セット),STRICH,STRICH,楽器・音響機器 > ギター > ギターアクセサリ,785,2,,,2412,はい,2026-02-23以降,1198,1220,標準1,282,中小候補,GO,GO,GO,,,https://www.amazon.co.jp/dp/B0F3D4BY2L,
A,B0C22TMRJ1,靴 くつ乾燥機 靴乾燥機 脱臭 除菌 オゾン除菌機能 シューズ乾燥機 角度 タイマー機能付き シューズドライヤーブーツ スニーカー 革靴 長靴 靴下 グローブな,Ｍｉｎｕｔｅ　Ｎａｉｌ,XINMEISHANG,ホーム＆キッチン > 家電 > 生活家電,8563,2,,,2830,はい,2026-02-23以降,1539,1665,標準1,282,中小候補,GO,GO,GO,,,https://www.amazon.co.jp/dp/B0C22TMRJ1,
A,B0C2CKCLZZ,噴水マットプール 【XL・２２０ｃｍ】 ペット用 プール 噴水マット 高耐久 犬 折りたたみ プール 持ち運び 簡易 夏 水遊び 小型犬 中型犬 大型犬 (XL,T.S.H,T.S.H,おもちゃ > アクション・スポーツトイ > プール・水遊び,8227,2,,,4880,はい,2026-02-23以降,2422,2755,標準2,332,中小候補,GO,GO,GO,,,https://www.amazon.co.jp/dp/B0C2CKCLZZ,
A,B0DCZK5P1C,GIMUYA トヨタ 新型 アルファード 40系 30系 カーテシランプ LED カーテシライト レーザーロゴ付き Alphard AAHH4#/AGH4# ド,GIMUYA,,車＆バイク > カーパーツ > 電子パーツ,1988,2,,,1912,はい,2026-02-23以降,1048,1137,標準(小型),182,中小候補,GO,GO,GO,,,https://www.amazon.co.jp/dp/B0DCZK5P1C,
A,B0CW46DM14,Star Wars Doorables ワイドスクリーンモーメント - スターウォーズ:マンダロリアン、コレクターフィギュア、イースターバスケットフィラー、ギフ,Just Play,Just Play,おもちゃ > 子ども向けフィギュア > 人物,20778,6,,,4374,はい,2026-02-23以降,2053,2451,標準(小型),182,中小候補,NG,GO,見送り,回転不足(消化月数>3),,https://www.amazon.co.jp/dp/B0CW46DM14,
A,B09W9C92BX,MEKOMEKO 適合 新型 カローラクロス 専用 パワーウィンドウ スイッチ カバー ドア ウィンドウ ボタン ドアスイッチパネル インテリアパネル 内装 パ,MEKOMEKO,MEKOMEKO,車＆バイク > カーパーツ > 内装パーツ,23251,2,,,5298,はい,2026-02-23以降,2472,2886,標準1,282,中小候補,GO,GO,GO,,,https://www.amazon.co.jp/dp/B09W9C92BX,
A,B01MG1YM1L,pure ピュア レギュラー チャコール 手巻きタバコ用フィルター120個入り (１０個セット),Pure(ピュア),pure,ファッション > メンズ > バッグ・財布,6664,2,,,3200,はい,2026-02-23以降,1733,1919,標準1,282,中小候補,GO,GO,GO,,,https://www.amazon.co.jp/dp/B01MG1YM1L,
A,B0GFYW9KLH,間接照明 おしゃれ コードレス Yokatta テーブルランプ 8000mAh 3色切替・無段階調光・光色輝度メモリー機能・充電式・タッチ制御 卓上 インテリア,Yokatta,Yokatta,ホーム＆キッチン > 家電 > 照明,9990,2,,,2999,はい,2026-02-23以降,1390,1471,標準1,282,中小候補,GO,GO,GO,,,https://www.amazon.co.jp/dp/B0GFYW9KLH,
A,B08H18SP4M,無印良品 ステンレスボール シルバー 約直径22×高さ9.5cm MCC16A9S,無印良品,無印良品,ホーム＆キッチン > キッチン用品 > 調理・製菓道具,4460,3,nomenclator / Leayuu Online / AKATUKI　store,,1990,はい,2026-02-23以降,232,-44,標準1,282,中小候補,GO,GO,GO,,,https://www.amazon.co.jp/dp/B08H18SP4M,
A,B09JFJRZSY,ゴルフプライド MCC TEAMS PLUS4 MID チームズ プラス4 ミッドサイズ グリップ ウッド・アイアン・クラブ用 カラー：ブラック/ゴールド,ゴルフプライド(Golf Pride),ゴルフプライド(GOLFPRIDE),スポーツ＆アウトドア > ゴルフ > ゴルフクラブ用パーツ,11435,5,,,2100,はい,2026-02-23以降,933,873,標準1,282,中小候補,GO,GO,GO,,,https://www.amazon.co.jp/dp/B09JFJRZSY,
A,B0BB1ZL99D,カースロープ ハイリフト タイヤスロープ 7t高耐荷重 車 メンテナンス 整備用 ジャッキ補助 オイル交換 油圧ジャッキ代替 SUV/ジープ/バン/トラック対応,MOTOSTAR,MOTOSTAR,車＆バイク > 自動車整備工具 > タイヤ・ホイール用ツール,13264,2,,,7955,はい,2026-02-23以降,4325,5308,大型,282,中小候補,GO,GO,見送り,FBA大型サイズ,,https://www.amazon.co.jp/dp/B0BB1ZL99D,
A,B09TGMFJZQ,タルテックス TULTEX アイスベスト(アイスパック4個付) AZ-865948 熱中症対策 アイトス S 10ブラック,AITOZ(アイトス),AITOZ(アイトス),スポーツ＆アウトドア > スポーツケア・アクセサリ・競技備品 > スポーツケア用品,1702,6,,,2930,はい,2026-02-23以降,1622,1774,標準1,282,中小候補,NG,GO,見送り,回転不足(消化月数>3),,https://www.amazon.co.jp/dp/B09TGMFJZQ,
A,B09N93RBZM,【屋外対応】 タイヤカバー 4本セット 防水 高耐久性 防紫外線 防塵 持ち手付 固定紐付 簡単装着 水洗い可 各車種対応 収納袋付き 屋外 屋内 タイヤ保管 ,SUNGRAN,SUNGRAN,車＆バイク > カータイヤ・ホイール > パーツ・アクセサリ,7822,2,,,3080,はい,2026-02-23以降,1528,1652,標準1,282,中小候補,GO,GO,GO,,,https://www.amazon.co.jp/dp/B09N93RBZM,
A,B0CV9R6631,ダンロップゴルフボール SRIXON X MAX 2024年モデル 1ダース(12個入り) パッションイエローホワイト,DUNLOP,ダンロップ(DUNLOP),スポーツ＆アウトドア > ゴルフ > ゴルフボール,24066,3,,,6400,はい,2026-02-23以降,2034,2313,標準1,282,中小候補,GO,GO,GO,,,https://www.amazon.co.jp/dp/B0CV9R6631,
A,B01CG8690I,世界樹の迷宮V 長き神話の果て,アトラス,アトラス,ゲーム > 機種別 > レガシーシステム,4781,4,,,7391,はい,2026-02-23以降,3090,3806,標準(小型),182,中小候補,GO,GO,GO,,,https://www.amazon.co.jp/dp/B01CG8690I,
A,B0C814R2RP,ペットセレクト ペットゲート とおせんぼ (L) またぎやすい 高さ50cm 幅140～185cm 伸縮可能 突っ張りタイプ ソフトフェンス,ＰＥＴ　ＳＥＬＥＣＴ,日本育児（Pet Select by Nihonikuji）,ベビー＆マタニティ > セーフティー > ベビーゲート,3116,3,,,7980,はい,2026-02-23以降,4645,5727,不明,282,中小候補,GO,GO,GO,,,https://www.amazon.co.jp/dp/B0C814R2RP,
A,B0D8KV5CHS,[ミキハウス] テーブルウエアセット【ラッピング済】新モデル（2024年） ご出産祝い ベビー食器セット 日本製 離乳食 男の子 女の子 ベビー キッズ 赤ちゃ,MIKIHOUSE(ミキハウス),MiKiHOUSE,ベビー＆マタニティ > 授乳・食事 > ベビー食器,1664,2,,,5500,はい,2026-02-23以降,2899,3444,標準1,282,中小候補,GO,GO,GO,,,https://www.amazon.co.jp/dp/B0D8KV5CHS,
A,B0D6YD22H9,3030シリーズ アルミプロファイルコネクターセット 20個 コーナーブラケット 40個 M6x16mm Tスロットナット 40個 M6フラットワッシャ 40個,NUIBBYED,NUIBBYED,産業・研究開発用品 > 産業用金具・設備用金物 > ブラケット金具,6333,3,,,1899,はい,2026-02-23以降,811,714,標準1,282,中小候補,GO,GO,GO,,,https://www.amazon.co.jp/dp/B0D6YD22H9,
A,B0FYGBHY3Z,Bambu Lab PLA タフ+ フィラメント 1.75mm ±0.03mm RFID対応 1kg 再利用可能スプール付き ブラック,Bambu Lab,BAMBULAB,産業・研究開発用品 > 3Dプリンタ・スキャナ > 造形材料,6473,2,Bambu Japan / Amazon US,,4300,はい,2026-02-23以降,2043,2260,標準2,332,中小候補,GO,GO,GO,,,https://www.amazon.co.jp/dp/B0FYGBHY3Z,
A,B0D3QCJ6J8,[バンダイ(BANDAI)] わんだふるぷりきゅあ! Pretty Holic プリティアップコフレ,BANDAI,バンダイ(BANDAI),おもちゃ > ままごと・ごっこ遊び > キッズコスチュームアクセサリー,9434,6,,,4850,はい,2026-02-23以降,1443,1653,標準(小型),182,大手/海外疑い,NG,GO,見送り,回転不足(消化月数>3),,https://www.amazon.co.jp/dp/B0D3QCJ6J8,
A,B0FGWG8WYJ,Li-Po/ニッカド ラジコンバッテリー 80W バランス充電器 LCD表示画面付 ラジコン用 互換品 iMAX B6 (タミヤ用コネクター + アダプター),Synskyz,Synskyz,おもちゃ > ラジコンおもちゃ > パーツ・アクセサリ,9902,2,宇穂貿易【年中無休で対応】,,4480,はい,2026-02-23以降,2472,2885,標準1,282,中小候補,GO,GO,見送り,相乗り出品が基準未満（卸している証拠なし）,,https://www.amazon.co.jp/dp/B0FGWG8WYJ,
A,B0D93KLKHG,[ミーテ] mite マフラータオル 日本製 メンズ 綿100% ずり落ちない 汗拭き 日焼け対策 メンズ用するっとタオル2色組 (SL2010M2P-M22),ミーテ,東洋繊維興業,スポーツ＆アウトドア > 水泳・スイミング > スポーツタオル,7245,2,ミーテ（東洋繊維興業株式会社）,メーカー直販,1936,はい,2026-02-23以降,1013,1091,標準(小型),182,中小候補,GO,GO,見送り,相乗り出品が基準未満（卸している証拠なし）,,https://www.amazon.co.jp/dp/B0D93KLKHG,
A,B0DDQH1BFG,MON teriar アンパンマン オリジナル バルーンセット ライトピンク 女の子 誕生日 ピンク ナンバーバルーン 数字 年齢 風船 男の子 バルーン 誕生,MON teriar,MON teriar,おもちゃ > パーティーグッズ > 風船・バルーン,2308,2,,,2480,はい,2026-02-23以降,1313,1370,標準1,282,中小候補,GO,GO,GO,,,https://www.amazon.co.jp/dp/B0DDQH1BFG,
A,B086HHVNH3,レアルシルト・ディフュージョン拡散シート(REAL SCHILD DIFFUSION)ハーフサイズ(140mmx210mmx12mm) (ハーフサイズ 2枚入り,デッドニング・防音工房,イースコーポレーション,DIY・工具・ガーデン > 建築・住宅資材 > 防音・吸音材,9573,2,,,2405,はい,2026-02-23以降,1265,1307,標準1,282,中小候補,GO,GO,GO,,,https://www.amazon.co.jp/dp/B086HHVNH3,
A,B07YLRZDXB,妖怪ウォッチ4++ - PS4,レベルファイブ,レベルファイブ,ゲーム > 機種別 > プレイステーション4,4841,6,,,7000,はい,2026-02-23以降,4043,5053,標準(小型),182,中小候補,NG,GO,見送り,回転不足(消化月数>3),,https://www.amazon.co.jp/dp/B07YLRZDXB,
A,B0BJPWNLD7,デジモンワールド -next 0rder- INTERNATIONAL EDITION -Switch,Bandai Namco,バンダイナムコエンターテインメント,ゲーム > 機種別 > Nintendo Switch,9687,6,,,5000,はい,2026-02-23以降,2700,3296,標準(小型),182,大手/海外疑い,NG,GO,見送り,回転不足(消化月数>3),,https://www.amazon.co.jp/dp/B0BJPWNLD7,
A,B0GC7XR6HP,VOCE SPECIAL　2026年3月号　増刊,講談社,講談社,本 > ジャンル別 > 雑誌,161344,3,,,2338,はい,2026-02-23以降,407,185,標準1,282,中小候補,GO,GO,GO,,,https://www.amazon.co.jp/dp/B0GC7XR6HP,
A,B0CCDBCNHS,パンパース 【テープ Sサイズ】 オムツ さらさらケア (4~8kg) 62枚,パンパース,P&G,ベビー＆マタニティ > おむつ・トイレ > おむつ,2336,3,,,1863,はい,2026-02-23以降,604,378,標準2,332,中小候補,GO,GO,GO,,,https://www.amazon.co.jp/dp/B0CCDBCNHS,
A,B0GFDTBTZ1,YOIIYO 枕 首が痛くならない 枕カバー付き 低反発 まくら 安眠枕 頭・首・肩を支える 中空設計 Pillow 通気性 誕生日 ギフト,YOIIYO,YOIIYO,ホーム＆キッチン > 寝具 > 枕・抱き枕,6588,2,JeeGen / TangCAO,,2350,はい,2026-02-23以降,1195,1151,標準2,332,中小候補,GO,GO,GO,,,https://www.amazon.co.jp/dp/B0GFDTBTZ1,
A,B0CSJ5FZ1Z,Lifeinnotech Z会専用タブレット 第2世代 Z0IC1 フィルム ブルーライトカットフィルム 保護フィルム 反射低減,Lifeinnotech,Lifeinnotech,パソコン・周辺機器 > PCアクセサリ・サプライ > タブレットアクセサリ,12382,2,,,1790,はい,2026-02-23以降,706,683,標準1,282,中小候補,GO,GO,GO,,,https://www.amazon.co.jp/dp/B0CSJ5FZ1Z,
A,B0B62L6M1M,模型やジオラマの電飾に最適 ELEKIT (エレキット) USB電源でLEDを色々な パターンで点灯させるための基板 AP-182 (LED8パターン点灯 US,ELEKIT,株式会社イーケイジャパン,おもちゃ > ブロック > 収納・アクセサリ,7567,3,,,2295,はい,2026-02-23以降,1018,1097,標準(小型),182,中小候補,GO,GO,GO,,,https://www.amazon.co.jp/dp/B0B62L6M1M,
A,B0FJG125CM,Topcony ペットカメラ 見守りカメラ 400万画素 iPhone/Android対応 2.4Gと5GWiFi対応 Bluetoothペアリング,Topcony,Topcony,ベビー＆マタニティ > セーフティー > ベビーモニター,2503,2,,,2707,はい,2026-02-23以降,1477,1584,標準1,282,中小候補,GO,GO,GO,,,https://www.amazon.co.jp/dp/B0FJG125CM,
A,B0CV7BDK1L,DSPIAE MKM-01~08 水性アクリルマーカー8色セット - メタリックブラック、メタリックシルバー、メタリックレッド、メタリックブルー、メタリックグリ,DSPIAE,DSPIAE,文房具・オフィス用品 > 筆記具 > マーカー・蛍光ペン,4459,2,,,2790,はい,2026-02-23以降,1531,1655,標準1,282,中小候補,GO,GO,GO,,,https://www.amazon.co.jp/dp/B0CV7BDK1L,
A,B0D61J79ZY,ユグノー シャダンケープ+AIR ケープ 抱っこ紐 ベビーカー UVカット メッシュ ライトグレー,日本エイテックス株式会社,日本エイテックス株式会社,ベビー＆マタニティ > キャリア・アクセサリ > 抱っこひも・スリング小物,11210,3,,,4984,はい,2026-02-23以降,3057,3764,標準(小型),182,中小候補,GO,GO,GO,,,https://www.amazon.co.jp/dp/B0D61J79ZY,
A,B0CLXYTTXQ,"Cospys PSA 収納 ケース カード マグネット式 ストレージボックス 鑑定品を保管 (ブラック×レッド, PSA用)",Cospys,Cospys,ホビー > コレクションカード・アクセサリ > カードサプライ・アクセサリ,2485,2,,,2680,はい,2026-02-23以降,1460,1562,標準1,282,中小候補,GO,GO,GO,,,https://www.amazon.co.jp/dp/B0CLXYTTXQ,
A,B0F9T67TXR,ZcaeXau 踏み台 足場台 軽量 折りたたみ 伸縮式 洗車台 作業台,ZcaeXau,ZcaeXau,産業・研究開発用品 > 物流・保管用品 > はしご・脚立,3120,2,,,2999,はい,2026-02-23以降,1480,1523,標準2,332,中小候補,GO,GO,GO,,,https://www.amazon.co.jp/dp/B0F9T67TXR,
A,4777228096,"2025共通テスト総合問題集 数学I,数学A (河合塾SERIES)",河合出版,河合出版,本 > ジャンル別 > 科学・テクノロジー,145290,6,,,2870,はい,2026-02-23以降,1583,1723,標準1,282,中小候補,NG,GO,見送り,回転不足(消化月数>3),,https://www.amazon.co.jp/dp/4777228096,
A,B0FXGJPW8C,52TOYS BLINDBOX MINIONS(ミニオンズ) Bob+Tim Better Togatherシリーズ ビニールフェイスぬいぐるみ ブラインドボッ,52TOYS,52TOYS,ホビー > フィギュア・コレクタードール,1685,2,,,2350,はい,2026-02-23以降,1345,1525,標準(小型),182,中小候補,GO,GO,GO,,,https://www.amazon.co.jp/dp/B0FXGJPW8C,
A,B0G2LY3YKR,【2枚セット】RebotAi D101Pro専用ガラスフィルム 強化ガラス【 RebotAi公式ガラスフィルム】10.1インチ 保護フィルム 9H硬度 高透過率,RebotAi,Rebotai,パソコン・周辺機器 > PCアクセサリ・サプライ > タブレットアクセサリ,14254,2,,,1888,はい,2026-02-23以降,822,847,標準1,282,中小候補,GO,GO,GO,,,https://www.amazon.co.jp/dp/B0G2LY3YKR,
A,4911687002,1級造園施工管理技士第一次検定 テキスト&過去問題集,日本建設情報センター,日本建設情報センター,本 > ジャンル別 > 科学・テクノロジー,88003,3,,,4270,はい,2026-02-23以降,1648,1808,標準1,282,中小候補,GO,GO,GO,,,https://www.amazon.co.jp/dp/4911687002,
A,B0CSJRKH42,洗濯機シャーシターンテーブルパルセーター直径 37.5 センチメートル × 高さ 4.5 センチメートル全自動洗濯機インペラアクセサリー,ruslace,ruslace,大型家電 > 洗濯機・乾燥機 > 洗濯機交換部品・アクセサリ,820,2,,,3134,はい,2026-02-23以降,1522,1837,大型,282,中小候補,GO,GO,見送り,FBA大型サイズ,,https://www.amazon.co.jp/dp/B0CSJRKH42,
A,B001UMZVL0,大黒工業 『業務用』 キッチンペーパー 大 80枚 2ロール,大黒工業(Daikoku Kogyo),大黒工業(Daikoku Kogyo),ホーム＆キッチン > 食器・グラス・カトラリー > 使い捨て食器,4240,2,,,1784,はい,2026-02-23以降,877,800,標準1,282,中小候補,GO,GO,GO,,,https://www.amazon.co.jp/dp/B001UMZVL0,
A,B0G11YCFV2,iFace BeBling 2 MagSynq Grip Holder MagSafe対応 スマホグリップ (クリア),iface,Hamee(ハミィ),家電＆カメラ > 携帯電話・スマートフォン > 携帯電話・スマートフォンアクセサリ,6284,3,,,3500,はい,2026-02-23以降,1963,2564,標準(小型),182,中小候補,GO,GO,GO,,,https://www.amazon.co.jp/dp/B0G11YCFV2,
A,B0DCZ939YX,BQEYZ LIN Type C 3.5 mm 4.4mm オーディオアダプタ ヘッドホンジャックアダプター HiFi 32bit 384KHz CX31993,BQEYZ,BQEYZ,家電＆カメラ > イヤホン・ヘッドホン > イヤホン・ヘッドホンアダプター,7597,2,,,2599,はい,2026-02-23以降,1338,1679,標準(小型),182,中小候補,GO,GO,GO,,,https://www.amazon.co.jp/dp/B0DCZ939YX,
A,B0BTY927CB,[あめてまり] たとう紙 10枚 83cm 大サイズ 日本製 金菊柄 薄紙付 [中紙あり] お徳用 高級 雲龍和紙 贈答 金駒 きもの文庫 窓付き 保存用 10,あめてまり,,ファッション > レディース > 服＆ファッション小物,4437,2,,,2450,はい,2026-02-23以降,1278,1324,標準1,282,中小候補,GO,GO,GO,,,https://www.amazon.co.jp/dp/B0BTY927CB,
A,B07DWXZXCR,LIQUITEX リキテックス ベーシックスジェッソ 450mL エコパック,Liquitex,リキテックス(Liquitex),ホビー > 手芸・画材 > 描画・絵画,12845,2,,,2169,はい,2026-02-23以降,401,178,標準1,282,中小候補,GO,GO,GO,,,https://www.amazon.co.jp/dp/B07DWXZXCR,
A,B08L5VPB7F,Devil May Cry 5 Special Edition,カプコン(CAPCOM),カプコン,ゲーム > 機種別 > プレイステーション5,4074,5,,,3300,はい,2026-02-23以降,1820,2146,標準(小型),182,中小候補,GO,GO,GO,,,https://www.amazon.co.jp/dp/B08L5VPB7F,
A,B0FVX44HSF,Zaahir 電動シャボン玉ガン バブルガン 【かわいいイルカ·大量の泡を発射】 自動 電池式 6つ泡穴 バブルマシーン 子供 外遊び おもちゃ,Zaahir,Zaahir,おもちゃ > アクション・スポーツトイ > シャボン玉,1667,2,,,1598,はい,2026-02-23以降,740,734,標準(小型),182,中小候補,GO,GO,GO,,,https://www.amazon.co.jp/dp/B0FVX44HSF,
A,B0F3D1KCZK,STRICH ギターハンガー フック 壁掛け 自動ロック ネジ付き ギター ベース ウクレレなどに適用 (3点セット),STRICH,STRICH,楽器・音響機器 > ギター > ギターアクセサリ,785,2,,,2952,はい,2026-02-23以降,1593,1737,標準1,282,中小候補,GO,GO,GO,,,https://www.amazon.co.jp/dp/B0F3D1KCZK,
A,B0G2XTD37D,名刺ホルダー 180枚収容 ビジネス名刺整理 見やすい分類管理 シンプルおしゃれ 男女兼用,deeli,Deli,文房具・オフィス用品 > ファイル・バインダー > 名刺ファイル・リフィル,4900,2,,,1599,はい,2026-02-23以降,720,708,標準(小型),182,中小候補,GO,GO,GO,,,https://www.amazon.co.jp/dp/B0G2XTD37D,
A,B0CS564DYQ,ベビーカーレジかごバッグ (グレー),EMOKA,EMOKA,ベビー＆マタニティ > ベビーカー > ベビーカー小物,4155,2,Litakarababy,,3380,はい,2026-02-23以降,1694,1868,標準1,282,中小候補,GO,GO,見送り,相乗り出品が基準未満（卸している証拠なし）,,https://www.amazon.co.jp/dp/B0CS564DYQ,
A,B0FPCCWLXB,sweet(スウィート) 2025年11月号,宝島社,宝島社,本 > ジャンル別 > 暮らし・健康・子育て,92742,3,,,2694,はい,2026-02-23以降,792,689,標準1,282,中小候補,GO,GO,GO,,,https://www.amazon.co.jp/dp/B0FPCCWLXB,
A,B0C2CLH6RG,噴水マットプール 【S・１００ｃｍ】 ペット用 プール スプラッシュマット 高耐久 犬 折りたたみ 持ち運び 簡易 夏 水遊び 小型犬 中型犬 大型犬 (S・１,T.S.H,T.S.H,おもちゃ > アクション・スポーツトイ > プール・水遊び,8227,2,,,2480,はい,2026-02-23以降,1120,1118,標準1,282,中小候補,GO,GO,GO,,,https://www.amazon.co.jp/dp/B0C2CLH6RG,
A,B0FNMBB885,カラオケセット 家庭用 ワイヤレスマイク2本付き スピーカーセット Bluetooth5.3対応 拡声器 ディスプレイ搭載 50種表示パターン＆10種LEDモー,JYX,JYX,楽器・音響機器 > PA音響機器 > PAセット,297,2,,,2980,いいえ,2026-02-23以降,1558,1690,標準1,282,中小候補,GO,GO,GO,,,https://www.amazon.co.jp/dp/B0FNMBB885,
A,B078BNRX54,[ジェイソンマーク] REPEL REFILL 大切なスニーカーを守る強力な撥水・防水スプレーの付け替え用ボトル リペル リフィル 5.4oz. 159.7ml,JASON MARKK(ジェイソンマーク),,ファッション > ケア用品・工具・時計バンド > シューケア・シューアクセサリー,14434,2,,,2640,はい,2026-02-23以降,1248,1398,標準(小型),182,中小候補,GO,GO,GO,,,https://www.amazon.co.jp/dp/B078BNRX54,
A,B09B6WZ4FB,STEADY トレーニングマット 115×76cm ST137-76【Designed in Japan 独自開発の高密度Core Protect™】,STEADY,STEADY,スポーツ＆アウトドア > フィットネス・トレーニング > エクササイズグッズ,14587,2,,,3120,はい,2026-02-23以降,1642,1800,大型,282,中小候補,GO,GO,見送り,FBA大型サイズ,,https://www.amazon.co.jp/dp/B09B6WZ4FB,
A,B0FRSF3DKJ,BUCATSTATEアスペン床材 小動物用｜保温・吸臭・吸湿・通気性｜無香料・低ダスト｜ハムスター・モルモット・爬虫類など小動物に対応 35L,BUCATSTATE,BUCATSTATE,ペット用品 > 小動物 > 飼育ケージ・アクセサリ,2739,2,,,1999,はい,2026-02-23以降,817,657,標準2,332,中小候補,GO,GO,GO,,,https://www.amazon.co.jp/dp/B0FRSF3DKJ,
A,B0FPWSM5NH,FUNSHOWCASE ディップアートセット（ディップ液+ワイヤー+巻線ロッド+説明書) 200ml 大容量 LEDフラワー,FUNSHOWCASE,FUNSHOWCASE,ホビー > 手芸・画材 > クラフト・工芸,7742,2,,,3199,はい,2026-02-23以降,1342,1408,標準1,282,中小候補,GO,GO,GO,,,https://www.amazon.co.jp/dp/B0FPWSM5NH,
A,B0FXY3DRHC,VOCE　2026年1月号　通常版,講談社,講談社,本 > ジャンル別 > 雑誌,113811,5,,,2100,はい,2026-02-23以降,955,837,標準2,332,中小候補,GO,GO,GO,,,https://www.amazon.co.jp/dp/B0FXY3DRHC,
A,B08ZSLLHS2,YCIND 車のシガーライター ケーブルアダプタ 大電流 30A 12V 24V 兼用 シガープラグ DC電源ケーブル 1m シガーソケットコンセント電源アダプ,Iarlion,Ycind,車＆バイク > バッテリー > バッテリーアクセサリ,4552,2,,,1580,はい,2026-02-23以降,705,689,標準(小型),182,中小候補,GO,GO,GO,,,https://www.amazon.co.jp/dp/B08ZSLLHS2,
A,B00GH2381S,日本クリンテック(Nihon Clean tech) 手編み座敷ほうき長柄 幅32cm 全長137cm 屋内外 天然繊維 手に馴染む 床面に優しい ホコリから粗,日本クリンテック(Nihon Clean tech),日本クリンテック(Nihon Clean-Tech),ホーム＆キッチン > 掃除用品 > ほうき・ちりとり,7238,6,,,3993,はい,2026-02-23以降,1325,1386,大型,282,中小候補,NG,GO,見送り,FBA大型サイズ / 回転不足(消化月数>3),,https://www.amazon.co.jp/dp/B00GH2381S,
A,B07J4KVZ25,銀のスプーン キャットフード 贅沢素材バラエティ 2種のアソート 1.0Kg マルチカラー,銀のスプーン,ユニ・チャーム,ペット用品 > 猫 > キャットフード,6953,6,,,1780,はい,2026-02-23以降,308,-8,標準2,332,中小候補,NG,GO,見送り,回転不足(消化月数>3),,https://www.amazon.co.jp/dp/B07J4KVZ25,
A,B07XJ2XBN1,RAM MOUNTS(ラムマウント) ダブルソケットアーム M (アルミ) ブラック【1インチ】RAM-B201U,ラムマウント,ラムマウント,車＆バイク > バイクアクセサリ > マウントステー・ホルダー,5078,2,,,3609,はい,2026-02-23以降,871,905,標準(小型),182,中小候補,GO,GO,GO,,,https://www.amazon.co.jp/dp/B07XJ2XBN1,
A,B09RFGJHYF,スポーツ竹馬2段式 青,アガツマ(AGATSUMA),アガツマ(AGATSUMA),スポーツ＆アウトドア > 体操・新体操 > 竹馬,8542,4,,,4300,はい,2026-02-23以降,2292,2650,大型,282,中小候補,GO,GO,見送り,FBA大型サイズ,,https://www.amazon.co.jp/dp/B09RFGJHYF,
A,B00CQO4OXC,スミス(SMITH LTD) ランディングネット ラバーネット オリーブ 0712,スミス(SMITH),スミス(SMITH),スポーツ＆アウトドア > 釣り > 工具,21912,3,,,4104,はい,2026-02-23以降,1537,1663,大型,282,中小候補,GO,GO,見送り,FBA大型サイズ,,https://www.amazon.co.jp/dp/B00CQO4OXC,
A,B006HEK96S,Pearl パール カウベル PCB-4,パール(Pearl),パール(Pearl),楽器・音響機器 > ドラム・パーカッション > パーカッション・打楽器,4715,3,,,2952,はい,2026-02-23以降,1388,1468,標準1,282,中小候補,GO,GO,GO,,,https://www.amazon.co.jp/dp/B006HEK96S,
A,B0CT8P7T1T,BeaNet フロアライト LED 「無線リモコン・24W・ダブル光源Ultra版・JIS AA形・上下照明・独立制御」 超高輝度 フロアランプ 調光・調色 ス,Beanet,Beanet,ホーム＆キッチン > 家電 > 照明,9658,2,,,5994,はい,2026-02-23以降,3564,4248,標準2,332,中小候補,GO,GO,GO,,,https://www.amazon.co.jp/dp/B0CT8P7T1T,
A,B0F2H4FLKB,【雨風雪・花粉対策】PETTENA ペットカート レインカバー 透明 ペットバギーレインコート 耐用性 雨対策 防水カバー 撥水ファスナ ペットベビーカー 防寒,PETTENA,PETTENA,ベビー＆マタニティ > ベビーカー > ベビーカー小物,3887,2,,,3312,はい,2026-02-23以降,1870,2099,標準1,282,中小候補,GO,GO,GO,,,https://www.amazon.co.jp/dp/B0F2H4FLKB,
A,B0F1N7S4WT,[Rockyu] キーホルダー メンズ レディース 車用キーリング 亜鉛合金製 レザー調デザイン ダブルリング シルバー ブラック ゴールド シンプル おしゃれ,Rockyu,,車＆バイク > カーアクセサリ > キーケース・キーホルダー,8807,2,,,1988,はい,2026-02-23以降,1071,1166,標準(小型),182,中小候補,GO,GO,GO,,,https://www.amazon.co.jp/dp/B0F1N7S4WT,
A,B0034APJNQ,メルテック(meltec) 軽トラック用品 軽トラ職人 トラックロープ 9mmX20m アイスプライス加工 Meltec TK-209,メルテック(meltec),メルテック(meltec),車＆バイク > カーキャリア・ルーフボックス > 牽引製品・ウインチ,4538,3,,,2260,はい,2026-02-23以降,452,244,標準1,282,中小候補,GO,GO,GO,,,https://www.amazon.co.jp/dp/B0034APJNQ,
A,B079DHLFHD,カタヌキ菓子（かたぬき）100枚入 (難しいタイプ),株式会社 山本人形,株式会社ハシモト,おもちゃ > 季節用品 > 縁日用品,9756,3,,,1950,はい,2026-02-23以降,434,334,標準(小型),182,中小候補,GO,GO,GO,,,https://www.amazon.co.jp/dp/B079DHLFHD,
A,B0FR8M7PV8,[Prime Code] 【汚れものが分けて入る・900D耐久】 リュック 大容量 メンズ バックパック スクエア 35L 通学 部活 メンズ 通勤 出張 登山,Prime Code,,ファッション > バッグ・スーツケース > リュック・バックパック,10965,2,,,5499,はい,2026-02-23以降,2922,3474,大型,282,中小候補,GO,GO,見送り,FBA大型サイズ,,https://www.amazon.co.jp/dp/B0FR8M7PV8,
A,B0DFB3SSHB,エレコム 自動給餌器 給水器 スタンド 3段階高さ調整 [設置可能サイズ 19.5cm×36.5cmまで] 耐荷重10kg 猫 中小型犬用 幅23.9×奥行38,エレコム(ELECOM),エレコム(ELECOM),ペット用品 > 猫 > 餌やり・水やり用品,5982,2,,,2070,はい,2026-02-23以降,718,592,標準1,282,大手/海外疑い,GO,GO,GO,,,https://www.amazon.co.jp/dp/B0DFB3SSHB,
A,B07GY574T7,Velocity カーフィルム リアセット N-BOX 対応 JF3 JF4 ハイマウント有 スーパースモーク,ヴェロシティ（Velocity）,ヴェロシティ（Velocity）,車＆バイク > カーアクセサリ > 日よけ用品,13359,2,,,2880,はい,2026-02-23以降,1402,1487,大型,282,中小候補,GO,GO,見送り,FBA大型サイズ,,https://www.amazon.co.jp/dp/B07GY574T7,
A,B0FMYJH7DL,SP Connect SPC+ スマホホルダー対応ケース｜MagSafe・耐衝撃 (iPhone 17 PRO MAX),エスピーコネクト(SP Connect),SP CONNECT,家電＆カメラ > 携帯電話・スマートフォン > 携帯電話・スマートフォンアクセサリ,8448,5,,,6900,はい,2026-02-23以降,3357,4538,標準(小型),182,中小候補,GO,GO,GO,,,https://www.amazon.co.jp/dp/B0FMYJH7DL,
A,B0D4DTQSTS,テーブルチェア ベビーチェア 工具不要 折りたたみ 5点式安全ベルト 簡単取り付け 軽量 持ち運び 収納バッグ付き iimono117 (レッド),iimono117,iimono117,ベビー＆マタニティ > ベビー家具・収納 > ベビーチェア,1343,2,,,3380,はい,2026-02-23以降,1800,1942,標準2,332,中小候補,GO,GO,GO,,,https://www.amazon.co.jp/dp/B0D4DTQSTS,
A,B0007YBMOW,HITACHI 洗濯機用直下排水キット(直下排水L形パイプ) HO-P5,日立(HITACHI),日立(HITACHI),大型家電 > 洗濯機・乾燥機 > 洗濯機交換部品・アクセサリ,1675,4,,,2500,はい,2026-02-23以降,1312,1540,標準1,282,大手/海外疑い,GO,GO,GO,,,https://www.amazon.co.jp/dp/B0007YBMOW,
A,B0C61KQJN1,エマーソン(Emerson) 車用ライフハンマー 小型・軽量・キーホルダータイプ パンチショット シートベルトカッター内蔵 ガラスに押し当てるだけ 水の抵抗に関,エマーソン(Emerson),エマーソン(Emerson),車＆バイク > 自動車整備工具 > 緊急対応用品,244,2,,,3080,はい,2026-02-23以降,786,794,標準(小型),182,中小候補,GO,GO,GO,,,https://www.amazon.co.jp/dp/B0C61KQJN1,
A,B0FHJTTZ94,New Bee ギタースタンド 折りたたみ式 高さ75-87cm 調整可能 転倒防止ゴム付 GH02 (黒 2点セット),New Bee,New Bee,楽器・音響機器 > ギター > ギターアクセサリ,401,2,,,2999,はい,2026-02-23以降,1227,1193,標準2,332,中小候補,GO,GO,GO,,,https://www.amazon.co.jp/dp/B0FHJTTZ94,
A,B00AZGDZIS,COMBI コンビ ベビーレーベル スタンド型補助便座 レーベルリーフ,Combi,コンビ,ベビー＆マタニティ > おむつ・トイレ > おまる・便座,1332,6,,,2650,はい,2026-02-23以降,1220,1184,標準2,332,中小候補,NG,GO,見送り,回転不足(消化月数>3),,https://www.amazon.co.jp/dp/B00AZGDZIS,
A,B01IQXDC9S,アイリスオーヤマ お掃除楽ちんサークル 専用屋根 W87cm P-SS-906Y,アイリスオーヤマ(IRIS OHYAMA),アイリスオーヤマ,ペット用品 > 犬 > ドッグハウス・ケージ,4719,4,,,2180,いいえ,繰越(境界後の記録なし),1135,1137,大型,282,大手/海外疑い,GO,GO,見送り,FBA大型サイズ,,https://www.amazon.co.jp/dp/B01IQXDC9S,
A,B0BC375P79,RETORO 水貯蔵大型ウォータータンク、アウトドア貯水タンク、25L / 50L / 100L / 150L / 200L / 300Lキャンプハイキング飲料,RETORO,RETORO,DIY・工具・ガーデン > エクステリア > 雨水タンク,9187,6,,,2594,はい,2026-02-23以降,1192,1212,不明,282,中小候補,NG,GO,見送り,回転不足(消化月数>3),,https://www.amazon.co.jp/dp/B0BC375P79,
A,B0BYV12N32,快適生活 害獣忌避「ヒトデのちから」(4+2袋) 3kg 忌避剤 害獣 害虫 忌避対策 ひとで カラス イノシシ 野良猫 モグラ 鹿 ハクビシン カメムシ ネズ,快適生活,快適生活,DIY・工具・ガーデン > ガーデン > 害獣・害虫対策用品,10333,2,,,6840,はい,2026-02-23以降,3980,4793,標準2,332,中小候補,GO,GO,GO,,,https://www.amazon.co.jp/dp/B0BYV12N32,
A,4385136513,新明解類語辞典,三省堂,三省堂,本 > ジャンル別 > 語学・辞事典・年鑑,212417,6,,,5843,はい,2026-02-23以降,2075,2366,標準1,282,中小候補,NG,GO,見送り,回転不足(消化月数>3),,https://www.amazon.co.jp/dp/4385136513,
A,B0G4C4KDTY,【2次受注分】BANDAI SPIRITS(バンダイ スピリッツ) 30MS オプションパーツセット28(アクションウエアα)[カラーA] 色分け済みプラモデル,BANDAI SPIRITS(バンダイ スピリッツ),BANDAI SPIRITS(バンダイ スピリッツ),ホビー > プラモデル・模型 > プラモデル,4136,4,,,4000,はい,2026-02-23以降,1291,1341,標準1,282,大手/海外疑い,GO,GO,GO,,,https://www.amazon.co.jp/dp/B0G4C4KDTY,
A,B0CMPQJQ16,UniOne オメガ3 サーモン 犬 猫 ペット サプリメント サプリ DHA EPA アスタキサンチン マルチ健康サポート 60ml オメガ3脂肪酸 抗酸化成,UNI ONE,株式会社メニワン,ペット用品 > 犬 > ヘルスケア,2995,2,,,3190,はい,2026-02-23以降,1561,1807,標準(小型),182,中小候補,GO,GO,GO,,,https://www.amazon.co.jp/dp/B0CMPQJQ16,
A,B0FKS38YXL,骨盤底筋トレーニング器具 組み立て不要 張力23kg 内転筋トレーニング 太もも 筋トレ ダイエット器具 収納可能 Viangs,viangs,cxiao,スポーツ＆アウトドア > フィットネス・トレーニング > ピラティス,4988,5,,,2467,はい,2026-02-23以降,1321,1380,標準1,282,中小候補,GO,GO,GO,,,https://www.amazon.co.jp/dp/B0FKS38YXL,
A,B07DZYMHLW,すばらしきこのせかい -Final Remix- - Switch,スクウェア・エニックス(SQUARE ENIX),スクウェア・エニックス,ゲーム > 機種別 > Nintendo Switch,12966,2,,,5370,はい,2026-02-23以降,2093,2503,標準(小型),182,中小候補,GO,GO,GO,,,https://www.amazon.co.jp/dp/B07DZYMHLW,
A,B09N753TT6,[ itten ] バイキングシーソー (2〜4人 10分 8歳から) ボードゲーム 旧版 大人数 バランス パーティ プレゼント ギフト,itten,itten,おもちゃ > ゲーム > バランスゲーム,5958,3,,,3245,はい,2026-02-23以降,1462,1678,標準(小型),182,中小候補,GO,GO,GO,,,https://www.amazon.co.jp/dp/B09N753TT6,
A,B0CX81ZVK3,MOHEGIA 700×35C 自転車タイヤ 700C 37-622 ロードバイク クロスバイク クリンチャー 交換用 - 2組,MOHEGIA,MOHEGIA,スポーツ＆アウトドア > 自転車 > 自転車パーツ,14773,2,,,3980,はい,2026-02-23以降,2255,2537,標準2,332,中小候補,GO,GO,GO,,,https://www.amazon.co.jp/dp/B0CX81ZVK3,
A,B01N0AZVH6,BLUE REFLECTION 幻に舞う少女の剣 (初回封入特典(オリジナルテーマ&ゲーム内コンテンツ「フリスペ! 」着せ替えテーマ & 制服がスクール水着に ,KT,コーエーテクモゲームス,ゲーム > 機種別 > プレイステーション4,6822,3,,,7020,はい,2026-02-23以降,1804,2125,標準(小型),182,中小候補,GO,GO,GO,,,https://www.amazon.co.jp/dp/B01N0AZVH6,
A,B09BN93MF5,エレコム ピンマイク クリップ付き ウインドジャマー付 USB Type-C 収納ポーチ付 1.8m ブラック HS-MC09CBK,エレコム(ELECOM),エレコム(ELECOM),楽器・音響機器 > マイク > コンデンサ,155,4,,,2480,はい,2026-02-23以降,1430,1636,標準(小型),182,大手/海外疑い,GO,GO,GO,,,https://www.amazon.co.jp/dp/B09BN93MF5,
A,B073Z8KG7D,錦産業 トムボーイ (Tomboy) ハンドルカバー グランドカーボン Sサイズ カーボン調 ステッチ スポーティ レッド GC-5942,トムボーイ(Tomboy),錦産業,車＆バイク > カーパーツ > 内装パーツ,7159,4,,,2097,はい,2026-02-23以降,361,125,大型,282,中小候補,GO,GO,見送り,FBA大型サイズ,,https://www.amazon.co.jp/dp/B073Z8KG7D,
A,B0CQV7HWSL,CME MIDIケーブル 4本セット 60cm 5ピンDIN L型薄型プラグ MIDIインターフェース シンセサイザー ペダルボード向け,CME,CME,楽器・音響機器 > DTM・DAW > MIDIケーブル,2637,5,,,3999,はい,2026-02-23以降,2280,2748,標準(小型),182,中小候補,GO,GO,GO,,,https://www.amazon.co.jp/dp/B0CQV7HWSL,
A,B079TM2FY7,剣道 ネオガード 帆布 かかとサポーター (靴サイズ 25～27cm)Lサイズ,ネオガードVOL.2,山屋産業株式会社,スポーツ＆アウトドア > スポーツケア・アクセサリ・競技備品 > スポーツケア用品,2178,2,剣道屋,,2450,はい,2026-02-23以降,1279,1439,標準(小型),182,中小候補,GO,GO,見送り,相乗り出品が基準未満（卸している証拠なし）,,https://www.amazon.co.jp/dp/B079TM2FY7,
A,B0BB2CV2Z9,KOVIDSUN プラスチックガウン 使い捨て 袖付き 親指フック式 CPEガウン 個包装20個,KOVIDSUN,KOVIDSUN,産業・研究開発用品 > 業務用医療用品 > 着衣・手袋,5269,2,beauty-emily,,1590,はい,2026-02-23以降,530,346,標準1,282,中小候補,GO,GO,見送り,相乗り出品が基準未満（卸している証拠なし）,,https://www.amazon.co.jp/dp/B0BB2CV2Z9,
A,B0DPLX73H2,和平フレイズ 大容量 1L 真空断熱 メガジョッキ タンブラー コッパー 保温 保冷 持続 結露しにくい 持ちやすい 樽ジョッキ 海賊タンブラー フォルテック ,和平フレイズ(Wahei freiz),和平フレイズ,ホーム＆キッチン > キッチン用品 > 弁当箱・水筒,16353,4,,,2200,はい,2026-02-23以降,611,452,標準1,282,中小候補,GO,GO,GO,,,https://www.amazon.co.jp/dp/B0DPLX73H2,
A,B0FVXG7BJ4,【最新型】Omikamo キーボード ワイヤレス マウスセット 折りたたみ式 標準JIS配列 Bluetooth＆2.4G接続 無線 軽量 静音キー,Omikamo,Omikamo,パソコン・周辺機器 > キーボード・マウス・入力機器 > キーボード・マウスセット,14899,2,,,5280,はい,2026-02-23以降,3150,4141,標準1,282,中小候補,GO,GO,GO,,,https://www.amazon.co.jp/dp/B0FVXG7BJ4,
A,B0D95HXD2J,【業界初！伸縮コイルケーブル搭載】 シガーソケット 急速充電 72W QC+PD 3ポート,joyroom,"SHENZHEN NITO POWER SOURCE TECHNOLOGY CO., LTD JOYROOM",家電＆カメラ > 携帯電話・スマートフォン > 携帯電話・スマートフォンアクセサリ,9578,2,,,1619,はい,2026-02-23以降,870,1017,標準(小型),182,中小候補,GO,GO,GO,,,https://www.amazon.co.jp/dp/B0D95HXD2J,
A,B00HF49I0C,カセキホリダー ムゲンギア,任天堂,任天堂,ゲーム > 機種別 > レガシーシステム,6478,5,,,4680,はい,2026-02-23以降,806,820,標準(小型),182,大手/海外疑い,GO,GO,GO,,,https://www.amazon.co.jp/dp/B00HF49I0C,
A,B0CP4YYWF6,LittleForBig大人用布おむつカバー 可愛い絵柄【うさぎ】調節可能なウエストと長さ スナップ付 漏れ防止 通気性 洗濯可 M,LittleForBig,LittleForBig,ベビー＆マタニティ > おむつ・トイレ > 布おむつ・アクセサリー,5533,2,,,4429,はい,2026-02-23以降,2668,3255,標準(小型),182,中小候補,GO,GO,GO,,,https://www.amazon.co.jp/dp/B0CP4YYWF6,
A,B07STVZCJM,二ノ国 白き聖灰の女王 for Nintendo Switch -Switch,レベルファイブ,レベルファイブ,ゲーム > 機種別 > Nintendo Switch,4672,6,,,6100,はい,2026-02-23以降,3239,4002,標準(小型),182,大手/海外疑い,NG,GO,見送り,回転不足(消化月数>3),,https://www.amazon.co.jp/dp/B07STVZCJM,
A,B0D9LTGHD5,VITAテーブルチェア（ジェラートピンク） 【 子供用椅子/テーブル装着型/ベビーチェア/収納バック付き/折りたたみ/持ち運び/携帯可/お食事椅子/テーブル/食,ヴィータ,ベルニコ,ベビー＆マタニティ > ベビー家具・収納 > ベビーチェア,4424,3,,,6980,はい,2026-02-23以降,3915,4707,標準2,332,中小候補,GO,GO,GO,,,https://www.amazon.co.jp/dp/B0D9LTGHD5,
A,B0D3PT8KSK,DayPlus ディスクグラインダー コード式 グラインダー 100mm 900W アングル 工具 DIY 研磨工具 オフセット砥石 カーボンブラシ付属 アング,DayPlus,DayPlus,DIY・工具・ガーデン > 電動工具・エア工具 > 研磨工具,13386,2,,,3980,はい,2026-02-23以降,1623,1711,標準2,332,中小候補,GO,GO,GO,,,https://www.amazon.co.jp/dp/B0D3PT8KSK,
A,B0GNMNDJX2,美的GRAND春号,小学館,小学館,本 > ジャンル別 > 雑誌,147641,4,,,2379,はい,2026-02-23以降,643,429,標準2,332,中小候補,GO,GO,GO,,,https://www.amazon.co.jp/dp/B0GNMNDJX2,
A,B0719GQZBS,ONE PIECE アンリミテッドワールド R デラックスエディション - Switch,Bandai Namco,バンダイナムコエンターテインメント,ゲーム > 機種別 > Nintendo Switch,3689,6,,,3600,はい,2026-02-23以降,2151,2579,標準(小型),182,大手/海外疑い,NG,GO,見送り,回転不足(消化月数>3),,https://www.amazon.co.jp/dp/B0719GQZBS,
A,B09H2B5578,STEADY トレーニングマット 100×70cm ST137-70【Designed in Japan 独自開発の高密度Core Protect™】,STEADY,STEADY,スポーツ＆アウトドア > フィットネス・トレーニング > エクササイズグッズ,14587,2,,,2990,はい,2026-02-23以降,1206,1230,大型,282,中小候補,GO,GO,見送り,FBA大型サイズ,,https://www.amazon.co.jp/dp/B09H2B5578,
A,B0DP4KFW9G,[モンベル] バッグ メンズ レディース ショルダーバッグ A4対応 ナイロン ポケッタブル ライトショルダー M 1123970 (ブラック(BK)),Mont-bell(モンベル),,ファッション > メンズ > バッグ・財布,21101,4,,,6900,はい,2026-02-23以降,3748,4554,標準1,282,中小候補,GO,GO,GO,,,https://www.amazon.co.jp/dp/B0DP4KFW9G,
A,B0BNQ314F7,タカラトミーアーツ(TAKARATOMY A.R.T.S) パウパトロール ぬいぐるみM スカイver.ぬいぐるみ高さ約23cm,タカラトミーアーツ(TAKARATOMY A.R.T.S),タカラトミーアーツ(TAKARATOMY A.R.T.S),おもちゃ > ぬいぐるみ > 動物,6765,4,,,4280,はい,2026-02-23以降,2305,2667,標準1,282,大手/海外疑い,GO,GO,GO,,,https://www.amazon.co.jp/dp/B0BNQ314F7,
A,B0FF4XLBPP,【プロ造形作家監修】 aurochs EZ-tools スパチュラ 造形 ヘラ ステンレス製 ツール 12本セット 専用ケース付き 粘土細工 パテ,aurochs,aurochs,ホビー > 手芸・画材 > クラフト・工芸,1991,3,,,2232,はい,2026-02-23以降,1074,1057,標準1,282,中小候補,GO,GO,GO,,,https://www.amazon.co.jp/dp/B0FF4XLBPP,
A,B0D93HZ4B3,[ミーテ] mite マフラータオル 日本製 メンズ 綿100% ずり落ちない 汗拭き 日焼け対策 メンズ用するっとタオル2色組（SL2010M2P-M21）,ミーテ,東洋繊維興業,スポーツ＆アウトドア > 水泳・スイミング > スポーツタオル,7245,2,,,1936,はい,2026-02-23以降,1013,1091,標準(小型),182,中小候補,GO,GO,GO,,,https://www.amazon.co.jp/dp/B0D93HZ4B3,
A,B0CS351CXJ,Switchジョイコン用 ボクシンググリップ ターコイズ&ピンク ANS-SW163,アンサー,アンサー,ゲーム > 機種別 > Nintendo Switch,8782,2,,,1950,はい,2026-02-23以降,370,250,標準(小型),182,中小候補,GO,GO,GO,,,https://www.amazon.co.jp/dp/B0CS351CXJ,
A,B0F3JVN1SL,【最大60時間連続点灯】人感センサーライト 室内用 LEDバーライト 充電式 無段階調光 3色温度調整 (3000K/4500K/6000K) 読書灯 棚下 キ,NeoByteBe,NeoByteBe,ホーム＆キッチン > 家電 > 照明,9666,2,,,1599,はい,2026-02-23以降,614,456,標準1,282,中小候補,GO,GO,GO,,,https://www.amazon.co.jp/dp/B0F3JVN1SL,
A,B07VRC1V68,トップ吸引カテーテル クリアサクション 14Fr 50本入 14444,トップ,,産業・研究開発用品 > 業務用医療用品 > 呼吸器・麻酔器,786,6,,,1940,はい,2026-02-23以降,966,916,大型,282,中小候補,NG,GO,見送り,FBA大型サイズ / 回転不足(消化月数>3),,https://www.amazon.co.jp/dp/B07VRC1V68,
A,B0BC3M5J8Y,水貯蔵大型ウォータータンク、アウトドア貯水タンク、25L / 50L / 100L / 150L / 200L / 300Lキャンプハイキング飲料水ボトルバケツ,RETORO,RETORO,DIY・工具・ガーデン > エクステリア > 雨水タンク,12120,2,,,3888,はい,2026-02-23以降,813,716,不明,282,中小候補,GO,GO,GO,,,https://www.amazon.co.jp/dp/B0BC3M5J8Y,
A,B0FLQHQMDP,折りたたみ椅子 超軽量コンパクト 収納袋一体型 ポケット付 ショルダーカラビナ付 アルミ合金 ブラック 日本語取扱説明書 (ブラック 2ついり),Vibaleg,Vibaleg,スポーツ＆アウトドア > アウトドア > テーブル・チェア・ハンモック,3177,2,,,1520,はい,2026-02-23以降,656,446,標準2,332,中小候補,GO,GO,GO,,,https://www.amazon.co.jp/dp/B0FLQHQMDP,
A,B001GOBKH6,シンワ測定(Shinwa Sokutei) 放射温度計 A ミニ 時計機能付 73009 (※体温計としてはご使用になれません),シンワ測定(Shinwa Sokutei),シンワ測定(Shinwa Sokutei),産業・研究開発用品 > 工業用計測器 > 温度計・湿度計,9539,4,,,4200,はい,2026-02-23以降,2092,2502,標準(小型),182,中小候補,GO,GO,GO,,,https://www.amazon.co.jp/dp/B001GOBKH6,
A,B08VHJT132,NITONAMI Wii コントローラー WiiU Wii 対応 コントローラー シロ Wiiリモコンジャケット 同梱（ホワイト）,NITONAMI,NITONAMI,ゲーム > 機種別 > レガシーシステム,1569,2,,,2280,はい,2026-02-23以降,1285,1446,標準(小型),182,中小候補,GO,GO,GO,,,https://www.amazon.co.jp/dp/B08VHJT132,
A,B0FSJLHTSQ,タカラトミー(TAKARA TOMY) プラレール リアルクラス 100系新幹線グランドひかり (ライト付仕様),タカラトミー(TAKARA TOMY),タカラトミー(TAKARA TOMY),おもちゃ > 乗り物おもちゃ > 車両,12263,5,,,7090,はい,2026-02-23以降,3150,3772,標準1,282,大手/海外疑い,GO,GO,GO,,,https://www.amazon.co.jp/dp/B0FSJLHTSQ,
A,B0FTFG8BJL,MonoMaster 2026年1月号増刊,宝島社,宝島社,本 > ジャンル別 > 暮らし・健康・子育て,258406,2,,,2580,はい,2026-02-23以降,998,958,標準1,282,中小候補,GO,GO,GO,,,https://www.amazon.co.jp/dp/B0FTFG8BJL,
A,B08KSXSF8K,タツフト 洗濯機用かさ上げ台 防振防音 高さ調整ゴムマット あしあげ隊 4個入り TFi-5505 1セット,あしあげ隊,株式会社タツフト,大型家電 > 洗濯機・乾燥機 > 洗濯機交換部品・アクセサリ,654,2,,,3036,はい,2026-02-23以降,1424,1639,標準2,332,中小候補,GO,GO,GO,,,https://www.amazon.co.jp/dp/B08KSXSF8K,
A,B0G4DZQXSB,【Ringke】Pixel Watch 5 / 4（45mm）対応 Dual Easy Pro フィルム（2枚入り）,Ringke,Rearth,家電＆カメラ > 携帯電話・スマートフォン > 携帯電話・スマートフォンアクセサリ,6140,2,,,1699,はい,2026-02-23以降,911,1075,標準(小型),182,中小候補,GO,GO,GO,,,https://www.amazon.co.jp/dp/B0G4DZQXSB,
A,B008H102RA,VAXPOT(バックスポット) サーフハット VA-4150 BLKxCHR フリー,VAXPOT(バックスポット),VAXPOT(バックスポット),スポーツ＆アウトドア > 釣り > 釣り小物,10011,2,,,1999,はい,2026-02-23以降,1017,983,標準1,282,中小候補,GO,GO,GO,,,https://www.amazon.co.jp/dp/B008H102RA,
A,B0CJFYMZ5S,[GAGULA] 4本セット トレイルループ Apple Watch バンド 49mm 46mm 45mm 44mm 42mm 41mm 40mm 38mm 柔,GAGULA,GAGULA,家電＆カメラ > 携帯電話・スマートフォン > 携帯電話・スマートフォンアクセサリ,14411,2,,,1799,はい,2026-02-23以降,800,919,標準(小型),182,大手/海外疑い,GO,GO,GO,,,https://www.amazon.co.jp/dp/B0CJFYMZ5S,
A,B00T5VRT18,ペルソナ4 ダンシング・オールナイト,アトラス,アトラス,ゲーム > 機種別 > レガシーシステム,8680,5,ホン商屋 / oimosan / EVER GARDEN / ☆Around shop☆ / 武藤商店オンラインストア,,6200,はい,2026-02-23以降,1684,1968,標準(小型),182,中小候補,GO,GO,GO,,,https://www.amazon.co.jp/dp/B00T5VRT18,
A,B0F5W82JQR,【 日 立 】 純正品 糸くずフィルター NET- KV90F 001 (2個セット),IMWALD,NET- KV90F,大型家電 > 洗濯機・乾燥機 > 洗濯機交換部品・アクセサリ,1505,2,,,3180,はい,2026-02-23以降,1833,2380,標準(小型),182,中小候補,GO,GO,GO,,,https://www.amazon.co.jp/dp/B0F5W82JQR,
A,B0FSK9MCCC,自動給餌器 猫 小型・中型犬 タイマー機能 ペット給餌機 アプリ操作 自動餌やり機 スマホ遠隔操作 AIスマート動体検知機能付 音声録音 定時定量,JITTEN,JITTEN,ペット用品 > 犬 > 餌やり・水やり用品,3694,2,,,7677,はい,2026-02-23以降,4658,5679,標準2,332,中小候補,GO,GO,GO,,,https://www.amazon.co.jp/dp/B0FSK9MCCC,
A,B088D47JD6,HOEI 35クリアカップ×3個,HOEI(豊栄金属工業),HOEI(豊栄金属工業),ペット用品 > 鳥 > 餌やり・水やり用品,7834,3,,,1860,はい,2026-02-23以降,858,888,標準(小型),182,中小候補,GO,GO,GO,,,https://www.amazon.co.jp/dp/B088D47JD6,
A,B08R2GBZW4,MAHALO (マハロ) カリンバ 親指ピアノ 17キー ネイチャーデザイン M-KALIMBA NTU,MAHALO,MAHALO,楽器・音響機器 > ドラム・パーカッション > パーカッション・打楽器,8472,3,株式会社ピアノプラザ,,3980,はい,2026-02-23以降,2279,2633,標準1,282,中小候補,GO,GO,見送り,相乗り出品が基準未満（卸している証拠なし）,,https://www.amazon.co.jp/dp/B08R2GBZW4,
A,B0CLGHTNZH,ホルツ ペイント塗料 下塗り塗料 万能型プライマー ミッチャクキング 300ml Holts MH11506,Holts(ホルツ),Holts(ホルツ),車＆バイク > ペイント・防錆 > ペイント,8292,6,,,2600,はい,2026-02-23以降,615,457,標準1,282,中小候補,NG,GO,見送り,回転不足(消化月数>3),,https://www.amazon.co.jp/dp/B0CLGHTNZH,
A,B0F1SJNKG7,"【ながら洗車】Beginner's luck 1,000ml 単品『 洗車後の拭き上げならビギナーズラック！ 』クイックディテーラー軽度な水シミも同時に除去 ス",ながら洗車,ながら洗車,車＆バイク > 洗車・お手入れ用品 > 洗車用品セット,94,2,,,4680,はい,2026-02-23以降,2192,2455,標準2,332,中小候補,GO,GO,GO,,,https://www.amazon.co.jp/dp/B0F1SJNKG7,
A,B0CZQJV2TD,[ミキハウス ホットビスケッツ] バスポンチョセット ギフトセット 男の子 女の子 ベビー 子供服 出産祝い ベビーギフト 【BOX付き】 マルチカラー サイズ,MIKIHOUSE HOT BISCUITS,株式会社ミキハウストレード,ベビー＆マタニティ > 出産祝い・ギフト・メモリアル > ギフトセット,5875,3,,,5500,はい,2026-02-23以降,3185,3818,標準1,282,中小候補,GO,GO,GO,,,https://www.amazon.co.jp/dp/B0CZQJV2TD,
A,B0F1FPTKD9,HZDMJ チャイルドシート 3歳から 長く使える ジュニアシート シートベルト固定 取付簡単 EU安全基準 ECE認証済み 洗えるカバー 快適な座り心地 通気,HZDMJ,HZDMJ,ベビー＆マタニティ > チャイルドシート > チャイルドシート本体,510,2,,,5999,はい,2026-02-23以降,2967,3533,大型,282,中小候補,GO,GO,見送り,FBA大型サイズ,,https://www.amazon.co.jp/dp/B0F1FPTKD9,
A,B0DC2BSM39,【Jet Sim】eSIM オーストラリア ニュージーランド 15日間 データ使い放題 10GB高速 プリペイドeSIM,JETSIM,JETSIM,家電＆カメラ > 携帯電話・スマートフォン > SIMカード,15760,2,,,2480,はい,2026-02-23以降,1349,1695,標準(小型),182,中小候補,GO,GO,GO,,,https://www.amazon.co.jp/dp/B0DC2BSM39,
A,B0C83WB1HQ,STEADY ヨガポール ストレッチ ポール 【100cm/耐荷重150kg】 ピラティス (ブラック) ST141,STEADY,STEADY,スポーツ＆アウトドア > フィットネス・トレーニング > ヨガ,9259,2,,,2990,はい,2026-02-23以降,1661,1825,大型,282,中小候補,GO,GO,見送り,FBA大型サイズ,,https://www.amazon.co.jp/dp/B0C83WB1HQ,
A,B009320H4A,バランスファイター ポンプ付き 2個入り,La-VIE(ラヴィ),La-VIE(ラヴィ),スポーツ＆アウトドア > フィットネス・トレーニング > バランストレーナー,9751,2,,,3450,はい,2026-02-23以降,1423,1449,標準2,332,中小候補,GO,GO,GO,,,https://www.amazon.co.jp/dp/B009320H4A,
A,B0058MNXUO,ホルツ 純正塗料スプレー カーペイント スズキ車用 Z2S シルキーシルバーM 300ml Holts MH16013,Holts(ホルツ),Holts(ホルツ),車＆バイク > ペイント・防錆 > ペイント,13609,3,,,2030,はい,2026-02-23以降,472,270,標準1,282,中小候補,GO,GO,GO,,,https://www.amazon.co.jp/dp/B0058MNXUO,
A,B0DYV7M7Q9,缶切り回転式 缶オープナー 回転式 ビール缶オープナー 日本規格 アルミ缶 ソーダ 缶詰 飲料 マルチ缶切り 簡単 安全 滑らかなエッジ 磁石搭載 右利きと左利,Lukeyarm,Lukeyarm,ホーム＆キッチン > キッチン用品 > 調理・製菓道具,15194,2,,,1550,はい,2026-02-23以降,727,717,標準(小型),182,中小候補,GO,GO,GO,,,https://www.amazon.co.jp/dp/B0DYV7M7Q9,
A,B084FGH2XB,タミヤ 1/32 フルカウルミニ四駆シリーズ No.54 コスモソニック (FM-Aシャーシ) 19454,タミヤ(TAMIYA),タミヤ(TAMIYA),おもちゃ > ラジコンおもちゃ > ラジコン,24119,4,,,1820,はい,2026-02-23以降,332,200,標準(小型),182,中小候補,GO,GO,GO,,,https://www.amazon.co.jp/dp/B084FGH2XB,
A,B0G523FF4G,【正規品】JF-22 カートリッジ オールインワン浄水栓 取替用浄水器カートリッジ 15+2物質高除去 抗菌 高塩素除去 PFOS/PFOA除去試験済 jf-k,Lispike,,ホーム＆キッチン > キッチン用品 > 浄水器・整水器,17279,2,,,3486,はい,2026-02-23以降,1842,2175,標準(小型),182,中小候補,GO,GO,GO,,,https://www.amazon.co.jp/dp/B0G523FF4G,
A,B0FX8TMGSZ,市販唯一 内蔵バッテリー搭載 Omegatech 車載GPSトラッカー＆シガーソケット一体型｜iOS＆Android対応 Apple「探す」/Find Hub対,OMEGATECH,Omegatech,車＆バイク > カーセキュリティ > GPSトラッカー,16878,3,,,4541,はい,2026-02-23以降,2178,2615,標準(小型),182,大手/海外疑い,GO,GO,GO,,,https://www.amazon.co.jp/dp/B0FX8TMGSZ,
A,B0G2GM83DM,DodoxDIY 適用新型アルファード40系 ヴェルファイア 40系 アクセサリー センターコンソールエアコンノブカバー カスタムパーツ 専用内装グッズ ガラス,DodoxDIY,DodoxDIY,車＆バイク > カーパーツ > 内装パーツ,10778,2,,,3999,はい,2026-02-23以降,2391,2893,標準(小型),182,中小候補,GO,GO,GO,,,https://www.amazon.co.jp/dp/B0G2GM83DM,
A,4418224114,スター・ウォーズ　キャラクター事典　最新完全版,世界文化社,世界文化社,本 > ジャンル別 > エンターテイメント,89722,6,,,5260,はい,2026-02-23以降,1748,1874,標準2,332,中小候補,NG,GO,見送り,回転不足(消化月数>3),,https://www.amazon.co.jp/dp/4418224114,
A,B00D3E6FO0,【公式】 骨盤 サポーター bonbone バリアスツイスト ダイヤ工業 姿勢 骨盤矯正 腰痛 産後 ベルト サポーター 骨盤 仙骨 姿勢 固定 制限 サポート,bonbone,ダイヤ工業,ベビー＆マタニティ > マタニティ > 産後リフォーム下着,1645,2,,,6655,はい,2026-02-23以降,3022,3718,標準(小型),182,中小候補,GO,GO,GO,,,https://www.amazon.co.jp/dp/B00D3E6FO0,
A,B000DZETHC,HITACHI 洗濯機用排水トラップ YT-T1,日立(HITACHI),日立(HITACHI),大型家電 > 洗濯機・乾燥機 > 洗濯機交換部品・アクセサリ,3777,3,,,6800,はい,2026-02-23以降,3696,4914,標準1,282,大手/海外疑い,GO,GO,GO,,,https://www.amazon.co.jp/dp/B000DZETHC,
A,B0G43J8WSV,美的スペシャル2月号増刊〈真冬のスペシャルギフト版〉,小学館,小学館,本 > ジャンル別 > 雑誌,94295,2,Hobby Raise Japan (インボイス登録事業者) / 株式会社ARCHE,,2452,はい,2026-02-23以降,513,259,標準2,332,中小候補,GO,GO,GO,,,https://www.amazon.co.jp/dp/B0G43J8WSV,
A,B0CHVW754M,EMART スプリングクランプ 木工 6個 強力クリップ 大型 撮影 クリップ キョウリョク 固定 滑り止め 110*79MM 4.5インチ-ブラック,EMART,EMART,DIY・工具・ガーデン > 作業工具 > 締付・固定工具,12785,2,,,1580,はい,2026-02-23以降,581,413,標準1,282,中小候補,GO,GO,GO,,,https://www.amazon.co.jp/dp/B0CHVW754M,
A,B0FP9DF1WW,【新モデル・多車種対応フック】 車 ゴミ箱 ごみ袋 ロール ゴミポケット収納 隠しタイプ 便利 吊り下げ 倒れない スリム 乾湿両用ゴミ袋40枚付 車用ゴミ箱 ,LEMIKKLE,LEMIKKLE,車＆バイク > カーアクセサリ > 収納・ホルダー,16452,2,,,2060,はい,2026-02-23以降,990,947,標準1,282,中小候補,GO,GO,GO,,,https://www.amazon.co.jp/dp/B0FP9DF1WW,
A,B0F2NDKH1V,【プロ造形作家監修】 aurochs EZ-tools スパチュラ 造形 ヘラ 金属製/樹脂製 ツール 20本セット 専用ケース付き 粘土細工 パテ,aurochs,aurochs,ホビー > プラモデル・模型 > ホビー用工具・塗装・材料,1991,3,,,1782,はい,2026-02-23以降,876,798,標準1,282,中小候補,GO,GO,GO,,,https://www.amazon.co.jp/dp/B0F2NDKH1V,
A,B00F29N2K4,グランツーリスモ6 - PS3,ソニー・インタラクティブエンタテインメント,ソニー・コンピュータエンタテインメント,ゲーム > 機種別 > レガシーシステム,3260,4,,,5980,はい,2026-02-23以降,2288,2758,標準(小型),182,大手/海外疑い,GO,GO,GO,,,https://www.amazon.co.jp/dp/B00F29N2K4,
A,B08C4X695D,ワンラック (ONE LAC) お気にいり 低カロリービスケット 300g×3袋,ワンラック (ONE LAC),森乳サンワールド,ペット用品 > 犬 > おやつ,2655,6,,,2820,はい,2026-02-23以降,1115,1111,標準1,282,中小候補,NG,GO,見送り,回転不足(消化月数>3),,https://www.amazon.co.jp/dp/B08C4X695D,
A,B0CL9GMNR3,カインズ(CAINZ) Pet’sOne ドッグミール 超大袋 15kg 小粒 ドッグフード ドライフード,カインズ,カインズ,ペット用品 > 犬 > ドッグフード,3049,2,,,3680,はい,2026-02-23以降,1330,1392,不明,282,中小候補,GO,GO,GO,,,https://www.amazon.co.jp/dp/B0CL9GMNR3,
A,B0B75GTDRZ,LED電球 T形タイプ 口金直径26mm 60w 100w形相当 昼白色 1080ルーメン (7.2W) 一般電球・T形タイプ 密閉器具対応,POIUYTO,LIJIA,ホーム＆キッチン > 家電 > 照明,8579,2,,,2380,はい,2026-02-23以降,1349,1530,標準(小型),182,中小候補,GO,GO,GO,,,https://www.amazon.co.jp/dp/B0B75GTDRZ,
A,B0FNBN4853,QUUGE USBハブ 10Gbps USB3.2 Gen2 ハブ 【2×Type-C・2×Type-A・USB-C給電ポート】 10G高速データ転送 タイプA,QUUGE,QUUGE,パソコン・周辺機器 > PCアクセサリ・サプライ > USBハブ,11275,2,,,2599,はい,2026-02-23以降,1247,1551,標準(小型),182,中小候補,GO,GO,GO,,,https://www.amazon.co.jp/dp/B0FNBN4853,
A,B07XG8R3H3,パール金属 洗面台下スペースラック ホワイト 360~530 伸縮タイプ アレンジフリー HB-4813,パール金属株式会社,パール金属(PEARL METAL),ホーム＆キッチン > 収納用品 > キッチン収納,6383,3,,,1990,はい,2026-02-23以降,440,228,標準1,282,中小候補,GO,GO,GO,,,https://www.amazon.co.jp/dp/B07XG8R3H3,
A,B0D6XZ7HJ1,マウス 無線 Bluetooth 5.2 【Type-C充電式 ＆ 静音】 ワイヤレスマウス 薄型 小型 パソコン 瞬時接続 省エネ 高感度 ブルートゥース ゲ,Adare,Adare,パソコン・周辺機器 > キーボード・マウス・入力機器 > マウス,2385,2,,,1680,はい,2026-02-23以降,845,982,標準(小型),182,中小候補,GO,GO,GO,,,https://www.amazon.co.jp/dp/B0D6XZ7HJ1,
A,0194529762,"Tactics for the TOEIC (R) Test, Reading and Listening Test, Introductory Course:","Oxford University Press, USA",Oxford University Press,洋書 > Subjects > Nonfiction,32382,2,,,4138,はい,2026-02-23以降,1727,1912,標準1,282,中小候補,GO,GO,GO,,,https://www.amazon.co.jp/dp/0194529762,
A,B09NCTZ5Z4,エンラージ商事 VEZEL ヴェゼル RV3 RV4 RV5 RV6 R3年4月以降 対応 車速連動 オートドアロック ハザード機能なし,EnlargeCorp,株式会社エンラージ商事,車＆バイク > カーパーツ > 外装・エアロパーツ,15688,2,,,5980,はい,2026-02-23以降,3294,3960,標準1,282,中小候補,GO,GO,GO,,,https://www.amazon.co.jp/dp/B09NCTZ5Z4,
A,B09T94SZ8K,Seeed Studio XIAO nRF52840 Sense - Arduino/CircuitPython対応 - Bluetooth5.0 NFC オン,seeed studio,seeed studio,パソコン・周辺機器 > シングルボードコンピュータ・アクセサリ > シングルボードコンピュータ,10031,6,,,3120,はい,2026-02-23以降,1748,2260,標準(小型),182,中小候補,NG,GO,見送り,回転不足(消化月数>3),,https://www.amazon.co.jp/dp/B09T94SZ8K,
A,4065377803,TRANSIT 66号 台湾の秘密を探しに。 (講談社MOOK),講談社,講談社,本 > ジャンル別 > ノンフィクション,39496,4,,,3246,はい,2026-02-23以降,1005,967,標準1,282,中小候補,GO,GO,GO,,,https://www.amazon.co.jp/dp/4065377803,
A,B0CYBRYJSZ,PCフィルター専門工房 27インチ 16:9 マグネット式 覗き見防止フィルター プライバシーフィルター 覗き見防止フィルム ブルーライトカット パソコン アン,PCフィルター専門工房,PCフィルター専門工房,パソコン・周辺機器 > PCアクセサリ・サプライ > ノートパソコンアクセサリ,7273,2,,,5261,はい,2026-02-23以降,3103,4075,大型,282,中小候補,GO,GO,見送り,FBA大型サイズ,,https://www.amazon.co.jp/dp/B0CYBRYJSZ,
A,B0G12TW5MD,ツールズアイランド(Toolsisland) フロントホイールクランプ バイクスタンド フロント 軽量 組立式 16～21インチ タイヤ幅100～140mm 組,ツールズアイランド(Toolsisland),ツールズアイランド(Toolsisland),車＆バイク > バイク工具・メンテナンス,12679,2,,,5480,はい,2026-02-23以降,3033,3619,大型,282,中小候補,GO,GO,見送り,FBA大型サイズ,,https://www.amazon.co.jp/dp/B0G12TW5MD,
A,B07DQC91KM,Pearl パールビブラスラップ・ウッド PB-VSW,パール(Pearl),パール(Pearl),楽器・音響機器 > ドラム・パーカッション > ドラム・パーカッションアクセサリ,956,4,,,3167,はい,2026-02-23以降,1776,1975,標準1,282,中小候補,GO,GO,GO,,,https://www.amazon.co.jp/dp/B07DQC91KM,
A,B09MY8C1NL,HITCALL 天然由来成分PLA配合 NM BB弾 0.28g 2700発 高精度 スナイパー 精密射撃向け,株式会社アザレア,株式会社アザレア,ホビー > エアガン・モデルガン > BB弾,1696,6,,,1580,はい,2026-02-23以降,667,525,標準1,282,中小候補,NG,GO,見送り,回転不足(消化月数>3),,https://www.amazon.co.jp/dp/B09MY8C1NL,
A,B0FS1DGDYJ,Threeking ラジコンカー 子供用おもちゃ 4WDスタントカー両面走行可能、360度フリップ、ライト付きリモコンカー 工具不要、ワンタッチ交換バッテリー搭,Threeking,Threeking,おもちゃ > ラジコンおもちゃ > ラジコン,7424,2,,,3599,いいえ,2026-02-23以降,1667,1833,標準1,282,中小候補,GO,GO,GO,,,https://www.amazon.co.jp/dp/B0FS1DGDYJ,
A,B06W2KD89Y,晴香堂(Harukado) kitoca 木と果 190 天然精油100％使用 リードディフューザー 190ml ゼラニウム＆ベルガモット,晴香堂(HARUKADO),晴香堂(Harukado),ホーム＆キッチン > インテリア > ホームフレグランス,8170,6,,,2493,はい,2026-02-23以降,1338,1403,標準1,282,中小候補,NG,GO,見送り,回転不足(消化月数>3),,https://www.amazon.co.jp/dp/B06W2KD89Y,
A,B0D4TD8LQZ,SouYuuKai ベビーチェア テーブルチェア キッズチェア 子供 赤ちゃん お食事椅子 折り畳み携帯式 軽量 幼児用 滑り止め 丈夫 安全ベルト 収納袋付き,創優会,創優会,ベビー＆マタニティ > ベビー家具・収納 > ベビーチェア,621,1,,,3480,はい,2026-02-23以降,1590,1668,標準2,332,中小候補,GO,GO,見送り,新品オファー数1,,https://www.amazon.co.jp/dp/B0D4TD8LQZ,
A,B0DFY7FCQV,鹿の角 犬 半割り 無添加 国産 北海道 天然 エゾ鹿 鹿角 ガム 噛むおもちゃ おやつ ストレス解消 口臭予防（中型犬用 半割り 約15cm～）,ハピデジ -happy days joint-,ハピデジ -happy days joint-,ペット用品 > 犬 > おもちゃ,4300,2,ハピデジ【インテリア雑貨・ペットグッズ shop】,,1850,はい,2026-02-23以降,1008,1084,標準(小型),182,中小候補,GO,GO,見送り,相乗り出品が基準未満（卸している証拠なし）,,https://www.amazon.co.jp/dp/B0DFY7FCQV,
A,B0BXWVBLT3,イガラシ ヴィンテージボーダーウキワ80cm ロープ付 RLB-580V,イガラシ(Igarashi),イガラシ(Igarashi),おもちゃ > アクション・スポーツトイ > プール・水遊び,8658,5,,,1580,はい,2026-02-23以降,550,372,標準1,282,中小候補,NG,GO,見送り,回転不足(消化月数>3),,https://www.amazon.co.jp/dp/B0BXWVBLT3,
A,B0DNJYPZS3,LittleForBig 大人用トレーニングパンツ 可愛い絵柄【ベビーうさぎ】ウェストゴム付き 弾力性あり 漏れ防止 通気性 洗濯可 ピンク S,LittleForBig,LA22-LB-DC301P-S,ベビー＆マタニティ > おむつ・トイレ > 布おむつ・アクセサリー,6630,2,,,4360,はい,2026-02-23以降,2523,2952,標準1,282,中小候補,GO,GO,GO,,,https://www.amazon.co.jp/dp/B0DNJYPZS3,
A,B0C5M2PGD7,アウトレット プール ビニール 1.5m 150cm キッズ 長方形 家庭用 幼児用 屋外用 レジャー (プール単体),HAC2市場,HAC2市場,おもちゃ > アクション・スポーツトイ > プール・水遊び,7545,2,,,2180,はい,2026-02-23以降,1085,1007,標準2,332,中小候補,GO,GO,GO,,,https://www.amazon.co.jp/dp/B0C5M2PGD7,
A,B0FVSTQL6F,CASETiFY ウェーブ シリコン ケース AirPods Pro 3 - ホワイト,CASETiFY,CASETiFY,家電＆カメラ > イヤホン・ヘッドホン > イヤホン・ヘッドホンケース,8906,2,,,6050,はい,2026-02-23以降,3710,5037,標準(小型),182,中小候補,GO,GO,GO,,,https://www.amazon.co.jp/dp/B0FVSTQL6F,
A,B0FBRB2X1B,アーキス(Archiss) マイクアーム 高さ2段階調節対応 マイクブームアーム ロープロファイル対応 固定方式(クランプ グロメット) 白 ホワイト AS-M,アーキス(Archiss),アーキス(Archiss),楽器・音響機器 > マイク > マイクアクセサリ,1477,4,,,5320,はい,2026-02-23以降,2427,2763,標準2,332,中小候補,GO,GO,GO,,,https://www.amazon.co.jp/dp/B0FBRB2X1B,
A,B0BXWXRRW9,イガラシ ウォーターカラーウキワ（グリーン）100cm ロープ付 RLB-103V,イガラシ(Igarashi),イガラシ(Igarashi),おもちゃ > アクション・スポーツトイ > プール・水遊び,18047,3,,,2680,はい,2026-02-23以降,992,950,標準1,282,中小候補,GO,GO,GO,,,https://www.amazon.co.jp/dp/B0BXWXRRW9,
A,B0DZGZT8LB,電源コード 5m 10m 20m 屋外 丈夫 耐寒 耐熱 連結可 ソフトタイプ トラッキング防止 絶縁キャップ付き 電源延長コード 汎用コンセント 作業用延長コ,ANPEI-ELEC,ANPEI-ELEC,DIY・工具・ガーデン > 電設 > 延長コード,6318,2,,,1683,はい,2026-02-23以降,761,584,標準2,332,中小候補,GO,GO,GO,,,https://www.amazon.co.jp/dp/B0DZGZT8LB,
A,B00JOYEY7I,俺の屍を越えてゆけ2 初回限定版 (初回封入特典「レア神様」(男神・女神)プロダクトコード 同梱) - PSVita,ソニー・インタラクティブエンタテインメント,ソニー・コンピュータエンタテインメント,ゲーム > 機種別 > レガシーシステム,3246,3,,,6980,はい,2026-02-23以降,3488,4214,標準1,282,大手/海外疑い,GO,GO,GO,,,https://www.amazon.co.jp/dp/B00JOYEY7I,
A,B08G8JPGMT,【ウォーターガンブレラ 単品】水鉄砲 傘 強力 飛距離 長い 水遊び 水フェス アウトドア Water Billy ビーチ 海 川 公園 キャンプ (イエロー),Water Billy,インタービジネスブリッジ,おもちゃ > アクション・スポーツトイ > プール・水遊び,4353,2,,,3300,はい,2026-02-23以降,1863,2089,大型,282,中小候補,GO,GO,見送り,FBA大型サイズ,,https://www.amazon.co.jp/dp/B08G8JPGMT,
A,B0DPW96F59,anan(アンアン)2025/01/15号 No.2429増刊　スペシャルエディション[運の拓き方2025／ちいかわ],マガジンハウス,マガジンハウス,本 > ジャンル別 > 雑誌,37487,5,,,1749,はい,2026-02-23以降,355,117,標準1,282,中小候補,GO,GO,GO,,,https://www.amazon.co.jp/dp/B0DPW96F59,
A,B09KBKW1NZ,ボンフォーム(BONFORM) シートクッション ドライニット 抗菌防臭 吸湿速乾 45x45cm ブラック 5733-43BK,ボンフォーム(BONFORM),ボンフォーム(BONFORM),車＆バイク > カーアクセサリ > シートクッション,6226,6,,,1580,はい,2026-02-23以降,144,-159,大型,282,中小候補,NG,GO,見送り,FBA大型サイズ / 回転不足(消化月数>3),,https://www.amazon.co.jp/dp/B09KBKW1NZ,
A,B0F2HC84F1,サーキュレーター 静音 大風量 卓上扇風機 風量6段階調節 上下左右自動首振り リモコン付き 分解丸洗い タイマー機能付き タッチパネル搭載 自動消灯 節電 2,keneta,CIXI CITY ZHILIAN ELECTRICAL,ホーム＆キッチン > 家電 > 空調・季節家電,36289,2,,,3740,はい,2026-02-23以降,2149,2463,大型,282,中小候補,GO,GO,見送り,FBA大型サイズ,,https://www.amazon.co.jp/dp/B0F2HC84F1,
A,B0FL7FZ58Z,水月雨 MOONDROP SPACE TRAVEL 2 ワイヤレスイヤホン ノイズキャンセリング カナル型 イヤホン Bluetooth 6.0,Moondrop,Moondrop,家電＆カメラ > イヤホン・ヘッドホン > イヤホン・ヘッドホン本体,17973,2,,,4050,はい,2026-02-23以降,2450,3254,標準(小型),182,中小候補,GO,GO,GO,,,https://www.amazon.co.jp/dp/B0FL7FZ58Z,
A,B005IUVIO4,ディアトリベー 犬 猫 用 くし ピロコーム(R) ながめ E3 日本製 ペット用,DIATOLIB,ディアトリベー,ペット用品 > 犬 > お手入れ用品,7387,6,,,2662,はい,2026-02-23以降,1348,1529,標準(小型),182,中小候補,NG,GO,見送り,回転不足(消化月数>3),,https://www.amazon.co.jp/dp/B005IUVIO4,
A,B0CR6HS512,35ピース 認知症向けアクティビティ 大人用 - 大きなピースの高齢者向け認知症パズル3種,Quokka,Adducate Ukraine LLC,おもちゃ > パズル > ジグソーパズル,11802,2,,,3999,はい,2026-02-23以降,2267,2553,標準2,332,中小候補,GO,GO,GO,,,https://www.amazon.co.jp/dp/B0CR6HS512,
A,B07FF2VMMY,アーテック 電子オルゴール (液体電池体験用) 5個セット,アーテック(artec),アーテック,おもちゃ > おもちゃ雑貨・手品 > オルゴール,4579,5,,,1562,はい,2026-02-23以降,759,759,標準(小型),182,中小候補,GO,GO,GO,,,https://www.amazon.co.jp/dp/B07FF2VMMY,
A,B0FGXWYT5Y,【2026新登場】体重計 体脂肪計 体組成計 Bluetooth スマホ連動 たいじゅうけい ヘルスメーター 高精度 軽量 収納 電源自動ON/OFF 薄型 ボ,Kungix,Kungix,ホーム＆キッチン > 家電 > 健康家電,8832,2,,,2162,はい,2026-02-23以降,1110,1104,標準1,282,中小候補,GO,GO,GO,,,https://www.amazon.co.jp/dp/B0FGXWYT5Y,
A,B09Y1H34KM,洗濯用防振ゴム DEWEL 防振かさ上げ台 9cm 高さ調整 12点セット底上げ 継ぎ脚 置き台 足パッド 重ねて使用可能 冷蔵庫 ソファー テーブル こたつ ,DEWEL,DEWEL,大型家電 > 洗濯機・乾燥機 > 洗濯機交換部品・アクセサリ,719,2,,,2083,はい,2026-02-23以降,878,867,標準2,332,中小候補,GO,GO,GO,,,https://www.amazon.co.jp/dp/B09Y1H34KM,
A,B0CJ4XJDTV,エンラージ商事 VEZEL ヴェゼル RV 系 9インチ HondaCONNECT ディスプレイ ナビキャンセラー,EnlargeCorp,株式会社エンラージ商事,車＆バイク > カーナビ・カーエレクトロニクス > 車載モニターアクセサリ,12369,2,(株)エンラージ商事,,5382,はい,2026-02-23以降,3003,3693,標準(小型),182,中小候補,GO,GO,見送り,相乗り出品が基準未満（卸している証拠なし）,,https://www.amazon.co.jp/dp/B0CJ4XJDTV,
A,B00S66U7YE,マリオパーティ10,任天堂,任天堂,ゲーム > 機種別 > レガシーシステム,7608,4,,,4500,はい,2026-02-23以降,863,894,標準(小型),182,大手/海外疑い,GO,GO,GO,,,https://www.amazon.co.jp/dp/B00S66U7YE,
A,B0G2M59454,Duttek L字型USB C延長ケーブル短い 1.97インチ/5cm 高速転送80Gbps USB-Cオスメス延長ケーブル 、サンダーボルト3対応 240W ,Duttek,Duttek,パソコン・周辺機器 > PCアクセサリ・サプライ > ケーブル・アクセサリ,10689,2,,,1888,はい,2026-02-23以降,848,987,標準(小型),182,中小候補,GO,GO,GO,,,https://www.amazon.co.jp/dp/B0G2M59454,
A,B0F547HS84,投げ込みヒーター【2026年】 浴槽用給湯器 1500W温度調整 タイマー機能 空焚き防止 安全設計 急速加熱 ステンレス製 ポータブル 省エネ,ahomeone,ahomeone,産業・研究開発用品 > 研究開発用品 > 研究用機器・計測機器,4989,2,,,4788,はい,2026-02-23以降,2734,3228,標準1,282,中小候補,GO,GO,GO,,,https://www.amazon.co.jp/dp/B0F547HS84,
A,B0DX24ZGFR,アイリスオーヤマ 不織布コンポスト 27L TXC-R27 グレー,アイリスオーヤマ(IRIS OHYAMA),アイリスオーヤマ(IRIS OHYAMA) (AAEZP),DIY・工具・ガーデン > ガーデン > コンポスト・コンポスター,2517,4,,,2580,はい,2026-02-23以降,1162,1173,大型,282,大手/海外疑い,GO,GO,見送り,FBA大型サイズ,,https://www.amazon.co.jp/dp/B0DX24ZGFR,
A,B0FLHZ2DD5,【新型加湿器・タイマー機能搭載】加湿器 小型 アロマディフューザー アロマ対応 7色LEDライト 超音波式 静音 省エネ 卓上 自動停止機能 空焚き防止 デスク,ラブホーム美家,ラブホーム美家,ホーム＆キッチン > 家電 > 空調・季節家電,8565,2,,,1999,はい,2026-02-23以降,1017,983,標準1,282,中小候補,GO,GO,GO,,,https://www.amazon.co.jp/dp/B0FLHZ2DD5,
A,B0FNMS8GB4,LifeZone ベビーモニター 車 ベビーカー ミラー カメラ 後部座席の赤ちゃんを見る ナイトビジョン機能付き カーミラーディスプレイ ワイドビュー 12V,LifeZone,LifeZone,ベビー＆マタニティ > チャイルドシート > カーアクセサリ,3466,2,,,6270,はい,2026-02-23以降,3210,3851,標準1,282,中小候補,GO,GO,GO,,,https://www.amazon.co.jp/dp/B0FNMS8GB4,
A,B0FM3YDJ5M,Tarzan(ターザン) 2025年10月09日号 No.911号増刊 [目覚めよ、深層筋！/原嘉孝],マガジンハウス,マガジンハウス,本 > ジャンル別 > 暮らし・健康・子育て,214674,2,,,2317,はい,2026-02-23以降,284,24,標準1,282,中小候補,GO,GO,GO,,,https://www.amazon.co.jp/dp/B0FM3YDJ5M,
A,B0D542842N,ICHIYOベビーチェア 折りたたみ 持ち運び テーブルチェア 子供 赤ちゃん 離乳食 屋内 屋外お食事椅子 取り付け グレー,ICHIYO,ICHIYO,ベビー＆マタニティ > ベビー家具・収納 > ベビーチェア,3059,2,,,3480,はい,2026-02-23以降,1590,1668,標準2,332,中小候補,GO,GO,GO,,,https://www.amazon.co.jp/dp/B0D542842N,
A,B0DTNYZ5HG,SODOLA 2.5Gbps スイッチングハブ 6ポート（4x2.5G RJ45 & 2x10G SFP+）,Sodola,"Shenzhen hongyavision Technology Co.,Ltd.",パソコン・周辺機器 > 無線LAN・ネットワーク機器 > スイッチングハブ,19223,2,,,5990,はい,2026-02-23以降,2832,3692,標準1,282,中小候補,GO,GO,GO,,,https://www.amazon.co.jp/dp/B0DTNYZ5HG,
A,B0G28TGR3F,タツフト 洗濯機用かさ上げ台 防振防音 高さ調整ゴムマット あしあげ隊 4個入り TFi-9045 マーブルグレー,あしあげ隊,株式会社タツフト,大型家電 > 洗濯機・乾燥機 > 洗濯機交換部品・アクセサリ,209,2,,,5500,はい,2026-02-23以降,2849,3657,標準2,332,中小候補,GO,GO,GO,,,https://www.amazon.co.jp/dp/B0G28TGR3F,
A,B0G52PV9QS,YOTONA ジュニアシート ISOFIX R129適合 ブースターシート 125～150cm 軽量 コンパクト 取付簡単 安全ベルトクリップ ドリンクホルダー,YOTONA,YOTONA,ベビー＆マタニティ > チャイルドシート > チャイルドシート本体,2380,2,,,5899,はい,2026-02-23以降,3552,4298,大型,282,中小候補,GO,GO,見送り,FBA大型サイズ,,https://www.amazon.co.jp/dp/B0G52PV9QS,
A,B0B151PGHS,seathestars ピアノ椅子 収納付き 高さ調節可能 47～57cm 無段階調節 ワイド 二人掛け 連弾 幅57cm 奥行32cm,Ｓｅａ　ｔｈｅ　Ｓｔａｒｓ,seathestars,楽器・音響機器 > ピアノ・キーボード > ピアノ・キーボードアクセサリ,8698,2,,,7690,はい,2026-02-23以降,4716,5820,不明,282,中小候補,GO,GO,GO,,,https://www.amazon.co.jp/dp/B0B151PGHS,
A,B0FD3HKYLT,ずっしり2kg ぬいぐるみ omonui おもぬい 大人向け 癒し 動物 リラックス もちもち ギフト プレゼント 自分用 ご褒美 (あひる),PRAIRIE DOG (プレーリードッグ),プレーリードッグ,おもちゃ > ぬいぐるみ > 動物,8583,1,,,6600,はい,2026-02-23以降,3712,4507,不明,282,中小候補,GO,GO,見送り,新品オファー数1,,https://www.amazon.co.jp/dp/B0FD3HKYLT,
A,B0D96BMKBB,CME TRS MIDIケーブル 4本セット 30cm TRS Type A-5ピンDIN 薄型L型プラグ シンセサイザー ペダルボード向け,CME,CME,楽器・音響機器 > DTM・DAW > MIDIケーブル,1777,5,,,3199,はい,2026-02-23以降,1787,2103,標準(小型),182,中小候補,NG,GO,見送り,回転不足(消化月数>3),,https://www.amazon.co.jp/dp/B0D96BMKBB,
A,B0FH4MPX1S,【2025発売新モデル・一台多役・木目調】加湿器 小型 アロマディフューザー 次亜塩素酸水対応 除菌 アロマ対応 超音波式 加湿器 卓上 LEDライト7色 お手,ラブホーム美家,ラブホーム美家,ホーム＆キッチン > 家電 > 空調・季節家電,8697,2,,,2980,はい,2026-02-23以降,940,882,標準1,282,中小候補,GO,GO,GO,,,https://www.amazon.co.jp/dp/B0FH4MPX1S,
A,B0GHVQSF98,車 フロントガラスカバー 防雪 防霜 凍結防止カバー 2個セット 紫外線対策 サンシェード 厚手 オールシーズン,RemarksJapan,Remarks Japan,車＆バイク > カーアクセサリ > 雪対策,10030,2,,,1549,はい,2026-02-23以降,724,600,標準1,282,中小候補,GO,GO,GO,,,https://www.amazon.co.jp/dp/B0GHVQSF98,
A,B0CVV9W5TB,ボンフォーム(BONFORM) キャラクター サンシェード フェリシモ猫部 FN海辺の猫2 130x60cm ブルー 吸盤取り付けタイプ 折り畳み可能 7590,ボンフォーム(BONFORM),ボンフォーム(BONFORM),車＆バイク > カーアクセサリ > ダッシュボードマット,11033,5,,,1911,はい,2026-02-23以降,692,558,大型,282,中小候補,NG,GO,見送り,FBA大型サイズ / 回転不足(消化月数>3),,https://www.amazon.co.jp/dp/B0CVV9W5TB,
A,B0030KCZ2S,帝塚山ハウンドカム 犬 ドッグフード 【 オメガ3脂肪酸 皮膚 被毛 】 活性オメガ3オイル 100ml 無添加 国産 ふりかけ 必須脂肪酸 DHA EPA 栄,帝塚山ハウンドカム,帝塚山ハウンドカム,ペット用品 > 犬 > ドッグフード,8042,2,,,2108,はい,2026-02-23以降,1188,1319,標準(小型),182,中小候補,GO,GO,GO,,,https://www.amazon.co.jp/dp/B0030KCZ2S,
A,B0BQ9JMRMJ,MOHEGIA 700×35C 自転車タイヤ 700C 37-622 ロードバイク クロスバイク クリンチャー 交換用 - 2本,MOHEGIA,MOHEGIA,スポーツ＆アウトドア > 自転車 > 自転車パーツ,14773,2,,,3480,はい,2026-02-23以降,1930,2112,標準2,332,中小候補,GO,GO,GO,,,https://www.amazon.co.jp/dp/B0BQ9JMRMJ,
A,B0G635GK1T,【2次受注分】 BANDAI SPIRITS(バンダイ スピリッツ) ポケモンプラモコレクション 62 セレクトシリーズ カイオーガ 色分け済みプラモデル,BANDAI SPIRITS(バンダイ スピリッツ),BANDAI SPIRITS(バンダイ スピリッツ),ホビー > プラモデル・模型 > プラモデル,3857,2,,,3980,はい,2026-02-23以降,769,659,標準1,282,大手/海外疑い,GO,GO,GO,,,https://www.amazon.co.jp/dp/B0G635GK1T,
A,B0GL1BYCGZ,センサーライト 屋外 ソーラーライト LED フェンスライト 電球色 自動点灯/消灯 防水 階段ライト 足元灯 通路/歩道/ガーデン/庭/玄関に適用 防災対策 ,Lamake,Lamake,DIY・工具・ガーデン > エクステリア > アウトドア・エクステリアライト,4617,2,,,3328,いいえ,2026-02-23以降,1716,1897,標準1,282,中小候補,GO,GO,GO,,,https://www.amazon.co.jp/dp/B0GL1BYCGZ,
A,B09CV6KTV1,【成犬用 イタリア製ドッグフード】Piemonte ピエモンテ アダルトサーモン サーモン＆ライス 総合栄養食 (3kg),エルモ ( ELMO ),ATSU.Trading,ペット用品 > 犬 > ドッグフード,4633,3,,,2860,はい,2026-02-23以降,733,547,標準2,332,中小候補,GO,GO,見送り,除外カテゴリ,,https://www.amazon.co.jp/dp/B09CV6KTV1,
A,B0D8BZ354X,小型カメラ 隠しカメラ 時計型カメラ 超小型カメラ 1080P画質 ４時間録画 WiFi遠隔操作 モーション検知 自動警報 暗視撮影 iPhone/Androi,PONAOO,PONAOO,家電＆カメラ > カメラ > 防犯カメラ,18073,2,,,6632,はい,2026-02-23以降,4128,5629,標準(小型),182,中小候補,GO,GO,GO,,,https://www.amazon.co.jp/dp/B0D8BZ354X,
A,B0D1V24MTP,カーテシライト 車用 カーテシーランプ 色褪せず LEDロゴ投影カーテシライト ドアライト 2個セット工具付 適合テスラモデル3モデルSモデルXモデルY,xingkong,xingkong,車＆バイク > カーパーツ > 電子パーツ,11361,2,,,2399,はい,2026-02-23以降,1143,1261,標準(小型),182,中小候補,GO,GO,GO,,,https://www.amazon.co.jp/dp/B0D1V24MTP,
A,B0DJXRYLHG,エコチェッカー エコキーパー プログラムタイマー コンセント 電力計 節電 電力チェッカー チェッカー AC100V 1500W 大型LCD表示,シブリング(Sibling),Sibling,パソコン・周辺機器 > PCアクセサリ・サプライ > USBグッズ,12627,2,,,1513,はい,2026-02-23以降,734,825,標準(小型),182,中小候補,GO,GO,GO,,,https://www.amazon.co.jp/dp/B0DJXRYLHG,
A,B0F1Y4DT8V,"MOERTEK Windows Hello 顔認識カメラ、2K HD ウェブカメラ, マイク付きコンピューターカメラ、プライバシーカバー、ビデオ会議、ライブ、ス",MOERTEK,MOERTEK,パソコン・周辺機器 > ウェブカメラ・IP電話機器 > ウェブカメラ・VoIP機器,12021,2,,,5699,はい,2026-02-23以降,3337,4508,標準(小型),182,中小候補,GO,GO,GO,,,https://www.amazon.co.jp/dp/B0F1Y4DT8V,
A,B0FGXLZB7V,GIIPET 猫 ベッド 夏用 ひんやり 爪とぎ ソファ 木製 猫用ベッド ラタン調 おしゃれ 通気性 抜け毛掃除楽々 傷つかない 丈夫 ワイドサイズ 大型猫 ,GIIPET,GIIPET,ペット用品 > 猫 > キャットタワー・ベッド・マット,9257,2,,,3299,はい,2026-02-23以降,1461,1563,大型,282,中小候補,GO,GO,見送り,FBA大型サイズ,,https://www.amazon.co.jp/dp/B0FGXLZB7V,
A,B08CGTLSZ3,タツフト 洗濯機用かさ上げ台 防振防音 高さ調整ゴムマット あしあげ隊 4個入り TFi-9045 (ホワイト×1組),あしあげ隊,株式会社タツフト,大型家電 > 洗濯機・乾燥機 > 洗濯機交換部品・アクセサリ,209,3,株式会社コジマ / 株式会社タツフト / ティーズマルシェ,,4890,はい,2026-02-23以降,2476,3128,標準2,332,中小候補,GO,GO,GO,,,https://www.amazon.co.jp/dp/B08CGTLSZ3,
A,447837421X,60分間・企業ダントツ化プロジェクト 顧客感情をベースにした戦略構築法,ダイヤモンド社,ダイヤモンド社,本 > ジャンル別 > ビジネス・経済,61926,3,,,3730,はい,2026-02-23以降,862,780,標準1,282,中小候補,GO,GO,GO,,,https://www.amazon.co.jp/dp/447837421X,
A,B0CZ6CP8Y3,ペットトリミングセット ハサミ ペット用 入門セット トリミングシザー ペット用 全身美容 ステンレス材質 ペット用はさみ トリミングシザー ペット用 トリマー,ライフパッション,ライフパッション,ペット用品 > 犬 > お手入れ用品,3384,2,,,1880,はい,2026-02-23以降,746,628,標準1,282,中小候補,GO,GO,GO,,,https://www.amazon.co.jp/dp/B0CZ6CP8Y3,
A,B0C936LLLY,リッチェル(Richell) 遊べる歯がため りんご,リッチェル(Richell),リッチェル,ベビー＆マタニティ > 授乳・食事 > おしゃぶり・歯がため,7475,2,,,1517,はい,2026-02-23以降,492,409,標準(小型),182,中小候補,GO,GO,GO,,,https://www.amazon.co.jp/dp/B0C936LLLY,
A,B084CXQTPG,スパークプラグ 品番 CR7E ストックNo.4578 (10本),NOE,NOE,車＆バイク > カーパーツ > 電子パーツ,13321,2,,,7680,はい,2026-02-23以降,4385,5387,標準1,282,中小候補,GO,GO,GO,,,https://www.amazon.co.jp/dp/B084CXQTPG,
A,B0BJNTCGHK,ＵＰ ＳＴＯＲＥ ダクトホース 400mm ×5M 収納型フレキシブルダクト 籾摺り機 換気用 アルミホース 排気 換気パイプ 排気ダクト 耐熱 防水 (φ40,ＵＰ　ＳＴＯＲＥ,ＵＰ　ＳＴＯＲＥ,産業・研究開発用品 > 空圧・油圧・配管 > チューブ・パイプ・ホース,7046,2,,,5980,いいえ,繰越(境界後の記録なし),3605,4367,大型,282,中小候補,GO,GO,見送り,FBA大型サイズ,,https://www.amazon.co.jp/dp/B0BJNTCGHK,
A,B0C53VWMM8,[Winsuteki] 水着 レディース ビキニ スカート ショートパンツ 3点セット 2WAY着られる ハイウエスト 体型カバー ビスチェ風 バスト盛れる フ,Winsuteki,Winsuteki,ファッション > レディース > 服＆ファッション小物,1747,2,,,2909,はい,2026-02-23以降,1342,1408,標準1,282,中小候補,GO,GO,GO,,,https://www.amazon.co.jp/dp/B0C53VWMM8,
A,4533158390,JTBの鉄道旅地図帳 正縮尺版 (JTBのMOOK),ジェイティビィパブリッシング,JTBパブリッシング,本 > ジャンル別 > ビジネス・経済,215644,6,,,1905,はい,2026-02-23以降,334,89,標準1,282,中小候補,NG,GO,見送り,回転不足(消化月数>3),,https://www.amazon.co.jp/dp/4533158390,
A,B0CG8Z83SF,Fargo TAPKING 電源タップ 延長コード 回転式 AC12個口 ベージュウッド 1.8m PT60612BEWD,Fargo(ファーゴ),Fargo(ファーゴ),パソコン・周辺機器 > PCアクセサリ・サプライ > 電源タップ,9730,2,,,4180,はい,2026-02-23以降,1870,2331,標準1,282,中小候補,GO,GO,GO,,,https://www.amazon.co.jp/dp/B0CG8Z83SF,
A,B0BWF6NRVQ,[MRG] 足漕ぎペダル フィットネスバイク 高齢者向け 自宅用 折りたたみ式 デジタルメーター付き 安全設計 介護予防 トレーニングマシン リハビリマシン,MRG(エムアールジー),MRG(エムアールジー),スポーツ＆アウトドア > フィットネス・トレーニング > フィットネスマシン,10578,2,,,3480,はい,2026-02-23以降,1930,2112,標準2,332,中小候補,GO,GO,GO,,,https://www.amazon.co.jp/dp/B0BWF6NRVQ,
A,B09VSJX447,エレコム キッチンスケール 最大3kg 最小0.5g表示 【 バックライト付 0g表示 自動電源オフ 】 アイボリー HCS-KSA01IV,エレコム(ELECOM),エレコム(ELECOM),ホーム＆キッチン > キッチン用品 > 調理・製菓道具,8152,3,,,2050,はい,2026-02-23以降,615,457,標準1,282,大手/海外疑い,GO,GO,GO,,,https://www.amazon.co.jp/dp/B09VSJX447,
A,B0GKDVDRBK,デジタルカメラ トイカメラ デジカメ 写真撮影 動画撮影 1080P 4800万画素 8倍ズーム 64GBSDカード ホワイト 白,インクのチップス,インクのチップス,おもちゃ > 電子玩具・キッズ家電 > デジタルカメラ,3160,2,,,4980,はい,2026-02-23以降,2796,3422,標準(小型),182,中小候補,GO,GO,GO,,,https://www.amazon.co.jp/dp/B0GKDVDRBK,
A,B0G5PQWSDR,UTAET ウタエット (クリアブルー) プロイデア PROIDEA 国内正規品 ボイトレ 消音 自宅で熱唱 カラオケ練習 腹式呼吸トレーニング 【スタンダード,ノーブランド品,ドリーム,楽器・音響機器 > マイク > ダイナミック,703,2,,,3180,はい,2026-02-23以降,1864,2203,標準(小型),182,中小候補,GO,GO,GO,,,https://www.amazon.co.jp/dp/B0G5PQWSDR,
A,B00O9N37EK,モダンアート (Modern Art) 日本語版 ボードゲーム,NEW GAMES ORDER,ニューゲームズオーダー,おもちゃ > ゲーム > ボードゲーム,6937,2,Prime Linkage / YEKI商店,,4880,はい,2026-02-23以降,2890,3432,標準1,282,中小候補,GO,GO,GO,,,https://www.amazon.co.jp/dp/B00O9N37EK,
A,B08N696NQY,Canon クロックタイマー キッチンタイマー 抗菌 マグネット 大型液晶 ピンク CT-50-PK,キヤノン,キヤノン,ホーム＆キッチン > キッチン用品 > 調理・製菓道具,7129,2,【インボイス対応】Rare's Shop【すり替え防止対策店】 / 株式会社あうる,,2480,はい,2026-02-23以降,1430,1636,標準(小型),182,大手/海外疑い,GO,GO,GO,,,https://www.amazon.co.jp/dp/B08N696NQY,
A,B000FO2AC2,アルティメット ヒッツ ドラゴンクエストVIII 空と海と大地と呪われし姫君,スクウェア・エニックス(SQUARE ENIX),スクウェア・エニックス,ゲーム > 機種別 > レガシーシステム,986,3,,,6138,はい,2026-02-23以降,1274,1432,標準(小型),182,中小候補,GO,GO,GO,,,https://www.amazon.co.jp/dp/B000FO2AC2,
A,B084QHJ63J,SCLYX 車用外装品 車外装 車ステッカー 車エンブレム ウッディぬいぐるみ バズライトイヤーぬいぐるみ 車飾り かわいい カッコいい おもしろい 癒し 車デ,SCLYX,SCLYX,車＆バイク > カーアクセサリ > ステッカー・デカール,8791,2,,,4999,はい,2026-02-23以降,2934,3490,標準1,282,中小候補,GO,GO,GO,,,https://www.amazon.co.jp/dp/B084QHJ63J,
A,B0BBLLF7C9,carpika.net (カーピカネット) 水切りワイパー しなやか ソフトブレード 洗車用スクイージー 特殊シリコン使用 窓 浴室 ワイパー,carpika.net (カーピカネット),,車＆バイク > 洗車・お手入れ用品 > エクステリアケア,1922,2,,,3850,はい,2026-02-23以降,1845,2066,標準1,282,中小候補,GO,GO,GO,,,https://www.amazon.co.jp/dp/B0BBLLF7C9,
A,B07F1CSTKZ,適用于 RX RX200t RX450h 20系 センターコンソールトレイ RXカードホルダー,Argentavis,Argentavis,車＆バイク > カーアクセサリ > 収納・ホルダー,11605,2,,,2100,はい,2026-02-23以降,1069,1051,標準1,282,中小候補,GO,GO,GO,,,https://www.amazon.co.jp/dp/B07F1CSTKZ,
A,B0FTSLK14M,ガンダムエース 2025年12月号 No.280,KADOKAWA,KADOKAWA,本 > ジャンル別 > 雑誌,211112,3,,,1860,はい,2026-02-23以降,927,865,標準1,282,中小候補,GO,GO,GO,,,https://www.amazon.co.jp/dp/B0FTSLK14M,
A,B084CFWTNY,サーモス(THERMOS) ベビーストローマグ NPF-350 レモンイエロー (LYL) もれないベビーマグ 350ml,サーモス(THERMOS),サーモス(THERMOS),ベビー＆マタニティ > 授乳・食事 > ベビー食器,7039,2,,,1980,はい,2026-02-23以降,1105,1211,標準(小型),182,中小候補,GO,GO,GO,,,https://www.amazon.co.jp/dp/B084CFWTNY,
A,B0CHHQFBV2,[ニューエラ] 無地 キャップ NewEra 9FORTY 99HeadwearShopステッカー付き メンズ レディース ベースボールキャップ 帽子 サイドロ,NEW ERA(ニューエラ),,ファッション > メンズ > 服＆ファッション小物,11794,2,,,3385,はい,2026-02-23以降,1850,2072,標準1,282,中小候補,GO,GO,GO,,,https://www.amazon.co.jp/dp/B0CHHQFBV2,
A,B0F6655VSM,Behind the Frame 〜とっておきの景色を〜 ・ The Star Named EOS ~未明の軌跡へ -Switch,PLAYISM,PLAYISM,ゲーム > 機種別 > Nintendo Switch,10270,4,,,2400,はい,2026-02-23以降,1053,1143,標準(小型),182,中小候補,GO,GO,GO,,,https://www.amazon.co.jp/dp/B0F6655VSM,
A,B0B8ZFX7GY,seathestars ピアノ椅子 収納付き 高さ調節可能 47～57cm 無段階調節 ワイド 二人掛け 連弾 幅57cm 奥行32cm,Ｓｅａ　ｔｈｅ　Ｓｔａｒｓ,seathestars,楽器・音響機器 > ピアノ・キーボード > ピアノ・キーボードアクセサリ,8698,2,,,7610,はい,2026-02-23以降,4664,5752,不明,282,中小候補,GO,GO,GO,,,https://www.amazon.co.jp/dp/B0B8ZFX7GY,
A,B0BM96KFXQ,ZHUBANG 制振シート 200mm×200mm×2mm 16枚入り 防音フォームパネル 吸音マットシート 断熱マット 遮音 車 制震シート 自動車用断熱フォ,ZHUBANG,ZHUBANG,車＆バイク > カーパーツ > 外装・エアロパーツ,5136,2,,,2640,はい,2026-02-23以降,1384,1398,標準2,332,中小候補,GO,GO,GO,,,https://www.amazon.co.jp/dp/B0BM96KFXQ,
A,B0DBZKKKZG,ElecGear 2個 USB C充電ポートPCB 用の第1世代 PS4 コントローラー、DS4 を Micro-USB 入力ポートから USB Type-C ,ElecGear,ElecGear,パソコン・周辺機器 > PCパーツ,6677,2,,,1698,はい,2026-02-23以降,910,1074,標準(小型),182,中小候補,GO,GO,GO,,,https://www.amazon.co.jp/dp/B0DBZKKKZG,
A,B0FG28MQNB,ササヤキノモリハウス MagSafe マグネットスマホスタンド iPhone 対応 卓上 360 度回転 全アルミ製 コンパクト携帯ホルダー,ササヤキノモリハウス,siwei,家電＆カメラ > 携帯電話・スマートフォン > 携帯電話・スマートフォンアクセサリ,16570,2,,,1580,はい,2026-02-23以降,682,751,標準(小型),182,中小候補,GO,GO,GO,,,https://www.amazon.co.jp/dp/B0FG28MQNB,
A,B0D91S6L73,SELENEFF バイクヘルメット ハーフ 半ヘル SGマーク PSCマーク 認証 125cc以下 半キャップ フリーサイズ つば付き マットブラック,SELENEFF,SELENEFF,車＆バイク > ヘルメット > 半帽,1270,2,,,2980,はい,2026-02-23以降,1375,1451,標準1,282,中小候補,GO,GO,GO,,,https://www.amazon.co.jp/dp/B0D91S6L73,
A,B0F3J6M9V4,ハッと！アンブレラ （ハットアンブレラ） 帽子の日傘 釣り 農作業 ガーデニング 等に かぶる傘 LIEBEN-3810 (ブルー／ブラック),Lieben(リーベン),傘と日傘専門店リーベン(Lieben),ホーム＆キッチン > 生活雑貨 > 傘・レインウェア,7353,2,,,2980,はい,2026-02-23以降,1635,1791,標準1,282,中小候補,GO,GO,GO,,,https://www.amazon.co.jp/dp/B0F3J6M9V4,
A,4198607451,超巨大「宇宙文明」の真相: 進化最高〈カテゴリ-9〉の惑星から持ち帰ったかつてなき精緻な〈外宇宙情報〉,徳間書店,徳間書店,本 > ジャンル別 > エンターテイメント,136977,2,,,3544,はい,2026-02-23以降,827,734,標準1,282,中小候補,GO,GO,GO,,,https://www.amazon.co.jp/dp/4198607451,
A,B0CQ4V8887,エレコム 自動給餌器 猫 中小型犬用 6L (約3.3kg) タイマー機能付 録音機能付 1日最大6回 蓋ロック 乾燥剤付属 ステンレス 2皿 幅320×奥行3,エレコム(ELECOM),エレコム(ELECOM),ペット用品 > 犬 > 餌やり・水やり用品,35539,2,,,6860,はい,2026-02-23以降,3675,4394,標準2,332,大手/海外疑い,GO,GO,GO,,,https://www.amazon.co.jp/dp/B0CQ4V8887,
A,B0BDZFT9TJ,Ergobaby エルゴベビー EBC EMBRACE Soft Air ブルー CREGBCEMASAMBLU,Ergobaby(エルゴベビー),Ergobaby,ベビー＆マタニティ > キャリア・アクセサリ > ベビーキャリア,3371,2,,,7999,はい,2026-02-23以降,4593,5659,標準1,282,中小候補,GO,GO,GO,,,https://www.amazon.co.jp/dp/B0BDZFT9TJ,
A,B0B2P43MGL,PROIRON バーベルスクワットバーネックパッド-カモフラージュ,PROIRON,Shanxi Regent Works Inc.,スポーツ＆アウトドア > フィットネス・トレーニング > 筋力トレーニング,4629,2,,,2280,はい,2026-02-23以降,977,931,標準1,282,中小候補,GO,GO,GO,,,https://www.amazon.co.jp/dp/B0B2P43MGL,
A,B0DMSMZKZK,マグネット充電ケーブル 急速充電 3in1 PD対応 360°+180°回転（4端子/0.5m+1mx2本+2m ）黑,Nonfuf,,パソコン・周辺機器 > PCアクセサリ・サプライ > ケーブル・アクセサリ,8802,2,DNZ-JP(メーカー直営店),,2374,はい,2026-02-23以降,1223,1517,標準(小型),182,中小候補,GO,GO,見送り,相乗り出品が基準未満（卸している証拠なし）,,https://www.amazon.co.jp/dp/B0DMSMZKZK,
A,B0FN45JBLY,オフィスチェア デスクチェア 椅子 人間工学設計 メッシュ 360度回転 アームレスト ハイバック 無段階昇降 リクライニング 疲れない コンパクト,adokin,ADOKIN,文房具・オフィス用品 > オフィス家具・収納 > オフィスチェア,17783,2,,,5550,はい,2026-02-23以降,2754,3254,不明,282,中小候補,GO,GO,GO,,,https://www.amazon.co.jp/dp/B0FN45JBLY,
A,B000BSD8D2,Coleman(コールマン) ガイロープ5m 170TA0039,Coleman(コールマン),コールマン(Coleman),スポーツ＆アウトドア > アウトドア > テント,12457,3,,,2350,はい,2026-02-23以降,355,117,標準1,282,中小候補,GO,GO,GO,,,https://www.amazon.co.jp/dp/B000BSD8D2,
A,B0DTYVCDMF,ベビーハンガー 子供用洗濯ハンガー 10連ハンガー 折り畳み 物干しハンガー クリップ6個付き イエロー ピンク,Ｅｕｅｔｉｋ,Ｅｕｅｔｉｋ,ベビー＆マタニティ > ベビー家具・収納 > ベビーハンガー,2184,2,,,1804,はい,2026-02-23以降,828,736,標準1,282,中小候補,GO,GO,GO,,,https://www.amazon.co.jp/dp/B0DTYVCDMF,
A,B0BJCQHR8W,ウィザーズ・オブ・ザ・コースト(Wizards of the Coast)ダンジョンズ&ドラゴンズ プレイヤーズ・ハンドブック D&D RPG ロールプレイング,Wizards of the Coast,ウィザーズ・オブ・ザ・コースト(Wizards of the Coast),おもちゃ > ゲーム > ボードゲーム,6551,3,,,5199,はい,2026-02-23以降,2904,3386,標準2,332,中小候補,GO,GO,GO,,,https://www.amazon.co.jp/dp/B0BJCQHR8W,
A,B0D2R9TH4J,Venkuri アコースティックギター 17点セット 初心者入門セット 練習ギター ソフトケース付き アコギ guitar 艶ナチュラル,Venkuri,Venkuri,楽器・音響機器 > ギター > アコースティックギターセット,525,2,,,6999,はい,2026-02-23以降,4039,4935,大型,282,中小候補,GO,GO,見送り,FBA大型サイズ,,https://www.amazon.co.jp/dp/B0D2R9TH4J,
A,B0FV2SSR4Z,ファイバースコープ 【2K高画質＆276万画素】 工業用内視鏡カメラ 8mm極細ファイバースコープ 防水工業用内視鏡カメラ スマートフォン内視鏡カメラ [並行輸,BOMORI,BOMORI,産業・研究開発用品 > 業務用医療用品 > 診断・スクリーニング,6777,2,,,2442,はい,2026-02-23以降,1104,1210,標準(小型),182,中小候補,GO,GO,GO,,,https://www.amazon.co.jp/dp/B0FV2SSR4Z,
A,B0F6NR42FZ,音楽と人 2025年 07 月号 【表紙: 大森元貴（Mrs. GREEN APPLE）】 [雑誌],音楽と人,音楽と人,本 > ジャンル別 > 雑誌,40404,6,,,1977,はい,2026-02-23以降,1003,964,標準1,282,大手/海外疑い,NG,GO,見送り,回転不足(消化月数>3),,https://www.amazon.co.jp/dp/B0F6NR42FZ,
A,B0DS2H97LS,XIXIAN D1102B コードレス電話 発信者ID/通話待ち受け 1.6インチ バックライト付き LCD 3行画面表示 2充電式バッテリー オフィス 着信音,Xixian,XIXIAN,家電＆カメラ > 電話機・FAX > 電話機本体,10444,3,,,4444,はい,2026-02-23以降,2128,2696,標準1,282,中小候補,GO,GO,GO,,,https://www.amazon.co.jp/dp/B0DS2H97LS,
A,B0B24TJ8Q6,アガツマ(AGATSUMA) ねんDo！ねんどでにぎって！おすしやさんセット（対象年齢：3歳以上）,アガツマ(AGATSUMA),アガツマ(AGATSUMA),おもちゃ > お絵かき・ねんど・シール > ねんど,17850,2,,,2600,はい,2026-02-23以降,1278,1324,標準1,282,中小候補,GO,GO,GO,,,https://www.amazon.co.jp/dp/B0B24TJ8Q6,
A,B07DF9NVYH,手持花火 焚昇スパークラーニューゴールドミニ 50本/箱 (5箱セット),井上玩具煙火,井上玩具煙火,おもちゃ > 季節用品 > 花火,1055,3,,,2450,はい,2026-02-23以降,1260,1236,標準2,332,中小候補,GO,GO,GO,,,https://www.amazon.co.jp/dp/B07DF9NVYH,
A,B07GRZ6C29,ネコ・トモ - Switch,Bandai Namco,バンダイナムコエンターテインメント,ゲーム > 機種別 > Nintendo Switch,4574,4,,,5900,はい,2026-02-23以降,2646,3227,標準(小型),182,大手/海外疑い,GO,GO,GO,,,https://www.amazon.co.jp/dp/B07GRZ6C29,
A,B0DXF95B46,AiS to you サンシェード トラック 大型 車 傘 パラソル 曲がる Lサイズ XLサイズ フロント 遮光 遮熱 カーシェード 自動車用 車内温度対策 ,AiS to you,AiS to you,車＆バイク > カーアクセサリ > 日よけ用品,10559,2,,,2780,はい,2026-02-23以降,1265,1307,大型,282,中小候補,GO,GO,見送り,FBA大型サイズ,,https://www.amazon.co.jp/dp/B0DXF95B46,
A,B0CB2XKVPP,メガハウス(MegaHouse) るかっぷ 呪術廻戦 五条悟 高専ver. 約110mm PVC製塗装済み可動フィギュア,メガハウス(MegaHouse),メガハウス(MegaHouse),ホビー > フィギュア・コレクタードール,36964,4,,,4810,はい,2026-02-23以降,2113,2530,標準(小型),182,中小候補,GO,GO,GO,,,https://www.amazon.co.jp/dp/B0CB2XKVPP,
A,B0CD4BDNQT,[KOSIKINI] 水着 レディース 2点セット 体型カバー 可愛い水着 タンキニ チェック柄 フリル セパレート スカート ビキニ ビーチウェア オフショル,KOSIKINI,,ファッション > レディース > 服＆ファッション小物,5621,2,,,1790,はい,2026-02-23以降,869,790,標準1,282,中小候補,GO,GO,GO,,,https://www.amazon.co.jp/dp/B0CD4BDNQT,
A,B07677ZXG9,焼肉店用焼網・鉄板専用洗剤 ハイクリーナーA 4L GKL3001,東産業(Higashisangyo),東産業(Higashisangyo),産業・研究開発用品 > 衛生・清掃用品 > 業務用洗剤,7423,6,,,3651,はい,2026-02-23以降,1657,1755,標準2,332,中小候補,NG,GO,見送り,回転不足(消化月数>3),,https://www.amazon.co.jp/dp/B07677ZXG9,
A,B0GJYJNDG9,New Bee 譜面台 折りたたみ 楽譜スタンド 高さ75~148cm 調節可能 三脚 楽譜たて 収納バッグ付 ブラック 2個セット GH03,New Bee,New Bee,楽器・音響機器 > アクセサリ > 譜面台,426,2,,,4999,いいえ,2026-02-23以降,2317,2683,大型,282,中小候補,GO,GO,見送り,FBA大型サイズ,,https://www.amazon.co.jp/dp/B0GJYJNDG9,
A,B09T61YVPL,Sulanx ゴルフグリップ Golf Grip ゴム100% R60 ゴルフクラブ交換用グリップ(8),Sulanx,Sulanx,スポーツ＆アウトドア > ゴルフ > ゴルフクラブ用パーツ,6521,2,,,2280,はい,2026-02-23以降,1200,1222,標準1,282,中小候補,GO,GO,GO,,,https://www.amazon.co.jp/dp/B09T61YVPL,
A,B0895JN5J7,東京Deco 【1秒で体感-10℃】 冷却ミストファン 2026 ハンディファン クールホワイト 瞬間冷却 ミスト扇風機 強力 100段階風量 1秒で圧倒的な涼,ROOMMATE,ROOMMATE,ホーム＆キッチン > 家電 > 空調・季節家電,29592,2,,,2980,はい,2026-02-23以降,1460,1562,標準1,282,中小候補,GO,GO,GO,,,https://www.amazon.co.jp/dp/B0895JN5J7,
A,B0CTCBPSN8,ALTEED(アルティード) ハンドルスピンナー ステアリングスピナーノブ ベアリング内蔵 TPR素材グリップ 自動車用 (黒),ALTEED,ALTEED,車＆バイク > カーパーツ > 内装パーツ,2973,2,,,2950,はい,2026-02-23以降,1430,1636,標準(小型),182,中小候補,GO,GO,GO,,,https://www.amazon.co.jp/dp/B0CTCBPSN8,
A,B0D91JDLV5,Smaly 2024新型ミニカラオケセット ブルー SM-KM200 カラオケマイク2本付き ホームカラオケ ポータブル ボイスカット,スマリー(SMALY),スマリー(SMALY),楽器・音響機器 > カラオケ機器 > システム,1671,2,,,3105,はい,2026-02-23以降,1736,1923,標準1,282,中小候補,GO,GO,GO,,,https://www.amazon.co.jp/dp/B0D91JDLV5,
A,B0151B3U2C,アイリスオーヤマ 砂利 防犯砂利 防草 60L ミックス,アイリスオーヤマ(IRIS OHYAMA),アイリスオーヤマ(IRIS OHYAMA),DIY・工具・ガーデン > ガーデン > 農業・園芸用資材,8654,3,,,3380,はい,2026-02-23以降,1387,1466,大型,282,大手/海外疑い,GO,GO,見送り,FBA大型サイズ,,https://www.amazon.co.jp/dp/B0151B3U2C,
A,B0CYZLNNT1,イガラシ ポケモン55cmウキワ(ロープ付き) 膨らんだ状態のウキワの内周は約80~85cm,イガラシ(Igarashi),イガラシ(Igarashi),おもちゃ > アクション・スポーツトイ > プール・水遊び,13526,5,,,1740,はい,2026-02-23以降,768,771,標準(小型),182,中小候補,NG,GO,見送り,回転不足(消化月数>3),,https://www.amazon.co.jp/dp/B0CYZLNNT1,
A,B0G89W9HNK,"PluieSoleilポールハンガー コート掛け スタンド ハンガーポール 廊下のハンガー 金属製 倒れにくい カビ (単純, 黑)",PluieSoleil,,ホーム＆キッチン > 家具 > 廊下・玄関家具,16581,2,,,2669,はい,2026-02-23以降,1402,1422,標準2,332,中小候補,GO,GO,GO,,,https://www.amazon.co.jp/dp/B0G89W9HNK,
A,B0B151BC8W,seathestars ピアノ椅子 収納付き 白 高さ調節可能 47～57cm 無段階調節 ワイド 二人掛け 連弾 幅57cm 奥行32cm,Ｓｅａ　ｔｈｅ　Ｓｔａｒｓ,seathestars,楽器・音響機器 > ピアノ・キーボード > ピアノ・キーボードアクセサリ,8698,2,,,7880,はい,2026-02-23以降,4840,5982,不明,282,中小候補,GO,GO,GO,,,https://www.amazon.co.jp/dp/B0B151BC8W,
A,B0FR5CG5HX,携帯電話ホルダー付きマイクスタンドトレイ 27 x 20.5cm カニクランプ付き大型トレイホルダー ステージ、ライブストリーミング、コンサートパフォーマンス、,koolehaoda,koolehaoda,楽器・音響機器 > マイク > マイクアクセサリ,1383,2,,,1680,はい,2026-02-23以降,798,697,標準1,282,中小候補,GO,GO,GO,,,https://www.amazon.co.jp/dp/B0FR5CG5HX,
A,B0BMFBDJ9C,PH PandaHall 台紙 ブレスレット キーホルダー用 100枚入り OPP袋付き 展示用 密封袋 展示カード 無地 アクセサリーパーツ 販売用 ジュエリ,PH PandaHall,PH PandaHall,ホビー > 手芸・画材 > ビーズ・レジン・アクセサリ,5034,2,,,1550,はい,2026-02-23以降,715,587,標準1,282,中小候補,GO,GO,GO,,,https://www.amazon.co.jp/dp/B0BMFBDJ9C,
A,B0CYZMYVHW,イガラシ ポケモン60cmウキワ ブルー(ロープ付き) 膨らんだ状態のウキワの内周は約85~90cm,イガラシ(Igarashi),イガラシ(Igarashi),おもちゃ > アクション・スポーツトイ > プール・水遊び,8302,4,,,1980,はい,2026-02-23以降,847,874,標準(小型),182,中小候補,GO,GO,GO,,,https://www.amazon.co.jp/dp/B0CYZMYVHW,
A,B0FG2Q2QVM,ZYTHRONE ゲームコントローラーホルダースタンド Nintendo Switch 2 Xbox PS5 PS4 対応、アルミニウム製ゲーミングヘッドホンス,ZYTHRONE,ZYTHRONE,家電＆カメラ > イヤホン・ヘッドホン > スタンド,14631,3,,,2600,はい,2026-02-23以降,1372,1626,標準1,282,大手/海外疑い,GO,GO,GO,,,https://www.amazon.co.jp/dp/B0FG2Q2QVM,
A,B002V8GWZ6,HGUC 機動戦士ガンダムUC AMS-129 ギラ・ズール 1/144スケール 色分け済みプラモデル,BANDAI SPIRITS(バンダイ スピリッツ),BANDAI SPIRITS(バンダイ スピリッツ),ホビー > プラモデル・模型 > プラモデル,11874,3,インフォームショップ【インボイス対応】 / AZARASEA STORE【適格請求書発行事業者】 / TOY'SCOOP,,5489,はい,2026-02-23以降,3257,3912,標準1,282,大手/海外疑い,GO,GO,GO,,,https://www.amazon.co.jp/dp/B002V8GWZ6,
A,B09V48H7NT,MOHEGIA 700×35C 自転車タイヤ 700C 37-622 ロードバイク クロスバイク クリンチャー 交換用 - 1本,MOHEGIA,MOHEGIA,スポーツ＆アウトドア > 自転車 > 自転車パーツ,20793,2,Endoccojp / Amazon US,,1881,はい,2026-02-23以降,876,798,標準1,282,中小候補,GO,GO,GO,,,https://www.amazon.co.jp/dp/B09V48H7NT,
A,B0FW4WZBNH,[デルフォニックス] ロルバーンフリーダイアリークリア L（クリアブルー）,Delfonics,DELFONICS(デルフォニックス),文房具・オフィス用品 > 手帳・カレンダー > 手帳,4054,2,,,1595,はい,2026-02-23以降,753,638,標準1,282,中小候補,GO,GO,GO,,,https://www.amazon.co.jp/dp/B0FW4WZBNH,
A,B0CBS73Q9W,[あめてまり] 裾除け パンツ ステテコ レディース 東レ 夏用 和装 着物 浴衣 下ばき すててこ 涼しい 涼感 吸湿 吸汗 女性用 股擦れ防止 裾よけ 下着,あめてまり,,ファッション > レディース > 服＆ファッション小物,7156,2,,,1780,はい,2026-02-23以降,963,1026,標準(小型),182,中小候補,GO,GO,GO,,,https://www.amazon.co.jp/dp/B0CBS73Q9W,
A,B0CNQ2KZHD,"【被せるだけ】アクリル本舗 Switch ドック用 スイッチカバー アクリルケース スイッチ 保管 ドックカバー 防水 (クリア, Switch用)",アクリル本舗,アクリル本舗,ゲーム > 機種別 > Nintendo Switch,946,2,,,1580,はい,2026-02-23以降,745,627,標準1,282,中小候補,GO,GO,GO,,,https://www.amazon.co.jp/dp/B0CNQ2KZHD,
A,B0CMLJKLNP,Remarks Japan Switch ブルー コントローラー スイッチ ワイヤレス 無線 ジャイロセンサー HD振動,RemarksJapan,Remarks Japan,ゲーム > 機種別 > Nintendo Switch,1262,2,,,1999,いいえ,繰越(境界後の記録なし),1017,983,標準1,282,中小候補,GO,GO,GO,,,https://www.amazon.co.jp/dp/B0CMLJKLNP,
A,B0FBTX3TMY,e-choice オイルチェンジャー ちぇんじくん(型番10001)専用 バキュームホース 10001-H,e-choice,e-choice,車＆バイク > 自動車整備工具 > 燃料・オイル用ツール,2580,2,,,2480,いいえ,繰越(境界後の記録なし),1430,1636,標準(小型),182,中小候補,GO,GO,GO,,,https://www.amazon.co.jp/dp/B0FBTX3TMY,
A,B0DBZL9GFW,ElecGear 2個 USB C充電ポートPCB 用の第2世代 PS4 コントローラー、DS4 を Micro-USB 入力ポートから USB Type-C ,ElecGear,ElecGear,パソコン・周辺機器 > PCパーツ,6677,2,ElecGear-JP / Amazon US,メーカー直販,1699,はい,2026-02-23以降,911,1075,標準(小型),182,中小候補,GO,GO,GO,,,https://www.amazon.co.jp/dp/B0DBZL9GFW,
A,B0DQTTX346,Beyond The Ice Palace 2(ビヨンド ジ アイス パレス) -Switch,オーイズミ・アミュージオ,オーイズミ・アミュージオ,ゲーム > 機種別 > Nintendo Switch,9602,4,,,1800,はい,2026-02-23以降,468,378,標準(小型),182,中小候補,GO,GO,GO,,,https://www.amazon.co.jp/dp/B0DQTTX346,
A,B005VACLGK,龍が如く 見参! PlayStation 3 the Best,セガ,セガ,ゲーム > 機種別 > レガシーシステム,8589,2,,,4856,はい,2026-02-23以降,1638,1908,標準(小型),182,中小候補,GO,GO,GO,,,https://www.amazon.co.jp/dp/B005VACLGK,
A,B0FMDZS1DS,【Aromira】ペットキャリー バッグ 猫用 犬用 小動物 小型犬用 折り畳み 4way 軽量 3面通気 洗える 猫 キャリー犬用キャリーバック 飛び出し防止,Aromira,Aromira,ペット用品 > 犬 > おでかけ用品,6616,3,Daguuu520 / guanshanyue-jp,,2399,はい,2026-02-23以降,955,837,標準2,332,中小候補,GO,GO,GO,,,https://www.amazon.co.jp/dp/B0FMDZS1DS,
A,B0DDG6CHPD,adelphos 車用キックガード シートバックポケット 3ポケット付き 撥水 防汚 防傷 マットPUレザー製 工具不要取付 ズレ防止3点固定 クッション2層構,adelphos,adelphos,車＆バイク > カーアクセサリ > シートカバー,8107,2,,,5180,はい,2026-02-23以降,2717,3206,大型,282,中小候補,GO,GO,見送り,FBA大型サイズ,,https://www.amazon.co.jp/dp/B0DDG6CHPD,
A,B0BXS9VX8V,【15個】マグネットローダー カードローダー マグネットホルダー トレーディングカード UVカット ３５ＰＴ カードケース カード保護 収納 トレカ保護ケース ,WejaGO,WejaGO,ホビー > コレクションカード・アクセサリ > カードサプライ・アクセサリ,2662,2,,,1599,はい,2026-02-23以降,627,473,標準1,282,中小候補,GO,GO,GO,,,https://www.amazon.co.jp/dp/B0BXS9VX8V,
A,B0DZGVJHHS,MANDARINE BROTHERS マンダリンブラザーズ ICY COZY MINI MAT アイシーコージーミニマット 犬 マット 接触冷感 クールマット ,マンダリンブラザーズ,マンダリンブラザーズ,ペット用品 > 犬 > 餌やり・水やり用品,20665,3,,,3850,はい,2026-02-23以降,2045,2327,標準1,282,大手/海外疑い,GO,GO,GO,,,https://www.amazon.co.jp/dp/B0DZGVJHHS,
A,B0CDKG6VCB,[ｋｏｎｔｅｘ] 【コンテックス】シュエット＜46272-002＞ スタイ 今治タオルブランド認定商品 よだれかけ ビブ エプロンスタイ 綿100% 柔らかい ,ｋｏｎｔｅｘ,,ベビー＆マタニティ > 授乳・食事 > スタイ・バープクロス,5526,5,,,1724,はい,2026-02-23以降,777,669,標準1,282,中小候補,NG,GO,見送り,回転不足(消化月数>3),,https://www.amazon.co.jp/dp/B0CDKG6VCB,
A,B0FF4HCZ8B,VOCE　2025年9月号　通常版,講談社,講談社,本 > ジャンル別 > 雑誌,70377,3,,,2694,はい,2026-02-23以降,1306,1361,標準1,282,中小候補,GO,GO,GO,,,https://www.amazon.co.jp/dp/B0FF4HCZ8B,
A,B0BFWP5KMB,【助産師推薦】円座クッション ドーナツクッション 産後 痔 高反発 カバー洗濯可 出産 妊婦 椅子 座布団 座椅子 ネイビー,RemarksJapan,RemarksJapan,ホーム＆キッチン > ラグ・カーテン・ファブリック > クッション・座布団,4598,2,,,1769,はい,2026-02-23以降,867,787,標準1,282,中小候補,GO,GO,GO,,,https://www.amazon.co.jp/dp/B0BFWP5KMB,
A,B00N89N1KG,愛知電線 VVF ケーブル2芯 2.0mm 15m 灰色 VVF2×2.0M15,愛知電線,,産業・研究開発用品 > エレクトロニクス部品 > 配線・接続部品,8495,3,,,5136,はい,2026-02-23以降,1891,2061,標準2,332,中小候補,GO,GO,GO,,,https://www.amazon.co.jp/dp/B00N89N1KG,
A,B07XKH42FT,【3袋セット】 チャオ (CIAO) 食塩無添加 高齢猫用柔らかふわふわかつお節 40g × 3袋,チャオ (CIAO),いなばペットフード,ペット用品 > 猫 > おやつ,5655,2,,,2480,はい,2026-02-23以降,1330,1392,標準1,282,中小候補,GO,GO,GO,,,https://www.amazon.co.jp/dp/B07XKH42FT,
A,B0F9DT3N3K,QISI 海外 マルチ変換プラグ 従来品より約20％小型化 200ヶ国対応 最大4台同時充電 Type-C 搭載 iPhone/Android機種急速充電 US,QISI,QISI,家電＆カメラ > アクセサリ・サプライ > 旅行用電源変換プラグ,13795,2,,,1513,はい,2026-02-23以降,801,919,標準(小型),182,中小候補,GO,GO,GO,,,https://www.amazon.co.jp/dp/B0F9DT3N3K,
A,B0FC5ZYXYQ,イクタノ 携帯用 哺乳瓶 シリコンブラシ スタンド 持ち運びセット 哺乳びん 乳首 おしゃぶり マグ 洗浄 (グレー),IKUTANO,IKUTANO,ベビー＆マタニティ > 授乳・食事 > 哺乳びん,1938,2,,,1780,はい,2026-02-23以降,855,771,標準1,282,中小候補,GO,GO,GO,,,https://www.amazon.co.jp/dp/B0FC5ZYXYQ,
A,B07Y9FX4CP,スドー アクアリウム用品 金魚の天然珠塩1kg × 2個,SUDO(スドー),スドー,ペット用品 > 水生ペット > 水槽のアクセサリ,2597,6,,,1760,はい,2026-02-23以降,800,634,標準2,332,中小候補,NG,GO,見送り,回転不足(消化月数>3),,https://www.amazon.co.jp/dp/B07Y9FX4CP,
A,B0G7XXSN5M,NYLON JAPAN(ナイロン ジャパン) 2026年 3月号 [雑誌] 【表紙：TAEHYUN（TOMORROW X TOGETHER） / guys表紙：,カエルム,カエルム,本 > ジャンル別 > 雑誌,139033,4,,,2136,はい,2026-02-23以降,358,121,標準1,282,中小候補,GO,GO,GO,,,https://www.amazon.co.jp/dp/B0G7XXSN5M,
A,B001EYTO4O,ガンダム無双2 - Xbox360,Bandai Namco,バンダイ,ゲーム > 機種別 > レガシーシステム,1615,3,,,4980,はい,2026-02-23以降,3055,3761,標準(小型),182,大手/海外疑い,GO,GO,GO,,,https://www.amazon.co.jp/dp/B001EYTO4O,
A,B005EMMI22,ショウエイ(SHOEI) ブレスガード F,ショウエイ(Shoei),ショウエイ(Shoei),車＆バイク > ヘルメットパーツ・アクセサリ,29044,2,,,2180,はい,2026-02-23以降,1196,1330,標準(小型),182,中小候補,GO,GO,GO,,,https://www.amazon.co.jp/dp/B005EMMI22,
A,B0C5S7T2TC,新課程 フォーカスゴールド　数学Ⅱ+B+C（ベクトル） 5th Edition　問題集本体別冊解答　　Focus Gold,啓林館,啓林館,本 > ジャンル別 > 教育・学参・受験,217387,2,,,4306,はい,2026-02-23以降,2177,2435,標準2,332,中小候補,GO,GO,GO,,,https://www.amazon.co.jp/dp/B0C5S7T2TC,
A,4058019514,D19 地球の歩き方 マレーシア ブルネイ 2023~2024,Gakken,地球の歩き方,本 > ジャンル別 > ノンフィクション,80389,2,ブックマーケティング(ご注文確定前に表示の到着予定日をご確認下さい、ご注文後のキャンセルご遠慮下さい / 松陰 書店 / タウンズマート,,5772,はい,2026-02-23以降,2051,2335,標準1,282,中小候補,GO,GO,GO,,,https://www.amazon.co.jp/dp/4058019514,
A,B0BCJLFZ56,JTC BABY てくてくウォーカー (ブラウン) 赤ちゃん用歩行器,JTC BABY,JTC,ベビー＆マタニティ > 室内遊具 > 歩行器,2024,3,,,7531,はい,2026-02-23以降,4216,5166,大型,282,中小候補,GO,GO,見送り,FBA大型サイズ,,https://www.amazon.co.jp/dp/B0BCJLFZ56,
A,B0CJJTFKTT,TNTOR モバイルバッテリー 軽量 小型 iPhone 17/16/15対応 Xperia Sony AQUOS Galaxy Xiaomiなど対応 スマホ充,TNTOR,"Shenzhen LDTEK Technology Co., Ltd",家電＆カメラ > 携帯電話・スマートフォン > 携帯電話・スマートフォンアクセサリ,8444,2,,,2382,はい,2026-02-23以降,1350,1697,標準(小型),182,大手/海外疑い,GO,GO,GO,,,https://www.amazon.co.jp/dp/B0CJJTFKTT,
A,1802637397,Numberblocks Annual 2026,Sweet Cherry Publishing,Sweet Cherry Publishing,洋書 > Subjects > Children's Books,1588,4,,,2800,はい,2026-02-23以降,1426,1517,標準1,282,中小候補,GO,GO,GO,,,https://www.amazon.co.jp/dp/1802637397,
A,B0DFPWN79Z,AUNEOS Apple Watch 42mm フィルム Series 10 対応 アップルウォッチ 液晶保護 フィルム 42mm 適用 TPU製 キズ修復機能,AUNEOS,AUNEOS,家電＆カメラ > 携帯電話・スマートフォン > 携帯電話・スマートフォンアクセサリ,8185,2,,,1503,はい,2026-02-23以降,794,910,標準(小型),182,大手/海外疑い,GO,GO,GO,,,https://www.amazon.co.jp/dp/B0DFPWN79Z,
A,4766844661,公式テキスト 法務3級 2025年度受験用,経済法令研究会,経済法令研究会,本 > ジャンル別 > 社会・政治,269588,4,,,4200,はい,2026-02-23以降,1382,1460,標準1,282,中小候補,GO,GO,GO,,,https://www.amazon.co.jp/dp/4766844661,
A,B0DR7WNZ9D,小型カメラ 隠しカメラ 小型ボディカメラ[超軽量27g 1080P画質 180°回転レンズ 録音/暗視機能/長時間録画 OTG性能対応]超小型カメラ 256GB,UYIKOO,UYIKOO,家電＆カメラ > カメラ > 防犯カメラ,12519,2,,,3822,はい,2026-02-23以降,2302,3044,標準(小型),182,中小候補,GO,GO,GO,,,https://www.amazon.co.jp/dp/B0DR7WNZ9D,
A,B07D1V4222,バック Bach トランペットパーツ 第三抜き差し管止めネジ・ストップナット 銀メッキ仕上げ 【メーカー純正パーツ】,Vincent Bach,Bach,楽器・音響機器 > 管・吹奏楽器 > 管・吹奏楽器アクセサリ,1941,2,,,1800,はい,2026-02-23以降,988,1058,標準(小型),182,中小候補,GO,GO,GO,,,https://www.amazon.co.jp/dp/B07D1V4222,
A,B0CPHMW95G,【PS5】The Last of Us Part II Remastered【Amazon.co.jp限定】 オリジナル壁紙(※有効期限切れのため入手不可・使用,ソニー・インタラクティブエンタテインメント,ソニー・インタラクティブエンタテインメント,ゲーム > 機種別 > プレイステーション5,881,2,決算セール中！t.tショップ【インボイス対応店】 / 1417モデル,,5500,はい,2026-02-23以降,3393,4203,標準(小型),182,大手/海外疑い,GO,GO,GO,,,https://www.amazon.co.jp/dp/B0CPHMW95G,
A,B07F1MJZGS,【横トナ】ブラザー(Brother)用 TN-29J ブラック 単品 互換トナーカートリッジ 残量表示対応 粒が均一で粒が球形に加工されたパウダー 対応機種:M,横トナ,横トナ,パソコン・周辺機器 > PCアクセサリ・サプライ > プリンタアクセサリ,9972,2,,,1890,はい,2026-02-23以降,762,762,標準1,282,大手/海外疑い,GO,GO,GO,,,https://www.amazon.co.jp/dp/B07F1MJZGS,
A,B0BJJTJZ25,アンジュスマイル 乳歯ケース 乳歯入れ アクリル 成長の記念に エレファント型 収納ケース 産毛入れ瓶付き 自立型で飾れる ピンク,アンジュスマイル,ちゃいなび,ベビー＆マタニティ > 出産祝い・ギフト・メモリアル > メモリアルグッズ,2886,2,,,2673,はい,2026-02-23以降,1281,1328,標準1,282,中小候補,GO,GO,GO,,,https://www.amazon.co.jp/dp/B0BJJTJZ25,
A,B0049P2VB8,AIR WING(エアーウィング) エアーウィング プロ 16cm×50cm アイボリー,AIR WING,,ホーム＆キッチン > 家電 > 空調・季節家電,12007,5,,,2142,はい,2026-02-23以降,970,921,大型,282,中小候補,NG,GO,見送り,FBA大型サイズ / 回転不足(消化月数>3),,https://www.amazon.co.jp/dp/B0049P2VB8,
A,B0C817JRLF,ペットセレクト ペットゲート とおせんぼ (M) またぎやすい 高さ50ｃｍ 幅90～140cm 伸縮可能 突っ張りタイプ ソフトフェンス,ＰＥＴ　ＳＥＬＥＣＴ,日本育児（Pet Select by Nihonikuji）,ベビー＆マタニティ > セーフティー > ベビーゲート,2568,2,,,5980,はい,2026-02-23以降,3410,4112,不明,282,中小候補,GO,GO,GO,,,https://www.amazon.co.jp/dp/B0C817JRLF,
A,B0CQT8ZS7K,TreasLin Switchドック30Wスイッチ充電器acアダプター4K60Hz HDMIテレビ出力 ドックなし充電用のUSB-C端子、画面出力用のHDMI端,TreasLin,"SHENZHEN AN RUI XIN TECHNOLOGY CO.,LTD.",ゲーム > 機種別 > レガシーシステム,2268,2,,,1999,はい,2026-02-23以降,833,856,標準(小型),182,中小候補,GO,GO,GO,,,https://www.amazon.co.jp/dp/B0CQT8ZS7K,
A,B09W98VSH2,MEKOMEKO 適合 新型 カローラクロス 専用 パワーウィンドウ スイッチ カバー ドア ウィンドウ ボタン ドアスイッチパネル インテリアパネル 内装 パ,MEKOMEKO,MEKOMEKO,車＆バイク > カーパーツ > 内装パーツ,23251,2,,,5298,はい,2026-02-23以降,2472,2886,標準1,282,中小候補,GO,GO,GO,,,https://www.amazon.co.jp/dp/B09W98VSH2,
A,B0FVDQ6XNF,サライ 2025年 12月号,小学館,小学館,本 > ジャンル別 > 雑誌,210774,2,,,2132,はい,2026-02-23以降,936,877,標準1,282,中小候補,GO,GO,GO,,,https://www.amazon.co.jp/dp/B0FVDQ6XNF,
A,B0BS22DC42,ロジテックダイレクト CDプレーヤー Bluetooth 搭載 ワイヤレス 再生速度調整 手元リモコン付き 語学学習 LCP-PAPB02WHLWD,ロジテックダイレクト,ロジテックダイレクト,家電＆カメラ > ポータブルオーディオ > ポータブルCDプレーヤー,13956,3,,,6880,はい,2026-02-23以降,3566,4730,標準1,282,中小候補,GO,GO,GO,,,https://www.amazon.co.jp/dp/B0BS22DC42,
A,B09JKD7KWJ,永和 ムーミン補助便座 ベビー トイレトレーニング おまる・補助便座 取っ手付き おしっこガード 飛び散り防ぐ 滑り止め 丸洗い 組み立て簡単,永和,永和,ベビー＆マタニティ > おむつ・トイレ > おまる・便座,3551,3,,,2024,はい,2026-02-23以降,765,653,標準1,282,中小候補,GO,GO,GO,,,https://www.amazon.co.jp/dp/B09JKD7KWJ,
A,4798641014,仮面ライダーガヴ 公式完全読本 (HOBBY JAPAN MOOK),ホビージャパン(HobbyJAPAN),ホビージャパン,本 > ジャンル別 > 趣味・実用,156352,3,,,4712,はい,2026-02-23以降,1516,1635,標準1,282,中小候補,GO,GO,GO,,,https://www.amazon.co.jp/dp/4798641014,
A,4487810329,はじめてのジョリーフォニックス ―ステューデントブック―,東京書籍,東京書籍,本 > ジャンル別 > 語学・辞事典・年鑑,217663,4,,,3063,はい,2026-02-23以降,425,209,標準1,282,中小候補,GO,GO,GO,,,https://www.amazon.co.jp/dp/4487810329,
A,B0CW3C6FNY,EAST TOP ハーモニカセット 7調（A Bb C D E F G ） 10穴ハーモニカ10ホール20トーン ステンレスカバー ABSケース 清潔布 初心者,East top,East top,楽器・音響機器 > 管・吹奏楽器 > フォーク・トラディショナル吹奏楽器,1647,2,East top JP,メーカー直販,7399,はい,2026-02-23以降,2967,3533,標準1,282,中小候補,GO,GO,見送り,相乗り出品が基準未満（卸している証拠なし）,,https://www.amazon.co.jp/dp/B0CW3C6FNY,
A,B0FTFGKK4L,リンネル 2026年1月号増刊,宝島社,宝島社,本 > ジャンル別 > 暮らし・健康・子育て,89251,3,,,2270,はい,2026-02-23以降,798,697,標準1,282,中小候補,GO,GO,GO,,,https://www.amazon.co.jp/dp/B0FTFGKK4L,
A,B0B45ZRBQR,【SUV・MPV 対応】Snowon 車中泊 マット 2026年最新 エアーベッド 厚さ10cm 6個独立気室 車載エアーベッド ヴォクシー セレナ フリード ,Snowon,Snowon,車＆バイク > カーアクセサリ > 車中泊マット,8721,2,,,5580,はい,2026-02-23以降,3262,3854,標準2,332,中小候補,GO,GO,GO,,,https://www.amazon.co.jp/dp/B0B45ZRBQR,
A,B0FM8BF8CL,LICHIFIT For JBL Partybox Encore Essential 2/1用収納バッグ 大容量 旅行用ストカバーストレージバッグ 収納ケース ,LICHIFIT,Leagoods,楽器・音響機器 > PA音響機器 > 機材ケース・ラック,3603,2,,,6950,はい,2026-02-23以降,3345,4027,標準1,282,中小候補,GO,GO,GO,,,https://www.amazon.co.jp/dp/B0FM8BF8CL,
A,B09N8YMDXW,【屋外対応】 タイヤカバー 4本セット 防水 高耐久性 防紫外線 防塵 持ち手付 固定紐付 簡単装着 水洗い可 各車種対応 収納袋付き 屋外 屋内 タイヤ保管 ,SUNGRAN,SUNGRAN,車＆バイク > カータイヤ・ホイール > パーツ・アクセサリ,7822,2,MONO KOTO DEPT.,,2980,はい,2026-02-23以降,1655,1817,標準1,282,中小候補,GO,GO,見送り,相乗り出品が基準未満（卸している証拠なし）,,https://www.amazon.co.jp/dp/B09N8YMDXW,
A,B0G7HYQTS3,BrFoYu シューズラック 10段 靴 収納 大容量 シューズオーガナイザーシェルフ ダストカバー＆4つのサイドポケット付き 靴棚 防錆メタル製シューズラック,BrFoYu,BrFoYu,ホーム＆キッチン > 収納用品 > シューズ収納,10184,2,,,2478,はい,2026-02-23以降,1263,1240,標準2,332,中小候補,GO,GO,GO,,,https://www.amazon.co.jp/dp/B0G7HYQTS3,
A,B0FR9JYMVZ,エポキシ樹脂 2液性レジン液 大容量4kg/128oz エポキシレジン 高い透明 セルフレベリング 自然硬化 黄変防止 高光沢 レジンセット 体積比1:1 レジ,Zssuo,Zssuo,ホビー > 手芸・画材 > ビーズ・レジン・アクセサリ,6027,2,,,7999,はい,2026-02-23以降,3879,4661,標準2,332,中小候補,GO,GO,GO,,,https://www.amazon.co.jp/dp/B0FR9JYMVZ,
A,B0CRL3P11Y,オーディオテクニカ ATR4800-USB PC用 USBマイク コンデンサーマイク USB端子 ミュートボタン 小型 Web会議 ボイスチャット 配信 Win,Audio Technica(オーディオテクニカ),Audio Technica(オーディオテクニカ),パソコン・周辺機器 > ウェブカメラ・IP電話機器 > PC用マイク,7953,5,,,4799,はい,2026-02-23以降,2394,3174,標準(小型),182,中小候補,NG,GO,見送り,回転不足(消化月数>3),,https://www.amazon.co.jp/dp/B0CRL3P11Y,
A,B0G91DF5PD,smart(スマート) 3月・4月合併号　表紙：菅田将暉,宝島社,宝島社,本 > ジャンル別 > 暮らし・健康・子育て,140444,3,,,3850,はい,2026-02-23以降,934,874,標準1,282,中小候補,GO,GO,GO,,,https://www.amazon.co.jp/dp/B0G91DF5PD,
A,B081YVCB2L,キャプテンスタッグ(CAPTAIN STAG) テーブル 食事がしやすい高さ レジャーシートが入る トランクテーブル 幅90×奥行45×高さ37・60cm 高さ,キャプテンスタッグ(CAPTAIN STAG),キャプテンスタッグ(CAPTAIN STAG),スポーツ＆アウトドア > アウトドア > テーブル・チェア・ハンモック,5167,2,,,7980,はい,2026-02-23以降,3579,4333,大型,282,中小候補,GO,GO,見送り,FBA大型サイズ,,https://www.amazon.co.jp/dp/B081YVCB2L,
A,B0DK6NSHK7,【整備済み品】 WD 内蔵HDD Green 1TB 3.5inch SATA3.0（SATA 6 Gb/s） 64MB Intellipower WD10EZ,ウエスタンデジタル(Western Digital),Western Digital,パソコン・周辺機器 > PCパーツ > 内蔵ハードディスク,10314,2,,,5180,はい,2026-02-23以降,2978,3898,標準1,282,中小候補,GO,GO,GO,,,https://www.amazon.co.jp/dp/B0DK6NSHK7,
A,B0CN6H9F84,八番屋 犬 水飲み器 スタンド ペット 猫 給水器スタンド SUS304 約W23XD26XH45cm 方形トップ ステンレス鋼,八番屋,八番屋,ペット用品 > 犬 > 餌やり・水やり用品,4401,2,,,2390,はい,2026-02-23以降,1270,1313,大型,282,中小候補,GO,GO,見送り,FBA大型サイズ,,https://www.amazon.co.jp/dp/B0CN6H9F84,
A,B0FF1WD113,Taiyuanyuan マグネット式 メタルプッシュフィジェットスライダー ストレス解消 ガジェット 音叉効果付き EDC 暇つぶし 大人向け クリスマス/誕生,taiyuanyuan,taiyuanyuan,おもちゃ > おもちゃ雑貨・手品 > フィジェットトイ,9284,2,,,3080,はい,2026-02-23以降,1820,2146,標準(小型),182,中小候補,GO,GO,GO,,,https://www.amazon.co.jp/dp/B0FF1WD113,
A,B0FQ554K3W,[Vulmoon] リュック 大容量 メンズ 50L 登山 バックパック 防水 軽量 防災リュック アウトドア リュックサック出張 通勤 海外旅行,Vulmoon,,ファッション > バッグ・スーツケース > リュック・バックパック,7622,2,,,2659,はい,2026-02-23以降,1446,1544,標準1,282,中小候補,GO,GO,GO,,,https://www.amazon.co.jp/dp/B0FQ554K3W,
A,4402252504,Vision Quest Insight英文法・語法・熟語問題集,新興出版社啓林館,新興出版社啓林館,本 > ジャンル別 > 語学・辞事典・年鑑,28062,2,,,2480,はい,2026-02-23以降,790,686,標準1,282,中小候補,GO,GO,GO,,,https://www.amazon.co.jp/dp/4402252504,
A,B0DGCWG58P,GIMUYA ホンダ 新型 フリード GT系 LED ルームランプ 3色 カラー 切り替え 5段階調光 記憶機能 室内灯 3代目 FREED GT1/2/3/4,GIMUYA,GIMUYA,車＆バイク > カーパーツ > ライト・ランプ,22888,2,,,3980,はい,2026-02-23以降,1887,2234,標準(小型),182,中小候補,GO,GO,GO,,,https://www.amazon.co.jp/dp/B0DGCWG58P,
A,B095GVTRV5,PROUD&DIONE ハンドルカバー 軽自動車 普通車 sサイズ ステアリングカバー キルティング かわいい オシャレ 軽 汎用 車 ブラック 車小物 車用品,PROUD&DIONE,PROUD&DIONE,車＆バイク > カーパーツ > 内装パーツ,9038,2,,,1790,はい,2026-02-23以降,869,790,不明,282,中小候補,GO,GO,GO,,,https://www.amazon.co.jp/dp/B095GVTRV5,
A,B0BSXG65T9,ペットフェンス ペットサークル ドア付き 室内 屋外 置くだけ 柵 自立 ケージ 小型犬 ジョイント式 105×45cm パネル 12枚 仕切り 脱走防止 10,ZAFA,ペットフェンス,ペット用品 > 犬 > ドッグハウス・ケージ,10138,3,,,2855,はい,2026-02-23以降,1378,1455,大型,282,中小候補,GO,GO,見送り,FBA大型サイズ,,https://www.amazon.co.jp/dp/B0BSXG65T9,
A,B00F2RZ7PY,コーパス 簡単!チラシ印刷千客万来5,コーパス,コーパス,PCソフト > ジャンル別 > 生活・実用,4739,3,,,5000,はい,2026-02-23以降,3068,3778,標準(小型),182,中小候補,GO,GO,GO,,,https://www.amazon.co.jp/dp/B00F2RZ7PY,
A,B0BQQLFQ59,Cubilux SPDIF - USB A 入力アダプター【ステレオ録音専用、オーディオ再生用ではない】USB 光ラインインドングル、Toslink to US,Cubilux,Cubilux,パソコン・周辺機器 > 無線LAN・ネットワーク機器 > ネットワークアダプタ,8741,2,,,2490,はい,2026-02-23以降,1420,1795,標準(小型),182,中小候補,GO,GO,GO,,,https://www.amazon.co.jp/dp/B0BQQLFQ59,
A,B0DQCRZMMS,"Cospys PSA 収納 ケース カード マグネット式 ストレージボックス 鑑定品を保管 (PSA用, ブラック×ブルー)",Cospys,Cospys,ホビー > コレクションカード・アクセサリ > カードサプライ・アクセサリ,1695,2,,,2680,はい,2026-02-23以降,1460,1562,標準1,282,中小候補,GO,GO,GO,,,https://www.amazon.co.jp/dp/B0DQCRZMMS,
A,B0FB9C3L6G,ベビー布団 敷布団のみ マットレス 【シャワーで洗える/ムレない工夫◎】 ベビーベッド マットレス 洗える お昼寝布団 保育園 敷き布団のみ 持ち運び 軽量 キ,tecopeco,tecopeco,ベビー＆マタニティ > ベビー布団・寝具 > ベビー布団,10175,2,,,6280,はい,2026-02-23以降,3800,4622,大型,282,中小候補,GO,GO,見送り,FBA大型サイズ,,https://www.amazon.co.jp/dp/B0FB9C3L6G,
A,B087G19WQD,ニッチプラス(Nicheplus)テイクアウト用 ダブルウォールカップ 未晒 クラフト(280ml)専用フタ付(開閉式タイプ)50個セット NDW,ニッチプラス(Niche Plus),ニッチプラス(Niche Plus),ホーム＆キッチン > 食器・グラス・カトラリー > 使い捨て食器,6744,2,,,1980,はい,2026-02-23以降,888,814,標準1,282,中小候補,GO,GO,GO,,,https://www.amazon.co.jp/dp/B087G19WQD,
A,B0GDGL31WK,LUWU シエンタ10系/15系 スマホホルダー 【テープ不要で取り付け】 シエンタ10系 アクセサリー シエンタ15系 カスタムパーツ,LUWU,LUWU,車＆バイク > カーアクセサリ > 携帯電話・スマートフォンアクセサリ,18188,2,,,2499,はい,2026-02-23以降,1171,1298,標準(小型),182,中小候補,GO,GO,GO,,,https://www.amazon.co.jp/dp/B0GDGL31WK,
A,4334105610,川瀬もえ １ｓｔ写真集 Manual,光文社,光文社,本 > ジャンル別 > アート・建築・デザイン,72001,3,,,6815,はい,2026-02-23以降,2292,2650,標準1,282,中小候補,GO,GO,GO,,,https://www.amazon.co.jp/dp/4334105610,
A,B0C7VC2Y21,アイリスオーヤマ スマートリモコン 帰宅前に暖房オンで部屋を暖かく フレーズ設定で家電を一気にON/OFF お部屋のリモコンを一本化 SMT-RC2-B Ale,アイリスオーヤマ(IRIS OHYAMA),アイリスオーヤマ(IRIS OHYAMA) (AAEZP),家電＆カメラ > テレビ・レコーダー > アクセサリ,59964,3,,,3937,はい,2026-02-23以降,1291,1613,標準(小型),182,大手/海外疑い,GO,GO,GO,,,https://www.amazon.co.jp/dp/B0C7VC2Y21,
A,B07YCF19QN,モリグリーン エンジンオイル クリーンディーゼル 5W-30 DL-1 1L 全合成油 0470124,モリグリーン(Moly Green),モリグリーン(Moly Green),車＆バイク > オイル・フルード > オイル,10290,4,,,3280,はい,2026-02-23以降,527,277,標準2,332,中小候補,GO,GO,GO,,,https://www.amazon.co.jp/dp/B07YCF19QN,
A,B09JFPBR95,ゴルフプライド MCC TEAMS PLUS4 MID チームズ プラス4 ミッドサイズ グリップ ウッド・アイアン・クラブ用 カラー：ロイヤル/ホワイト,ゴルフプライド(Golf Pride),ゴルフプライド(Golf Pride),スポーツ＆アウトドア > ゴルフ > ゴルフクラブ用パーツ,11435,6,,,2100,はい,2026-02-23以降,985,941,標準1,282,中小候補,NG,GO,見送り,回転不足(消化月数>3),,https://www.amazon.co.jp/dp/B09JFPBR95,
A,B0CTGZ2CVJ,Pearl Flute x anello コラボレーション・ワンショルダーバッグ 撥水加工 #ブラック ANL-FLOS1#B,Pearl Flute,Pearl Flute,楽器・音響機器 > 管・吹奏楽器 > 管・吹奏楽器アクセサリ,2232,4,,,6732,はい,2026-02-23以降,3656,4434,標準1,282,中小候補,GO,GO,GO,,,https://www.amazon.co.jp/dp/B0CTGZ2CVJ,
A,B09X6QSQLM,エレコム 洗える ワイヤレスキーボード 防水 IPX5対応 メンブレン フルサイズ テンキー付 抗菌 ホワイト TK-WS02DMKWH,エレコム(ELECOM),エレコム(ELECOM),パソコン・周辺機器 > キーボード・マウス・入力機器 > パソコン用キーボード,11621,4,,,5200,はい,2026-02-23以降,1408,1676,大型,282,大手/海外疑い,GO,GO,見送り,FBA大型サイズ,,https://www.amazon.co.jp/dp/B09X6QSQLM,
A,B07TD3ZXPC,担架 折りたたみ 布担架 簡易担架 防災の達人 ストレッチャー 救急 救護 災害 防災 介護 患者移動用シート 安全ベルト LUERME しっかりした持ち手 収,LUERME,LUERME,DIY・工具・ガーデン > 安全・セキュリティ > 担架,9785,4,,,2246,はい,2026-02-23以降,998,958,標準1,282,中小候補,GO,GO,GO,,,https://www.amazon.co.jp/dp/B07TD3ZXPC,
A,B09GS6F6KV,Among Us: Crewmate Edition - PS4(【同梱物】オリジナル壁紙セット(全6種/DLコード)、MIRA HQ ホログラムアクセスカード,H2 Interactive,H2 Interactive,ゲーム > 機種別 > プレイステーション4,2154,3,,,5672,はい,2026-02-23以降,1378,1568,標準(小型),182,中小候補,GO,GO,GO,,,https://www.amazon.co.jp/dp/B09GS6F6KV,
A,4046067810,この1冊で合格! 土木系YouTuber雅の2級土木施工管理技術検定【第1次・第2次】 テキスト&問題集 2024年版,KADOKAWA,KADOKAWA,本 > ジャンル別 > ビジネス・経済,57813,6,,,4059,はい,2026-02-23以降,2128,2436,標準1,282,中小候補,NG,GO,見送り,回転不足(消化月数>3),,https://www.amazon.co.jp/dp/4046067810,
A,B078HHN4GH,ケルヒャー(KARCHER) 用 クイックコネクトのみ ねじG1/4 変換プラグ アタッチメント,K エアコン洗浄プロ by kouing,K エアコン洗浄プロ by kouing,DIY・工具・ガーデン > 電動工具・エア工具 > 高圧洗浄機・アクセサリ,10372,2,,,3060,はい,2026-02-23以降,1780,2094,標準(小型),182,中小候補,GO,GO,GO,,,https://www.amazon.co.jp/dp/B078HHN4GH,
A,B0F4XQ4516,Duet（デュエット）2025年6月号,集英社,集英社,本 > ジャンル別 > 雑誌,228715,2,,,1999,はい,2026-02-23以降,1017,983,標準1,282,中小候補,GO,GO,GO,,,https://www.amazon.co.jp/dp/B0F4XQ4516,
A,B0F2RW4B8L,[VmanKu] レディース 水着 スクール水着 セパレート 2点セット タンキニ フィットネス水着 体型カバー 可愛い 半袖ラッシュガード 学生 速乾性 練習,VmanKu,,ファッション > レディース > 服＆ファッション小物,12981,2,,,1881,はい,2026-02-23以降,940,882,標準1,282,中小候補,GO,GO,GO,,,https://www.amazon.co.jp/dp/B0F2RW4B8L,
A,B0BNTNZX6W,山崎実業 Yamazaki フィルムフック トイレ用品用ブラック 約 W3×D9.3×H7.5cm（フィルムフック含まず）タワー Tower 補助便座・お掃除用,Yamazaki(山崎実業),山崎実業(Yamazaki),ホーム＆キッチン > 収納用品 > トイレ収納,9320,4,,,2035,はい,2026-02-23以降,629,589,標準(小型),182,中小候補,GO,GO,GO,,,https://www.amazon.co.jp/dp/B0BNTNZX6W,
A,B0BG356ZS2,ポータブル 拡声器 メガホン ハンズフリー マイク付きヘッドセット付属 小型 スピーカー USB microSD 音楽再生 イベント 講演会 説明会 アウトドア,RemarksJapan,RemarksJapan,スポーツ＆アウトドア > スポーツケア・アクセサリ・競技備品 > スポーツアクセサリー,6184,2,ONEBEST1+【インボイス発行事業者】 / Remarks Japan,メーカー直販,1569,いいえ,繰越(境界後の記録なし),737,617,標準1,282,中小候補,GO,GO,GO,,,https://www.amazon.co.jp/dp/B0BG356ZS2,
A,B01M7X41IO,スーパーロボット大戦V ープレミアムアニメソング&サウンドエディションー【初回封入特典】スーパーロボット大戦25周年記念「初回封入3大特典」 通常版/限定版の初,PlayStation,バンダイナムコエンターテインメント,ゲーム > 機種別 > プレイステーション4,3696,6,,,7180,はい,2026-02-23以降,3620,4500,標準(小型),182,大手/海外疑い,NG,GO,見送り,回転不足(消化月数>3),,https://www.amazon.co.jp/dp/B01M7X41IO,
A,B0FFB5YPWR,CosyCorner LEDドローイングボード 子供用 ネオンエフェクト付き 42.2cm 充電式ライトアップタブレット 20時間以上バッテリー 7本のマーカー,CosyCorner,"Shantou Gege E-commerce Co., Ltd",ホビー > 手芸・画材 > 描画・絵画,9531,2,,,3999,はい,2026-02-23以降,1161,1107,標準2,332,中小候補,GO,GO,GO,,,https://www.amazon.co.jp/dp/B0FFB5YPWR,
A,B08VN2FLN3,nanoblock ナノブロック モーターサイクル NBH_219,nanoblock,カワダ(Kawada),おもちゃ > ブロック > ブロックセット,13255,4,,,2890,はい,2026-02-23以降,993,1065,標準(小型),182,中小候補,GO,GO,GO,,,https://www.amazon.co.jp/dp/B08VN2FLN3,
A,B07Z5BNRNY,ピジョン ストローボトル クルット フラワー,PIGEON,ピジョン,ベビー＆マタニティ > 授乳・食事 > ベビー食器,6445,4,,,2231,はい,2026-02-23以降,467,377,標準(小型),182,中小候補,GO,GO,GO,,,https://www.amazon.co.jp/dp/B07Z5BNRNY,
A,B07962X6DW,レック 抗菌 たためる シンク 水切り コーナーラック 幅45cm KK00102,レック(LEC),レック(LEC),ホーム＆キッチン > キッチン用品 > シンク周り用品,6342,2,,,1680,はい,2026-02-23以降,719,593,標準1,282,中小候補,GO,GO,GO,,,https://www.amazon.co.jp/dp/B07962X6DW,
A,4753022005,建築設備関係法令集 令和8年版,井上書院,井上書院,本 > ジャンル別 > アート・建築・デザイン,262808,3,,,6547,はい,2026-02-23以降,2549,2986,標準1,282,中小候補,GO,GO,GO,,,https://www.amazon.co.jp/dp/4753022005,
A,B08R9KQSQT,RightOn! STRAPS (ライトオン ストラップス) アコースティックギター用 ネックストラップ NECK STRAP LINK PRO BROWN,RightOn! Straps,RightOn! STRAPS,楽器・音響機器 > ギター > ギターアクセサリ,2716,5,,,2200,はい,2026-02-23以降,923,973,標準(小型),182,中小候補,NG,GO,見送り,回転不足(消化月数>3),,https://www.amazon.co.jp/dp/B08R9KQSQT,
A,B00AEKIX14,龍が如く OF THE END PS3 the Best,セガ,セガ,ゲーム > 機種別 > レガシーシステム,5567,3,,,3380,はい,2026-02-23以降,2015,2401,標準(小型),182,中小候補,GO,GO,GO,,,https://www.amazon.co.jp/dp/B00AEKIX14,
A,B0FMF1PJ3G,【Aromira】ペットキャリー バッグ 猫用 犬用 小動物 小型犬用 折り畳み 4way 軽量 3面通気 洗える 猫 キャリー犬用キャリーバック 飛び出し防止,Aromira,Aromira,ペット用品 > 犬 > おでかけ用品,6616,4,,,2210,はい,2026-02-23以降,919,790,標準2,332,中小候補,GO,GO,GO,,,https://www.amazon.co.jp/dp/B0FMF1PJ3G,
A,4040006585,怪物,KADOKAWA,KADOKAWA,本 > ジャンル別 > エンターテイメント,85361,2,,,4841,はい,2026-02-23以降,850,764,標準1,282,中小候補,GO,GO,見送り,Amazon本体あり(availabilityAmazon=2),,https://www.amazon.co.jp/dp/4040006585,
A,B0FLCHWFWN,[BUKKUUE] リュック メンズ 大容量 ビジネスリュック 防水 15.6インチ PCリュック 軽量 機内持ち込み 通勤 出張 旅行 防災,BUKKUUE,,ファッション > バッグ・スーツケース > リュック・バックパック,16214,2,,,3321,はい,2026-02-23以降,1876,2106,標準1,282,中小候補,GO,GO,GO,,,https://www.amazon.co.jp/dp/B0FLCHWFWN,
A,B0CJ4X1VJT,エンラージ商事 ZR-V シビック HondaCONNECTディスプレイ対応 ナビキャンセラー 機能切替可能,EnlargeCorp,株式会社エンラージ商事,車＆バイク > カーナビ・カーエレクトロニクス > 車載モニターアクセサリ,8365,2,,,5382,はい,2026-02-23以降,3036,3736,標準(小型),182,中小候補,GO,GO,GO,,,https://www.amazon.co.jp/dp/B0CJ4X1VJT,
A,B012WMTH3Y,三味線用 白象印 プラスティック撥（長唄用） (大サイズ),白象,白象,楽器・音響機器 > 弦楽器 > 弦楽器アクセサリ,1079,2,,,4080,はい,2026-02-23以降,2443,2961,標準(小型),182,大手/海外疑い,GO,GO,GO,,,https://www.amazon.co.jp/dp/B012WMTH3Y,
A,B0FW4YX8KH,[デルフォニックス] ロルバーンフリーダイアリークリア L（クリアピンク）,Delfonics,DELFONICS(デルフォニックス),文房具・オフィス用品 > 手帳・カレンダー > 手帳,4054,4,,,1565,はい,2026-02-23以降,633,481,標準1,282,中小候補,GO,GO,GO,,,https://www.amazon.co.jp/dp/B0FW4YX8KH,
A,B08W54DLTY,日本農薬 除草剤 バサグラン 粒剤 3kg,日本農薬,日本農薬,DIY・工具・ガーデン > ガーデン > 肥料・園芸薬剤,15145,3,,,4510,はい,2026-02-23以降,2113,2351,標準2,332,中小候補,GO,GO,GO,,,https://www.amazon.co.jp/dp/B08W54DLTY,
A,477722810X,"2025共通テスト総合問題集 数学II,数学B,数学C (河合塾SERIES)",河合出版,河合出版,本 > ジャンル別 > 科学・テクノロジー,207532,5,,,3311,はい,2026-02-23以降,1375,1451,標準1,282,中小候補,NG,GO,見送り,回転不足(消化月数>3),,https://www.amazon.co.jp/dp/477722810X,
A,B0D5YT55J4,【公式】 アイデス キックスクーター ポケモンS｜三輪 安定感 折りたたみ式 高さ調整OK 4歳から 子供用 ギフトに最適,アイデス(Ides),アイデス㈱,おもちゃ > 乗用玩具・三輪車 > キックスクーター,28091,3,,,6980,はい,2026-02-23以降,3846,4683,大型,282,中小候補,GO,GO,見送り,FBA大型サイズ,,https://www.amazon.co.jp/dp/B0D5YT55J4,
A,B0CB2Z8GFG,メガハウス(MegaHouse) るかっぷ 呪術廻戦 夏油傑 高専ver. 約110mm PVC製塗装済み可動フィギュア,メガハウス(MegaHouse),メガハウス(MegaHouse),ホビー > フィギュア・コレクタードール,36964,6,,,4580,はい,2026-02-23以降,2104,2518,標準(小型),182,中小候補,NG,GO,見送り,回転不足(消化月数>3),,https://www.amazon.co.jp/dp/B0CB2Z8GFG,
A,B00AH74OUI,荘快堂 安全長脚絆 マッジクタイプ ブラック K-60 特大,SOKAIDO(ソウカイドウ),SOKAIDO(ソウカイドウ),産業・研究開発用品 > 安全・保護用品 > 地下足袋,7587,3,コロポックル商会 / ＫＧ商会 / シューズショップ nonnonxx2001,,5400,はい,2026-02-23以降,3228,3874,標準1,282,中小候補,GO,GO,GO,,,https://www.amazon.co.jp/dp/B00AH74OUI,
A,B0FVX5WLJ8,Zaahir 電動シャボン玉ガン バブルガン 【かわいいイルカ·2色セット】 電池式 自動 バブルマシーン 子供 外遊び 誕生日プレゼント,Zaahir,Zaahir,おもちゃ > アクション・スポーツトイ > シャボン玉,2424,3,,,2549,はい,2026-02-23以降,1186,1204,標準1,282,中小候補,GO,GO,GO,,,https://www.amazon.co.jp/dp/B0FVX5WLJ8,
A,B0D1BYV5ZC,Grpoche フローリング 補修 床 補修 木製品補修クリーム 木製品キズ補修セット 12色 木材補修用パテ キズ直し キズ隠し キズ消し 補修DIY フロー,grpoche,Grpoche,産業・研究開発用品 > 接着・補修 > 木製品・フローリング傷補修用品,7437,2,,,2072,はい,2026-02-23以降,1051,1027,標準1,282,中小候補,GO,GO,GO,,,https://www.amazon.co.jp/dp/B0D1BYV5ZC,
A,B0F4Q918RV,[モンベル] 日傘 折りたたみ 晴雨兼用 軽量 折りたたみ傘 折り畳み傘 メンズ レディース トラベル サンブロックアンブレラ 55 1128751 ブルーグリ,Mont-bell(モンベル),,ファッション > メンズ,15920,6,,,7980,はい,2026-02-23以降,4697,5795,標準1,282,中小候補,NG,GO,見送り,回転不足(消化月数>3),,https://www.amazon.co.jp/dp/B0F4Q918RV,
A,B0G33HHG8L,52TOYS BLINDBOX Zootopia Cute Crew「ズートピア フレンズ」シリーズ ぬいぐるみブラインドボックス フィギュア ガチャガチャ コ,52TOYS,52TOYS,ホビー > フィギュア・コレクタードール,8339,3,52TOYS OFFICIAL / TOYSLINKS / サンズオンラインストア,メーカー直販,5200,はい,2026-02-23以降,3098,3704,標準1,282,中小候補,GO,GO,GO,,,https://www.amazon.co.jp/dp/B0G33HHG8L,
A,B0D5VHYVMB,L&L ベビーチェア テーブル付き 持ち運び 折りたたみ ローチェア キッズチェア ベビーシート 離乳食 6ヶ月～3歳 耐荷重15kg グレー,L&L,L&L,ベビー＆マタニティ > ベビー家具・収納 > ベビーチェア,3198,2,,,3480,はい,2026-02-23以降,1580,1655,標準2,332,中小候補,GO,GO,GO,,,https://www.amazon.co.jp/dp/B0D5VHYVMB,
A,B0D1YDTSYW,GIMUYA 【60秒で取付】 アルファード 30系 パワーバックドアオープンキット ヴェルファイア アルファード20系 アンロックスイッチで自動オープン トヨ,GIMUYA,GIMUYA,車＆バイク > カーパーツ > 外装・エアロパーツ,5780,2,,,3389,はい,2026-02-23以降,1846,2180,標準(小型),182,中小候補,GO,GO,GO,,,https://www.amazon.co.jp/dp/B0D1YDTSYW,
A,404606515X,カラー改訂第2版 CD付 自分のことを1分間英語で話してみる,KADOKAWA,KADOKAWA,本 > ジャンル別 > ビジネス・経済,203179,6,,,3650,はい,2026-02-23以降,896,825,標準1,282,中小候補,NG,GO,見送り,回転不足(消化月数>3),,https://www.amazon.co.jp/dp/404606515X,
A,B0BGS5YL7B,Bonarca さすまた 【安心の国内企業/経済産業大臣の承認取得品】 U字タイプ 2段階伸縮(135cm/207cm) 防犯 武器 コンパクト収納 護身 安全,Bonarca,Bonarca,DIY・工具・ガーデン > ガーデン > 害獣・害虫対策用品,5273,2,,,3580,はい,2026-02-23以降,2045,2327,大型,282,中小候補,GO,GO,見送り,FBA大型サイズ,,https://www.amazon.co.jp/dp/B0BGS5YL7B,
A,B0BVBHL9D7,PYKES PEAK(パイクスピーク) キャンプ マット プロ CM-02 銀マット 折りたたみ 軽量 コンパクト 厚手 厚さ20mm アウトドア 収納袋付き ,PYKES PEAK,PYKES PEAK,スポーツ＆アウトドア > アウトドア > 寝袋・ベッド・マット,12095,1,,,2950,はい,2026-02-23以降,1635,1791,大型,282,中小候補,GO,GO,見送り,FBA大型サイズ / 新品オファー数1,,https://www.amazon.co.jp/dp/B0BVBHL9D7,
A,B0F8HKXT71,WalnutSkate スケボー ベアリング ABEC11/ABEC9/ABEC7/【国内ブランド】スケートボード インラインスケート ロングボード サーフスケ,ＷＡＬＮＵＴ　ＳＫＡＴＥ,WalnutSkate,スポーツ＆アウトドア > スケート・スケートボード・キックボード > スケートボード,5381,2,,,1600,はい,2026-02-23以降,635,596,標準(小型),182,中小候補,GO,GO,GO,,,https://www.amazon.co.jp/dp/B0F8HKXT71,
A,B09ND8NCKF,スケーター (skater) ベビーカー用 タイヤカバー I'm ドラえもん サンリオ BCTC1-A,スケーター(Skater),スケーター(Skater),ベビー＆マタニティ > ベビーカー > ベビーカー小物,9460,2,,,1758,はい,2026-02-23以降,336,206,標準(小型),182,中小候補,GO,GO,GO,,,https://www.amazon.co.jp/dp/B09ND8NCKF,
A,B0B8ZCQ4WW,SeatheStars アウトドア サイドテーブル付き コンロ バーベキュー 折りたたみ 大型 軽量 組立不要 ステンレス 焼き網幅70cm 大人数,Ｓｅａ　ｔｈｅ　Ｓｔａｒｓ,SeatheStars,スポーツ＆アウトドア > アウトドア > バーベキュー・クッキング用品,6597,2,,,5320,はい,2026-02-23以降,2955,3517,大型,282,中小候補,GO,GO,見送り,FBA大型サイズ,,https://www.amazon.co.jp/dp/B0B8ZCQ4WW,
A,B0GD6NKTNT,市販唯一 内蔵バッテリー搭載 Omegatech 車載GPSトラッカー＆シガーソケット一体型｜iOS＆Android対応 Apple「探す」/Find Hub対,OMEGATECH,Omegatech,車＆バイク > カーセキュリティ > GPSトラッカー,16878,3,,,7040,はい,2026-02-23以降,3707,4614,標準(小型),182,大手/海外疑い,GO,GO,GO,,,https://www.amazon.co.jp/dp/B0GD6NKTNT,
A,B0CLVDNLS6,NovelGoal 磁気マグネット 車 オートバイ 吸盤 88mm/ 66mm/43mm 1/4 ネジマウント 一眼レフアクションカメラ アクセサリー カメラブ,NovelGoal,NovelGoal,家電＆カメラ > カメラ > アクセサリ,5652,2,,,1998,はい,2026-02-23以降,1116,1366,標準(小型),182,中小候補,GO,GO,GO,,,https://www.amazon.co.jp/dp/B0CLVDNLS6,
A,B0G61CHP2R,b.box(ビーボックス) ストローマグ シッピーカップ 【b.box正規品】PPSUモデル ブラッシュ,b.box(ビーボックス),b.box(ビーボックス),ベビー＆マタニティ > 授乳・食事 > ベビー食器,2124,2,,,3300,いいえ,繰越(境界後の記録なし),1963,2333,標準(小型),182,中小候補,GO,GO,GO,,,https://www.amazon.co.jp/dp/B0G61CHP2R,
A,4990656091,図書館職員採用試験 対策問題集 司書もん【第2巻】第2版,,図書館情報メディア研究会,本 > ジャンル別 > 資格・検定・就職,23220,6,,,2750,はい,2026-02-23以降,1487,1597,標準1,282,中小候補,NG,GO,見送り,回転不足(消化月数>3),,https://www.amazon.co.jp/dp/4990656091,
A,B0G7BR48TF,Lamake ソーラーライト 屋外 防水 クリップライト 人感センサー付き 明るい センサーライト 3つ知能モード USB充電可 IP65防水 自動点灯/消灯 ,Lamake,Lamake,DIY・工具・ガーデン > エクステリア > アウトドア・エクステリアライト,11715,2,,,2298,はい,2026-02-23以降,1211,1237,標準1,282,中小候補,GO,GO,GO,,,https://www.amazon.co.jp/dp/B0G7BR48TF,
A,B0BMVDBHJ6,【PS5】ウィッチャー３ ワイルドハント コンプリートエディション 【Amazon.co.jp限定】オリジナル壁紙 ※有効期限切れのため入手不可・使用不可【CE,スパイク・チュンソフト,スパイク・チュンソフト,ゲーム > 機種別 > プレイステーション5,1953,2,,,6980,はい,2026-02-23以降,4355,5461,標準(小型),182,中小候補,GO,GO,GO,,,https://www.amazon.co.jp/dp/B0BMVDBHJ6,
A,479499866X,首都圏 私立高校 推薦・優遇入試ガイド(2026年度用) ー首都圏 東京・神奈川・千葉・埼玉の全校｜茨城・栃木・群馬・山梨の人気校,晶文社,晶文社,本 > ジャンル別 > 教育・学参・受験,273899,6,,,4340,はい,2026-02-23以降,1505,1621,標準1,282,中小候補,NG,GO,見送り,回転不足(消化月数>3),,https://www.amazon.co.jp/dp/479499866X,
A,B078L33G54,デオトイレ 飛び散らない針葉樹の消臭・抗菌チップ 4L,デオトイレ,ユニチャーム,ペット用品 > 猫 > トイレ用品,9278,4,,,2680,はい,2026-02-23以降,596,368,標準2,332,中小候補,GO,GO,GO,,,https://www.amazon.co.jp/dp/B078L33G54,
A,B09R49VB33,Effects Bakery エフェクツベーカリー Melon Pan Chorus [EB-MPCn] / コーラス ギターエフェクター,Effects Bakery,Effects Bakery,楽器・音響機器 > ギター > ギターエフェクター,11745,6,,,5170,はい,2026-02-23以降,2921,3585,標準(小型),182,中小候補,NG,GO,見送り,回転不足(消化月数>3),,https://www.amazon.co.jp/dp/B09R49VB33,
A,B0FN38FYGF,犬 クールネック ネッククーラー 首冷やす ネックールわんこ 中型犬用 暑さ対策 熱中症予防 国産 保冷剤 軽量 ペット用 綿 ポリエステル,ケンユー,ケンユー,ペット用品 > 犬 > 首輪・ハーネス・リード,14825,2,,,1782,はい,2026-02-23以降,976,1042,標準(小型),182,中小候補,GO,GO,GO,,,https://www.amazon.co.jp/dp/B0FN38FYGF,
A,B09BVMYV7D,LVYUAN キャリーカート 階段 3輪 台車 階段 10つの車輪 折りたたみ ハンドキャリー ハンドトラック 荷物カート 軽量 段差 4輪 360度回転 静音,LVYUAN,LVYUAN（リョクエン）,産業・研究開発用品 > 物流・保管用品 > 台車・ハンドトラック,45330,2,,,7498,はい,2026-02-23以降,3860,4701,大型,282,中小候補,GO,GO,見送り,FBA大型サイズ,,https://www.amazon.co.jp/dp/B09BVMYV7D,
A,B09RWGF9PP,河島製作所 トレカキャリングケース スモークブラック,河島製作所,河島製作所,ホビー > コレクションカード・アクセサリ > カードサプライ・アクセサリ,11387,3,,,1960,はい,2026-02-23以降,683,546,標準1,282,中小候補,GO,GO,GO,,,https://www.amazon.co.jp/dp/B09RWGF9PP,
A,B07X9KMSHM,iFace First Class Standard iPhone 11 ケース [ベビーピンク],Hamee(ハミィ),Hamee(ハミィ),家電＆カメラ > 携帯電話・スマートフォン > 携帯電話・スマートフォンアクセサリ,17737,3,,,4225,はい,2026-02-23以降,1851,2406,標準(小型),182,中小候補,GO,GO,GO,,,https://www.amazon.co.jp/dp/B07X9KMSHM,
A,B0D2KLV4XL,洗濯機 台 冷蔵庫置き台 20-22CM高度調節 DEWEL 大吸盤 増大増高ジャッキ付き 耐荷重約500kg かさ上げ台 高さ調節 伸縮式 幅/奥行44.5～,DEWEL,DEWEL,大型家電 > 洗濯機・乾燥機 > 洗濯機交換部品・アクセサリ,753,2,,,2879,はい,2026-02-23以降,1520,1776,標準2,332,中小候補,GO,GO,GO,,,https://www.amazon.co.jp/dp/B0D2KLV4XL,
A,B0BZQXDH7Z,ボンフォーム(BONFORM) サンシェード ミッキードライブ 高温法 耐光 130x60cm ホワイト 7580-01WH,ボンフォーム(BONFORM),ボンフォーム(BONFORM),車＆バイク > カーアクセサリ > 日よけ用品,10769,4,,,1662,はい,2026-02-23以降,232,-43,大型,282,中小候補,GO,GO,見送り,FBA大型サイズ,,https://www.amazon.co.jp/dp/B0BZQXDH7Z,
A,B01EAEXCL0,I'mD (アイムディー) コーナーポット RETTO レットー ホワイト RETPT W-PP 蓋付き ゴミ箱 サニタリーボックス トイレポット 衛生的 取り,アイムディー,岩谷マテリアル(Iwatani Materials),ホーム＆キッチン > バス・トイレ・洗面用品 > トイレ用品,12223,4,,,1540,はい,2026-02-23以降,618,462,標準1,282,中小候補,GO,GO,GO,,,https://www.amazon.co.jp/dp/B01EAEXCL0,
A,B00IRX6WTK,チャオ(CIAO)焼かつおディナーかつお節・ほたて貝柱入り50g16個セット,チャオ (CIAO),いなばペットフード,ペット用品 > 猫 > キャットフード,6079,2,,,1980,はい,2026-02-23以降,920,856,標準1,282,中小候補,GO,GO,GO,,,https://www.amazon.co.jp/dp/B00IRX6WTK,
A,B0CGZXVQFV,iFace Reflection Magnetic iPhone 15 Pro ケース MagSafe 対応 クリア 強化ガラス (ベージュ),Hamee(ハミィ),Hamee(ハミィ),家電＆カメラ > 携帯電話・スマートフォン > 携帯電話・スマートフォンアクセサリ,9669,3,,,3830,はい,2026-02-23以降,1877,2442,標準(小型),182,中小候補,GO,GO,GO,,,https://www.amazon.co.jp/dp/B0CGZXVQFV,
A,B0G122GLHJ,iFace BeBling 2 MagSynq Grip Holder MagSafe対応 スマホグリップ (ブルー),iface,Hamee(ハミィ),家電＆カメラ > 携帯電話・スマートフォン > 携帯電話・スマートフォンアクセサリ,7191,4,,,3200,はい,2026-02-23以降,1891,2462,標準(小型),182,中小候補,GO,GO,GO,,,https://www.amazon.co.jp/dp/B0G122GLHJ,
A,B0DC25FJ7R,【Jet Sim】eSIM オーストラリア ニュージーランド 30日間 データ使い放題 20GB高速 プリペイドeSIM,JETSIM,JETSIM,家電＆カメラ > 携帯電話・スマートフォン > SIMカード,15763,2,,,3980,はい,2026-02-23以降,2275,3006,標準(小型),182,中小候補,GO,GO,GO,,,https://www.amazon.co.jp/dp/B0DC25FJ7R,
A,B075VTRBT9,ポゴナクラブ 爬虫類用床材 パームチップ 8リットル,ポゴナ・クラブ,ポゴナクラブ,ペット用品 > 爬虫類・両生類 > 飼育ケース・アクセサリ,8198,3,,,1560,はい,2026-02-23以降,392,166,標準1,282,中小候補,GO,GO,GO,,,https://www.amazon.co.jp/dp/B075VTRBT9,
A,B00A311CXA,モリグリーン ガソリン・ディーゼルエンジンオイル ホワイト 10W-30 SL/CF 4L [HTRC3],モリグリーン(Moly Green),モリグリーン(Moly Green),車＆バイク > オイル・フルード > オイル,9549,5,,,4180,はい,2026-02-23以降,1249,1222,標準2,332,中小候補,NG,GO,見送り,回転不足(消化月数>3),,https://www.amazon.co.jp/dp/B00A311CXA,
A,B07P7LNB6B,サンワダイレクト キーボード Bluetooth 折り畳み iPad・iPhone専用 軽量134g コンパクト 充電式 400-SKB061,サンワダイレクト,サンワダイレクト,パソコン・周辺機器 > PCアクセサリ・サプライ > タブレットアクセサリ,10403,2,,,2770,はい,2026-02-23以降,1500,1806,標準1,282,中小候補,GO,GO,GO,,,https://www.amazon.co.jp/dp/B07P7LNB6B,
A,B06WGPSWCB,WEIMALL パラソルベース 21.5kg 注水式 パラソル パラソルスタンド ブラック,ウェイモール (WEIMALL),ウェイモール(WEIMALL),DIY・工具・ガーデン > ガーデン > ガーデンファニチャー,25708,2,,,3460,はい,2026-02-23以降,1742,1930,大型,282,中小候補,GO,GO,見送り,FBA大型サイズ,,https://www.amazon.co.jp/dp/B06WGPSWCB,
A,448491123X,戦略的思考とは何か―エール大学式「ゲーム理論」の発想法,CCC MEDIA HOUSE,CEメディアハウス,本 > ジャンル別 > 人文・思想,50865,3,,,4788,はい,2026-02-23以降,2355,2733,標準1,282,中小候補,GO,GO,GO,,,https://www.amazon.co.jp/dp/448491123X,
A,B09GS6R44X,Among Us: Crewmate Edition - PS5(【同梱物】オリジナル壁紙セット(全6種/DLコード)、MIRA HQ ホログラムアクセスカード,H2 Interactive,H2 Interactive,ゲーム > 機種別 > プレイステーション5,1854,4,,,2250,はい,2026-02-23以降,1280,1440,標準(小型),182,中小候補,GO,GO,GO,,,https://www.amazon.co.jp/dp/B09GS6R44X,
A,B09GY223FX,無印良品 ステンレス保温保冷ボトル 約350ml 44593769,無印良品,無印良品,ホーム＆キッチン > キッチン用品 > 弁当箱・水筒,11773,5,,,2290,はい,2026-02-23以降,657,626,標準(小型),182,中小候補,NG,GO,見送り,回転不足(消化月数>3),,https://www.amazon.co.jp/dp/B09GY223FX,
A,B0CGZXZRRD,iFace Reflection Magnetic iPhone 15 Pro ケース MagSafe 対応 クリア 強化ガラス (ペールブルー),Hamee(ハミィ),Hamee(ハミィ),家電＆カメラ > 携帯電話・スマートフォン > 携帯電話・スマートフォンアクセサリ,9669,2,,,4180,はい,2026-02-23以降,2171,2858,標準(小型),182,中小候補,GO,GO,GO,,,https://www.amazon.co.jp/dp/B0CGZXZRRD,
A,B07HZJG6JF,シドマイヤーズ シヴィライゼーション VI -Switch,テイクツー・インタラクティブ・ジャパン,テイクツー・インタラクティブ・ジャパン,ゲーム > 機種別 > Nintendo Switch,2346,3,,,6980,はい,2026-02-23以降,1864,2203,標準(小型),182,中小候補,GO,GO,GO,,,https://www.amazon.co.jp/dp/B07HZJG6JF,
A,B0D1FR781M,セーラー万年筆 万年筆 ふでDEまんねん パールホワイト 特殊ペン先 12-0150-010,セーラー万年筆,セーラー万年筆,文房具・オフィス用品 > 筆記具 > ペン,23809,3,,,2448,はい,2026-02-23以降,644,609,標準(小型),182,中小候補,GO,GO,GO,,,https://www.amazon.co.jp/dp/B0D1FR781M,
A,B07F8P6YN6,WEIMALL メタルラック カラーラック 3段 耐荷重150kg 幅50×奥行30×高さ80cm ポール径19mm スチールラック (ホワイト),ウェイモール (WEIMALL),WEIMALL,産業・研究開発用品 > 飲食店舗用品 > 食品運搬・保管用品,8537,2,,,3760,はい,2026-02-23以降,2039,2498,不明,282,中小候補,GO,GO,見送り,除外カテゴリ,,https://www.amazon.co.jp/dp/B07F8P6YN6,
A,B00AH74HKU,荘快堂 安全長脚絆 マッジクタイプ ブラック K-60 大,SOKAIDO(ソウカイドウ),SOKAIDO(ソウカイドウ),産業・研究開発用品 > 安全・保護用品 > 地下足袋,7587,4,,,5400,はい,2026-02-23以降,2110,2412,標準1,282,中小候補,GO,GO,GO,,,https://www.amazon.co.jp/dp/B00AH74HKU,
A,4781617670,KOBE BRYANT THE MAMBA MENTALITY HOW I PLAY,イースト・プレス,イースト・プレス,本 > ジャンル別 > スポーツ・アウトドア,77563,6,,,5145,はい,2026-02-23以降,1887,2055,標準2,332,中小候補,NG,GO,見送り,回転不足(消化月数>3),,https://www.amazon.co.jp/dp/4781617670,
A,B0D8SS976J,[バンダイ(BANDAI)] レミン&ソラン 魔法のプリンセスステップ プリンセスステップ フルコースセット,BANDAI,バンダイ(BANDAI),おもちゃ > きせかえ人形・ハウス > セット,6019,6,,,1998,はい,2026-02-23以降,1005,967,標準1,282,大手/海外疑い,NG,GO,見送り,回転不足(消化月数>3),,https://www.amazon.co.jp/dp/B0D8SS976J,
A,B01EC7H0K4,WoodStone リード アルトサックス用 3,Woodstone,WoodStone,楽器・音響機器 > 管・吹奏楽器 > 管・吹奏楽器アクセサリ,908,3,,,4000,はい,2026-02-23以降,1638,1908,標準(小型),182,中小候補,GO,GO,GO,,,https://www.amazon.co.jp/dp/B01EC7H0K4,
A,B007Y2KORG,アルティメット ヒッツ ファイナルファンタジーIV コンプリートコレクション - PSP,スクウェア・エニックス(SQUARE ENIX),スクウェア・エニックス,ゲーム > 機種別 > レガシーシステム,8920,6,,,6280,はい,2026-02-23以降,3900,4866,標準(小型),182,中小候補,NG,GO,見送り,回転不足(消化月数>3),,https://www.amazon.co.jp/dp/B007Y2KORG,
A,B008ATBQHE,私本太平記 文庫 全8巻 完結セット (吉川英治歴史時代文庫),講談社,講談社,本 > ジャンル別,77997,6,,,7944,はい,2026-02-23以降,4444,5399,標準2,332,中小候補,NG,GO,見送り,回転不足(消化月数>3),,https://www.amazon.co.jp/dp/B008ATBQHE,
A,B0F5BNT7ZQ,骨盤底筋トレーニング器具 組み立て不要 張力23kg 内転筋トレーニング 太もも 筋トレ ダイエット器具 収納可能 Viangs,viangs,cxiao,スポーツ＆アウトドア > フィットネス・トレーニング > ピラティス,4988,5,,,2499,はい,2026-02-23以降,1320,1380,標準1,282,中小候補,NG,GO,見送り,回転不足(消化月数>3),,https://www.amazon.co.jp/dp/B0F5BNT7ZQ,
A,B0F6CQZKBD,4K ウェブカメラ マイク付き 8MP カメラ 1080P 60fps 92°広角 USBカメラ プライバシー保護 ノイズキャンセリングマイク 自動光補正 三脚,MOERTEK,MOERTEK,パソコン・周辺機器 > ウェブカメラ・IP電話機器 > ウェブカメラ・VoIP機器,18118,2,,,3799,はい,2026-02-23以降,2262,2988,標準(小型),182,中小候補,GO,GO,GO,,,https://www.amazon.co.jp/dp/B0F6CQZKBD,
A,B0D5YS6155,【公式】アイデス キックスクーター ディズニー プリンセス ゆめラブS｜三輪 折りたたみ 高さ調整 4歳〜 女の子向け ギフトに,アイデス(Ides),アイデス㈱,おもちゃ > 乗用玩具・三輪車 > キックスクーター,28113,5,,,6816,はい,2026-02-23以降,4138,5064,大型,282,中小候補,NG,GO,見送り,FBA大型サイズ / 回転不足(消化月数>3),,https://www.amazon.co.jp/dp/B0D5YS6155,
A,B0FNKZM238,[NAGASHIMA] 犬 おやつ 無添加 干し芋 ペット 国産 千葉県産 100% さつまいも 手作り 自社国内農園の併設工場 ご褒美 小分け,NAGASHIMA,永島ファミリーファーム（Nagashima　Family　Farm）,ペット用品 > 犬 > ドッグフード,4474,2,,,1785,はい,2026-02-23以降,855,884,標準(小型),182,中小候補,GO,GO,GO,,,https://www.amazon.co.jp/dp/B0FNKZM238,
A,B0DXF9VJHV,AiS to you サンシェード トラック 大型 車 傘 パラソル 曲がる Lサイズ XLサイズ フロント 遮光 遮熱 カーシェード 自動車用 車内温度対策 ,AiS to you,AiS to you,車＆バイク > カーアクセサリ > 日よけ用品,8871,2,,,2780,はい,2026-02-23以降,1265,1307,大型,282,中小候補,GO,GO,見送り,FBA大型サイズ,,https://www.amazon.co.jp/dp/B0DXF9VJHV,
A,B0F2MK4N21,萩原工業(Hagihara) ターピー 雑袋用大型スタンド メガたつーる Φ50cm×H52cm ガラ袋に廃材を入れるためのスタンド 大容量60L,萩原工業(HAGIHARA),萩原工業(Hagihara),DIY・工具・ガーデン > ガーデン > 保管・運搬用具,21340,3,,,2117,はい,2026-02-23以降,483,284,大型,282,中小候補,GO,GO,見送り,FBA大型サイズ,,https://www.amazon.co.jp/dp/B0F2MK4N21,
A,B0FGJ68SFK,犬用ハーネス 小型犬 中型犬 抜けない 散歩用ハーネス リードセット 犬用介護ハーネス 歩行補助 猫 犬 ペット毛 保存ボトル 2点セット (M:4.5~6.5,POTATO,POTATO,ペット用品 > 犬 > 首輪・ハーネス・リード,7534,2,,,1685,はい,2026-02-23以降,772,662,標準1,282,中小候補,GO,GO,GO,,,https://www.amazon.co.jp/dp/B0FGJ68SFK,
A,B078YPD2H7,[GOLD STONE] ホワイトセージ 無農薬 カルフォルニア産 white sage 選別済み 30g前後 枝無し,GOLD STONE,GOLD STONE,ホーム＆キッチン > インテリア > ホームフレグランス,14317,2,,,1872,はい,2026-02-23以降,844,757,標準1,282,中小候補,GO,GO,GO,,,https://www.amazon.co.jp/dp/B078YPD2H7,
A,B001OXK4B2,DUNLOP(ダンロップ)バイクタイヤ F18 フロント 2.75-18 (4PR)42P チューブタイプ(WT) 126969 二輪 オートバイ用,DUNLOP,ダンロップ(DUNLOP),車＆バイク > バイクタイヤ・ホイール > タイヤ,45399,6,,,6363,はい,2026-02-23以降,3350,4034,大型,282,中小候補,NG,GO,見送り,FBA大型サイズ / 回転不足(消化月数>3),,https://www.amazon.co.jp/dp/B001OXK4B2,
A,B0G33XFL25,JJC Insta360 X5 対応 マウントベース 固定ベース 定点撮影用 滑り止め 軽量 持ち運び便利 安定性 落下防止 卓上/地面/車載適用 充電ポートあ,JJC,"Jinjiacheng Photography Equipment Co.,Ltd.",家電＆カメラ > カメラ > アクセサリ,4738,2,,,1599,はい,2026-02-23以降,701,778,標準(小型),182,中小候補,GO,GO,GO,,,https://www.amazon.co.jp/dp/B0G33XFL25,
A,B09QW5B453,Musiclily Pro 11穴アルミ製SSSストラトキャスターピックガード Fender American/Mexican Standard Stratスト,Musiclily,Musiclily,楽器・音響機器 > ギター > ギターアクセサリ,3959,2,,,2899,はい,2026-02-23以降,1602,1748,標準1,282,中小候補,GO,GO,GO,,,https://www.amazon.co.jp/dp/B09QW5B453,
A,B0FFRQZZ4N,美的スペシャル9月号〈付録違い版〉,小学館,小学館,本 > ジャンル別 > 雑誌,151326,3,,,2380,いいえ,繰越(境界後の記録なし),1215,1177,標準2,332,中小候補,GO,GO,GO,,,https://www.amazon.co.jp/dp/B0FFRQZZ4N,
A,429906819X,Honolulu Cookie Company × HELLO KITTY バッグ & チャーム BOOK (宝島社ブランドムック),宝島社,宝島社,本 > ジャンル別 > 趣味・実用,216382,5,,,5778,はい,2026-02-23以降,1834,2051,標準1,282,中小候補,NG,GO,見送り,回転不足(消化月数>3),,https://www.amazon.co.jp/dp/429906819X,
A,B07BSJYPFF,SP Silicon Power シリコンパワー SSD M.2 2280 3D TLC NAND採用 128GB SATA III 6Gbps 3年保証 A5,SP Silicon Power,シリコンパワー,パソコン・周辺機器 > PCパーツ > 内蔵SSD,10882,3,,,5180,はい,2026-02-23以降,3081,4146,標準(小型),182,中小候補,GO,GO,GO,,,https://www.amazon.co.jp/dp/B07BSJYPFF,
A,B0B8CV5R3S,SeatheStars アウトドア コンロ バーベキュー 折りたたみ 大型 軽量2kg 組立不要 ステンレス 焼き網幅72cm 大人数 持ち運び,Ｓｅａ　ｔｈｅ　Ｓｔａｒｓ,SeatheStars,スポーツ＆アウトドア > アウトドア > バーベキュー・クッキング用品,6597,2,,,4080,はい,2026-02-23以降,2110,2412,大型,282,中小候補,GO,GO,見送り,FBA大型サイズ,,https://www.amazon.co.jp/dp/B0B8CV5R3S,
A,B0FJGGJQ9K,【雑誌掲載の縁日遊びシリーズ】 スーパーボール 金魚すくい 縁日 お祭り おもちゃ セット プール 夏休み 子供 遊び 詰め合わせ 得々セット RIMINA (,RIMINA,RIMINA,おもちゃ > 季節用品 > 縁日用品,1511,2,,,1584,はい,2026-02-23以降,747,630,標準1,282,中小候補,GO,GO,GO,,,https://www.amazon.co.jp/dp/B0FJGGJQ9K,
A,4002010015,モンテ・クリスト伯（全7冊セット） (岩波文庫),岩波書店,岩波書店,本 > ジャンル別 > 文学・評論,24389,6,,,7972,はい,2026-02-23以降,4687,5717,標準2,332,中小候補,NG,GO,見送り,回転不足(消化月数>3),,https://www.amazon.co.jp/dp/4002010015,
A,B0BNGMFBYL,【国内正規品】Keychron Silent K Proスイッチセット、静音スイッチ (Silent K Pro 赤軸),Keychron,Keychron,パソコン・周辺機器 > PCアクセサリ・サプライ > キーボード&マウスアクセサリ,40776,3,,,3872,はい,2026-02-23以降,2083,2734,標準(小型),182,中小候補,GO,GO,GO,,,https://www.amazon.co.jp/dp/B0BNGMFBYL,
A,B0DJZ6RZFM,Panavage クリア ブックスタンド 卓上 本立て 書類整理 仕切りラック 4仕切り 透明プラスチック (4個セット),Panavage,Panavage,文房具・オフィス用品 > 事務用品 > 机上用品・文具収納,6855,2,,,2799,はい,2026-02-23以降,1214,1176,標準2,332,中小候補,GO,GO,GO,,,https://www.amazon.co.jp/dp/B0DJZ6RZFM,
A,4865316671,2026年用共通テスト実戦模試（15）情報Ⅰ（Ｚ会大学入試完全対策シリーズ）,Z会,Ｚ会,本 > ジャンル別 > 教育・学参・受験,80019,5,,,2522,はい,2026-02-23以降,638,487,標準1,282,中小候補,NG,GO,見送り,回転不足(消化月数>3),,https://www.amazon.co.jp/dp/4865316671,
A,B0BCKB152F,JTC BABY てくてくウォーカー (ブルー) 赤ちゃん用歩行器,JTC BABY,JTC,ベビー＆マタニティ > 室内遊具 > 歩行器,2023,3,,,7531,はい,2026-02-23以降,4216,5166,大型,282,中小候補,GO,GO,見送り,FBA大型サイズ,,https://www.amazon.co.jp/dp/B0BCKB152F,
A,B0DTYVP3ZC,ベビーハンガー 洗濯ハンガー 子供用 10連 子どもハンガー 赤ちゃん ハンガー 折り畳み 物干しハンガー クリップ6個付き グリーン ブルー,Ｅｕｅｔｉｋ,Ｅｕｅｔｉｋ,ベビー＆マタニティ > ベビー家具・収納 > ベビーハンガー,1870,2,,,1804,はい,2026-02-23以降,711,583,標準1,282,中小候補,GO,GO,GO,,,https://www.amazon.co.jp/dp/B0DTYVP3ZC,
A,B0DSVHV3BQ,"エコチェッカー コンセント 電力量表示器 ワットチェッカー 電気代計算 ワットモニター LCD電力計 節電対策 省エネ(ホワイト, 2セット)",FUMITAKE,FUMITAKE,産業・研究開発用品 > 工業用計測器 > 電子測定機器,1630,2,,,3120,はい,2026-02-23以降,1365,1551,標準(小型),182,中小候補,GO,GO,GO,,,https://www.amazon.co.jp/dp/B0DSVHV3BQ,
A,B0D2Y3M6P5,水鉄砲 超強力飛距離 ウォーターガン 強力水鉄砲 水遊び おもちゃ 水てっぽう 強力 4本セット プール パーティー お風呂 海水浴 夏の定番 親子ゲーム 大人,Matreeglam,matree,おもちゃ > アクション・スポーツトイ > プール・水遊び,20403,2,,,2400,はい,2026-02-23以降,692,558,標準1,282,中小候補,GO,GO,GO,,,https://www.amazon.co.jp/dp/B0D2Y3M6P5,
A,B0CD9X621P,リッチェル(Richell) ムーミンベビー わけわけフリージング ブロックトレーR 15 1ブロック容量15ml 12ブロック 4枚入,リッチェル(Richell),リッチェル,ベビー＆マタニティ > 授乳・食事 > 離乳食保存容器,5591,2,,,1980,はい,2026-02-23以降,757,756,標準(小型),182,中小候補,GO,GO,GO,,,https://www.amazon.co.jp/dp/B0CD9X621P,
A,B0D1FNHW5T,セーラー万年筆 万年筆 ふでDEまんねん 筆文字が書ける万年筆 【新仕様】 紺 12-0150-040,セーラー万年筆,セーラー万年筆,文房具・オフィス用品 > 筆記具 > ペン,23809,6,,,1593,はい,2026-02-23以降,644,609,標準(小型),182,中小候補,NG,GO,見送り,回転不足(消化月数>3),,https://www.amazon.co.jp/dp/B0D1FNHW5T,
A,B0DBVBNGWW,CDケース 収納ボックス CDラック CD/PS5ゲームソフト/ブルーレイ収納ボックス【持ち手付き/折りたたみ/インテリア/大容量/携帯便利/多機能】 (3枚セ,Ｌｕｘｕｒｅｕｘ,Luxureux,パソコン・周辺機器 > PCアクセサリ・サプライ > メディアケース,9817,2,,,2950,はい,2026-02-23以降,1276,1430,標準2,332,中小候補,GO,GO,GO,,,https://www.amazon.co.jp/dp/B0DBVBNGWW,
A,B08R2CWMZZ,MAHALO (マハロ) カリンバ 親指ピアノ 17キー マリンデザイン M-KALIMBA MRI,MAHALO,MAHALO,楽器・音響機器 > ドラム・パーカッション > パーカッション・打楽器,8472,6,,,3980,はい,2026-02-23以降,2279,2633,標準1,282,中小候補,NG,GO,見送り,回転不足(消化月数>3),,https://www.amazon.co.jp/dp/B08R2CWMZZ,
A,B0GG8GS3P3,スマリー(SMALY) 防犯ブザータグ 紛失防止タグ 子供GPS小型追跡タグ 忘れ物防止 Type-C充電 130dB大音量 防犯ベル機能を搭載しているスマート,スマリー(SMALY),スマリー(SMALY),家電＆カメラ > ウェアラブルデバイス > スマートトラッカー,16088,5,,,1603,はい,2026-02-23以降,859,1002,標準(小型),182,中小候補,NG,GO,見送り,回転不足(消化月数>3),,https://www.amazon.co.jp/dp/B0GG8GS3P3,
A,B0CXY4C4NX,アクリル本舗 ブックスタンド 卓上 アクリルスタンド ディスプレイ スタンド 10個セット レコードスタンド 本立て 倒れない おしゃれ (クリア),アクリル本舗,アクリル本舗,文房具・オフィス用品 > 事務用品 > 机上用品・文具収納,2119,2,,,2680,はい,2026-02-23以降,1460,1562,標準1,282,中小候補,GO,GO,GO,,,https://www.amazon.co.jp/dp/B0CXY4C4NX,
A,B0FPCJMFG1,パークレーン ベッドガードワイド ブラック TP-10946 幅75.5×高さ35.5cm 落下防止 布団ずれ防止 取付カンタン 転落防止,パークレーン(Park Lane),パークレーン,ベビー＆マタニティ > ベビー家具・収納 > ベッドガード・フェンス,1932,3,,,2232,はい,2026-02-23以降,1148,1154,大型,282,中小候補,GO,GO,見送り,FBA大型サイズ / Amazon本体あり(availabilityAmazon=0),,https://www.amazon.co.jp/dp/B0FPCJMFG1,
A,B07YSNPJWS,スーパーロボット大戦X -Switch ( 【Amazon.co.jp限定】Nintendo Switch ロゴデザイン マイクロファイバークロス 同梱),Bandai Namco,バンダイナムコエンターテインメント,ゲーム > 機種別 > Nintendo Switch,2128,2,,,6880,はい,2026-02-23以降,4290,5376,標準(小型),182,大手/海外疑い,GO,GO,GO,,,https://www.amazon.co.jp/dp/B07YSNPJWS,
A,B0CWL75GZV,GOAL(ゴール) ドアノブ 浴室錠 ユニロック 円筒錠 交換 トイレ 風呂 ULW-4E バックセット89mm 扉厚27〜37mm 交換手順書付き,あんしん壱番,GOAL (ゴール）,DIY・工具・ガーデン > 建築金物 > 建築金具,5425,2,,,5280,いいえ,繰越(境界後の記録なし),3150,3772,標準1,282,中小候補,GO,GO,GO,,,https://www.amazon.co.jp/dp/B0CWL75GZV,
A,4046070749,この1冊で合格! 馬淵敦士のケアマネ テキスト&問題集 2025年度版,KADOKAWA,KADOKAWA,本 > ジャンル別 > 社会・政治,227768,6,,,5030,はい,2026-02-23以降,1798,2004,標準1,282,中小候補,NG,GO,見送り,回転不足(消化月数>3),,https://www.amazon.co.jp/dp/4046070749,
A,B0FZHDWX3X,フラフープ 【第6世代＆ベルベット素材】ダイエット 静音設計 1.4kg 人気 ソフト 折りたたみ式 柔らかいカバー 脂肪燃焼 ダイエット器具 多機能 室内フィ,Virora,Virora,スポーツ＆アウトドア > フィットネス・トレーニング > エクササイズグッズ,12871,2,,,1699,はい,2026-02-23以降,-8,-422,標準2,332,中小候補,GO,NG,見送り,最安値で黒字化不能,,https://www.amazon.co.jp/dp/B0FZHDWX3X,
A,B097JWC1G6,[WINCESS] インナー手袋 キュプラ インナーグローブ 薄手 指切り ベンベルグ 手袋 6枚 20枚 100枚 フリーサイズ 指なし 手荒れ 使い捨て手袋,WINCESS,ウインセス,産業・研究開発用品 > 安全・保護用品 > ハンド・アームプロテクション,4123,4,,,2350,はい,2026-02-23以降,1285,1446,標準(小型),182,中小候補,GO,GO,GO,,,https://www.amazon.co.jp/dp/B097JWC1G6,
A,B07CTNY4KX,卓球セット ポータブル 卓球 ラケット ラケット4本 ピンポン球6個 卓球セット 収納袋付き 卓球用品（セット),RAYWILL,RAYWILL,スポーツ＆アウトドア > 卓球 > 卓球セット,7853,2,,,2750,はい,2026-02-23以降,1437,1467,標準2,332,中小候補,GO,GO,GO,,,https://www.amazon.co.jp/dp/B07CTNY4KX,
A,B08NSQ67NV,ホルツ 純正塗料スプレー カーペイント トヨタ車用 3R9 ボルドーマイカM 300ml Holts MH12130,Holts(ホルツ),Holts(ホルツ),車＆バイク > ペイント・防錆 > ペイント,23517,4,,,2154,はい,2026-02-23以降,308,56,標準1,282,中小候補,GO,GO,GO,,,https://www.amazon.co.jp/dp/B08NSQ67NV,
A,B0FH23XGNK,QISI公式 OBD2 スキャナー 故障診断機 日本語対応 コードリーダー エラー消去 エンジンチェックランプ診断 DTC検索 ライブデータ 2.8インチ液晶 ,QISI,"Dongguan Focus Electronic Equipment Co., Ltd.",車＆バイク > カーパーツ > 電子パーツ,12036,2,,,4233,はい,2026-02-23以降,2569,3126,標準(小型),182,中小候補,GO,GO,GO,,,https://www.amazon.co.jp/dp/B0FH23XGNK,
A,B09TSXJHZS,Bluestorm 子供用 救命胴衣 ライフジャケット BSJ-212Y レッド Lサイズ 型式承認品 桜マーク 小型船舶 キッズ 海 プール,ユニマットマリン,高階救命器具,スポーツ＆アウトドア > 釣り > ボート用品,9298,2,,,6600,はい,2026-02-23以降,3564,4314,不明,282,中小候補,GO,GO,GO,,,https://www.amazon.co.jp/dp/B09TSXJHZS,
A,B0CMLD2KCK,Remarks Japan Switch コントローラー ブラック スイッチ ワイヤレス 無線 ジャイロセンサー HD振動 TURBO コンパクト,RemarksJapan,Remarks Japan,ゲーム > 機種別 > Nintendo Switch,1262,2,,,1999,いいえ,繰越(境界後の記録なし),1017,983,標準1,282,中小候補,GO,GO,GO,,,https://www.amazon.co.jp/dp/B0CMLD2KCK,
A,4884186621,SWITCH Vol.43 No.7 特集 MUSIC AWARDS JAPAN 2025（表紙巻頭：Mrs. GREEN APPLE）,スイッチパブリッシング,スイッチ・パブリッシング,本 > ジャンル別 > 雑誌,89182,3,,,2800,はい,2026-02-23以降,1408,1494,標準1,282,大手/海外疑い,GO,GO,GO,,,https://www.amazon.co.jp/dp/4884186621,
A,B0BB6WJCS2,自転車ヘルメット 軽量 通気 高剛性 ヘルメット 流線型 調整可能 サイクリング ロードバイク MTB 男女兼用 大人用…,MYSUNBAR,MYSUNBAR,スポーツ＆アウトドア > 自転車 > 大人用ヘルメット,6539,2,,,2280,はい,2026-02-23以降,887,813,標準1,282,中小候補,GO,GO,GO,,,https://www.amazon.co.jp/dp/B0BB6WJCS2,
A,B0D22FDFZY,扇風機 クリップ式 【2台セット】 卓上 2way 360度風向調整 18cm 大型ファン 自動首振り 電源コード式 (（2台）,Ｓｅａ　ｔｈｅ　Ｓｔａｒｓ,‎TEKNOS,ホーム＆キッチン > 家電 > 空調・季節家電,8200,2,,,7580,はい,2026-02-23以降,4580,5642,不明,282,中小候補,GO,GO,GO,,,https://www.amazon.co.jp/dp/B0D22FDFZY,
A,B00H2FWEXM,インクのチップス ブラザー用 LC111-4PK 互換インク 4色セット DCP-J957N DCP-J952N DCP-J557N など対応,インクのチップス,インクのチップス,パソコン・周辺機器 > PCアクセサリ・サプライ > プリンタアクセサリ,14793,2,,,1343,はい,2026-02-23以降,557,574,標準(小型),182,大手/海外疑い,GO,GO,GO,,,https://www.amazon.co.jp/dp/B00H2FWEXM,
A,B0DF2SSVM9,エアブラシワークス AW-403 エアブラシ トリガー式 0.3mm 0.5mm ハンドピース ダブルアクション 4穴ノズルヘッド 高霧化 塗装,エアブラシワークス,エアブラシワークス,ホビー > 手芸・画材 > 描画・絵画,78992,2,,,7800,はい,2026-02-23以降,3984,4863,標準1,282,中小候補,GO,GO,GO,,,https://www.amazon.co.jp/dp/B0DF2SSVM9,
A,B0BT75PLJ6,宇都宮製作(Utsunomiya Seisaku) シンガー ニトリル コンフォート PF ブルー L 100枚入 NBR035APF-BB L,宇都宮製作(Utsunomiya Seisaku),0,産業・研究開発用品 > 安全・保護用品 > ハンド・アームプロテクション,27474,7,,,1500,はい,2026-02-23以降,220,-59,標準1,282,中小候補,NG,GO,見送り,新品オファー数7 / 回転不足(消化月数>3),,https://www.amazon.co.jp/dp/B0BT75PLJ6,
A,4798641367,ガンプラカタログ特別編 ガンプラ45th 歴代アニメのガンダム集結！ (HOBBY JAPAN MOOK),ホビージャパン(HobbyJAPAN),ホビージャパン,本 > ジャンル別 > 趣味・実用,70032,3,,,5307,はい,2026-02-23以降,2056,2341,標準1,282,中小候補,GO,GO,GO,,,https://www.amazon.co.jp/dp/4798641367,
A,B0G2GDFCX4,[DILVO] ゲーミング オーディオ ミキサー オーディオインターフェース Bluetooth対応 PC PS4 PS5 iphone スマホ対応 ポッドキャ,DILVO,DILVO,楽器・音響機器 > DTM・DAW > オーディオインターフェイス,985,2,,,6980,はい,2026-02-23以降,3280,3942,標準1,282,中小候補,GO,GO,GO,,,https://www.amazon.co.jp/dp/B0G2GDFCX4,
A,B00TPL6TL4,SAVAREZ サバレス ギター弦 クリエーションカンティーガ 510MR,Savarez,SAVAREZ,楽器・音響機器 > ギター > ギターアクセサリ,8108,6,,,2660,はい,2026-02-23以降,1268,1425,標準(小型),182,中小候補,NG,GO,見送り,回転不足(消化月数>3),,https://www.amazon.co.jp/dp/B00TPL6TL4,
A,B0D2N7PXPY,ヤマハ YAMAHA アルト リコーダー バロック式 YRA-322B ローズウッド調 指掛け そうじ棒 リコーダークリーム 布ケース 運指表 ABS樹脂製,ヤマハ(YAMAHA),ヤマハ,楽器・音響機器 > 管・吹奏楽器 > 木管楽器,2212,2,,,4742,はい,2026-02-23以降,2246,2590,標準1,282,中小候補,GO,GO,GO,,,https://www.amazon.co.jp/dp/B0D2N7PXPY,
A,B09VPMP3N1,BUCATSTATE ハムスター ハウス 隠れ家 屋根が開閉でき 陶器ハウス セラミック かわいい サボテン型 涼感 快適 大きめ Lサイズ グリーン,BUCATSTATE,BUCATSTATE,ペット用品 > 小動物 > 飼育ケージ・アクセサリ,15209,2,,,2689,はい,2026-02-23以降,1411,1433,標準2,332,中小候補,GO,GO,GO,,,https://www.amazon.co.jp/dp/B09VPMP3N1,
A,B008MURHNI,エアーウィングPro アイボリー AW7-021-06【2台セット】日本製 1997年発売のロングセラー エアコン風よけ 風向き調整 直撃風防止,AIR WING,ダイアンサービス,ホーム＆キッチン > 家電 > 空調・季節家電,12007,2,,,4190,はい,2026-02-23以降,2046,2328,大型,282,中小候補,GO,GO,見送り,FBA大型サイズ,,https://www.amazon.co.jp/dp/B008MURHNI,
A,B0C4DJCKW3,MSMint Z2 ショートミラー 左右セット 正ネジ M10 GS400 GT380 KH400 KH250 Z400FX Z400GP GPZ400F GS,MSMint,MSMint,車＆バイク > バイクパーツ > バイク外装パーツ,6015,2,,,2590,はい,2026-02-23以降,1371,1446,標準1,282,中小候補,GO,GO,GO,,,https://www.amazon.co.jp/dp/B0C4DJCKW3,
A,4867690309,The Real Anthony Fauci - 人類を裏切った男(中) アンソニー・ファウチの正体と大統領医療顧問トップの大罪,経営科学出版,経営科学出版,本 > ジャンル別 > 医学・薬学・看護学・歯科学,62467,4,,,3582,はい,2026-02-23以降,1817,2029,標準1,282,大手/海外疑い,GO,GO,GO,,,https://www.amazon.co.jp/dp/4867690309,
A,B0C7QJB5ZQ,アンジュスマイル ベビーハンガー 10本セット 伸縮式 子供用ハンガー キッズハンガー 4段階調整可能 省スペース ハンガー 滑り止め グレー,アンジュスマイル,ちゃいなび,ベビー＆マタニティ > ベビー家具・収納 > ベビーハンガー,1822,2,,,1422,はい,2026-02-23以降,633,480,標準1,282,中小候補,GO,GO,GO,,,https://www.amazon.co.jp/dp/B0C7QJB5ZQ,
A,B0F6SXSSSW,"【プロ鑑定士と共同開発】 ルーペ 拡大鏡 GranCraft 【待望の""ワンサイズ大きめ"" 20.5mmレンズ】 観察 鑑定 検査 10倍 宝石 鉱石 ジュエリ",GranCraft(グランクラフト),GranCraft,文房具・オフィス用品 > 事務用品 > 机上用品・文具収納,1664,2,,,3280,はい,2026-02-23以降,1885,2231,標準(小型),182,中小候補,GO,GO,GO,,,https://www.amazon.co.jp/dp/B0F6SXSSSW,
A,B0B8D62G69,GIMUYA トヨタ ハイエース 200系 増設電源ユニット レジアスエース 分配器 シガーソケットx2 QC3.0 USBポートx2 スマホ 急速充電 TOY,GIMUYA,GIMUYA,車＆バイク > カーアクセサリ > ソケット分配器,10267,2,,,4380,はい,2026-02-23以降,1853,2076,標準1,282,中小候補,GO,GO,GO,,,https://www.amazon.co.jp/dp/B0B8D62G69,
A,B0FPR469VH,UVレジン液 500g 高い透明 レジン液 大容量 硬化速い UV/LED対応 レジン セット 低刺激性 3種類のグリッター入り DIY レジンコーティング 最,Zssuo,Zssuo,ホビー > 手芸・画材 > ビーズ・レジン・アクセサリ,5827,2,,,2399,はい,2026-02-23以降,991,949,標準1,282,中小候補,GO,GO,GO,,,https://www.amazon.co.jp/dp/B0FPR469VH,
A,B0D455P9CY,Cddu 浮き輪 ベビー 子供用 幼児 フロート 座付き 足入れ型 取っ手付き ヴィンテージ ストライプ 超可愛 こぐま プール用 水遊び スイムリング お風呂,cddu,cddu,おもちゃ > アクション・スポーツトイ > プール・水遊び,3065,2,,,1649,はい,2026-02-23以降,682,545,標準1,282,中小候補,GO,GO,GO,,,https://www.amazon.co.jp/dp/B0D455P9CY,
A,B0FW4VP1P3,[デルフォニックス] ロルバーンフリーダイアリーカルヴェ L（ライトピンク）,Delfonics,DELFONICS(デルフォニックス),文房具・オフィス用品 > 手帳・カレンダー > 手帳,3386,3,,,1628,はい,2026-02-23以降,598,548,標準(小型),182,中小候補,GO,GO,GO,,,https://www.amazon.co.jp/dp/B0FW4VP1P3,
A,4802512503,幾何学パターンづくりのすべて ファッション、建築、デザインのためのリピートパターン制作ガイド,ビー・エヌ・エヌ新社,ビー・エヌ・エヌ,本 > ジャンル別 > アート・建築・デザイン,64793,6,,,4380,はい,2026-02-23以降,1659,1822,標準1,282,中小候補,NG,GO,見送り,回転不足(消化月数>3),,https://www.amazon.co.jp/dp/4802512503,
A,B019W114YI,シーシーアイ(CCI) 車用 ガラス撥水剤 スマートビュー つけかえ用 180ml G-119,シーシーアイ(CCI),シーシーアイ(CCI),車＆バイク > 洗車・お手入れ用品 > ウィンドウケア,19647,5,,,2460,はい,2026-02-23以降,910,956,標準(小型),182,中小候補,NG,GO,見送り,回転不足(消化月数>3),,https://www.amazon.co.jp/dp/B019W114YI,
A,B0FJGJZRFG,【雑誌掲載の縁日遊びシリーズ】 スーパーボール 金魚すくい 縁日 お祭り おもちゃ セット プール 夏休み 子供 遊び 詰め合わせ 得々セット RIMINA (,RIMINA,RIMINA,おもちゃ > 季節用品 > 縁日用品,1511,2,,,2488,はい,2026-02-23以降,1335,1398,標準1,282,中小候補,GO,GO,GO,,,https://www.amazon.co.jp/dp/B0FJGJZRFG,
A,B0DYTQ8MJV,TARION 俯瞰撮影 カメラアームスタンド - 耐荷重3kg - 4段階360度角度調節 - 3/8→1/4ネジアダプター付き - ウェブ 一眼レフ スマホ ,TARION,TARION,パソコン・周辺機器 > ウェブカメラ・IP電話機器 > ウェブカメラ・VoIP機器,9004,2,,,6990,はい,2026-02-23以降,3534,4627,標準2,332,中小候補,GO,GO,GO,,,https://www.amazon.co.jp/dp/B0DYTQ8MJV,
A,B0B489TM7L,アルファックス AWAT(アワット) シャカシャカウォッシュバッグ 6Lサイズ 洗濯袋 洗濯バッグ 旅行 アウトドア 防災グッズ 37×62cm AP-4379,アルファックス,アルファックス,大型家電 > 洗濯機・乾燥機 > 洗濯機,262,4,,,2977,はい,2026-02-23以降,787,797,標準1,282,中小候補,GO,GO,GO,,,https://www.amazon.co.jp/dp/B0B489TM7L,
A,B09NZS4F56,2024改良新型 腰EMS 温熱ベルト腰サポーター 腹部 ホットベルト5種類調節 3段階ヒーター電熱式 USB充電式 液晶表示 自宅 ストレッチャー 寒さ対策 ,Susanny,Susanny,ホーム＆キッチン > 家電 > 健康家電,19237,2,,,4232,はい,2026-02-23以降,2468,2881,標準1,282,中小候補,GO,GO,GO,,,https://www.amazon.co.jp/dp/B09NZS4F56,
A,B0CYZ7H8Y4,【2026年最新】旅行用圧縮袋 トラベルポーチ 便利旅行圧縮バッグ 4点セット 可変スペース 衣類仕分け 圧縮袋 旅行 出張 衣類 整理便利グッズ トラベル パ,ANICEMOON,ANICEMOON,ファッション > バッグ・スーツケース > トラベルアクセサリ,12653,2,,,2239,はい,2026-02-23以降,1159,1168,標準1,282,中小候補,GO,GO,GO,,,https://www.amazon.co.jp/dp/B0CYZ7H8Y4,
A,B0753YGVCF,エアコン 洗浄 カバー 天カセ 天吊 兼用 シート ホッパー 1個入り KT-5230 天井カセット 業務用 プロ仕様 日本製,K エアコン洗浄プロ by kouing,コーイング株式会社,ホーム＆キッチン > 家電 > 空調・季節家電,7479,2,,,3820,はい,2026-02-23以降,1854,2077,標準1,282,中小候補,GO,GO,GO,,,https://www.amazon.co.jp/dp/B0753YGVCF,
A,B0DBWR21Q3,2.5Gbps PCIe拡張LANカード RTL8125B 2500/1000/100Mbps RJ45 LowProfileブラケット付属 (1個),ノーブランド品,Magi,パソコン・周辺機器 > PCパーツ > ネットワークカード,8152,2,,,1830,はい,2026-02-23以降,1007,1211,標準(小型),182,中小候補,GO,GO,GO,,,https://www.amazon.co.jp/dp/B0DBWR21Q3,
A,B0G1225YMN,【2025年新版】 APEXEL スマホマクロレンズ HB100U 画質大幅アップ より簡単にピント合わせ 5-11cm焦点距離 挟むだけで簡単 クリップがカメ,Apexel,Apexel,家電＆カメラ > 携帯電話・スマートフォン > 携帯電話・スマートフォンアクセサリ,11740,2,,,6839,はい,2026-02-23以降,3629,4820,標準1,282,中小候補,GO,GO,GO,,,https://www.amazon.co.jp/dp/B0G1225YMN,
A,B00EXIGZDG,One Control ワンコントロール Minimal Series エフェクター スイッチャー AB BOX,One Control,One Control,楽器・音響機器 > ギター > ギターエフェクター,12391,6,,,4840,はい,2026-02-23以降,2918,3582,標準(小型),182,中小候補,NG,GO,見送り,回転不足(消化月数>3),,https://www.amazon.co.jp/dp/B00EXIGZDG,
A,B0C2Q3M5FD,【Docomo回線】 30日間実質無制限 プリペイドSIM | 日本 データ通信専用 5G/4G対応 | simカード sim card japan,ＤＸＨＵＢ,ＤＸハブ,家電＆カメラ > 携帯電話・スマートフォン > SIMカード,15943,3,,,4880,はい,2026-02-23以降,2672,3568,標準(小型),182,中小候補,GO,GO,GO,,,https://www.amazon.co.jp/dp/B0C2Q3M5FD,
A,B01G68WXMM,アイリスプラザ 芝刈り機 手動式 MLM-300 グリーン,アイリスプラザ,アイリスオーヤマ(IRIS OHYAMA),DIY・工具・ガーデン > ガーデン > 農業・園芸用機器,15736,4,,,7630,はい,2026-02-23以降,3764,4575,大型,282,大手/海外疑い,GO,GO,見送り,FBA大型サイズ,,https://www.amazon.co.jp/dp/B01G68WXMM,
A,B07DQKVRLS,ピアス キャッチ おちないくん２ 両耳用 ゴールドカラー ステンレス ロック式,パーツアンドパーツ,宝石のエンジェル,ファッション > レディース > ジュエリー,18841,3,,,1760,はい,2026-02-23以降,950,1008,標準(小型),182,中小候補,GO,GO,GO,,,https://www.amazon.co.jp/dp/B07DQKVRLS,
A,B001UJIS4A,遠藤商事 業務用 アイストング 小 ステンレススチール 日本製 BTV27003,TKG遠藤商事,遠藤商事,ホーム＆キッチン > キッチン用品 > 調理・製菓道具,18893,3,,,1558,はい,2026-02-23以降,135,-58,標準(小型),182,中小候補,GO,GO,GO,,,https://www.amazon.co.jp/dp/B001UJIS4A,
A,B0CNPPVTDT,SOLEMOOD ホットプレート 焼肉プレート 1200W 高火力 減煙 油減らし 加熱迅速 無階段調節 「美味しく焼ける秘訣」コンパクトプレート 一人暮らし ,SOLEMOOD,SOLEMOOD,ホーム＆キッチン > 家電 > キッチン家電,74608,2,,,6385,はい,2026-02-23以降,3867,4710,大型,282,中小候補,GO,GO,見送り,FBA大型サイズ,,https://www.amazon.co.jp/dp/B0CNPPVTDT,
A,B09MLFV9D5,カシオ 純正 本格実務電卓用ケース ブラック CAL-CC10-BK-N,CASIO(カシオ),CASIO(カシオ),文房具・オフィス用品 > オフィス機器 > 電卓,8126,3,,,2670,はい,2026-02-23以降,660,629,標準(小型),182,大手/海外疑い,GO,GO,GO,,,https://www.amazon.co.jp/dp/B09MLFV9D5,
A,B0DH4PKHH8,多機能シェーバー1台6USB充電式脱毛器 IPX7防水脱毛器LEDディスプレイコンパクト電気シェーバー洗えるウェット ドライボディシェーバー,LANGING,LANGING,ホーム＆キッチン > 家電 > 理美容家電,6344,2,,,4199,はい,2026-02-23以降,2224,2561,標準1,282,中小候補,GO,GO,GO,,,https://www.amazon.co.jp/dp/B0DH4PKHH8,
A,B08HDJR6X1,アイリスオーヤマ 猫砂 ペーパーフレッシュ トイレに流せる 固まる PFC-7L (紙製) 7L×4袋,アイリスオーヤマ(IRIS OHYAMA),アイリスオーヤマ,ペット用品 > 猫 > トイレ用品,3682,2,,,2800,はい,2026-02-23以降,1185,1202,大型,282,大手/海外疑い,GO,GO,見送り,FBA大型サイズ,,https://www.amazon.co.jp/dp/B08HDJR6X1,
A,B01BKBNB80,星光産業 EXEA 車外用品 コーナーポール フェンダーポールミニ EW-18,EXEA,星光産業(EXEA),車＆バイク > カーパーツ > 外装・エアロパーツ,7049,2,,,2978,はい,2026-02-23以降,733,724,標準(小型),182,中小候補,GO,GO,GO,,,https://www.amazon.co.jp/dp/B01BKBNB80,
A,B0CZDP1CRN,WOOGA オートバイ左エンジンカバースライダークラッシュプロテクター適用車種 ホンダ SUPER CUB 110 CROSS CUB 110に適合Monkey,WOOGA,WOOGA,車＆バイク > バイクパーツ > バイク外装パーツ,39802,2,,,2628,はい,2026-02-23以降,1511,1742,標準(小型),182,中小候補,GO,GO,GO,,,https://www.amazon.co.jp/dp/B0CZDP1CRN,
A,B0DBL7NQSW,ボールハウス ボールテント ボールプール お城 折りたたみ式 子供用ポップアップテント キッズテント 室内 テント 秘密基地 ワンタッチテント テントハウス 収,ＯＣＯＦＵＮ,ＯＣＯＦＵＮ,おもちゃ > アクション・スポーツトイ > キッズテント,11261,2,,,2399,はい,2026-02-23以降,1068,1050,標準1,282,中小候補,GO,GO,GO,,,https://www.amazon.co.jp/dp/B0DBL7NQSW,
A,B00I0HZDVG,東京マルイ(TOKYO MARUI) M9A1 10歳以上電動ブローバックフルオート,東京マルイ(TOKYO MARUI),東京マルイ(TOKYO MARUI),ホビー > エアガン・モデルガン > エアガン,9161,4,,,6048,はい,2026-02-23以降,2304,2666,標準1,282,中小候補,GO,GO,GO,,,https://www.amazon.co.jp/dp/B00I0HZDVG,
A,B072JYRJBJ,ロックマン クラシックス コレクション 2 (数量限定特典「ロックマン ボス78体の有効武器早見表」 同梱),カプコン(CAPCOM),カプコン,ゲーム > 機種別 > プレイステーション4,6629,4,,,4340,はい,2026-02-23以降,1820,2146,標準(小型),182,中小候補,GO,GO,GO,,,https://www.amazon.co.jp/dp/B072JYRJBJ,
A,B0G7RVZ8GV,プロ野球12球団全選手カラー百科名鑑2026【A5判】(創刊50年目・解説者名鑑も充実),ミライカナイ,ミライカナイ,本 > ジャンル別 > ノンフィクション,108988,5,,,1920,はい,2026-02-23以降,619,462,標準1,282,中小候補,NG,GO,見送り,回転不足(消化月数>3),,https://www.amazon.co.jp/dp/B0G7RVZ8GV,
A,B0DVBRCHCT,BOC 170 x 120 cm（BROOKLYN OUTDOOR COMPANY ブルックリンアウトドアカンパニー）防災 機内 旅行用 トラベル ブランケット,Brooklyn Outdoor Company,BROOKLYN OUTDOOR COMPANY,スポーツ＆アウトドア > アウトドア > ブランケット,15078,2,,,4302,はい,2026-02-23以降,2303,2778,標準(小型),182,中小候補,GO,GO,GO,,,https://www.amazon.co.jp/dp/B0DVBRCHCT,
A,B0BJCPK7HM,ウィザーズ・オブ・ザ・コースト(Wizards Of The Coast)ダンジョンズ&ドラゴンズ モンスター・マニュアル D&D RPG ロールプレイングゲー,Wizards of the Coast,ウィザーズ・オブ・ザ・コースト(Wizards of the Coast),おもちゃ > ゲーム > ボードゲーム,6551,4,,,5499,はい,2026-02-23以降,2905,3387,標準2,332,中小候補,GO,GO,GO,,,https://www.amazon.co.jp/dp/B0BJCPK7HM,
A,B0FNLBQPRP,【colulu】 ラルミー ホワイトノイズマシン 赤ちゃん 授乳ライト ホワイトノイズ スピーカー 出産祝い LULLME (ホワイト),Ｃｏｌｕｌｕ,colulu,ベビー＆マタニティ > インテリア・デコレーション > 寝かしつけ用おもちゃ,494,2,,,5599,はい,2026-02-23以降,2435,2837,標準1,282,中小候補,GO,GO,GO,,,https://www.amazon.co.jp/dp/B0FNLBQPRP,
A,B0BXWBK29V,"[D.IIZOO] 可愛い オフショル フリル ビキニ 水着 2点セット レディース スイムウェア セパレート 体型カバー おしゃれ E0309A (M, ブラ",D.IIZOO,,ファッション > レディース > 服＆ファッション小物,19287,2,,,1790,はい,2026-02-23以降,869,790,標準1,282,中小候補,GO,GO,GO,,,https://www.amazon.co.jp/dp/B0BXWBK29V,
A,B078J66HGB,丸型バックミラー 左右セット 8mm 正ネジ （3種類の取り付けボルト付属）スーパーカブ スクーピー TACT（タクト）Dio（ディオ）レッツ等 8mm 正ネジ,KJT,KJT,車＆バイク > バイクパーツ > バイク外装パーツ,13432,2,,,1600,はい,2026-02-23以降,458,252,標準1,282,中小候補,GO,GO,GO,,,https://www.amazon.co.jp/dp/B078J66HGB,
A,B0F486YMFF,K&F CONCEPT ライトスタンド 撮影用 53~200cm 軽量870g アルミ TL06,K&F CONCEPT,Shenzhen Zhuoer Photograph,家電＆カメラ > カメラ > スタジオ撮影機材,9218,2,,,3399,はい,2026-02-23以降,1778,2141,標準2,332,中小候補,GO,GO,GO,,,https://www.amazon.co.jp/dp/B0F486YMFF,
A,B0F42HN88Y,ネッククーラー 【冷暖両用＆上下風道3D送風＆超大冷却プレート】 冷却プレート 首掛け扇風機 ネックファン ペルチェ素子 6000mAhバッテリー,Sintu,Sintu,ホーム＆キッチン > 家電 > 空調・季節家電,21856,2,,,2599,はい,2026-02-23以降,1407,1493,標準1,282,中小候補,GO,GO,GO,,,https://www.amazon.co.jp/dp/B0F42HN88Y,
A,B0FHQ46889,コーヒーミル 電動 カッター コーヒー電動ミル 電動コーヒーミル コーヒーグラインダー 電動グラインダー 粉末 コーヒー豆挽き器 無段階粒度調整,Sugeko,Sugeko,ホーム＆キッチン > 家電 > キッチン家電,6631,2,,,5999,はい,2026-02-23以降,908,840,標準1,282,中小候補,GO,GO,GO,,,https://www.amazon.co.jp/dp/B0FHQ46889,
A,B0FV1WTD6B,【Ricoh GR IV GR IV HDF GR IV Monochrome 専用】JJC オートレンズキャップ 自動開閉レンズキャップ Ricoh GR I,JJC,"Jinjiacheng Photography Equipment Co.,Ltd.",家電＆カメラ > カメラ > アクセサリ,15074,2,,,2350,はい,2026-02-23以降,1117,1367,標準(小型),182,中小候補,GO,GO,GO,,,https://www.amazon.co.jp/dp/B0FV1WTD6B,
A,B074P48R4S,カリフォルニアセンツ (ラグナブリーズ) お得な３個セット CALIFORNIA SCENTS Spillproof Organic Air Freshener,CALIFORNIA SCENTS,CALIFORNIA SCENTS,車＆バイク > カーアクセサリ > 車用除菌・消臭・芳香剤,12500,6,,,2554,いいえ,繰越(境界後の記録なし),1478,1698,標準(小型),182,中小候補,NG,GO,見送り,回転不足(消化月数>3),,https://www.amazon.co.jp/dp/B074P48R4S,
A,B0G5WMY87X,CIROM 高機能TPE枕 首が痛くならない 高反発まくら 整体師監修 人間工学120°立体波型枕 頭首肩フィット 【最適なハニカム構造 ゼロ圧の深い眠り】 体,CIROM,CIROM,ホーム＆キッチン > 寝具 > 枕・抱き枕,10272,2,,,7980,はい,2026-02-23以降,3758,4567,大型,282,中小候補,GO,GO,見送り,FBA大型サイズ,,https://www.amazon.co.jp/dp/B0G5WMY87X,
A,B0CY2N17F6,PCCOOLER CPS RZ400 V2 CPU空冷クーラー、ダイレクトコンタクト式ヒートパイプ×4、TDP 240W、アルミ製トップカバー、全高155mm、,PCCOOLER,PCCOOLER,パソコン・周辺機器 > PCパーツ > 冷却パーツ・ファン,9680,3,,,3698,はい,2026-02-23以降,1778,2141,標準2,332,中小候補,GO,GO,GO,,,https://www.amazon.co.jp/dp/B0CY2N17F6,
A,B0FXY1ZZB8,VOCE　2026年1月号　増刊,講談社,講談社,本 > ジャンル別 > 雑誌,170660,2,,,2380,はい,2026-02-23以降,329,83,標準1,282,中小候補,GO,GO,GO,,,https://www.amazon.co.jp/dp/B0FXY1ZZB8,
A,B076M3QJBP,ワンピース 海賊無双3 デラックスエディション - Switch,Bandai Namco,バンダイナムコエンターテインメント,ゲーム > 機種別 > Nintendo Switch,7210,4,,,5940,はい,2026-02-23以降,2397,2900,標準(小型),182,大手/海外疑い,GO,GO,GO,,,https://www.amazon.co.jp/dp/B076M3QJBP,
A,B0CVV9286V,ボンフォーム(BONFORM) キャラクター サンシェード ミッキー&ミニーサマー ディズニー 130x60cm ブルー 吸盤取り付けタイプ 折り畳み可能 Di,ボンフォーム(BONFORM),ボンフォーム(BONFORM),車＆バイク > カーアクセサリ > ダッシュボードマット,11033,6,,,1550,はい,2026-02-23以降,641,491,大型,282,中小候補,NG,GO,見送り,FBA大型サイズ / 回転不足(消化月数>3),,https://www.amazon.co.jp/dp/B0CVV9286V,
A,B01JI5QAGU,CANDY DESIGN&WORKS ケンドリック Kendrick CK-18 (ニッケル/ブラス),CANDY DESIGN&WORKS,CANDY DESIGN&WORKS,車＆バイク > カーアクセサリ > キーケース・キーホルダー,20457,2,,,2970,はい,2026-02-23以降,1319,1491,標準(小型),182,中小候補,GO,GO,GO,,,https://www.amazon.co.jp/dp/B01JI5QAGU,
A,B0DFY6QLLZ,鹿の角 犬 半割り 無添加 国産 北海道 天然 エゾ鹿 鹿角 ガム 噛むおもちゃ おやつ 長持ち ストレス発散 口臭予防（大型犬 半割り 約20cm）,ハピデジ -happy days joint-,ハピデジ -happy days joint-,ペット用品 > 犬 > おもちゃ,4307,2,,,2500,はい,2026-02-23以降,1426,1631,標準(小型),182,中小候補,GO,GO,GO,,,https://www.amazon.co.jp/dp/B0DFY6QLLZ,
A,B0FL2NQ9J5,週刊ＴＶガイド関東版2025年10月9日号増刊 TVガイドPLUS　vol.58,東京ニュース通信社,東京ニュース通信社,本 > ジャンル別 > 雑誌,244140,2,,,1804,はい,2026-02-23以降,890,817,標準1,282,中小候補,GO,GO,GO,,,https://www.amazon.co.jp/dp/B0FL2NQ9J5,
A,B0863KLV15,ハッと！アンブレラ （ハットアンブレラ） 帽子の日傘 釣り 農作業 ガーデニング 等に 【LIEBEN-3810】被る傘 かぶる傘 (ホワイト／ブラック),Lieben(リーベン),Lieben(リーベン),スポーツ＆アウトドア > 釣り > 釣り小物,7380,2,傘と日傘専門店リーベン,,2980,はい,2026-02-23以降,1635,1791,標準1,282,中小候補,GO,GO,見送り,相乗り出品が基準未満（卸している証拠なし）,,https://www.amazon.co.jp/dp/B0863KLV15,
A,B000WM1OXS,キングダム ハーツ 358/2 Days(スリー ファイブ エイト デイズ オーバー ツー),スクウェア・エニックス(SQUARE ENIX),スクウェア・エニックス,ゲーム > 機種別 > レガシーシステム,2860,2,,,9702,はい,2026-02-23以降,2314,2792,標準(小型),182,中小候補,GO,GO,GO,,,https://www.amazon.co.jp/dp/B000WM1OXS,
A,B0DQ82Y613,USB C 変換アダプタ マグネット 2個セット L字 24ピン Thunderbolt3,Gourde,Gourde,パソコン・周辺機器 > PCアクセサリ・サプライ > 変換アダプタ,10868,3,,,1898,はい,2026-02-23以降,987,1183,標準(小型),182,中小候補,GO,GO,GO,,,https://www.amazon.co.jp/dp/B0DQ82Y613,
A,B0C231RTX7,【耐荷重1.7kg】後付け引き出し W32×D28.5×H5.8cm 仕切り付き 落下防止ストッパー付き 強力シール 簡単取付 引き出し 机下 収納 机 拡張 ,SUNGRAN,SUNGRAN,文房具・オフィス用品 > 事務用品 > 机上用品・文具収納,10734,2,,,2180,はい,2026-02-23以降,709,581,標準1,282,中小候補,GO,GO,GO,,,https://www.amazon.co.jp/dp/B0C231RTX7,
A,B0FX41BJM8,カミオジャパン プロフィール帳 平成プロフィール帳 CLOVER MUSIC 230188,カミオジャパン(Kamiojapan),カミオジャパン(Kamiojapan),文房具・オフィス用品 > ノート・メモ帳 > ノート,7880,5,,,1850,はい,2026-02-23以降,468,378,標準(小型),182,中小候補,NG,GO,見送り,回転不足(消化月数>3),,https://www.amazon.co.jp/dp/B0FX41BJM8,
A,B0DMDJGPZT,【国内正規品】Keychron JISレイアウト用 Double Shot PBT OSAキーキャップ・フルセット (Ice Mountain),Keychron,Keychron,パソコン・周辺機器 > キーボード・マウス・入力機器 > パソコン用キーボード,14482,2,,,5192,はい,2026-02-23以降,3092,4060,標準1,282,中小候補,GO,GO,GO,,,https://www.amazon.co.jp/dp/B0DMDJGPZT,
A,B07Y9JPN34,Yデパートセンター55® トレッキングポール 2本セット I型グリップ 登山 杖 ストック トレッキングステッキ (ブラック),Yデパートセンター55,Yデパートセンター55,スポーツ＆アウトドア > 登山・クライミング > トレッキングポール,7380,3,,,1580,はい,2026-02-23以降,734,613,不明,282,中小候補,GO,GO,GO,,,https://www.amazon.co.jp/dp/B07Y9JPN34,
A,B08KJH81CL,【PS5】コール オブ デューティ ブラックオプス コールドウォー 【CEROレーティング「Z」】,ソニー・インタラクティブエンタテインメント,ソニー・インタラクティブエンタテインメント,ゲーム > 機種別 > プレイステーション5,3935,3,,,3772,はい,2026-02-23以降,2269,2734,標準(小型),182,大手/海外疑い,GO,GO,GO,,,https://www.amazon.co.jp/dp/B08KJH81CL,
A,B08FGQL6CT,ヒルズ サイエンスダイエット ドッグフード 敏感なお腹と皮膚の健康サポート 小型犬用 チキン 1.3kg 1歳以上 成犬用 高齢犬用 アダルト シニア ドライ ,ヒルズ サイエンス・ダイエット,日本ヒルズ・コルゲート,ペット用品 > 犬 > ドッグフード,12019,4,,,3750,はい,2026-02-23以降,880,739,標準2,332,中小候補,GO,GO,見送り,除外カテゴリ,,https://www.amazon.co.jp/dp/B08FGQL6CT,
A,B0FFBBMYMY,Ulanzi MA89スマホ 三脚 小型 ミニ三脚 多機能スマホスタンド【 スタンド・挟む・手持ち・掛けるモード】安定 軽量 折りたたみ 持ち運び便利 コールド,ウランジ(Ulanzi),ULANZI,家電＆カメラ > 携帯電話・スマートフォン > 携帯電話・スマートフォンアクセサリ,12168,2,,,2599,はい,2026-02-23以降,1169,1440,標準(小型),182,中小候補,GO,GO,GO,,,https://www.amazon.co.jp/dp/B0FFBBMYMY,
A,B00503118C,アルティメットヒッツ ファイナルファンタジーXIII - PS3,スクウェア・エニックス(SQUARE ENIX),スクウェア・エニックス,ゲーム > 機種別 > レガシーシステム,6349,5,,,4499,はい,2026-02-23以降,1443,1653,標準(小型),182,中小候補,NG,GO,見送り,回転不足(消化月数>3),,https://www.amazon.co.jp/dp/B00503118C,
A,B00T7AVKRQ,絶対階級学園~Eden with roses and phantasm~ 初回限定版,Daisy2,Daisy2,PCソフト > ジャンル別 > PCゲーム,1585,3,,,7398,はい,2026-02-23以降,4147,5189,標準(小型),182,中小候補,GO,GO,GO,,,https://www.amazon.co.jp/dp/B00T7AVKRQ,
A,B0CRKPVYYL,新中学問題集 理科 中1 標準編　2024年改訂版 【プログレス+オリジナル付箋付き】教育開発出版 解答付き,Von Lonley,教育開発出版,本 > ジャンル別 > 教育・学参・受験,100180,5,,,3480,はい,2026-02-23以降,1980,2242,標準1,282,中小候補,NG,GO,見送り,回転不足(消化月数>3),,https://www.amazon.co.jp/dp/B0CRKPVYYL,
A,B01KZ4Y5IS,ハッピープライスセレクション ゼルダの伝説 時のオカリナ 3D,任天堂,任天堂,ゲーム > 機種別 > レガシーシステム,2837,4,,,5685,はい,2026-02-23以降,1443,1653,標準(小型),182,大手/海外疑い,GO,GO,GO,,,https://www.amazon.co.jp/dp/B01KZ4Y5IS,
A,B0B28WDR76,ELMO エルモ 成猫用 ユリナリーケア (2kg),エルモ ( ELMO ),ATSU.Trading,ペット用品 > 猫 > キャットフード,21651,6,,,4799,はい,2026-02-23以降,2429,2765,標準2,332,中小候補,NG,GO,見送り,回転不足(消化月数>3),,https://www.amazon.co.jp/dp/B0B28WDR76,
A,B0FFH59CNV,Auto Spec 車 収納ボックス 3WAY ボックスクッション シートボックス 腰 クッション 簡単着脱 38L大容量 荷物の転落防止,auto spec,auto spec,車＆バイク > カーアクセサリ > シートクッション,6717,2,,,2235,はい,2026-02-23以降,1143,1148,標準1,282,中小候補,GO,GO,GO,,,https://www.amazon.co.jp/dp/B0FFH59CNV,
A,B0GCFP2DJC,BIBIBO 2セット トヨタ シエンタ 10系 15系 専用 スマホホルダー カップホルダー サイドボケット 新型シエンタ 小物入れ 収納ボックス シエンタ ,BIBIBO,BIBIBO,車＆バイク > カーアクセサリ > 収納・ホルダー,10969,2,,,2939,はい,2026-02-23以降,1628,1782,標準1,282,中小候補,GO,GO,GO,,,https://www.amazon.co.jp/dp/B0GCFP2DJC,
A,B07FDV4PXX,[ベルメゾン] フェイクレザー トイレットペーパー ホルダーカバー ライトベージュ,BELLE MAISON(ベルメゾン),ベルメゾン,産業・研究開発用品 > 衛生・清掃用品 > 衛生設備機器,7803,2,,,1980,はい,2026-02-23以降,1005,967,標準1,282,中小候補,GO,GO,GO,,,https://www.amazon.co.jp/dp/B07FDV4PXX,
A,B0DBCMJQ52,[ヨネックス] タオル スポーツタオル AC1093 ボルドー FREE,YONEX(ヨネックス),YONEX(ヨネックス),スポーツ＆アウトドア > 水泳・スイミング > スポーツタオル,15993,2,,,2420,はい,2026-02-23以降,598,434,標準1,282,中小候補,GO,GO,GO,,,https://www.amazon.co.jp/dp/B0DBCMJQ52,
A,B0GN8GCGRZ,フランク三浦 ゴルフボール スピン 回転 R&A公認球 2層構造 高反発0.78 332ディンプル 中高弾道 ホワイト,フランク三浦,フランク三浦,スポーツ＆アウトドア > ゴルフ > ゴルフボール,11363,2,,,1979,はい,2026-02-23以降,1004,966,標準1,282,中小候補,GO,GO,GO,,,https://www.amazon.co.jp/dp/B0GN8GCGRZ,
A,B0CRH1HZDG,Musiclily Ultra 11穴 SSSストラトキャスターピックガード アノダイズドアルミニウム製 Fender American/Mexico Stra,Musiclily,Musiclily,楽器・音響機器 > ギター > ギターアクセサリ,3959,2,Musiclily Direct Japan,メーカー直販,2563,はい,2026-02-23以降,1383,1462,標準1,282,中小候補,GO,GO,見送り,相乗り出品が基準未満（卸している証拠なし）,,https://www.amazon.co.jp/dp/B0CRH1HZDG,
A,B08GXKFL6C,コンストラクション シミュレーター 2&3 ダブルパック-Switch,3goo,3goo,ゲーム > 機種別 > Nintendo Switch,10664,2,,,5180,はい,2026-02-23以降,2970,3650,標準(小型),182,中小候補,GO,GO,GO,,,https://www.amazon.co.jp/dp/B08GXKFL6C,
A,B01N8YHL6E,KABA KABAクリーナー シリンダー洗浄・潤滑剤スプレー プロ仕様 200ml,Kaba ace(カバエース),Kaba ace(カバエース),産業・研究開発用品 > 接着・補修 > 工業用潤滑剤,6876,5,,,3440,はい,2026-02-23以降,1264,1419,標準(小型),182,中小候補,NG,GO,見送り,回転不足(消化月数>3),,https://www.amazon.co.jp/dp/B01N8YHL6E,
A,B09JFBTQ8X,宮川ゴム [国産] マルイ ガスガン ガスブロ 対応 v2 長掛けチャンバー パッキン 特許第693145 製品保証6か月 (2個入り) (ニトリル60),宮川ゴム,宮川ゴム,ホビー > エアガン・モデルガン > モデルガンパーツ,12884,3,,,1599,はい,2026-02-23以降,783,790,標準(小型),182,中小候補,GO,GO,GO,,,https://www.amazon.co.jp/dp/B09JFBTQ8X,
A,B079DHLDK1,カタヌキ菓子（かたぬき）100枚入 (易しいタイプ)4545427000111,株式会社 山本人形,株式会社ハシモト,おもちゃ > 季節用品 > 縁日用品,9754,2,,,1950,はい,2026-02-23以降,435,335,標準(小型),182,中小候補,GO,GO,GO,,,https://www.amazon.co.jp/dp/B079DHLDK1,
A,B06XK1P781,Polaris Office for Mac | Mac用オフィスソフト | Microsoft Officeと高い互換性,SOURCENEXT,ソースネクスト,PCソフト > ジャンル別 > ビジネス・オフィス,197,2,,,3009,はい,2026-02-23以降,1715,2009,標準(小型),182,中小候補,GO,GO,GO,,,https://www.amazon.co.jp/dp/B06XK1P781,
A,B074NXS1BS,カリフォルニアセンツ (コロナド チェリー) お得な３個セット CALIFORNIA SCENTS Spillproof Organic Air Freshen,CALIFORNIA SCENTS,CALIFORNIA SCENTS,車＆バイク > カーアクセサリ > 車用除菌・消臭・芳香剤,12483,6,,,2237,はい,2026-02-23以降,1272,1429,標準(小型),182,中小候補,NG,GO,見送り,回転不足(消化月数>3),,https://www.amazon.co.jp/dp/B074NXS1BS,
A,B0B9MS648D,銀のスプーン キャットフード ドライ 国産生かつおin 海の幸ブレンド 小魚添え 1.0kg 国産 ユニチャーム,銀のスプーン,ユニチャーム,ペット用品 > 猫 > キャットフード,10108,3,,,2169,はい,2026-02-23以降,304,-14,標準2,332,中小候補,GO,GO,GO,,,https://www.amazon.co.jp/dp/B0B9MS648D,
A,B0BKRH6TMX,キャプテンスタッグ(CAPTAIN STAG) LEDライト ランタン CS ポータブルウォームライト 暖色 充電式 【明るさ180ルーメン/連続点灯約7-14,キャプテンスタッグ(CAPTAIN STAG),キャプテンスタッグ(CAPTAIN STAG),スポーツ＆アウトドア > アウトドア > ライト・ランタン,15768,5,,,2780,いいえ,2026-02-23以降,1625,1891,標準(小型),182,中小候補,NG,GO,見送り,回転不足(消化月数>3),,https://www.amazon.co.jp/dp/B0BKRH6TMX,
A,B0F87RMNW8,音が鳴る おまる 子供用 洋式 選べるカラー 収納ボックス付き トイレ トレーニング 練習 便座 ベビー キッズ 1歳～7歳 SUGGEST,SUGGEST,SUGGEST,ベビー＆マタニティ > おむつ・トイレ > おまる・便座,7647,2,,,3480,はい,2026-02-23以降,1701,1877,大型,282,中小候補,GO,GO,見送り,FBA大型サイズ,,https://www.amazon.co.jp/dp/B0F87RMNW8,
A,B0FBRRN8XR,sweet 2025年8月号増刊,宝島社,宝島社,本 > ジャンル別 > 暮らし・健康・子育て,186254,2,,,3385,はい,2026-02-23以降,1408,1494,標準1,282,中小候補,GO,GO,GO,,,https://www.amazon.co.jp/dp/B0FBRRN8XR,
A,B07Y8WWL4C,KAWAI C・A・T がじがじフェンス S サイズ×2個,KAWAI C・A・T,川井,ペット用品 > 小動物 > おもちゃ,6930,5,,,2698,はい,2026-02-23以降,1083,1069,標準1,282,中小候補,NG,GO,見送り,回転不足(消化月数>3),,https://www.amazon.co.jp/dp/B07Y8WWL4C,
A,B0CNGRWT42,[TenderSense] 【タナック】健康運動指導士監修ｘ骨盤底筋トレーニングベルトxやさしく支えるソフトタイプx日本製【着けるだけでトレーニングｘズボンの下,TenderSense,株式会社タナック,ベビー＆マタニティ > マタニティ > 産後リフォーム下着,6083,2,,,2090,はい,2026-02-23以降,1162,1286,標準(小型),182,中小候補,GO,GO,GO,,,https://www.amazon.co.jp/dp/B0CNGRWT42,
A,B09NCW7BXY,エンラージ商事 VEZEL ヴェゼル RV3 RV4 RV5 RV6 R3年4月以降 対応 車速連動 オートドアロック ハザード機能あり,EnlargeCorp,株式会社エンラージ商事,車＆バイク > カーセキュリティ > 車用ロック,15688,2,,,5926,はい,2026-02-23以降,3261,3918,不明,282,中小候補,GO,GO,GO,,,https://www.amazon.co.jp/dp/B09NCW7BXY,
A,B08CZL5QR5,実用新案登録！2枚の生地でサンドして断面がほつれない！【BR-690 空調ウェア自作キット2四角タイプ アイロンワッペン2枚セット(カラー：グレー)】空調衣服自,ブレイン(BRAIN),ブレイン(BRAIN),ホビー > プラモデル・模型 > プラモデル,22914,2,,,1980,はい,2026-02-23以降,698,565,不明,282,中小候補,GO,GO,GO,,,https://www.amazon.co.jp/dp/B08CZL5QR5,
A,B0CSSTF988,コモライフ 網戸ネット (面テープ付き) 張り替え 網戸の網 ネット 虫侵入防止 開閉可能 補修 換気 窓 (マグネットタイプ),コモライフ,コモライフ(Comolife),DIY・工具・ガーデン > 建築・住宅資材 > 建具,8871,3,,,1980,はい,2026-02-23以降,942,820,標準2,332,中小候補,GO,GO,GO,,,https://www.amazon.co.jp/dp/B0CSSTF988,
A,4798072745,新NISA完全対応！ゼロから学ぶ投資の教科書,秀和システム,秀和システム,本 > ジャンル別 > 投資・金融・会社経営,285428,5,,,3089,はい,2026-02-23以降,827,734,標準1,282,中小候補,NG,GO,見送り,回転不足(消化月数>3),,https://www.amazon.co.jp/dp/4798072745,
A,B0G38K59F6,BAILA（バイラ） 2026年2.3月合併号増刊　宮舘涼太表紙版,集英社,集英社,本 > ジャンル別 > 雑誌,129032,6,,,1570,はい,2026-02-23以降,244,-28,標準1,282,中小候補,NG,GO,見送り,回転不足(消化月数>3),,https://www.amazon.co.jp/dp/B0G38K59F6,
A,B0DK73MZYY,ベッセル(VESSEL) 安全 貫通 ボールグリップドライバー ギャラクシー赤 2本組 +2×100/-6×100 250-2PS-GRE,ベッセル(VESSEL),ベッセル(VESSEL),DIY・工具・ガーデン > 作業工具 > ねじ用ドライバー・ナットドライバー,14672,3,,,3980,はい,2026-02-23以降,1018,984,標準1,282,中小候補,GO,GO,GO,,,https://www.amazon.co.jp/dp/B0DK73MZYY,
A,B091PQ942P,高校リード問題集 英語Ⅰ　【オリジナルボールペン付き】解答付属　英語1,,教育開発出版,本 > ジャンル別 > 教育・学参・受験,101720,3,,,3380,はい,2026-02-23以降,1798,2004,標準1,282,中小候補,GO,GO,GO,,,https://www.amazon.co.jp/dp/B091PQ942P,
A,4838726848,日本の礼儀作法~宮家のおしえ~,マガジンハウス,マガジンハウス,本 > ジャンル別 > 文学・評論,56515,3,,,4147,はい,2026-02-23以降,647,499,標準1,282,中小候補,GO,GO,GO,,,https://www.amazon.co.jp/dp/4838726848,
A,B0CY288PNF,ソーラーライト 屋外 ガーデンライト 埋め込み式 太陽光パネル充電 地中埋込型 屋外 ライト 高輝度 庭 ライト ソーラー ライト 防水 IP66 自動点灯/消,SolpexJP,SolpexJP,DIY・工具・ガーデン > エクステリア > アウトドア・エクステリアライト,11084,2,,,2860,はい,2026-02-23以降,1341,1341,標準2,332,中小候補,GO,GO,GO,,,https://www.amazon.co.jp/dp/B0CY288PNF,
A,B0G6LG5YG7,コンプティーク 2026年2月号,KADOKAWA,KADOKAWA,本 > ジャンル別 > 雑誌,31123,5,,,1980,はい,2026-02-23以降,425,209,標準1,282,中小候補,NG,GO,見送り,回転不足(消化月数>3),,https://www.amazon.co.jp/dp/B0G6LG5YG7,
A,4911030011,ことばが出ない? 遅い? 通じない?を解決する!インリアル・アプローチ事典: 0歳から使える最強のコミュニケーション指導法,,薫化舎出版会,本 > ジャンル別 > 医学・薬学・看護学・歯科学,40456,6,,,3680,はい,2026-02-23以降,1362,1434,標準1,282,中小候補,NG,GO,見送り,回転不足(消化月数>3),,https://www.amazon.co.jp/dp/4911030011,
A,B0FPCJTQWH,Juliyas ネックケア 首 リラクゼーション器 【次世代 首/肩 両対応】業界初 マグネット式 2種交換ヘッド 深く広く EMS&TENS 振動,Juliyas,Juliyas,ホーム＆キッチン > 家電 > 健康家電,15072,2,,,7999,はい,2026-02-23以降,4917,6083,標準1,282,中小候補,GO,GO,GO,,,https://www.amazon.co.jp/dp/B0FPCJTQWH,
A,B0FTLYFV33,anan(アンアン)2025/11/12号 No.2470[The TEAM 2025／寺西拓人＆篠塚大輝],マガジンハウス,マガジンハウス,本 > ジャンル別 > ノンフィクション,47239,4,,,1751,はい,2026-02-23以降,284,24,標準1,282,中小候補,GO,GO,GO,,,https://www.amazon.co.jp/dp/B0FTLYFV33,
A,B07W7JK9BQ,JJC 金属 レンズキャップ Ricoh GR IIIx GR Mark III II GRIII GRII GR III HDF GR IIIx HDF GR,JJC,"Jinjiacheng Photography Equipment Co.,Ltd.",家電＆カメラ > カメラ > アクセサリ,9548,2,,,1950,はい,2026-02-23以降,821,948,標準(小型),182,中小候補,GO,GO,GO,,,https://www.amazon.co.jp/dp/B07W7JK9BQ,
A,B0FF2XY5QV,WCKJT 釣竿セット3.6M/4.5M/5.4M/6.3M 投げ竿 磯竿 初心者 入門セット 釣りバッグ 磯釣 堤防釣 3000番リール 収納バッグ コンパク,WCKJT,TZ,スポーツ＆アウトドア > 釣り > ロッド・アクセサリ,10606,2,,,4799,はい,2026-02-23以降,2369,2751,大型,282,中小候補,GO,GO,見送り,FBA大型サイズ,,https://www.amazon.co.jp/dp/B0FF2XY5QV,
A,B005FDNFCC,LOLLIPOP CHAINSAW PREMIUM EDITION 【CEROレーティング「Z」】 - PS3,Sony,角川ゲームス,ゲーム > 機種別 > レガシーシステム,3776,3,,,7980,はい,2026-02-23以降,3250,4016,標準(小型),182,大手/海外疑い,GO,GO,GO,,,https://www.amazon.co.jp/dp/B005FDNFCC,
A,B012VXMUA6,SWANS (スワンズ) 眼鏡用 ワイヤーバンド A-64 Lサイズ ワイヤースポーツバンド メガネ サングラス 落下・ズレ防止 180mm-260mm,SWANS(スワンズ),スワンズ(SWANS),スポーツ＆アウトドア > スポーツケア・アクセサリ・競技備品,17513,7,,,1630,はい,2026-02-23以降,465,374,標準(小型),182,中小候補,NG,GO,見送り,新品オファー数7 / 回転不足(消化月数>3),,https://www.amazon.co.jp/dp/B012VXMUA6,
A,B0F22LPSN3,バッテリー充電アダプター 電動自転車 リチウムバッテリー充電器 コネクタ DC 5.5×2.1mm 出力 42V 2A リチウムイオン36Vバッテリー用 AC ,E MOTORAD - RIDE THE ELECTRIC REVOLUTION,Emotorad,車＆バイク > バッテリー > バッテリー充電器,5349,2,,,4190,はい,2026-02-23以降,2285,2641,標準1,282,中小候補,GO,GO,GO,,,https://www.amazon.co.jp/dp/B0F22LPSN3,
A,B007GGIPDA,babybuba (ベビーブーバ) オーガニック ベビーギフトセット 出産祝い 【 シャンプー ＆ オイル 】 無添加 しっとり保湿 ベビースキンケア 全身 リ,babybuba (ベビーブーバ),babybuba (ベビーブーバ),ベビー＆マタニティ > 出産祝い・ギフト・メモリアル > ギフトセット,1885,2,,,6580,はい,2026-02-23以降,3781,4597,標準1,282,中小候補,GO,GO,GO,,,https://www.amazon.co.jp/dp/B007GGIPDA,
A,B0BVBKLCP8,PYKES PEAK(パイクスピーク) キャンプ マット CM-01 銀マット 折りたたみ 軽量 コンパクト 厚手 厚さ20mm アウトドア 収納袋付き XPE,PYKES PEAK,PYKES PEAK,スポーツ＆アウトドア > アウトドア > 寝袋・ベッド・マット,12095,2,,,2980,はい,2026-02-23以降,1460,1562,大型,282,中小候補,GO,GO,見送り,FBA大型サイズ,,https://www.amazon.co.jp/dp/B0BVBKLCP8,
A,B0FKYS2GQT,LED ランタン 充電式 提灯 7つ点灯モード 懐中電灯 コードレス キャンプランタン 作業灯 超高輝度 USB充電 IP65防水 アウトドア 防災,Dearan,Dearan,DIY・工具・ガーデン > エクステリア > アウトドア・エクステリアライト,12936,2,,,2705,はい,2026-02-23以降,1576,1827,標準(小型),182,中小候補,GO,GO,GO,,,https://www.amazon.co.jp/dp/B0FKYS2GQT,
A,B0C5M1WPXV,AIM30 猫 おやつ カリッとトリーツ 8種類セット カリカリ 猫フード 猫用おやつ [Soi couleur],Soi couleur,Soicouluer,ペット用品 > 猫 > おやつ,6131,3,,,2580,はい,2026-02-23以降,1050,1026,標準1,282,中小候補,GO,GO,GO,,,https://www.amazon.co.jp/dp/B0C5M1WPXV,
A,B00D5OV70A,FIRST SOUND(ファーストサウンド) 折りたたみ譜面カバー デラックス・茶,FIRST SOUND,FIRST SOUND,楽器・音響機器 > アクセサリ > 楽譜フォルダー,13174,2,,,3190,はい,2026-02-23以降,1584,1724,標準1,282,中小候補,GO,GO,GO,,,https://www.amazon.co.jp/dp/B00D5OV70A,
A,B089F1RVM7,HANSWD 多機能LEDメーター バイク用 オートバイスピードメーター 走行距離 バックライト ガソリン計 汎用 160KMH DC12V (B),HANSWD,HANSWD,車＆バイク > バイクパーツ > バイクメーター,48870,2,,,2500,はい,2026-02-23以降,1326,1387,標準1,282,中小候補,GO,GO,GO,,,https://www.amazon.co.jp/dp/B089F1RVM7,
A,B009KDXU32,グランツーリスモ PSP the Best,ソニー・インタラクティブエンタテインメント,ソニー・コンピュータエンタテインメント,ゲーム > 機種別 > レガシーシステム,2856,3,,,5480,はい,2026-02-23以降,3380,4186,標準(小型),182,大手/海外疑い,GO,GO,GO,,,https://www.amazon.co.jp/dp/B009KDXU32,
A,B00142MWB8,ニトリート(NITREAT) テーピング テープ 筋肉サポート用 伸縮 撥水タイプ キネシオロジーテープ NKH75 75mm×5m 4巻入,ニトリート(NITREAT),ニトリート(NITREAT),スポーツ＆アウトドア > スポーツケア・アクセサリ・競技備品 > スポーツケア用品,19951,2,🇫【年中無休】健康美容用品専門店Frontrunner / wel-sense ショップ Az,,5664,はい,2026-02-23以降,2990,3676,標準(小型),182,中小候補,GO,GO,GO,,,https://www.amazon.co.jp/dp/B00142MWB8,
A,B0F1922L94,丸山技研 創燕 楕円 揚げ鍋 温度計付 SE-70 IH対応 ガスコンロ対応 楕円 注ぎ口 継ぎ目ない天ぷら 揚げ物 天麩羅 油鍋 ih ガス 日本製 燕三条,NIIGATA 創燕 SOUEN,丸山技研(MARUYAMA GIKEN),ホーム＆キッチン > キッチン用品 > 鍋・フライパン,37438,2,,,3980,はい,2026-02-23以降,1720,1902,標準1,282,中小候補,GO,GO,GO,,,https://www.amazon.co.jp/dp/B0F1922L94,
A,B00WS9KWZY,ニューテック(NUTEC) エンジンオイル NC-51 0W-30 化学合成(エステル系) 1L (旧品),ニューテック(NUTEC),ニューテック(NUTEC),車＆バイク > オイル・フルード > オイル,4474,2,,,3520,はい,2026-02-23以降,1612,1697,標準2,332,中小候補,GO,GO,GO,,,https://www.amazon.co.jp/dp/B00WS9KWZY,
A,B004UE19RU,ターレンス キャンバスバック ヴァンゴッホ F30 487270,Talens,ターレンスジャパン(Talens Japan),ホビー > 手芸・画材 > 描画・絵画,10354,3,,,4373,はい,2026-02-23以降,2040,2321,標準1,282,中小候補,GO,GO,GO,,,https://www.amazon.co.jp/dp/B004UE19RU,
A,B0CBRBVR6B,[ヨネックス] メッシュキャップ 40106J ホワイト (011),YONEX(ヨネックス),YONEX(ヨネックス),ファッション > キッズ＆ベビー > ボーイズ,25133,5,,,2319,はい,2026-02-23以降,1139,1256,標準(小型),182,中小候補,NG,GO,見送り,回転不足(消化月数>3),,https://www.amazon.co.jp/dp/B0CBRBVR6B,
A,B0FNMYQCW9,Venkuri アコースティックギター 17点セット 初心者入門セット 練習ギター ソフトケース付き アコギ guitar 艶消しの自然色,Venkuri,Venkuri,楽器・音響機器 > ギター > アコースティックギターセット,525,3,,,5999,いいえ,2026-02-23以降,3617,4383,大型,282,中小候補,GO,GO,見送り,FBA大型サイズ,,https://www.amazon.co.jp/dp/B0FNMYQCW9,
A,B0F87X82ML,トイトレ おまる 子供 洋式 握れる 持ち手付き 椅子型おまる 洋式おまる 補助便座 蓋つき 臭い漏れ防止 男女兼用 子供用便座 幼児 子供 子ども,iimono117,iimono117,ベビー＆マタニティ > おむつ・トイレ > おまる・便座,11456,2,,,2380,はい,2026-02-23以降,1265,1307,大型,282,中小候補,GO,GO,見送り,FBA大型サイズ,,https://www.amazon.co.jp/dp/B0F87X82ML,
A,4864701733,出口式 現代文 新レベル別問題集1 超基礎編【改訂版】,水王舎,水王舎,本 > ジャンル別 > 人文・思想,243914,2,,,3302,はい,2026-02-23以降,496,302,標準1,282,中小候補,GO,GO,GO,,,https://www.amazon.co.jp/dp/4864701733,
A,B00PCOGE04,GOETHE（ゲーテ） 2025年1月号,幻冬舎,幻冬舎,本 > ジャンル別 > 雑誌,236083,3,,,1780,はい,2026-02-23以降,875,797,標準1,282,中小候補,GO,GO,GO,,,https://www.amazon.co.jp/dp/B00PCOGE04,
A,B0FDJSTH9H,GORIX(ゴリックス) リアキャリア 荷台 自転車 シートポスト クロスバイク ロードバイク アルミ シンプル 後つけ 簡単取付け 簡易 自転車キャリア マウ,GORIX(ゴリックス),GORIX(ゴリックス),スポーツ＆アウトドア > 自転車 > 自転車アクセサリ,18149,2,,,3495,はい,2026-02-23以降,1890,2060,標準2,332,中小候補,GO,GO,GO,,,https://www.amazon.co.jp/dp/B0FDJSTH9H,
A,B0FXGDGLVT,FOXKOO フットレスト 足置き台 幅44.5cm【整体師監修 膝・足首の負担軽減】柔らかく安定サポート 足置き デスク下 軽量 ポータブル 足首サポート 長,Foxkoo,co.jp,文房具・オフィス用品 > オフィス家具・収納 > オフィス家具小物・パーツ,11230,2,,,2548,はい,2026-02-23以降,1374,1449,標準1,282,中小候補,GO,GO,GO,,,https://www.amazon.co.jp/dp/B0FXGDGLVT,
A,B09WDT8JN6,エーキューエー(AQA) マリンスポーツ ライフジャケット2 ブラック(40) M KA9025,エーキューエー(AQA),エーキューエー(AQA),スポーツ＆アウトドア > 釣り > ボート用品,6640,2,,,4780,はい,2026-02-23以降,2636,3100,大型,282,中小候補,GO,GO,見送り,FBA大型サイズ,,https://www.amazon.co.jp/dp/B09WDT8JN6,
A,B0G7CL9N3D,LICHIFIT for Meta Quest 2 ヘッドストラップ ヘッドバンド 重量軽減 寝ながら 圧力分散 シリコンゴム ソフトヘッドストラップ コンフォ,LICHIFIT,Leagoods,ゲーム > 機種別 > VRゲーム,4607,2,,,4150,はい,2026-02-23以降,2281,2749,標準(小型),182,中小候補,GO,GO,GO,,,https://www.amazon.co.jp/dp/B0G7CL9N3D,
A,B0BTY5769G,[あめてまり] たとう紙 10枚 63cm 中サイズ 日本製 金菊柄 [中紙あり] 薄紙あり お徳用 高級 雲龍和紙 贈答 金駒 きもの文庫 窓付き 保存用 1,あめてまり,,ファッション > レディース > 服＆ファッション小物,5460,2,,,2420,はい,2026-02-23以降,1259,1300,標準1,282,中小候補,GO,GO,GO,,,https://www.amazon.co.jp/dp/B0BTY5769G,
A,B0C2YX4HHR,シービージャパン(CB JAPAN) 衣類ハンガー 首元を伸ばさずに干せる 肩紐掛け付き キャッチフック 6本組 子供用ハンガー ベビーハンガー キッズハンガー,シービージャパン(CB JAPAN),シービージャパン,ホーム＆キッチン > 洗濯用品 > 物干しハンガー・物干しラック,8285,2,,,1507,はい,2026-02-23以降,0,-348,標準1,282,中小候補,GO,GO,GO,,,https://www.amazon.co.jp/dp/B0C2YX4HHR,
A,B0D3YTVVR4,aurochs 極細面相筆12本セット 天然馬毛筆6本/ナイロン筆6本 ペイント プラモデル フィギュア 水彩画 アクリル画 日本画 デザイン ネイル,aurochs,aufb-12,ホビー > 手芸・画材 > 描画・絵画,10285,4,,,2952,はい,2026-02-23以降,1736,2037,標準(小型),182,中小候補,GO,GO,GO,,,https://www.amazon.co.jp/dp/B0D3YTVVR4,
A,B01LEQWV3M,無添加シリーズ 犬用おやつ 豚耳細切り 300g,無添加シリーズ,オーシーファーム,ペット用品 > 犬 > おやつ,3442,4,,,2298,はい,2026-02-23以降,957,904,標準1,282,中小候補,GO,GO,GO,,,https://www.amazon.co.jp/dp/B01LEQWV3M,
A,B0B75DK6VW,LED電球 T形タイプ 口金直径26mm 60w 100w形相当 昼光色 1080ルーメン (7.2W) 一般電球・T形タイプ 密閉器具対応,POIUYTO,LIJIA,ホーム＆キッチン > 家電 > 照明,8579,2,,,2280,はい,2026-02-23以降,1285,1446,標準(小型),182,中小候補,GO,GO,GO,,,https://www.amazon.co.jp/dp/B0B75DK6VW,
A,B0FNL8QHJJ,【colulu】 ラルミー ホワイトノイズマシン 赤ちゃん 授乳ライト ホワイトノイズ スピーカー 出産祝い LULLME (グレージュ),Ｃｏｌｕｌｕ,colulu,ベビー＆マタニティ > インテリア・デコレーション > 寝かしつけ用おもちゃ,373,2,,,5599,はい,2026-02-23以降,2535,3081,標準(小型),182,中小候補,GO,GO,GO,,,https://www.amazon.co.jp/dp/B0FNL8QHJJ,
A,B0D9BMF3B4,timiland シーラー 卓上 【黑 30CM長 シール幅3MM】 ヒートシーラー インパルス シーラー シーラー 業務用 家庭用 ８ランク調整 シーラー日本,timiland,timiland,DIY・工具・ガーデン > 電動工具・エア工具 > 溶接工具,13586,2,,,5380,はい,2026-02-23以降,3085,3687,大型,282,中小候補,GO,GO,見送り,FBA大型サイズ,,https://www.amazon.co.jp/dp/B0D9BMF3B4,
A,B071WNVY31,【PS4】クラッシュ・バンディクー ブッとび3段もり!,ソニー・インタラクティブエンタテインメント,ソニー・インタラクティブエンタテインメント,ゲーム > 機種別 > プレイステーション4,2496,3,,,3767,はい,2026-02-23以降,1852,2188,標準(小型),182,大手/海外疑い,GO,GO,GO,,,https://www.amazon.co.jp/dp/B071WNVY31,
A,B0FGXWVT77,【公式】アイデス キックスクーター ポケモンS イーブイ 折りたたみ 子供用 4歳から フットブレーキ付き プレゼントに最適,アイデス(Ides),アイデス㈱,おもちゃ > 乗用玩具・三輪車 > キックスクーター,19930,2,,,6980,はい,2026-02-23以降,4235,5191,大型,282,中小候補,GO,GO,見送り,FBA大型サイズ,,https://www.amazon.co.jp/dp/B0FGXWVT77,
A,B0G4F5KCRX,【Ringke】Pixel Watch 5 / 4（41mm）対応 Dual Easy Pro フィルム（2枚入り）,Ringke,Rearth,家電＆カメラ > 携帯電話・スマートフォン > 携帯電話・スマートフォンアクセサリ,6140,2,,,1699,はい,2026-02-23以降,911,1075,標準(小型),182,中小候補,GO,GO,GO,,,https://www.amazon.co.jp/dp/B0G4F5KCRX,
A,B0D8XWRKTX,ペンタックス PENTAX WG-1000 防水デジタルカメラ専用収納ケース，アーミーグリーン（ケースのみ）-Khanka,Khanka,Khanka,家電＆カメラ > カメラ > アクセサリ,9006,2,,,1899,はい,2026-02-23以降,1045,1265,標準(小型),182,中小候補,GO,GO,GO,,,https://www.amazon.co.jp/dp/B0D8XWRKTX,
A,B0D5YHM35T,ユグノー シャダンケープ+AIR ケープ 抱っこ紐 ベビーカー UVカット メッシュ ミントグリーン,日本エイテックス株式会社,日本エイテックス株式会社,ベビー＆マタニティ > キャリア・アクセサリ > 抱っこひも・スリング小物,11229,4,,,4958,はい,2026-02-23以降,1626,1893,標準(小型),182,中小候補,GO,GO,GO,,,https://www.amazon.co.jp/dp/B0D5YHM35T,
A,B0F9XXG655,黒球式 熱中症指数計 WBGT JIS規格適合 wbgt測定器 暑さ指数計 熱中症計 アラーム JIS 規格 適合,ノーブランド品,ノーブランド品,産業・研究開発用品 > 工業用計測器 > 温度計・湿度計,14039,2,,,1750,はい,2026-02-23以降,955,1015,標準(小型),182,中小候補,GO,GO,GO,,,https://www.amazon.co.jp/dp/B0F9XXG655,
A,B0G9CSH17K,Dr.ホムケア 【美容外科医院でも取り扱われています！】 傷跡ケアテープ 帝王切開 傷テープ 【現役美容皮膚科医監修の肌にやさしいケア設計】 (ハサミで自由にカ,Ｄｒ．ホムケア,Dr.ホムケア,産業・研究開発用品 > 業務用医療用品 > 創傷ケア・包帯,6384,2,,,1480,はい,2026-02-23以降,780,786,標準(小型),182,中小候補,GO,GO,GO,,,https://www.amazon.co.jp/dp/B0G9CSH17K,
A,B0FT2F246C,LIHILIS筋膜リリースガン【プロ監修 & 業界最小軽量ポケット筋膜ガン】強力振動 小型 ミニ 静音 きんまくリリース電動ガン プレゼント最適,LIHILIS,Lihilis,ホーム＆キッチン > 家電 > 健康家電,12889,6,,,5052,はい,2026-02-23以降,3001,3578,標準1,282,中小候補,NG,GO,見送り,回転不足(消化月数>3),,https://www.amazon.co.jp/dp/B0FT2F246C,
A,B0DNB1KFDR,ヴァイスシュヴァルツロゼ ブースターパック 異種族レビュアーズ BOX,ブシロード(BUSHIROAD),ブシロード(BUSHIROAD),おもちゃ > ゲーム > カードゲーム・トランプ,39612,6,,,5980,はい,2026-02-23以降,1833,2163,標準(小型),182,中小候補,NG,GO,見送り,回転不足(消化月数>3),,https://www.amazon.co.jp/dp/B0DNB1KFDR,
A,B08Z7KZSTD,Skull & Co.コントローラ収納ケース、PS5 デュアルセンスコントローラに専用　-　ブラック,SAVAGE RAVEN,Skull & Co.,ゲーム > 機種別 > プレイステーション4,5529,2,,,2390,はい,2026-02-23以降,1255,1295,標準1,282,中小候補,GO,GO,GO,,,https://www.amazon.co.jp/dp/B08Z7KZSTD,
A,B0CFXWJL6F,DesperaDrops/デスペラドロップス -Switch,D3 PUBLISHER,D3 PUBLISHER,ゲーム > 機種別 > Nintendo Switch,3804,3,サイバードラゴン / すずめストア【インボイス登録事業者】 / RSK 東京支店 / Level 7 Store / ネコラボジャパン【インボイス対応】,,3300,はい,2026-02-23以降,1865,2205,標準(小型),182,中小候補,NG,GO,見送り,回転不足(消化月数>3),,https://www.amazon.co.jp/dp/B0CFXWJL6F,
A,B00EPX3SXY,ジャンボうちわ【10本セット】 黒 つやなし 応援うちわ 無地 コンサートうちわ 手作り うちわ 材料,FUN-CREATE,FUN-CREATE,ホーム＆キッチン > 生活雑貨 > うちわ,9553,2,,,2330,はい,2026-02-23以降,1063,1043,標準1,282,中小候補,GO,GO,GO,,,https://www.amazon.co.jp/dp/B00EPX3SXY,
A,B088D1L1X9,SANKO(三晃商会) たけわたの巣づくりおふとん 70g×3袋,Sanko,株式会社三晃商会,ペット用品 > 小動物 > 飼育ケージ・アクセサリ,7607,5,,,1911,はい,2026-02-23以降,563,389,標準1,282,中小候補,NG,GO,見送り,回転不足(消化月数>3),,https://www.amazon.co.jp/dp/B088D1L1X9,
A,4788933004,地方初級　教養試験　過去問350　2026年度版 (公務員試験　合格の350),実務教育出版,実務教育出版,本 > ジャンル別 > ノンフィクション,81966,3,,,4200,はい,2026-02-23以降,1382,1460,標準1,282,中小候補,GO,GO,GO,,,https://www.amazon.co.jp/dp/4788933004,
A,B0GD7X6DLG,使い捨てマスク カラー不織布マスク ふつうサイズ ブラック 50枚入り (3個セット),ノーブランド品,,産業・研究開発用品 > 業務用医療用品 > 着衣・手袋,13311,2,,,1599,はい,2026-02-23以降,686,550,標準1,282,中小候補,GO,GO,GO,,,https://www.amazon.co.jp/dp/B0GD7X6DLG,
A,B0FBWH55HV,"LUCKYSHIN B3ポスターファイル 60枚収納 30ポケット アイドル クリアファイル 大容量 ポスターケース 収納ケース付き (ブラック, 60枚収納 ",LUCKYSHIN,LUCKYSHIN,文房具・オフィス用品 > ファイル・バインダー > ポケット式ファイル・リフィル,8672,2,,,2680,はい,2026-02-23以降,1378,1454,大型,282,中小候補,GO,GO,見送り,FBA大型サイズ,,https://www.amazon.co.jp/dp/B0FBWH55HV,
A,B0FQCBHW55,Anycee シャワーヘッド マイクロナノバブル【ダブル増圧・洗浄力】節水 手元止水 3段階モード 高水圧 塩素除去 肌&髪ケア向上 美肌 保温保湿 毛穴ケア ,Anycee,Anycee,ペット用品 > 犬 > お手入れ用品,11038,3,,,2780,はい,2026-02-23以降,1525,1647,標準1,282,中小候補,GO,GO,GO,,,https://www.amazon.co.jp/dp/B0FQCBHW55,
A,B0B6ZP95HX,MIWA(美和ロック) RA用 85RA 82RA 04RV 鍵 U9 シリンダー 錠 交換 玄関ドア ロック 自分で 取替え シルバー(ST色) MCY-11,あんしん壱番,美和ロック(Miwalock),DIY・工具・ガーデン > 建築金物 > 建築金具,10258,2,,,4580,いいえ,繰越(境界後の記録なし),2695,3177,標準1,282,中小候補,GO,GO,GO,,,https://www.amazon.co.jp/dp/B0B6ZP95HX,
A,B0CYBVFY77,PCフィルター専門工房 23.8インチ 16:9 マグネット式 覗き見防止フィルター プライバシーフィルター 覗き見防止フィルム ブルーライトカット パソコン ,PCフィルター専門工房,PCフィルター専門工房,パソコン・周辺機器 > PCアクセサリ・サプライ > ノートパソコンアクセサリ,10116,2,,,4836,はい,2026-02-23以降,2861,3733,大型,282,中小候補,GO,GO,見送り,FBA大型サイズ,,https://www.amazon.co.jp/dp/B0CYBVFY77,
A,B0F6VDBWCD,【 2026新登場 100段階強風 冷却プレート 】 ハンディファン 携帯扇風機 小型 強力 5way 冷却用 手持ち 首掛け 卓上 吊り下げ ペルチェ素子 冷,Genki Mainiti,Genki Mainiti,ホーム＆キッチン > 家電 > 空調・季節家電,41116,2,,,2498,はい,2026-02-23以降,1341,1407,標準1,282,中小候補,GO,GO,GO,,,https://www.amazon.co.jp/dp/B0F6VDBWCD,
A,B0F18VYJWD,丸山技研 NIIGATA 創燕 SOUEN 楕円 揚げ鍋 20cm IH対応 ガス火対応 鉄製 一体成型 継ぎ目なし 日本製 燕三条 SE-69,NIIGATA 創燕 SOUEN,丸山技研(MARUYAMA GIKEN),ホーム＆キッチン > キッチン用品 > 鍋・フライパン,33825,2,,,3080,はい,2026-02-23以降,1330,1392,標準1,282,中小候補,GO,GO,GO,,,https://www.amazon.co.jp/dp/B0F18VYJWD,
A,B01N763ZWD,KAWASAKI (カワサキ) Vent Vert(ヴァン・ヴェール)・冴速 4サイクルエンジンオイル 【 容量:1リットル缶 】 SAE:10W-40 100,カワサキ(Kawasaki),カワサキ,車＆バイク > オイル・フルード > オイル,10393,3,,,4200,はい,2026-02-23以降,1521,1577,標準2,332,中小候補,GO,GO,GO,,,https://www.amazon.co.jp/dp/B01N763ZWD,
A,B0CY4PRNN4,【アワード受賞・人気ブランド】 YouTen(ユーテン) 2024年 高さ調整11段階 超ワイドサイズ ニュアンスカラー 自立式 鉄棒 室内 折りたたみ 子供 ,YouTen(ユーテン),YouTen(ユーテン),スポーツ＆アウトドア > 体操・新体操 > 競技用具,12294,2,,,6970,はい,2026-02-23以降,4125,5047,大型,282,中小候補,GO,GO,見送り,FBA大型サイズ,,https://www.amazon.co.jp/dp/B0CY4PRNN4,
A,B0G56JQ71M,2025-2026 富士通 FMV Note A 16型 WA3-K3 A77/A75/A53 L2/K3 対応 キーボードカバー シリコン 緑グラデ,Digi-Tatoo,Digi-Tatoo,パソコン・周辺機器 > PCアクセサリ・サプライ > キーボード&マウスアクセサリ,12989,2,,,2499,はい,2026-02-23以降,1361,1712,標準(小型),182,中小候補,GO,GO,GO,,,https://www.amazon.co.jp/dp/B0G56JQ71M,
A,B0FD3G588J,ずっしり2kg ぬいぐるみ omonui おもぬい 大人向け 癒し 動物 リラックス もちもち ギフト プレゼント 自分用 ご褒美 (柴犬),PRAIRIE DOG (プレーリードッグ),プレーリードッグ,おもちゃ > ぬいぐるみ > 動物,8583,2,,,6600,はい,2026-02-23以降,3793,4613,不明,282,中小候補,GO,GO,GO,,,https://www.amazon.co.jp/dp/B0FD3G588J,
A,B09W5CC86N,水鉄砲 2個セット 大容量 800cc 超強力飛距離 10-12m 加圧式 水ピストル 水鉄砲合戦 水遊びおもちゃ 玩具 ウォーターガン 水てっぽう 子供用 大,JKUNDA,JKUNDA,おもちゃ > アクション・スポーツトイ > プール・水遊び,4849,2,,,1962,はい,2026-02-23以降,993,951,標準1,282,中小候補,GO,GO,GO,,,https://www.amazon.co.jp/dp/B09W5CC86N,
A,B0D8TGLR26,POP MART THE MONSTERS Have a Seat ぬいぐるみ シリーズ【1ピース】 ポップマート ガチャガチャ ブラインド ボックス フィギュ,POP MART,POP MART,おもちゃ > 子ども向けフィギュア > ソフビ人形,11634,4,,,3366,はい,2026-02-23以降,1605,1865,標準(小型),182,中小候補,GO,GO,GO,,,https://www.amazon.co.jp/dp/B0D8TGLR26,
A,B0FVLXJ2WJ,DARKBEAM ヘッドライト LED 高輝度 赤色デュアルライト 充電式 モーションセンサー USB-C IPX4防水,DARKBEAM,DARKBEAM,スポーツ＆アウトドア > アウトドア > ライト・ランタン,8207,2,,,2295,はい,2026-02-23以降,1309,1478,標準(小型),182,中小候補,GO,GO,GO,,,https://www.amazon.co.jp/dp/B0FVLXJ2WJ,
A,B0FWQBS6SM,レーザーポインター プレゼン用 充電式 200m赤色レーザー ポインター パワーポイント PSC認証済み 収納袋付き,Dayli,deli,文房具・オフィス用品 > プレゼン・会議・セミナー用品 > ポインター・指示棒,599,2,,,2559,いいえ,2026-02-23以降,1338,1516,標準(小型),182,中小候補,GO,GO,GO,,,https://www.amazon.co.jp/dp/B0FWQBS6SM,
A,B0F88ZNYLW,富士フイルム フジカラーレンズ付フィルム 写ルンです 使い捨てカメラ スタンダードタイプ シンプルエース 27枚撮り うつるんです カメラ (2個セット) 新モ,skymizuki,LF JDV1 SP FL 27SH 1,家電＆カメラ > カメラ > フィルムカメラ,9008,2,,,7980,はい,2026-02-23以降,4392,6002,標準(小型),182,中小候補,GO,GO,GO,,,https://www.amazon.co.jp/dp/B0F88ZNYLW,
A,B09ZQD4ZJM,レクサス カーテシランプ ロゴ ドアウェルカムライト カーテシライト LEDロゴ投影 対応LS ES IS LX RX GS UX NXシリーズ 車用ドアランプ,uuakarin,uuakarin,車＆バイク > カーパーツ > 電子パーツ,15139,2,,,2599,はい,2026-02-23以降,1490,1715,標準(小型),182,中小候補,GO,GO,GO,,,https://www.amazon.co.jp/dp/B09ZQD4ZJM,
A,B0BWQ58J42,WORLD WAR Z: Aftermath(ワールド・ウォーZ: アフターマス) -PS5 【CEROレーティング「Z」】,H2 Interactive,H2 Interactive,ゲーム > 機種別 > プレイステーション5,8862,4,,,8000,はい,2026-02-23以降,1488,1712,標準(小型),182,中小候補,NG,GO,見送り,回転不足(消化月数>3),,https://www.amazon.co.jp/dp/B0BWQ58J42,
A,4885460832,ホツマツタヱを読み解く: 日本の古代文字が語る縄文時代,展望社,展望社,本 > ジャンル別 > 歴史・地理,192416,5,,,3672,はい,2026-02-23以降,1937,2186,標準1,282,中小候補,NG,GO,見送り,回転不足(消化月数>3),,https://www.amazon.co.jp/dp/4885460832,
A,4847019768,島田紳助100の言葉 （ヨシモトブックス）,ワニブックス,ワニブックス,本 > ジャンル別 > 文学・評論,144470,6,,,2000,はい,2026-02-23以降,1118,1228,標準(小型),182,中小候補,NG,GO,見送り,回転不足(消化月数>3),,https://www.amazon.co.jp/dp/4847019768,
A,B096J7VV3K,日本色研 PCCS カラートーンサークル ミニ 60651,日本色研事業(Nihonsikikenjigyo),日本色研事業(Nihonsikikenjigyo),ホビー > 手芸・画材 > 描画・絵画,20343,2,,,2150,はい,2026-02-23以降,879,916,標準(小型),182,中小候補,GO,GO,GO,,,https://www.amazon.co.jp/dp/B096J7VV3K,
A,B00BECRVT6,パナソニック(Panasonic) サーキットブレーカ BCW-50型 3P3E 40A BCW340,パナソニック(Panasonic),パナソニック(Panasonic),DIY・工具・ガーデン > 電設 > ブレーカー・ブレーカーボックス,22795,2,,,6470,はい,2026-02-23以降,2825,3347,標準1,282,大手/海外疑い,GO,GO,GO,,,https://www.amazon.co.jp/dp/B00BECRVT6,
A,B0BGY2RNNR,猫ハンモック 58*48cm ケージ リバーシブル夏 ケージ用 両面使える リバーシブル オールシーズン プラケージ 秋冬用 ケージ吊り下げ もこもこ 極上の肌,Ｍｅｗｆｏｔｒｅｙ,Felice Life,ペット用品 > 猫 > キャットタワー・ベッド・マット,6262,2,,,1590,はい,2026-02-23以降,509,318,標準1,282,中小候補,GO,GO,GO,,,https://www.amazon.co.jp/dp/B0BGY2RNNR,
A,B07XPPNSMJ,クリアストーン(Clearstone) MENコス コスプレ ハロウィン 黒子 黒衣 ユニセックス M ブラック,クリアストーン(Clearstone),クリアストーン(Clearstone),ホビー > コスプレ・仮装 > コスチューム,1755,2,,,3932,はい,2026-02-23以降,2273,2626,標準1,282,中小候補,GO,GO,GO,,,https://www.amazon.co.jp/dp/B07XPPNSMJ,
A,B0G48G9RLM,VOCE SPECIAL　2026年2月号,講談社,講談社,本 > ジャンル別 > 雑誌,176556,3,,,1500,はい,2026-02-23以降,355,117,標準1,282,中小候補,GO,GO,GO,,,https://www.amazon.co.jp/dp/B0G48G9RLM,
A,B0BCK48GQM,西洋芝のタネ J・ガーデングラス 1.5L 約9坪 カネコ種苗,カネコ種苗,,DIY・工具・ガーデン > ガーデン > 種・苗,13037,3,,,2098,はい,2026-02-23以降,895,823,標準1,282,中小候補,GO,GO,GO,,,https://www.amazon.co.jp/dp/B0BCK48GQM,
A,B0CYCJ582Y,アジア4カ国SIM データ容量15GB 利用期間30日 4Gデータ通信 プリペイドSIM ローミングSIM prepaidSIM 利用可能国：インドネシア・シン,Wise SIM,Wise SIM,家電＆カメラ > 携帯電話・スマートフォン > SIMカード,16501,2,,,1500,はい,2026-02-23以降,783,894,標準(小型),182,中小候補,GO,GO,GO,,,https://www.amazon.co.jp/dp/B0CYCJ582Y,
A,B0895HNC5F,東京Deco 【1秒で体感-10℃】冷却ミストファン 2026 ハンディファン アイスブルー 瞬間冷却 ミスト扇風機 強力 100段階風量 1秒で圧倒的な涼しさ,ROOMMATE,ROOMMATE,ホーム＆キッチン > 家電 > 空調・季節家電,41470,2,,,2980,はい,2026-02-23以降,1460,1562,標準1,282,中小候補,GO,GO,GO,,,https://www.amazon.co.jp/dp/B0895HNC5F,
A,B0875WL9Y5,"USB-C コンソールケーブル, CableCreation USB C-RJ45シリアルケーブル [FTDI-FT232RL チップセット内蔵]",CableCreation,CableCreation,パソコン・周辺機器 > PCアクセサリ・サプライ > ケーブル・アクセサリ,8615,2,,,2209,はい,2026-02-23以降,1253,1560,標準(小型),182,中小候補,GO,GO,GO,,,https://www.amazon.co.jp/dp/B0875WL9Y5,
A,B0CJ585THZ,VAFOTON USB Type Cケーブル PD100W対応 9Pin マグネット USB充電ケーブル 【1m+1.8m】 5A超急速充電 データ転送可 US,VAFOTON,VAFOTON,パソコン・周辺機器 > PCアクセサリ・サプライ > ケーブル・アクセサリ,9089,2,,,2399,はい,2026-02-23以降,1182,1459,標準(小型),182,中小候補,GO,GO,GO,,,https://www.amazon.co.jp/dp/B0CJ585THZ,
A,B0DNSDVY26,"The Twelve Kingdoms Book 1 - Shadow of the Moon, Shadow of the Sea: Part 1 (Nove",Seven Seas,Seven Seas,洋書 > Subjects > Science Fiction & Fantasy,11807,5,,,4475,はい,2026-02-23以降,2219,2554,標準1,282,中小候補,NG,GO,見送り,回転不足(消化月数>3),,https://www.amazon.co.jp/dp/B0DNSDVY26,
A,B08S35S5MH,インクのチップス エプソン用 IB10(カードケース) IB10CL4A 4色セット 互換インク 残量表示対応 EW-M530F,インクのチップス,インクのチップス,パソコン・周辺機器 > PCアクセサリ・サプライ > プリンタアクセサリ,11706,2,,,2175,はい,2026-02-23以降,1231,1529,標準(小型),182,大手/海外疑い,GO,GO,GO,,,https://www.amazon.co.jp/dp/B08S35S5MH,
A,B0716S2SW9,Musiclily Pro 3対3ビンテージ クルーソンタイプペグ LP SG レスポール LP SG エレキギター/アコースティックギター用、クローム キース,Musiclily,Musiclily,楽器・音響機器 > ギター > ギターアクセサリ,8701,2,,,2639,はい,2026-02-23以降,1433,1640,標準(小型),182,中小候補,GO,GO,GO,,,https://www.amazon.co.jp/dp/B0716S2SW9,
A,B01N9QV6TL,へその緒入れケース 桐箱 角型【オーダー品・日本製】 名入れ無料（お名前・生年月日・出生時間・体重・身長）西暦和暦対応 綿＆上品な白色のオーガンジーの袋＆簡易ラ,うぶ声アルバム,シィ・エス株式会社,ベビー＆マタニティ > 出産祝い・ギフト・メモリアル > メモリアルグッズ,2750,2,,,1705,いいえ,繰越(境界後の記録なし),926,977,標準(小型),182,中小候補,GO,GO,GO,,,https://www.amazon.co.jp/dp/B01N9QV6TL,
A,4873117321,ユーザーストーリーマッピング,オライリージャパン,オライリージャパン,本 > ジャンル別 > コンピュータ・IT,143707,5,,,3795,はい,2026-02-23以降,1798,2004,標準1,282,中小候補,NG,GO,見送り,回転不足(消化月数>3),,https://www.amazon.co.jp/dp/4873117321,
A,B0BJCS956X,ウィザーズ・オブ・ザ・コースト(Wizards of the Coast) ダンジョンズ&ドラゴンズ ダンジョン・マスターズ・ガイド D&D RPG ロールプレ,Wizards of the Coast,ウィザーズ・オブ・ザ・コースト(Wizards of the Coast),おもちゃ > ゲーム > ボードゲーム,6559,3,,,5499,はい,2026-02-23以降,2917,3403,標準2,332,中小候補,GO,GO,GO,,,https://www.amazon.co.jp/dp/B0BJCS956X,
A,B0FH25ZLWV,QISI公式 OBD2 スキャナー 故障診断機 日本語対応 コードリーダー エラー消去 エンジンチェックランプ診断 DTC検索 ライブデータ 2.8インチ液晶 ,QISI,"Dongguan Focus Electronic Equipment Co., Ltd.",車＆バイク > カーパーツ > 電子パーツ,9635,2,,,4233,はい,2026-02-23以降,2469,2882,標準1,282,中小候補,GO,GO,GO,,,https://www.amazon.co.jp/dp/B0FH25ZLWV,
A,B0D669JGGX,マイクスタンド ストレートスタンド マイクホルダー付き 高さ調節可能 伸縮 折り畳み 折りたたみ ダイナミックマイク スタンド直立 三脚 スタンド,Ｓｅａ　ｔｈｅ　Ｓｔａｒｓ,seathestars,楽器・音響機器 > マイク > マイクアクセサリ,1884,2,,,1980,はい,2026-02-23以降,1005,967,大型,282,中小候補,GO,GO,見送り,FBA大型サイズ,,https://www.amazon.co.jp/dp/B0D669JGGX,
A,4325267107,共通テスト過去問研究　化学 (2026年版共通テスト赤本シリーズ),教学社,教学社,本 > ジャンル別 > 教育・学参・受験,145084,5,,,2303,はい,2026-02-23以降,647,499,標準1,282,中小候補,NG,GO,見送り,回転不足(消化月数>3),,https://www.amazon.co.jp/dp/4325267107,
A,B015HM5U64,パナソニック LED誘導灯補修ランプ C級用 FK92110 長さ141(mm),パナソニック(Panasonic),パナソニック(Panasonic),産業・研究開発用品 > 施設照明器具 > 誘導灯器具,12333,4,,,3500,はい,2026-02-23以降,1431,1637,標準(小型),182,大手/海外疑い,GO,GO,GO,,,https://www.amazon.co.jp/dp/B015HM5U64,
A,B0G43GZGLP,週刊ＴＶガイド関西版2026年1月28日号増刊 TVガイドPERSON vol.160,東京ニュース通信社,東京ニュース通信社,本 > ジャンル別 > 雑誌,177338,4,,,2860,はい,2026-02-23以降,875,797,標準1,282,中小候補,GO,GO,GO,,,https://www.amazon.co.jp/dp/B0G43GZGLP,
A,B0017LF0VU,リキテックス(Liquitex) アクリル絵具テクスチュアジェル セラミック スタッコ No.1 300ml,Liquitex,リキテックス(Liquitex),ホビー > 手芸・画材 > 描画・絵画,9681,4,,,3696,はい,2026-02-23以降,1212,1238,標準1,282,中小候補,GO,GO,GO,,,https://www.amazon.co.jp/dp/B0017LF0VU,
A,B00U8OSFDW,住商アグロインターナショナル 殺菌剤 サプロール乳剤 100ml,住商アグロインターナショナル,住商アグロインターナショナル,DIY・工具・ガーデン > ガーデン > 害獣・害虫対策用品,16351,7,,,1665,はい,2026-02-23以降,683,659,標準(小型),182,中小候補,NG,GO,見送り,新品オファー数7 / Amazon本体あり(availabilityAmazon=3) / 回転不足(消化月数>3),,https://www.amazon.co.jp/dp/B00U8OSFDW,
A,B00VDOSZ4U,貝印 KAI 包丁差し ロング AP0161,KAI,貝印(KAI CORPORATION),ホーム＆キッチン > 収納用品 > キッチン収納,3359,2,,,1700,はい,2026-02-23以降,798,697,標準1,282,中小候補,GO,GO,GO,,,https://www.amazon.co.jp/dp/B00VDOSZ4U,
A,B0936X7BM1,HOKU サージカルマスク ブラック KUROMASK 30枚入り5箱セット カケン認証 PFE99% 使い捨てマスク 不織布 黒 MA-BK-150,HOKU,HOKU,産業・研究開発用品 > 業務用医療用品 > 着衣・手袋,6792,3,,,1978,はい,2026-02-23以降,990,948,標準1,282,中小候補,GO,GO,GO,,,https://www.amazon.co.jp/dp/B0936X7BM1,
A,B0G2XWRW3M,エンラージ商事 BT300 バッテリーテスター 12V 24V CCA測定 JIS対応 AGM EFB GEL対応 始動 充電テスト,EnlargeCorp,株式会社エンラージ商事,車＆バイク > 自動車整備工具 > バッテリー用ツール,6703,2,,,6980,はい,2026-02-23以降,3850,4688,標準1,282,中小候補,GO,GO,GO,,,https://www.amazon.co.jp/dp/B0G2XWRW3M,
A,B0DSKDMGKL,アンジュスマイル セカンド 抱っこ紐 ベビー スリング フリーサイズ 男女兼用 メッシュ ヒップシートコンパクト 軽量 ブラック,アンジュスマイル,ちゃいなび,ベビー＆マタニティ > キャリア・アクセサリ > スリング,3280,2,,,2232,はい,2026-02-23以降,1016,982,標準1,282,中小候補,GO,GO,GO,,,https://www.amazon.co.jp/dp/B0DSKDMGKL,
A,B08SX4BYNK,[日本エイテックス] キャリフリー チェアベルト ショルダー & メッシュ 日本製 椅子ベルト 子供イス 椅子 ブラック,日本エイテックス株式会社,日本エイテックス,ベビー＆マタニティ > ベビー家具・収納 > ベビーチェア小物,6027,2,,,3300,はい,2026-02-23以降,1770,1968,標準1,282,中小候補,GO,GO,GO,,,https://www.amazon.co.jp/dp/B08SX4BYNK,
A,B0FX5778XF,キッズ 腕時計 子供用 スマートウォッチ 【1.69インチ 40万高画素】 smart watch for kids 女の子 男の子 おもちゃ 歩数計 自撮り ,Coretu,キッズスマートウォッチ,おもちゃ > 電子玩具・キッズ家電 > 時計玩具・キャラクター時計,23735,2,Coretu,メーカー直販,5980,はい,2026-02-23以降,2926,3593,標準(小型),182,中小候補,GO,GO,見送り,相乗り出品が基準未満（卸している証拠なし）,,https://www.amazon.co.jp/dp/B0FX5778XF,
A,B07BRT53LG,和紙かわ澄 日本の色 大礼紙 もみ和紙 越前和紙 B4 約25.7×36.4cm 15色30枚,和紙かわ澄(Washi Kawasumi),和紙かわ澄(Washi Kawasumi),ホビー > 手芸・画材 > クラフト・工芸,20169,2,,,3000,はい,2026-02-23以降,1668,1834,標準1,282,中小候補,GO,GO,GO,,,https://www.amazon.co.jp/dp/B07BRT53LG,
A,B0C13L134G,洗濯機 台 冷蔵庫置き台 12足 洗濯機パン かさ上げ 高さ調節可能 幅/奥行44.5～71cm 昇降可能 高さ18cm~20cm,DEWEL,DEWEL,大型家電 > 洗濯機・乾燥機 > 洗濯機交換部品・アクセサリ,1123,2,,,3995,はい,2026-02-23以降,1641,1947,標準2,332,中小候補,GO,GO,GO,,,https://www.amazon.co.jp/dp/B0C13L134G,
A,B000A85PJI,モンスターハンター2(ドス)(通常版),カプコン(CAPCOM),カプコン,ゲーム > 機種別 > レガシーシステム,4432,4,,,5460,はい,2026-02-23以降,603,555,標準(小型),182,中小候補,GO,GO,GO,,,https://www.amazon.co.jp/dp/B000A85PJI,
A,B0DQVYKXJL,【アワード受賞・人気ブランド】 YouTen（ユーテン）ディップススタンド 耐荷重200kg 折りたたみ ディップスマシン ディップスバー 懸垂 チンニング ト,YouTen(ユーテン),YouTen,スポーツ＆アウトドア > フィットネス・トレーニング > 筋力トレーニング,6718,2,,,6280,はい,2026-02-23以降,3559,4307,不明,282,中小候補,GO,GO,GO,,,https://www.amazon.co.jp/dp/B0DQVYKXJL,
A,B0CSSV2Z6L,キーボードバッグ (PSS-E30/ PSS-F30/PSS-A50/MK-37専用37鍵バッグ) (リュック型),MoonEmbassy,Like-it Music,楽器・音響機器 > ピアノ・キーボード > ピアノ・キーボードアクセサリ,2449,2,,,2988,はい,2026-02-23以降,1640,1798,標準1,282,中小候補,GO,GO,GO,,,https://www.amazon.co.jp/dp/B0CSSV2Z6L,
A,B00D3E6GPI,【公式】 骨盤 サポーター bonbone バリアスツイスト ダイヤ工業 姿勢 骨盤矯正 腰痛 産後 ベルト サポーター 骨盤 仙骨 姿勢 固定 制限 サポート,bonbone,ダイヤ工業,ベビー＆マタニティ > マタニティ > 産後リフォーム下着,1584,2,,,6640,はい,2026-02-23以降,3750,4670,標準(小型),182,中小候補,GO,GO,GO,,,https://www.amazon.co.jp/dp/B00D3E6GPI,
A,B0B288FX2M,エレコム Xperia 10 IV (SO-52C SOG07 A202SO) ケース カバー 手帳型 レザー 耐衝撃 マグネットフラップ ストラップホール付 ,エレコム(ELECOM),エレコム(ELECOM),家電＆カメラ > 携帯電話・スマートフォン > 携帯電話・スマートフォンアクセサリ,39260,3,,,1870,はい,2026-02-23以降,910,1073,標準(小型),182,大手/海外疑い,GO,GO,GO,,,https://www.amazon.co.jp/dp/B0B288FX2M,
A,B0DN564358,全身鏡 姿見鏡 ミラー 軽量 壁掛け 幅36×高149cm 持ち運び便利 防災 地震対策 割れない鏡 飛散防止 丸角 スタンドミラー アルミ合金フレーム 北欧 ,PENGKTXXY,PENGKTXXY,ホーム＆キッチン > インテリア > ミラー・鏡,13245,2,,,4380,はい,2026-02-23以降,1993,2259,不明,282,中小候補,GO,GO,GO,,,https://www.amazon.co.jp/dp/B0DN564358,
A,4867011347,「MIU404」公式メモリアルブック (TVガイドMOOK 43号),東京ニュース通信社,東京ニュース通信社,本 > ジャンル別 > エンターテイメント,198749,3,,,4490,はい,2026-02-23以降,2578,3024,標準1,282,中小候補,GO,GO,GO,,,https://www.amazon.co.jp/dp/4867011347,
A,B072N7J1Q4,内外ゴム(NAIGAI) ナイガイ 軟式 野球 ボール 公認球 M号 (一般・中学生用) 1ダース MNEWD,NAIGAI,内外ゴム(NAIGAI),スポーツ＆アウトドア > 野球 > 公式ボール,5454,3,,,6380,はい,2026-02-23以降,3343,3960,標準2,332,中小候補,GO,GO,GO,,,https://www.amazon.co.jp/dp/B072N7J1Q4,
A,B0CNQ3WX2W,アクリル本舗 ブックスタンド 卓上 アクリルスタンド ディスプレイ スタンド 6個セット レコードスタンド 本立て 倒れない おしゃれ (クリア),アクリル本舗,アクリル本舗,文房具・オフィス用品 > 事務用品 > 机上用品・文具収納,3000,2,,,1680,はい,2026-02-23以降,810,712,標準1,282,中小候補,GO,GO,GO,,,https://www.amazon.co.jp/dp/B0CNQ3WX2W,
A,B0DMDLDDYT,【国内正規品】Keychron JISレイアウト用 Double Shot PBT OSAキーキャップ・フルセット (Royal),Keychron,Keychron,パソコン・周辺機器 > キーボード・マウス・入力機器 > パソコン用キーボード,9448,2,,,5192,はい,2026-02-23以降,2755,3583,標準1,282,中小候補,GO,GO,GO,,,https://www.amazon.co.jp/dp/B0DMDLDDYT,
A,B08YN95BFT,ベストコ(Bestco) リバティーコーポレーション ベストコ 電池式 ウォータースライダー 流しそうめん LD-281 ホワイト,ベストコ(Bestco),リバティーコーポレーション,ホーム＆キッチン > 家電 > キッチン家電,56268,3,,,6524,はい,2026-02-23以降,2750,3250,大型,282,中小候補,GO,GO,見送り,FBA大型サイズ,,https://www.amazon.co.jp/dp/B08YN95BFT,
A,B0FPQJXSFR,アガツマ(AGATSUMA) ラブあみ プレミアムセット【2025】（対象年齢：6歳以上）,アガツマ(AGATSUMA),アガツマ(AGATSUMA),ホビー > 手芸・画材 > 編み物・毛糸,8210,5,,,6980,はい,2026-02-23以降,2316,2682,標準1,282,中小候補,NG,GO,見送り,回転不足(消化月数>3),,https://www.amazon.co.jp/dp/B0FPQJXSFR,
A,B0FP32HC2H,美ST2025年11月号特別版,光文社,光文社,本 > ジャンル別 > 雑誌,206619,4,,,2110,はい,2026-02-23以降,355,117,標準1,282,中小候補,GO,GO,GO,,,https://www.amazon.co.jp/dp/B0FP32HC2H,
A,B07GZLF71R,AAZV NTT フレッツ光 ONU ルーター対応 光ケーブル シャッタ式 SCコネクタ 対応メーカー：NTT Docomo ソフトバンク au NURO光など,AAZV,NTTコミュニケーションズ,家電＆カメラ > テレビ・レコーダー > アクセサリ,9194,4,,,2346,はい,2026-02-23以降,1342,1686,標準(小型),182,中小候補,GO,GO,GO,,,https://www.amazon.co.jp/dp/B07GZLF71R,
A,B0C77YK8XH,ピュアクリスタル対応 猫自動給水器交換フィルター12枚入 活性炭＋イオン交換樹脂軟水化、1.6/2/2.4L適合 尿路健康ケア,FTXJEHG,FTXJEHG,ペット用品 > 犬 > 餌やり・水やり用品,8384,2,FTXJEHG-01 / liu0-JP,メーカー直販,1698,はい,2026-02-23以降,562,388,標準1,282,中小候補,GO,GO,GO,,,https://www.amazon.co.jp/dp/B0C77YK8XH,
A,B0B463S59J,【SUV・MPV 対応】Snowon 車中泊 マット 2026年最新 エアーベッド 厚さ10cm 6個独立気室 車載エアーベッド ヴォクシー セレナ フリード ,Snowon,Snowon,車＆バイク > カーアクセサリ > 車中泊マット,8721,2,,,5780,はい,2026-02-23以降,3201,3774,標準2,332,中小候補,GO,GO,GO,,,https://www.amazon.co.jp/dp/B0B463S59J,
A,4010950714,英検のプロと一緒! つきっきり英検準1級 (旺文社英検書),旺文社,旺文社,本 > ジャンル別 > 語学・辞事典・年鑑,68292,6,,,3680,はい,2026-02-23以降,862,780,標準1,282,中小候補,NG,GO,見送り,回転不足(消化月数>3),,https://www.amazon.co.jp/dp/4010950714,
A,B09P3NVD9T,Effects Bakery エフェクツベーカリー Bagel OverDrive [EB-BODn] / オーバードライブ ミニペダル ギター エフェクター,Effects Bakery,Effects Bakery(エフェクツベーカリー),楽器・音響機器 > ギター > ギターエフェクター,3608,5,,,5170,はい,2026-02-23以降,3010,3702,標準(小型),182,中小候補,NG,GO,見送り,回転不足(消化月数>3),,https://www.amazon.co.jp/dp/B09P3NVD9T,
A,4054065791,スター・ウォーズ ジェダイの哲学 :フォースの導きで運命を全うせよ,Gakken,学研プラス,本 > ジャンル別 > 文学・評論,205390,3,,,4502,はい,2026-02-23以降,790,686,標準1,282,中小候補,GO,GO,GO,,,https://www.amazon.co.jp/dp/4054065791,
A,B0G2B3KD4Z,ダ・ヴィンチ 2026年2月号,KADOKAWA,KADOKAWA,本 > ジャンル別 > 雑誌,200983,3,,,1680,はい,2026-02-23以降,302,48,標準1,282,中小候補,GO,GO,GO,,,https://www.amazon.co.jp/dp/B0G2B3KD4Z,
A,B0F42LSR66,ネッククーラー 【冷暖両用＆上下風道3D送風＆超大冷却プレート】 冷却プレート 首掛け扇風機 ネックファン ペルチェ素子 6000mAhバッテリー,Sintu,Sintu,ホーム＆キッチン > 家電 > 空調・季節家電,21387,2,,,2999,はい,2026-02-23以降,1667,1833,標準1,282,中小候補,GO,GO,GO,,,https://www.amazon.co.jp/dp/B0F42LSR66,
A,B0FV7WTD48,Dreame ペットカメラ 2K 400万画素 デュアルバンドWiFi対応 室内見守り (ウォームグレー),dreame,Dreame,ベビー＆マタニティ > セーフティー > ベビーモニター,7688,2,,,7580,はい,2026-02-23以降,2181,2505,標準1,282,中小候補,GO,GO,GO,,,https://www.amazon.co.jp/dp/B0FV7WTD48,
A,B00W4WRQVI,アイウィス(IWISS) 太陽光 ソーラーパネル MC4ソーラーの切断・ストリップ・圧着・コネクタ組立 工具セット2.5/4/6mm2対応 KIT-LY-254,IWISS,IWISS,DIY・工具・ガーデン > 作業工具 > カッター,11645,2,,,5990,いいえ,繰越(境界後の記録なし),3561,4245,標準2,332,中小候補,GO,GO,GO,,,https://www.amazon.co.jp/dp/B00W4WRQVI,
A,B088B8C8VZ,POOPEE バイクLEDヘッドライト 直流交流兼用 42W 9-24V H4 H6 PH7 PH8対応 H4コネクター,POOPEE,POOPEE,車＆バイク > バイクパーツ > バイク用ライト・ランプ,5014,2,,,2399,はい,2026-02-23以降,1361,1546,標準(小型),182,中小候補,GO,GO,GO,,,https://www.amazon.co.jp/dp/B088B8C8VZ,
A,B0FS192JZ4,Threeking ラジコンカー 女の子おもちゃ 4WDスタントカー両面走行可能、360度フリップ、ライト付きリモコンカー USB-Cモジュールバッテリー搭載 ,Threeking,Threeking,おもちゃ > ラジコンおもちゃ > ラジコン,7424,2,,,3599,いいえ,2026-02-23以降,1667,1833,標準1,282,中小候補,GO,GO,GO,,,https://www.amazon.co.jp/dp/B0FS192JZ4,
A,B00SW8UXPO,【PS4】ゴッドイーター2 レイジバースト（特典無し）,Namco Bandai,バンダイナムコエンターテインメント,ゲーム > 機種別 > プレイステーション4,10297,5,,,5100,はい,2026-02-23以降,1963,2333,標準(小型),182,大手/海外疑い,NG,GO,見送り,回転不足(消化月数>3),,https://www.amazon.co.jp/dp/B00SW8UXPO,
A,B07D7ZXF6K,澤田木工所 ティンバーローチェア ブラウン,澤田木工所,澤田木工所,ベビー＆マタニティ > ベビー家具・収納 > ベビーチェア,6001,2,,,7680,はい,2026-02-23以降,4710,5812,大型,282,中小候補,GO,GO,見送り,FBA大型サイズ,,https://www.amazon.co.jp/dp/B07D7ZXF6K,
A,B071KQ9YCN,レック アンパンマン クリア ストローマグ (300ml) 日本製,レック(LEC),レック,ベビー＆マタニティ > 授乳・食事 > ベビー食器,9718,2,,,3380,はい,2026-02-23以降,1313,1483,標準(小型),182,中小候補,GO,GO,GO,,,https://www.amazon.co.jp/dp/B071KQ9YCN,
A,B0DCFYN9CP,【純正 RAKUTEN SIM】 360日間 10GB 大容量 日本 プリペイド SIM 5G 4G-LTE対応 データ専用 契約不要 Rakuten sim ,PLUG TO GO,PLUG TO GO,家電＆カメラ > 携帯電話・スマートフォン > SIMカード,41204,2,,,2130,はい,2026-02-23以降,917,1084,標準(小型),182,中小候補,GO,GO,GO,,,https://www.amazon.co.jp/dp/B0DCFYN9CP,
A,B0FK595BCF,HI-LINE バイクカバー 420D PCX/PCX160専用 前後ロック穴 中央バックル付き 裾を絞るゴム 警告反射テープ 収納バッグ付き,HI-LINE,HI-LINE,車＆バイク > バイクアクセサリ > 車体カバー,12609,2,,,3120,はい,2026-02-23以降,1655,1817,標準1,282,中小候補,GO,GO,GO,,,https://www.amazon.co.jp/dp/B0FK595BCF,
A,B0FM7S5TYP,レーザーポインター プレゼン用 電池式 200m赤色レーザー ポインター パワーポイント PSC認証済み 収納袋付き,Dayli,deli,文房具・オフィス用品 > プレゼン・会議・セミナー用品 > ポインター・指示棒,490,2,,,2099,はい,2026-02-23以降,1013,1091,標準(小型),182,中小候補,GO,GO,GO,,,https://www.amazon.co.jp/dp/B0FM7S5TYP,
A,B0FD3HP7NH,ずっしり2kg ぬいぐるみ omonui おもぬい 大人向け 癒し 動物 リラックス もちもち ギフト プレゼント 自分用 ご褒美 (パンダ),PRAIRIE DOG (プレーリードッグ),プレーリードッグ,おもちゃ > ぬいぐるみ > 動物,8592,2,,,6600,はい,2026-02-23以降,3793,4613,不明,282,中小候補,GO,GO,GO,,,https://www.amazon.co.jp/dp/B0FD3HP7NH,
A,B0DQS827KC,[バンダイ(BANDAI)] DXウルティメイトブレスレット&ニュージェネブローチ(特典:ニュージェネケープ付き),BANDAI,バンダイ(BANDAI),おもちゃ > ままごと・ごっこ遊び > ベルト・なりきりアイテム,6073,4,,,7850,はい,2026-02-23以降,2014,2400,標準(小型),182,大手/海外疑い,GO,GO,GO,,,https://www.amazon.co.jp/dp/B0DQS827KC,
A,B0D96B15BF,CME TRS MIDIケーブル 4本セット 60cm TRS Type A-5ピンDIN 薄型L型プラグ シンセサイザー ペダルボード向け,CME,CME,楽器・音響機器 > DTM・DAW > MIDIケーブル,1777,2,,,3999,はい,2026-02-23以降,2280,2748,標準(小型),182,中小候補,GO,GO,GO,,,https://www.amazon.co.jp/dp/B0D96B15BF,
A,B0DVBMM528,BOC 170 x 120 cm（BROOKLYN OUTDOOR COMPANY ブルックリンアウトドアカンパニー）防災 機内 旅行用 トラベル ブランケット,Brooklyn Outdoor Company,BROOKLYN OUTDOOR COMPANY,スポーツ＆アウトドア > アウトドア > ブランケット,15078,2,,,4482,はい,2026-02-23以降,2307,2670,標準1,282,中小候補,GO,GO,GO,,,https://www.amazon.co.jp/dp/B0DVBMM528,
A,B09Y19SWHF,"adidas(アディダス) アルファスキン ワイドフィット スポーツヘッドバンド, グレー/ホワイト, One Size",adidas(アディダス),adidas,ファッション > メンズ > 服＆ファッション小物,17497,5,,,3290,はい,2026-02-23以降,1956,2324,標準(小型),182,大手/海外疑い,NG,GO,見送り,回転不足(消化月数>3),,https://www.amazon.co.jp/dp/B09Y19SWHF,
A,B0CCDN8CHM,Musiclily Ultra 36mmブラス製ショートトレモロブロック 10.5mm弦ピッチ,Musiclily,Musiclily,楽器・音響機器 > ギター > ギターアクセサリ,9406,2,,,2999,はい,2026-02-23以降,1635,1791,標準1,282,中小候補,GO,GO,GO,,,https://www.amazon.co.jp/dp/B0CCDN8CHM,
A,4925075497,ファイナルファンタジーVIII アルティマニア,,デジキューブ,本 > ジャンル別 > 趣味・実用,72793,2,,,2744,はい,2026-02-23以降,790,686,標準1,282,中小候補,GO,GO,GO,,,https://www.amazon.co.jp/dp/4925075497,
A,B0BTLQM3VS,BENECREAT 2m 巻 フェルト生地 厚さ 3mm 幅 40cm 黒 フェルトシート 傷防止 クラフト 家具保護シート 滑り止め 損傷防止 防音 自由にカ,BENECREAT,BENECREAT,ホビー > 手芸・画材 > フェルト,8667,2,BENECREAT JP BOUTIQUE,メーカー直販,1999,はい,2026-02-23以降,1017,983,標準1,282,中小候補,GO,GO,見送り,相乗り出品が基準未満（卸している証拠なし）,,https://www.amazon.co.jp/dp/B0BTLQM3VS,
A,B0DSPGTMKF,Bamworld フラワースタンド プランタースタンド 室内 観葉植物 台 2段 花台 おしゃれ 部屋飾り 玄関 ベランダ,Bamworld,Bamworld,DIY・工具・ガーデン > ガーデン > 鉢・プランター用品,9032,2,,,2890,はい,2026-02-23以降,1546,1610,標準2,332,中小候補,GO,GO,GO,,,https://www.amazon.co.jp/dp/B0DSPGTMKF,
A,B005JWC8AE,モンスターハンターポータブル 3rd PSP the Best,カプコン(CAPCOM),カプコン,ゲーム > 機種別 > レガシーシステム,4085,2,,,3980,はい,2026-02-23以降,1091,1193,標準(小型),182,中小候補,GO,GO,GO,,,https://www.amazon.co.jp/dp/B005JWC8AE,
A,B07GZJ3NX6,Velocity カーフィルム リアセット エブリイ バン 対応 DA64V ハイルーフ スーパースモーク,ヴェロシティ（Velocity）,ヴェロシティ（Velocity）,車＆バイク > カーアクセサリ > 日よけ用品,33617,2,,,2880,はい,2026-02-23以降,1402,1487,大型,282,中小候補,GO,GO,見送り,FBA大型サイズ,,https://www.amazon.co.jp/dp/B07GZJ3NX6,
A,B0CMYRWYD2,4K HDMI ビデオキャプチャカード USB3.0 1080P 60FPS ビデオレコーダー Nintendo Switch キャプチャカード ストリーミング,GKEAPZA,GKEAPZA,パソコン・周辺機器 > 外付けドライブ・ストレージ > 外付TVチューナー・ビデオキャプチャ,22875,2,,,3800,はい,2026-02-23以降,2288,3024,標準(小型),182,大手/海外疑い,GO,GO,GO,,,https://www.amazon.co.jp/dp/B0CMYRWYD2,
A,B01MU06G03,正規品 グリニーズ カロリーケア 小型犬用(ライト プチ)7-11kg 30本×2個セット cc-ymt,Greenies,マース ジャパン リミテッド,ペット用品 > 犬 > おやつ,2210,3,,,6200,はい,2026-02-23以降,3649,4360,標準2,332,中小候補,GO,GO,GO,,,https://www.amazon.co.jp/dp/B01MU06G03,
A,B09G9KD5W3,life_mart 防獣ネット 防獣フェンス 1×30m 【 錆びにくい 硬質金網 】 防獣柵 アニマルフェンス 頑丈 よじ登り防止 突起付き 害獣対策 農業 ,life_mart,life_mart,DIY・工具・ガーデン > ガーデン > 害獣・害虫対策用品,9063,4,,,5980,はい,2026-02-23以降,3280,3942,大型,282,中小候補,NG,GO,見送り,FBA大型サイズ / 回転不足(消化月数>3),,https://www.amazon.co.jp/dp/B09G9KD5W3,
A,7301264887,汉语会话301句(第四版)上冊·(日文注释本),PEKING UNIVERSI,北京大学出版社,洋書 > Subjects > Arts & Photography,20799,2,,,2420,はい,2026-02-23以降,862,780,標準1,282,中小候補,GO,GO,GO,,,https://www.amazon.co.jp/dp/7301264887,
A,B0DK15HHY6,クレヨンしんちゃん シロ ふんばるず,バンダイナムコヌイ(Bandai Namco Nui),バンダイナムコヌイ(Bandai Namco Nui),おもちゃ > ぬいぐるみ > ぬいぐるみ人形,14134,4,,,2998,はい,2026-02-23以降,1443,1653,標準(小型),182,大手/海外疑い,NG,GO,見送り,回転不足(消化月数>3),,https://www.amazon.co.jp/dp/B0DK15HHY6,
A,B0D4TRGJH5,電動フォームガン 洗車 自動泡噴霧器 蓄圧式 洗車泡フォームガン 日本語説明書付き 泡ガン フォームスプレー 洗車 2.2L大容量 USB充電式 家庭用泡噴霧器,Anylice,Anylice-jp,車＆バイク > 車・バイクサービス > カークリーニング・ディテーリング,13217,2,,,3799,はい,2026-02-23以降,1969,2228,標準1,282,中小候補,GO,GO,GO,,,https://www.amazon.co.jp/dp/B0D4TRGJH5,
A,B0851VXZK7,ペティオ (Petio) 高さも角度も変えられる 食事台 犬用,ペティオ (Petio),ペティオ(Petio),ペット用品 > 犬 > 餌やり・水やり用品,9026,2,,,3480,はい,2026-02-23以降,1215,1177,標準2,332,中小候補,GO,GO,GO,,,https://www.amazon.co.jp/dp/B0851VXZK7,
A,B0DJFB7FL7,anan(アンアン)2024/11/13号 No.2421[カラダにいいもの大賞2024・秋！／ENHYPEN],マガジンハウス,マガジンハウス,本 > ジャンル別 > 雑誌,153450,2,,,2251,はい,2026-02-23以降,1174,1188,標準1,282,中小候補,GO,GO,GO,,,https://www.amazon.co.jp/dp/B0DJFB7FL7,
A,B084CD2ZLB,サーモス(THERMOS) ベビーストローマグ NPF-250 レモンイエロー (LYL) もれないベビーマグ 250ml,サーモス(THERMOS),サーモス(THERMOS),ベビー＆マタニティ > 授乳・食事 > ベビー食器,5701,3,,,1700,はい,2026-02-23以降,538,470,標準(小型),182,中小候補,GO,GO,見送り,Amazon本体あり(availabilityAmazon=2),,https://www.amazon.co.jp/dp/B084CD2ZLB,
A,B00KF5KY10,メダロット8 カブトVer. - 3DS,ロケットカンパニー,ロケットカンパニー,ゲーム > 機種別 > レガシーシステム,4832,5,,,4555,はい,2026-02-23以降,1715,2009,標準(小型),182,中小候補,NG,GO,見送り,回転不足(消化月数>3),,https://www.amazon.co.jp/dp/B00KF5KY10,
A,B0DTT1WWH6,【最新】 トップランド 卓上扇風機 ACコンセントアダプタ付属 小型 360度角度調整 マグネット付 乾電池駆動可 どこでもFANTASTIC 茶色 ブラウン ,TOPLAND,TOPLAND,ホーム＆キッチン > 家電 > 空調・季節家電,16095,5,,,3278,はい,2026-02-23以降,1602,1748,標準1,282,中小候補,NG,GO,見送り,回転不足(消化月数>3),,https://www.amazon.co.jp/dp/B0DTT1WWH6,
A,B0C4NZ3S2B,ウェアラブルカメラ 顎マウント、GoPro ゴープロ 用 オートバイヘルメット顎 粘着 マウント アクセサリー ヘルメットチンホルダー GoPro hero 1,hadefa,hadefa,家電＆カメラ > カメラ > アクセサリ,9823,2,,,1699,はい,2026-02-23以降,782,893,標準(小型),182,中小候補,GO,GO,GO,,,https://www.amazon.co.jp/dp/B0C4NZ3S2B,
A,B0CJ4N5JJN,WANYOTAスマートメディアカードリーダーライター、オールインワンUSBユニバーサルマルチカードアダプター、スマートメディア、xD、SD、UHS-I、MMC、,WANYOTA,WANYOTA,パソコン・周辺機器 > 外付けドライブ・ストレージ > 外付メモリカードリーダー,8207,2,,,2539,はい,2026-02-23以降,1303,1630,標準(小型),182,中小候補,GO,GO,GO,,,https://www.amazon.co.jp/dp/B0CJ4N5JJN,
A,B00D8367D0,まつうら工業 ハウスバンドミニ 3芯 幅15mm 長さ200m 黒 #312,まつうら工業,まつうら工業,産業・研究開発用品 > 物流・保管用品 > ロープ,17431,3,,,978,はい,2026-02-23以降,347,106,標準1,282,中小候補,GO,GO,見送り,Amazon本体あり(availabilityAmazon=4),,https://www.amazon.co.jp/dp/B00D8367D0,
A,B0CSX3G5RG,TITLEIST(タイトリスト) ゴルフボール 24 VELOCITY DZ ユニセックス ホワイト,タイトリスト(TITLEIST),"Acushnet Japan, Inc.",スポーツ＆アウトドア > ゴルフ > ゴルフボール,9470,6,,,3160,はい,2026-02-23以降,1548,1677,標準1,282,中小候補,NG,GO,見送り,回転不足(消化月数>3),,https://www.amazon.co.jp/dp/B0CSX3G5RG,
A,B095YJY33L,グローバル・ジャパン 骨盤がっちりベルト 男女兼用 M~Lサイズ ブラック,グローバル・ジャパン,グローバル・ジャパン,ベビー＆マタニティ > マタニティ > 産後リフォーム下着,5901,4,,,2060,はい,2026-02-23以降,808,709,標準1,282,中小候補,GO,GO,GO,,,https://www.amazon.co.jp/dp/B095YJY33L,
A,B0DYCSF3CW,GOBOT 電動モップ コードレス電動回転モップクリーナー 市販のウェット/ドライシートそのまま使用可能 モップクリーナー 長さ調整可 自立式,GOBOT,GOBOT,ホーム＆キッチン > 家電 > 生活家電,40060,2,,,6998,はい,2026-02-23以降,4171,5043,標準2,332,中小候補,GO,GO,GO,,,https://www.amazon.co.jp/dp/B0DYCSF3CW,
A,B0DWZR27PF,テーブルチェア ベビーチェア 工具不要 折りたたみ 5点式安全ベルト 簡単取り付け 軽量 持ち運び 収納バッグ付き iimono117 (グレー),iimono117,iimono117,ベビー＆マタニティ > ベビー家具・収納 > ベビーチェア,1343,2,✅iimono117（インボイス発行事業者）,メーカー直販,3380,はい,2026-02-23以降,1800,1942,標準2,332,中小候補,GO,GO,見送り,相乗り出品が基準未満（卸している証拠なし）,,https://www.amazon.co.jp/dp/B0DWZR27PF,
A,B0FDKRM8BK,[MMR] 冷感マスク ふつうサイズ 30枚入り (２箱 60枚) ダイヤモンド型 立体 ひんやり ホワイト (個包装) 接触冷感 3D 夏 冷たい ベージュ ,MMR,アイプリティ株式会社,産業・研究開発用品 > 業務用医療用品 > 着衣・手袋,28133,2,,,1580,はい,2026-02-23以降,745,627,標準1,282,中小候補,GO,GO,GO,,,https://www.amazon.co.jp/dp/B0FDKRM8BK,
A,B0G4GS1LLM,アニメディア (2026年2月号),Gakken,Gakken,本 > ジャンル別 > 雑誌,78673,2,,,1744,はい,2026-02-23以降,367,133,標準1,282,中小候補,GO,GO,GO,,,https://www.amazon.co.jp/dp/B0G4GS1LLM,
A,B0CDC7Z5GX,水中ライト 浴槽 RGB フローティングプールライト 水に浮かぶ 魚のパターン IP67防水 バスライト バストイ バスルーム スイミングプール 噴水プール お,COOLEAD,,DIY・工具・ガーデン > エクステリア > アウトドア・エクステリアライト,10683,2,,,2998,はい,2026-02-23以降,1583,1723,標準1,282,中小候補,GO,GO,GO,,,https://www.amazon.co.jp/dp/B0CDC7Z5GX,
A,B0C6XVR3KX,ラスタバナナ USB充電器 AC USB-A 2ポート Smart IC搭載 モバにゃー モバニャー 合計2.4A ネコ 猫 カシラ RAC2A2A02KSR,ラスタバナナ,テレホンリース,家電＆カメラ > 携帯電話・スマートフォン > 携帯電話・スマートフォンアクセサリ,21700,2,,,1980,はい,2026-02-23以降,651,707,標準(小型),182,中小候補,GO,GO,GO,,,https://www.amazon.co.jp/dp/B0C6XVR3KX,
A,B005ZNJWXS,テイルズ オブ イノセンス R - PSVita,Bandai Namco,バンダイナムコゲームス,ゲーム > 機種別 > レガシーシステム,3704,2,,,6980,はい,2026-02-23以降,1638,1908,標準(小型),182,大手/海外疑い,GO,GO,GO,,,https://www.amazon.co.jp/dp/B005ZNJWXS,
A,B00G4YW1FS,anan(アンアン)2025/01/22号 No.2430[チョコレートLOVE2025／すとぷり],マガジンハウス,マガジンハウス,本 > ジャンル別 > 雑誌,240677,2,,,2136,はい,2026-02-23以降,316,66,標準1,282,中小候補,GO,GO,GO,,,https://www.amazon.co.jp/dp/B00G4YW1FS,
A,B089ND5H5G,marimekko エプロン Pieni Unikko ウニッコ オフホワイト×ベージュ×ダークブルー 069907 185 83.5cm [並行輸入品],marimekko(マリメッコ),マリメッコ,ホーム＆キッチン > キッチン用品 > エプロン・キッチンファブリック,16714,2,,,5920,はい,2026-02-23以降,2806,3323,標準1,282,中小候補,GO,GO,GO,,,https://www.amazon.co.jp/dp/B089ND5H5G,
A,B0DJZ7PVLY,Panavage クリア ブックスタンド 卓上 本立て 書類整理 仕切りラック 4仕切り 透明プラスチック (2個セット),Panavage,Panavage,文房具・オフィス用品 > 事務用品 > 机上用品・文具収納,6855,2,,,1599,はい,2026-02-23以降,601,439,標準1,282,中小候補,GO,GO,GO,,,https://www.amazon.co.jp/dp/B0DJZ7PVLY,
A,B0GD51PLTP,MagSafe対応 マグネットスマホスタンド 真空吸盤式 車載・卓上兼用 360°回転 折りたたみ 強力磁石,Gourde,Gourde,家電＆カメラ > 携帯電話・スマートフォン > 携帯電話・スマートフォンアクセサリ,13223,3,,,1798,はい,2026-02-23以降,986,1182,標準(小型),182,中小候補,GO,GO,GO,,,https://www.amazon.co.jp/dp/B0GD51PLTP,
A,B004ZB9GVO,大直 巾広丈長障子紙 巾135cm×長さ430cm(2枚分) 大判 幅広 大きいサイズ 一枚貼り 日本製 雲竜 HT-103,ONAO,大直,DIY・工具・ガーデン > 建築・住宅資材 > 建具,12127,2,,,2720,はい,2026-02-23以降,992,950,大型,282,中小候補,GO,GO,見送り,FBA大型サイズ,,https://www.amazon.co.jp/dp/B004ZB9GVO,
A,B0FNL6DG5F,[NAGASHIMA] 犬 おやつ 無添加 干し芋 ペット 国産 千葉県産 100% さつまいも 手作り 自社国内農園の併設工場から直送 ご褒美 小分け,NAGASHIMA,永島ファミリーファーム（Nagashima　Family　Farm）,ペット用品 > 犬 > ドッグフード,4474,2,,,2830,はい,2026-02-23以降,1372,1448,標準1,282,中小候補,GO,GO,GO,,,https://www.amazon.co.jp/dp/B0FNL6DG5F,
A,B09CTZC558,SOHAPI インキュベーター 自動孵卵器 孵化器 自動転卵 大容量 照卵器付き,SOHAPI,SOHAPI,産業・研究開発用品 > 研究開発用品 > 研究用機器・計測機器,16127,2,,,7199,はい,2026-02-23以降,4171,5043,標準2,332,中小候補,GO,GO,GO,,,https://www.amazon.co.jp/dp/B09CTZC558,
A,B0CZDKCW5J,kilogorge 井戸ポンプ 手動 【アップグレードの強化】手押しポンプ井戸 手動ポンプ、 より高く、より厚いポンプボディ 一体ベース、井戸ポンプ 手押し ス,kilogorge,kilogorge,産業・研究開発用品 > 空圧・油圧・配管 > ポンプ・アクセサリ,33430,2,,,5380,はい,2026-02-23以降,2760,3262,大型,282,中小候補,GO,GO,見送り,FBA大型サイズ,,https://www.amazon.co.jp/dp/B0CZDKCW5J,
A,4768319246,俺のペペロンチーノ　鉄人シェフ18人が作る基本＆アレンジレシピ,玄光社,玄光社,本 > ジャンル別 > 暮らし・健康・子育て,288546,3,☆ To You ☆ / ノースサプライ / ブックマーケティング(ご注文確定前に表示の到着予定日をご確認下さい、ご注文後のキャンセルご遠慮下さい,,3645,はい,2026-02-23以降,1275,1320,標準1,282,中小候補,GO,GO,GO,,,https://www.amazon.co.jp/dp/4768319246,
A,B0CSFYP194,Hallisun ブロックセット 建物 組み立て 船 海賊船模型 組み立て おもちゃ ミニチュア ミニサイズ レンガブリック 大人 子供 向け 男の子女の子８歳,Hallisun,Hallisun,おもちゃ > ブロック > ブロックセット,23835,2,,,4999,はい,2026-02-23以降,2624,3020,標準2,332,中小候補,GO,GO,GO,,,https://www.amazon.co.jp/dp/B0CSFYP194,
A,B089DYWXNC,HANSWD 多機能LEDメーター バイク用 オートバイスピードメーター 走行距離 バックライト ガソリン計 汎用 160KMH DC12V (A),HANSWD,HANSWD,車＆バイク > バイクパーツ > バイクメーター,48870,2,,,3450,はい,2026-02-23以降,1960,2216,標準1,282,中小候補,GO,GO,GO,,,https://www.amazon.co.jp/dp/B089DYWXNC,
A,B0FJY2757N,モバイルバッテリー コンセント一体型 【PD30W急速充電&10000mah大容量】モバイル バッテリー USB充電器搭載 タイプcケーブル内蔵 軽量 小型 P,OMGEE,OMGEE,家電＆カメラ > 携帯電話・スマートフォン > 携帯電話・スマートフォンアクセサリ,12862,2,,,2980,いいえ,2026-02-23以降,1270,1481,標準1,282,中小候補,GO,GO,GO,,,https://www.amazon.co.jp/dp/B0FJY2757N,
A,B0CBPRCWZW,SESE 鉄板 マルチグリドル 29cm クッションバック付き キャンプやアウトドアで大活躍！,SESE,SESE,スポーツ＆アウトドア > アウトドア > バーベキュー・クッキング用品,20946,3,,,2230,はい,2026-02-23以降,1117,1049,標準2,332,中小候補,GO,GO,GO,,,https://www.amazon.co.jp/dp/B0CBPRCWZW,
A,B07BP8BP9F,コスパ COSPA エヴァンゲリオン ネルフ本部備品 フルカラーパスケース,コスパ COSPA,コスパ(COSPA),ホビー > アニメ・萌えグッズ,6930,4,,,1910,はい,2026-02-23以降,747,743,標準(小型),182,中小候補,GO,GO,GO,,,https://www.amazon.co.jp/dp/B07BP8BP9F,
A,B0FG2JX2MM,regalo 接触冷感 抱っこ紐 ケープ 保冷剤 ポケット付き 夏 UVカット ひんやりグッズ 冷却 メッシュ フード付き 暑さ対策 クールラップ (クールミル,regalo,regalo,ベビー＆マタニティ > キャリア・アクセサリ > 抱っこひも・スリング小物,4011,2,,,2880,はい,2026-02-23以降,1268,1425,標準(小型),182,中小候補,GO,GO,GO,,,https://www.amazon.co.jp/dp/B0FG2JX2MM,
A,B0FDKF74RT,GORIX(ゴリックス) リアキャリア 荷台 自転車 シートポスト ネジ固定 クロスバイク ロードバイク アルミ シンプル 後つけ 簡単取付け 簡易 自転車キャ,GORIX(ゴリックス),GORIX(ゴリックス),スポーツ＆アウトドア > 自転車 > 自転車アクセサリ,18186,2,,,3299,はい,2026-02-23以降,1540,1667,標準1,282,中小候補,GO,GO,GO,,,https://www.amazon.co.jp/dp/B0FDKF74RT,
A,B07TJ2N6HM,La-VIE(ラヴィ) パンチングバッグ パンチ 自宅用サンドバッグ 自立型 スタンド 3B-3076 【メーカー純正品】,La-VIE(ラヴィ),La-VIE(ラヴィ),スポーツ＆アウトドア > フィットネス・トレーニング > エクササイズグッズ,16624,5,,,1861,はい,2026-02-23以降,927,865,標準1,282,中小候補,NG,GO,見送り,回転不足(消化月数>3),,https://www.amazon.co.jp/dp/B07TJ2N6HM,
A,B0CHYK7YMC,洗濯用防振ゴム DEWEL かさ上げ台 9cm 高さ調整 12点セット ホワイト 継ぎ足し 底上げ 水たまり防止 安定性 耐久性,DEWEL,DEWEL,大型家電 > 洗濯機・乾燥機 > 洗濯機交換部品・アクセサリ,719,2,,,2450,はい,2026-02-23以降,928,997,標準1,282,中小候補,GO,GO,GO,,,https://www.amazon.co.jp/dp/B0CHYK7YMC,
A,B0D357J7FV,キャンプ テント アウトドア 1-3人用【ワンタッチテント】簡易 UVカット加工 ポップアップ 折りたたみ 軽量 防風 防水 収納袋付き コンパクト収納 sl-,ａｓｕｋａ,ａｓｕｋａ,スポーツ＆アウトドア > アウトドア > テント,17896,2,,,2476,はい,2026-02-23以降,1327,1388,大型,282,中小候補,GO,GO,見送り,FBA大型サイズ,,https://www.amazon.co.jp/dp/B0D357J7FV,
A,B0D9NHQ7DZ,"【Khanka専用収納ケース】Anbernic RG40XX H Whatsko 超薄型携帯ゲーム機 ポータブルゲーム機に対応,ホワイト（ケースのみ）",Khanka,Khanka,ゲーム > 機種別 > レガシーシステム,9403,2,,,2299,はい,2026-02-23以降,1297,1462,標準(小型),182,中小候補,GO,GO,GO,,,https://www.amazon.co.jp/dp/B0D9NHQ7DZ,
A,B0CPFK4256,GOYOJO デジタルトルクレンチ 高精度 トルクレンチ 耐久性 3モード・4単位 多用途 1/4インチドライブ、記録999 件 自動車 オートバイ 自転車 家,GOYOJO,GOYOJO,DIY・工具・ガーデン > 作業工具 > 駆動工具,12068,2,,,6231,はい,2026-02-23以降,3727,4527,標準1,282,中小候補,GO,GO,GO,,,https://www.amazon.co.jp/dp/B0CPFK4256,
A,B0FQP32CDM,Boundless Voyage チタン製 タンブラー 真空二重構造 カップ 500ml 蓋付き おしゃれ 密閉 車用タンブラー ホームオフィス コーヒーカップ,Boundless Voyage,Boundless Voyage,ホーム＆キッチン > キッチン用品 > 弁当箱・水筒,78898,2,,,5980,はい,2026-02-23以降,3450,4164,標準1,282,中小候補,GO,GO,GO,,,https://www.amazon.co.jp/dp/B0FQP32CDM,
A,B0G8L5QZRB,週刊プロレス 2026年 1/21 号 [雑誌],BBM,ベースボールマガジン社,本 > ジャンル別 > 雑誌,287848,2,ショップＪＩＮＢＥＩ本店【すり替え・模造品対策店舗 】 / tsuki no usagi,,1680,はい,2026-02-23以降,696,563,標準1,282,中小候補,GO,GO,GO,,,https://www.amazon.co.jp/dp/B0G8L5QZRB,
A,B0G13DD822,iFace イヤホンケース AirPods Pro 第2世代/第1世代 対応 BeBling 2 (クリア),iface,Hamee(ハミィ),家電＆カメラ > イヤホン・ヘッドホン > イヤホン・ヘッドホンケース,24918,3,,,2950,はい,2026-02-23以降,1670,2150,標準(小型),182,中小候補,GO,GO,GO,,,https://www.amazon.co.jp/dp/B0G13DD822,
A,4434252925,光の魂たち 植物編 人の霊性進化を見守る植物たち,きれい・ねっと,きれい・ねっと,本 > ジャンル別 > 人文・思想,51883,2,,,4965,はい,2026-02-23以降,1469,1573,標準1,282,中小候補,GO,GO,GO,,,https://www.amazon.co.jp/dp/4434252925,
A,B07DLCGPWP,ダイヤペット きかんしゃトーマス DK-9005 ヒロ,アガツマ(AGATSUMA),アガツマ(AGATSUMA),おもちゃ > 乗り物おもちゃ > 車両,27298,3,,,3860,はい,2026-02-23以降,1148,1154,標準1,282,中小候補,GO,GO,GO,,,https://www.amazon.co.jp/dp/B07DLCGPWP,
A,B01BL2TBG4,柳瀬(Yanase) 研磨剤 ガラセリウム 酸化セリウム 100g YGC-100,柳瀬,ヤナセ,車＆バイク > 洗車・お手入れ用品 > ウィンドウケア,12994,6,,,2234,はい,2026-02-23以降,1029,1112,標準(小型),182,中小候補,NG,GO,見送り,回転不足(消化月数>3),,https://www.amazon.co.jp/dp/B01BL2TBG4,
A,B00J88SA6G,ワールドサッカー ウイニングイレブン 2014 蒼き侍の挑戦,コナミデジタルエンタテインメント(Konami Digital Entertainment),コナミデジタルエンタテインメント,ゲーム > 機種別 > レガシーシステム,10460,4,,,8450,はい,2026-02-23以降,4680,5886,標準(小型),182,中小候補,NG,GO,見送り,回転不足(消化月数>3),,https://www.amazon.co.jp/dp/B00J88SA6G,
A,B0CDPKH88T,TAMATOSHI インテリア ハンガーラック 片斜め 傾斜 スリム 省スペース 頑丈 玄関 店舗用 オフィス メンズ レディース オールホワイト,TAMATOSHI（タマトシ）,TAMATOSHI（タマトシ）,ホーム＆キッチン > 家具 > 収納家具,52248,2,,,5480,はい,2026-02-23以降,3280,3942,大型,282,中小候補,GO,GO,見送り,FBA大型サイズ,,https://www.amazon.co.jp/dp/B0CDPKH88T,
A,B0FSD5CYSQ,ウインカーキット オートバイの方向指示器ライトランプ に適合するKLX125 に適合するKLX150 /L に適合するKLX230 に適合するKLX230S に,HLKNPG（ハッピー）,HLKNPG（ハッピー）,車＆バイク > バイクパーツ > バイク用ライト・ランプ,64937,5,,,1774,はい,2026-02-23以降,855,884,標準(小型),182,中小候補,NG,GO,見送り,回転不足(消化月数>3),,https://www.amazon.co.jp/dp/B0FSD5CYSQ,
A,B09YY4PFCZ,ピープル ドリーミーDIYトイ はじめてのねじハピ おうちデコDIYセットJE-043,ピープル,ピープル,おもちゃ > ままごと・ごっこ遊び > 大工さん,12683,6,,,4356,はい,2026-02-23以降,2265,2615,標準1,282,中小候補,NG,GO,見送り,回転不足(消化月数>3),,https://www.amazon.co.jp/dp/B09YY4PFCZ,
A,B07GB3MX4D,Granite Rocknroll (ロックンロール) ラチェットレンチセット ビット9種付き (ブラック),Granite,Granite,スポーツ＆アウトドア > 自転車 > メンテナンス用品,7027,6,,,5599,はい,2026-02-23以降,2521,3063,標準(小型),182,中小候補,NG,GO,見送り,回転不足(消化月数>3),,https://www.amazon.co.jp/dp/B07GB3MX4D,
A,480372623X,新版 証書の作成と文例 遺言編〔三訂版〕,立花書房,立花書房,本 > ジャンル別 > 社会・政治,105096,6,,,3778,はい,2026-02-23以降,1346,1413,標準1,282,中小候補,NG,GO,見送り,回転不足(消化月数>3),,https://www.amazon.co.jp/dp/480372623X,
A,B07BRR7BKB,和紙かわ澄 日本の色 大礼紙 もみ和紙 越前和紙 B4 約25.7×36.4cm 15色入,和紙かわ澄(Washi Kawasumi),和紙かわ澄(Washi Kawasumi),ホビー > 手芸・画材 > クラフト・工芸,20169,2,,,1655,いいえ,繰越(境界後の記録なし),793,690,標準1,282,中小候補,GO,GO,GO,,,https://www.amazon.co.jp/dp/B07BRR7BKB,
A,B0CBMKPSP3,ピン(PING) ゴルフ パターカバー パターカバー メンズ ネイビー×ホワイト,Ping,ピン(PING),スポーツ＆アウトドア > ゴルフ > アクセサリ,9340,5,,,3539,はい,2026-02-23以降,1691,1978,標準(小型),182,中小候補,NG,GO,見送り,回転不足(消化月数>3),,https://www.amazon.co.jp/dp/B0CBMKPSP3,
A,B0BNV8859H,Su-Pen ゲーマーズモデルロングキャップモデル スタイラスペン iPhone アイフォン Black スマホ Android タブレット Switch 対応,AppBank Store,AppBank Store,家電＆カメラ > 携帯電話・スマートフォン > 携帯電話・スマートフォンアクセサリ,18537,2,,,4680,はい,2026-02-23以降,2497,3320,標準(小型),182,中小候補,GO,GO,GO,,,https://www.amazon.co.jp/dp/B0BNV8859H,
A,B0CZRJFSF9,ツサスポーツ(TUSASPORT) シュノーケリング 水の入らないシュノーケル マスク 2点セット シリコーン製 UC0118M (BKFBA) ブラックフィッ,TUSA,Tabata,スポーツ＆アウトドア > マリンスポーツ > ダイビング・シュノーケリング,10423,2,株式会社　ヒマラヤ / ダイビング専門店ファインド,,6535,はい,2026-02-23以降,3681,4467,不明,282,中小候補,GO,GO,GO,,,https://www.amazon.co.jp/dp/B0CZRJFSF9,
A,B0DM8QRHD1,DodoxDIY 適用 新型アルファード40系 ヴェルファイア 40系 カスタム アクセサリー パーツ シートカバー 専用車種 内装グッズ 原車ブラック,DodoxDIY,DodoxDIY,車＆バイク > カーアクセサリ > 単体シートカバー,6555,2,,,5499,はい,2026-02-23以降,2906,3453,大型,282,中小候補,GO,GO,見送り,FBA大型サイズ,,https://www.amazon.co.jp/dp/B0DM8QRHD1,
A,4867104965,戦国乙女ビジュアルワークス 覚醒,ガイドワークス,ガイドワークス,本 > ジャンル別 > 趣味・実用,299692,5,,,6256,はい,2026-02-23以降,2226,2564,標準1,282,中小候補,NG,GO,見送り,回転不足(消化月数>3),,https://www.amazon.co.jp/dp/4867104965,
A,B0FB3VL8Y1,コーヒーポット 咖啡壶 コーヒー ドリップポット コーヒー ケトル 350ML 細口ポット 吊り下げ式 ハンドドリップ用 耳付きデザイン ブラック プレゼント ,ZESCK,ZESCK,ホーム＆キッチン > キッチン用品 > コーヒー・ティー用品,13206,2,,,1649,はい,2026-02-23以降,824,844,標準(小型),182,中小候補,GO,GO,GO,,,https://www.amazon.co.jp/dp/B0FB3VL8Y1,
A,B0FJXGGNVW,水切りヨーグルト 容器 1L Hacoris CUBE | 濃厚 グリークヨーグルト ギリシャ 濃厚 | 2段階バネ式 プレス 密閉 保存容器 | お手入れ簡単,モノエル-naturi-,株式会社ココリ,ホーム＆キッチン > 家電 > キッチン家電,18581,2,,,2610,はい,2026-02-23以降,1326,1387,標準1,282,中小候補,GO,GO,GO,,,https://www.amazon.co.jp/dp/B0FJXGGNVW,
A,B009NNUK9G,GREEN ACE GA グリースガン G-400S 146644,GREEN ACE(グリーンエース),三共コーポレーション(Sankyo Corporation),産業・研究開発用品 > 接着・補修 > グリス・グリスガン,12037,2,,,2920,はい,2026-02-23以降,1202,1160,標準2,332,中小候補,GO,GO,GO,,,https://www.amazon.co.jp/dp/B009NNUK9G,
A,B0DMSFN3MJ,TFY 車用サンバイザーエクステンダー&オーガナイザー サングラスカード用ストレージ付き グレー,TFY,TFY,車＆バイク > カーパーツ > 内装パーツ,6090,3,,,2455,はい,2026-02-23以降,1294,1345,標準1,282,中小候補,GO,GO,GO,,,https://www.amazon.co.jp/dp/B0DMSFN3MJ,
A,B0B1PKYPDH,ニッタク(Nittaku) 卓球 ボール Jトップ クリーン トレ球 5ダース NB1743,ニッタク(Nittaku),ニッタク(Nittaku),スポーツ＆アウトドア > 卓球 > ボール,12953,2,,,6930,はい,2026-02-23以降,2921,3586,標準(小型),182,中小候補,GO,GO,GO,,,https://www.amazon.co.jp/dp/B0B1PKYPDH,
A,B0856SYXS5,吸音シート 特大 大容量【幅50cm×長さ6ｍ】厚み1cm 定番高性能吸音材 吸音マット ニードルフェルト (1個) iimono117,iimono117 Bandiera,iimono117 Bandiera,楽器・音響機器 > PA音響機器 > 吸音材,3840,2,,,4580,はい,2026-02-23以降,2536,2969,大型,282,中小候補,GO,GO,見送り,FBA大型サイズ,,https://www.amazon.co.jp/dp/B0856SYXS5,
A,B0GHQQD51B,Kooco 電波デジタル時計 置き時計 目覚まし 12/24時間・曜日・日付・温度・湿度表示 スヌーズ 夜でも見える 電池式 (オフホワイト),Kooco,Kooco,ホーム＆キッチン > インテリア > 置き時計・掛け時計,11290,2,,,3199,はい,2026-02-23以降,1247,1397,標準(小型),182,中小候補,GO,GO,GO,,,https://www.amazon.co.jp/dp/B0GHQQD51B,
A,B0GC6MQMK9,DOQASOO 高圧洗浄機 コードレス 充電式 バッテリー式 軽量 約0.9kg 充電式 5WAYノズル 泡洗浄 女性でも使いやすい 持ち運び便利 ベランダ 庭,DOQASOO,DOQASOO,DIY・工具・ガーデン > 電動工具・エア工具 > 高圧洗浄機・アクセサリ,15108,2,,,5142,はい,2026-02-23以降,3001,3512,標準2,332,中小候補,GO,GO,GO,,,https://www.amazon.co.jp/dp/B0GC6MQMK9,
A,B004VUCAYE,シャープ ドラム式/タテ型洗濯乾燥機・全自動洗濯機用 真下排水つぎてセット ES-MH2,シャープ(SHARP),シャープ(SHARP),大型家電 > 洗濯機・乾燥機 > 洗濯機交換部品・アクセサリ,3591,5,,,3400,はい,2026-02-23以降,966,1050,標準1,282,大手/海外疑い,NG,GO,見送り,回転不足(消化月数>3),,https://www.amazon.co.jp/dp/B004VUCAYE,
A,B09XHNKYL8,TEAM PRO シリーズ MIKURU SUZUKI BRASS 18G 2BA ブラスダーツセット（専用ケース付き） (TEAM PRO シリーズ MIKU,Target Darts,ターゲット(Target),ホビー > 遊技機器 > ダーツ,2727,5,,,2930,はい,2026-02-23以降,1722,2018,標準(小型),182,中小候補,NG,GO,見送り,回転不足(消化月数>3),,https://www.amazon.co.jp/dp/B09XHNKYL8,
A,B07JGGXJRP,八番屋 キーボックス キーケース 鍵収納 鍵管理 オフィス 家庭 壁掛け 専用キー付き インテリア 小型 暗証番号 ダイヤルロック (18キー),八番屋,八番屋,文房具・オフィス用品 > オフィス家具・収納 > オフィス収納,3023,2,,,2722,はい,2026-02-23以降,1401,1485,標準1,282,中小候補,GO,GO,GO,,,https://www.amazon.co.jp/dp/B07JGGXJRP,
A,B0DWF1CRMP,JustSmart 水耕栽培キット 室内 水耕栽培 おしゃれ 家庭菜園 キット野菜栽培 ハーブ栽培 初心者 ギフト 観葉 インテリア キッチンホワイト,JustSmart,JustSmart,DIY・工具・ガーデン > ガーデン > 種・苗,17793,2,,,7980,はい,2026-02-23以降,4905,6067,大型,282,中小候補,GO,GO,見送り,FBA大型サイズ,,https://www.amazon.co.jp/dp/B0DWF1CRMP,
A,B001Q139M8,タミヤ ポリカーボネートスプレー No.46 PS-46 偏光パープル グリーン 86046,タミヤ(TAMIYA),タミヤ(TAMIYA),ホビー > プラモデル・模型 > ホビー用工具・塗装・材料,10289,3,,,1590,はい,2026-02-23以降,208,38,標準(小型),182,中小候補,GO,GO,GO,,,https://www.amazon.co.jp/dp/B001Q139M8,
A,4491026742,国語授業のユニバ-サルデザイン: 全員が楽しく「わかる・できる」国語授業づくり (授業のUD Books),東洋館出版社,東洋館出版社,本 > ジャンル別 > 教育・学参・受験,147245,6,,,3930,はい,2026-02-23以降,1033,1117,標準(小型),182,中小候補,NG,GO,見送り,回転不足(消化月数>3),,https://www.amazon.co.jp/dp/4491026742,
A,B09WHR7V59,エーキューエー(AQA) マリンスポーツ スノーケル SEA-U 2点セットV メタリックブラック/アンバー(5000) KZ9153,エーキューエー(AQA),エーキューエー(AQA),スポーツ＆アウトドア > マリンスポーツ > ダイビング・シュノーケリング,3538,3,,,2180,はい,2026-02-23以降,1120,1118,標準1,282,中小候補,GO,GO,GO,,,https://www.amazon.co.jp/dp/B09WHR7V59,
A,B0F3C5LQFM,スマートウォッチ【業界最新傑作】iPhone対応 アンドロイド対応 最新Bluetooth5.4通話機能 音楽再生 1.96インチ大画面 活動量計 腕時計 運動,TopLuck,Topluck,家電＆カメラ > ウェアラブルデバイス > スマートウォッチ,12821,2,,,2799,はい,2026-02-23以降,1507,1919,標準(小型),182,中小候補,GO,GO,GO,,,https://www.amazon.co.jp/dp/B0F3C5LQFM,
A,B0CVDZH712,[カシオ] CASIO デジタル メンズ 腕時計 タイドグラフ&ムーンデータ表示機能搭載 WS-1700H-8AV ダークグレー 海外モデル [並行輸入品],CASIO(カシオ),CASIO,ファッション > メンズ > 腕時計,48753,4,,,4680,はい,2026-02-23以降,2795,3421,標準(小型),182,大手/海外疑い,NG,GO,見送り,回転不足(消化月数>3),,https://www.amazon.co.jp/dp/B0CVDZH712,
A,B0B62NQHF2,GIMUYA トヨタ 新型 ヴォクシー ノア 90系 ドアキックガード VOXY NOAH 90系 ドアトリムガード ZWR9#W MZRA9# 2022年1月,GIMUYA,GIMUYA,車＆バイク > カーパーツ > 外装・エアロパーツ,19787,2,,,2768,はい,2026-02-23以降,1517,1636,標準1,282,中小候補,GO,GO,GO,,,https://www.amazon.co.jp/dp/B0B62NQHF2,
A,B0D1C7SX87,【累計2万個突破 】 熱中症指数計 熱中症対策 屋外 室内 携帯 アラーム アラートウォッチ 熱中症計 警戒アラート 防水防塵IP67 充電式,Ｓｅａ　ｔｈｅ　Ｓｔａｒｓ,seathestars,家電＆カメラ > ウェアラブルデバイス,16721,2,,,2680,はい,2026-02-23以降,1391,1754,標準(小型),182,中小候補,GO,GO,GO,,,https://www.amazon.co.jp/dp/B0D1C7SX87,
A,B0CXLG5K2S,TADOKAPATU 対応 新型シエンタ 10系 ハイブリッド車 シフトノブカバー シフトグリップカバー 車種専用設計 内装パーツ ドレスアップ 爪キズ防止 A,TADOKAPATU,S-PDD,車＆バイク > カーアクセサリ > シフトノブ,28524,2,,,2998,はい,2026-02-23以降,1474,1693,標準(小型),182,中小候補,GO,GO,GO,,,https://www.amazon.co.jp/dp/B0CXLG5K2S,
A,B07SR1R8NQ,壁掛け電話 壁電話 デジタルコード電話 フラッシュ機能 ミュート機能 発信者ID表示 省エネ 電池不要 迷惑電話対策 固定電話 有線電話,Acouto,Acouto,家電＆カメラ > 電話機・FAX > 電話機本体,19448,2,,,1866,はい,2026-02-23以降,802,819,標準1,282,中小候補,GO,GO,GO,,,https://www.amazon.co.jp/dp/B07SR1R8NQ,
A,B097BHVSZ9,[ミステリーランチ]MYSTERY RANCH FORAGER HIP PACK フォーリッジャーヒップパック ウエストバッグ 2.5L BLACK,MYSTERY RANCH(ミステリーランチ),MYSTERY RANCH(ミステリーランチ),ファッション > バッグ・スーツケース > ウエストバッグ,28411,5,,,5445,はい,2026-02-23以降,2906,3567,標準(小型),182,中小候補,NG,GO,見送り,回転不足(消化月数>3),,https://www.amazon.co.jp/dp/B097BHVSZ9,
A,B07GBJ44V3,ウミネコ UM-FB-05 ルアー バッグ エギング バッグ ウエスト ショルダー ブラック,ウミネコ(Umineko),ウミネコ(Umineko),スポーツ＆アウトドア > 釣り > 釣り小物,20058,2,,,3180,はい,2026-02-23以降,1723,1906,標準1,282,中小候補,GO,GO,GO,,,https://www.amazon.co.jp/dp/B07GBJ44V3,
A,B0BSGTQ328,PGYTECH ガジェットポーチ 小型 ハード 薄型 撥水 新構造 快適収納 スムーズアクセス 旅行 出張 ガジェットケース 小物入れ YKK (トワイライトブ,PGYTECH,PGYTECH,パソコン・周辺機器 > PCアクセサリ・サプライ > ケーブル・アクセサリ,8122,1,,,4620,はい,2026-02-23以降,2145,2720,標準1,282,中小候補,GO,GO,見送り,新品オファー数1,,https://www.amazon.co.jp/dp/B0BSGTQ328,
A,B0BC72J3FC,オレゴニアンキャンパー(Oregonian Camper) シート 防水グランドシートL フィッシュアイカモ OCB2252FE,オレゴニアンキャンパー(Oregonian Camper),オレゴニアンキャンパー(Oregonian Camper),スポーツ＆アウトドア > アウトドア > テント,17605,2,,,5430,はい,2026-02-23以降,2257,2540,標準2,332,中小候補,GO,GO,GO,,,https://www.amazon.co.jp/dp/B0BC72J3FC,
A,B0G12JQJT3,[iface] BeBling 2 ショルダーストラップ (ホワイト),iface,,家電＆カメラ > 携帯電話・スマートフォン > 携帯電話・スマートフォンアクセサリ,22299,3,,,3520,はい,2026-02-23以降,1826,2370,標準(小型),182,中小候補,GO,GO,GO,,,https://www.amazon.co.jp/dp/B0G12JQJT3,
A,B0D8PSVXMV,[SPobeap] スツール 円型 高さ24~34cm 天然竹製 椅子 花台 踏み台 子ども用 玄関 軽量 運びやすい 多用性 組み立て簡単 3サイズ (Mid,SPobeap,SPobeap,ホーム＆キッチン > 生活雑貨 > 踏み台・ステップ,71510,2,,,2280,はい,2026-02-23以降,825,667,標準2,332,中小候補,GO,GO,GO,,,https://www.amazon.co.jp/dp/B0D8PSVXMV,
A,B001NRDE5M,Pearl パール ツインペダルソフトケース PSC-PBN,パール(Pearl),パール(Pearl),楽器・音響機器 > ドラム・パーカッション > ドラム・パーカッションアクセサリ,14981,4,,,7700,はい,2026-02-23以降,4265,5230,大型,282,中小候補,NG,GO,見送り,FBA大型サイズ / 回転不足(消化月数>3),,https://www.amazon.co.jp/dp/B001NRDE5M,
A,B09FJRBVK8,オーム電機 AudioComm ACアダプター DC4.5V対応 変換プラグ6種付き 電源アダプター ポータブル機器専用 AV-DR4505N 03-6178 ,オーム（OHM）,オーム(OHM),家電＆カメラ > オーディオ > ホームオーディオアクセサリ,16440,3,,,2480,はい,2026-02-23以降,718,699,標準1,282,中小候補,GO,GO,GO,,,https://www.amazon.co.jp/dp/B09FJRBVK8,
A,B00457W264,スーパーロボット大戦L(特典なし),Bandai Namco,バンダイナムコゲームス,ゲーム > 機種別 > レガシーシステム,6008,3,,,7480,はい,2026-02-23以降,2271,2736,標準(小型),182,大手/海外疑い,GO,GO,GO,,,https://www.amazon.co.jp/dp/B00457W264,
A,B07VL94HJV,Travis Strikes Again: No More Heroes Complete Edition (【特典】オリジナルステッカー 同梱) - PS4,Marvelous Europe,マーベラス,ゲーム > 機種別 > プレイステーション4,5296,2,,,6980,はい,2026-02-23以降,1703,1993,標準(小型),182,中小候補,GO,GO,GO,,,https://www.amazon.co.jp/dp/B07VL94HJV,
A,B0FS1169WL,Elekasumi ヘッドストラップ Meta Quest 3/3s & Quest 2用エリートストラップ交換用 調整ノブ付き 強化されたサポート 圧力軽減 ,Elekasumi,Elekasumi,ゲーム > 機種別 > VRゲーム,4292,2,,,2849,はい,2026-02-23以降,1407,1493,標準1,282,中小候補,GO,GO,GO,,,https://www.amazon.co.jp/dp/B0FS1169WL,
A,B0C22YL8C7,【耐荷重1.7kg】後付け引き出し W32×D28.5×H5.8cm 取っ手付 落下防止ストッパー付 強力シール 簡単取付 引き出し 机下 収納 机 拡張 小物,SUNGRAN,SUNGRAN,文房具・オフィス用品 > 事務用品 > 机上用品・文具収納,10734,2,,,2180,はい,2026-02-23以降,709,581,標準1,282,中小候補,GO,GO,GO,,,https://www.amazon.co.jp/dp/B0C22YL8C7,
A,B0FQ57M9V6,[Vulmoon] リュック 大容量 メンズ 50L 登山 バックパック 防水 軽量 防災リュック アウトドア リュックサック出張 通勤 海外旅行,Vulmoon,,ファッション > バッグ・スーツケース > リュック・バックパック,7622,2,,,2599,はい,2026-02-23以降,1407,1493,標準1,282,中小候補,GO,GO,GO,,,https://www.amazon.co.jp/dp/B0FQ57M9V6,
A,B0C2VKPG6L,FATBEARに適用するソニーウォークマンNW-A306 NW-A307 NW-A300シリーズ 頑丈な耐衝撃性装甲保護シェルスキンケースカバー (黒い),Fat Bear,FATBEAR,家電＆カメラ > ポータブルオーディオ > ポータブルオーディオアクセサリ,16852,2,,,1700,はい,2026-02-23以降,911,1076,標準(小型),182,大手/海外疑い,GO,GO,GO,,,https://www.amazon.co.jp/dp/B0C2VKPG6L,
A,B0FQCKXXZN,キャロウェイゴルフ WARBIRD ボール WARBIRD DISTANCE+ ボール 3ダースセット 3ダース(36個入り) ホワイト,WARBIRD,キャロウェイゴルフ,スポーツ＆アウトドア > ゴルフ > ゴルフボール,8845,2,,,5180,はい,2026-02-23以降,2897,3376,標準2,332,中小候補,GO,GO,GO,,,https://www.amazon.co.jp/dp/B0FQCKXXZN,
A,B0CW33FSYG,Sanguine 小物入れ引き出し レターケース 書類ケース 収納ボックス 引き出し 小物 収納ケース A5 文房具収納 積み重ね可能 オフィス収納 幅23*奥,Sanguine,Sanguine,文房具・オフィス用品 > 事務用品 > 机上用品・文具収納,9610,2,,,2990,はい,2026-02-23以降,1592,1670,標準2,332,中小候補,GO,GO,GO,,,https://www.amazon.co.jp/dp/B0CW33FSYG,
A,B0GG8BRSL8,スマリー(SMALY) 防犯ブザータグ 紛失防止タグ 子供GPS小型追跡タグ 忘れ物防止 Type-C充電 130dB大音量 防犯ベル機能を搭載しているスマート,スマリー(SMALY),スマリー(SMALY),家電＆カメラ > ウェアラブルデバイス > スマートトラッカー,16088,3,,,1603,はい,2026-02-23以降,859,1002,標準(小型),182,中小候補,GO,GO,GO,,,https://www.amazon.co.jp/dp/B0GG8BRSL8,
A,B098DJSZ2Z,Musiclily Pro 19mmピッチ4弦ベースブリッジ ヴィンテージ ブラスサドル PBプレシジョン/JB ジャズベース用、ブラック,Musiclily,Musiclily Pro,楽器・音響機器 > ベース > ベースアクセサリ,2808,2,,,2474,はい,2026-02-23以降,1426,1630,標準(小型),182,中小候補,GO,GO,GO,,,https://www.amazon.co.jp/dp/B098DJSZ2Z,
A,B0CQV6L4J7,CME MIDIケーブル 4本セット 30cm 5ピンDIN L型薄型プラグ MIDIインターフェース シンセサイザー ペダルボード向け,CME,CME,楽器・音響機器 > DTM・DAW > MIDIケーブル,2644,2,,,3199,はい,2026-02-23以降,1859,2197,標準(小型),182,中小候補,GO,GO,GO,,,https://www.amazon.co.jp/dp/B0CQV6L4J7,
A,B0CRKSF8P4,新中学問題集 英語 中1 発展編　2024年改訂版 【プログレス+オリジナル付箋付き】教育開発出版 解答付き,Von Lonley,教育開発出版,本 > ジャンル別 > 教育・学参・受験,38225,5,,,3480,はい,2026-02-23以降,1798,2004,標準1,282,中小候補,NG,GO,見送り,回転不足(消化月数>3),,https://www.amazon.co.jp/dp/B0CRKSF8P4,
A,B0BQXMXPGQ,[あめてまり] たとう紙 着物用 10枚 日本製 83cm [中紙あり] 大サイズ 高級 雲龍和紙 贈答 金駒 きもの文庫 窓付き 保存用 10枚セット 着物入,あめてまり,,ホビー > 手芸・画材 > クラフト・工芸,5601,2,,,2580,はい,2026-02-23以降,1233,1266,標準1,282,中小候補,GO,GO,GO,,,https://www.amazon.co.jp/dp/B0BQXMXPGQ,
A,B01CJ8XGN8,JAPPY 養生ポリエチレンシート JYS-900W,JAPPY,JAPPY,DIY・工具・ガーデン > 塗装・壁装 > ペイント塗布ツール,31898,4,,,2999,はい,2026-02-23以降,794,691,大型,282,中小候補,NG,GO,見送り,FBA大型サイズ / 回転不足(消化月数>3),,https://www.amazon.co.jp/dp/B01CJ8XGN8,
A,B0CNYQN4SJ,SVBONY SV226 フィルタードロワー M42-M48 変換リング付き 1.25 および 2 インチフィルター 二重磁気フィルターホルダー,SVBONY,SVBONY,家電＆カメラ > カメラ > アクセサリ,35584,2,,,7580,はい,2026-02-23以降,3800,5061,標準1,282,中小候補,GO,GO,GO,,,https://www.amazon.co.jp/dp/B0CNYQN4SJ,
A,4796114564,現代文読解基礎ドリル〈改訂版〉 (駿台受験シリーズ),駿台文庫,駿台文庫,本 > ジャンル別 > 人文・思想,265735,4,,,2630,はい,2026-02-23以降,319,71,標準1,282,中小候補,NG,GO,見送り,回転不足(消化月数>3),,https://www.amazon.co.jp/dp/4796114564,
A,B0CGHKM41M,Cubilux ギター用 USB C ケーブル Type C to 6.35mm 1/4インチ ライン入力 iPhone 17/16/15 Pro Max iP,Cubilux,Cubilux,楽器・音響機器 > アクセサリ > 楽器・音響機器ケーブル,2059,2,,,2990,はい,2026-02-23以降,1742,2044,標準(小型),182,中小候補,GO,GO,GO,,,https://www.amazon.co.jp/dp/B0CGHKM41M,
A,B0G11W98LD,iFace BeBling 2 MagSynq Grip Holder MagSafe対応 スマホグリップ (ブラック),iface,Hamee(ハミィ),家電＆カメラ > 携帯電話・スマートフォン > 携帯電話・スマートフォンアクセサリ,7192,2,,,3850,はい,2026-02-23以降,1891,2462,標準(小型),182,中小候補,GO,GO,GO,,,https://www.amazon.co.jp/dp/B0G11W98LD,
A,B0DCFXD2GM,Refoiner 犬 水飲み器 給水器 猫 水飲み器ペット自動給水器 犬 給水ボトル 犬のみずのみ器こぼれない ゲージ用犬用水入れ・ウォーターボトルプラスチック,Refoiner,Refoiner,ペット用品 > 犬 > 餌やり・水やり用品,6289,2,,,1649,はい,2026-02-23以降,735,615,標準1,282,中小候補,GO,GO,GO,,,https://www.amazon.co.jp/dp/B0DCFXD2GM,
A,B0DFM57S6P,エレコム iPhone 16 Pro ケース スタンド機能 マグネットリング マグネット MAGKEEP ハイブリッド ワイヤレス充電対応 4つ角エアークッショ,エレコム(ELECOM),エレコム,家電＆カメラ > 携帯電話・スマートフォン > 携帯電話・スマートフォンアクセサリ,18461,2,,,2240,はい,2026-02-23以降,644,698,標準(小型),182,大手/海外疑い,GO,GO,GO,,,https://www.amazon.co.jp/dp/B0DFM57S6P,
A,4776209500,CD2枚で古代から現代まで 聞くだけで一気にわかる日本史,アスコム,アスコム,本 > ジャンル別 > ノンフィクション,65570,2,,,4800,はい,2026-02-23以降,2838,3364,標準1,282,中小候補,GO,GO,GO,,,https://www.amazon.co.jp/dp/4776209500,
A,4905319978,企業家としての国家,経営科学出版,経営科学出版,本 > ジャンル別 > ビジネス・経済,83944,2,,,4368,はい,2026-02-23以降,1827,2042,標準1,282,中小候補,GO,GO,GO,,,https://www.amazon.co.jp/dp/4905319978,
A,B0DQWP6S93,For Fitbit Inspire 3 交換バンド 磁気吸着式留め具 通気ナイロンバンド スポーツバンド ベルト 簡単取り付け (ブラック),ROBANDOO,ROBANDOO,家電＆カメラ > 携帯電話・スマートフォン > 携帯電話・スマートフォンアクセサリ,12530,2,,,1950,はい,2026-02-23以降,879,1030,標準(小型),182,中小候補,GO,GO,GO,,,https://www.amazon.co.jp/dp/B0DQWP6S93,
A,B0DNSJD8Q8,X AUTOHAUX トヨタに対応 シエンタ 170系用 車カバー ボディカバー 100%防水 5層構造 435x180x150cm 防風ロープ付き,X AUTOHAUX,X AUTOHAUX,車＆バイク > カーアクセサリ > ボディーカバー,16533,2,,,5540,はい,2026-02-23以降,3129,3681,標準2,332,中小候補,GO,GO,GO,,,https://www.amazon.co.jp/dp/B0DNSJD8Q8,
A,B0GDG2TTB1,LUWU シエンタ10系/15系 スマホホルダー 【テープ不要で取り付け、2個入り】 シエンタ10系 アクセサリー シエンタ15系 カスタムパーツ,LUWU,LUWU,車＆バイク > カーアクセサリ > 携帯電話・スマートフォンアクセサリ,18163,2,,,3229,はい,2026-02-23以降,1648,1808,標準1,282,中小候補,GO,GO,GO,,,https://www.amazon.co.jp/dp/B0GDG2TTB1,
A,B0G61FQJ2H,b.box(ビーボックス) ストローマグ シッピーカップ 【b.box正規品】PPSUモデル オーシャン,b.box(ビーボックス),b.box(ビーボックス),ベビー＆マタニティ > 授乳・食事 > ベビー食器,2003,2,,,3300,いいえ,繰越(境界後の記録なし),1963,2333,標準(小型),182,中小候補,GO,GO,GO,,,https://www.amazon.co.jp/dp/B0G61FQJ2H,
A,B0D3KZ7T2C,ウェットティッシュケース スカイライン GT-R (BNR34) (パープル),CAMSHOP,CAMSHOP.JP,ホーム＆キッチン > インテリア > ティッシュケース・ホルダー,31216,2,,,6600,はい,2026-02-23以降,3707,4501,標準1,282,中小候補,GO,GO,GO,,,https://www.amazon.co.jp/dp/B0D3KZ7T2C,
A,B0FVLLVYQR,[wsevengolf] GIRDLUX レディース ゴルフ ゴルフストッキング テニス ランニング ストッキング 高UVカット 美脚 着圧 スポーツ用 防菌防,wsevengolf,ＷＳＥＶＥＮＧＯＬＦ,ファッション > レディース > 服＆ファッション小物,11156,2,,,4370,はい,2026-02-23以降,2220,2556,標準1,282,中小候補,GO,GO,GO,,,https://www.amazon.co.jp/dp/B0FVLLVYQR,
A,B0DRVQNJ8B,FOSSiBOT キャリーカート ポータブル電源 F2400 専用 トレーラー キャスター付きカート 台車 平台車 折りたたみ 静音車輪 軽量 コンパクト 耐荷,FOSSiBOT,FOSSiBOT,産業・研究開発用品 > 物流・保管用品 > 台車・ハンドトラック,11379,2,,,2660,はい,2026-02-23以降,1447,1545,大型,282,中小候補,GO,GO,見送り,FBA大型サイズ,,https://www.amazon.co.jp/dp/B0DRVQNJ8B,
A,B0DKJ8K8JJ,ダイゴー ティータイムにつける読書ノート 読書記録ノート 【まとめ買い３冊セット】 (ウイスキー) R2347,ダイゴー,ダイゴー,文房具・オフィス用品 > ノート・メモ帳 > ノート,24528,2,,,1584,はい,2026-02-23以降,816,833,標準(小型),182,中小候補,GO,GO,GO,,,https://www.amazon.co.jp/dp/B0DKJ8K8JJ,
A,B0DC9QW3T7,Boundless Voyage チタン製 タンブラー 真空二重構造 カップ 380ml 蓋付き おしゃれ 密閉 車用タンブラー ホームオフィス コーヒーカップ,Boundless Voyage,Boundless Voyage,ホーム＆キッチン > キッチン用品 > 弁当箱・水筒,78898,2,,,5680,はい,2026-02-23以降,3257,3912,標準1,282,中小候補,GO,GO,GO,,,https://www.amazon.co.jp/dp/B0DC9QW3T7,
A,B0DCYZ3TP7,[FSD.WG] リュック バックパック 人気 軽量 大容量 通勤 通学 旅行 マザーズバッグ 撥水 キャリーオン PCポケット お出かけ おしゃれ 旅行1泊2,FSD.WG,,ファッション > バッグ・スーツケース > リュック・バックパック,30081,3,,,4999,はい,2026-02-23以降,2305,2667,大型,282,中小候補,GO,GO,見送り,FBA大型サイズ,,https://www.amazon.co.jp/dp/B0DCYZ3TP7,
A,B07DTH5SRV,WEIMALL アルミアタッシュケース ツールケース 軽量 ビジネスバック 旅行 カバン パソコン PC 鍵付き 45.5Ｘ41.1Ｘ15.2cm (シルバー),ウェイモール (WEIMALL),,パソコン・周辺機器 > PCアクセサリ・サプライ > ノートパソコンアクセサリ,9149,2,,,5230,はい,2026-02-23以降,2947,3854,不明,282,中小候補,GO,GO,GO,,,https://www.amazon.co.jp/dp/B07DTH5SRV,
A,4867690317,The Real Anthony Fauci - 人類を裏切った男(下) ビル・ゲイツの正体と医療植民地プロジェクト,経営科学出版,経営科学出版,本 > ジャンル別 > 社会・政治,29088,3,,,3618,はい,2026-02-23以降,1928,2174,標準1,282,中小候補,GO,GO,GO,,,https://www.amazon.co.jp/dp/4867690317,
A,B08DL1K8T6,[TOYMYTOY] 交換用 チェーン ショルダーバッグ 軽い 肩掛けチェーン 金属 チェーンバッグ 調整 持ち手 ハンドル ファション 長120cm (ブラッ,TOYMYTOY,,ホビー > 手芸・画材 > 裁縫材料,5238,2,,,1511,はい,2026-02-23以降,554,491,標準(小型),182,中小候補,GO,GO,GO,,,https://www.amazon.co.jp/dp/B08DL1K8T6,
A,B009KDXUNC,勇者のくせになまいきだ :3D PSP the Best,ソニー・インタラクティブエンタテインメント,ソニー・コンピュータエンタテインメント,ゲーム > 機種別 > レガシーシステム,10325,3,YK家電【インボイス対応済】 / オフィスユウ / エーアイショップ,,6800,はい,2026-02-23以降,4238,5308,標準(小型),182,大手/海外疑い,GO,GO,GO,,,https://www.amazon.co.jp/dp/B009KDXUNC,
A,B003T9VDHS,キャッスルヴァニア ロードオブシャドウ(通常版),コナミデジタルエンタテインメント(Konami Digital Entertainment),コナミデジタルエンタテインメント,ゲーム > 機種別 > レガシーシステム,3843,6,,,2200,いいえ,繰越(境界後の記録なし),1248,1398,標準(小型),182,中小候補,NG,GO,見送り,回転不足(消化月数>3),,https://www.amazon.co.jp/dp/B003T9VDHS,
A,B0CGPXM2CW,頭 サンシェードテント 顔隠し 頭シェード 小型 睡眠グッズ ドーム かぶって寝る ミニ 安眠 快眠 睡眠 ポータブル 遮光ドーム 紫外線防止 ビーチ 日光浴 ,e14,E14,スポーツ＆アウトドア > アウトドア > サンシェード・シェルター,18127,2,,,2465,はい,2026-02-23以降,1361,1546,標準(小型),182,中小候補,GO,GO,GO,,,https://www.amazon.co.jp/dp/B0CGPXM2CW,
A,B0F4Q8YBJQ,[モンベル] 日傘 折りたたみ 晴雨兼用 軽量 折りたたみ傘 折り畳み傘 メンズ レディース トラベル サンブロックアンブレラ 55 1128751 オレンジ(,Mont-bell(モンベル),,ファッション > メンズ,15659,6,,,8000,はい,2026-02-23以降,4918,6084,標準1,282,中小候補,NG,GO,見送り,回転不足(消化月数>3),,https://www.amazon.co.jp/dp/B0F4Q8YBJQ,
A,B0CXLKK2GD,TADOKAPATU 対応 新型シエンタ 10系 ハイブリッド車 シフトノブカバー シフトグリップカバー 内装パーツ ドレスアップ 爪キズ防止 車種専用設計 A,TADOKAPATU,S-PDD,車＆バイク > カーアクセサリ > シフトノブ,28524,2,,,2998,はい,2026-02-23以降,1571,1821,標準(小型),182,中小候補,GO,GO,GO,,,https://www.amazon.co.jp/dp/B0CXLKK2GD,
A,B09LHGT5T2,【日本精機】 CO2Lamp CO2センサー 白 二酸化炭素測定器･濃度計･検出器 CO2濃度 アラーム付 高精度測定器 国内生産 日本製 卓上型,日本精機,日本精機,DIY・工具・ガーデン > 安全・セキュリティ > 安全センサ・検出器,18531,5,,,5553,はい,2026-02-23以降,3427,4248,標準(小型),182,中小候補,NG,GO,見送り,回転不足(消化月数>3),,https://www.amazon.co.jp/dp/B09LHGT5T2,
A,B09WGXY9CL,エーキューエー(AQA) マリンスポーツ スノーケル SEA-U 2点セットV クリスタルサックス(2400) KZ9153,エーキューエー(AQA),エーキューエー(AQA),スポーツ＆アウトドア > マリンスポーツ > ダイビング・シュノーケリング,3538,3,,,2180,はい,2026-02-23以降,1005,967,標準1,282,中小候補,GO,GO,GO,,,https://www.amazon.co.jp/dp/B09WGXY9CL,
A,B0B9WNN287,SEISSO フローリング補修キット 木製家具・床・ドア用 補修ペン クレヨン 木工パテ ネジ穴・ひび割れ・キズ補修 傷隠し,SEISSO,SEISSO,産業・研究開発用品 > 接着・補修 > 補修材,4365,2,,,3159,はい,2026-02-23以降,1602,1748,標準1,282,中小候補,GO,GO,GO,,,https://www.amazon.co.jp/dp/B0B9WNN287,
A,B0CPKZJCX7,FUMITAKE 電源タップ 3m 1500w 雷ガード 省エネ 節電 電源タップ スイッチ付き 6個口 ほこりシャッター ホワイト スイングプラグ 壁掛け 火,FUMITAKE,文武電機株式会社,パソコン・周辺機器 > PCアクセサリ・サプライ > 電源タップ,4429,2,,,1680,はい,2026-02-23以降,693,664,標準1,282,中小候補,GO,GO,GO,,,https://www.amazon.co.jp/dp/B0CPKZJCX7,
A,B07QTWQDJF,ins ホワイトボード用コーティング剤 (38ml お徳用) ホワイトボードをきれいに再生・復活,ins,insコーティング,文房具・オフィス用品 > プレゼン・会議・セミナー用品 > ボード用付属品・消耗品,18441,5,,,3850,いいえ,繰越(境界後の記録なし),2320,2800,標準(小型),182,中小候補,NG,GO,見送り,回転不足(消化月数>3),,https://www.amazon.co.jp/dp/B07QTWQDJF,
A,B00CBTSWTE,GORIX(ゴリックス) 自転車 ペダル 片面フラット ペダル ビンディングペダル クリート付属 GX-PM811 ブラック,GORIX(ゴリックス),GORIX(ゴリックス),スポーツ＆アウトドア > 自転車 > 自転車パーツ,33650,2,,,2999,はい,2026-02-23以降,1667,1833,標準1,282,中小候補,GO,GO,GO,,,https://www.amazon.co.jp/dp/B00CBTSWTE,
A,B08R9J9GPT,アイウィス(IWISS) メタルタイ 結束工具 ステンレス結束バンド 結束工具 幅4.5～12mm迄 WCT322,IWISS,IWISS TOOLS,DIY・工具・ガーデン > 電設 > ケーブルアクセサリ,25322,2,,,3690,はい,2026-02-23以降,2045,2327,標準1,282,中小候補,GO,GO,GO,,,https://www.amazon.co.jp/dp/B08R9J9GPT,
A,B0CXPJBQ6F,GIMUYA T20 ピンチ部違い LED ウインカー バルブ ステルス 抵抗内蔵 ハイフラ防止 シングル 車検対応 小型 ショートバルブ 冷却ファン付き ノイ,GIMUYA,GIMUYA,車＆バイク > カーパーツ > ライト・ランプ,90852,2,,,7490,はい,2026-02-23以降,3469,4303,標準(小型),182,中小候補,GO,GO,GO,,,https://www.amazon.co.jp/dp/B0CXPJBQ6F,
A,B0CP35M3WK,ROCKBROS 自転車 泥除け マウンテンバイク クロスバイク フェンダー 26-29インチ 自転車用フェンダー 角度調整 マッドガード 簡単装着,ROCKBROS,ROCKBROS,スポーツ＆アウトドア > 自転車 > 自転車アクセサリ,25355,2,,,3256,はい,2026-02-23以降,1257,1296,大型,282,中小候補,GO,GO,見送り,FBA大型サイズ,,https://www.amazon.co.jp/dp/B0CP35M3WK,
A,B0GLX1RQBJ,ニッケ商事 NIKKE home 掛け布団 肌掛け 夏用ケット 冷感 ふわもち ワッフルケット シングル グレージュ,NIKKE home,ニッケ商事,ホーム＆キッチン > 寝具 > 毛布 ・タオルケット,27752,2,,,5390,いいえ,2026-02-23以降,3130,3746,大型,282,中小候補,GO,GO,見送り,FBA大型サイズ,,https://www.amazon.co.jp/dp/B0GLX1RQBJ,
A,B07XQZVQ8R,アイリスオーヤマ 猫砂 ウッディフレッシュ 7L×4袋 WF-70 固まる 脱臭 抗菌 ベントナイト,アイリスオーヤマ(IRIS OHYAMA),アイリスオーヤマ,ペット用品 > 猫 > トイレ用品,3677,4,,,2800,はい,2026-02-23以降,1313,1370,大型,282,大手/海外疑い,NG,GO,見送り,FBA大型サイズ / 回転不足(消化月数>3),,https://www.amazon.co.jp/dp/B07XQZVQ8R,
A,B09Y1JT9GF,"adidas 男女兼用 大人用 Alphaskin ワイドフィット スポーツヘッドバンド, ブラック/ホワイト, One Size",adidas(アディダス),adidas,ファッション > メンズ > 服＆ファッション小物,18476,6,,,3980,はい,2026-02-23以降,1979,2355,標準(小型),182,大手/海外疑い,NG,GO,見送り,回転不足(消化月数>3),,https://www.amazon.co.jp/dp/B09Y1JT9GF,
A,B002NSLDA8,I'mD (アイムディ) コーナーポット RETTO レットー ブラック RETPT-BK-PP,アイムディー,I'mD (アイムディー),ホーム＆キッチン > バス・トイレ・洗面用品 > トイレ用品,13271,4,,,2030,はい,2026-02-23以降,618,462,標準1,282,中小候補,NG,GO,見送り,回転不足(消化月数>3),,https://www.amazon.co.jp/dp/B002NSLDA8,
A,B004UE19KW,ターレンスジャパン(Talens Japan) ターレンス キャンバスバック ヴァンゴッホ F10 487254,Talens,ターレンスジャパン(Talens Japan),ホビー > 手芸・画材 > 描画・絵画,10366,3,,,2128,はい,2026-02-23以降,1059,1038,標準1,282,中小候補,GO,GO,GO,,,https://www.amazon.co.jp/dp/B004UE19KW,
A,B0DW3YR1PF,Benlera シャワーヘッド マイクロナノバブル [3Dプレミアム・角度調整] 節水シャワーヘッド 手元止水 3段階モード ウルトラファインバブル showe,Benlera,Benlera,ホーム＆キッチン > バス・トイレ・洗面用品 > バス用品,58775,2,,,1998,はい,2026-02-23以降,1016,982,標準1,282,中小候補,GO,GO,GO,,,https://www.amazon.co.jp/dp/B0DW3YR1PF,
A,B0DNQFMZNJ,ラスタバナナ スマホリング NEKO no MAGNET RING MagSafe対応 強力磁石 落下防止リング シルバー×ブルー RMRNG02SVBL,ラスタバナナ,テレホンリース,家電＆カメラ > 携帯電話・スマートフォン > 携帯電話・スマートフォンアクセサリ,34529,3,ラスタバナナダイレクト / 快楽商店 / 株式会社コジマ,メーカー直販,2180,はい,2026-02-23以降,993,1192,標準(小型),182,中小候補,GO,GO,GO,,,https://www.amazon.co.jp/dp/B0DNQFMZNJ,
A,B0FYY14XMN,アイウィス(IWISS) SNシリーズ ダイス交換式 クイックダイス マルチ圧着工具セット SN-QC-WC,IWISS,"IWISS TOOLS CO.,LTD",DIY・工具・ガーデン > 作業工具 > カッター,14062,2,,,3980,はい,2026-02-23以降,2175,2497,標準1,282,中小候補,GO,GO,GO,,,https://www.amazon.co.jp/dp/B0FYY14XMN,
A,4837671330,病気が治る「気功入門」DVDブック (伝説の気功家・中健次郎が伝授!),マキノ出版,マキノ出版,本 > ジャンル別 > 暮らし・健康・子育て,186263,2,,,4737,はい,2026-02-23以降,1091,1080,標準1,282,中小候補,GO,GO,GO,,,https://www.amazon.co.jp/dp/4837671330,
A,B07QT9Q6BW,UMake 2nd Live ~Voyage~[Blu-ray]〈初回版〉,artsonic,artsonic,PCソフト > ジャンル別 > 生活・実用,7364,2,,,4700,はい,2026-02-23以降,1118,1228,標準(小型),182,中小候補,GO,GO,GO,,,https://www.amazon.co.jp/dp/B07QT9Q6BW,
A,B0F99BRHSN,【2026年最新】旅行用圧縮袋 トラベルポーチ 便利旅行圧縮バッグ 4点セット 可変スペース 衣類仕分け 圧縮袋 旅行 出張 衣類 整理便利グッズ トラベル パ,ANICEMOON,ANICEMOON,ファッション > バッグ・スーツケース > トラベルアクセサリ,12653,2,,,2239,はい,2026-02-23以降,1159,1168,標準1,282,中小候補,GO,GO,GO,,,https://www.amazon.co.jp/dp/B0F99BRHSN,
A,B0BSB28YRD,ELMO エルモ 高齢犬用 シニア リッチ イン チキン 加齢による関節機能・健康維持に 8歳- ドッグフード ペットフード (3kg),エルモ ( ELMO ),ATSU.Trading,ペット用品 > 犬 > ドッグフード,16631,6,,,6399,はい,2026-02-23以降,3222,3802,標準2,332,中小候補,NG,GO,見送り,回転不足(消化月数>3),,https://www.amazon.co.jp/dp/B0BSB28YRD,
A,B0CJBT9Q9C,TNTOR モバイルバッテリー 軽量 小型 iPhone 17/16/15対応 Xperia Sony AQUOS Galaxy Xiaomiなど対応 スマホ充,TNTOR,"Shenzhen LDTEK Technology Co., Ltd",家電＆カメラ > 携帯電話・スマートフォン > 携帯電話・スマートフォンアクセサリ,8445,2,,,2382,はい,2026-02-23以降,1350,1697,標準(小型),182,大手/海外疑い,GO,GO,GO,,,https://www.amazon.co.jp/dp/B0CJBT9Q9C,
A,B0C1GQX3KC,ハイアール自動洗濯機用の金属コネクタ付き洗濯機給水ホース破裂防止PVC水道管 (1.5m),J-ouuo,J-ouuo,大型家電 > 洗濯機・乾燥機 > 洗濯機交換部品・アクセサリ,1156,2,,,1839,はい,2026-02-23以降,901,959,標準1,282,中小候補,GO,GO,GO,,,https://www.amazon.co.jp/dp/B0C1GQX3KC,
A,4140351853,音声DL BOOK Duolingo English Test 総合対策,NHK出版,NHK出版,本 > ジャンル別 > 語学・辞事典・年鑑,41464,6,,,5810,はい,2026-02-23以降,1577,1715,標準1,282,中小候補,NG,GO,見送り,回転不足(消化月数>3),,https://www.amazon.co.jp/dp/4140351853,
A,B0C84W7F8C,友愛玩具(Yuuai Gangu) クマさんのクラッシュハニーゲーム TY-0185KK,友愛玩具(Yuuai Gangu),友愛玩具(Yuuai Gangu),おもちゃ > ゲーム > バランスゲーム,10447,2,,,1890,はい,2026-02-23以降,946,890,標準1,282,中小候補,GO,GO,GO,,,https://www.amazon.co.jp/dp/B0C84W7F8C,
A,B0CMZJM6TH,"ineo M.2 PCIe NVMe SSD 放熱用のアルミ合金フィンと静音ファン内蔵 書き込み保護機能 (Silver, 40Gbps)",ineo,ineo,パソコン・周辺機器 > PCアクセサリ・サプライ > ハードドライブアクセサリ,23724,2,,,6900,はい,2026-02-23以降,4203,5632,標準1,282,中小候補,GO,GO,GO,,,https://www.amazon.co.jp/dp/B0CMZJM6TH,
A,B0FDKLYY2T,「バリ楽Roller」NIMASO ガラスフィルム iPhone 17Pro 用 スライドローラー式 3D曲面エッジ加工 全面保護 1枚セット,NIMASO,NIMASO,家電＆カメラ > 携帯電話・スマートフォン > 携帯電話・スマートフォンアクセサリ,14893,2,,,2417,はい,2026-02-23以降,1389,1751,標準(小型),182,中小候補,GO,GO,GO,,,https://www.amazon.co.jp/dp/B0FDKLYY2T,
A,B0D9QNTRQ2,FUNSHOWCASE ディップアートセット（ディップ液+ワイヤー+巻線ロッド+説明書) 40ml アメリカンフラワー,FUNSHOWCASE,FUNSHOWCASE,ホビー > 手芸・画材 > ビーズ・レジン・アクセサリ,7742,2,,,1899,はい,2026-02-23以降,857,887,標準(小型),182,中小候補,GO,GO,GO,,,https://www.amazon.co.jp/dp/B0D9QNTRQ2,
A,B01K6MMEYG,日本全薬工業 イパキチン 60g,日本全薬工業,ベトキノール,ペット用品 > 犬 > ヘルスケア,11172,4,,,3205,はい,2026-02-23以降,1755,2061,標準(小型),182,中小候補,NG,GO,見送り,回転不足(消化月数>3),,https://www.amazon.co.jp/dp/B01K6MMEYG,
A,B0C9PRCRDT,隠しカメラ スパイカメラ【54時間録画 】PONAOO 小型カメラ 防犯カメラ小型 1080P画質 自動暗視上書き録画 256GBカード対応 10000mAh ,PONAOO,PONAOO,家電＆カメラ > カメラ > 防犯カメラ,13617,2,,,6460,はい,2026-02-23以降,3720,4948,標準1,282,中小候補,GO,GO,GO,,,https://www.amazon.co.jp/dp/B0C9PRCRDT,
A,B015DL7EOU,ジュン (JUN) プラチナリーフサンド No.5 中目タイプ 10kg,ジュン (JUN),JUN (ジュン),ペット用品 > 水生ペット > 水槽のアクセサリ,6575,2,,,5635,はい,2026-02-23以降,2828,3351,大型,282,中小候補,GO,GO,見送り,FBA大型サイズ,,https://www.amazon.co.jp/dp/B015DL7EOU,
A,B0CKVWHWHW,ウェットティッシュケース 日産スカイライン GT-R (BNR34) (ブルー),CAMSHOP,CAMSHOP.JP,ホーム＆キッチン > インテリア > ティッシュケース・ホルダー,31216,2,,,6600,はい,2026-02-23以降,3748,4554,標準1,282,中小候補,GO,GO,GO,,,https://www.amazon.co.jp/dp/B0CKVWHWHW,
A,B01M4L0UM1,ES-Tune AV分配器 RCA スプリッター 1入力8出力 映像 音声同時分配 コンポジット対応 金属筐体 ノイズ低減技術 プラグアンドプレイ DVD/TV,ES-Tune,ES-Tune,家電＆カメラ > オーディオ > ホームオーディオアクセサリ,21113,2,,,2599,はい,2026-02-23以降,1139,1296,標準1,282,中小候補,GO,GO,GO,,,https://www.amazon.co.jp/dp/B01M4L0UM1,
A,B0GKTRVQ38,日本郵便 官製はがき 通常はがき 額面85円 (20枚),まぎまぎ,Magi,文房具・オフィス用品 > ノート・メモ帳 > カード・カードストック,8259,2,,,2500,いいえ,2026-02-23以降,1443,1653,標準(小型),182,中小候補,GO,GO,GO,,,https://www.amazon.co.jp/dp/B0GKTRVQ38,
A,B0D25RMNS7,アンジュスマイル 温冷シート 保冷 保温 ジェル 2個付き お出かけ 抱っこ紐 抱っこひも チャイルドシート ベビーカーシート 背負う リュックタイプ 赤ちゃん,アンジュスマイル,ちゃいなび,ベビー＆マタニティ > ベビーカー > ベビーカー小物,3799,2,,,1780,はい,2026-02-23以降,642,492,標準1,282,中小候補,GO,GO,GO,,,https://www.amazon.co.jp/dp/B0D25RMNS7,
A,B0DRHS9483,アンジュスマイル サニーマット (約直径100×厚さ3.5cm / ベージュ) プレイマット ベビー 昼寝 ベビーマット お昼寝 円形 子ども 新生児 ラグ ラ,アンジュスマイル,ちゃいなび,ベビー＆マタニティ > 室内遊具 > ベビージム・プレイマット,5724,2,,,6980,はい,2026-02-23以降,2966,3532,大型,282,中小候補,GO,GO,見送り,FBA大型サイズ,,https://www.amazon.co.jp/dp/B0DRHS9483,
A,B0D7V8CZZD,【2026年最新】旅行用圧縮袋 トラベルポーチ 便利旅行圧縮バッグ 4点セット 可変スペース 衣類仕分け 圧縮袋 旅行 出張 衣類 整理便利グッズ トラベル パ,ANICEMOON,ANICEMOON,ファッション > バッグ・スーツケース > トラベルアクセサリ,12653,2,,,2800,はい,2026-02-23以降,1159,1168,標準1,282,中小候補,GO,GO,GO,,,https://www.amazon.co.jp/dp/B0D7V8CZZD,
A,B0070SZP6E,エアコン室外ユニット用据付架台 平地・二段置用 B-HWZAM3,バクマ(Bakuma),バクマ,ホーム＆キッチン > 家電 > 空調・季節家電,17496,5,,,7700,はい,2026-02-23以降,4723,5829,大型,282,中小候補,NG,GO,見送り,FBA大型サイズ / 回転不足(消化月数>3),,https://www.amazon.co.jp/dp/B0070SZP6E,
A,B0D927B3GK,[FSD.WG] リュック バックパック人気 軽量 大容量 通勤 通学 旅行 マザーズバッグ 撥水 キャリーオン PCポケット お出かけ おしゃれ 旅行1泊2日,FSD.WG,,ファッション > バッグ・スーツケース > リュック・バックパック,30063,3,,,3980,はい,2026-02-23以降,2305,2667,標準1,282,中小候補,GO,GO,GO,,,https://www.amazon.co.jp/dp/B0D927B3GK,
A,B09RK8LTQW,[Hanes] 靴下 (2足組) ハーフパイル ビーフィークォーターレングスソックス2P ビーフィー HMSBW201-090-M,Hanes,チャンピオン,ファッション > メンズ > 服＆ファッション小物,25883,5,,,1640,はい,2026-02-23以降,539,358,標準1,282,中小候補,NG,GO,見送り,回転不足(消化月数>3),,https://www.amazon.co.jp/dp/B09RK8LTQW,
A,B0C2YG2Q53,GENTOS(ジェントス) LED ヘッドライト USB充電式/単4電池 【明るさ380-670ルーメン/実用点灯2.5-3時間/耐塵/防滴】 アクスレイ AR,GENTOS(ジェントス),GENTOS(ジェントス),スポーツ＆アウトドア > アウトドア > ライト・ランタン,16234,6,,,2600,はい,2026-02-23以降,1183,1313,標準(小型),182,中小候補,NG,GO,見送り,回転不足(消化月数>3),,https://www.amazon.co.jp/dp/B0C2YG2Q53,
A,B0BYTYTDTS,快適生活 虫類 害獣忌避「ヒトデのちから」 (2袋),快適生活,快適生活,DIY・工具・ガーデン > ガーデン > 害獣・害虫対策用品,10334,2,,,3800,はい,2026-02-23以降,2063,2287,標準2,332,中小候補,GO,GO,GO,,,https://www.amazon.co.jp/dp/B0BYTYTDTS,
A,B0F17JFHQC,【Amazon.co.jp限定 2026発売新モデル・一台多役・木目調】加湿器 小型 アロマディフューザー 次亜塩素酸水対応 除菌 アロマ対応 超音波式 加湿器,ラブホーム美家,ラブホーム美家,ホーム＆キッチン > 家電 > 空調・季節家電,8697,2,,,2980,はい,2026-02-23以降,901,831,標準1,282,中小候補,GO,GO,GO,,,https://www.amazon.co.jp/dp/B0F17JFHQC,
A,B0FLDR8Q8Y,【2025新進化モデル加湿器・上下角度調整】加湿器 小型 卓上 除菌 アロマ対応 LEDライト 超音波式 静音 卓上 自動停止機能 空焚き防止 お手入れ簡単 6,ラブホーム美家,ラブホーム美家,ホーム＆キッチン > 家電 > 空調・季節家電,22200,2,,,1521,はい,2026-02-23以降,806,820,標準(小型),182,中小候補,GO,GO,GO,,,https://www.amazon.co.jp/dp/B0FLDR8Q8Y,
A,B011N90G3W,冷却ネッククーラー【2024夏】MAGICOOL(マジクール) さらさら肌触り リボンタイプ (ブルー) 吸水だけで冷感持続 熱中対策 シリーズ累計900万本突,大作商事,大作商事,ホーム＆キッチン > 生活雑貨 > 冷却タオル,32204,3,,,2099,はい,2026-02-23以降,876,911,標準(小型),182,中小候補,GO,GO,GO,,,https://www.amazon.co.jp/dp/B011N90G3W,
A,B07D2C3WHL,ダイヤペット きかんしゃトーマス DK-9003 ジェームス,アガツマ(AGATSUMA),アガツマ(AGATSUMA),おもちゃ > 乗り物おもちゃ > 車両,27296,4,,,4580,はい,2026-02-23以降,1655,1817,標準1,282,中小候補,NG,GO,見送り,回転不足(消化月数>3),,https://www.amazon.co.jp/dp/B07D2C3WHL,
A,B0FX4GRGK2,[デルフォニックス] ロルバーンポケット付メモニット M（Ａ（アニマル））,Delfonics,DELFONICS(デルフォニックス),文房具・オフィス用品 > ノート・メモ帳 > メモ帳,11105,2,CYAKOマーケット（適格請求書発行事業者） / AdvantageLine,,1560,はい,2026-02-23以降,268,117,標準(小型),182,中小候補,GO,GO,GO,,,https://www.amazon.co.jp/dp/B0FX4GRGK2,
A,B0D926FTCK,[FSD.WG] リュック バックパック人気 軽量 大容量 通勤 通学 旅行 マザーズバッグ 撥水 キャリーオン PCポケット お出かけ おしゃれ 旅行1泊2日,FSD.WG,,ファッション > バッグ・スーツケース > リュック・バックパック,30081,2,,,4999,はい,2026-02-23以降,2279,2633,標準1,282,中小候補,GO,GO,GO,,,https://www.amazon.co.jp/dp/B0D926FTCK,
A,B07FL48JCK,"アームレスト アクア NHP10系 及び ヴィッツ に適用する, 多機能 肘掛け 収納ボックス コンソールボックス ドリンクホルダー 小物入れ",Shengkai,shengkai,車＆バイク > カーアクセサリ > 収納・ホルダー,12366,3,,,3300,はい,2026-02-23以降,1791,1930,標準2,332,中小候補,GO,GO,GO,,,https://www.amazon.co.jp/dp/B07FL48JCK,
A,B0DJVFL6GB,PARTY ANIMAL パーティアニマル ドッグフード カリフォルニア チキン＆オーツレシピ 1.81kg (1.81kg),PARTY ANIMAL,パーティアニマル,ペット用品 > 犬 > ドッグフード,5663,2,,,4950,はい,2026-02-23以降,2885,3361,標準2,332,中小候補,GO,GO,GO,,,https://www.amazon.co.jp/dp/B0DJVFL6GB,
A,B0CRKSFBJH,新中学問題集 英語 中3 発展編　2024年改訂版 【プログレス+オリジナル付箋付き】教育開発出版 解答付き,Von Lonley,教育開発出版,本 > ジャンル別 > 教育・学参・受験,86091,4,,,3480,はい,2026-02-23以降,1980,2242,標準1,282,中小候補,NG,GO,見送り,回転不足(消化月数>3),,https://www.amazon.co.jp/dp/B0CRKSFBJH,
A,404604330X,大学入試 茂木誠の 世界史Bが面白いほどわかる本,KADOKAWA,KADOKAWA,本 > ジャンル別 > 歴史・地理,196363,2,,,4890,はい,2026-02-23以降,1005,967,標準1,282,中小候補,GO,GO,GO,,,https://www.amazon.co.jp/dp/404604330X,
A,B00177XR6O,桃太郎電鉄20周年,ハドソン,ハドソン,ゲーム > 機種別 > レガシーシステム,6676,2,,,5480,はい,2026-02-23以降,1638,1908,標準(小型),182,中小候補,GO,GO,GO,,,https://www.amazon.co.jp/dp/B00177XR6O,
A,B0G389HXRF,fixash キッズカメラ 女の子 子供 カメラ トイカメラ おもちゃ デジタル 誕生日 プレゼント クリスマス 4 5 6 7 8 9 10 11歳,fixash,fixash,おもちゃ > 電子玩具・キッズ家電 > デジタルカメラ,12941,2,,,2579,はい,2026-02-23以降,1413,1614,標準(小型),182,中小候補,GO,GO,GO,,,https://www.amazon.co.jp/dp/B0G389HXRF,
A,B0D1V15G9J,ＨＹＣＤＩＹＴＳ ラチェット式 モンキーレンチ 首振り型 180度回転 多機能マジックレンチ 角度調整可能 口幅45mmまで 万能 DIYツール,ＨＹＣＤＩＹＴＳ,LSLANSOON,DIY・工具・ガーデン > 作業工具 > 駆動工具,15109,2,,,2899,はい,2026-02-23以降,1225,1255,標準1,282,中小候補,GO,GO,GO,,,https://www.amazon.co.jp/dp/B0D1V15G9J,
A,B09T963GGB,【パンツ ビッグサイズ】ムーニー 水あそびパンツ ピンク(12~22kg),ムーニー,ユニ・チャーム,ベビー＆マタニティ > おむつ・トイレ > おむつ,2883,2,,,1990,はい,2026-02-23以降,1011,975,標準1,282,中小候補,GO,GO,GO,,,https://www.amazon.co.jp/dp/B09T963GGB,
A,B0FNLBDR9Y,【colulu】 ラルミー ホワイトノイズマシン 赤ちゃん 授乳ライト ホワイトノイズ スピーカー 出産祝い LULLME (グレー),Ｃｏｌｕｌｕ,colulu,ベビー＆マタニティ > インテリア・デコレーション > 寝かしつけ用おもちゃ,373,2,,,5599,はい,2026-02-23以降,2535,3081,標準(小型),182,中小候補,GO,GO,GO,,,https://www.amazon.co.jp/dp/B0FNLBDR9Y,
A,B0DT3GXRL9,sology (ソロジー) 美味しくヘルシー 1台5役 ノンフライヤー (2.2L / ブラック),GDT Global Dream Technology,GDT Global Dream Technology,ホーム＆キッチン > 家電 > キッチン家電,33282,2,,,7180,はい,2026-02-23以降,3605,4367,大型,282,中小候補,GO,GO,見送り,FBA大型サイズ,,https://www.amazon.co.jp/dp/B0DT3GXRL9,
A,B0BXGJX5H4,洗濯機 台 キャスター付き 防水パン 8足4輪 耐荷重800kg 洗濯機 かさ上げ 水習かさあげ台 洗濯機パン 冷蔵庫 洗濯機置き台 洗濯機台 冷蔵庫置き台 洗,NELIPO,NELIPO,大型家電 > 洗濯機・乾燥機 > 洗濯機交換部品・アクセサリ,488,2,,,2469,はい,2026-02-23以降,1272,1425,標準2,332,中小候補,GO,GO,GO,,,https://www.amazon.co.jp/dp/B0BXGJX5H4,
A,B0CBPQ4VSR,SESE 鉄板 マルチグリドル 33cm クッションバック付き キャンプやアウトドアで大活躍！ アルミニウム ブラック 円形,SESE,SESE,スポーツ＆アウトドア > アウトドア > バーベキュー・クッキング用品,20974,3,,,3480,はい,2026-02-23以降,1579,1653,標準2,332,中小候補,GO,GO,GO,,,https://www.amazon.co.jp/dp/B0CBPQ4VSR,
A,B0D1FV654N,セーラー万年筆 万年筆 ふでDEまんねん 筆文字が書ける万年筆 【新仕様】 パールピンク 12-0150-031,セーラー,セーラー万年筆,文房具・オフィス用品 > 筆記具 > ペン,6494,4,,,1612,はい,2026-02-23以降,695,675,標準(小型),182,中小候補,NG,GO,見送り,回転不足(消化月数>3),,https://www.amazon.co.jp/dp/B0D1FV654N,
A,B0F29DJL5C,X AUTOHAUX トヨタに対応 シエンタSIENTA 10系用 車カバー 自動車ボディカバー 防水 5層構造 軽量 裏起毛 塗装面保護 UVカット,X AUTOHAUX,X AUTOHAUX,車＆バイク > カーアクセサリ > ボディーカバー,16533,2,,,5430,はい,2026-02-23以降,3100,3642,標準2,332,中小候補,GO,GO,GO,,,https://www.amazon.co.jp/dp/B0F29DJL5C,
A,B07JPJT76J,Nobsound AK2515 MIC ピックアップ オーディオ スペクトラム VFD サウンドレベルメーター VU メーター 画面表示,Nobsound,Nobsound,家電＆カメラ > オーディオ > ホームオーディオアクセサリ,23407,2,,,6980,はい,2026-02-23以降,4164,5576,標準1,282,中小候補,GO,GO,GO,,,https://www.amazon.co.jp/dp/B07JPJT76J,
A,B0GHQWN8N4,CDケース 収納ボックス 透明窓付き CDラック メディアケース CD/PS5ゲームソフト/ブルーレイ収納ボックス【持ち手付き/折りたたみ/インテリア/大容量/,Ｌｕｘｕｒｅｕｘ,Luxureux,パソコン・周辺機器 > PCアクセサリ・サプライ > メディアケース,7126,2,,,1699,はい,2026-02-23以降,811,831,標準1,282,中小候補,GO,GO,GO,,,https://www.amazon.co.jp/dp/B0GHQWN8N4,
A,B00A311D3Y,モリグリーン ガソリン・ディーゼルエンジンオイル ホワイトミニ 10W-30 SL/CF 3L [HTRC3],モリグリーン(Moly Green),モリグリーン(Moly Green),車＆バイク > オイル・フルード > オイル,9549,3,,,3599,はい,2026-02-23以降,760,582,標準2,332,中小候補,GO,GO,GO,,,https://www.amazon.co.jp/dp/B00A311D3Y,
A,B077H7NCY6,イサム塗料(Isamu) キャンデーカラー 上塗クリヤー パープル 300ml,Isamu paint,イサム塗料(Isamu),DIY・工具・ガーデン > 塗装・壁装 > 塗装材,29339,2,,,1930,はい,2026-02-23以降,361,125,標準1,282,中小候補,GO,GO,GO,,,https://www.amazon.co.jp/dp/B077H7NCY6,
A,B078S87N43,デオトイレ 針葉樹の消臭・抗菌チップ 16L(4L×4袋) [猫砂] システムトイレ 猫用 【まとめ買い】,デオトイレ,ユニチャーム,ペット用品 > 猫 > トイレ用品,9278,3,,,7500,はい,2026-02-23以降,3650,4426,大型,282,中小候補,GO,GO,見送り,FBA大型サイズ,,https://www.amazon.co.jp/dp/B078S87N43,
A,B07S6B7DRV,PEACEUP 熱中症対策 キット DX 熱中症対策 グッズ 経口補水液 ゼリー 塩分 タブレット 17点セット (レッド),PEACEUP,PEACEUP,スポーツ＆アウトドア > アウトドア > クーラーボックス,23206,2,,,4131,はい,2026-02-23以降,2353,2665,標準2,332,中小候補,GO,GO,GO,,,https://www.amazon.co.jp/dp/B07S6B7DRV,
A,B01F88Y4W8,Enjoy DVD｜DVD再生ソフト｜Windows,SOURCENEXT,ソースネクスト,PCソフト > ジャンル別 > 画像・映像制作,561,3,,,2755,はい,2026-02-23以降,1121,1232,標準(小型),182,中小候補,GO,GO,GO,,,https://www.amazon.co.jp/dp/B01F88Y4W8,
A,B0CG66M3WQ,【アイボリー】ちゃいなび ange smile サニーマット,アンジュスマイル,ちゃいなび,ベビー＆マタニティ > 室内遊具 > ベビージム・プレイマット,5724,2,,,5654,はい,2026-02-23以降,2966,3532,大型,282,中小候補,GO,GO,見送り,FBA大型サイズ,,https://www.amazon.co.jp/dp/B0CG66M3WQ,
A,4314010037,利己的な遺伝子 <増補新装版>,紀伊國屋書店,紀伊國屋書店,本 > ジャンル別 > 科学・テクノロジー,71219,2,,,7200,はい,2026-02-23以降,2447,2853,標準1,282,中小候補,GO,GO,GO,,,https://www.amazon.co.jp/dp/4314010037,
A,B096X7CYGN,調光 クリップオン サングラス ネオコントラスト ネオグラス 夜間 運転 メガネの上から UVカット NEO-CLIPON-PHN,ネオコントラスト,株式会社ホプニック研究所,ファッション > メンズ,35352,2,,,5592,はい,2026-02-23以降,3416,4233,標準(小型),182,中小候補,GO,GO,GO,,,https://www.amazon.co.jp/dp/B096X7CYGN,
A,B0FG7TFGLH,ソーラーライト 屋外 IP68防水 埋め込み式 水中ライト ガーデンライト おしゃれ ソーラー 自動点灯 光センサー 太陽光パネル充電 庭/玄関先/芝生/車場/,Dosean,Dosean,DIY・工具・ガーデン > エクステリア > アウトドア・エクステリアライト,14505,2,,,3149,はい,2026-02-23以降,1407,1493,標準1,282,中小候補,GO,GO,GO,,,https://www.amazon.co.jp/dp/B0FG7TFGLH,
A,B081CB5HX3,小太鼓 バチ ストラップ セット カラオケ 宴会 応援 パーティー イベント 太鼓 練習 グッズ (直径 約 27cm),ぱんだショップ,ぱんだショップ,楽器・音響機器 > ドラム・パーカッション > パーカッション・打楽器,10980,4,,,1586,はい,2026-02-23以降,455,247,標準1,282,中小候補,NG,GO,見送り,回転不足(消化月数>3),,https://www.amazon.co.jp/dp/B081CB5HX3,
A,B08VWL445Y,株式会社セブン 2層構造ハードコートフィルム スズキ ジムニー JB64W JB74W リヤーセット カット済みカーフィルム ダークスモーク,株式会社セブン,株式会社セブン,車＆バイク > カーアクセサリ > 日よけ用品,11990,2,,,2860,いいえ,繰越(境界後の記録なし),1577,1715,大型,282,中小候補,GO,GO,見送り,FBA大型サイズ,,https://www.amazon.co.jp/dp/B08VWL445Y,
A,B0DJCTQ7L8,sweet(スウィート) 2024年12月号,宝島社,宝島社,本 > ジャンル別 > 暮らし・健康・子育て,104920,3,,,4188,はい,2026-02-23以降,2440,2843,標準1,282,中小候補,GO,GO,GO,,,https://www.amazon.co.jp/dp/B0DJCTQ7L8,
A,B0DGT5T6MM,ランプチェンジャー 高所 電球交換 3.5m 高所電球交換棒 取り換え でんきゅう取り替え棒 多種アダプター付き 天井照明 LED 埋め込みライト対応,Qivine,Qivine,産業・研究開発用品 > 施設照明器具 > 高天井照明器具,4777,2,,,3199,はい,2026-02-23以降,1797,2003,標準1,282,中小候補,GO,GO,GO,,,https://www.amazon.co.jp/dp/B0DGT5T6MM,
A,B0GG8Z8JMS,MOEXEXEX For CB1000F cb1000f 2026 新アクセサリー バイク用ウォータータンクガード ラジエーターガード ラジエーターネット(シル,EODIEMD,EODIEMDJZ1374,車＆バイク > バイクパーツ > バイクエンジン冷却パーツ,8267,2,,,4780,はい,2026-02-23以降,2825,3347,標準1,282,中小候補,GO,GO,GO,,,https://www.amazon.co.jp/dp/B0GG8Z8JMS,
A,B0CYPRZWHM,スケーター(Skater) 保温弁当箱 丼ぶり型 540ml 女性用 2段 ランチジャー 折りたたみハンドル付 抗菌 星のカービィ フレンズ LDNO6AG-A,スケーター(Skater),スケーター(Skater),ホーム＆キッチン > キッチン用品 > 弁当箱・水筒,27214,3,,,4254,はい,2026-02-23以降,1265,1307,標準1,282,中小候補,GO,GO,GO,,,https://www.amazon.co.jp/dp/B0CYPRZWHM,
A,B0CXP9SYDR,GIMUYA T20 ピンチ部違い LED ウインカー バルブ ステルス 抵抗内蔵 ハイフラ防止 シングル 車検対応 小型 ショートバルブ 冷却ファン付き ノイ,GIMUYA,GIMUYA,車＆バイク > カーパーツ > ライト・ランプ,90852,2,,,3980,はい,2026-02-23以降,1887,2234,標準(小型),182,中小候補,GO,GO,GO,,,https://www.amazon.co.jp/dp/B0CXP9SYDR,
A,B003OQ1CWM,ヤマハ YAMAHA フレンチホルンマウスピース HR-30C4,ヤマハ(YAMAHA),ヤマハ(YAMAHA),楽器・音響機器 > 管・吹奏楽器 > 管・吹奏楽器アクセサリ,9070,4,,,7920,はい,2026-02-23以降,4300,5389,標準(小型),182,中小候補,NG,GO,見送り,回転不足(消化月数>3),,https://www.amazon.co.jp/dp/B003OQ1CWM,
A,B0FC62C4D9,イクタノ 携帯用 哺乳瓶 シリコンブラシ スタンド 持ち運びセット 哺乳びん 乳首 おしゃぶり マグ 洗浄 (ブラウン),IKUTANO,IKUTANO,ベビー＆マタニティ > 授乳・食事 > 哺乳びん,1464,2,,,1780,はい,2026-02-23以降,955,1015,標準(小型),182,中小候補,GO,GO,GO,,,https://www.amazon.co.jp/dp/B0FC62C4D9,
A,B0FN3XYP7M,SENPPLE HVP-902 用替えパッド 9組18枚,SENPPLE,SENPPLE,スポーツ＆アウトドア > フィットネス・トレーニング > 筋力トレーニング,23117,2,,,1999,はい,2026-02-23以降,1091,1193,標準(小型),182,中小候補,GO,GO,GO,,,https://www.amazon.co.jp/dp/B0FN3XYP7M,
A,B09XQN7D6X,GORIX(ゴリックス)フロントバッグ 自転車 おしゃれ 防水撥水 スマホ ロードバイク (GX-AMIGO) 自転車バッグ ハンドルバッグ 反射リフレクター ,GORIX(ゴリックス),GORIX(ゴリックス),スポーツ＆アウトドア > 自転車 > 自転車アクセサリ,38205,2,,,3492,はい,2026-02-23以降,1839,2058,標準1,282,中小候補,GO,GO,GO,,,https://www.amazon.co.jp/dp/B09XQN7D6X,
A,B0C83BVPVC,STEADY ヨガポール ストレッチ ポール 【100cm/耐荷重150kg】 ピラティス (アイボリー) ST141,STEADY,STEADY,スポーツ＆アウトドア > フィットネス・トレーニング > ヨガ,9290,2,,,3790,はい,2026-02-23以降,1661,1825,大型,282,中小候補,GO,GO,見送り,FBA大型サイズ,,https://www.amazon.co.jp/dp/B0C83BVPVC,
A,B0F297WZXZ,WSKEN USB卓上扇風機 3段階風量調節 USB給電式,WSKEN,WSKEN,ホーム＆キッチン > 家電 > 空調・季節家電,18604,2,,,2209,はい,2026-02-23以降,854,769,標準1,282,中小候補,GO,GO,GO,,,https://www.amazon.co.jp/dp/B0F297WZXZ,
A,B0G3936VRF,コーヒーミル 電動カッター 無段階粒度調整 豆挽き 電動ミル 大容量200W 数秒細挽き コーヒーグラインダー コンパクト SUS304ステンレス製,Sugeko,Sugeko,ホーム＆キッチン > 家電 > キッチン家電,6630,3,,,2469,はい,2026-02-23以降,1322,1382,標準1,282,中小候補,GO,GO,GO,,,https://www.amazon.co.jp/dp/B0G3936VRF,
A,B0CRH3XWG2,Musiclily Ultra 11穴 アノダイズドアルミニウム製 SSS ストラトピックガード Fender American Mexican Standar,Musiclily,Musiclily,楽器・音響機器 > ギター > ギターアクセサリ,3959,2,,,2563,はい,2026-02-23以降,1383,1462,標準1,282,中小候補,GO,GO,GO,,,https://www.amazon.co.jp/dp/B0CRH3XWG2,
A,B0FDWWLTSS,【2026年最新型 黒球式 大画面】 熱中症指数計 黒球式 JIS適合 屋外 屋内 置き型 携帯 首掛け 熱中症予防 対策 測定 計測 WBGT,KOZUMUWAN,KZM-HDL-1717,産業・研究開発用品 > 工業用計測器 > 温度計・湿度計,15373,2,,,2232,はい,2026-02-23以降,1092,1194,標準(小型),182,中小候補,GO,GO,GO,,,https://www.amazon.co.jp/dp/B0FDWWLTSS,
A,B0BSTPBZPJ,オルルド釣具 ウルトラライトロッド トラルド トラウト アジング メバリング などライトゲームに最適 qb300107,オルルド釣具,SIB株式会社,スポーツ＆アウトドア > 釣り > ロッド・アクセサリ,22881,2,,,4537,はい,2026-02-23以降,2563,3005,大型,282,中小候補,GO,GO,見送り,FBA大型サイズ,,https://www.amazon.co.jp/dp/B0BSTPBZPJ,
A,B078H1WWZ4,ミドリ安全 ヘルメットハンガー SCキーパー2 グレー,ミドリ安全(Midori Anzen),ミドリ安全(Midori Anzen),産業・研究開発用品 > 安全・保護用品 > ヘルメット用アクセサリ,6968,5,,,2320,はい,2026-02-23以降,933,873,標準1,282,中小候補,NG,GO,見送り,回転不足(消化月数>3),,https://www.amazon.co.jp/dp/B078H1WWZ4,
A,B0FKH9VRRT,食洗機用小物バスケット ステンレス カトラリークリーニングバスケット キャンプ用食洗機 小物カゴ ステンレス製 カトラリー バスケット メッシュ 水切り スプー,Longxinye,Longxinye,スポーツ＆アウトドア > アウトドア > バーベキュー・クッキング用品,18640,2,,,1599,はい,2026-02-23以降,663,520,標準1,282,中小候補,GO,GO,GO,,,https://www.amazon.co.jp/dp/B0FKH9VRRT,
A,B0744GVLC6,GORIX(ゴリックス) スポークテンションメーター 張力度137kgfまで測定 [自転車張力測定器] ロードバイク マウンテンバイク他 GT33 ブラック,GORIX(ゴリックス),GORIX(ゴリックス),スポーツ＆アウトドア > 自転車 > メンテナンス用品,73569,2,,,3999,はい,2026-02-23以降,1905,2144,標準1,282,中小候補,GO,GO,GO,,,https://www.amazon.co.jp/dp/B0744GVLC6,
A,B0DJBGYCGM,エレコム バックパック ロールトップリュック 防災対応 防水 ブラック BM-BPWP02BK,エレコム(ELECOM),エレコム,ファッション > バッグ・スーツケース > リュック・バックパック,36319,3,,,5300,はい,2026-02-23以降,2285,2641,大型,282,大手/海外疑い,GO,GO,見送り,FBA大型サイズ,,https://www.amazon.co.jp/dp/B0DJBGYCGM,
A,B0DTG7RZRQ,MotHeart スタンド滑り止めプレート 対応 Rebel 1100 (CMX1100) 2021-2026 ブラック,MotHeart,,車＆バイク > バイクパーツ > バイク外装パーツ,45322,2,,,2599,はい,2026-02-23以降,1490,1715,標準(小型),182,中小候補,GO,GO,GO,,,https://www.amazon.co.jp/dp/B0DTG7RZRQ,
A,B0BYW947MW,"【国内正規品】Keychron M3 ワイヤレスマウス、PAW3395センサー、プログラム可能なマクロボタン搭載、26,000 DPI、2.4 GHz/Blue",Keychron,Keychron,パソコン・周辺機器 > キーボード・マウス・入力機器 > マウス,37099,2,,,7920,はい,2026-02-23以降,4177,5596,標準1,282,中小候補,GO,GO,GO,,,https://www.amazon.co.jp/dp/B0BYW947MW,
A,B00H7U5CZY,LIXIL(リクシル) INAX エコカラット・エコカラットプラス専用接着剤 スーパーエコぬーるG 5kg 樹脂缶 ECN2G-5KG,LIXIL,LIXIL,産業・研究開発用品 > 接着・補修 > 接着剤,9969,3,,,7270,はい,2026-02-23以降,3298,3902,標準2,332,中小候補,GO,GO,GO,,,https://www.amazon.co.jp/dp/B00H7U5CZY,
A,B0BQHBWK74,"adelphos ウォールシェルフ 壁掛け棚 アルミ製 薄型 軽量 隠しネジ 落下防止 飾り棚 スパイスラック トイレ 洗面所 幅30 WS1 (30cm, ホ",adelphos,adelphos,ホーム＆キッチン > 家具 > 収納家具,30461,2,,,2180,はい,2026-02-23以降,993,951,標準1,282,中小候補,GO,GO,GO,,,https://www.amazon.co.jp/dp/B0BQHBWK74,
A,B0F2H917CD,THANKO ネッククーラーポケット TKNC25SJU グレージュ 冷却プレート ペルチェ 軽量 静音 折りたたみ 暑さ対策 コンパクト,THANKO,サンコー,ホーム＆キッチン > 家電 > 空調・季節家電,47001,4,,,4610,はい,2026-02-23以降,2188,2514,標準1,282,中小候補,NG,GO,見送り,回転不足(消化月数>3),,https://www.amazon.co.jp/dp/B0F2H917CD,
A,B007VW7AFS,TRDステッカーシルバーダイ 08231-SP171,ティーアールディー(Trd),ティーアールディー(Trd),車＆バイク > カーアクセサリ > ステッカー・デカール,63052,4,,,1900,はい,2026-02-23以降,567,394,大型,282,中小候補,NG,GO,見送り,FBA大型サイズ / 回転不足(消化月数>3),,https://www.amazon.co.jp/dp/B007VW7AFS,
A,B0G6SPRP82,"【雑誌掲載】SENUN キッチンシート 静電吸着 壁保護シート 透明 はがせる 耐熱 防水 防油 保護フィルム（つや消し, 長さ5m×幅60cm）",SENUN,SENUN,DIY・工具・ガーデン > 建築・住宅資材 > 壁紙,16113,2,,,2080,はい,2026-02-23以降,867,786,大型,282,中小候補,GO,GO,見送り,FBA大型サイズ,,https://www.amazon.co.jp/dp/B0G6SPRP82,
A,B0D3HCRMBL,アンベル 折りたたみ傘 HEATBLOCK Lightweight folding 遮光100% 超軽量 140g A2740 (ネイビー),アンベル(Amvel),(株)バーリオ,ファッション > メンズ > 服＆ファッション小物,21736,2,,,7700,はい,2026-02-23以降,4772,6007,標準(小型),182,中小候補,GO,GO,GO,,,https://www.amazon.co.jp/dp/B0D3HCRMBL,
A,B0CD7RVD2C,Ciencia 分岐水栓 蛇口 洗面用 真鍮 散水栓 蛇口 シャワー 水流の切り替え用、ニッヶル、SBA021CNA,CIENCIA,Ciencia,DIY・工具・ガーデン > 住宅用設備・製品 > キッチン・バス備品,8221,2,,,2981,はい,2026-02-23以降,1636,1792,標準1,282,中小候補,GO,GO,GO,,,https://www.amazon.co.jp/dp/B0CD7RVD2C,
A,B0FVMN1T9Y,【太さを使い分けて品よく仕上げる】ぺんてる 純正筆ペン（太字・中字・極細）＋替え3本｜宛名書き・ご祝儀袋・年賀状｜黒インク 日本製｜計測・メモカード付,myset,myset,文房具・オフィス用品 > 筆記具 > ペン,3335,2,,,2830,はい,2026-02-23以降,1657,1933,標準(小型),182,中小候補,GO,GO,GO,,,https://www.amazon.co.jp/dp/B0FVMN1T9Y,
A,B07GBFX7MC,ウミネコ UM-FB-05 ルアー バッグ エギング バッグ ウエスト ショルダー ブラウン,ウミネコ(Umineko),ウミネコ(Umineko),スポーツ＆アウトドア > 釣り > 釣り小物,20096,2,,,3180,はい,2026-02-23以降,1681,1851,標準1,282,中小候補,GO,GO,GO,,,https://www.amazon.co.jp/dp/B07GBFX7MC,
A,B0DLNW1PF9,旭化成 ジップロックコンテナー 長方形 トイ・ストーリー 480&820ml,クックパー,旭化成,ホーム＆キッチン > キッチン用品 > 保存容器,69114,6,,,1850,はい,2026-02-23以降,760,760,標準(小型),182,中小候補,NG,GO,見送り,回転不足(消化月数>3),,https://www.amazon.co.jp/dp/B0DLNW1PF9,
A,B0C1JVSDKD,[絹屋] 熱がこもりにくいから快適 内側シルクサテン UVフェイスカバー 接触冷感 遮熱素材 SO6639 (銀色),絹屋,絹屋,産業・研究開発用品 > 業務用医療用品 > 着衣・手袋,34744,2,株式会社大醐,,2750,はい,2026-02-23以降,1587,1841,標準(小型),182,中小候補,GO,GO,見送り,相乗り出品が基準未満（卸している証拠なし）,,https://www.amazon.co.jp/dp/B0C1JVSDKD,
A,B008CLVM5G,銀峯陶器 菊花 ごはん土鍋 萬古焼 (2合 炊き/粉引/二重蓋) 「 土鍋 ご飯 ごはん 鍋 炊飯 銀峯 炊飯鍋 」,銀峯陶器(Ginpo Touki),銀峯陶器（GINPO Touki）,ホーム＆キッチン > キッチン用品 > 鍋・フライパン,33860,3,,,3980,はい,2026-02-23以降,2196,2460,標準2,332,中小候補,GO,GO,GO,,,https://www.amazon.co.jp/dp/B008CLVM5G,
A,B0CPXF6BZB,Fkstyle【油圧式でラクラク作業】 ガレージジャッキ 3t フロアジャッキ ローダウン対応 最低位135mm タイヤ交換 オイル交換 3トン 軽自動車 普通,Fkstyle,Fkstyle,車＆バイク > 自動車整備工具 > タイヤ・ホイール用ツール,10815,2,,,6821,はい,2026-02-23以降,3918,4776,大型,282,中小候補,GO,GO,見送り,FBA大型サイズ,,https://www.amazon.co.jp/dp/B0CPXF6BZB,
A,B0D78ZC4J8,LVYUAN 15A DC6V/12V 全自動パルスバッテリー充電器 バッテリーチャージャー パルス脱硫でバッテリー再生 診断機能付 冬季モード搭載 3.6m超,LVYUAN,LVYUAN,車＆バイク > バッテリー > バッテリー充電器,8866,2,,,7998,はい,2026-02-23以降,4086,4932,標準2,332,中小候補,GO,GO,GO,,,https://www.amazon.co.jp/dp/B0D78ZC4J8,
A,B0FDPYRYHV,anan(アンアン)2025/07/16号 No.2454増刊　スペシャルエディション[ボーダレスカルチャー2025／佐藤健＆町田啓太＆志尊淳],マガジンハウス,マガジンハウス,本 > ジャンル別 > ノンフィクション,213472,3,,,1665,はい,2026-02-23以降,238,-36,標準1,282,中小候補,GO,GO,GO,,,https://www.amazon.co.jp/dp/B0FDPYRYHV,
A,B004DCSIO6,ニトリート(NITREAT) テーピング テープ 筋肉サポート用 伸縮 撥水タイプ キネシオロジーテープ NKH25 25mm×5m,ニトリート(NITREAT),日東メディカル,スポーツ＆アウトドア > スポーツケア・アクセサリ・競技備品 > スポーツケア用品,19951,6,,,4682,はい,2026-02-23以降,2821,3455,標準(小型),182,中小候補,NG,GO,見送り,回転不足(消化月数>3),,https://www.amazon.co.jp/dp/B004DCSIO6,
A,B093GD3DJ8,[ベルメゾン] スヌード レディース 3重 ガーゼ 綿 麻 今治 タオルスヌード 日本製 ミントグリーン,BELLE MAISON(ベルメゾン),ベルメゾン,ファッション > レディース > 服＆ファッション小物,22997,3,,,2100,はい,2026-02-23以降,816,720,標準1,282,中小候補,GO,GO,GO,,,https://www.amazon.co.jp/dp/B093GD3DJ8,
A,B0FCXRH63H,sezu ベビーカー サンシェード 虫よけカバー 日よけ 蚊帳付き メッシュ UVカット 紫外線対策 熱中症対策 暑さ対策 A型 B型 バギー兼用 大型タイプ(,sezu,sezu,ベビー＆マタニティ > ベビーカー > ベビーカー小物,822,2,,,1580,はい,2026-02-23以降,642,492,標準1,282,中小候補,GO,GO,GO,,,https://www.amazon.co.jp/dp/B0FCXRH63H,
A,B09SWNL2MH,保温電球 250W ウォーマーフードランプ専用 赤外線保温 業務用 電球 シルバー,JIAWANSHUN,JIAWANSHUN,ホーム＆キッチン > 家電 > 照明,70871,2,,,3145,はい,2026-02-23以降,1862,2201,標準(小型),182,中小候補,GO,GO,GO,,,https://www.amazon.co.jp/dp/B09SWNL2MH,
A,B0BYDHBB8C,[NIKE] Dri-FIT レジェンド スリーブレスTシャツ DX0992 ブラック/マットシルバー XL,NIKE(ナイキ),Nike,ファッション > メンズ > 服＆ファッション小物,133875,2,,,3980,はい,2026-02-23以降,1262,1416,標準(小型),182,大手/海外疑い,GO,GO,GO,,,https://www.amazon.co.jp/dp/B0BYDHBB8C,
A,B0DPY5VTJR,アクモキャンドル 日本製 水だけで光る小型LEDライト ランタン型 (拡散型) 5個 電池不要 停電用灯,アクモキャンドル,アクモホールディングス,スポーツ＆アウトドア > アウトドア > ライト・ランタン,23008,3,,,3200,はい,2026-02-23以降,1670,1950,標準(小型),182,中小候補,GO,GO,GO,,,https://www.amazon.co.jp/dp/B0DPY5VTJR,
A,B09NP1H5Y1,[Rockyu] 指輪 レディース フリーサイズ ゴールド 2連 クロス ジルコニア リング おしゃれ 上品 華やか 重ね付け風 サイズ調整可能 韓国風 パーテ,Rockyu,Newcity,ファッション > レディース > ジュエリー,20600,3,,,1888,はい,2026-02-23以降,984,1052,標準(小型),182,中小候補,GO,GO,GO,,,https://www.amazon.co.jp/dp/B09NP1H5Y1,
A,B0FR95T3WG,KIWIFOTOS PS5コントローラー用 スマホホルダー マグネット 角度調整可能 超強磁力 iPhone 17 16 15 14 13 12 pro max,KIWIFOTOS,"Jinjiacheng Photography Equipment Co.,Ltd.",ゲーム > 機種別 > プレイステーション5,6728,2,,,2680,はい,2026-02-23以降,1298,1464,標準(小型),182,中小候補,GO,GO,GO,,,https://www.amazon.co.jp/dp/B0FR95T3WG,
A,B0CJ4XX5R2,エンラージ商事 ホンダe R2年10月以降 フィット R3年6月以降 9インチHondaCONNECTディスプレイ対応 ナビキャンセラー,EnlargeCorp,株式会社エンラージ商事,車＆バイク > カーナビ・カーエレクトロニクス > カーナビ本体,20261,2,,,5382,はい,2026-02-23以降,3036,3736,標準(小型),182,中小候補,GO,GO,GO,,,https://www.amazon.co.jp/dp/B0CJ4XX5R2,
A,B07VDXVJ78,WAQ アウトドアワゴン 専用 アルミロールテーブル ワゴンテーブル,WAQ(ワック),ワック(WAQ),スポーツ＆アウトドア > アウトドア > フィールドギア,40878,2,,,5031,はい,2026-02-23以降,2279,2633,大型,282,中小候補,GO,GO,見送り,FBA大型サイズ,,https://www.amazon.co.jp/dp/B07VDXVJ78,
A,B07GBDX9HD,ウミネコ UM-FB-05 ルアー バッグ エギング バッグ ウエスト ショルダー モザイク迷彩ホワイト,ウミネコ(Umineko),ウミネコ(Umineko),スポーツ＆アウトドア > 釣り > 釣り小物,20058,2,,,3180,はい,2026-02-23以降,1681,1851,標準1,282,中小候補,GO,GO,GO,,,https://www.amazon.co.jp/dp/B07GBDX9HD,
A,B0CXHKPX7W,スタンディングデスク キャスター付き 昇降デスク 4段 棚付き パソコンデスク PCデスク オフィスワークテーブル 簡単組立式 在宅ワーク,iimono117 Bandiera,iimono117 Bandiera,文房具・オフィス用品 > オフィス家具・収納 > デスク,16397,2,,,7980,はい,2026-02-23以降,4385,5387,大型,282,中小候補,GO,GO,見送り,FBA大型サイズ,,https://www.amazon.co.jp/dp/B0CXHKPX7W,
A,B074NRJ8BB,インフォポスト 「SNAP SHUT」 屋外用チラシケース A4サイズ・黒 #31050,インフォポスト,インフォポスト,文房具・オフィス用品 > 店舗・販促用品 > POP広告スタンド・取付部品,7827,2,,,2750,はい,2026-02-23以降,1487,1597,標準1,282,中小候補,GO,GO,GO,,,https://www.amazon.co.jp/dp/B074NRJ8BB,
A,B0C8NGQHLT,水漏れ防止剤 コーキング剤 300g 雨もり補修液 接着剤 修復剤 剥がれ ひび 穴 亀裂 補修 防水 汚れない 補修 作業 強力 透明 防水剤 接着剤 補修用,XWBD,XWBD,産業・研究開発用品 > 接着・補修 > 接着剤,24788,2,,,1999,はい,2026-02-23以降,1017,983,標準1,282,中小候補,GO,GO,GO,,,https://www.amazon.co.jp/dp/B0C8NGQHLT,
A,B08SQGCYSB,メニューブック ハードカバー 木目調 6ページ(3枚6面) A4 PRO-MWA4-6 (ブラウン) おしながき お品書き メニュー表 ファイル,KIPROSTAR,株式会社安吉,産業・研究開発用品 > 飲食店舗用品 > メニュー・注文・予約用品,11123,2,,,1898,いいえ,繰越(境界後の記録なし),951,897,標準1,282,中小候補,GO,GO,GO,,,https://www.amazon.co.jp/dp/B08SQGCYSB,
A,B0FXV2HRZR,モバイルバッテリー 軽量 小型 22000mAh大容量 209g超軽量 22.5W/20W急速充電 モバイルバッテリー 大容量 4本ケーブル内蔵 急速充電 携帯,IAPOS,"Shenzhen Daximen Import and Export Trading Co.,Ltd.",家電＆カメラ > 携帯電話・スマートフォン > 携帯電話・スマートフォンアクセサリ,5007,4,,,1710,はい,2026-02-23以降,929,1101,標準(小型),182,中小候補,NG,GO,見送り,回転不足(消化月数>3),,https://www.amazon.co.jp/dp/B0FXV2HRZR,
A,B08D3KCRCL,ファイテン(phiten) インソール フラットタイプ メタックス 薄型 衝撃吸収 足の負担・疲れ軽減 低反発 28~33cm 好きなサイズにカット対応 メンズ,phiten(ファイテン),phiten(ファイテン),スポーツ＆アウトドア > スポーツケア・アクセサリ・競技備品 > スポーツケア用品,11311,3,,,2887,はい,2026-02-23以降,1259,1299,標準1,282,中小候補,GO,GO,GO,,,https://www.amazon.co.jp/dp/B08D3KCRCL,
A,B0CT3YH3NP,コードレス電動卵ビーター、3スピード調整可能なハンドヘルドミニクリームミキサー、2つの混合泡立て器付き、バタージャム用充電式ハンドコーヒーミルク泡立て器ミキサー,banapoy,banapoy,ホーム＆キッチン > 家電 > キッチン家電,20199,3,,,1822,はい,2026-02-23以降,869,790,標準1,282,中小候補,GO,GO,GO,,,https://www.amazon.co.jp/dp/B0CT3YH3NP,
A,B09NLT1QHR,[ナイキ] メンズ トレーニングアンクルソックス 靴下 27-29cm XLサイズ エブリデイクッションド 3足組 男女兼用 カジュアル ウォーキング EVER,NIKE(ナイキ),,ファッション > スポーツウェア > ランニング,95491,4,,,1596,はい,2026-02-23以降,582,414,標準1,282,大手/海外疑い,NG,GO,見送り,回転不足(消化月数>3),,https://www.amazon.co.jp/dp/B09NLT1QHR,
A,B08VD8DCMQ,"スライヴ リリースシューター 「ガンタイプで狙ったポイントを自在にケア, 強力振動, 速度切替え, アタッチメント 3種類」 Release Shooter ハ",THRIVE(スライヴ),スライブ(Thrive),ホーム＆キッチン > 家電 > 健康家電,30274,2,,,4930,はい,2026-02-23以降,2229,2503,標準2,332,中小候補,GO,GO,GO,,,https://www.amazon.co.jp/dp/B08VD8DCMQ,
A,B07H8CD2ZC,ギア・クラブ アンリミテッド 2 - Switch,3goo,3goo,ゲーム > 機種別 > Nintendo Switch,9529,2,,,7742,はい,2026-02-23以降,2775,3395,標準(小型),182,中小候補,GO,GO,GO,,,https://www.amazon.co.jp/dp/B07H8CD2ZC,
A,B0GH78LP8R,[FUKUTA] ビジネスリュック メンズ【拡張機能付き＆防水設計】リュックビジネス 大容量 20-30L リュックサック 軽量 750g（ブラック）,FUKUTA,FUKUTA,ファッション > バッグ・スーツケース > リュック・バックパック,23779,2,,,3780,はい,2026-02-23以降,1980,2242,大型,282,中小候補,GO,GO,見送り,FBA大型サイズ,,https://www.amazon.co.jp/dp/B0GH78LP8R,
A,B0BJ17SLM1,エレコム 充電器 USB PD対応 45W 薄型 厚さ19mm Type-C 1ポート GaN採用 折りたたみ式プラグ Magsafe3対応 [Macbook ,エレコム(ELECOM),エレコム(ELECOM),パソコン・周辺機器 > PCアクセサリ・サプライ > ノートパソコンアクセサリ,13719,4,,,1580,はい,2026-02-23以降,845,981,標準(小型),182,大手/海外疑い,NG,GO,見送り,回転不足(消化月数>3),,https://www.amazon.co.jp/dp/B0BJ17SLM1,
A,B0CGTMYQYP,ワイヤレスイヤホン 耳掛け式 クリップヘッドホン Bluetooth 5.3 ワイヤレスイヤホン スポーツ 耳掛け,BEVCEFCC,BEVCEFCC,家電＆カメラ > イヤホン・ヘッドホン > イヤホン・ヘッドホン本体,24245,2,,,4369,はい,2026-02-23以降,2657,3547,標準(小型),182,中小候補,GO,GO,GO,,,https://www.amazon.co.jp/dp/B0CGTMYQYP,
A,B0FGJ5XXDK,犬用ハーネス 小型犬 中型犬 抜けない 散歩用ハーネス リードセット 犬用介護ハーネス 歩行補助 猫 犬 ペット毛 保存ボトル 2点セット (L:7~9kgに適,POTATO,POTATO,ペット用品 > 犬 > 首輪・ハーネス・リード,7549,2,POTATO商标已备案-商願2023-065757,メーカー直販,1780,はい,2026-02-23以降,772,662,標準1,282,中小候補,GO,GO,見送り,相乗り出品が基準未満（卸している証拠なし）,,https://www.amazon.co.jp/dp/B0FGJ5XXDK,
A,B0C93CZH1C,リッチェル(Richell) 遊べる歯がため かめ,リッチェル(Richell),リッチェル,ベビー＆マタニティ > 授乳・食事 > おしゃぶり・歯がため,5086,2,,,1549,はい,2026-02-23以降,403,293,標準(小型),182,中小候補,GO,GO,GO,,,https://www.amazon.co.jp/dp/B0C93CZH1C,
A,B0BFQN5229,洗面蛇口 洗面水栓 ホース引出し式 吐水切替 シャワー 首振り 混合 蛇口 金具 交換 キッチン シャワーヘッド シングルレバー 洗面台用 洗面所も化粧台も 台,Aoikoy,Aoikoy,DIY・工具・ガーデン > 住宅用設備・製品 > キッチン・バス備品,97958,2,,,5980,はい,2026-02-23以降,3166,3728,標準2,332,中小候補,GO,GO,GO,,,https://www.amazon.co.jp/dp/B0BFQN5229,
A,B0CB7WTBGL,ゆびストップ 指はさみ防止 赤ちゃん 日本製 賃貸 ドア じゃばら 子供 指詰め防止 フィンガーガード 指ストッパー ie-054 ホワイト ウェットティッシュ,ノーブランド品,日本ロックサービス,ベビー＆マタニティ > セーフティー > ドアロック・ストッパー,4406,2,,,3980,いいえ,繰越(境界後の記録なし),2305,2667,大型,282,中小候補,GO,GO,見送り,FBA大型サイズ,,https://www.amazon.co.jp/dp/B0CB7WTBGL,
A,B07FBCB18W,COMBI コンビ ベビーレーベル 油が落ちるエプロン バルーン (ピンク) 5ヶ月頃から対象 (スタイは2ヶ月頃から対象),Combi,コンビ,ベビー＆マタニティ > 授乳・食事 > スタイ・バープクロス,3279,5,,,1650,はい,2026-02-23以降,825,845,標準(小型),182,中小候補,NG,GO,見送り,回転不足(消化月数>3),,https://www.amazon.co.jp/dp/B07FBCB18W,
A,B0058LSWV0,エレコム パソコンバック ビジネスバッグキャリングバッグ A4対応 衝撃吸収 ZEROSHOCK スリムコンパクト ZSB-BM006NBK,エレコム(ELECOM),エレコム(ELECOM),パソコン・周辺機器 > PCアクセサリ・サプライ > ノートパソコンアクセサリ,10087,5,,,4782,はい,2026-02-23以降,2090,2642,標準1,282,大手/海外疑い,NG,GO,見送り,回転不足(消化月数>3),,https://www.amazon.co.jp/dp/B0058LSWV0,
A,B0DCKPP995,LUMINTOP小型軽量 LED フラッシュライト多機能LED懐中電灯 760ルーメン 防水 IP68 アウトドア／緊急用 (銀狐-ホワイト),LUMINTOP,LUMINTOP,スポーツ＆アウトドア > アウトドア > ライト・ランタン,13510,2,,,2493,はい,2026-02-23以降,1258,1411,標準(小型),182,中小候補,GO,GO,GO,,,https://www.amazon.co.jp/dp/B0DCKPP995,
A,B0G12KLL77,[iface] BeBling 2 ショルダーストラップ (ブルー),iface,,家電＆カメラ > 携帯電話・スマートフォン > 携帯電話・スマートフォンアクセサリ,19258,3,Hamee(ハミィ) / ヒロセブン / 株式会社コジマ,,3200,はい,2026-02-23以降,1826,2370,標準(小型),182,中小候補,GO,GO,GO,,,https://www.amazon.co.jp/dp/B0G12KLL77,
A,B08TR36N7H,FIELDOOR テントポール 3本連結セット 165cm 【ブラック】 ペグ＆ロープ付 分割式 タープ キャノピー キャンプ,FIELDOOR(フィールドア),コンポジット,スポーツ＆アウトドア > アウトドア > テント,25970,2,,,1900,はい,2026-02-23以降,953,899,大型,282,中小候補,GO,GO,見送り,FBA大型サイズ,,https://www.amazon.co.jp/dp/B08TR36N7H,
A,B098Q3NB62,3本セット エバポレーター洗浄用 カーエアコン洗浄 スーパージェットマックス ガソリン車用スーパーJET MAX 79615,ネットステージ,ネットステージ,車＆バイク > カーパーツ > 吸気・排気パーツ,1170,3,,,4300,はい,2026-02-23以降,2513,2939,標準1,282,中小候補,GO,GO,GO,,,https://www.amazon.co.jp/dp/B098Q3NB62,
A,B0DGL6JR27,アーウィン (Arwin) DVDプレーヤー 小型 HDMI対応 CPRM対応 CD再生 コンパクト テレビ接続 AV/HDMIケーブル付,iimono117,iimono117,家電＆カメラ > ポータブルオーディオ > ポータブルDVD・ブルーレイプレーヤー,10197,2,,,4280,はい,2026-02-23以降,2305,2945,標準1,282,中小候補,GO,GO,GO,,,https://www.amazon.co.jp/dp/B0DGL6JR27,
A,B0DQCLNJ4R,アイリスオーヤマ 極太強力伸縮棒 つっぱり棒 極太 最大耐荷重50㎏ 伸縮幅170-280㎝ 物干し 部屋干し 室内干し デッドスペース 収納 H-GBJ-28,アイリスオーヤマ(IRIS OHYAMA),アイリスオーヤマ(IRIS OHYAMA),ホーム＆キッチン > 収納用品 > つっぱり棒・つっぱり棚,51566,2,,,3334,はい,2026-02-23以降,1343,1409,大型,282,大手/海外疑い,GO,GO,見送り,FBA大型サイズ,,https://www.amazon.co.jp/dp/B0DQCLNJ4R,
A,B07F6CTK1Y,C&G（シーアンドジ―） ホワイトテープ (50mm×12m 24本入り),C&G,C&G(シーアンドジ―),スポーツ＆アウトドア > スポーツケア・アクセサリ・競技備品 > スポーツケア用品,16129,2,,,5600,はい,2026-02-23以降,3235,3818,標準2,332,中小候補,GO,GO,GO,,,https://www.amazon.co.jp/dp/B07F6CTK1Y,
A,B0BLGTQ9YD,ホリゾン(Horizon) シルクスクリーン印刷 シルクスクリーンインク リッチ きん 100g 101114258,HANDO,ホリゾン(Horizon),ホビー > 手芸・画材 > 描画・絵画,39263,4,,,1646,はい,2026-02-23以降,543,476,標準(小型),182,中小候補,NG,GO,見送り,回転不足(消化月数>3),,https://www.amazon.co.jp/dp/B0BLGTQ9YD,
A,B0BXWWBRYZ,イガラシ スウィートサマーウキワ100cm ロープ付 RLB-106V,イガラシ(Igarashi),イガラシ(Igarashi),おもちゃ > アクション・スポーツトイ > プール・水遊び,16292,3,,,2480,はい,2026-02-23以降,1005,967,標準1,282,中小候補,GO,GO,見送り,Amazon本体あり(availabilityAmazon=0),,https://www.amazon.co.jp/dp/B0BXWWBRYZ,
A,B075952X18,W300 145/80R12 80/78N,ブリヂストン(BRIDGESTONE),ブリヂストン(BRIDGESTONE),車＆バイク > カータイヤ・ホイール > タイヤ,6442,4,,,5500,はい,2026-02-23以降,3293,3959,大型,282,中小候補,NG,GO,見送り,FBA大型サイズ / 回転不足(消化月数>3),,https://www.amazon.co.jp/dp/B075952X18,
A,B01NCIPGG5,GORIX(ゴリックス) 自転車用工具 チェーンキーパー クイック式 自転車 [ チェーン固定用 洗車 輪行 メンテナンス ロードバイク クロスバイク] (13,GORIX(ゴリックス),GORIX(ゴリックス),スポーツ＆アウトドア > 自転車 > メンテナンス用品,15533,2,,,2399,はい,2026-02-23以降,1017,983,標準1,282,中小候補,GO,GO,GO,,,https://www.amazon.co.jp/dp/B01NCIPGG5,
A,B075F7DT43,バイオハザード リベレーションズ アンベールド エディション,カプコン(CAPCOM),カプコン,ゲーム > 機種別 > Nintendo Switch,12494,2,,,6462,はい,2026-02-23以降,3855,4808,標準(小型),182,中小候補,GO,GO,GO,,,https://www.amazon.co.jp/dp/B075F7DT43,
A,B00UMQ5TOY,リキテックス アクリル絵具 リキテックス グロスバーニッシュ 240ml,Liquitex,リキテックス(Liquitex),ホビー > 手芸・画材 > 描画・絵画,14324,3,,,2618,はい,2026-02-23以降,1062,1042,標準1,282,中小候補,GO,GO,GO,,,https://www.amazon.co.jp/dp/B00UMQ5TOY,
A,B01BE8MZ5E,カシオ スタンダード電卓 計算チェック検算 ミニジャストタイプ 12桁 MJ-120W-N,CASIO(カシオ),CASIO(カシオ),文房具・オフィス用品 > オフィス機器 > 電卓,10514,3,,,2980,はい,2026-02-23以降,1199,1334,標準(小型),182,大手/海外疑い,GO,GO,GO,,,https://www.amazon.co.jp/dp/B01BE8MZ5E,
A,B0G5XNW661,Aliliy電気ケトル ポータブル トラベルケトル 500ml大容量 316ステンレス 海外対応 温度調節 保温保冷 400W省エネ 小型 浅ベージュ,Aliliy,Aliliy,ホーム＆キッチン > 家電 > キッチン家電,9346,3,,,7201,はい,2026-02-23以降,4398,5404,標準1,282,中小候補,GO,GO,GO,,,https://www.amazon.co.jp/dp/B0G5XNW661,
A,B0CL9G3V7D,カインズ(CAINZ) Pet’sOne ドッグミール 8kg 小粒 ドライフード 成犬用 ユッカ抽出エキス ビートパルプ配合 ドッグフード,カインズ,カインズ,ペット用品 > 犬 > ドッグフード,3049,2,,,2780,はい,2026-02-23以降,745,627,不明,282,中小候補,GO,GO,GO,,,https://www.amazon.co.jp/dp/B0CL9G3V7D,
A,B01ARF2V7M,デオシート 消臭フレグランス フローラルシャボンの香り ワイド 64枚,デオシート,ユニチャーム,ペット用品 > 犬 > トイレ・衛生用品,33141,4,,,3400,はい,2026-02-23以降,1655,1817,大型,282,中小候補,NG,GO,見送り,FBA大型サイズ / 回転不足(消化月数>3),,https://www.amazon.co.jp/dp/B01ARF2V7M,
A,B08RB4V5HX,VIPER DESIGN プラモデル エアブラシ 塗装 セット (塗装ベース 塗装棒 スポイト 計量カップ セット),VIPER DESIGN,,ホビー > プラモデル・模型 > ホビー用工具・塗装・材料,6002,2,,,1618,はい,2026-02-23以降,869,903,標準(小型),182,中小候補,GO,GO,GO,,,https://www.amazon.co.jp/dp/B08RB4V5HX,
A,416390557X,直撃 本田圭佑 (Sports Graphic Number),文藝春秋,文藝春秋,本 > ジャンル別 > 文学・評論,70015,4,,,4147,はい,2026-02-23以降,647,499,標準1,282,中小候補,NG,GO,見送り,回転不足(消化月数>3),,https://www.amazon.co.jp/dp/416390557X,
A,4422414429,Scratch 3.0対応版 10才からはじめるゲームプログラミング図鑑: スクラッチでたのしくまなぶ,創元社,創元社,本 > ジャンル別 > 絵本・児童書,293398,6,,,4380,はい,2026-02-23以降,1659,1822,標準1,282,中小候補,NG,GO,見送り,回転不足(消化月数>3),,https://www.amazon.co.jp/dp/4422414429,
A,B0DTG7YR3W,MotHeart スタンド滑り止めプレート 対応 Rebel 1100 (CMX1100) 2021-2026 (レッド),MotHeart,,車＆バイク > バイクパーツ > バイク外装パーツ,31732,2,,,2500,はい,2026-02-23以降,1426,1631,標準(小型),182,中小候補,GO,GO,GO,,,https://www.amazon.co.jp/dp/B0DTG7YR3W,
A,B074NX6C62,インフォポスト 「SNAP SHUT」 屋外用チラシケース A4サイズ・白 #31060 ホワイト,インフォポスト,インフォポスト,文房具・オフィス用品 > 店舗・販促用品 > POP広告スタンド・取付部品,7827,2,,,2750,はい,2026-02-23以降,1487,1597,標準1,282,中小候補,GO,GO,GO,,,https://www.amazon.co.jp/dp/B074NX6C62,
A,B0C375946L,KUNGKIC トヨタ GR86 ZN8 スバル BRZ ZD8 2021 2022 2023 2024 2025 専用設計 アルミニウム合金 エアコン 吹き出,KUNGKIC,KUNGKIC Auto,車＆バイク > カーパーツ > 内装パーツ,25665,2,,,2499,はい,2026-02-23以降,1426,1630,標準(小型),182,中小候補,GO,GO,GO,,,https://www.amazon.co.jp/dp/B0C375946L,
A,B0DB5GDCJ7,FUNSHOWCASE ディップアートセット（ディップ液+ワイヤー+巻線ロッド+説明書) 100ml アメリカンフラワー,FUNSHOWCASE,FUNSHOWCASE,ホビー > 手芸・画材 > ビーズ・レジン・アクセサリ,7755,2,,,2499,はい,2026-02-23以降,1117,1227,標準(小型),182,中小候補,GO,GO,GO,,,https://www.amazon.co.jp/dp/B0DB5GDCJ7,
A,B0FBX3T6BG,音楽と人 2025年 08 月号 【表紙: Mrs. GREEN APPLE】 [雑誌],音楽と人,音楽と人,本 > ジャンル別 > 雑誌,89629,4,,,2110,はい,2026-02-23以降,355,117,標準1,282,大手/海外疑い,NG,GO,見送り,回転不足(消化月数>3),,https://www.amazon.co.jp/dp/B0FBX3T6BG,
A,B0BXNZKK9H,recolte レコルト コールドプレスジューサーミニ スロージューサー 低速回転 無水ジュース フローズンデザート 小型 軽量 ホワイト RCJ-1(W),récolte,ウィナーズ株式会社,ホーム＆キッチン > 家電 > キッチン家電,153299,6,,,6038,はい,2026-02-23以降,3064,3596,標準2,332,中小候補,NG,GO,見送り,回転不足(消化月数>3),,https://www.amazon.co.jp/dp/B0BXNZKK9H,
A,B0D8T8W6JK,【医療機器認証品 日本メーカー】惣田製作所 全身に使える ネックマッサージャー 首 肩 腰 お尻 太もも 脚 足 肩こり マッサージ機 温熱ヒーター内蔵 電源コ,惣田製作所,惣田製作所,ホーム＆キッチン > 家電 > 健康家電,14587,2,,,6732,はい,2026-02-23以降,4043,4876,標準2,332,中小候補,GO,GO,GO,,,https://www.amazon.co.jp/dp/B0D8T8W6JK,
A,B0DBHJC76H,BeaNet デスクライト LED 「幅101.5cm・4光源Ultra+版・無線リモコン・24W・2000Lx」多角度調節 クランプ 5段階調光調色 電気スタ,Beanet,Beanet,ホーム＆キッチン > 家電 > 照明,19542,2,,,7119,はい,2026-02-23以降,4250,5146,標準2,332,中小候補,GO,GO,GO,,,https://www.amazon.co.jp/dp/B0DBHJC76H,
A,B0CZ9MFW1D,LUMINTOP小型軽量 LED フラッシュライト多機能LED懐中電灯 760ルーメン 防水 IP68 アウトドア／緊急用 (銀狐-レッド),LUMINTOP,LUMINTOP,スポーツ＆アウトドア > アウトドア > ライト・ランタン,15073,2,,,2322,はい,2026-02-23以降,1240,1387,標準(小型),182,中小候補,GO,GO,GO,,,https://www.amazon.co.jp/dp/B0CZ9MFW1D,
A,B0F78HXDR2,ヤマハ YAMAHA クロマチックチューナー ブラック TD-19BK コンパクト 高性能 シンプル,ヤマハ(YAMAHA),ヤマハ,楽器・音響機器 > アクセサリ > チューナー,728,2,,,2860,はい,2026-02-23以降,1491,1715,標準(小型),182,中小候補,GO,GO,GO,,,https://www.amazon.co.jp/dp/B0F78HXDR2,
A,4809410765,I AM ZLATAN ズラタン・イブラヒモビッチ自伝,東邦出版,東邦出版,本 > ジャンル別 > スポーツ・アウトドア,211600,4,,,2460,はい,2026-02-23以降,1213,1239,標準1,282,中小候補,NG,GO,見送り,回転不足(消化月数>3),,https://www.amazon.co.jp/dp/4809410765,
A,B0BML8VF9V,Nobsound ミニ ステレオ アンプ 40W×2： 高音低音独立調節 ±10dB 車載/家庭兼用 155mm超小型 ブルーLED,Nobsound,Nobsound,家電＆カメラ > オーディオ > アンプ,8871,2,,,3180,はい,2026-02-23以降,1619,1975,標準1,282,中小候補,GO,GO,GO,,,https://www.amazon.co.jp/dp/B0BML8VF9V,
A,B0DBH8L5NS,Breame 調味料入れ 塩 砂糖入れ 調味料ポット 伸縮可能スプーン付き スパイスボトル 耐熱ガラス容器 湿気防止 調味料が凝集しない おしゃれ 使いやすい,Breame,Breame,ホーム＆キッチン > キッチン用品 > 保存容器,13516,2,,,1699,はい,2026-02-23以降,822,728,標準1,282,中小候補,GO,GO,GO,,,https://www.amazon.co.jp/dp/B0DBH8L5NS,
A,B0FXDXPWHS,SZJCARJP ドアノブアンダーカバー ハイエース レジアスエース 200系 4型 5型 6型 7型 8型 DX/GL H25.11～ 室外ドアハンドル ドア,SZJCARJP,SZJCARJP,車＆バイク > カーパーツ > 外装・エアロパーツ,10050,2,,,2641,はい,2026-02-23以降,1365,1437,標準1,282,中小候補,GO,GO,GO,,,https://www.amazon.co.jp/dp/B0FXDXPWHS,
A,B0F9KS5Y1H,【CDEFG】 2026年新登場 スズキ エブリイ ワゴン DA17V/DA17W ドアボックス ドアポケット 小物入れ シリコン素材 滑り止め設計 エブリィワ,CDEFG,CDEFG,車＆バイク > カーアクセサリ > 収納・ホルダー,17075,2,,,2080,はい,2026-02-23以降,934,875,標準1,282,中小候補,GO,GO,GO,,,https://www.amazon.co.jp/dp/B0F9KS5Y1H,
A,B0CKTM7JXT,[SHEAWA] for Meta Quest 3 ヘッドバンド ストラップ TPUゴム しっかりホールド 頭への負担を和らげ 頑丈 互換品 アクセサリー (ラ,SHEAWA,"Shenzhenshi Xinhuashang Leather Products Co., Ltd",ゲーム > 機種別 > VRゲーム,1753,2,,,2298,はい,2026-02-23以降,1261,1415,標準(小型),182,中小候補,GO,GO,GO,,,https://www.amazon.co.jp/dp/B0CKTM7JXT,
A,B0G6393D7L,サンワダイレクト USB-C ハブ Xreal One Pro対応 4K/60Hz フルHD/120Hz対応 PD100W 急速充電対応 microSD対応 A,サンワダイレクト,サンワダイレクト,パソコン・周辺機器 > PCアクセサリ・サプライ > USBハブ,10009,2,,,4890,はい,2026-02-23以降,2700,3608,標準(小型),182,中小候補,GO,GO,GO,,,https://www.amazon.co.jp/dp/B0G6393D7L,
A,B08WRHF3PL,電気グリル鍋 3枚プレート 深型 脱着式 ガラス蓋 3～4人用 鍋深さ7.5cm 1300W [深なべ・グリル・たこ焼 プレート3枚付き] グリル鍋 電気鍋 2,ROOMMATE,ROOMMATE,ホーム＆キッチン > 家電 > キッチン家電,58584,2,,,6999,いいえ,繰越(境界後の記録なし),4217,5103,標準2,332,中小候補,GO,GO,GO,,,https://www.amazon.co.jp/dp/B08WRHF3PL,
A,B072KCRPPN,TAVARUA (タバルア) スイム ウェア ソフナー in シャンプー 250ml 日本製 洗浄剤 柔軟剤 ダブル効果 1本 2役 水着 洗濯用 汚れ 消臭 ,TAVARUA(タバルア),DUKE INTERNATIONAL,スポーツ＆アウトドア > マリンスポーツ > サーフィン・ボディボード,16008,2,,,1650,いいえ,繰越(境界後の記録なし),790,686,標準1,282,中小候補,GO,GO,GO,,,https://www.amazon.co.jp/dp/B072KCRPPN,
A,B097RZCXLM,[ナイキ] キャニオン CANYON オフノワール/ブラック/パールホワイト/オレンジチョーク DM6439-045 27.0cm 日本国内正規品,NIKE(ナイキ),,ファッション > メンズ > シューズ,56191,4,,,6896,はい,2026-02-23以降,2383,2769,標準1,282,大手/海外疑い,NG,GO,見送り,回転不足(消化月数>3),,https://www.amazon.co.jp/dp/B097RZCXLM,
A,B0FLVW6WHP,"Towane ペットのお棺＆お布団セット やすら家 段ボール ダンボール 柩 棺桶 ペットお葬式 小型犬 猫 防水シート付(胡蝶蘭, 小)",Towane,Towane,ペット用品 > 犬 > メモリアル用品,15262,2,,,5480,いいえ,繰越(境界後の記録なし),3280,3942,大型,282,中小候補,GO,GO,見送り,FBA大型サイズ,,https://www.amazon.co.jp/dp/B0FLVW6WHP,
A,B08M6B7RJ8,ヴィクタス(Victas) (VICTAS) 卓球 練習球 VP40+ トレーニングボール 10ダース入り ホワイト 015600,ヴィクタス(VICTAS),ヴィクタス(Victas),スポーツ＆アウトドア > 卓球 > ボール,43621,3,,,6200,はい,2026-02-23以降,3173,3802,標準1,282,中小候補,GO,GO,GO,,,https://www.amazon.co.jp/dp/B08M6B7RJ8,
A,B0DJNZV7Y7,GHDVOP bluetooth 5.0 猫耳ヘッドホン ねこみみヘッドセット ヘッドホン ワイヤレスヘッドフォン ゲーミングヘッドセット LED付き 猫耳 7,GHDVOP,GHDVOP,パソコン・周辺機器 > PCアクセサリ・サプライ > PCゲーミングアクセサリ,25742,2,,,3699,はい,2026-02-23以降,1511,1822,標準1,282,中小候補,GO,GO,GO,,,https://www.amazon.co.jp/dp/B0DJNZV7Y7,
A,B06XWHTF1M,マクセル カセットテープ(90分/10巻パック) UR-90M 10P,Maxell,Maxell(マクセル),家電＆カメラ > オーディオ > ホームオーディオアクセサリ,16665,5,,,4000,はい,2026-02-23以降,2305,2945,標準1,282,中小候補,NG,GO,見送り,回転不足(消化月数>3),,https://www.amazon.co.jp/dp/B06XWHTF1M,
A,B0DVC1FY7B,[コロンビア] ワイルドウッド ポーチ PU2613 ワンサイズ ブラック,Columbia(コロンビア),Columbia(コロンビア),ファッション > メンズ > バッグ・財布,78959,5,,,3411,はい,2026-02-23以降,1508,1738,標準(小型),182,中小候補,NG,GO,見送り,回転不足(消化月数>3),,https://www.amazon.co.jp/dp/B0DVC1FY7B,
A,B081GD4L4P,G3/8」水ポンプ、220V水ポンプ圧力スイッチ自動水ポンプ圧力スイッチコントローラー、熱湯および冷水自動ポンプ、他の家族の後押しポンプ、パイプラインポンプ、等,Jectse,Jectse,産業・研究開発用品 > 空圧・油圧・配管 > ポンプ・アクセサリ,34521,2,,,1956,はい,2026-02-23以降,648,614,標準(小型),182,中小候補,GO,GO,GO,,,https://www.amazon.co.jp/dp/B081GD4L4P,
A,B0BBZZFT1L,超リアル ブリ ヒラマサ 真鯛 BIG ぬいぐるみ クッション 釣り ジギング タイ 人形 おもちゃ 魚 青物 ディスプレイ 約80cm (ブリ/ヒラマサ),キャラクター,キャラクター,おもちゃ > ぬいぐるみ > ぬいぐるみ枕・クッション,14282,3,,,3570,はい,2026-02-23以降,2038,2318,標準1,282,中小候補,GO,GO,GO,,,https://www.amazon.co.jp/dp/B0BBZZFT1L,
A,B0CDJW87P2,[ｋｏｎｔｅｘ] 【コンテックス】シュエット ＜46272-001＞スタイ 今治タオルブランド認定商品 よだれかけ ビブ エプロンスタイ 綿100% 柔らかい ,ｋｏｎｔｅｘ,,ベビー＆マタニティ > 授乳・食事 > スタイ・バープクロス,4130,3,,,1795,はい,2026-02-23以降,746,629,標準1,282,中小候補,GO,GO,GO,,,https://www.amazon.co.jp/dp/B0CDJW87P2,
A,B096P9MTTP,[Yino] （イノ） トートバッグ かごバッグ レディース ハンドバッグ 草編み レジャーバッグ シンプル かばん 手提げ ハンドバッグ 小型 カジュアル お,Yino,,ファッション > レディース > バッグ・財布,19295,2,,,1690,はい,2026-02-23以降,805,706,標準1,282,中小候補,GO,GO,GO,,,https://www.amazon.co.jp/dp/B096P9MTTP,
A,B0FPB7G2G4,キッズテント 子供用テント 室内外用 プレイハウス 秘密基地 お姫様 城 おもちゃ小屋 誕生日プレゼント 男の子 女の子 幼児 子供遊び用テント (きいろ),JOMEARCRENG,JOMEARCRENG,おもちゃ > アクション・スポーツトイ > キッズテント,8513,2,,,3099,はい,2026-02-23以降,1530,1653,大型,282,中小候補,GO,GO,見送り,FBA大型サイズ,,https://www.amazon.co.jp/dp/B0FPB7G2G4,
A,B0BX34CV6C,[ぎんやんま] 扇子 メンズ デニム扇子 岡山産デニム 日本製 高級布扇子 男性 ユニセックス 西川庄六商店 ラッピング済,ぎんやんま,,ファッション > メンズ > 服＆ファッション小物,76301,2,,,7920,はい,2026-02-23以降,4866,6016,標準1,282,中小候補,GO,GO,GO,,,https://www.amazon.co.jp/dp/B0BX34CV6C,
A,B08DDF2MSX,シャンティと七人のセイレーン -Switch,オーイズミ・アミュージオ,オーイズミ・アミュージオ,ゲーム > 機種別 > Nintendo Switch,12561,3,,,4999,はい,2026-02-23以降,2418,2928,標準(小型),182,中小候補,GO,GO,GO,,,https://www.amazon.co.jp/dp/B08DDF2MSX,
A,B0D37CDTM9,Cardboard Gold PSA鑑定品用スリーブ PSAロゴ入り 50枚 (1),ノーブランド品,Cardboard Gold,ホビー > コレクションカード・アクセサリ > カードサプライ・アクセサリ,7645,2,,,2400,いいえ,繰越(境界後の記録なし),1378,1568,標準(小型),182,中小候補,GO,GO,GO,,,https://www.amazon.co.jp/dp/B0D37CDTM9,
A,B09RSJWFLW,スッキーリ!Sukki-ri! コルク+スティック ピュリチャー 「せせらぎのそばで」 リードディフューザー グリーンフローラル調の香り 100ml,スッキーリ!,アース製薬,ホーム＆キッチン > インテリア > ホームフレグランス,70162,6,,,1750,はい,2026-02-23以降,686,550,標準1,282,中小候補,NG,GO,見送り,回転不足(消化月数>3),,https://www.amazon.co.jp/dp/B09RSJWFLW,
A,B081SZY298,エレコム 中性紙 A4 250枚 長期保存 [劣化しにくい中世和紙使用] 日本製 EJK-BWA4250,エレコム(ELECOM),エレコム(ELECOM),ホビー > 手芸・画材 > クラフト・工芸,78567,4,,,2900,はい,2026-02-23以降,875,797,標準1,282,大手/海外疑い,NG,GO,見送り,回転不足(消化月数>3),,https://www.amazon.co.jp/dp/B081SZY298,
A,B07B8DCDHG,サギサカ(SAGISAKA) サイクルレイン リュック背負える L GY 50809 50809,サギサカ(SAGISAKA),サギサカ(SAGISAKA),ベビー＆マタニティ > キャリア・アクセサリ > ハイキングバックパック,9825,5,,,2464,はい,2026-02-23以降,1005,967,標準1,282,中小候補,NG,GO,見送り,回転不足(消化月数>3),,https://www.amazon.co.jp/dp/B07B8DCDHG,
A,B0DMDT4M4Q,【国内正規品】Keychron JISレイアウト用 Double Shot PBT OSAキーキャップ・フルセット (Gray and Light Blue),Keychron,Keychron,パソコン・周辺機器 > キーボード・マウス・入力機器 > パソコン用キーボード,9448,2,,,5192,はい,2026-02-23以降,2755,3583,標準1,282,中小候補,GO,GO,GO,,,https://www.amazon.co.jp/dp/B0DMDT4M4Q,
A,B07ZHJ9XHB,ブリーフィング BRIEFING ラウンド小物 B SERIES マグネットマーカー ブラック,BRIEFING(ブリーフィング),ブリーフィング(BRIEFING),スポーツ＆アウトドア > ゴルフ > ラウンド用品,52939,6,,,3850,はい,2026-02-23以降,2320,2800,標準(小型),182,中小候補,NG,GO,見送り,回転不足(消化月数>3),,https://www.amazon.co.jp/dp/B07ZHJ9XHB,
A,B0G8HM22BN,Hanako(ハナコ) 2026年 3月号[スイーツ予想図2026/Aぇ! group],マガジンハウス,マガジンハウス,本 > ジャンル別 > ノンフィクション,142851,3,,,1595,はい,2026-02-23以降,425,209,標準1,282,中小候補,GO,GO,GO,,,https://www.amazon.co.jp/dp/B0G8HM22BN,
A,B0FC2LSRRG,【絶好音質】ワイヤレスイヤホン Bluetoothイヤホン イヤホン Bluetooth5.4 hi-fi音質 AAC ダブルマイクENCノイズキャンセリング ,Safigor,Safigor,家電＆カメラ > イヤホン・ヘッドホン > イヤホン・ヘッドホン本体,17514,4,,,2490,はい,2026-02-23以降,1436,1818,標準(小型),182,中小候補,NG,GO,見送り,回転不足(消化月数>3),,https://www.amazon.co.jp/dp/B0FC2LSRRG,
A,B01F88YP86,Enjoy Blu-ray｜DVD・ブルーレイ再生ソフト｜Windows,SOURCENEXT,ソースネクスト,PCソフト > ジャンル別 > 画像・映像制作,761,5,,,4800,はい,2026-02-23以降,2439,2956,標準(小型),182,中小候補,NG,GO,見送り,回転不足(消化月数>3),,https://www.amazon.co.jp/dp/B01F88YP86,
A,B0CQ29HKXD,【KWQKEM】タオルリング タオル掛け おしゃれ タオルホルダー タオルハンガー 180°回転 シンプルモダン ステンレス 壁掛け 収納 トイレ・ 洗面所 ・,KWQKEM,Longgaoshop,DIY・工具・ガーデン > 住宅用設備・製品 > トイレ用設備,11151,2,,,1599,はい,2026-02-23以降,575,405,標準1,282,中小候補,GO,GO,GO,,,https://www.amazon.co.jp/dp/B0CQ29HKXD,
A,B0G11ZC22V,サミー Sammy PUSH ボタン サウンドマスコット セブンフラッシュ 角型 ゴールドVer.,Pエンタメストア,Ｊドリーム,ホビー > 遊技機器 > パチスロ,3490,6,,,1850,はい,2026-02-23以降,955,1015,標準(小型),182,中小候補,NG,GO,見送り,回転不足(消化月数>3),,https://www.amazon.co.jp/dp/B0G11ZC22V,
A,B0B5WQL9YN,精霊馬 ミニ お盆飾り かわいい クリスタル精霊馬 ガラス 木製台つき (クリアカラー) [FUN fun],FUN fun,FUN fun,ホーム＆キッチン > 仏具・神具 > 具足・仏具セット,77546,2,,,4200,はい,2026-02-23以降,2275,2741,標準(小型),182,中小候補,GO,GO,GO,,,https://www.amazon.co.jp/dp/B0B5WQL9YN,
A,B0DKHVSL25,ラスタバナナ ケース カバー iPhone15 14 13 共用 ハイブリッド 猫耳 mimi MagSafe対応 MIL規格 ブラック 8346IP361HP,ラスタバナナ,テレホンリース,家電＆カメラ > 携帯電話・スマートフォン > 携帯電話・スマートフォンアクセサリ,22839,2,,,2945,はい,2026-02-23以降,1732,2237,標準(小型),182,中小候補,GO,GO,GO,,,https://www.amazon.co.jp/dp/B0DKHVSL25,
A,B09Q8LJ1MC,Niteangel ウォーターボトル ハムスター、ウサギ、ジェルビル、モルモット、チンチラなどの小動物用の水ボトル、ペット用飲み物ディスペンサー120ml (ク,Niteangel,Niteangel,ペット用品 > 小動物 > 餌やり・水やり用品,8944,2,,,2766,はい,2026-02-23以降,1497,1611,標準1,282,中小候補,GO,GO,GO,,,https://www.amazon.co.jp/dp/B09Q8LJ1MC,
A,B07WYXD3NS,ニッソー SQポンプ SQ-15SK M サイズ,ニッソー,ニッソー,ペット用品 > 水生ペット > 水槽のアクセサリ,18101,4,,,7300,はい,2026-02-23以降,4415,5426,標準1,282,中小候補,NG,GO,見送り,回転不足(消化月数>3),,https://www.amazon.co.jp/dp/B07WYXD3NS,
A,B0DH84FHYV,PhotoDirector 2025 Ultra 通常版 | 画像写真編集ソフト | 色調補正 | AI機能搭載 | 永続ライセンス | Windows対応,CyberLink,サイバーリンク,PCソフト > ジャンル別 > 画像・映像制作,879,3,,,7300,はい,2026-02-23以降,4086,4996,標準1,282,中小候補,GO,GO,GO,,,https://www.amazon.co.jp/dp/B0DH84FHYV,
A,B0F2SNMJ1L,プロジェクター 小型 家庭用 天井投影 1080P対応 27000LM 電動フォーカス 自動台形補正 360°回転スタンド WiFi6 Bluetooth5.4,JOWLURK,JOWLURK,家電＆カメラ > テレビ・レコーダー > ホームプロジェクター,15536,2,,,6999,はい,2026-02-23以降,3762,4949,標準2,332,中小候補,GO,GO,GO,,,https://www.amazon.co.jp/dp/B0F2SNMJ1L,
A,B0D46FFJDK,サンワサプライ(Sanwa Supply) Bluetooth リングマウス3 MA-BTRING3BK,サンワサプライ(Sanwa Supply),サンワサプライ,パソコン・周辺機器 > キーボード・マウス・入力機器 > マウス,17324,4,,,5500,はい,2026-02-23以降,2600,3465,標準(小型),182,中小候補,NG,GO,見送り,回転不足(消化月数>3),,https://www.amazon.co.jp/dp/B0D46FFJDK,
A,B0FSZK73XY,車用アームレスト新型ヤリス用 センターコンソール用,ノーブランド品,YJYWZH,車＆バイク > カーアクセサリ > 収納・ホルダー,15858,2,YJYWZH auto,,3899,はい,2026-02-23以降,2112,2350,標準2,332,中小候補,GO,GO,見送り,相乗り出品が基準未満（卸している証拠なし）,,https://www.amazon.co.jp/dp/B0FSZK73XY,
A,B0D96BBZZ7,CME TRS MIDIケーブル 4本セット 90cm TRS Type A-5ピンDIN 薄型L型プラグ シンセサイザー ペダルボード向け,CME,CME,楽器・音響機器 > DTM・DAW > MIDIケーブル,1950,2,,,4799,はい,2026-02-23以降,2772,3392,標準(小型),182,中小候補,GO,GO,GO,,,https://www.amazon.co.jp/dp/B0D96BBZZ7,
A,B0FJG966X8,草刈り機 替え刃 シュレッダーブレード 草刈機 替刃 2枚刃 農業 園芸 芝刈機 310x25.4mm 2個セット,JDGHALU,,DIY・工具・ガーデン > ガーデン > 農業・園芸用機器,25846,2,,,1599,はい,2026-02-23以降,705,575,標準1,282,中小候補,GO,GO,GO,,,https://www.amazon.co.jp/dp/B0FJG966X8,
A,B0CYPSD477,ダイヤルタイマー 11時間 ダイヤル タイマー ホワイト コンセント直結式 カウントダウン式 節電対策 自動 簡単操作 消し忘れ防止 電源オンオフ コンセント ,ANPEI-ELEC,ANPEI-ELEC,DIY・工具・ガーデン > 電設 > タイマー,18506,2,,,1641,はい,2026-02-23以降,884,922,標準(小型),182,中小候補,GO,GO,GO,,,https://www.amazon.co.jp/dp/B0CYPSD477,
A,B0FW4VK7XC,[デルフォニックス] ロルバーンフリーダイアリー Moji L（B（宝物））,Delfonics,DELFONICS(デルフォニックス),文房具・オフィス用品 > 手帳・カレンダー > 手帳,8585,2,,,1595,はい,2026-02-23以降,621,465,標準1,282,中小候補,GO,GO,GO,,,https://www.amazon.co.jp/dp/B0FW4VK7XC,
A,B019F0UIJS,ProTOOLs オイルドレンタンク 4L オイルストレージ 持ち運び対応 オイルトレー オイル交換用 TOOL585,Pro TOOLs,ProTOOLs(プロツールス),車＆バイク > 自動車整備工具 > 燃料・オイル用ツール,16899,2,,,2830,はい,2026-02-23以降,1373,1448,不明,282,中小候補,GO,GO,GO,,,https://www.amazon.co.jp/dp/B019F0UIJS,
A,B0FD3PCQKH,shobido 粧美堂 ちいかわ 吸水マルチケース トラベルシリーズ chiikawa バッグ 内側が吸水生地 (モモンガ),SHOBIDO(ショービドー),粧美堂株式会社,ホーム＆キッチン > 旅行用品 > 旅行用品･旅行小物,23709,3,,,2400,はい,2026-02-23以降,490,293,標準1,282,中小候補,GO,GO,GO,,,https://www.amazon.co.jp/dp/B0FD3PCQKH,
A,4902222485,殻を破れば生まれ変われるかもしれない,アチーブメント出版,アチーブメントシュッパン,本 > ジャンル別 > ビジネス・経済,143548,5,,,2700,はい,2026-02-23以降,1050,1139,標準(小型),182,中小候補,NG,GO,見送り,回転不足(消化月数>3),,https://www.amazon.co.jp/dp/4902222485,
A,B0F4N4CZ52,【2026新登場 100段階強風 1秒切替】 ハンディファン 携帯扇風機 小型 強力 3way 手持ち 首掛け 卓上 159g 軽量 ハンドクーラー 暑さ対策 ,KMJ,KMJ,ホーム＆キッチン > 家電 > 空調・季節家電,17902,2,,,1999,はい,2026-02-23以降,1117,1227,標準(小型),182,中小候補,GO,GO,GO,,,https://www.amazon.co.jp/dp/B0F4N4CZ52,
A,B08QCHFVDR,GORIX(ゴリックス) 自転車用工具 チェーンキーパー スルーアクスル 自転車 リア 142mm ダミーローター付き ロードバイク ディスクタイプ (GX-E,GORIX(ゴリックス),GORIX(ゴリックス),スポーツ＆アウトドア > 自転車 > メンテナンス用品,15533,2,,,2249,はい,2026-02-23以降,1198,1333,標準(小型),182,中小候補,GO,GO,GO,,,https://www.amazon.co.jp/dp/B08QCHFVDR,
A,B0CCNDJSFP,アイウィス(IWISS) 太陽光 ソーラーパネル MC4ソーラー 圧着 コネクタ組立 工具 セット 2/3.5/5.5mm2対応 Solar PV Kit Ec,IWISS,"ZHEJIANG IWISS ELECTRIC CO.,LTD",DIY・工具・ガーデン > 作業工具 > カッター,30542,2,,,3680,はい,2026-02-23以降,2110,2412,標準1,282,中小候補,GO,GO,GO,,,https://www.amazon.co.jp/dp/B0CCNDJSFP,
A,4777228274,2025大学入学共通テスト過去問レビュー 国語 (河合塾SERIES),河合出版,河合出版,本 > ジャンル別 > 教育・学参・受験,279282,4,,,2450,はい,2026-02-23以降,1310,1366,標準1,282,中小候補,NG,GO,見送り,回転不足(消化月数>3),,https://www.amazon.co.jp/dp/4777228274,
A,B0DBPPQ9XY,TAMATOSHI インテリア ハンガーラック 片斜め 傾斜 スリム 省スペース 頑丈 玄関 店舗用 オフィス メンズ レディース グレージュ,TAMATOSHI（タマトシ）,TAMATOSHI（タマトシ）,ホーム＆キッチン > 家具 > 収納家具,52248,2,,,5206,はい,2026-02-23以降,3039,3627,大型,282,中小候補,GO,GO,見送り,FBA大型サイズ,,https://www.amazon.co.jp/dp/B0DBPPQ9XY,
A,B0BYMN73SS,トゥルムランタンミニ ゴールド＆コーヒーウォーマーキャンドル 6個（J8030030GO＋B77980010）,ノーブランド品,ノーブランド品,スポーツ＆アウトドア > アウトドア > ライト・ランタン,23575,2,,,2890,はい,2026-02-23以降,1577,1715,標準1,282,中小候補,GO,GO,GO,,,https://www.amazon.co.jp/dp/B0BYMN73SS,
A,B0FRYXT6TN,【デスクが広がる×組立3分】モニター台 卓上 モニタースタンド パソコン台 幅50cm×奥行20cm 60日保証付き ディスプレイ台 収納 (ホワイト),WAYetTO,WAYetTO,パソコン・周辺機器 > PCアクセサリ・サプライ > モニターアクセサリ,8941,2,,,2355,はい,2026-02-23以降,1069,1196,大型,282,中小候補,GO,GO,見送り,FBA大型サイズ,,https://www.amazon.co.jp/dp/B0FRYXT6TN,
A,B0DBH1P1P6,[ミキハウス ホットビスケッツ] バスポンチョギフトセット 男の子 女の子 ベビー 子供服 出産祝い ベビーギフト 【BOX付き】 ピンク サイズなし 70-8,MIKIHOUSE HOT BISCUITS,株式会社ミキハウストレード,ベビー＆マタニティ > 出産祝い・ギフト・メモリアル > ギフトセット,5885,3,,,5500,はい,2026-02-23以降,3185,3818,標準1,282,中小候補,GO,GO,GO,,,https://www.amazon.co.jp/dp/B0DBH1P1P6,
A,B0G12Z7WZY,[ニューエラ] ゴルフ ヘッドカバー MLB SDバーントウッド ONE SIZE GF HEAD COVER SADPAD BWOO,NEW ERA(ニューエラ),ニューエラ,スポーツ＆アウトドア > ゴルフ > アクセサリ,18894,2,,,5720,いいえ,2026-02-23以降,2821,3341,標準1,282,中小候補,GO,GO,GO,,,https://www.amazon.co.jp/dp/B0G12Z7WZY,
A,B0D2HC2XYG,seathestars タイムカードラック icカード ホルダー IDカードラック 壁掛け 立て掛け 壁掛け シール 取付ネジ付き カードホルダー,Ｓｅａ　ｔｈｅ　Ｓｔａｒｓ,seathestars,文房具・オフィス用品 > オフィス機器 > タイムカード用品,6255,2,,,5160,はい,2026-02-23以降,3005,3582,標準1,282,中小候補,GO,GO,GO,,,https://www.amazon.co.jp/dp/B0D2HC2XYG,
A,B077VGZVX8,マリメッコ marimekko エプロン ピエニ ウニッコ ホワイト×レッド 64161 001 64161 001 [並行輸入品],marimekko(マリメッコ),marimekko (マリメッコ),ホーム＆キッチン > キッチン用品 > エプロン・キッチンファブリック,16716,5,,,5280,はい,2026-02-23以降,2921,3473,標準1,282,中小候補,NG,GO,見送り,回転不足(消化月数>3),,https://www.amazon.co.jp/dp/B077VGZVX8,
A,B09LHK7DHL,【日本精機】 CO2Lamp CO2センサー 黒 二酸化炭素測定器･濃度計･検出器 CO2濃度 アラーム付 高精度測定器 国内生産 日本製 卓上型,日本精機,日本精機,DIY・工具・ガーデン > 安全・セキュリティ > 防火,18531,5,,,5610,はい,2026-02-23以降,3464,4296,標準(小型),182,中小候補,NG,GO,見送り,回転不足(消化月数>3),,https://www.amazon.co.jp/dp/B09LHK7DHL,
A,B0CSFTXX74,moz モズ karuiiトートトートバッグ Mサイズ レディース 小さめ 通勤 軽量 撥水 はっ水 ミニ ミニトート バッグ トート 自立 無地 収納 ポケッ,moz(モズ),アカツキコーポレーション㈱,ファッション > レディース > バッグ・財布,89080,5,,,2190,はい,2026-02-23以降,1045,1019,標準1,282,中小候補,NG,GO,見送り,回転不足(消化月数>3),,https://www.amazon.co.jp/dp/B0CSFTXX74,
A,B074PP3C3S,PROIDEA(プロイデア) かぶって寝るまくら IGLOO(A) 0070-3799-00 ネイビー,PROIDEA（プロイデア）,プロイデア(PROIDEA),ホーム＆キッチン > 寝具 > 枕・抱き枕,49104,3,,,8000,はい,2026-02-23以降,4814,5948,大型,282,中小候補,GO,GO,見送り,FBA大型サイズ,,https://www.amazon.co.jp/dp/B074PP3C3S,
A,B07CP44QPK,【PSVita】ザンキゼロ,スパイク・チュンソフト,スパイク・チュンソフト,ゲーム > 機種別 > レガシーシステム,12016,4,,,2700,はい,2026-02-23以降,1378,1568,標準(小型),182,中小候補,NG,GO,見送り,回転不足(消化月数>3),,https://www.amazon.co.jp/dp/B07CP44QPK,
A,B0B4RZKRVY,FSDWG ビジネスバッグ メンズ 2way A４サイズ対応 大容量 防水 人気 丈夫【正規品 】,FSD.WG,,ファッション > バッグ・スーツケース > ビジネスバッグ,31765,2,,,4788,はい,2026-02-23以降,2412,2808,標準1,282,中小候補,GO,GO,GO,,,https://www.amazon.co.jp/dp/B0B4RZKRVY,
A,B08VJ3G44B,フリーズドライ クランベリー (28g),三祐,株式会社 三祐,ペット用品 > 犬 > ドッグフード,14268,5,,,2400,はい,2026-02-23以降,1365,1551,標準(小型),182,中小候補,NG,GO,見送り,回転不足(消化月数>3),,https://www.amazon.co.jp/dp/B08VJ3G44B,
A,B0F4D311FR,ウェットティッシュケース 日産スカイライン GT-R (BNR34) (ガンメタ),CAMSHOP,CAMSHOP.JP,ホーム＆キッチン > インテリア > ティッシュケース・ホルダー,31216,2,,,6600,はい,2026-02-23以降,3965,4837,標準1,282,中小候補,GO,GO,GO,,,https://www.amazon.co.jp/dp/B0F4D311FR,
A,B0F248C4DN,オルゴ 水筒 3L ポータブルジャグ PJZ-30 大容量 6時間6度以下保冷 スポーツドリンク対応 真空断熱 アウトドア 簡単ロック 直のみ ワンタッチ開閉 ,オルゴ,オルゴ株式会社,ホーム＆キッチン > キッチン用品 > 弁当箱・水筒,4936,2,,,3401,はい,2026-02-23以降,1878,2044,標準2,332,中小候補,GO,GO,GO,,,https://www.amazon.co.jp/dp/B0F248C4DN,
A,4828532307,英語の構文150: UPGRADED 99 Lessons,,美誠社,本 > ジャンル別 > 語学・辞事典・年鑑,86347,3,采文堂書店 / 千歳書房 / 松陰 書店 / タウンズマート,,4000,はい,2026-02-23以降,603,441,標準1,282,中小候補,NG,GO,見送り,回転不足(消化月数>3),,https://www.amazon.co.jp/dp/4828532307,
A,B0CXH9SH45,【2024年モデル】 ドウシシャ 電動ふわふわとろ雪かき氷器プライム 刃の高さ調節機能付き ワイドトレイ 製氷カップ2個付き（Mサイズ） レシピ付き ブルー,ドウシシャ(DOSHISHA),ドウシシャ(DOSHISHA),ホーム＆キッチン > 家電 > キッチン家電,38977,2,,,4980,はい,2026-02-23以降,2839,3301,標準2,332,中小候補,GO,GO,GO,,,https://www.amazon.co.jp/dp/B0CXH9SH45,
A,B0CMMGGXNH,フットバス 足湯 バケツ フットバス 電気足湯 フットバス 折りたたみ式電動保温 足湯器 足湯用バケツ フットバス電動足湯器 自動47℃保温・加熱機能 自動加熱,MisTho,MisTho,ホーム＆キッチン > 家電 > 健康家電,58669,6,,,3799,はい,2026-02-23以降,946,890,不明,282,中小候補,NG,GO,見送り,回転不足(消化月数>3),,https://www.amazon.co.jp/dp/B0CMMGGXNH,
A,B0CHY2MFPX,自動小型排水ポンプ 水センサー付き 5フィート リフト 55 GPH 115V/230V ミニ凝縮ポンプ フロートスイッチ付き 除湿機、エアコン、製氷機、地下室,MSELTOS,MSELTOS,産業・研究開発用品 > 空圧・油圧・配管 > ポンプ・アクセサリ,20595,2,,,7628,はい,2026-02-23以降,2971,3538,標準1,282,中小候補,GO,GO,GO,,,https://www.amazon.co.jp/dp/B0CHY2MFPX,
A,B097RYN83Y,[ナイキ] キャニオン CANYON オフノワール/ブラック/パールホワイト/オレンジチョーク DM6439-045 29.0cm 日本国内正規品,NIKE(ナイキ),,ファッション > メンズ > シューズ,57492,5,,,6980,はい,2026-02-23以降,2626,3087,標準1,282,大手/海外疑い,NG,GO,見送り,回転不足(消化月数>3),,https://www.amazon.co.jp/dp/B097RYN83Y,
A,B074NYYS1W,インフォポスト 「SNAP SHUT」 屋外用チラシケース A4サイズ・透明 #31070,インフォポスト,インフォポスト,文房具・オフィス用品 > 店舗・販促用品 > POP広告スタンド・取付部品,7827,2,,,2750,はい,2026-02-23以降,1487,1597,標準1,282,中小候補,GO,GO,GO,,,https://www.amazon.co.jp/dp/B074NYYS1W,
A,B0FHHDQ89L,[BINIMOKOO] 肩パッド 狭い肩 なで肩 シリコーンアンチスリップ肩パッド Mサイズ,BINIMOKOO,肩パッド,ファッション > レディース > 服＆ファッション小物,82924,2,,,2230,はい,2026-02-23以降,1141,1145,標準1,282,中小候補,GO,GO,GO,,,https://www.amazon.co.jp/dp/B0FHHDQ89L,
A,B0FBK1XQ35,サファリハット メンズ アドベンチャーハット マウンテンハット アビレックス 17158300 帽子 キャップ アウトドア ブランド 撥水加工 NEK 7987,Avirex,,ファッション > メンズ > 服＆ファッション小物,37293,2,,,3888,はい,2026-02-23以降,1839,2171,標準(小型),182,中小候補,GO,GO,GO,,,https://www.amazon.co.jp/dp/B0FBK1XQ35,
A,B07HTDVXLK,Ansimple 業務用ハンドラベラー ラベル3巻 プライスタグ 値札 フリーマーケット 店舗用品 防塵カバー付きタイプ [MX5500-EOS],Ansimple,Ansimple,文房具・オフィス用品 > 店舗・販促用品 > ハンドラベラー,17593,2,,,1678,はい,2026-02-23以降,699,567,標準1,282,中小候補,GO,GO,GO,,,https://www.amazon.co.jp/dp/B07HTDVXLK,
A,B0D2Y7D3SP,CHASE Partylife パーティー 飾り お花紙 ペーパーフラワー 誕生日 飾り付け 記念日 卒業 卒園 入学式 七五三 100日祝い 雛祭り ペーパー,CHASE Partylife,"CHASE Co., Ltd.",おもちゃ > パーティーグッズ > 飾り付けセット,11075,2,,,1980,はい,2026-02-23以降,976,1042,標準(小型),182,中小候補,GO,GO,GO,,,https://www.amazon.co.jp/dp/B0D2Y7D3SP,
A,B07Y9GBX32,トーラス 小鳥の知恵 保温飲料 30ml×2本,トーラス,トーラス,ペット用品 > 小動物 > ヘルスケア,11551,5,,,1850,はい,2026-02-23以降,809,825,標準(小型),182,中小候補,NG,GO,見送り,回転不足(消化月数>3),,https://www.amazon.co.jp/dp/B07Y9GBX32,
A,B0C8DBDMML,COOLEAD ソーラーチャージャーコントローラー 30A 電流表示バージョン 12V/24V LCD 充電 電流ディスプレイ 液晶 デュアル USB付き ソー,COOLEAD,COOLEAD,DIY・工具・ガーデン > 住宅用設備・製品 > 発電設備,29498,2,,,1598,はい,2026-02-23以降,846,872,標準(小型),182,中小候補,GO,GO,GO,,,https://www.amazon.co.jp/dp/B0C8DBDMML,
A,B0FHVKLSNC,[LAYLAX] スモークトレーサー 発煙機能付き ショート(120㎜) 14ミリ逆ネジ対応 LED Type-C充電 スモークオイル(発煙用オイル)×2付属 ,ライラクス(LayLax),ライラクス(LayLax),ホビー > エアガン・モデルガン > モデルガンパーツ,12326,5,,,7982,はい,2026-02-23以降,4853,5999,標準1,282,中小候補,NG,GO,見送り,回転不足(消化月数>3),,https://www.amazon.co.jp/dp/B0FHVKLSNC,
A,B0CNVVJ23N,GYOKUYU FOR Google Pixel Watch 2/Pixel Watch 3（2024）充電スタンド アルミ合金製 グーグル ピクセルウォッチ3,GYOKUYU,GYOKUYU,家電＆カメラ > 携帯電話・スマートフォン > 携帯電話・スマートフォンアクセサリ,31367,2,,,1599,はい,2026-02-23以降,805,925,標準(小型),182,中小候補,GO,GO,GO,,,https://www.amazon.co.jp/dp/B0CNVVJ23N,
A,B0CYBW37T5,PCフィルター専門工房 21.5インチ 16:9 マグネット式 覗き見防止フィルター プライバシーフィルター 覗き見防止フィルム ブルーライトカット パソコン ,PCフィルター専門工房,PCフィルター専門工房,パソコン・周辺機器 > PCアクセサリ・サプライ > ノートパソコンアクセサリ,10116,2,,,4411,はい,2026-02-23以降,2585,3342,大型,282,中小候補,GO,GO,見送り,FBA大型サイズ,,https://www.amazon.co.jp/dp/B0CYBW37T5,
A,B08835DRPP,AIFY ウエイトベスト ウエイトジャケット 加重ベスト 重量調節可 10kg ウェイトベスト パワーベスト 筋トレ トレーニング ウォーキング ジャケット 肩,AIFY,AIYI INDUSTRIAL,スポーツ＆アウトドア > フィットネス・トレーニング > 筋力トレーニング,10003,2,,,5932,はい,2026-02-23以降,3311,3982,大型,282,中小候補,GO,GO,見送り,FBA大型サイズ,,https://www.amazon.co.jp/dp/B08835DRPP,
A,B0002GWK50,SHUBB シャブ カポタスト エレキギター用 C-4N Brushed Nickel ブラッシュドニッケル 【国内正規品】,SHUBB,SHUBB,楽器・音響機器 > ギター > ギターアクセサリ,5104,2,,,3480,はい,2026-02-23以降,1865,2205,標準(小型),182,中小候補,GO,GO,GO,,,https://www.amazon.co.jp/dp/B0002GWK50,
A,B08X4H254Y,アイウィス(IWISS) パイプカッター 選べる2つの替刃 銅管 ステンレス鋼管 塩ビ管用 切断能力 5-50mm CT-650,IWISS,IWISS,DIY・工具・ガーデン > 作業工具 > カッター,21937,2,,,3080,はい,2026-02-23以降,1590,1732,標準1,282,中小候補,GO,GO,GO,,,https://www.amazon.co.jp/dp/B08X4H254Y,
A,B0CG66L4V1,アンジュスマイル サニーマット (約直径100×厚さ3.5cm / グレー) プレイマット ベビー 昼寝 ベビーマット お昼寝 円形 子ども 新生児 ラグ ラウ,アンジュスマイル,ちゃいなび,ベビー＆マタニティ > 室内遊具 > ベビージム・プレイマット,5724,2,,,6980,はい,2026-02-23以降,2966,3532,大型,282,中小候補,GO,GO,見送り,FBA大型サイズ,,https://www.amazon.co.jp/dp/B0CG66L4V1,
A,4887870256,ファイナルファンタジーIX アルティマニア,,デジキューブ,本 > ジャンル別 > 趣味・実用,124276,4,,,5390,はい,2026-02-23以降,1005,967,標準1,282,中小候補,NG,GO,見送り,回転不足(消化月数>3),,https://www.amazon.co.jp/dp/4887870256,
A,B0GGQRV9MD,YAYAMIYA 4枚セット 3dシール 立体シ ール まめっち めめっち くちばっち ぷくぷく レリーフシールセット マシュマロ風 おしり タイル 手帳 可愛,YAYAMIYA,YAYAMIYA,文房具・オフィス用品 > 事務用品 > ラベル・インデックスディバイダー・スタンプ,101655,2,,,1519,はい,2026-02-23以降,805,819,標準(小型),182,中小候補,GO,GO,GO,,,https://www.amazon.co.jp/dp/B0GGQRV9MD,
A,B0BSB2G299,【高齢犬用 イタリア製ドッグフード】ELMO エルモ シニア リッチインチキン 鶏肉 8歳以上 (800g),エルモ ( ELMO ),ATSU.Trading,ペット用品 > 犬 > ドッグフード,16631,3,,,2530,はい,2026-02-23以降,897,826,標準1,282,中小候補,GO,GO,GO,,,https://www.amazon.co.jp/dp/B0BSB2G299,
A,B0G4N7WHX5,キーキャップはずし キーボードクリーナー キートップ 外し キープラー 4つのキーキャップが一度に取り外せ 420ステンレス鋼材 キーボードブラシ1本付きブラシ,Denkouozi,Denkouozi,文房具・オフィス用品 > 事務用品 > パソコン・OA掃除用品,28708,2,,,1899,はい,2026-02-23以降,922,972,標準(小型),182,中小候補,GO,GO,GO,,,https://www.amazon.co.jp/dp/B0G4N7WHX5,
A,B086XB4KZT,大香 芳香剤 MOU MOU ペーパーエアフレッシュナー リネン 12個セット,大香,大香,車＆バイク > カーアクセサリ > 車用除菌・消臭・芳香剤,23606,4,,,3607,はい,2026-02-23以降,2162,2593,標準(小型),182,中小候補,NG,GO,見送り,回転不足(消化月数>3),,https://www.amazon.co.jp/dp/B086XB4KZT,
A,B0D11CWJ13,Lebakort収納ケース 対応可能ソニーSony WH-CH720/WH-1000XM4 ワイヤレスヘッドホン（オフホワイト）,Lebakort,Lebakort,家電＆カメラ > イヤホン・ヘッドホン > イヤホン・ヘッドホンケース,62126,2,,,2599,はい,2026-02-23以降,1507,1919,標準(小型),182,大手/海外疑い,GO,GO,GO,,,https://www.amazon.co.jp/dp/B0D11CWJ13,
A,B09JS4CWND,BANKS Collection Best Soil Mix/ベストソイルミックス 3リットル (1),BANKS Collection,BANKS Collection,DIY・工具・ガーデン > ガーデン > 用土,9992,4,,,2700,はい,2026-02-23以降,1387,1403,標準2,332,中小候補,NG,GO,見送り,回転不足(消化月数>3),,https://www.amazon.co.jp/dp/B09JS4CWND,
A,B0D2GZ3P95,JJC 小型 カメラケース カメラポーチ Fujifilm XT-30 III X-E5 GFX100RF X100VI Canon PowerShotV1 E,JJC,"Jinjiacheng Photography Equipment Co.,Ltd.",家電＆カメラ > カメラ > アクセサリ,17605,2,,,2480,はい,2026-02-23以降,1188,1467,標準(小型),182,大手/海外疑い,GO,GO,GO,,,https://www.amazon.co.jp/dp/B0D2GZ3P95,
A,B0F2F88JW3,SAIJIRUSHI パワーベルト 重量 トレーニング ベルト (Mサイズ),SAIJIRUSHI,SAIJIRUSHI,スポーツ＆アウトドア > フィットネス・トレーニング > 筋力トレーニング,24079,2,,,2657,はい,2026-02-23以降,1445,1542,標準1,282,中小候補,GO,GO,GO,,,https://www.amazon.co.jp/dp/B0F2F88JW3,
A,B0CCXTM3VV,エレコム 有線LANアダプター USB3.2 (Gen1) ギガビット対応 ホワイト EDC-GUA3V2-W,エレコム(ELECOM),エレコム,パソコン・周辺機器 > 無線LAN・ネットワーク機器 > ネットワークアダプタ,14583,2,,,2300,はい,2026-02-23以降,988,1184,標準(小型),182,大手/海外疑い,GO,GO,GO,,,https://www.amazon.co.jp/dp/B0CCXTM3VV,
A,B0FKGFN121,GROSMIMI(グロミミ) ステンレスストローマグ 300ml 12か月から ワンタッチ式 保温保冷対応 漏れない ステージ2ストロー シリコンカバー付き 出,GROSMIMI,"GoGreenlife Co.,Ltd",ベビー＆マタニティ > 授乳・食事 > ベビー食器,4062,2,GROSMIMI JAPAN,メーカー直販,6200,いいえ,繰越(境界後の記録なし),3748,4554,標準1,282,中小候補,GO,GO,見送り,相乗り出品が基準未満（卸している証拠なし）,,https://www.amazon.co.jp/dp/B0FKGFN121,
A,B003B2K0PE,3M マスキングテープ 243J Plus 50mm×18M【箱売り】20巻 (2巻×10パック）(243J 50),スリーエム(3M),スリーエム(3M),産業・研究開発用品 > 接着・補修 > 粘着テープ,11128,4,,,4400,はい,2026-02-23以降,2188,2449,標準2,332,中小候補,NG,GO,見送り,回転不足(消化月数>3),,https://www.amazon.co.jp/dp/B003B2K0PE,
A,B0DV2SQ6BD,BURTLE バートル エアークラフト 2025年モデル デバイスバッグ(※AC09/AC08バッテリー専用) カーキ AC09-4 23 F,BURTLE,バートル(Burtle),DIY・工具・ガーデン > 大工道具・用品 > 工具差し・腰袋,17149,6,,,2780,はい,2026-02-23以降,1244,1392,標準(小型),182,大手/海外疑い,NG,GO,見送り,回転不足(消化月数>3),,https://www.amazon.co.jp/dp/B0DV2SQ6BD,
A,B0GKMWVQTJ,Wyfcal 防草シート 10年耐久 雑草防止 草取り シート 幅1/1.2/1.5m×長さ100m 園芸用品,Wyfcal,Wyfcal,DIY・工具・ガーデン > ガーデン > 農業・園芸用資材,13927,2,,,7581,はい,2026-02-23以降,3640,4412,大型,282,中小候補,GO,GO,見送り,FBA大型サイズ,,https://www.amazon.co.jp/dp/B0GKMWVQTJ,
A,B0G136J7RV,iFace イヤホンケース AirPods Pro 第2世代/第1世代 対応 BeBling 2 (ブラック),iface,Hamee(ハミィ),家電＆カメラ > イヤホン・ヘッドホン > イヤホン・ヘッドホンケース,25979,3,,,2900,はい,2026-02-23以降,1703,2196,標準(小型),182,中小候補,GO,GO,GO,,,https://www.amazon.co.jp/dp/B0G136J7RV,
A,B0D5LQZL2L,【POP MART 公式ストア】CRYBABY Sunset Concert シリーズ ぬいぐるみペンダント 【1ピース】 クライベイビー ポップマート ブライ,POP MART,POP MART,ホビー > フィギュア・コレクタードール,38999,2,,,1730,はい,2026-02-23以降,858,888,標準(小型),182,中小候補,GO,GO,GO,,,https://www.amazon.co.jp/dp/B0D5LQZL2L,
A,B0B9MJ1QCH,御城印帳 兜×kamon ポケット付き 180×120mm 20ポケット 1冊 (黒),ni-wa,ni-wa,文房具・オフィス用品 > ノート・メモ帳 > 朱印帳・集印帳,4626,4,,,2376,いいえ,繰越(境界後の記録なし),1362,1547,標準(小型),182,中小候補,NG,GO,見送り,回転不足(消化月数>3),,https://www.amazon.co.jp/dp/B0B9MJ1QCH,
A,4342352028,読解を深める 現代文単語〈評論・小説〉改訂版,桐原書店,桐原書店,本 > ジャンル別 > 語学・辞事典・年鑑,92183,5,,,2100,はい,2026-02-23以降,319,71,標準1,282,中小候補,NG,GO,見送り,回転不足(消化月数>3),,https://www.amazon.co.jp/dp/4342352028,
A,B0CZPR19Q7,花王 リリーフ 上げ下げらくらくうす型パンツ 3回分 M-L 40枚 まとめ買いパック,花王(Kao),花王,ベビー＆マタニティ > おむつ・トイレ > おむつ,13570,6,,,3856,はい,2026-02-23以降,1605,1687,標準2,332,中小候補,NG,GO,見送り,回転不足(消化月数>3),,https://www.amazon.co.jp/dp/B0CZPR19Q7,
A,B0DYNKR4D3,fanituhan 散水ホース 15m 伸縮ホース 3倍に伸びる(5mから15mまで) 伸縮 洗車 散水ノズル付き 水撒き 水やり洗車 水やり 散水 リール 高,fanituhan,fanituhan,DIY・工具・ガーデン > ガーデン > 農具・散水用品,70550,2,,,3050,はい,2026-02-23以降,1587,1664,標準2,332,中小候補,GO,GO,GO,,,https://www.amazon.co.jp/dp/B0DYNKR4D3,
A,4594027814,国民の歴史,産経新聞出版,産経新聞ニュースサービス,本 > ジャンル別 > 歴史・地理,23905,3,,,3430,はい,2026-02-23以降,1735,1857,標準2,332,中小候補,GO,GO,GO,,,https://www.amazon.co.jp/dp/4594027814,
A,B0CXLSX94B,TADOKAPATU 対応 新型シエンタ 10系 ハイブリッド車 シフトノブカバー シフトグリップカバー 内装パーツ ドレスアップ 爪キズ防止 車種専用設計 A,TADOKAPATU,S-PDD,車＆バイク > カーアクセサリ > シフトノブ,28524,2,,,2998,はい,2026-02-23以降,1571,1821,標準(小型),182,中小候補,GO,GO,GO,,,https://www.amazon.co.jp/dp/B0CXLSX94B,
A,B07QMZWNNM,PH PandaHall 約20本/セット ゴールデン 304 ステンレス アズキチェーン ネックレスチェーン 長さ46cm 小豆タイプ リングチェーン 耐久性,PH PandaHall,PandaHall,ホビー > 手芸・画材 > ビーズ・レジン・アクセサリ,5478,2,,,1610,はい,2026-02-23以降,679,655,標準(小型),182,中小候補,GO,GO,GO,,,https://www.amazon.co.jp/dp/B07QMZWNNM,
A,B0G4GWVPH3,キラピチ (2026年4月号),Gakken,Gakken,本 > ジャンル別 > 雑誌,297723,2,,,2000,いいえ,2026-02-23以降,563,389,標準1,282,中小候補,GO,GO,GO,,,https://www.amazon.co.jp/dp/B0G4GWVPH3,
A,B01L06YEYK,シマノ(SHIMANO) リアディレイラー RD-FT35-A 7/6S 逆爪ブラケットタイプ ERDFT35AB TOURNEY(ターニー),シマノ(SHIMANO),シマノ(SHIMANO),スポーツ＆アウトドア > 自転車 > 自転車パーツ,24210,6,,,2131,はい,2026-02-23以降,602,440,標準1,282,中小候補,NG,GO,見送り,回転不足(消化月数>3),,https://www.amazon.co.jp/dp/B01L06YEYK,
A,B000EVNCPU,タカギ(Takagi) ホース ジョイント コック付三ツ又ジョイント 普通ホース 2方向に分水できる G098FJ,タカギ(Takagi),タカギ(Takagi),DIY・工具・ガーデン > 電動工具・エア工具 > エア工具パーツ・アクセサリ,32539,5,,,2211,はい,2026-02-23以降,722,710,標準(小型),182,中小候補,NG,GO,見送り,回転不足(消化月数>3),,https://www.amazon.co.jp/dp/B000EVNCPU,
A,B0F92JG9T5,製氷皿 3段重ね ワンプッシュ【1秒で氷が取れる！】84個の氷を一度に作れる 小さい氷 直径1.6cm 専用スコップ 防塵フタ付き 省スペース収納 PP 製氷機,FUZHENTU,FUZHENTU,ホーム＆キッチン > キッチン用品 > 調理・製菓道具,42722,2,,,2199,はい,2026-02-23以降,887,813,標準1,282,中小候補,GO,GO,GO,,,https://www.amazon.co.jp/dp/B0F92JG9T5,
A,B07DM2SFZL,FIFA 19 STANDARD EDITION - Switch,Electronic Arts,エレクトロニック・アーツ,ゲーム > 機種別 > Nintendo Switch,9065,2,,,5000,はい,2026-02-23以降,1443,1653,標準(小型),182,中小候補,GO,GO,GO,,,https://www.amazon.co.jp/dp/B07DM2SFZL,
A,B00FJ3QAIO,TOTO やわらか補高便座(30mm) 大形サイズ ハーベストブラウン EWC401R,TOTO,TOTO,DIY・工具・ガーデン > 住宅用設備・製品 > トイレ用設備,25677,2,,,7400,いいえ,繰越(境界後の記録なし),4528,5574,大型,282,中小候補,GO,GO,見送り,FBA大型サイズ,,https://www.amazon.co.jp/dp/B00FJ3QAIO,
A,B0B1ZQYY6Y,パナソニック(Panasonic) ワイド21埋込電子換気扇/照明SW WTC54656W,パナソニック(Panasonic),パナソニック(Panasonic),DIY・工具・ガーデン > 住宅用設備・製品 > 換気扇,23961,7,,,6864,はい,2026-02-23以降,3575,4441,標準(小型),182,大手/海外疑い,NG,GO,見送り,新品オファー数7 / 回転不足(消化月数>3),,https://www.amazon.co.jp/dp/B0B1ZQYY6Y,
A,B08YJTG96M,HCTian アウトドア 折りたたみチェア バックパックチェア 椅子付リュック 防水保温保冷パック 超軽量 耐荷重150kg 持ち運びやすい 収納簡単 多機能 ,HCTian,QCONG,スポーツ＆アウトドア > アウトドア > テーブル・チェア・ハンモック,32062,2,,,2349,はい,2026-02-23以降,1014,978,大型,282,中小候補,GO,GO,見送り,FBA大型サイズ,,https://www.amazon.co.jp/dp/B08YJTG96M,
A,B0F3WRKZ4L,[モンベル] バッグ メンズ レディース ショルダーバッグ A4対応 ナイロン ポケッタブル ライトショルダー M 1123970 (ブルー(BL)),Mont-bell(モンベル),,ファッション > メンズ > バッグ・財布,14615,3,WILLS ★14時までのご注文で即日発送(定休日除く)★ / Stock 合同会社 / [インボイス対応]☆★わんぱく堂★☆[返金保証あり] / G3-shop,,6200,はい,2026-02-23以降,3743,4548,標準1,282,中小候補,NG,GO,見送り,回転不足(消化月数>3),,https://www.amazon.co.jp/dp/B0F3WRKZ4L,
A,4492444513,「追われる国」の経済学: ポスト・グローバリズムの処方箋,東洋経済新報社,東洋経済新報社,本 > ジャンル別 > ビジネス・経済,150258,4,,,6708,はい,2026-02-23以降,2122,2428,標準1,282,中小候補,NG,GO,見送り,回転不足(消化月数>3),,https://www.amazon.co.jp/dp/4492444513,
A,B0DXJZ3GWY,[ブルーミング] MARY QUANT (マリークヮント) ファスナー付きタオル ペットボトルケース ペットボトルカバー (綿100％) 000480-0001,ブルーミング,ブルーミング中西,ホーム＆キッチン > キッチン用品 > 弁当箱・水筒,16237,2,,,1640,はい,2026-02-23以降,667,638,標準(小型),182,中小候補,GO,GO,GO,,,https://www.amazon.co.jp/dp/B0DXJZ3GWY,
A,B07GY58M19,Velocity カーフィルム リアセット ヴォクシー ノア 対応 ZRR80G ZRR80W ZRR85G ZRR85W ZWR80G ZWR80W スーパー,ヴェロシティ（Velocity）,ヴェロシティ（Velocity）,車＆バイク > カーアクセサリ > 日よけ用品,19724,1,,,2880,はい,2026-02-23以降,1402,1487,大型,282,中小候補,GO,GO,見送り,FBA大型サイズ / 新品オファー数1,,https://www.amazon.co.jp/dp/B07GY58M19,
A,B0DBQG3PN3,【電源不要の自動給水システム】 NVボックス フロートバルブ 給水バルブ ステンレス NVBOX めだか水槽 養魚場 メダカ 飼育 水道 フロート弁 自動水位制,EXLEAD,株式会社EXLEADJAPAN,産業・研究開発用品 > 空圧・油圧・配管 > 継手,11528,2,,,1980,はい,2026-02-23以降,1092,1194,標準(小型),182,中小候補,GO,GO,GO,,,https://www.amazon.co.jp/dp/B0DBQG3PN3,
A,B0FKGDWZ48,ＩＮＤＩＶＥ 野球 バッティング練習用 ボール 穴あきボール 専用メッシュバッグ付き (室内 トレーニングボール 軽い 室内練習 おもちゃ 野球ボール) (50,ＩＮＤＩＶＥ,ＩＮＤＩＶＥ,おもちゃ > アクション・スポーツトイ > 球技・スポーツ,13737,2,,,3990,はい,2026-02-23以降,2285,2641,大型,282,中小候補,GO,GO,見送り,FBA大型サイズ,,https://www.amazon.co.jp/dp/B0FKGDWZ48,
A,B0F8BG633R,OULOVECO キャンプ用調理器具セット 3点セット 食品グレードの硬質アルミニウム 折畳み式 軽量 アウトドアケトル フライパン 調理鍋 収納袋付き 持ち運,OULOVECO,OULOVECO,スポーツ＆アウトドア > アウトドア > バーベキュー・クッキング用品,25910,2,,,3699,はい,2026-02-23以降,1881,2113,標準1,282,中小候補,GO,GO,GO,,,https://www.amazon.co.jp/dp/B0F8BG633R,
A,B0C8MZCQX9,車カバー 軽自動車ラパンワゴンR車ボディカバーアルト車体カバー防水防塵防輻Alto Lapin Wagon R Car covers ボディカバー,Argentavis,Argentavis,車＆バイク > カーアクセサリ > ボディーカバー,31769,3,,,4530,はい,2026-02-23以降,2482,2834,標準2,332,中小候補,GO,GO,GO,,,https://www.amazon.co.jp/dp/B0C8MZCQX9,
A,B0DFTN4WL6,炊飯器 3合 一人暮らし ミニ炊飯器 ライスクッカー 1.8L 350W 小型 炊飯ジャー 炊きたて 早炊き 予約 保温 おかゆモード 白米/玄米/無洗米/雑穀,mocoly,mocoly,ホーム＆キッチン > 家電 > キッチン家電,31651,2,【商品は3～11日以内にお届けします】Binqia 専門店 / 【商品は3～11日以内にお届けします】Bian Lang 専門店,,3080,はい,2026-02-23以降,473,207,標準2,332,中小候補,GO,GO,GO,,,https://www.amazon.co.jp/dp/B0DFTN4WL6,
A,B0CWN3Q88L,GENTOS(ジェントス) LED ヘッドライト USB充電式 【明るさ350ルーメン/実用点灯2時間】 専用充電池使用 スターゲイザー STG-01R,GENTOS(ジェントス),GENTOS(ジェントス),スポーツ＆アウトドア > アウトドア > ライト・ランタン,25499,5,,,2150,はい,2026-02-23以降,1040,1126,標準(小型),182,中小候補,NG,GO,見送り,回転不足(消化月数>3),,https://www.amazon.co.jp/dp/B0CWN3Q88L,
A,B00HM19OKM,Greenland Wax Bag,FJALL RAVEN(フェールラーベン),FJALL RAVEN(フェールラーベン),ファッション > バッグ・スーツケース > リュック・バックパック,24386,7,,,7054,はい,2026-02-23以降,1877,2220,標準(小型),182,中小候補,NG,GO,見送り,新品オファー数7 / 回転不足(消化月数>3),,https://www.amazon.co.jp/dp/B00HM19OKM,
A,B07P8H4RZR,カーメイト ロッドホルダー IF14 IF16 に対応 オプションパーツ Jフックホルダー 7本積み IF65,カーメイト(Carmate),カーメイト(Carmate),車＆バイク > カーアクセサリ > 収納・ホルダー,10654,6,,,3604,はい,2026-02-23以降,2060,2347,大型,282,中小候補,NG,GO,見送り,FBA大型サイズ / 回転不足(消化月数>3),,https://www.amazon.co.jp/dp/B07P8H4RZR,
A,B001AD7J1E,エバニュー(EVERNEW) くつひもストッパー EBY020 グレー(030),エバニュー(EVERNEW),エバニュー(EVERNEW),ファッション > ケア用品・工具・時計バンド > シューケア・シューアクセサリー,14849,3,,,1780,はい,2026-02-23以降,729,719,標準(小型),182,中小候補,GO,GO,GO,,,https://www.amazon.co.jp/dp/B001AD7J1E,
A,B00JEUWOMY,OLYMPUS デジタルカメラ STYLUS Tough用 ソフトカメラケース ブルー CSCH-121BLU,OLYMPUS,オリンパス,家電＆カメラ > カメラ > アクセサリ,34907,3,,,2768,はい,2026-02-23以降,526,530,標準(小型),182,中小候補,GO,GO,GO,,,https://www.amazon.co.jp/dp/B00JEUWOMY,
A,B0DLWFG46J,オーラルケアツール 歯石取り 充電式LEDデンタルミラー 歯石除去キット スケーラー 歯石取り器具 歯用ツール (6本セット),Watles,Watles,産業・研究開発用品 > 業務用歯科用品 > ハンドピース・器具,11571,2,,,2544,はい,2026-02-23以降,1471,1690,標準(小型),182,中小候補,GO,GO,GO,,,https://www.amazon.co.jp/dp/B0DLWFG46J,
A,B0028AEEUM,エレコム タトゥーシール フリーカット A4サイズ 2枚入り ホワイト 【日本製】 お探しNo:Q30 EJP-TATA4W,エレコム(ELECOM),エレコム(ELECOM),文房具・オフィス用品 > 事務用品 > ラベル・インデックスディバイダー・スタンプ,11917,2,,,2500,はい,2026-02-23以降,652,505,標準1,282,大手/海外疑い,GO,GO,GO,,,https://www.amazon.co.jp/dp/B0028AEEUM,
A,B0DWWRLY11,KN95マスク 5層 高機能マスク 不織布 立体構造 通気性 曇りにくい 耳が痛くなりにくい 20枚 CNAS機関認証済み サーモンピンク,快適設計IBR,株式会社アイ・ビー・アール,産業・研究開発用品 > 業務用医療用品 > 着衣・手袋,9321,4,,,1742,はい,2026-02-23以降,837,860,標準(小型),182,中小候補,NG,GO,見送り,回転不足(消化月数>3),,https://www.amazon.co.jp/dp/B0DWWRLY11,
A,B09BNGBQ3L,バイオガンスお得サイズ　 プロテインプラスシャンプー 1L 犬 猫 オーガニック 弱酸性 シルクプロテイン配合 パラベンフリー　ペット,BIOGANCE,BIOGANCE,ペット用品 > 犬 > お手入れ用品,15916,6,,,5841,はい,2026-02-23以降,3426,4069,標準2,332,中小候補,NG,GO,見送り,回転不足(消化月数>3),,https://www.amazon.co.jp/dp/B09BNGBQ3L,
A,4873115914,Running Lean ―実践リーンスタートアップ (THE LEAN SERIES),オライリージャパン,オライリージャパン,本 > ジャンル別 > ビジネス・経済,41288,2,,,2420,はい,2026-02-23以降,1291,1341,標準1,282,中小候補,GO,GO,GO,,,https://www.amazon.co.jp/dp/4873115914,
A,B0FKBM6NWW,作業マット 卓上 ワーキングマット スマホ修理＆メンテナンス対応工作マット PC基板分解マット 絶縁マット 無臭無毒シリコンマット whdpets (大判),WHDPETS,WHDPETS,DIY・工具・ガーデン > 電動工具・エア工具 > 溶接工具,35008,2,,,1999,はい,2026-02-23以降,629,476,大型,282,中小候補,GO,GO,見送り,FBA大型サイズ,,https://www.amazon.co.jp/dp/B0FKBM6NWW,
A,B0BTPL5RK8,【選べる2カラー】【ピアノ専門店のサスティンペダル】電子ピアノ・キーボード用 ダンパーペダル フットペダル クロームメッキ 極性切り替え 滑り止め付き ケーブル,ノーブランド品,ノーブランド品,楽器・音響機器 > ピアノ・キーボード > ピアノ・キーボードアクセサリ,3973,2,,,1880,はい,2026-02-23以降,940,882,標準1,282,大手/海外疑い,GO,GO,GO,,,https://www.amazon.co.jp/dp/B0BTPL5RK8,
A,B01LKUP2WY,アイリスプラザ 猫の爪とぎ ブロック型,アイリスプラザ,アイリスオーヤマ,ペット用品 > 猫 > キャットタワー・ベッド・マット,2062,4,,,4380,いいえ,繰越(境界後の記録なし),2565,3007,大型,282,大手/海外疑い,NG,GO,見送り,FBA大型サイズ / 回転不足(消化月数>3),,https://www.amazon.co.jp/dp/B01LKUP2WY,
A,B0BSTL21CG,エンラージ商事 カローラツーリング スポーツ クロス セダン 電源取り出し オプションカプラー TYPE-A カプラー1個型,EnlargeCorp,株式会社エンラージ商事,車＆バイク > カーアクセサリ > ソケット分配器,10492,2,,,1580,はい,2026-02-23以降,763,763,標準(小型),182,中小候補,GO,GO,GO,,,https://www.amazon.co.jp/dp/B0BSTL21CG,
A,B0GH4WC29P,MMK SCIENTIFIC【コストダウン版】デジタルpHメーター MK-03 汎用タイプ 3点手動校正 校正剤・取扱説明書付属 １年保証 (イエロー),MMK SCIENTIFIC,MMK SCIENTIFIC,産業・研究開発用品 > 研究開発用品 > 研究用機器・計測機器,7463,2,MMK SCIENTIFIC,メーカー直販,2115,はい,2026-02-23以降,1192,1325,標準(小型),182,中小候補,GO,GO,見送り,相乗り出品が基準未満（卸している証拠なし）,,https://www.amazon.co.jp/dp/B0GH4WC29P,
A,B09XDNQ16Y,セイワ(SEIWA) 車内用品 ルームミラー フレームレス シルバー鏡 250mm 平面鏡 ハイト 後部座席までしっかり見える R113,SEIWA,セイワ(SEIWA),車＆バイク > カーアクセサリ > ルームミラー,24862,3,,,1600,はい,2026-02-23以降,685,548,標準1,282,中小候補,GO,GO,GO,,,https://www.amazon.co.jp/dp/B09XDNQ16Y,
A,B0F9F6VL7Y,家庭用エアコン洗浄機 エアコンクリーナー 110V 高圧水ポンプ電気洗浄機 エアコン洗浄機 家庭用高圧水ポンプ屋内および屋外電気空調洗浄用品洗浄機 (1),GCSX,GCSX,DIY・工具・ガーデン > 電動工具・エア工具 > 高圧洗浄機・アクセサリ,11390,2,,,3898,はい,2026-02-23以降,1942,2128,標準2,332,中小候補,GO,GO,GO,,,https://www.amazon.co.jp/dp/B0F9F6VL7Y,
A,B07DQFVDF5,Pearl パールビブラスラップ・メタル PB-VSM,パール(Pearl),パール(Pearl),楽器・音響機器 > ドラム・パーカッション > ドラム・パーカッションアクセサリ,956,2,,,4240,はい,2026-02-23以降,1635,1791,標準1,282,中小候補,GO,GO,GO,,,https://www.amazon.co.jp/dp/B07DQFVDF5,
A,480028953X,儲ける力が身につく! 相場師朗式 一生モノの株ドリル,宝島社,宝島社,本 > ジャンル別 > ビジネス・経済,91631,2,,,4356,はい,2026-02-23以降,2486,3018,標準(小型),182,中小候補,GO,GO,GO,,,https://www.amazon.co.jp/dp/480028953X,
A,B09WH1FQM2,エーキューエー(AQA) マリンスポーツ スノーケル SEA-U 2点セットV ブラック(0100) KZ9153,エーキューエー(AQA),エーキューエー(AQA),スポーツ＆アウトドア > マリンスポーツ > ダイビング・シュノーケリング,3538,3,キヌガワオンラインストア / ダイビング専門店ファインド / 株式会社 アルペン,,2180,はい,2026-02-23以降,1005,967,標準1,282,中小候補,GO,GO,GO,,,https://www.amazon.co.jp/dp/B09WH1FQM2,
A,4791102061,〈増補改訂 第2版〉いやな気分よ、さようなら―自分で学ぶ「抑うつ」克服法,星和書店,星和書店,本 > ジャンル別 > 人文・思想,77672,4,,,4980,はい,2026-02-23以降,1417,1506,標準1,282,中小候補,NG,GO,見送り,回転不足(消化月数>3),,https://www.amazon.co.jp/dp/4791102061,
A,B0CVN35C1N,パークレーン 保温ポット 保冷ポット ステンレスポット 保温 保冷 真空断熱 ステンレスポット 魔法瓶 ステンレス エアーポット 2.2L プッシュ式,パークレーン(Park Lane),パークレーン(Park Lane),ホーム＆キッチン > キッチン用品 > 保温ポット・ピッチャー,19121,5,,,3618,はい,2026-02-23以降,1866,2029,標準2,332,中小候補,NG,GO,見送り,Amazon本体あり(availabilityAmazon=0) / 回転不足(消化月数>3),,https://www.amazon.co.jp/dp/B0CVN35C1N,
A,B07WVG2NNC,Su-Pen ゲーマーズモデルロングキャップモデル スタイラスペン Silver iPhone アイフォン Black スマホ Android タブレット Sw,AppBank Store,AppBank Store,家電＆カメラ > 携帯電話・スマートフォン > 携帯電話・スマートフォンアクセサリ,18537,2,,,4212,はい,2026-02-23以降,2497,3320,標準(小型),182,中小候補,GO,GO,GO,,,https://www.amazon.co.jp/dp/B07WVG2NNC,
A,B0G1398SBM,iFace イヤホンケース AirPods Pro 第2世代/第1世代 対応 BeBling 2 (ブルー),iface,Hamee(ハミィ),家電＆カメラ > イヤホン・ヘッドホン > イヤホン・ヘッドホンケース,24918,3,,,2980,はい,2026-02-23以降,1703,2196,標準(小型),182,中小候補,GO,GO,GO,,,https://www.amazon.co.jp/dp/B0G1398SBM,
A,B09PZX5B8H,バードサプリ ヨウ素 リキッド 30ml ヨード 摂取サプリ 液体タイプ 鳥、インコ、ウサギ、チンチラなど小動物に,とりっぴー,とりっぴー,ペット用品 > 鳥 > ヘルスケア,11198,2,,,1880,はい,2026-02-23以降,910,956,標準(小型),182,中小候補,GO,GO,GO,,,https://www.amazon.co.jp/dp/B09PZX5B8H,
A,B01DTQ9ZBQ,【特許製法の水使用】Faburuas ペット用消臭スプレー 詰め替え 2L 犬 猫用 無香料 日本製 おしっこ臭 トイレ臭対策 (2L),ファビュラス,ファビュラスショップ,ペット用品 > 犬 > トイレ・衛生用品,2842,2,,,2376,はい,2026-02-23以降,1212,1173,標準2,332,中小候補,GO,GO,GO,,,https://www.amazon.co.jp/dp/B01DTQ9ZBQ,
A,B0F5B5Q9D9,Philips(フィリップス) モバイルバッテリー 10000mAh 大容量 巻取り式USB-Cケーブル内蔵 急速充電 DLP1913C,PHILIPS,PHILIPS,家電＆カメラ > 携帯電話・スマートフォン > 携帯電話・スマートフォンアクセサリ,15591,2,,,2980,はい,2026-02-23以降,1735,2242,標準(小型),182,大手/海外疑い,GO,GO,GO,,,https://www.amazon.co.jp/dp/B0F5B5Q9D9,
A,B086TXNRMF,JOMTTW ガーゼハンカチ 9枚入 6層ガーゼ ガーゼタオル 赤ちゃん用タオル 新生児 女の子 男の子 25×25cm,JOMTTW,Roctee,ベビー＆マタニティ > ベビーケア・バス > ベビー用タオル,2855,2,,,1599,はい,2026-02-23以降,557,381,標準1,282,中小候補,GO,GO,GO,,,https://www.amazon.co.jp/dp/B086TXNRMF,
A,B0BV5ZWWLC,JACKALL(ジャッカル) オトリミノー104 虹色鮎,JACKALL,ジャッカル(JACKALL),スポーツ＆アウトドア > 釣り > ルアー,19460,2,,,2209,はい,2026-02-23以降,945,1002,標準(小型),182,中小候補,GO,GO,GO,,,https://www.amazon.co.jp/dp/B0BV5ZWWLC,
A,B0BJCS3KRV,ウィザーズ・オブ・ザ・コースト(Wizards Of The Coast)ダンジョンズ&ドラゴンズ スターターセット:竜たちの島ストームレック D&D RPG ,Wizards of the Coast,ウィザーズ・オブ・ザ・コースト(Wizards of the Coast),本 > ジャンル別 > 趣味・実用,17041,6,,,4100,はい,2026-02-23以降,1148,1154,標準1,282,中小候補,NG,GO,見送り,回転不足(消化月数>3),,https://www.amazon.co.jp/dp/B0BJCS3KRV,
A,B0B7KZSFD3,タカラトミー 『 プラレール ES-07 E235系 山手線 』 電車 列車 おもちゃ 3歳以上 玩具安全基準合格 STマーク認証 PLARAIL TAKARA,タカラトミー(TAKARA TOMY),タカラトミー(TAKARA TOMY),おもちゃ > 乗り物おもちゃ > 車両,19222,4,,,2350,はい,2026-02-23以降,1180,1196,標準1,282,大手/海外疑い,NG,GO,見送り,回転不足(消化月数>3),,https://www.amazon.co.jp/dp/B0B7KZSFD3,
A,B0DP8MNB2L,LNSOO 掃除機 コード式 サイクロン 17000Pa 超強力吸引 5M電源コード スティッククリーナー ハンディ掃除機 2way そうじ機 D20,LNSOO,LNSOO,ホーム＆キッチン > 家電 > 生活家電,36859,2,,,7999,はい,2026-02-23以降,3877,4723,大型,282,中小候補,GO,GO,見送り,FBA大型サイズ,,https://www.amazon.co.jp/dp/B0DP8MNB2L,
A,B0G7H8WM4P,ZEN STATE ととのいタイマー サウナウォッチ (防水 耐熱/ブラック) スマートウォッチ 振動 整い 時計 (充電式 / 12分計 / 自動モード切り替,GDT Global Dream Technology,GDT Global Dream Technology,ホーム＆キッチン > インテリア > 置き時計・掛け時計,15940,2,,,7980,はい,2026-02-23以降,5005,6311,標準(小型),182,中小候補,GO,GO,GO,,,https://www.amazon.co.jp/dp/B0G7H8WM4P,
A,B0CD78F83G,キャンピングムーン(CAMPING MOON) IGT用 天板 ブリッジテーブル 用 レーザー天板 アルミ 2ユニット ブラック CK-25F-2P,キャンピングムーン(camping moon),キャンピングムーン(camping moon),スポーツ＆アウトドア > アウトドア > テーブル・チェア・ハンモック,26937,2,,,5480,はい,2026-02-23以降,2709,3196,標準1,282,中小候補,GO,GO,GO,,,https://www.amazon.co.jp/dp/B0CD78F83G,
A,B00SY39OXE,パナソニック(Panasonic) リチウムイオン電池パック (Li-ion) 7.2V 1.5Ah LAタイプ スティックドライバー(EZ7521/EZ742,パナソニック(Panasonic),パナソニック(Panasonic),DIY・工具・ガーデン > 電動工具・エア工具 > 電動工具パーツ・アクセサリ,11374,4,,,6117,はい,2026-02-23以降,3605,4367,標準1,282,大手/海外疑い,NG,GO,見送り,回転不足(消化月数>3),,https://www.amazon.co.jp/dp/B00SY39OXE,
A,4864556679,教員採用試験対策　問題集　教職教養　2026年度版 (教員採用試験対策オープンセサミシリーズ),七賢出版,東京アカデミー七賢出版,本 > ジャンル別 > 資格・検定・就職,154363,2,,,5893,はい,2026-02-23以降,1440,1536,標準1,282,中小候補,GO,GO,GO,,,https://www.amazon.co.jp/dp/4864556679,
A,B005XTR9HU,桃太郎電鉄20周年 ハドソン・ザ・ベスト,ハドソン,ハドソン,ゲーム > 機種別 > レガシーシステム,6677,4,,,3180,はい,2026-02-23以降,1864,2203,標準(小型),182,中小候補,NG,GO,見送り,回転不足(消化月数>3),,https://www.amazon.co.jp/dp/B005XTR9HU,
A,B076HDP6G4,「キョーリン ひかりプレミアム メガバイト レッド S 50g」 2個セット,Hikari(ヒカリ),キョーリン,ペット用品 > 小動物 > フード,3924,3,,,2880,はい,2026-02-23以降,1345,1525,標準(小型),182,中小候補,GO,GO,GO,,,https://www.amazon.co.jp/dp/B076HDP6G4,
A,B0FRFR8WNG,OUTBROS L型 ポールハンガー ですW26XD39XH180cm スマート金属ハンガー 多機能ハンガー 岩板の土台 取り付けは簡単です 家庭のスペースを節,OUTBROS,OUTBROS,ホーム＆キッチン > 家具 > 廊下・玄関家具,43919,2,,,3810,はい,2026-02-23以降,1473,1514,標準2,332,中小候補,GO,GO,GO,,,https://www.amazon.co.jp/dp/B0FRFR8WNG,
A,B005MWC1XA,MARIO TENNIS OPEN (マリオテニスオープン),任天堂,任天堂,ゲーム > 機種別 > レガシーシステム,5927,5,,,2970,はい,2026-02-23以降,300,158,標準(小型),182,大手/海外疑い,NG,GO,見送り,回転不足(消化月数>3),,https://www.amazon.co.jp/dp/B005MWC1XA,
A,B0CKDY53HD,ナカジマコーポレーション スヌーピー ぬいぐるみ エコバッグ グリーン 193636-24,nakajimacorporation,ナカジマコーポレーション(Nakajima Corporation),おもちゃ > ぬいぐるみ > ぬいぐるみ人形,37126,3,Wショップ　宅配4980円以上無料！3980円以上200円！沖縄除/0～99円表示ﾒｰﾙ便等出荷 / キューティーショップ＠アマゾン店 5500円以上送料無料 / シネマコレクション,,3410,はい,2026-02-23以降,1228,1372,標準(小型),182,中小候補,GO,GO,GO,,,https://www.amazon.co.jp/dp/B0CKDY53HD,
A,B097RXHQZD,[ナイキ] キャニオン CANYON オフノワール/ブラック/パールホワイト/オレンジチョーク DM6439-045 28.0cm 日本国内正規品,NIKE(ナイキ),,ファッション > メンズ > シューズ,56121,3,,,7416,はい,2026-02-23以降,2896,3440,標準1,282,大手/海外疑い,GO,GO,GO,,,https://www.amazon.co.jp/dp/B097RXHQZD,
A,B0CGZTS34W,スタンディングデスク キャスター付き 昇降デスク 4段 棚付き パソコンデスク PCデスク オフィスワークテーブル 簡単組立式 在宅ワーク,iimono117 Bandiera,iimono117 Bandiera,文房具・オフィス用品 > オフィス家具・収納 > デスク,16397,2,,,7980,はい,2026-02-23以降,4853,5999,大型,282,中小候補,GO,GO,見送り,FBA大型サイズ,,https://www.amazon.co.jp/dp/B0CGZTS34W,
A,B0DP65F99K,iFace First Class iPhone 16 Pro ケース カードポケット (ベージュ),Hamee(ハミィ),Hamee(ハミィ),家電＆カメラ > 携帯電話・スマートフォン > 携帯電話・スマートフォンアクセサリ,22808,2,,,3580,はい,2026-02-23以降,1963,2564,標準(小型),182,中小候補,GO,GO,GO,,,https://www.amazon.co.jp/dp/B0DP65F99K,
A,B08RB3TQ1D,[GooTouch] エンジニアバッグ 14L 透明 帯電防止 クリーンバッグ クリーンルーム用 14インチPC対応 35×25×21cm,GooTouch,東京セブンデイズ株式会社,ファッション > メンズ > バッグ・財布,9181,2,,,3580,はい,2026-02-23以降,1998,2265,標準1,282,中小候補,GO,GO,GO,,,https://www.amazon.co.jp/dp/B08RB3TQ1D,
A,B0G1SWQNHX,OUTBROS L型 ポールハンガー 黒ですW26XD39XH180cm スマート金属ハンガー 多機能ハンガー 岩板の土台 取り付けは簡単です 家庭のスペースを,OUTBROS,OUTBROS,ホーム＆キッチン > 家具 > 廊下・玄関家具,43961,2,,,3368,はい,2026-02-23以降,1365,1373,標準2,332,中小候補,GO,GO,GO,,,https://www.amazon.co.jp/dp/B0G1SWQNHX,
A,B0FF54FTS7,【せなすけ監修】aurochs × SENASUKE BRUSH MASTER 12本セット プロペインターが選んだ究極の筆 細部描写 せなすけコラボ,aurochs,ssbm-12,ホビー > 手芸・画材 > 描画・絵画,10285,2,,,4032,はい,2026-02-23以降,2412,2921,標準(小型),182,中小候補,GO,GO,GO,,,https://www.amazon.co.jp/dp/B0FF54FTS7,
A,B09ZXV7H92,置くだけ簡単 ヘビこな～い 嫌がる臭いでヘビを寄せ付けない！（7個入x2袋）,meidai(メイダイ),メイダイ,DIY・工具・ガーデン > ガーデン > 害獣・害虫対策用品,25767,4,,,1738,はい,2026-02-23以降,936,990,標準(小型),182,中小候補,NG,GO,見送り,回転不足(消化月数>3),,https://www.amazon.co.jp/dp/B09ZXV7H92,
A,B0FMP21TQG,Meikaso首 ストレッチ 首枕 ホットケア ピロー加温効果低反発 通気性設計 洗濯可 アップグレード ハイエンド 誕生日プレゼント 男性 女性 ギフト 母の,Meikaso,Meikaso,ホーム＆キッチン > 寝具 > 枕・抱き枕,28278,2,,,4098,はい,2026-02-23以降,1955,2209,標準1,282,中小候補,GO,GO,GO,,,https://www.amazon.co.jp/dp/B0FMP21TQG,
A,B0D8P9Z8TS,[SPobeap] スツール 円型 高さ24~34cm 天然竹製 椅子 花台 踏み台 子ども用 玄関 軽量 運びやすい 多用性 組み立て簡単 3サイズ (Sma,SPobeap,SPobeap,ホーム＆キッチン > 家具 > 子ども用家具,71452,2,,,2180,はい,2026-02-23以降,1085,1007,標準2,332,中小候補,GO,GO,GO,,,https://www.amazon.co.jp/dp/B0D8P9Z8TS,
A,B003AH6EPU,HGAW 機動新世紀ガンダムX GX-9900 ガンダムエックス 1/144スケール 色分け済みプラモデル,BANDAI SPIRITS(バンダイ スピリッツ),BANDAI SPIRITS(バンダイ スピリッツ),ホビー > プラモデル・模型 > プラモデル,528,4,,,3980,はい,2026-02-23以降,1850,2072,標準1,282,大手/海外疑い,NG,GO,見送り,回転不足(消化月数>3),,https://www.amazon.co.jp/dp/B003AH6EPU,
A,B0G64FH6BD,【プロ料理人が推薦・クロワッサン掲載モデル】ShiningYarn おろし金 チーズグレーター 0.1mm単位まで角度調整 チーズ削り すりおろし器 チーズスラ,ShiningYarn,ShiningYarn,ホーム＆キッチン > キッチン用品 > 調理・製菓道具,11446,3,,,1598,はい,2026-02-23以降,756,642,標準1,282,中小候補,GO,GO,GO,,,https://www.amazon.co.jp/dp/B0G64FH6BD,
A,B07Y5G6KX9,パナソニック LED電球 レフ電球 E17口金 40W形相当 電球色 密閉器具対応 小形電球 レフタイプ LDR4LWE17RF4X,パナソニック(Panasonic),パナソニック(Panasonic),ホーム＆キッチン > 家電 > 照明,15139,6,,,2950,はい,2026-02-23以降,1378,1568,標準(小型),182,大手/海外疑い,NG,GO,見送り,回転不足(消化月数>3),,https://www.amazon.co.jp/dp/B07Y5G6KX9,
A,B00005V8DO,サクラ大戦4 ～恋せよ乙女～（通常版）,セガ,セガ,ゲーム > 機種別 > レガシーシステム,4462,2,,,6980,はい,2026-02-23以降,3003,3693,標準(小型),182,中小候補,GO,GO,GO,,,https://www.amazon.co.jp/dp/B00005V8DO,
A,B07T1Y9WZ8,クリアストーン(Clearstone) かぶりもん コスプレ ハロウィン かぶりもの ビデオカメラ ユニセックス グレー,クリアストーン(Clearstone),クリアストーン(Clearstone),ホビー > コスプレ・仮装 > コスチューム,5411,2,,,2586,はい,2026-02-23以降,1112,1107,標準1,282,中小候補,GO,GO,GO,,,https://www.amazon.co.jp/dp/B07T1Y9WZ8,
A,B09VX9BS7T,アートラボ(ART LAB) Songs of Nature HPリードディフューザー 詰め替え用 ローズマリー&セージ 180ml ルームフレグランス 芳香剤,アートラボ,アート・ラボ,ホーム＆キッチン > インテリア > ホームフレグランス,20877,4,,,3190,はい,2026-02-23以降,1844,2178,標準(小型),182,中小候補,NG,GO,見送り,回転不足(消化月数>3),,https://www.amazon.co.jp/dp/B09VX9BS7T,
A,B0FB37CS8X,MEKOMEKO 新型 スバル フォレスター Forester 専用 のための 3Dメタルハイブリッド車のステッカーエンブレムバッジのロゴ FORESTER エ,MEKOMEKO,MEKOMEKO,車＆バイク > カーパーツ > 外装・エアロパーツ,14577,2,,,2500,はい,2026-02-23以降,1322,1495,標準(小型),182,中小候補,GO,GO,GO,,,https://www.amazon.co.jp/dp/B0FB37CS8X,
A,B0FRYX2T3P,【デスクが広がる×組立3分】モニター台 卓上 モニタースタンド パソコン台 幅50cm×奥行20cm 60日保証付き ディスプレイ台 収納 (ブラック),WAYetTO,WAYetTO,パソコン・周辺機器 > PCアクセサリ・サプライ > モニターアクセサリ,8941,2,,,2355,はい,2026-02-23以降,1023,1132,大型,282,中小候補,GO,GO,見送り,FBA大型サイズ,,https://www.amazon.co.jp/dp/B0FRYX2T3P,
A,B0DB2KJ997,バスシートサポートネット 調節可能なベビーバスネットソフト滑り止め 新生児用5つの安全サポートコーナー付き (星),Dilwe,Dilwe,ベビー＆マタニティ > ベビーケア・バス > ベビーバス,2561,2,,,1641,はい,2026-02-23以降,713,585,標準1,282,中小候補,GO,GO,GO,,,https://www.amazon.co.jp/dp/B0DB2KJ997,
A,B0DZXB984H,ワークライト LED led 充電式 折りたたみ 回転 作業灯 ハンディーライト 懐中電灯 小型 防災 アウトドア 非常灯 夜間作業 折り畳み式 角度調整 キャ,WAYetTO,WAYetTO,スポーツ＆アウトドア > アウトドア > ライト・ランタン,22559,2,,,1650,はい,2026-02-23以降,836,859,標準(小型),182,中小候補,GO,GO,GO,,,https://www.amazon.co.jp/dp/B0DZXB984H,
A,B09BBCL3WL,FlyingEgg 麻雀 点数表 役一覧 A4 下敷き 【 初心者向け 符計算 早見表 役の一覧表 】 (☆2セット点数表･役一覧50円引),Ｆｌｙｉｎｇ　Ｅｇｇ,FlyingEgg（フライングエッグ）,文房具・オフィス用品 > 学習用品 > 下敷き,4306,2,,,1950,はい,2026-02-23以降,985,941,標準1,282,中小候補,GO,GO,GO,,,https://www.amazon.co.jp/dp/B09BBCL3WL,
A,B0CSM1FKYX,[ベルメゾン] 高さにこだわったステンレス置き型浴室用ラック 3段 シャンプーバスラック,BELLE MAISON(ベルメゾン),ベルメゾン,ホーム＆キッチン > バス・トイレ・洗面用品 > バス用品,41792,2,,,5990,はい,2026-02-23以降,3027,3611,大型,282,中小候補,GO,GO,見送り,FBA大型サイズ,,https://www.amazon.co.jp/dp/B0CSM1FKYX,
A,B0CH7PT13Z,エレコム iPhone15 Pro ケース &me オーロラ 可愛い おしゃれ ハイブリッド素材 四つ角エアークッション ストラップホルダー付属 ストラップホー,エレコム(ELECOM),エレコム,家電＆カメラ > 携帯電話・スマートフォン > 携帯電話・スマートフォンアクセサリ,25084,5,,,2290,はい,2026-02-23以降,598,632,標準(小型),182,大手/海外疑い,NG,GO,見送り,回転不足(消化月数>3),,https://www.amazon.co.jp/dp/B0CH7PT13Z,
A,B07795KT2D,[カシオ] 純正 g-shock用 交換ベルト 10273059 対応 AW-590 AW-591 AWG-100BR AWG-100 AWG-101 AWG-,CASIO(カシオ),CASIO(カシオ),ファッション > ケア用品・工具・時計バンド > 時計アクセサリー,67329,2,EC-SELECT fukuyama / World NEXT （無休・即日発送）,,4870,はい,2026-02-23以降,2951,3625,標準(小型),182,大手/海外疑い,GO,GO,GO,,,https://www.amazon.co.jp/dp/B07795KT2D,
A,4575311545,悪意とこだわりの演出術,双葉社,双葉社,本 > ジャンル別 > 文学・評論,78981,4,,,3520,はい,2026-02-23以降,708,692,標準(小型),182,中小候補,NG,GO,見送り,回転不足(消化月数>3),,https://www.amazon.co.jp/dp/4575311545,
A,B0FT2SM3BQ,【最新】 トップランド ペットボトル 加湿器 MOVE 小型 卓上 USBタイプ ハイパワー加湿 50ml/h 噴射角度調節可能 オフタイマー機能 リモコン付き,TOPLAND,TOPLAND,ホーム＆キッチン > 家電 > 空調・季節家電,15558,2,,,2026,はい,2026-02-23以降,1002,1077,標準(小型),182,中小候補,GO,GO,GO,,,https://www.amazon.co.jp/dp/B0FT2SM3BQ,
A,B0CZKP1N8Z,BODYMAKER パンチングミットカーブ 格闘技 空手 キックボクシング トレーニング ムエタイ フィットネス エクササイズ ボクシンググローブ,BODYMAKER,BODYMAKER,スポーツ＆アウトドア > ボクシング > パンチングミット,33430,1,,,5500,はい,2026-02-23以降,2799,3313,標準1,282,中小候補,GO,GO,見送り,新品オファー数1,,https://www.amazon.co.jp/dp/B0CZKP1N8Z,
A,B0CK1WP2WW,自動散水セット 噴霧ノズル 灌漑システム 点滴ノズル 噴霧ノズル ドリップ散水 給水システム 散水用具 散水灌漑 散水ホース ガーデン 花 植物 盆栽用 家庭園,XingRanYao,Happy Future Store,DIY・工具・ガーデン > ガーデン > 農具・散水用品,37883,2,,,3699,はい,2026-02-23以降,2048,2266,標準2,332,中小候補,GO,GO,GO,,,https://www.amazon.co.jp/dp/B0CK1WP2WW,
A,B0DK11TRQP,クレヨンしんちゃん ぶりぶりざえもん ふんばるず,バンダイナムコヌイ(Bandai Namco Nui),バンダイナムコヌイ(Bandai Namco Nui),おもちゃ > ぬいぐるみ > ぬいぐるみ人形,14134,4,,,2480,はい,2026-02-23以降,1105,1211,標準(小型),182,大手/海外疑い,NG,GO,見送り,回転不足(消化月数>3),,https://www.amazon.co.jp/dp/B0DK11TRQP,
A,B00D76DHIQ,山研工業 ダストスタンド ごみ袋ホルダー 70L ブラック 日本製,山研工業(Yamaken Kogyo),山研工業(Yamaken Kogyo),ホーム＆キッチン > ゴミ箱・ゴミ入れ > フタなしゴミ箱,34804,6,,,2880,はい,2026-02-23以降,1320,1379,大型,282,中小候補,NG,GO,見送り,FBA大型サイズ / 回転不足(消化月数>3),,https://www.amazon.co.jp/dp/B00D76DHIQ,
A,B0F3XCMGYF,電源コード 5m 10m 20m 屋外 丈夫 耐寒 耐熱 連結可 ソフトタイプ トラッキング防止 絶縁キャップ付き 電源延長コード 汎用コンセント 作業用延長コ,ANPEI-ELEC,ANPEI-ELEC,DIY・工具・ガーデン > 電設 > 延長コード,6318,2,,,1580,はい,2026-02-23以降,590,425,標準1,282,中小候補,GO,GO,GO,,,https://www.amazon.co.jp/dp/B0F3XCMGYF,
A,B0DSPVCGH6,NKAKTSU ゴムバンド 2本セット 荷物固定ベルト 幅3cm 長さ1.2m/1.74m/2.26m フック付き 調節可能 荷崩れ 転落防止,NKAKTSU,NKAKTSU,産業・研究開発用品 > 物流・保管用品 > 作業シート・固定紐,3357,2,,,1699,はい,2026-02-23以降,811,713,標準1,282,中小候補,GO,GO,GO,,,https://www.amazon.co.jp/dp/B0DSPVCGH6,
A,B0CKMW37RR,TOKYO LM ホットプレート ミニ 焼き肉プレート 両面 一人用 二人用 折りたたみ 調理家電 一人焼肉 小型 一人暮らし 新生活 2つ折り収納 焼肉 お好,TOKYO LM,TOKYO LM,ホーム＆キッチン > 家電 > キッチン家電,52632,2,,,1853,はい,2026-02-23以降,872,729,標準2,332,中小候補,GO,GO,GO,,,https://www.amazon.co.jp/dp/B0CKMW37RR,
A,B0B2LLS1SD,プール遊び おもちゃ プール おもちゃ 潜水用 水泳 訓練 水遊び 大切な親子時間 子供用 泳ぐ 玩具 水遊び 沈むおもちゃ おもしろい スイミング 潜水 トレ,HIKPSOD,HIKPSOD,おもちゃ > アクション・スポーツトイ > プール・水遊び,5294,2,,,1947,はい,2026-02-23以降,550,372,標準1,282,中小候補,GO,GO,GO,,,https://www.amazon.co.jp/dp/B0B2LLS1SD,
A,B0DJBJ555K,エレコム バックパック ビジネスリュック 防水 14インチPC対応 ブラック BM-BPWP01BK,エレコム(ELECOM),エレコム,ファッション > バッグ・スーツケース > リュック・バックパック,36319,2,,,3960,はい,2026-02-23以降,2285,2641,大型,282,大手/海外疑い,GO,GO,見送り,FBA大型サイズ,,https://www.amazon.co.jp/dp/B0DJBJ555K,
A,B07ZHJNLJH,ブリーフィング BRIEFING ラウンド小物 B SERIES マグネットマーカー ホワイト,BRIEFING(ブリーフィング),ブリーフィング(BRIEFING),スポーツ＆アウトドア > ゴルフ > ラウンド用品,52939,6,,,3850,はい,2026-02-23以降,2319,2799,標準(小型),182,中小候補,NG,GO,見送り,回転不足(消化月数>3),,https://www.amazon.co.jp/dp/B07ZHJNLJH,
A,B0C4SCT6MM,犬のきしむおもちゃアグレッシブチューワーのためのタコ子犬の歯が生えるためのアヒルの犬のおもちゃ小型中型大型犬のためのインタラクティブなペットチューおもちゃ刺激ト,MeiPing,Meiping,ペット用品 > 犬 > おもちゃ,10342,2,,,1599,はい,2026-02-23以降,826,846,標準(小型),182,中小候補,GO,GO,GO,,,https://www.amazon.co.jp/dp/B0C4SCT6MM,
A,B0BJJMFNBL,河島製作所 フルプロテクトホルダーR 1個入 クリア (5個セット) ディスプレイ用 トレカ収納 トレーディングカードケース,河島製作所,河島製作所,ホビー > コレクションカード・アクセサリ > カードサプライ・アクセサリ,8574,3,,,1790,はい,2026-02-23以降,806,707,標準1,282,中小候補,GO,GO,GO,,,https://www.amazon.co.jp/dp/B0BJJMFNBL,
A,B0DCP8C1L4,ドウシシャ製氷カップ円形M4個セットかき氷器用ホワイト約φ96×H54mmHS-19M,ノーブランド品,製氷カップ,ホーム＆キッチン > キッチン用品 > 調理・製菓道具,30036,2,,,1680,はい,2026-02-23以降,910,956,標準(小型),182,中小候補,GO,GO,GO,,,https://www.amazon.co.jp/dp/B0DCP8C1L4,
A,B0DWK5NSQF,5段連結式 ハンガー 衣類収納ラック 滑り止め付き クローゼット整理ハンガー 洋服ハンガー Tシャツ・セーター・シャツ 2本 (ブラック),Hangerman,Red Horse Home,ホーム＆キッチン > 洗濯用品 > 衣類ハンガー,24160,2,,,1921,はい,2026-02-23以降,504,312,標準1,282,中小候補,GO,GO,GO,,,https://www.amazon.co.jp/dp/B0DWK5NSQF,
A,B0CNFZ922P,[山善] ミニ DVDプレーヤー コンパクト CD/DVD 再生専用 CPRM対応 HDMI対応 USB給電 HDMIケーブル/AVケーブル/リモコン付き CD,山善(YAMAZEN),山善(YAMAZEN),家電＆カメラ > テレビ・レコーダー > DVDプレーヤー・レコーダー,33196,2,Premium　place / be helpfully(ビーヘルプフリー） / Best Select 通販部,,6980,はい,2026-02-23以降,2988,3913,標準1,282,大手/海外疑い,GO,GO,GO,,,https://www.amazon.co.jp/dp/B0CNFZ922P,
A,B08Q891Z4Q,ターナー色彩(Turner Color) メディウム U-35 マットメディウム UA500962 500ml,ターナー色彩(Turner Color),ターナー色彩(Turner Colour),ホビー > 手芸・画材 > 描画・絵画,24835,5,,,1886,はい,2026-02-23以降,548,370,標準1,282,中小候補,NG,GO,見送り,回転不足(消化月数>3),,https://www.amazon.co.jp/dp/B08Q891Z4Q,
A,B0969YGH8Z,JJC ねじ込み式 ソニーレンズフード レンズフード レンズカバー Sony E PZ 16-50mm F3.5-5.6 OSS SELP1650 & Niko,JJC,"Jinjiacheng Photography Equipment Co.,Ltd.",家電＆カメラ > カメラ > アクセサリ,13055,2,,,1500,はい,2026-02-23以降,598,632,標準(小型),182,大手/海外疑い,GO,GO,GO,,,https://www.amazon.co.jp/dp/B0969YGH8Z,
A,B0DS1SZY5X,TICFROG ウォッチハンドリペアツール7点セット 2個 剣押さえ 剣抜き 針 交換 メンテナンス、文字盤保護シート 1枚、3色時計針押え、時計針プッシャー ,TICFROG,TICFROG,ファッション > ケア用品・工具・時計バンド > 時計アクセサリー,85841,2,,,1590,はい,2026-02-23以降,653,621,標準(小型),182,中小候補,GO,GO,GO,,,https://www.amazon.co.jp/dp/B0DS1SZY5X,
A,B0C3G9KYYD,【ZESU】韓国 リュック レディース 大容量 通学 リュックサック 高校生 学生 軽量 男女 女子 防水 バックパック 旅行 スクール タウンリュック 通勤 ,ZESU,,ファッション > バッグ・スーツケース > リュック・バックパック,70380,2,,,3890,はい,2026-02-23以降,1720,1902,標準1,282,中小候補,GO,GO,GO,,,https://www.amazon.co.jp/dp/B0C3G9KYYD,
A,B0FD9M57QF,DUOLEIMI 盆提灯 ミニ 和モダン 盆ちょうちん 霊前灯 一対 置き提灯 折り畳み 16ｘ12cm インテリア お盆飾り 初盆 新盆 「福」字投影 (竹),DUOLEIMI,DUOLEIMI,ホーム＆キッチン > 仏具・神具 > 盆提灯,70946,2,,,2399,はい,2026-02-23以降,1133,1135,標準1,282,中小候補,GO,GO,GO,,,https://www.amazon.co.jp/dp/B0FD9M57QF,
A,B0CL48YMMT,[ベルメゾン] オイルポット フッ素加工 大容量 一気に800MLこせる ポット 日本製,BELLE MAISON(ベルメゾン),ベルメゾン,ホーム＆キッチン > キッチン用品 > 調理・製菓道具,34021,1,,,4490,はい,2026-02-23以降,2318,2684,標準1,282,中小候補,GO,GO,見送り,新品オファー数1,,https://www.amazon.co.jp/dp/B0CL48YMMT,
A,B0D8PN8K5F,[SPobeap] スツール 円型 高さ24~34cm 天然竹製 椅子 花台 踏み台 子ども用 玄関 軽量 運びやすい 多用性 組み立て簡単 3サイズ (Lar,SPobeap,SPobeap,ホーム＆キッチン > 家具 > 子ども用家具,71510,2,,,2880,はい,2026-02-23以降,1330,1392,大型,282,中小候補,GO,GO,見送り,FBA大型サイズ,,https://www.amazon.co.jp/dp/B0D8PN8K5F,
A,B0D78KQL2Y,ボディバッグ ショルダーバッグ 斜めがけ 大容量 軽量 撥水 丈夫 耐久 ワンショルダー アウトドア 登山 スポーツ メンズ 通勤 旅行 サイクリング (グレー,GISELLE(ジゼル),レアリーク株式会社,ファッション > メンズ > バッグ・財布,10062,2,,,1980,はい,2026-02-23以降,798,697,標準1,282,中小候補,GO,GO,GO,,,https://www.amazon.co.jp/dp/B0D78KQL2Y,
A,4296208217,日経Linux 2025夏　1冊まるごとWindows乗り換え特集号 (日経BPパソコンベストムック),日経BP,日経BP,本 > ジャンル別 > 科学・テクノロジー,216289,4,,,5929,はい,2026-02-23以降,1963,2219,標準1,282,中小候補,NG,GO,見送り,回転不足(消化月数>3),,https://www.amazon.co.jp/dp/4296208217,
A,B001GS8O3K,ジルオール インフィニット プラス(末弥純描き下ろし「アートステッカー」同梱) - PSP,KT,コーエー,ゲーム > 機種別 > レガシーシステム,8577,3,,,6705,はい,2026-02-23以降,4176,5227,標準(小型),182,中小候補,GO,GO,GO,,,https://www.amazon.co.jp/dp/B001GS8O3K,
A,B0BJCQ2DPN,ウィザーズ・オブ・ザ・コースト(Wizards of the Coast) ダンジョンズ&ドラゴンズ デラックス・プレイ・ボックス D&D RPG ロールプレイ,Wizards of the Coast,ウィザーズ・オブ・ザ・コースト(Wizards of the Coast),おもちゃ > ゲーム > ボードゲーム,18942,3,,,4199,はい,2026-02-23以降,1289,1339,標準1,282,中小候補,GO,GO,GO,,,https://www.amazon.co.jp/dp/B0BJCQ2DPN,
A,B014K7F69I,セラミックバン 84粒入り (1),セラミックバン,中谷産業株式会社,スポーツ＆アウトドア > スポーツケア・アクセサリ・競技備品 > スポーツケア用品,53178,2,link-e-life / 日王株式会社‹日本全国　送料無料！海外EMS発送対応！›,,3800,はい,2026-02-23以降,2213,2661,標準(小型),182,中小候補,GO,GO,GO,,,https://www.amazon.co.jp/dp/B014K7F69I,
A,B0FW4WK75F,[デルフォニックス] ロルバーンフリーダイアリー Moji L（A（日記））,Delfonics,DELFONICS(デルフォニックス),文房具・オフィス用品 > 手帳・カレンダー > 手帳,8585,6,,,1595,はい,2026-02-23以降,718,705,標準(小型),182,中小候補,NG,GO,見送り,回転不足(消化月数>3),,https://www.amazon.co.jp/dp/B0FW4WK75F,
A,B0DNMVPVSS,BRIEFING ブリーフィング ユーティリティ2ウェイストラップ BRA243G73 OLIVE,BRIEFING(ブリーフィング),,家電＆カメラ > 携帯電話・スマートフォン > 携帯電話・スマートフォンアクセサリ,41616,3,,,7480,はい,2026-02-23以降,4680,6409,標準(小型),182,中小候補,GO,GO,GO,,,https://www.amazon.co.jp/dp/B0DNMVPVSS,
A,B09H2KMF59,Coleman(コールマン) オーガニックテーブルウェアセットパーソナル 2000038931,Coleman(コールマン),Coleman,スポーツ＆アウトドア > アウトドア > バーベキュー・クッキング用品,26671,5,,,2797,はい,2026-02-23以降,1102,1094,標準1,282,中小候補,NG,GO,見送り,回転不足(消化月数>3),,https://www.amazon.co.jp/dp/B09H2KMF59,
A,B0C81C4MD9,ラディウス radius HP-T70BT 完全ワイヤレスイヤホン : Bluetooth対応 フルワイヤレス 外音取り込み 左右分離型 AAC 軽量 小型 小,ラディウス,ラディウス,家電＆カメラ > イヤホン・ヘッドホン > イヤホン・ヘッドホン本体,25678,6,,,6600,はい,2026-02-23以降,3055,4109,標準(小型),182,中小候補,NG,GO,見送り,回転不足(消化月数>3),,https://www.amazon.co.jp/dp/B0C81C4MD9,
A,B0F83VWQ4L,Deniko浮き輪 子供用 ベビー浮き輪 ハンドル付き 足入れ うきわ サンリオ ベビーフロート 強い浮力 水泳リング 可愛い 水遊び プール 海水浴 お風呂 ,de'niko,DENIKO,おもちゃ > アクション・スポーツトイ > プール・水遊び,1524,2,,,2580,はい,2026-02-23以降,1311,1367,標準1,282,中小候補,GO,GO,GO,,,https://www.amazon.co.jp/dp/B0F83VWQ4L,
A,B00PXYE48M,WEIMALL 腹筋マシーン 腹筋ベンチ 折りたたみ 筋トレ 腹筋 腕 足 ハンドベルト トレーニング エクササイズ ダイエット 腹筋マシン WMFITNESS,ウェイモール (WEIMALL),WEIMALL,スポーツ＆アウトドア > フィットネス・トレーニング > 筋力トレーニング,47650,2,,,6400,いいえ,繰越(境界後の記録なし),3878,4724,大型,282,中小候補,GO,GO,見送り,FBA大型サイズ,,https://www.amazon.co.jp/dp/B00PXYE48M,
A,B0C8MXGTYQ,パターカバー キーリング付き ピンタイプ スコッティーキャメロ ン オデッセイに適合 マグネット開閉式 磁石タイプ クローバー (白),セレクトプラザ,セレクトプラザ,スポーツ＆アウトドア > ゴルフ > アクセサリ,6795,2,,,1580,はい,2026-02-23以降,683,660,標準(小型),182,中小候補,GO,GO,GO,,,https://www.amazon.co.jp/dp/B0C8MXGTYQ,
A,B00M6RRLLQ,犬の力　上下巻セット,KADOKAWA,角川書店,本 > ジャンル別,229922,2,,,4844,はい,2026-02-23以降,2804,3432,標準(小型),182,中小候補,GO,GO,GO,,,https://www.amazon.co.jp/dp/B00M6RRLLQ,
A,B0G1C45LW6,JEYODA ドリンクホルダー 車用 後部座席 車用シートフック 3in1 荷物掛け カップホルダー スマホホルダー 飲料収納ホルダー 車ヘッドレスト 車用収納,JEYODA,JEYODA,車＆バイク > カーアクセサリ > 収納・ホルダー,12453,2,,,2498,はい,2026-02-23以降,1129,1242,標準(小型),182,中小候補,GO,GO,GO,,,https://www.amazon.co.jp/dp/B0G1C45LW6,
A,B0DCBDBM38,Kiboer 電気ブラシ 電動頭皮ブラシ ヘッドスパ 頭皮ケア EMS RF 赤LED 3モード 3段階 コードレス 乾湿両用 エッセンスの最高のパートナー,Kiboer,Kiboer,ホーム＆キッチン > 家電 > 理美容家電,36705,2,,,6620,はい,2026-02-23以降,4021,4911,標準1,282,中小候補,GO,GO,GO,,,https://www.amazon.co.jp/dp/B0DCBDBM38,
A,B0DZ6M4GK9,エアダスター 電動ブロワー ブロアー 洗車 超強力 4段階風量調整 USB-C充電式 LEDライト PC掃除/空気入れ コードレス 収納袋付き,Ciniffo,Ciniffo,文房具・オフィス用品 > 事務用品 > パソコン・OA掃除用品,9221,5,,,2999,はい,2026-02-23以降,1667,1833,標準1,282,中小候補,NG,GO,見送り,回転不足(消化月数>3),,https://www.amazon.co.jp/dp/B0DZ6M4GK9,
A,B0BP68K8HK,タカラトミー 『 アニア 自由にくみかえ! サファリ動物園 』 動物 恐竜 リアル 動く フィギュア おもちゃ 3歳以上 玩具安全基準合格 STマーク認証 AN,タカラトミー(TAKARA TOMY),タカラトミー(TAKARA TOMY),おもちゃ > 子ども向けフィギュア > 動物,17861,5,,,5300,はい,2026-02-23以降,2268,2554,標準2,332,大手/海外疑い,NG,GO,見送り,回転不足(消化月数>3),,https://www.amazon.co.jp/dp/B0BP68K8HK,
A,B0F8QPFXSG,LC411-4PK 日本製 互換インク ブラザー 用 インク LC411 純正 と併用可能 LC411BK LC411C LC411M LC411Y インクカー,SCIGO,SCIGO,パソコン・周辺機器 > PCアクセサリ・サプライ > プリンタアクセサリ,2489,2,,,1795,はい,2026-02-23以降,734,722,標準1,282,大手/海外疑い,GO,GO,GO,,,https://www.amazon.co.jp/dp/B0F8QPFXSG,
A,B0DBPD5DTW,テニススイング トレーナー テニス 練習一人 ソフトテニス 練習器具 トレーニングツール セルフエクササイズテニス ソフトシャフトスイング テニス トレーニング,RemeeHi,RemeeHi,スポーツ＆アウトドア > ソフトテニス > 軟式テニストレーナー・練習機,111056,2,,,3299,はい,2026-02-23以降,1583,1723,標準1,282,中小候補,GO,GO,GO,,,https://www.amazon.co.jp/dp/B0DBPD5DTW,
A,B0DZNL24CH,麻雀電卓 電卓 筒子 ピンズ MAHJONG DENTAKU マージャン デンタク (GREEN) #25706,Mmagnet,magnet,文房具・オフィス用品 > オフィス機器 > 電卓,21248,2,,,1650,はい,2026-02-23以降,879,916,標準(小型),182,中小候補,GO,GO,GO,,,https://www.amazon.co.jp/dp/B0DZNL24CH,
A,B09R73JH9T,エステーペット 猫用 実感消臭 システムトイレ 本体セット （トイレ本体+チップ2.5L+シート4枚） [消臭力]共同開発 猫 トイレ 猫砂 消臭 日本製,エステーペット,エステー,ペット用品 > 猫 > トイレ用品,20770,5,,,2780,はい,2026-02-23以降,745,627,大型,282,中小候補,NG,GO,見送り,FBA大型サイズ / 回転不足(消化月数>3),,https://www.amazon.co.jp/dp/B09R73JH9T,
A,B07DTC2W9M,WEIMALL アルミアタッシュケース ツールケース 軽量 ビジネスバック 旅行 カバン パソコン PC 鍵付き 43.7Ｘ35Ｘ8.2cm （ブラック) CA,ウェイモール (WEIMALL),,パソコン・周辺機器 > PCアクセサリ・サプライ > ノートパソコンアクセサリ,12775,1,,,5280,はい,2026-02-23以降,2368,3034,大型,282,中小候補,GO,GO,見送り,FBA大型サイズ / 新品オファー数1,,https://www.amazon.co.jp/dp/B07DTC2W9M,
A,B07X3J16VY,ルームミラー 車 バックミラー インナーリアビューミラー ラグジュアリー ミラー タイプ 室内後写鏡 簡単ドレスアップ bling bling おしゃれ 最高の,AOWLONG JP,AOWLONG,車＆バイク > カーアクセサリ > ルームミラー,99873,6,,,1980,はい,2026-02-23以降,966,916,標準1,282,中小候補,NG,GO,見送り,回転不足(消化月数>3),,https://www.amazon.co.jp/dp/B07X3J16VY,
A,B01GDWSPWI,プラスウォーク アーチグイット 36枚入 親指出っ張りを締める 足指を広げる 足幅スマート 足指アーチケアテープ,プラスウォーク,株式会社サイプラス,スポーツ＆アウトドア > スポーツケア・アクセサリ・競技備品 > スポーツケア用品,32439,3,,,3828,いいえ,繰越(境界後の記録なし),2306,2781,標準(小型),182,中小候補,GO,GO,GO,,,https://www.amazon.co.jp/dp/B01GDWSPWI,
A,B09NVLTHN5,ゼットアンドケイ フラワー三つ折り色紙 メッセージシール32枚入 寄せ書き 大人数 シール みつ折り (ピンク),ゼットアンドケイ,ゼットアンドケイ,文房具・オフィス用品 > ノート・メモ帳 > 紙製品,18355,1,,,2188,はい,2026-02-23以降,750,747,標準(小型),182,中小候補,GO,GO,見送り,新品オファー数1,,https://www.amazon.co.jp/dp/B09NVLTHN5,
A,B0B53QQHJP,ベビーダイアリー 育児日記 b5 サイズ ノートライフ 新生児 出産祝い ギフト 赤ちゃんの体調、 授乳ノート 日本製 176ページ フルカラー (胎児～向け、,ノートライフ（notelife),ノートライフ（notelife),ベビー＆マタニティ > 出産祝い・ギフト・メモリアル > メモリアルグッズ,3207,2,ZAKKA UNIQUE,,2480,はい,2026-02-23以降,1313,1370,標準1,282,中小候補,GO,GO,見送り,相乗り出品が基準未満（卸している証拠なし）,,https://www.amazon.co.jp/dp/B0B53QQHJP,
A,B0F4VL26ML,【純正品】パナ洗濯乾燥機用 乾燥フィルター (奥) AXW2208-8RX0,IMWALD,AXW2208- 8RX0,大型家電 > 洗濯機・乾燥機 > 洗濯機交換部品・アクセサリ,692,2,【公式】小波屋,,1580,いいえ,繰越(境界後の記録なし),845,981,標準(小型),182,中小候補,GO,GO,見送り,相乗り出品が基準未満（卸している証拠なし）,,https://www.amazon.co.jp/dp/B0F4VL26ML,
A,B08Q3FTFHT,[KIMONOMACHI] オリジナル 白無地 100cm かっぽう着 おしゃれ シンプルデザイン 和装 着物割烹着 定番 エプロン,KIMONOMACHI,,ホーム＆キッチン > キッチン用品 > エプロン・キッチンファブリック,20204,2,,,2800,はい,2026-02-23以降,1519,1640,標準1,282,中小候補,GO,GO,GO,,,https://www.amazon.co.jp/dp/B08Q3FTFHT,
A,B0BT4HCTLP,[ｋｏｎｔｅｘ] 【コンテックス】今治サウナハット ＜55847-006＞フォーカス ポケット付 大きめサウナハット (ブラウン),ｋｏｎｔｅｘ,,ファッション > メンズ > 服＆ファッション小物,50821,2,,,5500,はい,2026-02-23以降,3221,3865,標準1,282,中小候補,GO,GO,GO,,,https://www.amazon.co.jp/dp/B0BT4HCTLP,
A,4384058284,MP3付 会話と作文に役立つドイツ語定型表現365,三修社,三修社,本 > ジャンル別 > 語学・辞事典・年鑑,204653,5,,,4200,はい,2026-02-23以降,1417,1505,標準1,282,中小候補,NG,GO,見送り,回転不足(消化月数>3),,https://www.amazon.co.jp/dp/4384058284,
A,B096DSWMNB,GORIX(ゴリックス)自転車ペダル ビンディングペダル 片面フラット ペダル 両面デザイン クリート付属 GX-PZ103 (オイルスリック) おしゃれ ロー,GORIX(ゴリックス),GORIX(ゴリックス),スポーツ＆アウトドア > 自転車 > 自転車パーツ,33707,2,,,4759,はい,2026-02-23以降,2501,2924,標準1,282,中小候補,GO,GO,GO,,,https://www.amazon.co.jp/dp/B096DSWMNB,
A,B09JC4X95B,SUGGEST レッグストレッチャー 開脚ストレッチャー ストレッチ 開脚 トレーニング 脚ストレッチ エクササイズ 自宅 ジム,SUGGEST,SUGGEST,スポーツ＆アウトドア > フィットネス・トレーニング > エクササイズグッズ,43575,2,,,2990,いいえ,繰越(境界後の記録なし),1661,1825,大型,282,中小候補,GO,GO,見送り,FBA大型サイズ,,https://www.amazon.co.jp/dp/B09JC4X95B,
A,B0DM8SVP6T,DodoxDIY 適用 新型アルファード40系 ヴェルファイア 40系 カスタム アクセサリー パーツ シートカバー 専用車種 内装グッズ 原車オレンジ,DodoxDIY,DodoxDIY,車＆バイク > カーアクセサリ > 単体シートカバー,6566,2,,,5499,はい,2026-02-23以降,2906,3453,大型,282,中小候補,GO,GO,見送り,FBA大型サイズ,,https://www.amazon.co.jp/dp/B0DM8SVP6T,
A,B0B9FZP6W7,JustSmart 水耕栽培 スポンジ 60個入り ウレタン培地 有機 苗床 室内 ガーデン 植物育成,JustSmart,JustSmart,DIY・工具・ガーデン > ガーデン > 農業・園芸用資材,17793,3,,,2580,はい,2026-02-23以降,1395,1477,標準1,282,中小候補,GO,GO,GO,,,https://www.amazon.co.jp/dp/B0B9FZP6W7,
A,B0CVDV8RYG,[カシオ] CASIO デジタル メンズ 腕時計 タイドグラフ&ムーンデータ表示機能搭載 WS-1700H-5AV カーキベージュ 海外モデル [並行輸入品],CASIO(カシオ),CASIO,ファッション > メンズ > 腕時計,39013,6,,,4680,はい,2026-02-23以降,2795,3421,標準(小型),182,大手/海外疑い,NG,GO,見送り,回転不足(消化月数>3),,https://www.amazon.co.jp/dp/B0CVDV8RYG,
A,B0D5Y2Z5NK,ディフューザー ラベンダー モアルーム ナイトムスク 安眠 170mL ルームフレグランス リードディフューザー 芳香剤 部屋用 寝室,More room(モアルーム),ノルコーポレーション,ホーム＆キッチン > インテリア > ホームフレグランス,14702,3,,,2982,はい,2026-02-23以降,1417,1505,標準1,282,中小候補,GO,GO,GO,,,https://www.amazon.co.jp/dp/B0D5Y2Z5NK,
A,B0F29B8XDF,WSKEN USB卓上扇風機 3段階風量調節 USB給電式,WSKEN,WSKEN,ホーム＆キッチン > 家電 > 空調・季節家電,18512,2,,,2209,はい,2026-02-23以降,1082,1068,標準1,282,中小候補,GO,GO,GO,,,https://www.amazon.co.jp/dp/B0F29B8XDF,
A,B0F5QQ8KXD,[YAYUPLUS] レース ベスト レディース ノースリーブ 花柄 刺繍 後ろ長め 重ね着 不規則 ニット ジレ トップス 羽織り ロングベスト 総柄 透かし,YAYUPLUS,xiangli01,ファッション > レディース > 服＆ファッション小物,20079,2,RIZHIYOU SHOP,,2580,はい,2026-02-23以降,1187,1205,標準1,282,中小候補,GO,GO,見送り,相乗り出品が基準未満（卸している証拠なし）,,https://www.amazon.co.jp/dp/B0F5QQ8KXD,
A,B0DC5VM53H,【日本メーカー品】【霧タイプ】熊よけスプレー ホワイトウルフ ベアシールド 催涙スプレー本体のみ 熊対策 熊対策グッズ くま 熊 熊撃退スプレー 熊スプレー ベ,Ｗｈｉｔｅ　Ｗｏｌｆ,エスエスボディーガード,スポーツ＆アウトドア > アウトドア > 安全対策・サバイバル,22619,2,,,3980,はい,2026-02-23以降,2067,2469,標準(小型),182,中小候補,GO,GO,GO,,,https://www.amazon.co.jp/dp/B0DC5VM53H,
A,B073VHV6JV,キャンドルのある暮らし マイクロワックス ハードタイプ 小粒状 【キャンドル パラフィンワックス マイクロクリスタリンワックス 材料】 (1kg),キャンドルのある暮らし,キャンドルのある暮らし,ホビー > プラモデル・模型 > ホビー用工具・塗装・材料,51741,3,,,2940,はい,2026-02-23以降,1488,1534,標準2,332,中小候補,GO,GO,GO,,,https://www.amazon.co.jp/dp/B073VHV6JV,
A,B0GGB1FCF2,JJC ES-73B 可逆式 レンズフード Canon RF 45mm F1.2 STM レンズ用 Canon ES-73B 互換 Ф67mm保護フィルターとレ,JJC,"Jinjiacheng Photography Equipment Co.,Ltd.",家電＆カメラ > カメラ > アクセサリ,33371,2,,,2595,はい,2026-02-23以降,1320,1655,標準(小型),182,大手/海外疑い,GO,GO,GO,,,https://www.amazon.co.jp/dp/B0GGB1FCF2,
A,B0FVSK72QK,メディアプレーヤー TV ボックス スマート tv box 智能盒子 動画再生プレイヤー mp4プレーヤー sdカード テレビで再生 4K対応 3D HD メデ,LYTDMSKY,LYTDMSKY,家電＆カメラ > テレビ・レコーダー > メディアストリーミング端末,62291,3,tao'shop,,4599,はい,2026-02-23以降,2707,3515,標準1,282,中小候補,GO,GO,見送り,相乗り出品が基準未満（卸している証拠なし）,,https://www.amazon.co.jp/dp/B0FVSK72QK,
A,B00W0VXAZ4,戦国BASARA4 皇,カプコン(CAPCOM),カプコン,ゲーム > 機種別 > レガシーシステム,3751,6,,,3880,はい,2026-02-23以降,1118,1228,標準(小型),182,中小候補,NG,GO,見送り,回転不足(消化月数>3),,https://www.amazon.co.jp/dp/B00W0VXAZ4,
A,404605591X,管理栄養士あおいさんの 子ども完食! ママらく献立 大人も一緒に食べておいしい4週間分,KADOKAWA,KADOKAWA,本 > ジャンル別 > 暮らし・健康・子育て,86842,6,,,2540,はい,2026-02-23以降,773,777,標準(小型),182,中小候補,NG,GO,見送り,回転不足(消化月数>3),,https://www.amazon.co.jp/dp/404605591X,
A,B0B9GWLZDY,[BEIBANG] ミニワンピース レディース タイトワンピース ノースリーブ キャミソール ワンピース セクシー 無地 胸元 キャバ嬢 伸縮性 ドレス(12グ,BEIBANG,,ファッション > レディース > 服＆ファッション小物,21066,3,,,2080,はい,2026-02-23以降,1056,1034,標準1,282,中小候補,GO,GO,GO,,,https://www.amazon.co.jp/dp/B0B9GWLZDY,
A,B0968SBSH8,アイファム バーチ ベビーサークル 2枚セット ベージュ ifam if110-birchbeige,ifam,アイファム,ベビー＆マタニティ > ベビー家具・収納 > ベビーサークル・プレイヤード,11152,4,,,6400,はい,2026-02-23以降,3033,3619,大型,282,中小候補,NG,GO,見送り,FBA大型サイズ / 回転不足(消化月数>3),,https://www.amazon.co.jp/dp/B0968SBSH8,
A,B0FMF9X2ZV,Letmy ソーラーライト 屋外 防水 ガーデンライト 屋外 防水IP65 高輝度 電球色 LED 15時間徹夜照明！800mAh 6個セット,LETMY,LETMY,DIY・工具・ガーデン > エクステリア > アウトドア・エクステリアライト,11121,2,,,4749,はい,2026-02-23以降,2754,3190,標準2,332,中小候補,GO,GO,GO,,,https://www.amazon.co.jp/dp/B0FMF9X2ZV,
A,B082PP1QGY,27インチ 自転車 27×1 3/8 37-630 前輪リム完組ハブダイナモ付(E2端子) ステンリム 1本 タイヤ チューブ付 シティサイクル ママチャリ E,EnergyPrice(エナジープライス),,スポーツ＆アウトドア > 自転車 > 自転車パーツ,51367,2,,,6980,はい,2026-02-23以降,4255,5217,不明,282,中小候補,GO,GO,GO,,,https://www.amazon.co.jp/dp/B082PP1QGY,
A,B0CDPYYT8Y,Z-ONE 猫 キャリー 猫 キャリーバッグ 猫 キャリーリュック 猫宇宙船 耐荷重7Kg 猫 透明 ハード 飛び出し防止 軽量 通気性 お出かけ 避難リュック,Z - ONE,Z-ONE,ペット用品 > 猫 > キャリー・カート,23214,2,,,3880,はい,2026-02-23以降,2037,2317,大型,282,中小候補,GO,GO,見送り,FBA大型サイズ,,https://www.amazon.co.jp/dp/B0CDPYYT8Y,
A,B0CKSRHF3C,ALTEED(アルティード)シフトノブ 八角形 15cm ATMT自動車汎用 M8M10M12対応 大理石マーブルデザイン,ALTEED,ALTEED,車＆バイク > カーアクセサリ > シフトノブ,23549,2,,,3960,はい,2026-02-23以降,2240,2582,標準1,282,中小候補,GO,GO,GO,,,https://www.amazon.co.jp/dp/B0CKSRHF3C,
A,B0G68XMB3F,パークレーン 折りたたみ踏み台 PRO42 幅45cm 奥行42cm 高さ42cm 耐荷重150㎏ K-11000 踏み台 折りたたみ ステップスツール 作業台,パークレーン(Park Lane),パークレーン,ホーム＆キッチン > 生活雑貨 > 踏み台・ステップ,24519,3,,,2916,はい,2026-02-23以降,1613,1762,大型,282,中小候補,GO,GO,見送り,FBA大型サイズ / Amazon本体あり(availabilityAmazon=0),,https://www.amazon.co.jp/dp/B0G68XMB3F,
A,B004QFPVB8,ルネセイコウ カラーリリィチェア 台 ブラック/ブラック CSP-320,Seiko,ルネセイコウ(Runeseikou),ホーム＆キッチン > 家具 > リビングルーム家具,108565,5,,,7999,はい,2026-02-23以降,4657,5743,大型,282,大手/海外疑い,NG,GO,見送り,FBA大型サイズ / 回転不足(消化月数>3),,https://www.amazon.co.jp/dp/B004QFPVB8,
A,B0GG9VR6WM,JJC ES-73B 可逆式 花形レンズフード Canon RF 45mm F1.2 STM レンズ用 Canon ES-73B 互換 Ф67mm保護フィルター,JJC,"Jinjiacheng Photography Equipment Co.,Ltd.",家電＆カメラ > カメラ > アクセサリ,33371,2,,,2595,はい,2026-02-23以降,1335,1675,標準(小型),182,大手/海外疑い,GO,GO,GO,,,https://www.amazon.co.jp/dp/B0GG9VR6WM,
A,B0GKDM52XZ,HIKARIDE(ヒカリデ) 光目覚まし時計 デジタル 光･大音量アラーム 2種類組合せ可能 音6種類 鳥のさえずり 波の音 起きれる ホワイト,GDT Global Dream Technology,GDT Global Dream Technology,ホーム＆キッチン > インテリア > 置き時計・掛け時計,32552,2,sology公式ストア,,3980,はい,2026-02-23以降,2305,2667,標準1,282,中小候補,GO,GO,見送り,相乗り出品が基準未満（卸している証拠なし）,,https://www.amazon.co.jp/dp/B0GKDM52XZ,
A,B07Y63WQYL,Bruce & Shark 2個 汎用タイプ 車のリアバンパー フィン カナード スプリッター ディフューザーヴァランス スポイラーリップ 傷防止 エクステンシ,Bruce & Shark(ブルース・サメ),Bruce & Shark(ブルース・サメ),車＆バイク > カーパーツ > 外装・エアロパーツ,23401,1,,,1342,はい,2026-02-23以降,581,413,大型,282,中小候補,GO,GO,見送り,FBA大型サイズ / 新品オファー数1,,https://www.amazon.co.jp/dp/B07Y63WQYL,
A,B0DQWYH5XY,For Fitbit Inspire 3 交換バンド 磁気吸着式留め具 通気ナイロンバンド スポーツバンド ベルト 簡単取り付け (デニムカラー),ROBANDOO,ROBANDOO,家電＆カメラ > 携帯電話・スマートフォン > 携帯電話・スマートフォンアクセサリ,12530,2,,,1950,はい,2026-02-23以降,879,1030,標準(小型),182,中小候補,GO,GO,GO,,,https://www.amazon.co.jp/dp/B0DQWYH5XY,
A,B0DSGTG77H,【充電式･光量アップ】 HIKARIDE(ヒカリデ) 光目覚まし時計 充電式 コードレス 光･振動･大音量アラーム 光量20300ルクス 音6種類 平日･休日ア,GDT Global Dream Technology,GDT Global Dream Technology,ホーム＆キッチン > インテリア > 置き時計・掛け時計,32552,2,,,7820,はい,2026-02-23以降,4255,5217,標準1,282,中小候補,GO,GO,GO,,,https://www.amazon.co.jp/dp/B0DSGTG77H,
A,B0G1BZ8V5Q,JEYODA ドリンクホルダー 車用 後部座席 車用シートフック 3in1 荷物掛け カップホルダー スマホホルダー 飲料収納ホルダー 車ヘッドレスト 車用収納,JEYODA,JEYODA,車＆バイク > カーアクセサリ > 収納・ホルダー,12453,2,,,2498,はい,2026-02-23以降,1129,1242,標準(小型),182,中小候補,GO,GO,GO,,,https://www.amazon.co.jp/dp/B0G1BZ8V5Q,
A,B07VL58F92,TT&CO. シールド フリップアップシールド ライトスモーク ジェットヘルメット フルフェイス ビンテージ 【スーパーマグナム/トゥーカッターに取り付け可能】,TT&CO.,TT AND COMPANY,車＆バイク > ヘルメットパーツ・アクセサリ > シールド,28559,2,,,6490,はい,2026-02-23以降,3894,4745,標準1,282,中小候補,GO,GO,GO,,,https://www.amazon.co.jp/dp/B07VL58F92,
A,B0C3WK9GV9,バンプレスト BLEACH Relax time バンビエッタ・バスターバイン,バンプレスト,バンプレスト,ホビー > フィギュア・コレクタードール,26328,3,,,3980,はい,2026-02-23以降,992,950,標準1,282,中小候補,GO,GO,GO,,,https://www.amazon.co.jp/dp/B0C3WK9GV9,
A,B0CHJ9B48Y,AIRSPEED スバル クロストレック GU系 2023-2025 専用 カーボンファイバー アクセサリー 内装パーツ センターコンソールギアシフトノブパネル,AIRSPEED,AIRSPEEDAutoPart,車＆バイク > カーパーツ > 内装パーツ,24512,2,,,3399,はい,2026-02-23以降,1732,1918,標準1,282,中小候補,GO,GO,GO,,,https://www.amazon.co.jp/dp/B0CHJ9B48Y,
A,B09B629JH3,Sasuga 抱き枕 本体 DAKICO(抱子) 160×50cm ふわふわ 高弾力,Sasuga,Sasuga,ホーム＆キッチン > 寝具 > 枕・抱き枕,66751,3,,,4880,はい,2026-02-23以降,2890,3432,大型,282,中小候補,GO,GO,見送り,FBA大型サイズ,,https://www.amazon.co.jp/dp/B09B629JH3,
A,B0CQSDPDS2,ACEZUK ジャンプスターター 一台四役 エアコンプレッサー搭載 車用ジャンプスターター 電動空気入れ (すべてのガソリン車・8Lディーゼル車対応) 12V ,ACEZUK,ACEZUK,車＆バイク > 自動車整備工具 > バッテリー用ツール,12121,2,,,7999,はい,2026-02-23以降,4217,5103,標準2,332,中小候補,GO,GO,GO,,,https://www.amazon.co.jp/dp/B0CQSDPDS2,
A,B08LYPKMLW,エレコム iPad Pro 11インチ 第4/3/2/1世代 (2022/2021/2020/2018年) iPad Air 第5/4世代 (2022/2020,エレコム(ELECOM),エレコム(ELECOM),パソコン・周辺機器 > PCアクセサリ・サプライ > タブレットアクセサリ,8624,2,,,2453,はい,2026-02-23以降,821,846,標準1,282,大手/海外疑い,GO,GO,GO,,,https://www.amazon.co.jp/dp/B08LYPKMLW,
A,B06Y5M6Y1T,Szmsmyテールライト用 サイド ライセンスプレート 取り付けブラケット forハーレーオートバイ対応 - シルバー,szmsmy,szmsmy,車＆バイク > バイクパーツ > バイク外装パーツ,86202,2,,,1800,はい,2026-02-23以降,876,798,標準1,282,中小候補,GO,GO,GO,,,https://www.amazon.co.jp/dp/B06Y5M6Y1T,
A,B0DJNWM3CF,[SecretDoor] アイボリー 三つ折り財布 レディース コンパクト財布 ミニ財布 女性 ミニ ブランド 可愛い コンパクト 折りたたみ 財布 使いやすい,SecretDoor,,ファッション > レディース > バッグ・財布,45556,5,,,2310,いいえ,繰越(境界後の記録なし),1319,1491,標準(小型),182,中小候補,NG,GO,見送り,回転不足(消化月数>3),,https://www.amazon.co.jp/dp/B0DJNWM3CF,
A,B0FMK33VGM,イヤホン bluetooth ワイヤレスイヤホン【音質重視モデル 究極フィット イヤーカフ型】 Bluetooth5.4 オープンイヤー ゼロ圧迫設計 臨場感あ,Hydro Flask,Hydro Flask,家電＆カメラ > イヤホン・ヘッドホン > イヤホン・ヘッドホン本体,19626,6,,,3445,はい,2026-02-23以降,1539,1965,標準(小型),182,中小候補,NG,GO,見送り,回転不足(消化月数>3),,https://www.amazon.co.jp/dp/B0FMK33VGM,
A,B07F8P59N7,WEIMALL メタルラック カラーラック 3段 耐荷重150kg 幅50×奥行30×高さ80cm ポール径19mm スチールラック (ブラック),ウェイモール (WEIMALL),WEIMALL,産業・研究開発用品 > 飲食店舗用品 > 食品運搬・保管用品,8537,2,,,3760,はい,2026-02-23以降,2039,2498,不明,282,中小候補,GO,GO,見送り,除外カテゴリ,,https://www.amazon.co.jp/dp/B07F8P59N7,
A,B0946CZFVK,ディップススタンド【2個セット 耐荷重180kg】セーフティーコネクター付き プッシュアップバー 腕立て伏せ 全身 上半身 腹筋 自重トレーニング,iimono117 Bandiera,iimono117 Bandiera,スポーツ＆アウトドア > フィットネス・トレーニング > 筋力トレーニング,26539,2,,,5980,はい,2026-02-23以降,3280,3942,大型,282,中小候補,GO,GO,見送り,FBA大型サイズ,,https://www.amazon.co.jp/dp/B0946CZFVK,
A,B01DIUH3E4,パナソニック(Panasonic) 天井取付熱線センサ付自動スイッチ(子器・ WTK29129,パナソニック(Panasonic),パナソニック(Panasonic),DIY・工具・ガーデン > 電設 > スイッチカバー・プレート,19387,7,,,5980,はい,2026-02-23以降,2366,2860,標準(小型),182,大手/海外疑い,NG,GO,見送り,新品オファー数7 / 回転不足(消化月数>3),,https://www.amazon.co.jp/dp/B01DIUH3E4,
A,B00XTQKK7A,四月は君の嘘 コミック 全11巻完結セット コミック (講談社コミックス月刊マガジン),講談社,講談社,本 > ジャンル別 > コミック・ラノベ・BL,37039,3,,,5212,はい,2026-02-23以降,3022,3540,標準2,332,中小候補,NG,GO,見送り,回転不足(消化月数>3),,https://www.amazon.co.jp/dp/B00XTQKK7A,
A,B0CP749JJ7,KADOKAWA PLASTIC MODEL SERIES 「この素晴らしい世界に祝福を! 3」 めぐみん 色分け済みプラスチックモデル,KADOKAWA,KADOKAWA,ホビー > プラモデル・模型 > プラモデル,24021,2,,,7800,はい,2026-02-23以降,4138,5064,標準1,282,中小候補,GO,GO,GO,,,https://www.amazon.co.jp/dp/B0CP749JJ7,
A,B00Y0D6BWY,パナソニック(Panasonic) コスモシリーズワイド21 コンセントプレートラウンド1連用 3個用 ホワイト WTF7003W(10個入),パナソニック(Panasonic),パナソニック(Panasonic),DIY・工具・ガーデン > 電設 > スイッチカバー・プレート,52279,6,,,2700,はい,2026-02-23以降,741,735,標準(小型),182,大手/海外疑い,NG,GO,見送り,回転不足(消化月数>3),,https://www.amazon.co.jp/dp/B00Y0D6BWY,
A,4822249808,シグナル&ノイズ 天才データアナリストの「予測学」,日経BP,日経BP,本 > ジャンル別 > ビジネス・経済,219651,4,,,7200,はい,2026-02-23以降,1862,2088,標準1,282,中小候補,NG,GO,見送り,回転不足(消化月数>3),,https://www.amazon.co.jp/dp/4822249808,
A,B0CC2WQJ91,adelphos 理学療法士監修 うつ伏せ枕 抱き枕 エアー クッション 飛行機 電車 バス 旅行 枕 携帯枕 仮眠 エアーピロー 収納袋付 AIR3S (グレ,adelphos,adelphos,ホーム＆キッチン > 寝具 > 枕・抱き枕,57182,2,,,2980,はい,2026-02-23以降,1461,1563,標準1,282,中小候補,GO,GO,GO,,,https://www.amazon.co.jp/dp/B0CC2WQJ91,
A,B0CSYNZTY3,ダブルソケットLEDクリップライト 目に優しいディスプレイライト 360度グースネックホース コンピュータモニター照明に適用 タッチ無段階調光3000K-650,Bodun,Bodun,ホーム＆キッチン > 家電 > 照明,26004,2,,,1999,はい,2026-02-23以降,990,947,標準1,282,中小候補,GO,GO,GO,,,https://www.amazon.co.jp/dp/B0CSYNZTY3,
A,B09VZD2HNS,マルカン CASA チンチラの清潔サンド 2kg×4袋セット (4個セット),ノーブランド品,マルカン,ペット用品 > 小動物 > 飼育ケージ・アクセサリ,8204,4,,,2380,はい,2026-02-23以降,1215,1177,標準2,332,中小候補,NG,GO,見送り,回転不足(消化月数>3),,https://www.amazon.co.jp/dp/B09VZD2HNS,
A,B0C6PHJ39C,AIRSPEED トヨタ GR86 ZN8 スバル BRZ ZD8 2021-2025 専用 アクセサリーパーツ カーボンファイバー カーサイドドアガード ドア,AIRSPEED,,車＆バイク > カーパーツ > 外装・エアロパーツ,28865,2,,,1899,はい,2026-02-23以降,990,1061,標準(小型),182,中小候補,GO,GO,GO,,,https://www.amazon.co.jp/dp/B0C6PHJ39C,
A,B0CHRC2HNF,ORALUCE LEDシーリングライト ~6畳 Alexa認定 RGB間接光 無段階調光・調色 24W 2800lm 2.4GHz リモコン付 照明器具 天井 ,ORALUCE,ORALUCE,ホーム＆キッチン > 家電 > 照明,27099,2,,,3799,はい,2026-02-23以降,1647,1806,標準1,282,中小候補,GO,GO,GO,,,https://www.amazon.co.jp/dp/B0CHRC2HNF,
A,B0C4GYS3QP,CFカード メモリーカード CFexpress シリコンパワー コンパクトフラッシュカード 使いやすい 高性能 VOD 広告機 デジカメ 転送高速 正規品 (8,Topsky,Topsky,パソコン・周辺機器 > PCアクセサリ・サプライ > メモリーカード,14060,1,,,1799,はい,2026-02-23以降,928,1100,標準(小型),182,中小候補,GO,GO,見送り,新品オファー数1,,https://www.amazon.co.jp/dp/B0C4GYS3QP,
A,B0D8634RHB,[ZHENGTU] ワンピース 花柄 レディース 綿麻 夏 ドレス クルーネック 体型カバー 半袖 ひざ丈 フラワー 可愛い 大きいサイズ 柔らかい 普段着 カ,ZHENGTU,,ファッション > レディース > 服＆ファッション小物,122494,2,,,3390,はい,2026-02-23以降,1811,2021,標準1,282,中小候補,GO,GO,GO,,,https://www.amazon.co.jp/dp/B0D8634RHB,
A,B0FBGMM41B,アタッシュケース アルミ 小型 スポンジ ジュラルミンケース 展示用箱 便利開閉 工具箱 工具収納ション付き 多機能 小物収納ケースボックス アクセサリー収納ボ,LKHGCT,LKHGCT,ホーム＆キッチン > 収納用品 > 収納ケース・ボックス,67694,2,,,1999,はい,2026-02-23以降,922,972,標準(小型),182,中小候補,GO,GO,GO,,,https://www.amazon.co.jp/dp/B0FBGMM41B,
A,B08JGSNN8Z,エレコム タブレット用スタンド Zアーム型床置スタンド 5~12.9インチ対応 ホワイト TB-DSZARMFWH,エレコム(ELECOM),エレコム(ELECOM),パソコン・周辺機器 > PCアクセサリ・サプライ > タブレットアクセサリ,16985,5,,,4592,はい,2026-02-23以降,2113,2615,標準2,332,大手/海外疑い,NG,GO,見送り,回転不足(消化月数>3),,https://www.amazon.co.jp/dp/B08JGSNN8Z,
A,4315528668,別冊　次元とは何か　改訂版 (Newton別冊),ニュートンプレス,ニュートンプレス,本 > ジャンル別 > ノンフィクション,266530,5,,,3080,はい,2026-02-23以降,966,916,標準1,282,中小候補,NG,GO,見送り,回転不足(消化月数>3),,https://www.amazon.co.jp/dp/4315528668,
A,B0CJVNHKNX,adelphos 円座クッション 痔 産後 尾てい骨 持ち運び 男性 女性 妊婦 空気 エアークッション エアーマット 空気 椅子 車 車椅子 クッション 座布,adelphos,adelphos,ホーム＆キッチン > ラグ・カーテン・ファブリック > クッション・座布団,44948,2,,,1980,はい,2026-02-23以降,876,798,標準1,282,中小候補,GO,GO,GO,,,https://www.amazon.co.jp/dp/B0CJVNHKNX,
A,B0DWXHHHY8,KN95マスク 5層 CNAS認証済み マスク 不織布 立体構造 通気性 曇りにくい 耳の長さ調整可能 耳が痛くなりにくい ホワイト 20枚入り,快適設計IBR,株式会社アイ・ビー・アール,産業・研究開発用品 > 業務用医療用品 > 着衣・手袋,9321,4,,,1760,はい,2026-02-23以降,846,873,標準(小型),182,中小候補,NG,GO,見送り,回転不足(消化月数>3),,https://www.amazon.co.jp/dp/B0DWXHHHY8,
A,B01DP7M67O,ナポレックス 車用 サンシェード ぱっシェード (ディズニー ミッキー) 2枚入 吸盤4個付 折りたためてコンパクト 簡単取付け 44.5×36.5cm NAP,ナポレックス(Napolex),株式会社EXIZZLE-LINE,ベビー＆マタニティ > チャイルドシート > カーアクセサリ,5666,2,,,1575,はい,2026-02-23以降,831,853,標準(小型),182,中小候補,GO,GO,GO,,,https://www.amazon.co.jp/dp/B01DP7M67O,
A,B017TQOJHW,シチズン(CITIZEN) 歩数計 TWT512-PK ストロベリーアイス 約10万歩計測可能 3D加速度センサー方式 日付・時計表示 目標設定機能,CITIZEN,CITIZEN(シチズン),ホーム＆キッチン > 家電 > 健康家電,35731,6,,,2790,はい,2026-02-23以降,1631,1899,標準(小型),182,中小候補,NG,GO,見送り,回転不足(消化月数>3),,https://www.amazon.co.jp/dp/B017TQOJHW,
A,B0FBWQGDKC,[ナイガイ] SHORT BRIM CAP 【2nd】 アンパイヤキャップ ショートブリム 小つば 短ツバ 登山 ランニング トレイルランニング トレラン キャ,NAIGAI(ナイガイ),ナイガイ,ファッション > メンズ > 服＆ファッション小物,22530,2,ナイガイ公式ショップ アマゾン店 / 0101マルイ（丸井）,,2200,はい,2026-02-23以降,1248,1398,標準(小型),182,中小候補,GO,GO,GO,,,https://www.amazon.co.jp/dp/B0FBWQGDKC,
A,B0BT4DLYF6,[ｋｏｎｔｅｘ] 【コンテックス】今治サウナハット ＜55847-021＞フォーカス ポケット付 大きめサウナハット(ネイビー),ｋｏｎｔｅｘ,,ファッション > メンズ > 服＆ファッション小物,47202,3,,,5500,はい,2026-02-23以降,3114,3725,標準1,282,中小候補,GO,GO,GO,,,https://www.amazon.co.jp/dp/B0BT4DLYF6,
A,B0F3CVBH3M,アディダス ショルダーバッグ ユーティリティー クロスボディーバッグ メンズ KLA24 ブラック (JM7150),adidas(アディダス),adidas(アディダス),ファッション > メンズ > バッグ・財布,135060,4,,,3800,はい,2026-02-23以降,1159,1168,大型,282,大手/海外疑い,NG,GO,見送り,FBA大型サイズ / 回転不足(消化月数>3),,https://www.amazon.co.jp/dp/B0F3CVBH3M,
A,B0FPPNBDRP,折りたたみ式デリバリーボックス (宅配ボックス/KHAKI) おしゃれ 簡易型 コンパクト 大容量 簡単設置 折りたたみ（防水 蓄光),MAISON EQUAR,株式会社クリアグローブ,DIY・工具・ガーデン > エクステリア > 郵便受け・メールボックス,45248,2,,,3690,はい,2026-02-23以降,1986,2250,大型,282,中小候補,GO,GO,見送り,FBA大型サイズ,,https://www.amazon.co.jp/dp/B0FPPNBDRP,
A,B00LHQ9AT8,[ATSUKO MATANO] 人気 ブランド エプロン （マタノ アツコ ） ポケット の 黒 猫 が かわいい エプロン (ハウス ウェア 28301 (ブ,ATSUKO MATANO,株式会社イトヒコ,ホーム＆キッチン > キッチン用品 > エプロン・キッチンファブリック,173595,2,,,3800,はい,2026-02-23以降,2123,2429,標準1,282,中小候補,GO,GO,GO,,,https://www.amazon.co.jp/dp/B00LHQ9AT8,
A,B0G5XGHLW9,腰袋 釘袋 快速着脱工具ベルトバッグ 回転フックで落下防止 工具差し 軽量防水 現場作業/DIYに最適腰袋 バネ式開閉 着脱式工具ホルダー付き ベルト装着可能 ,XCSZZESD,XCSZZESD,DIY・工具・ガーデン > 大工道具・用品 > 工具差し・腰袋,44795,2,,,3399,はい,2026-02-23以降,1905,2144,標準1,282,中小候補,GO,GO,GO,,,https://www.amazon.co.jp/dp/B0G5XGHLW9,
A,B078J1BKBX,PH PandaHall ワニカン カシメ 約680個/箱 6サイズ4色 リボン留め 紐止め 留め金具 ワニ口 基礎パーツ クリップ ジュェリー用 アクセサリー,PH PandaHall,PH PandaHall,ホビー > 手芸・画材 > ビーズ・レジン・アクセサリ,10416,2,,,2129,はい,2026-02-23以降,1088,1075,標準1,282,中小候補,GO,GO,GO,,,https://www.amazon.co.jp/dp/B078J1BKBX,
A,B0FHBKTTKR,バイク用 ラジエターキャップカバー CNCアルミ製 Z900RS / Z900RS CAFE / Z650RS / Z650RS CAFE（2021-2025）,CHINGLAY,CHINGLAY,車＆バイク > バイクパーツ > バイクエンジン冷却パーツ,21121,2,,,1800,はい,2026-02-23以降,976,1042,標準(小型),182,中小候補,GO,GO,GO,,,https://www.amazon.co.jp/dp/B0FHBKTTKR,
A,B0CXSW6RCF,チューナーメトロノーム TDM-710IV アイボリー + チューナー用マイク TM-40 セット (TM-40 ピンク),ノーブランド品,ノーブランド,楽器・音響機器 > アクセサリ > チューナー,6398,2,,,7920,はい,2026-02-23以降,4914,6192,標準(小型),182,中小候補,GO,GO,GO,,,https://www.amazon.co.jp/dp/B0CXSW6RCF,
A,B0FBRDX9CQ,MAQUIA　2025年8月号増刊,集英社,集英社,本 > ジャンル別 > 雑誌,85012,3,,,2000,はい,2026-02-23以降,355,117,標準1,282,中小候補,GO,GO,GO,,,https://www.amazon.co.jp/dp/B0FBRDX9CQ,
A,B07GY5RX6Z,BigFox LEDライト スリムタイプ キッチンライト 電池式 リモコン付き 10段階調光可能 タイマー機能 磁石付き 工事不要 棚下照明 簡単設置 省エネ ,BigFox,BigFox,ホーム＆キッチン > 家電 > 照明,164678,2,,,2738,はい,2026-02-23以降,1480,1588,標準1,282,中小候補,GO,GO,GO,,,https://www.amazon.co.jp/dp/B07GY5RX6Z,
A,B0C8MW997Q,パターカバー キーリング付き ピンタイプ スコッティーキャメロ ン オデッセイに適合 マグネット開閉式 磁石タイプ クローバー (黒) ブラック,セレクトプラザ,セレクトプラザ,スポーツ＆アウトドア > ゴルフ > アクセサリ,6817,2,,,1580,はい,2026-02-23以降,683,660,標準(小型),182,中小候補,GO,GO,GO,,,https://www.amazon.co.jp/dp/B0C8MW997Q,
A,B0CD7D7SJQ,[キャンディーシュガー] CandySugar 合皮 スクールバッグ 高校生 女子ロゴ 型押 通学用 (黒),Candy Sugar(キャンディーシュガー),,ファッション > バッグ・スーツケース > リュック・バックパック,17764,2,,,7150,はい,2026-02-23以降,4272,5239,大型,282,中小候補,GO,GO,見送り,FBA大型サイズ,,https://www.amazon.co.jp/dp/B0CD7D7SJQ,
A,B0CHBG6N1H,FENDERグリップハンドとフィンガーエクササイザー。ギタリスト、ベーシスト、バイオリニスト用。,Fender(フェンダー),"Barrett Productions, LLC",楽器・音響機器 > ギター > ギターアクセサリ,466,3,,,6192,はい,2026-02-23以降,1747,2051,標準(小型),182,中小候補,GO,GO,GO,,,https://www.amazon.co.jp/dp/B0CHBG6N1H,
A,B018G8XVY4,スミス・アンド・ネフュー ウンド マネジメント　メロリン未滅菌　20×30cm　25枚入　66974944 …,メロリン,,産業・研究開発用品 > 業務用医療用品 > 創傷ケア・包帯,5598,4,,,5723,はい,2026-02-23以降,3400,4100,標準1,282,中小候補,NG,GO,見送り,回転不足(消化月数>3),,https://www.amazon.co.jp/dp/B018G8XVY4,
A,B00PVWBTP2,冷却ネッククーラー【2024夏】MAGICOOL(マジクール) さらさら肌触り リボンタイプ (ピンク) 吸水だけで冷感持続 熱中対策 シリーズ累計900万本突,大作商事,大作商事,ホーム＆キッチン > 生活雑貨 > 冷却タオル,46580,4,,,1999,はい,2026-02-23以降,865,898,標準(小型),182,中小候補,NG,GO,見送り,回転不足(消化月数>3),,https://www.amazon.co.jp/dp/B00PVWBTP2,
A,B018G5E00G,スミス・アンド・ネフュー ウンド マネジメント　メロリン未滅菌　10×20cm　75枚入　66974943 …,メロリン,スミス・アンド・ネフュー,産業・研究開発用品 > 業務用医療用品 > 創傷ケア・包帯,5581,3,,,8010,はい,2026-02-23以降,3437,4147,標準1,282,中小候補,GO,GO,GO,,,https://www.amazon.co.jp/dp/B018G5E00G,
A,B0BB1SCJHK,Ntcpefy 耐久性のある革と金属のバックル電気ギターストラップベルトショルダーパッド調節可能なヴィンテージギターストラップ-ブラックカラー,Ntcpefy,Ntcpefy,楽器・音響機器 > ギター > ギターアクセサリ,5324,5,,,1950,はい,2026-02-23以降,985,941,標準1,282,中小候補,NG,GO,見送り,回転不足(消化月数>3),,https://www.amazon.co.jp/dp/B0BB1SCJHK,
A,B07MNVQ8T4,FIELDOOR テントポール 4本連結セット 219cm 【ブラック】 ペグ＆ロープ付 分割式 タープ キャノピー キャンプ,FIELDOOR(フィールドア),コンポジット,スポーツ＆アウトドア > アウトドア > テント,16993,2,,,2100,はい,2026-02-23以降,961,910,大型,282,中小候補,GO,GO,見送り,FBA大型サイズ,,https://www.amazon.co.jp/dp/B07MNVQ8T4,
A,B0G1BXTF3L,JEYODA ドリンクホルダー 車用 後部座席 車用シートフック 3in1 荷物掛け カップホルダー スマホホルダー 飲料収納ホルダー 車ヘッドレスト 車用収納,JEYODA,JEYODA,車＆バイク > カーアクセサリ > 収納・ホルダー,12462,2,,,2497,はい,2026-02-23以降,1128,1241,標準(小型),182,中小候補,GO,GO,GO,,,https://www.amazon.co.jp/dp/B0G1BXTF3L,
A,B074H3MKLK,ベッセル(VESSEL) ボールグリップドライバー No.220 プラス2×100・マイナス6×100 2本組,,ベッセル(VESSEL),DIY・工具・ガーデン > 作業工具 > ねじ用ドライバー・ナットドライバー,14978,4,,,1780,はい,2026-02-23以降,949,1007,標準(小型),182,中小候補,NG,GO,見送り,回転不足(消化月数>3),,https://www.amazon.co.jp/dp/B074H3MKLK,
A,B092QSZJJQ,三菱鉛筆 ポスカ ラメポスカ 極細 PC-1M/PC-1ML 全28色セット + ロコネコ試筆用紙セット,ロコネコ(LOCONEKO),三菱鉛筆,文房具・オフィス用品 > 筆記具 > マーカー・蛍光ペン,7433,2,,,6282,はい,2026-02-23以降,3801,4623,標準1,282,中小候補,GO,GO,GO,,,https://www.amazon.co.jp/dp/B092QSZJJQ,
A,B0GH7V7W2Y,【正規品】JF-20-T 交換用浄水器カートリッジ オールインワン浄水栓 取替用浄水器カートリッジ 一体型浄水栓 交換用 抗菌 高塩素除去 JF-22 JF-2,Somirei,SR20,ホーム＆キッチン > キッチン用品 > 浄水器・整水器,13673,3,,,3280,はい,2026-02-23以降,1950,2316,標準(小型),182,中小候補,GO,GO,GO,,,https://www.amazon.co.jp/dp/B0GH7V7W2Y,
A,B0CBHYQG57,[カインズ] CAINZ 掃除もできるスリッパ グレー L 25〜27cm おそうじスリッパ 時短 室内履き ルームシューズ,カインズ,カインズ,ファッション > メンズ > シューズ,31694,3,,,1780,はい,2026-02-23以降,550,372,標準1,282,中小候補,GO,GO,GO,,,https://www.amazon.co.jp/dp/B0CBHYQG57,
A,B0F7R6B7G8,CHYG ペットドライブ シート ドア保護シート 犬 車シートカバーサイド保護カバー助手席の窓に汚れ 爪傷防止 ドアの傷防止カー用品 犬用 猫用 旅行 アウトド,CHYG,CHYG,ペット用品 > 犬 > おでかけ用品,36392,2,Semaxy-登録番号6640451,,1867,はい,2026-02-23以降,1019,1098,標準(小型),182,中小候補,GO,GO,見送り,相乗り出品が基準未満（卸している証拠なし）,,https://www.amazon.co.jp/dp/B0F7R6B7G8,
A,B07RNWFRDK,エフ・アール・シー NEXTEC 防災ラジオ NX-W109RD YW (W) 緊急地震速報・緊急津波速報・緊急警報放送・防災同報無線(アナログのみ)対応｜選べ,NEXTEC,F.R.C.,家電＆カメラ > ポータブルオーディオ > ポータブルラジオ,20246,5,,,4980,はい,2026-02-23以降,3022,4063,標準(小型),182,中小候補,NG,GO,見送り,回転不足(消化月数>3),,https://www.amazon.co.jp/dp/B07RNWFRDK,
A,B07VGRCW32,【仏具おりん】 ベルスリム 清らかな音色が美しいモダンおりん 仏具 おりん 手元供養,ノーブランド品,ノーブランド,ホーム＆キッチン > 仏具・神具 > りん,55594,2,,,7333,はい,2026-02-23以降,3936,4913,標準(小型),182,中小候補,GO,GO,GO,,,https://www.amazon.co.jp/dp/B07VGRCW32,
A,B07XVW8D5W,アスカ 机上台 ポータブルデスク DSK03 引き出し収納 持ち運び可 ノートパソコン 学習 読書 角度10°木目,アスミックス(Asmix),アスミックス(Asmix),文房具・オフィス用品 > 事務用品 > 机上用品・文具収納,5935,2,,,5600,はい,2026-02-23以降,2549,2986,標準1,282,中小候補,GO,GO,GO,,,https://www.amazon.co.jp/dp/B07XVW8D5W,
A,B0DDBMWFCX,ラスタバナナ ケース カバー iPhone16 専用 手帳型 ハイブリッド フタ付き 猫耳 mimi スモーキーブルー 8104IP461BHPSBL,ラスタバナナ,テレホンリース,家電＆カメラ > 携帯電話・スマートフォン > 携帯電話・スマートフォンアクセサリ,12221,3,,,2593,はい,2026-02-23以降,1503,1913,標準(小型),182,中小候補,NG,GO,見送り,回転不足(消化月数>3),,https://www.amazon.co.jp/dp/B0DDBMWFCX,
A,B09N9H8DBK,【最強爆光】Aokyoung ウインカー T20 LED シングル アンバー オレンジ ピンチ部違い 7440 W21W WY21W LEDバルブ ウィンカー ,Aokyoung,Aokyoung,車＆バイク > カーパーツ > ライト・ランプ,72231,2,,,1599,はい,2026-02-23以降,694,674,標準(小型),182,中小候補,GO,GO,GO,,,https://www.amazon.co.jp/dp/B09N9H8DBK,
A,B0BN2S7RY7,ONKYOU 高性能 卓上シーラー 200 300 400型 インパルス ポリ シーラー 溶断式 溶着式へ変換可 インテリジェント ハンディスーパー 家庭 業務,Onkyo,ONKYOU,DIY・工具・ガーデン > 電動工具・エア工具 > 溶接工具,28377,4,,,2451,はい,2026-02-23以降,678,475,標準2,332,中小候補,NG,GO,見送り,回転不足(消化月数>3),,https://www.amazon.co.jp/dp/B0BN2S7RY7,
A,B0CDK1F3GJ,Gowell ゴーウェル バッグ＆洋服とめるベルト (ブラック),ゴーウェル(Gowell),トレードワークス,ファッション > バッグ・スーツケース > トラベルアクセサリ,18926,6,,,1870,はい,2026-02-23以降,714,700,標準(小型),182,中小候補,NG,GO,見送り,回転不足(消化月数>3),,https://www.amazon.co.jp/dp/B0CDK1F3GJ,
A,B0DV2FD2S5,BURTLE バートル エアークラフト 2025年モデル デバイスバッグ(※AC09/AC08バッテリー専用) レッド AC09-4 86 F,BURTLE,バートル(Burtle),DIY・工具・ガーデン > 大工道具・用品 > 工具差し・腰袋,17149,4,,,2820,はい,2026-02-23以降,1573,1823,標準(小型),182,大手/海外疑い,NG,GO,見送り,回転不足(消化月数>3),,https://www.amazon.co.jp/dp/B0DV2FD2S5,
A,B001V5IZ4Q,尾上製作所(ONOE) パラソルスタンド12Lブルー OP-12-BL [のぼりスタンド兼用 水・砂をおもりに],尾上製作所(ONOE),尾上製作所(ONOE),スポーツ＆アウトドア > アウトドア > ビーチ用品,49439,5,,,2780,はい,2026-02-23以降,802,702,大型,282,中小候補,NG,GO,見送り,FBA大型サイズ / 回転不足(消化月数>3),,https://www.amazon.co.jp/dp/B001V5IZ4Q,
A,B0D87578QV,[イザヴェル] 家事をおしゃれに ロング丈ドレスエプロン ワンピースエプロン サンフラワー ブルー,イザヴェル,,ホーム＆キッチン > キッチン用品 > エプロン・キッチンファブリック,27457,3,,,2565,はい,2026-02-23以降,1209,1234,標準1,282,中小候補,GO,GO,GO,,,https://www.amazon.co.jp/dp/B0D87578QV,
A,B07D5C9Y5B,[ベン デイビス]ショルダーバッグ BOXロゴテープ ショルダー ブラック×ブラック,BEN DAVIS(ベンディビス),BEN DAVIS,家電＆カメラ > カメラ > アクセサリ,47034,5,,,3646,はい,2026-02-23以降,1669,2046,標準1,282,中小候補,NG,GO,見送り,Amazon本体あり(availabilityAmazon=0) / 回転不足(消化月数>3),,https://www.amazon.co.jp/dp/B07D5C9Y5B,
A,B00KHIJ0II,Honda(ホンダ) フロントキャリア リトルカブ(AA01)用 08L40-GCN-000A,Honda,ホンダ(Honda),車＆バイク > バイクバッグ・ケース > キャリア,11455,2,,,3166,はい,2026-02-23以降,1378,1455,標準1,282,中小候補,GO,GO,GO,,,https://www.amazon.co.jp/dp/B00KHIJ0II,
A,B0B8P9FWZ4,INTEX(インテックス) 浮き輪 チューブ タイムレスチューブ 114cm 【色指定不可】 [日本正規品] 56269,INTEX,インテックス(Intex),おもちゃ > アクション・スポーツトイ > プール・水遊び,10433,5,,,1800,はい,2026-02-23以降,680,542,標準1,282,中小候補,NG,GO,見送り,回転不足(消化月数>3),,https://www.amazon.co.jp/dp/B0B8P9FWZ4,
A,B0CM8S43CW,[育児日記]育児ダイアリー/うさぎ クローズピン A5 ベビーダイアリー 記録帳 グッズ 通販,クローズピン,クローズピン,ベビー＆マタニティ > 出産祝い・ギフト・メモリアル > メモリアルグッズ,3590,3,,,1650,はい,2026-02-23以降,693,559,標準1,282,中小候補,GO,GO,GO,,,https://www.amazon.co.jp/dp/B0CM8S43CW,
A,B0C9PWJB69,タイムカードラック タイムカード入れ 12枚用 タイムカードホルダー ICカードラック ICカードホルダー 壁掛け 立て掛け シール 取付ネジ付き,Ｓｅａ　ｔｈｅ　Ｓｔａｒｓ,seathestars,文房具・オフィス用品 > オフィス機器 > タイムカード用品,6255,2,,,1880,はい,2026-02-23以降,915,849,標準1,282,中小候補,GO,GO,GO,,,https://www.amazon.co.jp/dp/B0C9PWJB69,
A,B003AQGU32,三菱電機 コンパクト形蛍光ランプ FHT32EX-N 昼白色 1個入り,三菱電機(MITSUBISHI ELECTRIC),三菱,ホーム＆キッチン > 家電 > 照明,49427,4,,,2480,はい,2026-02-23以降,793,803,標準(小型),182,中小候補,NG,GO,見送り,回転不足(消化月数>3),,https://www.amazon.co.jp/dp/B003AQGU32,
A,B0DM6D3MMG,iFace BeBling Wave AirPods/AirPods Pro ポーチ (ホワイトオーロラ),Hamee(ハミィ),Hamee(ハミィ),家電＆カメラ > イヤホン・ヘッドホン > イヤホン・ヘッドホンケース,14908,4,,,1748,はい,2026-02-23以降,954,1136,標準(小型),182,中小候補,NG,GO,見送り,回転不足(消化月数>3),,https://www.amazon.co.jp/dp/B0DM6D3MMG,
A,B0DW3YL12C,[Ligwon] 地雷系 服 コスプレ セットアップ ゴスロリ かわいい レディース 長袖 病みかわいい 上下セット ミニスカート ケーキ スカート レディース,Ligwon,,ホビー > コスプレ・仮装 > コスチューム,30021,2,,,4590,はい,2026-02-23以降,2701,3185,標準1,282,中小候補,GO,GO,GO,,,https://www.amazon.co.jp/dp/B0DW3YL12C,
A,B0G5PKF8J8,UTAET ウタエット (グリーン) プロイデア PROIDEA 国内正規品 ボイトレ 消音 自宅で熱唱 カラオケ練習 腹式呼吸トレーニング 【スタンダードモデ,ノーブランド品,ドリーム,楽器・音響機器 > マイク,705,2,,,3180,はい,2026-02-23以降,1764,1959,標準1,282,中小候補,GO,GO,GO,,,https://www.amazon.co.jp/dp/B0G5PKF8J8,
A,B0DPK288PG,eSynic LAN分配器 小型 1000Mbps ネットワーク LANスプリッター(1入力3出力),eSynic,eSynic,パソコン・周辺機器 > 無線LAN・ネットワーク機器 > スイッチングハブ,54320,2,,,2499,はい,2026-02-23以降,1311,1642,標準(小型),182,中小候補,GO,GO,GO,,,https://www.amazon.co.jp/dp/B0DPK288PG,
A,B0D62JXVKK,カーテシライト 車用 カーテシーランプ トヨタ ランドクルーザー ランクル 250系 ロゴ カーテシライト ドアライト 2個セットドア 適合 Land crui,uuakarin,uuakarin,車＆バイク > カーパーツ > 電子パーツ,46392,2,,,2599,はい,2026-02-23以降,1169,1295,標準(小型),182,中小候補,GO,GO,GO,,,https://www.amazon.co.jp/dp/B0D62JXVKK,
A,B0CR74FHYQ,アクリル本舗 缶バッジ ディスプレイスタンド 棚 収納 アクスタ ディスプレイ台 コレクションケース キーホルダー アクリルスタンド スタンド付き 展示台 陳列,アクリル本舗,,ホビー > コレクターアイテム > 収納・ディスプレイ,11049,2,,,2380,はい,2026-02-23以降,1095,1085,標準1,282,中小候補,GO,GO,GO,,,https://www.amazon.co.jp/dp/B0CR74FHYQ,
A,B07MJ4WLB7,Lieben(リーベン) 日傘 uvカット 遮光 折傘 シルバーレース ひんやり傘 折りたたみ LIEBEN-0546 (ネイビー),Lieben(リーベン),Lieben(リーベン),ファッション > レディース > 服＆ファッション小物,74164,2,,,4980,はい,2026-02-23以降,2922,3474,標準1,282,中小候補,GO,GO,GO,,,https://www.amazon.co.jp/dp/B07MJ4WLB7,
A,B0888M7BVH,アイウィス(IWISS) 太陽光 ソーラーパネル MC4ソーラーの切断・圧着・コネクタ組立 工具セット2.5/4/6mm2対応 KIT-LY-2546B Sol,IWISS,IWISS,DIY・工具・ガーデン > 作業工具 > カッター,11645,2,,,4480,はい,2026-02-23以降,2521,2885,標準2,332,中小候補,GO,GO,GO,,,https://www.amazon.co.jp/dp/B0888M7BVH,
A,B0GJLSH3MG,[カシオ] CASIO スタンダード デジタル メンズ 腕時計 AE-1700H-1AV ブラックベゼル 海外モデル [並行輸入品],CASIO(カシオ),CASIO,ファッション > メンズ > 腕時計,62359,4,,,6200,はい,2026-02-23以降,3679,4577,標準(小型),182,大手/海外疑い,NG,GO,見送り,回転不足(消化月数>3),,https://www.amazon.co.jp/dp/B0GJLSH3MG,
A,B08Q7Y3XCR,ターナー色彩(Turner Color) メディウム U-35 ジェッソ UA001910 1000ml ホワイト,ターナー色彩(Turner Color),ターナー色彩(Turner Colour),ホビー > 手芸・画材 > 描画・絵画,16002,5,,,3146,はい,2026-02-23以降,1001,898,標準2,332,中小候補,NG,GO,見送り,回転不足(消化月数>3),,https://www.amazon.co.jp/dp/B08Q7Y3XCR,
A,B00HS97IXS,カーブミラー 直径60cm 屋外 【 支柱径4.5cm以上対応 割れにくい 】 大型 ガレージミラー 道路反射鏡 アクリル製 車庫 駐車場 安全確認,life_mart,life_mart,DIY・工具・ガーデン > エクステリア > カーポート・車庫アクセサリ,10998,2,,,3980,はい,2026-02-23以降,2305,2667,大型,282,中小候補,GO,GO,見送り,FBA大型サイズ,,https://www.amazon.co.jp/dp/B00HS97IXS,
A,B0FB8D1KFW,胸元カバー ブローチ 開き 隠す クリップ チラ見え防止 洋服 留め具 服に穴を開けない ノーピン 滑り止め付き 軽い 生地傷めない レディース (華咲くブロー,meidai(メイダイ),メイダイ,ファッション > レディース > 服＆ファッション小物,14932,4,,,2178,はい,2026-02-23以降,1162,1286,標準(小型),182,中小候補,NG,GO,見送り,回転不足(消化月数>3),,https://www.amazon.co.jp/dp/B0FB8D1KFW,
A,B01JDVHIW4,CANDY DESIGN&WORKS ケンドリック Kendrick CK-18 (ニッケル),CANDY DESIGN&WORKS,CANDY DESIGN&WORKS,ホーム＆キッチン > インテリア > 装飾小物・アクセサリ,51940,3,,,2530,はい,2026-02-23以降,1446,1657,標準(小型),182,中小候補,GO,GO,GO,,,https://www.amazon.co.jp/dp/B01JDVHIW4,
A,B0DB24HM9N,Hagibis スマホ 冷却 クーラー MagSafe 磁気 3段階風量 超薄型 グレー,Hagibis,"Shanghai Xinxie Industrial Co., Ltd.",パソコン・周辺機器 > PCアクセサリ・サプライ > USBグッズ,53668,2,,,2889,はい,2026-02-23以降,1136,1394,標準(小型),182,中小候補,GO,GO,GO,,,https://www.amazon.co.jp/dp/B0DB24HM9N,
A,B0FPQG88N4,ペットシーツ 超薄型 レギュラー 1200枚（300枚×4袋） 大容量 業務用 犬 猫 トイレシーツ ペット用シート 吸収 消臭 まとめ買い,ペット スタジオ Pet Studio,Petstudio,ペット用品 > 犬 > トイレ・衛生用品,5987,2,,,5300,はい,2026-02-23以降,2792,3304,大型,282,中小候補,GO,GO,見送り,FBA大型サイズ,,https://www.amazon.co.jp/dp/B0FPQG88N4,
A,B0BFCV44FL,メガハウス(MegaHouse) 一本買い!!キングサーモン解体パズル,メガハウス(MegaHouse),メガハウス(MegaHouse),おもちゃ > パズル > 立体パズル,42036,5,,,2309,はい,2026-02-23以降,683,660,標準(小型),182,中小候補,NG,GO,見送り,回転不足(消化月数>3),,https://www.amazon.co.jp/dp/B0BFCV44FL,
A,B0DRV32T9Y,Dreamegg 光目覚まし時計 ホワイトノイズマシン ナイトライト 29種癒し音【日の出×アラーム×スヌーズ】おしゃれ 間接照明 Sunrise 1,Dreamegg,Dreamegg,ホーム＆キッチン > インテリア > 置き時計・掛け時計,18793,2,,,6980,はい,2026-02-23以降,3105,3713,標準1,282,中小候補,GO,GO,GO,,,https://www.amazon.co.jp/dp/B0DRV32T9Y,
A,B08BPR3CMF,タカラトミー(TAKARA TOMY) ディズニー 親子知育 絵本であそぼ ! くまのプーさん,タカラトミー(TAKARA TOMY),タカラトミー(TAKARA TOMY),おもちゃ > 赤ちゃん・幼児のおもちゃ,15299,6,,,7480,はい,2026-02-23以降,3150,3772,標準1,282,大手/海外疑い,NG,GO,見送り,回転不足(消化月数>3),,https://www.amazon.co.jp/dp/B08BPR3CMF,
A,B07KCX8ZQL,THOMASTIK ERHU SOLO ERP100 赤 二胡弦セット,Thomastik-Infeld,THOMASTIK,楽器・音響機器 > 弦楽器 > 弦楽器アクセサリ,12079,5,,,5720,はい,2026-02-23以降,3035,3735,標準(小型),182,中小候補,NG,GO,見送り,回転不足(消化月数>3),,https://www.amazon.co.jp/dp/B07KCX8ZQL,
A,B0C9SR3213,高儀 差し込み式 ナイロンコード 極太 ゴールデンバイソン 4.0mm×四角 メガツイスト仕様 替コード 20本入り,TAKAGI,髙儀(Takagi),DIY・工具・ガーデン > ガーデン > 農業・園芸用機器,11044,6,,,2470,はい,2026-02-23以降,1423,1627,標準(小型),182,中小候補,NG,GO,見送り,Amazon本体あり(availabilityAmazon=0) / 回転不足(消化月数>3),,https://www.amazon.co.jp/dp/B0C9SR3213,
A,B0BWYTKPT7,母乳フリーザーパック，母乳 バッグ，母乳保存バッグ、150ml母乳 バッグ、 BPAフリーの母乳バッグ、無菌で凍結しやすい、ダブルジッパー、立っている、密閉され,O'la Myth,SRtech,ベビー＆マタニティ > 授乳・食事 > 母乳保存パック,2809,2,Got 7,,3150,はい,2026-02-23以降,1744,1934,標準1,282,中小候補,GO,GO,見送り,相乗り出品が基準未満（卸している証拠なし）,,https://www.amazon.co.jp/dp/B0BWYTKPT7,
A,B0C5CZPNYW,[JINZUOMA] [ASY]トートバッグ ミニトート トート 帆布 メンズ レディース エコバッグ 大容量 可愛い マザーバック 編み物 母の日 プレゼント,JINZUOMA,,ファッション > レディース > バッグ・財布,98920,2,,,1899,はい,2026-02-23以降,952,898,標準1,282,中小候補,GO,GO,GO,,,https://www.amazon.co.jp/dp/B0C5CZPNYW,
A,B0GFMMZ748,[スカンジナビアンフォレスト] Stan series スタンビッグデイパック 30L 251-AFSF418 BLACK,SCANDINAVIAN FOREST(スカンジナビアンフォレスト),スカンジナビアンフォレスト,ファッション > バッグ・スーツケース > リュック・バックパック,29165,2,,,7590,はい,2026-02-23以降,4158,5090,標準1,282,中小候補,GO,GO,GO,,,https://www.amazon.co.jp/dp/B0GFMMZ748,
A,B0C7KRB4T4,[GOTSURI] スパイクシューズ ハイカット 日本設計のスパイク底 杢ブラック ハイグリップ ハイクッション,GOTSURI,GOTSURI,スポーツ＆アウトドア > 釣り > シューズ・ブーツ,54102,3,ごつりショップ / 釣具のキャスティング,,4975,はい,2026-02-23以降,2593,2979,標準2,332,中小候補,GO,GO,GO,,,https://www.amazon.co.jp/dp/B0C7KRB4T4,
A,B08DCJZGMD,ZenRich Surface Go 4/3/2/1 専用 耐衝撃ケース 10インチ,zenrich,ZenRich,パソコン・周辺機器 > PCアクセサリ・サプライ > タブレットアクセサリ,12066,2,,,3359,はい,2026-02-23以降,1819,2258,標準1,282,中小候補,GO,GO,GO,,,https://www.amazon.co.jp/dp/B08DCJZGMD,
A,B0C2HB8HX3,2パックきしむ犬のおもちゃ、タコの詰め物なしクリンクルぬいぐるみ犬噛むおもちゃ子犬の歯が生える、ペットの訓練と娯楽、子犬、小型、中型、大型犬用の耐久性のあるイン,MeiPing,Meiping,ペット用品 > 犬 > おもちゃ,10352,2,,,1699,はい,2026-02-23以降,889,928,標準(小型),182,中小候補,GO,GO,GO,,,https://www.amazon.co.jp/dp/B0C2HB8HX3,
A,B0DTHCNH1K,[ネオコントラスト] クリップオン サングラス オーバーグラス 夜間 運転 サングラス メガネの上からつける レンズ 昼夜兼用 メンズ レディース CLIPON,ネオコントラスト,株式会社ホプニック研究所,ファッション > メンズ > 服＆ファッション小物,40266,2,,,5990,はい,2026-02-23以降,2932,3601,標準(小型),182,中小候補,GO,GO,GO,,,https://www.amazon.co.jp/dp/B0DTHCNH1K,
A,B0D44RH7TB,ヒツジのいらない枕 フリースタイル 専用枕カバー 枕カバー 単品 ブラック,ヒツジのいらない枕,ヒツジのいらない枕,ホーム＆キッチン > 寝具 > 寝具カバー・シーツ,18515,2,,,3980,はい,2026-02-23以降,2045,2327,標準1,282,中小候補,GO,GO,GO,,,https://www.amazon.co.jp/dp/B0D44RH7TB,
A,B0DSJFP23Z,[LittleForBig] 大人用布おむつカバー 可愛い絵柄【うさぎ】 調節可能なウエストと長さ スナップ付 漏れ防止 通気性 洗濯可 (L),LittleForBig,LittleForBig,ベビー＆マタニティ > おむつ・トイレ > 布おむつ・アクセサリー,3950,2,,,4729,はい,2026-02-23以降,2761,3263,標準1,282,中小候補,GO,GO,GO,,,https://www.amazon.co.jp/dp/B0DSJFP23Z,
A,B0CS8V4PGB,SHEAWA 自転車 テールライト 自動点灯 磁気発電 点滅 セーフティライト リアライト バッテリー不要 高い視認性 軽量 便利 (右側),SHEAWA,"Shenzhenshi Xinhuashang Leather Products Co., Ltd",スポーツ＆アウトドア > 自転車 > ライト・リフレクター,7313,2,,,2225,はい,2026-02-23以降,1247,1397,標準(小型),182,中小候補,GO,GO,GO,,,https://www.amazon.co.jp/dp/B0CS8V4PGB,
A,B07Q1WNT7R,【RUIYA】ホンダ N-BOX/フィット/ヴェゼル RV系/CR-V/アコード/シビック 11代目 サングラス ホルダー メガネ収納 ケース 車収納ホルダー ,RUIYA,RUIYA,車＆バイク > カーアクセサリ > 収納・ホルダー,41476,2,,,2190,はい,2026-02-23以降,1227,1370,標準(小型),182,中小候補,GO,GO,GO,,,https://www.amazon.co.jp/dp/B07Q1WNT7R,
A,B07CGHJM5M,[NOTAG] エンジニアバッグ ショルダー 静電気防止 クリーンバッグ 透明 大きめ メッシュ 工具バッグ クリーンルーム 仕事 工事 作業 蛍光帯あり,NOTAG,NOTAG,DIY・工具・ガーデン > 大工道具・用品 > 工具差し・腰袋,15403,2,,,4399,はい,2026-02-23以降,2484,2901,大型,282,中小候補,GO,GO,見送り,FBA大型サイズ,,https://www.amazon.co.jp/dp/B07CGHJM5M,
A,B0822CKM6R,FIELDOOR テントポール 4本連結セット 219cm 【メタリックレッド】 ペグ＆ロープ付 分割式 タープ キャノピー キャンプ,FIELDOOR(フィールドア),コンポジット,スポーツ＆アウトドア > アウトドア > テント,16994,2,,,2100,はい,2026-02-23以降,946,890,大型,282,中小候補,GO,GO,見送り,FBA大型サイズ,,https://www.amazon.co.jp/dp/B0822CKM6R,
A,B077M67P5J,CRANK BROTHERS(クランクブラザーズ) 自転車用携帯ツール MULTI-5(マルチ-5) 5機能 ブラック/レッド,クランクブラザーズ(CRANK BROTHERS),クランクブラザーズ(CRANK BROTHERS),スポーツ＆アウトドア > 自転車 > メンテナンス用品,36384,3,,,3600,はい,2026-02-23以降,1058,1150,標準(小型),182,大手/海外疑い,GO,GO,GO,,,https://www.amazon.co.jp/dp/B077M67P5J,
A,B0D2NKLNVJ,ホットラップ レーシング -Switch,3goo,3goo,ゲーム > 機種別 > Nintendo Switch,6435,3,,,2280,はい,2026-02-23以降,1137,1253,標準(小型),182,中小候補,GO,GO,GO,,,https://www.amazon.co.jp/dp/B0D2NKLNVJ,
A,B0F12P8DYF,uxcell 超強力マグネット ネオジウム磁石 60 x 10 x 5mm 小型 直方体 マグネットバー 両面テープ付き 強力磁石 ホワイトボード 科学 DIY,uxcell,uxcell,文房具・オフィス用品 > プレゼン・会議・セミナー用品 > ボード用付属品・消耗品,19407,2,,,1740,はい,2026-02-23以降,915,963,標準(小型),182,中小候補,GO,GO,GO,,,https://www.amazon.co.jp/dp/B0F12P8DYF,
A,B07MNDZ3YX,エアーリューター エアーグラインダー 安全スイッチ 高速空気角度ダイグラインダー 空気圧研削盤 3mm 6mmチャック 精密コレット 25000rpm 速度制御,Walfront,Wal front,DIY・工具・ガーデン > 電動工具・エア工具 > エア工具,84326,2,,,3859,はい,2026-02-23以降,1946,2197,標準1,282,中小候補,GO,GO,GO,,,https://www.amazon.co.jp/dp/B07MNDZ3YX,
A,B09NLLFYY8,階段マット 滑り止め 蛍光 防音 キズ防止 四季通用 丸洗える 転倒防止 階段クッション 滑り止めシート 15枚入り (55cmx22cm) (Brown),Lakkune,HNZNCY,ホーム＆キッチン > ラグ・カーテン・ファブリック > ラグ・カーペット・マット,22826,5,,,4150,はい,2026-02-23以降,1731,1917,不明(重量欠落),282,中小候補,NG,GO,見送り,回転不足(消化月数>3),,https://www.amazon.co.jp/dp/B09NLLFYY8,
A,B06WD53G9Z,Angelcare【エンジェルケア】母乳 保存バッグ 200ml 50枚入 フリーザーパック 冷蔵 冷凍保存用 滅菌済み (50),ANGEL CARE,Angelcare,ベビー＆マタニティ > 授乳・食事 > 母乳保存パック,4884,2,,,1699,はい,2026-02-23以降,682,545,標準1,282,中小候補,GO,GO,GO,,,https://www.amazon.co.jp/dp/B06WD53G9Z,
A,B0C33FXDK1,WEIMALL オープンシェルフ 5段 幅80cm×奥行40cm×高さ183cm ウッドラック 高さ調節可能 ラック スチールシェルフ 木製 収納 棚 本棚 組,ウェイモール (WEIMALL),WEIMALL,ホーム＆キッチン > 家具 > 収納家具,43213,2,,,6430,はい,2026-02-23以降,3897,4749,不明,282,中小候補,GO,GO,GO,,,https://www.amazon.co.jp/dp/B0C33FXDK1,
A,B00FB0JMGC,アイリスオーヤマ LEDキッチン手元灯 昼白色 全光束600lm 棚下専用 タッチレススイッチタイプ KTM6N-TS,アイリスオーヤマ(IRIS OHYAMA),アイリスオーヤマ(IRIS OHYAMA),ホーム＆キッチン > 家電 > 照明,20475,3,,,7173,はい,2026-02-23以降,4021,4911,大型,282,大手/海外疑い,GO,GO,見送り,FBA大型サイズ,,https://www.amazon.co.jp/dp/B00FB0JMGC,
A,B0FPQNNSSQ,キッズカメラ 子供用携帯 【2025新登場】子供用カメラ 顕微鏡カメラ キッズスマホ 2.8インチ 写真 録画 英語学習 懐中電灯 自撮り MP3音楽 携帯電話,moosonky,moosonky,おもちゃ > 電子玩具・キッズ家電 > デジタルカメラ,14492,2,,,4290,はい,2026-02-23以降,2606,3174,標準(小型),182,中小候補,GO,GO,GO,,,https://www.amazon.co.jp/dp/B0FPQNNSSQ,
A,B0DZBQG5HH,Mesqool 目覚まし時計 デジタル時計 大音量 2組アラーム 10色RGB ナイトライト スヌーズ 5段階音量 7段階調光 USB給電 ブラック,Mesqool,"Mesqool E-commerce Co.,Ltd",ホーム＆キッチン > インテリア > 置き時計・掛け時計,24650,2,,,2980,はい,2026-02-23以降,1424,1516,標準1,282,中小候補,GO,GO,GO,,,https://www.amazon.co.jp/dp/B0DZBQG5HH,
A,4478115834,メンタリズム日本一が教える 「8秒」で人の心をつかむ技術,ダイヤモンド社,ダイヤモンド社,本 > ジャンル別 > ノンフィクション,165699,3,,,4289,はい,2026-02-23以降,1336,1400,標準1,282,中小候補,GO,GO,GO,,,https://www.amazon.co.jp/dp/4478115834,
A,B0DJNTFN3D,[SecretDoor] ブラック 三つ折り財布 レディース コンパクト財布 ミニ財布 女性 ミニ ブランド 可愛い コンパクト 折りたたみ 財布 使いやすい ,SecretDoor,,ファッション > レディース > バッグ・財布,45556,3,,,2200,はい,2026-02-23以降,1163,1287,標準(小型),182,中小候補,GO,GO,GO,,,https://www.amazon.co.jp/dp/B0DJNTFN3D,
A,B09VSCV2DW,積水樹脂商事(Sekisuijushishoji)セキスイ伸縮竿ミニSSM-LW長さ1.4〜2.7ｍ,積水樹脂商事(Sekisuijushishoji),積水樹脂商事,ホーム＆キッチン > 洗濯用品 > 物干し竿,13794,3,,,2480,はい,2026-02-23以降,726,603,大型,282,中小候補,GO,GO,見送り,FBA大型サイズ,,https://www.amazon.co.jp/dp/B09VSCV2DW,
A,B085NNHN4K,石丸合成樹脂(Ishimaru) 新聞ラック からふるしんぶん楽っく+1 (プラスワン) (キャスター付き) オレンジ,石丸合成樹脂(Ishimaru Gosei Jushi),石丸合成樹脂(Ishimaru Gosei Jushi),ホーム＆キッチン > 収納用品 > 新聞・雑誌ストッカー,29037,2,,,2700,はい,2026-02-23以降,295,39,標準1,282,中小候補,GO,GO,GO,,,https://www.amazon.co.jp/dp/B085NNHN4K,
A,B0G5PDXWVY,【正規品】SFC0002T カートリッジ クリンスイ対応【JIS規格日本検査済・高性能】交換用カートリッジ 5項目除去（SFC0002TTS ZSRJT002R,Mozawa,Mozawa,ホーム＆キッチン > キッチン用品 > 浄水器・整水器,22588,2,,,3399,はい,2026-02-23以降,1793,2111,標準(小型),182,中小候補,GO,GO,GO,,,https://www.amazon.co.jp/dp/B0G5PDXWVY,
A,B0FH3B7HKS,MARY QUANT (マリークヮント) 洗える エコバッグ/マイバッグ（大） サブバッグ 192014-0002 (ブラック),MARY QUANT(マリークワント),ブルーミング中西,ファッション > バッグ・スーツケース > エコバッグ・買い物バッグ,27462,2,,,2200,はい,2026-02-23以降,1233,1379,標準(小型),182,中小候補,GO,GO,GO,,,https://www.amazon.co.jp/dp/B0FH3B7HKS,
A,B0F2FSBN4D,【公式】LABO AROOM ラボアルーム フレグランスディフューザ― 詰め替え用 サンダルウッド＆アンバー 芳香剤 リードディフューザー 寝室 リビング 75,LABO AROOM ラボアルーム,bridge,ホーム＆キッチン > インテリア > ホームフレグランス,37344,3,,,1698,はい,2026-02-23以降,397,285,標準(小型),182,中小候補,GO,GO,GO,,,https://www.amazon.co.jp/dp/B0F2FSBN4D,
A,B0967SC4SH,[ベルメゾン] バスラック 高さにこだわった ステンレス 置き型 シャンプー 浴室用ラック 2段,BELLE MAISON(ベルメゾン),ベルメゾン,ホーム＆キッチン > バス・トイレ・洗面用品 > バス用品,41792,2,ベルメゾン,メーカー直販,5490,はい,2026-02-23以降,2700,3120,標準2,332,中小候補,GO,GO,見送り,相乗り出品が基準未満（卸している証拠なし）,,https://www.amazon.co.jp/dp/B0967SC4SH,
A,B0FSZK4DGZ,Switch 2 ケース スイッチ ケース 収納 防水 防塵 防汚 耐衝撃 全面保護 大容量,Sylzethion,Sylzethion,ゲーム > 機種別 > Nintendo Switch,3670,4,,,5909,いいえ,2026-02-23以降,3558,4306,標準1,282,中小候補,NG,GO,見送り,回転不足(消化月数>3),,https://www.amazon.co.jp/dp/B0FSZK4DGZ,
A,B0F8QF41GX,OFFSIR PCスピーカー ゲーミングスピーカー 小型 USB有線 RGBライト付き 2chステレオ 臨場感 3Dサラウンドサウンド 3.5ｍｍ端子 プラグ＆,OFFSIR,OFFSIR,パソコン・周辺機器 > PCスピーカー,18473,2,,,6784,はい,2026-02-23以降,4014,5365,標準1,282,中小候補,GO,GO,GO,,,https://www.amazon.co.jp/dp/B0F8QF41GX,
A,B0GBTPZFPR,Beat-Sonic (ビートソニック) GRヤリス専用 車載スタンド 重力式スマホホルダーセット (BSA86 重力式スマホホルダーセット),Beat-Sonic (ビートソニック),ビートソニック,車＆バイク > カーアクセサリ > 携帯電話・スマートフォンアクセサリ,13898,3,,,5720,いいえ,繰越(境界後の記録なし),3536,4390,標準(小型),182,中小候補,GO,GO,GO,,,https://www.amazon.co.jp/dp/B0GBTPZFPR,
A,B09R3W5TT2,LXMIMI 隠しカメラ 小型カメラ モバイルバッテリー型 17時間録画 1080P画質 128GB 暗視 夜間録画 繰り返し録画 スマホ充電 軽量 薄型 スリ,LXMIMI,LXMIMI,家電＆カメラ > カメラ > 防犯カメラ,24069,2,,,5580,はい,2026-02-23以降,2612,3483,標準(小型),182,中小候補,GO,GO,GO,,,https://www.amazon.co.jp/dp/B09R3W5TT2,
A,B07NC5GSGV,21Technology 一輪車 (18インチ / パープル) スタンド付 高さ調整可能 指巻き込み軽減ホイール 子ども用 男の子 女の子 (レザー調サドル/反,21Technology,21Technology,スポーツ＆アウトドア > 自転車 > 一輪車,17843,2,,,6192,はい,2026-02-23以降,3742,4547,不明,282,中小候補,GO,GO,GO,,,https://www.amazon.co.jp/dp/B07NC5GSGV,
A,B09XTCXJKW,Seeed Studio XIAO RP2040 マイクロコントローラ デュアルコア ARM Cortex M0+ プロセッサ搭載、Arduino、MicroP,seeed studio,seeed studio,パソコン・周辺機器 > シングルボードコンピュータ・アクセサリ > シングルボードコンピュータ,23779,6,,,3780,はい,2026-02-23以降,2275,3005,標準(小型),182,中小候補,NG,GO,見送り,回転不足(消化月数>3),,https://www.amazon.co.jp/dp/B09XTCXJKW,
A,B0DLBJS3DK,BANGCHEER TP-Link Deco BE23/BE25/BE3600/BE5000 メッシュWiFi 7システム用壁掛けマウントブラケット ネットワー,BANGCHEER,Bangcheer,パソコン・周辺機器 > 無線LAN・ネットワーク機器 > メッシュWi-Fi 無線LANルーター,18099,3,,,7000,はい,2026-02-23以降,3098,4068,標準1,282,中小候補,GO,GO,GO,,,https://www.amazon.co.jp/dp/B0DLBJS3DK,
A,B0BTKVFW7L,ふすま紙 シールタイプ 襖紙 3枚入り 洋風 和モダン 簡単に貼れるふすま 94㎝×200㎝ ベージュピンク舞桜,和紙屋やわらぎ,リンテックコマース,DIY・工具・ガーデン > 建築・住宅資材 > 建具,19035,2,,,5980,いいえ,繰越(境界後の記録なし),3605,4367,大型,282,中小候補,GO,GO,見送り,FBA大型サイズ,,https://www.amazon.co.jp/dp/B0BTKVFW7L,
A,B0DS237CXZ,EZARC 黒曜石炭化物振動ソーブレード マルチマテリアル 振動ツールブレード クイックリリース 金属、釘、木材、石膏、乾式壁、PVC用 3個パック,EZARC,EZARC,DIY・工具・ガーデン > 電動工具・エア工具 > 電動工具パーツ・アクセサリ,12367,2,,,2748,はい,2026-02-23以降,1604,1863,標準(小型),182,中小候補,GO,GO,GO,,,https://www.amazon.co.jp/dp/B0DS237CXZ,
A,B0CVDXXYD7,[カシオ] CASIO デジタル メンズ 腕時計 タイドグラフ&ムーンデータ表示機能搭載 WS-1700H-1AV ブラック 海外モデル [並行輸入品],CASIO(カシオ),CASIO,ファッション > メンズ > 腕時計,39066,6,,,4578,はい,2026-02-23以降,2793,3419,標準(小型),182,大手/海外疑い,NG,GO,見送り,回転不足(消化月数>3),,https://www.amazon.co.jp/dp/B0CVDXXYD7,
A,B0F3JT3F4W,スマートウォッチ【業界最新傑作】iPhone対応 アンドロイド対応 最新Bluetooth5.4通話機能 音楽再生 1.96インチ大画面 活動量計 腕時計 運動,TopLuck,Topluck,家電＆カメラ > ウェアラブルデバイス > スマートウォッチ,12821,2,,,2699,はい,2026-02-23以降,1431,1812,標準(小型),182,中小候補,GO,GO,GO,,,https://www.amazon.co.jp/dp/B0F3JT3F4W,
A,B0CSXQSG4K,スケーター(Skater) 子供用 2way ステンレス 水筒 直飲み 580ml コップ飲み 570ml パウ・パトロール 24 子供に優しい軽量タイプ 男の,スケーター(Skater),スケーター(Skater),ホーム＆キッチン > キッチン用品 > 弁当箱・水筒,40224,3,,,3780,はい,2026-02-23以降,2038,2318,標準1,282,中小候補,NG,GO,見送り,回転不足(消化月数>3),,https://www.amazon.co.jp/dp/B0CSXQSG4K,
A,B084CCRYWG,サーモス(THERMOS) ベビーストローマグ NPF-250 ミントブルー (MBL) もれないベビーマグ 250ml,サーモス(THERMOS),サーモス(THERMOS),ベビー＆マタニティ > 授乳・食事 > ベビー食器,5715,3,,,1800,はい,2026-02-23以降,793,803,標準(小型),182,中小候補,GO,GO,GO,,,https://www.amazon.co.jp/dp/B084CCRYWG,
A,B0FG7TVR2F,ソーラーライト 屋外 IP68防水 埋め込み式 水中ライト ガーデンライト おしゃれ ソーラー 自動点灯 光センサー 太陽光パネル充電 庭/玄関先/芝生/車場/,Dosean,Dosean,DIY・工具・ガーデン > エクステリア > アウトドア・エクステリアライト,21444,2,,,2199,はい,2026-02-23以降,1016,982,標準1,282,中小候補,GO,GO,GO,,,https://www.amazon.co.jp/dp/B0FG7TVR2F,
A,B072V6QJ8L,DXアンテナ 分波器 【2K 4K 8K 対応】 BS/CS-IF出力 入力端子間通電 ノイズに強い出力ケーブル一体型 MBUMWS(P),DXアンテナ,DXアンテナ,家電＆カメラ > テレビ・レコーダー > アクセサリ,39162,9,,,1980,はい,2026-02-23以降,1105,1349,標準(小型),182,中小候補,NG,GO,見送り,新品オファー数9 / 回転不足(消化月数>3),,https://www.amazon.co.jp/dp/B072V6QJ8L,
A,B00E600U9G,KVK カプラー Z351N2,KVK,KVK,DIY・工具・ガーデン > 住宅用設備・製品 > キッチン・バス備品,8042,6,,,2700,はい,2026-02-23以降,1295,1460,標準(小型),182,中小候補,NG,GO,見送り,回転不足(消化月数>3),,https://www.amazon.co.jp/dp/B00E600U9G,
A,B07BB8D8XT,[アーノルドパーマー] 二つ折り財布 財布 メンズ 札入れ 羊革 シープスキン APS-3205 (tan),Arnold Palmer,アーノルドパーマー(Arnold Palmer),ホーム＆キッチン > 生活雑貨,95553,4,,,2732,はい,2026-02-23以降,1505,1734,標準(小型),182,中小候補,NG,GO,見送り,回転不足(消化月数>3),,https://www.amazon.co.jp/dp/B07BB8D8XT,
A,B0DGKWL7JY,【耐荷重1.7kg】後付け引き出し W32×D28.5×H5.8cm 取っ手付 落下防止ストッパー付 強力シール 簡単取付 机下 収納 机 拡張 小物収納 整理,SUNGRAN,SUNGRAN,文房具・オフィス用品 > 事務用品 > 机上用品・文具収納,10734,2,,,2180,はい,2026-02-23以降,550,372,標準1,282,中小候補,GO,GO,GO,,,https://www.amazon.co.jp/dp/B0DGKWL7JY,
A,B0CHJ2FQRM,TOMGDRACO DJI RC DJI Mavic 3 Pro/Mini 3 Pro/Mini 3/AIR 2S用送信機用サンフード,TOMGDRACO,YK676,家電＆カメラ > カメラ > アクセサリ,19257,2,,,2399,はい,2026-02-23以降,1299,1624,標準(小型),182,中小候補,GO,GO,GO,,,https://www.amazon.co.jp/dp/B0CHJ2FQRM,
A,B0FDWGMPDM,【HIGH FLYING】ホンダ 新型 N-BOX カスタム JF5 JF6 に適合 ターボ コーディネートスタイル フロント グリルガーニッシュ グリルガード,HIGH FLYING,HIGH FLYING,車＆バイク > カーパーツ > 外装・エアロパーツ,28377,2,車のトリムホーム,,3590,はい,2026-02-23以降,2028,2304,標準1,282,中小候補,GO,GO,見送り,相乗り出品が基準未満（卸している証拠なし）,,https://www.amazon.co.jp/dp/B0FDWGMPDM,
A,B091C3BTXN,経机【天然木桐製 完成品】大型 幅60㎝ 文机 仏壇台 二段 折りたたみ コンパクト収納 iimono117 (ブラウン),iimono117,Bandiera,ホーム＆キッチン > 仏具・神具 > 経机・お供え机,83069,2,,,6780,はい,2026-02-23以降,4060,4962,大型,282,中小候補,GO,GO,見送り,FBA大型サイズ,,https://www.amazon.co.jp/dp/B091C3BTXN,
A,B0DPFJC3D3,天馬(Tenma) 防災用品収納ボックス BOSA＋IN 積み重ねボックス53 ライトグレー 自然になじむ上品カラー 幅39×奥行53×高さ32cm 容量46L,天馬(Tenma),天馬(Tenma),ホーム＆キッチン > 収納用品 > 収納ケース・ボックス,51635,2,,,4480,はい,2026-02-23以降,1636,1793,大型,282,中小候補,GO,GO,見送り,FBA大型サイズ,,https://www.amazon.co.jp/dp/B0DPFJC3D3,
A,B0CV7MY1Y5,約10倍以上の防錆力 シャーシクリア 錆の上から塗れる 錆止め塗料 クリヤ 透明 塩害 ガード 対策 防止 塗料 油性 420ml 1本 下回り 足回り 塗料 ,セントラル産業,セントラル産業,車＆バイク > 洗車・お手入れ用品 > エクステリアケア,21362,3,,,3020,はい,2026-02-23以降,953,899,標準1,282,中小候補,GO,GO,GO,,,https://www.amazon.co.jp/dp/B0CV7MY1Y5,
A,B0B8DQB1CP,EVERING（エブリング）リングサイザー【公式ストア】 18サイズ品揃え（US）のスマートリング サイズ測定キット/ 18サイズ測定可能/返品不可,エブリング　ＥＶＥＲＩＮＧ,EVERING,ファッション > ケア用品・工具・時計バンド > ジュエリー小物・ケア用品,44561,2,,,2850,はい,2026-02-23以降,1658,1934,標準(小型),182,中小候補,GO,GO,GO,,,https://www.amazon.co.jp/dp/B0B8DQB1CP,
A,B09XQKSZQY,FLEOR アルニコ 5 テレ ピックアップ ホット レール ハムバッカー ブリッジ ピックアップ 6-7K フィット フェンダー テレ ギター パーツ,FLEOR,iknmusic,楽器・音響機器 > ギター > ギターアクセサリ,9549,2,,,2199,はい,2026-02-23以降,697,678,標準(小型),182,中小候補,GO,GO,GO,,,https://www.amazon.co.jp/dp/B09XQKSZQY,
A,B07Q4N741T,凄い奴 ザ・メタルクラッカー 替え弾にもなる クラッカー 金・銀 各1本ずつ1set 8×29cm パーティ イベント お祝い 誕生日 記念日 簡単 パーティー,YUGANG,ワン・プラス・ワン,おもちゃ > パーティーグッズ > パーティー小物,13780,2,,,1640,いいえ,繰越(境界後の記録なし),884,922,標準(小型),182,中小候補,GO,GO,GO,,,https://www.amazon.co.jp/dp/B07Q4N741T,
A,B0B4S1F9V2,FSDWG ビジネスバッグ メンズ 2way A４サイズ対応 大容量 防水 人気 丈夫【正規品 】,FSD.WG,,ファッション > バッグ・スーツケース > ビジネスバッグ,31765,2,,,5999,はい,2026-02-23以降,2440,2843,標準1,282,中小候補,GO,GO,GO,,,https://www.amazon.co.jp/dp/B0B4S1F9V2,
A,B0FPTV266K,CLEAN HOUSE 除草剤 原液 強力 液体タイプ 農地用 畑に使える 農業 雑草除去 草刈り不要 (500ml),CLEAN HOUSE,CLEAN HOUSE,DIY・工具・ガーデン > ガーデン > 肥料・園芸薬剤,14779,2,,,1500,はい,2026-02-23以降,683,546,標準1,282,中小候補,GO,GO,GO,,,https://www.amazon.co.jp/dp/B0FPTV266K,
A,B00QGFS4T2,バイオハザード リべレーションズ2,カプコン(CAPCOM),カプコン,ゲーム > 機種別 > レガシーシステム,3016,4,,,7300,はい,2026-02-23以降,1516,1749,標準(小型),182,中小候補,NG,GO,見送り,回転不足(消化月数>3),,https://www.amazon.co.jp/dp/B00QGFS4T2,
A,B09QPZPBS9,サンカ 充電式 スリム ハンディクリーナー 掃除機 軽量 500g ホワイト SHC-101 (幅6.5×奥行41×高さ6.5cm) コードレス 車載掃除機 カ,サンカ(Sanka),サンカ(Sanka),ホーム＆キッチン > 家電 > 生活家電,37755,3,,,4180,はい,2026-02-23以降,2175,2497,大型,282,中小候補,GO,GO,見送り,FBA大型サイズ,,https://www.amazon.co.jp/dp/B09QPZPBS9,
A,B0C7PZQM4J,[EZATING] ソックス メンズ 靴下 綿 抗菌防臭 吸汗速乾 スポーツソックス 5足セット カジュアル ショートソックス スニーカーソックス かかと立体編,EZATING,,ファッション > メンズ > 服＆ファッション小物,23123,2,,,1584,はい,2026-02-23以降,737,616,標準1,282,中小候補,GO,GO,GO,,,https://www.amazon.co.jp/dp/B0C7PZQM4J,
A,B07RTVYCXB,イガラシ ヴィンテージボーダーウキワ(ブルー)80㎝,イガラシ(Igarashi),イガラシ,おもちゃ > アクション・スポーツトイ > プール・水遊び,8671,2,,,1580,はい,2026-02-23以降,615,457,標準1,282,中小候補,GO,GO,GO,,,https://www.amazon.co.jp/dp/B07RTVYCXB,
A,B0BTKSJJC8,和紙屋やわらぎ ふすま紙 シールタイプ 襖紙 2枚入り 洋風 和モダン 簡単に貼れるふすま 94㎝×200㎝ ベージュピンク舞桜,和紙屋やわらぎ,リンテックコマース,DIY・工具・ガーデン > 建築・住宅資材 > 建具,19035,2,,,4280,いいえ,繰越(境界後の記録なし),2500,2922,大型,282,中小候補,GO,GO,見送り,FBA大型サイズ,,https://www.amazon.co.jp/dp/B0BTKSJJC8,
A,B0CHY9RYQS,Edutē エデュテ labellabel レーベルレーベル シェイプソーティングウィール ラテ 木製の型はめパズル 転がして遊べる知育玩具,Edutē,Edutē,おもちゃ > 赤ちゃん・幼児のおもちゃ > 早期発育・アクティビティ玩具,6578,2,,,3300,はい,2026-02-23以降,1841,2060,標準1,282,中小候補,GO,GO,GO,,,https://www.amazon.co.jp/dp/B0CHY9RYQS,
A,B00K3LHQB2,VICTORINOX(ビクトリノックス) エボリューション 17 スイス・アーミーナイフ 多機能 ナイフ のこぎり コルクせん抜き付き 13機能を搭載したスイス,VICTORINOX(ビクトリノックス),VICTORINOX(ビクトリノックス),スポーツ＆アウトドア > アウトドア > フィールドギア,43745,2,,,6083,はい,2026-02-23以降,3771,4698,標準(小型),182,中小候補,GO,GO,GO,,,https://www.amazon.co.jp/dp/B00K3LHQB2,
A,B00762A9HE,LOCTITE(ロックタイト) ねじゆるみ止め用嫌気性接着剤 263 250ml 44069,LOCTITE,ヘンケルジャパン(Henkel Japan),産業・研究開発用品 > 接着・補修 > 接着剤,9660,5,,,7935,はい,2026-02-23以降,4859,6007,標準1,282,中小候補,NG,GO,見送り,回転不足(消化月数>3),,https://www.amazon.co.jp/dp/B00762A9HE,
A,B004KCX1BY,いなば とろみ とりささみ 80g 48個セット,いなば,いなばペットフード,ペット用品 > 犬 > ドッグフード,18477,6,,,6138,はい,2026-02-23以降,3657,4371,標準2,332,中小候補,NG,GO,見送り,回転不足(消化月数>3),,https://www.amazon.co.jp/dp/B004KCX1BY,
A,B0B5WQLB2F,精霊馬 ミニ お盆飾り かわいい クリスタル精霊馬 ガラス 木製台つき (虹色) [FUN fun],FUN fun,FUN fun,ホーム＆キッチン > 仏具・神具,68041,2,,,4200,はい,2026-02-23以降,2275,2741,標準(小型),182,中小候補,GO,GO,GO,,,https://www.amazon.co.jp/dp/B0B5WQLB2F,
A,B086DPV96F,プレイマット ベビーマット 200X180X1cm 折り畳み式 赤ちゃんマット 両面使用 XPE素材 防水 防音 ベビーまっと 安全 無毒 無味,NOONKIY,NOONKIY,ベビー＆マタニティ > 室内遊具 > ベビージム・プレイマット,11464,3,,,2999,はい,2026-02-23以降,1440,1536,大型,282,中小候補,GO,GO,見送り,FBA大型サイズ,,https://www.amazon.co.jp/dp/B086DPV96F,
A,B0B4CYPCX1,MAXWIN 取付ステー 車種専用 スズキ ジムニー ジムニーシエラ スイフト 純正ミラー交換 対応 MR MR-KIT04A,MAXWIN,MAXWIN,車＆バイク > カーナビ・カーエレクトロニクス > ドライブレコーダーアクセサリ,79672,3,,,3850,はい,2026-02-23以降,2249,2707,標準(小型),182,中小候補,GO,GO,GO,,,https://www.amazon.co.jp/dp/B0B4CYPCX1,
A,B0FD778VD7,DEWEL 家具移動 移動キャリー 台車 360度回転 キャスター らくらく キャリー 金属製 (4輪 6個セット),DEWEL,DEWEL,産業・研究開発用品 > 物流・保管用品 > 台車・ハンドトラック,10793,2,,,4730,はい,2026-02-23以降,2581,2963,標準2,332,中小候補,GO,GO,GO,,,https://www.amazon.co.jp/dp/B0FD778VD7,
A,B0C818CW7R,ラディウス radius HP-T70BT 完全ワイヤレスイヤホン : Bluetooth対応 フルワイヤレス 外音取り込み 左右分離型 AAC 軽量 小型 小,ラディウス,ラディウス,家電＆カメラ > イヤホン・ヘッドホン > イヤホン・ヘッドホン本体,40864,5,,,4731,はい,2026-02-23以降,2893,3880,標準(小型),182,中小候補,NG,GO,見送り,回転不足(消化月数>3),,https://www.amazon.co.jp/dp/B0C818CW7R,
A,B00K9X7GSC,クリアストーン(Clearstone) コスプレ ハロウィン 着ぐるみ ビッグケーキちゃん ユニセックス ホワイト,クリアストーン(Clearstone),クリアストーン(Clearstone),ホビー > コスプレ・仮装 > コスチューム,12149,2,,,5390,はい,2026-02-23以降,2487,2905,標準1,282,中小候補,GO,GO,GO,,,https://www.amazon.co.jp/dp/B00K9X7GSC,
A,B08C12FDVK,川口技研 室内用ホスクリーン ポールのみ 標準 SPC・SPD・SPE対応 ホワイト SPC-W-462,川口技研(Kawaguchigiken),川口技研,DIY・工具・ガーデン > 建築金物 > 物干し金物,11931,4,,,3300,はい,2026-02-23以降,1863,2089,標準1,282,中小候補,NG,GO,見送り,回転不足(消化月数>3),,https://www.amazon.co.jp/dp/B08C12FDVK,
A,B07DWCB6ZG,【10枚入り】ゴルフ アイアンカバー ネオプレン製 着脱簡単 洗濯機で洗える 耐摩耗性 耐久 ウェッジカバー ヘッド保護 全3色 グレー+レッド,VGEBY,VGEBY,スポーツ＆アウトドア > ゴルフ > アクセサリ,34813,2,,,1669,はい,2026-02-23以降,869,902,標準(小型),182,中小候補,GO,GO,GO,,,https://www.amazon.co.jp/dp/B07DWCB6ZG,
A,B07JG8GGLJ,BBT 脱臭フィルター FZ-D50DF FZ-F50DF 加湿空気清浄機交換用 互換品 (1枚入り),ＢＢＴ＼ＢＡＭＢＯＯＳＴ,,ホーム＆キッチン > 家電 > 空調・季節家電,8068,2,,,2020,はい,2026-02-23以降,768,657,標準1,282,中小候補,GO,GO,GO,,,https://www.amazon.co.jp/dp/B07JG8GGLJ,
A,B0FDMQ4YRB,パペットスンスン フォンストラップ フラワー,ティー・シー・ピー,ティー・シー・ピー,家電＆カメラ > 携帯電話・スマートフォン > 携帯電話・スマートフォンアクセサリ,22312,2,rinsmile（適格請求書発行事業者） / ATライフプロダクツ 古物商許可証番号：東京都公安委員会第308932322516号,,2180,はい,2026-02-23以降,1180,1456,標準(小型),182,中小候補,GO,GO,GO,,,https://www.amazon.co.jp/dp/B0FDMQ4YRB,
A,B07219BDX8,エレコム 法人向け 無線アクセスポイント 1733+400Mbps 11ac PoE受電機能対応 MU-MIMO対応 3年保証 WAB-M2133,エレコム(ELECOM),エレコム(ELECOM),パソコン・周辺機器 > 無線LAN・ネットワーク機器 > 商用アクセスポイント,11620,2,,,7980,はい,2026-02-23以降,4158,5510,標準2,332,大手/海外疑い,GO,GO,GO,,,https://www.amazon.co.jp/dp/B07219BDX8,
A,B0DVT34JRN,"WOSS(ウォズ) GOLF PRO-05 ウェッジチッパー 超ワイドソール チッパー スチールシャフト アプローチ バンカー グリーン周り ウォズ (52, ",WOSS(ウォズ),日本フーズ株式会社,スポーツ＆アウトドア > ゴルフ > ゴルフクラブ,34515,2,,,6900,はい,2026-02-23以降,4203,5149,不明,282,中小候補,GO,GO,GO,,,https://www.amazon.co.jp/dp/B0DVT34JRN,
A,B0784Q3FMS,[山本光学] 防じんマスク 7700V(N95 / DS2) 折りたたみタイプ 排気弁付き 1箱 20枚入 国家検定合格品 、NIOSH規格 N95マスク,山本光学(Yamamoto Kogaku),山本光学(Yamamoto Kogaku),産業・研究開発用品 > 安全・保護用品 > 産業用マスク,8171,5,,,5965,はい,2026-02-23以降,3098,3704,標準1,282,中小候補,NG,GO,見送り,回転不足(消化月数>3),,https://www.amazon.co.jp/dp/B0784Q3FMS,
A,B0986WJBML,アガツマ(AGATSUMA) ピッ! と注文 サッとお届け! アンパンマンの宅配便,アガツマ(AGATSUMA),アガツマ(AGATSUMA),おもちゃ > 電子玩具・キッズ家電 > 電動ロボット,36995,5,,,3720,はい,2026-02-23以降,2084,2378,標準1,282,中小候補,NG,GO,見送り,回転不足(消化月数>3),,https://www.amazon.co.jp/dp/B0986WJBML,
A,B00YG5J0CO,F-Factory パナソニック (Panasonic)対応 コードレスホン 子機用 充電池【KX-FAN51/HHR-T407 同等品】2個セット,F-Factory,富士パーツ商会,家電＆カメラ > 電話機・FAX > 電話機・FAX用アクセサリ,20467,2,,,1579,はい,2026-02-23以降,741,835,標準(小型),182,大手/海外疑い,GO,GO,GO,,,https://www.amazon.co.jp/dp/B00YG5J0CO,
A,B0CK82JTVZ,エレコム Xperia 5 V SO-53D SOG12 ケース 耐衝撃 極み設計 ハイブリッド 四つ角エアークッション ワイヤレス充電対応 ストラップホール付,エレコム(ELECOM),エレコム,家電＆カメラ > 携帯電話・スマートフォン > 携帯電話・スマートフォンアクセサリ,26991,2,良品トレード販売（適格請求書は注文履歴よりダウンロード） / 富士山麓堂（適格請求書発行事業者） / グローバルポート / Ts Online Store,,2000,はい,2026-02-23以降,676,742,標準(小型),182,大手/海外疑い,NG,GO,見送り,回転不足(消化月数>3),,https://www.amazon.co.jp/dp/B0CK82JTVZ,
A,B0CDFT1WJD,Nebio ネビオ ジュニアシート R129 ISOFIX ラップピット 125～150cm 小学生 2way ブースターシート 低反発クッション 洗えるカバー,Nebio,Nebio,ベビー＆マタニティ > チャイルドシート > チャイルドシート本体,3129,2,,,4980,はい,2026-02-23以降,2955,3517,大型,282,中小候補,GO,GO,見送り,FBA大型サイズ,,https://www.amazon.co.jp/dp/B0CDFT1WJD,
A,B0C6XHHDPD,7Life フロアライト スタンドライト おしゃれ 調光調色 LED フロアスタンド ライト 照明スタンド 北欧 インテリア リビング 玄関 読書 照明器具 ス,7 Life,7 Life,ホーム＆キッチン > 家電 > 照明,26402,2,,,7180,はい,2026-02-23以降,4132,5056,不明,282,中小候補,GO,GO,GO,,,https://www.amazon.co.jp/dp/B0C6XHHDPD,
A,B0CJ2VLGSJ,紙ちょうちん お祭り 提灯 20cm 20色セット カラフル 紙提灯 ランタン パーティー イベント 祭り お盆飾り,DEWEL,DEWEL,文房具・オフィス用品 > 店舗・販促用品 > 店舗用のれん・提灯,10049,2,,,1891,はい,2026-02-23以降,947,891,標準1,282,中小候補,GO,GO,GO,,,https://www.amazon.co.jp/dp/B0CJ2VLGSJ,
A,B0CBFFQP2P,折りたたみ 担架 ストレッチャー【キャスター ベルト付き】2つ折り コンパクト収納 スチール製 防水 ロングサイズ 200cm 救護用 搬送,iimono117,iimono117,DIY・工具・ガーデン > 安全・セキュリティ > 担架,13268,3,,,5780,はい,2026-02-23以降,3216,3858,大型,282,中小候補,GO,GO,見送り,FBA大型サイズ,,https://www.amazon.co.jp/dp/B0CBFFQP2P,
A,B0083F0IHY,三陽金属 畦草刈ブレード 355×40×4.5mm 0457,三陽金属(Sanyo Metal),三陽金属,DIY・工具・ガーデン > ガーデン > 農業・園芸用機器,30668,4,,,3745,はい,2026-02-23以降,1632,1787,標準1,282,中小候補,NG,GO,見送り,回転不足(消化月数>3),,https://www.amazon.co.jp/dp/B0083F0IHY,
A,B09HQQTTNM,[GooTouch] 16L 透明リュック エンジニアバッグ クリアリュック 透明 PVC 帯電防止 ビニール クリーンルーム 防水 バックパック,GooTouch,東京セブンデイズ株式会社,ファッション > バッグ・スーツケース > リュック・バックパック,14995,2,,,2580,はい,2026-02-23以降,1361,1432,標準1,282,中小候補,GO,GO,GO,,,https://www.amazon.co.jp/dp/B09HQQTTNM,
A,B08XMNMMB4,【共通バッテリーシリーズ】 アイリスオーヤマ 替えブレード バリカン 充電式ハンディバリカン用 JHC12KB,アイリスオーヤマ(IRIS OHYAMA),アイリスオーヤマ(IRIS OHYAMA),DIY・工具・ガーデン > ガーデン > 農業・園芸用機器,10477,6,,,1770,はい,2026-02-23以降,525,339,標準1,282,大手/海外疑い,NG,GO,見送り,回転不足(消化月数>3),,https://www.amazon.co.jp/dp/B08XMNMMB4,
A,B0DDKDW7Y4,アイワ ポータブルホームラジオ aiwa audio -G PHR1 ブラック(BK),Aiwa,Aiwa,家電＆カメラ > ポータブルオーディオ > ポータブルラジオ,15848,2,ホームショッピング,,5200,はい,2026-02-23以降,2192,2786,標準1,282,中小候補,GO,GO,見送り,相乗り出品が基準未満（卸している証拠なし）,,https://www.amazon.co.jp/dp/B0DDKDW7Y4,
A,B01LY4EUE4,ミニ ポータブルリモート400Wフォグマシンホームパーティショー煙霧機舞台設備 W400 (NO LED),AUCD,AUCD,楽器・音響機器 > ステージ機器・照明 > ステージ用特殊効果装置,1407,3,,,3600,はい,2026-02-23以降,2008,2214,標準2,332,中小候補,GO,GO,GO,,,https://www.amazon.co.jp/dp/B01LY4EUE4,
A,B0C9J5SR28,Btuty 49キー USB電子オルガンエレクトリックピアノマイク付きブラックデジタル音楽電子キーボード内蔵ステレオスピーカー,Btuty,Btuty,楽器・音響機器 > ピアノ・キーボード > キーボード・電子ピアノ,6393,3,,,2969,はい,2026-02-23以降,1358,1429,大型,282,中小候補,GO,GO,見送り,FBA大型サイズ,,https://www.amazon.co.jp/dp/B0C9J5SR28,
A,B07DWDVNDG,【10枚入り】ゴルフ ヘッドア イアンカバー ヘッド保護 全3色 グレー+ブラック,VGEBY,VGEBY,スポーツ＆アウトドア > ゴルフ > アクセサリ,34869,2,,,1663,はい,2026-02-23以降,898,941,標準(小型),182,中小候補,GO,GO,GO,,,https://www.amazon.co.jp/dp/B07DWDVNDG,
A,B0FB8N4PPY,胸元カバー ブローチ 開き 隠す クリップ チラ見え防止 洋服 留め具 服に穴を開けない ノーピン 滑り止め付き 軽い 生地傷めない レディース (華咲くブロー,meidai(メイダイ),メイダイ,ファッション > レディース > ジュエリー,15347,4,,,2178,はい,2026-02-23以降,1162,1286,標準(小型),182,中小候補,NG,GO,見送り,回転不足(消化月数>3),,https://www.amazon.co.jp/dp/B0FB8N4PPY,
A,B0F1CDG9XL,MERMONT クーラーボックス 大型 キャスター付き 3層構造保冷 2wayハンドル 水抜き栓 アウトドア キャンプ 保冷ボックス 釣り スポーツ バーベキュ,ウェイモール (WEIMALL),メルモント,スポーツ＆アウトドア > アウトドア > クーラーボックス,36018,2,,,7980,はい,2026-02-23以降,4522,5566,不明,282,中小候補,GO,GO,GO,,,https://www.amazon.co.jp/dp/B0F1CDG9XL,
A,B0FV8HGYT2,[wyenishiya] ワイド伊達締め Mサイズ 胸元補正 胸つぶし 胸おさえ 幅広 メッシュ 伸縮性 通気性 着崩れ防止 マジックベルト 着付け小物 伊達じ,wyenishiya,,ファッション > レディース,20884,2,,,3580,はい,2026-02-23以降,2121,2540,標準(小型),182,中小候補,GO,GO,GO,,,https://www.amazon.co.jp/dp/B0FV8HGYT2,
A,B0CTMCYM5F,Bonsky（ボンスキー） UVレジン液 1200g UV/LED対応 低粘度 大容量 ハードタイプ レジンクラフト用,Bonsky,Shenzhenshijuxingruikejiyouxiangongsi,ホビー > 手芸・画材 > ビーズ・レジン・アクセサリ,27064,4,,,6999,はい,2026-02-23以降,4032,4861,標準2,332,中小候補,NG,GO,見送り,回転不足(消化月数>3),,https://www.amazon.co.jp/dp/B0CTMCYM5F,
A,B00APBZQ2G,墨運堂 書道用品 作品携帯展示ホルダー 半切判 24695,墨運堂,墨運堂,文房具・オフィス用品 > 学習用品 > 書道用具,8527,4,,,3658,はい,2026-02-23以降,1634,1790,標準1,282,中小候補,NG,GO,見送り,回転不足(消化月数>3),,https://www.amazon.co.jp/dp/B00APBZQ2G,
A,B0D7QL1GXY,【Ringke】Galaxy Z Flip7 FE/Galaxy Z Flip6 対応 カメラレンズフレームガラス ブラック（2枚入り）,Ringke,Rearth,家電＆カメラ > 携帯電話・スマートフォン > 携帯電話・スマートフォンアクセサリ,30688,2,,,1999,はい,2026-02-23以降,1104,1348,標準(小型),182,中小候補,GO,GO,GO,,,https://www.amazon.co.jp/dp/B0D7QL1GXY,
A,B0D8W2DKPJ,かもしか道具店 蚊取り線香ホルダー 蚊遣りブタ 蚊遣器 陶器 萬古焼 蚊やり豚 ホワイト OR-60-250,かもしか道具店,かもしか道具店,ホーム＆キッチン > インテリア > 装飾小物・アクセサリ,28496,2,,,3300,はい,2026-02-23以降,1863,2089,標準1,282,中小候補,GO,GO,GO,,,https://www.amazon.co.jp/dp/B0D8W2DKPJ,
A,B0DS29DLSW,"[Tigers] 阪神タイガース グッズ 球団承認 NEW LOGO☆ Tシャツ ドライメッシュ 通気性 で軽い着心地！プロ野球 ギフト (JP, アルファベッ",Tigers,,スポーツ＆アウトドア > スポーツファンショップ > 野球,42631,2,,,3590,はい,2026-02-23以降,1863,2089,不明,282,大手/海外疑い,GO,GO,GO,,,https://www.amazon.co.jp/dp/B0DS29DLSW,
A,B0DXBLS597,箸 【食洗 銀桜花（紫）】 卒寿デザイン桐箱・ラッピング付き 食洗 食洗機対応 卒寿 卒寿祝い 卒寿御祝い お祝い 御祝 プレゼント ギフト おじいちゃん おば,SAPPOROショップようこそ,SAPPOROショップようこそ,ホーム＆キッチン > 食器・グラス・カトラリー > 箸・カトラリー・ピック,73719,2,,,3960,はい,2026-02-23以降,2266,2616,標準1,282,中小候補,GO,GO,GO,,,https://www.amazon.co.jp/dp/B0DXBLS597,
A,B08GSFBFLG,アイウィス(IWISS) SNシリーズ ダイス交換式 クイックダイス マルチ圧着工具セット SN-QC(SN-PM)),IWISS,"IWISS TOOLS CO.,LTD",DIY・工具・ガーデン > 作業工具 > カッター,14062,2,,,4680,はい,2026-02-23以降,2710,3132,標準2,332,中小候補,GO,GO,GO,,,https://www.amazon.co.jp/dp/B08GSFBFLG,
A,B08DHMDSZ4,Lethromri 写真立て l判 おしゃれ キラキラ フレーム 2枚 セット 結婚祝い 出産祝い 入学祝い プレゼント,Lethromri,香柏の家,ホーム＆キッチン > インテリア > フォトアルバム・フレーム・アクセサリ,47725,2,,,1899,はい,2026-02-23以降,746,629,標準1,282,中小候補,GO,GO,GO,,,https://www.amazon.co.jp/dp/B08DHMDSZ4,
A,B072C26HDP,DXアンテナ 分配器 【2K 4K 8K 対応】 3分配 全端子間通電 金メッキプラグ F型端子 3DLRS(B),DXアンテナ,DXアンテナ,家電＆カメラ > テレビ・レコーダー > アクセサリ,66285,4,,,2099,はい,2026-02-23以降,356,289,標準(小型),182,中小候補,NG,GO,見送り,回転不足(消化月数>3),,https://www.amazon.co.jp/dp/B072C26HDP,
A,B0DXL24YYJ,リンクルナイロン 大きく開くポーチ ・グレー S 約11×6×3.5cm 84475771,無印良品,無印良品,ファッション > レディース > バッグ・財布,130440,2,marinair / t-yamaShop!,,2870,はい,2026-02-23以降,391,277,標準(小型),182,中小候補,GO,GO,GO,,,https://www.amazon.co.jp/dp/B0DXL24YYJ,
A,B00JEUWNUC,OLYMPUS デジタルカメラ STYLUS Tough用 ソフトカメラケース レッド CSCH-121RED,OLYMPUS,オリンパス,家電＆カメラ > カメラ > アクセサリ,34929,2,,,3550,はい,2026-02-23以降,1492,1897,標準(小型),182,中小候補,GO,GO,GO,,,https://www.amazon.co.jp/dp/B00JEUWNUC,
A,B0FP51MJTR,NB ERGONOMIC モニターアーム シングル 場所をとらないポール型 最大32インチ / 耐荷重9kg クランプ式・グロメット式対応 H100-XE ホワ,NB North Bayou,"KUNSHAN HONGJIE ELECTRONICS CO., LTD",パソコン・周辺機器 > PCアクセサリ・サプライ > モニターアクセサリ,23911,2,,,3980,はい,2026-02-23以降,1280,1435,標準2,332,中小候補,GO,GO,GO,,,https://www.amazon.co.jp/dp/B0FP51MJTR,
A,B004QFPV22,ルネセイコウ カラーリリィチェア ブラック/シルバー CSP-320A,Seiko,ルネセイコウ(Runeseikou),ホーム＆キッチン > 家具 > リビングルーム家具,108565,5,,,7999,はい,2026-02-23以降,4657,5743,大型,282,大手/海外疑い,NG,GO,見送り,FBA大型サイズ / 回転不足(消化月数>3),,https://www.amazon.co.jp/dp/B004QFPV22,
A,B0CQL4QG96,スケーター(Skater) 子供用 ステンレス 水筒 直飲み 470ml パウ・パトロール 24 子供に優しい軽量タイプ 保冷専用 waterbottle スポ,スケーター(Skater),スケーター(Skater),ホーム＆キッチン > キッチン用品 > 弁当箱・水筒,40224,3,,,3564,はい,2026-02-23以降,1655,1817,標準1,282,中小候補,GO,GO,GO,,,https://www.amazon.co.jp/dp/B0CQL4QG96,
A,B01LYAVN4C,パール金属 リトルリッチ 電気 チョコレートフォンデュ フォーク4本付 レッド D-311,パール金属株式会社,パール金属(PEARL METAL),ホーム＆キッチン > キッチン用品 > 鍋・フライパン,30775,6,,,3120,はい,2026-02-23以降,1197,1218,標準1,282,中小候補,NG,GO,見送り,回転不足(消化月数>3),,https://www.amazon.co.jp/dp/B01LYAVN4C,
A,B0DM7RKHP4,WEIMALL 枕 空気を編みこんだ枕 首を支える 洗える 通気性 蒸れない ウェーブ枕 ファイバー ウェーブエアピロー 涼しく快眠 良質な睡眠 涼しい 熱がこ,ウェイモール (WEIMALL),WEIMALL,ホーム＆キッチン > 寝具 > 枕・抱き枕,20901,2,,,3390,はい,2026-02-23以降,1600,1745,大型,282,中小候補,GO,GO,見送り,FBA大型サイズ,,https://www.amazon.co.jp/dp/B0DM7RKHP4,
A,B07NC5HV8W,21Technology 一輪車 (16インチ / パープル) スタンド付 高さ調整可能 指巻き込み軽減ホイール 子ども用 男の子 女の子 (レザー調サドル/反,21Technology,21Technology,スポーツ＆アウトドア > 自転車 > 一輪車,17253,2,,,6192,はい,2026-02-23以降,3742,4547,不明,282,中小候補,GO,GO,GO,,,https://www.amazon.co.jp/dp/B07NC5HV8W,
A,B08TGV5Q48,MoKo 7-8インチタブレットスリーブバッグ、保護ポーチカバーケース iPad Mini (第5世代) 7.9インチ 2019、iPad Mini 1/2 /,MoKo,MoKo,パソコン・周辺機器 > PCアクセサリ・サプライ > タブレットアクセサリ,22668,3,,,6097,はい,2026-02-23以降,3342,4517,標準(小型),182,中小候補,GO,GO,GO,,,https://www.amazon.co.jp/dp/B08TGV5Q48,
A,B0FXDVQR6M,SZJCARJP ドアノブアンダーカバー ハイエース レジアスエース 200系 4型 5型 6型 7型 8型 DX/GL H25.11～ 室外ドアハンドル ドア,SZJCARJP,SZJCARJP,車＆バイク > カーパーツ > 外装・エアロパーツ,8788,2,,,2560,はい,2026-02-23以降,1059,1038,標準1,282,中小候補,GO,GO,GO,,,https://www.amazon.co.jp/dp/B0FXDVQR6M,
A,B09TF411GW,OGK(オージーケー) (Ogk) 海のルアー竿3 7.0ft,大阪漁具(OGK),大阪漁具(OGK),スポーツ＆アウトドア > 釣り > ロッド・アクセサリ,23380,2,,,3040,はい,2026-02-23以降,1174,1188,大型,282,中小候補,GO,GO,見送り,FBA大型サイズ,,https://www.amazon.co.jp/dp/B09TF411GW,
A,B0F3J2JQ2R,[PONATTENO] 軽量チタン合金製 バンド For Amazfit Active 3 Premium 45mm /Amazfit Active 2 Squ,PONATTENO,XYST,家電＆カメラ > 携帯電話・スマートフォン > 携帯電話・スマートフォンアクセサリ,46026,2,,,3480,いいえ,繰越(境界後の記録なし),2080,2729,標準(小型),182,中小候補,GO,GO,GO,,,https://www.amazon.co.jp/dp/B0F3J2JQ2R,
A,4991279801,初級技術者のための施工図作成マニュアル　Rev.4　衛生設備工事編 改訂版,,特定非営利活動法人設備システム研究会,本 > ジャンル別 > アート・建築・デザイン,75114,3,,,5280,はい,2026-02-23以降,3065,3596,標準2,332,中小候補,GO,GO,GO,,,https://www.amazon.co.jp/dp/4991279801,
A,B07CSKH6H5,Mitsubishi 【２個セット】三菱 コンパクト形蛍光灯27形・電球色BB・2 Double FDL27EXL,三菱電機(MITSUBISHI ELECTRIC),三菱電機 (MITSUBISHI),ホーム＆キッチン > 家電 > 照明,52186,3,,,3780,はい,2026-02-23以降,1833,2163,標準(小型),182,中小候補,GO,GO,GO,,,https://www.amazon.co.jp/dp/B07CSKH6H5,
A,B0BHZ6GLYF,watchget ポケットデジタルスケール コンパクトコーヒースケール 携帯タイプはかり スケール 小型 0.1g-1000g精密 0.1g単位 蓋付き アウト,watchget,watchget,ホーム＆キッチン > キッチン用品 > 調理・製菓道具,25965,2,,,2000,はい,2026-02-23以降,1105,1211,標準(小型),182,中小候補,GO,GO,GO,,,https://www.amazon.co.jp/dp/B0BHZ6GLYF,
A,B0DLB3SJ68,PARACHASE 折りたたみ傘 大きい 自動開閉 メンズ 高い防水性と耐久性 弧長140cm 直径123cm 通学・通勤 ブラック,PARACHASE (パラチェイス),PARACHASE (パラチェイス),ファッション > メンズ > 服＆ファッション小物,76852,2,,,2798,はい,2026-02-23以降,1260,1301,標準1,282,中小候補,GO,GO,GO,,,https://www.amazon.co.jp/dp/B0DLB3SJ68,
A,B000E5ZNCG,ヤマハ(YAMAHA) モニターヘッドホン RH-5Ma,ヤマハ(YAMAHA),ヤマハ(YAMAHA),楽器・音響機器 > DTM・DAW > ヘッドホン・インイヤーモニター,9472,3,,,5980,いいえ,繰越(境界後の記録なし),3605,4367,標準1,282,中小候補,GO,GO,GO,,,https://www.amazon.co.jp/dp/B000E5ZNCG,
A,B0C6XGVWMN,7Life フロアライト スタンドライト おしゃれ 調光調色 LED フロアスタンド ライト 照明スタンド 北欧 インテリア リビング 玄関 読書 照明器具 ス,7 Life,7 Life,ホーム＆キッチン > 家電 > 照明,28588,3,,,7180,はい,2026-02-23以降,4177,5115,不明,282,中小候補,GO,GO,GO,,,https://www.amazon.co.jp/dp/B0C6XGVWMN,
A,B0CKL91JGD,厚手断熱パッド付きアイロン台交換カバー 柔らか通気性に優れ耐久性 家庭・旅行用アイロン台替え布(100X39 シルバー),ARTIVITEE,ARTIVITEE,ホーム＆キッチン > 洗濯用品 > アイロン台カバー,38129,2,,,1566,はい,2026-02-23以降,685,548,標準1,282,中小候補,GO,GO,GO,,,https://www.amazon.co.jp/dp/B0CKL91JGD,
A,B0DBZYMNXB,ナイキ（NIKE） ユーティリティ スピード バックパック 2.0 FN4106-010（ブラック/ＦＦ/Men's）,NIKE(ナイキ),Nike,ファッション > バッグ・スーツケース > リュック・バックパック,62069,6,,,7500,はい,2026-02-23以降,4385,5387,大型,282,大手/海外疑い,NG,GO,見送り,FBA大型サイズ / 回転不足(消化月数>3),,https://www.amazon.co.jp/dp/B0DBZYMNXB,
A,B07WNGMHRS,【PS4】東京喰種トーキョーグール:re CALL to EXIST,Bandai Namco,バンダイナムコエンターテインメント,ゲーム > 機種別 > プレイステーション4,12623,5,,,4980,はい,2026-02-23以降,1176,1304,標準(小型),182,大手/海外疑い,NG,GO,見送り,回転不足(消化月数>3),,https://www.amazon.co.jp/dp/B07WNGMHRS,
A,B0DCFTVJTS,【純正 RAKUTEN SIM】 360日間 20GB 大容量 日本 プリペイド SIM 5G 4G-LTE対応 データ専用 契約不要 Rakuten sim ,PLUG TO GO,PLUG TO GO,家電＆カメラ > 携帯電話・スマートフォン > SIMカード,47194,2,,,2950,はい,2026-02-23以降,1385,1747,標準(小型),182,中小候補,GO,GO,GO,,,https://www.amazon.co.jp/dp/B0DCFTVJTS,
A,B09KL29845,ポリメーカー(Polymaker) 3Dプリンター用ポリカーボネート製フィラメント PolyMax PC 1.75mm 白,ポリメーカー(Polymaker),サンステラ(Sunstella),産業・研究開発用品 > 3Dプリンタ・スキャナ > 造形材料,15299,2,,,7050,はい,2026-02-23以降,3202,3775,標準2,332,中小候補,GO,GO,GO,,,https://www.amazon.co.jp/dp/B09KL29845,
A,B0FR9KCGT3,オリーブオイル スプレー 一筋の光 オイルスプレー 料理用 ボトル 油 ノンフライヤー 霧吹き 油ポット 耐熱ガラス 2wayボトル 液だれしない 調理グッズ ,Lumeland,株式会社セレクトマート,ホーム＆キッチン > キッチン用品 > 調理・製菓道具,25815,2,早い、丁寧、安心　セレクトマート,,1680,はい,2026-02-23以降,548,369,標準1,282,中小候補,GO,GO,見送り,相乗り出品が基準未満（卸している証拠なし）,,https://www.amazon.co.jp/dp/B0FR9KCGT3,
B,B09NVCKN1M,エレコム ポータブルHDD ハードディスク 2TB PC/テレビ録画用 USB3.2(Gen1) ブラック ELP-PTV020UBK,エレコム(ELECOM),エレコム(ELECOM),パソコン・周辺機器 > 外付けドライブ・ストレージ > 外付ハードディスクドライブ,3625,6,,,18400,はい,2026-02-23以降,7166,9826,標準1,282,大手/海外疑い,GO,GO,GO,,,https://www.amazon.co.jp/dp/B09NVCKN1M,
B,B0DQCC4CTB,リアルテック SSD 外付け 500GB スティック型 読込最大 450MB/秒 PS5/PS4対応(メーカー動作確認済) USB3.2Gen1 Type-A ,シー・エフ・デー販売,シー・エフ・デー販売,パソコン・周辺機器 > 外付けドライブ・ストレージ > 外付SSD,5660,6,,,13980,はい,2026-02-23以降,5200,7145,標準(小型),182,中小候補,GO,GO,GO,,,https://www.amazon.co.jp/dp/B0DQCC4CTB,
B,B0GL852YPJ,Keculboデジカメ 5K 75MP デジタルカメラWIFI スマホに送れるオートフォーカス3.0インチ180度回転画面 Micro SDカード黑,Keculbo,Keculbo,家電＆カメラ > カメラ > デジタルカメラ,6044,4,Keculbo-ghl / Keculbo 株式会社,メーカー直販,11499,はい,2026-02-23以降,5508,7480,標準1,282,中小候補,GO,GO,GO,,,https://www.amazon.co.jp/dp/B0GL852YPJ,
B,B0FPB5DSB4,"Anker Charger (100W, 3 Ports) with USB-C & USB-Cケーブル ダークグレー",Anker,Anker,家電＆カメラ > 携帯電話・スマートフォン > 携帯電話・スマートフォンアクセサリ,3387,2,AnkerDirect / 安心末広ショップ,メーカー直販,9990,はい,2026-02-23以降,3611,4794,標準1,282,大手/海外疑い,GO,GO,GO,,,https://www.amazon.co.jp/dp/B0FPB5DSB4,
B,B0FJS3VBHQ,"Anker Prime Wireless Charging Station (3-in-1, MagGo, AirCool, Dock Stand)",Anker,Anker,家電＆カメラ > 携帯電話・スマートフォン > 携帯電話・スマートフォンアクセサリ,5804,3,AnkerDirect / 安心末広ショップ / 【インボイス対応】フローレッド,メーカー直販,17990,はい,2026-02-23以降,10061,13864,標準2,332,大手/海外疑い,GO,GO,GO,,,https://www.amazon.co.jp/dp/B0FJS3VBHQ,
B,B0FL7F7BDK,IODATA SlimSSD ポータブルSSD 512GB 超小型 USB Type-C SSPJ-UTC512/E,アイオーデータ,アイオーデータ,パソコン・周辺機器 > 外付けドライブ・ストレージ > 外付SSD,9475,6,,,18800,はい,2026-02-23以降,8138,11304,標準(小型),182,中小候補,GO,GO,GO,,,https://www.amazon.co.jp/dp/B0FL7F7BDK,
B,B0F24GGF3Z,Anker Soundcore P41i (Bluetooth 5.3) 【モバイルバッテリー搭載完全ワイヤレスイヤホン/ウルトラノイズキャンセリング 2.0 ,Soundcore,Anker,家電＆カメラ > イヤホン・ヘッドホン > イヤホン・ヘッドホン本体,10459,6,,,12990,はい,2026-02-23以降,4238,5784,標準(小型),182,大手/海外疑い,GO,GO,GO,,,https://www.amazon.co.jp/dp/B0F24GGF3Z,
B,B0FXWZ5XGX,【電池式の限界を超える·常時録画×360°自動追尾 】ieGeek 防犯カメラ 屋外 ソーラー 9000mAhバッテリー 9Wソーラー/連続給電 25m暗視距離,ieGeek,ieGeek,家電＆カメラ > カメラ > 防犯カメラ,7845,2,SanMI Store / MySHOPTOP,,13990,はい,2026-02-23以降,6158,8340,標準2,332,中小候補,GO,GO,GO,,,https://www.amazon.co.jp/dp/B0FXWZ5XGX,
B,B0FJL244L8,[バンダイ(BANDAI)] 仮面ライダーゼッツ DXブレイカムゼッツァー 対象年齢 3 才以上,BANDAI,バンダイ(BANDAI),おもちゃ > ままごと・ごっこ遊び > ベルト・なりきりアイテム,12662,3,【インボイス対応/適格事業者】Y.A.K.Y SHOP / PIGGIES / ピッキーズ / 通販ショップの駿河屋,,16980,はい,2026-02-23以降,3150,3772,標準1,282,大手/海外疑い,GO,GO,GO,,,https://www.amazon.co.jp/dp/B0FJL244L8,
B,B0DK79LN9H,CIO NovaPort TRIOⅡ 140W PD急速充電器 USB-C×3 PD3.1 3台同時充電 世界最小級（ブラック）,CIO,CIO,パソコン・周辺機器 > PCアクセサリ・サプライ > ノートパソコンアクセサリ,4884,2,株式会社CIO / オールズマーケットweb支店,メーカー直販,11800,はい,2026-02-23以降,5539,7523,標準1,282,中小候補,GO,GO,GO,,,https://www.amazon.co.jp/dp/B0DK79LN9H,
B,B0DQC7G5FM,リアルテック SSD 外付け 1.0TB スティック型 読込最大 450MB/秒 PS5/PS4対応(メーカー動作確認済) USB3.2Gen1 Type-A ,シー・エフ・デー販売,シー・エフ・デー販売,パソコン・周辺機器 > 外付けドライブ・ストレージ > 外付SSD,6208,6,,,19980,はい,2026-02-23以降,10310,14378,標準(小型),182,中小候補,GO,GO,GO,,,https://www.amazon.co.jp/dp/B0DQC7G5FM,
B,B0BWKFSTL5,Jabra Speak2 40[国内正規品] 会議用マイクスピーカー 最新ノイズキャンセリング機能 MS Teams/Zoom 最先端ビームフォーミングマイク ,Jabra(ジャブラ),Jabra(ジャブラ),パソコン・周辺機器 > PCスピーカー,660,5,,,16399,はい,2026-02-23以降,10008,13848,標準1,282,中小候補,GO,GO,GO,,,https://www.amazon.co.jp/dp/B0BWKFSTL5,
B,B0FJY1KB32,"Anker Prime Wireless Charging Station (3-in-1, MagGo, AirCool, Dock Stand)",Anker,Anker,家電＆カメラ > 携帯電話・スマートフォン > 携帯電話・スマートフォンアクセサリ,5804,2,AnkerDirect / 【インボイス対応】フローレッド,メーカー直販,17990,はい,2026-02-23以降,10061,13864,標準2,332,大手/海外疑い,GO,GO,GO,,,https://www.amazon.co.jp/dp/B0FJY1KB32,
B,B0DK79VFWN,CIO NovaPort TRIOⅡ 140W PD急速充電器 USB-C×3 PD3.1 3台同時充電 世界最小級（ホワイト）,CIO,CIO,パソコン・周辺機器 > PCアクセサリ・サプライ > ノートパソコンアクセサリ,4884,2,株式会社CIO / オールズマーケットweb支店,メーカー直販,12980,はい,2026-02-23以降,4695,6329,標準1,282,中小候補,GO,GO,GO,,,https://www.amazon.co.jp/dp/B0DK79VFWN,
B,B072NCGDCF,Champion Jockey Special - Switch,KT,コーエーテクモゲームス,ゲーム > 機種別 > Nintendo Switch,8467,3,お宝創庫オンラインストア (土日定休日) / YY ストア / Yggdrasill SHOP,,9763,はい,2026-02-23以降,5806,7359,標準(小型),182,中小候補,GO,GO,GO,,,https://www.amazon.co.jp/dp/B072NCGDCF,
B,B0D66LHDS8,Galaxy Buds3ｌホワイトｌGalaxy AI対応ｌワイヤレスイヤホン 本体 端末ｌSamsung純正 国内正規品ｌ2024年発売ｌノイズキャンセリング,Galaxy,サムスン(Samsung),家電＆カメラ > イヤホン・ヘッドホン > イヤホン・ヘッドホン本体,8807,6,オーデイズオンライン☆30日間返金保証☆ / CCコネクト / GE ショップ / MKOnlineStore(適格請求書発行事業者) / セブンポケット 本店,,17622,はい,2026-02-23以降,10382,14480,標準(小型),182,中小候補,GO,GO,GO,,,https://www.amazon.co.jp/dp/B0D66LHDS8,
B,B0DMVCJRCB,コールマン(Coleman)クアッドマルチパネルランタンｐｌｕｓ（レッド） コ LED 防災 停電 充電式 アウトドア キャンプ 照明 作業灯 卓上 USB充電,コールマン(Coleman),コールマン(Coleman),スポーツ＆アウトドア > アウトドア > ライト・ランタン,6182,4,,,9978,はい,2026-02-23以降,3786,4539,標準2,332,中小候補,GO,GO,GO,,,https://www.amazon.co.jp/dp/B0DMVCJRCB,
B,B0BSKXSK6V,Kodak コダック デジタルカメラ FZ45 単三電池式 (ブラック),ノーブランド品,ノーブランド品,家電＆カメラ > カメラ > デジタルカメラ,7779,2,ホームショッピング,,17700,はい,2026-02-23以降,11323,15812,標準(小型),182,中小候補,GO,GO,見送り,相乗り出品が基準未満（卸している証拠なし）,,https://www.amazon.co.jp/dp/B0BSKXSK6V,
B,B0GJ3S68KD,Android 16 タブレット 11インチ Wi-Fiモデル Headwolf WPad7、In-Cell 1920x1200 FHD、8000mAh、8コア,Headwolf,Headwolf,パソコン・周辺機器 > タブレット,8585,2,Headwolf 直営店 / Headwolf HBY公式ストア,メーカー直販,16999,いいえ,2026-02-23以降,10717,14793,標準2,332,中小候補,GO,GO,GO,,,https://www.amazon.co.jp/dp/B0GJ3S68KD,
B,B0BSKW371H,"コダック コンパクトデジタルカメラ FZ45 単三電池式 (ブラック, 電池・SD・ポーチセット)",ノーブランド品,ノーブランド品,家電＆カメラ > カメラ > デジタルカメラ,6513,2,ホームショッピング,,19800,はい,2026-02-23以降,12588,17500,標準1,282,中小候補,GO,GO,見送り,相乗り出品が基準未満（卸している証拠なし）,,https://www.amazon.co.jp/dp/B0BSKW371H,
B,B0G38MBM9H,ちいかわ なんか小さくてかわいいやつ　コミック　1-8巻セット (講談社),講談社,講談社,本 > ジャンル別 > コミック・ラノベ・BL,11062,5,,,14649,はい,2026-02-23以降,6103,7569,標準2,332,中小候補,GO,GO,GO,,,https://www.amazon.co.jp/dp/B0G38MBM9H,
B,B0FH23M456,BOIFUN バイク用スマートモニター【業界初・縦横表示切替対応・ 6.25インチ大画面】Carplay/Android Auto対応・ バイク用モニター スマ,BOIFUN,BOIFUN,車＆バイク > バイクアクセサリ > バイク用通信機器・GPS,2264,2,"HONG KONG CHULAN XIN CO., LIMITED / MomBackL｜プレミアム直販店・2年保証（2015年創業メーカー）",,16495,はい,2026-02-23以降,10333,13165,標準1,282,中小候補,GO,GO,GO,,,https://www.amazon.co.jp/dp/B0FH23M456,
B,B0C6DMJ2GL,タカラトミー(TAKARA TOMY) 折りたたみベビーベッドにも対応 やわらか ガラガラメリープレミアム スヌーピー,タカラトミー(TAKARA TOMY),タカラトミー(TAKARA TOMY),ベビー＆マタニティ > インテリア・デコレーション > 寝かしつけ用おもちゃ,3353,6,,,12800,はい,2026-02-23以降,3555,4237,標準2,332,大手/海外疑い,GO,GO,GO,,,https://www.amazon.co.jp/dp/B0C6DMJ2GL,
B,B0GKH36WB5,SCYROX V6 軽量 ワイヤレスゲーミングマウス 40g Pixart 3950センサー 8k ドングル同梱済み kailhスイッチ版【日本正規代理店保証】,SCYROX,SCYROX,パソコン・周辺機器 > キーボード・マウス・入力機器 > ゲーミングマウス,3465,2,Rabbit0-Shop / XPRICE,,11800,はい,2026-02-23以降,6024,8209,標準1,282,中小候補,GO,GO,GO,,,https://www.amazon.co.jp/dp/B0GKH36WB5,
B,B0FVXVVBDM,EUHOMY 車載冷蔵庫 バッテリー内蔵可能 ポータブル冷蔵庫 23L USB出力ポート搭載 スマホなど充電可能 固定用穴付き LED庫内灯 -20℃～10℃ ,EUHOMY,EUHOMY,車＆バイク > カーアクセサリ > 車用電化製品,2709,2,,,15998,はい,2026-02-23以降,10116,12882,大型,282,中小候補,GO,GO,見送り,FBA大型サイズ,,https://www.amazon.co.jp/dp/B0FVXVVBDM,
B,B0FNCTRHYC,simplus ゲーミングモニター 21.5インチ PCモニター 100Hz 5ms PCモニター シンプラス SP-NMT21、ブラック、21.5インチ,simplus,simplus,パソコン・周辺機器 > ディスプレイ,5359,2,,,9499,はい,2026-02-23以降,5508,7480,大型,282,中小候補,GO,GO,見送り,FBA大型サイズ,,https://www.amazon.co.jp/dp/B0FNCTRHYC,
B,B0BSKMRSPF,Kodak コダック デジタルカメラ FZ45 単三電池式 (レッド),ノーブランド品,ノーブランド品,家電＆カメラ > カメラ > デジタルカメラ,8441,2,ホームショッピング,,18300,はい,2026-02-23以降,11713,16364,標準(小型),182,中小候補,GO,GO,見送り,相乗り出品が基準未満（卸している証拠なし）,,https://www.amazon.co.jp/dp/B0BSKMRSPF,
B,B0G4F1XXWT,ファイナル(final) VR3000 Wireless for Gaming+ ゲーム専用イヤホン 20ｍs以下の超低遅延接続 ハイブリッドANC搭載 USB,ファイナル(final),final Inc.,パソコン・周辺機器 > PCアクセサリ・サプライ > PCゲーミングアクセサリ,1485,2,final公式ストア,,15800,はい,2026-02-23以降,9061,12610,標準(小型),182,中小候補,GO,GO,見送り,相乗り出品が基準未満（卸している証拠なし）,,https://www.amazon.co.jp/dp/B0G4F1XXWT,
B,B0CJN56F3Z,Raspberry Pi 公式 カメラモジュール【Raspberry Pi Camera V3】 (Wide 可視光[SC0874]),suptronics,Raspberry Pi財団,パソコン・周辺機器 > シングルボードコンピュータ・アクセサリ > シングルボードコンピュータ,7728,5,,,8780,はい,2026-02-23以降,5265,7237,標準(小型),182,中小候補,GO,GO,GO,,,https://www.amazon.co.jp/dp/B0CJN56F3Z,
B,B0DYNK9VPH,"[ウーフォス] ウーメガ リカバリーサンダル OOFOS Oomega レディース 厚底サンダル (ノマド(NOMAD), 日本の靴のサイズ寸法, 大人, 数値",OOFOS(ウーフォス),OOFOS(ウーフォス),ファッション > レディース > シューズ,9579,4,,,11870,はい,2026-02-23以降,5995,7493,標準1,282,中小候補,GO,GO,GO,,,https://www.amazon.co.jp/dp/B0DYNK9VPH,
B,B0FTRRY6JL,エレコム 外付けSSD 500GB USB3.2 (Gen2×2) 20Gpbs 対応 USB Type-C 小型 読出最大2000MB/S 【iPhone/i,エレコム(ELECOM),エレコム(ELECOM),パソコン・周辺機器 > 外付けドライブ・ストレージ > 外付SSD,10824,3,,,13800,はい,2026-02-23以降,8788,12224,標準(小型),182,大手/海外疑い,GO,GO,GO,,,https://www.amazon.co.jp/dp/B0FTRRY6JL,
B,B01MS91C01,信長の野望・創造 with パワーアップキット - Switch,Bandai Namco,コーエーテクモゲームス,ゲーム > 機種別 > Nintendo Switch,3604,4,,,13000,はい,2026-02-23以降,6968,8878,標準(小型),182,大手/海外疑い,GO,GO,GO,,,https://www.amazon.co.jp/dp/B01MS91C01,
B,B0CZXNHQDR,ドクターストーン Dr.STONE　コミック　全27巻セット (集英社),,株式会社,本 > ジャンル別 > コミック・ラノベ・BL,16188,3,,,17450,はい,2026-02-23以降,8099,10179,標準2,332,中小候補,GO,GO,GO,,,https://www.amazon.co.jp/dp/B0CZXNHQDR,
B,B0FC1MSSMK,EPA認証済み ＵＤＡＰ 熊撃退スプレー ホルスター付 （アメリカ森林警備隊採用品）正規輸入品 熊スプレー 業務用 自治体導入 法人 専用ホルスター (1本),スペシャルギフト,UDAP,スポーツ＆アウトドア > アウトドア > 安全対策・サバイバル,5250,2,ギフト.,メーカー直販,9000,はい,2026-02-23以降,4645,5727,標準1,282,中小候補,GO,GO,見送り,相乗り出品が基準未満（卸している証拠なし）,,https://www.amazon.co.jp/dp/B0FC1MSSMK,
B,B0FZBZNCJY,ジャンプスターター & 電動空気入れ 【プロ監修・8000Aピーク電流・ 150PSI急速充気】12V 車対応 エンジンスターター,Kimwood,kimwood,車＆バイク > 自動車整備工具 > バッテリー用ツール,4549,5,,,9499,はい,2026-02-23以降,5842,7228,標準2,332,中小候補,GO,GO,GO,,,https://www.amazon.co.jp/dp/B0FZBZNCJY,
B,B0D5HBSJFX,dreame (ドリーミー) H12S 水拭き掃除機 乾湿両用 吸引＆水拭き2in1 16000Pa 自動洗浄 温風乾燥 35分連続稼働 壁際6mm,dreame,DREAME,DIY・工具・ガーデン > 電動工具・エア工具 > ウェットドライショップ掃除機,3645,2,,,13800,はい,2026-02-23以降,8688,11014,大型,282,中小候補,GO,GO,見送り,FBA大型サイズ,,https://www.amazon.co.jp/dp/B0D5HBSJFX,
B,B0FV6X8JR5,【リチャージWiFi】バッテリーレス 日本100GB+世界3GB 365日 ポケット WiFi ギガ付 海外利用可能【TD12-100GB/365日】,リチャージWiFi,カウスメディア,パソコン・周辺機器 > 無線LAN・ネットワーク機器 > モバイルルーター,482,2,【リチャージモバイル公式】カウスメディアStore,,9980,はい,2026-02-23以降,6305,8709,標準(小型),182,中小候補,GO,GO,見送り,相乗り出品が基準未満（卸している証拠なし）,,https://www.amazon.co.jp/dp/B0FV6X8JR5,
B,B09ND4YMHP,プロクソン(PROXXON) ペンサンダー バッテリー式 PS10 No.26580,プロクソン(PROXXON),キソパワーツール(Kiso-Proxxon),DIY・工具・ガーデン > 電動工具・エア工具 > 研磨工具,7164,5,,,8571,はい,2026-02-23以降,4038,4933,標準1,282,中小候補,GO,GO,GO,,,https://www.amazon.co.jp/dp/B09ND4YMHP,
B,B0DSZJRWKX,COMEDYKING EMS ピロー 【日本で人気！5つ機能付き】 リモコン付き 簡単操作 PC作業 テレワーク 運動 家事 育児 誕生日プレゼント女性 母親 ,COMEDYKING,Pingyang County Hongxing Arts and Crafts Factory,ホーム＆キッチン > 家電 > 健康家電,5005,3,,,9697,はい,2026-02-23以降,6021,7526,標準1,282,中小候補,GO,GO,GO,,,https://www.amazon.co.jp/dp/B0DSZJRWKX,
B,B0DD3MDNGG,Nextorage 日本メーカー UHS-II microSD U3 V60 128GB 動画 マイクロSD メモリーカード M2SE,Nextorage,Nextorage,パソコン・周辺機器 > PCアクセサリ・サプライ > メモリーカード,8040,2,Nextorage ダイレクト / 【公式】グローバルオンラインストア 本店,メーカー直販,11687,はい,2026-02-23以降,6555,9063,標準(小型),182,中小候補,GO,GO,GO,,,https://www.amazon.co.jp/dp/B0DD3MDNGG,
B,B0976RFPQC,コニシ #04466 床職人KU-928C-X アプリパック 600ml 12個入,コニシ(Konishi),コニシ(KONISHI),産業・研究開発用品 > 接着・補修 > 接着剤,3788,6,,,18400,はい,2026-02-23以降,6010,7512,大型,282,中小候補,GO,GO,見送り,FBA大型サイズ,,https://www.amazon.co.jp/dp/B0976RFPQC,
B,B0GKGM6QVH,SCYROX V6 軽量 ワイヤレスゲーミングマウス 40g Pixart 3950センサー 8k ドングル同梱済み kailhスイッチ版【日本正規代理店保証】,SCYROX,SCYROX,パソコン・周辺機器 > キーボード・マウス・入力機器 > ゲーミングマウス,3465,3,,,11800,はい,2026-02-23以降,6024,8209,標準1,282,中小候補,GO,GO,GO,,,https://www.amazon.co.jp/dp/B0GKGM6QVH,
B,B0D3D61DXJ,JLab JBuddies Gen 2 折りたたみ式キッズ有線ヘッドフォン、ノイズアイソレーション、音量制限、対象年齢2歳以上、ピンク/グレー,JLab,JLab,家電＆カメラ > イヤホン・ヘッドホン > イヤホン・ヘッドホン本体,7677,5,☆ショップANNIE☆ / Allure+ / 浪越商店 / ウルノワ / Ｍitsumine store,,9458,はい,2026-02-23以降,3619,4908,標準(小型),182,中小候補,GO,GO,GO,,,https://www.amazon.co.jp/dp/B0D3D61DXJ,
B,B0BWDM2P34,ハイポネックス リキダス アンプル 30ml×10本 (30個入ケース販売),ハイポネックス,ハイポネックスジャパン,DIY・工具・ガーデン > ガーデン > 肥料・園芸薬剤,4794,4,,,10200,はい,2026-02-23以降,6348,7954,標準1,282,中小候補,GO,GO,GO,,,https://www.amazon.co.jp/dp/B0BWDM2P34,
B,B0DPHD9SDX,iGPSPORT BSC200S サイクルコンピュータ サイコン GPS ナビ付き 2.4インチカラー液晶 ルートナビ対応 ケイデンス・スピードセンサー・パワー,iGPSPORT,iGPSPORT,スポーツ＆アウトドア > スポーツケア・アクセサリ・競技備品 > スポーツ・レクリエーションテクノロジー,6772,2,iGPSPORT Official / FIND SHOP,メーカー直販,11800,はい,2026-02-23以降,6337,8053,標準(小型),182,中小候補,GO,GO,GO,,,https://www.amazon.co.jp/dp/B0DPHD9SDX,
B,B0FCRL29CW,NINJA GAIDEN 4 Deluxe Edition -PS5 【特典】リュウ用スキン「トラディショナルダークブルー」 「レジェンダリーブラックファルコン,マイクロソフト,日本マイクロソフト,ゲーム > 機種別 > プレイステーション5,2530,2,【適格請求書発行事業者】AI電気 / Nkzrストア,,15800,はい,2026-02-23以降,6896,8784,標準(小型),182,中小候補,GO,GO,GO,,,https://www.amazon.co.jp/dp/B0FCRL29CW,
B,B0DJWH7XD1,COMEDYKING EMS ピロー 【日本で人気！5つ機能付き】 リモコン付き 簡単操作 PC作業 テレワーク 運動 家事 育児 誕生日プレゼント女性 母親 ,COMEDYKING,Pingyang County Hongxing Arts and Crafts Factory,ホーム＆キッチン > 家電 > 健康家電,5005,2,COMEDYKING 専門店 保証付き / COMEDYKING専門店-保証付き,メーカー直販,9214,はい,2026-02-23以降,5707,7115,標準1,282,中小候補,GO,GO,GO,,,https://www.amazon.co.jp/dp/B0DJWH7XD1,
B,B0FBM6W38D,[サロモン] バックパック・リュックサック TRAILBLAZER 10 (トレイルブレイザー 10リットル) ユニセックス LC2855900 Cloudbu,SALOMON(サロモン),SALOMON(サロモン),ファッション > バッグ・スーツケース > スポーツ・フィットネスバッグ,2257,2,,,13650,いいえ,2026-02-23以降,5243,6509,大型,282,中小候補,GO,GO,見送り,FBA大型サイズ,,https://www.amazon.co.jp/dp/B0FBM6W38D,
B,B0F672K2MN,コクヨ(KOKUYO) 大人のやる気ペン【 文房具総選挙2025大賞受賞】 (旧モデル ホワイト 大人のやる気ペン),コクヨ(KOKUYO),コクヨ(KOKUYO),家電＆カメラ > 携帯電話・スマートフォン > 携帯電話・スマートフォンアクセサリ,8392,3,,,9900,はい,2026-02-23以降,6188,8544,標準(小型),182,大手/海外疑い,GO,GO,GO,,,https://www.amazon.co.jp/dp/B0F672K2MN,
B,B0FVF3Z566,衣類スチーマー Pursay かけたまま スチームアイロン 100-240V 海外対応【濡れずにすぐに着られる×大量超微細スチーム】 ハンディ コンパクト シワ,Pursay,Pursay,ホーム＆キッチン > 家電 > 生活家電,6968,2,Pursay販売店【日本語対応・365日製品品質保証】 / Pursay電気屋【最大18月間安心保証･日本語サポート･30日間返金返品保証】,メーカー直販,7980,はい,2026-02-23以降,4039,4935,標準1,282,中小候補,GO,GO,GO,,,https://www.amazon.co.jp/dp/B0FVF3Z566,
B,B095Z253G3,メデラ 搾乳機 電動 ソロ 搾乳機 (電動・シングルポンプ) 母乳育児をサポート,メデラ,メデラ,ベビー＆マタニティ > 授乳・食事 > 搾乳器,4174,4,ぺこちゃネットショップ / META SHOP / ASAオンラインストア,,18612,はい,2026-02-23以降,11075,14071,標準2,332,中小候補,GO,GO,GO,,,https://www.amazon.co.jp/dp/B095Z253G3,
B,B0F24DGQZG,CAMDOOR キャリーワゴン 特大容量240L 脱着式タイヤ 3秒で収納 超軽量 後部展開可 長物対応 アウトドアワゴン 高耐荷重120kg,CAMDOOR,CAMDOOR,スポーツ＆アウトドア > アウトドア > フィールドギア,2907,2,CAMDOOR-JP（メーカー直営店・１年保証付き・30日間返品保証）,メーカー直販,10752,はい,2026-02-23以降,6586,8201,標準2,332,中小候補,GO,GO,見送り,相乗り出品が基準未満（卸している証拠なし）,,https://www.amazon.co.jp/dp/B0F24DGQZG,
B,B0C89LSCGB,Coleman(コールマン) ファイアーディスクマックス ステンレス鋼 シルバー アウトドア キャンプ 焚火 BBQ ダッチオーブン 3秒設置 お手入れカンタン,Coleman(コールマン),コールマン(Coleman),スポーツ＆アウトドア > アウトドア > バーベキュー・クッキング用品,751,3,,,19590,はい,2026-02-23以降,7388,9314,大型,282,中小候補,GO,GO,見送り,FBA大型サイズ,,https://www.amazon.co.jp/dp/B0C89LSCGB,
B,B0FQNVNYMP,KOJIHOMU エアダスター 洗車 【爆風165m/s・12000mAh】ブロワー アルミ合金 超強力 電動 350000RPM 充電式 コードレス,KOJIHOMU,KOJIHOMU,DIY・工具・ガーデン > 電動工具・エア工具 > エア工具,7032,3,,,11511,はい,2026-02-23以降,7200,9068,標準1,282,中小候補,GO,GO,GO,,,https://www.amazon.co.jp/dp/B0FQNVNYMP,
B,B0CT8NGR25,ピヨ (PIYO) バウンサー 新生児 赤ちゃん 0ヶ月〜 やさしい揺れ 固定可能 もっちり生地 日本検査済み 20kgまで 軽量 コンパクト 洗える 出産祝い,ピヨ(PIYO),ピヨ(PIYO),ベビー＆マタニティ > 室内遊具 > バウンサー,3015,2,,,12800,はい,2026-02-23以降,7206,9076,大型,282,中小候補,GO,GO,見送り,FBA大型サイズ,,https://www.amazon.co.jp/dp/B0CT8NGR25,
B,B0CG42YR5D,[ ビタントニオ 公式 ] ワッフル＆ホットサンドベーカー VWH-600-K（ ホットサンドメーカー 電気 ワッフル メーカー ブラック),Vitantonio (ビタントニオ),三栄コーポレーション,ホーム＆キッチン > 家電 > キッチン家電,7167,4,,,8130,はい,2026-02-23以降,4413,5359,標準2,332,中小候補,GO,GO,GO,,,https://www.amazon.co.jp/dp/B0CG42YR5D,
B,B0GNLLYWW1,防災リュック 防災士監修 2026年改良モデル 防災セット 家庭用 非常用持ち出し袋 簡易トイレ 寝袋 保存水 非常食 多機能ライト,Azamar,Azamar,DIY・工具・ガーデン > 安全・セキュリティ > 非常用品・備品,3428,3,,,9006,はい,2026-02-23以降,5571,6939,大型,282,中小候補,GO,GO,見送り,FBA大型サイズ,,https://www.amazon.co.jp/dp/B0GNLLYWW1,
B,B018G4U6PA,スミス・アンド・ネフュー ウンド マネジメント メロリン 10×20cm 100枚入 66974939 …,メロリン,スミス・アンド・ネフュー,産業・研究開発用品 > 業務用医療用品 > 創傷ケア・包帯,3817,4,,,11300,はい,2026-02-23以降,6486,8070,標準2,332,中小候補,GO,GO,GO,,,https://www.amazon.co.jp/dp/B018G4U6PA,
B,B0FBFN25C5,[バンダイ(BANDAI)] キミとアイドルプリキュア♪ キミとアイドル変身キラキラショータイムマイク(特典:プリキュアキラルンリボン キュアズキューン&キュア,BANDAI,バンダイ(BANDAI),おもちゃ > ままごと・ごっこ遊び > ベルト・なりきりアイテム,3615,2,ツチノコShop / スマイル天月,,8770,はい,2026-02-23以降,4450,5472,標準1,282,大手/海外疑い,GO,GO,GO,,,https://www.amazon.co.jp/dp/B0FBFN25C5,
B,B0FCMK27Z9,【2026年最強6K録画】 デジタルカメラ 8400万画素デジカメ スマホに転送できるカメラ Wi-Fi転送 コンパクトカメラ180°回転可能 ディスプレイ オ,Saluyar,"SHENZHEN HAIJIXING TECHNOLOGY CO.,LTD",家電＆カメラ > カメラ > デジタルカメラ,8604,2,Auroran Store / Waveder Shop,,15120,はい,2026-02-23以降,7877,10832,標準1,282,中小候補,GO,GO,GO,,,https://www.amazon.co.jp/dp/B0FCMK27Z9,
B,B00P7G37JI,ヘタリア AXIS POWERS コミック 1-6巻セット (バーズ エクストラ),幻冬舎,幻冬舎,本 > ジャンル別 > コミック・ラノベ・BL,55473,3,,,8574,はい,2026-02-23以降,4530,5512,標準2,332,中小候補,GO,GO,GO,,,https://www.amazon.co.jp/dp/B00P7G37JI,
B,B0DDWT4NFZ,[バンダイ(BANDAI)] なかよしアンパンマン たっぷりおせわセット 対象年齢 1歳6か月以上,BANDAI,バンダイ(BANDAI),おもちゃ > 赤ちゃん・幼児のおもちゃ > 早期発育・アクティビティ玩具,3195,6,,,12100,はい,2026-02-23以降,6103,7569,標準2,332,大手/海外疑い,GO,GO,GO,,,https://www.amazon.co.jp/dp/B0DDWT4NFZ,
B,B0FSCLPZ8F,プリンストン microSD Expressカード (512GB) Nintendo Switch 2 動作確認済み 読込(PCIe) : 最大 880 MB/,プリンストン,プリンストン,パソコン・周辺機器 > PCアクセサリ・サプライ > メモリーカード,4207,4,,,17820,はい,2026-02-23以降,11401,15922,標準(小型),182,大手/海外疑い,GO,GO,GO,,,https://www.amazon.co.jp/dp/B0FSCLPZ8F,
B,B0CFFY48T1,LiTime 12V 1000W 純正弦波インバーター DC12V AC100V変換 2000W瞬間出力 ACコンセント3つ USB-A出力ポート1つ USB-,Litime,LiTime,車＆バイク > カーアクセサリ > インバーター・コンバーター,4026,2,LiTime Japan,メーカー直販,18680,はい,2026-02-23以降,10594,13442,標準2,332,中小候補,GO,GO,見送り,相乗り出品が基準未満（卸している証拠なし）,,https://www.amazon.co.jp/dp/B0CFFY48T1,
B,B0FXDQJB16,[バンダイ(BANDAI)] 仮面ライダーゼッツ DXイナズマブラスター（特典：ブースターカプセム付き）,BANDAI,バンダイ(BANDAI),おもちゃ > 子ども向けフィギュア > 空想生物,3908,5,,,9900,はい,2026-02-23以降,3865,4707,大型,282,大手/海外疑い,GO,GO,見送り,FBA大型サイズ,,https://www.amazon.co.jp/dp/B0FXDQJB16,
B,B0CY8FH8PL,スパイラ SpyraGO 電動水鉄砲 ウォーターガン 自動給水 飛距離約8m レッド,SPYRA,SPYRA,おもちゃ > アクション・スポーツトイ > プール・水遊び,15691,2,,,9800,はい,2026-02-23以降,5380,6689,大型,282,中小候補,GO,GO,見送り,FBA大型サイズ,,https://www.amazon.co.jp/dp/B0CY8FH8PL,
B,B0CTBRS6C4,アイ・オー・データ機器 広視野角ADSパネル フルHD対応 ワイド液晶ディスプレイ (23.8インチ),アイオーデータ,アイ・オー・データ,パソコン・周辺機器 > ディスプレイ,5911,4,,,12780,はい,2026-02-23以降,7700,10581,大型,282,中小候補,GO,GO,見送り,FBA大型サイズ,,https://www.amazon.co.jp/dp/B0CTBRS6C4,
B,B0B771L265,ゴールデンカムイ　1-31巻　コミック全巻セット【完結】,,集英社＿,本 > ジャンル別 > コミック・ラノベ・BL,27155,6,,,18612,はい,2026-02-23以降,10914,13925,大型,282,中小候補,GO,GO,見送り,FBA大型サイズ,,https://www.amazon.co.jp/dp/B0B771L265,
B,B00KNVRF8G,パナソニック(Panasonic) スッキリ21単2横一30A5+1 AL付 BQWB32351,パナソニック(Panasonic),パナソニック(Panasonic),DIY・工具・ガーデン > 電設 > ブレーカー・ブレーカーボックス,6878,5,,,8000,はい,2026-02-23以降,4556,5546,標準2,332,大手/海外疑い,GO,GO,GO,,,https://www.amazon.co.jp/dp/B00KNVRF8G,
B,B0CWZ2BX38,ポータブルDVDプレーヤー 業界初Type-C急速充電・モバイルバッテリー充電可・目の保護モード 12.5型 10.5インチ液晶 ｄｖｄプレーヤー 5時間連続再,aestiquo,aestiquo,家電＆カメラ > ポータブルオーディオ > ポータブルDVD・ブルーレイプレーヤー,8781,3,,,8299,はい,2026-02-23以降,4542,6053,標準2,332,中小候補,GO,GO,GO,,,https://www.amazon.co.jp/dp/B0CWZ2BX38,
B,B07PNGVHW8,からからつみき 木製 積み木 480ピース 知育玩具 日本製 国産みやざき杉 無塗装 安心安全 モンテッソーリ STEAM STEM 木のおもちゃ 保育園 ギフ,からからつみき(KARAKARATSUMIKI),からからつみき(Karakaratsumiki),おもちゃ > 赤ちゃん・幼児のおもちゃ > 積み木,4558,3,,,13890,はい,2026-02-23以降,8294,10499,大型,282,中小候補,GO,GO,見送り,FBA大型サイズ,,https://www.amazon.co.jp/dp/B07PNGVHW8,
B,B0FYC39R28,【任天堂純正品】Nintendo Switch 2 Proコントローラー バイオハザード レクイエム エディション 【Amazon.co.jp限定】特典 Nin,任天堂,任天堂,ゲーム > 機種別 > レガシーシステム,1709,5,,,16280,はい,2026-02-23以降,6025,7532,標準1,282,大手/海外疑い,GO,GO,GO,,,https://www.amazon.co.jp/dp/B0FYC39R28,
B,B085K49WQ8,【PS4】Ghost of Tsushima (ゴースト オブ ツシマ) 【Amazon.co.jp特典】オリジナルPC壁紙 ※有効期限切れのため入手不可・使用,ソニー・インタラクティブエンタテインメント,ソニー・インタラクティブエンタテインメント,ゲーム > 機種別 > プレイステーション4,2381,3,,,10375,はい,2026-02-23以降,6561,8346,標準(小型),182,大手/海外疑い,GO,GO,GO,,,https://www.amazon.co.jp/dp/B085K49WQ8,
B,B004DIBTIW,Kodak プロフェッショナル用 カラー ネガティブ フィルム ポートラ400 4X5(10枚入り) 8806465,KODAK,コダック,家電＆カメラ > カメラ > アクセサリ,5870,3,シンシアジャパン【適格請求書発行事業主】 / 大橋写真機店(適格請求書発行対象) / BixmeJP,,18780,はい,2026-02-23以降,12025,16805,標準(小型),182,中小候補,GO,GO,GO,,,https://www.amazon.co.jp/dp/B004DIBTIW,
B,B002DEKJ3Y,蟲師 全10巻 完結セット (アフタヌーンKC),講談社,講談社,本 > ジャンル別 > コミック・ラノベ・BL,36738,3,,,12651,はい,2026-02-23以降,7891,9907,標準2,332,中小候補,GO,GO,GO,,,https://www.amazon.co.jp/dp/B002DEKJ3Y,
B,B0F4D7DM34,KEIYO【ワイドディスプレイオーディオ】 10.26インチ IPS液晶タッチパネル ワンセグ搭載地デジ視聴 ワイヤレスCarplay/AndroidAuto ,"KEIYO ENGINEERING CO.,LTD.",KEIYO,車＆バイク > カーナビ・カーエレクトロニクス > 車載モニター,5700,2,KEIYO公式ショップ,,18780,はい,2026-02-23以降,9353,11819,標準2,332,中小候補,GO,GO,見送り,相乗り出品が基準未満（卸している証拠なし）,,https://www.amazon.co.jp/dp/B0F4D7DM34,
B,B01LXYHF71,バッファロー ウェブカメラ 200万画素WEBカメラ 広角120°マイク内蔵 ブラック BSW200MBK,バッファロー,バッファロー,パソコン・周辺機器 > ウェブカメラ・IP電話機器 > ウェブカメラ・VoIP機器,6030,3,,,8480,はい,2026-02-23以降,3055,4109,標準(小型),182,大手/海外疑い,GO,GO,GO,,,https://www.amazon.co.jp/dp/B01LXYHF71,
B,B0D4LPQB5D,[ウーフォス]サンダル ミュール ウーメガ リカバリーサンダル ブラック メンズ レディース OOFOS OOMEGA BLK OOMEGA RECOVERY ,OOFOS(ウーフォス),OOFOS(ウーフォス),ファッション > レディース > シューズ,9579,3,,,12950,はい,2026-02-23以降,5893,7359,標準1,282,中小候補,GO,GO,GO,,,https://www.amazon.co.jp/dp/B0D4LPQB5D,
B,B077DDD5ZQ,銀のスプーン 贅沢うまみ仕立て 食事の吐き戻し軽減フード お魚づくし 1.3Kg×6個,銀のスプーン,ユニチャーム,ペット用品 > 猫 > キャットフード,2047,2,,,13150,はい,2026-02-23以降,3423,4129,大型,282,中小候補,GO,GO,見送り,FBA大型サイズ,,https://www.amazon.co.jp/dp/B077DDD5ZQ,
B,B0FPNVQ4Z3,StarTech USB-A／USB-C HDMI 変換アダプター 4K+1080p M1〜M5 Mac・Win 107B-USB-HDMI-2,StarTech.com(スターテック),StarTech.com,パソコン・周辺機器 > PCアクセサリ・サプライ > 変換アダプタ,3582,4,,,9291,はい,2026-02-23以降,3485,4719,標準(小型),182,中小候補,GO,GO,GO,,,https://www.amazon.co.jp/dp/B0FPNVQ4Z3,
B,B0GJZSZZ66,足踏み あしふみ あしぶみ ステッパー 座ったまま歩く運動器具 静音設計 ズレ防止 デスクワーク用 木製 非電動,Ｇｒａｎｄ　ｌｅ　ｓｏｎ,Ｇｒａｎｄ　ｌｅ　ｓｏｎ,スポーツ＆アウトドア > フィットネス・トレーニング > フィットネスマシン,5222,2,森本商事株式会社,,9800,はい,2026-02-23以降,4738,5784,標準2,332,中小候補,GO,GO,見送り,相乗り出品が基準未満（卸している証拠なし）,,https://www.amazon.co.jp/dp/B0GJZSZZ66,
B,B0DBPJJPQL,サンワダイレクト PCスピーカー 60W 3.5mm 有線 木製 高音調整可能 3Dサラウンド 木目調 AC電源 アンプ内蔵 アクティブスピーカー 400-SP,サンワダイレクト,サンワダイレクト,パソコン・周辺機器 > PCスピーカー,8508,2,サンワサプライ直営【サンワダイレクト】14時までの注文は国内から当日出荷≪土日も出荷中≫,メーカー直販,10480,はい,2026-02-23以降,5797,7829,標準2,332,中小候補,GO,GO,見送り,相乗り出品が基準未満（卸している証拠なし）,,https://www.amazon.co.jp/dp/B0DBPJJPQL,
B,B0DZ6159MX,2025 台車 折り畳み 軽量 耐荷重250kg 樹脂大天板 業務用 運搬台車 コンパクト ミニ キャリーカート コンパクト folding dolly 平台車,ARVAS,ARVAS,産業・研究開発用品 > 物流・保管用品 > 台車・ハンドトラック,754,2,MIMOSA【メーカー直営店全品一年保证】【日本企業】 / NIDALI【メーカー直営店全品一年保证】,,8499,はい,2026-02-23以降,4689,5785,不明,282,中小候補,GO,GO,GO,,,https://www.amazon.co.jp/dp/B0DZ6159MX,
B,B004QFDZCA,デオシート 足上げワンちゃん用 壁貼りガード ワイド 犬用トイレシート 180枚(30枚×6個) 犬,デオシート,ユニチャーム,ペット用品 > 犬 > トイレ・衛生用品,6743,6,,,11088,はい,2026-02-23以降,6673,8379,大型,282,中小候補,GO,GO,見送り,FBA大型サイズ,,https://www.amazon.co.jp/dp/B004QFDZCA,
B,B0FR8GYZ8B,【Switch2】真・三國無双 ORIGINS,KT,コーエーテクモゲームス,ゲーム > 機種別 > Nintendo Switch 2,394,6,,,8900,はい,2026-02-23以降,4498,5648,標準(小型),182,中小候補,GO,GO,GO,,,https://www.amazon.co.jp/dp/B0FR8GYZ8B,
B,B0FNCT534X,simplus ゲーミングモニター 23.8インチ PCモニター 100Hz 1080p 5ms シンプラス SP-NMT23、ブラック、23.8インチ,simplus,simplus,パソコン・周辺機器 > ディスプレイ,5359,2,,,10999,はい,2026-02-23以降,6509,8897,大型,282,中小候補,GO,GO,見送り,FBA大型サイズ,,https://www.amazon.co.jp/dp/B0FNCT534X,
B,B0FTLSC8T3,エレコム microSDXCカード 256GB microSD Express規格対応 UHS-I IPX7 NINTENDO SWITCH2対応検証済 MF-,エレコム(ELECOM),エレコム(ELECOM),パソコン・周辺機器 > PCアクセサリ・サプライ > メモリーカード,7685,6,,,10500,はい,2026-02-23以降,4401,6014,標準(小型),182,大手/海外疑い,GO,GO,GO,,,https://www.amazon.co.jp/dp/B0FTLSC8T3,
B,B0DDBZWDV2,アーケードメモリーズVOL.3 【特典】10 タイトル収録 SD カード、電TAITOSTATION VOLUME4(攻略本 A4 全 32 ページ、インストラ,タイトー,タイトー,ゲーム > 機種別 > レガシーシステム,6816,2,PEACE★SHOP / 株式会社レガート,,14890,はい,2026-02-23以降,9396,11940,標準1,282,中小候補,GO,GO,GO,,,https://www.amazon.co.jp/dp/B0DDBZWDV2,
B,B0CTBV258D,アイ・オー・データ機器 広視野角ADSパネル フルHD対応 ワイド液晶ディスプレイ (21.5インチ),アイオーデータ,アイ・オー・データ,パソコン・周辺機器 > ディスプレイ,5911,4,,,12280,はい,2026-02-23以降,7412,10174,大型,282,中小候補,GO,GO,見送り,FBA大型サイズ,,https://www.amazon.co.jp/dp/B0CTBV258D,
B,B0FRR3DCZQ,【防災士監修】YZO 携帯浄水器 災害 浄水器 アウトドア 電動式＆手動2WAY対応 6層ろ過 99.99999%高精度浄水 携帯じょうすい器,YZO,"JOYCHOU INDUSTRIAL HONG KONG., LIMITED",スポーツ＆アウトドア > アウトドア > 安全対策・サバイバル,7053,6,,,12349,はい,2026-02-23以降,7744,9780,標準1,282,中小候補,GO,GO,GO,,,https://www.amazon.co.jp/dp/B0FRR3DCZQ,
B,B002DE6U78,MONSTER 全18巻 完結コミックセット(ビッグコミックス),小学館,小学館,本 > ジャンル別 > コミック・ラノベ・BL,32923,2,松陰 書店 / タウンズマート,,11830,はい,2026-02-23以降,7195,8997,標準2,332,中小候補,GO,GO,GO,,,https://www.amazon.co.jp/dp/B002DE6U78,
B,B00XZR0PKK,スーパーロボット大戦BX (【初回封入特典】レベルアップキャンペーンダウンロードコード) - 3DS,Bandai Namco,バンダイナムコエンターテインメント,ゲーム > 機種別 > レガシーシステム,3728,2,,,15000,はい,2026-02-23以降,8917,11427,標準(小型),182,大手/海外疑い,GO,GO,GO,,,https://www.amazon.co.jp/dp/B00XZR0PKK,
B,B0C5ZKQWRM,ホカ（HOKA） サンダル オラ リカバリースライド 3 ブラック 1135061-BBLC シャワサン 通気性 レジャー タウン （ブラック/２７．０/Men,HOKA,ホカ,ファッション > メンズ > シューズ,20470,2,,,9800,はい,2026-02-23以降,5509,6857,標準1,282,中小候補,GO,GO,GO,,,https://www.amazon.co.jp/dp/B0C5ZKQWRM,
B,B07G44GFW3,FSX 使い捨て 紙おしぼり SILKY シルキー Lサイズ WHITE 900本 抗ウイルス 抗菌 平型 大判 厚手 業務用 VB,VB,FSX,産業・研究開発用品 > 飲食店舗用品,2415,3,,,8811,はい,2026-02-23以降,5445,6773,大型,282,中小候補,GO,GO,見送り,FBA大型サイズ,,https://www.amazon.co.jp/dp/B07G44GFW3,
B,B09923WB4R,Razer BlackShark V2 Special Edition ゲーミングヘッドセット Black/Green USBサウンドカード付 USB 3.5m,Razer(レイザー),Razer(レイザー),ゲーム > 機種別 > プレイステーション5,570,2,,,18450,はい,2026-02-23以降,9988,12714,標準1,282,中小候補,GO,GO,GO,,,https://www.amazon.co.jp/dp/B09923WB4R,
B,B0DMF6VP14,タニタ ベビースケール【 アプリ（ぴよログ）に体重・授乳量を自動で記録 】赤ちゃん 体重計 BB-115L nometa 出産祝い〈Web限定商品〉,TANITA,タニタ(Tanita),産業・研究開発用品 > 業務用医療用品 > 診断・スクリーニング,9506,2,,,15980,はい,2026-02-23以降,10105,12867,大型,282,中小候補,GO,GO,見送り,FBA大型サイズ,,https://www.amazon.co.jp/dp/B0DMF6VP14,
B,B07M5CRHSC,シリコンパワー SSD M.2 2280 3D TLC NAND採用 512GB SATA III 6Gbps 3年保証 A55シリーズ SP512GBSS3A,SP Silicon Power,シリコンパワー,パソコン・周辺機器 > PCパーツ > 内蔵SSD,7069,3,,,13345,はい,2026-02-23以降,7605,10549,標準(小型),182,中小候補,GO,GO,GO,,,https://www.amazon.co.jp/dp/B07M5CRHSC,
B,B0CP3N7D47,「2026年新時流・特許取得済」llano ノートパソコン 冷却パッド 冷却ファン 冷却台 (ターボブースト技術/空冷式冷却/無段階風量調整/RGBライト/3 ,llano(エルラノ),llano,パソコン・周辺機器 > PCアクセサリ・サプライ > ノートパソコンアクセサリ,6412,2,,,11039,はい,2026-02-23以降,6409,8754,大型,282,中小候補,GO,GO,見送り,FBA大型サイズ,,https://www.amazon.co.jp/dp/B0CP3N7D47,
B,B0F6LKPFGX,ヘッジトリマー 充電式 電動ヘッジトリマー 18Vマキタバッテリー対応可能 刈込幅510mm/切断径18mm 両刃駆動 高速往復刈り 剪定 トリマー 電動トリマ,Natsumi,Natsumi,DIY・工具・ガーデン > ガーデン > 農業・園芸用機器,3573,2,,,9470,はい,2026-02-23以降,5873,7333,大型,282,中小候補,GO,GO,見送り,FBA大型サイズ,,https://www.amazon.co.jp/dp/B0F6LKPFGX,
B,B0FXZY6PR1,MAXZEN 電子レンジ オーブンレンジ 16L フラット ヘルツフリー オーブン グリル 解凍 自動メニュー ワンタッチメニュー 1200W シンプル 黒 ブ,MAXZEN,MAXZEN,ホーム＆キッチン > 家電 > キッチン家電,6414,3,,,13980,はい,2026-02-23以降,7402,9332,大型,282,中小候補,GO,GO,見送り,FBA大型サイズ,,https://www.amazon.co.jp/dp/B0FXZY6PR1,
B,B0FKTKJTJQ,DEPSTECH 先端可動式 ファイバースコープ 6.2MM極細 5インチIPSモニター 210°双方向回転 レバー式 1080P 1.5Mケーブル,DEPSTECH,DEPSTECH,産業・研究開発用品 > 業務用医療用品 > 診断・スクリーニング,6409,2,,,15990,はい,2026-02-23以降,9900,12534,標準2,332,中小候補,GO,GO,GO,,,https://www.amazon.co.jp/dp/B0FKTKJTJQ,
B,B0GF1VD155,アケコン レバーレス コントローラー ps4コントローラー 格闘ゲーム パッド「16ボタン·RP2040搭載·全機種対応·手軽に昇龍発動」,AQielev,,ゲーム > 機種別 > プレイステーション4,1015,3,,,8529,はい,2026-02-23以降,5211,6403,標準2,332,中小候補,GO,GO,GO,,,https://www.amazon.co.jp/dp/B0GF1VD155,
B,B089NKSPVJ,ニチネン マイボンベL 250g ケース販売 48本セット 飲食店 備蓄用 防災用品,ニチネン(Nitinen),ニチネン,スポーツ＆アウトドア > アウトドア > バーベキュー・クッキング用品,1858,4,,,8280,はい,2026-02-23以降,4158,5091,大型,282,中小候補,GO,GO,見送り,FBA大型サイズ,,https://www.amazon.co.jp/dp/B089NKSPVJ,
B,B0FNQ13G1J,KADOKAWA PLASTIC MODEL SERIES 「無職転生II ~異世界行ったら本気だす~」 ロキシー・ミグルディア DX ver. 約149mm ,KADOKAWA,KADOKAWA,ホビー > プラモデル・模型 > プラモデル,10730,1,,,14000,はい,2026-02-23以降,4658,5744,標準1,282,中小候補,GO,GO,見送り,新品オファー数1,,https://www.amazon.co.jp/dp/B0FNQ13G1J,
B,B0F2LQMBZ7,[バンダイ(BANDAI)] SUPER BEST DXハイパーゼクター 仮面ライダーカブト,BANDAI,バンダイ(BANDAI),おもちゃ > ままごと・ごっこ遊び > ベルト・なりきりアイテム,2379,5,,,9800,はい,2026-02-23以降,2373,2869,標準(小型),182,大手/海外疑い,GO,GO,GO,,,https://www.amazon.co.jp/dp/B0F2LQMBZ7,
B,B0DRBBZ6GK,GIMUYA スズキ ジムニー JB64 JB74 車中泊マット 折りたたみ式 ベッドキット 段差解消 快適睡眠 軽量 防水 ジムニーシエラ AT車 MT車 専,GIMUYA,GIMUYA,車＆バイク > カーアクセサリ > 車中泊マット,8958,2,,,14640,はい,2026-02-23以降,9234,11728,大型,282,中小候補,GO,GO,見送り,FBA大型サイズ,,https://www.amazon.co.jp/dp/B0DRBBZ6GK,
B,B0FMDYTR47,CAMDOOR コット キャンプ 2way【高密度1000Dオックスフォード&枕カバー付き】キャンプ コット ハイ/ロー切替可能 150KG高耐荷重,CAMDOOR,camdoor,スポーツ＆アウトドア > アウトドア > 寝袋・ベッド・マット,5291,1,,,9995,はい,2026-02-23以降,6214,7779,大型,282,中小候補,GO,GO,見送り,FBA大型サイズ / 新品オファー数1,,https://www.amazon.co.jp/dp/B0FMDYTR47,
B,B071NXWTX9,LEWITT LCT 240 PRO BLACK コンデンサーマイク 配信 ストリーマー ポッドキャスト DTM レコーディング【国内正規品】,LEWITT,LEWITT,楽器・音響機器 > マイク > コンデンサ,2109,6,,,15789,はい,2026-02-23以降,9724,12304,標準2,332,中小候補,GO,GO,GO,,,https://www.amazon.co.jp/dp/B071NXWTX9,
B,B09Q37HC1Q,BACOENG 3.6CFM 真空ポンプ マニホールドゲージセット R134A R410A R407C カーエアコン修理キット,BACOENG,zhiyaqingmu,車＆バイク > 自動車整備工具 > エアコンメンテナンス,6273,2,,,14999,はい,2026-02-23以降,8676,10934,標準2,332,中小候補,GO,GO,GO,,,https://www.amazon.co.jp/dp/B09Q37HC1Q,
B,B0DLP22KY2,Nijakise 子供用 三輪車 5in1三輪車 ベビーカー 手押し棒付き 手押し棒調整可能 サンシェード付き 組み立て式 6ヶ月～6歳 おもちゃ プレゼント,nijakise,Nijakise,おもちゃ > 乗用玩具・三輪車 > 三輪車,17394,2,,,9980,はい,2026-02-23以降,4905,6067,大型,282,中小候補,GO,GO,見送り,FBA大型サイズ,,https://www.amazon.co.jp/dp/B0DLP22KY2,
B,B07Q3YDVD8,進撃の巨人2 -Final Battle - PS4,KT,コーエーテクモゲームス,ゲーム > 機種別 > プレイステーション4,2483,2,,,11890,はい,2026-02-23以降,5403,6832,標準(小型),182,中小候補,GO,GO,GO,,,https://www.amazon.co.jp/dp/B07Q3YDVD8,
B,B0FBLY7BZ3,【正規品】オットキャスト ミラータッチ OTTOCAST Mirror Touch オット キャストミラーリング ワイヤレスCarPlayアダプター ワイヤレス,OTTOCAST,OTTOCAST,車＆バイク > カーナビ・カーエレクトロニクス > 車載モニターアクセサリ,10009,2,,,13998,はい,2026-02-23以降,8188,10474,標準(小型),182,中小候補,GO,GO,GO,,,https://www.amazon.co.jp/dp/B0FBLY7BZ3,
B,B079CDC882,Teenage Engineering PO-33 ko ポケットシンセサイザー ポータブル 音楽制作,Teenage Engineering,Teenage Engineering,楽器・音響機器 > シンセサイザー・サンプラー > サンプラー,1435,2,,,13090,はい,2026-02-23以降,8326,10654,標準(小型),182,中小候補,GO,GO,GO,,,https://www.amazon.co.jp/dp/B079CDC882,
B,B0DNS89VS8,Brook Wingman FGC2 コンバーター - PS5 および PC 用アーケード ジョイスティック アダプター、すべての PS5 ゲームをサポート [,Brook,Brook,ゲーム > 機種別 > プレイステーション5,2619,3,,,9980,はい,2026-02-23以降,5005,6311,標準(小型),182,中小候補,GO,GO,GO,,,https://www.amazon.co.jp/dp/B0DNS89VS8,
B,B094V3PNYB,山善(YAMAZEN) ガーデンマスター アルミ エアコン室外機カバー【大型タイプ】幅106×奥行38×高さ97cm 雨風やサビに強いアルミ製 ダークブラウン ,山善(YAMAZEN),山善(YAMAZEN),DIY・工具・ガーデン > エクステリア > エアコン室外機カバー,7779,3,,,11399,はい,2026-02-23以降,6803,8549,不明,282,大手/海外疑い,GO,GO,GO,,,https://www.amazon.co.jp/dp/B094V3PNYB,
B,B0FNCV8MGK,simplus ゲーミングモニター 27インチ PCモニター 100Hz 1080p 5ms シンプラス SP-NMT27、ブラック、27インチ,simplus,simplus,パソコン・周辺機器 > ディスプレイ,5359,2,,,13859,はい,2026-02-23以降,8082,11123,大型,282,中小候補,GO,GO,見送り,FBA大型サイズ,,https://www.amazon.co.jp/dp/B0FNCV8MGK,
B,B0DZFPWKMH,BACOENG 3.6CFM 1/4HP 真空ポンプ マニホールドゲージ R32 R134A R410A R407C カー・家庭用エアコン修理キット,BACOENG,zhiyaqingmu,車＆バイク > 自動車整備工具 > エアコンメンテナンス,6273,2,,,17999,はい,2026-02-23以降,10606,13458,標準2,332,中小候補,GO,GO,GO,,,https://www.amazon.co.jp/dp/B0DZFPWKMH,
B,B0G7QNJYD5,ヘリウムガス 400L 2個 風船用 バルーン風船 バルーン用 浮かせる 使い捨てボンベ 結婚式 誕生日 イベント 二次会 補充用 42×24×24cm 東京バ,東京バルーン倶楽部,東京バルーン倶楽部,おもちゃ > パーティーグッズ > 風船・バルーンアクセサリ,3004,2,,,17000,はい,2026-02-23以降,8520,10795,大型,282,中小候補,GO,GO,見送り,FBA大型サイズ,,https://www.amazon.co.jp/dp/B0G7QNJYD5,
B,B0CTBRLPQS,アイ・オー・データ機器 広視野角ADSパネル フルHD対応 ワイド液晶ディスプレイ (27.0インチ),アイオーデータ,アイ・オー・データ,パソコン・周辺機器 > ディスプレイ,5911,5,,,15380,はい,2026-02-23以降,9605,13278,大型,282,中小候補,GO,GO,見送り,FBA大型サイズ,,https://www.amazon.co.jp/dp/B0CTBRLPQS,
B,B0FT8CXK5G,ActionRing ストリームコントローラーデック 省スペース設計の縦型左手デバイス ショートカットキーボード/電卓/テンキーの３モード搭載,ActionRing,"Shenzhen An Rui Xin Technology Co., Ltd.",パソコン・周辺機器 > キーボード・マウス・入力機器 > パソコン用キーボード,5480,2,,,8998,はい,2026-02-23以降,4904,6624,標準1,282,中小候補,GO,GO,GO,,,https://www.amazon.co.jp/dp/B0FT8CXK5G,
B,B07H22G9VY,OPP粘着テープ 梱包用 幅48mm×長さ100m (50巻セット),HIROYUKI,HIROYUKI,産業・研究開発用品 > 接着・補修 > 粘着テープ,5546,3,,,10200,はい,2026-02-23以降,5178,6424,大型,282,中小候補,GO,GO,見送り,FBA大型サイズ,,https://www.amazon.co.jp/dp/B07H22G9VY,
B,B0CX1MWKP7,10袋(500g×10) ヒトデdeでんでん ヒトデ忌避剤 害虫対策 ひとでででんでん 害獣対策 イノシシ対策 ネズミ カラスよけ ハトよけ 虫よけ ハクビシン,ノーブランド品,(株)一葉,DIY・工具・ガーデン > ガーデン > 害獣・害虫対策用品,7155,2,,,11000,はい,2026-02-23以降,6389,7943,標準2,332,中小候補,GO,GO,GO,,,https://www.amazon.co.jp/dp/B0CX1MWKP7,
B,B0F6N6Z74S,コードレス チェーンソー 電動 強力 充電式チェーンソー 12インチ ブラシレスモーター マキタ18Vバッテリー対応可能 4.0Ah大容量バッテリー2個搭載 庭,Natsumi,Natsumi,DIY・工具・ガーデン > ガーデン > 農業・園芸用機器,12623,2,,,9022,はい,2026-02-23以降,5532,6822,標準2,332,中小候補,GO,GO,GO,,,https://www.amazon.co.jp/dp/B0F6N6Z74S,
B,B009URKZSG,イナズマイレブンGO2 クロノ・ストーン ネップウ (特典なし) - 3DS,レベルファイブ,レベルファイブ,ゲーム > 機種別 > レガシーシステム,6249,5,,,12480,はい,2026-02-23以降,3666,4560,標準(小型),182,中小候補,GO,GO,GO,,,https://www.amazon.co.jp/dp/B009URKZSG,
B,4896329570,レビューブック　管理栄養士　2026,メディックメディア,メディックメディア,本 > ジャンル別 > 医学・薬学・看護学・歯科学,203698,4,,,10450,はい,2026-02-23以降,3257,3912,標準1,282,中小候補,GO,GO,GO,,,https://www.amazon.co.jp/dp/4896329570,
B,B0BY84LRVB,パワーブリーズ POWERbreathe PLUS 呼吸筋トレーニング器具 パワーブリーズプラス Medium Resistance 重負荷 ブルー BLUE ,パワーブリーズ(POWER BREATHE),POWER BREATHE,スポーツ＆アウトドア > フィットネス・トレーニング > 筋力トレーニング,11608,2,,,8999,はい,2026-02-23以降,5251,6633,標準(小型),182,中小候補,GO,GO,GO,,,https://www.amazon.co.jp/dp/B0BY84LRVB,
B,B0DCNJG9X8,SONICAKE ミキサー エフェクター ABY ラインセレクター FXループ Portal,SONICAKE,SONICAKE,楽器・音響機器 > ギター > ギターエフェクター,12474,3,,,9900,はい,2026-02-23以降,5380,6689,標準1,282,中小候補,GO,GO,GO,,,https://www.amazon.co.jp/dp/B0DCNJG9X8,
B,B0FXZYKCJN,MAXZEN 電子レンジ オーブンレンジ 16L フラット ヘルツフリー オーブン グリル 解凍 自動メニュー ワンタッチメニュー 1200W シンプル 白 ホ,MAXZEN,MAXZEN,ホーム＆キッチン > 家電 > キッチン家電,7741,3,,,13980,はい,2026-02-23以降,7193,9059,大型,282,中小候補,GO,GO,見送り,FBA大型サイズ,,https://www.amazon.co.jp/dp/B0FXZYKCJN,
B,B0BL6HL14H,【整備済み品】 富士通 ノートパソコン[ PCステージ　W.R.K 無線マウス付属] LIFEBOOK E734 Win11 MS Office 2019 第四,W.R.K,W.R.K,パソコン・周辺機器 > ノートパソコン > 標準型ノートパソコン,1642,2,,,14800,はい,2026-02-23以降,9191,12633,標準2,332,中小候補,GO,GO,GO,,,https://www.amazon.co.jp/dp/B0BL6HL14H,
B,B0DKWPDK7G,HIKMICRO MiniE サーモグラフィー サーマルカメラ 赤外線カメラ スマホ用- iOS/Android、192×192 SuperIR 画像強化、25,HIKMICRO,HIKMICRO,産業・研究開発用品 > 工業用計測器 > 温度計・湿度計,2724,2,,,19990,はい,2026-02-23以降,10483,13361,標準1,282,中小候補,GO,GO,GO,,,https://www.amazon.co.jp/dp/B0DKWPDK7G,
B,B0GMHQ5BFN,【日本法人運営】SAMONIC ペットカート 猫用 犬用 分離型 ワンタッチ折畳 前輪360°回転可能 耐摩耗PUホイール 後輪ストッパー付,SAMONIC,SAMONIC,ペット用品 > 犬 > おでかけ用品,3602,2,,,9481,はい,2026-02-23以降,5880,7342,大型,282,中小候補,GO,GO,見送り,FBA大型サイズ,,https://www.amazon.co.jp/dp/B0GMHQ5BFN,
B,B07BH7ZT4X,イースVIII -Lacrimosa of DANA- - Switch,日本一ソフトウェア,日本一ソフトウェア,ゲーム > 機種別 > Nintendo Switch,6374,3,,,12000,はい,2026-02-23以降,2490,3022,標準(小型),182,中小候補,GO,GO,GO,,,https://www.amazon.co.jp/dp/B07BH7ZT4X,
B,B00B47B1VK,20世紀少年 コミック 全24巻完結セット (ビッグコミックス),小学館,小学館,本 > ジャンル別 > コミック・ラノベ・BL,94885,3,,,13250,はい,2026-02-23以降,8118,10204,標準2,332,中小候補,GO,GO,GO,,,https://www.amazon.co.jp/dp/B00B47B1VK,
B,B00HVX9P6E,Wii Fit U バランスWiiボード (シロ) + フィットメーター (ミドリ) セット,任天堂,任天堂,ゲーム > 機種別 > レガシーシステム,15462,4,,,17500,はい,2026-02-23以降,11093,14159,大型,282,大手/海外疑い,GO,GO,見送り,FBA大型サイズ,,https://www.amazon.co.jp/dp/B00HVX9P6E,
B,B0CQQGP58X,Artudatech ハンドブレーキ PS4 PS5 t300rs用 シムハンドブレーキ 14ビット USB3.0 SIM ハンドブレーキレーシングゲーム 適用,Artudatech,Artudatech,ゲーム > 機種別 > プレイステーション5,3772,2,,,13590,はい,2026-02-23以降,7136,8920,標準2,332,中小候補,GO,GO,GO,,,https://www.amazon.co.jp/dp/B0CQQGP58X,
B,B0GBWFR6S4,【600万超高画素・AI自動追跡搭載】AESTIQUO 防犯カメラ 屋外 6MP 5GHz&2.4GHzデュアルバンド対応 360°見守り パンチルト（左右35,aestiquo,AESTIQUO,家電＆カメラ > カメラ > 防犯カメラ,14938,2,,,8990,はい,2026-02-23以降,3225,4248,標準1,282,中小候補,GO,GO,GO,,,https://www.amazon.co.jp/dp/B0GBWFR6S4,
B,B08D6YCPZG,【整備済み品】 富士通 ノートPC A574/MS Office 2019/Win 10/15.6型/10キー/Core i3-4000M/8GB/512GB ,富士通,富士通,パソコン・周辺機器 > ノートパソコン > 標準型ノートパソコン,2092,2,,,19797,はい,2026-02-23以降,12459,17317,不明,282,中小候補,GO,GO,GO,,,https://www.amazon.co.jp/dp/B08D6YCPZG,
B,B00N8AENKW,愛知電線 アース線 1.6mm 50m 白 IV1.6M-W50,愛知電線,愛知電線,産業・研究開発用品 > エレクトロニクス部品 > 配線・接続部品,3687,2,,,8180,はい,2026-02-23以降,2756,3193,標準2,332,中小候補,GO,GO,GO,,,https://www.amazon.co.jp/dp/B00N8AENKW,
B,B0CCCMPTQR,日本電興(NIHON DENKO) 日本製 ナノバブル発生装置 キッチン水栓用 (泡沫/丸型) ND-NBKS 工具不要 簡単取付 ナノバブル 節水,日本電興株式会社,日本電興,DIY・工具・ガーデン > 住宅用設備・製品 > キッチン・バス備品,10157,2,,,11081,はい,2026-02-23以降,4563,5733,標準(小型),182,中小候補,GO,GO,GO,,,https://www.amazon.co.jp/dp/B0CCCMPTQR,
B,B08D6VC5V1,【整備済み品】 富士通 ノートPC A574/MS Office 2019/Win 10/15.6型/10キー/Core i3-4000M/8GB/128GB ,富士通,富士通,パソコン・周辺機器 > ノートパソコン > 標準型ノートパソコン,2095,3,,,16797,はい,2026-02-23以降,10528,14585,不明,282,中小候補,GO,GO,GO,,,https://www.amazon.co.jp/dp/B08D6VC5V1,
B,B0B8ZKP28V,GIMUYA 車中泊 マット 後部座席 段差解消 折りたたみ式 車用ベッド アウトドア キャンプ 車載 ベッドキット コンパクト収納 仮眠 緊急 災害 防災 グ,GIMUYA,GIMUYA,車＆バイク > カーアクセサリ > 車中泊マット,10297,2,,,9580,はい,2026-02-23以降,4534,5582,大型,282,中小候補,GO,GO,見送り,FBA大型サイズ,,https://www.amazon.co.jp/dp/B0B8ZKP28V,
B,B0DDC36X4K,イーグレットツーミニ専用コンバインキット+アーケードメモリーズVOL.3セット 【特典】10 タイトル収録 SD カード、電TAITOSTATION VOLUM,タイトー,タイトー,ゲーム > 機種別 > レガシーシステム,6816,6,,,19800,はい,2026-02-23以降,12028,15317,標準2,332,中小候補,GO,GO,GO,,,https://www.amazon.co.jp/dp/B0DDC36X4K,
B,B0FXGT6915,布団乾燥機 【ツインノズル 布団2組・靴2組対応】 ダニ退治 温風機能 パワフル 速乾 速暖 ふとん乾燥機 9段階タイマー 4段階温度調整 衣類乾燥,Redido,Redido,ホーム＆キッチン > 家電 > 生活家電,54747,2,,,10999,はい,2026-02-23以降,4645,5727,大型,282,中小候補,GO,GO,見送り,FBA大型サイズ,,https://www.amazon.co.jp/dp/B0FXGT6915,
B,B0C5ZFVVZT,ホカ（HOKA） サンダル オラ リカバリースライド 3 ブラック 1135061-BBLC シャワサン 通気性 レジャー タウン （ブラック/２６．０/Men,HOKA,ホカ,ファッション > メンズ > シューズ,20470,4,,,9800,はい,2026-02-23以降,5507,6854,標準1,282,中小候補,GO,GO,GO,,,https://www.amazon.co.jp/dp/B0C5ZFVVZT,
B,B0DQNKRHSC,DEWEL 水槽台 60cm 水槽 台 ラック 棚 スタンド キャビネット/配線溝付 水槽棚 総耐荷重約200kg 面取り加工 フック付,DEWEL,DEWEL,ペット用品 > 水生ペット > 水槽のアクセサリ,8160,2,,,9876,はい,2026-02-23以降,6075,7597,大型,282,中小候補,GO,GO,見送り,FBA大型サイズ,,https://www.amazon.co.jp/dp/B0DQNKRHSC,
B,B0CJ54Q7YX,Eris 3.5(2nd GEN） 2ウェイ・アクティブ・モニター（ペア）,PreSonus,PreSonus,楽器・音響機器 > PA音響機器 > スピーカー,2902,3,,,17090,はい,2026-02-23以降,10053,12799,大型,282,中小候補,GO,GO,見送り,FBA大型サイズ,,https://www.amazon.co.jp/dp/B0CJ54Q7YX,
B,B002FB7AP0,行け! 稲中卓球部 全13巻 完結コミックセット (ヤンマガKCスペシャル ),講談社,講談社,本 > ジャンル別 > コミック・ラノベ・BL,44777,3,,,13781,はい,2026-02-23以降,8463,10655,標準2,332,中小候補,GO,GO,GO,,,https://www.amazon.co.jp/dp/B002FB7AP0,
B,B0DXP62Z3Z,Silentpower iPower2 【日本正規店より発送】ノイズ抑制 電源 (iPower2 5V),SilentPower,SilentPower,DIY・工具・ガーデン > 電動工具・エア工具 > ポータブル電源・蓄電池,16038,2,,,13000,はい,2026-02-23以降,7030,8846,標準1,282,中小候補,GO,GO,GO,,,https://www.amazon.co.jp/dp/B0DXP62Z3Z,
B,B0F1MXCGCQ,500万画像 防犯カメラ 屋外 ソーラー パネル分離設置型 左右355°上下90°首振り 配線工事不要 ワイヤレス/wifiカメラ 360°撮影可能,YESRAMO,YESRAMO,家電＆カメラ > カメラ > 防犯カメラ,12560,5,,,8187,はい,2026-02-23以降,5039,6816,標準1,282,中小候補,GO,GO,GO,,,https://www.amazon.co.jp/dp/B0F1MXCGCQ,
B,B0DJVVVKB1,IODATA Wi-Fi 7 ルーター 2.5Gbps対応 デュアルバンド WN-7D36QR/UE,アイオーデータ,アイオーデータ,パソコン・周辺機器 > 無線LAN・ネットワーク機器 > 無線・有線LANルーター,19940,2,,,18330,はい,2026-02-23以降,5941,8033,標準2,332,中小候補,GO,GO,GO,,,https://www.amazon.co.jp/dp/B0DJVVVKB1,
B,B0D59GSSVY,[ミキハウス] 無撚糸パイルバスポンチョセット 【ギフトボックス入り】ご出産祝い 3点セット ベビーバスポンチョ 日本製 沐浴 お風呂 綿100％ 男の子 女の,MIKIHOUSE(ミキハウス),MiKiHOUSE,ベビー＆マタニティ > 出産祝い・ギフト・メモリアル > ギフトセット,3025,3,,,11000,はい,2026-02-23以降,6153,7699,標準1,282,中小候補,GO,GO,GO,,,https://www.amazon.co.jp/dp/B0D59GSSVY,
B,B0G6CVMSWT,オフィスチェア メッシュ デスクチェア ヘッドレスト上下調節 腰サポート多段調節 9cm厚クッション 90°回転アームレスト 30°ロッキング 静音キャスター ,Lomurae,Lomurae,文房具・オフィス用品 > オフィス家具・収納 > オフィスチェア,3956,2,,,8529,はい,2026-02-23以降,5261,6533,大型,282,中小候補,GO,GO,見送り,FBA大型サイズ,,https://www.amazon.co.jp/dp/B0G6CVMSWT,
B,B085Y84HRB,アイリスオーヤマ 防災グッズ ベッド マットレス キャンプ 用品 寝袋 ABD-1N×4個,アイリスオーヤマ(IRIS OHYAMA),アイリスオーヤマ(IRIS OHYAMA),スポーツ＆アウトドア > アウトドア > 寝袋・ベッド・マット,244,2,,,11090,いいえ,繰越(境界後の記録なし),6926,8710,大型,282,大手/海外疑い,GO,GO,見送り,FBA大型サイズ,,https://www.amazon.co.jp/dp/B085Y84HRB,
B,B018NGUGX8,SunRuck サンルック 冷蔵庫 無音 無振動 小型 霜取り不要 冷凍室なし ペルチェ方式 一人暮らし 寝室 ホワイト 20L SR-R2003W,Sun Ruck,Sun Ruck,大型家電 > 冷蔵庫・冷凍庫 > 冷凍室なし冷蔵庫,293,2,,,19800,はい,2026-02-23以降,11717,16267,大型,282,中小候補,GO,GO,見送り,FBA大型サイズ,,https://www.amazon.co.jp/dp/B018NGUGX8,
B,B0D59TNSD1,[ミキハウス] 無撚糸パイルバスポンチョセット 【ギフトボックス入り】ご出産祝い 3点セット ベビーバスポンチョ 日本製 沐浴 お風呂 綿100％ 男の子 女の,MIKIHOUSE(ミキハウス),MiKiHOUSE,ベビー＆マタニティ > 出産祝い・ギフト・メモリアル > ギフトセット,3025,3,,,11000,はい,2026-02-23以降,6153,7699,標準1,282,中小候補,GO,GO,GO,,,https://www.amazon.co.jp/dp/B0D59TNSD1,
B,B0D9PXTT9Y,[バンダイ(BANDAI)] 仮面ライダーガヴ DX変身ベルトガヴ (購入特典「おかしな宝箱」付き)【日本おもちゃ大賞2024キャラクター部門大賞】,BANDAI,バンダイ(BANDAI),おもちゃ > ままごと・ごっこ遊び > ベルト・なりきりアイテム,6877,4,,,9340,はい,2026-02-23以降,5230,6492,大型,282,大手/海外疑い,GO,GO,見送り,FBA大型サイズ,,https://www.amazon.co.jp/dp/B0D9PXTT9Y,
B,B001G610AQ,クロノ・トリガー(特典なし),スクウェア・エニックス(SQUARE ENIX),スクウェア・エニックス,ゲーム > 機種別 > レガシーシステム,2799,2,クイックプラス / 秋吉書店,,10284,いいえ,繰越(境界後の記録なし),6502,8269,標準(小型),182,中小候補,GO,GO,GO,,,https://www.amazon.co.jp/dp/B001G610AQ,
B,B0FXGD5CQH,52TOYS BLINDBOX MINIONS(ミニオンズ) Bob+Tim Better Togatherシリーズ ビニールフェイスぬいぐるみ ブラインドボッ,52TOYS,52TOYS,ホビー > フィギュア・コレクタードール,1186,3,,,12700,はい,2026-02-23以降,7533,9439,標準2,332,中小候補,GO,GO,GO,,,https://www.amazon.co.jp/dp/B0FXGD5CQH,
B,B0DPKLVZQY,【業界最軽量・超コンパクト】Totoro ball 大型犬カート ペットカート ワンタッチ折りたたみ式 わんわんかーと 中型犬 4輪大きめタイヤ 大型・中型・多,Totoro ball,Totoro ball,ペット用品 > 犬 > おでかけ用品,6644,2,,,19999,はい,2026-02-23以降,11750,15019,大型,282,中小候補,GO,GO,見送り,FBA大型サイズ,,https://www.amazon.co.jp/dp/B0DPKLVZQY,
B,4592889061,動物のお医者さん 全8巻 完結セット (白泉社文庫),白泉社,白泉社,本 > ジャンル別 > コミック・ラノベ・BL,33008,2,,,8730,はい,2026-02-23以降,5180,6362,標準2,332,中小候補,GO,GO,GO,,,https://www.amazon.co.jp/dp/4592889061,
B,B0CZQXTMLY,【公式】アイデス トミカ 乗用玩具 変形ドライブピット｜足けり 車 室内遊び 収納付き｜1〜5歳未満 誕生日プレゼント 男の子 幼児向け,アイデス(Ides),アイデス㈱,おもちゃ > 乗用玩具・三輪車,6610,2,,,8499,はい,2026-02-23以降,4164,5098,大型,282,中小候補,GO,GO,見送り,FBA大型サイズ,,https://www.amazon.co.jp/dp/B0CZQXTMLY,
B,B0D1YBK31V,STRICH キーボードスタンド 2段 折りたたみ式 幅/高さ調節可能 ピアノスタンド 54/61/73/76/88键電子ピアノ対応,STRICH,STRICH,楽器・音響機器 > ピアノ・キーボード > ピアノ・キーボードアクセサリ,669,1,,,8982,はい,2026-02-23以降,5497,6842,大型,282,中小候補,GO,GO,見送り,FBA大型サイズ / 新品オファー数1,,https://www.amazon.co.jp/dp/B0D1YBK31V,
B,B0GG4FQNG5,チェーンソー充電式【1台2役・14インチ&12インチチェンソー】ハンディチェーンソー 14.6m/sブラシレスモーター 強力 2個4.0Ahバッテリー残量表示 ,Betenet,Betenet,DIY・工具・ガーデン > ガーデン > 農業・園芸用機器,13171,3,,,11699,いいえ,2026-02-23以降,7272,9098,標準2,332,中小候補,GO,GO,GO,,,https://www.amazon.co.jp/dp/B0GG4FQNG5,
B,B0DNJGZ64V,テスコム ペット用バリカン グルーミング掃除機 6in1 多機能ペット掃除機 犬 猫 掃除機 換毛期対策 ホワイト PET-TK01WH,テスコム,テスコム(TESCOM),ペット用品 > 犬 > お手入れ用品,7818,2,E-mono市場 / 笑顔の四葉商事 EC店 / ＵＭ　ＳＨＯＰ,,17800,はい,2026-02-23以降,6817,8503,標準2,332,中小候補,GO,GO,GO,,,https://www.amazon.co.jp/dp/B0DNJGZ64V,
B,B0B6BPPBRQ,TINGHAIYAN 360度電動回転台 ターンテーブル 30cm 回転台電動 ターンテーブル電動 ディスプレイスタンド 耐荷重100kg 直径30cm 360,TINGHAIYAN,TINGHAIYAN,家電＆カメラ > カメラ > スタジオ撮影機材,9603,2,,,8999,はい,2026-02-23以降,4639,6191,標準2,332,中小候補,GO,GO,GO,,,https://www.amazon.co.jp/dp/B0B6BPPBRQ,
B,B08FQVFC6T,[ パワーブリーズ ] POWERbreathe ブレストレーニング器具 超重負荷 パワーブリーズプラス スペシャルエディション PB2006FR ブラック P,パワーブリーズ(POWER BREATHE),POWERbreathe,スポーツ＆アウトドア > フィットネス・トレーニング > 筋力トレーニング,11656,2,,,8999,はい,2026-02-23以降,5151,6389,不明,282,中小候補,GO,GO,GO,,,https://www.amazon.co.jp/dp/B08FQVFC6T,
B,B0CRKTBL1G,【パンツ ビッグサイズ】 パンパース オムツ 通気性プラス (12~22kg) 160枚(40枚×4パック) [ケース品],パンパース,P&G,ベビー＆マタニティ > おむつ・トイレ > おむつ,1445,2,,,12000,はい,2026-02-23以降,769,659,大型,282,中小候補,GO,GO,見送り,FBA大型サイズ,,https://www.amazon.co.jp/dp/B0CRKTBL1G,
B,B0FFSWV3MG,ヘリウムガス 400L 風船用 バルーン風船 バルーン用 浮かせる 使い捨てボンベ 結婚式 誕生日 イベント 二次会 補充用 42×24×24cm 東京バルーン,東京バルーン倶楽部,東京バルーン倶楽部,おもちゃ > パーティーグッズ > 風船・バルーンアクセサリ,2292,2,,,8500,はい,2026-02-23以降,4351,5342,大型,282,中小候補,GO,GO,見送り,FBA大型サイズ,,https://www.amazon.co.jp/dp/B0FFSWV3MG,
B,B0DL9YFT1D,【任天堂公式ライセンス商品】PowerA エンハンスド・ワイヤレスコントローラー for Nintendo Switch - フォートナイト ステッカーマニア【,PowerA,アコ・ブランズ・ジャパン株式会社,ゲーム > 機種別 > Nintendo Switch,1606,3,,,9800,はい,2026-02-23以降,2069,2359,標準1,282,大手/海外疑い,GO,GO,GO,,,https://www.amazon.co.jp/dp/B0DL9YFT1D,
B,B0CQQGXCRK,Artudatech ハンドブレーキ PS4 PS5 t300rs用 シムハンドブレーキ 14ビット USB3.0 SIM ハンドブレーキレーシングゲーム 適用,Artudatech,Artudatech,ゲーム > 機種別 > プレイステーション5,3772,2,,,13990,はい,2026-02-23以降,6811,8495,標準2,332,中小候補,GO,GO,GO,,,https://www.amazon.co.jp/dp/B0CQQGXCRK,
B,B0F9PCSYMT,ポータブルDVDプレーヤー 業界初 type-c急速充電 モバイルバッテリー充電応対 目の保護モード 12.5型 10.5インチ液晶 dvdプレーヤー,VOSCORDER,VOSCORDER,家電＆カメラ > ポータブルオーディオ > ポータブルDVD・ブルーレイプレーヤー,9302,3,,,8199,はい,2026-02-23以降,4699,6274,標準2,332,中小候補,GO,GO,GO,,,https://www.amazon.co.jp/dp/B0F9PCSYMT,
B,B0DL5V6779,DEWEL 水槽台 60cm 水槽 台 ラック 棚 スタンド キャビネット/配線溝付 水槽棚 総耐荷重約200kg 面取り加工 フック付,DEWEL,DEWEL,ペット用品 > 水生ペット > 水槽のアクセサリ,8160,2,,,9879,はい,2026-02-23以降,6075,7597,大型,282,中小候補,GO,GO,見送り,FBA大型サイズ,,https://www.amazon.co.jp/dp/B0DL5V6779,
B,B0GHVZVHQ3,WAQ Reclining Low Chair ハイバックVer リクライニングローチェア キャンプチェア アウトドアチェア WAQ-RLC1 折りたたみチェア,WAQ(ワック),WAQ(ワック),スポーツ＆アウトドア > アウトドア > テーブル・チェア・ハンモック,9239,2,,,9980,はい,2026-02-23以降,6140,7682,大型,282,中小候補,GO,GO,見送り,FBA大型サイズ,,https://www.amazon.co.jp/dp/B0GHVZVHQ3,
B,B0DQL35P8T,Yumcute 電子ピアノ 61鍵盤 折りたたみ 2つ折り電子キーボード 日本語表記 充電式 200音色内蔵 MIDI機能 サスティンペダル 収納バッグ 譜面台,Yumcute,Yumcute,楽器・音響機器 > ピアノ・キーボード > キーボード・電子ピアノ,2040,2,,,8990,はい,2026-02-23以降,4261,5225,大型,282,中小候補,GO,GO,見送り,FBA大型サイズ,,https://www.amazon.co.jp/dp/B0DQL35P8T,
B,B0D6BPH6HM,Holy Warrior RMR HRS タイプ リフレックス ドットサイト アルミ製 2023年 高輝度LED 高温環境下でも使用可能 リアルな形状とマーキン,OPP TACTICAL,OPP TACTICAL,ホビー > エアガン・モデルガン > モデルガンパーツ,12015,2,,,8300,はい,2026-02-23以降,5159,6512,標準(小型),182,中小候補,GO,GO,GO,,,https://www.amazon.co.jp/dp/B0D6BPH6HM,
B,B015QTPKIQ,JX日鉱日石トレーディング スーパーハイランド 32 20L,JX日鉱日石トレーディング,JX日鉱日石トレーディング,産業・研究開発用品 > FA・メカニカル部品 > 潤滑油,8476,3,,,14700,はい,2026-02-23以降,3878,4724,大型,282,中小候補,GO,GO,見送り,FBA大型サイズ,,https://www.amazon.co.jp/dp/B015QTPKIQ,
B,B0G6YSSY6G,syitren R300 ポータブルcdプレーヤー bluetooth対応小型cdプレイヤー充電式内蔵 2000mahバッテリーでワイヤレス再生可能 type-,Syitren,syitren,家電＆カメラ > ポータブルオーディオ > ポータブルCDプレーヤー,9600,2,,,13980,はい,2026-02-23以降,7895,10857,標準1,282,中小候補,GO,GO,GO,,,https://www.amazon.co.jp/dp/B0G6YSSY6G,
B,B097JYPHXF,[WINCESS] インナー手袋 キュプラ インナーグローブ 薄手 超薄手 18ゲージ ベンベルグ 手袋 6枚 20枚 100枚 フリーサイズ 手荒れ 使い捨て,WINCESS,ウインセス,産業・研究開発用品 > 安全・保護用品 > ハンド・アームプロテクション,1197,3,ホープショップ公式 / ウインセス / 姫路カメラ（インボイス対応済み）,,10830,はい,2026-02-23以降,6687,8397,標準1,282,中小候補,GO,GO,GO,,,https://www.amazon.co.jp/dp/B097JYPHXF,
B,B0DNRTVG4M,ちいかわ なんか小さくてかわいいやつ　コミック　1-7巻セット (講談社),,株式会社,本 > ジャンル別 > コミック・ラノベ・BL,3222,5,オンライン・サービス / satkaeshop / つばめ書店　（２冊以上で自動の場合的に速達出荷。雑誌BN、一部書籍は発送に時間がかかる場合有） / 松陰 書店 / タウンズマート,,12300,はい,2026-02-23以降,5209,6400,標準2,332,中小候補,GO,GO,GO,,,https://www.amazon.co.jp/dp/B0DNRTVG4M,
B,B0CCQYN52F,ハースゲート 5面 ドア付き (高さ73.5cm) 置くだけ ペットフェンス ペットゲート ベビーゲート ストーブガード 自立式 レイアウト自由,iimono117 Bandiera,iimono117 Bandiera,ベビー＆マタニティ > セーフティー > ベビーゲート,4320,3,,,9380,はい,2026-02-23以降,5689,7092,大型,282,中小候補,GO,GO,見送り,FBA大型サイズ,,https://www.amazon.co.jp/dp/B0CCQYN52F,
B,B0G4KNT9ZK,minotel cloud speaker 雲形スピーカー USB接続 PC/PS5/Switch対応 白色 かわいい パステルカラー 6色LEDライティング ,minotel,minotel,パソコン・周辺機器 > PCスピーカー,9445,2,,,15200,はい,2026-02-23以降,8116,11170,標準1,282,中小候補,GO,GO,GO,,,https://www.amazon.co.jp/dp/B0G4KNT9ZK,
B,B0DZCT19Y4,【大66cmゆりかご · 中型犬専用】MILA&LOUIS ペットカート 多頭の小型犬&猫 中型犬一匹用 軽量 犬ベビーカー 人気 分離型 取り外し可能 犬 バ,MILA&LOUIS,MILA&LOUIS,ペット用品 > 犬 > おでかけ用品,12766,2,,,10999,はい,2026-02-23以降,5112,6338,大型,282,中小候補,GO,GO,見送り,FBA大型サイズ,,https://www.amazon.co.jp/dp/B0DZCT19Y4,
B,B00BYQ0ENC,デジモンワールド Re:Digitize Decode - 3DS,Bandai Namco,バンダイナムコゲームス,ゲーム > 機種別 > レガシーシステム,3372,2,,,8400,はい,2026-02-23以降,3034,3734,標準(小型),182,大手/海外疑い,GO,GO,GO,,,https://www.amazon.co.jp/dp/B00BYQ0ENC,
B,B07BJZVPP3,LIQUI MOLY (リキモリ) エンジンオイル トップテック4200 ロングライフⅢ 5W30 5L 20904,LIQUIMOLY,LIQUI MOLY,車＆バイク > オイル・フルード > オイル,4116,3,,,14650,はい,2026-02-23以降,7143,8929,標準2,332,中小候補,GO,GO,GO,,,https://www.amazon.co.jp/dp/B07BJZVPP3,
B,B072X5LGMG,ドラゴンクエストXI ダブルパック 勇者のつるぎボックス,スクウェア・エニックス(SQUARE ENIX),スクウェア・エニックス,ゲーム > 機種別 > レガシーシステム,2865,2,,,17000,はい,2026-02-23以降,10768,13734,大型,282,中小候補,GO,GO,見送り,FBA大型サイズ,,https://www.amazon.co.jp/dp/B072X5LGMG,
B,B0D8KV9LMT,[ミキハウス] テーブルウエアセット【ラッピング済】新モデル（2024年） ご出産祝い ベビー食器セット 日本製 離乳食 男の子 女の子 ベビー キッズ 赤ちゃ,MIKIHOUSE(ミキハウス),MiKiHOUSE,ベビー＆マタニティ > 授乳・食事 > ベビー食器,3307,2,,,11000,はい,2026-02-23以降,6031,7475,標準2,332,中小候補,GO,GO,GO,,,https://www.amazon.co.jp/dp/B0D8KV9LMT,
B,B00H72QR2Y,おやすみプンプン コミック 全13巻完結セット (ヤングサンデーコミックス),小学館,小学館,本 > ジャンル別 > コミック・ラノベ・BL,55480,4,,,10067,はい,2026-02-23以降,6211,7710,標準2,332,中小候補,GO,GO,GO,,,https://www.amazon.co.jp/dp/B00H72QR2Y,
B,3957309840,Naked Girls Club,Goliath,Goliath,本 > ジャンル別 > アート・建築・デザイン,41158,2,,,18761,はい,2026-02-23以降,4927,6095,標準1,282,中小候補,GO,GO,GO,,,https://www.amazon.co.jp/dp/3957309840,
B,B06XR73KWR,聖剣伝説コレクション - Switch,スクウェア・エニックス(SQUARE ENIX),スクウェア・エニックス,ゲーム > 機種別 > Nintendo Switch,4352,4,,,10886,はい,2026-02-23以降,4355,5461,標準(小型),182,中小候補,GO,GO,GO,,,https://www.amazon.co.jp/dp/B06XR73KWR,
B,B0FDFRKGFJ,BURAI MSX2コンプリート 限定版 -Switch 限定特典3種 同梱,メビウス,メビウス,ゲーム > 機種別 > Nintendo Switch,4990,3,,,12780,はい,2026-02-23以降,6868,8634,標準1,282,中小候補,GO,GO,見送り,Amazon本体あり(availabilityAmazon=2),,https://www.amazon.co.jp/dp/B0FDFRKGFJ,
B,B006HFMLOU,ヤマハ YAMAHA クラシックギター CGS102A,ヤマハ(YAMAHA),ヤマハ(YAMAHA),楽器・音響機器 > ギター > クラシックギター,4348,2,,,15266,はい,2026-02-23以降,8810,11174,大型,282,中小候補,GO,GO,見送り,FBA大型サイズ,,https://www.amazon.co.jp/dp/B006HFMLOU,
B,B00006RT6E,サクラ大戦~熱き血潮に~(限定版),セガ,セガ,ゲーム > 機種別 > レガシーシステム,4738,2,,,9800,はい,2026-02-23以降,3930,4792,標準1,282,中小候補,GO,GO,GO,,,https://www.amazon.co.jp/dp/B00006RT6E,
B,B0C5ZB5WZD,ホカ（HOKA） サンダル オラ リカバリースライド 3 ブラック 1135061-BBLC シャワサン 通気性 レジャー タウン （ブラック/２５．０/Men,HOKA,,ファッション > メンズ > シューズ,16509,2,,,9800,はい,2026-02-23以降,5509,6857,標準1,282,中小候補,GO,GO,GO,,,https://www.amazon.co.jp/dp/B0C5ZB5WZD,
B,B0CR157S8T,SONICAKE プリアンプ＆コンプレッション＆オーバードライブ ベース エフェクター B Factory,SONICAKE,SONICAKE,楽器・音響機器 > ベース > ベースアンプ,12489,3,,,12100,はい,2026-02-23以降,6024,7530,標準1,282,中小候補,GO,GO,GO,,,https://www.amazon.co.jp/dp/B0CR157S8T,
B,B0DC5YT7KF,業界初 フットケア 足先 太もも ふくらはぎ EMS 空気圧 温熱 6モード ３段階強度 3段階温度 足裏 膝ヒーター機能付 レッグリッラクスサー 立ち仕事、運,SENPPLE,SENPPLE,ホーム＆キッチン > 家電 > 健康家電,13518,3,,,15998,はい,2026-02-23以降,9963,12617,標準2,332,中小候補,GO,GO,GO,,,https://www.amazon.co.jp/dp/B0DC5YT7KF,
B,B0D3Q1C5PB,日本育児 ハイバックブースター コンフォートフィット ジュニアーシートISOFIX 固定 3歳半～12歳頃 R129適合 (ブラック),日本育児,日本育児,ベビー＆マタニティ > チャイルドシート > チャイルドシート本体,4263,2,,,18810,はい,2026-02-23以降,11700,14952,大型,282,中小候補,GO,GO,見送り,FBA大型サイズ,,https://www.amazon.co.jp/dp/B0D3Q1C5PB,
B,B0DVPDB5PT,Keychron V6 Max QMKフルサイズ ワイヤレス・カスタムメカニカルキーボード、2.4 GHz/Bluetooth 5.1/有線接続、JISレイアウ,Keychron,Keychron,パソコン・周辺機器 > キーボード・マウス・入力機器 > パソコン用キーボード,26564,2,,,16720,はい,2026-02-23以降,10586,14666,大型,282,中小候補,GO,GO,見送り,FBA大型サイズ,,https://www.amazon.co.jp/dp/B0DVPDB5PT,
B,B0DVPG18PJ,【国内正規品】Keychron V6 Max QMKフルサイズ ワイヤレス・カスタムメカニカルキーボード、2.4 GHz/Bluetooth 5.1/有線接続、,Keychron,Keychron,パソコン・周辺機器 > キーボード・マウス・入力機器 > パソコン用キーボード,26556,2,,,16720,はい,2026-02-23以降,10586,14666,大型,282,中小候補,GO,GO,見送り,FBA大型サイズ,,https://www.amazon.co.jp/dp/B0DVPG18PJ,
B,B0DHG2TY32,DEWEL 水槽台 60cm 水槽 台 ラック 棚 スタンド キャビネット/配線溝付 水槽棚 総耐荷重約200kg 面取り加工 フック付,DEWEL,DEWEL,ペット用品 > 水生ペット > 水槽のアクセサリ,8147,2,,,9879,はい,2026-02-23以降,6138,7680,大型,282,中小候補,GO,GO,見送り,FBA大型サイズ,,https://www.amazon.co.jp/dp/B0DHG2TY32,
B,B01EAG5D3I,SunRuck サンルック 冷蔵庫 無音 無振動 小型 霜取り不要 冷凍室なし ペルチェ方式 一人暮らし 寝室 ブラック 20L SR-R2003K,Sun Ruck,Sun Ruck,大型家電 > 冷蔵庫・冷凍庫 > 冷凍室なし冷蔵庫,294,2,,,19800,はい,2026-02-23以降,11717,16267,大型,282,中小候補,GO,GO,見送り,FBA大型サイズ,,https://www.amazon.co.jp/dp/B01EAG5D3I,
B,B0GK75YGB3,【公式】Lomurae オフィスチェア メッシュ ハイバック フットレスト付き 135°リクライニング デスクチェア 調節可能ランバーサポート ヘッドレスト 静,Lomurae,Lomurae,文房具・オフィス用品 > オフィス家具・収納 > オフィスチェア,3969,3,,,10429,はい,2026-02-23以降,6496,8148,大型,282,中小候補,GO,GO,見送り,FBA大型サイズ,,https://www.amazon.co.jp/dp/B0GK75YGB3,
B,B0DGPTTLKD,Totoro ball ペットカート 犬 バギー 4輪 犬用カート 中型犬 小型犬2匹 猫 飛び出し防止リード2本付き 耐荷重30Kg 一体型 ワンタッチ折り畳,Totoro ball,Totoro ball,ペット用品 > 犬 > おでかけ用品,7484,2,,,15999,はい,2026-02-23以降,8458,10713,大型,282,中小候補,GO,GO,見送り,FBA大型サイズ,,https://www.amazon.co.jp/dp/B0DGPTTLKD,
B,B00B4PAS48,三國志12 with パワーアップキット (2013年3月発売予定),KT,コーエーテクモゲームス,PCソフト > ジャンル別 > PCゲーム,5776,2,,,16980,はい,2026-02-23以降,10855,13961,標準(小型),182,中小候補,GO,GO,GO,,,https://www.amazon.co.jp/dp/B00B4PAS48,
B,B0D59WPB3G,[ミキハウス] 無撚糸パイルバスポンチョセット 【ギフトボックス入り】ご出産祝い 3点セット ベビーバスポンチョ 日本製 沐浴 お風呂 綿100％ 男の子 女の,MIKIHOUSE(ミキハウス),MiKiHOUSE,ベビー＆マタニティ > 出産祝い・ギフト・メモリアル > ギフトセット,3025,3,,,11000,はい,2026-02-23以降,6153,7699,標準1,282,中小候補,GO,GO,GO,,,https://www.amazon.co.jp/dp/B0D59WPB3G,
B,B0BDZFNV8T,Ergobaby エルゴベビー EBC AWAY グラファイトグレー CREGBCAWYGRAPH,Ergobaby(エルゴベビー),Ergobaby,ベビー＆マタニティ > キャリア・アクセサリ > ベビーキャリア,7786,4,,,15800,はい,2026-02-23以降,6205,7767,標準1,282,中小候補,GO,GO,GO,,,https://www.amazon.co.jp/dp/B0BDZFNV8T,
B,B0DKWFDF56,MODONG ベビーカー B型 軽量 コンパクト 4輪 折りたたみ式 自立式 丸洗い可 1-8歳まで可能 ブラック,MODONG,ZRG,ベビー＆マタニティ > ベビーカー > 背面ベビーカー・バギー,2810,2,,,8540,はい,2026-02-23以降,5269,6543,大型,282,中小候補,GO,GO,見送り,FBA大型サイズ,,https://www.amazon.co.jp/dp/B0DKWFDF56,
B,B0BGN2PJP8,異種最強王図鑑　バトルコロシアム -Switch,日本コロムビア,日本コロムビア,ゲーム > 機種別 > Nintendo Switch,2150,4,,,8900,はい,2026-02-23以降,2775,3395,標準(小型),182,中小候補,GO,GO,GO,,,https://www.amazon.co.jp/dp/B0BGN2PJP8,
B,B0D3PZTBPS,日本育児 コンフォートフィット ジュニアーシート ISOFIX 固定 ハイバックブースター 3歳半～12歳頃 R129適合 (ブラック×グレー),日本育児,日本育児,ベビー＆マタニティ > チャイルドシート > チャイルドシート本体,4263,2,,,19800,はい,2026-02-23以降,11069,14128,大型,282,中小候補,GO,GO,見送り,FBA大型サイズ,,https://www.amazon.co.jp/dp/B0D3PZTBPS,
B,B0B28P196J,THANKO 6L 保温庫 保冷庫 静音 冷温庫 小型冷蔵庫 保温機 ミニ 温め ポータブル 冷蔵庫 小型 卓上 小さい 車載 家庭用 自分専用おとしずか冷温庫,THANKO,サンコー,大型家電 > 冷蔵庫・冷凍庫 > 保温・冷温庫,1050,3,,,9870,はい,2026-02-23以降,4905,6625,大型,282,中小候補,GO,GO,見送り,FBA大型サイズ,,https://www.amazon.co.jp/dp/B0B28P196J,
B,B0CT4BGKHK,[山善] フライヤー 家庭用 電気フライヤー 卓上 865ml 「少ない油で揚げられる/使用油量約40％削減」 温度調節機能 1000W ローオイルフライヤー ,山善(YAMAZEN),山善(YAMAZEN),ホーム＆キッチン > 家電 > キッチン家電,16760,4,,,8034,はい,2026-02-23以降,3535,4211,標準2,332,大手/海外疑い,GO,GO,GO,,,https://www.amazon.co.jp/dp/B0CT4BGKHK,
B,B0DC3WYTN1,Thalia Capos Teal Angel Wing カポタスト Shellシリーズ タリアカポ,Thalia,Thalia,楽器・音響機器 > ギター > ギターアクセサリ,2425,3,,,16720,はい,2026-02-23以降,7462,9524,標準(小型),182,中小候補,GO,GO,GO,,,https://www.amazon.co.jp/dp/B0DC3WYTN1,
B,B09R47V269,京セラ(Kyocera) 旧リョービ 充電式サンダー BS-1110L2 602100A ブラック/レッド 【軽さ・コンパクトさ・握りやすさと高研削力・低騒音・,京セラ(Kyocera),京セラ(Kyocera),DIY・工具・ガーデン > 電動工具・エア工具 > 研磨工具,14270,6,,,17997,はい,2026-02-23以降,8791,11084,標準2,332,中小候補,NG,GO,見送り,回転不足(消化月数>3),,https://www.amazon.co.jp/dp/B09R47V269,
B,B08JH9755X,【PS4】Marvel's Spider-Man: Miles Morales 【Amazon.co.jp限定】オリジナルPC壁紙※有効期限切れのため入手不可・,ソニー・インタラクティブエンタテインメント,ソニー・インタラクティブエンタテインメント,ゲーム > 機種別 > プレイステーション4,1449,3,,,9700,はい,2026-02-23以降,6123,7773,標準(小型),182,大手/海外疑い,GO,GO,GO,,,https://www.amazon.co.jp/dp/B08JH9755X,
B,B0FP16BKHZ,【メーカー2年保証・多頭飼いを見守り】COOAU 自動給餌器カメラ付き２匹用 2レンズ 猫犬対応 デュアルカメラ/ボウル 300万画素 2カメラ同時見守り 同時,COOAU,COOAU,ペット用品 > 犬 > 餌やり・水やり用品,26887,3,,,18990,はい,2026-02-23以降,10116,12882,大型,282,中小候補,GO,GO,見送り,FBA大型サイズ,,https://www.amazon.co.jp/dp/B0FP16BKHZ,
B,B0BWDL7DYK,ハイポネックスジャパン 洋ランの活力アンプル 30ml×10本入 (30箱入ケース販売),ハイポネックス,ハイポネックス,DIY・工具・ガーデン > ガーデン > 肥料・園芸薬剤,8547,3,,,9900,いいえ,繰越(境界後の記録なし),6153,7699,大型,282,中小候補,GO,GO,見送り,FBA大型サイズ,,https://www.amazon.co.jp/dp/B0BWDL7DYK,
B,B0GK7FZD7K,【公式】Lomurae オフィスチェア メッシュ ハイバック フットレスト付き 135°リクライニング デスクチェア 調節可能ランバーサポート ヘッドレスト 静,Lomurae,Lomurae,文房具・オフィス用品 > オフィス家具・収納 > オフィスチェア,3969,3,,,10429,はい,2026-02-23以降,6496,8148,大型,282,中小候補,GO,GO,見送り,FBA大型サイズ,,https://www.amazon.co.jp/dp/B0GK7FZD7K,
B,B0CYLB49D6,Fainyearn スチールラック 幅90 5段 メタルラック 収納ラック キャスター付き 収納棚 整理棚 業務用 シェルフ棚 メタル製 高さ調節 幅91.3c,Fainyearn,Fainyearn,産業・研究開発用品 > 飲食店舗用品 > 食品運搬・保管用品,12212,2,,,12999,はい,2026-02-23以降,8082,10866,大型,282,中小候補,GO,GO,見送り,除外カテゴリ / FBA大型サイズ,,https://www.amazon.co.jp/dp/B0CYLB49D6,
B,B0FJ55NRJG,【 接触冷感 夏用 】 ヒツジのいらないシーツ ーアイス・ブレイク 爽涼ー ボックスシーツ ベッドカバー 冷感シーツ 冷たい ひんやり 吸湿速乾 (ダブル),ヒツジのいらない枕,MOON-X Japan株式会社,ホーム＆キッチン > 寝具 > 寝具カバー・シーツ,23113,2,,,18000,はい,2026-02-23以降,9663,12289,大型,282,中小候補,GO,GO,見送り,FBA大型サイズ,,https://www.amazon.co.jp/dp/B0FJ55NRJG,
B,B0FJ2PMDM9,【 接触冷感 夏用 】 ヒツジのいらないシーツ ーアイス・ブレイク 爽涼ー ボックスシーツ シングル ベッドカバー 冷感シーツ 冷たい ひんやり 吸湿速乾 (シ,ヒツジのいらない枕,MOON-X Japan株式会社,ホーム＆キッチン > 寝具 > 寝具カバー・シーツ,24188,2,,,16000,はい,2026-02-23以降,8469,10728,大型,282,中小候補,GO,GO,見送り,FBA大型サイズ,,https://www.amazon.co.jp/dp/B0FJ2PMDM9,
B,B0DHRVLPWG,GOYOJO 精密はかり 0.01g×5000g デジタルはかり 0.01g 電子天秤 業務用 実験室天びん 宝石店 学校 校正分銅なし コンセント式&バッテリ,GOYOJO,goyojo,産業・研究開発用品 > 工業用計測器 > はかり,17793,2,,,11990,はい,2026-02-23以降,4815,5885,標準2,332,中小候補,GO,GO,GO,,,https://www.amazon.co.jp/dp/B0DHRVLPWG,
B,B005543HJM,アルティメット ヒッツ クロノ・トリガー,スクウェア・エニックス(SQUARE ENIX),スクウェア・エニックス,ゲーム > 機種別 > レガシーシステム,2796,5,,,12990,はい,2026-02-23以降,8261,10569,標準(小型),182,中小候補,GO,GO,GO,,,https://www.amazon.co.jp/dp/B005543HJM,
B,B0FNWSZNT8,[Rakuisme] ベッドフレーム シングル 宮棚付き 2口コンセント 北欧パイン材 すのこベッド ナチュラル,Rakuisme,Rakuisme,ホーム＆キッチン > 家具 > ベッドルーム家具,14054,2,,,10230,はい,2026-02-23以降,6139,7681,大型,282,中小候補,GO,GO,見送り,FBA大型サイズ,,https://www.amazon.co.jp/dp/B0FNWSZNT8,
B,B07L97RGR8,I-O DATA USB 3.1 Gen 1/2.0対応 ポータブルハードディスク 「カクうす Lite」 ブラック 1TB HDPH-UT1KR,アイオーデータ,アイオーデータ,パソコン・周辺機器 > 外付けドライブ・ストレージ > 外付ハードディスクドライブ,11846,4,,,16100,はい,2026-02-23以降,7000,9694,標準(小型),182,中小候補,GO,GO,GO,,,https://www.amazon.co.jp/dp/B07L97RGR8,
B,B07B41QWVG,NARUTO-ナルト- 疾風伝 ナルティメットストームトリロジー for Nintendo Switch,Bandai Namco,バンダイナムコエンターテインメント,ゲーム > 機種別 > Nintendo Switch,4513,6,,,11100,はい,2026-02-23以降,5583,7067,標準(小型),182,大手/海外疑い,NG,GO,見送り,回転不足(消化月数>3),,https://www.amazon.co.jp/dp/B07B41QWVG,
B,B00S6FZM3Q,TAMA タマ SPEEDCOBRA スピードコブラ 310 シングル ドラムペダル HP310L,TAMA(タマ),TAMA(タマ),楽器・音響機器 > ドラム・パーカッション > ハードウェア,5182,6,,,10364,はい,2026-02-23以降,5900,7303,標準2,332,中小候補,NG,GO,見送り,回転不足(消化月数>3),,https://www.amazon.co.jp/dp/B00S6FZM3Q,
B,B09KPBLNFN,MAXWIN メディアプレーヤー FM/AMラジオ AUX USB/SDカード対応 Bluetooth内蔵 車載 12/24V 1DINSP002A,MAXWIN,MAXWIN,車＆バイク > カーナビ・カーエレクトロニクス > カーオーディオ,10500,2,,,9680,はい,2026-02-23以降,5645,6970,標準2,332,中小候補,GO,GO,GO,,,https://www.amazon.co.jp/dp/B09KPBLNFN,
B,B0CS5R2951,【コミック】からかい上手の高木さん（全２０巻）,小学館,小学館,本 > ジャンル別 > コミック・ラノベ・BL,26709,3,,,8700,はい,2026-02-23以降,4530,5512,標準2,332,中小候補,GO,GO,GO,,,https://www.amazon.co.jp/dp/B0CS5R2951,
B,B0B8HJYR7V,VERSOS 冷温庫 24L 【 ペルチェ式だから急速冷蔵・2個搭載 】小型 保冷庫 日本製ダブルペルチェ搭載 ポータブル 温度調節 ミニ冷蔵庫 小型冷蔵庫 車,ＵＰ　ＳＴＯＲＥ,ベルソス,大型家電 > 冷蔵庫・冷凍庫 > 保温・冷温庫,901,2,,,16580,いいえ,繰越(境界後の記録なし),10495,14537,大型,282,中小候補,GO,GO,見送り,FBA大型サイズ,,https://www.amazon.co.jp/dp/B0B8HJYR7V,
B,B0822485S7,XVIVE エックスバイブ U4R インイヤーモニター ワイヤレスシステム(レシーバーのみ) XV-U4R,Xvive,Xvive エックスバイブ,楽器・音響機器 > PA音響機器 > インナーイヤーモニター,1733,5,,,18975,はい,2026-02-23以降,11534,14850,標準(小型),182,中小候補,GO,GO,GO,,,https://www.amazon.co.jp/dp/B0822485S7,
B,B0BD868V98,VERSOS 冷温庫 24L 【 ペルチェ式だから急速冷蔵・2個搭載 】小型 保冷庫 日本製ダブルペルチェ搭載 ポータブル 温度調節 ミニ冷蔵庫 小型冷蔵庫 車,ＵＰ　ＳＴＯＲＥ,ベルソス,大型家電 > 冷蔵庫・冷凍庫 > 保温・冷温庫,899,3,,,16580,はい,2026-02-23以降,10495,14537,大型,282,中小候補,GO,GO,見送り,FBA大型サイズ,,https://www.amazon.co.jp/dp/B0BD868V98,
B,B00ELA9ZU6,CIAO (チャオ) ちゅ~る 11歳からのまぐろ・かつお 4本 48個セット,チャオ (CIAO),いなばペットフード,ペット用品 > 猫 > おやつ,6514,5,,,9780,いいえ,繰越(境界後の記録なし),6025,7467,標準2,332,中小候補,GO,GO,GO,,,https://www.amazon.co.jp/dp/B00ELA9ZU6,
B,B0BYHNB84G,サイクリングディール アップライトバイクスタンド - ファットバイク、MTB、ロードバイクに最大4インチのタイヤ幅に対応 - プレミアム品質の縦・横調節可能な自,CyclingDeal,CyclingDeal,スポーツ＆アウトドア > 自転車 > 自転車アクセサリ,7312,4,,,16614,はい,2026-02-23以降,8620,10925,大型,282,中小候補,GO,GO,見送り,FBA大型サイズ,,https://www.amazon.co.jp/dp/B0BYHNB84G,
B,B0DXL4GR7M,Poled公式 エアラブ4プラス オレオ ベビーカーシート クールシート 暑さ対策 送風機付き インナークッション インナーシート インサート ひんやりシート ,POLED,POLED,ベビー＆マタニティ > ベビーカー > ベビーカー小物,8023,2,,,15840,はい,2026-02-23以降,6103,7569,標準2,332,中小候補,GO,GO,GO,,,https://www.amazon.co.jp/dp/B0DXL4GR7M,
B,B0BRXSTPH6,WAQ 2WAY キャンプ コット インフレータブルピローセット 静音 軽量 折りたたみベッド 耐荷重150kg ハイ/ロー切替可能 (オリーブ),WAQ(ワック),ワック(WAQ),スポーツ＆アウトドア > アウトドア > 寝袋・ベッド・マット,64464,2,,,17540,はい,2026-02-23以降,11005,14044,大型,282,中小候補,GO,GO,見送り,FBA大型サイズ,,https://www.amazon.co.jp/dp/B0BRXSTPH6,
B,B07HBVXL9R,仮面ライダー クライマックススクランブル ジオウ プレミアムエディション -Switch,Bandai Namco,バンダイナムコエンターテインメント,ゲーム > 機種別 > Nintendo Switch,12116,2,,,16500,はい,2026-02-23以降,9039,11473,標準1,282,大手/海外疑い,GO,GO,GO,,,https://www.amazon.co.jp/dp/B07HBVXL9R,
B,B0G6CZDKNB,オフィスチェア メッシュ デスクチェア ヘッドレスト上下調節 腰サポート多段調節 9cm厚クッション 90°回転アームレスト 30°ロッキング 静音キャスター ,Lomurae,Lomurae,文房具・オフィス用品 > オフィス家具・収納 > オフィスチェア,4968,2,,,8528,はい,2026-02-23以降,5261,6532,大型,282,中小候補,GO,GO,見送り,FBA大型サイズ,,https://www.amazon.co.jp/dp/B0G6CZDKNB,
B,B01H1J5QGU,"Pirastro Evah Pirazzi バイオリン弦 エヴァ・ピラッツィ E,A,D,G線セット E線:ボール (子供用サイズ:3/4-1/2)","エヴァ・ピラッツィ E,A,D,G線セット 3/4-1/2",ピラストロ,楽器・音響機器 > 弦楽器 > 弦楽器アクセサリ,3712,3,,,12000,はい,2026-02-23以降,6838,8708,標準(小型),182,中小候補,GO,GO,GO,,,https://www.amazon.co.jp/dp/B01H1J5QGU,
B,B0FQGTTRVD,防災グッズ セット リュック 1人用 黒リュック 非常用リュック 緊急避難 【日本防災ブランド】 軽量 私物追加 大容量リュック 非常用 簡易 トイレ グッズ追,防災のミカタ,防災のミカタ,DIY・工具・ガーデン > 安全・セキュリティ > 非常用品・備品,11967,2,,,11600,はい,2026-02-23以降,6127,7665,大型,282,中小候補,GO,GO,見送り,FBA大型サイズ,,https://www.amazon.co.jp/dp/B0FQGTTRVD,
B,B0G7GV94PH,[ワークル] バートル BURTLE 2026年 春夏 30V 空調 バッテリー ファン セット エアークラフト デバイス 120リットル 作業服 作業着 オリ,ワークル,,DIY・工具・ガーデン > 電動工具・エア工具 > 電動工具パーツ・アクセサリ,11482,2,,,19305,いいえ,繰越(境界後の記録なし),12266,15693,標準1,282,大手/海外疑い,GO,GO,GO,,,https://www.amazon.co.jp/dp/B0G7GV94PH,
B,B00HIV1KNA,タカギ(takagi) ホース ホースリール オーロラX2 軽い 自動巻き R715FJC2,タカギ(Takagi),タカギ(Takagi),DIY・工具・ガーデン > ガーデン > 農具・散水用品,15751,2,,,9481,はい,2026-02-23以降,3250,3903,大型,282,中小候補,GO,GO,見送り,FBA大型サイズ,,https://www.amazon.co.jp/dp/B00HIV1KNA,
B,B08H4BRX1K,スマリー(SMALY) 電子ピアノ ロールアップピアノ 61鍵盤 折畳 和音 SMALY-P61A,スマリー(SMALY),NAKAGAMI Inc.,楽器・音響機器 > ピアノ・キーボード > キーボード・電子ピアノ,1904,2,Smaly Official Shop,,8690,はい,2026-02-23以降,4233,5124,標準2,332,中小候補,GO,GO,見送り,相乗り出品が基準未満（卸している証拠なし）,,https://www.amazon.co.jp/dp/B08H4BRX1K,
B,B003IKOIHK,クロヒョウ 龍が如く新章 - PSP,セガ,セガ,ゲーム > 機種別 > レガシーシステム,11186,3,,,9200,はい,2026-02-23以降,2002,2384,標準(小型),182,中小候補,GO,GO,GO,,,https://www.amazon.co.jp/dp/B003IKOIHK,
B,B0FLVZFD6F,Hsuener マットレス ポケットコイル 厚さ22cm 高反発 360N 高耐久 32D 体圧分散 スプリングマットレス 硬め ベッド 高反発 ごの設置は不要,Hsuener,Hsuener,ホーム＆キッチン > 家具 > ベッドルーム家具,22358,2,,,8189,はい,2026-02-23以降,5040,6244,大型,282,中小候補,GO,GO,見送り,FBA大型サイズ,,https://www.amazon.co.jp/dp/B0FLVZFD6F,
B,B00B47BXHM,岳 コミック 全18巻完結セット (ビッグ コミックス),小学館,小学館,本 > ジャンル別 > コミック・ラノベ・BL,23726,2,,,15050,はい,2026-02-23以降,9288,11734,標準2,332,中小候補,GO,GO,GO,,,https://www.amazon.co.jp/dp/B00B47BXHM,
B,B00HVX9PA0,Wii Fit U バランスWiiボード (クロ) + フィットメーター (ミドリ) セット,任天堂,任天堂,ゲーム > 機種別 > レガシーシステム,15463,3,,,14200,はい,2026-02-23以降,8818,11184,大型,282,大手/海外疑い,GO,GO,見送り,FBA大型サイズ,,https://www.amazon.co.jp/dp/B00HVX9PA0,
B,B074FY6NFL,スタイル ドライブ MTG エムティージー 車 シートクッション フォーム 骨盤サポートチェア (drive S),Style,MTG(エムティージー),車＆バイク > カーアクセサリ > シートクッション,9668,2,,,11000,はい,2026-02-23以降,6868,8634,大型,282,中小候補,GO,GO,見送り,FBA大型サイズ,,https://www.amazon.co.jp/dp/B074FY6NFL,
B,B0D9K5SFJL,"パートナーズ 音声認識人形 スマイルけんちゃん おしゃべりパートナーシリーズ (1240077, スマイルけんちゃん, 1240077)",パートナーズ,パートナーズ,おもちゃ > ぬいぐるみ > インタラクティブぬいぐるみ,19157,4,,,14850,はい,2026-02-23以降,9364,11898,標準1,282,中小候補,GO,GO,GO,,,https://www.amazon.co.jp/dp/B0D9K5SFJL,
B,B0DSCCC79H,Freleaf 12インチ フラットギターパッチケーブル、ノイズフリー、省スペース、0.25インチTSライトアングル ギターエフェクトペダル用、12IN 4パッ,Freleaf,Freleaf,楽器・音響機器 > アクセサリ > 楽器・音響機器ケーブル,804,2,,,10008,いいえ,2026-02-23以降,6323,8034,標準(小型),182,中小候補,GO,GO,GO,,,https://www.amazon.co.jp/dp/B0DSCCC79H,
B,B07N77JFWF,三化工業製 一口IHクッキングヒーター 100V SIH-BH113A (ブラック),三化工業,三化工業,大型家電 > ビルトインキッチン家電 > ビルトインコンロ,635,4,,,15500,はい,2026-02-23以降,9338,12900,大型,282,中小候補,GO,GO,見送り,FBA大型サイズ,,https://www.amazon.co.jp/dp/B07N77JFWF,
B,B08RY14YFV,DayPlus 伸縮はしご両用脚立1.9m+1.9m 伸縮はしご最長3.8m 兼用脚立 スーパーラダー 折り畳み伸縮梯子 多機能アルミはしご 持ち運びに便利 軽,DayPlus,DayPlus,産業・研究開発用品 > 物流・保管用品 > はしご・脚立,10145,2,,,13580,はい,2026-02-23以降,8167,10333,大型,282,中小候補,GO,GO,見送り,FBA大型サイズ,,https://www.amazon.co.jp/dp/B08RY14YFV,
B,B0FMJQFJ49,[tomtoc] ビジネスリュック 32L 大容量 180°フルオープン 軽量 撥水加工 16インチPC対応 メンズ バックパック 通勤 通学 出張 旅行 機内,tomtoc,tomtoc,ファッション > バッグ・スーツケース > ビジネスバッグ,23619,2,,,17990,はい,2026-02-23以降,8861,11240,大型,282,中小候補,GO,GO,見送り,FBA大型サイズ,,https://www.amazon.co.jp/dp/B0FMJQFJ49,
B,B00G0P8HKE,MOLY GREEN [ モリグリーン ] white [ ホワイト ] 10W30 [ SL/CF ] 鉱物油 [ 20L ],モリグリーン(Moly Green),モリグリーン(Moly Green),車＆バイク > オイル・フルード > オイル,9560,5,,,15800,はい,2026-02-23以降,5982,7475,大型,282,中小候補,NG,GO,見送り,FBA大型サイズ / 回転不足(消化月数>3),,https://www.amazon.co.jp/dp/B00G0P8HKE,
B,B0855S98HS,ハースゲート 5面 ドア付き (高さ73.5cm) 置くだけ ペットフェンス ペットゲート ベビーゲート ストーブガード 自立式 レイアウト自由,iimono117 Bandiera,iimono117 Bandiera,ベビー＆マタニティ > セーフティー > ベビーゲート,4320,2,,,9380,はい,2026-02-23以降,5689,7092,大型,282,中小候補,GO,GO,見送り,FBA大型サイズ,,https://www.amazon.co.jp/dp/B0855S98HS,
B,B0DHFV4W4Q,授乳用クッション 授乳 姿勢 クッション インディゴデニム バックルタイプ 綿100% 授乳用 カバー丸洗い可能,トコちゃんベルトの青葉,有限会社　青葉,ベビー＆マタニティ > 授乳・食事 > 授乳クッション,5609,3,,,8980,はい,2026-02-23以降,5555,6917,大型,282,中小候補,GO,GO,見送り,FBA大型サイズ,,https://www.amazon.co.jp/dp/B0DHFV4W4Q,
B,B0G2RNPP73,アールアイジャパン RiDATA くり返し録画用 BD-RE DL 50GB ホワイトプリンタブル 片面2層 1-2倍速,RiDATA,RiDATA,パソコン・周辺機器 > PCアクセサリ・サプライ > 記録メディア,6737,2,,,9671,はい,2026-02-23以降,6004,8181,標準1,282,中小候補,GO,GO,GO,,,https://www.amazon.co.jp/dp/B0G2RNPP73,
B,B08RY1X2CQ,DayPlus 伸縮はしご 両用梯子脚立 2.5M+2.5M 伸縮はしご最長5m 兼用脚立 スーパーラダー 折り畳み伸縮梯子 多機能アルミはしご 持ち運びに便利,DayPlus,DayPlus,産業・研究開発用品 > 物流・保管用品 > はしご・脚立,10145,2,,,19880,はい,2026-02-23以降,10820,13802,大型,282,中小候補,GO,GO,見送り,FBA大型サイズ,,https://www.amazon.co.jp/dp/B08RY1X2CQ,
B,B07F17C5YK,AHS VOCALOID 桜乃そら クール 音声読み上げソフト,AHS,AHS,PCソフト > ジャンル別 > 素材・データ集,4889,2,,,13464,はい,2026-02-23以降,3679,4577,標準(小型),182,中小候補,GO,GO,GO,,,https://www.amazon.co.jp/dp/B07F17C5YK,
B,B08RDHJCLK,アイリスプラザ 冷蔵庫 42L 小型 ミラー調 ブラック PRC-B041DM-B,アイリスプラザ,‎アイリスプラザ(IRIS PLAZA),大型家電 > 冷蔵庫・冷凍庫 > 保温・冷温庫,1305,3,,,14800,いいえ,繰越(境界後の記録なし),9338,12900,不明,282,大手/海外疑い,GO,GO,GO,,,https://www.amazon.co.jp/dp/B08RDHJCLK,
B,B09VFF75P4,ヤマハ YAMAHA コンデンサーマイクロフォン 配信用 ブラック YCM01B,ヤマハ(YAMAHA),ヤマハ,楽器・音響機器 > マイク > コンデンサ,9230,6,,,14500,はい,2026-02-23以降,5764,7190,標準1,282,中小候補,NG,GO,見送り,回転不足(消化月数>3),,https://www.amazon.co.jp/dp/B09VFF75P4,
B,B0G4KNZFYK,minotel cloud speaker 雲形スピーカー USB接続 PC/PS5/Switch対応 青色 かわいい パステルカラー 6色LEDライティング ,minotel,minotel,パソコン・周辺機器 > PCスピーカー,9445,2,,,15200,はい,2026-02-23以降,8066,11040,標準2,332,中小候補,GO,GO,GO,,,https://www.amazon.co.jp/dp/B0G4KNZFYK,
B,B0FVHZXVB2,Hilander(ハイランダー) クライマックスハイチェア ブラック 収納袋付 アウトドアチェア リクライニング アルミ 折りたたみチェア リクライニングチェア,Hilander(ハイランダー),Hilander(ハイランダー),スポーツ＆アウトドア > アウトドア > テーブル・チェア・ハンモック,11506,3,,,10710,はい,2026-02-23以降,6478,8124,大型,282,中小候補,GO,GO,見送り,FBA大型サイズ,,https://www.amazon.co.jp/dp/B0FVHZXVB2,
B,B0CG84LKN4,FMV ディスプレイ 23.8インチFull HDモニター(IPS/HDMI×2/アナログRGB/スピーカー内蔵/VESA対応/3年保証) WMD24021BT,富士通,富士通クライアントコンピューティング,パソコン・周辺機器 > ディスプレイ,13956,5,,,16800,はい,2026-02-23以降,10618,14712,大型,282,中小候補,NG,GO,見送り,FBA大型サイズ / 回転不足(消化月数>3),,https://www.amazon.co.jp/dp/B0CG84LKN4,
B,B0C7QHPDGD,寺田ポンプ製作所 寺田 底水用水中ポンプ SP-150BNL 50Hz,寺田ポンプ製作所,寺田ポンプ製作所,産業・研究開発用品 > 空圧・油圧・配管 > ポンプ・アクセサリ,11130,5,,,17300,はい,2026-02-23以降,10688,13564,標準2,332,中小候補,NG,GO,見送り,回転不足(消化月数>3),,https://www.amazon.co.jp/dp/B0C7QHPDGD,
B,B00VPZ0AMC,Teenage Engineering PO-12 rhythm ポケットオペレーター ドラム・マシン シンセサイザー TE010AS012,Teenage Engineering,Teenage Engineering,楽器・音響機器 > シンセサイザー・サンプラー > シンセサイザー,3408,2,,,9900,はい,2026-02-23以降,4322,5418,標準(小型),182,中小候補,GO,GO,GO,,,https://www.amazon.co.jp/dp/B00VPZ0AMC,
B,B000RW4HHI,Roland ローランド シンバルパッド Dual-Trigger Cymbal Pad CY-5 電子ドラム V-Drums,Roland(ローランド),Roland(ローランド),楽器・音響機器 > ドラム・パーカッション > 電子ドラム,17008,5,,,15400,はい,2026-02-23以降,6496,8084,標準2,332,中小候補,NG,GO,見送り,回転不足(消化月数>3),,https://www.amazon.co.jp/dp/B000RW4HHI,
B,B010SKEHL4,LIXIL(リクシル) INAX キッチン用 壁付 シングルレバー混合水栓 エコハンドル アップ吐水220mm 上向吐水パイプ 回せるもんタイプ RSF-863,LIXIL,LIXIL,DIY・工具・ガーデン > 住宅用設備・製品 > キッチン・バス備品,59224,2,,,19800,はい,2026-02-23以降,12538,15984,標準2,332,中小候補,GO,GO,GO,,,https://www.amazon.co.jp/dp/B010SKEHL4,
B,B08QMFV765,VOX ギターアンプ内蔵 ヘッドホン VGH-AC30 ギターに直接プラグ・イン 個人練習に最適 電池駆動 定番ヴィンテージサウンド,VOX(ヴォックス),VOX,楽器・音響機器 > ベース > ベースアクセサリ,15760,2,,,15774,はい,2026-02-23以降,9338,11864,標準1,282,中小候補,GO,GO,GO,,,https://www.amazon.co.jp/dp/B08QMFV765,
B,B0DHGBT99B,カワダ(Kawada)ナノブロック ポケットモンスター 黒いレックウザ エクストリームDXNBPM_104 7×42×21ｃｍ12才以上 インテリア ホビー N,nanoblock,カワダ(Kawada),おもちゃ > ブロック > ブロックセット,15349,6,,,10500,はい,2026-02-23以降,3242,3893,標準1,282,中小候補,NG,GO,見送り,回転不足(消化月数>3),,https://www.amazon.co.jp/dp/B0DHGBT99B,
B,B09BZ38GTD,【整備済み品】 【Win 10搭載】富士通LIFEBOOK A576 ★高性能第6世代Core i5 2.4GHz／8GBメモリ／SSD 256GB／15.6イ,富士通,FUJITSU,パソコン・周辺機器 > ノートパソコン > 標準型ノートパソコン,2073,2,,,19480,はい,2026-02-23以降,12377,17201,不明,282,中小候補,GO,GO,GO,,,https://www.amazon.co.jp/dp/B09BZ38GTD,
B,B07BJZ815N,LIQUI MOLY (リキモリ) エンジンオイル ライヒトラウフハイテック 5W40 5L 20900,LIQUIMOLY,LIQUI MOLY,車＆バイク > オイル・フルード > オイル,9240,3,,,12645,はい,2026-02-23以降,7793,9779,標準2,332,中小候補,GO,GO,GO,,,https://www.amazon.co.jp/dp/B07BJZ815N,
B,B0F42HB8YC,SPGDSPSY 電動 耕うん機 充電式 耕運機 家庭用 18vマキタ電池互換 強力ブラシレスモーター(耕運幅255mm/耕深220mm)コードレス ミニ管理機,SPGDSPSY,SPGDSPSY,DIY・工具・ガーデン > ガーデン > 農業・園芸用機器,9770,2,,,10620,はい,2026-02-23以降,6552,8220,大型,282,中小候補,GO,GO,見送り,FBA大型サイズ,,https://www.amazon.co.jp/dp/B0F42HB8YC,
B,B0DJBHNKJJ,授乳用クッション 授乳 姿勢 クッション 北欧ベージュ バックルタイプ 綿100% 授乳用 カバー丸洗い可能,トコちゃんベルトの青葉,有限会社　青葉,ベビー＆マタニティ > 授乳・食事 > 授乳クッション,4158,4,,,8980,はい,2026-02-23以降,5555,6917,大型,282,中小候補,GO,GO,見送り,FBA大型サイズ,,https://www.amazon.co.jp/dp/B0DJBHNKJJ,
B,B0BXSSW38X,Snow Peak(スノーピーク) (snow peak)ランドネストドーム Sマットシートセット TM-259,Snow Peak(スノーピーク),スノーピーク(snow peak),スポーツ＆アウトドア > アウトドア > テント,16090,5,,,9800,はい,2026-02-23以降,5701,7108,大型,282,中小候補,NG,GO,見送り,FBA大型サイズ / 回転不足(消化月数>3),,https://www.amazon.co.jp/dp/B0BXSSW38X,
B,B0DZNRVDQZ,冷風機 冷風扇【2026最新・3方向で吸水・着脱式13Lタンク・マイナスイオン発生】冷風扇風機 強力 スポットクーラー 3つモード 3段階風量切替 自動首振り ,Dreemstar,Dreemstar,ホーム＆キッチン > 家電 > 空調・季節家電,35103,3,,,8980,はい,2026-02-23以降,5555,6917,大型,282,中小候補,GO,GO,見送り,FBA大型サイズ,,https://www.amazon.co.jp/dp/B0DZNRVDQZ,
B,B09D7S358X,リコメン堂 キャットケージ 猫ケージ キャットハウス 2段 キャスター付 幅81cm 高さ133cm 奥行56cm グレー,リコメン堂,リコメン堂,ペット用品 > 猫 > ドア・転落防止ネット,13366,2,,,13800,はい,2026-02-23以降,7791,9841,大型,282,中小候補,GO,GO,見送り,FBA大型サイズ,,https://www.amazon.co.jp/dp/B09D7S358X,
B,B0GD6GBX32,【2026新 発売】アイウォーマー pursay ホットアイマスク 充電式 空気圧×加熱×音楽モード 睡眠専門医監修 目元ケア 目元エステ Bluetooth音,Pursay,Pursay,ホーム＆キッチン > 家電 > 理美容家電,6857,2,,,9980,はい,2026-02-23以降,5656,7162,標準(小型),182,中小候補,GO,GO,GO,,,https://www.amazon.co.jp/dp/B0GD6GBX32,
B,B0758TZ8D9,スタンダード コンクリートマイク MW-25,コニーエレクトロニクスサービス,コニーエレクトロニクスサービス,楽器・音響機器 > マイク > コンデンサ,3848,6,,,18800,はい,2026-02-23以降,11815,15104,標準1,282,中小候補,NG,GO,見送り,回転不足(消化月数>3),,https://www.amazon.co.jp/dp/B0758TZ8D9,
B,B0DDPPLKT3,SUGGEST キッズパーテーション ベビーゲート ドアロック付き 組み合わせ自由 対象年齢6か月～3歳 工具不要 子ども ベビーフェンス 侵入防止 リビング ,SUGGEST,SUGGEST,ベビー＆マタニティ > セーフティー > ベビーゲート,4347,2,,,9180,はい,2026-02-23以降,4977,6161,大型,282,中小候補,GO,GO,見送り,FBA大型サイズ,,https://www.amazon.co.jp/dp/B0DDPPLKT3,
B,B00ENTI3C6,銀の匙 Silver Spoon コミックセット (少年サンデーコミックス) [マーケットプレイスセット],小学館,小学館,本 > ジャンル別 > コミック・ラノベ・BL,19105,3,,,9468,はい,2026-02-23以降,4911,6075,標準1,282,中小候補,GO,GO,GO,,,https://www.amazon.co.jp/dp/B00ENTI3C6,
B,B0G4WBQD5R,Kurflo 踏み台 手すり付き 3段 鋼製 500lbs耐荷重 滑り止めマット 二重連結構造 屋内外兼用 段差解消 縁側 ウッドデッキ バルコニー,kurflo,Kurflo,産業・研究開発用品 > 物流・保管用品 > はしご・脚立,14783,2,,,19780,はい,2026-02-23以降,11406,14568,大型,282,中小候補,GO,GO,見送り,FBA大型サイズ,,https://www.amazon.co.jp/dp/B0G4WBQD5R,
B,B0BNQDLHW2,ペットセレクト (本体別売) のぼれんニャンバリアフリー3 専用 拡張パネル 1枚追加で本体+38.5cm 拡張 (ホワイト),ＰＥＴ　ＳＥＬＥＣＴ,日本育児（Pet Select by Nihonikuji）,ベビー＆マタニティ > セーフティー > ベビーゲート,5072,3,,,9900,はい,2026-02-23以降,5570,6937,大型,282,中小候補,GO,GO,見送り,FBA大型サイズ,,https://www.amazon.co.jp/dp/B0BNQDLHW2,
B,B083PR3Y2K,サンコー 小型二槽式洗濯機「別洗いしま専科」3,THANKO,サンコー,大型家電 > 洗濯機・乾燥機 > 洗濯機,3095,3,,,15820,はい,2026-02-23以降,6920,9477,大型,282,中小候補,GO,GO,見送り,FBA大型サイズ,,https://www.amazon.co.jp/dp/B083PR3Y2K,
B,B0FJ2P3M7L,【 接触冷感 夏用 】 ヒツジのいらないシーツ ーアイス・ブレイク 爽涼ー ボックスシーツ ベッドカバー 冷感シーツ 冷たい ひんやり 吸湿速乾 (セミダブル),ヒツジのいらない枕,MOON-X Japan株式会社,ホーム＆キッチン > 寝具 > 寝具カバー・シーツ,23134,2,,,17000,はい,2026-02-23以降,9110,11566,大型,282,中小候補,GO,GO,見送り,FBA大型サイズ,,https://www.amazon.co.jp/dp/B0FJ2P3M7L,
B,B0DDT2QMMZ,防災グッズ セット リュック 1人用 非常用リュック 緊急避難 【日本防災ブランド】 軽量 私物追加 大容量リュック 非常用 簡易 トイレ グッズ追加可能 (（,防災のミカタ,防災のミカタ,DIY・工具・ガーデン > 安全・セキュリティ > 非常用品・備品,10210,2,,,11600,はい,2026-02-23以降,6127,7665,大型,282,中小候補,GO,GO,見送り,FBA大型サイズ,,https://www.amazon.co.jp/dp/B0DDT2QMMZ,
B,4309853366,源氏物語【全8巻】セット (河出文庫),河出書房新社,河出書房新社,本 > ジャンル別 > 文学・評論,281462,4,,,9730,はい,2026-02-23以降,4106,4957,標準2,332,中小候補,GO,GO,GO,,,https://www.amazon.co.jp/dp/4309853366,
B,B0B54KV4H7,ティーニートート V2,Gregory,GREGORY,ファッション > バッグ・スーツケース > リュック・バックパック,18232,2,,,11000,はい,2026-02-23以降,5698,7104,大型,282,中小候補,GO,GO,見送り,FBA大型サイズ,,https://www.amazon.co.jp/dp/B0B54KV4H7,
B,B0FR8QMMB8,KORG(コルグ) ギター/ベース用 ペダルチューナー Pitchblack X mini 限定カラー/コンパクト/省スペース/±0.1セントの高精度/ULTR,KORG(コルグ),KORG(コルグ),楽器・音響機器 > アクセサリ > チューナー,2569,3,,,12760,はい,2026-02-23以降,8028,10265,標準(小型),182,中小候補,GO,GO,GO,,,https://www.amazon.co.jp/dp/B0FR8QMMB8,
B,B0DYJJC5QY,[バンダイ(BANDAI)] SUPER BEST DXウルトラメダル トリプルフュージョンセット ウルトラマンゼット,BANDAI,バンダイ(BANDAI),おもちゃ > ままごと・ごっこ遊び > ベルト・なりきりアイテム,6452,2,,,9600,はい,2026-02-23以降,3393,4203,標準(小型),182,大手/海外疑い,GO,GO,GO,,,https://www.amazon.co.jp/dp/B0DYJJC5QY,
B,B0DJ2NBGWN,Creality (クリアリティ) PCフィラメント 1.75mm クリアポリカーボネートフィラメント 300mm/秒の高速プリント用 1kg(2.2ポンド)/,Creality,Creality,産業・研究開発用品 > 3Dプリンタ・スキャナ > 造形材料,14563,2,,,11148,はい,2026-02-23以降,5937,7352,標準2,332,中小候補,GO,GO,GO,,,https://www.amazon.co.jp/dp/B0DJ2NBGWN,
B,B0DHQ9YCGV,Brotish（ブロティシュ）電動ベビースウィング ベビーバウンサー 電動ロッキングチェア ベビーチェア ベビーラック 電動ゆりかご 三段高度調節 五点式安全ベ,Brotish,Brotish,ベビー＆マタニティ > 室内遊具 > バウンサー,4205,2,,,14699,はい,2026-02-23以降,8794,11153,大型,282,中小候補,GO,GO,見送り,FBA大型サイズ,,https://www.amazon.co.jp/dp/B0DHQ9YCGV,
B,B007XO3OJU,"K&M ブーム式マイクスタンド ST-210/2C (21020) 高さ :900/1,605mm クローム",K&M,K&M,楽器・音響機器 > マイク > マイクアクセサリ,5008,4,,,11250,はい,2026-02-23以降,6725,8447,大型,282,中小候補,GO,GO,見送り,FBA大型サイズ,,https://www.amazon.co.jp/dp/B007XO3OJU,
B,B07L9B1D4W,I-O DATA USB 3.1 Gen 1/2.0対応 ポータブルハードディスク 「カクうす Lite」 ミレニアム群青 1TB HDPH-UT1NVR,アイオーデータ,アイオーデータ,パソコン・周辺機器 > 外付けドライブ・ストレージ > 外付ハードディスクドライブ,11846,6,,,15800,はい,2026-02-23以降,6896,9546,標準(小型),182,中小候補,NG,GO,見送り,回転不足(消化月数>3),,https://www.amazon.co.jp/dp/B07L9B1D4W,
B,B08M9JF623,【コミック】ＢＬＵＥ　ＧＩＡＮＴ（ブルージャイアント）ＳＵＰＲＥＭＥ（全１１巻）,小学館,小学館,本 > ジャンル別 > コミック・ラノベ・BL,52480,6,,,8665,はい,2026-02-23以降,5076,6226,標準2,332,中小候補,NG,GO,見送り,回転不足(消化月数>3),,https://www.amazon.co.jp/dp/B08M9JF623,
B,B0F9W7L68Y,[バンダイ(BANDAI)] ナンバーワン戦隊ゴジュウジャー DXグーデバーン,BANDAI,バンダイ(BANDAI),おもちゃ > 子ども向けフィギュア > 空想生物,10049,3,,,14000,はい,2026-02-23以降,8155,10317,標準1,282,大手/海外疑い,GO,GO,GO,,,https://www.amazon.co.jp/dp/B0F9W7L68Y,
B,B07QPM5FKK,SUGGEST フロア扇 45cm アルミ製 扇風機 大型 業務用 工場扇 工業扇 FAF-50 (1),SUGGEST,SUGGEST,産業・研究開発用品 > 物流・保管用品 > 工場・店舗用機器,13023,2,,,8480,はい,2026-02-23以降,4710,5812,大型,282,中小候補,GO,GO,見送り,FBA大型サイズ,,https://www.amazon.co.jp/dp/B07QPM5FKK,
B,B0D14QT86B,心霊ホラーADVシリーズ全集 死印×NG×死噛 -Switch,エクスペリエンス,エクスペリエンス,ゲーム > 機種別 > Nintendo Switch,9794,2,【適格請求書発行事業者】AI電気 / Game Switch【新品ゲーム販売】 / Life Factory T&M,,9980,はい,2026-02-23以降,2596,3161,標準(小型),182,中小候補,GO,GO,GO,,,https://www.amazon.co.jp/dp/B0D14QT86B,
B,B0BJTPM461,a+u2022年11月臨時増刊/茶室33選　利休・遠州から近代まで,a+u（エー・アンド・ユー）,エー・アンド・ユー,本 > ジャンル別 > 雑誌,214332,3,,,9220,はい,2026-02-23以降,2903,3449,標準1,282,中小候補,GO,GO,GO,,,https://www.amazon.co.jp/dp/B0BJTPM461,
B,B07L92WBCJ,アイ・オー・データ USB 3.1 Gen 1/2.0対応 ポータブルハードディスク 「カクうす Lite」 ミレニアム群青 2TB 日本メーカー HDPH-U,アイオーデータ,アイオーデータ,パソコン・周辺機器 > 外付けドライブ・ストレージ > 外付ハードディスクドライブ,8347,2,,,18800,はい,2026-02-23以降,9568,13328,標準(小型),182,中小候補,GO,GO,GO,,,https://www.amazon.co.jp/dp/B07L92WBCJ,
B,B0C9D3PL82,Perixx ペリックス PERIBOARD-624B PERIBOARD-524 (有線),Perixx,Perixx,パソコン・周辺機器 > キーボード・マウス・入力機器 > パソコン用キーボード,50265,3,,,12460,はい,2026-02-23以降,5187,7024,標準1,282,中小候補,GO,GO,GO,,,https://www.amazon.co.jp/dp/B0C9D3PL82,
B,B003IWQ3OE,ニトムズ ニトリート キネシオロジーテープ 撥水 筋肉保護テープ 伸縮 ロング はがれにくい かぶれにくい 汗に強い むれにくい ベージュ 幅75mm×長さ31,ニトリート(NITREAT),ニトリート(NITREAT),スポーツ＆アウトドア > スポーツケア・アクセサリ・競技備品 > スポーツケア用品,22352,6,,,8320,はい,2026-02-23以降,4942,6116,標準1,282,中小候補,NG,GO,見送り,回転不足(消化月数>3),,https://www.amazon.co.jp/dp/B003IWQ3OE,
B,B0C7VMNWQJ,エレコム モニターアーム シングルアーム 17インチ~32インチ対応 耐荷重:9kg ガス式 VESA規格対応 支柱 ブラック DPA-SS07BK,エレコム(ELECOM),エレコム,パソコン・周辺機器 > PCアクセサリ・サプライ > モニターアクセサリ,10493,2,,,10000,はい,2026-02-23以降,3698,4858,標準2,332,大手/海外疑い,GO,GO,GO,,,https://www.amazon.co.jp/dp/B0C7VMNWQJ,
B,B088DXKKSD,Limetone Audio JCB-2S｜スルーボックス／ジャンクションボックス｜音質重視のペダルボード用配線ユニット【日本製】,Limetone Audio,Limetone Audio,楽器・音響機器 > PA音響機器 > ダイレクトボックス・パッチベイ,10252,4,,,9900,はい,2026-02-23以降,6188,7858,標準(小型),182,中小候補,GO,GO,GO,,,https://www.amazon.co.jp/dp/B088DXKKSD,
B,B0CDS3J1Q4,WAQ RELAXING WIDE MAT リラクシング ワイドマット 厚手 8cm 車中泊 キャンピング 特殊ウレタン 軽量 r値 7 自動膨張 特大バルブ搭,WAQ(ワック),ワック(WAQ),スポーツ＆アウトドア > アウトドア > 寝袋・ベッド・マット,35060,2,,,11730,はい,2026-02-23以降,7266,9155,大型,282,中小候補,GO,GO,見送り,FBA大型サイズ,,https://www.amazon.co.jp/dp/B0CDS3J1Q4,
B,B08J2LD2D9,進撃の巨人 コミック 1-34巻セット,,,本 > ジャンル別 > コミック・ラノベ・BL,46472,7,,,14726,はい,2026-02-23以降,8727,11065,大型,282,中小候補,NG,GO,見送り,FBA大型サイズ / 新品オファー数7 / 回転不足(消化月数>3),,https://www.amazon.co.jp/dp/B08J2LD2D9,
B,B0FJQJT122,虹彩都市 早期予約豪華限定版,KEY,Key,PCソフト > ジャンル別 > PCゲーム,373,2,,,10340,はい,2026-02-23以降,6439,8073,標準1,282,中小候補,GO,GO,GO,,,https://www.amazon.co.jp/dp/B0FJQJT122,
B,B0CKM5BBMD,【整備済み品】SONY docomo Xperia Ace II SO-41B ホワイト White Android12 5.5インチ ROM 64GB RAM,エヌテイテイドコモ,docomo,家電＆カメラ > 携帯電話・スマートフォン > 携帯電話・スマートフォン本体,14147,4,,,12264,はい,2026-02-23以降,3068,4128,標準(小型),182,大手/海外疑い,GO,GO,GO,,,https://www.amazon.co.jp/dp/B0CKM5BBMD,
B,B0D4YPBVRR,トルソー 男性 高さ調整 148～208㎝ 上半身 腕付き 木製 Lサイズ メンズ 紳士 マネキン 洋裁 ディスプレイ iimono117 (腕付),iimono117,iimono117,産業・研究開発用品 > 飲食店舗用品 > ディスプレイ・看板用品,8148,3,,,12480,はい,2026-02-23以降,6783,8523,大型,282,中小候補,GO,GO,見送り,FBA大型サイズ,,https://www.amazon.co.jp/dp/B0D4YPBVRR,
B,B08QN79817,VOX ギターアンプ内蔵 ヘッドホン VGH-ROCK ギターに直接プラグ・イン 個人練習に最適 電池駆動,VOX(ヴォックス),VOX,楽器・音響機器 > ベース > ベースアクセサリ,15284,4,,,10500,はい,2026-02-23以降,6543,8209,標準1,282,中小候補,GO,GO,GO,,,https://www.amazon.co.jp/dp/B08QN79817,
B,B084B9TLVD,3Dマイホームデザイナー13,メガソフト,メガソフト,PCソフト > ジャンル別 > 画像・映像制作,384,2,,,10400,はい,2026-02-23以降,6578,8368,標準(小型),182,中小候補,GO,GO,GO,,,https://www.amazon.co.jp/dp/B084B9TLVD,
B,B079Q33DVM,スナックワールドトレジャラーズ ゴールド (【数量限定封入特典】限定ジャラ「クリスタルソードZ-α」 同梱) - Switch,レベルファイブ,レベルファイブ,ゲーム > 機種別 > Nintendo Switch,3943,2,ブックマーケティング(ご注文確定前に表示の到着予定日をご確認下さい、ご注文後のキャンセルご遠慮下さい / 武藤商店オンラインストア,,13079,はい,2026-02-23以降,3238,4000,標準(小型),182,中小候補,GO,GO,GO,,,https://www.amazon.co.jp/dp/B079Q33DVM,
B,B0BRXPJJ7F,WAQ 2WAY キャンプ コット インフレータブルピローセット 静音 軽量 折りたたみベッド 耐荷重150kg ハイ/ロー切替可能,WAQ(ワック),ワック(WAQ),スポーツ＆アウトドア > アウトドア > 寝袋・ベッド・マット,64464,2,,,17540,はい,2026-02-23以降,11005,14044,大型,282,中小候補,GO,GO,見送り,FBA大型サイズ,,https://www.amazon.co.jp/dp/B0BRXPJJ7F,
B,B0D4YQXZHZ,Hanye 内蔵型 SSD 512GB PCIe Gen3x4 M.2 NVMe 2280 3100MB/s 3D NAND E26 国内正規品 メーカー3年保,Hanye,Hanye,パソコン・周辺機器 > PCパーツ > 内蔵SSD,24629,2,,,11980,はい,2026-02-23以降,7605,10549,標準(小型),182,中小候補,GO,GO,GO,,,https://www.amazon.co.jp/dp/B0D4YQXZHZ,
B,B0FG27NCJ8,【POP MART 公式ストア】Baby Molly Pocket Friends シリーズ ぬいぐるみペンダント 【アソートボックス 6ピース】 モリー ポッ,POP MART,POP MART,おもちゃ > ぬいぐるみ > ぬいぐるみ人形,13495,3,,,8180,はい,2026-02-23以降,5035,6237,標準1,282,中小候補,GO,GO,GO,,,https://www.amazon.co.jp/dp/B0FG27NCJ8,
B,B00BFMZKS4,三国恋戦記~オトメの兵法!~ 思いでがえし 完全限定生産初回特典版【Amazon.co.jp オリジナル特典「録り下ろしドラマCD 仲謀軍編」付き】,Daisy2,Daisy2,PCソフト > ジャンル別 > PCゲーム,1613,2,,,10355,はい,2026-02-23以降,6317,8027,標準(小型),182,中小候補,GO,GO,GO,,,https://www.amazon.co.jp/dp/B00BFMZKS4,
B,B0BGRXV3QM,KraftGeek カプセル譜面台 軽量コンパクト 高さ調節可能 ブラック,KraftGeek,KraftGeek,楽器・音響機器 > アクセサリ > 譜面台,8637,5,,,13064,はい,2026-02-23以降,7648,9654,大型,282,中小候補,NG,GO,見送り,FBA大型サイズ / 回転不足(消化月数>3),,https://www.amazon.co.jp/dp/B0BGRXV3QM,
B,B008B39V44,バクマン。 コミック 全20巻完結セット (ジャンプコミックス),集英社,集英社,本 > ジャンル別 > コミック・ラノベ・BL,61148,5,,,8673,はい,2026-02-23以降,4543,5529,標準2,332,中小候補,NG,GO,見送り,回転不足(消化月数>3),,https://www.amazon.co.jp/dp/B008B39V44,
B,B0B749BYCG,(ザ・ノースフェイス) THE NORTH FACE W LIGHT BONNEY PACK バケットバッグ (WHITE SAND(NN2PN62L)) [並,THE NORTH FACE,,ファッション > レディース > バッグ・財布,17390,6,,,8600,はい,2026-02-23以降,3943,4809,標準1,282,中小候補,NG,GO,見送り,回転不足(消化月数>3),,https://www.amazon.co.jp/dp/B0B749BYCG,
B,B00SBSZ2O2,TAMA タマ ドラムフットペダル IRON COBRA アイアンコブラ デュオ・グライド シングル・ペダル HP600D,TAMA(タマ),TAMA(タマ),楽器・音響機器 > ドラム・パーカッション > ハードウェア,8140,4,,,12667,はい,2026-02-23以降,7657,9602,標準2,332,中小候補,GO,GO,GO,,,https://www.amazon.co.jp/dp/B00SBSZ2O2,
B,B0BJNXGDPL,Coleman(コールマン) 寝袋 ファミリー2 IN 1/C10 UP,Coleman(コールマン),コールマン(Coleman),スポーツ＆アウトドア > アウトドア > 寝袋・ベッド・マット,13871,3,,,12980,はい,2026-02-23以降,6088,7614,大型,282,中小候補,GO,GO,見送り,FBA大型サイズ,,https://www.amazon.co.jp/dp/B0BJNXGDPL,
B,B0G92138PP,FXW 犬用ゲート 超ワイド・幅調整可能 最大5.57m 高さ80cm,FXW,DP32-8,ペット用品 > 犬 > ドア・ゲート・スロープ,8262,2,,,14900,はい,2026-02-23以降,9403,11949,大型,282,中小候補,GO,GO,見送り,FBA大型サイズ,,https://www.amazon.co.jp/dp/B0G92138PP,
B,B0F3J4ZRT1,FLEXISPOT オフィスチェア デスクチェア OC6 人間工学 メッシュチェア 独立型ランバーサポート ロッキング調節 跳び上げ式アームレスト 2Dヘッドレ,FLEXISPOT,FLEXISPOT,文房具・オフィス用品 > オフィス家具・収納 > オフィスチェア,11347,2,,,11235,はい,2026-02-23以降,7020,8833,大型,282,中小候補,GO,GO,見送り,FBA大型サイズ,,https://www.amazon.co.jp/dp/B0F3J4ZRT1,
B,B0GHNF1HQQ,ペット ステップ 犬階段 犬スロープ階段 ドッグステップ 犬猫用 折りたたみ式 耐荷重100kg 滑り止め付き コンパクト収納 犬 介護 高齢犬 転倒防止 ソフ,Vellichor,Vellichor,ペット用品 > 犬 > ベッド・マット・ステップ,13613,2,,,9080,はい,2026-02-23以降,4788,5914,大型,282,中小候補,GO,GO,見送り,FBA大型サイズ,,https://www.amazon.co.jp/dp/B0GHNF1HQQ,
B,B088DXYLZ5,Limetone Audio JCB-2S｜スルーボックス／ジャンクションボックス｜音質重視のペダルボード用配線ユニット【日本製】,Limetone Audio,,楽器・音響機器 > PA音響機器 > ダイレクトボックス・パッチベイ,10252,3,,,9900,はい,2026-02-23以降,6188,7858,標準(小型),182,中小候補,GO,GO,GO,,,https://www.amazon.co.jp/dp/B088DXYLZ5,
B,B0CG8QQ8TK,FMV ディスプレイ 27インチFull HDモニター(IPS/HDMI×2/アナログRGB/スピーカー内蔵/VESA対応/3年保証) WMD27011BT,富士通,富士通クライアントコンピューティング,パソコン・周辺機器 > ディスプレイ,13974,4,,,19800,はい,2026-02-23以降,12588,17500,大型,282,中小候補,GO,GO,見送り,FBA大型サイズ,,https://www.amazon.co.jp/dp/B0CG8QQ8TK,
B,B0DJLGNMS8,防災グッズ セット リュック 1人用 非常用リュック 緊急避難 【日本防災ブランド】 軽量 私物追加 大容量リュック 非常用 簡易 トイレ グッズ追加可能 (（,防災のミカタ,防災のミカタ,DIY・工具・ガーデン > 安全・セキュリティ > 非常用品・備品,11980,2,,,11600,はい,2026-02-23以降,6127,7665,大型,282,中小候補,GO,GO,見送り,FBA大型サイズ,,https://www.amazon.co.jp/dp/B0DJLGNMS8,
B,B0GK8D8DS9,Lomurae オフィスチェア メッシュ ハイバック フットレスト付き 人間工学設計 135°リクライニング ランバーサポート調整可 ヘッドレスト付き 静音キャ,Lomurae,Lomurae,文房具・オフィス用品 > オフィス家具・収納 > オフィスチェア,3974,3,,,12980,はい,2026-02-23以降,6496,8148,大型,282,中小候補,GO,GO,見送り,FBA大型サイズ,,https://www.amazon.co.jp/dp/B0GK8D8DS9,
B,B0DPPD2PXL,STEADY クロスベルト Sサイズ ST-H02 【久野圭一コラボ/レバーロック式/15mm高密着パッド】 トレーニングベルト パワーベルト,STEADY,STEADY,スポーツ＆アウトドア > フィットネス・トレーニング > 筋力トレーニング,7658,2,,,13990,はい,2026-02-23以降,8811,11175,大型,282,中小候補,GO,GO,見送り,FBA大型サイズ,,https://www.amazon.co.jp/dp/B0DPPD2PXL,
B,B0FCLQZ64C,Hooha 伸縮はしご 6.3m/5.1m/3.9m 多機能はし 軽量 滑り止めゴム製緩衝パッド 付き 持ち運びやすい& 安全クロスバー&安全ロック&日本語説明,Hooha,EnjoyBeautyLife,産業・研究開発用品 > 物流・保管用品 > はしご・脚立,13047,2,,,15499,はい,2026-02-23以降,9691,12326,大型,282,中小候補,GO,GO,見送り,FBA大型サイズ,,https://www.amazon.co.jp/dp/B0FCLQZ64C,
B,B07MM9Q2SY,ファイナルファンタジーX/X-2 HD Remaster【Amazon.co.jp限定】オリジナルPC・スマホ壁紙 ※有効期限切れのため入手不可・使用不可 - ,スクウェア・エニックス(SQUARE ENIX),スクウェア・エニックス,ゲーム > 機種別 > Nintendo Switch,549,2,,,14800,いいえ,繰越(境界後の記録なし),9438,12108,標準(小型),182,中小候補,GO,GO,GO,,,https://www.amazon.co.jp/dp/B07MM9Q2SY,
B,B0CDRYH1P7,WAQ RELAXING WIDE MAT リラクシング ワイドマット 厚手 8cm 車中泊 キャンピング 特殊ウレタン 軽量 r値 7 自動膨張 特大バルブ搭,WAQ(ワック),ワック(WAQ),スポーツ＆アウトドア > アウトドア > 寝袋・ベッド・マット,35061,2,,,11730,はい,2026-02-23以降,7342,9254,大型,282,中小候補,GO,GO,見送り,FBA大型サイズ,,https://www.amazon.co.jp/dp/B0CDRYH1P7,
B,B0D6BRKJWF,Holy Warrior RMR HRS タイプ リフレックス ドットサイト アルミ製 2023年 高輝度LED 高温環境下でも使用可能 リアルな形状とマーキン,OPP TACTICAL,OPP TACTICAL,ホビー > エアガン・モデルガン > モデルガンパーツ,64385,2,,,8300,はい,2026-02-23以降,5159,6512,標準(小型),182,中小候補,GO,GO,GO,,,https://www.amazon.co.jp/dp/B0D6BRKJWF,
B,B08V9MN7G3,ギア・クラブ アンリミテッド2 アルティメットエディション - Switch,3goo,3goo,ゲーム > 機種別 > Nintendo Switch,8524,4,,,8480,はい,2026-02-23以降,5330,6736,標準(小型),182,中小候補,GO,GO,GO,,,https://www.amazon.co.jp/dp/B08V9MN7G3,
B,B0GFTCZGSS,ハースゲート 6面 ドア付き (高さ73cm) 置くだけ ペットフェンス ペットゲート ベビーゲート ストーブガード 自立式 レイアウト自由 室内,iimono117 Bandiera,iimono117 Bandiera,ベビー＆マタニティ > セーフティー > ベビーゲート,4320,2,,,9980,はい,2026-02-23以降,6205,7767,不明,282,中小候補,GO,GO,GO,,,https://www.amazon.co.jp/dp/B0GFTCZGSS,
B,B0DMRPNQZ1,ロジテック 外付け ブルーレイドライブ forMac USB3.2 Gen1 スリム Type-Cケーブル付属 シルバー LBD-PWB6U3CMSV,ロジテック,ロジテック,パソコン・周辺機器 > 外付けドライブ・ストレージ > 外付光学式ドライブ,11304,5,,,15400,はい,2026-02-23以降,8818,12164,標準1,282,中小候補,NG,GO,見送り,回転不足(消化月数>3),,https://www.amazon.co.jp/dp/B0DMRPNQZ1,
B,B0BW4527QT,"Seeeduino XIAO ESP32C3, IoT 制御シナリオ用の Wi-Fi と BLE を備えた Tiny MCU ボード (10pcs)",MiiElAOD,Miistore,パソコン・周辺機器 > シングルボードコンピュータ・アクセサリ > シングルボードコンピュータ,6373,2,,,11780,はい,2026-02-23以降,7410,10273,標準(小型),182,中小候補,GO,GO,GO,,,https://www.amazon.co.jp/dp/B0BW4527QT,
B,B0CTT2GXM3,トルソー メンズ 木製【高さ調整 147～203㎝】上半身 Lサイズ 男性 紳士 マネキン 洋裁 ディスプレイ 展示 iimono117 (腕無し),iimono117,iimono117,産業・研究開発用品 > 小売店用備品・設備 > トルソー,8148,3,,,8680,はい,2026-02-23以降,4466,5494,大型,282,中小候補,GO,GO,見送り,FBA大型サイズ,,https://www.amazon.co.jp/dp/B0CTT2GXM3,
B,B0FYFSW2TP,52TOYS BLINDBOX ズートピア(ZOOTOPIA) Zootopia's Best Duo「ベストパートナー」シリーズ ブラインドボックス フィギュ,52TOYS,52TOYS,ホビー > フィギュア・コレクタードール,8378,3,,,8480,はい,2026-02-23以降,5230,6492,標準1,282,中小候補,GO,GO,GO,,,https://www.amazon.co.jp/dp/B0FYFSW2TP,
B,B0DJVVCS5S,siroca(シロカ) ヒーター機能付きブレンダー おうちシェフ BLENDER SM-S151 ホワイト｜スープメーカー 豆乳メーカー 容量800ml ヒータ,siroca(シロカ),シロカ,ホーム＆キッチン > 家電 > キッチン家電,19693,6,,,16480,はい,2026-02-23以降,9133,11531,標準2,332,中小候補,NG,GO,見送り,回転不足(消化月数>3),,https://www.amazon.co.jp/dp/B0DJVVCS5S,
B,B0BQQQRL5L,Logicool G ASTRO Gaming A30 LIGHTSPEED ワイヤレス ゲーミングヘッドセット Bluetooth 搭載 Dolby Atmo,Logicool G(ロジクール G),ロジクール,ゲーム > 機種別 > プレイステーション4,6317,4,,,14505,はい,2026-02-23以降,8558,10844,標準1,282,大手/海外疑い,NG,GO,見送り,回転不足(消化月数>3),,https://www.amazon.co.jp/dp/B0BQQQRL5L,
B,B0CKM5QMNY,【整備済み品】SONY docomo Xperia Ace II SO-41B ブラック Black Android12 5.5インチ ROM 64GB RAM,エヌテイテイドコモ,docomo,家電＆カメラ > 携帯電話・スマートフォン > 携帯電話・スマートフォン本体,14124,2,,,12788,はい,2026-02-23以降,8030,11048,標準1,282,大手/海外疑い,GO,GO,GO,,,https://www.amazon.co.jp/dp/B0CKM5QMNY,
B,B0C4T3M2DL,ulopop [2025年新型] 7インチトラック用ドライブレコーダー、IPS液晶、4K画質 4画面分割オンダッシュモニター 録画機能付き、 ガイドラインON/,ulopop,JINAD,車＆バイク > カーナビ・カーエレクトロニクス > 車載モニター,12538,2,,,13399,はい,2026-02-23以降,7564,9480,標準2,332,中小候補,GO,GO,GO,,,https://www.amazon.co.jp/dp/B0C4T3M2DL,
B,B0002YMSC2,テンヨー(Tenyo) 【日本製】 木製 パズルフレーム ディズニー専用 パネル 2000ピース用 ナチュラル (73x102cm) かんたんセットストッパー機,テンヨー(Tenyo),テンヨー(Tenyo),おもちゃ > パズル > パズルフレーム・額,11206,2,,,8580,はい,2026-02-23以降,3734,4536,大型,282,中小候補,GO,GO,見送り,FBA大型サイズ,,https://www.amazon.co.jp/dp/B0002YMSC2,
B,B0DCFRYN4H,パナソニック コードレス スチームアイロン NI-QL300-H ミストグレー 軽量 シンプル,パナソニック(Panasonic),Panasonic（パナソニック）,ホーム＆キッチン > 家電 > 生活家電,23685,4,,,8490,はい,2026-02-23以降,2983,3489,標準2,332,大手/海外疑い,NG,GO,見送り,回転不足(消化月数>3),,https://www.amazon.co.jp/dp/B0DCFRYN4H,
B,B0F6C5QK4Z,Wanyanya（わにゃにゃ） ラグズゲート おくだけ簡単設置 自立式 ドア付き ペットゲート ベビーゲート 穴あけ不要 犬 ベビー 赤ちゃん対応 キッチン 玄,Wanyanya,シンセーインターナショナル,ベビー＆マタニティ > セーフティー > ベビーゲート,12862,3,,,11447,はい,2026-02-23以降,7158,9013,大型,282,中小候補,GO,GO,見送り,FBA大型サイズ,,https://www.amazon.co.jp/dp/B0F6C5QK4Z,
B,B0GCJBCLQP,SMSL DA100 アンプ BT 小型 パワーアンプ アンプ「TAS5827」x2搭載 / HDMI ARC対応/EQ・高低音調節可能/リモコン操作,Auinshifiman,S.M.S.L,家電＆カメラ > オーディオ > アンプ,24492,2,FINE MUSIC,,15990,はい,2026-02-23以降,8437,11565,標準2,332,中小候補,GO,GO,見送り,相乗り出品が基準未満（卸している証拠なし）,,https://www.amazon.co.jp/dp/B0GCJBCLQP,
B,B0DJP31HTX,Jiooy トヨタ ヤリス フロアマット+ラゲッジマット フルセット 4点セット YARIS 2020年8月-現行 ラゲッジトレイ,Jiooy,Jiooy,車＆バイク > カーアクセサリ > フロアマット,6237,2,,,13580,はい,2026-02-23以降,6779,8518,大型,282,中小候補,GO,GO,見送り,FBA大型サイズ,,https://www.amazon.co.jp/dp/B0DJP31HTX,
B,B0CZDNGQ3H,インクのチップス TN299XL 4色 大容量 ブラザー用 互換トナー HL-L3240CDW MFC-L3780CDW,インクのチップス,インクのチップス,パソコン・周辺機器 > PCアクセサリ・サプライ > プリンタアクセサリ,25429,2,,,8280,はい,2026-02-23以降,5050,6771,標準2,332,大手/海外疑い,GO,GO,GO,,,https://www.amazon.co.jp/dp/B0CZDNGQ3H,
B,B0019BVUMG,[セイコーウオッチ]SEIKO SELECTION SCXP031 メンズ・ユニセックス腕時計 電池式クオーツ ケース幅35mm レザーベルト 文字盤シルバー ,SEIKO SELECTION(セイコー セレクション),SEIKO WATCH (セイコーウォッチ),ファッション > メンズ > 腕時計,9050,6,,,13090,はい,2026-02-23以降,7475,9541,標準(小型),182,大手/海外疑い,NG,GO,見送り,回転不足(消化月数>3),,https://www.amazon.co.jp/dp/B0019BVUMG,
B,B0CF48M7TK,INNOREL ビデオ雲台 カメラ用 2WAY 5KG 耐荷重 フルード雲台 360° パノラマ 回転可能 アルミ合金製 1/4 インチ 3/8 インチ アルカ,INNOREL,INNOREL,家電＆カメラ > カメラ > 三脚・一脚,36633,2,,,8699,はい,2026-02-23以降,4749,6405,標準1,282,中小候補,GO,GO,GO,,,https://www.amazon.co.jp/dp/B0CF48M7TK,
B,B0DRJC9J86,【整備済み品】FCNT arrows We2 OS種類：Android 14 販売時期：2024年夏モデル 画面サイズ：6.1インチ 内蔵メモリ：ROM 64G,FCNT,FCNT,家電＆カメラ > 携帯電話・スマートフォン > 携帯電話・スマートフォン本体,18940,2,,,15970,はい,2026-02-23以降,9568,13328,標準(小型),182,中小候補,GO,GO,GO,,,https://www.amazon.co.jp/dp/B0DRJC9J86,
B,B0DGPRLNHR,Totoro ball ペットカート 犬 バギー 4輪 犬用カート 中型犬 小型犬2匹 猫 飛び出し防止リード2本付き 耐荷重30Kg 一体型 ワンタッチ折り畳,Totoro ball,Totoro ball,ペット用品 > 犬 > おでかけ用品,7484,2,,,15999,はい,2026-02-23以降,8546,10829,大型,282,中小候補,GO,GO,見送り,FBA大型サイズ,,https://www.amazon.co.jp/dp/B0DGPRLNHR,
B,B0CW1FM3DY,【BARREL】植物育成ライト 卓上 小型 スタンドライト 植物育成 公演色 太陽光 アクアリウム テラリウム 色温度7200K 昼光色【Yew-7W】(bla,BARREL,BARREL,DIY・工具・ガーデン > ガーデン > 農業・園芸用機器,68772,4,,,9990,はい,2026-02-23以降,6146,7690,大型,282,中小候補,NG,GO,見送り,FBA大型サイズ / 回転不足(消化月数>3),,https://www.amazon.co.jp/dp/B0CW1FM3DY,
B,B0CG89N929,FMV ディスプレイ 21.5インチFull HDモニター(VA/HDMI/アナログRGB/スピーカー内蔵/VESA対応/3年保証) WMD22021BT,富士通,富士通クライアントコンピューティング,パソコン・周辺機器 > ディスプレイ,13974,5,,,14800,はい,2026-02-23以降,9338,12900,大型,282,中小候補,NG,GO,見送り,FBA大型サイズ / 回転不足(消化月数>3),,https://www.amazon.co.jp/dp/B0CG89N929,
B,B0F3XV451X,MONTECH CENTURY II 1200W PC電源 ATX 80 PLUS GOLD フルモジュラー 【国内正規品】,Montech,Montech,パソコン・周辺機器 > PCパーツ > 電源ユニット,15657,6,,,19700,はい,2026-02-23以降,11875,16431,標準2,332,中小候補,NG,GO,見送り,回転不足(消化月数>3),,https://www.amazon.co.jp/dp/B0F3XV451X,
B,B0D2H4CCRR,HAZET(ハゼット) ドライバーセット 811/6 6本組 プラス マイナス 3層グリップ プロ仕様 ドイツ製 精密工具 高トルク 滑り止め メカニック用,HAZET(ハゼット),HAZET(ハゼット),DIY・工具・ガーデン > 作業工具 > ねじ用ドライバー・ナットドライバー,21698,2,,,10271,はい,2026-02-23以降,2208,2540,標準1,282,中小候補,GO,GO,GO,,,https://www.amazon.co.jp/dp/B0D2H4CCRR,
B,B0D8FNQFCT,小型カメラ 監視カメラ 防犯カメラ 小型カメラスマホ連動 【140°広角 HD1080P 暗視、動体検知 自動警報 4時間稼働 256GB 】 長時間録画小型カ,PONAOO,PONAOO,家電＆カメラ > カメラ > 防犯カメラ,18073,2,,,9580,はい,2026-02-23以降,4247,5797,標準(小型),182,中小候補,GO,GO,GO,,,https://www.amazon.co.jp/dp/B0D8FNQFCT,
B,B0DHQ9Y1L5,Brotish（ブロティシュ）電動ベビースウィング ベビーバウンサー 電動ロッキングチェア ベビーチェア ベビーラック 電動ゆりかご 三段高度調節 五点式安全ベ,Brotish,Brotish,ベビー＆マタニティ > 室内遊具 > バウンサー,4205,2,,,14699,はい,2026-02-23以降,8794,11153,大型,282,中小候補,GO,GO,見送り,FBA大型サイズ,,https://www.amazon.co.jp/dp/B0DHQ9Y1L5,
B,B07K7GXG33,Huanyu 発泡スチロールカッター 25CM/250W ホットナイフ 50-500℃温度調節 フォームカッター フォーム/スポンジ/スチロール/断熱板/押出板,Huanyu,Huanyu,DIY・工具・ガーデン > 大工道具・用品 > 切断工具,28744,2,,,14500,はい,2026-02-23以降,8904,11232,標準2,332,中小候補,GO,GO,GO,,,https://www.amazon.co.jp/dp/B07K7GXG33,
B,B0D28YMBBJ,S.M.S.L DS100 USB MQA DAC CS43131 チップ搭載 6.35mm & 4.4mm ヘッドホンアンプ MQA-CD,S.M.S.L,SMSL,家電＆カメラ > イヤホン・ヘッドホン > ヘッドホンアンプ,36514,3,,,13500,はい,2026-02-23以降,6555,8961,標準1,282,中小候補,GO,GO,GO,,,https://www.amazon.co.jp/dp/B0D28YMBBJ,
B,B0F3XRMZBM,MONTECH CENTURY II 1050W PC電源 ATX 80 PLUS GOLD フルモジュラー 【国内正規品】,Montech,Montech,パソコン・周辺機器 > PCパーツ > 電源ユニット,15657,3,,,14770,はい,2026-02-23以降,8755,12015,標準2,332,中小候補,GO,GO,GO,,,https://www.amazon.co.jp/dp/B0F3XRMZBM,
B,B0F1YHG7XW,POP MART Mickey Family Cute Together Keychain Series Figures【アソートボックス 8ピース】 ポップマ,POP MART,POP MART,おもちゃ > 子ども向けフィギュア > ソフビ人形,2795,2,,,19800,はい,2026-02-23以降,12538,15984,標準2,332,中小候補,GO,GO,GO,,,https://www.amazon.co.jp/dp/B0F1YHG7XW,
B,B0GD7VNPX3,Kurflo 踏み台 手すり付き 2段 鋼製 500lbs耐荷重 滑り止めマット 二重連結構造 屋内外兼用 段差解消 縁側 ウッドデッキ バルコニー,kurflo,Kurflo,産業・研究開発用品 > 物流・保管用品 > はしご・脚立,14747,2,,,14830,はい,2026-02-23以降,8481,10743,大型,282,中小候補,GO,GO,見送り,FBA大型サイズ,,https://www.amazon.co.jp/dp/B0GD7VNPX3,
B,B0D7PLFSTC,Shot Navi (ショットナビ) Evolve SE 【ブラック】1.2インチカラー液晶 日本製 GPSゴルフナビ ゴルフ距離計 GPSナビ ゴルフウォッチ,Shot Navi,Shot Navi(ショットナビ),スポーツ＆アウトドア > スポーツケア・アクセサリ・競技備品 > スポーツ・レクリエーションテクノロジー,23381,6,,,18000,はい,2026-02-23以降,9568,12278,標準(小型),182,中小候補,NG,GO,見送り,回転不足(消化月数>3),,https://www.amazon.co.jp/dp/B0D7PLFSTC,
B,B0CDC7GP4Z,INNOREL F20 流体ヘッド、三脚パン チルトヘッド ミニパン メタルカメラ ビデオ三脚ヘッド Arca Swiss クイックリリースプレート2枚付き ハ,INNOREL,INNOREL,家電＆カメラ > カメラ > 三脚・一脚,36569,4,,,16372,はい,2026-02-23以降,9947,13762,標準1,282,中小候補,NG,GO,見送り,回転不足(消化月数>3),,https://www.amazon.co.jp/dp/B0CDC7GP4Z,
B,B075K1FNPG,横トナ ブラザー用 TN-493 4色セット 大容量版 互換トナーカートリッジ HL-L8360CDW MFC-L9570CDW など対応,横トナ,横トナ,パソコン・周辺機器 > PCアクセサリ・サプライ > プリンタアクセサリ,15450,2,,,8480,はい,2026-02-23以降,3555,4655,標準2,332,大手/海外疑い,GO,GO,GO,,,https://www.amazon.co.jp/dp/B075K1FNPG,
B,B07YXZJ3Y8,ケンコー(Kenko) 単眼鏡 ウルトラビューI 15~50×21 15~50倍 21mm口径 ズーム式 レッド 429075,ケンコー(Kenko),ケンコー(Kenko),家電＆カメラ > カメラ > 双眼鏡・望遠鏡・光学機器,15556,2,,,8980,はい,2026-02-23以降,3518,4765,標準(小型),182,中小候補,GO,GO,GO,,,https://www.amazon.co.jp/dp/B07YXZJ3Y8,
B,B0D6BPJWMV,Holy Warrior RMR HRS タイプ リフレックス ドットサイト アルミ製 2023年 高輝度LED 高温環境下でも使用可能 リアルな形状とマーキン,OPP TACTICAL,OPP TACTICAL,ホビー > エアガン・モデルガン > モデルガンパーツ,12015,2,,,8300,はい,2026-02-23以降,5159,6512,標準(小型),182,中小候補,GO,GO,GO,,,https://www.amazon.co.jp/dp/B0D6BPJWMV,
B,B0DPJF7QR8,NZXT CAPSULE ELITE WIRED USB MICROPHONE WHITE カーディオイド ゲーミングマイク ホワイト AP-PUMIC-W1 ,NZXT,NZXT,楽器・音響機器 > マイク > コンデンサ,5893,6,,,9400,はい,2026-02-23以降,3727,4527,標準1,282,中小候補,NG,GO,見送り,回転不足(消化月数>3),,https://www.amazon.co.jp/dp/B0DPJF7QR8,
B,B0CW14X1N6,【BARREL】植物育成ライト 卓上 小型 スタンドライト 植物育成 公演色 太陽光 アクアリウム テラリウム 色温度7200K 白色【Yew -7W】 (wh,BARREL,BARREL,DIY・工具・ガーデン > ガーデン > 農業・園芸用機器,68856,4,,,9460,はい,2026-02-23以降,5867,7325,大型,282,中小候補,NG,GO,見送り,FBA大型サイズ / 回転不足(消化月数>3),,https://www.amazon.co.jp/dp/B0CW14X1N6,
B,B0G5NJ36GJ,Whatsko RG DS 折畳り式ハンドヘルドゲームコンソールRK3568 Android 14システム 二人対戦対応 ホールジョイスティック 上下デュアル画,Whatsko,Whatsko,ゲーム > 機種別 > レガシーシステム,7158,2,,,18888,はい,2026-02-23以降,11872,15178,標準1,282,中小候補,GO,GO,GO,,,https://www.amazon.co.jp/dp/B0G5NJ36GJ,
B,B0G7H989C3,ZEN STATE ととのいタイマー サウナウォッチ (防水 耐熱/ベージュ) スマートウォッチ 振動 整い 時計 (充電式 / 12分計 / 自動モード切り替,GDT Global Dream Technology,GDT Global Dream Technology,ホーム＆キッチン > インテリア > 置き時計・掛け時計,15968,2,,,8980,はい,2026-02-23以降,5005,6311,標準(小型),182,中小候補,GO,GO,GO,,,https://www.amazon.co.jp/dp/B0G7H989C3,
B,B0CB5VKL8W,HAGIHARA(萩原) 完成品 狭いトイレでも置けるスリムトイレラック トイレットペーパーストッカー 収納 (幅17cm キャスターあり),萩原(Hagihara),萩原,ホーム＆キッチン > 収納用品 > トイレ収納,25656,5,,,8590,はい,2026-02-23以降,5301,6585,不明,282,中小候補,NG,GO,見送り,回転不足(消化月数>3),,https://www.amazon.co.jp/dp/B0CB5VKL8W,
B,B0FWBK6TWR,ヒツジのいらない尻枕 椅子 クッション 厚め 座布団 2層構造 ジェルクッション ファイバー チェアパッド 低反発 高反発 大きい 45x45x7cm ヒツジの,ヒツジのいらない枕,株式会社太陽,ホーム＆キッチン > ラグ・カーテン・ファブリック > クッション・座布団,11773,2,,,15800,はい,2026-02-23以降,8360,10585,大型,282,中小候補,GO,GO,見送り,FBA大型サイズ,,https://www.amazon.co.jp/dp/B0FWBK6TWR,
B,B0FKR9DQVX,[資材プラス] バートル BURTLE アイスクラフト ペルチェ クールベスト IC101S フルセット 35：ブラック F 超冷却保冷剤付き,資材プラス,,ファッション > メンズ > 服＆ファッション小物,90505,2,,,14800,はい,2026-02-23以降,5763,7189,不明,282,大手/海外疑い,GO,GO,GO,,,https://www.amazon.co.jp/dp/B0FKR9DQVX,
B,B0G5PQCR4W,"Airpher 布団クリーナー UV除菌・ダニ・ウイルス駆除 18Kpa 強力吸引＆たたき40,800回 500W HEPAフィルター アレルゲン対策 超音波技",Airpher,Airpher,ホーム＆キッチン > 家電 > 生活家電,15592,2,,,10447,はい,2026-02-23以降,6458,8033,標準2,332,中小候補,GO,GO,GO,,,https://www.amazon.co.jp/dp/B0G5PQCR4W,
B,B0DWGB2KMK,Ergotron – LX Proモニターアームエクステンション – LX Proデスクおよび壁モニターアーム用アドオン キーボードアーム – ダークグレー,Ergotron,Ergotron,パソコン・周辺機器 > PCアクセサリ・サプライ > モニターアクセサリ,11116,1,,,13989,はい,2026-02-23以降,8062,11094,大型,282,中小候補,GO,GO,見送り,FBA大型サイズ / 新品オファー数1,,https://www.amazon.co.jp/dp/B0DWGB2KMK,
B,B01BTEP1HW,21Technology 折りたたみママチャリ (24インチ) 自転車 シティサイクル ママチャリ 折り畳み 街乗り 通勤 通学 お買い物 MC240（ロゼ）,21Technology,21Technology,スポーツ＆アウトドア > 自転車 > 自転車本体,73768,2,,,18800,はい,2026-02-23以降,10716,13666,不明,282,中小候補,GO,GO,GO,,,https://www.amazon.co.jp/dp/B01BTEP1HW,
B,B0D9K5HLW8,PANCY ミーティングチェア オフィスチェア パイプ椅子 完成品 折りたたみ 会議椅子 メッシュ背もたれ 高反発座面 人間工学 イス 事務 持ち運び アームレ,PANCY,PANCY,文房具・オフィス用品 > オフィス家具・収納 > オフィスチェア,43009,2,,,8982,はい,2026-02-23以降,5322,6612,大型,282,中小候補,GO,GO,見送り,FBA大型サイズ,,https://www.amazon.co.jp/dp/B0D9K5HLW8,
B,B0FPQ5NBFR,【一部販路限定モデル】siroca(シロカ) ヒーター機能付きブレンダー おうちシェフ BLENDER スープジャー付き SM-S151S ホワイト｜スープメー,siroca(シロカ),シロカ,ホーム＆キッチン > 家電 > キッチン家電,19690,3,,,18500,はい,2026-02-23以降,10324,13088,標準2,332,中小候補,GO,GO,GO,,,https://www.amazon.co.jp/dp/B0FPQ5NBFR,
B,B00Y2G9SK6,ラディウス radius HP-NHR21 ハイレゾ対応イヤホン : Ne VOLTシリーズ 重低音モデル HP-NHR21K (ブラック),ラディウス,radius,家電＆カメラ > イヤホン・ヘッドホン > イヤホン・ヘッドホン本体,28571,3,,,9956,はい,2026-02-23以降,5018,6888,標準(小型),182,中小候補,GO,GO,GO,,,https://www.amazon.co.jp/dp/B00Y2G9SK6,
B,B0C572X6MF,【国内正規品】Keychron Silent K Proスイッチセット、静音スイッチ (Silent K Pro 茶軸),Keychron,Keychron,パソコン・周辺機器 > キーボード・マウス・入力機器 > パソコン用キーボード,40775,2,,,9326,はい,2026-02-23以降,5070,6961,標準(小型),182,中小候補,GO,GO,GO,,,https://www.amazon.co.jp/dp/B0C572X6MF,
B,B0G34WP7GS,Tiisey バイク インカム T18 Bluetooth5.3 デュアルチップ 10人同時通話 通信距離1500m IP67防水 技適認証済み,Tiisey,Tiisey,車＆バイク > カーナビ・カーエレクトロニクス > カーオーディオアクセサリ,60258,4,,,8599,いいえ,2026-02-23以降,5307,6593,標準1,282,中小候補,NG,GO,見送り,回転不足(消化月数>3),,https://www.amazon.co.jp/dp/B0G34WP7GS,
B,B0BSTMNB37,TOSHIBA(東芝) CDラジオ TY-C260 (K) スリム & コンパクト ワイドFM対応 アルカリ乾電池対応 奥行6.2cm 語学学習機能充実モデル,東芝(TOSHIBA),東芝(TOSHIBA),家電＆カメラ > オーディオ > ラジカセ・CDラジオ,15243,3,,,8600,はい,2026-02-23以降,3302,4297,標準2,332,大手/海外疑い,GO,GO,GO,,,https://www.amazon.co.jp/dp/B0BSTMNB37,
B,B09MM5PDKZ,UJack(ユージャック) 難燃 リクライニング ローチェア ver.2 abyss アビスチェア ヘッドレスト 木製アームレスト 6段階リクライニング機能 フ,ユージャック(UJack),ユージャック(UJack),スポーツ＆アウトドア > アウトドア > テーブル・チェア・ハンモック,9563,2,,,11500,はい,2026-02-23以降,7193,9059,大型,282,中小候補,GO,GO,見送り,FBA大型サイズ,,https://www.amazon.co.jp/dp/B09MM5PDKZ,
B,B0DPPRVFTX,STEADY Ultimate Gear クロスベルト【久野圭一コラボ/レバーロック式/15mm高密着パッド】トレーニングベルト パワーベルト Mサイズ ST-,STEADY,STEADY,スポーツ＆アウトドア > フィットネス・トレーニング > 筋力トレーニング,7682,2,,,12990,はい,2026-02-23以降,8161,10325,大型,282,中小候補,GO,GO,見送り,FBA大型サイズ,,https://www.amazon.co.jp/dp/B0DPPRVFTX,
B,B0G524PFD8,タブレット 10インチ 【Android 16 Gemini AI搭載】 タブレット android 16 wi-fiモデル 24GB+128GB+1TB拡張 ,TechZen,TechZen,パソコン・周辺機器 > タブレット,10566,2,,,12980,はい,2026-02-23以降,8155,11225,標準1,282,中小候補,GO,GO,GO,,,https://www.amazon.co.jp/dp/B0G524PFD8,
B,B0FRRCLN9Z,Netum 公式直営店 ドキュメントスキャナー A3対応 スキャナー 小型 1500万画素 4K解像度 スキャン 192言語OCR搭載 Webカメラ USB 書,NETUM,NETUM,パソコン・周辺機器 > スキャナ > ドキュメントスキャナ,11449,2,,,14800,はい,2026-02-23以降,8376,11538,標準1,282,中小候補,GO,GO,GO,,,https://www.amazon.co.jp/dp/B0FRRCLN9Z,
B,B0F1C4Z55X,子ヒツジのいらない枕 子供用枕 枕 低め 子供 大人兼用 低い枕 ジュニア 睡眠まくら キッズ枕 丸洗い可能,ヒツジのいらない枕,株式会社太陽,ホーム＆キッチン > 寝具 > 枕・抱き枕,25783,2,,,12800,はい,2026-02-23以降,6719,8439,大型,282,中小候補,GO,GO,見送り,FBA大型サイズ,,https://www.amazon.co.jp/dp/B0F1C4Z55X,
B,B0D31M8B1M,SONGMICS 時計ケース 腕時計12本収納 木製 縦置きディスプレイボックス 透明蓋 おしゃれ 省スペース父の日プレゼント メンズ レディース 誕生日お祝い,SONGMICS,SONGMICS,ファッション > ケア用品・工具・時計バンド > 時計アクセサリー,110245,2,,,8082,はい,2026-02-23以降,4629,5642,標準2,332,中小候補,GO,GO,GO,,,https://www.amazon.co.jp/dp/B0D31M8B1M,
B,B00O4YJZZO,閃乱カグラ ESTIVAL VERSUS -少女達の選択- PS Vita,Marvelous Europe,マーベラス,ゲーム > 機種別 > レガシーシステム,6735,2,,,10120,はい,2026-02-23以降,2385,2885,標準(小型),182,中小候補,GO,GO,GO,,,https://www.amazon.co.jp/dp/B00O4YJZZO,
B,B0DT9D9ZCS,アーウィン (Arwin) ポータブルテレビ【DVDプレーヤー内蔵／フルセグ】 ポータブルDVDプレーヤー 14インチ 3電源対応,iimono117,iimono117,家電＆カメラ > ポータブルオーディオ > ポータブルDVD・ブルーレイプレーヤー,9842,2,,,11480,はい,2026-02-23以降,6526,8920,大型,282,中小候補,GO,GO,見送り,FBA大型サイズ,,https://www.amazon.co.jp/dp/B0DT9D9ZCS,
B,B09ZP9KX1T,バルミューダ ザ・クリーナー ライト ホバー式クリーナー ホワイト BALMUDA The Cleaner Lite C02A-WH,BALMUDA,BALMUDA,ホーム＆キッチン > 家電 > 生活家電,44896,6,,,19800,はい,2026-02-23以降,11265,14384,大型,282,中小候補,NG,GO,見送り,FBA大型サイズ / 回転不足(消化月数>3),,https://www.amazon.co.jp/dp/B09ZP9KX1T,
B,B0G6ZD2YS7,Hooha 伸縮はしご 6.3m/5.1m/3.9m 多機能はし 軽量 滑り止めゴム製緩衝パッド 付き 折り畳み 伸縮自在 自動ロック 持ち運びやすい& 安全ク,Hooha,EnjoyBeautyLife,産業・研究開発用品 > 物流・保管用品 > はしご・脚立,13047,2,,,9899,はい,2026-02-23以降,6088,7614,大型,282,中小候補,GO,GO,見送り,FBA大型サイズ,,https://www.amazon.co.jp/dp/B0G6ZD2YS7,
B,B0D6BKNF84,AKEMI LIVING 踏み台 子供用 ステップスツール 木製 キッズ踏み台 ステップチェア 子ども用 補助台 脚立 3段高さ調節可能 トレーニング,AKEMI LIVING,AKEMI LIVING,ベビー＆マタニティ > ベビー家具・収納 > ステップスツール・踏み台,5991,2,,,12980,はい,2026-02-23以降,7311,9213,大型,282,中小候補,GO,GO,見送り,FBA大型サイズ,,https://www.amazon.co.jp/dp/B0D6BKNF84,
B,B0FBRCCJFD,バートル ペルチェベストセット IC101S アイスクラフト 冷却 デバイスフルセットメンズレディース 作業着 空調作業服 BURTLE プロユニステッカー付 ,プロユニ,,ファッション > 制服・ワークウェア > 作業服,41446,2,,,14980,はい,2026-02-23以降,9455,12017,標準1,282,大手/海外疑い,GO,GO,GO,,,https://www.amazon.co.jp/dp/B0FBRCCJFD,
B,B0D9K67CB4,PANCY ミーティングチェア オフィスチェア パイプ椅子 完成品 折りたたみ 会議椅子 メッシュ背もたれ 高反発座面 人間工学 イス 事務 持ち運び アームレ,PANCY,PANCY,文房具・オフィス用品 > オフィス家具・収納 > オフィスチェア,43079,2,,,10580,はい,2026-02-23以降,5556,6918,大型,282,中小候補,GO,GO,見送り,FBA大型サイズ,,https://www.amazon.co.jp/dp/B0D9K67CB4,
B,B0GJ9HSKJZ,WAQ Reclining Low Chair ハイバックVer リクライニングローチェア キャンプチェア アウトドアチェア WAQ-RLC1 折りたたみチェア,WAQ(ワック),WAQ(ワック),スポーツ＆アウトドア > アウトドア > テーブル・チェア・ハンモック,9272,2,,,9980,いいえ,2026-02-23以降,6205,7767,大型,282,中小候補,GO,GO,見送り,FBA大型サイズ,,https://www.amazon.co.jp/dp/B0GJ9HSKJZ,
B,B07VV2ZSRD,フローラ(Flora) ペット用健康食品 ペット用 HB-101 元氣の絆 1000倍希釈 原液 1L ヘルスケア 100%天然由来成分 健康増進 健康維持 抜,フローラ(Flora),フローラ(Flora),ペット用品 > 猫 > ヘルスケア,19419,2,,,20000,はい,2026-02-23以降,7106,8881,標準2,332,中小候補,GO,GO,GO,,,https://www.amazon.co.jp/dp/B07VV2ZSRD,
B,B01N0GY029,サンワサプライ パソコン連動タップ(IC記憶式) 3P・4個口 5m TAP-RE34M-5,サンワサプライ(Sanwa Supply),サンワサプライ,パソコン・周辺機器 > PCアクセサリ・サプライ > 電源タップ,31021,3,,,9331,はい,2026-02-23以降,3828,5042,標準2,332,中小候補,GO,GO,GO,,,https://www.amazon.co.jp/dp/B01N0GY029,
B,B0D6BPXTCN,Holy Warrior RMR HRS タイプ リフレックス ドットサイト アルミ製 2023年 高輝度LED 高温環境下でも使用可能 リアルな形状とマーキン,OPP TACTICAL,OPP TACTICAL,ホビー > エアガン・モデルガン > モデルガンパーツ,64385,2,,,8300,はい,2026-02-23以降,5213,6583,標準(小型),182,中小候補,GO,GO,GO,,,https://www.amazon.co.jp/dp/B0D6BPXTCN,
B,B0CB5WH322,ドクターエア 公式ストア エクサガンハンディPRO 筋膜リリース フェイスケア リカバリー アタッチメント付 顔 肩 腰 足 肩甲骨 全身 クリスマス 新年 母,ドクターエア,ドクターエア,ホーム＆キッチン > 家電 > 健康家電,26749,5,,,16480,はい,2026-02-23以降,9656,12280,標準1,282,中小候補,NG,GO,見送り,回転不足(消化月数>3),,https://www.amazon.co.jp/dp/B0CB5WH322,
B,B09HHGPVN5,Carina 折りたたみ 電子ピアノ 光る鍵盤 88鍵盤 コンパクト 軽量 スリムデザイン MIDI対応 ペダル イヤホン 鍵盤シール付き【ブラック】,カリーナ,カリーナ(Carina),楽器・音響機器 > ピアノ・キーボード > キーボード・電子ピアノ,4188,2,,,18816,はい,2026-02-23以降,9500,12076,大型,282,中小候補,GO,GO,見送り,FBA大型サイズ,,https://www.amazon.co.jp/dp/B09HHGPVN5,
B,B008YPL4US,柳宗理(Yanagi Sori) ステンレスパンチングストレーナー 4点セット (16.19.23.27cm) ステンレス 日本製 ザル セット 食洗機対応 一,柳宗理(Yanagi Sori),柳宗理(Yanagi Sori),ホーム＆キッチン > キッチン用品 > 調理・製菓道具,29033,2,,,9460,はい,2026-02-23以降,5670,7068,標準1,282,中小候補,GO,GO,GO,,,https://www.amazon.co.jp/dp/B008YPL4US,
B,B009VV4TY2,銀峯陶器 菊花 ごはん土鍋 萬古焼 (5合 炊き/粉引/二重蓋) 「 土鍋 ご飯 ごはん 鍋 炊飯 銀峯 炊飯鍋 」,銀峯陶器(Ginpo Touki),銀峯陶器(Ginpo Touki),ホーム＆キッチン > キッチン用品 > 鍋・フライパン,41389,2,,,9490,はい,2026-02-23以降,4226,5115,標準2,332,中小候補,GO,GO,GO,,,https://www.amazon.co.jp/dp/B009VV4TY2,
B,B09JSHFZCX,[エーフィット] オーバーサングラス メンズ 眼鏡の上から 偏光レンズ UV400 AF-OS11,A-FIT（エーフィット）,株式会社トライ・アングル,ファッション > メンズ > 服＆ファッション小物,31897,3,,,12480,はい,2026-02-23以降,5538,7008,標準(小型),182,中小候補,GO,GO,GO,,,https://www.amazon.co.jp/dp/B09JSHFZCX,
B,B0BYW99Z8M,"【国内正規品】Keychron M3 ワイヤレスマウス、PAW3395センサー、プログラム可能なマクロボタン搭載、26,000 DPI、2.4 GHz/Blue",Keychron,Keychron,パソコン・周辺機器 > キーボード・マウス・入力機器 > マウス,37148,3,,,7920,はい,2026-02-23以降,4222,5659,標準1,282,中小候補,GO,GO,GO,,,https://www.amazon.co.jp/dp/B0BYW99Z8M,
B,B0D5MH1ZYT,DAFEIKE 400 ml エポキシガン デュアルコンポーネントコーキングガン 手動式ダブルカートリッジコーキングガン パネルボンド接着剤アプリケーター 13,DAFEIKE,DAFEIKE,産業・研究開発用品 > 接着・補修 > コーキングガン,21484,3,,,10122,はい,2026-02-23以降,5030,6166,標準2,332,中小候補,GO,GO,GO,,,https://www.amazon.co.jp/dp/B0D5MH1ZYT,
B,B08VPQV3F7,"Fender フェンダー ハードケース Classic Series Wood Case Strat/Tele, Navy Blue",Fender(フェンダー),Fender(フェンダー),楽器・音響機器 > ギター > ギターアクセサリ,12331,2,,,18700,はい,2026-02-23以降,10371,13215,大型,282,中小候補,GO,GO,見送り,FBA大型サイズ,,https://www.amazon.co.jp/dp/B08VPQV3F7,
B,B08J3ZD4XR,[エースジーン] ボディバッグ ハンスリーＳＤ 62882 ネイビー,ace.GENE(エースジーン),エースジーン,ファッション > メンズ > バッグ・財布,55980,3,,,11550,はい,2026-02-23以降,6201,7761,標準1,282,中小候補,GO,GO,GO,,,https://www.amazon.co.jp/dp/B08J3ZD4XR,
B,B0G1C9CDK9,Turbo Racing ターボレーシング C66 ドリフトカー ドリフト ラジコン 日本語取説 故障時割引補償制度 RTR フルセット ラジコンカー,ULTRA POWER,ULTRA POWER,おもちゃ > ラジコンおもちゃ > ラジコン,16300,2,,,15480,はい,2026-02-23以降,9143,11609,標準1,282,中小候補,GO,GO,GO,,,https://www.amazon.co.jp/dp/B0G1C9CDK9,
B,B08TQTM3TJ,テクニファイバー Tecnifibre テニスボール NFX（エヌエフエックス） 4球入 (1箱(15缶/60球入り)),テクニファイバー(Tecnifibre),テクニファイバー(Tecnifibre),スポーツ＆アウトドア > 硬式テニス > ボール,29012,2,,,8316,はい,2026-02-23以降,5123,6352,不明,282,中小候補,GO,GO,GO,,,https://www.amazon.co.jp/dp/B08TQTM3TJ,
B,B097JXNX2N,[WINCESS] インナー手袋 キュプラ インナーグローブ 薄手 指切り ベンベルグ 手袋 6枚 20枚 100枚 フリーサイズ 指なし 手荒れ 使い捨て手袋,WINCESS,ウインセス,産業・研究開発用品 > 安全・保護用品 > ハンド・アームプロテクション,4118,2,,,9800,はい,2026-02-23以降,6024,7530,標準1,282,中小候補,GO,GO,GO,,,https://www.amazon.co.jp/dp/B097JXNX2N,
B,B0BTLQXGMB,life_mart 防獣ネット 防獣フェンス 1×30m 【 錆びにくい 硬質金網 】 防獣柵 アニマルフェンス 頑丈 よじ登り防止 突起付き 害獣対策 農業 ,life_mart,life_mart,DIY・工具・ガーデン > ガーデン > 害獣・害虫対策用品,16146,3,,,10800,はい,2026-02-23以降,6738,8464,不明,282,中小候補,GO,GO,GO,,,https://www.amazon.co.jp/dp/B0BTLQXGMB,
B,B0CDS2H8MM,WAQ RELAXING WIDE MAT リラクシング ワイドマット 厚手 8cm 車中泊 キャンピング 特殊ウレタン 軽量 r値 7 自動膨張 特大バルブ搭,WAQ(ワック),ワック(WAQ),スポーツ＆アウトドア > アウトドア > 寝袋・ベッド・マット,35060,2,,,11730,はい,2026-02-23以降,7342,9254,大型,282,中小候補,GO,GO,見送り,FBA大型サイズ,,https://www.amazon.co.jp/dp/B0CDS2H8MM,
B,B073Q65WNC,真・女神転生 DEEP STRANGE JOURNEY,アトラス,アトラス,ゲーム > 機種別 > レガシーシステム,6413,4,,,8380,はい,2026-02-23以降,4433,5563,標準(小型),182,中小候補,NG,GO,見送り,回転不足(消化月数>3),,https://www.amazon.co.jp/dp/B073Q65WNC,
B,B0129SXD6S,MACKIE マッキー 超コンパクトアナログミキサー MIX8 国内正規品,MACKIE,MACKIE,楽器・音響機器 > PA音響機器 > ミキサー,14461,2,,,14800,いいえ,繰越(境界後の記録なし),9288,11734,標準2,332,中小候補,GO,GO,GO,,,https://www.amazon.co.jp/dp/B0129SXD6S,
B,B0CJ4WHPPX,マリオカート８ デラックス ＋ コース追加パス -Switch,任天堂,任天堂,ゲーム > 機種別 > Nintendo Switch,7375,6,,,13300,はい,2026-02-23以降,7033,8963,標準(小型),182,大手/海外疑い,NG,GO,見送り,回転不足(消化月数>3),,https://www.amazon.co.jp/dp/B0CJ4WHPPX,
B,B0FQZDNNTW,防水バックパック タフドライバッグパック SHOREBASE ショアベース 防水リュック (カーボンブラック),SHORE BASE,SHORE BASE,ファッション > バッグ・スーツケース > リュック・バックパック,31398,2,,,12800,はい,2026-02-23以降,8038,10164,大型,282,中小候補,GO,GO,見送り,FBA大型サイズ,,https://www.amazon.co.jp/dp/B0FQZDNNTW,
B,B08QHZJZGF,[YUUWA] 200枚 使い捨てプラスチックガウン 法人向け CPEガウン 個包装 親指フック式 エンボス加工 ブルー 使い捨てエプロン 袖付き 使い捨てガウ,YUUWA,YUUWA,産業・研究開発用品 > 業務用医療用品 > 着衣・手袋,12617,2,,,10800,はい,2026-02-23以降,6667,8372,大型,282,中小候補,GO,GO,見送り,FBA大型サイズ,,https://www.amazon.co.jp/dp/B08QHZJZGF,
B,B0B5XBJKSY,Nextorage 国内メーカー ベッドルームプロジェクター 超小型 静音 フレキシブルアーム同梱 105ANSIルーメン 天井投影 ブラック NX1,Nextorage,Nextorage,家電＆カメラ > テレビ・レコーダー > ホームプロジェクター,4621,6,,,8990,はい,2026-02-23以降,5511,7424,標準2,332,中小候補,NG,GO,見送り,回転不足(消化月数>3),,https://www.amazon.co.jp/dp/B0B5XBJKSY,
B,B0F73Z4SSD,アイリスオーヤマ 充電式ブロワー 10.8V Type-C充電式 バッテリー付属 JB54010TC サンドベージュ,アイリスオーヤマ(IRIS OHYAMA),アイリスオーヤマ(IRIS OHYAMA),DIY・工具・ガーデン > ガーデン > 農業・園芸用機器,35293,2,,,10800,はい,2026-02-23以降,6161,7645,標準2,332,大手/海外疑い,GO,GO,GO,,,https://www.amazon.co.jp/dp/B0F73Z4SSD,
B,B0BXWT7Q79,Pasinaz NEWモデル アウトドアワゴン キャリーワゴン 耐荷重180kg 大容量 211L キャリーカート キャンプワゴン 折りたたみ 荷室拡張 4輪 ,Pasinaz,Pasinaz,スポーツ＆アウトドア > アウトドア > フィールドギア,20923,2,,,12800,はい,2026-02-23以降,6738,8464,大型,282,中小候補,GO,GO,見送り,FBA大型サイズ,,https://www.amazon.co.jp/dp/B0BXWT7Q79,
B,B00FO1GTLY,プラブロック AT-360 IV エアコン架台 （プラロック）桃陽電線 1箱　60個入,桃陽電線,桃陽電線,ホーム＆キッチン > 家電 > 空調・季節家電,95863,2,,,13800,はい,2026-02-23以降,4651,5735,不明,282,中小候補,GO,GO,GO,,,https://www.amazon.co.jp/dp/B00FO1GTLY,
B,B07H2WPSGZ,フジ カウンタークロス ピンク 厚手 60枚入 (6),尚美堂,フジナップ,ホーム＆キッチン > キッチン用品 > シンク周り用品,43025,2,,,8720,はい,2026-02-23以降,5386,6696,不明,282,中小候補,GO,GO,GO,,,https://www.amazon.co.jp/dp/B07H2WPSGZ,
B,B09JSFBLYL,[エーフィット] オーバーサングラス メンズ 眼鏡の上から 偏光レンズ UV400 AF-OS11,A-FIT（エーフィット）,株式会社トライ・アングル,ファッション > メンズ > 服＆ファッション小物,31897,2,,,10560,はい,2026-02-23以降,6338,8055,標準(小型),182,中小候補,GO,GO,GO,,,https://www.amazon.co.jp/dp/B09JSFBLYL,
B,B0BWYZYDXP,HyoLebi ダイハツ 新型 アトレー ハイゼットカーゴ S700V S710V 令和3年12月～現行に対応リア バンパー プロテクター バンパーステップガー,HyoLebi,HyoLebi,車＆バイク > カーパーツ > 外装・エアロパーツ,17945,2,,,8300,はい,2026-02-23以降,5005,6197,大型,282,中小候補,GO,GO,見送り,FBA大型サイズ,,https://www.amazon.co.jp/dp/B0BWYZYDXP,
B,B00Y2GDT24,ラディウス radius HP-NHR21 ハイレゾ対応イヤホン : Ne VOLTシリーズ 重低音モデル HP-NHR21R (レッド),ラディウス,radius,家電＆カメラ > イヤホン・ヘッドホン > イヤホン・ヘッドホン本体,28571,3,,,9956,はい,2026-02-23以降,4966,6814,標準(小型),182,中小候補,GO,GO,GO,,,https://www.amazon.co.jp/dp/B00Y2GDT24,
B,B00R115PUG,ＪＸ日鉱日石 ディーゼル CF (CF級ディーゼルエンジンオイル) 20Lペール缶 (10W),ENEOS,JX日鉱日石エネルギー株式会社,車＆バイク > オイル・フルード > オイル,11592,2,,,13300,はい,2026-02-23以降,5132,6364,不明,282,中小候補,GO,GO,GO,,,https://www.amazon.co.jp/dp/B00R115PUG,
B,B0FF4J5RQ3,SVBONY SV226 フィルタードロワー 2インチ M54-M48変換リング付き 1.25インチフィルターの切り替えをサポート,SVBONY,SVBONY,家電＆カメラ > カメラ > アクセサリ,35584,2,,,8580,はい,2026-02-23以降,5055,6940,標準(小型),182,中小候補,GO,GO,GO,,,https://www.amazon.co.jp/dp/B0FF4J5RQ3,
B,B099WR4VXD,コンパス30,Gregory,グレゴリー,ファッション > バッグ・スーツケース > リュック・バックパック,34750,2,,,19490,はい,2026-02-23以降,10436,13300,大型,282,中小候補,GO,GO,見送り,FBA大型サイズ,,https://www.amazon.co.jp/dp/B099WR4VXD,
B,B0DDPSNH1T,STRICH ギター 椅子 背もたれ付き ギタースツール 高さ調整可能 ギターハンガー搭載 アコギ エレキ ベース対応 大人用ミュージシャンチェア ドラムスロー,STRICH,STRICH,楽器・音響機器 > ギター > ギターアクセサリ,2751,2,,,13980,はい,2026-02-23以降,7896,9978,大型,282,中小候補,GO,GO,見送り,FBA大型サイズ,,https://www.amazon.co.jp/dp/B0DDPSNH1T,
B,B0CB5WY7MB,ドクターエア 公式ストア エクサガンハンディPRO 筋膜リリース フェイスケア リカバリー アタッチメント付 顔 肩 腰 足 肩甲骨 全身 クリスマス 新年 母,ドクターエア,ドクターエア,ホーム＆キッチン > 家電 > 健康家電,26749,5,,,17499,はい,2026-02-23以降,9334,11859,標準1,282,中小候補,NG,GO,見送り,回転不足(消化月数>3),,https://www.amazon.co.jp/dp/B0CB5WY7MB,
B,B0FNJJWGJY,Amison 高圧洗浄機 3種類のノズル付き 27mの作業範囲 最大水圧10MPA 車用・家庭用高圧クリーナー 水道直結・自吸両用 取り付け簡単 豊富な付属品 ,Amison,Amison,DIY・工具・ガーデン > 電動工具・エア工具 > 高圧洗浄機・アクセサリ,25045,2,,,15980,はい,2026-02-23以降,8492,10758,大型,282,中小候補,GO,GO,見送り,FBA大型サイズ,,https://www.amazon.co.jp/dp/B0FNJJWGJY,
B,B0D4YFFBQN,Hanye 内蔵型 SSD 256GB PCIe Gen3x4 M.2 NVMe 2280 3100MB/s 3D NAND E26 国内正規品 メーカー3年保,Hanye,Hanye,パソコン・周辺機器 > PCパーツ > 内蔵SSD,15776,2,,,9980,はい,2026-02-23以降,5850,8066,標準(小型),182,中小候補,GO,GO,GO,,,https://www.amazon.co.jp/dp/B0D4YFFBQN,
B,B0BNMK2JWB,ブリヂストン(BRIDGESTONE) スタッドレスタイヤ W300 145/80R12 80/78N LT 2本セット,ブリヂストン(BRIDGESTONE),ブリヂストン(BRIDGESTONE),車＆バイク > カータイヤ・ホイール > タイヤ,8131,3,,,11000,はい,2026-02-23以降,6868,8634,大型,282,中小候補,GO,GO,見送り,FBA大型サイズ,,https://www.amazon.co.jp/dp/B0BNMK2JWB,
B,B0CX17PN31,【サインキングダム】ダイニングテーブルセット 3点 セット 2人 ダイニングチェア 2脚セット ダイニングセット 北欧 家具 チェア 食卓テーブル 木目調 イン,サインキングダム,サインキングダム,ホーム＆キッチン > 家具 > ダイニングルーム家具,106420,2,,,8200,はい,2026-02-23以降,4346,5336,不明,282,中小候補,GO,GO,GO,,,https://www.amazon.co.jp/dp/B0CX17PN31,
B,B0FSK6F3HZ,FIIO Snowsky ECHO MINI FIO-SSEMINI【日本正規販売店より発送・シリアルナンバー付】デジタルオーディオプレーヤー ポータブル ハイ,FiiO,FIIO,家電＆カメラ > ポータブルオーディオ > デジタルオーディオプレーヤー,9965,6,,,10889,はい,2026-02-23以降,6253,8636,標準(小型),182,中小候補,NG,GO,見送り,回転不足(消化月数>3),,https://www.amazon.co.jp/dp/B0FSK6F3HZ,
B,B004Q3QS9Y,テニスの王子様 全42巻 完結セット (ジャンプ・コミックス),集英社,集英社,本 > ジャンル別 > コミック・ラノベ・BL,54362,5,,,10544,はい,2026-02-23以降,6409,8033,大型,282,中小候補,NG,GO,見送り,FBA大型サイズ / 回転不足(消化月数>3),,https://www.amazon.co.jp/dp/B004Q3QS9Y,
B,B0GF754CSJ,Blackview モバイルモニター 16.1インチ 一体型卓上スタンド付き 非光沢画面 FHD IPS 軽量650g Type-C HDMI VESAゲーム/,Blackview,Blackview,パソコン・周辺機器 > ディスプレイ,22051,2,,,17980,はい,2026-02-23以降,10236,14171,大型,282,中小候補,GO,GO,見送り,FBA大型サイズ,,https://www.amazon.co.jp/dp/B0GF754CSJ,
B,B0DJS3R8NH,Brotish ベビーバウンサー ベビーラック 電動 バウンサー 新生児 電動スイング ベビーゆりかご スウィング ロッキングチェア ベビーチェア リクライニン,Brotish,Brotish,ベビー＆マタニティ > 室内遊具 > バウンサー,12811,2,,,14897,はい,2026-02-23以降,8916,11313,大型,282,中小候補,GO,GO,見送り,FBA大型サイズ,,https://www.amazon.co.jp/dp/B0DJS3R8NH,
B,B07HGT7318,横トナ エプソン用 IP01B 大容量版 互換インクパック 4色セット 全色顔料インク PX-M884F PX-S884 PX-S885 など対応,横トナ,横トナ,パソコン・周辺機器 > PCアクセサリ・サプライ > プリンタアクセサリ,17093,2,,,12390,はい,2026-02-23以降,5750,7822,標準1,282,大手/海外疑い,GO,GO,GO,,,https://www.amazon.co.jp/dp/B07HGT7318,
B,B0DNMT81Y6,BRIEFING ブリーフィング ユーティリティ2ウェイストラップ BRA243G73 BLACK,BRIEFING(ブリーフィング),,家電＆カメラ > 携帯電話・スマートフォン > 携帯電話・スマートフォンアクセサリ,41616,4,,,8030,はい,2026-02-23以降,4680,6409,標準(小型),182,中小候補,NG,GO,見送り,回転不足(消化月数>3),,https://www.amazon.co.jp/dp/B0DNMT81Y6,
B,B0DK6QNQ32,Thalia Capos Teal Angel Wing カポタスト Shellシリーズ タリアカポ,Thalia,Thalia,楽器・音響機器 > ギター > ギターアクセサリ,2199,4,,,13200,はい,2026-02-23以降,7540,9626,標準(小型),182,中小候補,NG,GO,見送り,回転不足(消化月数>3),,https://www.amazon.co.jp/dp/B0DK6QNQ32,
B,4885943256,算命占法（下巻）占技秘解,東洋書院,東洋書院,本 > ジャンル別 > 人文・思想,150297,5,,,10450,はい,2026-02-23以降,6374,7988,標準1,282,中小候補,NG,GO,見送り,回転不足(消化月数>3),,https://www.amazon.co.jp/dp/4885943256,
B,B0DBDK72BF,FIIL 集音器 骨伝導 高齢者 しゅうおんき BT5.3 耳に入る必要はない ノイズ低減 マグネット式充電 電話/音楽対応 IPX5防水,KXP,KXP,ホーム＆キッチン > 家電 > 健康家電,19889,3,wanjiu-JP,,13888,はい,2026-02-23以降,6473,8231,標準(小型),182,中小候補,GO,GO,見送り,相乗り出品が基準未満（卸している証拠なし）,,https://www.amazon.co.jp/dp/B0DBDK72BF,
B,B0FM3GB3QR,[BURTLE] [バートル] カラーファン+24Vバッテリーセット AC09+AC09-2 エアークラフト AIRCRAFT 京セラ製 2025年モデル バッ,BURTLE,BURTLE(バートル),車＆バイク > カーパーツ > 電子パーツ,23741,2,,,19800,はい,2026-02-23以降,11938,15264,不明,282,大手/海外疑い,GO,GO,GO,,,https://www.amazon.co.jp/dp/B0FM3GB3QR,
B,B0FSL1NY7G,ホワイト ペットサークル 犬用 室内 柵 ドア付き おしゃれ 小型犬中型犬用 プラスチック製 【自由調整サイズ】【吸盤式&二重ロック】【組立簡単 工具不要】【丈,ノーブランド品,ノーブランド品,ペット用品 > 犬 > ドッグハウス・ケージ,22613,2,,,10599,はい,2026-02-23以降,5632,7018,大型,282,中小候補,GO,GO,見送り,FBA大型サイズ,,https://www.amazon.co.jp/dp/B0FSL1NY7G,
B,B0DNQBBLY7,nishikawa ごろ寝マット スイート (グリーン) お昼寝 ごろ寝クッション 座布団 軽量 コンパクト 折り畳み キャンプ 車中泊 HD93995501,西川(Nishikawa),西川(Nishikawa),ホーム＆キッチン > ラグ・カーテン・ファブリック > クッション・座布団,32117,2,,,12785,はい,2026-02-23以降,5502,6848,大型,282,中小候補,GO,GO,見送り,FBA大型サイズ,,https://www.amazon.co.jp/dp/B0DNQBBLY7,
B,B0FRR65HJK,FLEXISPOT 座椅子 回転座椅子 OC0 360度回転 オフィスチェア デスクチェア メッシュチェア 肘跳ね上げ 2Dヘッドレスト ランバーサポート付き ,FLEXISPOT,FLEXISPOT,ホーム＆キッチン > 家具 > リビングルーム家具,41721,2,,,9980,はい,2026-02-23以降,4907,6070,大型,282,中小候補,GO,GO,見送り,FBA大型サイズ,,https://www.amazon.co.jp/dp/B0FRR65HJK,
B,B0FTZHQ68J,Turbo Racing ターボレーシング C65 ドリフトカー ドリフト ラジコン 日本語取説 故障時割引補償制度 RTR フルセット ラジコンカー,ULTRA POWER,ULTRA POWER,おもちゃ > ラジコンおもちゃ > ラジコン,16300,2,,,15000,はい,2026-02-23以降,8766,11116,標準1,282,中小候補,GO,GO,GO,,,https://www.amazon.co.jp/dp/B0FTZHQ68J,
B,B08GYMWSC7,[Dom Teporna] 小さめ ビジネスバッグ メンズ ミニバッグ ブリーフケース 牛革 バイナルレザー マチあり 軽量 タブレット B5 書類 収納 コン,Dom Teporna,,ファッション > バッグ・スーツケース > ビジネスバッグ,44543,2,,,9680,はい,2026-02-23以降,4877,6031,標準1,282,中小候補,GO,GO,GO,,,https://www.amazon.co.jp/dp/B08GYMWSC7,
B,B0D4TNZGCW,Poafamx 水槽用冷却ファン 温度設定可能 三つ作動モード 120度調節可能 3段階風量調節 デジタルコントローラー付き 水槽壁の厚さ：≤25cm 水槽ファ,Poafamx,Poafamx,ペット用品 > 水生ペット > 水槽のアクセサリ,36784,2,,,10500,はい,2026-02-23以降,5535,6891,標準1,282,中小候補,GO,GO,GO,,,https://www.amazon.co.jp/dp/B0D4TNZGCW,
B,B0DB4N2FWQ,[ミステリーランチ] ディストリクト２ 19761508 Pebble,MYSTERY RANCH(ミステリーランチ),MYSTERY RANCH(ミステリーランチ),ファッション > メンズ > バッグ・財布,15938,5,,,8900,はい,2026-02-23以降,3895,4860,標準(小型),182,中小候補,NG,GO,見送り,回転不足(消化月数>3),,https://www.amazon.co.jp/dp/B0DB4N2FWQ,
B,B0G7XJ6V3W,エアーベッド【TPUプロ仕様・超軽量＆タフネス 】キャンプマット 折りたたみ 自動膨張エアーマット 高速設営・撤収車中泊/来客用/簡易ベッド,Imspace,Imspace,スポーツ＆アウトドア > アウトドア > 寝袋・ベッド・マット,23614,2,,,8749,はい,2026-02-23以降,5354,6590,標準2,332,中小候補,GO,GO,GO,,,https://www.amazon.co.jp/dp/B0G7XJ6V3W,
B,B07F3NHX1M,ペット用品 バイオガンス プロテインプラスシャンプー 4L 犬 猫 オーガニック 弱酸性 シルクプロテイン配合 パラベンフリー,BIOGANCE,BIOGANCE,ペット用品 > 犬 > お手入れ用品,15916,6,,,9580,はい,2026-02-23以降,5440,6702,標準2,332,中小候補,NG,GO,見送り,回転不足(消化月数>3),,https://www.amazon.co.jp/dp/B07F3NHX1M,
B,B09SYXNWJ3,recolte レコルト ポットデュオ キャレ 電気鍋 卓上鍋 グリル鍋 1台5役 煮る 炊く 焼く 蒸す 揚げる 1.3L 1人用鍋 レシピ付き グレー RP,récolte,ウィナーズ株式会社,ホーム＆キッチン > 家電 > キッチン家電,42071,6,,,8800,はい,2026-02-23以降,4764,5818,標準2,332,中小候補,NG,GO,見送り,回転不足(消化月数>3),,https://www.amazon.co.jp/dp/B09SYXNWJ3,
B,B09X523V9F,【最新版】Wondershare Filmora 15 ビジネス・商用ライセンス（ Windows版）｜AI動画生成｜ ビデオ・オーディオ編集ソフト 収益化可｜,Wondershare,Wondershare,PCソフト > ジャンル別 > 画像・映像制作,275,2,,,17900,はい,2026-02-23以降,11336,14590,標準(小型),182,中小候補,GO,GO,GO,,,https://www.amazon.co.jp/dp/B09X523V9F,
B,B0799N43VZ,"SHOTEN マウントアダプター LM-SE M (ライカMマウントレンズ → ソニーEマウント変換) ヘリコイド付き (ライト版 (+5mm), ブラック)",SHOTEN,SHOTEN,家電＆カメラ > カメラ > アクセサリ,20137,2,,,13640,はい,2026-02-23以降,7797,10821,標準(小型),182,大手/海外疑い,GO,GO,GO,,,https://www.amazon.co.jp/dp/B0799N43VZ,
B,B0DBZYH2TR,"Nike メンズ ユーティリティ エリート - 2.0 バックパック, ブラック/ブラック/(ホワイト), MISC, バックパック。",NIKE(ナイキ),Nike,ファッション > バッグ・スーツケース > リュック・バックパック,33818,5,,,9779,はい,2026-02-23以降,6074,7596,大型,282,大手/海外疑い,NG,GO,見送り,FBA大型サイズ / 回転不足(消化月数>3),,https://www.amazon.co.jp/dp/B0DBZYH2TR,
B,B0DQY7G94X,東京Deco 22V型 フルハイビジョン 液晶テレビ HDMI搭載 LEDバックライト [外付けHDD録画対応] LED直下型バックライト 22インチ FHD ,ROOMMATE,ROOMMATE,家電＆カメラ > テレビ・レコーダー > ポータブルテレビ,16164,2,,,14999,はい,2026-02-23以降,8805,12145,大型,282,中小候補,GO,GO,見送り,FBA大型サイズ,,https://www.amazon.co.jp/dp/B0DQY7G94X,
B,B07VM9JGBX,KEF LSX II/LT用 P1 デスクスタンド/デスクパッド （シルバー）,KEF,KEF,文房具・オフィス用品 > 事務用品 > 机上用品・文具収納,33606,4,,,17820,はい,2026-02-23以降,11251,14301,標準2,332,中小候補,NG,GO,見送り,回転不足(消化月数>3),,https://www.amazon.co.jp/dp/B07VM9JGBX,
B,B08THDKZPZ,[グレゴリー] ショルダーバッグ ギフト エンベロップショルダープラス コーデュラバリスティック ブラック,Gregory,GREGORY,ファッション > メンズ > バッグ・財布,57494,5,,,8250,はい,2026-02-23以降,3471,4192,標準1,282,中小候補,NG,GO,見送り,回転不足(消化月数>3),,https://www.amazon.co.jp/dp/B08THDKZPZ,
B,B0869Q3XWD,ダミータイトルATL,アトラス,アトラス,ゲーム > 機種別 > Nintendo Switch,11453,3,,,9000,はい,2026-02-23以降,4355,5461,標準(小型),182,中小候補,GO,GO,GO,,,https://www.amazon.co.jp/dp/B0869Q3XWD,
B,B09K7GC2JH,エンラージ商事 ヴェゼル VEZEL RV3 RV4 RV5 RV6 対応 アウター スカッフプレート インテリアパネル ブラック ステンレス 4P,EnlargeCorp,株式会社エンラージ商事,車＆バイク > カーパーツ > 内装パーツ,19301,2,,,8980,はい,2026-02-23以降,5088,6306,大型,282,中小候補,GO,GO,見送り,FBA大型サイズ,,https://www.amazon.co.jp/dp/B09K7GC2JH,
B,B0F5W5NY7S,[ニナーズ] 喪服 レディース ブラックフォーマル ワンピース 礼服 スーツ ロング丈 洗える 大きいサイズ 前開き 黒 フォーマル カシュクール 30代 40,nina's(ニナーズ),,ファッション > レディース > 服＆ファッション小物,23942,2,,,12900,はい,2026-02-23以降,7954,10055,大型,282,中小候補,GO,GO,見送り,FBA大型サイズ,,https://www.amazon.co.jp/dp/B0F5W5NY7S,
B,B07HX32NVQ,クリスタルプロセス(Crystalprocess) ハイテクX1ボディーコート剤-8500 200ml A01020,クリスタルプロセス(Crystalprocess),クリスタルプロセス(Crystalprocess),車＆バイク > 洗車・お手入れ用品 > コーティング剤,40756,4,,,11990,はい,2026-02-23以降,6939,8727,標準1,282,中小候補,NG,GO,見送り,回転不足(消化月数>3),,https://www.amazon.co.jp/dp/B07HX32NVQ,
B,B0C58MCH3Z,［協和工業］ストーンバリア包丁ライトタイプ 【日本製】岐阜県関市【食洗器対応】 (牛刀180mm) ストーンバリアコーティング 食材がくっつきにくい 軽い切れ味,スーパーストーンバリア,協和工業株式会社,ホーム＆キッチン > キッチン用品 > 調理・製菓道具,15249,2,,,9900,はい,2026-02-23以降,6153,7699,標準1,282,中小候補,GO,GO,GO,,,https://www.amazon.co.jp/dp/B0C58MCH3Z,
B,B095YFNKRC,CallToU Wireless Caregiver Pager Call Button Medical Nurse Alert System Alarm an,CallToU,CallToU,産業・研究開発用品 > 業務用医療用品 > 患者モニター・治療機器,116618,2,,,14201,はい,2026-02-23以降,7882,9960,標準1,282,中小候補,GO,GO,GO,,,https://www.amazon.co.jp/dp/B095YFNKRC,
B,B0DH7RDPZB,ゴミ箱 屋外 大型 大容量 ゴミステーション 大きい ガラス除け ごみ荒らし防止 ダストボックス ごみ分別箱 多用途 組立簡単 ゴミ収納庫 安定性 耐久 庭園用,minesto,ミネスト,DIY・工具・ガーデン > エクステリア > 屋外ゴミ収納庫,9158,2,,,17800,はい,2026-02-23以降,10131,12901,不明,282,中小候補,GO,GO,GO,,,https://www.amazon.co.jp/dp/B0DH7RDPZB,
B,B0041POCNG,マキタ ペン型インパクトドライバTD021(7.2V) トルク22Nm バッテリ充電器別売 TD021DZ,Makita(マキタ),マキタ(Makita),DIY・工具・ガーデン > 電動工具・エア工具 > 穴あけ・締付工具,9012,2,,,9800,はい,2026-02-23以降,5433,6758,標準1,282,中小候補,GO,GO,GO,,,https://www.amazon.co.jp/dp/B0041POCNG,
B,B00CY8X3I2,マブラヴ オルタネイティヴ クロニクルズ04,アージュ,アージュ,PCソフト > ジャンル別 > PCゲーム,2941,2,,,9238,はい,2026-02-23以降,1538,1664,標準1,282,中小候補,GO,GO,GO,,,https://www.amazon.co.jp/dp/B00CY8X3I2,
B,B0DNZT9F2J,ASQUAR ガーデンベンチ 屋外用 木製ベンチ 120cm 耐荷重400kg 無垢材 高さ45 金属ブラケット 耐久性 防水性 防錆 耐候性 防蝕 パーク ビ,ASQUAR,ASQUAR,DIY・工具・ガーデン > ガーデン > ガーデンファニチャー,12455,2,,,14668,はい,2026-02-23以降,8197,10373,大型,282,中小候補,GO,GO,見送り,FBA大型サイズ,,https://www.amazon.co.jp/dp/B0DNZT9F2J,
B,B01BTEP1HM,21Technology 折りたたみママチャリ (24インチ) 自転車 シティサイクル ママチャリ 折り畳み 街乗り 通勤 通学 お買い物 MC240（パールホ,21Technology,21Technology,スポーツ＆アウトドア > 自転車 > 自転車本体,73590,2,,,16920,はい,2026-02-23以降,10716,13666,不明,282,中小候補,GO,GO,GO,,,https://www.amazon.co.jp/dp/B01BTEP1HM,
B,B0DTK14ZW7,ケンコー デジタルカメラ KC-AF11 &microSDカード&ポーチ（計3点セット） (ブラック),ノーブランド品,ノーブランド品,家電＆カメラ > カメラ > デジタルカメラ,20010,2,,,8400,はい,2026-02-23以降,5080,6874,標準1,282,中小候補,GO,GO,GO,,,https://www.amazon.co.jp/dp/B0DTK14ZW7,
B,B01N8OJFQ5,TECMATE オプティメイト4 クアッドプログラム バイク用充電器＋スーパーナット車両ケーブル,TECMATE ( テックメイト ),TECMATE ( テックメイト ),車＆バイク > バッテリー > バッテリー充電器,24991,2,,,16500,はい,2026-02-23以降,9370,11906,標準1,282,中小候補,GO,GO,GO,,,https://www.amazon.co.jp/dp/B01N8OJFQ5,
B,B0G58CHKYX,ザノースフェイス NN2PR61 NN2PR61L 金属ロゴ ショルダーバッグ バックパック クロスバッグ トートバッグ韓国 並行輸入品 (NN2PR61L(B,THE NORTH FACE,,ファッション > レディース > バッグ・財布,65508,5,,,10480,はい,2026-02-23以降,6153,7699,大型,282,中小候補,NG,GO,見送り,FBA大型サイズ / 回転不足(消化月数>3),,https://www.amazon.co.jp/dp/B0G58CHKYX,
B,B009ZP50SS,データシステム テレビナビキット 切替タイプ ランドクルーザー(URJ202W/H27.9~R3.7)用 TTN-87 Datasystem,データシステム(Data System),データシステム(Data System),車＆バイク > カーナビ・カーエレクトロニクス > 車載モニターアクセサリ,41266,4,,,10830,はい,2026-02-23以降,6413,8039,標準1,282,中小候補,NG,GO,見送り,回転不足(消化月数>3),,https://www.amazon.co.jp/dp/B009ZP50SS,
B,B00Y216160,ソニー PLLシンセサイザーラジオ FM/AM/ワイドFM対応 片耳巻取り 名刺サイズ 充電キット付 ICF-R354MK,Sony,ソニー(SONY),家電＆カメラ > ポータブルオーディオ > ポータブルラジオ,64018,5,,,17600,はい,2026-02-23以降,11158,15476,標準1,282,大手/海外疑い,NG,GO,見送り,回転不足(消化月数>3),,https://www.amazon.co.jp/dp/B00Y216160,
B,B0FM3GCX92,[BURTLE] [バートル] カラーファン+24Vバッテリーセット AC09+AC09-2 エアークラフト AIRCRAFT 京セラ製 2025年モデル バッ,BURTLE,BURTLE(バートル),車＆バイク > カーパーツ > 電子パーツ,23773,3,,,19500,はい,2026-02-23以降,11873,15179,標準1,282,大手/海外疑い,GO,GO,GO,,,https://www.amazon.co.jp/dp/B0FM3GCX92,
B,B0F3VZZYLS,[ナイキ] エア マックス アイラ W AIR MAX ISLA クリーム IH2052-299 26.0cm,NIKE(ナイキ),nike,ファッション > メンズ > シューズ,69673,2,,,12575,はい,2026-02-23以降,4905,6067,標準1,282,大手/海外疑い,GO,GO,GO,,,https://www.amazon.co.jp/dp/B0F3VZZYLS,
B,B0D9YLRLQN,MODONG ベビーカー b型ベビーカー 軽量 コンパクト ベビーカー 4輪 ベビーウォーカー 折りたたみ式 超軽量 スクーター ベビーカー b型 折りたたみ ,MODONG,ZRG,ベビー＆マタニティ > ベビーカー > 背面ベビーカー・バギー,2814,2,,,8540,はい,2026-02-23以降,5269,6543,大型,282,中小候補,GO,GO,見送り,FBA大型サイズ,,https://www.amazon.co.jp/dp/B0D9YLRLQN,
B,B00WS9KPM4,ニューテック(NUTEC) ギヤオイル NC-70 75W-90 100％化学合成(エステル系) 2L,ニューテック(NUTEC),ニューテック(NUTEC),車＆バイク > オイル・フルード > オイル,15282,2,,,10560,はい,2026-02-23以降,5511,6795,標準2,332,中小候補,GO,GO,GO,,,https://www.amazon.co.jp/dp/B00WS9KPM4,
B,B0DNZRZV4M,ASQUAR ガーデンベンチ 屋外用 木製ベンチ 180cm 耐荷重400kg 無垢材 高さ45 金属ブラケット 耐久性 防水性 防錆 耐候性 防蝕 パーク ビ,ASQUAR,ASQUAR,DIY・工具・ガーデン > ガーデン > ガーデンファニチャー,12455,2,,,19752,はい,2026-02-23以降,11663,14904,大型,282,中小候補,GO,GO,見送り,FBA大型サイズ,,https://www.amazon.co.jp/dp/B0DNZRZV4M,
B,B0FRQX5LS3,FLEXISPOT 座椅子 回転座椅子 OC0 360度回転 オフィスチェア デスクチェア メッシュチェア 肘跳ね上げ 2Dヘッドレスト ランバーサポート付き ,FLEXISPOT,FLEXISPOT,ホーム＆キッチン > 家具 > リビングルーム家具,41721,2,,,7984,はい,2026-02-23以降,4907,6070,大型,282,中小候補,GO,GO,見送り,FBA大型サイズ,,https://www.amazon.co.jp/dp/B0FRQX5LS3,
B,B0G5N5PX34,TRIANGLE(トライアングル) サマータイヤ RADIAL F/S TR645 195/80R15 107/105Q LT 2本セット,トライアングル(TRIANGLE),Triangle,車＆バイク > カータイヤ・ホイール > タイヤ,8125,2,,,16980,はい,2026-02-23以降,10424,13284,不明,282,中小候補,GO,GO,GO,,,https://www.amazon.co.jp/dp/B0G5N5PX34,
B,B0FBRBBX8Q,バートル ペルチェベストセット IC101S アイスクラフト 冷却 デバイスフルセットメンズレディース 作業着 空調作業服 BURTLE プロユニステッカー付 ,プロユニ,,ファッション > 制服・ワークウェア > 作業服,44744,2,,,14980,はい,2026-02-23以降,9455,12017,標準1,282,大手/海外疑い,GO,GO,GO,,,https://www.amazon.co.jp/dp/B0FBRBBX8Q,
B,B09QC38RKM,MIWA 美和ロック LIX+LSP 鍵 シリンダー 錠 U9 交換 玄関ドア 取替 TE22 シルバー(ST色) MCY-402 キー6本 2個同一 交換手順,あんしん壱番,美和ロック(Miwalock),DIY・工具・ガーデン > 建築金物 > 建築金具,79076,2,,,9980,いいえ,繰越(境界後の記録なし),6205,7767,標準1,282,中小候補,GO,GO,GO,,,https://www.amazon.co.jp/dp/B09QC38RKM,
B,B07RNQ76B5,オーム電機 ドライヤーハンガー ハンガードライヤー ハンガー型ドライヤー 衣類乾燥機 シューズ乾燥機 AIR-KCS001-W 08-3880 OHM,オーム（OHM）,オーム(OHM),大型家電 > 洗濯機・乾燥機 > 衣類乾燥機,5171,2,【翌日配達】原商【国内発送 即日出荷】 / むね雑貨店,,9500,はい,2026-02-23以降,3358,4436,標準1,282,中小候補,GO,GO,GO,,,https://www.amazon.co.jp/dp/B07RNQ76B5,
B,B014290AOU,LEATHERMAN (レザーマン) マルチツール REBAR 17機能 プロ仕様 堅牢コンパクト 25年保証 本格DIY 現場作業 サブ機 ブラック,LEATHERMAN(レザーマン),LEATHERMAN(レザーマン),スポーツ＆アウトドア > アウトドア > フィールドギア,38223,2,,,13360,はい,2026-02-23以降,8402,10640,標準1,282,中小候補,GO,GO,GO,,,https://www.amazon.co.jp/dp/B014290AOU,
B,B0FGX7V68V,IGT テーブル脚 304ステンレス製 多段階高さ調整 伸縮式 工具不要で簡単取付 アウトドア・キャンプ BBQ用（4本セット） (L(50-83cm)),sunodi,sunodi,スポーツ＆アウトドア > アウトドア > テーブル・チェア・ハンモック,34340,4,,,9970,はい,2026-02-23以降,5872,7331,大型,282,中小候補,NG,GO,見送り,FBA大型サイズ / 回転不足(消化月数>3),,https://www.amazon.co.jp/dp/B0FGX7V68V,
B,B01M3XYH5H,日本製 トライテックのトレース台 トレビュアー LED B4 薄型 8mm 7段階調光可 B4-500,マグパチ,トライテック(Trytec),ホビー > 手芸・画材 > 描画・絵画,41051,2,,,9980,はい,2026-02-23以降,6205,7767,大型,282,中小候補,GO,GO,見送り,FBA大型サイズ,,https://www.amazon.co.jp/dp/B01M3XYH5H,
B,B0F4KCQ6P9,扇風機 羽根なし タワーファン【2026年猛暑対策・省エネ】DCモーター リビング扇風機 スリム タワー型 サーキュレーター 静音 節電 8段階風量調整 微風&,Gujunf,Gujunf,ホーム＆キッチン > 家電 > 空調・季節家電,43110,2,,,9999,はい,2026-02-23以降,6217,7783,大型,282,中小候補,GO,GO,見送り,FBA大型サイズ,,https://www.amazon.co.jp/dp/B0F4KCQ6P9,
B,B0G4R8J14D,LIKIMIO 猫トイレカバー 隠し収納棚 テレビ台 キャットトイレ リビングキャビネット 木製家具 扉付き,LIKIMIO,LIKIMIO,ペット用品 > 猫 > ドア・転落防止ネット,48122,2,,,15980,はい,2026-02-23以降,10105,12867,大型,282,中小候補,GO,GO,見送り,FBA大型サイズ,,https://www.amazon.co.jp/dp/B0G4R8J14D,
B,B09NS73ZJ9,JVCケンウッド/KENWOOD 特定小電力トランシーバー UBZ-M31E-G シャンパンゴールド,JVCケンウッド,JVCケンウッド,家電＆カメラ > 無線・トランシーバー > 特定小電力トランシーバー,15553,6,,,13000,はい,2026-02-23以降,7434,10308,標準(小型),182,中小候補,NG,GO,見送り,回転不足(消化月数>3),,https://www.amazon.co.jp/dp/B09NS73ZJ9,
B,B0CF4QRV3S,SONGMICS 時計ケース 腕時計12本収納 木製 縦置きディスプレイボックス 透明蓋 おしゃれ 省スペース父の日プレゼント メンズ レディース 誕生日お祝い,SONGMICS,SONGMICS,ファッション > ケア用品・工具・時計バンド > 時計アクセサリー,110245,3,,,8980,はい,2026-02-23以降,4629,5642,標準2,332,中小候補,GO,GO,GO,,,https://www.amazon.co.jp/dp/B0CF4QRV3S,
B,B01I5MJYGK,GLOBATT[グロバット]国産車用バッテリー (SMF)85D23R,グロバット(GLOBATT),グロバット(GLOBATT),車＆バイク > バッテリー > カーバッテリー,118507,4,,,8690,はい,2026-02-23以降,5113,6339,大型,282,中小候補,NG,GO,見送り,FBA大型サイズ / 回転不足(消化月数>3),,https://www.amazon.co.jp/dp/B01I5MJYGK,
B,B0DNQ99T8L,nishikawa ごろ寝マット スイート (ネイビー) お昼寝 ごろ寝クッション 座布団 軽量 コンパクト 折り畳み キャンプ 車中泊 HD93995501,西川(Nishikawa),西川(Nishikawa),ホーム＆キッチン > ラグ・カーテン・ファブリック > クッション・座布団,32109,4,,,11000,はい,2026-02-23以降,5502,6848,大型,282,中小候補,NG,GO,見送り,FBA大型サイズ / 回転不足(消化月数>3),,https://www.amazon.co.jp/dp/B0DNQ99T8L,
B,B08GM9V85L,三國志14 with パワーアップキット,KT,コーエーテクモゲームス,ゲーム > 機種別 > プレイステーション4,10989,6,,,12867,はい,2026-02-23以降,4355,5461,標準(小型),182,中小候補,NG,GO,見送り,回転不足(消化月数>3),,https://www.amazon.co.jp/dp/B08GM9V85L,
B,B0BQQZQGMN,Logicool G ASTRO Gaming A30 LIGHTSPEED ワイヤレス ゲーミングヘッドセット Bluetooth 搭載 Dolby Atmo,Logicool G(ロジクール G),ロジクール,ゲーム > 機種別 > プレイステーション4,6306,3,,,14980,はい,2026-02-23以降,8545,10827,標準1,282,大手/海外疑い,GO,GO,GO,,,https://www.amazon.co.jp/dp/B0BQQZQGMN,
B,B0FWRL1SBB,[ナイキ] サンダル スポーツサンダル ウィメンズ エア マックス ココ WMNS AIR MAX KOKO SANDAL レディース HV8558-002 ブ,NIKE(ナイキ),,ファッション > レディース > シューズ,96878,2,,,9600,はい,2026-02-23以降,4126,5048,標準1,282,大手/海外疑い,GO,GO,GO,,,https://www.amazon.co.jp/dp/B0FWRL1SBB,
B,B0DRCR1XYS,ママ倉 家電下収納 レンジ下収納 大容量 レンジ下スライドテーブル 伸縮式,ママ倉,ママ倉,ホーム＆キッチン > 収納用品 > キッチン収納,24167,4,,,8177,はい,2026-02-23以降,5033,6234,大型,282,中小候補,NG,GO,見送り,FBA大型サイズ / 回転不足(消化月数>3),,https://www.amazon.co.jp/dp/B0DRCR1XYS,
B,B0DNQK8YR6,nishikawa ごろ寝マット スイート (ブラウン) お昼寝 ごろ寝クッション 座布団 軽量 コンパクト 折り畳み キャンプ 車中泊 HD93995501,西川(Nishikawa),西川(Nishikawa),ホーム＆キッチン > ラグ・カーテン・ファブリック > クッション・座布団,32109,6,,,11000,はい,2026-02-23以降,5509,6857,大型,282,中小候補,NG,GO,見送り,FBA大型サイズ / 回転不足(消化月数>3),,https://www.amazon.co.jp/dp/B0DNQK8YR6,
B,B0CZLK1GKC,[JIMSHUINIO] 折り畳み浴槽 ポータブルバスタブ 折りたたみ バスタブ 持運び便利 保温蓋つき 長時間保温 滑り止め コンパクト 収納便利 風呂 バケ,JIMSHUINIO,SIMCAT,DIY・工具・ガーデン > 住宅用設備・製品 > キッチン・バス備品,42098,2,,,17900,はい,2026-02-23以降,10153,12930,大型,282,中小候補,GO,GO,見送り,FBA大型サイズ,,https://www.amazon.co.jp/dp/B0CZLK1GKC,
B,B0C6QMVSJN,アイリスプラザ ウッドキッチンキャビネット ライトナチュラル WKCB-590,アイリスプラザ,アイリスプラザ,ホーム＆キッチン > 家具 > キッチン家具,70163,3,,,17170,はい,2026-02-23以降,10878,13878,大型,282,中小候補,GO,GO,見送り,FBA大型サイズ,,https://www.amazon.co.jp/dp/B0C6QMVSJN,
B,B0C1731V7V,おり釣具 洗練された本格万能 船竿 シーマスタッグ EXソリッド船200（ori-ex200） (錘負荷：80-150号),おり釣具,おり釣具,スポーツ＆アウトドア > 釣り > ロッド・アクセサリ,58161,2,,,13189,はい,2026-02-23以降,7433,9373,大型,282,中小候補,GO,GO,見送り,FBA大型サイズ,,https://www.amazon.co.jp/dp/B0C1731V7V,
B,B0DTN3HV4F,ケンコー デジタルカメラ KC-AF11 &microSDカード&ポーチ（計3点セット） (ホワイト),ノーブランド品,ノーブランド品,家電＆カメラ > カメラ > デジタルカメラ,23641,2,,,8400,はい,2026-02-23以降,5178,7012,標準1,282,中小候補,GO,GO,GO,,,https://www.amazon.co.jp/dp/B0DTN3HV4F,
B,B0B4JPZT5X,WEIMALL 草刈り機 エンジン式 エンジン草刈機 エンジン刈払機 25cc 草刈機 両手ハンドル 肩掛式 ナイロンカッター・金属刃付属 （通常セット＋40枚,ウェイモール (WEIMALL),WEIMALL,DIY・工具・ガーデン > ガーデン > 農業・園芸用機器,27575,2,,,14150,いいえ,繰越(境界後の記録なし),8915,11311,不明,282,中小候補,GO,GO,GO,,,https://www.amazon.co.jp/dp/B0B4JPZT5X,
B,B00030EUCQ,MG 機動戦士ガンダム MSN-02 ジオング 1/100スケール 色分け済みプラモデル,BANDAI SPIRITS(バンダイ スピリッツ),BANDAI SPIRITS(バンダイ スピリッツ),ホビー > プラモデル・模型 > プラモデル,1837,5,,,10980,はい,2026-02-23以降,6032,7476,標準2,332,大手/海外疑い,NG,GO,見送り,回転不足(消化月数>3),,https://www.amazon.co.jp/dp/B00030EUCQ,
B,B00FB0JNYI,【手をかざしてON/OFF】アイリスオーヤマ LEDキッチン手元灯 棚下・壁兼用 センサー付 KTM8N-TKS 60㎝,アイリスオーヤマ(IRIS OHYAMA),アイリスオーヤマ(IRIS OHYAMA),ホーム＆キッチン > 家電 > 照明,20475,3,,,10320,はい,2026-02-23以降,6153,7699,大型,282,大手/海外疑い,GO,GO,見送り,FBA大型サイズ,,https://www.amazon.co.jp/dp/B00FB0JNYI,
B,B0DSYXBZ63,SIRUI 三脚【6穴多用途接続&超低角度撮影&超軽量】アルミ合金製 G0ボールヘッド 安定 トラベル三脚 卓上/ビデオカメラ用/デジタル一眼レフカメラ 最高4,SIRUI,SIRUI,家電＆カメラ > カメラ > 三脚・一脚,20535,2,,,16869,はい,2026-02-23以降,9837,13607,標準1,282,中小候補,GO,GO,GO,,,https://www.amazon.co.jp/dp/B0DSYXBZ63,
B,B00DZG3NS2,日東電工 養生用テープ さくら色 50mm×25M 30巻入 No.395N,ニトムズ(Nitoms),日東電工(Nitto),産業・研究開発用品 > 接着・補修 > 粘着テープ,4426,1,,,16320,はい,2026-02-23以降,5547,6907,大型,282,中小候補,GO,GO,見送り,FBA大型サイズ / 新品オファー数1,,https://www.amazon.co.jp/dp/B00DZG3NS2,
B,B00FOP0G1O,TOTO 着脱トラップ パステルアイボリー HA307CST#SC1,TOTO,TOTO,DIY・工具・ガーデン > 配管・排水用備品 > 排水用備品,21866,3,,,8650,はい,2026-02-23以降,4950,6126,標準1,282,中小候補,GO,GO,GO,,,https://www.amazon.co.jp/dp/B00FOP0G1O,
B,B0BWYYXD6W,HyoLebi ダイハツ 新型 アトレー ハイゼットカーゴ S700V S710V 令和3年12月～現行に対応リア バンパー プロテクター バンパーステップガー,HyoLebi,HyoLebi,車＆バイク > カーパーツ > 外装・エアロパーツ,17972,2,,,8300,はい,2026-02-23以降,5005,6197,大型,282,中小候補,GO,GO,見送り,FBA大型サイズ,,https://www.amazon.co.jp/dp/B0BWYYXD6W,
B,B0CZP7Y1PD,ヒツジのいらない枕 フリースタイル 枕カバー付き 枕 低め 洗える タオル枕 低め枕 快眠枕 ギフト 誕生日 プレゼント,ヒツジのいらない枕,ヒツジのいらない枕,ホーム＆キッチン > 寝具 > 枕・抱き枕,18449,2,,,14800,はい,2026-02-23以降,7763,9739,標準2,332,中小候補,GO,GO,GO,,,https://www.amazon.co.jp/dp/B0CZP7Y1PD,
B,B0FNFZRC28,[Paul & Joe] [ポールアンドジョーアクセソワ] リュック PJA-B1327 カジュアル・プレートメタル ブラック FREE,PAUL & JOE,,ファッション > バッグ・スーツケース > リュック・バックパック,89494,5,,,9350,はい,2026-02-23以降,5734,7151,不明,282,中小候補,NG,GO,見送り,回転不足(消化月数>3),,https://www.amazon.co.jp/dp/B0FNFZRC28,
B,B0DLP9865G,プリペイドSIM 日本 SMS認証可能 受信OK 楽天モバイル 7GB/月 データ専用 初回通信月から最大13カ月(1年)有効 5G/4G-LTE対応 au回線,TORA,TORA,家電＆カメラ > 携帯電話・スマートフォン > SIMカード,22414,2,,,9680,はい,2026-02-23以降,6110,8433,標準(小型),182,中小候補,GO,GO,GO,,,https://www.amazon.co.jp/dp/B0DLP9865G,
B,B09P52WJ5D,Visame フロアライト アーチ型 フロアランプ アーチ 北欧 リモコン付き 調光 調色 フロアスタンド 大理石 アーチ照明 モダン ルームライト 寝室 リビ,Visame,Visame,ホーム＆キッチン > 家電 > 照明,31827,2,,,16280,はい,2026-02-23以降,10105,12867,大型,282,中小候補,GO,GO,見送り,FBA大型サイズ,,https://www.amazon.co.jp/dp/B09P52WJ5D,
B,B09R91QZ8J,Hanye SSD 512GB 内蔵 SATA M.2 2280 SATA III 6.0Gb/s M200 メーカー3年保証 国内サポート,Hanye,Hanye,パソコン・周辺機器 > PCパーツ > 内蔵SSD,21500,2,,,11721,はい,2026-02-23以降,7436,10311,標準(小型),182,中小候補,GO,GO,GO,,,https://www.amazon.co.jp/dp/B09R91QZ8J,
B,B0DQCCX3GW,弘益 TITTO-FH ハイチェア (フォールディング ハイスツール おしゃれ カウンター チェア 折りたたみ おりたたみ 台所 パイプ いす クッション 座面,弘益,株式会社弘益,ホーム＆キッチン > 家具 > リビングルーム家具,23819,3,,,8960,はい,2026-02-23以降,5360,6662,不明,282,中小候補,GO,GO,GO,,,https://www.amazon.co.jp/dp/B0DQCCX3GW,
B,B0002D0A6Y,バンドーレン コントラバスクラリネットリード トラディショナル硬さ:2 (5枚入),バンドーレン(VANDOREN),バンドーレン(VANDOREN),楽器・音響機器 > 管・吹奏楽器 > 管・吹奏楽器アクセサリ,8520,2,,,10230,はい,2026-02-23以降,4992,6294,標準(小型),182,中小候補,GO,GO,GO,,,https://www.amazon.co.jp/dp/B0002D0A6Y,
B,B0BXB97C4V,バンプレスト BLEACH Relax time 四楓院夜一,バンプレスト,バンプレスト,ホビー > フィギュア・コレクタードール,50802,6,,,8400,はい,2026-02-23以降,3618,4384,標準1,282,中小候補,NG,GO,見送り,回転不足(消化月数>3),,https://www.amazon.co.jp/dp/B0BXB97C4V,
B,B08PYXJ4GS,Ohuhu マーカーペン 筆タイプ 216色217本 プロ愛用 パステル イラストマーカー 筆・太字 アルコール系 ブレンダーペン1本付き Honolulu シ,Ohuhu,Ohuhu,文房具・オフィス用品 > 筆記具 > マーカー・蛍光ペン,63637,2,,,12735,はい,2026-02-23以降,7945,9978,標準2,332,中小候補,GO,GO,GO,,,https://www.amazon.co.jp/dp/B08PYXJ4GS,
B,B0FS14MR57,NEEWER BASICS L220 10.8インチ デスクLEDライト 2個 15W バイカラー エッジ発光 フルスクリーンリングライト,NEEWER,NEEWER,家電＆カメラ > カメラ > スタジオ撮影機材,31875,2,,,10999,はい,2026-02-23以降,5468,7364,標準2,332,中小候補,GO,GO,GO,,,https://www.amazon.co.jp/dp/B0FS14MR57,
B,B0FCWPHP9G,防災リュック 【防災士推奨・64点セットグッズ】 2人用 避難リュック ボウサイセット 寝袋 エアピロー 非常袋 簡易トイレ 給水袋 保存水 ウォーターバッグ ,Iseton,Iseton,DIY・工具・ガーデン > 安全・セキュリティ > 非常用品・備品,21345,2,,,16300,はい,2026-02-23以降,10313,13139,大型,282,中小候補,GO,GO,見送り,FBA大型サイズ,,https://www.amazon.co.jp/dp/B0FCWPHP9G,
B,B0B4K9FYGF,WEIMALL 草刈り機 エンジン式 エンジン草刈機 エンジン刈払機 25cc 草刈機 両手ハンドル 肩掛式 ナイロンカッター・金属刃付属 （通常セット＋36枚,ウェイモール (WEIMALL),WEIMALL,DIY・工具・ガーデン > ガーデン > 農業・園芸用機器,27575,2,,,13550,いいえ,繰越(境界後の記録なし),8525,10801,不明,282,中小候補,GO,GO,GO,,,https://www.amazon.co.jp/dp/B0B4K9FYGF,
B,B07L97LPZY,I-O DATA USB 3.1 Gen 1/2.0対応 ポータブルハードディスク 「カクうす Lite」 ホワイト 2TB HDPH-UT2DWR,アイオーデータ,アイオーデータ,パソコン・周辺機器 > 外付けドライブ・ストレージ > 外付ハードディスクドライブ,8347,6,,,19480,はい,2026-02-23以降,8038,11060,標準1,282,中小候補,NG,GO,見送り,回転不足(消化月数>3),,https://www.amazon.co.jp/dp/B07L97LPZY,
B,B0086SQARA,PROJECT X ZONE (初回生産版:『早期購入限定スペシャル仕様』同梱),Bandai Namco,バンダイナムコエンターテインメント,ゲーム > 機種別 > レガシーシステム,9396,3,,,8118,はい,2026-02-23以降,5094,6428,標準(小型),182,大手/海外疑い,GO,GO,GO,,,https://www.amazon.co.jp/dp/B0086SQARA,
B,B0FLD6CNK8,[PGYTECH] カメラストラップ プロ ショルダーストラップ 軽量 通気性 疲労軽減 ロックシステム 簡単取り付け シングルショルダー (ミッドナイトブラッ,PGYTECH,PGYTECH,家電＆カメラ > カメラ > アクセサリ,25545,4,,,9680,はい,2026-02-23以降,5379,7297,標準1,282,中小候補,NG,GO,見送り,回転不足(消化月数>3),,https://www.amazon.co.jp/dp/B0FLD6CNK8,
B,B08SWWVZ39,CHKOSDA デジタル壁掛け時計 自動調光機能付き特大LEDデジタル時計 リモコン付き巨大なカウントダウンタイマー 27インチ幅LEDディスプレイ 6桁 壁掛,CHKOSDA,"Chihai Electronic Co.,Ltd",ホーム＆キッチン > インテリア > 置き時計・掛け時計,36815,3,,,19910,はい,2026-02-23以降,11951,15281,大型,282,中小候補,GO,GO,見送り,FBA大型サイズ,,https://www.amazon.co.jp/dp/B08SWWVZ39,
B,B0DSVL8Q9V,"VILTROX AF 28mm F4.5 XF 超薄型 レンズ 富士フイルム Xマウント,28mm f/4.5 Xマウント用 レンズ オートフォーカス レンズ ",VILTROX,"Shenzhen Jueying Technology Co., Ltd.",家電＆カメラ > カメラ > 交換レンズ,13893,2,,,19800,はい,2026-02-23以降,9821,13686,標準(小型),182,中小候補,GO,GO,GO,,,https://www.amazon.co.jp/dp/B0DSVL8Q9V,
B,B0FVDWN55W,ARES WING モニターアーム シングル 17-49インチ 耐荷重20kg ディスプレイアームガススプリング クランプ式 ホワイト,ARES WING,ARES WING,パソコン・周辺機器 > PCアクセサリ・サプライ > モニターアクセサリ,39937,2,,,9999,はい,2026-02-23以降,4867,6513,標準2,332,中小候補,GO,GO,GO,,,https://www.amazon.co.jp/dp/B0FVDWN55W,
B,B097BKZW5J,[ミステリーランチ] ビンドル２０ 19761441 ブラック,MYSTERY RANCH(ミステリーランチ),MYSTERY RANCH(ミステリーランチ),ホーム＆キッチン > キッチン用品 > 弁当箱・水筒,43950,5,,,13750,はい,2026-02-23以降,6094,7622,大型,282,中小候補,NG,GO,見送り,FBA大型サイズ / 回転不足(消化月数>3),,https://www.amazon.co.jp/dp/B097BKZW5J,
B,B0GH75J2Q3,ルームランナー 家庭用 電動 静音 ウォーキングマシン ハンドル付き 折りたたみ式 傾斜調整 耐重150kg ブラック,アルファシート,アルファシート,スポーツ＆アウトドア > フィットネス・トレーニング > フィットネスマシン,11854,2,,,17081,はい,2026-02-23以降,10820,13802,大型,282,中小候補,GO,GO,見送り,FBA大型サイズ,,https://www.amazon.co.jp/dp/B0GH75J2Q3,
B,B0CPWCZG8F,2本セット PIRELLI(ピレリ) P ZERO RACE クリンチャータイヤ WO (700x28c) [並行輸入品],PIRELLI(ピレリ),PIRELLI(ピレリ),スポーツ＆アウトドア > 自転車 > 自転車パーツ,28929,3,,,18200,はい,2026-02-23以降,11353,14499,標準1,282,中小候補,GO,GO,GO,,,https://www.amazon.co.jp/dp/B0CPWCZG8F,
B,B0C7FQHHS4,SUPERDELUXE GAMES 怒首領蜂大復活(ドドンパチダイフッカツ) -Switch,SUPERDELUXE GAMES,SUPERDELUXE GAMES,ゲーム > 機種別 > Nintendo Switch,7852,4,,,9270,はい,2026-02-23以降,4255,5217,標準1,282,中小候補,NG,GO,見送り,回転不足(消化月数>3),,https://www.amazon.co.jp/dp/B0C7FQHHS4,
B,B0G12LSGN2,水月雨 MOONDROP 蘭Ⅱ - LAN 2 POP カナル型 イヤホン 有線 HiFiイヤホン リケーブル対応 3.5/4.4mm着脱式プラグ,Moondrop,Moondrop,家電＆カメラ > イヤホン・ヘッドホン > イヤホン・ヘッドホン本体,11532,2,,,8550,はい,2026-02-23以降,4489,6140,標準(小型),182,中小候補,GO,GO,GO,,,https://www.amazon.co.jp/dp/B0G12LSGN2,
B,B0G115MYXJ,水月雨 MOONDROP 蘭Ⅱ - LAN 2 REF カナル型 イヤホン 有線 HiFiイヤホン リケーブル対応 3.5/4.4mm着脱式プラグ,Moondrop,Moondrop,家電＆カメラ > イヤホン・ヘッドホン > イヤホン・ヘッドホン本体,11532,2,,,8550,はい,2026-02-23以降,4489,6140,標準(小型),182,中小候補,GO,GO,GO,,,https://www.amazon.co.jp/dp/B0G115MYXJ,
B,B0FVSFNPFN,JYX PartyBoxワイヤレスマイク、デュアルUHFハンドヘルドダイナミックマイク、レシーバー付き、6.35mm(1/4インチ)出力、3.5mm(1/8イン,JYX,JYX,楽器・音響機器 > マイク > ワイヤレス,14481,2,,,19065,はい,2026-02-23以降,11965,15300,標準1,282,中小候補,GO,GO,GO,,,https://www.amazon.co.jp/dp/B0FVSFNPFN,
B,B0DK2YWWDJ,myFirst Camera 50 キッズカメラ 子供用デジタルカメラ AI編集搭載 スマホ型 (パープル),myFirst,myFirst,おもちゃ > 電子玩具・キッズ家電 > デジタルカメラ,14779,3,,,15800,はい,2026-02-23以降,8961,11371,標準1,282,中小候補,GO,GO,GO,,,https://www.amazon.co.jp/dp/B0DK2YWWDJ,
B,B0GFWDHFX6,【ワンタッチ折り畳み&中·小型犬専用&最新自立型】ペットカート分離型 取り外し可能 猫 犬用バギー いぬ用 4輪PU素材 前輪360°回転(カーキ),MUNDUS,MUNDUS,ペット用品 > 犬 > おでかけ用品,19595,2,,,13980,はい,2026-02-23以降,7732,9764,大型,282,中小候補,GO,GO,見送り,FBA大型サイズ,,https://www.amazon.co.jp/dp/B0GFWDHFX6,
B,B0DTN9BVZX,ケンコー デジタルカメラ KC-AF11 &microSDカード&ポーチ（計3点セット） (グリーン),ノーブランド品,ノーブランド品,家電＆カメラ > カメラ > デジタルカメラ,23641,2,,,8500,はい,2026-02-23以降,5113,6920,標準1,282,中小候補,GO,GO,GO,,,https://www.amazon.co.jp/dp/B0DTN9BVZX,
B,B0FSC5Y14P,AVISTA ゲーミングモニター 24インチ 液晶 FHD Fast IPSパネル 300Hz 1ms（HDMI×2/DisplayPort×2/VESA対応/,AVISTA,ドウシシャ,パソコン・周辺機器 > ディスプレイ,12037,2,,,12500,はい,2026-02-23以降,7843,10784,大型,282,中小候補,GO,GO,見送り,FBA大型サイズ,,https://www.amazon.co.jp/dp/B0FSC5Y14P,
B,B0CT7ZDVWD,メタルラック スチールラック オープンシェルフ 8段 耐荷重 高さ調節可 大容量 多機能ラック 分離型ラック 幅60*奥行34*高さ182cm ブラック,Kanouhope,Kanouhope,ホーム＆キッチン > 家具 > 収納家具,70638,2,,,9999,はい,2026-02-23以降,5957,7443,大型,282,中小候補,GO,GO,見送り,FBA大型サイズ,,https://www.amazon.co.jp/dp/B0CT7ZDVWD,
B,B00YTIPPV8,[セイコーウオッチ]SEIKO SELECTION SBPN071 メンズ腕時計 ソーラー充電式 日付カレンダー搭載 文字盤ブルー ステンレススチール,SEIKO SELECTION(セイコー セレクション),SEIKO WATCH(セイコーウオッチ),ファッション > メンズ > 腕時計,37251,5,,,18480,はい,2026-02-23以降,10588,13612,標準(小型),182,大手/海外疑い,NG,GO,見送り,回転不足(消化月数>3),,https://www.amazon.co.jp/dp/B00YTIPPV8,
B,B01N4SMHJA,トライアングル(TRIANGLE) サマータイヤ TR645 195/80R15 107/105Q TR645,トライアングル(TRIANGLE),トライアングル(TRIANGLE),車＆バイク > カータイヤ・ホイール > タイヤ,8133,2,,,8630,はい,2026-02-23以降,5064,6276,大型,282,中小候補,GO,GO,見送り,FBA大型サイズ,,https://www.amazon.co.jp/dp/B01N4SMHJA,
B,B08632V8N7,スタンレー(Stanley) クラシック 真空ボトル 1.9L グリーン Legendary Classic Bottle 10-07934-003 [並行輸入,STANLEY(スタンレー),STANLEY,ホーム＆キッチン > キッチン用品 > 弁当箱・水筒,60636,2,,,10500,はい,2026-02-23以降,6038,7484,標準2,332,中小候補,GO,GO,GO,,,https://www.amazon.co.jp/dp/B08632V8N7,
B,B0DW7R3WQX,[ベルメゾン] マットレス 高反発 幅が選べる セミシングルサイズ 小さな 折りたたみマットレス 約90×200,BELLE MAISON(ベルメゾン),ベルメゾン,ホーム＆キッチン > 寝具 > 折りたたみマットレス,38307,2,,,9990,はい,2026-02-23以降,5562,6926,大型,282,中小候補,GO,GO,見送り,FBA大型サイズ,,https://www.amazon.co.jp/dp/B0DW7R3WQX,
B,B0000C9DIF,パナソニック フィルター付換気扇(25cm) FY-25TH1,パナソニック(Panasonic),パナソニック,DIY・工具・ガーデン > 住宅用設備・製品 > 換気扇,33458,4,,,16980,はい,2026-02-23以降,9988,12714,大型,282,大手/海外疑い,NG,GO,見送り,FBA大型サイズ / 回転不足(消化月数>3),,https://www.amazon.co.jp/dp/B0000C9DIF,
B,B07VKSYNPX,SOUNDCRAFT (サウンドクラフト) Notepad-8FX コンパクトアナログミキサー USBオーディオインターフェース搭載 【国内正規品】,Soundcraft,Soundcraft,楽器・音響機器 > PA音響機器 > ミキサー,9257,5,,,19592,はい,2026-02-23以降,11207,14244,標準2,332,中小候補,NG,GO,見送り,回転不足(消化月数>3),,https://www.amazon.co.jp/dp/B07VKSYNPX,
B,B0FT7Z641B,recolte レコルト スマートケトルスリム 海外対応 電気ケトル 温度設定 保温機能 軽量 タンブラー型 持ち運び便利 オフィス 旅行 出張 ホワイト RE,récolte,ウィナーズ株式会社,ホーム＆キッチン > 家電 > キッチン家電,46731,4,,,8800,はい,2026-02-23以降,4866,6016,標準1,282,中小候補,NG,GO,見送り,回転不足(消化月数>3),,https://www.amazon.co.jp/dp/B0FT7Z641B,
B,B0F78MH8PD,クラフトワークス ノア ヴォクシー 90系 95系 アームレスト コンソールボックス コンソール ボックス センターコンソール 肘置き ひじおき 純正,CRAFT WORKS,CRAFT WORKS,車＆バイク > カーアクセサリ > 収納・ホルダー,11882,2,,,12800,はい,2026-02-23以降,7143,8929,標準2,332,中小候補,GO,GO,GO,,,https://www.amazon.co.jp/dp/B0F78MH8PD,
B,4083090111,クッキング基本大百科,集英社,集英社,本 > ジャンル別 > 暮らし・健康・子育て,188981,2,,,10600,はい,2026-02-23以降,6395,7951,標準2,332,中小候補,GO,GO,GO,,,https://www.amazon.co.jp/dp/4083090111,
B,B09F2Y2S7L,【公式】 Russell Hobbs ラッセルホブス ミニスチーマー 7910JP 3ヶ月延長保証 蒸し器 フードスチーマー 蒸し料理 簡単 ゆで卵 エッグトレ,ラッセルホブス(Russell Hobbs),RUSSELL HOBBS,ホーム＆キッチン > キッチン用品 > 鍋・フライパン,76096,2,,,10300,はい,2026-02-23以降,6413,8039,大型,282,中小候補,GO,GO,見送り,FBA大型サイズ,,https://www.amazon.co.jp/dp/B09F2Y2S7L,
B,B0DYDTPZBV,アイリスオーヤマ 収納付きファブリックキャットタワー SFC-157 ホワイト,アイリスオーヤマ(IRIS OHYAMA),アイリスオーヤマ(IRIS OHYAMA),ペット用品 > 猫 > キャットタワー・ベッド・マット,21299,3,,,8780,はい,2026-02-23以降,4195,5139,大型,282,大手/海外疑い,GO,GO,見送り,FBA大型サイズ,,https://www.amazon.co.jp/dp/B0DYDTPZBV,
B,B0CKF2BTRF,コロンバスサークル (DC用)HDMIコンバーター V2 - ドリームキャスト用周辺機器,コロンバスサークル,コロンバスサークル,ゲーム > 機種別 > レガシーシステム,3706,2,,,9480,はい,2026-02-23以降,5980,7586,標準(小型),182,中小候補,GO,GO,GO,,,https://www.amazon.co.jp/dp/B0CKF2BTRF,
B,B07ZVT7S76,シャープ 電話機 コードレス 振り込め詐欺対策機能搭載 JD-AT95C,シャープ(SHARP),シャープ(SHARP),家電＆カメラ > 電話機・FAX > 電話機本体,70294,2,,,19000,はい,2026-02-23以降,10638,14740,標準1,282,大手/海外疑い,GO,GO,GO,,,https://www.amazon.co.jp/dp/B07ZVT7S76,
B,B0CW8TV1X8,Fotopro カメラ 縦置き ブラケット 三脚架 マウント リング レンズ マウント 1/4 回転式 コラー マウント プレート DSLR SLR 向け アル,Fotopro,Fotopro,家電＆カメラ > カメラ > アクセサリ,23827,2,,,8900,はい,2026-02-23以降,3943,5264,標準1,282,中小候補,GO,GO,GO,,,https://www.amazon.co.jp/dp/B0CW8TV1X8,
B,B0C3G71BT8,アイリスオーヤマ 高速起動ラミネーター 名刺サイズ~A3対応 立ち上げ時間35秒 4本ローラー 対応フィルム 厚さ75μm~150μm ラミネーター 高速 フッ,アイリスオーヤマ(IRIS OHYAMA),アイリスオーヤマ,文房具・オフィス用品 > オフィス機器 > ラミネーター,5326,3,,,19800,はい,2026-02-23以降,12588,16114,大型,282,大手/海外疑い,NG,GO,見送り,FBA大型サイズ / 回転不足(消化月数>3),,https://www.amazon.co.jp/dp/B0C3G71BT8,
B,B0FGCVHY6Y,[シーダブリューエックス/ワコール] メンズ スポーツタイツ 下半身サポート(股関節・腰・おしり・ふともも) HZO775 BL L,CW-X(シーダブリューエックス/ワコール),シーダブリュー・エックス,ファッション > メンズ > 服＆ファッション小物,30564,2,,,13192,はい,2026-02-23以降,7250,9246,標準(小型),182,中小候補,GO,GO,GO,,,https://www.amazon.co.jp/dp/B0FGCVHY6Y,
B,B0FY58C5D9,【VGP 2026 金賞】ROSE TECHNICS DISTANT MOUNTAIN 10th Anniversary Edition 遠山 ディスタントマウ,ROSE TECHNICS,ROSE TECHNICS,家電＆カメラ > イヤホン・ヘッドホン > イヤホン・ヘッドホン本体,21860,2,,,15120,はい,2026-02-23以降,9447,13055,標準1,282,中小候補,GO,GO,GO,,,https://www.amazon.co.jp/dp/B0FY58C5D9,
B,B0D93KVMCB,【Windows】三國志8 REMAKE TREASURE BOX,KT,コーエーテクモゲームス,PCソフト > ジャンル別 > PCゲーム,1054,2,,,11500,はい,2026-02-23以降,7193,9059,標準1,282,中小候補,GO,GO,GO,,,https://www.amazon.co.jp/dp/B0D93KVMCB,
B,B0CXSWRCP1,[PLATA] 保冷バッグ クーラーバッグ ソフト 大容量 130L 業務用 折りたたみ 大型 組み立て式 シルバー [ 保冷剤 ハードタイプ 4個付き ],PLATA,PLATA,スポーツ＆アウトドア > アウトドア > クーラーボックス,35866,2,,,13110,はい,2026-02-23以降,8239,10427,大型,282,中小候補,GO,GO,見送り,FBA大型サイズ,,https://www.amazon.co.jp/dp/B0CXSWRCP1,
B,B0FBJKW5ZP,HOKEEPER ハンガーラック 200kg耐荷重 洋服掛け キャスター付き 伸縮ポール&収納ネット 室内物干し 165x57x168cm 軽量設計 3インチ静,Hokeeper,HOKEEPER,ホーム＆キッチン > 家具 > 収納家具,14170,2,,,11280,はい,2026-02-23以降,5945,7427,大型,282,中小候補,GO,GO,見送り,FBA大型サイズ,,https://www.amazon.co.jp/dp/B0FBJKW5ZP,
B,B0CN2W43SP,2本セット PIRELLI(ピレリ) P ZERO RACE クリンチャータイヤ WO (700x26c) [並行輸入品],PIRELLI(ピレリ),PIRELLI(ピレリ),スポーツ＆アウトドア > 自転車 > 自転車パーツ,29754,3,,,16137,はい,2026-02-23以降,8753,11099,標準1,282,中小候補,GO,GO,GO,,,https://www.amazon.co.jp/dp/B0CN2W43SP,
B,4416723229,1級造園施工管理技術検定 第1次検定・第2次検定 2024-2025年版 (図解でよくわかる),誠文堂新光社,誠文堂新光社,本 > ジャンル別 > 科学・テクノロジー,294992,3,,,8660,はい,2026-02-23以降,2578,3024,標準1,282,中小候補,GO,GO,GO,,,https://www.amazon.co.jp/dp/4416723229,
B,B00F5VG4JK,太鼓の達人 Wii Uば~じょん! 「太鼓とバチ」同梱版 - Wii U,Bandai Namco,バンダイナムコゲームス,ゲーム > 機種別 > レガシーシステム,7257,2,,,8480,いいえ,繰越(境界後の記録なし),5180,6362,標準2,332,大手/海外疑い,GO,GO,GO,,,https://www.amazon.co.jp/dp/B00F5VG4JK,
B,B001SN7V82,D'Addario WoodWinds ダダリオ リガチャー&キャップ アルトサックス用 H-Ligature HAS1G ゴールドプレート 【国内正規品】,D'Addario(ダダリオ),D'Addario(ダダリオ),楽器・音響機器 > 管・吹奏楽器 > 管・吹奏楽器アクセサリ,14536,2,,,13750,はい,2026-02-23以降,5577,7059,標準(小型),182,中小候補,GO,GO,GO,,,https://www.amazon.co.jp/dp/B001SN7V82,
B,B088ST1HCN,CloudGPS 車両追跡用 大容量GPS発信器 【plan-LH1】ProLite版 30日使い放題,CloudGPS,CloudGPS,車＆バイク > カーセキュリティ > GPSトラッカー,26855,2,,,16000,はい,2026-02-23以降,10118,12884,不明,282,中小候補,GO,GO,GO,,,https://www.amazon.co.jp/dp/B088ST1HCN,
B,B09CP7JDGT,LPHS-1025E,山善(YAMAZEN),山善(YAMAZEN),DIY・工具・ガーデン > ガーデン > 農業・園芸用機器,24340,2,,,13900,はい,2026-02-23以降,6088,7614,大型,282,大手/海外疑い,GO,GO,見送り,FBA大型サイズ,,https://www.amazon.co.jp/dp/B09CP7JDGT,
B,B09NS8PKPX,JVCケンウッド/KENWOOD 特定小電力トランシーバー UBZ-M31E-Y イエロー,JVCケンウッド,JVCケンウッド,家電＆カメラ > 無線・トランシーバー > 特定小電力トランシーバー,15532,7,,,13250,はい,2026-02-23以降,7511,10417,標準(小型),182,中小候補,NG,GO,見送り,新品オファー数7 / 回転不足(消化月数>3),,https://www.amazon.co.jp/dp/B09NS8PKPX,
B,B0DT6X711G,YUZSU 電動テープカッター 電動 オート テープカッター 自動カルーセル、テープ幅6-60mm、長さ5-999mm 透明テープ/両面テープ、手動＆自動粘着カ,YUZSU,YUZSU,文房具・オフィス用品 > 事務用品 > テープ・結束具,5971,2,,,10980,はい,2026-02-23以降,6155,7637,標準2,332,中小候補,GO,GO,GO,,,https://www.amazon.co.jp/dp/B0DT6X711G,
B,B0CQPFYVBK,[E-FIT] オーバーサングラス レディース 眼鏡の上から UV400 超軽量 イーフィット EF-OS61,E-FIT,株式会社トライ・アングル,ファッション > レディース > 服＆ファッション小物,24950,2,,,13200,はい,2026-02-23以降,4888,6158,標準(小型),182,中小候補,GO,GO,GO,,,https://www.amazon.co.jp/dp/B0CQPFYVBK,
B,B0BJPWX4DD,デジモンワールド -next 0rder- INTERNATIONAL EDITION -Switch 【Amazon.co.jp限定】オリジナル壁紙 ※有効期,Bandai Namco,バンダイナムコエンターテインメント,ゲーム > 機種別 > Nintendo Switch,9701,2,,,8500,はい,2026-02-23以降,5287,6680,標準(小型),182,大手/海外疑い,GO,GO,GO,,,https://www.amazon.co.jp/dp/B0BJPWX4DD,
B,B01BBMCMEW,セラミックバン 84粒入り (5),セラミックバン,中谷産業株式会社,スポーツ＆アウトドア > スポーツケア・アクセサリ・競技備品 > スポーツケア用品,53178,2,,,12800,はい,2026-02-23以降,7871,9946,標準1,282,中小候補,GO,GO,GO,,,https://www.amazon.co.jp/dp/B01BBMCMEW,
B,B0DH87D8VP,ゴミ箱 屋外 大型 大容量 ゴミステ-ション 大きい ガラス除け 荒らし防止 ダストボックス 分別箱 多用途 組立簡単 ゴミ収納庫 安定性 耐久 庭園用 (15,minesto,ミネスト,DIY・工具・ガーデン > エクステリア > 屋外ゴミ収納庫,9536,2,,,12700,はい,2026-02-23以降,7147,8999,不明,282,中小候補,GO,GO,GO,,,https://www.amazon.co.jp/dp/B0DH87D8VP,
B,B0B933CN5K,RARE count ごみステーション ごみ箱 スチール 屋外 ふた付き ごみ荒らし防止 カラスや野良猫からごみを守る ホワイト ごみ収集ボックス ごみ保管庫 ,RARE count,RARE count,ホーム＆キッチン > ゴミ箱・ゴミ入れ > 屋外用ゴミ箱,35505,2,,,17600,はい,2026-02-23以降,9955,12671,大型,282,中小候補,GO,GO,見送り,FBA大型サイズ,,https://www.amazon.co.jp/dp/B0B933CN5K,
B,B0BHKR9BT1,ツインバード コードレス掃除機 紙パック式 自走式 ハンディクリーナー ゴミセンサー搭載 2WAY 軽量 スティック 【紙パック約1年分付属】ブラック TC-E,TWINBIRD(ツインバード),ツインバード(TWINBIRD),ホーム＆キッチン > 家電 > 生活家電,50363,6,,,16980,はい,2026-02-23以降,9338,11864,大型,282,中小候補,NG,GO,見送り,FBA大型サイズ / 回転不足(消化月数>3),,https://www.amazon.co.jp/dp/B0BHKR9BT1,
B,B0DNBF7LP8,ag WHP01K MK2 aptX HD対応 Bluetooth ANCイズキャンセリング機能 ワイヤレスヘッドホン 35時間再生 マイク付き Deep Na,ファイナル(final),final Inc.,楽器・音響機器 > DTM・DAW > ヘッドホン・インイヤーモニター,10321,2,,,8980,はい,2026-02-23以降,4971,6153,標準1,282,中小候補,GO,GO,GO,,,https://www.amazon.co.jp/dp/B0DNBF7LP8,
B,B07PTYR2J9,"sotto Cherin mini そっと, 暮らしに寄り沿う仏具 チェリンミニ おりん (黒)",sotto,瀬尾製作所株式会社,ホーム＆キッチン > 仏具・神具 > りん,87596,2,,,8700,はい,2026-02-23以降,5223,6596,標準(小型),182,中小候補,GO,GO,GO,,,https://www.amazon.co.jp/dp/B07PTYR2J9,
B,B0CZT1VB4B,ピーコック 電気ポット 4.0L 省エネ 節約 湯沸かし 再沸騰 カルキとばし機能付き 湯沸かしポット ライトグレー WMS-40 HL,Peacock,ピーコック魔法瓶工業株式会社,ホーム＆キッチン > 家電 > キッチン家電,68613,4,,,8280,はい,2026-02-23以降,4866,6016,大型,282,中小候補,NG,GO,見送り,FBA大型サイズ / 回転不足(消化月数>3),,https://www.amazon.co.jp/dp/B0CZT1VB4B,
B,B00FOP0MQ8,TOTO 着脱トラップ パステルピンク HA307CST#SR2,TOTO,TOTO,DIY・工具・ガーデン > 配管・排水用備品 > 排水用備品,21866,3,,,8760,はい,2026-02-23以降,4950,6126,標準1,282,中小候補,GO,GO,GO,,,https://www.amazon.co.jp/dp/B00FOP0MQ8,
B,B0F49YJ996,Hilander(ハイランダー) ハイランドクーラーボックス 25L クーラーBOX ハード ダークグレー 保冷 キャンプ BBQ 釣り レジャー 頑丈 座れる,Hilander(ハイランダー),Hilander(ハイランダー),スポーツ＆アウトドア > アウトドア > クーラーボックス,27789,2,,,10780,はい,2026-02-23以降,6374,7988,大型,282,中小候補,GO,GO,見送り,FBA大型サイズ,,https://www.amazon.co.jp/dp/B0F49YJ996,
B,B08BFQR9GF,中村銅器製作所 銅玉子焼鍋 18cm 角 玉子焼き フライパン 卵焼き器 卵焼きフライパン銅製 日本製,中村銅器製作所,中村銅器製作所,ホーム＆キッチン > キッチン用品 > 鍋・フライパン,31392,2,,,9900,はい,2026-02-23以降,6153,7699,標準1,282,中小候補,GO,GO,GO,,,https://www.amazon.co.jp/dp/B08BFQR9GF,
B,B0DSBMQMG8,【 VGP 2026 受賞 】ROSE TECHNICS DISTANT MOUNTAIN 遠山 ディスタントマウンテン 有線 オンイヤー ヘッドホン ポータブ,ROSE TECHNICS,ROSE TECHNICS,家電＆カメラ > イヤホン・ヘッドホン > イヤホン・ヘッドホン本体,21860,3,,,11800,はい,2026-02-23以降,6621,9054,標準1,282,中小候補,GO,GO,GO,,,https://www.amazon.co.jp/dp/B0DSBMQMG8,
B,B013FSJWZC,グローエ(GROHE) メタフレックスシャワーホース1/2 1750mm (樹脂製外装) 2841000J,グローエ(Grohe),GROHE,DIY・工具・ガーデン > 住宅用設備・製品 > キッチン・バス備品,17791,2,,,8888,いいえ,繰越(境界後の記録なし),5495,6838,標準1,282,中小候補,GO,GO,GO,,,https://www.amazon.co.jp/dp/B013FSJWZC,
B,B0104YEVJC,聖闘士星矢 ソルジャーズ・ソウル - PS4,Bandai Namco,バンダイナムコエンターテインメント,ゲーム > 機種別 > プレイステーション4,19503,2,,,12800,はい,2026-02-23以降,6318,8028,標準(小型),182,大手/海外疑い,GO,GO,GO,,,https://www.amazon.co.jp/dp/B0104YEVJC,
B,B0FGX7RBTG,IGT テーブル脚 304ステンレス製 多段階高さ調整 伸縮式 工具不要で簡単取付 アウトドア・キャンプ BBQ用（4本セット） (S(30-45cm)),sunodi,sunodi,スポーツ＆アウトドア > アウトドア > テーブル・チェア・ハンモック,34340,2,,,10300,はい,2026-02-23以降,5225,6421,標準2,332,中小候補,GO,GO,GO,,,https://www.amazon.co.jp/dp/B0FGX7RBTG,
B,B0000AUETU,Grand Theft Auto III【CEROレーティング「Z」】,カプコン(CAPCOM),カプコン,ゲーム > 機種別 > レガシーシステム,5238,3,,,8000,はい,2026-02-23以降,3588,4458,標準(小型),182,中小候補,NG,GO,見送り,回転不足(消化月数>3),,https://www.amazon.co.jp/dp/B0000AUETU,
B,B0DG8Y5CW4,PS5デスク下ホルダー PS5横置きスタンド デスク下 収納 穴あけ不要 プレステ5 マウント PS5周辺機器 省スペース 放熱改善 転倒防止,Semaiki,Semaiki,ゲーム > 機種別 > プレイステーション5,4303,2,,,11817,いいえ,2026-02-23以降,7191,8991,標準2,332,中小候補,GO,GO,GO,,,https://www.amazon.co.jp/dp/B0DG8Y5CW4,
B,B01DETZKRG,金正陶器 マイファースト ミッフィー ベビー食器セット ブルー 406751 離乳期に合わせてお使いいただける食器セット,金正陶器(Kaneshotouki),金正陶器,ベビー＆マタニティ > 授乳・食事 > ベビー食器,7772,5,,,11000,はい,2026-02-23以降,5157,6332,標準2,332,中小候補,NG,GO,見送り,回転不足(消化月数>3),,https://www.amazon.co.jp/dp/B01DETZKRG,
B,B0F4KN4PK9,BEIYALITI 懸垂マシン ぶら下がり健康器 高さ調整14段階 耐荷重200kg 筋トレ器具,BEIYALITI,BEIYALITI,スポーツ＆アウトドア > フィットネス・トレーニング > 筋力トレーニング,39828,2,,,12236,はい,2026-02-23以降,7440,9382,大型,282,中小候補,GO,GO,見送り,FBA大型サイズ,,https://www.amazon.co.jp/dp/B0F4KN4PK9,
B,B0D9M883VF,テバ（Teva） ストラップサンダル ハリケーン テラ ダクトル 1169430-BLK（ブラック/２７．０/Men's）,TEVA(テバ),テバ,ファッション > メンズ > シューズ,70499,2,,,8990,はい,2026-02-23以降,4622,5698,標準1,282,中小候補,GO,GO,GO,,,https://www.amazon.co.jp/dp/B0D9M883VF,
B,B0CWL2LL3P,POWERbreathe パワーブリーズ EX1 呼気筋トレーニング 日本正規品 (緑・初心者～中級者レベル、呼気筋トレーナーを初めてお使いになる方),パワーブリーズ(POWER BREATHE),パワーブリーズ(POWER BREATHE),スポーツ＆アウトドア > フィットネス・トレーニング > 筋力トレーニング,31930,2,,,13420,はい,2026-02-23以降,8453,10821,標準(小型),182,中小候補,GO,GO,GO,,,https://www.amazon.co.jp/dp/B0CWL2LL3P,
B,B0BKG8YFVX,SIRUIカーボンファイバー三脚軽量2ポンド、パノラマビデオ雲台、59.8インチコンパクトカメラ三脚クイックリリースレッグセットアップ、リバーシブルセンターポー,SIRUI,SIRUI,家電＆カメラ > カメラ > 三脚・一脚,36841,2,,,18700,はい,2026-02-23以降,9999,13777,標準2,332,中小候補,GO,GO,GO,,,https://www.amazon.co.jp/dp/B0BKG8YFVX,
B,B0FPFPFCBT,MOMAX ワイヤレススピーカー マグネット式 ミニ 防水スピーカー スマホスタンド ポータブルスピーカー,MOMAX,MOMAX,家電＆カメラ > ポータブルオーディオ > ポータブルスピーカー・ドック,14310,7,,,9551,いいえ,2026-02-23以降,6026,8314,標準(小型),182,中小候補,NG,GO,見送り,新品オファー数7 / 回転不足(消化月数>3),,https://www.amazon.co.jp/dp/B0FPFPFCBT,
B,B0BH8MS29H,シンワ測定(Shinwa Sokutei) 糖度計 屈折式 ０～９０％ 70177,シンワ測定(Shinwa Sokutei),シンワ測定(Shinwa Sokutei),産業・研究開発用品 > 工業用計測器 > 糖度計,34731,4,,,8375,はい,2026-02-23以降,4352,5344,標準1,282,中小候補,NG,GO,見送り,回転不足(消化月数>3),,https://www.amazon.co.jp/dp/B0BH8MS29H,
B,B0GBSLG2Z2,【令和8年新登場】ハンドケア リラクゼーション器 18層エアバッグ 独自開発4D複合揉みコース 加圧&指ストレッチ&温熱 2500mAh大容量,Juliyas,Juliyas,ホーム＆キッチン > 家電 > 健康家電,8573,3,,,11399,はい,2026-02-23以降,7077,8843,標準2,332,中小候補,NG,GO,見送り,回転不足(消化月数>3),,https://www.amazon.co.jp/dp/B0GBSLG2Z2,
B,B0BY22479C,Hanye SSD 1TB 内蔵 SATA M.2 2280 SATA III 6.0Gb/s M200 正規代理店品 メーカー3年保証,Hanye,Hanye,パソコン・周辺機器 > PCパーツ > 内蔵SSD,21485,2,,,19980,はい,2026-02-23以降,12025,16805,標準(小型),182,中小候補,GO,GO,GO,,,https://www.amazon.co.jp/dp/B0BY22479C,
B,B0FNM3BDBB,タカラトミー(TAKARA TOMY) ママサプライズ!,タカラトミー(TAKARA TOMY),タカラトミー(TAKARA TOMY),おもちゃ > ぬいぐるみ > インタラクティブぬいぐるみ,52270,5,,,12500,はい,2026-02-23以降,6413,8039,大型,282,大手/海外疑い,NG,GO,見送り,FBA大型サイズ / 回転不足(消化月数>3),,https://www.amazon.co.jp/dp/B0FNM3BDBB,
B,B09TK4MDKR,山本電気 精米機 MICHIBA ライスクリーナー MB-RC52 ライスストッカー付きセット (ホワイト),ノーブランド品,ノーブランド品,ホーム＆キッチン > 家電 > キッチン家電,83553,2,,,17000,はい,2026-02-23以降,9987,12713,大型,282,中小候補,GO,GO,見送り,FBA大型サイズ,,https://www.amazon.co.jp/dp/B09TK4MDKR,
B,B00IX8EI7C,パナソニック(Panasonic) 漏電ブレーカ BJW-30型 3P3E OC付 20A 30mA BJW3203,パナソニック(Panasonic),パナソニック(Panasonic),DIY・工具・ガーデン > 電設 > ブレーカー・ブレーカーボックス,60868,4,,,13780,はい,2026-02-23以降,5503,6849,標準1,282,大手/海外疑い,NG,GO,見送り,回転不足(消化月数>3),,https://www.amazon.co.jp/dp/B00IX8EI7C,
B,B086T7CBQ9,【国内正規輸入品】キッチンエイド 9段階変速 1台４役・収納バック付 ハンドミキサー シャイニーブラック,KitchenAid,Kitchen Aid,ホーム＆キッチン > 家電 > キッチン家電,115591,6,,,12800,はい,2026-02-23以降,6948,8674,標準2,332,中小候補,NG,GO,見送り,回転不足(消化月数>3),,https://www.amazon.co.jp/dp/B086T7CBQ9,
B,B0823GG9HW,NEWTRY ダイヤフラム水ポンプ 給水 排水ポンプ 家庭用水ポンプ 12.5L/min 揚程25m 35Psi 圧力スイッチ 自吸式 液体充填、キャンピングカ,NEWTRY,GYX-14,DIY・工具・ガーデン > 電動工具・エア工具 > 給水・排水ポンプ,17943,2,,,13900,いいえ,繰越(境界後の記録なし),8703,10969,標準2,332,中小候補,GO,GO,GO,,,https://www.amazon.co.jp/dp/B0823GG9HW,
B,B0GMH76GW7,Columbia コロンビア リュック 25L LBフローレス オムニシールド 撥水 学生 高校生 中学生 スクールバッグ お弁当入れ LB Flawless ,Columbia(コロンビア),,ファッション > バッグ・スーツケース > リュック・バックパック,184977,3,,,12277,はい,2026-02-23以降,7503,9465,大型,282,中小候補,NG,GO,見送り,FBA大型サイズ / 回転不足(消化月数>3),,https://www.amazon.co.jp/dp/B0GMH76GW7,
B,B00BOHWQIM,【KAKUICHI MaxfloSD】50mm (50mmx50m),KAKUICHI,カクイチ(Kakuichi),DIY・工具・ガーデン > 配管・排水用備品 > 配管用部品,50456,4,,,9772,はい,2026-02-23以降,5756,7180,大型,282,中小候補,NG,GO,見送り,FBA大型サイズ / 回転不足(消化月数>3),,https://www.amazon.co.jp/dp/B00BOHWQIM,
B,B0CZT4RRGG,ピーコック 電気ポット 2.2L 省エネ 節約 湯沸かし 再沸騰 カルキとばし機能付き 湯沸かしポット ライトグレー WMS-22 HL,Peacock,ピーコック魔法瓶工業株式会社,ホーム＆キッチン > 家電 > キッチン家電,68613,3,,,8240,はい,2026-02-23以降,4255,5217,大型,282,中小候補,NG,GO,見送り,FBA大型サイズ / 回転不足(消化月数>3),,https://www.amazon.co.jp/dp/B0CZT4RRGG,
B,B0C1721PBY,おり釣具 洗練された本格万能 船竿 シーマスタッグ EXソリッド船200（ori-ex200） (錘負荷：50-100号),おり釣具,おり釣具,スポーツ＆アウトドア > 釣り > ロッド・アクセサリ,58236,2,,,13189,はい,2026-02-23以降,7433,9373,大型,282,中小候補,GO,GO,見送り,FBA大型サイズ,,https://www.amazon.co.jp/dp/B0C1721PBY,
B,B0DKTGH5FF,WAQ EASE SHADE 日除けシェード 簡易テント日除けテント テント サンシェード 遮光 遮熱 メッシュ フルクローズ ピクニック UVカットソロキャン,WAQ(ワック),WAQ（ワック）,スポーツ＆アウトドア > アウトドア > サンシェード・シェルター,40543,2,,,14800,はい,2026-02-23以降,8376,10606,大型,282,中小候補,GO,GO,見送り,FBA大型サイズ,,https://www.amazon.co.jp/dp/B0DKTGH5FF,
B,B09YG4VNSZ,Slope Book End スロープブックエンド (ゴールド),DETAIL inc,DETAIL inc,文房具・オフィス用品 > 事務用品 > 机上用品・文具収納,66437,4,,,11000,はい,2026-02-23以降,6582,8260,大型,282,中小候補,NG,GO,見送り,FBA大型サイズ / 回転不足(消化月数>3),,https://www.amazon.co.jp/dp/B09YG4VNSZ,
B,B0055CXK1E,AIR WING(エアーウィング) エアーウィング プロ 16cm×50cm アイボリー 4個セット,AIR WING,ダイアン・サービス,ホーム＆キッチン > 家電 > 空調・季節家電,81977,2,,,8220,はい,2026-02-23以降,4267,5233,大型,282,中小候補,GO,GO,見送り,FBA大型サイズ,,https://www.amazon.co.jp/dp/B0055CXK1E,
B,B0BL2X1RT8,自動調理器 炊飯器 3.5合 2口 同時調理 電気調理器 多機能 左右独立 ダブル釜 蒸し 煮込み スープ 炊飯ジャー 2釜 (マットホワイト),life_mart,life_mart,ホーム＆キッチン > 家電 > キッチン家電,45892,3,,,12800,はい,2026-02-23以降,6972,8770,大型,282,中小候補,NG,GO,見送り,FBA大型サイズ / 回転不足(消化月数>3),,https://www.amazon.co.jp/dp/B0BL2X1RT8,
B,B096TFLLWF,シーシーピー(Ccp) コードレスバイブレーションモップクリーナー Neo ホワイト ZV-MV26-WH,シーシーピー(Ccp),シーシーピー(CCP),ホーム＆キッチン > 家電 > 生活家電,66548,5,,,8980,はい,2026-02-23以降,2918,3404,標準2,332,中小候補,NG,GO,見送り,回転不足(消化月数>3),,https://www.amazon.co.jp/dp/B096TFLLWF,
B,B00LE23G4K,グリーンライフ 散水タイマー 便利なデジタル自動タイマー 9.5×17.5×9.0cm SDT-1,グリーンライフ(GREEN LIFE),グリーンライフ(GREEN LIFE),DIY・工具・ガーデン > ガーデン > 農具・散水用品,37845,2,,,10651,はい,2026-02-23以降,5436,6762,標準1,282,中小候補,GO,GO,GO,,,https://www.amazon.co.jp/dp/B00LE23G4K,
B,B0DGLHMLHZ,Life360 Tile スターターパック (Mate+Slim) スマートトラッカー スマートタグ 紛失防止タグ 置き忘れ防止 音を鳴らして場所をお知らせ 防,タイル(Tile),Tile,家電＆カメラ > ウェアラブルデバイス > スマートトラッカー,10780,2,,,8170,はい,2026-02-23以降,3567,4834,標準(小型),182,中小候補,GO,GO,GO,,,https://www.amazon.co.jp/dp/B0DGLHMLHZ,
B,B0B4P62KV2,株式会社ユニコム (Unicom) ペット用酸素室 ケージ ペットオキシホテル スクエア 小/中/大型動物用 酸素ケージ/酸素テント/酸素ボックス 介護用 折り,UNICOM(ユニコム),株式会社ユニコム,ペット用品 > 小動物 > 飼育ケージ・アクセサリ,33581,2,,,8900,いいえ,繰越(境界後の記録なし),5503,6849,大型,282,中小候補,GO,GO,見送り,FBA大型サイズ,,https://www.amazon.co.jp/dp/B0B4P62KV2,
B,B0CK542HG8,クレイジークリーク(Crazy Creek) HEX2.0 オリジナルチェア スペシャルエディションカモ 12590011009000,クレイジークリーク(CRAZY CREEK),クレイジークリーク(Crazy Creek),スポーツ＆アウトドア > アウトドア > テーブル・チェア・ハンモック,59193,6,,,14300,はい,2026-02-23以降,6782,8521,標準1,282,中小候補,NG,GO,見送り,回転不足(消化月数>3),,https://www.amazon.co.jp/dp/B0CK542HG8,
B,B0B2NQ88JK,エレコム Wifi ルーター 無線LAN 最新規格 Wi-Fi6 11ax / 11ac IPv6対応 (IPoE) AX3000 2402+574Mbps 有,エレコム(ELECOM),エレコム(ELECOM),パソコン・周辺機器 > 無線LAN・ネットワーク機器 > 無線・有線LANルーター,15424,2,,,10800,はい,2026-02-23以降,5451,7398,標準1,282,大手/海外疑い,GO,GO,GO,,,https://www.amazon.co.jp/dp/B0B2NQ88JK,
B,B0CP3RM7FL,FIIO BTR15【日本国内正規品・シリアルナンバー付】Bluetooth レシーバー ブルートゥース USB DAC ヘッドホンアンプ aptX LL ad,FiiO,FIIO,家電＆カメラ > イヤホン・ヘッドホン > ヘッドホンアンプ,26142,4,,,19800,はい,2026-02-23以降,11588,16187,標準(小型),182,中小候補,NG,GO,見送り,回転不足(消化月数>3),,https://www.amazon.co.jp/dp/B0CP3RM7FL,
B,B07BKWN1D6,TOEI LIGHT(トーエイライト) TOEI LIGHT(トーエイライト) PEボール70(C) ボールプール用ボール 計500個1組 CEマーク付 食品衛,トーエイライト(TOEI LIGHT),TOEI LIGHT(トーエイライト),おもちゃ > アクション・スポーツトイ > ボールプール・アクセサリ,43626,6,,,8800,はい,2026-02-23以降,5211,6467,大型,282,中小候補,NG,GO,見送り,FBA大型サイズ / 回転不足(消化月数>3),,https://www.amazon.co.jp/dp/B07BKWN1D6,
B,B0FSZMWPSP,JPStriv ミニ エアロバイク 静音 ステッパー 座位式エアロバイク 自動プログラム搭載 足踏み 初心者向け フィットネスバイク ダイエット器具 踏み台昇降,JPStriv,JPStriv,スポーツ＆アウトドア > フィットネス・トレーニング > フィットネスマシン,40798,2,,,12980,はい,2026-02-23以降,7652,9659,大型,282,中小候補,GO,GO,見送り,FBA大型サイズ,,https://www.amazon.co.jp/dp/B0FSZMWPSP,
B,B002DELPIM,CITY HUNTER シティーハンター 全35巻完結(ジャンプ・コミックス) [マーケットプレイス コミックセット],集英社,集英社,本 > ジャンル別 > コミック・ラノベ・BL,37368,2,,,12050,はい,2026-02-23以降,7388,9314,大型,282,中小候補,GO,GO,見送り,FBA大型サイズ,,https://www.amazon.co.jp/dp/B002DELPIM,
B,B0B72NQWQK,Wooask M6 127言語対応 翻訳機 通訳機 ウーアスク イヤホン イヤホン型 オンライン版 AI翻訳機 高精度 通話 音楽再生可能 Bluetooth ,Wooask,Wooask,文房具・オフィス用品 > デジタル文具 > 電子辞書・翻訳機,23500,2,,,14960,はい,2026-02-23以降,7322,9342,標準(小型),182,中小候補,GO,GO,GO,,,https://www.amazon.co.jp/dp/B0B72NQWQK,
B,B0FRD852Y7,MAXWIN ブレーキペダルロック 盗難防止 車 ステアリング 窃盗対策 アルファード ランクル ハイエース 汎用 幅広い車種対応 S-HLOC02,MAXWIN,MAXWIN,車＆バイク > カーセキュリティ > 車用ロック,22563,2,,,10647,はい,2026-02-23以降,5446,6710,標準2,332,中小候補,GO,GO,GO,,,https://www.amazon.co.jp/dp/B0FRD852Y7,
B,B0F6MY8YK8,【整備済み品】SIMフリー Galaxy A25 5G SCG33 スマートフォン 本体 (AU/UQ版 SIMロック解除済み) (ライトブルー),Generic,Galaxy,家電＆カメラ > 携帯電話・スマートフォン > 携帯電話・スマートフォン本体,39451,4,,,19500,はい,2026-02-23以降,10105,13985,標準1,282,中小候補,NG,GO,見送り,回転不足(消化月数>3),,https://www.amazon.co.jp/dp/B0F6MY8YK8,
B,B005KODN32,CIAO (チャオ) 14歳からのとりささみ&ほたて貝柱 85g 48個セット,チャオ (CIAO),いなばペットフード,ペット用品 > 猫 > キャットフード,46979,5,,,8444,はい,2026-02-23以降,4934,6040,標準2,332,中小候補,NG,GO,見送り,回転不足(消化月数>3),,https://www.amazon.co.jp/dp/B005KODN32,
B,B09YC5YKSK,【静音タイプ】アイリスオーヤマ 静音シュレッダー 家庭用 細断枚数4枚 マイクロクロスカット 連続使用10分 細断速度約2.0m/分 A4/120枚収納 ダスト,アイリスオーヤマ(IRIS OHYAMA),アイリスオーヤマ,文房具・オフィス用品 > オフィス機器 > 電動シュレッダー,34504,6,,,12000,はい,2026-02-23以降,6998,8804,大型,282,大手/海外疑い,NG,GO,見送り,FBA大型サイズ / 回転不足(消化月数>3),,https://www.amazon.co.jp/dp/B09YC5YKSK,
B,B0D2CBWW6S,超像可動 『ジョジョの奇妙な冒険 第3部』 「ザ・ワールド」 約165mm PVC&ABS&ナイロン製 塗装済み可動フィギュア,メディコス(Medicos Entertainment),メディコス(Medicos Entertainment),ホビー > フィギュア・コレクタードール,38176,5,,,9350,はい,2026-02-23以降,5287,6680,標準(小型),182,中小候補,NG,GO,見送り,回転不足(消化月数>3),,https://www.amazon.co.jp/dp/B0D2CBWW6S,
B,B0CMYX3JNP,Raspberry Pi 3B＋ ラズベリーパイ 3B＋ 技適取得済 ラズベリーパイ3b+ Development Board CPU 64-bit ARM C,§Ｃ∞ＶＥＳＩＲＩ,VESIRI,パソコン・周辺機器 > シングルボードコンピュータ・アクセサリ > シングルボードコンピュータ,13310,3,,,9480,はい,2026-02-23以降,120,-44,標準(小型),182,中小候補,NG,GO,見送り,回転不足(消化月数>3),,https://www.amazon.co.jp/dp/B0CMYX3JNP,
B,B0CLLR4TKV,siroca(シロカ) コーン式全自動コーヒーメーカー SC-C112｜コーン式ミル 豆計量不要 タイマー予約 テイスト2種 挽き目無段階調整,siroca(シロカ),シロカ,ホーム＆キッチン > 家電 > キッチン家電,39086,2,,,17400,はい,2026-02-23以降,10528,13421,大型,282,中小候補,GO,GO,見送り,FBA大型サイズ,,https://www.amazon.co.jp/dp/B0CLLR4TKV,
B,B0111OG5RK,三協アルミ オペレータハンドル 99WB7504R0-BR,三協アルミ,三協立山㈱ 三協アルミ社,DIY・工具・ガーデン > 建築金物 > 建築金具,95391,3,,,16200,はい,2026-02-23以降,7697,9718,標準1,282,中小候補,NG,GO,見送り,回転不足(消化月数>3),,https://www.amazon.co.jp/dp/B0111OG5RK,
B,B0C2YY2R5G,INNOREL 三脚 ミニ カメラ用 卓上三脚 カーボンファイバー 10KG 耐荷重 28MMボール雲台付き 3節 伸縮可能 スマホ三脚 小型 コンパクト 一眼,INNOREL,INNOREL,家電＆カメラ > カメラ > 三脚・一脚,19880,2,,,12999,はい,2026-02-23以降,7311,9972,標準2,332,中小候補,GO,GO,GO,,,https://www.amazon.co.jp/dp/B0C2YY2R5G,
B,B0CHQS7B8X,クーラーボックス 長時間保冷保温 密閉 キャスター付 大容量お手入れ簡単 コンパクト 軽量 手提げと肩掛け両用 お弁当収納バッグ 多機能 お弁当 アウトドア キ,YbiOK,YbiOK,スポーツ＆アウトドア > アウトドア > クーラーボックス,69142,4,,,8800,はい,2026-02-23以降,5100,6322,不明,282,中小候補,NG,GO,見送り,回転不足(消化月数>3),,https://www.amazon.co.jp/dp/B0CHQS7B8X,
B,B004E93TS8,三協立山アルミ物干し　テラス用吊下げ型竿掛け　SATV-03K-2　　アーバングレー　標準タイプ　調整範囲　H=575mmから983ｍｍ　１セット2本入り,三協アルミ,三協立山アルミ,DIY・工具・ガーデン > 建築金物 > 物干し金物,18283,2,,,9900,はい,2026-02-23以降,5405,6721,大型,282,中小候補,GO,GO,見送り,FBA大型サイズ,,https://www.amazon.co.jp/dp/B004E93TS8,
B,B0FHWLTNDK,ZUNDUO 新型 トヨタ クラウンエステート R7.3-現行 専用 フロアマット&ラゲッジマット,ZUNDUO,mipicar,車＆バイク > カーアクセサリ > フロアマット,18326,2,,,13290,はい,2026-02-23以降,6657,8358,大型,282,中小候補,GO,GO,見送り,FBA大型サイズ,,https://www.amazon.co.jp/dp/B0FHWLTNDK,
B,B084CW21QN,Mammut Crag Sender Helmet / titanium,MAMMUT(マムート),マムート,スポーツ＆アウトドア > 登山・クライミング > ヘルメット,40296,2,,,12600,はい,2026-02-23以降,6496,8147,標準1,282,中小候補,GO,GO,GO,,,https://www.amazon.co.jp/dp/B084CW21QN,
B,B096MJ6KVM,帆布工房(はんぷこうぼう) ボストンバッグ [旅行カバン メンズ ボストンバッグ 旅行バッグ 二泊三日 旅行 Lサイズ 帆布] 3X84 カーキ,帆布工房,優美社産業株式会社,ファッション > バッグ・スーツケース > スーツケース・トラベルバッグ,27891,2,,,14300,はい,2026-02-23以降,8920,11317,大型,282,中小候補,GO,GO,見送り,FBA大型サイズ,,https://www.amazon.co.jp/dp/B096MJ6KVM,
B,B0C5LJCR24,アイリスオーヤマ サーキュレーター 扇風機 20畳 左右首振り リモコン付 DCモーター 空気循環 省エネ 節電 卓上 パワフル送風 コンパクト 静音 一人暮ら,アイリスオーヤマ(IRIS OHYAMA),アイリスオーヤマ,ホーム＆キッチン > 家電 > 空調・季節家電,56294,5,,,11378,はい,2026-02-23以降,7063,8889,大型,282,大手/海外疑い,NG,GO,見送り,FBA大型サイズ / 回転不足(消化月数>3),,https://www.amazon.co.jp/dp/B0C5LJCR24,
B,B0FRFTYKP5,イヤホン Bluetooth ワイヤレスイヤホン【2026音質特化モデル 究極フィット感】Bluetooth5.4 耳挟み式 圧迫感ゼロ 業界トップ音質 残量表,Hydro Flask,Hydro Flask,家電＆カメラ > イヤホン・ヘッドホン > イヤホン・ヘッドホン本体,19626,4,,,13950,はい,2026-02-23以降,1760,2277,標準(小型),182,中小候補,NG,GO,見送り,回転不足(消化月数>3),,https://www.amazon.co.jp/dp/B0FRFTYKP5,
B,B00030EV7A,MG 1/100 RX-78GP02A ガンダム試作2号機サイサリス (機動戦士ガンダム0083 STARDUST MEMORY),BANDAI SPIRITS(バンダイ スピリッツ),BANDAI SPIRITS(バンダイ スピリッツ),ホビー > プラモデル・模型 > プラモデル,10202,6,,,8380,はい,2026-02-23以降,3555,4237,標準2,332,大手/海外疑い,NG,GO,見送り,回転不足(消化月数>3),,https://www.amazon.co.jp/dp/B00030EV7A,
B,B0FFH2T3GZ,RK ROYAL KLUDGE S98JP ワイヤレスメカニカルキーボードスマートディスプレイ＆ノブ付き、日本語QWERTY レイアウト,RK ROYAL KLUDGE,RK ROYAL KLUDGE,パソコン・周辺機器 > キーボード・マウス・入力機器 > ゲーミングキーボード,24819,2,,,12799,はい,2026-02-23以降,5907,7985,標準2,332,中小候補,GO,GO,GO,,,https://www.amazon.co.jp/dp/B0FFH2T3GZ,
B,B00BS6AX48,アゼットプロフェッショナルドッグフード ドッグフード アダルト 成犬用 並粒 10キログラム (x 1),AZ,アゼットジャパン,ペット用品 > 犬 > ドッグフード,24890,3,,,10800,はい,2026-02-23以降,6738,8464,大型,282,中小候補,NG,GO,見送り,除外カテゴリ / FBA大型サイズ / 回転不足(消化月数>3),,https://www.amazon.co.jp/dp/B00BS6AX48,
B,B01N5FM0SK,アイガーデン 水栓パン ダークブラウン 幅60cm×奥行48cm×高さ20cm アイウッド人工木製 (パンdb),アイガーデン(igarden),ライモン株式会社,DIY・工具・ガーデン > ガーデン > ガーデンファニチャー,66730,2,,,11210,はい,2026-02-23以降,7004,8812,大型,282,中小候補,GO,GO,見送り,FBA大型サイズ,,https://www.amazon.co.jp/dp/B01N5FM0SK,
B,B0D6FW4ZRF,コンポスト 屋外 大型 家庭用 300L 生ごみ処理 落ち葉処理 肥料 作る 家庭用 自家製 有機肥料 堆肥製造器 家庭菜園 seathestars,Ｓｅａ　ｔｈｅ　Ｓｔａｒｓ,seathestars,DIY・工具・ガーデン > ガーデン > コンポスト・コンポスター,71085,2,seathestars(適格請求書発行事業者)T9240001017589 / 日本企業 SeatheStars シーザスターズ,メーカー直販,14980,はい,2026-02-23以降,9455,12017,不明,282,中小候補,GO,GO,GO,,,https://www.amazon.co.jp/dp/B0D6FW4ZRF,
B,B09R247952,【整備済み品】 【Amazon.co.jp 限定】DELL デスクトップPC 7010/9010/ MS Office 2019/Win 11/Core i5-,HCMA,DELL,パソコン・周辺機器 > デスクトップ > タワー,166,3,,,19800,はい,2026-02-23以降,10042,13837,標準2,332,中小候補,NG,GO,見送り,回転不足(消化月数>3),,https://www.amazon.co.jp/dp/B09R247952,
B,B0DT5KVZGL,TOPAIM ソファー 1人掛け アームチェア 幅65cm ローソファー 無垢材 リネン 洗えるカバー 座椅子 肘付き まくら付き 肉厚クッション14cm 高密,TOPAIM ZONTEN,TOPAIM,ホーム＆キッチン > 家具 > リビングルーム家具,30772,3,,,14980,はい,2026-02-23以降,8967,11379,大型,282,中小候補,NG,GO,見送り,FBA大型サイズ / 回転不足(消化月数>3),,https://www.amazon.co.jp/dp/B0DT5KVZGL,
B,B0F4KNW6ZG,BEIYALITI 懸垂マシン ぶら下がり健康器 高さ調整14段階 耐荷重200kg 筋トレ器具,BEIYALITI,BEIYALITI,スポーツ＆アウトドア > フィットネス・トレーニング > 筋力トレーニング,25115,2,,,10336,はい,2026-02-23以降,6436,8069,大型,282,中小候補,GO,GO,見送り,FBA大型サイズ,,https://www.amazon.co.jp/dp/B0F4KNW6ZG,
B,B0BKYY4HT2,ナチュラルムーニー 【テープ 新生児サイズ】ムーニーナチュラル オーガニックコットン オムツ [ケース品] 白 (お誕生~5000g)248枚(62枚×4),ムーニー,ユニ・チャーム,ベビー＆マタニティ > おむつ・トイレ > おむつ,8098,2,,,10280,はい,2026-02-23以降,4593,5659,大型,282,中小候補,GO,GO,見送り,FBA大型サイズ,,https://www.amazon.co.jp/dp/B0BKYY4HT2,
B,B000VO0546,MG 1/100 ZGMF-X42S デスティニーガンダム (機動戦士ガンダムSEED DESTINY),BANDAI SPIRITS(バンダイ スピリッツ),BANDAI SPIRITS(バンダイ スピリッツ),ホビー > プラモデル・模型 > プラモデル,14859,6,,,8698,はい,2026-02-23以降,5371,6677,標準1,282,大手/海外疑い,NG,GO,見送り,回転不足(消化月数>3),,https://www.amazon.co.jp/dp/B000VO0546,
B,B0C7CQ9LRY,[THE NORTH FACE] M's Raffia Blade Hat ナチュラル M,THE NORTH FACE,GOLDWIN(ゴールドウイン),ファッション > メンズ > 服＆ファッション小物,91029,5,,,8790,はい,2026-02-23以降,2935,3491,大型,282,中小候補,NG,GO,見送り,FBA大型サイズ / 回転不足(消化月数>3),,https://www.amazon.co.jp/dp/B0C7CQ9LRY,
B,B0D2HQGXKP,(トミーヒルフィガー) TOMMY HILFIGER 【オンライン限定】TINOダッフルバッグ 6943971 FREE カーキF7K,Tommy Hilfiger,,ファッション > バッグ・スーツケース > スポーツ・フィットネスバッグ,69153,3,,,9066,はい,2026-02-23以降,3996,4879,大型,282,中小候補,NG,GO,見送り,FBA大型サイズ / 回転不足(消化月数>3),,https://www.amazon.co.jp/dp/B0D2HQGXKP,
B,B0CM99YR4H,Coleman(コールマン) クイックアップシェード(グレージュ) アウトドア レジャー ピクニック ビーチテント コンパクトテント ポップアップテント 紫外線,Coleman(コールマン),コールマン(Coleman),スポーツ＆アウトドア > アウトドア > サンシェード・シェルター,41958,2,,,8800,はい,2026-02-23以降,5308,6594,大型,282,中小候補,GO,GO,見送り,FBA大型サイズ,,https://www.amazon.co.jp/dp/B0CM99YR4H,
B,B07RW835GF,[mrcos] ベル コスプレ衣装 コスチューム メイド服 レディース クリスマス ハロウィン 大人用 M,mrcos,mrcos,ホビー > コスプレ・仮装 > コスチューム,5094,2,,,8580,はい,2026-02-23以降,4255,5217,標準1,282,中小候補,GO,GO,GO,,,https://www.amazon.co.jp/dp/B07RW835GF,
B,B0DNZT7CH9,ASQUAR ガーデンベンチ 屋外用 木製ベンチ 150cm 耐荷重400kg 無垢材 高さ45 金属ブラケット 耐久性 防水性 防錆 耐候性 防蝕 パーク ビ,ASQUAR,ASQUAR,DIY・工具・ガーデン > ガーデン > ガーデンファニチャー,13430,2,,,17832,はい,2026-02-23以降,10439,13304,大型,282,中小候補,GO,GO,見送り,FBA大型サイズ,,https://www.amazon.co.jp/dp/B0DNZT7CH9,
B,B0FDKKZX8W,Y&H 40A MPPT ソーラーパネル充電コントローラー 12V 24V オート について 100V PV入力 GEL SLD FLD LI ユーザーバッテリ,Y&H,Y&H,DIY・工具・ガーデン > 住宅用設備・製品 > 発電設備,75797,2,,,8729,はい,2026-02-23以降,4480,5447,標準2,332,中小候補,GO,GO,GO,,,https://www.amazon.co.jp/dp/B0FDKKZX8W,
B,B01IT4YFY0,KEISEEDS 共立電子産業 電波時計信号送信機能付き時計(黒) P18-NTPLRBK,KEISEEDS,共立電子産業,ホーム＆キッチン > インテリア > 置き時計・掛け時計,29381,5,,,18720,はい,2026-02-23以降,10014,12748,標準1,282,中小候補,NG,GO,見送り,回転不足(消化月数>3),,https://www.amazon.co.jp/dp/B01IT4YFY0,
B,B0D1DCNQFS,"HEITOK ポーカーチップセット クレイ製 14g 300枚, 高級ポリカーボネートボックス, プロフェッショナルなポーカーゲーム体験を楽しむための究極のカジ",HEITOK,HEITOK,おもちゃ > ゲーム > カジノ用品,10935,4,,,9999,はい,2026-02-23以降,5137,6305,標準2,332,中小候補,NG,GO,見送り,回転不足(消化月数>3),,https://www.amazon.co.jp/dp/B0D1DCNQFS,
B,B0C5LK1D97,アイリスオーヤマ サーキュレーター 扇風機 DCコードレス PCF-SD15CH-H ニュアンスグレー,アイリスオーヤマ(IRIS OHYAMA),アイリスオーヤマ,ホーム＆キッチン > 家電 > 空調・季節家電,56294,3,,,11378,はい,2026-02-23以降,6485,8134,大型,282,大手/海外疑い,NG,GO,見送り,FBA大型サイズ / 回転不足(消化月数>3),,https://www.amazon.co.jp/dp/B0C5LK1D97,
B,B0B9349X6S,RARE count ごみステーション ごみ箱 屋外 ふた付き ごみ荒らし防止 カラスや野良猫からごみを守る ごみ収集ボックス ごみ保管庫 ホワイト (154L,RARE count,RARE count,ホーム＆キッチン > ゴミ箱・ゴミ入れ > 屋外用ゴミ箱,35505,2,,,12700,はい,2026-02-23以降,7147,8999,大型,282,中小候補,GO,GO,見送り,FBA大型サイズ,,https://www.amazon.co.jp/dp/B0B9349X6S,
B,B0D6QMYXM7,SKOVENSY レシプロソー コードレス 家庭DIYや庭木剪定に対応 バッテリー2個 無段変速 替刃付き 軽量コンパクト 安全性に配慮 イエロー,SKOVENSY,SKOVENSY,DIY・工具・ガーデン > 電動工具・エア工具 > 電動工具パーツ・アクセサリ,3004,2,,,16080,はい,2026-02-23以降,9704,12278,標準2,332,中小候補,GO,GO,GO,,,https://www.amazon.co.jp/dp/B0D6QMYXM7,
B,B004E93TQK,三協立山アルミ物干し　テラス用吊下げ型竿掛け　SATV-03K-2　　ブロンズ　標準タイプ　調整範囲　H=575mmから983ｍｍ　１セット2本入り,三協アルミ,三協立山アルミ,DIY・工具・ガーデン > 建築金物 > 物干し金物,19709,2,,,9900,はい,2026-02-23以降,5243,6509,大型,282,中小候補,GO,GO,見送り,FBA大型サイズ,,https://www.amazon.co.jp/dp/B004E93TQK,
B,B0F3JHNNG7,DodoxDIY 適用新型アルファード40系 ヴェルファイア 40系 アクセサリー ナビ トレイ コンソール トレイ 収納 ボックス カスタムパーツ 専用内装グ,DodoxDIY,DodoxDIY,車＆バイク > カーアクセサリ > 収納・ホルダー,24599,2,,,8099,はい,2026-02-23以降,4932,6038,標準2,332,中小候補,GO,GO,GO,,,https://www.amazon.co.jp/dp/B0F3JHNNG7,
B,B0G3TL4KY2,YOOKI 第三弾 暖かいバニーシリーズ ブラインドボックス 6種セット ポリエステル製 かわいい ぬいぐるみ プレゼント,fromseed,fromseed,おもちゃ > きせかえ人形・ハウス > 人形・ドール,9750,3,,,15980,はい,2026-02-23以降,9455,12017,大型,282,中小候補,GO,GO,見送り,FBA大型サイズ,,https://www.amazon.co.jp/dp/B0G3TL4KY2,
B,B0B74752CR,イヤホン翻訳機 通訳機 公式 Wooask M6 PLUS ウーアスク プラス 【オフライン対応版】 イヤホン型 AI翻訳機 オフライン 翻訳機 127言語対応,Wooask,Wooask,文房具・オフィス用品 > デジタル文具 > 電子辞書・翻訳機,24831,2,,,19184,はい,2026-02-23以降,12287,15834,標準(小型),182,中小候補,GO,GO,GO,,,https://www.amazon.co.jp/dp/B0B74752CR,
B,B0GLF51RXF,【整備済み品】Surface Pro Signature キーボード ポピー レッド (整備済み品),マイクロソフト,マイクロソフト,パソコン・周辺機器 > キーボード・マウス・入力機器 > パソコン用キーボード,35158,4,,,11210,はい,2026-02-23以降,7004,9597,標準1,282,中小候補,NG,GO,見送り,回転不足(消化月数>3),,https://www.amazon.co.jp/dp/B0GLF51RXF,
B,B01DETZJXG,金正陶器 マイファースト ミッフィー ベビー食器セット ピンク 407753 離乳期に合わせてお使いいただける食器セット,金正陶器(Kaneshotouki),金正陶器,ベビー＆マタニティ > 授乳・食事 > ベビー食器,7772,4,,,11000,はい,2026-02-23以降,6077,7535,標準2,332,中小候補,NG,GO,見送り,回転不足(消化月数>3),,https://www.amazon.co.jp/dp/B01DETZJXG,
B,B0014C2EWK,Tour Racquet Bag L BKWH,ヘッド(HEAD),ヘッド(HEAD),スポーツ＆アウトドア > 硬式テニス > バッグ,50611,3,,,12870,はい,2026-02-23以降,4261,5225,大型,282,中小候補,NG,GO,見送り,FBA大型サイズ / 回転不足(消化月数>3),,https://www.amazon.co.jp/dp/B0014C2EWK,
B,B0D2CKNR2Y,超像可動 『ジョジョの奇妙な冒険 第3部』 「DIO」 約155mm PVC&ABS&ナイロン製 塗装済み可動フィギュア,メディコス(Medicos Entertainment),メディコス(Medicos Entertainment),ホビー > フィギュア・コレクタードール,38176,2,,,9900,はい,2026-02-23以降,5287,6680,標準(小型),182,中小候補,GO,GO,GO,,,https://www.amazon.co.jp/dp/B0D2CKNR2Y,
B,B0FT81FLCL,recolte レコルト スマートケトルスリム 海外対応 電気ケトル 温度設定 保温機能 タンブラー型 軽量 持ち運び便利 オフィス 旅行 出張 一人用 グレー,récolte,ウィナーズ株式会社,ホーム＆キッチン > 家電 > キッチン家電,46799,6,,,8800,はい,2026-02-23以降,4866,6016,標準1,282,中小候補,NG,GO,見送り,回転不足(消化月数>3),,https://www.amazon.co.jp/dp/B0FT81FLCL,
B,B014K4HHDE,TOTO 節水3モードシャワーヘッド+1.6Mホースセット THYC62H,TOTO,TOTO,DIY・工具・ガーデン > 住宅用設備・製品 > キッチン・バス備品,24330,5,,,8827,はい,2026-02-23以降,3788,4607,標準1,282,中小候補,NG,GO,見送り,Amazon本体あり(availabilityAmazon=0) / 回転不足(消化月数>3),,https://www.amazon.co.jp/dp/B014K4HHDE,
B,B01LWOSKTR,パナソニック ネットワークカメラ スマ@ホーム おはなしカメラ KX-HC500-W,パナソニック(Panasonic),パナソニック(Panasonic),DIY・工具・ガーデン > 安全・セキュリティ > ホームモニタリングシステム,72259,3,,,15344,はい,2026-02-23以降,9299,11813,標準1,282,大手/海外疑い,NG,GO,見送り,回転不足(消化月数>3),,https://www.amazon.co.jp/dp/B01LWOSKTR,
B,B01CXO4BHS,バカラ シャトーバカラ タンブラーS ペア セット 300ml 2個 2客 2611545 グラス ハイボール ロックグラス タンブラー コップ 食器 ガラス ,Baccarat,BACCART(バカラ),ホーム＆キッチン > 食器・グラス・カトラリー > グラス,127494,4,,,16980,はい,2026-02-23以降,9598,12204,標準1,282,中小候補,NG,GO,見送り,回転不足(消化月数>3),,https://www.amazon.co.jp/dp/B01CXO4BHS,
B,B09WYG78N3,HOKEEPER ハンガーラック パイプハンガーラック 耐荷重200KG 業務用 3ウェイ ダブル 大容量 収納ラック 物干し スタンド 洋服ハンガー 衣類収納,Hokeeper,HOKEEPER,ホーム＆キッチン > 家具 > 収納家具,22913,2,,,10625,はい,2026-02-23以降,6275,7859,大型,282,中小候補,GO,GO,見送り,FBA大型サイズ,,https://www.amazon.co.jp/dp/B09WYG78N3,
B,B0DFYZH41B,FREAKMOUNT2.0（フリークマウント2.0）超強力マグネット式バイク用スマホホルダー第2世代,FREAKMOUNT,FreakMount,車＆バイク > バイクアクセサリ > マウントステー・ホルダー,59790,2,,,15407,はい,2026-02-23以降,6188,7858,標準(小型),182,中小候補,GO,GO,GO,,,https://www.amazon.co.jp/dp/B0DFYZH41B,
B,B0DBJC1WD1,BRUNO ポケモン ホットサンドメーカー シングル 電気 耳まで焼ける コンパクト プレゼント ギフト ブルー ピカチュウ ゼニガメ ブルー 青 BOE131,BRUNO,BRUNO,産業・研究開発用品 > 飲食店舗用品 > 業務用厨房機器,15429,2,,,8190,はい,2026-02-23以降,4816,5886,標準2,332,中小候補,GO,GO,GO,,,https://www.amazon.co.jp/dp/B0DBJC1WD1,
B,B0D14SKR8L,Silicon Power 500GB DS72 外付けSSD 高速 ポータブルSSD スティック型SSD USB Type-A/USB Type-C 3.2 ,SP Silicon Power,SP Silicon Power,パソコン・周辺機器 > 外付けドライブ・ストレージ > 外付SSD,12869,2,,,14980,はい,2026-02-23以降,7427,10195,標準1,282,中小候補,GO,GO,GO,,,https://www.amazon.co.jp/dp/B0D14SKR8L,
B,B09MMWLRF5,VINGOBOW【ニューモデル】 ペルナンブコ・ヴァイオリン弓 コンサート用 赤い水晶を採用 ユニークなデザイン,VINGOBOW,VINGOBOW,楽器・音響機器 > 弦楽器 > 弦楽器アクセサリ,8286,2,,,8195,いいえ,繰越(境界後の記録なし),5044,6249,大型,282,中小候補,GO,GO,見送り,FBA大型サイズ,,https://www.amazon.co.jp/dp/B09MMWLRF5,
B,B073FSNYSC,ホルムガード フローラベース 24cm スモーク,Holmegaard,Holmegaard(ホルムガード),ホーム＆キッチン > インテリア > ディスプレイ収納・花器,67163,6,,,9350,はい,2026-02-23以降,5680,7016,標準2,332,中小候補,NG,GO,見送り,回転不足(消化月数>3),,https://www.amazon.co.jp/dp/B073FSNYSC,
B,B0DT5M596P,TOPAIM ソファー 1人掛け アームチェア 幅65cm ローソファー 無垢材 リネン 洗えるカバー 座椅子 肘付き まくら付き 肉厚クッション14cm 高密,TOPAIM ZONTEN,TOPAIM,ホーム＆キッチン > 家具 > リビングルーム家具,30758,2,,,14980,はい,2026-02-23以降,8966,11378,大型,282,中小候補,GO,GO,見送り,FBA大型サイズ,,https://www.amazon.co.jp/dp/B0DT5M596P,
B,B0BKH41Y1M,Jabra Perform45 (5101-119),Jabra(ジャブラ),GNオーディオ,家電＆カメラ > イヤホン・ヘッドホン > イヤホン・ヘッドホン本体,19914,3,,,15780,はい,2026-02-23以降,10075,14045,標準(小型),182,中小候補,NG,GO,見送り,回転不足(消化月数>3),,https://www.amazon.co.jp/dp/B0BKH41Y1M,
B,B07QLQGM22,日産化学 除草剤 ポルトフロアブル 水和剤 2.5L,日産化学(Nissan Chemical),日産化学(Nissan Chemical),DIY・工具・ガーデン > ガーデン > 肥料・園芸薬剤,22902,2,,,11780,はい,2026-02-23以降,7057,8816,標準2,332,中小候補,GO,GO,GO,,,https://www.amazon.co.jp/dp/B07QLQGM22,
B,B00O9T4C8O,ガラポン抽選器300球用 福引きポン 専用抽選球300個付き 玉が詰まりにくいABS製,あミューズ,あミューズ(Amuse),文房具・オフィス用品 > 店舗・販促用品,5030,3,,,9427,はい,2026-02-23以降,5795,7166,標準2,332,中小候補,NG,GO,見送り,回転不足(消化月数>3),,https://www.amazon.co.jp/dp/B00O9T4C8O,
B,B07QYTCG1X,丸和バイオケミカル(MBC) 丸和バイオ 展着剤 スカッシュ 5L,丸和バイオケミカル(MBC),丸和バイオケミカル(MBC),DIY・工具・ガーデン > ガーデン > 肥料・園芸薬剤,69806,2,,,14729,はい,2026-02-23以降,7369,9225,標準2,332,中小候補,GO,GO,GO,,,https://www.amazon.co.jp/dp/B07QYTCG1X,
B,B0C8FXD9F2,[クニルプス] Knirps T.320 折りたたみ傘 KNT320 PinstripeNavy,クニルプス(Knirps),クニルプス(Knirps),ファッション > メンズ > 服＆ファッション小物,53419,4,,,9680,はい,2026-02-23以降,5380,6689,標準1,282,中小候補,NG,GO,見送り,回転不足(消化月数>3),,https://www.amazon.co.jp/dp/B0C8FXD9F2,
B,B0D7PNWRRP,Shot Navi (ショットナビ) Evolve SE 【ホワイト】1.2インチカラー液晶 日本製 GPSゴルフナビ ゴルフ距離計 GPSナビ ゴルフウォッチ,Shot Navi,Shot Navi(ショットナビ),スポーツ＆アウトドア > スポーツケア・アクセサリ・競技備品 > スポーツ・レクリエーションテクノロジー,23408,6,,,18000,はい,2026-02-23以降,11284,14522,標準(小型),182,中小候補,NG,GO,見送り,回転不足(消化月数>3),,https://www.amazon.co.jp/dp/B0D7PNWRRP,
B,B0F4K1MN3M,52TOYS BLINDBOXｘDISNEY STITCH Sweet Pink「スティッチ：スウィートピンク」シリーズ ブラインドボックス blindbox ,52TOYS,52TOYS,ホビー > フィギュア・コレクタードール,16265,2,,,9900,はい,2026-02-23以降,6038,7484,標準2,332,中小候補,GO,GO,GO,,,https://www.amazon.co.jp/dp/B0F4K1MN3M,
B,B09LGSTMHZ,【整備済み品】 【Windows11Pro搭載】Office 2019搭載PanasonicレッツノートCF-LX6 シルバー色★高性能第7世代Core i5 ,パナソニック(Panasonic),Panasonic,パソコン・周辺機器 > ノートパソコン > 標準型ノートパソコン,97,5,,,18500,はい,2026-02-23以降,11693,16174,標準2,332,大手/海外疑い,NG,GO,見送り,回転不足(消化月数>3),,https://www.amazon.co.jp/dp/B09LGSTMHZ,
B,B0DK2ZMD9N,myFirst Camera 50 キッズカメラ 子供用デジタルカメラ AI編集搭載 スマホ型(ブルー),myFirst,myFirst,おもちゃ > 電子玩具・キッズ家電 > デジタルカメラ,14808,2,,,15800,はい,2026-02-23以降,8447,10699,標準1,282,中小候補,GO,GO,GO,,,https://www.amazon.co.jp/dp/B0DK2ZMD9N,
B,B0CSVSVP6D,ガウン 100枚 ポリプロピレン 不織布 介護用ガウン 10枚×10個 袖はニットタイプのケース販売 (100),Homie Home,RZ,産業・研究開発用品 > 業務用医療用品 > 着衣・手袋,45454,1,,,8350,はい,2026-02-23以降,5090,6310,大型,282,中小候補,GO,GO,見送り,FBA大型サイズ / 新品オファー数1,,https://www.amazon.co.jp/dp/B0CSVSVP6D,
B,B078Y3FRZJ,ゼルダ無双 ハイラルオールスターズ DX - Switch,KT,コーエーテクモゲームス,ゲーム > 機種別 > Nintendo Switch,4938,3,,,11405,はい,2026-02-23以降,7231,9222,標準(小型),182,中小候補,NG,GO,見送り,回転不足(消化月数>3),,https://www.amazon.co.jp/dp/B078Y3FRZJ,
B,B0FJXYBQLZ,消火スプレー 初期消火の救世主 FIRE OUT ファイアアウト 家庭用 防災 火消し 消火器具 消火具 軽量 携帯 防災グッズ 高齢者 子ども 簡単 軽い 持,マカン,株式会社マカン,DIY・工具・ガーデン > 安全・セキュリティ > 防火,10446,6,,,9800,はい,2026-02-23以降,6088,7614,標準1,282,中小候補,NG,GO,見送り,回転不足(消化月数>3),,https://www.amazon.co.jp/dp/B0FJXYBQLZ,
B,B0B932SGZP,RARE count ゴミステーション ゴミ箱 屋外 スチール 白 ふた付き ごみ収集ボックス ゴミ保管庫 ２００L,RARE count,RARE count,ホーム＆キッチン > ゴミ箱・ゴミ入れ > 屋外用ゴミ箱,35497,2,,,14600,はい,2026-02-23以降,8200,10376,大型,282,中小候補,GO,GO,見送り,FBA大型サイズ,,https://www.amazon.co.jp/dp/B0B932SGZP,
B,B0DM1RZ41P,【人気商品・正規品】aカート ショッピングキャリー / WCC15 チェックグレー (幸和製作所),幸和製作所,幸和製作所,ホーム＆キッチン > 生活雑貨 > ショッピングバッグ・キャリー,123605,3,,,13800,はい,2026-02-23以降,8405,10644,大型,282,中小候補,NG,GO,見送り,FBA大型サイズ / 回転不足(消化月数>3),,https://www.amazon.co.jp/dp/B0DM1RZ41P,
B,B0FJHHJ9DN,防災NET 携帯浄水器 防災グッズ 防災 災害用 備蓄 【日本正規品】3セット,防災NET,株式会社APOLON JAPAN,スポーツ＆アウトドア > アウトドア > ボトル・ジャグ,47068,2,,,11740,はい,2026-02-23以降,6585,8265,標準1,282,中小候補,GO,GO,GO,,,https://www.amazon.co.jp/dp/B0FJHHJ9DN,
B,B076KC7C91,キッチンワゴン キャスター付き 3段 業務用 (Sサイズ) PRO-SQ3 棚板703mm×405mm 組立式 ステンレス 配膳 カート 飲食店 厨房 KIPR,KIPROSTAR,株式会社安吉,ホーム＆キッチン > 家具 > キッチン家具,27765,2,,,10980,いいえ,繰越(境界後の記録なし),6855,8617,大型,282,中小候補,GO,GO,見送り,FBA大型サイズ,,https://www.amazon.co.jp/dp/B076KC7C91,
B,B01MRKZEBU,アイ・オー・データ 耐衝撃ポータブルハードディスク 日本メーカー HDPD-UTD1 (USB 3.0対応/1.0TB),アイオーデータ,アイオーデータ,パソコン・周辺機器 > 外付けドライブ・ストレージ > 外付ハードディスクドライブ,43737,2,,,18800,はい,2026-02-23以降,6578,8994,標準1,282,中小候補,GO,GO,GO,,,https://www.amazon.co.jp/dp/B01MRKZEBU,
B,B01DNVYGCK,三井化学クロップ&ライフソリューション 旧 三井化学アグロ 農薬(殺ダニ剤) コロマイト水和剤 500g,三井化学アグロ,三井化学クロップ&ライフソリューション,DIY・工具・ガーデン > ガーデン > 害獣・害虫対策用品,44814,3,,,10200,はい,2026-02-23以降,6294,7884,標準1,282,中小候補,NG,GO,見送り,回転不足(消化月数>3),,https://www.amazon.co.jp/dp/B01DNVYGCK,
B,B076KMLFW2,キッチンワゴン キャスター付き 3段 業務用 (Mサイズ) PRO-MQ3 棚板800mm×450mm 組立式 ステンレス 配膳 カート 飲食店 厨房 KIPR,KIPROSTAR,株式会社安吉,ホーム＆キッチン > 家具 > キッチン家具,27765,2,,,11980,いいえ,繰越(境界後の記録なし),7505,9467,大型,282,中小候補,GO,GO,見送り,FBA大型サイズ,,https://www.amazon.co.jp/dp/B076KMLFW2,
B,B00TBDT684,シマノ(SHIMANO) クーラーボックス 小型 12L フィクセル ライト 120LF-012N 釣り用 ピュアホワイト,シマノ(SHIMANO),シマノ(SHIMANO),スポーツ＆アウトドア > 釣り > 釣り小物,39439,2,,,14080,はい,2026-02-23以降,6258,7836,大型,282,中小候補,GO,GO,見送り,FBA大型サイズ,,https://www.amazon.co.jp/dp/B00TBDT684,
B,B0CLYQYVVM,【整備済み品】 SONY docomo Xperia 10 II SO-41A ブラック Android10 6インチ ROM:64GB RAM:4GB 360,エヌテイテイドコモ,docomo,家電＆カメラ > 携帯電話・スマートフォン > 携帯電話・スマートフォン本体,303,2,,,13800,はい,2026-02-23以降,8178,11361,標準(小型),182,大手/海外疑い,GO,GO,GO,,,https://www.amazon.co.jp/dp/B0CLYQYVVM,
B,B0B82PTPG5,【TVで紹介されました】【正規品】ザイグルグリドル 36cm 大きめサイズ キャンプ 鉄板 アウトドア・キッチン兼用 付着防止コーティング 高い熱伝導効率 IH,ナカノチャンネル,TUF,スポーツ＆アウトドア > アウトドア > バーベキュー・クッキング用品,26235,2,,,9450,はい,2026-02-23以降,2175,2497,大型,282,中小候補,GO,GO,見送り,FBA大型サイズ,,https://www.amazon.co.jp/dp/B0B82PTPG5,
B,B0GBW5FLP5,Beat-Sonic (ビートソニック) GRヤリス専用 車載スタンド ワイヤレス充電機能付きスマホホルダーセット (BSA87 ワイヤレス充電機能付きスマホホ,Beat-Sonic (ビートソニック),ビートソニック,車＆バイク > カーアクセサリ > 携帯電話・スマートフォンアクセサリ,13898,3,,,12100,いいえ,繰越(境界後の記録なし),7583,9569,標準1,282,中小候補,NG,GO,見送り,回転不足(消化月数>3),,https://www.amazon.co.jp/dp/B0GBW5FLP5,
B,B0FGCQV2LJ,[シーダブリューエックス/ワコール] メンズ スポーツタイツ セミロング 7分丈 股関節・ひざサポート HXO767 BL M,CW-X(シーダブリューエックス/ワコール),,ファッション > メンズ > 服＆ファッション小物,100401,2,,,11000,はい,2026-02-23以降,4772,6007,標準(小型),182,中小候補,GO,GO,GO,,,https://www.amazon.co.jp/dp/B0FGCQV2LJ,
B,B0DSBLS49W,【 VGP 2026 受賞 】ROSE TECHNICS DISTANT MOUNTAIN 遠山 ディスタントマウンテン 有線 オンイヤー ヘッドホン ポータブ,ROSE TECHNICS,ROSE TECHNICS,家電＆カメラ > イヤホン・ヘッドホン > イヤホン・ヘッドホン本体,21892,3,,,11800,はい,2026-02-23以降,6621,9054,標準1,282,中小候補,NG,GO,見送り,回転不足(消化月数>3),,https://www.amazon.co.jp/dp/B0DSBLS49W,
B,B00KVWKSLI,コイズミ照明 LED防雨型ブラケットタイマー付ON-OFFタイプ(白熱球60W相当)電球色 AU40253L,コイズミ(Koizumi),コイズミ照明(Koizumi Lighting),DIY・工具・ガーデン > エクステリア > アウトドア・エクステリアライト,33865,4,,,15976,はい,2026-02-23以降,8444,10695,大型,282,中小候補,NG,GO,見送り,FBA大型サイズ / 回転不足(消化月数>3),,https://www.amazon.co.jp/dp/B00KVWKSLI,
B,B0BWYZ4X16,HyoLebi ダイハツ 新型 アトレー ハイゼットカーゴ S700V S710V 令和3年12月～現行に対応リア バンパー プロテクター バンパーステップガー,HyoLebi,HyoLebi,車＆バイク > カーパーツ > 外装・エアロパーツ,17972,2,,,8300,はい,2026-02-23以降,5068,6281,大型,282,中小候補,GO,GO,見送り,FBA大型サイズ,,https://www.amazon.co.jp/dp/B0BWYZ4X16,
B,B07HC49VR5,仮面ライダー クライマックススクランブル ジオウ -Switch,Bandai Namco,バンダイナムコエンターテインメント,ゲーム > 機種別 > Nintendo Switch,12109,2,,,11550,はい,2026-02-23以降,4634,5826,標準(小型),182,大手/海外疑い,GO,GO,GO,,,https://www.amazon.co.jp/dp/B07HC49VR5,
B,B0FBFN6Z42,RELANESS RelaxHang 飾れる ぶらさがり健康器 ぶら下がり健康器 【インテリアに合う/高さ調整簡単/お子様にも】懸垂マシン コンパクト 懸垂バー,RELANESS,STEADY,スポーツ＆アウトドア > フィットネス・トレーニング > 筋力トレーニング,26645,2,,,16990,はい,2026-02-23以降,8811,11175,大型,282,中小候補,GO,GO,見送り,FBA大型サイズ,,https://www.amazon.co.jp/dp/B0FBFN6Z42,
B,B0D46YDMB4,TARION ストリップソフトボックス 30x120cm ワンタッチ クイックリリース 折りたたみ式 ボーエンズマウント 収納バッグ ハニカムグリッド ディフュ,TARION,TARION,家電＆カメラ > カメラ > スタジオ撮影機材,37102,2,,,8999,はい,2026-02-23以降,4864,6568,大型,282,中小候補,GO,GO,見送り,FBA大型サイズ,,https://www.amazon.co.jp/dp/B0D46YDMB4,
B,B0DGD9JKFR,[カシオ] CASIO デジタル 腕時計 モバイルリンク Bluetooth搭載 WS-B1000-8BV ステップトラッカー メンズ ライトグレー 海外モデル,CASIO(カシオ),CASIO,ファッション > メンズ > 腕時計,182881,3,,,8217,はい,2026-02-23以降,4589,5767,標準(小型),182,大手/海外疑い,NG,GO,見送り,回転不足(消化月数>3),,https://www.amazon.co.jp/dp/B0DGD9JKFR,
B,B009ZP50TC,データシステム テレビナビキット スマートタイプ トヨタ クラウンアスリート / クラウンロイヤル TTN-18S Datasystem,データシステム(Data System),データシステム(Data System),車＆バイク > カーナビ・カーエレクトロニクス > 車載モニターアクセサリ,41360,3,,,12460,はい,2026-02-23以降,6909,8688,標準1,282,中小候補,NG,GO,見送り,回転不足(消化月数>3),,https://www.amazon.co.jp/dp/B009ZP50TC,
B,B0CWL9X8MY,POWERbreathe パワーブリーズ EX1 呼気筋トレーニング 日本正規品 (赤・EX1重負荷モデルの最大負荷まで達した方),パワーブリーズ(POWER BREATHE),パワーブリーズ(POWER BREATHE),スポーツ＆アウトドア > フィットネス・トレーニング > 筋力トレーニング,31930,2,株式会社エントリージャパン,,13420,はい,2026-02-23以降,8453,10821,標準(小型),182,中小候補,GO,GO,見送り,相乗り出品が基準未満（卸している証拠なし）,,https://www.amazon.co.jp/dp/B0CWL9X8MY,
B,B0BL3YYFMZ,シャッド(Shad バイク トップケース リアボックス SH44 無塗装ブラック インキー無し キーレス フルフェイス収納 44L,シャッド(Shad),,車＆バイク > バイクバッグ・ケース > トップケース・リアボックス,30537,3,,,15604,はい,2026-02-23以降,8511,10782,大型,282,中小候補,NG,GO,見送り,FBA大型サイズ / 回転不足(消化月数>3),,https://www.amazon.co.jp/dp/B0BL3YYFMZ,
B,B0CZT4G2N4,ピーコック 電気ポット 3.0L 省エネ 節約 湯沸かし 再沸騰 カルキとばし機能付き 湯沸かしポット ライトグレー WMS-30 HL,Peacock,ピーコック魔法瓶工業株式会社,ホーム＆キッチン > 家電 > キッチン家電,68613,4,,,9800,はい,2026-02-23以降,5555,6917,大型,282,中小候補,NG,GO,見送り,FBA大型サイズ / 回転不足(消化月数>3),,https://www.amazon.co.jp/dp/B0CZT4G2N4,
B,B0054JPBD8,ホルムガード フローラベース 24cm クリア,Holmegaard,Holmegaard(ホルムガード),ホーム＆キッチン > インテリア > ディスプレイ収納・花器,67163,6,,,9350,いいえ,2026-02-23以降,4835,5911,標準2,332,中小候補,NG,GO,見送り,回転不足(消化月数>3),,https://www.amazon.co.jp/dp/B0054JPBD8,
B,B0FBRB35PD,SHAD(シャッド) TR41 TERRA トップケース 41L ブラック バイク リアボックス,シャッド(Shad),シャッド(SHAD),車＆バイク > バイクバッグ・ケース > トップケース・リアボックス,17588,2,,,16955,はい,2026-02-23以降,9949,12663,大型,282,中小候補,GO,GO,見送り,FBA大型サイズ,,https://www.amazon.co.jp/dp/B0FBRB35PD,
B,B0F66T99S4,Shinmax 40000mAh キャンプ 扇風機 充電式扇風機 コードレス TYPE-C 風量4段階調節 自動首振り 最大150時間連続使用 静音,Shinmax,Shinmax,ホーム＆キッチン > 家電 > 空調・季節家電,32070,2,,,8299,はい,2026-02-23以降,5062,6208,標準2,332,中小候補,GO,GO,GO,,,https://www.amazon.co.jp/dp/B0F66T99S4,
B,B0D57FZ4DC,﻿Regency ゴルフ トラベルカバー ABS素材 (7mm保護パッド内蔵) (6ポケット収納) (ハードプレート底部＆アウトドアバギー付き) (1680Dナ,Regency,REGENCYKOREA,スポーツ＆アウトドア > ゴルフ > アクセサリ,48757,2,,,18600,はい,2026-02-23以降,11687,14935,大型,282,中小候補,GO,GO,見送り,FBA大型サイズ,,https://www.amazon.co.jp/dp/B0D57FZ4DC,
B,B0BCFG2VF9,【3ダースセット】ホンマ ゴルフ ボール TW-X TW-S 2021 1ダース 12球入り ホワイト イエロー 3ピース ツアー系 スピン 飛距離 まとめ買い,本間ゴルフ,本間ゴルフ,スポーツ＆アウトドア > ゴルフ > ゴルフボール,13155,3,,,8980,はい,2026-02-23以降,3230,3812,標準2,332,中小候補,GO,GO,GO,,,https://www.amazon.co.jp/dp/B0BCFG2VF9,
B,B0F9YKZMTP,TARION パラボリックソフトボックス ワンタッチ着脱設計 折りたたみ式 ボーエンズマウントライト用 ハニカムグリッド+ディフューザー+バッグ付き,TARION,TARION,家電＆カメラ > カメラ > スタジオ撮影機材,16717,2,,,8999,はい,2026-02-23以降,4917,6643,大型,282,中小候補,GO,GO,見送り,FBA大型サイズ,,https://www.amazon.co.jp/dp/B0F9YKZMTP,
B,B0FKLXHT2L,SainSmart アップグレード磁気ヘルピングハンズ はんだ付けステーション、新しいはんだごてとミニクリップホルダー、5倍拡大LED内蔵、6つの調整可能なグー,SainSmart,SainSmart,DIY・工具・ガーデン > 電動工具・エア工具 > ハンダ付け工具,24445,2,,,10599,はい,2026-02-23以降,4802,5868,標準2,332,中小候補,GO,GO,GO,,,https://www.amazon.co.jp/dp/B0FKLXHT2L,
B,B079DNNQR9,吉祥座布団 NEW麻の葉柄 国産 銘仙判 5枚セット 「中わた たっぷり１ｋｇ」 (ブルー),hamaguchi,HA,ホーム＆キッチン > ラグ・カーテン・ファブリック > クッション・座布団,31581,2,,,8900,はい,2026-02-23以降,5178,6424,大型,282,中小候補,GO,GO,見送り,FBA大型サイズ,,https://www.amazon.co.jp/dp/B079DNNQR9,
B,B013FSJYSM,グローエ(GROHE) メタルシャワーホース1/2 1750mm (金属製外装) 2816500J,グローエ(Grohe),GROHE,DIY・工具・ガーデン > 住宅用設備・製品 > キッチン・バス備品,44830,3,,,12200,いいえ,繰越(境界後の記録なし),7648,9654,標準1,282,中小候補,NG,GO,見送り,回転不足(消化月数>3),,https://www.amazon.co.jp/dp/B013FSJYSM,
B,B078MNL36Z,Hanchen GK9-890 ポータブル袋縫ミシン 0.2-10mm袋口縫い1800-2600針/分 自動割線 3kg軽量で便利 織りバッグ・麻袋・クラフトバ,Hanchen,Hanchen,ホーム＆キッチン > 家電 > 生活家電,62662,1,,,16000,はい,2026-02-23以降,9078,11524,大型,282,中小候補,GO,GO,見送り,FBA大型サイズ / 新品オファー数1,,https://www.amazon.co.jp/dp/B078MNL36Z,
B,B0CP23497R,DENTEN 電卓テンキー (青軸),DENTEN,RB,パソコン・周辺機器 > キーボード・マウス・入力機器 > テンキー,11226,2,,,8820,はい,2026-02-23以降,4145,5550,標準1,282,中小候補,GO,GO,GO,,,https://www.amazon.co.jp/dp/B0CP23497R,
B,B06WD3WHJF,WEIMALL ガレージジャッキ 1.5 低床 速さ2倍 デュアルポンプt 最低位85mm/最高位375mm 軽量 フロアジャッキ ハイブリット ローダウン車対,ウェイモール (WEIMALL),ウェイモール(WEIMALL),車＆バイク > 自動車整備工具 > タイヤ・ホイール用ツール,13623,2,,,14990,はい,2026-02-23以降,8671,10992,大型,282,中小候補,GO,GO,見送り,FBA大型サイズ,,https://www.amazon.co.jp/dp/B06WD3WHJF,
B,B0CXHWYXRQ,ティファール 取っ手のとれる 鍋 フライパンセット 3点セット ガス火専用 PFOAなどの有害物質不使用 「インジニオ･ネオ パリ･コレクション」 こびりつきに,T-Fal,ティファール(T-fal),ホーム＆キッチン > キッチン用品 > 鍋・フライパン,78743,3,,,8980,はい,2026-02-23以降,3945,4747,標準2,332,中小候補,GO,GO,GO,,,https://www.amazon.co.jp/dp/B0CXHWYXRQ,
B,B01N1P5M0Q,テレビ 壁掛け 金具 37～65型 TVセッターフリースタイル VA126 Mサイズ ブラック,STARPLATINUM（液晶テレビ壁掛け専門店）,STARPLATINUM（液晶テレビ壁掛け専門店）,家電＆カメラ > テレビ・レコーダー > アクセサリ,60811,3,,,12947,はい,2026-02-23以降,5893,8024,大型,282,中小候補,NG,GO,見送り,FBA大型サイズ / 回転不足(消化月数>3),,https://www.amazon.co.jp/dp/B01N1P5M0Q,
B,B09YCB5QFN,【静音タイプ】アイリスオーヤマ 静音シュレッダー 家庭用 細断枚数4枚 マイクロクロスカット 細断速度2.0m/分 連続使用10分 キャスター付き ダストボック,アイリスオーヤマ(IRIS OHYAMA),アイリスオーヤマ,文房具・オフィス用品 > オフィス機器 > 電動シュレッダー,34504,4,,,11600,はい,2026-02-23以降,6511,8167,大型,282,大手/海外疑い,NG,GO,見送り,FBA大型サイズ / 回転不足(消化月数>3),,https://www.amazon.co.jp/dp/B09YCB5QFN,
B,B0CRKD3D7R,FMAFNLY ゴルフクラブケース バッグ クラブスタンド 室内外 30本用 組み立て不要 大容量 スタンド式 PU材質,FMAFNLY,FMAFNLY,スポーツ＆アウトドア > ゴルフ > キャディバッグ・ケース,17990,2,,,17990,はい,2026-02-23以降,9596,12202,大型,282,中小候補,GO,GO,見送り,FBA大型サイズ,,https://www.amazon.co.jp/dp/B0CRKD3D7R,
B,B0CVXNDHQS,MICHELANGELO(ミケランジェロ) ステンレススチールソースパン 蓋付き 6点 トリプルベース ステンレススチールポットセット ベークライトハンドル付き,Michelangelo,MICHELANGELO,ホーム＆キッチン > キッチン用品 > 鍋・フライパン,109861,4,,,13707,はい,2026-02-23以降,8450,10639,標準2,332,中小候補,NG,GO,見送り,回転不足(消化月数>3),,https://www.amazon.co.jp/dp/B0CVXNDHQS,
B,B000068HM3,スーパーストリートファイター2,カプコン(CAPCOM),カプコン,ゲーム > 機種別 > レガシーシステム,5236,2,,,14800,はい,2026-02-23以降,8138,10408,標準(小型),182,中小候補,GO,GO,GO,,,https://www.amazon.co.jp/dp/B000068HM3,
B,B0FH5YQNHG,自動調理器 炊飯器 3.5合 2口 同時調理 電気調理器 多機能 左右独立 ダブル釜 蒸し 煮込み スープ 炊飯ジャー 2釜 (マットブラック),life_mart,life_mart,ホーム＆キッチン > 家電 > キッチン家電,45835,3,,,12800,はい,2026-02-23以降,6972,8770,大型,282,中小候補,GO,GO,見送り,FBA大型サイズ,,https://www.amazon.co.jp/dp/B0FH5YQNHG,
B,B0DPFJP3GG,COAST (コースト) LED ヘッドランプ XPH30R 最大1500lmルーメン 最長210m届く 防水防塵 IP54 [正規輸入品],Coast,コースト,スポーツ＆アウトドア > アウトドア > ライト・ランタン,43462,2,LTJ Shop アマゾン店 / スター☆彡,,11880,はい,2026-02-23以降,6582,8260,標準1,282,中小候補,GO,GO,GO,,,https://www.amazon.co.jp/dp/B0DPFJP3GG,
B,B0FSZRWMBH,FMAFNLY ゴルフクラブケース バッグ クラブスタンド 室内外 30本用 組み立て不要 大容量 スタンド式 PU材質,FMAFNLY,FMAFNLY,スポーツ＆アウトドア > ゴルフ > キャディバッグ・ケース,17990,2,,,17990,はい,2026-02-23以降,9596,12202,大型,282,中小候補,GO,GO,見送り,FBA大型サイズ,,https://www.amazon.co.jp/dp/B0FSZRWMBH,
B,B0FD2C5RNS,GIMUYA 新型 ダイハツ アトレー S700V S710V ハイゼットカーゴ 車中泊マット 折りたたみ式 Atrai ベッドキット Hijet 段差解消 快,GIMUYA,GIMUYA,車＆バイク > カーアクセサリ > 車中泊マット,69134,2,,,10980,はい,2026-02-23以降,5427,6750,大型,282,中小候補,GO,GO,見送り,FBA大型サイズ,,https://www.amazon.co.jp/dp/B0FD2C5RNS,
B,B0D9NQLP2J,Jumei カタログスタンド マガジンラック 折りたたみ式 5段 竹製 片面 パンフレットスタンド カタログラック おしゃれ 雑誌ラック 組み立て不要 イベント,Jumei,Jumei,文房具・オフィス用品 > 事務用品 > 机上用品・文具収納,24880,2,,,10800,はい,2026-02-23以降,5685,7087,大型,282,中小候補,GO,GO,見送り,FBA大型サイズ,,https://www.amazon.co.jp/dp/B0D9NQLP2J,
B,B0FWQ957F6,【公式】 RaRas ララス うさぎ クッションピロー 通気性 天然バンブー素材 新生児対応 無香無染 ギフト仕様 使用対象0ヶ月以上 (バンブーメッシュ),RaRas,RaRas,ベビー＆マタニティ > 授乳・食事 > 授乳クッション,2890,2,,,15200,はい,2026-02-23以降,9499,12074,大型,282,中小候補,GO,GO,見送り,FBA大型サイズ,,https://www.amazon.co.jp/dp/B0FWQ957F6,
B,B0DRPFSRMC,Logitech G502 X LIGHTSPEED ワイヤレス ゲーミング マウス ロジテック ライトスピード 無線 ボタンカスタマイズ可能 HERO 25K,Logitech,Logitech,パソコン・周辺機器 > キーボード・マウス・入力機器 > ゲーミングマウス,25145,3,,,14200,はい,2026-02-23以降,8948,12348,標準1,282,大手/海外疑い,NG,GO,見送り,回転不足(消化月数>3),,https://www.amazon.co.jp/dp/B0DRPFSRMC,
B,B0G5N9FMVL,SUNLiGHT ゴミ箱 屋外 大型 210L/350L 大容量 ゴミステーション 大きい 折り畳み式 ガラス除け 荒らし防止 分別箱 多用途 組立簡単 ゴミ収,SUNLiGHT-JP,SUNLiGHT,DIY・工具・ガーデン > エクステリア > 屋外ゴミ収納庫,42386,2,,,14980,はい,2026-02-23以降,8481,10743,不明,282,中小候補,GO,GO,GO,,,https://www.amazon.co.jp/dp/B0G5N9FMVL,
B,B000XUH8BG,セガラリー REVO - Xbox360,セガ,セガ,ゲーム > 機種別 > レガシーシステム,12298,3,,,8712,はい,2026-02-23以降,5480,6933,標準(小型),182,中小候補,NG,GO,見送り,回転不足(消化月数>3),,https://www.amazon.co.jp/dp/B000XUH8BG,
B,B00BT7XU3W,【人気モデル】ペルナンブコ・ヴァイオリン弓 4/4サイズ 真鍮フィッティング 甘美な音 なモデル Pernambuco Violin Bow,VINGOBOW,"Vingo Musical Instruments Co., Ltd.",楽器・音響機器 > 弦楽器 > 弦楽器アクセサリ,8286,3,,,8995,いいえ,繰越(境界後の記録なし),5564,6929,大型,282,中小候補,NG,GO,見送り,FBA大型サイズ / 回転不足(消化月数>3),,https://www.amazon.co.jp/dp/B00BT7XU3W,
B,B0CPXNQC6Z,PORTTA 4K HDMI マルチビューワースイッチ 4x1 PIP付き PORTTA クワッド マルチビューア シームレススイッチャー 4イン1出力 Tos,Portta,PORTTA,家電＆カメラ > オーディオ > ホームオーディオアクセサリ,37388,2,,,17000,はい,2026-02-23以降,8010,11021,標準1,282,中小候補,GO,GO,GO,,,https://www.amazon.co.jp/dp/B0CPXNQC6Z,
B,B0G4CT1HZB,エンラージ商事 VOXY ヴォクシー 90系 対応 ラゲッジドア照明 プロジェクションランプ 警報ランプ キット,EnlargeCorp,株式会社エンラージ商事,車＆バイク > カーパーツ > ライト・ランプ,110097,2,,,9350,はい,2026-02-23以降,5353,6766,標準(小型),182,中小候補,GO,GO,GO,,,https://www.amazon.co.jp/dp/B0G4CT1HZB,
B,B00L27646Y,アメイジング・スパイダーマン2 - PS4,スクウェア・エニックス(SQUARE ENIX),スクウェア・エニックス,ゲーム > 機種別 > プレイステーション4,5126,2,,,13618,はい,2026-02-23以降,8507,10890,標準(小型),182,中小候補,GO,GO,GO,,,https://www.amazon.co.jp/dp/B00L27646Y,
B,B0FL7JZCG1,小型カメラ 隠しカメラ スパイカメラ 監視カメラ小型 【140°広角 スマホ連動 HD1080P 暗視、動体検知 自動警報 4時間稼働 256GB 】小型カメラ,PONAOO,PONAOO,家電＆カメラ > カメラ > 防犯カメラ,12935,2,,,8056,はい,2026-02-23以降,4954,6695,標準1,282,中小候補,GO,GO,GO,,,https://www.amazon.co.jp/dp/B0FL7JZCG1,
B,B075L69WRR,サンワダイレクト HDMI切替器 マトリックス 4K / 30Hz対応 4入力2出力 リモコン付き 光 同軸デジタル 出力 400-SW027,サンワダイレクト,サンワダイレクト,家電＆カメラ > オーディオ > ホームオーディオアクセサリ,31458,2,,,8980,はい,2026-02-23以降,5554,7544,標準1,282,中小候補,GO,GO,GO,,,https://www.amazon.co.jp/dp/B075L69WRR,
B,B0D1DYJ3YR,Hilander(ハイランダー) ハイランドクーラーボックス 25L クーラーBOX ハード ブラック,Hilander(ハイランダー),Hilander(ハイランダー),スポーツ＆アウトドア > アウトドア > クーラーボックス,27744,2,,,10780,はい,2026-02-23以降,6654,8355,大型,282,中小候補,GO,GO,見送り,FBA大型サイズ,,https://www.amazon.co.jp/dp/B0D1DYJ3YR,
B,B09R9RMGDW,シマノ(SHIMANO) ルアー竿 22 マルチランディングシャフト 550 並継 ソルト 玉の柄,シマノ(SHIMANO),シマノ(SHIMANO),スポーツ＆アウトドア > 釣り > 工具,14063,5,,,17710,はい,2026-02-23以降,8862,11241,大型,282,中小候補,NG,GO,見送り,FBA大型サイズ / 回転不足(消化月数>3),,https://www.amazon.co.jp/dp/B09R9RMGDW,
B,B09YGCG177,Slope Book End スロープブックエンド (シルバー),DETAIL inc,DETAIL inc,文房具・オフィス用品 > 事務用品 > 机上用品・文具収納,66437,5,,,11000,はい,2026-02-23以降,6582,8260,大型,282,中小候補,NG,GO,見送り,FBA大型サイズ / 回転不足(消化月数>3),,https://www.amazon.co.jp/dp/B09YGCG177,
B,B0823HK7XX,NEWTRY ダイヤフラム水ポンプ 給水 排水ポンプ 家庭用水ポンプ 12.5L/min 揚程25m 35Psi 圧力スイッチ 自吸式 液体充填、キャンピングカ,NEWTRY,GYX-14,DIY・工具・ガーデン > 電動工具・エア工具 > 給水・排水ポンプ,17943,2,Newtry JP,メーカー直販,13900,はい,2026-02-23以降,7799,9787,標準2,332,中小候補,GO,GO,見送り,相乗り出品が基準未満（卸している証拠なし）,,https://www.amazon.co.jp/dp/B0823HK7XX,
B,B0DX3HT44T,StarTech サーバーラック棚板 1U 19インチラック用 4ポスト 放熱スリット付 取付奥行711～873mm ADJSHELFV-RACK,StarTech.com(スターテック),StarTech.com,パソコン・周辺機器 > PCアクセサリ・サプライ > PC収納ボックス・サーバーラック,29743,2,,,13598,はい,2026-02-23以降,4815,6499,大型,282,中小候補,GO,GO,見送り,FBA大型サイズ,,https://www.amazon.co.jp/dp/B0DX3HT44T,
B,B01H2SNJF0,ナカムラドウキセイサクショ 銅製 玉子焼鍋 18角（18ｃｍ×18ｃｍ）プロ愛用の卵焼き器 卵がふんわり まろやかに 日本製,白猫の旅,中村銅器製作所,ホーム＆キッチン > キッチン用品 > 鍋・フライパン,45966,2,,,9575,はい,2026-02-23以降,5571,6939,標準1,282,中小候補,GO,GO,GO,,,https://www.amazon.co.jp/dp/B01H2SNJF0,
B,B0CC5WSKZC,エゴザル（EGOZARU） ボックス バックパック 40X CORDURA SEZAC-S2321X-012（ブラック/Ｆ/Men's）,EGOZARU,エゴザル,ファッション > バッグ・スーツケース > リュック・バックパック,19089,3,,,11000,はい,2026-02-23以降,5686,7089,大型,282,中小候補,NG,GO,見送り,FBA大型サイズ / 回転不足(消化月数>3),,https://www.amazon.co.jp/dp/B0CC5WSKZC,
B,B0G9318MNS,ポータブルDVDプレーヤー 2026年業界革新 目の保護モード搭載 15.6インチ 超大画面 PS液晶狭額縁 軽量 ポータブルDVD 5000mAh大容量 6時,aestiquo,aestiquo,家電＆カメラ > ポータブルオーディオ > ポータブルDVD・ブルーレイプレーヤー,6172,3,,,12999,はい,2026-02-23以降,5957,8115,大型,282,中小候補,GO,GO,見送り,FBA大型サイズ,,https://www.amazon.co.jp/dp/B0G9318MNS,
B,B000EQHV16,トーエイライト ボールプール用ボール B-3220 (500ヶ) [子供用プール],トーエイライト(TOEI LIGHT),トーエイライト(TOEI LIGHT),おもちゃ > アクション・スポーツトイ > ボールプール・アクセサリ,43626,3,,,8800,はい,2026-02-23以降,5380,6689,大型,282,中小候補,NG,GO,見送り,FBA大型サイズ / 回転不足(消化月数>3),,https://www.amazon.co.jp/dp/B000EQHV16,
B,B0FM3HKFYJ,ポータブルDVDプレーヤー【目の保護モード 14.1インチ液晶大画面 】cd dvdプレーヤー ポータブル 5時間連続再生 リージョンフリー CPRM対応 レジ,aestiquo,aestiquo,家電＆カメラ > ポータブルオーディオ > ポータブルDVD・ブルーレイプレーヤー,36563,3,,,15999,はい,2026-02-23以降,6667,9061,標準2,332,中小候補,GO,GO,GO,,,https://www.amazon.co.jp/dp/B0FM3HKFYJ,
B,B0DXKXC2ZF,AltiKeep 60L 大型家庭用スチール金庫 防火書類バッグ付き 防犯保管庫,AltiKeep,AltiKeep,DIY・工具・ガーデン > 安全・セキュリティ > 金庫・金庫アクセサリ,93061,2,,,18999,はい,2026-02-23以降,12067,15433,大型,282,中小候補,GO,GO,見送り,FBA大型サイズ,,https://www.amazon.co.jp/dp/B0DXKXC2ZF,
B,B0BW82KR3G,【整備済み品】 ヤマハ YAMAHA ウェブキャスティングミキサー オーディオインターフェース 3チャンネル AG03 インターネット配信に便利な機能付き 音楽,ヤマハ(YAMAHA),ヤマハ(YAMAHA),楽器・音響機器 > DTM・DAW > オーディオインターフェイス,162,3,,,18980,はい,2026-02-23以降,8987,11340,標準2,332,中小候補,NG,GO,見送り,回転不足(消化月数>3),,https://www.amazon.co.jp/dp/B0BW82KR3G,
B,B089N4FFG5,【リボンラッピング済み】 バカラ Baccarat ハイボール グラス ヴィータ 1客 2813389ブライダル ウェディング 結婚祝い お祝い,Baccarat,バカラ(Baccart),ホーム＆キッチン > 食器・グラス・カトラリー > グラス,40783,4,,,13880,はい,2026-02-23以降,8623,10929,標準1,282,中小候補,NG,GO,見送り,回転不足(消化月数>3),,https://www.amazon.co.jp/dp/B089N4FFG5,
B,B073BHQQFG,ホルムガード フローラベース 24cm ターコイズ,Holmegaard,Holmegaard(ホルムガード),ホーム＆キッチン > インテリア > ディスプレイ収納・花器,67163,4,,,9350,はい,2026-02-23以降,5745,7101,標準2,332,中小候補,NG,GO,見送り,回転不足(消化月数>3),,https://www.amazon.co.jp/dp/B073BHQQFG,
B,B0DT5J3M9W,TOPAIM ソファー 1人掛け アームチェア 幅65cm ローソファー 無垢材 リネン 洗えるカバー 座椅子 肘付き まくら付き 肉厚クッション14cm 高密,TOPAIM ZONTEN,TOPAIM,ホーム＆キッチン > 家具 > リビングルーム家具,30758,2,,,14980,はい,2026-02-23以降,8967,11379,大型,282,中小候補,GO,GO,見送り,FBA大型サイズ,,https://www.amazon.co.jp/dp/B0DT5J3M9W,
B,B09P51BY9R,Visame アーチ型フロアライト フロアランプ リモコン付き 調光調色 大理石ベース 伸縮可能 スタンド アーチライト 照明 置き型 間接照明 ルームライト ,Visame,Visame,ホーム＆キッチン > 家電 > 照明,31827,2,,,12280,はい,2026-02-23以降,7505,9467,大型,282,中小候補,GO,GO,見送り,FBA大型サイズ,,https://www.amazon.co.jp/dp/B09P51BY9R,
B,B0DK6NJ6V2,Thalia Capos Pink Angel Wing カポタスト Shellシリーズ タリアカポ,Thalia,Thalia,楽器・音響機器 > ギター > ギターアクセサリ,4380,4,,,16720,はい,2026-02-23以降,7462,9524,標準(小型),182,中小候補,NG,GO,見送り,回転不足(消化月数>3),,https://www.amazon.co.jp/dp/B0DK6NJ6V2,
B,B0D62MMC9Q,スマートバスマット（Smart Bath Mat）体組成計モデル 【 スマホ連動/体重管理/速乾 洗える ソフト 珪藻土 バスマット/体重・BMI 記録/ダイエ,スマートバスマット,issin,ホーム＆キッチン > 家電 > 健康家電,45642,3,,,21500,はい,2026-02-23以降,10027,12765,大型,282,中小候補,NG,GO,見送り,FBA大型サイズ / 回転不足(消化月数>3),,https://www.amazon.co.jp/dp/B0D62MMC9Q,
B,B0F7XGFBJR,Surface Pro 12 インチ キーボード オーシャン グリーン EP2-32749,マイクロソフト,マイクロソフト,パソコン・周辺機器 > キーボード・マウス・入力機器 > パソコン用キーボード,39836,5,,,18620,はい,2026-02-23以降,10727,14866,標準1,282,中小候補,NG,GO,見送り,回転不足(消化月数>3),,https://www.amazon.co.jp/dp/B0F7XGFBJR,
B,B0D6G2DNC3,PANCY ソーホース 作業台 木工作業台 完成品 テーブル 2台1組 高さ調節6段階可能 ソーホースセット 2台入 折りたたみ DIY 木材 のこぎり台 高さ,PANCY,PANCY,産業・研究開発用品 > 物流・保管用品 > 作業台,36617,2,,,9882,はい,2026-02-23以降,5629,7013,大型,282,中小候補,GO,GO,見送り,FBA大型サイズ,,https://www.amazon.co.jp/dp/B0D6G2DNC3,
B,B0D4HXTQWP,ジムニー JB64 ジムニーシエラ JB74 ジムニーノマド JC74 LED ウインカーポジション ハイフラ防止 クリアレンズ,DSIC,DSIC（ディーシック）,車＆バイク > カーパーツ > ライト・ランプ,19774,2,,,12160,はい,2026-02-23以降,7206,9076,不明,282,中小候補,GO,GO,GO,,,https://www.amazon.co.jp/dp/B0D4HXTQWP,
B,B08GYNRLCW,[Dom Teporna] 小さめ ビジネスバッグ メンズ ミニバッグ ブリーフケース 牛革 バイナルレザー マチあり 軽量 タブレット B5 書類 収納 コン,Dom Teporna,,ファッション > バッグ・スーツケース > ビジネスバッグ,44543,2,,,9680,はい,2026-02-23以降,4826,5964,標準1,282,中小候補,GO,GO,GO,,,https://www.amazon.co.jp/dp/B08GYNRLCW,
B,B0BX98GX77,[アメリカンツーリスター] スーツケース キャリーケース TWIST WAVES ツイストウェーブス スピナー55 機内持ち込み可 保証付 31L 2.6kg ,AmericanTourister(アメリカンツーリスター),AmericanTourister(アメリカンツーリスター),ファッション > バッグ・スーツケース > スーツケース・トラベルバッグ,46092,4,,,9163,はい,2026-02-23以降,5673,7072,大型,282,中小候補,NG,GO,見送り,FBA大型サイズ / 回転不足(消化月数>3),,https://www.amazon.co.jp/dp/B0BX98GX77,
B,B004E93TRO,三協立山アルミ物干し　テラス用吊下げ型竿掛け　SATV-03K-2　　ブラック　標準タイプ　調整範囲　H=575mmから983ｍｍ　１セット2本入り,三協アルミ,三協立山アルミ,DIY・工具・ガーデン > 建築金物 > 物干し金物,18282,2,,,9900,はい,2026-02-23以降,5405,6721,大型,282,中小候補,GO,GO,見送り,FBA大型サイズ,,https://www.amazon.co.jp/dp/B004E93TRO,
B,B08Y985J2L,セナパラニ SD1000 / SENA Parani SD1000 Bluetooth シリアル変換アダプタ (SD1000-00) [並行輸入品],SENA Technologies,SENA Technologies,パソコン・周辺機器 > PCアクセサリ・サプライ > 変換アダプタ,26013,5,,,14652,はい,2026-02-23以降,7990,11095,標準(小型),182,中小候補,NG,GO,見送り,回転不足(消化月数>3),,https://www.amazon.co.jp/dp/B08Y985J2L,
B,B0G442CBGL,AIボイスレコーダー【生産性を爆上げ•第二の頭脳】Recolx AI議事録 超高精度文字起こし/最先端AI自動要約/同時通訳/行動リスト/AIに質問/話者識別機,RECOLX,"Shenzhen Hongtian Electronics Co., Ltd.",家電＆カメラ > ポータブルオーディオ > ボイスレコーダー,28373,5,,,9999,はい,2026-02-23以降,6317,8727,標準(小型),182,中小候補,NG,GO,見送り,回転不足(消化月数>3),,https://www.amazon.co.jp/dp/B0G442CBGL,
B,B09JYZWPKZ,ペットセレクト のぼれんニャン窓用 本体 (S) (ホワイト) 高さ:約55〜88cm 猫 脱走防止 窓 台所 キッチン 侵入防止,ＰＥＴ　ＳＥＬＥＣＴ,日本育児（Pet Select by Nihonikuji）,ベビー＆マタニティ > セーフティー > ベビーゲート,8096,3,,,9680,はい,2026-02-23以降,5821,7265,不明,282,中小候補,NG,GO,見送り,回転不足(消化月数>3),,https://www.amazon.co.jp/dp/B09JYZWPKZ,
B,B0DKSHB87C,【Amazon 限定ブランド】 エアーベッド H&W 独自技術 セミダブル 電動エアーベッド 来客用 40cm 電動 ポンプ内蔵 キャンプ用品 自動膨張 Typ,H&W,HW,スポーツ＆アウトドア > アウトドア > 寝袋・ベッド・マット,9649,2,,,11980,はい,2026-02-23以降,5567,6933,大型,282,中小候補,GO,GO,見送り,FBA大型サイズ,,https://www.amazon.co.jp/dp/B0DKSHB87C,
B,B0831CQM6J,アイリスオーヤマ コーヒーメーカー 全自動 メッシュフィルター ホワイト WLIAC-A600-W,アイリスオーヤマ(IRIS OHYAMA),アイリスオーヤマ(IRIS OHYAMA),ホーム＆キッチン > 家電 > キッチン家電,21583,3,,,13000,はい,2026-02-23以降,5568,6934,大型,282,大手/海外疑い,NG,GO,見送り,FBA大型サイズ / 回転不足(消化月数>3),,https://www.amazon.co.jp/dp/B0831CQM6J,
B,B0DH8FFJND,コクサイ 盤用マルチキー17+ 配電盤・分電盤用 17タイプ対応 吊下リング+カラビナ/ナスカン付 BMK-17+,コクサイ,コクサイ,DIY・工具・ガーデン > 建築金物 > 建築金具,11714,2,,,8240,はい,2026-02-23以降,5076,6404,標準(小型),182,中小候補,GO,GO,GO,,,https://www.amazon.co.jp/dp/B0DH8FFJND,
B,B08XNHP34S,小型カメラ 隠しカメラ 時計型カメラ 超小型カメラ 1080P画質 ４時間録画 WiFi遠隔操作 モーション検知 自動警報 暗視撮影 iPhone/Androi,LHY,LHY,家電＆カメラ > カメラ > 防犯カメラ,21653,2,,,8450,はい,2026-02-23以降,3723,4953,標準1,282,中小候補,GO,GO,GO,,,https://www.amazon.co.jp/dp/B08XNHP34S,
B,B0763JZJBD,スーパーナット S31MF サイクルバッテリー バッテリー無料回収チケット付 M31MF SMF31MS-730 DC31MF 互換 12V100Ah,スーパーナット(SUPER NATTO),スーパーナット(SUPER NATTO),スポーツ＆アウトドア > 釣り > ボート用品,35437,2,,,18798,はい,2026-02-23以降,11685,14934,不明,282,中小候補,GO,GO,GO,,,https://www.amazon.co.jp/dp/B0763JZJBD,
B,B0D9K2ZJW9,PANCY ミーティングチェア オフィスチェア パイプ椅子 完成品 折りたたみ 会議椅子 メッシュ背もたれ 高反発座面 人間工学 イス 事務 持ち運び アームレ,PANCY,PANCY,文房具・オフィス用品 > オフィス家具・収納 > オフィスチェア,43009,2,,,10580,はい,2026-02-23以降,5556,6918,大型,282,中小候補,GO,GO,見送り,FBA大型サイズ,,https://www.amazon.co.jp/dp/B0D9K2ZJW9,
B,B0D6RBFJR3,seathestars 木目調 折りたたみ デスク チェアー 在宅 2点セット 完成品 幅60×奥行40ｃｍ 折り畳みデスク テレワーク,Ｓｅａ　ｔｈｅ　Ｓｔａｒｓ,seathestars,文房具・オフィス用品 > オフィス家具・収納 > デスク,14341,2,,,9480,はい,2026-02-23以降,5880,7342,不明,282,中小候補,GO,GO,GO,,,https://www.amazon.co.jp/dp/B0D6RBFJR3,
B,B0G7LGPLFK,家電下収納 レンジ台 電子レンジ下ラックキッチン伸縮スライドテーブル 延長されたデザイン ツーウェイ左右設置対応 レンジ下収納ラック引き出し付き 大容量多機能省,NestHeaven,NestHeaven.,ホーム＆キッチン > 収納用品 > キッチン収納,44347,2,,,10440,はい,2026-02-23以降,5729,7144,大型,282,中小候補,GO,GO,見送り,FBA大型サイズ,,https://www.amazon.co.jp/dp/B0G7LGPLFK,
B,B0FP5CWXX6,LUMIEL【インテリアコーディネーター監修】家電下収納 レンジ下収納 電子レンジ下収納 伸縮スライドテーブル 引き出し付き 幅48〜93cm スチール製 レン,LUMIEL,LUMIEL,ホーム＆キッチン > 収納用品 > キッチン収納,38330,2,,,9980,はい,2026-02-23以降,5235,6498,大型,282,中小候補,GO,GO,見送り,FBA大型サイズ,,https://www.amazon.co.jp/dp/B0FP5CWXX6,
B,B0963D12QM,アルマックス(Almax) アルミ製 室外機カバー (グリーン) アルミエアコンカバー ルーバータイプ アルマックス社製 KB-90G,アルマックス (ALMAX),アルマックス(Almax),DIY・工具・ガーデン > エクステリア > エアコン室外機カバー,44373,4,,,10110,はい,2026-02-23以降,5886,7350,大型,282,中小候補,NG,GO,見送り,FBA大型サイズ / 回転不足(消化月数>3),,https://www.amazon.co.jp/dp/B0963D12QM,
B,B0B6FG1FDG,"CONQUERALL CHS-10000 DC 直流 リターン ポンプ 電圧 24V 流量 10,000L/時 消費電力 65W 揚程 7.5m",CONQUERALL,CONQUERALL,ペット用品 > 水生ペット > 水槽のアクセサリ,46786,3,,,17999,はい,2026-02-23以降,9319,11775,標準2,332,中小候補,NG,GO,見送り,回転不足(消化月数>3),,https://www.amazon.co.jp/dp/B0B6FG1FDG,
B,B0DHX8SGJN,【POP MART 公式ストア】HACIPUPU The Constellation シリーズ ぬいぐるみ 【アソートボックス 12ピース】 ポップマート ブラ,POP MART,POP MART,おもちゃ > ぬいぐるみ > ぬいぐるみ人形,51732,3,,,17480,はい,2026-02-23以降,11080,14142,標準1,282,中小候補,NG,GO,見送り,回転不足(消化月数>3),,https://www.amazon.co.jp/dp/B0DHX8SGJN,
B,B084H6NLW9,アームレスト 軽自動車 ハイゼットトラックジャンボ S500/510P ブラック 黒 レザー風 日本製 ダイハツ互換品 コンソールボックス 収納 肘掛け Azu,azur,Azur,車＆バイク > カーアクセサリ > 収納・ホルダー,65894,2,,,9350,はい,2026-02-23以降,5684,7021,標準2,332,中小候補,GO,GO,GO,,,https://www.amazon.co.jp/dp/B084H6NLW9,
B,B0DQQZZVPN,P&S - XPRESSインテリアワイプ - 万能オールインワンクリーニングワイプ レザー、ビニール、プラスチックなど用 - 車の内装や外面に安全 (150枚),P&S Detailing Products,P & S PROFESSIONAL DETAIL PRODUCTS,車＆バイク > 洗車・お手入れ用品 > 車内用洗剤,16262,3,,,11187,はい,2026-02-23以降,6877,8581,標準2,332,中小候補,NG,GO,見送り,回転不足(消化月数>3),,https://www.amazon.co.jp/dp/B0DQQZZVPN,
B,B0DX6WQHYB,LUCKEASY トヨタ 新型 プリウス 50系 前期 後期 2015年12月〜2023年 専用 3Dフロアマット+背もたれカバー+ラゲッジマット,LUCKEASY,LUCKEASY,車＆バイク > カーアクセサリ > フロアマット,88103,2,,,13990,はい,2026-02-23以降,7460,9409,大型,282,中小候補,GO,GO,見送り,FBA大型サイズ,,https://www.amazon.co.jp/dp/B0DX6WQHYB,
B,B075K7RCPY,横トナ ブラザー用 TN-493 4色+ブラック1本 大容量版 互換トナーカートリッジ HL-L8360CDW MFC-L9570CDW など対応,横トナ,横トナ,パソコン・周辺機器 > PCアクセサリ・サプライ > プリンタアクセサリ,27485,2,,,10260,はい,2026-02-23以降,4469,5950,標準2,332,大手/海外疑い,GO,GO,GO,,,https://www.amazon.co.jp/dp/B075K7RCPY,
B,B00362NO3E,ソニー CDラジオカセットレコーダー CFD-E501 : FM/AM対応 シルバー CFD-E501 S,Sony,ソニー(SONY),家電＆カメラ > オーディオ > ラジカセ・CDラジオ,50653,2,,,15800,はい,2026-02-23以降,9938,13690,標準2,332,大手/海外疑い,GO,GO,GO,,,https://www.amazon.co.jp/dp/B00362NO3E,
B,B0D94RVQBS,OM SYSTEM Olympus M.Zuiko Digital 40-150mm F4.0-5.6 R ブラック マイクロフォーサーズシステムカメラ用 3.,OM SYSTEM/オリンパス,OM SYSTEM,家電＆カメラ > カメラ > 交換レンズ,30407,3,,,13800,はい,2026-02-23以降,8688,11980,標準1,282,中小候補,NG,GO,見送り,回転不足(消化月数>3),,https://www.amazon.co.jp/dp/B0D94RVQBS,
B,B0DTXDDWHT,[ニューエラ] トートバッグ ジムバッグ ブラック FREE GYM TOTE BAG BLK 251,NEW ERA(ニューエラ),ニューエラ,ファッション > メンズ > バッグ・財布,34174,6,,,9900,はい,2026-02-23以降,4333,5319,大型,282,中小候補,NG,GO,見送り,FBA大型サイズ / 回転不足(消化月数>3),,https://www.amazon.co.jp/dp/B0DTXDDWHT,
B,B0D8KD7J2P,[バンダイ(BANDAI)] 爆上戦隊ブンブンジャー ブンブンカーシリーズ DXブンブンレオレスキュー,BANDAI,バンダイ(BANDAI),おもちゃ > 子ども向けフィギュア > ロボット・子ども向けフィギュア,16794,6,,,12950,はい,2026-02-23以降,5893,7359,標準1,282,大手/海外疑い,NG,GO,見送り,回転不足(消化月数>3),,https://www.amazon.co.jp/dp/B0D8KD7J2P,
B,B0FS1CQXPB,脱毛器 YETE（エイティー）サファイア冷感 家庭用光脱毛器 VIO対応 男女兼用 フラッシュ式 無痛ムダ毛ケア PSE認証済み サロン級効果 自宅用,yete,"Shenzhen Semlamp Intelligent Technology Co.,Ltd",ホーム＆キッチン > 家電 > 理美容家電,7977,2,,,18499,はい,2026-02-23以降,11572,14721,標準2,332,中小候補,GO,GO,GO,,,https://www.amazon.co.jp/dp/B0FS1CQXPB,
B,B01MZ93GOF,アイガーデン 水栓パン ナチュラル 幅60cm×奥行48cm×高さ20cm アイウッド人工木製 (パンn),アイガーデン(igarden),ライモン株式会社,DIY・工具・ガーデン > ガーデン > 農具・散水用品,66730,2,,,11800,はい,2026-02-23以降,7004,8812,大型,282,中小候補,GO,GO,見送り,FBA大型サイズ,,https://www.amazon.co.jp/dp/B01MZ93GOF,
B,B0FMR8YGJC,[Bellroy] Venture Hip Pack ウエストポーチ - Fog,Bellroy,Bellroy,ファッション > バッグ・スーツケース > ウエストバッグ,180663,2,Bellroy JP / day&day,メーカー直販,12500,はい,2026-02-23以降,4693,5903,標準(小型),182,中小候補,GO,GO,GO,,,https://www.amazon.co.jp/dp/B0FMR8YGJC,
B,B0DBJD5VTC,BRUNO ポケモン ホットサンドメーカー シングル 電気 耳まで焼ける コンパクト プレゼント ギフト ピカチュウ フシギダネ グリーン 緑 BOE131-G,BRUNO,BRUNO,ホーム＆キッチン > 家電 > キッチン家電,74156,5,,,8190,はい,2026-02-23以降,4260,5160,標準2,332,中小候補,NG,GO,見送り,回転不足(消化月数>3),,https://www.amazon.co.jp/dp/B0DBJD5VTC,
B,B0D1XX32KT,GOYOJO デジタルトルクレンチ 高精度 トルクレンチ 耐久性 3モード・4単位 多用途 1/2インチドライブ、記録999 件 自動車整備 タイヤ交換 オート,GOYOJO,GOYOJO,DIY・工具・ガーデン > 作業工具 > 駆動工具,79707,2,,,12600,はい,2026-02-23以降,6270,7852,大型,282,中小候補,GO,GO,見送り,FBA大型サイズ,,https://www.amazon.co.jp/dp/B0D1XX32KT,
B,B01LYNQ7AN,WEIMALL 草刈り機 エンジン式 エンジン草刈機 エンジン刈払機 25cc 草刈機 両手ハンドル 肩掛式 ナイロンカッター・金属刃付属 （通常セット）,ウェイモール (WEIMALL),WEIMALL,DIY・工具・ガーデン > ガーデン > 農業・園芸用機器,27575,2,,,12900,いいえ,繰越(境界後の記録なし),8103,10249,不明,282,中小候補,GO,GO,GO,,,https://www.amazon.co.jp/dp/B01LYNQ7AN,
B,B0B7WGKTVC,【ZIP!で紹介！】ドクターエア 3D アイマジック タッピング 目もとケア 目もとエステ ホットアイマスク 振動 ヒーター機能 5つの自動モード ブラック R,ドクターエア,ドクターエア,ホーム＆キッチン > 家電 > 理美容家電,32828,2,,,19980,はい,2026-02-23以降,8168,10334,標準1,282,中小候補,GO,GO,GO,,,https://www.amazon.co.jp/dp/B0B7WGKTVC,
B,B00X6SHKJC,京セラ(Kyocera) 旧リョービ 充電式 インパクトドライバー 12V BID-1260 658450A 【回転数を2段階で調節 最大締付トルク130N・m,京セラ(Kyocera),京セラ(Kyocera),DIY・工具・ガーデン > 電動工具・エア工具 > 穴あけ・締付工具,38254,5,,,16980,はい,2026-02-23以降,10201,12929,標準2,332,中小候補,NG,GO,見送り,回転不足(消化月数>3),,https://www.amazon.co.jp/dp/B00X6SHKJC,
B,B083HFPVK3,Weber(ウェーバー) バーベキュー コンロ 直径37cm スモーキージョープレミアム キャンプ 焚火台 4-6人用 焚き火台【日本正規品10年保証】 温度計,Weber(ウェーバー),Weber,スポーツ＆アウトドア > アウトドア > バーベキュー・クッキング用品,114213,5,,,15990,はい,2026-02-23以降,8694,11022,大型,282,中小候補,NG,GO,見送り,FBA大型サイズ / 回転不足(消化月数>3),,https://www.amazon.co.jp/dp/B083HFPVK3,
B,B07F3TR8QD,バイオガンス ホワイトスノーシャンプー 4L,BIOGANCE,BIOGANCE,ペット用品 > 犬 > お手入れ用品,22697,6,,,9859,はい,2026-02-23以降,5653,6981,標準2,332,中小候補,NG,GO,見送り,回転不足(消化月数>3),,https://www.amazon.co.jp/dp/B07F3TR8QD,
B,B0DK2RQQ2N,【大容量 & 強力吸引モデル】 アイリスオーヤマ リンサークリーナー 強力吸引 15000Pa 自動ポンプ式 RNSP-P1600 ホワイト,アイリスオーヤマ(IRIS OHYAMA),アイリスオーヤマ(IRIS OHYAMA) (AAEZP),ホーム＆キッチン > 家電 > 生活家電,62460,2,,,19710,はい,2026-02-23以降,9546,12136,大型,282,大手/海外疑い,GO,GO,見送り,FBA大型サイズ,,https://www.amazon.co.jp/dp/B0DK2RQQ2N,
B,B0FHGWWBL1,Biaze 8-in-1 USB-C ハブ MacBook Pro用 4K HDMIアダプター付き 100W PD高速充電、100Mbpsイーサネット、2つのU,biaze,biaze,パソコン・周辺機器 > PCアクセサリ・サプライ > USBハブ,13194,2,,,13534,はい,2026-02-23以降,5966,8230,標準(小型),182,中小候補,GO,GO,GO,,,https://www.amazon.co.jp/dp/B0FHGWWBL1,
B,B07VNCYNV3,セイコーインスツル キャッシュドロア 黒 DRW-A01-K,セイコーインスツル,セイコーインスツル,文房具・オフィス用品 > 店舗・販促用品 > レジスター本体,26106,3,,,10800,はい,2026-02-23以降,6674,8380,大型,282,大手/海外疑い,NG,GO,見送り,FBA大型サイズ / 回転不足(消化月数>3),,https://www.amazon.co.jp/dp/B07VNCYNV3,
B,B07TC4ZWJS,通販のトココ エアコンガスチャージキット マニホールドゲージ エアコン修理 家庭用 家庭用エアコン (ee232) [並行輸入品],通販のトココ,SANPERCY,ホーム＆キッチン > 家電 > 空調・季節家電,84865,2,,,7999,はい,2026-02-23以降,3991,4871,不明,282,中小候補,GO,GO,GO,,,https://www.amazon.co.jp/dp/B07TC4ZWJS,
B,B0F9P7X5LV,Lexar 256GB シルバー プラス マイクロSDカード 最大205MB/秒 MicroSDXC UHS-I フラッシュメモリーカード アダプター付き C1,Lexar,"Lexar Co.,LTD",パソコン・周辺機器 > PCアクセサリ・サプライ > メモリーカード,18138,1,,,47877,はい,2026-02-23以降,10977,15323,標準(小型),182,中小候補,GO,GO,見送り,新品オファー数1,,https://www.amazon.co.jp/dp/B0F9P7X5LV,
B,B01LY95RA6,A.P.D.C. CLEAR イヤークリーンウォーター 詰め替え用 1000mL （1L）,A.P.D.C.,たかくら新産業,ペット用品 > 犬 > ヘルスケア,16203,3,,,9020,はい,2026-02-23以降,5232,6430,標準2,332,中小候補,NG,GO,見送り,回転不足(消化月数>3),,https://www.amazon.co.jp/dp/B01LY95RA6,
B,B0DHKT8RGR,PORTTA HDMI マトリックス 4入力 4出力 4K 60Hz 4イン 4アウト スイッチスプリッター 4x4 ARC付き Toslink 3.5mmオー,Portta,PORTTA,家電＆カメラ > オーディオ > ホームオーディオアクセサリ,20293,2,,,19500,はい,2026-02-23以降,9468,13084,標準1,282,中小候補,GO,GO,GO,,,https://www.amazon.co.jp/dp/B0DHKT8RGR,
B,B0DQ528MFM,RELANESS RelaxHang 飾れる ぶら下がり健康器 【インテリアに合う/高さ調整簡単/お子様にも】懸垂マシン 懸垂バー 筋トレ ハンガーラック RE,RELANESS,STEADY,スポーツ＆アウトドア > フィットネス・トレーニング > 筋力トレーニング,26684,2,,,13290,はい,2026-02-23以降,8356,10580,大型,282,中小候補,GO,GO,見送り,FBA大型サイズ,,https://www.amazon.co.jp/dp/B0DQ528MFM,
B,B0DPFHX3YY,COAST (コースト) LED ヘッドランプ XPH34R 最大2700lm 最長295m届く 防水防塵 IP54 [正規輸入品],Coast,コースト,スポーツ＆アウトドア > アウトドア > ライト・ランタン,43389,2,,,14850,はい,2026-02-23以降,8298,10504,標準1,282,中小候補,GO,GO,GO,,,https://www.amazon.co.jp/dp/B0DPFHX3YY,
B,B0C74778VS,Philips(フィリップス) H4 LEDヘッドライト 【新車検・ロービーム車検対応】 6500K 高輝度タイプ ハイルーメン 自動車用バルブ 11342U3,PHILIPS,Philips(フィリップス),車＆バイク > カーパーツ > ライト・ランプ,13927,2,,,16500,はい,2026-02-23以降,3718,4628,標準(小型),182,大手/海外疑い,GO,GO,GO,,,https://www.amazon.co.jp/dp/B0C74778VS,
B,B0GGGS1MXX,ライラクス(LayLax) コンテナ ガンケース 2.0 ブラック エアガン 2丁 ライフルケース ハンドガンケース 固定ベルト付き ナイロン 2WAY リュッ,ライラクス(LayLax),ライラクス(LayLax),ホビー > エアガン・モデルガン > ガンケース,55056,2,,,12700,はい,2026-02-23以降,7778,9824,大型,282,中小候補,GO,GO,見送り,FBA大型サイズ,,https://www.amazon.co.jp/dp/B0GGGS1MXX,
B,B0D8WLY4JB,【整備済み品】Xperia 10 III/Android 11 / 2021年夏モデル/ 6インチ / ROM 128GB / RAM 6GB / 4500mA,Sony,SONY(ソニー),家電＆カメラ > 携帯電話・スマートフォン > 携帯電話・スマートフォン本体,71381,2,,,19800,はい,2026-02-23以降,12688,17744,標準(小型),182,大手/海外疑い,GO,GO,GO,,,https://www.amazon.co.jp/dp/B0D8WLY4JB,
B,B00708XUXO,三洋化成 ホースリール シャロ S5-Q206R ブルー,三洋化成(Sannyoukasei),三洋化成(Sannyoukasei),DIY・工具・ガーデン > ガーデン > 農具・散水用品,69197,3,,,9875,はい,2026-02-23以降,5384,6694,大型,282,中小候補,NG,GO,見送り,FBA大型サイズ / 回転不足(消化月数>3),,https://www.amazon.co.jp/dp/B00708XUXO,
B,B0BLZBDVFK,Truthear HEXA 1DD+3BAハイブリッド構造PU+LCPダイナミックドライバーのダイアフラム0.78 2PINケーブル柔軟な拡張性DLPインイヤー,Fanmusic,Truthear,楽器・音響機器 > PA音響機器 > インナーイヤーモニター,19438,2,,,15000,はい,2026-02-23以降,7598,9702,標準(小型),182,中小候補,GO,GO,GO,,,https://www.amazon.co.jp/dp/B0BLZBDVFK,
B,B08VDQM1Z7,ダイワ(DAIWA) 21 エメラルダス X イカメタル 70MLS-S,Daiwa,ダイワ(DAIWA),スポーツ＆アウトドア > 釣り > ロッド・アクセサリ,47384,2,,,15500,はい,2026-02-23以降,5974,7465,大型,282,中小候補,GO,GO,見送り,FBA大型サイズ,,https://www.amazon.co.jp/dp/B08VDQM1Z7,
B,B0DPZGMVBL,ダイニングチェア チェアー 天然木 北欧 2脚セット チェア軽量化と取っ手付きに改良 (ブラウン),#PSH,#PSH,ホーム＆キッチン > 家具 > ダイニングルーム家具,18874,2,,,11980,はい,2026-02-23以降,7427,9365,大型,282,中小候補,GO,GO,見送り,FBA大型サイズ,,https://www.amazon.co.jp/dp/B0DPZGMVBL,
B,B0BY8B3R9Q,ヤマハ YAMAHA CK61用ソフトケース SC-DE61,ヤマハ(YAMAHA),ヤマハ,楽器・音響機器 > ピアノ・キーボード > ピアノ・キーボードアクセサリ,5688,2,,,13200,はい,2026-02-23以降,6796,8540,大型,282,中小候補,GO,GO,見送り,FBA大型サイズ,,https://www.amazon.co.jp/dp/B0BY8B3R9Q,
B,B07YN7BH9Y,バッファロー ポータブルSSD 960GB TV録画・取付可能 SSD-PGT960U3-BA,バッファロー,バッファロー,パソコン・周辺機器 > 外付けドライブ・ストレージ > 外付ハードディスクドライブ,22359,3,,,17556,はい,2026-02-23以降,8097,11143,標準1,282,大手/海外疑い,NG,GO,見送り,回転不足(消化月数>3),,https://www.amazon.co.jp/dp/B07YN7BH9Y,
B,B07P9W7C4Q,"タイセイ 万能防水補修塗料 フラッシュシール (ヘラ無し, グレー)",タイセイ,,DIY・工具・ガーデン > 塗装・壁装 > 塗装材,97487,6,,,8900,はい,2026-02-23以降,4948,6059,標準2,332,中小候補,NG,GO,見送り,回転不足(消化月数>3),,https://www.amazon.co.jp/dp/B07P9W7C4Q,
B,B00IJJ4JRE,ALINCO(アルインコ) 特定小電力トランシーバー ホワイト DJ-PB20W,アルインコ(Alinco),アルインコ(ALINCO),家電＆カメラ > 無線・トランシーバー > 特定小電力トランシーバー,23591,3,,,8250,はい,2026-02-23以降,5126,7041,標準(小型),182,中小候補,NG,GO,見送り,回転不足(消化月数>3),,https://www.amazon.co.jp/dp/B00IJJ4JRE,
B,B0C1722PRY,おり釣具 洗練された本格万能 船竿 シーマスタッグ EXソリッド船200（ori-ex200） (錘負荷：100-200号),おり釣具,おり釣具,スポーツ＆アウトドア > 釣り > ロッド・アクセサリ,58236,2,,,13189,はい,2026-02-23以降,7433,9373,大型,282,中小候補,GO,GO,見送り,FBA大型サイズ,,https://www.amazon.co.jp/dp/B0C1722PRY,
B,B0DNKCXPFZ,【40mm本体のみ】Prunarbo 電動剪定バサミ 本体のみ マキタ18V対応 電動はさみ 800W高出力 PR-E40 バッテリー・充電器別売り,Prunarbo,Prunarbo,DIY・工具・ガーデン > ガーデン > 農具・散水用品,35603,2,,,13800,はい,2026-02-23以降,5960,7382,標準2,332,中小候補,GO,GO,GO,,,https://www.amazon.co.jp/dp/B0DNKCXPFZ,
B,B0FMRBGN1K,Bellroy Venture Hip Pack ウエストポーチ - DeepOcean,Bellroy,Bellroy,ファッション > バッグ・スーツケース > ウエストバッグ,181059,4,,,12500,はい,2026-02-23以降,7943,10153,標準(小型),182,中小候補,NG,GO,見送り,回転不足(消化月数>3),,https://www.amazon.co.jp/dp/B0FMRBGN1K,
B,B0FHDSZTTX,除湿機 コンプレッサー式 強力 衣類乾燥 除湿器 12L/日 部屋干し 切入タイマー/おやすみ運転/湿度設定 キャスター付き 省エネ コンパクト 静音,GEKETY,GEKETY,ホーム＆キッチン > 家電 > 空調・季節家電,46475,2,,,19980,はい,2026-02-23以降,9337,11863,大型,282,中小候補,GO,GO,見送り,FBA大型サイズ,,https://www.amazon.co.jp/dp/B0FHDSZTTX,
B,B0F5QC5HML,Ypdnsme ハンドルコントローラー ハンコン Switch PS4 PS3 PC Android対応(7in1(上位版(PS5非対応))),Ypdnsme,Ypdnsme,ゲーム > 機種別 > レガシーシステム,4713,2,,,9988,はい,2026-02-23以降,6145,7688,大型,282,中小候補,GO,GO,見送り,FBA大型サイズ,,https://www.amazon.co.jp/dp/B0F5QC5HML,
B,B0BQYRDPX4,BURTLE バートル エアークラフト ファンユニット(※AC360バッテリーの専用品です) ライム AC371 80 F,BURTLE,バートル(Burtle),DIY・工具・ガーデン > 電動工具・エア工具 > 電動工具パーツ・アクセサリ,16679,2,,,11000,はい,2026-02-23以降,6218,7784,標準1,282,大手/海外疑い,GO,GO,GO,,,https://www.amazon.co.jp/dp/B0BQYRDPX4,
B,B0B7WFRTNH,【ZIP!で紹介！】ドクターエア 3D アイマジック タッピング 目もとケア 目もとエステ ホットアイマスク 振動 ヒーター機能 5つの自動モード ゴールド R,ドクターエア,ドクターエア,ホーム＆キッチン > 家電 > 理美容家電,32697,3,,,14500,はい,2026-02-23以降,8688,11014,標準1,282,中小候補,NG,GO,見送り,回転不足(消化月数>3),,https://www.amazon.co.jp/dp/B0B7WFRTNH,
B,B08L528BDB,ベトナムシート 塗料養生シート 2500x3000mm 10枚 外壁塗装 飛び散り防止,ノーブランド品,ノーブランド品,DIY・工具・ガーデン > 塗装・壁装 > ペイント塗布ツール,28687,2,,,11143,いいえ,繰越(境界後の記録なし),6960,8755,不明,282,中小候補,GO,GO,GO,,,https://www.amazon.co.jp/dp/B08L528BDB,
B,B09KJXSFTB,【国内正規品】Keychron K8 ワイヤレス・ゲーミングメカニカルキーボード87キー/USレイアウト/RGBライト/Gateron G Proメカニカルスイ,Keychron,Keychron,パソコン・周辺機器 > キーボード・マウス・入力機器 > ゲーミングキーボード,49962,2,,,10267,はい,2026-02-23以降,6274,8504,標準2,332,中小候補,GO,GO,GO,,,https://www.amazon.co.jp/dp/B09KJXSFTB,
B,B09FJ85HHT,【旧モデル】クッキングプロ V2 (3.2) 電気圧力鍋,Shop Japan(ショップジャパン),ショップジャパン,ホーム＆キッチン > 家電 > キッチン家電,81286,2,,,12980,はい,2026-02-23以降,8102,10248,大型,282,中小候補,GO,GO,見送り,FBA大型サイズ,,https://www.amazon.co.jp/dp/B09FJ85HHT,
B,B0D537XLYF,[ピーナッツ] スヌーピー SNOOPY 財布 二つ折り財布 本革 TEAM BEAGLE R 束入れ レディース メンズ 73441 (イエロー),Peanuts,株式会社ナダヤ,ファッション > レディース > バッグ・財布,137584,2,,,13200,はい,2026-02-23以降,6253,7943,標準(小型),182,中小候補,GO,GO,GO,,,https://www.amazon.co.jp/dp/B0D537XLYF,
B,B096MHBJMM,帆布工房(はんぷこうぼう) ボストンバッグ [旅行カバン メンズ ボストンバッグ 旅行バッグ sサイズ 帆布] 3X82 ブラック,帆布工房,優美社産業株式会社,ファッション > バッグ・スーツケース > スーツケース・トラベルバッグ,138985,2,,,12100,はい,2026-02-23以降,7504,9466,大型,282,中小候補,GO,GO,見送り,FBA大型サイズ,,https://www.amazon.co.jp/dp/B096MHBJMM,
B,B0D6RMY5KD,[ニューバランス] ゴルフ 継続定番商品 ボストンバッグ [ベーシックモデル] / 大容量 / 012-5981001 010_ブラック FR,new balance(ニューバランス),new balance(ニューバランス),ファッション > バッグ・スーツケース > スポーツ・フィットネスバッグ,24180,5,,,11440,はい,2026-02-23以降,6224,7792,大型,282,中小候補,NG,GO,見送り,FBA大型サイズ / 回転不足(消化月数>3),,https://www.amazon.co.jp/dp/B0D6RMY5KD,
B,B0D3FWG2V7,[Bellroy] Venture Hip Pack ウエストポーチ - Black,Bellroy,Bellroy,ファッション > バッグ・スーツケース > ウエストバッグ,180663,4,,,13090,はい,2026-02-23以降,7130,9090,標準(小型),182,中小候補,NG,GO,見送り,回転不足(消化月数>3),,https://www.amazon.co.jp/dp/B0D3FWG2V7,
B,B08Z2V5PNV,アテックス ATEX ルルド マッサージ器 腰 背中 プレミアム マッサージクッション クロスグランデ ライトグレー AX-HCL348lg 3種のモード くの,アテックス(Atex),アテックス(Atex),ホーム＆キッチン > 家電 > 健康家電,50568,2,,,14280,はい,2026-02-23以降,7338,9184,標準2,332,中小候補,GO,GO,GO,,,https://www.amazon.co.jp/dp/B08Z2V5PNV,
B,B08VDX8M55,ダイワ(DAIWA) 21 エメラルダス X イカメタル 63ULS-S,Daiwa,ダイワ(DAIWA),スポーツ＆アウトドア > 釣り > ロッド・アクセサリ,47384,3,,,17400,はい,2026-02-23以降,7843,9909,大型,282,中小候補,NG,GO,見送り,FBA大型サイズ / 回転不足(消化月数>3),,https://www.amazon.co.jp/dp/B08VDX8M55,
B,B0FLJK6NZT,Thalia Capos PEARL MILKY WAY カポタスト DELUXEシリーズ タリアカポ,Thalia,Thalia,楽器・音響機器 > ギター > ギターアクセサリ,2713,3,,,16720,はい,2026-02-23以降,9161,11746,標準(小型),182,中小候補,NG,GO,見送り,回転不足(消化月数>3),,https://www.amazon.co.jp/dp/B0FLJK6NZT,
B,B07PT8KYXM,"sotto Cherin そっと, 暮らしに寄り沿う仏具 チェリン おりん (金)",sotto,瀬尾製作所株式会社,ホーム＆キッチン > 仏具・神具 > りん,56524,2,,,10980,はい,2026-02-23以降,6240,7926,標準(小型),182,中小候補,GO,GO,GO,,,https://www.amazon.co.jp/dp/B07PT8KYXM,
B,B0FMYH83W8,iNNZEE 多機能 ピロー 首 肩 リラックス【温熱・振動・EMS 】3 in 1 超機能 ✕3段階強度調節 首を伸ばす 枕 1日15分 ネックケア 首 リラ,Innzee,Innzee,ホーム＆キッチン > 家電 > 健康家電,20444,2,,,9980,はい,2026-02-23以降,6205,7767,標準1,282,中小候補,GO,GO,GO,,,https://www.amazon.co.jp/dp/B0FMYH83W8,
B,B01BHPFIOY,Wilson(ウイルソン) プレッシャーライズド テニスボール TOUR STANDARD(ツアー・スタンダード)4球入 1箱(15缶/60球) WRT1038,Wilson(ウイルソン),ウィルソン（Wilson）,スポーツ＆アウトドア > 硬式テニス > ボール,20431,3,,,9270,はい,2026-02-23以降,5210,6466,大型,282,中小候補,NG,GO,見送り,FBA大型サイズ / 回転不足(消化月数>3),,https://www.amazon.co.jp/dp/B01BHPFIOY,
B,B079H4TVH5,Cling On クリングオン ピックアップ CP01,Cling On Pickup,クリングオン(Cling On),楽器・音響機器 > ギター > ギターアクセサリ,16416,3,,,11000,はい,2026-02-23以降,6610,8410,標準(小型),182,中小候補,NG,GO,見送り,回転不足(消化月数>3),,https://www.amazon.co.jp/dp/B079H4TVH5,
B,B0DHSD3TXW,レゴ(LEGO) マーベル スパイディとすごいなかまたち スパイディとゴビーのツリーハウス大作戦：ラプターをやっつけろ 11200 おもちゃ 男の子,レゴ(LEGO),レゴ(LEGO),おもちゃ > ブロック > ブロックセット,13741,3,,,14891,はい,2026-02-23以降,4551,5604,標準1,282,中小候補,NG,GO,見送り,回転不足(消化月数>3),,https://www.amazon.co.jp/dp/B0DHSD3TXW,
B,B0CTQS3Z6P,[ブリーフィング] 【公式正規品】BRA241L40/BS BOX SHOULDER S AG_DARK GRAY,BRIEFING(ブリーフィング),BRIEFING(ブリーフィング),ファッション > メンズ > バッグ・財布,137204,3,,,16500,はい,2026-02-23以降,8298,10504,標準1,282,中小候補,NG,GO,見送り,回転不足(消化月数>3),,https://www.amazon.co.jp/dp/B0CTQS3Z6P,
B,B0G7YTGL5X,IKIFLY テレビ台 テレビボード 収納チェスト ロータイプ 棚付き 引き出し ローボード ポケット付き テレビラックワイドチェス 大容量 フック付き 32/,IKIFLY,IKIFLY,家電＆カメラ > テレビ・レコーダー > アクセサリ,55852,2,,,15890,はい,2026-02-23以降,8746,12062,大型,282,中小候補,GO,GO,見送り,FBA大型サイズ,,https://www.amazon.co.jp/dp/B0G7YTGL5X,
B,B0C67ZHB8J,一番くじ 僕のヒーローアカデミア ーVSー C賞 麗日お茶子フィギュア,BANDAI,Bandai Spirits,ホビー > フィギュア・コレクタードール,56782,3,,,10450,はい,2026-02-23以降,6088,7614,標準1,282,大手/海外疑い,NG,GO,見送り,回転不足(消化月数>3),,https://www.amazon.co.jp/dp/B0C67ZHB8J,
B,B08VY88MPK,igloo(イグルー) クーラーボックス ハンドル・キャスター付き LATITUDE 60 ROLLER 約57L ラティテュード ローラー アウトドア キャン,Igloo,Igloo,スポーツ＆アウトドア > アウトドア > クーラーボックス,66006,2,,,15750,はい,2026-02-23以降,9955,12671,大型,282,中小候補,GO,GO,見送り,FBA大型サイズ,,https://www.amazon.co.jp/dp/B08VY88MPK,
B,B0G7KGJ39Q,家電下収納 レンジ台 電子レンジ下ラックキッチン伸縮スライドテーブル 延長されたデザイン ツーウェイ左右設置対応 レンジ下収納ラック引き出し付き 大容量多機能省,NestHeaven,NestHeaven.,ホーム＆キッチン > 収納用品 > キッチン収納,44396,2,,,10440,はい,2026-02-23以降,5729,7144,大型,282,中小候補,GO,GO,見送り,FBA大型サイズ,,https://www.amazon.co.jp/dp/B0G7KGJ39Q,
B,B0G4BZRJB1,[ベルメゾン] 活性炭 カートリッジ フィルター 薄型 油を素早く再利用できる オイルポット 交換用 10個セット,BELLE MAISON(ベルメゾン),ベルメゾン,ホーム＆キッチン > キッチン用品 > 調理・製菓道具,13960,2,,,8490,はい,2026-02-23以降,5236,6500,標準1,282,中小候補,GO,GO,GO,,,https://www.amazon.co.jp/dp/B0G4BZRJB1,
B,B0DC22JTZ8,OM SYSTEM Olympus M.Zuiko Digital 40-150mm F4.0-5.6 R シルバー マイクロフォーサーズシステムカメラ用 3.,OM SYSTEM/オリンパス,OM SYSTEM,家電＆カメラ > カメラ > 交換レンズ,30407,6,,,15180,はい,2026-02-23以降,9585,13249,標準1,282,中小候補,NG,GO,見送り,回転不足(消化月数>3),,https://www.amazon.co.jp/dp/B0DC22JTZ8,
B,B08BFRQVJ8,中村銅器製作所 銅玉子焼鍋 15cm 角 卵焼き器 フライパン 銅製 玉子焼き 卵焼きフライパン 日本製 プロ愛用 厚焼き玉子,中村銅器製作所,中村銅器製作所,ホーム＆キッチン > キッチン用品 > 鍋・フライパン,31413,2,,,8580,はい,2026-02-23以降,5295,6577,標準1,282,中小候補,GO,GO,GO,,,https://www.amazon.co.jp/dp/B08BFRQVJ8,
B,B0FFSNT12K,ウサギ ペットケージ ハムスター 小動物ケージ キャスター付き 屋根付き 天井扉 飼育 いぬ ネコ うさぎ 組立簡単 ベージュ 3層 高さ107CM・幅72CM,Essgudo,Essgudo,ペット用品 > 小動物 > 飼育ケージ・アクセサリ,19677,2,,,13499,はい,2026-02-23以降,7491,9449,大型,282,中小候補,GO,GO,見送り,FBA大型サイズ,,https://www.amazon.co.jp/dp/B0FFSNT12K,
B,B0DN1M5GC8,WAQ Reversible Cot Blanket リバーシブルコットブランケット コット用ブランケット コットカバー リバーシブル ブランケット 丸洗い可 ,WAQ(ワック),WAQ(ワック),スポーツ＆アウトドア > アウトドア > ブランケット,38853,2,,,7920,はい,2026-02-23以降,4866,6016,大型,282,中小候補,GO,GO,見送り,FBA大型サイズ,,https://www.amazon.co.jp/dp/B0DN1M5GC8,
B,B0CC8X476W,QD-BYM フィッティングルーム 試着室 更衣室 着替え 遮光カーテン シェーディングカーテン付き 衣料品店 洋服店 催事場 安定感 広いスペース 組立簡単 ,QD-BYM,QD-BYM,DIY・工具・ガーデン > 住宅用設備・製品 > キッチン・バス備品,102485,2,,,11980,はい,2026-02-23以降,7298,9196,大型,282,中小候補,GO,GO,見送り,FBA大型サイズ,,https://www.amazon.co.jp/dp/B0CC8X476W,
B,B0CC8D8MZ7,QD-BYM フィッティングルーム 試着室 更衣室 着替え 遮光カーテン シェーディングカーテン付き 衣料品店 洋服店 催事場 安定感 広いスペース 組立簡単 ,QD-BYM,QD-BYM,DIY・工具・ガーデン > 住宅用設備・製品 > キッチン・バス備品,102344,2,,,11980,はい,2026-02-23以降,7298,9196,大型,282,中小候補,GO,GO,見送り,FBA大型サイズ,,https://www.amazon.co.jp/dp/B0CC8D8MZ7,
B,B0CSW3YNZ6,QD-BYM フィッティングルーム 試着室 更衣室 着替え 遮光カーテン シェーディングカーテン付き 衣料品店 洋服店 催事場 安定感 広いスペース 組立簡単 ,QD-BYM,QD-BYM,DIY・工具・ガーデン > 住宅用設備・製品 > キッチン・バス備品,102344,2,,,11980,はい,2026-02-23以降,7298,9196,大型,282,中小候補,GO,GO,見送り,FBA大型サイズ,,https://www.amazon.co.jp/dp/B0CSW3YNZ6,
B,B099N5Y1ZW,パナソニック 頭皮エステ 皮脂洗浄タイプ 白 EH-HM7G-W,パナソニック(Panasonic),パナソニック,ホーム＆キッチン > 家電 > 理美容家電,39953,2,,,14500,はい,2026-02-23以降,9143,11609,標準1,282,大手/海外疑い,GO,GO,GO,,,https://www.amazon.co.jp/dp/B099N5Y1ZW,
B,B0BHLK5HH2,[ダンヒル] ：名刺入れ プレーン 22R2P11PS001R メンズ [並行輸入品],Dunhill(ダンヒル),Dunhill,ファッション > メンズ > バッグ・財布,91189,4,,,14980,はい,2026-02-23以降,7618,9728,標準(小型),182,中小候補,NG,GO,見送り,回転不足(消化月数>3),,https://www.amazon.co.jp/dp/B0BHLK5HH2,
B,B0FT7ZZBL3,recolte レコルト スマートケトルスリム 海外対応 電気ケトル 温度設定 保温機能 軽量 タンブラー型 持ち運び便利 オフィス 旅行 出張 ピンク REK,récolte,ウィナーズ株式会社,ホーム＆キッチン > 家電 > キッチン家電,46799,4,,,8800,はい,2026-02-23以降,4866,6016,標準1,282,中小候補,NG,GO,見送り,回転不足(消化月数>3),,https://www.amazon.co.jp/dp/B0FT7ZZBL3,
B,B084RZZJWC,和平フレイズ 日本製 どこか懐かしい クラシカルケトル 2.7L 木柄 IH対応 CS-005 千歳(ちとせ) ステンレス,和平フレイズ(Wahei freiz),和平フレイズ(Wahei freiz),ホーム＆キッチン > キッチン用品 > 調理・製菓道具,35592,3,,,8777,はい,2026-02-23以降,3985,4865,標準1,282,中小候補,NG,GO,見送り,回転不足(消化月数>3),,https://www.amazon.co.jp/dp/B084RZZJWC,
B,B000PC1SF4,アイリスオーヤマ メタルミニ 突っ張り ラック MTO-8021TP,アイリスオーヤマ(IRIS OHYAMA),アイリスオーヤマ(IRIS OHYAMA),ホーム＆キッチン > 家具 > 収納家具,93322,3,,,11800,はい,2026-02-23以降,6667,8372,大型,282,大手/海外疑い,NG,GO,見送り,FBA大型サイズ / 回転不足(消化月数>3),,https://www.amazon.co.jp/dp/B000PC1SF4,
B,B01MDLXOYL,アストロプロダクツ エアサブタンク 38L | 重量12kg スチール製 タンク取っ手付き 予備タンク 補助タンク サブタンク,アストロプロダクツ,アストロプロダクツ,DIY・工具・ガーデン > 電動工具・エア工具 > エア工具,24739,6,,,10989,はい,2026-02-23以降,6431,8063,大型,282,中小候補,NG,GO,見送り,FBA大型サイズ / 回転不足(消化月数>3),,https://www.amazon.co.jp/dp/B01MDLXOYL,
B,B07VB4CJ1J,VOX(ヴォックス) ミニギター SDC-1 mini WH ホワイト ショートスケール レギュラーチューニング対応 手の小さな女性やお子様に最適 キャリーバッ,VOX(ヴォックス),KORG(コルグ),楽器・音響機器 > ギター > エレキギター,5566,3,,,12980,はい,2026-02-23以降,7986,10096,大型,282,中小候補,NG,GO,見送り,FBA大型サイズ / 回転不足(消化月数>3),,https://www.amazon.co.jp/dp/B07VB4CJ1J,
B,B0F89XPP77,【屋外で使えるコードレス扇風機】±0 プラスマイナスゼロ テラスファン XQS-K030 (グレー) コードレス コンセントがないからおしゃれ 金属羽根で丈夫 ,PLUS MINUS ZERO,プラマイゼロ,ホーム＆キッチン > 家電 > 空調・季節家電,50579,5,,,19800,はい,2026-02-23以降,12588,16114,大型,282,中小候補,NG,GO,見送り,FBA大型サイズ / 回転不足(消化月数>3),,https://www.amazon.co.jp/dp/B0F89XPP77,
B,B01C6WCST0,TAMASHII NATIONS S.H.フィギュアーツ ウルトラマン 約150mm PVC&ABS製 塗装済み可動フィギュア,TAMASHII NATIONS,BANDAI SPIRITS(バンダイ スピリッツ),ホビー > フィギュア・コレクタードール,75782,2,,,8980,はい,2026-02-23以降,4108,5138,標準(小型),182,大手/海外疑い,GO,GO,GO,,,https://www.amazon.co.jp/dp/B01C6WCST0,
B,B0GLXXQLSN,[コロンビア] パナシーアクロスオーバー26Lバックパック Panacea™ Crossover 26L Backpack PU8925(030：Charcoa,Columbia(コロンビア),,ファッション > バッグ・スーツケース > スポーツ・フィットネスバッグ,37777,6,,,13400,はい,2026-02-23以降,8428,10674,大型,282,中小候補,NG,GO,見送り,FBA大型サイズ / 回転不足(消化月数>3),,https://www.amazon.co.jp/dp/B0GLXXQLSN,
B,B075MHRPYP,SWISSWIN SW8112Nリュック スイスウィン メンズ リュックサック デイパック バックパック レディース 大容量 38L 通学 (ブラック),SWISSWIN(スイスウィン),,ファッション > バッグ・スーツケース > リュック・バックパック,100472,2,,,9880,はい,2026-02-23以降,5818,7262,大型,282,中小候補,GO,GO,見送り,FBA大型サイズ,,https://www.amazon.co.jp/dp/B075MHRPYP,
B,B00PMN7JY0,ダイワ(DAIWA) 渓流竿 テンカラRT 33 釣り竿,Daiwa,ダイワ(DAIWA),スポーツ＆アウトドア > 釣り > ロッド・アクセサリ,26400,5,,,9499,はい,2026-02-23以降,4850,5995,大型,282,中小候補,NG,GO,見送り,FBA大型サイズ / 回転不足(消化月数>3),,https://www.amazon.co.jp/dp/B00PMN7JY0,
B,B0DP6LN32C,山崎実業(Yamazaki) シンク下 スライドラック 2段 ホワイト W30.4×D42.4～68.5×H45.3cm タワー tower 収納ラック シンク,Yamazaki(山崎実業),山崎実業(Yamazaki),ホーム＆キッチン > 収納用品 > キッチン収納,12251,3,,,11000,はい,2026-02-23以降,4008,4894,大型,282,中小候補,NG,GO,見送り,FBA大型サイズ / 回転不足(消化月数>3),,https://www.amazon.co.jp/dp/B0DP6LN32C,
B,B0FNMGHQ9Y,FLEXISPOT バランスチェア 姿勢矯正 デスクチェア 昇降デスク対応 オフィスチェア 高さ調整 腰ストレッチ 腰痛 椅子 コンパクト スツール 在宅 BH,FLEXISPOT,FLEXISPOT,文房具・オフィス用品 > オフィス家具・収納 > オフィスチェア,28429,2,,,9996,はい,2026-02-23以降,6215,7780,大型,282,中小候補,GO,GO,見送り,FBA大型サイズ,,https://www.amazon.co.jp/dp/B0FNMGHQ9Y,
B,B00T9VGAJQ,CABINZERO キャビンゼロ - CLASSIC 44L Absolute Black,CabinZero(キャビンゼロ),Cabin Zero,ファッション > バッグ・スーツケース > リュック・バックパック,64205,6,,,13750,はい,2026-02-23以降,6868,8634,大型,282,中小候補,NG,GO,見送り,FBA大型サイズ / 回転不足(消化月数>3),,https://www.amazon.co.jp/dp/B00T9VGAJQ,
B,B0B4HVC37W,三菱電機(MITSUBISHI ELECTRIC) 標準換気扇メタルコンパック スタンダードタイプ 台所用 電気式シャッター引きひもなし EX-25EMP9,三菱電機(MITSUBISHI ELECTRIC),三菱電機(MITSUBISHI ELECTRIC),DIY・工具・ガーデン > 住宅用設備・製品 > 換気扇,38589,5,,,14900,はい,2026-02-23以降,6868,8634,大型,282,中小候補,NG,GO,見送り,FBA大型サイズ / 回転不足(消化月数>3),,https://www.amazon.co.jp/dp/B0B4HVC37W,
B,B0FYP25H27,ONPU 空気清浄機【本体】8畳 小型 コンパクト 花粉 脱臭 除菌 静音 自動運転 寝室 日本企業開発リビング ペット 省エネ 玄関 ハウスダスト,ONPU,ONPU,ホーム＆キッチン > 家電 > 空調・季節家電,45325,2,,,12980,はい,2026-02-23以降,7311,9213,大型,282,中小候補,GO,GO,見送り,FBA大型サイズ,,https://www.amazon.co.jp/dp/B0FYP25H27,
B,B09XXBGVMB,【Toffy/トフィー】 HOT&ICEハンドドリップコーヒーメーカー K-CM10 アイスコーヒー 回転ドリップ 蒸らし機能 保温 レトロ アッシュホワイト ,TOFFY,ラドンナ,ホーム＆キッチン > 家電 > キッチン家電,156332,3,,,10800,はい,2026-02-23以降,4222,5174,大型,282,中小候補,NG,GO,見送り,FBA大型サイズ / 回転不足(消化月数>3),,https://www.amazon.co.jp/dp/B09XXBGVMB,
B,B00287AFJY,キンボシ(Kinboshi) ゴールデンスター 鍛造造林鎌 西型380g 1674,キンボシ(Kinboshi),キンボシ(Kinboshi),DIY・工具・ガーデン > ガーデン > 農具・散水用品,45128,4,,,9462,はい,2026-02-23以降,5285,6565,大型,282,中小候補,NG,GO,見送り,FBA大型サイズ / 回転不足(消化月数>3),,https://www.amazon.co.jp/dp/B00287AFJY,
B,B0G2XXFD4Z,[クライミー] ROB サングラス メンズ バイカーシェード 薄い色レンズ UV カット レンズ対応 ウェリントン型 軽量 フィット調整可能 男女兼用 ユニセッ,CRIMIE(クライミー),THE CRIMIE,ファッション > メンズ > 服＆ファッション小物,82450,2,,,18700,いいえ,繰越(境界後の記録なし),11973,15423,標準(小型),182,中小候補,GO,GO,GO,,,https://www.amazon.co.jp/dp/B0G2XXFD4Z,
B,B089399RJJ,Cartist スズキ ジムニー JB64型 ジムニーシエラ JB74型 3Dフロアマット 立体カーマット マニュアル用 H30.7〜現行 JIMNY SIER,CARTIST,CARTIST,車＆バイク > カーアクセサリ > フロアマット,12476,2,,,9200,はい,2026-02-23以降,4801,5931,大型,282,中小候補,GO,GO,見送り,FBA大型サイズ,,https://www.amazon.co.jp/dp/B089399RJJ,
B,B01MSDY5JG,アストロプロダクツ モーターサイクル チェーンカット&カシメツールセット 11点組 | バイク整備 チェーン切断 圧入 かしめ作業,アストロプロダクツ,アストロプロダクツ,スポーツ＆アウトドア > 自転車 > メンテナンス用品,36830,2,,,9570,はい,2026-02-23以降,5074,6288,標準1,282,中小候補,GO,GO,GO,,,https://www.amazon.co.jp/dp/B01MSDY5JG,
B,B0BRR6YQ82,ロジテック CDドライブ スマホ用CD録音ドライブ Wi-Fi対応 2.4GHz iOS Android対応 USB3.0 ホワイト LDR-SM2WURWH,ロジテック,ロジテック,パソコン・周辺機器 > 外付けドライブ・ストレージ > 外付光学式ドライブ,21564,6,,,9700,はい,2026-02-23以降,4905,6625,標準1,282,中小候補,NG,GO,見送り,回転不足(消化月数>3),,https://www.amazon.co.jp/dp/B0BRR6YQ82,
B,B0DK5XJYPB,マテル ジュラシックワールド(JURASSIC WORLD) ダリウスの大ピンチ! バリオニクス バトルセット 子供向けフィギュア 恐竜 おもちゃ 動く 大きい,マテル(MATTEL),マテル(MATTEL),おもちゃ > 子ども向けフィギュア > 恐竜・古代生物,26005,2,,,8980,はい,2026-02-23以降,2396,2786,標準1,282,中小候補,GO,GO,GO,,,https://www.amazon.co.jp/dp/B0DK5XJYPB,
B,B0DW1CNFZM,Hilander(ハイランダー) ウッドロールトップテーブルLIGHT120 BLACK オールブラック キャンプ テーブル アウトドア ロールテーブル 天然 ,Hilander(ハイランダー),Hilander(ハイランダー),スポーツ＆アウトドア > アウトドア > テーブル・チェア・ハンモック,23390,3,,,13980,はい,2026-02-23以降,6583,8261,大型,282,中小候補,NG,GO,見送り,FBA大型サイズ / 回転不足(消化月数>3),,https://www.amazon.co.jp/dp/B0DW1CNFZM,
B,B0FKB21W6G,YZ HOME フェイクファー ふわふわ 抱き枕 大人用 ソフトサポート,YZ HOME,YZ HOME,ホーム＆キッチン > 寝具 > 枕・抱き枕,44205,3,,,14172,はい,2026-02-23以降,8131,10221,標準2,332,中小候補,NG,GO,見送り,回転不足(消化月数>3),,https://www.amazon.co.jp/dp/B0FKB21W6G,
B,B09WYF7PZ7,HOKEEPER ハンガーラック パイプハンガーラック 耐荷重200KG 業務用 3ウェイ シングル 大容量 収納ラック 物干し スタンド 洋服ハンガー 衣類収,Hokeeper,HOKEEPER,ホーム＆キッチン > 家具 > 収納家具,22932,2,,,9605,はい,2026-02-23以降,5698,7104,大型,282,中小候補,GO,GO,見送り,FBA大型サイズ,,https://www.amazon.co.jp/dp/B09WYF7PZ7,
B,B0DBJF7HXN,BRUNO ポケモン ホットサンドメーカー シングル 電気 耳まで焼ける コンパクト プレゼント ギフト ピカチュウ ヒトカゲ 赤 レッド BOE131-RD,BRUNO,BRUNO,ホーム＆キッチン > 家電 > キッチン家電,74156,3,,,8190,はい,2026-02-23以降,4778,5836,標準2,332,中小候補,NG,GO,見送り,回転不足(消化月数>3),,https://www.amazon.co.jp/dp/B0DBJF7HXN,
B,B07STZDY12,ベビー枕 向き癖防止 ベビーマット 天使のねむり 赤ちゃん 絶壁 頭の形 (カバー1枚セット),バランスボディ研究所,バランスボディ研究所,ベビー＆マタニティ > ベビー布団・寝具 > ベビー布団,8175,1,,,14399,はい,2026-02-23以降,9077,11523,大型,282,中小候補,GO,GO,見送り,FBA大型サイズ / 新品オファー数1,,https://www.amazon.co.jp/dp/B07STZDY12,
B,B08VY61Y3X,igloo(イグルー) クーラーボックス ハンドル・キャスター付き LATITUDE 60 ROLLER 約57L ラティテュード ローラー アウトドア キャン,Igloo,Igloo,スポーツ＆アウトドア > アウトドア > クーラーボックス,66006,5,,,12800,はい,2026-02-23以降,7622,9620,大型,282,中小候補,NG,GO,見送り,FBA大型サイズ / 回転不足(消化月数>3),,https://www.amazon.co.jp/dp/B08VY61Y3X,
B,B07Z5GJDCT,アイリスオーヤマ(IRIS) タフキャリー ネイビー/クリア 39×74×35 TFC-390 4個セット,アイリスオーヤマ(IRIS OHYAMA),アイリスオーヤマ(IRIS OHYAMA),ホーム＆キッチン > 収納用品 > 収納ケース・ボックス,56497,4,,,9460,はい,2026-02-23以降,4917,6083,大型,282,大手/海外疑い,NG,GO,見送り,FBA大型サイズ / 回転不足(消化月数>3),,https://www.amazon.co.jp/dp/B07Z5GJDCT,
B,B0FRMRHGHD,【家族の音量争いに終止符・Youon Proお手元スピーカー】 Earaku 優音 テレビスピーカー 業界初大出力 20W 思いやり手元スピーカー ゼロ遅延 ワ,ミニスーツ(Minisuit),ミニスーツ(Minisuit),家電＆カメラ > オーディオ > スピーカー,24796,2,,,8999,はい,2026-02-23以降,4607,6145,標準2,332,中小候補,GO,GO,GO,,,https://www.amazon.co.jp/dp/B0FRMRHGHD,
B,B0C2BDP583,REALFORCE リアルフォース 東プレ RM1 マウス 静音 有線 ダークグレー 静電容量無接点方式 オプティカルセンサー 5ボタン 高耐久 キー割り当て機,REALFORCE,‎Topre Corporation,パソコン・周辺機器 > キーボード・マウス・入力機器 > マウス,28362,3,,,13376,はい,2026-02-23以降,7597,10538,標準(小型),182,中小候補,NG,GO,見送り,回転不足(消化月数>3),,https://www.amazon.co.jp/dp/B0C2BDP583,
B,B001YQGR1A,イース I & II Chronicles - PSP,日本ファルコム,日本ファルコム,ゲーム > 機種別 > レガシーシステム,15097,3,,,8279,はい,2026-02-23以降,4355,5461,標準(小型),182,中小候補,NG,GO,見送り,回転不足(消化月数>3),,https://www.amazon.co.jp/dp/B001YQGR1A,
B,B06XT4QXV7,オレゴン 純正ソーチェーン 91PX-52E 3本入 チェーンソー 替刃 91PX052E 【ハスクバーナ:H35-52E／スチール:63PM3-52】,Oregon,Oregon(オレゴン),DIY・工具・ガーデン > 電動工具・エア工具 > 電動工具パーツ・アクセサリ,14886,4,,,8000,はい,2026-02-23以降,4866,6016,標準1,282,中小候補,NG,GO,見送り,回転不足(消化月数>3),,https://www.amazon.co.jp/dp/B06XT4QXV7,
B,B0F8HNQWQ4,AetherTech サイドバッグ バイク サイド バッグ 汎用 左右セット サドルバッグ 高密度レザー 防水 大容量 取り付け簡単 南京錠 ドリンクホルダー付,AetherTech,AetherTech,車＆バイク > バイクバッグ・ケース > サイドバッグ・サドルバッグ,38948,2,,,9980,はい,2026-02-23以降,5882,7345,大型,282,中小候補,GO,GO,見送り,FBA大型サイズ,,https://www.amazon.co.jp/dp/B0F8HNQWQ4,
B,B083HCCN23,Bosch（ボッシュ）コードレス エアポンプ 自転車・ボール 電動 空気入れ 最大圧力 150PSI/10.3bar / 圧力オートストップ（自動停止）機能搭載,Bosch,ボッシュ(BOSCH),スポーツ＆アウトドア > 自転車 > メンテナンス用品,85569,5,,,9800,はい,2026-02-23以降,2955,3517,標準1,282,中小候補,NG,GO,見送り,回転不足(消化月数>3),,https://www.amazon.co.jp/dp/B083HCCN23,
B,B0BY8D2MJT,コンベクションオーブントースター ストーンブラック 日立 HMO-F300-B,日立(HITACHI),日立(HITACHI),ホーム＆キッチン > 家電 > キッチン家電,45942,6,,,16729,はい,2026-02-23以降,9338,11864,大型,282,大手/海外疑い,NG,GO,見送り,FBA大型サイズ / 回転不足(消化月数>3),,https://www.amazon.co.jp/dp/B0BY8D2MJT,
B,B0FBWPXKW5,ママ倉 家電下収納 レンジ下収納 大容量 レンジ下スライドテーブル 伸縮式 ブラック 1杯,ママ倉,ママ倉,ホーム＆キッチン > 収納用品 > キッチン収納,24167,5,,,8177,はい,2026-02-23以降,5033,6234,大型,282,中小候補,NG,GO,見送り,FBA大型サイズ / 回転不足(消化月数>3),,https://www.amazon.co.jp/dp/B0FBWPXKW5,
B,B0CGV7T8W1,プルテックス アンチオックス ブラック 6個入り AITANA WINE HOUSE,AITANA WINE HOUSE,Pulltex,ホーム＆キッチン > キッチン用品 > ワイン・酒・バー用品,71768,3,,,18360,はい,2026-02-23以降,11652,14890,不明,282,中小候補,NG,GO,見送り,回転不足(消化月数>3),,https://www.amazon.co.jp/dp/B0CGV7T8W1,
B,B079T27WGC,アイリスオーヤマ ワードローブ 幅59.2×奥行54.9×高さ180.2cm ウォールナット WDR-1860,アイリスオーヤマ(IRIS OHYAMA),アイリスオーヤマ(IRIS OHYAMA),ホーム＆キッチン > 家具 > ベッドルーム家具,74350,6,,,18127,はい,2026-02-23以降,10708,13656,大型,282,大手/海外疑い,NG,GO,見送り,FBA大型サイズ / 回転不足(消化月数>3),,https://www.amazon.co.jp/dp/B079T27WGC,
B,B0DKWS1XV7,WAQ EASE SHADE 日除けシェード 簡易テント日除けテント テント サンシェード 遮光 遮熱 メッシュ フルクローズ ピクニック UVカットソロキャン,WAQ(ワック),WAQ（ワック）,スポーツ＆アウトドア > アウトドア > サンシェード・シェルター,40476,2,,,14800,はい,2026-02-23以降,8376,10606,大型,282,中小候補,GO,GO,見送り,FBA大型サイズ,,https://www.amazon.co.jp/dp/B0DKWS1XV7,
B,B0FDKPFXHR,Y&H 60A MPPT ソーラーパネル充電コントローラー 12V 24V オート 最大100V PV入力 GEL SLD FLD LI ユーザーバッテリー電圧,Y&H,Y&H,DIY・工具・ガーデン > 住宅用設備・製品 > 発電設備,75904,2,,,11549,はい,2026-02-23以降,6803,8485,標準2,332,中小候補,GO,GO,GO,,,https://www.amazon.co.jp/dp/B0FDKPFXHR,
B,B00EYVHC3O,法人様向け カグクロ 折りたたみ会議テーブル ホワイト W1800×D600×H700mm 長机 NTH-1860-WH,カグクロ,カグクロ,文房具・オフィス用品 > オフィス家具・収納 > テーブル,14260,2,,,9590,はい,2026-02-23以降,5239,6503,不明,282,中小候補,GO,GO,GO,,,https://www.amazon.co.jp/dp/B00EYVHC3O,
B,B0DRBMKK3J,BelleLife コーヒーメーカー 全自動 コーヒーマシン 豆・粉両対応 ミル付き メッシュフィルター付 アイスコーヒー 真空断熱タンブラー付 トレイ調節可能,BelleLife,BelleLife,ホーム＆キッチン > 家電 > キッチン家電,30396,2,,,9955,はい,2026-02-23以降,6074,7531,標準2,332,中小候補,GO,GO,GO,,,https://www.amazon.co.jp/dp/B0DRBMKK3J,
B,B001MTCS12,オープン工業 ドリル2穴パンチ D-2,オープン(Open),オープン,文房具・オフィス用品 > 事務用品 > ホチキス・穴あけパンチ,38650,4,,,8500,はい,2026-02-23以降,5243,6509,標準1,282,中小候補,NG,GO,見送り,回転不足(消化月数>3),,https://www.amazon.co.jp/dp/B001MTCS12,
B,B0FRDMN385,ふくらはぎケア ブラック【コードレス・2つ付き】日韓人気 レッグケア グローバルで500万台突破 空気圧 3モード 強度調整可 Cタイプ充電ケーブル付き USB,PULIO,PULIO,ホーム＆キッチン > 家電 > 健康家電,39705,2,,,12800,はい,2026-02-23以降,7904,9925,標準2,332,中小候補,GO,GO,GO,,,https://www.amazon.co.jp/dp/B0FRDMN385,
B,B0DPZFX6LW,ダイニングチェア チェアー 天然木 北欧 2脚セット チェア軽量化と取っ手付きに改良 (ナチュラル),#PSH,#PSH,ホーム＆キッチン > 家具 > ダイニングルーム家具,18853,2,,,11980,はい,2026-02-23以降,7427,9365,大型,282,中小候補,GO,GO,見送り,FBA大型サイズ,,https://www.amazon.co.jp/dp/B0DPZFX6LW,
B,B0CSFRCMCF,シマノ(SHIMANO) クーラーボックス フィクセル ライト 17L NF-417X ピュアホワイト,シマノ(SHIMANO),シマノ(SHIMANO),スポーツ＆アウトドア > アウトドア > クーラーボックス,63818,1,,,17274,はい,2026-02-23以降,7889,9969,大型,282,中小候補,GO,GO,見送り,FBA大型サイズ / 新品オファー数1,,https://www.amazon.co.jp/dp/B0CSFRCMCF,
B,B0DK6RX7XV,Thalia Capos Teal Angel Wing カポタスト Shellシリーズ タリアカポ,Thalia,Thalia,楽器・音響機器 > ギター > ギターアクセサリ,2425,2,,,13200,はい,2026-02-23以降,7540,9626,標準(小型),182,中小候補,GO,GO,GO,,,https://www.amazon.co.jp/dp/B0DK6RX7XV,
B,B087F695LV,WEIMALL 電動ウインチ 12v 4000LBS（1814kg）ロープタイプ 傷がつきにくい無線リモコン付属 防水仕様 自動 牽引 ELWD1240R,ウェイモール (WEIMALL),WEIMALL,産業・研究開発用品 > 物流・保管用品 > ウィンチ・ウィンチアクセサリ,8858,2,,,14950,はい,2026-02-23以降,8326,10476,標準2,332,中小候補,GO,GO,GO,,,https://www.amazon.co.jp/dp/B087F695LV,
B,B0F7L63MD2,扇風機 羽なし 1年中使える 冷暖兼用 タワーファン 温風 冷風 羽根なし扇風機 180°上下調節 左右自動首振り 節電 サーキュレーター,Boweer,Boweer,ホーム＆キッチン > 家電 > 空調・季節家電,31986,2,,,17999,はい,2026-02-23以降,11417,14583,大型,282,中小候補,GO,GO,見送り,FBA大型サイズ,,https://www.amazon.co.jp/dp/B0F7L63MD2,
B,B0B87SKD52,[agnes b.] [アニエスべー] トートバック WEB限定 SAS22-01 レディース Free アイボリー,agnes b.,agnes b.(アニエスベー),ファッション > レディース > バッグ・財布,23193,3,,,12500,はい,2026-02-23以降,6296,7886,標準1,282,中小候補,NG,GO,見送り,回転不足(消化月数>3),,https://www.amazon.co.jp/dp/B0B87SKD52,
B,B007IESN5A,ピカコーポレイション 踏台 PFC-79BL2,ピカ(PiCa),ピカ(PiCa),産業・研究開発用品 > 物流・保管用品 > はしご・脚立,16258,2,,,11000,はい,2026-02-23以降,6796,8540,大型,282,中小候補,GO,GO,見送り,FBA大型サイズ,,https://www.amazon.co.jp/dp/B007IESN5A,
B,B07VKP5QKM,KEF LSX II/LT用 P1 デスクスタンド/デスクパッド （ブラック）,KEF,KEF,文房具・オフィス用品 > 事務用品 > 机上用品・文具収納,33669,5,,,17820,はい,2026-02-23以降,11251,14301,標準2,332,中小候補,NG,GO,見送り,回転不足(消化月数>3),,https://www.amazon.co.jp/dp/B07VKP5QKM,
B,B00O8NXOFI,【2袋セット】ロイヤルカナン 食事療法食 猫用 消化器サポート 可溶性繊維 ドライ 2kg,ロイヤルカナン,ROYAL CANIN Japan,ペット用品 > 猫 > キャットフード,7624,3,,,14400,はい,2026-02-23以降,8677,10935,標準2,332,中小候補,NG,GO,見送り,回転不足(消化月数>3),,https://www.amazon.co.jp/dp/B00O8NXOFI,
B,B08JSS381F,Poafamx ドラム缶用オイルポンプ ハンドロータリータイプ 50L/min 軽量・ポータブル 軽油・灯油・重油適用 使用簡単・省力 アルミ製給油ポンプ(Y-,Poafamx,Poafamx,車＆バイク > 自動車整備工具 > 燃料・オイル用ツール,18366,2,,,10900,はい,2026-02-23以降,6753,8419,標準2,332,中小候補,GO,GO,GO,,,https://www.amazon.co.jp/dp/B08JSS381F,
B,B09QZC4RKJ,[ネオコントラスト] サングラス チタン製 調光サングラス 夜間 運転 UVで色が濃くなる UVカット ナイト ドライブ 福井県 鯖江産 ゴールド チタン SA,ネオコントラスト,株式会社ホプニック研究所,ファッション > メンズ,181285,2,,,14990,はい,2026-02-23以降,7612,9721,標準(小型),182,中小候補,GO,GO,GO,,,https://www.amazon.co.jp/dp/B09QZC4RKJ,
B,B0CNPSK5ZM,seathestars 滑り台 すべり台 室内 ブランコ ぶらんこ バスケットゴール 屋内 屋外 子供 子ども 遊具 おもちゃ プレゼント,Ｓｅａ　ｔｈｅ　Ｓｔａｒｓ,seathestars,おもちゃ > アクション・スポーツトイ > すべり台,9173,2,,,8280,はい,2026-02-23以降,5100,6322,大型,282,中小候補,GO,GO,見送り,FBA大型サイズ,,https://www.amazon.co.jp/dp/B0CNPSK5ZM,
B,B09TK3ZMRY,山本電気 精米機 MICHIBA ライスクリーナー ライスストッカー付きセット 家庭用 道場六三郎 匠味米 ブラック MB-RC52B,ノーブランド品,ノーブランド品,ホーム＆キッチン > 家電 > キッチン家電,83495,2,,,17000,はい,2026-02-23以降,9987,12713,大型,282,中小候補,GO,GO,見送り,FBA大型サイズ,,https://www.amazon.co.jp/dp/B09TK3ZMRY,
B,B08BHTL6D7,伸縮フェンス 屋外 アルミ 最大幅3ｍ 置くだけ【幅35cm～320cm】キャスター付き 伸縮式 門 iiⅿono117 (シングル),iimono117 Bandiera,iimono117 Bandiera,DIY・工具・ガーデン > エクステリア > 屋外装飾,23915,2,,,9980,はい,2026-02-23以降,5555,6917,大型,282,中小候補,GO,GO,見送り,FBA大型サイズ,,https://www.amazon.co.jp/dp/B08BHTL6D7,
B,B0F31ZQ15S,NEWTRY ダイヤフラムポンプ 42シリーズ 給水 排水ポンプ 17.5L/min 70Psi 揚程48m 110V 自吸式 自動起動・停止 圧力スイッチ 圧,NEWTRY,NEWTRY,DIY・工具・ガーデン > 電動工具・エア工具 > 給水・排水ポンプ,18771,2,,,16800,いいえ,繰越(境界後の記録なし),10588,13434,標準2,332,中小候補,GO,GO,GO,,,https://www.amazon.co.jp/dp/B0F31ZQ15S,
B,B0017H8ILS,日章工業 変圧器 海外 普及型 AC110V~AC127V→AC100V 1500W NDFシリーズ NDF-1500U,日章工業(NISSYO INDUSTRY),日章工業(NISSYO INDUSTRY),ホーム＆キッチン > 旅行用品 > 旅行用品･旅行小物,32142,4,,,13981,はい,2026-02-23以降,7454,9336,標準2,332,中小候補,NG,GO,見送り,回転不足(消化月数>3),,https://www.amazon.co.jp/dp/B0017H8ILS,
B,B07VWQJ636,【PS4】ディヴィニティ:オリジナル・シン 2 ディフィニティブエディション 【CEROレーティング「Z」】,スパイク・チュンソフト,スパイク・チュンソフト,ゲーム > 機種別 > プレイステーション4,12432,3,,,8390,はい,2026-02-23以降,4174,5225,標準(小型),182,中小候補,NG,GO,見送り,回転不足(消化月数>3),,https://www.amazon.co.jp/dp/B07VWQJ636,
B,B09KKCL5MT,【国内正規品】Keychron K8 ワイヤレス・ゲーミングメカニカルキーボード87キー/USレイアウト/RGBライト/Gateron G Proメカニカルスイ,Keychron,Keychron,パソコン・周辺機器 > キーボード・マウス・入力機器 > ゲーミングキーボード,49878,3,,,13176,はい,2026-02-23以降,7375,10063,標準2,332,中小候補,NG,GO,見送り,回転不足(消化月数>3),,https://www.amazon.co.jp/dp/B09KKCL5MT,
B,B0CY1V22NP,Jumei カタログスタンド マガジンラック 折りたたみ式 5段 竹製 片面 パンフレットスタンド カタログラック おしゃれ 雑誌ラック 組み立て不要 イベント,Jumei,Jumei,文房具・オフィス用品 > 事務用品 > 机上用品・文具収納,24880,2,,,8580,はい,2026-02-23以降,4126,5049,大型,282,中小候補,GO,GO,見送り,FBA大型サイズ,,https://www.amazon.co.jp/dp/B0CY1V22NP,
B,B0DPPP5SNQ,STEADY Ultimate Gear クロスベルト【久野圭一コラボ/レバーロック式/15mm高密着パッド】トレーニングベルト パワーベルト XSサイズ ST,STEADY,STEADY,スポーツ＆アウトドア > フィットネス・トレーニング > 筋力トレーニング,7682,2,,,12990,はい,2026-02-23以降,8111,10195,標準2,332,中小候補,GO,GO,GO,,,https://www.amazon.co.jp/dp/B0DPPP5SNQ,
B,B0013WLBRK,CNB レコードケース LP用 収納枚数 約50枚 LPC-310 ブラック,CNB,CNB,楽器・音響機器 > DJ機材 > DJバッグ・ケース,15980,3,,,9020,はい,2026-02-23以降,4994,6184,大型,282,中小候補,NG,GO,見送り,FBA大型サイズ / 回転不足(消化月数>3),,https://www.amazon.co.jp/dp/B0013WLBRK,
B,B0CKT3WJWG,[ベルメゾン] 水切りラック ステンレス スリム たっぷり収納 水切りカゴ 約57cm,BELLE MAISON(ベルメゾン),ベルメゾン,ホーム＆キッチン > キッチン用品 > シンク周り用品,113189,2,,,8990,はい,2026-02-23以降,4977,6161,大型,282,中小候補,GO,GO,見送り,FBA大型サイズ,,https://www.amazon.co.jp/dp/B0CKT3WJWG,
B,B0093TAZ54,【 ふっくら ごはん鍋 】 5合炊き 二重蓋 四日市ばんこ焼 ( 日本製 ) 【 本格派 5合炊 】,四日市ばんこ焼 【日本製】,★ごはん鍋のプロショップの【厳選!!お勧め商品】★,ホーム＆キッチン > キッチン用品 > 鍋・フライパン,40644,4,,,11000,はい,2026-02-23以降,6714,8368,標準2,332,中小候補,NG,GO,見送り,回転不足(消化月数>3),,https://www.amazon.co.jp/dp/B0093TAZ54,
B,B08GS6L19D,イワタニ ガス式 カセットフー カセットコンロ 合金鋼 雅プラス ブラック CB-WA-35F,Iwatani,岩谷産業,ホーム＆キッチン > 家電 > キッチン家電,72446,2,,,15320,はい,2026-02-23以降,7338,9184,標準2,332,中小候補,GO,GO,GO,,,https://www.amazon.co.jp/dp/B08GS6L19D,
B,B0F6CJGZFH,TOYZERO+ ルル ザ ピギー Lulu the piggy ブラインドボックス - ジョイフル タイムシリーズ プラッシュ キーチェーン ぬいぐるみ マス,TOYZERO +,TOYZERO +,おもちゃ > きせかえ人形・ハウス > 人形・ドール,27143,3,,,11880,はい,2026-02-23以降,5880,7342,標準1,282,中小候補,NG,GO,見送り,回転不足(消化月数>3),,https://www.amazon.co.jp/dp/B0F6CJGZFH,
B,B0DFY27QYV,【医療機器認証品】 惣田製作所 手ぶら首肩マッサージャー ネックケア 首 肩 ヒーター機能 コードレス USB充電 プレゼント ギフト グレー,惣田製作所,惣田製作所,ホーム＆キッチン > 家電 > 健康家電,15159,2,,,13980,いいえ,繰越(境界後の記録なし),8755,11037,標準2,332,中小候補,GO,GO,GO,,,https://www.amazon.co.jp/dp/B0DFY27QYV,
B,B07P85Y4D2,ツインバード スティッククリーナー コード式 サイクロン式 強力吸引 吸込仕事率200W 3WAY ハンディ ブロワ機能 ピンク HC-5252P,TWINBIRD(ツインバード),ツインバード(TWINBIRD),ホーム＆キッチン > 家電 > 生活家電,19878,3,,,9980,はい,2026-02-23以降,6205,7767,大型,282,中小候補,NG,GO,見送り,FBA大型サイズ / 回転不足(消化月数>3),,https://www.amazon.co.jp/dp/B07P85Y4D2,
B,B00810VSM0,神次元ゲイム ネプテューヌV(神限定版) - PS3,コンパイルハート,コンパイルハート,ゲーム > 機種別 > レガシーシステム,10935,2,,,10820,はい,2026-02-23以降,6680,8389,標準1,282,中小候補,GO,GO,GO,,,https://www.amazon.co.jp/dp/B00810VSM0,
B,B0CTSH7S1M,WAVLINK USB 3.0/USB C - DisplayPortとHDMIアダプター Displaylink Dual 4K@60Hz モニターハブ M1,WAVLINK,WAVLINK,パソコン・周辺機器 > PCアクセサリ・サプライ > 変換アダプタ,13180,2,,,11700,はい,2026-02-23以降,7270,10076,標準(小型),182,中小候補,GO,GO,GO,,,https://www.amazon.co.jp/dp/B0CTSH7S1M,
B,B0F6WCZFGM,TONGATE マグネティック for Pixel 10 Pro Fold ケース、ガラススクリーンプロテクター付き、[MagSafe対応] [カメラカバー＆ヒ,Tongate,TONGATE,家電＆カメラ > 携帯電話・スマートフォン > 携帯電話・スマートフォンアクセサリ,23976,2,,,9980,はい,2026-02-23以降,6305,8709,標準(小型),182,中小候補,GO,GO,GO,,,https://www.amazon.co.jp/dp/B0F6WCZFGM,
B,B0C173XX7F,おり釣具 洗練された本格万能 船竿 シーマスタッグ EXソリッド船165（ori-ex165） (錘負荷：50-100号),おり釣具,おり釣具,スポーツ＆アウトドア > 釣り > ロッド・アクセサリ,60186,1,,,12000,はい,2026-02-23以降,6738,8464,大型,282,中小候補,GO,GO,見送り,FBA大型サイズ / 新品オファー数1,,https://www.amazon.co.jp/dp/B0C173XX7F,
B,B0C174DQLP,おり釣具 洗練された本格万能 船竿 シーマスタッグ EXソリッド船165（ori-ex165） (錘負荷：80-150号),おり釣具,おり釣具,スポーツ＆アウトドア > 釣り > ロッド・アクセサリ,60186,2,,,12000,はい,2026-02-23以降,6738,8464,大型,282,中小候補,GO,GO,見送り,FBA大型サイズ,,https://www.amazon.co.jp/dp/B0C174DQLP,
B,B00PMN7LDY,ダイワ(DAIWA) 渓流竿 テンカラRT 36 釣り竿,Daiwa,ダイワ(DAIWA),スポーツ＆アウトドア > 釣り > ロッド・アクセサリ,26400,6,,,9740,はい,2026-02-23以降,4987,6174,大型,282,中小候補,NG,GO,見送り,FBA大型サイズ / 回転不足(消化月数>3),,https://www.amazon.co.jp/dp/B00PMN7LDY,
B,B07451V1C4,エレコム microSDHCカード 車載用 MLC UHS-I 32GB MF-CAMR032GU11A,エレコム(ELECOM),エレコム(ELECOM),パソコン・周辺機器 > PCアクセサリ・サプライ > メモリーカード,69659,2,,,8980,はい,2026-02-23以降,3068,4128,標準(小型),182,大手/海外疑い,GO,GO,GO,,,https://www.amazon.co.jp/dp/B07451V1C4,
B,B00BCSE4FG,アルパイン(ALPINE) 2ウェイスピーカー 16cmセパレート STE-G160S,Alpine,アルパイン(Alpine),車＆バイク > カーナビ・カーエレクトロニクス > カーオーディオ,37982,4,,,18800,はい,2026-02-23以降,6038,7484,標準2,332,中小候補,NG,GO,見送り,回転不足(消化月数>3),,https://www.amazon.co.jp/dp/B00BCSE4FG,
B,B07RW9DVM5,[mrcos] ベル コスプレ衣装 コスチューム メイド服 レディース クリスマス ハロウィン 大人用 S,mrcos,mrcos,ホビー > コスプレ・仮装 > コスチューム,5094,2,,,8580,はい,2026-02-23以降,4255,5217,標準1,282,中小候補,GO,GO,GO,,,https://www.amazon.co.jp/dp/B07RW9DVM5,
B,B0876LPGRQ,INNOREL フルード ビデオ雲台 2WAY フルード ダイカスト加工 アルミ合金 三脚 一脚 流体 ヘッド ２段ハンドル 長さ調整 24－41CM 撮影機材,INNOREL,INNOREL,家電＆カメラ > カメラ > 三脚・一脚,28776,2,,,8999,はい,2026-02-23以降,5224,7019,標準2,332,中小候補,GO,GO,GO,,,https://www.amazon.co.jp/dp/B0876LPGRQ,
B,B0F8MSH1WZ,バンダイ(BANDAI) UNION ARENA ブースターパック 『ヱヴァンゲリヲン新劇場版』【UA44BT】 (BOX)16パック入り,BANDAI,バンダイ(BANDAI),おもちゃ > ゲーム > カードゲーム・トランプ,22228,5,,,12800,はい,2026-02-23以降,5113,6339,標準1,282,大手/海外疑い,NG,GO,見送り,回転不足(消化月数>3),,https://www.amazon.co.jp/dp/B0F8MSH1WZ,
B,B07VFCXTQJ,VOX(ヴォックス) ミニギター SDC-1 mini BK ブラック ショートスケール レギュラーチューニング対応 手の小さな女性やお子様に最適 キャリーバッ,VOX(ヴォックス),KORG(コルグ),楽器・音響機器 > ギター > エレキギター,5564,3,,,12780,はい,2026-02-23以降,7794,9846,大型,282,中小候補,NG,GO,見送り,FBA大型サイズ / 回転不足(消化月数>3),,https://www.amazon.co.jp/dp/B07VFCXTQJ,
B,B07XV9S56T,PEANUTS SNOOPY スヌーピー ラウンドファスナーロングウォレット 長財布 キャメル 73053 牛革 イタリアンレザー ユニセックス 男女兼用 (キ,スヌーピー,,ファッション > メンズ > バッグ・財布,166257,6,,,8500,はい,2026-02-23以降,4888,6158,標準(小型),182,中小候補,NG,GO,見送り,回転不足(消化月数>3),,https://www.amazon.co.jp/dp/B07XV9S56T,
B,B0C171929R,おり釣具 洗練された本格万能 船竿 シーマスタッグ EXソリッド船165（ori-ex165） (錘負荷：100-200号),おり釣具,おり釣具,スポーツ＆アウトドア > 釣り > ロッド・アクセサリ,60122,2,,,12000,はい,2026-02-23以降,6738,8464,大型,282,中小候補,GO,GO,見送り,FBA大型サイズ,,https://www.amazon.co.jp/dp/B0C171929R,
B,B0F89YV2C8,【屋外で使えるコードレス扇風機】±0 プラスマイナスゼロ テラスファン XQS-K030 (ホワイト) コードレス コンセントがないからおしゃれ 金属羽根で丈夫,PLUS MINUS ZERO,プラマイゼロ,ホーム＆キッチン > 家電 > 空調・季節家電,50579,5,,,19800,はい,2026-02-23以降,12588,16114,大型,282,中小候補,NG,GO,見送り,FBA大型サイズ / 回転不足(消化月数>3),,https://www.amazon.co.jp/dp/B0F89YV2C8,
B,B081DTGR8Q,PIAA(ピア) 車用 バルブ ヘッドライト/フォグランプ用 LEDバルブ 6000K 4000lm※ HB3/HB4/HIR1/HIR2 12V 20W 車検,PIAA(ピア),PIAA(ピア),車＆バイク > カーパーツ > ライト・ランプ,67868,3,,,16500,はい,2026-02-23以降,4385,5387,標準1,282,中小候補,NG,GO,見送り,回転不足(消化月数>3),,https://www.amazon.co.jp/dp/B081DTGR8Q,
B,B0DQXH9D1L,Hilander(ハイランダー) 焚き火台 六花(りっか)(梯形五徳付き) 焚火 バーベキュー プレート厚1.4mm BBQ 七輪 おしゃれ コンパクト ソロ ,Hilander(ハイランダー),Hilander(ハイランダー),スポーツ＆アウトドア > アウトドア > バーベキュー・クッキング用品,64197,2,,,8080,はい,2026-02-23以降,4907,6005,標準2,332,中小候補,GO,GO,GO,,,https://www.amazon.co.jp/dp/B0DQXH9D1L,
B,B07CJVHP85,【テレビで紹介されました】 壁掛け扇風機 羽根なし dcモーター 【 壁掛け ＆ 卓上 2way 】 サーキュレーター 卓上扇風機 リモコン付き 風量7段階 左,life_mart,life_mart,ホーム＆キッチン > 家電 > 空調・季節家電,41582,3,,,9480,はい,2026-02-23以降,5750,7172,大型,282,中小候補,NG,GO,見送り,FBA大型サイズ / 回転不足(消化月数>3),,https://www.amazon.co.jp/dp/B07CJVHP85,
B,B0DWW5V9KB,[グレゴリー] ショルダーバッグ 公式 クラシック サッチェルM 軽量 コーデュラバリスティックブラック,Gregory,GREGORY(グレゴリー),ファッション > メンズ > バッグ・財布,69120,5,,,15400,はい,2026-02-23以降,7115,8957,大型,282,中小候補,NG,GO,見送り,FBA大型サイズ / 回転不足(消化月数>3),,https://www.amazon.co.jp/dp/B0DWW5V9KB,
B,B0BKFFNDRJ,Poafamx 全自動ブースターポンプ 最大流量15L/min 最大揚高15-18ｍ 加圧ポンプ 高圧シャワーウォーターポンプ 小型パイプライン加圧水ポンプ 加,Poafamx,Poafamx,産業・研究開発用品 > 空圧・油圧・配管 > ポンプ・アクセサリ,12298,2,,,8050,はい,2026-02-23以降,4495,5531,標準1,282,中小候補,GO,GO,GO,,,https://www.amazon.co.jp/dp/B0BKFFNDRJ,
B,B0CT5F1DYV,【Toffy/トフィー】 コードレススティッククリーナー HW-VC2 掃除機 充電式 パワフル吸引 専用充電台 ノズル付属 お手入れ簡単 レトロ ペールアクア,TOFFY,ラドンナ,ホーム＆キッチン > 家電 > 生活家電,68419,5,,,11330,はい,2026-02-23以降,5750,7172,大型,282,中小候補,NG,GO,見送り,FBA大型サイズ / 回転不足(消化月数>3),,https://www.amazon.co.jp/dp/B0CT5F1DYV,
B,B0B6FFX6G2,"CONQUERALL CHS-4000 DC 直流 リターン ポンプ 電圧 24V 流量 4,500L/時 消費電力 20W 揚程 4.0m",CONQUERALL,CONQUERALL,ペット用品 > 水生ペット > 水槽のアクセサリ,18889,3,,,14999,はい,2026-02-23以降,6394,7950,標準2,332,中小候補,NG,GO,見送り,回転不足(消化月数>3),,https://www.amazon.co.jp/dp/B0B6FFX6G2,
B,B0B2W9QD2W,[ミステリーランチ] ディストリクト８ 19761506 Black,MYSTERY RANCH(ミステリーランチ),MYSTERY RANCH(ミステリーランチ),ファッション > メンズ > バッグ・財布,15545,5,,,13000,はい,2026-02-23以降,6582,8260,標準1,282,中小候補,NG,GO,見送り,回転不足(消化月数>3),,https://www.amazon.co.jp/dp/B0B2W9QD2W,
B,B0BY881RVZ,"日立 コンベクション オーブントースター HMO-F300 W ホワイト 1,300W 4枚焼き 遠赤ヒーター ノンフライ調理",日立(HITACHI),日立(HITACHI),ホーム＆キッチン > 家電 > キッチン家電,45994,6,,,16570,はい,2026-02-23以降,9686,12319,大型,282,大手/海外疑い,NG,GO,見送り,FBA大型サイズ / 回転不足(消化月数>3),,https://www.amazon.co.jp/dp/B0BY881RVZ,
B,B08RJDRGFD,【コールマン】マスクケース付き 3Ｗａｙ ボストン キャリー 大容量 70L バッグ 14-11 男女兼用 (Khaki),Coleman(コールマン),,ファッション > バッグ・スーツケース > スーツケース・トラベルバッグ,40689,2,,,15400,はい,2026-02-23以降,8727,11065,大型,282,中小候補,GO,GO,見送り,FBA大型サイズ,,https://www.amazon.co.jp/dp/B08RJDRGFD,
B,B09KJTLTBN,【国内正規品】Keychron K8 ワイヤレス・ゲーミングメカニカルキーボード87キー/USレイアウト/RGBライト/Gateron G Proメカニカルスイ,Keychron,Keychron,パソコン・周辺機器 > キーボード・マウス・入力機器 > ゲーミングキーボード,49962,3,,,11978,はい,2026-02-23以降,6675,9071,標準2,332,中小候補,NG,GO,見送り,回転不足(消化月数>3),,https://www.amazon.co.jp/dp/B09KJTLTBN,
B,B0BQBW51K6,DUNLOP(ダンロップ) タイヤ サマータイヤ 1本 DIREZZA (ディレッツァ) DZ102 215/40R18 89W XL 18インチ,DUNLOP,DUNLOP,車＆バイク > カータイヤ・ホイール > タイヤ,33268,3,,,12540,はい,2026-02-23以降,7869,9943,不明,282,中小候補,NG,GO,見送り,回転不足(消化月数>3),,https://www.amazon.co.jp/dp/B0BQBW51K6,
B,B0CWSP9XBT,TAMASHII NATIONS ROBOT魂 機動戦士Zガンダム RMS-099 リック・ディアス(クワトロ・バジーナ カラー) ver. A.N.I.M.E,TAMASHII NATIONS,BANDAI SPIRITS(バンダイ スピリッツ),ホビー > フィギュア・コレクタードール,20089,4,,,9900,はい,2026-02-23以降,4983,6169,標準1,282,大手/海外疑い,NG,GO,見送り,回転不足(消化月数>3),,https://www.amazon.co.jp/dp/B0CWSP9XBT,
B,B0CNPVCMMJ,滑り台 すべり台 室内 ぶらんこ ブランコ バスケットゴール 屋内 屋外 子供 子ども 遊具 おもちゃ プレゼント seathestars,Ｓｅａ　ｔｈｅ　Ｓｔａｒｓ,seathestars,おもちゃ > アクション・スポーツトイ > すべり台,9187,2,,,8280,はい,2026-02-23以降,5100,6322,大型,282,中小候補,GO,GO,見送り,FBA大型サイズ,,https://www.amazon.co.jp/dp/B0CNPVCMMJ,
B,B0DGGKXJRQ,LUCKEASY トヨタ RAV4 50系 専用 ラゲッジマット+シートバッククッション 2019年4月-現行 XA50型 背もたれカバー,LUCKEASY,LUCKEASY,車＆バイク > カーアクセサリ > カーゴマット,34791,2,,,8990,はい,2026-02-23以降,3295,3962,大型,282,中小候補,GO,GO,見送り,FBA大型サイズ,,https://www.amazon.co.jp/dp/B0DGGKXJRQ,
B,B0F8HNLSM4,AetherTech サイドバッグ バイク サイド バッグ 汎用 左右セット サドルバッグ 高密度レザー 防水 大容量 取り付け簡単 南京錠 ドリンクホルダー付,AetherTech,AetherTech,車＆バイク > バイクバッグ・ケース > サイドバッグ・サドルバッグ,38948,2,,,10580,はい,2026-02-23以降,6526,8186,大型,282,中小候補,GO,GO,見送り,FBA大型サイズ,,https://www.amazon.co.jp/dp/B0F8HNLSM4,
B,B0G4LYQVJP,ヨネックス(YONEX) テニス リュック 40L バックパック ベージュ BAG2628,YONEX(ヨネックス),ヨネックス(YONEX),ファッション > バッグ・スーツケース > スポーツ・フィットネスバッグ,17065,3,,,9990,はい,2026-02-23以降,5638,7025,大型,282,中小候補,NG,GO,見送り,FBA大型サイズ / 回転不足(消化月数>3),,https://www.amazon.co.jp/dp/B0G4LYQVJP,
B,B08WRFRNKB,[THE NORTH FACE] (ノースフェイス) リュック VAULT [並行輸入品],THE NORTH FACE,,ファッション > バッグ・スーツケース > リュック・バックパック,13958,4,,,9185,はい,2026-02-23以降,5587,6959,大型,282,中小候補,NG,GO,見送り,FBA大型サイズ / 回転不足(消化月数>3),,https://www.amazon.co.jp/dp/B08WRFRNKB,
B,B08CR7MWXV,山田朱織枕研究所 ドクターズピロー 整形外科枕 50 × 25 枕 安眠 高反発,整形外科枕ドクターズピロー,山田朱織枕研究所,ホーム＆キッチン > 寝具 > 枕・抱き枕,78252,2,,,19800,はい,2026-02-23以降,8727,11065,大型,282,中小候補,GO,GO,見送り,FBA大型サイズ,,https://www.amazon.co.jp/dp/B08CR7MWXV,
B,B0FV3529VX,グッドスマイルカンパニー[GOOD SMILE COMPANY] ねんどろいど 重音テト Synthesizer V AI Ver. ノンスケール プラスチック,グッドスマイルカンパニー(GOOD SMILE COMPANY),グッドスマイルカンパニー,ホビー > フィギュア・コレクタードール,56686,3,,,10800,はい,2026-02-23以降,3848,4798,標準(小型),182,中小候補,NG,GO,見送り,回転不足(消化月数>3),,https://www.amazon.co.jp/dp/B0FV3529VX,
B,B0FGC7MS2M,[シーダブリューエックス/ワコール] メンズ スポーツタイツ セミロング 7分丈 股関節・ひざサポート HXO767 BL L,CW-X(シーダブリューエックス/ワコール),,ファッション > メンズ > 服＆ファッション小物,100294,2,,,11000,はい,2026-02-23以降,4772,6007,標準(小型),182,中小候補,GO,GO,GO,,,https://www.amazon.co.jp/dp/B0FGC7MS2M,
B,B004TL9OSA,ニチアス カグスベール プロ900L 2本入(孔あり),ニチアス,ニチアス,DIY・工具・ガーデン > 建築・住宅資材 > 断熱材,23574,6,,,13888,はい,2026-02-23以降,8599,10898,大型,282,中小候補,NG,GO,見送り,FBA大型サイズ / 回転不足(消化月数>3),,https://www.amazon.co.jp/dp/B004TL9OSA,
B,B0D83922MW,MANDARINE BROTHERS マンダリンブラザーズ スリーブショルダーバッグ SLEEVE SHOULDER BAG 犬 キャリーバッグ ショルダーバッ,マンダリンブラザーズ,マンダリンブラザーズ,ペット用品 > 犬 > おでかけ用品,30489,3,,,8400,はい,2026-02-23以降,5094,6315,標準1,282,大手/海外疑い,NG,GO,見送り,回転不足(消化月数>3),,https://www.amazon.co.jp/dp/B0D83922MW,
B,B0CYGQCPLC,シロカ DC音声操作 サーキュレーター扇風機 SF-V191(W) ホワイト シロカのポチタマ扇 2024年モデル [扇風機/音声認識機能/音声2種類/ふわビュ,siroca(シロカ),シロカ,ホーム＆キッチン > 家電 > 空調・季節家電,84814,3,,,11000,はい,2026-02-23以降,6868,8634,大型,282,中小候補,NG,GO,見送り,FBA大型サイズ / 回転不足(消化月数>3),,https://www.amazon.co.jp/dp/B0CYGQCPLC,
B,B0CW1QW7T7,CLYZSTU 真の4K 小型カメラ ハンディカメラ ブレずに録画 ボディカ メラ ビデオカ メラ 1.3インチ液晶画面 180°回転式レンズ 120度広角 2,CLYZSTU,CLYZSTU,家電＆カメラ > カメラ > 防犯カメラ,99372,2,,,10879,はい,2026-02-23以降,6889,9536,標準(小型),182,中小候補,GO,GO,GO,,,https://www.amazon.co.jp/dp/B0CW1QW7T7,
B,B0BXMTYFXJ,[agnes b.] [アニエスべー] トートバック WEB限定 SAS22-01 レディース Free ブラック×ホワイト,agnes b.,agnes b.(アニエスベー),ファッション > レディース > バッグ・財布,23193,2,,,12640,はい,2026-02-23以降,6296,7886,標準1,282,中小候補,GO,GO,GO,,,https://www.amazon.co.jp/dp/B0BXMTYFXJ,
B,B0FNY9RBFL,[ ティーケー タケオキクチ ] クラッチバッグ 【冠婚葬祭】レザー クラッチバッグ 97901335 メンズ ブラック(219) 00,tk. TAKEO KIKUCHI,,ファッション > メンズ > バッグ・財布,176670,2,,,9510,はい,2026-02-23以降,5187,6436,標準1,282,中小候補,GO,GO,GO,,,https://www.amazon.co.jp/dp/B0FNY9RBFL,
B,B09XWMHJSW,ユニコム (Unicom) ペット用酸素室 ケージ ペットオキシホテル スクエア 兼用可２Way 防水材質使用 (XSサイズ「50*50*50㎝」),UNICOM(ユニコム),株式会社ユニコム,ペット用品 > 犬 > ドッグハウス・ケージ,33581,2,,,8400,いいえ,繰越(境界後の記録なし),5178,6424,大型,282,中小候補,GO,GO,見送り,FBA大型サイズ,,https://www.amazon.co.jp/dp/B09XWMHJSW,
B,B0B7HNJGJV,アストロプロダクツ 縦型エアサブタンク 38L | 重量11kg スチール製 W300×D300×H710mm 省スペース 予備タンク エアタンク,アストロプロダクツ,アストロプロダクツ,DIY・工具・ガーデン > エクステリア > 雨水タンク,24738,6,,,13090,はい,2026-02-23以降,7715,9742,不明,282,中小候補,NG,GO,見送り,回転不足(消化月数>3),,https://www.amazon.co.jp/dp/B0B7HNJGJV,
B,B0F3NDN8B8,小型 木製 木製物置 屋外 天然木 杉 物置き 倉庫 防水 観音開き 棚板付き ウッドストッカー ウッド 小屋 収納 ガーデンシェッド ガーデン物置 屋外収納 ,OAFNLWU,鑫源木業,DIY・工具・ガーデン > エクステリア > 物置・倉庫,16262,2,,,15300,はい,2026-02-23以降,9563,12158,大型,282,中小候補,GO,GO,見送り,FBA大型サイズ,,https://www.amazon.co.jp/dp/B0F3NDN8B8,
B,B0DMDDQVMX,[クライミー] ROB サングラス メンズ バイカーシェード 薄い色レンズ UV カット レンズ対応 ウェリントン型 軽量 フィット調整可能 男女兼用 ユニセッ,CRIMIE(クライミー),THE CRIMIE,ファッション > メンズ > 服＆ファッション小物,82450,2,,,18700,いいえ,繰越(境界後の記録なし),11973,15423,標準(小型),182,中小候補,GO,GO,GO,,,https://www.amazon.co.jp/dp/B0DMDDQVMX,
B,B097P28CZ5,アルマックス(Almax) アルミ製 室外機カバー (ブラック) アルミエアコンカバー ルーバータイプ アルマックス社製 KB-90BK,アルマックス (ALMAX),アルマックス(Almax),DIY・工具・ガーデン > エクステリア > エアコン室外機カバー,44373,4,,,10690,はい,2026-02-23以降,5886,7350,大型,282,中小候補,NG,GO,見送り,FBA大型サイズ / 回転不足(消化月数>3),,https://www.amazon.co.jp/dp/B097P28CZ5,
B,B08Z78NFHK,[COACH] [コーチ] 名刺入れ 87731 レディース Im/Black free size [並行輸入品],COACH,COACH,ファッション > レディース > バッグ・財布,31358,3,,,13800,はい,2026-02-23以降,6240,7926,標準(小型),182,中小候補,NG,GO,見送り,回転不足(消化月数>3),,https://www.amazon.co.jp/dp/B08Z78NFHK,
B,B0D2HFWKTJ,サンリオキャラクターズ × Ohuhu イラストマーカー 筆タイプ 80色81本 プロ愛用 パステルカラー 薄色 マーカーペン アルコール系 ブレンダーペン1本,Ohuhu,Ohuhu,文房具・オフィス用品 > 筆記具 > マーカー・蛍光ペン,22973,2,,,10980,はい,2026-02-23以降,4159,5027,標準2,332,中小候補,GO,GO,GO,,,https://www.amazon.co.jp/dp/B0D2HFWKTJ,
B,B0872761N3,INNOREL モノポッド スタンド カーボン 一脚 ビデオ 撮影用 フリュード雲台 F60 卓上三脚 可変式 360度パノラマ レバーロック 四段伸縮 72-,INNOREL,INNOREL,家電＆カメラ > カメラ > 三脚・一脚,64137,2,,,17599,はい,2026-02-23以降,10153,14053,大型,282,中小候補,GO,GO,見送り,FBA大型サイズ,,https://www.amazon.co.jp/dp/B0872761N3,
B,B08L53GZ6S,ベトナムシート 塗料養生シート 1500x4000mm 10枚 外壁塗装 飛び散り防止,ノーブランド品,ノーブランド品,DIY・工具・ガーデン > 塗装・壁装 > ペイント塗布ツール,28687,2,,,8990,はい,2026-02-23以降,5561,6925,大型,282,中小候補,GO,GO,見送り,FBA大型サイズ,,https://www.amazon.co.jp/dp/B08L53GZ6S,
B,B0FSKBJNCY,Moizze 自動給餌器 カメラ付き 多機能 猫 犬 自動餌やり機 4L Wi-Fi 2.4Ghz/5Ghz アプリ遠隔操作 録音再生 双方向通話 早食い防止 ,SMI,moizze,ペット用品 > 猫 > 餌やり・水やり用品,26091,2,,,12800,はい,2026-02-23以降,5388,6634,標準2,332,中小候補,GO,GO,GO,,,https://www.amazon.co.jp/dp/B0FSKBJNCY,
B,B08JSRTNBX,Poafamx ドラム缶用オイルポンプ ハンドロータリータイプ 28L/min 軽量・ポータブル 軽油・灯油・重油適用 使用簡単・省力 アルミ製給油ポンプ(Y-,Poafamx,Poafamx,車＆バイク > 自動車整備工具 > 燃料・オイル用ツール,18366,2,,,8050,はい,2026-02-23以降,4900,5996,標準2,332,中小候補,GO,GO,GO,,,https://www.amazon.co.jp/dp/B08JSRTNBX,
B,B00IEVB998,赤城物産 除草剤 グリホエキス 10L,赤城物産(Akagib),赤城物産(Akagib),DIY・工具・ガーデン > ガーデン > 肥料・園芸薬剤,26719,2,,,13399,はい,2026-02-23以降,8427,10673,大型,282,中小候補,GO,GO,見送り,FBA大型サイズ,,https://www.amazon.co.jp/dp/B00IEVB998,
B,B09K3WR8N8,INNOREL モノポッド スタンド カーボン 一脚 ビデオ 撮影用 フリュード雲台 F60 卓上三脚 可変式 360度パノラマ ナットロック 四段伸縮 72-,INNOREL,INNOREL,家電＆カメラ > カメラ > 三脚・一脚,64317,2,,,16599,はい,2026-02-23以降,9967,13791,大型,282,中小候補,GO,GO,見送り,FBA大型サイズ,,https://www.amazon.co.jp/dp/B09K3WR8N8,
B,B09TP7K4KD,ロゴス(LOGOS) LOGOS アウトドアクーラーXL 81448051 カーキ (約)幅70.6×奥行38.4×高さ37.6cm,ロゴス(LOGOS),ロゴス(LOGOS),スポーツ＆アウトドア > アウトドア > クーラーボックス,63033,2,,,13750,はい,2026-02-23以降,7761,9802,大型,282,中小候補,GO,GO,見送り,FBA大型サイズ,,https://www.amazon.co.jp/dp/B09TP7K4KD,
B,B00QGH33AK,JNデイパック(ネイビー),Coleman(コールマン),Coleman,ファッション > バッグ・スーツケース > リュック・バックパック,129205,3,,,8455,はい,2026-02-23以降,3840,4675,大型,282,中小候補,NG,GO,見送り,FBA大型サイズ / 回転不足(消化月数>3),,https://www.amazon.co.jp/dp/B00QGH33AK,
B,B0FSQW8B6J,LRIOセラミックヒーター タワーファン【羽なし＆冷暖房＆一年中お役立ち】羽根なし扇風機 羽無し 温風&送風 四季兼用 2秒速暖 3段暖風/8段送風 9Hタイマ,LRIO,LRIO,ホーム＆キッチン > 家電 > 空調・季節家電,37967,3,,,16999,はい,2026-02-23以降,6509,8165,大型,282,中小候補,NG,GO,見送り,FBA大型サイズ / 回転不足(消化月数>3),,https://www.amazon.co.jp/dp/B0FSQW8B6J,
B,B0CSFQR2CC,シマノ(SHIMANO) クーラーボックス フィクセル ライト 17L NF-417X グレー,シマノ(SHIMANO),シマノ(SHIMANO),スポーツ＆アウトドア > アウトドア > クーラーボックス,63719,3,,,15600,はい,2026-02-23以降,7583,9569,大型,282,中小候補,NG,GO,見送り,FBA大型サイズ / 回転不足(消化月数>3),,https://www.amazon.co.jp/dp/B0CSFQR2CC,
B,B0BKFR93GK,Poafamx 全自動ブースターポンプ 最大流量15L/min 最大揚高15-18ｍ 加圧ポンプ 高圧シャワーウォーターポンプ 小型パイプライン加圧水ポンプ 加,Poafamx,Poafamx,産業・研究開発用品 > 空圧・油圧・配管 > ポンプ・アクセサリ,12298,2,,,8500,はい,2026-02-23以降,5048,6254,標準1,282,中小候補,GO,GO,GO,,,https://www.amazon.co.jp/dp/B0BKFR93GK,
B,B014290JD2,LEATHERMAN (レザーマン) ハサミ RAPTOR 6機能 医療用ハサミ 折り畳み式 25年保証 救急救命 看護師 防災 ブラック,LEATHERMAN(レザーマン),LEATHERMAN(レザーマン),スポーツ＆アウトドア > アウトドア > フィールドギア,23196,3,,,14300,はい,2026-02-23以降,9013,11439,標準1,282,中小候補,NG,GO,見送り,回転不足(消化月数>3),,https://www.amazon.co.jp/dp/B014290JD2,
B,B0C2BF7R3Y,REALFORCE リアルフォース 東プレ RM1 マウス 静音 有線 スーパーホワイト 静電容量無接点方式 オプティカルセンサー 5ボタン 高耐久 キー割り当,REALFORCE,‎Topre Corporation,パソコン・周辺機器 > キーボード・マウス・入力機器 > マウス,28378,2,,,14080,はい,2026-02-23以降,8054,11186,標準(小型),182,中小候補,GO,GO,GO,,,https://www.amazon.co.jp/dp/B0C2BF7R3Y,
B,B08Z39NQQR,アテックス ATEX ルルド マッサージ器 腰 背中 プレミアム マッサージクッション クロスグランデ ブラック AX-HCL348bk 3種のモード くの字サ,アテックス(Atex),アテックス(Atex),ホーム＆キッチン > 家電 > 健康家電,50590,4,,,16300,はい,2026-02-23以降,8625,10867,標準2,332,中小候補,NG,GO,見送り,回転不足(消化月数>3),,https://www.amazon.co.jp/dp/B08Z39NQQR,
B,B076HHW7ZY,[Lacoste] [ラコステ] ベルト メンズ 本革 80080 【05】ネイビー,Lacoste,,ファッション > メンズ > 服＆ファッション小物,66437,2,,,11000,はい,2026-02-23以降,5609,7101,標準(小型),182,中小候補,GO,GO,GO,,,https://www.amazon.co.jp/dp/B076HHW7ZY,
B,B07VCQJMCT,[ エーオー クーラーズ ] AO Coolers クーラーバッグ 24パックキャンバス ソフトクーラー AO24NB ネイビー 約23L ソフトクーラーバッグ,AO Coolers(エーオークーラー),AO Coolers,スポーツ＆アウトドア > アウトドア > クーラーボックス,78623,2,,,11999,はい,2026-02-23以降,7127,8973,大型,282,中小候補,GO,GO,見送り,FBA大型サイズ,,https://www.amazon.co.jp/dp/B07VCQJMCT,
B,B0CN987KWV,【12個セット】アイリスオーヤマ 防災グッズ 防災頭巾 頭巾 避難グッズ 防災用品 避難 シルバー 難燃加工 BZN-300,アイリスオーヤマ(IRIS OHYAMA),アイリスオーヤマ(IRIS OHYAMA),DIY・工具・ガーデン > 安全・セキュリティ > 防災頭巾,66536,3,,,13800,はい,2026-02-23以降,8688,11014,大型,282,大手/海外疑い,NG,GO,見送り,FBA大型サイズ / 回転不足(消化月数>3),,https://www.amazon.co.jp/dp/B0CN987KWV,
B,B075JBRKP7,【PS4】仮面ライダー クライマックスファイターズ プレミアムRサウンドエディション【早期購入特典】PlayStation 4専用オリジナルテーマがもらえるプロ,Bandai Namco,バンダイナムコエンターテインメント,ゲーム > 機種別 > プレイステーション4,7132,3,,,12999,はい,2026-02-23以降,1565,1812,標準(小型),182,大手/海外疑い,NG,GO,見送り,回転不足(消化月数>3),,https://www.amazon.co.jp/dp/B075JBRKP7,
B,B0BH4S65LG,エプソン プリンター A4 インクジェット ビジネス向け PXーS730 ホワイト,エプソン,エプソン,パソコン・周辺機器 > プリンタ > インクジェットプリンタ,19697,5,,,17030,はい,2026-02-23以降,10118,14004,大型,282,大手/海外疑い,NG,GO,見送り,FBA大型サイズ / 回転不足(消化月数>3),,https://www.amazon.co.jp/dp/B0BH4S65LG,
B,B0B93437SX,ティファール フライパン 鍋 4点セット IH ガス火対応 PFOAなどの有害物質不使用 「オプティスペース IHステンレス 4点セット」 ステンレス G729,T-Fal,ティファール(T-fal),ホーム＆キッチン > キッチン用品 > 鍋・フライパン,45152,3,,,10484,はい,2026-02-23以降,6489,8139,大型,282,中小候補,NG,GO,見送り,FBA大型サイズ / 回転不足(消化月数>3),,https://www.amazon.co.jp/dp/B0B93437SX,
B,B0FB91Z4J3,Razer レイザー BlackWidow V4 75% Phantom Green Edition ホットスワップ対応でキースイッチを交換し望み通りのキー感触,Razer(レイザー),Razer(レイザー),パソコン・周辺機器 > キーボード・マウス・入力機器 > パソコン用キーボード,21757,3,,,19800,はい,2026-02-23以降,7858,10746,標準2,332,中小候補,NG,GO,見送り,回転不足(消化月数>3),,https://www.amazon.co.jp/dp/B0FB91Z4J3,
B,0357116259,"Reading Explorer, Level 1 (Reading Explorer, Third Edition)",Cengage Learning,Heinle & Heinle Pub,洋書 > Subjects > Nonfiction,16204,5,,,9630,はい,2026-02-23以降,1998,2266,標準1,282,中小候補,NG,GO,見送り,回転不足(消化月数>3),,https://www.amazon.co.jp/dp/0357116259,
B,B08NYK3JT2,SD Light LED蛍光灯 40W形 T5 器具一体型LED蛍光灯 18W 昼白色 120cm バーライト スイッチ付き【10本入り】,SD Light,SY Light,ホーム＆キッチン > 家電 > 照明,26480,2,,,12950,はい,2026-02-23以降,8135,10291,大型,282,中小候補,GO,GO,見送り,FBA大型サイズ,,https://www.amazon.co.jp/dp/B08NYK3JT2,
B,B0CHYYNKQH,［グレゴリー］ ショルダーバッグ ユーティリティーショルダーL UTILITY SHOULDER L コーデュラバリスティックブラック,Gregory,GREGORY(グレゴリー),ファッション > メンズ > バッグ・財布,28280,4,,,11550,はい,2026-02-23以降,7128,8974,標準1,282,中小候補,NG,GO,見送り,回転不足(消化月数>3),,https://www.amazon.co.jp/dp/B0CHYYNKQH,
B,B08QF2H9X5,英雄伝説 閃の軌跡IV - Switch,日本一ソフトウェア,日本一ソフトウェア,ゲーム > 機種別 > Nintendo Switch,4566,3,,,10230,はい,2026-02-23以降,6123,7773,標準(小型),182,中小候補,NG,GO,見送り,回転不足(消化月数>3),,https://www.amazon.co.jp/dp/B08QF2H9X5,
B,B09XXBKHWX,【Toffy/トフィー】 HOT&ICEハンドドリップコーヒーメーカー K-CM10 アイスコーヒー ホットコーヒー 回転ドリップ 蒸らし機能 保温 レトロ 6,TOFFY,ラドンナ,ホーム＆キッチン > 家電 > キッチン家電,156332,5,,,8019,はい,2026-02-23以降,4723,5829,大型,282,中小候補,NG,GO,見送り,FBA大型サイズ / 回転不足(消化月数>3),,https://www.amazon.co.jp/dp/B09XXBKHWX,
B,B0BCFLMPD2,【Alexa対応・購入時に簡単セットアップ】 アイリスオーヤマ(IRIS OHYAMA) シーリングライト 12畳 調光 調色 クリアフレーム アレクサ対応 A,アイリスオーヤマ(IRIS OHYAMA),アイリスオーヤマ(IRIS OHYAMA),ホーム＆キッチン > 家電 > 照明,48305,2,,,12800,はい,2026-02-23以降,5496,6840,大型,282,大手/海外疑い,GO,GO,見送り,FBA大型サイズ,,https://www.amazon.co.jp/dp/B0BCFLMPD2,
B,B01N5OOATB,アイガーデン 水栓パン ブラック 幅60cm×奥行48cm×高さ20cm アイウッド人工木製 (パンbk),アイガーデン(igarden),ライモン株式会社,DIY・工具・ガーデン > ガーデン > 農具・散水用品,37802,2,,,11800,はい,2026-02-23以降,7004,8812,大型,282,中小候補,GO,GO,見送り,FBA大型サイズ,,https://www.amazon.co.jp/dp/B01N5OOATB,
B,B0FPWSK2SF,[ブリーフィング] メンズ クラシックカートトート STD CLASSIC CART TOTE STD BLACK Ｆ ゴルフ トートバッグ,BRIEFING(ブリーフィング),ユニオンゲートグループ,スポーツ＆アウトドア > ゴルフ > キャディバッグ・ケース,37172,3,,,15400,はい,2026-02-23以降,8726,11064,標準1,282,中小候補,NG,GO,見送り,回転不足(消化月数>3),,https://www.amazon.co.jp/dp/B0FPWSK2SF,
B,B06WP6Q898,ZOSI H.265+ 8チャンネル 3K Lite セキュリティDVRレコーダー、ハイブリッド4イン1、HDDなし,ゾシ(ZOSI),ZOSI,DIY・工具・ガーデン > 安全・セキュリティ > ホームモニタリングシステム,15550,2,,,15066,いいえ,2026-02-23以降,9438,11931,標準2,332,中小候補,GO,GO,GO,,,https://www.amazon.co.jp/dp/B06WP6Q898,
B,B0DSZCLVM6,WEIMALL おもちゃ収納棚 木製 天然木 W81×D30.5×H94cm 大容量 組立簡単 おもちゃラック おもちゃ箱 絵本ラック 子供用 おしゃれ かわい,ウェイモール (WEIMALL),WEIMALL,ホーム＆キッチン > 家具 > 子ども用家具,21972,2,,,8890,はい,2026-02-23以降,5207,6462,不明,282,中小候補,GO,GO,GO,,,https://www.amazon.co.jp/dp/B0DSZCLVM6,
B,B0G4CSQTBQ,エンラージ商事 NOAH ノア 90系 対応 ラゲッジドア照明 プロジェクションランプ 警報ランプ キット,EnlargeCorp,株式会社エンラージ商事,車＆バイク > カーパーツ > ライト・ランプ,110097,2,,,9350,はい,2026-02-23以降,5409,6839,標準(小型),182,中小候補,GO,GO,GO,,,https://www.amazon.co.jp/dp/B0G4CSQTBQ,
B,B0CT5N41XX,【Toffy/トフィー】 コードレススティッククリーナー HW-VC2 掃除機 充電式 パワフル吸引 専用充電台 ノズル付属 お手入れ簡単 レトロ アッシュホワ,TOFFY,ラドンナ,ホーム＆キッチン > 家電 > 生活家電,68375,6,,,8816,はい,2026-02-23以降,5448,6777,大型,282,中小候補,NG,GO,見送り,FBA大型サイズ / 回転不足(消化月数>3),,https://www.amazon.co.jp/dp/B0CT5N41XX,
B,B0CW2Z999X,アイリスオーヤマ サーキュレーター 扇風機 28畳 上下左右首振り お手入れ簡単 リモコン付 SDC-15TEC-TU,アイリスオーヤマ(IRIS OHYAMA),アイリスオーヤマ,ホーム＆キッチン > 家電 > 空調・季節家電,125737,2,,,14800,はい,2026-02-23以降,6064,7583,大型,282,大手/海外疑い,GO,GO,見送り,FBA大型サイズ,,https://www.amazon.co.jp/dp/B0CW2Z999X,
B,B0BYNN99XW,HOKEEPER ハンガーラック パイプハンガーラック 耐荷重150KG 業務用 大容量 収納ラック 物干し スタンド 洋服ハンガー 衣類収納 棚付き 縦横伸縮,Hokeeper,HOKEEPER,ホーム＆キッチン > 家具 > 収納家具,52477,2,,,8500,はい,2026-02-23以降,4856,6003,大型,282,中小候補,GO,GO,見送り,FBA大型サイズ,,https://www.amazon.co.jp/dp/B0BYNN99XW,
B,B08439HZPS,LEDマーカーランプ ２４V 黄色 防水（IP65相当品）国内大手トラックメーカー標準装備品 小林総研 (10),小林総研(Kobayashisouken),小林総研,車＆バイク > カーパーツ > ライト・ランプ,10179,2,,,14800,いいえ,繰越(境界後の記録なし),9338,11864,大型,282,中小候補,GO,GO,見送り,FBA大型サイズ,,https://www.amazon.co.jp/dp/B08439HZPS,
B,B07QVS3P1B,ショウエイ(SHOEI) GT-AirII (ジーティー - エアー ツー) 内装セット Size XL -,ショウエイ(Shoei),ショウエイ(Shoei),車＆バイク > ヘルメットパーツ・アクセサリ > インナー・パッド,12276,2,,,14300,はい,2026-02-23以降,8920,11317,標準1,282,中小候補,GO,GO,GO,,,https://www.amazon.co.jp/dp/B07QVS3P1B,
B,B0FL7BMBX3,Pearl Flute パールフルート Pearl Flute × Legato Largo レガートラルゴ コラボレーション・リュック 合皮製 LL-FLB1,Pearl Flute,Pearl Flute,ファッション > バッグ・スーツケース > リュック・バックパック,180437,4,,,11880,はい,2026-02-23以降,6667,8372,大型,282,中小候補,NG,GO,見送り,FBA大型サイズ / 回転不足(消化月数>3),,https://www.amazon.co.jp/dp/B0FL7BMBX3,
B,B006O4Y33Q,アブラサス 薄いメモ帳 日本製 レッド,abrAsus(アブラサス),SUPERCLASSIC （スーパークラシック）,文房具・オフィス用品 > ノート・メモ帳 > メモ帳,26709,2,,,8500,はい,2026-02-23以降,5287,6680,標準(小型),182,中小候補,GO,GO,GO,,,https://www.amazon.co.jp/dp/B006O4Y33Q,
B,B07V5FM213,コモコーメ 2way ゴルフスイング練習器具 ライビースイング ミニ 75cm レッド,como!come!,,スポーツ＆アウトドア > ゴルフ > 練習用品,24974,2,,,9990,はい,2026-02-23以降,4905,6067,大型,282,中小候補,GO,GO,見送り,FBA大型サイズ,,https://www.amazon.co.jp/dp/B07V5FM213,
B,B0D8HYR845,[ARTPHERE] スリムバックパック アーバン ビジネスリュック 薄い 軽い 軽量 撥水 15インチ 通勤 前持ち メンズ レディース 男女兼用 RA33-,ARTPHERE,RAIZON,ファッション > バッグ・スーツケース > リュック・バックパック,47940,2,,,11000,はい,2026-02-23以降,5380,6689,大型,282,中小候補,GO,GO,見送り,FBA大型サイズ,,https://www.amazon.co.jp/dp/B0D8HYR845,
B,B0C3841JLW,MARY QUANT シーリングデイジーレター ミニウォレット ブラック FREE Free Size,MARY QUANT(マリークワント),,ファッション > レディース > バッグ・財布,74572,2,,,13749,はい,2026-02-23以降,8754,11214,標準(小型),182,中小候補,GO,GO,GO,,,https://www.amazon.co.jp/dp/B0C3841JLW,
B,B0D21G1HPW,トラディショナル ウェザーウェア 折りたたみ傘 男女兼用 Traditional Weatherwear (シルバー),Traditional Weather Wear(トラディショナルウェザーウエア),Traditional Weather Wear(トラディショナルウェザーウエア),ファッション > メンズ > 服＆ファッション小物,138188,3,,,9900,はい,2026-02-23以降,5380,6689,標準1,282,中小候補,NG,GO,見送り,回転不足(消化月数>3),,https://www.amazon.co.jp/dp/B0D21G1HPW,
B,B0CCXYF1RD,ぼくは航空管制官 エアポートヒーロー 羽田 ALLSTARS -Switch,ソニックパワード,ソニックパワード,ゲーム > 機種別 > Nintendo Switch,14421,6,,,9379,はい,2026-02-23以降,5538,7008,標準(小型),182,中小候補,NG,GO,見送り,回転不足(消化月数>3),,https://www.amazon.co.jp/dp/B0CCXYF1RD,
B,B0DT6WSBJD,[CALQS ダブル枕(ベーシック) ライトピンク] 枕 ピロー まくら 安眠 寝具 高反発 母の日 父の日 ギフト プレゼント 口コミ カルクス SurvaQ,CALQS,CALQS,ホーム＆キッチン > 寝具 > 枕・抱き枕,45214,2,,,11300,はい,2026-02-23以降,6989,8792,大型,282,中小候補,GO,GO,見送り,FBA大型サイズ,,https://www.amazon.co.jp/dp/B0DT6WSBJD,
B,B0FHPWCHF4,伸和(SHINWA) 日本製 ホリデーランドクーラー45H (ライトブルー),伸和(SHINWA),伸和(SHINWA),スポーツ＆アウトドア > アウトドア > クーラーボックス,16743,3,,,11400,はい,2026-02-23以降,5880,7342,不明,282,中小候補,NG,GO,見送り,回転不足(消化月数>3),,https://www.amazon.co.jp/dp/B0FHPWCHF4,
B,B01KUQV9IK,OGK技研 オージーケー技研 フロントベビーシート (FBCシリーズ) FBC-015DX (ヘッドレスト付カジュアルフロントベビーシート) 黒/黒 自転車用 ,OGK技研,OGK技研,スポーツ＆アウトドア > 自転車 > 自転車アクセサリ,51172,3,,,11800,はい,2026-02-23以降,7193,9059,大型,282,中小候補,NG,GO,見送り,FBA大型サイズ / 回転不足(消化月数>3),,https://www.amazon.co.jp/dp/B01KUQV9IK,
B,B000LN72BQ,京セラ(Kyocera) 旧リョービ 充電式ドライバードリル 12V BD-122 647555A 【20段クラッチと2スピードでトルクと回転数を切替できる】 ,京セラ(Kyocera),京セラ(Kyocera),DIY・工具・ガーデン > 電動工具・エア工具 > 穴あけ・締付工具,54462,2,,,19980,はい,2026-02-23以降,7461,9345,標準2,332,中小候補,GO,GO,GO,,,https://www.amazon.co.jp/dp/B000LN72BQ,
B,B0C534C7X2,王様戦隊キングオージャー DXタランチュラナイト 地底ガーディアンウエポンセット,BANDAI,バンダイ(BANDAI),おもちゃ > 子ども向けフィギュア > ロボット・子ども向けフィギュア,23438,5,,,15000,はい,2026-02-23以降,9177,11654,標準1,282,大手/海外疑い,NG,GO,見送り,回転不足(消化月数>3),,https://www.amazon.co.jp/dp/B0C534C7X2,
B,B0DK91MDHL,FIIL 集音器 高齢者 骨伝導 しゅうおんき 【アプリスマート操作】BT5.3 ノイズ低減 クリアな音 充電式 IPX5防水 敬老日 簡単操作,KXP,kxp,ホーム＆キッチン > 家電 > 健康家電,13479,2,,,10343,はい,2026-02-23以降,6473,8231,標準(小型),182,中小候補,GO,GO,GO,,,https://www.amazon.co.jp/dp/B0DK91MDHL,
B,B0FL7BPKWM,Pearl Flute パールフルート Pearl Flute × Legato Largo レガートラルゴ コラボレーション・リュック 合皮製 LL-FLB1,Pearl Flute,Pearl Flute,ファッション > バッグ・スーツケース > リュック・バックパック,180437,6,,,11880,はい,2026-02-23以降,6667,8372,大型,282,中小候補,NG,GO,見送り,FBA大型サイズ / 回転不足(消化月数>3),,https://www.amazon.co.jp/dp/B0FL7BPKWM,
B,B004Q3QSD0,刀語 全12巻 完結セット (講談社BOX),講談社,講談社,本 > ジャンル別 > コミック・ラノベ・BL,114859,2,,,11840,はい,2026-02-23以降,7201,9005,標準2,332,中小候補,GO,GO,GO,,,https://www.amazon.co.jp/dp/B004Q3QSD0,
B,B0CHW9X85G,NIPLUX EMS EYE MASK ホットアイマスク アイマスク アイウォーマー アイケア 遮光率100％ リラックス 睡眠グッズ プレゼント,NIPLUX,株式会社日創プラス,ホーム＆キッチン > 家電 > 理美容家電,40064,2,,,10670,はい,2026-02-23以降,5380,6689,標準1,282,中小候補,GO,GO,GO,,,https://www.amazon.co.jp/dp/B0CHW9X85G,
B,B00EHDWQHQ,スノーピーク FD ベンチRD LV-071RD,Snow Peak(スノーピーク),snow peak,スポーツ＆アウトドア > アウトドア > テーブル・チェア・ハンモック,126372,3,,,18205,はい,2026-02-23以降,5623,7007,大型,282,中小候補,NG,GO,見送り,FBA大型サイズ / 回転不足(消化月数>3),,https://www.amazon.co.jp/dp/B00EHDWQHQ,
B,B0FMJRWRT5,デグナー (DEGNER) マグネット式 タンクバッグ 3リットル オートバイ用 NB-196 (ブラック),デグナー(DEGNER),デグナー(DEGNER),車＆バイク > バイクバッグ・ケース > タンクバッグ,121413,3,,,11000,はい,2026-02-23以降,6796,8540,標準1,282,中小候補,NG,GO,見送り,回転不足(消化月数>3),,https://www.amazon.co.jp/dp/B0FMJRWRT5,
B,B0DKBGS9WS,Thalia Capos Mother of Pearl カポタスト Shellシリーズ タリアカポ,Thalia,Thalia,楽器・音響機器 > ギター > ギターアクセサリ,14458,3,,,13200,はい,2026-02-23以降,7540,9626,標準(小型),182,中小候補,NG,GO,見送り,回転不足(消化月数>3),,https://www.amazon.co.jp/dp/B0DKBGS9WS,
B,B0CSYLVLQG,ダイワ(DAIWA) ショアジギングロッド DRAGGER(ドラッガー) X SLSJ 84M,Daiwa,ダイワ(DAIWA),スポーツ＆アウトドア > 釣り > ロッド・アクセサリ,99945,7,,,14980,はい,2026-02-23以降,9448,12008,大型,282,中小候補,NG,GO,見送り,FBA大型サイズ / 新品オファー数7 / 回転不足(消化月数>3),,https://www.amazon.co.jp/dp/B0CSYLVLQG,
B,B00L26Y8WW,MERMONT アウトドアテーブル チェアセット 折りたたみ キャンプ ベランダ 4人用 ホワイト アルミテーブル コンパクト 90cm×60cm BBQ 軽量,メルモント,WEIMALL,スポーツ＆アウトドア > アウトドア > テーブル・チェア・ハンモック,90766,2,,,8300,はい,2026-02-23以降,5080,6296,大型,282,中小候補,GO,GO,見送り,FBA大型サイズ,,https://www.amazon.co.jp/dp/B00L26Y8WW,
B,B0FY3VX31Q,【2026新型】12インチ 高速 チェーンソー 充電式 マキタ 18V 電池互換 14.6 m/s 1.6Kg 62dB 1100Wブラシレス長寿命,SPGDSPSY,SPGDSPSY,DIY・工具・ガーデン > ガーデン > 農業・園芸用機器,40017,2,,,13205,はい,2026-02-23以降,8301,10508,大型,282,中小候補,GO,GO,見送り,FBA大型サイズ,,https://www.amazon.co.jp/dp/B0FY3VX31Q,
B,B0F1CXVKST,スツール 木製 スタッキングスツール 4脚セット 天然木 丸椅子 北欧 シンプル 完成品 サイドテーブルにも 積み重ね ダイニング リビング 省スペース (ウォ,ZCJKLN,ZCJKLN,ホーム＆キッチン > 家具 > リビングルーム家具,46906,2,,,9930,はい,2026-02-23以降,6172,7724,不明,282,中小候補,GO,GO,GO,,,https://www.amazon.co.jp/dp/B0F1CXVKST,
B,B0DZBM7WZK,フレーバーストーン双子パン ガス火専用 くっつきにくい 焦げつきにくい フレーバーストーン 両面フライパン ヘルシー調理,ダイレクトテレショップ,テレビショッピング研究所,ホーム＆キッチン > キッチン用品 > 鍋・フライパン,121002,2,HOMES / ダイレクトテレショップ,メーカー直販,11300,はい,2026-02-23以降,7063,8889,不明,282,中小候補,GO,GO,GO,,,https://www.amazon.co.jp/dp/B0DZBM7WZK,
B,B002A5M3FS,TRUSCO(トラスコ) リチウム万能グリス #2 420ml TCG400L 【20本入り】,トラスコ中山(TRUSCO),トラスコ中山(TRUSCO),産業・研究開発用品 > 接着・補修 > グリス・グリスガン,36613,3,,,17993,はい,2026-02-23以降,9804,12473,大型,282,中小候補,NG,GO,見送り,FBA大型サイズ / 回転不足(消化月数>3),,https://www.amazon.co.jp/dp/B002A5M3FS,
B,B0FS1GW625,EPOMAKER RT82 ワイヤレスゲーミングキーボード 液晶付き VIAカスタム 75% テンキーレス 無線 2.4GHz/USB-C/BT5.0,EPOMAKER,EPOMAKER,パソコン・周辺機器 > キーボード・マウス・入力機器 > ゲーミングキーボード,73967,2,,,11820,はい,2026-02-23以降,7351,10028,標準2,332,中小候補,GO,GO,GO,,,https://www.amazon.co.jp/dp/B0FS1GW625,
B,B0F13XDP7Y,[ タケオキクチ ] リュック 【大容量/ONOFF】ラージキャパシティー バックパック G8701360 メンズ ブラック(019) 00(FREE),TAKEO KIKUCHI(タケオキクチ),,ファッション > バッグ・スーツケース > リュック・バックパック,95357,2,,,14080,はい,2026-02-23以降,7954,10055,大型,282,中小候補,GO,GO,見送り,FBA大型サイズ,,https://www.amazon.co.jp/dp/B0F13XDP7Y,
B,B009VUNDXQ,パナソニック 増設子機 1.9GHz DECT準拠方式 ホワイト KX-FKD503-W,パナソニック(Panasonic),パナソニック(Panasonic),家電＆カメラ > 電話機・FAX > 電話機・FAX用アクセサリ,100667,2,,,19500,はい,2026-02-23以降,11743,16304,標準1,282,大手/海外疑い,GO,GO,GO,,,https://www.amazon.co.jp/dp/B009VUNDXQ,
B,B0BPK919X7,Maxell マクセル MXAP-AER205BK(ブラック) オゾン除菌消臭器 小空間用 オゾネオエアロ ミュー,Maxell,Maxell(マクセル),ホーム＆キッチン > 家電 > 空調・季節家電,58876,3,,,9300,はい,2026-02-23以降,4580,5642,標準1,282,中小候補,NG,GO,見送り,回転不足(消化月数>3),,https://www.amazon.co.jp/dp/B0BPK919X7,
B,B016PRGC4O,高儀(Takagi) センサーライト EARTH MAN 録画機能付【840ルーメン光とカメラで防犯対策に】【赤外線検知方式】【SDカード上書き録画】SLT-6,TAKAGI,髙儀(Takagi),DIY・工具・ガーデン > エクステリア > アウトドア・エクステリアライト,78937,6,,,17800,はい,2026-02-23以降,9249,11683,標準2,332,中小候補,NG,GO,見送り,回転不足(消化月数>3),,https://www.amazon.co.jp/dp/B016PRGC4O,
B,B0B87RR1H7,[agnes b.] [アニエスべー] ロゴ トートバッグ WEB限定 GO03‐01 レディース F ブラック,agnes b.,agnes b.(アニエスベー),ファッション > レディース > バッグ・財布,145633,2,,,10980,はい,2026-02-23以降,5438,6764,大型,282,中小候補,GO,GO,見送り,FBA大型サイズ,,https://www.amazon.co.jp/dp/B0B87RR1H7,
B,B0DT3W6696,[バオバブの願い] 強化レーザー イナズマ ランドセル 男の子 2025年 ワンタッチロック ブラック 軽量 かっこいい スポーツ感 A4フラットファイル対応 ,バオバブの願い,,ファッション > バッグ・スーツケース > キッズバッグ・財布,161285,2,,,18980,はい,2026-02-23以降,9601,12143,標準2,332,中小候補,GO,GO,GO,,,https://www.amazon.co.jp/dp/B0DT3W6696,
B,B0B58BBJM1,GREGORY [グレゴリー] トートバッグ マイティートート V2 ガーデンタペストリー Free Size,Gregory,GREGORY,ファッション > メンズ > バッグ・財布,186241,4,,,13620,はい,2026-02-23以降,6868,8634,大型,282,中小候補,NG,GO,見送り,FBA大型サイズ / 回転不足(消化月数>3),,https://www.amazon.co.jp/dp/B0B58BBJM1,
B,B0DC4ZGRLT,Thalia Capos Whiskey Angel Wing カポタスト Shellシリーズ タリアカポ,Thalia,Thalia,楽器・音響機器 > ギター > ギターアクセサリ,17622,3,,,13200,はい,2026-02-23以降,7462,9524,標準(小型),182,中小候補,NG,GO,見送り,回転不足(消化月数>3),,https://www.amazon.co.jp/dp/B0DC4ZGRLT,
B,B0DLG9DQ2N,【 OP 新時代の主役 パラレル/SEC確定 】 ALPHAのオリパ [5連オリパ！],カードショップALPHA,ALPHA,おもちゃ > ゲーム > カードゲーム・トランプ,11050,2,,,14900,いいえ,繰越(境界後の記録なし),9503,12193,標準(小型),182,中小候補,GO,GO,GO,,,https://www.amazon.co.jp/dp/B0DLG9DQ2N,
B,B0CSFQ57MQ,シマノ(SHIMANO) クーラーボックス スペーザ ベイシス 25L NS-325Y ネイビー,シマノ(SHIMANO),シマノ(SHIMANO),スポーツ＆アウトドア > 釣り > 釣り小物,43463,5,,,18480,はい,2026-02-23以降,10847,13838,大型,282,中小候補,NG,GO,見送り,FBA大型サイズ / 回転不足(消化月数>3),,https://www.amazon.co.jp/dp/B0CSFQ57MQ,
B,B0FMRKGF86,Re ルネサンス (公式店) スタイリーボール 振動レベル５段階 SLB-100 ボディケア 筋トレ ストレッチサポートカバー付 (レッド),RE,ルネサンス,スポーツ＆アウトドア > フィットネス・トレーニング > フィットネスマシン,36095,4,,,14650,はい,2026-02-23以降,9240,11736,標準1,282,中小候補,NG,GO,見送り,回転不足(消化月数>3),,https://www.amazon.co.jp/dp/B0FMRKGF86,
B,B00IJJ4J92,アルインコ AL-交互通話(単信)専用特定小電力トランシーバー イエロー DJ-PB20-Y,アルインコ(Alinco),アルインコ(ALINCO),家電＆カメラ > 無線・トランシーバー > 特定小電力トランシーバー,23591,4,,,8250,はい,2026-02-23以降,5073,6966,標準(小型),182,中小候補,NG,GO,見送り,回転不足(消化月数>3),,https://www.amazon.co.jp/dp/B00IJJ4J92,
B,B07DB36RR2,G&G バイオBB弾 0.25g 1KG 4000shot ホワイト G-07-126 (6袋セット),G&G ARMAMENT,G&G,ホビー > エアガン・モデルガン > BB弾,44408,2,ﾄｲｶﾞﾝｼｮｯﾌﾟLIBERATORﾘﾍﾞﾚｰﾀｰ (14時までに決済完了で当日発送),,16800,はい,2026-02-23以降,8638,10884,標準2,332,中小候補,GO,GO,見送り,相乗り出品が基準未満（卸している証拠なし）,,https://www.amazon.co.jp/dp/B07DB36RR2,
B,B0CSFNX6HY,シマノ(SHIMANO) クーラーボックス スペーザ ベイシス 25L NS-325Y インショアブルー,シマノ(SHIMANO),シマノ(SHIMANO),スポーツ＆アウトドア > 釣り > 釣り小物,43463,3,,,19927,はい,2026-02-23以降,11564,14775,大型,282,中小候補,NG,GO,見送り,FBA大型サイズ / 回転不足(消化月数>3),,https://www.amazon.co.jp/dp/B0CSFNX6HY,
B,B00OSR6DNO,カクダイ 台所用 台付 給湯制限付 エコ シングルレバー混合栓 取付アダプター付き 分水ができる 寒冷地仕様 117-054K,カクダイ(KAKUDAI),カクダイ(KAKUDAI),DIY・工具・ガーデン > 住宅用設備・製品 > キッチン・バス備品,114105,4,,,15460,いいえ,繰越(境界後の記録なし),9717,12295,標準2,332,中小候補,NG,GO,見送り,回転不足(消化月数>3),,https://www.amazon.co.jp/dp/B00OSR6DNO,
B,B0B42B99H3,山善(YAMAZEN) ガーデンマスター 人工木 エアコン室外機カバー 幅98.5×奥行42.5×高さ74.5cm 天然木のような自然な木の質感で雨や水に強い ,山善(YAMAZEN),山善(YAMAZEN),DIY・工具・ガーデン > エクステリア > エアコン室外機カバー,35866,3,,,11999,はい,2026-02-23以降,6158,7706,不明,282,大手/海外疑い,NG,GO,見送り,回転不足(消化月数>3),,https://www.amazon.co.jp/dp/B0B42B99H3,
B,B0045T91CK,バイクパーツセンター(Bike Parts Center) バイクタイヤ 80/100-10 4PR T/L 5本セット チューブレス 790401,NBS,バイクパーツセンター(Bike Parts Center),車＆バイク > バイクタイヤ・ホイール > タイヤ,20209,2,,,11900,はい,2026-02-23以降,7375,9297,大型,282,中小候補,GO,GO,見送り,FBA大型サイズ,,https://www.amazon.co.jp/dp/B0045T91CK,
B,B0B5TDV78B,TOSHIBA(東芝) トースター オーブントースター 4枚焼き HTR-R8(K) ブラック 温度調節機能付き 角皿付き 自動メニュー タイマー30分,東芝(TOSHIBA),東芝(TOSHIBA),ホーム＆キッチン > 家電 > キッチン家電,46176,5,,,12800,はい,2026-02-23以降,6478,8124,大型,282,大手/海外疑い,NG,GO,見送り,FBA大型サイズ / 回転不足(消化月数>3),,https://www.amazon.co.jp/dp/B0B5TDV78B,
B,B005GT2AX0,魔法少女まどか☆マギカ ポータブル (通常版) 「通常契約パック」 - PSP,Bandai Namco,バンダイナムコゲームス,ゲーム > 機種別 > レガシーシステム,7510,2,,,8600,はい,2026-02-23以降,3380,4186,標準(小型),182,大手/海外疑い,GO,GO,GO,,,https://www.amazon.co.jp/dp/B005GT2AX0,
B,B01G50VPWA,"バイオリン弦 オブリガート E(ゴールド),A,D,G線セット E線:ボール",Pirastro,ピラストロ(Pirastro),楽器・音響機器 > 弦楽器 > 弦楽器アクセサリ,5540,4,,,18300,はい,2026-02-23以降,11388,14658,標準(小型),182,中小候補,NG,GO,見送り,回転不足(消化月数>3),,https://www.amazon.co.jp/dp/B01G50VPWA,
B,B09FPZPCPS,AbuGarcia (アブガルシア) オーシャンフィールド サワラキャスティング OCEANFIELD SAWARACASTING OFWS-732MH 釣竿 ,AbuGarcia (アブガルシア),アブガルシア(Abu Garcia),スポーツ＆アウトドア > 釣り > ロッド・アクセサリ,28776,3,,,15400,はい,2026-02-23以降,5353,6653,大型,282,中小候補,NG,GO,見送り,FBA大型サイズ / 回転不足(消化月数>3),,https://www.amazon.co.jp/dp/B09FPZPCPS,
B,B07QKW9G6J,ボルネード サーキュレーター DC 16畳 大風量 弱静音 無段階変速 5年保証 コンパクト 24時間365日使える 花粉対策 梅雨対策 部屋干し 衣類乾燥 プ,Vornado(ボルネード),Vornado(ボルネード),ホーム＆キッチン > 家電 > 空調・季節家電,23937,2,,,15840,はい,2026-02-23以降,9861,12483,標準2,332,中小候補,GO,GO,GO,,,https://www.amazon.co.jp/dp/B07QKW9G6J,
B,B0F76XJ8KG,Hilander(ハイランダー) リクライニングチェアDX アウトドア キャンプ 椅子 軽量 ブラック リクライニング リラックスチェア 折りたたみ ゼログラビ,Hilander(ハイランダー),Hilander(ハイランダー),スポーツ＆アウトドア > アウトドア > テーブル・チェア・ハンモック,63400,2,,,12510,はい,2026-02-23以降,6933,8719,大型,282,中小候補,GO,GO,見送り,FBA大型サイズ,,https://www.amazon.co.jp/dp/B0F76XJ8KG,
B,B0B6FFF82X,"CONQUERALL CHS-6000 DC 直流 リターン ポンプ 電圧 24V 流量 6,000L/時 消費電力 30W 揚程 4.9m",CONQUERALL,CONQUERALL,ペット用品 > 水生ペット > 水槽のアクセサリ,18889,3,,,14719,はい,2026-02-23以降,8676,10934,標準2,332,中小候補,NG,GO,見送り,回転不足(消化月数>3),,https://www.amazon.co.jp/dp/B0B6FFF82X,
B,B0F6SMCC8Q,【正規品】zero(ゼロ）シャワーヘッド ウルトラファインバブル 節水 塩素低減 ミスト水流,MYJYG,MYJYG,ホーム＆キッチン > バス・トイレ・洗面用品 > バス用品,38578,1,,,19320,はい,2026-02-23以降,11893,15141,標準2,332,中小候補,GO,GO,見送り,新品オファー数1,,https://www.amazon.co.jp/dp/B0F6SMCC8Q,
B,B0G4T471ZY,Hilander(ハイランダー) リクライニングチェアDX アウトドア キャンプ 椅子 軽量 グレー リクライニング リラックスチェア 折りたたみ ゼログラビテ,Hilander(ハイランダー),Hilander(ハイランダー),スポーツ＆アウトドア > アウトドア > テーブル・チェア・ハンモック,63489,2,,,11800,はい,2026-02-23以降,7030,8846,大型,282,中小候補,GO,GO,見送り,FBA大型サイズ,,https://www.amazon.co.jp/dp/B0G4T471ZY,
B,B08TQL4ZKH,テクニファイバー Tecnifibre テニスボール COURT(コート) 4球入 TBA4CT1 (1箱(15缶/60球)),テクニファイバー(Tecnifibre),テクニファイバー(Tecnifibre),スポーツ＆アウトドア > 硬式テニス > ボール,22275,2,,,8316,はい,2026-02-23以降,5123,6352,不明,282,中小候補,GO,GO,GO,,,https://www.amazon.co.jp/dp/B08TQL4ZKH,
B,B0D8HYK9Z2,仏具 7点セット 「さざなみ」6具足＋おりんセット 3寸 モダン仏具 仏壇 花立て 香炉 燭台 火立て 仏器 茶器 線香立て (ワインボカシ),なーむくまちゃん工房,なーむくまちゃん工房,ホーム＆キッチン > 仏具・神具 > 具足・仏具セット,143476,2,,,11800,いいえ,繰越(境界後の記録なし),7388,9314,標準1,282,中小候補,GO,GO,GO,,,https://www.amazon.co.jp/dp/B0D8HYK9Z2,
B,B0BNB6F67B,rebirth(リバース) ナチュラルシリーズ 食器セット 10点入り A 一人暮らし 日本製 プラスチック 軽い 電子レンジ対応 (ベージュ),rebirth(リバース),大洋技研株式会社,ホーム＆キッチン > 食器・グラス・カトラリー > 食器・サービングウェア,12615,2,,,8680,はい,2026-02-23以降,4154,5021,標準2,332,中小候補,GO,GO,GO,,,https://www.amazon.co.jp/dp/B0BNB6F67B,
B,B0D1QLW1T9,ロルサー(Rolser) ショッピングカート BABY JOY(ベビージョイ) モノトーン 36L マリーナ ブラック | 買い物カート 日本オリジナルフレーム,ROLSER,ロルサー(Rolser),ホーム＆キッチン > 生活雑貨 > ショッピングバッグ・キャリー,37852,6,,,13750,はい,2026-02-23以降,7761,9802,大型,282,中小候補,NG,GO,見送り,FBA大型サイズ / 回転不足(消化月数>3),,https://www.amazon.co.jp/dp/B0D1QLW1T9,
B,B0C7Q7HYYM,[アスレタ] バックパック フリー BLK,アスレタ(ATHLETA),ATHLETA(アスレタ),ファッション > バッグ・スーツケース > スポーツ・フィットネスバッグ,109797,2,,,9900,はい,2026-02-23以降,4656,5742,大型,282,中小候補,GO,GO,見送り,FBA大型サイズ,,https://www.amazon.co.jp/dp/B0C7Q7HYYM,
B,B01N9M8U61,SVBONY SV28 フィールドスコープ 20-60x 60mm 望遠鏡 IP65防水 FMC多層膜 アーチェリー スマホアダプターと卓上三脚付き,SVBONY,SVBONY,家電＆カメラ > カメラ > 双眼鏡・望遠鏡・光学機器,30093,2,,,8980,はい,2026-02-23以降,4629,6176,標準2,332,中小候補,GO,GO,GO,,,https://www.amazon.co.jp/dp/B01N9M8U61,
B,B0DH2GSNYR,KCEVE HDMI USB3.0 KVMスイッチ 4入力1出力、4K@60Hz対応 EDIDエミュレーション搭載、USB3.0ポート×4、4台PCと1台モニタ,KCEVE,KCEVE,パソコン・周辺機器 > PCアクセサリ・サプライ > 切替器,23635,2,,,9599,はい,2026-02-23以降,5333,7231,標準1,282,中小候補,GO,GO,GO,,,https://www.amazon.co.jp/dp/B0DH2GSNYR,
B,B00WQCG3BA,アルパイン(ALPINE) 汎用 バックビューカメラ(ブラック) HCE-C1000 バックカメラ,Alpine,アルパイン(Alpine),車＆バイク > カーナビ・カーエレクトロニクス > バックカメラ本体,22547,4,,,12800,はい,2026-02-23以降,8012,11024,標準1,282,中小候補,NG,GO,見送り,回転不足(消化月数>3),,https://www.amazon.co.jp/dp/B00WQCG3BA,
B,B0757M8FJZ,アイリスオーヤマ ラミネーター A4/A3対応 ~150μm対応 ウォームアップ時間35秒 波打ち防止 リバース機能付き ホワイト HSL-A32-W,アイリスオーヤマ(IRIS OHYAMA),アイリスオーヤマ(IRIS OHYAMA),文房具・オフィス用品 > オフィス機器 > ラミネーター,16575,2,,,10980,はい,2026-02-23以降,6088,7614,大型,282,大手/海外疑い,GO,GO,見送り,FBA大型サイズ,,https://www.amazon.co.jp/dp/B0757M8FJZ,
B,B0055MAONG,タカギ(takagi) ジェットクイックシャワー B406IV お風呂 シャワーがない浴室に便利便利,タカギ(Takagi),タカギ(Takagi),DIY・工具・ガーデン > 住宅用設備・製品 > キッチン・バス備品,60460,4,,,9979,はい,2026-02-23以降,6154,7636,標準2,332,中小候補,NG,GO,見送り,回転不足(消化月数>3),,https://www.amazon.co.jp/dp/B0055MAONG,
B,B0DKDYWN7B,[コーチ] 財布 レディース 2つ折り 折財布 コンパクト アウトレット ブランド スナップウォレット シグネチャー キャンバス CW789 (WALNUT×B,COACH,,ファッション > レディース > バッグ・財布,255155,2,,,16800,はい,2026-02-23以降,7912,10113,標準(小型),182,中小候補,GO,GO,GO,,,https://www.amazon.co.jp/dp/B0DKDYWN7B,
B,B07XMPC42P,CGOLDENWALL LED表示粉末ミル 電動微粉砕機業務用 穀類・生薬・スパイスの製粉に (400g),CGOLDENWALL,CGOLDENWALL,ホーム＆キッチン > 家電 > キッチン家電,31701,2,,,15900,はい,2026-02-23以降,9949,12663,大型,282,中小候補,GO,GO,見送り,FBA大型サイズ,,https://www.amazon.co.jp/dp/B07XMPC42P,
B,B07S6LT11G,Aladdin (アラジン) グラファイト グリラー ホットプレート グリルプレート 0.2秒発熱 減煙 油飛沫防止 4段階温度調節機能 [遠赤グラファイト 搭,Aladdin (アラジン),Aladdin(アラジン),ホーム＆キッチン > 家電 > キッチン家電,20874,4,,,11980,はい,2026-02-23以降,5990,7486,大型,282,中小候補,NG,GO,見送り,FBA大型サイズ / 回転不足(消化月数>3),,https://www.amazon.co.jp/dp/B07S6LT11G,
B,B0DB1X9JYK,ミズノ（MIZUNO） 野球 ミズノプロ アームガード 左右兼用 mizuno pro 1DJPG50001（ホワイト/ＦＦ/Men's）,MIZUNO(ミズノ),ミズノ,スポーツ＆アウトドア > スポーツケア・アクセサリ・競技備品 > スポーツケア用品,92921,4,,,8559,はい,2026-02-23以降,4684,5778,不明,282,中小候補,NG,GO,見送り,回転不足(消化月数>3),,https://www.amazon.co.jp/dp/B0DB1X9JYK,
B,B0FG86KDF6,HOKEEPER スチールラック 5段式 900kg耐荷重 メタルラック本体 幅90×奥行40×高さ180cm 家庭用/業務用 キッチン/ガレージ/子供部屋対応,Hokeeper,HOKEEPER,ホーム＆キッチン > 家具 > 収納家具,172929,4,,,8900,はい,2026-02-23以降,4768,5888,大型,282,中小候補,NG,GO,見送り,FBA大型サイズ / 回転不足(消化月数>3),,https://www.amazon.co.jp/dp/B0FG86KDF6,
B,B00CP31E6E,KOJO 3極 電源ケーブル Medusa / 5m,KOJO,KOJO,家電＆カメラ > オーディオ > ホームオーディオアクセサリ,38750,3,,,19008,はい,2026-02-23以降,9975,13801,標準1,282,中小候補,NG,GO,見送り,回転不足(消化月数>3),,https://www.amazon.co.jp/dp/B00CP31E6E,
B,B0FJ5SRXZM,ガービー(Garvee) ダイニングチェア 2脚セット ダイニング椅子 椅子 チェア イス 北欧 おしゃれ 木製 布地 クッション座面 いす コンパクト 組立簡,Garvee,Garvee,ホーム＆キッチン > 家具 > ダイニングルーム家具,126611,2,,,12070,はい,2026-02-23以降,7563,9543,大型,282,中小候補,GO,GO,見送り,FBA大型サイズ,,https://www.amazon.co.jp/dp/B0FJ5SRXZM,
B,B0DKBXN8J8,HORTDFang ランドリーラック 洗濯機ラック 収納棚 棚2段 横幅伸縮可能 ハンガーバー付き ステンレス製 幅62~103*奥行49.5*高さ173cm ,HORTDFang,Shanghai Dafang Trading Company Limited,ホーム＆キッチン > 収納用品 > ランドリー収納,66715,2,,,8499,はい,2026-02-23以降,4689,5785,大型,282,中小候補,GO,GO,見送り,FBA大型サイズ,,https://www.amazon.co.jp/dp/B0DKBXN8J8,
B,B0C1RHZTQ1,ポケモンセンターオリジナル ぬいぐるみ ミライドン(ドライブモード) 21×18×35(H×W×D:㎝),ポケモン(Pokemon),ポケモン,おもちゃ > ぬいぐるみ > ぬいぐるみ＆ブランケットセット,15298,5,,,12480,はい,2026-02-23以降,7830,9892,標準1,282,中小候補,NG,GO,見送り,回転不足(消化月数>3),,https://www.amazon.co.jp/dp/B0C1RHZTQ1,
B,B07NBV3T6F,KATO Nゲージ D51 標準形 2016-9 鉄道模型 蒸気機関車,Kato,カトー(KATO),ホビー > プラモデル・模型 > 鉄道模型,14196,4,,,13640,はい,2026-02-23以降,5650,7155,標準(小型),182,中小候補,NG,GO,見送り,回転不足(消化月数>3),,https://www.amazon.co.jp/dp/B07NBV3T6F,
B,B0FH28J4P1,【Spolehli】 ステージライト 舞台照明 パーティーライト led RGBW 【4+6 10個の10WLED搭載 DMX512対応 4大制御方式 540°,Spolehli,Spolehli,楽器・音響機器 > ステージ機器・照明 > LED照明,4347,2,,,17999,はい,2026-02-23以降,10364,13206,大型,282,中小候補,GO,GO,見送り,FBA大型サイズ,,https://www.amazon.co.jp/dp/B0FH28J4P1,
B,B0BXMJSBN8,[agnes b.] [アニエスべー] トートバック WEB限定 SAS22-02 レディース Free ブラック×ホワイト,agnes b.,agnes b.(アニエスベー),ファッション > レディース > バッグ・財布,38098,2,,,14850,はい,2026-02-23以降,7440,9382,大型,282,中小候補,GO,GO,見送り,FBA大型サイズ,,https://www.amazon.co.jp/dp/B0BXMJSBN8,
B,B0G3499WRP,iBasso Jr. MacchiatoマキアートCompact Hi-Fi DAC/AMP アイバッソポータブルヘッドホンアンプ ドングルDAC USB-DA,iBasso,iBasso Jr.,家電＆カメラ > イヤホン・ヘッドホン > ヘッドホンアンプ,29623,3,,,11370,はい,2026-02-23以降,7208,9988,標準(小型),182,中小候補,NG,GO,見送り,回転不足(消化月数>3),,https://www.amazon.co.jp/dp/B0G3499WRP,
B,B0DXZXQCNF,弘益 koeki スタンドミラー ノンフレームタイプ P-1126（BK）ブラック 163×53.5×7.8cm (ブラック),弘益,弘益,ホーム＆キッチン > インテリア > ミラー・鏡,96128,5,,,16480,はい,2026-02-23以降,10430,13292,不明,282,中小候補,NG,GO,見送り,回転不足(消化月数>3),,https://www.amazon.co.jp/dp/B0DXZXQCNF,
B,B09Z7KBP33,CGOLDENWALL 製粉機 電動粉砕機 800g穀物粉末機 LED表示 １分間に微粉末・ハイパワー お米/胡椒/お茶/小麦粉/干し昆布/こーひまめ・乾燥材料,CGOLDENWALL,CGOLDENWALL,ホーム＆キッチン > 家電 > キッチン家電,31678,2,,,19900,はい,2026-02-23以降,12523,16029,大型,282,中小候補,GO,GO,見送り,FBA大型サイズ,,https://www.amazon.co.jp/dp/B09Z7KBP33,
B,B0DP2DRC5S,Amaran Light Dome 24インチ/60cm パラボリック ソフトボックスAmaran Halo 600x 300x 200x対応,Aputure,Amaran,家電＆カメラ > カメラ > スタジオ撮影機材,22152,2,,,14080,はい,2026-02-23以降,7497,10294,大型,282,中小候補,GO,GO,見送り,FBA大型サイズ,,https://www.amazon.co.jp/dp/B0DP2DRC5S,
B,B00A1X5F8S,TWINBIRD(ツインバード) 掃除機 クリーナー サイクロン キャニスター掃除機 コード式 ハイパワー 軽量 吸込仕事率180W スケルトンブラック YC-,TWINBIRD(ツインバード),ツインバード(TWINBIRD),ホーム＆キッチン > 家電 > 生活家電,131911,6,,,11800,はい,2026-02-23以降,5496,6840,大型,282,中小候補,NG,GO,見送り,FBA大型サイズ / 回転不足(消化月数>3),,https://www.amazon.co.jp/dp/B00A1X5F8S,
B,B0DN4NYBNS,ロジテック 外付け ブルーレイドライブ for Windows USB3.2 Gen1 スリム 編集 再生 書き込み Type-C＆Type-Aケーブル付属 ホ,ロジテック,ロジテック,パソコン・周辺機器 > 外付けドライブ・ストレージ > 外付光学式ドライブ,26234,5,,,19800,はい,2026-02-23以降,10527,14583,標準1,282,中小候補,NG,GO,見送り,回転不足(消化月数>3),,https://www.amazon.co.jp/dp/B0DN4NYBNS,
B,B0BF456PMY,ドクターエア 公式ストア 3Dアイマジック ホワイト/ヒーリングサウンド内蔵 充電式 コンパクトボディ ヒーター アイウォーマー 目元エステ 目元ケア アイケア,ドクターエア,ドクターエア,ホーム＆キッチン > 家電 > 理美容家電,116505,2,,,14356,はい,2026-02-23以降,9049,11486,標準1,282,中小候補,GO,GO,GO,,,https://www.amazon.co.jp/dp/B0BF456PMY,
B,B01N75X0SU,ラディウス radius HP-NHR31 ハイレゾ対応イヤホン : MMCX リケーブル Ne VOLTシリーズ 重低音モデル HP-NHR31K (ブラック,ラディウス,ラディウス,家電＆カメラ > イヤホン・ヘッドホン > イヤホン・ヘッドホン本体,63794,3,,,19800,はい,2026-02-23以降,7306,10126,標準(小型),182,中小候補,NG,GO,見送り,回転不足(消化月数>3),,https://www.amazon.co.jp/dp/B01N75X0SU,
B,B0FR36VPH8,MODONG ペットカート 2段式 犬 カート ペットかーと折たたみ可能 小型犬 前輪360°回転 後輪ブレーキ付 組み立て簡単 耐荷重20KG 猫 小型犬多頭,MODONG,ZRGD,ペット用品 > 犬 > おでかけ用品,25413,2,,,11880,はい,2026-02-23以降,7053,8877,大型,282,中小候補,GO,GO,見送り,FBA大型サイズ,,https://www.amazon.co.jp/dp/B0FR36VPH8,
B,B0BLTHQXWC,ボッシュ(BOSCH) コードレスエアポンプ 米式・仏式・英式バルブ対応 UPUMP118H,Bosch,ボッシュ(BOSCH),スポーツ＆アウトドア > 自転車 > メンテナンス用品,85572,3,,,12038,はい,2026-02-23以降,4515,5493,標準2,332,中小候補,NG,GO,見送り,回転不足(消化月数>3),,https://www.amazon.co.jp/dp/B0BLTHQXWC,
B,B072K1GPQ9,riraku-life(リラクリフェ) コットンシルバーアーシングシーツ/【200cm×140cm コットンシーツ】5mコード(抵抗内蔵)付属 大地と繋がるアー,riraku-life(ﾘﾗｸﾘﾌｪ),riraku-life(ﾘﾗｸﾘﾌｪ),ホーム＆キッチン > 寝具 > 寝具カバー・シーツ,87490,2,,,17390,はい,2026-02-23以降,8760,11109,標準1,282,中小候補,GO,GO,GO,,,https://www.amazon.co.jp/dp/B072K1GPQ9,
B,B081DN66J9,ワイエムワールド 本棚 大容量 引き出し付き スリム A4対応 幅90 奥行32 ディスプレイラック 3列 3段 木製 ホワイトオーク 00-291,ワイエムワールド,ワイエムワールド,ホーム＆キッチン > 家具 > リビングルーム家具,29799,2,,,11520,はい,2026-02-23以降,6088,7614,大型,282,中小候補,GO,GO,見送り,FBA大型サイズ,,https://www.amazon.co.jp/dp/B081DN66J9,
B,B0CQXKBF3C,Makilight フロアランプ フロアスタンド 木製三脚スタンド フロアライト スタンドライト シンプル風 口金E27 目に優しい 高輝度 照明灯,Makilight,Makilight,ホーム＆キッチン > 家電 > 照明,70928,2,,,8999,はい,2026-02-23以降,4917,6083,大型,282,中小候補,GO,GO,見送り,FBA大型サイズ,,https://www.amazon.co.jp/dp/B0CQXKBF3C,
B,B0BRHVQFNT,【Spolehli】 トルネードポテトカッター ハリケーン 【清掃ブラシ付き 1台3役】 スパイラルカッター ポテトスライサー 省力化 効率的 耐摩耗性 操作簡,Spolehli,Spolehli,ホーム＆キッチン > キッチン用品 > 調理・製菓道具,119823,2,,,9600,はい,2026-02-23以降,4909,6008,標準2,332,中小候補,GO,GO,GO,,,https://www.amazon.co.jp/dp/B0BRHVQFNT,
B,B0FG7YRQNZ,【テレビで紹介されました】 壁掛け扇風機 羽根なし dcモーター 【 壁掛け ＆ 卓上 2way 】 サーキュレーター 卓上扇風機 リモコン付き,life_mart,life_mart,ホーム＆キッチン > 家電 > 空調・季節家電,41539,2,,,18400,はい,2026-02-23以降,11288,14414,不明,282,中小候補,GO,GO,GO,,,https://www.amazon.co.jp/dp/B0FG7YRQNZ,
B,B0C5LHHF6V,HAIGE(ハイガー) 電動ガーデンシュレッダー/枝粉砕機 (単体モデル) 園芸機械用品 農業資材器具 HG-BSLD01DA,HAIGE,HAIGE(ハイガー),DIY・工具・ガーデン > ガーデン > 農業・園芸用機器,37833,2,,,19800,はい,2026-02-23以降,11762,15034,大型,282,中小候補,GO,GO,見送り,FBA大型サイズ,,https://www.amazon.co.jp/dp/B0C5LHHF6V,
B,B07BFBD1JW,[クイックプレイ] キックスター ハンドボールゴール ポータブル 持ち運び 組立式 練習用 組み立て簡単 プレゼント キャリーバッグ付き グラスファイバー 2.,QuickPlay,Quickplay Sports,スポーツ＆アウトドア > サッカー・フットサル > サッカー,30684,2,,,14200,はい,2026-02-23以降,7609,9603,大型,282,中小候補,GO,GO,見送り,FBA大型サイズ,,https://www.amazon.co.jp/dp/B07BFBD1JW,
B,B07DK8V4RQ,コモコーメ 2way ゴルフ スイング 練習器具 ライビースイング ミニ IM付 75cm シャフトがしなって 飛距離アップ ヘッドスピードアップ 素振り 日本,como!come!,グリーニング/コモコーメデザインスタジオ,スポーツ＆アウトドア > ゴルフ > 練習用品,25003,2,,,10800,はい,2026-02-23以降,5561,6925,大型,282,中小候補,GO,GO,見送り,FBA大型サイズ,,https://www.amazon.co.jp/dp/B07DK8V4RQ,
B,B0FS1FYYB4,EPOMAKER RT82 ワイヤレスゲーミングキーボード 液晶付き VIAカスタム 75% テンキーレス 無線 2.4GHz/USB-C/BT5.0,EPOMAKER,EPOMAKER,パソコン・周辺機器 > キーボード・マウス・入力機器 > ゲーミングキーボード,73909,2,,,11229,はい,2026-02-23以降,6966,9484,標準2,332,中小候補,GO,GO,GO,,,https://www.amazon.co.jp/dp/B0FS1FYYB4,
B,B0C5XBL5J7,GOGlamping G・G PUP 2.0パップテントTC 1人用 【メッシュ/耐熱シート三角窓】 ソロテント ポリコットン【アルミポール+スカート付き】軍幕,GOGlamping,GOGlamping,スポーツ＆アウトドア > アウトドア > テント,64057,2,,,15984,はい,2026-02-23以降,10107,12870,大型,282,中小候補,GO,GO,見送り,FBA大型サイズ,,https://www.amazon.co.jp/dp/B0C5XBL5J7,
B,B0FDB5GF8Z,DAMAGA 断熱シート 窓 【紫外線＆熱をWでブロック】 断熱フィルム UVカット ガラスフィルム (90cm×10ｍ),DAMAGA,DAMAGA,ホーム＆キッチン > 生活雑貨 > 窓用フィルム,86484,2,,,19900,はい,2026-02-23以降,10712,13661,大型,282,中小候補,GO,GO,見送り,FBA大型サイズ,,https://www.amazon.co.jp/dp/B0FDB5GF8Z,
B,B0GD16V3B5,FIIL 集音器 高齢者 骨伝導 しゅうおんき 【アプリスマート操作】BT5.3 ノイズ低減 充電式 IPX5防水 敬老日 簡単操作 ダークカラー,KXP,kxp,ホーム＆キッチン > 家電 > 健康家電,13479,2,,,13888,はい,2026-02-23以降,6540,8319,標準(小型),182,中小候補,GO,GO,GO,,,https://www.amazon.co.jp/dp/B0GD16V3B5,
B,B0194WWOYE,TOKAIZ(トカイズ) タイムレコーダー 【締め日設定不要】 本体 打刻機 6欄印字 赤黒2色印字 タイムカード50枚付属 表裏自動判別 印字位置自動切替 オ,TOKAIZ,株式会社万通商事,文房具・オフィス用品 > オフィス機器 > タイムカード用品,16250,2,,,10500,はい,2026-02-23以降,6135,7611,標準2,332,中小候補,GO,GO,GO,,,https://www.amazon.co.jp/dp/B0194WWOYE,
B,B0BYRQGJH1,斑鳩 IKARUGA -PS4 【特典】リバーシブルジャケット、説明書 、特製化粧箱、Metal Earth 「IKARUGA」、特製ステッカー 同梱,Pikii,Pikii,ゲーム > 機種別 > プレイステーション4,17204,5,,,12300,はい,2026-02-23以降,5863,7433,標準(小型),182,中小候補,NG,GO,見送り,回転不足(消化月数>3),,https://www.amazon.co.jp/dp/B0BYRQGJH1,
B,B001OTR1K8,【純正品】 パナソニック 空気清浄機フィルター 集じん・脱臭セット F-Z15ZT,パナソニック(Panasonic),パナソニック(Panasonic),ホーム＆キッチン > 家電 > 空調・季節家電,128803,3,,,11900,はい,2026-02-23以降,5568,6934,標準1,282,大手/海外疑い,NG,GO,見送り,回転不足(消化月数>3),,https://www.amazon.co.jp/dp/B001OTR1K8,
B,B0014K3TWQ,Pearl パール マレットスタンド PTT-1824,パール(Pearl),パール(Pearl),楽器・音響機器 > ドラム・パーカッション > ハードウェア,14955,4,,,19800,はい,2026-02-23以降,11301,14431,大型,282,中小候補,NG,GO,見送り,FBA大型サイズ / 回転不足(消化月数>3),,https://www.amazon.co.jp/dp/B0014K3TWQ,
B,B09HMLVGV5,すくすくローチェアII ダークブラウン ベビーチェア キッズチェア ロータイプ テーブル 木製 チェア 椅子 食事 離乳食 床暮らし すくすくプラス 大和屋 y,yamatoya,yamatoya,ベビー＆マタニティ > ベビー家具・収納 > ベビーチェア,8101,4,,,12999,はい,2026-02-23以降,8167,10333,大型,282,中小候補,NG,GO,見送り,FBA大型サイズ / 回転不足(消化月数>3),,https://www.amazon.co.jp/dp/B09HMLVGV5,
B,B08622FF8J,VENEX(ベネクス) リカバリーウェア リカバリークロス+ サクラ F 61230100,VENEX(ベネクス),VENEX(ベネクス),ホーム＆キッチン > 寝具 > ひざ掛け・ハーフケット,59238,2,,,11000,はい,2026-02-23以降,6253,7943,標準(小型),182,中小候補,GO,GO,GO,,,https://www.amazon.co.jp/dp/B08622FF8J,
B,B07NGPHH7L,エレコム microSD カード 64GB UHS-I ドライブレコーダー カーナビ用 高耐久 MLCフラッシュ 防水 MF-CAMR064GU11A,エレコム(ELECOM),エレコム(ELECOM),パソコン・周辺機器 > PCアクセサリ・サプライ > メモリーカード,69659,2,(最速配達)タカハシドラッグ オンラインストア / SunSunStore,,10000,はい,2026-02-23以降,3705,5029,標準(小型),182,大手/海外疑い,GO,GO,GO,,,https://www.amazon.co.jp/dp/B07NGPHH7L,
B,B09HX8C7KW,Carina 折りたたみ 電子ピアノ 光る鍵盤 88鍵盤 コンパクト 軽量 スリムデザイン MIDI対応 ペダル イヤホン 鍵盤シール付き【ホワイト】,カリーナ,カリーナ(Carina),楽器・音響機器 > ピアノ・キーボード > キーボード・電子ピアノ,4188,2,,,18816,はい,2026-02-23以降,9500,12076,大型,282,中小候補,GO,GO,見送り,FBA大型サイズ,,https://www.amazon.co.jp/dp/B09HX8C7KW,
B,B0DWK5RSGH,ZUNDUO 日産 セレナ C27 E-POWER 2016年8月-現行 専用 フロアマット&ラゲッジマット,ZUNDUO,mipicar,車＆バイク > カーアクセサリ > フロアマット,26907,2,,,12280,はい,2026-02-23以降,6502,8156,大型,282,中小候補,GO,GO,見送り,FBA大型サイズ,,https://www.amazon.co.jp/dp/B0DWK5RSGH,
B,B0DHG5QYVM,UEWIT シーリングライト4灯 ペンダントライト 700LM LED電球付き 調光 調色 スポットライト 北欧 おしゃれ 6畳 8畳 ブラック,UEWIT,UEWIT,ホーム＆キッチン > 家電 > 照明,45981,2,,,9719,はい,2026-02-23以降,5751,7109,標準2,332,中小候補,GO,GO,GO,,,https://www.amazon.co.jp/dp/B0DHG5QYVM,
B,B0DCVWG4HQ,【国内正規品】Keychron K13 Max QMK/VIA対応薄型ワイヤレス・カスタムメカニカルキーボード、2.4GH/Bluetooth/有線対応、80%,Keychron,Keychron,パソコン・周辺機器 > キーボード・マウス・入力機器 > ゲーミングキーボード,42218,2,,,15136,はい,2026-02-23以降,9556,13209,標準1,282,中小候補,GO,GO,GO,,,https://www.amazon.co.jp/dp/B0DCVWG4HQ,
B,B0FSZNF5VJ,「国内正規品」Keychron B33＆BM25 TKLワイヤレスキーボード＆マウスコンボ 2.4G/Bluetooth/有線 USレイアウト,Keychron,Keychron,パソコン・周辺機器 > キーボード・マウス・入力機器 > キーボード・マウスセット,52909,3,,,7656,はい,2026-02-23以降,4644,6256,標準1,282,中小候補,NG,GO,見送り,回転不足(消化月数>3),,https://www.amazon.co.jp/dp/B0FSZNF5VJ,
B,430990291X,オイスター・ボーイの憂鬱な死,アップリンク,アップリンク,本 > ジャンル別 > 文学・評論,286323,2,,,8206,はい,2026-02-23以降,5051,6259,標準1,282,中小候補,GO,GO,GO,,,https://www.amazon.co.jp/dp/430990291X,
B,B0FF9YP16S,SIUTATDSH カメラグリップ 対応 Nikon ニコン Zf Z f カメラ専用 L型クイックリリースプレート、実木製ハンドル、Arca標準、三脚設置でき,SIUTATDSH,SIUTATDSH,家電＆カメラ > カメラ > アクセサリ,118568,2,SIUTATDSHJP,メーカー直販,9999,はい,2026-02-23以降,6252,8635,標準(小型),182,大手/海外疑い,GO,GO,見送り,相乗り出品が基準未満（卸している証拠なし）,,https://www.amazon.co.jp/dp/B0FF9YP16S,
B,B0757M9Y5R,アイリスオーヤマ ラミネーター A4対応 ~ 150μm ウォームアップ時間35秒 波打ち防止 リバース機能付き ホワイト HSL-A42-W,アイリスオーヤマ(IRIS OHYAMA),アイリスオーヤマ(IRIS OHYAMA),文房具・オフィス用品 > オフィス機器 > ラミネーター,16575,3,,,8525,はい,2026-02-23以降,3893,4679,標準2,332,大手/海外疑い,NG,GO,見送り,回転不足(消化月数>3),,https://www.amazon.co.jp/dp/B0757M9Y5R,
B,B0CG8Z4TGD,[Dom Teporna] セカンドバッグ メンズ 牛革 バイナルレザー 大きく開く スマート コンパクト クラッチバッグ ビジネス 冠婚葬祭 ハンドバッグ ネ,Dom Teporna,Dom Teporna,ファッション > メンズ > バッグ・財布,129340,2,,,8980,はい,2026-02-23以降,4503,5542,標準1,282,中小候補,GO,GO,GO,,,https://www.amazon.co.jp/dp/B0CG8Z4TGD,
B,B0DM1MBDD2,エレコム バックパック 防犯バッグ 撥水加工 スキミング防止 大容量 28L ブラック BM-BPSC01LBK,エレコム(ELECOM),エレコム,ファッション > バッグ・スーツケース > リュック・バックパック,91283,5,,,9000,はい,2026-02-23以降,4221,5173,大型,282,大手/海外疑い,NG,GO,見送り,FBA大型サイズ / 回転不足(消化月数>3),,https://www.amazon.co.jp/dp/B0DM1MBDD2,
B,B0FL78F6CJ,Pearl Flute パールフルート Pearl Flute × Legato Largo レガートラルゴ コラボレーション・リュック 合皮製 LL-FLB1,Pearl Flute,Pearl Flute,ファッション > バッグ・スーツケース > リュック・バックパック,180437,6,,,11880,はい,2026-02-23以降,6667,8372,大型,282,中小候補,NG,GO,見送り,FBA大型サイズ / 回転不足(消化月数>3),,https://www.amazon.co.jp/dp/B0FL78F6CJ,
B,B083JQP1T5,ロゴス(LOGOS) Tradcanvas 難燃BRICK・回るんチェア 73173127,ロゴス(LOGOS),ロゴス(LOGOS),スポーツ＆アウトドア > アウトドア > テーブル・チェア・ハンモック,51773,3,,,9800,はい,2026-02-23以降,4445,5401,標準2,332,中小候補,NG,GO,見送り,回転不足(消化月数>3),,https://www.amazon.co.jp/dp/B083JQP1T5,
B,B006U2D7K2,ドットール ヴラニエス DR.VRANJES ディフューザー ロッソ ノービレ 500ml fs,DR. VRANJES,Dr.Vranjes/(ドットール・ヴラニエス),ホーム＆キッチン > インテリア > ホームフレグランス,71129,4,,,15400,はい,2026-02-23以降,9577,12113,標準2,332,中小候補,NG,GO,見送り,回転不足(消化月数>3),,https://www.amazon.co.jp/dp/B006U2D7K2,
B,B0F9C1V9BW,Hilander(ハイランダー) ハイランドクーラーボックス 35L クーラーBOX ハードクーラーボックス 最大氷保持期間4日間 保冷力 頑丈 キャンプ 釣り,Hilander(ハイランダー),Hilander(ハイランダー),スポーツ＆アウトドア > アウトドア > クーラーボックス,44961,2,,,15800,はい,2026-02-23以降,8446,10698,大型,282,中小候補,GO,GO,見送り,FBA大型サイズ,,https://www.amazon.co.jp/dp/B0F9C1V9BW,
B,B09SWNSCYX,スタンレー（STANLEY） ウォータージャグ 7.5L 10-01938-082 ホワイト（ホワイト/ＦＦ）,STANLEY(スタンレー),スタンレー,スポーツ＆アウトドア > アウトドア > ボトル・ジャグ,125558,5,,,11900,はい,2026-02-23以降,5405,6721,大型,282,中小候補,NG,GO,見送り,FBA大型サイズ / 回転不足(消化月数>3),,https://www.amazon.co.jp/dp/B09SWNSCYX,
B,B0B2838YYQ,旧ジョンソンエンドジョンソン エラスチコン ELASTIKON 現アクティムーブ エラスティックテープ (幅75mm（16本入）),LINDSPORTS,株式会社リンドスポーツ,スポーツ＆アウトドア > スポーツケア・アクセサリ・競技備品 > スポーツケア用品,89015,2,,,16440,はい,2026-02-23以降,10354,13128,標準2,332,中小候補,GO,GO,GO,,,https://www.amazon.co.jp/dp/B0B2838YYQ,
B,B07TPHML8G,岸田産業 防災リュック キャリー付き 大容量 リュック 非常用持出袋 防災セット【1人用】【２人用】【３人用】 (【１人用】キャリー付防災セット8-1400N),岸田産業,岸田産業,スポーツ＆アウトドア > アウトドア > 安全対策・サバイバル,154233,2,,,16800,はい,2026-02-23以降,10528,13421,大型,282,中小候補,GO,GO,見送り,FBA大型サイズ,,https://www.amazon.co.jp/dp/B07TPHML8G,
B,B01MTGIP46,[Galerie] マリメッコ(marimekko) パル ショルダーバッグ ブラック PAL 26991-999 [並行輸入品],marimekko(マリメッコ),,ファッション > レディース > バッグ・財布,218848,2,,,17800,はい,2026-02-23以降,11172,14262,標準1,282,中小候補,GO,GO,GO,,,https://www.amazon.co.jp/dp/B01MTGIP46,
B,B0CCKDWRDY,PEARL IZUMI(パールイズミ) サイクルウエア 238MEGAⅡ コールド シェイド メガ タイツ カラー: 5 ブラック サイズ:M,PEARL IZUMI(パールイズミ),パールイズミ,ファッション > メンズ > 服＆ファッション小物,133009,5,,,12793,はい,2026-02-23以降,6136,7676,標準1,282,中小候補,NG,GO,見送り,回転不足(消化月数>3),,https://www.amazon.co.jp/dp/B0CCKDWRDY,
B,B0D5LBGDJB,TAMASHII NATIONS S.H.フィギュアーツ NARUTO-ナルト- 疾風伝- うちはサスケ -全ての憎しみを背負う者-(再販版)約145mm AB,TAMASHII NATIONS,BANDAI SPIRITS(バンダイ スピリッツ),ホビー > フィギュア・コレクタードール,26236,3,,,13800,はい,2026-02-23以降,4386,5502,標準(小型),182,大手/海外疑い,NG,GO,見送り,回転不足(消化月数>3),,https://www.amazon.co.jp/dp/B0D5LBGDJB,
B,B08R39QDR7,タニタ 体組成計 グラフで管理【4C Technology 最新高精度測定】RD-504-SV 世界初 筋肉の質が分かる インナースキャンデュアル シルバー 医,TANITA,タニタ(Tanita),ホーム＆キッチン > 家電 > 健康家電,77091,4,,,19480,はい,2026-02-23以降,11251,14301,標準2,332,中小候補,NG,GO,見送り,回転不足(消化月数>3),,https://www.amazon.co.jp/dp/B08R39QDR7,
B,B0DCJYR53V,NEWYES 関数電卓 電卓付き電子メモパッド 417関数・機能 微分積分・統計計算・数学自然表示 4ライン表示 関数計算機 数学電卓 折りたたみ式 建築現場 ,NEWYES,NEWYES,文房具・オフィス用品 > オフィス機器 > 電卓,11054,3,,,8194,はい,2026-02-23以降,4225,5291,標準(小型),182,中小候補,NG,GO,見送り,回転不足(消化月数>3),,https://www.amazon.co.jp/dp/B0DCJYR53V,
B,B0FMRJJQQZ,Re ルネサンス (公式店) スタイリーボール 振動レベル５段階 SLB-100 ボディケア 筋トレ ストレッチサポートカバー付 (ネイビー),RE,ルネサンス,スポーツ＆アウトドア > フィットネス・トレーニング > フィットネスマシン,36040,4,,,14650,はい,2026-02-23以降,9240,11736,標準1,282,中小候補,NG,GO,見送り,回転不足(消化月数>3),,https://www.amazon.co.jp/dp/B0FMRJJQQZ,
B,B0BTKJHSXB,大和屋 (yamatoya) キッズデスク & チェア セット Buono３ 約 70cm x 40cm x 45cm ブォーノ 3 キッズ デスク チェア 北,yamatoya,大和屋,ホーム＆キッチン > 家具 > 子ども用家具,20673,5,,,15400,はい,2026-02-23以降,8905,11298,大型,282,中小候補,NG,GO,見送り,FBA大型サイズ / 回転不足(消化月数>3),,https://www.amazon.co.jp/dp/B0BTKJHSXB,
B,B0DT42MK28,[バオバブの願い] 強化レーザー イナズマ ランドセル 男の子 2025年 ワンタッチロック ブラック 軽量 かっこいい スポーツ感 A4フラットファイル対応 ,バオバブの願い,,ファッション > バッグ・スーツケース > キッズバッグ・財布,161285,2,,,18980,はい,2026-02-23以降,9651,12273,大型,282,中小候補,GO,GO,見送り,FBA大型サイズ,,https://www.amazon.co.jp/dp/B0DT42MK28,
B,B0779KC1X8,ボーネルンド ポピュラープレイシングス (POPULAR PLAYTHINGS) ミックス&マッチ ポリスカー 3歳頃 PPT60316,Popular Playthings,ポピュラープレイシングス,おもちゃ > ブロック > ブロックセット,21017,5,,,8883,はい,2026-02-23以降,4477,5508,標準1,282,中小候補,NG,GO,見送り,回転不足(消化月数>3),,https://www.amazon.co.jp/dp/B0779KC1X8,
B,B095C45LM4,[ニューエラ] アーバンパック 33L プリントロゴ Urban Pack ブラック×ホワイト 12854713,NEW ERA(ニューエラ),NEWERA,ファッション > バッグ・スーツケース > リュック・バックパック,128993,5,,,8980,はい,2026-02-23以降,5282,6560,大型,282,中小候補,NG,GO,見送り,FBA大型サイズ / 回転不足(消化月数>3),,https://www.amazon.co.jp/dp/B095C45LM4,
B,B0CW1KZKBK,[canittus produced by KEK] 多機能 ハードシェル スーツケース バックパック 容量约35L ビジネス キャリーバッグ 機内持込 ハンド,canittus produced by KEK,KEK,ファッション > バッグ・スーツケース > スーツケース・トラベルバッグ,79151,2,,,8980,はい,2026-02-23以降,5496,6840,大型,282,中小候補,GO,GO,見送り,FBA大型サイズ,,https://www.amazon.co.jp/dp/B0CW1KZKBK,
B,B0F9BJRYH1,Hilander(ハイランダー) ハイランドクーラーボックス 35L クーラーBOX ハードクーラーボックス 最大氷保持期間4日間 保冷力 頑丈 キャンプ 釣り,Hilander(ハイランダー),Hilander(ハイランダー),スポーツ＆アウトドア > アウトドア > クーラーボックス,44961,2,,,15800,はい,2026-02-23以降,8447,10699,大型,282,中小候補,GO,GO,見送り,FBA大型サイズ,,https://www.amazon.co.jp/dp/B0F9BJRYH1,
B,B08BHZP9YL,伸縮フェンス 屋外 アルミ 最大幅5ｍ 置くだけ【幅38cm～510cm】キャスター付き 伸縮式 門 iiⅿono117 (ダブル),iimono117 Bandiera,iimono117 Bandiera,DIY・工具・ガーデン > エクステリア > 屋外装飾,23915,2,,,14980,はい,2026-02-23以降,9390,11932,大型,282,中小候補,GO,GO,見送り,FBA大型サイズ,,https://www.amazon.co.jp/dp/B08BHZP9YL,
B,B073W644V2,和装用 トルソー 着付けマネキン 和装ボディ マネキン 上半身 レディース 婦人 着付け練習用 着付教室 着物 呉服 浴衣 ディスプレイ ピン針OK 腕なし 組,G&G,G&G,ファッション > レディース > 服＆ファッション小物,58598,3,,,13500,はい,2026-02-23以降,8267,10399,標準2,332,中小候補,NG,GO,見送り,回転不足(消化月数>3),,https://www.amazon.co.jp/dp/B073W644V2,
B,B0CP8XW1PC,WEIMALL ゴミ箱 自動開閉 横開き 防臭 ステンレス センサー式 電池式 スリム 広口設計 ストッパー付き 47L 45L袋対応 ホワイト FHB006W,ウェイモール (WEIMALL),WEIMALL,ホーム＆キッチン > ゴミ箱・ゴミ入れ > フタ付きゴミ箱,57721,2,,,8850,はい,2026-02-23以降,5470,6806,不明,282,中小候補,GO,GO,GO,,,https://www.amazon.co.jp/dp/B0CP8XW1PC,
B,B0DJQFXWNZ,MIWA(美和ロック) 85RA レバーハンドル錠 ドアノブ 交換 鍵付き 玄関ドア シリンダー 錠 U9 RAHPC 外開き左勝手 扉厚35〜37mm ST色,あんしん壱番,美和ロック(Miwalock),DIY・工具・ガーデン > 建築金物 > 建築金具,15821,2,,,9980,いいえ,繰越(境界後の記録なし),6155,7637,標準2,332,中小候補,GO,GO,GO,,,https://www.amazon.co.jp/dp/B0DJQFXWNZ,
B,B096MJM76B,帆布工房(はんぷこうぼう) ボストンバッグ [旅行カバン メンズ ボストンバッグ 旅行バッグ sサイズ 帆布] 3X82 カーキ,帆布工房,優美社産業株式会社,ファッション > バッグ・スーツケース > スーツケース・トラベルバッグ,138759,2,,,12100,はい,2026-02-23以降,7504,9466,標準1,282,中小候補,GO,GO,GO,,,https://www.amazon.co.jp/dp/B096MJM76B,
B,B002E9L2U2,マキタ(Makita) 卓上グラインダ 150mm GB602W,Makita(マキタ),マキタ(Makita),DIY・工具・ガーデン > 電動工具・エア工具 > 研磨工具,68845,6,,,17313,はい,2026-02-23以降,8515,10787,大型,282,中小候補,NG,GO,見送り,FBA大型サイズ / 回転不足(消化月数>3),,https://www.amazon.co.jp/dp/B002E9L2U2,
B,B0D53GZDZM,[ピーナッツ] スヌーピー SNOOPY 財布 二つ折り財布 本革 TEAM BEAGLE R 束入れ レディース メンズ 73441 (オリーブ),Peanuts,株式会社ナダヤ,ファッション > レディース > バッグ・財布,137350,3,,,9600,はい,2026-02-23以降,6058,7688,標準(小型),182,中小候補,NG,GO,見送り,回転不足(消化月数>3),,https://www.amazon.co.jp/dp/B0D53GZDZM,
B,B01LZT6VPF,JNデイパック(ヘザー),Coleman(コールマン),Coleman,ファッション > バッグ・スーツケース > リュック・バックパック,129430,2,,,8970,はい,2026-02-23以降,3868,4711,大型,282,中小候補,GO,GO,見送り,FBA大型サイズ,,https://www.amazon.co.jp/dp/B01LZT6VPF,
B,B0F3VM3DYZ,[ブリーフィング] 2025年3月発売アップデートモデル トートバッグ カートトート B5サイズ GOLF メンズ レディース ゴルフバッグ 普段使用も人気 (,BRIEFING(ブリーフィング),株式会社ユニオンゲートグループ,ファッション > メンズ > バッグ・財布,60741,2,,,16500,はい,2026-02-23以降,9370,11906,標準1,282,中小候補,GO,GO,GO,,,https://www.amazon.co.jp/dp/B0F3VM3DYZ,
B,B0CDLCPDGN,［グレゴリー］ ショルダーバッグ ユーティリティーショルダーS UTILITY SHOULDER S コーデュラバリスティックブラック,Gregory,GREGORY(グレゴリー),ファッション > メンズ > バッグ・財布,33469,2,,,12860,はい,2026-02-23以降,7147,8999,標準1,282,中小候補,GO,GO,GO,,,https://www.amazon.co.jp/dp/B0CDLCPDGN,
B,B0FWB4VSS8,Philips(フィリップス) サウンドバー テレビ用 120Wハイパワー スピーカー Soundbar Dolby Digital plus DTS Digi,PHILIPS,PHILIPS,家電＆カメラ > テレビ・レコーダー > ホームシアターシステム,14204,2,,,13800,はい,2026-02-23以降,8688,11980,大型,282,大手/海外疑い,GO,GO,見送り,FBA大型サイズ,,https://www.amazon.co.jp/dp/B0FWB4VSS8,
B,B0G349JZJJ,iBasso Jr. MacchiatoマキアートCompact Hi-Fi DAC/AMP アイバッソポータブルヘッドホンアンプ ドングルDAC USB-DA,iBasso,iBasso Jr.,家電＆カメラ > イヤホン・ヘッドホン > ヘッドホンアンプ,29695,3,,,11370,はい,2026-02-23以降,7208,9988,標準(小型),182,中小候補,NG,GO,見送り,回転不足(消化月数>3),,https://www.amazon.co.jp/dp/B0G349JZJJ,
B,B0CP8RGP6M,CRAZY RACCOON EARPHONE e☆イヤホン コラボモデル ゲーミングイヤホン 有線 マイク付き CRイヤホン プロゲーミングチーム監修 【e☆イ,e☆イヤホン(e☆earphone),e☆イヤホン(e☆earphone),パソコン・周辺機器 > PCアクセサリ・サプライ > PCゲーミングアクセサリ,31707,2,,,8580,はい,2026-02-23以降,5395,7421,標準(小型),182,中小候補,GO,GO,GO,,,https://www.amazon.co.jp/dp/B0CP8RGP6M,
B,B0B7MKVRXH,"【専用カバーで背中まで届く】ドクターエア 3Dマッサージロール アシストカバー付き 管理医療機器 筋膜リリース 肩甲骨 背中 最大4,000回振動 / ブラック",ドクターエア,ドクターエア,スポーツ＆アウトドア > スポーツケア・アクセサリ・競技備品 > スポーツケア用品,49579,3,,,13300,はい,2026-02-23以降,7518,9484,標準1,282,中小候補,NG,GO,見送り,回転不足(消化月数>3),,https://www.amazon.co.jp/dp/B0B7MKVRXH,
B,B077YFTK48,LIXIL(リクシル) INAX エコカラット・エコカラットプラス専用接着剤 スーパーエコぬーるG 20kg 樹脂缶 ECN1G‐20KG,LIXIL,LIXIL,産業・研究開発用品 > 接着・補修 > 接着剤,9969,2,,,14000,はい,2026-02-23以降,6597,8280,大型,282,中小候補,GO,GO,見送り,FBA大型サイズ,,https://www.amazon.co.jp/dp/B077YFTK48,
B,B07PRF9R7M,"sotto Cherin mini そっと, 暮らしに寄り沿う仏具 チェリンミニ おりん (銀)",sotto,瀬尾製作所株式会社,ホーム＆キッチン > 仏具・神具 > りん,87644,2,,,9600,はい,2026-02-23以降,5480,6933,標準(小型),182,中小候補,GO,GO,GO,,,https://www.amazon.co.jp/dp/B07PRF9R7M,
B,B0FFMSVV3Z,Kurflo 麺料理鍋セット 業務用 店舗用 ラーメン鍋 そば鍋 茹麺鍋セット おでん鍋 多機能 ガス火用 IH対応 ステンレス鋼製 カレー／おでん／ラーメン／,kurflo,Kurflo,ホーム＆キッチン > キッチン用品 > 鍋・フライパン,81705,2,,,12177,はい,2026-02-23以降,6913,8693,大型,282,中小候補,GO,GO,見送り,FBA大型サイズ,,https://www.amazon.co.jp/dp/B0FFMSVV3Z,
B,B0BRR6JS19,ロジテック CDドライブ スマホ用CD録音ドライブ Wi-Fi対応 5GHz iOS Android対応 USB3.0 ホワイト LDR-SM5WURWH,ロジテック,ロジテック,パソコン・周辺機器 > 外付けドライブ・ストレージ > 外付光学式ドライブ,21580,3,,,11682,はい,2026-02-23以降,5165,6993,標準1,282,中小候補,NG,GO,見送り,回転不足(消化月数>3),,https://www.amazon.co.jp/dp/B0BRR6JS19,
B,B08R3C1G17,タニタ 体組成計 グラフで管理【4C Technology 最新高精度測定】RD-504-RD 世界初 筋肉の質が分かる インナースキャンデュアル レッド 医療,TANITA,タニタ(Tanita),ホーム＆キッチン > 家電 > 健康家電,77091,4,,,19800,はい,2026-02-23以降,10384,13167,標準2,332,中小候補,NG,GO,見送り,回転不足(消化月数>3),,https://www.amazon.co.jp/dp/B08R3C1G17,
B,B00AQB4SI8,植物活性材　鉄力あくあF10　（2L）,鉄力あくあ,愛知製鋼,DIY・工具・ガーデン > ガーデン > 肥料・園芸薬剤,92310,5,,,9650,はい,2026-02-23以降,5440,6702,標準2,332,中小候補,NG,GO,見送り,回転不足(消化月数>3),,https://www.amazon.co.jp/dp/B00AQB4SI8,
B,B08JCHYF8N,Re:ゼロから始める異世界生活 偽りの王選候補 -Switch,スパイク・チュンソフト,スパイク・チュンソフト,ゲーム > 機種別 > Nintendo Switch,12467,3,,,9294,はい,2026-02-23以降,2373,2870,標準(小型),182,中小候補,NG,GO,見送り,回転不足(消化月数>3),,https://www.amazon.co.jp/dp/B08JCHYF8N,
B,B08HYG6V9V,ミニ仏壇 「デイジー14号」 上置き仏壇 高さ40cm ウォールナット,なーむくまちゃん工房,なーむくまちゃん工房,ホーム＆キッチン > 仏具・神具 > 仏壇,154294,2,,,18800,はい,2026-02-23以降,11938,15264,大型,282,中小候補,GO,GO,見送り,FBA大型サイズ,,https://www.amazon.co.jp/dp/B08HYG6V9V,
B,B0DKXK25HD,FESTINO フェスティノ EMSヘッドスパ ミニ SMHB-045 ヘッドマッサージ 防水 IPX7 軽量 マッサージャー USB充電式 電動 頭皮 ギフト,FESTINO,シンプルマインド株式会社,ホーム＆キッチン > 家電 > 理美容家電,91918,3,,,14300,はい,2026-02-23以降,6855,8617,標準1,282,中小候補,NG,GO,見送り,回転不足(消化月数>3),,https://www.amazon.co.jp/dp/B0DKXK25HD,
B,B09C1STHX4,[Diesel] [ディーゼル] ユニセックス ピアス DX131600DJW UNI A 01,Diesel,,ファッション > メンズ > ジュエリー,93914,4,,,9999,はい,2026-02-23以降,5667,7177,標準(小型),182,中小候補,NG,GO,見送り,回転不足(消化月数>3),,https://www.amazon.co.jp/dp/B09C1STHX4,
B,B0DRY4XZ87,LUCKEASY ニッサン ノート E13/オーラ FE13 専用 3Dフロアマット+ラゲッジマット NOTE E13 R3/1～ トランクマット,LUCKEASY,LUCKEASY,車＆バイク > カーアクセサリ > フロアマット,23774,2,,,11980,はい,2026-02-23以降,5947,7430,大型,282,中小候補,GO,GO,見送り,FBA大型サイズ,,https://www.amazon.co.jp/dp/B0DRY4XZ87,
B,B0CZLF79RM,RZAHUAHU 武将転生 アニメ ロキシー・ミグルディア フィギュア 1/7 PVC製 フィギュア 9.8インチ,RZAHUAHU,RZAHUAHU,おもちゃ > 子ども向けフィギュア > ロボット・子ども向けフィギュア,80106,6,,,17150,はい,2026-02-23以降,7648,9654,標準1,282,中小候補,NG,GO,見送り,回転不足(消化月数>3),,https://www.amazon.co.jp/dp/B0CZLF79RM,
B,B0C1MRRKLY,MERMONT アウトドアテーブル チェアセット 折りたたみ キャンプ ベランダ 4人用 ウッドグレー アルミテーブル コンパクト 90cm×60cm BBQ ,メルモント,WEIMALL,スポーツ＆アウトドア > アウトドア > テーブル・チェア・ハンモック,90766,2,,,8300,はい,2026-02-23以降,5080,6296,不明,282,中小候補,GO,GO,GO,,,https://www.amazon.co.jp/dp/B0C1MRRKLY,
B,B0C33CCBWC,【節電対策】 【梅雨対策に】アイリスオーヤマ サーキュレーター 扇風機 衣類乾燥 一台4役 10段階風量調節 パワフル送風 タイマー 30畳 静音 35dB 3,アイリスオーヤマ(IRIS OHYAMA),アイリスオーヤマ(IRIS OHYAMA),ホーム＆キッチン > 家電 > 空調・季節家電,79175,5,,,15800,はい,2026-02-23以降,9975,12697,大型,282,大手/海外疑い,NG,GO,見送り,FBA大型サイズ / 回転不足(消化月数>3),,https://www.amazon.co.jp/dp/B0C33CCBWC,
B,B0CHDR7HZX,スパシャン 炭素グラフェンコーティング 500ml コーティング剤 車 グラフェンスパシャン 50〜100倍希釈 疎水 超高耐久 ダークレーベル,SPASHAN,スーパースポーツコレクション,車＆バイク > 洗車・お手入れ用品 > コーティング剤,61533,2,［メーカー直営公式ストア］HOBSTAR［14時までのご注文で即日発送］ / ゆるり生活商店,,10800,はい,2026-02-23以降,4866,6016,標準1,282,中小候補,GO,GO,GO,,,https://www.amazon.co.jp/dp/B0CHDR7HZX,
B,B01MQSVX4A,テレビ 壁掛け 金具 37～65型 TVセッターフリースタイルVA126 Mサイズ ホワイト,STARPLATINUM（液晶テレビ壁掛け専門店）,STARPLATINUM（液晶テレビ壁掛け専門店）,家電＆カメラ > テレビ・レコーダー > アクセサリ,61020,3,,,12947,はい,2026-02-23以降,5893,8024,大型,282,中小候補,NG,GO,見送り,FBA大型サイズ / 回転不足(消化月数>3),,https://www.amazon.co.jp/dp/B01MQSVX4A,
B,B08GWYTQXW,インターフォルム テーブルライト LT-3986 トーヴェ LED電球 ウッド 北欧 ナチュラル レトロ ファブリック,INTERFORM INC.,インターフォルム,ホーム＆キッチン > 家電 > 照明,191819,6,,,18150,はい,2026-02-23以降,10335,13168,大型,282,中小候補,NG,GO,見送り,FBA大型サイズ / 回転不足(消化月数>3),,https://www.amazon.co.jp/dp/B08GWYTQXW,
B,B09QYCJ2BY,浴室水栓 Hefo 浴室用水栓 セット シャワー水栓 バス水栓 やけど防止 304ステンレス製 ハンドルシャワー 用混合栓 バス用水栓金具 防カビホース 低水圧,Hefo,Hefo,DIY・工具・ガーデン > 住宅用設備・製品 > キッチン・バス備品,29848,2,,,12160,はい,2026-02-23以降,6688,8334,標準2,332,中小候補,GO,GO,GO,,,https://www.amazon.co.jp/dp/B09QYCJ2BY,
B,B0D3PZB4YR,ulopop電子サイドミラー ドライブレコーダー 6.3インチタッチパネル 720P&1080P切替 2分割 駐車監視 64GB付(ブラック),ulopop,Jida,車＆バイク > カーナビ・カーエレクトロニクス > 車載モニター,31483,2,,,18980,はい,2026-02-23以降,10079,12833,標準1,282,中小候補,GO,GO,GO,,,https://www.amazon.co.jp/dp/B0D3PZB4YR,
B,B0F9C7VNXR,Hilander(ハイランダー) ハイランドクーラーボックス 35L クーラーBOX ハードクーラーボックス 最大氷保持期間4日間 保冷力 頑丈 キャンプ 釣り,Hilander(ハイランダー),Hilander(ハイランダー),スポーツ＆アウトドア > アウトドア > クーラーボックス,44961,2,,,14220,はい,2026-02-23以降,7573,9557,大型,282,中小候補,GO,GO,見送り,FBA大型サイズ,,https://www.amazon.co.jp/dp/B0F9C7VNXR,
B,B0DNF3CWGR,THANKO PYZONE パソコンラック PCキャリー 高さ7段階 キャスター付き PCラック 7段階昇降CPUワゴン PCCATPLBK(ブラック),THANKO,サンコー,文房具・オフィス用品 > オフィス家具・収納 > デスク,33531,2,,,8980,はい,2026-02-23以降,4971,6153,大型,282,中小候補,GO,GO,見送り,FBA大型サイズ,,https://www.amazon.co.jp/dp/B0DNF3CWGR,
B,B0FDB4XRVB,DAMAGA 断熱シート 窓 【紫外線＆熱をWでブロック】 断熱フィルム UVカット ガラスフィルム (90cm×5ｍ),DAMAGA,DAMAGA,ホーム＆キッチン > 生活雑貨 > 窓用フィルム,86490,2,,,12900,はい,2026-02-23以降,6845,8604,大型,282,中小候補,GO,GO,見送り,FBA大型サイズ,,https://www.amazon.co.jp/dp/B0FDB4XRVB,
B,B08LPLMXLL,Samman 7インチ led ヘッドライト シェル付き DRL機能付き Hi/Lo切り替え ディライト/白とウインカー/アンバー色機能付き 白色リング付き ホ,Samman,Samman,車＆バイク > カーパーツ > ライト・ランプ,24078,2,,,8550,はい,2026-02-23以降,4619,5629,標準2,332,中小候補,GO,GO,GO,,,https://www.amazon.co.jp/dp/B08LPLMXLL,
B,B0D7BM2MHK,レコルトスライドラックトースター RSR-2 recolte Slide Rack Toaster (クリームホワイト),récolte,ウィナーズ株式会社,ホーム＆キッチン > 家電 > キッチン家電,115187,6,,,11500,はい,2026-02-23以降,5763,7189,大型,282,中小候補,NG,GO,見送り,FBA大型サイズ / 回転不足(消化月数>3),,https://www.amazon.co.jp/dp/B0D7BM2MHK,
B,B0G4QSW3C5,プロジェクター 家庭用 超小型【2026年新登場・バッテリー内蔵・Android TV搭載・30000LM・270°回転】プロジェクター 小型 1080P 2.,YINCODI,YINCODI,家電＆カメラ > テレビ・レコーダー > ホームプロジェクター,18410,4,,,15799,はい,2026-02-23以降,9937,13689,標準2,332,中小候補,NG,GO,見送り,回転不足(消化月数>3),,https://www.amazon.co.jp/dp/B0G4QSW3C5,
B,B0D7BQSNNL,レコルトスライドラックトースター RSR-2 recolte Slide Rack Toaster (ブラック),récolte,ウィナーズ株式会社,ホーム＆キッチン > 家電 > キッチン家電,115302,6,,,11400,はい,2026-02-23以降,5637,7024,大型,282,中小候補,NG,GO,見送り,FBA大型サイズ / 回転不足(消化月数>3),,https://www.amazon.co.jp/dp/B0D7BQSNNL,
B,B0DMDGDWBS,Goripedia 昇降式テーブル 昇降式デスク 升降桌 ダイニングテーブル 高さ調整 幅90×奥行60×高さ11~77 無階段調整 キャスター付 丸角 おしゃ,Goripedia,Goripedia,ホーム＆キッチン > 家具 > ダイニングルーム家具,107042,2,,,13499,はい,2026-02-23以降,8492,10758,大型,282,中小候補,GO,GO,見送り,FBA大型サイズ,,https://www.amazon.co.jp/dp/B0DMDGDWBS,
B,B0C33D2D4X,【節電対策】 【梅雨対策に】アイリスオーヤマ サーキュレーター 扇風機 衣類乾燥 一台4役 10段階風量調節 パワフル送風 タイマー 30畳 静音 35dB 3,アイリスオーヤマ(IRIS OHYAMA),アイリスオーヤマ(IRIS OHYAMA),ホーム＆キッチン > 家電 > 空調・季節家電,79175,4,,,15800,はい,2026-02-23以降,9975,12697,大型,282,大手/海外疑い,NG,GO,見送り,FBA大型サイズ / Amazon本体あり(availabilityAmazon=2) / 回転不足(消化月数>3),,https://www.amazon.co.jp/dp/B0C33D2D4X,
B,B089PCDS75,デジカメde!!ムービーシアター8 Wedding(最新)|Win対応,SOURCENEXT,ソースネクスト,PCソフト > ジャンル別 > 画像・映像制作,818,5,,,9980,はい,2026-02-23以降,4004,4888,標準1,282,中小候補,NG,GO,見送り,回転不足(消化月数>3),,https://www.amazon.co.jp/dp/B089PCDS75,
B,B0F947KWDY,SVBONY SV202 アップグレード版 双眼鏡 10x42mm 8.12°視野 EDガラス IPX7 Bak-4 プリズム 暗所性能高い 野鳥観察,SVBONY,SVBONY,家電＆カメラ > カメラ > 双眼鏡・望遠鏡・光学機器,28144,2,,,19780,はい,2026-02-23以降,10596,14621,標準2,332,中小候補,GO,GO,GO,,,https://www.amazon.co.jp/dp/B0F947KWDY,
B,B0DFPG5KJ8,[TIERRAL] PUFFER スーツケース S＋ ブックオープン 50-60L 3.9kg TSA キャリーバッグ キャリーケース 容量拡張 4～5泊 (W,TIERRAL,TIERRAL,ファッション > バッグ・スーツケース > スーツケース・トラベルバッグ,194556,4,,,9990,はい,2026-02-23以降,5243,6509,大型,282,中小候補,NG,GO,見送り,FBA大型サイズ / 回転不足(消化月数>3),,https://www.amazon.co.jp/dp/B0DFPG5KJ8,
B,B00NX8VYCO,サンゲツ カーペットタイル NT-350シリーズ バリューライン 50×50cm 20枚入 NT-302V,サンゲツ(Sangetsu),サンゲツ(Sangetsu),ホーム＆キッチン > ラグ・カーテン・ファブリック > ラグ・カーペット・マット,124767,6,,,10970,はい,2026-02-23以降,5846,7297,大型,282,中小候補,NG,GO,見送り,FBA大型サイズ / 回転不足(消化月数>3),,https://www.amazon.co.jp/dp/B00NX8VYCO,
B,B01E50ND7M,ショウエイ(SHOEI) X-Fourteen 内装セット サイズ:M - ヘルメット インナー,ショウエイ(Shoei),ショウエイ(Shoei),車＆バイク > ヘルメットパーツ・アクセサリ > インナー・パッド,25360,2,,,18700,はい,2026-02-23以降,11751,15020,標準1,282,中小候補,GO,GO,GO,,,https://www.amazon.co.jp/dp/B01E50ND7M,
B,B0FHWX7X7K,【国内正規品】Keychron K1 Max レトロカラー QMK ワイヤレス カスタム・メカニカルキーボード、80%レイアウト、薄型、2.4GHz・Bluet,Keychron,Keychron,パソコン・周辺機器 > キーボード・マウス・入力機器 > パソコン用キーボード,13247,2,,,15488,はい,2026-02-23以降,9785,13532,標準1,282,中小候補,GO,GO,GO,,,https://www.amazon.co.jp/dp/B0FHWX7X7K,
B,B0F8B8XGDL,スツール 木製 スタッキングスツール 4脚セット 天然木 丸椅子 北欧 シンプル 完成品 サイドテーブルにも 積み重ね ダイニング リビング 省スペース (ナチ,ZCJKLN,ZCJKLN,ホーム＆キッチン > 家具 > リビングルーム家具,46850,2,,,9930,はい,2026-02-23以降,6172,7724,不明,282,中小候補,GO,GO,GO,,,https://www.amazon.co.jp/dp/B0F8B8XGDL,
B,B0B6CTFR4F,§Ｃ∞ＶＥＳＩＲＩ Raspberry Pi 3 ModelB 技適対応品 ラズベリーパイ 3b Development Board 1.4GHz 64-bit,§Ｃ∞ＶＥＳＩＲＩ,§Ｃ∞ＶＥＳＩＲＩ,パソコン・周辺機器 > シングルボードコンピュータ・アクセサリ > シングルボードコンピュータ,13322,2,オンラインショップ メディアファクトリー【インボイス登録済】 / エッセンシャルショップ【インボイス登録済】,,8380,はい,2026-02-23以降,5265,7237,標準(小型),182,中小候補,GO,GO,GO,,,https://www.amazon.co.jp/dp/B0B6CTFR4F,
B,B07Z8YDWBT,Fractal Design ION SFX-L電源 650W Gold FD-PSU-ION-SFX-650G-BK PS875,Fractal(フラクタル),Fractal Design,パソコン・周辺機器 > PCパーツ > 電源ユニット,22292,8,,,15164,はい,2026-02-23以降,9425,12965,標準2,332,中小候補,NG,GO,見送り,新品オファー数8 / Amazon本体あり(availabilityAmazon=0) / 回転不足(消化月数>3),,https://www.amazon.co.jp/dp/B07Z8YDWBT,
B,B07VFSSXG4,[ エーオー クーラーズ ] AO Coolers クーラーバッグ 24パックキャンバス ソフトクーラー AO24BK ブラック 約23L ソフトクーラーバッグ,AO Coolers(エーオークーラー),AO Coolers,スポーツ＆アウトドア > アウトドア > クーラーボックス,78623,2,,,11999,はい,2026-02-23以降,7127,8973,大型,282,中小候補,GO,GO,見送り,FBA大型サイズ,,https://www.amazon.co.jp/dp/B07VFSSXG4,
B,B0GCB257QP,2026年革新型【日本円専用設計・2024年新紙幣/旧紙幣に対応】卓上型紙幣計数機 日本紙幣 商品券 外貨 マネーカウンター 立式 多種類偽札検知機能 日本語表,ABCDs,ABCDs,文房具・オフィス用品 > 事務用品 > 金銭管理・会計用品,13100,2,,,14500,はい,2026-02-23以降,8688,11014,大型,282,中小候補,GO,GO,見送り,FBA大型サイズ,,https://www.amazon.co.jp/dp/B0GCB257QP,
B,B0C3QMZNS4,サインキュート2 [駐輪場] 両面 緑 888-882BGR スタンド看板 標識 注水式 注意看板 誘導 案内,Sign Web,ユニット株式会社,文房具・オフィス用品 > 店舗・販促用品 > 標識・サイン,80756,2,,,12850,はい,2026-02-23以降,6868,8634,不明,282,中小候補,GO,GO,GO,,,https://www.amazon.co.jp/dp/B0C3QMZNS4,
B,B075LK9JVC,[ベルメゾン] スツール 木製 ファブリック座面 椅子 グリーン×ナチュラル,BELLE MAISON(ベルメゾン),,ホーム＆キッチン > 家具 > リビングルーム家具,37500,2,,,9990,はい,2026-02-23以降,5562,6926,大型,282,中小候補,GO,GO,見送り,FBA大型サイズ,,https://www.amazon.co.jp/dp/B075LK9JVC,
B,B004C42KWG,ドットール・ヴラニエス ディフューザー ROSSO NOBILE 〈ロッソ ノービレ〉 250ml+付属スティック約35cm,DR. VRANJES,Dr. Vranjes JAPAN,ホーム＆キッチン > インテリア > ホームフレグランス,71129,3,,,9800,はい,2026-02-23以降,6024,7530,標準1,282,中小候補,NG,GO,見送り,回転不足(消化月数>3),,https://www.amazon.co.jp/dp/B004C42KWG,
B,B0CT5RWXT2,【Toffy/トフィー】 コードレススティッククリーナー HW-VC2 掃除機 充電式 パワフル吸引 専用充電台 ノズル付属 お手入れ簡単 レトロ ブルーグレー,TOFFY,ラドンナ,ホーム＆キッチン > 家電 > 生活家電,68419,5,,,11649,はい,2026-02-23以降,5750,7172,大型,282,中小候補,NG,GO,見送り,FBA大型サイズ / 回転不足(消化月数>3),,https://www.amazon.co.jp/dp/B0CT5RWXT2,
B,B0CPPRXSP6,[クライミー] ROB サングラス メンズ バイカーシェード 薄い色レンズ UV カット レンズ対応 ウェリントン型 軽量 フィット調整可能 男女兼用 ユニセッ,CRIMIE(クライミー),THE CRIMIE,ファッション > メンズ > 服＆ファッション小物,82450,2,,,18700,はい,2026-02-23以降,11973,15423,標準(小型),182,中小候補,GO,GO,GO,,,https://www.amazon.co.jp/dp/B0CPPRXSP6,
B,B0C2GRYZ24,ストームクロス ミリタリー リュック 大容量 リュックサック アサルト バッグ 自衛隊 装備 迷彩 大型 LAGE 57L (タン)45128,STORMCROS,,ホビー > エアガン・モデルガン > サバイバルゲーム用プロテクター,34865,2,,,12500,はい,2026-02-23以降,7843,9909,大型,282,中小候補,GO,GO,見送り,FBA大型サイズ,,https://www.amazon.co.jp/dp/B0C2GRYZ24,
B,B0G346QBP6,iBasso Jr. MacchiatoマキアートCompact Hi-Fi DAC/AMP アイバッソポータブルヘッドホンアンプ ドングルDAC USB-DA,iBasso,iBasso Jr.,家電＆カメラ > イヤホン・ヘッドホン > ヘッドホンアンプ,29695,3,,,11370,はい,2026-02-23以降,7208,9988,標準(小型),182,中小候補,NG,GO,見送り,回転不足(消化月数>3),,https://www.amazon.co.jp/dp/B0G346QBP6,
B,B0CNWTM5DJ,ASUS pc電源ユニット 80 Plus Gold 850W ATX Prime AP-850G 国内正規代理店品,ASUS,ASUS,パソコン・周辺機器 > PCパーツ > 電源ユニット,41277,4,,,19800,はい,2026-02-23以降,6415,8703,標準2,332,中小候補,NG,GO,見送り,回転不足(消化月数>3),,https://www.amazon.co.jp/dp/B0CNWTM5DJ,
B,B07TBH1H3C,グリーンハウス スタンドビールサーバー 家庭用 乾電池 ビアサーバー 自宅 コンパクト 缶ビール GH-BEERO-BK ブラック,グリーンハウス(Green House),グリーンハウス(Green House),ホーム＆キッチン > キッチン用品 > ワイン・酒・バー用品,97605,3,,,8980,はい,2026-02-23以降,3564,4248,標準2,332,中小候補,NG,GO,見送り,回転不足(消化月数>3),,https://www.amazon.co.jp/dp/B07TBH1H3C,
B,B0DRY2VWN8,LUCKEASY ニッサン ノート オーラ E13系 専用 フロアマット 2020年12月～現行 NOTE AURA FE13 3Dカーマット,LUCKEASY,LUCKEASY,車＆バイク > カーアクセサリ > フロアマット,23774,2,,,8626,はい,2026-02-23以降,4439,5458,大型,282,中小候補,GO,GO,見送り,FBA大型サイズ,,https://www.amazon.co.jp/dp/B0DRY2VWN8,
B,B0DFW92CVJ,AIRSPEED アバルト 595 595C 695 2017-2023 専用 アクセサリー カーボンファイバー 外装カスタム パーツ 車のバンパーフォグランプ,AIRSPEED,AIRSPEEDAutoPart,車＆バイク > カーアクセサリ > ステッカー・デカール,88922,2,,,13299,はい,2026-02-23以降,7930,10022,大型,282,中小候補,GO,GO,見送り,FBA大型サイズ,,https://www.amazon.co.jp/dp/B0DFW92CVJ,
B,B0DGQ3B1QG,防水バッグ タフドライバッグ SHOREBASE ショアベース ダッフルバッグ,SHORE BASE,SHORE BASE,ファッション > バッグ・スーツケース > リュック・バックパック,60528,2,,,8900,はい,2026-02-23以降,5395,6643,標準2,332,中小候補,GO,GO,GO,,,https://www.amazon.co.jp/dp/B0DGQ3B1QG,
B,B0FP2D1G3M,[リーバイス] LEVIS 501 赤耳 ORIGINAL リジット セルビッチ ジーンズ デニム パンツ BIG E 00501-3722 SELVEDGE ,Levi's(リーバイス),,ファッション > メンズ > 服＆ファッション小物,381667,2,,,18700,はい,2026-02-23以降,11265,14384,不明,282,中小候補,GO,GO,見送り,ランク圏外,,https://www.amazon.co.jp/dp/B0FP2D1G3M,
B,B0DNF6JYY1,THANKO PYZONE 7段階昇降CPUワゴン PCCATPLWH ホワイト 白 ワゴン パソコンワゴン パソコンラック PCキャリー 高さ7段階 キャスタ,THANKO,サンコー,文房具・オフィス用品 > オフィス家具・収納 > デスク,33591,2,,,8980,はい,2026-02-23以降,4971,6153,大型,282,中小候補,GO,GO,見送り,FBA大型サイズ,,https://www.amazon.co.jp/dp/B0DNF6JYY1,
B,B0DVTC9S8Y,PEARL IZUMI(パールイズミ) サイクルウエア T224-3DR カーゴ ビブ パンツ カラー: 3 ブラック サイズ:M,PEARL IZUMI(パールイズミ),パールイズミ,ファッション > スポーツウェア > 自転車,183112,2,,,12935,はい,2026-02-23以降,7139,8989,標準1,282,中小候補,GO,GO,GO,,,https://www.amazon.co.jp/dp/B0DVTC9S8Y,
B,B01G38D5TK,GOSEN「スーパータックグリップ OG106」オーバーグリップテープ テニス・バドミントン,ゴーセン(GOSEN),ゴーセン(Gosen),スポーツ＆アウトドア > 硬式テニス > グリップテープ,32027,2,,,8910,はい,2026-02-23以降,3766,4577,標準1,282,中小候補,GO,GO,GO,,,https://www.amazon.co.jp/dp/B01G38D5TK,
B,B0BKZ4QPHF,ポケモンセンターオリジナル ぬいぐるみ ミライドン 25×18×70(H×W×D:㎝),ポケモン(Pokemon),ポケモン,おもちゃ > ぬいぐるみ > 動物,15298,6,,,9380,はい,2026-02-23以降,5243,6509,標準1,282,中小候補,NG,GO,見送り,回転不足(消化月数>3),,https://www.amazon.co.jp/dp/B0BKZ4QPHF,
B,B0BZHHPQZ8,THE NORTH FACE- NUPTSE CROSS BAG L 斜め掛け バッグ (BLACK(NN2PN69J)) [並行輸入品],THE NORTH FACE,,ファッション > メンズ > バッグ・財布,131104,2,,,8400,はい,2026-02-23以降,3605,4367,大型,282,中小候補,GO,GO,見送り,FBA大型サイズ,,https://www.amazon.co.jp/dp/B0BZHHPQZ8,
B,B087FDLT47,WEIMALL 電動ウインチ 12v 4500LBS（2041kg）ロープタイプ 傷がつきにくい 無線リモコン付属 自動 牽引 防水 仕様ELWD1245R,ウェイモール (WEIMALL),WEIMALL,車＆バイク > カーアクセサリ,14632,2,,,15100,はい,2026-02-23以降,8374,10539,標準2,332,中小候補,GO,GO,GO,,,https://www.amazon.co.jp/dp/B087FDLT47,
B,B0FLFBZNBW,The Rag Company - ウルトラエアブラスターミニ パルスエアーガン ほこりやゴミを持ち上げて吹き飛ばしてインテリアのディテールに。丈夫で人間工学に,The Rag Company,The Rag Company,DIY・工具・ガーデン > 測定工具 > マイクロメーター,93995,2,,,9177,はい,2026-02-23以降,3055,3761,標準(小型),182,中小候補,GO,GO,GO,,,https://www.amazon.co.jp/dp/B0FLFBZNBW,
B,B0F9YP6TZZ,TARION パラボリックソフトボックス ワンタッチ着脱設計 折りたたみ式 ボーエンズマウントライト用 ハニカムグリッド+ディフューザー+バッグ付き,TARION,TARION,家電＆カメラ > カメラ > スタジオ撮影機材,36228,3,,,10999,はい,2026-02-23以降,5567,7563,大型,282,中小候補,NG,GO,見送り,FBA大型サイズ / 回転不足(消化月数>3),,https://www.amazon.co.jp/dp/B0F9YP6TZZ,
B,B0DQPWRKSP,PopSockets MagSafe用電話グリップ キックスタンド付き 磁気スタンド 交換可能なトップ iPhone MagSafeケース 携帯電話 タブレット,PopSockets,PopSockets,家電＆カメラ > 携帯電話・スマートフォン > 携帯電話・スマートフォンアクセサリ,69352,5,,,8394,はい,2026-02-23以降,4289,5856,標準(小型),182,中小候補,NG,GO,見送り,回転不足(消化月数>3),,https://www.amazon.co.jp/dp/B0DQPWRKSP,
B,B00VS0UW4U,GOLFPRIDE(ゴルフプライド) CP2 Pro・ミッドサイズ バックライン無 CCPM M60R (6本セット),ゴルフプライド(Golf Pride),ゴルフプライド(Golf Pride),スポーツ＆アウトドア > ゴルフ > ゴルフクラブ用パーツ,64429,2,,,10143,はい,2026-02-23以降,5591,6964,標準1,282,中小候補,GO,GO,GO,,,https://www.amazon.co.jp/dp/B00VS0UW4U,
B,B0DSC4D6DK,LUCKEASY エブリィワゴン DA17W/スクラムワゴン/NV100クリッパーリオ/タウンボックス 専用 フロアマット 2015年～現行,LUCKEASY,LUCKEASY,車＆バイク > カーアクセサリ > フロアマット,26141,2,,,8890,はい,2026-02-23以降,4630,5707,大型,282,中小候補,GO,GO,見送り,FBA大型サイズ,,https://www.amazon.co.jp/dp/B0DSC4D6DK,
B,B00030EV70,MG 1/100 RX-78GP01-Fb ガンダム試作1号機フルバーニアンゼフィランサス (機動戦士ガンダム0083 STARDUST MEMORY),BANDAI SPIRITS(バンダイ スピリッツ),BANDAI SPIRITS(バンダイ スピリッツ),ホビー > プラモデル・模型 > プラモデル,35870,6,,,8415,はい,2026-02-23以降,3930,4792,標準1,282,大手/海外疑い,NG,GO,見送り,回転不足(消化月数>3),,https://www.amazon.co.jp/dp/B00030EV70,
B,B0DNBDL84C,ag WHP01K MK2 aptX HD対応 Bluetooth ANCイズキャンセリング機能 ワイヤレスヘッドホン 35時間再生 マイク付き Black,ファイナル(final),final Inc.,家電＆カメラ > イヤホン・ヘッドホン > イヤホン・ヘッドホン本体,22594,2,,,8980,はい,2026-02-23以降,5555,7545,標準1,282,中小候補,GO,GO,GO,,,https://www.amazon.co.jp/dp/B0DNBDL84C,
B,B0D1CWL6C3,HEITOK ポーカーチップセット 500枚 14g クレイコンポジット 数字入り 直角アルミケース付き テキサスホールデム,HEITOK,HEITOK,おもちゃ > ゲーム > カジノ用品,10928,2,,,14999,はい,2026-02-23以降,8032,10092,標準2,332,中小候補,GO,GO,GO,,,https://www.amazon.co.jp/dp/B0D1CWL6C3,
B,B0C9YP6XTL,TP-Link VIGI 5MPタレット型フルカラーネットワークカメラ(VIGI C450(4mm)(UN)) UN)),TP-Link,TP-Link,家電＆カメラ > カメラ > 防犯カメラ,20773,4,,,18901,はい,2026-02-23以降,10574,14649,標準1,282,中小候補,NG,GO,見送り,回転不足(消化月数>3),,https://www.amazon.co.jp/dp/B0C9YP6XTL,
B,B0B4HVHRBD,三菱電機(MITSUBISHI ELECTRIC) 標準換気扇クリーンコンパック 格子タイプ 電気式シャッター引きひもなし 30cm 白 EX-30EK9-C,三菱電機(MITSUBISHI ELECTRIC),三菱電機(MITSUBISHI ELECTRIC),DIY・工具・ガーデン > 住宅用設備・製品 > 換気扇,72201,3,,,16231,はい,2026-02-23以降,7518,9484,大型,282,中小候補,NG,GO,見送り,FBA大型サイズ / 回転不足(消化月数>3),,https://www.amazon.co.jp/dp/B0B4HVHRBD,
B,B08WRL9QF6,[ファイブイレブン] 【新型】 軍用 5.11 タクティカル ラッシュ12 2.0/RUSH12 2.0 各色 56561 バックパック バック 24リットル【,ファイブイレブン,ファイブイレブン,ファッション > バッグ・スーツケース > リュック・バックパック,132682,2,,,16298,はい,2026-02-23以降,9791,12457,大型,282,中小候補,GO,GO,見送り,FBA大型サイズ,,https://www.amazon.co.jp/dp/B08WRL9QF6,
B,B0DXD72WPG,【正規品】ト クラス ヤ マハ 浄水器カートリッジ JC-101,エイトマルシェ,ト クラス,ホーム＆キッチン > キッチン用品 > 浄水器・整水器,41863,2,,,9000,いいえ,繰越(境界後の記録なし),5568,6934,標準1,282,中小候補,GO,GO,GO,,,https://www.amazon.co.jp/dp/B0DXD72WPG,
B,B0BX98PXK2,[アメリカンツーリスター] スーツケース キャリーケース TWIST WAVES ツイストウェーブス スピナー77 Lサイズ 無料預入サイズ 保証付 93L 4,AmericanTourister(アメリカンツーリスター),AmericanTourister(アメリカンツーリスター),ファッション > バッグ・スーツケース > スーツケース・トラベルバッグ,38023,5,,,16170,はい,2026-02-23以降,8652,10967,大型,282,中小候補,NG,GO,見送り,FBA大型サイズ / 回転不足(消化月数>3),,https://www.amazon.co.jp/dp/B0BX98PXK2,
B,B01N531QG0,ラディウス radius HP-NHR31 ハイレゾ対応イヤホン : MMCX リケーブル Ne VOLTシリーズ 重低音モデル HP-NHR31R (レッド),ラディウス,ラディウス,家電＆カメラ > イヤホン・ヘッドホン > イヤホン・ヘッドホン本体,63973,6,,,16280,はい,2026-02-23以降,7306,10126,標準(小型),182,中小候補,NG,GO,見送り,回転不足(消化月数>3),,https://www.amazon.co.jp/dp/B01N531QG0,
B,B0BG2QJYSN,GIMUYA トヨタ 新型 RAV4 50系 ラブ4 フロアマット 3D 防水 2重構造 ダブルマット ガソリン車・ハイブリッド車対応 立体構造 カーマット T,GIMUYA,GIMUYA,車＆バイク > カーアクセサリ > フロアマット,45131,2,,,13980,はい,2026-02-23以降,6078,7602,大型,282,中小候補,GO,GO,見送り,FBA大型サイズ,,https://www.amazon.co.jp/dp/B0BG2QJYSN,
B,B0CR13V8K6,OGK技研 オージーケー技研 自転車 チャイルドシート レインカバー RCF-010 roof mini フロントチャイルドシート用レインカバー ルーフミニ ブ,OGK技研,OGK技研,スポーツ＆アウトドア > 自転車 > 自転車アクセサリ,63180,1,,,9800,はい,2026-02-23以降,5766,7194,大型,282,中小候補,GO,GO,見送り,FBA大型サイズ / 新品オファー数1,,https://www.amazon.co.jp/dp/B0CR13V8K6,
B,B082Z3HW1L,UPstore 実物大 脊髄骨盤模型 90cm 背骨 脊柱模型 1/1サイズ 脊柱可動型モデル 吊り下げ 台座付きせき髄 模型 男性骨盤 脊柱可動 ヘルニア病部,ＵＰ　ＳＴＯＲＥ,ＵＰ　ＳＴＯＲＥ,産業・研究開発用品 > 業務用医療用品 > 試験用品・消耗品,33728,2,,,8280,はい,2026-02-23以降,4292,5266,大型,282,中小候補,GO,GO,見送り,FBA大型サイズ,,https://www.amazon.co.jp/dp/B082Z3HW1L,
B,B0DLKTGD1T,[TIERRAL] スーツケース S+サイズ ブックオープン キャリーケース ストッパー 3～5泊 トマル TOMARU2.0 TSA キャリーバッグ 53-6,TIERRAL,TIERRAL,ファッション > バッグ・スーツケース > スーツケース・トラベルバッグ,55386,6,,,13860,はい,2026-02-23以降,8727,11065,不明,282,中小候補,NG,GO,見送り,回転不足(消化月数>3),,https://www.amazon.co.jp/dp/B0DLKTGD1T,
B,B0B76JX537,小型倉庫 屋外 (高さ84㎝幅40cm) 棚板2枚付き【工具不要簡単組み立て 右/左開き可能】ベランダ収納 iimono117,iimono117,iimono117,DIY・工具・ガーデン > エクステリア > 物置・倉庫,28793,3,,,8980,はい,2026-02-23以降,4853,5999,大型,282,中小候補,NG,GO,見送り,FBA大型サイズ / 回転不足(消化月数>3),,https://www.amazon.co.jp/dp/B0B76JX537,
B,B0BSFDFVK5,Helinox チェアワン ホーム ペリカン,ヘリノックス(Helinox),Helinox(ヘリノックス),DIY・工具・ガーデン > ガーデン > ガーデンファニチャー,116740,4,,,18000,はい,2026-02-23以降,8748,11028,標準2,332,中小候補,NG,GO,見送り,回転不足(消化月数>3),,https://www.amazon.co.jp/dp/B0BSFDFVK5,
B,B0D6BKGHDH,AKEMI LIVING 踏み台 子供用 ステップスツール 木製 キッズ踏み台 ステップチェア 子ども用 補助台 脚立 3段高さ調節可能 トレーニング,AKEMI LIVING,AKEMI LIVING,ベビー＆マタニティ > ベビー家具・収納 > ステップスツール・踏み台,5991,2,,,11952,はい,2026-02-23以降,7486,9443,大型,282,中小候補,GO,GO,見送り,FBA大型サイズ,,https://www.amazon.co.jp/dp/B0D6BKGHDH,
B,B0DXD6D11Y,【正規品】ト クラス ヤ マハ 浄水器カートリッジ JC-201,エイトマルシェ,ト クラス,ホーム＆キッチン > キッチン用品 > 浄水器・整水器,41856,2,,,10800,はい,2026-02-23以降,6738,8464,標準1,282,中小候補,GO,GO,GO,,,https://www.amazon.co.jp/dp/B0DXD6D11Y,
B,B0GJXQB838,Hcilloend 新型 マツダ ロードスター ND メーターリング 3連メーター ベゼル ガーニッシュ カバー アルミニウム合金 新技術採用 スタイリッシュデ,Hcilloend,Hcilloend,車＆バイク > カーアクセサリ > インテリアセット,34001,2,,,8998,はい,2026-02-23以降,5508,6855,不明(重量欠落),282,中小候補,GO,GO,GO,,,https://www.amazon.co.jp/dp/B0GJXQB838,
B,B075S63FMT,能作(nousaku) ビールグラス・ジョッキ 380cc ビアカップ 約380㏄ φ7.2×H16.0cm 501331,NOUSAKU,能作(nousaku),ホーム＆キッチン > 食器・グラス・カトラリー > グラス,99057,2,,,11550,はい,2026-02-23以降,5831,7278,標準1,282,中小候補,GO,GO,GO,,,https://www.amazon.co.jp/dp/B075S63FMT,
B,B08HYGR7X9,ミニ仏壇 「デイジー14号」 上置き仏壇 高さ40cm ライト,なーむくまちゃん工房,なーむくまちゃん工房,ホーム＆キッチン > 仏具・神具 > 仏壇,154087,2,,,18800,はい,2026-02-23以降,11938,15264,大型,282,中小候補,GO,GO,見送り,FBA大型サイズ,,https://www.amazon.co.jp/dp/B08HYGR7X9,
B,B0DK6K3BMX,MILESTO H?tte Wフラップバックパック ライトグレー MLS942-LGY,milesto(ミレスト),milesto(ミレスト),ファッション > バッグ・スーツケース > リュック・バックパック,87694,3,,,12650,はい,2026-02-23以降,6796,8540,大型,282,中小候補,NG,GO,見送り,FBA大型サイズ / 回転不足(消化月数>3),,https://www.amazon.co.jp/dp/B0DK6K3BMX,
B,B097JX21DL,[WINCESS] インナー手袋 キュプラ インナーグローブ 薄手 ベンベルグ 手袋 6枚 20枚 100枚 フリーサイズ 手荒れ 使い捨て手袋 歯科衛生士 介,WINCESS,ウインセス,産業・研究開発用品 > 安全・保護用品 > ハンド・アームプロテクション,33147,2,,,9800,はい,2026-02-23以降,36,-300,標準1,282,中小候補,GO,GO,GO,,,https://www.amazon.co.jp/dp/B097JX21DL,
B,B00KPQ66MU,シャイニング・レゾナンス限定版 (「キリカ・トワ・アルマ 水着Ver.」1/7スケールフィギュア、ゲーム内 水着コスチューム プロダクトコード 同梱),セガ,セガ,ゲーム > 機種別 > レガシーシステム,9369,4,,,8702,はい,2026-02-23以降,5374,6680,標準1,282,中小候補,NG,GO,見送り,回転不足(消化月数>3),,https://www.amazon.co.jp/dp/B00KPQ66MU,
B,B0F62XBF6Y,PCスタンド ドッキングステーション HDMI 2つ: QUUGE 6-in-1 USB ドック 縦置き型 HDMI 2ポート 4K@60Hz ドックステーショ,QUUGE,QUUGE,パソコン・周辺機器 > PCアクセサリ・サプライ > ノートパソコンアクセサリ,37988,2,KERUI OFFICIAL,,15299,はい,2026-02-23以降,9369,12945,標準1,282,中小候補,GO,GO,見送り,相乗り出品が基準未満（卸している証拠なし）,,https://www.amazon.co.jp/dp/B0F62XBF6Y,
B,B0DT6HS4RQ,[CALQS ダブル枕(ベーシック) ライトグレー] 枕 ピロー まくら 安眠 寝具 高反発 母の日 父の日 ギフト プレゼント 口コミ カルクス SurvaQ,CALQS,CALQS,ホーム＆キッチン > 寝具 > 枕・抱き枕,45214,2,,,11300,はい,2026-02-23以降,6989,8792,大型,282,中小候補,GO,GO,見送り,FBA大型サイズ,,https://www.amazon.co.jp/dp/B0DT6HS4RQ,
B,B09SLPHM1V,[駐車禁止] 屋外 片面 グレー 874-011AGY サインキューブ 案内標識 スタンド看板 バリケード ロードサイン 誘導 表示板 駐車場看板,Sign Web,ユニット株式会社,文房具・オフィス用品 > 店舗・販促用品 > 標識・サイン,76878,2,,,15950,はい,2026-02-23以降,8353,10577,不明,282,中小候補,GO,GO,GO,,,https://www.amazon.co.jp/dp/B09SLPHM1V,
B,B09SLPBWRL,[駐車禁止] 屋外 片面 黄色 874-011A サインキューブ 案内標識 スタンド看板 バリケード ロードサイン 誘導 表示板 駐車場看板,Sign Web,ユニット株式会社,文房具・オフィス用品 > 店舗・販促用品 > 標識・サイン,76878,2,,,15950,はい,2026-02-23以降,8353,10577,大型,282,中小候補,GO,GO,見送り,FBA大型サイズ,,https://www.amazon.co.jp/dp/B09SLPBWRL,
B,B0BX99Z7D4,[アメリカンツーリスター] スーツケース キャリーケース 軽量 ツイストウェーブス TWIST WAVES スピナー66 無料受託手荷物サイズ (UNIVERS,AmericanTourister(アメリカンツーリスター),,ファッション > バッグ・スーツケース > スーツケース・トラベルバッグ,49971,2,,,10472,はい,2026-02-23以降,6524,8185,大型,282,中小候補,GO,GO,見送り,FBA大型サイズ,,https://www.amazon.co.jp/dp/B0BX99Z7D4,
B,B0CPD7CRF4,ファイナル(final) UX2000 ノイズキャンセリング搭載Bluetoothヘッドホン Bluetooth 5.3 低遅延 60h再生時間 Black,ファイナル(final),final Inc.,家電＆カメラ > イヤホン・ヘッドホン > イヤホン・ヘッドホン本体,62036,4,,,10480,はい,2026-02-23以降,5451,7398,標準1,282,中小候補,NG,GO,見送り,回転不足(消化月数>3),,https://www.amazon.co.jp/dp/B0CPD7CRF4,
B,B0F5GRBJS7,フロント 牽引フック JB64 JB74 シーエルリンク (チッピングブラック),シーエルリンク,シーエルリンク,車＆バイク > カーキャリア・ルーフボックス > 牽引製品・ウインチ,71084,2,,,16500,はい,2026-02-23以降,10443,13309,不明,282,中小候補,GO,GO,GO,,,https://www.amazon.co.jp/dp/B0F5GRBJS7,
B,B0BKZHCSC5,スタジオオーシャンマーク HOOK REMOVER (フックリムーバー) HR230S 針外し フックリリーサー SB ショットブラック,スタジオオーシャンマーク,スタジオオーシャンマーク,スポーツ＆アウトドア > 釣り > 工具,50913,6,,,14190,はい,2026-02-23以降,6896,8671,標準1,282,中小候補,NG,GO,見送り,回転不足(消化月数>3),,https://www.amazon.co.jp/dp/B0BKZHCSC5,
B,B0D2HMMTL8,[市場] スツール 折りたたみ おしゃれ 木製 ヴィンテージ チェア ブラウン BR 幅 42 × 奥40 × 高 60.5 cm いちばかぐ ST-3748,市場(ICHIBA),市場株式会社,ホーム＆キッチン > 家具 > リビングルーム家具,53251,6,,,11100,はい,2026-02-23以降,5088,6306,大型,282,中小候補,NG,GO,見送り,FBA大型サイズ / 回転不足(消化月数>3),,https://www.amazon.co.jp/dp/B0D2HMMTL8,
B,B0CP8Z26NK,WEIMALL ゴミ箱 自動開閉 横開き 防臭 ステンレス センサー式 電池式 スリム 広口設計 ストッパー付き 47L 45L袋対応 シルバー FHB006G,ウェイモール (WEIMALL),WEIMALL,ホーム＆キッチン > ゴミ箱・ゴミ入れ > フタ付きゴミ箱,57752,2,,,8850,はい,2026-02-23以降,5182,6429,不明,282,中小候補,GO,GO,GO,,,https://www.amazon.co.jp/dp/B0CP8Z26NK,
B,B0DJS45WLV,Brotish ベビーバウンサー ベビーラック 電動バウンサー 新生児 電動スイング ベビーゆりかご スウィング ロッキングチェア ベビーチェア リクライニング,Brotish,Brotish,ベビー＆マタニティ > 室内遊具 > バウンサー,12811,2,,,14897,はい,2026-02-23以降,8916,11313,大型,282,中小候補,GO,GO,見送り,FBA大型サイズ,,https://www.amazon.co.jp/dp/B0DJS45WLV,
B,B08R1RJQBL,Largoods 7インチ LEDヘッドライト ブラケット付き 最新型 ハイライトモデル Hi/Lo切り替え ハーレー ダビッドソン ホンダ 川崎 鈴木 ヤマハ,Samman,Samman,車＆バイク > カーパーツ > ライト・ランプ,24050,2,,,8599,はい,2026-02-23以降,4558,5549,標準2,332,中小候補,GO,GO,GO,,,https://www.amazon.co.jp/dp/B08R1RJQBL,
B,B0CG92NVCH,スライヴ シートマッサージャー 「首からおしりまで広範囲施療 寝て使用可能」 マッサージャー MD-8673 ブラック 管理医療機器,THRIVE(スライヴ),大東電機工業株式会社,ホーム＆キッチン > 家電 > 健康家電,59572,5,,,17800,はい,2026-02-23以降,11288,14414,大型,282,中小候補,NG,GO,見送り,FBA大型サイズ / 回転不足(消化月数>3),,https://www.amazon.co.jp/dp/B0CG92NVCH,
B,B0BX97Q5GB,[アメリカンツーリスター] スーツケース キャリーケース TWIST WAVES ツイストウェーブス スピナー77 Lサイズ 無料預入サイズ 保証付 93L 4,AmericanTourister(アメリカンツーリスター),AmericanTourister(アメリカンツーリスター),ファッション > バッグ・スーツケース > スーツケース・トラベルバッグ,37990,5,,,14875,はい,2026-02-23以降,9386,11927,大型,282,中小候補,NG,GO,見送り,FBA大型サイズ / 回転不足(消化月数>3),,https://www.amazon.co.jp/dp/B0BX97Q5GB,
B,B000X249WA,staub ストウブ 「 スモール ソースパン ブラック 10cm 」 小さい 片手 鋳物 ホーロー 鍋 【日本正規販売品】 Sauce pan 40509-5,ストウブ(Staub),ストウブ(Staub),ホーム＆キッチン > キッチン用品 > 鍋・フライパン,168368,4,,,15334,はい,2026-02-23以降,7685,9638,標準2,332,中小候補,NG,GO,見送り,回転不足(消化月数>3),,https://www.amazon.co.jp/dp/B000X249WA,
B,B002QQ6WVC,日本ペイント 1液ハイポンファインデクロ グレー 16kg,Nippon Paint,日本ペイント,DIY・工具・ガーデン > 塗装・壁装 > 塗装材,100343,3,,,12650,はい,2026-02-23以降,6590,8271,大型,282,中小候補,NG,GO,見送り,FBA大型サイズ / 回転不足(消化月数>3),,https://www.amazon.co.jp/dp/B002QQ6WVC,
B,B0C3CBV4ZP,THE NORTH FACE (ザ・ノースフェイス) THE NORTH FACE WHITE LABEL STINSON S/S POLO 半袖 ポロシャツ ,THE NORTH FACE,,ファッション > メンズ > 服＆ファッション小物,51129,4,,,10900,はい,2026-02-23以降,6153,7699,標準1,282,中小候補,NG,GO,見送り,回転不足(消化月数>3),,https://www.amazon.co.jp/dp/B0C3CBV4ZP,
B,B0DW3DF9JC,マズメ (Mazume) ライフジャケット 釣り 大人用 ベルト 腰巻 桜マーク 国土交通省認定品 自動・手動膨脹式 インフレータブルウエストII MZLJ-8,マズメ(Mazume),マズメ(Mazume),スポーツ＆アウトドア > 釣り > ボート用品,92887,4,,,15841,はい,2026-02-23以降,10014,12748,大型,282,中小候補,NG,GO,見送り,FBA大型サイズ / 回転不足(消化月数>3),,https://www.amazon.co.jp/dp/B0DW3DF9JC,
B,B0F2MQSMLW,[ブリーフィング] 2025年アップデートモデル トートバッグ カートトート GOLF メンズ レディース ゴルフバッグ B5サイズ 普段使用も人気 (ブラック,BRIEFING(ブリーフィング),株式会社ユニオンゲートグループ,ファッション > メンズ > バッグ・財布,35662,2,,,16500,はい,2026-02-23以降,9370,11906,不明,282,中小候補,GO,GO,GO,,,https://www.amazon.co.jp/dp/B0F2MQSMLW,
B,B00G2X9Q9U,神との対話　三部作　１～３巻　セット（サンマーク文庫）,,,本 > ジャンル別,49045,3,,,10877,はい,2026-02-23以降,2545,2981,標準1,282,中小候補,NG,GO,見送り,回転不足(消化月数>3),,https://www.amazon.co.jp/dp/B00G2X9Q9U,
B,4253903541,BLACK JACK(全17巻セット),秋田書店,秋田書店,本 > ジャンル別 > コミック・ラノベ・BL,43203,3,,,15382,はい,2026-02-23以降,9392,11870,標準2,332,中小候補,NG,GO,見送り,回転不足(消化月数>3),,https://www.amazon.co.jp/dp/4253903541,
B,B07CJD7YNQ,グランド・セフト・オートV:プレミアム・オンライン・エディション 【CEROレーティング「Z」】 - PS4,Rockstar Games,テイクツー・インタラクティブ・ジャパン,ゲーム > 機種別 > プレイステーション4,3861,2,,,19800,いいえ,繰越(境界後の記録なし),12688,16358,標準(小型),182,中小候補,GO,GO,GO,,,https://www.amazon.co.jp/dp/B07CJD7YNQ,
B,B00UBL7SGM,京セラ(Kyocera) 旧リョービ 充電式インパクトドライバ 12V BID-1250 657950A 【回転数を2段階で調節 最大締付トルク133N・mで強,京セラ(Kyocera),京セラ(Kyocera),DIY・工具・ガーデン > 電動工具・エア工具 > 穴あけ・締付工具,38254,3,,,15000,はい,2026-02-23以降,8935,11273,標準2,332,中小候補,NG,GO,見送り,回転不足(消化月数>3),,https://www.amazon.co.jp/dp/B00UBL7SGM,
B,B0F1417W7J,[ タケオキクチ ] リュック 【大容量/ONOFF】ラージキャパシティー バックパック G8701360 メンズ グリーン(024) 00(FREE),TAKEO KIKUCHI(タケオキクチ),,ファッション > バッグ・スーツケース > リュック・バックパック,95357,3,,,14080,はい,2026-02-23以降,7954,10055,大型,282,中小候補,NG,GO,見送り,FBA大型サイズ / 回転不足(消化月数>3),,https://www.amazon.co.jp/dp/B0F1417W7J,
B,B0CPD4VZNP,ファイナル(final) UX2000 ノイズキャンセリング搭載Bluetoothヘッドホン Bluetooth 5.3 低遅延 60h再生時間 Cream,ファイナル(final),final Inc.,家電＆カメラ > イヤホン・ヘッドホン > イヤホン・ヘッドホン本体,62251,3,,,9780,はい,2026-02-23以降,6075,8281,標準1,282,中小候補,NG,GO,見送り,回転不足(消化月数>3),,https://www.amazon.co.jp/dp/B0CPD4VZNP,
B,B0DPR6W47X,【整備済み品】HP モニター P24 G5 23.8インチ フルHD IPSパネル 非光沢 チルトHDMI DisplayPort VGA VESA対応ブルーラ,HP,日本HP,パソコン・周辺機器 > ディスプレイ,13615,2,,,9500,はい,2026-02-23以降,5538,7624,標準(小型),182,中小候補,GO,GO,GO,,,https://www.amazon.co.jp/dp/B0DPR6W47X,
B,B0DKXJFZG5,FESTINO フェスティノ EMSヘッドスパ ミニ SMHB-045 ヘッドマッサージ 防水 IPX7 軽量 マッサージャー USB充電式 電動 頭皮 (サン,FESTINO,シンプルマインド株式会社,ホーム＆キッチン > 家電 > 理美容家電,91918,3,,,14300,はい,2026-02-23以降,6205,7767,標準1,282,中小候補,NG,GO,見送り,回転不足(消化月数>3),,https://www.amazon.co.jp/dp/B0DKXJFZG5,
B,B0F6T4DFFL,【正規品】[plus]プラスシャワーヘッド ウルトラファインミスト 塩素低減 美容シャワーヘッド 肌深度清潔 肌ケア トルネードスティック付き,MYJYG,MYJYG,ホーム＆キッチン > バス・トイレ・洗面用品 > バス用品,38549,1,,,10847,はい,2026-02-23以降,6153,7699,標準1,282,中小候補,GO,GO,見送り,新品オファー数1,,https://www.amazon.co.jp/dp/B0F6T4DFFL,
B,B07PTY7Z5W,"sotto Cherin mini そっと, 暮らしに寄り沿う仏具 チェリンミニ おりん (金)",sotto,瀬尾製作所株式会社,ホーム＆キッチン > 仏具・神具 > りん,87644,2,,,9600,はい,2026-02-23以降,5480,6933,標準(小型),182,中小候補,GO,GO,GO,,,https://www.amazon.co.jp/dp/B07PTY7Z5W,
B,B0F7X9Q11F,MAXZEN 掃除機 コード式 サイクロン キャニスター掃除機 クリーナー 紙パック不要 軽量 JC06CSM01-SV マクスゼン,MAXZEN,MAXZEN,ホーム＆キッチン > 家電 > 生活家電,64681,2,,,8980,はい,2026-02-23以降,5330,6622,大型,282,中小候補,GO,GO,見送り,FBA大型サイズ,,https://www.amazon.co.jp/dp/B0F7X9Q11F,
B,B0DPKZJ98V,NICE MAX 角丸カッター 角丸パンチ コーナーカッター かどまる 角丸 5mm r5 名刺 ラミネート プラスチック・製本・書類 （優しいカーブ）,NICEMAX,NICEMAX,文房具・オフィス用品 > 事務用品 > カッター・裁断用品,21970,2,,,8800,はい,2026-02-23以降,5015,6211,標準1,282,中小候補,GO,GO,GO,,,https://www.amazon.co.jp/dp/B0DPKZJ98V,
B,B001O1H3YU,昌栄 ワイヤ-ビク 口金角度調整付 (ケース付) NO.791 底50cm,昌栄(SIYOUEI),昌栄(SIYOUEI),スポーツ＆アウトドア > 釣り > 工具,23915,3,,,9538,はい,2026-02-23以降,5488,6830,大型,282,中小候補,NG,GO,見送り,FBA大型サイズ / 回転不足(消化月数>3),,https://www.amazon.co.jp/dp/B001O1H3YU,
B,B0D4729TS2,Ctronics 防犯カメラ 屋外 ソーラー 4MP 30mナイトカラー 音声威嚇 0.2sヒューマン検知 スマホ/PC遠隔操作【ホワイト】,Ctronics,Ctronics,家電＆カメラ > カメラ > 防犯カメラ,60249,2,,,8568,はい,2026-02-23以降,4815,6439,標準2,332,中小候補,GO,GO,GO,,,https://www.amazon.co.jp/dp/B0D4729TS2,
B,B0C8FY4CTK,クニルプス U.090 Black with Black Coating 折りたたみ傘 晴雨兼用 【正規輸入品】 ブラック KNU090-1001,クニルプス(Knirps),クニルプス(Knirps),ファッション > メンズ > 服＆ファッション小物,76935,3,,,9900,はい,2026-02-23以降,5509,6857,標準1,282,中小候補,NG,GO,見送り,回転不足(消化月数>3),,https://www.amazon.co.jp/dp/B0C8FY4CTK,
B,B0D3TF72QY,【Toffy/トフィー】 ダイレクトドリップアロマコーヒーメーカー K-CM12 カップに直接ドリップ ふたありタンブラー付き 間欠抽出 蒸らし機能 真空断熱 ,TOFFY,ラドンナ,ホーム＆キッチン > 家電 > キッチン家電,44911,3,,,11000,はい,2026-02-23以降,6031,7475,標準2,332,中小候補,NG,GO,見送り,回転不足(消化月数>3),,https://www.amazon.co.jp/dp/B0D3TF72QY,
B,B0F3VMXYS5,[ブリーフィング] 2025年3月発売アップデートモデル トートバッグ カートトート B5サイズ GOLF メンズ レディース ゴルフバッグ 普段使用も人気 (,BRIEFING(ブリーフィング),株式会社ユニオンゲートグループ,ファッション > メンズ > バッグ・財布,60741,2,,,16500,はい,2026-02-23以降,9370,11906,標準1,282,中小候補,GO,GO,GO,,,https://www.amazon.co.jp/dp/B0F3VMXYS5,
B,B0CTHWR6CC,篠笛 天柊 Tenshu ドレミ調 唄用 和楽器 伝統工芸 (8本調子／7穴),篠笛 天柊,篠笛工房　大和,楽器・音響機器 > 管・吹奏楽器 > フォーク・トラディショナル吹奏楽器,5590,2,,,17890,はい,2026-02-23以降,9020,11449,標準1,282,中小候補,GO,GO,GO,,,https://www.amazon.co.jp/dp/B0CTHWR6CC,
B,B0BYRWCB9J,BRIDGESTONE(ブリヂストン) フロントチャイルドシート 、bikkeグリ、モブ用 DG（ダークグレー） FCS-BIK4 P6671 A550333D,ブリヂストン(BRIDGESTONE),ブリヂストン(BRIDGESTONE),スポーツ＆アウトドア > 自転車 > 自転車アクセサリ,48736,3,,,16500,はい,2026-02-23以降,10037,12778,大型,282,中小候補,NG,GO,見送り,FBA大型サイズ / 回転不足(消化月数>3),,https://www.amazon.co.jp/dp/B0BYRWCB9J,
B,B0FR33355S,MODONG ペットカート 2段式 犬 カート ペットかーと折たたみ可能 小型犬 前輪360°回転 後輪ブレーキ付 組み立て簡単 耐荷重20KG 猫 小型犬多頭,MODONG,ZRGD,ペット用品 > 犬 > おでかけ用品,25413,2,,,11880,はい,2026-02-23以降,7053,8877,大型,282,中小候補,GO,GO,見送り,FBA大型サイズ,,https://www.amazon.co.jp/dp/B0FR33355S,
B,B0F2H5BKWW,STORIA ゲーミングガラスマウスパッド Sloth DemizuPosuka Edition 出水ぽすか コラボ SGP25SL-DPE,STORIA,STORIA,パソコン・周辺機器 > PCアクセサリ・サプライ > キーボード&マウスアクセサリ,39801,2,,,14960,はい,2026-02-23以降,6998,9588,大型,282,中小候補,GO,GO,見送り,FBA大型サイズ,,https://www.amazon.co.jp/dp/B0F2H5BKWW,
B,B08L3M6HQ8,Poafamx 小水中ポンプ 排水ポンプ 吐出量9000L/h 最大揚程5.3m 70W 110V ノズル3つ 静音設計 ガーデニング/水換え/池/水族館/水槽,Poafamx,Poafamx,ペット用品 > 水生ペット > 水槽のアクセサリ,26857,2,Poafamx JP,メーカー直販,17900,はい,2026-02-23以降,11070,14064,標準2,332,中小候補,GO,GO,見送り,相乗り出品が基準未満（卸している証拠なし）,,https://www.amazon.co.jp/dp/B08L3M6HQ8,
B,B0D25LMGQM,Xtahdge 折りたたみ自転車収納ボックス ダストカバー付き 自転車収納袋 屋外折りたたみ式 持ち運び簡単 折りたたみ自転車用収納袋,Xtahdge,Xtahdge,スポーツ＆アウトドア > 自転車 > 自転車アクセサリ,40018,2,,,13949,はい,2026-02-23以降,7574,9557,大型,282,中小候補,GO,GO,見送り,FBA大型サイズ,,https://www.amazon.co.jp/dp/B0D25LMGQM,
B,B081B9HZMW,Black Diamond(ブラックダイヤモンド) モーメンタム4S BD13195 アンスラサイト L/XL,Black Diamond,BlackDiamond(ブラックダイヤモンド),スポーツ＆アウトドア > 登山・クライミング > ハーネス,63609,5,,,10395,はい,2026-02-23以降,6474,8119,標準1,282,中小候補,NG,GO,見送り,回転不足(消化月数>3),,https://www.amazon.co.jp/dp/B081B9HZMW,
B,B081B9R5LL,[Black Diamond] Momentum 4S ハーネス 2X-Small グレイ,Black Diamond,Black Diamond(ブラックダイヤモンド),スポーツ＆アウトドア > 登山・クライミング > ハーネス,63609,4,,,10395,はい,2026-02-23以降,6474,8119,標準1,282,中小候補,NG,GO,見送り,回転不足(消化月数>3),,https://www.amazon.co.jp/dp/B081B9R5LL,
B,B0C78HTSV8,[TANAKA・YA] 天然水晶 厳選 上品 原石 置き物 原石 浄化用 風水 癒し 開運 お守り飾り用 紫水晶 グッズ プレゼント (アメジストA),TANAKA・YA,,ホーム＆キッチン > インテリア > 装飾小物・アクセサリ,64494,2,,,8999,はい,2026-02-23以降,5506,6854,標準1,282,中小候補,GO,GO,GO,,,https://www.amazon.co.jp/dp/B0C78HTSV8,
B,B08X1C5WTP,[カンゴール] リュック リュックサック デイパック メンズ レディース KGSA-BG00197 (ブラック),KANGOL(カンゴール),,ファッション > バッグ・スーツケース > リュック・バックパック,74329,6,,,8690,はい,2026-02-23以降,4801,5931,大型,282,中小候補,NG,GO,見送り,FBA大型サイズ / 回転不足(消化月数>3),,https://www.amazon.co.jp/dp/B08X1C5WTP,
B,B0D49JQS88,プリンストン 超小型 SSD 外付け 500GB コンパクト ポータブル USB3.2 Gen2 PC Mac PS5 PS4 PHD-USSD-500G,プリンストン,プリンストン,パソコン・周辺機器 > 外付けドライブ・ストレージ > 外付SSD,40428,4,,,20000,はい,2026-02-23以降,11423,15953,標準(小型),182,中小候補,NG,GO,見送り,回転不足(消化月数>3),,https://www.amazon.co.jp/dp/B0D49JQS88,
B,B0BYRXQWC1,ブリヂストン(BRIDGESTON)【新型】bikkeフロントチャイルドシート 前用 (LB(ブルーグレー)),ブリヂストン(BRIDGESTONE),ブリヂストン(BRIDGESTONE),スポーツ＆アウトドア > 自転車 > 自転車パーツ,48678,3,,,16500,はい,2026-02-23以降,10037,12778,大型,282,中小候補,NG,GO,見送り,FBA大型サイズ / 回転不足(消化月数>3),,https://www.amazon.co.jp/dp/B0BYRXQWC1,
B,B08BRDQ83M,踏み台 手すり付き 2段 屋外 アルミ 軽量 高齢者 転倒防止 玄関ステップ 滑り止め付き 介護用 ステップ台 iimono117 (2段 片手),iimono117,iimono117,ホーム＆キッチン > 家具 > 廊下・玄関家具,49848,2,,,10800,はい,2026-02-23以降,6140,7682,大型,282,中小候補,NG,GO,見送り,FBA大型サイズ / 回転不足(消化月数>3),,https://www.amazon.co.jp/dp/B08BRDQ83M,
B,B0FT2YX1LT,【九州大学博士監修 フェイスポイント×筋膜リリースガン】NIPLUX BEGUN 美顔器 リフトアップ ピンポイント 誕生日 プレゼント BLACK,NIPLUX,株式会社日創プラス,ホーム＆キッチン > 家電 > 健康家電,29622,2,,,11880,はい,2026-02-23以降,7440,9382,標準1,282,中小候補,GO,GO,GO,,,https://www.amazon.co.jp/dp/B0FT2YX1LT,
B,B08HMGFPL4,Rebuild Store (リビルド ストア) 日立 HiKOKI バッテリー 18V 互換性 BSL1860 1860 残量表示付き 2個セット,Rebuild Store,Rebuild Store (リビルド ストア),DIY・工具・ガーデン > 電動工具・エア工具 > 電動工具パーツ・アクセサリ,85073,2,,,17000,はい,2026-02-23以降,9613,12159,標準2,332,大手/海外疑い,GO,GO,GO,,,https://www.amazon.co.jp/dp/B08HMGFPL4,
B,B0976RSWPL,ASUSTek ゲーミングヘッドセット TUF Gaming H3 Wireless PS5/PS4/PC/Switch/スマートフォン 2.4GHzワイヤレス,ASUS,ASUS,パソコン・周辺機器 > PCアクセサリ・サプライ > PCゲーミングアクセサリ,48807,5,,,12600,はい,2026-02-23以降,7908,10876,標準1,282,中小候補,NG,GO,見送り,回転不足(消化月数>3),,https://www.amazon.co.jp/dp/B0976RSWPL,
B,B09WRHBW29,CGOLDENWALL 製粉機 800g電動粉砕機 スイング型 穀物粉末機 蓋開けたら作業停止・安全 １分間に微粉末・ハイパワー お米/山椒/胡椒/お茶/小麦粉,CGOLDENWALL,製粉機hc,ホーム＆キッチン > 家電 > キッチン家電,121944,2,,,19900,はい,2026-02-23以降,12523,16029,大型,282,中小候補,GO,GO,見送り,FBA大型サイズ,,https://www.amazon.co.jp/dp/B09WRHBW29,
B,B09NKJB33J,TASCAM タスカム ワイドFMチューナー搭載 ボイスレコーダー VR-04 グレー,TASCAM,TEAC（ティアック）,家電＆カメラ > ポータブルオーディオ > ボイスレコーダー,41006,5,,,12000,はい,2026-02-23以降,5367,7382,標準(小型),182,中小候補,NG,GO,見送り,回転不足(消化月数>3),,https://www.amazon.co.jp/dp/B09NKJB33J,
B,B0DXKD6TDB,Moondrop 热海 - Atami イヤホン リケーブル 0.78mm 2Pin 4.4mm イヤホンアップグレードケーブル,Moondrop,Moondrop,家電＆カメラ > イヤホン・ヘッドホン > リケーブル,67761,2,,,15300,はい,2026-02-23以降,9763,13604,標準(小型),182,中小候補,GO,GO,GO,,,https://www.amazon.co.jp/dp/B0DXKD6TDB,
B,B0DWG3RQ36,ケイト・スペード ニューヨーク iPhone 16E (2025) / 15/14 / 13 ケース - MagSafe対応 - デザイナーフォンケース - 透,Kate spade(ケイトスペード),kate spade new york,家電＆カメラ > 携帯電話・スマートフォン > 携帯電話・スマートフォンアクセサリ,83360,3,,,9814,はい,2026-02-23以降,6197,8556,標準(小型),182,中小候補,NG,GO,見送り,回転不足(消化月数>3),,https://www.amazon.co.jp/dp/B0DWG3RQ36,
B,B0DSV6PKKR,【整備済み品】FCNT らくらくスマートフォン F-42A キャリア：docomo OS種類：Android 10 販売時期：2020年秋モデル 画面サイズ：4,FCNT,FCNT,家電＆カメラ > 携帯電話・スマートフォン > 携帯電話・スマートフォン本体,42502,5,,,13300,はい,2026-02-23以降,8463,11764,標準(小型),182,中小候補,NG,GO,見送り,回転不足(消化月数>3),,https://www.amazon.co.jp/dp/B0DSV6PKKR,
B,B0DCZ3F2CN,[ルースイソンブラ] フットサル バックパック リュック LS SURGE BACK PACK L1242440,LUZeSOMBRA(ルースイソンブラ),LUZeSOMBRA(ルースイソンブラ),ファッション > バッグ・スーツケース > スポーツ・フィットネスバッグ,90157,5,,,15400,はい,2026-02-23以降,8326,10541,大型,282,中小候補,NG,GO,見送り,FBA大型サイズ / 回転不足(消化月数>3),,https://www.amazon.co.jp/dp/B0DCZ3F2CN,
B,B0DPHFXQ1B,テスラモデルY 2020-2026年用ジュニパーインテリアアクセサリー、モデル3ハイランドセンターコンソールオーガナイザー付きの画面下隠し収納、プッシュラッチ＆,Tadpole Jump,Tadpole Jump,車＆バイク > カーアクセサリ > 収納・ホルダー,20520,3,,,9000,はい,2026-02-23以降,5113,6339,標準1,282,中小候補,NG,GO,見送り,回転不足(消化月数>3),,https://www.amazon.co.jp/dp/B0DPHFXQ1B,
B,4772841466,スタック&チルト ゴルフスウィング,ゴルフダイジェスト社,ゴルフダイジェスト社,本 > ジャンル別 > スポーツ・アウトドア,91308,4,,,8237,はい,2026-02-23以降,1720,1902,標準1,282,中小候補,NG,GO,見送り,回転不足(消化月数>3),,https://www.amazon.co.jp/dp/4772841466,
B,B0F54LJJTK,炭素鋼中華鍋（11.8インチ）三極窒化処理プレシーズニング フラットボトム ガラス蓋付 ノンスティック シェフ向けギフト,Armorbear,,ホーム＆キッチン > キッチン用品 > 鍋・フライパン,40141,2,,,17542,はい,2026-02-23以降,11070,14064,標準2,332,中小候補,GO,GO,GO,,,https://www.amazon.co.jp/dp/B0F54LJJTK,
B,B0CQPM57RL,オーバーサングラス メンズ 眼鏡の上から 偏光レンズ UV400 アジアンフィット ドライブ 釣り エーフィット AF-OS13,A-FIT（エーフィット）,株式会社トライ・アングル,スポーツ＆アウトドア > スポーツケア・アクセサリ・競技備品 > スポーツアクセサリー,35346,2,,,13200,はい,2026-02-23以降,6253,7943,標準(小型),182,中小候補,GO,GO,GO,,,https://www.amazon.co.jp/dp/B0CQPM57RL,
B,B0FFMSG49Q,Kurflo 麺料理鍋セット 業務用 店舗用 ラーメン鍋 そば鍋 茹麺鍋セット おでん鍋 多機能 ガス火用 IH対応 ステンレス鋼製 カレー／おでん／ラーメン／,kurflo,Kurflo,ホーム＆キッチン > キッチン用品 > 鍋・フライパン,81705,2,,,10197,はい,2026-02-23以降,5698,7104,大型,282,中小候補,NG,GO,見送り,FBA大型サイズ / 回転不足(消化月数>3),,https://www.amazon.co.jp/dp/B0FFMSG49Q,
B,B0BLSD5FN2,[アヴィレックス] ボストンバッグ 30L メンズ イーグル AVX3525 2WAY ショルダーバッグ パラシュートバッグ ミリタリー 撥水 旅行 【10】 ,Avirex,アヴィレックス,ファッション > バッグ・スーツケース > スーツケース・トラベルバッグ,77094,8,,,10101,はい,2026-02-23以降,5763,7189,大型,282,中小候補,NG,GO,見送り,FBA大型サイズ / 新品オファー数8 / 回転不足(消化月数>3),,https://www.amazon.co.jp/dp/B0BLSD5FN2,
B,B0DPZ9RB4Z,壁掛け時計 おしゃれな 静音 人気ランキング 電池式 掛け時計 壁掛け wall clock 連続秒針 ウォールクロック 壁時計 薄型のデザイン かわいい シン,Blorple,Blorple,ホーム＆キッチン > インテリア > 置き時計・掛け時計,53885,2,,,8890,はい,2026-02-23以降,4918,6084,大型,282,中小候補,GO,GO,見送り,FBA大型サイズ,,https://www.amazon.co.jp/dp/B0DPZ9RB4Z,
B,B0DZG4RQZC,Satechi 7-in-1 USB-Cハブ イーサネット 4K@60Hz HDMI シルバー,Satechi,SATECHI,パソコン・周辺機器 > PCアクセサリ・サプライ > USBハブ,18050,7,,,12990,はい,2026-02-23以降,6089,8404,標準(小型),182,中小候補,NG,GO,見送り,新品オファー数7 / 回転不足(消化月数>3),,https://www.amazon.co.jp/dp/B0DZG4RQZC,
B,B0CV7RNDZL,[ タケオキクチ ] リュック 【撥水】ライトウエイト 2WAYリュック G8701330 メンズ ブラック(519) 00(FREE),TAKEO KIKUCHI(タケオキクチ),,ファッション > バッグ・スーツケース > リュック・バックパック,221253,4,,,19600,はい,2026-02-23以降,10014,12748,大型,282,中小候補,NG,GO,見送り,FBA大型サイズ / 回転不足(消化月数>3),,https://www.amazon.co.jp/dp/B0CV7RNDZL,
B,B0DLG15JN4,[COACH] [コーチ] カードケース レディース アウトレット ブランド パスケース 定期入れ コインケース 小銭入れ ミニスキニーIDケース シグネチャー,COACH,,ファッション > レディース > バッグ・財布,207175,2,,,8479,はい,2026-02-23以降,4515,5670,標準(小型),182,中小候補,GO,GO,GO,,,https://www.amazon.co.jp/dp/B0DLG15JN4,
B,B08FKX9K6P,Dell シングルモニターアーム - MSA20,Dell,Dell Technologies,パソコン・周辺機器 > PCアクセサリ・サプライ > モニターアクセサリ,27412,4,,,18910,はい,2026-02-23以降,9989,13762,標準2,332,中小候補,NG,GO,見送り,回転不足(消化月数>3),,https://www.amazon.co.jp/dp/B08FKX9K6P,
B,B0FJD3SJSJ,ColorMe ポータブル電源 大容量36000mAh/799.2Wh AC1000W(瞬間最大2000W) 家庭用 バックアップ電源 節電 停電対策 3時間の,ColorMe,大为エネルギー科技有限公司,DIY・工具・ガーデン > 電動工具・エア工具 > ポータブル電源・蓄電池,16773,3,,,19999,はい,2026-02-23以降,12717,16283,大型,282,中小候補,NG,GO,見送り,FBA大型サイズ / 回転不足(消化月数>3),,https://www.amazon.co.jp/dp/B0FJD3SJSJ,
B,B0DWG3D14N,ケイト・スペード ニューヨーク iPhone 16E (2025) / 15/14/ 13 ケース - MagSafe対応 - デザイナーフォンケース - Ho,Kate spade(ケイトスペード),Case-Mate,家電＆カメラ > 携帯電話・スマートフォン > 携帯電話・スマートフォンアクセサリ,83409,5,,,9958,はい,2026-02-23以降,6290,8689,標準(小型),182,中小候補,NG,GO,見送り,回転不足(消化月数>3),,https://www.amazon.co.jp/dp/B0DWG3D14N,
B,B09T2D8M6C,TASCAM(タスカム) VR-03-S ワイドFMラジオ搭載 ボイスレコーダー シルバー ICレコーダー 会議録音 議事録 ボイスメモ 備忘録 音楽プレーヤー,TASCAM,TASCAM,家電＆カメラ > ポータブルオーディオ > ボイスレコーダー,87976,3,,,12900,はい,2026-02-23以降,4108,5600,標準(小型),182,中小候補,NG,GO,見送り,回転不足(消化月数>3),,https://www.amazon.co.jp/dp/B09T2D8M6C,
B,B0FNM6LWJQ,[モンベル] バッグ メンズ レディース リュック リュックサック バックパック A4対応 ユティリティー デイパック 20 1133411 (ダークグリーン(,Mont-bell(モンベル),ノーブランド品,ファッション > バッグ・スーツケース > リュック・バックパック,219233,4,,,16999,はい,2026-02-23以降,10755,13717,大型,282,中小候補,NG,GO,見送り,FBA大型サイズ / 回転不足(消化月数>3),,https://www.amazon.co.jp/dp/B0FNM6LWJQ,
B,B0CQ29HSH8,METYOUCAR ダイハツ タント LA650S LA660Sに適用 リアトリム リアエンブレムカバー バックドアトリム リアゲート デコパネ リアのデコレー,METYOUCAR,METYOUCAR,車＆バイク > カーアクセサリ > インテリアセット,30443,2,,,8280,はい,2026-02-23以降,4853,5999,大型,282,中小候補,GO,GO,見送り,FBA大型サイズ,,https://www.amazon.co.jp/dp/B0CQ29HSH8,
B,B0DH4R8VP6,Onlit 給湯加圧ポンプ 最大流量40L/min 最大揚高10m 適用水温2-110℃ 全自動ブースターポンプ 最高圧シャワーウォーターポンプ 壁に取り付け可,Onlit,Onlit,産業・研究開発用品 > 空圧・油圧・配管 > ポンプ・アクセサリ,10914,2,,,14899,はい,2026-02-23以降,8809,11108,標準2,332,中小候補,GO,GO,GO,,,https://www.amazon.co.jp/dp/B0DH4R8VP6,
B,B0F8QV4P84,真空パック機 業務用 真空フードシーラー 乾湿両用家庭用シール機 95kPa強力脱気 鮮度長持 10IN1多機能 真空シーラー 引出し式集水槽 真空脱気 全自動,PTPTCAMT,PTPTCAMT,ホーム＆キッチン > 家電 > キッチン家電,114976,2,,,12980,はい,2026-02-23以降,5894,7296,標準2,332,中小候補,GO,GO,GO,,,https://www.amazon.co.jp/dp/B0F8QV4P84,
B,B0B2W98SN9,おり釣具 PEライン付き 汎用 デジタルカウンター 両軸リール シーマスタッグデジタル 200P／300P (300P(PE2.0号約200m付)),おり釣具,おり釣具,スポーツ＆アウトドア > 釣り > リール・アクセサリ,72415,2,遠里株式会社,,12751,はい,2026-02-23以降,6762,8496,標準1,282,中小候補,GO,GO,見送り,相乗り出品が基準未満（卸している証拠なし）,,https://www.amazon.co.jp/dp/B0B2W98SN9,
B,B0C9TB63ZC,Frifreego 電動テープカッター 自動テープカッター 両面テープ・粘着性強いテープ対応 最大切断長さ999mm 長さ設定可能 適用テープ幅6-60mm 自,Frifreego,Frifreego,文房具・オフィス用品 > 事務用品 > テープ・結束具,54875,2,,,18999,はい,2026-02-23以降,11893,15141,標準2,332,中小候補,GO,GO,GO,,,https://www.amazon.co.jp/dp/B0C9TB63ZC,
B,B0D4HQSVJM,Androidタブレット最新 2026タブレット10インチ WIFIモデル、14GB+128GB+2TB拡張可能、4G 通話、2.0GHZ 8コアCPUT606,ZONKO,ZONKO,パソコン・周辺機器 > タブレット,18307,2,,,11999,はい,2026-02-23以降,7467,10193,標準2,332,中小候補,GO,GO,GO,,,https://www.amazon.co.jp/dp/B0D4HQSVJM,
B,B0B1DL3H6Y,NETUM E800 2Dバーコードスキャナー Bluetooth 有線・無線対応 2D QR 小型ポータブルQRバーコード,NETUM,NETUM,文房具・オフィス用品 > 店舗・販促用品 > バーコードスキャナー,37273,3,,,9599,はい,2026-02-23以降,5082,6412,標準(小型),182,中小候補,NG,GO,見送り,回転不足(消化月数>3),,https://www.amazon.co.jp/dp/B0B1DL3H6Y,
B,B0DSV6TWSM,【整備済み品】FCNT らくらくスマートフォン F-42A キャリア：docomo OS種類：Android 10 販売時期：2020年秋モデル 画面サイズ：4,FCNT,FCNT,家電＆カメラ > 携帯電話・スマートフォン > 携帯電話・スマートフォン本体,42620,5,,,13300,はい,2026-02-23以降,8463,11764,標準(小型),182,中小候補,NG,GO,見送り,回転不足(消化月数>3),,https://www.amazon.co.jp/dp/B0DSV6TWSM,
B,B0BP2GLBQY,[カシオ] DATA BANK データバンク デジタル 腕時計 DBC-611-1 メンズ シルバー×ブラック 海外モデル [並行輸入品],CASIO(カシオ),CASIO,ファッション > メンズ > 腕時計,35519,4,,,8700,はい,2026-02-23以降,5159,6512,標準(小型),182,大手/海外疑い,NG,GO,見送り,回転不足(消化月数>3),,https://www.amazon.co.jp/dp/B0BP2GLBQY,
B,B0146HUDIQ,CABINZERO キャビンゼロ - CLASSIC 44L GREY 061203,CabinZero(キャビンゼロ),Cabin Zero,ファッション > バッグ・スーツケース > スーツケース・トラベルバッグ,64205,6,,,13750,はい,2026-02-23以降,7851,9920,大型,282,中小候補,NG,GO,見送り,FBA大型サイズ / 回転不足(消化月数>3),,https://www.amazon.co.jp/dp/B0146HUDIQ,
B,B0CV7QBPD4,約20倍以上の 防錆力 シャーシブラック つや消し 錆の上から塗れる 錆止め塗料 油性 420ml NS-3301SP 塗料 塩害 対策 下回り 足回り サビ止,セントラル産業,セントラル産業,車＆バイク > 洗車・お手入れ用品 > エクステリアケア,62403,3,,,13870,はい,2026-02-23以降,7898,9916,標準2,332,中小候補,NG,GO,見送り,回転不足(消化月数>3),,https://www.amazon.co.jp/dp/B0CV7QBPD4,
B,B0FP3RFMHZ,"【整備済み品】Speed Wi-Fi 5G X11 端末種別：モバイルルーター 連続通信時間：約490分 重量：174g (スノーホワイト, NAR01)",NEC,NEC,パソコン・周辺機器 > 無線LAN・ネットワーク機器 > モバイルルーター,39454,2,,,11200,はい,2026-02-23以降,6783,9386,標準(小型),182,中小候補,GO,GO,GO,,,https://www.amazon.co.jp/dp/B0FP3RFMHZ,
B,B0DC4ZDX7D,Thalia Capos Whiskey Angel Wing カポタスト Shellシリーズ タリアカポ,Thalia,Thalia,楽器・音響機器 > ギター > ギターアクセサリ,17622,3,,,16720,はい,2026-02-23以降,7462,9524,標準(小型),182,中小候補,NG,GO,見送り,回転不足(消化月数>3),,https://www.amazon.co.jp/dp/B0DC4ZDX7D,
B,B0BY8N459H,Beat-Sonic (ビートソニック) ハイゼットカーゴ専用スタンドセット アトレー/ピクシスバン/サンバーバン (BSA54 タブレットホルダーセット),Beat-Sonic (ビートソニック),ビートソニック(Beat-Sonic),車＆バイク > カーアクセサリ > 携帯電話・スマートフォンアクセサリ,39430,4,,,8800,いいえ,繰越(境界後の記録なし),5438,6764,標準1,282,中小候補,NG,GO,見送り,回転不足(消化月数>3),,https://www.amazon.co.jp/dp/B0BY8N459H,
B,B09MYD4W66,[Ｗｈａｔｎａ] アンティーク風合い鞣し天 然 牛革ショルダーバッグ メンズ メッセンジャーバッグ 小さめ ビジネスバッグ 2室仕切 A4収納可 横 型 本革通,Ｗｈａｔｎａ,,ファッション > メンズ > バッグ・財布,90184,2,,,16880,いいえ,繰越(境界後の記録なし),10640,13502,標準2,332,中小候補,GO,GO,GO,,,https://www.amazon.co.jp/dp/B09MYD4W66,
B,B0F293T8K7,THANKO コンパクト 大きめ 晴雨兼用 軽量 日傘 [公式]ファンが入った涼しい日傘「ファンブレラ POLE」 TKFA25SGY,THANKO,サンコー,ファッション > レディース > 服＆ファッション小物,76626,2,,,9980,はい,2026-02-23以降,3865,4707,標準1,282,中小候補,GO,GO,GO,,,https://www.amazon.co.jp/dp/B0F293T8K7,
B,B0F3HP3N5Q,LENSGO ポータブルフォグマシン ハンドヘルドスモークマシン リモートコントロールフォガー付き 写真撮影、屋外イベント、パーティー、ステージ効果、消毒または,LENSGO,"LYNCA PHOTOGRAPHIC EQUIPMENT CO.,LTD",家電＆カメラ > カメラ > スタジオ撮影機材,82026,2,,,9850,はい,2026-02-23以降,6056,8254,標準1,282,中小候補,GO,GO,GO,,,https://www.amazon.co.jp/dp/B0F3HP3N5Q,
B,B0BNYCMV96,"[Korlexchi] 腕時計メタルバンドメンズ Casio対応 カシオ対応 G-SHOCK対応 MTG-B1000 MTG B1000 時計ストラップ, 31",Korlexchi,Korlexchi,ファッション > ケア用品・工具・時計バンド > 時計アクセサリー,268982,2,,,9736,はい,2026-02-23以降,5638,7025,標準1,282,大手/海外疑い,GO,GO,GO,,,https://www.amazon.co.jp/dp/B0BNYCMV96,
B,B0DLL2HSZZ,adidas レアル･マドリード 25/26 ホームユニフォーム,adidas(アディダス),アディダス,スポーツ＆アウトドア > スポーツファンショップ > サッカー,52977,5,,,9240,はい,2026-02-23以降,5724,7138,標準1,282,大手/海外疑い,NG,GO,見送り,回転不足(消化月数>3),,https://www.amazon.co.jp/dp/B0DLL2HSZZ,
B,B06Y55SQLG,LIXIL(リクシル) 温水洗浄便座 暖房 LIXIL-CF-18ALJ/BN8,LIXIL,LIXIL,DIY・工具・ガーデン > 住宅用設備・製品 > トイレ用設備,95384,5,,,9700,はい,2026-02-23以降,5270,6544,大型,282,中小候補,NG,GO,見送り,FBA大型サイズ / 回転不足(消化月数>3),,https://www.amazon.co.jp/dp/B06Y55SQLG,
B,B06Y5NBD9K,[LIXIL]暖房便座CF-18ASJ 標準(レギュラー) オフホワイト(BN8)【LIXILリクシル】,LIXIL,LIXIL,DIY・工具・ガーデン > 住宅用設備・製品 > トイレ用設備,95241,3,,,9300,はい,2026-02-23以降,5036,6238,大型,282,中小候補,NG,GO,見送り,FBA大型サイズ / 回転不足(消化月数>3),,https://www.amazon.co.jp/dp/B06Y5NBD9K,
B,B0FX4TQT21,Skullcandy 公式ストア Push 720 OPEN オープン型ワイヤレスイヤホン IP67防水・耐汗・防塵 30時間バッテリー 急速充電 ワイヤレス充,Skullcandy(スカルキャンディー),Skullcandy(スカルキャンディー),家電＆カメラ > イヤホン・ヘッドホン > イヤホン・ヘッドホン本体,45367,2,,,17300,はい,2026-02-23以降,11063,15444,標準(小型),182,中小候補,GO,GO,GO,,,https://www.amazon.co.jp/dp/B0FX4TQT21,
B,B0DK3PV2QW,ZUNEIGUNGトヨタ 新型 アルファード 40系 に適合パーツ アクセサリー フロントバンパーガーニッシュ バンパーコーナーカバーTOYOTA ALPHAR,ZUNEIGUNG,ZUNEIGUNG,車＆バイク > カーパーツ > 外装・エアロパーツ,46291,2,,,13880,はい,2026-02-23以降,8649,10963,大型,282,中小候補,GO,GO,見送り,FBA大型サイズ,,https://www.amazon.co.jp/dp/B0DK3PV2QW,
B,B0F2LQ4B23,[プリンス] ラケットバッグ12本入 TT500 ブラック×グリーン(240),Prince(プリンス),,ファッション > バッグ・スーツケース > スポーツ・フィットネスバッグ,88064,3,,,10560,はい,2026-02-23以降,6582,8260,大型,282,中小候補,NG,GO,見送り,FBA大型サイズ / 回転不足(消化月数>3),,https://www.amazon.co.jp/dp/B0F2LQ4B23,
B,B0FFGSZ7KJ,[サラヤ] サージカルマスク ブルー フリーサイズ 50枚 レベル2 50089 (ブルー１ケース（20箱）),サラヤ,,産業・研究開発用品 > 業務用医療用品 > 着衣・手袋,6182,2,,,8360,はい,2026-02-23以降,5152,6390,不明,282,中小候補,GO,GO,GO,,,https://www.amazon.co.jp/dp/B0FFGSZ7KJ,
B,B0BP6HS8SF,【type-C】LUMENA2X ルーメナー 日本正規品＆保証書付 磁石フック 専用ポーチ付 LEDランタン モバイルバッテリー コンパクト ライト キャンプ ,LUMENA,株式会社KMコーポレーション,スポーツ＆アウトドア > アウトドア > ライト・ランタン,47371,5,,,16240,はい,2026-02-23以降,8818,11184,標準1,282,中小候補,NG,GO,見送り,回転不足(消化月数>3),,https://www.amazon.co.jp/dp/B0BP6HS8SF,
B,B0FLJJYSKH,Thalia Capos PEARL MILKY WAY カポタスト DELUXEシリーズ タリアカポ,Thalia,Thalia,楽器・音響機器 > ギター > ギターアクセサリ,2716,5,,,19360,はい,2026-02-23以降,9161,11746,標準(小型),182,中小候補,NG,GO,見送り,回転不足(消化月数>3),,https://www.amazon.co.jp/dp/B0FLJJYSKH,
B,B0D46PQT2C,Barebones エジソンライトスティック LEDランタン 磁気ベース USB充電式 7照明モード 連続40時間使用 キャンプ 防災 アウトドア 懐中電灯,Barebones,Barebones Living(ベアボーンズリビング),スポーツ＆アウトドア > アウトドア > ライト・ランタン,91934,2,,,8280,はい,2026-02-23以降,4905,6067,標準1,282,中小候補,GO,GO,GO,,,https://www.amazon.co.jp/dp/B0D46PQT2C,
B,B00YFTOUKS,バランスボディマジックローラー - ピラティス後のワークアウトや理学療法のための筋肉リリースツール ストレッチツール 渦巻きグレー,Balanced Body,Balanced Body,スポーツ＆アウトドア > スポーツケア・アクセサリ・競技備品 > スポーツケア用品,64313,5,,,15900,はい,2026-02-23以降,10053,12799,大型,282,中小候補,NG,GO,見送り,FBA大型サイズ / 回転不足(消化月数>3),,https://www.amazon.co.jp/dp/B00YFTOUKS,
B,B07F4164TX,電気圧力鍋 2.0L 【簡単ほったらかし調理】50種類のレシピ付 LIVCETRA LPCT20W,アルファックス・コイズミ,アルファックス・コイズミ,ホーム＆キッチン > 家電 > キッチン家電,192918,3,,,9587,はい,2026-02-23以降,5239,6504,大型,282,中小候補,NG,GO,見送り,FBA大型サイズ / 回転不足(消化月数>3),,https://www.amazon.co.jp/dp/B07F4164TX,
B,B0D32LDQCY,[MICHAEL LINNELL(マイケルリンネル)]バックパック リュック 通勤 通学 撥水 軽量 MLAC-33 Backpack Black,MICHAEL LINNELL(マイケルリンネル),MICHAEL LINNELL(マイケルリンネル),ファッション > バッグ・スーツケース > リュック・バックパック,145284,3,,,16500,はい,2026-02-23以降,9370,11906,大型,282,中小候補,NG,GO,見送り,FBA大型サイズ / 回転不足(消化月数>3),,https://www.amazon.co.jp/dp/B0D32LDQCY,
B,B0C93QP8DX,ワードローブ ハンガーラック 大容量 収納ラック 洋服ラック コート掛け 頑丈 棚板高さ調節 新生活 ブラック 幅187×奥行44×高さ194cm,Kanouhope,Kanouhope,ホーム＆キッチン > 家具 > 収納家具,127074,2,,,14998,はい,2026-02-23以降,9369,11904,大型,282,中小候補,GO,GO,見送り,FBA大型サイズ,,https://www.amazon.co.jp/dp/B0C93QP8DX,
B,B0CBRWTQK9,シーエルリンク エクスクルーシブ3Dマット スズキ ジムニー JB64W/JB74W MT用 フロアマット,シーエルリンク,シーエルリンク,車＆バイク > カーアクセサリ > フロアマット,24416,2,,,16500,はい,2026-02-23以降,10443,13309,不明,282,中小候補,GO,GO,GO,,,https://www.amazon.co.jp/dp/B0CBRWTQK9,
B,B09WVL2R9Z,CGOLDENWALL 製粉機 400g 電動粉砕機 スイング型 穀物粉末機 蓋開けたら作業停止・安全 １分間に微粉末・ハイパワー お米/山椒/胡椒/お茶/小麦,CGOLDENWALL,穀物製粉機,ホーム＆キッチン > 家電 > キッチン家電,122073,2,,,15600,はい,2026-02-23以降,9756,12411,大型,282,中小候補,GO,GO,見送り,FBA大型サイズ,,https://www.amazon.co.jp/dp/B09WVL2R9Z,
B,B0G1Y9KSY6,財布 メンズ 長財布 【姫路レザー日本製】 ラウンドファスナー 本革 フランス製ファスナー 薄型 ギフトBOX プレゼント (ブラック),améliage,ameliage,ファッション > メンズ > バッグ・財布,68060,2,,,8490,はい,2026-02-23以降,4152,5082,標準1,282,中小候補,GO,GO,GO,,,https://www.amazon.co.jp/dp/B0G1Y9KSY6,
B,B092VLG3RV,[BANDAI] DX最強なりきりセット,BANDAI,バンダイ(BANDAI),おもちゃ > ままごと・ごっこ遊び > ベルト・なりきりアイテム,51544,5,,,9978,はい,2026-02-23以降,2838,3364,標準1,282,大手/海外疑い,NG,GO,見送り,回転不足(消化月数>3),,https://www.amazon.co.jp/dp/B092VLG3RV,
B,B0DXKTDX33,[ タケオキクチ ] リュック 【撥水】ライトウエイト 2WAYリュック G8701330 メンズ ネイビー(594) 00(FREE),TAKEO KIKUCHI(タケオキクチ),,ファッション > バッグ・スーツケース > リュック・バックパック,221253,4,,,19400,はい,2026-02-23以降,10014,12748,大型,282,中小候補,NG,GO,見送り,FBA大型サイズ / 回転不足(消化月数>3),,https://www.amazon.co.jp/dp/B0DXKTDX33,
B,B0C746N4D1,三和製作所 熱中症対策アナログ温湿度計 (ホワイト) 大 φ30cm 壁掛用,三和製作所,三和製作所,ホーム＆キッチン > インテリア > 温度計・湿度計,135177,2,,,8470,はい,2026-02-23以降,4672,5763,不明,282,中小候補,GO,GO,GO,,,https://www.amazon.co.jp/dp/B0C746N4D1,
B,B0F9YSZG9C,52TOYS BLINDBOX LAPLLY：Vintage Memory「思い出の骨董店」シリーズ ブラインドボックス blind box トレディングフィギ,52TOYS,52TOYS,ホビー > フィギュア・コレクタードール,61632,2,,,9900,はい,2026-02-23以降,5178,6424,標準1,282,中小候補,GO,GO,GO,,,https://www.amazon.co.jp/dp/B0F9YSZG9C,
B,4567244087,レ-ニンジャーの新生化学: 生化学と分子生物学の基本原理 (上),,廣川書店,本 > ジャンル別 > 科学・テクノロジー,149653,4,,,9930,はい,2026-02-23以降,5960,7382,標準2,332,中小候補,NG,GO,見送り,回転不足(消化月数>3),,https://www.amazon.co.jp/dp/4567244087,
B,B09X7DR1DY,Coleman(コールマン) ジャグ スチールベルトジャグ 1.3ガロン 4.9L バターナッツ 2000038472,Coleman(コールマン),コールマン(Coleman),スポーツ＆アウトドア > アウトドア > ボトル・ジャグ,68383,6,,,8300,はい,2026-02-23以降,3247,3899,大型,282,中小候補,NG,GO,見送り,FBA大型サイズ / 回転不足(消化月数>3),,https://www.amazon.co.jp/dp/B09X7DR1DY,
B,B07NX93RCG,New Era 9Fifty 950 ブラック ベーシック スナップバック アジャスタブル キャップ (サンディエゴ・パドレス(ブラック)) Free Size,NEW ERA(ニューエラ),New Era,スポーツ＆アウトドア > スポーツファンショップ > 野球,105708,3,,,11832,はい,2026-02-23以降,6936,8837,標準(小型),182,中小候補,NG,GO,見送り,回転不足(消化月数>3),,https://www.amazon.co.jp/dp/B07NX93RCG,
B,B0CBRRZ3NY,シーエルリンク エクスクルーシブ3Dマット スズキ ジムニー JB64W/JB74W AT用 フロアマット,シーエルリンク,シーエルリンク,車＆バイク > カーアクセサリ > フロアマット,24416,2,,,16500,いいえ,繰越(境界後の記録なし),10443,13309,不明,282,中小候補,GO,GO,GO,,,https://www.amazon.co.jp/dp/B0CBRRZ3NY,
B,B0DRYSQ5RB,ZUNDUO 日産 ノート オーラ E13系 2020年～現行 専用 フロアマット ラゲッジマット 立体カーマット 立体構造 NOTE E13,ZUNDUO,mipicar,車＆バイク > カーアクセサリ > フロアマット,59875,2,,,12980,はい,2026-02-23以降,6392,8011,大型,282,中小候補,GO,GO,見送り,FBA大型サイズ,,https://www.amazon.co.jp/dp/B0DRYSQ5RB,
B,B0B99WG93C,Phomemo M04AS ミニサーマルプリンタ15-110 mm 300 dpiラベルプリンタ,Phomemo,Phomemo,パソコン・周辺機器 > プリンタ > ポータブルサーマルプリンター,7883,2,,,12900,いいえ,2026-02-23以降,8103,11152,標準1,282,中小候補,GO,GO,GO,,,https://www.amazon.co.jp/dp/B0B99WG93C,
B,B0B2PLBMSF,[アシックス] ワークシューズ WINJOB CP306 BOA MAGMA マントルグリーン/ハバネロ 25.0 cm 3E,asics(アシックス),アシックス,ファッション > メンズ > シューズ,78822,2,,,18800,はい,2026-02-23以降,9598,12204,標準1,282,中小候補,GO,GO,GO,,,https://www.amazon.co.jp/dp/B0B2PLBMSF,
B,B077922N53,FURE LOOP（フレループ）『カーブ型スイング練習器具』,Lynx,リンクス,スポーツ＆アウトドア > ゴルフ > 練習用品,17815,2,,,8800,はい,2026-02-23以降,5438,6764,大型,282,中小候補,GO,GO,見送り,FBA大型サイズ,,https://www.amazon.co.jp/dp/B077922N53,
B,B00094NZC2,東芝 ネオボールZ 電球形蛍光ランプ 電球60ワットタイプ 電球色 EFD15EL/13-Z,東芝(TOSHIBA),東芝(TOSHIBA),ホーム＆キッチン > 家電 > 照明,49664,3,,,8240,はい,2026-02-23以降,4309,5401,標準(小型),182,大手/海外疑い,NG,GO,見送り,回転不足(消化月数>3),,https://www.amazon.co.jp/dp/B00094NZC2,
B,B01AW1ZR68,"レジ袋 関西40号 関東30号 4,000枚 乳白 ヨコ26cm×タテ48cm 厚み0.013mm 薄手 ポリ袋 【ベドウィンマート厳選レジ袋】商標登録番号：6",ベドウィンマート厳選レジ袋,ベドウィンマート厳選レジ袋,文房具・オフィス用品 > 店舗・販促用品 > レジスターサプライ,10990,3,,,11600,はい,2026-02-23以降,5610,6989,大型,282,中小候補,NG,GO,見送り,FBA大型サイズ / 回転不足(消化月数>3),,https://www.amazon.co.jp/dp/B01AW1ZR68,
B,B0FRRK89CX,MODONG ペットカート 2段式 多頭用 超軽量5.7kg【上下二段が独立】犬 カート ワンタッチ 折りたたみ 犬用ベビーカー 猫 小型犬 多頭飼い 耐荷重2,MODONG,ZRGD,ペット用品 > 犬 > おでかけ用品,12476,2,,,12553,はい,2026-02-23以降,7469,9420,大型,282,中小候補,GO,GO,見送り,FBA大型サイズ,,https://www.amazon.co.jp/dp/B0FRRK89CX,
B,B0F7GZNH35,日本製線 Cat.6 モジュラープラグ（24AWG） ブーツ付 100個セット NSP624B(100),日本製線,日本製線,文房具・オフィス用品 > 事務用品 > 机上用品・文具収納,35560,2,,,16500,はい,2026-02-23以降,10543,13553,標準(小型),182,中小候補,GO,GO,GO,,,https://www.amazon.co.jp/dp/B0F7GZNH35,
B,B0D3QJFB5S,SHAD(シャッド) バイク E09CL PRO クリックシステムタンクバッグ 5L ダブルロック/拡張機能 X0SE09CLP,シャッド(Shad),,車＆バイク > バイクバッグ・ケース > タンクバッグ,70089,2,,,18305,はい,2026-02-23以降,10733,13624,標準2,332,中小候補,GO,GO,GO,,,https://www.amazon.co.jp/dp/B0D3QJFB5S,
B,B002DELN66,賭博堕天録カイジ 全13巻 完結コミックセット (ヤングマガジンコミックス),講談社,講談社,本 > ジャンル別 > コミック・ラノベ・BL,80312,2,,,9650,はい,2026-02-23以降,5778,7144,標準2,332,中小候補,GO,GO,GO,,,https://www.amazon.co.jp/dp/B002DELN66,
B,B0875NQPSB,WORKPAD エアーレシプロソー 高耐久 24T 5個 & 32T ソー5本セット 空気圧工具…,WP WORKPAD,WP WORKPAD,DIY・工具・ガーデン > 電動工具・エア工具 > 切断工具,114085,6,,,13152,はい,2026-02-23以降,7761,9801,標準1,282,中小候補,NG,GO,見送り,回転不足(消化月数>3),,https://www.amazon.co.jp/dp/B0875NQPSB,
B,B000068GVG,ファイアーエムブレム 紋章の謎,任天堂,任天堂,ゲーム > 機種別 > レガシーシステム,10304,2,,,12300,はい,2026-02-23以降,7813,9983,標準(小型),182,大手/海外疑い,GO,GO,GO,,,https://www.amazon.co.jp/dp/B000068GVG,
B,B0CGV84ML2,[Lacoste] [ラコステ] 帽子 [公式] フロントブランク6パネルキャップ メンズ ホワイト,Lacoste,,ファッション > メンズ > 服＆ファッション小物,34056,2,,,19434,はい,2026-02-23以降,2678,3268,標準(小型),182,中小候補,GO,GO,GO,,,https://www.amazon.co.jp/dp/B0CGV84ML2,
B,B0FHPMCQNS,仏壇下台 オリジナル下台「シオン」 幅48cm ホワイト調 仏壇台,なーむくまちゃん工房,なーむくまちゃん工房,ホーム＆キッチン > 仏具・神具 > 経机・お供え机,82195,2,,,19800,はい,2026-02-23以降,11301,14431,大型,282,中小候補,GO,GO,見送り,FBA大型サイズ,,https://www.amazon.co.jp/dp/B0FHPMCQNS,
B,B0DSC48D47,LUCKEASY スズキ エブリイワゴン DA17W 専用 フロアマット+ラゲッジマット H27.2-現行 EVERY WAGON カーマット,LUCKEASY,LUCKEASY,車＆バイク > カーアクセサリ > フロアマット,26102,2,,,13580,はい,2026-02-23以降,6595,8277,大型,282,中小候補,GO,GO,見送り,FBA大型サイズ,,https://www.amazon.co.jp/dp/B0DSC48D47,
B,B07BBS3B36,TOTO 石けん液 18L THZ5,TOTO,TOTO,DIY・工具・ガーデン > 住宅用設備・製品 > キッチン・バス備品,14166,5,,,10290,はい,2026-02-23以降,6406,8030,大型,282,中小候補,NG,GO,見送り,FBA大型サイズ / 回転不足(消化月数>3),,https://www.amazon.co.jp/dp/B07BBS3B36,
B,B0CSF7GTTN,Alterzone 机上ラック 拡張デスクラック クランプ式 幅112cm デスク上 書類 ファイル 収納 高さ調節 取付簡単 机上整理 ALZCDS-1 (ホ,Alterzone,Alterzone,文房具・オフィス用品 > オフィス家具・収納 > オフィス収納,39609,3,,,8800,はい,2026-02-23以降,3618,4384,大型,282,中小候補,NG,GO,見送り,FBA大型サイズ / 回転不足(消化月数>3),,https://www.amazon.co.jp/dp/B0CSF7GTTN,
B,B0FN74LKL7,Bellroy Pixel Folio - Google Pixel 10 Pro Fold用 - Black,Bellroy,Bellroy,家電＆カメラ > 携帯電話・スマートフォン > 携帯電話・スマートフォンアクセサリ,77372,3,,,12500,はい,2026-02-23以降,7943,11028,標準(小型),182,中小候補,NG,GO,見送り,回転不足(消化月数>3),,https://www.amazon.co.jp/dp/B0FN74LKL7,
B,B0DKBF9SGV,Thalia Capos PEARL MILKY WAY カポタスト DELUXEシリーズ タリアカポ,Thalia,Thalia,楽器・音響機器 > ギター > ギターアクセサリ,2716,4,,,16720,はい,2026-02-23以降,9256,11870,標準(小型),182,中小候補,NG,GO,見送り,回転不足(消化月数>3),,https://www.amazon.co.jp/dp/B0DKBF9SGV,
B,B0CLDHFFJP,猫ちぐら 編み籠 猫 籐 猫ハンギング ハウス 2in1 ドーム型 猫小屋スイング プラスチック藤編み キャット ハウス 通気性 通年利用 ペットベッド ラタン,Pertice,Pertice,ペット用品 > 猫 > キャットタワー・ベッド・マット,18558,2,,,9024,はい,2026-02-23以降,5367,6672,大型,282,中小候補,GO,GO,見送り,FBA大型サイズ,,https://www.amazon.co.jp/dp/B0CLDHFFJP,
B,B06Y5R87LG,アゼットプロフェッショナルドッグフード ドッグフード ライト シニア・ダイエット犬用 小粒 10㎏,AZ,アゼットジャパン,ペット用品 > 犬 > ドッグフード,20032,3,,,11400,はい,2026-02-23以降,7128,8974,大型,282,中小候補,NG,GO,見送り,FBA大型サイズ / 回転不足(消化月数>3),,https://www.amazon.co.jp/dp/B06Y5R87LG,
B,B0FNMTJN5Z,[モンベル] バッグ メンズ レディース ショルダーバッグ ナイロン ベルニナショルダー S 1123895 (ピンク(PK)),Mont-bell(モンベル),,ファッション > メンズ > バッグ・財布,50193,4,,,9308,はい,2026-02-23以降,4580,5642,標準1,282,中小候補,NG,GO,見送り,回転不足(消化月数>3),,https://www.amazon.co.jp/dp/B0FNMTJN5Z,
B,B081DQJ9LV,ワイエムワールド 本棚 大容量 引き出し付き スリム A4対応 幅90 奥行32 高さ90 ディスプレイラック 3列 3段 木製 オーク 00-291,ワイエムワールド,ワイエムワールド,ホーム＆キッチン > 家具 > リビングルーム家具,29789,2,,,12800,はい,2026-02-23以降,6088,7614,大型,282,中小候補,GO,GO,見送り,FBA大型サイズ,,https://www.amazon.co.jp/dp/B081DQJ9LV,
B,B0CZ4DK8SW,MATSURIA 玄関マット 泥落とし 大判 滑り止め 無地 500x90cm 厚さ15mm 業務用 家庭用 洗える ロング 大きめ 砂 泥除け ドア フロア ,MATSURIA,MATSURIA,ホーム＆キッチン > ラグ・カーテン・ファブリック > ラグ・カーペット・マット,135811,2,,,12800,はい,2026-02-23以降,7622,9620,大型,282,中小候補,GO,GO,見送り,FBA大型サイズ,,https://www.amazon.co.jp/dp/B0CZ4DK8SW,
B,B0B2R4K1SP,仏壇下台 オリジナル下台「シオン」 幅48cm ナチュラル調 仏壇台,なーむくまちゃん工房,なーむくまちゃん工房,ホーム＆キッチン > 仏具・神具 > 経机・お供え机,82195,2,,,19800,はい,2026-02-23以降,11301,14431,大型,282,中小候補,GO,GO,見送り,FBA大型サイズ,,https://www.amazon.co.jp/dp/B0B2R4K1SP,
B,B0DFWBH1RX,AIRSPEED アバルト 595 595C 695 2017-2023 専用 アクセサリー カーボンファイバー 外装カスタム パーツ 車のバンパーフォグランプ,AIRSPEED,AIRSPEEDAutoPart,車＆バイク > カーアクセサリ > ステッカー・デカール,88922,2,,,13299,はい,2026-02-23以降,7930,10022,大型,282,中小候補,NG,GO,見送り,FBA大型サイズ / 回転不足(消化月数>3),,https://www.amazon.co.jp/dp/B0DFWBH1RX,
B,B0FM7M119D,COMEDYKING テント キャンピングテント ドームテント 2ルーム 大型 4-6人用 二重層 設営簡単 耐水圧3000mm uvカット加工 キャンプ アウ,COMEDYKING,COMEDYKING,スポーツ＆アウトドア > アウトドア > テント,29841,2,,,12000,はい,2026-02-23以降,7128,8974,大型,282,中小候補,GO,GO,見送り,FBA大型サイズ,,https://www.amazon.co.jp/dp/B0FM7M119D,
B,B0DN63D7WN,MISHIP ガーデンシンク 洗面台 陶器製 長さ43×幅36×高さ77cm 温水および冷水対応 蛇口付き 簡易シンク 屋外 家庭用 コンパクト 工場 農園 ス,MISHIP,MISHIP,DIY・工具・ガーデン > ガーデン > ガーデンファニチャー,35097,2,,,11800,はい,2026-02-23以降,7118,8961,大型,282,中小候補,GO,GO,見送り,FBA大型サイズ,,https://www.amazon.co.jp/dp/B0DN63D7WN,
B,B08ZCY4KGT,流し台 屋外 【アルミフレーム ステンレスシンク】 幅75cm おしゃれ 錆びにくい ガーデンシンク ベランダ 庭 簡易流し台 iimono117,iimono117,Bandiera,DIY・工具・ガーデン > ガーデン > ガーデンファニチャー,33380,3,,,12680,はい,2026-02-23以降,7427,9365,大型,282,中小候補,NG,GO,見送り,FBA大型サイズ / 回転不足(消化月数>3),,https://www.amazon.co.jp/dp/B08ZCY4KGT,
B,B000QXRJIM,ドラマチックダンジョン サクラ大戦 ~君あるがため~ オールスターパック,セガ,セガ,ゲーム > 機種別 > レガシーシステム,9291,2,,,15503,はい,2026-02-23以降,9794,12461,標準1,282,中小候補,GO,GO,GO,,,https://www.amazon.co.jp/dp/B000QXRJIM,
B,B07M5LZQLN,KMC X11 DLC チェーン 11S/11速/11スピード 用 (オレンジ) [並行輸入品],ケイエムシー(KMC),KMC,スポーツ＆アウトドア > 自転車 > 自転車パーツ,290098,4,,,16200,はい,2026-02-23以降,10248,13054,標準1,282,中小候補,NG,GO,見送り,回転不足(消化月数>3),,https://www.amazon.co.jp/dp/B07M5LZQLN,
B,B0CQY1JR84,ゼブラ 多機能ペン シャーボX ST3 限定マーベルデザイン ヴェノム リフィル付セット SB14-VM,ゼブラ(ZEBRA),ゼブラ(ZEBRA),文房具・オフィス用品 > 筆記具 > ペン,42229,2,,,8603,はい,2026-02-23以降,3614,4492,標準(小型),182,中小候補,GO,GO,GO,,,https://www.amazon.co.jp/dp/B0CQY1JR84,
B,B0FN76Z4ZB,Bellroy Pixel Folio - Google Pixel 10 Pro Fold用 - Sienna,Bellroy,Bellroy,家電＆カメラ > 携帯電話・スマートフォン > 携帯電話・スマートフォンアクセサリ,77372,2,Bellroy JP / day&day,メーカー直販,12500,はい,2026-02-23以降,7943,11028,標準(小型),182,中小候補,GO,GO,GO,,,https://www.amazon.co.jp/dp/B0FN76Z4ZB,
B,B0DNBFG16D,ag WHP01K MK2 aptX HD対応 Bluetooth ANCイズキャンセリング機能 ワイヤレスヘッドホン 35時間再生 マイク付き Clay,ファイナル(final),final Inc.,家電＆カメラ > イヤホン・ヘッドホン > イヤホン・ヘッドホン本体,22560,2,,,8480,はい,2026-02-23以降,5230,7085,標準1,282,中小候補,GO,GO,GO,,,https://www.amazon.co.jp/dp/B0DNBFG16D,
B,B0BTGVJY25,(ノースフェイス) THE NORTH FACE BIG SHOT ビッグショット リュック・バックパック [並行輸入品],THE NORTH FACE,,ファッション > バッグ・スーツケース > リュック・バックパック,220827,6,,,16200,はい,2026-02-23以降,8330,10546,大型,282,中小候補,NG,GO,見送り,FBA大型サイズ / 回転不足(消化月数>3),,https://www.amazon.co.jp/dp/B0BTGVJY25,
B,B0DQK5RLCP,[ネオコントラスト] チタン製 調光サングラス 夜間 運転 サングラス UVで色が濃くなる UVカット 福井県 鯖江産 ピンク チタン SA8315P-PHN,ネオコントラスト,株式会社ヒトミケア,ファッション > メンズ > 服＆ファッション小物,181285,2,,,13998,はい,2026-02-23以降,7612,9721,標準(小型),182,中小候補,NG,GO,見送り,回転不足(消化月数>3),,https://www.amazon.co.jp/dp/B0DQK5RLCP,
B,B0C9TRGTHZ,IMIEE 本棚 突っ張り つっぱりラック つっぱり棚 突っ張りラック 収納棚 壁面収納 ウォールラック 大容量 スリム コミックラック 薄型 シェルフ 収納 ,IMIEE,IMIEE,ホーム＆キッチン > 家具 > リビングルーム家具,118672,2,,,17980,はい,2026-02-23以降,9651,12274,大型,282,中小候補,GO,GO,見送り,FBA大型サイズ,,https://www.amazon.co.jp/dp/B0C9TRGTHZ,
B,B09TK52DK2,山本電気 精米機 MICHIBA ライスクリーナー MB-RC52 ライスストッカー付きセット (レッド),ノーブランド品,ノーブランド品,ホーム＆キッチン > 家電 > キッチン家電,83553,2,,,17000,はい,2026-02-23以降,9987,12713,大型,282,中小候補,GO,GO,見送り,FBA大型サイズ,,https://www.amazon.co.jp/dp/B09TK52DK2,
B,B0CZ959G7S,ペットサークル 犬サークル 高さ60cm 14枚 143x93x60cm DIY 自由にレイアウト 猫用 犬用 ドア付き 扉付き 折りたたみ 小動物 屋外 室内,Aoikoy,Aoikoy,ペット用品 > 犬 > ドッグハウス・ケージ,43595,2,,,14280,はい,2026-02-23以降,8629,10937,大型,282,中小候補,GO,GO,見送り,FBA大型サイズ,,https://www.amazon.co.jp/dp/B0CZ959G7S,
B,B0FRMBKYX1,ママ倉 隠せる調味料ラック 2段 幅12.4cm 奥行50cm 調味料収納 台所用 引き出し式 コンロ横 キッチンラック スリム ブラック,ママ倉,ママ倉,ホーム＆キッチン > 収納用品 > キッチン収納,59013,2,,,14298,はい,2026-02-23以降,6323,7922,大型,282,中小候補,GO,GO,見送り,FBA大型サイズ,,https://www.amazon.co.jp/dp/B0FRMBKYX1,
B,B0F7H8XRQS,"PIPITA 葉巻ケース 湿度計・加湿器付き&ターボライター,レザースペイン杉 6本 シガレットケース 携帯便利セット ヒュミドール 旅行 シガーケース 父の日",PIPITA,PIPITA,ファッション > メンズ > バッグ・財布,62279,2,,,8599,はい,2026-02-23以降,5307,6593,標準1,282,中小候補,GO,GO,GO,,,https://www.amazon.co.jp/dp/B0F7H8XRQS,
B,B07GB8S767,Philips(フィリップス) サウンドバー テレビ用 Bluetooth5.4搭載 スピーカー 120Wハイパワー Soundbar Dolby Digita,PHILIPS,Philips(フィリップス),家電＆カメラ > テレビ・レコーダー > ホームシアターシステム,67615,2,,,15800,はい,2026-02-23以降,8688,11980,大型,282,大手/海外疑い,GO,GO,見送り,FBA大型サイズ,,https://www.amazon.co.jp/dp/B07GB8S767,
B,B0C5XJT8VF,GOGlamping G・G PUP 2.0パップテントTC 1人用 【メッシュ/耐熱シート三角窓】 ソロテント ポリコットン【アルミポール+スカート付き】軍幕,GOGlamping,GOGlamping,スポーツ＆アウトドア > アウトドア > テント,64055,2,,,19980,はい,2026-02-23以降,10106,12869,大型,282,中小候補,GO,GO,見送り,FBA大型サイズ,,https://www.amazon.co.jp/dp/B0C5XJT8VF,
B,B08BRGY74W,踏み台 手すり付き 2段 アルミ 屋外 軽量 高齢者 転倒防止 玄関ステップ 滑り止め付き 介護用 ステップ台 iimono117 (2段 両手),iimono117,iimono117,ホーム＆キッチン > 家具 > 廊下・玄関家具,49430,2,,,12380,はい,2026-02-23以降,7245,9127,大型,282,中小候補,GO,GO,見送り,FBA大型サイズ,,https://www.amazon.co.jp/dp/B08BRGY74W,
B,B0C8949KZK,【公式】エアロライフ ステッパー ストレッチステッパー（ レッド ） 静音 負荷調整付き 健康 運動 器具 足踏み 足踏み健康器具 健康足踏み器 トレーニング器,AERO LIFE エアロライフ,エアロライフ(AEROLIFE),スポーツ＆アウトドア > フィットネス・トレーニング > フィットネスマシン,70271,3,,,14382,はい,2026-02-23以降,7664,9675,大型,282,中小候補,NG,GO,見送り,FBA大型サイズ / 回転不足(消化月数>3),,https://www.amazon.co.jp/dp/B0C8949KZK,
B,B07SVZ5DK3,Eyoyo バーコードスキャナー バーコードリーダー EY-2200 (2D),Eyoyo,EYOYO,文房具・オフィス用品 > 店舗・販促用品 > バーコードスキャナー,70961,3,,,19046,はい,2026-02-23以降,11305,14436,標準1,282,中小候補,NG,GO,見送り,回転不足(消化月数>3),,https://www.amazon.co.jp/dp/B07SVZ5DK3,
B,B0FPCCJZ9D,[Rocotto] 【白湯メーカー】purica -ピュリカ- 白湯を自宅で簡単に！ トリハロメタン除去 腸活 ヨガ ダイエット タイマー付き 電気ケトル 調乳,Rocotto（ロコット）,Rocotto（ロコット）,ホーム＆キッチン > 家電 > キッチン家電,169647,2,,,9490,はい,2026-02-23以降,5886,7350,大型,282,中小候補,GO,GO,見送り,FBA大型サイズ,,https://www.amazon.co.jp/dp/B0FPCCJZ9D,
B,B0DD42M4ZF,mooas Wood moon コードレス LED 温湿度 壁掛け時計、時間/曜日/温度/湿度表示、自動調光、木製スタンド付き (幅29.5cm),Mooas,Mooas,ホーム＆キッチン > インテリア > 置き時計・掛け時計,42962,2,,,19227,はい,2026-02-23以降,7311,9213,大型,282,中小候補,NG,GO,見送り,FBA大型サイズ / 回転不足(消化月数>3),,https://www.amazon.co.jp/dp/B0DD42M4ZF,
B,B0CY83N46R,KUSHITANI クシタニ K-3601 ヒップバッグ 5.2L ブラック色,POWER FORCE,KUSHITANI,ファッション > バッグ・スーツケース > ウエストバッグ,177205,2,,,15000,はい,2026-02-23以降,9455,12017,不明,282,中小候補,GO,GO,GO,,,https://www.amazon.co.jp/dp/B0CY83N46R,
B,B0FHD8JHP6,ナイキ、ユニセックス、バーシティエリートバックパック（32L）、ユニバーシティレッド/ブラック/ブラック、ワンサイズ,NIKE(ナイキ),Nike,ファッション > バッグ・スーツケース > スポーツ・フィットネスバッグ,37004,5,,,8090,はい,2026-02-23以降,4976,6160,大型,282,大手/海外疑い,NG,GO,見送り,FBA大型サイズ / 回転不足(消化月数>3),,https://www.amazon.co.jp/dp/B0FHD8JHP6,
B,416391871X,原色 綾瀬はるか 2013ー2024,文藝春秋,文藝春秋,本 > ジャンル別 > タレント写真集,152060,3,,,10824,はい,2026-02-23以降,2292,2650,標準1,282,中小候補,NG,GO,見送り,回転不足(消化月数>3),,https://www.amazon.co.jp/dp/416391871X,
B,B0CM5MGXPN,TAMASHII NATIONS S.H.フィギュアーツ ボディちゃん -スクールライフ- Edition DX SET (Gray Color Ver.) 約,TAMASHII NATIONS,BANDAI SPIRITS(バンダイ スピリッツ),ホビー > フィギュア・コレクタードール,54203,2,,,17110,はい,2026-02-23以降,5992,7602,標準(小型),182,大手/海外疑い,GO,GO,GO,,,https://www.amazon.co.jp/dp/B0CM5MGXPN,
B,B0DQYVJKB3,STEADY バーベルシャフト ストレートシャフト 200cmｼｬﾌﾄ ST129 ベンチプレス 筋トレ器具 スクワット barbell,STEADY,,スポーツ＆アウトドア > フィットネス・トレーニング > 筋力トレーニング,44097,2,,,9190,はい,2026-02-23以降,5691,7095,大型,282,中小候補,GO,GO,見送り,FBA大型サイズ,,https://www.amazon.co.jp/dp/B0DQYVJKB3,
B,B081FJ5KNM,宇崎日新 TENKARA MINI 2715,Uzaki Nissin,宇崎日新,スポーツ＆アウトドア > 釣り > ロッド・アクセサリ,39138,2,,,19360,はい,2026-02-23以降,10600,13450,標準2,332,中小候補,NG,GO,見送り,回転不足(消化月数>3),,https://www.amazon.co.jp/dp/B081FJ5KNM,
B,B0CSD1G627,carpika.net (カーピカネット) コーティング剤 車 Gモード 撥水コーティング 洗車用品 カーシャンプー 1500ml 普通車60回分,carpika.net (カーピカネット),CARPIKA.NET (カーピカネット),車＆バイク > 洗車・お手入れ用品 > エクステリアケア,29768,2,,,9856,はい,2026-02-23以降,3928,4724,標準2,332,中小候補,NG,GO,見送り,回転不足(消化月数>3),,https://www.amazon.co.jp/dp/B0CSD1G627,
B,B00DGLTGD2,WEIMALL オペレーターシート トラクター 交換用座席 汎用 スライダー付き リクライニング 前後調節可能 フォークリフト 重機 運搬車 ユンボ パワーショ,ウェイモール (WEIMALL),WEIMALL,車＆バイク > カーパーツ > 内装パーツ,22682,2,,,8490,はい,2026-02-23以降,5236,6500,不明,282,中小候補,GO,GO,GO,,,https://www.amazon.co.jp/dp/B00DGLTGD2,
B,B079TPLMZ1,ワイエムワールド ハンガーラック 引き出し付き 木製 スリム ブラック×オーク 00-206,ワイエムワールド,ワイエムワールド,ホーム＆キッチン > 家具 > 収納家具,205723,2,,,15500,はい,2026-02-23以降,7778,9824,大型,282,中小候補,GO,GO,見送り,FBA大型サイズ,,https://www.amazon.co.jp/dp/B079TPLMZ1,
B,B08Z7N1MVP,[COACH] [コーチ] 名刺入れ 87731 レディース Im/Taupe free size [並行輸入品],COACH,COACH,ファッション > レディース > バッグ・財布,31429,4,,,13800,はい,2026-02-23以降,6305,8011,標準(小型),182,中小候補,NG,GO,見送り,回転不足(消化月数>3),,https://www.amazon.co.jp/dp/B08Z7N1MVP,
B,B0G4M79F99,GXTRACE オフィスチェア 椅子 デスクチェア ゲーミングチェア ハンガー搭載 可動式独立型ランパーサポート 跳ね上げ式アームレスト 3Dヘッドレスト 通気,GXTRACE,GXTRACE,文房具・オフィス用品 > オフィス家具・収納 > オフィスチェア,24322,2,,,12600,はい,2026-02-23以降,6088,7614,大型,282,中小候補,GO,GO,見送り,FBA大型サイズ,,https://www.amazon.co.jp/dp/B0G4M79F99,
B,B0FPM57DCC,[モンベル] バッグ メンズ レディース ショルダーバッグ ナイロン ベルニナショルダー S 1123895 (ネイビー(NV)),Mont-bell(モンベル),,ファッション > メンズ > バッグ・財布,50129,2,,,9800,はい,2026-02-23以降,5304,6588,標準1,282,中小候補,GO,GO,GO,,,https://www.amazon.co.jp/dp/B0FPM57DCC,
B,B08NJXNLHJ,仁王 Remastered Complete Edition,KT,コーエーテクモゲームス,ゲーム > 機種別 > プレイステーション5,14609,2,,,8271,はい,2026-02-23以降,4221,5286,標準(小型),182,中小候補,GO,GO,GO,,,https://www.amazon.co.jp/dp/B08NJXNLHJ,
B,B09LLPZBR7,【Toffy/トフィー】 スモークレス焼肉ロースター K-SY1 アッシュホワイト 低煙 おうち焼肉 グリル 2WAY 焼き網・平面プレート サイドヒーティング,TOFFY,ラドンナ,ホーム＆キッチン > 家電 > キッチン家電,152976,1,,,19800,はい,2026-02-23以降,6868,8634,大型,282,中小候補,GO,GO,見送り,FBA大型サイズ / 新品オファー数1,,https://www.amazon.co.jp/dp/B09LLPZBR7,
B,B07BNK31BF,[ルースイソンブラ] フットサル VARIOUS バックパック F1814709 ブラック 大容量 約48L,LUZeSOMBRA(ルースイソンブラ),LUZeSOMBRA(ルースイソンブラ),ファッション > バッグ・スーツケース > スポーツ・フィットネスバッグ,30917,5,,,11000,はい,2026-02-23以降,5581,6951,大型,282,中小候補,NG,GO,見送り,FBA大型サイズ / 回転不足(消化月数>3),,https://www.amazon.co.jp/dp/B07BNK31BF,
B,B0BBZ4N3ZQ,タカラトミー(TAKARA TOMY) 『 プラレール いっぱいつなごう 西九州新幹線かもめ 』 電車 列車 おもちゃ 3歳以上 玩具安全基準合格 STマーク認,タカラトミー(TAKARA TOMY),タカラトミー(TAKARA TOMY),おもちゃ > 乗り物おもちゃ > 車両,26084,5,,,8280,はい,2026-02-23以降,4209,5157,標準1,282,大手/海外疑い,NG,GO,見送り,回転不足(消化月数>3),,https://www.amazon.co.jp/dp/B0BBZ4N3ZQ,
B,B0F1S2P3TM,THANKO ハンズフリー背負える日傘 SNTH25CWH ホワイト 暑さ対策 屋外 作業 日傘 遮光 メンズ 男性用 折りたたみ UVカット 白 黒,THANKO,サンコー,ファッション > メンズ > 服＆ファッション小物,79114,3,,,11000,はい,2026-02-23以降,6868,8634,大型,282,中小候補,NG,GO,見送り,FBA大型サイズ / 回転不足(消化月数>3),,https://www.amazon.co.jp/dp/B0F1S2P3TM,
B,B07RQXZM6V,[mrcos] ベル コスプレ衣装 コスチューム メイド服 レディース クリスマス ハロウィン 大人用 L,mrcos,mrcos,ホビー > コスプレ・仮装 > コスチューム,5094,2,,,8580,はい,2026-02-23以降,4255,5217,標準1,282,中小候補,GO,GO,GO,,,https://www.amazon.co.jp/dp/B07RQXZM6V,
B,B0F5HCT61N,[MEI OCEAN] ミッフィー リュック レディース メンズ 大容量 A4 軽量 キャラクター かわいい おしゃれ 通勤 通学 プレゼント バックパック,MEI OCEAN,株式会社サライ,ファッション > バッグ・スーツケース > リュック・バックパック,57976,2,,,11000,はい,2026-02-23以降,5187,6436,大型,282,中小候補,GO,GO,見送り,FBA大型サイズ,,https://www.amazon.co.jp/dp/B0F5HCT61N,
B,B0FBH1KTJF,HOKEEPER ハンガーラック 衣類カバー付属 透明窓付き 防カビ 防虫 耐荷重200KG 家庭/業務用 物干し スタンド 棚付き 縦横伸縮 高さ調節可能(幅,Hokeeper,HOKEEPER,ホーム＆キッチン > 家具 > 廊下・玄関家具,78791,2,,,12500,はい,2026-02-23以降,6624,8315,大型,282,中小候補,GO,GO,見送り,FBA大型サイズ,,https://www.amazon.co.jp/dp/B0FBH1KTJF,
B,B0079RHXVG,パナソニック(Panasonic) フルカラームードスイッチB 片切 白熱灯ライトコントロール ロータリー式 500W WN575159,パナソニック(Panasonic),パナソニック(Panasonic),DIY・工具・ガーデン > 電設 > スイッチ,16958,4,,,10628,はい,2026-02-23以降,3373,4177,標準(小型),182,大手/海外疑い,NG,GO,見送り,回転不足(消化月数>3),,https://www.amazon.co.jp/dp/B0079RHXVG,
B,B0BYJQYX77,Makilight フロアランプ フロアスタンド 木製三脚スタンド フロアライト スタンドライト シンプル風 口金E27 目に優しい 高輝度 照明灯,Makilight,Makilight,ホーム＆キッチン > 家電 > 照明,70928,2,,,8699,はい,2026-02-23以降,4917,6083,大型,282,中小候補,GO,GO,見送り,FBA大型サイズ,,https://www.amazon.co.jp/dp/B0BYJQYX77,
B,B07XV7G2Z9,PEANUTS SNOOPY スヌーピー ラウンドファスナーロングウォレット 長財布 レッド 73053 牛革 イタリアンレザー ユニセックス 男女兼用 (レッ,スヌーピー,,ファッション > メンズ > バッグ・財布,166684,5,,,8500,はい,2026-02-23以降,4953,6243,標準(小型),182,中小候補,NG,GO,見送り,回転不足(消化月数>3),,https://www.amazon.co.jp/dp/B07XV7G2Z9,
B,B0154K6DQK,S660専用スタンド (QBD32 S660専用スタンド単品),Beat-Sonic (ビートソニック),Beat-Sonic,車＆バイク > カーアクセサリ > 携帯電話・スマートフォンアクセサリ,99935,3,,,8140,はい,2026-02-23以降,5009,6203,標準1,282,中小候補,NG,GO,見送り,回転不足(消化月数>3),,https://www.amazon.co.jp/dp/B0154K6DQK,
B,B0FR31DCRM,MODONG ペットカート 2段式 犬 カート ペットかーと折たたみ可能 小型犬 前輪360°回転 後輪ブレーキ付 組み立て簡単 耐荷重20KG 猫 小型犬多頭,MODONG,ZRGD,ペット用品 > 犬 > おでかけ用品,25413,2,,,11880,はい,2026-02-23以降,7053,8877,大型,282,中小候補,GO,GO,見送り,FBA大型サイズ,,https://www.amazon.co.jp/dp/B0FR31DCRM,
B,B0DZXQ495G,[NANGA] エコパック UR ボディーバッグ ECOPAK UR BODY BAG N25023N301Z OLV OLV ボディバッグ,Nanga(ナンガ),ナンガ,ファッション > メンズ > バッグ・財布,183471,2,,,10780,はい,2026-02-23以降,5953,7438,標準1,282,中小候補,GO,GO,GO,,,https://www.amazon.co.jp/dp/B0DZXQ495G,
B,B0F53K82LR,[エースジーン] ビジネスバッグ A4サイズ収納可能 14.0インチPC対応 1気室 【ラグレンティス ビズ】 セットアップ機能 トートバッグ 18ポケット N,ace.GENE(エースジーン),,ファッション > バッグ・スーツケース > ビジネスバッグ,74344,3,,,14630,はい,2026-02-23以降,9227,11719,大型,282,中小候補,NG,GO,見送り,FBA大型サイズ / 回転不足(消化月数>3),,https://www.amazon.co.jp/dp/B0F53K82LR,
B,B0DLL29FXD,adidas レアル･マドリード 25/26 ホームユニフォーム,adidas(アディダス),アディダス,スポーツ＆アウトドア > スポーツファンショップ > サッカー,52977,5,,,9240,はい,2026-02-23以降,5724,7138,標準1,282,大手/海外疑い,NG,GO,見送り,回転不足(消化月数>3),,https://www.amazon.co.jp/dp/B0DLL29FXD,
B,B00009WNV9,HP 12c Platinum 金融電卓,HP,ヒューレット・パッカード(HP),文房具・オフィス用品 > オフィス機器 > 電卓,43161,2,,,15800,はい,2026-02-23以降,7344,9257,標準1,282,中小候補,GO,GO,GO,,,https://www.amazon.co.jp/dp/B00009WNV9,
B,B09QKKY6YP,[ショット] ONE STAR KEY CASE/ワンスター キーケース 3129105 メンズ F 009 BLACK,Schott NYC,Schott NYC(ショット エヌワイシー),ファッション > メンズ > バッグ・財布,248768,6,,,8500,はい,2026-02-23以降,5258,6642,標準(小型),182,中小候補,NG,GO,見送り,回転不足(消化月数>3),,https://www.amazon.co.jp/dp/B09QKKY6YP,
B,B0BJ8FQJ87,BILLROAD チャイルドプルーフドアロック - 子供用安全トップドアロック 丈夫な金属製 | 調節可能なロック 子供用安全トップロック 厚さ0.8~2インチ,BILLROAD,BILLROAD,ベビー＆マタニティ > セーフティー > ドアロック・ストッパー,7599,3,,,9070,はい,2026-02-23以降,4773,5895,標準1,282,中小候補,NG,GO,見送り,回転不足(消化月数>3),,https://www.amazon.co.jp/dp/B0BJ8FQJ87,
B,B0D49JPB5L,プリンストン 超小型 SSD 外付け 250GB コンパクト ポータブル USB3.2 Gen2 PC Mac PS5 PS4 PHD-USSD-250G,プリンストン,プリンストン,パソコン・周辺機器 > 外付けドライブ・ストレージ > 外付SSD,40379,3,,,9196,はい,2026-02-23以降,5596,7706,標準(小型),182,中小候補,NG,GO,見送り,回転不足(消化月数>3),,https://www.amazon.co.jp/dp/B0D49JPB5L,
B,B0DB8R1M5T,Microplane プロフェッショナルシリーズ キッチンおろし金 チーズ、ニンジン、ジンジャー、ココナッツ、ナッツ、西洋わさび用 ステンレススチールブレード付,マイクロプレイン(Microplane),Microplane,ホーム＆キッチン > キッチン用品 > 調理・製菓道具,126755,2,,,11432,はい,2026-02-23以降,7148,9001,標準1,282,中小候補,GO,GO,GO,,,https://www.amazon.co.jp/dp/B0DB8R1M5T,
B,B0FNRBCP1L,Maydolly シューズボックス シューズラック 木製 おしゃれ 靴箱 玄関収納 幅65cm カビ対策 通気 引き出し付き 下駄箱 大容量 靴入れ 扉 靴 く,Maydolly,Ｍａｙｄｏｌｌｙ,ホーム＆キッチン > 家具 > 廊下・玄関家具,43665,2,,,9880,はい,2026-02-23以降,4962,6141,大型,282,中小候補,GO,GO,見送り,FBA大型サイズ,,https://www.amazon.co.jp/dp/B0FNRBCP1L,
B,B0F8J4VR8R,WOWQ ベッドテーブル キャスター付き 高さ調整55-85cm 横幅調整140-200cm オーバーテーブル 移動はスムーズ ベッドサイドテーブル 机の幅は広,WOWQ,WOWQ,ホーム＆キッチン > 家具 > リビングルーム家具,86402,2,,,11603,はい,2026-02-23以降,7094,8929,大型,282,中小候補,GO,GO,見送り,FBA大型サイズ,,https://www.amazon.co.jp/dp/B0F8J4VR8R,
B,B0CQPLSBGP,オーバーサングラス メンズ 眼鏡の上から 偏光レンズ UV400 アジアンフィット ドライブ 釣り エーフィット AF-OS13,A-FIT（エーフィット）,株式会社トライ・アングル,スポーツ＆アウトドア > スポーツケア・アクセサリ・競技備品 > スポーツアクセサリー,35346,2,,,9900,はい,2026-02-23以降,6253,7943,標準(小型),182,中小候補,NG,GO,見送り,回転不足(消化月数>3),,https://www.amazon.co.jp/dp/B0CQPLSBGP,
B,B09L19J52D,beyerdynamic MMX 100 Grey 密閉型 3.5mmアナログゲーミングヘッドセット 有線 マイク付き,ベイヤーダイナミック,beyerdynamic,パソコン・周辺機器 > PCアクセサリ・サプライ > PCゲーミングアクセサリ,17102,2,,,8280,はい,2026-02-23以降,5100,6901,標準1,282,中小候補,GO,GO,GO,,,https://www.amazon.co.jp/dp/B09L19J52D,
B,B07DB4ML7C,G&G バイオBB弾 0.25g 1KG 4000shot ホワイト G-07-126 (3袋セット),G&G ARMAMENT,G&G ARMAMENT,ホビー > エアガン・モデルガン > BB弾,44360,2,,,8550,はい,2026-02-23以降,1910,2086,標準2,332,中小候補,GO,GO,GO,,,https://www.amazon.co.jp/dp/B07DB4ML7C,
B,B0BPBK3RKR,TIRYIUOU リングベンダーツール、ナイロンダイ付きリングメーカーキット、ジュエリー製作用スプーンイヤリング曲げ機,TIRYIUOU,TIRYIUOU,ホビー > 手芸・画材 > ビーズ・レジン・アクセサリ,77742,7,,,8000,はい,2026-02-23以降,4725,5767,標準2,332,中小候補,NG,GO,見送り,新品オファー数7 / 回転不足(消化月数>3),,https://www.amazon.co.jp/dp/B0BPBK3RKR,
B,B0FF69Q7DG,Munchkin Lulla-Vibe 振動パッド ベビーベッドマットレス バシネット ベビーカー 赤ちゃんと乳児のお昼寝補助 充電式 ライトブルー,Munchkin,Munchkin,ベビー＆マタニティ > インテリア・デコレーション > 寝かしつけ用おもちゃ,6572,3,,,13075,はい,2026-02-23以降,3385,4080,標準1,282,中小候補,NG,GO,見送り,回転不足(消化月数>3),,https://www.amazon.co.jp/dp/B0FF69Q7DG,
B,B0BBV95ZRV,HUAWEI Mobile WiFi 3 ポケットWiFi 300Mbps 高速LTE切替式デュアルバンド 3000mAh バッテリー 手のひらサイズ HUAW,HUAWEI(ファーウェイ),HUAWEI,パソコン・周辺機器 > 無線LAN・ネットワーク機器 > モバイルルーター,20512,4,,,12800,はい,2026-02-23以降,7410,10273,標準(小型),182,中小候補,NG,GO,見送り,回転不足(消化月数>3),,https://www.amazon.co.jp/dp/B0BBV95ZRV,
B,B0BNYBCNK5,"[Korlexchi] 腕時計メタルバンドメンズ Casio対応 カシオ対応 G-SHOCK対応 MTG-B1000 MTG B1000 時計ストラップ, 31",Korlexchi,Korlexchi,ファッション > ケア用品・工具・時計バンド > 時計アクセサリー,269074,2,,,9736,はい,2026-02-23以降,5638,7025,標準1,282,大手/海外疑い,GO,GO,GO,,,https://www.amazon.co.jp/dp/B0BNYBCNK5,
B,B07X45KJ7F,ロックマン ゼロ&ゼクス ダブルヒーローコレクション -Switch,カプコン(CAPCOM),カプコン,ゲーム > 機種別 > Nintendo Switch,11009,2,,,11257,はい,2026-02-23以降,5928,7518,標準(小型),182,中小候補,GO,GO,GO,,,https://www.amazon.co.jp/dp/B07X45KJ7F,
B,B0BXX1Z4GR,(ザ・ノースフェイス) THE NORTH FACE MINI SHOT バックパック リュック (BLACK(NM2DP02A)) [並行輸入品],THE NORTH FACE,,ファッション > バッグ・スーツケース > リュック・バックパック,104800,6,,,12300,はい,2026-02-23以降,7118,8961,標準1,282,中小候補,NG,GO,見送り,回転不足(消化月数>3),,https://www.amazon.co.jp/dp/B0BXX1Z4GR,
B,B0F8HDKZ3D,SoundsGood Ehecatl エカトル ハンドメイド リケーブル 金メッキ 銀メッキ 高純度 単結晶銅 OCC ハイブリッド 混合線 イヤホン アップグ,SG,SG,家電＆カメラ > イヤホン・ヘッドホン > リケーブル,81861,2,,,17800,はい,2026-02-23以降,8398,11672,標準(小型),182,中小候補,GO,GO,GO,,,https://www.amazon.co.jp/dp/B0F8HDKZ3D,
B,B0DK6J28FJ,MILESTO H?tte Wフラップバックパック ダークグレー MLS942-DGY,milesto(ミレスト),milesto(ミレスト),ファッション > バッグ・スーツケース > リュック・バックパック,87694,4,,,12650,はい,2026-02-23以降,7583,9569,大型,282,中小候補,NG,GO,見送り,FBA大型サイズ / 回転不足(消化月数>3),,https://www.amazon.co.jp/dp/B0DK6J28FJ,
B,B0F5GNS241,フロント 牽引フック JB64 JB74 シーエルリンク (グレー),シーエルリンク,シーエルリンク,車＆バイク > カーキャリア・ルーフボックス > 牽引製品・ウインチ,71084,2,,,16500,はい,2026-02-23以降,10443,13309,不明,282,中小候補,NG,GO,見送り,回転不足(消化月数>3),,https://www.amazon.co.jp/dp/B0F5GNS241,
B,B0D5Y8QZ1B,WOWQ ベッドテーブル キャスター付き 昇降式 高さ調整55-85cm 横幅調整140-200cm ベッドサイドテーブル オーバーベッドテーブル 介護テーブル,WOWQ,WOWQ,ホーム＆キッチン > 家具 > リビングルーム家具,86402,2,,,15980,はい,2026-02-23以降,7196,9064,大型,282,中小候補,GO,GO,見送り,FBA大型サイズ,,https://www.amazon.co.jp/dp/B0D5Y8QZ1B,
B,B0FBG5QR5J,[グレゴリー] トレッキング バックパック リュック レトナ25 メサブラウン ワンサイズ 150948D789,Gregory,グレゴリー,ファッション > バッグ・スーツケース > リュック・バックパック,36919,5,,,17820,はい,2026-02-23以降,8040,10167,大型,282,中小候補,NG,GO,見送り,FBA大型サイズ / 回転不足(消化月数>3),,https://www.amazon.co.jp/dp/B0FBG5QR5J,
B,B0DB67MH48,"TOP WING Static Eraser ""Modern"" 除電機能付きシェルリング",TOP WING,TOP WING,家電＆カメラ > テレビ・レコーダー > アクセサリ,50489,5,,,13200,はい,2026-02-23以降,7969,11064,標準(小型),182,中小候補,NG,GO,見送り,回転不足(消化月数>3),,https://www.amazon.co.jp/dp/B0DB67MH48,
B,B09DG3JVZV,光る! まわる! カラフルライトできみはスター! おうちでアンパンマンカラオケ 【日本おもちゃ大賞2022 共遊玩具部門 優秀賞】(対象年齢:3歳以上),BANDAI,バンダイ(BANDAI),おもちゃ > 電子玩具・キッズ家電 > カラオケ,23059,5,,,12700,はい,2026-02-23以降,4060,4962,大型,282,大手/海外疑い,NG,GO,見送り,FBA大型サイズ / 回転不足(消化月数>3),,https://www.amazon.co.jp/dp/B09DG3JVZV,
B,B000J7N4DO,石井めぐみ―そっと (1982年) (激写文庫),,,本 > ジャンル別 > アート・建築・デザイン,164018,2,,,10249,はい,2026-02-23以降,4693,5903,標準(小型),182,中小候補,GO,GO,GO,,,https://www.amazon.co.jp/dp/B000J7N4DO,
B,B005B7EUQM,ドラゴンクエスト25周年記念 ファミコン&スーパーファミコン ドラゴンクエストI・II・III(復刻版攻略本「ファミコン神拳」(書籍全130ページ)他同梱)(初,スクウェア・エニックス(SQUARE ENIX),スクウェア・エニックス,ゲーム > 機種別 > レガシーシステム,9048,3,,,9800,はい,2026-02-23以降,6088,7614,標準1,282,中小候補,NG,GO,見送り,回転不足(消化月数>3),,https://www.amazon.co.jp/dp/B005B7EUQM,
B,B07DG1VD1H,タチバナ製作所 二重コンロ TS-210 下枠セット（種火無） LPガス,タチバナ(TACHIBANA),タチバナ製作所,産業・研究開発用品 > 飲食店舗用品 > 業務用厨房機器,22813,3,,,14200,はい,2026-02-23以降,8533,10812,不明,282,中小候補,NG,GO,見送り,回転不足(消化月数>3),,https://www.amazon.co.jp/dp/B07DG1VD1H,
B,B0B141B35Q,AbuGarcia (アブガルシア) 黒船 エギタコ 船タコ KETC-91-165XH 9:1極先調子 船竿 釣竿 タコ,AbuGarcia (アブガルシア),ピュア・フィッシング・ジャパン,スポーツ＆アウトドア > 釣り > ロッド・アクセサリ,87232,6,,,13568,はい,2026-02-23以降,8212,10391,大型,282,中小候補,NG,GO,見送り,FBA大型サイズ / 回転不足(消化月数>3),,https://www.amazon.co.jp/dp/B0B141B35Q,
B,B01N7TFS0Y,AbuGarcia (アブガルシア) BLUEMAX船3-L 左巻き 船釣り パワーハンドル 両軸リール ベイトリール,AbuGarcia (アブガルシア),アブガルシア(Abu Garcia),スポーツ＆アウトドア > 釣り > リール・アクセサリ,43535,3,,,8100,はい,2026-02-23以降,2721,3211,標準1,282,中小候補,NG,GO,見送り,回転不足(消化月数>3),,https://www.amazon.co.jp/dp/B01N7TFS0Y,
B,B0F9WJN587,TOP WING Static Eraser “Direct” 除電機能付きシェルリング,TOP WING,TOP WING,家電＆カメラ > テレビ・レコーダー > アクセサリ,50388,6,,,13200,はい,2026-02-23以降,7969,11064,標準(小型),182,中小候補,NG,GO,見送り,回転不足(消化月数>3),,https://www.amazon.co.jp/dp/B0F9WJN587,
B,B0C813ZRPK,ラディウス radius HP-T250BT ノイズキャンセリング搭載 完全ワイヤレスイヤホン : Bluetooth対応 フルワイヤレス ANC 外音取り込み,ラディウス,ラディウス,家電＆カメラ > イヤホン・ヘッドホン > イヤホン・ヘッドホン本体,22484,5,,,8116,はい,2026-02-23以降,1755,2269,標準(小型),182,中小候補,NG,GO,見送り,回転不足(消化月数>3),,https://www.amazon.co.jp/dp/B0C813ZRPK,
B,B0CLRPMX59,Rytaki Pro Surface Pen Windowsスタイラス Microsoft用 – Surface Pro 7/8/9/X/6/5/4ペン Sur,Rytaki Pro,Rytaki Pro,パソコン・周辺機器 > PCアクセサリ・サプライ > タブレットアクセサリ,67157,2,,,11215,はい,2026-02-23以降,6480,8958,標準(小型),182,中小候補,GO,GO,GO,,,https://www.amazon.co.jp/dp/B0CLRPMX59,
B,B09V9XP3KK,未来工業 TOR-CV2HS トリッパーCV大径用 ケースセット 補助ハンドル付,ノーブランド品,未来工業,DIY・工具・ガーデン > 大工道具・用品 > 切断工具,78472,3,,,13793,はい,2026-02-23以降,-235,-654,標準1,282,中小候補,NG,NG,見送り,回転不足(消化月数>3) / 最安値で黒字化不能,,https://www.amazon.co.jp/dp/B09V9XP3KK,
B,B0GKH75BTV,LIKIMIO ダイニングテーブルセット 5 点セット 折りたたみ式食卓机 円卓角卓交換可能,LIKIMIO,LIKIMIO,ホーム＆キッチン > 家具 > ダイニングルーム家具,52068,2,,,18999,はい,2026-02-23以降,8784,11140,大型,282,中小候補,GO,GO,見送り,FBA大型サイズ,,https://www.amazon.co.jp/dp/B0GKH75BTV,
B,B0CZ744PWM,[JIMSHUINIO] フロアスタンド アーチ型 北欧 フロアライト フロアランプ 照明器具 置き型 リモコン スタンドライト LED電球付き モコン操作 大,JIMSHUINIO,SIMCAT,ホーム＆キッチン > 家電 > 照明,166247,2,,,14980,はい,2026-02-23以降,8676,10998,大型,282,中小候補,GO,GO,見送り,FBA大型サイズ,,https://www.amazon.co.jp/dp/B0CZ744PWM,
B,B0FNMV1RHK,[モンベル] バッグ メンズ レディース ショルダーバッグ ナイロン ベルニナショルダー S 1123895 (ブラック25(BK25)),Mont-bell(モンベル),,ファッション > メンズ > バッグ・財布,50193,2,,,9349,はい,2026-02-23以降,5111,6337,標準1,282,中小候補,GO,GO,GO,,,https://www.amazon.co.jp/dp/B0FNMV1RHK,
B,B0DPWXTGWZ,UEWIT シーリングライト4灯 ペンダントライト 700LM LED電球付き 調光 調色 スポットライト 北欧 おしゃれ 6畳 8畳 ホワイト,UEWIT,UEWIT,ホーム＆キッチン > 家電 > 照明,45981,2,,,9723,はい,2026-02-23以降,5751,7109,標準2,332,中小候補,GO,GO,GO,,,https://www.amazon.co.jp/dp/B0DPWXTGWZ,
B,B08ZC7V557,流し台 屋外 【アルミフレーム ステンレスシンク】 幅50cm おしゃれ 錆びにくい ガーデンシンク ベランダ 庭 簡易流し台 iimono117,iimono117,Bandiera,DIY・工具・ガーデン > ガーデン > ガーデンファニチャー,33380,3,,,10580,はい,2026-02-23以降,6211,7775,大型,282,中小候補,NG,GO,見送り,FBA大型サイズ / 回転不足(消化月数>3),,https://www.amazon.co.jp/dp/B08ZC7V557,
B,B0CY1RWH3X,[Ｗｈａｔｎａ] アンティーク風合い鞣し天 然 牛 革 ワンショルダーメンズ 3way 斜めがけ 肩掛けミニボディバッグ 胸バッグ 本革 厚手 レザー13617,Ｗｈａｔｎａ,,ファッション > メンズ > バッグ・財布,93737,2,,,16888,いいえ,繰越(境界後の記録なし),10695,13638,標準1,282,中小候補,GO,GO,GO,,,https://www.amazon.co.jp/dp/B0CY1RWH3X,
B,B0DMM3LSXC,[ショコラシュクレ] スクールバッグ 合皮 高校生 女子 カメオ ロゴ 型押 通学 革 スクバ 大容量 女子高生 大きめ 学生 軽量 CH-G10 (黒),Chocola Sucre(ショコラシュクレ),ChocolaSucre (ショコラシュクレ),ファッション > バッグ・スーツケース > キッズバッグ・財布,99646,3,,,8800,はい,2026-02-23以降,5094,6315,大型,282,中小候補,NG,GO,見送り,FBA大型サイズ / 回転不足(消化月数>3),,https://www.amazon.co.jp/dp/B0DMM3LSXC,
B,B096R5W4HX,【整備済み品】 Apple Magic Mouse 2 MRME2J/A スペースグレー,Apple(アップル),Apple Computer,パソコン・周辺機器 > キーボード・マウス・入力機器 > マウス,40753,6,,,14800,はい,2026-02-23以降,9438,13144,標準(小型),182,大手/海外疑い,NG,GO,見送り,回転不足(消化月数>3),,https://www.amazon.co.jp/dp/B096R5W4HX,
B,B07J25FZXB,オイルメディ10 希釈済み20L 水系油処理剤 油分散剤 アスファルトの染み抜き 鉱物油対象 (希釈済),オイルメディ,ワイエスピー株式会社,産業・研究開発用品 > 衛生・清掃用品 > 業務用洗剤,17861,2,,,11165,はい,2026-02-23以降,5795,7231,不明,282,中小候補,GO,GO,GO,,,https://www.amazon.co.jp/dp/B07J25FZXB,
B,B079SD849G,[ベルメゾン] キッチンラック ゴミ箱上 伸縮 ラック 幅25～35,BELLE MAISON(ベルメゾン),ベルメゾン,ホーム＆キッチン > 収納用品 > キッチン収納,58960,2,,,9990,はい,2026-02-23以降,5562,6926,大型,282,中小候補,GO,GO,見送り,FBA大型サイズ,,https://www.amazon.co.jp/dp/B079SD849G,
B,B00CB60G3C,WEIMALL 電動ウインチ 100V 家庭用 リモコン付き 電動ホイスト 最大能力200kg ウインチ クレーン A20A-diy02,ウェイモール (WEIMALL),WEIMALL,産業・研究開発用品 > 物流・保管用品 > ウィンチ・ウィンチアクセサリ,12533,2,,,12900,はい,2026-02-23以降,8046,10175,不明,282,中小候補,NG,GO,見送り,回転不足(消化月数>3),,https://www.amazon.co.jp/dp/B00CB60G3C,
B,B0BYYH1BCX,[Hefiona] ボストンキャリー 2way キャスターバッグ 200L キャリーバッグ 折りたたみ 大容量 3輪 撥水加工 トロリーバッグ メンズ レディー,Hefiona,Hefiona,ファッション > バッグ・スーツケース > スーツケース・トラベルバッグ,38968,2,,,12778,はい,2026-02-23以降,6723,8445,不明,282,中小候補,GO,GO,GO,,,https://www.amazon.co.jp/dp/B0BYYH1BCX,
B,B00FEAZT9S,データシステム(Data System) テレビキャンセラー テレビキット オートタイプ 日産/三菱ディーラーオプションナビ用 NTA584,データシステム(Data System),データシステム(Data System),車＆バイク > カーナビ・カーエレクトロニクス > 車載モニターアクセサリ,16978,2,,,13190,はい,2026-02-23以降,4886,6043,標準1,282,中小候補,GO,GO,GO,,,https://www.amazon.co.jp/dp/B00FEAZT9S,
B,B0F13ZKXC6,[ タケオキクチ ] リュック 【大容量/ONOFF】ラージキャパシティー バックパック G8701360 メンズ ネイビー(094) 00(FREE),TAKEO KIKUCHI(タケオキクチ),,ファッション > バッグ・スーツケース > リュック・バックパック,74264,3,,,14080,はい,2026-02-23以降,7954,10055,大型,282,中小候補,NG,GO,見送り,FBA大型サイズ / 回転不足(消化月数>3),,https://www.amazon.co.jp/dp/B0F13ZKXC6,
B,B0DC35FPM3,Thalia Capos Mother of Pearl カポタスト Shellシリーズ タリアカポ,Thalia,Thalia,楽器・音響機器 > ギター > ギターアクセサリ,14458,4,,,16720,はい,2026-02-23以降,7462,9524,標準(小型),182,中小候補,NG,GO,見送り,回転不足(消化月数>3),,https://www.amazon.co.jp/dp/B0DC35FPM3,
B,B07YCRMWS8,セイコークロック(Seiko Clock) 置き時計 茶木目模様 本体サイズ:11.4×23×4.8cm 【名入れ・包装】覚まし時計 電波 交流式 デジタル マ,Seiko,セイコークロック(Seiko Clock),ホーム＆キッチン > インテリア > 置き時計・掛け時計,114887,2,,,14980,いいえ,繰越(境界後の記録なし),9455,12017,標準1,282,大手/海外疑い,GO,GO,GO,,,https://www.amazon.co.jp/dp/B07YCRMWS8,
B,B0BNHTYQWT,ペットゲート 置くだけ 木製 折りたたみ 自立式 幅調整OK 最大202cm 高さ60cm 犬 猫 室内用 ペットフェン iimono117,iimono117,iimono117,ベビー＆マタニティ > セーフティー > ベビーゲート,11333,2,,,9580,いいえ,繰越(境界後の記録なし),5945,7427,大型,282,中小候補,GO,GO,見送り,FBA大型サイズ,,https://www.amazon.co.jp/dp/B0BNHTYQWT,
B,B0DXKGWW2H,[カステルバジャック] 小銭入れ コインケース キーケース カードケース カード入れ ラウンドファスナー メンズ 065631 マドレーヌ 天赦日限定 カジュア,CASTELBAJAC(カステルバジャック),カステルバジャック,ファッション > メンズ > バッグ・財布,66262,3,,,13810,はい,2026-02-23以降,8694,11022,標準1,282,中小候補,NG,GO,見送り,回転不足(消化月数>3),,https://www.amazon.co.jp/dp/B0DXKGWW2H,
B,B07G235TD6,10本 オレゴン 純正ソーチェーン 25AP-60E チェーンソー 替刃 25AP060E 【ハスクバーナ互換品番: H00-60E】,オレゴン(Oregon),Oregon(オレゴン),DIY・工具・ガーデン > 電動工具・エア工具 > 電動工具パーツ・アクセサリ,35986,5,,,19400,はい,2026-02-23以降,12201,15609,不明,282,中小候補,NG,GO,見送り,回転不足(消化月数>3),,https://www.amazon.co.jp/dp/B07G235TD6,
B,B0FDKWGGLJ,"Genmitsu レーザー彫刻機 Kortek 2.5W ±0.01mm 高精度 200x150mm ポータブル彫刻機 DIY 木材、革、紙、葉、繊維用,レーザ",Genmitsu,Genmitsu,DIY・工具・ガーデン > 電動工具・エア工具 > 切削工具,37872,2,,,16646,はい,2026-02-23以降,10487,13303,標準2,332,中小候補,GO,GO,GO,,,https://www.amazon.co.jp/dp/B0FDKWGGLJ,
B,B09FXD4DLL,[COACH] HC8332D,COACH,,ファッション > レディース > 服＆ファッション小物,61940,2,,,15323,はい,2026-02-23以降,8331,10661,標準(小型),182,中小候補,NG,GO,見送り,回転不足(消化月数>3),,https://www.amazon.co.jp/dp/B09FXD4DLL,
B,B01EWLK71Y,アイリスオーヤマ ボックス ベッド下 4個セット 幅46×奥行95×高さ16.5cm ナチュラル UB-950,アイリスオーヤマ(IRIS OHYAMA),アイリスオーヤマ(IRIS OHYAMA),ホーム＆キッチン > 収納用品 > 収納ケース・ボックス,18288,4,,,8980,はい,2026-02-23以降,5555,6917,大型,282,大手/海外疑い,NG,GO,見送り,FBA大型サイズ / 回転不足(消化月数>3),,https://www.amazon.co.jp/dp/B01EWLK71Y,
B,B0DHRY45SQ,"【整備済み品】Western Digital ウエスタンデジタル WD Red Plus 内蔵HDD 1TB CMR 3.5インチ, SATA 5400rpm,",ウエスタンデジタル(Western Digital),Western Digital,パソコン・周辺機器 > PCパーツ > 内蔵ハードディスク,37373,2,,,10800,はい,2026-02-23以降,5762,7839,標準1,282,中小候補,GO,GO,GO,,,https://www.amazon.co.jp/dp/B0DHRY45SQ,
B,B0C9TSZDQ1,IMIEE 本棚 突っ張り つっぱりラック つっぱり棚 突っ張りラック 収納棚 壁面収納 ウォールラック 大容量 スリム コミックラック 薄型 シェルフ 収納 ,IMIEE,IMIEE,ホーム＆キッチン > 家具 > リビングルーム家具,118672,2,,,17980,はい,2026-02-23以降,9651,12274,大型,282,中小候補,GO,GO,見送り,FBA大型サイズ,,https://www.amazon.co.jp/dp/B0C9TSZDQ1,
B,B07QTSSCHW,ショウエイ(SHOEI) GT-AirII (ジーティー - エアー ツー) 内装セット Size M -,ショウエイ(Shoei),ショウエイ(Shoei),車＆バイク > ヘルメットパーツ・アクセサリ > インナー・パッド,12276,2,,,14300,はい,2026-02-23以降,8920,11317,標準1,282,中小候補,GO,GO,GO,,,https://www.amazon.co.jp/dp/B07QTSSCHW,
B,B0G4B5RD3L,KALELAISU 業務用スタンドミキサー 卓上ミキサー スタンドミキサー 5.5L大容量 ダブル攪拌フック同時作動設計 99分タイマー機能 4種類ア,KALELAISU,KALELAISU,ホーム＆キッチン > 家電 > キッチン家電,85794,2,,,18999,はい,2026-02-23以降,12067,15433,大型,282,中小候補,GO,GO,見送り,FBA大型サイズ,,https://www.amazon.co.jp/dp/B0G4B5RD3L,
B,B086T46P9H,Helinox(ヘリノックス) チェアワン ミニ 1822227 コヨーテタン/ブラウン(CTNB),ヘリノックス(Helinox),ヘリノックス(Helinox),スポーツ＆アウトドア > アウトドア > テーブル・チェア・ハンモック,68986,2,,,11500,はい,2026-02-23以降,7112,8953,標準1,282,中小候補,NG,GO,見送り,回転不足(消化月数>3),,https://www.amazon.co.jp/dp/B086T46P9H,
B,B01MRBBIRI,KOJO 2極アース線付 電源ケーブル Medusa P / 2m KS0P,KOJO,KOJO,家電＆カメラ > オーディオ > ホームオーディオアクセサリ,38722,6,,,8316,はい,2026-02-23以降,3410,4509,標準1,282,中小候補,NG,GO,見送り,回転不足(消化月数>3),,https://www.amazon.co.jp/dp/B01MRBBIRI,
